0x0	0xa2
0x0	0xe
0x4a	0x82
0x4a	0x7a2d
0x82	0x86
0x82	0x87
0x16d	0x13c3b
0x16d	0xe
0x17c	0x188
0x17c	0x7a7a
0x188	0x7a9d
0x188	0x19a
0x1ae	0x1c1
0x1ae	0x7ae3
0x1c1	0x1d3
0x1c1	0x7b06
0x1d3	0x1e5
0x1d3	0x7b29
0x1e5	0x1e1dB0x1e5
0x20a	0x1e4eB0x20a
0x42b	0x4cc
0x42b	0x431
0x439	0x2063B0x439
0x475	0x204fB0x475
0x4f1	0x431
0x533	0x53f
0x533	0x7c95
0x53f	0x551
0x53f	0x7cb8
0x551	0x1e4eB0x551
0x57e	0x589
0x57e	0x7cfe
0x5b8	0x1e7cB0x5b8
0x6b8	0x6c3
0x6b8	0x7d67
0x6f2	0x6fd
0x6f2	0x7dad
0x735	0x740
0x735	0x7df3
0x778	0x784
0x778	0x7e39
0x784	0x795
0x784	0x7e5c
0x795	0x7a6
0x795	0x7e7f
0x7a6	0x7b7
0x7a6	0x7ea2
0x7b7	0x7c7
0x7b7	0x7ec5
0x7c7	0x32d5B0x7c7
0x7ec	0x802
0x7ec	0x7f0b
0x802	0x80f
0x802	0x7f2e
0x80f	0x2cbeB0x80f
0x913	0x920
0x913	0x1223
0x920	0x921
0x929	0x204fB0x929
0xa67	0x2063B0xa67
0xa8f	0x7fe3
0xa8f	0xab8
0xc66	0xd01
0xc66	0xc6c
0xd25	0xc6c
0xd78	0xd37
0xe0e	0x33ceB0xe0e
0xe1f	0x33ceB0xe1f
0xe4e	0x1186
0xe4e	0xe60
0xf22	0xf3e
0xf22	0x81ae
0xf3e	0xfd5
0xf3e	0x81fa
0xfd5	0x1ec8B0xfd5
0x10cd	0x10db
0x10cd	0x10d4
0x1174	0xed9
0x12aa	0x1eedB0x12aa
0x12dd	0x12e8
0x12dd	0x828d
0x1317	0x1323
0x1317	0x82d3
0x1323	0x1336
0x1323	0x82f6
0x1336	0x1309b
0x134e	0x1359
0x134e	0x833c
0x1359	0x130c2
0x1368	0x1374
0x1368	0x8382
0x1374	0x1386
0x1374	0x83a5
0x1386	0x1395
0x1386	0x83c8
0x1395	0x248cB0x1395
0x13a8	0x13b3
0x13a8	0x840e
0x13b3	0x32d5B0x13b3
0x141a	0x1494
0x141a	0x1420
0x14b8	0x14e2
0x14b8	0x84a1
0x14e2	0x1420
0x1515	0x1521
0x1515	0x84e7
0x1521	0x1533
0x1521	0x850a
0x1533	0x852d
0x1533	0x153e
0x1552	0x1561
0x1552	0x8573
0x1561	0x157b
0x1583	0x1f42B0x1583
0x15e9	0x15f5
0x15e9	0x85b9
0x15f5	0x85dc
0x15f5	0x1607
0x161c	0x162a
0x161c	0x8622
0x162a	0x32d5B0x162a
0x1681	0x21a2B0x1681
0x1770	0x17e4
0x1770	0x1776
0x1808	0x1776
0x1929	0x17e4
0x1929	0x192f
0x197e	0x198a
0x197e	0x8702
0x198a	0x8725
0x198a	0x199c
0x19af	0x19c4
0x19af	0x876b
0x19c4	0x2078B0x19c4
0x1a68	0x1e7cB0x1a68
0x1a81	0x1a8d
0x1a81	0x87d4
0x1a8d	0x87f7
0x1a8d	0x1aba
0x1b22	0x1b2e
0x1b22	0x883d
0x1b2e	0x8860
0x1b2e	0x1b40
0x1b54	0x1b67
0x1b54	0x88a6
0x1b67	0x1b79
0x1b67	0x88c9
0x1b79	0x1b8b
0x1b79	0x88ec
0x1b8b	0x1e1dB0x1b8b
0x1bad	0x1e4eB0x1bad
0x1c3a	0x2523B0x1c3a
0x1dab	0x1de9
0x1dab	0x1db1
0x1db9	0x204fB0x1db9
0x1e0e	0x1db1
0x3cba	0x3cc4
0x3cba	0x3cca
0x3cc4	0x3c77
0x1f610x5b2	0x12e61
0xa2	0x13c71
0xa2	0xb2
0x87	0x1f42B0x87
0xe	0x15
0xe	0x18
0x1f2	0x20a
0x1f2	0x7b4c
0x217	0x2566B0x217
0x222	0x7b6f
0x222	0x22e
0x23e	0x20d6B0x23e
0x248	0x201cB0x248
0x253	0x3659B0x253
0x25e	0x204fB0x25e
0x268	0x3685B0x268
0x271	0x2078B0x271
0x27f	0x3770B0x27f
0x28a	0x1f09B0x28a
0x298	0x2523B0x298
0x2a5	0x2f5
0x2f5	0x1ec8B0x2f5
0x2cd6	0x2cbeB0x2cd6
0x120	0x13c50
0x120	0x12b
0x35c	0x1ec8B0x35c
0x374	0x1ec8B0x374
0x3ad	0x2d22B0x3ad
0x3c6	0x2dcfB0x3c6
0x3df	0x42b
0x3df	0x7bbb
0x4cc	0x4f8
0x4cc	0x4db
0x46f	0x475
0x46f	0x7c2c
0x12df0	0x3259B0x12df0
0x486	0x1f42B0x486
0x494	0x2eceB0x494
0x4f8	0x4db
0x4e8	0x4f1
0x4e8	0x7c4f
0x431	0x439
0x431	0x7be5
0x4db	0x1f42B0x4db
0x12e3b	0x2523B0x12e3b
0x5c2	0x204fB0x5c2
0x5d1	0x2078B0x5d1
0x12e8b	0x1f420x5b2
0x609	0x2063B0x609
0x12eb8	0x1f42B0x12eb8
0x5e8	0x20aeB0x5e8
0x61e	0x2063B0x61e
0x12ee5	0x3259B0x12ee5
0x62f	0x12e8b
0x12f09	0x3259B0x12f09
0x7ce	0x7ec
0x7ce	0x7ee8
0x81e	0x1f42B0x81e
0x82c	0x7f51
0x82c	0x841
0x129b	0x12aa
0x129b	0x8247
0x860	0x204fB0x860
0x87a	0x204fB0x87a
0x88a	0x2078B0x88a
0x89e	0x2078B0x89e
0x8b4	0x8ea
0x8ea	0x33b0B0x8ea
0x24d9	0x1f42B0x24d9
0x901	0x1273
0x901	0x90c
0xdc1	0x8088
0xdc1	0xdcf
0x936	0x204fB0x936
0x944	0x33b0B0x944
0x953	0x2078B0x953
0x986	0x1f42B0x986
0x12f2d	0x1f42B0x12f2d
0x12f5a	0x20aeB0x12f5a
0x9a2	0x2078B0x9a2
0x9c8	0x1f09B0x9c8
0x12f8d	0x1f42B0x12f8d
0x12fba	0x20aeB0x12fba
0x9da	0x21d5B0x9da
0xa4b	0x2078B0xa4b
0xa61	0xa67
0xa61	0x7f74
0xa84	0xa8f
0xa84	0x7fc0
0xa7e	0x201cB0xa7e
0xd33	0xd37
0xad1	0xb85
0xb85	0x244fB0xb85
0xbce	0x25d0B0xbce
0xc12	0x22b7B0xc12
0xc29	0xc66
0xc29	0x800f
0xd01	0xd2b
0xd01	0xd0f
0xd2b	0xd0f
0xd1c	0xd25
0xd1c	0x8039
0xc6c	0xc7a
0xc6c	0xca3
0xd0f	0x1f42B0xd0f
0xd7f	0xabd
0xd37	0x805c
0xd37	0xd72
0xabd	0x201cB0xabd
0xde3	0x1200
0xde3	0xdf2
0x1200	0x1186
0x1200	0x1211
0xdfe	0xe0e
0xdfe	0x80d4
0xe17	0xe1f
0xe17	0x8120
0xe44	0xe4e
0xe44	0x8167
0xe3a	0x33ceB0xe3a
0x1186	0x204fB0x1186
0x12fed	0x33ceB0x12fed
0x25c0	0x25ca0x25c0
0x25c0	0x90170x25c0
0x1168	0x1174
0x1168	0x1179
0xf15	0x1140
0xf15	0xf1c
0x3c2e	0x3c6b
0x3c2e	0x3c62
0x1086	0x10cd
0x1086	0x821d
0x10db	0x1f42B0x10db
0x921	0x929
0x921	0xdc1
0x10e5	0x10d4
0x10d4	0x921
0xed9	0xf15
0x11cb	0xe60
0x11a9	0x2063B0x11a9
0x11be	0x2e02B0x11be
0xe60	0x12fed
0x13061	0x33ceB0x13061
0x12b9	0x1eb4B0x12b9
0x12c8	0x842
0x842	0x129b
0x842	0x84a
0x1fe2	0x1fea
0x13ba	0x141a
0x13ba	0x8431
0x1494	0x1507
0x1494	0x14a2
0x1507	0x14a2
0x14af	0x14b8
0x14af	0x847e
0x1420	0x146b
0x1420	0x845b
0x14a2	0x1f42B0x14a2
0x15b1	0x1eb4B0x15b1
0x1599	0x1ec8B0x1599
0x15d2	0x157b
0x157b	0x1583
0x157b	0x15b1
0x1631	0x8645
0x1631	0x165e
0x195d	0x2078B0x195d
0x185e	0x21a2B0x185e
0x1731	0x1770
0x1731	0x8668
0x13110	0x244fB0x13110
0x171f	0x22b7B0x171f
0x16a1	0x21d5B0x16a1
0x16bf	0x22d7B0x16bf
0x13141	0x201cB0x13141
0x1316d	0x23f6B0x1316d
0x17e4	0x182e
0x17e4	0x17f2
0x182e	0x17f2
0x17ff	0x1808
0x17ff	0x8692
0x1776	0x204fB0x1776
0x17f2	0x1f42B0x17f2
0x18ea	0x1929
0x18ea	0x86b5
0x131fc	0x244fB0x131fc
0x18ce	0x22b7B0x18ce
0x187f	0x21d5B0x187f
0x1890	0x22d7B0x1890
0x1322d	0x201cB0x1322d
0x13259	0x23f6B0x13259
0x1973	0x166c
0x196d	0x332fB0x196d
0x166c	0x185e
0x166c	0x1677
0x1a11	0x1f42B0x1a11
0x19ee	0x1f42B0x19ee
0x132e8	0x1f42B0x132e8
0x19db	0x20aeB0x19db
0x1a08	0x248cB0x1a08
0x1a75	0x20d6B0x1a75
0x1af2	0x1ae7
0x1b98	0x1bad
0x1b98	0x890f
0x1bba	0x2566B0x1bba
0x1bc4	0x2689B0x1bc4
0x1bf1	0x204fB0x1bf1
0x1be9	0x3659B0x1be9
0x1be2	0x201cB0x1be2
0x1bdc	0x20d6B0x1bdc
0x1bfb	0x3685B0x1bfb
0x1c04	0x2078B0x1c04
0x1c1c	0x1c3a
0x1c1c	0x8932
0x1c15	0x3770B0x1c15
0x1c49	0x1c99
0x1c99	0x1ec8B0x1c99
0x1ceb	0x1ec8B0x1ceb
0x1d03	0x1ec8B0x1d03
0x1d3c	0x2d22B0x1d3c
0x1d55	0x2dcfB0x1d55
0x1d6e	0x1dab
0x1d6e	0x897e
0x1de9	0x1e15
0x1de9	0x1df8
0x1de3	0x2eceB0x1de3
0x1ddc	0x2e02B0x1ddc
0x1dd4	0x2063B0x1dd4
0x1e15	0x1df8
0x1e05	0x1e0e
0x1e05	0x89ef
0x1db1	0x1db9
0x1db1	0x89a8
0x1df8	0x1f42B0x1df8
0x1fea	0x1f42B0x1fea
0x1f81	0x1f42B0x1f81
0x2ce2	0x1f42B0x2ce2
0x2cf0	0x9202
0x2cf0	0x2d05
0x2d12	0x2d06
0x2d06	0x2d12
0x2d06	0x2d0e
0x3c6b	0x3c7d
0x3c6b	0x3c77
0x3c7d	0x3cba
0x3c7d	0x3c77
0x3c77	0x3c62
0xe96	0x1168
0xe96	0xed9
0xe8e	0x33ceB0xe8e
0x13c16	0x4a
0x13c16	0x7a0a
0x13c3d	0x17c
0x13c3d	0x7a57
0x52d	0x533
0x52d	0x7c72
0x578	0x57e
0x578	0x7cdb
0x5b2	0x5b8
0x5b2	0x7d21
0x6b2	0x6b8
0x6b2	0x7d44
0x6ec	0x6f2
0x6ec	0x7d8a
0x72f	0x735
0x72f	0x7dd0
0x772	0x778
0x772	0x7e16
0x12d7	0x12dd
0x12d7	0x826a
0x1311	0x1317
0x1311	0x82b0
0x1348	0x134e
0x1348	0x8319
0x1362	0x1368
0x1362	0x835f
0x13a2	0x13a8
0x13a2	0x83eb
0x150f	0x1515
0x150f	0x84c4
0x15e3	0x15e9
0x15e3	0x8596
0x1978	0x197e
0x1978	0x86df
0x1a62	0x1a68
0x1a62	0x878e
0x1a7b	0x1a81
0x1a7b	0x87b1
0x1b1c	0x1b22
0x1b1c	0x881a
0x2559	0x2565
0x2559	0x8fcb
0x2fa0	0x25c00x2fa0
0xb2	0x13c6e
0xb2	0xbd
0xbd	0x13c6b
0xbd	0xc8
0xc8	0x13c68
0xc8	0xd3
0xd3	0x13c65
0xd3	0xde
0xde	0x13c62
0xde	0xe9
0xe9	0x13c5f
0xe9	0xf4
0xf4	0x13c5c
0xf4	0xff
0xff	0x13c59
0xff	0x10a
0x10a	0x13c56
0x10a	0x115
0x115	0x120
0x115	0x13c53
0x12b	0x13c4d
0x12b	0x136
0x136	0x13c4a
0x136	0x141
0x141	0x13c47
0x141	0x14c
0x14c	0x13c44
0x14c	0x157
0x157	0x13c41
0x157	0x162
0x162	0x16d
0x162	0x13c3e
0x19a	0x1ae
0x19a	0x7ac0
0x22e	0x29cfB0x22e
0x84a	0x204fB0x84a
0x90c	0x913
0x90c	0x124b
0xab8	0xd33
0xab8	0xabd
0xd72	0xd78
0xd72	0xd7f
0xdcf	0x38f5B0xdcf
0xdf2	0x33ceB0xdf2
0xf1c	0xf22
0xf1c	0x1118
0x1211	0x13061
0x153e	0x1552
0x153e	0x8550
0x1607	0x161c
0x1607	0x85ff
0x165e	0x195d
0x165e	0x166c
0x1677	0x1681
0x1677	0x1836
0x192f	0x204fB0x192f
0x199c	0x19af
0x199c	0x8748
0x1aba	0x1af2
0x1aba	0x1ae7
0x1b40	0x1b54
0x1b40	0x8883
0x25c00x2fa0	0x25ca0x2fa0
0x25c00x2fa0	0x90170x2fa0
0x1f420x5b2	0x1f610x5b2
0x1f420x5b2	0x8c540x5b2
0x1e3cB0x1e5	0x8a58B0x1e5
0x1e3cB0x1e5	0x1e4dB0x1e5
0x1e1dB0x1e5	0x8a12B0x1e5
0x1e1dB0x1e5	0x1e2aB0x1e5
0x1e2aB0x1e5	0x1e3cB0x1e5
0x1e2aB0x1e5	0x8a35B0x1e5
0x1e6dB0x20a	0x8ac1B0x20a
0x1e6dB0x20a	0x1e7bB0x20a
0x1e4eB0x20a	0x8a7bB0x20a
0x1e4eB0x20a	0x1e5bB0x20a
0x1e5bB0x20a	0x1e6dB0x20a
0x1e5bB0x20a	0x8a9eB0x20a
0x2075B0x439	0x12df0
0x2063B0x439	0x2075B0x439
0x2063B0x439	0x8d78B0x439
0x204fB0x475	0x8d55B0x475
0x204fB0x475	0x2061B0x475
0x1e6dB0x551	0x8ac1B0x551
0x1e6dB0x551	0x1e7bB0x551
0x1e4eB0x551	0x8a7bB0x551
0x1e4eB0x551	0x1e5bB0x551
0x1e5bB0x551	0x1e6dB0x551
0x1e5bB0x551	0x8a9eB0x551
0x1e89B0x5b8	0x1e9cB0x5b8
0x1e89B0x5b8	0x8b07B0x5b8
0x1e9cB0x5b8	0x1eabB0x5b8
0x1e9cB0x5b8	0x8b2aB0x5b8
0x1eabB0x5b8	0x5c2
0x1e7cB0x5b8	0x1e89B0x5b8
0x1e7cB0x5b8	0x8ae4B0x5b8
0x32d5B0x7c7	0x3307B0x7c7
0x32d5B0x7c7	0x3306B0x7c7
0x204fB0x929	0x8d55B0x929
0x204fB0x929	0x2061B0x929
0x2075B0xa67	0xa7e
0x2063B0xa67	0x2075B0xa67
0x2063B0xa67	0x8d78B0xa67
0x33d8B0xe0e	0xe17
0x33ceB0xe0e	0x33d8B0xe0e
0x33ceB0xe0e	0x9378B0xe0e
0x33d8B0xe1f	0xe3a
0x33ceB0xe1f	0x33d8B0xe1f
0x33ceB0xe1f	0x9378B0xe1f
0x1ec8B0xfd5	0x1086
0x1f05B0x12aa	0x12b9
0x1eedB0x12aa	0x1f05B0x12aa
0x1eedB0x12aa	0x8b70B0x12aa
0x32d5B0x13b3	0x3307B0x13b3
0x32d5B0x13b3	0x3306B0x13b3
0x1f610x1f42B0x1583	0x1599
0x1f42B0x1583	0x1f610x1f42B0x1583
0x1f42B0x1583	0x8c540x1f42B0x1583
0x32d5B0x162a	0x3307B0x162a
0x32d5B0x162a	0x3306B0x162a
0x21d2B0x1681	0x16a1
0x21a2B0x1681	0x21d2B0x1681
0x21a2B0x1681	0x8e04B0x1681
0x208aB0x19c4	0x209dB0x19c4
0x208aB0x19c4	0x8dbeB0x19c4
0x209dB0x19c4	0x8de1B0x19c4
0x209dB0x19c4	0x20adB0x19c4
0x2078B0x19c4	0x208aB0x19c4
0x2078B0x19c4	0x8d9bB0x19c4
0x1e89B0x1a68	0x1e9cB0x1a68
0x1e89B0x1a68	0x8b07B0x1a68
0x1e9cB0x1a68	0x1eabB0x1a68
0x1e9cB0x1a68	0x8b2aB0x1a68
0x1eabB0x1a68	0x1a75
0x1e7cB0x1a68	0x1e89B0x1a68
0x1e7cB0x1a68	0x8ae4B0x1a68
0x1e3cB0x1b8b	0x8a58B0x1b8b
0x1e3cB0x1b8b	0x1e4dB0x1b8b
0x1e1dB0x1b8b	0x8a12B0x1b8b
0x1e1dB0x1b8b	0x1e2aB0x1b8b
0x1e2aB0x1b8b	0x1e3cB0x1b8b
0x1e2aB0x1b8b	0x8a35B0x1b8b
0x1e6dB0x1bad	0x8ac1B0x1bad
0x1e6dB0x1bad	0x1e7bB0x1bad
0x1e4eB0x1bad	0x8a7bB0x1bad
0x1e4eB0x1bad	0x1e5bB0x1bad
0x1e5bB0x1bad	0x1e6dB0x1bad
0x1e5bB0x1bad	0x8a9eB0x1bad
0x204fB0x1db9	0x8d55B0x1db9
0x204fB0x1db9	0x2061B0x1db9
0x1f610x1f42B0x87	0x91
0x1f42B0x87	0x1f610x1f42B0x87
0x1f42B0x87	0x8c540x1f42B0x87
0x2566B0x217	0x2598B0x217
0x2566B0x217	0x2597B0x217
0x202eB0x248	0x2041B0x248
0x202eB0x248	0x8d0fB0x248
0x2041B0x248	0x8d32B0x248
0x2041B0x248	0x204eB0x248
0x201cB0x248	0x202eB0x248
0x201cB0x248	0x8cecB0x248
0x204fB0x25e	0x8d55B0x25e
0x204fB0x25e	0x2061B0x25e
0x208aB0x271	0x209dB0x271
0x208aB0x271	0x8dbeB0x271
0x209dB0x271	0x8de1B0x271
0x209dB0x271	0x20adB0x271
0x2078B0x271	0x208aB0x271
0x2078B0x271	0x8d9bB0x271
0x1f22B0x28a	0x298
0x1f09B0x28a	0x1f22B0x28a
0x1f09B0x28a	0x8bbcB0x28a
0x1ec8B0x2f5	0x35c
0x1ec8B0x35c	0x374
0x1ec8B0x374	0x3ad
0x2d22B0x3ad	0x2d3eB0x3ad
0x2d4dB0x3ad	0x2d8bB0x3ad
0x2dadB0x3ad	0x2d8bB0x3ad
0x2d3eB0x3ad	0x2d4dB0x3ad
0x2d3eB0x3ad	0x2d46B0x3ad
0x2d8bB0x3ad	0x2dadB0x3ad
0x2d8bB0x3ad	0x2d93B0x3ad
0x2d46B0x3ad	0x3c6
0x2d93B0x3ad	0x2d3eB0x3ad
0x2dcfB0x3c6	0x2ddfB0x3c6
0x2decB0x3c6	0x2ddfB0x3c6
0x2ddfB0x3c6	0x2decB0x3c6
0x2ddfB0x3c6	0x2de7B0x3c6
0x2de7B0x3c6	0x3df
0x1f610x1f42B0x486	0x494
0x1f42B0x486	0x1f610x1f42B0x486
0x1f42B0x486	0x8c540x1f42B0x486
0x1f610x1f42B0x4db	0x4e8
0x1f42B0x4db	0x1f610x1f42B0x4db
0x1f42B0x4db	0x8c540x1f42B0x4db
0x204fB0x5c2	0x8d55B0x5c2
0x204fB0x5c2	0x2061B0x5c2
0x208aB0x5d1	0x209dB0x5d1
0x208aB0x5d1	0x8dbeB0x5d1
0x209dB0x5d1	0x8de1B0x5d1
0x209dB0x5d1	0x20adB0x5d1
0x2078B0x5d1	0x208aB0x5d1
0x2078B0x5d1	0x8d9bB0x5d1
0x2075B0x609	0x12ee5
0x2063B0x609	0x2075B0x609
0x2063B0x609	0x8d78B0x609
0x1f610x1f42B0x12eb8	0x609
0x1f42B0x12eb8	0x1f610x1f42B0x12eb8
0x1f42B0x12eb8	0x8c540x1f42B0x12eb8
0x20aeB0x5e8	0x20b1B0x5e8
0x20beB0x5e8	0x20b1B0x5e8
0x20b1B0x5e8	0x20beB0x5e8
0x20b1B0x5e8	0x20b9B0x5e8
0x20b9B0x5e8	0x12eb8
0x2075B0x61e	0x12f09
0x2063B0x61e	0x2075B0x61e
0x2063B0x61e	0x8d78B0x61e
0x1f610x1f42B0x81e	0x82c
0x1f42B0x81e	0x1f610x1f42B0x81e
0x1f42B0x81e	0x8c540x1f42B0x81e
0x204fB0x860	0x8d55B0x860
0x204fB0x860	0x2061B0x860
0x204fB0x87a	0x8d55B0x87a
0x204fB0x87a	0x2061B0x87a
0x208aB0x88a	0x209dB0x88a
0x208aB0x88a	0x8dbeB0x88a
0x209dB0x88a	0x8de1B0x88a
0x209dB0x88a	0x20adB0x88a
0x2078B0x88a	0x208aB0x88a
0x2078B0x88a	0x8d9bB0x88a
0x208aB0x89e	0x209dB0x89e
0x208aB0x89e	0x8dbeB0x89e
0x209dB0x89e	0x8de1B0x89e
0x209dB0x89e	0x20adB0x89e
0x2078B0x89e	0x208aB0x89e
0x2078B0x89e	0x8d9bB0x89e
0x33b0B0x8ea	0x9309B0x8ea
0x33b0B0x8ea	0x33bfB0x8ea
0x1f610x1f42B0x24d9	0x136a4
0x1f42B0x24d9	0x1f610x1f42B0x24d9
0x1f42B0x24d9	0x8c540x1f42B0x24d9
0x204fB0x936	0x8d55B0x936
0x204fB0x936	0x2061B0x936
0x33b0B0x944	0x9309B0x944
0x33b0B0x944	0x33bfB0x944
0x208aB0x953	0x209dB0x953
0x208aB0x953	0x8dbeB0x953
0x209dB0x953	0x8de1B0x953
0x209dB0x953	0x20adB0x953
0x2078B0x953	0x208aB0x953
0x2078B0x953	0x8d9bB0x953
0x1f610x1f42B0x986	0x9a2
0x1f42B0x986	0x1f610x1f42B0x986
0x1f42B0x986	0x8c540x1f42B0x986
0x1f610x1f42B0x12f2d	0x986
0x1f42B0x12f2d	0x1f610x1f42B0x12f2d
0x1f42B0x12f2d	0x8c540x1f42B0x12f2d
0x20aeB0x12f5a	0x20b1B0x12f5a
0x20beB0x12f5a	0x20b1B0x12f5a
0x20b1B0x12f5a	0x20beB0x12f5a
0x20b1B0x12f5a	0x20b9B0x12f5a
0x20b9B0x12f5a	0x12f2d
0x208aB0x9a2	0x209dB0x9a2
0x208aB0x9a2	0x8dbeB0x9a2
0x209dB0x9a2	0x8de1B0x9a2
0x209dB0x9a2	0x20adB0x9a2
0x2078B0x9a2	0x208aB0x9a2
0x2078B0x9a2	0x8d9bB0x9a2
0x1f22B0x9c8	0x9da
0x1f09B0x9c8	0x1f22B0x9c8
0x1f09B0x9c8	0x8bbcB0x9c8
0x1f610x1f42B0x12f8d	0x9c8
0x1f42B0x12f8d	0x1f610x1f42B0x12f8d
0x1f42B0x12f8d	0x8c540x1f42B0x12f8d
0x20aeB0x12fba	0x20b1B0x12fba
0x20beB0x12fba	0x20b1B0x12fba
0x20b1B0x12fba	0x20beB0x12fba
0x20b1B0x12fba	0x20b9B0x12fba
0x20b9B0x12fba	0x12f8d
0x21e7B0x9da	0x21faB0x9da
0x21e7B0x9da	0x8e4aB0x9da
0x21faB0x9da	0x8e6dB0x9da
0x21faB0x9da	0x220aB0x9da
0x21d5B0x9da	0x21e7B0x9da
0x21d5B0x9da	0x8e27B0x9da
0x208aB0xa4b	0x209dB0xa4b
0x208aB0xa4b	0x8dbeB0xa4b
0x209dB0xa4b	0x8de1B0xa4b
0x209dB0xa4b	0x20adB0xa4b
0x2078B0xa4b	0x208aB0xa4b
0x2078B0xa4b	0x8d9bB0xa4b
0x202eB0xa7e	0x2041B0xa7e
0x202eB0xa7e	0x8d0fB0xa7e
0x2041B0xa7e	0x8d32B0xa7e
0x2041B0xa7e	0x204eB0xa7e
0x201cB0xa7e	0x202eB0xa7e
0x201cB0xa7e	0x8cecB0xa7e
0x247cB0xb85	0xbce
0x244fB0xb85	0x247cB0xb85
0x244fB0xb85	0x8f85B0xb85
0x22b7B0xc12	0xc29
0x1f610x1f42B0xd0f	0xd1c
0x1f42B0xd0f	0x1f610x1f42B0xd0f
0x1f42B0xd0f	0x8c540x1f42B0xd0f
0x202eB0xabd	0x2041B0xabd
0x202eB0xabd	0x8d0fB0xabd
0x2041B0xabd	0x8d32B0xabd
0x2041B0xabd	0x204eB0xabd
0x201cB0xabd	0x202eB0xabd
0x201cB0xabd	0x8cecB0xabd
0x33d8B0xe3a	0xe44
0x33ceB0xe3a	0x33d8B0xe3a
0x33ceB0xe3a	0x9378B0xe3a
0x204fB0x1186	0x8d55B0x1186
0x204fB0x1186	0x2061B0x1186
0x33d8B0x12fed	0xe8e
0x33ceB0x12fed	0x33d8B0x12fed
0x33ceB0x12fed	0x9378B0x12fed
0x1f610x1f42B0x10db	0x10e5
0x1f42B0x10db	0x1f610x1f42B0x10db
0x1f42B0x10db	0x8c540x1f42B0x10db
0x2075B0x11a9	0x11be
0x2063B0x11a9	0x2075B0x11a9
0x2063B0x11a9	0x8d78B0x11a9
0x33d8B0x13061	0xe8e
0x33ceB0x13061	0x33d8B0x13061
0x33ceB0x13061	0x9378B0x13061
0x1eb4B0x12b9	0x8b4dB0x12b9
0x1eb4B0x12b9	0x1ec7B0x12b9
0x1f610x1f42B0x14a2	0x14af
0x1f42B0x14a2	0x1f610x1f42B0x14a2
0x1f42B0x14a2	0x8c540x1f42B0x14a2
0x1eb4B0x15b1	0x8b4dB0x15b1
0x1eb4B0x15b1	0x1ec7B0x15b1
0x1ec8B0x1599	0x15ad
0x208aB0x195d	0x209dB0x195d
0x208aB0x195d	0x8dbeB0x195d
0x209dB0x195d	0x8de1B0x195d
0x209dB0x195d	0x20adB0x195d
0x2078B0x195d	0x208aB0x195d
0x2078B0x195d	0x8d9bB0x195d
0x21d2B0x185e	0x187f
0x21a2B0x185e	0x21d2B0x185e
0x21a2B0x185e	0x8e04B0x185e
0x247cB0x13110	0x171f
0x244fB0x13110	0x247cB0x13110
0x244fB0x13110	0x8f85B0x13110
0x22b7B0x171f	0x1731
0x21e7B0x16a1	0x21faB0x16a1
0x21e7B0x16a1	0x8e4aB0x16a1
0x21faB0x16a1	0x8e6dB0x16a1
0x21faB0x16a1	0x220aB0x16a1
0x21d5B0x16a1	0x21e7B0x16a1
0x21d5B0x16a1	0x8e27B0x16a1
0x202eB0x13141	0x2041B0x13141
0x202eB0x13141	0x8d0fB0x13141
0x2041B0x13141	0x8d32B0x13141
0x2041B0x13141	0x204eB0x13141
0x201cB0x13141	0x202eB0x13141
0x201cB0x13141	0x8cecB0x13141
0x204fB0x1776	0x8d55B0x1776
0x204fB0x1776	0x2061B0x1776
0x1f610x1f42B0x17f2	0x17ff
0x1f42B0x17f2	0x1f610x1f42B0x17f2
0x1f42B0x17f2	0x8c540x1f42B0x17f2
0x247cB0x131fc	0x18ce
0x244fB0x131fc	0x247cB0x131fc
0x244fB0x131fc	0x8f85B0x131fc
0x22b7B0x18ce	0x18ea
0x21e7B0x187f	0x21faB0x187f
0x21e7B0x187f	0x8e4aB0x187f
0x21faB0x187f	0x8e6dB0x187f
0x21faB0x187f	0x220aB0x187f
0x21d5B0x187f	0x21e7B0x187f
0x21d5B0x187f	0x8e27B0x187f
0x202eB0x1322d	0x2041B0x1322d
0x202eB0x1322d	0x8d0fB0x1322d
0x2041B0x1322d	0x8d32B0x1322d
0x2041B0x1322d	0x204eB0x1322d
0x201cB0x1322d	0x202eB0x1322d
0x201cB0x1322d	0x8cecB0x1322d
0x3338B0x196d	0x333aB0x196d
0x3367B0x196d	0x3379B0x196d
0x3381B0x196d	0x333aB0x196d
0x332fB0x196d	0x3338B0x196d
0x332fB0x196d	0x13a25B0x196d
0x3346B0x196d	0x3359B0x196d
0x3359B0x196d	0x3367B0x196d
0x3359B0x196d	0x92bdB0x196d
0x3379B0x196d	0x3381B0x196d
0x3379B0x196d	0x3388B0x196d
0x333aB0x196d	0x3346B0x196d
0x333aB0x196d	0x3342B0x196d
0x1f610x1f42B0x1a11	0x13315
0x1f42B0x1a11	0x1f610x1f42B0x1a11
0x1f42B0x1a11	0x8c540x1f42B0x1a11
0x1f610x1f42B0x19ee	0x1a08
0x1f42B0x19ee	0x1f610x1f42B0x19ee
0x1f42B0x19ee	0x8c540x1f42B0x19ee
0x1f610x1f42B0x132e8	0x19ee
0x1f42B0x132e8	0x1f610x1f42B0x132e8
0x1f42B0x132e8	0x8c540x1f42B0x132e8
0x20aeB0x19db	0x20b1B0x19db
0x20beB0x19db	0x20b1B0x19db
0x20b1B0x19db	0x20beB0x19db
0x20b1B0x19db	0x20b9B0x19db
0x20b9B0x19db	0x132e8
0x2566B0x1bba	0x2598B0x1bba
0x2566B0x1bba	0x2597B0x1bba
0x204fB0x1bf1	0x8d55B0x1bf1
0x204fB0x1bf1	0x2061B0x1bf1
0x202eB0x1be2	0x2041B0x1be2
0x202eB0x1be2	0x8d0fB0x1be2
0x2041B0x1be2	0x8d32B0x1be2
0x2041B0x1be2	0x204eB0x1be2
0x201cB0x1be2	0x202eB0x1be2
0x201cB0x1be2	0x8cecB0x1be2
0x208aB0x1c04	0x209dB0x1c04
0x208aB0x1c04	0x8dbeB0x1c04
0x209dB0x1c04	0x8de1B0x1c04
0x209dB0x1c04	0x20adB0x1c04
0x2078B0x1c04	0x208aB0x1c04
0x2078B0x1c04	0x8d9bB0x1c04
0x1ec8B0x1c99	0x1ceb
0x1ec8B0x1ceb	0x1d03
0x1ec8B0x1d03	0x1d3c
0x2d22B0x1d3c	0x2d3eB0x1d3c
0x2d4dB0x1d3c	0x2d8bB0x1d3c
0x2dadB0x1d3c	0x2d8bB0x1d3c
0x2d3eB0x1d3c	0x2d4dB0x1d3c
0x2d3eB0x1d3c	0x2d46B0x1d3c
0x2d8bB0x1d3c	0x2dadB0x1d3c
0x2d8bB0x1d3c	0x2d93B0x1d3c
0x2d46B0x1d3c	0x1d55
0x2d93B0x1d3c	0x2d3eB0x1d3c
0x2dcfB0x1d55	0x2ddfB0x1d55
0x2decB0x1d55	0x2ddfB0x1d55
0x2ddfB0x1d55	0x2decB0x1d55
0x2ddfB0x1d55	0x2de7B0x1d55
0x2de7B0x1d55	0x1d6e
0x2075B0x1dd4	0x1ddc
0x2063B0x1dd4	0x2075B0x1dd4
0x2063B0x1dd4	0x8d78B0x1dd4
0x1f610x1f42B0x1df8	0x1e05
0x1f42B0x1df8	0x1f610x1f42B0x1df8
0x1f42B0x1df8	0x8c540x1f42B0x1df8
0x1f610x1f42B0x1fea	0x1338d
0x1f42B0x1fea	0x1f610x1f42B0x1fea
0x1f42B0x1fea	0x8c540x1f42B0x1fea
0x1f610x1f42B0x1f81	0x1f90
0x1f42B0x1f81	0x1f610x1f42B0x1f81
0x1f42B0x1f81	0x8c540x1f42B0x1f81
0x1f610x1f42B0x2ce2	0x2cf0
0x1f42B0x2ce2	0x1f610x1f42B0x2ce2
0x1f42B0x2ce2	0x8c540x1f42B0x2ce2
0x33d8B0xe8e	0xe96
0x33ceB0xe8e	0x33d8B0xe8e
0x33ceB0xe8e	0x9378B0xe8e
0x204fB0x84a	0x8d55B0x84a
0x204fB0x84a	0x2061B0x84a
0x398cB0xdcf	0x13b1aB0xdcf
0x39dbB0xdcf	0x39edB0xdcf
0x38f5B0xdcf	0x390fB0xdcf
0x390fB0xdcf	0x391fB0xdcf
0x391fB0xdcf	0x392fB0xdcf
0x392fB0xdcf	0x3942B0xdcf
0x392fB0xdcf	0x3939B0xdcf
0x3942B0xdcf	0x958cB0xdcf
0x3942B0xdcf	0x395bB0xdcf
0x39f7B0xdcf	0x3a12B0xdcf
0x39bdB0xdcf	0x39d3B0xdcf
0x3979B0xdcf	0x398cB0xdcf
0x3979B0xdcf	0x95d8B0xdcf
0x3939B0xdcf	0xde3
0x39abB0xdcf	0x13b41B0xdcf
0x13b1aB0xdcf	0x39abB0xdcf
0x39b1B0xdcf	0x3973B0xdcf
0x13b41B0xdcf	0x39b1B0xdcf
0x3973B0xdcf	0x3939B0xdcf
0x39d3B0xdcf	0x39dbB0xdcf
0x39d3B0xdcf	0x9624B0xdcf
0x39edB0xdcf	0x396cB0xdcf
0x396cB0xdcf	0x3979B0xdcf
0x396cB0xdcf	0x3973B0xdcf
0x3a12B0xdcf	0x3963B0xdcf
0x3963B0xdcf	0x39bdB0xdcf
0x3963B0xdcf	0x396cB0xdcf
0x395bB0xdcf	0x39f7B0xdcf
0x395bB0xdcf	0x3963B0xdcf
0x33d8B0xdf2	0xdfe
0x33ceB0xdf2	0x33d8B0xdf2
0x33ceB0xdf2	0x9378B0xdf2
0x204fB0x192f	0x8d55B0x192f
0x204fB0x192f	0x2061B0x192f
0x2cceB0x80f	0x81e
0x2cbeB0x80f	0x2cceB0x80f
0x2cbeB0x80f	0x91b6B0x80f
0x3659B0x253	0x1f42B0x3659B0x253
0x1f610x1f42B0x3659B0x253	0x13ad6B0x253
0x1f42B0x3659B0x253	0x1f610x1f42B0x3659B0x253
0x1f42B0x3659B0x253	0x8c540x1f42B0x3659B0x253
0x3685B0x268	0x1f42B0x3685B0x268
0x3693B0x268	0x373fB0x268
0x373fB0x268	0x1f42B0x373fB0x268
0x1f610x1f42B0x3685B0x268	0x3693B0x268
0x1f42B0x3685B0x268	0x1f610x1f42B0x3685B0x268
0x1f42B0x3685B0x268	0x8c540x1f42B0x3685B0x268
0x1f610x1f42B0x373fB0x268	0x13af8B0x268
0x1f42B0x373fB0x268	0x1f610x1f42B0x373fB0x268
0x1f42B0x373fB0x268	0x8c540x1f42B0x373fB0x268
0x2cceB0x2cd6	0x2ce2
0x2cbeB0x2cd6	0x2cceB0x2cd6
0x2cbeB0x2cd6	0x91b6B0x2cd6
0x2635B0xbce	0x1eb4B0x2635B0xbce
0x25d0B0xbce	0x25e7B0xbce
0x25f7B0xbce	0x2635B0xbce
0x25f7B0xbce	0x9063B0xbce
0x267bB0xbce	0x25e7B0xbce
0x266bB0xbce	0x22b7B0x266bB0xbce
0x2656B0xbce	0x2285B0x2656B0xbce
0x25e7B0xbce	0x25f7B0xbce
0x25e7B0xbce	0x25efB0xbce
0x25efB0xbce	0xc12
0x1eb4B0x2635B0xbce	0x8b4dB0x2635B0xbce
0x1eb4B0x2635B0xbce	0x1ec7B0x2635B0xbce
0x22b7B0x266bB0xbce	0x267bB0xbce
0x2296B0x2656B0xbce	0x8f3fB0x2656B0xbce
0x2296B0x2656B0xbce	0x22adB0x2656B0xbce
0x2285B0x2656B0xbce	0x2296B0x2656B0xbce
0x2285B0x2656B0xbce	0x8f1cB0x2656B0xbce
0x22adB0x2656B0xbce	0x8f62B0x2656B0xbce
0x22adB0x2656B0xbce	0x22b6B0x2656B0xbce
0x22d7B0x16bf	0x1eb4B0x22d7B0x16bf
0x22ecB0x16bf	0x1eb4B0x22ecB0x16bf
0x2303B0x16bf	0x220bB0x2303B0x16bf
0x23e4B0x16bf	0x22b7B0x23e4B0x16bf
0x23d8B0x16bf	0x2285B0x23d8B0x16bf
0x23b6B0x16bf	0x2271B0x23b6B0x16bf
0x2387B0x16bf	0x2271B0x2387B0x16bf
0x236aB0x16bf	0x220bB0x236aB0x16bf
0x2357B0x16bf	0x2240B0x2357B0x16bf
0x2378B0x16bf	0x2240B0x2378B0x16bf
0x13500B0x16bf	0x22b7B0x13500B0x16bf
0x239aB0x16bf	0x2285B0x239aB0x16bf
0x1352cB0x16bf	0x22b7B0x1352cB0x16bf
0x23c9B0x16bf	0x2285B0x23c9B0x16bf
0x1eb4B0x22d7B0x16bf	0x8b4dB0x22d7B0x16bf
0x1eb4B0x22d7B0x16bf	0x1ec7B0x22d7B0x16bf
0x1eb4B0x22ecB0x16bf	0x8b4dB0x22ecB0x16bf
0x1eb4B0x22ecB0x16bf	0x1ec7B0x22ecB0x16bf
0x221cB0x2303B0x16bf	0x8eb3B0x2303B0x16bf
0x221cB0x2303B0x16bf	0x2233B0x2303B0x16bf
0x220bB0x2303B0x16bf	0x221cB0x2303B0x16bf
0x220bB0x2303B0x16bf	0x8e90B0x2303B0x16bf
0x2233B0x2303B0x16bf	0x8ed6B0x2303B0x16bf
0x2233B0x2303B0x16bf	0x223fB0x2303B0x16bf
0x22b7B0x23e4B0x16bf	0x134deB0x16bf
0x2296B0x23d8B0x16bf	0x8f3fB0x23d8B0x16bf
0x2296B0x23d8B0x16bf	0x22adB0x23d8B0x16bf
0x2285B0x23d8B0x16bf	0x2296B0x23d8B0x16bf
0x2285B0x23d8B0x16bf	0x8f1cB0x23d8B0x16bf
0x22adB0x23d8B0x16bf	0x8f62B0x23d8B0x16bf
0x22adB0x23d8B0x16bf	0x22b6B0x23d8B0x16bf
0x2282B0x23b6B0x16bf	0x23c9B0x16bf
0x2271B0x23b6B0x16bf	0x2282B0x23b6B0x16bf
0x2271B0x23b6B0x16bf	0x8ef9B0x23b6B0x16bf
0x2282B0x2387B0x16bf	0x239aB0x16bf
0x2271B0x2387B0x16bf	0x2282B0x2387B0x16bf
0x2271B0x2387B0x16bf	0x8ef9B0x2387B0x16bf
0x221cB0x236aB0x16bf	0x8eb3B0x236aB0x16bf
0x221cB0x236aB0x16bf	0x2233B0x236aB0x16bf
0x220bB0x236aB0x16bf	0x221cB0x236aB0x16bf
0x220bB0x236aB0x16bf	0x8e90B0x236aB0x16bf
0x2233B0x236aB0x16bf	0x8ed6B0x236aB0x16bf
0x2233B0x236aB0x16bf	0x223fB0x236aB0x16bf
0x2259B0x2357B0x16bf	0x224cB0x2357B0x16bf
0x224cB0x2357B0x16bf	0x2259B0x2357B0x16bf
0x224cB0x2357B0x16bf	0x2254B0x2357B0x16bf
0x2240B0x2357B0x16bf	0x224cB0x2357B0x16bf
0x2254B0x2357B0x16bf	0x236aB0x16bf
0x2259B0x2378B0x16bf	0x224cB0x2378B0x16bf
0x224cB0x2378B0x16bf	0x2259B0x2378B0x16bf
0x224cB0x2378B0x16bf	0x2254B0x2378B0x16bf
0x2240B0x2378B0x16bf	0x224cB0x2378B0x16bf
0x2254B0x2378B0x16bf	0x2387B0x16bf
0x22b7B0x13500B0x16bf	0x23b6B0x16bf
0x2296B0x239aB0x16bf	0x8f3fB0x239aB0x16bf
0x2296B0x239aB0x16bf	0x22adB0x239aB0x16bf
0x2285B0x239aB0x16bf	0x2296B0x239aB0x16bf
0x2285B0x239aB0x16bf	0x8f1cB0x239aB0x16bf
0x22adB0x239aB0x16bf	0x8f62B0x239aB0x16bf
0x22adB0x239aB0x16bf	0x22b6B0x239aB0x16bf
0x22b7B0x1352cB0x16bf	0x23d8B0x16bf
0x2296B0x23c9B0x16bf	0x8f3fB0x23c9B0x16bf
0x2296B0x23c9B0x16bf	0x22adB0x23c9B0x16bf
0x2285B0x23c9B0x16bf	0x2296B0x23c9B0x16bf
0x2285B0x23c9B0x16bf	0x8f1cB0x23c9B0x16bf
0x22adB0x23c9B0x16bf	0x8f62B0x23c9B0x16bf
0x22adB0x23c9B0x16bf	0x22b6B0x23c9B0x16bf
0x2441B0x1316d	0x22b7B0x2441B0x1316d
0x2436B0x1316d	0x2285B0x2436B0x1316d
0x241bB0x1316d	0x2285B0x241bB0x1316d
0x240dB0x1316d	0x22b7B0x240dB0x1316d
0x2428B0x1316d	0x22b7B0x2428B0x1316d
0x23f6B0x1316d	0x2285B0x23f6B0x1316d
0x22b7B0x2441B0x1316d	0x13558B0x1316d
0x2296B0x2436B0x1316d	0x8f3fB0x2436B0x1316d
0x2296B0x2436B0x1316d	0x22adB0x2436B0x1316d
0x2285B0x2436B0x1316d	0x2296B0x2436B0x1316d
0x2285B0x2436B0x1316d	0x8f1cB0x2436B0x1316d
0x22adB0x2436B0x1316d	0x8f62B0x2436B0x1316d
0x22adB0x2436B0x1316d	0x22b6B0x2436B0x1316d
0x2296B0x241bB0x1316d	0x8f3fB0x241bB0x1316d
0x2296B0x241bB0x1316d	0x22adB0x241bB0x1316d
0x2285B0x241bB0x1316d	0x2296B0x241bB0x1316d
0x2285B0x241bB0x1316d	0x8f1cB0x241bB0x1316d
0x22adB0x241bB0x1316d	0x8f62B0x241bB0x1316d
0x22adB0x241bB0x1316d	0x22b6B0x241bB0x1316d
0x22b7B0x240dB0x1316d	0x241bB0x1316d
0x22b7B0x2428B0x1316d	0x2436B0x1316d
0x2296B0x23f6B0x1316d	0x8f3fB0x23f6B0x1316d
0x2296B0x23f6B0x1316d	0x22adB0x23f6B0x1316d
0x2285B0x23f6B0x1316d	0x2296B0x23f6B0x1316d
0x2285B0x23f6B0x1316d	0x8f1cB0x23f6B0x1316d
0x22adB0x23f6B0x1316d	0x8f62B0x23f6B0x1316d
0x22adB0x23f6B0x1316d	0x22b6B0x23f6B0x1316d
0x22d7B0x1890	0x1eb4B0x22d7B0x1890
0x22ecB0x1890	0x1eb4B0x22ecB0x1890
0x2303B0x1890	0x220bB0x2303B0x1890
0x23e4B0x1890	0x22b7B0x23e4B0x1890
0x23d8B0x1890	0x2285B0x23d8B0x1890
0x23b6B0x1890	0x2271B0x23b6B0x1890
0x2387B0x1890	0x2271B0x2387B0x1890
0x236aB0x1890	0x220bB0x236aB0x1890
0x2357B0x1890	0x2240B0x2357B0x1890
0x2378B0x1890	0x2240B0x2378B0x1890
0x13500B0x1890	0x22b7B0x13500B0x1890
0x239aB0x1890	0x2285B0x239aB0x1890
0x1352cB0x1890	0x22b7B0x1352cB0x1890
0x23c9B0x1890	0x2285B0x23c9B0x1890
0x1eb4B0x22d7B0x1890	0x8b4dB0x22d7B0x1890
0x1eb4B0x22d7B0x1890	0x1ec7B0x22d7B0x1890
0x1eb4B0x22ecB0x1890	0x8b4dB0x22ecB0x1890
0x1eb4B0x22ecB0x1890	0x1ec7B0x22ecB0x1890
0x221cB0x2303B0x1890	0x8eb3B0x2303B0x1890
0x221cB0x2303B0x1890	0x2233B0x2303B0x1890
0x220bB0x2303B0x1890	0x221cB0x2303B0x1890
0x220bB0x2303B0x1890	0x8e90B0x2303B0x1890
0x2233B0x2303B0x1890	0x8ed6B0x2303B0x1890
0x2233B0x2303B0x1890	0x223fB0x2303B0x1890
0x22b7B0x23e4B0x1890	0x134deB0x1890
0x2296B0x23d8B0x1890	0x8f3fB0x23d8B0x1890
0x2296B0x23d8B0x1890	0x22adB0x23d8B0x1890
0x2285B0x23d8B0x1890	0x2296B0x23d8B0x1890
0x2285B0x23d8B0x1890	0x8f1cB0x23d8B0x1890
0x22adB0x23d8B0x1890	0x8f62B0x23d8B0x1890
0x22adB0x23d8B0x1890	0x22b6B0x23d8B0x1890
0x2282B0x23b6B0x1890	0x23c9B0x1890
0x2271B0x23b6B0x1890	0x2282B0x23b6B0x1890
0x2271B0x23b6B0x1890	0x8ef9B0x23b6B0x1890
0x2282B0x2387B0x1890	0x239aB0x1890
0x2271B0x2387B0x1890	0x2282B0x2387B0x1890
0x2271B0x2387B0x1890	0x8ef9B0x2387B0x1890
0x221cB0x236aB0x1890	0x8eb3B0x236aB0x1890
0x221cB0x236aB0x1890	0x2233B0x236aB0x1890
0x220bB0x236aB0x1890	0x221cB0x236aB0x1890
0x220bB0x236aB0x1890	0x8e90B0x236aB0x1890
0x2233B0x236aB0x1890	0x8ed6B0x236aB0x1890
0x2233B0x236aB0x1890	0x223fB0x236aB0x1890
0x2259B0x2357B0x1890	0x224cB0x2357B0x1890
0x224cB0x2357B0x1890	0x2259B0x2357B0x1890
0x224cB0x2357B0x1890	0x2254B0x2357B0x1890
0x2240B0x2357B0x1890	0x224cB0x2357B0x1890
0x2254B0x2357B0x1890	0x236aB0x1890
0x2259B0x2378B0x1890	0x224cB0x2378B0x1890
0x224cB0x2378B0x1890	0x2259B0x2378B0x1890
0x224cB0x2378B0x1890	0x2254B0x2378B0x1890
0x2240B0x2378B0x1890	0x224cB0x2378B0x1890
0x2254B0x2378B0x1890	0x2387B0x1890
0x22b7B0x13500B0x1890	0x23b6B0x1890
0x2296B0x239aB0x1890	0x8f3fB0x239aB0x1890
0x2296B0x239aB0x1890	0x22adB0x239aB0x1890
0x2285B0x239aB0x1890	0x2296B0x239aB0x1890
0x2285B0x239aB0x1890	0x8f1cB0x239aB0x1890
0x22adB0x239aB0x1890	0x8f62B0x239aB0x1890
0x22adB0x239aB0x1890	0x22b6B0x239aB0x1890
0x22b7B0x1352cB0x1890	0x23d8B0x1890
0x2296B0x23c9B0x1890	0x8f3fB0x23c9B0x1890
0x2296B0x23c9B0x1890	0x22adB0x23c9B0x1890
0x2285B0x23c9B0x1890	0x2296B0x23c9B0x1890
0x2285B0x23c9B0x1890	0x8f1cB0x23c9B0x1890
0x22adB0x23c9B0x1890	0x8f62B0x23c9B0x1890
0x22adB0x23c9B0x1890	0x22b6B0x23c9B0x1890
0x2441B0x13259	0x22b7B0x2441B0x13259
0x2436B0x13259	0x2285B0x2436B0x13259
0x241bB0x13259	0x2285B0x241bB0x13259
0x240dB0x13259	0x22b7B0x240dB0x13259
0x2428B0x13259	0x22b7B0x2428B0x13259
0x23f6B0x13259	0x2285B0x23f6B0x13259
0x22b7B0x2441B0x13259	0x13558B0x13259
0x2296B0x2436B0x13259	0x8f3fB0x2436B0x13259
0x2296B0x2436B0x13259	0x22adB0x2436B0x13259
0x2285B0x2436B0x13259	0x2296B0x2436B0x13259
0x2285B0x2436B0x13259	0x8f1cB0x2436B0x13259
0x22adB0x2436B0x13259	0x8f62B0x2436B0x13259
0x22adB0x2436B0x13259	0x22b6B0x2436B0x13259
0x2296B0x241bB0x13259	0x8f3fB0x241bB0x13259
0x2296B0x241bB0x13259	0x22adB0x241bB0x13259
0x2285B0x241bB0x13259	0x2296B0x241bB0x13259
0x2285B0x241bB0x13259	0x8f1cB0x241bB0x13259
0x22adB0x241bB0x13259	0x8f62B0x241bB0x13259
0x22adB0x241bB0x13259	0x22b6B0x241bB0x13259
0x22b7B0x240dB0x13259	0x241bB0x13259
0x22b7B0x2428B0x13259	0x2436B0x13259
0x2296B0x23f6B0x13259	0x8f3fB0x23f6B0x13259
0x2296B0x23f6B0x13259	0x22adB0x23f6B0x13259
0x2285B0x23f6B0x13259	0x2296B0x23f6B0x13259
0x2285B0x23f6B0x13259	0x8f1cB0x23f6B0x13259
0x22adB0x23f6B0x13259	0x8f62B0x23f6B0x13259
0x22adB0x23f6B0x13259	0x22b6B0x23f6B0x13259
0x3659B0x1be9	0x1f42B0x3659B0x1be9
0x1f610x1f42B0x3659B0x1be9	0x13ad6B0x1be9
0x1f42B0x3659B0x1be9	0x1f610x1f42B0x3659B0x1be9
0x1f42B0x3659B0x1be9	0x8c540x1f42B0x3659B0x1be9
0x3685B0x1bfb	0x1f42B0x3685B0x1bfb
0x3693B0x1bfb	0x373fB0x1bfb
0x373fB0x1bfb	0x1f42B0x373fB0x1bfb
0x1f610x1f42B0x3685B0x1bfb	0x3693B0x1bfb
0x1f42B0x3685B0x1bfb	0x1f610x1f42B0x3685B0x1bfb
0x1f42B0x3685B0x1bfb	0x8c540x1f42B0x3685B0x1bfb
0x1f610x1f42B0x373fB0x1bfb	0x13af8B0x1bfb
0x1f42B0x373fB0x1bfb	0x1f610x1f42B0x373fB0x1bfb
0x1f42B0x373fB0x1bfb	0x8c540x1f42B0x373fB0x1bfb
0x2523B0x1c3a	0x1f65B0x2523B0x1c3a
0x252fB0x1c3a	0x1f42B0x252fB0x1c3a
0x253dB0x1c3a	0x8fa8B0x1c3a
0x253dB0x1c3a	0x254bB0x1c3a
0x254bB0x1c3a	0x1c49
0x1f610x1f42B0x252fB0x1c3a	0x253dB0x1c3a
0x1f42B0x252fB0x1c3a	0x1f610x1f42B0x252fB0x1c3a
0x1f42B0x252fB0x1c3a	0x8c540x1f42B0x252fB0x1c3a
0x1f75B0x2523B0x1c3a	0x252fB0x1c3a
0x1f65B0x2523B0x1c3a	0x1f75B0x2523B0x1c3a
0x1f65B0x2523B0x1c3a	0x8ca0B0x2523B0x1c3a
0x384bB0x27f	0x1eedB0x384bB0x27f
0x3770B0x27f	0x2cbeB0x3770B0x27f
0x377dB0x27f	0x1f42B0x377dB0x27f
0x378bB0x27f	0x2cbeB0x378bB0x27f
0x379aB0x27f	0x379dB0x27f
0x38cbB0x27f	0x1f26B0x38cbB0x27f
0x37c5B0x27f	0x37d0B0x27f
0x37d0B0x27f	0x37dfB0x27f
0x37dfB0x27f	0x1f42B0x37dfB0x27f
0x37eeB0x27f	0x37f4B0x27f
0x38a9B0x27f	0x1eedB0x38a9B0x27f
0x3840B0x27f	0x384bB0x27f
0x3840B0x27f	0x9569B0x27f
0x385aB0x27f	0x33c1B0x385aB0x27f
0x386bB0x27f	0x33c1B0x386bB0x27f
0x3875B0x27f	0x1f26B0x3875B0x27f
0x3882B0x27f	0x33ceB0x3882B0x27f
0x3897B0x27f	0x33ceB0x3897B0x27f
0x38a2B0x27f	0x37b5B0x27f
0x37b5B0x27f	0x37c5B0x27f
0x37b5B0x27f	0x37bdB0x27f
0x38b7B0x27f	0x37f4B0x27f
0x37f4B0x27f	0x38a9B0x27f
0x37f4B0x27f	0x37fcB0x27f
0x38daB0x27f	0x379dB0x27f
0x379dB0x27f	0x38cbB0x27f
0x379dB0x27f	0x37a5B0x27f
0x37a5B0x27f	0x37b5B0x27f
0x37fcB0x27f	0x1f42B0x37fcB0x27f
0x1f05B0x384bB0x27f	0x385aB0x27f
0x1eedB0x384bB0x27f	0x1f05B0x384bB0x27f
0x1eedB0x384bB0x27f	0x8b70B0x384bB0x27f
0x1f610x1f42B0x377dB0x27f	0x378bB0x27f
0x1f42B0x377dB0x27f	0x1f610x1f42B0x377dB0x27f
0x1f42B0x377dB0x27f	0x8c540x1f42B0x377dB0x27f
0x1f3eB0x38cbB0x27f	0x38daB0x27f
0x1f26B0x38cbB0x27f	0x1f3eB0x38cbB0x27f
0x1f26B0x38cbB0x27f	0x8c08B0x38cbB0x27f
0x1f610x1f42B0x37dfB0x27f	0x37eeB0x27f
0x1f42B0x37dfB0x27f	0x1f610x1f42B0x37dfB0x27f
0x1f42B0x37dfB0x27f	0x8c540x1f42B0x37dfB0x27f
0x1f05B0x38a9B0x27f	0x38b7B0x27f
0x1eedB0x38a9B0x27f	0x1f05B0x38a9B0x27f
0x1eedB0x38a9B0x27f	0x8b70B0x38a9B0x27f
0x33c9B0x385aB0x27f	0x386bB0x27f
0x33c1B0x385aB0x27f	0x33c9B0x385aB0x27f
0x33c1B0x385aB0x27f	0x932cB0x385aB0x27f
0x33c9B0x386bB0x27f	0x3875B0x27f
0x33c1B0x386bB0x27f	0x33c9B0x386bB0x27f
0x33c1B0x386bB0x27f	0x932cB0x386bB0x27f
0x1f3eB0x3875B0x27f	0x3882B0x27f
0x1f26B0x3875B0x27f	0x1f3eB0x3875B0x27f
0x1f26B0x3875B0x27f	0x8c08B0x3875B0x27f
0x33d8B0x3882B0x27f	0x3897B0x27f
0x33ceB0x3882B0x27f	0x33d8B0x3882B0x27f
0x33ceB0x3882B0x27f	0x9378B0x3882B0x27f
0x33d8B0x3897B0x27f	0x38a2B0x27f
0x33ceB0x3897B0x27f	0x33d8B0x3897B0x27f
0x33ceB0x3897B0x27f	0x9378B0x3897B0x27f
0x1f610x1f42B0x37fcB0x27f	0x3840B0x27f
0x1f42B0x37fcB0x27f	0x1f610x1f42B0x37fcB0x27f
0x1f42B0x37fcB0x27f	0x8c540x1f42B0x37fcB0x27f
0x2cceB0x3770B0x27f	0x377dB0x27f
0x2cbeB0x3770B0x27f	0x2cceB0x3770B0x27f
0x2cbeB0x3770B0x27f	0x91b6B0x3770B0x27f
0x2cceB0x378bB0x27f	0x379aB0x27f
0x2cbeB0x378bB0x27f	0x2cceB0x378bB0x27f
0x2cbeB0x378bB0x27f	0x91b6B0x378bB0x27f
0x2523B0x298	0x1f65B0x2523B0x298
0x252fB0x298	0x1f42B0x252fB0x298
0x253dB0x298	0x8fa8B0x298
0x253dB0x298	0x254bB0x298
0x254bB0x298	0x2a5
0x1f610x1f42B0x252fB0x298	0x253dB0x298
0x1f42B0x252fB0x298	0x1f610x1f42B0x252fB0x298
0x1f42B0x252fB0x298	0x8c540x1f42B0x252fB0x298
0x1f75B0x2523B0x298	0x252fB0x298
0x1f65B0x2523B0x298	0x1f75B0x2523B0x298
0x1f65B0x2523B0x298	0x8ca0B0x2523B0x298
0x2f81B0x494	0x3210B0x494
0x2f81B0x494	0x2f91B0x494
0x2fe4B0x494	0x1ec8B0x2fe4B0x494
0x318dB0x494	0x1f65B0x318dB0x494
0x31b4B0x494	0x2f17B0x494
0x2eceB0x494	0x2078B0x2eceB0x494
0x2edcB0x494	0x2078B0x2edcB0x494
0x2eebB0x494	0x204fB0x2eebB0x494
0x2efdB0x494	0x204fB0x2efdB0x494
0x2f13B0x494	0x2f17B0x494
0x2f2aB0x494	0x9225B0x494
0x2f2aB0x494	0x2f3aB0x494
0x2f75B0x494	0x2f81B0x494
0x2f75B0x494	0x3224B0x494
0x3224B0x494	0x3245B0x494
0x3224B0x494	0x3232B0x494
0x3210B0x494	0x2f91B0x494
0x138ebB0x494	0x2fddB0x494
0x30bdB0x494	0x1f42B0x30bdB0x494
0x30cbB0x494	0x1f42B0x30cbB0x494
0x3157B0x494	0x318dB0x494
0x3157B0x494	0x31e3B0x494
0x31e3B0x494	0x31aeB0x494
0x3196B0x494	0x1f42B0x3196B0x494
0x31a4B0x494	0x31aeB0x494
0x2f17B0x494	0x2f2aB0x494
0x2f17B0x494	0x2f1fB0x494
0x31aeB0x494	0x31b4B0x494
0x31aeB0x494	0x31bbB0x494
0x2f91B0x494	0x138ebB0x494
0x3245B0x494	0x3232B0x494
0x13941B0x494	0x2fddB0x494
0x3232B0x494	0x13941B0x494
0x2fddB0x494	0x2fe4B0x494
0x2fddB0x494	0x31e8B0x494
0x2f3aB0x494	0x38f5B0x2f3aB0x494
0x1ec8B0x2fe4B0x494	0x30bdB0x494
0x208aB0x2eceB0x494	0x209dB0x2eceB0x494
0x208aB0x2eceB0x494	0x8dbeB0x2eceB0x494
0x209dB0x2eceB0x494	0x8de1B0x2eceB0x494
0x209dB0x2eceB0x494	0x20adB0x2eceB0x494
0x2078B0x2eceB0x494	0x208aB0x2eceB0x494
0x2078B0x2eceB0x494	0x8d9bB0x2eceB0x494
0x208aB0x2edcB0x494	0x209dB0x2edcB0x494
0x208aB0x2edcB0x494	0x8dbeB0x2edcB0x494
0x209dB0x2edcB0x494	0x8de1B0x2edcB0x494
0x209dB0x2edcB0x494	0x20adB0x2edcB0x494
0x2078B0x2edcB0x494	0x208aB0x2edcB0x494
0x2078B0x2edcB0x494	0x8d9bB0x2edcB0x494
0x204fB0x2eebB0x494	0x8d55B0x2eebB0x494
0x204fB0x2eebB0x494	0x2061B0x2eebB0x494
0x204fB0x2efdB0x494	0x8d55B0x2efdB0x494
0x204fB0x2efdB0x494	0x2061B0x2efdB0x494
0x1f610x1f42B0x30bdB0x494	0x30cbB0x494
0x1f42B0x30bdB0x494	0x1f610x1f42B0x30bdB0x494
0x1f42B0x30bdB0x494	0x8c540x1f42B0x30bdB0x494
0x1f610x1f42B0x30cbB0x494	0x3157B0x494
0x1f42B0x30cbB0x494	0x1f610x1f42B0x30cbB0x494
0x1f42B0x30cbB0x494	0x8c540x1f42B0x30cbB0x494
0x1f610x1f42B0x3196B0x494	0x31a4B0x494
0x1f42B0x3196B0x494	0x1f610x1f42B0x3196B0x494
0x1f42B0x3196B0x494	0x8c540x1f42B0x3196B0x494
0x398cB0x2f3aB0x494	0x13b1aB0x2f3aB0x494
0x39dbB0x2f3aB0x494	0x39edB0x2f3aB0x494
0x38f5B0x2f3aB0x494	0x390fB0x2f3aB0x494
0x390fB0x2f3aB0x494	0x391fB0x2f3aB0x494
0x391fB0x2f3aB0x494	0x392fB0x2f3aB0x494
0x392fB0x2f3aB0x494	0x3942B0x2f3aB0x494
0x392fB0x2f3aB0x494	0x3939B0x2f3aB0x494
0x3942B0x2f3aB0x494	0x958cB0x2f3aB0x494
0x3942B0x2f3aB0x494	0x395bB0x2f3aB0x494
0x39f7B0x2f3aB0x494	0x3a12B0x2f3aB0x494
0x39bdB0x2f3aB0x494	0x39d3B0x2f3aB0x494
0x3979B0x2f3aB0x494	0x398cB0x2f3aB0x494
0x3979B0x2f3aB0x494	0x95d8B0x2f3aB0x494
0x3939B0x2f3aB0x494	0x2f75B0x494
0x39abB0x2f3aB0x494	0x13b41B0x2f3aB0x494
0x13b1aB0x2f3aB0x494	0x39abB0x2f3aB0x494
0x39b1B0x2f3aB0x494	0x3973B0x2f3aB0x494
0x13b41B0x2f3aB0x494	0x39b1B0x2f3aB0x494
0x3973B0x2f3aB0x494	0x3939B0x2f3aB0x494
0x39d3B0x2f3aB0x494	0x39dbB0x2f3aB0x494
0x39d3B0x2f3aB0x494	0x9624B0x2f3aB0x494
0x39edB0x2f3aB0x494	0x396cB0x2f3aB0x494
0x396cB0x2f3aB0x494	0x3979B0x2f3aB0x494
0x396cB0x2f3aB0x494	0x3973B0x2f3aB0x494
0x3a12B0x2f3aB0x494	0x3963B0x2f3aB0x494
0x3963B0x2f3aB0x494	0x39bdB0x2f3aB0x494
0x3963B0x2f3aB0x494	0x396cB0x2f3aB0x494
0x395bB0x2f3aB0x494	0x39f7B0x2f3aB0x494
0x395bB0x2f3aB0x494	0x3963B0x2f3aB0x494
0x1f75B0x318dB0x494	0x3196B0x494
0x1f65B0x318dB0x494	0x1f75B0x318dB0x494
0x1f65B0x318dB0x494	0x8ca0B0x318dB0x494
0x2523B0x12e3b	0x1f65B0x2523B0x12e3b
0x252fB0x12e3b	0x1f42B0x252fB0x12e3b
0x253dB0x12e3b	0x8fa8B0x12e3b
0x253dB0x12e3b	0x254bB0x12e3b
0x254bB0x12e3b	0x56a
0x1f610x1f42B0x252fB0x12e3b	0x253dB0x12e3b
0x1f42B0x252fB0x12e3b	0x1f610x1f42B0x252fB0x12e3b
0x1f42B0x252fB0x12e3b	0x8c540x1f42B0x252fB0x12e3b
0x1f75B0x2523B0x12e3b	0x252fB0x12e3b
0x1f65B0x2523B0x12e3b	0x1f75B0x2523B0x12e3b
0x1f65B0x2523B0x12e3b	0x8ca0B0x2523B0x12e3b
0x384bB0x1c15	0x1eedB0x384bB0x1c15
0x3770B0x1c15	0x2cbeB0x3770B0x1c15
0x377dB0x1c15	0x1f42B0x377dB0x1c15
0x378bB0x1c15	0x2cbeB0x378bB0x1c15
0x379aB0x1c15	0x379dB0x1c15
0x38cbB0x1c15	0x1f26B0x38cbB0x1c15
0x37c5B0x1c15	0x37d0B0x1c15
0x37d0B0x1c15	0x37dfB0x1c15
0x37dfB0x1c15	0x1f42B0x37dfB0x1c15
0x37eeB0x1c15	0x37f4B0x1c15
0x38a9B0x1c15	0x1eedB0x38a9B0x1c15
0x3840B0x1c15	0x384bB0x1c15
0x3840B0x1c15	0x9569B0x1c15
0x385aB0x1c15	0x33c1B0x385aB0x1c15
0x386bB0x1c15	0x33c1B0x386bB0x1c15
0x3875B0x1c15	0x1f26B0x3875B0x1c15
0x3882B0x1c15	0x33ceB0x3882B0x1c15
0x3897B0x1c15	0x33ceB0x3897B0x1c15
0x38a2B0x1c15	0x37b5B0x1c15
0x37b5B0x1c15	0x37c5B0x1c15
0x37b5B0x1c15	0x37bdB0x1c15
0x38b7B0x1c15	0x37f4B0x1c15
0x37f4B0x1c15	0x38a9B0x1c15
0x37f4B0x1c15	0x37fcB0x1c15
0x38daB0x1c15	0x379dB0x1c15
0x379dB0x1c15	0x38cbB0x1c15
0x379dB0x1c15	0x37a5B0x1c15
0x37a5B0x1c15	0x37b5B0x1c15
0x37fcB0x1c15	0x1f42B0x37fcB0x1c15
0x1f05B0x384bB0x1c15	0x385aB0x1c15
0x1eedB0x384bB0x1c15	0x1f05B0x384bB0x1c15
0x1eedB0x384bB0x1c15	0x8b70B0x384bB0x1c15
0x1f610x1f42B0x377dB0x1c15	0x378bB0x1c15
0x1f42B0x377dB0x1c15	0x1f610x1f42B0x377dB0x1c15
0x1f42B0x377dB0x1c15	0x8c540x1f42B0x377dB0x1c15
0x1f3eB0x38cbB0x1c15	0x38daB0x1c15
0x1f26B0x38cbB0x1c15	0x1f3eB0x38cbB0x1c15
0x1f26B0x38cbB0x1c15	0x8c08B0x38cbB0x1c15
0x1f610x1f42B0x37dfB0x1c15	0x37eeB0x1c15
0x1f42B0x37dfB0x1c15	0x1f610x1f42B0x37dfB0x1c15
0x1f42B0x37dfB0x1c15	0x8c540x1f42B0x37dfB0x1c15
0x1f05B0x38a9B0x1c15	0x38b7B0x1c15
0x1eedB0x38a9B0x1c15	0x1f05B0x38a9B0x1c15
0x1eedB0x38a9B0x1c15	0x8b70B0x38a9B0x1c15
0x33c9B0x385aB0x1c15	0x386bB0x1c15
0x33c1B0x385aB0x1c15	0x33c9B0x385aB0x1c15
0x33c1B0x385aB0x1c15	0x932cB0x385aB0x1c15
0x33c9B0x386bB0x1c15	0x3875B0x1c15
0x33c1B0x386bB0x1c15	0x33c9B0x386bB0x1c15
0x33c1B0x386bB0x1c15	0x932cB0x386bB0x1c15
0x1f3eB0x3875B0x1c15	0x3882B0x1c15
0x1f26B0x3875B0x1c15	0x1f3eB0x3875B0x1c15
0x1f26B0x3875B0x1c15	0x8c08B0x3875B0x1c15
0x33d8B0x3882B0x1c15	0x3897B0x1c15
0x33ceB0x3882B0x1c15	0x33d8B0x3882B0x1c15
0x33ceB0x3882B0x1c15	0x9378B0x3882B0x1c15
0x33d8B0x3897B0x1c15	0x38a2B0x1c15
0x33ceB0x3897B0x1c15	0x33d8B0x3897B0x1c15
0x33ceB0x3897B0x1c15	0x9378B0x3897B0x1c15
0x1f610x1f42B0x37fcB0x1c15	0x3840B0x1c15
0x1f42B0x37fcB0x1c15	0x1f610x1f42B0x37fcB0x1c15
0x1f42B0x37fcB0x1c15	0x8c540x1f42B0x37fcB0x1c15
0x2cceB0x3770B0x1c15	0x377dB0x1c15
0x2cbeB0x3770B0x1c15	0x2cceB0x3770B0x1c15
0x2cbeB0x3770B0x1c15	0x91b6B0x3770B0x1c15
0x2cceB0x378bB0x1c15	0x379aB0x1c15
0x2cbeB0x378bB0x1c15	0x2cceB0x378bB0x1c15
0x2cbeB0x378bB0x1c15	0x91b6B0x378bB0x1c15
0x2f81B0x1de3	0x3210B0x1de3
0x2f81B0x1de3	0x2f91B0x1de3
0x2fe4B0x1de3	0x1ec8B0x2fe4B0x1de3
0x318dB0x1de3	0x1f65B0x318dB0x1de3
0x31b4B0x1de3	0x2f17B0x1de3
0x2eceB0x1de3	0x2078B0x2eceB0x1de3
0x2edcB0x1de3	0x2078B0x2edcB0x1de3
0x2eebB0x1de3	0x204fB0x2eebB0x1de3
0x2efdB0x1de3	0x204fB0x2efdB0x1de3
0x2f13B0x1de3	0x2f17B0x1de3
0x2f2aB0x1de3	0x9225B0x1de3
0x2f2aB0x1de3	0x2f3aB0x1de3
0x2f75B0x1de3	0x2f81B0x1de3
0x2f75B0x1de3	0x3224B0x1de3
0x3224B0x1de3	0x3245B0x1de3
0x3224B0x1de3	0x3232B0x1de3
0x3210B0x1de3	0x2f91B0x1de3
0x138ebB0x1de3	0x2fddB0x1de3
0x30bdB0x1de3	0x1f42B0x30bdB0x1de3
0x30cbB0x1de3	0x1f42B0x30cbB0x1de3
0x3157B0x1de3	0x318dB0x1de3
0x3157B0x1de3	0x31e3B0x1de3
0x31e3B0x1de3	0x31aeB0x1de3
0x3196B0x1de3	0x1f42B0x3196B0x1de3
0x31a4B0x1de3	0x31aeB0x1de3
0x2f17B0x1de3	0x2f2aB0x1de3
0x2f17B0x1de3	0x2f1fB0x1de3
0x31aeB0x1de3	0x31b4B0x1de3
0x31aeB0x1de3	0x31bbB0x1de3
0x2f91B0x1de3	0x138ebB0x1de3
0x3245B0x1de3	0x3232B0x1de3
0x13941B0x1de3	0x2fddB0x1de3
0x3232B0x1de3	0x13941B0x1de3
0x2fddB0x1de3	0x2fe4B0x1de3
0x2fddB0x1de3	0x31e8B0x1de3
0x2f3aB0x1de3	0x38f5B0x2f3aB0x1de3
0x1ec8B0x2fe4B0x1de3	0x30bdB0x1de3
0x208aB0x2eceB0x1de3	0x209dB0x2eceB0x1de3
0x208aB0x2eceB0x1de3	0x8dbeB0x2eceB0x1de3
0x209dB0x2eceB0x1de3	0x8de1B0x2eceB0x1de3
0x209dB0x2eceB0x1de3	0x20adB0x2eceB0x1de3
0x2078B0x2eceB0x1de3	0x208aB0x2eceB0x1de3
0x2078B0x2eceB0x1de3	0x8d9bB0x2eceB0x1de3
0x208aB0x2edcB0x1de3	0x209dB0x2edcB0x1de3
0x208aB0x2edcB0x1de3	0x8dbeB0x2edcB0x1de3
0x209dB0x2edcB0x1de3	0x8de1B0x2edcB0x1de3
0x209dB0x2edcB0x1de3	0x20adB0x2edcB0x1de3
0x2078B0x2edcB0x1de3	0x208aB0x2edcB0x1de3
0x2078B0x2edcB0x1de3	0x8d9bB0x2edcB0x1de3
0x204fB0x2eebB0x1de3	0x8d55B0x2eebB0x1de3
0x204fB0x2eebB0x1de3	0x2061B0x2eebB0x1de3
0x204fB0x2efdB0x1de3	0x8d55B0x2efdB0x1de3
0x204fB0x2efdB0x1de3	0x2061B0x2efdB0x1de3
0x1f610x1f42B0x30bdB0x1de3	0x30cbB0x1de3
0x1f42B0x30bdB0x1de3	0x1f610x1f42B0x30bdB0x1de3
0x1f42B0x30bdB0x1de3	0x8c540x1f42B0x30bdB0x1de3
0x1f610x1f42B0x30cbB0x1de3	0x3157B0x1de3
0x1f42B0x30cbB0x1de3	0x1f610x1f42B0x30cbB0x1de3
0x1f42B0x30cbB0x1de3	0x8c540x1f42B0x30cbB0x1de3
0x1f610x1f42B0x3196B0x1de3	0x31a4B0x1de3
0x1f42B0x3196B0x1de3	0x1f610x1f42B0x3196B0x1de3
0x1f42B0x3196B0x1de3	0x8c540x1f42B0x3196B0x1de3
0x398cB0x2f3aB0x1de3	0x13b1aB0x2f3aB0x1de3
0x39dbB0x2f3aB0x1de3	0x39edB0x2f3aB0x1de3
0x38f5B0x2f3aB0x1de3	0x390fB0x2f3aB0x1de3
0x390fB0x2f3aB0x1de3	0x391fB0x2f3aB0x1de3
0x391fB0x2f3aB0x1de3	0x392fB0x2f3aB0x1de3
0x392fB0x2f3aB0x1de3	0x3942B0x2f3aB0x1de3
0x392fB0x2f3aB0x1de3	0x3939B0x2f3aB0x1de3
0x3942B0x2f3aB0x1de3	0x958cB0x2f3aB0x1de3
0x3942B0x2f3aB0x1de3	0x395bB0x2f3aB0x1de3
0x39f7B0x2f3aB0x1de3	0x3a12B0x2f3aB0x1de3
0x39bdB0x2f3aB0x1de3	0x39d3B0x2f3aB0x1de3
0x3979B0x2f3aB0x1de3	0x398cB0x2f3aB0x1de3
0x3979B0x2f3aB0x1de3	0x95d8B0x2f3aB0x1de3
0x3939B0x2f3aB0x1de3	0x2f75B0x1de3
0x39abB0x2f3aB0x1de3	0x13b41B0x2f3aB0x1de3
0x13b1aB0x2f3aB0x1de3	0x39abB0x2f3aB0x1de3
0x39b1B0x2f3aB0x1de3	0x3973B0x2f3aB0x1de3
0x13b41B0x2f3aB0x1de3	0x39b1B0x2f3aB0x1de3
0x3973B0x2f3aB0x1de3	0x3939B0x2f3aB0x1de3
0x39d3B0x2f3aB0x1de3	0x39dbB0x2f3aB0x1de3
0x39d3B0x2f3aB0x1de3	0x9624B0x2f3aB0x1de3
0x39edB0x2f3aB0x1de3	0x396cB0x2f3aB0x1de3
0x396cB0x2f3aB0x1de3	0x3979B0x2f3aB0x1de3
0x396cB0x2f3aB0x1de3	0x3973B0x2f3aB0x1de3
0x3a12B0x2f3aB0x1de3	0x3963B0x2f3aB0x1de3
0x3963B0x2f3aB0x1de3	0x39bdB0x2f3aB0x1de3
0x3963B0x2f3aB0x1de3	0x396cB0x2f3aB0x1de3
0x395bB0x2f3aB0x1de3	0x39f7B0x2f3aB0x1de3
0x395bB0x2f3aB0x1de3	0x3963B0x2f3aB0x1de3
0x1f75B0x318dB0x1de3	0x3196B0x1de3
0x1f65B0x318dB0x1de3	0x1f75B0x318dB0x1de3
0x1f65B0x318dB0x1de3	0x8ca0B0x318dB0x1de3
0x1e4dB0x1e5	0x1f2
0x1e7bB0x20a	0x217
0x2061B0x475	0x486
0x1e7bB0x551	0x12e3b
0x3306B0x7c7	0x7ce
0x2061B0x929	0x936
0x3306B0x13b3	0x13ba
0x3306B0x162a	0x1631
0x20adB0x19c4	0x19db
0x1e4dB0x1b8b	0x1b98
0x1e7bB0x1bad	0x1bba
0x2061B0x1db9	0x1dd4
0x2597B0x217	0x222
0x204eB0x248	0x253
0x2061B0x25e	0x268
0x20adB0x271	0x27f
0x2061B0x5c2	0x5d1
0x20adB0x5d1	0x5e8
0x2061B0x860	0x87a
0x2061B0x87a	0x88a
0x20adB0x88a	0x89e
0x20adB0x89e	0x8b4
0x33bfB0x8ea	0x901
0x2061B0x936	0x944
0x33bfB0x944	0x953
0x20adB0x953	0x12f5a
0x20adB0x9a2	0x12fba
0x220aB0x9da	0xa4b
0x20adB0xa4b	0xa61
0x204eB0xa7e	0xa84
0x204eB0xabd	0xad1
0x2061B0x1186	0x11a9
0x1ec7B0x12b9	0x12c8
0x1ec7B0x15b1	0x15d2
0x20adB0x195d	0x196d
0x220aB0x16a1	0x13141
0x204eB0x13141	0x16bf
0x2061B0x1776	0x1319e
0x220aB0x187f	0x1322d
0x204eB0x1322d	0x1890
0x13a25B0x196d	0x1973
0x3342B0x196d	0x1973
0x2597B0x1bba	0x1bc4
0x2061B0x1bf1	0x1bfb
0x204eB0x1be2	0x1be9
0x20adB0x1c04	0x1c15
0x2061B0x84a	0x860
0x2061B0x192f	0x1328a
0x13ad6B0x253	0x25e
0x13af8B0x268	0x271
0x1ec7B0x2635B0xbce	0x2656B0xbce
0x22b6B0x2656B0xbce	0x266bB0xbce
0x134deB0x16bf	0x1316d
0x1ec7B0x22d7B0x16bf	0x22ecB0x16bf
0x1ec7B0x22ecB0x16bf	0x2303B0x16bf
0x223fB0x2303B0x16bf	0x2357B0x16bf
0x22b6B0x23d8B0x16bf	0x23e4B0x16bf
0x223fB0x236aB0x16bf	0x2378B0x16bf
0x22b6B0x239aB0x16bf	0x13500B0x16bf
0x22b6B0x23c9B0x16bf	0x1352cB0x16bf
0x13558B0x1316d	0x13110
0x22b6B0x2436B0x1316d	0x2441B0x1316d
0x22b6B0x241bB0x1316d	0x2428B0x1316d
0x22b6B0x23f6B0x1316d	0x240dB0x1316d
0x134deB0x1890	0x13259
0x1ec7B0x22d7B0x1890	0x22ecB0x1890
0x1ec7B0x22ecB0x1890	0x2303B0x1890
0x223fB0x2303B0x1890	0x2357B0x1890
0x22b6B0x23d8B0x1890	0x23e4B0x1890
0x223fB0x236aB0x1890	0x2378B0x1890
0x22b6B0x239aB0x1890	0x13500B0x1890
0x22b6B0x23c9B0x1890	0x1352cB0x1890
0x13558B0x13259	0x131fc
0x22b6B0x2436B0x13259	0x2441B0x13259
0x22b6B0x241bB0x13259	0x2428B0x13259
0x22b6B0x23f6B0x13259	0x240dB0x13259
0x13ad6B0x1be9	0x1bf1
0x13af8B0x1bfb	0x1c04
0x37bdB0x27f	0x28a
0x2f1fB0x494	0x12e14
0x20adB0x2eceB0x494	0x2edcB0x494
0x20adB0x2edcB0x494	0x2eebB0x494
0x2061B0x2eebB0x494	0x2efdB0x494
0x2061B0x2efdB0x494	0x2f13B0x494
0x37bdB0x1c15	0x1c1c
0x2f1fB0x1de3	0x13366
0x20adB0x2eceB0x1de3	0x2edcB0x1de3
0x20adB0x2edcB0x1de3	0x2eebB0x1de3
0x2061B0x2eebB0x1de3	0x2efdB0x1de3
0x2061B0x2efdB0x1de3	0x2f13B0x1de3
0x326bB0x12df0	0x3a1eB0x326bB0x12df0
0x327dB0x12df0	0x3297B0x12df0
0x327dB0x12df0	0x3285B0x12df0
0x329fB0x12df0	0x3456B0x329fB0x12df0
0x3259B0x12df0	0x201cB0x3259B0x12df0
0x3263B0x12df0	0x326bB0x12df0
0x3263B0x12df0	0x32b00x3259B0x12df0
0x3273B0x12df0	0x327dB0x12df0
0x3273B0x12df0	0x9271B0x12df0
0x3297B0x12df0	0x329fB0x12df0
0x3297B0x12df0	0x32b00x3259B0x12df0
0x13997B0x12df0	0x3b4bB0x13997B0x12df0
0x139bcB0x12df0	0x46f
0x139deB0x12df0	0x3a54B0x139deB0x12df0
0x13a03B0x12df0	0x46f
0x3285B0x12df0	0x3578B0x3285B0x12df0
0x32b00x3259B0x12df0	0x46f
0x202eB0x3259B0x12df0	0x2041B0x3259B0x12df0
0x202eB0x3259B0x12df0	0x8d0fB0x3259B0x12df0
0x2041B0x3259B0x12df0	0x8d32B0x3259B0x12df0
0x2041B0x3259B0x12df0	0x204eB0x3259B0x12df0
0x201cB0x3259B0x12df0	0x202eB0x3259B0x12df0
0x201cB0x3259B0x12df0	0x8cecB0x3259B0x12df0
0x3a3fB0x326bB0x12df0	0x96bcB0x326bB0x12df0
0x3a3fB0x326bB0x12df0	0x3a4cB0x326bB0x12df0
0x3a1eB0x326bB0x12df0	0x201cB0x3a1eB0x326bB0x12df0
0x3a28B0x326bB0x12df0	0x3a4eB0x326bB0x12df0
0x3a28B0x326bB0x12df0	0x3a30B0x326bB0x12df0
0x3a4eB0x326bB0x12df0	0x3273B0x12df0
0x3a39B0x326bB0x12df0	0x3a3fB0x326bB0x12df0
0x3a39B0x326bB0x12df0	0x9670B0x326bB0x12df0
0x3a30B0x326bB0x12df0	0x201cB0x3a30B0x326bB0x12df0
0x202eB0x3a1eB0x326bB0x12df0	0x2041B0x3a1eB0x326bB0x12df0
0x202eB0x3a1eB0x326bB0x12df0	0x8d0fB0x3a1eB0x326bB0x12df0
0x2041B0x3a1eB0x326bB0x12df0	0x8d32B0x3a1eB0x326bB0x12df0
0x2041B0x3a1eB0x326bB0x12df0	0x204eB0x3a1eB0x326bB0x12df0
0x201cB0x3a1eB0x326bB0x12df0	0x202eB0x3a1eB0x326bB0x12df0
0x201cB0x3a1eB0x326bB0x12df0	0x8cecB0x3a1eB0x326bB0x12df0
0x202eB0x3a30B0x326bB0x12df0	0x2041B0x3a30B0x326bB0x12df0
0x202eB0x3a30B0x326bB0x12df0	0x8d0fB0x3a30B0x326bB0x12df0
0x2041B0x3a30B0x326bB0x12df0	0x8d32B0x3a30B0x326bB0x12df0
0x2041B0x3a30B0x326bB0x12df0	0x204eB0x3a30B0x326bB0x12df0
0x201cB0x3a30B0x326bB0x12df0	0x202eB0x3a30B0x326bB0x12df0
0x201cB0x3a30B0x326bB0x12df0	0x8cecB0x3a30B0x326bB0x12df0
0x3b53B0x13997B0x12df0	0x3b67B0x13997B0x12df0
0x3b70B0x13997B0x12df0	0x21a2B0x3b70B0x13997B0x12df0
0x3c07B0x13997B0x12df0	0x139bcB0x12df0
0x3bf5B0x13997B0x12df0	0x139bcB0x12df0
0x3b81B0x13997B0x12df0	0x3b89B0x13997B0x12df0
0x3b89B0x13997B0x12df0	0x204fB0x3b89B0x13997B0x12df0
0x3be3B0x13997B0x12df0	0x3b67B0x13997B0x12df0
0x3b95B0x13997B0x12df0	0x201cB0x3b95B0x13997B0x12df0
0x13bbaB0x13997B0x12df0	0x1f42B0x13bbaB0x13997B0x12df0
0x3ba5B0x13997B0x12df0	0x13bbaB0x13997B0x12df0
0x3b67B0x13997B0x12df0	0x3b70B0x13997B0x12df0
0x3b67B0x13997B0x12df0	0x3bf5B0x13997B0x12df0
0x3b4bB0x13997B0x12df0	0x3b53B0x13997B0x12df0
0x3b4bB0x13997B0x12df0	0x3c07B0x13997B0x12df0
0x21d2B0x3b70B0x13997B0x12df0	0x3b81B0x13997B0x12df0
0x21a2B0x3b70B0x13997B0x12df0	0x21d2B0x3b70B0x13997B0x12df0
0x21a2B0x3b70B0x13997B0x12df0	0x8e04B0x3b70B0x13997B0x12df0
0x204fB0x3b89B0x13997B0x12df0	0x8d55B0x3b89B0x13997B0x12df0
0x204fB0x3b89B0x13997B0x12df0	0x2061B0x3b89B0x13997B0x12df0
0x202eB0x3b95B0x13997B0x12df0	0x2041B0x3b95B0x13997B0x12df0
0x202eB0x3b95B0x13997B0x12df0	0x8d0fB0x3b95B0x13997B0x12df0
0x2041B0x3b95B0x13997B0x12df0	0x8d32B0x3b95B0x13997B0x12df0
0x2041B0x3b95B0x13997B0x12df0	0x204eB0x3b95B0x13997B0x12df0
0x201cB0x3b95B0x13997B0x12df0	0x202eB0x3b95B0x13997B0x12df0
0x201cB0x3b95B0x13997B0x12df0	0x8cecB0x3b95B0x13997B0x12df0
0x1f610x1f42B0x13bbaB0x13997B0x12df0	0x3be3B0x13997B0x12df0
0x1f42B0x13bbaB0x13997B0x12df0	0x1f610x1f42B0x13bbaB0x13997B0x12df0
0x1f42B0x13bbaB0x13997B0x12df0	0x8c540x1f42B0x13bbaB0x13997B0x12df0
0x3469B0x329fB0x12df0	0x34c0B0x329fB0x12df0
0x3469B0x329fB0x12df0	0x3470B0x329fB0x12df0
0x3484B0x329fB0x12df0	0x348fB0x329fB0x12df0
0x3484B0x329fB0x12df0	0x947fB0x329fB0x12df0
0x348fB0x329fB0x12df0	0x139deB0x12df0
0x3456B0x329fB0x12df0	0x3a1eB0x3456B0x329fB0x12df0
0x345fB0x329fB0x12df0	0x3469B0x329fB0x12df0
0x345fB0x329fB0x12df0	0x9410B0x329fB0x12df0
0x3479B0x329fB0x12df0	0x3484B0x329fB0x12df0
0x3479B0x329fB0x12df0	0x945cB0x329fB0x12df0
0x3470B0x329fB0x12df0	0x201cB0x3470B0x329fB0x12df0
0x202eB0x3470B0x329fB0x12df0	0x2041B0x3470B0x329fB0x12df0
0x202eB0x3470B0x329fB0x12df0	0x8d0fB0x3470B0x329fB0x12df0
0x2041B0x3470B0x329fB0x12df0	0x8d32B0x3470B0x329fB0x12df0
0x2041B0x3470B0x329fB0x12df0	0x204eB0x3470B0x329fB0x12df0
0x201cB0x3470B0x329fB0x12df0	0x202eB0x3470B0x329fB0x12df0
0x201cB0x3470B0x329fB0x12df0	0x8cecB0x3470B0x329fB0x12df0
0x3a3fB0x3456B0x329fB0x12df0	0x96bcB0x3456B0x329fB0x12df0
0x3a3fB0x3456B0x329fB0x12df0	0x3a4cB0x3456B0x329fB0x12df0
0x3a1eB0x3456B0x329fB0x12df0	0x201cB0x3a1eB0x3456B0x329fB0x12df0
0x3a28B0x3456B0x329fB0x12df0	0x3a4eB0x3456B0x329fB0x12df0
0x3a28B0x3456B0x329fB0x12df0	0x3a30B0x3456B0x329fB0x12df0
0x3a4eB0x3456B0x329fB0x12df0	0x345fB0x329fB0x12df0
0x3a39B0x3456B0x329fB0x12df0	0x3a3fB0x3456B0x329fB0x12df0
0x3a39B0x3456B0x329fB0x12df0	0x9670B0x3456B0x329fB0x12df0
0x3a30B0x3456B0x329fB0x12df0	0x201cB0x3a30B0x3456B0x329fB0x12df0
0x202eB0x3a1eB0x3456B0x329fB0x12df0	0x2041B0x3a1eB0x3456B0x329fB0x12df0
0x202eB0x3a1eB0x3456B0x329fB0x12df0	0x8d0fB0x3a1eB0x3456B0x329fB0x12df0
0x2041B0x3a1eB0x3456B0x329fB0x12df0	0x8d32B0x3a1eB0x3456B0x329fB0x12df0
0x2041B0x3a1eB0x3456B0x329fB0x12df0	0x204eB0x3a1eB0x3456B0x329fB0x12df0
0x201cB0x3a1eB0x3456B0x329fB0x12df0	0x202eB0x3a1eB0x3456B0x329fB0x12df0
0x201cB0x3a1eB0x3456B0x329fB0x12df0	0x8cecB0x3a1eB0x3456B0x329fB0x12df0
0x202eB0x3a30B0x3456B0x329fB0x12df0	0x2041B0x3a30B0x3456B0x329fB0x12df0
0x202eB0x3a30B0x3456B0x329fB0x12df0	0x8d0fB0x3a30B0x3456B0x329fB0x12df0
0x2041B0x3a30B0x3456B0x329fB0x12df0	0x8d32B0x3a30B0x3456B0x329fB0x12df0
0x2041B0x3a30B0x3456B0x329fB0x12df0	0x204eB0x3a30B0x3456B0x329fB0x12df0
0x201cB0x3a30B0x3456B0x329fB0x12df0	0x202eB0x3a30B0x3456B0x329fB0x12df0
0x201cB0x3a30B0x3456B0x329fB0x12df0	0x8cecB0x3a30B0x3456B0x329fB0x12df0
0x358bB0x3285B0x12df0	0x3631B0x3285B0x12df0
0x358bB0x3285B0x12df0	0x3592B0x3285B0x12df0
0x35a6B0x3285B0x12df0	0x9511B0x3285B0x12df0
0x35a6B0x3285B0x12df0	0x35cfB0x3285B0x12df0
0x3621B0x3285B0x12df0	0x35e0B0x3285B0x12df0
0x3578B0x3285B0x12df0	0x3a1eB0x3578B0x3285B0x12df0
0x3581B0x3285B0x12df0	0x358bB0x3285B0x12df0
0x3581B0x3285B0x12df0	0x94a2B0x3285B0x12df0
0x359bB0x3285B0x12df0	0x35a6B0x3285B0x12df0
0x359bB0x3285B0x12df0	0x94eeB0x3285B0x12df0
0x35dcB0x3285B0x12df0	0x35e0B0x3285B0x12df0
0x3628B0x3285B0x12df0	0x35d4B0x3285B0x12df0
0x35e0B0x3285B0x12df0	0x953dB0x3285B0x12df0
0x35e0B0x3285B0x12df0	0x361bB0x3285B0x12df0
0x35d4B0x3285B0x12df0	0x13997B0x12df0
0x3592B0x3285B0x12df0	0x201cB0x3592B0x3285B0x12df0
0x35cfB0x3285B0x12df0	0x35dcB0x3285B0x12df0
0x35cfB0x3285B0x12df0	0x35d4B0x3285B0x12df0
0x361bB0x3285B0x12df0	0x3621B0x3285B0x12df0
0x361bB0x3285B0x12df0	0x3628B0x3285B0x12df0
0x202eB0x3592B0x3285B0x12df0	0x2041B0x3592B0x3285B0x12df0
0x202eB0x3592B0x3285B0x12df0	0x8d0fB0x3592B0x3285B0x12df0
0x2041B0x3592B0x3285B0x12df0	0x8d32B0x3592B0x3285B0x12df0
0x2041B0x3592B0x3285B0x12df0	0x204eB0x3592B0x3285B0x12df0
0x201cB0x3592B0x3285B0x12df0	0x202eB0x3592B0x3285B0x12df0
0x201cB0x3592B0x3285B0x12df0	0x8cecB0x3592B0x3285B0x12df0
0x3a3fB0x3578B0x3285B0x12df0	0x96bcB0x3578B0x3285B0x12df0
0x3a3fB0x3578B0x3285B0x12df0	0x3a4cB0x3578B0x3285B0x12df0
0x3a1eB0x3578B0x3285B0x12df0	0x201cB0x3a1eB0x3578B0x3285B0x12df0
0x3a28B0x3578B0x3285B0x12df0	0x3a4eB0x3578B0x3285B0x12df0
0x3a28B0x3578B0x3285B0x12df0	0x3a30B0x3578B0x3285B0x12df0
0x3a4eB0x3578B0x3285B0x12df0	0x3581B0x3285B0x12df0
0x3a39B0x3578B0x3285B0x12df0	0x3a3fB0x3578B0x3285B0x12df0
0x3a39B0x3578B0x3285B0x12df0	0x9670B0x3578B0x3285B0x12df0
0x3a30B0x3578B0x3285B0x12df0	0x201cB0x3a30B0x3578B0x3285B0x12df0
0x202eB0x3a1eB0x3578B0x3285B0x12df0	0x2041B0x3a1eB0x3578B0x3285B0x12df0
0x202eB0x3a1eB0x3578B0x3285B0x12df0	0x8d0fB0x3a1eB0x3578B0x3285B0x12df0
0x2041B0x3a1eB0x3578B0x3285B0x12df0	0x8d32B0x3a1eB0x3578B0x3285B0x12df0
0x2041B0x3a1eB0x3578B0x3285B0x12df0	0x204eB0x3a1eB0x3578B0x3285B0x12df0
0x201cB0x3a1eB0x3578B0x3285B0x12df0	0x202eB0x3a1eB0x3578B0x3285B0x12df0
0x201cB0x3a1eB0x3578B0x3285B0x12df0	0x8cecB0x3a1eB0x3578B0x3285B0x12df0
0x202eB0x3a30B0x3578B0x3285B0x12df0	0x2041B0x3a30B0x3578B0x3285B0x12df0
0x202eB0x3a30B0x3578B0x3285B0x12df0	0x8d0fB0x3a30B0x3578B0x3285B0x12df0
0x2041B0x3a30B0x3578B0x3285B0x12df0	0x8d32B0x3a30B0x3578B0x3285B0x12df0
0x2041B0x3a30B0x3578B0x3285B0x12df0	0x204eB0x3a30B0x3578B0x3285B0x12df0
0x201cB0x3a30B0x3578B0x3285B0x12df0	0x202eB0x3a30B0x3578B0x3285B0x12df0
0x201cB0x3a30B0x3578B0x3285B0x12df0	0x8cecB0x3a30B0x3578B0x3285B0x12df0
0x204eB0x3259B0x12df0	0x3263B0x12df0
0x3a4cB0x326bB0x12df0	0x3273B0x12df0
0x204eB0x3a1eB0x326bB0x12df0	0x3a28B0x326bB0x12df0
0x204eB0x3a30B0x326bB0x12df0	0x3a39B0x326bB0x12df0
0x2061B0x3b89B0x13997B0x12df0	0x3b95B0x13997B0x12df0
0x204eB0x3b95B0x13997B0x12df0	0x3ba5B0x13997B0x12df0
0x204eB0x3470B0x329fB0x12df0	0x3479B0x329fB0x12df0
0x3a4cB0x3456B0x329fB0x12df0	0x345fB0x329fB0x12df0
0x204eB0x3a1eB0x3456B0x329fB0x12df0	0x3a28B0x3456B0x329fB0x12df0
0x204eB0x3a30B0x3456B0x329fB0x12df0	0x3a39B0x3456B0x329fB0x12df0
0x204eB0x3592B0x3285B0x12df0	0x359bB0x3285B0x12df0
0x3a4cB0x3578B0x3285B0x12df0	0x3581B0x3285B0x12df0
0x204eB0x3a1eB0x3578B0x3285B0x12df0	0x3a28B0x3578B0x3285B0x12df0
0x204eB0x3a30B0x3578B0x3285B0x12df0	0x3a39B0x3578B0x3285B0x12df0
0x3a64B0x139deB0x12df0	0x1f26B0x3a64B0x139deB0x12df0
0x3af9B0x139deB0x12df0	0x33c1B0x3af9B0x139deB0x12df0
0x3aa1B0x139deB0x12df0	0x3abbB0x139deB0x12df0
0x3a8fB0x139deB0x12df0	0x2523B0x3a8fB0x139deB0x12df0
0x13b68B0x139deB0x12df0	0x1f42B0x13b68B0x139deB0x12df0
0x3abbB0x139deB0x12df0	0x13b68B0x139deB0x12df0
0x3b05B0x139deB0x12df0	0x3b16B0x139deB0x12df0
0x3b32B0x139deB0x12df0	0x3b16B0x139deB0x12df0
0x13b95B0x139deB0x12df0	0x13a03B0x12df0
0x3b16B0x139deB0x12df0	0x3b32B0x139deB0x12df0
0x3b16B0x139deB0x12df0	0x3b1eB0x139deB0x12df0
0x3a54B0x139deB0x12df0	0x1f42B0x3a54B0x139deB0x12df0
0x3b1eB0x139deB0x12df0	0x1f42B0x3b1eB0x139deB0x12df0
0x1f3eB0x3a64B0x139deB0x12df0	0x3a8fB0x139deB0x12df0
0x1f26B0x3a64B0x139deB0x12df0	0x1f3eB0x3a64B0x139deB0x12df0
0x1f26B0x3a64B0x139deB0x12df0	0x8c08B0x3a64B0x139deB0x12df0
0x33c9B0x3af9B0x139deB0x12df0	0x3b05B0x139deB0x12df0
0x33c1B0x3af9B0x139deB0x12df0	0x33c9B0x3af9B0x139deB0x12df0
0x33c1B0x3af9B0x139deB0x12df0	0x932cB0x3af9B0x139deB0x12df0
0x1f610x1f42B0x13b68B0x139deB0x12df0	0x3af9B0x139deB0x12df0
0x1f42B0x13b68B0x139deB0x12df0	0x1f610x1f42B0x13b68B0x139deB0x12df0
0x1f42B0x13b68B0x139deB0x12df0	0x8c540x1f42B0x13b68B0x139deB0x12df0
0x1f610x1f42B0x3a54B0x139deB0x12df0	0x3a64B0x139deB0x12df0
0x1f42B0x3a54B0x139deB0x12df0	0x1f610x1f42B0x3a54B0x139deB0x12df0
0x1f42B0x3a54B0x139deB0x12df0	0x8c540x1f42B0x3a54B0x139deB0x12df0
0x1f610x1f42B0x3b1eB0x139deB0x12df0	0x13b95B0x139deB0x12df0
0x1f42B0x3b1eB0x139deB0x12df0	0x1f610x1f42B0x3b1eB0x139deB0x12df0
0x1f42B0x3b1eB0x139deB0x12df0	0x8c540x1f42B0x3b1eB0x139deB0x12df0
0x2523B0x3a8fB0x139deB0x12df0	0x1f65B0x2523B0x3a8fB0x139deB0x12df0
0x252fB0x3a8fB0x139deB0x12df0	0x1f42B0x252fB0x3a8fB0x139deB0x12df0
0x253dB0x3a8fB0x139deB0x12df0	0x8fa8B0x3a8fB0x139deB0x12df0
0x253dB0x3a8fB0x139deB0x12df0	0x254bB0x3a8fB0x139deB0x12df0
0x254bB0x3a8fB0x139deB0x12df0	0x3aa1B0x139deB0x12df0
0x1f610x1f42B0x252fB0x3a8fB0x139deB0x12df0	0x253dB0x3a8fB0x139deB0x12df0
0x1f42B0x252fB0x3a8fB0x139deB0x12df0	0x1f610x1f42B0x252fB0x3a8fB0x139deB0x12df0
0x1f42B0x252fB0x3a8fB0x139deB0x12df0	0x8c540x1f42B0x252fB0x3a8fB0x139deB0x12df0
0x1f75B0x2523B0x3a8fB0x139deB0x12df0	0x252fB0x3a8fB0x139deB0x12df0
0x1f65B0x2523B0x3a8fB0x139deB0x12df0	0x1f75B0x2523B0x3a8fB0x139deB0x12df0
0x1f65B0x2523B0x3a8fB0x139deB0x12df0	0x8ca0B0x2523B0x3a8fB0x139deB0x12df0
0x326bB0x12ee5	0x3a1eB0x326bB0x12ee5
0x327dB0x12ee5	0x3297B0x12ee5
0x327dB0x12ee5	0x3285B0x12ee5
0x329fB0x12ee5	0x3456B0x329fB0x12ee5
0x3259B0x12ee5	0x201cB0x3259B0x12ee5
0x3263B0x12ee5	0x326bB0x12ee5
0x3263B0x12ee5	0x32b00x3259B0x12ee5
0x3273B0x12ee5	0x327dB0x12ee5
0x3273B0x12ee5	0x9271B0x12ee5
0x3297B0x12ee5	0x329fB0x12ee5
0x3297B0x12ee5	0x32b00x3259B0x12ee5
0x13997B0x12ee5	0x3b4bB0x13997B0x12ee5
0x139bcB0x12ee5	0x61e
0x139deB0x12ee5	0x3a54B0x139deB0x12ee5
0x13a03B0x12ee5	0x61e
0x3285B0x12ee5	0x3578B0x3285B0x12ee5
0x32b00x3259B0x12ee5	0x61e
0x202eB0x3259B0x12ee5	0x2041B0x3259B0x12ee5
0x202eB0x3259B0x12ee5	0x8d0fB0x3259B0x12ee5
0x2041B0x3259B0x12ee5	0x8d32B0x3259B0x12ee5
0x2041B0x3259B0x12ee5	0x204eB0x3259B0x12ee5
0x201cB0x3259B0x12ee5	0x202eB0x3259B0x12ee5
0x201cB0x3259B0x12ee5	0x8cecB0x3259B0x12ee5
0x3a3fB0x326bB0x12ee5	0x96bcB0x326bB0x12ee5
0x3a3fB0x326bB0x12ee5	0x3a4cB0x326bB0x12ee5
0x3a1eB0x326bB0x12ee5	0x201cB0x3a1eB0x326bB0x12ee5
0x3a28B0x326bB0x12ee5	0x3a4eB0x326bB0x12ee5
0x3a28B0x326bB0x12ee5	0x3a30B0x326bB0x12ee5
0x3a4eB0x326bB0x12ee5	0x3273B0x12ee5
0x3a39B0x326bB0x12ee5	0x3a3fB0x326bB0x12ee5
0x3a39B0x326bB0x12ee5	0x9670B0x326bB0x12ee5
0x3a30B0x326bB0x12ee5	0x201cB0x3a30B0x326bB0x12ee5
0x202eB0x3a1eB0x326bB0x12ee5	0x2041B0x3a1eB0x326bB0x12ee5
0x202eB0x3a1eB0x326bB0x12ee5	0x8d0fB0x3a1eB0x326bB0x12ee5
0x2041B0x3a1eB0x326bB0x12ee5	0x8d32B0x3a1eB0x326bB0x12ee5
0x2041B0x3a1eB0x326bB0x12ee5	0x204eB0x3a1eB0x326bB0x12ee5
0x201cB0x3a1eB0x326bB0x12ee5	0x202eB0x3a1eB0x326bB0x12ee5
0x201cB0x3a1eB0x326bB0x12ee5	0x8cecB0x3a1eB0x326bB0x12ee5
0x202eB0x3a30B0x326bB0x12ee5	0x2041B0x3a30B0x326bB0x12ee5
0x202eB0x3a30B0x326bB0x12ee5	0x8d0fB0x3a30B0x326bB0x12ee5
0x2041B0x3a30B0x326bB0x12ee5	0x8d32B0x3a30B0x326bB0x12ee5
0x2041B0x3a30B0x326bB0x12ee5	0x204eB0x3a30B0x326bB0x12ee5
0x201cB0x3a30B0x326bB0x12ee5	0x202eB0x3a30B0x326bB0x12ee5
0x201cB0x3a30B0x326bB0x12ee5	0x8cecB0x3a30B0x326bB0x12ee5
0x3b53B0x13997B0x12ee5	0x3b67B0x13997B0x12ee5
0x3b70B0x13997B0x12ee5	0x21a2B0x3b70B0x13997B0x12ee5
0x3c07B0x13997B0x12ee5	0x139bcB0x12ee5
0x3bf5B0x13997B0x12ee5	0x139bcB0x12ee5
0x3b81B0x13997B0x12ee5	0x3b89B0x13997B0x12ee5
0x3b89B0x13997B0x12ee5	0x204fB0x3b89B0x13997B0x12ee5
0x3be3B0x13997B0x12ee5	0x3b67B0x13997B0x12ee5
0x3b95B0x13997B0x12ee5	0x201cB0x3b95B0x13997B0x12ee5
0x13bbaB0x13997B0x12ee5	0x1f42B0x13bbaB0x13997B0x12ee5
0x3ba5B0x13997B0x12ee5	0x13bbaB0x13997B0x12ee5
0x3b67B0x13997B0x12ee5	0x3b70B0x13997B0x12ee5
0x3b67B0x13997B0x12ee5	0x3bf5B0x13997B0x12ee5
0x3b4bB0x13997B0x12ee5	0x3b53B0x13997B0x12ee5
0x3b4bB0x13997B0x12ee5	0x3c07B0x13997B0x12ee5
0x21d2B0x3b70B0x13997B0x12ee5	0x3b81B0x13997B0x12ee5
0x21a2B0x3b70B0x13997B0x12ee5	0x21d2B0x3b70B0x13997B0x12ee5
0x21a2B0x3b70B0x13997B0x12ee5	0x8e04B0x3b70B0x13997B0x12ee5
0x204fB0x3b89B0x13997B0x12ee5	0x8d55B0x3b89B0x13997B0x12ee5
0x204fB0x3b89B0x13997B0x12ee5	0x2061B0x3b89B0x13997B0x12ee5
0x202eB0x3b95B0x13997B0x12ee5	0x2041B0x3b95B0x13997B0x12ee5
0x202eB0x3b95B0x13997B0x12ee5	0x8d0fB0x3b95B0x13997B0x12ee5
0x2041B0x3b95B0x13997B0x12ee5	0x8d32B0x3b95B0x13997B0x12ee5
0x2041B0x3b95B0x13997B0x12ee5	0x204eB0x3b95B0x13997B0x12ee5
0x201cB0x3b95B0x13997B0x12ee5	0x202eB0x3b95B0x13997B0x12ee5
0x201cB0x3b95B0x13997B0x12ee5	0x8cecB0x3b95B0x13997B0x12ee5
0x1f610x1f42B0x13bbaB0x13997B0x12ee5	0x3be3B0x13997B0x12ee5
0x1f42B0x13bbaB0x13997B0x12ee5	0x1f610x1f42B0x13bbaB0x13997B0x12ee5
0x1f42B0x13bbaB0x13997B0x12ee5	0x8c540x1f42B0x13bbaB0x13997B0x12ee5
0x3469B0x329fB0x12ee5	0x34c0B0x329fB0x12ee5
0x3469B0x329fB0x12ee5	0x3470B0x329fB0x12ee5
0x3484B0x329fB0x12ee5	0x348fB0x329fB0x12ee5
0x3484B0x329fB0x12ee5	0x947fB0x329fB0x12ee5
0x348fB0x329fB0x12ee5	0x139deB0x12ee5
0x3456B0x329fB0x12ee5	0x3a1eB0x3456B0x329fB0x12ee5
0x345fB0x329fB0x12ee5	0x3469B0x329fB0x12ee5
0x345fB0x329fB0x12ee5	0x9410B0x329fB0x12ee5
0x3479B0x329fB0x12ee5	0x3484B0x329fB0x12ee5
0x3479B0x329fB0x12ee5	0x945cB0x329fB0x12ee5
0x3470B0x329fB0x12ee5	0x201cB0x3470B0x329fB0x12ee5
0x202eB0x3470B0x329fB0x12ee5	0x2041B0x3470B0x329fB0x12ee5
0x202eB0x3470B0x329fB0x12ee5	0x8d0fB0x3470B0x329fB0x12ee5
0x2041B0x3470B0x329fB0x12ee5	0x8d32B0x3470B0x329fB0x12ee5
0x2041B0x3470B0x329fB0x12ee5	0x204eB0x3470B0x329fB0x12ee5
0x201cB0x3470B0x329fB0x12ee5	0x202eB0x3470B0x329fB0x12ee5
0x201cB0x3470B0x329fB0x12ee5	0x8cecB0x3470B0x329fB0x12ee5
0x3a3fB0x3456B0x329fB0x12ee5	0x96bcB0x3456B0x329fB0x12ee5
0x3a3fB0x3456B0x329fB0x12ee5	0x3a4cB0x3456B0x329fB0x12ee5
0x3a1eB0x3456B0x329fB0x12ee5	0x201cB0x3a1eB0x3456B0x329fB0x12ee5
0x3a28B0x3456B0x329fB0x12ee5	0x3a4eB0x3456B0x329fB0x12ee5
0x3a28B0x3456B0x329fB0x12ee5	0x3a30B0x3456B0x329fB0x12ee5
0x3a4eB0x3456B0x329fB0x12ee5	0x345fB0x329fB0x12ee5
0x3a39B0x3456B0x329fB0x12ee5	0x3a3fB0x3456B0x329fB0x12ee5
0x3a39B0x3456B0x329fB0x12ee5	0x9670B0x3456B0x329fB0x12ee5
0x3a30B0x3456B0x329fB0x12ee5	0x201cB0x3a30B0x3456B0x329fB0x12ee5
0x202eB0x3a1eB0x3456B0x329fB0x12ee5	0x2041B0x3a1eB0x3456B0x329fB0x12ee5
0x202eB0x3a1eB0x3456B0x329fB0x12ee5	0x8d0fB0x3a1eB0x3456B0x329fB0x12ee5
0x2041B0x3a1eB0x3456B0x329fB0x12ee5	0x8d32B0x3a1eB0x3456B0x329fB0x12ee5
0x2041B0x3a1eB0x3456B0x329fB0x12ee5	0x204eB0x3a1eB0x3456B0x329fB0x12ee5
0x201cB0x3a1eB0x3456B0x329fB0x12ee5	0x202eB0x3a1eB0x3456B0x329fB0x12ee5
0x201cB0x3a1eB0x3456B0x329fB0x12ee5	0x8cecB0x3a1eB0x3456B0x329fB0x12ee5
0x202eB0x3a30B0x3456B0x329fB0x12ee5	0x2041B0x3a30B0x3456B0x329fB0x12ee5
0x202eB0x3a30B0x3456B0x329fB0x12ee5	0x8d0fB0x3a30B0x3456B0x329fB0x12ee5
0x2041B0x3a30B0x3456B0x329fB0x12ee5	0x8d32B0x3a30B0x3456B0x329fB0x12ee5
0x2041B0x3a30B0x3456B0x329fB0x12ee5	0x204eB0x3a30B0x3456B0x329fB0x12ee5
0x201cB0x3a30B0x3456B0x329fB0x12ee5	0x202eB0x3a30B0x3456B0x329fB0x12ee5
0x201cB0x3a30B0x3456B0x329fB0x12ee5	0x8cecB0x3a30B0x3456B0x329fB0x12ee5
0x358bB0x3285B0x12ee5	0x3631B0x3285B0x12ee5
0x358bB0x3285B0x12ee5	0x3592B0x3285B0x12ee5
0x35a6B0x3285B0x12ee5	0x9511B0x3285B0x12ee5
0x35a6B0x3285B0x12ee5	0x35cfB0x3285B0x12ee5
0x3621B0x3285B0x12ee5	0x35e0B0x3285B0x12ee5
0x3578B0x3285B0x12ee5	0x3a1eB0x3578B0x3285B0x12ee5
0x3581B0x3285B0x12ee5	0x358bB0x3285B0x12ee5
0x3581B0x3285B0x12ee5	0x94a2B0x3285B0x12ee5
0x359bB0x3285B0x12ee5	0x35a6B0x3285B0x12ee5
0x359bB0x3285B0x12ee5	0x94eeB0x3285B0x12ee5
0x35dcB0x3285B0x12ee5	0x35e0B0x3285B0x12ee5
0x3628B0x3285B0x12ee5	0x35d4B0x3285B0x12ee5
0x35e0B0x3285B0x12ee5	0x953dB0x3285B0x12ee5
0x35e0B0x3285B0x12ee5	0x361bB0x3285B0x12ee5
0x35d4B0x3285B0x12ee5	0x13997B0x12ee5
0x3592B0x3285B0x12ee5	0x201cB0x3592B0x3285B0x12ee5
0x35cfB0x3285B0x12ee5	0x35dcB0x3285B0x12ee5
0x35cfB0x3285B0x12ee5	0x35d4B0x3285B0x12ee5
0x361bB0x3285B0x12ee5	0x3621B0x3285B0x12ee5
0x361bB0x3285B0x12ee5	0x3628B0x3285B0x12ee5
0x202eB0x3592B0x3285B0x12ee5	0x2041B0x3592B0x3285B0x12ee5
0x202eB0x3592B0x3285B0x12ee5	0x8d0fB0x3592B0x3285B0x12ee5
0x2041B0x3592B0x3285B0x12ee5	0x8d32B0x3592B0x3285B0x12ee5
0x2041B0x3592B0x3285B0x12ee5	0x204eB0x3592B0x3285B0x12ee5
0x201cB0x3592B0x3285B0x12ee5	0x202eB0x3592B0x3285B0x12ee5
0x201cB0x3592B0x3285B0x12ee5	0x8cecB0x3592B0x3285B0x12ee5
0x3a3fB0x3578B0x3285B0x12ee5	0x96bcB0x3578B0x3285B0x12ee5
0x3a3fB0x3578B0x3285B0x12ee5	0x3a4cB0x3578B0x3285B0x12ee5
0x3a1eB0x3578B0x3285B0x12ee5	0x201cB0x3a1eB0x3578B0x3285B0x12ee5
0x3a28B0x3578B0x3285B0x12ee5	0x3a4eB0x3578B0x3285B0x12ee5
0x3a28B0x3578B0x3285B0x12ee5	0x3a30B0x3578B0x3285B0x12ee5
0x3a4eB0x3578B0x3285B0x12ee5	0x3581B0x3285B0x12ee5
0x3a39B0x3578B0x3285B0x12ee5	0x3a3fB0x3578B0x3285B0x12ee5
0x3a39B0x3578B0x3285B0x12ee5	0x9670B0x3578B0x3285B0x12ee5
0x3a30B0x3578B0x3285B0x12ee5	0x201cB0x3a30B0x3578B0x3285B0x12ee5
0x202eB0x3a1eB0x3578B0x3285B0x12ee5	0x2041B0x3a1eB0x3578B0x3285B0x12ee5
0x202eB0x3a1eB0x3578B0x3285B0x12ee5	0x8d0fB0x3a1eB0x3578B0x3285B0x12ee5
0x2041B0x3a1eB0x3578B0x3285B0x12ee5	0x8d32B0x3a1eB0x3578B0x3285B0x12ee5
0x2041B0x3a1eB0x3578B0x3285B0x12ee5	0x204eB0x3a1eB0x3578B0x3285B0x12ee5
0x201cB0x3a1eB0x3578B0x3285B0x12ee5	0x202eB0x3a1eB0x3578B0x3285B0x12ee5
0x201cB0x3a1eB0x3578B0x3285B0x12ee5	0x8cecB0x3a1eB0x3578B0x3285B0x12ee5
0x202eB0x3a30B0x3578B0x3285B0x12ee5	0x2041B0x3a30B0x3578B0x3285B0x12ee5
0x202eB0x3a30B0x3578B0x3285B0x12ee5	0x8d0fB0x3a30B0x3578B0x3285B0x12ee5
0x2041B0x3a30B0x3578B0x3285B0x12ee5	0x8d32B0x3a30B0x3578B0x3285B0x12ee5
0x2041B0x3a30B0x3578B0x3285B0x12ee5	0x204eB0x3a30B0x3578B0x3285B0x12ee5
0x201cB0x3a30B0x3578B0x3285B0x12ee5	0x202eB0x3a30B0x3578B0x3285B0x12ee5
0x201cB0x3a30B0x3578B0x3285B0x12ee5	0x8cecB0x3a30B0x3578B0x3285B0x12ee5
0x204eB0x3259B0x12ee5	0x3263B0x12ee5
0x3a4cB0x326bB0x12ee5	0x3273B0x12ee5
0x204eB0x3a1eB0x326bB0x12ee5	0x3a28B0x326bB0x12ee5
0x204eB0x3a30B0x326bB0x12ee5	0x3a39B0x326bB0x12ee5
0x2061B0x3b89B0x13997B0x12ee5	0x3b95B0x13997B0x12ee5
0x204eB0x3b95B0x13997B0x12ee5	0x3ba5B0x13997B0x12ee5
0x204eB0x3470B0x329fB0x12ee5	0x3479B0x329fB0x12ee5
0x3a4cB0x3456B0x329fB0x12ee5	0x345fB0x329fB0x12ee5
0x204eB0x3a1eB0x3456B0x329fB0x12ee5	0x3a28B0x3456B0x329fB0x12ee5
0x204eB0x3a30B0x3456B0x329fB0x12ee5	0x3a39B0x3456B0x329fB0x12ee5
0x204eB0x3592B0x3285B0x12ee5	0x359bB0x3285B0x12ee5
0x3a4cB0x3578B0x3285B0x12ee5	0x3581B0x3285B0x12ee5
0x204eB0x3a1eB0x3578B0x3285B0x12ee5	0x3a28B0x3578B0x3285B0x12ee5
0x204eB0x3a30B0x3578B0x3285B0x12ee5	0x3a39B0x3578B0x3285B0x12ee5
0x3a64B0x139deB0x12ee5	0x1f26B0x3a64B0x139deB0x12ee5
0x3af9B0x139deB0x12ee5	0x33c1B0x3af9B0x139deB0x12ee5
0x3aa1B0x139deB0x12ee5	0x3abbB0x139deB0x12ee5
0x3a8fB0x139deB0x12ee5	0x2523B0x3a8fB0x139deB0x12ee5
0x13b68B0x139deB0x12ee5	0x1f42B0x13b68B0x139deB0x12ee5
0x3abbB0x139deB0x12ee5	0x13b68B0x139deB0x12ee5
0x3b05B0x139deB0x12ee5	0x3b16B0x139deB0x12ee5
0x3b32B0x139deB0x12ee5	0x3b16B0x139deB0x12ee5
0x13b95B0x139deB0x12ee5	0x13a03B0x12ee5
0x3b16B0x139deB0x12ee5	0x3b32B0x139deB0x12ee5
0x3b16B0x139deB0x12ee5	0x3b1eB0x139deB0x12ee5
0x3a54B0x139deB0x12ee5	0x1f42B0x3a54B0x139deB0x12ee5
0x3b1eB0x139deB0x12ee5	0x1f42B0x3b1eB0x139deB0x12ee5
0x1f3eB0x3a64B0x139deB0x12ee5	0x3a8fB0x139deB0x12ee5
0x1f26B0x3a64B0x139deB0x12ee5	0x1f3eB0x3a64B0x139deB0x12ee5
0x1f26B0x3a64B0x139deB0x12ee5	0x8c08B0x3a64B0x139deB0x12ee5
0x33c9B0x3af9B0x139deB0x12ee5	0x3b05B0x139deB0x12ee5
0x33c1B0x3af9B0x139deB0x12ee5	0x33c9B0x3af9B0x139deB0x12ee5
0x33c1B0x3af9B0x139deB0x12ee5	0x932cB0x3af9B0x139deB0x12ee5
0x1f610x1f42B0x13b68B0x139deB0x12ee5	0x3af9B0x139deB0x12ee5
0x1f42B0x13b68B0x139deB0x12ee5	0x1f610x1f42B0x13b68B0x139deB0x12ee5
0x1f42B0x13b68B0x139deB0x12ee5	0x8c540x1f42B0x13b68B0x139deB0x12ee5
0x1f610x1f42B0x3a54B0x139deB0x12ee5	0x3a64B0x139deB0x12ee5
0x1f42B0x3a54B0x139deB0x12ee5	0x1f610x1f42B0x3a54B0x139deB0x12ee5
0x1f42B0x3a54B0x139deB0x12ee5	0x8c540x1f42B0x3a54B0x139deB0x12ee5
0x1f610x1f42B0x3b1eB0x139deB0x12ee5	0x13b95B0x139deB0x12ee5
0x1f42B0x3b1eB0x139deB0x12ee5	0x1f610x1f42B0x3b1eB0x139deB0x12ee5
0x1f42B0x3b1eB0x139deB0x12ee5	0x8c540x1f42B0x3b1eB0x139deB0x12ee5
0x2523B0x3a8fB0x139deB0x12ee5	0x1f65B0x2523B0x3a8fB0x139deB0x12ee5
0x252fB0x3a8fB0x139deB0x12ee5	0x1f42B0x252fB0x3a8fB0x139deB0x12ee5
0x253dB0x3a8fB0x139deB0x12ee5	0x8fa8B0x3a8fB0x139deB0x12ee5
0x253dB0x3a8fB0x139deB0x12ee5	0x254bB0x3a8fB0x139deB0x12ee5
0x254bB0x3a8fB0x139deB0x12ee5	0x3aa1B0x139deB0x12ee5
0x1f610x1f42B0x252fB0x3a8fB0x139deB0x12ee5	0x253dB0x3a8fB0x139deB0x12ee5
0x1f42B0x252fB0x3a8fB0x139deB0x12ee5	0x1f610x1f42B0x252fB0x3a8fB0x139deB0x12ee5
0x1f42B0x252fB0x3a8fB0x139deB0x12ee5	0x8c540x1f42B0x252fB0x3a8fB0x139deB0x12ee5
0x1f75B0x2523B0x3a8fB0x139deB0x12ee5	0x252fB0x3a8fB0x139deB0x12ee5
0x1f65B0x2523B0x3a8fB0x139deB0x12ee5	0x1f75B0x2523B0x3a8fB0x139deB0x12ee5
0x1f65B0x2523B0x3a8fB0x139deB0x12ee5	0x8ca0B0x2523B0x3a8fB0x139deB0x12ee5
0x326bB0x12f09	0x3a1eB0x326bB0x12f09
0x327dB0x12f09	0x3297B0x12f09
0x327dB0x12f09	0x3285B0x12f09
0x329fB0x12f09	0x3456B0x329fB0x12f09
0x3259B0x12f09	0x201cB0x3259B0x12f09
0x3263B0x12f09	0x326bB0x12f09
0x3263B0x12f09	0x32b00x3259B0x12f09
0x3273B0x12f09	0x327dB0x12f09
0x3273B0x12f09	0x9271B0x12f09
0x3297B0x12f09	0x329fB0x12f09
0x3297B0x12f09	0x32b00x3259B0x12f09
0x13997B0x12f09	0x3b4bB0x13997B0x12f09
0x139bcB0x12f09	0x62f
0x139deB0x12f09	0x3a54B0x139deB0x12f09
0x13a03B0x12f09	0x62f
0x3285B0x12f09	0x3578B0x3285B0x12f09
0x32b00x3259B0x12f09	0x62f
0x202eB0x3259B0x12f09	0x2041B0x3259B0x12f09
0x202eB0x3259B0x12f09	0x8d0fB0x3259B0x12f09
0x2041B0x3259B0x12f09	0x8d32B0x3259B0x12f09
0x2041B0x3259B0x12f09	0x204eB0x3259B0x12f09
0x201cB0x3259B0x12f09	0x202eB0x3259B0x12f09
0x201cB0x3259B0x12f09	0x8cecB0x3259B0x12f09
0x3a3fB0x326bB0x12f09	0x96bcB0x326bB0x12f09
0x3a3fB0x326bB0x12f09	0x3a4cB0x326bB0x12f09
0x3a1eB0x326bB0x12f09	0x201cB0x3a1eB0x326bB0x12f09
0x3a28B0x326bB0x12f09	0x3a4eB0x326bB0x12f09
0x3a28B0x326bB0x12f09	0x3a30B0x326bB0x12f09
0x3a4eB0x326bB0x12f09	0x3273B0x12f09
0x3a39B0x326bB0x12f09	0x3a3fB0x326bB0x12f09
0x3a39B0x326bB0x12f09	0x9670B0x326bB0x12f09
0x3a30B0x326bB0x12f09	0x201cB0x3a30B0x326bB0x12f09
0x202eB0x3a1eB0x326bB0x12f09	0x2041B0x3a1eB0x326bB0x12f09
0x202eB0x3a1eB0x326bB0x12f09	0x8d0fB0x3a1eB0x326bB0x12f09
0x2041B0x3a1eB0x326bB0x12f09	0x8d32B0x3a1eB0x326bB0x12f09
0x2041B0x3a1eB0x326bB0x12f09	0x204eB0x3a1eB0x326bB0x12f09
0x201cB0x3a1eB0x326bB0x12f09	0x202eB0x3a1eB0x326bB0x12f09
0x201cB0x3a1eB0x326bB0x12f09	0x8cecB0x3a1eB0x326bB0x12f09
0x202eB0x3a30B0x326bB0x12f09	0x2041B0x3a30B0x326bB0x12f09
0x202eB0x3a30B0x326bB0x12f09	0x8d0fB0x3a30B0x326bB0x12f09
0x2041B0x3a30B0x326bB0x12f09	0x8d32B0x3a30B0x326bB0x12f09
0x2041B0x3a30B0x326bB0x12f09	0x204eB0x3a30B0x326bB0x12f09
0x201cB0x3a30B0x326bB0x12f09	0x202eB0x3a30B0x326bB0x12f09
0x201cB0x3a30B0x326bB0x12f09	0x8cecB0x3a30B0x326bB0x12f09
0x3b53B0x13997B0x12f09	0x3b67B0x13997B0x12f09
0x3b70B0x13997B0x12f09	0x21a2B0x3b70B0x13997B0x12f09
0x3c07B0x13997B0x12f09	0x139bcB0x12f09
0x3bf5B0x13997B0x12f09	0x139bcB0x12f09
0x3b81B0x13997B0x12f09	0x3b89B0x13997B0x12f09
0x3b89B0x13997B0x12f09	0x204fB0x3b89B0x13997B0x12f09
0x3be3B0x13997B0x12f09	0x3b67B0x13997B0x12f09
0x3b95B0x13997B0x12f09	0x201cB0x3b95B0x13997B0x12f09
0x13bbaB0x13997B0x12f09	0x1f42B0x13bbaB0x13997B0x12f09
0x3ba5B0x13997B0x12f09	0x13bbaB0x13997B0x12f09
0x3b67B0x13997B0x12f09	0x3b70B0x13997B0x12f09
0x3b67B0x13997B0x12f09	0x3bf5B0x13997B0x12f09
0x3b4bB0x13997B0x12f09	0x3b53B0x13997B0x12f09
0x3b4bB0x13997B0x12f09	0x3c07B0x13997B0x12f09
0x21d2B0x3b70B0x13997B0x12f09	0x3b81B0x13997B0x12f09
0x21a2B0x3b70B0x13997B0x12f09	0x21d2B0x3b70B0x13997B0x12f09
0x21a2B0x3b70B0x13997B0x12f09	0x8e04B0x3b70B0x13997B0x12f09
0x204fB0x3b89B0x13997B0x12f09	0x8d55B0x3b89B0x13997B0x12f09
0x204fB0x3b89B0x13997B0x12f09	0x2061B0x3b89B0x13997B0x12f09
0x202eB0x3b95B0x13997B0x12f09	0x2041B0x3b95B0x13997B0x12f09
0x202eB0x3b95B0x13997B0x12f09	0x8d0fB0x3b95B0x13997B0x12f09
0x2041B0x3b95B0x13997B0x12f09	0x8d32B0x3b95B0x13997B0x12f09
0x2041B0x3b95B0x13997B0x12f09	0x204eB0x3b95B0x13997B0x12f09
0x201cB0x3b95B0x13997B0x12f09	0x202eB0x3b95B0x13997B0x12f09
0x201cB0x3b95B0x13997B0x12f09	0x8cecB0x3b95B0x13997B0x12f09
0x1f610x1f42B0x13bbaB0x13997B0x12f09	0x3be3B0x13997B0x12f09
0x1f42B0x13bbaB0x13997B0x12f09	0x1f610x1f42B0x13bbaB0x13997B0x12f09
0x1f42B0x13bbaB0x13997B0x12f09	0x8c540x1f42B0x13bbaB0x13997B0x12f09
0x3469B0x329fB0x12f09	0x34c0B0x329fB0x12f09
0x3469B0x329fB0x12f09	0x3470B0x329fB0x12f09
0x3484B0x329fB0x12f09	0x348fB0x329fB0x12f09
0x3484B0x329fB0x12f09	0x947fB0x329fB0x12f09
0x348fB0x329fB0x12f09	0x139deB0x12f09
0x3456B0x329fB0x12f09	0x3a1eB0x3456B0x329fB0x12f09
0x345fB0x329fB0x12f09	0x3469B0x329fB0x12f09
0x345fB0x329fB0x12f09	0x9410B0x329fB0x12f09
0x3479B0x329fB0x12f09	0x3484B0x329fB0x12f09
0x3479B0x329fB0x12f09	0x945cB0x329fB0x12f09
0x3470B0x329fB0x12f09	0x201cB0x3470B0x329fB0x12f09
0x202eB0x3470B0x329fB0x12f09	0x2041B0x3470B0x329fB0x12f09
0x202eB0x3470B0x329fB0x12f09	0x8d0fB0x3470B0x329fB0x12f09
0x2041B0x3470B0x329fB0x12f09	0x8d32B0x3470B0x329fB0x12f09
0x2041B0x3470B0x329fB0x12f09	0x204eB0x3470B0x329fB0x12f09
0x201cB0x3470B0x329fB0x12f09	0x202eB0x3470B0x329fB0x12f09
0x201cB0x3470B0x329fB0x12f09	0x8cecB0x3470B0x329fB0x12f09
0x3a3fB0x3456B0x329fB0x12f09	0x96bcB0x3456B0x329fB0x12f09
0x3a3fB0x3456B0x329fB0x12f09	0x3a4cB0x3456B0x329fB0x12f09
0x3a1eB0x3456B0x329fB0x12f09	0x201cB0x3a1eB0x3456B0x329fB0x12f09
0x3a28B0x3456B0x329fB0x12f09	0x3a4eB0x3456B0x329fB0x12f09
0x3a28B0x3456B0x329fB0x12f09	0x3a30B0x3456B0x329fB0x12f09
0x3a4eB0x3456B0x329fB0x12f09	0x345fB0x329fB0x12f09
0x3a39B0x3456B0x329fB0x12f09	0x3a3fB0x3456B0x329fB0x12f09
0x3a39B0x3456B0x329fB0x12f09	0x9670B0x3456B0x329fB0x12f09
0x3a30B0x3456B0x329fB0x12f09	0x201cB0x3a30B0x3456B0x329fB0x12f09
0x202eB0x3a1eB0x3456B0x329fB0x12f09	0x2041B0x3a1eB0x3456B0x329fB0x12f09
0x202eB0x3a1eB0x3456B0x329fB0x12f09	0x8d0fB0x3a1eB0x3456B0x329fB0x12f09
0x2041B0x3a1eB0x3456B0x329fB0x12f09	0x8d32B0x3a1eB0x3456B0x329fB0x12f09
0x2041B0x3a1eB0x3456B0x329fB0x12f09	0x204eB0x3a1eB0x3456B0x329fB0x12f09
0x201cB0x3a1eB0x3456B0x329fB0x12f09	0x202eB0x3a1eB0x3456B0x329fB0x12f09
0x201cB0x3a1eB0x3456B0x329fB0x12f09	0x8cecB0x3a1eB0x3456B0x329fB0x12f09
0x202eB0x3a30B0x3456B0x329fB0x12f09	0x2041B0x3a30B0x3456B0x329fB0x12f09
0x202eB0x3a30B0x3456B0x329fB0x12f09	0x8d0fB0x3a30B0x3456B0x329fB0x12f09
0x2041B0x3a30B0x3456B0x329fB0x12f09	0x8d32B0x3a30B0x3456B0x329fB0x12f09
0x2041B0x3a30B0x3456B0x329fB0x12f09	0x204eB0x3a30B0x3456B0x329fB0x12f09
0x201cB0x3a30B0x3456B0x329fB0x12f09	0x202eB0x3a30B0x3456B0x329fB0x12f09
0x201cB0x3a30B0x3456B0x329fB0x12f09	0x8cecB0x3a30B0x3456B0x329fB0x12f09
0x358bB0x3285B0x12f09	0x3631B0x3285B0x12f09
0x358bB0x3285B0x12f09	0x3592B0x3285B0x12f09
0x35a6B0x3285B0x12f09	0x9511B0x3285B0x12f09
0x35a6B0x3285B0x12f09	0x35cfB0x3285B0x12f09
0x3621B0x3285B0x12f09	0x35e0B0x3285B0x12f09
0x3578B0x3285B0x12f09	0x3a1eB0x3578B0x3285B0x12f09
0x3581B0x3285B0x12f09	0x358bB0x3285B0x12f09
0x3581B0x3285B0x12f09	0x94a2B0x3285B0x12f09
0x359bB0x3285B0x12f09	0x35a6B0x3285B0x12f09
0x359bB0x3285B0x12f09	0x94eeB0x3285B0x12f09
0x35dcB0x3285B0x12f09	0x35e0B0x3285B0x12f09
0x3628B0x3285B0x12f09	0x35d4B0x3285B0x12f09
0x35e0B0x3285B0x12f09	0x953dB0x3285B0x12f09
0x35e0B0x3285B0x12f09	0x361bB0x3285B0x12f09
0x35d4B0x3285B0x12f09	0x13997B0x12f09
0x3592B0x3285B0x12f09	0x201cB0x3592B0x3285B0x12f09
0x35cfB0x3285B0x12f09	0x35dcB0x3285B0x12f09
0x35cfB0x3285B0x12f09	0x35d4B0x3285B0x12f09
0x361bB0x3285B0x12f09	0x3621B0x3285B0x12f09
0x361bB0x3285B0x12f09	0x3628B0x3285B0x12f09
0x202eB0x3592B0x3285B0x12f09	0x2041B0x3592B0x3285B0x12f09
0x202eB0x3592B0x3285B0x12f09	0x8d0fB0x3592B0x3285B0x12f09
0x2041B0x3592B0x3285B0x12f09	0x8d32B0x3592B0x3285B0x12f09
0x2041B0x3592B0x3285B0x12f09	0x204eB0x3592B0x3285B0x12f09
0x201cB0x3592B0x3285B0x12f09	0x202eB0x3592B0x3285B0x12f09
0x201cB0x3592B0x3285B0x12f09	0x8cecB0x3592B0x3285B0x12f09
0x3a3fB0x3578B0x3285B0x12f09	0x96bcB0x3578B0x3285B0x12f09
0x3a3fB0x3578B0x3285B0x12f09	0x3a4cB0x3578B0x3285B0x12f09
0x3a1eB0x3578B0x3285B0x12f09	0x201cB0x3a1eB0x3578B0x3285B0x12f09
0x3a28B0x3578B0x3285B0x12f09	0x3a4eB0x3578B0x3285B0x12f09
0x3a28B0x3578B0x3285B0x12f09	0x3a30B0x3578B0x3285B0x12f09
0x3a4eB0x3578B0x3285B0x12f09	0x3581B0x3285B0x12f09
0x3a39B0x3578B0x3285B0x12f09	0x3a3fB0x3578B0x3285B0x12f09
0x3a39B0x3578B0x3285B0x12f09	0x9670B0x3578B0x3285B0x12f09
0x3a30B0x3578B0x3285B0x12f09	0x201cB0x3a30B0x3578B0x3285B0x12f09
0x202eB0x3a1eB0x3578B0x3285B0x12f09	0x2041B0x3a1eB0x3578B0x3285B0x12f09
0x202eB0x3a1eB0x3578B0x3285B0x12f09	0x8d0fB0x3a1eB0x3578B0x3285B0x12f09
0x2041B0x3a1eB0x3578B0x3285B0x12f09	0x8d32B0x3a1eB0x3578B0x3285B0x12f09
0x2041B0x3a1eB0x3578B0x3285B0x12f09	0x204eB0x3a1eB0x3578B0x3285B0x12f09
0x201cB0x3a1eB0x3578B0x3285B0x12f09	0x202eB0x3a1eB0x3578B0x3285B0x12f09
0x201cB0x3a1eB0x3578B0x3285B0x12f09	0x8cecB0x3a1eB0x3578B0x3285B0x12f09
0x202eB0x3a30B0x3578B0x3285B0x12f09	0x2041B0x3a30B0x3578B0x3285B0x12f09
0x202eB0x3a30B0x3578B0x3285B0x12f09	0x8d0fB0x3a30B0x3578B0x3285B0x12f09
0x2041B0x3a30B0x3578B0x3285B0x12f09	0x8d32B0x3a30B0x3578B0x3285B0x12f09
0x2041B0x3a30B0x3578B0x3285B0x12f09	0x204eB0x3a30B0x3578B0x3285B0x12f09
0x201cB0x3a30B0x3578B0x3285B0x12f09	0x202eB0x3a30B0x3578B0x3285B0x12f09
0x201cB0x3a30B0x3578B0x3285B0x12f09	0x8cecB0x3a30B0x3578B0x3285B0x12f09
0x204eB0x3259B0x12f09	0x3263B0x12f09
0x3a4cB0x326bB0x12f09	0x3273B0x12f09
0x204eB0x3a1eB0x326bB0x12f09	0x3a28B0x326bB0x12f09
0x204eB0x3a30B0x326bB0x12f09	0x3a39B0x326bB0x12f09
0x2061B0x3b89B0x13997B0x12f09	0x3b95B0x13997B0x12f09
0x204eB0x3b95B0x13997B0x12f09	0x3ba5B0x13997B0x12f09
0x204eB0x3470B0x329fB0x12f09	0x3479B0x329fB0x12f09
0x3a4cB0x3456B0x329fB0x12f09	0x345fB0x329fB0x12f09
0x204eB0x3a1eB0x3456B0x329fB0x12f09	0x3a28B0x3456B0x329fB0x12f09
0x204eB0x3a30B0x3456B0x329fB0x12f09	0x3a39B0x3456B0x329fB0x12f09
0x204eB0x3592B0x3285B0x12f09	0x359bB0x3285B0x12f09
0x3a4cB0x3578B0x3285B0x12f09	0x3581B0x3285B0x12f09
0x204eB0x3a1eB0x3578B0x3285B0x12f09	0x3a28B0x3578B0x3285B0x12f09
0x204eB0x3a30B0x3578B0x3285B0x12f09	0x3a39B0x3578B0x3285B0x12f09
0x3a64B0x139deB0x12f09	0x1f26B0x3a64B0x139deB0x12f09
0x3af9B0x139deB0x12f09	0x33c1B0x3af9B0x139deB0x12f09
0x3aa1B0x139deB0x12f09	0x3abbB0x139deB0x12f09
0x3a8fB0x139deB0x12f09	0x2523B0x3a8fB0x139deB0x12f09
0x13b68B0x139deB0x12f09	0x1f42B0x13b68B0x139deB0x12f09
0x3abbB0x139deB0x12f09	0x13b68B0x139deB0x12f09
0x3b05B0x139deB0x12f09	0x3b16B0x139deB0x12f09
0x3b32B0x139deB0x12f09	0x3b16B0x139deB0x12f09
0x13b95B0x139deB0x12f09	0x13a03B0x12f09
0x3b16B0x139deB0x12f09	0x3b32B0x139deB0x12f09
0x3b16B0x139deB0x12f09	0x3b1eB0x139deB0x12f09
0x3a54B0x139deB0x12f09	0x1f42B0x3a54B0x139deB0x12f09
0x3b1eB0x139deB0x12f09	0x1f42B0x3b1eB0x139deB0x12f09
0x1f3eB0x3a64B0x139deB0x12f09	0x3a8fB0x139deB0x12f09
0x1f26B0x3a64B0x139deB0x12f09	0x1f3eB0x3a64B0x139deB0x12f09
0x1f26B0x3a64B0x139deB0x12f09	0x8c08B0x3a64B0x139deB0x12f09
0x33c9B0x3af9B0x139deB0x12f09	0x3b05B0x139deB0x12f09
0x33c1B0x3af9B0x139deB0x12f09	0x33c9B0x3af9B0x139deB0x12f09
0x33c1B0x3af9B0x139deB0x12f09	0x932cB0x3af9B0x139deB0x12f09
0x1f610x1f42B0x13b68B0x139deB0x12f09	0x3af9B0x139deB0x12f09
0x1f42B0x13b68B0x139deB0x12f09	0x1f610x1f42B0x13b68B0x139deB0x12f09
0x1f42B0x13b68B0x139deB0x12f09	0x8c540x1f42B0x13b68B0x139deB0x12f09
0x1f610x1f42B0x3a54B0x139deB0x12f09	0x3a64B0x139deB0x12f09
0x1f42B0x3a54B0x139deB0x12f09	0x1f610x1f42B0x3a54B0x139deB0x12f09
0x1f42B0x3a54B0x139deB0x12f09	0x8c540x1f42B0x3a54B0x139deB0x12f09
0x1f610x1f42B0x3b1eB0x139deB0x12f09	0x13b95B0x139deB0x12f09
0x1f42B0x3b1eB0x139deB0x12f09	0x1f610x1f42B0x3b1eB0x139deB0x12f09
0x1f42B0x3b1eB0x139deB0x12f09	0x8c540x1f42B0x3b1eB0x139deB0x12f09
0x2523B0x3a8fB0x139deB0x12f09	0x1f65B0x2523B0x3a8fB0x139deB0x12f09
0x252fB0x3a8fB0x139deB0x12f09	0x1f42B0x252fB0x3a8fB0x139deB0x12f09
0x253dB0x3a8fB0x139deB0x12f09	0x8fa8B0x3a8fB0x139deB0x12f09
0x253dB0x3a8fB0x139deB0x12f09	0x254bB0x3a8fB0x139deB0x12f09
0x254bB0x3a8fB0x139deB0x12f09	0x3aa1B0x139deB0x12f09
0x1f610x1f42B0x252fB0x3a8fB0x139deB0x12f09	0x253dB0x3a8fB0x139deB0x12f09
0x1f42B0x252fB0x3a8fB0x139deB0x12f09	0x1f610x1f42B0x252fB0x3a8fB0x139deB0x12f09
0x1f42B0x252fB0x3a8fB0x139deB0x12f09	0x8c540x1f42B0x252fB0x3a8fB0x139deB0x12f09
0x1f75B0x2523B0x3a8fB0x139deB0x12f09	0x252fB0x3a8fB0x139deB0x12f09
0x1f65B0x2523B0x3a8fB0x139deB0x12f09	0x1f75B0x2523B0x3a8fB0x139deB0x12f09
0x1f65B0x2523B0x3a8fB0x139deB0x12f09	0x8ca0B0x2523B0x3a8fB0x139deB0x12f09
0x841	0x842
0x2d05	0x2d06
0x29eaB0x22e	0x201cB0x29eaB0x22e
0x2a0aB0x22e	0x33e2B0x2a0aB0x22e
0x2a1eB0x22e	0x2c86B0x22e
0x2a1eB0x22e	0x2a26B0x22e
0x2b67B0x22e	0x3578B0x2b67B0x22e
0x29cfB0x22e	0x201cB0x29cfB0x22e
0x29e2B0x22e	0x29eaB0x22e
0x29e2B0x22e	0x2cacB0x22e
0x2cacB0x22e	0x201cB0x2cacB0x22e
0x29f2B0x22e	0x29f5B0x22e
0x2a03B0x22e	0x2a0aB0x22e
0x2a03B0x22e	0x2c9aB0x22e
0x2c9aB0x22e	0x3259B0x2c9aB0x22e
0x2a12B0x22e	0x2a1eB0x22e
0x2a12B0x22e	0x911eB0x22e
0x2c86B0x22e	0x29610x29cfB0x22e
0x2c86B0x22e	0x2c97B0x22e
0x2a2fB0x22e	0x204fB0x2a2fB0x22e
0x2a3cB0x22e	0x2078B0x2a3cB0x22e
0x2a4bB0x22e	0x20aeB0x2a4bB0x22e
0x2a60B0x22e	0x1f42B0x2a60B0x22e
0x2a72B0x22e	0x2078B0x2a72B0x22e
0x2a83B0x22e	0x20aeB0x2a83B0x22e
0x2a98B0x22e	0x1f42B0x2a98B0x22e
0x2aaaB0x22e	0x2063B0x2aaaB0x22e
0x2abbB0x22e	0x3259B0x2abbB0x22e
0x2ac4B0x22e	0x201cB0x2ac4B0x22e
0x2ad3B0x22e	0x2523B0x2ad3B0x22e
0x2adeB0x22e	0x1f09B0x2adeB0x22e
0x2af3B0x22e	0x2078B0x2af3B0x22e
0x2b5eB0x22e	0x2b67B0x22e
0x2b5eB0x22e	0x916aB0x22e
0x2b6fB0x22e	0x2c27B0x22e
0x2c27B0x22e	0x244fB0x2c27B0x22e
0x2c40B0x22e	0x25d0B0x2c40B0x22e
0x13871B0x22e	0x22b7B0x13871B0x22e
0x138a7B0x22e	0x23e
0x2cb7B0x22e	0x29f5B0x22e
0x29f5B0x22e	0x2063B0x29f5B0x22e
0x2a26B0x22e	0x204fB0x2a26B0x22e
0x29610x29cfB0x22e	0x3456B0x29610x29cfB0x22e
0x29180x29cfB0x22e	0x351eB0x29180x29cfB0x22e
0x29060x29cfB0x22e	0x1f42B0x29060x29cfB0x22e
0x297b0x29cfB0x22e	0x351eB0x297b0x29cfB0x22e
0x29710x29cfB0x22e	0x2523B0x29710x29cfB0x22e
0x202eB0x29eaB0x22e	0x2041B0x29eaB0x22e
0x202eB0x29eaB0x22e	0x8d0fB0x29eaB0x22e
0x2041B0x29eaB0x22e	0x8d32B0x29eaB0x22e
0x2041B0x29eaB0x22e	0x204eB0x29eaB0x22e
0x201cB0x29eaB0x22e	0x202eB0x29eaB0x22e
0x201cB0x29eaB0x22e	0x8cecB0x29eaB0x22e
0x202eB0x29cfB0x22e	0x2041B0x29cfB0x22e
0x202eB0x29cfB0x22e	0x8d0fB0x29cfB0x22e
0x2041B0x29cfB0x22e	0x8d32B0x29cfB0x22e
0x2041B0x29cfB0x22e	0x204eB0x29cfB0x22e
0x201cB0x29cfB0x22e	0x202eB0x29cfB0x22e
0x201cB0x29cfB0x22e	0x8cecB0x29cfB0x22e
0x202eB0x2cacB0x22e	0x2041B0x2cacB0x22e
0x202eB0x2cacB0x22e	0x8d0fB0x2cacB0x22e
0x2041B0x2cacB0x22e	0x8d32B0x2cacB0x22e
0x2041B0x2cacB0x22e	0x204eB0x2cacB0x22e
0x201cB0x2cacB0x22e	0x202eB0x2cacB0x22e
0x201cB0x2cacB0x22e	0x8cecB0x2cacB0x22e
0x204fB0x2a2fB0x22e	0x8d55B0x2a2fB0x22e
0x204fB0x2a2fB0x22e	0x2061B0x2a2fB0x22e
0x208aB0x2a3cB0x22e	0x209dB0x2a3cB0x22e
0x208aB0x2a3cB0x22e	0x8dbeB0x2a3cB0x22e
0x209dB0x2a3cB0x22e	0x8de1B0x2a3cB0x22e
0x209dB0x2a3cB0x22e	0x20adB0x2a3cB0x22e
0x2078B0x2a3cB0x22e	0x208aB0x2a3cB0x22e
0x2078B0x2a3cB0x22e	0x8d9bB0x2a3cB0x22e
0x20aeB0x2a4bB0x22e	0x20b1B0x2a4bB0x22e
0x20beB0x2a4bB0x22e	0x20b1B0x2a4bB0x22e
0x20b1B0x2a4bB0x22e	0x20beB0x2a4bB0x22e
0x20b1B0x2a4bB0x22e	0x20b9B0x2a4bB0x22e
0x20b9B0x2a4bB0x22e	0x2a60B0x22e
0x1f610x1f42B0x2a60B0x22e	0x2a72B0x22e
0x1f42B0x2a60B0x22e	0x1f610x1f42B0x2a60B0x22e
0x1f42B0x2a60B0x22e	0x8c540x1f42B0x2a60B0x22e
0x208aB0x2a72B0x22e	0x209dB0x2a72B0x22e
0x208aB0x2a72B0x22e	0x8dbeB0x2a72B0x22e
0x209dB0x2a72B0x22e	0x8de1B0x2a72B0x22e
0x209dB0x2a72B0x22e	0x20adB0x2a72B0x22e
0x2078B0x2a72B0x22e	0x208aB0x2a72B0x22e
0x2078B0x2a72B0x22e	0x8d9bB0x2a72B0x22e
0x20aeB0x2a83B0x22e	0x20b1B0x2a83B0x22e
0x20beB0x2a83B0x22e	0x20b1B0x2a83B0x22e
0x20b1B0x2a83B0x22e	0x20beB0x2a83B0x22e
0x20b1B0x2a83B0x22e	0x20b9B0x2a83B0x22e
0x20b9B0x2a83B0x22e	0x2a98B0x22e
0x1f610x1f42B0x2a98B0x22e	0x2aaaB0x22e
0x1f42B0x2a98B0x22e	0x1f610x1f42B0x2a98B0x22e
0x1f42B0x2a98B0x22e	0x8c540x1f42B0x2a98B0x22e
0x2075B0x2aaaB0x22e	0x2abbB0x22e
0x2063B0x2aaaB0x22e	0x2075B0x2aaaB0x22e
0x2063B0x2aaaB0x22e	0x8d78B0x2aaaB0x22e
0x202eB0x2ac4B0x22e	0x2041B0x2ac4B0x22e
0x202eB0x2ac4B0x22e	0x8d0fB0x2ac4B0x22e
0x2041B0x2ac4B0x22e	0x8d32B0x2ac4B0x22e
0x2041B0x2ac4B0x22e	0x204eB0x2ac4B0x22e
0x201cB0x2ac4B0x22e	0x202eB0x2ac4B0x22e
0x201cB0x2ac4B0x22e	0x8cecB0x2ac4B0x22e
0x1f22B0x2adeB0x22e	0x2af3B0x22e
0x1f09B0x2adeB0x22e	0x1f22B0x2adeB0x22e
0x1f09B0x2adeB0x22e	0x8bbcB0x2adeB0x22e
0x208aB0x2af3B0x22e	0x209dB0x2af3B0x22e
0x208aB0x2af3B0x22e	0x8dbeB0x2af3B0x22e
0x209dB0x2af3B0x22e	0x8de1B0x2af3B0x22e
0x209dB0x2af3B0x22e	0x20adB0x2af3B0x22e
0x2078B0x2af3B0x22e	0x208aB0x2af3B0x22e
0x2078B0x2af3B0x22e	0x8d9bB0x2af3B0x22e
0x247cB0x2c27B0x22e	0x2c40B0x22e
0x244fB0x2c27B0x22e	0x247cB0x2c27B0x22e
0x244fB0x2c27B0x22e	0x8f85B0x2c27B0x22e
0x22b7B0x13871B0x22e	0x29060x29cfB0x22e
0x2075B0x29f5B0x22e	0x2a03B0x22e
0x2063B0x29f5B0x22e	0x2075B0x29f5B0x22e
0x2063B0x29f5B0x22e	0x8d78B0x29f5B0x22e
0x204fB0x2a26B0x22e	0x8d55B0x2a26B0x22e
0x204fB0x2a26B0x22e	0x2061B0x2a26B0x22e
0x1f610x1f42B0x29060x29cfB0x22e	0x29180x29cfB0x22e
0x1f42B0x29060x29cfB0x22e	0x1f610x1f42B0x29060x29cfB0x22e
0x1f42B0x29060x29cfB0x22e	0x8c540x1f42B0x29060x29cfB0x22e
0x2635B0x2c40B0x22e	0x1eb4B0x2635B0x2c40B0x22e
0x25d0B0x2c40B0x22e	0x25e7B0x2c40B0x22e
0x25f7B0x2c40B0x22e	0x2635B0x2c40B0x22e
0x25f7B0x2c40B0x22e	0x9063B0x2c40B0x22e
0x267bB0x2c40B0x22e	0x25e7B0x2c40B0x22e
0x266bB0x2c40B0x22e	0x22b7B0x266bB0x2c40B0x22e
0x2656B0x2c40B0x22e	0x2285B0x2656B0x2c40B0x22e
0x25e7B0x2c40B0x22e	0x25f7B0x2c40B0x22e
0x25e7B0x2c40B0x22e	0x25efB0x2c40B0x22e
0x25efB0x2c40B0x22e	0x13871B0x22e
0x1eb4B0x2635B0x2c40B0x22e	0x8b4dB0x2635B0x2c40B0x22e
0x1eb4B0x2635B0x2c40B0x22e	0x1ec7B0x2635B0x2c40B0x22e
0x22b7B0x266bB0x2c40B0x22e	0x267bB0x2c40B0x22e
0x2296B0x2656B0x2c40B0x22e	0x8f3fB0x2656B0x2c40B0x22e
0x2296B0x2656B0x2c40B0x22e	0x22adB0x2656B0x2c40B0x22e
0x2285B0x2656B0x2c40B0x22e	0x2296B0x2656B0x2c40B0x22e
0x2285B0x2656B0x2c40B0x22e	0x8f1cB0x2656B0x2c40B0x22e
0x22adB0x2656B0x2c40B0x22e	0x8f62B0x2656B0x2c40B0x22e
0x22adB0x2656B0x2c40B0x22e	0x22b6B0x2656B0x2c40B0x22e
0x358bB0x2b67B0x22e	0x3631B0x2b67B0x22e
0x358bB0x2b67B0x22e	0x3592B0x2b67B0x22e
0x35a6B0x2b67B0x22e	0x9511B0x2b67B0x22e
0x35a6B0x2b67B0x22e	0x35cfB0x2b67B0x22e
0x3621B0x2b67B0x22e	0x35e0B0x2b67B0x22e
0x3578B0x2b67B0x22e	0x3a1eB0x3578B0x2b67B0x22e
0x3581B0x2b67B0x22e	0x358bB0x2b67B0x22e
0x3581B0x2b67B0x22e	0x94a2B0x2b67B0x22e
0x359bB0x2b67B0x22e	0x35a6B0x2b67B0x22e
0x359bB0x2b67B0x22e	0x94eeB0x2b67B0x22e
0x35dcB0x2b67B0x22e	0x35e0B0x2b67B0x22e
0x3628B0x2b67B0x22e	0x35d4B0x2b67B0x22e
0x35e0B0x2b67B0x22e	0x953dB0x2b67B0x22e
0x35e0B0x2b67B0x22e	0x361bB0x2b67B0x22e
0x35d4B0x2b67B0x22e	0x2b6fB0x22e
0x3592B0x2b67B0x22e	0x201cB0x3592B0x2b67B0x22e
0x35cfB0x2b67B0x22e	0x35dcB0x2b67B0x22e
0x35cfB0x2b67B0x22e	0x35d4B0x2b67B0x22e
0x361bB0x2b67B0x22e	0x3621B0x2b67B0x22e
0x361bB0x2b67B0x22e	0x3628B0x2b67B0x22e
0x202eB0x3592B0x2b67B0x22e	0x2041B0x3592B0x2b67B0x22e
0x202eB0x3592B0x2b67B0x22e	0x8d0fB0x3592B0x2b67B0x22e
0x2041B0x3592B0x2b67B0x22e	0x8d32B0x3592B0x2b67B0x22e
0x2041B0x3592B0x2b67B0x22e	0x204eB0x3592B0x2b67B0x22e
0x201cB0x3592B0x2b67B0x22e	0x202eB0x3592B0x2b67B0x22e
0x201cB0x3592B0x2b67B0x22e	0x8cecB0x3592B0x2b67B0x22e
0x3a3fB0x3578B0x2b67B0x22e	0x96bcB0x3578B0x2b67B0x22e
0x3a3fB0x3578B0x2b67B0x22e	0x3a4cB0x3578B0x2b67B0x22e
0x3a1eB0x3578B0x2b67B0x22e	0x201cB0x3a1eB0x3578B0x2b67B0x22e
0x3a28B0x3578B0x2b67B0x22e	0x3a4eB0x3578B0x2b67B0x22e
0x3a28B0x3578B0x2b67B0x22e	0x3a30B0x3578B0x2b67B0x22e
0x3a4eB0x3578B0x2b67B0x22e	0x3581B0x2b67B0x22e
0x3a39B0x3578B0x2b67B0x22e	0x3a3fB0x3578B0x2b67B0x22e
0x3a39B0x3578B0x2b67B0x22e	0x9670B0x3578B0x2b67B0x22e
0x3a30B0x3578B0x2b67B0x22e	0x201cB0x3a30B0x3578B0x2b67B0x22e
0x202eB0x3a1eB0x3578B0x2b67B0x22e	0x2041B0x3a1eB0x3578B0x2b67B0x22e
0x202eB0x3a1eB0x3578B0x2b67B0x22e	0x8d0fB0x3a1eB0x3578B0x2b67B0x22e
0x2041B0x3a1eB0x3578B0x2b67B0x22e	0x8d32B0x3a1eB0x3578B0x2b67B0x22e
0x2041B0x3a1eB0x3578B0x2b67B0x22e	0x204eB0x3a1eB0x3578B0x2b67B0x22e
0x201cB0x3a1eB0x3578B0x2b67B0x22e	0x202eB0x3a1eB0x3578B0x2b67B0x22e
0x201cB0x3a1eB0x3578B0x2b67B0x22e	0x8cecB0x3a1eB0x3578B0x2b67B0x22e
0x202eB0x3a30B0x3578B0x2b67B0x22e	0x2041B0x3a30B0x3578B0x2b67B0x22e
0x202eB0x3a30B0x3578B0x2b67B0x22e	0x8d0fB0x3a30B0x3578B0x2b67B0x22e
0x2041B0x3a30B0x3578B0x2b67B0x22e	0x8d32B0x3a30B0x3578B0x2b67B0x22e
0x2041B0x3a30B0x3578B0x2b67B0x22e	0x204eB0x3a30B0x3578B0x2b67B0x22e
0x201cB0x3a30B0x3578B0x2b67B0x22e	0x202eB0x3a30B0x3578B0x2b67B0x22e
0x201cB0x3a30B0x3578B0x2b67B0x22e	0x8cecB0x3a30B0x3578B0x2b67B0x22e
0x2523B0x2ad3B0x22e	0x1f65B0x2523B0x2ad3B0x22e
0x252fB0x2ad3B0x22e	0x1f42B0x252fB0x2ad3B0x22e
0x253dB0x2ad3B0x22e	0x8fa8B0x2ad3B0x22e
0x253dB0x2ad3B0x22e	0x254bB0x2ad3B0x22e
0x254bB0x2ad3B0x22e	0x2adeB0x22e
0x1f610x1f42B0x252fB0x2ad3B0x22e	0x253dB0x2ad3B0x22e
0x1f42B0x252fB0x2ad3B0x22e	0x1f610x1f42B0x252fB0x2ad3B0x22e
0x1f42B0x252fB0x2ad3B0x22e	0x8c540x1f42B0x252fB0x2ad3B0x22e
0x1f75B0x2523B0x2ad3B0x22e	0x252fB0x2ad3B0x22e
0x1f65B0x2523B0x2ad3B0x22e	0x1f75B0x2523B0x2ad3B0x22e
0x1f65B0x2523B0x2ad3B0x22e	0x8ca0B0x2523B0x2ad3B0x22e
0x352dB0x29180x29cfB0x22e	0x1f42B0x352dB0x29180x29cfB0x22e
0x353bB0x29180x29cfB0x22e	0x1f65B0x353bB0x29180x29cfB0x22e
0x3548B0x29180x29cfB0x22e	0x3570B0x29180x29cfB0x22e
0x3548B0x29180x29cfB0x22e	0x3566B0x29180x29cfB0x22e
0x3570B0x29180x29cfB0x22e	0x3566B0x29180x29cfB0x22e
0x3566B0x29180x29cfB0x22e	0x138090x29cfB0x22e
0x351eB0x29180x29cfB0x22e	0x1f65B0x351eB0x29180x29cfB0x22e
0x1f610x1f42B0x352dB0x29180x29cfB0x22e	0x353bB0x29180x29cfB0x22e
0x1f42B0x352dB0x29180x29cfB0x22e	0x1f610x1f42B0x352dB0x29180x29cfB0x22e
0x1f42B0x352dB0x29180x29cfB0x22e	0x8c540x1f42B0x352dB0x29180x29cfB0x22e
0x1f75B0x353bB0x29180x29cfB0x22e	0x3548B0x29180x29cfB0x22e
0x1f65B0x353bB0x29180x29cfB0x22e	0x1f75B0x353bB0x29180x29cfB0x22e
0x1f65B0x353bB0x29180x29cfB0x22e	0x8ca0B0x353bB0x29180x29cfB0x22e
0x1f75B0x351eB0x29180x29cfB0x22e	0x352dB0x29180x29cfB0x22e
0x1f65B0x351eB0x29180x29cfB0x22e	0x1f75B0x351eB0x29180x29cfB0x22e
0x1f65B0x351eB0x29180x29cfB0x22e	0x8ca0B0x351eB0x29180x29cfB0x22e
0x3469B0x29610x29cfB0x22e	0x34c0B0x29610x29cfB0x22e
0x3469B0x29610x29cfB0x22e	0x3470B0x29610x29cfB0x22e
0x3484B0x29610x29cfB0x22e	0x348fB0x29610x29cfB0x22e
0x3484B0x29610x29cfB0x22e	0x947fB0x29610x29cfB0x22e
0x348fB0x29610x29cfB0x22e	0x29710x29cfB0x22e
0x3456B0x29610x29cfB0x22e	0x3a1eB0x3456B0x29610x29cfB0x22e
0x345fB0x29610x29cfB0x22e	0x3469B0x29610x29cfB0x22e
0x345fB0x29610x29cfB0x22e	0x9410B0x29610x29cfB0x22e
0x3479B0x29610x29cfB0x22e	0x3484B0x29610x29cfB0x22e
0x3479B0x29610x29cfB0x22e	0x945cB0x29610x29cfB0x22e
0x3470B0x29610x29cfB0x22e	0x201cB0x3470B0x29610x29cfB0x22e
0x202eB0x3470B0x29610x29cfB0x22e	0x2041B0x3470B0x29610x29cfB0x22e
0x202eB0x3470B0x29610x29cfB0x22e	0x8d0fB0x3470B0x29610x29cfB0x22e
0x2041B0x3470B0x29610x29cfB0x22e	0x8d32B0x3470B0x29610x29cfB0x22e
0x2041B0x3470B0x29610x29cfB0x22e	0x204eB0x3470B0x29610x29cfB0x22e
0x201cB0x3470B0x29610x29cfB0x22e	0x202eB0x3470B0x29610x29cfB0x22e
0x201cB0x3470B0x29610x29cfB0x22e	0x8cecB0x3470B0x29610x29cfB0x22e
0x3a3fB0x3456B0x29610x29cfB0x22e	0x96bcB0x3456B0x29610x29cfB0x22e
0x3a3fB0x3456B0x29610x29cfB0x22e	0x3a4cB0x3456B0x29610x29cfB0x22e
0x3a1eB0x3456B0x29610x29cfB0x22e	0x201cB0x3a1eB0x3456B0x29610x29cfB0x22e
0x3a28B0x3456B0x29610x29cfB0x22e	0x3a4eB0x3456B0x29610x29cfB0x22e
0x3a28B0x3456B0x29610x29cfB0x22e	0x3a30B0x3456B0x29610x29cfB0x22e
0x3a4eB0x3456B0x29610x29cfB0x22e	0x345fB0x29610x29cfB0x22e
0x3a39B0x3456B0x29610x29cfB0x22e	0x3a3fB0x3456B0x29610x29cfB0x22e
0x3a39B0x3456B0x29610x29cfB0x22e	0x9670B0x3456B0x29610x29cfB0x22e
0x3a30B0x3456B0x29610x29cfB0x22e	0x201cB0x3a30B0x3456B0x29610x29cfB0x22e
0x202eB0x3a1eB0x3456B0x29610x29cfB0x22e	0x2041B0x3a1eB0x3456B0x29610x29cfB0x22e
0x202eB0x3a1eB0x3456B0x29610x29cfB0x22e	0x8d0fB0x3a1eB0x3456B0x29610x29cfB0x22e
0x2041B0x3a1eB0x3456B0x29610x29cfB0x22e	0x8d32B0x3a1eB0x3456B0x29610x29cfB0x22e
0x2041B0x3a1eB0x3456B0x29610x29cfB0x22e	0x204eB0x3a1eB0x3456B0x29610x29cfB0x22e
0x201cB0x3a1eB0x3456B0x29610x29cfB0x22e	0x202eB0x3a1eB0x3456B0x29610x29cfB0x22e
0x201cB0x3a1eB0x3456B0x29610x29cfB0x22e	0x8cecB0x3a1eB0x3456B0x29610x29cfB0x22e
0x202eB0x3a30B0x3456B0x29610x29cfB0x22e	0x2041B0x3a30B0x3456B0x29610x29cfB0x22e
0x202eB0x3a30B0x3456B0x29610x29cfB0x22e	0x8d0fB0x3a30B0x3456B0x29610x29cfB0x22e
0x2041B0x3a30B0x3456B0x29610x29cfB0x22e	0x8d32B0x3a30B0x3456B0x29610x29cfB0x22e
0x2041B0x3a30B0x3456B0x29610x29cfB0x22e	0x204eB0x3a30B0x3456B0x29610x29cfB0x22e
0x201cB0x3a30B0x3456B0x29610x29cfB0x22e	0x202eB0x3a30B0x3456B0x29610x29cfB0x22e
0x201cB0x3a30B0x3456B0x29610x29cfB0x22e	0x8cecB0x3a30B0x3456B0x29610x29cfB0x22e
0x2523B0x29710x29cfB0x22e	0x1f65B0x2523B0x29710x29cfB0x22e
0x252fB0x29710x29cfB0x22e	0x1f42B0x252fB0x29710x29cfB0x22e
0x253dB0x29710x29cfB0x22e	0x8fa8B0x29710x29cfB0x22e
0x253dB0x29710x29cfB0x22e	0x254bB0x29710x29cfB0x22e
0x254bB0x29710x29cfB0x22e	0x297b0x29cfB0x22e
0x1f610x1f42B0x252fB0x29710x29cfB0x22e	0x253dB0x29710x29cfB0x22e
0x1f42B0x252fB0x29710x29cfB0x22e	0x1f610x1f42B0x252fB0x29710x29cfB0x22e
0x1f42B0x252fB0x29710x29cfB0x22e	0x8c540x1f42B0x252fB0x29710x29cfB0x22e
0x1f75B0x2523B0x29710x29cfB0x22e	0x252fB0x29710x29cfB0x22e
0x1f65B0x2523B0x29710x29cfB0x22e	0x1f75B0x2523B0x29710x29cfB0x22e
0x1f65B0x2523B0x29710x29cfB0x22e	0x8ca0B0x2523B0x29710x29cfB0x22e
0x352dB0x297b0x29cfB0x22e	0x1f42B0x352dB0x297b0x29cfB0x22e
0x353bB0x297b0x29cfB0x22e	0x1f65B0x353bB0x297b0x29cfB0x22e
0x3548B0x297b0x29cfB0x22e	0x3570B0x297b0x29cfB0x22e
0x3548B0x297b0x29cfB0x22e	0x3566B0x297b0x29cfB0x22e
0x3570B0x297b0x29cfB0x22e	0x3566B0x297b0x29cfB0x22e
0x3566B0x297b0x29cfB0x22e	0x1382c0x29cfB0x22e
0x351eB0x297b0x29cfB0x22e	0x1f65B0x351eB0x297b0x29cfB0x22e
0x1f610x1f42B0x352dB0x297b0x29cfB0x22e	0x353bB0x297b0x29cfB0x22e
0x1f42B0x352dB0x297b0x29cfB0x22e	0x1f610x1f42B0x352dB0x297b0x29cfB0x22e
0x1f42B0x352dB0x297b0x29cfB0x22e	0x8c540x1f42B0x352dB0x297b0x29cfB0x22e
0x1f75B0x353bB0x297b0x29cfB0x22e	0x3548B0x297b0x29cfB0x22e
0x1f65B0x353bB0x297b0x29cfB0x22e	0x1f75B0x353bB0x297b0x29cfB0x22e
0x1f65B0x353bB0x297b0x29cfB0x22e	0x8ca0B0x353bB0x297b0x29cfB0x22e
0x1f75B0x351eB0x297b0x29cfB0x22e	0x352dB0x297b0x29cfB0x22e
0x1f65B0x351eB0x297b0x29cfB0x22e	0x1f75B0x351eB0x297b0x29cfB0x22e
0x1f65B0x351eB0x297b0x29cfB0x22e	0x8ca0B0x351eB0x297b0x29cfB0x22e
0x2c97B0x22e	0x23e
0x138090x29cfB0x22e	0x23e
0x1382c0x29cfB0x22e	0x23e
0x204eB0x29eaB0x22e	0x29f2B0x22e
0x204eB0x29cfB0x22e	0x29e2B0x22e
0x204eB0x2cacB0x22e	0x2cb7B0x22e
0x2061B0x2a2fB0x22e	0x2a3cB0x22e
0x20adB0x2a3cB0x22e	0x2a4bB0x22e
0x20adB0x2a72B0x22e	0x2a83B0x22e
0x204eB0x2ac4B0x22e	0x2ad3B0x22e
0x20adB0x2af3B0x22e	0x2b5eB0x22e
0x2061B0x2a26B0x22e	0x2a2fB0x22e
0x1ec7B0x2635B0x2c40B0x22e	0x2656B0x2c40B0x22e
0x22b6B0x2656B0x2c40B0x22e	0x266bB0x2c40B0x22e
0x204eB0x3592B0x2b67B0x22e	0x359bB0x2b67B0x22e
0x3a4cB0x3578B0x2b67B0x22e	0x3581B0x2b67B0x22e
0x204eB0x3a1eB0x3578B0x2b67B0x22e	0x3a28B0x3578B0x2b67B0x22e
0x204eB0x3a30B0x3578B0x2b67B0x22e	0x3a39B0x3578B0x2b67B0x22e
0x204eB0x3470B0x29610x29cfB0x22e	0x3479B0x29610x29cfB0x22e
0x3a4cB0x3456B0x29610x29cfB0x22e	0x345fB0x29610x29cfB0x22e
0x204eB0x3a1eB0x3456B0x29610x29cfB0x22e	0x3a28B0x3456B0x29610x29cfB0x22e
0x204eB0x3a30B0x3456B0x29610x29cfB0x22e	0x3a39B0x3456B0x29610x29cfB0x22e
0x33f5B0x2a0aB0x22e	0x3a1eB0x33f5B0x2a0aB0x22e
0x3408B0x2a0aB0x22e	0x3410B0x2a0aB0x22e
0x3408B0x2a0aB0x22e	0x341bB0x2a0aB0x22e
0x3410B0x2a0aB0x22e	0x3578B0x3410B0x2a0aB0x22e
0x3424B0x2a0aB0x22e	0x3456B0x3424B0x2a0aB0x22e
0x33e2B0x2a0aB0x22e	0x201cB0x33e2B0x2a0aB0x22e
0x33edB0x2a0aB0x22e	0x33f5B0x2a0aB0x22e
0x33edB0x2a0aB0x22e	0x342fB0x2a0aB0x22e
0x342fB0x2a0aB0x22e	0x2a12B0x22e
0x33fdB0x2a0aB0x22e	0x3408B0x2a0aB0x22e
0x33fdB0x2a0aB0x22e	0x93c4B0x2a0aB0x22e
0x341bB0x2a0aB0x22e	0x3424B0x2a0aB0x22e
0x341bB0x2a0aB0x22e	0x32b00x33e2B0x2a0aB0x22e
0x13a48B0x2a0aB0x22e	0x3b4bB0x13a48B0x2a0aB0x22e
0x13a6dB0x2a0aB0x22e	0x2a12B0x22e
0x13a8fB0x2a0aB0x22e	0x3a54B0x13a8fB0x2a0aB0x22e
0x13ab4B0x2a0aB0x22e	0x2a12B0x22e
0x32b00x33e2B0x2a0aB0x22e	0x2a12B0x22e
0x202eB0x33e2B0x2a0aB0x22e	0x2041B0x33e2B0x2a0aB0x22e
0x202eB0x33e2B0x2a0aB0x22e	0x8d0fB0x33e2B0x2a0aB0x22e
0x2041B0x33e2B0x2a0aB0x22e	0x8d32B0x33e2B0x2a0aB0x22e
0x2041B0x33e2B0x2a0aB0x22e	0x204eB0x33e2B0x2a0aB0x22e
0x201cB0x33e2B0x2a0aB0x22e	0x202eB0x33e2B0x2a0aB0x22e
0x201cB0x33e2B0x2a0aB0x22e	0x8cecB0x33e2B0x2a0aB0x22e
0x3a3fB0x33f5B0x2a0aB0x22e	0x96bcB0x33f5B0x2a0aB0x22e
0x3a3fB0x33f5B0x2a0aB0x22e	0x3a4cB0x33f5B0x2a0aB0x22e
0x3a1eB0x33f5B0x2a0aB0x22e	0x201cB0x3a1eB0x33f5B0x2a0aB0x22e
0x3a28B0x33f5B0x2a0aB0x22e	0x3a4eB0x33f5B0x2a0aB0x22e
0x3a28B0x33f5B0x2a0aB0x22e	0x3a30B0x33f5B0x2a0aB0x22e
0x3a4eB0x33f5B0x2a0aB0x22e	0x33fdB0x2a0aB0x22e
0x3a39B0x33f5B0x2a0aB0x22e	0x3a3fB0x33f5B0x2a0aB0x22e
0x3a39B0x33f5B0x2a0aB0x22e	0x9670B0x33f5B0x2a0aB0x22e
0x3a30B0x33f5B0x2a0aB0x22e	0x201cB0x3a30B0x33f5B0x2a0aB0x22e
0x202eB0x3a1eB0x33f5B0x2a0aB0x22e	0x2041B0x3a1eB0x33f5B0x2a0aB0x22e
0x202eB0x3a1eB0x33f5B0x2a0aB0x22e	0x8d0fB0x3a1eB0x33f5B0x2a0aB0x22e
0x2041B0x3a1eB0x33f5B0x2a0aB0x22e	0x8d32B0x3a1eB0x33f5B0x2a0aB0x22e
0x2041B0x3a1eB0x33f5B0x2a0aB0x22e	0x204eB0x3a1eB0x33f5B0x2a0aB0x22e
0x201cB0x3a1eB0x33f5B0x2a0aB0x22e	0x202eB0x3a1eB0x33f5B0x2a0aB0x22e
0x201cB0x3a1eB0x33f5B0x2a0aB0x22e	0x8cecB0x3a1eB0x33f5B0x2a0aB0x22e
0x202eB0x3a30B0x33f5B0x2a0aB0x22e	0x2041B0x3a30B0x33f5B0x2a0aB0x22e
0x202eB0x3a30B0x33f5B0x2a0aB0x22e	0x8d0fB0x3a30B0x33f5B0x2a0aB0x22e
0x2041B0x3a30B0x33f5B0x2a0aB0x22e	0x8d32B0x3a30B0x33f5B0x2a0aB0x22e
0x2041B0x3a30B0x33f5B0x2a0aB0x22e	0x204eB0x3a30B0x33f5B0x2a0aB0x22e
0x201cB0x3a30B0x33f5B0x2a0aB0x22e	0x202eB0x3a30B0x33f5B0x2a0aB0x22e
0x201cB0x3a30B0x33f5B0x2a0aB0x22e	0x8cecB0x3a30B0x33f5B0x2a0aB0x22e
0x3b53B0x13a48B0x2a0aB0x22e	0x3b67B0x13a48B0x2a0aB0x22e
0x3b70B0x13a48B0x2a0aB0x22e	0x21a2B0x3b70B0x13a48B0x2a0aB0x22e
0x3c07B0x13a48B0x2a0aB0x22e	0x13a6dB0x2a0aB0x22e
0x3bf5B0x13a48B0x2a0aB0x22e	0x13a6dB0x2a0aB0x22e
0x3b81B0x13a48B0x2a0aB0x22e	0x3b89B0x13a48B0x2a0aB0x22e
0x3b89B0x13a48B0x2a0aB0x22e	0x204fB0x3b89B0x13a48B0x2a0aB0x22e
0x3be3B0x13a48B0x2a0aB0x22e	0x3b67B0x13a48B0x2a0aB0x22e
0x3b95B0x13a48B0x2a0aB0x22e	0x201cB0x3b95B0x13a48B0x2a0aB0x22e
0x13bbaB0x13a48B0x2a0aB0x22e	0x1f42B0x13bbaB0x13a48B0x2a0aB0x22e
0x3ba5B0x13a48B0x2a0aB0x22e	0x13bbaB0x13a48B0x2a0aB0x22e
0x3b67B0x13a48B0x2a0aB0x22e	0x3b70B0x13a48B0x2a0aB0x22e
0x3b67B0x13a48B0x2a0aB0x22e	0x3bf5B0x13a48B0x2a0aB0x22e
0x3b4bB0x13a48B0x2a0aB0x22e	0x3b53B0x13a48B0x2a0aB0x22e
0x3b4bB0x13a48B0x2a0aB0x22e	0x3c07B0x13a48B0x2a0aB0x22e
0x21d2B0x3b70B0x13a48B0x2a0aB0x22e	0x3b81B0x13a48B0x2a0aB0x22e
0x21a2B0x3b70B0x13a48B0x2a0aB0x22e	0x21d2B0x3b70B0x13a48B0x2a0aB0x22e
0x21a2B0x3b70B0x13a48B0x2a0aB0x22e	0x8e04B0x3b70B0x13a48B0x2a0aB0x22e
0x204fB0x3b89B0x13a48B0x2a0aB0x22e	0x8d55B0x3b89B0x13a48B0x2a0aB0x22e
0x204fB0x3b89B0x13a48B0x2a0aB0x22e	0x2061B0x3b89B0x13a48B0x2a0aB0x22e
0x202eB0x3b95B0x13a48B0x2a0aB0x22e	0x2041B0x3b95B0x13a48B0x2a0aB0x22e
0x202eB0x3b95B0x13a48B0x2a0aB0x22e	0x8d0fB0x3b95B0x13a48B0x2a0aB0x22e
0x2041B0x3b95B0x13a48B0x2a0aB0x22e	0x8d32B0x3b95B0x13a48B0x2a0aB0x22e
0x2041B0x3b95B0x13a48B0x2a0aB0x22e	0x204eB0x3b95B0x13a48B0x2a0aB0x22e
0x201cB0x3b95B0x13a48B0x2a0aB0x22e	0x202eB0x3b95B0x13a48B0x2a0aB0x22e
0x201cB0x3b95B0x13a48B0x2a0aB0x22e	0x8cecB0x3b95B0x13a48B0x2a0aB0x22e
0x1f610x1f42B0x13bbaB0x13a48B0x2a0aB0x22e	0x3be3B0x13a48B0x2a0aB0x22e
0x1f42B0x13bbaB0x13a48B0x2a0aB0x22e	0x1f610x1f42B0x13bbaB0x13a48B0x2a0aB0x22e
0x1f42B0x13bbaB0x13a48B0x2a0aB0x22e	0x8c540x1f42B0x13bbaB0x13a48B0x2a0aB0x22e
0x358bB0x3410B0x2a0aB0x22e	0x3631B0x3410B0x2a0aB0x22e
0x358bB0x3410B0x2a0aB0x22e	0x3592B0x3410B0x2a0aB0x22e
0x35a6B0x3410B0x2a0aB0x22e	0x9511B0x3410B0x2a0aB0x22e
0x35a6B0x3410B0x2a0aB0x22e	0x35cfB0x3410B0x2a0aB0x22e
0x3621B0x3410B0x2a0aB0x22e	0x35e0B0x3410B0x2a0aB0x22e
0x3578B0x3410B0x2a0aB0x22e	0x3a1eB0x3578B0x3410B0x2a0aB0x22e
0x3581B0x3410B0x2a0aB0x22e	0x358bB0x3410B0x2a0aB0x22e
0x3581B0x3410B0x2a0aB0x22e	0x94a2B0x3410B0x2a0aB0x22e
0x359bB0x3410B0x2a0aB0x22e	0x35a6B0x3410B0x2a0aB0x22e
0x359bB0x3410B0x2a0aB0x22e	0x94eeB0x3410B0x2a0aB0x22e
0x35dcB0x3410B0x2a0aB0x22e	0x35e0B0x3410B0x2a0aB0x22e
0x3628B0x3410B0x2a0aB0x22e	0x35d4B0x3410B0x2a0aB0x22e
0x35e0B0x3410B0x2a0aB0x22e	0x953dB0x3410B0x2a0aB0x22e
0x35e0B0x3410B0x2a0aB0x22e	0x361bB0x3410B0x2a0aB0x22e
0x35d4B0x3410B0x2a0aB0x22e	0x13a48B0x2a0aB0x22e
0x3592B0x3410B0x2a0aB0x22e	0x201cB0x3592B0x3410B0x2a0aB0x22e
0x35cfB0x3410B0x2a0aB0x22e	0x35dcB0x3410B0x2a0aB0x22e
0x35cfB0x3410B0x2a0aB0x22e	0x35d4B0x3410B0x2a0aB0x22e
0x361bB0x3410B0x2a0aB0x22e	0x3621B0x3410B0x2a0aB0x22e
0x361bB0x3410B0x2a0aB0x22e	0x3628B0x3410B0x2a0aB0x22e
0x202eB0x3592B0x3410B0x2a0aB0x22e	0x2041B0x3592B0x3410B0x2a0aB0x22e
0x202eB0x3592B0x3410B0x2a0aB0x22e	0x8d0fB0x3592B0x3410B0x2a0aB0x22e
0x2041B0x3592B0x3410B0x2a0aB0x22e	0x8d32B0x3592B0x3410B0x2a0aB0x22e
0x2041B0x3592B0x3410B0x2a0aB0x22e	0x204eB0x3592B0x3410B0x2a0aB0x22e
0x201cB0x3592B0x3410B0x2a0aB0x22e	0x202eB0x3592B0x3410B0x2a0aB0x22e
0x201cB0x3592B0x3410B0x2a0aB0x22e	0x8cecB0x3592B0x3410B0x2a0aB0x22e
0x3a3fB0x3578B0x3410B0x2a0aB0x22e	0x96bcB0x3578B0x3410B0x2a0aB0x22e
0x3a3fB0x3578B0x3410B0x2a0aB0x22e	0x3a4cB0x3578B0x3410B0x2a0aB0x22e
0x3a1eB0x3578B0x3410B0x2a0aB0x22e	0x201cB0x3a1eB0x3578B0x3410B0x2a0aB0x22e
0x3a28B0x3578B0x3410B0x2a0aB0x22e	0x3a4eB0x3578B0x3410B0x2a0aB0x22e
0x3a28B0x3578B0x3410B0x2a0aB0x22e	0x3a30B0x3578B0x3410B0x2a0aB0x22e
0x3a4eB0x3578B0x3410B0x2a0aB0x22e	0x3581B0x3410B0x2a0aB0x22e
0x3a39B0x3578B0x3410B0x2a0aB0x22e	0x3a3fB0x3578B0x3410B0x2a0aB0x22e
0x3a39B0x3578B0x3410B0x2a0aB0x22e	0x9670B0x3578B0x3410B0x2a0aB0x22e
0x3a30B0x3578B0x3410B0x2a0aB0x22e	0x201cB0x3a30B0x3578B0x3410B0x2a0aB0x22e
0x202eB0x3a1eB0x3578B0x3410B0x2a0aB0x22e	0x2041B0x3a1eB0x3578B0x3410B0x2a0aB0x22e
0x202eB0x3a1eB0x3578B0x3410B0x2a0aB0x22e	0x8d0fB0x3a1eB0x3578B0x3410B0x2a0aB0x22e
0x2041B0x3a1eB0x3578B0x3410B0x2a0aB0x22e	0x8d32B0x3a1eB0x3578B0x3410B0x2a0aB0x22e
0x2041B0x3a1eB0x3578B0x3410B0x2a0aB0x22e	0x204eB0x3a1eB0x3578B0x3410B0x2a0aB0x22e
0x201cB0x3a1eB0x3578B0x3410B0x2a0aB0x22e	0x202eB0x3a1eB0x3578B0x3410B0x2a0aB0x22e
0x201cB0x3a1eB0x3578B0x3410B0x2a0aB0x22e	0x8cecB0x3a1eB0x3578B0x3410B0x2a0aB0x22e
0x202eB0x3a30B0x3578B0x3410B0x2a0aB0x22e	0x2041B0x3a30B0x3578B0x3410B0x2a0aB0x22e
0x202eB0x3a30B0x3578B0x3410B0x2a0aB0x22e	0x8d0fB0x3a30B0x3578B0x3410B0x2a0aB0x22e
0x2041B0x3a30B0x3578B0x3410B0x2a0aB0x22e	0x8d32B0x3a30B0x3578B0x3410B0x2a0aB0x22e
0x2041B0x3a30B0x3578B0x3410B0x2a0aB0x22e	0x204eB0x3a30B0x3578B0x3410B0x2a0aB0x22e
0x201cB0x3a30B0x3578B0x3410B0x2a0aB0x22e	0x202eB0x3a30B0x3578B0x3410B0x2a0aB0x22e
0x201cB0x3a30B0x3578B0x3410B0x2a0aB0x22e	0x8cecB0x3a30B0x3578B0x3410B0x2a0aB0x22e
0x3469B0x3424B0x2a0aB0x22e	0x34c0B0x3424B0x2a0aB0x22e
0x3469B0x3424B0x2a0aB0x22e	0x3470B0x3424B0x2a0aB0x22e
0x3484B0x3424B0x2a0aB0x22e	0x348fB0x3424B0x2a0aB0x22e
0x3484B0x3424B0x2a0aB0x22e	0x947fB0x3424B0x2a0aB0x22e
0x348fB0x3424B0x2a0aB0x22e	0x13a8fB0x2a0aB0x22e
0x3456B0x3424B0x2a0aB0x22e	0x3a1eB0x3456B0x3424B0x2a0aB0x22e
0x345fB0x3424B0x2a0aB0x22e	0x3469B0x3424B0x2a0aB0x22e
0x345fB0x3424B0x2a0aB0x22e	0x9410B0x3424B0x2a0aB0x22e
0x3479B0x3424B0x2a0aB0x22e	0x3484B0x3424B0x2a0aB0x22e
0x3479B0x3424B0x2a0aB0x22e	0x945cB0x3424B0x2a0aB0x22e
0x3470B0x3424B0x2a0aB0x22e	0x201cB0x3470B0x3424B0x2a0aB0x22e
0x202eB0x3470B0x3424B0x2a0aB0x22e	0x2041B0x3470B0x3424B0x2a0aB0x22e
0x202eB0x3470B0x3424B0x2a0aB0x22e	0x8d0fB0x3470B0x3424B0x2a0aB0x22e
0x2041B0x3470B0x3424B0x2a0aB0x22e	0x8d32B0x3470B0x3424B0x2a0aB0x22e
0x2041B0x3470B0x3424B0x2a0aB0x22e	0x204eB0x3470B0x3424B0x2a0aB0x22e
0x201cB0x3470B0x3424B0x2a0aB0x22e	0x202eB0x3470B0x3424B0x2a0aB0x22e
0x201cB0x3470B0x3424B0x2a0aB0x22e	0x8cecB0x3470B0x3424B0x2a0aB0x22e
0x3a3fB0x3456B0x3424B0x2a0aB0x22e	0x96bcB0x3456B0x3424B0x2a0aB0x22e
0x3a3fB0x3456B0x3424B0x2a0aB0x22e	0x3a4cB0x3456B0x3424B0x2a0aB0x22e
0x3a1eB0x3456B0x3424B0x2a0aB0x22e	0x201cB0x3a1eB0x3456B0x3424B0x2a0aB0x22e
0x3a28B0x3456B0x3424B0x2a0aB0x22e	0x3a4eB0x3456B0x3424B0x2a0aB0x22e
0x3a28B0x3456B0x3424B0x2a0aB0x22e	0x3a30B0x3456B0x3424B0x2a0aB0x22e
0x3a4eB0x3456B0x3424B0x2a0aB0x22e	0x345fB0x3424B0x2a0aB0x22e
0x3a39B0x3456B0x3424B0x2a0aB0x22e	0x3a3fB0x3456B0x3424B0x2a0aB0x22e
0x3a39B0x3456B0x3424B0x2a0aB0x22e	0x9670B0x3456B0x3424B0x2a0aB0x22e
0x3a30B0x3456B0x3424B0x2a0aB0x22e	0x201cB0x3a30B0x3456B0x3424B0x2a0aB0x22e
0x202eB0x3a1eB0x3456B0x3424B0x2a0aB0x22e	0x2041B0x3a1eB0x3456B0x3424B0x2a0aB0x22e
0x202eB0x3a1eB0x3456B0x3424B0x2a0aB0x22e	0x8d0fB0x3a1eB0x3456B0x3424B0x2a0aB0x22e
0x2041B0x3a1eB0x3456B0x3424B0x2a0aB0x22e	0x8d32B0x3a1eB0x3456B0x3424B0x2a0aB0x22e
0x2041B0x3a1eB0x3456B0x3424B0x2a0aB0x22e	0x204eB0x3a1eB0x3456B0x3424B0x2a0aB0x22e
0x201cB0x3a1eB0x3456B0x3424B0x2a0aB0x22e	0x202eB0x3a1eB0x3456B0x3424B0x2a0aB0x22e
0x201cB0x3a1eB0x3456B0x3424B0x2a0aB0x22e	0x8cecB0x3a1eB0x3456B0x3424B0x2a0aB0x22e
0x202eB0x3a30B0x3456B0x3424B0x2a0aB0x22e	0x2041B0x3a30B0x3456B0x3424B0x2a0aB0x22e
0x202eB0x3a30B0x3456B0x3424B0x2a0aB0x22e	0x8d0fB0x3a30B0x3456B0x3424B0x2a0aB0x22e
0x2041B0x3a30B0x3456B0x3424B0x2a0aB0x22e	0x8d32B0x3a30B0x3456B0x3424B0x2a0aB0x22e
0x2041B0x3a30B0x3456B0x3424B0x2a0aB0x22e	0x204eB0x3a30B0x3456B0x3424B0x2a0aB0x22e
0x201cB0x3a30B0x3456B0x3424B0x2a0aB0x22e	0x202eB0x3a30B0x3456B0x3424B0x2a0aB0x22e
0x201cB0x3a30B0x3456B0x3424B0x2a0aB0x22e	0x8cecB0x3a30B0x3456B0x3424B0x2a0aB0x22e
0x204eB0x33e2B0x2a0aB0x22e	0x33edB0x2a0aB0x22e
0x3a4cB0x33f5B0x2a0aB0x22e	0x33fdB0x2a0aB0x22e
0x204eB0x3a1eB0x33f5B0x2a0aB0x22e	0x3a28B0x33f5B0x2a0aB0x22e
0x204eB0x3a30B0x33f5B0x2a0aB0x22e	0x3a39B0x33f5B0x2a0aB0x22e
0x2061B0x3b89B0x13a48B0x2a0aB0x22e	0x3b95B0x13a48B0x2a0aB0x22e
0x204eB0x3b95B0x13a48B0x2a0aB0x22e	0x3ba5B0x13a48B0x2a0aB0x22e
0x204eB0x3592B0x3410B0x2a0aB0x22e	0x359bB0x3410B0x2a0aB0x22e
0x3a4cB0x3578B0x3410B0x2a0aB0x22e	0x3581B0x3410B0x2a0aB0x22e
0x204eB0x3a1eB0x3578B0x3410B0x2a0aB0x22e	0x3a28B0x3578B0x3410B0x2a0aB0x22e
0x204eB0x3a30B0x3578B0x3410B0x2a0aB0x22e	0x3a39B0x3578B0x3410B0x2a0aB0x22e
0x204eB0x3470B0x3424B0x2a0aB0x22e	0x3479B0x3424B0x2a0aB0x22e
0x3a4cB0x3456B0x3424B0x2a0aB0x22e	0x345fB0x3424B0x2a0aB0x22e
0x204eB0x3a1eB0x3456B0x3424B0x2a0aB0x22e	0x3a28B0x3456B0x3424B0x2a0aB0x22e
0x204eB0x3a30B0x3456B0x3424B0x2a0aB0x22e	0x3a39B0x3456B0x3424B0x2a0aB0x22e
0x3a64B0x13a8fB0x2a0aB0x22e	0x1f26B0x3a64B0x13a8fB0x2a0aB0x22e
0x3af9B0x13a8fB0x2a0aB0x22e	0x33c1B0x3af9B0x13a8fB0x2a0aB0x22e
0x3aa1B0x13a8fB0x2a0aB0x22e	0x3abbB0x13a8fB0x2a0aB0x22e
0x3a8fB0x13a8fB0x2a0aB0x22e	0x2523B0x3a8fB0x13a8fB0x2a0aB0x22e
0x13b68B0x13a8fB0x2a0aB0x22e	0x1f42B0x13b68B0x13a8fB0x2a0aB0x22e
0x3abbB0x13a8fB0x2a0aB0x22e	0x13b68B0x13a8fB0x2a0aB0x22e
0x3b05B0x13a8fB0x2a0aB0x22e	0x3b16B0x13a8fB0x2a0aB0x22e
0x3b32B0x13a8fB0x2a0aB0x22e	0x3b16B0x13a8fB0x2a0aB0x22e
0x13b95B0x13a8fB0x2a0aB0x22e	0x13ab4B0x2a0aB0x22e
0x3b16B0x13a8fB0x2a0aB0x22e	0x3b32B0x13a8fB0x2a0aB0x22e
0x3b16B0x13a8fB0x2a0aB0x22e	0x3b1eB0x13a8fB0x2a0aB0x22e
0x3a54B0x13a8fB0x2a0aB0x22e	0x1f42B0x3a54B0x13a8fB0x2a0aB0x22e
0x3b1eB0x13a8fB0x2a0aB0x22e	0x1f42B0x3b1eB0x13a8fB0x2a0aB0x22e
0x1f3eB0x3a64B0x13a8fB0x2a0aB0x22e	0x3a8fB0x13a8fB0x2a0aB0x22e
0x1f26B0x3a64B0x13a8fB0x2a0aB0x22e	0x1f3eB0x3a64B0x13a8fB0x2a0aB0x22e
0x1f26B0x3a64B0x13a8fB0x2a0aB0x22e	0x8c08B0x3a64B0x13a8fB0x2a0aB0x22e
0x33c9B0x3af9B0x13a8fB0x2a0aB0x22e	0x3b05B0x13a8fB0x2a0aB0x22e
0x33c1B0x3af9B0x13a8fB0x2a0aB0x22e	0x33c9B0x3af9B0x13a8fB0x2a0aB0x22e
0x33c1B0x3af9B0x13a8fB0x2a0aB0x22e	0x932cB0x3af9B0x13a8fB0x2a0aB0x22e
0x1f610x1f42B0x13b68B0x13a8fB0x2a0aB0x22e	0x3af9B0x13a8fB0x2a0aB0x22e
0x1f42B0x13b68B0x13a8fB0x2a0aB0x22e	0x1f610x1f42B0x13b68B0x13a8fB0x2a0aB0x22e
0x1f42B0x13b68B0x13a8fB0x2a0aB0x22e	0x8c540x1f42B0x13b68B0x13a8fB0x2a0aB0x22e
0x1f610x1f42B0x3a54B0x13a8fB0x2a0aB0x22e	0x3a64B0x13a8fB0x2a0aB0x22e
0x1f42B0x3a54B0x13a8fB0x2a0aB0x22e	0x1f610x1f42B0x3a54B0x13a8fB0x2a0aB0x22e
0x1f42B0x3a54B0x13a8fB0x2a0aB0x22e	0x8c540x1f42B0x3a54B0x13a8fB0x2a0aB0x22e
0x1f610x1f42B0x3b1eB0x13a8fB0x2a0aB0x22e	0x13b95B0x13a8fB0x2a0aB0x22e
0x1f42B0x3b1eB0x13a8fB0x2a0aB0x22e	0x1f610x1f42B0x3b1eB0x13a8fB0x2a0aB0x22e
0x1f42B0x3b1eB0x13a8fB0x2a0aB0x22e	0x8c540x1f42B0x3b1eB0x13a8fB0x2a0aB0x22e
0x2523B0x3a8fB0x13a8fB0x2a0aB0x22e	0x1f65B0x2523B0x3a8fB0x13a8fB0x2a0aB0x22e
0x252fB0x3a8fB0x13a8fB0x2a0aB0x22e	0x1f42B0x252fB0x3a8fB0x13a8fB0x2a0aB0x22e
0x253dB0x3a8fB0x13a8fB0x2a0aB0x22e	0x8fa8B0x3a8fB0x13a8fB0x2a0aB0x22e
0x253dB0x3a8fB0x13a8fB0x2a0aB0x22e	0x254bB0x3a8fB0x13a8fB0x2a0aB0x22e
0x254bB0x3a8fB0x13a8fB0x2a0aB0x22e	0x3aa1B0x13a8fB0x2a0aB0x22e
0x1f610x1f42B0x252fB0x3a8fB0x13a8fB0x2a0aB0x22e	0x253dB0x3a8fB0x13a8fB0x2a0aB0x22e
0x1f42B0x252fB0x3a8fB0x13a8fB0x2a0aB0x22e	0x1f610x1f42B0x252fB0x3a8fB0x13a8fB0x2a0aB0x22e
0x1f42B0x252fB0x3a8fB0x13a8fB0x2a0aB0x22e	0x8c540x1f42B0x252fB0x3a8fB0x13a8fB0x2a0aB0x22e
0x1f75B0x2523B0x3a8fB0x13a8fB0x2a0aB0x22e	0x252fB0x3a8fB0x13a8fB0x2a0aB0x22e
0x1f65B0x2523B0x3a8fB0x13a8fB0x2a0aB0x22e	0x1f75B0x2523B0x3a8fB0x13a8fB0x2a0aB0x22e
0x1f65B0x2523B0x3a8fB0x13a8fB0x2a0aB0x22e	0x8ca0B0x2523B0x3a8fB0x13a8fB0x2a0aB0x22e
0x326bB0x2c9aB0x22e	0x3a1eB0x326bB0x2c9aB0x22e
0x327dB0x2c9aB0x22e	0x3297B0x2c9aB0x22e
0x327dB0x2c9aB0x22e	0x3285B0x2c9aB0x22e
0x329fB0x2c9aB0x22e	0x3456B0x329fB0x2c9aB0x22e
0x3259B0x2c9aB0x22e	0x201cB0x3259B0x2c9aB0x22e
0x3263B0x2c9aB0x22e	0x326bB0x2c9aB0x22e
0x3263B0x2c9aB0x22e	0x32b00x3259B0x2c9aB0x22e
0x3273B0x2c9aB0x22e	0x327dB0x2c9aB0x22e
0x3273B0x2c9aB0x22e	0x9271B0x2c9aB0x22e
0x3297B0x2c9aB0x22e	0x329fB0x2c9aB0x22e
0x3297B0x2c9aB0x22e	0x32b00x3259B0x2c9aB0x22e
0x13997B0x2c9aB0x22e	0x3b4bB0x13997B0x2c9aB0x22e
0x139bcB0x2c9aB0x22e	0x138a7B0x22e
0x139deB0x2c9aB0x22e	0x3a54B0x139deB0x2c9aB0x22e
0x13a03B0x2c9aB0x22e	0x138a7B0x22e
0x3285B0x2c9aB0x22e	0x3578B0x3285B0x2c9aB0x22e
0x32b00x3259B0x2c9aB0x22e	0x138a7B0x22e
0x202eB0x3259B0x2c9aB0x22e	0x2041B0x3259B0x2c9aB0x22e
0x202eB0x3259B0x2c9aB0x22e	0x8d0fB0x3259B0x2c9aB0x22e
0x2041B0x3259B0x2c9aB0x22e	0x8d32B0x3259B0x2c9aB0x22e
0x2041B0x3259B0x2c9aB0x22e	0x204eB0x3259B0x2c9aB0x22e
0x201cB0x3259B0x2c9aB0x22e	0x202eB0x3259B0x2c9aB0x22e
0x201cB0x3259B0x2c9aB0x22e	0x8cecB0x3259B0x2c9aB0x22e
0x3a3fB0x326bB0x2c9aB0x22e	0x96bcB0x326bB0x2c9aB0x22e
0x3a3fB0x326bB0x2c9aB0x22e	0x3a4cB0x326bB0x2c9aB0x22e
0x3a1eB0x326bB0x2c9aB0x22e	0x201cB0x3a1eB0x326bB0x2c9aB0x22e
0x3a28B0x326bB0x2c9aB0x22e	0x3a4eB0x326bB0x2c9aB0x22e
0x3a28B0x326bB0x2c9aB0x22e	0x3a30B0x326bB0x2c9aB0x22e
0x3a4eB0x326bB0x2c9aB0x22e	0x3273B0x2c9aB0x22e
0x3a39B0x326bB0x2c9aB0x22e	0x3a3fB0x326bB0x2c9aB0x22e
0x3a39B0x326bB0x2c9aB0x22e	0x9670B0x326bB0x2c9aB0x22e
0x3a30B0x326bB0x2c9aB0x22e	0x201cB0x3a30B0x326bB0x2c9aB0x22e
0x202eB0x3a1eB0x326bB0x2c9aB0x22e	0x2041B0x3a1eB0x326bB0x2c9aB0x22e
0x202eB0x3a1eB0x326bB0x2c9aB0x22e	0x8d0fB0x3a1eB0x326bB0x2c9aB0x22e
0x2041B0x3a1eB0x326bB0x2c9aB0x22e	0x8d32B0x3a1eB0x326bB0x2c9aB0x22e
0x2041B0x3a1eB0x326bB0x2c9aB0x22e	0x204eB0x3a1eB0x326bB0x2c9aB0x22e
0x201cB0x3a1eB0x326bB0x2c9aB0x22e	0x202eB0x3a1eB0x326bB0x2c9aB0x22e
0x201cB0x3a1eB0x326bB0x2c9aB0x22e	0x8cecB0x3a1eB0x326bB0x2c9aB0x22e
0x202eB0x3a30B0x326bB0x2c9aB0x22e	0x2041B0x3a30B0x326bB0x2c9aB0x22e
0x202eB0x3a30B0x326bB0x2c9aB0x22e	0x8d0fB0x3a30B0x326bB0x2c9aB0x22e
0x2041B0x3a30B0x326bB0x2c9aB0x22e	0x8d32B0x3a30B0x326bB0x2c9aB0x22e
0x2041B0x3a30B0x326bB0x2c9aB0x22e	0x204eB0x3a30B0x326bB0x2c9aB0x22e
0x201cB0x3a30B0x326bB0x2c9aB0x22e	0x202eB0x3a30B0x326bB0x2c9aB0x22e
0x201cB0x3a30B0x326bB0x2c9aB0x22e	0x8cecB0x3a30B0x326bB0x2c9aB0x22e
0x3b53B0x13997B0x2c9aB0x22e	0x3b67B0x13997B0x2c9aB0x22e
0x3b70B0x13997B0x2c9aB0x22e	0x21a2B0x3b70B0x13997B0x2c9aB0x22e
0x3c07B0x13997B0x2c9aB0x22e	0x139bcB0x2c9aB0x22e
0x3bf5B0x13997B0x2c9aB0x22e	0x139bcB0x2c9aB0x22e
0x3b81B0x13997B0x2c9aB0x22e	0x3b89B0x13997B0x2c9aB0x22e
0x3b89B0x13997B0x2c9aB0x22e	0x204fB0x3b89B0x13997B0x2c9aB0x22e
0x3be3B0x13997B0x2c9aB0x22e	0x3b67B0x13997B0x2c9aB0x22e
0x3b95B0x13997B0x2c9aB0x22e	0x201cB0x3b95B0x13997B0x2c9aB0x22e
0x13bbaB0x13997B0x2c9aB0x22e	0x1f42B0x13bbaB0x13997B0x2c9aB0x22e
0x3ba5B0x13997B0x2c9aB0x22e	0x13bbaB0x13997B0x2c9aB0x22e
0x3b67B0x13997B0x2c9aB0x22e	0x3b70B0x13997B0x2c9aB0x22e
0x3b67B0x13997B0x2c9aB0x22e	0x3bf5B0x13997B0x2c9aB0x22e
0x3b4bB0x13997B0x2c9aB0x22e	0x3b53B0x13997B0x2c9aB0x22e
0x3b4bB0x13997B0x2c9aB0x22e	0x3c07B0x13997B0x2c9aB0x22e
0x21d2B0x3b70B0x13997B0x2c9aB0x22e	0x3b81B0x13997B0x2c9aB0x22e
0x21a2B0x3b70B0x13997B0x2c9aB0x22e	0x21d2B0x3b70B0x13997B0x2c9aB0x22e
0x21a2B0x3b70B0x13997B0x2c9aB0x22e	0x8e04B0x3b70B0x13997B0x2c9aB0x22e
0x204fB0x3b89B0x13997B0x2c9aB0x22e	0x8d55B0x3b89B0x13997B0x2c9aB0x22e
0x204fB0x3b89B0x13997B0x2c9aB0x22e	0x2061B0x3b89B0x13997B0x2c9aB0x22e
0x202eB0x3b95B0x13997B0x2c9aB0x22e	0x2041B0x3b95B0x13997B0x2c9aB0x22e
0x202eB0x3b95B0x13997B0x2c9aB0x22e	0x8d0fB0x3b95B0x13997B0x2c9aB0x22e
0x2041B0x3b95B0x13997B0x2c9aB0x22e	0x8d32B0x3b95B0x13997B0x2c9aB0x22e
0x2041B0x3b95B0x13997B0x2c9aB0x22e	0x204eB0x3b95B0x13997B0x2c9aB0x22e
0x201cB0x3b95B0x13997B0x2c9aB0x22e	0x202eB0x3b95B0x13997B0x2c9aB0x22e
0x201cB0x3b95B0x13997B0x2c9aB0x22e	0x8cecB0x3b95B0x13997B0x2c9aB0x22e
0x1f610x1f42B0x13bbaB0x13997B0x2c9aB0x22e	0x3be3B0x13997B0x2c9aB0x22e
0x1f42B0x13bbaB0x13997B0x2c9aB0x22e	0x1f610x1f42B0x13bbaB0x13997B0x2c9aB0x22e
0x1f42B0x13bbaB0x13997B0x2c9aB0x22e	0x8c540x1f42B0x13bbaB0x13997B0x2c9aB0x22e
0x3469B0x329fB0x2c9aB0x22e	0x34c0B0x329fB0x2c9aB0x22e
0x3469B0x329fB0x2c9aB0x22e	0x3470B0x329fB0x2c9aB0x22e
0x3484B0x329fB0x2c9aB0x22e	0x348fB0x329fB0x2c9aB0x22e
0x3484B0x329fB0x2c9aB0x22e	0x947fB0x329fB0x2c9aB0x22e
0x348fB0x329fB0x2c9aB0x22e	0x139deB0x2c9aB0x22e
0x3456B0x329fB0x2c9aB0x22e	0x3a1eB0x3456B0x329fB0x2c9aB0x22e
0x345fB0x329fB0x2c9aB0x22e	0x3469B0x329fB0x2c9aB0x22e
0x345fB0x329fB0x2c9aB0x22e	0x9410B0x329fB0x2c9aB0x22e
0x3479B0x329fB0x2c9aB0x22e	0x3484B0x329fB0x2c9aB0x22e
0x3479B0x329fB0x2c9aB0x22e	0x945cB0x329fB0x2c9aB0x22e
0x3470B0x329fB0x2c9aB0x22e	0x201cB0x3470B0x329fB0x2c9aB0x22e
0x202eB0x3470B0x329fB0x2c9aB0x22e	0x2041B0x3470B0x329fB0x2c9aB0x22e
0x202eB0x3470B0x329fB0x2c9aB0x22e	0x8d0fB0x3470B0x329fB0x2c9aB0x22e
0x2041B0x3470B0x329fB0x2c9aB0x22e	0x8d32B0x3470B0x329fB0x2c9aB0x22e
0x2041B0x3470B0x329fB0x2c9aB0x22e	0x204eB0x3470B0x329fB0x2c9aB0x22e
0x201cB0x3470B0x329fB0x2c9aB0x22e	0x202eB0x3470B0x329fB0x2c9aB0x22e
0x201cB0x3470B0x329fB0x2c9aB0x22e	0x8cecB0x3470B0x329fB0x2c9aB0x22e
0x3a3fB0x3456B0x329fB0x2c9aB0x22e	0x96bcB0x3456B0x329fB0x2c9aB0x22e
0x3a3fB0x3456B0x329fB0x2c9aB0x22e	0x3a4cB0x3456B0x329fB0x2c9aB0x22e
0x3a1eB0x3456B0x329fB0x2c9aB0x22e	0x201cB0x3a1eB0x3456B0x329fB0x2c9aB0x22e
0x3a28B0x3456B0x329fB0x2c9aB0x22e	0x3a4eB0x3456B0x329fB0x2c9aB0x22e
0x3a28B0x3456B0x329fB0x2c9aB0x22e	0x3a30B0x3456B0x329fB0x2c9aB0x22e
0x3a4eB0x3456B0x329fB0x2c9aB0x22e	0x345fB0x329fB0x2c9aB0x22e
0x3a39B0x3456B0x329fB0x2c9aB0x22e	0x3a3fB0x3456B0x329fB0x2c9aB0x22e
0x3a39B0x3456B0x329fB0x2c9aB0x22e	0x9670B0x3456B0x329fB0x2c9aB0x22e
0x3a30B0x3456B0x329fB0x2c9aB0x22e	0x201cB0x3a30B0x3456B0x329fB0x2c9aB0x22e
0x202eB0x3a1eB0x3456B0x329fB0x2c9aB0x22e	0x2041B0x3a1eB0x3456B0x329fB0x2c9aB0x22e
0x202eB0x3a1eB0x3456B0x329fB0x2c9aB0x22e	0x8d0fB0x3a1eB0x3456B0x329fB0x2c9aB0x22e
0x2041B0x3a1eB0x3456B0x329fB0x2c9aB0x22e	0x8d32B0x3a1eB0x3456B0x329fB0x2c9aB0x22e
0x2041B0x3a1eB0x3456B0x329fB0x2c9aB0x22e	0x204eB0x3a1eB0x3456B0x329fB0x2c9aB0x22e
0x201cB0x3a1eB0x3456B0x329fB0x2c9aB0x22e	0x202eB0x3a1eB0x3456B0x329fB0x2c9aB0x22e
0x201cB0x3a1eB0x3456B0x329fB0x2c9aB0x22e	0x8cecB0x3a1eB0x3456B0x329fB0x2c9aB0x22e
0x202eB0x3a30B0x3456B0x329fB0x2c9aB0x22e	0x2041B0x3a30B0x3456B0x329fB0x2c9aB0x22e
0x202eB0x3a30B0x3456B0x329fB0x2c9aB0x22e	0x8d0fB0x3a30B0x3456B0x329fB0x2c9aB0x22e
0x2041B0x3a30B0x3456B0x329fB0x2c9aB0x22e	0x8d32B0x3a30B0x3456B0x329fB0x2c9aB0x22e
0x2041B0x3a30B0x3456B0x329fB0x2c9aB0x22e	0x204eB0x3a30B0x3456B0x329fB0x2c9aB0x22e
0x201cB0x3a30B0x3456B0x329fB0x2c9aB0x22e	0x202eB0x3a30B0x3456B0x329fB0x2c9aB0x22e
0x201cB0x3a30B0x3456B0x329fB0x2c9aB0x22e	0x8cecB0x3a30B0x3456B0x329fB0x2c9aB0x22e
0x358bB0x3285B0x2c9aB0x22e	0x3631B0x3285B0x2c9aB0x22e
0x358bB0x3285B0x2c9aB0x22e	0x3592B0x3285B0x2c9aB0x22e
0x35a6B0x3285B0x2c9aB0x22e	0x9511B0x3285B0x2c9aB0x22e
0x35a6B0x3285B0x2c9aB0x22e	0x35cfB0x3285B0x2c9aB0x22e
0x3621B0x3285B0x2c9aB0x22e	0x35e0B0x3285B0x2c9aB0x22e
0x3578B0x3285B0x2c9aB0x22e	0x3a1eB0x3578B0x3285B0x2c9aB0x22e
0x3581B0x3285B0x2c9aB0x22e	0x358bB0x3285B0x2c9aB0x22e
0x3581B0x3285B0x2c9aB0x22e	0x94a2B0x3285B0x2c9aB0x22e
0x359bB0x3285B0x2c9aB0x22e	0x35a6B0x3285B0x2c9aB0x22e
0x359bB0x3285B0x2c9aB0x22e	0x94eeB0x3285B0x2c9aB0x22e
0x35dcB0x3285B0x2c9aB0x22e	0x35e0B0x3285B0x2c9aB0x22e
0x3628B0x3285B0x2c9aB0x22e	0x35d4B0x3285B0x2c9aB0x22e
0x35e0B0x3285B0x2c9aB0x22e	0x953dB0x3285B0x2c9aB0x22e
0x35e0B0x3285B0x2c9aB0x22e	0x361bB0x3285B0x2c9aB0x22e
0x35d4B0x3285B0x2c9aB0x22e	0x13997B0x2c9aB0x22e
0x3592B0x3285B0x2c9aB0x22e	0x201cB0x3592B0x3285B0x2c9aB0x22e
0x35cfB0x3285B0x2c9aB0x22e	0x35dcB0x3285B0x2c9aB0x22e
0x35cfB0x3285B0x2c9aB0x22e	0x35d4B0x3285B0x2c9aB0x22e
0x361bB0x3285B0x2c9aB0x22e	0x3621B0x3285B0x2c9aB0x22e
0x361bB0x3285B0x2c9aB0x22e	0x3628B0x3285B0x2c9aB0x22e
0x202eB0x3592B0x3285B0x2c9aB0x22e	0x2041B0x3592B0x3285B0x2c9aB0x22e
0x202eB0x3592B0x3285B0x2c9aB0x22e	0x8d0fB0x3592B0x3285B0x2c9aB0x22e
0x2041B0x3592B0x3285B0x2c9aB0x22e	0x8d32B0x3592B0x3285B0x2c9aB0x22e
0x2041B0x3592B0x3285B0x2c9aB0x22e	0x204eB0x3592B0x3285B0x2c9aB0x22e
0x201cB0x3592B0x3285B0x2c9aB0x22e	0x202eB0x3592B0x3285B0x2c9aB0x22e
0x201cB0x3592B0x3285B0x2c9aB0x22e	0x8cecB0x3592B0x3285B0x2c9aB0x22e
0x3a3fB0x3578B0x3285B0x2c9aB0x22e	0x96bcB0x3578B0x3285B0x2c9aB0x22e
0x3a3fB0x3578B0x3285B0x2c9aB0x22e	0x3a4cB0x3578B0x3285B0x2c9aB0x22e
0x3a1eB0x3578B0x3285B0x2c9aB0x22e	0x201cB0x3a1eB0x3578B0x3285B0x2c9aB0x22e
0x3a28B0x3578B0x3285B0x2c9aB0x22e	0x3a4eB0x3578B0x3285B0x2c9aB0x22e
0x3a28B0x3578B0x3285B0x2c9aB0x22e	0x3a30B0x3578B0x3285B0x2c9aB0x22e
0x3a4eB0x3578B0x3285B0x2c9aB0x22e	0x3581B0x3285B0x2c9aB0x22e
0x3a39B0x3578B0x3285B0x2c9aB0x22e	0x3a3fB0x3578B0x3285B0x2c9aB0x22e
0x3a39B0x3578B0x3285B0x2c9aB0x22e	0x9670B0x3578B0x3285B0x2c9aB0x22e
0x3a30B0x3578B0x3285B0x2c9aB0x22e	0x201cB0x3a30B0x3578B0x3285B0x2c9aB0x22e
0x202eB0x3a1eB0x3578B0x3285B0x2c9aB0x22e	0x2041B0x3a1eB0x3578B0x3285B0x2c9aB0x22e
0x202eB0x3a1eB0x3578B0x3285B0x2c9aB0x22e	0x8d0fB0x3a1eB0x3578B0x3285B0x2c9aB0x22e
0x2041B0x3a1eB0x3578B0x3285B0x2c9aB0x22e	0x8d32B0x3a1eB0x3578B0x3285B0x2c9aB0x22e
0x2041B0x3a1eB0x3578B0x3285B0x2c9aB0x22e	0x204eB0x3a1eB0x3578B0x3285B0x2c9aB0x22e
0x201cB0x3a1eB0x3578B0x3285B0x2c9aB0x22e	0x202eB0x3a1eB0x3578B0x3285B0x2c9aB0x22e
0x201cB0x3a1eB0x3578B0x3285B0x2c9aB0x22e	0x8cecB0x3a1eB0x3578B0x3285B0x2c9aB0x22e
0x202eB0x3a30B0x3578B0x3285B0x2c9aB0x22e	0x2041B0x3a30B0x3578B0x3285B0x2c9aB0x22e
0x202eB0x3a30B0x3578B0x3285B0x2c9aB0x22e	0x8d0fB0x3a30B0x3578B0x3285B0x2c9aB0x22e
0x2041B0x3a30B0x3578B0x3285B0x2c9aB0x22e	0x8d32B0x3a30B0x3578B0x3285B0x2c9aB0x22e
0x2041B0x3a30B0x3578B0x3285B0x2c9aB0x22e	0x204eB0x3a30B0x3578B0x3285B0x2c9aB0x22e
0x201cB0x3a30B0x3578B0x3285B0x2c9aB0x22e	0x202eB0x3a30B0x3578B0x3285B0x2c9aB0x22e
0x201cB0x3a30B0x3578B0x3285B0x2c9aB0x22e	0x8cecB0x3a30B0x3578B0x3285B0x2c9aB0x22e
0x204eB0x3259B0x2c9aB0x22e	0x3263B0x2c9aB0x22e
0x3a4cB0x326bB0x2c9aB0x22e	0x3273B0x2c9aB0x22e
0x204eB0x3a1eB0x326bB0x2c9aB0x22e	0x3a28B0x326bB0x2c9aB0x22e
0x204eB0x3a30B0x326bB0x2c9aB0x22e	0x3a39B0x326bB0x2c9aB0x22e
0x2061B0x3b89B0x13997B0x2c9aB0x22e	0x3b95B0x13997B0x2c9aB0x22e
0x204eB0x3b95B0x13997B0x2c9aB0x22e	0x3ba5B0x13997B0x2c9aB0x22e
0x204eB0x3470B0x329fB0x2c9aB0x22e	0x3479B0x329fB0x2c9aB0x22e
0x3a4cB0x3456B0x329fB0x2c9aB0x22e	0x345fB0x329fB0x2c9aB0x22e
0x204eB0x3a1eB0x3456B0x329fB0x2c9aB0x22e	0x3a28B0x3456B0x329fB0x2c9aB0x22e
0x204eB0x3a30B0x3456B0x329fB0x2c9aB0x22e	0x3a39B0x3456B0x329fB0x2c9aB0x22e
0x204eB0x3592B0x3285B0x2c9aB0x22e	0x359bB0x3285B0x2c9aB0x22e
0x3a4cB0x3578B0x3285B0x2c9aB0x22e	0x3581B0x3285B0x2c9aB0x22e
0x204eB0x3a1eB0x3578B0x3285B0x2c9aB0x22e	0x3a28B0x3578B0x3285B0x2c9aB0x22e
0x204eB0x3a30B0x3578B0x3285B0x2c9aB0x22e	0x3a39B0x3578B0x3285B0x2c9aB0x22e
0x3a64B0x139deB0x2c9aB0x22e	0x1f26B0x3a64B0x139deB0x2c9aB0x22e
0x3af9B0x139deB0x2c9aB0x22e	0x33c1B0x3af9B0x139deB0x2c9aB0x22e
0x3aa1B0x139deB0x2c9aB0x22e	0x3abbB0x139deB0x2c9aB0x22e
0x3a8fB0x139deB0x2c9aB0x22e	0x2523B0x3a8fB0x139deB0x2c9aB0x22e
0x13b68B0x139deB0x2c9aB0x22e	0x1f42B0x13b68B0x139deB0x2c9aB0x22e
0x3abbB0x139deB0x2c9aB0x22e	0x13b68B0x139deB0x2c9aB0x22e
0x3b05B0x139deB0x2c9aB0x22e	0x3b16B0x139deB0x2c9aB0x22e
0x3b32B0x139deB0x2c9aB0x22e	0x3b16B0x139deB0x2c9aB0x22e
0x13b95B0x139deB0x2c9aB0x22e	0x13a03B0x2c9aB0x22e
0x3b16B0x139deB0x2c9aB0x22e	0x3b32B0x139deB0x2c9aB0x22e
0x3b16B0x139deB0x2c9aB0x22e	0x3b1eB0x139deB0x2c9aB0x22e
0x3a54B0x139deB0x2c9aB0x22e	0x1f42B0x3a54B0x139deB0x2c9aB0x22e
0x3b1eB0x139deB0x2c9aB0x22e	0x1f42B0x3b1eB0x139deB0x2c9aB0x22e
0x1f3eB0x3a64B0x139deB0x2c9aB0x22e	0x3a8fB0x139deB0x2c9aB0x22e
0x1f26B0x3a64B0x139deB0x2c9aB0x22e	0x1f3eB0x3a64B0x139deB0x2c9aB0x22e
0x1f26B0x3a64B0x139deB0x2c9aB0x22e	0x8c08B0x3a64B0x139deB0x2c9aB0x22e
0x33c9B0x3af9B0x139deB0x2c9aB0x22e	0x3b05B0x139deB0x2c9aB0x22e
0x33c1B0x3af9B0x139deB0x2c9aB0x22e	0x33c9B0x3af9B0x139deB0x2c9aB0x22e
0x33c1B0x3af9B0x139deB0x2c9aB0x22e	0x932cB0x3af9B0x139deB0x2c9aB0x22e
0x1f610x1f42B0x13b68B0x139deB0x2c9aB0x22e	0x3af9B0x139deB0x2c9aB0x22e
0x1f42B0x13b68B0x139deB0x2c9aB0x22e	0x1f610x1f42B0x13b68B0x139deB0x2c9aB0x22e
0x1f42B0x13b68B0x139deB0x2c9aB0x22e	0x8c540x1f42B0x13b68B0x139deB0x2c9aB0x22e
0x1f610x1f42B0x3a54B0x139deB0x2c9aB0x22e	0x3a64B0x139deB0x2c9aB0x22e
0x1f42B0x3a54B0x139deB0x2c9aB0x22e	0x1f610x1f42B0x3a54B0x139deB0x2c9aB0x22e
0x1f42B0x3a54B0x139deB0x2c9aB0x22e	0x8c540x1f42B0x3a54B0x139deB0x2c9aB0x22e
0x1f610x1f42B0x3b1eB0x139deB0x2c9aB0x22e	0x13b95B0x139deB0x2c9aB0x22e
0x1f42B0x3b1eB0x139deB0x2c9aB0x22e	0x1f610x1f42B0x3b1eB0x139deB0x2c9aB0x22e
0x1f42B0x3b1eB0x139deB0x2c9aB0x22e	0x8c540x1f42B0x3b1eB0x139deB0x2c9aB0x22e
0x2523B0x3a8fB0x139deB0x2c9aB0x22e	0x1f65B0x2523B0x3a8fB0x139deB0x2c9aB0x22e
0x252fB0x3a8fB0x139deB0x2c9aB0x22e	0x1f42B0x252fB0x3a8fB0x139deB0x2c9aB0x22e
0x253dB0x3a8fB0x139deB0x2c9aB0x22e	0x8fa8B0x3a8fB0x139deB0x2c9aB0x22e
0x253dB0x3a8fB0x139deB0x2c9aB0x22e	0x254bB0x3a8fB0x139deB0x2c9aB0x22e
0x254bB0x3a8fB0x139deB0x2c9aB0x22e	0x3aa1B0x139deB0x2c9aB0x22e
0x1f610x1f42B0x252fB0x3a8fB0x139deB0x2c9aB0x22e	0x253dB0x3a8fB0x139deB0x2c9aB0x22e
0x1f42B0x252fB0x3a8fB0x139deB0x2c9aB0x22e	0x1f610x1f42B0x252fB0x3a8fB0x139deB0x2c9aB0x22e
0x1f42B0x252fB0x3a8fB0x139deB0x2c9aB0x22e	0x8c540x1f42B0x252fB0x3a8fB0x139deB0x2c9aB0x22e
0x1f75B0x2523B0x3a8fB0x139deB0x2c9aB0x22e	0x252fB0x3a8fB0x139deB0x2c9aB0x22e
0x1f65B0x2523B0x3a8fB0x139deB0x2c9aB0x22e	0x1f75B0x2523B0x3a8fB0x139deB0x2c9aB0x22e
0x1f65B0x2523B0x3a8fB0x139deB0x2c9aB0x22e	0x8ca0B0x2523B0x3a8fB0x139deB0x2c9aB0x22e
0x326bB0x2abbB0x22e	0x3a1eB0x326bB0x2abbB0x22e
0x327dB0x2abbB0x22e	0x3297B0x2abbB0x22e
0x327dB0x2abbB0x22e	0x3285B0x2abbB0x22e
0x329fB0x2abbB0x22e	0x3456B0x329fB0x2abbB0x22e
0x3259B0x2abbB0x22e	0x201cB0x3259B0x2abbB0x22e
0x3263B0x2abbB0x22e	0x326bB0x2abbB0x22e
0x3263B0x2abbB0x22e	0x32b00x3259B0x2abbB0x22e
0x3273B0x2abbB0x22e	0x327dB0x2abbB0x22e
0x3273B0x2abbB0x22e	0x9271B0x2abbB0x22e
0x3297B0x2abbB0x22e	0x329fB0x2abbB0x22e
0x3297B0x2abbB0x22e	0x32b00x3259B0x2abbB0x22e
0x13997B0x2abbB0x22e	0x3b4bB0x13997B0x2abbB0x22e
0x139bcB0x2abbB0x22e	0x2ac4B0x22e
0x139deB0x2abbB0x22e	0x3a54B0x139deB0x2abbB0x22e
0x13a03B0x2abbB0x22e	0x2ac4B0x22e
0x3285B0x2abbB0x22e	0x3578B0x3285B0x2abbB0x22e
0x32b00x3259B0x2abbB0x22e	0x2ac4B0x22e
0x202eB0x3259B0x2abbB0x22e	0x2041B0x3259B0x2abbB0x22e
0x202eB0x3259B0x2abbB0x22e	0x8d0fB0x3259B0x2abbB0x22e
0x2041B0x3259B0x2abbB0x22e	0x8d32B0x3259B0x2abbB0x22e
0x2041B0x3259B0x2abbB0x22e	0x204eB0x3259B0x2abbB0x22e
0x201cB0x3259B0x2abbB0x22e	0x202eB0x3259B0x2abbB0x22e
0x201cB0x3259B0x2abbB0x22e	0x8cecB0x3259B0x2abbB0x22e
0x3a3fB0x326bB0x2abbB0x22e	0x96bcB0x326bB0x2abbB0x22e
0x3a3fB0x326bB0x2abbB0x22e	0x3a4cB0x326bB0x2abbB0x22e
0x3a1eB0x326bB0x2abbB0x22e	0x201cB0x3a1eB0x326bB0x2abbB0x22e
0x3a28B0x326bB0x2abbB0x22e	0x3a4eB0x326bB0x2abbB0x22e
0x3a28B0x326bB0x2abbB0x22e	0x3a30B0x326bB0x2abbB0x22e
0x3a4eB0x326bB0x2abbB0x22e	0x3273B0x2abbB0x22e
0x3a39B0x326bB0x2abbB0x22e	0x3a3fB0x326bB0x2abbB0x22e
0x3a39B0x326bB0x2abbB0x22e	0x9670B0x326bB0x2abbB0x22e
0x3a30B0x326bB0x2abbB0x22e	0x201cB0x3a30B0x326bB0x2abbB0x22e
0x202eB0x3a1eB0x326bB0x2abbB0x22e	0x2041B0x3a1eB0x326bB0x2abbB0x22e
0x202eB0x3a1eB0x326bB0x2abbB0x22e	0x8d0fB0x3a1eB0x326bB0x2abbB0x22e
0x2041B0x3a1eB0x326bB0x2abbB0x22e	0x8d32B0x3a1eB0x326bB0x2abbB0x22e
0x2041B0x3a1eB0x326bB0x2abbB0x22e	0x204eB0x3a1eB0x326bB0x2abbB0x22e
0x201cB0x3a1eB0x326bB0x2abbB0x22e	0x202eB0x3a1eB0x326bB0x2abbB0x22e
0x201cB0x3a1eB0x326bB0x2abbB0x22e	0x8cecB0x3a1eB0x326bB0x2abbB0x22e
0x202eB0x3a30B0x326bB0x2abbB0x22e	0x2041B0x3a30B0x326bB0x2abbB0x22e
0x202eB0x3a30B0x326bB0x2abbB0x22e	0x8d0fB0x3a30B0x326bB0x2abbB0x22e
0x2041B0x3a30B0x326bB0x2abbB0x22e	0x8d32B0x3a30B0x326bB0x2abbB0x22e
0x2041B0x3a30B0x326bB0x2abbB0x22e	0x204eB0x3a30B0x326bB0x2abbB0x22e
0x201cB0x3a30B0x326bB0x2abbB0x22e	0x202eB0x3a30B0x326bB0x2abbB0x22e
0x201cB0x3a30B0x326bB0x2abbB0x22e	0x8cecB0x3a30B0x326bB0x2abbB0x22e
0x3b53B0x13997B0x2abbB0x22e	0x3b67B0x13997B0x2abbB0x22e
0x3b70B0x13997B0x2abbB0x22e	0x21a2B0x3b70B0x13997B0x2abbB0x22e
0x3c07B0x13997B0x2abbB0x22e	0x139bcB0x2abbB0x22e
0x3bf5B0x13997B0x2abbB0x22e	0x139bcB0x2abbB0x22e
0x3b81B0x13997B0x2abbB0x22e	0x3b89B0x13997B0x2abbB0x22e
0x3b89B0x13997B0x2abbB0x22e	0x204fB0x3b89B0x13997B0x2abbB0x22e
0x3be3B0x13997B0x2abbB0x22e	0x3b67B0x13997B0x2abbB0x22e
0x3b95B0x13997B0x2abbB0x22e	0x201cB0x3b95B0x13997B0x2abbB0x22e
0x13bbaB0x13997B0x2abbB0x22e	0x1f42B0x13bbaB0x13997B0x2abbB0x22e
0x3ba5B0x13997B0x2abbB0x22e	0x13bbaB0x13997B0x2abbB0x22e
0x3b67B0x13997B0x2abbB0x22e	0x3b70B0x13997B0x2abbB0x22e
0x3b67B0x13997B0x2abbB0x22e	0x3bf5B0x13997B0x2abbB0x22e
0x3b4bB0x13997B0x2abbB0x22e	0x3b53B0x13997B0x2abbB0x22e
0x3b4bB0x13997B0x2abbB0x22e	0x3c07B0x13997B0x2abbB0x22e
0x21d2B0x3b70B0x13997B0x2abbB0x22e	0x3b81B0x13997B0x2abbB0x22e
0x21a2B0x3b70B0x13997B0x2abbB0x22e	0x21d2B0x3b70B0x13997B0x2abbB0x22e
0x21a2B0x3b70B0x13997B0x2abbB0x22e	0x8e04B0x3b70B0x13997B0x2abbB0x22e
0x204fB0x3b89B0x13997B0x2abbB0x22e	0x8d55B0x3b89B0x13997B0x2abbB0x22e
0x204fB0x3b89B0x13997B0x2abbB0x22e	0x2061B0x3b89B0x13997B0x2abbB0x22e
0x202eB0x3b95B0x13997B0x2abbB0x22e	0x2041B0x3b95B0x13997B0x2abbB0x22e
0x202eB0x3b95B0x13997B0x2abbB0x22e	0x8d0fB0x3b95B0x13997B0x2abbB0x22e
0x2041B0x3b95B0x13997B0x2abbB0x22e	0x8d32B0x3b95B0x13997B0x2abbB0x22e
0x2041B0x3b95B0x13997B0x2abbB0x22e	0x204eB0x3b95B0x13997B0x2abbB0x22e
0x201cB0x3b95B0x13997B0x2abbB0x22e	0x202eB0x3b95B0x13997B0x2abbB0x22e
0x201cB0x3b95B0x13997B0x2abbB0x22e	0x8cecB0x3b95B0x13997B0x2abbB0x22e
0x1f610x1f42B0x13bbaB0x13997B0x2abbB0x22e	0x3be3B0x13997B0x2abbB0x22e
0x1f42B0x13bbaB0x13997B0x2abbB0x22e	0x1f610x1f42B0x13bbaB0x13997B0x2abbB0x22e
0x1f42B0x13bbaB0x13997B0x2abbB0x22e	0x8c540x1f42B0x13bbaB0x13997B0x2abbB0x22e
0x3469B0x329fB0x2abbB0x22e	0x34c0B0x329fB0x2abbB0x22e
0x3469B0x329fB0x2abbB0x22e	0x3470B0x329fB0x2abbB0x22e
0x3484B0x329fB0x2abbB0x22e	0x348fB0x329fB0x2abbB0x22e
0x3484B0x329fB0x2abbB0x22e	0x947fB0x329fB0x2abbB0x22e
0x348fB0x329fB0x2abbB0x22e	0x139deB0x2abbB0x22e
0x3456B0x329fB0x2abbB0x22e	0x3a1eB0x3456B0x329fB0x2abbB0x22e
0x345fB0x329fB0x2abbB0x22e	0x3469B0x329fB0x2abbB0x22e
0x345fB0x329fB0x2abbB0x22e	0x9410B0x329fB0x2abbB0x22e
0x3479B0x329fB0x2abbB0x22e	0x3484B0x329fB0x2abbB0x22e
0x3479B0x329fB0x2abbB0x22e	0x945cB0x329fB0x2abbB0x22e
0x3470B0x329fB0x2abbB0x22e	0x201cB0x3470B0x329fB0x2abbB0x22e
0x202eB0x3470B0x329fB0x2abbB0x22e	0x2041B0x3470B0x329fB0x2abbB0x22e
0x202eB0x3470B0x329fB0x2abbB0x22e	0x8d0fB0x3470B0x329fB0x2abbB0x22e
0x2041B0x3470B0x329fB0x2abbB0x22e	0x8d32B0x3470B0x329fB0x2abbB0x22e
0x2041B0x3470B0x329fB0x2abbB0x22e	0x204eB0x3470B0x329fB0x2abbB0x22e
0x201cB0x3470B0x329fB0x2abbB0x22e	0x202eB0x3470B0x329fB0x2abbB0x22e
0x201cB0x3470B0x329fB0x2abbB0x22e	0x8cecB0x3470B0x329fB0x2abbB0x22e
0x3a3fB0x3456B0x329fB0x2abbB0x22e	0x96bcB0x3456B0x329fB0x2abbB0x22e
0x3a3fB0x3456B0x329fB0x2abbB0x22e	0x3a4cB0x3456B0x329fB0x2abbB0x22e
0x3a1eB0x3456B0x329fB0x2abbB0x22e	0x201cB0x3a1eB0x3456B0x329fB0x2abbB0x22e
0x3a28B0x3456B0x329fB0x2abbB0x22e	0x3a4eB0x3456B0x329fB0x2abbB0x22e
0x3a28B0x3456B0x329fB0x2abbB0x22e	0x3a30B0x3456B0x329fB0x2abbB0x22e
0x3a4eB0x3456B0x329fB0x2abbB0x22e	0x345fB0x329fB0x2abbB0x22e
0x3a39B0x3456B0x329fB0x2abbB0x22e	0x3a3fB0x3456B0x329fB0x2abbB0x22e
0x3a39B0x3456B0x329fB0x2abbB0x22e	0x9670B0x3456B0x329fB0x2abbB0x22e
0x3a30B0x3456B0x329fB0x2abbB0x22e	0x201cB0x3a30B0x3456B0x329fB0x2abbB0x22e
0x202eB0x3a1eB0x3456B0x329fB0x2abbB0x22e	0x2041B0x3a1eB0x3456B0x329fB0x2abbB0x22e
0x202eB0x3a1eB0x3456B0x329fB0x2abbB0x22e	0x8d0fB0x3a1eB0x3456B0x329fB0x2abbB0x22e
0x2041B0x3a1eB0x3456B0x329fB0x2abbB0x22e	0x8d32B0x3a1eB0x3456B0x329fB0x2abbB0x22e
0x2041B0x3a1eB0x3456B0x329fB0x2abbB0x22e	0x204eB0x3a1eB0x3456B0x329fB0x2abbB0x22e
0x201cB0x3a1eB0x3456B0x329fB0x2abbB0x22e	0x202eB0x3a1eB0x3456B0x329fB0x2abbB0x22e
0x201cB0x3a1eB0x3456B0x329fB0x2abbB0x22e	0x8cecB0x3a1eB0x3456B0x329fB0x2abbB0x22e
0x202eB0x3a30B0x3456B0x329fB0x2abbB0x22e	0x2041B0x3a30B0x3456B0x329fB0x2abbB0x22e
0x202eB0x3a30B0x3456B0x329fB0x2abbB0x22e	0x8d0fB0x3a30B0x3456B0x329fB0x2abbB0x22e
0x2041B0x3a30B0x3456B0x329fB0x2abbB0x22e	0x8d32B0x3a30B0x3456B0x329fB0x2abbB0x22e
0x2041B0x3a30B0x3456B0x329fB0x2abbB0x22e	0x204eB0x3a30B0x3456B0x329fB0x2abbB0x22e
0x201cB0x3a30B0x3456B0x329fB0x2abbB0x22e	0x202eB0x3a30B0x3456B0x329fB0x2abbB0x22e
0x201cB0x3a30B0x3456B0x329fB0x2abbB0x22e	0x8cecB0x3a30B0x3456B0x329fB0x2abbB0x22e
0x358bB0x3285B0x2abbB0x22e	0x3631B0x3285B0x2abbB0x22e
0x358bB0x3285B0x2abbB0x22e	0x3592B0x3285B0x2abbB0x22e
0x35a6B0x3285B0x2abbB0x22e	0x9511B0x3285B0x2abbB0x22e
0x35a6B0x3285B0x2abbB0x22e	0x35cfB0x3285B0x2abbB0x22e
0x3621B0x3285B0x2abbB0x22e	0x35e0B0x3285B0x2abbB0x22e
0x3578B0x3285B0x2abbB0x22e	0x3a1eB0x3578B0x3285B0x2abbB0x22e
0x3581B0x3285B0x2abbB0x22e	0x358bB0x3285B0x2abbB0x22e
0x3581B0x3285B0x2abbB0x22e	0x94a2B0x3285B0x2abbB0x22e
0x359bB0x3285B0x2abbB0x22e	0x35a6B0x3285B0x2abbB0x22e
0x359bB0x3285B0x2abbB0x22e	0x94eeB0x3285B0x2abbB0x22e
0x35dcB0x3285B0x2abbB0x22e	0x35e0B0x3285B0x2abbB0x22e
0x3628B0x3285B0x2abbB0x22e	0x35d4B0x3285B0x2abbB0x22e
0x35e0B0x3285B0x2abbB0x22e	0x953dB0x3285B0x2abbB0x22e
0x35e0B0x3285B0x2abbB0x22e	0x361bB0x3285B0x2abbB0x22e
0x35d4B0x3285B0x2abbB0x22e	0x13997B0x2abbB0x22e
0x3592B0x3285B0x2abbB0x22e	0x201cB0x3592B0x3285B0x2abbB0x22e
0x35cfB0x3285B0x2abbB0x22e	0x35dcB0x3285B0x2abbB0x22e
0x35cfB0x3285B0x2abbB0x22e	0x35d4B0x3285B0x2abbB0x22e
0x361bB0x3285B0x2abbB0x22e	0x3621B0x3285B0x2abbB0x22e
0x361bB0x3285B0x2abbB0x22e	0x3628B0x3285B0x2abbB0x22e
0x202eB0x3592B0x3285B0x2abbB0x22e	0x2041B0x3592B0x3285B0x2abbB0x22e
0x202eB0x3592B0x3285B0x2abbB0x22e	0x8d0fB0x3592B0x3285B0x2abbB0x22e
0x2041B0x3592B0x3285B0x2abbB0x22e	0x8d32B0x3592B0x3285B0x2abbB0x22e
0x2041B0x3592B0x3285B0x2abbB0x22e	0x204eB0x3592B0x3285B0x2abbB0x22e
0x201cB0x3592B0x3285B0x2abbB0x22e	0x202eB0x3592B0x3285B0x2abbB0x22e
0x201cB0x3592B0x3285B0x2abbB0x22e	0x8cecB0x3592B0x3285B0x2abbB0x22e
0x3a3fB0x3578B0x3285B0x2abbB0x22e	0x96bcB0x3578B0x3285B0x2abbB0x22e
0x3a3fB0x3578B0x3285B0x2abbB0x22e	0x3a4cB0x3578B0x3285B0x2abbB0x22e
0x3a1eB0x3578B0x3285B0x2abbB0x22e	0x201cB0x3a1eB0x3578B0x3285B0x2abbB0x22e
0x3a28B0x3578B0x3285B0x2abbB0x22e	0x3a4eB0x3578B0x3285B0x2abbB0x22e
0x3a28B0x3578B0x3285B0x2abbB0x22e	0x3a30B0x3578B0x3285B0x2abbB0x22e
0x3a4eB0x3578B0x3285B0x2abbB0x22e	0x3581B0x3285B0x2abbB0x22e
0x3a39B0x3578B0x3285B0x2abbB0x22e	0x3a3fB0x3578B0x3285B0x2abbB0x22e
0x3a39B0x3578B0x3285B0x2abbB0x22e	0x9670B0x3578B0x3285B0x2abbB0x22e
0x3a30B0x3578B0x3285B0x2abbB0x22e	0x201cB0x3a30B0x3578B0x3285B0x2abbB0x22e
0x202eB0x3a1eB0x3578B0x3285B0x2abbB0x22e	0x2041B0x3a1eB0x3578B0x3285B0x2abbB0x22e
0x202eB0x3a1eB0x3578B0x3285B0x2abbB0x22e	0x8d0fB0x3a1eB0x3578B0x3285B0x2abbB0x22e
0x2041B0x3a1eB0x3578B0x3285B0x2abbB0x22e	0x8d32B0x3a1eB0x3578B0x3285B0x2abbB0x22e
0x2041B0x3a1eB0x3578B0x3285B0x2abbB0x22e	0x204eB0x3a1eB0x3578B0x3285B0x2abbB0x22e
0x201cB0x3a1eB0x3578B0x3285B0x2abbB0x22e	0x202eB0x3a1eB0x3578B0x3285B0x2abbB0x22e
0x201cB0x3a1eB0x3578B0x3285B0x2abbB0x22e	0x8cecB0x3a1eB0x3578B0x3285B0x2abbB0x22e
0x202eB0x3a30B0x3578B0x3285B0x2abbB0x22e	0x2041B0x3a30B0x3578B0x3285B0x2abbB0x22e
0x202eB0x3a30B0x3578B0x3285B0x2abbB0x22e	0x8d0fB0x3a30B0x3578B0x3285B0x2abbB0x22e
0x2041B0x3a30B0x3578B0x3285B0x2abbB0x22e	0x8d32B0x3a30B0x3578B0x3285B0x2abbB0x22e
0x2041B0x3a30B0x3578B0x3285B0x2abbB0x22e	0x204eB0x3a30B0x3578B0x3285B0x2abbB0x22e
0x201cB0x3a30B0x3578B0x3285B0x2abbB0x22e	0x202eB0x3a30B0x3578B0x3285B0x2abbB0x22e
0x201cB0x3a30B0x3578B0x3285B0x2abbB0x22e	0x8cecB0x3a30B0x3578B0x3285B0x2abbB0x22e
0x204eB0x3259B0x2abbB0x22e	0x3263B0x2abbB0x22e
0x3a4cB0x326bB0x2abbB0x22e	0x3273B0x2abbB0x22e
0x204eB0x3a1eB0x326bB0x2abbB0x22e	0x3a28B0x326bB0x2abbB0x22e
0x204eB0x3a30B0x326bB0x2abbB0x22e	0x3a39B0x326bB0x2abbB0x22e
0x2061B0x3b89B0x13997B0x2abbB0x22e	0x3b95B0x13997B0x2abbB0x22e
0x204eB0x3b95B0x13997B0x2abbB0x22e	0x3ba5B0x13997B0x2abbB0x22e
0x204eB0x3470B0x329fB0x2abbB0x22e	0x3479B0x329fB0x2abbB0x22e
0x3a4cB0x3456B0x329fB0x2abbB0x22e	0x345fB0x329fB0x2abbB0x22e
0x204eB0x3a1eB0x3456B0x329fB0x2abbB0x22e	0x3a28B0x3456B0x329fB0x2abbB0x22e
0x204eB0x3a30B0x3456B0x329fB0x2abbB0x22e	0x3a39B0x3456B0x329fB0x2abbB0x22e
0x204eB0x3592B0x3285B0x2abbB0x22e	0x359bB0x3285B0x2abbB0x22e
0x3a4cB0x3578B0x3285B0x2abbB0x22e	0x3581B0x3285B0x2abbB0x22e
0x204eB0x3a1eB0x3578B0x3285B0x2abbB0x22e	0x3a28B0x3578B0x3285B0x2abbB0x22e
0x204eB0x3a30B0x3578B0x3285B0x2abbB0x22e	0x3a39B0x3578B0x3285B0x2abbB0x22e
0x3a64B0x139deB0x2abbB0x22e	0x1f26B0x3a64B0x139deB0x2abbB0x22e
0x3af9B0x139deB0x2abbB0x22e	0x33c1B0x3af9B0x139deB0x2abbB0x22e
0x3aa1B0x139deB0x2abbB0x22e	0x3abbB0x139deB0x2abbB0x22e
0x3a8fB0x139deB0x2abbB0x22e	0x2523B0x3a8fB0x139deB0x2abbB0x22e
0x13b68B0x139deB0x2abbB0x22e	0x1f42B0x13b68B0x139deB0x2abbB0x22e
0x3abbB0x139deB0x2abbB0x22e	0x13b68B0x139deB0x2abbB0x22e
0x3b05B0x139deB0x2abbB0x22e	0x3b16B0x139deB0x2abbB0x22e
0x3b32B0x139deB0x2abbB0x22e	0x3b16B0x139deB0x2abbB0x22e
0x13b95B0x139deB0x2abbB0x22e	0x13a03B0x2abbB0x22e
0x3b16B0x139deB0x2abbB0x22e	0x3b32B0x139deB0x2abbB0x22e
0x3b16B0x139deB0x2abbB0x22e	0x3b1eB0x139deB0x2abbB0x22e
0x3a54B0x139deB0x2abbB0x22e	0x1f42B0x3a54B0x139deB0x2abbB0x22e
0x3b1eB0x139deB0x2abbB0x22e	0x1f42B0x3b1eB0x139deB0x2abbB0x22e
0x1f3eB0x3a64B0x139deB0x2abbB0x22e	0x3a8fB0x139deB0x2abbB0x22e
0x1f26B0x3a64B0x139deB0x2abbB0x22e	0x1f3eB0x3a64B0x139deB0x2abbB0x22e
0x1f26B0x3a64B0x139deB0x2abbB0x22e	0x8c08B0x3a64B0x139deB0x2abbB0x22e
0x33c9B0x3af9B0x139deB0x2abbB0x22e	0x3b05B0x139deB0x2abbB0x22e
0x33c1B0x3af9B0x139deB0x2abbB0x22e	0x33c9B0x3af9B0x139deB0x2abbB0x22e
0x33c1B0x3af9B0x139deB0x2abbB0x22e	0x932cB0x3af9B0x139deB0x2abbB0x22e
0x1f610x1f42B0x13b68B0x139deB0x2abbB0x22e	0x3af9B0x139deB0x2abbB0x22e
0x1f42B0x13b68B0x139deB0x2abbB0x22e	0x1f610x1f42B0x13b68B0x139deB0x2abbB0x22e
0x1f42B0x13b68B0x139deB0x2abbB0x22e	0x8c540x1f42B0x13b68B0x139deB0x2abbB0x22e
0x1f610x1f42B0x3a54B0x139deB0x2abbB0x22e	0x3a64B0x139deB0x2abbB0x22e
0x1f42B0x3a54B0x139deB0x2abbB0x22e	0x1f610x1f42B0x3a54B0x139deB0x2abbB0x22e
0x1f42B0x3a54B0x139deB0x2abbB0x22e	0x8c540x1f42B0x3a54B0x139deB0x2abbB0x22e
0x1f610x1f42B0x3b1eB0x139deB0x2abbB0x22e	0x13b95B0x139deB0x2abbB0x22e
0x1f42B0x3b1eB0x139deB0x2abbB0x22e	0x1f610x1f42B0x3b1eB0x139deB0x2abbB0x22e
0x1f42B0x3b1eB0x139deB0x2abbB0x22e	0x8c540x1f42B0x3b1eB0x139deB0x2abbB0x22e
0x2523B0x3a8fB0x139deB0x2abbB0x22e	0x1f65B0x2523B0x3a8fB0x139deB0x2abbB0x22e
0x252fB0x3a8fB0x139deB0x2abbB0x22e	0x1f42B0x252fB0x3a8fB0x139deB0x2abbB0x22e
0x253dB0x3a8fB0x139deB0x2abbB0x22e	0x8fa8B0x3a8fB0x139deB0x2abbB0x22e
0x253dB0x3a8fB0x139deB0x2abbB0x22e	0x254bB0x3a8fB0x139deB0x2abbB0x22e
0x254bB0x3a8fB0x139deB0x2abbB0x22e	0x3aa1B0x139deB0x2abbB0x22e
0x1f610x1f42B0x252fB0x3a8fB0x139deB0x2abbB0x22e	0x253dB0x3a8fB0x139deB0x2abbB0x22e
0x1f42B0x252fB0x3a8fB0x139deB0x2abbB0x22e	0x1f610x1f42B0x252fB0x3a8fB0x139deB0x2abbB0x22e
0x1f42B0x252fB0x3a8fB0x139deB0x2abbB0x22e	0x8c540x1f42B0x252fB0x3a8fB0x139deB0x2abbB0x22e
0x1f75B0x2523B0x3a8fB0x139deB0x2abbB0x22e	0x252fB0x3a8fB0x139deB0x2abbB0x22e
0x1f65B0x2523B0x3a8fB0x139deB0x2abbB0x22e	0x1f75B0x2523B0x3a8fB0x139deB0x2abbB0x22e
0x1f65B0x2523B0x3a8fB0x139deB0x2abbB0x22e	0x8ca0B0x2523B0x3a8fB0x139deB0x2abbB0x22e
0x1f610x20d6B0x23e	0x133b2B0x23e
0x20d6B0x23e	0x204fB0x20d6B0x23e
0x133b2B0x23e	0x248
0x20e5B0x23e	0x2078B0x20e5B0x23e
0x133d7B0x23e	0x1f420x20d6B0x23e
0x20fcB0x23e	0x2063B0x20fcB0x23e
0x13404B0x23e	0x1f42B0x13404B0x23e
0x13431B0x23e	0x20aeB0x13431B0x23e
0x13464B0x23e	0x201cB0x13464B0x23e
0x13494B0x23e	0x3259B0x13494B0x23e
0x13be7B0x23e	0x2523B0x13be7B0x23e
0x1f420x20d6B0x23e	0x1f610x20d6B0x23e
0x1f420x20d6B0x23e	0x8c540x20d6B0x23e
0x21220x20d6B0x23e	0x133d7B0x23e
0x204fB0x20d6B0x23e	0x8d55B0x20d6B0x23e
0x204fB0x20d6B0x23e	0x2061B0x20d6B0x23e
0x208aB0x20e5B0x23e	0x209dB0x20e5B0x23e
0x208aB0x20e5B0x23e	0x8dbeB0x20e5B0x23e
0x209dB0x20e5B0x23e	0x8de1B0x20e5B0x23e
0x209dB0x20e5B0x23e	0x20adB0x20e5B0x23e
0x2078B0x20e5B0x23e	0x208aB0x20e5B0x23e
0x2078B0x20e5B0x23e	0x8d9bB0x20e5B0x23e
0x2075B0x20fcB0x23e	0x13494B0x23e
0x2063B0x20fcB0x23e	0x2075B0x20fcB0x23e
0x2063B0x20fcB0x23e	0x8d78B0x20fcB0x23e
0x1f610x1f42B0x13404B0x23e	0x20fcB0x23e
0x1f42B0x13404B0x23e	0x1f610x1f42B0x13404B0x23e
0x1f42B0x13404B0x23e	0x8c540x1f42B0x13404B0x23e
0x20aeB0x13431B0x23e	0x20b1B0x13431B0x23e
0x20beB0x13431B0x23e	0x20b1B0x13431B0x23e
0x20b1B0x13431B0x23e	0x20beB0x13431B0x23e
0x20b1B0x13431B0x23e	0x20b9B0x13431B0x23e
0x20b9B0x13431B0x23e	0x13404B0x23e
0x202eB0x13464B0x23e	0x2041B0x13464B0x23e
0x202eB0x13464B0x23e	0x8d0fB0x13464B0x23e
0x2041B0x13464B0x23e	0x8d32B0x13464B0x23e
0x2041B0x13464B0x23e	0x204eB0x13464B0x23e
0x201cB0x13464B0x23e	0x202eB0x13464B0x23e
0x201cB0x13464B0x23e	0x8cecB0x13464B0x23e
0x2523B0x13be7B0x23e	0x1f65B0x2523B0x13be7B0x23e
0x252fB0x13be7B0x23e	0x1f42B0x252fB0x13be7B0x23e
0x253dB0x13be7B0x23e	0x8fa8B0x13be7B0x23e
0x253dB0x13be7B0x23e	0x254bB0x13be7B0x23e
0x254bB0x13be7B0x23e	0x21220x20d6B0x23e
0x1f610x1f42B0x252fB0x13be7B0x23e	0x253dB0x13be7B0x23e
0x1f42B0x252fB0x13be7B0x23e	0x1f610x1f42B0x252fB0x13be7B0x23e
0x1f42B0x252fB0x13be7B0x23e	0x8c540x1f42B0x252fB0x13be7B0x23e
0x1f75B0x2523B0x13be7B0x23e	0x252fB0x13be7B0x23e
0x1f65B0x2523B0x13be7B0x23e	0x1f75B0x2523B0x13be7B0x23e
0x1f65B0x2523B0x13be7B0x23e	0x8ca0B0x2523B0x13be7B0x23e
0x2061B0x20d6B0x23e	0x20e5B0x23e
0x20adB0x20e5B0x23e	0x13431B0x23e
0x204eB0x13464B0x23e	0x13be7B0x23e
0x326bB0x13494B0x23e	0x3a1eB0x326bB0x13494B0x23e
0x327dB0x13494B0x23e	0x3297B0x13494B0x23e
0x327dB0x13494B0x23e	0x3285B0x13494B0x23e
0x329fB0x13494B0x23e	0x3456B0x329fB0x13494B0x23e
0x3259B0x13494B0x23e	0x201cB0x3259B0x13494B0x23e
0x3263B0x13494B0x23e	0x326bB0x13494B0x23e
0x3263B0x13494B0x23e	0x32b00x3259B0x13494B0x23e
0x3273B0x13494B0x23e	0x327dB0x13494B0x23e
0x3273B0x13494B0x23e	0x9271B0x13494B0x23e
0x3297B0x13494B0x23e	0x329fB0x13494B0x23e
0x3297B0x13494B0x23e	0x32b00x3259B0x13494B0x23e
0x13997B0x13494B0x23e	0x3b4bB0x13997B0x13494B0x23e
0x139bcB0x13494B0x23e	0x13464B0x23e
0x139deB0x13494B0x23e	0x3a54B0x139deB0x13494B0x23e
0x13a03B0x13494B0x23e	0x13464B0x23e
0x3285B0x13494B0x23e	0x3578B0x3285B0x13494B0x23e
0x32b00x3259B0x13494B0x23e	0x13464B0x23e
0x202eB0x3259B0x13494B0x23e	0x2041B0x3259B0x13494B0x23e
0x202eB0x3259B0x13494B0x23e	0x8d0fB0x3259B0x13494B0x23e
0x2041B0x3259B0x13494B0x23e	0x8d32B0x3259B0x13494B0x23e
0x2041B0x3259B0x13494B0x23e	0x204eB0x3259B0x13494B0x23e
0x201cB0x3259B0x13494B0x23e	0x202eB0x3259B0x13494B0x23e
0x201cB0x3259B0x13494B0x23e	0x8cecB0x3259B0x13494B0x23e
0x3a3fB0x326bB0x13494B0x23e	0x96bcB0x326bB0x13494B0x23e
0x3a3fB0x326bB0x13494B0x23e	0x3a4cB0x326bB0x13494B0x23e
0x3a1eB0x326bB0x13494B0x23e	0x201cB0x3a1eB0x326bB0x13494B0x23e
0x3a28B0x326bB0x13494B0x23e	0x3a4eB0x326bB0x13494B0x23e
0x3a28B0x326bB0x13494B0x23e	0x3a30B0x326bB0x13494B0x23e
0x3a4eB0x326bB0x13494B0x23e	0x3273B0x13494B0x23e
0x3a39B0x326bB0x13494B0x23e	0x3a3fB0x326bB0x13494B0x23e
0x3a39B0x326bB0x13494B0x23e	0x9670B0x326bB0x13494B0x23e
0x3a30B0x326bB0x13494B0x23e	0x201cB0x3a30B0x326bB0x13494B0x23e
0x202eB0x3a1eB0x326bB0x13494B0x23e	0x2041B0x3a1eB0x326bB0x13494B0x23e
0x202eB0x3a1eB0x326bB0x13494B0x23e	0x8d0fB0x3a1eB0x326bB0x13494B0x23e
0x2041B0x3a1eB0x326bB0x13494B0x23e	0x8d32B0x3a1eB0x326bB0x13494B0x23e
0x2041B0x3a1eB0x326bB0x13494B0x23e	0x204eB0x3a1eB0x326bB0x13494B0x23e
0x201cB0x3a1eB0x326bB0x13494B0x23e	0x202eB0x3a1eB0x326bB0x13494B0x23e
0x201cB0x3a1eB0x326bB0x13494B0x23e	0x8cecB0x3a1eB0x326bB0x13494B0x23e
0x202eB0x3a30B0x326bB0x13494B0x23e	0x2041B0x3a30B0x326bB0x13494B0x23e
0x202eB0x3a30B0x326bB0x13494B0x23e	0x8d0fB0x3a30B0x326bB0x13494B0x23e
0x2041B0x3a30B0x326bB0x13494B0x23e	0x8d32B0x3a30B0x326bB0x13494B0x23e
0x2041B0x3a30B0x326bB0x13494B0x23e	0x204eB0x3a30B0x326bB0x13494B0x23e
0x201cB0x3a30B0x326bB0x13494B0x23e	0x202eB0x3a30B0x326bB0x13494B0x23e
0x201cB0x3a30B0x326bB0x13494B0x23e	0x8cecB0x3a30B0x326bB0x13494B0x23e
0x3b53B0x13997B0x13494B0x23e	0x3b67B0x13997B0x13494B0x23e
0x3b70B0x13997B0x13494B0x23e	0x21a2B0x3b70B0x13997B0x13494B0x23e
0x3c07B0x13997B0x13494B0x23e	0x139bcB0x13494B0x23e
0x3bf5B0x13997B0x13494B0x23e	0x139bcB0x13494B0x23e
0x3b81B0x13997B0x13494B0x23e	0x3b89B0x13997B0x13494B0x23e
0x3b89B0x13997B0x13494B0x23e	0x204fB0x3b89B0x13997B0x13494B0x23e
0x3be3B0x13997B0x13494B0x23e	0x3b67B0x13997B0x13494B0x23e
0x3b95B0x13997B0x13494B0x23e	0x201cB0x3b95B0x13997B0x13494B0x23e
0x13bbaB0x13997B0x13494B0x23e	0x1f42B0x13bbaB0x13997B0x13494B0x23e
0x3ba5B0x13997B0x13494B0x23e	0x13bbaB0x13997B0x13494B0x23e
0x3b67B0x13997B0x13494B0x23e	0x3b70B0x13997B0x13494B0x23e
0x3b67B0x13997B0x13494B0x23e	0x3bf5B0x13997B0x13494B0x23e
0x3b4bB0x13997B0x13494B0x23e	0x3b53B0x13997B0x13494B0x23e
0x3b4bB0x13997B0x13494B0x23e	0x3c07B0x13997B0x13494B0x23e
0x21d2B0x3b70B0x13997B0x13494B0x23e	0x3b81B0x13997B0x13494B0x23e
0x21a2B0x3b70B0x13997B0x13494B0x23e	0x21d2B0x3b70B0x13997B0x13494B0x23e
0x21a2B0x3b70B0x13997B0x13494B0x23e	0x8e04B0x3b70B0x13997B0x13494B0x23e
0x204fB0x3b89B0x13997B0x13494B0x23e	0x8d55B0x3b89B0x13997B0x13494B0x23e
0x204fB0x3b89B0x13997B0x13494B0x23e	0x2061B0x3b89B0x13997B0x13494B0x23e
0x202eB0x3b95B0x13997B0x13494B0x23e	0x2041B0x3b95B0x13997B0x13494B0x23e
0x202eB0x3b95B0x13997B0x13494B0x23e	0x8d0fB0x3b95B0x13997B0x13494B0x23e
0x2041B0x3b95B0x13997B0x13494B0x23e	0x8d32B0x3b95B0x13997B0x13494B0x23e
0x2041B0x3b95B0x13997B0x13494B0x23e	0x204eB0x3b95B0x13997B0x13494B0x23e
0x201cB0x3b95B0x13997B0x13494B0x23e	0x202eB0x3b95B0x13997B0x13494B0x23e
0x201cB0x3b95B0x13997B0x13494B0x23e	0x8cecB0x3b95B0x13997B0x13494B0x23e
0x1f610x1f42B0x13bbaB0x13997B0x13494B0x23e	0x3be3B0x13997B0x13494B0x23e
0x1f42B0x13bbaB0x13997B0x13494B0x23e	0x1f610x1f42B0x13bbaB0x13997B0x13494B0x23e
0x1f42B0x13bbaB0x13997B0x13494B0x23e	0x8c540x1f42B0x13bbaB0x13997B0x13494B0x23e
0x3469B0x329fB0x13494B0x23e	0x34c0B0x329fB0x13494B0x23e
0x3469B0x329fB0x13494B0x23e	0x3470B0x329fB0x13494B0x23e
0x3484B0x329fB0x13494B0x23e	0x348fB0x329fB0x13494B0x23e
0x3484B0x329fB0x13494B0x23e	0x947fB0x329fB0x13494B0x23e
0x348fB0x329fB0x13494B0x23e	0x139deB0x13494B0x23e
0x3456B0x329fB0x13494B0x23e	0x3a1eB0x3456B0x329fB0x13494B0x23e
0x345fB0x329fB0x13494B0x23e	0x3469B0x329fB0x13494B0x23e
0x345fB0x329fB0x13494B0x23e	0x9410B0x329fB0x13494B0x23e
0x3479B0x329fB0x13494B0x23e	0x3484B0x329fB0x13494B0x23e
0x3479B0x329fB0x13494B0x23e	0x945cB0x329fB0x13494B0x23e
0x3470B0x329fB0x13494B0x23e	0x201cB0x3470B0x329fB0x13494B0x23e
0x202eB0x3470B0x329fB0x13494B0x23e	0x2041B0x3470B0x329fB0x13494B0x23e
0x202eB0x3470B0x329fB0x13494B0x23e	0x8d0fB0x3470B0x329fB0x13494B0x23e
0x2041B0x3470B0x329fB0x13494B0x23e	0x8d32B0x3470B0x329fB0x13494B0x23e
0x2041B0x3470B0x329fB0x13494B0x23e	0x204eB0x3470B0x329fB0x13494B0x23e
0x201cB0x3470B0x329fB0x13494B0x23e	0x202eB0x3470B0x329fB0x13494B0x23e
0x201cB0x3470B0x329fB0x13494B0x23e	0x8cecB0x3470B0x329fB0x13494B0x23e
0x3a3fB0x3456B0x329fB0x13494B0x23e	0x96bcB0x3456B0x329fB0x13494B0x23e
0x3a3fB0x3456B0x329fB0x13494B0x23e	0x3a4cB0x3456B0x329fB0x13494B0x23e
0x3a1eB0x3456B0x329fB0x13494B0x23e	0x201cB0x3a1eB0x3456B0x329fB0x13494B0x23e
0x3a28B0x3456B0x329fB0x13494B0x23e	0x3a4eB0x3456B0x329fB0x13494B0x23e
0x3a28B0x3456B0x329fB0x13494B0x23e	0x3a30B0x3456B0x329fB0x13494B0x23e
0x3a4eB0x3456B0x329fB0x13494B0x23e	0x345fB0x329fB0x13494B0x23e
0x3a39B0x3456B0x329fB0x13494B0x23e	0x3a3fB0x3456B0x329fB0x13494B0x23e
0x3a39B0x3456B0x329fB0x13494B0x23e	0x9670B0x3456B0x329fB0x13494B0x23e
0x3a30B0x3456B0x329fB0x13494B0x23e	0x201cB0x3a30B0x3456B0x329fB0x13494B0x23e
0x202eB0x3a1eB0x3456B0x329fB0x13494B0x23e	0x2041B0x3a1eB0x3456B0x329fB0x13494B0x23e
0x202eB0x3a1eB0x3456B0x329fB0x13494B0x23e	0x8d0fB0x3a1eB0x3456B0x329fB0x13494B0x23e
0x2041B0x3a1eB0x3456B0x329fB0x13494B0x23e	0x8d32B0x3a1eB0x3456B0x329fB0x13494B0x23e
0x2041B0x3a1eB0x3456B0x329fB0x13494B0x23e	0x204eB0x3a1eB0x3456B0x329fB0x13494B0x23e
0x201cB0x3a1eB0x3456B0x329fB0x13494B0x23e	0x202eB0x3a1eB0x3456B0x329fB0x13494B0x23e
0x201cB0x3a1eB0x3456B0x329fB0x13494B0x23e	0x8cecB0x3a1eB0x3456B0x329fB0x13494B0x23e
0x202eB0x3a30B0x3456B0x329fB0x13494B0x23e	0x2041B0x3a30B0x3456B0x329fB0x13494B0x23e
0x202eB0x3a30B0x3456B0x329fB0x13494B0x23e	0x8d0fB0x3a30B0x3456B0x329fB0x13494B0x23e
0x2041B0x3a30B0x3456B0x329fB0x13494B0x23e	0x8d32B0x3a30B0x3456B0x329fB0x13494B0x23e
0x2041B0x3a30B0x3456B0x329fB0x13494B0x23e	0x204eB0x3a30B0x3456B0x329fB0x13494B0x23e
0x201cB0x3a30B0x3456B0x329fB0x13494B0x23e	0x202eB0x3a30B0x3456B0x329fB0x13494B0x23e
0x201cB0x3a30B0x3456B0x329fB0x13494B0x23e	0x8cecB0x3a30B0x3456B0x329fB0x13494B0x23e
0x358bB0x3285B0x13494B0x23e	0x3631B0x3285B0x13494B0x23e
0x358bB0x3285B0x13494B0x23e	0x3592B0x3285B0x13494B0x23e
0x35a6B0x3285B0x13494B0x23e	0x9511B0x3285B0x13494B0x23e
0x35a6B0x3285B0x13494B0x23e	0x35cfB0x3285B0x13494B0x23e
0x3621B0x3285B0x13494B0x23e	0x35e0B0x3285B0x13494B0x23e
0x3578B0x3285B0x13494B0x23e	0x3a1eB0x3578B0x3285B0x13494B0x23e
0x3581B0x3285B0x13494B0x23e	0x358bB0x3285B0x13494B0x23e
0x3581B0x3285B0x13494B0x23e	0x94a2B0x3285B0x13494B0x23e
0x359bB0x3285B0x13494B0x23e	0x35a6B0x3285B0x13494B0x23e
0x359bB0x3285B0x13494B0x23e	0x94eeB0x3285B0x13494B0x23e
0x35dcB0x3285B0x13494B0x23e	0x35e0B0x3285B0x13494B0x23e
0x3628B0x3285B0x13494B0x23e	0x35d4B0x3285B0x13494B0x23e
0x35e0B0x3285B0x13494B0x23e	0x953dB0x3285B0x13494B0x23e
0x35e0B0x3285B0x13494B0x23e	0x361bB0x3285B0x13494B0x23e
0x35d4B0x3285B0x13494B0x23e	0x13997B0x13494B0x23e
0x3592B0x3285B0x13494B0x23e	0x201cB0x3592B0x3285B0x13494B0x23e
0x35cfB0x3285B0x13494B0x23e	0x35dcB0x3285B0x13494B0x23e
0x35cfB0x3285B0x13494B0x23e	0x35d4B0x3285B0x13494B0x23e
0x361bB0x3285B0x13494B0x23e	0x3621B0x3285B0x13494B0x23e
0x361bB0x3285B0x13494B0x23e	0x3628B0x3285B0x13494B0x23e
0x202eB0x3592B0x3285B0x13494B0x23e	0x2041B0x3592B0x3285B0x13494B0x23e
0x202eB0x3592B0x3285B0x13494B0x23e	0x8d0fB0x3592B0x3285B0x13494B0x23e
0x2041B0x3592B0x3285B0x13494B0x23e	0x8d32B0x3592B0x3285B0x13494B0x23e
0x2041B0x3592B0x3285B0x13494B0x23e	0x204eB0x3592B0x3285B0x13494B0x23e
0x201cB0x3592B0x3285B0x13494B0x23e	0x202eB0x3592B0x3285B0x13494B0x23e
0x201cB0x3592B0x3285B0x13494B0x23e	0x8cecB0x3592B0x3285B0x13494B0x23e
0x3a3fB0x3578B0x3285B0x13494B0x23e	0x96bcB0x3578B0x3285B0x13494B0x23e
0x3a3fB0x3578B0x3285B0x13494B0x23e	0x3a4cB0x3578B0x3285B0x13494B0x23e
0x3a1eB0x3578B0x3285B0x13494B0x23e	0x201cB0x3a1eB0x3578B0x3285B0x13494B0x23e
0x3a28B0x3578B0x3285B0x13494B0x23e	0x3a4eB0x3578B0x3285B0x13494B0x23e
0x3a28B0x3578B0x3285B0x13494B0x23e	0x3a30B0x3578B0x3285B0x13494B0x23e
0x3a4eB0x3578B0x3285B0x13494B0x23e	0x3581B0x3285B0x13494B0x23e
0x3a39B0x3578B0x3285B0x13494B0x23e	0x3a3fB0x3578B0x3285B0x13494B0x23e
0x3a39B0x3578B0x3285B0x13494B0x23e	0x9670B0x3578B0x3285B0x13494B0x23e
0x3a30B0x3578B0x3285B0x13494B0x23e	0x201cB0x3a30B0x3578B0x3285B0x13494B0x23e
0x202eB0x3a1eB0x3578B0x3285B0x13494B0x23e	0x2041B0x3a1eB0x3578B0x3285B0x13494B0x23e
0x202eB0x3a1eB0x3578B0x3285B0x13494B0x23e	0x8d0fB0x3a1eB0x3578B0x3285B0x13494B0x23e
0x2041B0x3a1eB0x3578B0x3285B0x13494B0x23e	0x8d32B0x3a1eB0x3578B0x3285B0x13494B0x23e
0x2041B0x3a1eB0x3578B0x3285B0x13494B0x23e	0x204eB0x3a1eB0x3578B0x3285B0x13494B0x23e
0x201cB0x3a1eB0x3578B0x3285B0x13494B0x23e	0x202eB0x3a1eB0x3578B0x3285B0x13494B0x23e
0x201cB0x3a1eB0x3578B0x3285B0x13494B0x23e	0x8cecB0x3a1eB0x3578B0x3285B0x13494B0x23e
0x202eB0x3a30B0x3578B0x3285B0x13494B0x23e	0x2041B0x3a30B0x3578B0x3285B0x13494B0x23e
0x202eB0x3a30B0x3578B0x3285B0x13494B0x23e	0x8d0fB0x3a30B0x3578B0x3285B0x13494B0x23e
0x2041B0x3a30B0x3578B0x3285B0x13494B0x23e	0x8d32B0x3a30B0x3578B0x3285B0x13494B0x23e
0x2041B0x3a30B0x3578B0x3285B0x13494B0x23e	0x204eB0x3a30B0x3578B0x3285B0x13494B0x23e
0x201cB0x3a30B0x3578B0x3285B0x13494B0x23e	0x202eB0x3a30B0x3578B0x3285B0x13494B0x23e
0x201cB0x3a30B0x3578B0x3285B0x13494B0x23e	0x8cecB0x3a30B0x3578B0x3285B0x13494B0x23e
0x204eB0x3259B0x13494B0x23e	0x3263B0x13494B0x23e
0x3a4cB0x326bB0x13494B0x23e	0x3273B0x13494B0x23e
0x204eB0x3a1eB0x326bB0x13494B0x23e	0x3a28B0x326bB0x13494B0x23e
0x204eB0x3a30B0x326bB0x13494B0x23e	0x3a39B0x326bB0x13494B0x23e
0x2061B0x3b89B0x13997B0x13494B0x23e	0x3b95B0x13997B0x13494B0x23e
0x204eB0x3b95B0x13997B0x13494B0x23e	0x3ba5B0x13997B0x13494B0x23e
0x204eB0x3470B0x329fB0x13494B0x23e	0x3479B0x329fB0x13494B0x23e
0x3a4cB0x3456B0x329fB0x13494B0x23e	0x345fB0x329fB0x13494B0x23e
0x204eB0x3a1eB0x3456B0x329fB0x13494B0x23e	0x3a28B0x3456B0x329fB0x13494B0x23e
0x204eB0x3a30B0x3456B0x329fB0x13494B0x23e	0x3a39B0x3456B0x329fB0x13494B0x23e
0x204eB0x3592B0x3285B0x13494B0x23e	0x359bB0x3285B0x13494B0x23e
0x3a4cB0x3578B0x3285B0x13494B0x23e	0x3581B0x3285B0x13494B0x23e
0x204eB0x3a1eB0x3578B0x3285B0x13494B0x23e	0x3a28B0x3578B0x3285B0x13494B0x23e
0x204eB0x3a30B0x3578B0x3285B0x13494B0x23e	0x3a39B0x3578B0x3285B0x13494B0x23e
0x3a64B0x139deB0x13494B0x23e	0x1f26B0x3a64B0x139deB0x13494B0x23e
0x3af9B0x139deB0x13494B0x23e	0x33c1B0x3af9B0x139deB0x13494B0x23e
0x3aa1B0x139deB0x13494B0x23e	0x3abbB0x139deB0x13494B0x23e
0x3a8fB0x139deB0x13494B0x23e	0x2523B0x3a8fB0x139deB0x13494B0x23e
0x13b68B0x139deB0x13494B0x23e	0x1f42B0x13b68B0x139deB0x13494B0x23e
0x3abbB0x139deB0x13494B0x23e	0x13b68B0x139deB0x13494B0x23e
0x3b05B0x139deB0x13494B0x23e	0x3b16B0x139deB0x13494B0x23e
0x3b32B0x139deB0x13494B0x23e	0x3b16B0x139deB0x13494B0x23e
0x13b95B0x139deB0x13494B0x23e	0x13a03B0x13494B0x23e
0x3b16B0x139deB0x13494B0x23e	0x3b32B0x139deB0x13494B0x23e
0x3b16B0x139deB0x13494B0x23e	0x3b1eB0x139deB0x13494B0x23e
0x3a54B0x139deB0x13494B0x23e	0x1f42B0x3a54B0x139deB0x13494B0x23e
0x3b1eB0x139deB0x13494B0x23e	0x1f42B0x3b1eB0x139deB0x13494B0x23e
0x1f3eB0x3a64B0x139deB0x13494B0x23e	0x3a8fB0x139deB0x13494B0x23e
0x1f26B0x3a64B0x139deB0x13494B0x23e	0x1f3eB0x3a64B0x139deB0x13494B0x23e
0x1f26B0x3a64B0x139deB0x13494B0x23e	0x8c08B0x3a64B0x139deB0x13494B0x23e
0x33c9B0x3af9B0x139deB0x13494B0x23e	0x3b05B0x139deB0x13494B0x23e
0x33c1B0x3af9B0x139deB0x13494B0x23e	0x33c9B0x3af9B0x139deB0x13494B0x23e
0x33c1B0x3af9B0x139deB0x13494B0x23e	0x932cB0x3af9B0x139deB0x13494B0x23e
0x1f610x1f42B0x13b68B0x139deB0x13494B0x23e	0x3af9B0x139deB0x13494B0x23e
0x1f42B0x13b68B0x139deB0x13494B0x23e	0x1f610x1f42B0x13b68B0x139deB0x13494B0x23e
0x1f42B0x13b68B0x139deB0x13494B0x23e	0x8c540x1f42B0x13b68B0x139deB0x13494B0x23e
0x1f610x1f42B0x3a54B0x139deB0x13494B0x23e	0x3a64B0x139deB0x13494B0x23e
0x1f42B0x3a54B0x139deB0x13494B0x23e	0x1f610x1f42B0x3a54B0x139deB0x13494B0x23e
0x1f42B0x3a54B0x139deB0x13494B0x23e	0x8c540x1f42B0x3a54B0x139deB0x13494B0x23e
0x1f610x1f42B0x3b1eB0x139deB0x13494B0x23e	0x13b95B0x139deB0x13494B0x23e
0x1f42B0x3b1eB0x139deB0x13494B0x23e	0x1f610x1f42B0x3b1eB0x139deB0x13494B0x23e
0x1f42B0x3b1eB0x139deB0x13494B0x23e	0x8c540x1f42B0x3b1eB0x139deB0x13494B0x23e
0x2523B0x3a8fB0x139deB0x13494B0x23e	0x1f65B0x2523B0x3a8fB0x139deB0x13494B0x23e
0x252fB0x3a8fB0x139deB0x13494B0x23e	0x1f42B0x252fB0x3a8fB0x139deB0x13494B0x23e
0x253dB0x3a8fB0x139deB0x13494B0x23e	0x8fa8B0x3a8fB0x139deB0x13494B0x23e
0x253dB0x3a8fB0x139deB0x13494B0x23e	0x254bB0x3a8fB0x139deB0x13494B0x23e
0x254bB0x3a8fB0x139deB0x13494B0x23e	0x3aa1B0x139deB0x13494B0x23e
0x1f610x1f42B0x252fB0x3a8fB0x139deB0x13494B0x23e	0x253dB0x3a8fB0x139deB0x13494B0x23e
0x1f42B0x252fB0x3a8fB0x139deB0x13494B0x23e	0x1f610x1f42B0x252fB0x3a8fB0x139deB0x13494B0x23e
0x1f42B0x252fB0x3a8fB0x139deB0x13494B0x23e	0x8c540x1f42B0x252fB0x3a8fB0x139deB0x13494B0x23e
0x1f75B0x2523B0x3a8fB0x139deB0x13494B0x23e	0x252fB0x3a8fB0x139deB0x13494B0x23e
0x1f65B0x2523B0x3a8fB0x139deB0x13494B0x23e	0x1f75B0x2523B0x3a8fB0x139deB0x13494B0x23e
0x1f65B0x2523B0x3a8fB0x139deB0x13494B0x23e	0x8ca0B0x2523B0x3a8fB0x139deB0x13494B0x23e
0x1f610x20d6B0x1a75	0x133b2B0x1a75
0x20d6B0x1a75	0x204fB0x20d6B0x1a75
0x133b2B0x1a75	0x1333f
0x20e5B0x1a75	0x2078B0x20e5B0x1a75
0x133d7B0x1a75	0x1f420x20d6B0x1a75
0x20fcB0x1a75	0x2063B0x20fcB0x1a75
0x13404B0x1a75	0x1f42B0x13404B0x1a75
0x13431B0x1a75	0x20aeB0x13431B0x1a75
0x13464B0x1a75	0x201cB0x13464B0x1a75
0x13494B0x1a75	0x3259B0x13494B0x1a75
0x13be7B0x1a75	0x2523B0x13be7B0x1a75
0x1f420x20d6B0x1a75	0x1f610x20d6B0x1a75
0x1f420x20d6B0x1a75	0x8c540x20d6B0x1a75
0x21220x20d6B0x1a75	0x133d7B0x1a75
0x204fB0x20d6B0x1a75	0x8d55B0x20d6B0x1a75
0x204fB0x20d6B0x1a75	0x2061B0x20d6B0x1a75
0x208aB0x20e5B0x1a75	0x209dB0x20e5B0x1a75
0x208aB0x20e5B0x1a75	0x8dbeB0x20e5B0x1a75
0x209dB0x20e5B0x1a75	0x8de1B0x20e5B0x1a75
0x209dB0x20e5B0x1a75	0x20adB0x20e5B0x1a75
0x2078B0x20e5B0x1a75	0x208aB0x20e5B0x1a75
0x2078B0x20e5B0x1a75	0x8d9bB0x20e5B0x1a75
0x2075B0x20fcB0x1a75	0x13494B0x1a75
0x2063B0x20fcB0x1a75	0x2075B0x20fcB0x1a75
0x2063B0x20fcB0x1a75	0x8d78B0x20fcB0x1a75
0x1f610x1f42B0x13404B0x1a75	0x20fcB0x1a75
0x1f42B0x13404B0x1a75	0x1f610x1f42B0x13404B0x1a75
0x1f42B0x13404B0x1a75	0x8c540x1f42B0x13404B0x1a75
0x20aeB0x13431B0x1a75	0x20b1B0x13431B0x1a75
0x20beB0x13431B0x1a75	0x20b1B0x13431B0x1a75
0x20b1B0x13431B0x1a75	0x20beB0x13431B0x1a75
0x20b1B0x13431B0x1a75	0x20b9B0x13431B0x1a75
0x20b9B0x13431B0x1a75	0x13404B0x1a75
0x202eB0x13464B0x1a75	0x2041B0x13464B0x1a75
0x202eB0x13464B0x1a75	0x8d0fB0x13464B0x1a75
0x2041B0x13464B0x1a75	0x8d32B0x13464B0x1a75
0x2041B0x13464B0x1a75	0x204eB0x13464B0x1a75
0x201cB0x13464B0x1a75	0x202eB0x13464B0x1a75
0x201cB0x13464B0x1a75	0x8cecB0x13464B0x1a75
0x2523B0x13be7B0x1a75	0x1f65B0x2523B0x13be7B0x1a75
0x252fB0x13be7B0x1a75	0x1f42B0x252fB0x13be7B0x1a75
0x253dB0x13be7B0x1a75	0x8fa8B0x13be7B0x1a75
0x253dB0x13be7B0x1a75	0x254bB0x13be7B0x1a75
0x254bB0x13be7B0x1a75	0x21220x20d6B0x1a75
0x1f610x1f42B0x252fB0x13be7B0x1a75	0x253dB0x13be7B0x1a75
0x1f42B0x252fB0x13be7B0x1a75	0x1f610x1f42B0x252fB0x13be7B0x1a75
0x1f42B0x252fB0x13be7B0x1a75	0x8c540x1f42B0x252fB0x13be7B0x1a75
0x1f75B0x2523B0x13be7B0x1a75	0x252fB0x13be7B0x1a75
0x1f65B0x2523B0x13be7B0x1a75	0x1f75B0x2523B0x13be7B0x1a75
0x1f65B0x2523B0x13be7B0x1a75	0x8ca0B0x2523B0x13be7B0x1a75
0x2061B0x20d6B0x1a75	0x20e5B0x1a75
0x20adB0x20e5B0x1a75	0x13431B0x1a75
0x204eB0x13464B0x1a75	0x13be7B0x1a75
0x326bB0x13494B0x1a75	0x3a1eB0x326bB0x13494B0x1a75
0x327dB0x13494B0x1a75	0x3297B0x13494B0x1a75
0x327dB0x13494B0x1a75	0x3285B0x13494B0x1a75
0x329fB0x13494B0x1a75	0x3456B0x329fB0x13494B0x1a75
0x3259B0x13494B0x1a75	0x201cB0x3259B0x13494B0x1a75
0x3263B0x13494B0x1a75	0x326bB0x13494B0x1a75
0x3263B0x13494B0x1a75	0x32b00x3259B0x13494B0x1a75
0x3273B0x13494B0x1a75	0x327dB0x13494B0x1a75
0x3273B0x13494B0x1a75	0x9271B0x13494B0x1a75
0x3297B0x13494B0x1a75	0x329fB0x13494B0x1a75
0x3297B0x13494B0x1a75	0x32b00x3259B0x13494B0x1a75
0x13997B0x13494B0x1a75	0x3b4bB0x13997B0x13494B0x1a75
0x139bcB0x13494B0x1a75	0x13464B0x1a75
0x139deB0x13494B0x1a75	0x3a54B0x139deB0x13494B0x1a75
0x13a03B0x13494B0x1a75	0x13464B0x1a75
0x3285B0x13494B0x1a75	0x3578B0x3285B0x13494B0x1a75
0x32b00x3259B0x13494B0x1a75	0x13464B0x1a75
0x202eB0x3259B0x13494B0x1a75	0x2041B0x3259B0x13494B0x1a75
0x202eB0x3259B0x13494B0x1a75	0x8d0fB0x3259B0x13494B0x1a75
0x2041B0x3259B0x13494B0x1a75	0x8d32B0x3259B0x13494B0x1a75
0x2041B0x3259B0x13494B0x1a75	0x204eB0x3259B0x13494B0x1a75
0x201cB0x3259B0x13494B0x1a75	0x202eB0x3259B0x13494B0x1a75
0x201cB0x3259B0x13494B0x1a75	0x8cecB0x3259B0x13494B0x1a75
0x3a3fB0x326bB0x13494B0x1a75	0x96bcB0x326bB0x13494B0x1a75
0x3a3fB0x326bB0x13494B0x1a75	0x3a4cB0x326bB0x13494B0x1a75
0x3a1eB0x326bB0x13494B0x1a75	0x201cB0x3a1eB0x326bB0x13494B0x1a75
0x3a28B0x326bB0x13494B0x1a75	0x3a4eB0x326bB0x13494B0x1a75
0x3a28B0x326bB0x13494B0x1a75	0x3a30B0x326bB0x13494B0x1a75
0x3a4eB0x326bB0x13494B0x1a75	0x3273B0x13494B0x1a75
0x3a39B0x326bB0x13494B0x1a75	0x3a3fB0x326bB0x13494B0x1a75
0x3a39B0x326bB0x13494B0x1a75	0x9670B0x326bB0x13494B0x1a75
0x3a30B0x326bB0x13494B0x1a75	0x201cB0x3a30B0x326bB0x13494B0x1a75
0x202eB0x3a1eB0x326bB0x13494B0x1a75	0x2041B0x3a1eB0x326bB0x13494B0x1a75
0x202eB0x3a1eB0x326bB0x13494B0x1a75	0x8d0fB0x3a1eB0x326bB0x13494B0x1a75
0x2041B0x3a1eB0x326bB0x13494B0x1a75	0x8d32B0x3a1eB0x326bB0x13494B0x1a75
0x2041B0x3a1eB0x326bB0x13494B0x1a75	0x204eB0x3a1eB0x326bB0x13494B0x1a75
0x201cB0x3a1eB0x326bB0x13494B0x1a75	0x202eB0x3a1eB0x326bB0x13494B0x1a75
0x201cB0x3a1eB0x326bB0x13494B0x1a75	0x8cecB0x3a1eB0x326bB0x13494B0x1a75
0x202eB0x3a30B0x326bB0x13494B0x1a75	0x2041B0x3a30B0x326bB0x13494B0x1a75
0x202eB0x3a30B0x326bB0x13494B0x1a75	0x8d0fB0x3a30B0x326bB0x13494B0x1a75
0x2041B0x3a30B0x326bB0x13494B0x1a75	0x8d32B0x3a30B0x326bB0x13494B0x1a75
0x2041B0x3a30B0x326bB0x13494B0x1a75	0x204eB0x3a30B0x326bB0x13494B0x1a75
0x201cB0x3a30B0x326bB0x13494B0x1a75	0x202eB0x3a30B0x326bB0x13494B0x1a75
0x201cB0x3a30B0x326bB0x13494B0x1a75	0x8cecB0x3a30B0x326bB0x13494B0x1a75
0x3b53B0x13997B0x13494B0x1a75	0x3b67B0x13997B0x13494B0x1a75
0x3b70B0x13997B0x13494B0x1a75	0x21a2B0x3b70B0x13997B0x13494B0x1a75
0x3c07B0x13997B0x13494B0x1a75	0x139bcB0x13494B0x1a75
0x3bf5B0x13997B0x13494B0x1a75	0x139bcB0x13494B0x1a75
0x3b81B0x13997B0x13494B0x1a75	0x3b89B0x13997B0x13494B0x1a75
0x3b89B0x13997B0x13494B0x1a75	0x204fB0x3b89B0x13997B0x13494B0x1a75
0x3be3B0x13997B0x13494B0x1a75	0x3b67B0x13997B0x13494B0x1a75
0x3b95B0x13997B0x13494B0x1a75	0x201cB0x3b95B0x13997B0x13494B0x1a75
0x13bbaB0x13997B0x13494B0x1a75	0x1f42B0x13bbaB0x13997B0x13494B0x1a75
0x3ba5B0x13997B0x13494B0x1a75	0x13bbaB0x13997B0x13494B0x1a75
0x3b67B0x13997B0x13494B0x1a75	0x3b70B0x13997B0x13494B0x1a75
0x3b67B0x13997B0x13494B0x1a75	0x3bf5B0x13997B0x13494B0x1a75
0x3b4bB0x13997B0x13494B0x1a75	0x3b53B0x13997B0x13494B0x1a75
0x3b4bB0x13997B0x13494B0x1a75	0x3c07B0x13997B0x13494B0x1a75
0x21d2B0x3b70B0x13997B0x13494B0x1a75	0x3b81B0x13997B0x13494B0x1a75
0x21a2B0x3b70B0x13997B0x13494B0x1a75	0x21d2B0x3b70B0x13997B0x13494B0x1a75
0x21a2B0x3b70B0x13997B0x13494B0x1a75	0x8e04B0x3b70B0x13997B0x13494B0x1a75
0x204fB0x3b89B0x13997B0x13494B0x1a75	0x8d55B0x3b89B0x13997B0x13494B0x1a75
0x204fB0x3b89B0x13997B0x13494B0x1a75	0x2061B0x3b89B0x13997B0x13494B0x1a75
0x202eB0x3b95B0x13997B0x13494B0x1a75	0x2041B0x3b95B0x13997B0x13494B0x1a75
0x202eB0x3b95B0x13997B0x13494B0x1a75	0x8d0fB0x3b95B0x13997B0x13494B0x1a75
0x2041B0x3b95B0x13997B0x13494B0x1a75	0x8d32B0x3b95B0x13997B0x13494B0x1a75
0x2041B0x3b95B0x13997B0x13494B0x1a75	0x204eB0x3b95B0x13997B0x13494B0x1a75
0x201cB0x3b95B0x13997B0x13494B0x1a75	0x202eB0x3b95B0x13997B0x13494B0x1a75
0x201cB0x3b95B0x13997B0x13494B0x1a75	0x8cecB0x3b95B0x13997B0x13494B0x1a75
0x1f610x1f42B0x13bbaB0x13997B0x13494B0x1a75	0x3be3B0x13997B0x13494B0x1a75
0x1f42B0x13bbaB0x13997B0x13494B0x1a75	0x1f610x1f42B0x13bbaB0x13997B0x13494B0x1a75
0x1f42B0x13bbaB0x13997B0x13494B0x1a75	0x8c540x1f42B0x13bbaB0x13997B0x13494B0x1a75
0x3469B0x329fB0x13494B0x1a75	0x34c0B0x329fB0x13494B0x1a75
0x3469B0x329fB0x13494B0x1a75	0x3470B0x329fB0x13494B0x1a75
0x3484B0x329fB0x13494B0x1a75	0x348fB0x329fB0x13494B0x1a75
0x3484B0x329fB0x13494B0x1a75	0x947fB0x329fB0x13494B0x1a75
0x348fB0x329fB0x13494B0x1a75	0x139deB0x13494B0x1a75
0x3456B0x329fB0x13494B0x1a75	0x3a1eB0x3456B0x329fB0x13494B0x1a75
0x345fB0x329fB0x13494B0x1a75	0x3469B0x329fB0x13494B0x1a75
0x345fB0x329fB0x13494B0x1a75	0x9410B0x329fB0x13494B0x1a75
0x3479B0x329fB0x13494B0x1a75	0x3484B0x329fB0x13494B0x1a75
0x3479B0x329fB0x13494B0x1a75	0x945cB0x329fB0x13494B0x1a75
0x3470B0x329fB0x13494B0x1a75	0x201cB0x3470B0x329fB0x13494B0x1a75
0x202eB0x3470B0x329fB0x13494B0x1a75	0x2041B0x3470B0x329fB0x13494B0x1a75
0x202eB0x3470B0x329fB0x13494B0x1a75	0x8d0fB0x3470B0x329fB0x13494B0x1a75
0x2041B0x3470B0x329fB0x13494B0x1a75	0x8d32B0x3470B0x329fB0x13494B0x1a75
0x2041B0x3470B0x329fB0x13494B0x1a75	0x204eB0x3470B0x329fB0x13494B0x1a75
0x201cB0x3470B0x329fB0x13494B0x1a75	0x202eB0x3470B0x329fB0x13494B0x1a75
0x201cB0x3470B0x329fB0x13494B0x1a75	0x8cecB0x3470B0x329fB0x13494B0x1a75
0x3a3fB0x3456B0x329fB0x13494B0x1a75	0x96bcB0x3456B0x329fB0x13494B0x1a75
0x3a3fB0x3456B0x329fB0x13494B0x1a75	0x3a4cB0x3456B0x329fB0x13494B0x1a75
0x3a1eB0x3456B0x329fB0x13494B0x1a75	0x201cB0x3a1eB0x3456B0x329fB0x13494B0x1a75
0x3a28B0x3456B0x329fB0x13494B0x1a75	0x3a4eB0x3456B0x329fB0x13494B0x1a75
0x3a28B0x3456B0x329fB0x13494B0x1a75	0x3a30B0x3456B0x329fB0x13494B0x1a75
0x3a4eB0x3456B0x329fB0x13494B0x1a75	0x345fB0x329fB0x13494B0x1a75
0x3a39B0x3456B0x329fB0x13494B0x1a75	0x3a3fB0x3456B0x329fB0x13494B0x1a75
0x3a39B0x3456B0x329fB0x13494B0x1a75	0x9670B0x3456B0x329fB0x13494B0x1a75
0x3a30B0x3456B0x329fB0x13494B0x1a75	0x201cB0x3a30B0x3456B0x329fB0x13494B0x1a75
0x202eB0x3a1eB0x3456B0x329fB0x13494B0x1a75	0x2041B0x3a1eB0x3456B0x329fB0x13494B0x1a75
0x202eB0x3a1eB0x3456B0x329fB0x13494B0x1a75	0x8d0fB0x3a1eB0x3456B0x329fB0x13494B0x1a75
0x2041B0x3a1eB0x3456B0x329fB0x13494B0x1a75	0x8d32B0x3a1eB0x3456B0x329fB0x13494B0x1a75
0x2041B0x3a1eB0x3456B0x329fB0x13494B0x1a75	0x204eB0x3a1eB0x3456B0x329fB0x13494B0x1a75
0x201cB0x3a1eB0x3456B0x329fB0x13494B0x1a75	0x202eB0x3a1eB0x3456B0x329fB0x13494B0x1a75
0x201cB0x3a1eB0x3456B0x329fB0x13494B0x1a75	0x8cecB0x3a1eB0x3456B0x329fB0x13494B0x1a75
0x202eB0x3a30B0x3456B0x329fB0x13494B0x1a75	0x2041B0x3a30B0x3456B0x329fB0x13494B0x1a75
0x202eB0x3a30B0x3456B0x329fB0x13494B0x1a75	0x8d0fB0x3a30B0x3456B0x329fB0x13494B0x1a75
0x2041B0x3a30B0x3456B0x329fB0x13494B0x1a75	0x8d32B0x3a30B0x3456B0x329fB0x13494B0x1a75
0x2041B0x3a30B0x3456B0x329fB0x13494B0x1a75	0x204eB0x3a30B0x3456B0x329fB0x13494B0x1a75
0x201cB0x3a30B0x3456B0x329fB0x13494B0x1a75	0x202eB0x3a30B0x3456B0x329fB0x13494B0x1a75
0x201cB0x3a30B0x3456B0x329fB0x13494B0x1a75	0x8cecB0x3a30B0x3456B0x329fB0x13494B0x1a75
0x358bB0x3285B0x13494B0x1a75	0x3631B0x3285B0x13494B0x1a75
0x358bB0x3285B0x13494B0x1a75	0x3592B0x3285B0x13494B0x1a75
0x35a6B0x3285B0x13494B0x1a75	0x9511B0x3285B0x13494B0x1a75
0x35a6B0x3285B0x13494B0x1a75	0x35cfB0x3285B0x13494B0x1a75
0x3621B0x3285B0x13494B0x1a75	0x35e0B0x3285B0x13494B0x1a75
0x3578B0x3285B0x13494B0x1a75	0x3a1eB0x3578B0x3285B0x13494B0x1a75
0x3581B0x3285B0x13494B0x1a75	0x358bB0x3285B0x13494B0x1a75
0x3581B0x3285B0x13494B0x1a75	0x94a2B0x3285B0x13494B0x1a75
0x359bB0x3285B0x13494B0x1a75	0x35a6B0x3285B0x13494B0x1a75
0x359bB0x3285B0x13494B0x1a75	0x94eeB0x3285B0x13494B0x1a75
0x35dcB0x3285B0x13494B0x1a75	0x35e0B0x3285B0x13494B0x1a75
0x3628B0x3285B0x13494B0x1a75	0x35d4B0x3285B0x13494B0x1a75
0x35e0B0x3285B0x13494B0x1a75	0x953dB0x3285B0x13494B0x1a75
0x35e0B0x3285B0x13494B0x1a75	0x361bB0x3285B0x13494B0x1a75
0x35d4B0x3285B0x13494B0x1a75	0x13997B0x13494B0x1a75
0x3592B0x3285B0x13494B0x1a75	0x201cB0x3592B0x3285B0x13494B0x1a75
0x35cfB0x3285B0x13494B0x1a75	0x35dcB0x3285B0x13494B0x1a75
0x35cfB0x3285B0x13494B0x1a75	0x35d4B0x3285B0x13494B0x1a75
0x361bB0x3285B0x13494B0x1a75	0x3621B0x3285B0x13494B0x1a75
0x361bB0x3285B0x13494B0x1a75	0x3628B0x3285B0x13494B0x1a75
0x202eB0x3592B0x3285B0x13494B0x1a75	0x2041B0x3592B0x3285B0x13494B0x1a75
0x202eB0x3592B0x3285B0x13494B0x1a75	0x8d0fB0x3592B0x3285B0x13494B0x1a75
0x2041B0x3592B0x3285B0x13494B0x1a75	0x8d32B0x3592B0x3285B0x13494B0x1a75
0x2041B0x3592B0x3285B0x13494B0x1a75	0x204eB0x3592B0x3285B0x13494B0x1a75
0x201cB0x3592B0x3285B0x13494B0x1a75	0x202eB0x3592B0x3285B0x13494B0x1a75
0x201cB0x3592B0x3285B0x13494B0x1a75	0x8cecB0x3592B0x3285B0x13494B0x1a75
0x3a3fB0x3578B0x3285B0x13494B0x1a75	0x96bcB0x3578B0x3285B0x13494B0x1a75
0x3a3fB0x3578B0x3285B0x13494B0x1a75	0x3a4cB0x3578B0x3285B0x13494B0x1a75
0x3a1eB0x3578B0x3285B0x13494B0x1a75	0x201cB0x3a1eB0x3578B0x3285B0x13494B0x1a75
0x3a28B0x3578B0x3285B0x13494B0x1a75	0x3a4eB0x3578B0x3285B0x13494B0x1a75
0x3a28B0x3578B0x3285B0x13494B0x1a75	0x3a30B0x3578B0x3285B0x13494B0x1a75
0x3a4eB0x3578B0x3285B0x13494B0x1a75	0x3581B0x3285B0x13494B0x1a75
0x3a39B0x3578B0x3285B0x13494B0x1a75	0x3a3fB0x3578B0x3285B0x13494B0x1a75
0x3a39B0x3578B0x3285B0x13494B0x1a75	0x9670B0x3578B0x3285B0x13494B0x1a75
0x3a30B0x3578B0x3285B0x13494B0x1a75	0x201cB0x3a30B0x3578B0x3285B0x13494B0x1a75
0x202eB0x3a1eB0x3578B0x3285B0x13494B0x1a75	0x2041B0x3a1eB0x3578B0x3285B0x13494B0x1a75
0x202eB0x3a1eB0x3578B0x3285B0x13494B0x1a75	0x8d0fB0x3a1eB0x3578B0x3285B0x13494B0x1a75
0x2041B0x3a1eB0x3578B0x3285B0x13494B0x1a75	0x8d32B0x3a1eB0x3578B0x3285B0x13494B0x1a75
0x2041B0x3a1eB0x3578B0x3285B0x13494B0x1a75	0x204eB0x3a1eB0x3578B0x3285B0x13494B0x1a75
0x201cB0x3a1eB0x3578B0x3285B0x13494B0x1a75	0x202eB0x3a1eB0x3578B0x3285B0x13494B0x1a75
0x201cB0x3a1eB0x3578B0x3285B0x13494B0x1a75	0x8cecB0x3a1eB0x3578B0x3285B0x13494B0x1a75
0x202eB0x3a30B0x3578B0x3285B0x13494B0x1a75	0x2041B0x3a30B0x3578B0x3285B0x13494B0x1a75
0x202eB0x3a30B0x3578B0x3285B0x13494B0x1a75	0x8d0fB0x3a30B0x3578B0x3285B0x13494B0x1a75
0x2041B0x3a30B0x3578B0x3285B0x13494B0x1a75	0x8d32B0x3a30B0x3578B0x3285B0x13494B0x1a75
0x2041B0x3a30B0x3578B0x3285B0x13494B0x1a75	0x204eB0x3a30B0x3578B0x3285B0x13494B0x1a75
0x201cB0x3a30B0x3578B0x3285B0x13494B0x1a75	0x202eB0x3a30B0x3578B0x3285B0x13494B0x1a75
0x201cB0x3a30B0x3578B0x3285B0x13494B0x1a75	0x8cecB0x3a30B0x3578B0x3285B0x13494B0x1a75
0x204eB0x3259B0x13494B0x1a75	0x3263B0x13494B0x1a75
0x3a4cB0x326bB0x13494B0x1a75	0x3273B0x13494B0x1a75
0x204eB0x3a1eB0x326bB0x13494B0x1a75	0x3a28B0x326bB0x13494B0x1a75
0x204eB0x3a30B0x326bB0x13494B0x1a75	0x3a39B0x326bB0x13494B0x1a75
0x2061B0x3b89B0x13997B0x13494B0x1a75	0x3b95B0x13997B0x13494B0x1a75
0x204eB0x3b95B0x13997B0x13494B0x1a75	0x3ba5B0x13997B0x13494B0x1a75
0x204eB0x3470B0x329fB0x13494B0x1a75	0x3479B0x329fB0x13494B0x1a75
0x3a4cB0x3456B0x329fB0x13494B0x1a75	0x345fB0x329fB0x13494B0x1a75
0x204eB0x3a1eB0x3456B0x329fB0x13494B0x1a75	0x3a28B0x3456B0x329fB0x13494B0x1a75
0x204eB0x3a30B0x3456B0x329fB0x13494B0x1a75	0x3a39B0x3456B0x329fB0x13494B0x1a75
0x204eB0x3592B0x3285B0x13494B0x1a75	0x359bB0x3285B0x13494B0x1a75
0x3a4cB0x3578B0x3285B0x13494B0x1a75	0x3581B0x3285B0x13494B0x1a75
0x204eB0x3a1eB0x3578B0x3285B0x13494B0x1a75	0x3a28B0x3578B0x3285B0x13494B0x1a75
0x204eB0x3a30B0x3578B0x3285B0x13494B0x1a75	0x3a39B0x3578B0x3285B0x13494B0x1a75
0x3a64B0x139deB0x13494B0x1a75	0x1f26B0x3a64B0x139deB0x13494B0x1a75
0x3af9B0x139deB0x13494B0x1a75	0x33c1B0x3af9B0x139deB0x13494B0x1a75
0x3aa1B0x139deB0x13494B0x1a75	0x3abbB0x139deB0x13494B0x1a75
0x3a8fB0x139deB0x13494B0x1a75	0x2523B0x3a8fB0x139deB0x13494B0x1a75
0x13b68B0x139deB0x13494B0x1a75	0x1f42B0x13b68B0x139deB0x13494B0x1a75
0x3abbB0x139deB0x13494B0x1a75	0x13b68B0x139deB0x13494B0x1a75
0x3b05B0x139deB0x13494B0x1a75	0x3b16B0x139deB0x13494B0x1a75
0x3b32B0x139deB0x13494B0x1a75	0x3b16B0x139deB0x13494B0x1a75
0x13b95B0x139deB0x13494B0x1a75	0x13a03B0x13494B0x1a75
0x3b16B0x139deB0x13494B0x1a75	0x3b32B0x139deB0x13494B0x1a75
0x3b16B0x139deB0x13494B0x1a75	0x3b1eB0x139deB0x13494B0x1a75
0x3a54B0x139deB0x13494B0x1a75	0x1f42B0x3a54B0x139deB0x13494B0x1a75
0x3b1eB0x139deB0x13494B0x1a75	0x1f42B0x3b1eB0x139deB0x13494B0x1a75
0x1f3eB0x3a64B0x139deB0x13494B0x1a75	0x3a8fB0x139deB0x13494B0x1a75
0x1f26B0x3a64B0x139deB0x13494B0x1a75	0x1f3eB0x3a64B0x139deB0x13494B0x1a75
0x1f26B0x3a64B0x139deB0x13494B0x1a75	0x8c08B0x3a64B0x139deB0x13494B0x1a75
0x33c9B0x3af9B0x139deB0x13494B0x1a75	0x3b05B0x139deB0x13494B0x1a75
0x33c1B0x3af9B0x139deB0x13494B0x1a75	0x33c9B0x3af9B0x139deB0x13494B0x1a75
0x33c1B0x3af9B0x139deB0x13494B0x1a75	0x932cB0x3af9B0x139deB0x13494B0x1a75
0x1f610x1f42B0x13b68B0x139deB0x13494B0x1a75	0x3af9B0x139deB0x13494B0x1a75
0x1f42B0x13b68B0x139deB0x13494B0x1a75	0x1f610x1f42B0x13b68B0x139deB0x13494B0x1a75
0x1f42B0x13b68B0x139deB0x13494B0x1a75	0x8c540x1f42B0x13b68B0x139deB0x13494B0x1a75
0x1f610x1f42B0x3a54B0x139deB0x13494B0x1a75	0x3a64B0x139deB0x13494B0x1a75
0x1f42B0x3a54B0x139deB0x13494B0x1a75	0x1f610x1f42B0x3a54B0x139deB0x13494B0x1a75
0x1f42B0x3a54B0x139deB0x13494B0x1a75	0x8c540x1f42B0x3a54B0x139deB0x13494B0x1a75
0x1f610x1f42B0x3b1eB0x139deB0x13494B0x1a75	0x13b95B0x139deB0x13494B0x1a75
0x1f42B0x3b1eB0x139deB0x13494B0x1a75	0x1f610x1f42B0x3b1eB0x139deB0x13494B0x1a75
0x1f42B0x3b1eB0x139deB0x13494B0x1a75	0x8c540x1f42B0x3b1eB0x139deB0x13494B0x1a75
0x2523B0x3a8fB0x139deB0x13494B0x1a75	0x1f65B0x2523B0x3a8fB0x139deB0x13494B0x1a75
0x252fB0x3a8fB0x139deB0x13494B0x1a75	0x1f42B0x252fB0x3a8fB0x139deB0x13494B0x1a75
0x253dB0x3a8fB0x139deB0x13494B0x1a75	0x8fa8B0x3a8fB0x139deB0x13494B0x1a75
0x253dB0x3a8fB0x139deB0x13494B0x1a75	0x254bB0x3a8fB0x139deB0x13494B0x1a75
0x254bB0x3a8fB0x139deB0x13494B0x1a75	0x3aa1B0x139deB0x13494B0x1a75
0x1f610x1f42B0x252fB0x3a8fB0x139deB0x13494B0x1a75	0x253dB0x3a8fB0x139deB0x13494B0x1a75
0x1f42B0x252fB0x3a8fB0x139deB0x13494B0x1a75	0x1f610x1f42B0x252fB0x3a8fB0x139deB0x13494B0x1a75
0x1f42B0x252fB0x3a8fB0x139deB0x13494B0x1a75	0x8c540x1f42B0x252fB0x3a8fB0x139deB0x13494B0x1a75
0x1f75B0x2523B0x3a8fB0x139deB0x13494B0x1a75	0x252fB0x3a8fB0x139deB0x13494B0x1a75
0x1f65B0x2523B0x3a8fB0x139deB0x13494B0x1a75	0x1f75B0x2523B0x3a8fB0x139deB0x13494B0x1a75
0x1f65B0x2523B0x3a8fB0x139deB0x13494B0x1a75	0x8ca0B0x2523B0x3a8fB0x139deB0x13494B0x1a75
0x1f610x20d6B0x1bdc	0x133b2B0x1bdc
0x20d6B0x1bdc	0x204fB0x20d6B0x1bdc
0x133b2B0x1bdc	0x1be2
0x20e5B0x1bdc	0x2078B0x20e5B0x1bdc
0x133d7B0x1bdc	0x1f420x20d6B0x1bdc
0x20fcB0x1bdc	0x2063B0x20fcB0x1bdc
0x13404B0x1bdc	0x1f42B0x13404B0x1bdc
0x13431B0x1bdc	0x20aeB0x13431B0x1bdc
0x13464B0x1bdc	0x201cB0x13464B0x1bdc
0x13494B0x1bdc	0x3259B0x13494B0x1bdc
0x13be7B0x1bdc	0x2523B0x13be7B0x1bdc
0x1f420x20d6B0x1bdc	0x1f610x20d6B0x1bdc
0x1f420x20d6B0x1bdc	0x8c540x20d6B0x1bdc
0x21220x20d6B0x1bdc	0x133d7B0x1bdc
0x204fB0x20d6B0x1bdc	0x8d55B0x20d6B0x1bdc
0x204fB0x20d6B0x1bdc	0x2061B0x20d6B0x1bdc
0x208aB0x20e5B0x1bdc	0x209dB0x20e5B0x1bdc
0x208aB0x20e5B0x1bdc	0x8dbeB0x20e5B0x1bdc
0x209dB0x20e5B0x1bdc	0x8de1B0x20e5B0x1bdc
0x209dB0x20e5B0x1bdc	0x20adB0x20e5B0x1bdc
0x2078B0x20e5B0x1bdc	0x208aB0x20e5B0x1bdc
0x2078B0x20e5B0x1bdc	0x8d9bB0x20e5B0x1bdc
0x2075B0x20fcB0x1bdc	0x13494B0x1bdc
0x2063B0x20fcB0x1bdc	0x2075B0x20fcB0x1bdc
0x2063B0x20fcB0x1bdc	0x8d78B0x20fcB0x1bdc
0x1f610x1f42B0x13404B0x1bdc	0x20fcB0x1bdc
0x1f42B0x13404B0x1bdc	0x1f610x1f42B0x13404B0x1bdc
0x1f42B0x13404B0x1bdc	0x8c540x1f42B0x13404B0x1bdc
0x20aeB0x13431B0x1bdc	0x20b1B0x13431B0x1bdc
0x20beB0x13431B0x1bdc	0x20b1B0x13431B0x1bdc
0x20b1B0x13431B0x1bdc	0x20beB0x13431B0x1bdc
0x20b1B0x13431B0x1bdc	0x20b9B0x13431B0x1bdc
0x20b9B0x13431B0x1bdc	0x13404B0x1bdc
0x202eB0x13464B0x1bdc	0x2041B0x13464B0x1bdc
0x202eB0x13464B0x1bdc	0x8d0fB0x13464B0x1bdc
0x2041B0x13464B0x1bdc	0x8d32B0x13464B0x1bdc
0x2041B0x13464B0x1bdc	0x204eB0x13464B0x1bdc
0x201cB0x13464B0x1bdc	0x202eB0x13464B0x1bdc
0x201cB0x13464B0x1bdc	0x8cecB0x13464B0x1bdc
0x2523B0x13be7B0x1bdc	0x1f65B0x2523B0x13be7B0x1bdc
0x252fB0x13be7B0x1bdc	0x1f42B0x252fB0x13be7B0x1bdc
0x253dB0x13be7B0x1bdc	0x8fa8B0x13be7B0x1bdc
0x253dB0x13be7B0x1bdc	0x254bB0x13be7B0x1bdc
0x254bB0x13be7B0x1bdc	0x21220x20d6B0x1bdc
0x1f610x1f42B0x252fB0x13be7B0x1bdc	0x253dB0x13be7B0x1bdc
0x1f42B0x252fB0x13be7B0x1bdc	0x1f610x1f42B0x252fB0x13be7B0x1bdc
0x1f42B0x252fB0x13be7B0x1bdc	0x8c540x1f42B0x252fB0x13be7B0x1bdc
0x1f75B0x2523B0x13be7B0x1bdc	0x252fB0x13be7B0x1bdc
0x1f65B0x2523B0x13be7B0x1bdc	0x1f75B0x2523B0x13be7B0x1bdc
0x1f65B0x2523B0x13be7B0x1bdc	0x8ca0B0x2523B0x13be7B0x1bdc
0x2061B0x20d6B0x1bdc	0x20e5B0x1bdc
0x20adB0x20e5B0x1bdc	0x13431B0x1bdc
0x204eB0x13464B0x1bdc	0x13be7B0x1bdc
0x326bB0x13494B0x1bdc	0x3a1eB0x326bB0x13494B0x1bdc
0x327dB0x13494B0x1bdc	0x3297B0x13494B0x1bdc
0x327dB0x13494B0x1bdc	0x3285B0x13494B0x1bdc
0x329fB0x13494B0x1bdc	0x3456B0x329fB0x13494B0x1bdc
0x3259B0x13494B0x1bdc	0x201cB0x3259B0x13494B0x1bdc
0x3263B0x13494B0x1bdc	0x326bB0x13494B0x1bdc
0x3263B0x13494B0x1bdc	0x32b00x3259B0x13494B0x1bdc
0x3273B0x13494B0x1bdc	0x327dB0x13494B0x1bdc
0x3273B0x13494B0x1bdc	0x9271B0x13494B0x1bdc
0x3297B0x13494B0x1bdc	0x329fB0x13494B0x1bdc
0x3297B0x13494B0x1bdc	0x32b00x3259B0x13494B0x1bdc
0x13997B0x13494B0x1bdc	0x3b4bB0x13997B0x13494B0x1bdc
0x139bcB0x13494B0x1bdc	0x13464B0x1bdc
0x139deB0x13494B0x1bdc	0x3a54B0x139deB0x13494B0x1bdc
0x13a03B0x13494B0x1bdc	0x13464B0x1bdc
0x3285B0x13494B0x1bdc	0x3578B0x3285B0x13494B0x1bdc
0x32b00x3259B0x13494B0x1bdc	0x13464B0x1bdc
0x202eB0x3259B0x13494B0x1bdc	0x2041B0x3259B0x13494B0x1bdc
0x202eB0x3259B0x13494B0x1bdc	0x8d0fB0x3259B0x13494B0x1bdc
0x2041B0x3259B0x13494B0x1bdc	0x8d32B0x3259B0x13494B0x1bdc
0x2041B0x3259B0x13494B0x1bdc	0x204eB0x3259B0x13494B0x1bdc
0x201cB0x3259B0x13494B0x1bdc	0x202eB0x3259B0x13494B0x1bdc
0x201cB0x3259B0x13494B0x1bdc	0x8cecB0x3259B0x13494B0x1bdc
0x3a3fB0x326bB0x13494B0x1bdc	0x96bcB0x326bB0x13494B0x1bdc
0x3a3fB0x326bB0x13494B0x1bdc	0x3a4cB0x326bB0x13494B0x1bdc
0x3a1eB0x326bB0x13494B0x1bdc	0x201cB0x3a1eB0x326bB0x13494B0x1bdc
0x3a28B0x326bB0x13494B0x1bdc	0x3a4eB0x326bB0x13494B0x1bdc
0x3a28B0x326bB0x13494B0x1bdc	0x3a30B0x326bB0x13494B0x1bdc
0x3a4eB0x326bB0x13494B0x1bdc	0x3273B0x13494B0x1bdc
0x3a39B0x326bB0x13494B0x1bdc	0x3a3fB0x326bB0x13494B0x1bdc
0x3a39B0x326bB0x13494B0x1bdc	0x9670B0x326bB0x13494B0x1bdc
0x3a30B0x326bB0x13494B0x1bdc	0x201cB0x3a30B0x326bB0x13494B0x1bdc
0x202eB0x3a1eB0x326bB0x13494B0x1bdc	0x2041B0x3a1eB0x326bB0x13494B0x1bdc
0x202eB0x3a1eB0x326bB0x13494B0x1bdc	0x8d0fB0x3a1eB0x326bB0x13494B0x1bdc
0x2041B0x3a1eB0x326bB0x13494B0x1bdc	0x8d32B0x3a1eB0x326bB0x13494B0x1bdc
0x2041B0x3a1eB0x326bB0x13494B0x1bdc	0x204eB0x3a1eB0x326bB0x13494B0x1bdc
0x201cB0x3a1eB0x326bB0x13494B0x1bdc	0x202eB0x3a1eB0x326bB0x13494B0x1bdc
0x201cB0x3a1eB0x326bB0x13494B0x1bdc	0x8cecB0x3a1eB0x326bB0x13494B0x1bdc
0x202eB0x3a30B0x326bB0x13494B0x1bdc	0x2041B0x3a30B0x326bB0x13494B0x1bdc
0x202eB0x3a30B0x326bB0x13494B0x1bdc	0x8d0fB0x3a30B0x326bB0x13494B0x1bdc
0x2041B0x3a30B0x326bB0x13494B0x1bdc	0x8d32B0x3a30B0x326bB0x13494B0x1bdc
0x2041B0x3a30B0x326bB0x13494B0x1bdc	0x204eB0x3a30B0x326bB0x13494B0x1bdc
0x201cB0x3a30B0x326bB0x13494B0x1bdc	0x202eB0x3a30B0x326bB0x13494B0x1bdc
0x201cB0x3a30B0x326bB0x13494B0x1bdc	0x8cecB0x3a30B0x326bB0x13494B0x1bdc
0x3b53B0x13997B0x13494B0x1bdc	0x3b67B0x13997B0x13494B0x1bdc
0x3b70B0x13997B0x13494B0x1bdc	0x21a2B0x3b70B0x13997B0x13494B0x1bdc
0x3c07B0x13997B0x13494B0x1bdc	0x139bcB0x13494B0x1bdc
0x3bf5B0x13997B0x13494B0x1bdc	0x139bcB0x13494B0x1bdc
0x3b81B0x13997B0x13494B0x1bdc	0x3b89B0x13997B0x13494B0x1bdc
0x3b89B0x13997B0x13494B0x1bdc	0x204fB0x3b89B0x13997B0x13494B0x1bdc
0x3be3B0x13997B0x13494B0x1bdc	0x3b67B0x13997B0x13494B0x1bdc
0x3b95B0x13997B0x13494B0x1bdc	0x201cB0x3b95B0x13997B0x13494B0x1bdc
0x13bbaB0x13997B0x13494B0x1bdc	0x1f42B0x13bbaB0x13997B0x13494B0x1bdc
0x3ba5B0x13997B0x13494B0x1bdc	0x13bbaB0x13997B0x13494B0x1bdc
0x3b67B0x13997B0x13494B0x1bdc	0x3b70B0x13997B0x13494B0x1bdc
0x3b67B0x13997B0x13494B0x1bdc	0x3bf5B0x13997B0x13494B0x1bdc
0x3b4bB0x13997B0x13494B0x1bdc	0x3b53B0x13997B0x13494B0x1bdc
0x3b4bB0x13997B0x13494B0x1bdc	0x3c07B0x13997B0x13494B0x1bdc
0x21d2B0x3b70B0x13997B0x13494B0x1bdc	0x3b81B0x13997B0x13494B0x1bdc
0x21a2B0x3b70B0x13997B0x13494B0x1bdc	0x21d2B0x3b70B0x13997B0x13494B0x1bdc
0x21a2B0x3b70B0x13997B0x13494B0x1bdc	0x8e04B0x3b70B0x13997B0x13494B0x1bdc
0x204fB0x3b89B0x13997B0x13494B0x1bdc	0x8d55B0x3b89B0x13997B0x13494B0x1bdc
0x204fB0x3b89B0x13997B0x13494B0x1bdc	0x2061B0x3b89B0x13997B0x13494B0x1bdc
0x202eB0x3b95B0x13997B0x13494B0x1bdc	0x2041B0x3b95B0x13997B0x13494B0x1bdc
0x202eB0x3b95B0x13997B0x13494B0x1bdc	0x8d0fB0x3b95B0x13997B0x13494B0x1bdc
0x2041B0x3b95B0x13997B0x13494B0x1bdc	0x8d32B0x3b95B0x13997B0x13494B0x1bdc
0x2041B0x3b95B0x13997B0x13494B0x1bdc	0x204eB0x3b95B0x13997B0x13494B0x1bdc
0x201cB0x3b95B0x13997B0x13494B0x1bdc	0x202eB0x3b95B0x13997B0x13494B0x1bdc
0x201cB0x3b95B0x13997B0x13494B0x1bdc	0x8cecB0x3b95B0x13997B0x13494B0x1bdc
0x1f610x1f42B0x13bbaB0x13997B0x13494B0x1bdc	0x3be3B0x13997B0x13494B0x1bdc
0x1f42B0x13bbaB0x13997B0x13494B0x1bdc	0x1f610x1f42B0x13bbaB0x13997B0x13494B0x1bdc
0x1f42B0x13bbaB0x13997B0x13494B0x1bdc	0x8c540x1f42B0x13bbaB0x13997B0x13494B0x1bdc
0x3469B0x329fB0x13494B0x1bdc	0x34c0B0x329fB0x13494B0x1bdc
0x3469B0x329fB0x13494B0x1bdc	0x3470B0x329fB0x13494B0x1bdc
0x3484B0x329fB0x13494B0x1bdc	0x348fB0x329fB0x13494B0x1bdc
0x3484B0x329fB0x13494B0x1bdc	0x947fB0x329fB0x13494B0x1bdc
0x348fB0x329fB0x13494B0x1bdc	0x139deB0x13494B0x1bdc
0x3456B0x329fB0x13494B0x1bdc	0x3a1eB0x3456B0x329fB0x13494B0x1bdc
0x345fB0x329fB0x13494B0x1bdc	0x3469B0x329fB0x13494B0x1bdc
0x345fB0x329fB0x13494B0x1bdc	0x9410B0x329fB0x13494B0x1bdc
0x3479B0x329fB0x13494B0x1bdc	0x3484B0x329fB0x13494B0x1bdc
0x3479B0x329fB0x13494B0x1bdc	0x945cB0x329fB0x13494B0x1bdc
0x3470B0x329fB0x13494B0x1bdc	0x201cB0x3470B0x329fB0x13494B0x1bdc
0x202eB0x3470B0x329fB0x13494B0x1bdc	0x2041B0x3470B0x329fB0x13494B0x1bdc
0x202eB0x3470B0x329fB0x13494B0x1bdc	0x8d0fB0x3470B0x329fB0x13494B0x1bdc
0x2041B0x3470B0x329fB0x13494B0x1bdc	0x8d32B0x3470B0x329fB0x13494B0x1bdc
0x2041B0x3470B0x329fB0x13494B0x1bdc	0x204eB0x3470B0x329fB0x13494B0x1bdc
0x201cB0x3470B0x329fB0x13494B0x1bdc	0x202eB0x3470B0x329fB0x13494B0x1bdc
0x201cB0x3470B0x329fB0x13494B0x1bdc	0x8cecB0x3470B0x329fB0x13494B0x1bdc
0x3a3fB0x3456B0x329fB0x13494B0x1bdc	0x96bcB0x3456B0x329fB0x13494B0x1bdc
0x3a3fB0x3456B0x329fB0x13494B0x1bdc	0x3a4cB0x3456B0x329fB0x13494B0x1bdc
0x3a1eB0x3456B0x329fB0x13494B0x1bdc	0x201cB0x3a1eB0x3456B0x329fB0x13494B0x1bdc
0x3a28B0x3456B0x329fB0x13494B0x1bdc	0x3a4eB0x3456B0x329fB0x13494B0x1bdc
0x3a28B0x3456B0x329fB0x13494B0x1bdc	0x3a30B0x3456B0x329fB0x13494B0x1bdc
0x3a4eB0x3456B0x329fB0x13494B0x1bdc	0x345fB0x329fB0x13494B0x1bdc
0x3a39B0x3456B0x329fB0x13494B0x1bdc	0x3a3fB0x3456B0x329fB0x13494B0x1bdc
0x3a39B0x3456B0x329fB0x13494B0x1bdc	0x9670B0x3456B0x329fB0x13494B0x1bdc
0x3a30B0x3456B0x329fB0x13494B0x1bdc	0x201cB0x3a30B0x3456B0x329fB0x13494B0x1bdc
0x202eB0x3a1eB0x3456B0x329fB0x13494B0x1bdc	0x2041B0x3a1eB0x3456B0x329fB0x13494B0x1bdc
0x202eB0x3a1eB0x3456B0x329fB0x13494B0x1bdc	0x8d0fB0x3a1eB0x3456B0x329fB0x13494B0x1bdc
0x2041B0x3a1eB0x3456B0x329fB0x13494B0x1bdc	0x8d32B0x3a1eB0x3456B0x329fB0x13494B0x1bdc
0x2041B0x3a1eB0x3456B0x329fB0x13494B0x1bdc	0x204eB0x3a1eB0x3456B0x329fB0x13494B0x1bdc
0x201cB0x3a1eB0x3456B0x329fB0x13494B0x1bdc	0x202eB0x3a1eB0x3456B0x329fB0x13494B0x1bdc
0x201cB0x3a1eB0x3456B0x329fB0x13494B0x1bdc	0x8cecB0x3a1eB0x3456B0x329fB0x13494B0x1bdc
0x202eB0x3a30B0x3456B0x329fB0x13494B0x1bdc	0x2041B0x3a30B0x3456B0x329fB0x13494B0x1bdc
0x202eB0x3a30B0x3456B0x329fB0x13494B0x1bdc	0x8d0fB0x3a30B0x3456B0x329fB0x13494B0x1bdc
0x2041B0x3a30B0x3456B0x329fB0x13494B0x1bdc	0x8d32B0x3a30B0x3456B0x329fB0x13494B0x1bdc
0x2041B0x3a30B0x3456B0x329fB0x13494B0x1bdc	0x204eB0x3a30B0x3456B0x329fB0x13494B0x1bdc
0x201cB0x3a30B0x3456B0x329fB0x13494B0x1bdc	0x202eB0x3a30B0x3456B0x329fB0x13494B0x1bdc
0x201cB0x3a30B0x3456B0x329fB0x13494B0x1bdc	0x8cecB0x3a30B0x3456B0x329fB0x13494B0x1bdc
0x358bB0x3285B0x13494B0x1bdc	0x3631B0x3285B0x13494B0x1bdc
0x358bB0x3285B0x13494B0x1bdc	0x3592B0x3285B0x13494B0x1bdc
0x35a6B0x3285B0x13494B0x1bdc	0x9511B0x3285B0x13494B0x1bdc
0x35a6B0x3285B0x13494B0x1bdc	0x35cfB0x3285B0x13494B0x1bdc
0x3621B0x3285B0x13494B0x1bdc	0x35e0B0x3285B0x13494B0x1bdc
0x3578B0x3285B0x13494B0x1bdc	0x3a1eB0x3578B0x3285B0x13494B0x1bdc
0x3581B0x3285B0x13494B0x1bdc	0x358bB0x3285B0x13494B0x1bdc
0x3581B0x3285B0x13494B0x1bdc	0x94a2B0x3285B0x13494B0x1bdc
0x359bB0x3285B0x13494B0x1bdc	0x35a6B0x3285B0x13494B0x1bdc
0x359bB0x3285B0x13494B0x1bdc	0x94eeB0x3285B0x13494B0x1bdc
0x35dcB0x3285B0x13494B0x1bdc	0x35e0B0x3285B0x13494B0x1bdc
0x3628B0x3285B0x13494B0x1bdc	0x35d4B0x3285B0x13494B0x1bdc
0x35e0B0x3285B0x13494B0x1bdc	0x953dB0x3285B0x13494B0x1bdc
0x35e0B0x3285B0x13494B0x1bdc	0x361bB0x3285B0x13494B0x1bdc
0x35d4B0x3285B0x13494B0x1bdc	0x13997B0x13494B0x1bdc
0x3592B0x3285B0x13494B0x1bdc	0x201cB0x3592B0x3285B0x13494B0x1bdc
0x35cfB0x3285B0x13494B0x1bdc	0x35dcB0x3285B0x13494B0x1bdc
0x35cfB0x3285B0x13494B0x1bdc	0x35d4B0x3285B0x13494B0x1bdc
0x361bB0x3285B0x13494B0x1bdc	0x3621B0x3285B0x13494B0x1bdc
0x361bB0x3285B0x13494B0x1bdc	0x3628B0x3285B0x13494B0x1bdc
0x202eB0x3592B0x3285B0x13494B0x1bdc	0x2041B0x3592B0x3285B0x13494B0x1bdc
0x202eB0x3592B0x3285B0x13494B0x1bdc	0x8d0fB0x3592B0x3285B0x13494B0x1bdc
0x2041B0x3592B0x3285B0x13494B0x1bdc	0x8d32B0x3592B0x3285B0x13494B0x1bdc
0x2041B0x3592B0x3285B0x13494B0x1bdc	0x204eB0x3592B0x3285B0x13494B0x1bdc
0x201cB0x3592B0x3285B0x13494B0x1bdc	0x202eB0x3592B0x3285B0x13494B0x1bdc
0x201cB0x3592B0x3285B0x13494B0x1bdc	0x8cecB0x3592B0x3285B0x13494B0x1bdc
0x3a3fB0x3578B0x3285B0x13494B0x1bdc	0x96bcB0x3578B0x3285B0x13494B0x1bdc
0x3a3fB0x3578B0x3285B0x13494B0x1bdc	0x3a4cB0x3578B0x3285B0x13494B0x1bdc
0x3a1eB0x3578B0x3285B0x13494B0x1bdc	0x201cB0x3a1eB0x3578B0x3285B0x13494B0x1bdc
0x3a28B0x3578B0x3285B0x13494B0x1bdc	0x3a4eB0x3578B0x3285B0x13494B0x1bdc
0x3a28B0x3578B0x3285B0x13494B0x1bdc	0x3a30B0x3578B0x3285B0x13494B0x1bdc
0x3a4eB0x3578B0x3285B0x13494B0x1bdc	0x3581B0x3285B0x13494B0x1bdc
0x3a39B0x3578B0x3285B0x13494B0x1bdc	0x3a3fB0x3578B0x3285B0x13494B0x1bdc
0x3a39B0x3578B0x3285B0x13494B0x1bdc	0x9670B0x3578B0x3285B0x13494B0x1bdc
0x3a30B0x3578B0x3285B0x13494B0x1bdc	0x201cB0x3a30B0x3578B0x3285B0x13494B0x1bdc
0x202eB0x3a1eB0x3578B0x3285B0x13494B0x1bdc	0x2041B0x3a1eB0x3578B0x3285B0x13494B0x1bdc
0x202eB0x3a1eB0x3578B0x3285B0x13494B0x1bdc	0x8d0fB0x3a1eB0x3578B0x3285B0x13494B0x1bdc
0x2041B0x3a1eB0x3578B0x3285B0x13494B0x1bdc	0x8d32B0x3a1eB0x3578B0x3285B0x13494B0x1bdc
0x2041B0x3a1eB0x3578B0x3285B0x13494B0x1bdc	0x204eB0x3a1eB0x3578B0x3285B0x13494B0x1bdc
0x201cB0x3a1eB0x3578B0x3285B0x13494B0x1bdc	0x202eB0x3a1eB0x3578B0x3285B0x13494B0x1bdc
0x201cB0x3a1eB0x3578B0x3285B0x13494B0x1bdc	0x8cecB0x3a1eB0x3578B0x3285B0x13494B0x1bdc
0x202eB0x3a30B0x3578B0x3285B0x13494B0x1bdc	0x2041B0x3a30B0x3578B0x3285B0x13494B0x1bdc
0x202eB0x3a30B0x3578B0x3285B0x13494B0x1bdc	0x8d0fB0x3a30B0x3578B0x3285B0x13494B0x1bdc
0x2041B0x3a30B0x3578B0x3285B0x13494B0x1bdc	0x8d32B0x3a30B0x3578B0x3285B0x13494B0x1bdc
0x2041B0x3a30B0x3578B0x3285B0x13494B0x1bdc	0x204eB0x3a30B0x3578B0x3285B0x13494B0x1bdc
0x201cB0x3a30B0x3578B0x3285B0x13494B0x1bdc	0x202eB0x3a30B0x3578B0x3285B0x13494B0x1bdc
0x201cB0x3a30B0x3578B0x3285B0x13494B0x1bdc	0x8cecB0x3a30B0x3578B0x3285B0x13494B0x1bdc
0x204eB0x3259B0x13494B0x1bdc	0x3263B0x13494B0x1bdc
0x3a4cB0x326bB0x13494B0x1bdc	0x3273B0x13494B0x1bdc
0x204eB0x3a1eB0x326bB0x13494B0x1bdc	0x3a28B0x326bB0x13494B0x1bdc
0x204eB0x3a30B0x326bB0x13494B0x1bdc	0x3a39B0x326bB0x13494B0x1bdc
0x2061B0x3b89B0x13997B0x13494B0x1bdc	0x3b95B0x13997B0x13494B0x1bdc
0x204eB0x3b95B0x13997B0x13494B0x1bdc	0x3ba5B0x13997B0x13494B0x1bdc
0x204eB0x3470B0x329fB0x13494B0x1bdc	0x3479B0x329fB0x13494B0x1bdc
0x3a4cB0x3456B0x329fB0x13494B0x1bdc	0x345fB0x329fB0x13494B0x1bdc
0x204eB0x3a1eB0x3456B0x329fB0x13494B0x1bdc	0x3a28B0x3456B0x329fB0x13494B0x1bdc
0x204eB0x3a30B0x3456B0x329fB0x13494B0x1bdc	0x3a39B0x3456B0x329fB0x13494B0x1bdc
0x204eB0x3592B0x3285B0x13494B0x1bdc	0x359bB0x3285B0x13494B0x1bdc
0x3a4cB0x3578B0x3285B0x13494B0x1bdc	0x3581B0x3285B0x13494B0x1bdc
0x204eB0x3a1eB0x3578B0x3285B0x13494B0x1bdc	0x3a28B0x3578B0x3285B0x13494B0x1bdc
0x204eB0x3a30B0x3578B0x3285B0x13494B0x1bdc	0x3a39B0x3578B0x3285B0x13494B0x1bdc
0x3a64B0x139deB0x13494B0x1bdc	0x1f26B0x3a64B0x139deB0x13494B0x1bdc
0x3af9B0x139deB0x13494B0x1bdc	0x33c1B0x3af9B0x139deB0x13494B0x1bdc
0x3aa1B0x139deB0x13494B0x1bdc	0x3abbB0x139deB0x13494B0x1bdc
0x3a8fB0x139deB0x13494B0x1bdc	0x2523B0x3a8fB0x139deB0x13494B0x1bdc
0x13b68B0x139deB0x13494B0x1bdc	0x1f42B0x13b68B0x139deB0x13494B0x1bdc
0x3abbB0x139deB0x13494B0x1bdc	0x13b68B0x139deB0x13494B0x1bdc
0x3b05B0x139deB0x13494B0x1bdc	0x3b16B0x139deB0x13494B0x1bdc
0x3b32B0x139deB0x13494B0x1bdc	0x3b16B0x139deB0x13494B0x1bdc
0x13b95B0x139deB0x13494B0x1bdc	0x13a03B0x13494B0x1bdc
0x3b16B0x139deB0x13494B0x1bdc	0x3b32B0x139deB0x13494B0x1bdc
0x3b16B0x139deB0x13494B0x1bdc	0x3b1eB0x139deB0x13494B0x1bdc
0x3a54B0x139deB0x13494B0x1bdc	0x1f42B0x3a54B0x139deB0x13494B0x1bdc
0x3b1eB0x139deB0x13494B0x1bdc	0x1f42B0x3b1eB0x139deB0x13494B0x1bdc
0x1f3eB0x3a64B0x139deB0x13494B0x1bdc	0x3a8fB0x139deB0x13494B0x1bdc
0x1f26B0x3a64B0x139deB0x13494B0x1bdc	0x1f3eB0x3a64B0x139deB0x13494B0x1bdc
0x1f26B0x3a64B0x139deB0x13494B0x1bdc	0x8c08B0x3a64B0x139deB0x13494B0x1bdc
0x33c9B0x3af9B0x139deB0x13494B0x1bdc	0x3b05B0x139deB0x13494B0x1bdc
0x33c1B0x3af9B0x139deB0x13494B0x1bdc	0x33c9B0x3af9B0x139deB0x13494B0x1bdc
0x33c1B0x3af9B0x139deB0x13494B0x1bdc	0x932cB0x3af9B0x139deB0x13494B0x1bdc
0x1f610x1f42B0x13b68B0x139deB0x13494B0x1bdc	0x3af9B0x139deB0x13494B0x1bdc
0x1f42B0x13b68B0x139deB0x13494B0x1bdc	0x1f610x1f42B0x13b68B0x139deB0x13494B0x1bdc
0x1f42B0x13b68B0x139deB0x13494B0x1bdc	0x8c540x1f42B0x13b68B0x139deB0x13494B0x1bdc
0x1f610x1f42B0x3a54B0x139deB0x13494B0x1bdc	0x3a64B0x139deB0x13494B0x1bdc
0x1f42B0x3a54B0x139deB0x13494B0x1bdc	0x1f610x1f42B0x3a54B0x139deB0x13494B0x1bdc
0x1f42B0x3a54B0x139deB0x13494B0x1bdc	0x8c540x1f42B0x3a54B0x139deB0x13494B0x1bdc
0x1f610x1f42B0x3b1eB0x139deB0x13494B0x1bdc	0x13b95B0x139deB0x13494B0x1bdc
0x1f42B0x3b1eB0x139deB0x13494B0x1bdc	0x1f610x1f42B0x3b1eB0x139deB0x13494B0x1bdc
0x1f42B0x3b1eB0x139deB0x13494B0x1bdc	0x8c540x1f42B0x3b1eB0x139deB0x13494B0x1bdc
0x2523B0x3a8fB0x139deB0x13494B0x1bdc	0x1f65B0x2523B0x3a8fB0x139deB0x13494B0x1bdc
0x252fB0x3a8fB0x139deB0x13494B0x1bdc	0x1f42B0x252fB0x3a8fB0x139deB0x13494B0x1bdc
0x253dB0x3a8fB0x139deB0x13494B0x1bdc	0x8fa8B0x3a8fB0x139deB0x13494B0x1bdc
0x253dB0x3a8fB0x139deB0x13494B0x1bdc	0x254bB0x3a8fB0x139deB0x13494B0x1bdc
0x254bB0x3a8fB0x139deB0x13494B0x1bdc	0x3aa1B0x139deB0x13494B0x1bdc
0x1f610x1f42B0x252fB0x3a8fB0x139deB0x13494B0x1bdc	0x253dB0x3a8fB0x139deB0x13494B0x1bdc
0x1f42B0x252fB0x3a8fB0x139deB0x13494B0x1bdc	0x1f610x1f42B0x252fB0x3a8fB0x139deB0x13494B0x1bdc
0x1f42B0x252fB0x3a8fB0x139deB0x13494B0x1bdc	0x8c540x1f42B0x252fB0x3a8fB0x139deB0x13494B0x1bdc
0x1f75B0x2523B0x3a8fB0x139deB0x13494B0x1bdc	0x252fB0x3a8fB0x139deB0x13494B0x1bdc
0x1f65B0x2523B0x3a8fB0x139deB0x13494B0x1bdc	0x1f75B0x2523B0x3a8fB0x139deB0x13494B0x1bdc
0x1f65B0x2523B0x3a8fB0x139deB0x13494B0x1bdc	0x8ca0B0x2523B0x3a8fB0x139deB0x13494B0x1bdc
0x2e20B0x11be	0x1f42B0x2e20B0x11be
0x2e02B0x11be	0x201cB0x2e02B0x11be
0x2e0eB0x11be	0x2e9aB0x11be
0x2e0eB0x11be	0x2e19B0x11be
0x2e9aB0x11be	0x3259B0x2e9aB0x11be
0x2e83B0x11be	0x1f42B0x2e83B0x11be
0x138c9B0x11be	0x11cb
0x2e94B0x11be	0x11cb
0x2ec6B0x11be	0x2e19B0x11be
0x2e19B0x11be	0x2e20B0x11be
0x2e19B0x11be	0x2e83B0x11be
0x1f610x1f42B0x2e20B0x11be	0x138c9B0x11be
0x1f42B0x2e20B0x11be	0x1f610x1f42B0x2e20B0x11be
0x1f42B0x2e20B0x11be	0x8c540x1f42B0x2e20B0x11be
0x202eB0x2e02B0x11be	0x2041B0x2e02B0x11be
0x202eB0x2e02B0x11be	0x8d0fB0x2e02B0x11be
0x2041B0x2e02B0x11be	0x8d32B0x2e02B0x11be
0x2041B0x2e02B0x11be	0x204eB0x2e02B0x11be
0x201cB0x2e02B0x11be	0x202eB0x2e02B0x11be
0x201cB0x2e02B0x11be	0x8cecB0x2e02B0x11be
0x1f610x1f42B0x2e83B0x11be	0x2e94B0x11be
0x1f42B0x2e83B0x11be	0x1f610x1f42B0x2e83B0x11be
0x1f42B0x2e83B0x11be	0x8c540x1f42B0x2e83B0x11be
0x204eB0x2e02B0x11be	0x2e0eB0x11be
0x326bB0x2e9aB0x11be	0x3a1eB0x326bB0x2e9aB0x11be
0x327dB0x2e9aB0x11be	0x3297B0x2e9aB0x11be
0x327dB0x2e9aB0x11be	0x3285B0x2e9aB0x11be
0x329fB0x2e9aB0x11be	0x3456B0x329fB0x2e9aB0x11be
0x3259B0x2e9aB0x11be	0x201cB0x3259B0x2e9aB0x11be
0x3263B0x2e9aB0x11be	0x326bB0x2e9aB0x11be
0x3263B0x2e9aB0x11be	0x32b00x3259B0x2e9aB0x11be
0x3273B0x2e9aB0x11be	0x327dB0x2e9aB0x11be
0x3273B0x2e9aB0x11be	0x9271B0x2e9aB0x11be
0x3297B0x2e9aB0x11be	0x329fB0x2e9aB0x11be
0x3297B0x2e9aB0x11be	0x32b00x3259B0x2e9aB0x11be
0x13997B0x2e9aB0x11be	0x3b4bB0x13997B0x2e9aB0x11be
0x139bcB0x2e9aB0x11be	0x2ec6B0x11be
0x139deB0x2e9aB0x11be	0x3a54B0x139deB0x2e9aB0x11be
0x13a03B0x2e9aB0x11be	0x2ec6B0x11be
0x3285B0x2e9aB0x11be	0x3578B0x3285B0x2e9aB0x11be
0x32b00x3259B0x2e9aB0x11be	0x2ec6B0x11be
0x202eB0x3259B0x2e9aB0x11be	0x2041B0x3259B0x2e9aB0x11be
0x202eB0x3259B0x2e9aB0x11be	0x8d0fB0x3259B0x2e9aB0x11be
0x2041B0x3259B0x2e9aB0x11be	0x8d32B0x3259B0x2e9aB0x11be
0x2041B0x3259B0x2e9aB0x11be	0x204eB0x3259B0x2e9aB0x11be
0x201cB0x3259B0x2e9aB0x11be	0x202eB0x3259B0x2e9aB0x11be
0x201cB0x3259B0x2e9aB0x11be	0x8cecB0x3259B0x2e9aB0x11be
0x3a3fB0x326bB0x2e9aB0x11be	0x96bcB0x326bB0x2e9aB0x11be
0x3a3fB0x326bB0x2e9aB0x11be	0x3a4cB0x326bB0x2e9aB0x11be
0x3a1eB0x326bB0x2e9aB0x11be	0x201cB0x3a1eB0x326bB0x2e9aB0x11be
0x3a28B0x326bB0x2e9aB0x11be	0x3a4eB0x326bB0x2e9aB0x11be
0x3a28B0x326bB0x2e9aB0x11be	0x3a30B0x326bB0x2e9aB0x11be
0x3a4eB0x326bB0x2e9aB0x11be	0x3273B0x2e9aB0x11be
0x3a39B0x326bB0x2e9aB0x11be	0x3a3fB0x326bB0x2e9aB0x11be
0x3a39B0x326bB0x2e9aB0x11be	0x9670B0x326bB0x2e9aB0x11be
0x3a30B0x326bB0x2e9aB0x11be	0x201cB0x3a30B0x326bB0x2e9aB0x11be
0x202eB0x3a1eB0x326bB0x2e9aB0x11be	0x2041B0x3a1eB0x326bB0x2e9aB0x11be
0x202eB0x3a1eB0x326bB0x2e9aB0x11be	0x8d0fB0x3a1eB0x326bB0x2e9aB0x11be
0x2041B0x3a1eB0x326bB0x2e9aB0x11be	0x8d32B0x3a1eB0x326bB0x2e9aB0x11be
0x2041B0x3a1eB0x326bB0x2e9aB0x11be	0x204eB0x3a1eB0x326bB0x2e9aB0x11be
0x201cB0x3a1eB0x326bB0x2e9aB0x11be	0x202eB0x3a1eB0x326bB0x2e9aB0x11be
0x201cB0x3a1eB0x326bB0x2e9aB0x11be	0x8cecB0x3a1eB0x326bB0x2e9aB0x11be
0x202eB0x3a30B0x326bB0x2e9aB0x11be	0x2041B0x3a30B0x326bB0x2e9aB0x11be
0x202eB0x3a30B0x326bB0x2e9aB0x11be	0x8d0fB0x3a30B0x326bB0x2e9aB0x11be
0x2041B0x3a30B0x326bB0x2e9aB0x11be	0x8d32B0x3a30B0x326bB0x2e9aB0x11be
0x2041B0x3a30B0x326bB0x2e9aB0x11be	0x204eB0x3a30B0x326bB0x2e9aB0x11be
0x201cB0x3a30B0x326bB0x2e9aB0x11be	0x202eB0x3a30B0x326bB0x2e9aB0x11be
0x201cB0x3a30B0x326bB0x2e9aB0x11be	0x8cecB0x3a30B0x326bB0x2e9aB0x11be
0x3b53B0x13997B0x2e9aB0x11be	0x3b67B0x13997B0x2e9aB0x11be
0x3b70B0x13997B0x2e9aB0x11be	0x21a2B0x3b70B0x13997B0x2e9aB0x11be
0x3c07B0x13997B0x2e9aB0x11be	0x139bcB0x2e9aB0x11be
0x3bf5B0x13997B0x2e9aB0x11be	0x139bcB0x2e9aB0x11be
0x3b81B0x13997B0x2e9aB0x11be	0x3b89B0x13997B0x2e9aB0x11be
0x3b89B0x13997B0x2e9aB0x11be	0x204fB0x3b89B0x13997B0x2e9aB0x11be
0x3be3B0x13997B0x2e9aB0x11be	0x3b67B0x13997B0x2e9aB0x11be
0x3b95B0x13997B0x2e9aB0x11be	0x201cB0x3b95B0x13997B0x2e9aB0x11be
0x13bbaB0x13997B0x2e9aB0x11be	0x1f42B0x13bbaB0x13997B0x2e9aB0x11be
0x3ba5B0x13997B0x2e9aB0x11be	0x13bbaB0x13997B0x2e9aB0x11be
0x3b67B0x13997B0x2e9aB0x11be	0x3b70B0x13997B0x2e9aB0x11be
0x3b67B0x13997B0x2e9aB0x11be	0x3bf5B0x13997B0x2e9aB0x11be
0x3b4bB0x13997B0x2e9aB0x11be	0x3b53B0x13997B0x2e9aB0x11be
0x3b4bB0x13997B0x2e9aB0x11be	0x3c07B0x13997B0x2e9aB0x11be
0x21d2B0x3b70B0x13997B0x2e9aB0x11be	0x3b81B0x13997B0x2e9aB0x11be
0x21a2B0x3b70B0x13997B0x2e9aB0x11be	0x21d2B0x3b70B0x13997B0x2e9aB0x11be
0x21a2B0x3b70B0x13997B0x2e9aB0x11be	0x8e04B0x3b70B0x13997B0x2e9aB0x11be
0x204fB0x3b89B0x13997B0x2e9aB0x11be	0x8d55B0x3b89B0x13997B0x2e9aB0x11be
0x204fB0x3b89B0x13997B0x2e9aB0x11be	0x2061B0x3b89B0x13997B0x2e9aB0x11be
0x202eB0x3b95B0x13997B0x2e9aB0x11be	0x2041B0x3b95B0x13997B0x2e9aB0x11be
0x202eB0x3b95B0x13997B0x2e9aB0x11be	0x8d0fB0x3b95B0x13997B0x2e9aB0x11be
0x2041B0x3b95B0x13997B0x2e9aB0x11be	0x8d32B0x3b95B0x13997B0x2e9aB0x11be
0x2041B0x3b95B0x13997B0x2e9aB0x11be	0x204eB0x3b95B0x13997B0x2e9aB0x11be
0x201cB0x3b95B0x13997B0x2e9aB0x11be	0x202eB0x3b95B0x13997B0x2e9aB0x11be
0x201cB0x3b95B0x13997B0x2e9aB0x11be	0x8cecB0x3b95B0x13997B0x2e9aB0x11be
0x1f610x1f42B0x13bbaB0x13997B0x2e9aB0x11be	0x3be3B0x13997B0x2e9aB0x11be
0x1f42B0x13bbaB0x13997B0x2e9aB0x11be	0x1f610x1f42B0x13bbaB0x13997B0x2e9aB0x11be
0x1f42B0x13bbaB0x13997B0x2e9aB0x11be	0x8c540x1f42B0x13bbaB0x13997B0x2e9aB0x11be
0x3469B0x329fB0x2e9aB0x11be	0x34c0B0x329fB0x2e9aB0x11be
0x3469B0x329fB0x2e9aB0x11be	0x3470B0x329fB0x2e9aB0x11be
0x3484B0x329fB0x2e9aB0x11be	0x348fB0x329fB0x2e9aB0x11be
0x3484B0x329fB0x2e9aB0x11be	0x947fB0x329fB0x2e9aB0x11be
0x348fB0x329fB0x2e9aB0x11be	0x139deB0x2e9aB0x11be
0x3456B0x329fB0x2e9aB0x11be	0x3a1eB0x3456B0x329fB0x2e9aB0x11be
0x345fB0x329fB0x2e9aB0x11be	0x3469B0x329fB0x2e9aB0x11be
0x345fB0x329fB0x2e9aB0x11be	0x9410B0x329fB0x2e9aB0x11be
0x3479B0x329fB0x2e9aB0x11be	0x3484B0x329fB0x2e9aB0x11be
0x3479B0x329fB0x2e9aB0x11be	0x945cB0x329fB0x2e9aB0x11be
0x3470B0x329fB0x2e9aB0x11be	0x201cB0x3470B0x329fB0x2e9aB0x11be
0x202eB0x3470B0x329fB0x2e9aB0x11be	0x2041B0x3470B0x329fB0x2e9aB0x11be
0x202eB0x3470B0x329fB0x2e9aB0x11be	0x8d0fB0x3470B0x329fB0x2e9aB0x11be
0x2041B0x3470B0x329fB0x2e9aB0x11be	0x8d32B0x3470B0x329fB0x2e9aB0x11be
0x2041B0x3470B0x329fB0x2e9aB0x11be	0x204eB0x3470B0x329fB0x2e9aB0x11be
0x201cB0x3470B0x329fB0x2e9aB0x11be	0x202eB0x3470B0x329fB0x2e9aB0x11be
0x201cB0x3470B0x329fB0x2e9aB0x11be	0x8cecB0x3470B0x329fB0x2e9aB0x11be
0x3a3fB0x3456B0x329fB0x2e9aB0x11be	0x96bcB0x3456B0x329fB0x2e9aB0x11be
0x3a3fB0x3456B0x329fB0x2e9aB0x11be	0x3a4cB0x3456B0x329fB0x2e9aB0x11be
0x3a1eB0x3456B0x329fB0x2e9aB0x11be	0x201cB0x3a1eB0x3456B0x329fB0x2e9aB0x11be
0x3a28B0x3456B0x329fB0x2e9aB0x11be	0x3a4eB0x3456B0x329fB0x2e9aB0x11be
0x3a28B0x3456B0x329fB0x2e9aB0x11be	0x3a30B0x3456B0x329fB0x2e9aB0x11be
0x3a4eB0x3456B0x329fB0x2e9aB0x11be	0x345fB0x329fB0x2e9aB0x11be
0x3a39B0x3456B0x329fB0x2e9aB0x11be	0x3a3fB0x3456B0x329fB0x2e9aB0x11be
0x3a39B0x3456B0x329fB0x2e9aB0x11be	0x9670B0x3456B0x329fB0x2e9aB0x11be
0x3a30B0x3456B0x329fB0x2e9aB0x11be	0x201cB0x3a30B0x3456B0x329fB0x2e9aB0x11be
0x202eB0x3a1eB0x3456B0x329fB0x2e9aB0x11be	0x2041B0x3a1eB0x3456B0x329fB0x2e9aB0x11be
0x202eB0x3a1eB0x3456B0x329fB0x2e9aB0x11be	0x8d0fB0x3a1eB0x3456B0x329fB0x2e9aB0x11be
0x2041B0x3a1eB0x3456B0x329fB0x2e9aB0x11be	0x8d32B0x3a1eB0x3456B0x329fB0x2e9aB0x11be
0x2041B0x3a1eB0x3456B0x329fB0x2e9aB0x11be	0x204eB0x3a1eB0x3456B0x329fB0x2e9aB0x11be
0x201cB0x3a1eB0x3456B0x329fB0x2e9aB0x11be	0x202eB0x3a1eB0x3456B0x329fB0x2e9aB0x11be
0x201cB0x3a1eB0x3456B0x329fB0x2e9aB0x11be	0x8cecB0x3a1eB0x3456B0x329fB0x2e9aB0x11be
0x202eB0x3a30B0x3456B0x329fB0x2e9aB0x11be	0x2041B0x3a30B0x3456B0x329fB0x2e9aB0x11be
0x202eB0x3a30B0x3456B0x329fB0x2e9aB0x11be	0x8d0fB0x3a30B0x3456B0x329fB0x2e9aB0x11be
0x2041B0x3a30B0x3456B0x329fB0x2e9aB0x11be	0x8d32B0x3a30B0x3456B0x329fB0x2e9aB0x11be
0x2041B0x3a30B0x3456B0x329fB0x2e9aB0x11be	0x204eB0x3a30B0x3456B0x329fB0x2e9aB0x11be
0x201cB0x3a30B0x3456B0x329fB0x2e9aB0x11be	0x202eB0x3a30B0x3456B0x329fB0x2e9aB0x11be
0x201cB0x3a30B0x3456B0x329fB0x2e9aB0x11be	0x8cecB0x3a30B0x3456B0x329fB0x2e9aB0x11be
0x358bB0x3285B0x2e9aB0x11be	0x3631B0x3285B0x2e9aB0x11be
0x358bB0x3285B0x2e9aB0x11be	0x3592B0x3285B0x2e9aB0x11be
0x35a6B0x3285B0x2e9aB0x11be	0x9511B0x3285B0x2e9aB0x11be
0x35a6B0x3285B0x2e9aB0x11be	0x35cfB0x3285B0x2e9aB0x11be
0x3621B0x3285B0x2e9aB0x11be	0x35e0B0x3285B0x2e9aB0x11be
0x3578B0x3285B0x2e9aB0x11be	0x3a1eB0x3578B0x3285B0x2e9aB0x11be
0x3581B0x3285B0x2e9aB0x11be	0x358bB0x3285B0x2e9aB0x11be
0x3581B0x3285B0x2e9aB0x11be	0x94a2B0x3285B0x2e9aB0x11be
0x359bB0x3285B0x2e9aB0x11be	0x35a6B0x3285B0x2e9aB0x11be
0x359bB0x3285B0x2e9aB0x11be	0x94eeB0x3285B0x2e9aB0x11be
0x35dcB0x3285B0x2e9aB0x11be	0x35e0B0x3285B0x2e9aB0x11be
0x3628B0x3285B0x2e9aB0x11be	0x35d4B0x3285B0x2e9aB0x11be
0x35e0B0x3285B0x2e9aB0x11be	0x953dB0x3285B0x2e9aB0x11be
0x35e0B0x3285B0x2e9aB0x11be	0x361bB0x3285B0x2e9aB0x11be
0x35d4B0x3285B0x2e9aB0x11be	0x13997B0x2e9aB0x11be
0x3592B0x3285B0x2e9aB0x11be	0x201cB0x3592B0x3285B0x2e9aB0x11be
0x35cfB0x3285B0x2e9aB0x11be	0x35dcB0x3285B0x2e9aB0x11be
0x35cfB0x3285B0x2e9aB0x11be	0x35d4B0x3285B0x2e9aB0x11be
0x361bB0x3285B0x2e9aB0x11be	0x3621B0x3285B0x2e9aB0x11be
0x361bB0x3285B0x2e9aB0x11be	0x3628B0x3285B0x2e9aB0x11be
0x202eB0x3592B0x3285B0x2e9aB0x11be	0x2041B0x3592B0x3285B0x2e9aB0x11be
0x202eB0x3592B0x3285B0x2e9aB0x11be	0x8d0fB0x3592B0x3285B0x2e9aB0x11be
0x2041B0x3592B0x3285B0x2e9aB0x11be	0x8d32B0x3592B0x3285B0x2e9aB0x11be
0x2041B0x3592B0x3285B0x2e9aB0x11be	0x204eB0x3592B0x3285B0x2e9aB0x11be
0x201cB0x3592B0x3285B0x2e9aB0x11be	0x202eB0x3592B0x3285B0x2e9aB0x11be
0x201cB0x3592B0x3285B0x2e9aB0x11be	0x8cecB0x3592B0x3285B0x2e9aB0x11be
0x3a3fB0x3578B0x3285B0x2e9aB0x11be	0x96bcB0x3578B0x3285B0x2e9aB0x11be
0x3a3fB0x3578B0x3285B0x2e9aB0x11be	0x3a4cB0x3578B0x3285B0x2e9aB0x11be
0x3a1eB0x3578B0x3285B0x2e9aB0x11be	0x201cB0x3a1eB0x3578B0x3285B0x2e9aB0x11be
0x3a28B0x3578B0x3285B0x2e9aB0x11be	0x3a4eB0x3578B0x3285B0x2e9aB0x11be
0x3a28B0x3578B0x3285B0x2e9aB0x11be	0x3a30B0x3578B0x3285B0x2e9aB0x11be
0x3a4eB0x3578B0x3285B0x2e9aB0x11be	0x3581B0x3285B0x2e9aB0x11be
0x3a39B0x3578B0x3285B0x2e9aB0x11be	0x3a3fB0x3578B0x3285B0x2e9aB0x11be
0x3a39B0x3578B0x3285B0x2e9aB0x11be	0x9670B0x3578B0x3285B0x2e9aB0x11be
0x3a30B0x3578B0x3285B0x2e9aB0x11be	0x201cB0x3a30B0x3578B0x3285B0x2e9aB0x11be
0x202eB0x3a1eB0x3578B0x3285B0x2e9aB0x11be	0x2041B0x3a1eB0x3578B0x3285B0x2e9aB0x11be
0x202eB0x3a1eB0x3578B0x3285B0x2e9aB0x11be	0x8d0fB0x3a1eB0x3578B0x3285B0x2e9aB0x11be
0x2041B0x3a1eB0x3578B0x3285B0x2e9aB0x11be	0x8d32B0x3a1eB0x3578B0x3285B0x2e9aB0x11be
0x2041B0x3a1eB0x3578B0x3285B0x2e9aB0x11be	0x204eB0x3a1eB0x3578B0x3285B0x2e9aB0x11be
0x201cB0x3a1eB0x3578B0x3285B0x2e9aB0x11be	0x202eB0x3a1eB0x3578B0x3285B0x2e9aB0x11be
0x201cB0x3a1eB0x3578B0x3285B0x2e9aB0x11be	0x8cecB0x3a1eB0x3578B0x3285B0x2e9aB0x11be
0x202eB0x3a30B0x3578B0x3285B0x2e9aB0x11be	0x2041B0x3a30B0x3578B0x3285B0x2e9aB0x11be
0x202eB0x3a30B0x3578B0x3285B0x2e9aB0x11be	0x8d0fB0x3a30B0x3578B0x3285B0x2e9aB0x11be
0x2041B0x3a30B0x3578B0x3285B0x2e9aB0x11be	0x8d32B0x3a30B0x3578B0x3285B0x2e9aB0x11be
0x2041B0x3a30B0x3578B0x3285B0x2e9aB0x11be	0x204eB0x3a30B0x3578B0x3285B0x2e9aB0x11be
0x201cB0x3a30B0x3578B0x3285B0x2e9aB0x11be	0x202eB0x3a30B0x3578B0x3285B0x2e9aB0x11be
0x201cB0x3a30B0x3578B0x3285B0x2e9aB0x11be	0x8cecB0x3a30B0x3578B0x3285B0x2e9aB0x11be
0x204eB0x3259B0x2e9aB0x11be	0x3263B0x2e9aB0x11be
0x3a4cB0x326bB0x2e9aB0x11be	0x3273B0x2e9aB0x11be
0x204eB0x3a1eB0x326bB0x2e9aB0x11be	0x3a28B0x326bB0x2e9aB0x11be
0x204eB0x3a30B0x326bB0x2e9aB0x11be	0x3a39B0x326bB0x2e9aB0x11be
0x2061B0x3b89B0x13997B0x2e9aB0x11be	0x3b95B0x13997B0x2e9aB0x11be
0x204eB0x3b95B0x13997B0x2e9aB0x11be	0x3ba5B0x13997B0x2e9aB0x11be
0x204eB0x3470B0x329fB0x2e9aB0x11be	0x3479B0x329fB0x2e9aB0x11be
0x3a4cB0x3456B0x329fB0x2e9aB0x11be	0x345fB0x329fB0x2e9aB0x11be
0x204eB0x3a1eB0x3456B0x329fB0x2e9aB0x11be	0x3a28B0x3456B0x329fB0x2e9aB0x11be
0x204eB0x3a30B0x3456B0x329fB0x2e9aB0x11be	0x3a39B0x3456B0x329fB0x2e9aB0x11be
0x204eB0x3592B0x3285B0x2e9aB0x11be	0x359bB0x3285B0x2e9aB0x11be
0x3a4cB0x3578B0x3285B0x2e9aB0x11be	0x3581B0x3285B0x2e9aB0x11be
0x204eB0x3a1eB0x3578B0x3285B0x2e9aB0x11be	0x3a28B0x3578B0x3285B0x2e9aB0x11be
0x204eB0x3a30B0x3578B0x3285B0x2e9aB0x11be	0x3a39B0x3578B0x3285B0x2e9aB0x11be
0x3a64B0x139deB0x2e9aB0x11be	0x1f26B0x3a64B0x139deB0x2e9aB0x11be
0x3af9B0x139deB0x2e9aB0x11be	0x33c1B0x3af9B0x139deB0x2e9aB0x11be
0x3aa1B0x139deB0x2e9aB0x11be	0x3abbB0x139deB0x2e9aB0x11be
0x3a8fB0x139deB0x2e9aB0x11be	0x2523B0x3a8fB0x139deB0x2e9aB0x11be
0x13b68B0x139deB0x2e9aB0x11be	0x1f42B0x13b68B0x139deB0x2e9aB0x11be
0x3abbB0x139deB0x2e9aB0x11be	0x13b68B0x139deB0x2e9aB0x11be
0x3b05B0x139deB0x2e9aB0x11be	0x3b16B0x139deB0x2e9aB0x11be
0x3b32B0x139deB0x2e9aB0x11be	0x3b16B0x139deB0x2e9aB0x11be
0x13b95B0x139deB0x2e9aB0x11be	0x13a03B0x2e9aB0x11be
0x3b16B0x139deB0x2e9aB0x11be	0x3b32B0x139deB0x2e9aB0x11be
0x3b16B0x139deB0x2e9aB0x11be	0x3b1eB0x139deB0x2e9aB0x11be
0x3a54B0x139deB0x2e9aB0x11be	0x1f42B0x3a54B0x139deB0x2e9aB0x11be
0x3b1eB0x139deB0x2e9aB0x11be	0x1f42B0x3b1eB0x139deB0x2e9aB0x11be
0x1f3eB0x3a64B0x139deB0x2e9aB0x11be	0x3a8fB0x139deB0x2e9aB0x11be
0x1f26B0x3a64B0x139deB0x2e9aB0x11be	0x1f3eB0x3a64B0x139deB0x2e9aB0x11be
0x1f26B0x3a64B0x139deB0x2e9aB0x11be	0x8c08B0x3a64B0x139deB0x2e9aB0x11be
0x33c9B0x3af9B0x139deB0x2e9aB0x11be	0x3b05B0x139deB0x2e9aB0x11be
0x33c1B0x3af9B0x139deB0x2e9aB0x11be	0x33c9B0x3af9B0x139deB0x2e9aB0x11be
0x33c1B0x3af9B0x139deB0x2e9aB0x11be	0x932cB0x3af9B0x139deB0x2e9aB0x11be
0x1f610x1f42B0x13b68B0x139deB0x2e9aB0x11be	0x3af9B0x139deB0x2e9aB0x11be
0x1f42B0x13b68B0x139deB0x2e9aB0x11be	0x1f610x1f42B0x13b68B0x139deB0x2e9aB0x11be
0x1f42B0x13b68B0x139deB0x2e9aB0x11be	0x8c540x1f42B0x13b68B0x139deB0x2e9aB0x11be
0x1f610x1f42B0x3a54B0x139deB0x2e9aB0x11be	0x3a64B0x139deB0x2e9aB0x11be
0x1f42B0x3a54B0x139deB0x2e9aB0x11be	0x1f610x1f42B0x3a54B0x139deB0x2e9aB0x11be
0x1f42B0x3a54B0x139deB0x2e9aB0x11be	0x8c540x1f42B0x3a54B0x139deB0x2e9aB0x11be
0x1f610x1f42B0x3b1eB0x139deB0x2e9aB0x11be	0x13b95B0x139deB0x2e9aB0x11be
0x1f42B0x3b1eB0x139deB0x2e9aB0x11be	0x1f610x1f42B0x3b1eB0x139deB0x2e9aB0x11be
0x1f42B0x3b1eB0x139deB0x2e9aB0x11be	0x8c540x1f42B0x3b1eB0x139deB0x2e9aB0x11be
0x2523B0x3a8fB0x139deB0x2e9aB0x11be	0x1f65B0x2523B0x3a8fB0x139deB0x2e9aB0x11be
0x252fB0x3a8fB0x139deB0x2e9aB0x11be	0x1f42B0x252fB0x3a8fB0x139deB0x2e9aB0x11be
0x253dB0x3a8fB0x139deB0x2e9aB0x11be	0x8fa8B0x3a8fB0x139deB0x2e9aB0x11be
0x253dB0x3a8fB0x139deB0x2e9aB0x11be	0x254bB0x3a8fB0x139deB0x2e9aB0x11be
0x254bB0x3a8fB0x139deB0x2e9aB0x11be	0x3aa1B0x139deB0x2e9aB0x11be
0x1f610x1f42B0x252fB0x3a8fB0x139deB0x2e9aB0x11be	0x253dB0x3a8fB0x139deB0x2e9aB0x11be
0x1f42B0x252fB0x3a8fB0x139deB0x2e9aB0x11be	0x1f610x1f42B0x252fB0x3a8fB0x139deB0x2e9aB0x11be
0x1f42B0x252fB0x3a8fB0x139deB0x2e9aB0x11be	0x8c540x1f42B0x252fB0x3a8fB0x139deB0x2e9aB0x11be
0x1f75B0x2523B0x3a8fB0x139deB0x2e9aB0x11be	0x252fB0x3a8fB0x139deB0x2e9aB0x11be
0x1f65B0x2523B0x3a8fB0x139deB0x2e9aB0x11be	0x1f75B0x2523B0x3a8fB0x139deB0x2e9aB0x11be
0x1f65B0x2523B0x3a8fB0x139deB0x2e9aB0x11be	0x8ca0B0x2523B0x3a8fB0x139deB0x2e9aB0x11be
0x2e20B0x1ddc	0x1f42B0x2e20B0x1ddc
0x2e02B0x1ddc	0x201cB0x2e02B0x1ddc
0x2e0eB0x1ddc	0x2e9aB0x1ddc
0x2e0eB0x1ddc	0x2e19B0x1ddc
0x2e9aB0x1ddc	0x3259B0x2e9aB0x1ddc
0x2e83B0x1ddc	0x1f42B0x2e83B0x1ddc
0x138c9B0x1ddc	0x1de3
0x2e94B0x1ddc	0x1de3
0x2ec6B0x1ddc	0x2e19B0x1ddc
0x2e19B0x1ddc	0x2e20B0x1ddc
0x2e19B0x1ddc	0x2e83B0x1ddc
0x1f610x1f42B0x2e20B0x1ddc	0x138c9B0x1ddc
0x1f42B0x2e20B0x1ddc	0x1f610x1f42B0x2e20B0x1ddc
0x1f42B0x2e20B0x1ddc	0x8c540x1f42B0x2e20B0x1ddc
0x202eB0x2e02B0x1ddc	0x2041B0x2e02B0x1ddc
0x202eB0x2e02B0x1ddc	0x8d0fB0x2e02B0x1ddc
0x2041B0x2e02B0x1ddc	0x8d32B0x2e02B0x1ddc
0x2041B0x2e02B0x1ddc	0x204eB0x2e02B0x1ddc
0x201cB0x2e02B0x1ddc	0x202eB0x2e02B0x1ddc
0x201cB0x2e02B0x1ddc	0x8cecB0x2e02B0x1ddc
0x1f610x1f42B0x2e83B0x1ddc	0x2e94B0x1ddc
0x1f42B0x2e83B0x1ddc	0x1f610x1f42B0x2e83B0x1ddc
0x1f42B0x2e83B0x1ddc	0x8c540x1f42B0x2e83B0x1ddc
0x204eB0x2e02B0x1ddc	0x2e0eB0x1ddc
0x326bB0x2e9aB0x1ddc	0x3a1eB0x326bB0x2e9aB0x1ddc
0x327dB0x2e9aB0x1ddc	0x3297B0x2e9aB0x1ddc
0x327dB0x2e9aB0x1ddc	0x3285B0x2e9aB0x1ddc
0x329fB0x2e9aB0x1ddc	0x3456B0x329fB0x2e9aB0x1ddc
0x3259B0x2e9aB0x1ddc	0x201cB0x3259B0x2e9aB0x1ddc
0x3263B0x2e9aB0x1ddc	0x326bB0x2e9aB0x1ddc
0x3263B0x2e9aB0x1ddc	0x32b00x3259B0x2e9aB0x1ddc
0x3273B0x2e9aB0x1ddc	0x327dB0x2e9aB0x1ddc
0x3273B0x2e9aB0x1ddc	0x9271B0x2e9aB0x1ddc
0x3297B0x2e9aB0x1ddc	0x329fB0x2e9aB0x1ddc
0x3297B0x2e9aB0x1ddc	0x32b00x3259B0x2e9aB0x1ddc
0x13997B0x2e9aB0x1ddc	0x3b4bB0x13997B0x2e9aB0x1ddc
0x139bcB0x2e9aB0x1ddc	0x2ec6B0x1ddc
0x139deB0x2e9aB0x1ddc	0x3a54B0x139deB0x2e9aB0x1ddc
0x13a03B0x2e9aB0x1ddc	0x2ec6B0x1ddc
0x3285B0x2e9aB0x1ddc	0x3578B0x3285B0x2e9aB0x1ddc
0x32b00x3259B0x2e9aB0x1ddc	0x2ec6B0x1ddc
0x202eB0x3259B0x2e9aB0x1ddc	0x2041B0x3259B0x2e9aB0x1ddc
0x202eB0x3259B0x2e9aB0x1ddc	0x8d0fB0x3259B0x2e9aB0x1ddc
0x2041B0x3259B0x2e9aB0x1ddc	0x8d32B0x3259B0x2e9aB0x1ddc
0x2041B0x3259B0x2e9aB0x1ddc	0x204eB0x3259B0x2e9aB0x1ddc
0x201cB0x3259B0x2e9aB0x1ddc	0x202eB0x3259B0x2e9aB0x1ddc
0x201cB0x3259B0x2e9aB0x1ddc	0x8cecB0x3259B0x2e9aB0x1ddc
0x3a3fB0x326bB0x2e9aB0x1ddc	0x96bcB0x326bB0x2e9aB0x1ddc
0x3a3fB0x326bB0x2e9aB0x1ddc	0x3a4cB0x326bB0x2e9aB0x1ddc
0x3a1eB0x326bB0x2e9aB0x1ddc	0x201cB0x3a1eB0x326bB0x2e9aB0x1ddc
0x3a28B0x326bB0x2e9aB0x1ddc	0x3a4eB0x326bB0x2e9aB0x1ddc
0x3a28B0x326bB0x2e9aB0x1ddc	0x3a30B0x326bB0x2e9aB0x1ddc
0x3a4eB0x326bB0x2e9aB0x1ddc	0x3273B0x2e9aB0x1ddc
0x3a39B0x326bB0x2e9aB0x1ddc	0x3a3fB0x326bB0x2e9aB0x1ddc
0x3a39B0x326bB0x2e9aB0x1ddc	0x9670B0x326bB0x2e9aB0x1ddc
0x3a30B0x326bB0x2e9aB0x1ddc	0x201cB0x3a30B0x326bB0x2e9aB0x1ddc
0x202eB0x3a1eB0x326bB0x2e9aB0x1ddc	0x2041B0x3a1eB0x326bB0x2e9aB0x1ddc
0x202eB0x3a1eB0x326bB0x2e9aB0x1ddc	0x8d0fB0x3a1eB0x326bB0x2e9aB0x1ddc
0x2041B0x3a1eB0x326bB0x2e9aB0x1ddc	0x8d32B0x3a1eB0x326bB0x2e9aB0x1ddc
0x2041B0x3a1eB0x326bB0x2e9aB0x1ddc	0x204eB0x3a1eB0x326bB0x2e9aB0x1ddc
0x201cB0x3a1eB0x326bB0x2e9aB0x1ddc	0x202eB0x3a1eB0x326bB0x2e9aB0x1ddc
0x201cB0x3a1eB0x326bB0x2e9aB0x1ddc	0x8cecB0x3a1eB0x326bB0x2e9aB0x1ddc
0x202eB0x3a30B0x326bB0x2e9aB0x1ddc	0x2041B0x3a30B0x326bB0x2e9aB0x1ddc
0x202eB0x3a30B0x326bB0x2e9aB0x1ddc	0x8d0fB0x3a30B0x326bB0x2e9aB0x1ddc
0x2041B0x3a30B0x326bB0x2e9aB0x1ddc	0x8d32B0x3a30B0x326bB0x2e9aB0x1ddc
0x2041B0x3a30B0x326bB0x2e9aB0x1ddc	0x204eB0x3a30B0x326bB0x2e9aB0x1ddc
0x201cB0x3a30B0x326bB0x2e9aB0x1ddc	0x202eB0x3a30B0x326bB0x2e9aB0x1ddc
0x201cB0x3a30B0x326bB0x2e9aB0x1ddc	0x8cecB0x3a30B0x326bB0x2e9aB0x1ddc
0x3b53B0x13997B0x2e9aB0x1ddc	0x3b67B0x13997B0x2e9aB0x1ddc
0x3b70B0x13997B0x2e9aB0x1ddc	0x21a2B0x3b70B0x13997B0x2e9aB0x1ddc
0x3c07B0x13997B0x2e9aB0x1ddc	0x139bcB0x2e9aB0x1ddc
0x3bf5B0x13997B0x2e9aB0x1ddc	0x139bcB0x2e9aB0x1ddc
0x3b81B0x13997B0x2e9aB0x1ddc	0x3b89B0x13997B0x2e9aB0x1ddc
0x3b89B0x13997B0x2e9aB0x1ddc	0x204fB0x3b89B0x13997B0x2e9aB0x1ddc
0x3be3B0x13997B0x2e9aB0x1ddc	0x3b67B0x13997B0x2e9aB0x1ddc
0x3b95B0x13997B0x2e9aB0x1ddc	0x201cB0x3b95B0x13997B0x2e9aB0x1ddc
0x13bbaB0x13997B0x2e9aB0x1ddc	0x1f42B0x13bbaB0x13997B0x2e9aB0x1ddc
0x3ba5B0x13997B0x2e9aB0x1ddc	0x13bbaB0x13997B0x2e9aB0x1ddc
0x3b67B0x13997B0x2e9aB0x1ddc	0x3b70B0x13997B0x2e9aB0x1ddc
0x3b67B0x13997B0x2e9aB0x1ddc	0x3bf5B0x13997B0x2e9aB0x1ddc
0x3b4bB0x13997B0x2e9aB0x1ddc	0x3b53B0x13997B0x2e9aB0x1ddc
0x3b4bB0x13997B0x2e9aB0x1ddc	0x3c07B0x13997B0x2e9aB0x1ddc
0x21d2B0x3b70B0x13997B0x2e9aB0x1ddc	0x3b81B0x13997B0x2e9aB0x1ddc
0x21a2B0x3b70B0x13997B0x2e9aB0x1ddc	0x21d2B0x3b70B0x13997B0x2e9aB0x1ddc
0x21a2B0x3b70B0x13997B0x2e9aB0x1ddc	0x8e04B0x3b70B0x13997B0x2e9aB0x1ddc
0x204fB0x3b89B0x13997B0x2e9aB0x1ddc	0x8d55B0x3b89B0x13997B0x2e9aB0x1ddc
0x204fB0x3b89B0x13997B0x2e9aB0x1ddc	0x2061B0x3b89B0x13997B0x2e9aB0x1ddc
0x202eB0x3b95B0x13997B0x2e9aB0x1ddc	0x2041B0x3b95B0x13997B0x2e9aB0x1ddc
0x202eB0x3b95B0x13997B0x2e9aB0x1ddc	0x8d0fB0x3b95B0x13997B0x2e9aB0x1ddc
0x2041B0x3b95B0x13997B0x2e9aB0x1ddc	0x8d32B0x3b95B0x13997B0x2e9aB0x1ddc
0x2041B0x3b95B0x13997B0x2e9aB0x1ddc	0x204eB0x3b95B0x13997B0x2e9aB0x1ddc
0x201cB0x3b95B0x13997B0x2e9aB0x1ddc	0x202eB0x3b95B0x13997B0x2e9aB0x1ddc
0x201cB0x3b95B0x13997B0x2e9aB0x1ddc	0x8cecB0x3b95B0x13997B0x2e9aB0x1ddc
0x1f610x1f42B0x13bbaB0x13997B0x2e9aB0x1ddc	0x3be3B0x13997B0x2e9aB0x1ddc
0x1f42B0x13bbaB0x13997B0x2e9aB0x1ddc	0x1f610x1f42B0x13bbaB0x13997B0x2e9aB0x1ddc
0x1f42B0x13bbaB0x13997B0x2e9aB0x1ddc	0x8c540x1f42B0x13bbaB0x13997B0x2e9aB0x1ddc
0x3469B0x329fB0x2e9aB0x1ddc	0x34c0B0x329fB0x2e9aB0x1ddc
0x3469B0x329fB0x2e9aB0x1ddc	0x3470B0x329fB0x2e9aB0x1ddc
0x3484B0x329fB0x2e9aB0x1ddc	0x348fB0x329fB0x2e9aB0x1ddc
0x3484B0x329fB0x2e9aB0x1ddc	0x947fB0x329fB0x2e9aB0x1ddc
0x348fB0x329fB0x2e9aB0x1ddc	0x139deB0x2e9aB0x1ddc
0x3456B0x329fB0x2e9aB0x1ddc	0x3a1eB0x3456B0x329fB0x2e9aB0x1ddc
0x345fB0x329fB0x2e9aB0x1ddc	0x3469B0x329fB0x2e9aB0x1ddc
0x345fB0x329fB0x2e9aB0x1ddc	0x9410B0x329fB0x2e9aB0x1ddc
0x3479B0x329fB0x2e9aB0x1ddc	0x3484B0x329fB0x2e9aB0x1ddc
0x3479B0x329fB0x2e9aB0x1ddc	0x945cB0x329fB0x2e9aB0x1ddc
0x3470B0x329fB0x2e9aB0x1ddc	0x201cB0x3470B0x329fB0x2e9aB0x1ddc
0x202eB0x3470B0x329fB0x2e9aB0x1ddc	0x2041B0x3470B0x329fB0x2e9aB0x1ddc
0x202eB0x3470B0x329fB0x2e9aB0x1ddc	0x8d0fB0x3470B0x329fB0x2e9aB0x1ddc
0x2041B0x3470B0x329fB0x2e9aB0x1ddc	0x8d32B0x3470B0x329fB0x2e9aB0x1ddc
0x2041B0x3470B0x329fB0x2e9aB0x1ddc	0x204eB0x3470B0x329fB0x2e9aB0x1ddc
0x201cB0x3470B0x329fB0x2e9aB0x1ddc	0x202eB0x3470B0x329fB0x2e9aB0x1ddc
0x201cB0x3470B0x329fB0x2e9aB0x1ddc	0x8cecB0x3470B0x329fB0x2e9aB0x1ddc
0x3a3fB0x3456B0x329fB0x2e9aB0x1ddc	0x96bcB0x3456B0x329fB0x2e9aB0x1ddc
0x3a3fB0x3456B0x329fB0x2e9aB0x1ddc	0x3a4cB0x3456B0x329fB0x2e9aB0x1ddc
0x3a1eB0x3456B0x329fB0x2e9aB0x1ddc	0x201cB0x3a1eB0x3456B0x329fB0x2e9aB0x1ddc
0x3a28B0x3456B0x329fB0x2e9aB0x1ddc	0x3a4eB0x3456B0x329fB0x2e9aB0x1ddc
0x3a28B0x3456B0x329fB0x2e9aB0x1ddc	0x3a30B0x3456B0x329fB0x2e9aB0x1ddc
0x3a4eB0x3456B0x329fB0x2e9aB0x1ddc	0x345fB0x329fB0x2e9aB0x1ddc
0x3a39B0x3456B0x329fB0x2e9aB0x1ddc	0x3a3fB0x3456B0x329fB0x2e9aB0x1ddc
0x3a39B0x3456B0x329fB0x2e9aB0x1ddc	0x9670B0x3456B0x329fB0x2e9aB0x1ddc
0x3a30B0x3456B0x329fB0x2e9aB0x1ddc	0x201cB0x3a30B0x3456B0x329fB0x2e9aB0x1ddc
0x202eB0x3a1eB0x3456B0x329fB0x2e9aB0x1ddc	0x2041B0x3a1eB0x3456B0x329fB0x2e9aB0x1ddc
0x202eB0x3a1eB0x3456B0x329fB0x2e9aB0x1ddc	0x8d0fB0x3a1eB0x3456B0x329fB0x2e9aB0x1ddc
0x2041B0x3a1eB0x3456B0x329fB0x2e9aB0x1ddc	0x8d32B0x3a1eB0x3456B0x329fB0x2e9aB0x1ddc
0x2041B0x3a1eB0x3456B0x329fB0x2e9aB0x1ddc	0x204eB0x3a1eB0x3456B0x329fB0x2e9aB0x1ddc
0x201cB0x3a1eB0x3456B0x329fB0x2e9aB0x1ddc	0x202eB0x3a1eB0x3456B0x329fB0x2e9aB0x1ddc
0x201cB0x3a1eB0x3456B0x329fB0x2e9aB0x1ddc	0x8cecB0x3a1eB0x3456B0x329fB0x2e9aB0x1ddc
0x202eB0x3a30B0x3456B0x329fB0x2e9aB0x1ddc	0x2041B0x3a30B0x3456B0x329fB0x2e9aB0x1ddc
0x202eB0x3a30B0x3456B0x329fB0x2e9aB0x1ddc	0x8d0fB0x3a30B0x3456B0x329fB0x2e9aB0x1ddc
0x2041B0x3a30B0x3456B0x329fB0x2e9aB0x1ddc	0x8d32B0x3a30B0x3456B0x329fB0x2e9aB0x1ddc
0x2041B0x3a30B0x3456B0x329fB0x2e9aB0x1ddc	0x204eB0x3a30B0x3456B0x329fB0x2e9aB0x1ddc
0x201cB0x3a30B0x3456B0x329fB0x2e9aB0x1ddc	0x202eB0x3a30B0x3456B0x329fB0x2e9aB0x1ddc
0x201cB0x3a30B0x3456B0x329fB0x2e9aB0x1ddc	0x8cecB0x3a30B0x3456B0x329fB0x2e9aB0x1ddc
0x358bB0x3285B0x2e9aB0x1ddc	0x3631B0x3285B0x2e9aB0x1ddc
0x358bB0x3285B0x2e9aB0x1ddc	0x3592B0x3285B0x2e9aB0x1ddc
0x35a6B0x3285B0x2e9aB0x1ddc	0x9511B0x3285B0x2e9aB0x1ddc
0x35a6B0x3285B0x2e9aB0x1ddc	0x35cfB0x3285B0x2e9aB0x1ddc
0x3621B0x3285B0x2e9aB0x1ddc	0x35e0B0x3285B0x2e9aB0x1ddc
0x3578B0x3285B0x2e9aB0x1ddc	0x3a1eB0x3578B0x3285B0x2e9aB0x1ddc
0x3581B0x3285B0x2e9aB0x1ddc	0x358bB0x3285B0x2e9aB0x1ddc
0x3581B0x3285B0x2e9aB0x1ddc	0x94a2B0x3285B0x2e9aB0x1ddc
0x359bB0x3285B0x2e9aB0x1ddc	0x35a6B0x3285B0x2e9aB0x1ddc
0x359bB0x3285B0x2e9aB0x1ddc	0x94eeB0x3285B0x2e9aB0x1ddc
0x35dcB0x3285B0x2e9aB0x1ddc	0x35e0B0x3285B0x2e9aB0x1ddc
0x3628B0x3285B0x2e9aB0x1ddc	0x35d4B0x3285B0x2e9aB0x1ddc
0x35e0B0x3285B0x2e9aB0x1ddc	0x953dB0x3285B0x2e9aB0x1ddc
0x35e0B0x3285B0x2e9aB0x1ddc	0x361bB0x3285B0x2e9aB0x1ddc
0x35d4B0x3285B0x2e9aB0x1ddc	0x13997B0x2e9aB0x1ddc
0x3592B0x3285B0x2e9aB0x1ddc	0x201cB0x3592B0x3285B0x2e9aB0x1ddc
0x35cfB0x3285B0x2e9aB0x1ddc	0x35dcB0x3285B0x2e9aB0x1ddc
0x35cfB0x3285B0x2e9aB0x1ddc	0x35d4B0x3285B0x2e9aB0x1ddc
0x361bB0x3285B0x2e9aB0x1ddc	0x3621B0x3285B0x2e9aB0x1ddc
0x361bB0x3285B0x2e9aB0x1ddc	0x3628B0x3285B0x2e9aB0x1ddc
0x202eB0x3592B0x3285B0x2e9aB0x1ddc	0x2041B0x3592B0x3285B0x2e9aB0x1ddc
0x202eB0x3592B0x3285B0x2e9aB0x1ddc	0x8d0fB0x3592B0x3285B0x2e9aB0x1ddc
0x2041B0x3592B0x3285B0x2e9aB0x1ddc	0x8d32B0x3592B0x3285B0x2e9aB0x1ddc
0x2041B0x3592B0x3285B0x2e9aB0x1ddc	0x204eB0x3592B0x3285B0x2e9aB0x1ddc
0x201cB0x3592B0x3285B0x2e9aB0x1ddc	0x202eB0x3592B0x3285B0x2e9aB0x1ddc
0x201cB0x3592B0x3285B0x2e9aB0x1ddc	0x8cecB0x3592B0x3285B0x2e9aB0x1ddc
0x3a3fB0x3578B0x3285B0x2e9aB0x1ddc	0x96bcB0x3578B0x3285B0x2e9aB0x1ddc
0x3a3fB0x3578B0x3285B0x2e9aB0x1ddc	0x3a4cB0x3578B0x3285B0x2e9aB0x1ddc
0x3a1eB0x3578B0x3285B0x2e9aB0x1ddc	0x201cB0x3a1eB0x3578B0x3285B0x2e9aB0x1ddc
0x3a28B0x3578B0x3285B0x2e9aB0x1ddc	0x3a4eB0x3578B0x3285B0x2e9aB0x1ddc
0x3a28B0x3578B0x3285B0x2e9aB0x1ddc	0x3a30B0x3578B0x3285B0x2e9aB0x1ddc
0x3a4eB0x3578B0x3285B0x2e9aB0x1ddc	0x3581B0x3285B0x2e9aB0x1ddc
0x3a39B0x3578B0x3285B0x2e9aB0x1ddc	0x3a3fB0x3578B0x3285B0x2e9aB0x1ddc
0x3a39B0x3578B0x3285B0x2e9aB0x1ddc	0x9670B0x3578B0x3285B0x2e9aB0x1ddc
0x3a30B0x3578B0x3285B0x2e9aB0x1ddc	0x201cB0x3a30B0x3578B0x3285B0x2e9aB0x1ddc
0x202eB0x3a1eB0x3578B0x3285B0x2e9aB0x1ddc	0x2041B0x3a1eB0x3578B0x3285B0x2e9aB0x1ddc
0x202eB0x3a1eB0x3578B0x3285B0x2e9aB0x1ddc	0x8d0fB0x3a1eB0x3578B0x3285B0x2e9aB0x1ddc
0x2041B0x3a1eB0x3578B0x3285B0x2e9aB0x1ddc	0x8d32B0x3a1eB0x3578B0x3285B0x2e9aB0x1ddc
0x2041B0x3a1eB0x3578B0x3285B0x2e9aB0x1ddc	0x204eB0x3a1eB0x3578B0x3285B0x2e9aB0x1ddc
0x201cB0x3a1eB0x3578B0x3285B0x2e9aB0x1ddc	0x202eB0x3a1eB0x3578B0x3285B0x2e9aB0x1ddc
0x201cB0x3a1eB0x3578B0x3285B0x2e9aB0x1ddc	0x8cecB0x3a1eB0x3578B0x3285B0x2e9aB0x1ddc
0x202eB0x3a30B0x3578B0x3285B0x2e9aB0x1ddc	0x2041B0x3a30B0x3578B0x3285B0x2e9aB0x1ddc
0x202eB0x3a30B0x3578B0x3285B0x2e9aB0x1ddc	0x8d0fB0x3a30B0x3578B0x3285B0x2e9aB0x1ddc
0x2041B0x3a30B0x3578B0x3285B0x2e9aB0x1ddc	0x8d32B0x3a30B0x3578B0x3285B0x2e9aB0x1ddc
0x2041B0x3a30B0x3578B0x3285B0x2e9aB0x1ddc	0x204eB0x3a30B0x3578B0x3285B0x2e9aB0x1ddc
0x201cB0x3a30B0x3578B0x3285B0x2e9aB0x1ddc	0x202eB0x3a30B0x3578B0x3285B0x2e9aB0x1ddc
0x201cB0x3a30B0x3578B0x3285B0x2e9aB0x1ddc	0x8cecB0x3a30B0x3578B0x3285B0x2e9aB0x1ddc
0x204eB0x3259B0x2e9aB0x1ddc	0x3263B0x2e9aB0x1ddc
0x3a4cB0x326bB0x2e9aB0x1ddc	0x3273B0x2e9aB0x1ddc
0x204eB0x3a1eB0x326bB0x2e9aB0x1ddc	0x3a28B0x326bB0x2e9aB0x1ddc
0x204eB0x3a30B0x326bB0x2e9aB0x1ddc	0x3a39B0x326bB0x2e9aB0x1ddc
0x2061B0x3b89B0x13997B0x2e9aB0x1ddc	0x3b95B0x13997B0x2e9aB0x1ddc
0x204eB0x3b95B0x13997B0x2e9aB0x1ddc	0x3ba5B0x13997B0x2e9aB0x1ddc
0x204eB0x3470B0x329fB0x2e9aB0x1ddc	0x3479B0x329fB0x2e9aB0x1ddc
0x3a4cB0x3456B0x329fB0x2e9aB0x1ddc	0x345fB0x329fB0x2e9aB0x1ddc
0x204eB0x3a1eB0x3456B0x329fB0x2e9aB0x1ddc	0x3a28B0x3456B0x329fB0x2e9aB0x1ddc
0x204eB0x3a30B0x3456B0x329fB0x2e9aB0x1ddc	0x3a39B0x3456B0x329fB0x2e9aB0x1ddc
0x204eB0x3592B0x3285B0x2e9aB0x1ddc	0x359bB0x3285B0x2e9aB0x1ddc
0x3a4cB0x3578B0x3285B0x2e9aB0x1ddc	0x3581B0x3285B0x2e9aB0x1ddc
0x204eB0x3a1eB0x3578B0x3285B0x2e9aB0x1ddc	0x3a28B0x3578B0x3285B0x2e9aB0x1ddc
0x204eB0x3a30B0x3578B0x3285B0x2e9aB0x1ddc	0x3a39B0x3578B0x3285B0x2e9aB0x1ddc
0x3a64B0x139deB0x2e9aB0x1ddc	0x1f26B0x3a64B0x139deB0x2e9aB0x1ddc
0x3af9B0x139deB0x2e9aB0x1ddc	0x33c1B0x3af9B0x139deB0x2e9aB0x1ddc
0x3aa1B0x139deB0x2e9aB0x1ddc	0x3abbB0x139deB0x2e9aB0x1ddc
0x3a8fB0x139deB0x2e9aB0x1ddc	0x2523B0x3a8fB0x139deB0x2e9aB0x1ddc
0x13b68B0x139deB0x2e9aB0x1ddc	0x1f42B0x13b68B0x139deB0x2e9aB0x1ddc
0x3abbB0x139deB0x2e9aB0x1ddc	0x13b68B0x139deB0x2e9aB0x1ddc
0x3b05B0x139deB0x2e9aB0x1ddc	0x3b16B0x139deB0x2e9aB0x1ddc
0x3b32B0x139deB0x2e9aB0x1ddc	0x3b16B0x139deB0x2e9aB0x1ddc
0x13b95B0x139deB0x2e9aB0x1ddc	0x13a03B0x2e9aB0x1ddc
0x3b16B0x139deB0x2e9aB0x1ddc	0x3b32B0x139deB0x2e9aB0x1ddc
0x3b16B0x139deB0x2e9aB0x1ddc	0x3b1eB0x139deB0x2e9aB0x1ddc
0x3a54B0x139deB0x2e9aB0x1ddc	0x1f42B0x3a54B0x139deB0x2e9aB0x1ddc
0x3b1eB0x139deB0x2e9aB0x1ddc	0x1f42B0x3b1eB0x139deB0x2e9aB0x1ddc
0x1f3eB0x3a64B0x139deB0x2e9aB0x1ddc	0x3a8fB0x139deB0x2e9aB0x1ddc
0x1f26B0x3a64B0x139deB0x2e9aB0x1ddc	0x1f3eB0x3a64B0x139deB0x2e9aB0x1ddc
0x1f26B0x3a64B0x139deB0x2e9aB0x1ddc	0x8c08B0x3a64B0x139deB0x2e9aB0x1ddc
0x33c9B0x3af9B0x139deB0x2e9aB0x1ddc	0x3b05B0x139deB0x2e9aB0x1ddc
0x33c1B0x3af9B0x139deB0x2e9aB0x1ddc	0x33c9B0x3af9B0x139deB0x2e9aB0x1ddc
0x33c1B0x3af9B0x139deB0x2e9aB0x1ddc	0x932cB0x3af9B0x139deB0x2e9aB0x1ddc
0x1f610x1f42B0x13b68B0x139deB0x2e9aB0x1ddc	0x3af9B0x139deB0x2e9aB0x1ddc
0x1f42B0x13b68B0x139deB0x2e9aB0x1ddc	0x1f610x1f42B0x13b68B0x139deB0x2e9aB0x1ddc
0x1f42B0x13b68B0x139deB0x2e9aB0x1ddc	0x8c540x1f42B0x13b68B0x139deB0x2e9aB0x1ddc
0x1f610x1f42B0x3a54B0x139deB0x2e9aB0x1ddc	0x3a64B0x139deB0x2e9aB0x1ddc
0x1f42B0x3a54B0x139deB0x2e9aB0x1ddc	0x1f610x1f42B0x3a54B0x139deB0x2e9aB0x1ddc
0x1f42B0x3a54B0x139deB0x2e9aB0x1ddc	0x8c540x1f42B0x3a54B0x139deB0x2e9aB0x1ddc
0x1f610x1f42B0x3b1eB0x139deB0x2e9aB0x1ddc	0x13b95B0x139deB0x2e9aB0x1ddc
0x1f42B0x3b1eB0x139deB0x2e9aB0x1ddc	0x1f610x1f42B0x3b1eB0x139deB0x2e9aB0x1ddc
0x1f42B0x3b1eB0x139deB0x2e9aB0x1ddc	0x8c540x1f42B0x3b1eB0x139deB0x2e9aB0x1ddc
0x2523B0x3a8fB0x139deB0x2e9aB0x1ddc	0x1f65B0x2523B0x3a8fB0x139deB0x2e9aB0x1ddc
0x252fB0x3a8fB0x139deB0x2e9aB0x1ddc	0x1f42B0x252fB0x3a8fB0x139deB0x2e9aB0x1ddc
0x253dB0x3a8fB0x139deB0x2e9aB0x1ddc	0x8fa8B0x3a8fB0x139deB0x2e9aB0x1ddc
0x253dB0x3a8fB0x139deB0x2e9aB0x1ddc	0x254bB0x3a8fB0x139deB0x2e9aB0x1ddc
0x254bB0x3a8fB0x139deB0x2e9aB0x1ddc	0x3aa1B0x139deB0x2e9aB0x1ddc
0x1f610x1f42B0x252fB0x3a8fB0x139deB0x2e9aB0x1ddc	0x253dB0x3a8fB0x139deB0x2e9aB0x1ddc
0x1f42B0x252fB0x3a8fB0x139deB0x2e9aB0x1ddc	0x1f610x1f42B0x252fB0x3a8fB0x139deB0x2e9aB0x1ddc
0x1f42B0x252fB0x3a8fB0x139deB0x2e9aB0x1ddc	0x8c540x1f42B0x252fB0x3a8fB0x139deB0x2e9aB0x1ddc
0x1f75B0x2523B0x3a8fB0x139deB0x2e9aB0x1ddc	0x252fB0x3a8fB0x139deB0x2e9aB0x1ddc
0x1f65B0x2523B0x3a8fB0x139deB0x2e9aB0x1ddc	0x1f75B0x2523B0x3a8fB0x139deB0x2e9aB0x1ddc
0x1f65B0x2523B0x3a8fB0x139deB0x2e9aB0x1ddc	0x8ca0B0x2523B0x3a8fB0x139deB0x2e9aB0x1ddc
0x1f610x248cB0x1395	0x1357aB0x1395
0x248cB0x1395	0x204fB0x248cB0x1395
0x2498B0x1395	0x2078B0x2498B0x1395
0x1357aB0x1395	0x130e9
0x24b0B0x1395	0x2063B0x24b0B0x1395
0x1359fB0x1395	0x1f42B0x1359fB0x1395
0x135ccB0x1395	0x20aeB0x135ccB0x1395
0x135ffB0x1395	0x1f420x248cB0x1395
0x24c8B0x1395	0x2063B0x24c8B0x1395
0x1362cB0x1395	0x3259B0x1362cB0x1395
0x13650B0x1395	0x201cB0x13650B0x1395
0x13680B0x1395	0x3259B0x13680B0x1395
0x13c0dB0x1395	0x2523B0x13c0dB0x1395
0x1f420x248cB0x1395	0x1f610x248cB0x1395
0x1f420x248cB0x1395	0x8c540x248cB0x1395
0x21220x248cB0x1395	0x135ffB0x1395
0x204fB0x248cB0x1395	0x8d55B0x248cB0x1395
0x204fB0x248cB0x1395	0x2061B0x248cB0x1395
0x208aB0x2498B0x1395	0x209dB0x2498B0x1395
0x208aB0x2498B0x1395	0x8dbeB0x2498B0x1395
0x209dB0x2498B0x1395	0x8de1B0x2498B0x1395
0x209dB0x2498B0x1395	0x20adB0x2498B0x1395
0x2078B0x2498B0x1395	0x208aB0x2498B0x1395
0x2078B0x2498B0x1395	0x8d9bB0x2498B0x1395
0x2075B0x24b0B0x1395	0x1362cB0x1395
0x2063B0x24b0B0x1395	0x2075B0x24b0B0x1395
0x2063B0x24b0B0x1395	0x8d78B0x24b0B0x1395
0x1f610x1f42B0x1359fB0x1395	0x24b0B0x1395
0x1f42B0x1359fB0x1395	0x1f610x1f42B0x1359fB0x1395
0x1f42B0x1359fB0x1395	0x8c540x1f42B0x1359fB0x1395
0x20aeB0x135ccB0x1395	0x20b1B0x135ccB0x1395
0x20beB0x135ccB0x1395	0x20b1B0x135ccB0x1395
0x20b1B0x135ccB0x1395	0x20beB0x135ccB0x1395
0x20b1B0x135ccB0x1395	0x20b9B0x135ccB0x1395
0x20b9B0x135ccB0x1395	0x1359fB0x1395
0x2075B0x24c8B0x1395	0x13680B0x1395
0x2063B0x24c8B0x1395	0x2075B0x24c8B0x1395
0x2063B0x24c8B0x1395	0x8d78B0x24c8B0x1395
0x202eB0x13650B0x1395	0x2041B0x13650B0x1395
0x202eB0x13650B0x1395	0x8d0fB0x13650B0x1395
0x2041B0x13650B0x1395	0x8d32B0x13650B0x1395
0x2041B0x13650B0x1395	0x204eB0x13650B0x1395
0x201cB0x13650B0x1395	0x202eB0x13650B0x1395
0x201cB0x13650B0x1395	0x8cecB0x13650B0x1395
0x2523B0x13c0dB0x1395	0x1f65B0x2523B0x13c0dB0x1395
0x252fB0x13c0dB0x1395	0x1f42B0x252fB0x13c0dB0x1395
0x253dB0x13c0dB0x1395	0x8fa8B0x13c0dB0x1395
0x253dB0x13c0dB0x1395	0x254bB0x13c0dB0x1395
0x254bB0x13c0dB0x1395	0x21220x248cB0x1395
0x1f610x1f42B0x252fB0x13c0dB0x1395	0x253dB0x13c0dB0x1395
0x1f42B0x252fB0x13c0dB0x1395	0x1f610x1f42B0x252fB0x13c0dB0x1395
0x1f42B0x252fB0x13c0dB0x1395	0x8c540x1f42B0x252fB0x13c0dB0x1395
0x1f75B0x2523B0x13c0dB0x1395	0x252fB0x13c0dB0x1395
0x1f65B0x2523B0x13c0dB0x1395	0x1f75B0x2523B0x13c0dB0x1395
0x1f65B0x2523B0x13c0dB0x1395	0x8ca0B0x2523B0x13c0dB0x1395
0x2061B0x248cB0x1395	0x2498B0x1395
0x20adB0x2498B0x1395	0x135ccB0x1395
0x204eB0x13650B0x1395	0x13c0dB0x1395
0x326bB0x1362cB0x1395	0x3a1eB0x326bB0x1362cB0x1395
0x327dB0x1362cB0x1395	0x3297B0x1362cB0x1395
0x327dB0x1362cB0x1395	0x3285B0x1362cB0x1395
0x329fB0x1362cB0x1395	0x3456B0x329fB0x1362cB0x1395
0x3259B0x1362cB0x1395	0x201cB0x3259B0x1362cB0x1395
0x3263B0x1362cB0x1395	0x326bB0x1362cB0x1395
0x3263B0x1362cB0x1395	0x32b00x3259B0x1362cB0x1395
0x3273B0x1362cB0x1395	0x327dB0x1362cB0x1395
0x3273B0x1362cB0x1395	0x9271B0x1362cB0x1395
0x3297B0x1362cB0x1395	0x329fB0x1362cB0x1395
0x3297B0x1362cB0x1395	0x32b00x3259B0x1362cB0x1395
0x13997B0x1362cB0x1395	0x3b4bB0x13997B0x1362cB0x1395
0x139bcB0x1362cB0x1395	0x24c8B0x1395
0x139deB0x1362cB0x1395	0x3a54B0x139deB0x1362cB0x1395
0x13a03B0x1362cB0x1395	0x24c8B0x1395
0x3285B0x1362cB0x1395	0x3578B0x3285B0x1362cB0x1395
0x32b00x3259B0x1362cB0x1395	0x24c8B0x1395
0x202eB0x3259B0x1362cB0x1395	0x2041B0x3259B0x1362cB0x1395
0x202eB0x3259B0x1362cB0x1395	0x8d0fB0x3259B0x1362cB0x1395
0x2041B0x3259B0x1362cB0x1395	0x8d32B0x3259B0x1362cB0x1395
0x2041B0x3259B0x1362cB0x1395	0x204eB0x3259B0x1362cB0x1395
0x201cB0x3259B0x1362cB0x1395	0x202eB0x3259B0x1362cB0x1395
0x201cB0x3259B0x1362cB0x1395	0x8cecB0x3259B0x1362cB0x1395
0x3a3fB0x326bB0x1362cB0x1395	0x96bcB0x326bB0x1362cB0x1395
0x3a3fB0x326bB0x1362cB0x1395	0x3a4cB0x326bB0x1362cB0x1395
0x3a1eB0x326bB0x1362cB0x1395	0x201cB0x3a1eB0x326bB0x1362cB0x1395
0x3a28B0x326bB0x1362cB0x1395	0x3a4eB0x326bB0x1362cB0x1395
0x3a28B0x326bB0x1362cB0x1395	0x3a30B0x326bB0x1362cB0x1395
0x3a4eB0x326bB0x1362cB0x1395	0x3273B0x1362cB0x1395
0x3a39B0x326bB0x1362cB0x1395	0x3a3fB0x326bB0x1362cB0x1395
0x3a39B0x326bB0x1362cB0x1395	0x9670B0x326bB0x1362cB0x1395
0x3a30B0x326bB0x1362cB0x1395	0x201cB0x3a30B0x326bB0x1362cB0x1395
0x202eB0x3a1eB0x326bB0x1362cB0x1395	0x2041B0x3a1eB0x326bB0x1362cB0x1395
0x202eB0x3a1eB0x326bB0x1362cB0x1395	0x8d0fB0x3a1eB0x326bB0x1362cB0x1395
0x2041B0x3a1eB0x326bB0x1362cB0x1395	0x8d32B0x3a1eB0x326bB0x1362cB0x1395
0x2041B0x3a1eB0x326bB0x1362cB0x1395	0x204eB0x3a1eB0x326bB0x1362cB0x1395
0x201cB0x3a1eB0x326bB0x1362cB0x1395	0x202eB0x3a1eB0x326bB0x1362cB0x1395
0x201cB0x3a1eB0x326bB0x1362cB0x1395	0x8cecB0x3a1eB0x326bB0x1362cB0x1395
0x202eB0x3a30B0x326bB0x1362cB0x1395	0x2041B0x3a30B0x326bB0x1362cB0x1395
0x202eB0x3a30B0x326bB0x1362cB0x1395	0x8d0fB0x3a30B0x326bB0x1362cB0x1395
0x2041B0x3a30B0x326bB0x1362cB0x1395	0x8d32B0x3a30B0x326bB0x1362cB0x1395
0x2041B0x3a30B0x326bB0x1362cB0x1395	0x204eB0x3a30B0x326bB0x1362cB0x1395
0x201cB0x3a30B0x326bB0x1362cB0x1395	0x202eB0x3a30B0x326bB0x1362cB0x1395
0x201cB0x3a30B0x326bB0x1362cB0x1395	0x8cecB0x3a30B0x326bB0x1362cB0x1395
0x3b53B0x13997B0x1362cB0x1395	0x3b67B0x13997B0x1362cB0x1395
0x3b70B0x13997B0x1362cB0x1395	0x21a2B0x3b70B0x13997B0x1362cB0x1395
0x3c07B0x13997B0x1362cB0x1395	0x139bcB0x1362cB0x1395
0x3bf5B0x13997B0x1362cB0x1395	0x139bcB0x1362cB0x1395
0x3b81B0x13997B0x1362cB0x1395	0x3b89B0x13997B0x1362cB0x1395
0x3b89B0x13997B0x1362cB0x1395	0x204fB0x3b89B0x13997B0x1362cB0x1395
0x3be3B0x13997B0x1362cB0x1395	0x3b67B0x13997B0x1362cB0x1395
0x3b95B0x13997B0x1362cB0x1395	0x201cB0x3b95B0x13997B0x1362cB0x1395
0x13bbaB0x13997B0x1362cB0x1395	0x1f42B0x13bbaB0x13997B0x1362cB0x1395
0x3ba5B0x13997B0x1362cB0x1395	0x13bbaB0x13997B0x1362cB0x1395
0x3b67B0x13997B0x1362cB0x1395	0x3b70B0x13997B0x1362cB0x1395
0x3b67B0x13997B0x1362cB0x1395	0x3bf5B0x13997B0x1362cB0x1395
0x3b4bB0x13997B0x1362cB0x1395	0x3b53B0x13997B0x1362cB0x1395
0x3b4bB0x13997B0x1362cB0x1395	0x3c07B0x13997B0x1362cB0x1395
0x21d2B0x3b70B0x13997B0x1362cB0x1395	0x3b81B0x13997B0x1362cB0x1395
0x21a2B0x3b70B0x13997B0x1362cB0x1395	0x21d2B0x3b70B0x13997B0x1362cB0x1395
0x21a2B0x3b70B0x13997B0x1362cB0x1395	0x8e04B0x3b70B0x13997B0x1362cB0x1395
0x204fB0x3b89B0x13997B0x1362cB0x1395	0x8d55B0x3b89B0x13997B0x1362cB0x1395
0x204fB0x3b89B0x13997B0x1362cB0x1395	0x2061B0x3b89B0x13997B0x1362cB0x1395
0x202eB0x3b95B0x13997B0x1362cB0x1395	0x2041B0x3b95B0x13997B0x1362cB0x1395
0x202eB0x3b95B0x13997B0x1362cB0x1395	0x8d0fB0x3b95B0x13997B0x1362cB0x1395
0x2041B0x3b95B0x13997B0x1362cB0x1395	0x8d32B0x3b95B0x13997B0x1362cB0x1395
0x2041B0x3b95B0x13997B0x1362cB0x1395	0x204eB0x3b95B0x13997B0x1362cB0x1395
0x201cB0x3b95B0x13997B0x1362cB0x1395	0x202eB0x3b95B0x13997B0x1362cB0x1395
0x201cB0x3b95B0x13997B0x1362cB0x1395	0x8cecB0x3b95B0x13997B0x1362cB0x1395
0x1f610x1f42B0x13bbaB0x13997B0x1362cB0x1395	0x3be3B0x13997B0x1362cB0x1395
0x1f42B0x13bbaB0x13997B0x1362cB0x1395	0x1f610x1f42B0x13bbaB0x13997B0x1362cB0x1395
0x1f42B0x13bbaB0x13997B0x1362cB0x1395	0x8c540x1f42B0x13bbaB0x13997B0x1362cB0x1395
0x3469B0x329fB0x1362cB0x1395	0x34c0B0x329fB0x1362cB0x1395
0x3469B0x329fB0x1362cB0x1395	0x3470B0x329fB0x1362cB0x1395
0x3484B0x329fB0x1362cB0x1395	0x348fB0x329fB0x1362cB0x1395
0x3484B0x329fB0x1362cB0x1395	0x947fB0x329fB0x1362cB0x1395
0x348fB0x329fB0x1362cB0x1395	0x139deB0x1362cB0x1395
0x3456B0x329fB0x1362cB0x1395	0x3a1eB0x3456B0x329fB0x1362cB0x1395
0x345fB0x329fB0x1362cB0x1395	0x3469B0x329fB0x1362cB0x1395
0x345fB0x329fB0x1362cB0x1395	0x9410B0x329fB0x1362cB0x1395
0x3479B0x329fB0x1362cB0x1395	0x3484B0x329fB0x1362cB0x1395
0x3479B0x329fB0x1362cB0x1395	0x945cB0x329fB0x1362cB0x1395
0x3470B0x329fB0x1362cB0x1395	0x201cB0x3470B0x329fB0x1362cB0x1395
0x202eB0x3470B0x329fB0x1362cB0x1395	0x2041B0x3470B0x329fB0x1362cB0x1395
0x202eB0x3470B0x329fB0x1362cB0x1395	0x8d0fB0x3470B0x329fB0x1362cB0x1395
0x2041B0x3470B0x329fB0x1362cB0x1395	0x8d32B0x3470B0x329fB0x1362cB0x1395
0x2041B0x3470B0x329fB0x1362cB0x1395	0x204eB0x3470B0x329fB0x1362cB0x1395
0x201cB0x3470B0x329fB0x1362cB0x1395	0x202eB0x3470B0x329fB0x1362cB0x1395
0x201cB0x3470B0x329fB0x1362cB0x1395	0x8cecB0x3470B0x329fB0x1362cB0x1395
0x3a3fB0x3456B0x329fB0x1362cB0x1395	0x96bcB0x3456B0x329fB0x1362cB0x1395
0x3a3fB0x3456B0x329fB0x1362cB0x1395	0x3a4cB0x3456B0x329fB0x1362cB0x1395
0x3a1eB0x3456B0x329fB0x1362cB0x1395	0x201cB0x3a1eB0x3456B0x329fB0x1362cB0x1395
0x3a28B0x3456B0x329fB0x1362cB0x1395	0x3a4eB0x3456B0x329fB0x1362cB0x1395
0x3a28B0x3456B0x329fB0x1362cB0x1395	0x3a30B0x3456B0x329fB0x1362cB0x1395
0x3a4eB0x3456B0x329fB0x1362cB0x1395	0x345fB0x329fB0x1362cB0x1395
0x3a39B0x3456B0x329fB0x1362cB0x1395	0x3a3fB0x3456B0x329fB0x1362cB0x1395
0x3a39B0x3456B0x329fB0x1362cB0x1395	0x9670B0x3456B0x329fB0x1362cB0x1395
0x3a30B0x3456B0x329fB0x1362cB0x1395	0x201cB0x3a30B0x3456B0x329fB0x1362cB0x1395
0x202eB0x3a1eB0x3456B0x329fB0x1362cB0x1395	0x2041B0x3a1eB0x3456B0x329fB0x1362cB0x1395
0x202eB0x3a1eB0x3456B0x329fB0x1362cB0x1395	0x8d0fB0x3a1eB0x3456B0x329fB0x1362cB0x1395
0x2041B0x3a1eB0x3456B0x329fB0x1362cB0x1395	0x8d32B0x3a1eB0x3456B0x329fB0x1362cB0x1395
0x2041B0x3a1eB0x3456B0x329fB0x1362cB0x1395	0x204eB0x3a1eB0x3456B0x329fB0x1362cB0x1395
0x201cB0x3a1eB0x3456B0x329fB0x1362cB0x1395	0x202eB0x3a1eB0x3456B0x329fB0x1362cB0x1395
0x201cB0x3a1eB0x3456B0x329fB0x1362cB0x1395	0x8cecB0x3a1eB0x3456B0x329fB0x1362cB0x1395
0x202eB0x3a30B0x3456B0x329fB0x1362cB0x1395	0x2041B0x3a30B0x3456B0x329fB0x1362cB0x1395
0x202eB0x3a30B0x3456B0x329fB0x1362cB0x1395	0x8d0fB0x3a30B0x3456B0x329fB0x1362cB0x1395
0x2041B0x3a30B0x3456B0x329fB0x1362cB0x1395	0x8d32B0x3a30B0x3456B0x329fB0x1362cB0x1395
0x2041B0x3a30B0x3456B0x329fB0x1362cB0x1395	0x204eB0x3a30B0x3456B0x329fB0x1362cB0x1395
0x201cB0x3a30B0x3456B0x329fB0x1362cB0x1395	0x202eB0x3a30B0x3456B0x329fB0x1362cB0x1395
0x201cB0x3a30B0x3456B0x329fB0x1362cB0x1395	0x8cecB0x3a30B0x3456B0x329fB0x1362cB0x1395
0x358bB0x3285B0x1362cB0x1395	0x3631B0x3285B0x1362cB0x1395
0x358bB0x3285B0x1362cB0x1395	0x3592B0x3285B0x1362cB0x1395
0x35a6B0x3285B0x1362cB0x1395	0x9511B0x3285B0x1362cB0x1395
0x35a6B0x3285B0x1362cB0x1395	0x35cfB0x3285B0x1362cB0x1395
0x3621B0x3285B0x1362cB0x1395	0x35e0B0x3285B0x1362cB0x1395
0x3578B0x3285B0x1362cB0x1395	0x3a1eB0x3578B0x3285B0x1362cB0x1395
0x3581B0x3285B0x1362cB0x1395	0x358bB0x3285B0x1362cB0x1395
0x3581B0x3285B0x1362cB0x1395	0x94a2B0x3285B0x1362cB0x1395
0x359bB0x3285B0x1362cB0x1395	0x35a6B0x3285B0x1362cB0x1395
0x359bB0x3285B0x1362cB0x1395	0x94eeB0x3285B0x1362cB0x1395
0x35dcB0x3285B0x1362cB0x1395	0x35e0B0x3285B0x1362cB0x1395
0x3628B0x3285B0x1362cB0x1395	0x35d4B0x3285B0x1362cB0x1395
0x35e0B0x3285B0x1362cB0x1395	0x953dB0x3285B0x1362cB0x1395
0x35e0B0x3285B0x1362cB0x1395	0x361bB0x3285B0x1362cB0x1395
0x35d4B0x3285B0x1362cB0x1395	0x13997B0x1362cB0x1395
0x3592B0x3285B0x1362cB0x1395	0x201cB0x3592B0x3285B0x1362cB0x1395
0x35cfB0x3285B0x1362cB0x1395	0x35dcB0x3285B0x1362cB0x1395
0x35cfB0x3285B0x1362cB0x1395	0x35d4B0x3285B0x1362cB0x1395
0x361bB0x3285B0x1362cB0x1395	0x3621B0x3285B0x1362cB0x1395
0x361bB0x3285B0x1362cB0x1395	0x3628B0x3285B0x1362cB0x1395
0x202eB0x3592B0x3285B0x1362cB0x1395	0x2041B0x3592B0x3285B0x1362cB0x1395
0x202eB0x3592B0x3285B0x1362cB0x1395	0x8d0fB0x3592B0x3285B0x1362cB0x1395
0x2041B0x3592B0x3285B0x1362cB0x1395	0x8d32B0x3592B0x3285B0x1362cB0x1395
0x2041B0x3592B0x3285B0x1362cB0x1395	0x204eB0x3592B0x3285B0x1362cB0x1395
0x201cB0x3592B0x3285B0x1362cB0x1395	0x202eB0x3592B0x3285B0x1362cB0x1395
0x201cB0x3592B0x3285B0x1362cB0x1395	0x8cecB0x3592B0x3285B0x1362cB0x1395
0x3a3fB0x3578B0x3285B0x1362cB0x1395	0x96bcB0x3578B0x3285B0x1362cB0x1395
0x3a3fB0x3578B0x3285B0x1362cB0x1395	0x3a4cB0x3578B0x3285B0x1362cB0x1395
0x3a1eB0x3578B0x3285B0x1362cB0x1395	0x201cB0x3a1eB0x3578B0x3285B0x1362cB0x1395
0x3a28B0x3578B0x3285B0x1362cB0x1395	0x3a4eB0x3578B0x3285B0x1362cB0x1395
0x3a28B0x3578B0x3285B0x1362cB0x1395	0x3a30B0x3578B0x3285B0x1362cB0x1395
0x3a4eB0x3578B0x3285B0x1362cB0x1395	0x3581B0x3285B0x1362cB0x1395
0x3a39B0x3578B0x3285B0x1362cB0x1395	0x3a3fB0x3578B0x3285B0x1362cB0x1395
0x3a39B0x3578B0x3285B0x1362cB0x1395	0x9670B0x3578B0x3285B0x1362cB0x1395
0x3a30B0x3578B0x3285B0x1362cB0x1395	0x201cB0x3a30B0x3578B0x3285B0x1362cB0x1395
0x202eB0x3a1eB0x3578B0x3285B0x1362cB0x1395	0x2041B0x3a1eB0x3578B0x3285B0x1362cB0x1395
0x202eB0x3a1eB0x3578B0x3285B0x1362cB0x1395	0x8d0fB0x3a1eB0x3578B0x3285B0x1362cB0x1395
0x2041B0x3a1eB0x3578B0x3285B0x1362cB0x1395	0x8d32B0x3a1eB0x3578B0x3285B0x1362cB0x1395
0x2041B0x3a1eB0x3578B0x3285B0x1362cB0x1395	0x204eB0x3a1eB0x3578B0x3285B0x1362cB0x1395
0x201cB0x3a1eB0x3578B0x3285B0x1362cB0x1395	0x202eB0x3a1eB0x3578B0x3285B0x1362cB0x1395
0x201cB0x3a1eB0x3578B0x3285B0x1362cB0x1395	0x8cecB0x3a1eB0x3578B0x3285B0x1362cB0x1395
0x202eB0x3a30B0x3578B0x3285B0x1362cB0x1395	0x2041B0x3a30B0x3578B0x3285B0x1362cB0x1395
0x202eB0x3a30B0x3578B0x3285B0x1362cB0x1395	0x8d0fB0x3a30B0x3578B0x3285B0x1362cB0x1395
0x2041B0x3a30B0x3578B0x3285B0x1362cB0x1395	0x8d32B0x3a30B0x3578B0x3285B0x1362cB0x1395
0x2041B0x3a30B0x3578B0x3285B0x1362cB0x1395	0x204eB0x3a30B0x3578B0x3285B0x1362cB0x1395
0x201cB0x3a30B0x3578B0x3285B0x1362cB0x1395	0x202eB0x3a30B0x3578B0x3285B0x1362cB0x1395
0x201cB0x3a30B0x3578B0x3285B0x1362cB0x1395	0x8cecB0x3a30B0x3578B0x3285B0x1362cB0x1395
0x204eB0x3259B0x1362cB0x1395	0x3263B0x1362cB0x1395
0x3a4cB0x326bB0x1362cB0x1395	0x3273B0x1362cB0x1395
0x204eB0x3a1eB0x326bB0x1362cB0x1395	0x3a28B0x326bB0x1362cB0x1395
0x204eB0x3a30B0x326bB0x1362cB0x1395	0x3a39B0x326bB0x1362cB0x1395
0x2061B0x3b89B0x13997B0x1362cB0x1395	0x3b95B0x13997B0x1362cB0x1395
0x204eB0x3b95B0x13997B0x1362cB0x1395	0x3ba5B0x13997B0x1362cB0x1395
0x204eB0x3470B0x329fB0x1362cB0x1395	0x3479B0x329fB0x1362cB0x1395
0x3a4cB0x3456B0x329fB0x1362cB0x1395	0x345fB0x329fB0x1362cB0x1395
0x204eB0x3a1eB0x3456B0x329fB0x1362cB0x1395	0x3a28B0x3456B0x329fB0x1362cB0x1395
0x204eB0x3a30B0x3456B0x329fB0x1362cB0x1395	0x3a39B0x3456B0x329fB0x1362cB0x1395
0x204eB0x3592B0x3285B0x1362cB0x1395	0x359bB0x3285B0x1362cB0x1395
0x3a4cB0x3578B0x3285B0x1362cB0x1395	0x3581B0x3285B0x1362cB0x1395
0x204eB0x3a1eB0x3578B0x3285B0x1362cB0x1395	0x3a28B0x3578B0x3285B0x1362cB0x1395
0x204eB0x3a30B0x3578B0x3285B0x1362cB0x1395	0x3a39B0x3578B0x3285B0x1362cB0x1395
0x3a64B0x139deB0x1362cB0x1395	0x1f26B0x3a64B0x139deB0x1362cB0x1395
0x3af9B0x139deB0x1362cB0x1395	0x33c1B0x3af9B0x139deB0x1362cB0x1395
0x3aa1B0x139deB0x1362cB0x1395	0x3abbB0x139deB0x1362cB0x1395
0x3a8fB0x139deB0x1362cB0x1395	0x2523B0x3a8fB0x139deB0x1362cB0x1395
0x13b68B0x139deB0x1362cB0x1395	0x1f42B0x13b68B0x139deB0x1362cB0x1395
0x3abbB0x139deB0x1362cB0x1395	0x13b68B0x139deB0x1362cB0x1395
0x3b05B0x139deB0x1362cB0x1395	0x3b16B0x139deB0x1362cB0x1395
0x3b32B0x139deB0x1362cB0x1395	0x3b16B0x139deB0x1362cB0x1395
0x13b95B0x139deB0x1362cB0x1395	0x13a03B0x1362cB0x1395
0x3b16B0x139deB0x1362cB0x1395	0x3b32B0x139deB0x1362cB0x1395
0x3b16B0x139deB0x1362cB0x1395	0x3b1eB0x139deB0x1362cB0x1395
0x3a54B0x139deB0x1362cB0x1395	0x1f42B0x3a54B0x139deB0x1362cB0x1395
0x3b1eB0x139deB0x1362cB0x1395	0x1f42B0x3b1eB0x139deB0x1362cB0x1395
0x1f3eB0x3a64B0x139deB0x1362cB0x1395	0x3a8fB0x139deB0x1362cB0x1395
0x1f26B0x3a64B0x139deB0x1362cB0x1395	0x1f3eB0x3a64B0x139deB0x1362cB0x1395
0x1f26B0x3a64B0x139deB0x1362cB0x1395	0x8c08B0x3a64B0x139deB0x1362cB0x1395
0x33c9B0x3af9B0x139deB0x1362cB0x1395	0x3b05B0x139deB0x1362cB0x1395
0x33c1B0x3af9B0x139deB0x1362cB0x1395	0x33c9B0x3af9B0x139deB0x1362cB0x1395
0x33c1B0x3af9B0x139deB0x1362cB0x1395	0x932cB0x3af9B0x139deB0x1362cB0x1395
0x1f610x1f42B0x13b68B0x139deB0x1362cB0x1395	0x3af9B0x139deB0x1362cB0x1395
0x1f42B0x13b68B0x139deB0x1362cB0x1395	0x1f610x1f42B0x13b68B0x139deB0x1362cB0x1395
0x1f42B0x13b68B0x139deB0x1362cB0x1395	0x8c540x1f42B0x13b68B0x139deB0x1362cB0x1395
0x1f610x1f42B0x3a54B0x139deB0x1362cB0x1395	0x3a64B0x139deB0x1362cB0x1395
0x1f42B0x3a54B0x139deB0x1362cB0x1395	0x1f610x1f42B0x3a54B0x139deB0x1362cB0x1395
0x1f42B0x3a54B0x139deB0x1362cB0x1395	0x8c540x1f42B0x3a54B0x139deB0x1362cB0x1395
0x1f610x1f42B0x3b1eB0x139deB0x1362cB0x1395	0x13b95B0x139deB0x1362cB0x1395
0x1f42B0x3b1eB0x139deB0x1362cB0x1395	0x1f610x1f42B0x3b1eB0x139deB0x1362cB0x1395
0x1f42B0x3b1eB0x139deB0x1362cB0x1395	0x8c540x1f42B0x3b1eB0x139deB0x1362cB0x1395
0x2523B0x3a8fB0x139deB0x1362cB0x1395	0x1f65B0x2523B0x3a8fB0x139deB0x1362cB0x1395
0x252fB0x3a8fB0x139deB0x1362cB0x1395	0x1f42B0x252fB0x3a8fB0x139deB0x1362cB0x1395
0x253dB0x3a8fB0x139deB0x1362cB0x1395	0x8fa8B0x3a8fB0x139deB0x1362cB0x1395
0x253dB0x3a8fB0x139deB0x1362cB0x1395	0x254bB0x3a8fB0x139deB0x1362cB0x1395
0x254bB0x3a8fB0x139deB0x1362cB0x1395	0x3aa1B0x139deB0x1362cB0x1395
0x1f610x1f42B0x252fB0x3a8fB0x139deB0x1362cB0x1395	0x253dB0x3a8fB0x139deB0x1362cB0x1395
0x1f42B0x252fB0x3a8fB0x139deB0x1362cB0x1395	0x1f610x1f42B0x252fB0x3a8fB0x139deB0x1362cB0x1395
0x1f42B0x252fB0x3a8fB0x139deB0x1362cB0x1395	0x8c540x1f42B0x252fB0x3a8fB0x139deB0x1362cB0x1395
0x1f75B0x2523B0x3a8fB0x139deB0x1362cB0x1395	0x252fB0x3a8fB0x139deB0x1362cB0x1395
0x1f65B0x2523B0x3a8fB0x139deB0x1362cB0x1395	0x1f75B0x2523B0x3a8fB0x139deB0x1362cB0x1395
0x1f65B0x2523B0x3a8fB0x139deB0x1362cB0x1395	0x8ca0B0x2523B0x3a8fB0x139deB0x1362cB0x1395
0x326bB0x13680B0x1395	0x3a1eB0x326bB0x13680B0x1395
0x327dB0x13680B0x1395	0x3297B0x13680B0x1395
0x327dB0x13680B0x1395	0x3285B0x13680B0x1395
0x329fB0x13680B0x1395	0x3456B0x329fB0x13680B0x1395
0x3259B0x13680B0x1395	0x201cB0x3259B0x13680B0x1395
0x3263B0x13680B0x1395	0x326bB0x13680B0x1395
0x3263B0x13680B0x1395	0x32b00x3259B0x13680B0x1395
0x3273B0x13680B0x1395	0x327dB0x13680B0x1395
0x3273B0x13680B0x1395	0x9271B0x13680B0x1395
0x3297B0x13680B0x1395	0x329fB0x13680B0x1395
0x3297B0x13680B0x1395	0x32b00x3259B0x13680B0x1395
0x13997B0x13680B0x1395	0x3b4bB0x13997B0x13680B0x1395
0x139bcB0x13680B0x1395	0x13650B0x1395
0x139deB0x13680B0x1395	0x3a54B0x139deB0x13680B0x1395
0x13a03B0x13680B0x1395	0x13650B0x1395
0x3285B0x13680B0x1395	0x3578B0x3285B0x13680B0x1395
0x32b00x3259B0x13680B0x1395	0x13650B0x1395
0x202eB0x3259B0x13680B0x1395	0x2041B0x3259B0x13680B0x1395
0x202eB0x3259B0x13680B0x1395	0x8d0fB0x3259B0x13680B0x1395
0x2041B0x3259B0x13680B0x1395	0x8d32B0x3259B0x13680B0x1395
0x2041B0x3259B0x13680B0x1395	0x204eB0x3259B0x13680B0x1395
0x201cB0x3259B0x13680B0x1395	0x202eB0x3259B0x13680B0x1395
0x201cB0x3259B0x13680B0x1395	0x8cecB0x3259B0x13680B0x1395
0x3a3fB0x326bB0x13680B0x1395	0x96bcB0x326bB0x13680B0x1395
0x3a3fB0x326bB0x13680B0x1395	0x3a4cB0x326bB0x13680B0x1395
0x3a1eB0x326bB0x13680B0x1395	0x201cB0x3a1eB0x326bB0x13680B0x1395
0x3a28B0x326bB0x13680B0x1395	0x3a4eB0x326bB0x13680B0x1395
0x3a28B0x326bB0x13680B0x1395	0x3a30B0x326bB0x13680B0x1395
0x3a4eB0x326bB0x13680B0x1395	0x3273B0x13680B0x1395
0x3a39B0x326bB0x13680B0x1395	0x3a3fB0x326bB0x13680B0x1395
0x3a39B0x326bB0x13680B0x1395	0x9670B0x326bB0x13680B0x1395
0x3a30B0x326bB0x13680B0x1395	0x201cB0x3a30B0x326bB0x13680B0x1395
0x202eB0x3a1eB0x326bB0x13680B0x1395	0x2041B0x3a1eB0x326bB0x13680B0x1395
0x202eB0x3a1eB0x326bB0x13680B0x1395	0x8d0fB0x3a1eB0x326bB0x13680B0x1395
0x2041B0x3a1eB0x326bB0x13680B0x1395	0x8d32B0x3a1eB0x326bB0x13680B0x1395
0x2041B0x3a1eB0x326bB0x13680B0x1395	0x204eB0x3a1eB0x326bB0x13680B0x1395
0x201cB0x3a1eB0x326bB0x13680B0x1395	0x202eB0x3a1eB0x326bB0x13680B0x1395
0x201cB0x3a1eB0x326bB0x13680B0x1395	0x8cecB0x3a1eB0x326bB0x13680B0x1395
0x202eB0x3a30B0x326bB0x13680B0x1395	0x2041B0x3a30B0x326bB0x13680B0x1395
0x202eB0x3a30B0x326bB0x13680B0x1395	0x8d0fB0x3a30B0x326bB0x13680B0x1395
0x2041B0x3a30B0x326bB0x13680B0x1395	0x8d32B0x3a30B0x326bB0x13680B0x1395
0x2041B0x3a30B0x326bB0x13680B0x1395	0x204eB0x3a30B0x326bB0x13680B0x1395
0x201cB0x3a30B0x326bB0x13680B0x1395	0x202eB0x3a30B0x326bB0x13680B0x1395
0x201cB0x3a30B0x326bB0x13680B0x1395	0x8cecB0x3a30B0x326bB0x13680B0x1395
0x3b53B0x13997B0x13680B0x1395	0x3b67B0x13997B0x13680B0x1395
0x3b70B0x13997B0x13680B0x1395	0x21a2B0x3b70B0x13997B0x13680B0x1395
0x3c07B0x13997B0x13680B0x1395	0x139bcB0x13680B0x1395
0x3bf5B0x13997B0x13680B0x1395	0x139bcB0x13680B0x1395
0x3b81B0x13997B0x13680B0x1395	0x3b89B0x13997B0x13680B0x1395
0x3b89B0x13997B0x13680B0x1395	0x204fB0x3b89B0x13997B0x13680B0x1395
0x3be3B0x13997B0x13680B0x1395	0x3b67B0x13997B0x13680B0x1395
0x3b95B0x13997B0x13680B0x1395	0x201cB0x3b95B0x13997B0x13680B0x1395
0x13bbaB0x13997B0x13680B0x1395	0x1f42B0x13bbaB0x13997B0x13680B0x1395
0x3ba5B0x13997B0x13680B0x1395	0x13bbaB0x13997B0x13680B0x1395
0x3b67B0x13997B0x13680B0x1395	0x3b70B0x13997B0x13680B0x1395
0x3b67B0x13997B0x13680B0x1395	0x3bf5B0x13997B0x13680B0x1395
0x3b4bB0x13997B0x13680B0x1395	0x3b53B0x13997B0x13680B0x1395
0x3b4bB0x13997B0x13680B0x1395	0x3c07B0x13997B0x13680B0x1395
0x21d2B0x3b70B0x13997B0x13680B0x1395	0x3b81B0x13997B0x13680B0x1395
0x21a2B0x3b70B0x13997B0x13680B0x1395	0x21d2B0x3b70B0x13997B0x13680B0x1395
0x21a2B0x3b70B0x13997B0x13680B0x1395	0x8e04B0x3b70B0x13997B0x13680B0x1395
0x204fB0x3b89B0x13997B0x13680B0x1395	0x8d55B0x3b89B0x13997B0x13680B0x1395
0x204fB0x3b89B0x13997B0x13680B0x1395	0x2061B0x3b89B0x13997B0x13680B0x1395
0x202eB0x3b95B0x13997B0x13680B0x1395	0x2041B0x3b95B0x13997B0x13680B0x1395
0x202eB0x3b95B0x13997B0x13680B0x1395	0x8d0fB0x3b95B0x13997B0x13680B0x1395
0x2041B0x3b95B0x13997B0x13680B0x1395	0x8d32B0x3b95B0x13997B0x13680B0x1395
0x2041B0x3b95B0x13997B0x13680B0x1395	0x204eB0x3b95B0x13997B0x13680B0x1395
0x201cB0x3b95B0x13997B0x13680B0x1395	0x202eB0x3b95B0x13997B0x13680B0x1395
0x201cB0x3b95B0x13997B0x13680B0x1395	0x8cecB0x3b95B0x13997B0x13680B0x1395
0x1f610x1f42B0x13bbaB0x13997B0x13680B0x1395	0x3be3B0x13997B0x13680B0x1395
0x1f42B0x13bbaB0x13997B0x13680B0x1395	0x1f610x1f42B0x13bbaB0x13997B0x13680B0x1395
0x1f42B0x13bbaB0x13997B0x13680B0x1395	0x8c540x1f42B0x13bbaB0x13997B0x13680B0x1395
0x3469B0x329fB0x13680B0x1395	0x34c0B0x329fB0x13680B0x1395
0x3469B0x329fB0x13680B0x1395	0x3470B0x329fB0x13680B0x1395
0x3484B0x329fB0x13680B0x1395	0x348fB0x329fB0x13680B0x1395
0x3484B0x329fB0x13680B0x1395	0x947fB0x329fB0x13680B0x1395
0x348fB0x329fB0x13680B0x1395	0x139deB0x13680B0x1395
0x3456B0x329fB0x13680B0x1395	0x3a1eB0x3456B0x329fB0x13680B0x1395
0x345fB0x329fB0x13680B0x1395	0x3469B0x329fB0x13680B0x1395
0x345fB0x329fB0x13680B0x1395	0x9410B0x329fB0x13680B0x1395
0x3479B0x329fB0x13680B0x1395	0x3484B0x329fB0x13680B0x1395
0x3479B0x329fB0x13680B0x1395	0x945cB0x329fB0x13680B0x1395
0x3470B0x329fB0x13680B0x1395	0x201cB0x3470B0x329fB0x13680B0x1395
0x202eB0x3470B0x329fB0x13680B0x1395	0x2041B0x3470B0x329fB0x13680B0x1395
0x202eB0x3470B0x329fB0x13680B0x1395	0x8d0fB0x3470B0x329fB0x13680B0x1395
0x2041B0x3470B0x329fB0x13680B0x1395	0x8d32B0x3470B0x329fB0x13680B0x1395
0x2041B0x3470B0x329fB0x13680B0x1395	0x204eB0x3470B0x329fB0x13680B0x1395
0x201cB0x3470B0x329fB0x13680B0x1395	0x202eB0x3470B0x329fB0x13680B0x1395
0x201cB0x3470B0x329fB0x13680B0x1395	0x8cecB0x3470B0x329fB0x13680B0x1395
0x3a3fB0x3456B0x329fB0x13680B0x1395	0x96bcB0x3456B0x329fB0x13680B0x1395
0x3a3fB0x3456B0x329fB0x13680B0x1395	0x3a4cB0x3456B0x329fB0x13680B0x1395
0x3a1eB0x3456B0x329fB0x13680B0x1395	0x201cB0x3a1eB0x3456B0x329fB0x13680B0x1395
0x3a28B0x3456B0x329fB0x13680B0x1395	0x3a4eB0x3456B0x329fB0x13680B0x1395
0x3a28B0x3456B0x329fB0x13680B0x1395	0x3a30B0x3456B0x329fB0x13680B0x1395
0x3a4eB0x3456B0x329fB0x13680B0x1395	0x345fB0x329fB0x13680B0x1395
0x3a39B0x3456B0x329fB0x13680B0x1395	0x3a3fB0x3456B0x329fB0x13680B0x1395
0x3a39B0x3456B0x329fB0x13680B0x1395	0x9670B0x3456B0x329fB0x13680B0x1395
0x3a30B0x3456B0x329fB0x13680B0x1395	0x201cB0x3a30B0x3456B0x329fB0x13680B0x1395
0x202eB0x3a1eB0x3456B0x329fB0x13680B0x1395	0x2041B0x3a1eB0x3456B0x329fB0x13680B0x1395
0x202eB0x3a1eB0x3456B0x329fB0x13680B0x1395	0x8d0fB0x3a1eB0x3456B0x329fB0x13680B0x1395
0x2041B0x3a1eB0x3456B0x329fB0x13680B0x1395	0x8d32B0x3a1eB0x3456B0x329fB0x13680B0x1395
0x2041B0x3a1eB0x3456B0x329fB0x13680B0x1395	0x204eB0x3a1eB0x3456B0x329fB0x13680B0x1395
0x201cB0x3a1eB0x3456B0x329fB0x13680B0x1395	0x202eB0x3a1eB0x3456B0x329fB0x13680B0x1395
0x201cB0x3a1eB0x3456B0x329fB0x13680B0x1395	0x8cecB0x3a1eB0x3456B0x329fB0x13680B0x1395
0x202eB0x3a30B0x3456B0x329fB0x13680B0x1395	0x2041B0x3a30B0x3456B0x329fB0x13680B0x1395
0x202eB0x3a30B0x3456B0x329fB0x13680B0x1395	0x8d0fB0x3a30B0x3456B0x329fB0x13680B0x1395
0x2041B0x3a30B0x3456B0x329fB0x13680B0x1395	0x8d32B0x3a30B0x3456B0x329fB0x13680B0x1395
0x2041B0x3a30B0x3456B0x329fB0x13680B0x1395	0x204eB0x3a30B0x3456B0x329fB0x13680B0x1395
0x201cB0x3a30B0x3456B0x329fB0x13680B0x1395	0x202eB0x3a30B0x3456B0x329fB0x13680B0x1395
0x201cB0x3a30B0x3456B0x329fB0x13680B0x1395	0x8cecB0x3a30B0x3456B0x329fB0x13680B0x1395
0x358bB0x3285B0x13680B0x1395	0x3631B0x3285B0x13680B0x1395
0x358bB0x3285B0x13680B0x1395	0x3592B0x3285B0x13680B0x1395
0x35a6B0x3285B0x13680B0x1395	0x9511B0x3285B0x13680B0x1395
0x35a6B0x3285B0x13680B0x1395	0x35cfB0x3285B0x13680B0x1395
0x3621B0x3285B0x13680B0x1395	0x35e0B0x3285B0x13680B0x1395
0x3578B0x3285B0x13680B0x1395	0x3a1eB0x3578B0x3285B0x13680B0x1395
0x3581B0x3285B0x13680B0x1395	0x358bB0x3285B0x13680B0x1395
0x3581B0x3285B0x13680B0x1395	0x94a2B0x3285B0x13680B0x1395
0x359bB0x3285B0x13680B0x1395	0x35a6B0x3285B0x13680B0x1395
0x359bB0x3285B0x13680B0x1395	0x94eeB0x3285B0x13680B0x1395
0x35dcB0x3285B0x13680B0x1395	0x35e0B0x3285B0x13680B0x1395
0x3628B0x3285B0x13680B0x1395	0x35d4B0x3285B0x13680B0x1395
0x35e0B0x3285B0x13680B0x1395	0x953dB0x3285B0x13680B0x1395
0x35e0B0x3285B0x13680B0x1395	0x361bB0x3285B0x13680B0x1395
0x35d4B0x3285B0x13680B0x1395	0x13997B0x13680B0x1395
0x3592B0x3285B0x13680B0x1395	0x201cB0x3592B0x3285B0x13680B0x1395
0x35cfB0x3285B0x13680B0x1395	0x35dcB0x3285B0x13680B0x1395
0x35cfB0x3285B0x13680B0x1395	0x35d4B0x3285B0x13680B0x1395
0x361bB0x3285B0x13680B0x1395	0x3621B0x3285B0x13680B0x1395
0x361bB0x3285B0x13680B0x1395	0x3628B0x3285B0x13680B0x1395
0x202eB0x3592B0x3285B0x13680B0x1395	0x2041B0x3592B0x3285B0x13680B0x1395
0x202eB0x3592B0x3285B0x13680B0x1395	0x8d0fB0x3592B0x3285B0x13680B0x1395
0x2041B0x3592B0x3285B0x13680B0x1395	0x8d32B0x3592B0x3285B0x13680B0x1395
0x2041B0x3592B0x3285B0x13680B0x1395	0x204eB0x3592B0x3285B0x13680B0x1395
0x201cB0x3592B0x3285B0x13680B0x1395	0x202eB0x3592B0x3285B0x13680B0x1395
0x201cB0x3592B0x3285B0x13680B0x1395	0x8cecB0x3592B0x3285B0x13680B0x1395
0x3a3fB0x3578B0x3285B0x13680B0x1395	0x96bcB0x3578B0x3285B0x13680B0x1395
0x3a3fB0x3578B0x3285B0x13680B0x1395	0x3a4cB0x3578B0x3285B0x13680B0x1395
0x3a1eB0x3578B0x3285B0x13680B0x1395	0x201cB0x3a1eB0x3578B0x3285B0x13680B0x1395
0x3a28B0x3578B0x3285B0x13680B0x1395	0x3a4eB0x3578B0x3285B0x13680B0x1395
0x3a28B0x3578B0x3285B0x13680B0x1395	0x3a30B0x3578B0x3285B0x13680B0x1395
0x3a4eB0x3578B0x3285B0x13680B0x1395	0x3581B0x3285B0x13680B0x1395
0x3a39B0x3578B0x3285B0x13680B0x1395	0x3a3fB0x3578B0x3285B0x13680B0x1395
0x3a39B0x3578B0x3285B0x13680B0x1395	0x9670B0x3578B0x3285B0x13680B0x1395
0x3a30B0x3578B0x3285B0x13680B0x1395	0x201cB0x3a30B0x3578B0x3285B0x13680B0x1395
0x202eB0x3a1eB0x3578B0x3285B0x13680B0x1395	0x2041B0x3a1eB0x3578B0x3285B0x13680B0x1395
0x202eB0x3a1eB0x3578B0x3285B0x13680B0x1395	0x8d0fB0x3a1eB0x3578B0x3285B0x13680B0x1395
0x2041B0x3a1eB0x3578B0x3285B0x13680B0x1395	0x8d32B0x3a1eB0x3578B0x3285B0x13680B0x1395
0x2041B0x3a1eB0x3578B0x3285B0x13680B0x1395	0x204eB0x3a1eB0x3578B0x3285B0x13680B0x1395
0x201cB0x3a1eB0x3578B0x3285B0x13680B0x1395	0x202eB0x3a1eB0x3578B0x3285B0x13680B0x1395
0x201cB0x3a1eB0x3578B0x3285B0x13680B0x1395	0x8cecB0x3a1eB0x3578B0x3285B0x13680B0x1395
0x202eB0x3a30B0x3578B0x3285B0x13680B0x1395	0x2041B0x3a30B0x3578B0x3285B0x13680B0x1395
0x202eB0x3a30B0x3578B0x3285B0x13680B0x1395	0x8d0fB0x3a30B0x3578B0x3285B0x13680B0x1395
0x2041B0x3a30B0x3578B0x3285B0x13680B0x1395	0x8d32B0x3a30B0x3578B0x3285B0x13680B0x1395
0x2041B0x3a30B0x3578B0x3285B0x13680B0x1395	0x204eB0x3a30B0x3578B0x3285B0x13680B0x1395
0x201cB0x3a30B0x3578B0x3285B0x13680B0x1395	0x202eB0x3a30B0x3578B0x3285B0x13680B0x1395
0x201cB0x3a30B0x3578B0x3285B0x13680B0x1395	0x8cecB0x3a30B0x3578B0x3285B0x13680B0x1395
0x204eB0x3259B0x13680B0x1395	0x3263B0x13680B0x1395
0x3a4cB0x326bB0x13680B0x1395	0x3273B0x13680B0x1395
0x204eB0x3a1eB0x326bB0x13680B0x1395	0x3a28B0x326bB0x13680B0x1395
0x204eB0x3a30B0x326bB0x13680B0x1395	0x3a39B0x326bB0x13680B0x1395
0x2061B0x3b89B0x13997B0x13680B0x1395	0x3b95B0x13997B0x13680B0x1395
0x204eB0x3b95B0x13997B0x13680B0x1395	0x3ba5B0x13997B0x13680B0x1395
0x204eB0x3470B0x329fB0x13680B0x1395	0x3479B0x329fB0x13680B0x1395
0x3a4cB0x3456B0x329fB0x13680B0x1395	0x345fB0x329fB0x13680B0x1395
0x204eB0x3a1eB0x3456B0x329fB0x13680B0x1395	0x3a28B0x3456B0x329fB0x13680B0x1395
0x204eB0x3a30B0x3456B0x329fB0x13680B0x1395	0x3a39B0x3456B0x329fB0x13680B0x1395
0x204eB0x3592B0x3285B0x13680B0x1395	0x359bB0x3285B0x13680B0x1395
0x3a4cB0x3578B0x3285B0x13680B0x1395	0x3581B0x3285B0x13680B0x1395
0x204eB0x3a1eB0x3578B0x3285B0x13680B0x1395	0x3a28B0x3578B0x3285B0x13680B0x1395
0x204eB0x3a30B0x3578B0x3285B0x13680B0x1395	0x3a39B0x3578B0x3285B0x13680B0x1395
0x3a64B0x139deB0x13680B0x1395	0x1f26B0x3a64B0x139deB0x13680B0x1395
0x3af9B0x139deB0x13680B0x1395	0x33c1B0x3af9B0x139deB0x13680B0x1395
0x3aa1B0x139deB0x13680B0x1395	0x3abbB0x139deB0x13680B0x1395
0x3a8fB0x139deB0x13680B0x1395	0x2523B0x3a8fB0x139deB0x13680B0x1395
0x13b68B0x139deB0x13680B0x1395	0x1f42B0x13b68B0x139deB0x13680B0x1395
0x3abbB0x139deB0x13680B0x1395	0x13b68B0x139deB0x13680B0x1395
0x3b05B0x139deB0x13680B0x1395	0x3b16B0x139deB0x13680B0x1395
0x3b32B0x139deB0x13680B0x1395	0x3b16B0x139deB0x13680B0x1395
0x13b95B0x139deB0x13680B0x1395	0x13a03B0x13680B0x1395
0x3b16B0x139deB0x13680B0x1395	0x3b32B0x139deB0x13680B0x1395
0x3b16B0x139deB0x13680B0x1395	0x3b1eB0x139deB0x13680B0x1395
0x3a54B0x139deB0x13680B0x1395	0x1f42B0x3a54B0x139deB0x13680B0x1395
0x3b1eB0x139deB0x13680B0x1395	0x1f42B0x3b1eB0x139deB0x13680B0x1395
0x1f3eB0x3a64B0x139deB0x13680B0x1395	0x3a8fB0x139deB0x13680B0x1395
0x1f26B0x3a64B0x139deB0x13680B0x1395	0x1f3eB0x3a64B0x139deB0x13680B0x1395
0x1f26B0x3a64B0x139deB0x13680B0x1395	0x8c08B0x3a64B0x139deB0x13680B0x1395
0x33c9B0x3af9B0x139deB0x13680B0x1395	0x3b05B0x139deB0x13680B0x1395
0x33c1B0x3af9B0x139deB0x13680B0x1395	0x33c9B0x3af9B0x139deB0x13680B0x1395
0x33c1B0x3af9B0x139deB0x13680B0x1395	0x932cB0x3af9B0x139deB0x13680B0x1395
0x1f610x1f42B0x13b68B0x139deB0x13680B0x1395	0x3af9B0x139deB0x13680B0x1395
0x1f42B0x13b68B0x139deB0x13680B0x1395	0x1f610x1f42B0x13b68B0x139deB0x13680B0x1395
0x1f42B0x13b68B0x139deB0x13680B0x1395	0x8c540x1f42B0x13b68B0x139deB0x13680B0x1395
0x1f610x1f42B0x3a54B0x139deB0x13680B0x1395	0x3a64B0x139deB0x13680B0x1395
0x1f42B0x3a54B0x139deB0x13680B0x1395	0x1f610x1f42B0x3a54B0x139deB0x13680B0x1395
0x1f42B0x3a54B0x139deB0x13680B0x1395	0x8c540x1f42B0x3a54B0x139deB0x13680B0x1395
0x1f610x1f42B0x3b1eB0x139deB0x13680B0x1395	0x13b95B0x139deB0x13680B0x1395
0x1f42B0x3b1eB0x139deB0x13680B0x1395	0x1f610x1f42B0x3b1eB0x139deB0x13680B0x1395
0x1f42B0x3b1eB0x139deB0x13680B0x1395	0x8c540x1f42B0x3b1eB0x139deB0x13680B0x1395
0x2523B0x3a8fB0x139deB0x13680B0x1395	0x1f65B0x2523B0x3a8fB0x139deB0x13680B0x1395
0x252fB0x3a8fB0x139deB0x13680B0x1395	0x1f42B0x252fB0x3a8fB0x139deB0x13680B0x1395
0x253dB0x3a8fB0x139deB0x13680B0x1395	0x8fa8B0x3a8fB0x139deB0x13680B0x1395
0x253dB0x3a8fB0x139deB0x13680B0x1395	0x254bB0x3a8fB0x139deB0x13680B0x1395
0x254bB0x3a8fB0x139deB0x13680B0x1395	0x3aa1B0x139deB0x13680B0x1395
0x1f610x1f42B0x252fB0x3a8fB0x139deB0x13680B0x1395	0x253dB0x3a8fB0x139deB0x13680B0x1395
0x1f42B0x252fB0x3a8fB0x139deB0x13680B0x1395	0x1f610x1f42B0x252fB0x3a8fB0x139deB0x13680B0x1395
0x1f42B0x252fB0x3a8fB0x139deB0x13680B0x1395	0x8c540x1f42B0x252fB0x3a8fB0x139deB0x13680B0x1395
0x1f75B0x2523B0x3a8fB0x139deB0x13680B0x1395	0x252fB0x3a8fB0x139deB0x13680B0x1395
0x1f65B0x2523B0x3a8fB0x139deB0x13680B0x1395	0x1f75B0x2523B0x3a8fB0x139deB0x13680B0x1395
0x1f65B0x2523B0x3a8fB0x139deB0x13680B0x1395	0x8ca0B0x2523B0x3a8fB0x139deB0x13680B0x1395
0x1f610x248cB0x1a08	0x1357aB0x1a08
0x248cB0x1a08	0x204fB0x248cB0x1a08
0x2498B0x1a08	0x2078B0x2498B0x1a08
0x1357aB0x1a08	0x1a11
0x24b0B0x1a08	0x2063B0x24b0B0x1a08
0x1359fB0x1a08	0x1f42B0x1359fB0x1a08
0x135ccB0x1a08	0x20aeB0x135ccB0x1a08
0x135ffB0x1a08	0x1f420x248cB0x1a08
0x24c8B0x1a08	0x2063B0x24c8B0x1a08
0x1362cB0x1a08	0x3259B0x1362cB0x1a08
0x13650B0x1a08	0x201cB0x13650B0x1a08
0x13680B0x1a08	0x3259B0x13680B0x1a08
0x13c0dB0x1a08	0x2523B0x13c0dB0x1a08
0x1f420x248cB0x1a08	0x1f610x248cB0x1a08
0x1f420x248cB0x1a08	0x8c540x248cB0x1a08
0x21220x248cB0x1a08	0x135ffB0x1a08
0x204fB0x248cB0x1a08	0x8d55B0x248cB0x1a08
0x204fB0x248cB0x1a08	0x2061B0x248cB0x1a08
0x208aB0x2498B0x1a08	0x209dB0x2498B0x1a08
0x208aB0x2498B0x1a08	0x8dbeB0x2498B0x1a08
0x209dB0x2498B0x1a08	0x8de1B0x2498B0x1a08
0x209dB0x2498B0x1a08	0x20adB0x2498B0x1a08
0x2078B0x2498B0x1a08	0x208aB0x2498B0x1a08
0x2078B0x2498B0x1a08	0x8d9bB0x2498B0x1a08
0x2075B0x24b0B0x1a08	0x1362cB0x1a08
0x2063B0x24b0B0x1a08	0x2075B0x24b0B0x1a08
0x2063B0x24b0B0x1a08	0x8d78B0x24b0B0x1a08
0x1f610x1f42B0x1359fB0x1a08	0x24b0B0x1a08
0x1f42B0x1359fB0x1a08	0x1f610x1f42B0x1359fB0x1a08
0x1f42B0x1359fB0x1a08	0x8c540x1f42B0x1359fB0x1a08
0x20aeB0x135ccB0x1a08	0x20b1B0x135ccB0x1a08
0x20beB0x135ccB0x1a08	0x20b1B0x135ccB0x1a08
0x20b1B0x135ccB0x1a08	0x20beB0x135ccB0x1a08
0x20b1B0x135ccB0x1a08	0x20b9B0x135ccB0x1a08
0x20b9B0x135ccB0x1a08	0x1359fB0x1a08
0x2075B0x24c8B0x1a08	0x13680B0x1a08
0x2063B0x24c8B0x1a08	0x2075B0x24c8B0x1a08
0x2063B0x24c8B0x1a08	0x8d78B0x24c8B0x1a08
0x202eB0x13650B0x1a08	0x2041B0x13650B0x1a08
0x202eB0x13650B0x1a08	0x8d0fB0x13650B0x1a08
0x2041B0x13650B0x1a08	0x8d32B0x13650B0x1a08
0x2041B0x13650B0x1a08	0x204eB0x13650B0x1a08
0x201cB0x13650B0x1a08	0x202eB0x13650B0x1a08
0x201cB0x13650B0x1a08	0x8cecB0x13650B0x1a08
0x2523B0x13c0dB0x1a08	0x1f65B0x2523B0x13c0dB0x1a08
0x252fB0x13c0dB0x1a08	0x1f42B0x252fB0x13c0dB0x1a08
0x253dB0x13c0dB0x1a08	0x8fa8B0x13c0dB0x1a08
0x253dB0x13c0dB0x1a08	0x254bB0x13c0dB0x1a08
0x254bB0x13c0dB0x1a08	0x21220x248cB0x1a08
0x1f610x1f42B0x252fB0x13c0dB0x1a08	0x253dB0x13c0dB0x1a08
0x1f42B0x252fB0x13c0dB0x1a08	0x1f610x1f42B0x252fB0x13c0dB0x1a08
0x1f42B0x252fB0x13c0dB0x1a08	0x8c540x1f42B0x252fB0x13c0dB0x1a08
0x1f75B0x2523B0x13c0dB0x1a08	0x252fB0x13c0dB0x1a08
0x1f65B0x2523B0x13c0dB0x1a08	0x1f75B0x2523B0x13c0dB0x1a08
0x1f65B0x2523B0x13c0dB0x1a08	0x8ca0B0x2523B0x13c0dB0x1a08
0x2061B0x248cB0x1a08	0x2498B0x1a08
0x20adB0x2498B0x1a08	0x135ccB0x1a08
0x204eB0x13650B0x1a08	0x13c0dB0x1a08
0x326bB0x1362cB0x1a08	0x3a1eB0x326bB0x1362cB0x1a08
0x327dB0x1362cB0x1a08	0x3297B0x1362cB0x1a08
0x327dB0x1362cB0x1a08	0x3285B0x1362cB0x1a08
0x329fB0x1362cB0x1a08	0x3456B0x329fB0x1362cB0x1a08
0x3259B0x1362cB0x1a08	0x201cB0x3259B0x1362cB0x1a08
0x3263B0x1362cB0x1a08	0x326bB0x1362cB0x1a08
0x3263B0x1362cB0x1a08	0x32b00x3259B0x1362cB0x1a08
0x3273B0x1362cB0x1a08	0x327dB0x1362cB0x1a08
0x3273B0x1362cB0x1a08	0x9271B0x1362cB0x1a08
0x3297B0x1362cB0x1a08	0x329fB0x1362cB0x1a08
0x3297B0x1362cB0x1a08	0x32b00x3259B0x1362cB0x1a08
0x13997B0x1362cB0x1a08	0x3b4bB0x13997B0x1362cB0x1a08
0x139bcB0x1362cB0x1a08	0x24c8B0x1a08
0x139deB0x1362cB0x1a08	0x3a54B0x139deB0x1362cB0x1a08
0x13a03B0x1362cB0x1a08	0x24c8B0x1a08
0x3285B0x1362cB0x1a08	0x3578B0x3285B0x1362cB0x1a08
0x32b00x3259B0x1362cB0x1a08	0x24c8B0x1a08
0x202eB0x3259B0x1362cB0x1a08	0x2041B0x3259B0x1362cB0x1a08
0x202eB0x3259B0x1362cB0x1a08	0x8d0fB0x3259B0x1362cB0x1a08
0x2041B0x3259B0x1362cB0x1a08	0x8d32B0x3259B0x1362cB0x1a08
0x2041B0x3259B0x1362cB0x1a08	0x204eB0x3259B0x1362cB0x1a08
0x201cB0x3259B0x1362cB0x1a08	0x202eB0x3259B0x1362cB0x1a08
0x201cB0x3259B0x1362cB0x1a08	0x8cecB0x3259B0x1362cB0x1a08
0x3a3fB0x326bB0x1362cB0x1a08	0x96bcB0x326bB0x1362cB0x1a08
0x3a3fB0x326bB0x1362cB0x1a08	0x3a4cB0x326bB0x1362cB0x1a08
0x3a1eB0x326bB0x1362cB0x1a08	0x201cB0x3a1eB0x326bB0x1362cB0x1a08
0x3a28B0x326bB0x1362cB0x1a08	0x3a4eB0x326bB0x1362cB0x1a08
0x3a28B0x326bB0x1362cB0x1a08	0x3a30B0x326bB0x1362cB0x1a08
0x3a4eB0x326bB0x1362cB0x1a08	0x3273B0x1362cB0x1a08
0x3a39B0x326bB0x1362cB0x1a08	0x3a3fB0x326bB0x1362cB0x1a08
0x3a39B0x326bB0x1362cB0x1a08	0x9670B0x326bB0x1362cB0x1a08
0x3a30B0x326bB0x1362cB0x1a08	0x201cB0x3a30B0x326bB0x1362cB0x1a08
0x202eB0x3a1eB0x326bB0x1362cB0x1a08	0x2041B0x3a1eB0x326bB0x1362cB0x1a08
0x202eB0x3a1eB0x326bB0x1362cB0x1a08	0x8d0fB0x3a1eB0x326bB0x1362cB0x1a08
0x2041B0x3a1eB0x326bB0x1362cB0x1a08	0x8d32B0x3a1eB0x326bB0x1362cB0x1a08
0x2041B0x3a1eB0x326bB0x1362cB0x1a08	0x204eB0x3a1eB0x326bB0x1362cB0x1a08
0x201cB0x3a1eB0x326bB0x1362cB0x1a08	0x202eB0x3a1eB0x326bB0x1362cB0x1a08
0x201cB0x3a1eB0x326bB0x1362cB0x1a08	0x8cecB0x3a1eB0x326bB0x1362cB0x1a08
0x202eB0x3a30B0x326bB0x1362cB0x1a08	0x2041B0x3a30B0x326bB0x1362cB0x1a08
0x202eB0x3a30B0x326bB0x1362cB0x1a08	0x8d0fB0x3a30B0x326bB0x1362cB0x1a08
0x2041B0x3a30B0x326bB0x1362cB0x1a08	0x8d32B0x3a30B0x326bB0x1362cB0x1a08
0x2041B0x3a30B0x326bB0x1362cB0x1a08	0x204eB0x3a30B0x326bB0x1362cB0x1a08
0x201cB0x3a30B0x326bB0x1362cB0x1a08	0x202eB0x3a30B0x326bB0x1362cB0x1a08
0x201cB0x3a30B0x326bB0x1362cB0x1a08	0x8cecB0x3a30B0x326bB0x1362cB0x1a08
0x3b53B0x13997B0x1362cB0x1a08	0x3b67B0x13997B0x1362cB0x1a08
0x3b70B0x13997B0x1362cB0x1a08	0x21a2B0x3b70B0x13997B0x1362cB0x1a08
0x3c07B0x13997B0x1362cB0x1a08	0x139bcB0x1362cB0x1a08
0x3bf5B0x13997B0x1362cB0x1a08	0x139bcB0x1362cB0x1a08
0x3b81B0x13997B0x1362cB0x1a08	0x3b89B0x13997B0x1362cB0x1a08
0x3b89B0x13997B0x1362cB0x1a08	0x204fB0x3b89B0x13997B0x1362cB0x1a08
0x3be3B0x13997B0x1362cB0x1a08	0x3b67B0x13997B0x1362cB0x1a08
0x3b95B0x13997B0x1362cB0x1a08	0x201cB0x3b95B0x13997B0x1362cB0x1a08
0x13bbaB0x13997B0x1362cB0x1a08	0x1f42B0x13bbaB0x13997B0x1362cB0x1a08
0x3ba5B0x13997B0x1362cB0x1a08	0x13bbaB0x13997B0x1362cB0x1a08
0x3b67B0x13997B0x1362cB0x1a08	0x3b70B0x13997B0x1362cB0x1a08
0x3b67B0x13997B0x1362cB0x1a08	0x3bf5B0x13997B0x1362cB0x1a08
0x3b4bB0x13997B0x1362cB0x1a08	0x3b53B0x13997B0x1362cB0x1a08
0x3b4bB0x13997B0x1362cB0x1a08	0x3c07B0x13997B0x1362cB0x1a08
0x21d2B0x3b70B0x13997B0x1362cB0x1a08	0x3b81B0x13997B0x1362cB0x1a08
0x21a2B0x3b70B0x13997B0x1362cB0x1a08	0x21d2B0x3b70B0x13997B0x1362cB0x1a08
0x21a2B0x3b70B0x13997B0x1362cB0x1a08	0x8e04B0x3b70B0x13997B0x1362cB0x1a08
0x204fB0x3b89B0x13997B0x1362cB0x1a08	0x8d55B0x3b89B0x13997B0x1362cB0x1a08
0x204fB0x3b89B0x13997B0x1362cB0x1a08	0x2061B0x3b89B0x13997B0x1362cB0x1a08
0x202eB0x3b95B0x13997B0x1362cB0x1a08	0x2041B0x3b95B0x13997B0x1362cB0x1a08
0x202eB0x3b95B0x13997B0x1362cB0x1a08	0x8d0fB0x3b95B0x13997B0x1362cB0x1a08
0x2041B0x3b95B0x13997B0x1362cB0x1a08	0x8d32B0x3b95B0x13997B0x1362cB0x1a08
0x2041B0x3b95B0x13997B0x1362cB0x1a08	0x204eB0x3b95B0x13997B0x1362cB0x1a08
0x201cB0x3b95B0x13997B0x1362cB0x1a08	0x202eB0x3b95B0x13997B0x1362cB0x1a08
0x201cB0x3b95B0x13997B0x1362cB0x1a08	0x8cecB0x3b95B0x13997B0x1362cB0x1a08
0x1f610x1f42B0x13bbaB0x13997B0x1362cB0x1a08	0x3be3B0x13997B0x1362cB0x1a08
0x1f42B0x13bbaB0x13997B0x1362cB0x1a08	0x1f610x1f42B0x13bbaB0x13997B0x1362cB0x1a08
0x1f42B0x13bbaB0x13997B0x1362cB0x1a08	0x8c540x1f42B0x13bbaB0x13997B0x1362cB0x1a08
0x3469B0x329fB0x1362cB0x1a08	0x34c0B0x329fB0x1362cB0x1a08
0x3469B0x329fB0x1362cB0x1a08	0x3470B0x329fB0x1362cB0x1a08
0x3484B0x329fB0x1362cB0x1a08	0x348fB0x329fB0x1362cB0x1a08
0x3484B0x329fB0x1362cB0x1a08	0x947fB0x329fB0x1362cB0x1a08
0x348fB0x329fB0x1362cB0x1a08	0x139deB0x1362cB0x1a08
0x3456B0x329fB0x1362cB0x1a08	0x3a1eB0x3456B0x329fB0x1362cB0x1a08
0x345fB0x329fB0x1362cB0x1a08	0x3469B0x329fB0x1362cB0x1a08
0x345fB0x329fB0x1362cB0x1a08	0x9410B0x329fB0x1362cB0x1a08
0x3479B0x329fB0x1362cB0x1a08	0x3484B0x329fB0x1362cB0x1a08
0x3479B0x329fB0x1362cB0x1a08	0x945cB0x329fB0x1362cB0x1a08
0x3470B0x329fB0x1362cB0x1a08	0x201cB0x3470B0x329fB0x1362cB0x1a08
0x202eB0x3470B0x329fB0x1362cB0x1a08	0x2041B0x3470B0x329fB0x1362cB0x1a08
0x202eB0x3470B0x329fB0x1362cB0x1a08	0x8d0fB0x3470B0x329fB0x1362cB0x1a08
0x2041B0x3470B0x329fB0x1362cB0x1a08	0x8d32B0x3470B0x329fB0x1362cB0x1a08
0x2041B0x3470B0x329fB0x1362cB0x1a08	0x204eB0x3470B0x329fB0x1362cB0x1a08
0x201cB0x3470B0x329fB0x1362cB0x1a08	0x202eB0x3470B0x329fB0x1362cB0x1a08
0x201cB0x3470B0x329fB0x1362cB0x1a08	0x8cecB0x3470B0x329fB0x1362cB0x1a08
0x3a3fB0x3456B0x329fB0x1362cB0x1a08	0x96bcB0x3456B0x329fB0x1362cB0x1a08
0x3a3fB0x3456B0x329fB0x1362cB0x1a08	0x3a4cB0x3456B0x329fB0x1362cB0x1a08
0x3a1eB0x3456B0x329fB0x1362cB0x1a08	0x201cB0x3a1eB0x3456B0x329fB0x1362cB0x1a08
0x3a28B0x3456B0x329fB0x1362cB0x1a08	0x3a4eB0x3456B0x329fB0x1362cB0x1a08
0x3a28B0x3456B0x329fB0x1362cB0x1a08	0x3a30B0x3456B0x329fB0x1362cB0x1a08
0x3a4eB0x3456B0x329fB0x1362cB0x1a08	0x345fB0x329fB0x1362cB0x1a08
0x3a39B0x3456B0x329fB0x1362cB0x1a08	0x3a3fB0x3456B0x329fB0x1362cB0x1a08
0x3a39B0x3456B0x329fB0x1362cB0x1a08	0x9670B0x3456B0x329fB0x1362cB0x1a08
0x3a30B0x3456B0x329fB0x1362cB0x1a08	0x201cB0x3a30B0x3456B0x329fB0x1362cB0x1a08
0x202eB0x3a1eB0x3456B0x329fB0x1362cB0x1a08	0x2041B0x3a1eB0x3456B0x329fB0x1362cB0x1a08
0x202eB0x3a1eB0x3456B0x329fB0x1362cB0x1a08	0x8d0fB0x3a1eB0x3456B0x329fB0x1362cB0x1a08
0x2041B0x3a1eB0x3456B0x329fB0x1362cB0x1a08	0x8d32B0x3a1eB0x3456B0x329fB0x1362cB0x1a08
0x2041B0x3a1eB0x3456B0x329fB0x1362cB0x1a08	0x204eB0x3a1eB0x3456B0x329fB0x1362cB0x1a08
0x201cB0x3a1eB0x3456B0x329fB0x1362cB0x1a08	0x202eB0x3a1eB0x3456B0x329fB0x1362cB0x1a08
0x201cB0x3a1eB0x3456B0x329fB0x1362cB0x1a08	0x8cecB0x3a1eB0x3456B0x329fB0x1362cB0x1a08
0x202eB0x3a30B0x3456B0x329fB0x1362cB0x1a08	0x2041B0x3a30B0x3456B0x329fB0x1362cB0x1a08
0x202eB0x3a30B0x3456B0x329fB0x1362cB0x1a08	0x8d0fB0x3a30B0x3456B0x329fB0x1362cB0x1a08
0x2041B0x3a30B0x3456B0x329fB0x1362cB0x1a08	0x8d32B0x3a30B0x3456B0x329fB0x1362cB0x1a08
0x2041B0x3a30B0x3456B0x329fB0x1362cB0x1a08	0x204eB0x3a30B0x3456B0x329fB0x1362cB0x1a08
0x201cB0x3a30B0x3456B0x329fB0x1362cB0x1a08	0x202eB0x3a30B0x3456B0x329fB0x1362cB0x1a08
0x201cB0x3a30B0x3456B0x329fB0x1362cB0x1a08	0x8cecB0x3a30B0x3456B0x329fB0x1362cB0x1a08
0x358bB0x3285B0x1362cB0x1a08	0x3631B0x3285B0x1362cB0x1a08
0x358bB0x3285B0x1362cB0x1a08	0x3592B0x3285B0x1362cB0x1a08
0x35a6B0x3285B0x1362cB0x1a08	0x9511B0x3285B0x1362cB0x1a08
0x35a6B0x3285B0x1362cB0x1a08	0x35cfB0x3285B0x1362cB0x1a08
0x3621B0x3285B0x1362cB0x1a08	0x35e0B0x3285B0x1362cB0x1a08
0x3578B0x3285B0x1362cB0x1a08	0x3a1eB0x3578B0x3285B0x1362cB0x1a08
0x3581B0x3285B0x1362cB0x1a08	0x358bB0x3285B0x1362cB0x1a08
0x3581B0x3285B0x1362cB0x1a08	0x94a2B0x3285B0x1362cB0x1a08
0x359bB0x3285B0x1362cB0x1a08	0x35a6B0x3285B0x1362cB0x1a08
0x359bB0x3285B0x1362cB0x1a08	0x94eeB0x3285B0x1362cB0x1a08
0x35dcB0x3285B0x1362cB0x1a08	0x35e0B0x3285B0x1362cB0x1a08
0x3628B0x3285B0x1362cB0x1a08	0x35d4B0x3285B0x1362cB0x1a08
0x35e0B0x3285B0x1362cB0x1a08	0x953dB0x3285B0x1362cB0x1a08
0x35e0B0x3285B0x1362cB0x1a08	0x361bB0x3285B0x1362cB0x1a08
0x35d4B0x3285B0x1362cB0x1a08	0x13997B0x1362cB0x1a08
0x3592B0x3285B0x1362cB0x1a08	0x201cB0x3592B0x3285B0x1362cB0x1a08
0x35cfB0x3285B0x1362cB0x1a08	0x35dcB0x3285B0x1362cB0x1a08
0x35cfB0x3285B0x1362cB0x1a08	0x35d4B0x3285B0x1362cB0x1a08
0x361bB0x3285B0x1362cB0x1a08	0x3621B0x3285B0x1362cB0x1a08
0x361bB0x3285B0x1362cB0x1a08	0x3628B0x3285B0x1362cB0x1a08
0x202eB0x3592B0x3285B0x1362cB0x1a08	0x2041B0x3592B0x3285B0x1362cB0x1a08
0x202eB0x3592B0x3285B0x1362cB0x1a08	0x8d0fB0x3592B0x3285B0x1362cB0x1a08
0x2041B0x3592B0x3285B0x1362cB0x1a08	0x8d32B0x3592B0x3285B0x1362cB0x1a08
0x2041B0x3592B0x3285B0x1362cB0x1a08	0x204eB0x3592B0x3285B0x1362cB0x1a08
0x201cB0x3592B0x3285B0x1362cB0x1a08	0x202eB0x3592B0x3285B0x1362cB0x1a08
0x201cB0x3592B0x3285B0x1362cB0x1a08	0x8cecB0x3592B0x3285B0x1362cB0x1a08
0x3a3fB0x3578B0x3285B0x1362cB0x1a08	0x96bcB0x3578B0x3285B0x1362cB0x1a08
0x3a3fB0x3578B0x3285B0x1362cB0x1a08	0x3a4cB0x3578B0x3285B0x1362cB0x1a08
0x3a1eB0x3578B0x3285B0x1362cB0x1a08	0x201cB0x3a1eB0x3578B0x3285B0x1362cB0x1a08
0x3a28B0x3578B0x3285B0x1362cB0x1a08	0x3a4eB0x3578B0x3285B0x1362cB0x1a08
0x3a28B0x3578B0x3285B0x1362cB0x1a08	0x3a30B0x3578B0x3285B0x1362cB0x1a08
0x3a4eB0x3578B0x3285B0x1362cB0x1a08	0x3581B0x3285B0x1362cB0x1a08
0x3a39B0x3578B0x3285B0x1362cB0x1a08	0x3a3fB0x3578B0x3285B0x1362cB0x1a08
0x3a39B0x3578B0x3285B0x1362cB0x1a08	0x9670B0x3578B0x3285B0x1362cB0x1a08
0x3a30B0x3578B0x3285B0x1362cB0x1a08	0x201cB0x3a30B0x3578B0x3285B0x1362cB0x1a08
0x202eB0x3a1eB0x3578B0x3285B0x1362cB0x1a08	0x2041B0x3a1eB0x3578B0x3285B0x1362cB0x1a08
0x202eB0x3a1eB0x3578B0x3285B0x1362cB0x1a08	0x8d0fB0x3a1eB0x3578B0x3285B0x1362cB0x1a08
0x2041B0x3a1eB0x3578B0x3285B0x1362cB0x1a08	0x8d32B0x3a1eB0x3578B0x3285B0x1362cB0x1a08
0x2041B0x3a1eB0x3578B0x3285B0x1362cB0x1a08	0x204eB0x3a1eB0x3578B0x3285B0x1362cB0x1a08
0x201cB0x3a1eB0x3578B0x3285B0x1362cB0x1a08	0x202eB0x3a1eB0x3578B0x3285B0x1362cB0x1a08
0x201cB0x3a1eB0x3578B0x3285B0x1362cB0x1a08	0x8cecB0x3a1eB0x3578B0x3285B0x1362cB0x1a08
0x202eB0x3a30B0x3578B0x3285B0x1362cB0x1a08	0x2041B0x3a30B0x3578B0x3285B0x1362cB0x1a08
0x202eB0x3a30B0x3578B0x3285B0x1362cB0x1a08	0x8d0fB0x3a30B0x3578B0x3285B0x1362cB0x1a08
0x2041B0x3a30B0x3578B0x3285B0x1362cB0x1a08	0x8d32B0x3a30B0x3578B0x3285B0x1362cB0x1a08
0x2041B0x3a30B0x3578B0x3285B0x1362cB0x1a08	0x204eB0x3a30B0x3578B0x3285B0x1362cB0x1a08
0x201cB0x3a30B0x3578B0x3285B0x1362cB0x1a08	0x202eB0x3a30B0x3578B0x3285B0x1362cB0x1a08
0x201cB0x3a30B0x3578B0x3285B0x1362cB0x1a08	0x8cecB0x3a30B0x3578B0x3285B0x1362cB0x1a08
0x204eB0x3259B0x1362cB0x1a08	0x3263B0x1362cB0x1a08
0x3a4cB0x326bB0x1362cB0x1a08	0x3273B0x1362cB0x1a08
0x204eB0x3a1eB0x326bB0x1362cB0x1a08	0x3a28B0x326bB0x1362cB0x1a08
0x204eB0x3a30B0x326bB0x1362cB0x1a08	0x3a39B0x326bB0x1362cB0x1a08
0x2061B0x3b89B0x13997B0x1362cB0x1a08	0x3b95B0x13997B0x1362cB0x1a08
0x204eB0x3b95B0x13997B0x1362cB0x1a08	0x3ba5B0x13997B0x1362cB0x1a08
0x204eB0x3470B0x329fB0x1362cB0x1a08	0x3479B0x329fB0x1362cB0x1a08
0x3a4cB0x3456B0x329fB0x1362cB0x1a08	0x345fB0x329fB0x1362cB0x1a08
0x204eB0x3a1eB0x3456B0x329fB0x1362cB0x1a08	0x3a28B0x3456B0x329fB0x1362cB0x1a08
0x204eB0x3a30B0x3456B0x329fB0x1362cB0x1a08	0x3a39B0x3456B0x329fB0x1362cB0x1a08
0x204eB0x3592B0x3285B0x1362cB0x1a08	0x359bB0x3285B0x1362cB0x1a08
0x3a4cB0x3578B0x3285B0x1362cB0x1a08	0x3581B0x3285B0x1362cB0x1a08
0x204eB0x3a1eB0x3578B0x3285B0x1362cB0x1a08	0x3a28B0x3578B0x3285B0x1362cB0x1a08
0x204eB0x3a30B0x3578B0x3285B0x1362cB0x1a08	0x3a39B0x3578B0x3285B0x1362cB0x1a08
0x3a64B0x139deB0x1362cB0x1a08	0x1f26B0x3a64B0x139deB0x1362cB0x1a08
0x3af9B0x139deB0x1362cB0x1a08	0x33c1B0x3af9B0x139deB0x1362cB0x1a08
0x3aa1B0x139deB0x1362cB0x1a08	0x3abbB0x139deB0x1362cB0x1a08
0x3a8fB0x139deB0x1362cB0x1a08	0x2523B0x3a8fB0x139deB0x1362cB0x1a08
0x13b68B0x139deB0x1362cB0x1a08	0x1f42B0x13b68B0x139deB0x1362cB0x1a08
0x3abbB0x139deB0x1362cB0x1a08	0x13b68B0x139deB0x1362cB0x1a08
0x3b05B0x139deB0x1362cB0x1a08	0x3b16B0x139deB0x1362cB0x1a08
0x3b32B0x139deB0x1362cB0x1a08	0x3b16B0x139deB0x1362cB0x1a08
0x13b95B0x139deB0x1362cB0x1a08	0x13a03B0x1362cB0x1a08
0x3b16B0x139deB0x1362cB0x1a08	0x3b32B0x139deB0x1362cB0x1a08
0x3b16B0x139deB0x1362cB0x1a08	0x3b1eB0x139deB0x1362cB0x1a08
0x3a54B0x139deB0x1362cB0x1a08	0x1f42B0x3a54B0x139deB0x1362cB0x1a08
0x3b1eB0x139deB0x1362cB0x1a08	0x1f42B0x3b1eB0x139deB0x1362cB0x1a08
0x1f3eB0x3a64B0x139deB0x1362cB0x1a08	0x3a8fB0x139deB0x1362cB0x1a08
0x1f26B0x3a64B0x139deB0x1362cB0x1a08	0x1f3eB0x3a64B0x139deB0x1362cB0x1a08
0x1f26B0x3a64B0x139deB0x1362cB0x1a08	0x8c08B0x3a64B0x139deB0x1362cB0x1a08
0x33c9B0x3af9B0x139deB0x1362cB0x1a08	0x3b05B0x139deB0x1362cB0x1a08
0x33c1B0x3af9B0x139deB0x1362cB0x1a08	0x33c9B0x3af9B0x139deB0x1362cB0x1a08
0x33c1B0x3af9B0x139deB0x1362cB0x1a08	0x932cB0x3af9B0x139deB0x1362cB0x1a08
0x1f610x1f42B0x13b68B0x139deB0x1362cB0x1a08	0x3af9B0x139deB0x1362cB0x1a08
0x1f42B0x13b68B0x139deB0x1362cB0x1a08	0x1f610x1f42B0x13b68B0x139deB0x1362cB0x1a08
0x1f42B0x13b68B0x139deB0x1362cB0x1a08	0x8c540x1f42B0x13b68B0x139deB0x1362cB0x1a08
0x1f610x1f42B0x3a54B0x139deB0x1362cB0x1a08	0x3a64B0x139deB0x1362cB0x1a08
0x1f42B0x3a54B0x139deB0x1362cB0x1a08	0x1f610x1f42B0x3a54B0x139deB0x1362cB0x1a08
0x1f42B0x3a54B0x139deB0x1362cB0x1a08	0x8c540x1f42B0x3a54B0x139deB0x1362cB0x1a08
0x1f610x1f42B0x3b1eB0x139deB0x1362cB0x1a08	0x13b95B0x139deB0x1362cB0x1a08
0x1f42B0x3b1eB0x139deB0x1362cB0x1a08	0x1f610x1f42B0x3b1eB0x139deB0x1362cB0x1a08
0x1f42B0x3b1eB0x139deB0x1362cB0x1a08	0x8c540x1f42B0x3b1eB0x139deB0x1362cB0x1a08
0x2523B0x3a8fB0x139deB0x1362cB0x1a08	0x1f65B0x2523B0x3a8fB0x139deB0x1362cB0x1a08
0x252fB0x3a8fB0x139deB0x1362cB0x1a08	0x1f42B0x252fB0x3a8fB0x139deB0x1362cB0x1a08
0x253dB0x3a8fB0x139deB0x1362cB0x1a08	0x8fa8B0x3a8fB0x139deB0x1362cB0x1a08
0x253dB0x3a8fB0x139deB0x1362cB0x1a08	0x254bB0x3a8fB0x139deB0x1362cB0x1a08
0x254bB0x3a8fB0x139deB0x1362cB0x1a08	0x3aa1B0x139deB0x1362cB0x1a08
0x1f610x1f42B0x252fB0x3a8fB0x139deB0x1362cB0x1a08	0x253dB0x3a8fB0x139deB0x1362cB0x1a08
0x1f42B0x252fB0x3a8fB0x139deB0x1362cB0x1a08	0x1f610x1f42B0x252fB0x3a8fB0x139deB0x1362cB0x1a08
0x1f42B0x252fB0x3a8fB0x139deB0x1362cB0x1a08	0x8c540x1f42B0x252fB0x3a8fB0x139deB0x1362cB0x1a08
0x1f75B0x2523B0x3a8fB0x139deB0x1362cB0x1a08	0x252fB0x3a8fB0x139deB0x1362cB0x1a08
0x1f65B0x2523B0x3a8fB0x139deB0x1362cB0x1a08	0x1f75B0x2523B0x3a8fB0x139deB0x1362cB0x1a08
0x1f65B0x2523B0x3a8fB0x139deB0x1362cB0x1a08	0x8ca0B0x2523B0x3a8fB0x139deB0x1362cB0x1a08
0x326bB0x13680B0x1a08	0x3a1eB0x326bB0x13680B0x1a08
0x327dB0x13680B0x1a08	0x3297B0x13680B0x1a08
0x327dB0x13680B0x1a08	0x3285B0x13680B0x1a08
0x329fB0x13680B0x1a08	0x3456B0x329fB0x13680B0x1a08
0x3259B0x13680B0x1a08	0x201cB0x3259B0x13680B0x1a08
0x3263B0x13680B0x1a08	0x326bB0x13680B0x1a08
0x3263B0x13680B0x1a08	0x32b00x3259B0x13680B0x1a08
0x3273B0x13680B0x1a08	0x327dB0x13680B0x1a08
0x3273B0x13680B0x1a08	0x9271B0x13680B0x1a08
0x3297B0x13680B0x1a08	0x329fB0x13680B0x1a08
0x3297B0x13680B0x1a08	0x32b00x3259B0x13680B0x1a08
0x13997B0x13680B0x1a08	0x3b4bB0x13997B0x13680B0x1a08
0x139bcB0x13680B0x1a08	0x13650B0x1a08
0x139deB0x13680B0x1a08	0x3a54B0x139deB0x13680B0x1a08
0x13a03B0x13680B0x1a08	0x13650B0x1a08
0x3285B0x13680B0x1a08	0x3578B0x3285B0x13680B0x1a08
0x32b00x3259B0x13680B0x1a08	0x13650B0x1a08
0x202eB0x3259B0x13680B0x1a08	0x2041B0x3259B0x13680B0x1a08
0x202eB0x3259B0x13680B0x1a08	0x8d0fB0x3259B0x13680B0x1a08
0x2041B0x3259B0x13680B0x1a08	0x8d32B0x3259B0x13680B0x1a08
0x2041B0x3259B0x13680B0x1a08	0x204eB0x3259B0x13680B0x1a08
0x201cB0x3259B0x13680B0x1a08	0x202eB0x3259B0x13680B0x1a08
0x201cB0x3259B0x13680B0x1a08	0x8cecB0x3259B0x13680B0x1a08
0x3a3fB0x326bB0x13680B0x1a08	0x96bcB0x326bB0x13680B0x1a08
0x3a3fB0x326bB0x13680B0x1a08	0x3a4cB0x326bB0x13680B0x1a08
0x3a1eB0x326bB0x13680B0x1a08	0x201cB0x3a1eB0x326bB0x13680B0x1a08
0x3a28B0x326bB0x13680B0x1a08	0x3a4eB0x326bB0x13680B0x1a08
0x3a28B0x326bB0x13680B0x1a08	0x3a30B0x326bB0x13680B0x1a08
0x3a4eB0x326bB0x13680B0x1a08	0x3273B0x13680B0x1a08
0x3a39B0x326bB0x13680B0x1a08	0x3a3fB0x326bB0x13680B0x1a08
0x3a39B0x326bB0x13680B0x1a08	0x9670B0x326bB0x13680B0x1a08
0x3a30B0x326bB0x13680B0x1a08	0x201cB0x3a30B0x326bB0x13680B0x1a08
0x202eB0x3a1eB0x326bB0x13680B0x1a08	0x2041B0x3a1eB0x326bB0x13680B0x1a08
0x202eB0x3a1eB0x326bB0x13680B0x1a08	0x8d0fB0x3a1eB0x326bB0x13680B0x1a08
0x2041B0x3a1eB0x326bB0x13680B0x1a08	0x8d32B0x3a1eB0x326bB0x13680B0x1a08
0x2041B0x3a1eB0x326bB0x13680B0x1a08	0x204eB0x3a1eB0x326bB0x13680B0x1a08
0x201cB0x3a1eB0x326bB0x13680B0x1a08	0x202eB0x3a1eB0x326bB0x13680B0x1a08
0x201cB0x3a1eB0x326bB0x13680B0x1a08	0x8cecB0x3a1eB0x326bB0x13680B0x1a08
0x202eB0x3a30B0x326bB0x13680B0x1a08	0x2041B0x3a30B0x326bB0x13680B0x1a08
0x202eB0x3a30B0x326bB0x13680B0x1a08	0x8d0fB0x3a30B0x326bB0x13680B0x1a08
0x2041B0x3a30B0x326bB0x13680B0x1a08	0x8d32B0x3a30B0x326bB0x13680B0x1a08
0x2041B0x3a30B0x326bB0x13680B0x1a08	0x204eB0x3a30B0x326bB0x13680B0x1a08
0x201cB0x3a30B0x326bB0x13680B0x1a08	0x202eB0x3a30B0x326bB0x13680B0x1a08
0x201cB0x3a30B0x326bB0x13680B0x1a08	0x8cecB0x3a30B0x326bB0x13680B0x1a08
0x3b53B0x13997B0x13680B0x1a08	0x3b67B0x13997B0x13680B0x1a08
0x3b70B0x13997B0x13680B0x1a08	0x21a2B0x3b70B0x13997B0x13680B0x1a08
0x3c07B0x13997B0x13680B0x1a08	0x139bcB0x13680B0x1a08
0x3bf5B0x13997B0x13680B0x1a08	0x139bcB0x13680B0x1a08
0x3b81B0x13997B0x13680B0x1a08	0x3b89B0x13997B0x13680B0x1a08
0x3b89B0x13997B0x13680B0x1a08	0x204fB0x3b89B0x13997B0x13680B0x1a08
0x3be3B0x13997B0x13680B0x1a08	0x3b67B0x13997B0x13680B0x1a08
0x3b95B0x13997B0x13680B0x1a08	0x201cB0x3b95B0x13997B0x13680B0x1a08
0x13bbaB0x13997B0x13680B0x1a08	0x1f42B0x13bbaB0x13997B0x13680B0x1a08
0x3ba5B0x13997B0x13680B0x1a08	0x13bbaB0x13997B0x13680B0x1a08
0x3b67B0x13997B0x13680B0x1a08	0x3b70B0x13997B0x13680B0x1a08
0x3b67B0x13997B0x13680B0x1a08	0x3bf5B0x13997B0x13680B0x1a08
0x3b4bB0x13997B0x13680B0x1a08	0x3b53B0x13997B0x13680B0x1a08
0x3b4bB0x13997B0x13680B0x1a08	0x3c07B0x13997B0x13680B0x1a08
0x21d2B0x3b70B0x13997B0x13680B0x1a08	0x3b81B0x13997B0x13680B0x1a08
0x21a2B0x3b70B0x13997B0x13680B0x1a08	0x21d2B0x3b70B0x13997B0x13680B0x1a08
0x21a2B0x3b70B0x13997B0x13680B0x1a08	0x8e04B0x3b70B0x13997B0x13680B0x1a08
0x204fB0x3b89B0x13997B0x13680B0x1a08	0x8d55B0x3b89B0x13997B0x13680B0x1a08
0x204fB0x3b89B0x13997B0x13680B0x1a08	0x2061B0x3b89B0x13997B0x13680B0x1a08
0x202eB0x3b95B0x13997B0x13680B0x1a08	0x2041B0x3b95B0x13997B0x13680B0x1a08
0x202eB0x3b95B0x13997B0x13680B0x1a08	0x8d0fB0x3b95B0x13997B0x13680B0x1a08
0x2041B0x3b95B0x13997B0x13680B0x1a08	0x8d32B0x3b95B0x13997B0x13680B0x1a08
0x2041B0x3b95B0x13997B0x13680B0x1a08	0x204eB0x3b95B0x13997B0x13680B0x1a08
0x201cB0x3b95B0x13997B0x13680B0x1a08	0x202eB0x3b95B0x13997B0x13680B0x1a08
0x201cB0x3b95B0x13997B0x13680B0x1a08	0x8cecB0x3b95B0x13997B0x13680B0x1a08
0x1f610x1f42B0x13bbaB0x13997B0x13680B0x1a08	0x3be3B0x13997B0x13680B0x1a08
0x1f42B0x13bbaB0x13997B0x13680B0x1a08	0x1f610x1f42B0x13bbaB0x13997B0x13680B0x1a08
0x1f42B0x13bbaB0x13997B0x13680B0x1a08	0x8c540x1f42B0x13bbaB0x13997B0x13680B0x1a08
0x3469B0x329fB0x13680B0x1a08	0x34c0B0x329fB0x13680B0x1a08
0x3469B0x329fB0x13680B0x1a08	0x3470B0x329fB0x13680B0x1a08
0x3484B0x329fB0x13680B0x1a08	0x348fB0x329fB0x13680B0x1a08
0x3484B0x329fB0x13680B0x1a08	0x947fB0x329fB0x13680B0x1a08
0x348fB0x329fB0x13680B0x1a08	0x139deB0x13680B0x1a08
0x3456B0x329fB0x13680B0x1a08	0x3a1eB0x3456B0x329fB0x13680B0x1a08
0x345fB0x329fB0x13680B0x1a08	0x3469B0x329fB0x13680B0x1a08
0x345fB0x329fB0x13680B0x1a08	0x9410B0x329fB0x13680B0x1a08
0x3479B0x329fB0x13680B0x1a08	0x3484B0x329fB0x13680B0x1a08
0x3479B0x329fB0x13680B0x1a08	0x945cB0x329fB0x13680B0x1a08
0x3470B0x329fB0x13680B0x1a08	0x201cB0x3470B0x329fB0x13680B0x1a08
0x202eB0x3470B0x329fB0x13680B0x1a08	0x2041B0x3470B0x329fB0x13680B0x1a08
0x202eB0x3470B0x329fB0x13680B0x1a08	0x8d0fB0x3470B0x329fB0x13680B0x1a08
0x2041B0x3470B0x329fB0x13680B0x1a08	0x8d32B0x3470B0x329fB0x13680B0x1a08
0x2041B0x3470B0x329fB0x13680B0x1a08	0x204eB0x3470B0x329fB0x13680B0x1a08
0x201cB0x3470B0x329fB0x13680B0x1a08	0x202eB0x3470B0x329fB0x13680B0x1a08
0x201cB0x3470B0x329fB0x13680B0x1a08	0x8cecB0x3470B0x329fB0x13680B0x1a08
0x3a3fB0x3456B0x329fB0x13680B0x1a08	0x96bcB0x3456B0x329fB0x13680B0x1a08
0x3a3fB0x3456B0x329fB0x13680B0x1a08	0x3a4cB0x3456B0x329fB0x13680B0x1a08
0x3a1eB0x3456B0x329fB0x13680B0x1a08	0x201cB0x3a1eB0x3456B0x329fB0x13680B0x1a08
0x3a28B0x3456B0x329fB0x13680B0x1a08	0x3a4eB0x3456B0x329fB0x13680B0x1a08
0x3a28B0x3456B0x329fB0x13680B0x1a08	0x3a30B0x3456B0x329fB0x13680B0x1a08
0x3a4eB0x3456B0x329fB0x13680B0x1a08	0x345fB0x329fB0x13680B0x1a08
0x3a39B0x3456B0x329fB0x13680B0x1a08	0x3a3fB0x3456B0x329fB0x13680B0x1a08
0x3a39B0x3456B0x329fB0x13680B0x1a08	0x9670B0x3456B0x329fB0x13680B0x1a08
0x3a30B0x3456B0x329fB0x13680B0x1a08	0x201cB0x3a30B0x3456B0x329fB0x13680B0x1a08
0x202eB0x3a1eB0x3456B0x329fB0x13680B0x1a08	0x2041B0x3a1eB0x3456B0x329fB0x13680B0x1a08
0x202eB0x3a1eB0x3456B0x329fB0x13680B0x1a08	0x8d0fB0x3a1eB0x3456B0x329fB0x13680B0x1a08
0x2041B0x3a1eB0x3456B0x329fB0x13680B0x1a08	0x8d32B0x3a1eB0x3456B0x329fB0x13680B0x1a08
0x2041B0x3a1eB0x3456B0x329fB0x13680B0x1a08	0x204eB0x3a1eB0x3456B0x329fB0x13680B0x1a08
0x201cB0x3a1eB0x3456B0x329fB0x13680B0x1a08	0x202eB0x3a1eB0x3456B0x329fB0x13680B0x1a08
0x201cB0x3a1eB0x3456B0x329fB0x13680B0x1a08	0x8cecB0x3a1eB0x3456B0x329fB0x13680B0x1a08
0x202eB0x3a30B0x3456B0x329fB0x13680B0x1a08	0x2041B0x3a30B0x3456B0x329fB0x13680B0x1a08
0x202eB0x3a30B0x3456B0x329fB0x13680B0x1a08	0x8d0fB0x3a30B0x3456B0x329fB0x13680B0x1a08
0x2041B0x3a30B0x3456B0x329fB0x13680B0x1a08	0x8d32B0x3a30B0x3456B0x329fB0x13680B0x1a08
0x2041B0x3a30B0x3456B0x329fB0x13680B0x1a08	0x204eB0x3a30B0x3456B0x329fB0x13680B0x1a08
0x201cB0x3a30B0x3456B0x329fB0x13680B0x1a08	0x202eB0x3a30B0x3456B0x329fB0x13680B0x1a08
0x201cB0x3a30B0x3456B0x329fB0x13680B0x1a08	0x8cecB0x3a30B0x3456B0x329fB0x13680B0x1a08
0x358bB0x3285B0x13680B0x1a08	0x3631B0x3285B0x13680B0x1a08
0x358bB0x3285B0x13680B0x1a08	0x3592B0x3285B0x13680B0x1a08
0x35a6B0x3285B0x13680B0x1a08	0x9511B0x3285B0x13680B0x1a08
0x35a6B0x3285B0x13680B0x1a08	0x35cfB0x3285B0x13680B0x1a08
0x3621B0x3285B0x13680B0x1a08	0x35e0B0x3285B0x13680B0x1a08
0x3578B0x3285B0x13680B0x1a08	0x3a1eB0x3578B0x3285B0x13680B0x1a08
0x3581B0x3285B0x13680B0x1a08	0x358bB0x3285B0x13680B0x1a08
0x3581B0x3285B0x13680B0x1a08	0x94a2B0x3285B0x13680B0x1a08
0x359bB0x3285B0x13680B0x1a08	0x35a6B0x3285B0x13680B0x1a08
0x359bB0x3285B0x13680B0x1a08	0x94eeB0x3285B0x13680B0x1a08
0x35dcB0x3285B0x13680B0x1a08	0x35e0B0x3285B0x13680B0x1a08
0x3628B0x3285B0x13680B0x1a08	0x35d4B0x3285B0x13680B0x1a08
0x35e0B0x3285B0x13680B0x1a08	0x953dB0x3285B0x13680B0x1a08
0x35e0B0x3285B0x13680B0x1a08	0x361bB0x3285B0x13680B0x1a08
0x35d4B0x3285B0x13680B0x1a08	0x13997B0x13680B0x1a08
0x3592B0x3285B0x13680B0x1a08	0x201cB0x3592B0x3285B0x13680B0x1a08
0x35cfB0x3285B0x13680B0x1a08	0x35dcB0x3285B0x13680B0x1a08
0x35cfB0x3285B0x13680B0x1a08	0x35d4B0x3285B0x13680B0x1a08
0x361bB0x3285B0x13680B0x1a08	0x3621B0x3285B0x13680B0x1a08
0x361bB0x3285B0x13680B0x1a08	0x3628B0x3285B0x13680B0x1a08
0x202eB0x3592B0x3285B0x13680B0x1a08	0x2041B0x3592B0x3285B0x13680B0x1a08
0x202eB0x3592B0x3285B0x13680B0x1a08	0x8d0fB0x3592B0x3285B0x13680B0x1a08
0x2041B0x3592B0x3285B0x13680B0x1a08	0x8d32B0x3592B0x3285B0x13680B0x1a08
0x2041B0x3592B0x3285B0x13680B0x1a08	0x204eB0x3592B0x3285B0x13680B0x1a08
0x201cB0x3592B0x3285B0x13680B0x1a08	0x202eB0x3592B0x3285B0x13680B0x1a08
0x201cB0x3592B0x3285B0x13680B0x1a08	0x8cecB0x3592B0x3285B0x13680B0x1a08
0x3a3fB0x3578B0x3285B0x13680B0x1a08	0x96bcB0x3578B0x3285B0x13680B0x1a08
0x3a3fB0x3578B0x3285B0x13680B0x1a08	0x3a4cB0x3578B0x3285B0x13680B0x1a08
0x3a1eB0x3578B0x3285B0x13680B0x1a08	0x201cB0x3a1eB0x3578B0x3285B0x13680B0x1a08
0x3a28B0x3578B0x3285B0x13680B0x1a08	0x3a4eB0x3578B0x3285B0x13680B0x1a08
0x3a28B0x3578B0x3285B0x13680B0x1a08	0x3a30B0x3578B0x3285B0x13680B0x1a08
0x3a4eB0x3578B0x3285B0x13680B0x1a08	0x3581B0x3285B0x13680B0x1a08
0x3a39B0x3578B0x3285B0x13680B0x1a08	0x3a3fB0x3578B0x3285B0x13680B0x1a08
0x3a39B0x3578B0x3285B0x13680B0x1a08	0x9670B0x3578B0x3285B0x13680B0x1a08
0x3a30B0x3578B0x3285B0x13680B0x1a08	0x201cB0x3a30B0x3578B0x3285B0x13680B0x1a08
0x202eB0x3a1eB0x3578B0x3285B0x13680B0x1a08	0x2041B0x3a1eB0x3578B0x3285B0x13680B0x1a08
0x202eB0x3a1eB0x3578B0x3285B0x13680B0x1a08	0x8d0fB0x3a1eB0x3578B0x3285B0x13680B0x1a08
0x2041B0x3a1eB0x3578B0x3285B0x13680B0x1a08	0x8d32B0x3a1eB0x3578B0x3285B0x13680B0x1a08
0x2041B0x3a1eB0x3578B0x3285B0x13680B0x1a08	0x204eB0x3a1eB0x3578B0x3285B0x13680B0x1a08
0x201cB0x3a1eB0x3578B0x3285B0x13680B0x1a08	0x202eB0x3a1eB0x3578B0x3285B0x13680B0x1a08
0x201cB0x3a1eB0x3578B0x3285B0x13680B0x1a08	0x8cecB0x3a1eB0x3578B0x3285B0x13680B0x1a08
0x202eB0x3a30B0x3578B0x3285B0x13680B0x1a08	0x2041B0x3a30B0x3578B0x3285B0x13680B0x1a08
0x202eB0x3a30B0x3578B0x3285B0x13680B0x1a08	0x8d0fB0x3a30B0x3578B0x3285B0x13680B0x1a08
0x2041B0x3a30B0x3578B0x3285B0x13680B0x1a08	0x8d32B0x3a30B0x3578B0x3285B0x13680B0x1a08
0x2041B0x3a30B0x3578B0x3285B0x13680B0x1a08	0x204eB0x3a30B0x3578B0x3285B0x13680B0x1a08
0x201cB0x3a30B0x3578B0x3285B0x13680B0x1a08	0x202eB0x3a30B0x3578B0x3285B0x13680B0x1a08
0x201cB0x3a30B0x3578B0x3285B0x13680B0x1a08	0x8cecB0x3a30B0x3578B0x3285B0x13680B0x1a08
0x204eB0x3259B0x13680B0x1a08	0x3263B0x13680B0x1a08
0x3a4cB0x326bB0x13680B0x1a08	0x3273B0x13680B0x1a08
0x204eB0x3a1eB0x326bB0x13680B0x1a08	0x3a28B0x326bB0x13680B0x1a08
0x204eB0x3a30B0x326bB0x13680B0x1a08	0x3a39B0x326bB0x13680B0x1a08
0x2061B0x3b89B0x13997B0x13680B0x1a08	0x3b95B0x13997B0x13680B0x1a08
0x204eB0x3b95B0x13997B0x13680B0x1a08	0x3ba5B0x13997B0x13680B0x1a08
0x204eB0x3470B0x329fB0x13680B0x1a08	0x3479B0x329fB0x13680B0x1a08
0x3a4cB0x3456B0x329fB0x13680B0x1a08	0x345fB0x329fB0x13680B0x1a08
0x204eB0x3a1eB0x3456B0x329fB0x13680B0x1a08	0x3a28B0x3456B0x329fB0x13680B0x1a08
0x204eB0x3a30B0x3456B0x329fB0x13680B0x1a08	0x3a39B0x3456B0x329fB0x13680B0x1a08
0x204eB0x3592B0x3285B0x13680B0x1a08	0x359bB0x3285B0x13680B0x1a08
0x3a4cB0x3578B0x3285B0x13680B0x1a08	0x3581B0x3285B0x13680B0x1a08
0x204eB0x3a1eB0x3578B0x3285B0x13680B0x1a08	0x3a28B0x3578B0x3285B0x13680B0x1a08
0x204eB0x3a30B0x3578B0x3285B0x13680B0x1a08	0x3a39B0x3578B0x3285B0x13680B0x1a08
0x3a64B0x139deB0x13680B0x1a08	0x1f26B0x3a64B0x139deB0x13680B0x1a08
0x3af9B0x139deB0x13680B0x1a08	0x33c1B0x3af9B0x139deB0x13680B0x1a08
0x3aa1B0x139deB0x13680B0x1a08	0x3abbB0x139deB0x13680B0x1a08
0x3a8fB0x139deB0x13680B0x1a08	0x2523B0x3a8fB0x139deB0x13680B0x1a08
0x13b68B0x139deB0x13680B0x1a08	0x1f42B0x13b68B0x139deB0x13680B0x1a08
0x3abbB0x139deB0x13680B0x1a08	0x13b68B0x139deB0x13680B0x1a08
0x3b05B0x139deB0x13680B0x1a08	0x3b16B0x139deB0x13680B0x1a08
0x3b32B0x139deB0x13680B0x1a08	0x3b16B0x139deB0x13680B0x1a08
0x13b95B0x139deB0x13680B0x1a08	0x13a03B0x13680B0x1a08
0x3b16B0x139deB0x13680B0x1a08	0x3b32B0x139deB0x13680B0x1a08
0x3b16B0x139deB0x13680B0x1a08	0x3b1eB0x139deB0x13680B0x1a08
0x3a54B0x139deB0x13680B0x1a08	0x1f42B0x3a54B0x139deB0x13680B0x1a08
0x3b1eB0x139deB0x13680B0x1a08	0x1f42B0x3b1eB0x139deB0x13680B0x1a08
0x1f3eB0x3a64B0x139deB0x13680B0x1a08	0x3a8fB0x139deB0x13680B0x1a08
0x1f26B0x3a64B0x139deB0x13680B0x1a08	0x1f3eB0x3a64B0x139deB0x13680B0x1a08
0x1f26B0x3a64B0x139deB0x13680B0x1a08	0x8c08B0x3a64B0x139deB0x13680B0x1a08
0x33c9B0x3af9B0x139deB0x13680B0x1a08	0x3b05B0x139deB0x13680B0x1a08
0x33c1B0x3af9B0x139deB0x13680B0x1a08	0x33c9B0x3af9B0x139deB0x13680B0x1a08
0x33c1B0x3af9B0x139deB0x13680B0x1a08	0x932cB0x3af9B0x139deB0x13680B0x1a08
0x1f610x1f42B0x13b68B0x139deB0x13680B0x1a08	0x3af9B0x139deB0x13680B0x1a08
0x1f42B0x13b68B0x139deB0x13680B0x1a08	0x1f610x1f42B0x13b68B0x139deB0x13680B0x1a08
0x1f42B0x13b68B0x139deB0x13680B0x1a08	0x8c540x1f42B0x13b68B0x139deB0x13680B0x1a08
0x1f610x1f42B0x3a54B0x139deB0x13680B0x1a08	0x3a64B0x139deB0x13680B0x1a08
0x1f42B0x3a54B0x139deB0x13680B0x1a08	0x1f610x1f42B0x3a54B0x139deB0x13680B0x1a08
0x1f42B0x3a54B0x139deB0x13680B0x1a08	0x8c540x1f42B0x3a54B0x139deB0x13680B0x1a08
0x1f610x1f42B0x3b1eB0x139deB0x13680B0x1a08	0x13b95B0x139deB0x13680B0x1a08
0x1f42B0x3b1eB0x139deB0x13680B0x1a08	0x1f610x1f42B0x3b1eB0x139deB0x13680B0x1a08
0x1f42B0x3b1eB0x139deB0x13680B0x1a08	0x8c540x1f42B0x3b1eB0x139deB0x13680B0x1a08
0x2523B0x3a8fB0x139deB0x13680B0x1a08	0x1f65B0x2523B0x3a8fB0x139deB0x13680B0x1a08
0x252fB0x3a8fB0x139deB0x13680B0x1a08	0x1f42B0x252fB0x3a8fB0x139deB0x13680B0x1a08
0x253dB0x3a8fB0x139deB0x13680B0x1a08	0x8fa8B0x3a8fB0x139deB0x13680B0x1a08
0x253dB0x3a8fB0x139deB0x13680B0x1a08	0x254bB0x3a8fB0x139deB0x13680B0x1a08
0x254bB0x3a8fB0x139deB0x13680B0x1a08	0x3aa1B0x139deB0x13680B0x1a08
0x1f610x1f42B0x252fB0x3a8fB0x139deB0x13680B0x1a08	0x253dB0x3a8fB0x139deB0x13680B0x1a08
0x1f42B0x252fB0x3a8fB0x139deB0x13680B0x1a08	0x1f610x1f42B0x252fB0x3a8fB0x139deB0x13680B0x1a08
0x1f42B0x252fB0x3a8fB0x139deB0x13680B0x1a08	0x8c540x1f42B0x252fB0x3a8fB0x139deB0x13680B0x1a08
0x1f75B0x2523B0x3a8fB0x139deB0x13680B0x1a08	0x252fB0x3a8fB0x139deB0x13680B0x1a08
0x1f65B0x2523B0x3a8fB0x139deB0x13680B0x1a08	0x1f75B0x2523B0x3a8fB0x139deB0x13680B0x1a08
0x1f65B0x2523B0x3a8fB0x139deB0x13680B0x1a08	0x8ca0B0x2523B0x3a8fB0x139deB0x13680B0x1a08
0x26a5B0x1bc4	0x201cB0x26a5B0x1bc4
0x26c3B0x1bc4	0x33e2B0x26c3B0x1bc4
0x26d7B0x1bc4	0x294fB0x1bc4
0x26d7B0x1bc4	0x26dfB0x1bc4
0x27cfB0x1bc4	0x3578B0x27cfB0x1bc4
0x2689B0x1bc4	0x201cB0x2689B0x1bc4
0x269dB0x1bc4	0x26a5B0x1bc4
0x269dB0x1bc4	0x29bfB0x1bc4
0x29bfB0x1bc4	0x201cB0x29bfB0x1bc4
0x26adB0x1bc4	0x2063B0x26adB0x1bc4
0x26bbB0x1bc4	0x26c3B0x1bc4
0x26bbB0x1bc4	0x29aeB0x1bc4
0x29aeB0x1bc4	0x3259B0x29aeB0x1bc4
0x26cbB0x1bc4	0x26d7B0x1bc4
0x26cbB0x1bc4	0x9086B0x1bc4
0x294fB0x1bc4	0x29610x2689B0x1bc4
0x294fB0x1bc4	0x295eB0x1bc4
0x27c6B0x1bc4	0x27cfB0x1bc4
0x27c6B0x1bc4	0x90d2B0x1bc4
0x26f6B0x1bc4	0x204fB0x26f6B0x1bc4
0x2703B0x1bc4	0x2078B0x2703B0x1bc4
0x2719B0x1bc4	0x2078B0x2719B0x1bc4
0x136c9B0x1bc4	0x1f42B0x136c9B0x1bc4
0x136f6B0x1bc4	0x20aeB0x136f6B0x1bc4
0x2730B0x1bc4	0x2063B0x2730B0x1bc4
0x13729B0x1bc4	0x1f42B0x13729B0x1bc4
0x13756B0x1bc4	0x20aeB0x13756B0x1bc4
0x2746B0x1bc4	0x201cB0x2746B0x1bc4
0x13789B0x1bc4	0x3259B0x13789B0x1bc4
0x2758B0x1bc4	0x1f09B0x2758B0x1bc4
0x137adB0x1bc4	0x2523B0x137adB0x1bc4
0x276fB0x1bc4	0x2078B0x276fB0x1bc4
0x27d7B0x1bc4	0x288eB0x1bc4
0x288eB0x1bc4	0x244fB0x288eB0x1bc4
0x28a7B0x1bc4	0x25d0B0x28a7B0x1bc4
0x137d3B0x1bc4	0x22b7B0x137d3B0x1bc4
0x1384fB0x1bc4	0x1bdc
0x29caB0x1bc4	0x26adB0x1bc4
0x26dfB0x1bc4	0x204fB0x26dfB0x1bc4
0x29610x2689B0x1bc4	0x3456B0x29610x2689B0x1bc4
0x29180x2689B0x1bc4	0x351eB0x29180x2689B0x1bc4
0x29060x2689B0x1bc4	0x1f42B0x29060x2689B0x1bc4
0x297b0x2689B0x1bc4	0x351eB0x297b0x2689B0x1bc4
0x29710x2689B0x1bc4	0x2523B0x29710x2689B0x1bc4
0x202eB0x26a5B0x1bc4	0x2041B0x26a5B0x1bc4
0x202eB0x26a5B0x1bc4	0x8d0fB0x26a5B0x1bc4
0x2041B0x26a5B0x1bc4	0x8d32B0x26a5B0x1bc4
0x2041B0x26a5B0x1bc4	0x204eB0x26a5B0x1bc4
0x201cB0x26a5B0x1bc4	0x202eB0x26a5B0x1bc4
0x201cB0x26a5B0x1bc4	0x8cecB0x26a5B0x1bc4
0x202eB0x2689B0x1bc4	0x2041B0x2689B0x1bc4
0x202eB0x2689B0x1bc4	0x8d0fB0x2689B0x1bc4
0x2041B0x2689B0x1bc4	0x8d32B0x2689B0x1bc4
0x2041B0x2689B0x1bc4	0x204eB0x2689B0x1bc4
0x201cB0x2689B0x1bc4	0x202eB0x2689B0x1bc4
0x201cB0x2689B0x1bc4	0x8cecB0x2689B0x1bc4
0x202eB0x29bfB0x1bc4	0x2041B0x29bfB0x1bc4
0x202eB0x29bfB0x1bc4	0x8d0fB0x29bfB0x1bc4
0x2041B0x29bfB0x1bc4	0x8d32B0x29bfB0x1bc4
0x2041B0x29bfB0x1bc4	0x204eB0x29bfB0x1bc4
0x201cB0x29bfB0x1bc4	0x202eB0x29bfB0x1bc4
0x201cB0x29bfB0x1bc4	0x8cecB0x29bfB0x1bc4
0x2075B0x26adB0x1bc4	0x26bbB0x1bc4
0x2063B0x26adB0x1bc4	0x2075B0x26adB0x1bc4
0x2063B0x26adB0x1bc4	0x8d78B0x26adB0x1bc4
0x204fB0x26f6B0x1bc4	0x8d55B0x26f6B0x1bc4
0x204fB0x26f6B0x1bc4	0x2061B0x26f6B0x1bc4
0x208aB0x2703B0x1bc4	0x209dB0x2703B0x1bc4
0x208aB0x2703B0x1bc4	0x8dbeB0x2703B0x1bc4
0x209dB0x2703B0x1bc4	0x8de1B0x2703B0x1bc4
0x209dB0x2703B0x1bc4	0x20adB0x2703B0x1bc4
0x2078B0x2703B0x1bc4	0x208aB0x2703B0x1bc4
0x2078B0x2703B0x1bc4	0x8d9bB0x2703B0x1bc4
0x208aB0x2719B0x1bc4	0x209dB0x2719B0x1bc4
0x208aB0x2719B0x1bc4	0x8dbeB0x2719B0x1bc4
0x209dB0x2719B0x1bc4	0x8de1B0x2719B0x1bc4
0x209dB0x2719B0x1bc4	0x20adB0x2719B0x1bc4
0x2078B0x2719B0x1bc4	0x208aB0x2719B0x1bc4
0x2078B0x2719B0x1bc4	0x8d9bB0x2719B0x1bc4
0x1f610x1f42B0x136c9B0x1bc4	0x2719B0x1bc4
0x1f42B0x136c9B0x1bc4	0x1f610x1f42B0x136c9B0x1bc4
0x1f42B0x136c9B0x1bc4	0x8c540x1f42B0x136c9B0x1bc4
0x20aeB0x136f6B0x1bc4	0x20b1B0x136f6B0x1bc4
0x20beB0x136f6B0x1bc4	0x20b1B0x136f6B0x1bc4
0x20b1B0x136f6B0x1bc4	0x20beB0x136f6B0x1bc4
0x20b1B0x136f6B0x1bc4	0x20b9B0x136f6B0x1bc4
0x20b9B0x136f6B0x1bc4	0x136c9B0x1bc4
0x2075B0x2730B0x1bc4	0x13789B0x1bc4
0x2063B0x2730B0x1bc4	0x2075B0x2730B0x1bc4
0x2063B0x2730B0x1bc4	0x8d78B0x2730B0x1bc4
0x1f610x1f42B0x13729B0x1bc4	0x2730B0x1bc4
0x1f42B0x13729B0x1bc4	0x1f610x1f42B0x13729B0x1bc4
0x1f42B0x13729B0x1bc4	0x8c540x1f42B0x13729B0x1bc4
0x20aeB0x13756B0x1bc4	0x20b1B0x13756B0x1bc4
0x20beB0x13756B0x1bc4	0x20b1B0x13756B0x1bc4
0x20b1B0x13756B0x1bc4	0x20beB0x13756B0x1bc4
0x20b1B0x13756B0x1bc4	0x20b9B0x13756B0x1bc4
0x20b9B0x13756B0x1bc4	0x13729B0x1bc4
0x202eB0x2746B0x1bc4	0x2041B0x2746B0x1bc4
0x202eB0x2746B0x1bc4	0x8d0fB0x2746B0x1bc4
0x2041B0x2746B0x1bc4	0x8d32B0x2746B0x1bc4
0x2041B0x2746B0x1bc4	0x204eB0x2746B0x1bc4
0x201cB0x2746B0x1bc4	0x202eB0x2746B0x1bc4
0x201cB0x2746B0x1bc4	0x8cecB0x2746B0x1bc4
0x1f22B0x2758B0x1bc4	0x276fB0x1bc4
0x1f09B0x2758B0x1bc4	0x1f22B0x2758B0x1bc4
0x1f09B0x2758B0x1bc4	0x8bbcB0x2758B0x1bc4
0x208aB0x276fB0x1bc4	0x209dB0x276fB0x1bc4
0x208aB0x276fB0x1bc4	0x8dbeB0x276fB0x1bc4
0x209dB0x276fB0x1bc4	0x8de1B0x276fB0x1bc4
0x209dB0x276fB0x1bc4	0x20adB0x276fB0x1bc4
0x2078B0x276fB0x1bc4	0x208aB0x276fB0x1bc4
0x2078B0x276fB0x1bc4	0x8d9bB0x276fB0x1bc4
0x247cB0x288eB0x1bc4	0x28a7B0x1bc4
0x244fB0x288eB0x1bc4	0x247cB0x288eB0x1bc4
0x244fB0x288eB0x1bc4	0x8f85B0x288eB0x1bc4
0x22b7B0x137d3B0x1bc4	0x29060x2689B0x1bc4
0x204fB0x26dfB0x1bc4	0x8d55B0x26dfB0x1bc4
0x204fB0x26dfB0x1bc4	0x2061B0x26dfB0x1bc4
0x1f610x1f42B0x29060x2689B0x1bc4	0x29180x2689B0x1bc4
0x1f42B0x29060x2689B0x1bc4	0x1f610x1f42B0x29060x2689B0x1bc4
0x1f42B0x29060x2689B0x1bc4	0x8c540x1f42B0x29060x2689B0x1bc4
0x2635B0x28a7B0x1bc4	0x1eb4B0x2635B0x28a7B0x1bc4
0x25d0B0x28a7B0x1bc4	0x25e7B0x28a7B0x1bc4
0x25f7B0x28a7B0x1bc4	0x2635B0x28a7B0x1bc4
0x25f7B0x28a7B0x1bc4	0x9063B0x28a7B0x1bc4
0x267bB0x28a7B0x1bc4	0x25e7B0x28a7B0x1bc4
0x266bB0x28a7B0x1bc4	0x22b7B0x266bB0x28a7B0x1bc4
0x2656B0x28a7B0x1bc4	0x2285B0x2656B0x28a7B0x1bc4
0x25e7B0x28a7B0x1bc4	0x25f7B0x28a7B0x1bc4
0x25e7B0x28a7B0x1bc4	0x25efB0x28a7B0x1bc4
0x25efB0x28a7B0x1bc4	0x137d3B0x1bc4
0x1eb4B0x2635B0x28a7B0x1bc4	0x8b4dB0x2635B0x28a7B0x1bc4
0x1eb4B0x2635B0x28a7B0x1bc4	0x1ec7B0x2635B0x28a7B0x1bc4
0x22b7B0x266bB0x28a7B0x1bc4	0x267bB0x28a7B0x1bc4
0x2296B0x2656B0x28a7B0x1bc4	0x8f3fB0x2656B0x28a7B0x1bc4
0x2296B0x2656B0x28a7B0x1bc4	0x22adB0x2656B0x28a7B0x1bc4
0x2285B0x2656B0x28a7B0x1bc4	0x2296B0x2656B0x28a7B0x1bc4
0x2285B0x2656B0x28a7B0x1bc4	0x8f1cB0x2656B0x28a7B0x1bc4
0x22adB0x2656B0x28a7B0x1bc4	0x8f62B0x2656B0x28a7B0x1bc4
0x22adB0x2656B0x28a7B0x1bc4	0x22b6B0x2656B0x28a7B0x1bc4
0x358bB0x27cfB0x1bc4	0x3631B0x27cfB0x1bc4
0x358bB0x27cfB0x1bc4	0x3592B0x27cfB0x1bc4
0x35a6B0x27cfB0x1bc4	0x9511B0x27cfB0x1bc4
0x35a6B0x27cfB0x1bc4	0x35cfB0x27cfB0x1bc4
0x3621B0x27cfB0x1bc4	0x35e0B0x27cfB0x1bc4
0x3578B0x27cfB0x1bc4	0x3a1eB0x3578B0x27cfB0x1bc4
0x3581B0x27cfB0x1bc4	0x358bB0x27cfB0x1bc4
0x3581B0x27cfB0x1bc4	0x94a2B0x27cfB0x1bc4
0x359bB0x27cfB0x1bc4	0x35a6B0x27cfB0x1bc4
0x359bB0x27cfB0x1bc4	0x94eeB0x27cfB0x1bc4
0x35dcB0x27cfB0x1bc4	0x35e0B0x27cfB0x1bc4
0x3628B0x27cfB0x1bc4	0x35d4B0x27cfB0x1bc4
0x35e0B0x27cfB0x1bc4	0x953dB0x27cfB0x1bc4
0x35e0B0x27cfB0x1bc4	0x361bB0x27cfB0x1bc4
0x35d4B0x27cfB0x1bc4	0x27d7B0x1bc4
0x3592B0x27cfB0x1bc4	0x201cB0x3592B0x27cfB0x1bc4
0x35cfB0x27cfB0x1bc4	0x35dcB0x27cfB0x1bc4
0x35cfB0x27cfB0x1bc4	0x35d4B0x27cfB0x1bc4
0x361bB0x27cfB0x1bc4	0x3621B0x27cfB0x1bc4
0x361bB0x27cfB0x1bc4	0x3628B0x27cfB0x1bc4
0x202eB0x3592B0x27cfB0x1bc4	0x2041B0x3592B0x27cfB0x1bc4
0x202eB0x3592B0x27cfB0x1bc4	0x8d0fB0x3592B0x27cfB0x1bc4
0x2041B0x3592B0x27cfB0x1bc4	0x8d32B0x3592B0x27cfB0x1bc4
0x2041B0x3592B0x27cfB0x1bc4	0x204eB0x3592B0x27cfB0x1bc4
0x201cB0x3592B0x27cfB0x1bc4	0x202eB0x3592B0x27cfB0x1bc4
0x201cB0x3592B0x27cfB0x1bc4	0x8cecB0x3592B0x27cfB0x1bc4
0x3a3fB0x3578B0x27cfB0x1bc4	0x96bcB0x3578B0x27cfB0x1bc4
0x3a3fB0x3578B0x27cfB0x1bc4	0x3a4cB0x3578B0x27cfB0x1bc4
0x3a1eB0x3578B0x27cfB0x1bc4	0x201cB0x3a1eB0x3578B0x27cfB0x1bc4
0x3a28B0x3578B0x27cfB0x1bc4	0x3a4eB0x3578B0x27cfB0x1bc4
0x3a28B0x3578B0x27cfB0x1bc4	0x3a30B0x3578B0x27cfB0x1bc4
0x3a4eB0x3578B0x27cfB0x1bc4	0x3581B0x27cfB0x1bc4
0x3a39B0x3578B0x27cfB0x1bc4	0x3a3fB0x3578B0x27cfB0x1bc4
0x3a39B0x3578B0x27cfB0x1bc4	0x9670B0x3578B0x27cfB0x1bc4
0x3a30B0x3578B0x27cfB0x1bc4	0x201cB0x3a30B0x3578B0x27cfB0x1bc4
0x202eB0x3a1eB0x3578B0x27cfB0x1bc4	0x2041B0x3a1eB0x3578B0x27cfB0x1bc4
0x202eB0x3a1eB0x3578B0x27cfB0x1bc4	0x8d0fB0x3a1eB0x3578B0x27cfB0x1bc4
0x2041B0x3a1eB0x3578B0x27cfB0x1bc4	0x8d32B0x3a1eB0x3578B0x27cfB0x1bc4
0x2041B0x3a1eB0x3578B0x27cfB0x1bc4	0x204eB0x3a1eB0x3578B0x27cfB0x1bc4
0x201cB0x3a1eB0x3578B0x27cfB0x1bc4	0x202eB0x3a1eB0x3578B0x27cfB0x1bc4
0x201cB0x3a1eB0x3578B0x27cfB0x1bc4	0x8cecB0x3a1eB0x3578B0x27cfB0x1bc4
0x202eB0x3a30B0x3578B0x27cfB0x1bc4	0x2041B0x3a30B0x3578B0x27cfB0x1bc4
0x202eB0x3a30B0x3578B0x27cfB0x1bc4	0x8d0fB0x3a30B0x3578B0x27cfB0x1bc4
0x2041B0x3a30B0x3578B0x27cfB0x1bc4	0x8d32B0x3a30B0x3578B0x27cfB0x1bc4
0x2041B0x3a30B0x3578B0x27cfB0x1bc4	0x204eB0x3a30B0x3578B0x27cfB0x1bc4
0x201cB0x3a30B0x3578B0x27cfB0x1bc4	0x202eB0x3a30B0x3578B0x27cfB0x1bc4
0x201cB0x3a30B0x3578B0x27cfB0x1bc4	0x8cecB0x3a30B0x3578B0x27cfB0x1bc4
0x2523B0x137adB0x1bc4	0x1f65B0x2523B0x137adB0x1bc4
0x252fB0x137adB0x1bc4	0x1f42B0x252fB0x137adB0x1bc4
0x253dB0x137adB0x1bc4	0x8fa8B0x137adB0x1bc4
0x253dB0x137adB0x1bc4	0x254bB0x137adB0x1bc4
0x254bB0x137adB0x1bc4	0x2758B0x1bc4
0x1f610x1f42B0x252fB0x137adB0x1bc4	0x253dB0x137adB0x1bc4
0x1f42B0x252fB0x137adB0x1bc4	0x1f610x1f42B0x252fB0x137adB0x1bc4
0x1f42B0x252fB0x137adB0x1bc4	0x8c540x1f42B0x252fB0x137adB0x1bc4
0x1f75B0x2523B0x137adB0x1bc4	0x252fB0x137adB0x1bc4
0x1f65B0x2523B0x137adB0x1bc4	0x1f75B0x2523B0x137adB0x1bc4
0x1f65B0x2523B0x137adB0x1bc4	0x8ca0B0x2523B0x137adB0x1bc4
0x352dB0x29180x2689B0x1bc4	0x1f42B0x352dB0x29180x2689B0x1bc4
0x353bB0x29180x2689B0x1bc4	0x1f65B0x353bB0x29180x2689B0x1bc4
0x3548B0x29180x2689B0x1bc4	0x3570B0x29180x2689B0x1bc4
0x3548B0x29180x2689B0x1bc4	0x3566B0x29180x2689B0x1bc4
0x3570B0x29180x2689B0x1bc4	0x3566B0x29180x2689B0x1bc4
0x3566B0x29180x2689B0x1bc4	0x138090x2689B0x1bc4
0x351eB0x29180x2689B0x1bc4	0x1f65B0x351eB0x29180x2689B0x1bc4
0x1f610x1f42B0x352dB0x29180x2689B0x1bc4	0x353bB0x29180x2689B0x1bc4
0x1f42B0x352dB0x29180x2689B0x1bc4	0x1f610x1f42B0x352dB0x29180x2689B0x1bc4
0x1f42B0x352dB0x29180x2689B0x1bc4	0x8c540x1f42B0x352dB0x29180x2689B0x1bc4
0x1f75B0x353bB0x29180x2689B0x1bc4	0x3548B0x29180x2689B0x1bc4
0x1f65B0x353bB0x29180x2689B0x1bc4	0x1f75B0x353bB0x29180x2689B0x1bc4
0x1f65B0x353bB0x29180x2689B0x1bc4	0x8ca0B0x353bB0x29180x2689B0x1bc4
0x1f75B0x351eB0x29180x2689B0x1bc4	0x352dB0x29180x2689B0x1bc4
0x1f65B0x351eB0x29180x2689B0x1bc4	0x1f75B0x351eB0x29180x2689B0x1bc4
0x1f65B0x351eB0x29180x2689B0x1bc4	0x8ca0B0x351eB0x29180x2689B0x1bc4
0x3469B0x29610x2689B0x1bc4	0x34c0B0x29610x2689B0x1bc4
0x3469B0x29610x2689B0x1bc4	0x3470B0x29610x2689B0x1bc4
0x3484B0x29610x2689B0x1bc4	0x348fB0x29610x2689B0x1bc4
0x3484B0x29610x2689B0x1bc4	0x947fB0x29610x2689B0x1bc4
0x348fB0x29610x2689B0x1bc4	0x29710x2689B0x1bc4
0x3456B0x29610x2689B0x1bc4	0x3a1eB0x3456B0x29610x2689B0x1bc4
0x345fB0x29610x2689B0x1bc4	0x3469B0x29610x2689B0x1bc4
0x345fB0x29610x2689B0x1bc4	0x9410B0x29610x2689B0x1bc4
0x3479B0x29610x2689B0x1bc4	0x3484B0x29610x2689B0x1bc4
0x3479B0x29610x2689B0x1bc4	0x945cB0x29610x2689B0x1bc4
0x3470B0x29610x2689B0x1bc4	0x201cB0x3470B0x29610x2689B0x1bc4
0x202eB0x3470B0x29610x2689B0x1bc4	0x2041B0x3470B0x29610x2689B0x1bc4
0x202eB0x3470B0x29610x2689B0x1bc4	0x8d0fB0x3470B0x29610x2689B0x1bc4
0x2041B0x3470B0x29610x2689B0x1bc4	0x8d32B0x3470B0x29610x2689B0x1bc4
0x2041B0x3470B0x29610x2689B0x1bc4	0x204eB0x3470B0x29610x2689B0x1bc4
0x201cB0x3470B0x29610x2689B0x1bc4	0x202eB0x3470B0x29610x2689B0x1bc4
0x201cB0x3470B0x29610x2689B0x1bc4	0x8cecB0x3470B0x29610x2689B0x1bc4
0x3a3fB0x3456B0x29610x2689B0x1bc4	0x96bcB0x3456B0x29610x2689B0x1bc4
0x3a3fB0x3456B0x29610x2689B0x1bc4	0x3a4cB0x3456B0x29610x2689B0x1bc4
0x3a1eB0x3456B0x29610x2689B0x1bc4	0x201cB0x3a1eB0x3456B0x29610x2689B0x1bc4
0x3a28B0x3456B0x29610x2689B0x1bc4	0x3a4eB0x3456B0x29610x2689B0x1bc4
0x3a28B0x3456B0x29610x2689B0x1bc4	0x3a30B0x3456B0x29610x2689B0x1bc4
0x3a4eB0x3456B0x29610x2689B0x1bc4	0x345fB0x29610x2689B0x1bc4
0x3a39B0x3456B0x29610x2689B0x1bc4	0x3a3fB0x3456B0x29610x2689B0x1bc4
0x3a39B0x3456B0x29610x2689B0x1bc4	0x9670B0x3456B0x29610x2689B0x1bc4
0x3a30B0x3456B0x29610x2689B0x1bc4	0x201cB0x3a30B0x3456B0x29610x2689B0x1bc4
0x202eB0x3a1eB0x3456B0x29610x2689B0x1bc4	0x2041B0x3a1eB0x3456B0x29610x2689B0x1bc4
0x202eB0x3a1eB0x3456B0x29610x2689B0x1bc4	0x8d0fB0x3a1eB0x3456B0x29610x2689B0x1bc4
0x2041B0x3a1eB0x3456B0x29610x2689B0x1bc4	0x8d32B0x3a1eB0x3456B0x29610x2689B0x1bc4
0x2041B0x3a1eB0x3456B0x29610x2689B0x1bc4	0x204eB0x3a1eB0x3456B0x29610x2689B0x1bc4
0x201cB0x3a1eB0x3456B0x29610x2689B0x1bc4	0x202eB0x3a1eB0x3456B0x29610x2689B0x1bc4
0x201cB0x3a1eB0x3456B0x29610x2689B0x1bc4	0x8cecB0x3a1eB0x3456B0x29610x2689B0x1bc4
0x202eB0x3a30B0x3456B0x29610x2689B0x1bc4	0x2041B0x3a30B0x3456B0x29610x2689B0x1bc4
0x202eB0x3a30B0x3456B0x29610x2689B0x1bc4	0x8d0fB0x3a30B0x3456B0x29610x2689B0x1bc4
0x2041B0x3a30B0x3456B0x29610x2689B0x1bc4	0x8d32B0x3a30B0x3456B0x29610x2689B0x1bc4
0x2041B0x3a30B0x3456B0x29610x2689B0x1bc4	0x204eB0x3a30B0x3456B0x29610x2689B0x1bc4
0x201cB0x3a30B0x3456B0x29610x2689B0x1bc4	0x202eB0x3a30B0x3456B0x29610x2689B0x1bc4
0x201cB0x3a30B0x3456B0x29610x2689B0x1bc4	0x8cecB0x3a30B0x3456B0x29610x2689B0x1bc4
0x2523B0x29710x2689B0x1bc4	0x1f65B0x2523B0x29710x2689B0x1bc4
0x252fB0x29710x2689B0x1bc4	0x1f42B0x252fB0x29710x2689B0x1bc4
0x253dB0x29710x2689B0x1bc4	0x8fa8B0x29710x2689B0x1bc4
0x253dB0x29710x2689B0x1bc4	0x254bB0x29710x2689B0x1bc4
0x254bB0x29710x2689B0x1bc4	0x297b0x2689B0x1bc4
0x1f610x1f42B0x252fB0x29710x2689B0x1bc4	0x253dB0x29710x2689B0x1bc4
0x1f42B0x252fB0x29710x2689B0x1bc4	0x1f610x1f42B0x252fB0x29710x2689B0x1bc4
0x1f42B0x252fB0x29710x2689B0x1bc4	0x8c540x1f42B0x252fB0x29710x2689B0x1bc4
0x1f75B0x2523B0x29710x2689B0x1bc4	0x252fB0x29710x2689B0x1bc4
0x1f65B0x2523B0x29710x2689B0x1bc4	0x1f75B0x2523B0x29710x2689B0x1bc4
0x1f65B0x2523B0x29710x2689B0x1bc4	0x8ca0B0x2523B0x29710x2689B0x1bc4
0x352dB0x297b0x2689B0x1bc4	0x1f42B0x352dB0x297b0x2689B0x1bc4
0x353bB0x297b0x2689B0x1bc4	0x1f65B0x353bB0x297b0x2689B0x1bc4
0x3548B0x297b0x2689B0x1bc4	0x3570B0x297b0x2689B0x1bc4
0x3548B0x297b0x2689B0x1bc4	0x3566B0x297b0x2689B0x1bc4
0x3570B0x297b0x2689B0x1bc4	0x3566B0x297b0x2689B0x1bc4
0x3566B0x297b0x2689B0x1bc4	0x1382c0x2689B0x1bc4
0x351eB0x297b0x2689B0x1bc4	0x1f65B0x351eB0x297b0x2689B0x1bc4
0x1f610x1f42B0x352dB0x297b0x2689B0x1bc4	0x353bB0x297b0x2689B0x1bc4
0x1f42B0x352dB0x297b0x2689B0x1bc4	0x1f610x1f42B0x352dB0x297b0x2689B0x1bc4
0x1f42B0x352dB0x297b0x2689B0x1bc4	0x8c540x1f42B0x352dB0x297b0x2689B0x1bc4
0x1f75B0x353bB0x297b0x2689B0x1bc4	0x3548B0x297b0x2689B0x1bc4
0x1f65B0x353bB0x297b0x2689B0x1bc4	0x1f75B0x353bB0x297b0x2689B0x1bc4
0x1f65B0x353bB0x297b0x2689B0x1bc4	0x8ca0B0x353bB0x297b0x2689B0x1bc4
0x1f75B0x351eB0x297b0x2689B0x1bc4	0x352dB0x297b0x2689B0x1bc4
0x1f65B0x351eB0x297b0x2689B0x1bc4	0x1f75B0x351eB0x297b0x2689B0x1bc4
0x1f65B0x351eB0x297b0x2689B0x1bc4	0x8ca0B0x351eB0x297b0x2689B0x1bc4
0x295eB0x1bc4	0x1bdc
0x138090x2689B0x1bc4	0x1bdc
0x1382c0x2689B0x1bc4	0x1bdc
0x204eB0x26a5B0x1bc4	0x26adB0x1bc4
0x204eB0x2689B0x1bc4	0x269dB0x1bc4
0x204eB0x29bfB0x1bc4	0x29caB0x1bc4
0x2061B0x26f6B0x1bc4	0x2703B0x1bc4
0x20adB0x2703B0x1bc4	0x136f6B0x1bc4
0x20adB0x2719B0x1bc4	0x13756B0x1bc4
0x204eB0x2746B0x1bc4	0x137adB0x1bc4
0x20adB0x276fB0x1bc4	0x27c6B0x1bc4
0x2061B0x26dfB0x1bc4	0x26f6B0x1bc4
0x1ec7B0x2635B0x28a7B0x1bc4	0x2656B0x28a7B0x1bc4
0x22b6B0x2656B0x28a7B0x1bc4	0x266bB0x28a7B0x1bc4
0x204eB0x3592B0x27cfB0x1bc4	0x359bB0x27cfB0x1bc4
0x3a4cB0x3578B0x27cfB0x1bc4	0x3581B0x27cfB0x1bc4
0x204eB0x3a1eB0x3578B0x27cfB0x1bc4	0x3a28B0x3578B0x27cfB0x1bc4
0x204eB0x3a30B0x3578B0x27cfB0x1bc4	0x3a39B0x3578B0x27cfB0x1bc4
0x204eB0x3470B0x29610x2689B0x1bc4	0x3479B0x29610x2689B0x1bc4
0x3a4cB0x3456B0x29610x2689B0x1bc4	0x345fB0x29610x2689B0x1bc4
0x204eB0x3a1eB0x3456B0x29610x2689B0x1bc4	0x3a28B0x3456B0x29610x2689B0x1bc4
0x204eB0x3a30B0x3456B0x29610x2689B0x1bc4	0x3a39B0x3456B0x29610x2689B0x1bc4
0x33f5B0x26c3B0x1bc4	0x3a1eB0x33f5B0x26c3B0x1bc4
0x3408B0x26c3B0x1bc4	0x3410B0x26c3B0x1bc4
0x3408B0x26c3B0x1bc4	0x341bB0x26c3B0x1bc4
0x3410B0x26c3B0x1bc4	0x3578B0x3410B0x26c3B0x1bc4
0x3424B0x26c3B0x1bc4	0x3456B0x3424B0x26c3B0x1bc4
0x33e2B0x26c3B0x1bc4	0x201cB0x33e2B0x26c3B0x1bc4
0x33edB0x26c3B0x1bc4	0x33f5B0x26c3B0x1bc4
0x33edB0x26c3B0x1bc4	0x342fB0x26c3B0x1bc4
0x342fB0x26c3B0x1bc4	0x26cbB0x1bc4
0x33fdB0x26c3B0x1bc4	0x3408B0x26c3B0x1bc4
0x33fdB0x26c3B0x1bc4	0x93c4B0x26c3B0x1bc4
0x341bB0x26c3B0x1bc4	0x3424B0x26c3B0x1bc4
0x341bB0x26c3B0x1bc4	0x32b00x33e2B0x26c3B0x1bc4
0x13a48B0x26c3B0x1bc4	0x3b4bB0x13a48B0x26c3B0x1bc4
0x13a6dB0x26c3B0x1bc4	0x26cbB0x1bc4
0x13a8fB0x26c3B0x1bc4	0x3a54B0x13a8fB0x26c3B0x1bc4
0x13ab4B0x26c3B0x1bc4	0x26cbB0x1bc4
0x32b00x33e2B0x26c3B0x1bc4	0x26cbB0x1bc4
0x202eB0x33e2B0x26c3B0x1bc4	0x2041B0x33e2B0x26c3B0x1bc4
0x202eB0x33e2B0x26c3B0x1bc4	0x8d0fB0x33e2B0x26c3B0x1bc4
0x2041B0x33e2B0x26c3B0x1bc4	0x8d32B0x33e2B0x26c3B0x1bc4
0x2041B0x33e2B0x26c3B0x1bc4	0x204eB0x33e2B0x26c3B0x1bc4
0x201cB0x33e2B0x26c3B0x1bc4	0x202eB0x33e2B0x26c3B0x1bc4
0x201cB0x33e2B0x26c3B0x1bc4	0x8cecB0x33e2B0x26c3B0x1bc4
0x3a3fB0x33f5B0x26c3B0x1bc4	0x96bcB0x33f5B0x26c3B0x1bc4
0x3a3fB0x33f5B0x26c3B0x1bc4	0x3a4cB0x33f5B0x26c3B0x1bc4
0x3a1eB0x33f5B0x26c3B0x1bc4	0x201cB0x3a1eB0x33f5B0x26c3B0x1bc4
0x3a28B0x33f5B0x26c3B0x1bc4	0x3a4eB0x33f5B0x26c3B0x1bc4
0x3a28B0x33f5B0x26c3B0x1bc4	0x3a30B0x33f5B0x26c3B0x1bc4
0x3a4eB0x33f5B0x26c3B0x1bc4	0x33fdB0x26c3B0x1bc4
0x3a39B0x33f5B0x26c3B0x1bc4	0x3a3fB0x33f5B0x26c3B0x1bc4
0x3a39B0x33f5B0x26c3B0x1bc4	0x9670B0x33f5B0x26c3B0x1bc4
0x3a30B0x33f5B0x26c3B0x1bc4	0x201cB0x3a30B0x33f5B0x26c3B0x1bc4
0x202eB0x3a1eB0x33f5B0x26c3B0x1bc4	0x2041B0x3a1eB0x33f5B0x26c3B0x1bc4
0x202eB0x3a1eB0x33f5B0x26c3B0x1bc4	0x8d0fB0x3a1eB0x33f5B0x26c3B0x1bc4
0x2041B0x3a1eB0x33f5B0x26c3B0x1bc4	0x8d32B0x3a1eB0x33f5B0x26c3B0x1bc4
0x2041B0x3a1eB0x33f5B0x26c3B0x1bc4	0x204eB0x3a1eB0x33f5B0x26c3B0x1bc4
0x201cB0x3a1eB0x33f5B0x26c3B0x1bc4	0x202eB0x3a1eB0x33f5B0x26c3B0x1bc4
0x201cB0x3a1eB0x33f5B0x26c3B0x1bc4	0x8cecB0x3a1eB0x33f5B0x26c3B0x1bc4
0x202eB0x3a30B0x33f5B0x26c3B0x1bc4	0x2041B0x3a30B0x33f5B0x26c3B0x1bc4
0x202eB0x3a30B0x33f5B0x26c3B0x1bc4	0x8d0fB0x3a30B0x33f5B0x26c3B0x1bc4
0x2041B0x3a30B0x33f5B0x26c3B0x1bc4	0x8d32B0x3a30B0x33f5B0x26c3B0x1bc4
0x2041B0x3a30B0x33f5B0x26c3B0x1bc4	0x204eB0x3a30B0x33f5B0x26c3B0x1bc4
0x201cB0x3a30B0x33f5B0x26c3B0x1bc4	0x202eB0x3a30B0x33f5B0x26c3B0x1bc4
0x201cB0x3a30B0x33f5B0x26c3B0x1bc4	0x8cecB0x3a30B0x33f5B0x26c3B0x1bc4
0x3b53B0x13a48B0x26c3B0x1bc4	0x3b67B0x13a48B0x26c3B0x1bc4
0x3b70B0x13a48B0x26c3B0x1bc4	0x21a2B0x3b70B0x13a48B0x26c3B0x1bc4
0x3c07B0x13a48B0x26c3B0x1bc4	0x13a6dB0x26c3B0x1bc4
0x3bf5B0x13a48B0x26c3B0x1bc4	0x13a6dB0x26c3B0x1bc4
0x3b81B0x13a48B0x26c3B0x1bc4	0x3b89B0x13a48B0x26c3B0x1bc4
0x3b89B0x13a48B0x26c3B0x1bc4	0x204fB0x3b89B0x13a48B0x26c3B0x1bc4
0x3be3B0x13a48B0x26c3B0x1bc4	0x3b67B0x13a48B0x26c3B0x1bc4
0x3b95B0x13a48B0x26c3B0x1bc4	0x201cB0x3b95B0x13a48B0x26c3B0x1bc4
0x13bbaB0x13a48B0x26c3B0x1bc4	0x1f42B0x13bbaB0x13a48B0x26c3B0x1bc4
0x3ba5B0x13a48B0x26c3B0x1bc4	0x13bbaB0x13a48B0x26c3B0x1bc4
0x3b67B0x13a48B0x26c3B0x1bc4	0x3b70B0x13a48B0x26c3B0x1bc4
0x3b67B0x13a48B0x26c3B0x1bc4	0x3bf5B0x13a48B0x26c3B0x1bc4
0x3b4bB0x13a48B0x26c3B0x1bc4	0x3b53B0x13a48B0x26c3B0x1bc4
0x3b4bB0x13a48B0x26c3B0x1bc4	0x3c07B0x13a48B0x26c3B0x1bc4
0x21d2B0x3b70B0x13a48B0x26c3B0x1bc4	0x3b81B0x13a48B0x26c3B0x1bc4
0x21a2B0x3b70B0x13a48B0x26c3B0x1bc4	0x21d2B0x3b70B0x13a48B0x26c3B0x1bc4
0x21a2B0x3b70B0x13a48B0x26c3B0x1bc4	0x8e04B0x3b70B0x13a48B0x26c3B0x1bc4
0x204fB0x3b89B0x13a48B0x26c3B0x1bc4	0x8d55B0x3b89B0x13a48B0x26c3B0x1bc4
0x204fB0x3b89B0x13a48B0x26c3B0x1bc4	0x2061B0x3b89B0x13a48B0x26c3B0x1bc4
0x202eB0x3b95B0x13a48B0x26c3B0x1bc4	0x2041B0x3b95B0x13a48B0x26c3B0x1bc4
0x202eB0x3b95B0x13a48B0x26c3B0x1bc4	0x8d0fB0x3b95B0x13a48B0x26c3B0x1bc4
0x2041B0x3b95B0x13a48B0x26c3B0x1bc4	0x8d32B0x3b95B0x13a48B0x26c3B0x1bc4
0x2041B0x3b95B0x13a48B0x26c3B0x1bc4	0x204eB0x3b95B0x13a48B0x26c3B0x1bc4
0x201cB0x3b95B0x13a48B0x26c3B0x1bc4	0x202eB0x3b95B0x13a48B0x26c3B0x1bc4
0x201cB0x3b95B0x13a48B0x26c3B0x1bc4	0x8cecB0x3b95B0x13a48B0x26c3B0x1bc4
0x1f610x1f42B0x13bbaB0x13a48B0x26c3B0x1bc4	0x3be3B0x13a48B0x26c3B0x1bc4
0x1f42B0x13bbaB0x13a48B0x26c3B0x1bc4	0x1f610x1f42B0x13bbaB0x13a48B0x26c3B0x1bc4
0x1f42B0x13bbaB0x13a48B0x26c3B0x1bc4	0x8c540x1f42B0x13bbaB0x13a48B0x26c3B0x1bc4
0x358bB0x3410B0x26c3B0x1bc4	0x3631B0x3410B0x26c3B0x1bc4
0x358bB0x3410B0x26c3B0x1bc4	0x3592B0x3410B0x26c3B0x1bc4
0x35a6B0x3410B0x26c3B0x1bc4	0x9511B0x3410B0x26c3B0x1bc4
0x35a6B0x3410B0x26c3B0x1bc4	0x35cfB0x3410B0x26c3B0x1bc4
0x3621B0x3410B0x26c3B0x1bc4	0x35e0B0x3410B0x26c3B0x1bc4
0x3578B0x3410B0x26c3B0x1bc4	0x3a1eB0x3578B0x3410B0x26c3B0x1bc4
0x3581B0x3410B0x26c3B0x1bc4	0x358bB0x3410B0x26c3B0x1bc4
0x3581B0x3410B0x26c3B0x1bc4	0x94a2B0x3410B0x26c3B0x1bc4
0x359bB0x3410B0x26c3B0x1bc4	0x35a6B0x3410B0x26c3B0x1bc4
0x359bB0x3410B0x26c3B0x1bc4	0x94eeB0x3410B0x26c3B0x1bc4
0x35dcB0x3410B0x26c3B0x1bc4	0x35e0B0x3410B0x26c3B0x1bc4
0x3628B0x3410B0x26c3B0x1bc4	0x35d4B0x3410B0x26c3B0x1bc4
0x35e0B0x3410B0x26c3B0x1bc4	0x953dB0x3410B0x26c3B0x1bc4
0x35e0B0x3410B0x26c3B0x1bc4	0x361bB0x3410B0x26c3B0x1bc4
0x35d4B0x3410B0x26c3B0x1bc4	0x13a48B0x26c3B0x1bc4
0x3592B0x3410B0x26c3B0x1bc4	0x201cB0x3592B0x3410B0x26c3B0x1bc4
0x35cfB0x3410B0x26c3B0x1bc4	0x35dcB0x3410B0x26c3B0x1bc4
0x35cfB0x3410B0x26c3B0x1bc4	0x35d4B0x3410B0x26c3B0x1bc4
0x361bB0x3410B0x26c3B0x1bc4	0x3621B0x3410B0x26c3B0x1bc4
0x361bB0x3410B0x26c3B0x1bc4	0x3628B0x3410B0x26c3B0x1bc4
0x202eB0x3592B0x3410B0x26c3B0x1bc4	0x2041B0x3592B0x3410B0x26c3B0x1bc4
0x202eB0x3592B0x3410B0x26c3B0x1bc4	0x8d0fB0x3592B0x3410B0x26c3B0x1bc4
0x2041B0x3592B0x3410B0x26c3B0x1bc4	0x8d32B0x3592B0x3410B0x26c3B0x1bc4
0x2041B0x3592B0x3410B0x26c3B0x1bc4	0x204eB0x3592B0x3410B0x26c3B0x1bc4
0x201cB0x3592B0x3410B0x26c3B0x1bc4	0x202eB0x3592B0x3410B0x26c3B0x1bc4
0x201cB0x3592B0x3410B0x26c3B0x1bc4	0x8cecB0x3592B0x3410B0x26c3B0x1bc4
0x3a3fB0x3578B0x3410B0x26c3B0x1bc4	0x96bcB0x3578B0x3410B0x26c3B0x1bc4
0x3a3fB0x3578B0x3410B0x26c3B0x1bc4	0x3a4cB0x3578B0x3410B0x26c3B0x1bc4
0x3a1eB0x3578B0x3410B0x26c3B0x1bc4	0x201cB0x3a1eB0x3578B0x3410B0x26c3B0x1bc4
0x3a28B0x3578B0x3410B0x26c3B0x1bc4	0x3a4eB0x3578B0x3410B0x26c3B0x1bc4
0x3a28B0x3578B0x3410B0x26c3B0x1bc4	0x3a30B0x3578B0x3410B0x26c3B0x1bc4
0x3a4eB0x3578B0x3410B0x26c3B0x1bc4	0x3581B0x3410B0x26c3B0x1bc4
0x3a39B0x3578B0x3410B0x26c3B0x1bc4	0x3a3fB0x3578B0x3410B0x26c3B0x1bc4
0x3a39B0x3578B0x3410B0x26c3B0x1bc4	0x9670B0x3578B0x3410B0x26c3B0x1bc4
0x3a30B0x3578B0x3410B0x26c3B0x1bc4	0x201cB0x3a30B0x3578B0x3410B0x26c3B0x1bc4
0x202eB0x3a1eB0x3578B0x3410B0x26c3B0x1bc4	0x2041B0x3a1eB0x3578B0x3410B0x26c3B0x1bc4
0x202eB0x3a1eB0x3578B0x3410B0x26c3B0x1bc4	0x8d0fB0x3a1eB0x3578B0x3410B0x26c3B0x1bc4
0x2041B0x3a1eB0x3578B0x3410B0x26c3B0x1bc4	0x8d32B0x3a1eB0x3578B0x3410B0x26c3B0x1bc4
0x2041B0x3a1eB0x3578B0x3410B0x26c3B0x1bc4	0x204eB0x3a1eB0x3578B0x3410B0x26c3B0x1bc4
0x201cB0x3a1eB0x3578B0x3410B0x26c3B0x1bc4	0x202eB0x3a1eB0x3578B0x3410B0x26c3B0x1bc4
0x201cB0x3a1eB0x3578B0x3410B0x26c3B0x1bc4	0x8cecB0x3a1eB0x3578B0x3410B0x26c3B0x1bc4
0x202eB0x3a30B0x3578B0x3410B0x26c3B0x1bc4	0x2041B0x3a30B0x3578B0x3410B0x26c3B0x1bc4
0x202eB0x3a30B0x3578B0x3410B0x26c3B0x1bc4	0x8d0fB0x3a30B0x3578B0x3410B0x26c3B0x1bc4
0x2041B0x3a30B0x3578B0x3410B0x26c3B0x1bc4	0x8d32B0x3a30B0x3578B0x3410B0x26c3B0x1bc4
0x2041B0x3a30B0x3578B0x3410B0x26c3B0x1bc4	0x204eB0x3a30B0x3578B0x3410B0x26c3B0x1bc4
0x201cB0x3a30B0x3578B0x3410B0x26c3B0x1bc4	0x202eB0x3a30B0x3578B0x3410B0x26c3B0x1bc4
0x201cB0x3a30B0x3578B0x3410B0x26c3B0x1bc4	0x8cecB0x3a30B0x3578B0x3410B0x26c3B0x1bc4
0x3469B0x3424B0x26c3B0x1bc4	0x34c0B0x3424B0x26c3B0x1bc4
0x3469B0x3424B0x26c3B0x1bc4	0x3470B0x3424B0x26c3B0x1bc4
0x3484B0x3424B0x26c3B0x1bc4	0x348fB0x3424B0x26c3B0x1bc4
0x3484B0x3424B0x26c3B0x1bc4	0x947fB0x3424B0x26c3B0x1bc4
0x348fB0x3424B0x26c3B0x1bc4	0x13a8fB0x26c3B0x1bc4
0x3456B0x3424B0x26c3B0x1bc4	0x3a1eB0x3456B0x3424B0x26c3B0x1bc4
0x345fB0x3424B0x26c3B0x1bc4	0x3469B0x3424B0x26c3B0x1bc4
0x345fB0x3424B0x26c3B0x1bc4	0x9410B0x3424B0x26c3B0x1bc4
0x3479B0x3424B0x26c3B0x1bc4	0x3484B0x3424B0x26c3B0x1bc4
0x3479B0x3424B0x26c3B0x1bc4	0x945cB0x3424B0x26c3B0x1bc4
0x3470B0x3424B0x26c3B0x1bc4	0x201cB0x3470B0x3424B0x26c3B0x1bc4
0x202eB0x3470B0x3424B0x26c3B0x1bc4	0x2041B0x3470B0x3424B0x26c3B0x1bc4
0x202eB0x3470B0x3424B0x26c3B0x1bc4	0x8d0fB0x3470B0x3424B0x26c3B0x1bc4
0x2041B0x3470B0x3424B0x26c3B0x1bc4	0x8d32B0x3470B0x3424B0x26c3B0x1bc4
0x2041B0x3470B0x3424B0x26c3B0x1bc4	0x204eB0x3470B0x3424B0x26c3B0x1bc4
0x201cB0x3470B0x3424B0x26c3B0x1bc4	0x202eB0x3470B0x3424B0x26c3B0x1bc4
0x201cB0x3470B0x3424B0x26c3B0x1bc4	0x8cecB0x3470B0x3424B0x26c3B0x1bc4
0x3a3fB0x3456B0x3424B0x26c3B0x1bc4	0x96bcB0x3456B0x3424B0x26c3B0x1bc4
0x3a3fB0x3456B0x3424B0x26c3B0x1bc4	0x3a4cB0x3456B0x3424B0x26c3B0x1bc4
0x3a1eB0x3456B0x3424B0x26c3B0x1bc4	0x201cB0x3a1eB0x3456B0x3424B0x26c3B0x1bc4
0x3a28B0x3456B0x3424B0x26c3B0x1bc4	0x3a4eB0x3456B0x3424B0x26c3B0x1bc4
0x3a28B0x3456B0x3424B0x26c3B0x1bc4	0x3a30B0x3456B0x3424B0x26c3B0x1bc4
0x3a4eB0x3456B0x3424B0x26c3B0x1bc4	0x345fB0x3424B0x26c3B0x1bc4
0x3a39B0x3456B0x3424B0x26c3B0x1bc4	0x3a3fB0x3456B0x3424B0x26c3B0x1bc4
0x3a39B0x3456B0x3424B0x26c3B0x1bc4	0x9670B0x3456B0x3424B0x26c3B0x1bc4
0x3a30B0x3456B0x3424B0x26c3B0x1bc4	0x201cB0x3a30B0x3456B0x3424B0x26c3B0x1bc4
0x202eB0x3a1eB0x3456B0x3424B0x26c3B0x1bc4	0x2041B0x3a1eB0x3456B0x3424B0x26c3B0x1bc4
0x202eB0x3a1eB0x3456B0x3424B0x26c3B0x1bc4	0x8d0fB0x3a1eB0x3456B0x3424B0x26c3B0x1bc4
0x2041B0x3a1eB0x3456B0x3424B0x26c3B0x1bc4	0x8d32B0x3a1eB0x3456B0x3424B0x26c3B0x1bc4
0x2041B0x3a1eB0x3456B0x3424B0x26c3B0x1bc4	0x204eB0x3a1eB0x3456B0x3424B0x26c3B0x1bc4
0x201cB0x3a1eB0x3456B0x3424B0x26c3B0x1bc4	0x202eB0x3a1eB0x3456B0x3424B0x26c3B0x1bc4
0x201cB0x3a1eB0x3456B0x3424B0x26c3B0x1bc4	0x8cecB0x3a1eB0x3456B0x3424B0x26c3B0x1bc4
0x202eB0x3a30B0x3456B0x3424B0x26c3B0x1bc4	0x2041B0x3a30B0x3456B0x3424B0x26c3B0x1bc4
0x202eB0x3a30B0x3456B0x3424B0x26c3B0x1bc4	0x8d0fB0x3a30B0x3456B0x3424B0x26c3B0x1bc4
0x2041B0x3a30B0x3456B0x3424B0x26c3B0x1bc4	0x8d32B0x3a30B0x3456B0x3424B0x26c3B0x1bc4
0x2041B0x3a30B0x3456B0x3424B0x26c3B0x1bc4	0x204eB0x3a30B0x3456B0x3424B0x26c3B0x1bc4
0x201cB0x3a30B0x3456B0x3424B0x26c3B0x1bc4	0x202eB0x3a30B0x3456B0x3424B0x26c3B0x1bc4
0x201cB0x3a30B0x3456B0x3424B0x26c3B0x1bc4	0x8cecB0x3a30B0x3456B0x3424B0x26c3B0x1bc4
0x204eB0x33e2B0x26c3B0x1bc4	0x33edB0x26c3B0x1bc4
0x3a4cB0x33f5B0x26c3B0x1bc4	0x33fdB0x26c3B0x1bc4
0x204eB0x3a1eB0x33f5B0x26c3B0x1bc4	0x3a28B0x33f5B0x26c3B0x1bc4
0x204eB0x3a30B0x33f5B0x26c3B0x1bc4	0x3a39B0x33f5B0x26c3B0x1bc4
0x2061B0x3b89B0x13a48B0x26c3B0x1bc4	0x3b95B0x13a48B0x26c3B0x1bc4
0x204eB0x3b95B0x13a48B0x26c3B0x1bc4	0x3ba5B0x13a48B0x26c3B0x1bc4
0x204eB0x3592B0x3410B0x26c3B0x1bc4	0x359bB0x3410B0x26c3B0x1bc4
0x3a4cB0x3578B0x3410B0x26c3B0x1bc4	0x3581B0x3410B0x26c3B0x1bc4
0x204eB0x3a1eB0x3578B0x3410B0x26c3B0x1bc4	0x3a28B0x3578B0x3410B0x26c3B0x1bc4
0x204eB0x3a30B0x3578B0x3410B0x26c3B0x1bc4	0x3a39B0x3578B0x3410B0x26c3B0x1bc4
0x204eB0x3470B0x3424B0x26c3B0x1bc4	0x3479B0x3424B0x26c3B0x1bc4
0x3a4cB0x3456B0x3424B0x26c3B0x1bc4	0x345fB0x3424B0x26c3B0x1bc4
0x204eB0x3a1eB0x3456B0x3424B0x26c3B0x1bc4	0x3a28B0x3456B0x3424B0x26c3B0x1bc4
0x204eB0x3a30B0x3456B0x3424B0x26c3B0x1bc4	0x3a39B0x3456B0x3424B0x26c3B0x1bc4
0x3a64B0x13a8fB0x26c3B0x1bc4	0x1f26B0x3a64B0x13a8fB0x26c3B0x1bc4
0x3af9B0x13a8fB0x26c3B0x1bc4	0x33c1B0x3af9B0x13a8fB0x26c3B0x1bc4
0x3aa1B0x13a8fB0x26c3B0x1bc4	0x3abbB0x13a8fB0x26c3B0x1bc4
0x3a8fB0x13a8fB0x26c3B0x1bc4	0x2523B0x3a8fB0x13a8fB0x26c3B0x1bc4
0x13b68B0x13a8fB0x26c3B0x1bc4	0x1f42B0x13b68B0x13a8fB0x26c3B0x1bc4
0x3abbB0x13a8fB0x26c3B0x1bc4	0x13b68B0x13a8fB0x26c3B0x1bc4
0x3b05B0x13a8fB0x26c3B0x1bc4	0x3b16B0x13a8fB0x26c3B0x1bc4
0x3b32B0x13a8fB0x26c3B0x1bc4	0x3b16B0x13a8fB0x26c3B0x1bc4
0x13b95B0x13a8fB0x26c3B0x1bc4	0x13ab4B0x26c3B0x1bc4
0x3b16B0x13a8fB0x26c3B0x1bc4	0x3b32B0x13a8fB0x26c3B0x1bc4
0x3b16B0x13a8fB0x26c3B0x1bc4	0x3b1eB0x13a8fB0x26c3B0x1bc4
0x3a54B0x13a8fB0x26c3B0x1bc4	0x1f42B0x3a54B0x13a8fB0x26c3B0x1bc4
0x3b1eB0x13a8fB0x26c3B0x1bc4	0x1f42B0x3b1eB0x13a8fB0x26c3B0x1bc4
0x1f3eB0x3a64B0x13a8fB0x26c3B0x1bc4	0x3a8fB0x13a8fB0x26c3B0x1bc4
0x1f26B0x3a64B0x13a8fB0x26c3B0x1bc4	0x1f3eB0x3a64B0x13a8fB0x26c3B0x1bc4
0x1f26B0x3a64B0x13a8fB0x26c3B0x1bc4	0x8c08B0x3a64B0x13a8fB0x26c3B0x1bc4
0x33c9B0x3af9B0x13a8fB0x26c3B0x1bc4	0x3b05B0x13a8fB0x26c3B0x1bc4
0x33c1B0x3af9B0x13a8fB0x26c3B0x1bc4	0x33c9B0x3af9B0x13a8fB0x26c3B0x1bc4
0x33c1B0x3af9B0x13a8fB0x26c3B0x1bc4	0x932cB0x3af9B0x13a8fB0x26c3B0x1bc4
0x1f610x1f42B0x13b68B0x13a8fB0x26c3B0x1bc4	0x3af9B0x13a8fB0x26c3B0x1bc4
0x1f42B0x13b68B0x13a8fB0x26c3B0x1bc4	0x1f610x1f42B0x13b68B0x13a8fB0x26c3B0x1bc4
0x1f42B0x13b68B0x13a8fB0x26c3B0x1bc4	0x8c540x1f42B0x13b68B0x13a8fB0x26c3B0x1bc4
0x1f610x1f42B0x3a54B0x13a8fB0x26c3B0x1bc4	0x3a64B0x13a8fB0x26c3B0x1bc4
0x1f42B0x3a54B0x13a8fB0x26c3B0x1bc4	0x1f610x1f42B0x3a54B0x13a8fB0x26c3B0x1bc4
0x1f42B0x3a54B0x13a8fB0x26c3B0x1bc4	0x8c540x1f42B0x3a54B0x13a8fB0x26c3B0x1bc4
0x1f610x1f42B0x3b1eB0x13a8fB0x26c3B0x1bc4	0x13b95B0x13a8fB0x26c3B0x1bc4
0x1f42B0x3b1eB0x13a8fB0x26c3B0x1bc4	0x1f610x1f42B0x3b1eB0x13a8fB0x26c3B0x1bc4
0x1f42B0x3b1eB0x13a8fB0x26c3B0x1bc4	0x8c540x1f42B0x3b1eB0x13a8fB0x26c3B0x1bc4
0x2523B0x3a8fB0x13a8fB0x26c3B0x1bc4	0x1f65B0x2523B0x3a8fB0x13a8fB0x26c3B0x1bc4
0x252fB0x3a8fB0x13a8fB0x26c3B0x1bc4	0x1f42B0x252fB0x3a8fB0x13a8fB0x26c3B0x1bc4
0x253dB0x3a8fB0x13a8fB0x26c3B0x1bc4	0x8fa8B0x3a8fB0x13a8fB0x26c3B0x1bc4
0x253dB0x3a8fB0x13a8fB0x26c3B0x1bc4	0x254bB0x3a8fB0x13a8fB0x26c3B0x1bc4
0x254bB0x3a8fB0x13a8fB0x26c3B0x1bc4	0x3aa1B0x13a8fB0x26c3B0x1bc4
0x1f610x1f42B0x252fB0x3a8fB0x13a8fB0x26c3B0x1bc4	0x253dB0x3a8fB0x13a8fB0x26c3B0x1bc4
0x1f42B0x252fB0x3a8fB0x13a8fB0x26c3B0x1bc4	0x1f610x1f42B0x252fB0x3a8fB0x13a8fB0x26c3B0x1bc4
0x1f42B0x252fB0x3a8fB0x13a8fB0x26c3B0x1bc4	0x8c540x1f42B0x252fB0x3a8fB0x13a8fB0x26c3B0x1bc4
0x1f75B0x2523B0x3a8fB0x13a8fB0x26c3B0x1bc4	0x252fB0x3a8fB0x13a8fB0x26c3B0x1bc4
0x1f65B0x2523B0x3a8fB0x13a8fB0x26c3B0x1bc4	0x1f75B0x2523B0x3a8fB0x13a8fB0x26c3B0x1bc4
0x1f65B0x2523B0x3a8fB0x13a8fB0x26c3B0x1bc4	0x8ca0B0x2523B0x3a8fB0x13a8fB0x26c3B0x1bc4
0x326bB0x29aeB0x1bc4	0x3a1eB0x326bB0x29aeB0x1bc4
0x327dB0x29aeB0x1bc4	0x3297B0x29aeB0x1bc4
0x327dB0x29aeB0x1bc4	0x3285B0x29aeB0x1bc4
0x329fB0x29aeB0x1bc4	0x3456B0x329fB0x29aeB0x1bc4
0x3259B0x29aeB0x1bc4	0x201cB0x3259B0x29aeB0x1bc4
0x3263B0x29aeB0x1bc4	0x326bB0x29aeB0x1bc4
0x3263B0x29aeB0x1bc4	0x32b00x3259B0x29aeB0x1bc4
0x3273B0x29aeB0x1bc4	0x327dB0x29aeB0x1bc4
0x3273B0x29aeB0x1bc4	0x9271B0x29aeB0x1bc4
0x3297B0x29aeB0x1bc4	0x329fB0x29aeB0x1bc4
0x3297B0x29aeB0x1bc4	0x32b00x3259B0x29aeB0x1bc4
0x13997B0x29aeB0x1bc4	0x3b4bB0x13997B0x29aeB0x1bc4
0x139bcB0x29aeB0x1bc4	0x1384fB0x1bc4
0x139deB0x29aeB0x1bc4	0x3a54B0x139deB0x29aeB0x1bc4
0x13a03B0x29aeB0x1bc4	0x1384fB0x1bc4
0x3285B0x29aeB0x1bc4	0x3578B0x3285B0x29aeB0x1bc4
0x32b00x3259B0x29aeB0x1bc4	0x1384fB0x1bc4
0x202eB0x3259B0x29aeB0x1bc4	0x2041B0x3259B0x29aeB0x1bc4
0x202eB0x3259B0x29aeB0x1bc4	0x8d0fB0x3259B0x29aeB0x1bc4
0x2041B0x3259B0x29aeB0x1bc4	0x8d32B0x3259B0x29aeB0x1bc4
0x2041B0x3259B0x29aeB0x1bc4	0x204eB0x3259B0x29aeB0x1bc4
0x201cB0x3259B0x29aeB0x1bc4	0x202eB0x3259B0x29aeB0x1bc4
0x201cB0x3259B0x29aeB0x1bc4	0x8cecB0x3259B0x29aeB0x1bc4
0x3a3fB0x326bB0x29aeB0x1bc4	0x96bcB0x326bB0x29aeB0x1bc4
0x3a3fB0x326bB0x29aeB0x1bc4	0x3a4cB0x326bB0x29aeB0x1bc4
0x3a1eB0x326bB0x29aeB0x1bc4	0x201cB0x3a1eB0x326bB0x29aeB0x1bc4
0x3a28B0x326bB0x29aeB0x1bc4	0x3a4eB0x326bB0x29aeB0x1bc4
0x3a28B0x326bB0x29aeB0x1bc4	0x3a30B0x326bB0x29aeB0x1bc4
0x3a4eB0x326bB0x29aeB0x1bc4	0x3273B0x29aeB0x1bc4
0x3a39B0x326bB0x29aeB0x1bc4	0x3a3fB0x326bB0x29aeB0x1bc4
0x3a39B0x326bB0x29aeB0x1bc4	0x9670B0x326bB0x29aeB0x1bc4
0x3a30B0x326bB0x29aeB0x1bc4	0x201cB0x3a30B0x326bB0x29aeB0x1bc4
0x202eB0x3a1eB0x326bB0x29aeB0x1bc4	0x2041B0x3a1eB0x326bB0x29aeB0x1bc4
0x202eB0x3a1eB0x326bB0x29aeB0x1bc4	0x8d0fB0x3a1eB0x326bB0x29aeB0x1bc4
0x2041B0x3a1eB0x326bB0x29aeB0x1bc4	0x8d32B0x3a1eB0x326bB0x29aeB0x1bc4
0x2041B0x3a1eB0x326bB0x29aeB0x1bc4	0x204eB0x3a1eB0x326bB0x29aeB0x1bc4
0x201cB0x3a1eB0x326bB0x29aeB0x1bc4	0x202eB0x3a1eB0x326bB0x29aeB0x1bc4
0x201cB0x3a1eB0x326bB0x29aeB0x1bc4	0x8cecB0x3a1eB0x326bB0x29aeB0x1bc4
0x202eB0x3a30B0x326bB0x29aeB0x1bc4	0x2041B0x3a30B0x326bB0x29aeB0x1bc4
0x202eB0x3a30B0x326bB0x29aeB0x1bc4	0x8d0fB0x3a30B0x326bB0x29aeB0x1bc4
0x2041B0x3a30B0x326bB0x29aeB0x1bc4	0x8d32B0x3a30B0x326bB0x29aeB0x1bc4
0x2041B0x3a30B0x326bB0x29aeB0x1bc4	0x204eB0x3a30B0x326bB0x29aeB0x1bc4
0x201cB0x3a30B0x326bB0x29aeB0x1bc4	0x202eB0x3a30B0x326bB0x29aeB0x1bc4
0x201cB0x3a30B0x326bB0x29aeB0x1bc4	0x8cecB0x3a30B0x326bB0x29aeB0x1bc4
0x3b53B0x13997B0x29aeB0x1bc4	0x3b67B0x13997B0x29aeB0x1bc4
0x3b70B0x13997B0x29aeB0x1bc4	0x21a2B0x3b70B0x13997B0x29aeB0x1bc4
0x3c07B0x13997B0x29aeB0x1bc4	0x139bcB0x29aeB0x1bc4
0x3bf5B0x13997B0x29aeB0x1bc4	0x139bcB0x29aeB0x1bc4
0x3b81B0x13997B0x29aeB0x1bc4	0x3b89B0x13997B0x29aeB0x1bc4
0x3b89B0x13997B0x29aeB0x1bc4	0x204fB0x3b89B0x13997B0x29aeB0x1bc4
0x3be3B0x13997B0x29aeB0x1bc4	0x3b67B0x13997B0x29aeB0x1bc4
0x3b95B0x13997B0x29aeB0x1bc4	0x201cB0x3b95B0x13997B0x29aeB0x1bc4
0x13bbaB0x13997B0x29aeB0x1bc4	0x1f42B0x13bbaB0x13997B0x29aeB0x1bc4
0x3ba5B0x13997B0x29aeB0x1bc4	0x13bbaB0x13997B0x29aeB0x1bc4
0x3b67B0x13997B0x29aeB0x1bc4	0x3b70B0x13997B0x29aeB0x1bc4
0x3b67B0x13997B0x29aeB0x1bc4	0x3bf5B0x13997B0x29aeB0x1bc4
0x3b4bB0x13997B0x29aeB0x1bc4	0x3b53B0x13997B0x29aeB0x1bc4
0x3b4bB0x13997B0x29aeB0x1bc4	0x3c07B0x13997B0x29aeB0x1bc4
0x21d2B0x3b70B0x13997B0x29aeB0x1bc4	0x3b81B0x13997B0x29aeB0x1bc4
0x21a2B0x3b70B0x13997B0x29aeB0x1bc4	0x21d2B0x3b70B0x13997B0x29aeB0x1bc4
0x21a2B0x3b70B0x13997B0x29aeB0x1bc4	0x8e04B0x3b70B0x13997B0x29aeB0x1bc4
0x204fB0x3b89B0x13997B0x29aeB0x1bc4	0x8d55B0x3b89B0x13997B0x29aeB0x1bc4
0x204fB0x3b89B0x13997B0x29aeB0x1bc4	0x2061B0x3b89B0x13997B0x29aeB0x1bc4
0x202eB0x3b95B0x13997B0x29aeB0x1bc4	0x2041B0x3b95B0x13997B0x29aeB0x1bc4
0x202eB0x3b95B0x13997B0x29aeB0x1bc4	0x8d0fB0x3b95B0x13997B0x29aeB0x1bc4
0x2041B0x3b95B0x13997B0x29aeB0x1bc4	0x8d32B0x3b95B0x13997B0x29aeB0x1bc4
0x2041B0x3b95B0x13997B0x29aeB0x1bc4	0x204eB0x3b95B0x13997B0x29aeB0x1bc4
0x201cB0x3b95B0x13997B0x29aeB0x1bc4	0x202eB0x3b95B0x13997B0x29aeB0x1bc4
0x201cB0x3b95B0x13997B0x29aeB0x1bc4	0x8cecB0x3b95B0x13997B0x29aeB0x1bc4
0x1f610x1f42B0x13bbaB0x13997B0x29aeB0x1bc4	0x3be3B0x13997B0x29aeB0x1bc4
0x1f42B0x13bbaB0x13997B0x29aeB0x1bc4	0x1f610x1f42B0x13bbaB0x13997B0x29aeB0x1bc4
0x1f42B0x13bbaB0x13997B0x29aeB0x1bc4	0x8c540x1f42B0x13bbaB0x13997B0x29aeB0x1bc4
0x3469B0x329fB0x29aeB0x1bc4	0x34c0B0x329fB0x29aeB0x1bc4
0x3469B0x329fB0x29aeB0x1bc4	0x3470B0x329fB0x29aeB0x1bc4
0x3484B0x329fB0x29aeB0x1bc4	0x348fB0x329fB0x29aeB0x1bc4
0x3484B0x329fB0x29aeB0x1bc4	0x947fB0x329fB0x29aeB0x1bc4
0x348fB0x329fB0x29aeB0x1bc4	0x139deB0x29aeB0x1bc4
0x3456B0x329fB0x29aeB0x1bc4	0x3a1eB0x3456B0x329fB0x29aeB0x1bc4
0x345fB0x329fB0x29aeB0x1bc4	0x3469B0x329fB0x29aeB0x1bc4
0x345fB0x329fB0x29aeB0x1bc4	0x9410B0x329fB0x29aeB0x1bc4
0x3479B0x329fB0x29aeB0x1bc4	0x3484B0x329fB0x29aeB0x1bc4
0x3479B0x329fB0x29aeB0x1bc4	0x945cB0x329fB0x29aeB0x1bc4
0x3470B0x329fB0x29aeB0x1bc4	0x201cB0x3470B0x329fB0x29aeB0x1bc4
0x202eB0x3470B0x329fB0x29aeB0x1bc4	0x2041B0x3470B0x329fB0x29aeB0x1bc4
0x202eB0x3470B0x329fB0x29aeB0x1bc4	0x8d0fB0x3470B0x329fB0x29aeB0x1bc4
0x2041B0x3470B0x329fB0x29aeB0x1bc4	0x8d32B0x3470B0x329fB0x29aeB0x1bc4
0x2041B0x3470B0x329fB0x29aeB0x1bc4	0x204eB0x3470B0x329fB0x29aeB0x1bc4
0x201cB0x3470B0x329fB0x29aeB0x1bc4	0x202eB0x3470B0x329fB0x29aeB0x1bc4
0x201cB0x3470B0x329fB0x29aeB0x1bc4	0x8cecB0x3470B0x329fB0x29aeB0x1bc4
0x3a3fB0x3456B0x329fB0x29aeB0x1bc4	0x96bcB0x3456B0x329fB0x29aeB0x1bc4
0x3a3fB0x3456B0x329fB0x29aeB0x1bc4	0x3a4cB0x3456B0x329fB0x29aeB0x1bc4
0x3a1eB0x3456B0x329fB0x29aeB0x1bc4	0x201cB0x3a1eB0x3456B0x329fB0x29aeB0x1bc4
0x3a28B0x3456B0x329fB0x29aeB0x1bc4	0x3a4eB0x3456B0x329fB0x29aeB0x1bc4
0x3a28B0x3456B0x329fB0x29aeB0x1bc4	0x3a30B0x3456B0x329fB0x29aeB0x1bc4
0x3a4eB0x3456B0x329fB0x29aeB0x1bc4	0x345fB0x329fB0x29aeB0x1bc4
0x3a39B0x3456B0x329fB0x29aeB0x1bc4	0x3a3fB0x3456B0x329fB0x29aeB0x1bc4
0x3a39B0x3456B0x329fB0x29aeB0x1bc4	0x9670B0x3456B0x329fB0x29aeB0x1bc4
0x3a30B0x3456B0x329fB0x29aeB0x1bc4	0x201cB0x3a30B0x3456B0x329fB0x29aeB0x1bc4
0x202eB0x3a1eB0x3456B0x329fB0x29aeB0x1bc4	0x2041B0x3a1eB0x3456B0x329fB0x29aeB0x1bc4
0x202eB0x3a1eB0x3456B0x329fB0x29aeB0x1bc4	0x8d0fB0x3a1eB0x3456B0x329fB0x29aeB0x1bc4
0x2041B0x3a1eB0x3456B0x329fB0x29aeB0x1bc4	0x8d32B0x3a1eB0x3456B0x329fB0x29aeB0x1bc4
0x2041B0x3a1eB0x3456B0x329fB0x29aeB0x1bc4	0x204eB0x3a1eB0x3456B0x329fB0x29aeB0x1bc4
0x201cB0x3a1eB0x3456B0x329fB0x29aeB0x1bc4	0x202eB0x3a1eB0x3456B0x329fB0x29aeB0x1bc4
0x201cB0x3a1eB0x3456B0x329fB0x29aeB0x1bc4	0x8cecB0x3a1eB0x3456B0x329fB0x29aeB0x1bc4
0x202eB0x3a30B0x3456B0x329fB0x29aeB0x1bc4	0x2041B0x3a30B0x3456B0x329fB0x29aeB0x1bc4
0x202eB0x3a30B0x3456B0x329fB0x29aeB0x1bc4	0x8d0fB0x3a30B0x3456B0x329fB0x29aeB0x1bc4
0x2041B0x3a30B0x3456B0x329fB0x29aeB0x1bc4	0x8d32B0x3a30B0x3456B0x329fB0x29aeB0x1bc4
0x2041B0x3a30B0x3456B0x329fB0x29aeB0x1bc4	0x204eB0x3a30B0x3456B0x329fB0x29aeB0x1bc4
0x201cB0x3a30B0x3456B0x329fB0x29aeB0x1bc4	0x202eB0x3a30B0x3456B0x329fB0x29aeB0x1bc4
0x201cB0x3a30B0x3456B0x329fB0x29aeB0x1bc4	0x8cecB0x3a30B0x3456B0x329fB0x29aeB0x1bc4
0x358bB0x3285B0x29aeB0x1bc4	0x3631B0x3285B0x29aeB0x1bc4
0x358bB0x3285B0x29aeB0x1bc4	0x3592B0x3285B0x29aeB0x1bc4
0x35a6B0x3285B0x29aeB0x1bc4	0x9511B0x3285B0x29aeB0x1bc4
0x35a6B0x3285B0x29aeB0x1bc4	0x35cfB0x3285B0x29aeB0x1bc4
0x3621B0x3285B0x29aeB0x1bc4	0x35e0B0x3285B0x29aeB0x1bc4
0x3578B0x3285B0x29aeB0x1bc4	0x3a1eB0x3578B0x3285B0x29aeB0x1bc4
0x3581B0x3285B0x29aeB0x1bc4	0x358bB0x3285B0x29aeB0x1bc4
0x3581B0x3285B0x29aeB0x1bc4	0x94a2B0x3285B0x29aeB0x1bc4
0x359bB0x3285B0x29aeB0x1bc4	0x35a6B0x3285B0x29aeB0x1bc4
0x359bB0x3285B0x29aeB0x1bc4	0x94eeB0x3285B0x29aeB0x1bc4
0x35dcB0x3285B0x29aeB0x1bc4	0x35e0B0x3285B0x29aeB0x1bc4
0x3628B0x3285B0x29aeB0x1bc4	0x35d4B0x3285B0x29aeB0x1bc4
0x35e0B0x3285B0x29aeB0x1bc4	0x953dB0x3285B0x29aeB0x1bc4
0x35e0B0x3285B0x29aeB0x1bc4	0x361bB0x3285B0x29aeB0x1bc4
0x35d4B0x3285B0x29aeB0x1bc4	0x13997B0x29aeB0x1bc4
0x3592B0x3285B0x29aeB0x1bc4	0x201cB0x3592B0x3285B0x29aeB0x1bc4
0x35cfB0x3285B0x29aeB0x1bc4	0x35dcB0x3285B0x29aeB0x1bc4
0x35cfB0x3285B0x29aeB0x1bc4	0x35d4B0x3285B0x29aeB0x1bc4
0x361bB0x3285B0x29aeB0x1bc4	0x3621B0x3285B0x29aeB0x1bc4
0x361bB0x3285B0x29aeB0x1bc4	0x3628B0x3285B0x29aeB0x1bc4
0x202eB0x3592B0x3285B0x29aeB0x1bc4	0x2041B0x3592B0x3285B0x29aeB0x1bc4
0x202eB0x3592B0x3285B0x29aeB0x1bc4	0x8d0fB0x3592B0x3285B0x29aeB0x1bc4
0x2041B0x3592B0x3285B0x29aeB0x1bc4	0x8d32B0x3592B0x3285B0x29aeB0x1bc4
0x2041B0x3592B0x3285B0x29aeB0x1bc4	0x204eB0x3592B0x3285B0x29aeB0x1bc4
0x201cB0x3592B0x3285B0x29aeB0x1bc4	0x202eB0x3592B0x3285B0x29aeB0x1bc4
0x201cB0x3592B0x3285B0x29aeB0x1bc4	0x8cecB0x3592B0x3285B0x29aeB0x1bc4
0x3a3fB0x3578B0x3285B0x29aeB0x1bc4	0x96bcB0x3578B0x3285B0x29aeB0x1bc4
0x3a3fB0x3578B0x3285B0x29aeB0x1bc4	0x3a4cB0x3578B0x3285B0x29aeB0x1bc4
0x3a1eB0x3578B0x3285B0x29aeB0x1bc4	0x201cB0x3a1eB0x3578B0x3285B0x29aeB0x1bc4
0x3a28B0x3578B0x3285B0x29aeB0x1bc4	0x3a4eB0x3578B0x3285B0x29aeB0x1bc4
0x3a28B0x3578B0x3285B0x29aeB0x1bc4	0x3a30B0x3578B0x3285B0x29aeB0x1bc4
0x3a4eB0x3578B0x3285B0x29aeB0x1bc4	0x3581B0x3285B0x29aeB0x1bc4
0x3a39B0x3578B0x3285B0x29aeB0x1bc4	0x3a3fB0x3578B0x3285B0x29aeB0x1bc4
0x3a39B0x3578B0x3285B0x29aeB0x1bc4	0x9670B0x3578B0x3285B0x29aeB0x1bc4
0x3a30B0x3578B0x3285B0x29aeB0x1bc4	0x201cB0x3a30B0x3578B0x3285B0x29aeB0x1bc4
0x202eB0x3a1eB0x3578B0x3285B0x29aeB0x1bc4	0x2041B0x3a1eB0x3578B0x3285B0x29aeB0x1bc4
0x202eB0x3a1eB0x3578B0x3285B0x29aeB0x1bc4	0x8d0fB0x3a1eB0x3578B0x3285B0x29aeB0x1bc4
0x2041B0x3a1eB0x3578B0x3285B0x29aeB0x1bc4	0x8d32B0x3a1eB0x3578B0x3285B0x29aeB0x1bc4
0x2041B0x3a1eB0x3578B0x3285B0x29aeB0x1bc4	0x204eB0x3a1eB0x3578B0x3285B0x29aeB0x1bc4
0x201cB0x3a1eB0x3578B0x3285B0x29aeB0x1bc4	0x202eB0x3a1eB0x3578B0x3285B0x29aeB0x1bc4
0x201cB0x3a1eB0x3578B0x3285B0x29aeB0x1bc4	0x8cecB0x3a1eB0x3578B0x3285B0x29aeB0x1bc4
0x202eB0x3a30B0x3578B0x3285B0x29aeB0x1bc4	0x2041B0x3a30B0x3578B0x3285B0x29aeB0x1bc4
0x202eB0x3a30B0x3578B0x3285B0x29aeB0x1bc4	0x8d0fB0x3a30B0x3578B0x3285B0x29aeB0x1bc4
0x2041B0x3a30B0x3578B0x3285B0x29aeB0x1bc4	0x8d32B0x3a30B0x3578B0x3285B0x29aeB0x1bc4
0x2041B0x3a30B0x3578B0x3285B0x29aeB0x1bc4	0x204eB0x3a30B0x3578B0x3285B0x29aeB0x1bc4
0x201cB0x3a30B0x3578B0x3285B0x29aeB0x1bc4	0x202eB0x3a30B0x3578B0x3285B0x29aeB0x1bc4
0x201cB0x3a30B0x3578B0x3285B0x29aeB0x1bc4	0x8cecB0x3a30B0x3578B0x3285B0x29aeB0x1bc4
0x204eB0x3259B0x29aeB0x1bc4	0x3263B0x29aeB0x1bc4
0x3a4cB0x326bB0x29aeB0x1bc4	0x3273B0x29aeB0x1bc4
0x204eB0x3a1eB0x326bB0x29aeB0x1bc4	0x3a28B0x326bB0x29aeB0x1bc4
0x204eB0x3a30B0x326bB0x29aeB0x1bc4	0x3a39B0x326bB0x29aeB0x1bc4
0x2061B0x3b89B0x13997B0x29aeB0x1bc4	0x3b95B0x13997B0x29aeB0x1bc4
0x204eB0x3b95B0x13997B0x29aeB0x1bc4	0x3ba5B0x13997B0x29aeB0x1bc4
0x204eB0x3470B0x329fB0x29aeB0x1bc4	0x3479B0x329fB0x29aeB0x1bc4
0x3a4cB0x3456B0x329fB0x29aeB0x1bc4	0x345fB0x329fB0x29aeB0x1bc4
0x204eB0x3a1eB0x3456B0x329fB0x29aeB0x1bc4	0x3a28B0x3456B0x329fB0x29aeB0x1bc4
0x204eB0x3a30B0x3456B0x329fB0x29aeB0x1bc4	0x3a39B0x3456B0x329fB0x29aeB0x1bc4
0x204eB0x3592B0x3285B0x29aeB0x1bc4	0x359bB0x3285B0x29aeB0x1bc4
0x3a4cB0x3578B0x3285B0x29aeB0x1bc4	0x3581B0x3285B0x29aeB0x1bc4
0x204eB0x3a1eB0x3578B0x3285B0x29aeB0x1bc4	0x3a28B0x3578B0x3285B0x29aeB0x1bc4
0x204eB0x3a30B0x3578B0x3285B0x29aeB0x1bc4	0x3a39B0x3578B0x3285B0x29aeB0x1bc4
0x3a64B0x139deB0x29aeB0x1bc4	0x1f26B0x3a64B0x139deB0x29aeB0x1bc4
0x3af9B0x139deB0x29aeB0x1bc4	0x33c1B0x3af9B0x139deB0x29aeB0x1bc4
0x3aa1B0x139deB0x29aeB0x1bc4	0x3abbB0x139deB0x29aeB0x1bc4
0x3a8fB0x139deB0x29aeB0x1bc4	0x2523B0x3a8fB0x139deB0x29aeB0x1bc4
0x13b68B0x139deB0x29aeB0x1bc4	0x1f42B0x13b68B0x139deB0x29aeB0x1bc4
0x3abbB0x139deB0x29aeB0x1bc4	0x13b68B0x139deB0x29aeB0x1bc4
0x3b05B0x139deB0x29aeB0x1bc4	0x3b16B0x139deB0x29aeB0x1bc4
0x3b32B0x139deB0x29aeB0x1bc4	0x3b16B0x139deB0x29aeB0x1bc4
0x13b95B0x139deB0x29aeB0x1bc4	0x13a03B0x29aeB0x1bc4
0x3b16B0x139deB0x29aeB0x1bc4	0x3b32B0x139deB0x29aeB0x1bc4
0x3b16B0x139deB0x29aeB0x1bc4	0x3b1eB0x139deB0x29aeB0x1bc4
0x3a54B0x139deB0x29aeB0x1bc4	0x1f42B0x3a54B0x139deB0x29aeB0x1bc4
0x3b1eB0x139deB0x29aeB0x1bc4	0x1f42B0x3b1eB0x139deB0x29aeB0x1bc4
0x1f3eB0x3a64B0x139deB0x29aeB0x1bc4	0x3a8fB0x139deB0x29aeB0x1bc4
0x1f26B0x3a64B0x139deB0x29aeB0x1bc4	0x1f3eB0x3a64B0x139deB0x29aeB0x1bc4
0x1f26B0x3a64B0x139deB0x29aeB0x1bc4	0x8c08B0x3a64B0x139deB0x29aeB0x1bc4
0x33c9B0x3af9B0x139deB0x29aeB0x1bc4	0x3b05B0x139deB0x29aeB0x1bc4
0x33c1B0x3af9B0x139deB0x29aeB0x1bc4	0x33c9B0x3af9B0x139deB0x29aeB0x1bc4
0x33c1B0x3af9B0x139deB0x29aeB0x1bc4	0x932cB0x3af9B0x139deB0x29aeB0x1bc4
0x1f610x1f42B0x13b68B0x139deB0x29aeB0x1bc4	0x3af9B0x139deB0x29aeB0x1bc4
0x1f42B0x13b68B0x139deB0x29aeB0x1bc4	0x1f610x1f42B0x13b68B0x139deB0x29aeB0x1bc4
0x1f42B0x13b68B0x139deB0x29aeB0x1bc4	0x8c540x1f42B0x13b68B0x139deB0x29aeB0x1bc4
0x1f610x1f42B0x3a54B0x139deB0x29aeB0x1bc4	0x3a64B0x139deB0x29aeB0x1bc4
0x1f42B0x3a54B0x139deB0x29aeB0x1bc4	0x1f610x1f42B0x3a54B0x139deB0x29aeB0x1bc4
0x1f42B0x3a54B0x139deB0x29aeB0x1bc4	0x8c540x1f42B0x3a54B0x139deB0x29aeB0x1bc4
0x1f610x1f42B0x3b1eB0x139deB0x29aeB0x1bc4	0x13b95B0x139deB0x29aeB0x1bc4
0x1f42B0x3b1eB0x139deB0x29aeB0x1bc4	0x1f610x1f42B0x3b1eB0x139deB0x29aeB0x1bc4
0x1f42B0x3b1eB0x139deB0x29aeB0x1bc4	0x8c540x1f42B0x3b1eB0x139deB0x29aeB0x1bc4
0x2523B0x3a8fB0x139deB0x29aeB0x1bc4	0x1f65B0x2523B0x3a8fB0x139deB0x29aeB0x1bc4
0x252fB0x3a8fB0x139deB0x29aeB0x1bc4	0x1f42B0x252fB0x3a8fB0x139deB0x29aeB0x1bc4
0x253dB0x3a8fB0x139deB0x29aeB0x1bc4	0x8fa8B0x3a8fB0x139deB0x29aeB0x1bc4
0x253dB0x3a8fB0x139deB0x29aeB0x1bc4	0x254bB0x3a8fB0x139deB0x29aeB0x1bc4
0x254bB0x3a8fB0x139deB0x29aeB0x1bc4	0x3aa1B0x139deB0x29aeB0x1bc4
0x1f610x1f42B0x252fB0x3a8fB0x139deB0x29aeB0x1bc4	0x253dB0x3a8fB0x139deB0x29aeB0x1bc4
0x1f42B0x252fB0x3a8fB0x139deB0x29aeB0x1bc4	0x1f610x1f42B0x252fB0x3a8fB0x139deB0x29aeB0x1bc4
0x1f42B0x252fB0x3a8fB0x139deB0x29aeB0x1bc4	0x8c540x1f42B0x252fB0x3a8fB0x139deB0x29aeB0x1bc4
0x1f75B0x2523B0x3a8fB0x139deB0x29aeB0x1bc4	0x252fB0x3a8fB0x139deB0x29aeB0x1bc4
0x1f65B0x2523B0x3a8fB0x139deB0x29aeB0x1bc4	0x1f75B0x2523B0x3a8fB0x139deB0x29aeB0x1bc4
0x1f65B0x2523B0x3a8fB0x139deB0x29aeB0x1bc4	0x8ca0B0x2523B0x3a8fB0x139deB0x29aeB0x1bc4
0x326bB0x13789B0x1bc4	0x3a1eB0x326bB0x13789B0x1bc4
0x327dB0x13789B0x1bc4	0x3297B0x13789B0x1bc4
0x327dB0x13789B0x1bc4	0x3285B0x13789B0x1bc4
0x329fB0x13789B0x1bc4	0x3456B0x329fB0x13789B0x1bc4
0x3259B0x13789B0x1bc4	0x201cB0x3259B0x13789B0x1bc4
0x3263B0x13789B0x1bc4	0x326bB0x13789B0x1bc4
0x3263B0x13789B0x1bc4	0x32b00x3259B0x13789B0x1bc4
0x3273B0x13789B0x1bc4	0x327dB0x13789B0x1bc4
0x3273B0x13789B0x1bc4	0x9271B0x13789B0x1bc4
0x3297B0x13789B0x1bc4	0x329fB0x13789B0x1bc4
0x3297B0x13789B0x1bc4	0x32b00x3259B0x13789B0x1bc4
0x13997B0x13789B0x1bc4	0x3b4bB0x13997B0x13789B0x1bc4
0x139bcB0x13789B0x1bc4	0x2746B0x1bc4
0x139deB0x13789B0x1bc4	0x3a54B0x139deB0x13789B0x1bc4
0x13a03B0x13789B0x1bc4	0x2746B0x1bc4
0x3285B0x13789B0x1bc4	0x3578B0x3285B0x13789B0x1bc4
0x32b00x3259B0x13789B0x1bc4	0x2746B0x1bc4
0x202eB0x3259B0x13789B0x1bc4	0x2041B0x3259B0x13789B0x1bc4
0x202eB0x3259B0x13789B0x1bc4	0x8d0fB0x3259B0x13789B0x1bc4
0x2041B0x3259B0x13789B0x1bc4	0x8d32B0x3259B0x13789B0x1bc4
0x2041B0x3259B0x13789B0x1bc4	0x204eB0x3259B0x13789B0x1bc4
0x201cB0x3259B0x13789B0x1bc4	0x202eB0x3259B0x13789B0x1bc4
0x201cB0x3259B0x13789B0x1bc4	0x8cecB0x3259B0x13789B0x1bc4
0x3a3fB0x326bB0x13789B0x1bc4	0x96bcB0x326bB0x13789B0x1bc4
0x3a3fB0x326bB0x13789B0x1bc4	0x3a4cB0x326bB0x13789B0x1bc4
0x3a1eB0x326bB0x13789B0x1bc4	0x201cB0x3a1eB0x326bB0x13789B0x1bc4
0x3a28B0x326bB0x13789B0x1bc4	0x3a4eB0x326bB0x13789B0x1bc4
0x3a28B0x326bB0x13789B0x1bc4	0x3a30B0x326bB0x13789B0x1bc4
0x3a4eB0x326bB0x13789B0x1bc4	0x3273B0x13789B0x1bc4
0x3a39B0x326bB0x13789B0x1bc4	0x3a3fB0x326bB0x13789B0x1bc4
0x3a39B0x326bB0x13789B0x1bc4	0x9670B0x326bB0x13789B0x1bc4
0x3a30B0x326bB0x13789B0x1bc4	0x201cB0x3a30B0x326bB0x13789B0x1bc4
0x202eB0x3a1eB0x326bB0x13789B0x1bc4	0x2041B0x3a1eB0x326bB0x13789B0x1bc4
0x202eB0x3a1eB0x326bB0x13789B0x1bc4	0x8d0fB0x3a1eB0x326bB0x13789B0x1bc4
0x2041B0x3a1eB0x326bB0x13789B0x1bc4	0x8d32B0x3a1eB0x326bB0x13789B0x1bc4
0x2041B0x3a1eB0x326bB0x13789B0x1bc4	0x204eB0x3a1eB0x326bB0x13789B0x1bc4
0x201cB0x3a1eB0x326bB0x13789B0x1bc4	0x202eB0x3a1eB0x326bB0x13789B0x1bc4
0x201cB0x3a1eB0x326bB0x13789B0x1bc4	0x8cecB0x3a1eB0x326bB0x13789B0x1bc4
0x202eB0x3a30B0x326bB0x13789B0x1bc4	0x2041B0x3a30B0x326bB0x13789B0x1bc4
0x202eB0x3a30B0x326bB0x13789B0x1bc4	0x8d0fB0x3a30B0x326bB0x13789B0x1bc4
0x2041B0x3a30B0x326bB0x13789B0x1bc4	0x8d32B0x3a30B0x326bB0x13789B0x1bc4
0x2041B0x3a30B0x326bB0x13789B0x1bc4	0x204eB0x3a30B0x326bB0x13789B0x1bc4
0x201cB0x3a30B0x326bB0x13789B0x1bc4	0x202eB0x3a30B0x326bB0x13789B0x1bc4
0x201cB0x3a30B0x326bB0x13789B0x1bc4	0x8cecB0x3a30B0x326bB0x13789B0x1bc4
0x3b53B0x13997B0x13789B0x1bc4	0x3b67B0x13997B0x13789B0x1bc4
0x3b70B0x13997B0x13789B0x1bc4	0x21a2B0x3b70B0x13997B0x13789B0x1bc4
0x3c07B0x13997B0x13789B0x1bc4	0x139bcB0x13789B0x1bc4
0x3bf5B0x13997B0x13789B0x1bc4	0x139bcB0x13789B0x1bc4
0x3b81B0x13997B0x13789B0x1bc4	0x3b89B0x13997B0x13789B0x1bc4
0x3b89B0x13997B0x13789B0x1bc4	0x204fB0x3b89B0x13997B0x13789B0x1bc4
0x3be3B0x13997B0x13789B0x1bc4	0x3b67B0x13997B0x13789B0x1bc4
0x3b95B0x13997B0x13789B0x1bc4	0x201cB0x3b95B0x13997B0x13789B0x1bc4
0x13bbaB0x13997B0x13789B0x1bc4	0x1f42B0x13bbaB0x13997B0x13789B0x1bc4
0x3ba5B0x13997B0x13789B0x1bc4	0x13bbaB0x13997B0x13789B0x1bc4
0x3b67B0x13997B0x13789B0x1bc4	0x3b70B0x13997B0x13789B0x1bc4
0x3b67B0x13997B0x13789B0x1bc4	0x3bf5B0x13997B0x13789B0x1bc4
0x3b4bB0x13997B0x13789B0x1bc4	0x3b53B0x13997B0x13789B0x1bc4
0x3b4bB0x13997B0x13789B0x1bc4	0x3c07B0x13997B0x13789B0x1bc4
0x21d2B0x3b70B0x13997B0x13789B0x1bc4	0x3b81B0x13997B0x13789B0x1bc4
0x21a2B0x3b70B0x13997B0x13789B0x1bc4	0x21d2B0x3b70B0x13997B0x13789B0x1bc4
0x21a2B0x3b70B0x13997B0x13789B0x1bc4	0x8e04B0x3b70B0x13997B0x13789B0x1bc4
0x204fB0x3b89B0x13997B0x13789B0x1bc4	0x8d55B0x3b89B0x13997B0x13789B0x1bc4
0x204fB0x3b89B0x13997B0x13789B0x1bc4	0x2061B0x3b89B0x13997B0x13789B0x1bc4
0x202eB0x3b95B0x13997B0x13789B0x1bc4	0x2041B0x3b95B0x13997B0x13789B0x1bc4
0x202eB0x3b95B0x13997B0x13789B0x1bc4	0x8d0fB0x3b95B0x13997B0x13789B0x1bc4
0x2041B0x3b95B0x13997B0x13789B0x1bc4	0x8d32B0x3b95B0x13997B0x13789B0x1bc4
0x2041B0x3b95B0x13997B0x13789B0x1bc4	0x204eB0x3b95B0x13997B0x13789B0x1bc4
0x201cB0x3b95B0x13997B0x13789B0x1bc4	0x202eB0x3b95B0x13997B0x13789B0x1bc4
0x201cB0x3b95B0x13997B0x13789B0x1bc4	0x8cecB0x3b95B0x13997B0x13789B0x1bc4
0x1f610x1f42B0x13bbaB0x13997B0x13789B0x1bc4	0x3be3B0x13997B0x13789B0x1bc4
0x1f42B0x13bbaB0x13997B0x13789B0x1bc4	0x1f610x1f42B0x13bbaB0x13997B0x13789B0x1bc4
0x1f42B0x13bbaB0x13997B0x13789B0x1bc4	0x8c540x1f42B0x13bbaB0x13997B0x13789B0x1bc4
0x3469B0x329fB0x13789B0x1bc4	0x34c0B0x329fB0x13789B0x1bc4
0x3469B0x329fB0x13789B0x1bc4	0x3470B0x329fB0x13789B0x1bc4
0x3484B0x329fB0x13789B0x1bc4	0x348fB0x329fB0x13789B0x1bc4
0x3484B0x329fB0x13789B0x1bc4	0x947fB0x329fB0x13789B0x1bc4
0x348fB0x329fB0x13789B0x1bc4	0x139deB0x13789B0x1bc4
0x3456B0x329fB0x13789B0x1bc4	0x3a1eB0x3456B0x329fB0x13789B0x1bc4
0x345fB0x329fB0x13789B0x1bc4	0x3469B0x329fB0x13789B0x1bc4
0x345fB0x329fB0x13789B0x1bc4	0x9410B0x329fB0x13789B0x1bc4
0x3479B0x329fB0x13789B0x1bc4	0x3484B0x329fB0x13789B0x1bc4
0x3479B0x329fB0x13789B0x1bc4	0x945cB0x329fB0x13789B0x1bc4
0x3470B0x329fB0x13789B0x1bc4	0x201cB0x3470B0x329fB0x13789B0x1bc4
0x202eB0x3470B0x329fB0x13789B0x1bc4	0x2041B0x3470B0x329fB0x13789B0x1bc4
0x202eB0x3470B0x329fB0x13789B0x1bc4	0x8d0fB0x3470B0x329fB0x13789B0x1bc4
0x2041B0x3470B0x329fB0x13789B0x1bc4	0x8d32B0x3470B0x329fB0x13789B0x1bc4
0x2041B0x3470B0x329fB0x13789B0x1bc4	0x204eB0x3470B0x329fB0x13789B0x1bc4
0x201cB0x3470B0x329fB0x13789B0x1bc4	0x202eB0x3470B0x329fB0x13789B0x1bc4
0x201cB0x3470B0x329fB0x13789B0x1bc4	0x8cecB0x3470B0x329fB0x13789B0x1bc4
0x3a3fB0x3456B0x329fB0x13789B0x1bc4	0x96bcB0x3456B0x329fB0x13789B0x1bc4
0x3a3fB0x3456B0x329fB0x13789B0x1bc4	0x3a4cB0x3456B0x329fB0x13789B0x1bc4
0x3a1eB0x3456B0x329fB0x13789B0x1bc4	0x201cB0x3a1eB0x3456B0x329fB0x13789B0x1bc4
0x3a28B0x3456B0x329fB0x13789B0x1bc4	0x3a4eB0x3456B0x329fB0x13789B0x1bc4
0x3a28B0x3456B0x329fB0x13789B0x1bc4	0x3a30B0x3456B0x329fB0x13789B0x1bc4
0x3a4eB0x3456B0x329fB0x13789B0x1bc4	0x345fB0x329fB0x13789B0x1bc4
0x3a39B0x3456B0x329fB0x13789B0x1bc4	0x3a3fB0x3456B0x329fB0x13789B0x1bc4
0x3a39B0x3456B0x329fB0x13789B0x1bc4	0x9670B0x3456B0x329fB0x13789B0x1bc4
0x3a30B0x3456B0x329fB0x13789B0x1bc4	0x201cB0x3a30B0x3456B0x329fB0x13789B0x1bc4
0x202eB0x3a1eB0x3456B0x329fB0x13789B0x1bc4	0x2041B0x3a1eB0x3456B0x329fB0x13789B0x1bc4
0x202eB0x3a1eB0x3456B0x329fB0x13789B0x1bc4	0x8d0fB0x3a1eB0x3456B0x329fB0x13789B0x1bc4
0x2041B0x3a1eB0x3456B0x329fB0x13789B0x1bc4	0x8d32B0x3a1eB0x3456B0x329fB0x13789B0x1bc4
0x2041B0x3a1eB0x3456B0x329fB0x13789B0x1bc4	0x204eB0x3a1eB0x3456B0x329fB0x13789B0x1bc4
0x201cB0x3a1eB0x3456B0x329fB0x13789B0x1bc4	0x202eB0x3a1eB0x3456B0x329fB0x13789B0x1bc4
0x201cB0x3a1eB0x3456B0x329fB0x13789B0x1bc4	0x8cecB0x3a1eB0x3456B0x329fB0x13789B0x1bc4
0x202eB0x3a30B0x3456B0x329fB0x13789B0x1bc4	0x2041B0x3a30B0x3456B0x329fB0x13789B0x1bc4
0x202eB0x3a30B0x3456B0x329fB0x13789B0x1bc4	0x8d0fB0x3a30B0x3456B0x329fB0x13789B0x1bc4
0x2041B0x3a30B0x3456B0x329fB0x13789B0x1bc4	0x8d32B0x3a30B0x3456B0x329fB0x13789B0x1bc4
0x2041B0x3a30B0x3456B0x329fB0x13789B0x1bc4	0x204eB0x3a30B0x3456B0x329fB0x13789B0x1bc4
0x201cB0x3a30B0x3456B0x329fB0x13789B0x1bc4	0x202eB0x3a30B0x3456B0x329fB0x13789B0x1bc4
0x201cB0x3a30B0x3456B0x329fB0x13789B0x1bc4	0x8cecB0x3a30B0x3456B0x329fB0x13789B0x1bc4
0x358bB0x3285B0x13789B0x1bc4	0x3631B0x3285B0x13789B0x1bc4
0x358bB0x3285B0x13789B0x1bc4	0x3592B0x3285B0x13789B0x1bc4
0x35a6B0x3285B0x13789B0x1bc4	0x9511B0x3285B0x13789B0x1bc4
0x35a6B0x3285B0x13789B0x1bc4	0x35cfB0x3285B0x13789B0x1bc4
0x3621B0x3285B0x13789B0x1bc4	0x35e0B0x3285B0x13789B0x1bc4
0x3578B0x3285B0x13789B0x1bc4	0x3a1eB0x3578B0x3285B0x13789B0x1bc4
0x3581B0x3285B0x13789B0x1bc4	0x358bB0x3285B0x13789B0x1bc4
0x3581B0x3285B0x13789B0x1bc4	0x94a2B0x3285B0x13789B0x1bc4
0x359bB0x3285B0x13789B0x1bc4	0x35a6B0x3285B0x13789B0x1bc4
0x359bB0x3285B0x13789B0x1bc4	0x94eeB0x3285B0x13789B0x1bc4
0x35dcB0x3285B0x13789B0x1bc4	0x35e0B0x3285B0x13789B0x1bc4
0x3628B0x3285B0x13789B0x1bc4	0x35d4B0x3285B0x13789B0x1bc4
0x35e0B0x3285B0x13789B0x1bc4	0x953dB0x3285B0x13789B0x1bc4
0x35e0B0x3285B0x13789B0x1bc4	0x361bB0x3285B0x13789B0x1bc4
0x35d4B0x3285B0x13789B0x1bc4	0x13997B0x13789B0x1bc4
0x3592B0x3285B0x13789B0x1bc4	0x201cB0x3592B0x3285B0x13789B0x1bc4
0x35cfB0x3285B0x13789B0x1bc4	0x35dcB0x3285B0x13789B0x1bc4
0x35cfB0x3285B0x13789B0x1bc4	0x35d4B0x3285B0x13789B0x1bc4
0x361bB0x3285B0x13789B0x1bc4	0x3621B0x3285B0x13789B0x1bc4
0x361bB0x3285B0x13789B0x1bc4	0x3628B0x3285B0x13789B0x1bc4
0x202eB0x3592B0x3285B0x13789B0x1bc4	0x2041B0x3592B0x3285B0x13789B0x1bc4
0x202eB0x3592B0x3285B0x13789B0x1bc4	0x8d0fB0x3592B0x3285B0x13789B0x1bc4
0x2041B0x3592B0x3285B0x13789B0x1bc4	0x8d32B0x3592B0x3285B0x13789B0x1bc4
0x2041B0x3592B0x3285B0x13789B0x1bc4	0x204eB0x3592B0x3285B0x13789B0x1bc4
0x201cB0x3592B0x3285B0x13789B0x1bc4	0x202eB0x3592B0x3285B0x13789B0x1bc4
0x201cB0x3592B0x3285B0x13789B0x1bc4	0x8cecB0x3592B0x3285B0x13789B0x1bc4
0x3a3fB0x3578B0x3285B0x13789B0x1bc4	0x96bcB0x3578B0x3285B0x13789B0x1bc4
0x3a3fB0x3578B0x3285B0x13789B0x1bc4	0x3a4cB0x3578B0x3285B0x13789B0x1bc4
0x3a1eB0x3578B0x3285B0x13789B0x1bc4	0x201cB0x3a1eB0x3578B0x3285B0x13789B0x1bc4
0x3a28B0x3578B0x3285B0x13789B0x1bc4	0x3a4eB0x3578B0x3285B0x13789B0x1bc4
0x3a28B0x3578B0x3285B0x13789B0x1bc4	0x3a30B0x3578B0x3285B0x13789B0x1bc4
0x3a4eB0x3578B0x3285B0x13789B0x1bc4	0x3581B0x3285B0x13789B0x1bc4
0x3a39B0x3578B0x3285B0x13789B0x1bc4	0x3a3fB0x3578B0x3285B0x13789B0x1bc4
0x3a39B0x3578B0x3285B0x13789B0x1bc4	0x9670B0x3578B0x3285B0x13789B0x1bc4
0x3a30B0x3578B0x3285B0x13789B0x1bc4	0x201cB0x3a30B0x3578B0x3285B0x13789B0x1bc4
0x202eB0x3a1eB0x3578B0x3285B0x13789B0x1bc4	0x2041B0x3a1eB0x3578B0x3285B0x13789B0x1bc4
0x202eB0x3a1eB0x3578B0x3285B0x13789B0x1bc4	0x8d0fB0x3a1eB0x3578B0x3285B0x13789B0x1bc4
0x2041B0x3a1eB0x3578B0x3285B0x13789B0x1bc4	0x8d32B0x3a1eB0x3578B0x3285B0x13789B0x1bc4
0x2041B0x3a1eB0x3578B0x3285B0x13789B0x1bc4	0x204eB0x3a1eB0x3578B0x3285B0x13789B0x1bc4
0x201cB0x3a1eB0x3578B0x3285B0x13789B0x1bc4	0x202eB0x3a1eB0x3578B0x3285B0x13789B0x1bc4
0x201cB0x3a1eB0x3578B0x3285B0x13789B0x1bc4	0x8cecB0x3a1eB0x3578B0x3285B0x13789B0x1bc4
0x202eB0x3a30B0x3578B0x3285B0x13789B0x1bc4	0x2041B0x3a30B0x3578B0x3285B0x13789B0x1bc4
0x202eB0x3a30B0x3578B0x3285B0x13789B0x1bc4	0x8d0fB0x3a30B0x3578B0x3285B0x13789B0x1bc4
0x2041B0x3a30B0x3578B0x3285B0x13789B0x1bc4	0x8d32B0x3a30B0x3578B0x3285B0x13789B0x1bc4
0x2041B0x3a30B0x3578B0x3285B0x13789B0x1bc4	0x204eB0x3a30B0x3578B0x3285B0x13789B0x1bc4
0x201cB0x3a30B0x3578B0x3285B0x13789B0x1bc4	0x202eB0x3a30B0x3578B0x3285B0x13789B0x1bc4
0x201cB0x3a30B0x3578B0x3285B0x13789B0x1bc4	0x8cecB0x3a30B0x3578B0x3285B0x13789B0x1bc4
0x204eB0x3259B0x13789B0x1bc4	0x3263B0x13789B0x1bc4
0x3a4cB0x326bB0x13789B0x1bc4	0x3273B0x13789B0x1bc4
0x204eB0x3a1eB0x326bB0x13789B0x1bc4	0x3a28B0x326bB0x13789B0x1bc4
0x204eB0x3a30B0x326bB0x13789B0x1bc4	0x3a39B0x326bB0x13789B0x1bc4
0x2061B0x3b89B0x13997B0x13789B0x1bc4	0x3b95B0x13997B0x13789B0x1bc4
0x204eB0x3b95B0x13997B0x13789B0x1bc4	0x3ba5B0x13997B0x13789B0x1bc4
0x204eB0x3470B0x329fB0x13789B0x1bc4	0x3479B0x329fB0x13789B0x1bc4
0x3a4cB0x3456B0x329fB0x13789B0x1bc4	0x345fB0x329fB0x13789B0x1bc4
0x204eB0x3a1eB0x3456B0x329fB0x13789B0x1bc4	0x3a28B0x3456B0x329fB0x13789B0x1bc4
0x204eB0x3a30B0x3456B0x329fB0x13789B0x1bc4	0x3a39B0x3456B0x329fB0x13789B0x1bc4
0x204eB0x3592B0x3285B0x13789B0x1bc4	0x359bB0x3285B0x13789B0x1bc4
0x3a4cB0x3578B0x3285B0x13789B0x1bc4	0x3581B0x3285B0x13789B0x1bc4
0x204eB0x3a1eB0x3578B0x3285B0x13789B0x1bc4	0x3a28B0x3578B0x3285B0x13789B0x1bc4
0x204eB0x3a30B0x3578B0x3285B0x13789B0x1bc4	0x3a39B0x3578B0x3285B0x13789B0x1bc4
0x3a64B0x139deB0x13789B0x1bc4	0x1f26B0x3a64B0x139deB0x13789B0x1bc4
0x3af9B0x139deB0x13789B0x1bc4	0x33c1B0x3af9B0x139deB0x13789B0x1bc4
0x3aa1B0x139deB0x13789B0x1bc4	0x3abbB0x139deB0x13789B0x1bc4
0x3a8fB0x139deB0x13789B0x1bc4	0x2523B0x3a8fB0x139deB0x13789B0x1bc4
0x13b68B0x139deB0x13789B0x1bc4	0x1f42B0x13b68B0x139deB0x13789B0x1bc4
0x3abbB0x139deB0x13789B0x1bc4	0x13b68B0x139deB0x13789B0x1bc4
0x3b05B0x139deB0x13789B0x1bc4	0x3b16B0x139deB0x13789B0x1bc4
0x3b32B0x139deB0x13789B0x1bc4	0x3b16B0x139deB0x13789B0x1bc4
0x13b95B0x139deB0x13789B0x1bc4	0x13a03B0x13789B0x1bc4
0x3b16B0x139deB0x13789B0x1bc4	0x3b32B0x139deB0x13789B0x1bc4
0x3b16B0x139deB0x13789B0x1bc4	0x3b1eB0x139deB0x13789B0x1bc4
0x3a54B0x139deB0x13789B0x1bc4	0x1f42B0x3a54B0x139deB0x13789B0x1bc4
0x3b1eB0x139deB0x13789B0x1bc4	0x1f42B0x3b1eB0x139deB0x13789B0x1bc4
0x1f3eB0x3a64B0x139deB0x13789B0x1bc4	0x3a8fB0x139deB0x13789B0x1bc4
0x1f26B0x3a64B0x139deB0x13789B0x1bc4	0x1f3eB0x3a64B0x139deB0x13789B0x1bc4
0x1f26B0x3a64B0x139deB0x13789B0x1bc4	0x8c08B0x3a64B0x139deB0x13789B0x1bc4
0x33c9B0x3af9B0x139deB0x13789B0x1bc4	0x3b05B0x139deB0x13789B0x1bc4
0x33c1B0x3af9B0x139deB0x13789B0x1bc4	0x33c9B0x3af9B0x139deB0x13789B0x1bc4
0x33c1B0x3af9B0x139deB0x13789B0x1bc4	0x932cB0x3af9B0x139deB0x13789B0x1bc4
0x1f610x1f42B0x13b68B0x139deB0x13789B0x1bc4	0x3af9B0x139deB0x13789B0x1bc4
0x1f42B0x13b68B0x139deB0x13789B0x1bc4	0x1f610x1f42B0x13b68B0x139deB0x13789B0x1bc4
0x1f42B0x13b68B0x139deB0x13789B0x1bc4	0x8c540x1f42B0x13b68B0x139deB0x13789B0x1bc4
0x1f610x1f42B0x3a54B0x139deB0x13789B0x1bc4	0x3a64B0x139deB0x13789B0x1bc4
0x1f42B0x3a54B0x139deB0x13789B0x1bc4	0x1f610x1f42B0x3a54B0x139deB0x13789B0x1bc4
0x1f42B0x3a54B0x139deB0x13789B0x1bc4	0x8c540x1f42B0x3a54B0x139deB0x13789B0x1bc4
0x1f610x1f42B0x3b1eB0x139deB0x13789B0x1bc4	0x13b95B0x139deB0x13789B0x1bc4
0x1f42B0x3b1eB0x139deB0x13789B0x1bc4	0x1f610x1f42B0x3b1eB0x139deB0x13789B0x1bc4
0x1f42B0x3b1eB0x139deB0x13789B0x1bc4	0x8c540x1f42B0x3b1eB0x139deB0x13789B0x1bc4
0x2523B0x3a8fB0x139deB0x13789B0x1bc4	0x1f65B0x2523B0x3a8fB0x139deB0x13789B0x1bc4
0x252fB0x3a8fB0x139deB0x13789B0x1bc4	0x1f42B0x252fB0x3a8fB0x139deB0x13789B0x1bc4
0x253dB0x3a8fB0x139deB0x13789B0x1bc4	0x8fa8B0x3a8fB0x139deB0x13789B0x1bc4
0x253dB0x3a8fB0x139deB0x13789B0x1bc4	0x254bB0x3a8fB0x139deB0x13789B0x1bc4
0x254bB0x3a8fB0x139deB0x13789B0x1bc4	0x3aa1B0x139deB0x13789B0x1bc4
0x1f610x1f42B0x252fB0x3a8fB0x139deB0x13789B0x1bc4	0x253dB0x3a8fB0x139deB0x13789B0x1bc4
0x1f42B0x252fB0x3a8fB0x139deB0x13789B0x1bc4	0x1f610x1f42B0x252fB0x3a8fB0x139deB0x13789B0x1bc4
0x1f42B0x252fB0x3a8fB0x139deB0x13789B0x1bc4	0x8c540x1f42B0x252fB0x3a8fB0x139deB0x13789B0x1bc4
0x1f75B0x2523B0x3a8fB0x139deB0x13789B0x1bc4	0x252fB0x3a8fB0x139deB0x13789B0x1bc4
0x1f65B0x2523B0x3a8fB0x139deB0x13789B0x1bc4	0x1f75B0x2523B0x3a8fB0x139deB0x13789B0x1bc4
0x1f65B0x2523B0x3a8fB0x139deB0x13789B0x1bc4	0x8ca0B0x2523B0x3a8fB0x139deB0x13789B0x1bc4
