0x0	[0x0, nil]
0xf	[0xf, nil]
0x4	[0x4, nil]
0x8	[0x8, nil]
0x3f	[0x3f, nil]
0x2	[0x2, nil]
0x5	[0x5, nil]
0x7	[0x7, nil]
0x9	[0x9, nil]
0xd	[0xd, nil]
0xe	[0xe, nil]
0x11	[0x11, nil]
0x13	[0x13, nil]
0x18	[0x18, nil]
0x19	[0x19, nil]
0x1e	[0x1e, nil]
0x23	[0x23, nil]
0x29	[0x29, nil]
0x2e	[0x2e, nil]
0x34	[0x34, nil]
0x39	[0x39, nil]
0x44	[0x44, nil]
0x4a	[0x4a, nil]
0x4f	[0x4f, nil]
0x55	[0x55, nil]
0x5a	[0x5a, nil]
0x5f	[0x5f, nil]
0x64	[0x64, nil]
0x69	[0x69, nil]
0x6f	[0x6f, nil]
0x74	[0x74, nil]
0x7a	[0x7a, nil]
0x7f	[0x7f, nil]
0x85	[0x85, nil]
0x8a	[0x8a, nil]
0x90	[0x90, nil]
0x95	[0x95, nil]
0x9a	[0x9a, nil]
0x9e	[0x9e, nil]
0x9f	[0x9f, nil]
0xa3	[0xa3, nil]
0xa4	[0xa4, nil]
0xa5	[0xa5, nil]
0xa7	[0xa7, nil]
0xa9	[0xa9, nil]
0xab	[0xab, nil]
0xac	[0xac, nil]
0xad	[0xad, nil]
0xae	[0xae, nil]
0xaf	[0xaf, nil]
0xb3	[0xb3, nil]
0xb5	[0xb5, nil]
0xb6	[0xb6, nil]
0xb8	[0xb8, nil]
0xb9	[0xb9, nil]
0xbb	[0xbb, nil]
0xbd	[0xbd, nil]
0xbf	[0xbf, nil]
0xc0	[0xc0, nil]
0xc3	[0xc3, nil]
0xc5	[0xc5, nil]
0xc7	[0xc7, nil]
0xc8	[0xc8, nil]
0xcb	[0xcb, nil]
0xd5	[0xd5, nil]
0xdb	[0xdb, nil]
0xdd	[0xdd, nil]
0xde	[0xde, nil]
0xe2	[0xe2, nil]
0xe3	[0xe3, nil]
0xe6	[0xe6, nil]
0xe7	[0xe7, nil]
0xee	[0xee, nil]
0xf2	[0xf2, nil]
0xf5	[0xf5, nil]
0xf8	[0xf8, nil]
0xf9	[0xf9, nil]
0xfb	[0xfb, nil]
0x100	[0x100, nil]
0x105	[0x105, nil]
0x108	[0x108, nil]
0x10b	[0x10b, nil]
0x10c	[0x10c, nil]
0x10e	[0x10e, nil]
0x113	[0x113, nil]
0x118	[0x118, nil]
0x11b	[0x11b, nil]
0x11e	[0x11e, nil]
0x11f	[0x11f, nil]
0x121	[0x121, nil]
0x126	[0x126, nil]
0x12b	[0x12b, nil]
0x12d	[0x12d, nil]
0x12e	[0x12e, nil]
0x132	[0x132, nil]
0x137	[0x137, nil]
0x13a	[0x13a, nil]
0x13d	[0x13d, nil]
0x13e	[0x13e, nil]
0x140	[0x140, nil]
0x145	[0x145, nil]
0x14a	[0x14a, nil]
0x14c	[0x14c, nil]
0x14e	[0x14e, nil]
0x14f	[0x14f, nil]
0x152	[0x152, nil]
0x154	[0x154, nil]
0x15f	[0x15f, nil]
0x162	[0x162, nil]
0x165	[0x165, nil]
0x166	[0x166, nil]
0x168	[0x168, nil]
0x16d	[0x16d, nil]
0x172	[0x172, nil]
0x175	[0x175, nil]
0x178	[0x178, nil]
0x179	[0x179, nil]
0x17b	[0x17b, nil]
0x180	[0x180, nil]
0x185	[0x185, nil]
0x187	[0x187, nil]
0x188	[0x188, nil]
0x18c	[0x18c, nil]
0x191	[0x191, nil]
0x194	[0x194, nil]
0x197	[0x197, nil]
0x198	[0x198, nil]
0x19a	[0x19a, nil]
0x19f	[0x19f, nil]
0x1a4	[0x1a4, nil]
0x1a7	[0x1a7, nil]
0x1aa	[0x1aa, nil]
0x1ab	[0x1ab, nil]
0x1ad	[0x1ad, nil]
0x1b2	[0x1b2, nil]
0x1b7	[0x1b7, nil]
0x1b9	[0x1b9, nil]
0x1ba	[0x1ba, nil]
0x1be	[0x1be, nil]
0x1c3	[0x1c3, nil]
0x1c6	[0x1c6, nil]
0x1c9	[0x1c9, nil]
0x1ca	[0x1ca, nil]
0x1cc	[0x1cc, nil]
0x1d1	[0x1d1, nil]
0x1d6	[0x1d6, nil]
0x1d8	[0x1d8, nil]
0x1d9	[0x1d9, nil]
0x1dd	[0x1dd, nil]
0x1e2	[0x1e2, nil]
0x1e3	[0x1e3, nil]
0x1e4	[0x1e4, nil]
0x1e8	[0x1e8, nil]
0x1ea	[0x1ea, nil]
0x1ec	[0x1ec, nil]
0x1ee	[0x1ee, nil]
0x1ef	[0x1ef, nil]
0x1f0	[0x1f0, nil]
0x1f4	[0x1f4, nil]
0x1f6	[0x1f6, nil]
0x1f7	[0x1f7, nil]
0x1f9	[0x1f9, nil]
0x1fb	[0x1fb, nil]
0x1fd	[0x1fd, nil]
0x1fe	[0x1fe, nil]
0x201	[0x201, nil]
0x204	[0x204, nil]
0x206	[0x206, nil]
0x207	[0x207, nil]
0x10ba	[0x10ba, nil]
0x10be	[0x10be, nil]
0x10c0	[0x10c0, nil]
0x10c1	[0x10c1, nil]
0x10c2	[0x10c2, nil]
0x10c7	[0x10c7, nil]
0x10c9	[0x10c9, nil]
0x10cb	[0x10cb, nil]
0x10cd	[0x10cd, nil]
0x10ce	[0x10ce, nil]
0x10cf	[0x10cf, nil]
0x10d3	[0x10d3, nil]
0x10d5	[0x10d5, nil]
0x10d6	[0x10d6, nil]
0x10da	[0x10da, nil]
0x10dd	[0x10dd, nil]
0x10e2	[0x10e2, nil]
0x10e4	[0x10e4, nil]
0x10e5	[0x10e5, nil]
0x10e7	[0x10e7, nil]
0x10e8	[0x10e8, nil]
0x10e9	[0x10e9, nil]
0x10ea	[0x10ea, nil]
0x10ec	[0x10ec, nil]
0x10ee	[0x10ee, nil]
0x10f0	[0x10f0, nil]
0x10f1	[0x10f1, nil]
0x10f2	[0x10f2, nil]
0x10f3	[0x10f3, nil]
0x10f4	[0x10f4, nil]
0x10f8	[0x10f8, nil]
0x10fd	[0x10fd, nil]
0x1102	[0x1102, nil]
0x1104	[0x1104, nil]
0x1105	[0x1105, nil]
0x110b	[0x110b, nil]
0x1a8b	[0x1a8b, nil]
0x1a8e	[0x1a8e, nil]
0x1a8f	[0x1a8f, nil]
0x1a94	[0x1a94, nil]
0x1a98	[0x1a98, nil]
0x1a9c	[0x1a9c, nil]
0x1a9e	[0x1a9e, nil]
0x1aa1	[0x1aa1, nil]
0x1aa2	[0x1aa2, nil]
0x1aa6	[0x1aa6, nil]
0x1aa9	[0x1aa9, nil]
0x1aaf	[0x1aaf, nil]
0x1ac5	[0x1ac5, nil]
0x1ac7	[0x1ac7, nil]
0x1ac9	[0x1ac9, nil]
0x1aca	[0x1aca, nil]
0x1ace	[0x1ace, nil]
0x1ad1	[0x1ad1, nil]
0x1ad6	[0x1ad6, nil]
0x1ad8	[0x1ad8, nil]
0x1ad9	[0x1ad9, nil]
0x1adb	[0x1adb, nil]
0x1adc	[0x1adc, nil]
0x1ade	[0x1ade, nil]
0x1ae0	[0x1ae0, nil]
0x1ae2	[0x1ae2, nil]
0x1ae4	[0x1ae4, nil]
0x1ae5	[0x1ae5, nil]
0x1ae6	[0x1ae6, nil]
0x1ae9	[0x1ae9, nil]
0x1aeb	[0x1aeb, nil]
0x1aed	[0x1aed, nil]
0x1aef	[0x1aef, nil]
0x1af0	[0x1af0, nil]
0x1af1	[0x1af1, nil]
0x1af6	[0x1af6, nil]
0x1b0c	[0x1b0c, nil]
0x1b0f	[0x1b0f, nil]
0x1b11	[0x1b11, nil]
0x1b12	[0x1b12, nil]
0x1b16	[0x1b16, nil]
0x1b19	[0x1b19, nil]
0x1b1e	[0x1b1e, nil]
0x1b20	[0x1b20, nil]
0x1b21	[0x1b21, nil]
0x1b23	[0x1b23, nil]
0x1b24	[0x1b24, nil]
0x1b26	[0x1b26, nil]
0x1b28	[0x1b28, nil]
0x1b2a	[0x1b2a, nil]
0x1b2c	[0x1b2c, nil]
0x1b2d	[0x1b2d, nil]
0x1b2e	[0x1b2e, nil]
0x1b31	[0x1b31, nil]
0x1b33	[0x1b33, nil]
0x1b35	[0x1b35, nil]
0x1b37	[0x1b37, nil]
0x1b38	[0x1b38, nil]
0x1b39	[0x1b39, nil]
0x1b3e	[0x1b3e, nil]
0x1b54	[0x1b54, nil]
0x1b57	[0x1b57, nil]
0x1b59	[0x1b59, nil]
0x1b5a	[0x1b5a, nil]
0x1b5e	[0x1b5e, nil]
0x1b61	[0x1b61, nil]
0x1b66	[0x1b66, nil]
0x1b68	[0x1b68, nil]
0x1b69	[0x1b69, nil]
0x1b6b	[0x1b6b, nil]
0x1b6c	[0x1b6c, nil]
0x1b6e	[0x1b6e, nil]
0x1b70	[0x1b70, nil]
0x1b72	[0x1b72, nil]
0x1b74	[0x1b74, nil]
0x1b75	[0x1b75, nil]
0x1b76	[0x1b76, nil]
0x1b79	[0x1b79, nil]
0x1b7b	[0x1b7b, nil]
0x1b7d	[0x1b7d, nil]
0x1b7f	[0x1b7f, nil]
0x1b80	[0x1b80, nil]
0x1b81	[0x1b81, nil]
0x1b86	[0x1b86, nil]
0x1b9c	[0x1b9c, nil]
0x1b9f	[0x1b9f, nil]
0x1ba1	[0x1ba1, nil]
0x1ba2	[0x1ba2, nil]
0x1ba6	[0x1ba6, nil]
0x1ba9	[0x1ba9, nil]
0x1bae	[0x1bae, nil]
0x1bb0	[0x1bb0, nil]
0x1bb1	[0x1bb1, nil]
0x1bb3	[0x1bb3, nil]
0x1bb4	[0x1bb4, nil]
0x1bb6	[0x1bb6, nil]
0x1bb8	[0x1bb8, nil]
0x1bba	[0x1bba, nil]
0x1bbc	[0x1bbc, nil]
0x1bbd	[0x1bbd, nil]
0x1bbe	[0x1bbe, nil]
0x1bc1	[0x1bc1, nil]
0x1bc3	[0x1bc3, nil]
0x1bc5	[0x1bc5, nil]
0x1bc7	[0x1bc7, nil]
0x1bc8	[0x1bc8, nil]
0x1bc9	[0x1bc9, nil]
0x1bce	[0x1bce, nil]
0x1be4	[0x1be4, nil]
0x1be7	[0x1be7, nil]
0x1be9	[0x1be9, nil]
0x1bea	[0x1bea, nil]
0x1bee	[0x1bee, nil]
0x1bf1	[0x1bf1, nil]
0x1bf6	[0x1bf6, nil]
0x1bf8	[0x1bf8, nil]
0x1bf9	[0x1bf9, nil]
0x1bfb	[0x1bfb, nil]
0x1bfc	[0x1bfc, nil]
0x1bfe	[0x1bfe, nil]
0x1c00	[0x1c00, nil]
0x1c02	[0x1c02, nil]
0x1c04	[0x1c04, nil]
0x1c05	[0x1c05, nil]
0x1c06	[0x1c06, nil]
0x1c09	[0x1c09, nil]
0x1c0b	[0x1c0b, nil]
0x1c0d	[0x1c0d, nil]
0x1c0f	[0x1c0f, nil]
0x1c10	[0x1c10, nil]
0x1c11	[0x1c11, nil]
0x1c16	[0x1c16, nil]
0x1c2c	[0x1c2c, nil]
0x1c2f	[0x1c2f, nil]
0x1c31	[0x1c31, nil]
0x1c32	[0x1c32, nil]
0x1c36	[0x1c36, nil]
0x1c39	[0x1c39, nil]
0x1c3e	[0x1c3e, nil]
0x1c40	[0x1c40, nil]
0x1c41	[0x1c41, nil]
0x1c43	[0x1c43, nil]
0x1c44	[0x1c44, nil]
0x1c46	[0x1c46, nil]
0x1c48	[0x1c48, nil]
0x1c4a	[0x1c4a, nil]
0x1c4c	[0x1c4c, nil]
0x1c4d	[0x1c4d, nil]
0x1c4e	[0x1c4e, nil]
0x1c51	[0x1c51, nil]
0x1c53	[0x1c53, nil]
0x1c55	[0x1c55, nil]
0x1c57	[0x1c57, nil]
0x1c58	[0x1c58, nil]
0x1c59	[0x1c59, nil]
0x1c5e	[0x1c5e, nil]
0x1c74	[0x1c74, nil]
0x1c77	[0x1c77, nil]
0x1c79	[0x1c79, nil]
0x1c7a	[0x1c7a, nil]
0x1c7e	[0x1c7e, nil]
0x1c81	[0x1c81, nil]
0x1c86	[0x1c86, nil]
0x1c88	[0x1c88, nil]
0x1c89	[0x1c89, nil]
0x1c8b	[0x1c8b, nil]
0x1c8c	[0x1c8c, nil]
0x1c8e	[0x1c8e, nil]
0x1c90	[0x1c90, nil]
0x1c92	[0x1c92, nil]
0x1c94	[0x1c94, nil]
0x1c95	[0x1c95, nil]
0x1c96	[0x1c96, nil]
0x1c99	[0x1c99, nil]
0x1c9b	[0x1c9b, nil]
0x1c9d	[0x1c9d, nil]
0x1c9f	[0x1c9f, nil]
0x1ca0	[0x1ca0, nil]
0x1ca1	[0x1ca1, nil]
0x1ca6	[0x1ca6, nil]
0x1cbc	[0x1cbc, nil]
0x1cbf	[0x1cbf, nil]
0x1cc1	[0x1cc1, nil]
0x1cc2	[0x1cc2, nil]
0x1cc6	[0x1cc6, nil]
0x1cc9	[0x1cc9, nil]
0x1cce	[0x1cce, nil]
0x1cd0	[0x1cd0, nil]
0x1cd1	[0x1cd1, nil]
0x1cd3	[0x1cd3, nil]
0x1cd4	[0x1cd4, nil]
0x1cd6	[0x1cd6, nil]
0x1cd8	[0x1cd8, nil]
0x1cda	[0x1cda, nil]
0x1cdc	[0x1cdc, nil]
0x1cdd	[0x1cdd, nil]
0x1cde	[0x1cde, nil]
0x1ce1	[0x1ce1, nil]
0x1ce3	[0x1ce3, nil]
0x1ce5	[0x1ce5, nil]
0x1ce7	[0x1ce7, nil]
0x1ce8	[0x1ce8, nil]
0x1ce9	[0x1ce9, nil]
0x1cee	[0x1cee, nil]
0x1d04	[0x1d04, nil]
0x1d07	[0x1d07, nil]
0x1d09	[0x1d09, nil]
0x1d0a	[0x1d0a, nil]
0x1d0e	[0x1d0e, nil]
0x1d11	[0x1d11, nil]
0x1d16	[0x1d16, nil]
0x1d18	[0x1d18, nil]
0x1d19	[0x1d19, nil]
0x1d1b	[0x1d1b, nil]
0x1d1c	[0x1d1c, nil]
0x1d1e	[0x1d1e, nil]
0x1d20	[0x1d20, nil]
0x1d22	[0x1d22, nil]
0x1d24	[0x1d24, nil]
0x1d25	[0x1d25, nil]
0x1d26	[0x1d26, nil]
0x1d29	[0x1d29, nil]
0x1d2b	[0x1d2b, nil]
0x1d2d	[0x1d2d, nil]
0x1d2f	[0x1d2f, nil]
0x1d30	[0x1d30, nil]
0x1d31	[0x1d31, nil]
0x1d36	[0x1d36, nil]
0x1d4c	[0x1d4c, nil]
0x1d4f	[0x1d4f, nil]
0x1d51	[0x1d51, nil]
0x1d52	[0x1d52, nil]
0x1d56	[0x1d56, nil]
0x1d59	[0x1d59, nil]
0x1d5e	[0x1d5e, nil]
0x1d60	[0x1d60, nil]
0x1d61	[0x1d61, nil]
0x1d63	[0x1d63, nil]
0x1d64	[0x1d64, nil]
0x1d66	[0x1d66, nil]
0x1d68	[0x1d68, nil]
0x1d6a	[0x1d6a, nil]
0x1d6c	[0x1d6c, nil]
0x1d6d	[0x1d6d, nil]
0x1d6e	[0x1d6e, nil]
0x1d71	[0x1d71, nil]
0x1d73	[0x1d73, nil]
0x1d75	[0x1d75, nil]
0x1d77	[0x1d77, nil]
0x1d78	[0x1d78, nil]
0x1d79	[0x1d79, nil]
0x1d7e	[0x1d7e, nil]
0x1d94	[0x1d94, nil]
0x1d97	[0x1d97, nil]
0x1d99	[0x1d99, nil]
0x1d9a	[0x1d9a, nil]
0x1d9e	[0x1d9e, nil]
0x1da1	[0x1da1, nil]
0x1da6	[0x1da6, nil]
0x1da8	[0x1da8, nil]
0x1da9	[0x1da9, nil]
0x1dab	[0x1dab, nil]
0x1dac	[0x1dac, nil]
0x1dae	[0x1dae, nil]
0x1db0	[0x1db0, nil]
0x1db2	[0x1db2, nil]
0x1db4	[0x1db4, nil]
0x1db5	[0x1db5, nil]
0x1db6	[0x1db6, nil]
0x1db9	[0x1db9, nil]
0x1dbb	[0x1dbb, nil]
0x1dbd	[0x1dbd, nil]
0x1dbf	[0x1dbf, nil]
0x1dc0	[0x1dc0, nil]
0x1dc1	[0x1dc1, nil]
0x1dc6	[0x1dc6, nil]
0x1ddc	[0x1ddc, nil]
0x1ddf	[0x1ddf, nil]
0x1de1	[0x1de1, nil]
0x1de2	[0x1de2, nil]
0x1de6	[0x1de6, nil]
0x1de9	[0x1de9, nil]
0x1dee	[0x1dee, nil]
0x1df0	[0x1df0, nil]
0x1df1	[0x1df1, nil]
0x1df3	[0x1df3, nil]
0x1df4	[0x1df4, nil]
0x1df6	[0x1df6, nil]
0x1df8	[0x1df8, nil]
0x1dfa	[0x1dfa, nil]
0x1dfc	[0x1dfc, nil]
0x1dfd	[0x1dfd, nil]
0x1dfe	[0x1dfe, nil]
0x1e01	[0x1e01, nil]
0x1e03	[0x1e03, nil]
0x1e05	[0x1e05, nil]
0x1e07	[0x1e07, nil]
0x1e08	[0x1e08, nil]
0x1e09	[0x1e09, nil]
0x1e0e	[0x1e0e, nil]
0x1e12	[0x1e12, nil]
0x1e13	[0x1e13, nil]
0x1e18	[0x1e18, nil]
0x1e1c	[0x1e1c, nil]
0x1e1e	[0x1e1e, nil]
0x1e1f	[0x1e1f, nil]
0x1e23	[0x1e23, nil]
0x1e25	[0x1e25, nil]
0x1e28	[0x1e28, nil]
0x1e2a	[0x1e2a, nil]
0x1e2b	[0x1e2b, nil]
0x1e2f	[0x1e2f, nil]
0x1e35	[0x1e35, nil]
0x1e37	[0x1e37, nil]
0x1e38	[0x1e38, nil]
0x1e3a	[0x1e3a, nil]
0x1e3c	[0x1e3c, nil]
0x1e3e	[0x1e3e, nil]
0x1e3f	[0x1e3f, nil]
0x1e40	[0x1e40, nil]
0x1e41	[0x1e41, nil]
0x1e42	[0x1e42, nil]
0x1e44	[0x1e44, nil]
0x1e46	[0x1e46, nil]
0x1e48	[0x1e48, nil]
0x1e49	[0x1e49, nil]
0x1e4d	[0x1e4d, nil]
0x1e51	[0x1e51, nil]
0x2790	[0x2790, nil]
0x2793	[0x2793, nil]
0x2794	[0x2794, nil]
0x2796	[0x2796, nil]
0x2798	[0x2798, nil]
0x279a	[0x279a, nil]
0x279b	[0x279b, nil]
0x279e	[0x279e, nil]
0x279f	[0x279f, nil]
0x27a2	[0x27a2, nil]
0x27a4	[0x27a4, nil]
0x27a8	[0x27a8, nil]
0x27ad	[0x27ad, nil]
0x27b0	[0x27b0, nil]
0x27b3	[0x27b3, nil]
0x27b6	[0x27b6, nil]
0x27ba	[0x27ba, nil]
0x27bd	[0x27bd, nil]
0x27c0	[0x27c0, nil]
0x27c2	[0x27c2, nil]
0x27c3	[0x27c3, nil]
0x27c5	[0x27c5, nil]
0x27c7	[0x27c7, nil]
0x27c9	[0x27c9, nil]
0x27ca	[0x27ca, nil]
0x27cb	[0x27cb, nil]
0x27cc	[0x27cc, nil]
0x27d1	[0x27d1, nil]
0x27d3	[0x27d3, nil]
0x27d4	[0x27d4, nil]
0x27d8	[0x27d8, nil]
0x27d9	[0x27d9, nil]
0x27df	[0x27df, nil]
0x27e1	[0x27e1, nil]
0x27e6	[0x27e6, nil]
0x27eb	[0x27eb, nil]
0x27ec	[0x27ec, nil]
0x27ee	[0x27ee, nil]
0x27f1	[0x27f1, nil]
0x27f3	[0x27f3, nil]
0x27f5	[0x27f5, nil]
0x27f6	[0x27f6, nil]
0x27fa	[0x27fa, nil]
0x27fc	[0x27fc, nil]
0x27fe	[0x27fe, nil]
0x27ff	[0x27ff, nil]
0x2803	[0x2803, nil]
0x2805	[0x2805, nil]
0x2808	[0x2808, nil]
0x280a	[0x280a, nil]
0x280b	[0x280b, nil]
0x280d	[0x280d, nil]
0x280e	[0x280e, nil]
0x280f	[0x280f, nil]
0x2811	[0x2811, nil]
0x2812	[0x2812, nil]
0x2815	[0x2815, nil]
0x2818	[0x2818, nil]
0x2819	[0x2819, nil]
0x281a	[0x281a, nil]
0x281d	[0x281d, nil]
0x281f	[0x281f, nil]
0x2824	[0x2824, nil]
0x2830	[0x2830, nil]
0x2831	[0x2831, nil]
0x2837	[0x2837, nil]
0x2838	[0x2838, nil]
0x283a	[0x283a, nil]
0x2841	[0x2841, nil]
0x2843	[0x2843, nil]
0x2845	[0x2845, nil]
0x2847	[0x2847, nil]
0x2849	[0x2849, nil]
0x284e	[0x284e, nil]
0x2853	[0x2853, nil]
0x2857	[0x2857, nil]
0x2859	[0x2859, nil]
0x285a	[0x285a, nil]
0x285e	[0x285e, nil]
0x2860	[0x2860, nil]
0x2863	[0x2863, nil]
0x2865	[0x2865, nil]
0x2868	[0x2868, nil]
0x286a	[0x286a, nil]
0x286c	[0x286c, nil]
0x286f	[0x286f, nil]
0x2871	[0x2871, nil]
0x2874	[0x2874, nil]
0x2876	[0x2876, nil]
0x2877	[0x2877, nil]
0x287a	[0x287a, nil]
0x287c	[0x287c, nil]
0x287e	[0x287e, nil]
0x287f	[0x287f, nil]
0x2db5	[0x2db5, nil]
0x2db7	[0x2db7, nil]
0x2dba	[0x2dba, nil]
0x2dbc	[0x2dbc, nil]
0x2dbd	[0x2dbd, nil]
0x2dbe	[0x2dbe, nil]
0x2dc2	[0x2dc2, nil]
0x2dc7	[0x2dc7, nil]
0x2dc9	[0x2dc9, nil]
0x2dca	[0x2dca, nil]
0x2dcc	[0x2dcc, nil]
0x2dce	[0x2dce, nil]
0x2dd1	[0x2dd1, nil]
0x2dd3	[0x2dd3, nil]
0x63ee	[0x2cb2, nil]
0x63f3	[0x2cb7, nil]
0x63f5	[0x2cb9, nil]
0x63f6	[0x2cba, nil]
0x63f8	[0x2cbc, nil]
0x63fa	[0x2cbe, nil]
0x63fd	[0x2cc1, nil]
0x63ff	[0x2cc3, nil]
0x691c	[0x2cb2, nil]
0x6921	[0x2cb7, nil]
0x6923	[0x2cb9, nil]
0x6924	[0x2cba, nil]
0x6926	[0x2cbc, nil]
0x6928	[0x2cbe, nil]
0x692b	[0x2cc1, nil]
0x692d	[0x2cc3, nil]
0x694f	[0x2cb2, nil]
0x6954	[0x2cb7, nil]
0x6956	[0x2cb9, nil]
0x6957	[0x2cba, nil]
0x6959	[0x2cbc, nil]
0x695b	[0x2cbe, nil]
0x695e	[0x2cc1, nil]
0x6960	[0x2cc3, nil]
0x6982	[0x2cb2, nil]
0x6987	[0x2cb7, nil]
0x6989	[0x2cb9, nil]
0x698a	[0x2cba, nil]
0x698c	[0x2cbc, nil]
0x698e	[0x2cbe, nil]
0x6991	[0x2cc1, nil]
0x6993	[0x2cc3, nil]
0x69b5	[0x2cb2, nil]
0x69ba	[0x2cb7, nil]
0x69bc	[0x2cb9, nil]
0x69bd	[0x2cba, nil]
0x69bf	[0x2cbc, nil]
0x69c1	[0x2cbe, nil]
0x69c4	[0x2cc1, nil]
0x69c6	[0x2cc3, nil]
0x69e8	[0x2cb2, nil]
0x69ed	[0x2cb7, nil]
0x69ef	[0x2cb9, nil]
0x69f0	[0x2cba, nil]
0x69f2	[0x2cbc, nil]
0x69f4	[0x2cbe, nil]
0x69f7	[0x2cc1, nil]
0x69f9	[0x2cc3, nil]
0x6a1b	[0x2cb2, nil]
0x6a20	[0x2cb7, nil]
0x6a22	[0x2cb9, nil]
0x6a23	[0x2cba, nil]
0x6a25	[0x2cbc, nil]
0x6a27	[0x2cbe, nil]
0x6a2a	[0x2cc1, nil]
0x6a2c	[0x2cc3, nil]
0x6a4e	[0x2cb2, nil]
0x6a53	[0x2cb7, nil]
0x6a55	[0x2cb9, nil]
0x6a56	[0x2cba, nil]
0x6a58	[0x2cbc, nil]
0x6a5a	[0x2cbe, nil]
0x6a5d	[0x2cc1, nil]
0x6a5f	[0x2cc3, nil]
0x6a81	[0x2cb2, nil]
0x6a86	[0x2cb7, nil]
0x6a88	[0x2cb9, nil]
0x6a89	[0x2cba, nil]
0x6a8b	[0x2cbc, nil]
0x6a8d	[0x2cbe, nil]
0x6a90	[0x2cc1, nil]
0x6a92	[0x2cc3, nil]
0x6ab4	[0x2cb2, nil]
0x6ab9	[0x2cb7, nil]
0x6abb	[0x2cb9, nil]
0x6abc	[0x2cba, nil]
0x6abe	[0x2cbc, nil]
0x6ac0	[0x2cbe, nil]
0x6ac3	[0x2cc1, nil]
0x6ac5	[0x2cc3, nil]
0x6ae7	[0x2cb2, nil]
0x6aec	[0x2cb7, nil]
0x6aee	[0x2cb9, nil]
0x6aef	[0x2cba, nil]
0x6af1	[0x2cbc, nil]
0x6af3	[0x2cbe, nil]
0x6af6	[0x2cc1, nil]
0x6af8	[0x2cc3, nil]
0x6b1a	[0x2cb2, nil]
0x6b1f	[0x2cb7, nil]
0x6b21	[0x2cb9, nil]
0x6b22	[0x2cba, nil]
0x6b24	[0x2cbc, nil]
0x6b26	[0x2cbe, nil]
0x6b29	[0x2cc1, nil]
0x6b2b	[0x2cc3, nil]
0x6b4d	[0x2cb2, nil]
0x6b52	[0x2cb7, nil]
0x6b54	[0x2cb9, nil]
0x6b55	[0x2cba, nil]
0x6b57	[0x2cbc, nil]
0x6b59	[0x2cbe, nil]
0x6b5c	[0x2cc1, nil]
0x6b5e	[0x2cc3, nil]
0xe679	[0x5b5, nil]
0xe67b	[0x5b7, nil]
0xe67e	[0x5ba, nil]
0xe790	[0x5b5, nil]
0xe792	[0x5b7, nil]
0xe795	[0x5ba, nil]
0xe958	[0x24, nil]
0xe95a	[0x2f, nil]
0xe95c	[0x3a, nil]
0xe95e	[0x45, nil]
0xe960	[0x50, nil]
0xe962	[0x5b, nil]
0xe964	[0x6a, nil]
0xe966	[0x75, nil]
0xe968	[0x80, nil]
0xe96a	[0x8b, nil]
0xe96c	[0x96, nil]
0xe96e	[0xa3, nil]
0xe972	[0xf1, nil]
0xe975	[0x104, nil]
0xe978	[0x117, nil]
0xe97b	[0x12a, nil]
0xe97e	[0x15e, nil]
0xe981	[0x171, nil]
0xe984	[0x184, nil]
0xe987	[0x1a3, nil]
0xe98a	[0x1b6, nil]
0xe98d	[0x1d5, nil]
0x148	[0x148, nil]
0x1e16	[0x1e16, nil]
0x15b0x12a	[0x15b, nil]
0x15b0x1d5	[0x15b, nil]
0x1580x12a	[0x158, nil]
0x1580x1d5	[0x158, nil]
0x1560x12a	[0x156, nil]
0x1560x1d5	[0x156, nil]
0x2cc6S0x1e1c	[0x1e32, [0x2cc6, nil]]
0x2ccbS0x1e1c	[0x1e32, [0x2ccb, nil]]
0x2ccfS0x1e1c	[0x1e32, [0x2ccf, nil]]
0x2cd1S0x1e1c	[0x1e32, [0x2cd1, nil]]
0x2cd4S0x1e1c	[0x1e32, [0x2cd4, nil]]
0x2cd6S0x1e1c	[0x1e32, [0x2cd6, nil]]
0x2cd7S0x1e1c	[0x1e32, [0x2cd7, nil]]
0x2cdaS0x1e1c	[0x1e32, [0x2cda, nil]]
0x2cdcS0x1e1c	[0x1e32, [0x2cdc, nil]]
0x2cdeS0x1e1c	[0x1e32, [0x2cde, nil]]
0x2d47S0x278f	[0x27e9, [0x2d47, nil]]
0x2d4bS0x278f	[0x27e9, [0x2d4b, nil]]
0x2d4dS0x278f	[0x27e9, [0x2d4d, nil]]
0x2d4eS0x278f	[0x27e9, [0x2d4e, nil]]
0x2d51S0x278f	[0x27e9, [0x2d51, nil]]
0x2d53S0x278f	[0x27e9, [0x2d53, nil]]
0x2d54S0x278f	[0x27e9, [0x2d54, nil]]
0x2d3aS0x278f	[0x27e9, [0x2d3a, nil]]
0x2d3cS0x278f	[0x27e9, [0x2d3c, nil]]
0x2d3dS0x278f	[0x27e9, [0x2d3d, nil]]
0x2d5aS0x278f	[0x27e9, [0x2d5a, nil]]
0x2d5cS0x278f	[0x27e9, [0x2d5c, nil]]
0x2d41S0x278f	[0x27e9, [0x2d41, nil]]
0x2d42S0x278f	[0x27e9, [0x2d42, nil]]
0x2d43S0x278f	[0x27e9, [0x2d43, nil]]
0x2c52S0x18f	[0x19d, [0x2c52, nil]]
0x2c46S0x18f	[0x19d, [0x2c46, nil]]
0x2c47S0x18f	[0x19d, [0x2c47, nil]]
0x2c4bS0x18f	[0x19d, [0x2c4b, nil]]
0x2c4cS0x18f	[0x19d, [0x2c4c, nil]]
0x2c4dS0x18f	[0x19d, [0x2c4d, nil]]
0x2c4eS0x18f	[0x19d, [0x2c4e, nil]]
0x2c57S0x18f	[0x19d, [0x2c57, nil]]
0x2c58S0x18f	[0x19d, [0x2c58, nil]]
0x2c5cS0x18f	[0x19d, [0x2c5c, nil]]
0x2894S0x2c55S0x18f	[0x19d, [0x2c5f, [0x2894, nil]]]
0x2884S0x2c55S0x18f	[0x19d, [0x2c5f, [0x2884, nil]]]
0x2886S0x2c55S0x18f	[0x19d, [0x2c5f, [0x2886, nil]]]
0x2888S0x2c55S0x18f	[0x19d, [0x2c5f, [0x2888, nil]]]
0x288aS0x2c55S0x18f	[0x19d, [0x2c5f, [0x288a, nil]]]
0x288bS0x2c55S0x18f	[0x19d, [0x2c5f, [0x288b, nil]]]
0x288dS0x2c55S0x18f	[0x19d, [0x2c5f, [0x288d, nil]]]
0x288fS0x2c55S0x18f	[0x19d, [0x2c5f, [0x288f, nil]]]
0x2890S0x2c55S0x18f	[0x19d, [0x2c5f, [0x2890, nil]]]
0x2c83S0x1c1	[0x1cf, [0x2c83, nil]]
0x2c75S0x1c1	[0x1cf, [0x2c75, nil]]
0x2c77S0x1c1	[0x1cf, [0x2c77, nil]]
0x2c78S0x1c1	[0x1cf, [0x2c78, nil]]
0x2c7cS0x1c1	[0x1cf, [0x2c7c, nil]]
0x2c7dS0x1c1	[0x1cf, [0x2c7d, nil]]
0x2c7eS0x1c1	[0x1cf, [0x2c7e, nil]]
0x2c7fS0x1c1	[0x1cf, [0x2c7f, nil]]
0x2c88S0x1c1	[0x1cf, [0x2c88, nil]]
0x2c89S0x1c1	[0x1cf, [0x2c89, nil]]
0x2c8dS0x1c1	[0x1cf, [0x2c8d, nil]]
0x2c94S0x1c1	[0x1cf, [0x2c94, nil]]
0x2c97S0x1c1	[0x1cf, [0x2c97, nil]]
0x2c98S0x1c1	[0x1cf, [0x2c98, nil]]
0x2c99S0x1c1	[0x1cf, [0x2c99, nil]]
0x2c9dS0x1c1	[0x1cf, [0x2c9d, nil]]
0x2ca4S0x1c1	[0x1cf, [0x2ca4, nil]]
0x2ca7S0x1c1	[0x1cf, [0x2ca7, nil]]
0x2ca8S0x1c1	[0x1cf, [0x2ca8, nil]]
0x2ca9S0x1c1	[0x1cf, [0x2ca9, nil]]
0x2cadS0x1c1	[0x1cf, [0x2cad, nil]]
0x2894S0x2c86S0x1c1	[0x1cf, [0x2c90, [0x2894, nil]]]
0x2884S0x2c86S0x1c1	[0x1cf, [0x2c90, [0x2884, nil]]]
0x2886S0x2c86S0x1c1	[0x1cf, [0x2c90, [0x2886, nil]]]
0x2888S0x2c86S0x1c1	[0x1cf, [0x2c90, [0x2888, nil]]]
0x288aS0x2c86S0x1c1	[0x1cf, [0x2c90, [0x288a, nil]]]
0x288bS0x2c86S0x1c1	[0x1cf, [0x2c90, [0x288b, nil]]]
0x288dS0x2c86S0x1c1	[0x1cf, [0x2c90, [0x288d, nil]]]
0x288fS0x2c86S0x1c1	[0x1cf, [0x2c90, [0x288f, nil]]]
0x2890S0x2c86S0x1c1	[0x1cf, [0x2c90, [0x2890, nil]]]
0x2894S0x2c91S0x1c1	[0x1cf, [0x2ca0, [0x2894, nil]]]
0x2884S0x2c91S0x1c1	[0x1cf, [0x2ca0, [0x2884, nil]]]
0x2886S0x2c91S0x1c1	[0x1cf, [0x2ca0, [0x2886, nil]]]
0x2888S0x2c91S0x1c1	[0x1cf, [0x2ca0, [0x2888, nil]]]
0x288aS0x2c91S0x1c1	[0x1cf, [0x2ca0, [0x288a, nil]]]
0x288bS0x2c91S0x1c1	[0x1cf, [0x2ca0, [0x288b, nil]]]
0x288dS0x2c91S0x1c1	[0x1cf, [0x2ca0, [0x288d, nil]]]
0x288fS0x2c91S0x1c1	[0x1cf, [0x2ca0, [0x288f, nil]]]
0x2890S0x2c91S0x1c1	[0x1cf, [0x2ca0, [0x2890, nil]]]
0x2c71S0x2ca1S0x1c1	[0x1cf, [0x2cb0, [0x2c71, nil]]]
0x2c69S0x2ca1S0x1c1	[0x1cf, [0x2cb0, [0x2c69, nil]]]
0x2c6aS0x2ca1S0x1c1	[0x1cf, [0x2cb0, [0x2c6a, nil]]]
0x2c6cS0x2ca1S0x1c1	[0x1cf, [0x2cb0, [0x2c6c, nil]]]
0x2c6dS0x2ca1S0x1c1	[0x1cf, [0x2cb0, [0x2c6d, nil]]]
0x28b9S0xf1	[0xfe, [0x28b9, nil]]
0x28abS0xf1	[0xfe, [0x28ab, nil]]
0x28adS0xf1	[0xfe, [0x28ad, nil]]
0x28aeS0xf1	[0xfe, [0x28ae, nil]]
0x28b2S0xf1	[0xfe, [0x28b2, nil]]
0x28b3S0xf1	[0xfe, [0x28b3, nil]]
0x28b4S0xf1	[0xfe, [0x28b4, nil]]
0x28b5S0xf1	[0xfe, [0x28b5, nil]]
0x28beS0xf1	[0xfe, [0x28be, nil]]
0x28bfS0xf1	[0xfe, [0x28bf, nil]]
0x28c3S0xf1	[0xfe, [0x28c3, nil]]
0x28caS0xf1	[0xfe, [0x28ca, nil]]
0x28cdS0xf1	[0xfe, [0x28cd, nil]]
0x28ceS0xf1	[0xfe, [0x28ce, nil]]
0x28cfS0xf1	[0xfe, [0x28cf, nil]]
0x28d3S0xf1	[0xfe, [0x28d3, nil]]
0x28dfS0xf1	[0xfe, [0x28df, nil]]
0x28e4S0xf1	[0xfe, [0x28e4, nil]]
0x28e5S0xf1	[0xfe, [0x28e5, nil]]
0x2894S0x28bcS0xf1	[0xfe, [0x28c6, [0x2894, nil]]]
0x2884S0x28bcS0xf1	[0xfe, [0x28c6, [0x2884, nil]]]
0x2886S0x28bcS0xf1	[0xfe, [0x28c6, [0x2886, nil]]]
0x2888S0x28bcS0xf1	[0xfe, [0x28c6, [0x2888, nil]]]
0x288aS0x28bcS0xf1	[0xfe, [0x28c6, [0x288a, nil]]]
0x288bS0x28bcS0xf1	[0xfe, [0x28c6, [0x288b, nil]]]
0x288dS0x28bcS0xf1	[0xfe, [0x28c6, [0x288d, nil]]]
0x288fS0x28bcS0xf1	[0xfe, [0x28c6, [0x288f, nil]]]
0x2890S0x28bcS0xf1	[0xfe, [0x28c6, [0x2890, nil]]]
0x2894S0x28c7S0xf1	[0xfe, [0x28d6, [0x2894, nil]]]
0x2884S0x28c7S0xf1	[0xfe, [0x28d6, [0x2884, nil]]]
0x2886S0x28c7S0xf1	[0xfe, [0x28d6, [0x2886, nil]]]
0x2888S0x28c7S0xf1	[0xfe, [0x28d6, [0x2888, nil]]]
0x288aS0x28c7S0xf1	[0xfe, [0x28d6, [0x288a, nil]]]
0x288bS0x28c7S0xf1	[0xfe, [0x28d6, [0x288b, nil]]]
0x288dS0x28c7S0xf1	[0xfe, [0x28d6, [0x288d, nil]]]
0x288fS0x28c7S0xf1	[0xfe, [0x28d6, [0x288f, nil]]]
0x2890S0x28c7S0xf1	[0xfe, [0x28d6, [0x2890, nil]]]
0x2c52S0x171	[0x17e, [0x2c52, nil]]
0x2c46S0x171	[0x17e, [0x2c46, nil]]
0x2c47S0x171	[0x17e, [0x2c47, nil]]
0x2c4bS0x171	[0x17e, [0x2c4b, nil]]
0x2c4cS0x171	[0x17e, [0x2c4c, nil]]
0x2c4dS0x171	[0x17e, [0x2c4d, nil]]
0x2c4eS0x171	[0x17e, [0x2c4e, nil]]
0x2c57S0x171	[0x17e, [0x2c57, nil]]
0x2c58S0x171	[0x17e, [0x2c58, nil]]
0x2c5cS0x171	[0x17e, [0x2c5c, nil]]
0x2894S0x2c55S0x171	[0x17e, [0x2c5f, [0x2894, nil]]]
0x2884S0x2c55S0x171	[0x17e, [0x2c5f, [0x2884, nil]]]
0x2886S0x2c55S0x171	[0x17e, [0x2c5f, [0x2886, nil]]]
0x2888S0x2c55S0x171	[0x17e, [0x2c5f, [0x2888, nil]]]
0x288aS0x2c55S0x171	[0x17e, [0x2c5f, [0x288a, nil]]]
0x288bS0x2c55S0x171	[0x17e, [0x2c5f, [0x288b, nil]]]
0x288dS0x2c55S0x171	[0x17e, [0x2c5f, [0x288d, nil]]]
0x288fS0x2c55S0x171	[0x17e, [0x2c5f, [0x288f, nil]]]
0x2890S0x2c55S0x171	[0x17e, [0x2c5f, [0x2890, nil]]]
0x28b9S0x1a3	[0x1b0, [0x28b9, nil]]
0x28abS0x1a3	[0x1b0, [0x28ab, nil]]
0x28adS0x1a3	[0x1b0, [0x28ad, nil]]
0x28aeS0x1a3	[0x1b0, [0x28ae, nil]]
0x28b2S0x1a3	[0x1b0, [0x28b2, nil]]
0x28b3S0x1a3	[0x1b0, [0x28b3, nil]]
0x28b4S0x1a3	[0x1b0, [0x28b4, nil]]
0x28b5S0x1a3	[0x1b0, [0x28b5, nil]]
0x28beS0x1a3	[0x1b0, [0x28be, nil]]
0x28bfS0x1a3	[0x1b0, [0x28bf, nil]]
0x28c3S0x1a3	[0x1b0, [0x28c3, nil]]
0x28caS0x1a3	[0x1b0, [0x28ca, nil]]
0x28cdS0x1a3	[0x1b0, [0x28cd, nil]]
0x28ceS0x1a3	[0x1b0, [0x28ce, nil]]
0x28cfS0x1a3	[0x1b0, [0x28cf, nil]]
0x28d3S0x1a3	[0x1b0, [0x28d3, nil]]
0x28dfS0x1a3	[0x1b0, [0x28df, nil]]
0x28e4S0x1a3	[0x1b0, [0x28e4, nil]]
0x28e5S0x1a3	[0x1b0, [0x28e5, nil]]
0x2894S0x28bcS0x1a3	[0x1b0, [0x28c6, [0x2894, nil]]]
0x2884S0x28bcS0x1a3	[0x1b0, [0x28c6, [0x2884, nil]]]
0x2886S0x28bcS0x1a3	[0x1b0, [0x28c6, [0x2886, nil]]]
0x2888S0x28bcS0x1a3	[0x1b0, [0x28c6, [0x2888, nil]]]
0x288aS0x28bcS0x1a3	[0x1b0, [0x28c6, [0x288a, nil]]]
0x288bS0x28bcS0x1a3	[0x1b0, [0x28c6, [0x288b, nil]]]
0x288dS0x28bcS0x1a3	[0x1b0, [0x28c6, [0x288d, nil]]]
0x288fS0x28bcS0x1a3	[0x1b0, [0x28c6, [0x288f, nil]]]
0x2890S0x28bcS0x1a3	[0x1b0, [0x28c6, [0x2890, nil]]]
0x2894S0x28c7S0x1a3	[0x1b0, [0x28d6, [0x2894, nil]]]
0x2884S0x28c7S0x1a3	[0x1b0, [0x28d6, [0x2884, nil]]]
0x2886S0x28c7S0x1a3	[0x1b0, [0x28d6, [0x2886, nil]]]
0x2888S0x28c7S0x1a3	[0x1b0, [0x28d6, [0x2888, nil]]]
0x288aS0x28c7S0x1a3	[0x1b0, [0x28d6, [0x288a, nil]]]
0x288bS0x28c7S0x1a3	[0x1b0, [0x28d6, [0x288b, nil]]]
0x288dS0x28c7S0x1a3	[0x1b0, [0x28d6, [0x288d, nil]]]
0x288fS0x28c7S0x1a3	[0x1b0, [0x28d6, [0x288f, nil]]]
0x2890S0x28c7S0x1a3	[0x1b0, [0x28d6, [0x2890, nil]]]
0x2e01S0x283e	[0x2851, [0x2e01, nil]]
0x2df5S0x283e	[0x2851, [0x2df5, nil]]
0x2df6S0x283e	[0x2851, [0x2df6, nil]]
0x2dfaS0x283e	[0x2851, [0x2dfa, nil]]
0x2dfbS0x283e	[0x2851, [0x2dfb, nil]]
0x2dfcS0x283e	[0x2851, [0x2dfc, nil]]
0x2dfdS0x283e	[0x2851, [0x2dfd, nil]]
0x2e06S0x283e	[0x2851, [0x2e06, nil]]
0x2e07S0x283e	[0x2851, [0x2e07, nil]]
0x2e0bS0x283e	[0x2851, [0x2e0b, nil]]
0x2c71S0x2e04S0x283e	[0x2851, [0x2e0e, [0x2c71, nil]]]
0x2c69S0x2e04S0x283e	[0x2851, [0x2e0e, [0x2c69, nil]]]
0x2c6aS0x2e04S0x283e	[0x2851, [0x2e0e, [0x2c6a, nil]]]
0x2c6cS0x2e04S0x283e	[0x2851, [0x2e0e, [0x2c6c, nil]]]
0x2c6dS0x2e04S0x283e	[0x2851, [0x2e0e, [0x2c6d, nil]]]
0x24fS0xff	[0x103, [0x24f, nil]]
0x252S0xff	[0x103, [0x252, nil]]
0x297S0xff	[0x103, [0x297, nil]]
0x29aS0xff	[0x103, [0x29a, nil]]
0x2dfS0xff	[0x103, [0x2df, nil]]
0x2e2S0xff	[0x103, [0x2e2, nil]]
0x327S0xff	[0x103, [0x327, nil]]
0x32aS0xff	[0x103, [0x32a, nil]]
0x36fS0xff	[0x103, [0x36f, nil]]
0x372S0xff	[0x103, [0x372, nil]]
0x3b7S0xff	[0x103, [0x3b7, nil]]
0x3baS0xff	[0x103, [0x3ba, nil]]
0x3ffS0xff	[0x103, [0x3ff, nil]]
0x402S0xff	[0x103, [0x402, nil]]
0x447S0xff	[0x103, [0x447, nil]]
0x44aS0xff	[0x103, [0x44a, nil]]
0x48fS0xff	[0x103, [0x48f, nil]]
0x492S0xff	[0x103, [0x492, nil]]
0x4d7S0xff	[0x103, [0x4d7, nil]]
0x4daS0xff	[0x103, [0x4da, nil]]
0x51fS0xff	[0x103, [0x51f, nil]]
0x522S0xff	[0x103, [0x522, nil]]
0x567S0xff	[0x103, [0x567, nil]]
0x56aS0xff	[0x103, [0x56a, nil]]
0x59dS0xff	[0x103, [0x59d, nil]]
0x59fS0xff	[0x103, [0x59f, nil]]
0x5a0S0xff	[0x103, [0x5a0, nil]]
0x5a4S0xff	[0x103, [0x5a4, nil]]
0x5a6S0xff	[0x103, [0x5a6, nil]]
0x5a9S0xff	[0x103, [0x5a9, nil]]
0x5abS0xff	[0x103, [0x5ab, nil]]
0x5acS0xff	[0x103, [0x5ac, nil]]
0x5b0S0xff	[0x103, [0x5b0, nil]]
0x5ccS0xff	[0x103, [0x5cc, nil]]
0x5ceS0xff	[0x103, [0x5ce, nil]]
0x5cfS0xff	[0x103, [0x5cf, nil]]
0x5d3S0xff	[0x103, [0x5d3, nil]]
0x5d5S0xff	[0x103, [0x5d5, nil]]
0x5d8S0xff	[0x103, [0x5d8, nil]]
0x5daS0xff	[0x103, [0x5da, nil]]
0x5dbS0xff	[0x103, [0x5db, nil]]
0x5dfS0xff	[0x103, [0x5df, nil]]
0x620S0xff	[0x103, [0x620, nil]]
0x621S0xff	[0x103, [0x621, nil]]
0x624S0xff	[0x103, [0x624, nil]]
0x625S0xff	[0x103, [0x625, nil]]
0x655S0xff	[0x103, [0x655, nil]]
0x657S0xff	[0x103, [0x657, nil]]
0x658S0xff	[0x103, [0x658, nil]]
0x65cS0xff	[0x103, [0x65c, nil]]
0x65eS0xff	[0x103, [0x65e, nil]]
0x661S0xff	[0x103, [0x661, nil]]
0x663S0xff	[0x103, [0x663, nil]]
0x664S0xff	[0x103, [0x664, nil]]
0x668S0xff	[0x103, [0x668, nil]]
0x7060x20bS0xff	[0x103, [0x706, nil]]
0x70a0x20bS0xff	[0x103, [0x70a, nil]]
0x7050x20bS0xff	[0x103, [0x705, nil]]
0x7030x20bS0xff	[0x103, [0x703, nil]]
0x7000x20bS0xff	[0x103, [0x700, nil]]
0x6fe0x20bS0xff	[0x103, [0x6fe, nil]]
0x6fa0x20bS0xff	[0x103, [0x6fa, nil]]
0x6f90x20bS0xff	[0x103, [0x6f9, nil]]
0x6f70x20bS0xff	[0x103, [0x6f7, nil]]
0x6e40x20bS0xff	[0x103, [0x6e4, nil]]
0x6e20x20bS0xff	[0x103, [0x6e2, nil]]
0x6df0x20bS0xff	[0x103, [0x6df, nil]]
0x6de0x20bS0xff	[0x103, [0x6de, nil]]
0x6dd0x20bS0xff	[0x103, [0x6dd, nil]]
0x6da0x20bS0xff	[0x103, [0x6da, nil]]
0x6d70x20bS0xff	[0x103, [0x6d7, nil]]
0x6d60x20bS0xff	[0x103, [0x6d6, nil]]
0x6d40x20bS0xff	[0x103, [0x6d4, nil]]
0x6d30x20bS0xff	[0x103, [0x6d3, nil]]
0x6d20x20bS0xff	[0x103, [0x6d2, nil]]
0x6d00x20bS0xff	[0x103, [0x6d0, nil]]
0x6cf0x20bS0xff	[0x103, [0x6cf, nil]]
0x6cd0x20bS0xff	[0x103, [0x6cd, nil]]
0x6ca0x20bS0xff	[0x103, [0x6ca, nil]]
0x6c80x20bS0xff	[0x103, [0x6c8, nil]]
0x6a50x20bS0xff	[0x103, [0x6a5, nil]]
0x6aa0x20bS0xff	[0x103, [0x6aa, nil]]
0x6a40x20bS0xff	[0x103, [0x6a4, nil]]
0x6a20x20bS0xff	[0x103, [0x6a2, nil]]
0x6a00x20bS0xff	[0x103, [0x6a0, nil]]
0x69e0x20bS0xff	[0x103, [0x69e, nil]]
0x69a0x20bS0xff	[0x103, [0x69a, nil]]
0x6970x20bS0xff	[0x103, [0x697, nil]]
0x6930x20bS0xff	[0x103, [0x693, nil]]
0x6920x20bS0xff	[0x103, [0x692, nil]]
0x68f0x20bS0xff	[0x103, [0x68f, nil]]
0x20cS0xff	[0x103, [0x20c, nil]]
0x20fS0xff	[0x103, [0x20f, nil]]
0x210S0xff	[0x103, [0x210, nil]]
0x215S0xff	[0x103, [0x215, nil]]
0x219S0xff	[0x103, [0x219, nil]]
0x21dS0xff	[0x103, [0x21d, nil]]
0x21fS0xff	[0x103, [0x21f, nil]]
0x222S0xff	[0x103, [0x222, nil]]
0x223S0xff	[0x103, [0x223, nil]]
0x227S0xff	[0x103, [0x227, nil]]
0x22aS0xff	[0x103, [0x22a, nil]]
0x230S0xff	[0x103, [0x230, nil]]
0x246S0xff	[0x103, [0x246, nil]]
0x248S0xff	[0x103, [0x248, nil]]
0x24aS0xff	[0x103, [0x24a, nil]]
0x24bS0xff	[0x103, [0x24b, nil]]
0x257S0xff	[0x103, [0x257, nil]]
0x259S0xff	[0x103, [0x259, nil]]
0x25aS0xff	[0x103, [0x25a, nil]]
0x25cS0xff	[0x103, [0x25c, nil]]
0x25dS0xff	[0x103, [0x25d, nil]]
0x25fS0xff	[0x103, [0x25f, nil]]
0x261S0xff	[0x103, [0x261, nil]]
0x263S0xff	[0x103, [0x263, nil]]
0x265S0xff	[0x103, [0x265, nil]]
0x266S0xff	[0x103, [0x266, nil]]
0x267S0xff	[0x103, [0x267, nil]]
0x26aS0xff	[0x103, [0x26a, nil]]
0x26cS0xff	[0x103, [0x26c, nil]]
0x26eS0xff	[0x103, [0x26e, nil]]
0x270S0xff	[0x103, [0x270, nil]]
0x271S0xff	[0x103, [0x271, nil]]
0x272S0xff	[0x103, [0x272, nil]]
0x277S0xff	[0x103, [0x277, nil]]
0x28dS0xff	[0x103, [0x28d, nil]]
0x290S0xff	[0x103, [0x290, nil]]
0x292S0xff	[0x103, [0x292, nil]]
0x293S0xff	[0x103, [0x293, nil]]
0x5c8fS0xff	[0x103, [0x2cb2, nil]]
0x5c94S0xff	[0x103, [0x2cb7, nil]]
0x5c96S0xff	[0x103, [0x2cb9, nil]]
0x5c97S0xff	[0x103, [0x2cba, nil]]
0x5c99S0xff	[0x103, [0x2cbc, nil]]
0x5c9bS0xff	[0x103, [0x2cbe, nil]]
0x5c9eS0xff	[0x103, [0x2cc1, nil]]
0x5ca0S0xff	[0x103, [0x2cc3, nil]]
0x29fS0xff	[0x103, [0x29f, nil]]
0x2a1S0xff	[0x103, [0x2a1, nil]]
0x2a2S0xff	[0x103, [0x2a2, nil]]
0x2a4S0xff	[0x103, [0x2a4, nil]]
0x2a5S0xff	[0x103, [0x2a5, nil]]
0x2a7S0xff	[0x103, [0x2a7, nil]]
0x2a9S0xff	[0x103, [0x2a9, nil]]
0x2abS0xff	[0x103, [0x2ab, nil]]
0x2adS0xff	[0x103, [0x2ad, nil]]
0x2aeS0xff	[0x103, [0x2ae, nil]]
0x2afS0xff	[0x103, [0x2af, nil]]
0x2b2S0xff	[0x103, [0x2b2, nil]]
0x2b4S0xff	[0x103, [0x2b4, nil]]
0x2b6S0xff	[0x103, [0x2b6, nil]]
0x2b8S0xff	[0x103, [0x2b8, nil]]
0x2b9S0xff	[0x103, [0x2b9, nil]]
0x2baS0xff	[0x103, [0x2ba, nil]]
0x2bfS0xff	[0x103, [0x2bf, nil]]
0x2d5S0xff	[0x103, [0x2d5, nil]]
0x2d8S0xff	[0x103, [0x2d8, nil]]
0x2daS0xff	[0x103, [0x2da, nil]]
0x2dbS0xff	[0x103, [0x2db, nil]]
0x5cc2S0xff	[0x103, [0x2cb2, nil]]
0x5cc7S0xff	[0x103, [0x2cb7, nil]]
0x5cc9S0xff	[0x103, [0x2cb9, nil]]
0x5ccaS0xff	[0x103, [0x2cba, nil]]
0x5cccS0xff	[0x103, [0x2cbc, nil]]
0x5cceS0xff	[0x103, [0x2cbe, nil]]
0x5cd1S0xff	[0x103, [0x2cc1, nil]]
0x5cd3S0xff	[0x103, [0x2cc3, nil]]
0x2e7S0xff	[0x103, [0x2e7, nil]]
0x2e9S0xff	[0x103, [0x2e9, nil]]
0x2eaS0xff	[0x103, [0x2ea, nil]]
0x2ecS0xff	[0x103, [0x2ec, nil]]
0x2edS0xff	[0x103, [0x2ed, nil]]
0x2efS0xff	[0x103, [0x2ef, nil]]
0x2f1S0xff	[0x103, [0x2f1, nil]]
0x2f3S0xff	[0x103, [0x2f3, nil]]
0x2f5S0xff	[0x103, [0x2f5, nil]]
0x2f6S0xff	[0x103, [0x2f6, nil]]
0x2f7S0xff	[0x103, [0x2f7, nil]]
0x2faS0xff	[0x103, [0x2fa, nil]]
0x2fcS0xff	[0x103, [0x2fc, nil]]
0x2feS0xff	[0x103, [0x2fe, nil]]
0x300S0xff	[0x103, [0x300, nil]]
0x301S0xff	[0x103, [0x301, nil]]
0x302S0xff	[0x103, [0x302, nil]]
0x307S0xff	[0x103, [0x307, nil]]
0x31dS0xff	[0x103, [0x31d, nil]]
0x320S0xff	[0x103, [0x320, nil]]
0x322S0xff	[0x103, [0x322, nil]]
0x323S0xff	[0x103, [0x323, nil]]
0x5cf5S0xff	[0x103, [0x2cb2, nil]]
0x5cfaS0xff	[0x103, [0x2cb7, nil]]
0x5cfcS0xff	[0x103, [0x2cb9, nil]]
0x5cfdS0xff	[0x103, [0x2cba, nil]]
0x5cffS0xff	[0x103, [0x2cbc, nil]]
0x5d01S0xff	[0x103, [0x2cbe, nil]]
0x5d04S0xff	[0x103, [0x2cc1, nil]]
0x5d06S0xff	[0x103, [0x2cc3, nil]]
0x32fS0xff	[0x103, [0x32f, nil]]
0x331S0xff	[0x103, [0x331, nil]]
0x332S0xff	[0x103, [0x332, nil]]
0x334S0xff	[0x103, [0x334, nil]]
0x335S0xff	[0x103, [0x335, nil]]
0x337S0xff	[0x103, [0x337, nil]]
0x339S0xff	[0x103, [0x339, nil]]
0x33bS0xff	[0x103, [0x33b, nil]]
0x33dS0xff	[0x103, [0x33d, nil]]
0x33eS0xff	[0x103, [0x33e, nil]]
0x33fS0xff	[0x103, [0x33f, nil]]
0x342S0xff	[0x103, [0x342, nil]]
0x344S0xff	[0x103, [0x344, nil]]
0x346S0xff	[0x103, [0x346, nil]]
0x348S0xff	[0x103, [0x348, nil]]
0x349S0xff	[0x103, [0x349, nil]]
0x34aS0xff	[0x103, [0x34a, nil]]
0x34fS0xff	[0x103, [0x34f, nil]]
0x365S0xff	[0x103, [0x365, nil]]
0x368S0xff	[0x103, [0x368, nil]]
0x36aS0xff	[0x103, [0x36a, nil]]
0x36bS0xff	[0x103, [0x36b, nil]]
0x5d28S0xff	[0x103, [0x2cb2, nil]]
0x5d2dS0xff	[0x103, [0x2cb7, nil]]
0x5d2fS0xff	[0x103, [0x2cb9, nil]]
0x5d30S0xff	[0x103, [0x2cba, nil]]
0x5d32S0xff	[0x103, [0x2cbc, nil]]
0x5d34S0xff	[0x103, [0x2cbe, nil]]
0x5d37S0xff	[0x103, [0x2cc1, nil]]
0x5d39S0xff	[0x103, [0x2cc3, nil]]
0x377S0xff	[0x103, [0x377, nil]]
0x379S0xff	[0x103, [0x379, nil]]
0x37aS0xff	[0x103, [0x37a, nil]]
0x37cS0xff	[0x103, [0x37c, nil]]
0x37dS0xff	[0x103, [0x37d, nil]]
0x37fS0xff	[0x103, [0x37f, nil]]
0x381S0xff	[0x103, [0x381, nil]]
0x383S0xff	[0x103, [0x383, nil]]
0x385S0xff	[0x103, [0x385, nil]]
0x386S0xff	[0x103, [0x386, nil]]
0x387S0xff	[0x103, [0x387, nil]]
0x38aS0xff	[0x103, [0x38a, nil]]
0x38cS0xff	[0x103, [0x38c, nil]]
0x38eS0xff	[0x103, [0x38e, nil]]
0x390S0xff	[0x103, [0x390, nil]]
0x391S0xff	[0x103, [0x391, nil]]
0x392S0xff	[0x103, [0x392, nil]]
0x397S0xff	[0x103, [0x397, nil]]
0x3adS0xff	[0x103, [0x3ad, nil]]
0x3b0S0xff	[0x103, [0x3b0, nil]]
0x3b2S0xff	[0x103, [0x3b2, nil]]
0x3b3S0xff	[0x103, [0x3b3, nil]]
0x5d5bS0xff	[0x103, [0x2cb2, nil]]
0x5d60S0xff	[0x103, [0x2cb7, nil]]
0x5d62S0xff	[0x103, [0x2cb9, nil]]
0x5d63S0xff	[0x103, [0x2cba, nil]]
0x5d65S0xff	[0x103, [0x2cbc, nil]]
0x5d67S0xff	[0x103, [0x2cbe, nil]]
0x5d6aS0xff	[0x103, [0x2cc1, nil]]
0x5d6cS0xff	[0x103, [0x2cc3, nil]]
0x3bfS0xff	[0x103, [0x3bf, nil]]
0x3c1S0xff	[0x103, [0x3c1, nil]]
0x3c2S0xff	[0x103, [0x3c2, nil]]
0x3c4S0xff	[0x103, [0x3c4, nil]]
0x3c5S0xff	[0x103, [0x3c5, nil]]
0x3c7S0xff	[0x103, [0x3c7, nil]]
0x3c9S0xff	[0x103, [0x3c9, nil]]
0x3cbS0xff	[0x103, [0x3cb, nil]]
0x3cdS0xff	[0x103, [0x3cd, nil]]
0x3ceS0xff	[0x103, [0x3ce, nil]]
0x3cfS0xff	[0x103, [0x3cf, nil]]
0x3d2S0xff	[0x103, [0x3d2, nil]]
0x3d4S0xff	[0x103, [0x3d4, nil]]
0x3d6S0xff	[0x103, [0x3d6, nil]]
0x3d8S0xff	[0x103, [0x3d8, nil]]
0x3d9S0xff	[0x103, [0x3d9, nil]]
0x3daS0xff	[0x103, [0x3da, nil]]
0x3dfS0xff	[0x103, [0x3df, nil]]
0x3f5S0xff	[0x103, [0x3f5, nil]]
0x3f8S0xff	[0x103, [0x3f8, nil]]
0x3faS0xff	[0x103, [0x3fa, nil]]
0x3fbS0xff	[0x103, [0x3fb, nil]]
0x5d8eS0xff	[0x103, [0x2cb2, nil]]
0x5d93S0xff	[0x103, [0x2cb7, nil]]
0x5d95S0xff	[0x103, [0x2cb9, nil]]
0x5d96S0xff	[0x103, [0x2cba, nil]]
0x5d98S0xff	[0x103, [0x2cbc, nil]]
0x5d9aS0xff	[0x103, [0x2cbe, nil]]
0x5d9dS0xff	[0x103, [0x2cc1, nil]]
0x5d9fS0xff	[0x103, [0x2cc3, nil]]
0x407S0xff	[0x103, [0x407, nil]]
0x409S0xff	[0x103, [0x409, nil]]
0x40aS0xff	[0x103, [0x40a, nil]]
0x40cS0xff	[0x103, [0x40c, nil]]
0x40dS0xff	[0x103, [0x40d, nil]]
0x40fS0xff	[0x103, [0x40f, nil]]
0x411S0xff	[0x103, [0x411, nil]]
0x413S0xff	[0x103, [0x413, nil]]
0x415S0xff	[0x103, [0x415, nil]]
0x416S0xff	[0x103, [0x416, nil]]
0x417S0xff	[0x103, [0x417, nil]]
0x41aS0xff	[0x103, [0x41a, nil]]
0x41cS0xff	[0x103, [0x41c, nil]]
0x41eS0xff	[0x103, [0x41e, nil]]
0x420S0xff	[0x103, [0x420, nil]]
0x421S0xff	[0x103, [0x421, nil]]
0x422S0xff	[0x103, [0x422, nil]]
0x427S0xff	[0x103, [0x427, nil]]
0x43dS0xff	[0x103, [0x43d, nil]]
0x440S0xff	[0x103, [0x440, nil]]
0x442S0xff	[0x103, [0x442, nil]]
0x443S0xff	[0x103, [0x443, nil]]
0x5dc1S0xff	[0x103, [0x2cb2, nil]]
0x5dc6S0xff	[0x103, [0x2cb7, nil]]
0x5dc8S0xff	[0x103, [0x2cb9, nil]]
0x5dc9S0xff	[0x103, [0x2cba, nil]]
0x5dcbS0xff	[0x103, [0x2cbc, nil]]
0x5dcdS0xff	[0x103, [0x2cbe, nil]]
0x5dd0S0xff	[0x103, [0x2cc1, nil]]
0x5dd2S0xff	[0x103, [0x2cc3, nil]]
0x44fS0xff	[0x103, [0x44f, nil]]
0x451S0xff	[0x103, [0x451, nil]]
0x452S0xff	[0x103, [0x452, nil]]
0x454S0xff	[0x103, [0x454, nil]]
0x455S0xff	[0x103, [0x455, nil]]
0x457S0xff	[0x103, [0x457, nil]]
0x459S0xff	[0x103, [0x459, nil]]
0x45bS0xff	[0x103, [0x45b, nil]]
0x45dS0xff	[0x103, [0x45d, nil]]
0x45eS0xff	[0x103, [0x45e, nil]]
0x45fS0xff	[0x103, [0x45f, nil]]
0x462S0xff	[0x103, [0x462, nil]]
0x464S0xff	[0x103, [0x464, nil]]
0x466S0xff	[0x103, [0x466, nil]]
0x468S0xff	[0x103, [0x468, nil]]
0x469S0xff	[0x103, [0x469, nil]]
0x46aS0xff	[0x103, [0x46a, nil]]
0x46fS0xff	[0x103, [0x46f, nil]]
0x485S0xff	[0x103, [0x485, nil]]
0x488S0xff	[0x103, [0x488, nil]]
0x48aS0xff	[0x103, [0x48a, nil]]
0x48bS0xff	[0x103, [0x48b, nil]]
0x5df4S0xff	[0x103, [0x2cb2, nil]]
0x5df9S0xff	[0x103, [0x2cb7, nil]]
0x5dfbS0xff	[0x103, [0x2cb9, nil]]
0x5dfcS0xff	[0x103, [0x2cba, nil]]
0x5dfeS0xff	[0x103, [0x2cbc, nil]]
0x5e00S0xff	[0x103, [0x2cbe, nil]]
0x5e03S0xff	[0x103, [0x2cc1, nil]]
0x5e05S0xff	[0x103, [0x2cc3, nil]]
0x497S0xff	[0x103, [0x497, nil]]
0x499S0xff	[0x103, [0x499, nil]]
0x49aS0xff	[0x103, [0x49a, nil]]
0x49cS0xff	[0x103, [0x49c, nil]]
0x49dS0xff	[0x103, [0x49d, nil]]
0x49fS0xff	[0x103, [0x49f, nil]]
0x4a1S0xff	[0x103, [0x4a1, nil]]
0x4a3S0xff	[0x103, [0x4a3, nil]]
0x4a5S0xff	[0x103, [0x4a5, nil]]
0x4a6S0xff	[0x103, [0x4a6, nil]]
0x4a7S0xff	[0x103, [0x4a7, nil]]
0x4aaS0xff	[0x103, [0x4aa, nil]]
0x4acS0xff	[0x103, [0x4ac, nil]]
0x4aeS0xff	[0x103, [0x4ae, nil]]
0x4b0S0xff	[0x103, [0x4b0, nil]]
0x4b1S0xff	[0x103, [0x4b1, nil]]
0x4b2S0xff	[0x103, [0x4b2, nil]]
0x4b7S0xff	[0x103, [0x4b7, nil]]
0x4cdS0xff	[0x103, [0x4cd, nil]]
0x4d0S0xff	[0x103, [0x4d0, nil]]
0x4d2S0xff	[0x103, [0x4d2, nil]]
0x4d3S0xff	[0x103, [0x4d3, nil]]
0x5e27S0xff	[0x103, [0x2cb2, nil]]
0x5e2cS0xff	[0x103, [0x2cb7, nil]]
0x5e2eS0xff	[0x103, [0x2cb9, nil]]
0x5e2fS0xff	[0x103, [0x2cba, nil]]
0x5e31S0xff	[0x103, [0x2cbc, nil]]
0x5e33S0xff	[0x103, [0x2cbe, nil]]
0x5e36S0xff	[0x103, [0x2cc1, nil]]
0x5e38S0xff	[0x103, [0x2cc3, nil]]
0x4dfS0xff	[0x103, [0x4df, nil]]
0x4e1S0xff	[0x103, [0x4e1, nil]]
0x4e2S0xff	[0x103, [0x4e2, nil]]
0x4e4S0xff	[0x103, [0x4e4, nil]]
0x4e5S0xff	[0x103, [0x4e5, nil]]
0x4e7S0xff	[0x103, [0x4e7, nil]]
0x4e9S0xff	[0x103, [0x4e9, nil]]
0x4ebS0xff	[0x103, [0x4eb, nil]]
0x4edS0xff	[0x103, [0x4ed, nil]]
0x4eeS0xff	[0x103, [0x4ee, nil]]
0x4efS0xff	[0x103, [0x4ef, nil]]
0x4f2S0xff	[0x103, [0x4f2, nil]]
0x4f4S0xff	[0x103, [0x4f4, nil]]
0x4f6S0xff	[0x103, [0x4f6, nil]]
0x4f8S0xff	[0x103, [0x4f8, nil]]
0x4f9S0xff	[0x103, [0x4f9, nil]]
0x4faS0xff	[0x103, [0x4fa, nil]]
0x4ffS0xff	[0x103, [0x4ff, nil]]
0x515S0xff	[0x103, [0x515, nil]]
0x518S0xff	[0x103, [0x518, nil]]
0x51aS0xff	[0x103, [0x51a, nil]]
0x51bS0xff	[0x103, [0x51b, nil]]
0x5e5aS0xff	[0x103, [0x2cb2, nil]]
0x5e5fS0xff	[0x103, [0x2cb7, nil]]
0x5e61S0xff	[0x103, [0x2cb9, nil]]
0x5e62S0xff	[0x103, [0x2cba, nil]]
0x5e64S0xff	[0x103, [0x2cbc, nil]]
0x5e66S0xff	[0x103, [0x2cbe, nil]]
0x5e69S0xff	[0x103, [0x2cc1, nil]]
0x5e6bS0xff	[0x103, [0x2cc3, nil]]
0x527S0xff	[0x103, [0x527, nil]]
0x529S0xff	[0x103, [0x529, nil]]
0x52aS0xff	[0x103, [0x52a, nil]]
0x52cS0xff	[0x103, [0x52c, nil]]
0x52dS0xff	[0x103, [0x52d, nil]]
0x52fS0xff	[0x103, [0x52f, nil]]
0x531S0xff	[0x103, [0x531, nil]]
0x533S0xff	[0x103, [0x533, nil]]
0x535S0xff	[0x103, [0x535, nil]]
0x536S0xff	[0x103, [0x536, nil]]
0x537S0xff	[0x103, [0x537, nil]]
0x53aS0xff	[0x103, [0x53a, nil]]
0x53cS0xff	[0x103, [0x53c, nil]]
0x53eS0xff	[0x103, [0x53e, nil]]
0x540S0xff	[0x103, [0x540, nil]]
0x541S0xff	[0x103, [0x541, nil]]
0x542S0xff	[0x103, [0x542, nil]]
0x547S0xff	[0x103, [0x547, nil]]
0x55dS0xff	[0x103, [0x55d, nil]]
0x560S0xff	[0x103, [0x560, nil]]
0x562S0xff	[0x103, [0x562, nil]]
0x563S0xff	[0x103, [0x563, nil]]
0x5e8dS0xff	[0x103, [0x2cb2, nil]]
0x5e92S0xff	[0x103, [0x2cb7, nil]]
0x5e94S0xff	[0x103, [0x2cb9, nil]]
0x5e95S0xff	[0x103, [0x2cba, nil]]
0x5e97S0xff	[0x103, [0x2cbc, nil]]
0x5e99S0xff	[0x103, [0x2cbe, nil]]
0x5e9cS0xff	[0x103, [0x2cc1, nil]]
0x5e9eS0xff	[0x103, [0x2cc3, nil]]
0x56fS0xff	[0x103, [0x56f, nil]]
0x571S0xff	[0x103, [0x571, nil]]
0x572S0xff	[0x103, [0x572, nil]]
0x574S0xff	[0x103, [0x574, nil]]
0x575S0xff	[0x103, [0x575, nil]]
0x577S0xff	[0x103, [0x577, nil]]
0x579S0xff	[0x103, [0x579, nil]]
0x57bS0xff	[0x103, [0x57b, nil]]
0x57dS0xff	[0x103, [0x57d, nil]]
0x57eS0xff	[0x103, [0x57e, nil]]
0x57fS0xff	[0x103, [0x57f, nil]]
0x582S0xff	[0x103, [0x582, nil]]
0x584S0xff	[0x103, [0x584, nil]]
0x586S0xff	[0x103, [0x586, nil]]
0x588S0xff	[0x103, [0x588, nil]]
0x589S0xff	[0x103, [0x589, nil]]
0x58aS0xff	[0x103, [0x58a, nil]]
0x58fS0xff	[0x103, [0x58f, nil]]
0x593S0xff	[0x103, [0x593, nil]]
0x594S0xff	[0x103, [0x594, nil]]
0x597S0xff	[0x103, [0x597, nil]]
0x5ec0S0xff	[0x103, [0x2cb2, nil]]
0x5ec5S0xff	[0x103, [0x2cb7, nil]]
0x5ec7S0xff	[0x103, [0x2cb9, nil]]
0x5ec8S0xff	[0x103, [0x2cba, nil]]
0x5ecaS0xff	[0x103, [0x2cbc, nil]]
0x5eccS0xff	[0x103, [0x2cbe, nil]]
0x5ecfS0xff	[0x103, [0x2cc1, nil]]
0x5ed1S0xff	[0x103, [0x2cc3, nil]]
0x599S0xff	[0x103, [0x599, nil]]
0x5beS0xff	[0x103, [0x5be, nil]]
0x5c0S0xff	[0x103, [0x5c0, nil]]
0x5c2S0xff	[0x103, [0x5c2, nil]]
0x5c4S0xff	[0x103, [0x5c4, nil]]
0x5c5S0xff	[0x103, [0x5c5, nil]]
0x5c7S0xff	[0x103, [0x5c7, nil]]
0x5c8S0xff	[0x103, [0x5c8, nil]]
0xe33eS0xff	[0x103, [0x5b5, nil]]
0xe340S0xff	[0x103, [0x5b7, nil]]
0xe343S0xff	[0x103, [0x5ba, nil]]
0x5e4S0xff	[0x103, [0x5e4, nil]]
0x5e6S0xff	[0x103, [0x5e6, nil]]
0x5e7S0xff	[0x103, [0x5e7, nil]]
0x5ecS0xff	[0x103, [0x5ec, nil]]
0x5eeS0xff	[0x103, [0x5ee, nil]]
0x5f1S0xff	[0x103, [0x5f1, nil]]
0x5f2S0xff	[0x103, [0x5f2, nil]]
0x5f5S0xff	[0x103, [0x5f5, nil]]
0x5f7S0xff	[0x103, [0x5f7, nil]]
0x5f9S0xff	[0x103, [0x5f9, nil]]
0x5fbS0xff	[0x103, [0x5fb, nil]]
0x5fdS0xff	[0x103, [0x5fd, nil]]
0x5ffS0xff	[0x103, [0x5ff, nil]]
0x600S0xff	[0x103, [0x600, nil]]
0x602S0xff	[0x103, [0x602, nil]]
0x604S0xff	[0x103, [0x604, nil]]
0x60aS0xff	[0x103, [0x60a, nil]]
0x60cS0xff	[0x103, [0x60c, nil]]
0x60dS0xff	[0x103, [0x60d, nil]]
0x60fS0xff	[0x103, [0x60f, nil]]
0x611S0xff	[0x103, [0x611, nil]]
0x614S0xff	[0x103, [0x614, nil]]
0x617S0xff	[0x103, [0x617, nil]]
0x618S0xff	[0x103, [0x618, nil]]
0x619S0xff	[0x103, [0x619, nil]]
0x61bS0xff	[0x103, [0x61b, nil]]
0x61cS0xff	[0x103, [0x61c, nil]]
0xe366S0xff	[0x103, [0x5b5, nil]]
0xe368S0xff	[0x103, [0x5b7, nil]]
0xe36bS0xff	[0x103, [0x5ba, nil]]
0x62cS0xff	[0x103, [0x62c, nil]]
0x62eS0xff	[0x103, [0x62e, nil]]
0x62fS0xff	[0x103, [0x62f, nil]]
0x630S0xff	[0x103, [0x630, nil]]
0x632S0xff	[0x103, [0x632, nil]]
0x633S0xff	[0x103, [0x633, nil]]
0x636S0xff	[0x103, [0x636, nil]]
0x637S0xff	[0x103, [0x637, nil]]
0x639S0xff	[0x103, [0x639, nil]]
0x63bS0xff	[0x103, [0x63b, nil]]
0x640S0xff	[0x103, [0x640, nil]]
0x642S0xff	[0x103, [0x642, nil]]
0x647S0xff	[0x103, [0x647, nil]]
0x64eS0xff	[0x103, [0x64e, nil]]
0x650S0xff	[0x103, [0x650, nil]]
0x651S0xff	[0x103, [0x651, nil]]
0x66dS0xff	[0x103, [0x66d, nil]]
0x66fS0xff	[0x103, [0x66f, nil]]
0x670S0xff	[0x103, [0x670, nil]]
0xe38eS0xff	[0x103, [0x5b5, nil]]
0xe390S0xff	[0x103, [0x5b7, nil]]
0xe393S0xff	[0x103, [0x5ba, nil]]
0x675S0xff	[0x103, [0x675, nil]]
0x6f30x20bS0xff	[0x103, [0x6f3, nil]]
0x6c40x20bS0xff	[0x103, [0x6c4, nil]]
0x6c30x20bS0xff	[0x103, [0x6c3, nil]]
0x6c10x20bS0xff	[0x103, [0x6c1, nil]]
0x6bf0x20bS0xff	[0x103, [0x6bf, nil]]
0x6ba0x20bS0xff	[0x103, [0x6ba, nil]]
0x6b90x20bS0xff	[0x103, [0x6b9, nil]]
0x6b50x20bS0xff	[0x103, [0x6b5, nil]]
0x6b20x20bS0xff	[0x103, [0x6b2, nil]]
0x6b00x20bS0xff	[0x103, [0x6b0, nil]]
0x6af0x20bS0xff	[0x103, [0x6af, nil]]
0x68b0x20bS0xff	[0x103, [0x68b, nil]]
0x68a0x20bS0xff	[0x103, [0x68a, nil]]
0x6890x20bS0xff	[0x103, [0x689, nil]]
0x67e0x20bS0xff	[0x103, [0x67e, nil]]
0x6840x20bS0xff	[0x103, [0x684, nil]]
0xe3e20x20bS0xff	[0x103, [0x5ba, nil]]
0xe3df0x20bS0xff	[0x103, [0x5b7, nil]]
0xe3dd0x20bS0xff	[0x103, [0x5b5, nil]]
0x6e90x20bS0xff	[0x103, [0x6e9, nil]]
0x2cc6S0x59dS0xff	[0x103, [0x5b3, [0x2cc6, nil]]]
0x2ccbS0x59dS0xff	[0x103, [0x5b3, [0x2ccb, nil]]]
0x2ccfS0x59dS0xff	[0x103, [0x5b3, [0x2ccf, nil]]]
0x2cd1S0x59dS0xff	[0x103, [0x5b3, [0x2cd1, nil]]]
0x2cd4S0x59dS0xff	[0x103, [0x5b3, [0x2cd4, nil]]]
0x2cd6S0x59dS0xff	[0x103, [0x5b3, [0x2cd6, nil]]]
0x2cd7S0x59dS0xff	[0x103, [0x5b3, [0x2cd7, nil]]]
0x2cdaS0x59dS0xff	[0x103, [0x5b3, [0x2cda, nil]]]
0x2cdcS0x59dS0xff	[0x103, [0x5b3, [0x2cdc, nil]]]
0x2cdeS0x59dS0xff	[0x103, [0x5b3, [0x2cde, nil]]]
0x2ce2S0x5ccS0xff	[0x103, [0x5e2, [0x2ce2, nil]]]
0x2ce7S0x5ccS0xff	[0x103, [0x5e2, [0x2ce7, nil]]]
0x2cebS0x5ccS0xff	[0x103, [0x5e2, [0x2ceb, nil]]]
0x2cedS0x5ccS0xff	[0x103, [0x5e2, [0x2ced, nil]]]
0x2cf3S0x5ccS0xff	[0x103, [0x5e2, [0x2cf3, nil]]]
0x2cf5S0x5ccS0xff	[0x103, [0x5e2, [0x2cf5, nil]]]
0x2cf6S0x5ccS0xff	[0x103, [0x5e2, [0x2cf6, nil]]]
0x2cf9S0x5ccS0xff	[0x103, [0x5e2, [0x2cf9, nil]]]
0x2cfbS0x5ccS0xff	[0x103, [0x5e2, [0x2cfb, nil]]]
0x2cfdS0x5ccS0xff	[0x103, [0x5e2, [0x2cfd, nil]]]
0x2d18S0x655S0xff	[0x103, [0x66b, [0x2d18, nil]]]
0x2d1dS0x655S0xff	[0x103, [0x66b, [0x2d1d, nil]]]
0x2d21S0x655S0xff	[0x103, [0x66b, [0x2d21, nil]]]
0x2d23S0x655S0xff	[0x103, [0x66b, [0x2d23, nil]]]
0x2d2cS0x655S0xff	[0x103, [0x66b, [0x2d2c, nil]]]
0x2d2eS0x655S0xff	[0x103, [0x66b, [0x2d2e, nil]]]
0x2d2fS0x655S0xff	[0x103, [0x66b, [0x2d2f, nil]]]
0x2d32S0x655S0xff	[0x103, [0x66b, [0x2d32, nil]]]
0x2d34S0x655S0xff	[0x103, [0x66b, [0x2d34, nil]]]
0x2d36S0x655S0xff	[0x103, [0x66b, [0x2d36, nil]]]
0x2d66S0x6f70x20bS0xff	[0x103, [0x70d, [0x2d66, nil]]]
0x2d6bS0x6f70x20bS0xff	[0x103, [0x70d, [0x2d6b, nil]]]
0x2d6fS0x6f70x20bS0xff	[0x103, [0x70d, [0x2d6f, nil]]]
0x2d71S0x6f70x20bS0xff	[0x103, [0x70d, [0x2d71, nil]]]
0x2d79S0x6f70x20bS0xff	[0x103, [0x70d, [0x2d79, nil]]]
0x2d7bS0x6f70x20bS0xff	[0x103, [0x70d, [0x2d7b, nil]]]
0x2d7cS0x6f70x20bS0xff	[0x103, [0x70d, [0x2d7c, nil]]]
0x2d7fS0x6f70x20bS0xff	[0x103, [0x70d, [0x2d7f, nil]]]
0x2d81S0x6f70x20bS0xff	[0x103, [0x70d, [0x2d81, nil]]]
0x2d83S0x6f70x20bS0xff	[0x103, [0x70d, [0x2d83, nil]]]
0x2d47S0x68f0x20bS0xff	[0x103, [0x6ad, [0x2d47, nil]]]
0x2d4bS0x68f0x20bS0xff	[0x103, [0x6ad, [0x2d4b, nil]]]
0x2d4dS0x68f0x20bS0xff	[0x103, [0x6ad, [0x2d4d, nil]]]
0x2d4eS0x68f0x20bS0xff	[0x103, [0x6ad, [0x2d4e, nil]]]
0x2d51S0x68f0x20bS0xff	[0x103, [0x6ad, [0x2d51, nil]]]
0x2d53S0x68f0x20bS0xff	[0x103, [0x6ad, [0x2d53, nil]]]
0x2d54S0x68f0x20bS0xff	[0x103, [0x6ad, [0x2d54, nil]]]
0x2d3aS0x68f0x20bS0xff	[0x103, [0x6ad, [0x2d3a, nil]]]
0x2d3cS0x68f0x20bS0xff	[0x103, [0x6ad, [0x2d3c, nil]]]
0x2d3dS0x68f0x20bS0xff	[0x103, [0x6ad, [0x2d3d, nil]]]
0x2d5aS0x68f0x20bS0xff	[0x103, [0x6ad, [0x2d5a, nil]]]
0x2d5cS0x68f0x20bS0xff	[0x103, [0x6ad, [0x2d5c, nil]]]
0x2d41S0x68f0x20bS0xff	[0x103, [0x6ad, [0x2d41, nil]]]
0x2d42S0x68f0x20bS0xff	[0x103, [0x6ad, [0x2d42, nil]]]
0x2d43S0x68f0x20bS0xff	[0x103, [0x6ad, [0x2d43, nil]]]
0x2d0dS0x627S0xff	[0x103, [0x64a, [0x2d0d, nil]]]
0x2d01S0x627S0xff	[0x103, [0x64a, [0x2d01, nil]]]
0x2d02S0x627S0xff	[0x103, [0x64a, [0x2d02, nil]]]
0x2d06S0x627S0xff	[0x103, [0x64a, [0x2d06, nil]]]
0x2d07S0x627S0xff	[0x103, [0x64a, [0x2d07, nil]]]
0x2d08S0x627S0xff	[0x103, [0x64a, [0x2d08, nil]]]
0x2d09S0x627S0xff	[0x103, [0x64a, [0x2d09, nil]]]
0x2d12S0x627S0xff	[0x103, [0x64a, [0x2d12, nil]]]
0x2b4cS0x135	[0x143, [0x2b4c, nil]]
0x2b62S0x135	[0x143, [0x2b62, nil]]
0x2b72S0x135	[0x143, [0x2b72, nil]]
0x2ba0S0x135	[0x143, [0x2ba0, nil]]
0x2b3fS0x135	[0x143, [0x2b3f, nil]]
0x2b41S0x135	[0x143, [0x2b41, nil]]
0x2b45S0x135	[0x143, [0x2b45, nil]]
0x2b46S0x135	[0x143, [0x2b46, nil]]
0x2b47S0x135	[0x143, [0x2b47, nil]]
0x2b48S0x135	[0x143, [0x2b48, nil]]
0x2b51S0x135	[0x143, [0x2b51, nil]]
0x2b52S0x135	[0x143, [0x2b52, nil]]
0x2b5cS0x135	[0x143, [0x2b5c, nil]]
0x2b5dS0x135	[0x143, [0x2b5d, nil]]
0x2b5eS0x135	[0x143, [0x2b5e, nil]]
0x2b67S0x135	[0x143, [0x2b67, nil]]
0x2b68S0x135	[0x143, [0x2b68, nil]]
0x2b6bS0x135	[0x143, [0x2b6b, nil]]
0x2b6dS0x135	[0x143, [0x2b6d, nil]]
0x2b6eS0x135	[0x143, [0x2b6e, nil]]
0x2b77S0x135	[0x143, [0x2b77, nil]]
0x2b78S0x135	[0x143, [0x2b78, nil]]
0x2b7aS0x135	[0x143, [0x2b7a, nil]]
0x2b7dS0x135	[0x143, [0x2b7d, nil]]
0x2b81S0x135	[0x143, [0x2b81, nil]]
0x2b89S0x135	[0x143, [0x2b89, nil]]
0x2b8eS0x135	[0x143, [0x2b8e, nil]]
0x2b90S0x135	[0x143, [0x2b90, nil]]
0x2b92S0x135	[0x143, [0x2b92, nil]]
0x2b96S0x135	[0x143, [0x2b96, nil]]
0x2b9aS0x135	[0x143, [0x2b9a, nil]]
0x2b9bS0x135	[0x143, [0x2b9b, nil]]
0x2b9cS0x135	[0x143, [0x2b9c, nil]]
0xe7feS0x135	[0x143, [0x2a05, nil]]
0x2ba6S0x135	[0x143, [0x2ba6, nil]]
0x2bcdS0x135	[0x143, [0x2bcd, nil]]
0x2bd4S0x135	[0x143, [0x2bd4, nil]]
0x2bd5S0x135	[0x143, [0x2bd5, nil]]
0x2bc0S0x135	[0x143, [0x2bc0, nil]]
0x2bc4S0x135	[0x143, [0x2bc4, nil]]
0x2bc6S0x135	[0x143, [0x2bc6, nil]]
0x2babS0x135	[0x143, [0x2bab, nil]]
0x2bacS0x135	[0x143, [0x2bac, nil]]
0x2badS0x135	[0x143, [0x2bad, nil]]
0x2bb2S0x135	[0x143, [0x2bb2, nil]]
0x2bb3S0x135	[0x143, [0x2bb3, nil]]
0x2bb7S0x135	[0x143, [0x2bb7, nil]]
0x2947S0xe7fdS0x135	[0x143, [0x2a08, [0x2947, nil]]]
0x294aS0xe7fdS0x135	[0x143, [0x2a08, [0x294a, nil]]]
0x294fS0xe7fdS0x135	[0x143, [0x2a08, [0x294f, nil]]]
0x707bS0xe7fdS0x135	[0x143, [0x2a08, [0x28e9, nil]]]
0x7080S0xe7fdS0x135	[0x143, [0x2a08, [0x28ee, nil]]]
0x7082S0xe7fdS0x135	[0x143, [0x2a08, [0x28f0, nil]]]
0x7083S0xe7fdS0x135	[0x143, [0x2a08, [0x28f1, nil]]]
0x7085S0xe7fdS0x135	[0x143, [0x2a08, [0x28f3, nil]]]
0x7087S0xe7fdS0x135	[0x143, [0x2a08, [0x28f5, nil]]]
0x708aS0xe7fdS0x135	[0x143, [0x2a08, [0x28f8, nil]]]
0x708cS0xe7fdS0x135	[0x143, [0x2a08, [0x28fa, nil]]]
0x2926S0xe7fdS0x135	[0x143, [0x2a08, [0x2926, nil]]]
0x2928S0xe7fdS0x135	[0x143, [0x2a08, [0x2928, nil]]]
0x2929S0xe7fdS0x135	[0x143, [0x2a08, [0x2929, nil]]]
0x292cS0xe7fdS0x135	[0x143, [0x2a08, [0x292c, nil]]]
0x292dS0xe7fdS0x135	[0x143, [0x2a08, [0x292d, nil]]]
0x292fS0xe7fdS0x135	[0x143, [0x2a08, [0x292f, nil]]]
0x2930S0xe7fdS0x135	[0x143, [0x2a08, [0x2930, nil]]]
0x2932S0xe7fdS0x135	[0x143, [0x2a08, [0x2932, nil]]]
0x2933S0xe7fdS0x135	[0x143, [0x2a08, [0x2933, nil]]]
0x293dS0xe7fdS0x135	[0x143, [0x2a08, [0x293d, nil]]]
0x2940S0xe7fdS0x135	[0x143, [0x2a08, [0x2940, nil]]]
0x2941S0xe7fdS0x135	[0x143, [0x2a08, [0x2941, nil]]]
0x2942S0xe7fdS0x135	[0x143, [0x2a08, [0x2942, nil]]]
0x2943S0xe7fdS0x135	[0x143, [0x2a08, [0x2943, nil]]]
0x2894S0x2bb1S0x135	[0x143, [0x2bba, [0x2894, nil]]]
0x2884S0x2bb1S0x135	[0x143, [0x2bba, [0x2884, nil]]]
0x2886S0x2bb1S0x135	[0x143, [0x2bba, [0x2886, nil]]]
0x2888S0x2bb1S0x135	[0x143, [0x2bba, [0x2888, nil]]]
0x288aS0x2bb1S0x135	[0x143, [0x2bba, [0x288a, nil]]]
0x288bS0x2bb1S0x135	[0x143, [0x2bba, [0x288b, nil]]]
0x288dS0x2bb1S0x135	[0x143, [0x2bba, [0x288d, nil]]]
0x288fS0x2bb1S0x135	[0x143, [0x2bba, [0x288f, nil]]]
0x2890S0x2bb1S0x135	[0x143, [0x2bba, [0x2890, nil]]]
0x2968S0x2b75S0x135	[0x143, [0x2b84, [0x2968, nil]]]
0x296bS0x2b75S0x135	[0x143, [0x2b84, [0x296b, nil]]]
0x2971S0x2b75S0x135	[0x143, [0x2b84, [0x2971, nil]]]
0x2973S0x2b75S0x135	[0x143, [0x2b84, [0x2973, nil]]]
0x2974S0x2b75S0x135	[0x143, [0x2b84, [0x2974, nil]]]
0x2976S0x2b75S0x135	[0x143, [0x2b84, [0x2976, nil]]]
0x70aeS0x2b75S0x135	[0x143, [0x2b84, [0x28e9, nil]]]
0x70b3S0x2b75S0x135	[0x143, [0x2b84, [0x28ee, nil]]]
0x70b5S0x2b75S0x135	[0x143, [0x2b84, [0x28f0, nil]]]
0x70b6S0x2b75S0x135	[0x143, [0x2b84, [0x28f1, nil]]]
0x70b8S0x2b75S0x135	[0x143, [0x2b84, [0x28f3, nil]]]
0x70baS0x2b75S0x135	[0x143, [0x2b84, [0x28f5, nil]]]
0x70bdS0x2b75S0x135	[0x143, [0x2b84, [0x28f8, nil]]]
0x70bfS0x2b75S0x135	[0x143, [0x2b84, [0x28fa, nil]]]
0x2957S0x2b75S0x135	[0x143, [0x2b84, [0x2957, nil]]]
0x2958S0x2b75S0x135	[0x143, [0x2b84, [0x2958, nil]]]
0x2962S0x2b75S0x135	[0x143, [0x2b84, [0x2962, nil]]]
0x2963S0x2b75S0x135	[0x143, [0x2b84, [0x2963, nil]]]
0x2964S0x2b75S0x135	[0x143, [0x2b84, [0x2964, nil]]]
0x289cS0x2bcaS0x135	[0x143, [0x2bd8, [0x289c, nil]]]
0x289dS0x2bcaS0x135	[0x143, [0x2bd8, [0x289d, nil]]]
0x28a1S0x2bcaS0x135	[0x143, [0x2bd8, [0x28a1, nil]]]
0x2894S0x289aS0x2bcaS0x135	[0x143, [0x2bd8, [0x28a4, [0x2894, nil]]]]
0x2884S0x289aS0x2bcaS0x135	[0x143, [0x2bd8, [0x28a4, [0x2884, nil]]]]
0x2886S0x289aS0x2bcaS0x135	[0x143, [0x2bd8, [0x28a4, [0x2886, nil]]]]
0x2888S0x289aS0x2bcaS0x135	[0x143, [0x2bd8, [0x28a4, [0x2888, nil]]]]
0x288aS0x289aS0x2bcaS0x135	[0x143, [0x2bd8, [0x28a4, [0x288a, nil]]]]
0x288bS0x289aS0x2bcaS0x135	[0x143, [0x2bd8, [0x28a4, [0x288b, nil]]]]
0x288dS0x289aS0x2bcaS0x135	[0x143, [0x2bd8, [0x28a4, [0x288d, nil]]]]
0x288fS0x289aS0x2bcaS0x135	[0x143, [0x2bd8, [0x28a4, [0x288f, nil]]]]
0x2890S0x289aS0x2bcaS0x135	[0x143, [0x2bd8, [0x28a4, [0x2890, nil]]]]
0x16cdS0x17f	[0x183, [0x16cd, nil]]
0x16d0S0x17f	[0x183, [0x16d0, nil]]
0x1715S0x17f	[0x183, [0x1715, nil]]
0x1718S0x17f	[0x183, [0x1718, nil]]
0x175dS0x17f	[0x183, [0x175d, nil]]
0x1760S0x17f	[0x183, [0x1760, nil]]
0x17a5S0x17f	[0x183, [0x17a5, nil]]
0x17a8S0x17f	[0x183, [0x17a8, nil]]
0x17edS0x17f	[0x183, [0x17ed, nil]]
0x17f0S0x17f	[0x183, [0x17f0, nil]]
0x1835S0x17f	[0x183, [0x1835, nil]]
0x1838S0x17f	[0x183, [0x1838, nil]]
0x187dS0x17f	[0x183, [0x187d, nil]]
0x1880S0x17f	[0x183, [0x1880, nil]]
0x18c5S0x17f	[0x183, [0x18c5, nil]]
0x18c8S0x17f	[0x183, [0x18c8, nil]]
0x190dS0x17f	[0x183, [0x190d, nil]]
0x1910S0x17f	[0x183, [0x1910, nil]]
0x1955S0x17f	[0x183, [0x1955, nil]]
0x1958S0x17f	[0x183, [0x1958, nil]]
0x199dS0x17f	[0x183, [0x199d, nil]]
0x19a0S0x17f	[0x183, [0x19a0, nil]]
0x19e5S0x17f	[0x183, [0x19e5, nil]]
0x19e8S0x17f	[0x183, [0x19e8, nil]]
0x1a1bS0x17f	[0x183, [0x1a1b, nil]]
0x1a1dS0x17f	[0x183, [0x1a1d, nil]]
0x1a1eS0x17f	[0x183, [0x1a1e, nil]]
0x1a22S0x17f	[0x183, [0x1a22, nil]]
0x1a24S0x17f	[0x183, [0x1a24, nil]]
0x1a27S0x17f	[0x183, [0x1a27, nil]]
0x1a29S0x17f	[0x183, [0x1a29, nil]]
0x1a2aS0x17f	[0x183, [0x1a2a, nil]]
0x1a2eS0x17f	[0x183, [0x1a2e, nil]]
0x1a41S0x17f	[0x183, [0x1a41, nil]]
0x1a43S0x17f	[0x183, [0x1a43, nil]]
0x1a44S0x17f	[0x183, [0x1a44, nil]]
0x1a48S0x17f	[0x183, [0x1a48, nil]]
0x1a4aS0x17f	[0x183, [0x1a4a, nil]]
0x1a4dS0x17f	[0x183, [0x1a4d, nil]]
0x1a4fS0x17f	[0x183, [0x1a4f, nil]]
0x1a50S0x17f	[0x183, [0x1a50, nil]]
0x1a54S0x17f	[0x183, [0x1a54, nil]]
0x1a83S0x17f	[0x183, [0x1a83, nil]]
0x1a84S0x17f	[0x183, [0x1a84, nil]]
0x1a87S0x17f	[0x183, [0x1a87, nil]]
0x1a88S0x17f	[0x183, [0x1a88, nil]]
0x168aS0x17f	[0x183, [0x168a, nil]]
0x168dS0x17f	[0x183, [0x168d, nil]]
0x168eS0x17f	[0x183, [0x168e, nil]]
0x1693S0x17f	[0x183, [0x1693, nil]]
0x1697S0x17f	[0x183, [0x1697, nil]]
0x169bS0x17f	[0x183, [0x169b, nil]]
0x169dS0x17f	[0x183, [0x169d, nil]]
0x16a0S0x17f	[0x183, [0x16a0, nil]]
0x16a1S0x17f	[0x183, [0x16a1, nil]]
0x16a5S0x17f	[0x183, [0x16a5, nil]]
0x16a8S0x17f	[0x183, [0x16a8, nil]]
0x16aeS0x17f	[0x183, [0x16ae, nil]]
0x16c4S0x17f	[0x183, [0x16c4, nil]]
0x16c6S0x17f	[0x183, [0x16c6, nil]]
0x16c8S0x17f	[0x183, [0x16c8, nil]]
0x16c9S0x17f	[0x183, [0x16c9, nil]]
0x16d5S0x17f	[0x183, [0x16d5, nil]]
0x16d7S0x17f	[0x183, [0x16d7, nil]]
0x16d8S0x17f	[0x183, [0x16d8, nil]]
0x16daS0x17f	[0x183, [0x16da, nil]]
0x16dbS0x17f	[0x183, [0x16db, nil]]
0x16ddS0x17f	[0x183, [0x16dd, nil]]
0x16dfS0x17f	[0x183, [0x16df, nil]]
0x16e1S0x17f	[0x183, [0x16e1, nil]]
0x16e3S0x17f	[0x183, [0x16e3, nil]]
0x16e4S0x17f	[0x183, [0x16e4, nil]]
0x16e5S0x17f	[0x183, [0x16e5, nil]]
0x16e8S0x17f	[0x183, [0x16e8, nil]]
0x16eaS0x17f	[0x183, [0x16ea, nil]]
0x16ecS0x17f	[0x183, [0x16ec, nil]]
0x16eeS0x17f	[0x183, [0x16ee, nil]]
0x16efS0x17f	[0x183, [0x16ef, nil]]
0x16f0S0x17f	[0x183, [0x16f0, nil]]
0x16f5S0x17f	[0x183, [0x16f5, nil]]
0x170bS0x17f	[0x183, [0x170b, nil]]
0x170eS0x17f	[0x183, [0x170e, nil]]
0x1710S0x17f	[0x183, [0x1710, nil]]
0x1711S0x17f	[0x183, [0x1711, nil]]
0x66b8S0x17f	[0x183, [0x2cb2, nil]]
0x66bdS0x17f	[0x183, [0x2cb7, nil]]
0x66bfS0x17f	[0x183, [0x2cb9, nil]]
0x66c0S0x17f	[0x183, [0x2cba, nil]]
0x66c2S0x17f	[0x183, [0x2cbc, nil]]
0x66c4S0x17f	[0x183, [0x2cbe, nil]]
0x66c7S0x17f	[0x183, [0x2cc1, nil]]
0x66c9S0x17f	[0x183, [0x2cc3, nil]]
0x171dS0x17f	[0x183, [0x171d, nil]]
0x171fS0x17f	[0x183, [0x171f, nil]]
0x1720S0x17f	[0x183, [0x1720, nil]]
0x1722S0x17f	[0x183, [0x1722, nil]]
0x1723S0x17f	[0x183, [0x1723, nil]]
0x1725S0x17f	[0x183, [0x1725, nil]]
0x1727S0x17f	[0x183, [0x1727, nil]]
0x1729S0x17f	[0x183, [0x1729, nil]]
0x172bS0x17f	[0x183, [0x172b, nil]]
0x172cS0x17f	[0x183, [0x172c, nil]]
0x172dS0x17f	[0x183, [0x172d, nil]]
0x1730S0x17f	[0x183, [0x1730, nil]]
0x1732S0x17f	[0x183, [0x1732, nil]]
0x1734S0x17f	[0x183, [0x1734, nil]]
0x1736S0x17f	[0x183, [0x1736, nil]]
0x1737S0x17f	[0x183, [0x1737, nil]]
0x1738S0x17f	[0x183, [0x1738, nil]]
0x173dS0x17f	[0x183, [0x173d, nil]]
0x1753S0x17f	[0x183, [0x1753, nil]]
0x1756S0x17f	[0x183, [0x1756, nil]]
0x1758S0x17f	[0x183, [0x1758, nil]]
0x1759S0x17f	[0x183, [0x1759, nil]]
0x66ebS0x17f	[0x183, [0x2cb2, nil]]
0x66f0S0x17f	[0x183, [0x2cb7, nil]]
0x66f2S0x17f	[0x183, [0x2cb9, nil]]
0x66f3S0x17f	[0x183, [0x2cba, nil]]
0x66f5S0x17f	[0x183, [0x2cbc, nil]]
0x66f7S0x17f	[0x183, [0x2cbe, nil]]
0x66faS0x17f	[0x183, [0x2cc1, nil]]
0x66fcS0x17f	[0x183, [0x2cc3, nil]]
0x1765S0x17f	[0x183, [0x1765, nil]]
0x1767S0x17f	[0x183, [0x1767, nil]]
0x1768S0x17f	[0x183, [0x1768, nil]]
0x176aS0x17f	[0x183, [0x176a, nil]]
0x176bS0x17f	[0x183, [0x176b, nil]]
0x176dS0x17f	[0x183, [0x176d, nil]]
0x176fS0x17f	[0x183, [0x176f, nil]]
0x1771S0x17f	[0x183, [0x1771, nil]]
0x1773S0x17f	[0x183, [0x1773, nil]]
0x1774S0x17f	[0x183, [0x1774, nil]]
0x1775S0x17f	[0x183, [0x1775, nil]]
0x1778S0x17f	[0x183, [0x1778, nil]]
0x177aS0x17f	[0x183, [0x177a, nil]]
0x177cS0x17f	[0x183, [0x177c, nil]]
0x177eS0x17f	[0x183, [0x177e, nil]]
0x177fS0x17f	[0x183, [0x177f, nil]]
0x1780S0x17f	[0x183, [0x1780, nil]]
0x1785S0x17f	[0x183, [0x1785, nil]]
0x179bS0x17f	[0x183, [0x179b, nil]]
0x179eS0x17f	[0x183, [0x179e, nil]]
0x17a0S0x17f	[0x183, [0x17a0, nil]]
0x17a1S0x17f	[0x183, [0x17a1, nil]]
0x671eS0x17f	[0x183, [0x2cb2, nil]]
0x6723S0x17f	[0x183, [0x2cb7, nil]]
0x6725S0x17f	[0x183, [0x2cb9, nil]]
0x6726S0x17f	[0x183, [0x2cba, nil]]
0x6728S0x17f	[0x183, [0x2cbc, nil]]
0x672aS0x17f	[0x183, [0x2cbe, nil]]
0x672dS0x17f	[0x183, [0x2cc1, nil]]
0x672fS0x17f	[0x183, [0x2cc3, nil]]
0x17adS0x17f	[0x183, [0x17ad, nil]]
0x17afS0x17f	[0x183, [0x17af, nil]]
0x17b0S0x17f	[0x183, [0x17b0, nil]]
0x17b2S0x17f	[0x183, [0x17b2, nil]]
0x17b3S0x17f	[0x183, [0x17b3, nil]]
0x17b5S0x17f	[0x183, [0x17b5, nil]]
0x17b7S0x17f	[0x183, [0x17b7, nil]]
0x17b9S0x17f	[0x183, [0x17b9, nil]]
0x17bbS0x17f	[0x183, [0x17bb, nil]]
0x17bcS0x17f	[0x183, [0x17bc, nil]]
0x17bdS0x17f	[0x183, [0x17bd, nil]]
0x17c0S0x17f	[0x183, [0x17c0, nil]]
0x17c2S0x17f	[0x183, [0x17c2, nil]]
0x17c4S0x17f	[0x183, [0x17c4, nil]]
0x17c6S0x17f	[0x183, [0x17c6, nil]]
0x17c7S0x17f	[0x183, [0x17c7, nil]]
0x17c8S0x17f	[0x183, [0x17c8, nil]]
0x17cdS0x17f	[0x183, [0x17cd, nil]]
0x17e3S0x17f	[0x183, [0x17e3, nil]]
0x17e6S0x17f	[0x183, [0x17e6, nil]]
0x17e8S0x17f	[0x183, [0x17e8, nil]]
0x17e9S0x17f	[0x183, [0x17e9, nil]]
0x6751S0x17f	[0x183, [0x2cb2, nil]]
0x6756S0x17f	[0x183, [0x2cb7, nil]]
0x6758S0x17f	[0x183, [0x2cb9, nil]]
0x6759S0x17f	[0x183, [0x2cba, nil]]
0x675bS0x17f	[0x183, [0x2cbc, nil]]
0x675dS0x17f	[0x183, [0x2cbe, nil]]
0x6760S0x17f	[0x183, [0x2cc1, nil]]
0x6762S0x17f	[0x183, [0x2cc3, nil]]
0x17f5S0x17f	[0x183, [0x17f5, nil]]
0x17f7S0x17f	[0x183, [0x17f7, nil]]
0x17f8S0x17f	[0x183, [0x17f8, nil]]
0x17faS0x17f	[0x183, [0x17fa, nil]]
0x17fbS0x17f	[0x183, [0x17fb, nil]]
0x17fdS0x17f	[0x183, [0x17fd, nil]]
0x17ffS0x17f	[0x183, [0x17ff, nil]]
0x1801S0x17f	[0x183, [0x1801, nil]]
0x1803S0x17f	[0x183, [0x1803, nil]]
0x1804S0x17f	[0x183, [0x1804, nil]]
0x1805S0x17f	[0x183, [0x1805, nil]]
0x1808S0x17f	[0x183, [0x1808, nil]]
0x180aS0x17f	[0x183, [0x180a, nil]]
0x180cS0x17f	[0x183, [0x180c, nil]]
0x180eS0x17f	[0x183, [0x180e, nil]]
0x180fS0x17f	[0x183, [0x180f, nil]]
0x1810S0x17f	[0x183, [0x1810, nil]]
0x1815S0x17f	[0x183, [0x1815, nil]]
0x182bS0x17f	[0x183, [0x182b, nil]]
0x182eS0x17f	[0x183, [0x182e, nil]]
0x1830S0x17f	[0x183, [0x1830, nil]]
0x1831S0x17f	[0x183, [0x1831, nil]]
0x6784S0x17f	[0x183, [0x2cb2, nil]]
0x6789S0x17f	[0x183, [0x2cb7, nil]]
0x678bS0x17f	[0x183, [0x2cb9, nil]]
0x678cS0x17f	[0x183, [0x2cba, nil]]
0x678eS0x17f	[0x183, [0x2cbc, nil]]
0x6790S0x17f	[0x183, [0x2cbe, nil]]
0x6793S0x17f	[0x183, [0x2cc1, nil]]
0x6795S0x17f	[0x183, [0x2cc3, nil]]
0x183dS0x17f	[0x183, [0x183d, nil]]
0x183fS0x17f	[0x183, [0x183f, nil]]
0x1840S0x17f	[0x183, [0x1840, nil]]
0x1842S0x17f	[0x183, [0x1842, nil]]
0x1843S0x17f	[0x183, [0x1843, nil]]
0x1845S0x17f	[0x183, [0x1845, nil]]
0x1847S0x17f	[0x183, [0x1847, nil]]
0x1849S0x17f	[0x183, [0x1849, nil]]
0x184bS0x17f	[0x183, [0x184b, nil]]
0x184cS0x17f	[0x183, [0x184c, nil]]
0x184dS0x17f	[0x183, [0x184d, nil]]
0x1850S0x17f	[0x183, [0x1850, nil]]
0x1852S0x17f	[0x183, [0x1852, nil]]
0x1854S0x17f	[0x183, [0x1854, nil]]
0x1856S0x17f	[0x183, [0x1856, nil]]
0x1857S0x17f	[0x183, [0x1857, nil]]
0x1858S0x17f	[0x183, [0x1858, nil]]
0x185dS0x17f	[0x183, [0x185d, nil]]
0x1873S0x17f	[0x183, [0x1873, nil]]
0x1876S0x17f	[0x183, [0x1876, nil]]
0x1878S0x17f	[0x183, [0x1878, nil]]
0x1879S0x17f	[0x183, [0x1879, nil]]
0x67b7S0x17f	[0x183, [0x2cb2, nil]]
0x67bcS0x17f	[0x183, [0x2cb7, nil]]
0x67beS0x17f	[0x183, [0x2cb9, nil]]
0x67bfS0x17f	[0x183, [0x2cba, nil]]
0x67c1S0x17f	[0x183, [0x2cbc, nil]]
0x67c3S0x17f	[0x183, [0x2cbe, nil]]
0x67c6S0x17f	[0x183, [0x2cc1, nil]]
0x67c8S0x17f	[0x183, [0x2cc3, nil]]
0x1885S0x17f	[0x183, [0x1885, nil]]
0x1887S0x17f	[0x183, [0x1887, nil]]
0x1888S0x17f	[0x183, [0x1888, nil]]
0x188aS0x17f	[0x183, [0x188a, nil]]
0x188bS0x17f	[0x183, [0x188b, nil]]
0x188dS0x17f	[0x183, [0x188d, nil]]
0x188fS0x17f	[0x183, [0x188f, nil]]
0x1891S0x17f	[0x183, [0x1891, nil]]
0x1893S0x17f	[0x183, [0x1893, nil]]
0x1894S0x17f	[0x183, [0x1894, nil]]
0x1895S0x17f	[0x183, [0x1895, nil]]
0x1898S0x17f	[0x183, [0x1898, nil]]
0x189aS0x17f	[0x183, [0x189a, nil]]
0x189cS0x17f	[0x183, [0x189c, nil]]
0x189eS0x17f	[0x183, [0x189e, nil]]
0x189fS0x17f	[0x183, [0x189f, nil]]
0x18a0S0x17f	[0x183, [0x18a0, nil]]
0x18a5S0x17f	[0x183, [0x18a5, nil]]
0x18bbS0x17f	[0x183, [0x18bb, nil]]
0x18beS0x17f	[0x183, [0x18be, nil]]
0x18c0S0x17f	[0x183, [0x18c0, nil]]
0x18c1S0x17f	[0x183, [0x18c1, nil]]
0x67eaS0x17f	[0x183, [0x2cb2, nil]]
0x67efS0x17f	[0x183, [0x2cb7, nil]]
0x67f1S0x17f	[0x183, [0x2cb9, nil]]
0x67f2S0x17f	[0x183, [0x2cba, nil]]
0x67f4S0x17f	[0x183, [0x2cbc, nil]]
0x67f6S0x17f	[0x183, [0x2cbe, nil]]
0x67f9S0x17f	[0x183, [0x2cc1, nil]]
0x67fbS0x17f	[0x183, [0x2cc3, nil]]
0x18cdS0x17f	[0x183, [0x18cd, nil]]
0x18cfS0x17f	[0x183, [0x18cf, nil]]
0x18d0S0x17f	[0x183, [0x18d0, nil]]
0x18d2S0x17f	[0x183, [0x18d2, nil]]
0x18d3S0x17f	[0x183, [0x18d3, nil]]
0x18d5S0x17f	[0x183, [0x18d5, nil]]
0x18d7S0x17f	[0x183, [0x18d7, nil]]
0x18d9S0x17f	[0x183, [0x18d9, nil]]
0x18dbS0x17f	[0x183, [0x18db, nil]]
0x18dcS0x17f	[0x183, [0x18dc, nil]]
0x18ddS0x17f	[0x183, [0x18dd, nil]]
0x18e0S0x17f	[0x183, [0x18e0, nil]]
0x18e2S0x17f	[0x183, [0x18e2, nil]]
0x18e4S0x17f	[0x183, [0x18e4, nil]]
0x18e6S0x17f	[0x183, [0x18e6, nil]]
0x18e7S0x17f	[0x183, [0x18e7, nil]]
0x18e8S0x17f	[0x183, [0x18e8, nil]]
0x18edS0x17f	[0x183, [0x18ed, nil]]
0x1903S0x17f	[0x183, [0x1903, nil]]
0x1906S0x17f	[0x183, [0x1906, nil]]
0x1908S0x17f	[0x183, [0x1908, nil]]
0x1909S0x17f	[0x183, [0x1909, nil]]
0x681dS0x17f	[0x183, [0x2cb2, nil]]
0x6822S0x17f	[0x183, [0x2cb7, nil]]
0x6824S0x17f	[0x183, [0x2cb9, nil]]
0x6825S0x17f	[0x183, [0x2cba, nil]]
0x6827S0x17f	[0x183, [0x2cbc, nil]]
0x6829S0x17f	[0x183, [0x2cbe, nil]]
0x682cS0x17f	[0x183, [0x2cc1, nil]]
0x682eS0x17f	[0x183, [0x2cc3, nil]]
0x1915S0x17f	[0x183, [0x1915, nil]]
0x1917S0x17f	[0x183, [0x1917, nil]]
0x1918S0x17f	[0x183, [0x1918, nil]]
0x191aS0x17f	[0x183, [0x191a, nil]]
0x191bS0x17f	[0x183, [0x191b, nil]]
0x191dS0x17f	[0x183, [0x191d, nil]]
0x191fS0x17f	[0x183, [0x191f, nil]]
0x1921S0x17f	[0x183, [0x1921, nil]]
0x1923S0x17f	[0x183, [0x1923, nil]]
0x1924S0x17f	[0x183, [0x1924, nil]]
0x1925S0x17f	[0x183, [0x1925, nil]]
0x1928S0x17f	[0x183, [0x1928, nil]]
0x192aS0x17f	[0x183, [0x192a, nil]]
0x192cS0x17f	[0x183, [0x192c, nil]]
0x192eS0x17f	[0x183, [0x192e, nil]]
0x192fS0x17f	[0x183, [0x192f, nil]]
0x1930S0x17f	[0x183, [0x1930, nil]]
0x1935S0x17f	[0x183, [0x1935, nil]]
0x194bS0x17f	[0x183, [0x194b, nil]]
0x194eS0x17f	[0x183, [0x194e, nil]]
0x1950S0x17f	[0x183, [0x1950, nil]]
0x1951S0x17f	[0x183, [0x1951, nil]]
0x6850S0x17f	[0x183, [0x2cb2, nil]]
0x6855S0x17f	[0x183, [0x2cb7, nil]]
0x6857S0x17f	[0x183, [0x2cb9, nil]]
0x6858S0x17f	[0x183, [0x2cba, nil]]
0x685aS0x17f	[0x183, [0x2cbc, nil]]
0x685cS0x17f	[0x183, [0x2cbe, nil]]
0x685fS0x17f	[0x183, [0x2cc1, nil]]
0x6861S0x17f	[0x183, [0x2cc3, nil]]
0x195dS0x17f	[0x183, [0x195d, nil]]
0x195fS0x17f	[0x183, [0x195f, nil]]
0x1960S0x17f	[0x183, [0x1960, nil]]
0x1962S0x17f	[0x183, [0x1962, nil]]
0x1963S0x17f	[0x183, [0x1963, nil]]
0x1965S0x17f	[0x183, [0x1965, nil]]
0x1967S0x17f	[0x183, [0x1967, nil]]
0x1969S0x17f	[0x183, [0x1969, nil]]
0x196bS0x17f	[0x183, [0x196b, nil]]
0x196cS0x17f	[0x183, [0x196c, nil]]
0x196dS0x17f	[0x183, [0x196d, nil]]
0x1970S0x17f	[0x183, [0x1970, nil]]
0x1972S0x17f	[0x183, [0x1972, nil]]
0x1974S0x17f	[0x183, [0x1974, nil]]
0x1976S0x17f	[0x183, [0x1976, nil]]
0x1977S0x17f	[0x183, [0x1977, nil]]
0x1978S0x17f	[0x183, [0x1978, nil]]
0x197dS0x17f	[0x183, [0x197d, nil]]
0x1993S0x17f	[0x183, [0x1993, nil]]
0x1996S0x17f	[0x183, [0x1996, nil]]
0x1998S0x17f	[0x183, [0x1998, nil]]
0x1999S0x17f	[0x183, [0x1999, nil]]
0x6883S0x17f	[0x183, [0x2cb2, nil]]
0x6888S0x17f	[0x183, [0x2cb7, nil]]
0x688aS0x17f	[0x183, [0x2cb9, nil]]
0x688bS0x17f	[0x183, [0x2cba, nil]]
0x688dS0x17f	[0x183, [0x2cbc, nil]]
0x688fS0x17f	[0x183, [0x2cbe, nil]]
0x6892S0x17f	[0x183, [0x2cc1, nil]]
0x6894S0x17f	[0x183, [0x2cc3, nil]]
0x19a5S0x17f	[0x183, [0x19a5, nil]]
0x19a7S0x17f	[0x183, [0x19a7, nil]]
0x19a8S0x17f	[0x183, [0x19a8, nil]]
0x19aaS0x17f	[0x183, [0x19aa, nil]]
0x19abS0x17f	[0x183, [0x19ab, nil]]
0x19adS0x17f	[0x183, [0x19ad, nil]]
0x19afS0x17f	[0x183, [0x19af, nil]]
0x19b1S0x17f	[0x183, [0x19b1, nil]]
0x19b3S0x17f	[0x183, [0x19b3, nil]]
0x19b4S0x17f	[0x183, [0x19b4, nil]]
0x19b5S0x17f	[0x183, [0x19b5, nil]]
0x19b8S0x17f	[0x183, [0x19b8, nil]]
0x19baS0x17f	[0x183, [0x19ba, nil]]
0x19bcS0x17f	[0x183, [0x19bc, nil]]
0x19beS0x17f	[0x183, [0x19be, nil]]
0x19bfS0x17f	[0x183, [0x19bf, nil]]
0x19c0S0x17f	[0x183, [0x19c0, nil]]
0x19c5S0x17f	[0x183, [0x19c5, nil]]
0x19dbS0x17f	[0x183, [0x19db, nil]]
0x19deS0x17f	[0x183, [0x19de, nil]]
0x19e0S0x17f	[0x183, [0x19e0, nil]]
0x19e1S0x17f	[0x183, [0x19e1, nil]]
0x68b6S0x17f	[0x183, [0x2cb2, nil]]
0x68bbS0x17f	[0x183, [0x2cb7, nil]]
0x68bdS0x17f	[0x183, [0x2cb9, nil]]
0x68beS0x17f	[0x183, [0x2cba, nil]]
0x68c0S0x17f	[0x183, [0x2cbc, nil]]
0x68c2S0x17f	[0x183, [0x2cbe, nil]]
0x68c5S0x17f	[0x183, [0x2cc1, nil]]
0x68c7S0x17f	[0x183, [0x2cc3, nil]]
0x19edS0x17f	[0x183, [0x19ed, nil]]
0x19efS0x17f	[0x183, [0x19ef, nil]]
0x19f0S0x17f	[0x183, [0x19f0, nil]]
0x19f2S0x17f	[0x183, [0x19f2, nil]]
0x19f3S0x17f	[0x183, [0x19f3, nil]]
0x19f5S0x17f	[0x183, [0x19f5, nil]]
0x19f7S0x17f	[0x183, [0x19f7, nil]]
0x19f9S0x17f	[0x183, [0x19f9, nil]]
0x19fbS0x17f	[0x183, [0x19fb, nil]]
0x19fcS0x17f	[0x183, [0x19fc, nil]]
0x19fdS0x17f	[0x183, [0x19fd, nil]]
0x1a00S0x17f	[0x183, [0x1a00, nil]]
0x1a02S0x17f	[0x183, [0x1a02, nil]]
0x1a04S0x17f	[0x183, [0x1a04, nil]]
0x1a06S0x17f	[0x183, [0x1a06, nil]]
0x1a07S0x17f	[0x183, [0x1a07, nil]]
0x1a08S0x17f	[0x183, [0x1a08, nil]]
0x1a0dS0x17f	[0x183, [0x1a0d, nil]]
0x1a11S0x17f	[0x183, [0x1a11, nil]]
0x1a12S0x17f	[0x183, [0x1a12, nil]]
0x1a15S0x17f	[0x183, [0x1a15, nil]]
0x68e9S0x17f	[0x183, [0x2cb2, nil]]
0x68eeS0x17f	[0x183, [0x2cb7, nil]]
0x68f0S0x17f	[0x183, [0x2cb9, nil]]
0x68f1S0x17f	[0x183, [0x2cba, nil]]
0x68f3S0x17f	[0x183, [0x2cbc, nil]]
0x68f5S0x17f	[0x183, [0x2cbe, nil]]
0x68f8S0x17f	[0x183, [0x2cc1, nil]]
0x68faS0x17f	[0x183, [0x2cc3, nil]]
0x1a17S0x17f	[0x183, [0x1a17, nil]]
0x1a33S0x17f	[0x183, [0x1a33, nil]]
0x1a35S0x17f	[0x183, [0x1a35, nil]]
0x1a37S0x17f	[0x183, [0x1a37, nil]]
0x1a39S0x17f	[0x183, [0x1a39, nil]]
0x1a3aS0x17f	[0x183, [0x1a3a, nil]]
0x1a3cS0x17f	[0x183, [0x1a3c, nil]]
0x1a3dS0x17f	[0x183, [0x1a3d, nil]]
0xe629S0x17f	[0x183, [0x5b5, nil]]
0xe62bS0x17f	[0x183, [0x5b7, nil]]
0xe62eS0x17f	[0x183, [0x5ba, nil]]
0x1a59S0x17f	[0x183, [0x1a59, nil]]
0x1a5bS0x17f	[0x183, [0x1a5b, nil]]
0x1a5cS0x17f	[0x183, [0x1a5c, nil]]
0x1a5eS0x17f	[0x183, [0x1a5e, nil]]
0x1a60S0x17f	[0x183, [0x1a60, nil]]
0x1a62S0x17f	[0x183, [0x1a62, nil]]
0x1a63S0x17f	[0x183, [0x1a63, nil]]
0x1a65S0x17f	[0x183, [0x1a65, nil]]
0x1a67S0x17f	[0x183, [0x1a67, nil]]
0x1a69S0x17f	[0x183, [0x1a69, nil]]
0x1a6aS0x17f	[0x183, [0x1a6a, nil]]
0x1a6dS0x17f	[0x183, [0x1a6d, nil]]
0x1a6fS0x17f	[0x183, [0x1a6f, nil]]
0x1a76S0x17f	[0x183, [0x1a76, nil]]
0x1a7cS0x17f	[0x183, [0x1a7c, nil]]
0x1a7eS0x17f	[0x183, [0x1a7e, nil]]
0x1a7fS0x17f	[0x183, [0x1a7f, nil]]
0xe651S0x17f	[0x183, [0x5b5, nil]]
0xe653S0x17f	[0x183, [0x5b7, nil]]
0xe656S0x17f	[0x183, [0x5ba, nil]]
0x2cc6S0x1a1bS0x17f	[0x183, [0x1a31, [0x2cc6, nil]]]
0x2ccbS0x1a1bS0x17f	[0x183, [0x1a31, [0x2ccb, nil]]]
0x2ccfS0x1a1bS0x17f	[0x183, [0x1a31, [0x2ccf, nil]]]
0x2cd1S0x1a1bS0x17f	[0x183, [0x1a31, [0x2cd1, nil]]]
0x2cd4S0x1a1bS0x17f	[0x183, [0x1a31, [0x2cd4, nil]]]
0x2cd6S0x1a1bS0x17f	[0x183, [0x1a31, [0x2cd6, nil]]]
0x2cd7S0x1a1bS0x17f	[0x183, [0x1a31, [0x2cd7, nil]]]
0x2cdaS0x1a1bS0x17f	[0x183, [0x1a31, [0x2cda, nil]]]
0x2cdcS0x1a1bS0x17f	[0x183, [0x1a31, [0x2cdc, nil]]]
0x2cdeS0x1a1bS0x17f	[0x183, [0x1a31, [0x2cde, nil]]]
0x2ce2S0x1a41S0x17f	[0x183, [0x1a57, [0x2ce2, nil]]]
0x2ce7S0x1a41S0x17f	[0x183, [0x1a57, [0x2ce7, nil]]]
0x2cebS0x1a41S0x17f	[0x183, [0x1a57, [0x2ceb, nil]]]
0x2cedS0x1a41S0x17f	[0x183, [0x1a57, [0x2ced, nil]]]
0x2cf3S0x1a41S0x17f	[0x183, [0x1a57, [0x2cf3, nil]]]
0x2cf5S0x1a41S0x17f	[0x183, [0x1a57, [0x2cf5, nil]]]
0x2cf6S0x1a41S0x17f	[0x183, [0x1a57, [0x2cf6, nil]]]
0x2cf9S0x1a41S0x17f	[0x183, [0x1a57, [0x2cf9, nil]]]
0x2cfbS0x1a41S0x17f	[0x183, [0x1a57, [0x2cfb, nil]]]
0x2cfdS0x1a41S0x17f	[0x183, [0x1a57, [0x2cfd, nil]]]
0x1e99S0x1b1	[0x1b5, [0x1e99, nil]]
0x1e9cS0x1b1	[0x1b5, [0x1e9c, nil]]
0x1ee1S0x1b1	[0x1b5, [0x1ee1, nil]]
0x1ee4S0x1b1	[0x1b5, [0x1ee4, nil]]
0x1f29S0x1b1	[0x1b5, [0x1f29, nil]]
0x1f2cS0x1b1	[0x1b5, [0x1f2c, nil]]
0x1f71S0x1b1	[0x1b5, [0x1f71, nil]]
0x1f74S0x1b1	[0x1b5, [0x1f74, nil]]
0x1fb9S0x1b1	[0x1b5, [0x1fb9, nil]]
0x1fbcS0x1b1	[0x1b5, [0x1fbc, nil]]
0x2001S0x1b1	[0x1b5, [0x2001, nil]]
0x2004S0x1b1	[0x1b5, [0x2004, nil]]
0x2049S0x1b1	[0x1b5, [0x2049, nil]]
0x204cS0x1b1	[0x1b5, [0x204c, nil]]
0x2091S0x1b1	[0x1b5, [0x2091, nil]]
0x2094S0x1b1	[0x1b5, [0x2094, nil]]
0x20d9S0x1b1	[0x1b5, [0x20d9, nil]]
0x20dcS0x1b1	[0x1b5, [0x20dc, nil]]
0x2121S0x1b1	[0x1b5, [0x2121, nil]]
0x2124S0x1b1	[0x1b5, [0x2124, nil]]
0x2169S0x1b1	[0x1b5, [0x2169, nil]]
0x216cS0x1b1	[0x1b5, [0x216c, nil]]
0x21b1S0x1b1	[0x1b5, [0x21b1, nil]]
0x21b4S0x1b1	[0x1b5, [0x21b4, nil]]
0x21e7S0x1b1	[0x1b5, [0x21e7, nil]]
0x21e9S0x1b1	[0x1b5, [0x21e9, nil]]
0x21eaS0x1b1	[0x1b5, [0x21ea, nil]]
0x21eeS0x1b1	[0x1b5, [0x21ee, nil]]
0x21f0S0x1b1	[0x1b5, [0x21f0, nil]]
0x21f3S0x1b1	[0x1b5, [0x21f3, nil]]
0x21f5S0x1b1	[0x1b5, [0x21f5, nil]]
0x21f6S0x1b1	[0x1b5, [0x21f6, nil]]
0x21faS0x1b1	[0x1b5, [0x21fa, nil]]
0x220dS0x1b1	[0x1b5, [0x220d, nil]]
0x220fS0x1b1	[0x1b5, [0x220f, nil]]
0x2210S0x1b1	[0x1b5, [0x2210, nil]]
0x2214S0x1b1	[0x1b5, [0x2214, nil]]
0x2216S0x1b1	[0x1b5, [0x2216, nil]]
0x2219S0x1b1	[0x1b5, [0x2219, nil]]
0x221bS0x1b1	[0x1b5, [0x221b, nil]]
0x221cS0x1b1	[0x1b5, [0x221c, nil]]
0x2220S0x1b1	[0x1b5, [0x2220, nil]]
0x2261S0x1b1	[0x1b5, [0x2261, nil]]
0x2262S0x1b1	[0x1b5, [0x2262, nil]]
0x2265S0x1b1	[0x1b5, [0x2265, nil]]
0x2266S0x1b1	[0x1b5, [0x2266, nil]]
0x2296S0x1b1	[0x1b5, [0x2296, nil]]
0x2298S0x1b1	[0x1b5, [0x2298, nil]]
0x2299S0x1b1	[0x1b5, [0x2299, nil]]
0x229dS0x1b1	[0x1b5, [0x229d, nil]]
0x229fS0x1b1	[0x1b5, [0x229f, nil]]
0x22a2S0x1b1	[0x1b5, [0x22a2, nil]]
0x22a4S0x1b1	[0x1b5, [0x22a4, nil]]
0x22a5S0x1b1	[0x1b5, [0x22a5, nil]]
0x22a9S0x1b1	[0x1b5, [0x22a9, nil]]
0x22b5S0x1b1	[0x1b5, [0x22b5, nil]]
0x22b7S0x1b1	[0x1b5, [0x22b7, nil]]
0x22bcS0x1b1	[0x1b5, [0x22bc, nil]]
0x22bfS0x1b1	[0x1b5, [0x22bf, nil]]
0x2ddcS0x1b1	[0x1b5, [0x2ddc, nil]]
0x2de1S0x1b1	[0x1b5, [0x2de1, nil]]
0x2de3S0x1b1	[0x1b5, [0x2de3, nil]]
0x2de4S0x1b1	[0x1b5, [0x2de4, nil]]
0x2de6S0x1b1	[0x1b5, [0x2de6, nil]]
0x2de8S0x1b1	[0x1b5, [0x2de8, nil]]
0x2debS0x1b1	[0x1b5, [0x2deb, nil]]
0x2dedS0x1b1	[0x1b5, [0x2ded, nil]]
0x7060x1e55S0x1b1	[0x1b5, [0x706, nil]]
0x70a0x1e55S0x1b1	[0x1b5, [0x70a, nil]]
0x7050x1e55S0x1b1	[0x1b5, [0x705, nil]]
0x7030x1e55S0x1b1	[0x1b5, [0x703, nil]]
0x7000x1e55S0x1b1	[0x1b5, [0x700, nil]]
0x6fe0x1e55S0x1b1	[0x1b5, [0x6fe, nil]]
0x6fa0x1e55S0x1b1	[0x1b5, [0x6fa, nil]]
0x6f90x1e55S0x1b1	[0x1b5, [0x6f9, nil]]
0x6f70x1e55S0x1b1	[0x1b5, [0x6f7, nil]]
0x6e40x1e55S0x1b1	[0x1b5, [0x6e4, nil]]
0x6e20x1e55S0x1b1	[0x1b5, [0x6e2, nil]]
0x6df0x1e55S0x1b1	[0x1b5, [0x6df, nil]]
0x6de0x1e55S0x1b1	[0x1b5, [0x6de, nil]]
0x6dd0x1e55S0x1b1	[0x1b5, [0x6dd, nil]]
0x6da0x1e55S0x1b1	[0x1b5, [0x6da, nil]]
0x6d70x1e55S0x1b1	[0x1b5, [0x6d7, nil]]
0x6d60x1e55S0x1b1	[0x1b5, [0x6d6, nil]]
0x6d40x1e55S0x1b1	[0x1b5, [0x6d4, nil]]
0x6d30x1e55S0x1b1	[0x1b5, [0x6d3, nil]]
0x6d20x1e55S0x1b1	[0x1b5, [0x6d2, nil]]
0x6d00x1e55S0x1b1	[0x1b5, [0x6d0, nil]]
0x6cf0x1e55S0x1b1	[0x1b5, [0x6cf, nil]]
0x6cd0x1e55S0x1b1	[0x1b5, [0x6cd, nil]]
0x6ca0x1e55S0x1b1	[0x1b5, [0x6ca, nil]]
0x6c80x1e55S0x1b1	[0x1b5, [0x6c8, nil]]
0x6a50x1e55S0x1b1	[0x1b5, [0x6a5, nil]]
0x6aa0x1e55S0x1b1	[0x1b5, [0x6aa, nil]]
0x6a40x1e55S0x1b1	[0x1b5, [0x6a4, nil]]
0x6a20x1e55S0x1b1	[0x1b5, [0x6a2, nil]]
0x6a00x1e55S0x1b1	[0x1b5, [0x6a0, nil]]
0x69e0x1e55S0x1b1	[0x1b5, [0x69e, nil]]
0x69a0x1e55S0x1b1	[0x1b5, [0x69a, nil]]
0x6970x1e55S0x1b1	[0x1b5, [0x697, nil]]
0x6930x1e55S0x1b1	[0x1b5, [0x693, nil]]
0x6920x1e55S0x1b1	[0x1b5, [0x692, nil]]
0x68f0x1e55S0x1b1	[0x1b5, [0x68f, nil]]
0x1e56S0x1b1	[0x1b5, [0x1e56, nil]]
0x1e59S0x1b1	[0x1b5, [0x1e59, nil]]
0x1e5aS0x1b1	[0x1b5, [0x1e5a, nil]]
0x1e5fS0x1b1	[0x1b5, [0x1e5f, nil]]
0x1e63S0x1b1	[0x1b5, [0x1e63, nil]]
0x1e67S0x1b1	[0x1b5, [0x1e67, nil]]
0x1e69S0x1b1	[0x1b5, [0x1e69, nil]]
0x1e6cS0x1b1	[0x1b5, [0x1e6c, nil]]
0x1e6dS0x1b1	[0x1b5, [0x1e6d, nil]]
0x1e71S0x1b1	[0x1b5, [0x1e71, nil]]
0x1e74S0x1b1	[0x1b5, [0x1e74, nil]]
0x1e7aS0x1b1	[0x1b5, [0x1e7a, nil]]
0x1e90S0x1b1	[0x1b5, [0x1e90, nil]]
0x1e92S0x1b1	[0x1b5, [0x1e92, nil]]
0x1e94S0x1b1	[0x1b5, [0x1e94, nil]]
0x1e95S0x1b1	[0x1b5, [0x1e95, nil]]
0x1ea1S0x1b1	[0x1b5, [0x1ea1, nil]]
0x1ea3S0x1b1	[0x1b5, [0x1ea3, nil]]
0x1ea4S0x1b1	[0x1b5, [0x1ea4, nil]]
0x1ea6S0x1b1	[0x1b5, [0x1ea6, nil]]
0x1ea7S0x1b1	[0x1b5, [0x1ea7, nil]]
0x1ea9S0x1b1	[0x1b5, [0x1ea9, nil]]
0x1eabS0x1b1	[0x1b5, [0x1eab, nil]]
0x1eadS0x1b1	[0x1b5, [0x1ead, nil]]
0x1eafS0x1b1	[0x1b5, [0x1eaf, nil]]
0x1eb0S0x1b1	[0x1b5, [0x1eb0, nil]]
0x1eb1S0x1b1	[0x1b5, [0x1eb1, nil]]
0x1eb4S0x1b1	[0x1b5, [0x1eb4, nil]]
0x1eb6S0x1b1	[0x1b5, [0x1eb6, nil]]
0x1eb8S0x1b1	[0x1b5, [0x1eb8, nil]]
0x1ebaS0x1b1	[0x1b5, [0x1eba, nil]]
0x1ebbS0x1b1	[0x1b5, [0x1ebb, nil]]
0x1ebcS0x1b1	[0x1b5, [0x1ebc, nil]]
0x1ec1S0x1b1	[0x1b5, [0x1ec1, nil]]
0x1ed7S0x1b1	[0x1b5, [0x1ed7, nil]]
0x1edaS0x1b1	[0x1b5, [0x1eda, nil]]
0x1edcS0x1b1	[0x1b5, [0x1edc, nil]]
0x1eddS0x1b1	[0x1b5, [0x1edd, nil]]
0x6b80S0x1b1	[0x1b5, [0x2cb2, nil]]
0x6b85S0x1b1	[0x1b5, [0x2cb7, nil]]
0x6b87S0x1b1	[0x1b5, [0x2cb9, nil]]
0x6b88S0x1b1	[0x1b5, [0x2cba, nil]]
0x6b8aS0x1b1	[0x1b5, [0x2cbc, nil]]
0x6b8cS0x1b1	[0x1b5, [0x2cbe, nil]]
0x6b8fS0x1b1	[0x1b5, [0x2cc1, nil]]
0x6b91S0x1b1	[0x1b5, [0x2cc3, nil]]
0x1ee9S0x1b1	[0x1b5, [0x1ee9, nil]]
0x1eebS0x1b1	[0x1b5, [0x1eeb, nil]]
0x1eecS0x1b1	[0x1b5, [0x1eec, nil]]
0x1eeeS0x1b1	[0x1b5, [0x1eee, nil]]
0x1eefS0x1b1	[0x1b5, [0x1eef, nil]]
0x1ef1S0x1b1	[0x1b5, [0x1ef1, nil]]
0x1ef3S0x1b1	[0x1b5, [0x1ef3, nil]]
0x1ef5S0x1b1	[0x1b5, [0x1ef5, nil]]
0x1ef7S0x1b1	[0x1b5, [0x1ef7, nil]]
0x1ef8S0x1b1	[0x1b5, [0x1ef8, nil]]
0x1ef9S0x1b1	[0x1b5, [0x1ef9, nil]]
0x1efcS0x1b1	[0x1b5, [0x1efc, nil]]
0x1efeS0x1b1	[0x1b5, [0x1efe, nil]]
0x1f00S0x1b1	[0x1b5, [0x1f00, nil]]
0x1f02S0x1b1	[0x1b5, [0x1f02, nil]]
0x1f03S0x1b1	[0x1b5, [0x1f03, nil]]
0x1f04S0x1b1	[0x1b5, [0x1f04, nil]]
0x1f09S0x1b1	[0x1b5, [0x1f09, nil]]
0x1f1fS0x1b1	[0x1b5, [0x1f1f, nil]]
0x1f22S0x1b1	[0x1b5, [0x1f22, nil]]
0x1f24S0x1b1	[0x1b5, [0x1f24, nil]]
0x1f25S0x1b1	[0x1b5, [0x1f25, nil]]
0x6bb3S0x1b1	[0x1b5, [0x2cb2, nil]]
0x6bb8S0x1b1	[0x1b5, [0x2cb7, nil]]
0x6bbaS0x1b1	[0x1b5, [0x2cb9, nil]]
0x6bbbS0x1b1	[0x1b5, [0x2cba, nil]]
0x6bbdS0x1b1	[0x1b5, [0x2cbc, nil]]
0x6bbfS0x1b1	[0x1b5, [0x2cbe, nil]]
0x6bc2S0x1b1	[0x1b5, [0x2cc1, nil]]
0x6bc4S0x1b1	[0x1b5, [0x2cc3, nil]]
0x1f31S0x1b1	[0x1b5, [0x1f31, nil]]
0x1f33S0x1b1	[0x1b5, [0x1f33, nil]]
0x1f34S0x1b1	[0x1b5, [0x1f34, nil]]
0x1f36S0x1b1	[0x1b5, [0x1f36, nil]]
0x1f37S0x1b1	[0x1b5, [0x1f37, nil]]
0x1f39S0x1b1	[0x1b5, [0x1f39, nil]]
0x1f3bS0x1b1	[0x1b5, [0x1f3b, nil]]
0x1f3dS0x1b1	[0x1b5, [0x1f3d, nil]]
0x1f3fS0x1b1	[0x1b5, [0x1f3f, nil]]
0x1f40S0x1b1	[0x1b5, [0x1f40, nil]]
0x1f41S0x1b1	[0x1b5, [0x1f41, nil]]
0x1f44S0x1b1	[0x1b5, [0x1f44, nil]]
0x1f46S0x1b1	[0x1b5, [0x1f46, nil]]
0x1f48S0x1b1	[0x1b5, [0x1f48, nil]]
0x1f4aS0x1b1	[0x1b5, [0x1f4a, nil]]
0x1f4bS0x1b1	[0x1b5, [0x1f4b, nil]]
0x1f4cS0x1b1	[0x1b5, [0x1f4c, nil]]
0x1f51S0x1b1	[0x1b5, [0x1f51, nil]]
0x1f67S0x1b1	[0x1b5, [0x1f67, nil]]
0x1f6aS0x1b1	[0x1b5, [0x1f6a, nil]]
0x1f6cS0x1b1	[0x1b5, [0x1f6c, nil]]
0x1f6dS0x1b1	[0x1b5, [0x1f6d, nil]]
0x6be6S0x1b1	[0x1b5, [0x2cb2, nil]]
0x6bebS0x1b1	[0x1b5, [0x2cb7, nil]]
0x6bedS0x1b1	[0x1b5, [0x2cb9, nil]]
0x6beeS0x1b1	[0x1b5, [0x2cba, nil]]
0x6bf0S0x1b1	[0x1b5, [0x2cbc, nil]]
0x6bf2S0x1b1	[0x1b5, [0x2cbe, nil]]
0x6bf5S0x1b1	[0x1b5, [0x2cc1, nil]]
0x6bf7S0x1b1	[0x1b5, [0x2cc3, nil]]
0x1f79S0x1b1	[0x1b5, [0x1f79, nil]]
0x1f7bS0x1b1	[0x1b5, [0x1f7b, nil]]
0x1f7cS0x1b1	[0x1b5, [0x1f7c, nil]]
0x1f7eS0x1b1	[0x1b5, [0x1f7e, nil]]
0x1f7fS0x1b1	[0x1b5, [0x1f7f, nil]]
0x1f81S0x1b1	[0x1b5, [0x1f81, nil]]
0x1f83S0x1b1	[0x1b5, [0x1f83, nil]]
0x1f85S0x1b1	[0x1b5, [0x1f85, nil]]
0x1f87S0x1b1	[0x1b5, [0x1f87, nil]]
0x1f88S0x1b1	[0x1b5, [0x1f88, nil]]
0x1f89S0x1b1	[0x1b5, [0x1f89, nil]]
0x1f8cS0x1b1	[0x1b5, [0x1f8c, nil]]
0x1f8eS0x1b1	[0x1b5, [0x1f8e, nil]]
0x1f90S0x1b1	[0x1b5, [0x1f90, nil]]
0x1f92S0x1b1	[0x1b5, [0x1f92, nil]]
0x1f93S0x1b1	[0x1b5, [0x1f93, nil]]
0x1f94S0x1b1	[0x1b5, [0x1f94, nil]]
0x1f99S0x1b1	[0x1b5, [0x1f99, nil]]
0x1fafS0x1b1	[0x1b5, [0x1faf, nil]]
0x1fb2S0x1b1	[0x1b5, [0x1fb2, nil]]
0x1fb4S0x1b1	[0x1b5, [0x1fb4, nil]]
0x1fb5S0x1b1	[0x1b5, [0x1fb5, nil]]
0x6c19S0x1b1	[0x1b5, [0x2cb2, nil]]
0x6c1eS0x1b1	[0x1b5, [0x2cb7, nil]]
0x6c20S0x1b1	[0x1b5, [0x2cb9, nil]]
0x6c21S0x1b1	[0x1b5, [0x2cba, nil]]
0x6c23S0x1b1	[0x1b5, [0x2cbc, nil]]
0x6c25S0x1b1	[0x1b5, [0x2cbe, nil]]
0x6c28S0x1b1	[0x1b5, [0x2cc1, nil]]
0x6c2aS0x1b1	[0x1b5, [0x2cc3, nil]]
0x1fc1S0x1b1	[0x1b5, [0x1fc1, nil]]
0x1fc3S0x1b1	[0x1b5, [0x1fc3, nil]]
0x1fc4S0x1b1	[0x1b5, [0x1fc4, nil]]
0x1fc6S0x1b1	[0x1b5, [0x1fc6, nil]]
0x1fc7S0x1b1	[0x1b5, [0x1fc7, nil]]
0x1fc9S0x1b1	[0x1b5, [0x1fc9, nil]]
0x1fcbS0x1b1	[0x1b5, [0x1fcb, nil]]
0x1fcdS0x1b1	[0x1b5, [0x1fcd, nil]]
0x1fcfS0x1b1	[0x1b5, [0x1fcf, nil]]
0x1fd0S0x1b1	[0x1b5, [0x1fd0, nil]]
0x1fd1S0x1b1	[0x1b5, [0x1fd1, nil]]
0x1fd4S0x1b1	[0x1b5, [0x1fd4, nil]]
0x1fd6S0x1b1	[0x1b5, [0x1fd6, nil]]
0x1fd8S0x1b1	[0x1b5, [0x1fd8, nil]]
0x1fdaS0x1b1	[0x1b5, [0x1fda, nil]]
0x1fdbS0x1b1	[0x1b5, [0x1fdb, nil]]
0x1fdcS0x1b1	[0x1b5, [0x1fdc, nil]]
0x1fe1S0x1b1	[0x1b5, [0x1fe1, nil]]
0x1ff7S0x1b1	[0x1b5, [0x1ff7, nil]]
0x1ffaS0x1b1	[0x1b5, [0x1ffa, nil]]
0x1ffcS0x1b1	[0x1b5, [0x1ffc, nil]]
0x1ffdS0x1b1	[0x1b5, [0x1ffd, nil]]
0x6c4cS0x1b1	[0x1b5, [0x2cb2, nil]]
0x6c51S0x1b1	[0x1b5, [0x2cb7, nil]]
0x6c53S0x1b1	[0x1b5, [0x2cb9, nil]]
0x6c54S0x1b1	[0x1b5, [0x2cba, nil]]
0x6c56S0x1b1	[0x1b5, [0x2cbc, nil]]
0x6c58S0x1b1	[0x1b5, [0x2cbe, nil]]
0x6c5bS0x1b1	[0x1b5, [0x2cc1, nil]]
0x6c5dS0x1b1	[0x1b5, [0x2cc3, nil]]
0x2009S0x1b1	[0x1b5, [0x2009, nil]]
0x200bS0x1b1	[0x1b5, [0x200b, nil]]
0x200cS0x1b1	[0x1b5, [0x200c, nil]]
0x200eS0x1b1	[0x1b5, [0x200e, nil]]
0x200fS0x1b1	[0x1b5, [0x200f, nil]]
0x2011S0x1b1	[0x1b5, [0x2011, nil]]
0x2013S0x1b1	[0x1b5, [0x2013, nil]]
0x2015S0x1b1	[0x1b5, [0x2015, nil]]
0x2017S0x1b1	[0x1b5, [0x2017, nil]]
0x2018S0x1b1	[0x1b5, [0x2018, nil]]
0x2019S0x1b1	[0x1b5, [0x2019, nil]]
0x201cS0x1b1	[0x1b5, [0x201c, nil]]
0x201eS0x1b1	[0x1b5, [0x201e, nil]]
0x2020S0x1b1	[0x1b5, [0x2020, nil]]
0x2022S0x1b1	[0x1b5, [0x2022, nil]]
0x2023S0x1b1	[0x1b5, [0x2023, nil]]
0x2024S0x1b1	[0x1b5, [0x2024, nil]]
0x2029S0x1b1	[0x1b5, [0x2029, nil]]
0x203fS0x1b1	[0x1b5, [0x203f, nil]]
0x2042S0x1b1	[0x1b5, [0x2042, nil]]
0x2044S0x1b1	[0x1b5, [0x2044, nil]]
0x2045S0x1b1	[0x1b5, [0x2045, nil]]
0x6c7fS0x1b1	[0x1b5, [0x2cb2, nil]]
0x6c84S0x1b1	[0x1b5, [0x2cb7, nil]]
0x6c86S0x1b1	[0x1b5, [0x2cb9, nil]]
0x6c87S0x1b1	[0x1b5, [0x2cba, nil]]
0x6c89S0x1b1	[0x1b5, [0x2cbc, nil]]
0x6c8bS0x1b1	[0x1b5, [0x2cbe, nil]]
0x6c8eS0x1b1	[0x1b5, [0x2cc1, nil]]
0x6c90S0x1b1	[0x1b5, [0x2cc3, nil]]
0x2051S0x1b1	[0x1b5, [0x2051, nil]]
0x2053S0x1b1	[0x1b5, [0x2053, nil]]
0x2054S0x1b1	[0x1b5, [0x2054, nil]]
0x2056S0x1b1	[0x1b5, [0x2056, nil]]
0x2057S0x1b1	[0x1b5, [0x2057, nil]]
0x2059S0x1b1	[0x1b5, [0x2059, nil]]
0x205bS0x1b1	[0x1b5, [0x205b, nil]]
0x205dS0x1b1	[0x1b5, [0x205d, nil]]
0x205fS0x1b1	[0x1b5, [0x205f, nil]]
0x2060S0x1b1	[0x1b5, [0x2060, nil]]
0x2061S0x1b1	[0x1b5, [0x2061, nil]]
0x2064S0x1b1	[0x1b5, [0x2064, nil]]
0x2066S0x1b1	[0x1b5, [0x2066, nil]]
0x2068S0x1b1	[0x1b5, [0x2068, nil]]
0x206aS0x1b1	[0x1b5, [0x206a, nil]]
0x206bS0x1b1	[0x1b5, [0x206b, nil]]
0x206cS0x1b1	[0x1b5, [0x206c, nil]]
0x2071S0x1b1	[0x1b5, [0x2071, nil]]
0x2087S0x1b1	[0x1b5, [0x2087, nil]]
0x208aS0x1b1	[0x1b5, [0x208a, nil]]
0x208cS0x1b1	[0x1b5, [0x208c, nil]]
0x208dS0x1b1	[0x1b5, [0x208d, nil]]
0x6cb2S0x1b1	[0x1b5, [0x2cb2, nil]]
0x6cb7S0x1b1	[0x1b5, [0x2cb7, nil]]
0x6cb9S0x1b1	[0x1b5, [0x2cb9, nil]]
0x6cbaS0x1b1	[0x1b5, [0x2cba, nil]]
0x6cbcS0x1b1	[0x1b5, [0x2cbc, nil]]
0x6cbeS0x1b1	[0x1b5, [0x2cbe, nil]]
0x6cc1S0x1b1	[0x1b5, [0x2cc1, nil]]
0x6cc3S0x1b1	[0x1b5, [0x2cc3, nil]]
0x2099S0x1b1	[0x1b5, [0x2099, nil]]
0x209bS0x1b1	[0x1b5, [0x209b, nil]]
0x209cS0x1b1	[0x1b5, [0x209c, nil]]
0x209eS0x1b1	[0x1b5, [0x209e, nil]]
0x209fS0x1b1	[0x1b5, [0x209f, nil]]
0x20a1S0x1b1	[0x1b5, [0x20a1, nil]]
0x20a3S0x1b1	[0x1b5, [0x20a3, nil]]
0x20a5S0x1b1	[0x1b5, [0x20a5, nil]]
0x20a7S0x1b1	[0x1b5, [0x20a7, nil]]
0x20a8S0x1b1	[0x1b5, [0x20a8, nil]]
0x20a9S0x1b1	[0x1b5, [0x20a9, nil]]
0x20acS0x1b1	[0x1b5, [0x20ac, nil]]
0x20aeS0x1b1	[0x1b5, [0x20ae, nil]]
0x20b0S0x1b1	[0x1b5, [0x20b0, nil]]
0x20b2S0x1b1	[0x1b5, [0x20b2, nil]]
0x20b3S0x1b1	[0x1b5, [0x20b3, nil]]
0x20b4S0x1b1	[0x1b5, [0x20b4, nil]]
0x20b9S0x1b1	[0x1b5, [0x20b9, nil]]
0x20cfS0x1b1	[0x1b5, [0x20cf, nil]]
0x20d2S0x1b1	[0x1b5, [0x20d2, nil]]
0x20d4S0x1b1	[0x1b5, [0x20d4, nil]]
0x20d5S0x1b1	[0x1b5, [0x20d5, nil]]
0x6ce5S0x1b1	[0x1b5, [0x2cb2, nil]]
0x6ceaS0x1b1	[0x1b5, [0x2cb7, nil]]
0x6cecS0x1b1	[0x1b5, [0x2cb9, nil]]
0x6cedS0x1b1	[0x1b5, [0x2cba, nil]]
0x6cefS0x1b1	[0x1b5, [0x2cbc, nil]]
0x6cf1S0x1b1	[0x1b5, [0x2cbe, nil]]
0x6cf4S0x1b1	[0x1b5, [0x2cc1, nil]]
0x6cf6S0x1b1	[0x1b5, [0x2cc3, nil]]
0x20e1S0x1b1	[0x1b5, [0x20e1, nil]]
0x20e3S0x1b1	[0x1b5, [0x20e3, nil]]
0x20e4S0x1b1	[0x1b5, [0x20e4, nil]]
0x20e6S0x1b1	[0x1b5, [0x20e6, nil]]
0x20e7S0x1b1	[0x1b5, [0x20e7, nil]]
0x20e9S0x1b1	[0x1b5, [0x20e9, nil]]
0x20ebS0x1b1	[0x1b5, [0x20eb, nil]]
0x20edS0x1b1	[0x1b5, [0x20ed, nil]]
0x20efS0x1b1	[0x1b5, [0x20ef, nil]]
0x20f0S0x1b1	[0x1b5, [0x20f0, nil]]
0x20f1S0x1b1	[0x1b5, [0x20f1, nil]]
0x20f4S0x1b1	[0x1b5, [0x20f4, nil]]
0x20f6S0x1b1	[0x1b5, [0x20f6, nil]]
0x20f8S0x1b1	[0x1b5, [0x20f8, nil]]
0x20faS0x1b1	[0x1b5, [0x20fa, nil]]
0x20fbS0x1b1	[0x1b5, [0x20fb, nil]]
0x20fcS0x1b1	[0x1b5, [0x20fc, nil]]
0x2101S0x1b1	[0x1b5, [0x2101, nil]]
0x2117S0x1b1	[0x1b5, [0x2117, nil]]
0x211aS0x1b1	[0x1b5, [0x211a, nil]]
0x211cS0x1b1	[0x1b5, [0x211c, nil]]
0x211dS0x1b1	[0x1b5, [0x211d, nil]]
0x6d18S0x1b1	[0x1b5, [0x2cb2, nil]]
0x6d1dS0x1b1	[0x1b5, [0x2cb7, nil]]
0x6d1fS0x1b1	[0x1b5, [0x2cb9, nil]]
0x6d20S0x1b1	[0x1b5, [0x2cba, nil]]
0x6d22S0x1b1	[0x1b5, [0x2cbc, nil]]
0x6d24S0x1b1	[0x1b5, [0x2cbe, nil]]
0x6d27S0x1b1	[0x1b5, [0x2cc1, nil]]
0x6d29S0x1b1	[0x1b5, [0x2cc3, nil]]
0x2129S0x1b1	[0x1b5, [0x2129, nil]]
0x212bS0x1b1	[0x1b5, [0x212b, nil]]
0x212cS0x1b1	[0x1b5, [0x212c, nil]]
0x212eS0x1b1	[0x1b5, [0x212e, nil]]
0x212fS0x1b1	[0x1b5, [0x212f, nil]]
0x2131S0x1b1	[0x1b5, [0x2131, nil]]
0x2133S0x1b1	[0x1b5, [0x2133, nil]]
0x2135S0x1b1	[0x1b5, [0x2135, nil]]
0x2137S0x1b1	[0x1b5, [0x2137, nil]]
0x2138S0x1b1	[0x1b5, [0x2138, nil]]
0x2139S0x1b1	[0x1b5, [0x2139, nil]]
0x213cS0x1b1	[0x1b5, [0x213c, nil]]
0x213eS0x1b1	[0x1b5, [0x213e, nil]]
0x2140S0x1b1	[0x1b5, [0x2140, nil]]
0x2142S0x1b1	[0x1b5, [0x2142, nil]]
0x2143S0x1b1	[0x1b5, [0x2143, nil]]
0x2144S0x1b1	[0x1b5, [0x2144, nil]]
0x2149S0x1b1	[0x1b5, [0x2149, nil]]
0x215fS0x1b1	[0x1b5, [0x215f, nil]]
0x2162S0x1b1	[0x1b5, [0x2162, nil]]
0x2164S0x1b1	[0x1b5, [0x2164, nil]]
0x2165S0x1b1	[0x1b5, [0x2165, nil]]
0x6d4bS0x1b1	[0x1b5, [0x2cb2, nil]]
0x6d50S0x1b1	[0x1b5, [0x2cb7, nil]]
0x6d52S0x1b1	[0x1b5, [0x2cb9, nil]]
0x6d53S0x1b1	[0x1b5, [0x2cba, nil]]
0x6d55S0x1b1	[0x1b5, [0x2cbc, nil]]
0x6d57S0x1b1	[0x1b5, [0x2cbe, nil]]
0x6d5aS0x1b1	[0x1b5, [0x2cc1, nil]]
0x6d5cS0x1b1	[0x1b5, [0x2cc3, nil]]
0x2171S0x1b1	[0x1b5, [0x2171, nil]]
0x2173S0x1b1	[0x1b5, [0x2173, nil]]
0x2174S0x1b1	[0x1b5, [0x2174, nil]]
0x2176S0x1b1	[0x1b5, [0x2176, nil]]
0x2177S0x1b1	[0x1b5, [0x2177, nil]]
0x2179S0x1b1	[0x1b5, [0x2179, nil]]
0x217bS0x1b1	[0x1b5, [0x217b, nil]]
0x217dS0x1b1	[0x1b5, [0x217d, nil]]
0x217fS0x1b1	[0x1b5, [0x217f, nil]]
0x2180S0x1b1	[0x1b5, [0x2180, nil]]
0x2181S0x1b1	[0x1b5, [0x2181, nil]]
0x2184S0x1b1	[0x1b5, [0x2184, nil]]
0x2186S0x1b1	[0x1b5, [0x2186, nil]]
0x2188S0x1b1	[0x1b5, [0x2188, nil]]
0x218aS0x1b1	[0x1b5, [0x218a, nil]]
0x218bS0x1b1	[0x1b5, [0x218b, nil]]
0x218cS0x1b1	[0x1b5, [0x218c, nil]]
0x2191S0x1b1	[0x1b5, [0x2191, nil]]
0x21a7S0x1b1	[0x1b5, [0x21a7, nil]]
0x21aaS0x1b1	[0x1b5, [0x21aa, nil]]
0x21acS0x1b1	[0x1b5, [0x21ac, nil]]
0x21adS0x1b1	[0x1b5, [0x21ad, nil]]
0x6d7eS0x1b1	[0x1b5, [0x2cb2, nil]]
0x6d83S0x1b1	[0x1b5, [0x2cb7, nil]]
0x6d85S0x1b1	[0x1b5, [0x2cb9, nil]]
0x6d86S0x1b1	[0x1b5, [0x2cba, nil]]
0x6d88S0x1b1	[0x1b5, [0x2cbc, nil]]
0x6d8aS0x1b1	[0x1b5, [0x2cbe, nil]]
0x6d8dS0x1b1	[0x1b5, [0x2cc1, nil]]
0x6d8fS0x1b1	[0x1b5, [0x2cc3, nil]]
0x21b9S0x1b1	[0x1b5, [0x21b9, nil]]
0x21bbS0x1b1	[0x1b5, [0x21bb, nil]]
0x21bcS0x1b1	[0x1b5, [0x21bc, nil]]
0x21beS0x1b1	[0x1b5, [0x21be, nil]]
0x21bfS0x1b1	[0x1b5, [0x21bf, nil]]
0x21c1S0x1b1	[0x1b5, [0x21c1, nil]]
0x21c3S0x1b1	[0x1b5, [0x21c3, nil]]
0x21c5S0x1b1	[0x1b5, [0x21c5, nil]]
0x21c7S0x1b1	[0x1b5, [0x21c7, nil]]
0x21c8S0x1b1	[0x1b5, [0x21c8, nil]]
0x21c9S0x1b1	[0x1b5, [0x21c9, nil]]
0x21ccS0x1b1	[0x1b5, [0x21cc, nil]]
0x21ceS0x1b1	[0x1b5, [0x21ce, nil]]
0x21d0S0x1b1	[0x1b5, [0x21d0, nil]]
0x21d2S0x1b1	[0x1b5, [0x21d2, nil]]
0x21d3S0x1b1	[0x1b5, [0x21d3, nil]]
0x21d4S0x1b1	[0x1b5, [0x21d4, nil]]
0x21d9S0x1b1	[0x1b5, [0x21d9, nil]]
0x21ddS0x1b1	[0x1b5, [0x21dd, nil]]
0x21deS0x1b1	[0x1b5, [0x21de, nil]]
0x21e1S0x1b1	[0x1b5, [0x21e1, nil]]
0x6db1S0x1b1	[0x1b5, [0x2cb2, nil]]
0x6db6S0x1b1	[0x1b5, [0x2cb7, nil]]
0x6db8S0x1b1	[0x1b5, [0x2cb9, nil]]
0x6db9S0x1b1	[0x1b5, [0x2cba, nil]]
0x6dbbS0x1b1	[0x1b5, [0x2cbc, nil]]
0x6dbdS0x1b1	[0x1b5, [0x2cbe, nil]]
0x6dc0S0x1b1	[0x1b5, [0x2cc1, nil]]
0x6dc2S0x1b1	[0x1b5, [0x2cc3, nil]]
0x21e3S0x1b1	[0x1b5, [0x21e3, nil]]
0x21ffS0x1b1	[0x1b5, [0x21ff, nil]]
0x2201S0x1b1	[0x1b5, [0x2201, nil]]
0x2203S0x1b1	[0x1b5, [0x2203, nil]]
0x2205S0x1b1	[0x1b5, [0x2205, nil]]
0x2206S0x1b1	[0x1b5, [0x2206, nil]]
0x2208S0x1b1	[0x1b5, [0x2208, nil]]
0x2209S0x1b1	[0x1b5, [0x2209, nil]]
0xe6a1S0x1b1	[0x1b5, [0x5b5, nil]]
0xe6a3S0x1b1	[0x1b5, [0x5b7, nil]]
0xe6a6S0x1b1	[0x1b5, [0x5ba, nil]]
0x2225S0x1b1	[0x1b5, [0x2225, nil]]
0x2227S0x1b1	[0x1b5, [0x2227, nil]]
0x2228S0x1b1	[0x1b5, [0x2228, nil]]
0x222dS0x1b1	[0x1b5, [0x222d, nil]]
0x222fS0x1b1	[0x1b5, [0x222f, nil]]
0x2232S0x1b1	[0x1b5, [0x2232, nil]]
0x2233S0x1b1	[0x1b5, [0x2233, nil]]
0x2236S0x1b1	[0x1b5, [0x2236, nil]]
0x2238S0x1b1	[0x1b5, [0x2238, nil]]
0x223aS0x1b1	[0x1b5, [0x223a, nil]]
0x223cS0x1b1	[0x1b5, [0x223c, nil]]
0x223eS0x1b1	[0x1b5, [0x223e, nil]]
0x2240S0x1b1	[0x1b5, [0x2240, nil]]
0x2241S0x1b1	[0x1b5, [0x2241, nil]]
0x2243S0x1b1	[0x1b5, [0x2243, nil]]
0x2245S0x1b1	[0x1b5, [0x2245, nil]]
0x224bS0x1b1	[0x1b5, [0x224b, nil]]
0x224dS0x1b1	[0x1b5, [0x224d, nil]]
0x224eS0x1b1	[0x1b5, [0x224e, nil]]
0x2250S0x1b1	[0x1b5, [0x2250, nil]]
0x2252S0x1b1	[0x1b5, [0x2252, nil]]
0x2255S0x1b1	[0x1b5, [0x2255, nil]]
0x2258S0x1b1	[0x1b5, [0x2258, nil]]
0x2259S0x1b1	[0x1b5, [0x2259, nil]]
0x225aS0x1b1	[0x1b5, [0x225a, nil]]
0x225cS0x1b1	[0x1b5, [0x225c, nil]]
0x225dS0x1b1	[0x1b5, [0x225d, nil]]
0xe6c9S0x1b1	[0x1b5, [0x5b5, nil]]
0xe6cbS0x1b1	[0x1b5, [0x5b7, nil]]
0xe6ceS0x1b1	[0x1b5, [0x5ba, nil]]
0x226dS0x1b1	[0x1b5, [0x226d, nil]]
0x226fS0x1b1	[0x1b5, [0x226f, nil]]
0x2270S0x1b1	[0x1b5, [0x2270, nil]]
0x2271S0x1b1	[0x1b5, [0x2271, nil]]
0x2273S0x1b1	[0x1b5, [0x2273, nil]]
0x2274S0x1b1	[0x1b5, [0x2274, nil]]
0x2277S0x1b1	[0x1b5, [0x2277, nil]]
0x2278S0x1b1	[0x1b5, [0x2278, nil]]
0x227aS0x1b1	[0x1b5, [0x227a, nil]]
0x227cS0x1b1	[0x1b5, [0x227c, nil]]
0x2281S0x1b1	[0x1b5, [0x2281, nil]]
0x2283S0x1b1	[0x1b5, [0x2283, nil]]
0x2288S0x1b1	[0x1b5, [0x2288, nil]]
0x228fS0x1b1	[0x1b5, [0x228f, nil]]
0x2291S0x1b1	[0x1b5, [0x2291, nil]]
0x2292S0x1b1	[0x1b5, [0x2292, nil]]
0x22aeS0x1b1	[0x1b5, [0x22ae, nil]]
0x22b0S0x1b1	[0x1b5, [0x22b0, nil]]
0x22b1S0x1b1	[0x1b5, [0x22b1, nil]]
0xe6f1S0x1b1	[0x1b5, [0x5b5, nil]]
0xe6f3S0x1b1	[0x1b5, [0x5b7, nil]]
0xe6f6S0x1b1	[0x1b5, [0x5ba, nil]]
0x22c1S0x1b1	[0x1b5, [0x22c1, nil]]
0x22c6S0x1b1	[0x1b5, [0x22c6, nil]]
0x22cbS0x1b1	[0x1b5, [0x22cb, nil]]
0x2dd6S0x1b1	[0x1b5, [0x2dd6, nil]]
0x2dd8S0x1b1	[0x1b5, [0x2dd8, nil]]
0x2df1S0x1b1	[0x1b5, [0x2df1, nil]]
0x6f30x1e55S0x1b1	[0x1b5, [0x6f3, nil]]
0x6c40x1e55S0x1b1	[0x1b5, [0x6c4, nil]]
0x6c30x1e55S0x1b1	[0x1b5, [0x6c3, nil]]
0x6c10x1e55S0x1b1	[0x1b5, [0x6c1, nil]]
0x6bf0x1e55S0x1b1	[0x1b5, [0x6bf, nil]]
0x6ba0x1e55S0x1b1	[0x1b5, [0x6ba, nil]]
0x6b90x1e55S0x1b1	[0x1b5, [0x6b9, nil]]
0x6b50x1e55S0x1b1	[0x1b5, [0x6b5, nil]]
0x6b20x1e55S0x1b1	[0x1b5, [0x6b2, nil]]
0x6b00x1e55S0x1b1	[0x1b5, [0x6b0, nil]]
0x6af0x1e55S0x1b1	[0x1b5, [0x6af, nil]]
0x68b0x1e55S0x1b1	[0x1b5, [0x68b, nil]]
0x68a0x1e55S0x1b1	[0x1b5, [0x68a, nil]]
0x6890x1e55S0x1b1	[0x1b5, [0x689, nil]]
0x67e0x1e55S0x1b1	[0x1b5, [0x67e, nil]]
0x6840x1e55S0x1b1	[0x1b5, [0x684, nil]]
0xe3e20x1e55S0x1b1	[0x1b5, [0x5ba, nil]]
0xe3df0x1e55S0x1b1	[0x1b5, [0x5b7, nil]]
0xe3dd0x1e55S0x1b1	[0x1b5, [0x5b5, nil]]
0x6e90x1e55S0x1b1	[0x1b5, [0x6e9, nil]]
0x2cc6S0x21e7S0x1b1	[0x1b5, [0x21fd, [0x2cc6, nil]]]
0x2ccbS0x21e7S0x1b1	[0x1b5, [0x21fd, [0x2ccb, nil]]]
0x2ccfS0x21e7S0x1b1	[0x1b5, [0x21fd, [0x2ccf, nil]]]
0x2cd1S0x21e7S0x1b1	[0x1b5, [0x21fd, [0x2cd1, nil]]]
0x2cd4S0x21e7S0x1b1	[0x1b5, [0x21fd, [0x2cd4, nil]]]
0x2cd6S0x21e7S0x1b1	[0x1b5, [0x21fd, [0x2cd6, nil]]]
0x2cd7S0x21e7S0x1b1	[0x1b5, [0x21fd, [0x2cd7, nil]]]
0x2cdaS0x21e7S0x1b1	[0x1b5, [0x21fd, [0x2cda, nil]]]
0x2cdcS0x21e7S0x1b1	[0x1b5, [0x21fd, [0x2cdc, nil]]]
0x2cdeS0x21e7S0x1b1	[0x1b5, [0x21fd, [0x2cde, nil]]]
0x2ce2S0x220dS0x1b1	[0x1b5, [0x2223, [0x2ce2, nil]]]
0x2ce7S0x220dS0x1b1	[0x1b5, [0x2223, [0x2ce7, nil]]]
0x2cebS0x220dS0x1b1	[0x1b5, [0x2223, [0x2ceb, nil]]]
0x2cedS0x220dS0x1b1	[0x1b5, [0x2223, [0x2ced, nil]]]
0x2cf3S0x220dS0x1b1	[0x1b5, [0x2223, [0x2cf3, nil]]]
0x2cf5S0x220dS0x1b1	[0x1b5, [0x2223, [0x2cf5, nil]]]
0x2cf6S0x220dS0x1b1	[0x1b5, [0x2223, [0x2cf6, nil]]]
0x2cf9S0x220dS0x1b1	[0x1b5, [0x2223, [0x2cf9, nil]]]
0x2cfbS0x220dS0x1b1	[0x1b5, [0x2223, [0x2cfb, nil]]]
0x2cfdS0x220dS0x1b1	[0x1b5, [0x2223, [0x2cfd, nil]]]
0x2d18S0x2296S0x1b1	[0x1b5, [0x22ac, [0x2d18, nil]]]
0x2d1dS0x2296S0x1b1	[0x1b5, [0x22ac, [0x2d1d, nil]]]
0x2d21S0x2296S0x1b1	[0x1b5, [0x22ac, [0x2d21, nil]]]
0x2d23S0x2296S0x1b1	[0x1b5, [0x22ac, [0x2d23, nil]]]
0x2d2cS0x2296S0x1b1	[0x1b5, [0x22ac, [0x2d2c, nil]]]
0x2d2eS0x2296S0x1b1	[0x1b5, [0x22ac, [0x2d2e, nil]]]
0x2d2fS0x2296S0x1b1	[0x1b5, [0x22ac, [0x2d2f, nil]]]
0x2d32S0x2296S0x1b1	[0x1b5, [0x22ac, [0x2d32, nil]]]
0x2d34S0x2296S0x1b1	[0x1b5, [0x22ac, [0x2d34, nil]]]
0x2d36S0x2296S0x1b1	[0x1b5, [0x22ac, [0x2d36, nil]]]
0x2d66S0x6f70x1e55S0x1b1	[0x1b5, [0x70d, [0x2d66, nil]]]
0x2d6bS0x6f70x1e55S0x1b1	[0x1b5, [0x70d, [0x2d6b, nil]]]
0x2d6fS0x6f70x1e55S0x1b1	[0x1b5, [0x70d, [0x2d6f, nil]]]
0x2d71S0x6f70x1e55S0x1b1	[0x1b5, [0x70d, [0x2d71, nil]]]
0x2d79S0x6f70x1e55S0x1b1	[0x1b5, [0x70d, [0x2d79, nil]]]
0x2d7bS0x6f70x1e55S0x1b1	[0x1b5, [0x70d, [0x2d7b, nil]]]
0x2d7cS0x6f70x1e55S0x1b1	[0x1b5, [0x70d, [0x2d7c, nil]]]
0x2d7fS0x6f70x1e55S0x1b1	[0x1b5, [0x70d, [0x2d7f, nil]]]
0x2d81S0x6f70x1e55S0x1b1	[0x1b5, [0x70d, [0x2d81, nil]]]
0x2d83S0x6f70x1e55S0x1b1	[0x1b5, [0x70d, [0x2d83, nil]]]
0x2d47S0x68f0x1e55S0x1b1	[0x1b5, [0x6ad, [0x2d47, nil]]]
0x2d4bS0x68f0x1e55S0x1b1	[0x1b5, [0x6ad, [0x2d4b, nil]]]
0x2d4dS0x68f0x1e55S0x1b1	[0x1b5, [0x6ad, [0x2d4d, nil]]]
0x2d4eS0x68f0x1e55S0x1b1	[0x1b5, [0x6ad, [0x2d4e, nil]]]
0x2d51S0x68f0x1e55S0x1b1	[0x1b5, [0x6ad, [0x2d51, nil]]]
0x2d53S0x68f0x1e55S0x1b1	[0x1b5, [0x6ad, [0x2d53, nil]]]
0x2d54S0x68f0x1e55S0x1b1	[0x1b5, [0x6ad, [0x2d54, nil]]]
0x2d3aS0x68f0x1e55S0x1b1	[0x1b5, [0x6ad, [0x2d3a, nil]]]
0x2d3cS0x68f0x1e55S0x1b1	[0x1b5, [0x6ad, [0x2d3c, nil]]]
0x2d3dS0x68f0x1e55S0x1b1	[0x1b5, [0x6ad, [0x2d3d, nil]]]
0x2d5aS0x68f0x1e55S0x1b1	[0x1b5, [0x6ad, [0x2d5a, nil]]]
0x2d5cS0x68f0x1e55S0x1b1	[0x1b5, [0x6ad, [0x2d5c, nil]]]
0x2d41S0x68f0x1e55S0x1b1	[0x1b5, [0x6ad, [0x2d41, nil]]]
0x2d42S0x68f0x1e55S0x1b1	[0x1b5, [0x6ad, [0x2d42, nil]]]
0x2d43S0x68f0x1e55S0x1b1	[0x1b5, [0x6ad, [0x2d43, nil]]]
0x2d0dS0x2268S0x1b1	[0x1b5, [0x228b, [0x2d0d, nil]]]
0x2d01S0x2268S0x1b1	[0x1b5, [0x228b, [0x2d01, nil]]]
0x2d02S0x2268S0x1b1	[0x1b5, [0x228b, [0x2d02, nil]]]
0x2d06S0x2268S0x1b1	[0x1b5, [0x228b, [0x2d06, nil]]]
0x2d07S0x2268S0x1b1	[0x1b5, [0x228b, [0x2d07, nil]]]
0x2d08S0x2268S0x1b1	[0x1b5, [0x228b, [0x2d08, nil]]]
0x2d09S0x2268S0x1b1	[0x1b5, [0x228b, [0x2d09, nil]]]
0x2d12S0x2268S0x1b1	[0x1b5, [0x228b, [0x2d12, nil]]]
0x2313S0x1d0	[0x1d4, [0x2313, nil]]
0x2316S0x1d0	[0x1d4, [0x2316, nil]]
0x235bS0x1d0	[0x1d4, [0x235b, nil]]
0x235eS0x1d0	[0x1d4, [0x235e, nil]]
0x23a3S0x1d0	[0x1d4, [0x23a3, nil]]
0x23a6S0x1d0	[0x1d4, [0x23a6, nil]]
0x23ebS0x1d0	[0x1d4, [0x23eb, nil]]
0x23eeS0x1d0	[0x1d4, [0x23ee, nil]]
0x2433S0x1d0	[0x1d4, [0x2433, nil]]
0x2436S0x1d0	[0x1d4, [0x2436, nil]]
0x247bS0x1d0	[0x1d4, [0x247b, nil]]
0x247eS0x1d0	[0x1d4, [0x247e, nil]]
0x24c3S0x1d0	[0x1d4, [0x24c3, nil]]
0x24c6S0x1d0	[0x1d4, [0x24c6, nil]]
0x250bS0x1d0	[0x1d4, [0x250b, nil]]
0x250eS0x1d0	[0x1d4, [0x250e, nil]]
0x2553S0x1d0	[0x1d4, [0x2553, nil]]
0x2556S0x1d0	[0x1d4, [0x2556, nil]]
0x259bS0x1d0	[0x1d4, [0x259b, nil]]
0x259eS0x1d0	[0x1d4, [0x259e, nil]]
0x25e3S0x1d0	[0x1d4, [0x25e3, nil]]
0x25e6S0x1d0	[0x1d4, [0x25e6, nil]]
0x262bS0x1d0	[0x1d4, [0x262b, nil]]
0x262eS0x1d0	[0x1d4, [0x262e, nil]]
0x2661S0x1d0	[0x1d4, [0x2661, nil]]
0x2663S0x1d0	[0x1d4, [0x2663, nil]]
0x2664S0x1d0	[0x1d4, [0x2664, nil]]
0x2668S0x1d0	[0x1d4, [0x2668, nil]]
0x266aS0x1d0	[0x1d4, [0x266a, nil]]
0x266dS0x1d0	[0x1d4, [0x266d, nil]]
0x266fS0x1d0	[0x1d4, [0x266f, nil]]
0x2670S0x1d0	[0x1d4, [0x2670, nil]]
0x2674S0x1d0	[0x1d4, [0x2674, nil]]
0x2687S0x1d0	[0x1d4, [0x2687, nil]]
0x2689S0x1d0	[0x1d4, [0x2689, nil]]
0x268aS0x1d0	[0x1d4, [0x268a, nil]]
0x268eS0x1d0	[0x1d4, [0x268e, nil]]
0x2690S0x1d0	[0x1d4, [0x2690, nil]]
0x2693S0x1d0	[0x1d4, [0x2693, nil]]
0x2695S0x1d0	[0x1d4, [0x2695, nil]]
0x2696S0x1d0	[0x1d4, [0x2696, nil]]
0x269aS0x1d0	[0x1d4, [0x269a, nil]]
0x26dbS0x1d0	[0x1d4, [0x26db, nil]]
0x26dcS0x1d0	[0x1d4, [0x26dc, nil]]
0x26dfS0x1d0	[0x1d4, [0x26df, nil]]
0x26e0S0x1d0	[0x1d4, [0x26e0, nil]]
0x2710S0x1d0	[0x1d4, [0x2710, nil]]
0x2716S0x1d0	[0x1d4, [0x2716, nil]]
0x2764S0x1d0	[0x1d4, [0x2764, nil]]
0x2765S0x1d0	[0x1d4, [0x2765, nil]]
0x2768S0x1d0	[0x1d4, [0x2768, nil]]
0x2769S0x1d0	[0x1d4, [0x2769, nil]]
0x22d0S0x1d0	[0x1d4, [0x22d0, nil]]
0x22d3S0x1d0	[0x1d4, [0x22d3, nil]]
0x22d4S0x1d0	[0x1d4, [0x22d4, nil]]
0x22d9S0x1d0	[0x1d4, [0x22d9, nil]]
0x22ddS0x1d0	[0x1d4, [0x22dd, nil]]
0x22e1S0x1d0	[0x1d4, [0x22e1, nil]]
0x22e3S0x1d0	[0x1d4, [0x22e3, nil]]
0x22e6S0x1d0	[0x1d4, [0x22e6, nil]]
0x22e7S0x1d0	[0x1d4, [0x22e7, nil]]
0x22ebS0x1d0	[0x1d4, [0x22eb, nil]]
0x22eeS0x1d0	[0x1d4, [0x22ee, nil]]
0x22f4S0x1d0	[0x1d4, [0x22f4, nil]]
0x230aS0x1d0	[0x1d4, [0x230a, nil]]
0x230cS0x1d0	[0x1d4, [0x230c, nil]]
0x230eS0x1d0	[0x1d4, [0x230e, nil]]
0x230fS0x1d0	[0x1d4, [0x230f, nil]]
0x231bS0x1d0	[0x1d4, [0x231b, nil]]
0x231dS0x1d0	[0x1d4, [0x231d, nil]]
0x231eS0x1d0	[0x1d4, [0x231e, nil]]
0x2320S0x1d0	[0x1d4, [0x2320, nil]]
0x2321S0x1d0	[0x1d4, [0x2321, nil]]
0x2323S0x1d0	[0x1d4, [0x2323, nil]]
0x2325S0x1d0	[0x1d4, [0x2325, nil]]
0x2327S0x1d0	[0x1d4, [0x2327, nil]]
0x2329S0x1d0	[0x1d4, [0x2329, nil]]
0x232aS0x1d0	[0x1d4, [0x232a, nil]]
0x232bS0x1d0	[0x1d4, [0x232b, nil]]
0x232eS0x1d0	[0x1d4, [0x232e, nil]]
0x2330S0x1d0	[0x1d4, [0x2330, nil]]
0x2332S0x1d0	[0x1d4, [0x2332, nil]]
0x2334S0x1d0	[0x1d4, [0x2334, nil]]
0x2335S0x1d0	[0x1d4, [0x2335, nil]]
0x2336S0x1d0	[0x1d4, [0x2336, nil]]
0x233bS0x1d0	[0x1d4, [0x233b, nil]]
0x2351S0x1d0	[0x1d4, [0x2351, nil]]
0x2354S0x1d0	[0x1d4, [0x2354, nil]]
0x2356S0x1d0	[0x1d4, [0x2356, nil]]
0x2357S0x1d0	[0x1d4, [0x2357, nil]]
0x6de4S0x1d0	[0x1d4, [0x2cb2, nil]]
0x6de9S0x1d0	[0x1d4, [0x2cb7, nil]]
0x6debS0x1d0	[0x1d4, [0x2cb9, nil]]
0x6decS0x1d0	[0x1d4, [0x2cba, nil]]
0x6deeS0x1d0	[0x1d4, [0x2cbc, nil]]
0x6df0S0x1d0	[0x1d4, [0x2cbe, nil]]
0x6df3S0x1d0	[0x1d4, [0x2cc1, nil]]
0x6df5S0x1d0	[0x1d4, [0x2cc3, nil]]
0x2363S0x1d0	[0x1d4, [0x2363, nil]]
0x2365S0x1d0	[0x1d4, [0x2365, nil]]
0x2366S0x1d0	[0x1d4, [0x2366, nil]]
0x2368S0x1d0	[0x1d4, [0x2368, nil]]
0x2369S0x1d0	[0x1d4, [0x2369, nil]]
0x236bS0x1d0	[0x1d4, [0x236b, nil]]
0x236dS0x1d0	[0x1d4, [0x236d, nil]]
0x236fS0x1d0	[0x1d4, [0x236f, nil]]
0x2371S0x1d0	[0x1d4, [0x2371, nil]]
0x2372S0x1d0	[0x1d4, [0x2372, nil]]
0x2373S0x1d0	[0x1d4, [0x2373, nil]]
0x2376S0x1d0	[0x1d4, [0x2376, nil]]
0x2378S0x1d0	[0x1d4, [0x2378, nil]]
0x237aS0x1d0	[0x1d4, [0x237a, nil]]
0x237cS0x1d0	[0x1d4, [0x237c, nil]]
0x237dS0x1d0	[0x1d4, [0x237d, nil]]
0x237eS0x1d0	[0x1d4, [0x237e, nil]]
0x2383S0x1d0	[0x1d4, [0x2383, nil]]
0x2399S0x1d0	[0x1d4, [0x2399, nil]]
0x239cS0x1d0	[0x1d4, [0x239c, nil]]
0x239eS0x1d0	[0x1d4, [0x239e, nil]]
0x239fS0x1d0	[0x1d4, [0x239f, nil]]
0x6e17S0x1d0	[0x1d4, [0x2cb2, nil]]
0x6e1cS0x1d0	[0x1d4, [0x2cb7, nil]]
0x6e1eS0x1d0	[0x1d4, [0x2cb9, nil]]
0x6e1fS0x1d0	[0x1d4, [0x2cba, nil]]
0x6e21S0x1d0	[0x1d4, [0x2cbc, nil]]
0x6e23S0x1d0	[0x1d4, [0x2cbe, nil]]
0x6e26S0x1d0	[0x1d4, [0x2cc1, nil]]
0x6e28S0x1d0	[0x1d4, [0x2cc3, nil]]
0x23abS0x1d0	[0x1d4, [0x23ab, nil]]
0x23adS0x1d0	[0x1d4, [0x23ad, nil]]
0x23aeS0x1d0	[0x1d4, [0x23ae, nil]]
0x23b0S0x1d0	[0x1d4, [0x23b0, nil]]
0x23b1S0x1d0	[0x1d4, [0x23b1, nil]]
0x23b3S0x1d0	[0x1d4, [0x23b3, nil]]
0x23b5S0x1d0	[0x1d4, [0x23b5, nil]]
0x23b7S0x1d0	[0x1d4, [0x23b7, nil]]
0x23b9S0x1d0	[0x1d4, [0x23b9, nil]]
0x23baS0x1d0	[0x1d4, [0x23ba, nil]]
0x23bbS0x1d0	[0x1d4, [0x23bb, nil]]
0x23beS0x1d0	[0x1d4, [0x23be, nil]]
0x23c0S0x1d0	[0x1d4, [0x23c0, nil]]
0x23c2S0x1d0	[0x1d4, [0x23c2, nil]]
0x23c4S0x1d0	[0x1d4, [0x23c4, nil]]
0x23c5S0x1d0	[0x1d4, [0x23c5, nil]]
0x23c6S0x1d0	[0x1d4, [0x23c6, nil]]
0x23cbS0x1d0	[0x1d4, [0x23cb, nil]]
0x23e1S0x1d0	[0x1d4, [0x23e1, nil]]
0x23e4S0x1d0	[0x1d4, [0x23e4, nil]]
0x23e6S0x1d0	[0x1d4, [0x23e6, nil]]
0x23e7S0x1d0	[0x1d4, [0x23e7, nil]]
0x6e4aS0x1d0	[0x1d4, [0x2cb2, nil]]
0x6e4fS0x1d0	[0x1d4, [0x2cb7, nil]]
0x6e51S0x1d0	[0x1d4, [0x2cb9, nil]]
0x6e52S0x1d0	[0x1d4, [0x2cba, nil]]
0x6e54S0x1d0	[0x1d4, [0x2cbc, nil]]
0x6e56S0x1d0	[0x1d4, [0x2cbe, nil]]
0x6e59S0x1d0	[0x1d4, [0x2cc1, nil]]
0x6e5bS0x1d0	[0x1d4, [0x2cc3, nil]]
0x23f3S0x1d0	[0x1d4, [0x23f3, nil]]
0x23f5S0x1d0	[0x1d4, [0x23f5, nil]]
0x23f6S0x1d0	[0x1d4, [0x23f6, nil]]
0x23f8S0x1d0	[0x1d4, [0x23f8, nil]]
0x23f9S0x1d0	[0x1d4, [0x23f9, nil]]
0x23fbS0x1d0	[0x1d4, [0x23fb, nil]]
0x23fdS0x1d0	[0x1d4, [0x23fd, nil]]
0x23ffS0x1d0	[0x1d4, [0x23ff, nil]]
0x2401S0x1d0	[0x1d4, [0x2401, nil]]
0x2402S0x1d0	[0x1d4, [0x2402, nil]]
0x2403S0x1d0	[0x1d4, [0x2403, nil]]
0x2406S0x1d0	[0x1d4, [0x2406, nil]]
0x2408S0x1d0	[0x1d4, [0x2408, nil]]
0x240aS0x1d0	[0x1d4, [0x240a, nil]]
0x240cS0x1d0	[0x1d4, [0x240c, nil]]
0x240dS0x1d0	[0x1d4, [0x240d, nil]]
0x240eS0x1d0	[0x1d4, [0x240e, nil]]
0x2413S0x1d0	[0x1d4, [0x2413, nil]]
0x2429S0x1d0	[0x1d4, [0x2429, nil]]
0x242cS0x1d0	[0x1d4, [0x242c, nil]]
0x242eS0x1d0	[0x1d4, [0x242e, nil]]
0x242fS0x1d0	[0x1d4, [0x242f, nil]]
0x6e7dS0x1d0	[0x1d4, [0x2cb2, nil]]
0x6e82S0x1d0	[0x1d4, [0x2cb7, nil]]
0x6e84S0x1d0	[0x1d4, [0x2cb9, nil]]
0x6e85S0x1d0	[0x1d4, [0x2cba, nil]]
0x6e87S0x1d0	[0x1d4, [0x2cbc, nil]]
0x6e89S0x1d0	[0x1d4, [0x2cbe, nil]]
0x6e8cS0x1d0	[0x1d4, [0x2cc1, nil]]
0x6e8eS0x1d0	[0x1d4, [0x2cc3, nil]]
0x243bS0x1d0	[0x1d4, [0x243b, nil]]
0x243dS0x1d0	[0x1d4, [0x243d, nil]]
0x243eS0x1d0	[0x1d4, [0x243e, nil]]
0x2440S0x1d0	[0x1d4, [0x2440, nil]]
0x2441S0x1d0	[0x1d4, [0x2441, nil]]
0x2443S0x1d0	[0x1d4, [0x2443, nil]]
0x2445S0x1d0	[0x1d4, [0x2445, nil]]
0x2447S0x1d0	[0x1d4, [0x2447, nil]]
0x2449S0x1d0	[0x1d4, [0x2449, nil]]
0x244aS0x1d0	[0x1d4, [0x244a, nil]]
0x244bS0x1d0	[0x1d4, [0x244b, nil]]
0x244eS0x1d0	[0x1d4, [0x244e, nil]]
0x2450S0x1d0	[0x1d4, [0x2450, nil]]
0x2452S0x1d0	[0x1d4, [0x2452, nil]]
0x2454S0x1d0	[0x1d4, [0x2454, nil]]
0x2455S0x1d0	[0x1d4, [0x2455, nil]]
0x2456S0x1d0	[0x1d4, [0x2456, nil]]
0x245bS0x1d0	[0x1d4, [0x245b, nil]]
0x2471S0x1d0	[0x1d4, [0x2471, nil]]
0x2474S0x1d0	[0x1d4, [0x2474, nil]]
0x2476S0x1d0	[0x1d4, [0x2476, nil]]
0x2477S0x1d0	[0x1d4, [0x2477, nil]]
0x6eb0S0x1d0	[0x1d4, [0x2cb2, nil]]
0x6eb5S0x1d0	[0x1d4, [0x2cb7, nil]]
0x6eb7S0x1d0	[0x1d4, [0x2cb9, nil]]
0x6eb8S0x1d0	[0x1d4, [0x2cba, nil]]
0x6ebaS0x1d0	[0x1d4, [0x2cbc, nil]]
0x6ebcS0x1d0	[0x1d4, [0x2cbe, nil]]
0x6ebfS0x1d0	[0x1d4, [0x2cc1, nil]]
0x6ec1S0x1d0	[0x1d4, [0x2cc3, nil]]
0x2483S0x1d0	[0x1d4, [0x2483, nil]]
0x2485S0x1d0	[0x1d4, [0x2485, nil]]
0x2486S0x1d0	[0x1d4, [0x2486, nil]]
0x2488S0x1d0	[0x1d4, [0x2488, nil]]
0x2489S0x1d0	[0x1d4, [0x2489, nil]]
0x248bS0x1d0	[0x1d4, [0x248b, nil]]
0x248dS0x1d0	[0x1d4, [0x248d, nil]]
0x248fS0x1d0	[0x1d4, [0x248f, nil]]
0x2491S0x1d0	[0x1d4, [0x2491, nil]]
0x2492S0x1d0	[0x1d4, [0x2492, nil]]
0x2493S0x1d0	[0x1d4, [0x2493, nil]]
0x2496S0x1d0	[0x1d4, [0x2496, nil]]
0x2498S0x1d0	[0x1d4, [0x2498, nil]]
0x249aS0x1d0	[0x1d4, [0x249a, nil]]
0x249cS0x1d0	[0x1d4, [0x249c, nil]]
0x249dS0x1d0	[0x1d4, [0x249d, nil]]
0x249eS0x1d0	[0x1d4, [0x249e, nil]]
0x24a3S0x1d0	[0x1d4, [0x24a3, nil]]
0x24b9S0x1d0	[0x1d4, [0x24b9, nil]]
0x24bcS0x1d0	[0x1d4, [0x24bc, nil]]
0x24beS0x1d0	[0x1d4, [0x24be, nil]]
0x24bfS0x1d0	[0x1d4, [0x24bf, nil]]
0x6ee3S0x1d0	[0x1d4, [0x2cb2, nil]]
0x6ee8S0x1d0	[0x1d4, [0x2cb7, nil]]
0x6eeaS0x1d0	[0x1d4, [0x2cb9, nil]]
0x6eebS0x1d0	[0x1d4, [0x2cba, nil]]
0x6eedS0x1d0	[0x1d4, [0x2cbc, nil]]
0x6eefS0x1d0	[0x1d4, [0x2cbe, nil]]
0x6ef2S0x1d0	[0x1d4, [0x2cc1, nil]]
0x6ef4S0x1d0	[0x1d4, [0x2cc3, nil]]
0x24cbS0x1d0	[0x1d4, [0x24cb, nil]]
0x24cdS0x1d0	[0x1d4, [0x24cd, nil]]
0x24ceS0x1d0	[0x1d4, [0x24ce, nil]]
0x24d0S0x1d0	[0x1d4, [0x24d0, nil]]
0x24d1S0x1d0	[0x1d4, [0x24d1, nil]]
0x24d3S0x1d0	[0x1d4, [0x24d3, nil]]
0x24d5S0x1d0	[0x1d4, [0x24d5, nil]]
0x24d7S0x1d0	[0x1d4, [0x24d7, nil]]
0x24d9S0x1d0	[0x1d4, [0x24d9, nil]]
0x24daS0x1d0	[0x1d4, [0x24da, nil]]
0x24dbS0x1d0	[0x1d4, [0x24db, nil]]
0x24deS0x1d0	[0x1d4, [0x24de, nil]]
0x24e0S0x1d0	[0x1d4, [0x24e0, nil]]
0x24e2S0x1d0	[0x1d4, [0x24e2, nil]]
0x24e4S0x1d0	[0x1d4, [0x24e4, nil]]
0x24e5S0x1d0	[0x1d4, [0x24e5, nil]]
0x24e6S0x1d0	[0x1d4, [0x24e6, nil]]
0x24ebS0x1d0	[0x1d4, [0x24eb, nil]]
0x2501S0x1d0	[0x1d4, [0x2501, nil]]
0x2504S0x1d0	[0x1d4, [0x2504, nil]]
0x2506S0x1d0	[0x1d4, [0x2506, nil]]
0x2507S0x1d0	[0x1d4, [0x2507, nil]]
0x6f16S0x1d0	[0x1d4, [0x2cb2, nil]]
0x6f1bS0x1d0	[0x1d4, [0x2cb7, nil]]
0x6f1dS0x1d0	[0x1d4, [0x2cb9, nil]]
0x6f1eS0x1d0	[0x1d4, [0x2cba, nil]]
0x6f20S0x1d0	[0x1d4, [0x2cbc, nil]]
0x6f22S0x1d0	[0x1d4, [0x2cbe, nil]]
0x6f25S0x1d0	[0x1d4, [0x2cc1, nil]]
0x6f27S0x1d0	[0x1d4, [0x2cc3, nil]]
0x2513S0x1d0	[0x1d4, [0x2513, nil]]
0x2515S0x1d0	[0x1d4, [0x2515, nil]]
0x2516S0x1d0	[0x1d4, [0x2516, nil]]
0x2518S0x1d0	[0x1d4, [0x2518, nil]]
0x2519S0x1d0	[0x1d4, [0x2519, nil]]
0x251bS0x1d0	[0x1d4, [0x251b, nil]]
0x251dS0x1d0	[0x1d4, [0x251d, nil]]
0x251fS0x1d0	[0x1d4, [0x251f, nil]]
0x2521S0x1d0	[0x1d4, [0x2521, nil]]
0x2522S0x1d0	[0x1d4, [0x2522, nil]]
0x2523S0x1d0	[0x1d4, [0x2523, nil]]
0x2526S0x1d0	[0x1d4, [0x2526, nil]]
0x2528S0x1d0	[0x1d4, [0x2528, nil]]
0x252aS0x1d0	[0x1d4, [0x252a, nil]]
0x252cS0x1d0	[0x1d4, [0x252c, nil]]
0x252dS0x1d0	[0x1d4, [0x252d, nil]]
0x252eS0x1d0	[0x1d4, [0x252e, nil]]
0x2533S0x1d0	[0x1d4, [0x2533, nil]]
0x2549S0x1d0	[0x1d4, [0x2549, nil]]
0x254cS0x1d0	[0x1d4, [0x254c, nil]]
0x254eS0x1d0	[0x1d4, [0x254e, nil]]
0x254fS0x1d0	[0x1d4, [0x254f, nil]]
0x6f49S0x1d0	[0x1d4, [0x2cb2, nil]]
0x6f4eS0x1d0	[0x1d4, [0x2cb7, nil]]
0x6f50S0x1d0	[0x1d4, [0x2cb9, nil]]
0x6f51S0x1d0	[0x1d4, [0x2cba, nil]]
0x6f53S0x1d0	[0x1d4, [0x2cbc, nil]]
0x6f55S0x1d0	[0x1d4, [0x2cbe, nil]]
0x6f58S0x1d0	[0x1d4, [0x2cc1, nil]]
0x6f5aS0x1d0	[0x1d4, [0x2cc3, nil]]
0x255bS0x1d0	[0x1d4, [0x255b, nil]]
0x255dS0x1d0	[0x1d4, [0x255d, nil]]
0x255eS0x1d0	[0x1d4, [0x255e, nil]]
0x2560S0x1d0	[0x1d4, [0x2560, nil]]
0x2561S0x1d0	[0x1d4, [0x2561, nil]]
0x2563S0x1d0	[0x1d4, [0x2563, nil]]
0x2565S0x1d0	[0x1d4, [0x2565, nil]]
0x2567S0x1d0	[0x1d4, [0x2567, nil]]
0x2569S0x1d0	[0x1d4, [0x2569, nil]]
0x256aS0x1d0	[0x1d4, [0x256a, nil]]
0x256bS0x1d0	[0x1d4, [0x256b, nil]]
0x256eS0x1d0	[0x1d4, [0x256e, nil]]
0x2570S0x1d0	[0x1d4, [0x2570, nil]]
0x2572S0x1d0	[0x1d4, [0x2572, nil]]
0x2574S0x1d0	[0x1d4, [0x2574, nil]]
0x2575S0x1d0	[0x1d4, [0x2575, nil]]
0x2576S0x1d0	[0x1d4, [0x2576, nil]]
0x257bS0x1d0	[0x1d4, [0x257b, nil]]
0x2591S0x1d0	[0x1d4, [0x2591, nil]]
0x2594S0x1d0	[0x1d4, [0x2594, nil]]
0x2596S0x1d0	[0x1d4, [0x2596, nil]]
0x2597S0x1d0	[0x1d4, [0x2597, nil]]
0x6f7cS0x1d0	[0x1d4, [0x2cb2, nil]]
0x6f81S0x1d0	[0x1d4, [0x2cb7, nil]]
0x6f83S0x1d0	[0x1d4, [0x2cb9, nil]]
0x6f84S0x1d0	[0x1d4, [0x2cba, nil]]
0x6f86S0x1d0	[0x1d4, [0x2cbc, nil]]
0x6f88S0x1d0	[0x1d4, [0x2cbe, nil]]
0x6f8bS0x1d0	[0x1d4, [0x2cc1, nil]]
0x6f8dS0x1d0	[0x1d4, [0x2cc3, nil]]
0x25a3S0x1d0	[0x1d4, [0x25a3, nil]]
0x25a5S0x1d0	[0x1d4, [0x25a5, nil]]
0x25a6S0x1d0	[0x1d4, [0x25a6, nil]]
0x25a8S0x1d0	[0x1d4, [0x25a8, nil]]
0x25a9S0x1d0	[0x1d4, [0x25a9, nil]]
0x25abS0x1d0	[0x1d4, [0x25ab, nil]]
0x25adS0x1d0	[0x1d4, [0x25ad, nil]]
0x25afS0x1d0	[0x1d4, [0x25af, nil]]
0x25b1S0x1d0	[0x1d4, [0x25b1, nil]]
0x25b2S0x1d0	[0x1d4, [0x25b2, nil]]
0x25b3S0x1d0	[0x1d4, [0x25b3, nil]]
0x25b6S0x1d0	[0x1d4, [0x25b6, nil]]
0x25b8S0x1d0	[0x1d4, [0x25b8, nil]]
0x25baS0x1d0	[0x1d4, [0x25ba, nil]]
0x25bcS0x1d0	[0x1d4, [0x25bc, nil]]
0x25bdS0x1d0	[0x1d4, [0x25bd, nil]]
0x25beS0x1d0	[0x1d4, [0x25be, nil]]
0x25c3S0x1d0	[0x1d4, [0x25c3, nil]]
0x25d9S0x1d0	[0x1d4, [0x25d9, nil]]
0x25dcS0x1d0	[0x1d4, [0x25dc, nil]]
0x25deS0x1d0	[0x1d4, [0x25de, nil]]
0x25dfS0x1d0	[0x1d4, [0x25df, nil]]
0x6fafS0x1d0	[0x1d4, [0x2cb2, nil]]
0x6fb4S0x1d0	[0x1d4, [0x2cb7, nil]]
0x6fb6S0x1d0	[0x1d4, [0x2cb9, nil]]
0x6fb7S0x1d0	[0x1d4, [0x2cba, nil]]
0x6fb9S0x1d0	[0x1d4, [0x2cbc, nil]]
0x6fbbS0x1d0	[0x1d4, [0x2cbe, nil]]
0x6fbeS0x1d0	[0x1d4, [0x2cc1, nil]]
0x6fc0S0x1d0	[0x1d4, [0x2cc3, nil]]
0x25ebS0x1d0	[0x1d4, [0x25eb, nil]]
0x25edS0x1d0	[0x1d4, [0x25ed, nil]]
0x25eeS0x1d0	[0x1d4, [0x25ee, nil]]
0x25f0S0x1d0	[0x1d4, [0x25f0, nil]]
0x25f1S0x1d0	[0x1d4, [0x25f1, nil]]
0x25f3S0x1d0	[0x1d4, [0x25f3, nil]]
0x25f5S0x1d0	[0x1d4, [0x25f5, nil]]
0x25f7S0x1d0	[0x1d4, [0x25f7, nil]]
0x25f9S0x1d0	[0x1d4, [0x25f9, nil]]
0x25faS0x1d0	[0x1d4, [0x25fa, nil]]
0x25fbS0x1d0	[0x1d4, [0x25fb, nil]]
0x25feS0x1d0	[0x1d4, [0x25fe, nil]]
0x2600S0x1d0	[0x1d4, [0x2600, nil]]
0x2602S0x1d0	[0x1d4, [0x2602, nil]]
0x2604S0x1d0	[0x1d4, [0x2604, nil]]
0x2605S0x1d0	[0x1d4, [0x2605, nil]]
0x2606S0x1d0	[0x1d4, [0x2606, nil]]
0x260bS0x1d0	[0x1d4, [0x260b, nil]]
0x2621S0x1d0	[0x1d4, [0x2621, nil]]
0x2624S0x1d0	[0x1d4, [0x2624, nil]]
0x2626S0x1d0	[0x1d4, [0x2626, nil]]
0x2627S0x1d0	[0x1d4, [0x2627, nil]]
0x6fe2S0x1d0	[0x1d4, [0x2cb2, nil]]
0x6fe7S0x1d0	[0x1d4, [0x2cb7, nil]]
0x6fe9S0x1d0	[0x1d4, [0x2cb9, nil]]
0x6feaS0x1d0	[0x1d4, [0x2cba, nil]]
0x6fecS0x1d0	[0x1d4, [0x2cbc, nil]]
0x6feeS0x1d0	[0x1d4, [0x2cbe, nil]]
0x6ff1S0x1d0	[0x1d4, [0x2cc1, nil]]
0x6ff3S0x1d0	[0x1d4, [0x2cc3, nil]]
0x2633S0x1d0	[0x1d4, [0x2633, nil]]
0x2635S0x1d0	[0x1d4, [0x2635, nil]]
0x2636S0x1d0	[0x1d4, [0x2636, nil]]
0x2638S0x1d0	[0x1d4, [0x2638, nil]]
0x2639S0x1d0	[0x1d4, [0x2639, nil]]
0x263bS0x1d0	[0x1d4, [0x263b, nil]]
0x263dS0x1d0	[0x1d4, [0x263d, nil]]
0x263fS0x1d0	[0x1d4, [0x263f, nil]]
0x2641S0x1d0	[0x1d4, [0x2641, nil]]
0x2642S0x1d0	[0x1d4, [0x2642, nil]]
0x2643S0x1d0	[0x1d4, [0x2643, nil]]
0x2646S0x1d0	[0x1d4, [0x2646, nil]]
0x2648S0x1d0	[0x1d4, [0x2648, nil]]
0x264aS0x1d0	[0x1d4, [0x264a, nil]]
0x264cS0x1d0	[0x1d4, [0x264c, nil]]
0x264dS0x1d0	[0x1d4, [0x264d, nil]]
0x264eS0x1d0	[0x1d4, [0x264e, nil]]
0x2653S0x1d0	[0x1d4, [0x2653, nil]]
0x2657S0x1d0	[0x1d4, [0x2657, nil]]
0x2658S0x1d0	[0x1d4, [0x2658, nil]]
0x265bS0x1d0	[0x1d4, [0x265b, nil]]
0x7015S0x1d0	[0x1d4, [0x2cb2, nil]]
0x701aS0x1d0	[0x1d4, [0x2cb7, nil]]
0x701cS0x1d0	[0x1d4, [0x2cb9, nil]]
0x701dS0x1d0	[0x1d4, [0x2cba, nil]]
0x701fS0x1d0	[0x1d4, [0x2cbc, nil]]
0x7021S0x1d0	[0x1d4, [0x2cbe, nil]]
0x7024S0x1d0	[0x1d4, [0x2cc1, nil]]
0x7026S0x1d0	[0x1d4, [0x2cc3, nil]]
0x265dS0x1d0	[0x1d4, [0x265d, nil]]
0x2679S0x1d0	[0x1d4, [0x2679, nil]]
0x267bS0x1d0	[0x1d4, [0x267b, nil]]
0x267dS0x1d0	[0x1d4, [0x267d, nil]]
0x267fS0x1d0	[0x1d4, [0x267f, nil]]
0x2680S0x1d0	[0x1d4, [0x2680, nil]]
0x2682S0x1d0	[0x1d4, [0x2682, nil]]
0x2683S0x1d0	[0x1d4, [0x2683, nil]]
0xe719S0x1d0	[0x1d4, [0x5b5, nil]]
0xe71bS0x1d0	[0x1d4, [0x5b7, nil]]
0xe71eS0x1d0	[0x1d4, [0x5ba, nil]]
0x269fS0x1d0	[0x1d4, [0x269f, nil]]
0x26a1S0x1d0	[0x1d4, [0x26a1, nil]]
0x26a2S0x1d0	[0x1d4, [0x26a2, nil]]
0x26a7S0x1d0	[0x1d4, [0x26a7, nil]]
0x26a9S0x1d0	[0x1d4, [0x26a9, nil]]
0x26acS0x1d0	[0x1d4, [0x26ac, nil]]
0x26adS0x1d0	[0x1d4, [0x26ad, nil]]
0x26b0S0x1d0	[0x1d4, [0x26b0, nil]]
0x26b2S0x1d0	[0x1d4, [0x26b2, nil]]
0x26b4S0x1d0	[0x1d4, [0x26b4, nil]]
0x26b6S0x1d0	[0x1d4, [0x26b6, nil]]
0x26b8S0x1d0	[0x1d4, [0x26b8, nil]]
0x26baS0x1d0	[0x1d4, [0x26ba, nil]]
0x26bbS0x1d0	[0x1d4, [0x26bb, nil]]
0x26bdS0x1d0	[0x1d4, [0x26bd, nil]]
0x26bfS0x1d0	[0x1d4, [0x26bf, nil]]
0x26c5S0x1d0	[0x1d4, [0x26c5, nil]]
0x26c7S0x1d0	[0x1d4, [0x26c7, nil]]
0x26c8S0x1d0	[0x1d4, [0x26c8, nil]]
0x26caS0x1d0	[0x1d4, [0x26ca, nil]]
0x26ccS0x1d0	[0x1d4, [0x26cc, nil]]
0x26cfS0x1d0	[0x1d4, [0x26cf, nil]]
0x26d2S0x1d0	[0x1d4, [0x26d2, nil]]
0x26d3S0x1d0	[0x1d4, [0x26d3, nil]]
0x26d4S0x1d0	[0x1d4, [0x26d4, nil]]
0x26d6S0x1d0	[0x1d4, [0x26d6, nil]]
0x26d7S0x1d0	[0x1d4, [0x26d7, nil]]
0xe741S0x1d0	[0x1d4, [0x5b5, nil]]
0xe743S0x1d0	[0x1d4, [0x5b7, nil]]
0xe746S0x1d0	[0x1d4, [0x5ba, nil]]
0x26e7S0x1d0	[0x1d4, [0x26e7, nil]]
0x26e9S0x1d0	[0x1d4, [0x26e9, nil]]
0x26eaS0x1d0	[0x1d4, [0x26ea, nil]]
0x26ebS0x1d0	[0x1d4, [0x26eb, nil]]
0x26edS0x1d0	[0x1d4, [0x26ed, nil]]
0x26eeS0x1d0	[0x1d4, [0x26ee, nil]]
0x26f1S0x1d0	[0x1d4, [0x26f1, nil]]
0x26f2S0x1d0	[0x1d4, [0x26f2, nil]]
0x26f4S0x1d0	[0x1d4, [0x26f4, nil]]
0x26f6S0x1d0	[0x1d4, [0x26f6, nil]]
0x26fbS0x1d0	[0x1d4, [0x26fb, nil]]
0x26fdS0x1d0	[0x1d4, [0x26fd, nil]]
0x2702S0x1d0	[0x1d4, [0x2702, nil]]
0x270bS0x1d0	[0x1d4, [0x270b, nil]]
0x270cS0x1d0	[0x1d4, [0x270c, nil]]
0x2720S0x1d0	[0x1d4, [0x2720, nil]]
0x2722S0x1d0	[0x1d4, [0x2722, nil]]
0x2723S0x1d0	[0x1d4, [0x2723, nil]]
0x2728S0x1d0	[0x1d4, [0x2728, nil]]
0x272aS0x1d0	[0x1d4, [0x272a, nil]]
0x272dS0x1d0	[0x1d4, [0x272d, nil]]
0x272fS0x1d0	[0x1d4, [0x272f, nil]]
0x2731S0x1d0	[0x1d4, [0x2731, nil]]
0x2733S0x1d0	[0x1d4, [0x2733, nil]]
0x2734S0x1d0	[0x1d4, [0x2734, nil]]
0x2737S0x1d0	[0x1d4, [0x2737, nil]]
0x2738S0x1d0	[0x1d4, [0x2738, nil]]
0x273bS0x1d0	[0x1d4, [0x273b, nil]]
0x273dS0x1d0	[0x1d4, [0x273d, nil]]
0x2740S0x1d0	[0x1d4, [0x2740, nil]]
0x2745S0x1d0	[0x1d4, [0x2745, nil]]
0x2747S0x1d0	[0x1d4, [0x2747, nil]]
0x274dS0x1d0	[0x1d4, [0x274d, nil]]
0x274fS0x1d0	[0x1d4, [0x274f, nil]]
0x2750S0x1d0	[0x1d4, [0x2750, nil]]
0x2752S0x1d0	[0x1d4, [0x2752, nil]]
0x2754S0x1d0	[0x1d4, [0x2754, nil]]
0x2757S0x1d0	[0x1d4, [0x2757, nil]]
0x2759S0x1d0	[0x1d4, [0x2759, nil]]
0x275bS0x1d0	[0x1d4, [0x275b, nil]]
0x275cS0x1d0	[0x1d4, [0x275c, nil]]
0x275dS0x1d0	[0x1d4, [0x275d, nil]]
0x275fS0x1d0	[0x1d4, [0x275f, nil]]
0x2760S0x1d0	[0x1d4, [0x2760, nil]]
0x271bS0x1d0	[0x1d4, [0x271b, nil]]
0x2770S0x1d0	[0x1d4, [0x2770, nil]]
0x2772S0x1d0	[0x1d4, [0x2772, nil]]
0x2773S0x1d0	[0x1d4, [0x2773, nil]]
0x2774S0x1d0	[0x1d4, [0x2774, nil]]
0x2776S0x1d0	[0x1d4, [0x2776, nil]]
0x2777S0x1d0	[0x1d4, [0x2777, nil]]
0x277aS0x1d0	[0x1d4, [0x277a, nil]]
0x277bS0x1d0	[0x1d4, [0x277b, nil]]
0x277dS0x1d0	[0x1d4, [0x277d, nil]]
0x277fS0x1d0	[0x1d4, [0x277f, nil]]
0x2784S0x1d0	[0x1d4, [0x2784, nil]]
0x2786S0x1d0	[0x1d4, [0x2786, nil]]
0x278bS0x1d0	[0x1d4, [0x278b, nil]]
0x2cc6S0x2661S0x1d0	[0x1d4, [0x2677, [0x2cc6, nil]]]
0x2ccbS0x2661S0x1d0	[0x1d4, [0x2677, [0x2ccb, nil]]]
0x2ccfS0x2661S0x1d0	[0x1d4, [0x2677, [0x2ccf, nil]]]
0x2cd1S0x2661S0x1d0	[0x1d4, [0x2677, [0x2cd1, nil]]]
0x2cd4S0x2661S0x1d0	[0x1d4, [0x2677, [0x2cd4, nil]]]
0x2cd6S0x2661S0x1d0	[0x1d4, [0x2677, [0x2cd6, nil]]]
0x2cd7S0x2661S0x1d0	[0x1d4, [0x2677, [0x2cd7, nil]]]
0x2cdaS0x2661S0x1d0	[0x1d4, [0x2677, [0x2cda, nil]]]
0x2cdcS0x2661S0x1d0	[0x1d4, [0x2677, [0x2cdc, nil]]]
0x2cdeS0x2661S0x1d0	[0x1d4, [0x2677, [0x2cde, nil]]]
0x2ce2S0x2687S0x1d0	[0x1d4, [0x269d, [0x2ce2, nil]]]
0x2ce7S0x2687S0x1d0	[0x1d4, [0x269d, [0x2ce7, nil]]]
0x2cebS0x2687S0x1d0	[0x1d4, [0x269d, [0x2ceb, nil]]]
0x2cedS0x2687S0x1d0	[0x1d4, [0x269d, [0x2ced, nil]]]
0x2cf3S0x2687S0x1d0	[0x1d4, [0x269d, [0x2cf3, nil]]]
0x2cf5S0x2687S0x1d0	[0x1d4, [0x269d, [0x2cf5, nil]]]
0x2cf6S0x2687S0x1d0	[0x1d4, [0x269d, [0x2cf6, nil]]]
0x2cf9S0x2687S0x1d0	[0x1d4, [0x269d, [0x2cf9, nil]]]
0x2cfbS0x2687S0x1d0	[0x1d4, [0x269d, [0x2cfb, nil]]]
0x2cfdS0x2687S0x1d0	[0x1d4, [0x269d, [0x2cfd, nil]]]
0x2d0dS0x26e2S0x1d0	[0x1d4, [0x2705, [0x2d0d, nil]]]
0x2d01S0x26e2S0x1d0	[0x1d4, [0x2705, [0x2d01, nil]]]
0x2d02S0x26e2S0x1d0	[0x1d4, [0x2705, [0x2d02, nil]]]
0x2d06S0x26e2S0x1d0	[0x1d4, [0x2705, [0x2d06, nil]]]
0x2d07S0x26e2S0x1d0	[0x1d4, [0x2705, [0x2d07, nil]]]
0x2d08S0x26e2S0x1d0	[0x1d4, [0x2705, [0x2d08, nil]]]
0x2d09S0x26e2S0x1d0	[0x1d4, [0x2705, [0x2d09, nil]]]
0x2d12S0x26e2S0x1d0	[0x1d4, [0x2705, [0x2d12, nil]]]
0x2e01S0x276bS0x1d0	[0x1d4, [0x278e, [0x2e01, nil]]]
0x2df5S0x276bS0x1d0	[0x1d4, [0x278e, [0x2df5, nil]]]
0x2df6S0x276bS0x1d0	[0x1d4, [0x278e, [0x2df6, nil]]]
0x2dfaS0x276bS0x1d0	[0x1d4, [0x278e, [0x2dfa, nil]]]
0x2dfbS0x276bS0x1d0	[0x1d4, [0x278e, [0x2dfb, nil]]]
0x2dfcS0x276bS0x1d0	[0x1d4, [0x278e, [0x2dfc, nil]]]
0x2dfdS0x276bS0x1d0	[0x1d4, [0x278e, [0x2dfd, nil]]]
0x2e06S0x276bS0x1d0	[0x1d4, [0x278e, [0x2e06, nil]]]
0x2e07S0x276bS0x1d0	[0x1d4, [0x278e, [0x2e07, nil]]]
0x2e0bS0x276bS0x1d0	[0x1d4, [0x278e, [0x2e0b, nil]]]
0x2c71S0x2e04S0x276bS0x1d0	[0x1d4, [0x278e, [0x2e0e, [0x2c71, nil]]]]
0x2c69S0x2e04S0x276bS0x1d0	[0x1d4, [0x278e, [0x2e0e, [0x2c69, nil]]]]
0x2c6aS0x2e04S0x276bS0x1d0	[0x1d4, [0x278e, [0x2e0e, [0x2c6a, nil]]]]
0x2c6cS0x2e04S0x276bS0x1d0	[0x1d4, [0x278e, [0x2e0e, [0x2c6c, nil]]]]
0x2c6dS0x2e04S0x276bS0x1d0	[0x1d4, [0x278e, [0x2e0e, [0x2c6d, nil]]]]
0x2affS0x117	[0x124, [0x2aff, nil]]
0x2b25S0x117	[0x124, [0x2b25, nil]]
0x2af2S0x117	[0x124, [0x2af2, nil]]
0x2af4S0x117	[0x124, [0x2af4, nil]]
0x2af8S0x117	[0x124, [0x2af8, nil]]
0x2af9S0x117	[0x124, [0x2af9, nil]]
0x2afaS0x117	[0x124, [0x2afa, nil]]
0x2afbS0x117	[0x124, [0x2afb, nil]]
0x2b04S0x117	[0x124, [0x2b04, nil]]
0x2b05S0x117	[0x124, [0x2b05, nil]]
0x2b09S0x117	[0x124, [0x2b09, nil]]
0x2b10S0x117	[0x124, [0x2b10, nil]]
0x2b13S0x117	[0x124, [0x2b13, nil]]
0x2b14S0x117	[0x124, [0x2b14, nil]]
0x2b15S0x117	[0x124, [0x2b15, nil]]
0x2b1fS0x117	[0x124, [0x2b1f, nil]]
0x2b20S0x117	[0x124, [0x2b20, nil]]
0x2b21S0x117	[0x124, [0x2b21, nil]]
0x2b29S0x117	[0x124, [0x2b29, nil]]
0x2b2fS0x117	[0x124, [0x2b2f, nil]]
0x2b30S0x117	[0x124, [0x2b30, nil]]
0x2894S0x2b02S0x117	[0x124, [0x2b0c, [0x2894, nil]]]
0x2884S0x2b02S0x117	[0x124, [0x2b0c, [0x2884, nil]]]
0x2886S0x2b02S0x117	[0x124, [0x2b0c, [0x2886, nil]]]
0x2888S0x2b02S0x117	[0x124, [0x2b0c, [0x2888, nil]]]
0x288aS0x2b02S0x117	[0x124, [0x2b0c, [0x288a, nil]]]
0x288bS0x2b02S0x117	[0x124, [0x2b0c, [0x288b, nil]]]
0x288dS0x2b02S0x117	[0x124, [0x2b0c, [0x288d, nil]]]
0x288fS0x2b02S0x117	[0x124, [0x2b0c, [0x288f, nil]]]
0x2890S0x2b02S0x117	[0x124, [0x2b0c, [0x2890, nil]]]
0x2985S0x2b28S0x117	[0x124, [0x2b33, [0x2985, nil]]]
0x299bS0x2b28S0x117	[0x124, [0x2b33, [0x299b, nil]]]
0x299eS0x2b28S0x117	[0x124, [0x2b33, [0x299e, nil]]]
0x29c6S0x2b28S0x117	[0x124, [0x2b33, [0x29c6, nil]]]
0x298aS0x2b28S0x117	[0x124, [0x2b33, [0x298a, nil]]]
0x298bS0x2b28S0x117	[0x124, [0x2b33, [0x298b, nil]]]
0x2995S0x2b28S0x117	[0x124, [0x2b33, [0x2995, nil]]]
0x2996S0x2b28S0x117	[0x124, [0x2b33, [0x2996, nil]]]
0x2997S0x2b28S0x117	[0x124, [0x2b33, [0x2997, nil]]]
0x29a3S0x2b28S0x117	[0x124, [0x2b33, [0x29a3, nil]]]
0x29a6S0x2b28S0x117	[0x124, [0x2b33, [0x29a6, nil]]]
0x29a9S0x2b28S0x117	[0x124, [0x2b33, [0x29a9, nil]]]
0x29aaS0x2b28S0x117	[0x124, [0x2b33, [0x29aa, nil]]]
0x29acS0x2b28S0x117	[0x124, [0x2b33, [0x29ac, nil]]]
0x29adS0x2b28S0x117	[0x124, [0x2b33, [0x29ad, nil]]]
0x29aeS0x2b28S0x117	[0x124, [0x2b33, [0x29ae, nil]]]
0x29b0S0x2b28S0x117	[0x124, [0x2b33, [0x29b0, nil]]]
0x29b1S0x2b28S0x117	[0x124, [0x2b33, [0x29b1, nil]]]
0x70e1S0x2b28S0x117	[0x124, [0x2b33, [0x28e9, nil]]]
0x70e6S0x2b28S0x117	[0x124, [0x2b33, [0x28ee, nil]]]
0x70e8S0x2b28S0x117	[0x124, [0x2b33, [0x28f0, nil]]]
0x70e9S0x2b28S0x117	[0x124, [0x2b33, [0x28f1, nil]]]
0x70ebS0x2b28S0x117	[0x124, [0x2b33, [0x28f3, nil]]]
0x70edS0x2b28S0x117	[0x124, [0x2b33, [0x28f5, nil]]]
0x70f0S0x2b28S0x117	[0x124, [0x2b33, [0x28f8, nil]]]
0x70f2S0x2b28S0x117	[0x124, [0x2b33, [0x28fa, nil]]]
0x29baS0x2b28S0x117	[0x124, [0x2b33, [0x29ba, nil]]]
0x29beS0x2b28S0x117	[0x124, [0x2b33, [0x29be, nil]]]
0x29bfS0x2b28S0x117	[0x124, [0x2b33, [0x29bf, nil]]]
0x29c0S0x2b28S0x117	[0x124, [0x2b33, [0x29c0, nil]]]
0x29c1S0x2b28S0x117	[0x124, [0x2b33, [0x29c1, nil]]]
0x29c2S0x2b28S0x117	[0x124, [0x2b33, [0x29c2, nil]]]
0x29cbS0x2b28S0x117	[0x124, [0x2b33, [0x29cb, nil]]]
0x29ceS0x2b28S0x117	[0x124, [0x2b33, [0x29ce, nil]]]
0x29cfS0x2b28S0x117	[0x124, [0x2b33, [0x29cf, nil]]]
0x29d2S0x2b28S0x117	[0x124, [0x2b33, [0x29d2, nil]]]
0x29d4S0x2b28S0x117	[0x124, [0x2b33, [0x29d4, nil]]]
0x29d7S0x2b28S0x117	[0x124, [0x2b33, [0x29d7, nil]]]
0x29d8S0x2b28S0x117	[0x124, [0x2b33, [0x29d8, nil]]]
0x29daS0x2b28S0x117	[0x124, [0x2b33, [0x29da, nil]]]
0x297aS0x2b28S0x117	[0x124, [0x2b33, [0x297a, nil]]]
0x297cS0x2b28S0x117	[0x124, [0x2b33, [0x297c, nil]]]
0x297fS0x2b28S0x117	[0x124, [0x2b33, [0x297f, nil]]]
0x2980S0x2b28S0x117	[0x124, [0x2b33, [0x2980, nil]]]
0x2981S0x2b28S0x117	[0x124, [0x2b33, [0x2981, nil]]]
0x2947S0x29a2S0x2b28S0x117	[0x124, [0x2b33, [0x29b4, [0x2947, nil]]]]
0x294aS0x29a2S0x2b28S0x117	[0x124, [0x2b33, [0x29b4, [0x294a, nil]]]]
0x294fS0x29a2S0x2b28S0x117	[0x124, [0x2b33, [0x29b4, [0x294f, nil]]]]
0x707bS0x29a2S0x2b28S0x117	[0x124, [0x2b33, [0x29b4, [0x28e9, nil]]]]
0x7080S0x29a2S0x2b28S0x117	[0x124, [0x2b33, [0x29b4, [0x28ee, nil]]]]
0x7082S0x29a2S0x2b28S0x117	[0x124, [0x2b33, [0x29b4, [0x28f0, nil]]]]
0x7083S0x29a2S0x2b28S0x117	[0x124, [0x2b33, [0x29b4, [0x28f1, nil]]]]
0x7085S0x29a2S0x2b28S0x117	[0x124, [0x2b33, [0x29b4, [0x28f3, nil]]]]
0x7087S0x29a2S0x2b28S0x117	[0x124, [0x2b33, [0x29b4, [0x28f5, nil]]]]
0x708aS0x29a2S0x2b28S0x117	[0x124, [0x2b33, [0x29b4, [0x28f8, nil]]]]
0x708cS0x29a2S0x2b28S0x117	[0x124, [0x2b33, [0x29b4, [0x28fa, nil]]]]
0x2926S0x29a2S0x2b28S0x117	[0x124, [0x2b33, [0x29b4, [0x2926, nil]]]]
0x2928S0x29a2S0x2b28S0x117	[0x124, [0x2b33, [0x29b4, [0x2928, nil]]]]
0x2929S0x29a2S0x2b28S0x117	[0x124, [0x2b33, [0x29b4, [0x2929, nil]]]]
0x292cS0x29a2S0x2b28S0x117	[0x124, [0x2b33, [0x29b4, [0x292c, nil]]]]
0x292dS0x29a2S0x2b28S0x117	[0x124, [0x2b33, [0x29b4, [0x292d, nil]]]]
0x292fS0x29a2S0x2b28S0x117	[0x124, [0x2b33, [0x29b4, [0x292f, nil]]]]
0x2930S0x29a2S0x2b28S0x117	[0x124, [0x2b33, [0x29b4, [0x2930, nil]]]]
0x2932S0x29a2S0x2b28S0x117	[0x124, [0x2b33, [0x29b4, [0x2932, nil]]]]
0x2933S0x29a2S0x2b28S0x117	[0x124, [0x2b33, [0x29b4, [0x2933, nil]]]]
0x293dS0x29a2S0x2b28S0x117	[0x124, [0x2b33, [0x29b4, [0x293d, nil]]]]
0x2940S0x29a2S0x2b28S0x117	[0x124, [0x2b33, [0x29b4, [0x2940, nil]]]]
0x2941S0x29a2S0x2b28S0x117	[0x124, [0x2b33, [0x29b4, [0x2941, nil]]]]
0x2942S0x29a2S0x2b28S0x117	[0x124, [0x2b33, [0x29b4, [0x2942, nil]]]]
0x2943S0x29a2S0x2b28S0x117	[0x124, [0x2b33, [0x29b4, [0x2943, nil]]]]
0xc43S0x125	[0x129, [0xc43, nil]]
0xc46S0x125	[0x129, [0xc46, nil]]
0xc8bS0x125	[0x129, [0xc8b, nil]]
0xc8eS0x125	[0x129, [0xc8e, nil]]
0xcd3S0x125	[0x129, [0xcd3, nil]]
0xcd6S0x125	[0x129, [0xcd6, nil]]
0xd1bS0x125	[0x129, [0xd1b, nil]]
0xd1eS0x125	[0x129, [0xd1e, nil]]
0xd63S0x125	[0x129, [0xd63, nil]]
0xd66S0x125	[0x129, [0xd66, nil]]
0xdabS0x125	[0x129, [0xdab, nil]]
0xdaeS0x125	[0x129, [0xdae, nil]]
0xdf3S0x125	[0x129, [0xdf3, nil]]
0xdf6S0x125	[0x129, [0xdf6, nil]]
0xe3bS0x125	[0x129, [0xe3b, nil]]
0xe3eS0x125	[0x129, [0xe3e, nil]]
0xe83S0x125	[0x129, [0xe83, nil]]
0xe86S0x125	[0x129, [0xe86, nil]]
0xecbS0x125	[0x129, [0xecb, nil]]
0xeceS0x125	[0x129, [0xece, nil]]
0xf13S0x125	[0x129, [0xf13, nil]]
0xf16S0x125	[0x129, [0xf16, nil]]
0xf5bS0x125	[0x129, [0xf5b, nil]]
0xf5eS0x125	[0x129, [0xf5e, nil]]
0xf91S0x125	[0x129, [0xf91, nil]]
0xf93S0x125	[0x129, [0xf93, nil]]
0xf94S0x125	[0x129, [0xf94, nil]]
0xf98S0x125	[0x129, [0xf98, nil]]
0xf9aS0x125	[0x129, [0xf9a, nil]]
0xf9dS0x125	[0x129, [0xf9d, nil]]
0xf9fS0x125	[0x129, [0xf9f, nil]]
0xfa0S0x125	[0x129, [0xfa0, nil]]
0xfa4S0x125	[0x129, [0xfa4, nil]]
0xfdaS0x125	[0x129, [0xfda, nil]]
0xfdcS0x125	[0x129, [0xfdc, nil]]
0xfdfS0x125	[0x129, [0xfdf, nil]]
0xfe1S0x125	[0x129, [0xfe1, nil]]
0xfe2S0x125	[0x129, [0xfe2, nil]]
0xfe4S0x125	[0x129, [0xfe4, nil]]
0xfe5S0x125	[0x129, [0xfe5, nil]]
0xfe6S0x125	[0x129, [0xfe6, nil]]
0xfe8S0x125	[0x129, [0xfe8, nil]]
0xfe9S0x125	[0x129, [0xfe9, nil]]
0xfecS0x125	[0x129, [0xfec, nil]]
0xfefS0x125	[0x129, [0xfef, nil]]
0xff0S0x125	[0x129, [0xff0, nil]]
0xff1S0x125	[0x129, [0xff1, nil]]
0xff4S0x125	[0x129, [0xff4, nil]]
0xff6S0x125	[0x129, [0xff6, nil]]
0x1009S0x125	[0x129, [0x1009, nil]]
0x100bS0x125	[0x129, [0x100b, nil]]
0x100cS0x125	[0x129, [0x100c, nil]]
0x1010S0x125	[0x129, [0x1010, nil]]
0x1012S0x125	[0x129, [0x1012, nil]]
0x1015S0x125	[0x129, [0x1015, nil]]
0x1017S0x125	[0x129, [0x1017, nil]]
0x1018S0x125	[0x129, [0x1018, nil]]
0x101cS0x125	[0x129, [0x101c, nil]]
0x1032S0x125	[0x129, [0x1032, nil]]
0x1035S0x125	[0x129, [0x1035, nil]]
0x1036S0x125	[0x129, [0x1036, nil]]
0x103aS0x125	[0x129, [0x103a, nil]]
0x103dS0x125	[0x129, [0x103d, nil]]
0x1041S0x125	[0x129, [0x1041, nil]]
0x1043S0x125	[0x129, [0x1043, nil]]
0x1045S0x125	[0x129, [0x1045, nil]]
0x1047S0x125	[0x129, [0x1047, nil]]
0x1048S0x125	[0x129, [0x1048, nil]]
0x104dS0x125	[0x129, [0x104d, nil]]
0x106bS0x125	[0x129, [0x106b, nil]]
0x106dS0x125	[0x129, [0x106d, nil]]
0x1070S0x125	[0x129, [0x1070, nil]]
0x1072S0x125	[0x129, [0x1072, nil]]
0x1073S0x125	[0x129, [0x1073, nil]]
0x1075S0x125	[0x129, [0x1075, nil]]
0x1076S0x125	[0x129, [0x1076, nil]]
0x1077S0x125	[0x129, [0x1077, nil]]
0x1079S0x125	[0x129, [0x1079, nil]]
0x107aS0x125	[0x129, [0x107a, nil]]
0x107dS0x125	[0x129, [0x107d, nil]]
0x1080S0x125	[0x129, [0x1080, nil]]
0x1081S0x125	[0x129, [0x1081, nil]]
0x1082S0x125	[0x129, [0x1082, nil]]
0x1085S0x125	[0x129, [0x1085, nil]]
0x1087S0x125	[0x129, [0x1087, nil]]
0x109aS0x125	[0x129, [0x109a, nil]]
0x109cS0x125	[0x129, [0x109c, nil]]
0x109dS0x125	[0x129, [0x109d, nil]]
0x10a1S0x125	[0x129, [0x10a1, nil]]
0x10a3S0x125	[0x129, [0x10a3, nil]]
0x10a6S0x125	[0x129, [0x10a6, nil]]
0x10a8S0x125	[0x129, [0x10a8, nil]]
0x10a9S0x125	[0x129, [0x10a9, nil]]
0x10adS0x125	[0x129, [0x10ad, nil]]
0xc00S0x125	[0x129, [0xc00, nil]]
0xc03S0x125	[0x129, [0xc03, nil]]
0xc04S0x125	[0x129, [0xc04, nil]]
0xc09S0x125	[0x129, [0xc09, nil]]
0xc0dS0x125	[0x129, [0xc0d, nil]]
0xc11S0x125	[0x129, [0xc11, nil]]
0xc13S0x125	[0x129, [0xc13, nil]]
0xc16S0x125	[0x129, [0xc16, nil]]
0xc17S0x125	[0x129, [0xc17, nil]]
0xc1bS0x125	[0x129, [0xc1b, nil]]
0xc1eS0x125	[0x129, [0xc1e, nil]]
0xc24S0x125	[0x129, [0xc24, nil]]
0xc3aS0x125	[0x129, [0xc3a, nil]]
0xc3cS0x125	[0x129, [0xc3c, nil]]
0xc3eS0x125	[0x129, [0xc3e, nil]]
0xc3fS0x125	[0x129, [0xc3f, nil]]
0xc4bS0x125	[0x129, [0xc4b, nil]]
0xc4dS0x125	[0x129, [0xc4d, nil]]
0xc4eS0x125	[0x129, [0xc4e, nil]]
0xc50S0x125	[0x129, [0xc50, nil]]
0xc51S0x125	[0x129, [0xc51, nil]]
0xc53S0x125	[0x129, [0xc53, nil]]
0xc55S0x125	[0x129, [0xc55, nil]]
0xc57S0x125	[0x129, [0xc57, nil]]
0xc59S0x125	[0x129, [0xc59, nil]]
0xc5aS0x125	[0x129, [0xc5a, nil]]
0xc5bS0x125	[0x129, [0xc5b, nil]]
0xc5eS0x125	[0x129, [0xc5e, nil]]
0xc60S0x125	[0x129, [0xc60, nil]]
0xc62S0x125	[0x129, [0xc62, nil]]
0xc64S0x125	[0x129, [0xc64, nil]]
0xc65S0x125	[0x129, [0xc65, nil]]
0xc66S0x125	[0x129, [0xc66, nil]]
0xc6bS0x125	[0x129, [0xc6b, nil]]
0xc81S0x125	[0x129, [0xc81, nil]]
0xc84S0x125	[0x129, [0xc84, nil]]
0xc86S0x125	[0x129, [0xc86, nil]]
0xc87S0x125	[0x129, [0xc87, nil]]
0x618aS0x125	[0x129, [0x2cb2, nil]]
0x618fS0x125	[0x129, [0x2cb7, nil]]
0x6191S0x125	[0x129, [0x2cb9, nil]]
0x6192S0x125	[0x129, [0x2cba, nil]]
0x6194S0x125	[0x129, [0x2cbc, nil]]
0x6196S0x125	[0x129, [0x2cbe, nil]]
0x6199S0x125	[0x129, [0x2cc1, nil]]
0x619bS0x125	[0x129, [0x2cc3, nil]]
0xc93S0x125	[0x129, [0xc93, nil]]
0xc95S0x125	[0x129, [0xc95, nil]]
0xc96S0x125	[0x129, [0xc96, nil]]
0xc98S0x125	[0x129, [0xc98, nil]]
0xc99S0x125	[0x129, [0xc99, nil]]
0xc9bS0x125	[0x129, [0xc9b, nil]]
0xc9dS0x125	[0x129, [0xc9d, nil]]
0xc9fS0x125	[0x129, [0xc9f, nil]]
0xca1S0x125	[0x129, [0xca1, nil]]
0xca2S0x125	[0x129, [0xca2, nil]]
0xca3S0x125	[0x129, [0xca3, nil]]
0xca6S0x125	[0x129, [0xca6, nil]]
0xca8S0x125	[0x129, [0xca8, nil]]
0xcaaS0x125	[0x129, [0xcaa, nil]]
0xcacS0x125	[0x129, [0xcac, nil]]
0xcadS0x125	[0x129, [0xcad, nil]]
0xcaeS0x125	[0x129, [0xcae, nil]]
0xcb3S0x125	[0x129, [0xcb3, nil]]
0xcc9S0x125	[0x129, [0xcc9, nil]]
0xcccS0x125	[0x129, [0xccc, nil]]
0xcceS0x125	[0x129, [0xcce, nil]]
0xccfS0x125	[0x129, [0xccf, nil]]
0x61bdS0x125	[0x129, [0x2cb2, nil]]
0x61c2S0x125	[0x129, [0x2cb7, nil]]
0x61c4S0x125	[0x129, [0x2cb9, nil]]
0x61c5S0x125	[0x129, [0x2cba, nil]]
0x61c7S0x125	[0x129, [0x2cbc, nil]]
0x61c9S0x125	[0x129, [0x2cbe, nil]]
0x61ccS0x125	[0x129, [0x2cc1, nil]]
0x61ceS0x125	[0x129, [0x2cc3, nil]]
0xcdbS0x125	[0x129, [0xcdb, nil]]
0xcddS0x125	[0x129, [0xcdd, nil]]
0xcdeS0x125	[0x129, [0xcde, nil]]
0xce0S0x125	[0x129, [0xce0, nil]]
0xce1S0x125	[0x129, [0xce1, nil]]
0xce3S0x125	[0x129, [0xce3, nil]]
0xce5S0x125	[0x129, [0xce5, nil]]
0xce7S0x125	[0x129, [0xce7, nil]]
0xce9S0x125	[0x129, [0xce9, nil]]
0xceaS0x125	[0x129, [0xcea, nil]]
0xcebS0x125	[0x129, [0xceb, nil]]
0xceeS0x125	[0x129, [0xcee, nil]]
0xcf0S0x125	[0x129, [0xcf0, nil]]
0xcf2S0x125	[0x129, [0xcf2, nil]]
0xcf4S0x125	[0x129, [0xcf4, nil]]
0xcf5S0x125	[0x129, [0xcf5, nil]]
0xcf6S0x125	[0x129, [0xcf6, nil]]
0xcfbS0x125	[0x129, [0xcfb, nil]]
0xd11S0x125	[0x129, [0xd11, nil]]
0xd14S0x125	[0x129, [0xd14, nil]]
0xd16S0x125	[0x129, [0xd16, nil]]
0xd17S0x125	[0x129, [0xd17, nil]]
0x61f0S0x125	[0x129, [0x2cb2, nil]]
0x61f5S0x125	[0x129, [0x2cb7, nil]]
0x61f7S0x125	[0x129, [0x2cb9, nil]]
0x61f8S0x125	[0x129, [0x2cba, nil]]
0x61faS0x125	[0x129, [0x2cbc, nil]]
0x61fcS0x125	[0x129, [0x2cbe, nil]]
0x61ffS0x125	[0x129, [0x2cc1, nil]]
0x6201S0x125	[0x129, [0x2cc3, nil]]
0xd23S0x125	[0x129, [0xd23, nil]]
0xd25S0x125	[0x129, [0xd25, nil]]
0xd26S0x125	[0x129, [0xd26, nil]]
0xd28S0x125	[0x129, [0xd28, nil]]
0xd29S0x125	[0x129, [0xd29, nil]]
0xd2bS0x125	[0x129, [0xd2b, nil]]
0xd2dS0x125	[0x129, [0xd2d, nil]]
0xd2fS0x125	[0x129, [0xd2f, nil]]
0xd31S0x125	[0x129, [0xd31, nil]]
0xd32S0x125	[0x129, [0xd32, nil]]
0xd33S0x125	[0x129, [0xd33, nil]]
0xd36S0x125	[0x129, [0xd36, nil]]
0xd38S0x125	[0x129, [0xd38, nil]]
0xd3aS0x125	[0x129, [0xd3a, nil]]
0xd3cS0x125	[0x129, [0xd3c, nil]]
0xd3dS0x125	[0x129, [0xd3d, nil]]
0xd3eS0x125	[0x129, [0xd3e, nil]]
0xd43S0x125	[0x129, [0xd43, nil]]
0xd59S0x125	[0x129, [0xd59, nil]]
0xd5cS0x125	[0x129, [0xd5c, nil]]
0xd5eS0x125	[0x129, [0xd5e, nil]]
0xd5fS0x125	[0x129, [0xd5f, nil]]
0x6223S0x125	[0x129, [0x2cb2, nil]]
0x6228S0x125	[0x129, [0x2cb7, nil]]
0x622aS0x125	[0x129, [0x2cb9, nil]]
0x622bS0x125	[0x129, [0x2cba, nil]]
0x622dS0x125	[0x129, [0x2cbc, nil]]
0x622fS0x125	[0x129, [0x2cbe, nil]]
0x6232S0x125	[0x129, [0x2cc1, nil]]
0x6234S0x125	[0x129, [0x2cc3, nil]]
0xd6bS0x125	[0x129, [0xd6b, nil]]
0xd6dS0x125	[0x129, [0xd6d, nil]]
0xd6eS0x125	[0x129, [0xd6e, nil]]
0xd70S0x125	[0x129, [0xd70, nil]]
0xd71S0x125	[0x129, [0xd71, nil]]
0xd73S0x125	[0x129, [0xd73, nil]]
0xd75S0x125	[0x129, [0xd75, nil]]
0xd77S0x125	[0x129, [0xd77, nil]]
0xd79S0x125	[0x129, [0xd79, nil]]
0xd7aS0x125	[0x129, [0xd7a, nil]]
0xd7bS0x125	[0x129, [0xd7b, nil]]
0xd7eS0x125	[0x129, [0xd7e, nil]]
0xd80S0x125	[0x129, [0xd80, nil]]
0xd82S0x125	[0x129, [0xd82, nil]]
0xd84S0x125	[0x129, [0xd84, nil]]
0xd85S0x125	[0x129, [0xd85, nil]]
0xd86S0x125	[0x129, [0xd86, nil]]
0xd8bS0x125	[0x129, [0xd8b, nil]]
0xda1S0x125	[0x129, [0xda1, nil]]
0xda4S0x125	[0x129, [0xda4, nil]]
0xda6S0x125	[0x129, [0xda6, nil]]
0xda7S0x125	[0x129, [0xda7, nil]]
0x6256S0x125	[0x129, [0x2cb2, nil]]
0x625bS0x125	[0x129, [0x2cb7, nil]]
0x625dS0x125	[0x129, [0x2cb9, nil]]
0x625eS0x125	[0x129, [0x2cba, nil]]
0x6260S0x125	[0x129, [0x2cbc, nil]]
0x6262S0x125	[0x129, [0x2cbe, nil]]
0x6265S0x125	[0x129, [0x2cc1, nil]]
0x6267S0x125	[0x129, [0x2cc3, nil]]
0xdb3S0x125	[0x129, [0xdb3, nil]]
0xdb5S0x125	[0x129, [0xdb5, nil]]
0xdb6S0x125	[0x129, [0xdb6, nil]]
0xdb8S0x125	[0x129, [0xdb8, nil]]
0xdb9S0x125	[0x129, [0xdb9, nil]]
0xdbbS0x125	[0x129, [0xdbb, nil]]
0xdbdS0x125	[0x129, [0xdbd, nil]]
0xdbfS0x125	[0x129, [0xdbf, nil]]
0xdc1S0x125	[0x129, [0xdc1, nil]]
0xdc2S0x125	[0x129, [0xdc2, nil]]
0xdc3S0x125	[0x129, [0xdc3, nil]]
0xdc6S0x125	[0x129, [0xdc6, nil]]
0xdc8S0x125	[0x129, [0xdc8, nil]]
0xdcaS0x125	[0x129, [0xdca, nil]]
0xdccS0x125	[0x129, [0xdcc, nil]]
0xdcdS0x125	[0x129, [0xdcd, nil]]
0xdceS0x125	[0x129, [0xdce, nil]]
0xdd3S0x125	[0x129, [0xdd3, nil]]
0xde9S0x125	[0x129, [0xde9, nil]]
0xdecS0x125	[0x129, [0xdec, nil]]
0xdeeS0x125	[0x129, [0xdee, nil]]
0xdefS0x125	[0x129, [0xdef, nil]]
0x6289S0x125	[0x129, [0x2cb2, nil]]
0x628eS0x125	[0x129, [0x2cb7, nil]]
0x6290S0x125	[0x129, [0x2cb9, nil]]
0x6291S0x125	[0x129, [0x2cba, nil]]
0x6293S0x125	[0x129, [0x2cbc, nil]]
0x6295S0x125	[0x129, [0x2cbe, nil]]
0x6298S0x125	[0x129, [0x2cc1, nil]]
0x629aS0x125	[0x129, [0x2cc3, nil]]
0xdfbS0x125	[0x129, [0xdfb, nil]]
0xdfdS0x125	[0x129, [0xdfd, nil]]
0xdfeS0x125	[0x129, [0xdfe, nil]]
0xe00S0x125	[0x129, [0xe00, nil]]
0xe01S0x125	[0x129, [0xe01, nil]]
0xe03S0x125	[0x129, [0xe03, nil]]
0xe05S0x125	[0x129, [0xe05, nil]]
0xe07S0x125	[0x129, [0xe07, nil]]
0xe09S0x125	[0x129, [0xe09, nil]]
0xe0aS0x125	[0x129, [0xe0a, nil]]
0xe0bS0x125	[0x129, [0xe0b, nil]]
0xe0eS0x125	[0x129, [0xe0e, nil]]
0xe10S0x125	[0x129, [0xe10, nil]]
0xe12S0x125	[0x129, [0xe12, nil]]
0xe14S0x125	[0x129, [0xe14, nil]]
0xe15S0x125	[0x129, [0xe15, nil]]
0xe16S0x125	[0x129, [0xe16, nil]]
0xe1bS0x125	[0x129, [0xe1b, nil]]
0xe31S0x125	[0x129, [0xe31, nil]]
0xe34S0x125	[0x129, [0xe34, nil]]
0xe36S0x125	[0x129, [0xe36, nil]]
0xe37S0x125	[0x129, [0xe37, nil]]
0x62bcS0x125	[0x129, [0x2cb2, nil]]
0x62c1S0x125	[0x129, [0x2cb7, nil]]
0x62c3S0x125	[0x129, [0x2cb9, nil]]
0x62c4S0x125	[0x129, [0x2cba, nil]]
0x62c6S0x125	[0x129, [0x2cbc, nil]]
0x62c8S0x125	[0x129, [0x2cbe, nil]]
0x62cbS0x125	[0x129, [0x2cc1, nil]]
0x62cdS0x125	[0x129, [0x2cc3, nil]]
0xe43S0x125	[0x129, [0xe43, nil]]
0xe45S0x125	[0x129, [0xe45, nil]]
0xe46S0x125	[0x129, [0xe46, nil]]
0xe48S0x125	[0x129, [0xe48, nil]]
0xe49S0x125	[0x129, [0xe49, nil]]
0xe4bS0x125	[0x129, [0xe4b, nil]]
0xe4dS0x125	[0x129, [0xe4d, nil]]
0xe4fS0x125	[0x129, [0xe4f, nil]]
0xe51S0x125	[0x129, [0xe51, nil]]
0xe52S0x125	[0x129, [0xe52, nil]]
0xe53S0x125	[0x129, [0xe53, nil]]
0xe56S0x125	[0x129, [0xe56, nil]]
0xe58S0x125	[0x129, [0xe58, nil]]
0xe5aS0x125	[0x129, [0xe5a, nil]]
0xe5cS0x125	[0x129, [0xe5c, nil]]
0xe5dS0x125	[0x129, [0xe5d, nil]]
0xe5eS0x125	[0x129, [0xe5e, nil]]
0xe63S0x125	[0x129, [0xe63, nil]]
0xe79S0x125	[0x129, [0xe79, nil]]
0xe7cS0x125	[0x129, [0xe7c, nil]]
0xe7eS0x125	[0x129, [0xe7e, nil]]
0xe7fS0x125	[0x129, [0xe7f, nil]]
0x62efS0x125	[0x129, [0x2cb2, nil]]
0x62f4S0x125	[0x129, [0x2cb7, nil]]
0x62f6S0x125	[0x129, [0x2cb9, nil]]
0x62f7S0x125	[0x129, [0x2cba, nil]]
0x62f9S0x125	[0x129, [0x2cbc, nil]]
0x62fbS0x125	[0x129, [0x2cbe, nil]]
0x62feS0x125	[0x129, [0x2cc1, nil]]
0x6300S0x125	[0x129, [0x2cc3, nil]]
0xe8bS0x125	[0x129, [0xe8b, nil]]
0xe8dS0x125	[0x129, [0xe8d, nil]]
0xe8eS0x125	[0x129, [0xe8e, nil]]
0xe90S0x125	[0x129, [0xe90, nil]]
0xe91S0x125	[0x129, [0xe91, nil]]
0xe93S0x125	[0x129, [0xe93, nil]]
0xe95S0x125	[0x129, [0xe95, nil]]
0xe97S0x125	[0x129, [0xe97, nil]]
0xe99S0x125	[0x129, [0xe99, nil]]
0xe9aS0x125	[0x129, [0xe9a, nil]]
0xe9bS0x125	[0x129, [0xe9b, nil]]
0xe9eS0x125	[0x129, [0xe9e, nil]]
0xea0S0x125	[0x129, [0xea0, nil]]
0xea2S0x125	[0x129, [0xea2, nil]]
0xea4S0x125	[0x129, [0xea4, nil]]
0xea5S0x125	[0x129, [0xea5, nil]]
0xea6S0x125	[0x129, [0xea6, nil]]
0xeabS0x125	[0x129, [0xeab, nil]]
0xec1S0x125	[0x129, [0xec1, nil]]
0xec4S0x125	[0x129, [0xec4, nil]]
0xec6S0x125	[0x129, [0xec6, nil]]
0xec7S0x125	[0x129, [0xec7, nil]]
0x6322S0x125	[0x129, [0x2cb2, nil]]
0x6327S0x125	[0x129, [0x2cb7, nil]]
0x6329S0x125	[0x129, [0x2cb9, nil]]
0x632aS0x125	[0x129, [0x2cba, nil]]
0x632cS0x125	[0x129, [0x2cbc, nil]]
0x632eS0x125	[0x129, [0x2cbe, nil]]
0x6331S0x125	[0x129, [0x2cc1, nil]]
0x6333S0x125	[0x129, [0x2cc3, nil]]
0xed3S0x125	[0x129, [0xed3, nil]]
0xed5S0x125	[0x129, [0xed5, nil]]
0xed6S0x125	[0x129, [0xed6, nil]]
0xed8S0x125	[0x129, [0xed8, nil]]
0xed9S0x125	[0x129, [0xed9, nil]]
0xedbS0x125	[0x129, [0xedb, nil]]
0xeddS0x125	[0x129, [0xedd, nil]]
0xedfS0x125	[0x129, [0xedf, nil]]
0xee1S0x125	[0x129, [0xee1, nil]]
0xee2S0x125	[0x129, [0xee2, nil]]
0xee3S0x125	[0x129, [0xee3, nil]]
0xee6S0x125	[0x129, [0xee6, nil]]
0xee8S0x125	[0x129, [0xee8, nil]]
0xeeaS0x125	[0x129, [0xeea, nil]]
0xeecS0x125	[0x129, [0xeec, nil]]
0xeedS0x125	[0x129, [0xeed, nil]]
0xeeeS0x125	[0x129, [0xeee, nil]]
0xef3S0x125	[0x129, [0xef3, nil]]
0xf09S0x125	[0x129, [0xf09, nil]]
0xf0cS0x125	[0x129, [0xf0c, nil]]
0xf0eS0x125	[0x129, [0xf0e, nil]]
0xf0fS0x125	[0x129, [0xf0f, nil]]
0x6355S0x125	[0x129, [0x2cb2, nil]]
0x635aS0x125	[0x129, [0x2cb7, nil]]
0x635cS0x125	[0x129, [0x2cb9, nil]]
0x635dS0x125	[0x129, [0x2cba, nil]]
0x635fS0x125	[0x129, [0x2cbc, nil]]
0x6361S0x125	[0x129, [0x2cbe, nil]]
0x6364S0x125	[0x129, [0x2cc1, nil]]
0x6366S0x125	[0x129, [0x2cc3, nil]]
0xf1bS0x125	[0x129, [0xf1b, nil]]
0xf1dS0x125	[0x129, [0xf1d, nil]]
0xf1eS0x125	[0x129, [0xf1e, nil]]
0xf20S0x125	[0x129, [0xf20, nil]]
0xf21S0x125	[0x129, [0xf21, nil]]
0xf23S0x125	[0x129, [0xf23, nil]]
0xf25S0x125	[0x129, [0xf25, nil]]
0xf27S0x125	[0x129, [0xf27, nil]]
0xf29S0x125	[0x129, [0xf29, nil]]
0xf2aS0x125	[0x129, [0xf2a, nil]]
0xf2bS0x125	[0x129, [0xf2b, nil]]
0xf2eS0x125	[0x129, [0xf2e, nil]]
0xf30S0x125	[0x129, [0xf30, nil]]
0xf32S0x125	[0x129, [0xf32, nil]]
0xf34S0x125	[0x129, [0xf34, nil]]
0xf35S0x125	[0x129, [0xf35, nil]]
0xf36S0x125	[0x129, [0xf36, nil]]
0xf3bS0x125	[0x129, [0xf3b, nil]]
0xf51S0x125	[0x129, [0xf51, nil]]
0xf54S0x125	[0x129, [0xf54, nil]]
0xf56S0x125	[0x129, [0xf56, nil]]
0xf57S0x125	[0x129, [0xf57, nil]]
0x6388S0x125	[0x129, [0x2cb2, nil]]
0x638dS0x125	[0x129, [0x2cb7, nil]]
0x638fS0x125	[0x129, [0x2cb9, nil]]
0x6390S0x125	[0x129, [0x2cba, nil]]
0x6392S0x125	[0x129, [0x2cbc, nil]]
0x6394S0x125	[0x129, [0x2cbe, nil]]
0x6397S0x125	[0x129, [0x2cc1, nil]]
0x6399S0x125	[0x129, [0x2cc3, nil]]
0xf63S0x125	[0x129, [0xf63, nil]]
0xf65S0x125	[0x129, [0xf65, nil]]
0xf66S0x125	[0x129, [0xf66, nil]]
0xf68S0x125	[0x129, [0xf68, nil]]
0xf69S0x125	[0x129, [0xf69, nil]]
0xf6bS0x125	[0x129, [0xf6b, nil]]
0xf6dS0x125	[0x129, [0xf6d, nil]]
0xf6fS0x125	[0x129, [0xf6f, nil]]
0xf71S0x125	[0x129, [0xf71, nil]]
0xf72S0x125	[0x129, [0xf72, nil]]
0xf73S0x125	[0x129, [0xf73, nil]]
0xf76S0x125	[0x129, [0xf76, nil]]
0xf78S0x125	[0x129, [0xf78, nil]]
0xf7aS0x125	[0x129, [0xf7a, nil]]
0xf7cS0x125	[0x129, [0xf7c, nil]]
0xf7dS0x125	[0x129, [0xf7d, nil]]
0xf7eS0x125	[0x129, [0xf7e, nil]]
0xf83S0x125	[0x129, [0xf83, nil]]
0xf87S0x125	[0x129, [0xf87, nil]]
0xf88S0x125	[0x129, [0xf88, nil]]
0xf8bS0x125	[0x129, [0xf8b, nil]]
0x63bbS0x125	[0x129, [0x2cb2, nil]]
0x63c0S0x125	[0x129, [0x2cb7, nil]]
0x63c2S0x125	[0x129, [0x2cb9, nil]]
0x63c3S0x125	[0x129, [0x2cba, nil]]
0x63c5S0x125	[0x129, [0x2cbc, nil]]
0x63c7S0x125	[0x129, [0x2cbe, nil]]
0x63caS0x125	[0x129, [0x2cc1, nil]]
0x63ccS0x125	[0x129, [0x2cc3, nil]]
0xf8dS0x125	[0x129, [0xf8d, nil]]
0xfa9S0x125	[0x129, [0xfa9, nil]]
0xfabS0x125	[0x129, [0xfab, nil]]
0xfadS0x125	[0x129, [0xfad, nil]]
0xfafS0x125	[0x129, [0xfaf, nil]]
0xfb1S0x125	[0x129, [0xfb1, nil]]
0xfb2S0x125	[0x129, [0xfb2, nil]]
0xfb3S0x125	[0x129, [0xfb3, nil]]
0xfb5S0x125	[0x129, [0xfb5, nil]]
0xfb7S0x125	[0x129, [0xfb7, nil]]
0xfb8S0x125	[0x129, [0xfb8, nil]]
0xfbdS0x125	[0x129, [0xfbd, nil]]
0xe4a0S0x125	[0x129, [0x5b5, nil]]
0xe4a2S0x125	[0x129, [0x5b7, nil]]
0xe4a5S0x125	[0x129, [0x5ba, nil]]
0xfc2S0x125	[0x129, [0xfc2, nil]]
0xfc3S0x125	[0x129, [0xfc3, nil]]
0xfc5S0x125	[0x129, [0xfc5, nil]]
0xfc8S0x125	[0x129, [0xfc8, nil]]
0xfcaS0x125	[0x129, [0xfca, nil]]
0xfccS0x125	[0x129, [0xfcc, nil]]
0xfcdS0x125	[0x129, [0xfcd, nil]]
0xfd1S0x125	[0x129, [0xfd1, nil]]
0xfd3S0x125	[0x129, [0xfd3, nil]]
0xfd5S0x125	[0x129, [0xfd5, nil]]
0xfd6S0x125	[0x129, [0xfd6, nil]]
0xffbS0x125	[0x129, [0xffb, nil]]
0x1005S0x125	[0x129, [0x1005, nil]]
0x1023S0x125	[0x129, [0x1023, nil]]
0x1024S0x125	[0x129, [0x1024, nil]]
0xe4c8S0x125	[0x129, [0x5b5, nil]]
0xe4caS0x125	[0x129, [0x5b7, nil]]
0xe4cdS0x125	[0x129, [0x5ba, nil]]
0x102dS0x125	[0x129, [0x102d, nil]]
0x102eS0x125	[0x129, [0x102e, nil]]
0x1052S0x125	[0x129, [0x1052, nil]]
0x1053S0x125	[0x129, [0x1053, nil]]
0x1055S0x125	[0x129, [0x1055, nil]]
0x1058S0x125	[0x129, [0x1058, nil]]
0x105cS0x125	[0x129, [0x105c, nil]]
0x105dS0x125	[0x129, [0x105d, nil]]
0x1062S0x125	[0x129, [0x1062, nil]]
0x1064S0x125	[0x129, [0x1064, nil]]
0x1066S0x125	[0x129, [0x1066, nil]]
0x1067S0x125	[0x129, [0x1067, nil]]
0x108cS0x125	[0x129, [0x108c, nil]]
0x1096S0x125	[0x129, [0x1096, nil]]
0xe515S0x125	[0x129, [0x5b5, nil]]
0xe517S0x125	[0x129, [0x5b7, nil]]
0xe51aS0x125	[0x129, [0x5ba, nil]]
0x1029S0x125	[0x129, [0x1029, nil]]
0x102aS0x125	[0x129, [0x102a, nil]]
0x102bS0x125	[0x129, [0x102b, nil]]
0x2cc6S0xf91S0x125	[0x129, [0xfa7, [0x2cc6, nil]]]
0x2ccbS0xf91S0x125	[0x129, [0xfa7, [0x2ccb, nil]]]
0x2ccfS0xf91S0x125	[0x129, [0xfa7, [0x2ccf, nil]]]
0x2cd1S0xf91S0x125	[0x129, [0xfa7, [0x2cd1, nil]]]
0x2cd4S0xf91S0x125	[0x129, [0xfa7, [0x2cd4, nil]]]
0x2cd6S0xf91S0x125	[0x129, [0xfa7, [0x2cd6, nil]]]
0x2cd7S0xf91S0x125	[0x129, [0xfa7, [0x2cd7, nil]]]
0x2cdaS0xf91S0x125	[0x129, [0xfa7, [0x2cda, nil]]]
0x2cdcS0xf91S0x125	[0x129, [0xfa7, [0x2cdc, nil]]]
0x2cdeS0xf91S0x125	[0x129, [0xfa7, [0x2cde, nil]]]
0x2d87S0x1009S0x125	[0x129, [0x101f, [0x2d87, nil]]]
0x2d8cS0x1009S0x125	[0x129, [0x101f, [0x2d8c, nil]]]
0x2d90S0x1009S0x125	[0x129, [0x101f, [0x2d90, nil]]]
0x2d92S0x1009S0x125	[0x129, [0x101f, [0x2d92, nil]]]
0x2da5S0x1009S0x125	[0x129, [0x101f, [0x2da5, nil]]]
0x2da7S0x1009S0x125	[0x129, [0x101f, [0x2da7, nil]]]
0x2da8S0x1009S0x125	[0x129, [0x101f, [0x2da8, nil]]]
0x2dabS0x1009S0x125	[0x129, [0x101f, [0x2dab, nil]]]
0x2dadS0x1009S0x125	[0x129, [0x101f, [0x2dad, nil]]]
0x2dafS0x1009S0x125	[0x129, [0x101f, [0x2daf, nil]]]
0x2d47S0x1032S0x125	[0x129, [0x1050, [0x2d47, nil]]]
0x2d4bS0x1032S0x125	[0x129, [0x1050, [0x2d4b, nil]]]
0x2d4dS0x1032S0x125	[0x129, [0x1050, [0x2d4d, nil]]]
0x2d4eS0x1032S0x125	[0x129, [0x1050, [0x2d4e, nil]]]
0x2d51S0x1032S0x125	[0x129, [0x1050, [0x2d51, nil]]]
0x2d53S0x1032S0x125	[0x129, [0x1050, [0x2d53, nil]]]
0x2d54S0x1032S0x125	[0x129, [0x1050, [0x2d54, nil]]]
0x2d3aS0x1032S0x125	[0x129, [0x1050, [0x2d3a, nil]]]
0x2d3cS0x1032S0x125	[0x129, [0x1050, [0x2d3c, nil]]]
0x2d3dS0x1032S0x125	[0x129, [0x1050, [0x2d3d, nil]]]
0x2d5aS0x1032S0x125	[0x129, [0x1050, [0x2d5a, nil]]]
0x2d5cS0x1032S0x125	[0x129, [0x1050, [0x2d5c, nil]]]
0x2d41S0x1032S0x125	[0x129, [0x1050, [0x2d41, nil]]]
0x2d42S0x1032S0x125	[0x129, [0x1050, [0x2d42, nil]]]
0x2d43S0x1032S0x125	[0x129, [0x1050, [0x2d43, nil]]]
0x2d66S0x109aS0x125	[0x129, [0x10b0, [0x2d66, nil]]]
0x2d6bS0x109aS0x125	[0x129, [0x10b0, [0x2d6b, nil]]]
0x2d6fS0x109aS0x125	[0x129, [0x10b0, [0x2d6f, nil]]]
0x2d71S0x109aS0x125	[0x129, [0x10b0, [0x2d71, nil]]]
0x2d79S0x109aS0x125	[0x129, [0x10b0, [0x2d79, nil]]]
0x2d7bS0x109aS0x125	[0x129, [0x10b0, [0x2d7b, nil]]]
0x2d7cS0x109aS0x125	[0x129, [0x10b0, [0x2d7c, nil]]]
0x2d7fS0x109aS0x125	[0x129, [0x10b0, [0x2d7f, nil]]]
0x2d81S0x109aS0x125	[0x129, [0x10b0, [0x2d81, nil]]]
0x2d83S0x109aS0x125	[0x129, [0x10b0, [0x2d83, nil]]]
0x2d47S0xfa8S0x125	[0x129, [0xfc0, [0x2d47, nil]]]
0x2d4bS0xfa8S0x125	[0x129, [0xfc0, [0x2d4b, nil]]]
0x2d4dS0xfa8S0x125	[0x129, [0xfc0, [0x2d4d, nil]]]
0x2d4eS0xfa8S0x125	[0x129, [0xfc0, [0x2d4e, nil]]]
0x2d51S0xfa8S0x125	[0x129, [0xfc0, [0x2d51, nil]]]
0x2d53S0xfa8S0x125	[0x129, [0xfc0, [0x2d53, nil]]]
0x2d54S0xfa8S0x125	[0x129, [0xfc0, [0x2d54, nil]]]
0x2d3aS0xfa8S0x125	[0x129, [0xfc0, [0x2d3a, nil]]]
0x2d3cS0xfa8S0x125	[0x129, [0xfc0, [0x2d3c, nil]]]
0x2d3dS0xfa8S0x125	[0x129, [0xfc0, [0x2d3d, nil]]]
0x2d5aS0xfa8S0x125	[0x129, [0xfc0, [0x2d5a, nil]]]
0x2d5cS0xfa8S0x125	[0x129, [0xfc0, [0x2d5c, nil]]]
0x2d41S0xfa8S0x125	[0x129, [0xfc0, [0x2d41, nil]]]
0x2d42S0xfa8S0x125	[0x129, [0xfc0, [0x2d42, nil]]]
0x2d43S0xfa8S0x125	[0x129, [0xfc0, [0x2d43, nil]]]
0x2ac4S0x104	[0x111, [0x2ac4, nil]]
0x2adaS0x104	[0x111, [0x2ada, nil]]
0x2ab8S0x104	[0x111, [0x2ab8, nil]]
0x2ab9S0x104	[0x111, [0x2ab9, nil]]
0x2abdS0x104	[0x111, [0x2abd, nil]]
0x2abeS0x104	[0x111, [0x2abe, nil]]
0x2abfS0x104	[0x111, [0x2abf, nil]]
0x2ac0S0x104	[0x111, [0x2ac0, nil]]
0x2ac9S0x104	[0x111, [0x2ac9, nil]]
0x2acaS0x104	[0x111, [0x2aca, nil]]
0x2ad4S0x104	[0x111, [0x2ad4, nil]]
0x2ad5S0x104	[0x111, [0x2ad5, nil]]
0x2ad6S0x104	[0x111, [0x2ad6, nil]]
0x2adeS0x104	[0x111, [0x2ade, nil]]
0x2ae4S0x104	[0x111, [0x2ae4, nil]]
0x2ae5S0x104	[0x111, [0x2ae5, nil]]
0x2918S0x2addS0x104	[0x111, [0x2ae8, [0x2918, nil]]]
0x291bS0x2addS0x104	[0x111, [0x2ae8, [0x291b, nil]]]
0x29f1S0x2addS0x104	[0x111, [0x2ae8, [0x29f1, nil]]]
0x2a24S0x2addS0x104	[0x111, [0x2ae8, [0x2a24, nil]]]
0x2a47S0x2addS0x104	[0x111, [0x2ae8, [0x2a47, nil]]]
0x2a5fS0x2addS0x104	[0x111, [0x2ae8, [0x2a5f, nil]]]
0x2a87S0x2addS0x104	[0x111, [0x2ae8, [0x2a87, nil]]]
0x2920S0x2addS0x104	[0x111, [0x2ae8, [0x2920, nil]]]
0x7048S0x2addS0x104	[0x111, [0x2ae8, [0x28e9, nil]]]
0x704dS0x2addS0x104	[0x111, [0x2ae8, [0x28ee, nil]]]
0x704fS0x2addS0x104	[0x111, [0x2ae8, [0x28f0, nil]]]
0x7050S0x2addS0x104	[0x111, [0x2ae8, [0x28f1, nil]]]
0x7052S0x2addS0x104	[0x111, [0x2ae8, [0x28f3, nil]]]
0x7054S0x2addS0x104	[0x111, [0x2ae8, [0x28f5, nil]]]
0x7057S0x2addS0x104	[0x111, [0x2ae8, [0x28f8, nil]]]
0x7059S0x2addS0x104	[0x111, [0x2ae8, [0x28fa, nil]]]
0x29f6S0x2addS0x104	[0x111, [0x2ae8, [0x29f6, nil]]]
0x29f7S0x2addS0x104	[0x111, [0x2ae8, [0x29f7, nil]]]
0x29f9S0x2addS0x104	[0x111, [0x2ae8, [0x29f9, nil]]]
0x29fcS0x2addS0x104	[0x111, [0x2ae8, [0x29fc, nil]]]
0x2a00S0x2addS0x104	[0x111, [0x2ae8, [0x2a00, nil]]]
0x2a0dS0x2addS0x104	[0x111, [0x2ae8, [0x2a0d, nil]]]
0x2a12S0x2addS0x104	[0x111, [0x2ae8, [0x2a12, nil]]]
0x2a14S0x2addS0x104	[0x111, [0x2ae8, [0x2a14, nil]]]
0x2a16S0x2addS0x104	[0x111, [0x2ae8, [0x2a16, nil]]]
0x2a1aS0x2addS0x104	[0x111, [0x2ae8, [0x2a1a, nil]]]
0x2a1eS0x2addS0x104	[0x111, [0x2ae8, [0x2a1e, nil]]]
0x2a1fS0x2addS0x104	[0x111, [0x2ae8, [0x2a1f, nil]]]
0x2a20S0x2addS0x104	[0x111, [0x2ae8, [0x2a20, nil]]]
0xe7daS0x2addS0x104	[0x111, [0x2ae8, [0x2a05, nil]]]
0x2a2aS0x2addS0x104	[0x111, [0x2ae8, [0x2a2a, nil]]]
0x2a4dS0x2addS0x104	[0x111, [0x2ae8, [0x2a4d, nil]]]
0x2a4fS0x2addS0x104	[0x111, [0x2ae8, [0x2a4f, nil]]]
0x2a53S0x2addS0x104	[0x111, [0x2ae8, [0x2a53, nil]]]
0x2a54S0x2addS0x104	[0x111, [0x2ae8, [0x2a54, nil]]]
0x2a56S0x2addS0x104	[0x111, [0x2ae8, [0x2a56, nil]]]
0x2a57S0x2addS0x104	[0x111, [0x2ae8, [0x2a57, nil]]]
0x2a59S0x2addS0x104	[0x111, [0x2ae8, [0x2a59, nil]]]
0x2a5aS0x2addS0x104	[0x111, [0x2ae8, [0x2a5a, nil]]]
0x2a5bS0x2addS0x104	[0x111, [0x2ae8, [0x2a5b, nil]]]
0x2a63S0x2addS0x104	[0x111, [0x2ae8, [0x2a63, nil]]]
0x2a66S0x2addS0x104	[0x111, [0x2ae8, [0x2a66, nil]]]
0x2a6dS0x2addS0x104	[0x111, [0x2ae8, [0x2a6d, nil]]]
0x2a6eS0x2addS0x104	[0x111, [0x2ae8, [0x2a6e, nil]]]
0x2a6fS0x2addS0x104	[0x111, [0x2ae8, [0x2a6f, nil]]]
0x2a73S0x2addS0x104	[0x111, [0x2ae8, [0x2a73, nil]]]
0x28fdS0x2addS0x104	[0x111, [0x2ae8, [0x28fd, nil]]]
0x2900S0x2addS0x104	[0x111, [0x2ae8, [0x2900, nil]]]
0x2903S0x2addS0x104	[0x111, [0x2ae8, [0x2903, nil]]]
0x2904S0x2addS0x104	[0x111, [0x2ae8, [0x2904, nil]]]
0x290eS0x2addS0x104	[0x111, [0x2ae8, [0x290e, nil]]]
0x2911S0x2addS0x104	[0x111, [0x2ae8, [0x2911, nil]]]
0x2912S0x2addS0x104	[0x111, [0x2ae8, [0x2912, nil]]]
0x2913S0x2addS0x104	[0x111, [0x2ae8, [0x2913, nil]]]
0x2914S0x2addS0x104	[0x111, [0x2ae8, [0x2914, nil]]]
0x2a7cS0x2addS0x104	[0x111, [0x2ae8, [0x2a7c, nil]]]
0x2a7dS0x2addS0x104	[0x111, [0x2ae8, [0x2a7d, nil]]]
0x2a81S0x2addS0x104	[0x111, [0x2ae8, [0x2a81, nil]]]
0x2a82S0x2addS0x104	[0x111, [0x2ae8, [0x2a82, nil]]]
0x2a83S0x2addS0x104	[0x111, [0x2ae8, [0x2a83, nil]]]
0x2a8bS0x2addS0x104	[0x111, [0x2ae8, [0x2a8b, nil]]]
0x2a92S0x2addS0x104	[0x111, [0x2ae8, [0x2a92, nil]]]
0x2a93S0x2addS0x104	[0x111, [0x2ae8, [0x2a93, nil]]]
0x2a94S0x2addS0x104	[0x111, [0x2ae8, [0x2a94, nil]]]
0x2a9bS0x2addS0x104	[0x111, [0x2ae8, [0x2a9b, nil]]]
0x2aa4S0x2addS0x104	[0x111, [0x2ae8, [0x2aa4, nil]]]
0x2aa7S0x2addS0x104	[0x111, [0x2ae8, [0x2aa7, nil]]]
0x2aa8S0x2addS0x104	[0x111, [0x2ae8, [0x2aa8, nil]]]
0x2a2eS0x2addS0x104	[0x111, [0x2ae8, [0x2a2e, nil]]]
0x2a2fS0x2addS0x104	[0x111, [0x2ae8, [0x2a2f, nil]]]
0x2a30S0x2addS0x104	[0x111, [0x2ae8, [0x2a30, nil]]]
0x29e6S0x2addS0x104	[0x111, [0x2ae8, [0x29e6, nil]]]
0x29e8S0x2addS0x104	[0x111, [0x2ae8, [0x29e8, nil]]]
0x29ebS0x2addS0x104	[0x111, [0x2ae8, [0x29eb, nil]]]
0x29ecS0x2addS0x104	[0x111, [0x2ae8, [0x29ec, nil]]]
0x29edS0x2addS0x104	[0x111, [0x2ae8, [0x29ed, nil]]]
0x2a35S0x2addS0x104	[0x111, [0x2ae8, [0x2a35, nil]]]
0x2a36S0x2addS0x104	[0x111, [0x2ae8, [0x2a36, nil]]]
0x2a41S0x2addS0x104	[0x111, [0x2ae8, [0x2a41, nil]]]
0x2a42S0x2addS0x104	[0x111, [0x2ae8, [0x2a42, nil]]]
0x2a43S0x2addS0x104	[0x111, [0x2ae8, [0x2a43, nil]]]
0x2947S0xe7d9S0x2addS0x104	[0x111, [0x2ae8, [0x2a08, [0x2947, nil]]]]
0x294aS0xe7d9S0x2addS0x104	[0x111, [0x2ae8, [0x2a08, [0x294a, nil]]]]
0x294fS0xe7d9S0x2addS0x104	[0x111, [0x2ae8, [0x2a08, [0x294f, nil]]]]
0x707bS0xe7d9S0x2addS0x104	[0x111, [0x2ae8, [0x2a08, [0x28e9, nil]]]]
0x7080S0xe7d9S0x2addS0x104	[0x111, [0x2ae8, [0x2a08, [0x28ee, nil]]]]
0x7082S0xe7d9S0x2addS0x104	[0x111, [0x2ae8, [0x2a08, [0x28f0, nil]]]]
0x7083S0xe7d9S0x2addS0x104	[0x111, [0x2ae8, [0x2a08, [0x28f1, nil]]]]
0x7085S0xe7d9S0x2addS0x104	[0x111, [0x2ae8, [0x2a08, [0x28f3, nil]]]]
0x7087S0xe7d9S0x2addS0x104	[0x111, [0x2ae8, [0x2a08, [0x28f5, nil]]]]
0x708aS0xe7d9S0x2addS0x104	[0x111, [0x2ae8, [0x2a08, [0x28f8, nil]]]]
0x708cS0xe7d9S0x2addS0x104	[0x111, [0x2ae8, [0x2a08, [0x28fa, nil]]]]
0x2926S0xe7d9S0x2addS0x104	[0x111, [0x2ae8, [0x2a08, [0x2926, nil]]]]
0x2928S0xe7d9S0x2addS0x104	[0x111, [0x2ae8, [0x2a08, [0x2928, nil]]]]
0x2929S0xe7d9S0x2addS0x104	[0x111, [0x2ae8, [0x2a08, [0x2929, nil]]]]
0x292cS0xe7d9S0x2addS0x104	[0x111, [0x2ae8, [0x2a08, [0x292c, nil]]]]
0x292dS0xe7d9S0x2addS0x104	[0x111, [0x2ae8, [0x2a08, [0x292d, nil]]]]
0x292fS0xe7d9S0x2addS0x104	[0x111, [0x2ae8, [0x2a08, [0x292f, nil]]]]
0x2930S0xe7d9S0x2addS0x104	[0x111, [0x2ae8, [0x2a08, [0x2930, nil]]]]
0x2932S0xe7d9S0x2addS0x104	[0x111, [0x2ae8, [0x2a08, [0x2932, nil]]]]
0x2933S0xe7d9S0x2addS0x104	[0x111, [0x2ae8, [0x2a08, [0x2933, nil]]]]
0x293dS0xe7d9S0x2addS0x104	[0x111, [0x2ae8, [0x2a08, [0x293d, nil]]]]
0x2940S0xe7d9S0x2addS0x104	[0x111, [0x2ae8, [0x2a08, [0x2940, nil]]]]
0x2941S0xe7d9S0x2addS0x104	[0x111, [0x2ae8, [0x2a08, [0x2941, nil]]]]
0x2942S0xe7d9S0x2addS0x104	[0x111, [0x2ae8, [0x2a08, [0x2942, nil]]]]
0x2943S0xe7d9S0x2addS0x104	[0x111, [0x2ae8, [0x2a08, [0x2943, nil]]]]
0x2894S0x2a6aS0x2addS0x104	[0x111, [0x2ae8, [0x2a76, [0x2894, nil]]]]
0x2884S0x2a6aS0x2addS0x104	[0x111, [0x2ae8, [0x2a76, [0x2884, nil]]]]
0x2886S0x2a6aS0x2addS0x104	[0x111, [0x2ae8, [0x2a76, [0x2886, nil]]]]
0x2888S0x2a6aS0x2addS0x104	[0x111, [0x2ae8, [0x2a76, [0x2888, nil]]]]
0x288aS0x2a6aS0x2addS0x104	[0x111, [0x2ae8, [0x2a76, [0x288a, nil]]]]
0x288bS0x2a6aS0x2addS0x104	[0x111, [0x2ae8, [0x2a76, [0x288b, nil]]]]
0x288dS0x2a6aS0x2addS0x104	[0x111, [0x2ae8, [0x2a76, [0x288d, nil]]]]
0x288fS0x2a6aS0x2addS0x104	[0x111, [0x2ae8, [0x2a76, [0x288f, nil]]]]
0x2890S0x2a6aS0x2addS0x104	[0x111, [0x2ae8, [0x2a76, [0x2890, nil]]]]
0x2968S0x29f4S0x2addS0x104	[0x111, [0x2ae8, [0x2a03, [0x2968, nil]]]]
0x296bS0x29f4S0x2addS0x104	[0x111, [0x2ae8, [0x2a03, [0x296b, nil]]]]
0x2971S0x29f4S0x2addS0x104	[0x111, [0x2ae8, [0x2a03, [0x2971, nil]]]]
0x2973S0x29f4S0x2addS0x104	[0x111, [0x2ae8, [0x2a03, [0x2973, nil]]]]
0x2974S0x29f4S0x2addS0x104	[0x111, [0x2ae8, [0x2a03, [0x2974, nil]]]]
0x2976S0x29f4S0x2addS0x104	[0x111, [0x2ae8, [0x2a03, [0x2976, nil]]]]
0x70aeS0x29f4S0x2addS0x104	[0x111, [0x2ae8, [0x2a03, [0x28e9, nil]]]]
0x70b3S0x29f4S0x2addS0x104	[0x111, [0x2ae8, [0x2a03, [0x28ee, nil]]]]
0x70b5S0x29f4S0x2addS0x104	[0x111, [0x2ae8, [0x2a03, [0x28f0, nil]]]]
0x70b6S0x29f4S0x2addS0x104	[0x111, [0x2ae8, [0x2a03, [0x28f1, nil]]]]
0x70b8S0x29f4S0x2addS0x104	[0x111, [0x2ae8, [0x2a03, [0x28f3, nil]]]]
0x70baS0x29f4S0x2addS0x104	[0x111, [0x2ae8, [0x2a03, [0x28f5, nil]]]]
0x70bdS0x29f4S0x2addS0x104	[0x111, [0x2ae8, [0x2a03, [0x28f8, nil]]]]
0x70bfS0x29f4S0x2addS0x104	[0x111, [0x2ae8, [0x2a03, [0x28fa, nil]]]]
0x2957S0x29f4S0x2addS0x104	[0x111, [0x2ae8, [0x2a03, [0x2957, nil]]]]
0x2958S0x29f4S0x2addS0x104	[0x111, [0x2ae8, [0x2a03, [0x2958, nil]]]]
0x2962S0x29f4S0x2addS0x104	[0x111, [0x2ae8, [0x2a03, [0x2962, nil]]]]
0x2963S0x29f4S0x2addS0x104	[0x111, [0x2ae8, [0x2a03, [0x2963, nil]]]]
0x2964S0x29f4S0x2addS0x104	[0x111, [0x2ae8, [0x2a03, [0x2964, nil]]]]
0x2985S0x2a8aS0x2addS0x104	[0x111, [0x2ae8, [0x2a97, [0x2985, nil]]]]
0x299bS0x2a8aS0x2addS0x104	[0x111, [0x2ae8, [0x2a97, [0x299b, nil]]]]
0x299eS0x2a8aS0x2addS0x104	[0x111, [0x2ae8, [0x2a97, [0x299e, nil]]]]
0x29c6S0x2a8aS0x2addS0x104	[0x111, [0x2ae8, [0x2a97, [0x29c6, nil]]]]
0x298aS0x2a8aS0x2addS0x104	[0x111, [0x2ae8, [0x2a97, [0x298a, nil]]]]
0x298bS0x2a8aS0x2addS0x104	[0x111, [0x2ae8, [0x2a97, [0x298b, nil]]]]
0x2995S0x2a8aS0x2addS0x104	[0x111, [0x2ae8, [0x2a97, [0x2995, nil]]]]
0x2996S0x2a8aS0x2addS0x104	[0x111, [0x2ae8, [0x2a97, [0x2996, nil]]]]
0x2997S0x2a8aS0x2addS0x104	[0x111, [0x2ae8, [0x2a97, [0x2997, nil]]]]
0x29a3S0x2a8aS0x2addS0x104	[0x111, [0x2ae8, [0x2a97, [0x29a3, nil]]]]
0x29a6S0x2a8aS0x2addS0x104	[0x111, [0x2ae8, [0x2a97, [0x29a6, nil]]]]
0x29a9S0x2a8aS0x2addS0x104	[0x111, [0x2ae8, [0x2a97, [0x29a9, nil]]]]
0x29aaS0x2a8aS0x2addS0x104	[0x111, [0x2ae8, [0x2a97, [0x29aa, nil]]]]
0x29acS0x2a8aS0x2addS0x104	[0x111, [0x2ae8, [0x2a97, [0x29ac, nil]]]]
0x29adS0x2a8aS0x2addS0x104	[0x111, [0x2ae8, [0x2a97, [0x29ad, nil]]]]
0x29aeS0x2a8aS0x2addS0x104	[0x111, [0x2ae8, [0x2a97, [0x29ae, nil]]]]
0x29b0S0x2a8aS0x2addS0x104	[0x111, [0x2ae8, [0x2a97, [0x29b0, nil]]]]
0x29b1S0x2a8aS0x2addS0x104	[0x111, [0x2ae8, [0x2a97, [0x29b1, nil]]]]
0x70e1S0x2a8aS0x2addS0x104	[0x111, [0x2ae8, [0x2a97, [0x28e9, nil]]]]
0x70e6S0x2a8aS0x2addS0x104	[0x111, [0x2ae8, [0x2a97, [0x28ee, nil]]]]
0x70e8S0x2a8aS0x2addS0x104	[0x111, [0x2ae8, [0x2a97, [0x28f0, nil]]]]
0x70e9S0x2a8aS0x2addS0x104	[0x111, [0x2ae8, [0x2a97, [0x28f1, nil]]]]
0x70ebS0x2a8aS0x2addS0x104	[0x111, [0x2ae8, [0x2a97, [0x28f3, nil]]]]
0x70edS0x2a8aS0x2addS0x104	[0x111, [0x2ae8, [0x2a97, [0x28f5, nil]]]]
0x70f0S0x2a8aS0x2addS0x104	[0x111, [0x2ae8, [0x2a97, [0x28f8, nil]]]]
0x70f2S0x2a8aS0x2addS0x104	[0x111, [0x2ae8, [0x2a97, [0x28fa, nil]]]]
0x29baS0x2a8aS0x2addS0x104	[0x111, [0x2ae8, [0x2a97, [0x29ba, nil]]]]
0x29beS0x2a8aS0x2addS0x104	[0x111, [0x2ae8, [0x2a97, [0x29be, nil]]]]
0x29bfS0x2a8aS0x2addS0x104	[0x111, [0x2ae8, [0x2a97, [0x29bf, nil]]]]
0x29c0S0x2a8aS0x2addS0x104	[0x111, [0x2ae8, [0x2a97, [0x29c0, nil]]]]
0x29c1S0x2a8aS0x2addS0x104	[0x111, [0x2ae8, [0x2a97, [0x29c1, nil]]]]
0x29c2S0x2a8aS0x2addS0x104	[0x111, [0x2ae8, [0x2a97, [0x29c2, nil]]]]
0x29cbS0x2a8aS0x2addS0x104	[0x111, [0x2ae8, [0x2a97, [0x29cb, nil]]]]
0x29ceS0x2a8aS0x2addS0x104	[0x111, [0x2ae8, [0x2a97, [0x29ce, nil]]]]
0x29cfS0x2a8aS0x2addS0x104	[0x111, [0x2ae8, [0x2a97, [0x29cf, nil]]]]
0x29d2S0x2a8aS0x2addS0x104	[0x111, [0x2ae8, [0x2a97, [0x29d2, nil]]]]
0x29d4S0x2a8aS0x2addS0x104	[0x111, [0x2ae8, [0x2a97, [0x29d4, nil]]]]
0x29d7S0x2a8aS0x2addS0x104	[0x111, [0x2ae8, [0x2a97, [0x29d7, nil]]]]
0x29d8S0x2a8aS0x2addS0x104	[0x111, [0x2ae8, [0x2a97, [0x29d8, nil]]]]
0x29daS0x2a8aS0x2addS0x104	[0x111, [0x2ae8, [0x2a97, [0x29da, nil]]]]
0x297aS0x2a8aS0x2addS0x104	[0x111, [0x2ae8, [0x2a97, [0x297a, nil]]]]
0x297cS0x2a8aS0x2addS0x104	[0x111, [0x2ae8, [0x2a97, [0x297c, nil]]]]
0x297fS0x2a8aS0x2addS0x104	[0x111, [0x2ae8, [0x2a97, [0x297f, nil]]]]
0x2980S0x2a8aS0x2addS0x104	[0x111, [0x2ae8, [0x2a97, [0x2980, nil]]]]
0x2981S0x2a8aS0x2addS0x104	[0x111, [0x2ae8, [0x2a97, [0x2981, nil]]]]
0x2947S0x29a2S0x2a8aS0x2addS0x104	[0x111, [0x2ae8, [0x2a97, [0x29b4, [0x2947, nil]]]]]
0x294aS0x29a2S0x2a8aS0x2addS0x104	[0x111, [0x2ae8, [0x2a97, [0x29b4, [0x294a, nil]]]]]
0x294fS0x29a2S0x2a8aS0x2addS0x104	[0x111, [0x2ae8, [0x2a97, [0x29b4, [0x294f, nil]]]]]
0x707bS0x29a2S0x2a8aS0x2addS0x104	[0x111, [0x2ae8, [0x2a97, [0x29b4, [0x28e9, nil]]]]]
0x7080S0x29a2S0x2a8aS0x2addS0x104	[0x111, [0x2ae8, [0x2a97, [0x29b4, [0x28ee, nil]]]]]
0x7082S0x29a2S0x2a8aS0x2addS0x104	[0x111, [0x2ae8, [0x2a97, [0x29b4, [0x28f0, nil]]]]]
0x7083S0x29a2S0x2a8aS0x2addS0x104	[0x111, [0x2ae8, [0x2a97, [0x29b4, [0x28f1, nil]]]]]
0x7085S0x29a2S0x2a8aS0x2addS0x104	[0x111, [0x2ae8, [0x2a97, [0x29b4, [0x28f3, nil]]]]]
0x7087S0x29a2S0x2a8aS0x2addS0x104	[0x111, [0x2ae8, [0x2a97, [0x29b4, [0x28f5, nil]]]]]
0x708aS0x29a2S0x2a8aS0x2addS0x104	[0x111, [0x2ae8, [0x2a97, [0x29b4, [0x28f8, nil]]]]]
0x708cS0x29a2S0x2a8aS0x2addS0x104	[0x111, [0x2ae8, [0x2a97, [0x29b4, [0x28fa, nil]]]]]
0x2926S0x29a2S0x2a8aS0x2addS0x104	[0x111, [0x2ae8, [0x2a97, [0x29b4, [0x2926, nil]]]]]
0x2928S0x29a2S0x2a8aS0x2addS0x104	[0x111, [0x2ae8, [0x2a97, [0x29b4, [0x2928, nil]]]]]
0x2929S0x29a2S0x2a8aS0x2addS0x104	[0x111, [0x2ae8, [0x2a97, [0x29b4, [0x2929, nil]]]]]
0x292cS0x29a2S0x2a8aS0x2addS0x104	[0x111, [0x2ae8, [0x2a97, [0x29b4, [0x292c, nil]]]]]
0x292dS0x29a2S0x2a8aS0x2addS0x104	[0x111, [0x2ae8, [0x2a97, [0x29b4, [0x292d, nil]]]]]
0x292fS0x29a2S0x2a8aS0x2addS0x104	[0x111, [0x2ae8, [0x2a97, [0x29b4, [0x292f, nil]]]]]
0x2930S0x29a2S0x2a8aS0x2addS0x104	[0x111, [0x2ae8, [0x2a97, [0x29b4, [0x2930, nil]]]]]
0x2932S0x29a2S0x2a8aS0x2addS0x104	[0x111, [0x2ae8, [0x2a97, [0x29b4, [0x2932, nil]]]]]
0x2933S0x29a2S0x2a8aS0x2addS0x104	[0x111, [0x2ae8, [0x2a97, [0x29b4, [0x2933, nil]]]]]
0x293dS0x29a2S0x2a8aS0x2addS0x104	[0x111, [0x2ae8, [0x2a97, [0x29b4, [0x293d, nil]]]]]
0x2940S0x29a2S0x2a8aS0x2addS0x104	[0x111, [0x2ae8, [0x2a97, [0x29b4, [0x2940, nil]]]]]
0x2941S0x29a2S0x2a8aS0x2addS0x104	[0x111, [0x2ae8, [0x2a97, [0x29b4, [0x2941, nil]]]]]
0x2942S0x29a2S0x2a8aS0x2addS0x104	[0x111, [0x2ae8, [0x2a97, [0x29b4, [0x2942, nil]]]]]
0x2943S0x29a2S0x2a8aS0x2addS0x104	[0x111, [0x2ae8, [0x2a97, [0x29b4, [0x2943, nil]]]]]
0x2bf4S0x15e	[0x16b, [0x2bf4, nil]]
0x2c0aS0x15e	[0x16b, [0x2c0a, nil]]
0x2be6S0x15e	[0x16b, [0x2be6, nil]]
0x2be8S0x15e	[0x16b, [0x2be8, nil]]
0x2be9S0x15e	[0x16b, [0x2be9, nil]]
0x2bedS0x15e	[0x16b, [0x2bed, nil]]
0x2beeS0x15e	[0x16b, [0x2bee, nil]]
0x2befS0x15e	[0x16b, [0x2bef, nil]]
0x2bf0S0x15e	[0x16b, [0x2bf0, nil]]
0x2bf9S0x15e	[0x16b, [0x2bf9, nil]]
0x2bfaS0x15e	[0x16b, [0x2bfa, nil]]
0x2c04S0x15e	[0x16b, [0x2c04, nil]]
0x2c05S0x15e	[0x16b, [0x2c05, nil]]
0x2c06S0x15e	[0x16b, [0x2c06, nil]]
0x2c0eS0x15e	[0x16b, [0x2c0e, nil]]
0x2c14S0x15e	[0x16b, [0x2c14, nil]]
0x2c15S0x15e	[0x16b, [0x2c15, nil]]
0x2c1dS0x15e	[0x16b, [0x2c1d, nil]]
0x2c20S0x15e	[0x16b, [0x2c20, nil]]
0x2c21S0x15e	[0x16b, [0x2c21, nil]]
0x2c22S0x15e	[0x16b, [0x2c22, nil]]
0x2c26S0x15e	[0x16b, [0x2c26, nil]]
0x2c2dS0x15e	[0x16b, [0x2c2d, nil]]
0x2c30S0x15e	[0x16b, [0x2c30, nil]]
0x2c31S0x15e	[0x16b, [0x2c31, nil]]
0x2c32S0x15e	[0x16b, [0x2c32, nil]]
0x2c36S0x15e	[0x16b, [0x2c36, nil]]
0x2894S0x2c19S0x15e	[0x16b, [0x2c29, [0x2894, nil]]]
0x2884S0x2c19S0x15e	[0x16b, [0x2c29, [0x2884, nil]]]
0x2886S0x2c19S0x15e	[0x16b, [0x2c29, [0x2886, nil]]]
0x2888S0x2c19S0x15e	[0x16b, [0x2c29, [0x2888, nil]]]
0x288aS0x2c19S0x15e	[0x16b, [0x2c29, [0x288a, nil]]]
0x288bS0x2c19S0x15e	[0x16b, [0x2c29, [0x288b, nil]]]
0x288dS0x2c19S0x15e	[0x16b, [0x2c29, [0x288d, nil]]]
0x288fS0x2c19S0x15e	[0x16b, [0x2c29, [0x288f, nil]]]
0x2890S0x2c19S0x15e	[0x16b, [0x2c29, [0x2890, nil]]]
0x2894S0x2c2aS0x15e	[0x16b, [0x2c39, [0x2894, nil]]]
0x2884S0x2c2aS0x15e	[0x16b, [0x2c39, [0x2884, nil]]]
0x2886S0x2c2aS0x15e	[0x16b, [0x2c39, [0x2886, nil]]]
0x2888S0x2c2aS0x15e	[0x16b, [0x2c39, [0x2888, nil]]]
0x288aS0x2c2aS0x15e	[0x16b, [0x2c39, [0x288a, nil]]]
0x288bS0x2c2aS0x15e	[0x16b, [0x2c39, [0x288b, nil]]]
0x288dS0x2c2aS0x15e	[0x16b, [0x2c39, [0x288d, nil]]]
0x288fS0x2c2aS0x15e	[0x16b, [0x2c39, [0x288f, nil]]]
0x2890S0x2c2aS0x15e	[0x16b, [0x2c39, [0x2890, nil]]]
0x2918S0x2c0dS0x15e	[0x16b, [0x2c18, [0x2918, nil]]]
0x291bS0x2c0dS0x15e	[0x16b, [0x2c18, [0x291b, nil]]]
0x29f1S0x2c0dS0x15e	[0x16b, [0x2c18, [0x29f1, nil]]]
0x2a24S0x2c0dS0x15e	[0x16b, [0x2c18, [0x2a24, nil]]]
0x2a47S0x2c0dS0x15e	[0x16b, [0x2c18, [0x2a47, nil]]]
0x2a5fS0x2c0dS0x15e	[0x16b, [0x2c18, [0x2a5f, nil]]]
0x2a87S0x2c0dS0x15e	[0x16b, [0x2c18, [0x2a87, nil]]]
0x2920S0x2c0dS0x15e	[0x16b, [0x2c18, [0x2920, nil]]]
0x7048S0x2c0dS0x15e	[0x16b, [0x2c18, [0x28e9, nil]]]
0x704dS0x2c0dS0x15e	[0x16b, [0x2c18, [0x28ee, nil]]]
0x704fS0x2c0dS0x15e	[0x16b, [0x2c18, [0x28f0, nil]]]
0x7050S0x2c0dS0x15e	[0x16b, [0x2c18, [0x28f1, nil]]]
0x7052S0x2c0dS0x15e	[0x16b, [0x2c18, [0x28f3, nil]]]
0x7054S0x2c0dS0x15e	[0x16b, [0x2c18, [0x28f5, nil]]]
0x7057S0x2c0dS0x15e	[0x16b, [0x2c18, [0x28f8, nil]]]
0x7059S0x2c0dS0x15e	[0x16b, [0x2c18, [0x28fa, nil]]]
0x29f6S0x2c0dS0x15e	[0x16b, [0x2c18, [0x29f6, nil]]]
0x29f7S0x2c0dS0x15e	[0x16b, [0x2c18, [0x29f7, nil]]]
0x29f9S0x2c0dS0x15e	[0x16b, [0x2c18, [0x29f9, nil]]]
0x29fcS0x2c0dS0x15e	[0x16b, [0x2c18, [0x29fc, nil]]]
0x2a00S0x2c0dS0x15e	[0x16b, [0x2c18, [0x2a00, nil]]]
0x2a0dS0x2c0dS0x15e	[0x16b, [0x2c18, [0x2a0d, nil]]]
0x2a12S0x2c0dS0x15e	[0x16b, [0x2c18, [0x2a12, nil]]]
0x2a14S0x2c0dS0x15e	[0x16b, [0x2c18, [0x2a14, nil]]]
0x2a16S0x2c0dS0x15e	[0x16b, [0x2c18, [0x2a16, nil]]]
0x2a1aS0x2c0dS0x15e	[0x16b, [0x2c18, [0x2a1a, nil]]]
0x2a1eS0x2c0dS0x15e	[0x16b, [0x2c18, [0x2a1e, nil]]]
0x2a1fS0x2c0dS0x15e	[0x16b, [0x2c18, [0x2a1f, nil]]]
0x2a20S0x2c0dS0x15e	[0x16b, [0x2c18, [0x2a20, nil]]]
0xe7daS0x2c0dS0x15e	[0x16b, [0x2c18, [0x2a05, nil]]]
0x2a2aS0x2c0dS0x15e	[0x16b, [0x2c18, [0x2a2a, nil]]]
0x2a4dS0x2c0dS0x15e	[0x16b, [0x2c18, [0x2a4d, nil]]]
0x2a4fS0x2c0dS0x15e	[0x16b, [0x2c18, [0x2a4f, nil]]]
0x2a53S0x2c0dS0x15e	[0x16b, [0x2c18, [0x2a53, nil]]]
0x2a54S0x2c0dS0x15e	[0x16b, [0x2c18, [0x2a54, nil]]]
0x2a56S0x2c0dS0x15e	[0x16b, [0x2c18, [0x2a56, nil]]]
0x2a57S0x2c0dS0x15e	[0x16b, [0x2c18, [0x2a57, nil]]]
0x2a59S0x2c0dS0x15e	[0x16b, [0x2c18, [0x2a59, nil]]]
0x2a5aS0x2c0dS0x15e	[0x16b, [0x2c18, [0x2a5a, nil]]]
0x2a5bS0x2c0dS0x15e	[0x16b, [0x2c18, [0x2a5b, nil]]]
0x2a63S0x2c0dS0x15e	[0x16b, [0x2c18, [0x2a63, nil]]]
0x2a66S0x2c0dS0x15e	[0x16b, [0x2c18, [0x2a66, nil]]]
0x2a6dS0x2c0dS0x15e	[0x16b, [0x2c18, [0x2a6d, nil]]]
0x2a6eS0x2c0dS0x15e	[0x16b, [0x2c18, [0x2a6e, nil]]]
0x2a6fS0x2c0dS0x15e	[0x16b, [0x2c18, [0x2a6f, nil]]]
0x2a73S0x2c0dS0x15e	[0x16b, [0x2c18, [0x2a73, nil]]]
0x28fdS0x2c0dS0x15e	[0x16b, [0x2c18, [0x28fd, nil]]]
0x2900S0x2c0dS0x15e	[0x16b, [0x2c18, [0x2900, nil]]]
0x2903S0x2c0dS0x15e	[0x16b, [0x2c18, [0x2903, nil]]]
0x2904S0x2c0dS0x15e	[0x16b, [0x2c18, [0x2904, nil]]]
0x290eS0x2c0dS0x15e	[0x16b, [0x2c18, [0x290e, nil]]]
0x2911S0x2c0dS0x15e	[0x16b, [0x2c18, [0x2911, nil]]]
0x2912S0x2c0dS0x15e	[0x16b, [0x2c18, [0x2912, nil]]]
0x2913S0x2c0dS0x15e	[0x16b, [0x2c18, [0x2913, nil]]]
0x2914S0x2c0dS0x15e	[0x16b, [0x2c18, [0x2914, nil]]]
0x2a7cS0x2c0dS0x15e	[0x16b, [0x2c18, [0x2a7c, nil]]]
0x2a7dS0x2c0dS0x15e	[0x16b, [0x2c18, [0x2a7d, nil]]]
0x2a81S0x2c0dS0x15e	[0x16b, [0x2c18, [0x2a81, nil]]]
0x2a82S0x2c0dS0x15e	[0x16b, [0x2c18, [0x2a82, nil]]]
0x2a83S0x2c0dS0x15e	[0x16b, [0x2c18, [0x2a83, nil]]]
0x2a8bS0x2c0dS0x15e	[0x16b, [0x2c18, [0x2a8b, nil]]]
0x2a92S0x2c0dS0x15e	[0x16b, [0x2c18, [0x2a92, nil]]]
0x2a93S0x2c0dS0x15e	[0x16b, [0x2c18, [0x2a93, nil]]]
0x2a94S0x2c0dS0x15e	[0x16b, [0x2c18, [0x2a94, nil]]]
0x2a9bS0x2c0dS0x15e	[0x16b, [0x2c18, [0x2a9b, nil]]]
0x2aa4S0x2c0dS0x15e	[0x16b, [0x2c18, [0x2aa4, nil]]]
0x2aa7S0x2c0dS0x15e	[0x16b, [0x2c18, [0x2aa7, nil]]]
0x2aa8S0x2c0dS0x15e	[0x16b, [0x2c18, [0x2aa8, nil]]]
0x2a2eS0x2c0dS0x15e	[0x16b, [0x2c18, [0x2a2e, nil]]]
0x2a2fS0x2c0dS0x15e	[0x16b, [0x2c18, [0x2a2f, nil]]]
0x2a30S0x2c0dS0x15e	[0x16b, [0x2c18, [0x2a30, nil]]]
0x29e6S0x2c0dS0x15e	[0x16b, [0x2c18, [0x29e6, nil]]]
0x29e8S0x2c0dS0x15e	[0x16b, [0x2c18, [0x29e8, nil]]]
0x29ebS0x2c0dS0x15e	[0x16b, [0x2c18, [0x29eb, nil]]]
0x29ecS0x2c0dS0x15e	[0x16b, [0x2c18, [0x29ec, nil]]]
0x29edS0x2c0dS0x15e	[0x16b, [0x2c18, [0x29ed, nil]]]
0x2a35S0x2c0dS0x15e	[0x16b, [0x2c18, [0x2a35, nil]]]
0x2a36S0x2c0dS0x15e	[0x16b, [0x2c18, [0x2a36, nil]]]
0x2a41S0x2c0dS0x15e	[0x16b, [0x2c18, [0x2a41, nil]]]
0x2a42S0x2c0dS0x15e	[0x16b, [0x2c18, [0x2a42, nil]]]
0x2a43S0x2c0dS0x15e	[0x16b, [0x2c18, [0x2a43, nil]]]
0x2947S0xe7d9S0x2c0dS0x15e	[0x16b, [0x2c18, [0x2a08, [0x2947, nil]]]]
0x294aS0xe7d9S0x2c0dS0x15e	[0x16b, [0x2c18, [0x2a08, [0x294a, nil]]]]
0x294fS0xe7d9S0x2c0dS0x15e	[0x16b, [0x2c18, [0x2a08, [0x294f, nil]]]]
0x707bS0xe7d9S0x2c0dS0x15e	[0x16b, [0x2c18, [0x2a08, [0x28e9, nil]]]]
0x7080S0xe7d9S0x2c0dS0x15e	[0x16b, [0x2c18, [0x2a08, [0x28ee, nil]]]]
0x7082S0xe7d9S0x2c0dS0x15e	[0x16b, [0x2c18, [0x2a08, [0x28f0, nil]]]]
0x7083S0xe7d9S0x2c0dS0x15e	[0x16b, [0x2c18, [0x2a08, [0x28f1, nil]]]]
0x7085S0xe7d9S0x2c0dS0x15e	[0x16b, [0x2c18, [0x2a08, [0x28f3, nil]]]]
0x7087S0xe7d9S0x2c0dS0x15e	[0x16b, [0x2c18, [0x2a08, [0x28f5, nil]]]]
0x708aS0xe7d9S0x2c0dS0x15e	[0x16b, [0x2c18, [0x2a08, [0x28f8, nil]]]]
0x708cS0xe7d9S0x2c0dS0x15e	[0x16b, [0x2c18, [0x2a08, [0x28fa, nil]]]]
0x2926S0xe7d9S0x2c0dS0x15e	[0x16b, [0x2c18, [0x2a08, [0x2926, nil]]]]
0x2928S0xe7d9S0x2c0dS0x15e	[0x16b, [0x2c18, [0x2a08, [0x2928, nil]]]]
0x2929S0xe7d9S0x2c0dS0x15e	[0x16b, [0x2c18, [0x2a08, [0x2929, nil]]]]
0x292cS0xe7d9S0x2c0dS0x15e	[0x16b, [0x2c18, [0x2a08, [0x292c, nil]]]]
0x292dS0xe7d9S0x2c0dS0x15e	[0x16b, [0x2c18, [0x2a08, [0x292d, nil]]]]
0x292fS0xe7d9S0x2c0dS0x15e	[0x16b, [0x2c18, [0x2a08, [0x292f, nil]]]]
0x2930S0xe7d9S0x2c0dS0x15e	[0x16b, [0x2c18, [0x2a08, [0x2930, nil]]]]
0x2932S0xe7d9S0x2c0dS0x15e	[0x16b, [0x2c18, [0x2a08, [0x2932, nil]]]]
0x2933S0xe7d9S0x2c0dS0x15e	[0x16b, [0x2c18, [0x2a08, [0x2933, nil]]]]
0x293dS0xe7d9S0x2c0dS0x15e	[0x16b, [0x2c18, [0x2a08, [0x293d, nil]]]]
0x2940S0xe7d9S0x2c0dS0x15e	[0x16b, [0x2c18, [0x2a08, [0x2940, nil]]]]
0x2941S0xe7d9S0x2c0dS0x15e	[0x16b, [0x2c18, [0x2a08, [0x2941, nil]]]]
0x2942S0xe7d9S0x2c0dS0x15e	[0x16b, [0x2c18, [0x2a08, [0x2942, nil]]]]
0x2943S0xe7d9S0x2c0dS0x15e	[0x16b, [0x2c18, [0x2a08, [0x2943, nil]]]]
0x2894S0x2a6aS0x2c0dS0x15e	[0x16b, [0x2c18, [0x2a76, [0x2894, nil]]]]
0x2884S0x2a6aS0x2c0dS0x15e	[0x16b, [0x2c18, [0x2a76, [0x2884, nil]]]]
0x2886S0x2a6aS0x2c0dS0x15e	[0x16b, [0x2c18, [0x2a76, [0x2886, nil]]]]
0x2888S0x2a6aS0x2c0dS0x15e	[0x16b, [0x2c18, [0x2a76, [0x2888, nil]]]]
0x288aS0x2a6aS0x2c0dS0x15e	[0x16b, [0x2c18, [0x2a76, [0x288a, nil]]]]
0x288bS0x2a6aS0x2c0dS0x15e	[0x16b, [0x2c18, [0x2a76, [0x288b, nil]]]]
0x288dS0x2a6aS0x2c0dS0x15e	[0x16b, [0x2c18, [0x2a76, [0x288d, nil]]]]
0x288fS0x2a6aS0x2c0dS0x15e	[0x16b, [0x2c18, [0x2a76, [0x288f, nil]]]]
0x2890S0x2a6aS0x2c0dS0x15e	[0x16b, [0x2c18, [0x2a76, [0x2890, nil]]]]
0x2968S0x29f4S0x2c0dS0x15e	[0x16b, [0x2c18, [0x2a03, [0x2968, nil]]]]
0x296bS0x29f4S0x2c0dS0x15e	[0x16b, [0x2c18, [0x2a03, [0x296b, nil]]]]
0x2971S0x29f4S0x2c0dS0x15e	[0x16b, [0x2c18, [0x2a03, [0x2971, nil]]]]
0x2973S0x29f4S0x2c0dS0x15e	[0x16b, [0x2c18, [0x2a03, [0x2973, nil]]]]
0x2974S0x29f4S0x2c0dS0x15e	[0x16b, [0x2c18, [0x2a03, [0x2974, nil]]]]
0x2976S0x29f4S0x2c0dS0x15e	[0x16b, [0x2c18, [0x2a03, [0x2976, nil]]]]
0x70aeS0x29f4S0x2c0dS0x15e	[0x16b, [0x2c18, [0x2a03, [0x28e9, nil]]]]
0x70b3S0x29f4S0x2c0dS0x15e	[0x16b, [0x2c18, [0x2a03, [0x28ee, nil]]]]
0x70b5S0x29f4S0x2c0dS0x15e	[0x16b, [0x2c18, [0x2a03, [0x28f0, nil]]]]
0x70b6S0x29f4S0x2c0dS0x15e	[0x16b, [0x2c18, [0x2a03, [0x28f1, nil]]]]
0x70b8S0x29f4S0x2c0dS0x15e	[0x16b, [0x2c18, [0x2a03, [0x28f3, nil]]]]
0x70baS0x29f4S0x2c0dS0x15e	[0x16b, [0x2c18, [0x2a03, [0x28f5, nil]]]]
0x70bdS0x29f4S0x2c0dS0x15e	[0x16b, [0x2c18, [0x2a03, [0x28f8, nil]]]]
0x70bfS0x29f4S0x2c0dS0x15e	[0x16b, [0x2c18, [0x2a03, [0x28fa, nil]]]]
0x2957S0x29f4S0x2c0dS0x15e	[0x16b, [0x2c18, [0x2a03, [0x2957, nil]]]]
0x2958S0x29f4S0x2c0dS0x15e	[0x16b, [0x2c18, [0x2a03, [0x2958, nil]]]]
0x2962S0x29f4S0x2c0dS0x15e	[0x16b, [0x2c18, [0x2a03, [0x2962, nil]]]]
0x2963S0x29f4S0x2c0dS0x15e	[0x16b, [0x2c18, [0x2a03, [0x2963, nil]]]]
0x2964S0x29f4S0x2c0dS0x15e	[0x16b, [0x2c18, [0x2a03, [0x2964, nil]]]]
0x2985S0x2a8aS0x2c0dS0x15e	[0x16b, [0x2c18, [0x2a97, [0x2985, nil]]]]
0x299bS0x2a8aS0x2c0dS0x15e	[0x16b, [0x2c18, [0x2a97, [0x299b, nil]]]]
0x299eS0x2a8aS0x2c0dS0x15e	[0x16b, [0x2c18, [0x2a97, [0x299e, nil]]]]
0x29c6S0x2a8aS0x2c0dS0x15e	[0x16b, [0x2c18, [0x2a97, [0x29c6, nil]]]]
0x298aS0x2a8aS0x2c0dS0x15e	[0x16b, [0x2c18, [0x2a97, [0x298a, nil]]]]
0x298bS0x2a8aS0x2c0dS0x15e	[0x16b, [0x2c18, [0x2a97, [0x298b, nil]]]]
0x2995S0x2a8aS0x2c0dS0x15e	[0x16b, [0x2c18, [0x2a97, [0x2995, nil]]]]
0x2996S0x2a8aS0x2c0dS0x15e	[0x16b, [0x2c18, [0x2a97, [0x2996, nil]]]]
0x2997S0x2a8aS0x2c0dS0x15e	[0x16b, [0x2c18, [0x2a97, [0x2997, nil]]]]
0x29a3S0x2a8aS0x2c0dS0x15e	[0x16b, [0x2c18, [0x2a97, [0x29a3, nil]]]]
0x29a6S0x2a8aS0x2c0dS0x15e	[0x16b, [0x2c18, [0x2a97, [0x29a6, nil]]]]
0x29a9S0x2a8aS0x2c0dS0x15e	[0x16b, [0x2c18, [0x2a97, [0x29a9, nil]]]]
0x29aaS0x2a8aS0x2c0dS0x15e	[0x16b, [0x2c18, [0x2a97, [0x29aa, nil]]]]
0x29acS0x2a8aS0x2c0dS0x15e	[0x16b, [0x2c18, [0x2a97, [0x29ac, nil]]]]
0x29adS0x2a8aS0x2c0dS0x15e	[0x16b, [0x2c18, [0x2a97, [0x29ad, nil]]]]
0x29aeS0x2a8aS0x2c0dS0x15e	[0x16b, [0x2c18, [0x2a97, [0x29ae, nil]]]]
0x29b0S0x2a8aS0x2c0dS0x15e	[0x16b, [0x2c18, [0x2a97, [0x29b0, nil]]]]
0x29b1S0x2a8aS0x2c0dS0x15e	[0x16b, [0x2c18, [0x2a97, [0x29b1, nil]]]]
0x70e1S0x2a8aS0x2c0dS0x15e	[0x16b, [0x2c18, [0x2a97, [0x28e9, nil]]]]
0x70e6S0x2a8aS0x2c0dS0x15e	[0x16b, [0x2c18, [0x2a97, [0x28ee, nil]]]]
0x70e8S0x2a8aS0x2c0dS0x15e	[0x16b, [0x2c18, [0x2a97, [0x28f0, nil]]]]
0x70e9S0x2a8aS0x2c0dS0x15e	[0x16b, [0x2c18, [0x2a97, [0x28f1, nil]]]]
0x70ebS0x2a8aS0x2c0dS0x15e	[0x16b, [0x2c18, [0x2a97, [0x28f3, nil]]]]
0x70edS0x2a8aS0x2c0dS0x15e	[0x16b, [0x2c18, [0x2a97, [0x28f5, nil]]]]
0x70f0S0x2a8aS0x2c0dS0x15e	[0x16b, [0x2c18, [0x2a97, [0x28f8, nil]]]]
0x70f2S0x2a8aS0x2c0dS0x15e	[0x16b, [0x2c18, [0x2a97, [0x28fa, nil]]]]
0x29baS0x2a8aS0x2c0dS0x15e	[0x16b, [0x2c18, [0x2a97, [0x29ba, nil]]]]
0x29beS0x2a8aS0x2c0dS0x15e	[0x16b, [0x2c18, [0x2a97, [0x29be, nil]]]]
0x29bfS0x2a8aS0x2c0dS0x15e	[0x16b, [0x2c18, [0x2a97, [0x29bf, nil]]]]
0x29c0S0x2a8aS0x2c0dS0x15e	[0x16b, [0x2c18, [0x2a97, [0x29c0, nil]]]]
0x29c1S0x2a8aS0x2c0dS0x15e	[0x16b, [0x2c18, [0x2a97, [0x29c1, nil]]]]
0x29c2S0x2a8aS0x2c0dS0x15e	[0x16b, [0x2c18, [0x2a97, [0x29c2, nil]]]]
0x29cbS0x2a8aS0x2c0dS0x15e	[0x16b, [0x2c18, [0x2a97, [0x29cb, nil]]]]
0x29ceS0x2a8aS0x2c0dS0x15e	[0x16b, [0x2c18, [0x2a97, [0x29ce, nil]]]]
0x29cfS0x2a8aS0x2c0dS0x15e	[0x16b, [0x2c18, [0x2a97, [0x29cf, nil]]]]
0x29d2S0x2a8aS0x2c0dS0x15e	[0x16b, [0x2c18, [0x2a97, [0x29d2, nil]]]]
0x29d4S0x2a8aS0x2c0dS0x15e	[0x16b, [0x2c18, [0x2a97, [0x29d4, nil]]]]
0x29d7S0x2a8aS0x2c0dS0x15e	[0x16b, [0x2c18, [0x2a97, [0x29d7, nil]]]]
0x29d8S0x2a8aS0x2c0dS0x15e	[0x16b, [0x2c18, [0x2a97, [0x29d8, nil]]]]
0x29daS0x2a8aS0x2c0dS0x15e	[0x16b, [0x2c18, [0x2a97, [0x29da, nil]]]]
0x297aS0x2a8aS0x2c0dS0x15e	[0x16b, [0x2c18, [0x2a97, [0x297a, nil]]]]
0x297cS0x2a8aS0x2c0dS0x15e	[0x16b, [0x2c18, [0x2a97, [0x297c, nil]]]]
0x297fS0x2a8aS0x2c0dS0x15e	[0x16b, [0x2c18, [0x2a97, [0x297f, nil]]]]
0x2980S0x2a8aS0x2c0dS0x15e	[0x16b, [0x2c18, [0x2a97, [0x2980, nil]]]]
0x2981S0x2a8aS0x2c0dS0x15e	[0x16b, [0x2c18, [0x2a97, [0x2981, nil]]]]
0x2947S0x29a2S0x2a8aS0x2c0dS0x15e	[0x16b, [0x2c18, [0x2a97, [0x29b4, [0x2947, nil]]]]]
0x294aS0x29a2S0x2a8aS0x2c0dS0x15e	[0x16b, [0x2c18, [0x2a97, [0x29b4, [0x294a, nil]]]]]
0x294fS0x29a2S0x2a8aS0x2c0dS0x15e	[0x16b, [0x2c18, [0x2a97, [0x29b4, [0x294f, nil]]]]]
0x707bS0x29a2S0x2a8aS0x2c0dS0x15e	[0x16b, [0x2c18, [0x2a97, [0x29b4, [0x28e9, nil]]]]]
0x7080S0x29a2S0x2a8aS0x2c0dS0x15e	[0x16b, [0x2c18, [0x2a97, [0x29b4, [0x28ee, nil]]]]]
0x7082S0x29a2S0x2a8aS0x2c0dS0x15e	[0x16b, [0x2c18, [0x2a97, [0x29b4, [0x28f0, nil]]]]]
0x7083S0x29a2S0x2a8aS0x2c0dS0x15e	[0x16b, [0x2c18, [0x2a97, [0x29b4, [0x28f1, nil]]]]]
0x7085S0x29a2S0x2a8aS0x2c0dS0x15e	[0x16b, [0x2c18, [0x2a97, [0x29b4, [0x28f3, nil]]]]]
0x7087S0x29a2S0x2a8aS0x2c0dS0x15e	[0x16b, [0x2c18, [0x2a97, [0x29b4, [0x28f5, nil]]]]]
0x708aS0x29a2S0x2a8aS0x2c0dS0x15e	[0x16b, [0x2c18, [0x2a97, [0x29b4, [0x28f8, nil]]]]]
0x708cS0x29a2S0x2a8aS0x2c0dS0x15e	[0x16b, [0x2c18, [0x2a97, [0x29b4, [0x28fa, nil]]]]]
0x2926S0x29a2S0x2a8aS0x2c0dS0x15e	[0x16b, [0x2c18, [0x2a97, [0x29b4, [0x2926, nil]]]]]
0x2928S0x29a2S0x2a8aS0x2c0dS0x15e	[0x16b, [0x2c18, [0x2a97, [0x29b4, [0x2928, nil]]]]]
0x2929S0x29a2S0x2a8aS0x2c0dS0x15e	[0x16b, [0x2c18, [0x2a97, [0x29b4, [0x2929, nil]]]]]
0x292cS0x29a2S0x2a8aS0x2c0dS0x15e	[0x16b, [0x2c18, [0x2a97, [0x29b4, [0x292c, nil]]]]]
0x292dS0x29a2S0x2a8aS0x2c0dS0x15e	[0x16b, [0x2c18, [0x2a97, [0x29b4, [0x292d, nil]]]]]
0x292fS0x29a2S0x2a8aS0x2c0dS0x15e	[0x16b, [0x2c18, [0x2a97, [0x29b4, [0x292f, nil]]]]]
0x2930S0x29a2S0x2a8aS0x2c0dS0x15e	[0x16b, [0x2c18, [0x2a97, [0x29b4, [0x2930, nil]]]]]
0x2932S0x29a2S0x2a8aS0x2c0dS0x15e	[0x16b, [0x2c18, [0x2a97, [0x29b4, [0x2932, nil]]]]]
0x2933S0x29a2S0x2a8aS0x2c0dS0x15e	[0x16b, [0x2c18, [0x2a97, [0x29b4, [0x2933, nil]]]]]
0x293dS0x29a2S0x2a8aS0x2c0dS0x15e	[0x16b, [0x2c18, [0x2a97, [0x29b4, [0x293d, nil]]]]]
0x2940S0x29a2S0x2a8aS0x2c0dS0x15e	[0x16b, [0x2c18, [0x2a97, [0x29b4, [0x2940, nil]]]]]
0x2941S0x29a2S0x2a8aS0x2c0dS0x15e	[0x16b, [0x2c18, [0x2a97, [0x29b4, [0x2941, nil]]]]]
0x2942S0x29a2S0x2a8aS0x2c0dS0x15e	[0x16b, [0x2c18, [0x2a97, [0x29b4, [0x2942, nil]]]]]
0x2943S0x29a2S0x2a8aS0x2c0dS0x15e	[0x16b, [0x2c18, [0x2a97, [0x29b4, [0x2943, nil]]]]]
0x75cS0x112	[0x116, [0x75c, nil]]
0x75fS0x112	[0x116, [0x75f, nil]]
0x7a4S0x112	[0x116, [0x7a4, nil]]
0x7a7S0x112	[0x116, [0x7a7, nil]]
0x7ecS0x112	[0x116, [0x7ec, nil]]
0x7efS0x112	[0x116, [0x7ef, nil]]
0x834S0x112	[0x116, [0x834, nil]]
0x837S0x112	[0x116, [0x837, nil]]
0x87cS0x112	[0x116, [0x87c, nil]]
0x87fS0x112	[0x116, [0x87f, nil]]
0x8c4S0x112	[0x116, [0x8c4, nil]]
0x8c7S0x112	[0x116, [0x8c7, nil]]
0x90cS0x112	[0x116, [0x90c, nil]]
0x90fS0x112	[0x116, [0x90f, nil]]
0x954S0x112	[0x116, [0x954, nil]]
0x957S0x112	[0x116, [0x957, nil]]
0x99cS0x112	[0x116, [0x99c, nil]]
0x99fS0x112	[0x116, [0x99f, nil]]
0x9e4S0x112	[0x116, [0x9e4, nil]]
0x9e7S0x112	[0x116, [0x9e7, nil]]
0xa2cS0x112	[0x116, [0xa2c, nil]]
0xa2fS0x112	[0x116, [0xa2f, nil]]
0xa74S0x112	[0x116, [0xa74, nil]]
0xa77S0x112	[0x116, [0xa77, nil]]
0xaaaS0x112	[0x116, [0xaaa, nil]]
0xaacS0x112	[0x116, [0xaac, nil]]
0xaadS0x112	[0x116, [0xaad, nil]]
0xab1S0x112	[0x116, [0xab1, nil]]
0xab3S0x112	[0x116, [0xab3, nil]]
0xab6S0x112	[0x116, [0xab6, nil]]
0xab8S0x112	[0x116, [0xab8, nil]]
0xab9S0x112	[0x116, [0xab9, nil]]
0xabdS0x112	[0x116, [0xabd, nil]]
0xacdS0x112	[0x116, [0xacd, nil]]
0xad1S0x112	[0x116, [0xad1, nil]]
0xad3S0x112	[0x116, [0xad3, nil]]
0xad4S0x112	[0x116, [0xad4, nil]]
0xad8S0x112	[0x116, [0xad8, nil]]
0xadbS0x112	[0x116, [0xadb, nil]]
0xb22S0x112	[0x116, [0xb22, nil]]
0xb24S0x112	[0x116, [0xb24, nil]]
0xb27S0x112	[0x116, [0xb27, nil]]
0xb29S0x112	[0x116, [0xb29, nil]]
0xb2aS0x112	[0x116, [0xb2a, nil]]
0xb2cS0x112	[0x116, [0xb2c, nil]]
0xb2dS0x112	[0x116, [0xb2d, nil]]
0xb2eS0x112	[0x116, [0xb2e, nil]]
0xb30S0x112	[0x116, [0xb30, nil]]
0xb31S0x112	[0x116, [0xb31, nil]]
0xb34S0x112	[0x116, [0xb34, nil]]
0xb37S0x112	[0x116, [0xb37, nil]]
0xb38S0x112	[0x116, [0xb38, nil]]
0xb39S0x112	[0x116, [0xb39, nil]]
0xb3cS0x112	[0x116, [0xb3c, nil]]
0xb3eS0x112	[0x116, [0xb3e, nil]]
0xb51S0x112	[0x116, [0xb51, nil]]
0xb53S0x112	[0x116, [0xb53, nil]]
0xb54S0x112	[0x116, [0xb54, nil]]
0xb58S0x112	[0x116, [0xb58, nil]]
0xb5aS0x112	[0x116, [0xb5a, nil]]
0xb5dS0x112	[0x116, [0xb5d, nil]]
0xb5fS0x112	[0x116, [0xb5f, nil]]
0xb60S0x112	[0x116, [0xb60, nil]]
0xb64S0x112	[0x116, [0xb64, nil]]
0xb7aS0x112	[0x116, [0xb7a, nil]]
0xb7dS0x112	[0x116, [0xb7d, nil]]
0xb7eS0x112	[0x116, [0xb7e, nil]]
0xb82S0x112	[0x116, [0xb82, nil]]
0xb85S0x112	[0x116, [0xb85, nil]]
0xb89S0x112	[0x116, [0xb89, nil]]
0xb8bS0x112	[0x116, [0xb8b, nil]]
0xb8dS0x112	[0x116, [0xb8d, nil]]
0xb8fS0x112	[0x116, [0xb8f, nil]]
0xb90S0x112	[0x116, [0xb90, nil]]
0xb95S0x112	[0x116, [0xb95, nil]]
0xbb3S0x112	[0x116, [0xbb3, nil]]
0xbb5S0x112	[0x116, [0xbb5, nil]]
0xbb8S0x112	[0x116, [0xbb8, nil]]
0xbbaS0x112	[0x116, [0xbba, nil]]
0xbbbS0x112	[0x116, [0xbbb, nil]]
0xbbdS0x112	[0x116, [0xbbd, nil]]
0xbbeS0x112	[0x116, [0xbbe, nil]]
0xbbfS0x112	[0x116, [0xbbf, nil]]
0xbc1S0x112	[0x116, [0xbc1, nil]]
0xbc2S0x112	[0x116, [0xbc2, nil]]
0xbc5S0x112	[0x116, [0xbc5, nil]]
0xbc8S0x112	[0x116, [0xbc8, nil]]
0xbc9S0x112	[0x116, [0xbc9, nil]]
0xbcaS0x112	[0x116, [0xbca, nil]]
0xbcdS0x112	[0x116, [0xbcd, nil]]
0xbcfS0x112	[0x116, [0xbcf, nil]]
0xbe2S0x112	[0x116, [0xbe2, nil]]
0xbe4S0x112	[0x116, [0xbe4, nil]]
0xbe5S0x112	[0x116, [0xbe5, nil]]
0xbe9S0x112	[0x116, [0xbe9, nil]]
0xbebS0x112	[0x116, [0xbeb, nil]]
0xbeeS0x112	[0x116, [0xbee, nil]]
0xbf0S0x112	[0x116, [0xbf0, nil]]
0xbf1S0x112	[0x116, [0xbf1, nil]]
0xbf5S0x112	[0x116, [0xbf5, nil]]
0x719S0x112	[0x116, [0x719, nil]]
0x71cS0x112	[0x116, [0x71c, nil]]
0x71dS0x112	[0x116, [0x71d, nil]]
0x722S0x112	[0x116, [0x722, nil]]
0x726S0x112	[0x116, [0x726, nil]]
0x72aS0x112	[0x116, [0x72a, nil]]
0x72cS0x112	[0x116, [0x72c, nil]]
0x72fS0x112	[0x116, [0x72f, nil]]
0x730S0x112	[0x116, [0x730, nil]]
0x734S0x112	[0x116, [0x734, nil]]
0x737S0x112	[0x116, [0x737, nil]]
0x73dS0x112	[0x116, [0x73d, nil]]
0x753S0x112	[0x116, [0x753, nil]]
0x755S0x112	[0x116, [0x755, nil]]
0x757S0x112	[0x116, [0x757, nil]]
0x758S0x112	[0x116, [0x758, nil]]
0x764S0x112	[0x116, [0x764, nil]]
0x766S0x112	[0x116, [0x766, nil]]
0x767S0x112	[0x116, [0x767, nil]]
0x769S0x112	[0x116, [0x769, nil]]
0x76aS0x112	[0x116, [0x76a, nil]]
0x76cS0x112	[0x116, [0x76c, nil]]
0x76eS0x112	[0x116, [0x76e, nil]]
0x770S0x112	[0x116, [0x770, nil]]
0x772S0x112	[0x116, [0x772, nil]]
0x773S0x112	[0x116, [0x773, nil]]
0x774S0x112	[0x116, [0x774, nil]]
0x777S0x112	[0x116, [0x777, nil]]
0x779S0x112	[0x116, [0x779, nil]]
0x77bS0x112	[0x116, [0x77b, nil]]
0x77dS0x112	[0x116, [0x77d, nil]]
0x77eS0x112	[0x116, [0x77e, nil]]
0x77fS0x112	[0x116, [0x77f, nil]]
0x784S0x112	[0x116, [0x784, nil]]
0x79aS0x112	[0x116, [0x79a, nil]]
0x79dS0x112	[0x116, [0x79d, nil]]
0x79fS0x112	[0x116, [0x79f, nil]]
0x7a0S0x112	[0x116, [0x7a0, nil]]
0x5ef3S0x112	[0x116, [0x2cb2, nil]]
0x5ef8S0x112	[0x116, [0x2cb7, nil]]
0x5efaS0x112	[0x116, [0x2cb9, nil]]
0x5efbS0x112	[0x116, [0x2cba, nil]]
0x5efdS0x112	[0x116, [0x2cbc, nil]]
0x5effS0x112	[0x116, [0x2cbe, nil]]
0x5f02S0x112	[0x116, [0x2cc1, nil]]
0x5f04S0x112	[0x116, [0x2cc3, nil]]
0x7acS0x112	[0x116, [0x7ac, nil]]
0x7aeS0x112	[0x116, [0x7ae, nil]]
0x7afS0x112	[0x116, [0x7af, nil]]
0x7b1S0x112	[0x116, [0x7b1, nil]]
0x7b2S0x112	[0x116, [0x7b2, nil]]
0x7b4S0x112	[0x116, [0x7b4, nil]]
0x7b6S0x112	[0x116, [0x7b6, nil]]
0x7b8S0x112	[0x116, [0x7b8, nil]]
0x7baS0x112	[0x116, [0x7ba, nil]]
0x7bbS0x112	[0x116, [0x7bb, nil]]
0x7bcS0x112	[0x116, [0x7bc, nil]]
0x7bfS0x112	[0x116, [0x7bf, nil]]
0x7c1S0x112	[0x116, [0x7c1, nil]]
0x7c3S0x112	[0x116, [0x7c3, nil]]
0x7c5S0x112	[0x116, [0x7c5, nil]]
0x7c6S0x112	[0x116, [0x7c6, nil]]
0x7c7S0x112	[0x116, [0x7c7, nil]]
0x7ccS0x112	[0x116, [0x7cc, nil]]
0x7e2S0x112	[0x116, [0x7e2, nil]]
0x7e5S0x112	[0x116, [0x7e5, nil]]
0x7e7S0x112	[0x116, [0x7e7, nil]]
0x7e8S0x112	[0x116, [0x7e8, nil]]
0x5f26S0x112	[0x116, [0x2cb2, nil]]
0x5f2bS0x112	[0x116, [0x2cb7, nil]]
0x5f2dS0x112	[0x116, [0x2cb9, nil]]
0x5f2eS0x112	[0x116, [0x2cba, nil]]
0x5f30S0x112	[0x116, [0x2cbc, nil]]
0x5f32S0x112	[0x116, [0x2cbe, nil]]
0x5f35S0x112	[0x116, [0x2cc1, nil]]
0x5f37S0x112	[0x116, [0x2cc3, nil]]
0x7f4S0x112	[0x116, [0x7f4, nil]]
0x7f6S0x112	[0x116, [0x7f6, nil]]
0x7f7S0x112	[0x116, [0x7f7, nil]]
0x7f9S0x112	[0x116, [0x7f9, nil]]
0x7faS0x112	[0x116, [0x7fa, nil]]
0x7fcS0x112	[0x116, [0x7fc, nil]]
0x7feS0x112	[0x116, [0x7fe, nil]]
0x800S0x112	[0x116, [0x800, nil]]
0x802S0x112	[0x116, [0x802, nil]]
0x803S0x112	[0x116, [0x803, nil]]
0x804S0x112	[0x116, [0x804, nil]]
0x807S0x112	[0x116, [0x807, nil]]
0x809S0x112	[0x116, [0x809, nil]]
0x80bS0x112	[0x116, [0x80b, nil]]
0x80dS0x112	[0x116, [0x80d, nil]]
0x80eS0x112	[0x116, [0x80e, nil]]
0x80fS0x112	[0x116, [0x80f, nil]]
0x814S0x112	[0x116, [0x814, nil]]
0x82aS0x112	[0x116, [0x82a, nil]]
0x82dS0x112	[0x116, [0x82d, nil]]
0x82fS0x112	[0x116, [0x82f, nil]]
0x830S0x112	[0x116, [0x830, nil]]
0x5f59S0x112	[0x116, [0x2cb2, nil]]
0x5f5eS0x112	[0x116, [0x2cb7, nil]]
0x5f60S0x112	[0x116, [0x2cb9, nil]]
0x5f61S0x112	[0x116, [0x2cba, nil]]
0x5f63S0x112	[0x116, [0x2cbc, nil]]
0x5f65S0x112	[0x116, [0x2cbe, nil]]
0x5f68S0x112	[0x116, [0x2cc1, nil]]
0x5f6aS0x112	[0x116, [0x2cc3, nil]]
0x83cS0x112	[0x116, [0x83c, nil]]
0x83eS0x112	[0x116, [0x83e, nil]]
0x83fS0x112	[0x116, [0x83f, nil]]
0x841S0x112	[0x116, [0x841, nil]]
0x842S0x112	[0x116, [0x842, nil]]
0x844S0x112	[0x116, [0x844, nil]]
0x846S0x112	[0x116, [0x846, nil]]
0x848S0x112	[0x116, [0x848, nil]]
0x84aS0x112	[0x116, [0x84a, nil]]
0x84bS0x112	[0x116, [0x84b, nil]]
0x84cS0x112	[0x116, [0x84c, nil]]
0x84fS0x112	[0x116, [0x84f, nil]]
0x851S0x112	[0x116, [0x851, nil]]
0x853S0x112	[0x116, [0x853, nil]]
0x855S0x112	[0x116, [0x855, nil]]
0x856S0x112	[0x116, [0x856, nil]]
0x857S0x112	[0x116, [0x857, nil]]
0x85cS0x112	[0x116, [0x85c, nil]]
0x872S0x112	[0x116, [0x872, nil]]
0x875S0x112	[0x116, [0x875, nil]]
0x877S0x112	[0x116, [0x877, nil]]
0x878S0x112	[0x116, [0x878, nil]]
0x5f8cS0x112	[0x116, [0x2cb2, nil]]
0x5f91S0x112	[0x116, [0x2cb7, nil]]
0x5f93S0x112	[0x116, [0x2cb9, nil]]
0x5f94S0x112	[0x116, [0x2cba, nil]]
0x5f96S0x112	[0x116, [0x2cbc, nil]]
0x5f98S0x112	[0x116, [0x2cbe, nil]]
0x5f9bS0x112	[0x116, [0x2cc1, nil]]
0x5f9dS0x112	[0x116, [0x2cc3, nil]]
0x884S0x112	[0x116, [0x884, nil]]
0x886S0x112	[0x116, [0x886, nil]]
0x887S0x112	[0x116, [0x887, nil]]
0x889S0x112	[0x116, [0x889, nil]]
0x88aS0x112	[0x116, [0x88a, nil]]
0x88cS0x112	[0x116, [0x88c, nil]]
0x88eS0x112	[0x116, [0x88e, nil]]
0x890S0x112	[0x116, [0x890, nil]]
0x892S0x112	[0x116, [0x892, nil]]
0x893S0x112	[0x116, [0x893, nil]]
0x894S0x112	[0x116, [0x894, nil]]
0x897S0x112	[0x116, [0x897, nil]]
0x899S0x112	[0x116, [0x899, nil]]
0x89bS0x112	[0x116, [0x89b, nil]]
0x89dS0x112	[0x116, [0x89d, nil]]
0x89eS0x112	[0x116, [0x89e, nil]]
0x89fS0x112	[0x116, [0x89f, nil]]
0x8a4S0x112	[0x116, [0x8a4, nil]]
0x8baS0x112	[0x116, [0x8ba, nil]]
0x8bdS0x112	[0x116, [0x8bd, nil]]
0x8bfS0x112	[0x116, [0x8bf, nil]]
0x8c0S0x112	[0x116, [0x8c0, nil]]
0x5fbfS0x112	[0x116, [0x2cb2, nil]]
0x5fc4S0x112	[0x116, [0x2cb7, nil]]
0x5fc6S0x112	[0x116, [0x2cb9, nil]]
0x5fc7S0x112	[0x116, [0x2cba, nil]]
0x5fc9S0x112	[0x116, [0x2cbc, nil]]
0x5fcbS0x112	[0x116, [0x2cbe, nil]]
0x5fceS0x112	[0x116, [0x2cc1, nil]]
0x5fd0S0x112	[0x116, [0x2cc3, nil]]
0x8ccS0x112	[0x116, [0x8cc, nil]]
0x8ceS0x112	[0x116, [0x8ce, nil]]
0x8cfS0x112	[0x116, [0x8cf, nil]]
0x8d1S0x112	[0x116, [0x8d1, nil]]
0x8d2S0x112	[0x116, [0x8d2, nil]]
0x8d4S0x112	[0x116, [0x8d4, nil]]
0x8d6S0x112	[0x116, [0x8d6, nil]]
0x8d8S0x112	[0x116, [0x8d8, nil]]
0x8daS0x112	[0x116, [0x8da, nil]]
0x8dbS0x112	[0x116, [0x8db, nil]]
0x8dcS0x112	[0x116, [0x8dc, nil]]
0x8dfS0x112	[0x116, [0x8df, nil]]
0x8e1S0x112	[0x116, [0x8e1, nil]]
0x8e3S0x112	[0x116, [0x8e3, nil]]
0x8e5S0x112	[0x116, [0x8e5, nil]]
0x8e6S0x112	[0x116, [0x8e6, nil]]
0x8e7S0x112	[0x116, [0x8e7, nil]]
0x8ecS0x112	[0x116, [0x8ec, nil]]
0x902S0x112	[0x116, [0x902, nil]]
0x905S0x112	[0x116, [0x905, nil]]
0x907S0x112	[0x116, [0x907, nil]]
0x908S0x112	[0x116, [0x908, nil]]
0x5ff2S0x112	[0x116, [0x2cb2, nil]]
0x5ff7S0x112	[0x116, [0x2cb7, nil]]
0x5ff9S0x112	[0x116, [0x2cb9, nil]]
0x5ffaS0x112	[0x116, [0x2cba, nil]]
0x5ffcS0x112	[0x116, [0x2cbc, nil]]
0x5ffeS0x112	[0x116, [0x2cbe, nil]]
0x6001S0x112	[0x116, [0x2cc1, nil]]
0x6003S0x112	[0x116, [0x2cc3, nil]]
0x914S0x112	[0x116, [0x914, nil]]
0x916S0x112	[0x116, [0x916, nil]]
0x917S0x112	[0x116, [0x917, nil]]
0x919S0x112	[0x116, [0x919, nil]]
0x91aS0x112	[0x116, [0x91a, nil]]
0x91cS0x112	[0x116, [0x91c, nil]]
0x91eS0x112	[0x116, [0x91e, nil]]
0x920S0x112	[0x116, [0x920, nil]]
0x922S0x112	[0x116, [0x922, nil]]
0x923S0x112	[0x116, [0x923, nil]]
0x924S0x112	[0x116, [0x924, nil]]
0x927S0x112	[0x116, [0x927, nil]]
0x929S0x112	[0x116, [0x929, nil]]
0x92bS0x112	[0x116, [0x92b, nil]]
0x92dS0x112	[0x116, [0x92d, nil]]
0x92eS0x112	[0x116, [0x92e, nil]]
0x92fS0x112	[0x116, [0x92f, nil]]
0x934S0x112	[0x116, [0x934, nil]]
0x94aS0x112	[0x116, [0x94a, nil]]
0x94dS0x112	[0x116, [0x94d, nil]]
0x94fS0x112	[0x116, [0x94f, nil]]
0x950S0x112	[0x116, [0x950, nil]]
0x6025S0x112	[0x116, [0x2cb2, nil]]
0x602aS0x112	[0x116, [0x2cb7, nil]]
0x602cS0x112	[0x116, [0x2cb9, nil]]
0x602dS0x112	[0x116, [0x2cba, nil]]
0x602fS0x112	[0x116, [0x2cbc, nil]]
0x6031S0x112	[0x116, [0x2cbe, nil]]
0x6034S0x112	[0x116, [0x2cc1, nil]]
0x6036S0x112	[0x116, [0x2cc3, nil]]
0x95cS0x112	[0x116, [0x95c, nil]]
0x95eS0x112	[0x116, [0x95e, nil]]
0x95fS0x112	[0x116, [0x95f, nil]]
0x961S0x112	[0x116, [0x961, nil]]
0x962S0x112	[0x116, [0x962, nil]]
0x964S0x112	[0x116, [0x964, nil]]
0x966S0x112	[0x116, [0x966, nil]]
0x968S0x112	[0x116, [0x968, nil]]
0x96aS0x112	[0x116, [0x96a, nil]]
0x96bS0x112	[0x116, [0x96b, nil]]
0x96cS0x112	[0x116, [0x96c, nil]]
0x96fS0x112	[0x116, [0x96f, nil]]
0x971S0x112	[0x116, [0x971, nil]]
0x973S0x112	[0x116, [0x973, nil]]
0x975S0x112	[0x116, [0x975, nil]]
0x976S0x112	[0x116, [0x976, nil]]
0x977S0x112	[0x116, [0x977, nil]]
0x97cS0x112	[0x116, [0x97c, nil]]
0x992S0x112	[0x116, [0x992, nil]]
0x995S0x112	[0x116, [0x995, nil]]
0x997S0x112	[0x116, [0x997, nil]]
0x998S0x112	[0x116, [0x998, nil]]
0x6058S0x112	[0x116, [0x2cb2, nil]]
0x605dS0x112	[0x116, [0x2cb7, nil]]
0x605fS0x112	[0x116, [0x2cb9, nil]]
0x6060S0x112	[0x116, [0x2cba, nil]]
0x6062S0x112	[0x116, [0x2cbc, nil]]
0x6064S0x112	[0x116, [0x2cbe, nil]]
0x6067S0x112	[0x116, [0x2cc1, nil]]
0x6069S0x112	[0x116, [0x2cc3, nil]]
0x9a4S0x112	[0x116, [0x9a4, nil]]
0x9a6S0x112	[0x116, [0x9a6, nil]]
0x9a7S0x112	[0x116, [0x9a7, nil]]
0x9a9S0x112	[0x116, [0x9a9, nil]]
0x9aaS0x112	[0x116, [0x9aa, nil]]
0x9acS0x112	[0x116, [0x9ac, nil]]
0x9aeS0x112	[0x116, [0x9ae, nil]]
0x9b0S0x112	[0x116, [0x9b0, nil]]
0x9b2S0x112	[0x116, [0x9b2, nil]]
0x9b3S0x112	[0x116, [0x9b3, nil]]
0x9b4S0x112	[0x116, [0x9b4, nil]]
0x9b7S0x112	[0x116, [0x9b7, nil]]
0x9b9S0x112	[0x116, [0x9b9, nil]]
0x9bbS0x112	[0x116, [0x9bb, nil]]
0x9bdS0x112	[0x116, [0x9bd, nil]]
0x9beS0x112	[0x116, [0x9be, nil]]
0x9bfS0x112	[0x116, [0x9bf, nil]]
0x9c4S0x112	[0x116, [0x9c4, nil]]
0x9daS0x112	[0x116, [0x9da, nil]]
0x9ddS0x112	[0x116, [0x9dd, nil]]
0x9dfS0x112	[0x116, [0x9df, nil]]
0x9e0S0x112	[0x116, [0x9e0, nil]]
0x608bS0x112	[0x116, [0x2cb2, nil]]
0x6090S0x112	[0x116, [0x2cb7, nil]]
0x6092S0x112	[0x116, [0x2cb9, nil]]
0x6093S0x112	[0x116, [0x2cba, nil]]
0x6095S0x112	[0x116, [0x2cbc, nil]]
0x6097S0x112	[0x116, [0x2cbe, nil]]
0x609aS0x112	[0x116, [0x2cc1, nil]]
0x609cS0x112	[0x116, [0x2cc3, nil]]
0x9ecS0x112	[0x116, [0x9ec, nil]]
0x9eeS0x112	[0x116, [0x9ee, nil]]
0x9efS0x112	[0x116, [0x9ef, nil]]
0x9f1S0x112	[0x116, [0x9f1, nil]]
0x9f2S0x112	[0x116, [0x9f2, nil]]
0x9f4S0x112	[0x116, [0x9f4, nil]]
0x9f6S0x112	[0x116, [0x9f6, nil]]
0x9f8S0x112	[0x116, [0x9f8, nil]]
0x9faS0x112	[0x116, [0x9fa, nil]]
0x9fbS0x112	[0x116, [0x9fb, nil]]
0x9fcS0x112	[0x116, [0x9fc, nil]]
0x9ffS0x112	[0x116, [0x9ff, nil]]
0xa01S0x112	[0x116, [0xa01, nil]]
0xa03S0x112	[0x116, [0xa03, nil]]
0xa05S0x112	[0x116, [0xa05, nil]]
0xa06S0x112	[0x116, [0xa06, nil]]
0xa07S0x112	[0x116, [0xa07, nil]]
0xa0cS0x112	[0x116, [0xa0c, nil]]
0xa22S0x112	[0x116, [0xa22, nil]]
0xa25S0x112	[0x116, [0xa25, nil]]
0xa27S0x112	[0x116, [0xa27, nil]]
0xa28S0x112	[0x116, [0xa28, nil]]
0x60beS0x112	[0x116, [0x2cb2, nil]]
0x60c3S0x112	[0x116, [0x2cb7, nil]]
0x60c5S0x112	[0x116, [0x2cb9, nil]]
0x60c6S0x112	[0x116, [0x2cba, nil]]
0x60c8S0x112	[0x116, [0x2cbc, nil]]
0x60caS0x112	[0x116, [0x2cbe, nil]]
0x60cdS0x112	[0x116, [0x2cc1, nil]]
0x60cfS0x112	[0x116, [0x2cc3, nil]]
0xa34S0x112	[0x116, [0xa34, nil]]
0xa36S0x112	[0x116, [0xa36, nil]]
0xa37S0x112	[0x116, [0xa37, nil]]
0xa39S0x112	[0x116, [0xa39, nil]]
0xa3aS0x112	[0x116, [0xa3a, nil]]
0xa3cS0x112	[0x116, [0xa3c, nil]]
0xa3eS0x112	[0x116, [0xa3e, nil]]
0xa40S0x112	[0x116, [0xa40, nil]]
0xa42S0x112	[0x116, [0xa42, nil]]
0xa43S0x112	[0x116, [0xa43, nil]]
0xa44S0x112	[0x116, [0xa44, nil]]
0xa47S0x112	[0x116, [0xa47, nil]]
0xa49S0x112	[0x116, [0xa49, nil]]
0xa4bS0x112	[0x116, [0xa4b, nil]]
0xa4dS0x112	[0x116, [0xa4d, nil]]
0xa4eS0x112	[0x116, [0xa4e, nil]]
0xa4fS0x112	[0x116, [0xa4f, nil]]
0xa54S0x112	[0x116, [0xa54, nil]]
0xa6aS0x112	[0x116, [0xa6a, nil]]
0xa6dS0x112	[0x116, [0xa6d, nil]]
0xa6fS0x112	[0x116, [0xa6f, nil]]
0xa70S0x112	[0x116, [0xa70, nil]]
0x60f1S0x112	[0x116, [0x2cb2, nil]]
0x60f6S0x112	[0x116, [0x2cb7, nil]]
0x60f8S0x112	[0x116, [0x2cb9, nil]]
0x60f9S0x112	[0x116, [0x2cba, nil]]
0x60fbS0x112	[0x116, [0x2cbc, nil]]
0x60fdS0x112	[0x116, [0x2cbe, nil]]
0x6100S0x112	[0x116, [0x2cc1, nil]]
0x6102S0x112	[0x116, [0x2cc3, nil]]
0xa7cS0x112	[0x116, [0xa7c, nil]]
0xa7eS0x112	[0x116, [0xa7e, nil]]
0xa7fS0x112	[0x116, [0xa7f, nil]]
0xa81S0x112	[0x116, [0xa81, nil]]
0xa82S0x112	[0x116, [0xa82, nil]]
0xa84S0x112	[0x116, [0xa84, nil]]
0xa86S0x112	[0x116, [0xa86, nil]]
0xa88S0x112	[0x116, [0xa88, nil]]
0xa8aS0x112	[0x116, [0xa8a, nil]]
0xa8bS0x112	[0x116, [0xa8b, nil]]
0xa8cS0x112	[0x116, [0xa8c, nil]]
0xa8fS0x112	[0x116, [0xa8f, nil]]
0xa91S0x112	[0x116, [0xa91, nil]]
0xa93S0x112	[0x116, [0xa93, nil]]
0xa95S0x112	[0x116, [0xa95, nil]]
0xa96S0x112	[0x116, [0xa96, nil]]
0xa97S0x112	[0x116, [0xa97, nil]]
0xa9cS0x112	[0x116, [0xa9c, nil]]
0xaa0S0x112	[0x116, [0xaa0, nil]]
0xaa1S0x112	[0x116, [0xaa1, nil]]
0xaa4S0x112	[0x116, [0xaa4, nil]]
0x6124S0x112	[0x116, [0x2cb2, nil]]
0x6129S0x112	[0x116, [0x2cb7, nil]]
0x612bS0x112	[0x116, [0x2cb9, nil]]
0x612cS0x112	[0x116, [0x2cba, nil]]
0x612eS0x112	[0x116, [0x2cbc, nil]]
0x6130S0x112	[0x116, [0x2cbe, nil]]
0x6133S0x112	[0x116, [0x2cc1, nil]]
0x6135S0x112	[0x116, [0x2cc3, nil]]
0xaa6S0x112	[0x116, [0xaa6, nil]]
0xac2S0x112	[0x116, [0xac2, nil]]
0xe405S0x112	[0x116, [0x5b5, nil]]
0xe407S0x112	[0x116, [0x5b7, nil]]
0xe40aS0x112	[0x116, [0x5ba, nil]]
0xb74S0x112	[0x116, [0xb74, nil]]
0xb75S0x112	[0x116, [0xb75, nil]]
0xb76S0x112	[0x116, [0xb76, nil]]
0xae0S0x112	[0x116, [0xae0, nil]]
0xae2S0x112	[0x116, [0xae2, nil]]
0xae3S0x112	[0x116, [0xae3, nil]]
0xae5S0x112	[0x116, [0xae5, nil]]
0xae6S0x112	[0x116, [0xae6, nil]]
0xae7S0x112	[0x116, [0xae7, nil]]
0xaeaS0x112	[0x116, [0xaea, nil]]
0xaecS0x112	[0x116, [0xaec, nil]]
0xaedS0x112	[0x116, [0xaed, nil]]
0xaeeS0x112	[0x116, [0xaee, nil]]
0xaefS0x112	[0x116, [0xaef, nil]]
0xaf1S0x112	[0x116, [0xaf1, nil]]
0xaf3S0x112	[0x116, [0xaf3, nil]]
0xaf5S0x112	[0x116, [0xaf5, nil]]
0xaf6S0x112	[0x116, [0xaf6, nil]]
0xaf7S0x112	[0x116, [0xaf7, nil]]
0xaf9S0x112	[0x116, [0xaf9, nil]]
0xafbS0x112	[0x116, [0xafb, nil]]
0xafcS0x112	[0x116, [0xafc, nil]]
0xafdS0x112	[0x116, [0xafd, nil]]
0xaffS0x112	[0x116, [0xaff, nil]]
0xb00S0x112	[0x116, [0xb00, nil]]
0xb05S0x112	[0x116, [0xb05, nil]]
0x6157S0x112	[0x116, [0x2cb2, nil]]
0x615cS0x112	[0x116, [0x2cb7, nil]]
0x615eS0x112	[0x116, [0x2cb9, nil]]
0x615fS0x112	[0x116, [0x2cba, nil]]
0x6161S0x112	[0x116, [0x2cbc, nil]]
0x6163S0x112	[0x116, [0x2cbe, nil]]
0x6166S0x112	[0x116, [0x2cc1, nil]]
0x6168S0x112	[0x116, [0x2cc3, nil]]
0xb0aS0x112	[0x116, [0xb0a, nil]]
0xb0bS0x112	[0x116, [0xb0b, nil]]
0xb0dS0x112	[0x116, [0xb0d, nil]]
0xb10S0x112	[0x116, [0xb10, nil]]
0xb12S0x112	[0x116, [0xb12, nil]]
0xb14S0x112	[0x116, [0xb14, nil]]
0xb15S0x112	[0x116, [0xb15, nil]]
0xb19S0x112	[0x116, [0xb19, nil]]
0xb1bS0x112	[0x116, [0xb1b, nil]]
0xb1dS0x112	[0x116, [0xb1d, nil]]
0xb1eS0x112	[0x116, [0xb1e, nil]]
0xb43S0x112	[0x116, [0xb43, nil]]
0xb4dS0x112	[0x116, [0xb4d, nil]]
0xb6bS0x112	[0x116, [0xb6b, nil]]
0xb6dS0x112	[0x116, [0xb6d, nil]]
0xb6eS0x112	[0x116, [0xb6e, nil]]
0xe42dS0x112	[0x116, [0x5b5, nil]]
0xe42fS0x112	[0x116, [0x5b7, nil]]
0xe432S0x112	[0x116, [0x5ba, nil]]
0xac5S0x112	[0x116, [0xac5, nil]]
0xac7S0x112	[0x116, [0xac7, nil]]
0xac8S0x112	[0x116, [0xac8, nil]]
0xac9S0x112	[0x116, [0xac9, nil]]
0xb9aS0x112	[0x116, [0xb9a, nil]]
0xb9bS0x112	[0x116, [0xb9b, nil]]
0xb9dS0x112	[0x116, [0xb9d, nil]]
0xba0S0x112	[0x116, [0xba0, nil]]
0xba4S0x112	[0x116, [0xba4, nil]]
0xba5S0x112	[0x116, [0xba5, nil]]
0xbaaS0x112	[0x116, [0xbaa, nil]]
0xbacS0x112	[0x116, [0xbac, nil]]
0xbaeS0x112	[0x116, [0xbae, nil]]
0xbafS0x112	[0x116, [0xbaf, nil]]
0xbd4S0x112	[0x116, [0xbd4, nil]]
0xbdeS0x112	[0x116, [0xbde, nil]]
0xe478S0x112	[0x116, [0x5b5, nil]]
0xe47aS0x112	[0x116, [0x5b7, nil]]
0xe47dS0x112	[0x116, [0x5ba, nil]]
0x2cc6S0xaaaS0x112	[0x116, [0xac0, [0x2cc6, nil]]]
0x2ccbS0xaaaS0x112	[0x116, [0xac0, [0x2ccb, nil]]]
0x2ccfS0xaaaS0x112	[0x116, [0xac0, [0x2ccf, nil]]]
0x2cd1S0xaaaS0x112	[0x116, [0xac0, [0x2cd1, nil]]]
0x2cd4S0xaaaS0x112	[0x116, [0xac0, [0x2cd4, nil]]]
0x2cd6S0xaaaS0x112	[0x116, [0xac0, [0x2cd6, nil]]]
0x2cd7S0xaaaS0x112	[0x116, [0xac0, [0x2cd7, nil]]]
0x2cdaS0xaaaS0x112	[0x116, [0xac0, [0x2cda, nil]]]
0x2cdcS0xaaaS0x112	[0x116, [0xac0, [0x2cdc, nil]]]
0x2cdeS0xaaaS0x112	[0x116, [0xac0, [0x2cde, nil]]]
0x2d87S0xb51S0x112	[0x116, [0xb67, [0x2d87, nil]]]
0x2d8cS0xb51S0x112	[0x116, [0xb67, [0x2d8c, nil]]]
0x2d90S0xb51S0x112	[0x116, [0xb67, [0x2d90, nil]]]
0x2d92S0xb51S0x112	[0x116, [0xb67, [0x2d92, nil]]]
0x2da5S0xb51S0x112	[0x116, [0xb67, [0x2da5, nil]]]
0x2da7S0xb51S0x112	[0x116, [0xb67, [0x2da7, nil]]]
0x2da8S0xb51S0x112	[0x116, [0xb67, [0x2da8, nil]]]
0x2dabS0xb51S0x112	[0x116, [0xb67, [0x2dab, nil]]]
0x2dadS0xb51S0x112	[0x116, [0xb67, [0x2dad, nil]]]
0x2dafS0xb51S0x112	[0x116, [0xb67, [0x2daf, nil]]]
0x2d47S0xb7aS0x112	[0x116, [0xb98, [0x2d47, nil]]]
0x2d4bS0xb7aS0x112	[0x116, [0xb98, [0x2d4b, nil]]]
0x2d4dS0xb7aS0x112	[0x116, [0xb98, [0x2d4d, nil]]]
0x2d4eS0xb7aS0x112	[0x116, [0xb98, [0x2d4e, nil]]]
0x2d51S0xb7aS0x112	[0x116, [0xb98, [0x2d51, nil]]]
0x2d53S0xb7aS0x112	[0x116, [0xb98, [0x2d53, nil]]]
0x2d54S0xb7aS0x112	[0x116, [0xb98, [0x2d54, nil]]]
0x2d3aS0xb7aS0x112	[0x116, [0xb98, [0x2d3a, nil]]]
0x2d3cS0xb7aS0x112	[0x116, [0xb98, [0x2d3c, nil]]]
0x2d3dS0xb7aS0x112	[0x116, [0xb98, [0x2d3d, nil]]]
0x2d5aS0xb7aS0x112	[0x116, [0xb98, [0x2d5a, nil]]]
0x2d5cS0xb7aS0x112	[0x116, [0xb98, [0x2d5c, nil]]]
0x2d41S0xb7aS0x112	[0x116, [0xb98, [0x2d41, nil]]]
0x2d42S0xb7aS0x112	[0x116, [0xb98, [0x2d42, nil]]]
0x2d43S0xb7aS0x112	[0x116, [0xb98, [0x2d43, nil]]]
0x2d66S0xbe2S0x112	[0x116, [0xbf8, [0x2d66, nil]]]
0x2d6bS0xbe2S0x112	[0x116, [0xbf8, [0x2d6b, nil]]]
0x2d6fS0xbe2S0x112	[0x116, [0xbf8, [0x2d6f, nil]]]
0x2d71S0xbe2S0x112	[0x116, [0xbf8, [0x2d71, nil]]]
0x2d79S0xbe2S0x112	[0x116, [0xbf8, [0x2d79, nil]]]
0x2d7bS0xbe2S0x112	[0x116, [0xbf8, [0x2d7b, nil]]]
0x2d7cS0xbe2S0x112	[0x116, [0xbf8, [0x2d7c, nil]]]
0x2d7fS0xbe2S0x112	[0x116, [0xbf8, [0x2d7f, nil]]]
0x2d81S0xbe2S0x112	[0x116, [0xbf8, [0x2d81, nil]]]
0x2d83S0xbe2S0x112	[0x116, [0xbf8, [0x2d83, nil]]]
0x2d47S0xadfS0x112	[0x116, [0xb08, [0x2d47, nil]]]
0x2d4bS0xadfS0x112	[0x116, [0xb08, [0x2d4b, nil]]]
0x2d4dS0xadfS0x112	[0x116, [0xb08, [0x2d4d, nil]]]
0x2d4eS0xadfS0x112	[0x116, [0xb08, [0x2d4e, nil]]]
0x2d51S0xadfS0x112	[0x116, [0xb08, [0x2d51, nil]]]
0x2d53S0xadfS0x112	[0x116, [0xb08, [0x2d53, nil]]]
0x2d54S0xadfS0x112	[0x116, [0xb08, [0x2d54, nil]]]
0x2d3aS0xadfS0x112	[0x116, [0xb08, [0x2d3a, nil]]]
0x2d3cS0xadfS0x112	[0x116, [0xb08, [0x2d3c, nil]]]
0x2d3dS0xadfS0x112	[0x116, [0xb08, [0x2d3d, nil]]]
0x2d5aS0xadfS0x112	[0x116, [0xb08, [0x2d5a, nil]]]
0x2d5cS0xadfS0x112	[0x116, [0xb08, [0x2d5c, nil]]]
0x2d41S0xadfS0x112	[0x116, [0xb08, [0x2d41, nil]]]
0x2d42S0xadfS0x112	[0x116, [0xb08, [0x2d42, nil]]]
0x2d43S0xadfS0x112	[0x116, [0xb08, [0x2d43, nil]]]
0x1158S0x16c	[0x170, [0x1158, nil]]
0x115bS0x16c	[0x170, [0x115b, nil]]
0x11a0S0x16c	[0x170, [0x11a0, nil]]
0x11a3S0x16c	[0x170, [0x11a3, nil]]
0x11e8S0x16c	[0x170, [0x11e8, nil]]
0x11ebS0x16c	[0x170, [0x11eb, nil]]
0x1230S0x16c	[0x170, [0x1230, nil]]
0x1233S0x16c	[0x170, [0x1233, nil]]
0x1278S0x16c	[0x170, [0x1278, nil]]
0x127bS0x16c	[0x170, [0x127b, nil]]
0x12c0S0x16c	[0x170, [0x12c0, nil]]
0x12c3S0x16c	[0x170, [0x12c3, nil]]
0x1308S0x16c	[0x170, [0x1308, nil]]
0x130bS0x16c	[0x170, [0x130b, nil]]
0x1350S0x16c	[0x170, [0x1350, nil]]
0x1353S0x16c	[0x170, [0x1353, nil]]
0x1398S0x16c	[0x170, [0x1398, nil]]
0x139bS0x16c	[0x170, [0x139b, nil]]
0x13e0S0x16c	[0x170, [0x13e0, nil]]
0x13e3S0x16c	[0x170, [0x13e3, nil]]
0x1428S0x16c	[0x170, [0x1428, nil]]
0x142bS0x16c	[0x170, [0x142b, nil]]
0x1470S0x16c	[0x170, [0x1470, nil]]
0x1473S0x16c	[0x170, [0x1473, nil]]
0x14a6S0x16c	[0x170, [0x14a6, nil]]
0x14a8S0x16c	[0x170, [0x14a8, nil]]
0x14a9S0x16c	[0x170, [0x14a9, nil]]
0x14adS0x16c	[0x170, [0x14ad, nil]]
0x14afS0x16c	[0x170, [0x14af, nil]]
0x14b2S0x16c	[0x170, [0x14b2, nil]]
0x14b4S0x16c	[0x170, [0x14b4, nil]]
0x14b5S0x16c	[0x170, [0x14b5, nil]]
0x14b9S0x16c	[0x170, [0x14b9, nil]]
0x14c9S0x16c	[0x170, [0x14c9, nil]]
0x14cdS0x16c	[0x170, [0x14cd, nil]]
0x14cfS0x16c	[0x170, [0x14cf, nil]]
0x14d0S0x16c	[0x170, [0x14d0, nil]]
0x14d4S0x16c	[0x170, [0x14d4, nil]]
0x14d7S0x16c	[0x170, [0x14d7, nil]]
0x151eS0x16c	[0x170, [0x151e, nil]]
0x1520S0x16c	[0x170, [0x1520, nil]]
0x1523S0x16c	[0x170, [0x1523, nil]]
0x1525S0x16c	[0x170, [0x1525, nil]]
0x1526S0x16c	[0x170, [0x1526, nil]]
0x1528S0x16c	[0x170, [0x1528, nil]]
0x1529S0x16c	[0x170, [0x1529, nil]]
0x152aS0x16c	[0x170, [0x152a, nil]]
0x152cS0x16c	[0x170, [0x152c, nil]]
0x152dS0x16c	[0x170, [0x152d, nil]]
0x1530S0x16c	[0x170, [0x1530, nil]]
0x1533S0x16c	[0x170, [0x1533, nil]]
0x1534S0x16c	[0x170, [0x1534, nil]]
0x1535S0x16c	[0x170, [0x1535, nil]]
0x1538S0x16c	[0x170, [0x1538, nil]]
0x153aS0x16c	[0x170, [0x153a, nil]]
0x154dS0x16c	[0x170, [0x154d, nil]]
0x154fS0x16c	[0x170, [0x154f, nil]]
0x1550S0x16c	[0x170, [0x1550, nil]]
0x1554S0x16c	[0x170, [0x1554, nil]]
0x1556S0x16c	[0x170, [0x1556, nil]]
0x1559S0x16c	[0x170, [0x1559, nil]]
0x155bS0x16c	[0x170, [0x155b, nil]]
0x155cS0x16c	[0x170, [0x155c, nil]]
0x1560S0x16c	[0x170, [0x1560, nil]]
0x15acS0x16c	[0x170, [0x15ac, nil]]
0x15adS0x16c	[0x170, [0x15ad, nil]]
0x15b0S0x16c	[0x170, [0x15b0, nil]]
0x15b1S0x16c	[0x170, [0x15b1, nil]]
0x15e1S0x16c	[0x170, [0x15e1, nil]]
0x15e3S0x16c	[0x170, [0x15e3, nil]]
0x15e4S0x16c	[0x170, [0x15e4, nil]]
0x15e8S0x16c	[0x170, [0x15e8, nil]]
0x15eaS0x16c	[0x170, [0x15ea, nil]]
0x15edS0x16c	[0x170, [0x15ed, nil]]
0x15efS0x16c	[0x170, [0x15ef, nil]]
0x15f0S0x16c	[0x170, [0x15f0, nil]]
0x15f4S0x16c	[0x170, [0x15f4, nil]]
0x160aS0x16c	[0x170, [0x160a, nil]]
0x160dS0x16c	[0x170, [0x160d, nil]]
0x160eS0x16c	[0x170, [0x160e, nil]]
0x1612S0x16c	[0x170, [0x1612, nil]]
0x1615S0x16c	[0x170, [0x1615, nil]]
0x1619S0x16c	[0x170, [0x1619, nil]]
0x161bS0x16c	[0x170, [0x161b, nil]]
0x161dS0x16c	[0x170, [0x161d, nil]]
0x161fS0x16c	[0x170, [0x161f, nil]]
0x1620S0x16c	[0x170, [0x1620, nil]]
0x1625S0x16c	[0x170, [0x1625, nil]]
0x1643S0x16c	[0x170, [0x1643, nil]]
0x1645S0x16c	[0x170, [0x1645, nil]]
0x1648S0x16c	[0x170, [0x1648, nil]]
0x164aS0x16c	[0x170, [0x164a, nil]]
0x164bS0x16c	[0x170, [0x164b, nil]]
0x164dS0x16c	[0x170, [0x164d, nil]]
0x164eS0x16c	[0x170, [0x164e, nil]]
0x164fS0x16c	[0x170, [0x164f, nil]]
0x1651S0x16c	[0x170, [0x1651, nil]]
0x1652S0x16c	[0x170, [0x1652, nil]]
0x1655S0x16c	[0x170, [0x1655, nil]]
0x1658S0x16c	[0x170, [0x1658, nil]]
0x1659S0x16c	[0x170, [0x1659, nil]]
0x165aS0x16c	[0x170, [0x165a, nil]]
0x165dS0x16c	[0x170, [0x165d, nil]]
0x165fS0x16c	[0x170, [0x165f, nil]]
0x1672S0x16c	[0x170, [0x1672, nil]]
0x1674S0x16c	[0x170, [0x1674, nil]]
0x1675S0x16c	[0x170, [0x1675, nil]]
0x1679S0x16c	[0x170, [0x1679, nil]]
0x167bS0x16c	[0x170, [0x167b, nil]]
0x167eS0x16c	[0x170, [0x167e, nil]]
0x1680S0x16c	[0x170, [0x1680, nil]]
0x1681S0x16c	[0x170, [0x1681, nil]]
0x1685S0x16c	[0x170, [0x1685, nil]]
0x1115S0x16c	[0x170, [0x1115, nil]]
0x1118S0x16c	[0x170, [0x1118, nil]]
0x1119S0x16c	[0x170, [0x1119, nil]]
0x111eS0x16c	[0x170, [0x111e, nil]]
0x1122S0x16c	[0x170, [0x1122, nil]]
0x1126S0x16c	[0x170, [0x1126, nil]]
0x1128S0x16c	[0x170, [0x1128, nil]]
0x112bS0x16c	[0x170, [0x112b, nil]]
0x112cS0x16c	[0x170, [0x112c, nil]]
0x1130S0x16c	[0x170, [0x1130, nil]]
0x1133S0x16c	[0x170, [0x1133, nil]]
0x1139S0x16c	[0x170, [0x1139, nil]]
0x114fS0x16c	[0x170, [0x114f, nil]]
0x1151S0x16c	[0x170, [0x1151, nil]]
0x1153S0x16c	[0x170, [0x1153, nil]]
0x1154S0x16c	[0x170, [0x1154, nil]]
0x1160S0x16c	[0x170, [0x1160, nil]]
0x1162S0x16c	[0x170, [0x1162, nil]]
0x1163S0x16c	[0x170, [0x1163, nil]]
0x1165S0x16c	[0x170, [0x1165, nil]]
0x1166S0x16c	[0x170, [0x1166, nil]]
0x1168S0x16c	[0x170, [0x1168, nil]]
0x116aS0x16c	[0x170, [0x116a, nil]]
0x116cS0x16c	[0x170, [0x116c, nil]]
0x116eS0x16c	[0x170, [0x116e, nil]]
0x116fS0x16c	[0x170, [0x116f, nil]]
0x1170S0x16c	[0x170, [0x1170, nil]]
0x1173S0x16c	[0x170, [0x1173, nil]]
0x1175S0x16c	[0x170, [0x1175, nil]]
0x1177S0x16c	[0x170, [0x1177, nil]]
0x1179S0x16c	[0x170, [0x1179, nil]]
0x117aS0x16c	[0x170, [0x117a, nil]]
0x117bS0x16c	[0x170, [0x117b, nil]]
0x1180S0x16c	[0x170, [0x1180, nil]]
0x1196S0x16c	[0x170, [0x1196, nil]]
0x1199S0x16c	[0x170, [0x1199, nil]]
0x119bS0x16c	[0x170, [0x119b, nil]]
0x119cS0x16c	[0x170, [0x119c, nil]]
0x6421S0x16c	[0x170, [0x2cb2, nil]]
0x6426S0x16c	[0x170, [0x2cb7, nil]]
0x6428S0x16c	[0x170, [0x2cb9, nil]]
0x6429S0x16c	[0x170, [0x2cba, nil]]
0x642bS0x16c	[0x170, [0x2cbc, nil]]
0x642dS0x16c	[0x170, [0x2cbe, nil]]
0x6430S0x16c	[0x170, [0x2cc1, nil]]
0x6432S0x16c	[0x170, [0x2cc3, nil]]
0x11a8S0x16c	[0x170, [0x11a8, nil]]
0x11aaS0x16c	[0x170, [0x11aa, nil]]
0x11abS0x16c	[0x170, [0x11ab, nil]]
0x11adS0x16c	[0x170, [0x11ad, nil]]
0x11aeS0x16c	[0x170, [0x11ae, nil]]
0x11b0S0x16c	[0x170, [0x11b0, nil]]
0x11b2S0x16c	[0x170, [0x11b2, nil]]
0x11b4S0x16c	[0x170, [0x11b4, nil]]
0x11b6S0x16c	[0x170, [0x11b6, nil]]
0x11b7S0x16c	[0x170, [0x11b7, nil]]
0x11b8S0x16c	[0x170, [0x11b8, nil]]
0x11bbS0x16c	[0x170, [0x11bb, nil]]
0x11bdS0x16c	[0x170, [0x11bd, nil]]
0x11bfS0x16c	[0x170, [0x11bf, nil]]
0x11c1S0x16c	[0x170, [0x11c1, nil]]
0x11c2S0x16c	[0x170, [0x11c2, nil]]
0x11c3S0x16c	[0x170, [0x11c3, nil]]
0x11c8S0x16c	[0x170, [0x11c8, nil]]
0x11deS0x16c	[0x170, [0x11de, nil]]
0x11e1S0x16c	[0x170, [0x11e1, nil]]
0x11e3S0x16c	[0x170, [0x11e3, nil]]
0x11e4S0x16c	[0x170, [0x11e4, nil]]
0x6454S0x16c	[0x170, [0x2cb2, nil]]
0x6459S0x16c	[0x170, [0x2cb7, nil]]
0x645bS0x16c	[0x170, [0x2cb9, nil]]
0x645cS0x16c	[0x170, [0x2cba, nil]]
0x645eS0x16c	[0x170, [0x2cbc, nil]]
0x6460S0x16c	[0x170, [0x2cbe, nil]]
0x6463S0x16c	[0x170, [0x2cc1, nil]]
0x6465S0x16c	[0x170, [0x2cc3, nil]]
0x11f0S0x16c	[0x170, [0x11f0, nil]]
0x11f2S0x16c	[0x170, [0x11f2, nil]]
0x11f3S0x16c	[0x170, [0x11f3, nil]]
0x11f5S0x16c	[0x170, [0x11f5, nil]]
0x11f6S0x16c	[0x170, [0x11f6, nil]]
0x11f8S0x16c	[0x170, [0x11f8, nil]]
0x11faS0x16c	[0x170, [0x11fa, nil]]
0x11fcS0x16c	[0x170, [0x11fc, nil]]
0x11feS0x16c	[0x170, [0x11fe, nil]]
0x11ffS0x16c	[0x170, [0x11ff, nil]]
0x1200S0x16c	[0x170, [0x1200, nil]]
0x1203S0x16c	[0x170, [0x1203, nil]]
0x1205S0x16c	[0x170, [0x1205, nil]]
0x1207S0x16c	[0x170, [0x1207, nil]]
0x1209S0x16c	[0x170, [0x1209, nil]]
0x120aS0x16c	[0x170, [0x120a, nil]]
0x120bS0x16c	[0x170, [0x120b, nil]]
0x1210S0x16c	[0x170, [0x1210, nil]]
0x1226S0x16c	[0x170, [0x1226, nil]]
0x1229S0x16c	[0x170, [0x1229, nil]]
0x122bS0x16c	[0x170, [0x122b, nil]]
0x122cS0x16c	[0x170, [0x122c, nil]]
0x6487S0x16c	[0x170, [0x2cb2, nil]]
0x648cS0x16c	[0x170, [0x2cb7, nil]]
0x648eS0x16c	[0x170, [0x2cb9, nil]]
0x648fS0x16c	[0x170, [0x2cba, nil]]
0x6491S0x16c	[0x170, [0x2cbc, nil]]
0x6493S0x16c	[0x170, [0x2cbe, nil]]
0x6496S0x16c	[0x170, [0x2cc1, nil]]
0x6498S0x16c	[0x170, [0x2cc3, nil]]
0x1238S0x16c	[0x170, [0x1238, nil]]
0x123aS0x16c	[0x170, [0x123a, nil]]
0x123bS0x16c	[0x170, [0x123b, nil]]
0x123dS0x16c	[0x170, [0x123d, nil]]
0x123eS0x16c	[0x170, [0x123e, nil]]
0x1240S0x16c	[0x170, [0x1240, nil]]
0x1242S0x16c	[0x170, [0x1242, nil]]
0x1244S0x16c	[0x170, [0x1244, nil]]
0x1246S0x16c	[0x170, [0x1246, nil]]
0x1247S0x16c	[0x170, [0x1247, nil]]
0x1248S0x16c	[0x170, [0x1248, nil]]
0x124bS0x16c	[0x170, [0x124b, nil]]
0x124dS0x16c	[0x170, [0x124d, nil]]
0x124fS0x16c	[0x170, [0x124f, nil]]
0x1251S0x16c	[0x170, [0x1251, nil]]
0x1252S0x16c	[0x170, [0x1252, nil]]
0x1253S0x16c	[0x170, [0x1253, nil]]
0x1258S0x16c	[0x170, [0x1258, nil]]
0x126eS0x16c	[0x170, [0x126e, nil]]
0x1271S0x16c	[0x170, [0x1271, nil]]
0x1273S0x16c	[0x170, [0x1273, nil]]
0x1274S0x16c	[0x170, [0x1274, nil]]
0x64baS0x16c	[0x170, [0x2cb2, nil]]
0x64bfS0x16c	[0x170, [0x2cb7, nil]]
0x64c1S0x16c	[0x170, [0x2cb9, nil]]
0x64c2S0x16c	[0x170, [0x2cba, nil]]
0x64c4S0x16c	[0x170, [0x2cbc, nil]]
0x64c6S0x16c	[0x170, [0x2cbe, nil]]
0x64c9S0x16c	[0x170, [0x2cc1, nil]]
0x64cbS0x16c	[0x170, [0x2cc3, nil]]
0x1280S0x16c	[0x170, [0x1280, nil]]
0x1282S0x16c	[0x170, [0x1282, nil]]
0x1283S0x16c	[0x170, [0x1283, nil]]
0x1285S0x16c	[0x170, [0x1285, nil]]
0x1286S0x16c	[0x170, [0x1286, nil]]
0x1288S0x16c	[0x170, [0x1288, nil]]
0x128aS0x16c	[0x170, [0x128a, nil]]
0x128cS0x16c	[0x170, [0x128c, nil]]
0x128eS0x16c	[0x170, [0x128e, nil]]
0x128fS0x16c	[0x170, [0x128f, nil]]
0x1290S0x16c	[0x170, [0x1290, nil]]
0x1293S0x16c	[0x170, [0x1293, nil]]
0x1295S0x16c	[0x170, [0x1295, nil]]
0x1297S0x16c	[0x170, [0x1297, nil]]
0x1299S0x16c	[0x170, [0x1299, nil]]
0x129aS0x16c	[0x170, [0x129a, nil]]
0x129bS0x16c	[0x170, [0x129b, nil]]
0x12a0S0x16c	[0x170, [0x12a0, nil]]
0x12b6S0x16c	[0x170, [0x12b6, nil]]
0x12b9S0x16c	[0x170, [0x12b9, nil]]
0x12bbS0x16c	[0x170, [0x12bb, nil]]
0x12bcS0x16c	[0x170, [0x12bc, nil]]
0x64edS0x16c	[0x170, [0x2cb2, nil]]
0x64f2S0x16c	[0x170, [0x2cb7, nil]]
0x64f4S0x16c	[0x170, [0x2cb9, nil]]
0x64f5S0x16c	[0x170, [0x2cba, nil]]
0x64f7S0x16c	[0x170, [0x2cbc, nil]]
0x64f9S0x16c	[0x170, [0x2cbe, nil]]
0x64fcS0x16c	[0x170, [0x2cc1, nil]]
0x64feS0x16c	[0x170, [0x2cc3, nil]]
0x12c8S0x16c	[0x170, [0x12c8, nil]]
0x12caS0x16c	[0x170, [0x12ca, nil]]
0x12cbS0x16c	[0x170, [0x12cb, nil]]
0x12cdS0x16c	[0x170, [0x12cd, nil]]
0x12ceS0x16c	[0x170, [0x12ce, nil]]
0x12d0S0x16c	[0x170, [0x12d0, nil]]
0x12d2S0x16c	[0x170, [0x12d2, nil]]
0x12d4S0x16c	[0x170, [0x12d4, nil]]
0x12d6S0x16c	[0x170, [0x12d6, nil]]
0x12d7S0x16c	[0x170, [0x12d7, nil]]
0x12d8S0x16c	[0x170, [0x12d8, nil]]
0x12dbS0x16c	[0x170, [0x12db, nil]]
0x12ddS0x16c	[0x170, [0x12dd, nil]]
0x12dfS0x16c	[0x170, [0x12df, nil]]
0x12e1S0x16c	[0x170, [0x12e1, nil]]
0x12e2S0x16c	[0x170, [0x12e2, nil]]
0x12e3S0x16c	[0x170, [0x12e3, nil]]
0x12e8S0x16c	[0x170, [0x12e8, nil]]
0x12feS0x16c	[0x170, [0x12fe, nil]]
0x1301S0x16c	[0x170, [0x1301, nil]]
0x1303S0x16c	[0x170, [0x1303, nil]]
0x1304S0x16c	[0x170, [0x1304, nil]]
0x6520S0x16c	[0x170, [0x2cb2, nil]]
0x6525S0x16c	[0x170, [0x2cb7, nil]]
0x6527S0x16c	[0x170, [0x2cb9, nil]]
0x6528S0x16c	[0x170, [0x2cba, nil]]
0x652aS0x16c	[0x170, [0x2cbc, nil]]
0x652cS0x16c	[0x170, [0x2cbe, nil]]
0x652fS0x16c	[0x170, [0x2cc1, nil]]
0x6531S0x16c	[0x170, [0x2cc3, nil]]
0x1310S0x16c	[0x170, [0x1310, nil]]
0x1312S0x16c	[0x170, [0x1312, nil]]
0x1313S0x16c	[0x170, [0x1313, nil]]
0x1315S0x16c	[0x170, [0x1315, nil]]
0x1316S0x16c	[0x170, [0x1316, nil]]
0x1318S0x16c	[0x170, [0x1318, nil]]
0x131aS0x16c	[0x170, [0x131a, nil]]
0x131cS0x16c	[0x170, [0x131c, nil]]
0x131eS0x16c	[0x170, [0x131e, nil]]
0x131fS0x16c	[0x170, [0x131f, nil]]
0x1320S0x16c	[0x170, [0x1320, nil]]
0x1323S0x16c	[0x170, [0x1323, nil]]
0x1325S0x16c	[0x170, [0x1325, nil]]
0x1327S0x16c	[0x170, [0x1327, nil]]
0x1329S0x16c	[0x170, [0x1329, nil]]
0x132aS0x16c	[0x170, [0x132a, nil]]
0x132bS0x16c	[0x170, [0x132b, nil]]
0x1330S0x16c	[0x170, [0x1330, nil]]
0x1346S0x16c	[0x170, [0x1346, nil]]
0x1349S0x16c	[0x170, [0x1349, nil]]
0x134bS0x16c	[0x170, [0x134b, nil]]
0x134cS0x16c	[0x170, [0x134c, nil]]
0x6553S0x16c	[0x170, [0x2cb2, nil]]
0x6558S0x16c	[0x170, [0x2cb7, nil]]
0x655aS0x16c	[0x170, [0x2cb9, nil]]
0x655bS0x16c	[0x170, [0x2cba, nil]]
0x655dS0x16c	[0x170, [0x2cbc, nil]]
0x655fS0x16c	[0x170, [0x2cbe, nil]]
0x6562S0x16c	[0x170, [0x2cc1, nil]]
0x6564S0x16c	[0x170, [0x2cc3, nil]]
0x1358S0x16c	[0x170, [0x1358, nil]]
0x135aS0x16c	[0x170, [0x135a, nil]]
0x135bS0x16c	[0x170, [0x135b, nil]]
0x135dS0x16c	[0x170, [0x135d, nil]]
0x135eS0x16c	[0x170, [0x135e, nil]]
0x1360S0x16c	[0x170, [0x1360, nil]]
0x1362S0x16c	[0x170, [0x1362, nil]]
0x1364S0x16c	[0x170, [0x1364, nil]]
0x1366S0x16c	[0x170, [0x1366, nil]]
0x1367S0x16c	[0x170, [0x1367, nil]]
0x1368S0x16c	[0x170, [0x1368, nil]]
0x136bS0x16c	[0x170, [0x136b, nil]]
0x136dS0x16c	[0x170, [0x136d, nil]]
0x136fS0x16c	[0x170, [0x136f, nil]]
0x1371S0x16c	[0x170, [0x1371, nil]]
0x1372S0x16c	[0x170, [0x1372, nil]]
0x1373S0x16c	[0x170, [0x1373, nil]]
0x1378S0x16c	[0x170, [0x1378, nil]]
0x138eS0x16c	[0x170, [0x138e, nil]]
0x1391S0x16c	[0x170, [0x1391, nil]]
0x1393S0x16c	[0x170, [0x1393, nil]]
0x1394S0x16c	[0x170, [0x1394, nil]]
0x6586S0x16c	[0x170, [0x2cb2, nil]]
0x658bS0x16c	[0x170, [0x2cb7, nil]]
0x658dS0x16c	[0x170, [0x2cb9, nil]]
0x658eS0x16c	[0x170, [0x2cba, nil]]
0x6590S0x16c	[0x170, [0x2cbc, nil]]
0x6592S0x16c	[0x170, [0x2cbe, nil]]
0x6595S0x16c	[0x170, [0x2cc1, nil]]
0x6597S0x16c	[0x170, [0x2cc3, nil]]
0x13a0S0x16c	[0x170, [0x13a0, nil]]
0x13a2S0x16c	[0x170, [0x13a2, nil]]
0x13a3S0x16c	[0x170, [0x13a3, nil]]
0x13a5S0x16c	[0x170, [0x13a5, nil]]
0x13a6S0x16c	[0x170, [0x13a6, nil]]
0x13a8S0x16c	[0x170, [0x13a8, nil]]
0x13aaS0x16c	[0x170, [0x13aa, nil]]
0x13acS0x16c	[0x170, [0x13ac, nil]]
0x13aeS0x16c	[0x170, [0x13ae, nil]]
0x13afS0x16c	[0x170, [0x13af, nil]]
0x13b0S0x16c	[0x170, [0x13b0, nil]]
0x13b3S0x16c	[0x170, [0x13b3, nil]]
0x13b5S0x16c	[0x170, [0x13b5, nil]]
0x13b7S0x16c	[0x170, [0x13b7, nil]]
0x13b9S0x16c	[0x170, [0x13b9, nil]]
0x13baS0x16c	[0x170, [0x13ba, nil]]
0x13bbS0x16c	[0x170, [0x13bb, nil]]
0x13c0S0x16c	[0x170, [0x13c0, nil]]
0x13d6S0x16c	[0x170, [0x13d6, nil]]
0x13d9S0x16c	[0x170, [0x13d9, nil]]
0x13dbS0x16c	[0x170, [0x13db, nil]]
0x13dcS0x16c	[0x170, [0x13dc, nil]]
0x65b9S0x16c	[0x170, [0x2cb2, nil]]
0x65beS0x16c	[0x170, [0x2cb7, nil]]
0x65c0S0x16c	[0x170, [0x2cb9, nil]]
0x65c1S0x16c	[0x170, [0x2cba, nil]]
0x65c3S0x16c	[0x170, [0x2cbc, nil]]
0x65c5S0x16c	[0x170, [0x2cbe, nil]]
0x65c8S0x16c	[0x170, [0x2cc1, nil]]
0x65caS0x16c	[0x170, [0x2cc3, nil]]
0x13e8S0x16c	[0x170, [0x13e8, nil]]
0x13eaS0x16c	[0x170, [0x13ea, nil]]
0x13ebS0x16c	[0x170, [0x13eb, nil]]
0x13edS0x16c	[0x170, [0x13ed, nil]]
0x13eeS0x16c	[0x170, [0x13ee, nil]]
0x13f0S0x16c	[0x170, [0x13f0, nil]]
0x13f2S0x16c	[0x170, [0x13f2, nil]]
0x13f4S0x16c	[0x170, [0x13f4, nil]]
0x13f6S0x16c	[0x170, [0x13f6, nil]]
0x13f7S0x16c	[0x170, [0x13f7, nil]]
0x13f8S0x16c	[0x170, [0x13f8, nil]]
0x13fbS0x16c	[0x170, [0x13fb, nil]]
0x13fdS0x16c	[0x170, [0x13fd, nil]]
0x13ffS0x16c	[0x170, [0x13ff, nil]]
0x1401S0x16c	[0x170, [0x1401, nil]]
0x1402S0x16c	[0x170, [0x1402, nil]]
0x1403S0x16c	[0x170, [0x1403, nil]]
0x1408S0x16c	[0x170, [0x1408, nil]]
0x141eS0x16c	[0x170, [0x141e, nil]]
0x1421S0x16c	[0x170, [0x1421, nil]]
0x1423S0x16c	[0x170, [0x1423, nil]]
0x1424S0x16c	[0x170, [0x1424, nil]]
0x65ecS0x16c	[0x170, [0x2cb2, nil]]
0x65f1S0x16c	[0x170, [0x2cb7, nil]]
0x65f3S0x16c	[0x170, [0x2cb9, nil]]
0x65f4S0x16c	[0x170, [0x2cba, nil]]
0x65f6S0x16c	[0x170, [0x2cbc, nil]]
0x65f8S0x16c	[0x170, [0x2cbe, nil]]
0x65fbS0x16c	[0x170, [0x2cc1, nil]]
0x65fdS0x16c	[0x170, [0x2cc3, nil]]
0x1430S0x16c	[0x170, [0x1430, nil]]
0x1432S0x16c	[0x170, [0x1432, nil]]
0x1433S0x16c	[0x170, [0x1433, nil]]
0x1435S0x16c	[0x170, [0x1435, nil]]
0x1436S0x16c	[0x170, [0x1436, nil]]
0x1438S0x16c	[0x170, [0x1438, nil]]
0x143aS0x16c	[0x170, [0x143a, nil]]
0x143cS0x16c	[0x170, [0x143c, nil]]
0x143eS0x16c	[0x170, [0x143e, nil]]
0x143fS0x16c	[0x170, [0x143f, nil]]
0x1440S0x16c	[0x170, [0x1440, nil]]
0x1443S0x16c	[0x170, [0x1443, nil]]
0x1445S0x16c	[0x170, [0x1445, nil]]
0x1447S0x16c	[0x170, [0x1447, nil]]
0x1449S0x16c	[0x170, [0x1449, nil]]
0x144aS0x16c	[0x170, [0x144a, nil]]
0x144bS0x16c	[0x170, [0x144b, nil]]
0x1450S0x16c	[0x170, [0x1450, nil]]
0x1466S0x16c	[0x170, [0x1466, nil]]
0x1469S0x16c	[0x170, [0x1469, nil]]
0x146bS0x16c	[0x170, [0x146b, nil]]
0x146cS0x16c	[0x170, [0x146c, nil]]
0x661fS0x16c	[0x170, [0x2cb2, nil]]
0x6624S0x16c	[0x170, [0x2cb7, nil]]
0x6626S0x16c	[0x170, [0x2cb9, nil]]
0x6627S0x16c	[0x170, [0x2cba, nil]]
0x6629S0x16c	[0x170, [0x2cbc, nil]]
0x662bS0x16c	[0x170, [0x2cbe, nil]]
0x662eS0x16c	[0x170, [0x2cc1, nil]]
0x6630S0x16c	[0x170, [0x2cc3, nil]]
0x1478S0x16c	[0x170, [0x1478, nil]]
0x147aS0x16c	[0x170, [0x147a, nil]]
0x147bS0x16c	[0x170, [0x147b, nil]]
0x147dS0x16c	[0x170, [0x147d, nil]]
0x147eS0x16c	[0x170, [0x147e, nil]]
0x1480S0x16c	[0x170, [0x1480, nil]]
0x1482S0x16c	[0x170, [0x1482, nil]]
0x1484S0x16c	[0x170, [0x1484, nil]]
0x1486S0x16c	[0x170, [0x1486, nil]]
0x1487S0x16c	[0x170, [0x1487, nil]]
0x1488S0x16c	[0x170, [0x1488, nil]]
0x148bS0x16c	[0x170, [0x148b, nil]]
0x148dS0x16c	[0x170, [0x148d, nil]]
0x148fS0x16c	[0x170, [0x148f, nil]]
0x1491S0x16c	[0x170, [0x1491, nil]]
0x1492S0x16c	[0x170, [0x1492, nil]]
0x1493S0x16c	[0x170, [0x1493, nil]]
0x1498S0x16c	[0x170, [0x1498, nil]]
0x149cS0x16c	[0x170, [0x149c, nil]]
0x149dS0x16c	[0x170, [0x149d, nil]]
0x14a0S0x16c	[0x170, [0x14a0, nil]]
0x6652S0x16c	[0x170, [0x2cb2, nil]]
0x6657S0x16c	[0x170, [0x2cb7, nil]]
0x6659S0x16c	[0x170, [0x2cb9, nil]]
0x665aS0x16c	[0x170, [0x2cba, nil]]
0x665cS0x16c	[0x170, [0x2cbc, nil]]
0x665eS0x16c	[0x170, [0x2cbe, nil]]
0x6661S0x16c	[0x170, [0x2cc1, nil]]
0x6663S0x16c	[0x170, [0x2cc3, nil]]
0x14a2S0x16c	[0x170, [0x14a2, nil]]
0x14beS0x16c	[0x170, [0x14be, nil]]
0xe562S0x16c	[0x170, [0x5b5, nil]]
0xe564S0x16c	[0x170, [0x5b7, nil]]
0xe567S0x16c	[0x170, [0x5ba, nil]]
0x1570S0x16c	[0x170, [0x1570, nil]]
0x1572S0x16c	[0x170, [0x1572, nil]]
0x1573S0x16c	[0x170, [0x1573, nil]]
0x1578S0x16c	[0x170, [0x1578, nil]]
0x157aS0x16c	[0x170, [0x157a, nil]]
0x157dS0x16c	[0x170, [0x157d, nil]]
0x157eS0x16c	[0x170, [0x157e, nil]]
0x1581S0x16c	[0x170, [0x1581, nil]]
0x1583S0x16c	[0x170, [0x1583, nil]]
0x1585S0x16c	[0x170, [0x1585, nil]]
0x1587S0x16c	[0x170, [0x1587, nil]]
0x1589S0x16c	[0x170, [0x1589, nil]]
0x158bS0x16c	[0x170, [0x158b, nil]]
0x158cS0x16c	[0x170, [0x158c, nil]]
0x158eS0x16c	[0x170, [0x158e, nil]]
0x1590S0x16c	[0x170, [0x1590, nil]]
0x1596S0x16c	[0x170, [0x1596, nil]]
0x1598S0x16c	[0x170, [0x1598, nil]]
0x1599S0x16c	[0x170, [0x1599, nil]]
0x159bS0x16c	[0x170, [0x159b, nil]]
0x159dS0x16c	[0x170, [0x159d, nil]]
0x15a0S0x16c	[0x170, [0x15a0, nil]]
0x15a3S0x16c	[0x170, [0x15a3, nil]]
0x15a4S0x16c	[0x170, [0x15a4, nil]]
0x15a5S0x16c	[0x170, [0x15a5, nil]]
0x15a7S0x16c	[0x170, [0x15a7, nil]]
0x15a8S0x16c	[0x170, [0x15a8, nil]]
0x14dcS0x16c	[0x170, [0x14dc, nil]]
0x14deS0x16c	[0x170, [0x14de, nil]]
0x14dfS0x16c	[0x170, [0x14df, nil]]
0x14e1S0x16c	[0x170, [0x14e1, nil]]
0x14e2S0x16c	[0x170, [0x14e2, nil]]
0x14e3S0x16c	[0x170, [0x14e3, nil]]
0x14e6S0x16c	[0x170, [0x14e6, nil]]
0x14e8S0x16c	[0x170, [0x14e8, nil]]
0x14e9S0x16c	[0x170, [0x14e9, nil]]
0x14eaS0x16c	[0x170, [0x14ea, nil]]
0x14ebS0x16c	[0x170, [0x14eb, nil]]
0x14edS0x16c	[0x170, [0x14ed, nil]]
0x14efS0x16c	[0x170, [0x14ef, nil]]
0x14f1S0x16c	[0x170, [0x14f1, nil]]
0x14f2S0x16c	[0x170, [0x14f2, nil]]
0x14f3S0x16c	[0x170, [0x14f3, nil]]
0x14f5S0x16c	[0x170, [0x14f5, nil]]
0x14f7S0x16c	[0x170, [0x14f7, nil]]
0x14f8S0x16c	[0x170, [0x14f8, nil]]
0x14f9S0x16c	[0x170, [0x14f9, nil]]
0x14fbS0x16c	[0x170, [0x14fb, nil]]
0x14fcS0x16c	[0x170, [0x14fc, nil]]
0x1501S0x16c	[0x170, [0x1501, nil]]
0x6685S0x16c	[0x170, [0x2cb2, nil]]
0x668aS0x16c	[0x170, [0x2cb7, nil]]
0x668cS0x16c	[0x170, [0x2cb9, nil]]
0x668dS0x16c	[0x170, [0x2cba, nil]]
0x668fS0x16c	[0x170, [0x2cbc, nil]]
0x6691S0x16c	[0x170, [0x2cbe, nil]]
0x6694S0x16c	[0x170, [0x2cc1, nil]]
0x6696S0x16c	[0x170, [0x2cc3, nil]]
0x1506S0x16c	[0x170, [0x1506, nil]]
0x1507S0x16c	[0x170, [0x1507, nil]]
0x1509S0x16c	[0x170, [0x1509, nil]]
0x150cS0x16c	[0x170, [0x150c, nil]]
0x150eS0x16c	[0x170, [0x150e, nil]]
0x1510S0x16c	[0x170, [0x1510, nil]]
0x1511S0x16c	[0x170, [0x1511, nil]]
0x1515S0x16c	[0x170, [0x1515, nil]]
0x1517S0x16c	[0x170, [0x1517, nil]]
0x1519S0x16c	[0x170, [0x1519, nil]]
0x151aS0x16c	[0x170, [0x151a, nil]]
0x153fS0x16c	[0x170, [0x153f, nil]]
0x1549S0x16c	[0x170, [0x1549, nil]]
0x1567S0x16c	[0x170, [0x1567, nil]]
0x1569S0x16c	[0x170, [0x1569, nil]]
0x156aS0x16c	[0x170, [0x156a, nil]]
0xe58aS0x16c	[0x170, [0x5b5, nil]]
0xe58cS0x16c	[0x170, [0x5b7, nil]]
0xe58fS0x16c	[0x170, [0x5ba, nil]]
0x14c1S0x16c	[0x170, [0x14c1, nil]]
0x14c3S0x16c	[0x170, [0x14c3, nil]]
0x14c4S0x16c	[0x170, [0x14c4, nil]]
0x14c5S0x16c	[0x170, [0x14c5, nil]]
0x15b8S0x16c	[0x170, [0x15b8, nil]]
0x15baS0x16c	[0x170, [0x15ba, nil]]
0x15bbS0x16c	[0x170, [0x15bb, nil]]
0x15bcS0x16c	[0x170, [0x15bc, nil]]
0x15beS0x16c	[0x170, [0x15be, nil]]
0x15bfS0x16c	[0x170, [0x15bf, nil]]
0x15c2S0x16c	[0x170, [0x15c2, nil]]
0x15c3S0x16c	[0x170, [0x15c3, nil]]
0x15c5S0x16c	[0x170, [0x15c5, nil]]
0x15c7S0x16c	[0x170, [0x15c7, nil]]
0x15ccS0x16c	[0x170, [0x15cc, nil]]
0x15ceS0x16c	[0x170, [0x15ce, nil]]
0x15d3S0x16c	[0x170, [0x15d3, nil]]
0x15daS0x16c	[0x170, [0x15da, nil]]
0x15dcS0x16c	[0x170, [0x15dc, nil]]
0x15ddS0x16c	[0x170, [0x15dd, nil]]
0x15f9S0x16c	[0x170, [0x15f9, nil]]
0x15ffS0x16c	[0x170, [0x15ff, nil]]
0xe5b2S0x16c	[0x170, [0x5b5, nil]]
0xe5b4S0x16c	[0x170, [0x5b7, nil]]
0xe5b7S0x16c	[0x170, [0x5ba, nil]]
0x1604S0x16c	[0x170, [0x1604, nil]]
0x1605S0x16c	[0x170, [0x1605, nil]]
0x1606S0x16c	[0x170, [0x1606, nil]]
0x162aS0x16c	[0x170, [0x162a, nil]]
0x162bS0x16c	[0x170, [0x162b, nil]]
0x162dS0x16c	[0x170, [0x162d, nil]]
0x1630S0x16c	[0x170, [0x1630, nil]]
0x1634S0x16c	[0x170, [0x1634, nil]]
0x1635S0x16c	[0x170, [0x1635, nil]]
0x163aS0x16c	[0x170, [0x163a, nil]]
0x163cS0x16c	[0x170, [0x163c, nil]]
0x163eS0x16c	[0x170, [0x163e, nil]]
0x163fS0x16c	[0x170, [0x163f, nil]]
0x1664S0x16c	[0x170, [0x1664, nil]]
0x166eS0x16c	[0x170, [0x166e, nil]]
0xe601S0x16c	[0x170, [0x5b5, nil]]
0xe603S0x16c	[0x170, [0x5b7, nil]]
0xe606S0x16c	[0x170, [0x5ba, nil]]
0x2cc6S0x14a6S0x16c	[0x170, [0x14bc, [0x2cc6, nil]]]
0x2ccbS0x14a6S0x16c	[0x170, [0x14bc, [0x2ccb, nil]]]
0x2ccfS0x14a6S0x16c	[0x170, [0x14bc, [0x2ccf, nil]]]
0x2cd1S0x14a6S0x16c	[0x170, [0x14bc, [0x2cd1, nil]]]
0x2cd4S0x14a6S0x16c	[0x170, [0x14bc, [0x2cd4, nil]]]
0x2cd6S0x14a6S0x16c	[0x170, [0x14bc, [0x2cd6, nil]]]
0x2cd7S0x14a6S0x16c	[0x170, [0x14bc, [0x2cd7, nil]]]
0x2cdaS0x14a6S0x16c	[0x170, [0x14bc, [0x2cda, nil]]]
0x2cdcS0x14a6S0x16c	[0x170, [0x14bc, [0x2cdc, nil]]]
0x2cdeS0x14a6S0x16c	[0x170, [0x14bc, [0x2cde, nil]]]
0x2d87S0x154dS0x16c	[0x170, [0x1563, [0x2d87, nil]]]
0x2d8cS0x154dS0x16c	[0x170, [0x1563, [0x2d8c, nil]]]
0x2d90S0x154dS0x16c	[0x170, [0x1563, [0x2d90, nil]]]
0x2d92S0x154dS0x16c	[0x170, [0x1563, [0x2d92, nil]]]
0x2da5S0x154dS0x16c	[0x170, [0x1563, [0x2da5, nil]]]
0x2da7S0x154dS0x16c	[0x170, [0x1563, [0x2da7, nil]]]
0x2da8S0x154dS0x16c	[0x170, [0x1563, [0x2da8, nil]]]
0x2dabS0x154dS0x16c	[0x170, [0x1563, [0x2dab, nil]]]
0x2dadS0x154dS0x16c	[0x170, [0x1563, [0x2dad, nil]]]
0x2dafS0x154dS0x16c	[0x170, [0x1563, [0x2daf, nil]]]
0x2d18S0x15e1S0x16c	[0x170, [0x15f7, [0x2d18, nil]]]
0x2d1dS0x15e1S0x16c	[0x170, [0x15f7, [0x2d1d, nil]]]
0x2d21S0x15e1S0x16c	[0x170, [0x15f7, [0x2d21, nil]]]
0x2d23S0x15e1S0x16c	[0x170, [0x15f7, [0x2d23, nil]]]
0x2d2cS0x15e1S0x16c	[0x170, [0x15f7, [0x2d2c, nil]]]
0x2d2eS0x15e1S0x16c	[0x170, [0x15f7, [0x2d2e, nil]]]
0x2d2fS0x15e1S0x16c	[0x170, [0x15f7, [0x2d2f, nil]]]
0x2d32S0x15e1S0x16c	[0x170, [0x15f7, [0x2d32, nil]]]
0x2d34S0x15e1S0x16c	[0x170, [0x15f7, [0x2d34, nil]]]
0x2d36S0x15e1S0x16c	[0x170, [0x15f7, [0x2d36, nil]]]
0x2d47S0x160aS0x16c	[0x170, [0x1628, [0x2d47, nil]]]
0x2d4bS0x160aS0x16c	[0x170, [0x1628, [0x2d4b, nil]]]
0x2d4dS0x160aS0x16c	[0x170, [0x1628, [0x2d4d, nil]]]
0x2d4eS0x160aS0x16c	[0x170, [0x1628, [0x2d4e, nil]]]
0x2d51S0x160aS0x16c	[0x170, [0x1628, [0x2d51, nil]]]
0x2d53S0x160aS0x16c	[0x170, [0x1628, [0x2d53, nil]]]
0x2d54S0x160aS0x16c	[0x170, [0x1628, [0x2d54, nil]]]
0x2d3aS0x160aS0x16c	[0x170, [0x1628, [0x2d3a, nil]]]
0x2d3cS0x160aS0x16c	[0x170, [0x1628, [0x2d3c, nil]]]
0x2d3dS0x160aS0x16c	[0x170, [0x1628, [0x2d3d, nil]]]
0x2d5aS0x160aS0x16c	[0x170, [0x1628, [0x2d5a, nil]]]
0x2d5cS0x160aS0x16c	[0x170, [0x1628, [0x2d5c, nil]]]
0x2d41S0x160aS0x16c	[0x170, [0x1628, [0x2d41, nil]]]
0x2d42S0x160aS0x16c	[0x170, [0x1628, [0x2d42, nil]]]
0x2d43S0x160aS0x16c	[0x170, [0x1628, [0x2d43, nil]]]
0x2d66S0x1672S0x16c	[0x170, [0x1688, [0x2d66, nil]]]
0x2d6bS0x1672S0x16c	[0x170, [0x1688, [0x2d6b, nil]]]
0x2d6fS0x1672S0x16c	[0x170, [0x1688, [0x2d6f, nil]]]
0x2d71S0x1672S0x16c	[0x170, [0x1688, [0x2d71, nil]]]
0x2d79S0x1672S0x16c	[0x170, [0x1688, [0x2d79, nil]]]
0x2d7bS0x1672S0x16c	[0x170, [0x1688, [0x2d7b, nil]]]
0x2d7cS0x1672S0x16c	[0x170, [0x1688, [0x2d7c, nil]]]
0x2d7fS0x1672S0x16c	[0x170, [0x1688, [0x2d7f, nil]]]
0x2d81S0x1672S0x16c	[0x170, [0x1688, [0x2d81, nil]]]
0x2d83S0x1672S0x16c	[0x170, [0x1688, [0x2d83, nil]]]
0x2d47S0x14dbS0x16c	[0x170, [0x1504, [0x2d47, nil]]]
0x2d4bS0x14dbS0x16c	[0x170, [0x1504, [0x2d4b, nil]]]
0x2d4dS0x14dbS0x16c	[0x170, [0x1504, [0x2d4d, nil]]]
0x2d4eS0x14dbS0x16c	[0x170, [0x1504, [0x2d4e, nil]]]
0x2d51S0x14dbS0x16c	[0x170, [0x1504, [0x2d51, nil]]]
0x2d53S0x14dbS0x16c	[0x170, [0x1504, [0x2d53, nil]]]
0x2d54S0x14dbS0x16c	[0x170, [0x1504, [0x2d54, nil]]]
0x2d3aS0x14dbS0x16c	[0x170, [0x1504, [0x2d3a, nil]]]
0x2d3cS0x14dbS0x16c	[0x170, [0x1504, [0x2d3c, nil]]]
0x2d3dS0x14dbS0x16c	[0x170, [0x1504, [0x2d3d, nil]]]
0x2d5aS0x14dbS0x16c	[0x170, [0x1504, [0x2d5a, nil]]]
0x2d5cS0x14dbS0x16c	[0x170, [0x1504, [0x2d5c, nil]]]
0x2d41S0x14dbS0x16c	[0x170, [0x1504, [0x2d41, nil]]]
0x2d42S0x14dbS0x16c	[0x170, [0x1504, [0x2d42, nil]]]
0x2d43S0x14dbS0x16c	[0x170, [0x1504, [0x2d43, nil]]]
0x2d0dS0x15b3S0x16c	[0x170, [0x15d6, [0x2d0d, nil]]]
0x2d01S0x15b3S0x16c	[0x170, [0x15d6, [0x2d01, nil]]]
0x2d02S0x15b3S0x16c	[0x170, [0x15d6, [0x2d02, nil]]]
0x2d06S0x15b3S0x16c	[0x170, [0x15d6, [0x2d06, nil]]]
0x2d07S0x15b3S0x16c	[0x170, [0x15d6, [0x2d07, nil]]]
0x2d08S0x15b3S0x16c	[0x170, [0x15d6, [0x2d08, nil]]]
0x2d09S0x15b3S0x16c	[0x170, [0x15d6, [0x2d09, nil]]]
0x2d12S0x15b3S0x16c	[0x170, [0x15d6, [0x2d12, nil]]]
0x111	[0x111, nil]
0x16b	[0x16b, nil]
0x124	[0x124, nil]
0x143	[0x143, nil]
0xfe	[0xfe, nil]
0x1b0	[0x1b0, nil]
0x17e	[0x17e, nil]
0x19d	[0x19d, nil]
0x1cf	[0x1cf, nil]
0x2851	[0x2851, nil]
0x1e32	[0x1e32, nil]
0x27e9	[0x27e9, nil]
0x103	[0x103, nil]
0x116	[0x116, nil]
0x129	[0x129, nil]
0x170	[0x170, nil]
0x183	[0x183, nil]
0x1b5	[0x1b5, nil]
0x1d4	[0x1d4, nil]
0xe96f	[0xa3, nil]
0xe973	[0xf1, nil]
0xe976	[0x104, nil]
0xe979	[0x117, nil]
0xe97c	[0x12a, nil]
0xe97f	[0x15e, nil]
0xe982	[0x171, nil]
0xe985	[0x184, nil]
0xe988	[0x1a3, nil]
0xe98b	[0x1b6, nil]
0xe98e	[0x1d5, nil]
0x1a2	[0x1a2, nil]
0x1f2	[0x1f2, nil]
0x20a	[0x20a, nil]
0x10e0	[0x10e0, nil]
0x1100	[0x1100, nil]
0x1108	[0x1108, nil]
0x1ad4	[0x1ad4, nil]
0x1b1c	[0x1b1c, nil]
0x1b64	[0x1b64, nil]
0x1bac	[0x1bac, nil]
0x1bf4	[0x1bf4, nil]
0x1c3c	[0x1c3c, nil]
0x1c84	[0x1c84, nil]
0x1ccc	[0x1ccc, nil]
0x1d14	[0x1d14, nil]
0x1d5c	[0x1d5c, nil]
0x1da4	[0x1da4, nil]
0x1dec	[0x1dec, nil]
0x1e54	[0x1e54, nil]
0x2822	[0x2822, nil]
0x2882	[0x2882, nil]
0xc	[0xc, nil]
0x1c	[0x1c, nil]
0xa2	[0xa2, nil]
0xb2	[0xb2, nil]
0xe1	[0xe1, nil]
0x131	[0x131, nil]
0x18b	[0x18b, nil]
0x1bd	[0x1bd, nil]
0x1dc	[0x1dc, nil]
0x10c5	[0x10c5, nil]
0x10d9	[0x10d9, nil]
0x10f7	[0x10f7, nil]
0x1acd	[0x1acd, nil]
0x1b15	[0x1b15, nil]
0x1b5d	[0x1b5d, nil]
0x1ba5	[0x1ba5, nil]
0x1bed	[0x1bed, nil]
0x1c35	[0x1c35, nil]
0x1c7d	[0x1c7d, nil]
0x1cc5	[0x1cc5, nil]
0x1d0d	[0x1d0d, nil]
0x1d55	[0x1d55, nil]
0x1d9d	[0x1d9d, nil]
0x1de5	[0x1de5, nil]
0x1e1b	[0x1e1b, nil]
0x2802	[0x2802, nil]
0x2834	[0x2834, nil]
0x283d	[0x283d, nil]
0x2856	[0x2856, nil]
0x2dc1	[0x2dc1, nil]
0xe959	[0x24, nil]
0xe95b	[0x2f, nil]
0xe95d	[0x3a, nil]
0xe95f	[0x45, nil]
0xe961	[0x50, nil]
0xe963	[0x5b, nil]
0xe965	[0x6a, nil]
0xe967	[0x75, nil]
0xe969	[0x80, nil]
0xe96b	[0x8b, nil]
0xe96d	[0x96, nil]
0x1113	[0x1113, nil]
0xe541	[0x1113, nil]
0xe8c2	[0x1113, nil]
0xe9570x278f	[0x10b8, nil]
0xec	[0xec, nil]
0xe215	[0xec, nil]
0xe236	[0xec, nil]
0xe257	[0xec, nil]
0xe278	[0xec, nil]
0xe299	[0xec, nil]
0xe2ba	[0xec, nil]
0xe2db	[0xec, nil]
0xe2fc	[0xec, nil]
0xe31d	[0xec, nil]
0x15d0x12a	[0x15d, nil]
0x15d0x1d5	[0x15d, nil]
0x61	[0x61, nil]
0x9c	[0x9c, nil]
0xe8	[0xe8, nil]
0xf0	[0xf0, nil]
0x134	[0x134, nil]
0x18e	[0x18e, nil]
0x1c0	[0x1c0, nil]
0x1df	[0x1df, nil]
0x2dd4	[0x2dd4, nil]
0x6400	[0x2cc4, nil]
0x692e	[0x2cc4, nil]
0x6961	[0x2cc4, nil]
0x6994	[0x2cc4, nil]
0x69c7	[0x2cc4, nil]
0x69fa	[0x2cc4, nil]
0x6a2d	[0x2cc4, nil]
0x6a60	[0x2cc4, nil]
0x6a93	[0x2cc4, nil]
0x6ac6	[0x2cc4, nil]
0x6af9	[0x2cc4, nil]
0x6b2c	[0x2cc4, nil]
0x6b5f	[0x2cc4, nil]
0xe680	[0x5bc, nil]
0xe797	[0x5bc, nil]
0x1aa8	[0x1aa8, nil]
0x151	[0x151, nil]
0x203	[0x203, nil]
0x1a93	[0x1a93, nil]
0x1a9b	[0x1a9b, nil]
0x1af3	[0x1af3, nil]
0x1b3b	[0x1b3b, nil]
0x1b83	[0x1b83, nil]
0x1bcb	[0x1bcb, nil]
0x1c13	[0x1c13, nil]
0x1c5b	[0x1c5b, nil]
0x1ca3	[0x1ca3, nil]
0x1ceb	[0x1ceb, nil]
0x1d33	[0x1d33, nil]
0x1d7b	[0x1d7b, nil]
0x1dc3	[0x1dc3, nil]
0x1e0b	[0x1e0b, nil]
0x1e27	[0x1e27, nil]
0x27a3	[0x27a3, nil]
0x27ab	[0x27ab, nil]
0x27b5	[0x27b5, nil]
0x27bc	[0x27bc, nil]
0x27d6	[0x27d6, nil]
0x2814	[0x2814, nil]
0x2817	[0x2817, nil]
0x2862	[0x2862, nil]
0x2869	[0x2869, nil]
0x2870	[0x2870, nil]
0x287b	[0x287b, nil]
0x2dcb	[0x2dcb, nil]
0x2dd0	[0x2dd0, nil]
0x63f7	[0x2cbb, nil]
0x63fc	[0x2cc0, nil]
0x6925	[0x2cbb, nil]
0x692a	[0x2cc0, nil]
0x6958	[0x2cbb, nil]
0x695d	[0x2cc0, nil]
0x698b	[0x2cbb, nil]
0x6990	[0x2cc0, nil]
0x69be	[0x2cbb, nil]
0x69c3	[0x2cc0, nil]
0x69f1	[0x2cbb, nil]
0x69f6	[0x2cc0, nil]
0x6a24	[0x2cbb, nil]
0x6a29	[0x2cc0, nil]
0x6a57	[0x2cbb, nil]
0x6a5c	[0x2cc0, nil]
0x6a8a	[0x2cbb, nil]
0x6a8f	[0x2cc0, nil]
0x6abd	[0x2cbb, nil]
0x6ac2	[0x2cc0, nil]
0x6af0	[0x2cbb, nil]
0x6af5	[0x2cc0, nil]
0x6b23	[0x2cbb, nil]
0x6b28	[0x2cc0, nil]
0x6b56	[0x2cbb, nil]
0x6b5b	[0x2cc0, nil]
0x1e53	[0x1e53, nil]
0xe5	[0xe5, nil]
0x281e	[0x281e, nil]
0x2ce0S0x1e1c	[0x1e32, [0x2ce0, nil]]
0x2ccaS0x1e1c	[0x1e32, [0x2cca, nil]]
0x2cd0S0x1e1c	[0x1e32, [0x2cd0, nil]]
0x2cdbS0x1e1c	[0x1e32, [0x2cdb, nil]]
0x2d57S0x278f	[0x27e9, [0x2d57, nil]]
0x2d52S0x278f	[0x27e9, [0x2d52, nil]]
0x2d64S0x278f	[0x27e9, [0x2d64, nil]]
0x2d5fS0x278f	[0x27e9, [0x2d5f, nil]]
0x2d46S0x278f	[0x27e9, [0x2d46, nil]]
0x2c54S0x18f	[0x19d, [0x2c54, nil]]
0x2c51S0x18f	[0x19d, [0x2c51, nil]]
0x2c5fS0x18f	[0x19d, [0x2c5f, nil]]
0xe851S0x18f	[0x19d, [0x2c66, nil]]
0x2896S0x2c55S0x18f	[0x19d, [0x2c5f, [0x2896, nil]]]
0xe7b9S0x2c55S0x18f	[0x19d, [0x2c5f, [0x2899, nil]]]
0x2893S0x2c55S0x18f	[0x19d, [0x2c5f, [0x2893, nil]]]
0x2c85S0x1c1	[0x1cf, [0x2c85, nil]]
0x2c82S0x1c1	[0x1cf, [0x2c82, nil]]
0x2c90S0x1c1	[0x1cf, [0x2c90, nil]]
0x2ca0S0x1c1	[0x1cf, [0x2ca0, nil]]
0x2cb0S0x1c1	[0x1cf, [0x2cb0, nil]]
0xe89dS0x1c1	[0x1cf, [0x2c44, nil]]
0x2896S0x2c86S0x1c1	[0x1cf, [0x2c90, [0x2896, nil]]]
0xe7b9S0x2c86S0x1c1	[0x1cf, [0x2c90, [0x2899, nil]]]
0x2893S0x2c86S0x1c1	[0x1cf, [0x2c90, [0x2893, nil]]]
0x2896S0x2c91S0x1c1	[0x1cf, [0x2ca0, [0x2896, nil]]]
0xe7b9S0x2c91S0x1c1	[0x1cf, [0x2ca0, [0x2899, nil]]]
0x2893S0x2c91S0x1c1	[0x1cf, [0x2ca0, [0x2893, nil]]]
0x2c73S0x2ca1S0x1c1	[0x1cf, [0x2cb0, [0x2c73, nil]]]
0xe873S0x2ca1S0x1c1	[0x1cf, [0x2cb0, [0x2899, nil]]]
0x2c70S0x2ca1S0x1c1	[0x1cf, [0x2cb0, [0x2c70, nil]]]
0x28bbS0xf1	[0xfe, [0x28bb, nil]]
0x28b8S0xf1	[0xfe, [0x28b8, nil]]
0x28c6S0xf1	[0xfe, [0x28c6, nil]]
0x28d6S0xf1	[0xfe, [0x28d6, nil]]
0x28e7S0xf1	[0xfe, [0x28e7, nil]]
0x2896S0x28bcS0xf1	[0xfe, [0x28c6, [0x2896, nil]]]
0xe7b9S0x28bcS0xf1	[0xfe, [0x28c6, [0x2899, nil]]]
0x2893S0x28bcS0xf1	[0xfe, [0x28c6, [0x2893, nil]]]
0x2896S0x28c7S0xf1	[0xfe, [0x28d6, [0x2896, nil]]]
0xe7b9S0x28c7S0xf1	[0xfe, [0x28d6, [0x2899, nil]]]
0x2893S0x28c7S0xf1	[0xfe, [0x28d6, [0x2893, nil]]]
0x2c54S0x171	[0x17e, [0x2c54, nil]]
0x2c51S0x171	[0x17e, [0x2c51, nil]]
0x2c5fS0x171	[0x17e, [0x2c5f, nil]]
0xe851S0x171	[0x17e, [0x2c66, nil]]
0x2896S0x2c55S0x171	[0x17e, [0x2c5f, [0x2896, nil]]]
0xe7b9S0x2c55S0x171	[0x17e, [0x2c5f, [0x2899, nil]]]
0x2893S0x2c55S0x171	[0x17e, [0x2c5f, [0x2893, nil]]]
0x28bbS0x1a3	[0x1b0, [0x28bb, nil]]
0x28b8S0x1a3	[0x1b0, [0x28b8, nil]]
0x28c6S0x1a3	[0x1b0, [0x28c6, nil]]
0x28d6S0x1a3	[0x1b0, [0x28d6, nil]]
0x28e7S0x1a3	[0x1b0, [0x28e7, nil]]
0x2896S0x28bcS0x1a3	[0x1b0, [0x28c6, [0x2896, nil]]]
0xe7b9S0x28bcS0x1a3	[0x1b0, [0x28c6, [0x2899, nil]]]
0x2893S0x28bcS0x1a3	[0x1b0, [0x28c6, [0x2893, nil]]]
0x2896S0x28c7S0x1a3	[0x1b0, [0x28d6, [0x2896, nil]]]
0xe7b9S0x28c7S0x1a3	[0x1b0, [0x28d6, [0x2899, nil]]]
0x2893S0x28c7S0x1a3	[0x1b0, [0x28d6, [0x2893, nil]]]
0x2e03S0x283e	[0x2851, [0x2e03, nil]]
0x2e00S0x283e	[0x2851, [0x2e00, nil]]
0x2e0eS0x283e	[0x2851, [0x2e0e, nil]]
0xe8e8S0x283e	[0x2851, [0x2c66, nil]]
0x2c73S0x2e04S0x283e	[0x2851, [0x2e0e, [0x2c73, nil]]]
0xe873S0x2e04S0x283e	[0x2851, [0x2e0e, [0x2899, nil]]]
0x2c70S0x2e04S0x283e	[0x2851, [0x2e0e, [0x2c70, nil]]]
0x255S0xff	[0x103, [0x255, nil]]
0x29dS0xff	[0x103, [0x29d, nil]]
0x2e5S0xff	[0x103, [0x2e5, nil]]
0x32dS0xff	[0x103, [0x32d, nil]]
0x375S0xff	[0x103, [0x375, nil]]
0x3bdS0xff	[0x103, [0x3bd, nil]]
0x405S0xff	[0x103, [0x405, nil]]
0x44dS0xff	[0x103, [0x44d, nil]]
0x495S0xff	[0x103, [0x495, nil]]
0x4ddS0xff	[0x103, [0x4dd, nil]]
0x525S0xff	[0x103, [0x525, nil]]
0x56dS0xff	[0x103, [0x56d, nil]]
0x5b3S0xff	[0x103, [0x5b3, nil]]
0x5a8S0xff	[0x103, [0x5a8, nil]]
0x5e2S0xff	[0x103, [0x5e2, nil]]
0x5d7S0xff	[0x103, [0x5d7, nil]]
0x626S0xff	[0x103, [0x626, nil]]
0x623S0xff	[0x103, [0x623, nil]]
0x66bS0xff	[0x103, [0x66b, nil]]
0x660S0xff	[0x103, [0x660, nil]]
0x70d0x20bS0xff	[0x103, [0x70d, nil]]
0x7020x20bS0xff	[0x103, [0x702, nil]]
0x6e70x20bS0xff	[0x103, [0x6e7, nil]]
0x6d90x20bS0xff	[0x103, [0x6d9, nil]]
0x6dc0x20bS0xff	[0x103, [0x6dc, nil]]
0x6e30x20bS0xff	[0x103, [0x6e3, nil]]
0x6ad0x20bS0xff	[0x103, [0x6ad, nil]]
0x6960x20bS0xff	[0x103, [0x696, nil]]
0x69d0x20bS0xff	[0x103, [0x69d, nil]]
0x24eS0xff	[0x103, [0x24e, nil]]
0x229S0xff	[0x103, [0x229, nil]]
0x214S0xff	[0x103, [0x214, nil]]
0x21cS0xff	[0x103, [0x21c, nil]]
0x296S0xff	[0x103, [0x296, nil]]
0x274S0xff	[0x103, [0x274, nil]]
0x5ca1S0xff	[0x103, [0x2cc4, nil]]
0x5c98S0xff	[0x103, [0x2cbb, nil]]
0x5c9dS0xff	[0x103, [0x2cc0, nil]]
0x2deS0xff	[0x103, [0x2de, nil]]
0x2bcS0xff	[0x103, [0x2bc, nil]]
0x5cd4S0xff	[0x103, [0x2cc4, nil]]
0x5ccbS0xff	[0x103, [0x2cbb, nil]]
0x5cd0S0xff	[0x103, [0x2cc0, nil]]
0x326S0xff	[0x103, [0x326, nil]]
0x304S0xff	[0x103, [0x304, nil]]
0x5d07S0xff	[0x103, [0x2cc4, nil]]
0x5cfeS0xff	[0x103, [0x2cbb, nil]]
0x5d03S0xff	[0x103, [0x2cc0, nil]]
0x36eS0xff	[0x103, [0x36e, nil]]
0x34cS0xff	[0x103, [0x34c, nil]]
0x5d3aS0xff	[0x103, [0x2cc4, nil]]
0x5d31S0xff	[0x103, [0x2cbb, nil]]
0x5d36S0xff	[0x103, [0x2cc0, nil]]
0x3b6S0xff	[0x103, [0x3b6, nil]]
0x394S0xff	[0x103, [0x394, nil]]
0x5d6dS0xff	[0x103, [0x2cc4, nil]]
0x5d64S0xff	[0x103, [0x2cbb, nil]]
0x5d69S0xff	[0x103, [0x2cc0, nil]]
0x3feS0xff	[0x103, [0x3fe, nil]]
0x3dcS0xff	[0x103, [0x3dc, nil]]
0x5da0S0xff	[0x103, [0x2cc4, nil]]
0x5d97S0xff	[0x103, [0x2cbb, nil]]
0x5d9cS0xff	[0x103, [0x2cc0, nil]]
0x446S0xff	[0x103, [0x446, nil]]
0x424S0xff	[0x103, [0x424, nil]]
0x5dd3S0xff	[0x103, [0x2cc4, nil]]
0x5dcaS0xff	[0x103, [0x2cbb, nil]]
0x5dcfS0xff	[0x103, [0x2cc0, nil]]
0x48eS0xff	[0x103, [0x48e, nil]]
0x46cS0xff	[0x103, [0x46c, nil]]
0x5e06S0xff	[0x103, [0x2cc4, nil]]
0x5dfdS0xff	[0x103, [0x2cbb, nil]]
0x5e02S0xff	[0x103, [0x2cc0, nil]]
0x4d6S0xff	[0x103, [0x4d6, nil]]
0x4b4S0xff	[0x103, [0x4b4, nil]]
0x5e39S0xff	[0x103, [0x2cc4, nil]]
0x5e30S0xff	[0x103, [0x2cbb, nil]]
0x5e35S0xff	[0x103, [0x2cc0, nil]]
0x51eS0xff	[0x103, [0x51e, nil]]
0x4fcS0xff	[0x103, [0x4fc, nil]]
0x5e6cS0xff	[0x103, [0x2cc4, nil]]
0x5e63S0xff	[0x103, [0x2cbb, nil]]
0x5e68S0xff	[0x103, [0x2cc0, nil]]
0x566S0xff	[0x103, [0x566, nil]]
0x544S0xff	[0x103, [0x544, nil]]
0x5e9fS0xff	[0x103, [0x2cc4, nil]]
0x5e96S0xff	[0x103, [0x2cbb, nil]]
0x5e9bS0xff	[0x103, [0x2cc0, nil]]
0x58cS0xff	[0x103, [0x58c, nil]]
0x5ed2S0xff	[0x103, [0x2cc4, nil]]
0x5ec9S0xff	[0x103, [0x2cbb, nil]]
0x5eceS0xff	[0x103, [0x2cc0, nil]]
0x59cS0xff	[0x103, [0x59c, nil]]
0x5cbS0xff	[0x103, [0x5cb, nil]]
0xe345S0xff	[0x103, [0x5bc, nil]]
0x61fS0xff	[0x103, [0x61f, nil]]
0x5f0S0xff	[0x103, [0x5f0, nil]]
0x5f6S0xff	[0x103, [0x5f6, nil]]
0xe36dS0xff	[0x103, [0x5bc, nil]]
0x64aS0xff	[0x103, [0x64a, nil]]
0x63dS0xff	[0x103, [0x63d, nil]]
0x654S0xff	[0x103, [0x654, nil]]
0x673S0xff	[0x103, [0x673, nil]]
0xe395S0xff	[0x103, [0x5bc, nil]]
0x678S0xff	[0x103, [0x678, nil]]
0x6f60x20bS0xff	[0x103, [0x6f6, nil]]
0x6c70x20bS0xff	[0x103, [0x6c7, nil]]
0x68e0x20bS0xff	[0x103, [0x68e, nil]]
0x6870x20bS0xff	[0x103, [0x687, nil]]
0xe3e40x20bS0xff	[0x103, [0x5bc, nil]]
0x2ce0S0x59dS0xff	[0x103, [0x5b3, [0x2ce0, nil]]]
0x2ccaS0x59dS0xff	[0x103, [0x5b3, [0x2cca, nil]]]
0x2cd0S0x59dS0xff	[0x103, [0x5b3, [0x2cd0, nil]]]
0x2cdbS0x59dS0xff	[0x103, [0x5b3, [0x2cdb, nil]]]
0x2cffS0x5ccS0xff	[0x103, [0x5e2, [0x2cff, nil]]]
0x2ce6S0x5ccS0xff	[0x103, [0x5e2, [0x2ce6, nil]]]
0x2cecS0x5ccS0xff	[0x103, [0x5e2, [0x2cec, nil]]]
0x2cfaS0x5ccS0xff	[0x103, [0x5e2, [0x2cfa, nil]]]
0x2d38S0x655S0xff	[0x103, [0x66b, [0x2d38, nil]]]
0x2d1cS0x655S0xff	[0x103, [0x66b, [0x2d1c, nil]]]
0x2d22S0x655S0xff	[0x103, [0x66b, [0x2d22, nil]]]
0x2d33S0x655S0xff	[0x103, [0x66b, [0x2d33, nil]]]
0x2d85S0x6f70x20bS0xff	[0x103, [0x70d, [0x2d85, nil]]]
0x2d6aS0x6f70x20bS0xff	[0x103, [0x70d, [0x2d6a, nil]]]
0x2d70S0x6f70x20bS0xff	[0x103, [0x70d, [0x2d70, nil]]]
0x2d80S0x6f70x20bS0xff	[0x103, [0x70d, [0x2d80, nil]]]
0x2d57S0x68f0x20bS0xff	[0x103, [0x6ad, [0x2d57, nil]]]
0x2d52S0x68f0x20bS0xff	[0x103, [0x6ad, [0x2d52, nil]]]
0x2d64S0x68f0x20bS0xff	[0x103, [0x6ad, [0x2d64, nil]]]
0x2d5fS0x68f0x20bS0xff	[0x103, [0x6ad, [0x2d5f, nil]]]
0x2d46S0x68f0x20bS0xff	[0x103, [0x6ad, [0x2d46, nil]]]
0x2d0fS0x627S0xff	[0x103, [0x64a, [0x2d0f, nil]]]
0x2d0cS0x627S0xff	[0x103, [0x64a, [0x2d0c, nil]]]
0x2d16S0x627S0xff	[0x103, [0x64a, [0x2d16, nil]]]
0xe3bc0x20bS0xff	[0x103, [0x717, nil]]
0xe90f0x20bS0xff	[0x103, [0x717, nil]]
0x2b4eS0x135	[0x143, [0x2b4e, nil]]
0x2b64S0x135	[0x143, [0x2b64, nil]]
0x2b74S0x135	[0x143, [0x2b74, nil]]
0x2ba2S0x135	[0x143, [0x2ba2, nil]]
0x2b4bS0x135	[0x143, [0x2b4b, nil]]
0x2b61S0x135	[0x143, [0x2b61, nil]]
0x2b71S0x135	[0x143, [0x2b71, nil]]
0x2b84S0x135	[0x143, [0x2b84, nil]]
0x2b9fS0x135	[0x143, [0x2b9f, nil]]
0x2b88S0x135	[0x143, [0x2b88, nil]]
0xe801S0x135	[0x143, [0x2a08, nil]]
0x2bd8S0x135	[0x143, [0x2bd8, nil]]
0x2bc9S0x135	[0x143, [0x2bc9, nil]]
0x2bbdS0x135	[0x143, [0x2bbd, nil]]
0x2bb0S0x135	[0x143, [0x2bb0, nil]]
0x2be4S0x135	[0x143, [0x2be4, nil]]
0x2bbaS0x135	[0x143, [0x2bba, nil]]
0x294dS0xe7fdS0x135	[0x143, [0x2a08, [0x294d, nil]]]
0x2955S0xe7fdS0x135	[0x143, [0x2a08, [0x2955, nil]]]
0x2951S0xe7fdS0x135	[0x143, [0x2a08, [0x2951, nil]]]
0x708dS0xe7fdS0x135	[0x143, [0x2a08, [0x28fb, nil]]]
0x7084S0xe7fdS0x135	[0x143, [0x2a08, [0x28f2, nil]]]
0x7089S0xe7fdS0x135	[0x143, [0x2a08, [0x28f7, nil]]]
0x2946S0xe7fdS0x135	[0x143, [0x2a08, [0x2946, nil]]]
0x2896S0x2bb1S0x135	[0x143, [0x2bba, [0x2896, nil]]]
0x2893S0x2bb1S0x135	[0x143, [0x2bba, [0x2893, nil]]]
0xe7b9S0x2bb1S0x135	[0x143, [0x2bba, [0x2899, nil]]]
0x296eS0x2b75S0x135	[0x143, [0x2b84, [0x296e, nil]]]
0x2978S0x2b75S0x135	[0x143, [0x2b84, [0x2978, nil]]]
0x70c0S0x2b75S0x135	[0x143, [0x2b84, [0x28fb, nil]]]
0x70b7S0x2b75S0x135	[0x143, [0x2b84, [0x28f2, nil]]]
0x70bcS0x2b75S0x135	[0x143, [0x2b84, [0x28f7, nil]]]
0x2967S0x2b75S0x135	[0x143, [0x2b84, [0x2967, nil]]]
0x28a9S0x2bcaS0x135	[0x143, [0x2bd8, [0x28a9, nil]]]
0x28a4S0x2bcaS0x135	[0x143, [0x2bd8, [0x28a4, nil]]]
0x2896S0x289aS0x2bcaS0x135	[0x143, [0x2bd8, [0x28a4, [0x2896, nil]]]]
0xe7b9S0x289aS0x2bcaS0x135	[0x143, [0x2bd8, [0x28a4, [0x2899, nil]]]]
0x2893S0x289aS0x2bcaS0x135	[0x143, [0x2bd8, [0x28a4, [0x2893, nil]]]]
0x16d3S0x17f	[0x183, [0x16d3, nil]]
0x171bS0x17f	[0x183, [0x171b, nil]]
0x1763S0x17f	[0x183, [0x1763, nil]]
0x17abS0x17f	[0x183, [0x17ab, nil]]
0x17f3S0x17f	[0x183, [0x17f3, nil]]
0x183bS0x17f	[0x183, [0x183b, nil]]
0x1883S0x17f	[0x183, [0x1883, nil]]
0x18cbS0x17f	[0x183, [0x18cb, nil]]
0x1913S0x17f	[0x183, [0x1913, nil]]
0x195bS0x17f	[0x183, [0x195b, nil]]
0x19a3S0x17f	[0x183, [0x19a3, nil]]
0x19ebS0x17f	[0x183, [0x19eb, nil]]
0x1a31S0x17f	[0x183, [0x1a31, nil]]
0x1a26S0x17f	[0x183, [0x1a26, nil]]
0x1a57S0x17f	[0x183, [0x1a57, nil]]
0x1a4cS0x17f	[0x183, [0x1a4c, nil]]
0x1a89S0x17f	[0x183, [0x1a89, nil]]
0x1a86S0x17f	[0x183, [0x1a86, nil]]
0x16ccS0x17f	[0x183, [0x16cc, nil]]
0x16a7S0x17f	[0x183, [0x16a7, nil]]
0x1692S0x17f	[0x183, [0x1692, nil]]
0x169aS0x17f	[0x183, [0x169a, nil]]
0x1714S0x17f	[0x183, [0x1714, nil]]
0x16f2S0x17f	[0x183, [0x16f2, nil]]
0x66caS0x17f	[0x183, [0x2cc4, nil]]
0x66c1S0x17f	[0x183, [0x2cbb, nil]]
0x66c6S0x17f	[0x183, [0x2cc0, nil]]
0x175cS0x17f	[0x183, [0x175c, nil]]
0x173aS0x17f	[0x183, [0x173a, nil]]
0x66fdS0x17f	[0x183, [0x2cc4, nil]]
0x66f4S0x17f	[0x183, [0x2cbb, nil]]
0x66f9S0x17f	[0x183, [0x2cc0, nil]]
0x17a4S0x17f	[0x183, [0x17a4, nil]]
0x1782S0x17f	[0x183, [0x1782, nil]]
0x6730S0x17f	[0x183, [0x2cc4, nil]]
0x6727S0x17f	[0x183, [0x2cbb, nil]]
0x672cS0x17f	[0x183, [0x2cc0, nil]]
0x17ecS0x17f	[0x183, [0x17ec, nil]]
0x17caS0x17f	[0x183, [0x17ca, nil]]
0x6763S0x17f	[0x183, [0x2cc4, nil]]
0x675aS0x17f	[0x183, [0x2cbb, nil]]
0x675fS0x17f	[0x183, [0x2cc0, nil]]
0x1834S0x17f	[0x183, [0x1834, nil]]
0x1812S0x17f	[0x183, [0x1812, nil]]
0x6796S0x17f	[0x183, [0x2cc4, nil]]
0x678dS0x17f	[0x183, [0x2cbb, nil]]
0x6792S0x17f	[0x183, [0x2cc0, nil]]
0x187cS0x17f	[0x183, [0x187c, nil]]
0x185aS0x17f	[0x183, [0x185a, nil]]
0x67c9S0x17f	[0x183, [0x2cc4, nil]]
0x67c0S0x17f	[0x183, [0x2cbb, nil]]
0x67c5S0x17f	[0x183, [0x2cc0, nil]]
0x18c4S0x17f	[0x183, [0x18c4, nil]]
0x18a2S0x17f	[0x183, [0x18a2, nil]]
0x67fcS0x17f	[0x183, [0x2cc4, nil]]
0x67f3S0x17f	[0x183, [0x2cbb, nil]]
0x67f8S0x17f	[0x183, [0x2cc0, nil]]
0x190cS0x17f	[0x183, [0x190c, nil]]
0x18eaS0x17f	[0x183, [0x18ea, nil]]
0x682fS0x17f	[0x183, [0x2cc4, nil]]
0x6826S0x17f	[0x183, [0x2cbb, nil]]
0x682bS0x17f	[0x183, [0x2cc0, nil]]
0x1954S0x17f	[0x183, [0x1954, nil]]
0x1932S0x17f	[0x183, [0x1932, nil]]
0x6862S0x17f	[0x183, [0x2cc4, nil]]
0x6859S0x17f	[0x183, [0x2cbb, nil]]
0x685eS0x17f	[0x183, [0x2cc0, nil]]
0x199cS0x17f	[0x183, [0x199c, nil]]
0x197aS0x17f	[0x183, [0x197a, nil]]
0x6895S0x17f	[0x183, [0x2cc4, nil]]
0x688cS0x17f	[0x183, [0x2cbb, nil]]
0x6891S0x17f	[0x183, [0x2cc0, nil]]
0x19e4S0x17f	[0x183, [0x19e4, nil]]
0x19c2S0x17f	[0x183, [0x19c2, nil]]
0x68c8S0x17f	[0x183, [0x2cc4, nil]]
0x68bfS0x17f	[0x183, [0x2cbb, nil]]
0x68c4S0x17f	[0x183, [0x2cc0, nil]]
0x1a0aS0x17f	[0x183, [0x1a0a, nil]]
0x68fbS0x17f	[0x183, [0x2cc4, nil]]
0x68f2S0x17f	[0x183, [0x2cbb, nil]]
0x68f7S0x17f	[0x183, [0x2cc0, nil]]
0x1a1aS0x17f	[0x183, [0x1a1a, nil]]
0x1a40S0x17f	[0x183, [0x1a40, nil]]
0xe630S0x17f	[0x183, [0x5bc, nil]]
0x1a82S0x17f	[0x183, [0x1a82, nil]]
0xe658S0x17f	[0x183, [0x5bc, nil]]
0x2ce0S0x1a1bS0x17f	[0x183, [0x1a31, [0x2ce0, nil]]]
0x2ccaS0x1a1bS0x17f	[0x183, [0x1a31, [0x2cca, nil]]]
0x2cd0S0x1a1bS0x17f	[0x183, [0x1a31, [0x2cd0, nil]]]
0x2cdbS0x1a1bS0x17f	[0x183, [0x1a31, [0x2cdb, nil]]]
0x2cffS0x1a41S0x17f	[0x183, [0x1a57, [0x2cff, nil]]]
0x2ce6S0x1a41S0x17f	[0x183, [0x1a57, [0x2ce6, nil]]]
0x2cecS0x1a41S0x17f	[0x183, [0x1a57, [0x2cec, nil]]]
0x2cfaS0x1a41S0x17f	[0x183, [0x1a57, [0x2cfa, nil]]]
0xe9320x1689S0x17f	[0x183, [0xbfe, nil]]
0x1e9fS0x1b1	[0x1b5, [0x1e9f, nil]]
0x1ee7S0x1b1	[0x1b5, [0x1ee7, nil]]
0x1f2fS0x1b1	[0x1b5, [0x1f2f, nil]]
0x1f77S0x1b1	[0x1b5, [0x1f77, nil]]
0x1fbfS0x1b1	[0x1b5, [0x1fbf, nil]]
0x2007S0x1b1	[0x1b5, [0x2007, nil]]
0x204fS0x1b1	[0x1b5, [0x204f, nil]]
0x2097S0x1b1	[0x1b5, [0x2097, nil]]
0x20dfS0x1b1	[0x1b5, [0x20df, nil]]
0x2127S0x1b1	[0x1b5, [0x2127, nil]]
0x216fS0x1b1	[0x1b5, [0x216f, nil]]
0x21b7S0x1b1	[0x1b5, [0x21b7, nil]]
0x21fdS0x1b1	[0x1b5, [0x21fd, nil]]
0x21f2S0x1b1	[0x1b5, [0x21f2, nil]]
0x2223S0x1b1	[0x1b5, [0x2223, nil]]
0x2218S0x1b1	[0x1b5, [0x2218, nil]]
0x2267S0x1b1	[0x1b5, [0x2267, nil]]
0x2264S0x1b1	[0x1b5, [0x2264, nil]]
0x22acS0x1b1	[0x1b5, [0x22ac, nil]]
0x22a1S0x1b1	[0x1b5, [0x22a1, nil]]
0x2deeS0x1b1	[0x1b5, [0x2dee, nil]]
0x2de5S0x1b1	[0x1b5, [0x2de5, nil]]
0x2deaS0x1b1	[0x1b5, [0x2dea, nil]]
0x70d0x1e55S0x1b1	[0x1b5, [0x70d, nil]]
0x7020x1e55S0x1b1	[0x1b5, [0x702, nil]]
0x6e70x1e55S0x1b1	[0x1b5, [0x6e7, nil]]
0x6d90x1e55S0x1b1	[0x1b5, [0x6d9, nil]]
0x6dc0x1e55S0x1b1	[0x1b5, [0x6dc, nil]]
0x6e30x1e55S0x1b1	[0x1b5, [0x6e3, nil]]
0x6ad0x1e55S0x1b1	[0x1b5, [0x6ad, nil]]
0x6960x1e55S0x1b1	[0x1b5, [0x696, nil]]
0x69d0x1e55S0x1b1	[0x1b5, [0x69d, nil]]
0x1e98S0x1b1	[0x1b5, [0x1e98, nil]]
0x1e73S0x1b1	[0x1b5, [0x1e73, nil]]
0x1e5eS0x1b1	[0x1b5, [0x1e5e, nil]]
0x1e66S0x1b1	[0x1b5, [0x1e66, nil]]
0x1ee0S0x1b1	[0x1b5, [0x1ee0, nil]]
0x1ebeS0x1b1	[0x1b5, [0x1ebe, nil]]
0x6b92S0x1b1	[0x1b5, [0x2cc4, nil]]
0x6b89S0x1b1	[0x1b5, [0x2cbb, nil]]
0x6b8eS0x1b1	[0x1b5, [0x2cc0, nil]]
0x1f28S0x1b1	[0x1b5, [0x1f28, nil]]
0x1f06S0x1b1	[0x1b5, [0x1f06, nil]]
0x6bc5S0x1b1	[0x1b5, [0x2cc4, nil]]
0x6bbcS0x1b1	[0x1b5, [0x2cbb, nil]]
0x6bc1S0x1b1	[0x1b5, [0x2cc0, nil]]
0x1f70S0x1b1	[0x1b5, [0x1f70, nil]]
0x1f4eS0x1b1	[0x1b5, [0x1f4e, nil]]
0x6bf8S0x1b1	[0x1b5, [0x2cc4, nil]]
0x6befS0x1b1	[0x1b5, [0x2cbb, nil]]
0x6bf4S0x1b1	[0x1b5, [0x2cc0, nil]]
0x1fb8S0x1b1	[0x1b5, [0x1fb8, nil]]
0x1f96S0x1b1	[0x1b5, [0x1f96, nil]]
0x6c2bS0x1b1	[0x1b5, [0x2cc4, nil]]
0x6c22S0x1b1	[0x1b5, [0x2cbb, nil]]
0x6c27S0x1b1	[0x1b5, [0x2cc0, nil]]
0x2000S0x1b1	[0x1b5, [0x2000, nil]]
0x1fdeS0x1b1	[0x1b5, [0x1fde, nil]]
0x6c5eS0x1b1	[0x1b5, [0x2cc4, nil]]
0x6c55S0x1b1	[0x1b5, [0x2cbb, nil]]
0x6c5aS0x1b1	[0x1b5, [0x2cc0, nil]]
0x2048S0x1b1	[0x1b5, [0x2048, nil]]
0x2026S0x1b1	[0x1b5, [0x2026, nil]]
0x6c91S0x1b1	[0x1b5, [0x2cc4, nil]]
0x6c88S0x1b1	[0x1b5, [0x2cbb, nil]]
0x6c8dS0x1b1	[0x1b5, [0x2cc0, nil]]
0x2090S0x1b1	[0x1b5, [0x2090, nil]]
0x206eS0x1b1	[0x1b5, [0x206e, nil]]
0x6cc4S0x1b1	[0x1b5, [0x2cc4, nil]]
0x6cbbS0x1b1	[0x1b5, [0x2cbb, nil]]
0x6cc0S0x1b1	[0x1b5, [0x2cc0, nil]]
0x20d8S0x1b1	[0x1b5, [0x20d8, nil]]
0x20b6S0x1b1	[0x1b5, [0x20b6, nil]]
0x6cf7S0x1b1	[0x1b5, [0x2cc4, nil]]
0x6ceeS0x1b1	[0x1b5, [0x2cbb, nil]]
0x6cf3S0x1b1	[0x1b5, [0x2cc0, nil]]
0x2120S0x1b1	[0x1b5, [0x2120, nil]]
0x20feS0x1b1	[0x1b5, [0x20fe, nil]]
0x6d2aS0x1b1	[0x1b5, [0x2cc4, nil]]
0x6d21S0x1b1	[0x1b5, [0x2cbb, nil]]
0x6d26S0x1b1	[0x1b5, [0x2cc0, nil]]
0x2168S0x1b1	[0x1b5, [0x2168, nil]]
0x2146S0x1b1	[0x1b5, [0x2146, nil]]
0x6d5dS0x1b1	[0x1b5, [0x2cc4, nil]]
0x6d54S0x1b1	[0x1b5, [0x2cbb, nil]]
0x6d59S0x1b1	[0x1b5, [0x2cc0, nil]]
0x21b0S0x1b1	[0x1b5, [0x21b0, nil]]
0x218eS0x1b1	[0x1b5, [0x218e, nil]]
0x6d90S0x1b1	[0x1b5, [0x2cc4, nil]]
0x6d87S0x1b1	[0x1b5, [0x2cbb, nil]]
0x6d8cS0x1b1	[0x1b5, [0x2cc0, nil]]
0x21d6S0x1b1	[0x1b5, [0x21d6, nil]]
0x6dc3S0x1b1	[0x1b5, [0x2cc4, nil]]
0x6dbaS0x1b1	[0x1b5, [0x2cbb, nil]]
0x6dbfS0x1b1	[0x1b5, [0x2cc0, nil]]
0x21e6S0x1b1	[0x1b5, [0x21e6, nil]]
0x220cS0x1b1	[0x1b5, [0x220c, nil]]
0xe6a8S0x1b1	[0x1b5, [0x5bc, nil]]
0x2260S0x1b1	[0x1b5, [0x2260, nil]]
0x2231S0x1b1	[0x1b5, [0x2231, nil]]
0x2237S0x1b1	[0x1b5, [0x2237, nil]]
0xe6d0S0x1b1	[0x1b5, [0x5bc, nil]]
0x228bS0x1b1	[0x1b5, [0x228b, nil]]
0x227eS0x1b1	[0x1b5, [0x227e, nil]]
0x2295S0x1b1	[0x1b5, [0x2295, nil]]
0x22b4S0x1b1	[0x1b5, [0x22b4, nil]]
0xe6f8S0x1b1	[0x1b5, [0x5bc, nil]]
0x22c9S0x1b1	[0x1b5, [0x22c9, nil]]
0x22ceS0x1b1	[0x1b5, [0x22ce, nil]]
0x2ddbS0x1b1	[0x1b5, [0x2ddb, nil]]
0x2df3S0x1b1	[0x1b5, [0x2df3, nil]]
0x6f60x1e55S0x1b1	[0x1b5, [0x6f6, nil]]
0x6c70x1e55S0x1b1	[0x1b5, [0x6c7, nil]]
0x68e0x1e55S0x1b1	[0x1b5, [0x68e, nil]]
0x6870x1e55S0x1b1	[0x1b5, [0x687, nil]]
0xe3e40x1e55S0x1b1	[0x1b5, [0x5bc, nil]]
0x2ce0S0x21e7S0x1b1	[0x1b5, [0x21fd, [0x2ce0, nil]]]
0x2ccaS0x21e7S0x1b1	[0x1b5, [0x21fd, [0x2cca, nil]]]
0x2cd0S0x21e7S0x1b1	[0x1b5, [0x21fd, [0x2cd0, nil]]]
0x2cdbS0x21e7S0x1b1	[0x1b5, [0x21fd, [0x2cdb, nil]]]
0x2cffS0x220dS0x1b1	[0x1b5, [0x2223, [0x2cff, nil]]]
0x2ce6S0x220dS0x1b1	[0x1b5, [0x2223, [0x2ce6, nil]]]
0x2cecS0x220dS0x1b1	[0x1b5, [0x2223, [0x2cec, nil]]]
0x2cfaS0x220dS0x1b1	[0x1b5, [0x2223, [0x2cfa, nil]]]
0x2d38S0x2296S0x1b1	[0x1b5, [0x22ac, [0x2d38, nil]]]
0x2d1cS0x2296S0x1b1	[0x1b5, [0x22ac, [0x2d1c, nil]]]
0x2d22S0x2296S0x1b1	[0x1b5, [0x22ac, [0x2d22, nil]]]
0x2d33S0x2296S0x1b1	[0x1b5, [0x22ac, [0x2d33, nil]]]
0x2d85S0x6f70x1e55S0x1b1	[0x1b5, [0x70d, [0x2d85, nil]]]
0x2d6aS0x6f70x1e55S0x1b1	[0x1b5, [0x70d, [0x2d6a, nil]]]
0x2d70S0x6f70x1e55S0x1b1	[0x1b5, [0x70d, [0x2d70, nil]]]
0x2d80S0x6f70x1e55S0x1b1	[0x1b5, [0x70d, [0x2d80, nil]]]
0x2d57S0x68f0x1e55S0x1b1	[0x1b5, [0x6ad, [0x2d57, nil]]]
0x2d52S0x68f0x1e55S0x1b1	[0x1b5, [0x6ad, [0x2d52, nil]]]
0x2d64S0x68f0x1e55S0x1b1	[0x1b5, [0x6ad, [0x2d64, nil]]]
0x2d5fS0x68f0x1e55S0x1b1	[0x1b5, [0x6ad, [0x2d5f, nil]]]
0x2d46S0x68f0x1e55S0x1b1	[0x1b5, [0x6ad, [0x2d46, nil]]]
0x2d0fS0x2268S0x1b1	[0x1b5, [0x228b, [0x2d0f, nil]]]
0x2d0cS0x2268S0x1b1	[0x1b5, [0x228b, [0x2d0c, nil]]]
0x2d16S0x2268S0x1b1	[0x1b5, [0x228b, [0x2d16, nil]]]
0xe3bc0x1e55S0x1b1	[0x1b5, [0x717, nil]]
0xe90f0x1e55S0x1b1	[0x1b5, [0x717, nil]]
0x2319S0x1d0	[0x1d4, [0x2319, nil]]
0x2361S0x1d0	[0x1d4, [0x2361, nil]]
0x23a9S0x1d0	[0x1d4, [0x23a9, nil]]
0x23f1S0x1d0	[0x1d4, [0x23f1, nil]]
0x2439S0x1d0	[0x1d4, [0x2439, nil]]
0x2481S0x1d0	[0x1d4, [0x2481, nil]]
0x24c9S0x1d0	[0x1d4, [0x24c9, nil]]
0x2511S0x1d0	[0x1d4, [0x2511, nil]]
0x2559S0x1d0	[0x1d4, [0x2559, nil]]
0x25a1S0x1d0	[0x1d4, [0x25a1, nil]]
0x25e9S0x1d0	[0x1d4, [0x25e9, nil]]
0x2631S0x1d0	[0x1d4, [0x2631, nil]]
0x2677S0x1d0	[0x1d4, [0x2677, nil]]
0x266cS0x1d0	[0x1d4, [0x266c, nil]]
0x269dS0x1d0	[0x1d4, [0x269d, nil]]
0x2692S0x1d0	[0x1d4, [0x2692, nil]]
0x26e1S0x1d0	[0x1d4, [0x26e1, nil]]
0x26deS0x1d0	[0x1d4, [0x26de, nil]]
0x2719S0x1d0	[0x1d4, [0x2719, nil]]
0x276aS0x1d0	[0x1d4, [0x276a, nil]]
0x2767S0x1d0	[0x1d4, [0x2767, nil]]
0x2312S0x1d0	[0x1d4, [0x2312, nil]]
0x22edS0x1d0	[0x1d4, [0x22ed, nil]]
0x22d8S0x1d0	[0x1d4, [0x22d8, nil]]
0x22e0S0x1d0	[0x1d4, [0x22e0, nil]]
0x235aS0x1d0	[0x1d4, [0x235a, nil]]
0x2338S0x1d0	[0x1d4, [0x2338, nil]]
0x6df6S0x1d0	[0x1d4, [0x2cc4, nil]]
0x6dedS0x1d0	[0x1d4, [0x2cbb, nil]]
0x6df2S0x1d0	[0x1d4, [0x2cc0, nil]]
0x23a2S0x1d0	[0x1d4, [0x23a2, nil]]
0x2380S0x1d0	[0x1d4, [0x2380, nil]]
0x6e29S0x1d0	[0x1d4, [0x2cc4, nil]]
0x6e20S0x1d0	[0x1d4, [0x2cbb, nil]]
0x6e25S0x1d0	[0x1d4, [0x2cc0, nil]]
0x23eaS0x1d0	[0x1d4, [0x23ea, nil]]
0x23c8S0x1d0	[0x1d4, [0x23c8, nil]]
0x6e5cS0x1d0	[0x1d4, [0x2cc4, nil]]
0x6e53S0x1d0	[0x1d4, [0x2cbb, nil]]
0x6e58S0x1d0	[0x1d4, [0x2cc0, nil]]
0x2432S0x1d0	[0x1d4, [0x2432, nil]]
0x2410S0x1d0	[0x1d4, [0x2410, nil]]
0x6e8fS0x1d0	[0x1d4, [0x2cc4, nil]]
0x6e86S0x1d0	[0x1d4, [0x2cbb, nil]]
0x6e8bS0x1d0	[0x1d4, [0x2cc0, nil]]
0x247aS0x1d0	[0x1d4, [0x247a, nil]]
0x2458S0x1d0	[0x1d4, [0x2458, nil]]
0x6ec2S0x1d0	[0x1d4, [0x2cc4, nil]]
0x6eb9S0x1d0	[0x1d4, [0x2cbb, nil]]
0x6ebeS0x1d0	[0x1d4, [0x2cc0, nil]]
0x24c2S0x1d0	[0x1d4, [0x24c2, nil]]
0x24a0S0x1d0	[0x1d4, [0x24a0, nil]]
0x6ef5S0x1d0	[0x1d4, [0x2cc4, nil]]
0x6eecS0x1d0	[0x1d4, [0x2cbb, nil]]
0x6ef1S0x1d0	[0x1d4, [0x2cc0, nil]]
0x250aS0x1d0	[0x1d4, [0x250a, nil]]
0x24e8S0x1d0	[0x1d4, [0x24e8, nil]]
0x6f28S0x1d0	[0x1d4, [0x2cc4, nil]]
0x6f1fS0x1d0	[0x1d4, [0x2cbb, nil]]
0x6f24S0x1d0	[0x1d4, [0x2cc0, nil]]
0x2552S0x1d0	[0x1d4, [0x2552, nil]]
0x2530S0x1d0	[0x1d4, [0x2530, nil]]
0x6f5bS0x1d0	[0x1d4, [0x2cc4, nil]]
0x6f52S0x1d0	[0x1d4, [0x2cbb, nil]]
0x6f57S0x1d0	[0x1d4, [0x2cc0, nil]]
0x259aS0x1d0	[0x1d4, [0x259a, nil]]
0x2578S0x1d0	[0x1d4, [0x2578, nil]]
0x6f8eS0x1d0	[0x1d4, [0x2cc4, nil]]
0x6f85S0x1d0	[0x1d4, [0x2cbb, nil]]
0x6f8aS0x1d0	[0x1d4, [0x2cc0, nil]]
0x25e2S0x1d0	[0x1d4, [0x25e2, nil]]
0x25c0S0x1d0	[0x1d4, [0x25c0, nil]]
0x6fc1S0x1d0	[0x1d4, [0x2cc4, nil]]
0x6fb8S0x1d0	[0x1d4, [0x2cbb, nil]]
0x6fbdS0x1d0	[0x1d4, [0x2cc0, nil]]
0x262aS0x1d0	[0x1d4, [0x262a, nil]]
0x2608S0x1d0	[0x1d4, [0x2608, nil]]
0x6ff4S0x1d0	[0x1d4, [0x2cc4, nil]]
0x6febS0x1d0	[0x1d4, [0x2cbb, nil]]
0x6ff0S0x1d0	[0x1d4, [0x2cc0, nil]]
0x2650S0x1d0	[0x1d4, [0x2650, nil]]
0x7027S0x1d0	[0x1d4, [0x2cc4, nil]]
0x701eS0x1d0	[0x1d4, [0x2cbb, nil]]
0x7023S0x1d0	[0x1d4, [0x2cc0, nil]]
0x2660S0x1d0	[0x1d4, [0x2660, nil]]
0x2686S0x1d0	[0x1d4, [0x2686, nil]]
0xe720S0x1d0	[0x1d4, [0x5bc, nil]]
0x26daS0x1d0	[0x1d4, [0x26da, nil]]
0x26abS0x1d0	[0x1d4, [0x26ab, nil]]
0x26b1S0x1d0	[0x1d4, [0x26b1, nil]]
0xe748S0x1d0	[0x1d4, [0x5bc, nil]]
0x2705S0x1d0	[0x1d4, [0x2705, nil]]
0x26f8S0x1d0	[0x1d4, [0x26f8, nil]]
0x270fS0x1d0	[0x1d4, [0x270f, nil]]
0x2763S0x1d0	[0x1d4, [0x2763, nil]]
0x272cS0x1d0	[0x1d4, [0x272c, nil]]
0x273cS0x1d0	[0x1d4, [0x273c, nil]]
0x2743S0x1d0	[0x1d4, [0x2743, nil]]
0x271eS0x1d0	[0x1d4, [0x271e, nil]]
0xe76fS0x1d0	[0x1d4, [0x717, nil]]
0x278eS0x1d0	[0x1d4, [0x278e, nil]]
0x2781S0x1d0	[0x1d4, [0x2781, nil]]
0x2ce0S0x2661S0x1d0	[0x1d4, [0x2677, [0x2ce0, nil]]]
0x2ccaS0x2661S0x1d0	[0x1d4, [0x2677, [0x2cca, nil]]]
0x2cd0S0x2661S0x1d0	[0x1d4, [0x2677, [0x2cd0, nil]]]
0x2cdbS0x2661S0x1d0	[0x1d4, [0x2677, [0x2cdb, nil]]]
0x2cffS0x2687S0x1d0	[0x1d4, [0x269d, [0x2cff, nil]]]
0x2ce6S0x2687S0x1d0	[0x1d4, [0x269d, [0x2ce6, nil]]]
0x2cecS0x2687S0x1d0	[0x1d4, [0x269d, [0x2cec, nil]]]
0x2cfaS0x2687S0x1d0	[0x1d4, [0x269d, [0x2cfa, nil]]]
0x2d0fS0x26e2S0x1d0	[0x1d4, [0x2705, [0x2d0f, nil]]]
0x2d0cS0x26e2S0x1d0	[0x1d4, [0x2705, [0x2d0c, nil]]]
0x2d16S0x26e2S0x1d0	[0x1d4, [0x2705, [0x2d16, nil]]]
0xe90f0x22cfS0x1d0	[0x1d4, [0x717, nil]]
0x2e03S0x276bS0x1d0	[0x1d4, [0x278e, [0x2e03, nil]]]
0x2e00S0x276bS0x1d0	[0x1d4, [0x278e, [0x2e00, nil]]]
0x2e0eS0x276bS0x1d0	[0x1d4, [0x278e, [0x2e0e, nil]]]
0xe8e8S0x276bS0x1d0	[0x1d4, [0x278e, [0x2c66, nil]]]
0x2c73S0x2e04S0x276bS0x1d0	[0x1d4, [0x278e, [0x2e0e, [0x2c73, nil]]]]
0xe873S0x2e04S0x276bS0x1d0	[0x1d4, [0x278e, [0x2e0e, [0x2899, nil]]]]
0x2c70S0x2e04S0x276bS0x1d0	[0x1d4, [0x278e, [0x2e0e, [0x2c70, nil]]]]
0x2b01S0x117	[0x124, [0x2b01, nil]]
0x2b27S0x117	[0x124, [0x2b27, nil]]
0x2afeS0x117	[0x124, [0x2afe, nil]]
0x2b0cS0x117	[0x124, [0x2b0c, nil]]
0x2b24S0x117	[0x124, [0x2b24, nil]]
0x2b33S0x117	[0x124, [0x2b33, nil]]
0x2b3dS0x117	[0x124, [0x2b3d, nil]]
0x2896S0x2b02S0x117	[0x124, [0x2b0c, [0x2896, nil]]]
0x2893S0x2b02S0x117	[0x124, [0x2b0c, [0x2893, nil]]]
0xe7b9S0x2b02S0x117	[0x124, [0x2b0c, [0x2899, nil]]]
0x2987S0x2b28S0x117	[0x124, [0x2b33, [0x2987, nil]]]
0x29a1S0x2b28S0x117	[0x124, [0x2b33, [0x29a1, nil]]]
0x29c8S0x2b28S0x117	[0x124, [0x2b33, [0x29c8, nil]]]
0x299aS0x2b28S0x117	[0x124, [0x2b33, [0x299a, nil]]]
0x29b4S0x2b28S0x117	[0x124, [0x2b33, [0x29b4, nil]]]
0x70f3S0x2b28S0x117	[0x124, [0x2b33, [0x28fb, nil]]]
0x70eaS0x2b28S0x117	[0x124, [0x2b33, [0x28f2, nil]]]
0x70efS0x2b28S0x117	[0x124, [0x2b33, [0x28f7, nil]]]
0x29c5S0x2b28S0x117	[0x124, [0x2b33, [0x29c5, nil]]]
0x29b8S0x2b28S0x117	[0x124, [0x2b33, [0x29b8, nil]]]
0x29e4S0x2b28S0x117	[0x124, [0x2b33, [0x29e4, nil]]]
0x29d3S0x2b28S0x117	[0x124, [0x2b33, [0x29d3, nil]]]
0x29deS0x2b28S0x117	[0x124, [0x2b33, [0x29de, nil]]]
0x2984S0x2b28S0x117	[0x124, [0x2b33, [0x2984, nil]]]
0x294dS0x29a2S0x2b28S0x117	[0x124, [0x2b33, [0x29b4, [0x294d, nil]]]]
0x2955S0x29a2S0x2b28S0x117	[0x124, [0x2b33, [0x29b4, [0x2955, nil]]]]
0x2951S0x29a2S0x2b28S0x117	[0x124, [0x2b33, [0x29b4, [0x2951, nil]]]]
0x708dS0x29a2S0x2b28S0x117	[0x124, [0x2b33, [0x29b4, [0x28fb, nil]]]]
0x7084S0x29a2S0x2b28S0x117	[0x124, [0x2b33, [0x29b4, [0x28f2, nil]]]]
0x7089S0x29a2S0x2b28S0x117	[0x124, [0x2b33, [0x29b4, [0x28f7, nil]]]]
0x2946S0x29a2S0x2b28S0x117	[0x124, [0x2b33, [0x29b4, [0x2946, nil]]]]
0xc49S0x125	[0x129, [0xc49, nil]]
0xc91S0x125	[0x129, [0xc91, nil]]
0xcd9S0x125	[0x129, [0xcd9, nil]]
0xd21S0x125	[0x129, [0xd21, nil]]
0xd69S0x125	[0x129, [0xd69, nil]]
0xdb1S0x125	[0x129, [0xdb1, nil]]
0xdf9S0x125	[0x129, [0xdf9, nil]]
0xe41S0x125	[0x129, [0xe41, nil]]
0xe89S0x125	[0x129, [0xe89, nil]]
0xed1S0x125	[0x129, [0xed1, nil]]
0xf19S0x125	[0x129, [0xf19, nil]]
0xf61S0x125	[0x129, [0xf61, nil]]
0xfa7S0x125	[0x129, [0xfa7, nil]]
0xf9cS0x125	[0x129, [0xf9c, nil]]
0xff9S0x125	[0x129, [0xff9, nil]]
0xfebS0x125	[0x129, [0xfeb, nil]]
0xfeeS0x125	[0x129, [0xfee, nil]]
0xff5S0x125	[0x129, [0xff5, nil]]
0x101fS0x125	[0x129, [0x101f, nil]]
0x1014S0x125	[0x129, [0x1014, nil]]
0x1050S0x125	[0x129, [0x1050, nil]]
0x1039S0x125	[0x129, [0x1039, nil]]
0x1040S0x125	[0x129, [0x1040, nil]]
0x108aS0x125	[0x129, [0x108a, nil]]
0x107cS0x125	[0x129, [0x107c, nil]]
0x107fS0x125	[0x129, [0x107f, nil]]
0x1086S0x125	[0x129, [0x1086, nil]]
0x10b0S0x125	[0x129, [0x10b0, nil]]
0x10a5S0x125	[0x129, [0x10a5, nil]]
0xc42S0x125	[0x129, [0xc42, nil]]
0xc1dS0x125	[0x129, [0xc1d, nil]]
0xc08S0x125	[0x129, [0xc08, nil]]
0xc10S0x125	[0x129, [0xc10, nil]]
0xc8aS0x125	[0x129, [0xc8a, nil]]
0xc68S0x125	[0x129, [0xc68, nil]]
0x619cS0x125	[0x129, [0x2cc4, nil]]
0x6193S0x125	[0x129, [0x2cbb, nil]]
0x6198S0x125	[0x129, [0x2cc0, nil]]
0xcd2S0x125	[0x129, [0xcd2, nil]]
0xcb0S0x125	[0x129, [0xcb0, nil]]
0x61cfS0x125	[0x129, [0x2cc4, nil]]
0x61c6S0x125	[0x129, [0x2cbb, nil]]
0x61cbS0x125	[0x129, [0x2cc0, nil]]
0xd1aS0x125	[0x129, [0xd1a, nil]]
0xcf8S0x125	[0x129, [0xcf8, nil]]
0x6202S0x125	[0x129, [0x2cc4, nil]]
0x61f9S0x125	[0x129, [0x2cbb, nil]]
0x61feS0x125	[0x129, [0x2cc0, nil]]
0xd62S0x125	[0x129, [0xd62, nil]]
0xd40S0x125	[0x129, [0xd40, nil]]
0x6235S0x125	[0x129, [0x2cc4, nil]]
0x622cS0x125	[0x129, [0x2cbb, nil]]
0x6231S0x125	[0x129, [0x2cc0, nil]]
0xdaaS0x125	[0x129, [0xdaa, nil]]
0xd88S0x125	[0x129, [0xd88, nil]]
0x6268S0x125	[0x129, [0x2cc4, nil]]
0x625fS0x125	[0x129, [0x2cbb, nil]]
0x6264S0x125	[0x129, [0x2cc0, nil]]
0xdf2S0x125	[0x129, [0xdf2, nil]]
0xdd0S0x125	[0x129, [0xdd0, nil]]
0x629bS0x125	[0x129, [0x2cc4, nil]]
0x6292S0x125	[0x129, [0x2cbb, nil]]
0x6297S0x125	[0x129, [0x2cc0, nil]]
0xe3aS0x125	[0x129, [0xe3a, nil]]
0xe18S0x125	[0x129, [0xe18, nil]]
0x62ceS0x125	[0x129, [0x2cc4, nil]]
0x62c5S0x125	[0x129, [0x2cbb, nil]]
0x62caS0x125	[0x129, [0x2cc0, nil]]
0xe82S0x125	[0x129, [0xe82, nil]]
0xe60S0x125	[0x129, [0xe60, nil]]
0x6301S0x125	[0x129, [0x2cc4, nil]]
0x62f8S0x125	[0x129, [0x2cbb, nil]]
0x62fdS0x125	[0x129, [0x2cc0, nil]]
0xecaS0x125	[0x129, [0xeca, nil]]
0xea8S0x125	[0x129, [0xea8, nil]]
0x6334S0x125	[0x129, [0x2cc4, nil]]
0x632bS0x125	[0x129, [0x2cbb, nil]]
0x6330S0x125	[0x129, [0x2cc0, nil]]
0xf12S0x125	[0x129, [0xf12, nil]]
0xef0S0x125	[0x129, [0xef0, nil]]
0x6367S0x125	[0x129, [0x2cc4, nil]]
0x635eS0x125	[0x129, [0x2cbb, nil]]
0x6363S0x125	[0x129, [0x2cc0, nil]]
0xf5aS0x125	[0x129, [0xf5a, nil]]
0xf38S0x125	[0x129, [0xf38, nil]]
0x639aS0x125	[0x129, [0x2cc4, nil]]
0x6391S0x125	[0x129, [0x2cbb, nil]]
0x6396S0x125	[0x129, [0x2cc0, nil]]
0xf80S0x125	[0x129, [0xf80, nil]]
0x63cdS0x125	[0x129, [0x2cc4, nil]]
0x63c4S0x125	[0x129, [0x2cbb, nil]]
0x63c9S0x125	[0x129, [0x2cc0, nil]]
0xf90S0x125	[0x129, [0xf90, nil]]
0xfc0S0x125	[0x129, [0xfc0, nil]]
0xe4a7S0x125	[0x129, [0x5bc, nil]]
0xfd9S0x125	[0x129, [0xfd9, nil]]
0x1008S0x125	[0x129, [0x1008, nil]]
0x1027S0x125	[0x129, [0x1027, nil]]
0xe4cfS0x125	[0x129, [0x5bc, nil]]
0x1031S0x125	[0x129, [0x1031, nil]]
0xe4f4S0x125	[0x129, [0x10b8, nil]]
0x106aS0x125	[0x129, [0x106a, nil]]
0x1099S0x125	[0x129, [0x1099, nil]]
0xe51cS0x125	[0x129, [0x5bc, nil]]
0x2ce0S0xf91S0x125	[0x129, [0xfa7, [0x2ce0, nil]]]
0x2ccaS0xf91S0x125	[0x129, [0xfa7, [0x2cca, nil]]]
0x2cd0S0xf91S0x125	[0x129, [0xfa7, [0x2cd0, nil]]]
0x2cdbS0xf91S0x125	[0x129, [0xfa7, [0x2cdb, nil]]]
0x2db1S0x1009S0x125	[0x129, [0x101f, [0x2db1, nil]]]
0x2d8bS0x1009S0x125	[0x129, [0x101f, [0x2d8b, nil]]]
0x2d91S0x1009S0x125	[0x129, [0x101f, [0x2d91, nil]]]
0x2dacS0x1009S0x125	[0x129, [0x101f, [0x2dac, nil]]]
0x2d57S0x1032S0x125	[0x129, [0x1050, [0x2d57, nil]]]
0x2d52S0x1032S0x125	[0x129, [0x1050, [0x2d52, nil]]]
0x2d64S0x1032S0x125	[0x129, [0x1050, [0x2d64, nil]]]
0x2d5fS0x1032S0x125	[0x129, [0x1050, [0x2d5f, nil]]]
0x2d46S0x1032S0x125	[0x129, [0x1050, [0x2d46, nil]]]
0x2d85S0x109aS0x125	[0x129, [0x10b0, [0x2d85, nil]]]
0x2d6aS0x109aS0x125	[0x129, [0x10b0, [0x2d6a, nil]]]
0x2d70S0x109aS0x125	[0x129, [0x10b0, [0x2d70, nil]]]
0x2d80S0x109aS0x125	[0x129, [0x10b0, [0x2d80, nil]]]
0x2d57S0xfa8S0x125	[0x129, [0xfc0, [0x2d57, nil]]]
0x2d52S0xfa8S0x125	[0x129, [0xfc0, [0x2d52, nil]]]
0x2d64S0xfa8S0x125	[0x129, [0xfc0, [0x2d64, nil]]]
0x2d5fS0xfa8S0x125	[0x129, [0xfc0, [0x2d5f, nil]]]
0x2d46S0xfa8S0x125	[0x129, [0xfc0, [0x2d46, nil]]]
0xe9570xbffS0x125	[0x129, [0x10b8, nil]]
0x2ac6S0x104	[0x111, [0x2ac6, nil]]
0x2adcS0x104	[0x111, [0x2adc, nil]]
0x2ac3S0x104	[0x111, [0x2ac3, nil]]
0x2ad9S0x104	[0x111, [0x2ad9, nil]]
0x2ae8S0x104	[0x111, [0x2ae8, nil]]
0x2af0S0x104	[0x111, [0x2af0, nil]]
0x291eS0x2addS0x104	[0x111, [0x2ae8, [0x291e, nil]]]
0x29f3S0x2addS0x104	[0x111, [0x2ae8, [0x29f3, nil]]]
0x2a26S0x2addS0x104	[0x111, [0x2ae8, [0x2a26, nil]]]
0x2a49S0x2addS0x104	[0x111, [0x2ae8, [0x2a49, nil]]]
0x2a61S0x2addS0x104	[0x111, [0x2ae8, [0x2a61, nil]]]
0x2a89S0x2addS0x104	[0x111, [0x2ae8, [0x2a89, nil]]]
0x2924S0x2addS0x104	[0x111, [0x2ae8, [0x2924, nil]]]
0x2922S0x2addS0x104	[0x111, [0x2ae8, [0x2922, nil]]]
0x705aS0x2addS0x104	[0x111, [0x2ae8, [0x28fb, nil]]]
0x7051S0x2addS0x104	[0x111, [0x2ae8, [0x28f2, nil]]]
0x7056S0x2addS0x104	[0x111, [0x2ae8, [0x28f7, nil]]]
0x2a03S0x2addS0x104	[0x111, [0x2ae8, [0x2a03, nil]]]
0x2a23S0x2addS0x104	[0x111, [0x2ae8, [0x2a23, nil]]]
0x2a0cS0x2addS0x104	[0x111, [0x2ae8, [0x2a0c, nil]]]
0xe7ddS0x2addS0x104	[0x111, [0x2ae8, [0x2a08, nil]]]
0x2ab6S0x2addS0x104	[0x111, [0x2ae8, [0x2ab6, nil]]]
0x2a5eS0x2addS0x104	[0x111, [0x2ae8, [0x2a5e, nil]]]
0x2a69S0x2addS0x104	[0x111, [0x2ae8, [0x2a69, nil]]]
0x2a76S0x2addS0x104	[0x111, [0x2ae8, [0x2a76, nil]]]
0x2917S0x2addS0x104	[0x111, [0x2ae8, [0x2917, nil]]]
0x2a86S0x2addS0x104	[0x111, [0x2ae8, [0x2a86, nil]]]
0x2a79S0x2addS0x104	[0x111, [0x2ae8, [0x2a79, nil]]]
0x2a97S0x2addS0x104	[0x111, [0x2ae8, [0x2a97, nil]]]
0x2aabS0x2addS0x104	[0x111, [0x2ae8, [0x2aab, nil]]]
0x2a9cS0x2addS0x104	[0x111, [0x2ae8, [0x2a9c, nil]]]
0x2a9eS0x2addS0x104	[0x111, [0x2ae8, [0x2a9e, nil]]]
0x2a33S0x2addS0x104	[0x111, [0x2ae8, [0x2a33, nil]]]
0x29f0S0x2addS0x104	[0x111, [0x2ae8, [0x29f0, nil]]]
0x2a46S0x2addS0x104	[0x111, [0x2ae8, [0x2a46, nil]]]
0x294dS0xe7d9S0x2addS0x104	[0x111, [0x2ae8, [0x2a08, [0x294d, nil]]]]
0x2955S0xe7d9S0x2addS0x104	[0x111, [0x2ae8, [0x2a08, [0x2955, nil]]]]
0x2951S0xe7d9S0x2addS0x104	[0x111, [0x2ae8, [0x2a08, [0x2951, nil]]]]
0x708dS0xe7d9S0x2addS0x104	[0x111, [0x2ae8, [0x2a08, [0x28fb, nil]]]]
0x7084S0xe7d9S0x2addS0x104	[0x111, [0x2ae8, [0x2a08, [0x28f2, nil]]]]
0x7089S0xe7d9S0x2addS0x104	[0x111, [0x2ae8, [0x2a08, [0x28f7, nil]]]]
0x2946S0xe7d9S0x2addS0x104	[0x111, [0x2ae8, [0x2a08, [0x2946, nil]]]]
0x2896S0x2a6aS0x2addS0x104	[0x111, [0x2ae8, [0x2a76, [0x2896, nil]]]]
0x2893S0x2a6aS0x2addS0x104	[0x111, [0x2ae8, [0x2a76, [0x2893, nil]]]]
0xe7b9S0x2a6aS0x2addS0x104	[0x111, [0x2ae8, [0x2a76, [0x2899, nil]]]]
0x296eS0x29f4S0x2addS0x104	[0x111, [0x2ae8, [0x2a03, [0x296e, nil]]]]
0x2978S0x29f4S0x2addS0x104	[0x111, [0x2ae8, [0x2a03, [0x2978, nil]]]]
0x70c0S0x29f4S0x2addS0x104	[0x111, [0x2ae8, [0x2a03, [0x28fb, nil]]]]
0x70b7S0x29f4S0x2addS0x104	[0x111, [0x2ae8, [0x2a03, [0x28f2, nil]]]]
0x70bcS0x29f4S0x2addS0x104	[0x111, [0x2ae8, [0x2a03, [0x28f7, nil]]]]
0x2967S0x29f4S0x2addS0x104	[0x111, [0x2ae8, [0x2a03, [0x2967, nil]]]]
0x2987S0x2a8aS0x2addS0x104	[0x111, [0x2ae8, [0x2a97, [0x2987, nil]]]]
0x29a1S0x2a8aS0x2addS0x104	[0x111, [0x2ae8, [0x2a97, [0x29a1, nil]]]]
0x29c8S0x2a8aS0x2addS0x104	[0x111, [0x2ae8, [0x2a97, [0x29c8, nil]]]]
0x299aS0x2a8aS0x2addS0x104	[0x111, [0x2ae8, [0x2a97, [0x299a, nil]]]]
0x29b4S0x2a8aS0x2addS0x104	[0x111, [0x2ae8, [0x2a97, [0x29b4, nil]]]]
0x70f3S0x2a8aS0x2addS0x104	[0x111, [0x2ae8, [0x2a97, [0x28fb, nil]]]]
0x70eaS0x2a8aS0x2addS0x104	[0x111, [0x2ae8, [0x2a97, [0x28f2, nil]]]]
0x70efS0x2a8aS0x2addS0x104	[0x111, [0x2ae8, [0x2a97, [0x28f7, nil]]]]
0x29c5S0x2a8aS0x2addS0x104	[0x111, [0x2ae8, [0x2a97, [0x29c5, nil]]]]
0x29b8S0x2a8aS0x2addS0x104	[0x111, [0x2ae8, [0x2a97, [0x29b8, nil]]]]
0x29e4S0x2a8aS0x2addS0x104	[0x111, [0x2ae8, [0x2a97, [0x29e4, nil]]]]
0x29d3S0x2a8aS0x2addS0x104	[0x111, [0x2ae8, [0x2a97, [0x29d3, nil]]]]
0x29deS0x2a8aS0x2addS0x104	[0x111, [0x2ae8, [0x2a97, [0x29de, nil]]]]
0x2984S0x2a8aS0x2addS0x104	[0x111, [0x2ae8, [0x2a97, [0x2984, nil]]]]
0x294dS0x29a2S0x2a8aS0x2addS0x104	[0x111, [0x2ae8, [0x2a97, [0x29b4, [0x294d, nil]]]]]
0x2955S0x29a2S0x2a8aS0x2addS0x104	[0x111, [0x2ae8, [0x2a97, [0x29b4, [0x2955, nil]]]]]
0x2951S0x29a2S0x2a8aS0x2addS0x104	[0x111, [0x2ae8, [0x2a97, [0x29b4, [0x2951, nil]]]]]
0x708dS0x29a2S0x2a8aS0x2addS0x104	[0x111, [0x2ae8, [0x2a97, [0x29b4, [0x28fb, nil]]]]]
0x7084S0x29a2S0x2a8aS0x2addS0x104	[0x111, [0x2ae8, [0x2a97, [0x29b4, [0x28f2, nil]]]]]
0x7089S0x29a2S0x2a8aS0x2addS0x104	[0x111, [0x2ae8, [0x2a97, [0x29b4, [0x28f7, nil]]]]]
0x2946S0x29a2S0x2a8aS0x2addS0x104	[0x111, [0x2ae8, [0x2a97, [0x29b4, [0x2946, nil]]]]]
0x2bf6S0x15e	[0x16b, [0x2bf6, nil]]
0x2c0cS0x15e	[0x16b, [0x2c0c, nil]]
0x2bf3S0x15e	[0x16b, [0x2bf3, nil]]
0x2c09S0x15e	[0x16b, [0x2c09, nil]]
0x2c18S0x15e	[0x16b, [0x2c18, nil]]
0x2c29S0x15e	[0x16b, [0x2c29, nil]]
0x2c39S0x15e	[0x16b, [0x2c39, nil]]
0xe82bS0x15e	[0x16b, [0x2c44, nil]]
0x2896S0x2c19S0x15e	[0x16b, [0x2c29, [0x2896, nil]]]
0x2893S0x2c19S0x15e	[0x16b, [0x2c29, [0x2893, nil]]]
0x2896S0x2c2aS0x15e	[0x16b, [0x2c39, [0x2896, nil]]]
0x2893S0x2c2aS0x15e	[0x16b, [0x2c39, [0x2893, nil]]]
0xe7b9S0x2c19S0x15e	[0x16b, [0x2c29, [0x2899, nil]]]
0xe7b9S0x2c2aS0x15e	[0x16b, [0x2c39, [0x2899, nil]]]
0x291eS0x2c0dS0x15e	[0x16b, [0x2c18, [0x291e, nil]]]
0x29f3S0x2c0dS0x15e	[0x16b, [0x2c18, [0x29f3, nil]]]
0x2a26S0x2c0dS0x15e	[0x16b, [0x2c18, [0x2a26, nil]]]
0x2a49S0x2c0dS0x15e	[0x16b, [0x2c18, [0x2a49, nil]]]
0x2a61S0x2c0dS0x15e	[0x16b, [0x2c18, [0x2a61, nil]]]
0x2a89S0x2c0dS0x15e	[0x16b, [0x2c18, [0x2a89, nil]]]
0x2924S0x2c0dS0x15e	[0x16b, [0x2c18, [0x2924, nil]]]
0x2922S0x2c0dS0x15e	[0x16b, [0x2c18, [0x2922, nil]]]
0x705aS0x2c0dS0x15e	[0x16b, [0x2c18, [0x28fb, nil]]]
0x7051S0x2c0dS0x15e	[0x16b, [0x2c18, [0x28f2, nil]]]
0x7056S0x2c0dS0x15e	[0x16b, [0x2c18, [0x28f7, nil]]]
0x2a03S0x2c0dS0x15e	[0x16b, [0x2c18, [0x2a03, nil]]]
0x2a23S0x2c0dS0x15e	[0x16b, [0x2c18, [0x2a23, nil]]]
0x2a0cS0x2c0dS0x15e	[0x16b, [0x2c18, [0x2a0c, nil]]]
0xe7ddS0x2c0dS0x15e	[0x16b, [0x2c18, [0x2a08, nil]]]
0x2ab6S0x2c0dS0x15e	[0x16b, [0x2c18, [0x2ab6, nil]]]
0x2a5eS0x2c0dS0x15e	[0x16b, [0x2c18, [0x2a5e, nil]]]
0x2a69S0x2c0dS0x15e	[0x16b, [0x2c18, [0x2a69, nil]]]
0x2a76S0x2c0dS0x15e	[0x16b, [0x2c18, [0x2a76, nil]]]
0x2917S0x2c0dS0x15e	[0x16b, [0x2c18, [0x2917, nil]]]
0x2a86S0x2c0dS0x15e	[0x16b, [0x2c18, [0x2a86, nil]]]
0x2a79S0x2c0dS0x15e	[0x16b, [0x2c18, [0x2a79, nil]]]
0x2a97S0x2c0dS0x15e	[0x16b, [0x2c18, [0x2a97, nil]]]
0x2aabS0x2c0dS0x15e	[0x16b, [0x2c18, [0x2aab, nil]]]
0x2a9cS0x2c0dS0x15e	[0x16b, [0x2c18, [0x2a9c, nil]]]
0x2a9eS0x2c0dS0x15e	[0x16b, [0x2c18, [0x2a9e, nil]]]
0x2a33S0x2c0dS0x15e	[0x16b, [0x2c18, [0x2a33, nil]]]
0x29f0S0x2c0dS0x15e	[0x16b, [0x2c18, [0x29f0, nil]]]
0x2a46S0x2c0dS0x15e	[0x16b, [0x2c18, [0x2a46, nil]]]
0x294dS0xe7d9S0x2c0dS0x15e	[0x16b, [0x2c18, [0x2a08, [0x294d, nil]]]]
0x2955S0xe7d9S0x2c0dS0x15e	[0x16b, [0x2c18, [0x2a08, [0x2955, nil]]]]
0x2951S0xe7d9S0x2c0dS0x15e	[0x16b, [0x2c18, [0x2a08, [0x2951, nil]]]]
0x708dS0xe7d9S0x2c0dS0x15e	[0x16b, [0x2c18, [0x2a08, [0x28fb, nil]]]]
0x7084S0xe7d9S0x2c0dS0x15e	[0x16b, [0x2c18, [0x2a08, [0x28f2, nil]]]]
0x7089S0xe7d9S0x2c0dS0x15e	[0x16b, [0x2c18, [0x2a08, [0x28f7, nil]]]]
0x2946S0xe7d9S0x2c0dS0x15e	[0x16b, [0x2c18, [0x2a08, [0x2946, nil]]]]
0x2896S0x2a6aS0x2c0dS0x15e	[0x16b, [0x2c18, [0x2a76, [0x2896, nil]]]]
0x2893S0x2a6aS0x2c0dS0x15e	[0x16b, [0x2c18, [0x2a76, [0x2893, nil]]]]
0xe7b9S0x2a6aS0x2c0dS0x15e	[0x16b, [0x2c18, [0x2a76, [0x2899, nil]]]]
0x296eS0x29f4S0x2c0dS0x15e	[0x16b, [0x2c18, [0x2a03, [0x296e, nil]]]]
0x2978S0x29f4S0x2c0dS0x15e	[0x16b, [0x2c18, [0x2a03, [0x2978, nil]]]]
0x70c0S0x29f4S0x2c0dS0x15e	[0x16b, [0x2c18, [0x2a03, [0x28fb, nil]]]]
0x70b7S0x29f4S0x2c0dS0x15e	[0x16b, [0x2c18, [0x2a03, [0x28f2, nil]]]]
0x70bcS0x29f4S0x2c0dS0x15e	[0x16b, [0x2c18, [0x2a03, [0x28f7, nil]]]]
0x2967S0x29f4S0x2c0dS0x15e	[0x16b, [0x2c18, [0x2a03, [0x2967, nil]]]]
0x2987S0x2a8aS0x2c0dS0x15e	[0x16b, [0x2c18, [0x2a97, [0x2987, nil]]]]
0x29a1S0x2a8aS0x2c0dS0x15e	[0x16b, [0x2c18, [0x2a97, [0x29a1, nil]]]]
0x29c8S0x2a8aS0x2c0dS0x15e	[0x16b, [0x2c18, [0x2a97, [0x29c8, nil]]]]
0x299aS0x2a8aS0x2c0dS0x15e	[0x16b, [0x2c18, [0x2a97, [0x299a, nil]]]]
0x29b4S0x2a8aS0x2c0dS0x15e	[0x16b, [0x2c18, [0x2a97, [0x29b4, nil]]]]
0x70f3S0x2a8aS0x2c0dS0x15e	[0x16b, [0x2c18, [0x2a97, [0x28fb, nil]]]]
0x70eaS0x2a8aS0x2c0dS0x15e	[0x16b, [0x2c18, [0x2a97, [0x28f2, nil]]]]
0x70efS0x2a8aS0x2c0dS0x15e	[0x16b, [0x2c18, [0x2a97, [0x28f7, nil]]]]
0x29c5S0x2a8aS0x2c0dS0x15e	[0x16b, [0x2c18, [0x2a97, [0x29c5, nil]]]]
0x29b8S0x2a8aS0x2c0dS0x15e	[0x16b, [0x2c18, [0x2a97, [0x29b8, nil]]]]
0x29e4S0x2a8aS0x2c0dS0x15e	[0x16b, [0x2c18, [0x2a97, [0x29e4, nil]]]]
0x29d3S0x2a8aS0x2c0dS0x15e	[0x16b, [0x2c18, [0x2a97, [0x29d3, nil]]]]
0x29deS0x2a8aS0x2c0dS0x15e	[0x16b, [0x2c18, [0x2a97, [0x29de, nil]]]]
0x2984S0x2a8aS0x2c0dS0x15e	[0x16b, [0x2c18, [0x2a97, [0x2984, nil]]]]
0x294dS0x29a2S0x2a8aS0x2c0dS0x15e	[0x16b, [0x2c18, [0x2a97, [0x29b4, [0x294d, nil]]]]]
0x2955S0x29a2S0x2a8aS0x2c0dS0x15e	[0x16b, [0x2c18, [0x2a97, [0x29b4, [0x2955, nil]]]]]
0x2951S0x29a2S0x2a8aS0x2c0dS0x15e	[0x16b, [0x2c18, [0x2a97, [0x29b4, [0x2951, nil]]]]]
0x708dS0x29a2S0x2a8aS0x2c0dS0x15e	[0x16b, [0x2c18, [0x2a97, [0x29b4, [0x28fb, nil]]]]]
0x7084S0x29a2S0x2a8aS0x2c0dS0x15e	[0x16b, [0x2c18, [0x2a97, [0x29b4, [0x28f2, nil]]]]]
0x7089S0x29a2S0x2a8aS0x2c0dS0x15e	[0x16b, [0x2c18, [0x2a97, [0x29b4, [0x28f7, nil]]]]]
0x2946S0x29a2S0x2a8aS0x2c0dS0x15e	[0x16b, [0x2c18, [0x2a97, [0x29b4, [0x2946, nil]]]]]
0x762S0x112	[0x116, [0x762, nil]]
0x7aaS0x112	[0x116, [0x7aa, nil]]
0x7f2S0x112	[0x116, [0x7f2, nil]]
0x83aS0x112	[0x116, [0x83a, nil]]
0x882S0x112	[0x116, [0x882, nil]]
0x8caS0x112	[0x116, [0x8ca, nil]]
0x912S0x112	[0x116, [0x912, nil]]
0x95aS0x112	[0x116, [0x95a, nil]]
0x9a2S0x112	[0x116, [0x9a2, nil]]
0x9eaS0x112	[0x116, [0x9ea, nil]]
0xa32S0x112	[0x116, [0xa32, nil]]
0xa7aS0x112	[0x116, [0xa7a, nil]]
0xac0S0x112	[0x116, [0xac0, nil]]
0xab5S0x112	[0x116, [0xab5, nil]]
0xad7S0x112	[0x116, [0xad7, nil]]
0xadeS0x112	[0x116, [0xade, nil]]
0xb41S0x112	[0x116, [0xb41, nil]]
0xb33S0x112	[0x116, [0xb33, nil]]
0xb36S0x112	[0x116, [0xb36, nil]]
0xb3dS0x112	[0x116, [0xb3d, nil]]
0xb67S0x112	[0x116, [0xb67, nil]]
0xb5cS0x112	[0x116, [0xb5c, nil]]
0xb98S0x112	[0x116, [0xb98, nil]]
0xb81S0x112	[0x116, [0xb81, nil]]
0xb88S0x112	[0x116, [0xb88, nil]]
0xbd2S0x112	[0x116, [0xbd2, nil]]
0xbc4S0x112	[0x116, [0xbc4, nil]]
0xbc7S0x112	[0x116, [0xbc7, nil]]
0xbceS0x112	[0x116, [0xbce, nil]]
0xbf8S0x112	[0x116, [0xbf8, nil]]
0xbedS0x112	[0x116, [0xbed, nil]]
0x75bS0x112	[0x116, [0x75b, nil]]
0x736S0x112	[0x116, [0x736, nil]]
0x721S0x112	[0x116, [0x721, nil]]
0x729S0x112	[0x116, [0x729, nil]]
0x7a3S0x112	[0x116, [0x7a3, nil]]
0x781S0x112	[0x116, [0x781, nil]]
0x5f05S0x112	[0x116, [0x2cc4, nil]]
0x5efcS0x112	[0x116, [0x2cbb, nil]]
0x5f01S0x112	[0x116, [0x2cc0, nil]]
0x7ebS0x112	[0x116, [0x7eb, nil]]
0x7c9S0x112	[0x116, [0x7c9, nil]]
0x5f38S0x112	[0x116, [0x2cc4, nil]]
0x5f2fS0x112	[0x116, [0x2cbb, nil]]
0x5f34S0x112	[0x116, [0x2cc0, nil]]
0x833S0x112	[0x116, [0x833, nil]]
0x811S0x112	[0x116, [0x811, nil]]
0x5f6bS0x112	[0x116, [0x2cc4, nil]]
0x5f62S0x112	[0x116, [0x2cbb, nil]]
0x5f67S0x112	[0x116, [0x2cc0, nil]]
0x87bS0x112	[0x116, [0x87b, nil]]
0x859S0x112	[0x116, [0x859, nil]]
0x5f9eS0x112	[0x116, [0x2cc4, nil]]
0x5f95S0x112	[0x116, [0x2cbb, nil]]
0x5f9aS0x112	[0x116, [0x2cc0, nil]]
0x8c3S0x112	[0x116, [0x8c3, nil]]
0x8a1S0x112	[0x116, [0x8a1, nil]]
0x5fd1S0x112	[0x116, [0x2cc4, nil]]
0x5fc8S0x112	[0x116, [0x2cbb, nil]]
0x5fcdS0x112	[0x116, [0x2cc0, nil]]
0x90bS0x112	[0x116, [0x90b, nil]]
0x8e9S0x112	[0x116, [0x8e9, nil]]
0x6004S0x112	[0x116, [0x2cc4, nil]]
0x5ffbS0x112	[0x116, [0x2cbb, nil]]
0x6000S0x112	[0x116, [0x2cc0, nil]]
0x953S0x112	[0x116, [0x953, nil]]
0x931S0x112	[0x116, [0x931, nil]]
0x6037S0x112	[0x116, [0x2cc4, nil]]
0x602eS0x112	[0x116, [0x2cbb, nil]]
0x6033S0x112	[0x116, [0x2cc0, nil]]
0x99bS0x112	[0x116, [0x99b, nil]]
0x979S0x112	[0x116, [0x979, nil]]
0x606aS0x112	[0x116, [0x2cc4, nil]]
0x6061S0x112	[0x116, [0x2cbb, nil]]
0x6066S0x112	[0x116, [0x2cc0, nil]]
0x9e3S0x112	[0x116, [0x9e3, nil]]
0x9c1S0x112	[0x116, [0x9c1, nil]]
0x609dS0x112	[0x116, [0x2cc4, nil]]
0x6094S0x112	[0x116, [0x2cbb, nil]]
0x6099S0x112	[0x116, [0x2cc0, nil]]
0xa2bS0x112	[0x116, [0xa2b, nil]]
0xa09S0x112	[0x116, [0xa09, nil]]
0x60d0S0x112	[0x116, [0x2cc4, nil]]
0x60c7S0x112	[0x116, [0x2cbb, nil]]
0x60ccS0x112	[0x116, [0x2cc0, nil]]
0xa73S0x112	[0x116, [0xa73, nil]]
0xa51S0x112	[0x116, [0xa51, nil]]
0x6103S0x112	[0x116, [0x2cc4, nil]]
0x60faS0x112	[0x116, [0x2cbb, nil]]
0x60ffS0x112	[0x116, [0x2cc0, nil]]
0xa99S0x112	[0x116, [0xa99, nil]]
0x6136S0x112	[0x116, [0x2cc4, nil]]
0x612dS0x112	[0x116, [0x2cbb, nil]]
0x6132S0x112	[0x116, [0x2cc0, nil]]
0xaa9S0x112	[0x116, [0xaa9, nil]]
0xe40cS0x112	[0x116, [0x5bc, nil]]
0xb79S0x112	[0x116, [0xb79, nil]]
0xb08S0x112	[0x116, [0xb08, nil]]
0x6169S0x112	[0x116, [0x2cc4, nil]]
0x6160S0x112	[0x116, [0x2cbb, nil]]
0x6165S0x112	[0x116, [0x2cc0, nil]]
0xb21S0x112	[0x116, [0xb21, nil]]
0xb50S0x112	[0x116, [0xb50, nil]]
0xb71S0x112	[0x116, [0xb71, nil]]
0xe434S0x112	[0x116, [0x5bc, nil]]
0xaccS0x112	[0x116, [0xacc, nil]]
0xe457S0x112	[0x116, [0xbfe, nil]]
0xbb2S0x112	[0x116, [0xbb2, nil]]
0xbe1S0x112	[0x116, [0xbe1, nil]]
0xe47fS0x112	[0x116, [0x5bc, nil]]
0x2ce0S0xaaaS0x112	[0x116, [0xac0, [0x2ce0, nil]]]
0x2ccaS0xaaaS0x112	[0x116, [0xac0, [0x2cca, nil]]]
0x2cd0S0xaaaS0x112	[0x116, [0xac0, [0x2cd0, nil]]]
0x2cdbS0xaaaS0x112	[0x116, [0xac0, [0x2cdb, nil]]]
0x2db1S0xb51S0x112	[0x116, [0xb67, [0x2db1, nil]]]
0x2d8bS0xb51S0x112	[0x116, [0xb67, [0x2d8b, nil]]]
0x2d91S0xb51S0x112	[0x116, [0xb67, [0x2d91, nil]]]
0x2dacS0xb51S0x112	[0x116, [0xb67, [0x2dac, nil]]]
0x2d57S0xb7aS0x112	[0x116, [0xb98, [0x2d57, nil]]]
0x2d52S0xb7aS0x112	[0x116, [0xb98, [0x2d52, nil]]]
0x2d64S0xb7aS0x112	[0x116, [0xb98, [0x2d64, nil]]]
0x2d5fS0xb7aS0x112	[0x116, [0xb98, [0x2d5f, nil]]]
0x2d46S0xb7aS0x112	[0x116, [0xb98, [0x2d46, nil]]]
0x2d85S0xbe2S0x112	[0x116, [0xbf8, [0x2d85, nil]]]
0x2d6aS0xbe2S0x112	[0x116, [0xbf8, [0x2d6a, nil]]]
0x2d70S0xbe2S0x112	[0x116, [0xbf8, [0x2d70, nil]]]
0x2d80S0xbe2S0x112	[0x116, [0xbf8, [0x2d80, nil]]]
0x2d57S0xadfS0x112	[0x116, [0xb08, [0x2d57, nil]]]
0x2d52S0xadfS0x112	[0x116, [0xb08, [0x2d52, nil]]]
0x2d64S0xadfS0x112	[0x116, [0xb08, [0x2d64, nil]]]
0x2d5fS0xadfS0x112	[0x116, [0xb08, [0x2d5f, nil]]]
0x2d46S0xadfS0x112	[0x116, [0xb08, [0x2d46, nil]]]
0xe9320x718S0x112	[0x116, [0xbfe, nil]]
0x115eS0x16c	[0x170, [0x115e, nil]]
0x11a6S0x16c	[0x170, [0x11a6, nil]]
0x11eeS0x16c	[0x170, [0x11ee, nil]]
0x1236S0x16c	[0x170, [0x1236, nil]]
0x127eS0x16c	[0x170, [0x127e, nil]]
0x12c6S0x16c	[0x170, [0x12c6, nil]]
0x130eS0x16c	[0x170, [0x130e, nil]]
0x1356S0x16c	[0x170, [0x1356, nil]]
0x139eS0x16c	[0x170, [0x139e, nil]]
0x13e6S0x16c	[0x170, [0x13e6, nil]]
0x142eS0x16c	[0x170, [0x142e, nil]]
0x1476S0x16c	[0x170, [0x1476, nil]]
0x14bcS0x16c	[0x170, [0x14bc, nil]]
0x14b1S0x16c	[0x170, [0x14b1, nil]]
0x14d3S0x16c	[0x170, [0x14d3, nil]]
0x14daS0x16c	[0x170, [0x14da, nil]]
0x153dS0x16c	[0x170, [0x153d, nil]]
0x152fS0x16c	[0x170, [0x152f, nil]]
0x1532S0x16c	[0x170, [0x1532, nil]]
0x1539S0x16c	[0x170, [0x1539, nil]]
0x1563S0x16c	[0x170, [0x1563, nil]]
0x1558S0x16c	[0x170, [0x1558, nil]]
0x15b2S0x16c	[0x170, [0x15b2, nil]]
0x15afS0x16c	[0x170, [0x15af, nil]]
0x15f7S0x16c	[0x170, [0x15f7, nil]]
0x15ecS0x16c	[0x170, [0x15ec, nil]]
0x1628S0x16c	[0x170, [0x1628, nil]]
0x1611S0x16c	[0x170, [0x1611, nil]]
0x1618S0x16c	[0x170, [0x1618, nil]]
0x1662S0x16c	[0x170, [0x1662, nil]]
0x1654S0x16c	[0x170, [0x1654, nil]]
0x1657S0x16c	[0x170, [0x1657, nil]]
0x165eS0x16c	[0x170, [0x165e, nil]]
0x1688S0x16c	[0x170, [0x1688, nil]]
0x167dS0x16c	[0x170, [0x167d, nil]]
0x1157S0x16c	[0x170, [0x1157, nil]]
0x1132S0x16c	[0x170, [0x1132, nil]]
0x111dS0x16c	[0x170, [0x111d, nil]]
0x1125S0x16c	[0x170, [0x1125, nil]]
0x119fS0x16c	[0x170, [0x119f, nil]]
0x117dS0x16c	[0x170, [0x117d, nil]]
0x6433S0x16c	[0x170, [0x2cc4, nil]]
0x642aS0x16c	[0x170, [0x2cbb, nil]]
0x642fS0x16c	[0x170, [0x2cc0, nil]]
0x11e7S0x16c	[0x170, [0x11e7, nil]]
0x11c5S0x16c	[0x170, [0x11c5, nil]]
0x6466S0x16c	[0x170, [0x2cc4, nil]]
0x645dS0x16c	[0x170, [0x2cbb, nil]]
0x6462S0x16c	[0x170, [0x2cc0, nil]]
0x122fS0x16c	[0x170, [0x122f, nil]]
0x120dS0x16c	[0x170, [0x120d, nil]]
0x6499S0x16c	[0x170, [0x2cc4, nil]]
0x6490S0x16c	[0x170, [0x2cbb, nil]]
0x6495S0x16c	[0x170, [0x2cc0, nil]]
0x1277S0x16c	[0x170, [0x1277, nil]]
0x1255S0x16c	[0x170, [0x1255, nil]]
0x64ccS0x16c	[0x170, [0x2cc4, nil]]
0x64c3S0x16c	[0x170, [0x2cbb, nil]]
0x64c8S0x16c	[0x170, [0x2cc0, nil]]
0x12bfS0x16c	[0x170, [0x12bf, nil]]
0x129dS0x16c	[0x170, [0x129d, nil]]
0x64ffS0x16c	[0x170, [0x2cc4, nil]]
0x64f6S0x16c	[0x170, [0x2cbb, nil]]
0x64fbS0x16c	[0x170, [0x2cc0, nil]]
0x1307S0x16c	[0x170, [0x1307, nil]]
0x12e5S0x16c	[0x170, [0x12e5, nil]]
0x6532S0x16c	[0x170, [0x2cc4, nil]]
0x6529S0x16c	[0x170, [0x2cbb, nil]]
0x652eS0x16c	[0x170, [0x2cc0, nil]]
0x134fS0x16c	[0x170, [0x134f, nil]]
0x132dS0x16c	[0x170, [0x132d, nil]]
0x6565S0x16c	[0x170, [0x2cc4, nil]]
0x655cS0x16c	[0x170, [0x2cbb, nil]]
0x6561S0x16c	[0x170, [0x2cc0, nil]]
0x1397S0x16c	[0x170, [0x1397, nil]]
0x1375S0x16c	[0x170, [0x1375, nil]]
0x6598S0x16c	[0x170, [0x2cc4, nil]]
0x658fS0x16c	[0x170, [0x2cbb, nil]]
0x6594S0x16c	[0x170, [0x2cc0, nil]]
0x13dfS0x16c	[0x170, [0x13df, nil]]
0x13bdS0x16c	[0x170, [0x13bd, nil]]
0x65cbS0x16c	[0x170, [0x2cc4, nil]]
0x65c2S0x16c	[0x170, [0x2cbb, nil]]
0x65c7S0x16c	[0x170, [0x2cc0, nil]]
0x1427S0x16c	[0x170, [0x1427, nil]]
0x1405S0x16c	[0x170, [0x1405, nil]]
0x65feS0x16c	[0x170, [0x2cc4, nil]]
0x65f5S0x16c	[0x170, [0x2cbb, nil]]
0x65faS0x16c	[0x170, [0x2cc0, nil]]
0x146fS0x16c	[0x170, [0x146f, nil]]
0x144dS0x16c	[0x170, [0x144d, nil]]
0x6631S0x16c	[0x170, [0x2cc4, nil]]
0x6628S0x16c	[0x170, [0x2cbb, nil]]
0x662dS0x16c	[0x170, [0x2cc0, nil]]
0x1495S0x16c	[0x170, [0x1495, nil]]
0x6664S0x16c	[0x170, [0x2cc4, nil]]
0x665bS0x16c	[0x170, [0x2cbb, nil]]
0x6660S0x16c	[0x170, [0x2cc0, nil]]
0x14a5S0x16c	[0x170, [0x14a5, nil]]
0xe569S0x16c	[0x170, [0x5bc, nil]]
0x15abS0x16c	[0x170, [0x15ab, nil]]
0x157cS0x16c	[0x170, [0x157c, nil]]
0x1582S0x16c	[0x170, [0x1582, nil]]
0x1504S0x16c	[0x170, [0x1504, nil]]
0x6697S0x16c	[0x170, [0x2cc4, nil]]
0x668eS0x16c	[0x170, [0x2cbb, nil]]
0x6693S0x16c	[0x170, [0x2cc0, nil]]
0x151dS0x16c	[0x170, [0x151d, nil]]
0x154cS0x16c	[0x170, [0x154c, nil]]
0x156dS0x16c	[0x170, [0x156d, nil]]
0xe591S0x16c	[0x170, [0x5bc, nil]]
0x14c8S0x16c	[0x170, [0x14c8, nil]]
0x15d6S0x16c	[0x170, [0x15d6, nil]]
0x15c9S0x16c	[0x170, [0x15c9, nil]]
0x15e0S0x16c	[0x170, [0x15e0, nil]]
0x1602S0x16c	[0x170, [0x1602, nil]]
0xe5b9S0x16c	[0x170, [0x5bc, nil]]
0x1609S0x16c	[0x170, [0x1609, nil]]
0x1642S0x16c	[0x170, [0x1642, nil]]
0x1671S0x16c	[0x170, [0x1671, nil]]
0xe5e0S0x16c	[0x170, [0x717, nil]]
0xe608S0x16c	[0x170, [0x5bc, nil]]
0x2ce0S0x14a6S0x16c	[0x170, [0x14bc, [0x2ce0, nil]]]
0x2ccaS0x14a6S0x16c	[0x170, [0x14bc, [0x2cca, nil]]]
0x2cd0S0x14a6S0x16c	[0x170, [0x14bc, [0x2cd0, nil]]]
0x2cdbS0x14a6S0x16c	[0x170, [0x14bc, [0x2cdb, nil]]]
0x2db1S0x154dS0x16c	[0x170, [0x1563, [0x2db1, nil]]]
0x2d8bS0x154dS0x16c	[0x170, [0x1563, [0x2d8b, nil]]]
0x2d91S0x154dS0x16c	[0x170, [0x1563, [0x2d91, nil]]]
0x2dacS0x154dS0x16c	[0x170, [0x1563, [0x2dac, nil]]]
0x2d38S0x15e1S0x16c	[0x170, [0x15f7, [0x2d38, nil]]]
0x2d1cS0x15e1S0x16c	[0x170, [0x15f7, [0x2d1c, nil]]]
0x2d22S0x15e1S0x16c	[0x170, [0x15f7, [0x2d22, nil]]]
0x2d33S0x15e1S0x16c	[0x170, [0x15f7, [0x2d33, nil]]]
0x2d57S0x160aS0x16c	[0x170, [0x1628, [0x2d57, nil]]]
0x2d52S0x160aS0x16c	[0x170, [0x1628, [0x2d52, nil]]]
0x2d64S0x160aS0x16c	[0x170, [0x1628, [0x2d64, nil]]]
0x2d5fS0x160aS0x16c	[0x170, [0x1628, [0x2d5f, nil]]]
0x2d46S0x160aS0x16c	[0x170, [0x1628, [0x2d46, nil]]]
0x2d85S0x1672S0x16c	[0x170, [0x1688, [0x2d85, nil]]]
0x2d6aS0x1672S0x16c	[0x170, [0x1688, [0x2d6a, nil]]]
0x2d70S0x1672S0x16c	[0x170, [0x1688, [0x2d70, nil]]]
0x2d80S0x1672S0x16c	[0x170, [0x1688, [0x2d80, nil]]]
0x2d57S0x14dbS0x16c	[0x170, [0x1504, [0x2d57, nil]]]
0x2d52S0x14dbS0x16c	[0x170, [0x1504, [0x2d52, nil]]]
0x2d64S0x14dbS0x16c	[0x170, [0x1504, [0x2d64, nil]]]
0x2d5fS0x14dbS0x16c	[0x170, [0x1504, [0x2d5f, nil]]]
0x2d46S0x14dbS0x16c	[0x170, [0x1504, [0x2d46, nil]]]
0x2d0fS0x15b3S0x16c	[0x170, [0x15d6, [0x2d0f, nil]]]
0x2d0cS0x15b3S0x16c	[0x170, [0x15d6, [0x2d0c, nil]]]
0x2d16S0x15b3S0x16c	[0x170, [0x15d6, [0x2d16, nil]]]
0xe9570x1114S0x16c	[0x170, [0x10b8, nil]]
