0x0	[0x0, nil]
0xf	[0xf, nil]
0x4	[0x4, nil]
0x8	[0x8, nil]
0x3f	[0x3f, nil]
0x2	[0x2, nil]
0x5	[0x5, nil]
0x7	[0x7, nil]
0x9	[0x9, nil]
0xd	[0xd, nil]
0xe	[0xe, nil]
0x11	[0x11, nil]
0x13	[0x13, nil]
0x18	[0x18, nil]
0x19	[0x19, nil]
0x1e	[0x1e, nil]
0x23	[0x23, nil]
0x24	[0x24, nil]
0x29	[0x29, nil]
0x2e	[0x2e, nil]
0x34	[0x34, nil]
0x39	[0x39, nil]
0x44	[0x44, nil]
0x4a	[0x4a, nil]
0x4f	[0x4f, nil]
0x55	[0x55, nil]
0x5a	[0x5a, nil]
0x5f	[0x5f, nil]
0x65	[0x65, nil]
0x6a	[0x6a, nil]
0x70	[0x70, nil]
0x75	[0x75, nil]
0x7b	[0x7b, nil]
0x80	[0x80, nil]
0x86	[0x86, nil]
0x8b	[0x8b, nil]
0x90	[0x90, nil]
0x96	[0x96, nil]
0x9b	[0x9b, nil]
0x9c	[0x9c, nil]
0xa1	[0xa1, nil]
0xa6	[0xa6, nil]
0xac	[0xac, nil]
0xb1	[0xb1, nil]
0xb7	[0xb7, nil]
0xbc	[0xbc, nil]
0xc2	[0xc2, nil]
0xc7	[0xc7, nil]
0xcd	[0xcd, nil]
0xd2	[0xd2, nil]
0xd7	[0xd7, nil]
0xdd	[0xdd, nil]
0xe2	[0xe2, nil]
0xe8	[0xe8, nil]
0xed	[0xed, nil]
0xf3	[0xf3, nil]
0xf8	[0xf8, nil]
0xfe	[0xfe, nil]
0x103	[0x103, nil]
0x108	[0x108, nil]
0x10d	[0x10d, nil]
0x10e	[0x10e, nil]
0x118	[0x118, nil]
0x11a	[0x11a, nil]
0x11b	[0x11b, nil]
0x11f	[0x11f, nil]
0x124	[0x124, nil]
0x127	[0x127, nil]
0x12a	[0x12a, nil]
0x12b	[0x12b, nil]
0x12d	[0x12d, nil]
0x12f	[0x12f, nil]
0x134	[0x134, nil]
0x139	[0x139, nil]
0x13e	[0x13e, nil]
0x140	[0x140, nil]
0x141	[0x141, nil]
0x146	[0x146, nil]
0x14b	[0x14b, nil]
0x14d	[0x14d, nil]
0x150	[0x150, nil]
0x154	[0x154, nil]
0x156	[0x156, nil]
0x157	[0x157, nil]
0x15b	[0x15b, nil]
0x160	[0x160, nil]
0x163	[0x163, nil]
0x168	[0x168, nil]
0x16a	[0x16a, nil]
0x16b	[0x16b, nil]
0x170	[0x170, nil]
0x175	[0x175, nil]
0x177	[0x177, nil]
0x17a	[0x17a, nil]
0x17e	[0x17e, nil]
0x180	[0x180, nil]
0x181	[0x181, nil]
0x185	[0x185, nil]
0x18a	[0x18a, nil]
0x18d	[0x18d, nil]
0x190	[0x190, nil]
0x191	[0x191, nil]
0x193	[0x193, nil]
0x195	[0x195, nil]
0x19a	[0x19a, nil]
0x19f	[0x19f, nil]
0x1a4	[0x1a4, nil]
0x1a6	[0x1a6, nil]
0x1a7	[0x1a7, nil]
0x1ac	[0x1ac, nil]
0x1b1	[0x1b1, nil]
0x1b3	[0x1b3, nil]
0x1b6	[0x1b6, nil]
0x1ba	[0x1ba, nil]
0x1bc	[0x1bc, nil]
0x1bd	[0x1bd, nil]
0x1c1	[0x1c1, nil]
0x1c6	[0x1c6, nil]
0x1c9	[0x1c9, nil]
0x1cc	[0x1cc, nil]
0x1cd	[0x1cd, nil]
0x1cf	[0x1cf, nil]
0x1d1	[0x1d1, nil]
0x1d6	[0x1d6, nil]
0x1db	[0x1db, nil]
0x1e2	[0x1e2, nil]
0x1e4	[0x1e4, nil]
0x1e5	[0x1e5, nil]
0x1e9	[0x1e9, nil]
0x1ee	[0x1ee, nil]
0x1f1	[0x1f1, nil]
0x1f4	[0x1f4, nil]
0x1f5	[0x1f5, nil]
0x1f7	[0x1f7, nil]
0x1f9	[0x1f9, nil]
0x1fe	[0x1fe, nil]
0x203	[0x203, nil]
0x20a	[0x20a, nil]
0x20c	[0x20c, nil]
0x20d	[0x20d, nil]
0x211	[0x211, nil]
0x216	[0x216, nil]
0x219	[0x219, nil]
0x220	[0x220, nil]
0x222	[0x222, nil]
0x223	[0x223, nil]
0x227	[0x227, nil]
0x22c	[0x22c, nil]
0x22f	[0x22f, nil]
0x232	[0x232, nil]
0x233	[0x233, nil]
0x235	[0x235, nil]
0x237	[0x237, nil]
0x23c	[0x23c, nil]
0x241	[0x241, nil]
0x246	[0x246, nil]
0x248	[0x248, nil]
0x249	[0x249, nil]
0x24f	[0x24f, nil]
0x254	[0x254, nil]
0x256	[0x256, nil]
0x259	[0x259, nil]
0x25d	[0x25d, nil]
0x25f	[0x25f, nil]
0x260	[0x260, nil]
0x264	[0x264, nil]
0x269	[0x269, nil]
0x26c	[0x26c, nil]
0x26f	[0x26f, nil]
0x270	[0x270, nil]
0x272	[0x272, nil]
0x274	[0x274, nil]
0x279	[0x279, nil]
0x27e	[0x27e, nil]
0x285	[0x285, nil]
0x287	[0x287, nil]
0x288	[0x288, nil]
0x28c	[0x28c, nil]
0x291	[0x291, nil]
0x294	[0x294, nil]
0x299	[0x299, nil]
0x29b	[0x29b, nil]
0x29c	[0x29c, nil]
0x2a1	[0x2a1, nil]
0x2a6	[0x2a6, nil]
0x2a8	[0x2a8, nil]
0x2ab	[0x2ab, nil]
0x2af	[0x2af, nil]
0x2b1	[0x2b1, nil]
0x2b2	[0x2b2, nil]
0x2b6	[0x2b6, nil]
0x2bb	[0x2bb, nil]
0x2be	[0x2be, nil]
0x2c1	[0x2c1, nil]
0x2c2	[0x2c2, nil]
0x2c4	[0x2c4, nil]
0x2c6	[0x2c6, nil]
0x2cb	[0x2cb, nil]
0x2d0	[0x2d0, nil]
0x2d7	[0x2d7, nil]
0x2d9	[0x2d9, nil]
0x2da	[0x2da, nil]
0x2de	[0x2de, nil]
0x2e3	[0x2e3, nil]
0x2e6	[0x2e6, nil]
0x2e9	[0x2e9, nil]
0x2ea	[0x2ea, nil]
0x2ec	[0x2ec, nil]
0x2ee	[0x2ee, nil]
0x2f3	[0x2f3, nil]
0x2f8	[0x2f8, nil]
0x2fd	[0x2fd, nil]
0x2ff	[0x2ff, nil]
0x300	[0x300, nil]
0x305	[0x305, nil]
0x30a	[0x30a, nil]
0x30c	[0x30c, nil]
0x30f	[0x30f, nil]
0x313	[0x313, nil]
0x315	[0x315, nil]
0x316	[0x316, nil]
0x31a	[0x31a, nil]
0x31f	[0x31f, nil]
0x322	[0x322, nil]
0x325	[0x325, nil]
0x326	[0x326, nil]
0x328	[0x328, nil]
0x32a	[0x32a, nil]
0x32f	[0x32f, nil]
0x334	[0x334, nil]
0x33b	[0x33b, nil]
0x33d	[0x33d, nil]
0x33e	[0x33e, nil]
0x342	[0x342, nil]
0x347	[0x347, nil]
0x34a	[0x34a, nil]
0x351	[0x351, nil]
0x353	[0x353, nil]
0x354	[0x354, nil]
0x358	[0x358, nil]
0x35d	[0x35d, nil]
0x360	[0x360, nil]
0x363	[0x363, nil]
0x364	[0x364, nil]
0x366	[0x366, nil]
0x368	[0x368, nil]
0x36d	[0x36d, nil]
0x372	[0x372, nil]
0x377	[0x377, nil]
0x379	[0x379, nil]
0x37a	[0x37a, nil]
0x37f	[0x37f, nil]
0x384	[0x384, nil]
0x386	[0x386, nil]
0x389	[0x389, nil]
0x38d	[0x38d, nil]
0x38f	[0x38f, nil]
0x390	[0x390, nil]
0x394	[0x394, nil]
0x399	[0x399, nil]
0x39c	[0x39c, nil]
0x3a1	[0x3a1, nil]
0x3a3	[0x3a3, nil]
0x3a4	[0x3a4, nil]
0x3a9	[0x3a9, nil]
0x3ae	[0x3ae, nil]
0x3b0	[0x3b0, nil]
0x3b3	[0x3b3, nil]
0x3b7	[0x3b7, nil]
0x3b9	[0x3b9, nil]
0x3ba	[0x3ba, nil]
0x3be	[0x3be, nil]
0x3c3	[0x3c3, nil]
0x3c6	[0x3c6, nil]
0x3c9	[0x3c9, nil]
0x3ca	[0x3ca, nil]
0x3cc	[0x3cc, nil]
0x3ce	[0x3ce, nil]
0x3d3	[0x3d3, nil]
0x3d8	[0x3d8, nil]
0x3df	[0x3df, nil]
0x3e1	[0x3e1, nil]
0x3e2	[0x3e2, nil]
0x3e6	[0x3e6, nil]
0x3eb	[0x3eb, nil]
0x3ee	[0x3ee, nil]
0x3f1	[0x3f1, nil]
0x3f2	[0x3f2, nil]
0x3f4	[0x3f4, nil]
0x3f6	[0x3f6, nil]
0x3fb	[0x3fb, nil]
0x400	[0x400, nil]
0x405	[0x405, nil]
0x407	[0x407, nil]
0x408	[0x408, nil]
0x40e	[0x40e, nil]
0x413	[0x413, nil]
0x415	[0x415, nil]
0x418	[0x418, nil]
0x41c	[0x41c, nil]
0x41e	[0x41e, nil]
0x41f	[0x41f, nil]
0x423	[0x423, nil]
0x428	[0x428, nil]
0x42b	[0x42b, nil]
0x42e	[0x42e, nil]
0x42f	[0x42f, nil]
0x431	[0x431, nil]
0x433	[0x433, nil]
0x438	[0x438, nil]
0x43d	[0x43d, nil]
0x4bd	[0x4bd, nil]
0x4fd	[0x4fd, nil]
0x501	[0x501, nil]
0x506	[0x506, nil]
0x50a	[0x50a, nil]
0x50f	[0x50f, nil]
0x514	[0x514, nil]
0x59a	[0x59a, nil]
0x59c	[0x59c, nil]
0x59d	[0x59d, nil]
0x5a1	[0x5a1, nil]
0x5a6	[0x5a6, nil]
0x5a9	[0x5a9, nil]
0x5b1	[0x5b1, nil]
0x5b4	[0x5b4, nil]
0x5b7	[0x5b7, nil]
0x5bc	[0x5bc, nil]
0x5bf	[0x5bf, nil]
0x5c4	[0x5c4, nil]
0x5c6	[0x5c6, nil]
0x5c8	[0x5c8, nil]
0x5dd	[0x5dd, nil]
0x5de	[0x5de, nil]
0x5f3	[0x5f3, nil]
0x5f6	[0x5f6, nil]
0x5f8	[0x5f8, nil]
0x5fc	[0x5fc, nil]
0x5fe	[0x5fe, nil]
0x5ff	[0x5ff, nil]
0x600	[0x600, nil]
0x601	[0x601, nil]
0x603	[0x603, nil]
0x604	[0x604, nil]
0x608	[0x608, nil]
0x60a	[0x60a, nil]
0x60b	[0x60b, nil]
0x62e	[0x62e, nil]
0x630	[0x630, nil]
0x631	[0x631, nil]
0x635	[0x635, nil]
0x63a	[0x63a, nil]
0x63c	[0x63c, nil]
0x63f	[0x63f, nil]
0x643	[0x643, nil]
0x645	[0x645, nil]
0x647	[0x647, nil]
0x65c	[0x65c, nil]
0x65d	[0x65d, nil]
0x672	[0x672, nil]
0x675	[0x675, nil]
0x677	[0x677, nil]
0x67b	[0x67b, nil]
0x67d	[0x67d, nil]
0x67e	[0x67e, nil]
0x67f	[0x67f, nil]
0x680	[0x680, nil]
0x682	[0x682, nil]
0x687	[0x687, nil]
0x68b	[0x68b, nil]
0x695	[0x695, nil]
0x696	[0x696, nil]
0x699	[0x699, nil]
0x69e	[0x69e, nil]
0x6c1	[0x6c1, nil]
0x6c3	[0x6c3, nil]
0x6c4	[0x6c4, nil]
0x6c6	[0x6c6, nil]
0x6c7	[0x6c7, nil]
0x6cd	[0x6cd, nil]
0x6d2	[0x6d2, nil]
0x6d4	[0x6d4, nil]
0x6d5	[0x6d5, nil]
0x6d9	[0x6d9, nil]
0x6da	[0x6da, nil]
0x6de	[0x6de, nil]
0x6e2	[0x6e2, nil]
0x6e4	[0x6e4, nil]
0x6e6	[0x6e6, nil]
0x6e7	[0x6e7, nil]
0x6ea	[0x6ea, nil]
0x6ec	[0x6ec, nil]
0x6ed	[0x6ed, nil]
0x6ef	[0x6ef, nil]
0x6f0	[0x6f0, nil]
0x6f6	[0x6f6, nil]
0x6fb	[0x6fb, nil]
0x6fd	[0x6fd, nil]
0x6fe	[0x6fe, nil]
0x702	[0x702, nil]
0x703	[0x703, nil]
0x707	[0x707, nil]
0x70b	[0x70b, nil]
0x70d	[0x70d, nil]
0x70f	[0x70f, nil]
0x710	[0x710, nil]
0x713	[0x713, nil]
0x715	[0x715, nil]
0x716	[0x716, nil]
0x718	[0x718, nil]
0x719	[0x719, nil]
0x71f	[0x71f, nil]
0x724	[0x724, nil]
0x726	[0x726, nil]
0x727	[0x727, nil]
0x72b	[0x72b, nil]
0x72c	[0x72c, nil]
0x730	[0x730, nil]
0x734	[0x734, nil]
0x736	[0x736, nil]
0x738	[0x738, nil]
0x739	[0x739, nil]
0x73c	[0x73c, nil]
0x73e	[0x73e, nil]
0x73f	[0x73f, nil]
0x741	[0x741, nil]
0x742	[0x742, nil]
0x74c	[0x74c, nil]
0x751	[0x751, nil]
0x753	[0x753, nil]
0x754	[0x754, nil]
0x758	[0x758, nil]
0x759	[0x759, nil]
0x75d	[0x75d, nil]
0x761	[0x761, nil]
0x763	[0x763, nil]
0x765	[0x765, nil]
0x766	[0x766, nil]
0x767	[0x767, nil]
0x769	[0x769, nil]
0x76a	[0x76a, nil]
0x76c	[0x76c, nil]
0x76d	[0x76d, nil]
0x773	[0x773, nil]
0x778	[0x778, nil]
0x77a	[0x77a, nil]
0x77b	[0x77b, nil]
0x77f	[0x77f, nil]
0x780	[0x780, nil]
0x784	[0x784, nil]
0x788	[0x788, nil]
0x78a	[0x78a, nil]
0x78c	[0x78c, nil]
0x78d	[0x78d, nil]
0x790	[0x790, nil]
0x791	[0x791, nil]
0x797	[0x797, nil]
0x799	[0x799, nil]
0x79a	[0x79a, nil]
0x79d	[0x79d, nil]
0x79f	[0x79f, nil]
0x7a0	[0x7a0, nil]
0x7a3	[0x7a3, nil]
0x7a5	[0x7a5, nil]
0x7a6	[0x7a6, nil]
0x7ae	[0x7ae, nil]
0x7b3	[0x7b3, nil]
0x7b5	[0x7b5, nil]
0x7b7	[0x7b7, nil]
0x7b8	[0x7b8, nil]
0x7bb	[0x7bb, nil]
0x7bf	[0x7bf, nil]
0x7c2	[0x7c2, nil]
0x7c3	[0x7c3, nil]
0x7c4	[0x7c4, nil]
0x7c6	[0x7c6, nil]
0x7c7	[0x7c7, nil]
0x7cb	[0x7cb, nil]
0x7cc	[0x7cc, nil]
0x7cf	[0x7cf, nil]
0x7d0	[0x7d0, nil]
0x7d6	[0x7d6, nil]
0x7d8	[0x7d8, nil]
0x7da	[0x7da, nil]
0x7db	[0x7db, nil]
0x7dc	[0x7dc, nil]
0x7df	[0x7df, nil]
0x7e0	[0x7e0, nil]
0x7f5	[0x7f5, nil]
0x7f7	[0x7f7, nil]
0x80c	[0x80c, nil]
0x80d	[0x80d, nil]
0x80e	[0x80e, nil]
0x812	[0x812, nil]
0x814	[0x814, nil]
0x815	[0x815, nil]
0x838	[0x838, nil]
0x83a	[0x83a, nil]
0x83b	[0x83b, nil]
0x83f	[0x83f, nil]
0x844	[0x844, nil]
0x846	[0x846, nil]
0x849	[0x849, nil]
0x84d	[0x84d, nil]
0x84e	[0x84e, nil]
0x863	[0x863, nil]
0x865	[0x865, nil]
0x87a	[0x87a, nil]
0x87b	[0x87b, nil]
0x87c	[0x87c, nil]
0x880	[0x880, nil]
0x882	[0x882, nil]
0x883	[0x883, nil]
0x8a6	[0x8a6, nil]
0x8a8	[0x8a8, nil]
0x8a9	[0x8a9, nil]
0x8ad	[0x8ad, nil]
0x8b2	[0x8b2, nil]
0x8b4	[0x8b4, nil]
0x8b7	[0x8b7, nil]
0x8bc	[0x8bc, nil]
0x8d1	[0x8d1, nil]
0x8d3	[0x8d3, nil]
0x8e8	[0x8e8, nil]
0x8e9	[0x8e9, nil]
0x90b	[0x90b, nil]
0x90d	[0x90d, nil]
0x90e	[0x90e, nil]
0x913	[0x913, nil]
0x918	[0x918, nil]
0x91a	[0x91a, nil]
0x91d	[0x91d, nil]
0x920	[0x920, nil]
0x929	[0x929, nil]
0x934	[0x934, nil]
0x937	[0x937, nil]
0x94c	[0x94c, nil]
0x94f	[0x94f, nil]
0x954	[0x954, nil]
0x956	[0x956, nil]
0x957	[0x957, nil]
0x95b	[0x95b, nil]
0x960	[0x960, nil]
0x961	[0x961, nil]
0x976	[0x976, nil]
0x978	[0x978, nil]
0x98d	[0x98d, nil]
0x98e	[0x98e, nil]
0x98f	[0x98f, nil]
0x993	[0x993, nil]
0x995	[0x995, nil]
0x996	[0x996, nil]
0x9b9	[0x9b9, nil]
0x9bb	[0x9bb, nil]
0x9bc	[0x9bc, nil]
0x9c0	[0x9c0, nil]
0x9c5	[0x9c5, nil]
0x9c7	[0x9c7, nil]
0x9ca	[0x9ca, nil]
0x9ce	[0x9ce, nil]
0x9d0	[0x9d0, nil]
0x9d1	[0x9d1, nil]
0x9d2	[0x9d2, nil]
0x9d6	[0x9d6, nil]
0x9d8	[0x9d8, nil]
0x9d9	[0x9d9, nil]
0x9fc	[0x9fc, nil]
0x9fe	[0x9fe, nil]
0x9ff	[0x9ff, nil]
0xa03	[0xa03, nil]
0xa08	[0xa08, nil]
0xa0a	[0xa0a, nil]
0xa0d	[0xa0d, nil]
0xa12	[0xa12, nil]
0xa27	[0xa27, nil]
0xa28	[0xa28, nil]
0xa2e	[0xa2e, nil]
0xa2f	[0xa2f, nil]
0xa31	[0xa31, nil]
0xa33	[0xa33, nil]
0xa34	[0xa34, nil]
0xa35	[0xa35, nil]
0xa37	[0xa37, nil]
0xa3a	[0xa3a, nil]
0xa3f	[0xa3f, nil]
0xa45	[0xa45, nil]
0xa47	[0xa47, nil]
0xa48	[0xa48, nil]
0xa4c	[0xa4c, nil]
0xa4d	[0xa4d, nil]
0xa50	[0xa50, nil]
0xa51	[0xa51, nil]
0xa56	[0xa56, nil]
0xa6b	[0xa6b, nil]
0xa6c	[0xa6c, nil]
0xa8e	[0xa8e, nil]
0xa90	[0xa90, nil]
0xa91	[0xa91, nil]
0xa96	[0xa96, nil]
0xa9b	[0xa9b, nil]
0xa9d	[0xa9d, nil]
0xaa0	[0xaa0, nil]
0xabd	[0xabd, nil]
0xac0	[0xac0, nil]
0xac5	[0xac5, nil]
0xae6	[0xae6, nil]
0xaea	[0xaea, nil]
0xaef	[0xaef, nil]
0xaf0	[0xaf0, nil]
0xb05	[0xb05, nil]
0xb07	[0xb07, nil]
0xb1c	[0xb1c, nil]
0xb1d	[0xb1d, nil]
0xb1e	[0xb1e, nil]
0xb22	[0xb22, nil]
0xb24	[0xb24, nil]
0xb25	[0xb25, nil]
0xb48	[0xb48, nil]
0xb4a	[0xb4a, nil]
0xb4b	[0xb4b, nil]
0xb4f	[0xb4f, nil]
0xb54	[0xb54, nil]
0xb56	[0xb56, nil]
0xb59	[0xb59, nil]
0xb5e	[0xb5e, nil]
0xb73	[0xb73, nil]
0xb74	[0xb74, nil]
0xb79	[0xb79, nil]
0xb7c	[0xb7c, nil]
0xb7e	[0xb7e, nil]
0xb80	[0xb80, nil]
0xb85	[0xb85, nil]
0xb86	[0xb86, nil]
0xb88	[0xb88, nil]
0xb8b	[0xb8b, nil]
0xb8d	[0xb8d, nil]
0xb8e	[0xb8e, nil]
0xb95	[0xb95, nil]
0xb9a	[0xb9a, nil]
0xb9b	[0xb9b, nil]
0xb9d	[0xb9d, nil]
0xba0	[0xba0, nil]
0xba2	[0xba2, nil]
0xba5	[0xba5, nil]
0xba6	[0xba6, nil]
0xba8	[0xba8, nil]
0xba9	[0xba9, nil]
0xbad	[0xbad, nil]
0xbb2	[0xbb2, nil]
0xbb3	[0xbb3, nil]
0xbb4	[0xbb4, nil]
0xbb6	[0xbb6, nil]
0xbb7	[0xbb7, nil]
0xbbb	[0xbbb, nil]
0xbbc	[0xbbc, nil]
0xbbf	[0xbbf, nil]
0xbc0	[0xbc0, nil]
0xbc8	[0xbc8, nil]
0xbdd	[0xbdd, nil]
0xbdf	[0xbdf, nil]
0xbf4	[0xbf4, nil]
0xbf5	[0xbf5, nil]
0xc17	[0xc17, nil]
0xc19	[0xc19, nil]
0xc1a	[0xc1a, nil]
0xc1f	[0xc1f, nil]
0xc24	[0xc24, nil]
0xc26	[0xc26, nil]
0xc29	[0xc29, nil]
0xc32	[0xc32, nil]
0xc34	[0xc34, nil]
0xc38	[0xc38, nil]
0xc3a	[0xc3a, nil]
0xc3c	[0xc3c, nil]
0xc3d	[0xc3d, nil]
0xc3e	[0xc3e, nil]
0xc43	[0xc43, nil]
0xc47	[0xc47, nil]
0xc49	[0xc49, nil]
0xc4a	[0xc4a, nil]
0xc4e	[0xc4e, nil]
0xc53	[0xc53, nil]
0xc56	[0xc56, nil]
0xc78	[0xc78, nil]
0xc81	[0xc81, nil]
0xc83	[0xc83, nil]
0xc84	[0xc84, nil]
0xc88	[0xc88, nil]
0xc8d	[0xc8d, nil]
0xc90	[0xc90, nil]
0xcfb	[0xcfb, nil]
0xcfd	[0xcfd, nil]
0xd01	[0xd01, nil]
0xd04	[0xd04, nil]
0xd09	[0xd09, nil]
0xd2a	[0xd2a, nil]
0xd2e	[0xd2e, nil]
0xd33	[0xd33, nil]
0xd34	[0xd34, nil]
0xd49	[0xd49, nil]
0xd4b	[0xd4b, nil]
0xd60	[0xd60, nil]
0xd61	[0xd61, nil]
0xd62	[0xd62, nil]
0xd66	[0xd66, nil]
0xd68	[0xd68, nil]
0xd69	[0xd69, nil]
0xd8c	[0xd8c, nil]
0xd8e	[0xd8e, nil]
0xd8f	[0xd8f, nil]
0xd93	[0xd93, nil]
0xd98	[0xd98, nil]
0xd9a	[0xd9a, nil]
0xd9d	[0xd9d, nil]
0xda2	[0xda2, nil]
0xdb7	[0xdb7, nil]
0xdb8	[0xdb8, nil]
0xdbf	[0xdbf, nil]
0xdc1	[0xdc1, nil]
0xdc3	[0xdc3, nil]
0xdc8	[0xdc8, nil]
0xdc9	[0xdc9, nil]
0xdcb	[0xdcb, nil]
0xdce	[0xdce, nil]
0xdd0	[0xdd0, nil]
0xdd1	[0xdd1, nil]
0xdd7	[0xdd7, nil]
0xddc	[0xddc, nil]
0xdde	[0xdde, nil]
0xde0	[0xde0, nil]
0xde3	[0xde3, nil]
0xde5	[0xde5, nil]
0xde7	[0xde7, nil]
0xde8	[0xde8, nil]
0xde9	[0xde9, nil]
0xdeb	[0xdeb, nil]
0xdec	[0xdec, nil]
0xdf0	[0xdf0, nil]
0xdf1	[0xdf1, nil]
0xdf4	[0xdf4, nil]
0xdf5	[0xdf5, nil]
0xdfc	[0xdfc, nil]
0xdfe	[0xdfe, nil]
0xdff	[0xdff, nil]
0xe00	[0xe00, nil]
0xe02	[0xe02, nil]
0xe03	[0xe03, nil]
0xe06	[0xe06, nil]
0xe07	[0xe07, nil]
0xe09	[0xe09, nil]
0xe0b	[0xe0b, nil]
0xe10	[0xe10, nil]
0xe12	[0xe12, nil]
0xe17	[0xe17, nil]
0xe1c	[0xe1c, nil]
0xe20	[0xe20, nil]
0xe22	[0xe22, nil]
0xe23	[0xe23, nil]
0xe46	[0xe46, nil]
0xe48	[0xe48, nil]
0xe49	[0xe49, nil]
0xe4d	[0xe4d, nil]
0xe52	[0xe52, nil]
0xe54	[0xe54, nil]
0xe57	[0xe57, nil]
0xe5c	[0xe5c, nil]
0xe71	[0xe71, nil]
0xe73	[0xe73, nil]
0xe88	[0xe88, nil]
0xe89	[0xe89, nil]
0xeab	[0xeab, nil]
0xead	[0xead, nil]
0xeae	[0xeae, nil]
0xeb3	[0xeb3, nil]
0xeb8	[0xeb8, nil]
0xeba	[0xeba, nil]
0xebd	[0xebd, nil]
0x1449	[0x1449, nil]
0x144d	[0x144d, nil]
0x1452	[0x1452, nil]
0x1456	[0x1456, nil]
0x145b	[0x145b, nil]
0x1460	[0x1460, nil]
0x14e8	[0x14e8, nil]
0x14e9	[0x14e9, nil]
0x14ee	[0x14ee, nil]
0x14f3	[0x14f3, nil]
0x14f7	[0x14f7, nil]
0x14f9	[0x14f9, nil]
0x14fe	[0x14fe, nil]
0x1500	[0x1500, nil]
0x1504	[0x1504, nil]
0x1506	[0x1506, nil]
0x1507	[0x1507, nil]
0x1508	[0x1508, nil]
0x1509	[0x1509, nil]
0x150a	[0x150a, nil]
0x150b	[0x150b, nil]
0x150d	[0x150d, nil]
0x1522	[0x1522, nil]
0x1523	[0x1523, nil]
0x1538	[0x1538, nil]
0x153b	[0x153b, nil]
0x153d	[0x153d, nil]
0x1541	[0x1541, nil]
0x1543	[0x1543, nil]
0x1544	[0x1544, nil]
0x1545	[0x1545, nil]
0x1546	[0x1546, nil]
0x1547	[0x1547, nil]
0x154a	[0x154a, nil]
0x154c	[0x154c, nil]
0x154e	[0x154e, nil]
0x1550	[0x1550, nil]
0x1551	[0x1551, nil]
0x1552	[0x1552, nil]
0x1555	[0x1555, nil]
0x1556	[0x1556, nil]
0x1557	[0x1557, nil]
0x1558	[0x1558, nil]
0x155c	[0x155c, nil]
0x155f	[0x155f, nil]
0x1564	[0x1564, nil]
0x1579	[0x1579, nil]
0x157b	[0x157b, nil]
0x1590	[0x1590, nil]
0x1592	[0x1592, nil]
0x15b3	[0x15b3, nil]
0x15b5	[0x15b5, nil]
0x15b6	[0x15b6, nil]
0x15b8	[0x15b8, nil]
0x15bb	[0x15bb, nil]
0x15be	[0x15be, nil]
0x15c2	[0x15c2, nil]
0x15c7	[0x15c7, nil]
0x15d8	[0x15d8, nil]
0x15d9	[0x15d9, nil]
0x15de	[0x15de, nil]
0x15e3	[0x15e3, nil]
0x15e4	[0x15e4, nil]
0x15e8	[0x15e8, nil]
0x15ea	[0x15ea, nil]
0x15ee	[0x15ee, nil]
0x15f0	[0x15f0, nil]
0x15f4	[0x15f4, nil]
0x15f6	[0x15f6, nil]
0x15f7	[0x15f7, nil]
0x15f8	[0x15f8, nil]
0x15f9	[0x15f9, nil]
0x15fa	[0x15fa, nil]
0x15fb	[0x15fb, nil]
0x15fd	[0x15fd, nil]
0x1612	[0x1612, nil]
0x1613	[0x1613, nil]
0x1628	[0x1628, nil]
0x162b	[0x162b, nil]
0x162d	[0x162d, nil]
0x1631	[0x1631, nil]
0x1633	[0x1633, nil]
0x1634	[0x1634, nil]
0x1635	[0x1635, nil]
0x1636	[0x1636, nil]
0x1637	[0x1637, nil]
0x163a	[0x163a, nil]
0x163c	[0x163c, nil]
0x163e	[0x163e, nil]
0x1640	[0x1640, nil]
0x1641	[0x1641, nil]
0x1642	[0x1642, nil]
0x1645	[0x1645, nil]
0x1646	[0x1646, nil]
0x1647	[0x1647, nil]
0x1648	[0x1648, nil]
0x164c	[0x164c, nil]
0x164f	[0x164f, nil]
0x1654	[0x1654, nil]
0x1669	[0x1669, nil]
0x166b	[0x166b, nil]
0x1680	[0x1680, nil]
0x1682	[0x1682, nil]
0x16a3	[0x16a3, nil]
0x16a5	[0x16a5, nil]
0x16a6	[0x16a6, nil]
0x16a8	[0x16a8, nil]
0x16ab	[0x16ab, nil]
0x16ae	[0x16ae, nil]
0x16b2	[0x16b2, nil]
0x16b7	[0x16b7, nil]
0x16c1	[0x16c1, nil]
0x16c4	[0x16c4, nil]
0x16c9	[0x16c9, nil]
0x16ca	[0x16ca, nil]
0x16cc	[0x16cc, nil]
0x16cd	[0x16cd, nil]
0x16d0	[0x16d0, nil]
0x16d2	[0x16d2, nil]
0x16d4	[0x16d4, nil]
0x16d6	[0x16d6, nil]
0x16d7	[0x16d7, nil]
0x16d8	[0x16d8, nil]
0x16db	[0x16db, nil]
0x16dc	[0x16dc, nil]
0x16dd	[0x16dd, nil]
0x16de	[0x16de, nil]
0x16e2	[0x16e2, nil]
0x1703	[0x1703, nil]
0x1706	[0x1706, nil]
0x170b	[0x170b, nil]
0x170d	[0x170d, nil]
0x170e	[0x170e, nil]
0x1713	[0x1713, nil]
0x1718	[0x1718, nil]
0x171a	[0x171a, nil]
0x171d	[0x171d, nil]
0x1763	[0x1763, nil]
0x1766	[0x1766, nil]
0x1767	[0x1767, nil]
0x1768	[0x1768, nil]
0x176c	[0x176c, nil]
0x176e	[0x176e, nil]
0x176f	[0x176f, nil]
0x1792	[0x1792, nil]
0x1794	[0x1794, nil]
0x1795	[0x1795, nil]
0x1797	[0x1797, nil]
0x179a	[0x179a, nil]
0x179e	[0x179e, nil]
0x17a7	[0x17a7, nil]
0x17a8	[0x17a8, nil]
0x17c9	[0x17c9, nil]
0x17cb	[0x17cb, nil]
0x17cd	[0x17cd, nil]
0x17cf	[0x17cf, nil]
0x17d0	[0x17d0, nil]
0x17d4	[0x17d4, nil]
0x17d8	[0x17d8, nil]
0x17da	[0x17da, nil]
0x17db	[0x17db, nil]
0x1800	[0x1800, nil]
0x1802	[0x1802, nil]
0x1804	[0x1804, nil]
0x1805	[0x1805, nil]
0x1806	[0x1806, nil]
0x1808	[0x1808, nil]
0x180a	[0x180a, nil]
0x180c	[0x180c, nil]
0x180d	[0x180d, nil]
0x1811	[0x1811, nil]
0x1815	[0x1815, nil]
0x1817	[0x1817, nil]
0x1818	[0x1818, nil]
0x183d	[0x183d, nil]
0x183f	[0x183f, nil]
0x1841	[0x1841, nil]
0x1842	[0x1842, nil]
0x1843	[0x1843, nil]
0x1844	[0x1844, nil]
0x1845	[0x1845, nil]
0x1847	[0x1847, nil]
0x1848	[0x1848, nil]
0x184a	[0x184a, nil]
0x184b	[0x184b, nil]
0x1854	[0x1854, nil]
0x1859	[0x1859, nil]
0x185b	[0x185b, nil]
0x185c	[0x185c, nil]
0x1860	[0x1860, nil]
0x1861	[0x1861, nil]
0x1865	[0x1865, nil]
0x1869	[0x1869, nil]
0x186b	[0x186b, nil]
0x186d	[0x186d, nil]
0x186e	[0x186e, nil]
0x187e	[0x187e, nil]
0x1881	[0x1881, nil]
0x1886	[0x1886, nil]
0x1889	[0x1889, nil]
0x188a	[0x188a, nil]
0x188d	[0x188d, nil]
0x188f	[0x188f, nil]
0x1891	[0x1891, nil]
0x1893	[0x1893, nil]
0x1894	[0x1894, nil]
0x1895	[0x1895, nil]
0x1898	[0x1898, nil]
0x1899	[0x1899, nil]
0x189a	[0x189a, nil]
0x189b	[0x189b, nil]
0x189f	[0x189f, nil]
0x18c0	[0x18c0, nil]
0x18c3	[0x18c3, nil]
0x18c8	[0x18c8, nil]
0x18ca	[0x18ca, nil]
0x18cb	[0x18cb, nil]
0x18d0	[0x18d0, nil]
0x18d5	[0x18d5, nil]
0x18d7	[0x18d7, nil]
0x18da	[0x18da, nil]
0x2243	[0x2243, nil]
0x2264	[0x2264, nil]
0x2266	[0x2266, nil]
0x2268	[0x2268, nil]
0x226b	[0x226b, nil]
0x226d	[0x226d, nil]
0x2270	[0x2270, nil]
0x2271	[0x2271, nil]
0x2275	[0x2275, nil]
0x227c	[0x227c, nil]
0x229e	[0x229e, nil]
0x229f	[0x229f, nil]
0x22a3	[0x22a3, nil]
0x22a6	[0x22a6, nil]
0x22ac	[0x22ac, nil]
0x22af	[0x22af, nil]
0x240d	[0x240d, nil]
0x240e	[0x240e, nil]
0x2411	[0x2411, nil]
0x2416	[0x2416, nil]
0x2417	[0x2417, nil]
0x2419	[0x2419, nil]
0x241b	[0x241b, nil]
0x2421	[0x2421, nil]
0x2605	[0x2605, nil]
0x260f	[0x260f, nil]
0x2630	[0x2630, nil]
0x2632	[0x2632, nil]
0x2637	[0x2637, nil]
0x2638	[0x2638, nil]
0x263b	[0x263b, nil]
0x263e	[0x263e, nil]
0x2645	[0x2645, nil]
0x2649	[0x2649, nil]
0x264e	[0x264e, nil]
0x2651	[0x2651, nil]
0x2679	[0x2679, nil]
0x267a	[0x267a, nil]
0x267e	[0x267e, nil]
0x2685	[0x2685, nil]
0x268a	[0x268a, nil]
0x268f	[0x268f, nil]
0x2692	[0x2692, nil]
0x2695	[0x2695, nil]
0x269a	[0x269a, nil]
0x269f	[0x269f, nil]
0x26a2	[0x26a2, nil]
0x5e41	[0x114, nil]
0x5e64	[0x114, nil]
0x5e87	[0x114, nil]
0x5eaa	[0x114, nil]
0x5ecd	[0x114, nil]
0x6724	[0x2f, nil]
0x6726	[0x3a, nil]
0x6728	[0x45, nil]
0x672a	[0x50, nil]
0x672c	[0x5b, nil]
0x672e	[0x6b, nil]
0x6730	[0x76, nil]
0x6732	[0x81, nil]
0x6734	[0x8c, nil]
0x6736	[0xa7, nil]
0x6738	[0xb2, nil]
0x673a	[0xbd, nil]
0x673c	[0xc8, nil]
0x673e	[0xd3, nil]
0x6740	[0xe3, nil]
0x6742	[0xee, nil]
0x6744	[0xf9, nil]
0x6746	[0x104, nil]
0x6748	[0x112, nil]
0x674c	[0x117, nil]
0x674f	[0x153, nil]
0x6752	[0x17d, nil]
0x6755	[0x1b9, nil]
0x6758	[0x1e1, nil]
0x675b	[0x209, nil]
0x675e	[0x21f, nil]
0x6761	[0x25c, nil]
0x6764	[0x284, nil]
0x6767	[0x2ae, nil]
0x676a	[0x2d6, nil]
0x676d	[0x312, nil]
0x6770	[0x33a, nil]
0x6773	[0x350, nil]
0x6776	[0x38c, nil]
0x6779	[0x3b6, nil]
0x677c	[0x3de, nil]
0x677f	[0x41b, nil]
0x244	[0x244, nil]
0x517	[0x517, nil]
0x1463	[0x1463, nil]
0x2424	[0x2424, nil]
0x6f9	[0x6f9, nil]
0x15d1S0x14f7	[0x1562, [0x15d1, nil]]
0x15d2S0x14f7	[0x1562, [0x15d2, nil]]
0x15d1S0x15e8	[0x1652, [0x15d1, nil]]
0x15d2S0x15e8	[0x1652, [0x15d2, nil]]
0x444S0x138	[0x13c, [0x444, nil]]
0x445S0x138	[0x13c, [0x445, nil]]
0x466S0x138	[0x13c, [0x466, nil]]
0x483S0x138	[0x13c, [0x483, nil]]
0x484S0x138	[0x13c, [0x484, nil]]
0x486S0x138	[0x13c, [0x486, nil]]
0x4a3S0x138	[0x13c, [0x4a3, nil]]
0x4a4S0x138	[0x13c, [0x4a4, nil]]
0x4a5S0x138	[0x13c, [0x4a5, nil]]
0x4a7S0x138	[0x13c, [0x4a7, nil]]
0x146bS0x138	[0x13c, [0x146b, nil]]
0x146cS0x138	[0x13c, [0x146c, nil]]
0x148dS0x138	[0x13c, [0x148d, nil]]
0x14aaS0x138	[0x13c, [0x14aa, nil]]
0x14abS0x138	[0x13c, [0x14ab, nil]]
0x14adS0x138	[0x13c, [0x14ad, nil]]
0x14caS0x138	[0x13c, [0x14ca, nil]]
0x14cbS0x138	[0x13c, [0x14cb, nil]]
0x14ccS0x138	[0x13c, [0x14cc, nil]]
0x4acS0x138	[0x13c, [0x4ac, nil]]
0x4b0S0x138	[0x13c, [0x4b0, nil]]
0x4e1S0x19e	[0x1a2, [0x4e1, nil]]
0x4e3S0x19e	[0x1a2, [0x4e3, nil]]
0x4e7S0x19e	[0x1a2, [0x4e7, nil]]
0x4e9S0x19e	[0x1a2, [0x4e9, nil]]
0x4edS0x19e	[0x1a2, [0x4ed, nil]]
0x4efS0x19e	[0x1a2, [0x4ef, nil]]
0x4f0S0x19e	[0x1a2, [0x4f0, nil]]
0x4f1S0x19e	[0x1a2, [0x4f1, nil]]
0x4f2S0x19e	[0x1a2, [0x4f2, nil]]
0x4f4S0x19e	[0x1a2, [0x4f4, nil]]
0x4f5S0x19e	[0x1a2, [0x4f5, nil]]
0x4e1S0x4fc	[0x504, [0x4e1, nil]]
0x4e3S0x4fc	[0x504, [0x4e3, nil]]
0x4e7S0x4fc	[0x504, [0x4e7, nil]]
0x4e9S0x4fc	[0x504, [0x4e9, nil]]
0x4edS0x4fc	[0x504, [0x4ed, nil]]
0x4efS0x4fc	[0x504, [0x4ef, nil]]
0x4f0S0x4fc	[0x504, [0x4f0, nil]]
0x4f1S0x4fc	[0x504, [0x4f1, nil]]
0x4f2S0x4fc	[0x504, [0x4f2, nil]]
0x4f4S0x4fc	[0x504, [0x4f4, nil]]
0x4f5S0x4fc	[0x504, [0x4f5, nil]]
0xaa8S0x28f	[0x297, [0xaa8, nil]]
0xaa9S0x28f	[0x297, [0xaa9, nil]]
0xaabS0x28f	[0x297, [0xaab, nil]]
0xaadS0x28f	[0x297, [0xaad, nil]]
0xaafS0x28f	[0x297, [0xaaf, nil]]
0xab2S0x28f	[0x297, [0xab2, nil]]
0xab4S0x28f	[0x297, [0xab4, nil]]
0xab5S0x28f	[0x297, [0xab5, nil]]
0xab7S0x28f	[0x297, [0xab7, nil]]
0xc98S0x371	[0x375, [0xc98, nil]]
0xc9aS0x371	[0x375, [0xc9a, nil]]
0xc9eS0x371	[0x375, [0xc9e, nil]]
0xca0S0x371	[0x375, [0xca0, nil]]
0xca4S0x371	[0x375, [0xca4, nil]]
0xca6S0x371	[0x375, [0xca6, nil]]
0xca7S0x371	[0x375, [0xca7, nil]]
0xca8S0x371	[0x375, [0xca8, nil]]
0xca9S0x371	[0x375, [0xca9, nil]]
0xcaaS0x371	[0x375, [0xcaa, nil]]
0xcabS0x371	[0x375, [0xcab, nil]]
0xcadS0x371	[0x375, [0xcad, nil]]
0xcc2S0x371	[0x375, [0xcc2, nil]]
0xcc3S0x371	[0x375, [0xcc3, nil]]
0xcd8S0x371	[0x375, [0xcd8, nil]]
0xcdbS0x371	[0x375, [0xcdb, nil]]
0xcddS0x371	[0x375, [0xcdd, nil]]
0xce1S0x371	[0x375, [0xce1, nil]]
0xce3S0x371	[0x375, [0xce3, nil]]
0xce4S0x371	[0x375, [0xce4, nil]]
0xce5S0x371	[0x375, [0xce5, nil]]
0xce6S0x371	[0x375, [0xce6, nil]]
0xce8S0x371	[0x375, [0xce8, nil]]
0xceaS0x371	[0x375, [0xcea, nil]]
0xcedS0x371	[0x375, [0xced, nil]]
0xcefS0x371	[0x375, [0xcef, nil]]
0xcf0S0x371	[0x375, [0xcf0, nil]]
0xcf2S0x371	[0x375, [0xcf2, nil]]
0x4e1S0x1448	[0x1450, [0x4e1, nil]]
0x4e3S0x1448	[0x1450, [0x4e3, nil]]
0x4e7S0x1448	[0x1450, [0x4e7, nil]]
0x4e9S0x1448	[0x1450, [0x4e9, nil]]
0x4edS0x1448	[0x1450, [0x4ed, nil]]
0x4efS0x1448	[0x1450, [0x4ef, nil]]
0x4f0S0x1448	[0x1450, [0x4f0, nil]]
0x4f1S0x1448	[0x1450, [0x4f1, nil]]
0x4f2S0x1448	[0x1450, [0x4f2, nil]]
0x4f4S0x1448	[0x1450, [0x4f4, nil]]
0x4f5S0x1448	[0x1450, [0x4f5, nil]]
0xc98S0x14e7	[0x14f1, [0xc98, nil]]
0xc9aS0x14e7	[0x14f1, [0xc9a, nil]]
0xc9eS0x14e7	[0x14f1, [0xc9e, nil]]
0xca0S0x14e7	[0x14f1, [0xca0, nil]]
0xca4S0x14e7	[0x14f1, [0xca4, nil]]
0xca6S0x14e7	[0x14f1, [0xca6, nil]]
0xca7S0x14e7	[0x14f1, [0xca7, nil]]
0xca8S0x14e7	[0x14f1, [0xca8, nil]]
0xca9S0x14e7	[0x14f1, [0xca9, nil]]
0xcaaS0x14e7	[0x14f1, [0xcaa, nil]]
0xcabS0x14e7	[0x14f1, [0xcab, nil]]
0xcadS0x14e7	[0x14f1, [0xcad, nil]]
0xcc2S0x14e7	[0x14f1, [0xcc2, nil]]
0xcc3S0x14e7	[0x14f1, [0xcc3, nil]]
0xcd8S0x14e7	[0x14f1, [0xcd8, nil]]
0xcdbS0x14e7	[0x14f1, [0xcdb, nil]]
0xcddS0x14e7	[0x14f1, [0xcdd, nil]]
0xce1S0x14e7	[0x14f1, [0xce1, nil]]
0xce3S0x14e7	[0x14f1, [0xce3, nil]]
0xce4S0x14e7	[0x14f1, [0xce4, nil]]
0xce5S0x14e7	[0x14f1, [0xce5, nil]]
0xce6S0x14e7	[0x14f1, [0xce6, nil]]
0xce8S0x14e7	[0x14f1, [0xce8, nil]]
0xceaS0x14e7	[0x14f1, [0xcea, nil]]
0xcedS0x14e7	[0x14f1, [0xced, nil]]
0xcefS0x14e7	[0x14f1, [0xcef, nil]]
0xcf0S0x14e7	[0x14f1, [0xcf0, nil]]
0xcf2S0x14e7	[0x14f1, [0xcf2, nil]]
0xc98S0x15d7	[0x15e1, [0xc98, nil]]
0xc9aS0x15d7	[0x15e1, [0xc9a, nil]]
0xc9eS0x15d7	[0x15e1, [0xc9e, nil]]
0xca0S0x15d7	[0x15e1, [0xca0, nil]]
0xca4S0x15d7	[0x15e1, [0xca4, nil]]
0xca6S0x15d7	[0x15e1, [0xca6, nil]]
0xca7S0x15d7	[0x15e1, [0xca7, nil]]
0xca8S0x15d7	[0x15e1, [0xca8, nil]]
0xca9S0x15d7	[0x15e1, [0xca9, nil]]
0xcaaS0x15d7	[0x15e1, [0xcaa, nil]]
0xcabS0x15d7	[0x15e1, [0xcab, nil]]
0xcadS0x15d7	[0x15e1, [0xcad, nil]]
0xcc2S0x15d7	[0x15e1, [0xcc2, nil]]
0xcc3S0x15d7	[0x15e1, [0xcc3, nil]]
0xcd8S0x15d7	[0x15e1, [0xcd8, nil]]
0xcdbS0x15d7	[0x15e1, [0xcdb, nil]]
0xcddS0x15d7	[0x15e1, [0xcdd, nil]]
0xce1S0x15d7	[0x15e1, [0xce1, nil]]
0xce3S0x15d7	[0x15e1, [0xce3, nil]]
0xce4S0x15d7	[0x15e1, [0xce4, nil]]
0xce5S0x15d7	[0x15e1, [0xce5, nil]]
0xce6S0x15d7	[0x15e1, [0xce6, nil]]
0xce8S0x15d7	[0x15e1, [0xce8, nil]]
0xceaS0x15d7	[0x15e1, [0xcea, nil]]
0xcedS0x15d7	[0x15e1, [0xced, nil]]
0xcefS0x15d7	[0x15e1, [0xcef, nil]]
0xcf0S0x15d7	[0x15e1, [0xcf0, nil]]
0xcf2S0x15d7	[0x15e1, [0xcf2, nil]]
0x1c54S0x226f	[0x2278, [0x1c54, nil]]
0x2309S0x69d	[0x6d0, [0x2309, nil]]
0x230cS0x69d	[0x6d0, [0x230c, nil]]
0x232fS0x69d	[0x6d0, [0x232f, nil]]
0x2330S0x69d	[0x6d0, [0x2330, nil]]
0x2333S0x69d	[0x6d0, [0x2333, nil]]
0x2338S0x69d	[0x6d0, [0x2338, nil]]
0x2339S0x69d	[0x6d0, [0x2339, nil]]
0x233bS0x69d	[0x6d0, [0x233b, nil]]
0x233dS0x69d	[0x6d0, [0x233d, nil]]
0x2343S0x69d	[0x6d0, [0x2343, nil]]
0x22e1S0x69d	[0x6d0, [0x22e1, nil]]
0x2303S0x69d	[0x6d0, [0x2303, nil]]
0x2304S0x69d	[0x6d0, [0x2304, nil]]
0x2305S0x69d	[0x6d0, [0x2305, nil]]
0x22b7S0x69d	[0x6d0, [0x22b7, nil]]
0x22bbS0x69d	[0x6d0, [0x22bb, nil]]
0x22beS0x69d	[0x6d0, [0x22be, nil]]
0x2312S0x69d	[0x6d0, [0x2312, nil]]
0x2315S0x69d	[0x6d0, [0x2315, nil]]
0x2318S0x69d	[0x6d0, [0x2318, nil]]
0x231eS0x69d	[0x6d0, [0x231e, nil]]
0x22c7S0x69d	[0x6d0, [0x22c7, nil]]
0x2325S0x69d	[0x6d0, [0x2325, nil]]
0x22d4S0x69d	[0x6d0, [0x22d4, nil]]
0x22d5S0x69d	[0x6d0, [0x22d5, nil]]
0x22daS0x69d	[0x6d0, [0x22da, nil]]
0x1874S0x92d	[0x93a, [0x1874, nil]]
0x1876S0x92d	[0x93a, [0x1876, nil]]
0x15d1S0x16c8	[0x1709, [0x15d1, nil]]
0x15d2S0x16c8	[0x1709, [0x15d2, nil]]
0x15d1S0x1885	[0x18c6, [0x15d1, nil]]
0x15d2S0x1885	[0x18c6, [0x15d2, nil]]
0x2225S0x608	[0x638, [0x2225, nil]]
0x2226S0x608	[0x638, [0x2226, nil]]
0x2229S0x608	[0x638, [0x2229, nil]]
0x222eS0x608	[0x638, [0x222e, nil]]
0x222fS0x608	[0x638, [0x222f, nil]]
0x2231S0x608	[0x638, [0x2231, nil]]
0x2233S0x608	[0x638, [0x2233, nil]]
0x2237S0x608	[0x638, [0x2237, nil]]
0x2211S0x608	[0x638, [0x2211, nil]]
0x2215S0x608	[0x638, [0x2215, nil]]
0x221aS0x608	[0x638, [0x221a, nil]]
0x221dS0x608	[0x638, [0x221d, nil]]
0x21dbS0x608	[0x638, [0x21db, nil]]
0x21fcS0x608	[0x638, [0x21fc, nil]]
0x21feS0x608	[0x638, [0x21fe, nil]]
0x2203S0x608	[0x638, [0x2203, nil]]
0x2204S0x608	[0x638, [0x2204, nil]]
0x2207S0x608	[0x638, [0x2207, nil]]
0x220aS0x608	[0x638, [0x220a, nil]]
0x21cbS0x2202S0x608	[0x638, [0x220d, [0x21cb, nil]]]
0x21cfS0x2202S0x608	[0x638, [0x220d, [0x21cf, nil]]]
0x21d2S0x2202S0x608	[0x638, [0x220d, [0x21d2, nil]]]
0x274bS0x812	[0x842, [0x274b, nil]]
0x274cS0x812	[0x842, [0x274c, nil]]
0x274fS0x812	[0x842, [0x274f, nil]]
0x2754S0x812	[0x842, [0x2754, nil]]
0x2755S0x812	[0x842, [0x2755, nil]]
0x2757S0x812	[0x842, [0x2757, nil]]
0x2759S0x812	[0x842, [0x2759, nil]]
0x275dS0x812	[0x842, [0x275d, nil]]
0x2737S0x812	[0x842, [0x2737, nil]]
0x273bS0x812	[0x842, [0x273b, nil]]
0x2740S0x812	[0x842, [0x2740, nil]]
0x2743S0x812	[0x842, [0x2743, nil]]
0x2701S0x812	[0x842, [0x2701, nil]]
0x2722S0x812	[0x842, [0x2722, nil]]
0x2724S0x812	[0x842, [0x2724, nil]]
0x2729S0x812	[0x842, [0x2729, nil]]
0x272aS0x812	[0x842, [0x272a, nil]]
0x272dS0x812	[0x842, [0x272d, nil]]
0x2730S0x812	[0x842, [0x2730, nil]]
0x21cbS0x2728S0x812	[0x842, [0x2733, [0x21cb, nil]]]
0x21cfS0x2728S0x812	[0x842, [0x2733, [0x21cf, nil]]]
0x21d2S0x2728S0x812	[0x842, [0x2733, [0x21d2, nil]]]
0x27b3S0x880	[0x8b0, [0x27b3, nil]]
0x27b4S0x880	[0x8b0, [0x27b4, nil]]
0x27b7S0x880	[0x8b0, [0x27b7, nil]]
0x27bcS0x880	[0x8b0, [0x27bc, nil]]
0x27bdS0x880	[0x8b0, [0x27bd, nil]]
0x27bfS0x880	[0x8b0, [0x27bf, nil]]
0x27c1S0x880	[0x8b0, [0x27c1, nil]]
0x27c5S0x880	[0x8b0, [0x27c5, nil]]
0x279fS0x880	[0x8b0, [0x279f, nil]]
0x27a3S0x880	[0x8b0, [0x27a3, nil]]
0x27a8S0x880	[0x8b0, [0x27a8, nil]]
0x27abS0x880	[0x8b0, [0x27ab, nil]]
0x2769S0x880	[0x8b0, [0x2769, nil]]
0x278aS0x880	[0x8b0, [0x278a, nil]]
0x278cS0x880	[0x8b0, [0x278c, nil]]
0x2791S0x880	[0x8b0, [0x2791, nil]]
0x2792S0x880	[0x8b0, [0x2792, nil]]
0x2795S0x880	[0x8b0, [0x2795, nil]]
0x2798S0x880	[0x8b0, [0x2798, nil]]
0x21cbS0x2790S0x880	[0x8b0, [0x279b, [0x21cb, nil]]]
0x21cfS0x2790S0x880	[0x8b0, [0x279b, [0x21cf, nil]]]
0x21d2S0x2790S0x880	[0x8b0, [0x279b, [0x21d2, nil]]]
0x281bS0x993	[0x9c3, [0x281b, nil]]
0x281cS0x993	[0x9c3, [0x281c, nil]]
0x281fS0x993	[0x9c3, [0x281f, nil]]
0x2824S0x993	[0x9c3, [0x2824, nil]]
0x2825S0x993	[0x9c3, [0x2825, nil]]
0x2827S0x993	[0x9c3, [0x2827, nil]]
0x2829S0x993	[0x9c3, [0x2829, nil]]
0x282dS0x993	[0x9c3, [0x282d, nil]]
0x2807S0x993	[0x9c3, [0x2807, nil]]
0x280bS0x993	[0x9c3, [0x280b, nil]]
0x2810S0x993	[0x9c3, [0x2810, nil]]
0x2813S0x993	[0x9c3, [0x2813, nil]]
0x27d1S0x993	[0x9c3, [0x27d1, nil]]
0x27f2S0x993	[0x9c3, [0x27f2, nil]]
0x27f4S0x993	[0x9c3, [0x27f4, nil]]
0x27f9S0x993	[0x9c3, [0x27f9, nil]]
0x27faS0x993	[0x9c3, [0x27fa, nil]]
0x27fdS0x993	[0x9c3, [0x27fd, nil]]
0x2800S0x993	[0x9c3, [0x2800, nil]]
0x21cbS0x27f8S0x993	[0x9c3, [0x2803, [0x21cb, nil]]]
0x21cfS0x27f8S0x993	[0x9c3, [0x2803, [0x21cf, nil]]]
0x21d2S0x27f8S0x993	[0x9c3, [0x2803, [0x21d2, nil]]]
0x2883S0x9d6	[0xa06, [0x2883, nil]]
0x2884S0x9d6	[0xa06, [0x2884, nil]]
0x2887S0x9d6	[0xa06, [0x2887, nil]]
0x288cS0x9d6	[0xa06, [0x288c, nil]]
0x288dS0x9d6	[0xa06, [0x288d, nil]]
0x288fS0x9d6	[0xa06, [0x288f, nil]]
0x2891S0x9d6	[0xa06, [0x2891, nil]]
0x2895S0x9d6	[0xa06, [0x2895, nil]]
0x286fS0x9d6	[0xa06, [0x286f, nil]]
0x2873S0x9d6	[0xa06, [0x2873, nil]]
0x2878S0x9d6	[0xa06, [0x2878, nil]]
0x287bS0x9d6	[0xa06, [0x287b, nil]]
0x2839S0x9d6	[0xa06, [0x2839, nil]]
0x285aS0x9d6	[0xa06, [0x285a, nil]]
0x285cS0x9d6	[0xa06, [0x285c, nil]]
0x2861S0x9d6	[0xa06, [0x2861, nil]]
0x2862S0x9d6	[0xa06, [0x2862, nil]]
0x2865S0x9d6	[0xa06, [0x2865, nil]]
0x2868S0x9d6	[0xa06, [0x2868, nil]]
0x21cbS0x2860S0x9d6	[0xa06, [0x286b, [0x21cb, nil]]]
0x21cfS0x2860S0x9d6	[0xa06, [0x286b, [0x21cf, nil]]]
0x21d2S0x2860S0x9d6	[0xa06, [0x286b, [0x21d2, nil]]]
0x28ebS0xb22	[0xb52, [0x28eb, nil]]
0x28ecS0xb22	[0xb52, [0x28ec, nil]]
0x28efS0xb22	[0xb52, [0x28ef, nil]]
0x28f4S0xb22	[0xb52, [0x28f4, nil]]
0x28f5S0xb22	[0xb52, [0x28f5, nil]]
0x28f7S0xb22	[0xb52, [0x28f7, nil]]
0x28f9S0xb22	[0xb52, [0x28f9, nil]]
0x28fdS0xb22	[0xb52, [0x28fd, nil]]
0x28d7S0xb22	[0xb52, [0x28d7, nil]]
0x28dbS0xb22	[0xb52, [0x28db, nil]]
0x28e0S0xb22	[0xb52, [0x28e0, nil]]
0x28e3S0xb22	[0xb52, [0x28e3, nil]]
0x28a1S0xb22	[0xb52, [0x28a1, nil]]
0x28c2S0xb22	[0xb52, [0x28c2, nil]]
0x28c4S0xb22	[0xb52, [0x28c4, nil]]
0x28c9S0xb22	[0xb52, [0x28c9, nil]]
0x28caS0xb22	[0xb52, [0x28ca, nil]]
0x28cdS0xb22	[0xb52, [0x28cd, nil]]
0x28d0S0xb22	[0xb52, [0x28d0, nil]]
0x21cbS0x28c8S0xb22	[0xb52, [0x28d3, [0x21cb, nil]]]
0x21cfS0x28c8S0xb22	[0xb52, [0x28d3, [0x21cf, nil]]]
0x21d2S0x28c8S0xb22	[0xb52, [0x28d3, [0x21d2, nil]]]
0x28ebS0xd66	[0xd96, [0x28eb, nil]]
0x28ecS0xd66	[0xd96, [0x28ec, nil]]
0x28efS0xd66	[0xd96, [0x28ef, nil]]
0x28f4S0xd66	[0xd96, [0x28f4, nil]]
0x28f5S0xd66	[0xd96, [0x28f5, nil]]
0x28f7S0xd66	[0xd96, [0x28f7, nil]]
0x28f9S0xd66	[0xd96, [0x28f9, nil]]
0x28fdS0xd66	[0xd96, [0x28fd, nil]]
0x28d7S0xd66	[0xd96, [0x28d7, nil]]
0x28dbS0xd66	[0xd96, [0x28db, nil]]
0x28e0S0xd66	[0xd96, [0x28e0, nil]]
0x28e3S0xd66	[0xd96, [0x28e3, nil]]
0x28a1S0xd66	[0xd96, [0x28a1, nil]]
0x28c2S0xd66	[0xd96, [0x28c2, nil]]
0x28c4S0xd66	[0xd96, [0x28c4, nil]]
0x28c9S0xd66	[0xd96, [0x28c9, nil]]
0x28caS0xd66	[0xd96, [0x28ca, nil]]
0x28cdS0xd66	[0xd96, [0x28cd, nil]]
0x28d0S0xd66	[0xd96, [0x28d0, nil]]
0x21cbS0x28c8S0xd66	[0xd96, [0x28d3, [0x21cb, nil]]]
0x21cfS0x28c8S0xd66	[0xd96, [0x28d3, [0x21cf, nil]]]
0x21d2S0x28c8S0xd66	[0xd96, [0x28d3, [0x21d2, nil]]]
0x2a04S0xe20	[0xe50, [0x2a04, nil]]
0x2a05S0xe20	[0xe50, [0x2a05, nil]]
0x2a08S0xe20	[0xe50, [0x2a08, nil]]
0x2a0dS0xe20	[0xe50, [0x2a0d, nil]]
0x2a0eS0xe20	[0xe50, [0x2a0e, nil]]
0x2a10S0xe20	[0xe50, [0x2a10, nil]]
0x2a12S0xe20	[0xe50, [0x2a12, nil]]
0x2a16S0xe20	[0xe50, [0x2a16, nil]]
0x29f0S0xe20	[0xe50, [0x29f0, nil]]
0x29f4S0xe20	[0xe50, [0x29f4, nil]]
0x29f9S0xe20	[0xe50, [0x29f9, nil]]
0x29fcS0xe20	[0xe50, [0x29fc, nil]]
0x29baS0xe20	[0xe50, [0x29ba, nil]]
0x29dbS0xe20	[0xe50, [0x29db, nil]]
0x29ddS0xe20	[0xe50, [0x29dd, nil]]
0x29e2S0xe20	[0xe50, [0x29e2, nil]]
0x29e3S0xe20	[0xe50, [0x29e3, nil]]
0x29e6S0xe20	[0xe50, [0x29e6, nil]]
0x29e9S0xe20	[0xe50, [0x29e9, nil]]
0x21cbS0x29e1S0xe20	[0xe50, [0x29ec, [0x21cb, nil]]]
0x21cfS0x29e1S0xe20	[0xe50, [0x29ec, [0x21cf, nil]]]
0x21d2S0x29e1S0xe20	[0xe50, [0x29ec, [0x21d2, nil]]]
0x172fS0x5b0	[0x5ba, [0x172f, nil]]
0x1731S0x5b0	[0x5ba, [0x1731, nil]]
0x1732S0x5b0	[0x5ba, [0x1732, nil]]
0x1755S0x5b0	[0x5ba, [0x1755, nil]]
0x1757S0x5b0	[0x5ba, [0x1757, nil]]
0x1758S0x5b0	[0x5ba, [0x1758, nil]]
0x175aS0x5b0	[0x5ba, [0x175a, nil]]
0x175dS0x5b0	[0x5ba, [0x175d, nil]]
0x1722S0x5b0	[0x5ba, [0x1722, nil]]
0x1725S0x5b0	[0x5ba, [0x1725, nil]]
0x172aS0x5b0	[0x5ba, [0x172a, nil]]
0x172bS0x5b0	[0x5ba, [0x172b, nil]]
0xaa8S0x1721S0x5b0	[0x5ba, [0x1728, [0xaa8, nil]]]
0xaa9S0x1721S0x5b0	[0x5ba, [0x1728, [0xaa9, nil]]]
0xaabS0x1721S0x5b0	[0x5ba, [0x1728, [0xaab, nil]]]
0xaadS0x1721S0x5b0	[0x5ba, [0x1728, [0xaad, nil]]]
0xaafS0x1721S0x5b0	[0x5ba, [0x1728, [0xaaf, nil]]]
0xab2S0x1721S0x5b0	[0x5ba, [0x1728, [0xab2, nil]]]
0xab4S0x1721S0x5b0	[0x5ba, [0x1728, [0xab4, nil]]]
0xab5S0x1721S0x5b0	[0x5ba, [0x1728, [0xab5, nil]]]
0xab7S0x1721S0x5b0	[0x5ba, [0x1728, [0xab7, nil]]]
0x172fS0x94b	[0x952, [0x172f, nil]]
0x1731S0x94b	[0x952, [0x1731, nil]]
0x1732S0x94b	[0x952, [0x1732, nil]]
0x1755S0x94b	[0x952, [0x1755, nil]]
0x1757S0x94b	[0x952, [0x1757, nil]]
0x1758S0x94b	[0x952, [0x1758, nil]]
0x175aS0x94b	[0x952, [0x175a, nil]]
0x175dS0x94b	[0x952, [0x175d, nil]]
0x1722S0x94b	[0x952, [0x1722, nil]]
0x1725S0x94b	[0x952, [0x1725, nil]]
0x172aS0x94b	[0x952, [0x172a, nil]]
0x172bS0x94b	[0x952, [0x172b, nil]]
0xaa8S0x1721S0x94b	[0x952, [0x1728, [0xaa8, nil]]]
0xaa9S0x1721S0x94b	[0x952, [0x1728, [0xaa9, nil]]]
0xaabS0x1721S0x94b	[0x952, [0x1728, [0xaab, nil]]]
0xaadS0x1721S0x94b	[0x952, [0x1728, [0xaad, nil]]]
0xaafS0x1721S0x94b	[0x952, [0x1728, [0xaaf, nil]]]
0xab2S0x1721S0x94b	[0x952, [0x1728, [0xab2, nil]]]
0xab4S0x1721S0x94b	[0x952, [0x1728, [0xab4, nil]]]
0xab5S0x1721S0x94b	[0x952, [0x1728, [0xab5, nil]]]
0xab7S0x1721S0x94b	[0x952, [0x1728, [0xab7, nil]]]
0x172fS0xabc	[0xac3, [0x172f, nil]]
0x1731S0xabc	[0xac3, [0x1731, nil]]
0x1732S0xabc	[0xac3, [0x1732, nil]]
0x1755S0xabc	[0xac3, [0x1755, nil]]
0x1757S0xabc	[0xac3, [0x1757, nil]]
0x1758S0xabc	[0xac3, [0x1758, nil]]
0x175aS0xabc	[0xac3, [0x175a, nil]]
0x175dS0xabc	[0xac3, [0x175d, nil]]
0x1722S0xabc	[0xac3, [0x1722, nil]]
0x1725S0xabc	[0xac3, [0x1725, nil]]
0x172aS0xabc	[0xac3, [0x172a, nil]]
0x172bS0xabc	[0xac3, [0x172b, nil]]
0xaa8S0x1721S0xabc	[0xac3, [0x1728, [0xaa8, nil]]]
0xaa9S0x1721S0xabc	[0xac3, [0x1728, [0xaa9, nil]]]
0xaabS0x1721S0xabc	[0xac3, [0x1728, [0xaab, nil]]]
0xaadS0x1721S0xabc	[0xac3, [0x1728, [0xaad, nil]]]
0xaafS0x1721S0xabc	[0xac3, [0x1728, [0xaaf, nil]]]
0xab2S0x1721S0xabc	[0xac3, [0x1728, [0xab2, nil]]]
0xab4S0x1721S0xabc	[0xac3, [0x1728, [0xab4, nil]]]
0xab5S0x1721S0xabc	[0xac3, [0x1728, [0xab5, nil]]]
0xab7S0x1721S0xabc	[0xac3, [0x1728, [0xab7, nil]]]
0x172fS0xd00	[0xd07, [0x172f, nil]]
0x1731S0xd00	[0xd07, [0x1731, nil]]
0x1732S0xd00	[0xd07, [0x1732, nil]]
0x1755S0xd00	[0xd07, [0x1755, nil]]
0x1757S0xd00	[0xd07, [0x1757, nil]]
0x1758S0xd00	[0xd07, [0x1758, nil]]
0x175aS0xd00	[0xd07, [0x175a, nil]]
0x175dS0xd00	[0xd07, [0x175d, nil]]
0x1722S0xd00	[0xd07, [0x1722, nil]]
0x1725S0xd00	[0xd07, [0x1725, nil]]
0x172aS0xd00	[0xd07, [0x172a, nil]]
0x172bS0xd00	[0xd07, [0x172b, nil]]
0xaa8S0x1721S0xd00	[0xd07, [0x1728, [0xaa8, nil]]]
0xaa9S0x1721S0xd00	[0xd07, [0x1728, [0xaa9, nil]]]
0xaabS0x1721S0xd00	[0xd07, [0x1728, [0xaab, nil]]]
0xaadS0x1721S0xd00	[0xd07, [0x1728, [0xaad, nil]]]
0xaafS0x1721S0xd00	[0xd07, [0x1728, [0xaaf, nil]]]
0xab2S0x1721S0xd00	[0xd07, [0x1728, [0xab2, nil]]]
0xab4S0x1721S0xd00	[0xd07, [0x1728, [0xab4, nil]]]
0xab5S0x1721S0xd00	[0xd07, [0x1728, [0xab5, nil]]]
0xab7S0x1721S0xd00	[0xd07, [0x1728, [0xab7, nil]]]
0x212cS0x3e9	[0x3fe, [0x212c, nil]]
0x212fS0x3e9	[0x3fe, [0x212f, nil]]
0x2149S0x3e9	[0x3fe, [0x2149, nil]]
0x214cS0x3e9	[0x3fe, [0x214c, nil]]
0x2178S0x3e9	[0x3fe, [0x2178, nil]]
0x217bS0x3e9	[0x3fe, [0x217b, nil]]
0x21a7S0x3e9	[0x3fe, [0x21a7, nil]]
0x21aaS0x3e9	[0x3fe, [0x21aa, nil]]
0x211bS0x3e9	[0x3fe, [0x211b, nil]]
0x211dS0x3e9	[0x3fe, [0x211d, nil]]
0x211fS0x3e9	[0x3fe, [0x211f, nil]]
0x2121S0x3e9	[0x3fe, [0x2121, nil]]
0x2125S0x3e9	[0x3fe, [0x2125, nil]]
0x2126S0x3e9	[0x3fe, [0x2126, nil]]
0x2127S0x3e9	[0x3fe, [0x2127, nil]]
0x2128S0x3e9	[0x3fe, [0x2128, nil]]
0x2135S0x3e9	[0x3fe, [0x2135, nil]]
0x2137S0x3e9	[0x3fe, [0x2137, nil]]
0x2138S0x3e9	[0x3fe, [0x2138, nil]]
0x2139S0x3e9	[0x3fe, [0x2139, nil]]
0x2143S0x3e9	[0x3fe, [0x2143, nil]]
0x2144S0x3e9	[0x3fe, [0x2144, nil]]
0x2145S0x3e9	[0x3fe, [0x2145, nil]]
0x6695S0x3e9	[0x3fe, [0x1970, nil]]
0x2152S0x3e9	[0x3fe, [0x2152, nil]]
0x2158S0x3e9	[0x3fe, [0x2158, nil]]
0x2159S0x3e9	[0x3fe, [0x2159, nil]]
0x66b8S0x3e9	[0x3fe, [0x1974, nil]]
0x2163S0x3e9	[0x3fe, [0x2163, nil]]
0x2166S0x3e9	[0x3fe, [0x2166, nil]]
0x2167S0x3e9	[0x3fe, [0x2167, nil]]
0x2168S0x3e9	[0x3fe, [0x2168, nil]]
0x2172S0x3e9	[0x3fe, [0x2172, nil]]
0x2173S0x3e9	[0x3fe, [0x2173, nil]]
0x2174S0x3e9	[0x3fe, [0x2174, nil]]
0x2181S0x3e9	[0x3fe, [0x2181, nil]]
0x2187S0x3e9	[0x3fe, [0x2187, nil]]
0x2188S0x3e9	[0x3fe, [0x2188, nil]]
0x66dbS0x3e9	[0x3fe, [0x1974, nil]]
0x2192S0x3e9	[0x3fe, [0x2192, nil]]
0x2195S0x3e9	[0x3fe, [0x2195, nil]]
0x2196S0x3e9	[0x3fe, [0x2196, nil]]
0x2197S0x3e9	[0x3fe, [0x2197, nil]]
0x21a1S0x3e9	[0x3fe, [0x21a1, nil]]
0x21a2S0x3e9	[0x3fe, [0x21a2, nil]]
0x21a3S0x3e9	[0x3fe, [0x21a3, nil]]
0x21b0S0x3e9	[0x3fe, [0x21b0, nil]]
0x21b6S0x3e9	[0x3fe, [0x21b6, nil]]
0x21b7S0x3e9	[0x3fe, [0x21b7, nil]]
0x66feS0x3e9	[0x3fe, [0x1974, nil]]
0x1b61S0x2151S0x3e9	[0x3fe, [0x215c, [0x1b61, nil]]]
0x1b64S0x2151S0x3e9	[0x3fe, [0x215c, [0x1b64, nil]]]
0x1b7eS0x2151S0x3e9	[0x3fe, [0x215c, [0x1b7e, nil]]]
0x1b81S0x2151S0x3e9	[0x3fe, [0x215c, [0x1b81, nil]]]
0x1b9aS0x2151S0x3e9	[0x3fe, [0x215c, [0x1b9a, nil]]]
0x1b9dS0x2151S0x3e9	[0x3fe, [0x215c, [0x1b9d, nil]]]
0x1b6bS0x2151S0x3e9	[0x3fe, [0x215c, [0x1b6b, nil]]]
0x1b6eS0x2151S0x3e9	[0x3fe, [0x215c, [0x1b6e, nil]]]
0x1b78S0x2151S0x3e9	[0x3fe, [0x215c, [0x1b78, nil]]]
0x1b79S0x2151S0x3e9	[0x3fe, [0x215c, [0x1b79, nil]]]
0x1b7aS0x2151S0x3e9	[0x3fe, [0x215c, [0x1b7a, nil]]]
0x6465S0x2151S0x3e9	[0x3fe, [0x215c, [0x1b49, nil]]]
0x1b87S0x2151S0x3e9	[0x3fe, [0x215c, [0x1b87, nil]]]
0x1b8aS0x2151S0x3e9	[0x3fe, [0x215c, [0x1b8a, nil]]]
0x1b8eS0x2151S0x3e9	[0x3fe, [0x215c, [0x1b8e, nil]]]
0x1b91S0x2151S0x3e9	[0x3fe, [0x215c, [0x1b91, nil]]]
0x1b93S0x2151S0x3e9	[0x3fe, [0x215c, [0x1b93, nil]]]
0x1b94S0x2151S0x3e9	[0x3fe, [0x215c, [0x1b94, nil]]]
0x1b95S0x2151S0x3e9	[0x3fe, [0x215c, [0x1b95, nil]]]
0x1b96S0x2151S0x3e9	[0x3fe, [0x215c, [0x1b96, nil]]]
0x6488S0x2151S0x3e9	[0x3fe, [0x215c, [0x1b4d, nil]]]
0x64abS0x2151S0x3e9	[0x3fe, [0x215c, [0x1b51, nil]]]
0x1b55S0x2151S0x3e9	[0x3fe, [0x215c, [0x1b55, nil]]]
0x1b58S0x2151S0x3e9	[0x3fe, [0x215c, [0x1b58, nil]]]
0x1b5bS0x2151S0x3e9	[0x3fe, [0x215c, [0x1b5b, nil]]]
0x1b5cS0x2151S0x3e9	[0x3fe, [0x215c, [0x1b5c, nil]]]
0x1b5dS0x2151S0x3e9	[0x3fe, [0x215c, [0x1b5d, nil]]]
0x1bb6S0x2180S0x3e9	[0x3fe, [0x218b, [0x1bb6, nil]]]
0x1bb9S0x2180S0x3e9	[0x3fe, [0x218b, [0x1bb9, nil]]]
0x1bd3S0x2180S0x3e9	[0x3fe, [0x218b, [0x1bd3, nil]]]
0x1bd6S0x2180S0x3e9	[0x3fe, [0x218b, [0x1bd6, nil]]]
0x1befS0x2180S0x3e9	[0x3fe, [0x218b, [0x1bef, nil]]]
0x1bf2S0x2180S0x3e9	[0x3fe, [0x218b, [0x1bf2, nil]]]
0x1bc0S0x2180S0x3e9	[0x3fe, [0x218b, [0x1bc0, nil]]]
0x1bc3S0x2180S0x3e9	[0x3fe, [0x218b, [0x1bc3, nil]]]
0x1bcdS0x2180S0x3e9	[0x3fe, [0x218b, [0x1bcd, nil]]]
0x1bceS0x2180S0x3e9	[0x3fe, [0x218b, [0x1bce, nil]]]
0x1bcfS0x2180S0x3e9	[0x3fe, [0x218b, [0x1bcf, nil]]]
0x64ceS0x2180S0x3e9	[0x3fe, [0x218b, [0x1b49, nil]]]
0x1bdcS0x2180S0x3e9	[0x3fe, [0x218b, [0x1bdc, nil]]]
0x1bdfS0x2180S0x3e9	[0x3fe, [0x218b, [0x1bdf, nil]]]
0x1be3S0x2180S0x3e9	[0x3fe, [0x218b, [0x1be3, nil]]]
0x1be6S0x2180S0x3e9	[0x3fe, [0x218b, [0x1be6, nil]]]
0x1be8S0x2180S0x3e9	[0x3fe, [0x218b, [0x1be8, nil]]]
0x1be9S0x2180S0x3e9	[0x3fe, [0x218b, [0x1be9, nil]]]
0x1beaS0x2180S0x3e9	[0x3fe, [0x218b, [0x1bea, nil]]]
0x1bebS0x2180S0x3e9	[0x3fe, [0x218b, [0x1beb, nil]]]
0x64f1S0x2180S0x3e9	[0x3fe, [0x218b, [0x1b4d, nil]]]
0x6514S0x2180S0x3e9	[0x3fe, [0x218b, [0x1b51, nil]]]
0x1baaS0x2180S0x3e9	[0x3fe, [0x218b, [0x1baa, nil]]]
0x1badS0x2180S0x3e9	[0x3fe, [0x218b, [0x1bad, nil]]]
0x1bb0S0x2180S0x3e9	[0x3fe, [0x218b, [0x1bb0, nil]]]
0x1bb1S0x2180S0x3e9	[0x3fe, [0x218b, [0x1bb1, nil]]]
0x1bb2S0x2180S0x3e9	[0x3fe, [0x218b, [0x1bb2, nil]]]
0x1c0bS0x21afS0x3e9	[0x3fe, [0x21ba, [0x1c0b, nil]]]
0x1c0eS0x21afS0x3e9	[0x3fe, [0x21ba, [0x1c0e, nil]]]
0x1c28S0x21afS0x3e9	[0x3fe, [0x21ba, [0x1c28, nil]]]
0x1c2bS0x21afS0x3e9	[0x3fe, [0x21ba, [0x1c2b, nil]]]
0x1c44S0x21afS0x3e9	[0x3fe, [0x21ba, [0x1c44, nil]]]
0x1c47S0x21afS0x3e9	[0x3fe, [0x21ba, [0x1c47, nil]]]
0x1c15S0x21afS0x3e9	[0x3fe, [0x21ba, [0x1c15, nil]]]
0x1c18S0x21afS0x3e9	[0x3fe, [0x21ba, [0x1c18, nil]]]
0x1c22S0x21afS0x3e9	[0x3fe, [0x21ba, [0x1c22, nil]]]
0x1c23S0x21afS0x3e9	[0x3fe, [0x21ba, [0x1c23, nil]]]
0x1c24S0x21afS0x3e9	[0x3fe, [0x21ba, [0x1c24, nil]]]
0x6537S0x21afS0x3e9	[0x3fe, [0x21ba, [0x1b49, nil]]]
0x1c31S0x21afS0x3e9	[0x3fe, [0x21ba, [0x1c31, nil]]]
0x1c34S0x21afS0x3e9	[0x3fe, [0x21ba, [0x1c34, nil]]]
0x1c38S0x21afS0x3e9	[0x3fe, [0x21ba, [0x1c38, nil]]]
0x1c3bS0x21afS0x3e9	[0x3fe, [0x21ba, [0x1c3b, nil]]]
0x1c3dS0x21afS0x3e9	[0x3fe, [0x21ba, [0x1c3d, nil]]]
0x1c3eS0x21afS0x3e9	[0x3fe, [0x21ba, [0x1c3e, nil]]]
0x1c3fS0x21afS0x3e9	[0x3fe, [0x21ba, [0x1c3f, nil]]]
0x1c40S0x21afS0x3e9	[0x3fe, [0x21ba, [0x1c40, nil]]]
0x655aS0x21afS0x3e9	[0x3fe, [0x21ba, [0x1b4d, nil]]]
0x657dS0x21afS0x3e9	[0x3fe, [0x21ba, [0x1b51, nil]]]
0x1bffS0x21afS0x3e9	[0x3fe, [0x21ba, [0x1bff, nil]]]
0x1c02S0x21afS0x3e9	[0x3fe, [0x21ba, [0x1c02, nil]]]
0x1c05S0x21afS0x3e9	[0x3fe, [0x21ba, [0x1c05, nil]]]
0x1c06S0x21afS0x3e9	[0x3fe, [0x21ba, [0x1c06, nil]]]
0x1c07S0x21afS0x3e9	[0x3fe, [0x21ba, [0x1c07, nil]]]
0x193cS0x16c0	[0x16c7, [0x193c, nil]]
0x193eS0x16c0	[0x16c7, [0x193e, nil]]
0x193fS0x16c0	[0x16c7, [0x193f, nil]]
0x1962S0x16c0	[0x16c7, [0x1962, nil]]
0x1964S0x16c0	[0x16c7, [0x1964, nil]]
0x1965S0x16c0	[0x16c7, [0x1965, nil]]
0x1967S0x16c0	[0x16c7, [0x1967, nil]]
0x196aS0x16c0	[0x16c7, [0x196a, nil]]
0x1930S0x16c0	[0x16c7, [0x1930, nil]]
0x1933S0x16c0	[0x16c7, [0x1933, nil]]
0x1938S0x16c0	[0x16c7, [0x1938, nil]]
0xaa8S0x192fS0x16c0	[0x16c7, [0x1936, [0xaa8, nil]]]
0xaa9S0x192fS0x16c0	[0x16c7, [0x1936, [0xaa9, nil]]]
0xaabS0x192fS0x16c0	[0x16c7, [0x1936, [0xaab, nil]]]
0xaadS0x192fS0x16c0	[0x16c7, [0x1936, [0xaad, nil]]]
0xaafS0x192fS0x16c0	[0x16c7, [0x1936, [0xaaf, nil]]]
0xab2S0x192fS0x16c0	[0x16c7, [0x1936, [0xab2, nil]]]
0xab4S0x192fS0x16c0	[0x16c7, [0x1936, [0xab4, nil]]]
0xab5S0x192fS0x16c0	[0x16c7, [0x1936, [0xab5, nil]]]
0xab7S0x192fS0x16c0	[0x16c7, [0x1936, [0xab7, nil]]]
0x172fS0x187d	[0x1884, [0x172f, nil]]
0x1731S0x187d	[0x1884, [0x1731, nil]]
0x1732S0x187d	[0x1884, [0x1732, nil]]
0x1755S0x187d	[0x1884, [0x1755, nil]]
0x1757S0x187d	[0x1884, [0x1757, nil]]
0x1758S0x187d	[0x1884, [0x1758, nil]]
0x175aS0x187d	[0x1884, [0x175a, nil]]
0x175dS0x187d	[0x1884, [0x175d, nil]]
0x1722S0x187d	[0x1884, [0x1722, nil]]
0x1725S0x187d	[0x1884, [0x1725, nil]]
0x172aS0x187d	[0x1884, [0x172a, nil]]
0x172bS0x187d	[0x1884, [0x172b, nil]]
0xaa8S0x1721S0x187d	[0x1884, [0x1728, [0xaa8, nil]]]
0xaa9S0x1721S0x187d	[0x1884, [0x1728, [0xaa9, nil]]]
0xaabS0x1721S0x187d	[0x1884, [0x1728, [0xaab, nil]]]
0xaadS0x1721S0x187d	[0x1884, [0x1728, [0xaad, nil]]]
0xaafS0x1721S0x187d	[0x1884, [0x1728, [0xaaf, nil]]]
0xab2S0x1721S0x187d	[0x1884, [0x1728, [0xab2, nil]]]
0xab4S0x1721S0x187d	[0x1884, [0x1728, [0xab4, nil]]]
0xab5S0x1721S0x187d	[0x1884, [0x1728, [0xab5, nil]]]
0xab7S0x1721S0x187d	[0x1884, [0x1728, [0xab7, nil]]]
0x266eS0x2682	[0x268d, [0x266e, nil]]
0x2659S0x2682	[0x268d, [0x2659, nil]]
0x2662S0x2682	[0x268d, [0x2662, nil]]
0x2665S0x2682	[0x268d, [0x2665, nil]]
0x2669S0x2682	[0x268d, [0x2669, nil]]
0x1a2bS0x2661S0x2682	[0x268d, [0x266c, [0x1a2b, nil]]]
0x266eS0x268e	[0x269d, [0x266e, nil]]
0x2659S0x268e	[0x269d, [0x2659, nil]]
0x2662S0x268e	[0x269d, [0x2662, nil]]
0x2665S0x268e	[0x269d, [0x2665, nil]]
0x2669S0x268e	[0x269d, [0x2669, nil]]
0x1a2bS0x2661S0x268e	[0x269d, [0x266c, [0x1a2b, nil]]]
0x19d9S0x122	[0x137, [0x19d9, nil]]
0x19dcS0x122	[0x137, [0x19dc, nil]]
0x19cdS0x122	[0x137, [0x19cd, nil]]
0x19ceS0x122	[0x137, [0x19ce, nil]]
0x19d2S0x122	[0x137, [0x19d2, nil]]
0x19d3S0x122	[0x137, [0x19d3, nil]]
0x19d4S0x122	[0x137, [0x19d4, nil]]
0x19d5S0x122	[0x137, [0x19d5, nil]]
0x19e2S0x122	[0x137, [0x19e2, nil]]
0x19e3S0x122	[0x137, [0x19e3, nil]]
0x19e9S0x122	[0x137, [0x19e9, nil]]
0x19eaS0x122	[0x137, [0x19ea, nil]]
0x63fcS0x122	[0x137, [0x1970, nil]]
0x19b9S0x19e1S0x122	[0x137, [0x19ed, [0x19b9, nil]]]
0x19bbS0x19e1S0x122	[0x137, [0x19ed, [0x19bb, nil]]]
0x19beS0x19e1S0x122	[0x137, [0x19ed, [0x19be, nil]]]
0x19c2S0x19e1S0x122	[0x137, [0x19ed, [0x19c2, nil]]]
0x19b2S0x19b8S0x19e1S0x122	[0x137, [0x19ed, [0x19c5, [0x19b2, nil]]]]
0x19adS0x19b8S0x19e1S0x122	[0x137, [0x19ed, [0x19c5, [0x19ad, nil]]]]
0x19aeS0x19b8S0x19e1S0x122	[0x137, [0x19ed, [0x19c5, [0x19ae, nil]]]]
0x1978S0x19b8S0x19e1S0x122	[0x137, [0x19ed, [0x19c5, [0x1978, nil]]]]
0x1979S0x19b8S0x19e1S0x122	[0x137, [0x19ed, [0x19c5, [0x1979, nil]]]]
0x199bS0x19b8S0x19e1S0x122	[0x137, [0x19ed, [0x19c5, [0x199b, nil]]]]
0x19a3S0x19b8S0x19e1S0x122	[0x137, [0x19ed, [0x19c5, [0x19a3, nil]]]]
0x19a7S0x19b8S0x19e1S0x122	[0x137, [0x19ed, [0x19c5, [0x19a7, nil]]]]
0x1a12S0x13d	[0x149, [0x1a12, nil]]
0x1a13S0x13d	[0x149, [0x1a13, nil]]
0x1a16S0x13d	[0x149, [0x1a16, nil]]
0x1a19S0x13d	[0x149, [0x1a19, nil]]
0x1a1cS0x13d	[0x149, [0x1a1c, nil]]
0x1a1eS0x13d	[0x149, [0x1a1e, nil]]
0x1a20S0x13d	[0x149, [0x1a20, nil]]
0x1a03S0x1a11S0x13d	[0x149, [0x1a23, [0x1a03, nil]]]
0x1a07S0x1a11S0x13d	[0x149, [0x1a23, [0x1a07, nil]]]
0x19f8S0x1a02S0x1a11S0x13d	[0x149, [0x1a23, [0x1a0a, [0x19f8, nil]]]]
0x19faS0x1a02S0x1a11S0x13d	[0x149, [0x1a23, [0x1a0a, [0x19fa, nil]]]]
0x19fbS0x1a02S0x1a11S0x13d	[0x149, [0x1a23, [0x1a0a, [0x19fb, nil]]]]
0x1a43S0x167	[0x173, [0x1a43, nil]]
0x1a44S0x167	[0x173, [0x1a44, nil]]
0x1a47S0x167	[0x173, [0x1a47, nil]]
0x1a4aS0x167	[0x173, [0x1a4a, nil]]
0x1a4dS0x167	[0x173, [0x1a4d, nil]]
0x1a4fS0x167	[0x173, [0x1a4f, nil]]
0x1a51S0x167	[0x173, [0x1a51, nil]]
0x1a34S0x1a42S0x167	[0x173, [0x1a54, [0x1a34, nil]]]
0x1a38S0x1a42S0x167	[0x173, [0x1a54, [0x1a38, nil]]]
0x1a2bS0x1a33S0x1a42S0x167	[0x173, [0x1a54, [0x1a3b, [0x1a2b, nil]]]]
0x1a43S0x1a3	[0x1af, [0x1a43, nil]]
0x1a44S0x1a3	[0x1af, [0x1a44, nil]]
0x1a47S0x1a3	[0x1af, [0x1a47, nil]]
0x1a4aS0x1a3	[0x1af, [0x1a4a, nil]]
0x1a4dS0x1a3	[0x1af, [0x1a4d, nil]]
0x1a4fS0x1a3	[0x1af, [0x1a4f, nil]]
0x1a51S0x1a3	[0x1af, [0x1a51, nil]]
0x1a34S0x1a42S0x1a3	[0x1af, [0x1a54, [0x1a34, nil]]]
0x1a38S0x1a42S0x1a3	[0x1af, [0x1a54, [0x1a38, nil]]]
0x1a2bS0x1a33S0x1a42S0x1a3	[0x1af, [0x1a54, [0x1a3b, [0x1a2b, nil]]]]
0x1a12S0x298	[0x2a4, [0x1a12, nil]]
0x1a13S0x298	[0x2a4, [0x1a13, nil]]
0x1a16S0x298	[0x2a4, [0x1a16, nil]]
0x1a19S0x298	[0x2a4, [0x1a19, nil]]
0x1a1cS0x298	[0x2a4, [0x1a1c, nil]]
0x1a1eS0x298	[0x2a4, [0x1a1e, nil]]
0x1a20S0x298	[0x2a4, [0x1a20, nil]]
0x1a03S0x1a11S0x298	[0x2a4, [0x1a23, [0x1a03, nil]]]
0x1a07S0x1a11S0x298	[0x2a4, [0x1a23, [0x1a07, nil]]]
0x19f8S0x1a02S0x1a11S0x298	[0x2a4, [0x1a23, [0x1a0a, [0x19f8, nil]]]]
0x19faS0x1a02S0x1a11S0x298	[0x2a4, [0x1a23, [0x1a0a, [0x19fa, nil]]]]
0x19fbS0x1a02S0x1a11S0x298	[0x2a4, [0x1a23, [0x1a0a, [0x19fb, nil]]]]
0x2102S0x2fc	[0x308, [0x2102, nil]]
0x2103S0x2fc	[0x308, [0x2103, nil]]
0x2106S0x2fc	[0x308, [0x2106, nil]]
0x2109S0x2fc	[0x308, [0x2109, nil]]
0x210cS0x2fc	[0x308, [0x210c, nil]]
0x210eS0x2fc	[0x308, [0x210e, nil]]
0x2110S0x2fc	[0x308, [0x2110, nil]]
0x20f3S0x2101S0x2fc	[0x308, [0x2113, [0x20f3, nil]]]
0x20f7S0x2101S0x2fc	[0x308, [0x2113, [0x20f7, nil]]]
0x1c54S0x20f2S0x2101S0x2fc	[0x308, [0x2113, [0x20fa, [0x1c54, nil]]]]
0x1a12S0x376	[0x382, [0x1a12, nil]]
0x1a13S0x376	[0x382, [0x1a13, nil]]
0x1a16S0x376	[0x382, [0x1a16, nil]]
0x1a19S0x376	[0x382, [0x1a19, nil]]
0x1a1cS0x376	[0x382, [0x1a1c, nil]]
0x1a1eS0x376	[0x382, [0x1a1e, nil]]
0x1a20S0x376	[0x382, [0x1a20, nil]]
0x1a03S0x1a11S0x376	[0x382, [0x1a23, [0x1a03, nil]]]
0x1a07S0x1a11S0x376	[0x382, [0x1a23, [0x1a07, nil]]]
0x19f8S0x1a02S0x1a11S0x376	[0x382, [0x1a23, [0x1a0a, [0x19f8, nil]]]]
0x19faS0x1a02S0x1a11S0x376	[0x382, [0x1a23, [0x1a0a, [0x19fa, nil]]]]
0x19fbS0x1a02S0x1a11S0x376	[0x382, [0x1a23, [0x1a0a, [0x19fb, nil]]]]
0x1a43S0x3a0	[0x3ac, [0x1a43, nil]]
0x1a44S0x3a0	[0x3ac, [0x1a44, nil]]
0x1a47S0x3a0	[0x3ac, [0x1a47, nil]]
0x1a4aS0x3a0	[0x3ac, [0x1a4a, nil]]
0x1a4dS0x3a0	[0x3ac, [0x1a4d, nil]]
0x1a4fS0x3a0	[0x3ac, [0x1a4f, nil]]
0x1a51S0x3a0	[0x3ac, [0x1a51, nil]]
0x1a34S0x1a42S0x3a0	[0x3ac, [0x1a54, [0x1a34, nil]]]
0x1a38S0x1a42S0x3a0	[0x3ac, [0x1a54, [0x1a38, nil]]]
0x1a2bS0x1a33S0x1a42S0x3a0	[0x3ac, [0x1a54, [0x1a3b, [0x1a2b, nil]]]]
0x26beS0x777	[0x7b1, [0x26be, nil]]
0x26bfS0x777	[0x7b1, [0x26bf, nil]]
0x26c2S0x777	[0x7b1, [0x26c2, nil]]
0x26c5S0x777	[0x7b1, [0x26c5, nil]]
0x26c8S0x777	[0x7b1, [0x26c8, nil]]
0x26caS0x777	[0x7b1, [0x26ca, nil]]
0x26ccS0x777	[0x7b1, [0x26cc, nil]]
0x26d1S0x777	[0x7b1, [0x26d1, nil]]
0x26d4S0x777	[0x7b1, [0x26d4, nil]]
0x26d7S0x777	[0x7b1, [0x26d7, nil]]
0x26d9S0x777	[0x7b1, [0x26d9, nil]]
0x26deS0x777	[0x7b1, [0x26de, nil]]
0x26e1S0x777	[0x7b1, [0x26e1, nil]]
0x26e4S0x777	[0x7b1, [0x26e4, nil]]
0x26e6S0x777	[0x7b1, [0x26e6, nil]]
0x26afS0x777	[0x7b1, [0x26af, nil]]
0x26b3S0x777	[0x7b1, [0x26b3, nil]]
0x26ebS0x777	[0x7b1, [0x26eb, nil]]
0x26eeS0x777	[0x7b1, [0x26ee, nil]]
0x26f1S0x777	[0x7b1, [0x26f1, nil]]
0x26f3S0x777	[0x7b1, [0x26f3, nil]]
0x1c87S0x26aeS0x777	[0x7b1, [0x26b6, [0x1c87, nil]]]
0x1c88S0x26aeS0x777	[0x7b1, [0x26b6, [0x1c88, nil]]]
0x1c8bS0x26aeS0x777	[0x7b1, [0x26b6, [0x1c8b, nil]]]
0x1a34S0x26bdS0x777	[0x7b1, [0x26cf, [0x1a34, nil]]]
0x1a38S0x26bdS0x777	[0x7b1, [0x26cf, [0x1a38, nil]]]
0x1a2bS0x1a33S0x26bdS0x777	[0x7b1, [0x26cf, [0x1a3b, [0x1a2b, nil]]]]
0x1a34S0x26ddS0x777	[0x7b1, [0x26e9, [0x1a34, nil]]]
0x1a38S0x26ddS0x777	[0x7b1, [0x26e9, [0x1a38, nil]]]
0x1a2bS0x1a33S0x26ddS0x777	[0x7b1, [0x26e9, [0x1a3b, [0x1a2b, nil]]]]
0x1a34S0x26eaS0x777	[0x7b1, [0x26f6, [0x1a34, nil]]]
0x1a38S0x26eaS0x777	[0x7b1, [0x26f6, [0x1a38, nil]]]
0x1a2bS0x1a33S0x26eaS0x777	[0x7b1, [0x26f6, [0x1a3b, [0x1a2b, nil]]]]
0x2102S0x8ba	[0x916, [0x2102, nil]]
0x2103S0x8ba	[0x916, [0x2103, nil]]
0x2106S0x8ba	[0x916, [0x2106, nil]]
0x2109S0x8ba	[0x916, [0x2109, nil]]
0x210cS0x8ba	[0x916, [0x210c, nil]]
0x210eS0x8ba	[0x916, [0x210e, nil]]
0x2110S0x8ba	[0x916, [0x2110, nil]]
0x20f3S0x2101S0x8ba	[0x916, [0x2113, [0x20f3, nil]]]
0x20f7S0x2101S0x8ba	[0x916, [0x2113, [0x20f7, nil]]]
0x1c54S0x20f2S0x2101S0x8ba	[0x916, [0x2113, [0x20fa, [0x1c54, nil]]]]
0x2102S0xa53	[0xa99, [0x2102, nil]]
0x2103S0xa53	[0xa99, [0x2103, nil]]
0x2106S0xa53	[0xa99, [0x2106, nil]]
0x2109S0xa53	[0xa99, [0x2109, nil]]
0x210cS0xa53	[0xa99, [0x210c, nil]]
0x210eS0xa53	[0xa99, [0x210e, nil]]
0x2110S0xa53	[0xa99, [0x2110, nil]]
0x20f3S0x2101S0xa53	[0xa99, [0x2113, [0x20f3, nil]]]
0x20f7S0x2101S0xa53	[0xa99, [0x2113, [0x20f7, nil]]]
0x1c54S0x20f2S0x2101S0xa53	[0xa99, [0x2113, [0x20fa, [0x1c54, nil]]]]
0x2102S0xbc2	[0xc22, [0x2102, nil]]
0x2103S0xbc2	[0xc22, [0x2103, nil]]
0x2106S0xbc2	[0xc22, [0x2106, nil]]
0x2109S0xbc2	[0xc22, [0x2109, nil]]
0x210cS0xbc2	[0xc22, [0x210c, nil]]
0x210eS0xbc2	[0xc22, [0x210e, nil]]
0x2110S0xbc2	[0xc22, [0x2110, nil]]
0x20f3S0x2101S0xbc2	[0xc22, [0x2113, [0x20f3, nil]]]
0x20f7S0x2101S0xbc2	[0xc22, [0x2113, [0x20f7, nil]]]
0x1c54S0x20f2S0x2101S0xbc2	[0xc22, [0x2113, [0x20fa, [0x1c54, nil]]]]
0x2102S0xe5a	[0xeb6, [0x2102, nil]]
0x2103S0xe5a	[0xeb6, [0x2103, nil]]
0x2106S0xe5a	[0xeb6, [0x2106, nil]]
0x2109S0xe5a	[0xeb6, [0x2109, nil]]
0x210cS0xe5a	[0xeb6, [0x210c, nil]]
0x210eS0xe5a	[0xeb6, [0x210e, nil]]
0x2110S0xe5a	[0xeb6, [0x2110, nil]]
0x20f3S0x2101S0xe5a	[0xeb6, [0x2113, [0x20f3, nil]]]
0x20f7S0x2101S0xe5a	[0xeb6, [0x2113, [0x20f7, nil]]]
0x1c54S0x20f2S0x2101S0xe5a	[0xeb6, [0x2113, [0x20fa, [0x1c54, nil]]]]
0x1a92S0x188	[0x19d, [0x1a92, nil]]
0x1a95S0x188	[0x19d, [0x1a95, nil]]
0x1a86S0x188	[0x19d, [0x1a86, nil]]
0x1a87S0x188	[0x19d, [0x1a87, nil]]
0x1a8bS0x188	[0x19d, [0x1a8b, nil]]
0x1a8cS0x188	[0x19d, [0x1a8c, nil]]
0x1a8dS0x188	[0x19d, [0x1a8d, nil]]
0x1a8eS0x188	[0x19d, [0x1a8e, nil]]
0x1a9bS0x188	[0x19d, [0x1a9b, nil]]
0x1a9cS0x188	[0x19d, [0x1a9c, nil]]
0x1aa2S0x188	[0x19d, [0x1aa2, nil]]
0x1aa3S0x188	[0x19d, [0x1aa3, nil]]
0x641fS0x188	[0x19d, [0x1970, nil]]
0x1a72S0x1a9aS0x188	[0x19d, [0x1aa6, [0x1a72, nil]]]
0x1a74S0x1a9aS0x188	[0x19d, [0x1aa6, [0x1a74, nil]]]
0x1a77S0x1a9aS0x188	[0x19d, [0x1aa6, [0x1a77, nil]]]
0x1a7bS0x1a9aS0x188	[0x19d, [0x1aa6, [0x1a7b, nil]]]
0x1a6bS0x1a71S0x1a9aS0x188	[0x19d, [0x1aa6, [0x1a7e, [0x1a6b, nil]]]]
0x1a66S0x1a71S0x1a9aS0x188	[0x19d, [0x1aa6, [0x1a7e, [0x1a66, nil]]]]
0x1a67S0x1a71S0x1a9aS0x188	[0x19d, [0x1aa6, [0x1a7e, [0x1a67, nil]]]]
0x1a5cS0x1a71S0x1a9aS0x188	[0x19d, [0x1aa6, [0x1a7e, [0x1a5c, nil]]]]
0x1a60S0x1a71S0x1a9aS0x188	[0x19d, [0x1aa6, [0x1a7e, [0x1a60, nil]]]]
0x1a2bS0x1a5bS0x1a71S0x1a9aS0x188	[0x19d, [0x1aa6, [0x1a7e, [0x1a63, [0x1a2b, nil]]]]]
0x1fcaS0x245	[0x252, [0x1fca, nil]]
0x1fcbS0x245	[0x252, [0x1fcb, nil]]
0x1fceS0x245	[0x252, [0x1fce, nil]]
0x1fd3S0x245	[0x252, [0x1fd3, nil]]
0x1fd4S0x245	[0x252, [0x1fd4, nil]]
0x1fd6S0x245	[0x252, [0x1fd6, nil]]
0x1fd8S0x245	[0x252, [0x1fd8, nil]]
0x1fddS0x245	[0x252, [0x1fdd, nil]]
0x1fe6S0x245	[0x252, [0x1fe6, nil]]
0x1fe7S0x245	[0x252, [0x1fe7, nil]]
0x1feaS0x245	[0x252, [0x1fea, nil]]
0x1fecS0x245	[0x252, [0x1fec, nil]]
0x1ff1S0x245	[0x252, [0x1ff1, nil]]
0x1e11S0x1fc9S0x245	[0x252, [0x1fe0, [0x1e11, nil]]]
0x1e14S0x1fc9S0x245	[0x252, [0x1fe0, [0x1e14, nil]]]
0x1df7S0x1fc9S0x245	[0x252, [0x1fe0, [0x1df7, nil]]]
0x1dfbS0x1fc9S0x245	[0x252, [0x1fe0, [0x1dfb, nil]]]
0x1e33S0x1fc9S0x245	[0x252, [0x1fe0, [0x1e33, nil]]]
0x1e38S0x1fc9S0x245	[0x252, [0x1fe0, [0x1e38, nil]]]
0x1dceS0x1fc9S0x245	[0x252, [0x1fe0, [0x1dce, nil]]]
0x1dd0S0x1fc9S0x245	[0x252, [0x1fe0, [0x1dd0, nil]]]
0x1e3fS0x1fc9S0x245	[0x252, [0x1fe0, [0x1e3f, nil]]]
0x1e43S0x1fc9S0x245	[0x252, [0x1fe0, [0x1e43, nil]]]
0x1dd8S0x1fc9S0x245	[0x252, [0x1fe0, [0x1dd8, nil]]]
0x1ddcS0x1fc9S0x245	[0x252, [0x1fe0, [0x1ddc, nil]]]
0x1ddfS0x1fc9S0x245	[0x252, [0x1fe0, [0x1ddf, nil]]]
0x1e49S0x1fc9S0x245	[0x252, [0x1fe0, [0x1e49, nil]]]
0x1de8S0x1fc9S0x245	[0x252, [0x1fe0, [0x1de8, nil]]]
0x1decS0x1fc9S0x245	[0x252, [0x1fe0, [0x1dec, nil]]]
0x1defS0x1fc9S0x245	[0x252, [0x1fe0, [0x1def, nil]]]
0x1e61S0x1fc9S0x245	[0x252, [0x1fe0, [0x1e61, nil]]]
0x1e65S0x1fc9S0x245	[0x252, [0x1fe0, [0x1e65, nil]]]
0x1e06S0x1fc9S0x245	[0x252, [0x1fe0, [0x1e06, nil]]]
0x1e07S0x1fc9S0x245	[0x252, [0x1fe0, [0x1e07, nil]]]
0x1e0cS0x1fc9S0x245	[0x252, [0x1fe0, [0x1e0c, nil]]]
0x1e6dS0x1fc9S0x245	[0x252, [0x1fe0, [0x1e6d, nil]]]
0x1e70S0x1fc9S0x245	[0x252, [0x1fe0, [0x1e70, nil]]]
0x1e73S0x1fc9S0x245	[0x252, [0x1fe0, [0x1e73, nil]]]
0x1e1dS0x1fc9S0x245	[0x252, [0x1fe0, [0x1e1d, nil]]]
0x1e1eS0x1fc9S0x245	[0x252, [0x1fe0, [0x1e1e, nil]]]
0x1e21S0x1fc9S0x245	[0x252, [0x1fe0, [0x1e21, nil]]]
0x1e4dS0x1fc9S0x245	[0x252, [0x1fe0, [0x1e4d, nil]]]
0x1e4eS0x1fc9S0x245	[0x252, [0x1fe0, [0x1e4e, nil]]]
0x1e4fS0x1fc9S0x245	[0x252, [0x1fe0, [0x1e4f, nil]]]
0x1e29S0x1fc9S0x245	[0x252, [0x1fe0, [0x1e29, nil]]]
0x1e2aS0x1fc9S0x245	[0x252, [0x1fe0, [0x1e2a, nil]]]
0x1e2eS0x1fc9S0x245	[0x252, [0x1fe0, [0x1e2e, nil]]]
0x1e54S0x1fc9S0x245	[0x252, [0x1fe0, [0x1e54, nil]]]
0x1e55S0x1fc9S0x245	[0x252, [0x1fe0, [0x1e55, nil]]]
0x1e5aS0x1fc9S0x245	[0x252, [0x1fe0, [0x1e5a, nil]]]
0x19f8S0x1df6S0x1fc9S0x245	[0x252, [0x1fe0, [0x1dfe, [0x19f8, nil]]]]
0x19faS0x1df6S0x1fc9S0x245	[0x252, [0x1fe0, [0x1dfe, [0x19fa, nil]]]]
0x19fbS0x1df6S0x1fc9S0x245	[0x252, [0x1fe0, [0x1dfe, [0x19fb, nil]]]]
0x1f61S0x1fe1S0x245	[0x252, [0x1ff4, [0x1f61, nil]]]
0x1f66S0x1fe1S0x245	[0x252, [0x1ff4, [0x1f66, nil]]]
0x1e85S0x1fe1S0x245	[0x252, [0x1ff4, [0x1e85, nil]]]
0x1e87S0x1fe1S0x245	[0x252, [0x1ff4, [0x1e87, nil]]]
0x1f6eS0x1fe1S0x245	[0x252, [0x1ff4, [0x1f6e, nil]]]
0x1f71S0x1fe1S0x245	[0x252, [0x1ff4, [0x1f71, nil]]]
0x1f73S0x1fe1S0x245	[0x252, [0x1ff4, [0x1f73, nil]]]
0x1f74S0x1fe1S0x245	[0x252, [0x1ff4, [0x1f74, nil]]]
0x1f78S0x1fe1S0x245	[0x252, [0x1ff4, [0x1f78, nil]]]
0x1f7eS0x1fe1S0x245	[0x252, [0x1ff4, [0x1f7e, nil]]]
0x1e9fS0x1fe1S0x245	[0x252, [0x1ff4, [0x1e9f, nil]]]
0x1ea3S0x1fe1S0x245	[0x252, [0x1ff4, [0x1ea3, nil]]]
0x1ea6S0x1fe1S0x245	[0x252, [0x1ff4, [0x1ea6, nil]]]
0x1f9bS0x1fe1S0x245	[0x252, [0x1ff4, [0x1f9b, nil]]]
0x1f9fS0x1fe1S0x245	[0x252, [0x1ff4, [0x1f9f, nil]]]
0x1fa6S0x1fe1S0x245	[0x252, [0x1ff4, [0x1fa6, nil]]]
0x1fa9S0x1fe1S0x245	[0x252, [0x1ff4, [0x1fa9, nil]]]
0x1fadS0x1fe1S0x245	[0x252, [0x1ff4, [0x1fad, nil]]]
0x1fb0S0x1fe1S0x245	[0x252, [0x1ff4, [0x1fb0, nil]]]
0x1fb3S0x1fe1S0x245	[0x252, [0x1ff4, [0x1fb3, nil]]]
0x1f4bS0x1fe1S0x245	[0x252, [0x1ff4, [0x1f4b, nil]]]
0x1f4cS0x1fe1S0x245	[0x252, [0x1ff4, [0x1f4c, nil]]]
0x1f4fS0x1fe1S0x245	[0x252, [0x1ff4, [0x1f4f, nil]]]
0x1f82S0x1fe1S0x245	[0x252, [0x1ff4, [0x1f82, nil]]]
0x1f83S0x1fe1S0x245	[0x252, [0x1ff4, [0x1f83, nil]]]
0x1f84S0x1fe1S0x245	[0x252, [0x1ff4, [0x1f84, nil]]]
0x1f57S0x1fe1S0x245	[0x252, [0x1ff4, [0x1f57, nil]]]
0x1f58S0x1fe1S0x245	[0x252, [0x1ff4, [0x1f58, nil]]]
0x1f5cS0x1fe1S0x245	[0x252, [0x1ff4, [0x1f5c, nil]]]
0x1f8aS0x1fe1S0x245	[0x252, [0x1ff4, [0x1f8a, nil]]]
0x1f8eS0x1fe1S0x245	[0x252, [0x1ff4, [0x1f8e, nil]]]
0x1f8fS0x1fe1S0x245	[0x252, [0x1ff4, [0x1f8f, nil]]]
0x1f94S0x1fe1S0x245	[0x252, [0x1ff4, [0x1f94, nil]]]
0x1e8fS0x1f60S0x1fe1S0x245	[0x252, [0x1ff4, [0x1f69, [0x1e8f, nil]]]]
0x1e93S0x1f60S0x1fe1S0x245	[0x252, [0x1ff4, [0x1f69, [0x1e93, nil]]]]
0x1e96S0x1f60S0x1fe1S0x245	[0x252, [0x1ff4, [0x1f69, [0x1e96, nil]]]]
0x1f0aS0x1f88S0x1fe1S0x245	[0x252, [0x1ff4, [0x1f97, [0x1f0a, nil]]]]
0x1f0fS0x1f88S0x1fe1S0x245	[0x252, [0x1ff4, [0x1f97, [0x1f0f, nil]]]]
0x1f16S0x1f88S0x1fe1S0x245	[0x252, [0x1ff4, [0x1f97, [0x1f16, nil]]]]
0x1f1bS0x1f88S0x1fe1S0x245	[0x252, [0x1ff4, [0x1f97, [0x1f1b, nil]]]]
0x1f1eS0x1f88S0x1fe1S0x245	[0x252, [0x1ff4, [0x1f97, [0x1f1e, nil]]]]
0x1f1fS0x1f88S0x1fe1S0x245	[0x252, [0x1ff4, [0x1f97, [0x1f1f, nil]]]]
0x1f24S0x1f88S0x1fe1S0x245	[0x252, [0x1ff4, [0x1f97, [0x1f24, nil]]]]
0x1f28S0x1f88S0x1fe1S0x245	[0x252, [0x1ff4, [0x1f97, [0x1f28, nil]]]]
0x1f2eS0x1f88S0x1fe1S0x245	[0x252, [0x1ff4, [0x1f97, [0x1f2e, nil]]]]
0x1f00S0x1f88S0x1fe1S0x245	[0x252, [0x1ff4, [0x1f97, [0x1f00, nil]]]]
0x1f01S0x1f88S0x1fe1S0x245	[0x252, [0x1ff4, [0x1f97, [0x1f01, nil]]]]
0x1f05S0x1f88S0x1fe1S0x245	[0x252, [0x1ff4, [0x1f97, [0x1f05, nil]]]]
0x1f38S0x1f88S0x1fe1S0x245	[0x252, [0x1ff4, [0x1f97, [0x1f38, nil]]]]
0x1f39S0x1f88S0x1fe1S0x245	[0x252, [0x1ff4, [0x1f97, [0x1f39, nil]]]]
0x1f3eS0x1f88S0x1fe1S0x245	[0x252, [0x1ff4, [0x1f97, [0x1f3e, nil]]]]
0x1eb8S0x1f09S0x1f88S0x1fe1S0x245	[0x252, [0x1ff4, [0x1f97, [0x1f12, [0x1eb8, nil]]]]]
0x1ebcS0x1f09S0x1f88S0x1fe1S0x245	[0x252, [0x1ff4, [0x1f97, [0x1f12, [0x1ebc, nil]]]]]
0x1ebfS0x1f09S0x1f88S0x1fe1S0x245	[0x252, [0x1ff4, [0x1f97, [0x1f12, [0x1ebf, nil]]]]]
0x1ee5S0x1f13S0x1f88S0x1fe1S0x245	[0x252, [0x1ff4, [0x1f97, [0x1f22, [0x1ee5, nil]]]]]
0x1ee8S0x1f13S0x1f88S0x1fe1S0x245	[0x252, [0x1ff4, [0x1f97, [0x1f22, [0x1ee8, nil]]]]]
0x1eccS0x1f13S0x1f88S0x1fe1S0x245	[0x252, [0x1ff4, [0x1f97, [0x1f22, [0x1ecc, nil]]]]]
0x1ecdS0x1f13S0x1f88S0x1fe1S0x245	[0x252, [0x1ff4, [0x1f97, [0x1f22, [0x1ecd, nil]]]]]
0x1eceS0x1f13S0x1f88S0x1fe1S0x245	[0x252, [0x1ff4, [0x1f97, [0x1f22, [0x1ece, nil]]]]]
0x1ec8S0x1f13S0x1f88S0x1fe1S0x245	[0x252, [0x1ff4, [0x1f97, [0x1f22, [0x1ec8, nil]]]]]
0x1ed4S0x1f13S0x1f88S0x1fe1S0x245	[0x252, [0x1ff4, [0x1f97, [0x1f22, [0x1ed4, nil]]]]]
0x1ed5S0x1f13S0x1f88S0x1fe1S0x245	[0x252, [0x1ff4, [0x1f97, [0x1f22, [0x1ed5, nil]]]]]
0x1ed8S0x1f13S0x1f88S0x1fe1S0x245	[0x252, [0x1ff4, [0x1f97, [0x1f22, [0x1ed8, nil]]]]]
0x1edaS0x1f13S0x1f88S0x1fe1S0x245	[0x252, [0x1ff4, [0x1f97, [0x1f22, [0x1eda, nil]]]]]
0x1eddS0x1f13S0x1f88S0x1fe1S0x245	[0x252, [0x1ff4, [0x1f97, [0x1f22, [0x1edd, nil]]]]]
0x1ee0S0x1f13S0x1f88S0x1fe1S0x245	[0x252, [0x1ff4, [0x1f97, [0x1f22, [0x1ee0, nil]]]]]
0x1ef0S0x1f23S0x1f88S0x1fe1S0x245	[0x252, [0x1ff4, [0x1f97, [0x1f2b, [0x1ef0, nil]]]]]
0x1ef1S0x1f23S0x1f88S0x1fe1S0x245	[0x252, [0x1ff4, [0x1f97, [0x1f2b, [0x1ef1, nil]]]]]
0x1ef3S0x1f23S0x1f88S0x1fe1S0x245	[0x252, [0x1ff4, [0x1f97, [0x1f2b, [0x1ef3, nil]]]]]
0x1ef4S0x1f23S0x1f88S0x1fe1S0x245	[0x252, [0x1ff4, [0x1f97, [0x1f2b, [0x1ef4, nil]]]]]
0x1ef7S0x1f23S0x1f88S0x1fe1S0x245	[0x252, [0x1ff4, [0x1f97, [0x1f2b, [0x1ef7, nil]]]]]
0x1ef8S0x1f23S0x1f88S0x1fe1S0x245	[0x252, [0x1ff4, [0x1f97, [0x1f2b, [0x1ef8, nil]]]]]
0x1eaeS0x1effS0x1f88S0x1fe1S0x245	[0x252, [0x1ff4, [0x1f97, [0x1f08, [0x1eae, nil]]]]]
0x1eb0S0x1effS0x1f88S0x1fe1S0x245	[0x252, [0x1ff4, [0x1f97, [0x1f08, [0x1eb0, nil]]]]]
0x1fcaS0x404	[0x411, [0x1fca, nil]]
0x1fcbS0x404	[0x411, [0x1fcb, nil]]
0x1fceS0x404	[0x411, [0x1fce, nil]]
0x1fd3S0x404	[0x411, [0x1fd3, nil]]
0x1fd4S0x404	[0x411, [0x1fd4, nil]]
0x1fd6S0x404	[0x411, [0x1fd6, nil]]
0x1fd8S0x404	[0x411, [0x1fd8, nil]]
0x1fddS0x404	[0x411, [0x1fdd, nil]]
0x1fe6S0x404	[0x411, [0x1fe6, nil]]
0x1fe7S0x404	[0x411, [0x1fe7, nil]]
0x1feaS0x404	[0x411, [0x1fea, nil]]
0x1fecS0x404	[0x411, [0x1fec, nil]]
0x1ff1S0x404	[0x411, [0x1ff1, nil]]
0x1e11S0x1fc9S0x404	[0x411, [0x1fe0, [0x1e11, nil]]]
0x1e14S0x1fc9S0x404	[0x411, [0x1fe0, [0x1e14, nil]]]
0x1df7S0x1fc9S0x404	[0x411, [0x1fe0, [0x1df7, nil]]]
0x1dfbS0x1fc9S0x404	[0x411, [0x1fe0, [0x1dfb, nil]]]
0x1e33S0x1fc9S0x404	[0x411, [0x1fe0, [0x1e33, nil]]]
0x1e38S0x1fc9S0x404	[0x411, [0x1fe0, [0x1e38, nil]]]
0x1dceS0x1fc9S0x404	[0x411, [0x1fe0, [0x1dce, nil]]]
0x1dd0S0x1fc9S0x404	[0x411, [0x1fe0, [0x1dd0, nil]]]
0x1e3fS0x1fc9S0x404	[0x411, [0x1fe0, [0x1e3f, nil]]]
0x1e43S0x1fc9S0x404	[0x411, [0x1fe0, [0x1e43, nil]]]
0x1dd8S0x1fc9S0x404	[0x411, [0x1fe0, [0x1dd8, nil]]]
0x1ddcS0x1fc9S0x404	[0x411, [0x1fe0, [0x1ddc, nil]]]
0x1ddfS0x1fc9S0x404	[0x411, [0x1fe0, [0x1ddf, nil]]]
0x1e49S0x1fc9S0x404	[0x411, [0x1fe0, [0x1e49, nil]]]
0x1de8S0x1fc9S0x404	[0x411, [0x1fe0, [0x1de8, nil]]]
0x1decS0x1fc9S0x404	[0x411, [0x1fe0, [0x1dec, nil]]]
0x1defS0x1fc9S0x404	[0x411, [0x1fe0, [0x1def, nil]]]
0x1e61S0x1fc9S0x404	[0x411, [0x1fe0, [0x1e61, nil]]]
0x1e65S0x1fc9S0x404	[0x411, [0x1fe0, [0x1e65, nil]]]
0x1e06S0x1fc9S0x404	[0x411, [0x1fe0, [0x1e06, nil]]]
0x1e07S0x1fc9S0x404	[0x411, [0x1fe0, [0x1e07, nil]]]
0x1e0cS0x1fc9S0x404	[0x411, [0x1fe0, [0x1e0c, nil]]]
0x1e6dS0x1fc9S0x404	[0x411, [0x1fe0, [0x1e6d, nil]]]
0x1e70S0x1fc9S0x404	[0x411, [0x1fe0, [0x1e70, nil]]]
0x1e73S0x1fc9S0x404	[0x411, [0x1fe0, [0x1e73, nil]]]
0x1e1dS0x1fc9S0x404	[0x411, [0x1fe0, [0x1e1d, nil]]]
0x1e1eS0x1fc9S0x404	[0x411, [0x1fe0, [0x1e1e, nil]]]
0x1e21S0x1fc9S0x404	[0x411, [0x1fe0, [0x1e21, nil]]]
0x1e4dS0x1fc9S0x404	[0x411, [0x1fe0, [0x1e4d, nil]]]
0x1e4eS0x1fc9S0x404	[0x411, [0x1fe0, [0x1e4e, nil]]]
0x1e4fS0x1fc9S0x404	[0x411, [0x1fe0, [0x1e4f, nil]]]
0x1e29S0x1fc9S0x404	[0x411, [0x1fe0, [0x1e29, nil]]]
0x1e2aS0x1fc9S0x404	[0x411, [0x1fe0, [0x1e2a, nil]]]
0x1e2eS0x1fc9S0x404	[0x411, [0x1fe0, [0x1e2e, nil]]]
0x1e54S0x1fc9S0x404	[0x411, [0x1fe0, [0x1e54, nil]]]
0x1e55S0x1fc9S0x404	[0x411, [0x1fe0, [0x1e55, nil]]]
0x1e5aS0x1fc9S0x404	[0x411, [0x1fe0, [0x1e5a, nil]]]
0x19f8S0x1df6S0x1fc9S0x404	[0x411, [0x1fe0, [0x1dfe, [0x19f8, nil]]]]
0x19faS0x1df6S0x1fc9S0x404	[0x411, [0x1fe0, [0x1dfe, [0x19fa, nil]]]]
0x19fbS0x1df6S0x1fc9S0x404	[0x411, [0x1fe0, [0x1dfe, [0x19fb, nil]]]]
0x1f61S0x1fe1S0x404	[0x411, [0x1ff4, [0x1f61, nil]]]
0x1f66S0x1fe1S0x404	[0x411, [0x1ff4, [0x1f66, nil]]]
0x1e85S0x1fe1S0x404	[0x411, [0x1ff4, [0x1e85, nil]]]
0x1e87S0x1fe1S0x404	[0x411, [0x1ff4, [0x1e87, nil]]]
0x1f6eS0x1fe1S0x404	[0x411, [0x1ff4, [0x1f6e, nil]]]
0x1f71S0x1fe1S0x404	[0x411, [0x1ff4, [0x1f71, nil]]]
0x1f73S0x1fe1S0x404	[0x411, [0x1ff4, [0x1f73, nil]]]
0x1f74S0x1fe1S0x404	[0x411, [0x1ff4, [0x1f74, nil]]]
0x1f78S0x1fe1S0x404	[0x411, [0x1ff4, [0x1f78, nil]]]
0x1f7eS0x1fe1S0x404	[0x411, [0x1ff4, [0x1f7e, nil]]]
0x1e9fS0x1fe1S0x404	[0x411, [0x1ff4, [0x1e9f, nil]]]
0x1ea3S0x1fe1S0x404	[0x411, [0x1ff4, [0x1ea3, nil]]]
0x1ea6S0x1fe1S0x404	[0x411, [0x1ff4, [0x1ea6, nil]]]
0x1f9bS0x1fe1S0x404	[0x411, [0x1ff4, [0x1f9b, nil]]]
0x1f9fS0x1fe1S0x404	[0x411, [0x1ff4, [0x1f9f, nil]]]
0x1fa6S0x1fe1S0x404	[0x411, [0x1ff4, [0x1fa6, nil]]]
0x1fa9S0x1fe1S0x404	[0x411, [0x1ff4, [0x1fa9, nil]]]
0x1fadS0x1fe1S0x404	[0x411, [0x1ff4, [0x1fad, nil]]]
0x1fb0S0x1fe1S0x404	[0x411, [0x1ff4, [0x1fb0, nil]]]
0x1fb3S0x1fe1S0x404	[0x411, [0x1ff4, [0x1fb3, nil]]]
0x1f4bS0x1fe1S0x404	[0x411, [0x1ff4, [0x1f4b, nil]]]
0x1f4cS0x1fe1S0x404	[0x411, [0x1ff4, [0x1f4c, nil]]]
0x1f4fS0x1fe1S0x404	[0x411, [0x1ff4, [0x1f4f, nil]]]
0x1f82S0x1fe1S0x404	[0x411, [0x1ff4, [0x1f82, nil]]]
0x1f83S0x1fe1S0x404	[0x411, [0x1ff4, [0x1f83, nil]]]
0x1f84S0x1fe1S0x404	[0x411, [0x1ff4, [0x1f84, nil]]]
0x1f57S0x1fe1S0x404	[0x411, [0x1ff4, [0x1f57, nil]]]
0x1f58S0x1fe1S0x404	[0x411, [0x1ff4, [0x1f58, nil]]]
0x1f5cS0x1fe1S0x404	[0x411, [0x1ff4, [0x1f5c, nil]]]
0x1f8aS0x1fe1S0x404	[0x411, [0x1ff4, [0x1f8a, nil]]]
0x1f8eS0x1fe1S0x404	[0x411, [0x1ff4, [0x1f8e, nil]]]
0x1f8fS0x1fe1S0x404	[0x411, [0x1ff4, [0x1f8f, nil]]]
0x1f94S0x1fe1S0x404	[0x411, [0x1ff4, [0x1f94, nil]]]
0x1e8fS0x1f60S0x1fe1S0x404	[0x411, [0x1ff4, [0x1f69, [0x1e8f, nil]]]]
0x1e93S0x1f60S0x1fe1S0x404	[0x411, [0x1ff4, [0x1f69, [0x1e93, nil]]]]
0x1e96S0x1f60S0x1fe1S0x404	[0x411, [0x1ff4, [0x1f69, [0x1e96, nil]]]]
0x1f0aS0x1f88S0x1fe1S0x404	[0x411, [0x1ff4, [0x1f97, [0x1f0a, nil]]]]
0x1f0fS0x1f88S0x1fe1S0x404	[0x411, [0x1ff4, [0x1f97, [0x1f0f, nil]]]]
0x1f16S0x1f88S0x1fe1S0x404	[0x411, [0x1ff4, [0x1f97, [0x1f16, nil]]]]
0x1f1bS0x1f88S0x1fe1S0x404	[0x411, [0x1ff4, [0x1f97, [0x1f1b, nil]]]]
0x1f1eS0x1f88S0x1fe1S0x404	[0x411, [0x1ff4, [0x1f97, [0x1f1e, nil]]]]
0x1f1fS0x1f88S0x1fe1S0x404	[0x411, [0x1ff4, [0x1f97, [0x1f1f, nil]]]]
0x1f24S0x1f88S0x1fe1S0x404	[0x411, [0x1ff4, [0x1f97, [0x1f24, nil]]]]
0x1f28S0x1f88S0x1fe1S0x404	[0x411, [0x1ff4, [0x1f97, [0x1f28, nil]]]]
0x1f2eS0x1f88S0x1fe1S0x404	[0x411, [0x1ff4, [0x1f97, [0x1f2e, nil]]]]
0x1f00S0x1f88S0x1fe1S0x404	[0x411, [0x1ff4, [0x1f97, [0x1f00, nil]]]]
0x1f01S0x1f88S0x1fe1S0x404	[0x411, [0x1ff4, [0x1f97, [0x1f01, nil]]]]
0x1f05S0x1f88S0x1fe1S0x404	[0x411, [0x1ff4, [0x1f97, [0x1f05, nil]]]]
0x1f38S0x1f88S0x1fe1S0x404	[0x411, [0x1ff4, [0x1f97, [0x1f38, nil]]]]
0x1f39S0x1f88S0x1fe1S0x404	[0x411, [0x1ff4, [0x1f97, [0x1f39, nil]]]]
0x1f3eS0x1f88S0x1fe1S0x404	[0x411, [0x1ff4, [0x1f97, [0x1f3e, nil]]]]
0x1eb8S0x1f09S0x1f88S0x1fe1S0x404	[0x411, [0x1ff4, [0x1f97, [0x1f12, [0x1eb8, nil]]]]]
0x1ebcS0x1f09S0x1f88S0x1fe1S0x404	[0x411, [0x1ff4, [0x1f97, [0x1f12, [0x1ebc, nil]]]]]
0x1ebfS0x1f09S0x1f88S0x1fe1S0x404	[0x411, [0x1ff4, [0x1f97, [0x1f12, [0x1ebf, nil]]]]]
0x1ee5S0x1f13S0x1f88S0x1fe1S0x404	[0x411, [0x1ff4, [0x1f97, [0x1f22, [0x1ee5, nil]]]]]
0x1ee8S0x1f13S0x1f88S0x1fe1S0x404	[0x411, [0x1ff4, [0x1f97, [0x1f22, [0x1ee8, nil]]]]]
0x1eccS0x1f13S0x1f88S0x1fe1S0x404	[0x411, [0x1ff4, [0x1f97, [0x1f22, [0x1ecc, nil]]]]]
0x1ecdS0x1f13S0x1f88S0x1fe1S0x404	[0x411, [0x1ff4, [0x1f97, [0x1f22, [0x1ecd, nil]]]]]
0x1eceS0x1f13S0x1f88S0x1fe1S0x404	[0x411, [0x1ff4, [0x1f97, [0x1f22, [0x1ece, nil]]]]]
0x1ec8S0x1f13S0x1f88S0x1fe1S0x404	[0x411, [0x1ff4, [0x1f97, [0x1f22, [0x1ec8, nil]]]]]
0x1ed4S0x1f13S0x1f88S0x1fe1S0x404	[0x411, [0x1ff4, [0x1f97, [0x1f22, [0x1ed4, nil]]]]]
0x1ed5S0x1f13S0x1f88S0x1fe1S0x404	[0x411, [0x1ff4, [0x1f97, [0x1f22, [0x1ed5, nil]]]]]
0x1ed8S0x1f13S0x1f88S0x1fe1S0x404	[0x411, [0x1ff4, [0x1f97, [0x1f22, [0x1ed8, nil]]]]]
0x1edaS0x1f13S0x1f88S0x1fe1S0x404	[0x411, [0x1ff4, [0x1f97, [0x1f22, [0x1eda, nil]]]]]
0x1eddS0x1f13S0x1f88S0x1fe1S0x404	[0x411, [0x1ff4, [0x1f97, [0x1f22, [0x1edd, nil]]]]]
0x1ee0S0x1f13S0x1f88S0x1fe1S0x404	[0x411, [0x1ff4, [0x1f97, [0x1f22, [0x1ee0, nil]]]]]
0x1ef0S0x1f23S0x1f88S0x1fe1S0x404	[0x411, [0x1ff4, [0x1f97, [0x1f2b, [0x1ef0, nil]]]]]
0x1ef1S0x1f23S0x1f88S0x1fe1S0x404	[0x411, [0x1ff4, [0x1f97, [0x1f2b, [0x1ef1, nil]]]]]
0x1ef3S0x1f23S0x1f88S0x1fe1S0x404	[0x411, [0x1ff4, [0x1f97, [0x1f2b, [0x1ef3, nil]]]]]
0x1ef4S0x1f23S0x1f88S0x1fe1S0x404	[0x411, [0x1ff4, [0x1f97, [0x1f2b, [0x1ef4, nil]]]]]
0x1ef7S0x1f23S0x1f88S0x1fe1S0x404	[0x411, [0x1ff4, [0x1f97, [0x1f2b, [0x1ef7, nil]]]]]
0x1ef8S0x1f23S0x1f88S0x1fe1S0x404	[0x411, [0x1ff4, [0x1f97, [0x1f2b, [0x1ef8, nil]]]]]
0x1eaeS0x1effS0x1f88S0x1fe1S0x404	[0x411, [0x1ff4, [0x1f97, [0x1f08, [0x1eae, nil]]]]]
0x1eb0S0x1effS0x1f88S0x1fe1S0x404	[0x411, [0x1ff4, [0x1f97, [0x1f08, [0x1eb0, nil]]]]]
0xee6S0x3ff	[0x403, [0xee6, nil]]
0xee8S0x3ff	[0x403, [0xee8, nil]]
0xee9S0x3ff	[0x403, [0xee9, nil]]
0xf0cS0x3ff	[0x403, [0xf0c, nil]]
0xf0eS0x3ff	[0x403, [0xf0e, nil]]
0xf0fS0x3ff	[0x403, [0xf0f, nil]]
0xf13S0x3ff	[0x403, [0xf13, nil]]
0xf2eS0x3ff	[0x403, [0xf2e, nil]]
0xf30S0x3ff	[0x403, [0xf30, nil]]
0xf31S0x3ff	[0x403, [0xf31, nil]]
0xf54S0x3ff	[0x403, [0xf54, nil]]
0xf56S0x3ff	[0x403, [0xf56, nil]]
0xf57S0x3ff	[0x403, [0xf57, nil]]
0xf5bS0x3ff	[0x403, [0xf5b, nil]]
0xf75S0x3ff	[0x403, [0xf75, nil]]
0xf77S0x3ff	[0x403, [0xf77, nil]]
0xf78S0x3ff	[0x403, [0xf78, nil]]
0xf9bS0x3ff	[0x403, [0xf9b, nil]]
0xf9dS0x3ff	[0x403, [0xf9d, nil]]
0xf9eS0x3ff	[0x403, [0xf9e, nil]]
0xfa2S0x3ff	[0x403, [0xfa2, nil]]
0xfc4S0x3ff	[0x403, [0xfc4, nil]]
0xfc7S0x3ff	[0x403, [0xfc7, nil]]
0x1012S0x3ff	[0x403, [0x1012, nil]]
0x1015S0x3ff	[0x403, [0x1015, nil]]
0x105eS0x3ff	[0x403, [0x105e, nil]]
0x105fS0x3ff	[0x403, [0x105f, nil]]
0x1074S0x3ff	[0x403, [0x1074, nil]]
0x107aS0x3ff	[0x403, [0x107a, nil]]
0x107bS0x3ff	[0x403, [0x107b, nil]]
0x107fS0x3ff	[0x403, [0x107f, nil]]
0x1082S0x3ff	[0x403, [0x1082, nil]]
0x10b8S0x3ff	[0x403, [0x10b8, nil]]
0x10baS0x3ff	[0x403, [0x10ba, nil]]
0x10bbS0x3ff	[0x403, [0x10bb, nil]]
0x10deS0x3ff	[0x403, [0x10de, nil]]
0x10e0S0x3ff	[0x403, [0x10e0, nil]]
0x10e1S0x3ff	[0x403, [0x10e1, nil]]
0x10e5S0x3ff	[0x403, [0x10e5, nil]]
0x1114S0x3ff	[0x403, [0x1114, nil]]
0x1117S0x3ff	[0x403, [0x1117, nil]]
0x114dS0x3ff	[0x403, [0x114d, nil]]
0x114fS0x3ff	[0x403, [0x114f, nil]]
0x1150S0x3ff	[0x403, [0x1150, nil]]
0x1173S0x3ff	[0x403, [0x1173, nil]]
0x1175S0x3ff	[0x403, [0x1175, nil]]
0x1176S0x3ff	[0x403, [0x1176, nil]]
0x117aS0x3ff	[0x403, [0x117a, nil]]
0x1193S0x3ff	[0x403, [0x1193, nil]]
0x1196S0x3ff	[0x403, [0x1196, nil]]
0x11b2S0x3ff	[0x403, [0x11b2, nil]]
0x11b5S0x3ff	[0x403, [0x11b5, nil]]
0x11f0S0x3ff	[0x403, [0x11f0, nil]]
0x11f3S0x3ff	[0x403, [0x11f3, nil]]
0x120fS0x3ff	[0x403, [0x120f, nil]]
0x1212S0x3ff	[0x403, [0x1212, nil]]
0x1252S0x3ff	[0x403, [0x1252, nil]]
0x1254S0x3ff	[0x403, [0x1254, nil]]
0x1257S0x3ff	[0x403, [0x1257, nil]]
0x1259S0x3ff	[0x403, [0x1259, nil]]
0x125aS0x3ff	[0x403, [0x125a, nil]]
0x125cS0x3ff	[0x403, [0x125c, nil]]
0x125dS0x3ff	[0x403, [0x125d, nil]]
0x125eS0x3ff	[0x403, [0x125e, nil]]
0x1260S0x3ff	[0x403, [0x1260, nil]]
0x1261S0x3ff	[0x403, [0x1261, nil]]
0x1264S0x3ff	[0x403, [0x1264, nil]]
0x1267S0x3ff	[0x403, [0x1267, nil]]
0x1268S0x3ff	[0x403, [0x1268, nil]]
0x1269S0x3ff	[0x403, [0x1269, nil]]
0x126cS0x3ff	[0x403, [0x126c, nil]]
0x126eS0x3ff	[0x403, [0x126e, nil]]
0x1283S0x3ff	[0x403, [0x1283, nil]]
0x1286S0x3ff	[0x403, [0x1286, nil]]
0x129dS0x3ff	[0x403, [0x129d, nil]]
0x12a0S0x3ff	[0x403, [0x12a0, nil]]
0x12c4S0x3ff	[0x403, [0x12c4, nil]]
0x12c7S0x3ff	[0x403, [0x12c7, nil]]
0x1324S0x3ff	[0x403, [0x1324, nil]]
0x1327S0x3ff	[0x403, [0x1327, nil]]
0x133eS0x3ff	[0x403, [0x133e, nil]]
0x1341S0x3ff	[0x403, [0x1341, nil]]
0x1363S0x3ff	[0x403, [0x1363, nil]]
0x1366S0x3ff	[0x403, [0x1366, nil]]
0x137eS0x3ff	[0x403, [0x137e, nil]]
0x1381S0x3ff	[0x403, [0x1381, nil]]
0x13b8S0x3ff	[0x403, [0x13b8, nil]]
0x13bbS0x3ff	[0x403, [0x13bb, nil]]
0x1413S0x3ff	[0x403, [0x1413, nil]]
0x1416S0x3ff	[0x403, [0x1416, nil]]
0xec6S0x3ff	[0x403, [0xec6, nil]]
0xec9S0x3ff	[0x403, [0xec9, nil]]
0xeccS0x3ff	[0x403, [0xecc, nil]]
0xed1S0x3ff	[0x403, [0xed1, nil]]
0xed4S0x3ff	[0x403, [0xed4, nil]]
0xee1S0x3ff	[0x403, [0xee1, nil]]
0xee2S0x3ff	[0x403, [0xee2, nil]]
0xf29S0x3ff	[0x403, [0xf29, nil]]
0xf2aS0x3ff	[0x403, [0xf2a, nil]]
0xf18S0x3ff	[0x403, [0xf18, nil]]
0xf1aS0x3ff	[0x403, [0xf1a, nil]]
0xf1dS0x3ff	[0x403, [0xf1d, nil]]
0xf69S0x3ff	[0x403, [0xf69, nil]]
0xf6fS0x3ff	[0x403, [0xf6f, nil]]
0xf70S0x3ff	[0x403, [0xf70, nil]]
0xf71S0x3ff	[0x403, [0xf71, nil]]
0xf60S0x3ff	[0x403, [0xf60, nil]]
0xf62S0x3ff	[0x403, [0xf62, nil]]
0xf65S0x3ff	[0x403, [0xf65, nil]]
0xfb4S0x3ff	[0x403, [0xfb4, nil]]
0xfbeS0x3ff	[0x403, [0xfbe, nil]]
0xfbfS0x3ff	[0x403, [0xfbf, nil]]
0xfc0S0x3ff	[0x403, [0xfc0, nil]]
0xfa7S0x3ff	[0x403, [0xfa7, nil]]
0xfa9S0x3ff	[0x403, [0xfa9, nil]]
0xfacS0x3ff	[0x403, [0xfac, nil]]
0xfcdS0x3ff	[0x403, [0xfcd, nil]]
0xfcfS0x3ff	[0x403, [0xfcf, nil]]
0xfd5S0x3ff	[0x403, [0xfd5, nil]]
0xfd7S0x3ff	[0x403, [0xfd7, nil]]
0xfd8S0x3ff	[0x403, [0xfd8, nil]]
0xfdaS0x3ff	[0x403, [0xfda, nil]]
0xfdcS0x3ff	[0x403, [0xfdc, nil]]
0xfddS0x3ff	[0x403, [0xfdd, nil]]
0xfe1S0x3ff	[0x403, [0xfe1, nil]]
0xfe2S0x3ff	[0x403, [0xfe2, nil]]
0x5ef0S0x3ff	[0x403, [0x2ba6, nil]]
0x5f11S0x3ff	[0x403, [0x2bc7, nil]]
0x5f13S0x3ff	[0x403, [0x2bc9, nil]]
0x5f15S0x3ff	[0x403, [0x2bcb, nil]]
0x5f18S0x3ff	[0x403, [0x2bce, nil]]
0x5f1aS0x3ff	[0x403, [0x2bd0, nil]]
0x1002S0x3ff	[0x403, [0x1002, nil]]
0x100cS0x3ff	[0x403, [0x100c, nil]]
0x100dS0x3ff	[0x403, [0x100d, nil]]
0x100eS0x3ff	[0x403, [0x100e, nil]]
0x101bS0x3ff	[0x403, [0x101b, nil]]
0x101dS0x3ff	[0x403, [0x101d, nil]]
0x1023S0x3ff	[0x403, [0x1023, nil]]
0x1025S0x3ff	[0x403, [0x1025, nil]]
0x1026S0x3ff	[0x403, [0x1026, nil]]
0x1028S0x3ff	[0x403, [0x1028, nil]]
0x102aS0x3ff	[0x403, [0x102a, nil]]
0x102bS0x3ff	[0x403, [0x102b, nil]]
0x102fS0x3ff	[0x403, [0x102f, nil]]
0x1030S0x3ff	[0x403, [0x1030, nil]]
0x5f3cS0x3ff	[0x403, [0x2ba6, nil]]
0x5f5dS0x3ff	[0x403, [0x2bc7, nil]]
0x5f5fS0x3ff	[0x403, [0x2bc9, nil]]
0x5f61S0x3ff	[0x403, [0x2bcb, nil]]
0x5f64S0x3ff	[0x403, [0x2bce, nil]]
0x5f66S0x3ff	[0x403, [0x2bd0, nil]]
0x1051S0x3ff	[0x403, [0x1051, nil]]
0x1039S0x3ff	[0x403, [0x1039, nil]]
0x103dS0x3ff	[0x403, [0x103d, nil]]
0x103fS0x3ff	[0x403, [0x103f, nil]]
0x1041S0x3ff	[0x403, [0x1041, nil]]
0x1044S0x3ff	[0x403, [0x1044, nil]]
0x1047S0x3ff	[0x403, [0x1047, nil]]
0x1436S0x3ff	[0x403, [0x1436, nil]]
0x1439S0x3ff	[0x403, [0x1439, nil]]
0x108aS0x3ff	[0x403, [0x108a, nil]]
0x108cS0x3ff	[0x403, [0x108c, nil]]
0x108dS0x3ff	[0x403, [0x108d, nil]]
0x108eS0x3ff	[0x403, [0x108e, nil]]
0x1091S0x3ff	[0x403, [0x1091, nil]]
0x1093S0x3ff	[0x403, [0x1093, nil]]
0x1098S0x3ff	[0x403, [0x1098, nil]]
0x5f88S0x3ff	[0x403, [0x2bd3, nil]]
0x5fa9S0x3ff	[0x403, [0x2bf4, nil]]
0x5fabS0x3ff	[0x403, [0x2bf6, nil]]
0x5fadS0x3ff	[0x403, [0x2bf8, nil]]
0x5fb0S0x3ff	[0x403, [0x2bfb, nil]]
0x5fb2S0x3ff	[0x403, [0x2bfd, nil]]
0x109dS0x3ff	[0x403, [0x109d, nil]]
0x10b2S0x3ff	[0x403, [0x10b2, nil]]
0x10b3S0x3ff	[0x403, [0x10b3, nil]]
0x10b4S0x3ff	[0x403, [0x10b4, nil]]
0x10f3S0x3ff	[0x403, [0x10f3, nil]]
0x10f4S0x3ff	[0x403, [0x10f4, nil]]
0x1109S0x3ff	[0x403, [0x1109, nil]]
0x110fS0x3ff	[0x403, [0x110f, nil]]
0x1110S0x3ff	[0x403, [0x1110, nil]]
0x10eaS0x3ff	[0x403, [0x10ea, nil]]
0x10ecS0x3ff	[0x403, [0x10ec, nil]]
0x10efS0x3ff	[0x403, [0x10ef, nil]]
0x111fS0x3ff	[0x403, [0x111f, nil]]
0x1121S0x3ff	[0x403, [0x1121, nil]]
0x1122S0x3ff	[0x403, [0x1122, nil]]
0x1123S0x3ff	[0x403, [0x1123, nil]]
0x1126S0x3ff	[0x403, [0x1126, nil]]
0x1128S0x3ff	[0x403, [0x1128, nil]]
0x112dS0x3ff	[0x403, [0x112d, nil]]
0x5fd4S0x3ff	[0x403, [0x2bd3, nil]]
0x5ff5S0x3ff	[0x403, [0x2bf4, nil]]
0x5ff7S0x3ff	[0x403, [0x2bf6, nil]]
0x5ff9S0x3ff	[0x403, [0x2bf8, nil]]
0x5ffcS0x3ff	[0x403, [0x2bfb, nil]]
0x5ffeS0x3ff	[0x403, [0x2bfd, nil]]
0x1132S0x3ff	[0x403, [0x1132, nil]]
0x1147S0x3ff	[0x403, [0x1147, nil]]
0x1148S0x3ff	[0x403, [0x1148, nil]]
0x1149S0x3ff	[0x403, [0x1149, nil]]
0x1188S0x3ff	[0x403, [0x1188, nil]]
0x118eS0x3ff	[0x403, [0x118e, nil]]
0x118fS0x3ff	[0x403, [0x118f, nil]]
0x117fS0x3ff	[0x403, [0x117f, nil]]
0x1181S0x3ff	[0x403, [0x1181, nil]]
0x1184S0x3ff	[0x403, [0x1184, nil]]
0x119eS0x3ff	[0x403, [0x119e, nil]]
0x11a0S0x3ff	[0x403, [0x11a0, nil]]
0x11a1S0x3ff	[0x403, [0x11a1, nil]]
0x11a2S0x3ff	[0x403, [0x11a2, nil]]
0x11a3S0x3ff	[0x403, [0x11a3, nil]]
0x11a4S0x3ff	[0x403, [0x11a4, nil]]
0x6020S0x3ff	[0x403, [0x2bd3, nil]]
0x6041S0x3ff	[0x403, [0x2bf4, nil]]
0x6043S0x3ff	[0x403, [0x2bf6, nil]]
0x6045S0x3ff	[0x403, [0x2bf8, nil]]
0x6048S0x3ff	[0x403, [0x2bfb, nil]]
0x604aS0x3ff	[0x403, [0x2bfd, nil]]
0x13adS0x3ff	[0x403, [0x13ad, nil]]
0x13b1S0x3ff	[0x403, [0x13b1, nil]]
0x13b3S0x3ff	[0x403, [0x13b3, nil]]
0x13b4S0x3ff	[0x403, [0x13b4, nil]]
0x11bdS0x3ff	[0x403, [0x11bd, nil]]
0x11bfS0x3ff	[0x403, [0x11bf, nil]]
0x11c0S0x3ff	[0x403, [0x11c0, nil]]
0x11c1S0x3ff	[0x403, [0x11c1, nil]]
0x11c4S0x3ff	[0x403, [0x11c4, nil]]
0x11c6S0x3ff	[0x403, [0x11c6, nil]]
0x11cbS0x3ff	[0x403, [0x11cb, nil]]
0x606cS0x3ff	[0x403, [0x2bd3, nil]]
0x608dS0x3ff	[0x403, [0x2bf4, nil]]
0x608fS0x3ff	[0x403, [0x2bf6, nil]]
0x6091S0x3ff	[0x403, [0x2bf8, nil]]
0x6094S0x3ff	[0x403, [0x2bfb, nil]]
0x6096S0x3ff	[0x403, [0x2bfd, nil]]
0x11d0S0x3ff	[0x403, [0x11d0, nil]]
0x11e5S0x3ff	[0x403, [0x11e5, nil]]
0x11ebS0x3ff	[0x403, [0x11eb, nil]]
0x11ecS0x3ff	[0x403, [0x11ec, nil]]
0x11fbS0x3ff	[0x403, [0x11fb, nil]]
0x11fdS0x3ff	[0x403, [0x11fd, nil]]
0x11feS0x3ff	[0x403, [0x11fe, nil]]
0x11ffS0x3ff	[0x403, [0x11ff, nil]]
0x1200S0x3ff	[0x403, [0x1200, nil]]
0x120aS0x3ff	[0x403, [0x120a, nil]]
0x120bS0x3ff	[0x403, [0x120b, nil]]
0x60b8S0x3ff	[0x403, [0x2bd3, nil]]
0x60d9S0x3ff	[0x403, [0x2bf4, nil]]
0x60dbS0x3ff	[0x403, [0x2bf6, nil]]
0x60ddS0x3ff	[0x403, [0x2bf8, nil]]
0x60e0S0x3ff	[0x403, [0x2bfb, nil]]
0x60e2S0x3ff	[0x403, [0x2bfd, nil]]
0x121aS0x3ff	[0x403, [0x121a, nil]]
0x121cS0x3ff	[0x403, [0x121c, nil]]
0x121eS0x3ff	[0x403, [0x121e, nil]]
0x1220S0x3ff	[0x403, [0x1220, nil]]
0x1225S0x3ff	[0x403, [0x1225, nil]]
0x6104S0x3ff	[0x403, [0x2bd3, nil]]
0x6125S0x3ff	[0x403, [0x2bf4, nil]]
0x6127S0x3ff	[0x403, [0x2bf6, nil]]
0x6129S0x3ff	[0x403, [0x2bf8, nil]]
0x612cS0x3ff	[0x403, [0x2bfb, nil]]
0x612eS0x3ff	[0x403, [0x2bfd, nil]]
0x122aS0x3ff	[0x403, [0x122a, nil]]
0x122cS0x3ff	[0x403, [0x122c, nil]]
0x122dS0x3ff	[0x403, [0x122d, nil]]
0x1233S0x3ff	[0x403, [0x1233, nil]]
0x1238S0x3ff	[0x403, [0x1238, nil]]
0x1239S0x3ff	[0x403, [0x1239, nil]]
0x123bS0x3ff	[0x403, [0x123b, nil]]
0x123eS0x3ff	[0x403, [0x123e, nil]]
0x1243S0x3ff	[0x403, [0x1243, nil]]
0x1249S0x3ff	[0x403, [0x1249, nil]]
0x124bS0x3ff	[0x403, [0x124b, nil]]
0x124dS0x3ff	[0x403, [0x124d, nil]]
0x124eS0x3ff	[0x403, [0x124e, nil]]
0x1273S0x3ff	[0x403, [0x1273, nil]]
0x127cS0x3ff	[0x403, [0x127c, nil]]
0x127eS0x3ff	[0x403, [0x127e, nil]]
0x127fS0x3ff	[0x403, [0x127f, nil]]
0x128cS0x3ff	[0x403, [0x128c, nil]]
0x128eS0x3ff	[0x403, [0x128e, nil]]
0x128fS0x3ff	[0x403, [0x128f, nil]]
0x1291S0x3ff	[0x403, [0x1291, nil]]
0x1292S0x3ff	[0x403, [0x1292, nil]]
0x1296S0x3ff	[0x403, [0x1296, nil]]
0x1298S0x3ff	[0x403, [0x1298, nil]]
0x1299S0x3ff	[0x403, [0x1299, nil]]
0x6150S0x3ff	[0x403, [0x2bd3, nil]]
0x6171S0x3ff	[0x403, [0x2bf4, nil]]
0x6173S0x3ff	[0x403, [0x2bf6, nil]]
0x6175S0x3ff	[0x403, [0x2bf8, nil]]
0x6178S0x3ff	[0x403, [0x2bfb, nil]]
0x617aS0x3ff	[0x403, [0x2bfd, nil]]
0x12a6S0x3ff	[0x403, [0x12a6, nil]]
0x12a8S0x3ff	[0x403, [0x12a8, nil]]
0x12a9S0x3ff	[0x403, [0x12a9, nil]]
0x12abS0x3ff	[0x403, [0x12ab, nil]]
0x12acS0x3ff	[0x403, [0x12ac, nil]]
0x12b1S0x3ff	[0x403, [0x12b1, nil]]
0x12b2S0x3ff	[0x403, [0x12b2, nil]]
0x12b3S0x3ff	[0x403, [0x12b3, nil]]
0x12b4S0x3ff	[0x403, [0x12b4, nil]]
0x12bfS0x3ff	[0x403, [0x12bf, nil]]
0x12c0S0x3ff	[0x403, [0x12c0, nil]]
0x619cS0x3ff	[0x403, [0x2bd3, nil]]
0x61bdS0x3ff	[0x403, [0x2bf4, nil]]
0x61bfS0x3ff	[0x403, [0x2bf6, nil]]
0x61c1S0x3ff	[0x403, [0x2bf8, nil]]
0x61c4S0x3ff	[0x403, [0x2bfb, nil]]
0x61c6S0x3ff	[0x403, [0x2bfd, nil]]
0x12cfS0x3ff	[0x403, [0x12cf, nil]]
0x12d1S0x3ff	[0x403, [0x12d1, nil]]
0x12d2S0x3ff	[0x403, [0x12d2, nil]]
0x12d3S0x3ff	[0x403, [0x12d3, nil]]
0x12d6S0x3ff	[0x403, [0x12d6, nil]]
0x12d8S0x3ff	[0x403, [0x12d8, nil]]
0x12ddS0x3ff	[0x403, [0x12dd, nil]]
0x61e8S0x3ff	[0x403, [0x2bd3, nil]]
0x6209S0x3ff	[0x403, [0x2bf4, nil]]
0x620bS0x3ff	[0x403, [0x2bf6, nil]]
0x620dS0x3ff	[0x403, [0x2bf8, nil]]
0x6210S0x3ff	[0x403, [0x2bfb, nil]]
0x6212S0x3ff	[0x403, [0x2bfd, nil]]
0x12e2S0x3ff	[0x403, [0x12e2, nil]]
0x12f7S0x3ff	[0x403, [0x12f7, nil]]
0x12f9S0x3ff	[0x403, [0x12f9, nil]]
0x131fS0x3ff	[0x403, [0x131f, nil]]
0x1320S0x3ff	[0x403, [0x1320, nil]]
0x132fS0x3ff	[0x403, [0x132f, nil]]
0x1331S0x3ff	[0x403, [0x1331, nil]]
0x1332S0x3ff	[0x403, [0x1332, nil]]
0x1333S0x3ff	[0x403, [0x1333, nil]]
0x1339S0x3ff	[0x403, [0x1339, nil]]
0x133aS0x3ff	[0x403, [0x133a, nil]]
0x6234S0x3ff	[0x403, [0x2bd3, nil]]
0x6255S0x3ff	[0x403, [0x2bf4, nil]]
0x6257S0x3ff	[0x403, [0x2bf6, nil]]
0x6259S0x3ff	[0x403, [0x2bf8, nil]]
0x625cS0x3ff	[0x403, [0x2bfb, nil]]
0x625eS0x3ff	[0x403, [0x2bfd, nil]]
0x1349S0x3ff	[0x403, [0x1349, nil]]
0x134bS0x3ff	[0x403, [0x134b, nil]]
0x134dS0x3ff	[0x403, [0x134d, nil]]
0x134fS0x3ff	[0x403, [0x134f, nil]]
0x1354S0x3ff	[0x403, [0x1354, nil]]
0x6280S0x3ff	[0x403, [0x2bd3, nil]]
0x62a1S0x3ff	[0x403, [0x2bf4, nil]]
0x62a3S0x3ff	[0x403, [0x2bf6, nil]]
0x62a5S0x3ff	[0x403, [0x2bf8, nil]]
0x62a8S0x3ff	[0x403, [0x2bfb, nil]]
0x62aaS0x3ff	[0x403, [0x2bfd, nil]]
0x135cS0x3ff	[0x403, [0x135c, nil]]
0x135eS0x3ff	[0x403, [0x135e, nil]]
0x135fS0x3ff	[0x403, [0x135f, nil]]
0x136cS0x3ff	[0x403, [0x136c, nil]]
0x136eS0x3ff	[0x403, [0x136e, nil]]
0x136fS0x3ff	[0x403, [0x136f, nil]]
0x1371S0x3ff	[0x403, [0x1371, nil]]
0x1372S0x3ff	[0x403, [0x1372, nil]]
0x1373S0x3ff	[0x403, [0x1373, nil]]
0x1377S0x3ff	[0x403, [0x1377, nil]]
0x1379S0x3ff	[0x403, [0x1379, nil]]
0x137aS0x3ff	[0x403, [0x137a, nil]]
0x62ccS0x3ff	[0x403, [0x2bd3, nil]]
0x62edS0x3ff	[0x403, [0x2bf4, nil]]
0x62efS0x3ff	[0x403, [0x2bf6, nil]]
0x62f1S0x3ff	[0x403, [0x2bf8, nil]]
0x62f4S0x3ff	[0x403, [0x2bfb, nil]]
0x62f6S0x3ff	[0x403, [0x2bfd, nil]]
0x1387S0x3ff	[0x403, [0x1387, nil]]
0x1389S0x3ff	[0x403, [0x1389, nil]]
0x138aS0x3ff	[0x403, [0x138a, nil]]
0x138cS0x3ff	[0x403, [0x138c, nil]]
0x138dS0x3ff	[0x403, [0x138d, nil]]
0x138eS0x3ff	[0x403, [0x138e, nil]]
0x138fS0x3ff	[0x403, [0x138f, nil]]
0x1391S0x3ff	[0x403, [0x1391, nil]]
0x1392S0x3ff	[0x403, [0x1392, nil]]
0x139bS0x3ff	[0x403, [0x139b, nil]]
0x6318S0x3ff	[0x403, [0x2bd3, nil]]
0x6339S0x3ff	[0x403, [0x2bf4, nil]]
0x633bS0x3ff	[0x403, [0x2bf6, nil]]
0x633dS0x3ff	[0x403, [0x2bf8, nil]]
0x6340S0x3ff	[0x403, [0x2bfb, nil]]
0x6342S0x3ff	[0x403, [0x2bfd, nil]]
0x13a0S0x3ff	[0x403, [0x13a0, nil]]
0x13a2S0x3ff	[0x403, [0x13a2, nil]]
0x13a5S0x3ff	[0x403, [0x13a5, nil]]
0x13a8S0x3ff	[0x403, [0x13a8, nil]]
0x142aS0x3ff	[0x403, [0x142a, nil]]
0x142cS0x3ff	[0x403, [0x142c, nil]]
0x1430S0x3ff	[0x403, [0x1430, nil]]
0x13c1S0x3ff	[0x403, [0x13c1, nil]]
0x13c3S0x3ff	[0x403, [0x13c3, nil]]
0x13c4S0x3ff	[0x403, [0x13c4, nil]]
0x13c6S0x3ff	[0x403, [0x13c6, nil]]
0x13c7S0x3ff	[0x403, [0x13c7, nil]]
0x13c9S0x3ff	[0x403, [0x13c9, nil]]
0x13caS0x3ff	[0x403, [0x13ca, nil]]
0x13cdS0x3ff	[0x403, [0x13cd, nil]]
0x13ceS0x3ff	[0x403, [0x13ce, nil]]
0x13d3S0x3ff	[0x403, [0x13d3, nil]]
0x13d5S0x3ff	[0x403, [0x13d5, nil]]
0x13d7S0x3ff	[0x403, [0x13d7, nil]]
0x13d9S0x3ff	[0x403, [0x13d9, nil]]
0x13daS0x3ff	[0x403, [0x13da, nil]]
0x13deS0x3ff	[0x403, [0x13de, nil]]
0x13e2S0x3ff	[0x403, [0x13e2, nil]]
0x13e4S0x3ff	[0x403, [0x13e4, nil]]
0x13e5S0x3ff	[0x403, [0x13e5, nil]]
0x140cS0x3ff	[0x403, [0x140c, nil]]
0x140eS0x3ff	[0x403, [0x140e, nil]]
0x140fS0x3ff	[0x403, [0x140f, nil]]
0x6364S0x3ff	[0x403, [0x2bd3, nil]]
0x6385S0x3ff	[0x403, [0x2bf4, nil]]
0x6387S0x3ff	[0x403, [0x2bf6, nil]]
0x6389S0x3ff	[0x403, [0x2bf8, nil]]
0x638cS0x3ff	[0x403, [0x2bfb, nil]]
0x638eS0x3ff	[0x403, [0x2bfd, nil]]
0x141cS0x3ff	[0x403, [0x141c, nil]]
0x141eS0x3ff	[0x403, [0x141e, nil]]
0x141fS0x3ff	[0x403, [0x141f, nil]]
0x1421S0x3ff	[0x403, [0x1421, nil]]
0x1422S0x3ff	[0x403, [0x1422, nil]]
0x63b0S0x3ff	[0x403, [0x2bd3, nil]]
0x63d1S0x3ff	[0x403, [0x2bf4, nil]]
0x63d3S0x3ff	[0x403, [0x2bf6, nil]]
0x63d5S0x3ff	[0x403, [0x2bf8, nil]]
0x63d8S0x3ff	[0x403, [0x2bfb, nil]]
0x63daS0x3ff	[0x403, [0x2bfd, nil]]
0x1058S0x3ff	[0x403, [0x1058, nil]]
0x1059S0x3ff	[0x403, [0x1059, nil]]
0x105aS0x3ff	[0x403, [0x105a, nil]]
0xfe7S0x3ff	[0x403, [0xfe7, nil]]
0xfe9S0x3ff	[0x403, [0xfe9, nil]]
0xfeaS0x3ff	[0x403, [0xfea, nil]]
0xfedS0x3ff	[0x403, [0xfed, nil]]
0xfefS0x3ff	[0x403, [0xfef, nil]]
0xff4S0x3ff	[0x403, [0xff4, nil]]
0x1035S0x3ff	[0x403, [0x1035, nil]]
0x1037S0x3ff	[0x403, [0x1037, nil]]
0x11adS0x3ff	[0x403, [0x11ad, nil]]
0x11aeS0x3ff	[0x403, [0x11ae, nil]]
0x1874S0x1434S0x3ff	[0x403, [0x143c, [0x1874, nil]]]
0x1876S0x1434S0x3ff	[0x403, [0x143c, [0x1876, nil]]]
0x2cefS0x1217S0x3ff	[0x403, [0x1228, [0x2cef, nil]]]
0x2cf2S0x1217S0x3ff	[0x403, [0x1228, [0x2cf2, nil]]]
0x2d11S0x1217S0x3ff	[0x403, [0x1228, [0x2d11, nil]]]
0x2d14S0x1217S0x3ff	[0x403, [0x1228, [0x2d14, nil]]]
0x2d2dS0x1217S0x3ff	[0x403, [0x1228, [0x2d2d, nil]]]
0x2d30S0x1217S0x3ff	[0x403, [0x1228, [0x2d30, nil]]]
0x2cdcS0x1217S0x3ff	[0x403, [0x1228, [0x2cdc, nil]]]
0x2cdfS0x1217S0x3ff	[0x403, [0x1228, [0x2cdf, nil]]]
0x2ce0S0x1217S0x3ff	[0x403, [0x1228, [0x2ce0, nil]]]
0x2ce2S0x1217S0x3ff	[0x403, [0x1228, [0x2ce2, nil]]]
0x2ce4S0x1217S0x3ff	[0x403, [0x1228, [0x2ce4, nil]]]
0x2ce6S0x1217S0x3ff	[0x403, [0x1228, [0x2ce6, nil]]]
0x2ce7S0x1217S0x3ff	[0x403, [0x1228, [0x2ce7, nil]]]
0x2ce8S0x1217S0x3ff	[0x403, [0x1228, [0x2ce8, nil]]]
0x2ceaS0x1217S0x3ff	[0x403, [0x1228, [0x2cea, nil]]]
0x2cebS0x1217S0x3ff	[0x403, [0x1228, [0x2ceb, nil]]]
0x2cfaS0x1217S0x3ff	[0x403, [0x1228, [0x2cfa, nil]]]
0x2cfeS0x1217S0x3ff	[0x403, [0x1228, [0x2cfe, nil]]]
0x2d01S0x1217S0x3ff	[0x403, [0x1228, [0x2d01, nil]]]
0x2d0bS0x1217S0x3ff	[0x403, [0x1228, [0x2d0b, nil]]]
0x2d0cS0x1217S0x3ff	[0x403, [0x1228, [0x2d0c, nil]]]
0x2d0dS0x1217S0x3ff	[0x403, [0x1228, [0x2d0d, nil]]]
0x2cd0S0x1217S0x3ff	[0x403, [0x1228, [0x2cd0, nil]]]
0x2d1aS0x1217S0x3ff	[0x403, [0x1228, [0x2d1a, nil]]]
0x2d1dS0x1217S0x3ff	[0x403, [0x1228, [0x2d1d, nil]]]
0x2d20S0x1217S0x3ff	[0x403, [0x1228, [0x2d20, nil]]]
0x2d23S0x1217S0x3ff	[0x403, [0x1228, [0x2d23, nil]]]
0x2d24S0x1217S0x3ff	[0x403, [0x1228, [0x2d24, nil]]]
0x2d25S0x1217S0x3ff	[0x403, [0x1228, [0x2d25, nil]]]
0x2d27S0x1217S0x3ff	[0x403, [0x1228, [0x2d27, nil]]]
0x2d28S0x1217S0x3ff	[0x403, [0x1228, [0x2d28, nil]]]
0x2d29S0x1217S0x3ff	[0x403, [0x1228, [0x2d29, nil]]]
0x2cd4S0x1217S0x3ff	[0x403, [0x1228, [0x2cd4, nil]]]
0x2cd8S0x1217S0x3ff	[0x403, [0x1228, [0x2cd8, nil]]]
0x2cefS0x1346S0x3ff	[0x403, [0x1357, [0x2cef, nil]]]
0x2cf2S0x1346S0x3ff	[0x403, [0x1357, [0x2cf2, nil]]]
0x2d11S0x1346S0x3ff	[0x403, [0x1357, [0x2d11, nil]]]
0x2d14S0x1346S0x3ff	[0x403, [0x1357, [0x2d14, nil]]]
0x2d2dS0x1346S0x3ff	[0x403, [0x1357, [0x2d2d, nil]]]
0x2d30S0x1346S0x3ff	[0x403, [0x1357, [0x2d30, nil]]]
0x2cdcS0x1346S0x3ff	[0x403, [0x1357, [0x2cdc, nil]]]
0x2cdfS0x1346S0x3ff	[0x403, [0x1357, [0x2cdf, nil]]]
0x2ce0S0x1346S0x3ff	[0x403, [0x1357, [0x2ce0, nil]]]
0x2ce2S0x1346S0x3ff	[0x403, [0x1357, [0x2ce2, nil]]]
0x2ce4S0x1346S0x3ff	[0x403, [0x1357, [0x2ce4, nil]]]
0x2ce6S0x1346S0x3ff	[0x403, [0x1357, [0x2ce6, nil]]]
0x2ce7S0x1346S0x3ff	[0x403, [0x1357, [0x2ce7, nil]]]
0x2ce8S0x1346S0x3ff	[0x403, [0x1357, [0x2ce8, nil]]]
0x2ceaS0x1346S0x3ff	[0x403, [0x1357, [0x2cea, nil]]]
0x2cebS0x1346S0x3ff	[0x403, [0x1357, [0x2ceb, nil]]]
0x2cfaS0x1346S0x3ff	[0x403, [0x1357, [0x2cfa, nil]]]
0x2cfeS0x1346S0x3ff	[0x403, [0x1357, [0x2cfe, nil]]]
0x2d01S0x1346S0x3ff	[0x403, [0x1357, [0x2d01, nil]]]
0x2d0bS0x1346S0x3ff	[0x403, [0x1357, [0x2d0b, nil]]]
0x2d0cS0x1346S0x3ff	[0x403, [0x1357, [0x2d0c, nil]]]
0x2d0dS0x1346S0x3ff	[0x403, [0x1357, [0x2d0d, nil]]]
0x2cd0S0x1346S0x3ff	[0x403, [0x1357, [0x2cd0, nil]]]
0x2d1aS0x1346S0x3ff	[0x403, [0x1357, [0x2d1a, nil]]]
0x2d1dS0x1346S0x3ff	[0x403, [0x1357, [0x2d1d, nil]]]
0x2d20S0x1346S0x3ff	[0x403, [0x1357, [0x2d20, nil]]]
0x2d23S0x1346S0x3ff	[0x403, [0x1357, [0x2d23, nil]]]
0x2d24S0x1346S0x3ff	[0x403, [0x1357, [0x2d24, nil]]]
0x2d25S0x1346S0x3ff	[0x403, [0x1357, [0x2d25, nil]]]
0x2d27S0x1346S0x3ff	[0x403, [0x1357, [0x2d27, nil]]]
0x2d28S0x1346S0x3ff	[0x403, [0x1357, [0x2d28, nil]]]
0x2d29S0x1346S0x3ff	[0x403, [0x1357, [0x2d29, nil]]]
0x2cd4S0x1346S0x3ff	[0x403, [0x1357, [0x2cd4, nil]]]
0x2cd8S0x1346S0x3ff	[0x403, [0x1357, [0x2cd8, nil]]]
0x2a92S0xee6S0x3ff	[0x403, [0xf16, [0x2a92, nil]]]
0x2a93S0xee6S0x3ff	[0x403, [0xf16, [0x2a93, nil]]]
0x2a96S0xee6S0x3ff	[0x403, [0xf16, [0x2a96, nil]]]
0x2a9bS0xee6S0x3ff	[0x403, [0xf16, [0x2a9b, nil]]]
0x2a9cS0xee6S0x3ff	[0x403, [0xf16, [0x2a9c, nil]]]
0x2a9eS0xee6S0x3ff	[0x403, [0xf16, [0x2a9e, nil]]]
0x2aa0S0xee6S0x3ff	[0x403, [0xf16, [0x2aa0, nil]]]
0x2aa4S0xee6S0x3ff	[0x403, [0xf16, [0x2aa4, nil]]]
0x2a7eS0xee6S0x3ff	[0x403, [0xf16, [0x2a7e, nil]]]
0x2a82S0xee6S0x3ff	[0x403, [0xf16, [0x2a82, nil]]]
0x2a87S0xee6S0x3ff	[0x403, [0xf16, [0x2a87, nil]]]
0x2a8aS0xee6S0x3ff	[0x403, [0xf16, [0x2a8a, nil]]]
0x2a22S0xee6S0x3ff	[0x403, [0xf16, [0x2a22, nil]]]
0x2a43S0xee6S0x3ff	[0x403, [0xf16, [0x2a43, nil]]]
0x2a45S0xee6S0x3ff	[0x403, [0xf16, [0x2a45, nil]]]
0x2a47S0xee6S0x3ff	[0x403, [0xf16, [0x2a47, nil]]]
0x2a68S0xee6S0x3ff	[0x403, [0xf16, [0x2a68, nil]]]
0x2a6bS0xee6S0x3ff	[0x403, [0xf16, [0x2a6b, nil]]]
0x2a70S0xee6S0x3ff	[0x403, [0xf16, [0x2a70, nil]]]
0x2a71S0xee6S0x3ff	[0x403, [0xf16, [0x2a71, nil]]]
0x2a74S0xee6S0x3ff	[0x403, [0xf16, [0x2a74, nil]]]
0x2a77S0xee6S0x3ff	[0x403, [0xf16, [0x2a77, nil]]]
0x21cbS0x2a6fS0xee6S0x3ff	[0x403, [0xf16, [0x2a7a, [0x21cb, nil]]]]
0x21cfS0x2a6fS0xee6S0x3ff	[0x403, [0xf16, [0x2a7a, [0x21cf, nil]]]]
0x21d2S0x2a6fS0xee6S0x3ff	[0x403, [0xf16, [0x2a7a, [0x21d2, nil]]]]
0x2b20S0xf2eS0x3ff	[0x403, [0xf5e, [0x2b20, nil]]]
0x2b21S0xf2eS0x3ff	[0x403, [0xf5e, [0x2b21, nil]]]
0x2b24S0xf2eS0x3ff	[0x403, [0xf5e, [0x2b24, nil]]]
0x2b29S0xf2eS0x3ff	[0x403, [0xf5e, [0x2b29, nil]]]
0x2b2aS0xf2eS0x3ff	[0x403, [0xf5e, [0x2b2a, nil]]]
0x2b2cS0xf2eS0x3ff	[0x403, [0xf5e, [0x2b2c, nil]]]
0x2b2eS0xf2eS0x3ff	[0x403, [0xf5e, [0x2b2e, nil]]]
0x2b32S0xf2eS0x3ff	[0x403, [0xf5e, [0x2b32, nil]]]
0x2b0cS0xf2eS0x3ff	[0x403, [0xf5e, [0x2b0c, nil]]]
0x2b10S0xf2eS0x3ff	[0x403, [0xf5e, [0x2b10, nil]]]
0x2b15S0xf2eS0x3ff	[0x403, [0xf5e, [0x2b15, nil]]]
0x2b18S0xf2eS0x3ff	[0x403, [0xf5e, [0x2b18, nil]]]
0x2ab0S0xf2eS0x3ff	[0x403, [0xf5e, [0x2ab0, nil]]]
0x2ad1S0xf2eS0x3ff	[0x403, [0xf5e, [0x2ad1, nil]]]
0x2ad3S0xf2eS0x3ff	[0x403, [0xf5e, [0x2ad3, nil]]]
0x2ad5S0xf2eS0x3ff	[0x403, [0xf5e, [0x2ad5, nil]]]
0x2af6S0xf2eS0x3ff	[0x403, [0xf5e, [0x2af6, nil]]]
0x2af9S0xf2eS0x3ff	[0x403, [0xf5e, [0x2af9, nil]]]
0x2afeS0xf2eS0x3ff	[0x403, [0xf5e, [0x2afe, nil]]]
0x2affS0xf2eS0x3ff	[0x403, [0xf5e, [0x2aff, nil]]]
0x2b02S0xf2eS0x3ff	[0x403, [0xf5e, [0x2b02, nil]]]
0x2b05S0xf2eS0x3ff	[0x403, [0xf5e, [0x2b05, nil]]]
0x21cbS0x2afdS0xf2eS0x3ff	[0x403, [0xf5e, [0x2b08, [0x21cb, nil]]]]
0x21cfS0x2afdS0xf2eS0x3ff	[0x403, [0xf5e, [0x2b08, [0x21cf, nil]]]]
0x21d2S0x2afdS0xf2eS0x3ff	[0x403, [0xf5e, [0x2b08, [0x21d2, nil]]]]
0x2b88S0xf75S0x3ff	[0x403, [0xfa5, [0x2b88, nil]]]
0x2b89S0xf75S0x3ff	[0x403, [0xfa5, [0x2b89, nil]]]
0x2b8cS0xf75S0x3ff	[0x403, [0xfa5, [0x2b8c, nil]]]
0x2b91S0xf75S0x3ff	[0x403, [0xfa5, [0x2b91, nil]]]
0x2b92S0xf75S0x3ff	[0x403, [0xfa5, [0x2b92, nil]]]
0x2b94S0xf75S0x3ff	[0x403, [0xfa5, [0x2b94, nil]]]
0x2b96S0xf75S0x3ff	[0x403, [0xfa5, [0x2b96, nil]]]
0x2b9aS0xf75S0x3ff	[0x403, [0xfa5, [0x2b9a, nil]]]
0x2b74S0xf75S0x3ff	[0x403, [0xfa5, [0x2b74, nil]]]
0x2b78S0xf75S0x3ff	[0x403, [0xfa5, [0x2b78, nil]]]
0x2b7dS0xf75S0x3ff	[0x403, [0xfa5, [0x2b7d, nil]]]
0x2b80S0xf75S0x3ff	[0x403, [0xfa5, [0x2b80, nil]]]
0x2b3eS0xf75S0x3ff	[0x403, [0xfa5, [0x2b3e, nil]]]
0x2b5fS0xf75S0x3ff	[0x403, [0xfa5, [0x2b5f, nil]]]
0x2b61S0xf75S0x3ff	[0x403, [0xfa5, [0x2b61, nil]]]
0x2b66S0xf75S0x3ff	[0x403, [0xfa5, [0x2b66, nil]]]
0x2b67S0xf75S0x3ff	[0x403, [0xfa5, [0x2b67, nil]]]
0x2b6aS0xf75S0x3ff	[0x403, [0xfa5, [0x2b6a, nil]]]
0x2b6dS0xf75S0x3ff	[0x403, [0xfa5, [0x2b6d, nil]]]
0x21cbS0x2b65S0xf75S0x3ff	[0x403, [0xfa5, [0x2b70, [0x21cb, nil]]]]
0x21cfS0x2b65S0xf75S0x3ff	[0x403, [0xfa5, [0x2b70, [0x21cf, nil]]]]
0x21d2S0x2b65S0xf75S0x3ff	[0x403, [0xfa5, [0x2b70, [0x21d2, nil]]]]
0x2c4aS0x10b8S0x3ff	[0x403, [0x10e8, [0x2c4a, nil]]]
0x2c4bS0x10b8S0x3ff	[0x403, [0x10e8, [0x2c4b, nil]]]
0x2c4eS0x10b8S0x3ff	[0x403, [0x10e8, [0x2c4e, nil]]]
0x2c53S0x10b8S0x3ff	[0x403, [0x10e8, [0x2c53, nil]]]
0x2c54S0x10b8S0x3ff	[0x403, [0x10e8, [0x2c54, nil]]]
0x2c56S0x10b8S0x3ff	[0x403, [0x10e8, [0x2c56, nil]]]
0x2c58S0x10b8S0x3ff	[0x403, [0x10e8, [0x2c58, nil]]]
0x2c5cS0x10b8S0x3ff	[0x403, [0x10e8, [0x2c5c, nil]]]
0x2c36S0x10b8S0x3ff	[0x403, [0x10e8, [0x2c36, nil]]]
0x2c3aS0x10b8S0x3ff	[0x403, [0x10e8, [0x2c3a, nil]]]
0x2c3fS0x10b8S0x3ff	[0x403, [0x10e8, [0x2c3f, nil]]]
0x2c42S0x10b8S0x3ff	[0x403, [0x10e8, [0x2c42, nil]]]
0x2c00S0x10b8S0x3ff	[0x403, [0x10e8, [0x2c00, nil]]]
0x2c21S0x10b8S0x3ff	[0x403, [0x10e8, [0x2c21, nil]]]
0x2c23S0x10b8S0x3ff	[0x403, [0x10e8, [0x2c23, nil]]]
0x2c28S0x10b8S0x3ff	[0x403, [0x10e8, [0x2c28, nil]]]
0x2c29S0x10b8S0x3ff	[0x403, [0x10e8, [0x2c29, nil]]]
0x2c2cS0x10b8S0x3ff	[0x403, [0x10e8, [0x2c2c, nil]]]
0x2c2fS0x10b8S0x3ff	[0x403, [0x10e8, [0x2c2f, nil]]]
0x21cbS0x2c27S0x10b8S0x3ff	[0x403, [0x10e8, [0x2c32, [0x21cb, nil]]]]
0x21cfS0x2c27S0x10b8S0x3ff	[0x403, [0x10e8, [0x2c32, [0x21cf, nil]]]]
0x21d2S0x2c27S0x10b8S0x3ff	[0x403, [0x10e8, [0x2c32, [0x21d2, nil]]]]
0x2cb2S0x114dS0x3ff	[0x403, [0x117d, [0x2cb2, nil]]]
0x2cb3S0x114dS0x3ff	[0x403, [0x117d, [0x2cb3, nil]]]
0x2cb6S0x114dS0x3ff	[0x403, [0x117d, [0x2cb6, nil]]]
0x2cbbS0x114dS0x3ff	[0x403, [0x117d, [0x2cbb, nil]]]
0x2cbcS0x114dS0x3ff	[0x403, [0x117d, [0x2cbc, nil]]]
0x2cbeS0x114dS0x3ff	[0x403, [0x117d, [0x2cbe, nil]]]
0x2cc0S0x114dS0x3ff	[0x403, [0x117d, [0x2cc0, nil]]]
0x2cc4S0x114dS0x3ff	[0x403, [0x117d, [0x2cc4, nil]]]
0x2c9eS0x114dS0x3ff	[0x403, [0x117d, [0x2c9e, nil]]]
0x2ca2S0x114dS0x3ff	[0x403, [0x117d, [0x2ca2, nil]]]
0x2ca7S0x114dS0x3ff	[0x403, [0x117d, [0x2ca7, nil]]]
0x2caaS0x114dS0x3ff	[0x403, [0x117d, [0x2caa, nil]]]
0x2c68S0x114dS0x3ff	[0x403, [0x117d, [0x2c68, nil]]]
0x2c89S0x114dS0x3ff	[0x403, [0x117d, [0x2c89, nil]]]
0x2c8bS0x114dS0x3ff	[0x403, [0x117d, [0x2c8b, nil]]]
0x2c90S0x114dS0x3ff	[0x403, [0x117d, [0x2c90, nil]]]
0x2c91S0x114dS0x3ff	[0x403, [0x117d, [0x2c91, nil]]]
0x2c94S0x114dS0x3ff	[0x403, [0x117d, [0x2c94, nil]]]
0x2c97S0x114dS0x3ff	[0x403, [0x117d, [0x2c97, nil]]]
0x21cbS0x2c8fS0x114dS0x3ff	[0x403, [0x117d, [0x2c9a, [0x21cb, nil]]]]
0x21cfS0x2c8fS0x114dS0x3ff	[0x403, [0x117d, [0x2c9a, [0x21cf, nil]]]]
0x21d2S0x2c8fS0x114dS0x3ff	[0x403, [0x117d, [0x2c9a, [0x21d2, nil]]]]
0x172fS0xec5S0x3ff	[0x403, [0xecf, [0x172f, nil]]]
0x1731S0xec5S0x3ff	[0x403, [0xecf, [0x1731, nil]]]
0x1732S0xec5S0x3ff	[0x403, [0xecf, [0x1732, nil]]]
0x1755S0xec5S0x3ff	[0x403, [0xecf, [0x1755, nil]]]
0x1757S0xec5S0x3ff	[0x403, [0xecf, [0x1757, nil]]]
0x1758S0xec5S0x3ff	[0x403, [0xecf, [0x1758, nil]]]
0x175aS0xec5S0x3ff	[0x403, [0xecf, [0x175a, nil]]]
0x175dS0xec5S0x3ff	[0x403, [0xecf, [0x175d, nil]]]
0x1722S0xec5S0x3ff	[0x403, [0xecf, [0x1722, nil]]]
0x1725S0xec5S0x3ff	[0x403, [0xecf, [0x1725, nil]]]
0x172aS0xec5S0x3ff	[0x403, [0xecf, [0x172a, nil]]]
0x172bS0xec5S0x3ff	[0x403, [0xecf, [0x172b, nil]]]
0xaa8S0x1721S0xec5S0x3ff	[0x403, [0xecf, [0x1728, [0xaa8, nil]]]]
0xaa9S0x1721S0xec5S0x3ff	[0x403, [0xecf, [0x1728, [0xaa9, nil]]]]
0xaabS0x1721S0xec5S0x3ff	[0x403, [0xecf, [0x1728, [0xaab, nil]]]]
0xaadS0x1721S0xec5S0x3ff	[0x403, [0xecf, [0x1728, [0xaad, nil]]]]
0xaafS0x1721S0xec5S0x3ff	[0x403, [0xecf, [0x1728, [0xaaf, nil]]]]
0xab2S0x1721S0xec5S0x3ff	[0x403, [0xecf, [0x1728, [0xab2, nil]]]]
0xab4S0x1721S0xec5S0x3ff	[0x403, [0xecf, [0x1728, [0xab4, nil]]]]
0xab5S0x1721S0xec5S0x3ff	[0x403, [0xecf, [0x1728, [0xab5, nil]]]]
0xab7S0x1721S0xec5S0x3ff	[0x403, [0xecf, [0x1728, [0xab7, nil]]]]
0x2d6cS0x1229S0x3ff	[0x403, [0x1236, [0x2d6c, nil]]]
0x2d6dS0x1229S0x3ff	[0x403, [0x1236, [0x2d6d, nil]]]
0x2d73S0x1229S0x3ff	[0x403, [0x1236, [0x2d73, nil]]]
0x2d55S0x1229S0x3ff	[0x403, [0x1236, [0x2d55, nil]]]
0x2d5bS0x1229S0x3ff	[0x403, [0x1236, [0x2d5b, nil]]]
0x2d3eS0x1229S0x3ff	[0x403, [0x1236, [0x2d3e, nil]]]
0x2d62S0x1229S0x3ff	[0x403, [0x1236, [0x2d62, nil]]]
0x2d48S0x1229S0x3ff	[0x403, [0x1236, [0x2d48, nil]]]
0x2d49S0x1229S0x3ff	[0x403, [0x1236, [0x2d49, nil]]]
0x2d4eS0x1229S0x3ff	[0x403, [0x1236, [0x2d4e, nil]]]
0x243cS0x2d52S0x1229S0x3ff	[0x403, [0x1236, [0x2d5e, [0x243c, nil]]]]
0x243fS0x2d52S0x1229S0x3ff	[0x403, [0x1236, [0x2d5e, [0x243f, nil]]]]
0x2df8S0x1386S0x3ff	[0x403, [0x139e, [0x2df8, nil]]]
0x2df9S0x1386S0x3ff	[0x403, [0x139e, [0x2df9, nil]]]
0x2dfcS0x1386S0x3ff	[0x403, [0x139e, [0x2dfc, nil]]]
0x2dffS0x1386S0x3ff	[0x403, [0x139e, [0x2dff, nil]]]
0x2e02S0x1386S0x3ff	[0x403, [0x139e, [0x2e02, nil]]]
0x2e04S0x1386S0x3ff	[0x403, [0x139e, [0x2e04, nil]]]
0x2e06S0x1386S0x3ff	[0x403, [0x139e, [0x2e06, nil]]]
0x2da1S0x1386S0x3ff	[0x403, [0x139e, [0x2da1, nil]]]
0x2da7S0x1386S0x3ff	[0x403, [0x139e, [0x2da7, nil]]]
0x2dacS0x1386S0x3ff	[0x403, [0x139e, [0x2dac, nil]]]
0x2db0S0x1386S0x3ff	[0x403, [0x139e, [0x2db0, nil]]]
0x2db6S0x1386S0x3ff	[0x403, [0x139e, [0x2db6, nil]]]
0x2dcaS0x1386S0x3ff	[0x403, [0x139e, [0x2dca, nil]]]
0x2dcfS0x1386S0x3ff	[0x403, [0x139e, [0x2dcf, nil]]]
0x2dd6S0x1386S0x3ff	[0x403, [0x139e, [0x2dd6, nil]]]
0x2ddbS0x1386S0x3ff	[0x403, [0x139e, [0x2ddb, nil]]]
0x2ddeS0x1386S0x3ff	[0x403, [0x139e, [0x2dde, nil]]]
0x2ddfS0x1386S0x3ff	[0x403, [0x139e, [0x2ddf, nil]]]
0x2de4S0x1386S0x3ff	[0x403, [0x139e, [0x2de4, nil]]]
0x2de8S0x1386S0x3ff	[0x403, [0x139e, [0x2de8, nil]]]
0x2deeS0x1386S0x3ff	[0x403, [0x139e, [0x2dee, nil]]]
0x2e0dS0x1386S0x3ff	[0x403, [0x139e, [0x2e0d, nil]]]
0x2e0eS0x1386S0x3ff	[0x403, [0x139e, [0x2e0e, nil]]]
0x2e11S0x1386S0x3ff	[0x403, [0x139e, [0x2e11, nil]]]
0x2e13S0x1386S0x3ff	[0x403, [0x139e, [0x2e13, nil]]]
0x2e19S0x1386S0x3ff	[0x403, [0x139e, [0x2e19, nil]]]
0x2e20S0x1386S0x3ff	[0x403, [0x139e, [0x2e20, nil]]]
0x2e23S0x1386S0x3ff	[0x403, [0x139e, [0x2e23, nil]]]
0x2e26S0x1386S0x3ff	[0x403, [0x139e, [0x2e26, nil]]]
0x2e28S0x1386S0x3ff	[0x403, [0x139e, [0x2e28, nil]]]
0x2d94S0x1386S0x3ff	[0x403, [0x139e, [0x2d94, nil]]]
0x2d95S0x1386S0x3ff	[0x403, [0x139e, [0x2d95, nil]]]
0x2d9aS0x1386S0x3ff	[0x403, [0x139e, [0x2d9a, nil]]]
0x2e2fS0x1386S0x3ff	[0x403, [0x139e, [0x2e2f, nil]]]
0x2e30S0x1386S0x3ff	[0x403, [0x139e, [0x2e30, nil]]]
0x2e33S0x1386S0x3ff	[0x403, [0x139e, [0x2e33, nil]]]
0x2e35S0x1386S0x3ff	[0x403, [0x139e, [0x2e35, nil]]]
0x2e3aS0x1386S0x3ff	[0x403, [0x139e, [0x2e3a, nil]]]
0x2dc0S0x1386S0x3ff	[0x403, [0x139e, [0x2dc0, nil]]]
0x2dc1S0x1386S0x3ff	[0x403, [0x139e, [0x2dc1, nil]]]
0x2dc5S0x1386S0x3ff	[0x403, [0x139e, [0x2dc5, nil]]]
0x243cS0x2d9eS0x1386S0x3ff	[0x403, [0x139e, [0x2daa, [0x243c, nil]]]]
0x243fS0x2d9eS0x1386S0x3ff	[0x403, [0x139e, [0x2daa, [0x243f, nil]]]]
0x1ef0S0x2dabS0x1386S0x3ff	[0x403, [0x139e, [0x2db3, [0x1ef0, nil]]]]
0x1ef1S0x2dabS0x1386S0x3ff	[0x403, [0x139e, [0x2db3, [0x1ef1, nil]]]]
0x1ef3S0x2dabS0x1386S0x3ff	[0x403, [0x139e, [0x2db3, [0x1ef3, nil]]]]
0x1ef4S0x2dabS0x1386S0x3ff	[0x403, [0x139e, [0x2db3, [0x1ef4, nil]]]]
0x1ef7S0x2dabS0x1386S0x3ff	[0x403, [0x139e, [0x2db3, [0x1ef7, nil]]]]
0x1ef8S0x2dabS0x1386S0x3ff	[0x403, [0x139e, [0x2db3, [0x1ef8, nil]]]]
0x2d84S0x2dc9S0x1386S0x3ff	[0x403, [0x139e, [0x2dd2, [0x2d84, nil]]]]
0x2d88S0x2dc9S0x1386S0x3ff	[0x403, [0x139e, [0x2dd2, [0x2d88, nil]]]]
0x2d8bS0x2dc9S0x1386S0x3ff	[0x403, [0x139e, [0x2dd2, [0x2d8b, nil]]]]
0x1ee5S0x2dd3S0x1386S0x3ff	[0x403, [0x139e, [0x2de2, [0x1ee5, nil]]]]
0x1ee8S0x2dd3S0x1386S0x3ff	[0x403, [0x139e, [0x2de2, [0x1ee8, nil]]]]
0x1eccS0x2dd3S0x1386S0x3ff	[0x403, [0x139e, [0x2de2, [0x1ecc, nil]]]]
0x1ecdS0x2dd3S0x1386S0x3ff	[0x403, [0x139e, [0x2de2, [0x1ecd, nil]]]]
0x1eceS0x2dd3S0x1386S0x3ff	[0x403, [0x139e, [0x2de2, [0x1ece, nil]]]]
0x1ec8S0x2dd3S0x1386S0x3ff	[0x403, [0x139e, [0x2de2, [0x1ec8, nil]]]]
0x1ed4S0x2dd3S0x1386S0x3ff	[0x403, [0x139e, [0x2de2, [0x1ed4, nil]]]]
0x1ed5S0x2dd3S0x1386S0x3ff	[0x403, [0x139e, [0x2de2, [0x1ed5, nil]]]]
0x1ed8S0x2dd3S0x1386S0x3ff	[0x403, [0x139e, [0x2de2, [0x1ed8, nil]]]]
0x1edaS0x2dd3S0x1386S0x3ff	[0x403, [0x139e, [0x2de2, [0x1eda, nil]]]]
0x1eddS0x2dd3S0x1386S0x3ff	[0x403, [0x139e, [0x2de2, [0x1edd, nil]]]]
0x1ee0S0x2dd3S0x1386S0x3ff	[0x403, [0x139e, [0x2de2, [0x1ee0, nil]]]]
0x1ef0S0x2de3S0x1386S0x3ff	[0x403, [0x139e, [0x2deb, [0x1ef0, nil]]]]
0x1ef1S0x2de3S0x1386S0x3ff	[0x403, [0x139e, [0x2deb, [0x1ef1, nil]]]]
0x1ef3S0x2de3S0x1386S0x3ff	[0x403, [0x139e, [0x2deb, [0x1ef3, nil]]]]
0x1ef4S0x2de3S0x1386S0x3ff	[0x403, [0x139e, [0x2deb, [0x1ef4, nil]]]]
0x1ef7S0x2de3S0x1386S0x3ff	[0x403, [0x139e, [0x2deb, [0x1ef7, nil]]]]
0x1ef8S0x2de3S0x1386S0x3ff	[0x403, [0x139e, [0x2deb, [0x1ef8, nil]]]]
0x2d84S0x2d93S0x1386S0x3ff	[0x403, [0x139e, [0x2d9d, [0x2d84, nil]]]]
0x2d88S0x2d93S0x1386S0x3ff	[0x403, [0x139e, [0x2d9d, [0x2d88, nil]]]]
0x2d8bS0x2d93S0x1386S0x3ff	[0x403, [0x139e, [0x2d9d, [0x2d8b, nil]]]]
0x1eaeS0x2dbfS0x1386S0x3ff	[0x403, [0x139e, [0x2dc8, [0x1eae, nil]]]]
0x1eb0S0x2dbfS0x1386S0x3ff	[0x403, [0x139e, [0x2dc8, [0x1eb0, nil]]]]
0x20f3S0x2df7S0x1386S0x3ff	[0x403, [0x139e, [0x2e09, [0x20f3, nil]]]]
0x20f7S0x2df7S0x1386S0x3ff	[0x403, [0x139e, [0x2e09, [0x20f7, nil]]]]
0x1c54S0x20f2S0x2df7S0x1386S0x3ff	[0x403, [0x139e, [0x2e09, [0x20fa, [0x1c54, nil]]]]]
0x1a03S0x2e1dS0x1386S0x3ff	[0x403, [0x139e, [0x2e2b, [0x1a03, nil]]]]
0x1a07S0x2e1dS0x1386S0x3ff	[0x403, [0x139e, [0x2e2b, [0x1a07, nil]]]]
0x19f8S0x1a02S0x2e1dS0x1386S0x3ff	[0x403, [0x139e, [0x2e2b, [0x1a0a, [0x19f8, nil]]]]]
0x19faS0x1a02S0x2e1dS0x1386S0x3ff	[0x403, [0x139e, [0x2e2b, [0x1a0a, [0x19fa, nil]]]]]
0x19fbS0x1a02S0x2e1dS0x1386S0x3ff	[0x403, [0x139e, [0x2e2b, [0x1a0a, [0x19fb, nil]]]]]
0x2e64S0x17a6	[0x1857, [0x2e64, nil]]
0x2e65S0x17a6	[0x1857, [0x2e65, nil]]
0x2e68S0x17a6	[0x1857, [0x2e68, nil]]
0x2e6bS0x17a6	[0x1857, [0x2e6b, nil]]
0x2e6eS0x17a6	[0x1857, [0x2e6e, nil]]
0x2e70S0x17a6	[0x1857, [0x2e70, nil]]
0x2e72S0x17a6	[0x1857, [0x2e72, nil]]
0x2e77S0x17a6	[0x1857, [0x2e77, nil]]
0x2e7aS0x17a6	[0x1857, [0x2e7a, nil]]
0x2e7dS0x17a6	[0x1857, [0x2e7d, nil]]
0x2e7fS0x17a6	[0x1857, [0x2e7f, nil]]
0x2e84S0x17a6	[0x1857, [0x2e84, nil]]
0x2e87S0x17a6	[0x1857, [0x2e87, nil]]
0x2e8aS0x17a6	[0x1857, [0x2e8a, nil]]
0x2e8cS0x17a6	[0x1857, [0x2e8c, nil]]
0x2e91S0x17a6	[0x1857, [0x2e91, nil]]
0x2e94S0x17a6	[0x1857, [0x2e94, nil]]
0x2e97S0x17a6	[0x1857, [0x2e97, nil]]
0x2e99S0x17a6	[0x1857, [0x2e99, nil]]
0x2e9eS0x17a6	[0x1857, [0x2e9e, nil]]
0x2ea1S0x17a6	[0x1857, [0x2ea1, nil]]
0x2ea4S0x17a6	[0x1857, [0x2ea4, nil]]
0x2ea6S0x17a6	[0x1857, [0x2ea6, nil]]
0x1a34S0x2e63S0x17a6	[0x1857, [0x2e75, [0x1a34, nil]]]
0x1a38S0x2e63S0x17a6	[0x1857, [0x2e75, [0x1a38, nil]]]
0x1a2bS0x1a33S0x2e63S0x17a6	[0x1857, [0x2e75, [0x1a3b, [0x1a2b, nil]]]]
0x1a34S0x2e76S0x17a6	[0x1857, [0x2e82, [0x1a34, nil]]]
0x1a38S0x2e76S0x17a6	[0x1857, [0x2e82, [0x1a38, nil]]]
0x1a2bS0x1a33S0x2e76S0x17a6	[0x1857, [0x2e82, [0x1a3b, [0x1a2b, nil]]]]
0x1a34S0x2e83S0x17a6	[0x1857, [0x2e8f, [0x1a34, nil]]]
0x1a38S0x2e83S0x17a6	[0x1857, [0x2e8f, [0x1a38, nil]]]
0x1a2bS0x1a33S0x2e83S0x17a6	[0x1857, [0x2e8f, [0x1a3b, [0x1a2b, nil]]]]
0x20f3S0x2e90S0x17a6	[0x1857, [0x2e9c, [0x20f3, nil]]]
0x20f7S0x2e90S0x17a6	[0x1857, [0x2e9c, [0x20f7, nil]]]
0x1c54S0x20f2S0x2e90S0x17a6	[0x1857, [0x2e9c, [0x20fa, [0x1c54, nil]]]]
0x2597S0x2e9dS0x17a6	[0x1857, [0x2ea9, [0x2597, nil]]]
0x259bS0x2e9dS0x17a6	[0x1857, [0x2ea9, [0x259b, nil]]]
0x1ad0S0x2596S0x2e9dS0x17a6	[0x1857, [0x2ea9, [0x259e, [0x1ad0, nil]]]]
0x1ad1S0x2596S0x2e9dS0x17a6	[0x1857, [0x2ea9, [0x259e, [0x1ad1, nil]]]]
0x1ad5S0x2596S0x2e9dS0x17a6	[0x1857, [0x2ea9, [0x259e, [0x1ad5, nil]]]]
0x1ab1S0x1acfS0x2596S0x2e9dS0x17a6	[0x1857, [0x2ea9, [0x259e, [0x1ad8, [0x1ab1, nil]]]]]
0x1ab2S0x1acfS0x2596S0x2e9dS0x17a6	[0x1857, [0x2ea9, [0x259e, [0x1ad8, [0x1ab2, nil]]]]]
0x1ac8S0x1acfS0x2596S0x2e9dS0x17a6	[0x1857, [0x2ea9, [0x259e, [0x1ad8, [0x1ac8, nil]]]]]
0x2575S0x6fa	[0x722, [0x2575, nil]]
0x2576S0x6fa	[0x722, [0x2576, nil]]
0x2579S0x6fa	[0x722, [0x2579, nil]]
0x257eS0x6fa	[0x722, [0x257e, nil]]
0x257fS0x6fa	[0x722, [0x257f, nil]]
0x2581S0x6fa	[0x722, [0x2581, nil]]
0x2583S0x6fa	[0x722, [0x2583, nil]]
0x2589S0x6fa	[0x722, [0x2589, nil]]
0x250fS0x2574S0x6fa	[0x722, [0x258c, [0x250f, nil]]]
0x2512S0x2574S0x6fa	[0x722, [0x258c, [0x2512, nil]]]
0x2514S0x2574S0x6fa	[0x722, [0x258c, [0x2514, nil]]]
0x2515S0x2574S0x6fa	[0x722, [0x258c, [0x2515, nil]]]
0x2519S0x2574S0x6fa	[0x722, [0x258c, [0x2519, nil]]]
0x251fS0x2574S0x6fa	[0x722, [0x258c, [0x251f, nil]]]
0x242fS0x2574S0x6fa	[0x722, [0x258c, [0x242f, nil]]]
0x2538S0x2574S0x6fa	[0x722, [0x258c, [0x2538, nil]]]
0x253eS0x2574S0x6fa	[0x722, [0x258c, [0x253e, nil]]]
0x2545S0x2574S0x6fa	[0x722, [0x258c, [0x2545, nil]]]
0x2549S0x2574S0x6fa	[0x722, [0x258c, [0x2549, nil]]]
0x2550S0x2574S0x6fa	[0x722, [0x258c, [0x2550, nil]]]
0x2553S0x2574S0x6fa	[0x722, [0x258c, [0x2553, nil]]]
0x2558S0x2574S0x6fa	[0x722, [0x258c, [0x2558, nil]]]
0x255bS0x2574S0x6fa	[0x722, [0x258c, [0x255b, nil]]]
0x255eS0x2574S0x6fa	[0x722, [0x258c, [0x255e, nil]]]
0x24f5S0x2574S0x6fa	[0x722, [0x258c, [0x24f5, nil]]]
0x24f6S0x2574S0x6fa	[0x722, [0x258c, [0x24f6, nil]]]
0x24f9S0x2574S0x6fa	[0x722, [0x258c, [0x24f9, nil]]]
0x2523S0x2574S0x6fa	[0x722, [0x258c, [0x2523, nil]]]
0x2524S0x2574S0x6fa	[0x722, [0x258c, [0x2524, nil]]]
0x2525S0x2574S0x6fa	[0x722, [0x258c, [0x2525, nil]]]
0x2501S0x2574S0x6fa	[0x722, [0x258c, [0x2501, nil]]]
0x2502S0x2574S0x6fa	[0x722, [0x258c, [0x2502, nil]]]
0x2507S0x2574S0x6fa	[0x722, [0x258c, [0x2507, nil]]]
0x252bS0x2574S0x6fa	[0x722, [0x258c, [0x252b, nil]]]
0x252eS0x2574S0x6fa	[0x722, [0x258c, [0x252e, nil]]]
0x2533S0x2574S0x6fa	[0x722, [0x258c, [0x2533, nil]]]
0x1e8fS0x2500S0x2574S0x6fa	[0x722, [0x258c, [0x250a, [0x1e8f, nil]]]]
0x1e93S0x2500S0x2574S0x6fa	[0x722, [0x258c, [0x250a, [0x1e93, nil]]]]
0x1e96S0x2500S0x2574S0x6fa	[0x722, [0x258c, [0x250a, [0x1e96, nil]]]]
0x24a6S0x2529S0x2574S0x6fa	[0x722, [0x258c, [0x2536, [0x24a6, nil]]]]
0x24a9S0x2529S0x2574S0x6fa	[0x722, [0x258c, [0x2536, [0x24a9, nil]]]]
0x24ceS0x2529S0x2574S0x6fa	[0x722, [0x258c, [0x2536, [0x24ce, nil]]]]
0x24d1S0x2529S0x2574S0x6fa	[0x722, [0x258c, [0x2536, [0x24d1, nil]]]]
0x24e4S0x2529S0x2574S0x6fa	[0x722, [0x258c, [0x2536, [0x24e4, nil]]]]
0x24e7S0x2529S0x2574S0x6fa	[0x722, [0x258c, [0x2536, [0x24e7, nil]]]]
0x24b1S0x2529S0x2574S0x6fa	[0x722, [0x258c, [0x2536, [0x24b1, nil]]]]
0x24b5S0x2529S0x2574S0x6fa	[0x722, [0x258c, [0x2536, [0x24b5, nil]]]]
0x24b8S0x2529S0x2574S0x6fa	[0x722, [0x258c, [0x2536, [0x24b8, nil]]]]
0x24bbS0x2529S0x2574S0x6fa	[0x722, [0x258c, [0x2536, [0x24bb, nil]]]]
0x24beS0x2529S0x2574S0x6fa	[0x722, [0x258c, [0x2536, [0x24be, nil]]]]
0x24c8S0x2529S0x2574S0x6fa	[0x722, [0x258c, [0x2536, [0x24c8, nil]]]]
0x24c9S0x2529S0x2574S0x6fa	[0x722, [0x258c, [0x2536, [0x24c9, nil]]]]
0x24caS0x2529S0x2574S0x6fa	[0x722, [0x258c, [0x2536, [0x24ca, nil]]]]
0x248fS0x2529S0x2574S0x6fa	[0x722, [0x258c, [0x2536, [0x248f, nil]]]]
0x24d7S0x2529S0x2574S0x6fa	[0x722, [0x258c, [0x2536, [0x24d7, nil]]]]
0x24daS0x2529S0x2574S0x6fa	[0x722, [0x258c, [0x2536, [0x24da, nil]]]]
0x24dbS0x2529S0x2574S0x6fa	[0x722, [0x258c, [0x2536, [0x24db, nil]]]]
0x24dcS0x2529S0x2574S0x6fa	[0x722, [0x258c, [0x2536, [0x24dc, nil]]]]
0x24deS0x2529S0x2574S0x6fa	[0x722, [0x258c, [0x2536, [0x24de, nil]]]]
0x24dfS0x2529S0x2574S0x6fa	[0x722, [0x258c, [0x2536, [0x24df, nil]]]]
0x24e0S0x2529S0x2574S0x6fa	[0x722, [0x258c, [0x2536, [0x24e0, nil]]]]
0x2487S0x2529S0x2574S0x6fa	[0x722, [0x258c, [0x2536, [0x2487, nil]]]]
0x248bS0x2529S0x2574S0x6fa	[0x722, [0x258c, [0x2536, [0x248b, nil]]]]
0x2493S0x2529S0x2574S0x6fa	[0x722, [0x258c, [0x2536, [0x2493, nil]]]]
0x2496S0x2529S0x2574S0x6fa	[0x722, [0x258c, [0x2536, [0x2496, nil]]]]
0x2497S0x2529S0x2574S0x6fa	[0x722, [0x258c, [0x2536, [0x2497, nil]]]]
0x2499S0x2529S0x2574S0x6fa	[0x722, [0x258c, [0x2536, [0x2499, nil]]]]
0x249bS0x2529S0x2574S0x6fa	[0x722, [0x258c, [0x2536, [0x249b, nil]]]]
0x249dS0x2529S0x2574S0x6fa	[0x722, [0x258c, [0x2536, [0x249d, nil]]]]
0x249eS0x2529S0x2574S0x6fa	[0x722, [0x258c, [0x2536, [0x249e, nil]]]]
0x249fS0x2529S0x2574S0x6fa	[0x722, [0x258c, [0x2536, [0x249f, nil]]]]
0x24a1S0x2529S0x2574S0x6fa	[0x722, [0x258c, [0x2536, [0x24a1, nil]]]]
0x24a2S0x2529S0x2574S0x6fa	[0x722, [0x258c, [0x2536, [0x24a2, nil]]]]
0x2453S0x2537S0x2574S0x6fa	[0x722, [0x258c, [0x2541, [0x2453, nil]]]]
0x2459S0x2537S0x2574S0x6fa	[0x722, [0x258c, [0x2541, [0x2459, nil]]]]
0x245eS0x2537S0x2574S0x6fa	[0x722, [0x258c, [0x2541, [0x245e, nil]]]]
0x2462S0x2537S0x2574S0x6fa	[0x722, [0x258c, [0x2541, [0x2462, nil]]]]
0x2468S0x2537S0x2574S0x6fa	[0x722, [0x258c, [0x2541, [0x2468, nil]]]]
0x2446S0x2537S0x2574S0x6fa	[0x722, [0x258c, [0x2541, [0x2446, nil]]]]
0x2447S0x2537S0x2574S0x6fa	[0x722, [0x258c, [0x2541, [0x2447, nil]]]]
0x244cS0x2537S0x2574S0x6fa	[0x722, [0x258c, [0x2541, [0x244c, nil]]]]
0x2472S0x2537S0x2574S0x6fa	[0x722, [0x258c, [0x2541, [0x2472, nil]]]]
0x2473S0x2537S0x2574S0x6fa	[0x722, [0x258c, [0x2541, [0x2473, nil]]]]
0x2479S0x2537S0x2574S0x6fa	[0x722, [0x258c, [0x2541, [0x2479, nil]]]]
0x243cS0x2450S0x2537S0x2574S0x6fa	[0x722, [0x258c, [0x2541, [0x245c, [0x243c, nil]]]]]
0x243fS0x2450S0x2537S0x2574S0x6fa	[0x722, [0x258c, [0x2541, [0x245c, [0x243f, nil]]]]]
0x1ef0S0x245dS0x2537S0x2574S0x6fa	[0x722, [0x258c, [0x2541, [0x2465, [0x1ef0, nil]]]]]
0x1ef1S0x245dS0x2537S0x2574S0x6fa	[0x722, [0x258c, [0x2541, [0x2465, [0x1ef1, nil]]]]]
0x1ef3S0x245dS0x2537S0x2574S0x6fa	[0x722, [0x258c, [0x2541, [0x2465, [0x1ef3, nil]]]]]
0x1ef4S0x245dS0x2537S0x2574S0x6fa	[0x722, [0x258c, [0x2541, [0x2465, [0x1ef4, nil]]]]]
0x1ef7S0x245dS0x2537S0x2574S0x6fa	[0x722, [0x258c, [0x2541, [0x2465, [0x1ef7, nil]]]]]
0x1ef8S0x245dS0x2537S0x2574S0x6fa	[0x722, [0x258c, [0x2541, [0x2465, [0x1ef8, nil]]]]]
0x1eb8S0x2445S0x2537S0x2574S0x6fa	[0x722, [0x258c, [0x2541, [0x244f, [0x1eb8, nil]]]]]
0x1ebcS0x2445S0x2537S0x2574S0x6fa	[0x722, [0x258c, [0x2541, [0x244f, [0x1ebc, nil]]]]]
0x1ebfS0x2445S0x2537S0x2574S0x6fa	[0x722, [0x258c, [0x2541, [0x244f, [0x1ebf, nil]]]]]
0x25a6S0x723	[0x74f, [0x25a6, nil]]
0x25a7S0x723	[0x74f, [0x25a7, nil]]
0x25aaS0x723	[0x74f, [0x25aa, nil]]
0x25adS0x723	[0x74f, [0x25ad, nil]]
0x25b0S0x723	[0x74f, [0x25b0, nil]]
0x25b2S0x723	[0x74f, [0x25b2, nil]]
0x25b4S0x723	[0x74f, [0x25b4, nil]]
0x25b9S0x723	[0x74f, [0x25b9, nil]]
0x25bcS0x723	[0x74f, [0x25bc, nil]]
0x25bfS0x723	[0x74f, [0x25bf, nil]]
0x25c1S0x723	[0x74f, [0x25c1, nil]]
0x25c6S0x723	[0x74f, [0x25c6, nil]]
0x25c9S0x723	[0x74f, [0x25c9, nil]]
0x25ccS0x723	[0x74f, [0x25cc, nil]]
0x25ceS0x723	[0x74f, [0x25ce, nil]]
0x25d3S0x723	[0x74f, [0x25d3, nil]]
0x25d6S0x723	[0x74f, [0x25d6, nil]]
0x25d9S0x723	[0x74f, [0x25d9, nil]]
0x25dbS0x723	[0x74f, [0x25db, nil]]
0x25e0S0x723	[0x74f, [0x25e0, nil]]
0x25e3S0x723	[0x74f, [0x25e3, nil]]
0x25e6S0x723	[0x74f, [0x25e6, nil]]
0x25e8S0x723	[0x74f, [0x25e8, nil]]
0x25edS0x723	[0x74f, [0x25ed, nil]]
0x25f0S0x723	[0x74f, [0x25f0, nil]]
0x25f3S0x723	[0x74f, [0x25f3, nil]]
0x25f5S0x723	[0x74f, [0x25f5, nil]]
0x1a34S0x25a5S0x723	[0x74f, [0x25b7, [0x1a34, nil]]]
0x1a38S0x25a5S0x723	[0x74f, [0x25b7, [0x1a38, nil]]]
0x1a2bS0x1a33S0x25a5S0x723	[0x74f, [0x25b7, [0x1a3b, [0x1a2b, nil]]]]
0x1a34S0x25b8S0x723	[0x74f, [0x25c4, [0x1a34, nil]]]
0x1a38S0x25b8S0x723	[0x74f, [0x25c4, [0x1a38, nil]]]
0x1a2bS0x1a33S0x25b8S0x723	[0x74f, [0x25c4, [0x1a3b, [0x1a2b, nil]]]]
0x1a34S0x25c5S0x723	[0x74f, [0x25d1, [0x1a34, nil]]]
0x1a38S0x25c5S0x723	[0x74f, [0x25d1, [0x1a38, nil]]]
0x1a2bS0x1a33S0x25c5S0x723	[0x74f, [0x25d1, [0x1a3b, [0x1a2b, nil]]]]
0x1a34S0x25d2S0x723	[0x74f, [0x25de, [0x1a34, nil]]]
0x1a38S0x25d2S0x723	[0x74f, [0x25de, [0x1a38, nil]]]
0x1a2bS0x1a33S0x25d2S0x723	[0x74f, [0x25de, [0x1a3b, [0x1a2b, nil]]]]
0x20f3S0x25ecS0x723	[0x74f, [0x25f8, [0x20f3, nil]]]
0x20f7S0x25ecS0x723	[0x74f, [0x25f8, [0x20f7, nil]]]
0x1c54S0x20f2S0x25ecS0x723	[0x74f, [0x25f8, [0x20fa, [0x1c54, nil]]]]
0x2597S0x25dfS0x723	[0x74f, [0x25eb, [0x2597, nil]]]
0x259bS0x25dfS0x723	[0x74f, [0x25eb, [0x259b, nil]]]
0x1ad0S0x2596S0x25dfS0x723	[0x74f, [0x25eb, [0x259e, [0x1ad0, nil]]]]
0x1ad1S0x2596S0x25dfS0x723	[0x74f, [0x25eb, [0x259e, [0x1ad1, nil]]]]
0x1ad5S0x2596S0x25dfS0x723	[0x74f, [0x25eb, [0x259e, [0x1ad5, nil]]]]
0x1ab1S0x1acfS0x2596S0x25dfS0x723	[0x74f, [0x25eb, [0x259e, [0x1ad8, [0x1ab1, nil]]]]]
0x1ab2S0x1acfS0x2596S0x25dfS0x723	[0x74f, [0x25eb, [0x259e, [0x1ad8, [0x1ab2, nil]]]]]
0x1ac8S0x1acfS0x2596S0x25dfS0x723	[0x74f, [0x25eb, [0x259e, [0x1ad8, [0x1ac8, nil]]]]]
0xee6S0x917	[0x92c, [0xee6, nil]]
0xee8S0x917	[0x92c, [0xee8, nil]]
0xee9S0x917	[0x92c, [0xee9, nil]]
0xf0cS0x917	[0x92c, [0xf0c, nil]]
0xf0eS0x917	[0x92c, [0xf0e, nil]]
0xf0fS0x917	[0x92c, [0xf0f, nil]]
0xf13S0x917	[0x92c, [0xf13, nil]]
0xf2eS0x917	[0x92c, [0xf2e, nil]]
0xf30S0x917	[0x92c, [0xf30, nil]]
0xf31S0x917	[0x92c, [0xf31, nil]]
0xf54S0x917	[0x92c, [0xf54, nil]]
0xf56S0x917	[0x92c, [0xf56, nil]]
0xf57S0x917	[0x92c, [0xf57, nil]]
0xf5bS0x917	[0x92c, [0xf5b, nil]]
0xf75S0x917	[0x92c, [0xf75, nil]]
0xf77S0x917	[0x92c, [0xf77, nil]]
0xf78S0x917	[0x92c, [0xf78, nil]]
0xf9bS0x917	[0x92c, [0xf9b, nil]]
0xf9dS0x917	[0x92c, [0xf9d, nil]]
0xf9eS0x917	[0x92c, [0xf9e, nil]]
0xfa2S0x917	[0x92c, [0xfa2, nil]]
0xfc4S0x917	[0x92c, [0xfc4, nil]]
0xfc7S0x917	[0x92c, [0xfc7, nil]]
0x1012S0x917	[0x92c, [0x1012, nil]]
0x1015S0x917	[0x92c, [0x1015, nil]]
0x105eS0x917	[0x92c, [0x105e, nil]]
0x105fS0x917	[0x92c, [0x105f, nil]]
0x1074S0x917	[0x92c, [0x1074, nil]]
0x107aS0x917	[0x92c, [0x107a, nil]]
0x107bS0x917	[0x92c, [0x107b, nil]]
0x107fS0x917	[0x92c, [0x107f, nil]]
0x1082S0x917	[0x92c, [0x1082, nil]]
0x10b8S0x917	[0x92c, [0x10b8, nil]]
0x10baS0x917	[0x92c, [0x10ba, nil]]
0x10bbS0x917	[0x92c, [0x10bb, nil]]
0x10deS0x917	[0x92c, [0x10de, nil]]
0x10e0S0x917	[0x92c, [0x10e0, nil]]
0x10e1S0x917	[0x92c, [0x10e1, nil]]
0x10e5S0x917	[0x92c, [0x10e5, nil]]
0x1114S0x917	[0x92c, [0x1114, nil]]
0x1117S0x917	[0x92c, [0x1117, nil]]
0x114dS0x917	[0x92c, [0x114d, nil]]
0x114fS0x917	[0x92c, [0x114f, nil]]
0x1150S0x917	[0x92c, [0x1150, nil]]
0x1173S0x917	[0x92c, [0x1173, nil]]
0x1175S0x917	[0x92c, [0x1175, nil]]
0x1176S0x917	[0x92c, [0x1176, nil]]
0x117aS0x917	[0x92c, [0x117a, nil]]
0x1193S0x917	[0x92c, [0x1193, nil]]
0x1196S0x917	[0x92c, [0x1196, nil]]
0x11b2S0x917	[0x92c, [0x11b2, nil]]
0x11b5S0x917	[0x92c, [0x11b5, nil]]
0x11f0S0x917	[0x92c, [0x11f0, nil]]
0x11f3S0x917	[0x92c, [0x11f3, nil]]
0x120fS0x917	[0x92c, [0x120f, nil]]
0x1212S0x917	[0x92c, [0x1212, nil]]
0x1252S0x917	[0x92c, [0x1252, nil]]
0x1254S0x917	[0x92c, [0x1254, nil]]
0x1257S0x917	[0x92c, [0x1257, nil]]
0x1259S0x917	[0x92c, [0x1259, nil]]
0x125aS0x917	[0x92c, [0x125a, nil]]
0x125cS0x917	[0x92c, [0x125c, nil]]
0x125dS0x917	[0x92c, [0x125d, nil]]
0x125eS0x917	[0x92c, [0x125e, nil]]
0x1260S0x917	[0x92c, [0x1260, nil]]
0x1261S0x917	[0x92c, [0x1261, nil]]
0x1264S0x917	[0x92c, [0x1264, nil]]
0x1267S0x917	[0x92c, [0x1267, nil]]
0x1268S0x917	[0x92c, [0x1268, nil]]
0x1269S0x917	[0x92c, [0x1269, nil]]
0x126cS0x917	[0x92c, [0x126c, nil]]
0x126eS0x917	[0x92c, [0x126e, nil]]
0x1283S0x917	[0x92c, [0x1283, nil]]
0x1286S0x917	[0x92c, [0x1286, nil]]
0x129dS0x917	[0x92c, [0x129d, nil]]
0x12a0S0x917	[0x92c, [0x12a0, nil]]
0x12c4S0x917	[0x92c, [0x12c4, nil]]
0x12c7S0x917	[0x92c, [0x12c7, nil]]
0x1324S0x917	[0x92c, [0x1324, nil]]
0x1327S0x917	[0x92c, [0x1327, nil]]
0x133eS0x917	[0x92c, [0x133e, nil]]
0x1341S0x917	[0x92c, [0x1341, nil]]
0x1363S0x917	[0x92c, [0x1363, nil]]
0x1366S0x917	[0x92c, [0x1366, nil]]
0x137eS0x917	[0x92c, [0x137e, nil]]
0x1381S0x917	[0x92c, [0x1381, nil]]
0x13b8S0x917	[0x92c, [0x13b8, nil]]
0x13bbS0x917	[0x92c, [0x13bb, nil]]
0x1413S0x917	[0x92c, [0x1413, nil]]
0x1416S0x917	[0x92c, [0x1416, nil]]
0xec6S0x917	[0x92c, [0xec6, nil]]
0xec9S0x917	[0x92c, [0xec9, nil]]
0xeccS0x917	[0x92c, [0xecc, nil]]
0xed1S0x917	[0x92c, [0xed1, nil]]
0xed4S0x917	[0x92c, [0xed4, nil]]
0xee1S0x917	[0x92c, [0xee1, nil]]
0xee2S0x917	[0x92c, [0xee2, nil]]
0xf29S0x917	[0x92c, [0xf29, nil]]
0xf2aS0x917	[0x92c, [0xf2a, nil]]
0xf18S0x917	[0x92c, [0xf18, nil]]
0xf1aS0x917	[0x92c, [0xf1a, nil]]
0xf1dS0x917	[0x92c, [0xf1d, nil]]
0xf69S0x917	[0x92c, [0xf69, nil]]
0xf6fS0x917	[0x92c, [0xf6f, nil]]
0xf70S0x917	[0x92c, [0xf70, nil]]
0xf71S0x917	[0x92c, [0xf71, nil]]
0xf60S0x917	[0x92c, [0xf60, nil]]
0xf62S0x917	[0x92c, [0xf62, nil]]
0xf65S0x917	[0x92c, [0xf65, nil]]
0xfb4S0x917	[0x92c, [0xfb4, nil]]
0xfbeS0x917	[0x92c, [0xfbe, nil]]
0xfbfS0x917	[0x92c, [0xfbf, nil]]
0xfc0S0x917	[0x92c, [0xfc0, nil]]
0xfa7S0x917	[0x92c, [0xfa7, nil]]
0xfa9S0x917	[0x92c, [0xfa9, nil]]
0xfacS0x917	[0x92c, [0xfac, nil]]
0xfcdS0x917	[0x92c, [0xfcd, nil]]
0xfcfS0x917	[0x92c, [0xfcf, nil]]
0xfd5S0x917	[0x92c, [0xfd5, nil]]
0xfd7S0x917	[0x92c, [0xfd7, nil]]
0xfd8S0x917	[0x92c, [0xfd8, nil]]
0xfdaS0x917	[0x92c, [0xfda, nil]]
0xfdcS0x917	[0x92c, [0xfdc, nil]]
0xfddS0x917	[0x92c, [0xfdd, nil]]
0xfe1S0x917	[0x92c, [0xfe1, nil]]
0xfe2S0x917	[0x92c, [0xfe2, nil]]
0x5ef0S0x917	[0x92c, [0x2ba6, nil]]
0x5f11S0x917	[0x92c, [0x2bc7, nil]]
0x5f13S0x917	[0x92c, [0x2bc9, nil]]
0x5f15S0x917	[0x92c, [0x2bcb, nil]]
0x5f18S0x917	[0x92c, [0x2bce, nil]]
0x5f1aS0x917	[0x92c, [0x2bd0, nil]]
0x1002S0x917	[0x92c, [0x1002, nil]]
0x100cS0x917	[0x92c, [0x100c, nil]]
0x100dS0x917	[0x92c, [0x100d, nil]]
0x100eS0x917	[0x92c, [0x100e, nil]]
0x101bS0x917	[0x92c, [0x101b, nil]]
0x101dS0x917	[0x92c, [0x101d, nil]]
0x1023S0x917	[0x92c, [0x1023, nil]]
0x1025S0x917	[0x92c, [0x1025, nil]]
0x1026S0x917	[0x92c, [0x1026, nil]]
0x1028S0x917	[0x92c, [0x1028, nil]]
0x102aS0x917	[0x92c, [0x102a, nil]]
0x102bS0x917	[0x92c, [0x102b, nil]]
0x102fS0x917	[0x92c, [0x102f, nil]]
0x1030S0x917	[0x92c, [0x1030, nil]]
0x5f3cS0x917	[0x92c, [0x2ba6, nil]]
0x5f5dS0x917	[0x92c, [0x2bc7, nil]]
0x5f5fS0x917	[0x92c, [0x2bc9, nil]]
0x5f61S0x917	[0x92c, [0x2bcb, nil]]
0x5f64S0x917	[0x92c, [0x2bce, nil]]
0x5f66S0x917	[0x92c, [0x2bd0, nil]]
0x1051S0x917	[0x92c, [0x1051, nil]]
0x1039S0x917	[0x92c, [0x1039, nil]]
0x103dS0x917	[0x92c, [0x103d, nil]]
0x103fS0x917	[0x92c, [0x103f, nil]]
0x1041S0x917	[0x92c, [0x1041, nil]]
0x1044S0x917	[0x92c, [0x1044, nil]]
0x1047S0x917	[0x92c, [0x1047, nil]]
0x1436S0x917	[0x92c, [0x1436, nil]]
0x1439S0x917	[0x92c, [0x1439, nil]]
0x108aS0x917	[0x92c, [0x108a, nil]]
0x108cS0x917	[0x92c, [0x108c, nil]]
0x108dS0x917	[0x92c, [0x108d, nil]]
0x108eS0x917	[0x92c, [0x108e, nil]]
0x1091S0x917	[0x92c, [0x1091, nil]]
0x1093S0x917	[0x92c, [0x1093, nil]]
0x1098S0x917	[0x92c, [0x1098, nil]]
0x5f88S0x917	[0x92c, [0x2bd3, nil]]
0x5fa9S0x917	[0x92c, [0x2bf4, nil]]
0x5fabS0x917	[0x92c, [0x2bf6, nil]]
0x5fadS0x917	[0x92c, [0x2bf8, nil]]
0x5fb0S0x917	[0x92c, [0x2bfb, nil]]
0x5fb2S0x917	[0x92c, [0x2bfd, nil]]
0x109dS0x917	[0x92c, [0x109d, nil]]
0x10b2S0x917	[0x92c, [0x10b2, nil]]
0x10b3S0x917	[0x92c, [0x10b3, nil]]
0x10b4S0x917	[0x92c, [0x10b4, nil]]
0x10f3S0x917	[0x92c, [0x10f3, nil]]
0x10f4S0x917	[0x92c, [0x10f4, nil]]
0x1109S0x917	[0x92c, [0x1109, nil]]
0x110fS0x917	[0x92c, [0x110f, nil]]
0x1110S0x917	[0x92c, [0x1110, nil]]
0x10eaS0x917	[0x92c, [0x10ea, nil]]
0x10ecS0x917	[0x92c, [0x10ec, nil]]
0x10efS0x917	[0x92c, [0x10ef, nil]]
0x111fS0x917	[0x92c, [0x111f, nil]]
0x1121S0x917	[0x92c, [0x1121, nil]]
0x1122S0x917	[0x92c, [0x1122, nil]]
0x1123S0x917	[0x92c, [0x1123, nil]]
0x1126S0x917	[0x92c, [0x1126, nil]]
0x1128S0x917	[0x92c, [0x1128, nil]]
0x112dS0x917	[0x92c, [0x112d, nil]]
0x5fd4S0x917	[0x92c, [0x2bd3, nil]]
0x5ff5S0x917	[0x92c, [0x2bf4, nil]]
0x5ff7S0x917	[0x92c, [0x2bf6, nil]]
0x5ff9S0x917	[0x92c, [0x2bf8, nil]]
0x5ffcS0x917	[0x92c, [0x2bfb, nil]]
0x5ffeS0x917	[0x92c, [0x2bfd, nil]]
0x1132S0x917	[0x92c, [0x1132, nil]]
0x1147S0x917	[0x92c, [0x1147, nil]]
0x1148S0x917	[0x92c, [0x1148, nil]]
0x1149S0x917	[0x92c, [0x1149, nil]]
0x1188S0x917	[0x92c, [0x1188, nil]]
0x118eS0x917	[0x92c, [0x118e, nil]]
0x118fS0x917	[0x92c, [0x118f, nil]]
0x117fS0x917	[0x92c, [0x117f, nil]]
0x1181S0x917	[0x92c, [0x1181, nil]]
0x1184S0x917	[0x92c, [0x1184, nil]]
0x119eS0x917	[0x92c, [0x119e, nil]]
0x11a0S0x917	[0x92c, [0x11a0, nil]]
0x11a1S0x917	[0x92c, [0x11a1, nil]]
0x11a2S0x917	[0x92c, [0x11a2, nil]]
0x11a3S0x917	[0x92c, [0x11a3, nil]]
0x11a4S0x917	[0x92c, [0x11a4, nil]]
0x6020S0x917	[0x92c, [0x2bd3, nil]]
0x6041S0x917	[0x92c, [0x2bf4, nil]]
0x6043S0x917	[0x92c, [0x2bf6, nil]]
0x6045S0x917	[0x92c, [0x2bf8, nil]]
0x6048S0x917	[0x92c, [0x2bfb, nil]]
0x604aS0x917	[0x92c, [0x2bfd, nil]]
0x13adS0x917	[0x92c, [0x13ad, nil]]
0x13b1S0x917	[0x92c, [0x13b1, nil]]
0x13b3S0x917	[0x92c, [0x13b3, nil]]
0x13b4S0x917	[0x92c, [0x13b4, nil]]
0x11bdS0x917	[0x92c, [0x11bd, nil]]
0x11bfS0x917	[0x92c, [0x11bf, nil]]
0x11c0S0x917	[0x92c, [0x11c0, nil]]
0x11c1S0x917	[0x92c, [0x11c1, nil]]
0x11c4S0x917	[0x92c, [0x11c4, nil]]
0x11c6S0x917	[0x92c, [0x11c6, nil]]
0x11cbS0x917	[0x92c, [0x11cb, nil]]
0x606cS0x917	[0x92c, [0x2bd3, nil]]
0x608dS0x917	[0x92c, [0x2bf4, nil]]
0x608fS0x917	[0x92c, [0x2bf6, nil]]
0x6091S0x917	[0x92c, [0x2bf8, nil]]
0x6094S0x917	[0x92c, [0x2bfb, nil]]
0x6096S0x917	[0x92c, [0x2bfd, nil]]
0x11d0S0x917	[0x92c, [0x11d0, nil]]
0x11e5S0x917	[0x92c, [0x11e5, nil]]
0x11ebS0x917	[0x92c, [0x11eb, nil]]
0x11ecS0x917	[0x92c, [0x11ec, nil]]
0x11fbS0x917	[0x92c, [0x11fb, nil]]
0x11fdS0x917	[0x92c, [0x11fd, nil]]
0x11feS0x917	[0x92c, [0x11fe, nil]]
0x11ffS0x917	[0x92c, [0x11ff, nil]]
0x1200S0x917	[0x92c, [0x1200, nil]]
0x120aS0x917	[0x92c, [0x120a, nil]]
0x120bS0x917	[0x92c, [0x120b, nil]]
0x60b8S0x917	[0x92c, [0x2bd3, nil]]
0x60d9S0x917	[0x92c, [0x2bf4, nil]]
0x60dbS0x917	[0x92c, [0x2bf6, nil]]
0x60ddS0x917	[0x92c, [0x2bf8, nil]]
0x60e0S0x917	[0x92c, [0x2bfb, nil]]
0x60e2S0x917	[0x92c, [0x2bfd, nil]]
0x121aS0x917	[0x92c, [0x121a, nil]]
0x121cS0x917	[0x92c, [0x121c, nil]]
0x121eS0x917	[0x92c, [0x121e, nil]]
0x1220S0x917	[0x92c, [0x1220, nil]]
0x1225S0x917	[0x92c, [0x1225, nil]]
0x6104S0x917	[0x92c, [0x2bd3, nil]]
0x6125S0x917	[0x92c, [0x2bf4, nil]]
0x6127S0x917	[0x92c, [0x2bf6, nil]]
0x6129S0x917	[0x92c, [0x2bf8, nil]]
0x612cS0x917	[0x92c, [0x2bfb, nil]]
0x612eS0x917	[0x92c, [0x2bfd, nil]]
0x122aS0x917	[0x92c, [0x122a, nil]]
0x122cS0x917	[0x92c, [0x122c, nil]]
0x122dS0x917	[0x92c, [0x122d, nil]]
0x1233S0x917	[0x92c, [0x1233, nil]]
0x1238S0x917	[0x92c, [0x1238, nil]]
0x1239S0x917	[0x92c, [0x1239, nil]]
0x123bS0x917	[0x92c, [0x123b, nil]]
0x123eS0x917	[0x92c, [0x123e, nil]]
0x1243S0x917	[0x92c, [0x1243, nil]]
0x1249S0x917	[0x92c, [0x1249, nil]]
0x124bS0x917	[0x92c, [0x124b, nil]]
0x124dS0x917	[0x92c, [0x124d, nil]]
0x124eS0x917	[0x92c, [0x124e, nil]]
0x1273S0x917	[0x92c, [0x1273, nil]]
0x127cS0x917	[0x92c, [0x127c, nil]]
0x127eS0x917	[0x92c, [0x127e, nil]]
0x127fS0x917	[0x92c, [0x127f, nil]]
0x128cS0x917	[0x92c, [0x128c, nil]]
0x128eS0x917	[0x92c, [0x128e, nil]]
0x128fS0x917	[0x92c, [0x128f, nil]]
0x1291S0x917	[0x92c, [0x1291, nil]]
0x1292S0x917	[0x92c, [0x1292, nil]]
0x1296S0x917	[0x92c, [0x1296, nil]]
0x1298S0x917	[0x92c, [0x1298, nil]]
0x1299S0x917	[0x92c, [0x1299, nil]]
0x6150S0x917	[0x92c, [0x2bd3, nil]]
0x6171S0x917	[0x92c, [0x2bf4, nil]]
0x6173S0x917	[0x92c, [0x2bf6, nil]]
0x6175S0x917	[0x92c, [0x2bf8, nil]]
0x6178S0x917	[0x92c, [0x2bfb, nil]]
0x617aS0x917	[0x92c, [0x2bfd, nil]]
0x12a6S0x917	[0x92c, [0x12a6, nil]]
0x12a8S0x917	[0x92c, [0x12a8, nil]]
0x12a9S0x917	[0x92c, [0x12a9, nil]]
0x12abS0x917	[0x92c, [0x12ab, nil]]
0x12acS0x917	[0x92c, [0x12ac, nil]]
0x12b1S0x917	[0x92c, [0x12b1, nil]]
0x12b2S0x917	[0x92c, [0x12b2, nil]]
0x12b3S0x917	[0x92c, [0x12b3, nil]]
0x12b4S0x917	[0x92c, [0x12b4, nil]]
0x12bfS0x917	[0x92c, [0x12bf, nil]]
0x12c0S0x917	[0x92c, [0x12c0, nil]]
0x619cS0x917	[0x92c, [0x2bd3, nil]]
0x61bdS0x917	[0x92c, [0x2bf4, nil]]
0x61bfS0x917	[0x92c, [0x2bf6, nil]]
0x61c1S0x917	[0x92c, [0x2bf8, nil]]
0x61c4S0x917	[0x92c, [0x2bfb, nil]]
0x61c6S0x917	[0x92c, [0x2bfd, nil]]
0x12cfS0x917	[0x92c, [0x12cf, nil]]
0x12d1S0x917	[0x92c, [0x12d1, nil]]
0x12d2S0x917	[0x92c, [0x12d2, nil]]
0x12d3S0x917	[0x92c, [0x12d3, nil]]
0x12d6S0x917	[0x92c, [0x12d6, nil]]
0x12d8S0x917	[0x92c, [0x12d8, nil]]
0x12ddS0x917	[0x92c, [0x12dd, nil]]
0x61e8S0x917	[0x92c, [0x2bd3, nil]]
0x6209S0x917	[0x92c, [0x2bf4, nil]]
0x620bS0x917	[0x92c, [0x2bf6, nil]]
0x620dS0x917	[0x92c, [0x2bf8, nil]]
0x6210S0x917	[0x92c, [0x2bfb, nil]]
0x6212S0x917	[0x92c, [0x2bfd, nil]]
0x12e2S0x917	[0x92c, [0x12e2, nil]]
0x12f7S0x917	[0x92c, [0x12f7, nil]]
0x12f9S0x917	[0x92c, [0x12f9, nil]]
0x131fS0x917	[0x92c, [0x131f, nil]]
0x1320S0x917	[0x92c, [0x1320, nil]]
0x132fS0x917	[0x92c, [0x132f, nil]]
0x1331S0x917	[0x92c, [0x1331, nil]]
0x1332S0x917	[0x92c, [0x1332, nil]]
0x1333S0x917	[0x92c, [0x1333, nil]]
0x1339S0x917	[0x92c, [0x1339, nil]]
0x133aS0x917	[0x92c, [0x133a, nil]]
0x6234S0x917	[0x92c, [0x2bd3, nil]]
0x6255S0x917	[0x92c, [0x2bf4, nil]]
0x6257S0x917	[0x92c, [0x2bf6, nil]]
0x6259S0x917	[0x92c, [0x2bf8, nil]]
0x625cS0x917	[0x92c, [0x2bfb, nil]]
0x625eS0x917	[0x92c, [0x2bfd, nil]]
0x1349S0x917	[0x92c, [0x1349, nil]]
0x134bS0x917	[0x92c, [0x134b, nil]]
0x134dS0x917	[0x92c, [0x134d, nil]]
0x134fS0x917	[0x92c, [0x134f, nil]]
0x1354S0x917	[0x92c, [0x1354, nil]]
0x6280S0x917	[0x92c, [0x2bd3, nil]]
0x62a1S0x917	[0x92c, [0x2bf4, nil]]
0x62a3S0x917	[0x92c, [0x2bf6, nil]]
0x62a5S0x917	[0x92c, [0x2bf8, nil]]
0x62a8S0x917	[0x92c, [0x2bfb, nil]]
0x62aaS0x917	[0x92c, [0x2bfd, nil]]
0x135cS0x917	[0x92c, [0x135c, nil]]
0x135eS0x917	[0x92c, [0x135e, nil]]
0x135fS0x917	[0x92c, [0x135f, nil]]
0x136cS0x917	[0x92c, [0x136c, nil]]
0x136eS0x917	[0x92c, [0x136e, nil]]
0x136fS0x917	[0x92c, [0x136f, nil]]
0x1371S0x917	[0x92c, [0x1371, nil]]
0x1372S0x917	[0x92c, [0x1372, nil]]
0x1373S0x917	[0x92c, [0x1373, nil]]
0x1377S0x917	[0x92c, [0x1377, nil]]
0x1379S0x917	[0x92c, [0x1379, nil]]
0x137aS0x917	[0x92c, [0x137a, nil]]
0x62ccS0x917	[0x92c, [0x2bd3, nil]]
0x62edS0x917	[0x92c, [0x2bf4, nil]]
0x62efS0x917	[0x92c, [0x2bf6, nil]]
0x62f1S0x917	[0x92c, [0x2bf8, nil]]
0x62f4S0x917	[0x92c, [0x2bfb, nil]]
0x62f6S0x917	[0x92c, [0x2bfd, nil]]
0x1387S0x917	[0x92c, [0x1387, nil]]
0x1389S0x917	[0x92c, [0x1389, nil]]
0x138aS0x917	[0x92c, [0x138a, nil]]
0x138cS0x917	[0x92c, [0x138c, nil]]
0x138dS0x917	[0x92c, [0x138d, nil]]
0x138eS0x917	[0x92c, [0x138e, nil]]
0x138fS0x917	[0x92c, [0x138f, nil]]
0x1391S0x917	[0x92c, [0x1391, nil]]
0x1392S0x917	[0x92c, [0x1392, nil]]
0x139bS0x917	[0x92c, [0x139b, nil]]
0x6318S0x917	[0x92c, [0x2bd3, nil]]
0x6339S0x917	[0x92c, [0x2bf4, nil]]
0x633bS0x917	[0x92c, [0x2bf6, nil]]
0x633dS0x917	[0x92c, [0x2bf8, nil]]
0x6340S0x917	[0x92c, [0x2bfb, nil]]
0x6342S0x917	[0x92c, [0x2bfd, nil]]
0x13a0S0x917	[0x92c, [0x13a0, nil]]
0x13a2S0x917	[0x92c, [0x13a2, nil]]
0x13a5S0x917	[0x92c, [0x13a5, nil]]
0x13a8S0x917	[0x92c, [0x13a8, nil]]
0x142aS0x917	[0x92c, [0x142a, nil]]
0x142cS0x917	[0x92c, [0x142c, nil]]
0x1430S0x917	[0x92c, [0x1430, nil]]
0x13c1S0x917	[0x92c, [0x13c1, nil]]
0x13c3S0x917	[0x92c, [0x13c3, nil]]
0x13c4S0x917	[0x92c, [0x13c4, nil]]
0x13c6S0x917	[0x92c, [0x13c6, nil]]
0x13c7S0x917	[0x92c, [0x13c7, nil]]
0x13c9S0x917	[0x92c, [0x13c9, nil]]
0x13caS0x917	[0x92c, [0x13ca, nil]]
0x13cdS0x917	[0x92c, [0x13cd, nil]]
0x13ceS0x917	[0x92c, [0x13ce, nil]]
0x13d3S0x917	[0x92c, [0x13d3, nil]]
0x13d5S0x917	[0x92c, [0x13d5, nil]]
0x13d7S0x917	[0x92c, [0x13d7, nil]]
0x13d9S0x917	[0x92c, [0x13d9, nil]]
0x13daS0x917	[0x92c, [0x13da, nil]]
0x13deS0x917	[0x92c, [0x13de, nil]]
0x13e2S0x917	[0x92c, [0x13e2, nil]]
0x13e4S0x917	[0x92c, [0x13e4, nil]]
0x13e5S0x917	[0x92c, [0x13e5, nil]]
0x140cS0x917	[0x92c, [0x140c, nil]]
0x140eS0x917	[0x92c, [0x140e, nil]]
0x140fS0x917	[0x92c, [0x140f, nil]]
0x6364S0x917	[0x92c, [0x2bd3, nil]]
0x6385S0x917	[0x92c, [0x2bf4, nil]]
0x6387S0x917	[0x92c, [0x2bf6, nil]]
0x6389S0x917	[0x92c, [0x2bf8, nil]]
0x638cS0x917	[0x92c, [0x2bfb, nil]]
0x638eS0x917	[0x92c, [0x2bfd, nil]]
0x141cS0x917	[0x92c, [0x141c, nil]]
0x141eS0x917	[0x92c, [0x141e, nil]]
0x141fS0x917	[0x92c, [0x141f, nil]]
0x1421S0x917	[0x92c, [0x1421, nil]]
0x1422S0x917	[0x92c, [0x1422, nil]]
0x63b0S0x917	[0x92c, [0x2bd3, nil]]
0x63d1S0x917	[0x92c, [0x2bf4, nil]]
0x63d3S0x917	[0x92c, [0x2bf6, nil]]
0x63d5S0x917	[0x92c, [0x2bf8, nil]]
0x63d8S0x917	[0x92c, [0x2bfb, nil]]
0x63daS0x917	[0x92c, [0x2bfd, nil]]
0x1058S0x917	[0x92c, [0x1058, nil]]
0x1059S0x917	[0x92c, [0x1059, nil]]
0x105aS0x917	[0x92c, [0x105a, nil]]
0xfe7S0x917	[0x92c, [0xfe7, nil]]
0xfe9S0x917	[0x92c, [0xfe9, nil]]
0xfeaS0x917	[0x92c, [0xfea, nil]]
0xfedS0x917	[0x92c, [0xfed, nil]]
0xfefS0x917	[0x92c, [0xfef, nil]]
0xff4S0x917	[0x92c, [0xff4, nil]]
0x1035S0x917	[0x92c, [0x1035, nil]]
0x1037S0x917	[0x92c, [0x1037, nil]]
0x11adS0x917	[0x92c, [0x11ad, nil]]
0x11aeS0x917	[0x92c, [0x11ae, nil]]
0x1874S0x1434S0x917	[0x92c, [0x143c, [0x1874, nil]]]
0x1876S0x1434S0x917	[0x92c, [0x143c, [0x1876, nil]]]
0x2cefS0x1217S0x917	[0x92c, [0x1228, [0x2cef, nil]]]
0x2cf2S0x1217S0x917	[0x92c, [0x1228, [0x2cf2, nil]]]
0x2d11S0x1217S0x917	[0x92c, [0x1228, [0x2d11, nil]]]
0x2d14S0x1217S0x917	[0x92c, [0x1228, [0x2d14, nil]]]
0x2d2dS0x1217S0x917	[0x92c, [0x1228, [0x2d2d, nil]]]
0x2d30S0x1217S0x917	[0x92c, [0x1228, [0x2d30, nil]]]
0x2cdcS0x1217S0x917	[0x92c, [0x1228, [0x2cdc, nil]]]
0x2cdfS0x1217S0x917	[0x92c, [0x1228, [0x2cdf, nil]]]
0x2ce0S0x1217S0x917	[0x92c, [0x1228, [0x2ce0, nil]]]
0x2ce2S0x1217S0x917	[0x92c, [0x1228, [0x2ce2, nil]]]
0x2ce4S0x1217S0x917	[0x92c, [0x1228, [0x2ce4, nil]]]
0x2ce6S0x1217S0x917	[0x92c, [0x1228, [0x2ce6, nil]]]
0x2ce7S0x1217S0x917	[0x92c, [0x1228, [0x2ce7, nil]]]
0x2ce8S0x1217S0x917	[0x92c, [0x1228, [0x2ce8, nil]]]
0x2ceaS0x1217S0x917	[0x92c, [0x1228, [0x2cea, nil]]]
0x2cebS0x1217S0x917	[0x92c, [0x1228, [0x2ceb, nil]]]
0x2cfaS0x1217S0x917	[0x92c, [0x1228, [0x2cfa, nil]]]
0x2cfeS0x1217S0x917	[0x92c, [0x1228, [0x2cfe, nil]]]
0x2d01S0x1217S0x917	[0x92c, [0x1228, [0x2d01, nil]]]
0x2d0bS0x1217S0x917	[0x92c, [0x1228, [0x2d0b, nil]]]
0x2d0cS0x1217S0x917	[0x92c, [0x1228, [0x2d0c, nil]]]
0x2d0dS0x1217S0x917	[0x92c, [0x1228, [0x2d0d, nil]]]
0x2cd0S0x1217S0x917	[0x92c, [0x1228, [0x2cd0, nil]]]
0x2d1aS0x1217S0x917	[0x92c, [0x1228, [0x2d1a, nil]]]
0x2d1dS0x1217S0x917	[0x92c, [0x1228, [0x2d1d, nil]]]
0x2d20S0x1217S0x917	[0x92c, [0x1228, [0x2d20, nil]]]
0x2d23S0x1217S0x917	[0x92c, [0x1228, [0x2d23, nil]]]
0x2d24S0x1217S0x917	[0x92c, [0x1228, [0x2d24, nil]]]
0x2d25S0x1217S0x917	[0x92c, [0x1228, [0x2d25, nil]]]
0x2d27S0x1217S0x917	[0x92c, [0x1228, [0x2d27, nil]]]
0x2d28S0x1217S0x917	[0x92c, [0x1228, [0x2d28, nil]]]
0x2d29S0x1217S0x917	[0x92c, [0x1228, [0x2d29, nil]]]
0x2cd4S0x1217S0x917	[0x92c, [0x1228, [0x2cd4, nil]]]
0x2cd8S0x1217S0x917	[0x92c, [0x1228, [0x2cd8, nil]]]
0x2cefS0x1346S0x917	[0x92c, [0x1357, [0x2cef, nil]]]
0x2cf2S0x1346S0x917	[0x92c, [0x1357, [0x2cf2, nil]]]
0x2d11S0x1346S0x917	[0x92c, [0x1357, [0x2d11, nil]]]
0x2d14S0x1346S0x917	[0x92c, [0x1357, [0x2d14, nil]]]
0x2d2dS0x1346S0x917	[0x92c, [0x1357, [0x2d2d, nil]]]
0x2d30S0x1346S0x917	[0x92c, [0x1357, [0x2d30, nil]]]
0x2cdcS0x1346S0x917	[0x92c, [0x1357, [0x2cdc, nil]]]
0x2cdfS0x1346S0x917	[0x92c, [0x1357, [0x2cdf, nil]]]
0x2ce0S0x1346S0x917	[0x92c, [0x1357, [0x2ce0, nil]]]
0x2ce2S0x1346S0x917	[0x92c, [0x1357, [0x2ce2, nil]]]
0x2ce4S0x1346S0x917	[0x92c, [0x1357, [0x2ce4, nil]]]
0x2ce6S0x1346S0x917	[0x92c, [0x1357, [0x2ce6, nil]]]
0x2ce7S0x1346S0x917	[0x92c, [0x1357, [0x2ce7, nil]]]
0x2ce8S0x1346S0x917	[0x92c, [0x1357, [0x2ce8, nil]]]
0x2ceaS0x1346S0x917	[0x92c, [0x1357, [0x2cea, nil]]]
0x2cebS0x1346S0x917	[0x92c, [0x1357, [0x2ceb, nil]]]
0x2cfaS0x1346S0x917	[0x92c, [0x1357, [0x2cfa, nil]]]
0x2cfeS0x1346S0x917	[0x92c, [0x1357, [0x2cfe, nil]]]
0x2d01S0x1346S0x917	[0x92c, [0x1357, [0x2d01, nil]]]
0x2d0bS0x1346S0x917	[0x92c, [0x1357, [0x2d0b, nil]]]
0x2d0cS0x1346S0x917	[0x92c, [0x1357, [0x2d0c, nil]]]
0x2d0dS0x1346S0x917	[0x92c, [0x1357, [0x2d0d, nil]]]
0x2cd0S0x1346S0x917	[0x92c, [0x1357, [0x2cd0, nil]]]
0x2d1aS0x1346S0x917	[0x92c, [0x1357, [0x2d1a, nil]]]
0x2d1dS0x1346S0x917	[0x92c, [0x1357, [0x2d1d, nil]]]
0x2d20S0x1346S0x917	[0x92c, [0x1357, [0x2d20, nil]]]
0x2d23S0x1346S0x917	[0x92c, [0x1357, [0x2d23, nil]]]
0x2d24S0x1346S0x917	[0x92c, [0x1357, [0x2d24, nil]]]
0x2d25S0x1346S0x917	[0x92c, [0x1357, [0x2d25, nil]]]
0x2d27S0x1346S0x917	[0x92c, [0x1357, [0x2d27, nil]]]
0x2d28S0x1346S0x917	[0x92c, [0x1357, [0x2d28, nil]]]
0x2d29S0x1346S0x917	[0x92c, [0x1357, [0x2d29, nil]]]
0x2cd4S0x1346S0x917	[0x92c, [0x1357, [0x2cd4, nil]]]
0x2cd8S0x1346S0x917	[0x92c, [0x1357, [0x2cd8, nil]]]
0x2a92S0xee6S0x917	[0x92c, [0xf16, [0x2a92, nil]]]
0x2a93S0xee6S0x917	[0x92c, [0xf16, [0x2a93, nil]]]
0x2a96S0xee6S0x917	[0x92c, [0xf16, [0x2a96, nil]]]
0x2a9bS0xee6S0x917	[0x92c, [0xf16, [0x2a9b, nil]]]
0x2a9cS0xee6S0x917	[0x92c, [0xf16, [0x2a9c, nil]]]
0x2a9eS0xee6S0x917	[0x92c, [0xf16, [0x2a9e, nil]]]
0x2aa0S0xee6S0x917	[0x92c, [0xf16, [0x2aa0, nil]]]
0x2aa4S0xee6S0x917	[0x92c, [0xf16, [0x2aa4, nil]]]
0x2a7eS0xee6S0x917	[0x92c, [0xf16, [0x2a7e, nil]]]
0x2a82S0xee6S0x917	[0x92c, [0xf16, [0x2a82, nil]]]
0x2a87S0xee6S0x917	[0x92c, [0xf16, [0x2a87, nil]]]
0x2a8aS0xee6S0x917	[0x92c, [0xf16, [0x2a8a, nil]]]
0x2a22S0xee6S0x917	[0x92c, [0xf16, [0x2a22, nil]]]
0x2a43S0xee6S0x917	[0x92c, [0xf16, [0x2a43, nil]]]
0x2a45S0xee6S0x917	[0x92c, [0xf16, [0x2a45, nil]]]
0x2a47S0xee6S0x917	[0x92c, [0xf16, [0x2a47, nil]]]
0x2a68S0xee6S0x917	[0x92c, [0xf16, [0x2a68, nil]]]
0x2a6bS0xee6S0x917	[0x92c, [0xf16, [0x2a6b, nil]]]
0x2a70S0xee6S0x917	[0x92c, [0xf16, [0x2a70, nil]]]
0x2a71S0xee6S0x917	[0x92c, [0xf16, [0x2a71, nil]]]
0x2a74S0xee6S0x917	[0x92c, [0xf16, [0x2a74, nil]]]
0x2a77S0xee6S0x917	[0x92c, [0xf16, [0x2a77, nil]]]
0x21cbS0x2a6fS0xee6S0x917	[0x92c, [0xf16, [0x2a7a, [0x21cb, nil]]]]
0x21cfS0x2a6fS0xee6S0x917	[0x92c, [0xf16, [0x2a7a, [0x21cf, nil]]]]
0x21d2S0x2a6fS0xee6S0x917	[0x92c, [0xf16, [0x2a7a, [0x21d2, nil]]]]
0x2b20S0xf2eS0x917	[0x92c, [0xf5e, [0x2b20, nil]]]
0x2b21S0xf2eS0x917	[0x92c, [0xf5e, [0x2b21, nil]]]
0x2b24S0xf2eS0x917	[0x92c, [0xf5e, [0x2b24, nil]]]
0x2b29S0xf2eS0x917	[0x92c, [0xf5e, [0x2b29, nil]]]
0x2b2aS0xf2eS0x917	[0x92c, [0xf5e, [0x2b2a, nil]]]
0x2b2cS0xf2eS0x917	[0x92c, [0xf5e, [0x2b2c, nil]]]
0x2b2eS0xf2eS0x917	[0x92c, [0xf5e, [0x2b2e, nil]]]
0x2b32S0xf2eS0x917	[0x92c, [0xf5e, [0x2b32, nil]]]
0x2b0cS0xf2eS0x917	[0x92c, [0xf5e, [0x2b0c, nil]]]
0x2b10S0xf2eS0x917	[0x92c, [0xf5e, [0x2b10, nil]]]
0x2b15S0xf2eS0x917	[0x92c, [0xf5e, [0x2b15, nil]]]
0x2b18S0xf2eS0x917	[0x92c, [0xf5e, [0x2b18, nil]]]
0x2ab0S0xf2eS0x917	[0x92c, [0xf5e, [0x2ab0, nil]]]
0x2ad1S0xf2eS0x917	[0x92c, [0xf5e, [0x2ad1, nil]]]
0x2ad3S0xf2eS0x917	[0x92c, [0xf5e, [0x2ad3, nil]]]
0x2ad5S0xf2eS0x917	[0x92c, [0xf5e, [0x2ad5, nil]]]
0x2af6S0xf2eS0x917	[0x92c, [0xf5e, [0x2af6, nil]]]
0x2af9S0xf2eS0x917	[0x92c, [0xf5e, [0x2af9, nil]]]
0x2afeS0xf2eS0x917	[0x92c, [0xf5e, [0x2afe, nil]]]
0x2affS0xf2eS0x917	[0x92c, [0xf5e, [0x2aff, nil]]]
0x2b02S0xf2eS0x917	[0x92c, [0xf5e, [0x2b02, nil]]]
0x2b05S0xf2eS0x917	[0x92c, [0xf5e, [0x2b05, nil]]]
0x21cbS0x2afdS0xf2eS0x917	[0x92c, [0xf5e, [0x2b08, [0x21cb, nil]]]]
0x21cfS0x2afdS0xf2eS0x917	[0x92c, [0xf5e, [0x2b08, [0x21cf, nil]]]]
0x21d2S0x2afdS0xf2eS0x917	[0x92c, [0xf5e, [0x2b08, [0x21d2, nil]]]]
0x2b88S0xf75S0x917	[0x92c, [0xfa5, [0x2b88, nil]]]
0x2b89S0xf75S0x917	[0x92c, [0xfa5, [0x2b89, nil]]]
0x2b8cS0xf75S0x917	[0x92c, [0xfa5, [0x2b8c, nil]]]
0x2b91S0xf75S0x917	[0x92c, [0xfa5, [0x2b91, nil]]]
0x2b92S0xf75S0x917	[0x92c, [0xfa5, [0x2b92, nil]]]
0x2b94S0xf75S0x917	[0x92c, [0xfa5, [0x2b94, nil]]]
0x2b96S0xf75S0x917	[0x92c, [0xfa5, [0x2b96, nil]]]
0x2b9aS0xf75S0x917	[0x92c, [0xfa5, [0x2b9a, nil]]]
0x2b74S0xf75S0x917	[0x92c, [0xfa5, [0x2b74, nil]]]
0x2b78S0xf75S0x917	[0x92c, [0xfa5, [0x2b78, nil]]]
0x2b7dS0xf75S0x917	[0x92c, [0xfa5, [0x2b7d, nil]]]
0x2b80S0xf75S0x917	[0x92c, [0xfa5, [0x2b80, nil]]]
0x2b3eS0xf75S0x917	[0x92c, [0xfa5, [0x2b3e, nil]]]
0x2b5fS0xf75S0x917	[0x92c, [0xfa5, [0x2b5f, nil]]]
0x2b61S0xf75S0x917	[0x92c, [0xfa5, [0x2b61, nil]]]
0x2b66S0xf75S0x917	[0x92c, [0xfa5, [0x2b66, nil]]]
0x2b67S0xf75S0x917	[0x92c, [0xfa5, [0x2b67, nil]]]
0x2b6aS0xf75S0x917	[0x92c, [0xfa5, [0x2b6a, nil]]]
0x2b6dS0xf75S0x917	[0x92c, [0xfa5, [0x2b6d, nil]]]
0x21cbS0x2b65S0xf75S0x917	[0x92c, [0xfa5, [0x2b70, [0x21cb, nil]]]]
0x21cfS0x2b65S0xf75S0x917	[0x92c, [0xfa5, [0x2b70, [0x21cf, nil]]]]
0x21d2S0x2b65S0xf75S0x917	[0x92c, [0xfa5, [0x2b70, [0x21d2, nil]]]]
0x2c4aS0x10b8S0x917	[0x92c, [0x10e8, [0x2c4a, nil]]]
0x2c4bS0x10b8S0x917	[0x92c, [0x10e8, [0x2c4b, nil]]]
0x2c4eS0x10b8S0x917	[0x92c, [0x10e8, [0x2c4e, nil]]]
0x2c53S0x10b8S0x917	[0x92c, [0x10e8, [0x2c53, nil]]]
0x2c54S0x10b8S0x917	[0x92c, [0x10e8, [0x2c54, nil]]]
0x2c56S0x10b8S0x917	[0x92c, [0x10e8, [0x2c56, nil]]]
0x2c58S0x10b8S0x917	[0x92c, [0x10e8, [0x2c58, nil]]]
0x2c5cS0x10b8S0x917	[0x92c, [0x10e8, [0x2c5c, nil]]]
0x2c36S0x10b8S0x917	[0x92c, [0x10e8, [0x2c36, nil]]]
0x2c3aS0x10b8S0x917	[0x92c, [0x10e8, [0x2c3a, nil]]]
0x2c3fS0x10b8S0x917	[0x92c, [0x10e8, [0x2c3f, nil]]]
0x2c42S0x10b8S0x917	[0x92c, [0x10e8, [0x2c42, nil]]]
0x2c00S0x10b8S0x917	[0x92c, [0x10e8, [0x2c00, nil]]]
0x2c21S0x10b8S0x917	[0x92c, [0x10e8, [0x2c21, nil]]]
0x2c23S0x10b8S0x917	[0x92c, [0x10e8, [0x2c23, nil]]]
0x2c28S0x10b8S0x917	[0x92c, [0x10e8, [0x2c28, nil]]]
0x2c29S0x10b8S0x917	[0x92c, [0x10e8, [0x2c29, nil]]]
0x2c2cS0x10b8S0x917	[0x92c, [0x10e8, [0x2c2c, nil]]]
0x2c2fS0x10b8S0x917	[0x92c, [0x10e8, [0x2c2f, nil]]]
0x21cbS0x2c27S0x10b8S0x917	[0x92c, [0x10e8, [0x2c32, [0x21cb, nil]]]]
0x21cfS0x2c27S0x10b8S0x917	[0x92c, [0x10e8, [0x2c32, [0x21cf, nil]]]]
0x21d2S0x2c27S0x10b8S0x917	[0x92c, [0x10e8, [0x2c32, [0x21d2, nil]]]]
0x2cb2S0x114dS0x917	[0x92c, [0x117d, [0x2cb2, nil]]]
0x2cb3S0x114dS0x917	[0x92c, [0x117d, [0x2cb3, nil]]]
0x2cb6S0x114dS0x917	[0x92c, [0x117d, [0x2cb6, nil]]]
0x2cbbS0x114dS0x917	[0x92c, [0x117d, [0x2cbb, nil]]]
0x2cbcS0x114dS0x917	[0x92c, [0x117d, [0x2cbc, nil]]]
0x2cbeS0x114dS0x917	[0x92c, [0x117d, [0x2cbe, nil]]]
0x2cc0S0x114dS0x917	[0x92c, [0x117d, [0x2cc0, nil]]]
0x2cc4S0x114dS0x917	[0x92c, [0x117d, [0x2cc4, nil]]]
0x2c9eS0x114dS0x917	[0x92c, [0x117d, [0x2c9e, nil]]]
0x2ca2S0x114dS0x917	[0x92c, [0x117d, [0x2ca2, nil]]]
0x2ca7S0x114dS0x917	[0x92c, [0x117d, [0x2ca7, nil]]]
0x2caaS0x114dS0x917	[0x92c, [0x117d, [0x2caa, nil]]]
0x2c68S0x114dS0x917	[0x92c, [0x117d, [0x2c68, nil]]]
0x2c89S0x114dS0x917	[0x92c, [0x117d, [0x2c89, nil]]]
0x2c8bS0x114dS0x917	[0x92c, [0x117d, [0x2c8b, nil]]]
0x2c90S0x114dS0x917	[0x92c, [0x117d, [0x2c90, nil]]]
0x2c91S0x114dS0x917	[0x92c, [0x117d, [0x2c91, nil]]]
0x2c94S0x114dS0x917	[0x92c, [0x117d, [0x2c94, nil]]]
0x2c97S0x114dS0x917	[0x92c, [0x117d, [0x2c97, nil]]]
0x21cbS0x2c8fS0x114dS0x917	[0x92c, [0x117d, [0x2c9a, [0x21cb, nil]]]]
0x21cfS0x2c8fS0x114dS0x917	[0x92c, [0x117d, [0x2c9a, [0x21cf, nil]]]]
0x21d2S0x2c8fS0x114dS0x917	[0x92c, [0x117d, [0x2c9a, [0x21d2, nil]]]]
0x172fS0xec5S0x917	[0x92c, [0xecf, [0x172f, nil]]]
0x1731S0xec5S0x917	[0x92c, [0xecf, [0x1731, nil]]]
0x1732S0xec5S0x917	[0x92c, [0xecf, [0x1732, nil]]]
0x1755S0xec5S0x917	[0x92c, [0xecf, [0x1755, nil]]]
0x1757S0xec5S0x917	[0x92c, [0xecf, [0x1757, nil]]]
0x1758S0xec5S0x917	[0x92c, [0xecf, [0x1758, nil]]]
0x175aS0xec5S0x917	[0x92c, [0xecf, [0x175a, nil]]]
0x175dS0xec5S0x917	[0x92c, [0xecf, [0x175d, nil]]]
0x1722S0xec5S0x917	[0x92c, [0xecf, [0x1722, nil]]]
0x1725S0xec5S0x917	[0x92c, [0xecf, [0x1725, nil]]]
0x172aS0xec5S0x917	[0x92c, [0xecf, [0x172a, nil]]]
0x172bS0xec5S0x917	[0x92c, [0xecf, [0x172b, nil]]]
0xaa8S0x1721S0xec5S0x917	[0x92c, [0xecf, [0x1728, [0xaa8, nil]]]]
0xaa9S0x1721S0xec5S0x917	[0x92c, [0xecf, [0x1728, [0xaa9, nil]]]]
0xaabS0x1721S0xec5S0x917	[0x92c, [0xecf, [0x1728, [0xaab, nil]]]]
0xaadS0x1721S0xec5S0x917	[0x92c, [0xecf, [0x1728, [0xaad, nil]]]]
0xaafS0x1721S0xec5S0x917	[0x92c, [0xecf, [0x1728, [0xaaf, nil]]]]
0xab2S0x1721S0xec5S0x917	[0x92c, [0xecf, [0x1728, [0xab2, nil]]]]
0xab4S0x1721S0xec5S0x917	[0x92c, [0xecf, [0x1728, [0xab4, nil]]]]
0xab5S0x1721S0xec5S0x917	[0x92c, [0xecf, [0x1728, [0xab5, nil]]]]
0xab7S0x1721S0xec5S0x917	[0x92c, [0xecf, [0x1728, [0xab7, nil]]]]
0x2d6cS0x1229S0x917	[0x92c, [0x1236, [0x2d6c, nil]]]
0x2d6dS0x1229S0x917	[0x92c, [0x1236, [0x2d6d, nil]]]
0x2d73S0x1229S0x917	[0x92c, [0x1236, [0x2d73, nil]]]
0x2d55S0x1229S0x917	[0x92c, [0x1236, [0x2d55, nil]]]
0x2d5bS0x1229S0x917	[0x92c, [0x1236, [0x2d5b, nil]]]
0x2d3eS0x1229S0x917	[0x92c, [0x1236, [0x2d3e, nil]]]
0x2d62S0x1229S0x917	[0x92c, [0x1236, [0x2d62, nil]]]
0x2d48S0x1229S0x917	[0x92c, [0x1236, [0x2d48, nil]]]
0x2d49S0x1229S0x917	[0x92c, [0x1236, [0x2d49, nil]]]
0x2d4eS0x1229S0x917	[0x92c, [0x1236, [0x2d4e, nil]]]
0x243cS0x2d52S0x1229S0x917	[0x92c, [0x1236, [0x2d5e, [0x243c, nil]]]]
0x243fS0x2d52S0x1229S0x917	[0x92c, [0x1236, [0x2d5e, [0x243f, nil]]]]
0x2df8S0x1386S0x917	[0x92c, [0x139e, [0x2df8, nil]]]
0x2df9S0x1386S0x917	[0x92c, [0x139e, [0x2df9, nil]]]
0x2dfcS0x1386S0x917	[0x92c, [0x139e, [0x2dfc, nil]]]
0x2dffS0x1386S0x917	[0x92c, [0x139e, [0x2dff, nil]]]
0x2e02S0x1386S0x917	[0x92c, [0x139e, [0x2e02, nil]]]
0x2e04S0x1386S0x917	[0x92c, [0x139e, [0x2e04, nil]]]
0x2e06S0x1386S0x917	[0x92c, [0x139e, [0x2e06, nil]]]
0x2da1S0x1386S0x917	[0x92c, [0x139e, [0x2da1, nil]]]
0x2da7S0x1386S0x917	[0x92c, [0x139e, [0x2da7, nil]]]
0x2dacS0x1386S0x917	[0x92c, [0x139e, [0x2dac, nil]]]
0x2db0S0x1386S0x917	[0x92c, [0x139e, [0x2db0, nil]]]
0x2db6S0x1386S0x917	[0x92c, [0x139e, [0x2db6, nil]]]
0x2dcaS0x1386S0x917	[0x92c, [0x139e, [0x2dca, nil]]]
0x2dcfS0x1386S0x917	[0x92c, [0x139e, [0x2dcf, nil]]]
0x2dd6S0x1386S0x917	[0x92c, [0x139e, [0x2dd6, nil]]]
0x2ddbS0x1386S0x917	[0x92c, [0x139e, [0x2ddb, nil]]]
0x2ddeS0x1386S0x917	[0x92c, [0x139e, [0x2dde, nil]]]
0x2ddfS0x1386S0x917	[0x92c, [0x139e, [0x2ddf, nil]]]
0x2de4S0x1386S0x917	[0x92c, [0x139e, [0x2de4, nil]]]
0x2de8S0x1386S0x917	[0x92c, [0x139e, [0x2de8, nil]]]
0x2deeS0x1386S0x917	[0x92c, [0x139e, [0x2dee, nil]]]
0x2e0dS0x1386S0x917	[0x92c, [0x139e, [0x2e0d, nil]]]
0x2e0eS0x1386S0x917	[0x92c, [0x139e, [0x2e0e, nil]]]
0x2e11S0x1386S0x917	[0x92c, [0x139e, [0x2e11, nil]]]
0x2e13S0x1386S0x917	[0x92c, [0x139e, [0x2e13, nil]]]
0x2e19S0x1386S0x917	[0x92c, [0x139e, [0x2e19, nil]]]
0x2e20S0x1386S0x917	[0x92c, [0x139e, [0x2e20, nil]]]
0x2e23S0x1386S0x917	[0x92c, [0x139e, [0x2e23, nil]]]
0x2e26S0x1386S0x917	[0x92c, [0x139e, [0x2e26, nil]]]
0x2e28S0x1386S0x917	[0x92c, [0x139e, [0x2e28, nil]]]
0x2d94S0x1386S0x917	[0x92c, [0x139e, [0x2d94, nil]]]
0x2d95S0x1386S0x917	[0x92c, [0x139e, [0x2d95, nil]]]
0x2d9aS0x1386S0x917	[0x92c, [0x139e, [0x2d9a, nil]]]
0x2e2fS0x1386S0x917	[0x92c, [0x139e, [0x2e2f, nil]]]
0x2e30S0x1386S0x917	[0x92c, [0x139e, [0x2e30, nil]]]
0x2e33S0x1386S0x917	[0x92c, [0x139e, [0x2e33, nil]]]
0x2e35S0x1386S0x917	[0x92c, [0x139e, [0x2e35, nil]]]
0x2e3aS0x1386S0x917	[0x92c, [0x139e, [0x2e3a, nil]]]
0x2dc0S0x1386S0x917	[0x92c, [0x139e, [0x2dc0, nil]]]
0x2dc1S0x1386S0x917	[0x92c, [0x139e, [0x2dc1, nil]]]
0x2dc5S0x1386S0x917	[0x92c, [0x139e, [0x2dc5, nil]]]
0x243cS0x2d9eS0x1386S0x917	[0x92c, [0x139e, [0x2daa, [0x243c, nil]]]]
0x243fS0x2d9eS0x1386S0x917	[0x92c, [0x139e, [0x2daa, [0x243f, nil]]]]
0x1ef0S0x2dabS0x1386S0x917	[0x92c, [0x139e, [0x2db3, [0x1ef0, nil]]]]
0x1ef1S0x2dabS0x1386S0x917	[0x92c, [0x139e, [0x2db3, [0x1ef1, nil]]]]
0x1ef3S0x2dabS0x1386S0x917	[0x92c, [0x139e, [0x2db3, [0x1ef3, nil]]]]
0x1ef4S0x2dabS0x1386S0x917	[0x92c, [0x139e, [0x2db3, [0x1ef4, nil]]]]
0x1ef7S0x2dabS0x1386S0x917	[0x92c, [0x139e, [0x2db3, [0x1ef7, nil]]]]
0x1ef8S0x2dabS0x1386S0x917	[0x92c, [0x139e, [0x2db3, [0x1ef8, nil]]]]
0x2d84S0x2dc9S0x1386S0x917	[0x92c, [0x139e, [0x2dd2, [0x2d84, nil]]]]
0x2d88S0x2dc9S0x1386S0x917	[0x92c, [0x139e, [0x2dd2, [0x2d88, nil]]]]
0x2d8bS0x2dc9S0x1386S0x917	[0x92c, [0x139e, [0x2dd2, [0x2d8b, nil]]]]
0x1ee5S0x2dd3S0x1386S0x917	[0x92c, [0x139e, [0x2de2, [0x1ee5, nil]]]]
0x1ee8S0x2dd3S0x1386S0x917	[0x92c, [0x139e, [0x2de2, [0x1ee8, nil]]]]
0x1eccS0x2dd3S0x1386S0x917	[0x92c, [0x139e, [0x2de2, [0x1ecc, nil]]]]
0x1ecdS0x2dd3S0x1386S0x917	[0x92c, [0x139e, [0x2de2, [0x1ecd, nil]]]]
0x1eceS0x2dd3S0x1386S0x917	[0x92c, [0x139e, [0x2de2, [0x1ece, nil]]]]
0x1ec8S0x2dd3S0x1386S0x917	[0x92c, [0x139e, [0x2de2, [0x1ec8, nil]]]]
0x1ed4S0x2dd3S0x1386S0x917	[0x92c, [0x139e, [0x2de2, [0x1ed4, nil]]]]
0x1ed5S0x2dd3S0x1386S0x917	[0x92c, [0x139e, [0x2de2, [0x1ed5, nil]]]]
0x1ed8S0x2dd3S0x1386S0x917	[0x92c, [0x139e, [0x2de2, [0x1ed8, nil]]]]
0x1edaS0x2dd3S0x1386S0x917	[0x92c, [0x139e, [0x2de2, [0x1eda, nil]]]]
0x1eddS0x2dd3S0x1386S0x917	[0x92c, [0x139e, [0x2de2, [0x1edd, nil]]]]
0x1ee0S0x2dd3S0x1386S0x917	[0x92c, [0x139e, [0x2de2, [0x1ee0, nil]]]]
0x1ef0S0x2de3S0x1386S0x917	[0x92c, [0x139e, [0x2deb, [0x1ef0, nil]]]]
0x1ef1S0x2de3S0x1386S0x917	[0x92c, [0x139e, [0x2deb, [0x1ef1, nil]]]]
0x1ef3S0x2de3S0x1386S0x917	[0x92c, [0x139e, [0x2deb, [0x1ef3, nil]]]]
0x1ef4S0x2de3S0x1386S0x917	[0x92c, [0x139e, [0x2deb, [0x1ef4, nil]]]]
0x1ef7S0x2de3S0x1386S0x917	[0x92c, [0x139e, [0x2deb, [0x1ef7, nil]]]]
0x1ef8S0x2de3S0x1386S0x917	[0x92c, [0x139e, [0x2deb, [0x1ef8, nil]]]]
0x2d84S0x2d93S0x1386S0x917	[0x92c, [0x139e, [0x2d9d, [0x2d84, nil]]]]
0x2d88S0x2d93S0x1386S0x917	[0x92c, [0x139e, [0x2d9d, [0x2d88, nil]]]]
0x2d8bS0x2d93S0x1386S0x917	[0x92c, [0x139e, [0x2d9d, [0x2d8b, nil]]]]
0x1eaeS0x2dbfS0x1386S0x917	[0x92c, [0x139e, [0x2dc8, [0x1eae, nil]]]]
0x1eb0S0x2dbfS0x1386S0x917	[0x92c, [0x139e, [0x2dc8, [0x1eb0, nil]]]]
0x20f3S0x2df7S0x1386S0x917	[0x92c, [0x139e, [0x2e09, [0x20f3, nil]]]]
0x20f7S0x2df7S0x1386S0x917	[0x92c, [0x139e, [0x2e09, [0x20f7, nil]]]]
0x1c54S0x20f2S0x2df7S0x1386S0x917	[0x92c, [0x139e, [0x2e09, [0x20fa, [0x1c54, nil]]]]]
0x1a03S0x2e1dS0x1386S0x917	[0x92c, [0x139e, [0x2e2b, [0x1a03, nil]]]]
0x1a07S0x2e1dS0x1386S0x917	[0x92c, [0x139e, [0x2e2b, [0x1a07, nil]]]]
0x19f8S0x1a02S0x2e1dS0x1386S0x917	[0x92c, [0x139e, [0x2e2b, [0x1a0a, [0x19f8, nil]]]]]
0x19faS0x1a02S0x2e1dS0x1386S0x917	[0x92c, [0x139e, [0x2e2b, [0x1a0a, [0x19fa, nil]]]]]
0x19fbS0x1a02S0x2e1dS0x1386S0x917	[0x92c, [0x139e, [0x2e2b, [0x1a0a, [0x19fb, nil]]]]]
0x2909S0xb5c	[0xb98, [0x2909, nil]]
0x290aS0xb5c	[0xb98, [0x290a, nil]]
0x290dS0xb5c	[0xb98, [0x290d, nil]]
0x2910S0xb5c	[0xb98, [0x2910, nil]]
0x2913S0xb5c	[0xb98, [0x2913, nil]]
0x2915S0xb5c	[0xb98, [0x2915, nil]]
0x2917S0xb5c	[0xb98, [0x2917, nil]]
0x291cS0xb5c	[0xb98, [0x291c, nil]]
0x291fS0xb5c	[0xb98, [0x291f, nil]]
0x2922S0xb5c	[0xb98, [0x2922, nil]]
0x2924S0xb5c	[0xb98, [0x2924, nil]]
0x2929S0xb5c	[0xb98, [0x2929, nil]]
0x292cS0xb5c	[0xb98, [0x292c, nil]]
0x292fS0xb5c	[0xb98, [0x292f, nil]]
0x2931S0xb5c	[0xb98, [0x2931, nil]]
0x20f3S0x2928S0xb5c	[0xb98, [0x2934, [0x20f3, nil]]]
0x20f7S0x2928S0xb5c	[0xb98, [0x2934, [0x20f7, nil]]]
0x1c54S0x20f2S0x2928S0xb5c	[0xb98, [0x2934, [0x20fa, [0x1c54, nil]]]]
0x2597S0x2908S0xb5c	[0xb98, [0x291a, [0x2597, nil]]]
0x259bS0x2908S0xb5c	[0xb98, [0x291a, [0x259b, nil]]]
0x1ad0S0x2596S0x2908S0xb5c	[0xb98, [0x291a, [0x259e, [0x1ad0, nil]]]]
0x1ad1S0x2596S0x2908S0xb5c	[0xb98, [0x291a, [0x259e, [0x1ad1, nil]]]]
0x1ad5S0x2596S0x2908S0xb5c	[0xb98, [0x291a, [0x259e, [0x1ad5, nil]]]]
0x1ab1S0x1acfS0x2596S0x2908S0xb5c	[0xb98, [0x291a, [0x259e, [0x1ad8, [0x1ab1, nil]]]]]
0x1ab2S0x1acfS0x2596S0x2908S0xb5c	[0xb98, [0x291a, [0x259e, [0x1ad8, [0x1ab2, nil]]]]]
0x1ac8S0x1acfS0x2596S0x2908S0xb5c	[0xb98, [0x291a, [0x259e, [0x1ad8, [0x1ac8, nil]]]]]
0x2597S0x291bS0xb5c	[0xb98, [0x2927, [0x2597, nil]]]
0x259bS0x291bS0xb5c	[0xb98, [0x2927, [0x259b, nil]]]
0x1ad0S0x2596S0x291bS0xb5c	[0xb98, [0x2927, [0x259e, [0x1ad0, nil]]]]
0x1ad1S0x2596S0x291bS0xb5c	[0xb98, [0x2927, [0x259e, [0x1ad1, nil]]]]
0x1ad5S0x2596S0x291bS0xb5c	[0xb98, [0x2927, [0x259e, [0x1ad5, nil]]]]
0x1ab1S0x1acfS0x2596S0x291bS0xb5c	[0xb98, [0x2927, [0x259e, [0x1ad8, [0x1ab1, nil]]]]]
0x1ab2S0x1acfS0x2596S0x291bS0xb5c	[0xb98, [0x2927, [0x259e, [0x1ad8, [0x1ab2, nil]]]]]
0x1ac8S0x1acfS0x2596S0x291bS0xb5c	[0xb98, [0x2927, [0x259e, [0x1ad8, [0x1ac8, nil]]]]]
0x293eS0xda0	[0xdda, [0x293e, nil]]
0x293fS0xda0	[0xdda, [0x293f, nil]]
0x2942S0xda0	[0xdda, [0x2942, nil]]
0x2945S0xda0	[0xdda, [0x2945, nil]]
0x2948S0xda0	[0xdda, [0x2948, nil]]
0x294aS0xda0	[0xdda, [0x294a, nil]]
0x294cS0xda0	[0xdda, [0x294c, nil]]
0x2951S0xda0	[0xdda, [0x2951, nil]]
0x2954S0xda0	[0xdda, [0x2954, nil]]
0x2957S0xda0	[0xdda, [0x2957, nil]]
0x2959S0xda0	[0xdda, [0x2959, nil]]
0x20f3S0x2950S0xda0	[0xdda, [0x295c, [0x20f3, nil]]]
0x20f7S0x2950S0xda0	[0xdda, [0x295c, [0x20f7, nil]]]
0x1c54S0x20f2S0x2950S0xda0	[0xdda, [0x295c, [0x20fa, [0x1c54, nil]]]]
0x2597S0x293dS0xda0	[0xdda, [0x294f, [0x2597, nil]]]
0x259bS0x293dS0xda0	[0xdda, [0x294f, [0x259b, nil]]]
0x1ad0S0x2596S0x293dS0xda0	[0xdda, [0x294f, [0x259e, [0x1ad0, nil]]]]
0x1ad1S0x2596S0x293dS0xda0	[0xdda, [0x294f, [0x259e, [0x1ad1, nil]]]]
0x1ad5S0x2596S0x293dS0xda0	[0xdda, [0x294f, [0x259e, [0x1ad5, nil]]]]
0x1ab1S0x1acfS0x2596S0x293dS0xda0	[0xdda, [0x294f, [0x259e, [0x1ad8, [0x1ab1, nil]]]]]
0x1ab2S0x1acfS0x2596S0x293dS0xda0	[0xdda, [0x294f, [0x259e, [0x1ad8, [0x1ab2, nil]]]]]
0x1ac8S0x1acfS0x2596S0x293dS0xda0	[0xdda, [0x294f, [0x259e, [0x1ad8, [0x1ac8, nil]]]]]
0x299bS0xdf7	[0xe1a, [0x299b, nil]]
0x299eS0xdf7	[0xe1a, [0x299e, nil]]
0x298fS0xdf7	[0xe1a, [0x298f, nil]]
0x2990S0xdf7	[0xe1a, [0x2990, nil]]
0x2994S0xdf7	[0xe1a, [0x2994, nil]]
0x2995S0xdf7	[0xe1a, [0x2995, nil]]
0x2996S0xdf7	[0xe1a, [0x2996, nil]]
0x2997S0xdf7	[0xe1a, [0x2997, nil]]
0x29a4S0xdf7	[0xe1a, [0x29a4, nil]]
0x29a5S0xdf7	[0xe1a, [0x29a5, nil]]
0x29abS0xdf7	[0xe1a, [0x29ab, nil]]
0x29acS0xdf7	[0xe1a, [0x29ac, nil]]
0x6721S0xdf7	[0xe1a, [0x1970, nil]]
0x297bS0x29a3S0xdf7	[0xe1a, [0x29af, [0x297b, nil]]]
0x297dS0x29a3S0xdf7	[0xe1a, [0x29af, [0x297d, nil]]]
0x2980S0x29a3S0xdf7	[0xe1a, [0x29af, [0x2980, nil]]]
0x2984S0x29a3S0xdf7	[0xe1a, [0x29af, [0x2984, nil]]]
0x2974S0x297aS0x29a3S0xdf7	[0xe1a, [0x29af, [0x2987, [0x2974, nil]]]]
0x296fS0x297aS0x29a3S0xdf7	[0xe1a, [0x29af, [0x2987, [0x296f, nil]]]]
0x2970S0x297aS0x29a3S0xdf7	[0xe1a, [0x29af, [0x2987, [0x2970, nil]]]]
0x2965S0x297aS0x29a3S0xdf7	[0xe1a, [0x29af, [0x2987, [0x2965, nil]]]]
0x2969S0x297aS0x29a3S0xdf7	[0xe1a, [0x29af, [0x2987, [0x2969, nil]]]]
0x19f8S0x2964S0x297aS0x29a3S0xdf7	[0xe1a, [0x29af, [0x2987, [0x296c, [0x19f8, nil]]]]]
0x19faS0x2964S0x297aS0x29a3S0xdf7	[0xe1a, [0x29af, [0x2987, [0x296c, [0x19fa, nil]]]]]
0x19fbS0x2964S0x297aS0x29a3S0xdf7	[0xe1a, [0x29af, [0x2987, [0x296c, [0x19fb, nil]]]]]
0x2e4bS0x170a	[0x1716, [0x2e4b, nil]]
0x2e4cS0x170a	[0x1716, [0x2e4c, nil]]
0x2e4fS0x170a	[0x1716, [0x2e4f, nil]]
0x2e52S0x170a	[0x1716, [0x2e52, nil]]
0x2e55S0x170a	[0x1716, [0x2e55, nil]]
0x2e57S0x170a	[0x1716, [0x2e57, nil]]
0x2e59S0x170a	[0x1716, [0x2e59, nil]]
0x2597S0x2e4aS0x170a	[0x1716, [0x2e5c, [0x2597, nil]]]
0x259bS0x2e4aS0x170a	[0x1716, [0x2e5c, [0x259b, nil]]]
0x1ad0S0x2596S0x2e4aS0x170a	[0x1716, [0x2e5c, [0x259e, [0x1ad0, nil]]]]
0x1ad1S0x2596S0x2e4aS0x170a	[0x1716, [0x2e5c, [0x259e, [0x1ad1, nil]]]]
0x1ad5S0x2596S0x2e4aS0x170a	[0x1716, [0x2e5c, [0x259e, [0x1ad5, nil]]]]
0x1ab1S0x1acfS0x2596S0x2e4aS0x170a	[0x1716, [0x2e5c, [0x259e, [0x1ad8, [0x1ab1, nil]]]]]
0x1ab2S0x1acfS0x2596S0x2e4aS0x170a	[0x1716, [0x2e5c, [0x259e, [0x1ad8, [0x1ab2, nil]]]]]
0x1ac8S0x1acfS0x2596S0x2e4aS0x170a	[0x1716, [0x2e5c, [0x259e, [0x1ad8, [0x1ac8, nil]]]]]
0x2e4bS0x18c7	[0x18d3, [0x2e4b, nil]]
0x2e4cS0x18c7	[0x18d3, [0x2e4c, nil]]
0x2e4fS0x18c7	[0x18d3, [0x2e4f, nil]]
0x2e52S0x18c7	[0x18d3, [0x2e52, nil]]
0x2e55S0x18c7	[0x18d3, [0x2e55, nil]]
0x2e57S0x18c7	[0x18d3, [0x2e57, nil]]
0x2e59S0x18c7	[0x18d3, [0x2e59, nil]]
0x2597S0x2e4aS0x18c7	[0x18d3, [0x2e5c, [0x2597, nil]]]
0x259bS0x2e4aS0x18c7	[0x18d3, [0x2e5c, [0x259b, nil]]]
0x1ad0S0x2596S0x2e4aS0x18c7	[0x18d3, [0x2e5c, [0x259e, [0x1ad0, nil]]]]
0x1ad1S0x2596S0x2e4aS0x18c7	[0x18d3, [0x2e5c, [0x259e, [0x1ad1, nil]]]]
0x1ad5S0x2596S0x2e4aS0x18c7	[0x18d3, [0x2e5c, [0x259e, [0x1ad5, nil]]]]
0x1ab1S0x1acfS0x2596S0x2e4aS0x18c7	[0x18d3, [0x2e5c, [0x259e, [0x1ad8, [0x1ab1, nil]]]]]
0x1ab2S0x1acfS0x2596S0x2e4aS0x18c7	[0x18d3, [0x2e5c, [0x259e, [0x1ad8, [0x1ab2, nil]]]]]
0x1ac8S0x1acfS0x2596S0x2e4aS0x18c7	[0x18d3, [0x2e5c, [0x259e, [0x1ad8, [0x1ac8, nil]]]]]
0x1b18S0x1c4	[0x1d9, [0x1b18, nil]]
0x1b1bS0x1c4	[0x1d9, [0x1b1b, nil]]
0x1b0bS0x1c4	[0x1d9, [0x1b0b, nil]]
0x1b0dS0x1c4	[0x1d9, [0x1b0d, nil]]
0x1b11S0x1c4	[0x1d9, [0x1b11, nil]]
0x1b12S0x1c4	[0x1d9, [0x1b12, nil]]
0x1b13S0x1c4	[0x1d9, [0x1b13, nil]]
0x1b14S0x1c4	[0x1d9, [0x1b14, nil]]
0x1b21S0x1c4	[0x1d9, [0x1b21, nil]]
0x1b22S0x1c4	[0x1d9, [0x1b22, nil]]
0x1b28S0x1c4	[0x1d9, [0x1b28, nil]]
0x1b29S0x1c4	[0x1d9, [0x1b29, nil]]
0x6442S0x1c4	[0x1d9, [0x1970, nil]]
0x1b31S0x1c4	[0x1d9, [0x1b31, nil]]
0x1b33S0x1c4	[0x1d9, [0x1b33, nil]]
0x1b39S0x1c4	[0x1d9, [0x1b39, nil]]
0x1b3aS0x1c4	[0x1d9, [0x1b3a, nil]]
0x1a72S0x1b20S0x1c4	[0x1d9, [0x1b2c, [0x1a72, nil]]]
0x1a74S0x1b20S0x1c4	[0x1d9, [0x1b2c, [0x1a74, nil]]]
0x1a77S0x1b20S0x1c4	[0x1d9, [0x1b2c, [0x1a77, nil]]]
0x1a7bS0x1b20S0x1c4	[0x1d9, [0x1b2c, [0x1a7b, nil]]]
0x1a6bS0x1a71S0x1b20S0x1c4	[0x1d9, [0x1b2c, [0x1a7e, [0x1a6b, nil]]]]
0x1a66S0x1a71S0x1b20S0x1c4	[0x1d9, [0x1b2c, [0x1a7e, [0x1a66, nil]]]]
0x1a67S0x1a71S0x1b20S0x1c4	[0x1d9, [0x1b2c, [0x1a7e, [0x1a67, nil]]]]
0x1a5cS0x1a71S0x1b20S0x1c4	[0x1d9, [0x1b2c, [0x1a7e, [0x1a5c, nil]]]]
0x1a60S0x1a71S0x1b20S0x1c4	[0x1d9, [0x1b2c, [0x1a7e, [0x1a60, nil]]]]
0x1a2bS0x1a5bS0x1a71S0x1b20S0x1c4	[0x1d9, [0x1b2c, [0x1a7e, [0x1a63, [0x1a2b, nil]]]]]
0x1af7S0x1b2dS0x1c4	[0x1d9, [0x1b3d, [0x1af7, nil]]]
0x1af9S0x1b2dS0x1c4	[0x1d9, [0x1b3d, [0x1af9, nil]]]
0x1afcS0x1b2dS0x1c4	[0x1d9, [0x1b3d, [0x1afc, nil]]]
0x1b00S0x1b2dS0x1c4	[0x1d9, [0x1b3d, [0x1b00, nil]]]
0x1af0S0x1af6S0x1b2dS0x1c4	[0x1d9, [0x1b3d, [0x1b03, [0x1af0, nil]]]]
0x1aebS0x1af6S0x1b2dS0x1c4	[0x1d9, [0x1b3d, [0x1b03, [0x1aeb, nil]]]]
0x1aecS0x1af6S0x1b2dS0x1c4	[0x1d9, [0x1b3d, [0x1b03, [0x1aec, nil]]]]
0x1ae1S0x1af6S0x1b2dS0x1c4	[0x1d9, [0x1b3d, [0x1b03, [0x1ae1, nil]]]]
0x1ae5S0x1af6S0x1b2dS0x1c4	[0x1d9, [0x1b3d, [0x1b03, [0x1ae5, nil]]]]
0x1ad0S0x1ae0S0x1af6S0x1b2dS0x1c4	[0x1d9, [0x1b3d, [0x1b03, [0x1ae8, [0x1ad0, nil]]]]]
0x1ad1S0x1ae0S0x1af6S0x1b2dS0x1c4	[0x1d9, [0x1b3d, [0x1b03, [0x1ae8, [0x1ad1, nil]]]]]
0x1ad5S0x1ae0S0x1af6S0x1b2dS0x1c4	[0x1d9, [0x1b3d, [0x1b03, [0x1ae8, [0x1ad5, nil]]]]]
0x1ab1S0x1acfS0x1ae0S0x1af6S0x1b2dS0x1c4	[0x1d9, [0x1b3d, [0x1b03, [0x1ae8, [0x1ad8, [0x1ab1, nil]]]]]]
0x1ab2S0x1acfS0x1ae0S0x1af6S0x1b2dS0x1c4	[0x1d9, [0x1b3d, [0x1b03, [0x1ae8, [0x1ad8, [0x1ab2, nil]]]]]]
0x1ac8S0x1acfS0x1ae0S0x1af6S0x1b2dS0x1c4	[0x1d9, [0x1b3d, [0x1b03, [0x1ae8, [0x1ad8, [0x1ac8, nil]]]]]]
0x1b18S0x1ec	[0x201, [0x1b18, nil]]
0x1b1bS0x1ec	[0x201, [0x1b1b, nil]]
0x1b0bS0x1ec	[0x201, [0x1b0b, nil]]
0x1b0dS0x1ec	[0x201, [0x1b0d, nil]]
0x1b11S0x1ec	[0x201, [0x1b11, nil]]
0x1b12S0x1ec	[0x201, [0x1b12, nil]]
0x1b13S0x1ec	[0x201, [0x1b13, nil]]
0x1b14S0x1ec	[0x201, [0x1b14, nil]]
0x1b21S0x1ec	[0x201, [0x1b21, nil]]
0x1b22S0x1ec	[0x201, [0x1b22, nil]]
0x1b28S0x1ec	[0x201, [0x1b28, nil]]
0x1b29S0x1ec	[0x201, [0x1b29, nil]]
0x6442S0x1ec	[0x201, [0x1970, nil]]
0x1b31S0x1ec	[0x201, [0x1b31, nil]]
0x1b33S0x1ec	[0x201, [0x1b33, nil]]
0x1b39S0x1ec	[0x201, [0x1b39, nil]]
0x1b3aS0x1ec	[0x201, [0x1b3a, nil]]
0x1a72S0x1b20S0x1ec	[0x201, [0x1b2c, [0x1a72, nil]]]
0x1a74S0x1b20S0x1ec	[0x201, [0x1b2c, [0x1a74, nil]]]
0x1a77S0x1b20S0x1ec	[0x201, [0x1b2c, [0x1a77, nil]]]
0x1a7bS0x1b20S0x1ec	[0x201, [0x1b2c, [0x1a7b, nil]]]
0x1a6bS0x1a71S0x1b20S0x1ec	[0x201, [0x1b2c, [0x1a7e, [0x1a6b, nil]]]]
0x1a66S0x1a71S0x1b20S0x1ec	[0x201, [0x1b2c, [0x1a7e, [0x1a66, nil]]]]
0x1a67S0x1a71S0x1b20S0x1ec	[0x201, [0x1b2c, [0x1a7e, [0x1a67, nil]]]]
0x1a5cS0x1a71S0x1b20S0x1ec	[0x201, [0x1b2c, [0x1a7e, [0x1a5c, nil]]]]
0x1a60S0x1a71S0x1b20S0x1ec	[0x201, [0x1b2c, [0x1a7e, [0x1a60, nil]]]]
0x1a2bS0x1a5bS0x1a71S0x1b20S0x1ec	[0x201, [0x1b2c, [0x1a7e, [0x1a63, [0x1a2b, nil]]]]]
0x1af7S0x1b2dS0x1ec	[0x201, [0x1b3d, [0x1af7, nil]]]
0x1af9S0x1b2dS0x1ec	[0x201, [0x1b3d, [0x1af9, nil]]]
0x1afcS0x1b2dS0x1ec	[0x201, [0x1b3d, [0x1afc, nil]]]
0x1b00S0x1b2dS0x1ec	[0x201, [0x1b3d, [0x1b00, nil]]]
0x1af0S0x1af6S0x1b2dS0x1ec	[0x201, [0x1b3d, [0x1b03, [0x1af0, nil]]]]
0x1aebS0x1af6S0x1b2dS0x1ec	[0x201, [0x1b3d, [0x1b03, [0x1aeb, nil]]]]
0x1aecS0x1af6S0x1b2dS0x1ec	[0x201, [0x1b3d, [0x1b03, [0x1aec, nil]]]]
0x1ae1S0x1af6S0x1b2dS0x1ec	[0x201, [0x1b3d, [0x1b03, [0x1ae1, nil]]]]
0x1ae5S0x1af6S0x1b2dS0x1ec	[0x201, [0x1b3d, [0x1b03, [0x1ae5, nil]]]]
0x1ad0S0x1ae0S0x1af6S0x1b2dS0x1ec	[0x201, [0x1b3d, [0x1b03, [0x1ae8, [0x1ad0, nil]]]]]
0x1ad1S0x1ae0S0x1af6S0x1b2dS0x1ec	[0x201, [0x1b3d, [0x1b03, [0x1ae8, [0x1ad1, nil]]]]]
0x1ad5S0x1ae0S0x1af6S0x1b2dS0x1ec	[0x201, [0x1b3d, [0x1b03, [0x1ae8, [0x1ad5, nil]]]]]
0x1ab1S0x1acfS0x1ae0S0x1af6S0x1b2dS0x1ec	[0x201, [0x1b3d, [0x1b03, [0x1ae8, [0x1ad8, [0x1ab1, nil]]]]]]
0x1ab2S0x1acfS0x1ae0S0x1af6S0x1b2dS0x1ec	[0x201, [0x1b3d, [0x1b03, [0x1ae8, [0x1ad8, [0x1ab2, nil]]]]]]
0x1ac8S0x1acfS0x1ae0S0x1af6S0x1b2dS0x1ec	[0x201, [0x1b3d, [0x1b03, [0x1ae8, [0x1ad8, [0x1ac8, nil]]]]]]
0x1cd4S0x22a	[0x23f, [0x1cd4, nil]]
0x1cd7S0x22a	[0x23f, [0x1cd7, nil]]
0x1cf1S0x22a	[0x23f, [0x1cf1, nil]]
0x1cf4S0x22a	[0x23f, [0x1cf4, nil]]
0x1d20S0x22a	[0x23f, [0x1d20, nil]]
0x1d23S0x22a	[0x23f, [0x1d23, nil]]
0x1d4fS0x22a	[0x23f, [0x1d4f, nil]]
0x1d52S0x22a	[0x23f, [0x1d52, nil]]
0x1cbdS0x22a	[0x23f, [0x1cbd, nil]]
0x1cbfS0x22a	[0x23f, [0x1cbf, nil]]
0x1cc1S0x22a	[0x23f, [0x1cc1, nil]]
0x1cc3S0x22a	[0x23f, [0x1cc3, nil]]
0x1cc5S0x22a	[0x23f, [0x1cc5, nil]]
0x1cc7S0x22a	[0x23f, [0x1cc7, nil]]
0x1cc8S0x22a	[0x23f, [0x1cc8, nil]]
0x1ccdS0x22a	[0x23f, [0x1ccd, nil]]
0x1cceS0x22a	[0x23f, [0x1cce, nil]]
0x1ccfS0x22a	[0x23f, [0x1ccf, nil]]
0x1cd0S0x22a	[0x23f, [0x1cd0, nil]]
0x1cddS0x22a	[0x23f, [0x1cdd, nil]]
0x1cdfS0x22a	[0x23f, [0x1cdf, nil]]
0x1ce0S0x22a	[0x23f, [0x1ce0, nil]]
0x1ce1S0x22a	[0x23f, [0x1ce1, nil]]
0x1cebS0x22a	[0x23f, [0x1ceb, nil]]
0x1cecS0x22a	[0x23f, [0x1cec, nil]]
0x1cedS0x22a	[0x23f, [0x1ced, nil]]
0x65a0S0x22a	[0x23f, [0x1970, nil]]
0x1cfaS0x22a	[0x23f, [0x1cfa, nil]]
0x1d00S0x22a	[0x23f, [0x1d00, nil]]
0x1d01S0x22a	[0x23f, [0x1d01, nil]]
0x65c3S0x22a	[0x23f, [0x1974, nil]]
0x1d0bS0x22a	[0x23f, [0x1d0b, nil]]
0x1d0eS0x22a	[0x23f, [0x1d0e, nil]]
0x1d0fS0x22a	[0x23f, [0x1d0f, nil]]
0x1d10S0x22a	[0x23f, [0x1d10, nil]]
0x1d1aS0x22a	[0x23f, [0x1d1a, nil]]
0x1d1bS0x22a	[0x23f, [0x1d1b, nil]]
0x1d1cS0x22a	[0x23f, [0x1d1c, nil]]
0x1d29S0x22a	[0x23f, [0x1d29, nil]]
0x1d2fS0x22a	[0x23f, [0x1d2f, nil]]
0x1d30S0x22a	[0x23f, [0x1d30, nil]]
0x65e6S0x22a	[0x23f, [0x1974, nil]]
0x1d3aS0x22a	[0x23f, [0x1d3a, nil]]
0x1d3dS0x22a	[0x23f, [0x1d3d, nil]]
0x1d3eS0x22a	[0x23f, [0x1d3e, nil]]
0x1d3fS0x22a	[0x23f, [0x1d3f, nil]]
0x1d49S0x22a	[0x23f, [0x1d49, nil]]
0x1d4aS0x22a	[0x23f, [0x1d4a, nil]]
0x1d4bS0x22a	[0x23f, [0x1d4b, nil]]
0x1d58S0x22a	[0x23f, [0x1d58, nil]]
0x1d5eS0x22a	[0x23f, [0x1d5e, nil]]
0x1d5fS0x22a	[0x23f, [0x1d5f, nil]]
0x6609S0x22a	[0x23f, [0x1974, nil]]
0x1d69S0x22a	[0x23f, [0x1d69, nil]]
0x1d6bS0x22a	[0x23f, [0x1d6b, nil]]
0x1d71S0x22a	[0x23f, [0x1d71, nil]]
0x1d72S0x22a	[0x23f, [0x1d72, nil]]
0x1d7aS0x22a	[0x23f, [0x1d7a, nil]]
0x1d7cS0x22a	[0x23f, [0x1d7c, nil]]
0x1d82S0x22a	[0x23f, [0x1d82, nil]]
0x1d83S0x22a	[0x23f, [0x1d83, nil]]
0x1d8bS0x22a	[0x23f, [0x1d8b, nil]]
0x1d8dS0x22a	[0x23f, [0x1d8d, nil]]
0x1d93S0x22a	[0x23f, [0x1d93, nil]]
0x1d94S0x22a	[0x23f, [0x1d94, nil]]
0x1d9cS0x22a	[0x23f, [0x1d9c, nil]]
0x1d9eS0x22a	[0x23f, [0x1d9e, nil]]
0x1da4S0x22a	[0x23f, [0x1da4, nil]]
0x1da5S0x22a	[0x23f, [0x1da5, nil]]
0x1dadS0x22a	[0x23f, [0x1dad, nil]]
0x1dafS0x22a	[0x23f, [0x1daf, nil]]
0x1db5S0x22a	[0x23f, [0x1db5, nil]]
0x1db6S0x22a	[0x23f, [0x1db6, nil]]
0x1b61S0x1cf9S0x22a	[0x23f, [0x1d04, [0x1b61, nil]]]
0x1b64S0x1cf9S0x22a	[0x23f, [0x1d04, [0x1b64, nil]]]
0x1b7eS0x1cf9S0x22a	[0x23f, [0x1d04, [0x1b7e, nil]]]
0x1b81S0x1cf9S0x22a	[0x23f, [0x1d04, [0x1b81, nil]]]
0x1b9aS0x1cf9S0x22a	[0x23f, [0x1d04, [0x1b9a, nil]]]
0x1b9dS0x1cf9S0x22a	[0x23f, [0x1d04, [0x1b9d, nil]]]
0x1b6bS0x1cf9S0x22a	[0x23f, [0x1d04, [0x1b6b, nil]]]
0x1b6eS0x1cf9S0x22a	[0x23f, [0x1d04, [0x1b6e, nil]]]
0x1b78S0x1cf9S0x22a	[0x23f, [0x1d04, [0x1b78, nil]]]
0x1b79S0x1cf9S0x22a	[0x23f, [0x1d04, [0x1b79, nil]]]
0x1b7aS0x1cf9S0x22a	[0x23f, [0x1d04, [0x1b7a, nil]]]
0x6465S0x1cf9S0x22a	[0x23f, [0x1d04, [0x1b49, nil]]]
0x1b87S0x1cf9S0x22a	[0x23f, [0x1d04, [0x1b87, nil]]]
0x1b8aS0x1cf9S0x22a	[0x23f, [0x1d04, [0x1b8a, nil]]]
0x1b8eS0x1cf9S0x22a	[0x23f, [0x1d04, [0x1b8e, nil]]]
0x1b91S0x1cf9S0x22a	[0x23f, [0x1d04, [0x1b91, nil]]]
0x1b93S0x1cf9S0x22a	[0x23f, [0x1d04, [0x1b93, nil]]]
0x1b94S0x1cf9S0x22a	[0x23f, [0x1d04, [0x1b94, nil]]]
0x1b95S0x1cf9S0x22a	[0x23f, [0x1d04, [0x1b95, nil]]]
0x1b96S0x1cf9S0x22a	[0x23f, [0x1d04, [0x1b96, nil]]]
0x6488S0x1cf9S0x22a	[0x23f, [0x1d04, [0x1b4d, nil]]]
0x64abS0x1cf9S0x22a	[0x23f, [0x1d04, [0x1b51, nil]]]
0x1b55S0x1cf9S0x22a	[0x23f, [0x1d04, [0x1b55, nil]]]
0x1b58S0x1cf9S0x22a	[0x23f, [0x1d04, [0x1b58, nil]]]
0x1b5bS0x1cf9S0x22a	[0x23f, [0x1d04, [0x1b5b, nil]]]
0x1b5cS0x1cf9S0x22a	[0x23f, [0x1d04, [0x1b5c, nil]]]
0x1b5dS0x1cf9S0x22a	[0x23f, [0x1d04, [0x1b5d, nil]]]
0x1bb6S0x1d28S0x22a	[0x23f, [0x1d33, [0x1bb6, nil]]]
0x1bb9S0x1d28S0x22a	[0x23f, [0x1d33, [0x1bb9, nil]]]
0x1bd3S0x1d28S0x22a	[0x23f, [0x1d33, [0x1bd3, nil]]]
0x1bd6S0x1d28S0x22a	[0x23f, [0x1d33, [0x1bd6, nil]]]
0x1befS0x1d28S0x22a	[0x23f, [0x1d33, [0x1bef, nil]]]
0x1bf2S0x1d28S0x22a	[0x23f, [0x1d33, [0x1bf2, nil]]]
0x1bc0S0x1d28S0x22a	[0x23f, [0x1d33, [0x1bc0, nil]]]
0x1bc3S0x1d28S0x22a	[0x23f, [0x1d33, [0x1bc3, nil]]]
0x1bcdS0x1d28S0x22a	[0x23f, [0x1d33, [0x1bcd, nil]]]
0x1bceS0x1d28S0x22a	[0x23f, [0x1d33, [0x1bce, nil]]]
0x1bcfS0x1d28S0x22a	[0x23f, [0x1d33, [0x1bcf, nil]]]
0x64ceS0x1d28S0x22a	[0x23f, [0x1d33, [0x1b49, nil]]]
0x1bdcS0x1d28S0x22a	[0x23f, [0x1d33, [0x1bdc, nil]]]
0x1bdfS0x1d28S0x22a	[0x23f, [0x1d33, [0x1bdf, nil]]]
0x1be3S0x1d28S0x22a	[0x23f, [0x1d33, [0x1be3, nil]]]
0x1be6S0x1d28S0x22a	[0x23f, [0x1d33, [0x1be6, nil]]]
0x1be8S0x1d28S0x22a	[0x23f, [0x1d33, [0x1be8, nil]]]
0x1be9S0x1d28S0x22a	[0x23f, [0x1d33, [0x1be9, nil]]]
0x1beaS0x1d28S0x22a	[0x23f, [0x1d33, [0x1bea, nil]]]
0x1bebS0x1d28S0x22a	[0x23f, [0x1d33, [0x1beb, nil]]]
0x64f1S0x1d28S0x22a	[0x23f, [0x1d33, [0x1b4d, nil]]]
0x6514S0x1d28S0x22a	[0x23f, [0x1d33, [0x1b51, nil]]]
0x1baaS0x1d28S0x22a	[0x23f, [0x1d33, [0x1baa, nil]]]
0x1badS0x1d28S0x22a	[0x23f, [0x1d33, [0x1bad, nil]]]
0x1bb0S0x1d28S0x22a	[0x23f, [0x1d33, [0x1bb0, nil]]]
0x1bb1S0x1d28S0x22a	[0x23f, [0x1d33, [0x1bb1, nil]]]
0x1bb2S0x1d28S0x22a	[0x23f, [0x1d33, [0x1bb2, nil]]]
0x1c0bS0x1d57S0x22a	[0x23f, [0x1d62, [0x1c0b, nil]]]
0x1c0eS0x1d57S0x22a	[0x23f, [0x1d62, [0x1c0e, nil]]]
0x1c28S0x1d57S0x22a	[0x23f, [0x1d62, [0x1c28, nil]]]
0x1c2bS0x1d57S0x22a	[0x23f, [0x1d62, [0x1c2b, nil]]]
0x1c44S0x1d57S0x22a	[0x23f, [0x1d62, [0x1c44, nil]]]
0x1c47S0x1d57S0x22a	[0x23f, [0x1d62, [0x1c47, nil]]]
0x1c15S0x1d57S0x22a	[0x23f, [0x1d62, [0x1c15, nil]]]
0x1c18S0x1d57S0x22a	[0x23f, [0x1d62, [0x1c18, nil]]]
0x1c22S0x1d57S0x22a	[0x23f, [0x1d62, [0x1c22, nil]]]
0x1c23S0x1d57S0x22a	[0x23f, [0x1d62, [0x1c23, nil]]]
0x1c24S0x1d57S0x22a	[0x23f, [0x1d62, [0x1c24, nil]]]
0x6537S0x1d57S0x22a	[0x23f, [0x1d62, [0x1b49, nil]]]
0x1c31S0x1d57S0x22a	[0x23f, [0x1d62, [0x1c31, nil]]]
0x1c34S0x1d57S0x22a	[0x23f, [0x1d62, [0x1c34, nil]]]
0x1c38S0x1d57S0x22a	[0x23f, [0x1d62, [0x1c38, nil]]]
0x1c3bS0x1d57S0x22a	[0x23f, [0x1d62, [0x1c3b, nil]]]
0x1c3dS0x1d57S0x22a	[0x23f, [0x1d62, [0x1c3d, nil]]]
0x1c3eS0x1d57S0x22a	[0x23f, [0x1d62, [0x1c3e, nil]]]
0x1c3fS0x1d57S0x22a	[0x23f, [0x1d62, [0x1c3f, nil]]]
0x1c40S0x1d57S0x22a	[0x23f, [0x1d62, [0x1c40, nil]]]
0x655aS0x1d57S0x22a	[0x23f, [0x1d62, [0x1b4d, nil]]]
0x657dS0x1d57S0x22a	[0x23f, [0x1d62, [0x1b51, nil]]]
0x1bffS0x1d57S0x22a	[0x23f, [0x1d62, [0x1bff, nil]]]
0x1c02S0x1d57S0x22a	[0x23f, [0x1d62, [0x1c02, nil]]]
0x1c05S0x1d57S0x22a	[0x23f, [0x1d62, [0x1c05, nil]]]
0x1c06S0x1d57S0x22a	[0x23f, [0x1d62, [0x1c06, nil]]]
0x1c07S0x1d57S0x22a	[0x23f, [0x1d62, [0x1c07, nil]]]
0x1c73S0x1d76S0x22a	[0x23f, [0x1d86, [0x1c73, nil]]]
0x1c75S0x1d76S0x22a	[0x23f, [0x1d86, [0x1c75, nil]]]
0x1c78S0x1d76S0x22a	[0x23f, [0x1d86, [0x1c78, nil]]]
0x1c7cS0x1d76S0x22a	[0x23f, [0x1d86, [0x1c7c, nil]]]
0x1c6cS0x1c72S0x1d76S0x22a	[0x23f, [0x1d86, [0x1c7f, [0x1c6c, nil]]]]
0x1c67S0x1c72S0x1d76S0x22a	[0x23f, [0x1d86, [0x1c7f, [0x1c67, nil]]]]
0x1c68S0x1c72S0x1d76S0x22a	[0x23f, [0x1d86, [0x1c7f, [0x1c68, nil]]]]
0x1c5dS0x1c72S0x1d76S0x22a	[0x23f, [0x1d86, [0x1c7f, [0x1c5d, nil]]]]
0x1c61S0x1c72S0x1d76S0x22a	[0x23f, [0x1d86, [0x1c7f, [0x1c61, nil]]]]
0x1c54S0x1c5cS0x1c72S0x1d76S0x22a	[0x23f, [0x1d86, [0x1c7f, [0x1c64, [0x1c54, nil]]]]]
0x1ca9S0x1d87S0x22a	[0x23f, [0x1d97, [0x1ca9, nil]]]
0x1cabS0x1d87S0x22a	[0x23f, [0x1d97, [0x1cab, nil]]]
0x1caeS0x1d87S0x22a	[0x23f, [0x1d97, [0x1cae, nil]]]
0x1cb2S0x1d87S0x22a	[0x23f, [0x1d97, [0x1cb2, nil]]]
0x1ca2S0x1ca8S0x1d87S0x22a	[0x23f, [0x1d97, [0x1cb5, [0x1ca2, nil]]]]
0x1c9dS0x1ca8S0x1d87S0x22a	[0x23f, [0x1d97, [0x1cb5, [0x1c9d, nil]]]]
0x1c9eS0x1ca8S0x1d87S0x22a	[0x23f, [0x1d97, [0x1cb5, [0x1c9e, nil]]]]
0x1c93S0x1ca8S0x1d87S0x22a	[0x23f, [0x1d97, [0x1cb5, [0x1c93, nil]]]]
0x1c97S0x1ca8S0x1d87S0x22a	[0x23f, [0x1d97, [0x1cb5, [0x1c97, nil]]]]
0x1c87S0x1c92S0x1ca8S0x1d87S0x22a	[0x23f, [0x1d97, [0x1cb5, [0x1c9a, [0x1c87, nil]]]]]
0x1c88S0x1c92S0x1ca8S0x1d87S0x22a	[0x23f, [0x1d97, [0x1cb5, [0x1c9a, [0x1c88, nil]]]]]
0x1c8bS0x1c92S0x1ca8S0x1d87S0x22a	[0x23f, [0x1d97, [0x1cb5, [0x1c9a, [0x1c8b, nil]]]]]
0x1a72S0x1d98S0x22a	[0x23f, [0x1da8, [0x1a72, nil]]]
0x1a74S0x1d98S0x22a	[0x23f, [0x1da8, [0x1a74, nil]]]
0x1a77S0x1d98S0x22a	[0x23f, [0x1da8, [0x1a77, nil]]]
0x1a7bS0x1d98S0x22a	[0x23f, [0x1da8, [0x1a7b, nil]]]
0x1a6bS0x1a71S0x1d98S0x22a	[0x23f, [0x1da8, [0x1a7e, [0x1a6b, nil]]]]
0x1a66S0x1a71S0x1d98S0x22a	[0x23f, [0x1da8, [0x1a7e, [0x1a66, nil]]]]
0x1a67S0x1a71S0x1d98S0x22a	[0x23f, [0x1da8, [0x1a7e, [0x1a67, nil]]]]
0x1a5cS0x1a71S0x1d98S0x22a	[0x23f, [0x1da8, [0x1a7e, [0x1a5c, nil]]]]
0x1a60S0x1a71S0x1d98S0x22a	[0x23f, [0x1da8, [0x1a7e, [0x1a60, nil]]]]
0x1a2bS0x1a5bS0x1a71S0x1d98S0x22a	[0x23f, [0x1da8, [0x1a7e, [0x1a63, [0x1a2b, nil]]]]]
0x1a72S0x1da9S0x22a	[0x23f, [0x1db9, [0x1a72, nil]]]
0x1a74S0x1da9S0x22a	[0x23f, [0x1db9, [0x1a74, nil]]]
0x1a77S0x1da9S0x22a	[0x23f, [0x1db9, [0x1a77, nil]]]
0x1a7bS0x1da9S0x22a	[0x23f, [0x1db9, [0x1a7b, nil]]]
0x1a6bS0x1a71S0x1da9S0x22a	[0x23f, [0x1db9, [0x1a7e, [0x1a6b, nil]]]]
0x1a66S0x1a71S0x1da9S0x22a	[0x23f, [0x1db9, [0x1a7e, [0x1a66, nil]]]]
0x1a67S0x1a71S0x1da9S0x22a	[0x23f, [0x1db9, [0x1a7e, [0x1a67, nil]]]]
0x1a5cS0x1a71S0x1da9S0x22a	[0x23f, [0x1db9, [0x1a7e, [0x1a5c, nil]]]]
0x1a60S0x1a71S0x1da9S0x22a	[0x23f, [0x1db9, [0x1a7e, [0x1a60, nil]]]]
0x1a2bS0x1a5bS0x1a71S0x1da9S0x22a	[0x23f, [0x1db9, [0x1a7e, [0x1a63, [0x1a2b, nil]]]]]
0x1af7S0x1d63S0x22a	[0x23f, [0x1d75, [0x1af7, nil]]]
0x1af9S0x1d63S0x22a	[0x23f, [0x1d75, [0x1af9, nil]]]
0x1afcS0x1d63S0x22a	[0x23f, [0x1d75, [0x1afc, nil]]]
0x1b00S0x1d63S0x22a	[0x23f, [0x1d75, [0x1b00, nil]]]
0x1af0S0x1af6S0x1d63S0x22a	[0x23f, [0x1d75, [0x1b03, [0x1af0, nil]]]]
0x1aebS0x1af6S0x1d63S0x22a	[0x23f, [0x1d75, [0x1b03, [0x1aeb, nil]]]]
0x1aecS0x1af6S0x1d63S0x22a	[0x23f, [0x1d75, [0x1b03, [0x1aec, nil]]]]
0x1ae1S0x1af6S0x1d63S0x22a	[0x23f, [0x1d75, [0x1b03, [0x1ae1, nil]]]]
0x1ae5S0x1af6S0x1d63S0x22a	[0x23f, [0x1d75, [0x1b03, [0x1ae5, nil]]]]
0x1ad0S0x1ae0S0x1af6S0x1d63S0x22a	[0x23f, [0x1d75, [0x1b03, [0x1ae8, [0x1ad0, nil]]]]]
0x1ad1S0x1ae0S0x1af6S0x1d63S0x22a	[0x23f, [0x1d75, [0x1b03, [0x1ae8, [0x1ad1, nil]]]]]
0x1ad5S0x1ae0S0x1af6S0x1d63S0x22a	[0x23f, [0x1d75, [0x1b03, [0x1ae8, [0x1ad5, nil]]]]]
0x1ab1S0x1acfS0x1ae0S0x1af6S0x1d63S0x22a	[0x23f, [0x1d75, [0x1b03, [0x1ae8, [0x1ad8, [0x1ab1, nil]]]]]]
0x1ab2S0x1acfS0x1ae0S0x1af6S0x1d63S0x22a	[0x23f, [0x1d75, [0x1b03, [0x1ae8, [0x1ad8, [0x1ab2, nil]]]]]]
0x1ac8S0x1acfS0x1ae0S0x1af6S0x1d63S0x22a	[0x23f, [0x1d75, [0x1b03, [0x1ae8, [0x1ad8, [0x1ac8, nil]]]]]]
0x2047S0x267	[0x27c, [0x2047, nil]]
0x204aS0x267	[0x27c, [0x204a, nil]]
0x203aS0x267	[0x27c, [0x203a, nil]]
0x203cS0x267	[0x27c, [0x203c, nil]]
0x2040S0x267	[0x27c, [0x2040, nil]]
0x2041S0x267	[0x27c, [0x2041, nil]]
0x2042S0x267	[0x27c, [0x2042, nil]]
0x2043S0x267	[0x27c, [0x2043, nil]]
0x2050S0x267	[0x27c, [0x2050, nil]]
0x2051S0x267	[0x27c, [0x2051, nil]]
0x2057S0x267	[0x27c, [0x2057, nil]]
0x2058S0x267	[0x27c, [0x2058, nil]]
0x662cS0x267	[0x27c, [0x1970, nil]]
0x2060S0x267	[0x27c, [0x2060, nil]]
0x2062S0x267	[0x27c, [0x2062, nil]]
0x2068S0x267	[0x27c, [0x2068, nil]]
0x2069S0x267	[0x27c, [0x2069, nil]]
0x1c73S0x205cS0x267	[0x27c, [0x206c, [0x1c73, nil]]]
0x1c75S0x205cS0x267	[0x27c, [0x206c, [0x1c75, nil]]]
0x1c78S0x205cS0x267	[0x27c, [0x206c, [0x1c78, nil]]]
0x1c7cS0x205cS0x267	[0x27c, [0x206c, [0x1c7c, nil]]]
0x1c6cS0x1c72S0x205cS0x267	[0x27c, [0x206c, [0x1c7f, [0x1c6c, nil]]]]
0x1c67S0x1c72S0x205cS0x267	[0x27c, [0x206c, [0x1c7f, [0x1c67, nil]]]]
0x1c68S0x1c72S0x205cS0x267	[0x27c, [0x206c, [0x1c7f, [0x1c68, nil]]]]
0x1c5dS0x1c72S0x205cS0x267	[0x27c, [0x206c, [0x1c7f, [0x1c5d, nil]]]]
0x1c61S0x1c72S0x205cS0x267	[0x27c, [0x206c, [0x1c7f, [0x1c61, nil]]]]
0x1c54S0x1c5cS0x1c72S0x205cS0x267	[0x27c, [0x206c, [0x1c7f, [0x1c64, [0x1c54, nil]]]]]
0x2026S0x204fS0x267	[0x27c, [0x205b, [0x2026, nil]]]
0x2028S0x204fS0x267	[0x27c, [0x205b, [0x2028, nil]]]
0x202bS0x204fS0x267	[0x27c, [0x205b, [0x202b, nil]]]
0x202fS0x204fS0x267	[0x27c, [0x205b, [0x202f, nil]]]
0x201fS0x2025S0x204fS0x267	[0x27c, [0x205b, [0x2032, [0x201f, nil]]]]
0x201aS0x2025S0x204fS0x267	[0x27c, [0x205b, [0x2032, [0x201a, nil]]]]
0x201bS0x2025S0x204fS0x267	[0x27c, [0x205b, [0x2032, [0x201b, nil]]]]
0x2010S0x2025S0x204fS0x267	[0x27c, [0x205b, [0x2032, [0x2010, nil]]]]
0x2014S0x2025S0x204fS0x267	[0x27c, [0x205b, [0x2032, [0x2014, nil]]]]
0x1fffS0x200fS0x2025S0x204fS0x267	[0x27c, [0x205b, [0x2032, [0x2017, [0x1fff, nil]]]]]
0x2000S0x200fS0x2025S0x204fS0x267	[0x27c, [0x205b, [0x2032, [0x2017, [0x2000, nil]]]]]
0x2004S0x200fS0x2025S0x204fS0x267	[0x27c, [0x205b, [0x2032, [0x2017, [0x2004, nil]]]]]
0x1ab1S0x1ffeS0x200fS0x2025S0x204fS0x267	[0x27c, [0x205b, [0x2032, [0x2017, [0x2007, [0x1ab1, nil]]]]]]
0x1ab2S0x1ffeS0x200fS0x2025S0x204fS0x267	[0x27c, [0x205b, [0x2032, [0x2017, [0x2007, [0x1ab2, nil]]]]]]
0x1ac8S0x1ffeS0x200fS0x2025S0x204fS0x267	[0x27c, [0x205b, [0x2032, [0x2017, [0x2007, [0x1ac8, nil]]]]]]
0x2086S0x2b9	[0x2ce, [0x2086, nil]]
0x2089S0x2b9	[0x2ce, [0x2089, nil]]
0x2078S0x2b9	[0x2ce, [0x2078, nil]]
0x207aS0x2b9	[0x2ce, [0x207a, nil]]
0x207bS0x2b9	[0x2ce, [0x207b, nil]]
0x207fS0x2b9	[0x2ce, [0x207f, nil]]
0x2080S0x2b9	[0x2ce, [0x2080, nil]]
0x2081S0x2b9	[0x2ce, [0x2081, nil]]
0x2082S0x2b9	[0x2ce, [0x2082, nil]]
0x208fS0x2b9	[0x2ce, [0x208f, nil]]
0x2090S0x2b9	[0x2ce, [0x2090, nil]]
0x2096S0x2b9	[0x2ce, [0x2096, nil]]
0x2097S0x2b9	[0x2ce, [0x2097, nil]]
0x664fS0x2b9	[0x2ce, [0x1970, nil]]
0x209fS0x2b9	[0x2ce, [0x209f, nil]]
0x20a1S0x2b9	[0x2ce, [0x20a1, nil]]
0x20a7S0x2b9	[0x2ce, [0x20a7, nil]]
0x20a8S0x2b9	[0x2ce, [0x20a8, nil]]
0x20b0S0x2b9	[0x2ce, [0x20b0, nil]]
0x20b2S0x2b9	[0x2ce, [0x20b2, nil]]
0x20b8S0x2b9	[0x2ce, [0x20b8, nil]]
0x20b9S0x2b9	[0x2ce, [0x20b9, nil]]
0x1c73S0x20acS0x2b9	[0x2ce, [0x20bc, [0x1c73, nil]]]
0x1c75S0x20acS0x2b9	[0x2ce, [0x20bc, [0x1c75, nil]]]
0x1c78S0x20acS0x2b9	[0x2ce, [0x20bc, [0x1c78, nil]]]
0x1c7cS0x20acS0x2b9	[0x2ce, [0x20bc, [0x1c7c, nil]]]
0x1c6cS0x1c72S0x20acS0x2b9	[0x2ce, [0x20bc, [0x1c7f, [0x1c6c, nil]]]]
0x1c67S0x1c72S0x20acS0x2b9	[0x2ce, [0x20bc, [0x1c7f, [0x1c67, nil]]]]
0x1c68S0x1c72S0x20acS0x2b9	[0x2ce, [0x20bc, [0x1c7f, [0x1c68, nil]]]]
0x1c5dS0x1c72S0x20acS0x2b9	[0x2ce, [0x20bc, [0x1c7f, [0x1c5d, nil]]]]
0x1c61S0x1c72S0x20acS0x2b9	[0x2ce, [0x20bc, [0x1c7f, [0x1c61, nil]]]]
0x1c54S0x1c5cS0x1c72S0x20acS0x2b9	[0x2ce, [0x20bc, [0x1c7f, [0x1c64, [0x1c54, nil]]]]]
0x1af7S0x208eS0x2b9	[0x2ce, [0x209a, [0x1af7, nil]]]
0x1af9S0x208eS0x2b9	[0x2ce, [0x209a, [0x1af9, nil]]]
0x1afcS0x208eS0x2b9	[0x2ce, [0x209a, [0x1afc, nil]]]
0x1b00S0x208eS0x2b9	[0x2ce, [0x209a, [0x1b00, nil]]]
0x1af0S0x1af6S0x208eS0x2b9	[0x2ce, [0x209a, [0x1b03, [0x1af0, nil]]]]
0x1aebS0x1af6S0x208eS0x2b9	[0x2ce, [0x209a, [0x1b03, [0x1aeb, nil]]]]
0x1aecS0x1af6S0x208eS0x2b9	[0x2ce, [0x209a, [0x1b03, [0x1aec, nil]]]]
0x1ae1S0x1af6S0x208eS0x2b9	[0x2ce, [0x209a, [0x1b03, [0x1ae1, nil]]]]
0x1ae5S0x1af6S0x208eS0x2b9	[0x2ce, [0x209a, [0x1b03, [0x1ae5, nil]]]]
0x1ad0S0x1ae0S0x1af6S0x208eS0x2b9	[0x2ce, [0x209a, [0x1b03, [0x1ae8, [0x1ad0, nil]]]]]
0x1ad1S0x1ae0S0x1af6S0x208eS0x2b9	[0x2ce, [0x209a, [0x1b03, [0x1ae8, [0x1ad1, nil]]]]]
0x1ad5S0x1ae0S0x1af6S0x208eS0x2b9	[0x2ce, [0x209a, [0x1b03, [0x1ae8, [0x1ad5, nil]]]]]
0x1ab1S0x1acfS0x1ae0S0x1af6S0x208eS0x2b9	[0x2ce, [0x209a, [0x1b03, [0x1ae8, [0x1ad8, [0x1ab1, nil]]]]]]
0x1ab2S0x1acfS0x1ae0S0x1af6S0x208eS0x2b9	[0x2ce, [0x209a, [0x1b03, [0x1ae8, [0x1ad8, [0x1ab2, nil]]]]]]
0x1ac8S0x1acfS0x1ae0S0x1af6S0x208eS0x2b9	[0x2ce, [0x209a, [0x1b03, [0x1ae8, [0x1ad8, [0x1ac8, nil]]]]]]
0x1af7S0x209bS0x2b9	[0x2ce, [0x20ab, [0x1af7, nil]]]
0x1af9S0x209bS0x2b9	[0x2ce, [0x20ab, [0x1af9, nil]]]
0x1afcS0x209bS0x2b9	[0x2ce, [0x20ab, [0x1afc, nil]]]
0x1b00S0x209bS0x2b9	[0x2ce, [0x20ab, [0x1b00, nil]]]
0x1af0S0x1af6S0x209bS0x2b9	[0x2ce, [0x20ab, [0x1b03, [0x1af0, nil]]]]
0x1aebS0x1af6S0x209bS0x2b9	[0x2ce, [0x20ab, [0x1b03, [0x1aeb, nil]]]]
0x1aecS0x1af6S0x209bS0x2b9	[0x2ce, [0x20ab, [0x1b03, [0x1aec, nil]]]]
0x1ae1S0x1af6S0x209bS0x2b9	[0x2ce, [0x20ab, [0x1b03, [0x1ae1, nil]]]]
0x1ae5S0x1af6S0x209bS0x2b9	[0x2ce, [0x20ab, [0x1b03, [0x1ae5, nil]]]]
0x1ad0S0x1ae0S0x1af6S0x209bS0x2b9	[0x2ce, [0x20ab, [0x1b03, [0x1ae8, [0x1ad0, nil]]]]]
0x1ad1S0x1ae0S0x1af6S0x209bS0x2b9	[0x2ce, [0x20ab, [0x1b03, [0x1ae8, [0x1ad1, nil]]]]]
0x1ad5S0x1ae0S0x1af6S0x209bS0x2b9	[0x2ce, [0x20ab, [0x1b03, [0x1ae8, [0x1ad5, nil]]]]]
0x1ab1S0x1acfS0x1ae0S0x1af6S0x209bS0x2b9	[0x2ce, [0x20ab, [0x1b03, [0x1ae8, [0x1ad8, [0x1ab1, nil]]]]]]
0x1ab2S0x1acfS0x1ae0S0x1af6S0x209bS0x2b9	[0x2ce, [0x20ab, [0x1b03, [0x1ae8, [0x1ad8, [0x1ab2, nil]]]]]]
0x1ac8S0x1acfS0x1ae0S0x1af6S0x209bS0x2b9	[0x2ce, [0x20ab, [0x1b03, [0x1ae8, [0x1ad8, [0x1ac8, nil]]]]]]
0x20d4S0x2e1	[0x2f6, [0x20d4, nil]]
0x20d7S0x2e1	[0x2f6, [0x20d7, nil]]
0x20c8S0x2e1	[0x2f6, [0x20c8, nil]]
0x20c9S0x2e1	[0x2f6, [0x20c9, nil]]
0x20cdS0x2e1	[0x2f6, [0x20cd, nil]]
0x20ceS0x2e1	[0x2f6, [0x20ce, nil]]
0x20cfS0x2e1	[0x2f6, [0x20cf, nil]]
0x20d0S0x2e1	[0x2f6, [0x20d0, nil]]
0x20ddS0x2e1	[0x2f6, [0x20dd, nil]]
0x20deS0x2e1	[0x2f6, [0x20de, nil]]
0x20e4S0x2e1	[0x2f6, [0x20e4, nil]]
0x20e5S0x2e1	[0x2f6, [0x20e5, nil]]
0x6672S0x2e1	[0x2f6, [0x1970, nil]]
0x1af7S0x20dcS0x2e1	[0x2f6, [0x20e8, [0x1af7, nil]]]
0x1af9S0x20dcS0x2e1	[0x2f6, [0x20e8, [0x1af9, nil]]]
0x1afcS0x20dcS0x2e1	[0x2f6, [0x20e8, [0x1afc, nil]]]
0x1b00S0x20dcS0x2e1	[0x2f6, [0x20e8, [0x1b00, nil]]]
0x1af0S0x1af6S0x20dcS0x2e1	[0x2f6, [0x20e8, [0x1b03, [0x1af0, nil]]]]
0x1aebS0x1af6S0x20dcS0x2e1	[0x2f6, [0x20e8, [0x1b03, [0x1aeb, nil]]]]
0x1aecS0x1af6S0x20dcS0x2e1	[0x2f6, [0x20e8, [0x1b03, [0x1aec, nil]]]]
0x1ae1S0x1af6S0x20dcS0x2e1	[0x2f6, [0x20e8, [0x1b03, [0x1ae1, nil]]]]
0x1ae5S0x1af6S0x20dcS0x2e1	[0x2f6, [0x20e8, [0x1b03, [0x1ae5, nil]]]]
0x1ad0S0x1ae0S0x1af6S0x20dcS0x2e1	[0x2f6, [0x20e8, [0x1b03, [0x1ae8, [0x1ad0, nil]]]]]
0x1ad1S0x1ae0S0x1af6S0x20dcS0x2e1	[0x2f6, [0x20e8, [0x1b03, [0x1ae8, [0x1ad1, nil]]]]]
0x1ad5S0x1ae0S0x1af6S0x20dcS0x2e1	[0x2f6, [0x20e8, [0x1b03, [0x1ae8, [0x1ad5, nil]]]]]
0x1ab1S0x1acfS0x1ae0S0x1af6S0x20dcS0x2e1	[0x2f6, [0x20e8, [0x1b03, [0x1ae8, [0x1ad8, [0x1ab1, nil]]]]]]
0x1ab2S0x1acfS0x1ae0S0x1af6S0x20dcS0x2e1	[0x2f6, [0x20e8, [0x1b03, [0x1ae8, [0x1ad8, [0x1ab2, nil]]]]]]
0x1ac8S0x1acfS0x1ae0S0x1af6S0x20dcS0x2e1	[0x2f6, [0x20e8, [0x1b03, [0x1ae8, [0x1ad8, [0x1ac8, nil]]]]]]
0x20d4S0x31d	[0x332, [0x20d4, nil]]
0x20d7S0x31d	[0x332, [0x20d7, nil]]
0x20c8S0x31d	[0x332, [0x20c8, nil]]
0x20c9S0x31d	[0x332, [0x20c9, nil]]
0x20cdS0x31d	[0x332, [0x20cd, nil]]
0x20ceS0x31d	[0x332, [0x20ce, nil]]
0x20cfS0x31d	[0x332, [0x20cf, nil]]
0x20d0S0x31d	[0x332, [0x20d0, nil]]
0x20ddS0x31d	[0x332, [0x20dd, nil]]
0x20deS0x31d	[0x332, [0x20de, nil]]
0x20e4S0x31d	[0x332, [0x20e4, nil]]
0x20e5S0x31d	[0x332, [0x20e5, nil]]
0x6672S0x31d	[0x332, [0x1970, nil]]
0x1af7S0x20dcS0x31d	[0x332, [0x20e8, [0x1af7, nil]]]
0x1af9S0x20dcS0x31d	[0x332, [0x20e8, [0x1af9, nil]]]
0x1afcS0x20dcS0x31d	[0x332, [0x20e8, [0x1afc, nil]]]
0x1b00S0x20dcS0x31d	[0x332, [0x20e8, [0x1b00, nil]]]
0x1af0S0x1af6S0x20dcS0x31d	[0x332, [0x20e8, [0x1b03, [0x1af0, nil]]]]
0x1aebS0x1af6S0x20dcS0x31d	[0x332, [0x20e8, [0x1b03, [0x1aeb, nil]]]]
0x1aecS0x1af6S0x20dcS0x31d	[0x332, [0x20e8, [0x1b03, [0x1aec, nil]]]]
0x1ae1S0x1af6S0x20dcS0x31d	[0x332, [0x20e8, [0x1b03, [0x1ae1, nil]]]]
0x1ae5S0x1af6S0x20dcS0x31d	[0x332, [0x20e8, [0x1b03, [0x1ae5, nil]]]]
0x1ad0S0x1ae0S0x1af6S0x20dcS0x31d	[0x332, [0x20e8, [0x1b03, [0x1ae8, [0x1ad0, nil]]]]]
0x1ad1S0x1ae0S0x1af6S0x20dcS0x31d	[0x332, [0x20e8, [0x1b03, [0x1ae8, [0x1ad1, nil]]]]]
0x1ad5S0x1ae0S0x1af6S0x20dcS0x31d	[0x332, [0x20e8, [0x1b03, [0x1ae8, [0x1ad5, nil]]]]]
0x1ab1S0x1acfS0x1ae0S0x1af6S0x20dcS0x31d	[0x332, [0x20e8, [0x1b03, [0x1ae8, [0x1ad8, [0x1ab1, nil]]]]]]
0x1ab2S0x1acfS0x1ae0S0x1af6S0x20dcS0x31d	[0x332, [0x20e8, [0x1b03, [0x1ae8, [0x1ad8, [0x1ab2, nil]]]]]]
0x1ac8S0x1acfS0x1ae0S0x1af6S0x20dcS0x31d	[0x332, [0x20e8, [0x1b03, [0x1ae8, [0x1ad8, [0x1ac8, nil]]]]]]
0x1b18S0x35b	[0x370, [0x1b18, nil]]
0x1b1bS0x35b	[0x370, [0x1b1b, nil]]
0x1b0bS0x35b	[0x370, [0x1b0b, nil]]
0x1b0dS0x35b	[0x370, [0x1b0d, nil]]
0x1b11S0x35b	[0x370, [0x1b11, nil]]
0x1b12S0x35b	[0x370, [0x1b12, nil]]
0x1b13S0x35b	[0x370, [0x1b13, nil]]
0x1b14S0x35b	[0x370, [0x1b14, nil]]
0x1b21S0x35b	[0x370, [0x1b21, nil]]
0x1b22S0x35b	[0x370, [0x1b22, nil]]
0x1b28S0x35b	[0x370, [0x1b28, nil]]
0x1b29S0x35b	[0x370, [0x1b29, nil]]
0x6442S0x35b	[0x370, [0x1970, nil]]
0x1b31S0x35b	[0x370, [0x1b31, nil]]
0x1b33S0x35b	[0x370, [0x1b33, nil]]
0x1b39S0x35b	[0x370, [0x1b39, nil]]
0x1b3aS0x35b	[0x370, [0x1b3a, nil]]
0x1a72S0x1b20S0x35b	[0x370, [0x1b2c, [0x1a72, nil]]]
0x1a74S0x1b20S0x35b	[0x370, [0x1b2c, [0x1a74, nil]]]
0x1a77S0x1b20S0x35b	[0x370, [0x1b2c, [0x1a77, nil]]]
0x1a7bS0x1b20S0x35b	[0x370, [0x1b2c, [0x1a7b, nil]]]
0x1a6bS0x1a71S0x1b20S0x35b	[0x370, [0x1b2c, [0x1a7e, [0x1a6b, nil]]]]
0x1a66S0x1a71S0x1b20S0x35b	[0x370, [0x1b2c, [0x1a7e, [0x1a66, nil]]]]
0x1a67S0x1a71S0x1b20S0x35b	[0x370, [0x1b2c, [0x1a7e, [0x1a67, nil]]]]
0x1a5cS0x1a71S0x1b20S0x35b	[0x370, [0x1b2c, [0x1a7e, [0x1a5c, nil]]]]
0x1a60S0x1a71S0x1b20S0x35b	[0x370, [0x1b2c, [0x1a7e, [0x1a60, nil]]]]
0x1a2bS0x1a5bS0x1a71S0x1b20S0x35b	[0x370, [0x1b2c, [0x1a7e, [0x1a63, [0x1a2b, nil]]]]]
0x1af7S0x1b2dS0x35b	[0x370, [0x1b3d, [0x1af7, nil]]]
0x1af9S0x1b2dS0x35b	[0x370, [0x1b3d, [0x1af9, nil]]]
0x1afcS0x1b2dS0x35b	[0x370, [0x1b3d, [0x1afc, nil]]]
0x1b00S0x1b2dS0x35b	[0x370, [0x1b3d, [0x1b00, nil]]]
0x1af0S0x1af6S0x1b2dS0x35b	[0x370, [0x1b3d, [0x1b03, [0x1af0, nil]]]]
0x1aebS0x1af6S0x1b2dS0x35b	[0x370, [0x1b3d, [0x1b03, [0x1aeb, nil]]]]
0x1aecS0x1af6S0x1b2dS0x35b	[0x370, [0x1b3d, [0x1b03, [0x1aec, nil]]]]
0x1ae1S0x1af6S0x1b2dS0x35b	[0x370, [0x1b3d, [0x1b03, [0x1ae1, nil]]]]
0x1ae5S0x1af6S0x1b2dS0x35b	[0x370, [0x1b3d, [0x1b03, [0x1ae5, nil]]]]
0x1ad0S0x1ae0S0x1af6S0x1b2dS0x35b	[0x370, [0x1b3d, [0x1b03, [0x1ae8, [0x1ad0, nil]]]]]
0x1ad1S0x1ae0S0x1af6S0x1b2dS0x35b	[0x370, [0x1b3d, [0x1b03, [0x1ae8, [0x1ad1, nil]]]]]
0x1ad5S0x1ae0S0x1af6S0x1b2dS0x35b	[0x370, [0x1b3d, [0x1b03, [0x1ae8, [0x1ad5, nil]]]]]
0x1ab1S0x1acfS0x1ae0S0x1af6S0x1b2dS0x35b	[0x370, [0x1b3d, [0x1b03, [0x1ae8, [0x1ad8, [0x1ab1, nil]]]]]]
0x1ab2S0x1acfS0x1ae0S0x1af6S0x1b2dS0x35b	[0x370, [0x1b3d, [0x1b03, [0x1ae8, [0x1ad8, [0x1ab2, nil]]]]]]
0x1ac8S0x1acfS0x1ae0S0x1af6S0x1b2dS0x35b	[0x370, [0x1b3d, [0x1b03, [0x1ae8, [0x1ad8, [0x1ac8, nil]]]]]]
0x2086S0x3c1	[0x3d6, [0x2086, nil]]
0x2089S0x3c1	[0x3d6, [0x2089, nil]]
0x2078S0x3c1	[0x3d6, [0x2078, nil]]
0x207aS0x3c1	[0x3d6, [0x207a, nil]]
0x207bS0x3c1	[0x3d6, [0x207b, nil]]
0x207fS0x3c1	[0x3d6, [0x207f, nil]]
0x2080S0x3c1	[0x3d6, [0x2080, nil]]
0x2081S0x3c1	[0x3d6, [0x2081, nil]]
0x2082S0x3c1	[0x3d6, [0x2082, nil]]
0x208fS0x3c1	[0x3d6, [0x208f, nil]]
0x2090S0x3c1	[0x3d6, [0x2090, nil]]
0x2096S0x3c1	[0x3d6, [0x2096, nil]]
0x2097S0x3c1	[0x3d6, [0x2097, nil]]
0x664fS0x3c1	[0x3d6, [0x1970, nil]]
0x209fS0x3c1	[0x3d6, [0x209f, nil]]
0x20a1S0x3c1	[0x3d6, [0x20a1, nil]]
0x20a7S0x3c1	[0x3d6, [0x20a7, nil]]
0x20a8S0x3c1	[0x3d6, [0x20a8, nil]]
0x20b0S0x3c1	[0x3d6, [0x20b0, nil]]
0x20b2S0x3c1	[0x3d6, [0x20b2, nil]]
0x20b8S0x3c1	[0x3d6, [0x20b8, nil]]
0x20b9S0x3c1	[0x3d6, [0x20b9, nil]]
0x1c73S0x20acS0x3c1	[0x3d6, [0x20bc, [0x1c73, nil]]]
0x1c75S0x20acS0x3c1	[0x3d6, [0x20bc, [0x1c75, nil]]]
0x1c78S0x20acS0x3c1	[0x3d6, [0x20bc, [0x1c78, nil]]]
0x1c7cS0x20acS0x3c1	[0x3d6, [0x20bc, [0x1c7c, nil]]]
0x1c6cS0x1c72S0x20acS0x3c1	[0x3d6, [0x20bc, [0x1c7f, [0x1c6c, nil]]]]
0x1c67S0x1c72S0x20acS0x3c1	[0x3d6, [0x20bc, [0x1c7f, [0x1c67, nil]]]]
0x1c68S0x1c72S0x20acS0x3c1	[0x3d6, [0x20bc, [0x1c7f, [0x1c68, nil]]]]
0x1c5dS0x1c72S0x20acS0x3c1	[0x3d6, [0x20bc, [0x1c7f, [0x1c5d, nil]]]]
0x1c61S0x1c72S0x20acS0x3c1	[0x3d6, [0x20bc, [0x1c7f, [0x1c61, nil]]]]
0x1c54S0x1c5cS0x1c72S0x20acS0x3c1	[0x3d6, [0x20bc, [0x1c7f, [0x1c64, [0x1c54, nil]]]]]
0x1af7S0x208eS0x3c1	[0x3d6, [0x209a, [0x1af7, nil]]]
0x1af9S0x208eS0x3c1	[0x3d6, [0x209a, [0x1af9, nil]]]
0x1afcS0x208eS0x3c1	[0x3d6, [0x209a, [0x1afc, nil]]]
0x1b00S0x208eS0x3c1	[0x3d6, [0x209a, [0x1b00, nil]]]
0x1af0S0x1af6S0x208eS0x3c1	[0x3d6, [0x209a, [0x1b03, [0x1af0, nil]]]]
0x1aebS0x1af6S0x208eS0x3c1	[0x3d6, [0x209a, [0x1b03, [0x1aeb, nil]]]]
0x1aecS0x1af6S0x208eS0x3c1	[0x3d6, [0x209a, [0x1b03, [0x1aec, nil]]]]
0x1ae1S0x1af6S0x208eS0x3c1	[0x3d6, [0x209a, [0x1b03, [0x1ae1, nil]]]]
0x1ae5S0x1af6S0x208eS0x3c1	[0x3d6, [0x209a, [0x1b03, [0x1ae5, nil]]]]
0x1ad0S0x1ae0S0x1af6S0x208eS0x3c1	[0x3d6, [0x209a, [0x1b03, [0x1ae8, [0x1ad0, nil]]]]]
0x1ad1S0x1ae0S0x1af6S0x208eS0x3c1	[0x3d6, [0x209a, [0x1b03, [0x1ae8, [0x1ad1, nil]]]]]
0x1ad5S0x1ae0S0x1af6S0x208eS0x3c1	[0x3d6, [0x209a, [0x1b03, [0x1ae8, [0x1ad5, nil]]]]]
0x1ab1S0x1acfS0x1ae0S0x1af6S0x208eS0x3c1	[0x3d6, [0x209a, [0x1b03, [0x1ae8, [0x1ad8, [0x1ab1, nil]]]]]]
0x1ab2S0x1acfS0x1ae0S0x1af6S0x208eS0x3c1	[0x3d6, [0x209a, [0x1b03, [0x1ae8, [0x1ad8, [0x1ab2, nil]]]]]]
0x1ac8S0x1acfS0x1ae0S0x1af6S0x208eS0x3c1	[0x3d6, [0x209a, [0x1b03, [0x1ae8, [0x1ad8, [0x1ac8, nil]]]]]]
0x1af7S0x209bS0x3c1	[0x3d6, [0x20ab, [0x1af7, nil]]]
0x1af9S0x209bS0x3c1	[0x3d6, [0x20ab, [0x1af9, nil]]]
0x1afcS0x209bS0x3c1	[0x3d6, [0x20ab, [0x1afc, nil]]]
0x1b00S0x209bS0x3c1	[0x3d6, [0x20ab, [0x1b00, nil]]]
0x1af0S0x1af6S0x209bS0x3c1	[0x3d6, [0x20ab, [0x1b03, [0x1af0, nil]]]]
0x1aebS0x1af6S0x209bS0x3c1	[0x3d6, [0x20ab, [0x1b03, [0x1aeb, nil]]]]
0x1aecS0x1af6S0x209bS0x3c1	[0x3d6, [0x20ab, [0x1b03, [0x1aec, nil]]]]
0x1ae1S0x1af6S0x209bS0x3c1	[0x3d6, [0x20ab, [0x1b03, [0x1ae1, nil]]]]
0x1ae5S0x1af6S0x209bS0x3c1	[0x3d6, [0x20ab, [0x1b03, [0x1ae5, nil]]]]
0x1ad0S0x1ae0S0x1af6S0x209bS0x3c1	[0x3d6, [0x20ab, [0x1b03, [0x1ae8, [0x1ad0, nil]]]]]
0x1ad1S0x1ae0S0x1af6S0x209bS0x3c1	[0x3d6, [0x20ab, [0x1b03, [0x1ae8, [0x1ad1, nil]]]]]
0x1ad5S0x1ae0S0x1af6S0x209bS0x3c1	[0x3d6, [0x20ab, [0x1b03, [0x1ae8, [0x1ad5, nil]]]]]
0x1ab1S0x1acfS0x1ae0S0x1af6S0x209bS0x3c1	[0x3d6, [0x20ab, [0x1b03, [0x1ae8, [0x1ad8, [0x1ab1, nil]]]]]]
0x1ab2S0x1acfS0x1ae0S0x1af6S0x209bS0x3c1	[0x3d6, [0x20ab, [0x1b03, [0x1ae8, [0x1ad8, [0x1ab2, nil]]]]]]
0x1ac8S0x1acfS0x1ae0S0x1af6S0x209bS0x3c1	[0x3d6, [0x20ab, [0x1b03, [0x1ae8, [0x1ad8, [0x1ac8, nil]]]]]]
0x1b18S0x426	[0x43b, [0x1b18, nil]]
0x1b1bS0x426	[0x43b, [0x1b1b, nil]]
0x1b0bS0x426	[0x43b, [0x1b0b, nil]]
0x1b0dS0x426	[0x43b, [0x1b0d, nil]]
0x1b11S0x426	[0x43b, [0x1b11, nil]]
0x1b12S0x426	[0x43b, [0x1b12, nil]]
0x1b13S0x426	[0x43b, [0x1b13, nil]]
0x1b14S0x426	[0x43b, [0x1b14, nil]]
0x1b21S0x426	[0x43b, [0x1b21, nil]]
0x1b22S0x426	[0x43b, [0x1b22, nil]]
0x1b28S0x426	[0x43b, [0x1b28, nil]]
0x1b29S0x426	[0x43b, [0x1b29, nil]]
0x6442S0x426	[0x43b, [0x1970, nil]]
0x1b31S0x426	[0x43b, [0x1b31, nil]]
0x1b33S0x426	[0x43b, [0x1b33, nil]]
0x1b39S0x426	[0x43b, [0x1b39, nil]]
0x1b3aS0x426	[0x43b, [0x1b3a, nil]]
0x1a72S0x1b20S0x426	[0x43b, [0x1b2c, [0x1a72, nil]]]
0x1a74S0x1b20S0x426	[0x43b, [0x1b2c, [0x1a74, nil]]]
0x1a77S0x1b20S0x426	[0x43b, [0x1b2c, [0x1a77, nil]]]
0x1a7bS0x1b20S0x426	[0x43b, [0x1b2c, [0x1a7b, nil]]]
0x1a6bS0x1a71S0x1b20S0x426	[0x43b, [0x1b2c, [0x1a7e, [0x1a6b, nil]]]]
0x1a66S0x1a71S0x1b20S0x426	[0x43b, [0x1b2c, [0x1a7e, [0x1a66, nil]]]]
0x1a67S0x1a71S0x1b20S0x426	[0x43b, [0x1b2c, [0x1a7e, [0x1a67, nil]]]]
0x1a5cS0x1a71S0x1b20S0x426	[0x43b, [0x1b2c, [0x1a7e, [0x1a5c, nil]]]]
0x1a60S0x1a71S0x1b20S0x426	[0x43b, [0x1b2c, [0x1a7e, [0x1a60, nil]]]]
0x1a2bS0x1a5bS0x1a71S0x1b20S0x426	[0x43b, [0x1b2c, [0x1a7e, [0x1a63, [0x1a2b, nil]]]]]
0x1af7S0x1b2dS0x426	[0x43b, [0x1b3d, [0x1af7, nil]]]
0x1af9S0x1b2dS0x426	[0x43b, [0x1b3d, [0x1af9, nil]]]
0x1afcS0x1b2dS0x426	[0x43b, [0x1b3d, [0x1afc, nil]]]
0x1b00S0x1b2dS0x426	[0x43b, [0x1b3d, [0x1b00, nil]]]
0x1af0S0x1af6S0x1b2dS0x426	[0x43b, [0x1b3d, [0x1b03, [0x1af0, nil]]]]
0x1aebS0x1af6S0x1b2dS0x426	[0x43b, [0x1b3d, [0x1b03, [0x1aeb, nil]]]]
0x1aecS0x1af6S0x1b2dS0x426	[0x43b, [0x1b3d, [0x1b03, [0x1aec, nil]]]]
0x1ae1S0x1af6S0x1b2dS0x426	[0x43b, [0x1b3d, [0x1b03, [0x1ae1, nil]]]]
0x1ae5S0x1af6S0x1b2dS0x426	[0x43b, [0x1b3d, [0x1b03, [0x1ae5, nil]]]]
0x1ad0S0x1ae0S0x1af6S0x1b2dS0x426	[0x43b, [0x1b3d, [0x1b03, [0x1ae8, [0x1ad0, nil]]]]]
0x1ad1S0x1ae0S0x1af6S0x1b2dS0x426	[0x43b, [0x1b3d, [0x1b03, [0x1ae8, [0x1ad1, nil]]]]]
0x1ad5S0x1ae0S0x1af6S0x1b2dS0x426	[0x43b, [0x1b3d, [0x1b03, [0x1ae8, [0x1ad5, nil]]]]]
0x1ab1S0x1acfS0x1ae0S0x1af6S0x1b2dS0x426	[0x43b, [0x1b3d, [0x1b03, [0x1ae8, [0x1ad8, [0x1ab1, nil]]]]]]
0x1ab2S0x1acfS0x1ae0S0x1af6S0x1b2dS0x426	[0x43b, [0x1b3d, [0x1b03, [0x1ae8, [0x1ad8, [0x1ab2, nil]]]]]]
0x1ac8S0x1acfS0x1ae0S0x1af6S0x1b2dS0x426	[0x43b, [0x1b3d, [0x1b03, [0x1ae8, [0x1ad8, [0x1ac8, nil]]]]]]
0x20d4S0x1087B0x3ff	[0x109b, [0x20d4, nil]]
0x20d7S0x1087B0x3ff	[0x109b, [0x20d7, nil]]
0x20c8S0x1087B0x3ff	[0x109b, [0x20c8, nil]]
0x20c9S0x1087B0x3ff	[0x109b, [0x20c9, nil]]
0x20cdS0x1087B0x3ff	[0x109b, [0x20cd, nil]]
0x20ceS0x1087B0x3ff	[0x109b, [0x20ce, nil]]
0x20cfS0x1087B0x3ff	[0x109b, [0x20cf, nil]]
0x20d0S0x1087B0x3ff	[0x109b, [0x20d0, nil]]
0x20ddS0x1087B0x3ff	[0x109b, [0x20dd, nil]]
0x20deS0x1087B0x3ff	[0x109b, [0x20de, nil]]
0x20e4S0x1087B0x3ff	[0x109b, [0x20e4, nil]]
0x20e5S0x1087B0x3ff	[0x109b, [0x20e5, nil]]
0x6672S0x1087B0x3ff	[0x109b, [0x1970, nil]]
0x1af7S0x20dcS0x1087B0x3ff	[0x109b, [0x20e8, [0x1af7, nil]]]
0x1af9S0x20dcS0x1087B0x3ff	[0x109b, [0x20e8, [0x1af9, nil]]]
0x1afcS0x20dcS0x1087B0x3ff	[0x109b, [0x20e8, [0x1afc, nil]]]
0x1b00S0x20dcS0x1087B0x3ff	[0x109b, [0x20e8, [0x1b00, nil]]]
0x1af0S0x1af6S0x20dcS0x1087B0x3ff	[0x109b, [0x20e8, [0x1b03, [0x1af0, nil]]]]
0x1aebS0x1af6S0x20dcS0x1087B0x3ff	[0x109b, [0x20e8, [0x1b03, [0x1aeb, nil]]]]
0x1aecS0x1af6S0x20dcS0x1087B0x3ff	[0x109b, [0x20e8, [0x1b03, [0x1aec, nil]]]]
0x1ae1S0x1af6S0x20dcS0x1087B0x3ff	[0x109b, [0x20e8, [0x1b03, [0x1ae1, nil]]]]
0x1ae5S0x1af6S0x20dcS0x1087B0x3ff	[0x109b, [0x20e8, [0x1b03, [0x1ae5, nil]]]]
0x1ad0S0x1ae0S0x1af6S0x20dcS0x1087B0x3ff	[0x109b, [0x20e8, [0x1b03, [0x1ae8, [0x1ad0, nil]]]]]
0x1ad1S0x1ae0S0x1af6S0x20dcS0x1087B0x3ff	[0x109b, [0x20e8, [0x1b03, [0x1ae8, [0x1ad1, nil]]]]]
0x1ad5S0x1ae0S0x1af6S0x20dcS0x1087B0x3ff	[0x109b, [0x20e8, [0x1b03, [0x1ae8, [0x1ad5, nil]]]]]
0x1ab1S0x1acfS0x1ae0S0x1af6S0x20dcS0x1087B0x3ff	[0x109b, [0x20e8, [0x1b03, [0x1ae8, [0x1ad8, [0x1ab1, nil]]]]]]
0x1ab2S0x1acfS0x1ae0S0x1af6S0x20dcS0x1087B0x3ff	[0x109b, [0x20e8, [0x1b03, [0x1ae8, [0x1ad8, [0x1ab2, nil]]]]]]
0x1ac8S0x1acfS0x1ae0S0x1af6S0x20dcS0x1087B0x3ff	[0x109b, [0x20e8, [0x1b03, [0x1ae8, [0x1ad8, [0x1ac8, nil]]]]]]
0x20d4S0x111cB0x3ff	[0x1130, [0x20d4, nil]]
0x20d7S0x111cB0x3ff	[0x1130, [0x20d7, nil]]
0x20c8S0x111cB0x3ff	[0x1130, [0x20c8, nil]]
0x20c9S0x111cB0x3ff	[0x1130, [0x20c9, nil]]
0x20cdS0x111cB0x3ff	[0x1130, [0x20cd, nil]]
0x20ceS0x111cB0x3ff	[0x1130, [0x20ce, nil]]
0x20cfS0x111cB0x3ff	[0x1130, [0x20cf, nil]]
0x20d0S0x111cB0x3ff	[0x1130, [0x20d0, nil]]
0x20ddS0x111cB0x3ff	[0x1130, [0x20dd, nil]]
0x20deS0x111cB0x3ff	[0x1130, [0x20de, nil]]
0x20e4S0x111cB0x3ff	[0x1130, [0x20e4, nil]]
0x20e5S0x111cB0x3ff	[0x1130, [0x20e5, nil]]
0x6672S0x111cB0x3ff	[0x1130, [0x1970, nil]]
0x1af7S0x20dcS0x111cB0x3ff	[0x1130, [0x20e8, [0x1af7, nil]]]
0x1af9S0x20dcS0x111cB0x3ff	[0x1130, [0x20e8, [0x1af9, nil]]]
0x1afcS0x20dcS0x111cB0x3ff	[0x1130, [0x20e8, [0x1afc, nil]]]
0x1b00S0x20dcS0x111cB0x3ff	[0x1130, [0x20e8, [0x1b00, nil]]]
0x1af0S0x1af6S0x20dcS0x111cB0x3ff	[0x1130, [0x20e8, [0x1b03, [0x1af0, nil]]]]
0x1aebS0x1af6S0x20dcS0x111cB0x3ff	[0x1130, [0x20e8, [0x1b03, [0x1aeb, nil]]]]
0x1aecS0x1af6S0x20dcS0x111cB0x3ff	[0x1130, [0x20e8, [0x1b03, [0x1aec, nil]]]]
0x1ae1S0x1af6S0x20dcS0x111cB0x3ff	[0x1130, [0x20e8, [0x1b03, [0x1ae1, nil]]]]
0x1ae5S0x1af6S0x20dcS0x111cB0x3ff	[0x1130, [0x20e8, [0x1b03, [0x1ae5, nil]]]]
0x1ad0S0x1ae0S0x1af6S0x20dcS0x111cB0x3ff	[0x1130, [0x20e8, [0x1b03, [0x1ae8, [0x1ad0, nil]]]]]
0x1ad1S0x1ae0S0x1af6S0x20dcS0x111cB0x3ff	[0x1130, [0x20e8, [0x1b03, [0x1ae8, [0x1ad1, nil]]]]]
0x1ad5S0x1ae0S0x1af6S0x20dcS0x111cB0x3ff	[0x1130, [0x20e8, [0x1b03, [0x1ae8, [0x1ad5, nil]]]]]
0x1ab1S0x1acfS0x1ae0S0x1af6S0x20dcS0x111cB0x3ff	[0x1130, [0x20e8, [0x1b03, [0x1ae8, [0x1ad8, [0x1ab1, nil]]]]]]
0x1ab2S0x1acfS0x1ae0S0x1af6S0x20dcS0x111cB0x3ff	[0x1130, [0x20e8, [0x1b03, [0x1ae8, [0x1ad8, [0x1ab2, nil]]]]]]
0x1ac8S0x1acfS0x1ae0S0x1af6S0x20dcS0x111cB0x3ff	[0x1130, [0x20e8, [0x1b03, [0x1ae8, [0x1ad8, [0x1ac8, nil]]]]]]
0x20d4S0x11baB0x3ff	[0x11ce, [0x20d4, nil]]
0x20d7S0x11baB0x3ff	[0x11ce, [0x20d7, nil]]
0x20c8S0x11baB0x3ff	[0x11ce, [0x20c8, nil]]
0x20c9S0x11baB0x3ff	[0x11ce, [0x20c9, nil]]
0x20cdS0x11baB0x3ff	[0x11ce, [0x20cd, nil]]
0x20ceS0x11baB0x3ff	[0x11ce, [0x20ce, nil]]
0x20cfS0x11baB0x3ff	[0x11ce, [0x20cf, nil]]
0x20d0S0x11baB0x3ff	[0x11ce, [0x20d0, nil]]
0x20ddS0x11baB0x3ff	[0x11ce, [0x20dd, nil]]
0x20deS0x11baB0x3ff	[0x11ce, [0x20de, nil]]
0x20e4S0x11baB0x3ff	[0x11ce, [0x20e4, nil]]
0x20e5S0x11baB0x3ff	[0x11ce, [0x20e5, nil]]
0x6672S0x11baB0x3ff	[0x11ce, [0x1970, nil]]
0x1af7S0x20dcS0x11baB0x3ff	[0x11ce, [0x20e8, [0x1af7, nil]]]
0x1af9S0x20dcS0x11baB0x3ff	[0x11ce, [0x20e8, [0x1af9, nil]]]
0x1afcS0x20dcS0x11baB0x3ff	[0x11ce, [0x20e8, [0x1afc, nil]]]
0x1b00S0x20dcS0x11baB0x3ff	[0x11ce, [0x20e8, [0x1b00, nil]]]
0x1af0S0x1af6S0x20dcS0x11baB0x3ff	[0x11ce, [0x20e8, [0x1b03, [0x1af0, nil]]]]
0x1aebS0x1af6S0x20dcS0x11baB0x3ff	[0x11ce, [0x20e8, [0x1b03, [0x1aeb, nil]]]]
0x1aecS0x1af6S0x20dcS0x11baB0x3ff	[0x11ce, [0x20e8, [0x1b03, [0x1aec, nil]]]]
0x1ae1S0x1af6S0x20dcS0x11baB0x3ff	[0x11ce, [0x20e8, [0x1b03, [0x1ae1, nil]]]]
0x1ae5S0x1af6S0x20dcS0x11baB0x3ff	[0x11ce, [0x20e8, [0x1b03, [0x1ae5, nil]]]]
0x1ad0S0x1ae0S0x1af6S0x20dcS0x11baB0x3ff	[0x11ce, [0x20e8, [0x1b03, [0x1ae8, [0x1ad0, nil]]]]]
0x1ad1S0x1ae0S0x1af6S0x20dcS0x11baB0x3ff	[0x11ce, [0x20e8, [0x1b03, [0x1ae8, [0x1ad1, nil]]]]]
0x1ad5S0x1ae0S0x1af6S0x20dcS0x11baB0x3ff	[0x11ce, [0x20e8, [0x1b03, [0x1ae8, [0x1ad5, nil]]]]]
0x1ab1S0x1acfS0x1ae0S0x1af6S0x20dcS0x11baB0x3ff	[0x11ce, [0x20e8, [0x1b03, [0x1ae8, [0x1ad8, [0x1ab1, nil]]]]]]
0x1ab2S0x1acfS0x1ae0S0x1af6S0x20dcS0x11baB0x3ff	[0x11ce, [0x20e8, [0x1b03, [0x1ae8, [0x1ad8, [0x1ab2, nil]]]]]]
0x1ac8S0x1acfS0x1ae0S0x1af6S0x20dcS0x11baB0x3ff	[0x11ce, [0x20e8, [0x1b03, [0x1ae8, [0x1ad8, [0x1ac8, nil]]]]]]
0x20d4S0x12ccB0x3ff	[0x12e0, [0x20d4, nil]]
0x20d7S0x12ccB0x3ff	[0x12e0, [0x20d7, nil]]
0x20c8S0x12ccB0x3ff	[0x12e0, [0x20c8, nil]]
0x20c9S0x12ccB0x3ff	[0x12e0, [0x20c9, nil]]
0x20cdS0x12ccB0x3ff	[0x12e0, [0x20cd, nil]]
0x20ceS0x12ccB0x3ff	[0x12e0, [0x20ce, nil]]
0x20cfS0x12ccB0x3ff	[0x12e0, [0x20cf, nil]]
0x20d0S0x12ccB0x3ff	[0x12e0, [0x20d0, nil]]
0x20ddS0x12ccB0x3ff	[0x12e0, [0x20dd, nil]]
0x20deS0x12ccB0x3ff	[0x12e0, [0x20de, nil]]
0x20e4S0x12ccB0x3ff	[0x12e0, [0x20e4, nil]]
0x20e5S0x12ccB0x3ff	[0x12e0, [0x20e5, nil]]
0x6672S0x12ccB0x3ff	[0x12e0, [0x1970, nil]]
0x1af7S0x20dcS0x12ccB0x3ff	[0x12e0, [0x20e8, [0x1af7, nil]]]
0x1af9S0x20dcS0x12ccB0x3ff	[0x12e0, [0x20e8, [0x1af9, nil]]]
0x1afcS0x20dcS0x12ccB0x3ff	[0x12e0, [0x20e8, [0x1afc, nil]]]
0x1b00S0x20dcS0x12ccB0x3ff	[0x12e0, [0x20e8, [0x1b00, nil]]]
0x1af0S0x1af6S0x20dcS0x12ccB0x3ff	[0x12e0, [0x20e8, [0x1b03, [0x1af0, nil]]]]
0x1aebS0x1af6S0x20dcS0x12ccB0x3ff	[0x12e0, [0x20e8, [0x1b03, [0x1aeb, nil]]]]
0x1aecS0x1af6S0x20dcS0x12ccB0x3ff	[0x12e0, [0x20e8, [0x1b03, [0x1aec, nil]]]]
0x1ae1S0x1af6S0x20dcS0x12ccB0x3ff	[0x12e0, [0x20e8, [0x1b03, [0x1ae1, nil]]]]
0x1ae5S0x1af6S0x20dcS0x12ccB0x3ff	[0x12e0, [0x20e8, [0x1b03, [0x1ae5, nil]]]]
0x1ad0S0x1ae0S0x1af6S0x20dcS0x12ccB0x3ff	[0x12e0, [0x20e8, [0x1b03, [0x1ae8, [0x1ad0, nil]]]]]
0x1ad1S0x1ae0S0x1af6S0x20dcS0x12ccB0x3ff	[0x12e0, [0x20e8, [0x1b03, [0x1ae8, [0x1ad1, nil]]]]]
0x1ad5S0x1ae0S0x1af6S0x20dcS0x12ccB0x3ff	[0x12e0, [0x20e8, [0x1b03, [0x1ae8, [0x1ad5, nil]]]]]
0x1ab1S0x1acfS0x1ae0S0x1af6S0x20dcS0x12ccB0x3ff	[0x12e0, [0x20e8, [0x1b03, [0x1ae8, [0x1ad8, [0x1ab1, nil]]]]]]
0x1ab2S0x1acfS0x1ae0S0x1af6S0x20dcS0x12ccB0x3ff	[0x12e0, [0x20e8, [0x1b03, [0x1ae8, [0x1ad8, [0x1ab2, nil]]]]]]
0x1ac8S0x1acfS0x1ae0S0x1af6S0x20dcS0x12ccB0x3ff	[0x12e0, [0x20e8, [0x1b03, [0x1ae8, [0x1ad8, [0x1ac8, nil]]]]]]
0x20d4S0x1087B0x917	[0x109b, [0x20d4, nil]]
0x20d7S0x1087B0x917	[0x109b, [0x20d7, nil]]
0x20c8S0x1087B0x917	[0x109b, [0x20c8, nil]]
0x20c9S0x1087B0x917	[0x109b, [0x20c9, nil]]
0x20cdS0x1087B0x917	[0x109b, [0x20cd, nil]]
0x20ceS0x1087B0x917	[0x109b, [0x20ce, nil]]
0x20cfS0x1087B0x917	[0x109b, [0x20cf, nil]]
0x20d0S0x1087B0x917	[0x109b, [0x20d0, nil]]
0x20ddS0x1087B0x917	[0x109b, [0x20dd, nil]]
0x20deS0x1087B0x917	[0x109b, [0x20de, nil]]
0x20e4S0x1087B0x917	[0x109b, [0x20e4, nil]]
0x20e5S0x1087B0x917	[0x109b, [0x20e5, nil]]
0x6672S0x1087B0x917	[0x109b, [0x1970, nil]]
0x1af7S0x20dcS0x1087B0x917	[0x109b, [0x20e8, [0x1af7, nil]]]
0x1af9S0x20dcS0x1087B0x917	[0x109b, [0x20e8, [0x1af9, nil]]]
0x1afcS0x20dcS0x1087B0x917	[0x109b, [0x20e8, [0x1afc, nil]]]
0x1b00S0x20dcS0x1087B0x917	[0x109b, [0x20e8, [0x1b00, nil]]]
0x1af0S0x1af6S0x20dcS0x1087B0x917	[0x109b, [0x20e8, [0x1b03, [0x1af0, nil]]]]
0x1aebS0x1af6S0x20dcS0x1087B0x917	[0x109b, [0x20e8, [0x1b03, [0x1aeb, nil]]]]
0x1aecS0x1af6S0x20dcS0x1087B0x917	[0x109b, [0x20e8, [0x1b03, [0x1aec, nil]]]]
0x1ae1S0x1af6S0x20dcS0x1087B0x917	[0x109b, [0x20e8, [0x1b03, [0x1ae1, nil]]]]
0x1ae5S0x1af6S0x20dcS0x1087B0x917	[0x109b, [0x20e8, [0x1b03, [0x1ae5, nil]]]]
0x1ad0S0x1ae0S0x1af6S0x20dcS0x1087B0x917	[0x109b, [0x20e8, [0x1b03, [0x1ae8, [0x1ad0, nil]]]]]
0x1ad1S0x1ae0S0x1af6S0x20dcS0x1087B0x917	[0x109b, [0x20e8, [0x1b03, [0x1ae8, [0x1ad1, nil]]]]]
0x1ad5S0x1ae0S0x1af6S0x20dcS0x1087B0x917	[0x109b, [0x20e8, [0x1b03, [0x1ae8, [0x1ad5, nil]]]]]
0x1ab1S0x1acfS0x1ae0S0x1af6S0x20dcS0x1087B0x917	[0x109b, [0x20e8, [0x1b03, [0x1ae8, [0x1ad8, [0x1ab1, nil]]]]]]
0x1ab2S0x1acfS0x1ae0S0x1af6S0x20dcS0x1087B0x917	[0x109b, [0x20e8, [0x1b03, [0x1ae8, [0x1ad8, [0x1ab2, nil]]]]]]
0x1ac8S0x1acfS0x1ae0S0x1af6S0x20dcS0x1087B0x917	[0x109b, [0x20e8, [0x1b03, [0x1ae8, [0x1ad8, [0x1ac8, nil]]]]]]
0x20d4S0x111cB0x917	[0x1130, [0x20d4, nil]]
0x20d7S0x111cB0x917	[0x1130, [0x20d7, nil]]
0x20c8S0x111cB0x917	[0x1130, [0x20c8, nil]]
0x20c9S0x111cB0x917	[0x1130, [0x20c9, nil]]
0x20cdS0x111cB0x917	[0x1130, [0x20cd, nil]]
0x20ceS0x111cB0x917	[0x1130, [0x20ce, nil]]
0x20cfS0x111cB0x917	[0x1130, [0x20cf, nil]]
0x20d0S0x111cB0x917	[0x1130, [0x20d0, nil]]
0x20ddS0x111cB0x917	[0x1130, [0x20dd, nil]]
0x20deS0x111cB0x917	[0x1130, [0x20de, nil]]
0x20e4S0x111cB0x917	[0x1130, [0x20e4, nil]]
0x20e5S0x111cB0x917	[0x1130, [0x20e5, nil]]
0x6672S0x111cB0x917	[0x1130, [0x1970, nil]]
0x1af7S0x20dcS0x111cB0x917	[0x1130, [0x20e8, [0x1af7, nil]]]
0x1af9S0x20dcS0x111cB0x917	[0x1130, [0x20e8, [0x1af9, nil]]]
0x1afcS0x20dcS0x111cB0x917	[0x1130, [0x20e8, [0x1afc, nil]]]
0x1b00S0x20dcS0x111cB0x917	[0x1130, [0x20e8, [0x1b00, nil]]]
0x1af0S0x1af6S0x20dcS0x111cB0x917	[0x1130, [0x20e8, [0x1b03, [0x1af0, nil]]]]
0x1aebS0x1af6S0x20dcS0x111cB0x917	[0x1130, [0x20e8, [0x1b03, [0x1aeb, nil]]]]
0x1aecS0x1af6S0x20dcS0x111cB0x917	[0x1130, [0x20e8, [0x1b03, [0x1aec, nil]]]]
0x1ae1S0x1af6S0x20dcS0x111cB0x917	[0x1130, [0x20e8, [0x1b03, [0x1ae1, nil]]]]
0x1ae5S0x1af6S0x20dcS0x111cB0x917	[0x1130, [0x20e8, [0x1b03, [0x1ae5, nil]]]]
0x1ad0S0x1ae0S0x1af6S0x20dcS0x111cB0x917	[0x1130, [0x20e8, [0x1b03, [0x1ae8, [0x1ad0, nil]]]]]
0x1ad1S0x1ae0S0x1af6S0x20dcS0x111cB0x917	[0x1130, [0x20e8, [0x1b03, [0x1ae8, [0x1ad1, nil]]]]]
0x1ad5S0x1ae0S0x1af6S0x20dcS0x111cB0x917	[0x1130, [0x20e8, [0x1b03, [0x1ae8, [0x1ad5, nil]]]]]
0x1ab1S0x1acfS0x1ae0S0x1af6S0x20dcS0x111cB0x917	[0x1130, [0x20e8, [0x1b03, [0x1ae8, [0x1ad8, [0x1ab1, nil]]]]]]
0x1ab2S0x1acfS0x1ae0S0x1af6S0x20dcS0x111cB0x917	[0x1130, [0x20e8, [0x1b03, [0x1ae8, [0x1ad8, [0x1ab2, nil]]]]]]
0x1ac8S0x1acfS0x1ae0S0x1af6S0x20dcS0x111cB0x917	[0x1130, [0x20e8, [0x1b03, [0x1ae8, [0x1ad8, [0x1ac8, nil]]]]]]
0x20d4S0x11baB0x917	[0x11ce, [0x20d4, nil]]
0x20d7S0x11baB0x917	[0x11ce, [0x20d7, nil]]
0x20c8S0x11baB0x917	[0x11ce, [0x20c8, nil]]
0x20c9S0x11baB0x917	[0x11ce, [0x20c9, nil]]
0x20cdS0x11baB0x917	[0x11ce, [0x20cd, nil]]
0x20ceS0x11baB0x917	[0x11ce, [0x20ce, nil]]
0x20cfS0x11baB0x917	[0x11ce, [0x20cf, nil]]
0x20d0S0x11baB0x917	[0x11ce, [0x20d0, nil]]
0x20ddS0x11baB0x917	[0x11ce, [0x20dd, nil]]
0x20deS0x11baB0x917	[0x11ce, [0x20de, nil]]
0x20e4S0x11baB0x917	[0x11ce, [0x20e4, nil]]
0x20e5S0x11baB0x917	[0x11ce, [0x20e5, nil]]
0x6672S0x11baB0x917	[0x11ce, [0x1970, nil]]
0x1af7S0x20dcS0x11baB0x917	[0x11ce, [0x20e8, [0x1af7, nil]]]
0x1af9S0x20dcS0x11baB0x917	[0x11ce, [0x20e8, [0x1af9, nil]]]
0x1afcS0x20dcS0x11baB0x917	[0x11ce, [0x20e8, [0x1afc, nil]]]
0x1b00S0x20dcS0x11baB0x917	[0x11ce, [0x20e8, [0x1b00, nil]]]
0x1af0S0x1af6S0x20dcS0x11baB0x917	[0x11ce, [0x20e8, [0x1b03, [0x1af0, nil]]]]
0x1aebS0x1af6S0x20dcS0x11baB0x917	[0x11ce, [0x20e8, [0x1b03, [0x1aeb, nil]]]]
0x1aecS0x1af6S0x20dcS0x11baB0x917	[0x11ce, [0x20e8, [0x1b03, [0x1aec, nil]]]]
0x1ae1S0x1af6S0x20dcS0x11baB0x917	[0x11ce, [0x20e8, [0x1b03, [0x1ae1, nil]]]]
0x1ae5S0x1af6S0x20dcS0x11baB0x917	[0x11ce, [0x20e8, [0x1b03, [0x1ae5, nil]]]]
0x1ad0S0x1ae0S0x1af6S0x20dcS0x11baB0x917	[0x11ce, [0x20e8, [0x1b03, [0x1ae8, [0x1ad0, nil]]]]]
0x1ad1S0x1ae0S0x1af6S0x20dcS0x11baB0x917	[0x11ce, [0x20e8, [0x1b03, [0x1ae8, [0x1ad1, nil]]]]]
0x1ad5S0x1ae0S0x1af6S0x20dcS0x11baB0x917	[0x11ce, [0x20e8, [0x1b03, [0x1ae8, [0x1ad5, nil]]]]]
0x1ab1S0x1acfS0x1ae0S0x1af6S0x20dcS0x11baB0x917	[0x11ce, [0x20e8, [0x1b03, [0x1ae8, [0x1ad8, [0x1ab1, nil]]]]]]
0x1ab2S0x1acfS0x1ae0S0x1af6S0x20dcS0x11baB0x917	[0x11ce, [0x20e8, [0x1b03, [0x1ae8, [0x1ad8, [0x1ab2, nil]]]]]]
0x1ac8S0x1acfS0x1ae0S0x1af6S0x20dcS0x11baB0x917	[0x11ce, [0x20e8, [0x1b03, [0x1ae8, [0x1ad8, [0x1ac8, nil]]]]]]
0x20d4S0x12ccB0x917	[0x12e0, [0x20d4, nil]]
0x20d7S0x12ccB0x917	[0x12e0, [0x20d7, nil]]
0x20c8S0x12ccB0x917	[0x12e0, [0x20c8, nil]]
0x20c9S0x12ccB0x917	[0x12e0, [0x20c9, nil]]
0x20cdS0x12ccB0x917	[0x12e0, [0x20cd, nil]]
0x20ceS0x12ccB0x917	[0x12e0, [0x20ce, nil]]
0x20cfS0x12ccB0x917	[0x12e0, [0x20cf, nil]]
0x20d0S0x12ccB0x917	[0x12e0, [0x20d0, nil]]
0x20ddS0x12ccB0x917	[0x12e0, [0x20dd, nil]]
0x20deS0x12ccB0x917	[0x12e0, [0x20de, nil]]
0x20e4S0x12ccB0x917	[0x12e0, [0x20e4, nil]]
0x20e5S0x12ccB0x917	[0x12e0, [0x20e5, nil]]
0x6672S0x12ccB0x917	[0x12e0, [0x1970, nil]]
0x1af7S0x20dcS0x12ccB0x917	[0x12e0, [0x20e8, [0x1af7, nil]]]
0x1af9S0x20dcS0x12ccB0x917	[0x12e0, [0x20e8, [0x1af9, nil]]]
0x1afcS0x20dcS0x12ccB0x917	[0x12e0, [0x20e8, [0x1afc, nil]]]
0x1b00S0x20dcS0x12ccB0x917	[0x12e0, [0x20e8, [0x1b00, nil]]]
0x1af0S0x1af6S0x20dcS0x12ccB0x917	[0x12e0, [0x20e8, [0x1b03, [0x1af0, nil]]]]
0x1aebS0x1af6S0x20dcS0x12ccB0x917	[0x12e0, [0x20e8, [0x1b03, [0x1aeb, nil]]]]
0x1aecS0x1af6S0x20dcS0x12ccB0x917	[0x12e0, [0x20e8, [0x1b03, [0x1aec, nil]]]]
0x1ae1S0x1af6S0x20dcS0x12ccB0x917	[0x12e0, [0x20e8, [0x1b03, [0x1ae1, nil]]]]
0x1ae5S0x1af6S0x20dcS0x12ccB0x917	[0x12e0, [0x20e8, [0x1b03, [0x1ae5, nil]]]]
0x1ad0S0x1ae0S0x1af6S0x20dcS0x12ccB0x917	[0x12e0, [0x20e8, [0x1b03, [0x1ae8, [0x1ad0, nil]]]]]
0x1ad1S0x1ae0S0x1af6S0x20dcS0x12ccB0x917	[0x12e0, [0x20e8, [0x1b03, [0x1ae8, [0x1ad1, nil]]]]]
0x1ad5S0x1ae0S0x1af6S0x20dcS0x12ccB0x917	[0x12e0, [0x20e8, [0x1b03, [0x1ae8, [0x1ad5, nil]]]]]
0x1ab1S0x1acfS0x1ae0S0x1af6S0x20dcS0x12ccB0x917	[0x12e0, [0x20e8, [0x1b03, [0x1ae8, [0x1ad8, [0x1ab1, nil]]]]]]
0x1ab2S0x1acfS0x1ae0S0x1af6S0x20dcS0x12ccB0x917	[0x12e0, [0x20e8, [0x1b03, [0x1ae8, [0x1ad8, [0x1ab2, nil]]]]]]
0x1ac8S0x1acfS0x1ae0S0x1af6S0x20dcS0x12ccB0x917	[0x12e0, [0x20e8, [0x1b03, [0x1ae8, [0x1ad8, [0x1ac8, nil]]]]]]
0x1d9	[0x1d9, nil]
0x201	[0x201, nil]
0x370	[0x370, nil]
0x43b	[0x43b, nil]
0x23f	[0x23f, nil]
0x27c	[0x27c, nil]
0x2ce	[0x2ce, nil]
0x3d6	[0x3d6, nil]
0x2f6	[0x2f6, nil]
0x332	[0x332, nil]
0x109bS0x3ff	[0x403, [0x109b, nil]]
0x1130S0x3ff	[0x403, [0x1130, nil]]
0x11ceS0x3ff	[0x403, [0x11ce, nil]]
0x12e0S0x3ff	[0x403, [0x12e0, nil]]
0x109bS0x917	[0x92c, [0x109b, nil]]
0x1130S0x917	[0x92c, [0x1130, nil]]
0x11ceS0x917	[0x92c, [0x11ce, nil]]
0x12e0S0x917	[0x92c, [0x12e0, nil]]
0x403	[0x403, nil]
0x92c	[0x92c, nil]
0x19d	[0x19d, nil]
0x252	[0x252, nil]
0x411	[0x411, nil]
0x722	[0x722, nil]
0x74f	[0x74f, nil]
0xb98	[0xb98, nil]
0xdda	[0xdda, nil]
0xe1a	[0xe1a, nil]
0x1716	[0x1716, nil]
0x18d3	[0x18d3, nil]
0x1857	[0x1857, nil]
0x137	[0x137, nil]
0x149	[0x149, nil]
0x2a4	[0x2a4, nil]
0x382	[0x382, nil]
0x173	[0x173, nil]
0x1af	[0x1af, nil]
0x3ac	[0x3ac, nil]
0x308	[0x308, nil]
0x916	[0x916, nil]
0xa99	[0xa99, nil]
0xc22	[0xc22, nil]
0xeb6	[0xeb6, nil]
0x7b1	[0x7b1, nil]
0x3fe	[0x3fe, nil]
0x638	[0x638, nil]
0x842	[0x842, nil]
0x8b0	[0x8b0, nil]
0x9c3	[0x9c3, nil]
0xa06	[0xa06, nil]
0xb52	[0xb52, nil]
0xd96	[0xd96, nil]
0xe50	[0xe50, nil]
0x13c	[0x13c, nil]
0x1a2	[0x1a2, nil]
0x504	[0x504, nil]
0x1450	[0x1450, nil]
0x297	[0x297, nil]
0x375	[0x375, nil]
0x14f1	[0x14f1, nil]
0x15e1	[0x15e1, nil]
0x1562	[0x1562, nil]
0x1652	[0x1652, nil]
0x1709	[0x1709, nil]
0x18c6	[0x18c6, nil]
0x2278	[0x2278, nil]
0x6d0	[0x6d0, nil]
0x1de	[0x1de, nil]
0x206	[0x206, nil]
0x21c	[0x21c, nil]
0x337	[0x337, nil]
0x34d	[0x34d, nil]
0x440	[0x440, nil]
0x50d	[0x50d, nil]
0x5a4	[0x5a4, nil]
0x5ba	[0x5ba, nil]
0x5c2	[0x5c2, nil]
0x93a	[0x93a, nil]
0x952	[0x952, nil]
0x95e	[0x95e, nil]
0xac3	[0xac3, nil]
0xaed	[0xaed, nil]
0xc51	[0xc51, nil]
0xc7b	[0xc7b, nil]
0xc8b	[0xc8b, nil]
0xd07	[0xd07, nil]
0xd31	[0xd31, nil]
0x1459	[0x1459, nil]
0x16c7	[0x16c7, nil]
0x1884	[0x1884, nil]
0x268d	[0x268d, nil]
0x269d	[0x269d, nil]
0x6749	[0x112, nil]
0x674d	[0x117, nil]
0x6750	[0x153, nil]
0x6753	[0x17d, nil]
0x6756	[0x1b9, nil]
0x6759	[0x1e1, nil]
0x675c	[0x209, nil]
0x675f	[0x21f, nil]
0x6762	[0x25c, nil]
0x6765	[0x284, nil]
0x6768	[0x2ae, nil]
0x676b	[0x2d6, nil]
0x676e	[0x312, nil]
0x6771	[0x33a, nil]
0x6774	[0x350, nil]
0x6777	[0x38c, nil]
0x677a	[0x3b6, nil]
0x677d	[0x3de, nil]
0x6780	[0x41b, nil]
0x62	[0x62, nil]
0x93	[0x93, nil]
0xda	[0xda, nil]
0x10b	[0x10b, nil]
0x166	[0x166, nil]
0x281	[0x281, nil]
0x2d3	[0x2d3, nil]
0x2fb	[0x2fb, nil]
0x39f	[0x39f, nil]
0x3db	[0x3db, nil]
0x4df	[0x4df, nil]
0x5ac	[0x5ac, nil]
0x68e	[0x68e, nil]
0x69c	[0x69c, nil]
0x776	[0x776, nil]
0xaa6	[0xaa6, nil]
0xc30	[0xc30, nil]
0xc45	[0xc45, nil]
0xc93	[0xc93, nil]
0xcff	[0xcff, nil]
0xec4	[0xec4, nil]
0x15c5	[0x15c5, nil]
0x16b5	[0x16b5, nil]
0x1720	[0x1720, nil]
0x1872	[0x1872, nil]
0x18dd	[0x18dd, nil]
0x22a9	[0x22a9, nil]
0x22b5	[0x22b5, nil]
0x260d	[0x260d, nil]
0x2635	[0x2635, nil]
0x2641	[0x2641, nil]
0x264c	[0x264c, nil]
0x2657	[0x2657, nil]
0x2681	[0x2681, nil]
0x26ad	[0x26ad, nil]
0xc	[0xc, nil]
0x1c	[0x1c, nil]
0x27	[0x27, nil]
0x9f	[0x9f, nil]
0x111	[0x111, nil]
0x11e	[0x11e, nil]
0x15a	[0x15a, nil]
0x184	[0x184, nil]
0x1c0	[0x1c0, nil]
0x1e8	[0x1e8, nil]
0x210	[0x210, nil]
0x226	[0x226, nil]
0x263	[0x263, nil]
0x28b	[0x28b, nil]
0x2b5	[0x2b5, nil]
0x2dd	[0x2dd, nil]
0x319	[0x319, nil]
0x341	[0x341, nil]
0x357	[0x357, nil]
0x393	[0x393, nil]
0x3bd	[0x3bd, nil]
0x3e5	[0x3e5, nil]
0x422	[0x422, nil]
0x607	[0x607, nil]
0x7ca	[0x7ca, nil]
0x811	[0x811, nil]
0x87f	[0x87f, nil]
0x992	[0x992, nil]
0x9d5	[0x9d5, nil]
0xa4b	[0xa4b, nil]
0xb21	[0xb21, nil]
0xbac	[0xbac, nil]
0xbba	[0xbba, nil]
0xd65	[0xd65, nil]
0xdef	[0xdef, nil]
0xe1f	[0xe1f, nil]
0x14f6	[0x14f6, nil]
0x15e7	[0x15e7, nil]
0x176b	[0x176b, nil]
0x22a2	[0x22a2, nil]
0x6725	[0x2f, nil]
0x6727	[0x3a, nil]
0x6729	[0x45, nil]
0x672b	[0x50, nil]
0x672d	[0x5b, nil]
0x672f	[0x6b, nil]
0x6731	[0x76, nil]
0x6733	[0x81, nil]
0x6735	[0x8c, nil]
0x6737	[0xa7, nil]
0x6739	[0xb2, nil]
0x673b	[0xbd, nil]
0x673d	[0xc8, nil]
0x673f	[0xd3, nil]
0x6741	[0xe3, nil]
0x6743	[0xee, nil]
0x6745	[0xf9, nil]
0x6747	[0x104, nil]
0x51d	[0x51d, nil]
0x5af	[0x5af, nil]
0x94a	[0x94a, nil]
0xc7f	[0xc7f, nil]
0xc96	[0xc96, nil]
0x1469	[0x1469, nil]
0x15cf	[0x15cf, nil]
0x16bf	[0x16bf, nil]
0x17a5	[0x17a5, nil]
0x242d	[0x242d, nil]
0x171f	[0x171f, nil]
0x18dc	[0x18dc, nil]
0xaa2	[0xaa2, nil]
0x91f	[0x91f, nil]
0xc2b	[0xc2b, nil]
0xebf	[0xebf, nil]
0x15bd	[0x15bd, nil]
0x16ad	[0x16ad, nil]
0x112	[0x112, nil]
0x1e0	[0x1e0, nil]
0x208	[0x208, nil]
0x21e	[0x21e, nil]
0x283	[0x283, nil]
0x2d5	[0x2d5, nil]
0x339	[0x339, nil]
0x34f	[0x34f, nil]
0x3dd	[0x3dd, nil]
0x442	[0x442, nil]
0x152	[0x152, nil]
0x17c	[0x17c, nil]
0x1b8	[0x1b8, nil]
0x25b	[0x25b, nil]
0x2ad	[0x2ad, nil]
0x311	[0x311, nil]
0x38b	[0x38b, nil]
0x3b5	[0x3b5, nil]
0x41a	[0x41a, nil]
0x121	[0x121, nil]
0x15d	[0x15d, nil]
0x187	[0x187, nil]
0x1c3	[0x1c3, nil]
0x1eb	[0x1eb, nil]
0x213	[0x213, nil]
0x229	[0x229, nil]
0x266	[0x266, nil]
0x28e	[0x28e, nil]
0x2b8	[0x2b8, nil]
0x2e0	[0x2e0, nil]
0x31c	[0x31c, nil]
0x344	[0x344, nil]
0x35a	[0x35a, nil]
0x396	[0x396, nil]
0x3c0	[0x3c0, nil]
0x3e8	[0x3e8, nil]
0x425	[0x425, nil]
0x641	[0x641, nil]
0x7d1	[0x7d1, nil]
0x84b	[0x84b, nil]
0x8b9	[0x8b9, nil]
0x9cc	[0x9cc, nil]
0xa0f	[0xa0f, nil]
0xa52	[0xa52, nil]
0xb5b	[0xb5b, nil]
0xbaf	[0xbaf, nil]
0xbc1	[0xbc1, nil]
0xd9f	[0xd9f, nil]
0xdf6	[0xdf6, nil]
0xe59	[0xe59, nil]
0x179c	[0x179c, nil]
0x226e	[0x226e, nil]
0x5e43	[0x116, nil]
0x5e66	[0x116, nil]
0x5e89	[0x116, nil]
0x5eac	[0x116, nil]
0x5ecf	[0x116, nil]
0x5f5	[0x5f5, nil]
0x5fb	[0x5fb, nil]
0x62d	[0x62d, nil]
0x674	[0x674, nil]
0x67a	[0x67a, nil]
0x6dc	[0x6dc, nil]
0x6e0	[0x6e0, nil]
0x705	[0x705, nil]
0x709	[0x709, nil]
0x72e	[0x72e, nil]
0x732	[0x732, nil]
0x75b	[0x75b, nil]
0x75f	[0x75f, nil]
0x782	[0x782, nil]
0x786	[0x786, nil]
0x79c	[0x79c, nil]
0x7a2	[0x7a2, nil]
0x837	[0x837, nil]
0x8a5	[0x8a5, nil]
0x9b8	[0x9b8, nil]
0x9fb	[0x9fb, nil]
0xb47	[0xb47, nil]
0xb8a	[0xb8a, nil]
0xc36	[0xc36, nil]
0xc39	[0xc39, nil]
0xd8b	[0xd8b, nil]
0xdcd	[0xdcd, nil]
0xe0d	[0xe0d, nil]
0xe45	[0xe45, nil]
0x14fd	[0x14fd, nil]
0x1503	[0x1503, nil]
0x153a	[0x153a, nil]
0x1540	[0x1540, nil]
0x15ed	[0x15ed, nil]
0x15f3	[0x15f3, nil]
0x162a	[0x162a, nil]
0x1630	[0x1630, nil]
0x1791	[0x1791, nil]
0x17d2	[0x17d2, nil]
0x17d7	[0x17d7, nil]
0x17fd	[0x17fd, nil]
0x180f	[0x180f, nil]
0x1814	[0x1814, nil]
0x183a	[0x183a, nil]
0x1863	[0x1863, nil]
0x1867	[0x1867, nil]
0x2265	[0x2265, nil]
0x226a	[0x226a, nil]
0x241a	[0x241a, nil]
0x2633	[0x2633, nil]
0x693	[0x693, nil]
0x155a	[0x155a, nil]
0x164a	[0x164a, nil]
0x16e0	[0x16e0, nil]
0x17a3	[0x17a3, nil]
0x189d	[0x189d, nil]
0x7ce	[0x7ce, nil]
0xa4f	[0xa4f, nil]
0xbbe	[0xbbe, nil]
0xdf3	[0xdf3, nil]
0x15d6S0x14f7	[0x1562, [0x15d6, nil]]
0x15d6S0x15e8	[0x1652, [0x15d6, nil]]
0x4aaS0x138	[0x13c, [0x4aa, nil]]
0x4bbS0x138	[0x13c, [0x4bb, nil]]
0x14d2S0x138	[0x13c, [0x14d2, nil]]
0x4b3S0x138	[0x13c, [0x4b3, nil]]
0x4fbS0x19e	[0x1a2, [0x4fb, nil]]
0x4e6S0x19e	[0x1a2, [0x4e6, nil]]
0x4ecS0x19e	[0x1a2, [0x4ec, nil]]
0x4fbS0x4fc	[0x504, [0x4fb, nil]]
0x4e6S0x4fc	[0x504, [0x4e6, nil]]
0x4ecS0x4fc	[0x504, [0x4ec, nil]]
0xabbS0x28f	[0x297, [0xabb, nil]]
0xcf9S0x371	[0x375, [0xcf9, nil]]
0xc9dS0x371	[0x375, [0xc9d, nil]]
0xca3S0x371	[0x375, [0xca3, nil]]
0xcdaS0x371	[0x375, [0xcda, nil]]
0xce0S0x371	[0x375, [0xce0, nil]]
0x4fbS0x1448	[0x1450, [0x4fb, nil]]
0x4e6S0x1448	[0x1450, [0x4e6, nil]]
0x4ecS0x1448	[0x1450, [0x4ec, nil]]
0xcf9S0x14e7	[0x14f1, [0xcf9, nil]]
0xc9dS0x14e7	[0x14f1, [0xc9d, nil]]
0xca3S0x14e7	[0x14f1, [0xca3, nil]]
0xcdaS0x14e7	[0x14f1, [0xcda, nil]]
0xce0S0x14e7	[0x14f1, [0xce0, nil]]
0xcf9S0x15d7	[0x15e1, [0xcf9, nil]]
0xc9dS0x15d7	[0x15e1, [0xc9d, nil]]
0xca3S0x15d7	[0x15e1, [0xca3, nil]]
0xcdaS0x15d7	[0x15e1, [0xcda, nil]]
0xce0S0x15d7	[0x15e1, [0xce0, nil]]
0x1c5bS0x226f	[0x2278, [0x1c5b, nil]]
0x230fS0x69d	[0x6d0, [0x230f, nil]]
0x2346S0x69d	[0x6d0, [0x2346, nil]]
0x233cS0x69d	[0x6d0, [0x233c, nil]]
0x2308S0x69d	[0x6d0, [0x2308, nil]]
0x22c5S0x69d	[0x6d0, [0x22c5, nil]]
0x22baS0x69d	[0x6d0, [0x22ba, nil]]
0x2321S0x69d	[0x6d0, [0x2321, nil]]
0x22c9S0x69d	[0x6d0, [0x22c9, nil]]
0x232dS0x69d	[0x6d0, [0x232d, nil]]
0x22d2S0x69d	[0x6d0, [0x22d2, nil]]
0x22ceS0x69d	[0x6d0, [0x22ce, nil]]
0x234fS0x69d	[0x6d0, [0x234f, nil]]
0x22ddS0x69d	[0x6d0, [0x22dd, nil]]
0x187cS0x92d	[0x93a, [0x187c, nil]]
0x187aS0x92d	[0x93a, [0x187a, nil]]
0x15d6S0x16c8	[0x1709, [0x15d6, nil]]
0x15d6S0x1885	[0x18c6, [0x15d6, nil]]
0x223aS0x608	[0x638, [0x223a, nil]]
0x2232S0x608	[0x638, [0x2232, nil]]
0x2218S0x608	[0x638, [0x2218, nil]]
0x2223S0x608	[0x638, [0x2223, nil]]
0x2201S0x608	[0x638, [0x2201, nil]]
0x21ffS0x608	[0x638, [0x21ff, nil]]
0x2241S0x608	[0x638, [0x2241, nil]]
0x220dS0x608	[0x638, [0x220d, nil]]
0x21d9S0x2202S0x608	[0x638, [0x220d, [0x21d9, nil]]]
0x21ceS0x2202S0x608	[0x638, [0x220d, [0x21ce, nil]]]
0x2760S0x812	[0x842, [0x2760, nil]]
0x2758S0x812	[0x842, [0x2758, nil]]
0x273eS0x812	[0x842, [0x273e, nil]]
0x2749S0x812	[0x842, [0x2749, nil]]
0x2727S0x812	[0x842, [0x2727, nil]]
0x2725S0x812	[0x842, [0x2725, nil]]
0x2767S0x812	[0x842, [0x2767, nil]]
0x2733S0x812	[0x842, [0x2733, nil]]
0x21d9S0x2728S0x812	[0x842, [0x2733, [0x21d9, nil]]]
0x21ceS0x2728S0x812	[0x842, [0x2733, [0x21ce, nil]]]
0x27c8S0x880	[0x8b0, [0x27c8, nil]]
0x27c0S0x880	[0x8b0, [0x27c0, nil]]
0x27a6S0x880	[0x8b0, [0x27a6, nil]]
0x27b1S0x880	[0x8b0, [0x27b1, nil]]
0x278fS0x880	[0x8b0, [0x278f, nil]]
0x278dS0x880	[0x8b0, [0x278d, nil]]
0x27cfS0x880	[0x8b0, [0x27cf, nil]]
0x279bS0x880	[0x8b0, [0x279b, nil]]
0x21d9S0x2790S0x880	[0x8b0, [0x279b, [0x21d9, nil]]]
0x21ceS0x2790S0x880	[0x8b0, [0x279b, [0x21ce, nil]]]
0x2830S0x993	[0x9c3, [0x2830, nil]]
0x2828S0x993	[0x9c3, [0x2828, nil]]
0x280eS0x993	[0x9c3, [0x280e, nil]]
0x2819S0x993	[0x9c3, [0x2819, nil]]
0x27f7S0x993	[0x9c3, [0x27f7, nil]]
0x27f5S0x993	[0x9c3, [0x27f5, nil]]
0x2837S0x993	[0x9c3, [0x2837, nil]]
0x2803S0x993	[0x9c3, [0x2803, nil]]
0x21d9S0x27f8S0x993	[0x9c3, [0x2803, [0x21d9, nil]]]
0x21ceS0x27f8S0x993	[0x9c3, [0x2803, [0x21ce, nil]]]
0x2898S0x9d6	[0xa06, [0x2898, nil]]
0x2890S0x9d6	[0xa06, [0x2890, nil]]
0x2876S0x9d6	[0xa06, [0x2876, nil]]
0x2881S0x9d6	[0xa06, [0x2881, nil]]
0x285fS0x9d6	[0xa06, [0x285f, nil]]
0x285dS0x9d6	[0xa06, [0x285d, nil]]
0x289fS0x9d6	[0xa06, [0x289f, nil]]
0x286bS0x9d6	[0xa06, [0x286b, nil]]
0x21d9S0x2860S0x9d6	[0xa06, [0x286b, [0x21d9, nil]]]
0x21ceS0x2860S0x9d6	[0xa06, [0x286b, [0x21ce, nil]]]
0x2900S0xb22	[0xb52, [0x2900, nil]]
0x28f8S0xb22	[0xb52, [0x28f8, nil]]
0x28deS0xb22	[0xb52, [0x28de, nil]]
0x28e9S0xb22	[0xb52, [0x28e9, nil]]
0x28c7S0xb22	[0xb52, [0x28c7, nil]]
0x28c5S0xb22	[0xb52, [0x28c5, nil]]
0x2907S0xb22	[0xb52, [0x2907, nil]]
0x28d3S0xb22	[0xb52, [0x28d3, nil]]
0x21d9S0x28c8S0xb22	[0xb52, [0x28d3, [0x21d9, nil]]]
0x21ceS0x28c8S0xb22	[0xb52, [0x28d3, [0x21ce, nil]]]
0x2900S0xd66	[0xd96, [0x2900, nil]]
0x28f8S0xd66	[0xd96, [0x28f8, nil]]
0x28deS0xd66	[0xd96, [0x28de, nil]]
0x28e9S0xd66	[0xd96, [0x28e9, nil]]
0x28c7S0xd66	[0xd96, [0x28c7, nil]]
0x28c5S0xd66	[0xd96, [0x28c5, nil]]
0x2907S0xd66	[0xd96, [0x2907, nil]]
0x28d3S0xd66	[0xd96, [0x28d3, nil]]
0x21d9S0x28c8S0xd66	[0xd96, [0x28d3, [0x21d9, nil]]]
0x21ceS0x28c8S0xd66	[0xd96, [0x28d3, [0x21ce, nil]]]
0x2a19S0xe20	[0xe50, [0x2a19, nil]]
0x2a11S0xe20	[0xe50, [0x2a11, nil]]
0x29f7S0xe20	[0xe50, [0x29f7, nil]]
0x2a02S0xe20	[0xe50, [0x2a02, nil]]
0x29e0S0xe20	[0xe50, [0x29e0, nil]]
0x29deS0xe20	[0xe50, [0x29de, nil]]
0x2a20S0xe20	[0xe50, [0x2a20, nil]]
0x29ecS0xe20	[0xe50, [0x29ec, nil]]
0x21d9S0x29e1S0xe20	[0xe50, [0x29ec, [0x21d9, nil]]]
0x21ceS0x29e1S0xe20	[0xe50, [0x29ec, [0x21ce, nil]]]
0x175fS0x5b0	[0x5ba, [0x175f, nil]]
0x1754S0x5b0	[0x5ba, [0x1754, nil]]
0x1728S0x5b0	[0x5ba, [0x1728, nil]]
0x172eS0x5b0	[0x5ba, [0x172e, nil]]
0x1761S0x5b0	[0x5ba, [0x1761, nil]]
0xabbS0x1721S0x5b0	[0x5ba, [0x1728, [0xabb, nil]]]
0x175fS0x94b	[0x952, [0x175f, nil]]
0x1754S0x94b	[0x952, [0x1754, nil]]
0x1728S0x94b	[0x952, [0x1728, nil]]
0x172eS0x94b	[0x952, [0x172e, nil]]
0x1761S0x94b	[0x952, [0x1761, nil]]
0xabbS0x1721S0x94b	[0x952, [0x1728, [0xabb, nil]]]
0x175fS0xabc	[0xac3, [0x175f, nil]]
0x1754S0xabc	[0xac3, [0x1754, nil]]
0x1728S0xabc	[0xac3, [0x1728, nil]]
0x172eS0xabc	[0xac3, [0x172e, nil]]
0x1761S0xabc	[0xac3, [0x1761, nil]]
0xabbS0x1721S0xabc	[0xac3, [0x1728, [0xabb, nil]]]
0x175fS0xd00	[0xd07, [0x175f, nil]]
0x1754S0xd00	[0xd07, [0x1754, nil]]
0x1728S0xd00	[0xd07, [0x1728, nil]]
0x172eS0xd00	[0xd07, [0x172e, nil]]
0x1761S0xd00	[0xd07, [0x1761, nil]]
0xabbS0x1721S0xd00	[0xd07, [0x1728, [0xabb, nil]]]
0x2132S0x3e9	[0x3fe, [0x2132, nil]]
0x214fS0x3e9	[0x3fe, [0x214f, nil]]
0x217eS0x3e9	[0x3fe, [0x217e, nil]]
0x21adS0x3e9	[0x3fe, [0x21ad, nil]]
0x212bS0x3e9	[0x3fe, [0x212b, nil]]
0x2148S0x3e9	[0x3fe, [0x2148, nil]]
0x6697S0x3e9	[0x3fe, [0x1972, nil]]
0x215cS0x3e9	[0x3fe, [0x215c, nil]]
0x66baS0x3e9	[0x3fe, [0x1976, nil]]
0x2177S0x3e9	[0x3fe, [0x2177, nil]]
0x218bS0x3e9	[0x3fe, [0x218b, nil]]
0x66ddS0x3e9	[0x3fe, [0x1976, nil]]
0x21a6S0x3e9	[0x3fe, [0x21a6, nil]]
0x21baS0x3e9	[0x3fe, [0x21ba, nil]]
0x6700S0x3e9	[0x3fe, [0x1976, nil]]
0x21c9S0x3e9	[0x3fe, [0x21c9, nil]]
0x1b67S0x2151S0x3e9	[0x3fe, [0x215c, [0x1b67, nil]]]
0x1b84S0x2151S0x3e9	[0x3fe, [0x215c, [0x1b84, nil]]]
0x1ba0S0x2151S0x3e9	[0x3fe, [0x215c, [0x1ba0, nil]]]
0x1b7dS0x2151S0x3e9	[0x3fe, [0x215c, [0x1b7d, nil]]]
0x6467S0x2151S0x3e9	[0x3fe, [0x215c, [0x1b4b, nil]]]
0x1b99S0x2151S0x3e9	[0x3fe, [0x215c, [0x1b99, nil]]]
0x648aS0x2151S0x3e9	[0x3fe, [0x215c, [0x1b4f, nil]]]
0x1ba8S0x2151S0x3e9	[0x3fe, [0x215c, [0x1ba8, nil]]]
0x64adS0x2151S0x3e9	[0x3fe, [0x215c, [0x1b53, nil]]]
0x1b60S0x2151S0x3e9	[0x3fe, [0x215c, [0x1b60, nil]]]
0x1bbcS0x2180S0x3e9	[0x3fe, [0x218b, [0x1bbc, nil]]]
0x1bd9S0x2180S0x3e9	[0x3fe, [0x218b, [0x1bd9, nil]]]
0x1bf5S0x2180S0x3e9	[0x3fe, [0x218b, [0x1bf5, nil]]]
0x1bd2S0x2180S0x3e9	[0x3fe, [0x218b, [0x1bd2, nil]]]
0x64d0S0x2180S0x3e9	[0x3fe, [0x218b, [0x1b4b, nil]]]
0x1beeS0x2180S0x3e9	[0x3fe, [0x218b, [0x1bee, nil]]]
0x64f3S0x2180S0x3e9	[0x3fe, [0x218b, [0x1b4f, nil]]]
0x1bfdS0x2180S0x3e9	[0x3fe, [0x218b, [0x1bfd, nil]]]
0x6516S0x2180S0x3e9	[0x3fe, [0x218b, [0x1b53, nil]]]
0x1bb5S0x2180S0x3e9	[0x3fe, [0x218b, [0x1bb5, nil]]]
0x1c11S0x21afS0x3e9	[0x3fe, [0x21ba, [0x1c11, nil]]]
0x1c2eS0x21afS0x3e9	[0x3fe, [0x21ba, [0x1c2e, nil]]]
0x1c4aS0x21afS0x3e9	[0x3fe, [0x21ba, [0x1c4a, nil]]]
0x1c27S0x21afS0x3e9	[0x3fe, [0x21ba, [0x1c27, nil]]]
0x6539S0x21afS0x3e9	[0x3fe, [0x21ba, [0x1b4b, nil]]]
0x1c43S0x21afS0x3e9	[0x3fe, [0x21ba, [0x1c43, nil]]]
0x655cS0x21afS0x3e9	[0x3fe, [0x21ba, [0x1b4f, nil]]]
0x1c52S0x21afS0x3e9	[0x3fe, [0x21ba, [0x1c52, nil]]]
0x657fS0x21afS0x3e9	[0x3fe, [0x21ba, [0x1b53, nil]]]
0x1c0aS0x21afS0x3e9	[0x3fe, [0x21ba, [0x1c0a, nil]]]
0x196cS0x16c0	[0x16c7, [0x196c, nil]]
0x1961S0x16c0	[0x16c7, [0x1961, nil]]
0x1936S0x16c0	[0x16c7, [0x1936, nil]]
0x193bS0x16c0	[0x16c7, [0x193b, nil]]
0x196eS0x16c0	[0x16c7, [0x196e, nil]]
0xabbS0x192fS0x16c0	[0x16c7, [0x1936, [0xabb, nil]]]
0x175fS0x187d	[0x1884, [0x175f, nil]]
0x1754S0x187d	[0x1884, [0x1754, nil]]
0x1728S0x187d	[0x1884, [0x1728, nil]]
0x172eS0x187d	[0x1884, [0x172e, nil]]
0x1761S0x187d	[0x1884, [0x1761, nil]]
0xabbS0x1721S0x187d	[0x1884, [0x1728, [0xabb, nil]]]
0x2677S0x2682	[0x268d, [0x2677, nil]]
0x2674S0x2682	[0x268d, [0x2674, nil]]
0x2671S0x2682	[0x268d, [0x2671, nil]]
0x2660S0x2682	[0x268d, [0x2660, nil]]
0x266cS0x2682	[0x268d, [0x266c, nil]]
0x1a32S0x2661S0x2682	[0x268d, [0x266c, [0x1a32, nil]]]
0x2677S0x268e	[0x269d, [0x2677, nil]]
0x2674S0x268e	[0x269d, [0x2674, nil]]
0x2671S0x268e	[0x269d, [0x2671, nil]]
0x2660S0x268e	[0x269d, [0x2660, nil]]
0x266cS0x268e	[0x269d, [0x266c, nil]]
0x1a32S0x2661S0x268e	[0x269d, [0x266c, [0x1a32, nil]]]
0x19dfS0x122	[0x137, [0x19df, nil]]
0x19d8S0x122	[0x137, [0x19d8, nil]]
0x19edS0x122	[0x137, [0x19ed, nil]]
0x63feS0x122	[0x137, [0x1972, nil]]
0x19f6S0x122	[0x137, [0x19f6, nil]]
0x19cbS0x19e1S0x122	[0x137, [0x19ed, [0x19cb, nil]]]
0x19c5S0x19e1S0x122	[0x137, [0x19ed, [0x19c5, nil]]]
0x19b4S0x19b8S0x19e1S0x122	[0x137, [0x19ed, [0x19c5, [0x19b4, nil]]]]
0x19b1S0x19b8S0x19e1S0x122	[0x137, [0x19ed, [0x19c5, [0x19b1, nil]]]]
0x19a1S0x19b8S0x19e1S0x122	[0x137, [0x19ed, [0x19c5, [0x19a1, nil]]]]
0x19b7S0x19b8S0x19e1S0x122	[0x137, [0x19ed, [0x19c5, [0x19b7, nil]]]]
0x19aaS0x19b8S0x19e1S0x122	[0x137, [0x19ed, [0x19c5, [0x19aa, nil]]]]
0x1a23S0x13d	[0x149, [0x1a23, nil]]
0x1a29S0x13d	[0x149, [0x1a29, nil]]
0x1a10S0x1a11S0x13d	[0x149, [0x1a23, [0x1a10, nil]]]
0x1a0dS0x1a11S0x13d	[0x149, [0x1a23, [0x1a0d, nil]]]
0x1a0aS0x1a11S0x13d	[0x149, [0x1a23, [0x1a0a, nil]]]
0x1a01S0x1a02S0x1a11S0x13d	[0x149, [0x1a23, [0x1a0a, [0x1a01, nil]]]]
0x1a54S0x167	[0x173, [0x1a54, nil]]
0x1a5aS0x167	[0x173, [0x1a5a, nil]]
0x1a41S0x1a42S0x167	[0x173, [0x1a54, [0x1a41, nil]]]
0x1a3eS0x1a42S0x167	[0x173, [0x1a54, [0x1a3e, nil]]]
0x1a3bS0x1a42S0x167	[0x173, [0x1a54, [0x1a3b, nil]]]
0x1a32S0x1a33S0x1a42S0x167	[0x173, [0x1a54, [0x1a3b, [0x1a32, nil]]]]
0x1a54S0x1a3	[0x1af, [0x1a54, nil]]
0x1a5aS0x1a3	[0x1af, [0x1a5a, nil]]
0x1a41S0x1a42S0x1a3	[0x1af, [0x1a54, [0x1a41, nil]]]
0x1a3eS0x1a42S0x1a3	[0x1af, [0x1a54, [0x1a3e, nil]]]
0x1a3bS0x1a42S0x1a3	[0x1af, [0x1a54, [0x1a3b, nil]]]
0x1a32S0x1a33S0x1a42S0x1a3	[0x1af, [0x1a54, [0x1a3b, [0x1a32, nil]]]]
0x1a23S0x298	[0x2a4, [0x1a23, nil]]
0x1a29S0x298	[0x2a4, [0x1a29, nil]]
0x1a10S0x1a11S0x298	[0x2a4, [0x1a23, [0x1a10, nil]]]
0x1a0dS0x1a11S0x298	[0x2a4, [0x1a23, [0x1a0d, nil]]]
0x1a0aS0x1a11S0x298	[0x2a4, [0x1a23, [0x1a0a, nil]]]
0x1a01S0x1a02S0x1a11S0x298	[0x2a4, [0x1a23, [0x1a0a, [0x1a01, nil]]]]
0x2113S0x2fc	[0x308, [0x2113, nil]]
0x2119S0x2fc	[0x308, [0x2119, nil]]
0x2100S0x2101S0x2fc	[0x308, [0x2113, [0x2100, nil]]]
0x20fdS0x2101S0x2fc	[0x308, [0x2113, [0x20fd, nil]]]
0x20faS0x2101S0x2fc	[0x308, [0x2113, [0x20fa, nil]]]
0x1c5bS0x20f2S0x2101S0x2fc	[0x308, [0x2113, [0x20fa, [0x1c5b, nil]]]]
0x1a23S0x376	[0x382, [0x1a23, nil]]
0x1a29S0x376	[0x382, [0x1a29, nil]]
0x1a10S0x1a11S0x376	[0x382, [0x1a23, [0x1a10, nil]]]
0x1a0dS0x1a11S0x376	[0x382, [0x1a23, [0x1a0d, nil]]]
0x1a0aS0x1a11S0x376	[0x382, [0x1a23, [0x1a0a, nil]]]
0x1a01S0x1a02S0x1a11S0x376	[0x382, [0x1a23, [0x1a0a, [0x1a01, nil]]]]
0x1a54S0x3a0	[0x3ac, [0x1a54, nil]]
0x1a5aS0x3a0	[0x3ac, [0x1a5a, nil]]
0x1a41S0x1a42S0x3a0	[0x3ac, [0x1a54, [0x1a41, nil]]]
0x1a3eS0x1a42S0x3a0	[0x3ac, [0x1a54, [0x1a3e, nil]]]
0x1a3bS0x1a42S0x3a0	[0x3ac, [0x1a54, [0x1a3b, nil]]]
0x1a32S0x1a33S0x1a42S0x3a0	[0x3ac, [0x1a54, [0x1a3b, [0x1a32, nil]]]]
0x26cfS0x777	[0x7b1, [0x26cf, nil]]
0x26bcS0x777	[0x7b1, [0x26bc, nil]]
0x26b9S0x777	[0x7b1, [0x26b9, nil]]
0x26dcS0x777	[0x7b1, [0x26dc, nil]]
0x26e9S0x777	[0x7b1, [0x26e9, nil]]
0x26b6S0x777	[0x7b1, [0x26b6, nil]]
0x26f6S0x777	[0x7b1, [0x26f6, nil]]
0x26ffS0x777	[0x7b1, [0x26ff, nil]]
0x1c91S0x26aeS0x777	[0x7b1, [0x26b6, [0x1c91, nil]]]
0x1a41S0x26bdS0x777	[0x7b1, [0x26cf, [0x1a41, nil]]]
0x1a3eS0x26bdS0x777	[0x7b1, [0x26cf, [0x1a3e, nil]]]
0x1a3bS0x26bdS0x777	[0x7b1, [0x26cf, [0x1a3b, nil]]]
0x1a32S0x1a33S0x26bdS0x777	[0x7b1, [0x26cf, [0x1a3b, [0x1a32, nil]]]]
0x1a41S0x26ddS0x777	[0x7b1, [0x26e9, [0x1a41, nil]]]
0x1a3eS0x26ddS0x777	[0x7b1, [0x26e9, [0x1a3e, nil]]]
0x1a3bS0x26ddS0x777	[0x7b1, [0x26e9, [0x1a3b, nil]]]
0x1a32S0x1a33S0x26ddS0x777	[0x7b1, [0x26e9, [0x1a3b, [0x1a32, nil]]]]
0x1a41S0x26eaS0x777	[0x7b1, [0x26f6, [0x1a41, nil]]]
0x1a3eS0x26eaS0x777	[0x7b1, [0x26f6, [0x1a3e, nil]]]
0x1a3bS0x26eaS0x777	[0x7b1, [0x26f6, [0x1a3b, nil]]]
0x1a32S0x1a33S0x26eaS0x777	[0x7b1, [0x26f6, [0x1a3b, [0x1a32, nil]]]]
0x2113S0x8ba	[0x916, [0x2113, nil]]
0x2119S0x8ba	[0x916, [0x2119, nil]]
0x2100S0x2101S0x8ba	[0x916, [0x2113, [0x2100, nil]]]
0x20fdS0x2101S0x8ba	[0x916, [0x2113, [0x20fd, nil]]]
0x20faS0x2101S0x8ba	[0x916, [0x2113, [0x20fa, nil]]]
0x1c5bS0x20f2S0x2101S0x8ba	[0x916, [0x2113, [0x20fa, [0x1c5b, nil]]]]
0x2113S0xa53	[0xa99, [0x2113, nil]]
0x2119S0xa53	[0xa99, [0x2119, nil]]
0x2100S0x2101S0xa53	[0xa99, [0x2113, [0x2100, nil]]]
0x20fdS0x2101S0xa53	[0xa99, [0x2113, [0x20fd, nil]]]
0x20faS0x2101S0xa53	[0xa99, [0x2113, [0x20fa, nil]]]
0x1c5bS0x20f2S0x2101S0xa53	[0xa99, [0x2113, [0x20fa, [0x1c5b, nil]]]]
0x2113S0xbc2	[0xc22, [0x2113, nil]]
0x2119S0xbc2	[0xc22, [0x2119, nil]]
0x2100S0x2101S0xbc2	[0xc22, [0x2113, [0x2100, nil]]]
0x20fdS0x2101S0xbc2	[0xc22, [0x2113, [0x20fd, nil]]]
0x20faS0x2101S0xbc2	[0xc22, [0x2113, [0x20fa, nil]]]
0x1c5bS0x20f2S0x2101S0xbc2	[0xc22, [0x2113, [0x20fa, [0x1c5b, nil]]]]
0x2113S0xe5a	[0xeb6, [0x2113, nil]]
0x2119S0xe5a	[0xeb6, [0x2119, nil]]
0x2100S0x2101S0xe5a	[0xeb6, [0x2113, [0x2100, nil]]]
0x20fdS0x2101S0xe5a	[0xeb6, [0x2113, [0x20fd, nil]]]
0x20faS0x2101S0xe5a	[0xeb6, [0x2113, [0x20fa, nil]]]
0x1c5bS0x20f2S0x2101S0xe5a	[0xeb6, [0x2113, [0x20fa, [0x1c5b, nil]]]]
0x1a98S0x188	[0x19d, [0x1a98, nil]]
0x1a91S0x188	[0x19d, [0x1a91, nil]]
0x1aa6S0x188	[0x19d, [0x1aa6, nil]]
0x6421S0x188	[0x19d, [0x1972, nil]]
0x1aafS0x188	[0x19d, [0x1aaf, nil]]
0x1a84S0x1a9aS0x188	[0x19d, [0x1aa6, [0x1a84, nil]]]
0x1a7eS0x1a9aS0x188	[0x19d, [0x1aa6, [0x1a7e, nil]]]
0x1a6dS0x1a71S0x1a9aS0x188	[0x19d, [0x1aa6, [0x1a7e, [0x1a6d, nil]]]]
0x1a6aS0x1a71S0x1a9aS0x188	[0x19d, [0x1aa6, [0x1a7e, [0x1a6a, nil]]]]
0x1a70S0x1a71S0x1a9aS0x188	[0x19d, [0x1aa6, [0x1a7e, [0x1a70, nil]]]]
0x1a63S0x1a71S0x1a9aS0x188	[0x19d, [0x1aa6, [0x1a7e, [0x1a63, nil]]]]
0x1a32S0x1a5bS0x1a71S0x1a9aS0x188	[0x19d, [0x1aa6, [0x1a7e, [0x1a63, [0x1a32, nil]]]]]
0x1fe0S0x245	[0x252, [0x1fe0, nil]]
0x1fd7S0x245	[0x252, [0x1fd7, nil]]
0x1ff4S0x245	[0x252, [0x1ff4, nil]]
0x1febS0x245	[0x252, [0x1feb, nil]]
0x1ffdS0x245	[0x252, [0x1ffd, nil]]
0x1e04S0x1fc9S0x245	[0x252, [0x1fe0, [0x1e04, nil]]]
0x1e01S0x1fc9S0x245	[0x252, [0x1fe0, [0x1e01, nil]]]
0x1e1bS0x1fc9S0x245	[0x252, [0x1fe0, [0x1e1b, nil]]]
0x1dfeS0x1fc9S0x245	[0x252, [0x1fe0, [0x1dfe, nil]]]
0x1e3bS0x1fc9S0x245	[0x252, [0x1fe0, [0x1e3b, nil]]]
0x1dd6S0x1fc9S0x245	[0x252, [0x1fe0, [0x1dd6, nil]]]
0x1e46S0x1fc9S0x245	[0x252, [0x1fe0, [0x1e46, nil]]]
0x1de6S0x1fc9S0x245	[0x252, [0x1fe0, [0x1de6, nil]]]
0x1ddbS0x1fc9S0x245	[0x252, [0x1fe0, [0x1ddb, nil]]]
0x1df5S0x1fc9S0x245	[0x252, [0x1fe0, [0x1df5, nil]]]
0x1e83S0x1fc9S0x245	[0x252, [0x1fe0, [0x1e83, nil]]]
0x1e68S0x1fc9S0x245	[0x252, [0x1fe0, [0x1e68, nil]]]
0x1e0fS0x1fc9S0x245	[0x252, [0x1fe0, [0x1e0f, nil]]]
0x1e76S0x1fc9S0x245	[0x252, [0x1fe0, [0x1e76, nil]]]
0x1e27S0x1fc9S0x245	[0x252, [0x1fe0, [0x1e27, nil]]]
0x1e52S0x1fc9S0x245	[0x252, [0x1fe0, [0x1e52, nil]]]
0x1e31S0x1fc9S0x245	[0x252, [0x1fe0, [0x1e31, nil]]]
0x1e5dS0x1fc9S0x245	[0x252, [0x1fe0, [0x1e5d, nil]]]
0x1a01S0x1df6S0x1fc9S0x245	[0x252, [0x1fe0, [0x1dfe, [0x1a01, nil]]]]
0x1f69S0x1fe1S0x245	[0x252, [0x1ff4, [0x1f69, nil]]]
0x1e8dS0x1fe1S0x245	[0x252, [0x1ff4, [0x1e8d, nil]]]
0x1f7bS0x1fe1S0x245	[0x252, [0x1ff4, [0x1f7b, nil]]]
0x1eacS0x1fe1S0x245	[0x252, [0x1ff4, [0x1eac, nil]]]
0x1fc8S0x1fe1S0x245	[0x252, [0x1ff4, [0x1fc8, nil]]]
0x1fa2S0x1fe1S0x245	[0x252, [0x1ff4, [0x1fa2, nil]]]
0x1fb6S0x1fe1S0x245	[0x252, [0x1ff4, [0x1fb6, nil]]]
0x1f55S0x1fe1S0x245	[0x252, [0x1ff4, [0x1f55, nil]]]
0x1f87S0x1fe1S0x245	[0x252, [0x1ff4, [0x1f87, nil]]]
0x1f5fS0x1fe1S0x245	[0x252, [0x1ff4, [0x1f5f, nil]]]
0x1f97S0x1fe1S0x245	[0x252, [0x1ff4, [0x1f97, nil]]]
0x1f8cS0x1fe1S0x245	[0x252, [0x1ff4, [0x1f8c, nil]]]
0x1e9dS0x1f60S0x1fe1S0x245	[0x252, [0x1ff4, [0x1f69, [0x1e9d, nil]]]]
0x1e92S0x1f60S0x1fe1S0x245	[0x252, [0x1ff4, [0x1f69, [0x1e92, nil]]]]
0x1f12S0x1f88S0x1fe1S0x245	[0x252, [0x1ff4, [0x1f97, [0x1f12, nil]]]]
0x1f22S0x1f88S0x1fe1S0x245	[0x252, [0x1ff4, [0x1f97, [0x1f22, nil]]]]
0x1f2bS0x1f88S0x1fe1S0x245	[0x252, [0x1ff4, [0x1f97, [0x1f2b, nil]]]]
0x1f36S0x1f88S0x1fe1S0x245	[0x252, [0x1ff4, [0x1f97, [0x1f36, nil]]]]
0x1f49S0x1f88S0x1fe1S0x245	[0x252, [0x1ff4, [0x1f97, [0x1f49, nil]]]]
0x1f08S0x1f88S0x1fe1S0x245	[0x252, [0x1ff4, [0x1f97, [0x1f08, nil]]]]
0x1f41S0x1f88S0x1fe1S0x245	[0x252, [0x1ff4, [0x1f97, [0x1f41, nil]]]]
0x1ec6S0x1f09S0x1f88S0x1fe1S0x245	[0x252, [0x1ff4, [0x1f97, [0x1f12, [0x1ec6, nil]]]]]
0x1ebbS0x1f09S0x1f88S0x1fe1S0x245	[0x252, [0x1ff4, [0x1f97, [0x1f12, [0x1ebb, nil]]]]]
0x1eeeS0x1f13S0x1f88S0x1fe1S0x245	[0x252, [0x1ff4, [0x1f97, [0x1f22, [0x1eee, nil]]]]]
0x1ee9S0x1f13S0x1f88S0x1fe1S0x245	[0x252, [0x1ff4, [0x1f97, [0x1f22, [0x1ee9, nil]]]]]
0x1ed1S0x1f13S0x1f88S0x1fe1S0x245	[0x252, [0x1ff4, [0x1f97, [0x1f22, [0x1ed1, nil]]]]]
0x1ee3S0x1f13S0x1f88S0x1fe1S0x245	[0x252, [0x1ff4, [0x1f97, [0x1f22, [0x1ee3, nil]]]]]
0x1ed9S0x1f13S0x1f88S0x1fe1S0x245	[0x252, [0x1ff4, [0x1f97, [0x1f22, [0x1ed9, nil]]]]]
0x1efeS0x1f23S0x1f88S0x1fe1S0x245	[0x252, [0x1ff4, [0x1f97, [0x1f2b, [0x1efe, nil]]]]]
0x1eb6S0x1effS0x1f88S0x1fe1S0x245	[0x252, [0x1ff4, [0x1f97, [0x1f08, [0x1eb6, nil]]]]]
0x1fe0S0x404	[0x411, [0x1fe0, nil]]
0x1fd7S0x404	[0x411, [0x1fd7, nil]]
0x1ff4S0x404	[0x411, [0x1ff4, nil]]
0x1febS0x404	[0x411, [0x1feb, nil]]
0x1ffdS0x404	[0x411, [0x1ffd, nil]]
0x1e04S0x1fc9S0x404	[0x411, [0x1fe0, [0x1e04, nil]]]
0x1e01S0x1fc9S0x404	[0x411, [0x1fe0, [0x1e01, nil]]]
0x1e1bS0x1fc9S0x404	[0x411, [0x1fe0, [0x1e1b, nil]]]
0x1dfeS0x1fc9S0x404	[0x411, [0x1fe0, [0x1dfe, nil]]]
0x1e3bS0x1fc9S0x404	[0x411, [0x1fe0, [0x1e3b, nil]]]
0x1dd6S0x1fc9S0x404	[0x411, [0x1fe0, [0x1dd6, nil]]]
0x1e46S0x1fc9S0x404	[0x411, [0x1fe0, [0x1e46, nil]]]
0x1de6S0x1fc9S0x404	[0x411, [0x1fe0, [0x1de6, nil]]]
0x1ddbS0x1fc9S0x404	[0x411, [0x1fe0, [0x1ddb, nil]]]
0x1df5S0x1fc9S0x404	[0x411, [0x1fe0, [0x1df5, nil]]]
0x1e83S0x1fc9S0x404	[0x411, [0x1fe0, [0x1e83, nil]]]
0x1e68S0x1fc9S0x404	[0x411, [0x1fe0, [0x1e68, nil]]]
0x1e0fS0x1fc9S0x404	[0x411, [0x1fe0, [0x1e0f, nil]]]
0x1e76S0x1fc9S0x404	[0x411, [0x1fe0, [0x1e76, nil]]]
0x1e27S0x1fc9S0x404	[0x411, [0x1fe0, [0x1e27, nil]]]
0x1e52S0x1fc9S0x404	[0x411, [0x1fe0, [0x1e52, nil]]]
0x1e31S0x1fc9S0x404	[0x411, [0x1fe0, [0x1e31, nil]]]
0x1e5dS0x1fc9S0x404	[0x411, [0x1fe0, [0x1e5d, nil]]]
0x1a01S0x1df6S0x1fc9S0x404	[0x411, [0x1fe0, [0x1dfe, [0x1a01, nil]]]]
0x1f69S0x1fe1S0x404	[0x411, [0x1ff4, [0x1f69, nil]]]
0x1e8dS0x1fe1S0x404	[0x411, [0x1ff4, [0x1e8d, nil]]]
0x1f7bS0x1fe1S0x404	[0x411, [0x1ff4, [0x1f7b, nil]]]
0x1eacS0x1fe1S0x404	[0x411, [0x1ff4, [0x1eac, nil]]]
0x1fc8S0x1fe1S0x404	[0x411, [0x1ff4, [0x1fc8, nil]]]
0x1fa2S0x1fe1S0x404	[0x411, [0x1ff4, [0x1fa2, nil]]]
0x1fb6S0x1fe1S0x404	[0x411, [0x1ff4, [0x1fb6, nil]]]
0x1f55S0x1fe1S0x404	[0x411, [0x1ff4, [0x1f55, nil]]]
0x1f87S0x1fe1S0x404	[0x411, [0x1ff4, [0x1f87, nil]]]
0x1f5fS0x1fe1S0x404	[0x411, [0x1ff4, [0x1f5f, nil]]]
0x1f97S0x1fe1S0x404	[0x411, [0x1ff4, [0x1f97, nil]]]
0x1f8cS0x1fe1S0x404	[0x411, [0x1ff4, [0x1f8c, nil]]]
0x1e9dS0x1f60S0x1fe1S0x404	[0x411, [0x1ff4, [0x1f69, [0x1e9d, nil]]]]
0x1e92S0x1f60S0x1fe1S0x404	[0x411, [0x1ff4, [0x1f69, [0x1e92, nil]]]]
0x1f12S0x1f88S0x1fe1S0x404	[0x411, [0x1ff4, [0x1f97, [0x1f12, nil]]]]
0x1f22S0x1f88S0x1fe1S0x404	[0x411, [0x1ff4, [0x1f97, [0x1f22, nil]]]]
0x1f2bS0x1f88S0x1fe1S0x404	[0x411, [0x1ff4, [0x1f97, [0x1f2b, nil]]]]
0x1f36S0x1f88S0x1fe1S0x404	[0x411, [0x1ff4, [0x1f97, [0x1f36, nil]]]]
0x1f49S0x1f88S0x1fe1S0x404	[0x411, [0x1ff4, [0x1f97, [0x1f49, nil]]]]
0x1f08S0x1f88S0x1fe1S0x404	[0x411, [0x1ff4, [0x1f97, [0x1f08, nil]]]]
0x1f41S0x1f88S0x1fe1S0x404	[0x411, [0x1ff4, [0x1f97, [0x1f41, nil]]]]
0x1ec6S0x1f09S0x1f88S0x1fe1S0x404	[0x411, [0x1ff4, [0x1f97, [0x1f12, [0x1ec6, nil]]]]]
0x1ebbS0x1f09S0x1f88S0x1fe1S0x404	[0x411, [0x1ff4, [0x1f97, [0x1f12, [0x1ebb, nil]]]]]
0x1eeeS0x1f13S0x1f88S0x1fe1S0x404	[0x411, [0x1ff4, [0x1f97, [0x1f22, [0x1eee, nil]]]]]
0x1ee9S0x1f13S0x1f88S0x1fe1S0x404	[0x411, [0x1ff4, [0x1f97, [0x1f22, [0x1ee9, nil]]]]]
0x1ed1S0x1f13S0x1f88S0x1fe1S0x404	[0x411, [0x1ff4, [0x1f97, [0x1f22, [0x1ed1, nil]]]]]
0x1ee3S0x1f13S0x1f88S0x1fe1S0x404	[0x411, [0x1ff4, [0x1f97, [0x1f22, [0x1ee3, nil]]]]]
0x1ed9S0x1f13S0x1f88S0x1fe1S0x404	[0x411, [0x1ff4, [0x1f97, [0x1f22, [0x1ed9, nil]]]]]
0x1efeS0x1f23S0x1f88S0x1fe1S0x404	[0x411, [0x1ff4, [0x1f97, [0x1f2b, [0x1efe, nil]]]]]
0x1eb6S0x1effS0x1f88S0x1fe1S0x404	[0x411, [0x1ff4, [0x1f97, [0x1f08, [0x1eb6, nil]]]]]
0xf16S0x3ff	[0x403, [0xf16, nil]]
0xf0bS0x3ff	[0x403, [0xf0b, nil]]
0xf5eS0x3ff	[0x403, [0xf5e, nil]]
0xf53S0x3ff	[0x403, [0xf53, nil]]
0xfa5S0x3ff	[0x403, [0xfa5, nil]]
0xf9aS0x3ff	[0x403, [0xf9a, nil]]
0xfcaS0x3ff	[0x403, [0xfca, nil]]
0x1018S0x3ff	[0x403, [0x1018, nil]]
0x107eS0x3ff	[0x403, [0x107e, nil]]
0x1085S0x3ff	[0x403, [0x1085, nil]]
0x10e8S0x3ff	[0x403, [0x10e8, nil]]
0x10ddS0x3ff	[0x403, [0x10dd, nil]]
0x111aS0x3ff	[0x403, [0x111a, nil]]
0x117dS0x3ff	[0x403, [0x117d, nil]]
0x1172S0x3ff	[0x403, [0x1172, nil]]
0x1199S0x3ff	[0x403, [0x1199, nil]]
0x11b8S0x3ff	[0x403, [0x11b8, nil]]
0x11f6S0x3ff	[0x403, [0x11f6, nil]]
0x1215S0x3ff	[0x403, [0x1215, nil]]
0x1271S0x3ff	[0x403, [0x1271, nil]]
0x1263S0x3ff	[0x403, [0x1263, nil]]
0x1266S0x3ff	[0x403, [0x1266, nil]]
0x126dS0x3ff	[0x403, [0x126d, nil]]
0x1289S0x3ff	[0x403, [0x1289, nil]]
0x12a3S0x3ff	[0x403, [0x12a3, nil]]
0x12caS0x3ff	[0x403, [0x12ca, nil]]
0x132aS0x3ff	[0x403, [0x132a, nil]]
0x1344S0x3ff	[0x403, [0x1344, nil]]
0x1369S0x3ff	[0x403, [0x1369, nil]]
0x1384S0x3ff	[0x403, [0x1384, nil]]
0x13beS0x3ff	[0x403, [0x13be, nil]]
0x1419S0x3ff	[0x403, [0x1419, nil]]
0xecfS0x3ff	[0x403, [0xecf, nil]]
0xed7S0x3ff	[0x403, [0xed7, nil]]
0xee5S0x3ff	[0x403, [0xee5, nil]]
0xf2dS0x3ff	[0x403, [0xf2d, nil]]
0xf1fS0x3ff	[0x403, [0xf1f, nil]]
0xf74S0x3ff	[0x403, [0xf74, nil]]
0xf67S0x3ff	[0x403, [0xf67, nil]]
0xfc3S0x3ff	[0x403, [0xfc3, nil]]
0xfaeS0x3ff	[0x403, [0xfae, nil]]
0xfe5S0x3ff	[0x403, [0xfe5, nil]]
0xfd3S0x3ff	[0x403, [0xfd3, nil]]
0xfdfS0x3ff	[0x403, [0xfdf, nil]]
0x5f1bS0x3ff	[0x403, [0x2bd1, nil]]
0x5f12S0x3ff	[0x403, [0x2bc8, nil]]
0x5f17S0x3ff	[0x403, [0x2bcd, nil]]
0x1011S0x3ff	[0x403, [0x1011, nil]]
0x1033S0x3ff	[0x403, [0x1033, nil]]
0x1021S0x3ff	[0x403, [0x1021, nil]]
0x102dS0x3ff	[0x403, [0x102d, nil]]
0x5f67S0x3ff	[0x403, [0x2bd1, nil]]
0x5f5eS0x3ff	[0x403, [0x2bc8, nil]]
0x5f63S0x3ff	[0x403, [0x2bcd, nil]]
0x104aS0x3ff	[0x403, [0x104a, nil]]
0x103cS0x3ff	[0x403, [0x103c, nil]]
0x143cS0x3ff	[0x403, [0x143c, nil]]
0x5fb3S0x3ff	[0x403, [0x2bfe, nil]]
0x5faaS0x3ff	[0x403, [0x2bf5, nil]]
0x5fafS0x3ff	[0x403, [0x2bfa, nil]]
0x10b7S0x3ff	[0x403, [0x10b7, nil]]
0x1113S0x3ff	[0x403, [0x1113, nil]]
0x10f1S0x3ff	[0x403, [0x10f1, nil]]
0x5fffS0x3ff	[0x403, [0x2bfe, nil]]
0x5ff6S0x3ff	[0x403, [0x2bf5, nil]]
0x5ffbS0x3ff	[0x403, [0x2bfa, nil]]
0x114cS0x3ff	[0x403, [0x114c, nil]]
0x1192S0x3ff	[0x403, [0x1192, nil]]
0x1186S0x3ff	[0x403, [0x1186, nil]]
0x11a7S0x3ff	[0x403, [0x11a7, nil]]
0x604bS0x3ff	[0x403, [0x2bfe, nil]]
0x6042S0x3ff	[0x403, [0x2bf5, nil]]
0x6047S0x3ff	[0x403, [0x2bfa, nil]]
0x13b7S0x3ff	[0x403, [0x13b7, nil]]
0x6097S0x3ff	[0x403, [0x2bfe, nil]]
0x608eS0x3ff	[0x403, [0x2bf5, nil]]
0x6093S0x3ff	[0x403, [0x2bfa, nil]]
0x11efS0x3ff	[0x403, [0x11ef, nil]]
0x120eS0x3ff	[0x403, [0x120e, nil]]
0x60e3S0x3ff	[0x403, [0x2bfe, nil]]
0x60daS0x3ff	[0x403, [0x2bf5, nil]]
0x60dfS0x3ff	[0x403, [0x2bfa, nil]]
0x1228S0x3ff	[0x403, [0x1228, nil]]
0x612fS0x3ff	[0x403, [0x2bfe, nil]]
0x6126S0x3ff	[0x403, [0x2bf5, nil]]
0x612bS0x3ff	[0x403, [0x2bfa, nil]]
0x1236S0x3ff	[0x403, [0x1236, nil]]
0x1251S0x3ff	[0x403, [0x1251, nil]]
0x1282S0x3ff	[0x403, [0x1282, nil]]
0x129cS0x3ff	[0x403, [0x129c, nil]]
0x617bS0x3ff	[0x403, [0x2bfe, nil]]
0x6172S0x3ff	[0x403, [0x2bf5, nil]]
0x6177S0x3ff	[0x403, [0x2bfa, nil]]
0x12c3S0x3ff	[0x403, [0x12c3, nil]]
0x12afS0x3ff	[0x403, [0x12af, nil]]
0x12b6S0x3ff	[0x403, [0x12b6, nil]]
0x61c7S0x3ff	[0x403, [0x2bfe, nil]]
0x61beS0x3ff	[0x403, [0x2bf5, nil]]
0x61c3S0x3ff	[0x403, [0x2bfa, nil]]
0x6213S0x3ff	[0x403, [0x2bfe, nil]]
0x620aS0x3ff	[0x403, [0x2bf5, nil]]
0x620fS0x3ff	[0x403, [0x2bfa, nil]]
0x1323S0x3ff	[0x403, [0x1323, nil]]
0x133dS0x3ff	[0x403, [0x133d, nil]]
0x625fS0x3ff	[0x403, [0x2bfe, nil]]
0x6256S0x3ff	[0x403, [0x2bf5, nil]]
0x625bS0x3ff	[0x403, [0x2bfa, nil]]
0x1357S0x3ff	[0x403, [0x1357, nil]]
0x62abS0x3ff	[0x403, [0x2bfe, nil]]
0x62a2S0x3ff	[0x403, [0x2bf5, nil]]
0x62a7S0x3ff	[0x403, [0x2bfa, nil]]
0x1362S0x3ff	[0x403, [0x1362, nil]]
0x137dS0x3ff	[0x403, [0x137d, nil]]
0x62f7S0x3ff	[0x403, [0x2bfe, nil]]
0x62eeS0x3ff	[0x403, [0x2bf5, nil]]
0x62f3S0x3ff	[0x403, [0x2bfa, nil]]
0x139eS0x3ff	[0x403, [0x139e, nil]]
0x6343S0x3ff	[0x403, [0x2bfe, nil]]
0x633aS0x3ff	[0x403, [0x2bf5, nil]]
0x633fS0x3ff	[0x403, [0x2bfa, nil]]
0x13abS0x3ff	[0x403, [0x13ab, nil]]
0x13a7S0x3ff	[0x403, [0x13a7, nil]]
0x1433S0x3ff	[0x403, [0x1433, nil]]
0x1412S0x3ff	[0x403, [0x1412, nil]]
0x13d0S0x3ff	[0x403, [0x13d0, nil]]
0x13dcS0x3ff	[0x403, [0x13dc, nil]]
0x13e1S0x3ff	[0x403, [0x13e1, nil]]
0x1407S0x3ff	[0x403, [0x1407, nil]]
0x638fS0x3ff	[0x403, [0x2bfe, nil]]
0x6386S0x3ff	[0x403, [0x2bf5, nil]]
0x638bS0x3ff	[0x403, [0x2bfa, nil]]
0x1425S0x3ff	[0x403, [0x1425, nil]]
0x63dbS0x3ff	[0x403, [0x2bfe, nil]]
0x63d2S0x3ff	[0x403, [0x2bf5, nil]]
0x63d7S0x3ff	[0x403, [0x2bfa, nil]]
0x105dS0x3ff	[0x403, [0x105d, nil]]
0x1447S0x3ff	[0x403, [0x1447, nil]]
0xff1S0x3ff	[0x403, [0xff1, nil]]
0x11b1S0x3ff	[0x403, [0x11b1, nil]]
0x187cS0x1434S0x3ff	[0x403, [0x143c, [0x187c, nil]]]
0x187aS0x1434S0x3ff	[0x403, [0x143c, [0x187a, nil]]]
0x2cf5S0x1217S0x3ff	[0x403, [0x1228, [0x2cf5, nil]]]
0x2d17S0x1217S0x3ff	[0x403, [0x1228, [0x2d17, nil]]]
0x2d33S0x1217S0x3ff	[0x403, [0x1228, [0x2d33, nil]]]
0x2ceeS0x1217S0x3ff	[0x403, [0x1228, [0x2cee, nil]]]
0x2d10S0x1217S0x3ff	[0x403, [0x1228, [0x2d10, nil]]]
0x2cd2S0x1217S0x3ff	[0x403, [0x1228, [0x2cd2, nil]]]
0x2d2cS0x1217S0x3ff	[0x403, [0x1228, [0x2d2c, nil]]]
0x2cd6S0x1217S0x3ff	[0x403, [0x1228, [0x2cd6, nil]]]
0x2cdaS0x1217S0x3ff	[0x403, [0x1228, [0x2cda, nil]]]
0x2cf5S0x1346S0x3ff	[0x403, [0x1357, [0x2cf5, nil]]]
0x2d17S0x1346S0x3ff	[0x403, [0x1357, [0x2d17, nil]]]
0x2d33S0x1346S0x3ff	[0x403, [0x1357, [0x2d33, nil]]]
0x2ceeS0x1346S0x3ff	[0x403, [0x1357, [0x2cee, nil]]]
0x2d10S0x1346S0x3ff	[0x403, [0x1357, [0x2d10, nil]]]
0x2cd2S0x1346S0x3ff	[0x403, [0x1357, [0x2cd2, nil]]]
0x2d2cS0x1346S0x3ff	[0x403, [0x1357, [0x2d2c, nil]]]
0x2cd6S0x1346S0x3ff	[0x403, [0x1357, [0x2cd6, nil]]]
0x2cdaS0x1346S0x3ff	[0x403, [0x1357, [0x2cda, nil]]]
0x2aa7S0xee6S0x3ff	[0x403, [0xf16, [0x2aa7, nil]]]
0x2a9fS0xee6S0x3ff	[0x403, [0xf16, [0x2a9f, nil]]]
0x2a85S0xee6S0x3ff	[0x403, [0xf16, [0x2a85, nil]]]
0x2a90S0xee6S0x3ff	[0x403, [0xf16, [0x2a90, nil]]]
0x2a6eS0xee6S0x3ff	[0x403, [0xf16, [0x2a6e, nil]]]
0x2a46S0xee6S0x3ff	[0x403, [0xf16, [0x2a46, nil]]]
0x2a6cS0xee6S0x3ff	[0x403, [0xf16, [0x2a6c, nil]]]
0x2a7aS0xee6S0x3ff	[0x403, [0xf16, [0x2a7a, nil]]]
0x21d9S0x2a6fS0xee6S0x3ff	[0x403, [0xf16, [0x2a7a, [0x21d9, nil]]]]
0x21ceS0x2a6fS0xee6S0x3ff	[0x403, [0xf16, [0x2a7a, [0x21ce, nil]]]]
0x2b35S0xf2eS0x3ff	[0x403, [0xf5e, [0x2b35, nil]]]
0x2b2dS0xf2eS0x3ff	[0x403, [0xf5e, [0x2b2d, nil]]]
0x2b13S0xf2eS0x3ff	[0x403, [0xf5e, [0x2b13, nil]]]
0x2b1eS0xf2eS0x3ff	[0x403, [0xf5e, [0x2b1e, nil]]]
0x2afcS0xf2eS0x3ff	[0x403, [0xf5e, [0x2afc, nil]]]
0x2ad4S0xf2eS0x3ff	[0x403, [0xf5e, [0x2ad4, nil]]]
0x2afaS0xf2eS0x3ff	[0x403, [0xf5e, [0x2afa, nil]]]
0x2b08S0xf2eS0x3ff	[0x403, [0xf5e, [0x2b08, nil]]]
0x21d9S0x2afdS0xf2eS0x3ff	[0x403, [0xf5e, [0x2b08, [0x21d9, nil]]]]
0x21ceS0x2afdS0xf2eS0x3ff	[0x403, [0xf5e, [0x2b08, [0x21ce, nil]]]]
0x2b9dS0xf75S0x3ff	[0x403, [0xfa5, [0x2b9d, nil]]]
0x2b95S0xf75S0x3ff	[0x403, [0xfa5, [0x2b95, nil]]]
0x2b7bS0xf75S0x3ff	[0x403, [0xfa5, [0x2b7b, nil]]]
0x2b86S0xf75S0x3ff	[0x403, [0xfa5, [0x2b86, nil]]]
0x2b64S0xf75S0x3ff	[0x403, [0xfa5, [0x2b64, nil]]]
0x2b62S0xf75S0x3ff	[0x403, [0xfa5, [0x2b62, nil]]]
0x2b70S0xf75S0x3ff	[0x403, [0xfa5, [0x2b70, nil]]]
0x21d9S0x2b65S0xf75S0x3ff	[0x403, [0xfa5, [0x2b70, [0x21d9, nil]]]]
0x21ceS0x2b65S0xf75S0x3ff	[0x403, [0xfa5, [0x2b70, [0x21ce, nil]]]]
0x2c5fS0x10b8S0x3ff	[0x403, [0x10e8, [0x2c5f, nil]]]
0x2c57S0x10b8S0x3ff	[0x403, [0x10e8, [0x2c57, nil]]]
0x2c3dS0x10b8S0x3ff	[0x403, [0x10e8, [0x2c3d, nil]]]
0x2c48S0x10b8S0x3ff	[0x403, [0x10e8, [0x2c48, nil]]]
0x2c26S0x10b8S0x3ff	[0x403, [0x10e8, [0x2c26, nil]]]
0x2c24S0x10b8S0x3ff	[0x403, [0x10e8, [0x2c24, nil]]]
0x2c32S0x10b8S0x3ff	[0x403, [0x10e8, [0x2c32, nil]]]
0x21d9S0x2c27S0x10b8S0x3ff	[0x403, [0x10e8, [0x2c32, [0x21d9, nil]]]]
0x21ceS0x2c27S0x10b8S0x3ff	[0x403, [0x10e8, [0x2c32, [0x21ce, nil]]]]
0x2cc7S0x114dS0x3ff	[0x403, [0x117d, [0x2cc7, nil]]]
0x2cbfS0x114dS0x3ff	[0x403, [0x117d, [0x2cbf, nil]]]
0x2ca5S0x114dS0x3ff	[0x403, [0x117d, [0x2ca5, nil]]]
0x2cb0S0x114dS0x3ff	[0x403, [0x117d, [0x2cb0, nil]]]
0x2c8eS0x114dS0x3ff	[0x403, [0x117d, [0x2c8e, nil]]]
0x2c8cS0x114dS0x3ff	[0x403, [0x117d, [0x2c8c, nil]]]
0x2c9aS0x114dS0x3ff	[0x403, [0x117d, [0x2c9a, nil]]]
0x21d9S0x2c8fS0x114dS0x3ff	[0x403, [0x117d, [0x2c9a, [0x21d9, nil]]]]
0x21ceS0x2c8fS0x114dS0x3ff	[0x403, [0x117d, [0x2c9a, [0x21ce, nil]]]]
0x175fS0xec5S0x3ff	[0x403, [0xecf, [0x175f, nil]]]
0x1754S0xec5S0x3ff	[0x403, [0xecf, [0x1754, nil]]]
0x1728S0xec5S0x3ff	[0x403, [0xecf, [0x1728, nil]]]
0x172eS0xec5S0x3ff	[0x403, [0xecf, [0x172e, nil]]]
0xabbS0x1721S0xec5S0x3ff	[0x403, [0xecf, [0x1728, [0xabb, nil]]]]
0x2d76S0x1229S0x3ff	[0x403, [0x1236, [0x2d76, nil]]]
0x2d5eS0x1229S0x3ff	[0x403, [0x1236, [0x2d5e, nil]]]
0x2d46S0x1229S0x3ff	[0x403, [0x1236, [0x2d46, nil]]]
0x2d6aS0x1229S0x3ff	[0x403, [0x1236, [0x2d6a, nil]]]
0x2d51S0x1229S0x3ff	[0x403, [0x1236, [0x2d51, nil]]]
0x2444S0x2d52S0x1229S0x3ff	[0x403, [0x1236, [0x2d5e, [0x2444, nil]]]]
0x243bS0x2d52S0x1229S0x3ff	[0x403, [0x1236, [0x2d5e, [0x243b, nil]]]]
0x2440S0x2d52S0x1229S0x3ff	[0x403, [0x1236, [0x2d5e, [0x2440, nil]]]]
0x2d3cS0x1217S0x3ff	[0x403, [0x1228, [0x2d3c, nil]]]
0x2d3cS0x1346S0x3ff	[0x403, [0x1357, [0x2d3c, nil]]]
0x2aaeS0xee6S0x3ff	[0x403, [0xf16, [0x2aae, nil]]]
0x2b3cS0xf2eS0x3ff	[0x403, [0xf5e, [0x2b3c, nil]]]
0x2ba4S0xf75S0x3ff	[0x403, [0xfa5, [0x2ba4, nil]]]
0x2c66S0x10b8S0x3ff	[0x403, [0x10e8, [0x2c66, nil]]]
0x2cceS0x114dS0x3ff	[0x403, [0x117d, [0x2cce, nil]]]
0x1761S0xec5S0x3ff	[0x403, [0xecf, [0x1761, nil]]]
0x2d82S0x1229S0x3ff	[0x403, [0x1236, [0x2d82, nil]]]
0x2e09S0x1386S0x3ff	[0x403, [0x139e, [0x2e09, nil]]]
0x2daaS0x1386S0x3ff	[0x403, [0x139e, [0x2daa, nil]]]
0x2db3S0x1386S0x3ff	[0x403, [0x139e, [0x2db3, nil]]]
0x2dbeS0x1386S0x3ff	[0x403, [0x139e, [0x2dbe, nil]]]
0x2dd2S0x1386S0x3ff	[0x403, [0x139e, [0x2dd2, nil]]]
0x2de2S0x1386S0x3ff	[0x403, [0x139e, [0x2de2, nil]]]
0x2debS0x1386S0x3ff	[0x403, [0x139e, [0x2deb, nil]]]
0x2df6S0x1386S0x3ff	[0x403, [0x139e, [0x2df6, nil]]]
0x2e1cS0x1386S0x3ff	[0x403, [0x139e, [0x2e1c, nil]]]
0x2e12S0x1386S0x3ff	[0x403, [0x139e, [0x2e12, nil]]]
0x2e2bS0x1386S0x3ff	[0x403, [0x139e, [0x2e2b, nil]]]
0x2d9dS0x1386S0x3ff	[0x403, [0x139e, [0x2d9d, nil]]]
0x2e3dS0x1386S0x3ff	[0x403, [0x139e, [0x2e3d, nil]]]
0x2e34S0x1386S0x3ff	[0x403, [0x139e, [0x2e34, nil]]]
0x2e49S0x1386S0x3ff	[0x403, [0x139e, [0x2e49, nil]]]
0x2dc8S0x1386S0x3ff	[0x403, [0x139e, [0x2dc8, nil]]]
0x2444S0x2d9eS0x1386S0x3ff	[0x403, [0x139e, [0x2daa, [0x2444, nil]]]]
0x243bS0x2d9eS0x1386S0x3ff	[0x403, [0x139e, [0x2daa, [0x243b, nil]]]]
0x2440S0x2d9eS0x1386S0x3ff	[0x403, [0x139e, [0x2daa, [0x2440, nil]]]]
0x1efeS0x2dabS0x1386S0x3ff	[0x403, [0x139e, [0x2db3, [0x1efe, nil]]]]
0x2d92S0x2dc9S0x1386S0x3ff	[0x403, [0x139e, [0x2dd2, [0x2d92, nil]]]]
0x2d87S0x2dc9S0x1386S0x3ff	[0x403, [0x139e, [0x2dd2, [0x2d87, nil]]]]
0x1eeeS0x2dd3S0x1386S0x3ff	[0x403, [0x139e, [0x2de2, [0x1eee, nil]]]]
0x1ee9S0x2dd3S0x1386S0x3ff	[0x403, [0x139e, [0x2de2, [0x1ee9, nil]]]]
0x1ed1S0x2dd3S0x1386S0x3ff	[0x403, [0x139e, [0x2de2, [0x1ed1, nil]]]]
0x1ee3S0x2dd3S0x1386S0x3ff	[0x403, [0x139e, [0x2de2, [0x1ee3, nil]]]]
0x1ed9S0x2dd3S0x1386S0x3ff	[0x403, [0x139e, [0x2de2, [0x1ed9, nil]]]]
0x1efeS0x2de3S0x1386S0x3ff	[0x403, [0x139e, [0x2deb, [0x1efe, nil]]]]
0x2d92S0x2d93S0x1386S0x3ff	[0x403, [0x139e, [0x2d9d, [0x2d92, nil]]]]
0x2d87S0x2d93S0x1386S0x3ff	[0x403, [0x139e, [0x2d9d, [0x2d87, nil]]]]
0x1eb6S0x2dbfS0x1386S0x3ff	[0x403, [0x139e, [0x2dc8, [0x1eb6, nil]]]]
0x2100S0x2df7S0x1386S0x3ff	[0x403, [0x139e, [0x2e09, [0x2100, nil]]]]
0x20fdS0x2df7S0x1386S0x3ff	[0x403, [0x139e, [0x2e09, [0x20fd, nil]]]]
0x20faS0x2df7S0x1386S0x3ff	[0x403, [0x139e, [0x2e09, [0x20fa, nil]]]]
0x1c5bS0x20f2S0x2df7S0x1386S0x3ff	[0x403, [0x139e, [0x2e09, [0x20fa, [0x1c5b, nil]]]]]
0x1a10S0x2e1dS0x1386S0x3ff	[0x403, [0x139e, [0x2e2b, [0x1a10, nil]]]]
0x1a0dS0x2e1dS0x1386S0x3ff	[0x403, [0x139e, [0x2e2b, [0x1a0d, nil]]]]
0x1a0aS0x2e1dS0x1386S0x3ff	[0x403, [0x139e, [0x2e2b, [0x1a0a, nil]]]]
0x1a01S0x1a02S0x2e1dS0x1386S0x3ff	[0x403, [0x139e, [0x2e2b, [0x1a0a, [0x1a01, nil]]]]]
0x2e75S0x17a6	[0x1857, [0x2e75, nil]]
0x2e82S0x17a6	[0x1857, [0x2e82, nil]]
0x2e8fS0x17a6	[0x1857, [0x2e8f, nil]]
0x2e9cS0x17a6	[0x1857, [0x2e9c, nil]]
0x2ea9S0x17a6	[0x1857, [0x2ea9, nil]]
0x2eb3S0x17a6	[0x1857, [0x2eb3, nil]]
0x1a3bS0x2e63S0x17a6	[0x1857, [0x2e75, [0x1a3b, nil]]]
0x1a32S0x1a33S0x2e63S0x17a6	[0x1857, [0x2e75, [0x1a3b, [0x1a32, nil]]]]
0x1a3bS0x2e76S0x17a6	[0x1857, [0x2e82, [0x1a3b, nil]]]
0x1a32S0x1a33S0x2e76S0x17a6	[0x1857, [0x2e82, [0x1a3b, [0x1a32, nil]]]]
0x1a3bS0x2e83S0x17a6	[0x1857, [0x2e8f, [0x1a3b, nil]]]
0x1a32S0x1a33S0x2e83S0x17a6	[0x1857, [0x2e8f, [0x1a3b, [0x1a32, nil]]]]
0x20faS0x2e90S0x17a6	[0x1857, [0x2e9c, [0x20fa, nil]]]
0x1c5bS0x20f2S0x2e90S0x17a6	[0x1857, [0x2e9c, [0x20fa, [0x1c5b, nil]]]]
0x1a41S0x2e63S0x17a6	[0x1857, [0x2e75, [0x1a41, nil]]]
0x1a3eS0x2e63S0x17a6	[0x1857, [0x2e75, [0x1a3e, nil]]]
0x1a41S0x2e76S0x17a6	[0x1857, [0x2e82, [0x1a41, nil]]]
0x1a3eS0x2e76S0x17a6	[0x1857, [0x2e82, [0x1a3e, nil]]]
0x1a41S0x2e83S0x17a6	[0x1857, [0x2e8f, [0x1a41, nil]]]
0x1a3eS0x2e83S0x17a6	[0x1857, [0x2e8f, [0x1a3e, nil]]]
0x2100S0x2e90S0x17a6	[0x1857, [0x2e9c, [0x2100, nil]]]
0x20fdS0x2e90S0x17a6	[0x1857, [0x2e9c, [0x20fd, nil]]]
0x25a4S0x2e9dS0x17a6	[0x1857, [0x2ea9, [0x25a4, nil]]]
0x25a1S0x2e9dS0x17a6	[0x1857, [0x2ea9, [0x25a1, nil]]]
0x259eS0x2e9dS0x17a6	[0x1857, [0x2ea9, [0x259e, nil]]]
0x1adfS0x2596S0x2e9dS0x17a6	[0x1857, [0x2ea9, [0x259e, [0x1adf, nil]]]]
0x1ad8S0x2596S0x2e9dS0x17a6	[0x1857, [0x2ea9, [0x259e, [0x1ad8, nil]]]]
0x1aceS0x1acfS0x2596S0x2e9dS0x17a6	[0x1857, [0x2ea9, [0x259e, [0x1ad8, [0x1ace, nil]]]]]
0x258cS0x6fa	[0x722, [0x258c, nil]]
0x2582S0x6fa	[0x722, [0x2582, nil]]
0x2595S0x6fa	[0x722, [0x2595, nil]]
0x251cS0x2574S0x6fa	[0x722, [0x258c, [0x251c, nil]]]
0x2436S0x2574S0x6fa	[0x722, [0x258c, [0x2436, nil]]]
0x2573S0x2574S0x6fa	[0x722, [0x258c, [0x2573, nil]]]
0x2541S0x2574S0x6fa	[0x722, [0x258c, [0x2541, nil]]]
0x254cS0x2574S0x6fa	[0x722, [0x258c, [0x254c, nil]]]
0x2561S0x2574S0x6fa	[0x722, [0x258c, [0x2561, nil]]]
0x24ffS0x2574S0x6fa	[0x722, [0x258c, [0x24ff, nil]]]
0x2528S0x2574S0x6fa	[0x722, [0x258c, [0x2528, nil]]]
0x250aS0x2574S0x6fa	[0x722, [0x258c, [0x250a, nil]]]
0x2536S0x2574S0x6fa	[0x722, [0x258c, [0x2536, nil]]]
0x252dS0x2574S0x6fa	[0x722, [0x258c, [0x252d, nil]]]
0x1e9dS0x2500S0x2574S0x6fa	[0x722, [0x258c, [0x250a, [0x1e9d, nil]]]]
0x1e92S0x2500S0x2574S0x6fa	[0x722, [0x258c, [0x250a, [0x1e92, nil]]]]
0x24acS0x2529S0x2574S0x6fa	[0x722, [0x258c, [0x2536, [0x24ac, nil]]]]
0x24d4S0x2529S0x2574S0x6fa	[0x722, [0x258c, [0x2536, [0x24d4, nil]]]]
0x24eaS0x2529S0x2574S0x6fa	[0x722, [0x258c, [0x2536, [0x24ea, nil]]]]
0x24cdS0x2529S0x2574S0x6fa	[0x722, [0x258c, [0x2536, [0x24cd, nil]]]]
0x2491S0x2529S0x2574S0x6fa	[0x722, [0x258c, [0x2536, [0x2491, nil]]]]
0x24e3S0x2529S0x2574S0x6fa	[0x722, [0x258c, [0x2536, [0x24e3, nil]]]]
0x2489S0x2529S0x2574S0x6fa	[0x722, [0x258c, [0x2536, [0x2489, nil]]]]
0x248dS0x2529S0x2574S0x6fa	[0x722, [0x258c, [0x2536, [0x248d, nil]]]]
0x24a5S0x2529S0x2574S0x6fa	[0x722, [0x258c, [0x2536, [0x24a5, nil]]]]
0x24f3S0x2529S0x2574S0x6fa	[0x722, [0x258c, [0x2536, [0x24f3, nil]]]]
0x245cS0x2537S0x2574S0x6fa	[0x722, [0x258c, [0x2541, [0x245c, nil]]]]
0x2465S0x2537S0x2574S0x6fa	[0x722, [0x258c, [0x2541, [0x2465, nil]]]]
0x2470S0x2537S0x2574S0x6fa	[0x722, [0x258c, [0x2541, [0x2470, nil]]]]
0x2485S0x2537S0x2574S0x6fa	[0x722, [0x258c, [0x2541, [0x2485, nil]]]]
0x244fS0x2537S0x2574S0x6fa	[0x722, [0x258c, [0x2541, [0x244f, nil]]]]
0x247cS0x2537S0x2574S0x6fa	[0x722, [0x258c, [0x2541, [0x247c, nil]]]]
0x2444S0x2450S0x2537S0x2574S0x6fa	[0x722, [0x258c, [0x2541, [0x245c, [0x2444, nil]]]]]
0x243bS0x2450S0x2537S0x2574S0x6fa	[0x722, [0x258c, [0x2541, [0x245c, [0x243b, nil]]]]]
0x2440S0x2450S0x2537S0x2574S0x6fa	[0x722, [0x258c, [0x2541, [0x245c, [0x2440, nil]]]]]
0x1efeS0x245dS0x2537S0x2574S0x6fa	[0x722, [0x258c, [0x2541, [0x2465, [0x1efe, nil]]]]]
0x1ec6S0x2445S0x2537S0x2574S0x6fa	[0x722, [0x258c, [0x2541, [0x244f, [0x1ec6, nil]]]]]
0x1ebbS0x2445S0x2537S0x2574S0x6fa	[0x722, [0x258c, [0x2541, [0x244f, [0x1ebb, nil]]]]]
0x25b7S0x723	[0x74f, [0x25b7, nil]]
0x25c4S0x723	[0x74f, [0x25c4, nil]]
0x25d1S0x723	[0x74f, [0x25d1, nil]]
0x25deS0x723	[0x74f, [0x25de, nil]]
0x25ebS0x723	[0x74f, [0x25eb, nil]]
0x25f8S0x723	[0x74f, [0x25f8, nil]]
0x2603S0x723	[0x74f, [0x2603, nil]]
0x1a3bS0x25a5S0x723	[0x74f, [0x25b7, [0x1a3b, nil]]]
0x1a32S0x1a33S0x25a5S0x723	[0x74f, [0x25b7, [0x1a3b, [0x1a32, nil]]]]
0x1a3bS0x25b8S0x723	[0x74f, [0x25c4, [0x1a3b, nil]]]
0x1a32S0x1a33S0x25b8S0x723	[0x74f, [0x25c4, [0x1a3b, [0x1a32, nil]]]]
0x1a3bS0x25c5S0x723	[0x74f, [0x25d1, [0x1a3b, nil]]]
0x1a32S0x1a33S0x25c5S0x723	[0x74f, [0x25d1, [0x1a3b, [0x1a32, nil]]]]
0x1a3bS0x25d2S0x723	[0x74f, [0x25de, [0x1a3b, nil]]]
0x1a32S0x1a33S0x25d2S0x723	[0x74f, [0x25de, [0x1a3b, [0x1a32, nil]]]]
0x20faS0x25ecS0x723	[0x74f, [0x25f8, [0x20fa, nil]]]
0x1c5bS0x20f2S0x25ecS0x723	[0x74f, [0x25f8, [0x20fa, [0x1c5b, nil]]]]
0x1a41S0x25a5S0x723	[0x74f, [0x25b7, [0x1a41, nil]]]
0x1a3eS0x25a5S0x723	[0x74f, [0x25b7, [0x1a3e, nil]]]
0x1a41S0x25b8S0x723	[0x74f, [0x25c4, [0x1a41, nil]]]
0x1a3eS0x25b8S0x723	[0x74f, [0x25c4, [0x1a3e, nil]]]
0x1a41S0x25c5S0x723	[0x74f, [0x25d1, [0x1a41, nil]]]
0x1a3eS0x25c5S0x723	[0x74f, [0x25d1, [0x1a3e, nil]]]
0x1a41S0x25d2S0x723	[0x74f, [0x25de, [0x1a41, nil]]]
0x1a3eS0x25d2S0x723	[0x74f, [0x25de, [0x1a3e, nil]]]
0x2100S0x25ecS0x723	[0x74f, [0x25f8, [0x2100, nil]]]
0x20fdS0x25ecS0x723	[0x74f, [0x25f8, [0x20fd, nil]]]
0x25a4S0x25dfS0x723	[0x74f, [0x25eb, [0x25a4, nil]]]
0x25a1S0x25dfS0x723	[0x74f, [0x25eb, [0x25a1, nil]]]
0x259eS0x25dfS0x723	[0x74f, [0x25eb, [0x259e, nil]]]
0x1adfS0x2596S0x25dfS0x723	[0x74f, [0x25eb, [0x259e, [0x1adf, nil]]]]
0x1ad8S0x2596S0x25dfS0x723	[0x74f, [0x25eb, [0x259e, [0x1ad8, nil]]]]
0x1aceS0x1acfS0x2596S0x25dfS0x723	[0x74f, [0x25eb, [0x259e, [0x1ad8, [0x1ace, nil]]]]]
0xf16S0x917	[0x92c, [0xf16, nil]]
0xf0bS0x917	[0x92c, [0xf0b, nil]]
0xf5eS0x917	[0x92c, [0xf5e, nil]]
0xf53S0x917	[0x92c, [0xf53, nil]]
0xfa5S0x917	[0x92c, [0xfa5, nil]]
0xf9aS0x917	[0x92c, [0xf9a, nil]]
0xfcaS0x917	[0x92c, [0xfca, nil]]
0x1018S0x917	[0x92c, [0x1018, nil]]
0x107eS0x917	[0x92c, [0x107e, nil]]
0x1085S0x917	[0x92c, [0x1085, nil]]
0x10e8S0x917	[0x92c, [0x10e8, nil]]
0x10ddS0x917	[0x92c, [0x10dd, nil]]
0x111aS0x917	[0x92c, [0x111a, nil]]
0x117dS0x917	[0x92c, [0x117d, nil]]
0x1172S0x917	[0x92c, [0x1172, nil]]
0x1199S0x917	[0x92c, [0x1199, nil]]
0x11b8S0x917	[0x92c, [0x11b8, nil]]
0x11f6S0x917	[0x92c, [0x11f6, nil]]
0x1215S0x917	[0x92c, [0x1215, nil]]
0x1271S0x917	[0x92c, [0x1271, nil]]
0x1263S0x917	[0x92c, [0x1263, nil]]
0x1266S0x917	[0x92c, [0x1266, nil]]
0x126dS0x917	[0x92c, [0x126d, nil]]
0x1289S0x917	[0x92c, [0x1289, nil]]
0x12a3S0x917	[0x92c, [0x12a3, nil]]
0x12caS0x917	[0x92c, [0x12ca, nil]]
0x132aS0x917	[0x92c, [0x132a, nil]]
0x1344S0x917	[0x92c, [0x1344, nil]]
0x1369S0x917	[0x92c, [0x1369, nil]]
0x1384S0x917	[0x92c, [0x1384, nil]]
0x13beS0x917	[0x92c, [0x13be, nil]]
0x1419S0x917	[0x92c, [0x1419, nil]]
0xecfS0x917	[0x92c, [0xecf, nil]]
0xed7S0x917	[0x92c, [0xed7, nil]]
0xee5S0x917	[0x92c, [0xee5, nil]]
0xf2dS0x917	[0x92c, [0xf2d, nil]]
0xf1fS0x917	[0x92c, [0xf1f, nil]]
0xf74S0x917	[0x92c, [0xf74, nil]]
0xf67S0x917	[0x92c, [0xf67, nil]]
0xfc3S0x917	[0x92c, [0xfc3, nil]]
0xfaeS0x917	[0x92c, [0xfae, nil]]
0xfe5S0x917	[0x92c, [0xfe5, nil]]
0xfd3S0x917	[0x92c, [0xfd3, nil]]
0xfdfS0x917	[0x92c, [0xfdf, nil]]
0x5f1bS0x917	[0x92c, [0x2bd1, nil]]
0x5f12S0x917	[0x92c, [0x2bc8, nil]]
0x5f17S0x917	[0x92c, [0x2bcd, nil]]
0x1011S0x917	[0x92c, [0x1011, nil]]
0x1033S0x917	[0x92c, [0x1033, nil]]
0x1021S0x917	[0x92c, [0x1021, nil]]
0x102dS0x917	[0x92c, [0x102d, nil]]
0x5f67S0x917	[0x92c, [0x2bd1, nil]]
0x5f5eS0x917	[0x92c, [0x2bc8, nil]]
0x5f63S0x917	[0x92c, [0x2bcd, nil]]
0x104aS0x917	[0x92c, [0x104a, nil]]
0x103cS0x917	[0x92c, [0x103c, nil]]
0x143cS0x917	[0x92c, [0x143c, nil]]
0x5fb3S0x917	[0x92c, [0x2bfe, nil]]
0x5faaS0x917	[0x92c, [0x2bf5, nil]]
0x5fafS0x917	[0x92c, [0x2bfa, nil]]
0x10b7S0x917	[0x92c, [0x10b7, nil]]
0x1113S0x917	[0x92c, [0x1113, nil]]
0x10f1S0x917	[0x92c, [0x10f1, nil]]
0x5fffS0x917	[0x92c, [0x2bfe, nil]]
0x5ff6S0x917	[0x92c, [0x2bf5, nil]]
0x5ffbS0x917	[0x92c, [0x2bfa, nil]]
0x114cS0x917	[0x92c, [0x114c, nil]]
0x1192S0x917	[0x92c, [0x1192, nil]]
0x1186S0x917	[0x92c, [0x1186, nil]]
0x11a7S0x917	[0x92c, [0x11a7, nil]]
0x604bS0x917	[0x92c, [0x2bfe, nil]]
0x6042S0x917	[0x92c, [0x2bf5, nil]]
0x6047S0x917	[0x92c, [0x2bfa, nil]]
0x13b7S0x917	[0x92c, [0x13b7, nil]]
0x6097S0x917	[0x92c, [0x2bfe, nil]]
0x608eS0x917	[0x92c, [0x2bf5, nil]]
0x6093S0x917	[0x92c, [0x2bfa, nil]]
0x11efS0x917	[0x92c, [0x11ef, nil]]
0x120eS0x917	[0x92c, [0x120e, nil]]
0x60e3S0x917	[0x92c, [0x2bfe, nil]]
0x60daS0x917	[0x92c, [0x2bf5, nil]]
0x60dfS0x917	[0x92c, [0x2bfa, nil]]
0x1228S0x917	[0x92c, [0x1228, nil]]
0x612fS0x917	[0x92c, [0x2bfe, nil]]
0x6126S0x917	[0x92c, [0x2bf5, nil]]
0x612bS0x917	[0x92c, [0x2bfa, nil]]
0x1236S0x917	[0x92c, [0x1236, nil]]
0x1251S0x917	[0x92c, [0x1251, nil]]
0x1282S0x917	[0x92c, [0x1282, nil]]
0x129cS0x917	[0x92c, [0x129c, nil]]
0x617bS0x917	[0x92c, [0x2bfe, nil]]
0x6172S0x917	[0x92c, [0x2bf5, nil]]
0x6177S0x917	[0x92c, [0x2bfa, nil]]
0x12c3S0x917	[0x92c, [0x12c3, nil]]
0x12afS0x917	[0x92c, [0x12af, nil]]
0x12b6S0x917	[0x92c, [0x12b6, nil]]
0x61c7S0x917	[0x92c, [0x2bfe, nil]]
0x61beS0x917	[0x92c, [0x2bf5, nil]]
0x61c3S0x917	[0x92c, [0x2bfa, nil]]
0x6213S0x917	[0x92c, [0x2bfe, nil]]
0x620aS0x917	[0x92c, [0x2bf5, nil]]
0x620fS0x917	[0x92c, [0x2bfa, nil]]
0x1323S0x917	[0x92c, [0x1323, nil]]
0x133dS0x917	[0x92c, [0x133d, nil]]
0x625fS0x917	[0x92c, [0x2bfe, nil]]
0x6256S0x917	[0x92c, [0x2bf5, nil]]
0x625bS0x917	[0x92c, [0x2bfa, nil]]
0x1357S0x917	[0x92c, [0x1357, nil]]
0x62abS0x917	[0x92c, [0x2bfe, nil]]
0x62a2S0x917	[0x92c, [0x2bf5, nil]]
0x62a7S0x917	[0x92c, [0x2bfa, nil]]
0x1362S0x917	[0x92c, [0x1362, nil]]
0x137dS0x917	[0x92c, [0x137d, nil]]
0x62f7S0x917	[0x92c, [0x2bfe, nil]]
0x62eeS0x917	[0x92c, [0x2bf5, nil]]
0x62f3S0x917	[0x92c, [0x2bfa, nil]]
0x139eS0x917	[0x92c, [0x139e, nil]]
0x6343S0x917	[0x92c, [0x2bfe, nil]]
0x633aS0x917	[0x92c, [0x2bf5, nil]]
0x633fS0x917	[0x92c, [0x2bfa, nil]]
0x13abS0x917	[0x92c, [0x13ab, nil]]
0x13a7S0x917	[0x92c, [0x13a7, nil]]
0x1433S0x917	[0x92c, [0x1433, nil]]
0x1412S0x917	[0x92c, [0x1412, nil]]
0x13d0S0x917	[0x92c, [0x13d0, nil]]
0x13dcS0x917	[0x92c, [0x13dc, nil]]
0x13e1S0x917	[0x92c, [0x13e1, nil]]
0x1407S0x917	[0x92c, [0x1407, nil]]
0x638fS0x917	[0x92c, [0x2bfe, nil]]
0x6386S0x917	[0x92c, [0x2bf5, nil]]
0x638bS0x917	[0x92c, [0x2bfa, nil]]
0x1425S0x917	[0x92c, [0x1425, nil]]
0x63dbS0x917	[0x92c, [0x2bfe, nil]]
0x63d2S0x917	[0x92c, [0x2bf5, nil]]
0x63d7S0x917	[0x92c, [0x2bfa, nil]]
0x105dS0x917	[0x92c, [0x105d, nil]]
0x1447S0x917	[0x92c, [0x1447, nil]]
0xff1S0x917	[0x92c, [0xff1, nil]]
0x11b1S0x917	[0x92c, [0x11b1, nil]]
0x187cS0x1434S0x917	[0x92c, [0x143c, [0x187c, nil]]]
0x187aS0x1434S0x917	[0x92c, [0x143c, [0x187a, nil]]]
0x2cf5S0x1217S0x917	[0x92c, [0x1228, [0x2cf5, nil]]]
0x2d17S0x1217S0x917	[0x92c, [0x1228, [0x2d17, nil]]]
0x2d33S0x1217S0x917	[0x92c, [0x1228, [0x2d33, nil]]]
0x2ceeS0x1217S0x917	[0x92c, [0x1228, [0x2cee, nil]]]
0x2d10S0x1217S0x917	[0x92c, [0x1228, [0x2d10, nil]]]
0x2cd2S0x1217S0x917	[0x92c, [0x1228, [0x2cd2, nil]]]
0x2d2cS0x1217S0x917	[0x92c, [0x1228, [0x2d2c, nil]]]
0x2cd6S0x1217S0x917	[0x92c, [0x1228, [0x2cd6, nil]]]
0x2cdaS0x1217S0x917	[0x92c, [0x1228, [0x2cda, nil]]]
0x2cf5S0x1346S0x917	[0x92c, [0x1357, [0x2cf5, nil]]]
0x2d17S0x1346S0x917	[0x92c, [0x1357, [0x2d17, nil]]]
0x2d33S0x1346S0x917	[0x92c, [0x1357, [0x2d33, nil]]]
0x2ceeS0x1346S0x917	[0x92c, [0x1357, [0x2cee, nil]]]
0x2d10S0x1346S0x917	[0x92c, [0x1357, [0x2d10, nil]]]
0x2cd2S0x1346S0x917	[0x92c, [0x1357, [0x2cd2, nil]]]
0x2d2cS0x1346S0x917	[0x92c, [0x1357, [0x2d2c, nil]]]
0x2cd6S0x1346S0x917	[0x92c, [0x1357, [0x2cd6, nil]]]
0x2cdaS0x1346S0x917	[0x92c, [0x1357, [0x2cda, nil]]]
0x2aa7S0xee6S0x917	[0x92c, [0xf16, [0x2aa7, nil]]]
0x2a9fS0xee6S0x917	[0x92c, [0xf16, [0x2a9f, nil]]]
0x2a85S0xee6S0x917	[0x92c, [0xf16, [0x2a85, nil]]]
0x2a90S0xee6S0x917	[0x92c, [0xf16, [0x2a90, nil]]]
0x2a6eS0xee6S0x917	[0x92c, [0xf16, [0x2a6e, nil]]]
0x2a46S0xee6S0x917	[0x92c, [0xf16, [0x2a46, nil]]]
0x2a6cS0xee6S0x917	[0x92c, [0xf16, [0x2a6c, nil]]]
0x2a7aS0xee6S0x917	[0x92c, [0xf16, [0x2a7a, nil]]]
0x21d9S0x2a6fS0xee6S0x917	[0x92c, [0xf16, [0x2a7a, [0x21d9, nil]]]]
0x21ceS0x2a6fS0xee6S0x917	[0x92c, [0xf16, [0x2a7a, [0x21ce, nil]]]]
0x2b35S0xf2eS0x917	[0x92c, [0xf5e, [0x2b35, nil]]]
0x2b2dS0xf2eS0x917	[0x92c, [0xf5e, [0x2b2d, nil]]]
0x2b13S0xf2eS0x917	[0x92c, [0xf5e, [0x2b13, nil]]]
0x2b1eS0xf2eS0x917	[0x92c, [0xf5e, [0x2b1e, nil]]]
0x2afcS0xf2eS0x917	[0x92c, [0xf5e, [0x2afc, nil]]]
0x2ad4S0xf2eS0x917	[0x92c, [0xf5e, [0x2ad4, nil]]]
0x2afaS0xf2eS0x917	[0x92c, [0xf5e, [0x2afa, nil]]]
0x2b08S0xf2eS0x917	[0x92c, [0xf5e, [0x2b08, nil]]]
0x21d9S0x2afdS0xf2eS0x917	[0x92c, [0xf5e, [0x2b08, [0x21d9, nil]]]]
0x21ceS0x2afdS0xf2eS0x917	[0x92c, [0xf5e, [0x2b08, [0x21ce, nil]]]]
0x2b9dS0xf75S0x917	[0x92c, [0xfa5, [0x2b9d, nil]]]
0x2b95S0xf75S0x917	[0x92c, [0xfa5, [0x2b95, nil]]]
0x2b7bS0xf75S0x917	[0x92c, [0xfa5, [0x2b7b, nil]]]
0x2b86S0xf75S0x917	[0x92c, [0xfa5, [0x2b86, nil]]]
0x2b64S0xf75S0x917	[0x92c, [0xfa5, [0x2b64, nil]]]
0x2b62S0xf75S0x917	[0x92c, [0xfa5, [0x2b62, nil]]]
0x2b70S0xf75S0x917	[0x92c, [0xfa5, [0x2b70, nil]]]
0x21d9S0x2b65S0xf75S0x917	[0x92c, [0xfa5, [0x2b70, [0x21d9, nil]]]]
0x21ceS0x2b65S0xf75S0x917	[0x92c, [0xfa5, [0x2b70, [0x21ce, nil]]]]
0x2c5fS0x10b8S0x917	[0x92c, [0x10e8, [0x2c5f, nil]]]
0x2c57S0x10b8S0x917	[0x92c, [0x10e8, [0x2c57, nil]]]
0x2c3dS0x10b8S0x917	[0x92c, [0x10e8, [0x2c3d, nil]]]
0x2c48S0x10b8S0x917	[0x92c, [0x10e8, [0x2c48, nil]]]
0x2c26S0x10b8S0x917	[0x92c, [0x10e8, [0x2c26, nil]]]
0x2c24S0x10b8S0x917	[0x92c, [0x10e8, [0x2c24, nil]]]
0x2c32S0x10b8S0x917	[0x92c, [0x10e8, [0x2c32, nil]]]
0x21d9S0x2c27S0x10b8S0x917	[0x92c, [0x10e8, [0x2c32, [0x21d9, nil]]]]
0x21ceS0x2c27S0x10b8S0x917	[0x92c, [0x10e8, [0x2c32, [0x21ce, nil]]]]
0x2cc7S0x114dS0x917	[0x92c, [0x117d, [0x2cc7, nil]]]
0x2cbfS0x114dS0x917	[0x92c, [0x117d, [0x2cbf, nil]]]
0x2ca5S0x114dS0x917	[0x92c, [0x117d, [0x2ca5, nil]]]
0x2cb0S0x114dS0x917	[0x92c, [0x117d, [0x2cb0, nil]]]
0x2c8eS0x114dS0x917	[0x92c, [0x117d, [0x2c8e, nil]]]
0x2c8cS0x114dS0x917	[0x92c, [0x117d, [0x2c8c, nil]]]
0x2c9aS0x114dS0x917	[0x92c, [0x117d, [0x2c9a, nil]]]
0x21d9S0x2c8fS0x114dS0x917	[0x92c, [0x117d, [0x2c9a, [0x21d9, nil]]]]
0x21ceS0x2c8fS0x114dS0x917	[0x92c, [0x117d, [0x2c9a, [0x21ce, nil]]]]
0x175fS0xec5S0x917	[0x92c, [0xecf, [0x175f, nil]]]
0x1754S0xec5S0x917	[0x92c, [0xecf, [0x1754, nil]]]
0x1728S0xec5S0x917	[0x92c, [0xecf, [0x1728, nil]]]
0x172eS0xec5S0x917	[0x92c, [0xecf, [0x172e, nil]]]
0xabbS0x1721S0xec5S0x917	[0x92c, [0xecf, [0x1728, [0xabb, nil]]]]
0x2d76S0x1229S0x917	[0x92c, [0x1236, [0x2d76, nil]]]
0x2d5eS0x1229S0x917	[0x92c, [0x1236, [0x2d5e, nil]]]
0x2d46S0x1229S0x917	[0x92c, [0x1236, [0x2d46, nil]]]
0x2d6aS0x1229S0x917	[0x92c, [0x1236, [0x2d6a, nil]]]
0x2d51S0x1229S0x917	[0x92c, [0x1236, [0x2d51, nil]]]
0x2444S0x2d52S0x1229S0x917	[0x92c, [0x1236, [0x2d5e, [0x2444, nil]]]]
0x243bS0x2d52S0x1229S0x917	[0x92c, [0x1236, [0x2d5e, [0x243b, nil]]]]
0x2440S0x2d52S0x1229S0x917	[0x92c, [0x1236, [0x2d5e, [0x2440, nil]]]]
0x2d3cS0x1217S0x917	[0x92c, [0x1228, [0x2d3c, nil]]]
0x2d3cS0x1346S0x917	[0x92c, [0x1357, [0x2d3c, nil]]]
0x2aaeS0xee6S0x917	[0x92c, [0xf16, [0x2aae, nil]]]
0x2b3cS0xf2eS0x917	[0x92c, [0xf5e, [0x2b3c, nil]]]
0x2ba4S0xf75S0x917	[0x92c, [0xfa5, [0x2ba4, nil]]]
0x2c66S0x10b8S0x917	[0x92c, [0x10e8, [0x2c66, nil]]]
0x2cceS0x114dS0x917	[0x92c, [0x117d, [0x2cce, nil]]]
0x1761S0xec5S0x917	[0x92c, [0xecf, [0x1761, nil]]]
0x2d82S0x1229S0x917	[0x92c, [0x1236, [0x2d82, nil]]]
0x2e09S0x1386S0x917	[0x92c, [0x139e, [0x2e09, nil]]]
0x2daaS0x1386S0x917	[0x92c, [0x139e, [0x2daa, nil]]]
0x2db3S0x1386S0x917	[0x92c, [0x139e, [0x2db3, nil]]]
0x2dbeS0x1386S0x917	[0x92c, [0x139e, [0x2dbe, nil]]]
0x2dd2S0x1386S0x917	[0x92c, [0x139e, [0x2dd2, nil]]]
0x2de2S0x1386S0x917	[0x92c, [0x139e, [0x2de2, nil]]]
0x2debS0x1386S0x917	[0x92c, [0x139e, [0x2deb, nil]]]
0x2df6S0x1386S0x917	[0x92c, [0x139e, [0x2df6, nil]]]
0x2e1cS0x1386S0x917	[0x92c, [0x139e, [0x2e1c, nil]]]
0x2e12S0x1386S0x917	[0x92c, [0x139e, [0x2e12, nil]]]
0x2e2bS0x1386S0x917	[0x92c, [0x139e, [0x2e2b, nil]]]
0x2d9dS0x1386S0x917	[0x92c, [0x139e, [0x2d9d, nil]]]
0x2e3dS0x1386S0x917	[0x92c, [0x139e, [0x2e3d, nil]]]
0x2e34S0x1386S0x917	[0x92c, [0x139e, [0x2e34, nil]]]
0x2e49S0x1386S0x917	[0x92c, [0x139e, [0x2e49, nil]]]
0x2dc8S0x1386S0x917	[0x92c, [0x139e, [0x2dc8, nil]]]
0x2444S0x2d9eS0x1386S0x917	[0x92c, [0x139e, [0x2daa, [0x2444, nil]]]]
0x243bS0x2d9eS0x1386S0x917	[0x92c, [0x139e, [0x2daa, [0x243b, nil]]]]
0x2440S0x2d9eS0x1386S0x917	[0x92c, [0x139e, [0x2daa, [0x2440, nil]]]]
0x1efeS0x2dabS0x1386S0x917	[0x92c, [0x139e, [0x2db3, [0x1efe, nil]]]]
0x2d92S0x2dc9S0x1386S0x917	[0x92c, [0x139e, [0x2dd2, [0x2d92, nil]]]]
0x2d87S0x2dc9S0x1386S0x917	[0x92c, [0x139e, [0x2dd2, [0x2d87, nil]]]]
0x1eeeS0x2dd3S0x1386S0x917	[0x92c, [0x139e, [0x2de2, [0x1eee, nil]]]]
0x1ee9S0x2dd3S0x1386S0x917	[0x92c, [0x139e, [0x2de2, [0x1ee9, nil]]]]
0x1ed1S0x2dd3S0x1386S0x917	[0x92c, [0x139e, [0x2de2, [0x1ed1, nil]]]]
0x1ee3S0x2dd3S0x1386S0x917	[0x92c, [0x139e, [0x2de2, [0x1ee3, nil]]]]
0x1ed9S0x2dd3S0x1386S0x917	[0x92c, [0x139e, [0x2de2, [0x1ed9, nil]]]]
0x1efeS0x2de3S0x1386S0x917	[0x92c, [0x139e, [0x2deb, [0x1efe, nil]]]]
0x2d92S0x2d93S0x1386S0x917	[0x92c, [0x139e, [0x2d9d, [0x2d92, nil]]]]
0x2d87S0x2d93S0x1386S0x917	[0x92c, [0x139e, [0x2d9d, [0x2d87, nil]]]]
0x1eb6S0x2dbfS0x1386S0x917	[0x92c, [0x139e, [0x2dc8, [0x1eb6, nil]]]]
0x2100S0x2df7S0x1386S0x917	[0x92c, [0x139e, [0x2e09, [0x2100, nil]]]]
0x20fdS0x2df7S0x1386S0x917	[0x92c, [0x139e, [0x2e09, [0x20fd, nil]]]]
0x20faS0x2df7S0x1386S0x917	[0x92c, [0x139e, [0x2e09, [0x20fa, nil]]]]
0x1c5bS0x20f2S0x2df7S0x1386S0x917	[0x92c, [0x139e, [0x2e09, [0x20fa, [0x1c5b, nil]]]]]
0x1a10S0x2e1dS0x1386S0x917	[0x92c, [0x139e, [0x2e2b, [0x1a10, nil]]]]
0x1a0dS0x2e1dS0x1386S0x917	[0x92c, [0x139e, [0x2e2b, [0x1a0d, nil]]]]
0x1a0aS0x2e1dS0x1386S0x917	[0x92c, [0x139e, [0x2e2b, [0x1a0a, nil]]]]
0x1a01S0x1a02S0x2e1dS0x1386S0x917	[0x92c, [0x139e, [0x2e2b, [0x1a0a, [0x1a01, nil]]]]]
0x291aS0xb5c	[0xb98, [0x291a, nil]]
0x2927S0xb5c	[0xb98, [0x2927, nil]]
0x2934S0xb5c	[0xb98, [0x2934, nil]]
0x293cS0xb5c	[0xb98, [0x293c, nil]]
0x20faS0x2928S0xb5c	[0xb98, [0x2934, [0x20fa, nil]]]
0x1c5bS0x20f2S0x2928S0xb5c	[0xb98, [0x2934, [0x20fa, [0x1c5b, nil]]]]
0x2100S0x2928S0xb5c	[0xb98, [0x2934, [0x2100, nil]]]
0x20fdS0x2928S0xb5c	[0xb98, [0x2934, [0x20fd, nil]]]
0x25a4S0x2908S0xb5c	[0xb98, [0x291a, [0x25a4, nil]]]
0x25a1S0x2908S0xb5c	[0xb98, [0x291a, [0x25a1, nil]]]
0x259eS0x2908S0xb5c	[0xb98, [0x291a, [0x259e, nil]]]
0x1adfS0x2596S0x2908S0xb5c	[0xb98, [0x291a, [0x259e, [0x1adf, nil]]]]
0x1ad8S0x2596S0x2908S0xb5c	[0xb98, [0x291a, [0x259e, [0x1ad8, nil]]]]
0x1aceS0x1acfS0x2596S0x2908S0xb5c	[0xb98, [0x291a, [0x259e, [0x1ad8, [0x1ace, nil]]]]]
0x25a4S0x291bS0xb5c	[0xb98, [0x2927, [0x25a4, nil]]]
0x25a1S0x291bS0xb5c	[0xb98, [0x2927, [0x25a1, nil]]]
0x259eS0x291bS0xb5c	[0xb98, [0x2927, [0x259e, nil]]]
0x1adfS0x2596S0x291bS0xb5c	[0xb98, [0x2927, [0x259e, [0x1adf, nil]]]]
0x1ad8S0x2596S0x291bS0xb5c	[0xb98, [0x2927, [0x259e, [0x1ad8, nil]]]]
0x1aceS0x1acfS0x2596S0x291bS0xb5c	[0xb98, [0x2927, [0x259e, [0x1ad8, [0x1ace, nil]]]]]
0x294fS0xda0	[0xdda, [0x294f, nil]]
0x295cS0xda0	[0xdda, [0x295c, nil]]
0x2963S0xda0	[0xdda, [0x2963, nil]]
0x20faS0x2950S0xda0	[0xdda, [0x295c, [0x20fa, nil]]]
0x1c5bS0x20f2S0x2950S0xda0	[0xdda, [0x295c, [0x20fa, [0x1c5b, nil]]]]
0x2100S0x2950S0xda0	[0xdda, [0x295c, [0x2100, nil]]]
0x20fdS0x2950S0xda0	[0xdda, [0x295c, [0x20fd, nil]]]
0x25a4S0x293dS0xda0	[0xdda, [0x294f, [0x25a4, nil]]]
0x25a1S0x293dS0xda0	[0xdda, [0x294f, [0x25a1, nil]]]
0x259eS0x293dS0xda0	[0xdda, [0x294f, [0x259e, nil]]]
0x1adfS0x2596S0x293dS0xda0	[0xdda, [0x294f, [0x259e, [0x1adf, nil]]]]
0x1ad8S0x2596S0x293dS0xda0	[0xdda, [0x294f, [0x259e, [0x1ad8, nil]]]]
0x1aceS0x1acfS0x2596S0x293dS0xda0	[0xdda, [0x294f, [0x259e, [0x1ad8, [0x1ace, nil]]]]]
0x29a1S0xdf7	[0xe1a, [0x29a1, nil]]
0x299aS0xdf7	[0xe1a, [0x299a, nil]]
0x29afS0xdf7	[0xe1a, [0x29af, nil]]
0x6723S0xdf7	[0xe1a, [0x1972, nil]]
0x29b8S0xdf7	[0xe1a, [0x29b8, nil]]
0x298dS0x29a3S0xdf7	[0xe1a, [0x29af, [0x298d, nil]]]
0x2987S0x29a3S0xdf7	[0xe1a, [0x29af, [0x2987, nil]]]
0x2976S0x297aS0x29a3S0xdf7	[0xe1a, [0x29af, [0x2987, [0x2976, nil]]]]
0x2973S0x297aS0x29a3S0xdf7	[0xe1a, [0x29af, [0x2987, [0x2973, nil]]]]
0x2979S0x297aS0x29a3S0xdf7	[0xe1a, [0x29af, [0x2987, [0x2979, nil]]]]
0x296cS0x297aS0x29a3S0xdf7	[0xe1a, [0x29af, [0x2987, [0x296c, nil]]]]
0x1a01S0x2964S0x297aS0x29a3S0xdf7	[0xe1a, [0x29af, [0x2987, [0x296c, [0x1a01, nil]]]]]
0x2e5cS0x170a	[0x1716, [0x2e5c, nil]]
0x2e62S0x170a	[0x1716, [0x2e62, nil]]
0x25a4S0x2e4aS0x170a	[0x1716, [0x2e5c, [0x25a4, nil]]]
0x25a1S0x2e4aS0x170a	[0x1716, [0x2e5c, [0x25a1, nil]]]
0x259eS0x2e4aS0x170a	[0x1716, [0x2e5c, [0x259e, nil]]]
0x1adfS0x2596S0x2e4aS0x170a	[0x1716, [0x2e5c, [0x259e, [0x1adf, nil]]]]
0x1ad8S0x2596S0x2e4aS0x170a	[0x1716, [0x2e5c, [0x259e, [0x1ad8, nil]]]]
0x1aceS0x1acfS0x2596S0x2e4aS0x170a	[0x1716, [0x2e5c, [0x259e, [0x1ad8, [0x1ace, nil]]]]]
0x2e5cS0x18c7	[0x18d3, [0x2e5c, nil]]
0x2e62S0x18c7	[0x18d3, [0x2e62, nil]]
0x25a4S0x2e4aS0x18c7	[0x18d3, [0x2e5c, [0x25a4, nil]]]
0x25a1S0x2e4aS0x18c7	[0x18d3, [0x2e5c, [0x25a1, nil]]]
0x259eS0x2e4aS0x18c7	[0x18d3, [0x2e5c, [0x259e, nil]]]
0x1adfS0x2596S0x2e4aS0x18c7	[0x18d3, [0x2e5c, [0x259e, [0x1adf, nil]]]]
0x1ad8S0x2596S0x2e4aS0x18c7	[0x18d3, [0x2e5c, [0x259e, [0x1ad8, nil]]]]
0x1aceS0x1acfS0x2596S0x2e4aS0x18c7	[0x18d3, [0x2e5c, [0x259e, [0x1ad8, [0x1ace, nil]]]]]
0x1b1eS0x1c4	[0x1d9, [0x1b1e, nil]]
0x1b17S0x1c4	[0x1d9, [0x1b17, nil]]
0x1b2cS0x1c4	[0x1d9, [0x1b2c, nil]]
0x6444S0x1c4	[0x1d9, [0x1972, nil]]
0x1b3dS0x1c4	[0x1d9, [0x1b3d, nil]]
0x1b47S0x1c4	[0x1d9, [0x1b47, nil]]
0x1a7eS0x1b20S0x1c4	[0x1d9, [0x1b2c, [0x1a7e, nil]]]
0x1a6dS0x1a71S0x1b20S0x1c4	[0x1d9, [0x1b2c, [0x1a7e, [0x1a6d, nil]]]]
0x1a6aS0x1a71S0x1b20S0x1c4	[0x1d9, [0x1b2c, [0x1a7e, [0x1a6a, nil]]]]
0x1a63S0x1a71S0x1b20S0x1c4	[0x1d9, [0x1b2c, [0x1a7e, [0x1a63, nil]]]]
0x1a32S0x1a5bS0x1a71S0x1b20S0x1c4	[0x1d9, [0x1b2c, [0x1a7e, [0x1a63, [0x1a32, nil]]]]]
0x1a84S0x1b20S0x1c4	[0x1d9, [0x1b2c, [0x1a84, nil]]]
0x1a70S0x1a71S0x1b20S0x1c4	[0x1d9, [0x1b2c, [0x1a7e, [0x1a70, nil]]]]
0x1b09S0x1b2dS0x1c4	[0x1d9, [0x1b3d, [0x1b09, nil]]]
0x1b03S0x1b2dS0x1c4	[0x1d9, [0x1b3d, [0x1b03, nil]]]
0x1af2S0x1af6S0x1b2dS0x1c4	[0x1d9, [0x1b3d, [0x1b03, [0x1af2, nil]]]]
0x1aefS0x1af6S0x1b2dS0x1c4	[0x1d9, [0x1b3d, [0x1b03, [0x1aef, nil]]]]
0x1af5S0x1af6S0x1b2dS0x1c4	[0x1d9, [0x1b3d, [0x1b03, [0x1af5, nil]]]]
0x1ae8S0x1af6S0x1b2dS0x1c4	[0x1d9, [0x1b3d, [0x1b03, [0x1ae8, nil]]]]
0x1adfS0x1ae0S0x1af6S0x1b2dS0x1c4	[0x1d9, [0x1b3d, [0x1b03, [0x1ae8, [0x1adf, nil]]]]]
0x1ad8S0x1ae0S0x1af6S0x1b2dS0x1c4	[0x1d9, [0x1b3d, [0x1b03, [0x1ae8, [0x1ad8, nil]]]]]
0x1aceS0x1acfS0x1ae0S0x1af6S0x1b2dS0x1c4	[0x1d9, [0x1b3d, [0x1b03, [0x1ae8, [0x1ad8, [0x1ace, nil]]]]]]
0x1b1eS0x1ec	[0x201, [0x1b1e, nil]]
0x1b17S0x1ec	[0x201, [0x1b17, nil]]
0x1b2cS0x1ec	[0x201, [0x1b2c, nil]]
0x6444S0x1ec	[0x201, [0x1972, nil]]
0x1b3dS0x1ec	[0x201, [0x1b3d, nil]]
0x1b47S0x1ec	[0x201, [0x1b47, nil]]
0x1a7eS0x1b20S0x1ec	[0x201, [0x1b2c, [0x1a7e, nil]]]
0x1a6dS0x1a71S0x1b20S0x1ec	[0x201, [0x1b2c, [0x1a7e, [0x1a6d, nil]]]]
0x1a6aS0x1a71S0x1b20S0x1ec	[0x201, [0x1b2c, [0x1a7e, [0x1a6a, nil]]]]
0x1a63S0x1a71S0x1b20S0x1ec	[0x201, [0x1b2c, [0x1a7e, [0x1a63, nil]]]]
0x1a32S0x1a5bS0x1a71S0x1b20S0x1ec	[0x201, [0x1b2c, [0x1a7e, [0x1a63, [0x1a32, nil]]]]]
0x1a84S0x1b20S0x1ec	[0x201, [0x1b2c, [0x1a84, nil]]]
0x1a70S0x1a71S0x1b20S0x1ec	[0x201, [0x1b2c, [0x1a7e, [0x1a70, nil]]]]
0x1b09S0x1b2dS0x1ec	[0x201, [0x1b3d, [0x1b09, nil]]]
0x1b03S0x1b2dS0x1ec	[0x201, [0x1b3d, [0x1b03, nil]]]
0x1af2S0x1af6S0x1b2dS0x1ec	[0x201, [0x1b3d, [0x1b03, [0x1af2, nil]]]]
0x1aefS0x1af6S0x1b2dS0x1ec	[0x201, [0x1b3d, [0x1b03, [0x1aef, nil]]]]
0x1af5S0x1af6S0x1b2dS0x1ec	[0x201, [0x1b3d, [0x1b03, [0x1af5, nil]]]]
0x1ae8S0x1af6S0x1b2dS0x1ec	[0x201, [0x1b3d, [0x1b03, [0x1ae8, nil]]]]
0x1adfS0x1ae0S0x1af6S0x1b2dS0x1ec	[0x201, [0x1b3d, [0x1b03, [0x1ae8, [0x1adf, nil]]]]]
0x1ad8S0x1ae0S0x1af6S0x1b2dS0x1ec	[0x201, [0x1b3d, [0x1b03, [0x1ae8, [0x1ad8, nil]]]]]
0x1aceS0x1acfS0x1ae0S0x1af6S0x1b2dS0x1ec	[0x201, [0x1b3d, [0x1b03, [0x1ae8, [0x1ad8, [0x1ace, nil]]]]]]
0x1cdaS0x22a	[0x23f, [0x1cda, nil]]
0x1cf7S0x22a	[0x23f, [0x1cf7, nil]]
0x1d26S0x22a	[0x23f, [0x1d26, nil]]
0x1d55S0x22a	[0x23f, [0x1d55, nil]]
0x1cd3S0x22a	[0x23f, [0x1cd3, nil]]
0x1cf0S0x22a	[0x23f, [0x1cf0, nil]]
0x65a2S0x22a	[0x23f, [0x1972, nil]]
0x1d04S0x22a	[0x23f, [0x1d04, nil]]
0x65c5S0x22a	[0x23f, [0x1976, nil]]
0x1d1fS0x22a	[0x23f, [0x1d1f, nil]]
0x1d33S0x22a	[0x23f, [0x1d33, nil]]
0x65e8S0x22a	[0x23f, [0x1976, nil]]
0x1d4eS0x22a	[0x23f, [0x1d4e, nil]]
0x1d62S0x22a	[0x23f, [0x1d62, nil]]
0x660bS0x22a	[0x23f, [0x1976, nil]]
0x1d75S0x22a	[0x23f, [0x1d75, nil]]
0x1d86S0x22a	[0x23f, [0x1d86, nil]]
0x1d97S0x22a	[0x23f, [0x1d97, nil]]
0x1da8S0x22a	[0x23f, [0x1da8, nil]]
0x1db9S0x22a	[0x23f, [0x1db9, nil]]
0x1dccS0x22a	[0x23f, [0x1dcc, nil]]
0x1b67S0x1cf9S0x22a	[0x23f, [0x1d04, [0x1b67, nil]]]
0x1b84S0x1cf9S0x22a	[0x23f, [0x1d04, [0x1b84, nil]]]
0x1ba0S0x1cf9S0x22a	[0x23f, [0x1d04, [0x1ba0, nil]]]
0x1b7dS0x1cf9S0x22a	[0x23f, [0x1d04, [0x1b7d, nil]]]
0x6467S0x1cf9S0x22a	[0x23f, [0x1d04, [0x1b4b, nil]]]
0x1b99S0x1cf9S0x22a	[0x23f, [0x1d04, [0x1b99, nil]]]
0x648aS0x1cf9S0x22a	[0x23f, [0x1d04, [0x1b4f, nil]]]
0x64adS0x1cf9S0x22a	[0x23f, [0x1d04, [0x1b53, nil]]]
0x1b60S0x1cf9S0x22a	[0x23f, [0x1d04, [0x1b60, nil]]]
0x1bbcS0x1d28S0x22a	[0x23f, [0x1d33, [0x1bbc, nil]]]
0x1bd9S0x1d28S0x22a	[0x23f, [0x1d33, [0x1bd9, nil]]]
0x1bf5S0x1d28S0x22a	[0x23f, [0x1d33, [0x1bf5, nil]]]
0x1bd2S0x1d28S0x22a	[0x23f, [0x1d33, [0x1bd2, nil]]]
0x64d0S0x1d28S0x22a	[0x23f, [0x1d33, [0x1b4b, nil]]]
0x1beeS0x1d28S0x22a	[0x23f, [0x1d33, [0x1bee, nil]]]
0x64f3S0x1d28S0x22a	[0x23f, [0x1d33, [0x1b4f, nil]]]
0x6516S0x1d28S0x22a	[0x23f, [0x1d33, [0x1b53, nil]]]
0x1bb5S0x1d28S0x22a	[0x23f, [0x1d33, [0x1bb5, nil]]]
0x1c11S0x1d57S0x22a	[0x23f, [0x1d62, [0x1c11, nil]]]
0x1c2eS0x1d57S0x22a	[0x23f, [0x1d62, [0x1c2e, nil]]]
0x1c4aS0x1d57S0x22a	[0x23f, [0x1d62, [0x1c4a, nil]]]
0x1c27S0x1d57S0x22a	[0x23f, [0x1d62, [0x1c27, nil]]]
0x6539S0x1d57S0x22a	[0x23f, [0x1d62, [0x1b4b, nil]]]
0x1c43S0x1d57S0x22a	[0x23f, [0x1d62, [0x1c43, nil]]]
0x655cS0x1d57S0x22a	[0x23f, [0x1d62, [0x1b4f, nil]]]
0x657fS0x1d57S0x22a	[0x23f, [0x1d62, [0x1b53, nil]]]
0x1c0aS0x1d57S0x22a	[0x23f, [0x1d62, [0x1c0a, nil]]]
0x1c7fS0x1d76S0x22a	[0x23f, [0x1d86, [0x1c7f, nil]]]
0x1c6eS0x1c72S0x1d76S0x22a	[0x23f, [0x1d86, [0x1c7f, [0x1c6e, nil]]]]
0x1c6bS0x1c72S0x1d76S0x22a	[0x23f, [0x1d86, [0x1c7f, [0x1c6b, nil]]]]
0x1c64S0x1c72S0x1d76S0x22a	[0x23f, [0x1d86, [0x1c7f, [0x1c64, nil]]]]
0x1c5bS0x1c5cS0x1c72S0x1d76S0x22a	[0x23f, [0x1d86, [0x1c7f, [0x1c64, [0x1c5b, nil]]]]]
0x1cb5S0x1d87S0x22a	[0x23f, [0x1d97, [0x1cb5, nil]]]
0x1ca4S0x1ca8S0x1d87S0x22a	[0x23f, [0x1d97, [0x1cb5, [0x1ca4, nil]]]]
0x1ca1S0x1ca8S0x1d87S0x22a	[0x23f, [0x1d97, [0x1cb5, [0x1ca1, nil]]]]
0x1c9aS0x1ca8S0x1d87S0x22a	[0x23f, [0x1d97, [0x1cb5, [0x1c9a, nil]]]]
0x1c91S0x1c92S0x1ca8S0x1d87S0x22a	[0x23f, [0x1d97, [0x1cb5, [0x1c9a, [0x1c91, nil]]]]]
0x1a7eS0x1d98S0x22a	[0x23f, [0x1da8, [0x1a7e, nil]]]
0x1a6dS0x1a71S0x1d98S0x22a	[0x23f, [0x1da8, [0x1a7e, [0x1a6d, nil]]]]
0x1a6aS0x1a71S0x1d98S0x22a	[0x23f, [0x1da8, [0x1a7e, [0x1a6a, nil]]]]
0x1a63S0x1a71S0x1d98S0x22a	[0x23f, [0x1da8, [0x1a7e, [0x1a63, nil]]]]
0x1a32S0x1a5bS0x1a71S0x1d98S0x22a	[0x23f, [0x1da8, [0x1a7e, [0x1a63, [0x1a32, nil]]]]]
0x1a7eS0x1da9S0x22a	[0x23f, [0x1db9, [0x1a7e, nil]]]
0x1a6dS0x1a71S0x1da9S0x22a	[0x23f, [0x1db9, [0x1a7e, [0x1a6d, nil]]]]
0x1a6aS0x1a71S0x1da9S0x22a	[0x23f, [0x1db9, [0x1a7e, [0x1a6a, nil]]]]
0x1a63S0x1a71S0x1da9S0x22a	[0x23f, [0x1db9, [0x1a7e, [0x1a63, nil]]]]
0x1a32S0x1a5bS0x1a71S0x1da9S0x22a	[0x23f, [0x1db9, [0x1a7e, [0x1a63, [0x1a32, nil]]]]]
0x1ba8S0x1cf9S0x22a	[0x23f, [0x1d04, [0x1ba8, nil]]]
0x1bfdS0x1d28S0x22a	[0x23f, [0x1d33, [0x1bfd, nil]]]
0x1c52S0x1d57S0x22a	[0x23f, [0x1d62, [0x1c52, nil]]]
0x1c85S0x1d76S0x22a	[0x23f, [0x1d86, [0x1c85, nil]]]
0x1c71S0x1c72S0x1d76S0x22a	[0x23f, [0x1d86, [0x1c7f, [0x1c71, nil]]]]
0x1cbbS0x1d87S0x22a	[0x23f, [0x1d97, [0x1cbb, nil]]]
0x1ca7S0x1ca8S0x1d87S0x22a	[0x23f, [0x1d97, [0x1cb5, [0x1ca7, nil]]]]
0x1a84S0x1d98S0x22a	[0x23f, [0x1da8, [0x1a84, nil]]]
0x1a70S0x1a71S0x1d98S0x22a	[0x23f, [0x1da8, [0x1a7e, [0x1a70, nil]]]]
0x1a84S0x1da9S0x22a	[0x23f, [0x1db9, [0x1a84, nil]]]
0x1a70S0x1a71S0x1da9S0x22a	[0x23f, [0x1db9, [0x1a7e, [0x1a70, nil]]]]
0x1b09S0x1d63S0x22a	[0x23f, [0x1d75, [0x1b09, nil]]]
0x1b03S0x1d63S0x22a	[0x23f, [0x1d75, [0x1b03, nil]]]
0x1af2S0x1af6S0x1d63S0x22a	[0x23f, [0x1d75, [0x1b03, [0x1af2, nil]]]]
0x1aefS0x1af6S0x1d63S0x22a	[0x23f, [0x1d75, [0x1b03, [0x1aef, nil]]]]
0x1af5S0x1af6S0x1d63S0x22a	[0x23f, [0x1d75, [0x1b03, [0x1af5, nil]]]]
0x1ae8S0x1af6S0x1d63S0x22a	[0x23f, [0x1d75, [0x1b03, [0x1ae8, nil]]]]
0x1adfS0x1ae0S0x1af6S0x1d63S0x22a	[0x23f, [0x1d75, [0x1b03, [0x1ae8, [0x1adf, nil]]]]]
0x1ad8S0x1ae0S0x1af6S0x1d63S0x22a	[0x23f, [0x1d75, [0x1b03, [0x1ae8, [0x1ad8, nil]]]]]
0x1aceS0x1acfS0x1ae0S0x1af6S0x1d63S0x22a	[0x23f, [0x1d75, [0x1b03, [0x1ae8, [0x1ad8, [0x1ace, nil]]]]]]
0x204dS0x267	[0x27c, [0x204d, nil]]
0x2046S0x267	[0x27c, [0x2046, nil]]
0x205bS0x267	[0x27c, [0x205b, nil]]
0x662eS0x267	[0x27c, [0x1972, nil]]
0x206cS0x267	[0x27c, [0x206c, nil]]
0x2076S0x267	[0x27c, [0x2076, nil]]
0x1c7fS0x205cS0x267	[0x27c, [0x206c, [0x1c7f, nil]]]
0x1c6eS0x1c72S0x205cS0x267	[0x27c, [0x206c, [0x1c7f, [0x1c6e, nil]]]]
0x1c6bS0x1c72S0x205cS0x267	[0x27c, [0x206c, [0x1c7f, [0x1c6b, nil]]]]
0x1c64S0x1c72S0x205cS0x267	[0x27c, [0x206c, [0x1c7f, [0x1c64, nil]]]]
0x1c5bS0x1c5cS0x1c72S0x205cS0x267	[0x27c, [0x206c, [0x1c7f, [0x1c64, [0x1c5b, nil]]]]]
0x1c85S0x205cS0x267	[0x27c, [0x206c, [0x1c85, nil]]]
0x1c71S0x1c72S0x205cS0x267	[0x27c, [0x206c, [0x1c7f, [0x1c71, nil]]]]
0x2038S0x204fS0x267	[0x27c, [0x205b, [0x2038, nil]]]
0x2032S0x204fS0x267	[0x27c, [0x205b, [0x2032, nil]]]
0x2021S0x2025S0x204fS0x267	[0x27c, [0x205b, [0x2032, [0x2021, nil]]]]
0x201eS0x2025S0x204fS0x267	[0x27c, [0x205b, [0x2032, [0x201e, nil]]]]
0x2024S0x2025S0x204fS0x267	[0x27c, [0x205b, [0x2032, [0x2024, nil]]]]
0x2017S0x2025S0x204fS0x267	[0x27c, [0x205b, [0x2032, [0x2017, nil]]]]
0x200eS0x200fS0x2025S0x204fS0x267	[0x27c, [0x205b, [0x2032, [0x2017, [0x200e, nil]]]]]
0x2007S0x200fS0x2025S0x204fS0x267	[0x27c, [0x205b, [0x2032, [0x2017, [0x2007, nil]]]]]
0x1aceS0x1ffeS0x200fS0x2025S0x204fS0x267	[0x27c, [0x205b, [0x2032, [0x2017, [0x2007, [0x1ace, nil]]]]]]
0x208cS0x2b9	[0x2ce, [0x208c, nil]]
0x2085S0x2b9	[0x2ce, [0x2085, nil]]
0x209aS0x2b9	[0x2ce, [0x209a, nil]]
0x6651S0x2b9	[0x2ce, [0x1972, nil]]
0x20abS0x2b9	[0x2ce, [0x20ab, nil]]
0x20bcS0x2b9	[0x2ce, [0x20bc, nil]]
0x20c6S0x2b9	[0x2ce, [0x20c6, nil]]
0x1c7fS0x20acS0x2b9	[0x2ce, [0x20bc, [0x1c7f, nil]]]
0x1c6eS0x1c72S0x20acS0x2b9	[0x2ce, [0x20bc, [0x1c7f, [0x1c6e, nil]]]]
0x1c6bS0x1c72S0x20acS0x2b9	[0x2ce, [0x20bc, [0x1c7f, [0x1c6b, nil]]]]
0x1c64S0x1c72S0x20acS0x2b9	[0x2ce, [0x20bc, [0x1c7f, [0x1c64, nil]]]]
0x1c5bS0x1c5cS0x1c72S0x20acS0x2b9	[0x2ce, [0x20bc, [0x1c7f, [0x1c64, [0x1c5b, nil]]]]]
0x1c85S0x20acS0x2b9	[0x2ce, [0x20bc, [0x1c85, nil]]]
0x1c71S0x1c72S0x20acS0x2b9	[0x2ce, [0x20bc, [0x1c7f, [0x1c71, nil]]]]
0x1b09S0x208eS0x2b9	[0x2ce, [0x209a, [0x1b09, nil]]]
0x1b03S0x208eS0x2b9	[0x2ce, [0x209a, [0x1b03, nil]]]
0x1af2S0x1af6S0x208eS0x2b9	[0x2ce, [0x209a, [0x1b03, [0x1af2, nil]]]]
0x1aefS0x1af6S0x208eS0x2b9	[0x2ce, [0x209a, [0x1b03, [0x1aef, nil]]]]
0x1af5S0x1af6S0x208eS0x2b9	[0x2ce, [0x209a, [0x1b03, [0x1af5, nil]]]]
0x1ae8S0x1af6S0x208eS0x2b9	[0x2ce, [0x209a, [0x1b03, [0x1ae8, nil]]]]
0x1adfS0x1ae0S0x1af6S0x208eS0x2b9	[0x2ce, [0x209a, [0x1b03, [0x1ae8, [0x1adf, nil]]]]]
0x1ad8S0x1ae0S0x1af6S0x208eS0x2b9	[0x2ce, [0x209a, [0x1b03, [0x1ae8, [0x1ad8, nil]]]]]
0x1aceS0x1acfS0x1ae0S0x1af6S0x208eS0x2b9	[0x2ce, [0x209a, [0x1b03, [0x1ae8, [0x1ad8, [0x1ace, nil]]]]]]
0x1b09S0x209bS0x2b9	[0x2ce, [0x20ab, [0x1b09, nil]]]
0x1b03S0x209bS0x2b9	[0x2ce, [0x20ab, [0x1b03, nil]]]
0x1af2S0x1af6S0x209bS0x2b9	[0x2ce, [0x20ab, [0x1b03, [0x1af2, nil]]]]
0x1aefS0x1af6S0x209bS0x2b9	[0x2ce, [0x20ab, [0x1b03, [0x1aef, nil]]]]
0x1af5S0x1af6S0x209bS0x2b9	[0x2ce, [0x20ab, [0x1b03, [0x1af5, nil]]]]
0x1ae8S0x1af6S0x209bS0x2b9	[0x2ce, [0x20ab, [0x1b03, [0x1ae8, nil]]]]
0x1adfS0x1ae0S0x1af6S0x209bS0x2b9	[0x2ce, [0x20ab, [0x1b03, [0x1ae8, [0x1adf, nil]]]]]
0x1ad8S0x1ae0S0x1af6S0x209bS0x2b9	[0x2ce, [0x20ab, [0x1b03, [0x1ae8, [0x1ad8, nil]]]]]
0x1aceS0x1acfS0x1ae0S0x1af6S0x209bS0x2b9	[0x2ce, [0x20ab, [0x1b03, [0x1ae8, [0x1ad8, [0x1ace, nil]]]]]]
0x20daS0x2e1	[0x2f6, [0x20da, nil]]
0x20d3S0x2e1	[0x2f6, [0x20d3, nil]]
0x20e8S0x2e1	[0x2f6, [0x20e8, nil]]
0x6674S0x2e1	[0x2f6, [0x1972, nil]]
0x20f1S0x2e1	[0x2f6, [0x20f1, nil]]
0x1b09S0x20dcS0x2e1	[0x2f6, [0x20e8, [0x1b09, nil]]]
0x1b03S0x20dcS0x2e1	[0x2f6, [0x20e8, [0x1b03, nil]]]
0x1af2S0x1af6S0x20dcS0x2e1	[0x2f6, [0x20e8, [0x1b03, [0x1af2, nil]]]]
0x1aefS0x1af6S0x20dcS0x2e1	[0x2f6, [0x20e8, [0x1b03, [0x1aef, nil]]]]
0x1af5S0x1af6S0x20dcS0x2e1	[0x2f6, [0x20e8, [0x1b03, [0x1af5, nil]]]]
0x1ae8S0x1af6S0x20dcS0x2e1	[0x2f6, [0x20e8, [0x1b03, [0x1ae8, nil]]]]
0x1adfS0x1ae0S0x1af6S0x20dcS0x2e1	[0x2f6, [0x20e8, [0x1b03, [0x1ae8, [0x1adf, nil]]]]]
0x1ad8S0x1ae0S0x1af6S0x20dcS0x2e1	[0x2f6, [0x20e8, [0x1b03, [0x1ae8, [0x1ad8, nil]]]]]
0x1aceS0x1acfS0x1ae0S0x1af6S0x20dcS0x2e1	[0x2f6, [0x20e8, [0x1b03, [0x1ae8, [0x1ad8, [0x1ace, nil]]]]]]
0x20daS0x31d	[0x332, [0x20da, nil]]
0x20d3S0x31d	[0x332, [0x20d3, nil]]
0x20e8S0x31d	[0x332, [0x20e8, nil]]
0x6674S0x31d	[0x332, [0x1972, nil]]
0x20f1S0x31d	[0x332, [0x20f1, nil]]
0x1b09S0x20dcS0x31d	[0x332, [0x20e8, [0x1b09, nil]]]
0x1b03S0x20dcS0x31d	[0x332, [0x20e8, [0x1b03, nil]]]
0x1af2S0x1af6S0x20dcS0x31d	[0x332, [0x20e8, [0x1b03, [0x1af2, nil]]]]
0x1aefS0x1af6S0x20dcS0x31d	[0x332, [0x20e8, [0x1b03, [0x1aef, nil]]]]
0x1af5S0x1af6S0x20dcS0x31d	[0x332, [0x20e8, [0x1b03, [0x1af5, nil]]]]
0x1ae8S0x1af6S0x20dcS0x31d	[0x332, [0x20e8, [0x1b03, [0x1ae8, nil]]]]
0x1adfS0x1ae0S0x1af6S0x20dcS0x31d	[0x332, [0x20e8, [0x1b03, [0x1ae8, [0x1adf, nil]]]]]
0x1ad8S0x1ae0S0x1af6S0x20dcS0x31d	[0x332, [0x20e8, [0x1b03, [0x1ae8, [0x1ad8, nil]]]]]
0x1aceS0x1acfS0x1ae0S0x1af6S0x20dcS0x31d	[0x332, [0x20e8, [0x1b03, [0x1ae8, [0x1ad8, [0x1ace, nil]]]]]]
0x1b1eS0x35b	[0x370, [0x1b1e, nil]]
0x1b17S0x35b	[0x370, [0x1b17, nil]]
0x1b2cS0x35b	[0x370, [0x1b2c, nil]]
0x6444S0x35b	[0x370, [0x1972, nil]]
0x1b3dS0x35b	[0x370, [0x1b3d, nil]]
0x1b47S0x35b	[0x370, [0x1b47, nil]]
0x1a7eS0x1b20S0x35b	[0x370, [0x1b2c, [0x1a7e, nil]]]
0x1a6dS0x1a71S0x1b20S0x35b	[0x370, [0x1b2c, [0x1a7e, [0x1a6d, nil]]]]
0x1a6aS0x1a71S0x1b20S0x35b	[0x370, [0x1b2c, [0x1a7e, [0x1a6a, nil]]]]
0x1a63S0x1a71S0x1b20S0x35b	[0x370, [0x1b2c, [0x1a7e, [0x1a63, nil]]]]
0x1a32S0x1a5bS0x1a71S0x1b20S0x35b	[0x370, [0x1b2c, [0x1a7e, [0x1a63, [0x1a32, nil]]]]]
0x1a84S0x1b20S0x35b	[0x370, [0x1b2c, [0x1a84, nil]]]
0x1a70S0x1a71S0x1b20S0x35b	[0x370, [0x1b2c, [0x1a7e, [0x1a70, nil]]]]
0x1b09S0x1b2dS0x35b	[0x370, [0x1b3d, [0x1b09, nil]]]
0x1b03S0x1b2dS0x35b	[0x370, [0x1b3d, [0x1b03, nil]]]
0x1af2S0x1af6S0x1b2dS0x35b	[0x370, [0x1b3d, [0x1b03, [0x1af2, nil]]]]
0x1aefS0x1af6S0x1b2dS0x35b	[0x370, [0x1b3d, [0x1b03, [0x1aef, nil]]]]
0x1af5S0x1af6S0x1b2dS0x35b	[0x370, [0x1b3d, [0x1b03, [0x1af5, nil]]]]
0x1ae8S0x1af6S0x1b2dS0x35b	[0x370, [0x1b3d, [0x1b03, [0x1ae8, nil]]]]
0x1adfS0x1ae0S0x1af6S0x1b2dS0x35b	[0x370, [0x1b3d, [0x1b03, [0x1ae8, [0x1adf, nil]]]]]
0x1ad8S0x1ae0S0x1af6S0x1b2dS0x35b	[0x370, [0x1b3d, [0x1b03, [0x1ae8, [0x1ad8, nil]]]]]
0x1aceS0x1acfS0x1ae0S0x1af6S0x1b2dS0x35b	[0x370, [0x1b3d, [0x1b03, [0x1ae8, [0x1ad8, [0x1ace, nil]]]]]]
0x208cS0x3c1	[0x3d6, [0x208c, nil]]
0x2085S0x3c1	[0x3d6, [0x2085, nil]]
0x209aS0x3c1	[0x3d6, [0x209a, nil]]
0x6651S0x3c1	[0x3d6, [0x1972, nil]]
0x20abS0x3c1	[0x3d6, [0x20ab, nil]]
0x20bcS0x3c1	[0x3d6, [0x20bc, nil]]
0x20c6S0x3c1	[0x3d6, [0x20c6, nil]]
0x1c7fS0x20acS0x3c1	[0x3d6, [0x20bc, [0x1c7f, nil]]]
0x1c6eS0x1c72S0x20acS0x3c1	[0x3d6, [0x20bc, [0x1c7f, [0x1c6e, nil]]]]
0x1c6bS0x1c72S0x20acS0x3c1	[0x3d6, [0x20bc, [0x1c7f, [0x1c6b, nil]]]]
0x1c64S0x1c72S0x20acS0x3c1	[0x3d6, [0x20bc, [0x1c7f, [0x1c64, nil]]]]
0x1c5bS0x1c5cS0x1c72S0x20acS0x3c1	[0x3d6, [0x20bc, [0x1c7f, [0x1c64, [0x1c5b, nil]]]]]
0x1c85S0x20acS0x3c1	[0x3d6, [0x20bc, [0x1c85, nil]]]
0x1c71S0x1c72S0x20acS0x3c1	[0x3d6, [0x20bc, [0x1c7f, [0x1c71, nil]]]]
0x1b09S0x208eS0x3c1	[0x3d6, [0x209a, [0x1b09, nil]]]
0x1b03S0x208eS0x3c1	[0x3d6, [0x209a, [0x1b03, nil]]]
0x1af2S0x1af6S0x208eS0x3c1	[0x3d6, [0x209a, [0x1b03, [0x1af2, nil]]]]
0x1aefS0x1af6S0x208eS0x3c1	[0x3d6, [0x209a, [0x1b03, [0x1aef, nil]]]]
0x1af5S0x1af6S0x208eS0x3c1	[0x3d6, [0x209a, [0x1b03, [0x1af5, nil]]]]
0x1ae8S0x1af6S0x208eS0x3c1	[0x3d6, [0x209a, [0x1b03, [0x1ae8, nil]]]]
0x1adfS0x1ae0S0x1af6S0x208eS0x3c1	[0x3d6, [0x209a, [0x1b03, [0x1ae8, [0x1adf, nil]]]]]
0x1ad8S0x1ae0S0x1af6S0x208eS0x3c1	[0x3d6, [0x209a, [0x1b03, [0x1ae8, [0x1ad8, nil]]]]]
0x1aceS0x1acfS0x1ae0S0x1af6S0x208eS0x3c1	[0x3d6, [0x209a, [0x1b03, [0x1ae8, [0x1ad8, [0x1ace, nil]]]]]]
0x1b09S0x209bS0x3c1	[0x3d6, [0x20ab, [0x1b09, nil]]]
0x1b03S0x209bS0x3c1	[0x3d6, [0x20ab, [0x1b03, nil]]]
0x1af2S0x1af6S0x209bS0x3c1	[0x3d6, [0x20ab, [0x1b03, [0x1af2, nil]]]]
0x1aefS0x1af6S0x209bS0x3c1	[0x3d6, [0x20ab, [0x1b03, [0x1aef, nil]]]]
0x1af5S0x1af6S0x209bS0x3c1	[0x3d6, [0x20ab, [0x1b03, [0x1af5, nil]]]]
0x1ae8S0x1af6S0x209bS0x3c1	[0x3d6, [0x20ab, [0x1b03, [0x1ae8, nil]]]]
0x1adfS0x1ae0S0x1af6S0x209bS0x3c1	[0x3d6, [0x20ab, [0x1b03, [0x1ae8, [0x1adf, nil]]]]]
0x1ad8S0x1ae0S0x1af6S0x209bS0x3c1	[0x3d6, [0x20ab, [0x1b03, [0x1ae8, [0x1ad8, nil]]]]]
0x1aceS0x1acfS0x1ae0S0x1af6S0x209bS0x3c1	[0x3d6, [0x20ab, [0x1b03, [0x1ae8, [0x1ad8, [0x1ace, nil]]]]]]
0x1b1eS0x426	[0x43b, [0x1b1e, nil]]
0x1b17S0x426	[0x43b, [0x1b17, nil]]
0x1b2cS0x426	[0x43b, [0x1b2c, nil]]
0x6444S0x426	[0x43b, [0x1972, nil]]
0x1b3dS0x426	[0x43b, [0x1b3d, nil]]
0x1b47S0x426	[0x43b, [0x1b47, nil]]
0x1a7eS0x1b20S0x426	[0x43b, [0x1b2c, [0x1a7e, nil]]]
0x1a6dS0x1a71S0x1b20S0x426	[0x43b, [0x1b2c, [0x1a7e, [0x1a6d, nil]]]]
0x1a6aS0x1a71S0x1b20S0x426	[0x43b, [0x1b2c, [0x1a7e, [0x1a6a, nil]]]]
0x1a63S0x1a71S0x1b20S0x426	[0x43b, [0x1b2c, [0x1a7e, [0x1a63, nil]]]]
0x1a32S0x1a5bS0x1a71S0x1b20S0x426	[0x43b, [0x1b2c, [0x1a7e, [0x1a63, [0x1a32, nil]]]]]
0x1a84S0x1b20S0x426	[0x43b, [0x1b2c, [0x1a84, nil]]]
0x1a70S0x1a71S0x1b20S0x426	[0x43b, [0x1b2c, [0x1a7e, [0x1a70, nil]]]]
0x1b09S0x1b2dS0x426	[0x43b, [0x1b3d, [0x1b09, nil]]]
0x1b03S0x1b2dS0x426	[0x43b, [0x1b3d, [0x1b03, nil]]]
0x1af2S0x1af6S0x1b2dS0x426	[0x43b, [0x1b3d, [0x1b03, [0x1af2, nil]]]]
0x1aefS0x1af6S0x1b2dS0x426	[0x43b, [0x1b3d, [0x1b03, [0x1aef, nil]]]]
0x1af5S0x1af6S0x1b2dS0x426	[0x43b, [0x1b3d, [0x1b03, [0x1af5, nil]]]]
0x1ae8S0x1af6S0x1b2dS0x426	[0x43b, [0x1b3d, [0x1b03, [0x1ae8, nil]]]]
0x1adfS0x1ae0S0x1af6S0x1b2dS0x426	[0x43b, [0x1b3d, [0x1b03, [0x1ae8, [0x1adf, nil]]]]]
0x1ad8S0x1ae0S0x1af6S0x1b2dS0x426	[0x43b, [0x1b3d, [0x1b03, [0x1ae8, [0x1ad8, nil]]]]]
0x1aceS0x1acfS0x1ae0S0x1af6S0x1b2dS0x426	[0x43b, [0x1b3d, [0x1b03, [0x1ae8, [0x1ad8, [0x1ace, nil]]]]]]
0x20daS0x1087B0x3ff	[0x109b, [0x20da, nil]]
0x20d3S0x1087B0x3ff	[0x109b, [0x20d3, nil]]
0x20e8S0x1087B0x3ff	[0x109b, [0x20e8, nil]]
0x6674S0x1087B0x3ff	[0x109b, [0x1972, nil]]
0x20f1S0x1087B0x3ff	[0x109b, [0x20f1, nil]]
0x1b09S0x20dcS0x1087B0x3ff	[0x109b, [0x20e8, [0x1b09, nil]]]
0x1b03S0x20dcS0x1087B0x3ff	[0x109b, [0x20e8, [0x1b03, nil]]]
0x1af2S0x1af6S0x20dcS0x1087B0x3ff	[0x109b, [0x20e8, [0x1b03, [0x1af2, nil]]]]
0x1aefS0x1af6S0x20dcS0x1087B0x3ff	[0x109b, [0x20e8, [0x1b03, [0x1aef, nil]]]]
0x1af5S0x1af6S0x20dcS0x1087B0x3ff	[0x109b, [0x20e8, [0x1b03, [0x1af5, nil]]]]
0x1ae8S0x1af6S0x20dcS0x1087B0x3ff	[0x109b, [0x20e8, [0x1b03, [0x1ae8, nil]]]]
0x1adfS0x1ae0S0x1af6S0x20dcS0x1087B0x3ff	[0x109b, [0x20e8, [0x1b03, [0x1ae8, [0x1adf, nil]]]]]
0x1ad8S0x1ae0S0x1af6S0x20dcS0x1087B0x3ff	[0x109b, [0x20e8, [0x1b03, [0x1ae8, [0x1ad8, nil]]]]]
0x1aceS0x1acfS0x1ae0S0x1af6S0x20dcS0x1087B0x3ff	[0x109b, [0x20e8, [0x1b03, [0x1ae8, [0x1ad8, [0x1ace, nil]]]]]]
0x20daS0x111cB0x3ff	[0x1130, [0x20da, nil]]
0x20d3S0x111cB0x3ff	[0x1130, [0x20d3, nil]]
0x20e8S0x111cB0x3ff	[0x1130, [0x20e8, nil]]
0x6674S0x111cB0x3ff	[0x1130, [0x1972, nil]]
0x20f1S0x111cB0x3ff	[0x1130, [0x20f1, nil]]
0x1b09S0x20dcS0x111cB0x3ff	[0x1130, [0x20e8, [0x1b09, nil]]]
0x1b03S0x20dcS0x111cB0x3ff	[0x1130, [0x20e8, [0x1b03, nil]]]
0x1af2S0x1af6S0x20dcS0x111cB0x3ff	[0x1130, [0x20e8, [0x1b03, [0x1af2, nil]]]]
0x1aefS0x1af6S0x20dcS0x111cB0x3ff	[0x1130, [0x20e8, [0x1b03, [0x1aef, nil]]]]
0x1af5S0x1af6S0x20dcS0x111cB0x3ff	[0x1130, [0x20e8, [0x1b03, [0x1af5, nil]]]]
0x1ae8S0x1af6S0x20dcS0x111cB0x3ff	[0x1130, [0x20e8, [0x1b03, [0x1ae8, nil]]]]
0x1adfS0x1ae0S0x1af6S0x20dcS0x111cB0x3ff	[0x1130, [0x20e8, [0x1b03, [0x1ae8, [0x1adf, nil]]]]]
0x1ad8S0x1ae0S0x1af6S0x20dcS0x111cB0x3ff	[0x1130, [0x20e8, [0x1b03, [0x1ae8, [0x1ad8, nil]]]]]
0x1aceS0x1acfS0x1ae0S0x1af6S0x20dcS0x111cB0x3ff	[0x1130, [0x20e8, [0x1b03, [0x1ae8, [0x1ad8, [0x1ace, nil]]]]]]
0x20daS0x11baB0x3ff	[0x11ce, [0x20da, nil]]
0x20d3S0x11baB0x3ff	[0x11ce, [0x20d3, nil]]
0x20e8S0x11baB0x3ff	[0x11ce, [0x20e8, nil]]
0x6674S0x11baB0x3ff	[0x11ce, [0x1972, nil]]
0x20f1S0x11baB0x3ff	[0x11ce, [0x20f1, nil]]
0x1b09S0x20dcS0x11baB0x3ff	[0x11ce, [0x20e8, [0x1b09, nil]]]
0x1b03S0x20dcS0x11baB0x3ff	[0x11ce, [0x20e8, [0x1b03, nil]]]
0x1af2S0x1af6S0x20dcS0x11baB0x3ff	[0x11ce, [0x20e8, [0x1b03, [0x1af2, nil]]]]
0x1aefS0x1af6S0x20dcS0x11baB0x3ff	[0x11ce, [0x20e8, [0x1b03, [0x1aef, nil]]]]
0x1af5S0x1af6S0x20dcS0x11baB0x3ff	[0x11ce, [0x20e8, [0x1b03, [0x1af5, nil]]]]
0x1ae8S0x1af6S0x20dcS0x11baB0x3ff	[0x11ce, [0x20e8, [0x1b03, [0x1ae8, nil]]]]
0x1adfS0x1ae0S0x1af6S0x20dcS0x11baB0x3ff	[0x11ce, [0x20e8, [0x1b03, [0x1ae8, [0x1adf, nil]]]]]
0x1ad8S0x1ae0S0x1af6S0x20dcS0x11baB0x3ff	[0x11ce, [0x20e8, [0x1b03, [0x1ae8, [0x1ad8, nil]]]]]
0x1aceS0x1acfS0x1ae0S0x1af6S0x20dcS0x11baB0x3ff	[0x11ce, [0x20e8, [0x1b03, [0x1ae8, [0x1ad8, [0x1ace, nil]]]]]]
0x20daS0x12ccB0x3ff	[0x12e0, [0x20da, nil]]
0x20d3S0x12ccB0x3ff	[0x12e0, [0x20d3, nil]]
0x20e8S0x12ccB0x3ff	[0x12e0, [0x20e8, nil]]
0x6674S0x12ccB0x3ff	[0x12e0, [0x1972, nil]]
0x20f1S0x12ccB0x3ff	[0x12e0, [0x20f1, nil]]
0x1b09S0x20dcS0x12ccB0x3ff	[0x12e0, [0x20e8, [0x1b09, nil]]]
0x1b03S0x20dcS0x12ccB0x3ff	[0x12e0, [0x20e8, [0x1b03, nil]]]
0x1af2S0x1af6S0x20dcS0x12ccB0x3ff	[0x12e0, [0x20e8, [0x1b03, [0x1af2, nil]]]]
0x1aefS0x1af6S0x20dcS0x12ccB0x3ff	[0x12e0, [0x20e8, [0x1b03, [0x1aef, nil]]]]
0x1af5S0x1af6S0x20dcS0x12ccB0x3ff	[0x12e0, [0x20e8, [0x1b03, [0x1af5, nil]]]]
0x1ae8S0x1af6S0x20dcS0x12ccB0x3ff	[0x12e0, [0x20e8, [0x1b03, [0x1ae8, nil]]]]
0x1adfS0x1ae0S0x1af6S0x20dcS0x12ccB0x3ff	[0x12e0, [0x20e8, [0x1b03, [0x1ae8, [0x1adf, nil]]]]]
0x1ad8S0x1ae0S0x1af6S0x20dcS0x12ccB0x3ff	[0x12e0, [0x20e8, [0x1b03, [0x1ae8, [0x1ad8, nil]]]]]
0x1aceS0x1acfS0x1ae0S0x1af6S0x20dcS0x12ccB0x3ff	[0x12e0, [0x20e8, [0x1b03, [0x1ae8, [0x1ad8, [0x1ace, nil]]]]]]
0x20daS0x1087B0x917	[0x109b, [0x20da, nil]]
0x20d3S0x1087B0x917	[0x109b, [0x20d3, nil]]
0x20e8S0x1087B0x917	[0x109b, [0x20e8, nil]]
0x6674S0x1087B0x917	[0x109b, [0x1972, nil]]
0x20f1S0x1087B0x917	[0x109b, [0x20f1, nil]]
0x1b09S0x20dcS0x1087B0x917	[0x109b, [0x20e8, [0x1b09, nil]]]
0x1b03S0x20dcS0x1087B0x917	[0x109b, [0x20e8, [0x1b03, nil]]]
0x1af2S0x1af6S0x20dcS0x1087B0x917	[0x109b, [0x20e8, [0x1b03, [0x1af2, nil]]]]
0x1aefS0x1af6S0x20dcS0x1087B0x917	[0x109b, [0x20e8, [0x1b03, [0x1aef, nil]]]]
0x1af5S0x1af6S0x20dcS0x1087B0x917	[0x109b, [0x20e8, [0x1b03, [0x1af5, nil]]]]
0x1ae8S0x1af6S0x20dcS0x1087B0x917	[0x109b, [0x20e8, [0x1b03, [0x1ae8, nil]]]]
0x1adfS0x1ae0S0x1af6S0x20dcS0x1087B0x917	[0x109b, [0x20e8, [0x1b03, [0x1ae8, [0x1adf, nil]]]]]
0x1ad8S0x1ae0S0x1af6S0x20dcS0x1087B0x917	[0x109b, [0x20e8, [0x1b03, [0x1ae8, [0x1ad8, nil]]]]]
0x1aceS0x1acfS0x1ae0S0x1af6S0x20dcS0x1087B0x917	[0x109b, [0x20e8, [0x1b03, [0x1ae8, [0x1ad8, [0x1ace, nil]]]]]]
0x20daS0x111cB0x917	[0x1130, [0x20da, nil]]
0x20d3S0x111cB0x917	[0x1130, [0x20d3, nil]]
0x20e8S0x111cB0x917	[0x1130, [0x20e8, nil]]
0x6674S0x111cB0x917	[0x1130, [0x1972, nil]]
0x20f1S0x111cB0x917	[0x1130, [0x20f1, nil]]
0x1b09S0x20dcS0x111cB0x917	[0x1130, [0x20e8, [0x1b09, nil]]]
0x1b03S0x20dcS0x111cB0x917	[0x1130, [0x20e8, [0x1b03, nil]]]
0x1af2S0x1af6S0x20dcS0x111cB0x917	[0x1130, [0x20e8, [0x1b03, [0x1af2, nil]]]]
0x1aefS0x1af6S0x20dcS0x111cB0x917	[0x1130, [0x20e8, [0x1b03, [0x1aef, nil]]]]
0x1af5S0x1af6S0x20dcS0x111cB0x917	[0x1130, [0x20e8, [0x1b03, [0x1af5, nil]]]]
0x1ae8S0x1af6S0x20dcS0x111cB0x917	[0x1130, [0x20e8, [0x1b03, [0x1ae8, nil]]]]
0x1adfS0x1ae0S0x1af6S0x20dcS0x111cB0x917	[0x1130, [0x20e8, [0x1b03, [0x1ae8, [0x1adf, nil]]]]]
0x1ad8S0x1ae0S0x1af6S0x20dcS0x111cB0x917	[0x1130, [0x20e8, [0x1b03, [0x1ae8, [0x1ad8, nil]]]]]
0x1aceS0x1acfS0x1ae0S0x1af6S0x20dcS0x111cB0x917	[0x1130, [0x20e8, [0x1b03, [0x1ae8, [0x1ad8, [0x1ace, nil]]]]]]
0x20daS0x11baB0x917	[0x11ce, [0x20da, nil]]
0x20d3S0x11baB0x917	[0x11ce, [0x20d3, nil]]
0x20e8S0x11baB0x917	[0x11ce, [0x20e8, nil]]
0x6674S0x11baB0x917	[0x11ce, [0x1972, nil]]
0x20f1S0x11baB0x917	[0x11ce, [0x20f1, nil]]
0x1b09S0x20dcS0x11baB0x917	[0x11ce, [0x20e8, [0x1b09, nil]]]
0x1b03S0x20dcS0x11baB0x917	[0x11ce, [0x20e8, [0x1b03, nil]]]
0x1af2S0x1af6S0x20dcS0x11baB0x917	[0x11ce, [0x20e8, [0x1b03, [0x1af2, nil]]]]
0x1aefS0x1af6S0x20dcS0x11baB0x917	[0x11ce, [0x20e8, [0x1b03, [0x1aef, nil]]]]
0x1af5S0x1af6S0x20dcS0x11baB0x917	[0x11ce, [0x20e8, [0x1b03, [0x1af5, nil]]]]
0x1ae8S0x1af6S0x20dcS0x11baB0x917	[0x11ce, [0x20e8, [0x1b03, [0x1ae8, nil]]]]
0x1adfS0x1ae0S0x1af6S0x20dcS0x11baB0x917	[0x11ce, [0x20e8, [0x1b03, [0x1ae8, [0x1adf, nil]]]]]
0x1ad8S0x1ae0S0x1af6S0x20dcS0x11baB0x917	[0x11ce, [0x20e8, [0x1b03, [0x1ae8, [0x1ad8, nil]]]]]
0x1aceS0x1acfS0x1ae0S0x1af6S0x20dcS0x11baB0x917	[0x11ce, [0x20e8, [0x1b03, [0x1ae8, [0x1ad8, [0x1ace, nil]]]]]]
0x20daS0x12ccB0x917	[0x12e0, [0x20da, nil]]
0x20d3S0x12ccB0x917	[0x12e0, [0x20d3, nil]]
0x20e8S0x12ccB0x917	[0x12e0, [0x20e8, nil]]
0x6674S0x12ccB0x917	[0x12e0, [0x1972, nil]]
0x20f1S0x12ccB0x917	[0x12e0, [0x20f1, nil]]
0x1b09S0x20dcS0x12ccB0x917	[0x12e0, [0x20e8, [0x1b09, nil]]]
0x1b03S0x20dcS0x12ccB0x917	[0x12e0, [0x20e8, [0x1b03, nil]]]
0x1af2S0x1af6S0x20dcS0x12ccB0x917	[0x12e0, [0x20e8, [0x1b03, [0x1af2, nil]]]]
0x1aefS0x1af6S0x20dcS0x12ccB0x917	[0x12e0, [0x20e8, [0x1b03, [0x1aef, nil]]]]
0x1af5S0x1af6S0x20dcS0x12ccB0x917	[0x12e0, [0x20e8, [0x1b03, [0x1af5, nil]]]]
0x1ae8S0x1af6S0x20dcS0x12ccB0x917	[0x12e0, [0x20e8, [0x1b03, [0x1ae8, nil]]]]
0x1adfS0x1ae0S0x1af6S0x20dcS0x12ccB0x917	[0x12e0, [0x20e8, [0x1b03, [0x1ae8, [0x1adf, nil]]]]]
0x1ad8S0x1ae0S0x1af6S0x20dcS0x12ccB0x917	[0x12e0, [0x20e8, [0x1b03, [0x1ae8, [0x1ad8, nil]]]]]
0x1aceS0x1acfS0x1ae0S0x1af6S0x20dcS0x12ccB0x917	[0x12e0, [0x20e8, [0x1b03, [0x1ae8, [0x1ad8, [0x1ace, nil]]]]]]
0x559S0x202	[0x206, [0x559, nil]]
0x55bS0x202	[0x206, [0x55b, nil]]
0x55cS0x202	[0x206, [0x55c, nil]]
0x57fS0x202	[0x206, [0x57f, nil]]
0x581S0x202	[0x206, [0x581, nil]]
0x582S0x202	[0x206, [0x582, nil]]
0x584S0x202	[0x206, [0x584, nil]]
0x587S0x202	[0x206, [0x587, nil]]
0x589S0x202	[0x206, [0x589, nil]]
0x57eS0x202	[0x206, [0x57e, nil]]
0x51fS0x202	[0x206, [0x51f, nil]]
0x522S0x202	[0x206, [0x522, nil]]
0x525S0x202	[0x206, [0x525, nil]]
0x527S0x202	[0x206, [0x527, nil]]
0x53cS0x202	[0x206, [0x53c, nil]]
0x53eS0x202	[0x206, [0x53e, nil]]
0x553S0x202	[0x206, [0x553, nil]]
0x554S0x202	[0x206, [0x554, nil]]
0x555S0x202	[0x206, [0x555, nil]]
0x558S0x202	[0x206, [0x558, nil]]
0x58bS0x202	[0x206, [0x58b, nil]]
0x590S0x202	[0x206, [0x590, nil]]
0x593S0x202	[0x206, [0x593, nil]]
0x598S0x202	[0x206, [0x598, nil]]
0x15d1S0x51eS0x202	[0x206, [0x525, [0x15d1, nil]]]
0x15d2S0x51eS0x202	[0x206, [0x525, [0x15d2, nil]]]
0x15d6S0x51eS0x202	[0x206, [0x525, [0x15d6, nil]]]
0x14d4S0x599	[0x5a4, [0x14d4, nil]]
0x14d8S0x599	[0x5a4, [0x14d8, nil]]
0x14dbS0x599	[0x5a4, [0x14db, nil]]
0x14deS0x599	[0x5a4, [0x14de, nil]]
0x14e6S0x599	[0x5a4, [0x14e6, nil]]
0x14e0S0x599	[0x5a4, [0x14e0, nil]]
0x14e3S0x599	[0x5a4, [0x14e3, nil]]
0x15d1S0x14d3S0x599	[0x5a4, [0x14de, [0x15d1, nil]]]
0x15d2S0x14d3S0x599	[0x5a4, [0x14de, [0x15d2, nil]]]
0x15d6S0x14d3S0x599	[0x5a4, [0x14de, [0x15d6, nil]]]
0x18dfS0x14dfS0x599	[0x5a4, [0x14e3, [0x18df, nil]]]
0x18e4S0x14dfS0x599	[0x5a4, [0x14e3, [0x18e4, nil]]]
0x18e7S0x14dfS0x599	[0x5a4, [0x14e3, [0x18e7, nil]]]
0x18e9S0x14dfS0x599	[0x5a4, [0x14e3, [0x18e9, nil]]]
0x18ecS0x14dfS0x599	[0x5a4, [0x14e3, [0x18ec, nil]]]
0x192eS0x14dfS0x599	[0x5a4, [0x14e3, [0x192e, nil]]]
0x1923S0x14dfS0x599	[0x5a4, [0x14e3, [0x1923, nil]]]
0x1925S0x14dfS0x599	[0x5a4, [0x14e3, [0x1925, nil]]]
0x1928S0x14dfS0x599	[0x5a4, [0x14e3, [0x1928, nil]]]
0x192aS0x14dfS0x599	[0x5a4, [0x14e3, [0x192a, nil]]]
0x18efS0x14dfS0x599	[0x5a4, [0x14e3, [0x18ef, nil]]]
0x18f1S0x14dfS0x599	[0x5a4, [0x14e3, [0x18f1, nil]]]
0x18f2S0x14dfS0x599	[0x5a4, [0x14e3, [0x18f2, nil]]]
0x1915S0x14dfS0x599	[0x5a4, [0x14e3, [0x1915, nil]]]
0x1917S0x14dfS0x599	[0x5a4, [0x14e3, [0x1917, nil]]]
0x1918S0x14dfS0x599	[0x5a4, [0x14e3, [0x1918, nil]]]
0x191eS0x14dfS0x599	[0x5a4, [0x14e3, [0x191e, nil]]]
0x1921S0x14dfS0x599	[0x5a4, [0x14e3, [0x1921, nil]]]
0x1914S0x14dfS0x599	[0x5a4, [0x14e3, [0x1914, nil]]]
0xc98S0x18deS0x14dfS0x599	[0x5a4, [0x14e3, [0x18e7, [0xc98, nil]]]]
0xc9aS0x18deS0x14dfS0x599	[0x5a4, [0x14e3, [0x18e7, [0xc9a, nil]]]]
0xc9eS0x18deS0x14dfS0x599	[0x5a4, [0x14e3, [0x18e7, [0xc9e, nil]]]]
0xca0S0x18deS0x14dfS0x599	[0x5a4, [0x14e3, [0x18e7, [0xca0, nil]]]]
0xca4S0x18deS0x14dfS0x599	[0x5a4, [0x14e3, [0x18e7, [0xca4, nil]]]]
0xca6S0x18deS0x14dfS0x599	[0x5a4, [0x14e3, [0x18e7, [0xca6, nil]]]]
0xca7S0x18deS0x14dfS0x599	[0x5a4, [0x14e3, [0x18e7, [0xca7, nil]]]]
0xca8S0x18deS0x14dfS0x599	[0x5a4, [0x14e3, [0x18e7, [0xca8, nil]]]]
0xca9S0x18deS0x14dfS0x599	[0x5a4, [0x14e3, [0x18e7, [0xca9, nil]]]]
0xcaaS0x18deS0x14dfS0x599	[0x5a4, [0x14e3, [0x18e7, [0xcaa, nil]]]]
0xcabS0x18deS0x14dfS0x599	[0x5a4, [0x14e3, [0x18e7, [0xcab, nil]]]]
0xcadS0x18deS0x14dfS0x599	[0x5a4, [0x14e3, [0x18e7, [0xcad, nil]]]]
0xcc2S0x18deS0x14dfS0x599	[0x5a4, [0x14e3, [0x18e7, [0xcc2, nil]]]]
0xcc3S0x18deS0x14dfS0x599	[0x5a4, [0x14e3, [0x18e7, [0xcc3, nil]]]]
0xcd8S0x18deS0x14dfS0x599	[0x5a4, [0x14e3, [0x18e7, [0xcd8, nil]]]]
0xcdbS0x18deS0x14dfS0x599	[0x5a4, [0x14e3, [0x18e7, [0xcdb, nil]]]]
0xcddS0x18deS0x14dfS0x599	[0x5a4, [0x14e3, [0x18e7, [0xcdd, nil]]]]
0xce1S0x18deS0x14dfS0x599	[0x5a4, [0x14e3, [0x18e7, [0xce1, nil]]]]
0xce3S0x18deS0x14dfS0x599	[0x5a4, [0x14e3, [0x18e7, [0xce3, nil]]]]
0xce4S0x18deS0x14dfS0x599	[0x5a4, [0x14e3, [0x18e7, [0xce4, nil]]]]
0xce5S0x18deS0x14dfS0x599	[0x5a4, [0x14e3, [0x18e7, [0xce5, nil]]]]
0xce6S0x18deS0x14dfS0x599	[0x5a4, [0x14e3, [0x18e7, [0xce6, nil]]]]
0xce8S0x18deS0x14dfS0x599	[0x5a4, [0x14e3, [0x18e7, [0xce8, nil]]]]
0xceaS0x18deS0x14dfS0x599	[0x5a4, [0x14e3, [0x18e7, [0xcea, nil]]]]
0xcedS0x18deS0x14dfS0x599	[0x5a4, [0x14e3, [0x18e7, [0xced, nil]]]]
0xcefS0x18deS0x14dfS0x599	[0x5a4, [0x14e3, [0x18e7, [0xcef, nil]]]]
0xcf0S0x18deS0x14dfS0x599	[0x5a4, [0x14e3, [0x18e7, [0xcf0, nil]]]]
0xcf2S0x18deS0x14dfS0x599	[0x5a4, [0x14e3, [0x18e7, [0xcf2, nil]]]]
0xcf9S0x18deS0x14dfS0x599	[0x5a4, [0x14e3, [0x18e7, [0xcf9, nil]]]]
0xc9dS0x18deS0x14dfS0x599	[0x5a4, [0x14e3, [0x18e7, [0xc9d, nil]]]]
0xca3S0x18deS0x14dfS0x599	[0x5a4, [0x14e3, [0x18e7, [0xca3, nil]]]]
0xcdaS0x18deS0x14dfS0x599	[0x5a4, [0x14e3, [0x18e7, [0xcda, nil]]]]
0xce0S0x18deS0x14dfS0x599	[0x5a4, [0x14e3, [0x18e7, [0xce0, nil]]]]
0x2eb5S0x18edS0x14dfS0x599	[0x5a4, [0x14e3, [0x1921, [0x2eb5, nil]]]]
0x2eb6S0x18edS0x14dfS0x599	[0x5a4, [0x14e3, [0x1921, [0x2eb6, nil]]]]
0x2eb9S0x18edS0x14dfS0x599	[0x5a4, [0x14e3, [0x1921, [0x2eb9, nil]]]]
0x2ebcS0x18edS0x14dfS0x599	[0x5a4, [0x14e3, [0x1921, [0x2ebc, nil]]]]
0x2ebfS0x18edS0x14dfS0x599	[0x5a4, [0x14e3, [0x1921, [0x2ebf, nil]]]]
0x2ec1S0x18edS0x14dfS0x599	[0x5a4, [0x14e3, [0x1921, [0x2ec1, nil]]]]
0x2ec3S0x18edS0x14dfS0x599	[0x5a4, [0x14e3, [0x1921, [0x2ec3, nil]]]]
0x2ec6S0x18edS0x14dfS0x599	[0x5a4, [0x14e3, [0x1921, [0x2ec6, nil]]]]
0x2ec8S0x18edS0x14dfS0x599	[0x5a4, [0x14e3, [0x1921, [0x2ec8, nil]]]]
0x2ecbS0x18edS0x14dfS0x599	[0x5a4, [0x14e3, [0x1921, [0x2ecb, nil]]]]
0x2eceS0x18edS0x14dfS0x599	[0x5a4, [0x14e3, [0x1921, [0x2ece, nil]]]]
0x2ed0S0x18edS0x14dfS0x599	[0x5a4, [0x14e3, [0x1921, [0x2ed0, nil]]]]
0x2ed3S0x18edS0x14dfS0x599	[0x5a4, [0x14e3, [0x1921, [0x2ed3, nil]]]]
0x2edaS0x18edS0x14dfS0x599	[0x5a4, [0x14e3, [0x1921, [0x2eda, nil]]]]
0x1a34S0x2ec7S0x18edS0x14dfS0x599	[0x5a4, [0x14e3, [0x1921, [0x2ed3, [0x1a34, nil]]]]]
0x1a38S0x2ec7S0x18edS0x14dfS0x599	[0x5a4, [0x14e3, [0x1921, [0x2ed3, [0x1a38, nil]]]]]
0x1a3bS0x2ec7S0x18edS0x14dfS0x599	[0x5a4, [0x14e3, [0x1921, [0x2ed3, [0x1a3b, nil]]]]]
0x1a2bS0x1a33S0x2ec7S0x18edS0x14dfS0x599	[0x5a4, [0x14e3, [0x1921, [0x2ed3, [0x1a3b, [0x1a2b, nil]]]]]]
0x1a32S0x1a33S0x2ec7S0x18edS0x14dfS0x599	[0x5a4, [0x14e3, [0x1921, [0x2ed3, [0x1a3b, [0x1a32, nil]]]]]]
0x1a41S0x2ec7S0x18edS0x14dfS0x599	[0x5a4, [0x14e3, [0x1921, [0x2ed3, [0x1a41, nil]]]]]
0x1a3eS0x2ec7S0x18edS0x14dfS0x599	[0x5a4, [0x14e3, [0x1921, [0x2ed3, [0x1a3e, nil]]]]]
0x25a4S0x2eb4S0x18edS0x14dfS0x599	[0x5a4, [0x14e3, [0x1921, [0x2ec6, [0x25a4, nil]]]]]
0x25a1S0x2eb4S0x18edS0x14dfS0x599	[0x5a4, [0x14e3, [0x1921, [0x2ec6, [0x25a1, nil]]]]]
0x2597S0x2eb4S0x18edS0x14dfS0x599	[0x5a4, [0x14e3, [0x1921, [0x2ec6, [0x2597, nil]]]]]
0x259bS0x2eb4S0x18edS0x14dfS0x599	[0x5a4, [0x14e3, [0x1921, [0x2ec6, [0x259b, nil]]]]]
0x259eS0x2eb4S0x18edS0x14dfS0x599	[0x5a4, [0x14e3, [0x1921, [0x2ec6, [0x259e, nil]]]]]
0x1adfS0x2596S0x2eb4S0x18edS0x14dfS0x599	[0x5a4, [0x14e3, [0x1921, [0x2ec6, [0x259e, [0x1adf, nil]]]]]]
0x1ad0S0x2596S0x2eb4S0x18edS0x14dfS0x599	[0x5a4, [0x14e3, [0x1921, [0x2ec6, [0x259e, [0x1ad0, nil]]]]]]
0x1ad1S0x2596S0x2eb4S0x18edS0x14dfS0x599	[0x5a4, [0x14e3, [0x1921, [0x2ec6, [0x259e, [0x1ad1, nil]]]]]]
0x1ad5S0x2596S0x2eb4S0x18edS0x14dfS0x599	[0x5a4, [0x14e3, [0x1921, [0x2ec6, [0x259e, [0x1ad5, nil]]]]]]
0x1ad8S0x2596S0x2eb4S0x18edS0x14dfS0x599	[0x5a4, [0x14e3, [0x1921, [0x2ec6, [0x259e, [0x1ad8, nil]]]]]]
0x1ab1S0x1acfS0x2596S0x2eb4S0x18edS0x14dfS0x599	[0x5a4, [0x14e3, [0x1921, [0x2ec6, [0x259e, [0x1ad8, [0x1ab1, nil]]]]]]]
0x1ab2S0x1acfS0x2596S0x2eb4S0x18edS0x14dfS0x599	[0x5a4, [0x14e3, [0x1921, [0x2ec6, [0x259e, [0x1ad8, [0x1ab2, nil]]]]]]]
0x1ac8S0x1acfS0x2596S0x2eb4S0x18edS0x14dfS0x599	[0x5a4, [0x14e3, [0x1921, [0x2ec6, [0x259e, [0x1ad8, [0x1ac8, nil]]]]]]]
0x1aceS0x1acfS0x2596S0x2eb4S0x18edS0x14dfS0x599	[0x5a4, [0x14e3, [0x1921, [0x2ec6, [0x259e, [0x1ad8, [0x1ace, nil]]]]]]]
0x14d4S0xc46	[0xc51, [0x14d4, nil]]
0x14d8S0xc46	[0xc51, [0x14d8, nil]]
0x14dbS0xc46	[0xc51, [0x14db, nil]]
0x14deS0xc46	[0xc51, [0x14de, nil]]
0x14e6S0xc46	[0xc51, [0x14e6, nil]]
0x14e0S0xc46	[0xc51, [0x14e0, nil]]
0x14e3S0xc46	[0xc51, [0x14e3, nil]]
0x15d1S0x14d3S0xc46	[0xc51, [0x14de, [0x15d1, nil]]]
0x15d2S0x14d3S0xc46	[0xc51, [0x14de, [0x15d2, nil]]]
0x15d6S0x14d3S0xc46	[0xc51, [0x14de, [0x15d6, nil]]]
0x18dfS0x14dfS0xc46	[0xc51, [0x14e3, [0x18df, nil]]]
0x18e4S0x14dfS0xc46	[0xc51, [0x14e3, [0x18e4, nil]]]
0x18e7S0x14dfS0xc46	[0xc51, [0x14e3, [0x18e7, nil]]]
0x18e9S0x14dfS0xc46	[0xc51, [0x14e3, [0x18e9, nil]]]
0x18ecS0x14dfS0xc46	[0xc51, [0x14e3, [0x18ec, nil]]]
0x192eS0x14dfS0xc46	[0xc51, [0x14e3, [0x192e, nil]]]
0x1923S0x14dfS0xc46	[0xc51, [0x14e3, [0x1923, nil]]]
0x1925S0x14dfS0xc46	[0xc51, [0x14e3, [0x1925, nil]]]
0x1928S0x14dfS0xc46	[0xc51, [0x14e3, [0x1928, nil]]]
0x192aS0x14dfS0xc46	[0xc51, [0x14e3, [0x192a, nil]]]
0x18efS0x14dfS0xc46	[0xc51, [0x14e3, [0x18ef, nil]]]
0x18f1S0x14dfS0xc46	[0xc51, [0x14e3, [0x18f1, nil]]]
0x18f2S0x14dfS0xc46	[0xc51, [0x14e3, [0x18f2, nil]]]
0x1915S0x14dfS0xc46	[0xc51, [0x14e3, [0x1915, nil]]]
0x1917S0x14dfS0xc46	[0xc51, [0x14e3, [0x1917, nil]]]
0x1918S0x14dfS0xc46	[0xc51, [0x14e3, [0x1918, nil]]]
0x191eS0x14dfS0xc46	[0xc51, [0x14e3, [0x191e, nil]]]
0x1921S0x14dfS0xc46	[0xc51, [0x14e3, [0x1921, nil]]]
0x1914S0x14dfS0xc46	[0xc51, [0x14e3, [0x1914, nil]]]
0xc98S0x18deS0x14dfS0xc46	[0xc51, [0x14e3, [0x18e7, [0xc98, nil]]]]
0xc9aS0x18deS0x14dfS0xc46	[0xc51, [0x14e3, [0x18e7, [0xc9a, nil]]]]
0xc9eS0x18deS0x14dfS0xc46	[0xc51, [0x14e3, [0x18e7, [0xc9e, nil]]]]
0xca0S0x18deS0x14dfS0xc46	[0xc51, [0x14e3, [0x18e7, [0xca0, nil]]]]
0xca4S0x18deS0x14dfS0xc46	[0xc51, [0x14e3, [0x18e7, [0xca4, nil]]]]
0xca6S0x18deS0x14dfS0xc46	[0xc51, [0x14e3, [0x18e7, [0xca6, nil]]]]
0xca7S0x18deS0x14dfS0xc46	[0xc51, [0x14e3, [0x18e7, [0xca7, nil]]]]
0xca8S0x18deS0x14dfS0xc46	[0xc51, [0x14e3, [0x18e7, [0xca8, nil]]]]
0xca9S0x18deS0x14dfS0xc46	[0xc51, [0x14e3, [0x18e7, [0xca9, nil]]]]
0xcaaS0x18deS0x14dfS0xc46	[0xc51, [0x14e3, [0x18e7, [0xcaa, nil]]]]
0xcabS0x18deS0x14dfS0xc46	[0xc51, [0x14e3, [0x18e7, [0xcab, nil]]]]
0xcadS0x18deS0x14dfS0xc46	[0xc51, [0x14e3, [0x18e7, [0xcad, nil]]]]
0xcc2S0x18deS0x14dfS0xc46	[0xc51, [0x14e3, [0x18e7, [0xcc2, nil]]]]
0xcc3S0x18deS0x14dfS0xc46	[0xc51, [0x14e3, [0x18e7, [0xcc3, nil]]]]
0xcd8S0x18deS0x14dfS0xc46	[0xc51, [0x14e3, [0x18e7, [0xcd8, nil]]]]
0xcdbS0x18deS0x14dfS0xc46	[0xc51, [0x14e3, [0x18e7, [0xcdb, nil]]]]
0xcddS0x18deS0x14dfS0xc46	[0xc51, [0x14e3, [0x18e7, [0xcdd, nil]]]]
0xce1S0x18deS0x14dfS0xc46	[0xc51, [0x14e3, [0x18e7, [0xce1, nil]]]]
0xce3S0x18deS0x14dfS0xc46	[0xc51, [0x14e3, [0x18e7, [0xce3, nil]]]]
0xce4S0x18deS0x14dfS0xc46	[0xc51, [0x14e3, [0x18e7, [0xce4, nil]]]]
0xce5S0x18deS0x14dfS0xc46	[0xc51, [0x14e3, [0x18e7, [0xce5, nil]]]]
0xce6S0x18deS0x14dfS0xc46	[0xc51, [0x14e3, [0x18e7, [0xce6, nil]]]]
0xce8S0x18deS0x14dfS0xc46	[0xc51, [0x14e3, [0x18e7, [0xce8, nil]]]]
0xceaS0x18deS0x14dfS0xc46	[0xc51, [0x14e3, [0x18e7, [0xcea, nil]]]]
0xcedS0x18deS0x14dfS0xc46	[0xc51, [0x14e3, [0x18e7, [0xced, nil]]]]
0xcefS0x18deS0x14dfS0xc46	[0xc51, [0x14e3, [0x18e7, [0xcef, nil]]]]
0xcf0S0x18deS0x14dfS0xc46	[0xc51, [0x14e3, [0x18e7, [0xcf0, nil]]]]
0xcf2S0x18deS0x14dfS0xc46	[0xc51, [0x14e3, [0x18e7, [0xcf2, nil]]]]
0xcf9S0x18deS0x14dfS0xc46	[0xc51, [0x14e3, [0x18e7, [0xcf9, nil]]]]
0xc9dS0x18deS0x14dfS0xc46	[0xc51, [0x14e3, [0x18e7, [0xc9d, nil]]]]
0xca3S0x18deS0x14dfS0xc46	[0xc51, [0x14e3, [0x18e7, [0xca3, nil]]]]
0xcdaS0x18deS0x14dfS0xc46	[0xc51, [0x14e3, [0x18e7, [0xcda, nil]]]]
0xce0S0x18deS0x14dfS0xc46	[0xc51, [0x14e3, [0x18e7, [0xce0, nil]]]]
0x2eb5S0x18edS0x14dfS0xc46	[0xc51, [0x14e3, [0x1921, [0x2eb5, nil]]]]
0x2eb6S0x18edS0x14dfS0xc46	[0xc51, [0x14e3, [0x1921, [0x2eb6, nil]]]]
0x2eb9S0x18edS0x14dfS0xc46	[0xc51, [0x14e3, [0x1921, [0x2eb9, nil]]]]
0x2ebcS0x18edS0x14dfS0xc46	[0xc51, [0x14e3, [0x1921, [0x2ebc, nil]]]]
0x2ebfS0x18edS0x14dfS0xc46	[0xc51, [0x14e3, [0x1921, [0x2ebf, nil]]]]
0x2ec1S0x18edS0x14dfS0xc46	[0xc51, [0x14e3, [0x1921, [0x2ec1, nil]]]]
0x2ec3S0x18edS0x14dfS0xc46	[0xc51, [0x14e3, [0x1921, [0x2ec3, nil]]]]
0x2ec6S0x18edS0x14dfS0xc46	[0xc51, [0x14e3, [0x1921, [0x2ec6, nil]]]]
0x2ec8S0x18edS0x14dfS0xc46	[0xc51, [0x14e3, [0x1921, [0x2ec8, nil]]]]
0x2ecbS0x18edS0x14dfS0xc46	[0xc51, [0x14e3, [0x1921, [0x2ecb, nil]]]]
0x2eceS0x18edS0x14dfS0xc46	[0xc51, [0x14e3, [0x1921, [0x2ece, nil]]]]
0x2ed0S0x18edS0x14dfS0xc46	[0xc51, [0x14e3, [0x1921, [0x2ed0, nil]]]]
0x2ed3S0x18edS0x14dfS0xc46	[0xc51, [0x14e3, [0x1921, [0x2ed3, nil]]]]
0x2edaS0x18edS0x14dfS0xc46	[0xc51, [0x14e3, [0x1921, [0x2eda, nil]]]]
0x1a34S0x2ec7S0x18edS0x14dfS0xc46	[0xc51, [0x14e3, [0x1921, [0x2ed3, [0x1a34, nil]]]]]
0x1a38S0x2ec7S0x18edS0x14dfS0xc46	[0xc51, [0x14e3, [0x1921, [0x2ed3, [0x1a38, nil]]]]]
0x1a3bS0x2ec7S0x18edS0x14dfS0xc46	[0xc51, [0x14e3, [0x1921, [0x2ed3, [0x1a3b, nil]]]]]
0x1a2bS0x1a33S0x2ec7S0x18edS0x14dfS0xc46	[0xc51, [0x14e3, [0x1921, [0x2ed3, [0x1a3b, [0x1a2b, nil]]]]]]
0x1a32S0x1a33S0x2ec7S0x18edS0x14dfS0xc46	[0xc51, [0x14e3, [0x1921, [0x2ed3, [0x1a3b, [0x1a32, nil]]]]]]
0x1a41S0x2ec7S0x18edS0x14dfS0xc46	[0xc51, [0x14e3, [0x1921, [0x2ed3, [0x1a41, nil]]]]]
0x1a3eS0x2ec7S0x18edS0x14dfS0xc46	[0xc51, [0x14e3, [0x1921, [0x2ed3, [0x1a3e, nil]]]]]
0x25a4S0x2eb4S0x18edS0x14dfS0xc46	[0xc51, [0x14e3, [0x1921, [0x2ec6, [0x25a4, nil]]]]]
0x25a1S0x2eb4S0x18edS0x14dfS0xc46	[0xc51, [0x14e3, [0x1921, [0x2ec6, [0x25a1, nil]]]]]
0x2597S0x2eb4S0x18edS0x14dfS0xc46	[0xc51, [0x14e3, [0x1921, [0x2ec6, [0x2597, nil]]]]]
0x259bS0x2eb4S0x18edS0x14dfS0xc46	[0xc51, [0x14e3, [0x1921, [0x2ec6, [0x259b, nil]]]]]
0x259eS0x2eb4S0x18edS0x14dfS0xc46	[0xc51, [0x14e3, [0x1921, [0x2ec6, [0x259e, nil]]]]]
0x1adfS0x2596S0x2eb4S0x18edS0x14dfS0xc46	[0xc51, [0x14e3, [0x1921, [0x2ec6, [0x259e, [0x1adf, nil]]]]]]
0x1ad0S0x2596S0x2eb4S0x18edS0x14dfS0xc46	[0xc51, [0x14e3, [0x1921, [0x2ec6, [0x259e, [0x1ad0, nil]]]]]]
0x1ad1S0x2596S0x2eb4S0x18edS0x14dfS0xc46	[0xc51, [0x14e3, [0x1921, [0x2ec6, [0x259e, [0x1ad1, nil]]]]]]
0x1ad5S0x2596S0x2eb4S0x18edS0x14dfS0xc46	[0xc51, [0x14e3, [0x1921, [0x2ec6, [0x259e, [0x1ad5, nil]]]]]]
0x1ad8S0x2596S0x2eb4S0x18edS0x14dfS0xc46	[0xc51, [0x14e3, [0x1921, [0x2ec6, [0x259e, [0x1ad8, nil]]]]]]
0x1ab1S0x1acfS0x2596S0x2eb4S0x18edS0x14dfS0xc46	[0xc51, [0x14e3, [0x1921, [0x2ec6, [0x259e, [0x1ad8, [0x1ab1, nil]]]]]]]
0x1ab2S0x1acfS0x2596S0x2eb4S0x18edS0x14dfS0xc46	[0xc51, [0x14e3, [0x1921, [0x2ec6, [0x259e, [0x1ad8, [0x1ab2, nil]]]]]]]
0x1ac8S0x1acfS0x2596S0x2eb4S0x18edS0x14dfS0xc46	[0xc51, [0x14e3, [0x1921, [0x2ec6, [0x259e, [0x1ad8, [0x1ac8, nil]]]]]]]
0x1aceS0x1acfS0x2596S0x2eb4S0x18edS0x14dfS0xc46	[0xc51, [0x14e3, [0x1921, [0x2ec6, [0x259e, [0x1ad8, [0x1ace, nil]]]]]]]
0x14d4S0xc80	[0xc8b, [0x14d4, nil]]
0x14d8S0xc80	[0xc8b, [0x14d8, nil]]
0x14dbS0xc80	[0xc8b, [0x14db, nil]]
0x14deS0xc80	[0xc8b, [0x14de, nil]]
0x14e6S0xc80	[0xc8b, [0x14e6, nil]]
0x14e0S0xc80	[0xc8b, [0x14e0, nil]]
0x14e3S0xc80	[0xc8b, [0x14e3, nil]]
0x15d1S0x14d3S0xc80	[0xc8b, [0x14de, [0x15d1, nil]]]
0x15d2S0x14d3S0xc80	[0xc8b, [0x14de, [0x15d2, nil]]]
0x15d6S0x14d3S0xc80	[0xc8b, [0x14de, [0x15d6, nil]]]
0x18dfS0x14dfS0xc80	[0xc8b, [0x14e3, [0x18df, nil]]]
0x18e4S0x14dfS0xc80	[0xc8b, [0x14e3, [0x18e4, nil]]]
0x18e7S0x14dfS0xc80	[0xc8b, [0x14e3, [0x18e7, nil]]]
0x18e9S0x14dfS0xc80	[0xc8b, [0x14e3, [0x18e9, nil]]]
0x18ecS0x14dfS0xc80	[0xc8b, [0x14e3, [0x18ec, nil]]]
0x192eS0x14dfS0xc80	[0xc8b, [0x14e3, [0x192e, nil]]]
0x1923S0x14dfS0xc80	[0xc8b, [0x14e3, [0x1923, nil]]]
0x1925S0x14dfS0xc80	[0xc8b, [0x14e3, [0x1925, nil]]]
0x1928S0x14dfS0xc80	[0xc8b, [0x14e3, [0x1928, nil]]]
0x192aS0x14dfS0xc80	[0xc8b, [0x14e3, [0x192a, nil]]]
0x18efS0x14dfS0xc80	[0xc8b, [0x14e3, [0x18ef, nil]]]
0x18f1S0x14dfS0xc80	[0xc8b, [0x14e3, [0x18f1, nil]]]
0x18f2S0x14dfS0xc80	[0xc8b, [0x14e3, [0x18f2, nil]]]
0x1915S0x14dfS0xc80	[0xc8b, [0x14e3, [0x1915, nil]]]
0x1917S0x14dfS0xc80	[0xc8b, [0x14e3, [0x1917, nil]]]
0x1918S0x14dfS0xc80	[0xc8b, [0x14e3, [0x1918, nil]]]
0x191eS0x14dfS0xc80	[0xc8b, [0x14e3, [0x191e, nil]]]
0x1921S0x14dfS0xc80	[0xc8b, [0x14e3, [0x1921, nil]]]
0x1914S0x14dfS0xc80	[0xc8b, [0x14e3, [0x1914, nil]]]
0xc98S0x18deS0x14dfS0xc80	[0xc8b, [0x14e3, [0x18e7, [0xc98, nil]]]]
0xc9aS0x18deS0x14dfS0xc80	[0xc8b, [0x14e3, [0x18e7, [0xc9a, nil]]]]
0xc9eS0x18deS0x14dfS0xc80	[0xc8b, [0x14e3, [0x18e7, [0xc9e, nil]]]]
0xca0S0x18deS0x14dfS0xc80	[0xc8b, [0x14e3, [0x18e7, [0xca0, nil]]]]
0xca4S0x18deS0x14dfS0xc80	[0xc8b, [0x14e3, [0x18e7, [0xca4, nil]]]]
0xca6S0x18deS0x14dfS0xc80	[0xc8b, [0x14e3, [0x18e7, [0xca6, nil]]]]
0xca7S0x18deS0x14dfS0xc80	[0xc8b, [0x14e3, [0x18e7, [0xca7, nil]]]]
0xca8S0x18deS0x14dfS0xc80	[0xc8b, [0x14e3, [0x18e7, [0xca8, nil]]]]
0xca9S0x18deS0x14dfS0xc80	[0xc8b, [0x14e3, [0x18e7, [0xca9, nil]]]]
0xcaaS0x18deS0x14dfS0xc80	[0xc8b, [0x14e3, [0x18e7, [0xcaa, nil]]]]
0xcabS0x18deS0x14dfS0xc80	[0xc8b, [0x14e3, [0x18e7, [0xcab, nil]]]]
0xcadS0x18deS0x14dfS0xc80	[0xc8b, [0x14e3, [0x18e7, [0xcad, nil]]]]
0xcc2S0x18deS0x14dfS0xc80	[0xc8b, [0x14e3, [0x18e7, [0xcc2, nil]]]]
0xcc3S0x18deS0x14dfS0xc80	[0xc8b, [0x14e3, [0x18e7, [0xcc3, nil]]]]
0xcd8S0x18deS0x14dfS0xc80	[0xc8b, [0x14e3, [0x18e7, [0xcd8, nil]]]]
0xcdbS0x18deS0x14dfS0xc80	[0xc8b, [0x14e3, [0x18e7, [0xcdb, nil]]]]
0xcddS0x18deS0x14dfS0xc80	[0xc8b, [0x14e3, [0x18e7, [0xcdd, nil]]]]
0xce1S0x18deS0x14dfS0xc80	[0xc8b, [0x14e3, [0x18e7, [0xce1, nil]]]]
0xce3S0x18deS0x14dfS0xc80	[0xc8b, [0x14e3, [0x18e7, [0xce3, nil]]]]
0xce4S0x18deS0x14dfS0xc80	[0xc8b, [0x14e3, [0x18e7, [0xce4, nil]]]]
0xce5S0x18deS0x14dfS0xc80	[0xc8b, [0x14e3, [0x18e7, [0xce5, nil]]]]
0xce6S0x18deS0x14dfS0xc80	[0xc8b, [0x14e3, [0x18e7, [0xce6, nil]]]]
0xce8S0x18deS0x14dfS0xc80	[0xc8b, [0x14e3, [0x18e7, [0xce8, nil]]]]
0xceaS0x18deS0x14dfS0xc80	[0xc8b, [0x14e3, [0x18e7, [0xcea, nil]]]]
0xcedS0x18deS0x14dfS0xc80	[0xc8b, [0x14e3, [0x18e7, [0xced, nil]]]]
0xcefS0x18deS0x14dfS0xc80	[0xc8b, [0x14e3, [0x18e7, [0xcef, nil]]]]
0xcf0S0x18deS0x14dfS0xc80	[0xc8b, [0x14e3, [0x18e7, [0xcf0, nil]]]]
0xcf2S0x18deS0x14dfS0xc80	[0xc8b, [0x14e3, [0x18e7, [0xcf2, nil]]]]
0xcf9S0x18deS0x14dfS0xc80	[0xc8b, [0x14e3, [0x18e7, [0xcf9, nil]]]]
0xc9dS0x18deS0x14dfS0xc80	[0xc8b, [0x14e3, [0x18e7, [0xc9d, nil]]]]
0xca3S0x18deS0x14dfS0xc80	[0xc8b, [0x14e3, [0x18e7, [0xca3, nil]]]]
0xcdaS0x18deS0x14dfS0xc80	[0xc8b, [0x14e3, [0x18e7, [0xcda, nil]]]]
0xce0S0x18deS0x14dfS0xc80	[0xc8b, [0x14e3, [0x18e7, [0xce0, nil]]]]
0x2eb5S0x18edS0x14dfS0xc80	[0xc8b, [0x14e3, [0x1921, [0x2eb5, nil]]]]
0x2eb6S0x18edS0x14dfS0xc80	[0xc8b, [0x14e3, [0x1921, [0x2eb6, nil]]]]
0x2eb9S0x18edS0x14dfS0xc80	[0xc8b, [0x14e3, [0x1921, [0x2eb9, nil]]]]
0x2ebcS0x18edS0x14dfS0xc80	[0xc8b, [0x14e3, [0x1921, [0x2ebc, nil]]]]
0x2ebfS0x18edS0x14dfS0xc80	[0xc8b, [0x14e3, [0x1921, [0x2ebf, nil]]]]
0x2ec1S0x18edS0x14dfS0xc80	[0xc8b, [0x14e3, [0x1921, [0x2ec1, nil]]]]
0x2ec3S0x18edS0x14dfS0xc80	[0xc8b, [0x14e3, [0x1921, [0x2ec3, nil]]]]
0x2ec6S0x18edS0x14dfS0xc80	[0xc8b, [0x14e3, [0x1921, [0x2ec6, nil]]]]
0x2ec8S0x18edS0x14dfS0xc80	[0xc8b, [0x14e3, [0x1921, [0x2ec8, nil]]]]
0x2ecbS0x18edS0x14dfS0xc80	[0xc8b, [0x14e3, [0x1921, [0x2ecb, nil]]]]
0x2eceS0x18edS0x14dfS0xc80	[0xc8b, [0x14e3, [0x1921, [0x2ece, nil]]]]
0x2ed0S0x18edS0x14dfS0xc80	[0xc8b, [0x14e3, [0x1921, [0x2ed0, nil]]]]
0x2ed3S0x18edS0x14dfS0xc80	[0xc8b, [0x14e3, [0x1921, [0x2ed3, nil]]]]
0x2edaS0x18edS0x14dfS0xc80	[0xc8b, [0x14e3, [0x1921, [0x2eda, nil]]]]
0x1a34S0x2ec7S0x18edS0x14dfS0xc80	[0xc8b, [0x14e3, [0x1921, [0x2ed3, [0x1a34, nil]]]]]
0x1a38S0x2ec7S0x18edS0x14dfS0xc80	[0xc8b, [0x14e3, [0x1921, [0x2ed3, [0x1a38, nil]]]]]
0x1a3bS0x2ec7S0x18edS0x14dfS0xc80	[0xc8b, [0x14e3, [0x1921, [0x2ed3, [0x1a3b, nil]]]]]
0x1a2bS0x1a33S0x2ec7S0x18edS0x14dfS0xc80	[0xc8b, [0x14e3, [0x1921, [0x2ed3, [0x1a3b, [0x1a2b, nil]]]]]]
0x1a32S0x1a33S0x2ec7S0x18edS0x14dfS0xc80	[0xc8b, [0x14e3, [0x1921, [0x2ed3, [0x1a3b, [0x1a32, nil]]]]]]
0x1a41S0x2ec7S0x18edS0x14dfS0xc80	[0xc8b, [0x14e3, [0x1921, [0x2ed3, [0x1a41, nil]]]]]
0x1a3eS0x2ec7S0x18edS0x14dfS0xc80	[0xc8b, [0x14e3, [0x1921, [0x2ed3, [0x1a3e, nil]]]]]
0x25a4S0x2eb4S0x18edS0x14dfS0xc80	[0xc8b, [0x14e3, [0x1921, [0x2ec6, [0x25a4, nil]]]]]
0x25a1S0x2eb4S0x18edS0x14dfS0xc80	[0xc8b, [0x14e3, [0x1921, [0x2ec6, [0x25a1, nil]]]]]
0x2597S0x2eb4S0x18edS0x14dfS0xc80	[0xc8b, [0x14e3, [0x1921, [0x2ec6, [0x2597, nil]]]]]
0x259bS0x2eb4S0x18edS0x14dfS0xc80	[0xc8b, [0x14e3, [0x1921, [0x2ec6, [0x259b, nil]]]]]
0x259eS0x2eb4S0x18edS0x14dfS0xc80	[0xc8b, [0x14e3, [0x1921, [0x2ec6, [0x259e, nil]]]]]
0x1adfS0x2596S0x2eb4S0x18edS0x14dfS0xc80	[0xc8b, [0x14e3, [0x1921, [0x2ec6, [0x259e, [0x1adf, nil]]]]]]
0x1ad0S0x2596S0x2eb4S0x18edS0x14dfS0xc80	[0xc8b, [0x14e3, [0x1921, [0x2ec6, [0x259e, [0x1ad0, nil]]]]]]
0x1ad1S0x2596S0x2eb4S0x18edS0x14dfS0xc80	[0xc8b, [0x14e3, [0x1921, [0x2ec6, [0x259e, [0x1ad1, nil]]]]]]
0x1ad5S0x2596S0x2eb4S0x18edS0x14dfS0xc80	[0xc8b, [0x14e3, [0x1921, [0x2ec6, [0x259e, [0x1ad5, nil]]]]]]
0x1ad8S0x2596S0x2eb4S0x18edS0x14dfS0xc80	[0xc8b, [0x14e3, [0x1921, [0x2ec6, [0x259e, [0x1ad8, nil]]]]]]
0x1ab1S0x1acfS0x2596S0x2eb4S0x18edS0x14dfS0xc80	[0xc8b, [0x14e3, [0x1921, [0x2ec6, [0x259e, [0x1ad8, [0x1ab1, nil]]]]]]]
0x1ab2S0x1acfS0x2596S0x2eb4S0x18edS0x14dfS0xc80	[0xc8b, [0x14e3, [0x1921, [0x2ec6, [0x259e, [0x1ad8, [0x1ab2, nil]]]]]]]
0x1ac8S0x1acfS0x2596S0x2eb4S0x18edS0x14dfS0xc80	[0xc8b, [0x14e3, [0x1921, [0x2ec6, [0x259e, [0x1ad8, [0x1ac8, nil]]]]]]]
0x1aceS0x1acfS0x2596S0x2eb4S0x18edS0x14dfS0xc80	[0xc8b, [0x14e3, [0x1921, [0x2ec6, [0x259e, [0x1ad8, [0x1ace, nil]]]]]]]
0x14d4S0x505	[0x50d, [0x14d4, nil]]
0x14d8S0x505	[0x50d, [0x14d8, nil]]
0x14dbS0x505	[0x50d, [0x14db, nil]]
0x14deS0x505	[0x50d, [0x14de, nil]]
0x14e6S0x505	[0x50d, [0x14e6, nil]]
0x14e0S0x505	[0x50d, [0x14e0, nil]]
0x14e3S0x505	[0x50d, [0x14e3, nil]]
0x15d1S0x14d3S0x505	[0x50d, [0x14de, [0x15d1, nil]]]
0x15d2S0x14d3S0x505	[0x50d, [0x14de, [0x15d2, nil]]]
0x15d6S0x14d3S0x505	[0x50d, [0x14de, [0x15d6, nil]]]
0x18dfS0x14dfS0x505	[0x50d, [0x14e3, [0x18df, nil]]]
0x18e4S0x14dfS0x505	[0x50d, [0x14e3, [0x18e4, nil]]]
0x18e7S0x14dfS0x505	[0x50d, [0x14e3, [0x18e7, nil]]]
0x18e9S0x14dfS0x505	[0x50d, [0x14e3, [0x18e9, nil]]]
0x18ecS0x14dfS0x505	[0x50d, [0x14e3, [0x18ec, nil]]]
0x192eS0x14dfS0x505	[0x50d, [0x14e3, [0x192e, nil]]]
0x1923S0x14dfS0x505	[0x50d, [0x14e3, [0x1923, nil]]]
0x1925S0x14dfS0x505	[0x50d, [0x14e3, [0x1925, nil]]]
0x1928S0x14dfS0x505	[0x50d, [0x14e3, [0x1928, nil]]]
0x192aS0x14dfS0x505	[0x50d, [0x14e3, [0x192a, nil]]]
0x18efS0x14dfS0x505	[0x50d, [0x14e3, [0x18ef, nil]]]
0x18f1S0x14dfS0x505	[0x50d, [0x14e3, [0x18f1, nil]]]
0x18f2S0x14dfS0x505	[0x50d, [0x14e3, [0x18f2, nil]]]
0x1915S0x14dfS0x505	[0x50d, [0x14e3, [0x1915, nil]]]
0x1917S0x14dfS0x505	[0x50d, [0x14e3, [0x1917, nil]]]
0x1918S0x14dfS0x505	[0x50d, [0x14e3, [0x1918, nil]]]
0x191eS0x14dfS0x505	[0x50d, [0x14e3, [0x191e, nil]]]
0x1921S0x14dfS0x505	[0x50d, [0x14e3, [0x1921, nil]]]
0x1914S0x14dfS0x505	[0x50d, [0x14e3, [0x1914, nil]]]
0xc98S0x18deS0x14dfS0x505	[0x50d, [0x14e3, [0x18e7, [0xc98, nil]]]]
0xc9aS0x18deS0x14dfS0x505	[0x50d, [0x14e3, [0x18e7, [0xc9a, nil]]]]
0xc9eS0x18deS0x14dfS0x505	[0x50d, [0x14e3, [0x18e7, [0xc9e, nil]]]]
0xca0S0x18deS0x14dfS0x505	[0x50d, [0x14e3, [0x18e7, [0xca0, nil]]]]
0xca4S0x18deS0x14dfS0x505	[0x50d, [0x14e3, [0x18e7, [0xca4, nil]]]]
0xca6S0x18deS0x14dfS0x505	[0x50d, [0x14e3, [0x18e7, [0xca6, nil]]]]
0xca7S0x18deS0x14dfS0x505	[0x50d, [0x14e3, [0x18e7, [0xca7, nil]]]]
0xca8S0x18deS0x14dfS0x505	[0x50d, [0x14e3, [0x18e7, [0xca8, nil]]]]
0xca9S0x18deS0x14dfS0x505	[0x50d, [0x14e3, [0x18e7, [0xca9, nil]]]]
0xcaaS0x18deS0x14dfS0x505	[0x50d, [0x14e3, [0x18e7, [0xcaa, nil]]]]
0xcabS0x18deS0x14dfS0x505	[0x50d, [0x14e3, [0x18e7, [0xcab, nil]]]]
0xcadS0x18deS0x14dfS0x505	[0x50d, [0x14e3, [0x18e7, [0xcad, nil]]]]
0xcc2S0x18deS0x14dfS0x505	[0x50d, [0x14e3, [0x18e7, [0xcc2, nil]]]]
0xcc3S0x18deS0x14dfS0x505	[0x50d, [0x14e3, [0x18e7, [0xcc3, nil]]]]
0xcd8S0x18deS0x14dfS0x505	[0x50d, [0x14e3, [0x18e7, [0xcd8, nil]]]]
0xcdbS0x18deS0x14dfS0x505	[0x50d, [0x14e3, [0x18e7, [0xcdb, nil]]]]
0xcddS0x18deS0x14dfS0x505	[0x50d, [0x14e3, [0x18e7, [0xcdd, nil]]]]
0xce1S0x18deS0x14dfS0x505	[0x50d, [0x14e3, [0x18e7, [0xce1, nil]]]]
0xce3S0x18deS0x14dfS0x505	[0x50d, [0x14e3, [0x18e7, [0xce3, nil]]]]
0xce4S0x18deS0x14dfS0x505	[0x50d, [0x14e3, [0x18e7, [0xce4, nil]]]]
0xce5S0x18deS0x14dfS0x505	[0x50d, [0x14e3, [0x18e7, [0xce5, nil]]]]
0xce6S0x18deS0x14dfS0x505	[0x50d, [0x14e3, [0x18e7, [0xce6, nil]]]]
0xce8S0x18deS0x14dfS0x505	[0x50d, [0x14e3, [0x18e7, [0xce8, nil]]]]
0xceaS0x18deS0x14dfS0x505	[0x50d, [0x14e3, [0x18e7, [0xcea, nil]]]]
0xcedS0x18deS0x14dfS0x505	[0x50d, [0x14e3, [0x18e7, [0xced, nil]]]]
0xcefS0x18deS0x14dfS0x505	[0x50d, [0x14e3, [0x18e7, [0xcef, nil]]]]
0xcf0S0x18deS0x14dfS0x505	[0x50d, [0x14e3, [0x18e7, [0xcf0, nil]]]]
0xcf2S0x18deS0x14dfS0x505	[0x50d, [0x14e3, [0x18e7, [0xcf2, nil]]]]
0xcf9S0x18deS0x14dfS0x505	[0x50d, [0x14e3, [0x18e7, [0xcf9, nil]]]]
0xc9dS0x18deS0x14dfS0x505	[0x50d, [0x14e3, [0x18e7, [0xc9d, nil]]]]
0xca3S0x18deS0x14dfS0x505	[0x50d, [0x14e3, [0x18e7, [0xca3, nil]]]]
0xcdaS0x18deS0x14dfS0x505	[0x50d, [0x14e3, [0x18e7, [0xcda, nil]]]]
0xce0S0x18deS0x14dfS0x505	[0x50d, [0x14e3, [0x18e7, [0xce0, nil]]]]
0x2eb5S0x18edS0x14dfS0x505	[0x50d, [0x14e3, [0x1921, [0x2eb5, nil]]]]
0x2eb6S0x18edS0x14dfS0x505	[0x50d, [0x14e3, [0x1921, [0x2eb6, nil]]]]
0x2eb9S0x18edS0x14dfS0x505	[0x50d, [0x14e3, [0x1921, [0x2eb9, nil]]]]
0x2ebcS0x18edS0x14dfS0x505	[0x50d, [0x14e3, [0x1921, [0x2ebc, nil]]]]
0x2ebfS0x18edS0x14dfS0x505	[0x50d, [0x14e3, [0x1921, [0x2ebf, nil]]]]
0x2ec1S0x18edS0x14dfS0x505	[0x50d, [0x14e3, [0x1921, [0x2ec1, nil]]]]
0x2ec3S0x18edS0x14dfS0x505	[0x50d, [0x14e3, [0x1921, [0x2ec3, nil]]]]
0x2ec6S0x18edS0x14dfS0x505	[0x50d, [0x14e3, [0x1921, [0x2ec6, nil]]]]
0x2ec8S0x18edS0x14dfS0x505	[0x50d, [0x14e3, [0x1921, [0x2ec8, nil]]]]
0x2ecbS0x18edS0x14dfS0x505	[0x50d, [0x14e3, [0x1921, [0x2ecb, nil]]]]
0x2eceS0x18edS0x14dfS0x505	[0x50d, [0x14e3, [0x1921, [0x2ece, nil]]]]
0x2ed0S0x18edS0x14dfS0x505	[0x50d, [0x14e3, [0x1921, [0x2ed0, nil]]]]
0x2ed3S0x18edS0x14dfS0x505	[0x50d, [0x14e3, [0x1921, [0x2ed3, nil]]]]
0x2edaS0x18edS0x14dfS0x505	[0x50d, [0x14e3, [0x1921, [0x2eda, nil]]]]
0x1a34S0x2ec7S0x18edS0x14dfS0x505	[0x50d, [0x14e3, [0x1921, [0x2ed3, [0x1a34, nil]]]]]
0x1a38S0x2ec7S0x18edS0x14dfS0x505	[0x50d, [0x14e3, [0x1921, [0x2ed3, [0x1a38, nil]]]]]
0x1a3bS0x2ec7S0x18edS0x14dfS0x505	[0x50d, [0x14e3, [0x1921, [0x2ed3, [0x1a3b, nil]]]]]
0x1a2bS0x1a33S0x2ec7S0x18edS0x14dfS0x505	[0x50d, [0x14e3, [0x1921, [0x2ed3, [0x1a3b, [0x1a2b, nil]]]]]]
0x1a32S0x1a33S0x2ec7S0x18edS0x14dfS0x505	[0x50d, [0x14e3, [0x1921, [0x2ed3, [0x1a3b, [0x1a32, nil]]]]]]
0x1a41S0x2ec7S0x18edS0x14dfS0x505	[0x50d, [0x14e3, [0x1921, [0x2ed3, [0x1a41, nil]]]]]
0x1a3eS0x2ec7S0x18edS0x14dfS0x505	[0x50d, [0x14e3, [0x1921, [0x2ed3, [0x1a3e, nil]]]]]
0x25a4S0x2eb4S0x18edS0x14dfS0x505	[0x50d, [0x14e3, [0x1921, [0x2ec6, [0x25a4, nil]]]]]
0x25a1S0x2eb4S0x18edS0x14dfS0x505	[0x50d, [0x14e3, [0x1921, [0x2ec6, [0x25a1, nil]]]]]
0x2597S0x2eb4S0x18edS0x14dfS0x505	[0x50d, [0x14e3, [0x1921, [0x2ec6, [0x2597, nil]]]]]
0x259bS0x2eb4S0x18edS0x14dfS0x505	[0x50d, [0x14e3, [0x1921, [0x2ec6, [0x259b, nil]]]]]
0x259eS0x2eb4S0x18edS0x14dfS0x505	[0x50d, [0x14e3, [0x1921, [0x2ec6, [0x259e, nil]]]]]
0x1adfS0x2596S0x2eb4S0x18edS0x14dfS0x505	[0x50d, [0x14e3, [0x1921, [0x2ec6, [0x259e, [0x1adf, nil]]]]]]
0x1ad0S0x2596S0x2eb4S0x18edS0x14dfS0x505	[0x50d, [0x14e3, [0x1921, [0x2ec6, [0x259e, [0x1ad0, nil]]]]]]
0x1ad1S0x2596S0x2eb4S0x18edS0x14dfS0x505	[0x50d, [0x14e3, [0x1921, [0x2ec6, [0x259e, [0x1ad1, nil]]]]]]
0x1ad5S0x2596S0x2eb4S0x18edS0x14dfS0x505	[0x50d, [0x14e3, [0x1921, [0x2ec6, [0x259e, [0x1ad5, nil]]]]]]
0x1ad8S0x2596S0x2eb4S0x18edS0x14dfS0x505	[0x50d, [0x14e3, [0x1921, [0x2ec6, [0x259e, [0x1ad8, nil]]]]]]
0x1ab1S0x1acfS0x2596S0x2eb4S0x18edS0x14dfS0x505	[0x50d, [0x14e3, [0x1921, [0x2ec6, [0x259e, [0x1ad8, [0x1ab1, nil]]]]]]]
0x1ab2S0x1acfS0x2596S0x2eb4S0x18edS0x14dfS0x505	[0x50d, [0x14e3, [0x1921, [0x2ec6, [0x259e, [0x1ad8, [0x1ab2, nil]]]]]]]
0x1ac8S0x1acfS0x2596S0x2eb4S0x18edS0x14dfS0x505	[0x50d, [0x14e3, [0x1921, [0x2ec6, [0x259e, [0x1ad8, [0x1ac8, nil]]]]]]]
0x1aceS0x1acfS0x2596S0x2eb4S0x18edS0x14dfS0x505	[0x50d, [0x14e3, [0x1921, [0x2ec6, [0x259e, [0x1ad8, [0x1ace, nil]]]]]]]
0x23d3S0x240c	[0x2424, [0x23d3, nil]]
0x23d8S0x240c	[0x2424, [0x23d8, nil]]
0x23dbS0x240c	[0x2424, [0x23db, nil]]
0x2377S0x240c	[0x2424, [0x2377, nil]]
0x2374S0x240c	[0x2424, [0x2374, nil]]
0x2384S0x240c	[0x2424, [0x2384, nil]]
0x2387S0x240c	[0x2424, [0x2387, nil]]
0x238eS0x240c	[0x2424, [0x238e, nil]]
0x236aS0x240c	[0x2424, [0x236a, nil]]
0x236eS0x240c	[0x2424, [0x236e, nil]]
0x2371S0x240c	[0x2424, [0x2371, nil]]
0x23bfS0x240c	[0x2424, [0x23bf, nil]]
0x23c3S0x240c	[0x2424, [0x23c3, nil]]
0x23c6S0x240c	[0x2424, [0x23c6, nil]]
0x2351S0x240c	[0x2424, [0x2351, nil]]
0x2355S0x240c	[0x2424, [0x2355, nil]]
0x2358S0x240c	[0x2424, [0x2358, nil]]
0x235fS0x240c	[0x2424, [0x235f, nil]]
0x2354S0x240c	[0x2424, [0x2354, nil]]
0x23c9S0x240c	[0x2424, [0x23c9, nil]]
0x2361S0x240c	[0x2424, [0x2361, nil]]
0x2368S0x240c	[0x2424, [0x2368, nil]]
0x240bS0x240c	[0x2424, [0x240b, nil]]
0x23ddS0x240c	[0x2424, [0x23dd, nil]]
0x23e2S0x240c	[0x2424, [0x23e2, nil]]
0x23e5S0x240c	[0x2424, [0x23e5, nil]]
0x23e9S0x240c	[0x2424, [0x23e9, nil]]
0x23edS0x240c	[0x2424, [0x23ed, nil]]
0x23f0S0x240c	[0x2424, [0x23f0, nil]]
0x2379S0x240c	[0x2424, [0x2379, nil]]
0x237aS0x240c	[0x2424, [0x237a, nil]]
0x237fS0x240c	[0x2424, [0x237f, nil]]
0x2382S0x240c	[0x2424, [0x2382, nil]]
0x23f5S0x240c	[0x2424, [0x23f5, nil]]
0x23f8S0x240c	[0x2424, [0x23f8, nil]]
0x23fbS0x240c	[0x2424, [0x23fb, nil]]
0x23feS0x240c	[0x2424, [0x23fe, nil]]
0x23a6S0x240c	[0x2424, [0x23a6, nil]]
0x23a7S0x240c	[0x2424, [0x23a7, nil]]
0x23aaS0x240c	[0x2424, [0x23aa, nil]]
0x23b0S0x240c	[0x2424, [0x23b0, nil]]
0x23cdS0x240c	[0x2424, [0x23cd, nil]]
0x23ceS0x240c	[0x2424, [0x23ce, nil]]
0x23cfS0x240c	[0x2424, [0x23cf, nil]]
0x23d2S0x240c	[0x2424, [0x23d2, nil]]
0x23b2S0x240c	[0x2424, [0x23b2, nil]]
0x23b3S0x240c	[0x2424, [0x23b3, nil]]
0x23b8S0x240c	[0x2424, [0x23b8, nil]]
0x23bbS0x240c	[0x2424, [0x23bb, nil]]
0x1ad0S0x2369S0x240c	[0x2424, [0x2371, [0x1ad0, nil]]]
0x1ad1S0x2369S0x240c	[0x2424, [0x2371, [0x1ad1, nil]]]
0x1ad5S0x2369S0x240c	[0x2424, [0x2371, [0x1ad5, nil]]]
0x1ad8S0x2369S0x240c	[0x2424, [0x2371, [0x1ad8, nil]]]
0x1ab1S0x1acfS0x2369S0x240c	[0x2424, [0x2371, [0x1ad8, [0x1ab1, nil]]]]
0x1ab2S0x1acfS0x2369S0x240c	[0x2424, [0x2371, [0x1ad8, [0x1ab2, nil]]]]
0x1ac8S0x1acfS0x2369S0x240c	[0x2424, [0x2371, [0x1ad8, [0x1ac8, nil]]]]
0x1aceS0x1acfS0x2369S0x240c	[0x2424, [0x2371, [0x1ad8, [0x1ace, nil]]]]
0x1adfS0x2369S0x240c	[0x2424, [0x2371, [0x1adf, nil]]]
0x23a4S0x23d3S0x240c	[0x2424, [0x23db, [0x23a4, nil]]]
0x2390S0x23d3S0x240c	[0x2424, [0x23db, [0x2390, nil]]]
0x2391S0x23d3S0x240c	[0x2424, [0x23db, [0x2391, nil]]]
0x2394S0x23d3S0x240c	[0x2424, [0x23db, [0x2394, nil]]]
0x2397S0x23d3S0x240c	[0x2424, [0x23db, [0x2397, nil]]]
0x2399S0x23d3S0x240c	[0x2424, [0x23db, [0x2399, nil]]]
0x239cS0x23d3S0x240c	[0x2424, [0x23db, [0x239c, nil]]]
0x1b09S0x238fS0x23d3S0x240c	[0x2424, [0x23db, [0x239c, [0x1b09, nil]]]]
0x1af7S0x238fS0x23d3S0x240c	[0x2424, [0x23db, [0x239c, [0x1af7, nil]]]]
0x1af9S0x238fS0x23d3S0x240c	[0x2424, [0x23db, [0x239c, [0x1af9, nil]]]]
0x1afcS0x238fS0x23d3S0x240c	[0x2424, [0x23db, [0x239c, [0x1afc, nil]]]]
0x1b00S0x238fS0x23d3S0x240c	[0x2424, [0x23db, [0x239c, [0x1b00, nil]]]]
0x1b03S0x238fS0x23d3S0x240c	[0x2424, [0x23db, [0x239c, [0x1b03, nil]]]]
0x1af0S0x1af6S0x238fS0x23d3S0x240c	[0x2424, [0x23db, [0x239c, [0x1b03, [0x1af0, nil]]]]]
0x1af2S0x1af6S0x238fS0x23d3S0x240c	[0x2424, [0x23db, [0x239c, [0x1b03, [0x1af2, nil]]]]]
0x1aebS0x1af6S0x238fS0x23d3S0x240c	[0x2424, [0x23db, [0x239c, [0x1b03, [0x1aeb, nil]]]]]
0x1aecS0x1af6S0x238fS0x23d3S0x240c	[0x2424, [0x23db, [0x239c, [0x1b03, [0x1aec, nil]]]]]
0x1aefS0x1af6S0x238fS0x23d3S0x240c	[0x2424, [0x23db, [0x239c, [0x1b03, [0x1aef, nil]]]]]
0x1af5S0x1af6S0x238fS0x23d3S0x240c	[0x2424, [0x23db, [0x239c, [0x1b03, [0x1af5, nil]]]]]
0x1ae1S0x1af6S0x238fS0x23d3S0x240c	[0x2424, [0x23db, [0x239c, [0x1b03, [0x1ae1, nil]]]]]
0x1ae5S0x1af6S0x238fS0x23d3S0x240c	[0x2424, [0x23db, [0x239c, [0x1b03, [0x1ae5, nil]]]]]
0x1ae8S0x1af6S0x238fS0x23d3S0x240c	[0x2424, [0x23db, [0x239c, [0x1b03, [0x1ae8, nil]]]]]
0x1adfS0x1ae0S0x1af6S0x238fS0x23d3S0x240c	[0x2424, [0x23db, [0x239c, [0x1b03, [0x1ae8, [0x1adf, nil]]]]]]
0x1ad0S0x1ae0S0x1af6S0x238fS0x23d3S0x240c	[0x2424, [0x23db, [0x239c, [0x1b03, [0x1ae8, [0x1ad0, nil]]]]]]
0x1ad1S0x1ae0S0x1af6S0x238fS0x23d3S0x240c	[0x2424, [0x23db, [0x239c, [0x1b03, [0x1ae8, [0x1ad1, nil]]]]]]
0x1ad5S0x1ae0S0x1af6S0x238fS0x23d3S0x240c	[0x2424, [0x23db, [0x239c, [0x1b03, [0x1ae8, [0x1ad5, nil]]]]]]
0x1ad8S0x1ae0S0x1af6S0x238fS0x23d3S0x240c	[0x2424, [0x23db, [0x239c, [0x1b03, [0x1ae8, [0x1ad8, nil]]]]]]
0x1ab1S0x1acfS0x1ae0S0x1af6S0x238fS0x23d3S0x240c	[0x2424, [0x23db, [0x239c, [0x1b03, [0x1ae8, [0x1ad8, [0x1ab1, nil]]]]]]]
0x1ab2S0x1acfS0x1ae0S0x1af6S0x238fS0x23d3S0x240c	[0x2424, [0x23db, [0x239c, [0x1b03, [0x1ae8, [0x1ad8, [0x1ab2, nil]]]]]]]
0x1ac8S0x1acfS0x1ae0S0x1af6S0x238fS0x23d3S0x240c	[0x2424, [0x23db, [0x239c, [0x1b03, [0x1ae8, [0x1ad8, [0x1ac8, nil]]]]]]]
0x1aceS0x1acfS0x1ae0S0x1af6S0x238fS0x23d3S0x240c	[0x2424, [0x23db, [0x239c, [0x1b03, [0x1ae8, [0x1ad8, [0x1ace, nil]]]]]]]
0x14d4S0x953	[0x95e, [0x14d4, nil]]
0x14d8S0x953	[0x95e, [0x14d8, nil]]
0x14dbS0x953	[0x95e, [0x14db, nil]]
0x14deS0x953	[0x95e, [0x14de, nil]]
0x14e6S0x953	[0x95e, [0x14e6, nil]]
0x14e0S0x953	[0x95e, [0x14e0, nil]]
0x14e3S0x953	[0x95e, [0x14e3, nil]]
0x15d1S0x14d3S0x953	[0x95e, [0x14de, [0x15d1, nil]]]
0x15d2S0x14d3S0x953	[0x95e, [0x14de, [0x15d2, nil]]]
0x15d6S0x14d3S0x953	[0x95e, [0x14de, [0x15d6, nil]]]
0x18dfS0x14dfS0x953	[0x95e, [0x14e3, [0x18df, nil]]]
0x18e4S0x14dfS0x953	[0x95e, [0x14e3, [0x18e4, nil]]]
0x18e7S0x14dfS0x953	[0x95e, [0x14e3, [0x18e7, nil]]]
0x18e9S0x14dfS0x953	[0x95e, [0x14e3, [0x18e9, nil]]]
0x18ecS0x14dfS0x953	[0x95e, [0x14e3, [0x18ec, nil]]]
0x192eS0x14dfS0x953	[0x95e, [0x14e3, [0x192e, nil]]]
0x1923S0x14dfS0x953	[0x95e, [0x14e3, [0x1923, nil]]]
0x1925S0x14dfS0x953	[0x95e, [0x14e3, [0x1925, nil]]]
0x1928S0x14dfS0x953	[0x95e, [0x14e3, [0x1928, nil]]]
0x192aS0x14dfS0x953	[0x95e, [0x14e3, [0x192a, nil]]]
0x18efS0x14dfS0x953	[0x95e, [0x14e3, [0x18ef, nil]]]
0x18f1S0x14dfS0x953	[0x95e, [0x14e3, [0x18f1, nil]]]
0x18f2S0x14dfS0x953	[0x95e, [0x14e3, [0x18f2, nil]]]
0x1915S0x14dfS0x953	[0x95e, [0x14e3, [0x1915, nil]]]
0x1917S0x14dfS0x953	[0x95e, [0x14e3, [0x1917, nil]]]
0x1918S0x14dfS0x953	[0x95e, [0x14e3, [0x1918, nil]]]
0x191eS0x14dfS0x953	[0x95e, [0x14e3, [0x191e, nil]]]
0x1921S0x14dfS0x953	[0x95e, [0x14e3, [0x1921, nil]]]
0x1914S0x14dfS0x953	[0x95e, [0x14e3, [0x1914, nil]]]
0xc98S0x18deS0x14dfS0x953	[0x95e, [0x14e3, [0x18e7, [0xc98, nil]]]]
0xc9aS0x18deS0x14dfS0x953	[0x95e, [0x14e3, [0x18e7, [0xc9a, nil]]]]
0xc9eS0x18deS0x14dfS0x953	[0x95e, [0x14e3, [0x18e7, [0xc9e, nil]]]]
0xca0S0x18deS0x14dfS0x953	[0x95e, [0x14e3, [0x18e7, [0xca0, nil]]]]
0xca4S0x18deS0x14dfS0x953	[0x95e, [0x14e3, [0x18e7, [0xca4, nil]]]]
0xca6S0x18deS0x14dfS0x953	[0x95e, [0x14e3, [0x18e7, [0xca6, nil]]]]
0xca7S0x18deS0x14dfS0x953	[0x95e, [0x14e3, [0x18e7, [0xca7, nil]]]]
0xca8S0x18deS0x14dfS0x953	[0x95e, [0x14e3, [0x18e7, [0xca8, nil]]]]
0xca9S0x18deS0x14dfS0x953	[0x95e, [0x14e3, [0x18e7, [0xca9, nil]]]]
0xcaaS0x18deS0x14dfS0x953	[0x95e, [0x14e3, [0x18e7, [0xcaa, nil]]]]
0xcabS0x18deS0x14dfS0x953	[0x95e, [0x14e3, [0x18e7, [0xcab, nil]]]]
0xcadS0x18deS0x14dfS0x953	[0x95e, [0x14e3, [0x18e7, [0xcad, nil]]]]
0xcc2S0x18deS0x14dfS0x953	[0x95e, [0x14e3, [0x18e7, [0xcc2, nil]]]]
0xcc3S0x18deS0x14dfS0x953	[0x95e, [0x14e3, [0x18e7, [0xcc3, nil]]]]
0xcd8S0x18deS0x14dfS0x953	[0x95e, [0x14e3, [0x18e7, [0xcd8, nil]]]]
0xcdbS0x18deS0x14dfS0x953	[0x95e, [0x14e3, [0x18e7, [0xcdb, nil]]]]
0xcddS0x18deS0x14dfS0x953	[0x95e, [0x14e3, [0x18e7, [0xcdd, nil]]]]
0xce1S0x18deS0x14dfS0x953	[0x95e, [0x14e3, [0x18e7, [0xce1, nil]]]]
0xce3S0x18deS0x14dfS0x953	[0x95e, [0x14e3, [0x18e7, [0xce3, nil]]]]
0xce4S0x18deS0x14dfS0x953	[0x95e, [0x14e3, [0x18e7, [0xce4, nil]]]]
0xce5S0x18deS0x14dfS0x953	[0x95e, [0x14e3, [0x18e7, [0xce5, nil]]]]
0xce6S0x18deS0x14dfS0x953	[0x95e, [0x14e3, [0x18e7, [0xce6, nil]]]]
0xce8S0x18deS0x14dfS0x953	[0x95e, [0x14e3, [0x18e7, [0xce8, nil]]]]
0xceaS0x18deS0x14dfS0x953	[0x95e, [0x14e3, [0x18e7, [0xcea, nil]]]]
0xcedS0x18deS0x14dfS0x953	[0x95e, [0x14e3, [0x18e7, [0xced, nil]]]]
0xcefS0x18deS0x14dfS0x953	[0x95e, [0x14e3, [0x18e7, [0xcef, nil]]]]
0xcf0S0x18deS0x14dfS0x953	[0x95e, [0x14e3, [0x18e7, [0xcf0, nil]]]]
0xcf2S0x18deS0x14dfS0x953	[0x95e, [0x14e3, [0x18e7, [0xcf2, nil]]]]
0xcf9S0x18deS0x14dfS0x953	[0x95e, [0x14e3, [0x18e7, [0xcf9, nil]]]]
0xc9dS0x18deS0x14dfS0x953	[0x95e, [0x14e3, [0x18e7, [0xc9d, nil]]]]
0xca3S0x18deS0x14dfS0x953	[0x95e, [0x14e3, [0x18e7, [0xca3, nil]]]]
0xcdaS0x18deS0x14dfS0x953	[0x95e, [0x14e3, [0x18e7, [0xcda, nil]]]]
0xce0S0x18deS0x14dfS0x953	[0x95e, [0x14e3, [0x18e7, [0xce0, nil]]]]
0x2eb5S0x18edS0x14dfS0x953	[0x95e, [0x14e3, [0x1921, [0x2eb5, nil]]]]
0x2eb6S0x18edS0x14dfS0x953	[0x95e, [0x14e3, [0x1921, [0x2eb6, nil]]]]
0x2eb9S0x18edS0x14dfS0x953	[0x95e, [0x14e3, [0x1921, [0x2eb9, nil]]]]
0x2ebcS0x18edS0x14dfS0x953	[0x95e, [0x14e3, [0x1921, [0x2ebc, nil]]]]
0x2ebfS0x18edS0x14dfS0x953	[0x95e, [0x14e3, [0x1921, [0x2ebf, nil]]]]
0x2ec1S0x18edS0x14dfS0x953	[0x95e, [0x14e3, [0x1921, [0x2ec1, nil]]]]
0x2ec3S0x18edS0x14dfS0x953	[0x95e, [0x14e3, [0x1921, [0x2ec3, nil]]]]
0x2ec6S0x18edS0x14dfS0x953	[0x95e, [0x14e3, [0x1921, [0x2ec6, nil]]]]
0x2ec8S0x18edS0x14dfS0x953	[0x95e, [0x14e3, [0x1921, [0x2ec8, nil]]]]
0x2ecbS0x18edS0x14dfS0x953	[0x95e, [0x14e3, [0x1921, [0x2ecb, nil]]]]
0x2eceS0x18edS0x14dfS0x953	[0x95e, [0x14e3, [0x1921, [0x2ece, nil]]]]
0x2ed0S0x18edS0x14dfS0x953	[0x95e, [0x14e3, [0x1921, [0x2ed0, nil]]]]
0x2ed3S0x18edS0x14dfS0x953	[0x95e, [0x14e3, [0x1921, [0x2ed3, nil]]]]
0x2edaS0x18edS0x14dfS0x953	[0x95e, [0x14e3, [0x1921, [0x2eda, nil]]]]
0x1a34S0x2ec7S0x18edS0x14dfS0x953	[0x95e, [0x14e3, [0x1921, [0x2ed3, [0x1a34, nil]]]]]
0x1a38S0x2ec7S0x18edS0x14dfS0x953	[0x95e, [0x14e3, [0x1921, [0x2ed3, [0x1a38, nil]]]]]
0x1a3bS0x2ec7S0x18edS0x14dfS0x953	[0x95e, [0x14e3, [0x1921, [0x2ed3, [0x1a3b, nil]]]]]
0x1a2bS0x1a33S0x2ec7S0x18edS0x14dfS0x953	[0x95e, [0x14e3, [0x1921, [0x2ed3, [0x1a3b, [0x1a2b, nil]]]]]]
0x1a32S0x1a33S0x2ec7S0x18edS0x14dfS0x953	[0x95e, [0x14e3, [0x1921, [0x2ed3, [0x1a3b, [0x1a32, nil]]]]]]
0x1a41S0x2ec7S0x18edS0x14dfS0x953	[0x95e, [0x14e3, [0x1921, [0x2ed3, [0x1a41, nil]]]]]
0x1a3eS0x2ec7S0x18edS0x14dfS0x953	[0x95e, [0x14e3, [0x1921, [0x2ed3, [0x1a3e, nil]]]]]
0x25a4S0x2eb4S0x18edS0x14dfS0x953	[0x95e, [0x14e3, [0x1921, [0x2ec6, [0x25a4, nil]]]]]
0x25a1S0x2eb4S0x18edS0x14dfS0x953	[0x95e, [0x14e3, [0x1921, [0x2ec6, [0x25a1, nil]]]]]
0x2597S0x2eb4S0x18edS0x14dfS0x953	[0x95e, [0x14e3, [0x1921, [0x2ec6, [0x2597, nil]]]]]
0x259bS0x2eb4S0x18edS0x14dfS0x953	[0x95e, [0x14e3, [0x1921, [0x2ec6, [0x259b, nil]]]]]
0x259eS0x2eb4S0x18edS0x14dfS0x953	[0x95e, [0x14e3, [0x1921, [0x2ec6, [0x259e, nil]]]]]
0x1adfS0x2596S0x2eb4S0x18edS0x14dfS0x953	[0x95e, [0x14e3, [0x1921, [0x2ec6, [0x259e, [0x1adf, nil]]]]]]
0x1ad0S0x2596S0x2eb4S0x18edS0x14dfS0x953	[0x95e, [0x14e3, [0x1921, [0x2ec6, [0x259e, [0x1ad0, nil]]]]]]
0x1ad1S0x2596S0x2eb4S0x18edS0x14dfS0x953	[0x95e, [0x14e3, [0x1921, [0x2ec6, [0x259e, [0x1ad1, nil]]]]]]
0x1ad5S0x2596S0x2eb4S0x18edS0x14dfS0x953	[0x95e, [0x14e3, [0x1921, [0x2ec6, [0x259e, [0x1ad5, nil]]]]]]
0x1ad8S0x2596S0x2eb4S0x18edS0x14dfS0x953	[0x95e, [0x14e3, [0x1921, [0x2ec6, [0x259e, [0x1ad8, nil]]]]]]
0x1ab1S0x1acfS0x2596S0x2eb4S0x18edS0x14dfS0x953	[0x95e, [0x14e3, [0x1921, [0x2ec6, [0x259e, [0x1ad8, [0x1ab1, nil]]]]]]]
0x1ab2S0x1acfS0x2596S0x2eb4S0x18edS0x14dfS0x953	[0x95e, [0x14e3, [0x1921, [0x2ec6, [0x259e, [0x1ad8, [0x1ab2, nil]]]]]]]
0x1ac8S0x1acfS0x2596S0x2eb4S0x18edS0x14dfS0x953	[0x95e, [0x14e3, [0x1921, [0x2ec6, [0x259e, [0x1ad8, [0x1ac8, nil]]]]]]]
0x1aceS0x1acfS0x2596S0x2eb4S0x18edS0x14dfS0x953	[0x95e, [0x14e3, [0x1921, [0x2ec6, [0x259e, [0x1ad8, [0x1ace, nil]]]]]]]
0x14d4S0xac4	[0xaed, [0x14d4, nil]]
0x14d8S0xac4	[0xaed, [0x14d8, nil]]
0x14dbS0xac4	[0xaed, [0x14db, nil]]
0x14deS0xac4	[0xaed, [0x14de, nil]]
0x14e6S0xac4	[0xaed, [0x14e6, nil]]
0x14e0S0xac4	[0xaed, [0x14e0, nil]]
0x14e3S0xac4	[0xaed, [0x14e3, nil]]
0x15d1S0x14d3S0xac4	[0xaed, [0x14de, [0x15d1, nil]]]
0x15d2S0x14d3S0xac4	[0xaed, [0x14de, [0x15d2, nil]]]
0x15d6S0x14d3S0xac4	[0xaed, [0x14de, [0x15d6, nil]]]
0x18dfS0x14dfS0xac4	[0xaed, [0x14e3, [0x18df, nil]]]
0x18e4S0x14dfS0xac4	[0xaed, [0x14e3, [0x18e4, nil]]]
0x18e7S0x14dfS0xac4	[0xaed, [0x14e3, [0x18e7, nil]]]
0x18e9S0x14dfS0xac4	[0xaed, [0x14e3, [0x18e9, nil]]]
0x18ecS0x14dfS0xac4	[0xaed, [0x14e3, [0x18ec, nil]]]
0x192eS0x14dfS0xac4	[0xaed, [0x14e3, [0x192e, nil]]]
0x1923S0x14dfS0xac4	[0xaed, [0x14e3, [0x1923, nil]]]
0x1925S0x14dfS0xac4	[0xaed, [0x14e3, [0x1925, nil]]]
0x1928S0x14dfS0xac4	[0xaed, [0x14e3, [0x1928, nil]]]
0x192aS0x14dfS0xac4	[0xaed, [0x14e3, [0x192a, nil]]]
0x18efS0x14dfS0xac4	[0xaed, [0x14e3, [0x18ef, nil]]]
0x18f1S0x14dfS0xac4	[0xaed, [0x14e3, [0x18f1, nil]]]
0x18f2S0x14dfS0xac4	[0xaed, [0x14e3, [0x18f2, nil]]]
0x1915S0x14dfS0xac4	[0xaed, [0x14e3, [0x1915, nil]]]
0x1917S0x14dfS0xac4	[0xaed, [0x14e3, [0x1917, nil]]]
0x1918S0x14dfS0xac4	[0xaed, [0x14e3, [0x1918, nil]]]
0x191eS0x14dfS0xac4	[0xaed, [0x14e3, [0x191e, nil]]]
0x1921S0x14dfS0xac4	[0xaed, [0x14e3, [0x1921, nil]]]
0x1914S0x14dfS0xac4	[0xaed, [0x14e3, [0x1914, nil]]]
0xc98S0x18deS0x14dfS0xac4	[0xaed, [0x14e3, [0x18e7, [0xc98, nil]]]]
0xc9aS0x18deS0x14dfS0xac4	[0xaed, [0x14e3, [0x18e7, [0xc9a, nil]]]]
0xc9eS0x18deS0x14dfS0xac4	[0xaed, [0x14e3, [0x18e7, [0xc9e, nil]]]]
0xca0S0x18deS0x14dfS0xac4	[0xaed, [0x14e3, [0x18e7, [0xca0, nil]]]]
0xca4S0x18deS0x14dfS0xac4	[0xaed, [0x14e3, [0x18e7, [0xca4, nil]]]]
0xca6S0x18deS0x14dfS0xac4	[0xaed, [0x14e3, [0x18e7, [0xca6, nil]]]]
0xca7S0x18deS0x14dfS0xac4	[0xaed, [0x14e3, [0x18e7, [0xca7, nil]]]]
0xca8S0x18deS0x14dfS0xac4	[0xaed, [0x14e3, [0x18e7, [0xca8, nil]]]]
0xca9S0x18deS0x14dfS0xac4	[0xaed, [0x14e3, [0x18e7, [0xca9, nil]]]]
0xcaaS0x18deS0x14dfS0xac4	[0xaed, [0x14e3, [0x18e7, [0xcaa, nil]]]]
0xcabS0x18deS0x14dfS0xac4	[0xaed, [0x14e3, [0x18e7, [0xcab, nil]]]]
0xcadS0x18deS0x14dfS0xac4	[0xaed, [0x14e3, [0x18e7, [0xcad, nil]]]]
0xcc2S0x18deS0x14dfS0xac4	[0xaed, [0x14e3, [0x18e7, [0xcc2, nil]]]]
0xcc3S0x18deS0x14dfS0xac4	[0xaed, [0x14e3, [0x18e7, [0xcc3, nil]]]]
0xcd8S0x18deS0x14dfS0xac4	[0xaed, [0x14e3, [0x18e7, [0xcd8, nil]]]]
0xcdbS0x18deS0x14dfS0xac4	[0xaed, [0x14e3, [0x18e7, [0xcdb, nil]]]]
0xcddS0x18deS0x14dfS0xac4	[0xaed, [0x14e3, [0x18e7, [0xcdd, nil]]]]
0xce1S0x18deS0x14dfS0xac4	[0xaed, [0x14e3, [0x18e7, [0xce1, nil]]]]
0xce3S0x18deS0x14dfS0xac4	[0xaed, [0x14e3, [0x18e7, [0xce3, nil]]]]
0xce4S0x18deS0x14dfS0xac4	[0xaed, [0x14e3, [0x18e7, [0xce4, nil]]]]
0xce5S0x18deS0x14dfS0xac4	[0xaed, [0x14e3, [0x18e7, [0xce5, nil]]]]
0xce6S0x18deS0x14dfS0xac4	[0xaed, [0x14e3, [0x18e7, [0xce6, nil]]]]
0xce8S0x18deS0x14dfS0xac4	[0xaed, [0x14e3, [0x18e7, [0xce8, nil]]]]
0xceaS0x18deS0x14dfS0xac4	[0xaed, [0x14e3, [0x18e7, [0xcea, nil]]]]
0xcedS0x18deS0x14dfS0xac4	[0xaed, [0x14e3, [0x18e7, [0xced, nil]]]]
0xcefS0x18deS0x14dfS0xac4	[0xaed, [0x14e3, [0x18e7, [0xcef, nil]]]]
0xcf0S0x18deS0x14dfS0xac4	[0xaed, [0x14e3, [0x18e7, [0xcf0, nil]]]]
0xcf2S0x18deS0x14dfS0xac4	[0xaed, [0x14e3, [0x18e7, [0xcf2, nil]]]]
0xcf9S0x18deS0x14dfS0xac4	[0xaed, [0x14e3, [0x18e7, [0xcf9, nil]]]]
0xc9dS0x18deS0x14dfS0xac4	[0xaed, [0x14e3, [0x18e7, [0xc9d, nil]]]]
0xca3S0x18deS0x14dfS0xac4	[0xaed, [0x14e3, [0x18e7, [0xca3, nil]]]]
0xcdaS0x18deS0x14dfS0xac4	[0xaed, [0x14e3, [0x18e7, [0xcda, nil]]]]
0xce0S0x18deS0x14dfS0xac4	[0xaed, [0x14e3, [0x18e7, [0xce0, nil]]]]
0x2eb5S0x18edS0x14dfS0xac4	[0xaed, [0x14e3, [0x1921, [0x2eb5, nil]]]]
0x2eb6S0x18edS0x14dfS0xac4	[0xaed, [0x14e3, [0x1921, [0x2eb6, nil]]]]
0x2eb9S0x18edS0x14dfS0xac4	[0xaed, [0x14e3, [0x1921, [0x2eb9, nil]]]]
0x2ebcS0x18edS0x14dfS0xac4	[0xaed, [0x14e3, [0x1921, [0x2ebc, nil]]]]
0x2ebfS0x18edS0x14dfS0xac4	[0xaed, [0x14e3, [0x1921, [0x2ebf, nil]]]]
0x2ec1S0x18edS0x14dfS0xac4	[0xaed, [0x14e3, [0x1921, [0x2ec1, nil]]]]
0x2ec3S0x18edS0x14dfS0xac4	[0xaed, [0x14e3, [0x1921, [0x2ec3, nil]]]]
0x2ec6S0x18edS0x14dfS0xac4	[0xaed, [0x14e3, [0x1921, [0x2ec6, nil]]]]
0x2ec8S0x18edS0x14dfS0xac4	[0xaed, [0x14e3, [0x1921, [0x2ec8, nil]]]]
0x2ecbS0x18edS0x14dfS0xac4	[0xaed, [0x14e3, [0x1921, [0x2ecb, nil]]]]
0x2eceS0x18edS0x14dfS0xac4	[0xaed, [0x14e3, [0x1921, [0x2ece, nil]]]]
0x2ed0S0x18edS0x14dfS0xac4	[0xaed, [0x14e3, [0x1921, [0x2ed0, nil]]]]
0x2ed3S0x18edS0x14dfS0xac4	[0xaed, [0x14e3, [0x1921, [0x2ed3, nil]]]]
0x2edaS0x18edS0x14dfS0xac4	[0xaed, [0x14e3, [0x1921, [0x2eda, nil]]]]
0x1a34S0x2ec7S0x18edS0x14dfS0xac4	[0xaed, [0x14e3, [0x1921, [0x2ed3, [0x1a34, nil]]]]]
0x1a38S0x2ec7S0x18edS0x14dfS0xac4	[0xaed, [0x14e3, [0x1921, [0x2ed3, [0x1a38, nil]]]]]
0x1a3bS0x2ec7S0x18edS0x14dfS0xac4	[0xaed, [0x14e3, [0x1921, [0x2ed3, [0x1a3b, nil]]]]]
0x1a2bS0x1a33S0x2ec7S0x18edS0x14dfS0xac4	[0xaed, [0x14e3, [0x1921, [0x2ed3, [0x1a3b, [0x1a2b, nil]]]]]]
0x1a32S0x1a33S0x2ec7S0x18edS0x14dfS0xac4	[0xaed, [0x14e3, [0x1921, [0x2ed3, [0x1a3b, [0x1a32, nil]]]]]]
0x1a41S0x2ec7S0x18edS0x14dfS0xac4	[0xaed, [0x14e3, [0x1921, [0x2ed3, [0x1a41, nil]]]]]
0x1a3eS0x2ec7S0x18edS0x14dfS0xac4	[0xaed, [0x14e3, [0x1921, [0x2ed3, [0x1a3e, nil]]]]]
0x25a4S0x2eb4S0x18edS0x14dfS0xac4	[0xaed, [0x14e3, [0x1921, [0x2ec6, [0x25a4, nil]]]]]
0x25a1S0x2eb4S0x18edS0x14dfS0xac4	[0xaed, [0x14e3, [0x1921, [0x2ec6, [0x25a1, nil]]]]]
0x2597S0x2eb4S0x18edS0x14dfS0xac4	[0xaed, [0x14e3, [0x1921, [0x2ec6, [0x2597, nil]]]]]
0x259bS0x2eb4S0x18edS0x14dfS0xac4	[0xaed, [0x14e3, [0x1921, [0x2ec6, [0x259b, nil]]]]]
0x259eS0x2eb4S0x18edS0x14dfS0xac4	[0xaed, [0x14e3, [0x1921, [0x2ec6, [0x259e, nil]]]]]
0x1adfS0x2596S0x2eb4S0x18edS0x14dfS0xac4	[0xaed, [0x14e3, [0x1921, [0x2ec6, [0x259e, [0x1adf, nil]]]]]]
0x1ad0S0x2596S0x2eb4S0x18edS0x14dfS0xac4	[0xaed, [0x14e3, [0x1921, [0x2ec6, [0x259e, [0x1ad0, nil]]]]]]
0x1ad1S0x2596S0x2eb4S0x18edS0x14dfS0xac4	[0xaed, [0x14e3, [0x1921, [0x2ec6, [0x259e, [0x1ad1, nil]]]]]]
0x1ad5S0x2596S0x2eb4S0x18edS0x14dfS0xac4	[0xaed, [0x14e3, [0x1921, [0x2ec6, [0x259e, [0x1ad5, nil]]]]]]
0x1ad8S0x2596S0x2eb4S0x18edS0x14dfS0xac4	[0xaed, [0x14e3, [0x1921, [0x2ec6, [0x259e, [0x1ad8, nil]]]]]]
0x1ab1S0x1acfS0x2596S0x2eb4S0x18edS0x14dfS0xac4	[0xaed, [0x14e3, [0x1921, [0x2ec6, [0x259e, [0x1ad8, [0x1ab1, nil]]]]]]]
0x1ab2S0x1acfS0x2596S0x2eb4S0x18edS0x14dfS0xac4	[0xaed, [0x14e3, [0x1921, [0x2ec6, [0x259e, [0x1ad8, [0x1ab2, nil]]]]]]]
0x1ac8S0x1acfS0x2596S0x2eb4S0x18edS0x14dfS0xac4	[0xaed, [0x14e3, [0x1921, [0x2ec6, [0x259e, [0x1ad8, [0x1ac8, nil]]]]]]]
0x1aceS0x1acfS0x2596S0x2eb4S0x18edS0x14dfS0xac4	[0xaed, [0x14e3, [0x1921, [0x2ec6, [0x259e, [0x1ad8, [0x1ace, nil]]]]]]]
0x14d4S0xd08	[0xd31, [0x14d4, nil]]
0x14d8S0xd08	[0xd31, [0x14d8, nil]]
0x14dbS0xd08	[0xd31, [0x14db, nil]]
0x14deS0xd08	[0xd31, [0x14de, nil]]
0x14e6S0xd08	[0xd31, [0x14e6, nil]]
0x14e0S0xd08	[0xd31, [0x14e0, nil]]
0x14e3S0xd08	[0xd31, [0x14e3, nil]]
0x15d1S0x14d3S0xd08	[0xd31, [0x14de, [0x15d1, nil]]]
0x15d2S0x14d3S0xd08	[0xd31, [0x14de, [0x15d2, nil]]]
0x15d6S0x14d3S0xd08	[0xd31, [0x14de, [0x15d6, nil]]]
0x18dfS0x14dfS0xd08	[0xd31, [0x14e3, [0x18df, nil]]]
0x18e4S0x14dfS0xd08	[0xd31, [0x14e3, [0x18e4, nil]]]
0x18e7S0x14dfS0xd08	[0xd31, [0x14e3, [0x18e7, nil]]]
0x18e9S0x14dfS0xd08	[0xd31, [0x14e3, [0x18e9, nil]]]
0x18ecS0x14dfS0xd08	[0xd31, [0x14e3, [0x18ec, nil]]]
0x192eS0x14dfS0xd08	[0xd31, [0x14e3, [0x192e, nil]]]
0x1923S0x14dfS0xd08	[0xd31, [0x14e3, [0x1923, nil]]]
0x1925S0x14dfS0xd08	[0xd31, [0x14e3, [0x1925, nil]]]
0x1928S0x14dfS0xd08	[0xd31, [0x14e3, [0x1928, nil]]]
0x192aS0x14dfS0xd08	[0xd31, [0x14e3, [0x192a, nil]]]
0x18efS0x14dfS0xd08	[0xd31, [0x14e3, [0x18ef, nil]]]
0x18f1S0x14dfS0xd08	[0xd31, [0x14e3, [0x18f1, nil]]]
0x18f2S0x14dfS0xd08	[0xd31, [0x14e3, [0x18f2, nil]]]
0x1915S0x14dfS0xd08	[0xd31, [0x14e3, [0x1915, nil]]]
0x1917S0x14dfS0xd08	[0xd31, [0x14e3, [0x1917, nil]]]
0x1918S0x14dfS0xd08	[0xd31, [0x14e3, [0x1918, nil]]]
0x191eS0x14dfS0xd08	[0xd31, [0x14e3, [0x191e, nil]]]
0x1921S0x14dfS0xd08	[0xd31, [0x14e3, [0x1921, nil]]]
0x1914S0x14dfS0xd08	[0xd31, [0x14e3, [0x1914, nil]]]
0xc98S0x18deS0x14dfS0xd08	[0xd31, [0x14e3, [0x18e7, [0xc98, nil]]]]
0xc9aS0x18deS0x14dfS0xd08	[0xd31, [0x14e3, [0x18e7, [0xc9a, nil]]]]
0xc9eS0x18deS0x14dfS0xd08	[0xd31, [0x14e3, [0x18e7, [0xc9e, nil]]]]
0xca0S0x18deS0x14dfS0xd08	[0xd31, [0x14e3, [0x18e7, [0xca0, nil]]]]
0xca4S0x18deS0x14dfS0xd08	[0xd31, [0x14e3, [0x18e7, [0xca4, nil]]]]
0xca6S0x18deS0x14dfS0xd08	[0xd31, [0x14e3, [0x18e7, [0xca6, nil]]]]
0xca7S0x18deS0x14dfS0xd08	[0xd31, [0x14e3, [0x18e7, [0xca7, nil]]]]
0xca8S0x18deS0x14dfS0xd08	[0xd31, [0x14e3, [0x18e7, [0xca8, nil]]]]
0xca9S0x18deS0x14dfS0xd08	[0xd31, [0x14e3, [0x18e7, [0xca9, nil]]]]
0xcaaS0x18deS0x14dfS0xd08	[0xd31, [0x14e3, [0x18e7, [0xcaa, nil]]]]
0xcabS0x18deS0x14dfS0xd08	[0xd31, [0x14e3, [0x18e7, [0xcab, nil]]]]
0xcadS0x18deS0x14dfS0xd08	[0xd31, [0x14e3, [0x18e7, [0xcad, nil]]]]
0xcc2S0x18deS0x14dfS0xd08	[0xd31, [0x14e3, [0x18e7, [0xcc2, nil]]]]
0xcc3S0x18deS0x14dfS0xd08	[0xd31, [0x14e3, [0x18e7, [0xcc3, nil]]]]
0xcd8S0x18deS0x14dfS0xd08	[0xd31, [0x14e3, [0x18e7, [0xcd8, nil]]]]
0xcdbS0x18deS0x14dfS0xd08	[0xd31, [0x14e3, [0x18e7, [0xcdb, nil]]]]
0xcddS0x18deS0x14dfS0xd08	[0xd31, [0x14e3, [0x18e7, [0xcdd, nil]]]]
0xce1S0x18deS0x14dfS0xd08	[0xd31, [0x14e3, [0x18e7, [0xce1, nil]]]]
0xce3S0x18deS0x14dfS0xd08	[0xd31, [0x14e3, [0x18e7, [0xce3, nil]]]]
0xce4S0x18deS0x14dfS0xd08	[0xd31, [0x14e3, [0x18e7, [0xce4, nil]]]]
0xce5S0x18deS0x14dfS0xd08	[0xd31, [0x14e3, [0x18e7, [0xce5, nil]]]]
0xce6S0x18deS0x14dfS0xd08	[0xd31, [0x14e3, [0x18e7, [0xce6, nil]]]]
0xce8S0x18deS0x14dfS0xd08	[0xd31, [0x14e3, [0x18e7, [0xce8, nil]]]]
0xceaS0x18deS0x14dfS0xd08	[0xd31, [0x14e3, [0x18e7, [0xcea, nil]]]]
0xcedS0x18deS0x14dfS0xd08	[0xd31, [0x14e3, [0x18e7, [0xced, nil]]]]
0xcefS0x18deS0x14dfS0xd08	[0xd31, [0x14e3, [0x18e7, [0xcef, nil]]]]
0xcf0S0x18deS0x14dfS0xd08	[0xd31, [0x14e3, [0x18e7, [0xcf0, nil]]]]
0xcf2S0x18deS0x14dfS0xd08	[0xd31, [0x14e3, [0x18e7, [0xcf2, nil]]]]
0xcf9S0x18deS0x14dfS0xd08	[0xd31, [0x14e3, [0x18e7, [0xcf9, nil]]]]
0xc9dS0x18deS0x14dfS0xd08	[0xd31, [0x14e3, [0x18e7, [0xc9d, nil]]]]
0xca3S0x18deS0x14dfS0xd08	[0xd31, [0x14e3, [0x18e7, [0xca3, nil]]]]
0xcdaS0x18deS0x14dfS0xd08	[0xd31, [0x14e3, [0x18e7, [0xcda, nil]]]]
0xce0S0x18deS0x14dfS0xd08	[0xd31, [0x14e3, [0x18e7, [0xce0, nil]]]]
0x2eb5S0x18edS0x14dfS0xd08	[0xd31, [0x14e3, [0x1921, [0x2eb5, nil]]]]
0x2eb6S0x18edS0x14dfS0xd08	[0xd31, [0x14e3, [0x1921, [0x2eb6, nil]]]]
0x2eb9S0x18edS0x14dfS0xd08	[0xd31, [0x14e3, [0x1921, [0x2eb9, nil]]]]
0x2ebcS0x18edS0x14dfS0xd08	[0xd31, [0x14e3, [0x1921, [0x2ebc, nil]]]]
0x2ebfS0x18edS0x14dfS0xd08	[0xd31, [0x14e3, [0x1921, [0x2ebf, nil]]]]
0x2ec1S0x18edS0x14dfS0xd08	[0xd31, [0x14e3, [0x1921, [0x2ec1, nil]]]]
0x2ec3S0x18edS0x14dfS0xd08	[0xd31, [0x14e3, [0x1921, [0x2ec3, nil]]]]
0x2ec6S0x18edS0x14dfS0xd08	[0xd31, [0x14e3, [0x1921, [0x2ec6, nil]]]]
0x2ec8S0x18edS0x14dfS0xd08	[0xd31, [0x14e3, [0x1921, [0x2ec8, nil]]]]
0x2ecbS0x18edS0x14dfS0xd08	[0xd31, [0x14e3, [0x1921, [0x2ecb, nil]]]]
0x2eceS0x18edS0x14dfS0xd08	[0xd31, [0x14e3, [0x1921, [0x2ece, nil]]]]
0x2ed0S0x18edS0x14dfS0xd08	[0xd31, [0x14e3, [0x1921, [0x2ed0, nil]]]]
0x2ed3S0x18edS0x14dfS0xd08	[0xd31, [0x14e3, [0x1921, [0x2ed3, nil]]]]
0x2edaS0x18edS0x14dfS0xd08	[0xd31, [0x14e3, [0x1921, [0x2eda, nil]]]]
0x1a34S0x2ec7S0x18edS0x14dfS0xd08	[0xd31, [0x14e3, [0x1921, [0x2ed3, [0x1a34, nil]]]]]
0x1a38S0x2ec7S0x18edS0x14dfS0xd08	[0xd31, [0x14e3, [0x1921, [0x2ed3, [0x1a38, nil]]]]]
0x1a3bS0x2ec7S0x18edS0x14dfS0xd08	[0xd31, [0x14e3, [0x1921, [0x2ed3, [0x1a3b, nil]]]]]
0x1a2bS0x1a33S0x2ec7S0x18edS0x14dfS0xd08	[0xd31, [0x14e3, [0x1921, [0x2ed3, [0x1a3b, [0x1a2b, nil]]]]]]
0x1a32S0x1a33S0x2ec7S0x18edS0x14dfS0xd08	[0xd31, [0x14e3, [0x1921, [0x2ed3, [0x1a3b, [0x1a32, nil]]]]]]
0x1a41S0x2ec7S0x18edS0x14dfS0xd08	[0xd31, [0x14e3, [0x1921, [0x2ed3, [0x1a41, nil]]]]]
0x1a3eS0x2ec7S0x18edS0x14dfS0xd08	[0xd31, [0x14e3, [0x1921, [0x2ed3, [0x1a3e, nil]]]]]
0x25a4S0x2eb4S0x18edS0x14dfS0xd08	[0xd31, [0x14e3, [0x1921, [0x2ec6, [0x25a4, nil]]]]]
0x25a1S0x2eb4S0x18edS0x14dfS0xd08	[0xd31, [0x14e3, [0x1921, [0x2ec6, [0x25a1, nil]]]]]
0x2597S0x2eb4S0x18edS0x14dfS0xd08	[0xd31, [0x14e3, [0x1921, [0x2ec6, [0x2597, nil]]]]]
0x259bS0x2eb4S0x18edS0x14dfS0xd08	[0xd31, [0x14e3, [0x1921, [0x2ec6, [0x259b, nil]]]]]
0x259eS0x2eb4S0x18edS0x14dfS0xd08	[0xd31, [0x14e3, [0x1921, [0x2ec6, [0x259e, nil]]]]]
0x1adfS0x2596S0x2eb4S0x18edS0x14dfS0xd08	[0xd31, [0x14e3, [0x1921, [0x2ec6, [0x259e, [0x1adf, nil]]]]]]
0x1ad0S0x2596S0x2eb4S0x18edS0x14dfS0xd08	[0xd31, [0x14e3, [0x1921, [0x2ec6, [0x259e, [0x1ad0, nil]]]]]]
0x1ad1S0x2596S0x2eb4S0x18edS0x14dfS0xd08	[0xd31, [0x14e3, [0x1921, [0x2ec6, [0x259e, [0x1ad1, nil]]]]]]
0x1ad5S0x2596S0x2eb4S0x18edS0x14dfS0xd08	[0xd31, [0x14e3, [0x1921, [0x2ec6, [0x259e, [0x1ad5, nil]]]]]]
0x1ad8S0x2596S0x2eb4S0x18edS0x14dfS0xd08	[0xd31, [0x14e3, [0x1921, [0x2ec6, [0x259e, [0x1ad8, nil]]]]]]
0x1ab1S0x1acfS0x2596S0x2eb4S0x18edS0x14dfS0xd08	[0xd31, [0x14e3, [0x1921, [0x2ec6, [0x259e, [0x1ad8, [0x1ab1, nil]]]]]]]
0x1ab2S0x1acfS0x2596S0x2eb4S0x18edS0x14dfS0xd08	[0xd31, [0x14e3, [0x1921, [0x2ec6, [0x259e, [0x1ad8, [0x1ab2, nil]]]]]]]
0x1ac8S0x1acfS0x2596S0x2eb4S0x18edS0x14dfS0xd08	[0xd31, [0x14e3, [0x1921, [0x2ec6, [0x259e, [0x1ad8, [0x1ac8, nil]]]]]]]
0x1aceS0x1acfS0x2596S0x2eb4S0x18edS0x14dfS0xd08	[0xd31, [0x14e3, [0x1921, [0x2ec6, [0x259e, [0x1ad8, [0x1ace, nil]]]]]]]
0x14d4S0x1451	[0x1459, [0x14d4, nil]]
0x14d8S0x1451	[0x1459, [0x14d8, nil]]
0x14dbS0x1451	[0x1459, [0x14db, nil]]
0x14deS0x1451	[0x1459, [0x14de, nil]]
0x14e6S0x1451	[0x1459, [0x14e6, nil]]
0x14e0S0x1451	[0x1459, [0x14e0, nil]]
0x14e3S0x1451	[0x1459, [0x14e3, nil]]
0x15d1S0x14d3S0x1451	[0x1459, [0x14de, [0x15d1, nil]]]
0x15d2S0x14d3S0x1451	[0x1459, [0x14de, [0x15d2, nil]]]
0x15d6S0x14d3S0x1451	[0x1459, [0x14de, [0x15d6, nil]]]
0x18dfS0x14dfS0x1451	[0x1459, [0x14e3, [0x18df, nil]]]
0x18e4S0x14dfS0x1451	[0x1459, [0x14e3, [0x18e4, nil]]]
0x18e7S0x14dfS0x1451	[0x1459, [0x14e3, [0x18e7, nil]]]
0x18e9S0x14dfS0x1451	[0x1459, [0x14e3, [0x18e9, nil]]]
0x18ecS0x14dfS0x1451	[0x1459, [0x14e3, [0x18ec, nil]]]
0x192eS0x14dfS0x1451	[0x1459, [0x14e3, [0x192e, nil]]]
0x1923S0x14dfS0x1451	[0x1459, [0x14e3, [0x1923, nil]]]
0x1925S0x14dfS0x1451	[0x1459, [0x14e3, [0x1925, nil]]]
0x1928S0x14dfS0x1451	[0x1459, [0x14e3, [0x1928, nil]]]
0x192aS0x14dfS0x1451	[0x1459, [0x14e3, [0x192a, nil]]]
0x18efS0x14dfS0x1451	[0x1459, [0x14e3, [0x18ef, nil]]]
0x18f1S0x14dfS0x1451	[0x1459, [0x14e3, [0x18f1, nil]]]
0x18f2S0x14dfS0x1451	[0x1459, [0x14e3, [0x18f2, nil]]]
0x1915S0x14dfS0x1451	[0x1459, [0x14e3, [0x1915, nil]]]
0x1917S0x14dfS0x1451	[0x1459, [0x14e3, [0x1917, nil]]]
0x1918S0x14dfS0x1451	[0x1459, [0x14e3, [0x1918, nil]]]
0x191eS0x14dfS0x1451	[0x1459, [0x14e3, [0x191e, nil]]]
0x1921S0x14dfS0x1451	[0x1459, [0x14e3, [0x1921, nil]]]
0x1914S0x14dfS0x1451	[0x1459, [0x14e3, [0x1914, nil]]]
0xc98S0x18deS0x14dfS0x1451	[0x1459, [0x14e3, [0x18e7, [0xc98, nil]]]]
0xc9aS0x18deS0x14dfS0x1451	[0x1459, [0x14e3, [0x18e7, [0xc9a, nil]]]]
0xc9eS0x18deS0x14dfS0x1451	[0x1459, [0x14e3, [0x18e7, [0xc9e, nil]]]]
0xca0S0x18deS0x14dfS0x1451	[0x1459, [0x14e3, [0x18e7, [0xca0, nil]]]]
0xca4S0x18deS0x14dfS0x1451	[0x1459, [0x14e3, [0x18e7, [0xca4, nil]]]]
0xca6S0x18deS0x14dfS0x1451	[0x1459, [0x14e3, [0x18e7, [0xca6, nil]]]]
0xca7S0x18deS0x14dfS0x1451	[0x1459, [0x14e3, [0x18e7, [0xca7, nil]]]]
0xca8S0x18deS0x14dfS0x1451	[0x1459, [0x14e3, [0x18e7, [0xca8, nil]]]]
0xca9S0x18deS0x14dfS0x1451	[0x1459, [0x14e3, [0x18e7, [0xca9, nil]]]]
0xcaaS0x18deS0x14dfS0x1451	[0x1459, [0x14e3, [0x18e7, [0xcaa, nil]]]]
0xcabS0x18deS0x14dfS0x1451	[0x1459, [0x14e3, [0x18e7, [0xcab, nil]]]]
0xcadS0x18deS0x14dfS0x1451	[0x1459, [0x14e3, [0x18e7, [0xcad, nil]]]]
0xcc2S0x18deS0x14dfS0x1451	[0x1459, [0x14e3, [0x18e7, [0xcc2, nil]]]]
0xcc3S0x18deS0x14dfS0x1451	[0x1459, [0x14e3, [0x18e7, [0xcc3, nil]]]]
0xcd8S0x18deS0x14dfS0x1451	[0x1459, [0x14e3, [0x18e7, [0xcd8, nil]]]]
0xcdbS0x18deS0x14dfS0x1451	[0x1459, [0x14e3, [0x18e7, [0xcdb, nil]]]]
0xcddS0x18deS0x14dfS0x1451	[0x1459, [0x14e3, [0x18e7, [0xcdd, nil]]]]
0xce1S0x18deS0x14dfS0x1451	[0x1459, [0x14e3, [0x18e7, [0xce1, nil]]]]
0xce3S0x18deS0x14dfS0x1451	[0x1459, [0x14e3, [0x18e7, [0xce3, nil]]]]
0xce4S0x18deS0x14dfS0x1451	[0x1459, [0x14e3, [0x18e7, [0xce4, nil]]]]
0xce5S0x18deS0x14dfS0x1451	[0x1459, [0x14e3, [0x18e7, [0xce5, nil]]]]
0xce6S0x18deS0x14dfS0x1451	[0x1459, [0x14e3, [0x18e7, [0xce6, nil]]]]
0xce8S0x18deS0x14dfS0x1451	[0x1459, [0x14e3, [0x18e7, [0xce8, nil]]]]
0xceaS0x18deS0x14dfS0x1451	[0x1459, [0x14e3, [0x18e7, [0xcea, nil]]]]
0xcedS0x18deS0x14dfS0x1451	[0x1459, [0x14e3, [0x18e7, [0xced, nil]]]]
0xcefS0x18deS0x14dfS0x1451	[0x1459, [0x14e3, [0x18e7, [0xcef, nil]]]]
0xcf0S0x18deS0x14dfS0x1451	[0x1459, [0x14e3, [0x18e7, [0xcf0, nil]]]]
0xcf2S0x18deS0x14dfS0x1451	[0x1459, [0x14e3, [0x18e7, [0xcf2, nil]]]]
0xcf9S0x18deS0x14dfS0x1451	[0x1459, [0x14e3, [0x18e7, [0xcf9, nil]]]]
0xc9dS0x18deS0x14dfS0x1451	[0x1459, [0x14e3, [0x18e7, [0xc9d, nil]]]]
0xca3S0x18deS0x14dfS0x1451	[0x1459, [0x14e3, [0x18e7, [0xca3, nil]]]]
0xcdaS0x18deS0x14dfS0x1451	[0x1459, [0x14e3, [0x18e7, [0xcda, nil]]]]
0xce0S0x18deS0x14dfS0x1451	[0x1459, [0x14e3, [0x18e7, [0xce0, nil]]]]
0x2eb5S0x18edS0x14dfS0x1451	[0x1459, [0x14e3, [0x1921, [0x2eb5, nil]]]]
0x2eb6S0x18edS0x14dfS0x1451	[0x1459, [0x14e3, [0x1921, [0x2eb6, nil]]]]
0x2eb9S0x18edS0x14dfS0x1451	[0x1459, [0x14e3, [0x1921, [0x2eb9, nil]]]]
0x2ebcS0x18edS0x14dfS0x1451	[0x1459, [0x14e3, [0x1921, [0x2ebc, nil]]]]
0x2ebfS0x18edS0x14dfS0x1451	[0x1459, [0x14e3, [0x1921, [0x2ebf, nil]]]]
0x2ec1S0x18edS0x14dfS0x1451	[0x1459, [0x14e3, [0x1921, [0x2ec1, nil]]]]
0x2ec3S0x18edS0x14dfS0x1451	[0x1459, [0x14e3, [0x1921, [0x2ec3, nil]]]]
0x2ec6S0x18edS0x14dfS0x1451	[0x1459, [0x14e3, [0x1921, [0x2ec6, nil]]]]
0x2ec8S0x18edS0x14dfS0x1451	[0x1459, [0x14e3, [0x1921, [0x2ec8, nil]]]]
0x2ecbS0x18edS0x14dfS0x1451	[0x1459, [0x14e3, [0x1921, [0x2ecb, nil]]]]
0x2eceS0x18edS0x14dfS0x1451	[0x1459, [0x14e3, [0x1921, [0x2ece, nil]]]]
0x2ed0S0x18edS0x14dfS0x1451	[0x1459, [0x14e3, [0x1921, [0x2ed0, nil]]]]
0x2ed3S0x18edS0x14dfS0x1451	[0x1459, [0x14e3, [0x1921, [0x2ed3, nil]]]]
0x2edaS0x18edS0x14dfS0x1451	[0x1459, [0x14e3, [0x1921, [0x2eda, nil]]]]
0x1a34S0x2ec7S0x18edS0x14dfS0x1451	[0x1459, [0x14e3, [0x1921, [0x2ed3, [0x1a34, nil]]]]]
0x1a38S0x2ec7S0x18edS0x14dfS0x1451	[0x1459, [0x14e3, [0x1921, [0x2ed3, [0x1a38, nil]]]]]
0x1a3bS0x2ec7S0x18edS0x14dfS0x1451	[0x1459, [0x14e3, [0x1921, [0x2ed3, [0x1a3b, nil]]]]]
0x1a2bS0x1a33S0x2ec7S0x18edS0x14dfS0x1451	[0x1459, [0x14e3, [0x1921, [0x2ed3, [0x1a3b, [0x1a2b, nil]]]]]]
0x1a32S0x1a33S0x2ec7S0x18edS0x14dfS0x1451	[0x1459, [0x14e3, [0x1921, [0x2ed3, [0x1a3b, [0x1a32, nil]]]]]]
0x1a41S0x2ec7S0x18edS0x14dfS0x1451	[0x1459, [0x14e3, [0x1921, [0x2ed3, [0x1a41, nil]]]]]
0x1a3eS0x2ec7S0x18edS0x14dfS0x1451	[0x1459, [0x14e3, [0x1921, [0x2ed3, [0x1a3e, nil]]]]]
0x25a4S0x2eb4S0x18edS0x14dfS0x1451	[0x1459, [0x14e3, [0x1921, [0x2ec6, [0x25a4, nil]]]]]
0x25a1S0x2eb4S0x18edS0x14dfS0x1451	[0x1459, [0x14e3, [0x1921, [0x2ec6, [0x25a1, nil]]]]]
0x2597S0x2eb4S0x18edS0x14dfS0x1451	[0x1459, [0x14e3, [0x1921, [0x2ec6, [0x2597, nil]]]]]
0x259bS0x2eb4S0x18edS0x14dfS0x1451	[0x1459, [0x14e3, [0x1921, [0x2ec6, [0x259b, nil]]]]]
0x259eS0x2eb4S0x18edS0x14dfS0x1451	[0x1459, [0x14e3, [0x1921, [0x2ec6, [0x259e, nil]]]]]
0x1adfS0x2596S0x2eb4S0x18edS0x14dfS0x1451	[0x1459, [0x14e3, [0x1921, [0x2ec6, [0x259e, [0x1adf, nil]]]]]]
0x1ad0S0x2596S0x2eb4S0x18edS0x14dfS0x1451	[0x1459, [0x14e3, [0x1921, [0x2ec6, [0x259e, [0x1ad0, nil]]]]]]
0x1ad1S0x2596S0x2eb4S0x18edS0x14dfS0x1451	[0x1459, [0x14e3, [0x1921, [0x2ec6, [0x259e, [0x1ad1, nil]]]]]]
0x1ad5S0x2596S0x2eb4S0x18edS0x14dfS0x1451	[0x1459, [0x14e3, [0x1921, [0x2ec6, [0x259e, [0x1ad5, nil]]]]]]
0x1ad8S0x2596S0x2eb4S0x18edS0x14dfS0x1451	[0x1459, [0x14e3, [0x1921, [0x2ec6, [0x259e, [0x1ad8, nil]]]]]]
0x1ab1S0x1acfS0x2596S0x2eb4S0x18edS0x14dfS0x1451	[0x1459, [0x14e3, [0x1921, [0x2ec6, [0x259e, [0x1ad8, [0x1ab1, nil]]]]]]]
0x1ab2S0x1acfS0x2596S0x2eb4S0x18edS0x14dfS0x1451	[0x1459, [0x14e3, [0x1921, [0x2ec6, [0x259e, [0x1ad8, [0x1ab2, nil]]]]]]]
0x1ac8S0x1acfS0x2596S0x2eb4S0x18edS0x14dfS0x1451	[0x1459, [0x14e3, [0x1921, [0x2ec6, [0x259e, [0x1ad8, [0x1ac8, nil]]]]]]]
0x1aceS0x1acfS0x2596S0x2eb4S0x18edS0x14dfS0x1451	[0x1459, [0x14e3, [0x1921, [0x2ec6, [0x259e, [0x1ad8, [0x1ace, nil]]]]]]]
