0x0	0x0
0xf	0xd
0x4	0x0
0x8	0x0
0x3f	0x3e
0x2	0x0
0x5	0x0
0x7	0x0
0x9	0x0
0xd	0xd
0xe	0xd
0x11	0xd
0x13	0xd
0x18	0xd
0x19	0xd
0x1e	0x1d
0x23	0x1d
0x24	0x1d
0x29	0x28
0x2e	0x28
0x34	0x33
0x39	0x33
0x44	0x3e
0x4a	0x49
0x4f	0x49
0x55	0x54
0x5a	0x54
0x5f	0x5f
0x65	0x63
0x6a	0x63
0x70	0x6f
0x75	0x6f
0x7b	0x7a
0x80	0x7a
0x86	0x85
0x8b	0x85
0x90	0x90
0x96	0x94
0x9b	0x94
0x9c	0x94
0xa1	0xa0
0xa6	0xa0
0xac	0xab
0xb1	0xab
0xb7	0xb6
0xbc	0xb6
0xc2	0xc1
0xc7	0xc1
0xcd	0xcc
0xd2	0xcc
0xd7	0xd7
0xdd	0xdb
0xe2	0xdb
0xe8	0xe7
0xed	0xe7
0xf3	0xf2
0xf8	0xf2
0xfe	0xfd
0x103	0xfd
0x108	0x108
0x10d	0x10c
0x10e	0x10c
0x118	0x117
0x11a	0x117
0x11b	0x117
0x11f	0x11f
0x124	0x122
0x127	0x122
0x12a	0x122
0x12b	0x122
0x12d	0x122
0x12f	0x122
0x134	0x122
0x139	0x138
0x13e	0x13d
0x140	0x13d
0x141	0x13d
0x146	0x13d
0x14b	0x14a
0x14d	0x14a
0x150	0x14a
0x154	0x153
0x156	0x153
0x157	0x153
0x15b	0x15b
0x160	0x15e
0x163	0x15e
0x168	0x167
0x16a	0x167
0x16b	0x167
0x170	0x167
0x175	0x174
0x177	0x174
0x17a	0x174
0x17e	0x17d
0x180	0x17d
0x181	0x17d
0x185	0x185
0x18a	0x188
0x18d	0x188
0x190	0x188
0x191	0x188
0x193	0x188
0x195	0x188
0x19a	0x188
0x19f	0x19e
0x1a4	0x1a3
0x1a6	0x1a3
0x1a7	0x1a3
0x1ac	0x1a3
0x1b1	0x1b0
0x1b3	0x1b0
0x1b6	0x1b0
0x1ba	0x1b9
0x1bc	0x1b9
0x1bd	0x1b9
0x1c1	0x1c1
0x1c6	0x1c4
0x1c9	0x1c4
0x1cc	0x1c4
0x1cd	0x1c4
0x1cf	0x1c4
0x1d1	0x1c4
0x1d6	0x1c4
0x1db	0x1da
0x1e2	0x1e1
0x1e4	0x1e1
0x1e5	0x1e1
0x1e9	0x1e9
0x1ee	0x1ec
0x1f1	0x1ec
0x1f4	0x1ec
0x1f5	0x1ec
0x1f7	0x1ec
0x1f9	0x1ec
0x1fe	0x1ec
0x203	0x202
0x20a	0x209
0x20c	0x209
0x20d	0x209
0x211	0x211
0x216	0x214
0x219	0x214
0x220	0x21f
0x222	0x21f
0x223	0x21f
0x227	0x227
0x22c	0x22a
0x22f	0x22a
0x232	0x22a
0x233	0x22a
0x235	0x22a
0x237	0x22a
0x23c	0x22a
0x241	0x240
0x246	0x245
0x248	0x245
0x249	0x245
0x24f	0x245
0x254	0x253
0x256	0x253
0x259	0x253
0x25d	0x25c
0x25f	0x25c
0x260	0x25c
0x264	0x264
0x269	0x267
0x26c	0x267
0x26f	0x267
0x270	0x267
0x272	0x267
0x274	0x267
0x279	0x267
0x27e	0x27d
0x285	0x284
0x287	0x284
0x288	0x284
0x28c	0x28c
0x291	0x28f
0x294	0x28f
0x299	0x298
0x29b	0x298
0x29c	0x298
0x2a1	0x298
0x2a6	0x2a5
0x2a8	0x2a5
0x2ab	0x2a5
0x2af	0x2ae
0x2b1	0x2ae
0x2b2	0x2ae
0x2b6	0x2b6
0x2bb	0x2b9
0x2be	0x2b9
0x2c1	0x2b9
0x2c2	0x2b9
0x2c4	0x2b9
0x2c6	0x2b9
0x2cb	0x2b9
0x2d0	0x2cf
0x2d7	0x2d6
0x2d9	0x2d6
0x2da	0x2d6
0x2de	0x2de
0x2e3	0x2e1
0x2e6	0x2e1
0x2e9	0x2e1
0x2ea	0x2e1
0x2ec	0x2e1
0x2ee	0x2e1
0x2f3	0x2e1
0x2f8	0x2f7
0x2fd	0x2fc
0x2ff	0x2fc
0x300	0x2fc
0x305	0x2fc
0x30a	0x309
0x30c	0x309
0x30f	0x309
0x313	0x312
0x315	0x312
0x316	0x312
0x31a	0x31a
0x31f	0x31d
0x322	0x31d
0x325	0x31d
0x326	0x31d
0x328	0x31d
0x32a	0x31d
0x32f	0x31d
0x334	0x333
0x33b	0x33a
0x33d	0x33a
0x33e	0x33a
0x342	0x342
0x347	0x345
0x34a	0x345
0x351	0x350
0x353	0x350
0x354	0x350
0x358	0x358
0x35d	0x35b
0x360	0x35b
0x363	0x35b
0x364	0x35b
0x366	0x35b
0x368	0x35b
0x36d	0x35b
0x372	0x371
0x377	0x376
0x379	0x376
0x37a	0x376
0x37f	0x376
0x384	0x383
0x386	0x383
0x389	0x383
0x38d	0x38c
0x38f	0x38c
0x390	0x38c
0x394	0x394
0x399	0x397
0x39c	0x397
0x3a1	0x3a0
0x3a3	0x3a0
0x3a4	0x3a0
0x3a9	0x3a0
0x3ae	0x3ad
0x3b0	0x3ad
0x3b3	0x3ad
0x3b7	0x3b6
0x3b9	0x3b6
0x3ba	0x3b6
0x3be	0x3be
0x3c3	0x3c1
0x3c6	0x3c1
0x3c9	0x3c1
0x3ca	0x3c1
0x3cc	0x3c1
0x3ce	0x3c1
0x3d3	0x3c1
0x3d8	0x3d7
0x3df	0x3de
0x3e1	0x3de
0x3e2	0x3de
0x3e6	0x3e6
0x3eb	0x3e9
0x3ee	0x3e9
0x3f1	0x3e9
0x3f2	0x3e9
0x3f4	0x3e9
0x3f6	0x3e9
0x3fb	0x3e9
0x400	0x3ff
0x405	0x404
0x407	0x404
0x408	0x404
0x40e	0x404
0x413	0x412
0x415	0x412
0x418	0x412
0x41c	0x41b
0x41e	0x41b
0x41f	0x41b
0x423	0x423
0x428	0x426
0x42b	0x426
0x42e	0x426
0x42f	0x426
0x431	0x426
0x433	0x426
0x438	0x426
0x43d	0x43c
0x4bd	0x4bc
0x4fd	0x4fc
0x501	0x4fc
0x506	0x505
0x50a	0x505
0x50f	0x50e
0x514	0x50e
0x59a	0x599
0x59c	0x599
0x59d	0x599
0x5a1	0x599
0x5a6	0x5a5
0x5a9	0x5a5
0x5b1	0x5b0
0x5b4	0x5b0
0x5b7	0x5b0
0x5bc	0x5bb
0x5bf	0x5bb
0x5c4	0x5c3
0x5c6	0x5c3
0x5c8	0x5c3
0x5dd	0x5c3
0x5de	0x5c3
0x5f3	0x5c3
0x5f6	0x5c3
0x5f8	0x5c3
0x5fc	0x5c3
0x5fe	0x5c3
0x5ff	0x5c3
0x600	0x5c3
0x601	0x5c3
0x603	0x5c3
0x604	0x5c3
0x608	0x608
0x60a	0x608
0x60b	0x608
0x62e	0x608
0x630	0x608
0x631	0x608
0x635	0x608
0x63a	0x639
0x63c	0x639
0x63f	0x639
0x643	0x642
0x645	0x642
0x647	0x642
0x65c	0x642
0x65d	0x642
0x672	0x642
0x675	0x642
0x677	0x642
0x67b	0x642
0x67d	0x642
0x67e	0x642
0x67f	0x642
0x680	0x642
0x682	0x642
0x687	0x642
0x68b	0x642
0x695	0x68f
0x696	0x68f
0x699	0x68f
0x69e	0x69d
0x6c1	0x69d
0x6c3	0x69d
0x6c4	0x69d
0x6c6	0x69d
0x6c7	0x69d
0x6cd	0x69d
0x6d2	0x6d1
0x6d4	0x6d1
0x6d5	0x6d1
0x6d9	0x6d1
0x6da	0x6d1
0x6de	0x6d1
0x6e2	0x6d1
0x6e4	0x6d1
0x6e6	0x6d1
0x6e7	0x6d1
0x6ea	0x6d1
0x6ec	0x6d1
0x6ed	0x6d1
0x6ef	0x6d1
0x6f0	0x6d1
0x6f6	0x6d1
0x6fb	0x6fa
0x6fd	0x6fa
0x6fe	0x6fa
0x702	0x6fa
0x703	0x6fa
0x707	0x6fa
0x70b	0x6fa
0x70d	0x6fa
0x70f	0x6fa
0x710	0x6fa
0x713	0x6fa
0x715	0x6fa
0x716	0x6fa
0x718	0x6fa
0x719	0x6fa
0x71f	0x6fa
0x724	0x723
0x726	0x723
0x727	0x723
0x72b	0x723
0x72c	0x723
0x730	0x723
0x734	0x723
0x736	0x723
0x738	0x723
0x739	0x723
0x73c	0x723
0x73e	0x723
0x73f	0x723
0x741	0x723
0x742	0x723
0x74c	0x723
0x751	0x750
0x753	0x750
0x754	0x750
0x758	0x750
0x759	0x750
0x75d	0x750
0x761	0x750
0x763	0x750
0x765	0x750
0x766	0x750
0x767	0x750
0x769	0x750
0x76a	0x750
0x76c	0x750
0x76d	0x750
0x773	0x750
0x778	0x777
0x77a	0x777
0x77b	0x777
0x77f	0x777
0x780	0x777
0x784	0x777
0x788	0x777
0x78a	0x777
0x78c	0x777
0x78d	0x777
0x790	0x777
0x791	0x777
0x797	0x777
0x799	0x777
0x79a	0x777
0x79d	0x777
0x79f	0x777
0x7a0	0x777
0x7a3	0x777
0x7a5	0x777
0x7a6	0x777
0x7ae	0x777
0x7b3	0x7b2
0x7b5	0x7b2
0x7b7	0x7b2
0x7b8	0x7b2
0x7bb	0x7b2
0x7bf	0x7b2
0x7c2	0x7b2
0x7c3	0x7b2
0x7c4	0x7b2
0x7c6	0x7b2
0x7c7	0x7b2
0x7cb	0x7cb
0x7cc	0x7cb
0x7cf	0x7cb
0x7d0	0x7cb
0x7d6	0x7d2
0x7d8	0x7d2
0x7da	0x7d2
0x7db	0x7d2
0x7dc	0x7d2
0x7df	0x7d2
0x7e0	0x7d2
0x7f5	0x7d2
0x7f7	0x7d2
0x80c	0x7d2
0x80d	0x7d2
0x80e	0x7d2
0x812	0x812
0x814	0x812
0x815	0x812
0x838	0x812
0x83a	0x812
0x83b	0x812
0x83f	0x812
0x844	0x843
0x846	0x843
0x849	0x843
0x84d	0x84c
0x84e	0x84c
0x863	0x84c
0x865	0x84c
0x87a	0x84c
0x87b	0x84c
0x87c	0x84c
0x880	0x880
0x882	0x880
0x883	0x880
0x8a6	0x880
0x8a8	0x880
0x8a9	0x880
0x8ad	0x880
0x8b2	0x8b1
0x8b4	0x8b1
0x8b7	0x8b1
0x8bc	0x8ba
0x8d1	0x8ba
0x8d3	0x8ba
0x8e8	0x8ba
0x8e9	0x8ba
0x90b	0x8ba
0x90d	0x8ba
0x90e	0x8ba
0x913	0x8ba
0x918	0x917
0x91a	0x917
0x91d	0x917
0x920	0x917
0x929	0x917
0x934	0x92d
0x937	0x92d
0x94c	0x94b
0x94f	0x94b
0x954	0x953
0x956	0x953
0x957	0x953
0x95b	0x953
0x960	0x95f
0x961	0x95f
0x976	0x95f
0x978	0x95f
0x98d	0x95f
0x98e	0x95f
0x98f	0x95f
0x993	0x993
0x995	0x993
0x996	0x993
0x9b9	0x993
0x9bb	0x993
0x9bc	0x993
0x9c0	0x993
0x9c5	0x9c4
0x9c7	0x9c4
0x9ca	0x9c4
0x9ce	0x9cd
0x9d0	0x9cd
0x9d1	0x9cd
0x9d2	0x9cd
0x9d6	0x9d6
0x9d8	0x9d6
0x9d9	0x9d6
0x9fc	0x9d6
0x9fe	0x9d6
0x9ff	0x9d6
0xa03	0x9d6
0xa08	0xa07
0xa0a	0xa07
0xa0d	0xa07
0xa12	0xa10
0xa27	0xa10
0xa28	0xa10
0xa2e	0xa10
0xa2f	0xa10
0xa31	0xa10
0xa33	0xa10
0xa34	0xa10
0xa35	0xa10
0xa37	0xa10
0xa3a	0xa10
0xa3f	0xa10
0xa45	0xa10
0xa47	0xa10
0xa48	0xa10
0xa4c	0xa4c
0xa4d	0xa4c
0xa50	0xa4c
0xa51	0xa4c
0xa56	0xa53
0xa6b	0xa53
0xa6c	0xa53
0xa8e	0xa53
0xa90	0xa53
0xa91	0xa53
0xa96	0xa53
0xa9b	0xa9a
0xa9d	0xa9a
0xaa0	0xa9a
0xabd	0xabc
0xac0	0xabc
0xac5	0xac4
0xae6	0xac4
0xaea	0xac4
0xaef	0xaee
0xaf0	0xaee
0xb05	0xaee
0xb07	0xaee
0xb1c	0xaee
0xb1d	0xaee
0xb1e	0xaee
0xb22	0xb22
0xb24	0xb22
0xb25	0xb22
0xb48	0xb22
0xb4a	0xb22
0xb4b	0xb22
0xb4f	0xb22
0xb54	0xb53
0xb56	0xb53
0xb59	0xb53
0xb5e	0xb5c
0xb73	0xb5c
0xb74	0xb5c
0xb79	0xb5c
0xb7c	0xb5c
0xb7e	0xb5c
0xb80	0xb5c
0xb85	0xb5c
0xb86	0xb5c
0xb88	0xb5c
0xb8b	0xb5c
0xb8d	0xb5c
0xb8e	0xb5c
0xb95	0xb5c
0xb9a	0xb99
0xb9b	0xb99
0xb9d	0xb99
0xba0	0xb99
0xba2	0xb99
0xba5	0xb99
0xba6	0xb99
0xba8	0xb99
0xba9	0xb99
0xbad	0xbad
0xbb2	0xbb0
0xbb3	0xbb0
0xbb4	0xbb0
0xbb6	0xbb0
0xbb7	0xbb0
0xbbb	0xbbb
0xbbc	0xbbb
0xbbf	0xbbb
0xbc0	0xbbb
0xbc8	0xbc2
0xbdd	0xbc2
0xbdf	0xbc2
0xbf4	0xbc2
0xbf5	0xbc2
0xc17	0xbc2
0xc19	0xbc2
0xc1a	0xbc2
0xc1f	0xbc2
0xc24	0xc23
0xc26	0xc23
0xc29	0xc23
0xc32	0xc31
0xc34	0xc31
0xc38	0xc31
0xc3a	0xc31
0xc3c	0xc31
0xc3d	0xc31
0xc3e	0xc31
0xc43	0xc31
0xc47	0xc46
0xc49	0xc46
0xc4a	0xc46
0xc4e	0xc46
0xc53	0xc52
0xc56	0xc52
0xc78	0xc52
0xc81	0xc80
0xc83	0xc80
0xc84	0xc80
0xc88	0xc80
0xc8d	0xc8c
0xc90	0xc8c
0xcfb	0xcfa
0xcfd	0xcfa
0xd01	0xd00
0xd04	0xd00
0xd09	0xd08
0xd2a	0xd08
0xd2e	0xd08
0xd33	0xd32
0xd34	0xd32
0xd49	0xd32
0xd4b	0xd32
0xd60	0xd32
0xd61	0xd32
0xd62	0xd32
0xd66	0xd66
0xd68	0xd66
0xd69	0xd66
0xd8c	0xd66
0xd8e	0xd66
0xd8f	0xd66
0xd93	0xd66
0xd98	0xd97
0xd9a	0xd97
0xd9d	0xd97
0xda2	0xda0
0xdb7	0xda0
0xdb8	0xda0
0xdbf	0xda0
0xdc1	0xda0
0xdc3	0xda0
0xdc8	0xda0
0xdc9	0xda0
0xdcb	0xda0
0xdce	0xda0
0xdd0	0xda0
0xdd1	0xda0
0xdd7	0xda0
0xddc	0xddb
0xdde	0xddb
0xde0	0xddb
0xde3	0xddb
0xde5	0xddb
0xde7	0xddb
0xde8	0xddb
0xde9	0xddb
0xdeb	0xddb
0xdec	0xddb
0xdf0	0xdf0
0xdf1	0xdf0
0xdf4	0xdf0
0xdf5	0xdf0
0xdfc	0xdf7
0xdfe	0xdf7
0xdff	0xdf7
0xe00	0xdf7
0xe02	0xdf7
0xe03	0xdf7
0xe06	0xdf7
0xe07	0xdf7
0xe09	0xdf7
0xe0b	0xdf7
0xe10	0xdf7
0xe12	0xdf7
0xe17	0xdf7
0xe1c	0xe1b
0xe20	0xe20
0xe22	0xe20
0xe23	0xe20
0xe46	0xe20
0xe48	0xe20
0xe49	0xe20
0xe4d	0xe20
0xe52	0xe51
0xe54	0xe51
0xe57	0xe51
0xe5c	0xe5a
0xe71	0xe5a
0xe73	0xe5a
0xe88	0xe5a
0xe89	0xe5a
0xeab	0xe5a
0xead	0xe5a
0xeae	0xe5a
0xeb3	0xe5a
0xeb8	0xeb7
0xeba	0xeb7
0xebd	0xeb7
0x1449	0x1448
0x144d	0x1448
0x1452	0x1451
0x1456	0x1451
0x145b	0x145a
0x1460	0x145a
0x14e8	0x14e7
0x14e9	0x14e7
0x14ee	0x14e7
0x14f3	0x14f2
0x14f7	0x14f7
0x14f9	0x14f7
0x14fe	0x14f7
0x1500	0x14f7
0x1504	0x14f7
0x1506	0x14f7
0x1507	0x14f7
0x1508	0x14f7
0x1509	0x14f7
0x150a	0x14f7
0x150b	0x14f7
0x150d	0x14f7
0x1522	0x14f7
0x1523	0x14f7
0x1538	0x14f7
0x153b	0x14f7
0x153d	0x14f7
0x1541	0x14f7
0x1543	0x14f7
0x1544	0x14f7
0x1545	0x14f7
0x1546	0x14f7
0x1547	0x14f7
0x154a	0x14f7
0x154c	0x14f7
0x154e	0x14f7
0x1550	0x14f7
0x1551	0x14f7
0x1552	0x14f7
0x1555	0x14f7
0x1556	0x14f7
0x1557	0x14f7
0x1558	0x14f7
0x155c	0x14f7
0x155f	0x14f7
0x1564	0x1563
0x1579	0x1563
0x157b	0x1563
0x1590	0x1563
0x1592	0x1563
0x15b3	0x1563
0x15b5	0x1563
0x15b6	0x1563
0x15b8	0x1563
0x15bb	0x1563
0x15be	0x1563
0x15c2	0x1563
0x15c7	0x15c6
0x15d8	0x15d7
0x15d9	0x15d7
0x15de	0x15d7
0x15e3	0x15e2
0x15e4	0x15e2
0x15e8	0x15e8
0x15ea	0x15e8
0x15ee	0x15e8
0x15f0	0x15e8
0x15f4	0x15e8
0x15f6	0x15e8
0x15f7	0x15e8
0x15f8	0x15e8
0x15f9	0x15e8
0x15fa	0x15e8
0x15fb	0x15e8
0x15fd	0x15e8
0x1612	0x15e8
0x1613	0x15e8
0x1628	0x15e8
0x162b	0x15e8
0x162d	0x15e8
0x1631	0x15e8
0x1633	0x15e8
0x1634	0x15e8
0x1635	0x15e8
0x1636	0x15e8
0x1637	0x15e8
0x163a	0x15e8
0x163c	0x15e8
0x163e	0x15e8
0x1640	0x15e8
0x1641	0x15e8
0x1642	0x15e8
0x1645	0x15e8
0x1646	0x15e8
0x1647	0x15e8
0x1648	0x15e8
0x164c	0x15e8
0x164f	0x15e8
0x1654	0x1653
0x1669	0x1653
0x166b	0x1653
0x1680	0x1653
0x1682	0x1653
0x16a3	0x1653
0x16a5	0x1653
0x16a6	0x1653
0x16a8	0x1653
0x16ab	0x1653
0x16ae	0x1653
0x16b2	0x1653
0x16b7	0x16b6
0x16c1	0x16c0
0x16c4	0x16c0
0x16c9	0x16c8
0x16ca	0x16c8
0x16cc	0x16c8
0x16cd	0x16c8
0x16d0	0x16c8
0x16d2	0x16c8
0x16d4	0x16c8
0x16d6	0x16c8
0x16d7	0x16c8
0x16d8	0x16c8
0x16db	0x16c8
0x16dc	0x16c8
0x16dd	0x16c8
0x16de	0x16c8
0x16e2	0x16c8
0x1703	0x16c8
0x1706	0x16c8
0x170b	0x170a
0x170d	0x170a
0x170e	0x170a
0x1713	0x170a
0x1718	0x1717
0x171a	0x1717
0x171d	0x1717
0x1763	0x1762
0x1766	0x1762
0x1767	0x1762
0x1768	0x1762
0x176c	0x176c
0x176e	0x176c
0x176f	0x176c
0x1792	0x176c
0x1794	0x176c
0x1795	0x176c
0x1797	0x176c
0x179a	0x176c
0x179e	0x179d
0x17a7	0x17a6
0x17a8	0x17a6
0x17c9	0x17a6
0x17cb	0x17a6
0x17cd	0x17a6
0x17cf	0x17a6
0x17d0	0x17a6
0x17d4	0x17a6
0x17d8	0x17a6
0x17da	0x17a6
0x17db	0x17a6
0x1800	0x17a6
0x1802	0x17a6
0x1804	0x17a6
0x1805	0x17a6
0x1806	0x17a6
0x1808	0x17a6
0x180a	0x17a6
0x180c	0x17a6
0x180d	0x17a6
0x1811	0x17a6
0x1815	0x17a6
0x1817	0x17a6
0x1818	0x17a6
0x183d	0x17a6
0x183f	0x17a6
0x1841	0x17a6
0x1842	0x17a6
0x1843	0x17a6
0x1844	0x17a6
0x1845	0x17a6
0x1847	0x17a6
0x1848	0x17a6
0x184a	0x17a6
0x184b	0x17a6
0x1854	0x17a6
0x1859	0x1858
0x185b	0x1858
0x185c	0x1858
0x1860	0x1858
0x1861	0x1858
0x1865	0x1858
0x1869	0x1858
0x186b	0x1858
0x186d	0x1858
0x186e	0x1858
0x187e	0x187d
0x1881	0x187d
0x1886	0x1885
0x1889	0x1885
0x188a	0x1885
0x188d	0x1885
0x188f	0x1885
0x1891	0x1885
0x1893	0x1885
0x1894	0x1885
0x1895	0x1885
0x1898	0x1885
0x1899	0x1885
0x189a	0x1885
0x189b	0x1885
0x189f	0x1885
0x18c0	0x1885
0x18c3	0x1885
0x18c8	0x18c7
0x18ca	0x18c7
0x18cb	0x18c7
0x18d0	0x18c7
0x18d5	0x18d4
0x18d7	0x18d4
0x18da	0x18d4
0x2243	0x2242
0x2264	0x2242
0x2266	0x2242
0x2268	0x2242
0x226b	0x2242
0x226d	0x2242
0x2270	0x226f
0x2271	0x226f
0x2275	0x226f
0x227c	0x2279
0x229e	0x2279
0x229f	0x2279
0x22a3	0x22a3
0x22a6	0x22a3
0x22ac	0x22ab
0x22af	0x22ab
0x240d	0x240c
0x240e	0x240c
0x2411	0x240c
0x2416	0x240c
0x2417	0x240c
0x2419	0x240c
0x241b	0x240c
0x2421	0x240c
0x2605	0x2604
0x260f	0x260e
0x2630	0x260e
0x2632	0x260e
0x2637	0x2636
0x2638	0x2636
0x263b	0x2636
0x263e	0x2636
0x2645	0x2642
0x2649	0x2642
0x264e	0x264d
0x2651	0x264d
0x2679	0x2678
0x267a	0x2678
0x267e	0x2678
0x2685	0x2682
0x268a	0x2682
0x268f	0x268e
0x2692	0x268e
0x2695	0x268e
0x269a	0x268e
0x269f	0x269e
0x26a2	0x269e
0x5e41	0x5e40
0x5e64	0x5e63
0x5e87	0x5e86
0x5eaa	0x5ea9
0x5ecd	0x5ecc
0x6724	0x28
0x6726	0x33
0x6728	0x3e
0x672a	0x49
0x672c	0x54
0x672e	0x63
0x6730	0x6f
0x6732	0x7a
0x6734	0x85
0x6736	0xa0
0x6738	0xab
0x673a	0xb6
0x673c	0xc1
0x673e	0xcc
0x6740	0xdb
0x6742	0xe7
0x6744	0xf2
0x6746	0xfd
0x6748	0x6748
0x674c	0x674b
0x674f	0x674e
0x6752	0x6751
0x6755	0x6754
0x6758	0x6757
0x675b	0x675a
0x675e	0x675d
0x6761	0x6760
0x6764	0x6763
0x6767	0x6766
0x676a	0x6769
0x676d	0x676c
0x6770	0x676f
0x6773	0x6772
0x6776	0x6775
0x6779	0x6778
0x677c	0x677b
0x677f	0x677e
0x244	0x240
0x517	0x50e
0x1463	0x145a
0x2424	0x240c
0x6f9	0x6d1
0x15ca_0x0	0x15ca
0x16ba_0x0	0x16ba
0x15d1S0x14f7	0x15d0B0x14f7
0x15d2S0x14f7	0x15d0B0x14f7
0x15d1S0x15e8	0x15d0B0x15e8
0x15d2S0x15e8	0x15d0B0x15e8
0x444S0x138	0x443B0x138
0x445S0x138	0x443B0x138
0x466S0x138	0x443B0x138
0x483S0x138	0x443B0x138
0x484S0x138	0x443B0x138
0x486S0x138	0x443B0x138
0x4a3S0x138	0x443B0x138
0x4a4S0x138	0x443B0x138
0x4a5S0x138	0x443B0x138
0x4a7S0x138	0x443B0x138
0x4b5_0x0S0x138	0x4b5B0x138
0x146bS0x138	0x146aB0x138
0x146cS0x138	0x146aB0x138
0x148dS0x138	0x146aB0x138
0x14aaS0x138	0x146aB0x138
0x14abS0x138	0x146aB0x138
0x14adS0x138	0x146aB0x138
0x14caS0x138	0x146aB0x138
0x14cbS0x138	0x146aB0x138
0x14ccS0x138	0x146aB0x138
0x4acS0x138	0x4abB0x138
0x4b0S0x138	0x4abB0x138
0x4e1S0x19e	0x4e0B0x19e
0x4e3S0x19e	0x4e0B0x19e
0x4e7S0x19e	0x4e0B0x19e
0x4e9S0x19e	0x4e0B0x19e
0x4edS0x19e	0x4e0B0x19e
0x4efS0x19e	0x4e0B0x19e
0x4f0S0x19e	0x4e0B0x19e
0x4f1S0x19e	0x4e0B0x19e
0x4f2S0x19e	0x4e0B0x19e
0x4f4S0x19e	0x4e0B0x19e
0x4f5S0x19e	0x4e0B0x19e
0x4e1S0x4fc	0x4e0B0x4fc
0x4e3S0x4fc	0x4e0B0x4fc
0x4e7S0x4fc	0x4e0B0x4fc
0x4e9S0x4fc	0x4e0B0x4fc
0x4edS0x4fc	0x4e0B0x4fc
0x4efS0x4fc	0x4e0B0x4fc
0x4f0S0x4fc	0x4e0B0x4fc
0x4f1S0x4fc	0x4e0B0x4fc
0x4f2S0x4fc	0x4e0B0x4fc
0x4f4S0x4fc	0x4e0B0x4fc
0x4f5S0x4fc	0x4e0B0x4fc
0xaa8S0x28f	0xaa7B0x28f
0xaa9S0x28f	0xaa7B0x28f
0xaabS0x28f	0xaa7B0x28f
0xaadS0x28f	0xaa7B0x28f
0xaafS0x28f	0xaa7B0x28f
0xab2S0x28f	0xaa7B0x28f
0xab4S0x28f	0xaa7B0x28f
0xab5S0x28f	0xaa7B0x28f
0xab7S0x28f	0xaa7B0x28f
0xc98S0x371	0xc97B0x371
0xc9aS0x371	0xc97B0x371
0xc9eS0x371	0xc97B0x371
0xca0S0x371	0xc97B0x371
0xca4S0x371	0xc97B0x371
0xca6S0x371	0xc97B0x371
0xca7S0x371	0xc97B0x371
0xca8S0x371	0xc97B0x371
0xca9S0x371	0xc97B0x371
0xcaaS0x371	0xc97B0x371
0xcabS0x371	0xc97B0x371
0xcadS0x371	0xc97B0x371
0xcc2S0x371	0xc97B0x371
0xcc3S0x371	0xc97B0x371
0xcd8S0x371	0xc97B0x371
0xcdbS0x371	0xc97B0x371
0xcddS0x371	0xc97B0x371
0xce1S0x371	0xc97B0x371
0xce3S0x371	0xc97B0x371
0xce4S0x371	0xc97B0x371
0xce5S0x371	0xc97B0x371
0xce6S0x371	0xc97B0x371
0xce8S0x371	0xc97B0x371
0xceaS0x371	0xc97B0x371
0xcedS0x371	0xc97B0x371
0xcefS0x371	0xc97B0x371
0xcf0S0x371	0xc97B0x371
0xcf2S0x371	0xc97B0x371
0x4e1S0x1448	0x4e0B0x1448
0x4e3S0x1448	0x4e0B0x1448
0x4e7S0x1448	0x4e0B0x1448
0x4e9S0x1448	0x4e0B0x1448
0x4edS0x1448	0x4e0B0x1448
0x4efS0x1448	0x4e0B0x1448
0x4f0S0x1448	0x4e0B0x1448
0x4f1S0x1448	0x4e0B0x1448
0x4f2S0x1448	0x4e0B0x1448
0x4f4S0x1448	0x4e0B0x1448
0x4f5S0x1448	0x4e0B0x1448
0xc98S0x14e7	0xc97B0x14e7
0xc9aS0x14e7	0xc97B0x14e7
0xc9eS0x14e7	0xc97B0x14e7
0xca0S0x14e7	0xc97B0x14e7
0xca4S0x14e7	0xc97B0x14e7
0xca6S0x14e7	0xc97B0x14e7
0xca7S0x14e7	0xc97B0x14e7
0xca8S0x14e7	0xc97B0x14e7
0xca9S0x14e7	0xc97B0x14e7
0xcaaS0x14e7	0xc97B0x14e7
0xcabS0x14e7	0xc97B0x14e7
0xcadS0x14e7	0xc97B0x14e7
0xcc2S0x14e7	0xc97B0x14e7
0xcc3S0x14e7	0xc97B0x14e7
0xcd8S0x14e7	0xc97B0x14e7
0xcdbS0x14e7	0xc97B0x14e7
0xcddS0x14e7	0xc97B0x14e7
0xce1S0x14e7	0xc97B0x14e7
0xce3S0x14e7	0xc97B0x14e7
0xce4S0x14e7	0xc97B0x14e7
0xce5S0x14e7	0xc97B0x14e7
0xce6S0x14e7	0xc97B0x14e7
0xce8S0x14e7	0xc97B0x14e7
0xceaS0x14e7	0xc97B0x14e7
0xcedS0x14e7	0xc97B0x14e7
0xcefS0x14e7	0xc97B0x14e7
0xcf0S0x14e7	0xc97B0x14e7
0xcf2S0x14e7	0xc97B0x14e7
0xc98S0x15d7	0xc97B0x15d7
0xc9aS0x15d7	0xc97B0x15d7
0xc9eS0x15d7	0xc97B0x15d7
0xca0S0x15d7	0xc97B0x15d7
0xca4S0x15d7	0xc97B0x15d7
0xca6S0x15d7	0xc97B0x15d7
0xca7S0x15d7	0xc97B0x15d7
0xca8S0x15d7	0xc97B0x15d7
0xca9S0x15d7	0xc97B0x15d7
0xcaaS0x15d7	0xc97B0x15d7
0xcabS0x15d7	0xc97B0x15d7
0xcadS0x15d7	0xc97B0x15d7
0xcc2S0x15d7	0xc97B0x15d7
0xcc3S0x15d7	0xc97B0x15d7
0xcd8S0x15d7	0xc97B0x15d7
0xcdbS0x15d7	0xc97B0x15d7
0xcddS0x15d7	0xc97B0x15d7
0xce1S0x15d7	0xc97B0x15d7
0xce3S0x15d7	0xc97B0x15d7
0xce4S0x15d7	0xc97B0x15d7
0xce5S0x15d7	0xc97B0x15d7
0xce6S0x15d7	0xc97B0x15d7
0xce8S0x15d7	0xc97B0x15d7
0xceaS0x15d7	0xc97B0x15d7
0xcedS0x15d7	0xc97B0x15d7
0xcefS0x15d7	0xc97B0x15d7
0xcf0S0x15d7	0xc97B0x15d7
0xcf2S0x15d7	0xc97B0x15d7
0x1c54S0x226f	0x1c53B0x226f
0x2309S0x69d	0x2309B0x69d
0x230cS0x69d	0x2309B0x69d
0x232fS0x69d	0x232eB0x69d
0x2330S0x69d	0x232eB0x69d
0x2333S0x69d	0x232eB0x69d
0x2338S0x69d	0x232eB0x69d
0x2339S0x69d	0x232eB0x69d
0x233bS0x69d	0x232eB0x69d
0x233dS0x69d	0x232eB0x69d
0x2343S0x69d	0x232eB0x69d
0x22e1S0x69d	0x22deB0x69d
0x2303S0x69d	0x22deB0x69d
0x2304S0x69d	0x22deB0x69d
0x2305S0x69d	0x22deB0x69d
0x22b7S0x69d	0x22b6B0x69d
0x22bbS0x69d	0x22b6B0x69d
0x22beS0x69d	0x22b6B0x69d
0x2312S0x69d	0x2311B0x69d
0x2315S0x69d	0x2311B0x69d
0x2318S0x69d	0x2311B0x69d
0x231eS0x69d	0x2311B0x69d
0x22c7S0x69d	0x22c6B0x69d
0x2325S0x69d	0x2322B0x69d
0x22d4S0x69d	0x22d3B0x69d
0x22d5S0x69d	0x22d3B0x69d
0x22daS0x69d	0x22d3B0x69d
0x1874S0x92d	0x1873B0x92d
0x1876S0x92d	0x1873B0x92d
0x15d1S0x16c8	0x15d0B0x16c8
0x15d2S0x16c8	0x15d0B0x16c8
0x15d1S0x1885	0x15d0B0x1885
0x15d2S0x1885	0x15d0B0x1885
0x2225S0x608	0x2224B0x608
0x2226S0x608	0x2224B0x608
0x2229S0x608	0x2224B0x608
0x222eS0x608	0x2224B0x608
0x222fS0x608	0x2224B0x608
0x2231S0x608	0x2224B0x608
0x2233S0x608	0x2224B0x608
0x2237S0x608	0x2224B0x608
0x2211S0x608	0x220eB0x608
0x2215S0x608	0x220eB0x608
0x221aS0x608	0x2219B0x608
0x221dS0x608	0x2219B0x608
0x21dbS0x608	0x21daB0x608
0x21fcS0x608	0x21daB0x608
0x21feS0x608	0x21daB0x608
0x2203S0x608	0x2202B0x608
0x2204S0x608	0x2202B0x608
0x2207S0x608	0x2202B0x608
0x220aS0x608	0x2202B0x608
0x21cbS0x2202S0x608	0x21caB0x2202B0x608
0x21cfS0x2202S0x608	0x21caB0x2202B0x608
0x21d2S0x2202S0x608	0x21caB0x2202B0x608
0x274bS0x812	0x274aB0x812
0x274cS0x812	0x274aB0x812
0x274fS0x812	0x274aB0x812
0x2754S0x812	0x274aB0x812
0x2755S0x812	0x274aB0x812
0x2757S0x812	0x274aB0x812
0x2759S0x812	0x274aB0x812
0x275dS0x812	0x274aB0x812
0x2737S0x812	0x2734B0x812
0x273bS0x812	0x2734B0x812
0x2740S0x812	0x273fB0x812
0x2743S0x812	0x273fB0x812
0x2701S0x812	0x2700B0x812
0x2722S0x812	0x2700B0x812
0x2724S0x812	0x2700B0x812
0x2729S0x812	0x2728B0x812
0x272aS0x812	0x2728B0x812
0x272dS0x812	0x2728B0x812
0x2730S0x812	0x2728B0x812
0x21cbS0x2728S0x812	0x21caB0x2728B0x812
0x21cfS0x2728S0x812	0x21caB0x2728B0x812
0x21d2S0x2728S0x812	0x21caB0x2728B0x812
0x27b3S0x880	0x27b2B0x880
0x27b4S0x880	0x27b2B0x880
0x27b7S0x880	0x27b2B0x880
0x27bcS0x880	0x27b2B0x880
0x27bdS0x880	0x27b2B0x880
0x27bfS0x880	0x27b2B0x880
0x27c1S0x880	0x27b2B0x880
0x27c5S0x880	0x27b2B0x880
0x279fS0x880	0x279cB0x880
0x27a3S0x880	0x279cB0x880
0x27a8S0x880	0x27a7B0x880
0x27abS0x880	0x27a7B0x880
0x2769S0x880	0x2768B0x880
0x278aS0x880	0x2768B0x880
0x278cS0x880	0x2768B0x880
0x2791S0x880	0x2790B0x880
0x2792S0x880	0x2790B0x880
0x2795S0x880	0x2790B0x880
0x2798S0x880	0x2790B0x880
0x21cbS0x2790S0x880	0x21caB0x2790B0x880
0x21cfS0x2790S0x880	0x21caB0x2790B0x880
0x21d2S0x2790S0x880	0x21caB0x2790B0x880
0x281bS0x993	0x281aB0x993
0x281cS0x993	0x281aB0x993
0x281fS0x993	0x281aB0x993
0x2824S0x993	0x281aB0x993
0x2825S0x993	0x281aB0x993
0x2827S0x993	0x281aB0x993
0x2829S0x993	0x281aB0x993
0x282dS0x993	0x281aB0x993
0x2807S0x993	0x2804B0x993
0x280bS0x993	0x2804B0x993
0x2810S0x993	0x280fB0x993
0x2813S0x993	0x280fB0x993
0x27d1S0x993	0x27d0B0x993
0x27f2S0x993	0x27d0B0x993
0x27f4S0x993	0x27d0B0x993
0x27f9S0x993	0x27f8B0x993
0x27faS0x993	0x27f8B0x993
0x27fdS0x993	0x27f8B0x993
0x2800S0x993	0x27f8B0x993
0x21cbS0x27f8S0x993	0x21caB0x27f8B0x993
0x21cfS0x27f8S0x993	0x21caB0x27f8B0x993
0x21d2S0x27f8S0x993	0x21caB0x27f8B0x993
0x2883S0x9d6	0x2882B0x9d6
0x2884S0x9d6	0x2882B0x9d6
0x2887S0x9d6	0x2882B0x9d6
0x288cS0x9d6	0x2882B0x9d6
0x288dS0x9d6	0x2882B0x9d6
0x288fS0x9d6	0x2882B0x9d6
0x2891S0x9d6	0x2882B0x9d6
0x2895S0x9d6	0x2882B0x9d6
0x286fS0x9d6	0x286cB0x9d6
0x2873S0x9d6	0x286cB0x9d6
0x2878S0x9d6	0x2877B0x9d6
0x287bS0x9d6	0x2877B0x9d6
0x2839S0x9d6	0x2838B0x9d6
0x285aS0x9d6	0x2838B0x9d6
0x285cS0x9d6	0x2838B0x9d6
0x2861S0x9d6	0x2860B0x9d6
0x2862S0x9d6	0x2860B0x9d6
0x2865S0x9d6	0x2860B0x9d6
0x2868S0x9d6	0x2860B0x9d6
0x21cbS0x2860S0x9d6	0x21caB0x2860B0x9d6
0x21cfS0x2860S0x9d6	0x21caB0x2860B0x9d6
0x21d2S0x2860S0x9d6	0x21caB0x2860B0x9d6
0x28ebS0xb22	0x28eaB0xb22
0x28ecS0xb22	0x28eaB0xb22
0x28efS0xb22	0x28eaB0xb22
0x28f4S0xb22	0x28eaB0xb22
0x28f5S0xb22	0x28eaB0xb22
0x28f7S0xb22	0x28eaB0xb22
0x28f9S0xb22	0x28eaB0xb22
0x28fdS0xb22	0x28eaB0xb22
0x28d7S0xb22	0x28d4B0xb22
0x28dbS0xb22	0x28d4B0xb22
0x28e0S0xb22	0x28dfB0xb22
0x28e3S0xb22	0x28dfB0xb22
0x28a1S0xb22	0x28a0B0xb22
0x28c2S0xb22	0x28a0B0xb22
0x28c4S0xb22	0x28a0B0xb22
0x28c9S0xb22	0x28c8B0xb22
0x28caS0xb22	0x28c8B0xb22
0x28cdS0xb22	0x28c8B0xb22
0x28d0S0xb22	0x28c8B0xb22
0x21cbS0x28c8S0xb22	0x21caB0x28c8B0xb22
0x21cfS0x28c8S0xb22	0x21caB0x28c8B0xb22
0x21d2S0x28c8S0xb22	0x21caB0x28c8B0xb22
0x28ebS0xd66	0x28eaB0xd66
0x28ecS0xd66	0x28eaB0xd66
0x28efS0xd66	0x28eaB0xd66
0x28f4S0xd66	0x28eaB0xd66
0x28f5S0xd66	0x28eaB0xd66
0x28f7S0xd66	0x28eaB0xd66
0x28f9S0xd66	0x28eaB0xd66
0x28fdS0xd66	0x28eaB0xd66
0x28d7S0xd66	0x28d4B0xd66
0x28dbS0xd66	0x28d4B0xd66
0x28e0S0xd66	0x28dfB0xd66
0x28e3S0xd66	0x28dfB0xd66
0x28a1S0xd66	0x28a0B0xd66
0x28c2S0xd66	0x28a0B0xd66
0x28c4S0xd66	0x28a0B0xd66
0x28c9S0xd66	0x28c8B0xd66
0x28caS0xd66	0x28c8B0xd66
0x28cdS0xd66	0x28c8B0xd66
0x28d0S0xd66	0x28c8B0xd66
0x21cbS0x28c8S0xd66	0x21caB0x28c8B0xd66
0x21cfS0x28c8S0xd66	0x21caB0x28c8B0xd66
0x21d2S0x28c8S0xd66	0x21caB0x28c8B0xd66
0x2a04S0xe20	0x2a03B0xe20
0x2a05S0xe20	0x2a03B0xe20
0x2a08S0xe20	0x2a03B0xe20
0x2a0dS0xe20	0x2a03B0xe20
0x2a0eS0xe20	0x2a03B0xe20
0x2a10S0xe20	0x2a03B0xe20
0x2a12S0xe20	0x2a03B0xe20
0x2a16S0xe20	0x2a03B0xe20
0x29f0S0xe20	0x29edB0xe20
0x29f4S0xe20	0x29edB0xe20
0x29f9S0xe20	0x29f8B0xe20
0x29fcS0xe20	0x29f8B0xe20
0x29baS0xe20	0x29b9B0xe20
0x29dbS0xe20	0x29b9B0xe20
0x29ddS0xe20	0x29b9B0xe20
0x29e2S0xe20	0x29e1B0xe20
0x29e3S0xe20	0x29e1B0xe20
0x29e6S0xe20	0x29e1B0xe20
0x29e9S0xe20	0x29e1B0xe20
0x21cbS0x29e1S0xe20	0x21caB0x29e1B0xe20
0x21cfS0x29e1S0xe20	0x21caB0x29e1B0xe20
0x21d2S0x29e1S0xe20	0x21caB0x29e1B0xe20
0x172fS0x5b0	0x172fB0x5b0
0x1731S0x5b0	0x172fB0x5b0
0x1732S0x5b0	0x172fB0x5b0
0x1755S0x5b0	0x172fB0x5b0
0x1757S0x5b0	0x172fB0x5b0
0x1758S0x5b0	0x172fB0x5b0
0x175aS0x5b0	0x172fB0x5b0
0x175dS0x5b0	0x172fB0x5b0
0x1722S0x5b0	0x1721B0x5b0
0x1725S0x5b0	0x1721B0x5b0
0x172aS0x5b0	0x1729B0x5b0
0x172bS0x5b0	0x1729B0x5b0
0xaa8S0x1721S0x5b0	0xaa7B0x1721B0x5b0
0xaa9S0x1721S0x5b0	0xaa7B0x1721B0x5b0
0xaabS0x1721S0x5b0	0xaa7B0x1721B0x5b0
0xaadS0x1721S0x5b0	0xaa7B0x1721B0x5b0
0xaafS0x1721S0x5b0	0xaa7B0x1721B0x5b0
0xab2S0x1721S0x5b0	0xaa7B0x1721B0x5b0
0xab4S0x1721S0x5b0	0xaa7B0x1721B0x5b0
0xab5S0x1721S0x5b0	0xaa7B0x1721B0x5b0
0xab7S0x1721S0x5b0	0xaa7B0x1721B0x5b0
0x172fS0x94b	0x172fB0x94b
0x1731S0x94b	0x172fB0x94b
0x1732S0x94b	0x172fB0x94b
0x1755S0x94b	0x172fB0x94b
0x1757S0x94b	0x172fB0x94b
0x1758S0x94b	0x172fB0x94b
0x175aS0x94b	0x172fB0x94b
0x175dS0x94b	0x172fB0x94b
0x1722S0x94b	0x1721B0x94b
0x1725S0x94b	0x1721B0x94b
0x172aS0x94b	0x1729B0x94b
0x172bS0x94b	0x1729B0x94b
0xaa8S0x1721S0x94b	0xaa7B0x1721B0x94b
0xaa9S0x1721S0x94b	0xaa7B0x1721B0x94b
0xaabS0x1721S0x94b	0xaa7B0x1721B0x94b
0xaadS0x1721S0x94b	0xaa7B0x1721B0x94b
0xaafS0x1721S0x94b	0xaa7B0x1721B0x94b
0xab2S0x1721S0x94b	0xaa7B0x1721B0x94b
0xab4S0x1721S0x94b	0xaa7B0x1721B0x94b
0xab5S0x1721S0x94b	0xaa7B0x1721B0x94b
0xab7S0x1721S0x94b	0xaa7B0x1721B0x94b
0x172fS0xabc	0x172fB0xabc
0x1731S0xabc	0x172fB0xabc
0x1732S0xabc	0x172fB0xabc
0x1755S0xabc	0x172fB0xabc
0x1757S0xabc	0x172fB0xabc
0x1758S0xabc	0x172fB0xabc
0x175aS0xabc	0x172fB0xabc
0x175dS0xabc	0x172fB0xabc
0x1722S0xabc	0x1721B0xabc
0x1725S0xabc	0x1721B0xabc
0x172aS0xabc	0x1729B0xabc
0x172bS0xabc	0x1729B0xabc
0xaa8S0x1721S0xabc	0xaa7B0x1721B0xabc
0xaa9S0x1721S0xabc	0xaa7B0x1721B0xabc
0xaabS0x1721S0xabc	0xaa7B0x1721B0xabc
0xaadS0x1721S0xabc	0xaa7B0x1721B0xabc
0xaafS0x1721S0xabc	0xaa7B0x1721B0xabc
0xab2S0x1721S0xabc	0xaa7B0x1721B0xabc
0xab4S0x1721S0xabc	0xaa7B0x1721B0xabc
0xab5S0x1721S0xabc	0xaa7B0x1721B0xabc
0xab7S0x1721S0xabc	0xaa7B0x1721B0xabc
0x172fS0xd00	0x172fB0xd00
0x1731S0xd00	0x172fB0xd00
0x1732S0xd00	0x172fB0xd00
0x1755S0xd00	0x172fB0xd00
0x1757S0xd00	0x172fB0xd00
0x1758S0xd00	0x172fB0xd00
0x175aS0xd00	0x172fB0xd00
0x175dS0xd00	0x172fB0xd00
0x1722S0xd00	0x1721B0xd00
0x1725S0xd00	0x1721B0xd00
0x172aS0xd00	0x1729B0xd00
0x172bS0xd00	0x1729B0xd00
0xaa8S0x1721S0xd00	0xaa7B0x1721B0xd00
0xaa9S0x1721S0xd00	0xaa7B0x1721B0xd00
0xaabS0x1721S0xd00	0xaa7B0x1721B0xd00
0xaadS0x1721S0xd00	0xaa7B0x1721B0xd00
0xaafS0x1721S0xd00	0xaa7B0x1721B0xd00
0xab2S0x1721S0xd00	0xaa7B0x1721B0xd00
0xab4S0x1721S0xd00	0xaa7B0x1721B0xd00
0xab5S0x1721S0xd00	0xaa7B0x1721B0xd00
0xab7S0x1721S0xd00	0xaa7B0x1721B0xd00
0x212cS0x3e9	0x212cB0x3e9
0x212fS0x3e9	0x212cB0x3e9
0x2149S0x3e9	0x2149B0x3e9
0x214cS0x3e9	0x2149B0x3e9
0x2178S0x3e9	0x2178B0x3e9
0x217bS0x3e9	0x2178B0x3e9
0x21a7S0x3e9	0x21a7B0x3e9
0x21aaS0x3e9	0x21a7B0x3e9
0x211bS0x3e9	0x211aB0x3e9
0x211dS0x3e9	0x211aB0x3e9
0x211fS0x3e9	0x211aB0x3e9
0x2121S0x3e9	0x211aB0x3e9
0x2125S0x3e9	0x211aB0x3e9
0x2126S0x3e9	0x211aB0x3e9
0x2127S0x3e9	0x211aB0x3e9
0x2128S0x3e9	0x211aB0x3e9
0x2135S0x3e9	0x2134B0x3e9
0x2137S0x3e9	0x2134B0x3e9
0x2138S0x3e9	0x2134B0x3e9
0x2139S0x3e9	0x2134B0x3e9
0x2143S0x3e9	0x2134B0x3e9
0x2144S0x3e9	0x2134B0x3e9
0x2145S0x3e9	0x2134B0x3e9
0x6695S0x3e9	0x6694B0x3e9
0x2152S0x3e9	0x2151B0x3e9
0x2158S0x3e9	0x2151B0x3e9
0x2159S0x3e9	0x2151B0x3e9
0x66b8S0x3e9	0x66b7B0x3e9
0x2163S0x3e9	0x215dB0x3e9
0x2166S0x3e9	0x215dB0x3e9
0x2167S0x3e9	0x215dB0x3e9
0x2168S0x3e9	0x215dB0x3e9
0x2172S0x3e9	0x215dB0x3e9
0x2173S0x3e9	0x215dB0x3e9
0x2174S0x3e9	0x215dB0x3e9
0x2181S0x3e9	0x2180B0x3e9
0x2187S0x3e9	0x2180B0x3e9
0x2188S0x3e9	0x2180B0x3e9
0x66dbS0x3e9	0x66daB0x3e9
0x2192S0x3e9	0x218cB0x3e9
0x2195S0x3e9	0x218cB0x3e9
0x2196S0x3e9	0x218cB0x3e9
0x2197S0x3e9	0x218cB0x3e9
0x21a1S0x3e9	0x218cB0x3e9
0x21a2S0x3e9	0x218cB0x3e9
0x21a3S0x3e9	0x218cB0x3e9
0x21b0S0x3e9	0x21afB0x3e9
0x21b6S0x3e9	0x21afB0x3e9
0x21b7S0x3e9	0x21afB0x3e9
0x66feS0x3e9	0x66fdB0x3e9
0x1b61S0x2151S0x3e9	0x1b61B0x2151B0x3e9
0x1b64S0x2151S0x3e9	0x1b61B0x2151B0x3e9
0x1b7eS0x2151S0x3e9	0x1b7eB0x2151B0x3e9
0x1b81S0x2151S0x3e9	0x1b7eB0x2151B0x3e9
0x1b9aS0x2151S0x3e9	0x1b9aB0x2151B0x3e9
0x1b9dS0x2151S0x3e9	0x1b9aB0x2151B0x3e9
0x1b6bS0x2151S0x3e9	0x1b69B0x2151B0x3e9
0x1b6eS0x2151S0x3e9	0x1b69B0x2151B0x3e9
0x1b78S0x2151S0x3e9	0x1b69B0x2151B0x3e9
0x1b79S0x2151S0x3e9	0x1b69B0x2151B0x3e9
0x1b7aS0x2151S0x3e9	0x1b69B0x2151B0x3e9
0x6465S0x2151S0x3e9	0x6464B0x2151B0x3e9
0x1b87S0x2151S0x3e9	0x1b86B0x2151B0x3e9
0x1b8aS0x2151S0x3e9	0x1b86B0x2151B0x3e9
0x1b8eS0x2151S0x3e9	0x1b86B0x2151B0x3e9
0x1b91S0x2151S0x3e9	0x1b86B0x2151B0x3e9
0x1b93S0x2151S0x3e9	0x1b86B0x2151B0x3e9
0x1b94S0x2151S0x3e9	0x1b86B0x2151B0x3e9
0x1b95S0x2151S0x3e9	0x1b86B0x2151B0x3e9
0x1b96S0x2151S0x3e9	0x1b86B0x2151B0x3e9
0x6488S0x2151S0x3e9	0x6487B0x2151B0x3e9
0x64abS0x2151S0x3e9	0x64aaB0x2151B0x3e9
0x1b55S0x2151S0x3e9	0x1b54B0x2151B0x3e9
0x1b58S0x2151S0x3e9	0x1b54B0x2151B0x3e9
0x1b5bS0x2151S0x3e9	0x1b54B0x2151B0x3e9
0x1b5cS0x2151S0x3e9	0x1b54B0x2151B0x3e9
0x1b5dS0x2151S0x3e9	0x1b54B0x2151B0x3e9
0x1bb6S0x2180S0x3e9	0x1bb6B0x2180B0x3e9
0x1bb9S0x2180S0x3e9	0x1bb6B0x2180B0x3e9
0x1bd3S0x2180S0x3e9	0x1bd3B0x2180B0x3e9
0x1bd6S0x2180S0x3e9	0x1bd3B0x2180B0x3e9
0x1befS0x2180S0x3e9	0x1befB0x2180B0x3e9
0x1bf2S0x2180S0x3e9	0x1befB0x2180B0x3e9
0x1bc0S0x2180S0x3e9	0x1bbeB0x2180B0x3e9
0x1bc3S0x2180S0x3e9	0x1bbeB0x2180B0x3e9
0x1bcdS0x2180S0x3e9	0x1bbeB0x2180B0x3e9
0x1bceS0x2180S0x3e9	0x1bbeB0x2180B0x3e9
0x1bcfS0x2180S0x3e9	0x1bbeB0x2180B0x3e9
0x64ceS0x2180S0x3e9	0x64cdB0x2180B0x3e9
0x1bdcS0x2180S0x3e9	0x1bdbB0x2180B0x3e9
0x1bdfS0x2180S0x3e9	0x1bdbB0x2180B0x3e9
0x1be3S0x2180S0x3e9	0x1bdbB0x2180B0x3e9
0x1be6S0x2180S0x3e9	0x1bdbB0x2180B0x3e9
0x1be8S0x2180S0x3e9	0x1bdbB0x2180B0x3e9
0x1be9S0x2180S0x3e9	0x1bdbB0x2180B0x3e9
0x1beaS0x2180S0x3e9	0x1bdbB0x2180B0x3e9
0x1bebS0x2180S0x3e9	0x1bdbB0x2180B0x3e9
0x64f1S0x2180S0x3e9	0x64f0B0x2180B0x3e9
0x6514S0x2180S0x3e9	0x6513B0x2180B0x3e9
0x1baaS0x2180S0x3e9	0x1ba9B0x2180B0x3e9
0x1badS0x2180S0x3e9	0x1ba9B0x2180B0x3e9
0x1bb0S0x2180S0x3e9	0x1ba9B0x2180B0x3e9
0x1bb1S0x2180S0x3e9	0x1ba9B0x2180B0x3e9
0x1bb2S0x2180S0x3e9	0x1ba9B0x2180B0x3e9
0x1c0bS0x21afS0x3e9	0x1c0bB0x21afB0x3e9
0x1c0eS0x21afS0x3e9	0x1c0bB0x21afB0x3e9
0x1c28S0x21afS0x3e9	0x1c28B0x21afB0x3e9
0x1c2bS0x21afS0x3e9	0x1c28B0x21afB0x3e9
0x1c44S0x21afS0x3e9	0x1c44B0x21afB0x3e9
0x1c47S0x21afS0x3e9	0x1c44B0x21afB0x3e9
0x1c15S0x21afS0x3e9	0x1c13B0x21afB0x3e9
0x1c18S0x21afS0x3e9	0x1c13B0x21afB0x3e9
0x1c22S0x21afS0x3e9	0x1c13B0x21afB0x3e9
0x1c23S0x21afS0x3e9	0x1c13B0x21afB0x3e9
0x1c24S0x21afS0x3e9	0x1c13B0x21afB0x3e9
0x6537S0x21afS0x3e9	0x6536B0x21afB0x3e9
0x1c31S0x21afS0x3e9	0x1c30B0x21afB0x3e9
0x1c34S0x21afS0x3e9	0x1c30B0x21afB0x3e9
0x1c38S0x21afS0x3e9	0x1c30B0x21afB0x3e9
0x1c3bS0x21afS0x3e9	0x1c30B0x21afB0x3e9
0x1c3dS0x21afS0x3e9	0x1c30B0x21afB0x3e9
0x1c3eS0x21afS0x3e9	0x1c30B0x21afB0x3e9
0x1c3fS0x21afS0x3e9	0x1c30B0x21afB0x3e9
0x1c40S0x21afS0x3e9	0x1c30B0x21afB0x3e9
0x655aS0x21afS0x3e9	0x6559B0x21afB0x3e9
0x657dS0x21afS0x3e9	0x657cB0x21afB0x3e9
0x1bffS0x21afS0x3e9	0x1bfeB0x21afB0x3e9
0x1c02S0x21afS0x3e9	0x1bfeB0x21afB0x3e9
0x1c05S0x21afS0x3e9	0x1bfeB0x21afB0x3e9
0x1c06S0x21afS0x3e9	0x1bfeB0x21afB0x3e9
0x1c07S0x21afS0x3e9	0x1bfeB0x21afB0x3e9
0x193cS0x16c0	0x193cB0x16c0
0x193eS0x16c0	0x193cB0x16c0
0x193fS0x16c0	0x193cB0x16c0
0x1962S0x16c0	0x193cB0x16c0
0x1964S0x16c0	0x193cB0x16c0
0x1965S0x16c0	0x193cB0x16c0
0x1967S0x16c0	0x193cB0x16c0
0x196aS0x16c0	0x193cB0x16c0
0x1930S0x16c0	0x192fB0x16c0
0x1933S0x16c0	0x192fB0x16c0
0x1938S0x16c0	0x1937B0x16c0
0xaa8S0x192fS0x16c0	0xaa7B0x192fB0x16c0
0xaa9S0x192fS0x16c0	0xaa7B0x192fB0x16c0
0xaabS0x192fS0x16c0	0xaa7B0x192fB0x16c0
0xaadS0x192fS0x16c0	0xaa7B0x192fB0x16c0
0xaafS0x192fS0x16c0	0xaa7B0x192fB0x16c0
0xab2S0x192fS0x16c0	0xaa7B0x192fB0x16c0
0xab4S0x192fS0x16c0	0xaa7B0x192fB0x16c0
0xab5S0x192fS0x16c0	0xaa7B0x192fB0x16c0
0xab7S0x192fS0x16c0	0xaa7B0x192fB0x16c0
0x172fS0x187d	0x172fB0x187d
0x1731S0x187d	0x172fB0x187d
0x1732S0x187d	0x172fB0x187d
0x1755S0x187d	0x172fB0x187d
0x1757S0x187d	0x172fB0x187d
0x1758S0x187d	0x172fB0x187d
0x175aS0x187d	0x172fB0x187d
0x175dS0x187d	0x172fB0x187d
0x1722S0x187d	0x1721B0x187d
0x1725S0x187d	0x1721B0x187d
0x172aS0x187d	0x1729B0x187d
0x172bS0x187d	0x1729B0x187d
0xaa8S0x1721S0x187d	0xaa7B0x1721B0x187d
0xaa9S0x1721S0x187d	0xaa7B0x1721B0x187d
0xaabS0x1721S0x187d	0xaa7B0x1721B0x187d
0xaadS0x1721S0x187d	0xaa7B0x1721B0x187d
0xaafS0x1721S0x187d	0xaa7B0x1721B0x187d
0xab2S0x1721S0x187d	0xaa7B0x1721B0x187d
0xab4S0x1721S0x187d	0xaa7B0x1721B0x187d
0xab5S0x1721S0x187d	0xaa7B0x1721B0x187d
0xab7S0x1721S0x187d	0xaa7B0x1721B0x187d
0x266eS0x2682	0x266dB0x2682
0x2659S0x2682	0x2658B0x2682
0x2662S0x2682	0x2661B0x2682
0x2665S0x2682	0x2661B0x2682
0x2669S0x2682	0x2661B0x2682
0x1a2bS0x2661S0x2682	0x1a2aB0x2661B0x2682
0x266eS0x268e	0x266dB0x268e
0x2659S0x268e	0x2658B0x268e
0x2662S0x268e	0x2661B0x268e
0x2665S0x268e	0x2661B0x268e
0x2669S0x268e	0x2661B0x268e
0x1a2bS0x2661S0x268e	0x1a2aB0x2661B0x268e
0x19d9S0x122	0x19d9B0x122
0x19dcS0x122	0x19d9B0x122
0x19cdS0x122	0x19ccB0x122
0x19ceS0x122	0x19ccB0x122
0x19d2S0x122	0x19ccB0x122
0x19d3S0x122	0x19ccB0x122
0x19d4S0x122	0x19ccB0x122
0x19d5S0x122	0x19ccB0x122
0x19e2S0x122	0x19e1B0x122
0x19e3S0x122	0x19e1B0x122
0x19e9S0x122	0x19e1B0x122
0x19eaS0x122	0x19e1B0x122
0x63fcS0x122	0x63fbB0x122
0x19b9S0x19e1S0x122	0x19b8B0x19e1B0x122
0x19bbS0x19e1S0x122	0x19b8B0x19e1B0x122
0x19beS0x19e1S0x122	0x19b8B0x19e1B0x122
0x19c2S0x19e1S0x122	0x19b8B0x19e1B0x122
0x19b2S0x19b8S0x19e1S0x122	0x19b2B0x19b8B0x19e1B0x122
0x19adS0x19b8S0x19e1S0x122	0x19abB0x19b8B0x19e1B0x122
0x19aeS0x19b8S0x19e1S0x122	0x19abB0x19b8B0x19e1B0x122
0x1978S0x19b8S0x19e1S0x122	0x1977B0x19b8B0x19e1B0x122
0x1979S0x19b8S0x19e1S0x122	0x1977B0x19b8B0x19e1B0x122
0x199bS0x19b8S0x19e1S0x122	0x1977B0x19b8B0x19e1B0x122
0x19a3S0x19b8S0x19e1S0x122	0x19a2B0x19b8B0x19e1B0x122
0x19a7S0x19b8S0x19e1S0x122	0x19a2B0x19b8B0x19e1B0x122
0x1a12S0x13d	0x1a11B0x13d
0x1a13S0x13d	0x1a11B0x13d
0x1a16S0x13d	0x1a11B0x13d
0x1a19S0x13d	0x1a11B0x13d
0x1a1cS0x13d	0x1a11B0x13d
0x1a1eS0x13d	0x1a11B0x13d
0x1a20S0x13d	0x1a11B0x13d
0x1a03S0x1a11S0x13d	0x1a02B0x1a11B0x13d
0x1a07S0x1a11S0x13d	0x1a02B0x1a11B0x13d
0x19f8S0x1a02S0x1a11S0x13d	0x19f7B0x1a02B0x1a11B0x13d
0x19faS0x1a02S0x1a11S0x13d	0x19f7B0x1a02B0x1a11B0x13d
0x19fbS0x1a02S0x1a11S0x13d	0x19f7B0x1a02B0x1a11B0x13d
0x1a43S0x167	0x1a42B0x167
0x1a44S0x167	0x1a42B0x167
0x1a47S0x167	0x1a42B0x167
0x1a4aS0x167	0x1a42B0x167
0x1a4dS0x167	0x1a42B0x167
0x1a4fS0x167	0x1a42B0x167
0x1a51S0x167	0x1a42B0x167
0x1a34S0x1a42S0x167	0x1a33B0x1a42B0x167
0x1a38S0x1a42S0x167	0x1a33B0x1a42B0x167
0x1a2bS0x1a33S0x1a42S0x167	0x1a2aB0x1a33B0x1a42B0x167
0x1a43S0x1a3	0x1a42B0x1a3
0x1a44S0x1a3	0x1a42B0x1a3
0x1a47S0x1a3	0x1a42B0x1a3
0x1a4aS0x1a3	0x1a42B0x1a3
0x1a4dS0x1a3	0x1a42B0x1a3
0x1a4fS0x1a3	0x1a42B0x1a3
0x1a51S0x1a3	0x1a42B0x1a3
0x1a34S0x1a42S0x1a3	0x1a33B0x1a42B0x1a3
0x1a38S0x1a42S0x1a3	0x1a33B0x1a42B0x1a3
0x1a2bS0x1a33S0x1a42S0x1a3	0x1a2aB0x1a33B0x1a42B0x1a3
0x1a12S0x298	0x1a11B0x298
0x1a13S0x298	0x1a11B0x298
0x1a16S0x298	0x1a11B0x298
0x1a19S0x298	0x1a11B0x298
0x1a1cS0x298	0x1a11B0x298
0x1a1eS0x298	0x1a11B0x298
0x1a20S0x298	0x1a11B0x298
0x1a03S0x1a11S0x298	0x1a02B0x1a11B0x298
0x1a07S0x1a11S0x298	0x1a02B0x1a11B0x298
0x19f8S0x1a02S0x1a11S0x298	0x19f7B0x1a02B0x1a11B0x298
0x19faS0x1a02S0x1a11S0x298	0x19f7B0x1a02B0x1a11B0x298
0x19fbS0x1a02S0x1a11S0x298	0x19f7B0x1a02B0x1a11B0x298
0x2102S0x2fc	0x2101B0x2fc
0x2103S0x2fc	0x2101B0x2fc
0x2106S0x2fc	0x2101B0x2fc
0x2109S0x2fc	0x2101B0x2fc
0x210cS0x2fc	0x2101B0x2fc
0x210eS0x2fc	0x2101B0x2fc
0x2110S0x2fc	0x2101B0x2fc
0x20f3S0x2101S0x2fc	0x20f2B0x2101B0x2fc
0x20f7S0x2101S0x2fc	0x20f2B0x2101B0x2fc
0x1c54S0x20f2S0x2101S0x2fc	0x1c53B0x20f2B0x2101B0x2fc
0x1a12S0x376	0x1a11B0x376
0x1a13S0x376	0x1a11B0x376
0x1a16S0x376	0x1a11B0x376
0x1a19S0x376	0x1a11B0x376
0x1a1cS0x376	0x1a11B0x376
0x1a1eS0x376	0x1a11B0x376
0x1a20S0x376	0x1a11B0x376
0x1a03S0x1a11S0x376	0x1a02B0x1a11B0x376
0x1a07S0x1a11S0x376	0x1a02B0x1a11B0x376
0x19f8S0x1a02S0x1a11S0x376	0x19f7B0x1a02B0x1a11B0x376
0x19faS0x1a02S0x1a11S0x376	0x19f7B0x1a02B0x1a11B0x376
0x19fbS0x1a02S0x1a11S0x376	0x19f7B0x1a02B0x1a11B0x376
0x1a43S0x3a0	0x1a42B0x3a0
0x1a44S0x3a0	0x1a42B0x3a0
0x1a47S0x3a0	0x1a42B0x3a0
0x1a4aS0x3a0	0x1a42B0x3a0
0x1a4dS0x3a0	0x1a42B0x3a0
0x1a4fS0x3a0	0x1a42B0x3a0
0x1a51S0x3a0	0x1a42B0x3a0
0x1a34S0x1a42S0x3a0	0x1a33B0x1a42B0x3a0
0x1a38S0x1a42S0x3a0	0x1a33B0x1a42B0x3a0
0x1a2bS0x1a33S0x1a42S0x3a0	0x1a2aB0x1a33B0x1a42B0x3a0
0x26beS0x777	0x26bdB0x777
0x26bfS0x777	0x26bdB0x777
0x26c2S0x777	0x26bdB0x777
0x26c5S0x777	0x26bdB0x777
0x26c8S0x777	0x26bdB0x777
0x26caS0x777	0x26bdB0x777
0x26ccS0x777	0x26bdB0x777
0x26d1S0x777	0x26d0B0x777
0x26d4S0x777	0x26d0B0x777
0x26d7S0x777	0x26d0B0x777
0x26d9S0x777	0x26d0B0x777
0x26deS0x777	0x26ddB0x777
0x26e1S0x777	0x26ddB0x777
0x26e4S0x777	0x26ddB0x777
0x26e6S0x777	0x26ddB0x777
0x26afS0x777	0x26aeB0x777
0x26b3S0x777	0x26aeB0x777
0x26ebS0x777	0x26eaB0x777
0x26eeS0x777	0x26eaB0x777
0x26f1S0x777	0x26eaB0x777
0x26f3S0x777	0x26eaB0x777
0x1c87S0x26aeS0x777	0x1c86B0x26aeB0x777
0x1c88S0x26aeS0x777	0x1c86B0x26aeB0x777
0x1c8bS0x26aeS0x777	0x1c86B0x26aeB0x777
0x1a34S0x26bdS0x777	0x1a33B0x26bdB0x777
0x1a38S0x26bdS0x777	0x1a33B0x26bdB0x777
0x1a2bS0x1a33S0x26bdS0x777	0x1a2aB0x1a33B0x26bdB0x777
0x1a34S0x26ddS0x777	0x1a33B0x26ddB0x777
0x1a38S0x26ddS0x777	0x1a33B0x26ddB0x777
0x1a2bS0x1a33S0x26ddS0x777	0x1a2aB0x1a33B0x26ddB0x777
0x1a34S0x26eaS0x777	0x1a33B0x26eaB0x777
0x1a38S0x26eaS0x777	0x1a33B0x26eaB0x777
0x1a2bS0x1a33S0x26eaS0x777	0x1a2aB0x1a33B0x26eaB0x777
0x2102S0x8ba	0x2101B0x8ba
0x2103S0x8ba	0x2101B0x8ba
0x2106S0x8ba	0x2101B0x8ba
0x2109S0x8ba	0x2101B0x8ba
0x210cS0x8ba	0x2101B0x8ba
0x210eS0x8ba	0x2101B0x8ba
0x2110S0x8ba	0x2101B0x8ba
0x20f3S0x2101S0x8ba	0x20f2B0x2101B0x8ba
0x20f7S0x2101S0x8ba	0x20f2B0x2101B0x8ba
0x1c54S0x20f2S0x2101S0x8ba	0x1c53B0x20f2B0x2101B0x8ba
0x2102S0xa53	0x2101B0xa53
0x2103S0xa53	0x2101B0xa53
0x2106S0xa53	0x2101B0xa53
0x2109S0xa53	0x2101B0xa53
0x210cS0xa53	0x2101B0xa53
0x210eS0xa53	0x2101B0xa53
0x2110S0xa53	0x2101B0xa53
0x20f3S0x2101S0xa53	0x20f2B0x2101B0xa53
0x20f7S0x2101S0xa53	0x20f2B0x2101B0xa53
0x1c54S0x20f2S0x2101S0xa53	0x1c53B0x20f2B0x2101B0xa53
0x2102S0xbc2	0x2101B0xbc2
0x2103S0xbc2	0x2101B0xbc2
0x2106S0xbc2	0x2101B0xbc2
0x2109S0xbc2	0x2101B0xbc2
0x210cS0xbc2	0x2101B0xbc2
0x210eS0xbc2	0x2101B0xbc2
0x2110S0xbc2	0x2101B0xbc2
0x20f3S0x2101S0xbc2	0x20f2B0x2101B0xbc2
0x20f7S0x2101S0xbc2	0x20f2B0x2101B0xbc2
0x1c54S0x20f2S0x2101S0xbc2	0x1c53B0x20f2B0x2101B0xbc2
0x2102S0xe5a	0x2101B0xe5a
0x2103S0xe5a	0x2101B0xe5a
0x2106S0xe5a	0x2101B0xe5a
0x2109S0xe5a	0x2101B0xe5a
0x210cS0xe5a	0x2101B0xe5a
0x210eS0xe5a	0x2101B0xe5a
0x2110S0xe5a	0x2101B0xe5a
0x20f3S0x2101S0xe5a	0x20f2B0x2101B0xe5a
0x20f7S0x2101S0xe5a	0x20f2B0x2101B0xe5a
0x1c54S0x20f2S0x2101S0xe5a	0x1c53B0x20f2B0x2101B0xe5a
0x1a92S0x188	0x1a92B0x188
0x1a95S0x188	0x1a92B0x188
0x1a86S0x188	0x1a85B0x188
0x1a87S0x188	0x1a85B0x188
0x1a8bS0x188	0x1a85B0x188
0x1a8cS0x188	0x1a85B0x188
0x1a8dS0x188	0x1a85B0x188
0x1a8eS0x188	0x1a85B0x188
0x1a9bS0x188	0x1a9aB0x188
0x1a9cS0x188	0x1a9aB0x188
0x1aa2S0x188	0x1a9aB0x188
0x1aa3S0x188	0x1a9aB0x188
0x641fS0x188	0x641eB0x188
0x1a72S0x1a9aS0x188	0x1a71B0x1a9aB0x188
0x1a74S0x1a9aS0x188	0x1a71B0x1a9aB0x188
0x1a77S0x1a9aS0x188	0x1a71B0x1a9aB0x188
0x1a7bS0x1a9aS0x188	0x1a71B0x1a9aB0x188
0x1a6bS0x1a71S0x1a9aS0x188	0x1a6bB0x1a71B0x1a9aB0x188
0x1a66S0x1a71S0x1a9aS0x188	0x1a64B0x1a71B0x1a9aB0x188
0x1a67S0x1a71S0x1a9aS0x188	0x1a64B0x1a71B0x1a9aB0x188
0x1a5cS0x1a71S0x1a9aS0x188	0x1a5bB0x1a71B0x1a9aB0x188
0x1a60S0x1a71S0x1a9aS0x188	0x1a5bB0x1a71B0x1a9aB0x188
0x1a2bS0x1a5bS0x1a71S0x1a9aS0x188	0x1a2aB0x1a5bB0x1a71B0x1a9aB0x188
0x1fcaS0x245	0x1fc9B0x245
0x1fcbS0x245	0x1fc9B0x245
0x1fceS0x245	0x1fc9B0x245
0x1fd3S0x245	0x1fc9B0x245
0x1fd4S0x245	0x1fc9B0x245
0x1fd6S0x245	0x1fc9B0x245
0x1fd8S0x245	0x1fc9B0x245
0x1fddS0x245	0x1fc9B0x245
0x1fe6S0x245	0x1fe1B0x245
0x1fe7S0x245	0x1fe1B0x245
0x1feaS0x245	0x1fe1B0x245
0x1fecS0x245	0x1fe1B0x245
0x1ff1S0x245	0x1fe1B0x245
0x1dff_0x2S0x1fc9S0x245	0x1dffB0x1fc9B0x245
0x1e11S0x1fc9S0x245	0x1e10B0x1fc9B0x245
0x1e14S0x1fc9S0x245	0x1e10B0x1fc9B0x245
0x1e10_0x2S0x1fc9S0x245	0x1e10B0x1fc9B0x245
0x1df7S0x1fc9S0x245	0x1df6B0x1fc9B0x245
0x1dfbS0x1fc9S0x245	0x1df6B0x1fc9B0x245
0x1e33S0x1fc9S0x245	0x1e32B0x1fc9B0x245
0x1e38S0x1fc9S0x245	0x1e32B0x1fc9B0x245
0x1dceS0x1fc9S0x245	0x1dcdB0x1fc9B0x245
0x1dd0S0x1fc9S0x245	0x1dcdB0x1fc9B0x245
0x1e3fS0x1fc9S0x245	0x1e3cB0x1fc9B0x245
0x1e43S0x1fc9S0x245	0x1e3cB0x1fc9B0x245
0x1dd8S0x1fc9S0x245	0x1dd7B0x1fc9B0x245
0x1ddcS0x1fc9S0x245	0x1dd7B0x1fc9B0x245
0x1ddfS0x1fc9S0x245	0x1dd7B0x1fc9B0x245
0x1e49S0x1fc9S0x245	0x1e47B0x1fc9B0x245
0x1de8S0x1fc9S0x245	0x1de7B0x1fc9B0x245
0x1decS0x1fc9S0x245	0x1de7B0x1fc9B0x245
0x1defS0x1fc9S0x245	0x1de7B0x1fc9B0x245
0x1e77_0x6S0x1fc9S0x245	0x1e77B0x1fc9B0x245
0x1e61S0x1fc9S0x245	0x1e5eB0x1fc9B0x245
0x1e65S0x1fc9S0x245	0x1e5eB0x1fc9B0x245
0x1e06S0x1fc9S0x245	0x1e05B0x1fc9B0x245
0x1e07S0x1fc9S0x245	0x1e05B0x1fc9B0x245
0x1e0cS0x1fc9S0x245	0x1e05B0x1fc9B0x245
0x1e6dS0x1fc9S0x245	0x1e69B0x1fc9B0x245
0x1e70S0x1fc9S0x245	0x1e69B0x1fc9B0x245
0x1e73S0x1fc9S0x245	0x1e69B0x1fc9B0x245
0x1e69_0x2S0x1fc9S0x245	0x1e69B0x1fc9B0x245
0x1e1dS0x1fc9S0x245	0x1e1cB0x1fc9B0x245
0x1e1eS0x1fc9S0x245	0x1e1cB0x1fc9B0x245
0x1e21S0x1fc9S0x245	0x1e1cB0x1fc9B0x245
0x1e1c_0x0S0x1fc9S0x245	0x1e1cB0x1fc9B0x245
0x1e4dS0x1fc9S0x245	0x1e4aB0x1fc9B0x245
0x1e4eS0x1fc9S0x245	0x1e4aB0x1fc9B0x245
0x1e4fS0x1fc9S0x245	0x1e4aB0x1fc9B0x245
0x1e4a_0x0S0x1fc9S0x245	0x1e4aB0x1fc9B0x245
0x1e29S0x1fc9S0x245	0x1e28B0x1fc9B0x245
0x1e2aS0x1fc9S0x245	0x1e28B0x1fc9B0x245
0x1e2eS0x1fc9S0x245	0x1e28B0x1fc9B0x245
0x1e54S0x1fc9S0x245	0x1e53B0x1fc9B0x245
0x1e55S0x1fc9S0x245	0x1e53B0x1fc9B0x245
0x1e5aS0x1fc9S0x245	0x1e53B0x1fc9B0x245
0x1e53_0x1S0x1fc9S0x245	0x1e53B0x1fc9B0x245
0x19f8S0x1df6S0x1fc9S0x245	0x19f7B0x1df6B0x1fc9B0x245
0x19faS0x1df6S0x1fc9S0x245	0x19f7B0x1df6B0x1fc9B0x245
0x19fbS0x1df6S0x1fc9S0x245	0x19f7B0x1df6B0x1fc9B0x245
0x1f61S0x1fe1S0x245	0x1f60B0x1fe1B0x245
0x1f66S0x1fe1S0x245	0x1f60B0x1fe1B0x245
0x1e85S0x1fe1S0x245	0x1e84B0x1fe1B0x245
0x1e87S0x1fe1S0x245	0x1e84B0x1fe1B0x245
0x1f6eS0x1fe1S0x245	0x1f6aB0x1fe1B0x245
0x1f71S0x1fe1S0x245	0x1f6aB0x1fe1B0x245
0x1f73S0x1fe1S0x245	0x1f6aB0x1fe1B0x245
0x1f74S0x1fe1S0x245	0x1f6aB0x1fe1B0x245
0x1f78S0x1fe1S0x245	0x1f6aB0x1fe1B0x245
0x1f7eS0x1fe1S0x245	0x1f7cB0x1fe1B0x245
0x1e9fS0x1fe1S0x245	0x1e9eB0x1fe1B0x245
0x1ea3S0x1fe1S0x245	0x1e9eB0x1fe1B0x245
0x1ea6S0x1fe1S0x245	0x1e9eB0x1fe1B0x245
0x1fb7_0x3S0x1fe1S0x245	0x1fb7B0x1fe1B0x245
0x1f9bS0x1fe1S0x245	0x1f98B0x1fe1B0x245
0x1f9fS0x1fe1S0x245	0x1f98B0x1fe1B0x245
0x1fa6S0x1fe1S0x245	0x1fa3B0x1fe1B0x245
0x1fa9S0x1fe1S0x245	0x1fa3B0x1fe1B0x245
0x1fadS0x1fe1S0x245	0x1fa3B0x1fe1B0x245
0x1fb0S0x1fe1S0x245	0x1fa3B0x1fe1B0x245
0x1fb3S0x1fe1S0x245	0x1fa3B0x1fe1B0x245
0x1fa3_0x2S0x1fe1S0x245	0x1fa3B0x1fe1B0x245
0x1fa3_0xaS0x1fe1S0x245	0x1fa3B0x1fe1B0x245
0x1f4bS0x1fe1S0x245	0x1f4aB0x1fe1B0x245
0x1f4cS0x1fe1S0x245	0x1f4aB0x1fe1B0x245
0x1f4fS0x1fe1S0x245	0x1f4aB0x1fe1B0x245
0x1f4a_0x0S0x1fe1S0x245	0x1f4aB0x1fe1B0x245
0x1f82S0x1fe1S0x245	0x1f7fB0x1fe1B0x245
0x1f83S0x1fe1S0x245	0x1f7fB0x1fe1B0x245
0x1f84S0x1fe1S0x245	0x1f7fB0x1fe1B0x245
0x1f7f_0x0S0x1fe1S0x245	0x1f7fB0x1fe1B0x245
0x1f57S0x1fe1S0x245	0x1f56B0x1fe1B0x245
0x1f58S0x1fe1S0x245	0x1f56B0x1fe1B0x245
0x1f5cS0x1fe1S0x245	0x1f56B0x1fe1B0x245
0x1f8aS0x1fe1S0x245	0x1f88B0x1fe1B0x245
0x1f8eS0x1fe1S0x245	0x1f88B0x1fe1B0x245
0x1f8fS0x1fe1S0x245	0x1f88B0x1fe1B0x245
0x1f94S0x1fe1S0x245	0x1f88B0x1fe1B0x245
0x1f88_0x1S0x1fe1S0x245	0x1f88B0x1fe1B0x245
0x1f88_0x3S0x1fe1S0x245	0x1f88B0x1fe1B0x245
0x1f88_0x8S0x1fe1S0x245	0x1f88B0x1fe1B0x245
0x1e8fS0x1f60S0x1fe1S0x245	0x1e8eB0x1f60B0x1fe1B0x245
0x1e93S0x1f60S0x1fe1S0x245	0x1e8eB0x1f60B0x1fe1B0x245
0x1e96S0x1f60S0x1fe1S0x245	0x1e8eB0x1f60B0x1fe1B0x245
0x1f0aS0x1f88S0x1fe1S0x245	0x1f09B0x1f88B0x1fe1B0x245
0x1f0fS0x1f88S0x1fe1S0x245	0x1f09B0x1f88B0x1fe1B0x245
0x1f16S0x1f88S0x1fe1S0x245	0x1f13B0x1f88B0x1fe1B0x245
0x1f1bS0x1f88S0x1fe1S0x245	0x1f13B0x1f88B0x1fe1B0x245
0x1f1eS0x1f88S0x1fe1S0x245	0x1f13B0x1f88B0x1fe1B0x245
0x1f1fS0x1f88S0x1fe1S0x245	0x1f13B0x1f88B0x1fe1B0x245
0x1f24S0x1f88S0x1fe1S0x245	0x1f23B0x1f88B0x1fe1B0x245
0x1f28S0x1f88S0x1fe1S0x245	0x1f23B0x1f88B0x1fe1B0x245
0x1f2eS0x1f88S0x1fe1S0x245	0x1f2cB0x1f88B0x1fe1B0x245
0x1f00S0x1f88S0x1fe1S0x245	0x1effB0x1f88B0x1fe1B0x245
0x1f01S0x1f88S0x1fe1S0x245	0x1effB0x1f88B0x1fe1B0x245
0x1f05S0x1f88S0x1fe1S0x245	0x1effB0x1f88B0x1fe1B0x245
0x1f38S0x1f88S0x1fe1S0x245	0x1f37B0x1f88B0x1fe1B0x245
0x1f39S0x1f88S0x1fe1S0x245	0x1f37B0x1f88B0x1fe1B0x245
0x1f3eS0x1f88S0x1fe1S0x245	0x1f37B0x1f88B0x1fe1B0x245
0x1eb8S0x1f09S0x1f88S0x1fe1S0x245	0x1eb7B0x1f09B0x1f88B0x1fe1B0x245
0x1ebcS0x1f09S0x1f88S0x1fe1S0x245	0x1eb7B0x1f09B0x1f88B0x1fe1B0x245
0x1ebfS0x1f09S0x1f88S0x1fe1S0x245	0x1eb7B0x1f09B0x1f88B0x1fe1B0x245
0x1ee5S0x1f13S0x1f88S0x1fe1S0x245	0x1ee4B0x1f13B0x1f88B0x1fe1B0x245
0x1ee8S0x1f13S0x1f88S0x1fe1S0x245	0x1ee4B0x1f13B0x1f88B0x1fe1B0x245
0x1eccS0x1f13S0x1f88S0x1fe1S0x245	0x1ec9B0x1f13B0x1f88B0x1fe1B0x245
0x1ecdS0x1f13S0x1f88S0x1fe1S0x245	0x1ec9B0x1f13B0x1f88B0x1fe1B0x245
0x1eceS0x1f13S0x1f88S0x1fe1S0x245	0x1ec9B0x1f13B0x1f88B0x1fe1B0x245
0x1ec9_0x0S0x1f13S0x1f88S0x1fe1S0x245	0x1ec9B0x1f13B0x1f88B0x1fe1B0x245
0x1ec8S0x1f13S0x1f88S0x1fe1S0x245	0x1ec7B0x1f13B0x1f88B0x1fe1B0x245
0x1ed4S0x1f13S0x1f88S0x1fe1S0x245	0x1ed2B0x1f13B0x1f88B0x1fe1B0x245
0x1ed5S0x1f13S0x1f88S0x1fe1S0x245	0x1ed2B0x1f13B0x1f88B0x1fe1B0x245
0x1ed8S0x1f13S0x1f88S0x1fe1S0x245	0x1ed2B0x1f13B0x1f88B0x1fe1B0x245
0x1edaS0x1f13S0x1f88S0x1fe1S0x245	0x1ed2B0x1f13B0x1f88B0x1fe1B0x245
0x1eddS0x1f13S0x1f88S0x1fe1S0x245	0x1ed2B0x1f13B0x1f88B0x1fe1B0x245
0x1ee0S0x1f13S0x1f88S0x1fe1S0x245	0x1ed2B0x1f13B0x1f88B0x1fe1B0x245
0x1ed2_0x0S0x1f13S0x1f88S0x1fe1S0x245	0x1ed2B0x1f13B0x1f88B0x1fe1B0x245
0x1ef0S0x1f23S0x1f88S0x1fe1S0x245	0x1eefB0x1f23B0x1f88B0x1fe1B0x245
0x1ef1S0x1f23S0x1f88S0x1fe1S0x245	0x1eefB0x1f23B0x1f88B0x1fe1B0x245
0x1ef3S0x1f23S0x1f88S0x1fe1S0x245	0x1eefB0x1f23B0x1f88B0x1fe1B0x245
0x1ef4S0x1f23S0x1f88S0x1fe1S0x245	0x1eefB0x1f23B0x1f88B0x1fe1B0x245
0x1ef7S0x1f23S0x1f88S0x1fe1S0x245	0x1eefB0x1f23B0x1f88B0x1fe1B0x245
0x1ef8S0x1f23S0x1f88S0x1fe1S0x245	0x1eefB0x1f23B0x1f88B0x1fe1B0x245
0x1eaeS0x1effS0x1f88S0x1fe1S0x245	0x1eadB0x1effB0x1f88B0x1fe1B0x245
0x1eb0S0x1effS0x1f88S0x1fe1S0x245	0x1eadB0x1effB0x1f88B0x1fe1B0x245
0x1fcaS0x404	0x1fc9B0x404
0x1fcbS0x404	0x1fc9B0x404
0x1fceS0x404	0x1fc9B0x404
0x1fd3S0x404	0x1fc9B0x404
0x1fd4S0x404	0x1fc9B0x404
0x1fd6S0x404	0x1fc9B0x404
0x1fd8S0x404	0x1fc9B0x404
0x1fddS0x404	0x1fc9B0x404
0x1fe6S0x404	0x1fe1B0x404
0x1fe7S0x404	0x1fe1B0x404
0x1feaS0x404	0x1fe1B0x404
0x1fecS0x404	0x1fe1B0x404
0x1ff1S0x404	0x1fe1B0x404
0x1dff_0x2S0x1fc9S0x404	0x1dffB0x1fc9B0x404
0x1e11S0x1fc9S0x404	0x1e10B0x1fc9B0x404
0x1e14S0x1fc9S0x404	0x1e10B0x1fc9B0x404
0x1e10_0x2S0x1fc9S0x404	0x1e10B0x1fc9B0x404
0x1df7S0x1fc9S0x404	0x1df6B0x1fc9B0x404
0x1dfbS0x1fc9S0x404	0x1df6B0x1fc9B0x404
0x1e33S0x1fc9S0x404	0x1e32B0x1fc9B0x404
0x1e38S0x1fc9S0x404	0x1e32B0x1fc9B0x404
0x1dceS0x1fc9S0x404	0x1dcdB0x1fc9B0x404
0x1dd0S0x1fc9S0x404	0x1dcdB0x1fc9B0x404
0x1e3fS0x1fc9S0x404	0x1e3cB0x1fc9B0x404
0x1e43S0x1fc9S0x404	0x1e3cB0x1fc9B0x404
0x1dd8S0x1fc9S0x404	0x1dd7B0x1fc9B0x404
0x1ddcS0x1fc9S0x404	0x1dd7B0x1fc9B0x404
0x1ddfS0x1fc9S0x404	0x1dd7B0x1fc9B0x404
0x1e49S0x1fc9S0x404	0x1e47B0x1fc9B0x404
0x1de8S0x1fc9S0x404	0x1de7B0x1fc9B0x404
0x1decS0x1fc9S0x404	0x1de7B0x1fc9B0x404
0x1defS0x1fc9S0x404	0x1de7B0x1fc9B0x404
0x1e77_0x6S0x1fc9S0x404	0x1e77B0x1fc9B0x404
0x1e61S0x1fc9S0x404	0x1e5eB0x1fc9B0x404
0x1e65S0x1fc9S0x404	0x1e5eB0x1fc9B0x404
0x1e06S0x1fc9S0x404	0x1e05B0x1fc9B0x404
0x1e07S0x1fc9S0x404	0x1e05B0x1fc9B0x404
0x1e0cS0x1fc9S0x404	0x1e05B0x1fc9B0x404
0x1e6dS0x1fc9S0x404	0x1e69B0x1fc9B0x404
0x1e70S0x1fc9S0x404	0x1e69B0x1fc9B0x404
0x1e73S0x1fc9S0x404	0x1e69B0x1fc9B0x404
0x1e69_0x2S0x1fc9S0x404	0x1e69B0x1fc9B0x404
0x1e1dS0x1fc9S0x404	0x1e1cB0x1fc9B0x404
0x1e1eS0x1fc9S0x404	0x1e1cB0x1fc9B0x404
0x1e21S0x1fc9S0x404	0x1e1cB0x1fc9B0x404
0x1e1c_0x0S0x1fc9S0x404	0x1e1cB0x1fc9B0x404
0x1e4dS0x1fc9S0x404	0x1e4aB0x1fc9B0x404
0x1e4eS0x1fc9S0x404	0x1e4aB0x1fc9B0x404
0x1e4fS0x1fc9S0x404	0x1e4aB0x1fc9B0x404
0x1e4a_0x0S0x1fc9S0x404	0x1e4aB0x1fc9B0x404
0x1e29S0x1fc9S0x404	0x1e28B0x1fc9B0x404
0x1e2aS0x1fc9S0x404	0x1e28B0x1fc9B0x404
0x1e2eS0x1fc9S0x404	0x1e28B0x1fc9B0x404
0x1e54S0x1fc9S0x404	0x1e53B0x1fc9B0x404
0x1e55S0x1fc9S0x404	0x1e53B0x1fc9B0x404
0x1e5aS0x1fc9S0x404	0x1e53B0x1fc9B0x404
0x1e53_0x1S0x1fc9S0x404	0x1e53B0x1fc9B0x404
0x19f8S0x1df6S0x1fc9S0x404	0x19f7B0x1df6B0x1fc9B0x404
0x19faS0x1df6S0x1fc9S0x404	0x19f7B0x1df6B0x1fc9B0x404
0x19fbS0x1df6S0x1fc9S0x404	0x19f7B0x1df6B0x1fc9B0x404
0x1f61S0x1fe1S0x404	0x1f60B0x1fe1B0x404
0x1f66S0x1fe1S0x404	0x1f60B0x1fe1B0x404
0x1e85S0x1fe1S0x404	0x1e84B0x1fe1B0x404
0x1e87S0x1fe1S0x404	0x1e84B0x1fe1B0x404
0x1f6eS0x1fe1S0x404	0x1f6aB0x1fe1B0x404
0x1f71S0x1fe1S0x404	0x1f6aB0x1fe1B0x404
0x1f73S0x1fe1S0x404	0x1f6aB0x1fe1B0x404
0x1f74S0x1fe1S0x404	0x1f6aB0x1fe1B0x404
0x1f78S0x1fe1S0x404	0x1f6aB0x1fe1B0x404
0x1f7eS0x1fe1S0x404	0x1f7cB0x1fe1B0x404
0x1e9fS0x1fe1S0x404	0x1e9eB0x1fe1B0x404
0x1ea3S0x1fe1S0x404	0x1e9eB0x1fe1B0x404
0x1ea6S0x1fe1S0x404	0x1e9eB0x1fe1B0x404
0x1fb7_0x3S0x1fe1S0x404	0x1fb7B0x1fe1B0x404
0x1f9bS0x1fe1S0x404	0x1f98B0x1fe1B0x404
0x1f9fS0x1fe1S0x404	0x1f98B0x1fe1B0x404
0x1fa6S0x1fe1S0x404	0x1fa3B0x1fe1B0x404
0x1fa9S0x1fe1S0x404	0x1fa3B0x1fe1B0x404
0x1fadS0x1fe1S0x404	0x1fa3B0x1fe1B0x404
0x1fb0S0x1fe1S0x404	0x1fa3B0x1fe1B0x404
0x1fb3S0x1fe1S0x404	0x1fa3B0x1fe1B0x404
0x1fa3_0x2S0x1fe1S0x404	0x1fa3B0x1fe1B0x404
0x1fa3_0xaS0x1fe1S0x404	0x1fa3B0x1fe1B0x404
0x1f4bS0x1fe1S0x404	0x1f4aB0x1fe1B0x404
0x1f4cS0x1fe1S0x404	0x1f4aB0x1fe1B0x404
0x1f4fS0x1fe1S0x404	0x1f4aB0x1fe1B0x404
0x1f4a_0x0S0x1fe1S0x404	0x1f4aB0x1fe1B0x404
0x1f82S0x1fe1S0x404	0x1f7fB0x1fe1B0x404
0x1f83S0x1fe1S0x404	0x1f7fB0x1fe1B0x404
0x1f84S0x1fe1S0x404	0x1f7fB0x1fe1B0x404
0x1f7f_0x0S0x1fe1S0x404	0x1f7fB0x1fe1B0x404
0x1f57S0x1fe1S0x404	0x1f56B0x1fe1B0x404
0x1f58S0x1fe1S0x404	0x1f56B0x1fe1B0x404
0x1f5cS0x1fe1S0x404	0x1f56B0x1fe1B0x404
0x1f8aS0x1fe1S0x404	0x1f88B0x1fe1B0x404
0x1f8eS0x1fe1S0x404	0x1f88B0x1fe1B0x404
0x1f8fS0x1fe1S0x404	0x1f88B0x1fe1B0x404
0x1f94S0x1fe1S0x404	0x1f88B0x1fe1B0x404
0x1f88_0x1S0x1fe1S0x404	0x1f88B0x1fe1B0x404
0x1f88_0x3S0x1fe1S0x404	0x1f88B0x1fe1B0x404
0x1f88_0x8S0x1fe1S0x404	0x1f88B0x1fe1B0x404
0x1e8fS0x1f60S0x1fe1S0x404	0x1e8eB0x1f60B0x1fe1B0x404
0x1e93S0x1f60S0x1fe1S0x404	0x1e8eB0x1f60B0x1fe1B0x404
0x1e96S0x1f60S0x1fe1S0x404	0x1e8eB0x1f60B0x1fe1B0x404
0x1f0aS0x1f88S0x1fe1S0x404	0x1f09B0x1f88B0x1fe1B0x404
0x1f0fS0x1f88S0x1fe1S0x404	0x1f09B0x1f88B0x1fe1B0x404
0x1f16S0x1f88S0x1fe1S0x404	0x1f13B0x1f88B0x1fe1B0x404
0x1f1bS0x1f88S0x1fe1S0x404	0x1f13B0x1f88B0x1fe1B0x404
0x1f1eS0x1f88S0x1fe1S0x404	0x1f13B0x1f88B0x1fe1B0x404
0x1f1fS0x1f88S0x1fe1S0x404	0x1f13B0x1f88B0x1fe1B0x404
0x1f24S0x1f88S0x1fe1S0x404	0x1f23B0x1f88B0x1fe1B0x404
0x1f28S0x1f88S0x1fe1S0x404	0x1f23B0x1f88B0x1fe1B0x404
0x1f2eS0x1f88S0x1fe1S0x404	0x1f2cB0x1f88B0x1fe1B0x404
0x1f00S0x1f88S0x1fe1S0x404	0x1effB0x1f88B0x1fe1B0x404
0x1f01S0x1f88S0x1fe1S0x404	0x1effB0x1f88B0x1fe1B0x404
0x1f05S0x1f88S0x1fe1S0x404	0x1effB0x1f88B0x1fe1B0x404
0x1f38S0x1f88S0x1fe1S0x404	0x1f37B0x1f88B0x1fe1B0x404
0x1f39S0x1f88S0x1fe1S0x404	0x1f37B0x1f88B0x1fe1B0x404
0x1f3eS0x1f88S0x1fe1S0x404	0x1f37B0x1f88B0x1fe1B0x404
0x1eb8S0x1f09S0x1f88S0x1fe1S0x404	0x1eb7B0x1f09B0x1f88B0x1fe1B0x404
0x1ebcS0x1f09S0x1f88S0x1fe1S0x404	0x1eb7B0x1f09B0x1f88B0x1fe1B0x404
0x1ebfS0x1f09S0x1f88S0x1fe1S0x404	0x1eb7B0x1f09B0x1f88B0x1fe1B0x404
0x1ee5S0x1f13S0x1f88S0x1fe1S0x404	0x1ee4B0x1f13B0x1f88B0x1fe1B0x404
0x1ee8S0x1f13S0x1f88S0x1fe1S0x404	0x1ee4B0x1f13B0x1f88B0x1fe1B0x404
0x1eccS0x1f13S0x1f88S0x1fe1S0x404	0x1ec9B0x1f13B0x1f88B0x1fe1B0x404
0x1ecdS0x1f13S0x1f88S0x1fe1S0x404	0x1ec9B0x1f13B0x1f88B0x1fe1B0x404
0x1eceS0x1f13S0x1f88S0x1fe1S0x404	0x1ec9B0x1f13B0x1f88B0x1fe1B0x404
0x1ec9_0x0S0x1f13S0x1f88S0x1fe1S0x404	0x1ec9B0x1f13B0x1f88B0x1fe1B0x404
0x1ec8S0x1f13S0x1f88S0x1fe1S0x404	0x1ec7B0x1f13B0x1f88B0x1fe1B0x404
0x1ed4S0x1f13S0x1f88S0x1fe1S0x404	0x1ed2B0x1f13B0x1f88B0x1fe1B0x404
0x1ed5S0x1f13S0x1f88S0x1fe1S0x404	0x1ed2B0x1f13B0x1f88B0x1fe1B0x404
0x1ed8S0x1f13S0x1f88S0x1fe1S0x404	0x1ed2B0x1f13B0x1f88B0x1fe1B0x404
0x1edaS0x1f13S0x1f88S0x1fe1S0x404	0x1ed2B0x1f13B0x1f88B0x1fe1B0x404
0x1eddS0x1f13S0x1f88S0x1fe1S0x404	0x1ed2B0x1f13B0x1f88B0x1fe1B0x404
0x1ee0S0x1f13S0x1f88S0x1fe1S0x404	0x1ed2B0x1f13B0x1f88B0x1fe1B0x404
0x1ed2_0x0S0x1f13S0x1f88S0x1fe1S0x404	0x1ed2B0x1f13B0x1f88B0x1fe1B0x404
0x1ef0S0x1f23S0x1f88S0x1fe1S0x404	0x1eefB0x1f23B0x1f88B0x1fe1B0x404
0x1ef1S0x1f23S0x1f88S0x1fe1S0x404	0x1eefB0x1f23B0x1f88B0x1fe1B0x404
0x1ef3S0x1f23S0x1f88S0x1fe1S0x404	0x1eefB0x1f23B0x1f88B0x1fe1B0x404
0x1ef4S0x1f23S0x1f88S0x1fe1S0x404	0x1eefB0x1f23B0x1f88B0x1fe1B0x404
0x1ef7S0x1f23S0x1f88S0x1fe1S0x404	0x1eefB0x1f23B0x1f88B0x1fe1B0x404
0x1ef8S0x1f23S0x1f88S0x1fe1S0x404	0x1eefB0x1f23B0x1f88B0x1fe1B0x404
0x1eaeS0x1effS0x1f88S0x1fe1S0x404	0x1eadB0x1effB0x1f88B0x1fe1B0x404
0x1eb0S0x1effS0x1f88S0x1fe1S0x404	0x1eadB0x1effB0x1f88B0x1fe1B0x404
0xee6S0x3ff	0xee6B0x3ff
0xee8S0x3ff	0xee6B0x3ff
0xee9S0x3ff	0xee6B0x3ff
0xf0cS0x3ff	0xee6B0x3ff
0xf0eS0x3ff	0xee6B0x3ff
0xf0fS0x3ff	0xee6B0x3ff
0xf13S0x3ff	0xee6B0x3ff
0xf2eS0x3ff	0xf2eB0x3ff
0xf30S0x3ff	0xf2eB0x3ff
0xf31S0x3ff	0xf2eB0x3ff
0xf54S0x3ff	0xf2eB0x3ff
0xf56S0x3ff	0xf2eB0x3ff
0xf57S0x3ff	0xf2eB0x3ff
0xf5bS0x3ff	0xf2eB0x3ff
0xf75S0x3ff	0xf75B0x3ff
0xf77S0x3ff	0xf75B0x3ff
0xf78S0x3ff	0xf75B0x3ff
0xf9bS0x3ff	0xf75B0x3ff
0xf9dS0x3ff	0xf75B0x3ff
0xf9eS0x3ff	0xf75B0x3ff
0xfa2S0x3ff	0xf75B0x3ff
0xfc4S0x3ff	0xfc4B0x3ff
0xfc7S0x3ff	0xfc4B0x3ff
0x1012S0x3ff	0x1012B0x3ff
0x1015S0x3ff	0x1012B0x3ff
0x105eS0x3ff	0x105eB0x3ff
0x105fS0x3ff	0x105eB0x3ff
0x1074S0x3ff	0x105eB0x3ff
0x107aS0x3ff	0x105eB0x3ff
0x107bS0x3ff	0x105eB0x3ff
0x105e_0x0S0x3ff	0x105eB0x3ff
0x107fS0x3ff	0x107fB0x3ff
0x1082S0x3ff	0x107fB0x3ff
0x10b8S0x3ff	0x10b8B0x3ff
0x10baS0x3ff	0x10b8B0x3ff
0x10bbS0x3ff	0x10b8B0x3ff
0x10deS0x3ff	0x10b8B0x3ff
0x10e0S0x3ff	0x10b8B0x3ff
0x10e1S0x3ff	0x10b8B0x3ff
0x10e5S0x3ff	0x10b8B0x3ff
0x1114S0x3ff	0x1114B0x3ff
0x1117S0x3ff	0x1114B0x3ff
0x114dS0x3ff	0x114dB0x3ff
0x114fS0x3ff	0x114dB0x3ff
0x1150S0x3ff	0x114dB0x3ff
0x1173S0x3ff	0x114dB0x3ff
0x1175S0x3ff	0x114dB0x3ff
0x1176S0x3ff	0x114dB0x3ff
0x117aS0x3ff	0x114dB0x3ff
0x1193S0x3ff	0x1193B0x3ff
0x1196S0x3ff	0x1193B0x3ff
0x11b2S0x3ff	0x11b2B0x3ff
0x11b5S0x3ff	0x11b2B0x3ff
0x11f0S0x3ff	0x11f0B0x3ff
0x11f3S0x3ff	0x11f0B0x3ff
0x120fS0x3ff	0x120fB0x3ff
0x1212S0x3ff	0x120fB0x3ff
0x1252S0x3ff	0x1252B0x3ff
0x1254S0x3ff	0x1252B0x3ff
0x1257S0x3ff	0x1252B0x3ff
0x1259S0x3ff	0x1252B0x3ff
0x125aS0x3ff	0x1252B0x3ff
0x125cS0x3ff	0x1252B0x3ff
0x125dS0x3ff	0x1252B0x3ff
0x125eS0x3ff	0x1252B0x3ff
0x1260S0x3ff	0x1252B0x3ff
0x1261S0x3ff	0x1252B0x3ff
0x1264S0x3ff	0x1252B0x3ff
0x1267S0x3ff	0x1252B0x3ff
0x1268S0x3ff	0x1252B0x3ff
0x1269S0x3ff	0x1252B0x3ff
0x126cS0x3ff	0x1252B0x3ff
0x126eS0x3ff	0x1252B0x3ff
0x1283S0x3ff	0x1283B0x3ff
0x1286S0x3ff	0x1283B0x3ff
0x129dS0x3ff	0x129dB0x3ff
0x12a0S0x3ff	0x129dB0x3ff
0x12c4S0x3ff	0x12c4B0x3ff
0x12c7S0x3ff	0x12c4B0x3ff
0x1324S0x3ff	0x1324B0x3ff
0x1327S0x3ff	0x1324B0x3ff
0x133eS0x3ff	0x133eB0x3ff
0x1341S0x3ff	0x133eB0x3ff
0x1363S0x3ff	0x1363B0x3ff
0x1366S0x3ff	0x1363B0x3ff
0x137eS0x3ff	0x137eB0x3ff
0x1381S0x3ff	0x137eB0x3ff
0x13b8S0x3ff	0x13b8B0x3ff
0x13bbS0x3ff	0x13b8B0x3ff
0x1413S0x3ff	0x1413B0x3ff
0x1416S0x3ff	0x1413B0x3ff
0xec6S0x3ff	0xec5B0x3ff
0xec9S0x3ff	0xec5B0x3ff
0xeccS0x3ff	0xec5B0x3ff
0xed1S0x3ff	0xed0B0x3ff
0xed4S0x3ff	0xed0B0x3ff
0xee1S0x3ff	0xed8B0x3ff
0xee2S0x3ff	0xed8B0x3ff
0xf29S0x3ff	0xf20B0x3ff
0xf2aS0x3ff	0xf20B0x3ff
0xf18S0x3ff	0xf17B0x3ff
0xf1aS0x3ff	0xf17B0x3ff
0xf1dS0x3ff	0xf17B0x3ff
0xf69S0x3ff	0xf68B0x3ff
0xf6fS0x3ff	0xf68B0x3ff
0xf70S0x3ff	0xf68B0x3ff
0xf71S0x3ff	0xf68B0x3ff
0xf60S0x3ff	0xf5fB0x3ff
0xf62S0x3ff	0xf5fB0x3ff
0xf65S0x3ff	0xf5fB0x3ff
0xfb4S0x3ff	0xfafB0x3ff
0xfbeS0x3ff	0xfafB0x3ff
0xfbfS0x3ff	0xfafB0x3ff
0xfc0S0x3ff	0xfafB0x3ff
0xfa7S0x3ff	0xfa6B0x3ff
0xfa9S0x3ff	0xfa6B0x3ff
0xfacS0x3ff	0xfa6B0x3ff
0xfcdS0x3ff	0xfccB0x3ff
0xfcfS0x3ff	0xfccB0x3ff
0xfd5S0x3ff	0xfccB0x3ff
0xfd7S0x3ff	0xfccB0x3ff
0xfd8S0x3ff	0xfccB0x3ff
0xfdaS0x3ff	0xfccB0x3ff
0xfdcS0x3ff	0xfccB0x3ff
0xfddS0x3ff	0xfccB0x3ff
0xfe1S0x3ff	0xfccB0x3ff
0xfe2S0x3ff	0xfccB0x3ff
0x5ef0S0x3ff	0x5eefB0x3ff
0x5f11S0x3ff	0x5eefB0x3ff
0x5f13S0x3ff	0x5eefB0x3ff
0x5f15S0x3ff	0x5eefB0x3ff
0x5f18S0x3ff	0x5eefB0x3ff
0x5f1aS0x3ff	0x5eefB0x3ff
0x1002S0x3ff	0xffaB0x3ff
0x100cS0x3ff	0xffaB0x3ff
0x100dS0x3ff	0xffaB0x3ff
0x100eS0x3ff	0xffaB0x3ff
0x101bS0x3ff	0x101aB0x3ff
0x101dS0x3ff	0x101aB0x3ff
0x1023S0x3ff	0x101aB0x3ff
0x1025S0x3ff	0x101aB0x3ff
0x1026S0x3ff	0x101aB0x3ff
0x1028S0x3ff	0x101aB0x3ff
0x102aS0x3ff	0x101aB0x3ff
0x102bS0x3ff	0x101aB0x3ff
0x102fS0x3ff	0x101aB0x3ff
0x1030S0x3ff	0x101aB0x3ff
0x5f3cS0x3ff	0x5f3bB0x3ff
0x5f5dS0x3ff	0x5f3bB0x3ff
0x5f5fS0x3ff	0x5f3bB0x3ff
0x5f61S0x3ff	0x5f3bB0x3ff
0x5f64S0x3ff	0x5f3bB0x3ff
0x5f66S0x3ff	0x5f3bB0x3ff
0x1051S0x3ff	0x104dB0x3ff
0x1039S0x3ff	0x1038B0x3ff
0x103dS0x3ff	0x1038B0x3ff
0x103fS0x3ff	0x1038B0x3ff
0x1041S0x3ff	0x1038B0x3ff
0x1044S0x3ff	0x1038B0x3ff
0x1047S0x3ff	0x1038B0x3ff
0x1038_0x0S0x3ff	0x1038B0x3ff
0x1038_0x1S0x3ff	0x1038B0x3ff
0x1436S0x3ff	0x1434B0x3ff
0x1439S0x3ff	0x1434B0x3ff
0x108aS0x3ff	0x1087B0x3ff
0x108cS0x3ff	0x1087B0x3ff
0x108dS0x3ff	0x1087B0x3ff
0x108eS0x3ff	0x1087B0x3ff
0x1091S0x3ff	0x1087B0x3ff
0x1093S0x3ff	0x1087B0x3ff
0x1098S0x3ff	0x1087B0x3ff
0x1087_0x0S0x3ff	0x1087B0x3ff
0x5f88S0x3ff	0x5f87B0x3ff
0x5fa9S0x3ff	0x5f87B0x3ff
0x5fabS0x3ff	0x5f87B0x3ff
0x5fadS0x3ff	0x5f87B0x3ff
0x5fb0S0x3ff	0x5f87B0x3ff
0x5fb2S0x3ff	0x5f87B0x3ff
0x109dS0x3ff	0x109cB0x3ff
0x10b2S0x3ff	0x109cB0x3ff
0x10b3S0x3ff	0x109cB0x3ff
0x10b4S0x3ff	0x109cB0x3ff
0x10f3S0x3ff	0x10f2B0x3ff
0x10f4S0x3ff	0x10f2B0x3ff
0x1109S0x3ff	0x10f2B0x3ff
0x110fS0x3ff	0x10f2B0x3ff
0x1110S0x3ff	0x10f2B0x3ff
0x10f2_0x0S0x3ff	0x10f2B0x3ff
0x10eaS0x3ff	0x10e9B0x3ff
0x10ecS0x3ff	0x10e9B0x3ff
0x10efS0x3ff	0x10e9B0x3ff
0x111fS0x3ff	0x111cB0x3ff
0x1121S0x3ff	0x111cB0x3ff
0x1122S0x3ff	0x111cB0x3ff
0x1123S0x3ff	0x111cB0x3ff
0x1126S0x3ff	0x111cB0x3ff
0x1128S0x3ff	0x111cB0x3ff
0x112dS0x3ff	0x111cB0x3ff
0x111c_0x0S0x3ff	0x111cB0x3ff
0x5fd4S0x3ff	0x5fd3B0x3ff
0x5ff5S0x3ff	0x5fd3B0x3ff
0x5ff7S0x3ff	0x5fd3B0x3ff
0x5ff9S0x3ff	0x5fd3B0x3ff
0x5ffcS0x3ff	0x5fd3B0x3ff
0x5ffeS0x3ff	0x5fd3B0x3ff
0x1132S0x3ff	0x1131B0x3ff
0x1147S0x3ff	0x1131B0x3ff
0x1148S0x3ff	0x1131B0x3ff
0x1149S0x3ff	0x1131B0x3ff
0x1188S0x3ff	0x1187B0x3ff
0x118eS0x3ff	0x1187B0x3ff
0x118fS0x3ff	0x1187B0x3ff
0x1187_0x0S0x3ff	0x1187B0x3ff
0x117fS0x3ff	0x117eB0x3ff
0x1181S0x3ff	0x117eB0x3ff
0x1184S0x3ff	0x117eB0x3ff
0x119eS0x3ff	0x119bB0x3ff
0x11a0S0x3ff	0x119bB0x3ff
0x11a1S0x3ff	0x119bB0x3ff
0x11a2S0x3ff	0x119bB0x3ff
0x11a3S0x3ff	0x119bB0x3ff
0x11a4S0x3ff	0x119bB0x3ff
0x119b_0x0S0x3ff	0x119bB0x3ff
0x6020S0x3ff	0x601fB0x3ff
0x6041S0x3ff	0x601fB0x3ff
0x6043S0x3ff	0x601fB0x3ff
0x6045S0x3ff	0x601fB0x3ff
0x6048S0x3ff	0x601fB0x3ff
0x604aS0x3ff	0x601fB0x3ff
0x13adS0x3ff	0x13acB0x3ff
0x13b1S0x3ff	0x13acB0x3ff
0x13b3S0x3ff	0x13acB0x3ff
0x13b4S0x3ff	0x13acB0x3ff
0x13ac_0x0S0x3ff	0x13acB0x3ff
0x11bdS0x3ff	0x11baB0x3ff
0x11bfS0x3ff	0x11baB0x3ff
0x11c0S0x3ff	0x11baB0x3ff
0x11c1S0x3ff	0x11baB0x3ff
0x11c4S0x3ff	0x11baB0x3ff
0x11c6S0x3ff	0x11baB0x3ff
0x11cbS0x3ff	0x11baB0x3ff
0x11ba_0x0S0x3ff	0x11baB0x3ff
0x606cS0x3ff	0x606bB0x3ff
0x608dS0x3ff	0x606bB0x3ff
0x608fS0x3ff	0x606bB0x3ff
0x6091S0x3ff	0x606bB0x3ff
0x6094S0x3ff	0x606bB0x3ff
0x6096S0x3ff	0x606bB0x3ff
0x11d0S0x3ff	0x11cfB0x3ff
0x11e5S0x3ff	0x11cfB0x3ff
0x11ebS0x3ff	0x11cfB0x3ff
0x11ecS0x3ff	0x11cfB0x3ff
0x11cf_0x1S0x3ff	0x11cfB0x3ff
0x11fbS0x3ff	0x11f8B0x3ff
0x11fdS0x3ff	0x11f8B0x3ff
0x11feS0x3ff	0x11f8B0x3ff
0x11ffS0x3ff	0x11f8B0x3ff
0x1200S0x3ff	0x11f8B0x3ff
0x120aS0x3ff	0x11f8B0x3ff
0x120bS0x3ff	0x11f8B0x3ff
0x11f8_0x0S0x3ff	0x11f8B0x3ff
0x11f8_0x4S0x3ff	0x11f8B0x3ff
0x60b8S0x3ff	0x60b7B0x3ff
0x60d9S0x3ff	0x60b7B0x3ff
0x60dbS0x3ff	0x60b7B0x3ff
0x60ddS0x3ff	0x60b7B0x3ff
0x60e0S0x3ff	0x60b7B0x3ff
0x60e2S0x3ff	0x60b7B0x3ff
0x121aS0x3ff	0x1217B0x3ff
0x121cS0x3ff	0x1217B0x3ff
0x121eS0x3ff	0x1217B0x3ff
0x1220S0x3ff	0x1217B0x3ff
0x1225S0x3ff	0x1217B0x3ff
0x1217_0x0S0x3ff	0x1217B0x3ff
0x6104S0x3ff	0x6103B0x3ff
0x6125S0x3ff	0x6103B0x3ff
0x6127S0x3ff	0x6103B0x3ff
0x6129S0x3ff	0x6103B0x3ff
0x612cS0x3ff	0x6103B0x3ff
0x612eS0x3ff	0x6103B0x3ff
0x122aS0x3ff	0x1229B0x3ff
0x122cS0x3ff	0x1229B0x3ff
0x122dS0x3ff	0x1229B0x3ff
0x1233S0x3ff	0x1229B0x3ff
0x1238S0x3ff	0x1237B0x3ff
0x1239S0x3ff	0x1237B0x3ff
0x123bS0x3ff	0x1237B0x3ff
0x123eS0x3ff	0x1237B0x3ff
0x1243S0x3ff	0x1237B0x3ff
0x1249S0x3ff	0x1237B0x3ff
0x124bS0x3ff	0x1237B0x3ff
0x124dS0x3ff	0x1237B0x3ff
0x124eS0x3ff	0x1237B0x3ff
0x1273S0x3ff	0x1272B0x3ff
0x127cS0x3ff	0x1277B0x3ff
0x127eS0x3ff	0x1277B0x3ff
0x127fS0x3ff	0x1277B0x3ff
0x1277_0x3S0x3ff	0x1277B0x3ff
0x128cS0x3ff	0x128bB0x3ff
0x128eS0x3ff	0x128bB0x3ff
0x128fS0x3ff	0x128bB0x3ff
0x1291S0x3ff	0x128bB0x3ff
0x1292S0x3ff	0x128bB0x3ff
0x1296S0x3ff	0x128bB0x3ff
0x1298S0x3ff	0x128bB0x3ff
0x1299S0x3ff	0x128bB0x3ff
0x128b_0x0S0x3ff	0x128bB0x3ff
0x128b_0x4S0x3ff	0x128bB0x3ff
0x6150S0x3ff	0x614fB0x3ff
0x6171S0x3ff	0x614fB0x3ff
0x6173S0x3ff	0x614fB0x3ff
0x6175S0x3ff	0x614fB0x3ff
0x6178S0x3ff	0x614fB0x3ff
0x617aS0x3ff	0x614fB0x3ff
0x12a6S0x3ff	0x12a5B0x3ff
0x12a8S0x3ff	0x12a5B0x3ff
0x12a9S0x3ff	0x12a5B0x3ff
0x12abS0x3ff	0x12a5B0x3ff
0x12acS0x3ff	0x12a5B0x3ff
0x12b1S0x3ff	0x12a5B0x3ff
0x12b2S0x3ff	0x12a5B0x3ff
0x12b3S0x3ff	0x12a5B0x3ff
0x12b4S0x3ff	0x12a5B0x3ff
0x12bfS0x3ff	0x12a5B0x3ff
0x12c0S0x3ff	0x12a5B0x3ff
0x12a5_0x0S0x3ff	0x12a5B0x3ff
0x12a5_0x3S0x3ff	0x12a5B0x3ff
0x12a5_0x5S0x3ff	0x12a5B0x3ff
0x619cS0x3ff	0x619bB0x3ff
0x61bdS0x3ff	0x619bB0x3ff
0x61bfS0x3ff	0x619bB0x3ff
0x61c1S0x3ff	0x619bB0x3ff
0x61c4S0x3ff	0x619bB0x3ff
0x61c6S0x3ff	0x619bB0x3ff
0x12cfS0x3ff	0x12ccB0x3ff
0x12d1S0x3ff	0x12ccB0x3ff
0x12d2S0x3ff	0x12ccB0x3ff
0x12d3S0x3ff	0x12ccB0x3ff
0x12d6S0x3ff	0x12ccB0x3ff
0x12d8S0x3ff	0x12ccB0x3ff
0x12ddS0x3ff	0x12ccB0x3ff
0x12cc_0x0S0x3ff	0x12ccB0x3ff
0x61e8S0x3ff	0x61e7B0x3ff
0x6209S0x3ff	0x61e7B0x3ff
0x620bS0x3ff	0x61e7B0x3ff
0x620dS0x3ff	0x61e7B0x3ff
0x6210S0x3ff	0x61e7B0x3ff
0x6212S0x3ff	0x61e7B0x3ff
0x12e2S0x3ff	0x12e1B0x3ff
0x12f7S0x3ff	0x12e1B0x3ff
0x12f9S0x3ff	0x12e1B0x3ff
0x131fS0x3ff	0x12e1B0x3ff
0x1320S0x3ff	0x12e1B0x3ff
0x12e1_0x1S0x3ff	0x12e1B0x3ff
0x132fS0x3ff	0x132cB0x3ff
0x1331S0x3ff	0x132cB0x3ff
0x1332S0x3ff	0x132cB0x3ff
0x1333S0x3ff	0x132cB0x3ff
0x1339S0x3ff	0x132cB0x3ff
0x133aS0x3ff	0x132cB0x3ff
0x132c_0x0S0x3ff	0x132cB0x3ff
0x132c_0x6S0x3ff	0x132cB0x3ff
0x6234S0x3ff	0x6233B0x3ff
0x6255S0x3ff	0x6233B0x3ff
0x6257S0x3ff	0x6233B0x3ff
0x6259S0x3ff	0x6233B0x3ff
0x625cS0x3ff	0x6233B0x3ff
0x625eS0x3ff	0x6233B0x3ff
0x1349S0x3ff	0x1346B0x3ff
0x134bS0x3ff	0x1346B0x3ff
0x134dS0x3ff	0x1346B0x3ff
0x134fS0x3ff	0x1346B0x3ff
0x1354S0x3ff	0x1346B0x3ff
0x1346_0x0S0x3ff	0x1346B0x3ff
0x6280S0x3ff	0x627fB0x3ff
0x62a1S0x3ff	0x627fB0x3ff
0x62a3S0x3ff	0x627fB0x3ff
0x62a5S0x3ff	0x627fB0x3ff
0x62a8S0x3ff	0x627fB0x3ff
0x62aaS0x3ff	0x627fB0x3ff
0x135cS0x3ff	0x1358B0x3ff
0x135eS0x3ff	0x1358B0x3ff
0x135fS0x3ff	0x1358B0x3ff
0x1358_0x6S0x3ff	0x1358B0x3ff
0x136cS0x3ff	0x136bB0x3ff
0x136eS0x3ff	0x136bB0x3ff
0x136fS0x3ff	0x136bB0x3ff
0x1371S0x3ff	0x136bB0x3ff
0x1372S0x3ff	0x136bB0x3ff
0x1373S0x3ff	0x136bB0x3ff
0x1377S0x3ff	0x136bB0x3ff
0x1379S0x3ff	0x136bB0x3ff
0x137aS0x3ff	0x136bB0x3ff
0x136b_0x0S0x3ff	0x136bB0x3ff
0x136b_0x8S0x3ff	0x136bB0x3ff
0x62ccS0x3ff	0x62cbB0x3ff
0x62edS0x3ff	0x62cbB0x3ff
0x62efS0x3ff	0x62cbB0x3ff
0x62f1S0x3ff	0x62cbB0x3ff
0x62f4S0x3ff	0x62cbB0x3ff
0x62f6S0x3ff	0x62cbB0x3ff
0x1387S0x3ff	0x1386B0x3ff
0x1389S0x3ff	0x1386B0x3ff
0x138aS0x3ff	0x1386B0x3ff
0x138cS0x3ff	0x1386B0x3ff
0x138dS0x3ff	0x1386B0x3ff
0x138eS0x3ff	0x1386B0x3ff
0x138fS0x3ff	0x1386B0x3ff
0x1391S0x3ff	0x1386B0x3ff
0x1392S0x3ff	0x1386B0x3ff
0x139bS0x3ff	0x1386B0x3ff
0x1386_0x0S0x3ff	0x1386B0x3ff
0x6318S0x3ff	0x6317B0x3ff
0x6339S0x3ff	0x6317B0x3ff
0x633bS0x3ff	0x6317B0x3ff
0x633dS0x3ff	0x6317B0x3ff
0x6340S0x3ff	0x6317B0x3ff
0x6342S0x3ff	0x6317B0x3ff
0x13a0S0x3ff	0x139fB0x3ff
0x13a2S0x3ff	0x139fB0x3ff
0x13a5S0x3ff	0x139fB0x3ff
0x13a8S0x3ff	0x139fB0x3ff
0x139f_0x2S0x3ff	0x139fB0x3ff
0x142aS0x3ff	0x1427B0x3ff
0x142cS0x3ff	0x1427B0x3ff
0x1430S0x3ff	0x1427B0x3ff
0x1427_0x0S0x3ff	0x1427B0x3ff
0x13c1S0x3ff	0x13c0B0x3ff
0x13c3S0x3ff	0x13c0B0x3ff
0x13c4S0x3ff	0x13c0B0x3ff
0x13c6S0x3ff	0x13c0B0x3ff
0x13c7S0x3ff	0x13c0B0x3ff
0x13c9S0x3ff	0x13c0B0x3ff
0x13caS0x3ff	0x13c0B0x3ff
0x13cdS0x3ff	0x13c0B0x3ff
0x13ceS0x3ff	0x13c0B0x3ff
0x13d3S0x3ff	0x13c0B0x3ff
0x13d5S0x3ff	0x13c0B0x3ff
0x13d7S0x3ff	0x13c0B0x3ff
0x13d9S0x3ff	0x13c0B0x3ff
0x13daS0x3ff	0x13c0B0x3ff
0x13deS0x3ff	0x13c0B0x3ff
0x13e2S0x3ff	0x13c0B0x3ff
0x13e4S0x3ff	0x13c0B0x3ff
0x13e5S0x3ff	0x13c0B0x3ff
0x140cS0x3ff	0x13c0B0x3ff
0x140eS0x3ff	0x13c0B0x3ff
0x140fS0x3ff	0x13c0B0x3ff
0x13c0_0x0S0x3ff	0x13c0B0x3ff
0x13c0_0x3S0x3ff	0x13c0B0x3ff
0x6364S0x3ff	0x6363B0x3ff
0x6385S0x3ff	0x6363B0x3ff
0x6387S0x3ff	0x6363B0x3ff
0x6389S0x3ff	0x6363B0x3ff
0x638cS0x3ff	0x6363B0x3ff
0x638eS0x3ff	0x6363B0x3ff
0x141cS0x3ff	0x141bB0x3ff
0x141eS0x3ff	0x141bB0x3ff
0x141fS0x3ff	0x141bB0x3ff
0x1421S0x3ff	0x141bB0x3ff
0x1422S0x3ff	0x141bB0x3ff
0x141b_0x0S0x3ff	0x141bB0x3ff
0x63b0S0x3ff	0x63afB0x3ff
0x63d1S0x3ff	0x63afB0x3ff
0x63d3S0x3ff	0x63afB0x3ff
0x63d5S0x3ff	0x63afB0x3ff
0x63d8S0x3ff	0x63afB0x3ff
0x63daS0x3ff	0x63afB0x3ff
0x1058S0x3ff	0x1052B0x3ff
0x1059S0x3ff	0x1052B0x3ff
0x105aS0x3ff	0x1052B0x3ff
0x1052_0x0S0x3ff	0x1052B0x3ff
0xfe7S0x3ff	0xfe6B0x3ff
0xfe9S0x3ff	0xfe6B0x3ff
0xfeaS0x3ff	0xfe6B0x3ff
0xfedS0x3ff	0xfe6B0x3ff
0xfefS0x3ff	0xfe6B0x3ff
0xff4S0x3ff	0xfe6B0x3ff
0x1035S0x3ff	0x1034B0x3ff
0x1037S0x3ff	0x1034B0x3ff
0x11adS0x3ff	0x11a8B0x3ff
0x11aeS0x3ff	0x11a8B0x3ff
0x11a8_0x0S0x3ff	0x11a8B0x3ff
0x1874S0x1434S0x3ff	0x1873B0x1434B0x3ff
0x1876S0x1434S0x3ff	0x1873B0x1434B0x3ff
0x2cefS0x1217S0x3ff	0x2cefB0x1217B0x3ff
0x2cf2S0x1217S0x3ff	0x2cefB0x1217B0x3ff
0x2d11S0x1217S0x3ff	0x2d11B0x1217B0x3ff
0x2d14S0x1217S0x3ff	0x2d11B0x1217B0x3ff
0x2d2dS0x1217S0x3ff	0x2d2dB0x1217B0x3ff
0x2d30S0x1217S0x3ff	0x2d2dB0x1217B0x3ff
0x2cdcS0x1217S0x3ff	0x2cdbB0x1217B0x3ff
0x2cdfS0x1217S0x3ff	0x2cdbB0x1217B0x3ff
0x2ce0S0x1217S0x3ff	0x2cdbB0x1217B0x3ff
0x2ce2S0x1217S0x3ff	0x2cdbB0x1217B0x3ff
0x2ce4S0x1217S0x3ff	0x2cdbB0x1217B0x3ff
0x2ce6S0x1217S0x3ff	0x2cdbB0x1217B0x3ff
0x2ce7S0x1217S0x3ff	0x2cdbB0x1217B0x3ff
0x2ce8S0x1217S0x3ff	0x2cdbB0x1217B0x3ff
0x2ceaS0x1217S0x3ff	0x2cdbB0x1217B0x3ff
0x2cebS0x1217S0x3ff	0x2cdbB0x1217B0x3ff
0x2cfaS0x1217S0x3ff	0x2cf7B0x1217B0x3ff
0x2cfeS0x1217S0x3ff	0x2cf7B0x1217B0x3ff
0x2d01S0x1217S0x3ff	0x2cf7B0x1217B0x3ff
0x2d0bS0x1217S0x3ff	0x2cf7B0x1217B0x3ff
0x2d0cS0x1217S0x3ff	0x2cf7B0x1217B0x3ff
0x2d0dS0x1217S0x3ff	0x2cf7B0x1217B0x3ff
0x2cd0S0x1217S0x3ff	0x2ccfB0x1217B0x3ff
0x2d1aS0x1217S0x3ff	0x2d19B0x1217B0x3ff
0x2d1dS0x1217S0x3ff	0x2d19B0x1217B0x3ff
0x2d20S0x1217S0x3ff	0x2d19B0x1217B0x3ff
0x2d23S0x1217S0x3ff	0x2d19B0x1217B0x3ff
0x2d24S0x1217S0x3ff	0x2d19B0x1217B0x3ff
0x2d25S0x1217S0x3ff	0x2d19B0x1217B0x3ff
0x2d27S0x1217S0x3ff	0x2d19B0x1217B0x3ff
0x2d28S0x1217S0x3ff	0x2d19B0x1217B0x3ff
0x2d29S0x1217S0x3ff	0x2d19B0x1217B0x3ff
0x2cd4S0x1217S0x3ff	0x2cd3B0x1217B0x3ff
0x2cd8S0x1217S0x3ff	0x2cd7B0x1217B0x3ff
0x2cefS0x1346S0x3ff	0x2cefB0x1346B0x3ff
0x2cf2S0x1346S0x3ff	0x2cefB0x1346B0x3ff
0x2d11S0x1346S0x3ff	0x2d11B0x1346B0x3ff
0x2d14S0x1346S0x3ff	0x2d11B0x1346B0x3ff
0x2d2dS0x1346S0x3ff	0x2d2dB0x1346B0x3ff
0x2d30S0x1346S0x3ff	0x2d2dB0x1346B0x3ff
0x2cdcS0x1346S0x3ff	0x2cdbB0x1346B0x3ff
0x2cdfS0x1346S0x3ff	0x2cdbB0x1346B0x3ff
0x2ce0S0x1346S0x3ff	0x2cdbB0x1346B0x3ff
0x2ce2S0x1346S0x3ff	0x2cdbB0x1346B0x3ff
0x2ce4S0x1346S0x3ff	0x2cdbB0x1346B0x3ff
0x2ce6S0x1346S0x3ff	0x2cdbB0x1346B0x3ff
0x2ce7S0x1346S0x3ff	0x2cdbB0x1346B0x3ff
0x2ce8S0x1346S0x3ff	0x2cdbB0x1346B0x3ff
0x2ceaS0x1346S0x3ff	0x2cdbB0x1346B0x3ff
0x2cebS0x1346S0x3ff	0x2cdbB0x1346B0x3ff
0x2cfaS0x1346S0x3ff	0x2cf7B0x1346B0x3ff
0x2cfeS0x1346S0x3ff	0x2cf7B0x1346B0x3ff
0x2d01S0x1346S0x3ff	0x2cf7B0x1346B0x3ff
0x2d0bS0x1346S0x3ff	0x2cf7B0x1346B0x3ff
0x2d0cS0x1346S0x3ff	0x2cf7B0x1346B0x3ff
0x2d0dS0x1346S0x3ff	0x2cf7B0x1346B0x3ff
0x2cd0S0x1346S0x3ff	0x2ccfB0x1346B0x3ff
0x2d1aS0x1346S0x3ff	0x2d19B0x1346B0x3ff
0x2d1dS0x1346S0x3ff	0x2d19B0x1346B0x3ff
0x2d20S0x1346S0x3ff	0x2d19B0x1346B0x3ff
0x2d23S0x1346S0x3ff	0x2d19B0x1346B0x3ff
0x2d24S0x1346S0x3ff	0x2d19B0x1346B0x3ff
0x2d25S0x1346S0x3ff	0x2d19B0x1346B0x3ff
0x2d27S0x1346S0x3ff	0x2d19B0x1346B0x3ff
0x2d28S0x1346S0x3ff	0x2d19B0x1346B0x3ff
0x2d29S0x1346S0x3ff	0x2d19B0x1346B0x3ff
0x2cd4S0x1346S0x3ff	0x2cd3B0x1346B0x3ff
0x2cd8S0x1346S0x3ff	0x2cd7B0x1346B0x3ff
0x2a92S0xee6S0x3ff	0x2a91B0xee6B0x3ff
0x2a93S0xee6S0x3ff	0x2a91B0xee6B0x3ff
0x2a96S0xee6S0x3ff	0x2a91B0xee6B0x3ff
0x2a9bS0xee6S0x3ff	0x2a91B0xee6B0x3ff
0x2a9cS0xee6S0x3ff	0x2a91B0xee6B0x3ff
0x2a9eS0xee6S0x3ff	0x2a91B0xee6B0x3ff
0x2aa0S0xee6S0x3ff	0x2a91B0xee6B0x3ff
0x2aa4S0xee6S0x3ff	0x2a91B0xee6B0x3ff
0x2a7eS0xee6S0x3ff	0x2a7bB0xee6B0x3ff
0x2a82S0xee6S0x3ff	0x2a7bB0xee6B0x3ff
0x2a87S0xee6S0x3ff	0x2a86B0xee6B0x3ff
0x2a8aS0xee6S0x3ff	0x2a86B0xee6B0x3ff
0x2a22S0xee6S0x3ff	0x2a21B0xee6B0x3ff
0x2a43S0xee6S0x3ff	0x2a21B0xee6B0x3ff
0x2a45S0xee6S0x3ff	0x2a21B0xee6B0x3ff
0x2a47S0xee6S0x3ff	0x2a21B0xee6B0x3ff
0x2a68S0xee6S0x3ff	0x2a21B0xee6B0x3ff
0x2a6bS0xee6S0x3ff	0x2a21B0xee6B0x3ff
0x2a70S0xee6S0x3ff	0x2a6fB0xee6B0x3ff
0x2a71S0xee6S0x3ff	0x2a6fB0xee6B0x3ff
0x2a74S0xee6S0x3ff	0x2a6fB0xee6B0x3ff
0x2a77S0xee6S0x3ff	0x2a6fB0xee6B0x3ff
0x21cbS0x2a6fS0xee6S0x3ff	0x21caB0x2a6fB0xee6B0x3ff
0x21cfS0x2a6fS0xee6S0x3ff	0x21caB0x2a6fB0xee6B0x3ff
0x21d2S0x2a6fS0xee6S0x3ff	0x21caB0x2a6fB0xee6B0x3ff
0x2b20S0xf2eS0x3ff	0x2b1fB0xf2eB0x3ff
0x2b21S0xf2eS0x3ff	0x2b1fB0xf2eB0x3ff
0x2b24S0xf2eS0x3ff	0x2b1fB0xf2eB0x3ff
0x2b29S0xf2eS0x3ff	0x2b1fB0xf2eB0x3ff
0x2b2aS0xf2eS0x3ff	0x2b1fB0xf2eB0x3ff
0x2b2cS0xf2eS0x3ff	0x2b1fB0xf2eB0x3ff
0x2b2eS0xf2eS0x3ff	0x2b1fB0xf2eB0x3ff
0x2b32S0xf2eS0x3ff	0x2b1fB0xf2eB0x3ff
0x2b0cS0xf2eS0x3ff	0x2b09B0xf2eB0x3ff
0x2b10S0xf2eS0x3ff	0x2b09B0xf2eB0x3ff
0x2b15S0xf2eS0x3ff	0x2b14B0xf2eB0x3ff
0x2b18S0xf2eS0x3ff	0x2b14B0xf2eB0x3ff
0x2ab0S0xf2eS0x3ff	0x2aafB0xf2eB0x3ff
0x2ad1S0xf2eS0x3ff	0x2aafB0xf2eB0x3ff
0x2ad3S0xf2eS0x3ff	0x2aafB0xf2eB0x3ff
0x2ad5S0xf2eS0x3ff	0x2aafB0xf2eB0x3ff
0x2af6S0xf2eS0x3ff	0x2aafB0xf2eB0x3ff
0x2af9S0xf2eS0x3ff	0x2aafB0xf2eB0x3ff
0x2afeS0xf2eS0x3ff	0x2afdB0xf2eB0x3ff
0x2affS0xf2eS0x3ff	0x2afdB0xf2eB0x3ff
0x2b02S0xf2eS0x3ff	0x2afdB0xf2eB0x3ff
0x2b05S0xf2eS0x3ff	0x2afdB0xf2eB0x3ff
0x21cbS0x2afdS0xf2eS0x3ff	0x21caB0x2afdB0xf2eB0x3ff
0x21cfS0x2afdS0xf2eS0x3ff	0x21caB0x2afdB0xf2eB0x3ff
0x21d2S0x2afdS0xf2eS0x3ff	0x21caB0x2afdB0xf2eB0x3ff
0x2b88S0xf75S0x3ff	0x2b87B0xf75B0x3ff
0x2b89S0xf75S0x3ff	0x2b87B0xf75B0x3ff
0x2b8cS0xf75S0x3ff	0x2b87B0xf75B0x3ff
0x2b91S0xf75S0x3ff	0x2b87B0xf75B0x3ff
0x2b92S0xf75S0x3ff	0x2b87B0xf75B0x3ff
0x2b94S0xf75S0x3ff	0x2b87B0xf75B0x3ff
0x2b96S0xf75S0x3ff	0x2b87B0xf75B0x3ff
0x2b9aS0xf75S0x3ff	0x2b87B0xf75B0x3ff
0x2b74S0xf75S0x3ff	0x2b71B0xf75B0x3ff
0x2b78S0xf75S0x3ff	0x2b71B0xf75B0x3ff
0x2b7dS0xf75S0x3ff	0x2b7cB0xf75B0x3ff
0x2b80S0xf75S0x3ff	0x2b7cB0xf75B0x3ff
0x2b3eS0xf75S0x3ff	0x2b3dB0xf75B0x3ff
0x2b5fS0xf75S0x3ff	0x2b3dB0xf75B0x3ff
0x2b61S0xf75S0x3ff	0x2b3dB0xf75B0x3ff
0x2b66S0xf75S0x3ff	0x2b65B0xf75B0x3ff
0x2b67S0xf75S0x3ff	0x2b65B0xf75B0x3ff
0x2b6aS0xf75S0x3ff	0x2b65B0xf75B0x3ff
0x2b6dS0xf75S0x3ff	0x2b65B0xf75B0x3ff
0x21cbS0x2b65S0xf75S0x3ff	0x21caB0x2b65B0xf75B0x3ff
0x21cfS0x2b65S0xf75S0x3ff	0x21caB0x2b65B0xf75B0x3ff
0x21d2S0x2b65S0xf75S0x3ff	0x21caB0x2b65B0xf75B0x3ff
0x2c4aS0x10b8S0x3ff	0x2c49B0x10b8B0x3ff
0x2c4bS0x10b8S0x3ff	0x2c49B0x10b8B0x3ff
0x2c4eS0x10b8S0x3ff	0x2c49B0x10b8B0x3ff
0x2c53S0x10b8S0x3ff	0x2c49B0x10b8B0x3ff
0x2c54S0x10b8S0x3ff	0x2c49B0x10b8B0x3ff
0x2c56S0x10b8S0x3ff	0x2c49B0x10b8B0x3ff
0x2c58S0x10b8S0x3ff	0x2c49B0x10b8B0x3ff
0x2c5cS0x10b8S0x3ff	0x2c49B0x10b8B0x3ff
0x2c36S0x10b8S0x3ff	0x2c33B0x10b8B0x3ff
0x2c3aS0x10b8S0x3ff	0x2c33B0x10b8B0x3ff
0x2c3fS0x10b8S0x3ff	0x2c3eB0x10b8B0x3ff
0x2c42S0x10b8S0x3ff	0x2c3eB0x10b8B0x3ff
0x2c00S0x10b8S0x3ff	0x2bffB0x10b8B0x3ff
0x2c21S0x10b8S0x3ff	0x2bffB0x10b8B0x3ff
0x2c23S0x10b8S0x3ff	0x2bffB0x10b8B0x3ff
0x2c28S0x10b8S0x3ff	0x2c27B0x10b8B0x3ff
0x2c29S0x10b8S0x3ff	0x2c27B0x10b8B0x3ff
0x2c2cS0x10b8S0x3ff	0x2c27B0x10b8B0x3ff
0x2c2fS0x10b8S0x3ff	0x2c27B0x10b8B0x3ff
0x21cbS0x2c27S0x10b8S0x3ff	0x21caB0x2c27B0x10b8B0x3ff
0x21cfS0x2c27S0x10b8S0x3ff	0x21caB0x2c27B0x10b8B0x3ff
0x21d2S0x2c27S0x10b8S0x3ff	0x21caB0x2c27B0x10b8B0x3ff
0x2cb2S0x114dS0x3ff	0x2cb1B0x114dB0x3ff
0x2cb3S0x114dS0x3ff	0x2cb1B0x114dB0x3ff
0x2cb6S0x114dS0x3ff	0x2cb1B0x114dB0x3ff
0x2cbbS0x114dS0x3ff	0x2cb1B0x114dB0x3ff
0x2cbcS0x114dS0x3ff	0x2cb1B0x114dB0x3ff
0x2cbeS0x114dS0x3ff	0x2cb1B0x114dB0x3ff
0x2cc0S0x114dS0x3ff	0x2cb1B0x114dB0x3ff
0x2cc4S0x114dS0x3ff	0x2cb1B0x114dB0x3ff
0x2c9eS0x114dS0x3ff	0x2c9bB0x114dB0x3ff
0x2ca2S0x114dS0x3ff	0x2c9bB0x114dB0x3ff
0x2ca7S0x114dS0x3ff	0x2ca6B0x114dB0x3ff
0x2caaS0x114dS0x3ff	0x2ca6B0x114dB0x3ff
0x2c68S0x114dS0x3ff	0x2c67B0x114dB0x3ff
0x2c89S0x114dS0x3ff	0x2c67B0x114dB0x3ff
0x2c8bS0x114dS0x3ff	0x2c67B0x114dB0x3ff
0x2c90S0x114dS0x3ff	0x2c8fB0x114dB0x3ff
0x2c91S0x114dS0x3ff	0x2c8fB0x114dB0x3ff
0x2c94S0x114dS0x3ff	0x2c8fB0x114dB0x3ff
0x2c97S0x114dS0x3ff	0x2c8fB0x114dB0x3ff
0x21cbS0x2c8fS0x114dS0x3ff	0x21caB0x2c8fB0x114dB0x3ff
0x21cfS0x2c8fS0x114dS0x3ff	0x21caB0x2c8fB0x114dB0x3ff
0x21d2S0x2c8fS0x114dS0x3ff	0x21caB0x2c8fB0x114dB0x3ff
0x172fS0xec5S0x3ff	0x172fB0xec5B0x3ff
0x1731S0xec5S0x3ff	0x172fB0xec5B0x3ff
0x1732S0xec5S0x3ff	0x172fB0xec5B0x3ff
0x1755S0xec5S0x3ff	0x172fB0xec5B0x3ff
0x1757S0xec5S0x3ff	0x172fB0xec5B0x3ff
0x1758S0xec5S0x3ff	0x172fB0xec5B0x3ff
0x175aS0xec5S0x3ff	0x172fB0xec5B0x3ff
0x175dS0xec5S0x3ff	0x172fB0xec5B0x3ff
0x1722S0xec5S0x3ff	0x1721B0xec5B0x3ff
0x1725S0xec5S0x3ff	0x1721B0xec5B0x3ff
0x172aS0xec5S0x3ff	0x1729B0xec5B0x3ff
0x172bS0xec5S0x3ff	0x1729B0xec5B0x3ff
0xaa8S0x1721S0xec5S0x3ff	0xaa7B0x1721B0xec5B0x3ff
0xaa9S0x1721S0xec5S0x3ff	0xaa7B0x1721B0xec5B0x3ff
0xaabS0x1721S0xec5S0x3ff	0xaa7B0x1721B0xec5B0x3ff
0xaadS0x1721S0xec5S0x3ff	0xaa7B0x1721B0xec5B0x3ff
0xaafS0x1721S0xec5S0x3ff	0xaa7B0x1721B0xec5B0x3ff
0xab2S0x1721S0xec5S0x3ff	0xaa7B0x1721B0xec5B0x3ff
0xab4S0x1721S0xec5S0x3ff	0xaa7B0x1721B0xec5B0x3ff
0xab5S0x1721S0xec5S0x3ff	0xaa7B0x1721B0xec5B0x3ff
0xab7S0x1721S0xec5S0x3ff	0xaa7B0x1721B0xec5B0x3ff
0x2d6cS0x1229S0x3ff	0x2d6bB0x1229B0x3ff
0x2d6dS0x1229S0x3ff	0x2d6bB0x1229B0x3ff
0x2d73S0x1229S0x3ff	0x2d6bB0x1229B0x3ff
0x2d55S0x1229S0x3ff	0x2d52B0x1229B0x3ff
0x2d5bS0x1229S0x3ff	0x2d52B0x1229B0x3ff
0x2d3eS0x1229S0x3ff	0x2d3dB0x1229B0x3ff
0x2d62S0x1229S0x3ff	0x2d5fB0x1229B0x3ff
0x2d48S0x1229S0x3ff	0x2d47B0x1229B0x3ff
0x2d49S0x1229S0x3ff	0x2d47B0x1229B0x3ff
0x2d4eS0x1229S0x3ff	0x2d47B0x1229B0x3ff
0x243cS0x2d52S0x1229S0x3ff	0x2437B0x2d52B0x1229B0x3ff
0x243fS0x2d52S0x1229S0x3ff	0x2437B0x2d52B0x1229B0x3ff
0x2df8S0x1386S0x3ff	0x2df7B0x1386B0x3ff
0x2df9S0x1386S0x3ff	0x2df7B0x1386B0x3ff
0x2dfcS0x1386S0x3ff	0x2df7B0x1386B0x3ff
0x2dffS0x1386S0x3ff	0x2df7B0x1386B0x3ff
0x2e02S0x1386S0x3ff	0x2df7B0x1386B0x3ff
0x2e04S0x1386S0x3ff	0x2df7B0x1386B0x3ff
0x2e06S0x1386S0x3ff	0x2df7B0x1386B0x3ff
0x2da1S0x1386S0x3ff	0x2d9eB0x1386B0x3ff
0x2da7S0x1386S0x3ff	0x2d9eB0x1386B0x3ff
0x2dacS0x1386S0x3ff	0x2dabB0x1386B0x3ff
0x2db0S0x1386S0x3ff	0x2dabB0x1386B0x3ff
0x2db6S0x1386S0x3ff	0x2db4B0x1386B0x3ff
0x2dcaS0x1386S0x3ff	0x2dc9B0x1386B0x3ff
0x2dcfS0x1386S0x3ff	0x2dc9B0x1386B0x3ff
0x2dd6S0x1386S0x3ff	0x2dd3B0x1386B0x3ff
0x2ddbS0x1386S0x3ff	0x2dd3B0x1386B0x3ff
0x2ddeS0x1386S0x3ff	0x2dd3B0x1386B0x3ff
0x2ddfS0x1386S0x3ff	0x2dd3B0x1386B0x3ff
0x2de4S0x1386S0x3ff	0x2de3B0x1386B0x3ff
0x2de8S0x1386S0x3ff	0x2de3B0x1386B0x3ff
0x2deeS0x1386S0x3ff	0x2decB0x1386B0x3ff
0x2e0dS0x1386S0x3ff	0x2e0aB0x1386B0x3ff
0x2e0eS0x1386S0x3ff	0x2e0aB0x1386B0x3ff
0x2e11S0x1386S0x3ff	0x2e0aB0x1386B0x3ff
0x2e13S0x1386S0x3ff	0x2e0aB0x1386B0x3ff
0x2e19S0x1386S0x3ff	0x2e0aB0x1386B0x3ff
0x2e20S0x1386S0x3ff	0x2e1dB0x1386B0x3ff
0x2e23S0x1386S0x3ff	0x2e1dB0x1386B0x3ff
0x2e26S0x1386S0x3ff	0x2e1dB0x1386B0x3ff
0x2e28S0x1386S0x3ff	0x2e1dB0x1386B0x3ff
0x2d94S0x1386S0x3ff	0x2d93B0x1386B0x3ff
0x2d95S0x1386S0x3ff	0x2d93B0x1386B0x3ff
0x2d9aS0x1386S0x3ff	0x2d93B0x1386B0x3ff
0x2e2fS0x1386S0x3ff	0x2e2cB0x1386B0x3ff
0x2e30S0x1386S0x3ff	0x2e2cB0x1386B0x3ff
0x2e33S0x1386S0x3ff	0x2e2cB0x1386B0x3ff
0x2e35S0x1386S0x3ff	0x2e2cB0x1386B0x3ff
0x2e3aS0x1386S0x3ff	0x2e2cB0x1386B0x3ff
0x2dc0S0x1386S0x3ff	0x2dbfB0x1386B0x3ff
0x2dc1S0x1386S0x3ff	0x2dbfB0x1386B0x3ff
0x2dc5S0x1386S0x3ff	0x2dbfB0x1386B0x3ff
0x243cS0x2d9eS0x1386S0x3ff	0x2437B0x2d9eB0x1386B0x3ff
0x243fS0x2d9eS0x1386S0x3ff	0x2437B0x2d9eB0x1386B0x3ff
0x1ef0S0x2dabS0x1386S0x3ff	0x1eefB0x2dabB0x1386B0x3ff
0x1ef1S0x2dabS0x1386S0x3ff	0x1eefB0x2dabB0x1386B0x3ff
0x1ef3S0x2dabS0x1386S0x3ff	0x1eefB0x2dabB0x1386B0x3ff
0x1ef4S0x2dabS0x1386S0x3ff	0x1eefB0x2dabB0x1386B0x3ff
0x1ef7S0x2dabS0x1386S0x3ff	0x1eefB0x2dabB0x1386B0x3ff
0x1ef8S0x2dabS0x1386S0x3ff	0x1eefB0x2dabB0x1386B0x3ff
0x2d84S0x2dc9S0x1386S0x3ff	0x2d83B0x2dc9B0x1386B0x3ff
0x2d88S0x2dc9S0x1386S0x3ff	0x2d83B0x2dc9B0x1386B0x3ff
0x2d8bS0x2dc9S0x1386S0x3ff	0x2d83B0x2dc9B0x1386B0x3ff
0x1ee5S0x2dd3S0x1386S0x3ff	0x1ee4B0x2dd3B0x1386B0x3ff
0x1ee8S0x2dd3S0x1386S0x3ff	0x1ee4B0x2dd3B0x1386B0x3ff
0x1eccS0x2dd3S0x1386S0x3ff	0x1ec9B0x2dd3B0x1386B0x3ff
0x1ecdS0x2dd3S0x1386S0x3ff	0x1ec9B0x2dd3B0x1386B0x3ff
0x1eceS0x2dd3S0x1386S0x3ff	0x1ec9B0x2dd3B0x1386B0x3ff
0x1ec9_0x0S0x2dd3S0x1386S0x3ff	0x1ec9B0x2dd3B0x1386B0x3ff
0x1ec8S0x2dd3S0x1386S0x3ff	0x1ec7B0x2dd3B0x1386B0x3ff
0x1ed4S0x2dd3S0x1386S0x3ff	0x1ed2B0x2dd3B0x1386B0x3ff
0x1ed5S0x2dd3S0x1386S0x3ff	0x1ed2B0x2dd3B0x1386B0x3ff
0x1ed8S0x2dd3S0x1386S0x3ff	0x1ed2B0x2dd3B0x1386B0x3ff
0x1edaS0x2dd3S0x1386S0x3ff	0x1ed2B0x2dd3B0x1386B0x3ff
0x1eddS0x2dd3S0x1386S0x3ff	0x1ed2B0x2dd3B0x1386B0x3ff
0x1ee0S0x2dd3S0x1386S0x3ff	0x1ed2B0x2dd3B0x1386B0x3ff
0x1ed2_0x0S0x2dd3S0x1386S0x3ff	0x1ed2B0x2dd3B0x1386B0x3ff
0x1ef0S0x2de3S0x1386S0x3ff	0x1eefB0x2de3B0x1386B0x3ff
0x1ef1S0x2de3S0x1386S0x3ff	0x1eefB0x2de3B0x1386B0x3ff
0x1ef3S0x2de3S0x1386S0x3ff	0x1eefB0x2de3B0x1386B0x3ff
0x1ef4S0x2de3S0x1386S0x3ff	0x1eefB0x2de3B0x1386B0x3ff
0x1ef7S0x2de3S0x1386S0x3ff	0x1eefB0x2de3B0x1386B0x3ff
0x1ef8S0x2de3S0x1386S0x3ff	0x1eefB0x2de3B0x1386B0x3ff
0x2d84S0x2d93S0x1386S0x3ff	0x2d83B0x2d93B0x1386B0x3ff
0x2d88S0x2d93S0x1386S0x3ff	0x2d83B0x2d93B0x1386B0x3ff
0x2d8bS0x2d93S0x1386S0x3ff	0x2d83B0x2d93B0x1386B0x3ff
0x1eaeS0x2dbfS0x1386S0x3ff	0x1eadB0x2dbfB0x1386B0x3ff
0x1eb0S0x2dbfS0x1386S0x3ff	0x1eadB0x2dbfB0x1386B0x3ff
0x20f3S0x2df7S0x1386S0x3ff	0x20f2B0x2df7B0x1386B0x3ff
0x20f7S0x2df7S0x1386S0x3ff	0x20f2B0x2df7B0x1386B0x3ff
0x1c54S0x20f2S0x2df7S0x1386S0x3ff	0x1c53B0x20f2B0x2df7B0x1386B0x3ff
0x1a03S0x2e1dS0x1386S0x3ff	0x1a02B0x2e1dB0x1386B0x3ff
0x1a07S0x2e1dS0x1386S0x3ff	0x1a02B0x2e1dB0x1386B0x3ff
0x19f8S0x1a02S0x2e1dS0x1386S0x3ff	0x19f7B0x1a02B0x2e1dB0x1386B0x3ff
0x19faS0x1a02S0x2e1dS0x1386S0x3ff	0x19f7B0x1a02B0x2e1dB0x1386B0x3ff
0x19fbS0x1a02S0x2e1dS0x1386S0x3ff	0x19f7B0x1a02B0x2e1dB0x1386B0x3ff
0x2e64S0x17a6	0x2e63B0x17a6
0x2e65S0x17a6	0x2e63B0x17a6
0x2e68S0x17a6	0x2e63B0x17a6
0x2e6bS0x17a6	0x2e63B0x17a6
0x2e6eS0x17a6	0x2e63B0x17a6
0x2e70S0x17a6	0x2e63B0x17a6
0x2e72S0x17a6	0x2e63B0x17a6
0x2e77S0x17a6	0x2e76B0x17a6
0x2e7aS0x17a6	0x2e76B0x17a6
0x2e7dS0x17a6	0x2e76B0x17a6
0x2e7fS0x17a6	0x2e76B0x17a6
0x2e84S0x17a6	0x2e83B0x17a6
0x2e87S0x17a6	0x2e83B0x17a6
0x2e8aS0x17a6	0x2e83B0x17a6
0x2e8cS0x17a6	0x2e83B0x17a6
0x2e91S0x17a6	0x2e90B0x17a6
0x2e94S0x17a6	0x2e90B0x17a6
0x2e97S0x17a6	0x2e90B0x17a6
0x2e99S0x17a6	0x2e90B0x17a6
0x2e9eS0x17a6	0x2e9dB0x17a6
0x2ea1S0x17a6	0x2e9dB0x17a6
0x2ea4S0x17a6	0x2e9dB0x17a6
0x2ea6S0x17a6	0x2e9dB0x17a6
0x1a34S0x2e63S0x17a6	0x1a33B0x2e63B0x17a6
0x1a38S0x2e63S0x17a6	0x1a33B0x2e63B0x17a6
0x1a2bS0x1a33S0x2e63S0x17a6	0x1a2aB0x1a33B0x2e63B0x17a6
0x1a34S0x2e76S0x17a6	0x1a33B0x2e76B0x17a6
0x1a38S0x2e76S0x17a6	0x1a33B0x2e76B0x17a6
0x1a2bS0x1a33S0x2e76S0x17a6	0x1a2aB0x1a33B0x2e76B0x17a6
0x1a34S0x2e83S0x17a6	0x1a33B0x2e83B0x17a6
0x1a38S0x2e83S0x17a6	0x1a33B0x2e83B0x17a6
0x1a2bS0x1a33S0x2e83S0x17a6	0x1a2aB0x1a33B0x2e83B0x17a6
0x20f3S0x2e90S0x17a6	0x20f2B0x2e90B0x17a6
0x20f7S0x2e90S0x17a6	0x20f2B0x2e90B0x17a6
0x1c54S0x20f2S0x2e90S0x17a6	0x1c53B0x20f2B0x2e90B0x17a6
0x2597S0x2e9dS0x17a6	0x2596B0x2e9dB0x17a6
0x259bS0x2e9dS0x17a6	0x2596B0x2e9dB0x17a6
0x1ad0S0x2596S0x2e9dS0x17a6	0x1acfB0x2596B0x2e9dB0x17a6
0x1ad1S0x2596S0x2e9dS0x17a6	0x1acfB0x2596B0x2e9dB0x17a6
0x1ad5S0x2596S0x2e9dS0x17a6	0x1acfB0x2596B0x2e9dB0x17a6
0x1ab1S0x1acfS0x2596S0x2e9dS0x17a6	0x1ab0B0x1acfB0x2596B0x2e9dB0x17a6
0x1ab2S0x1acfS0x2596S0x2e9dS0x17a6	0x1ab0B0x1acfB0x2596B0x2e9dB0x17a6
0x1ac8S0x1acfS0x2596S0x2e9dS0x17a6	0x1ab0B0x1acfB0x2596B0x2e9dB0x17a6
0x2575S0x6fa	0x2574B0x6fa
0x2576S0x6fa	0x2574B0x6fa
0x2579S0x6fa	0x2574B0x6fa
0x257eS0x6fa	0x2574B0x6fa
0x257fS0x6fa	0x2574B0x6fa
0x2581S0x6fa	0x2574B0x6fa
0x2583S0x6fa	0x2574B0x6fa
0x2589S0x6fa	0x2574B0x6fa
0x250fS0x2574S0x6fa	0x250bB0x2574B0x6fa
0x2512S0x2574S0x6fa	0x250bB0x2574B0x6fa
0x2514S0x2574S0x6fa	0x250bB0x2574B0x6fa
0x2515S0x2574S0x6fa	0x250bB0x2574B0x6fa
0x2519S0x2574S0x6fa	0x250bB0x2574B0x6fa
0x251fS0x2574S0x6fa	0x251dB0x2574B0x6fa
0x242fS0x2574S0x6fa	0x242eB0x2574B0x6fa
0x2562_0x3S0x2574S0x6fa	0x2562B0x2574B0x6fa
0x2538S0x2574S0x6fa	0x2537B0x2574B0x6fa
0x253eS0x2574S0x6fa	0x2537B0x2574B0x6fa
0x2537_0x5S0x2574S0x6fa	0x2537B0x2574B0x6fa
0x2545S0x2574S0x6fa	0x2542B0x2574B0x6fa
0x2549S0x2574S0x6fa	0x2542B0x2574B0x6fa
0x2550S0x2574S0x6fa	0x254dB0x2574B0x6fa
0x2553S0x2574S0x6fa	0x254dB0x2574B0x6fa
0x2558S0x2574S0x6fa	0x254dB0x2574B0x6fa
0x255bS0x2574S0x6fa	0x254dB0x2574B0x6fa
0x255eS0x2574S0x6fa	0x254dB0x2574B0x6fa
0x254d_0x3S0x2574S0x6fa	0x254dB0x2574B0x6fa
0x254d_0xbS0x2574S0x6fa	0x254dB0x2574B0x6fa
0x24f5S0x2574S0x6fa	0x24f4B0x2574B0x6fa
0x24f6S0x2574S0x6fa	0x24f4B0x2574B0x6fa
0x24f9S0x2574S0x6fa	0x24f4B0x2574B0x6fa
0x24f4_0x0S0x2574S0x6fa	0x24f4B0x2574B0x6fa
0x2523S0x2574S0x6fa	0x2520B0x2574B0x6fa
0x2524S0x2574S0x6fa	0x2520B0x2574B0x6fa
0x2525S0x2574S0x6fa	0x2520B0x2574B0x6fa
0x2520_0x0S0x2574S0x6fa	0x2520B0x2574B0x6fa
0x2501S0x2574S0x6fa	0x2500B0x2574B0x6fa
0x2502S0x2574S0x6fa	0x2500B0x2574B0x6fa
0x2507S0x2574S0x6fa	0x2500B0x2574B0x6fa
0x252bS0x2574S0x6fa	0x2529B0x2574B0x6fa
0x252eS0x2574S0x6fa	0x2529B0x2574B0x6fa
0x2533S0x2574S0x6fa	0x2529B0x2574B0x6fa
0x2529_0x1S0x2574S0x6fa	0x2529B0x2574B0x6fa
0x2529_0x3S0x2574S0x6fa	0x2529B0x2574B0x6fa
0x2529_0x8S0x2574S0x6fa	0x2529B0x2574B0x6fa
0x1e8fS0x2500S0x2574S0x6fa	0x1e8eB0x2500B0x2574B0x6fa
0x1e93S0x2500S0x2574S0x6fa	0x1e8eB0x2500B0x2574B0x6fa
0x1e96S0x2500S0x2574S0x6fa	0x1e8eB0x2500B0x2574B0x6fa
0x24a6S0x2529S0x2574S0x6fa	0x24a6B0x2529B0x2574B0x6fa
0x24a9S0x2529S0x2574S0x6fa	0x24a6B0x2529B0x2574B0x6fa
0x24ceS0x2529S0x2574S0x6fa	0x24ceB0x2529B0x2574B0x6fa
0x24d1S0x2529S0x2574S0x6fa	0x24ceB0x2529B0x2574B0x6fa
0x24e4S0x2529S0x2574S0x6fa	0x24e4B0x2529B0x2574B0x6fa
0x24e7S0x2529S0x2574S0x6fa	0x24e4B0x2529B0x2574B0x6fa
0x24b1S0x2529S0x2574S0x6fa	0x24aeB0x2529B0x2574B0x6fa
0x24b5S0x2529S0x2574S0x6fa	0x24aeB0x2529B0x2574B0x6fa
0x24b8S0x2529S0x2574S0x6fa	0x24aeB0x2529B0x2574B0x6fa
0x24bbS0x2529S0x2574S0x6fa	0x24aeB0x2529B0x2574B0x6fa
0x24beS0x2529S0x2574S0x6fa	0x24aeB0x2529B0x2574B0x6fa
0x24c8S0x2529S0x2574S0x6fa	0x24aeB0x2529B0x2574B0x6fa
0x24c9S0x2529S0x2574S0x6fa	0x24aeB0x2529B0x2574B0x6fa
0x24caS0x2529S0x2574S0x6fa	0x24aeB0x2529B0x2574B0x6fa
0x248fS0x2529S0x2574S0x6fa	0x248eB0x2529B0x2574B0x6fa
0x24d7S0x2529S0x2574S0x6fa	0x24d6B0x2529B0x2574B0x6fa
0x24daS0x2529S0x2574S0x6fa	0x24d6B0x2529B0x2574B0x6fa
0x24dbS0x2529S0x2574S0x6fa	0x24d6B0x2529B0x2574B0x6fa
0x24dcS0x2529S0x2574S0x6fa	0x24d6B0x2529B0x2574B0x6fa
0x24deS0x2529S0x2574S0x6fa	0x24d6B0x2529B0x2574B0x6fa
0x24dfS0x2529S0x2574S0x6fa	0x24d6B0x2529B0x2574B0x6fa
0x24e0S0x2529S0x2574S0x6fa	0x24d6B0x2529B0x2574B0x6fa
0x2487S0x2529S0x2574S0x6fa	0x2486B0x2529B0x2574B0x6fa
0x248bS0x2529S0x2574S0x6fa	0x248aB0x2529B0x2574B0x6fa
0x2493S0x2529S0x2574S0x6fa	0x2492B0x2529B0x2574B0x6fa
0x2496S0x2529S0x2574S0x6fa	0x2492B0x2529B0x2574B0x6fa
0x2497S0x2529S0x2574S0x6fa	0x2492B0x2529B0x2574B0x6fa
0x2499S0x2529S0x2574S0x6fa	0x2492B0x2529B0x2574B0x6fa
0x249bS0x2529S0x2574S0x6fa	0x2492B0x2529B0x2574B0x6fa
0x249dS0x2529S0x2574S0x6fa	0x2492B0x2529B0x2574B0x6fa
0x249eS0x2529S0x2574S0x6fa	0x2492B0x2529B0x2574B0x6fa
0x249fS0x2529S0x2574S0x6fa	0x2492B0x2529B0x2574B0x6fa
0x24a1S0x2529S0x2574S0x6fa	0x2492B0x2529B0x2574B0x6fa
0x24a2S0x2529S0x2574S0x6fa	0x2492B0x2529B0x2574B0x6fa
0x2453S0x2537S0x2574S0x6fa	0x2450B0x2537B0x2574B0x6fa
0x2459S0x2537S0x2574S0x6fa	0x2450B0x2537B0x2574B0x6fa
0x245eS0x2537S0x2574S0x6fa	0x245dB0x2537B0x2574B0x6fa
0x2462S0x2537S0x2574S0x6fa	0x245dB0x2537B0x2574B0x6fa
0x2468S0x2537S0x2574S0x6fa	0x2466B0x2537B0x2574B0x6fa
0x2446S0x2537S0x2574S0x6fa	0x2445B0x2537B0x2574B0x6fa
0x2447S0x2537S0x2574S0x6fa	0x2445B0x2537B0x2574B0x6fa
0x244cS0x2537S0x2574S0x6fa	0x2445B0x2537B0x2574B0x6fa
0x2472S0x2537S0x2574S0x6fa	0x2471B0x2537B0x2574B0x6fa
0x2473S0x2537S0x2574S0x6fa	0x2471B0x2537B0x2574B0x6fa
0x2479S0x2537S0x2574S0x6fa	0x2471B0x2537B0x2574B0x6fa
0x243cS0x2450S0x2537S0x2574S0x6fa	0x2437B0x2450B0x2537B0x2574B0x6fa
0x243fS0x2450S0x2537S0x2574S0x6fa	0x2437B0x2450B0x2537B0x2574B0x6fa
0x1ef0S0x245dS0x2537S0x2574S0x6fa	0x1eefB0x245dB0x2537B0x2574B0x6fa
0x1ef1S0x245dS0x2537S0x2574S0x6fa	0x1eefB0x245dB0x2537B0x2574B0x6fa
0x1ef3S0x245dS0x2537S0x2574S0x6fa	0x1eefB0x245dB0x2537B0x2574B0x6fa
0x1ef4S0x245dS0x2537S0x2574S0x6fa	0x1eefB0x245dB0x2537B0x2574B0x6fa
0x1ef7S0x245dS0x2537S0x2574S0x6fa	0x1eefB0x245dB0x2537B0x2574B0x6fa
0x1ef8S0x245dS0x2537S0x2574S0x6fa	0x1eefB0x245dB0x2537B0x2574B0x6fa
0x1eb8S0x2445S0x2537S0x2574S0x6fa	0x1eb7B0x2445B0x2537B0x2574B0x6fa
0x1ebcS0x2445S0x2537S0x2574S0x6fa	0x1eb7B0x2445B0x2537B0x2574B0x6fa
0x1ebfS0x2445S0x2537S0x2574S0x6fa	0x1eb7B0x2445B0x2537B0x2574B0x6fa
0x25a6S0x723	0x25a5B0x723
0x25a7S0x723	0x25a5B0x723
0x25aaS0x723	0x25a5B0x723
0x25adS0x723	0x25a5B0x723
0x25b0S0x723	0x25a5B0x723
0x25b2S0x723	0x25a5B0x723
0x25b4S0x723	0x25a5B0x723
0x25b9S0x723	0x25b8B0x723
0x25bcS0x723	0x25b8B0x723
0x25bfS0x723	0x25b8B0x723
0x25c1S0x723	0x25b8B0x723
0x25c6S0x723	0x25c5B0x723
0x25c9S0x723	0x25c5B0x723
0x25ccS0x723	0x25c5B0x723
0x25ceS0x723	0x25c5B0x723
0x25d3S0x723	0x25d2B0x723
0x25d6S0x723	0x25d2B0x723
0x25d9S0x723	0x25d2B0x723
0x25dbS0x723	0x25d2B0x723
0x25e0S0x723	0x25dfB0x723
0x25e3S0x723	0x25dfB0x723
0x25e6S0x723	0x25dfB0x723
0x25e8S0x723	0x25dfB0x723
0x25edS0x723	0x25ecB0x723
0x25f0S0x723	0x25ecB0x723
0x25f3S0x723	0x25ecB0x723
0x25f5S0x723	0x25ecB0x723
0x1a34S0x25a5S0x723	0x1a33B0x25a5B0x723
0x1a38S0x25a5S0x723	0x1a33B0x25a5B0x723
0x1a2bS0x1a33S0x25a5S0x723	0x1a2aB0x1a33B0x25a5B0x723
0x1a34S0x25b8S0x723	0x1a33B0x25b8B0x723
0x1a38S0x25b8S0x723	0x1a33B0x25b8B0x723
0x1a2bS0x1a33S0x25b8S0x723	0x1a2aB0x1a33B0x25b8B0x723
0x1a34S0x25c5S0x723	0x1a33B0x25c5B0x723
0x1a38S0x25c5S0x723	0x1a33B0x25c5B0x723
0x1a2bS0x1a33S0x25c5S0x723	0x1a2aB0x1a33B0x25c5B0x723
0x1a34S0x25d2S0x723	0x1a33B0x25d2B0x723
0x1a38S0x25d2S0x723	0x1a33B0x25d2B0x723
0x1a2bS0x1a33S0x25d2S0x723	0x1a2aB0x1a33B0x25d2B0x723
0x20f3S0x25ecS0x723	0x20f2B0x25ecB0x723
0x20f7S0x25ecS0x723	0x20f2B0x25ecB0x723
0x1c54S0x20f2S0x25ecS0x723	0x1c53B0x20f2B0x25ecB0x723
0x2597S0x25dfS0x723	0x2596B0x25dfB0x723
0x259bS0x25dfS0x723	0x2596B0x25dfB0x723
0x1ad0S0x2596S0x25dfS0x723	0x1acfB0x2596B0x25dfB0x723
0x1ad1S0x2596S0x25dfS0x723	0x1acfB0x2596B0x25dfB0x723
0x1ad5S0x2596S0x25dfS0x723	0x1acfB0x2596B0x25dfB0x723
0x1ab1S0x1acfS0x2596S0x25dfS0x723	0x1ab0B0x1acfB0x2596B0x25dfB0x723
0x1ab2S0x1acfS0x2596S0x25dfS0x723	0x1ab0B0x1acfB0x2596B0x25dfB0x723
0x1ac8S0x1acfS0x2596S0x25dfS0x723	0x1ab0B0x1acfB0x2596B0x25dfB0x723
0xee6S0x917	0xee6B0x917
0xee8S0x917	0xee6B0x917
0xee9S0x917	0xee6B0x917
0xf0cS0x917	0xee6B0x917
0xf0eS0x917	0xee6B0x917
0xf0fS0x917	0xee6B0x917
0xf13S0x917	0xee6B0x917
0xf2eS0x917	0xf2eB0x917
0xf30S0x917	0xf2eB0x917
0xf31S0x917	0xf2eB0x917
0xf54S0x917	0xf2eB0x917
0xf56S0x917	0xf2eB0x917
0xf57S0x917	0xf2eB0x917
0xf5bS0x917	0xf2eB0x917
0xf75S0x917	0xf75B0x917
0xf77S0x917	0xf75B0x917
0xf78S0x917	0xf75B0x917
0xf9bS0x917	0xf75B0x917
0xf9dS0x917	0xf75B0x917
0xf9eS0x917	0xf75B0x917
0xfa2S0x917	0xf75B0x917
0xfc4S0x917	0xfc4B0x917
0xfc7S0x917	0xfc4B0x917
0x1012S0x917	0x1012B0x917
0x1015S0x917	0x1012B0x917
0x105eS0x917	0x105eB0x917
0x105fS0x917	0x105eB0x917
0x1074S0x917	0x105eB0x917
0x107aS0x917	0x105eB0x917
0x107bS0x917	0x105eB0x917
0x105e_0x0S0x917	0x105eB0x917
0x107fS0x917	0x107fB0x917
0x1082S0x917	0x107fB0x917
0x10b8S0x917	0x10b8B0x917
0x10baS0x917	0x10b8B0x917
0x10bbS0x917	0x10b8B0x917
0x10deS0x917	0x10b8B0x917
0x10e0S0x917	0x10b8B0x917
0x10e1S0x917	0x10b8B0x917
0x10e5S0x917	0x10b8B0x917
0x1114S0x917	0x1114B0x917
0x1117S0x917	0x1114B0x917
0x114dS0x917	0x114dB0x917
0x114fS0x917	0x114dB0x917
0x1150S0x917	0x114dB0x917
0x1173S0x917	0x114dB0x917
0x1175S0x917	0x114dB0x917
0x1176S0x917	0x114dB0x917
0x117aS0x917	0x114dB0x917
0x1193S0x917	0x1193B0x917
0x1196S0x917	0x1193B0x917
0x11b2S0x917	0x11b2B0x917
0x11b5S0x917	0x11b2B0x917
0x11f0S0x917	0x11f0B0x917
0x11f3S0x917	0x11f0B0x917
0x120fS0x917	0x120fB0x917
0x1212S0x917	0x120fB0x917
0x1252S0x917	0x1252B0x917
0x1254S0x917	0x1252B0x917
0x1257S0x917	0x1252B0x917
0x1259S0x917	0x1252B0x917
0x125aS0x917	0x1252B0x917
0x125cS0x917	0x1252B0x917
0x125dS0x917	0x1252B0x917
0x125eS0x917	0x1252B0x917
0x1260S0x917	0x1252B0x917
0x1261S0x917	0x1252B0x917
0x1264S0x917	0x1252B0x917
0x1267S0x917	0x1252B0x917
0x1268S0x917	0x1252B0x917
0x1269S0x917	0x1252B0x917
0x126cS0x917	0x1252B0x917
0x126eS0x917	0x1252B0x917
0x1283S0x917	0x1283B0x917
0x1286S0x917	0x1283B0x917
0x129dS0x917	0x129dB0x917
0x12a0S0x917	0x129dB0x917
0x12c4S0x917	0x12c4B0x917
0x12c7S0x917	0x12c4B0x917
0x1324S0x917	0x1324B0x917
0x1327S0x917	0x1324B0x917
0x133eS0x917	0x133eB0x917
0x1341S0x917	0x133eB0x917
0x1363S0x917	0x1363B0x917
0x1366S0x917	0x1363B0x917
0x137eS0x917	0x137eB0x917
0x1381S0x917	0x137eB0x917
0x13b8S0x917	0x13b8B0x917
0x13bbS0x917	0x13b8B0x917
0x1413S0x917	0x1413B0x917
0x1416S0x917	0x1413B0x917
0xec6S0x917	0xec5B0x917
0xec9S0x917	0xec5B0x917
0xeccS0x917	0xec5B0x917
0xed1S0x917	0xed0B0x917
0xed4S0x917	0xed0B0x917
0xee1S0x917	0xed8B0x917
0xee2S0x917	0xed8B0x917
0xf29S0x917	0xf20B0x917
0xf2aS0x917	0xf20B0x917
0xf18S0x917	0xf17B0x917
0xf1aS0x917	0xf17B0x917
0xf1dS0x917	0xf17B0x917
0xf69S0x917	0xf68B0x917
0xf6fS0x917	0xf68B0x917
0xf70S0x917	0xf68B0x917
0xf71S0x917	0xf68B0x917
0xf60S0x917	0xf5fB0x917
0xf62S0x917	0xf5fB0x917
0xf65S0x917	0xf5fB0x917
0xfb4S0x917	0xfafB0x917
0xfbeS0x917	0xfafB0x917
0xfbfS0x917	0xfafB0x917
0xfc0S0x917	0xfafB0x917
0xfa7S0x917	0xfa6B0x917
0xfa9S0x917	0xfa6B0x917
0xfacS0x917	0xfa6B0x917
0xfcdS0x917	0xfccB0x917
0xfcfS0x917	0xfccB0x917
0xfd5S0x917	0xfccB0x917
0xfd7S0x917	0xfccB0x917
0xfd8S0x917	0xfccB0x917
0xfdaS0x917	0xfccB0x917
0xfdcS0x917	0xfccB0x917
0xfddS0x917	0xfccB0x917
0xfe1S0x917	0xfccB0x917
0xfe2S0x917	0xfccB0x917
0x5ef0S0x917	0x5eefB0x917
0x5f11S0x917	0x5eefB0x917
0x5f13S0x917	0x5eefB0x917
0x5f15S0x917	0x5eefB0x917
0x5f18S0x917	0x5eefB0x917
0x5f1aS0x917	0x5eefB0x917
0x1002S0x917	0xffaB0x917
0x100cS0x917	0xffaB0x917
0x100dS0x917	0xffaB0x917
0x100eS0x917	0xffaB0x917
0x101bS0x917	0x101aB0x917
0x101dS0x917	0x101aB0x917
0x1023S0x917	0x101aB0x917
0x1025S0x917	0x101aB0x917
0x1026S0x917	0x101aB0x917
0x1028S0x917	0x101aB0x917
0x102aS0x917	0x101aB0x917
0x102bS0x917	0x101aB0x917
0x102fS0x917	0x101aB0x917
0x1030S0x917	0x101aB0x917
0x5f3cS0x917	0x5f3bB0x917
0x5f5dS0x917	0x5f3bB0x917
0x5f5fS0x917	0x5f3bB0x917
0x5f61S0x917	0x5f3bB0x917
0x5f64S0x917	0x5f3bB0x917
0x5f66S0x917	0x5f3bB0x917
0x1051S0x917	0x104dB0x917
0x1039S0x917	0x1038B0x917
0x103dS0x917	0x1038B0x917
0x103fS0x917	0x1038B0x917
0x1041S0x917	0x1038B0x917
0x1044S0x917	0x1038B0x917
0x1047S0x917	0x1038B0x917
0x1038_0x0S0x917	0x1038B0x917
0x1038_0x1S0x917	0x1038B0x917
0x1436S0x917	0x1434B0x917
0x1439S0x917	0x1434B0x917
0x108aS0x917	0x1087B0x917
0x108cS0x917	0x1087B0x917
0x108dS0x917	0x1087B0x917
0x108eS0x917	0x1087B0x917
0x1091S0x917	0x1087B0x917
0x1093S0x917	0x1087B0x917
0x1098S0x917	0x1087B0x917
0x1087_0x0S0x917	0x1087B0x917
0x5f88S0x917	0x5f87B0x917
0x5fa9S0x917	0x5f87B0x917
0x5fabS0x917	0x5f87B0x917
0x5fadS0x917	0x5f87B0x917
0x5fb0S0x917	0x5f87B0x917
0x5fb2S0x917	0x5f87B0x917
0x109dS0x917	0x109cB0x917
0x10b2S0x917	0x109cB0x917
0x10b3S0x917	0x109cB0x917
0x10b4S0x917	0x109cB0x917
0x10f3S0x917	0x10f2B0x917
0x10f4S0x917	0x10f2B0x917
0x1109S0x917	0x10f2B0x917
0x110fS0x917	0x10f2B0x917
0x1110S0x917	0x10f2B0x917
0x10f2_0x0S0x917	0x10f2B0x917
0x10eaS0x917	0x10e9B0x917
0x10ecS0x917	0x10e9B0x917
0x10efS0x917	0x10e9B0x917
0x111fS0x917	0x111cB0x917
0x1121S0x917	0x111cB0x917
0x1122S0x917	0x111cB0x917
0x1123S0x917	0x111cB0x917
0x1126S0x917	0x111cB0x917
0x1128S0x917	0x111cB0x917
0x112dS0x917	0x111cB0x917
0x111c_0x0S0x917	0x111cB0x917
0x5fd4S0x917	0x5fd3B0x917
0x5ff5S0x917	0x5fd3B0x917
0x5ff7S0x917	0x5fd3B0x917
0x5ff9S0x917	0x5fd3B0x917
0x5ffcS0x917	0x5fd3B0x917
0x5ffeS0x917	0x5fd3B0x917
0x1132S0x917	0x1131B0x917
0x1147S0x917	0x1131B0x917
0x1148S0x917	0x1131B0x917
0x1149S0x917	0x1131B0x917
0x1188S0x917	0x1187B0x917
0x118eS0x917	0x1187B0x917
0x118fS0x917	0x1187B0x917
0x1187_0x0S0x917	0x1187B0x917
0x117fS0x917	0x117eB0x917
0x1181S0x917	0x117eB0x917
0x1184S0x917	0x117eB0x917
0x119eS0x917	0x119bB0x917
0x11a0S0x917	0x119bB0x917
0x11a1S0x917	0x119bB0x917
0x11a2S0x917	0x119bB0x917
0x11a3S0x917	0x119bB0x917
0x11a4S0x917	0x119bB0x917
0x119b_0x0S0x917	0x119bB0x917
0x6020S0x917	0x601fB0x917
0x6041S0x917	0x601fB0x917
0x6043S0x917	0x601fB0x917
0x6045S0x917	0x601fB0x917
0x6048S0x917	0x601fB0x917
0x604aS0x917	0x601fB0x917
0x13adS0x917	0x13acB0x917
0x13b1S0x917	0x13acB0x917
0x13b3S0x917	0x13acB0x917
0x13b4S0x917	0x13acB0x917
0x13ac_0x0S0x917	0x13acB0x917
0x11bdS0x917	0x11baB0x917
0x11bfS0x917	0x11baB0x917
0x11c0S0x917	0x11baB0x917
0x11c1S0x917	0x11baB0x917
0x11c4S0x917	0x11baB0x917
0x11c6S0x917	0x11baB0x917
0x11cbS0x917	0x11baB0x917
0x11ba_0x0S0x917	0x11baB0x917
0x606cS0x917	0x606bB0x917
0x608dS0x917	0x606bB0x917
0x608fS0x917	0x606bB0x917
0x6091S0x917	0x606bB0x917
0x6094S0x917	0x606bB0x917
0x6096S0x917	0x606bB0x917
0x11d0S0x917	0x11cfB0x917
0x11e5S0x917	0x11cfB0x917
0x11ebS0x917	0x11cfB0x917
0x11ecS0x917	0x11cfB0x917
0x11cf_0x1S0x917	0x11cfB0x917
0x11fbS0x917	0x11f8B0x917
0x11fdS0x917	0x11f8B0x917
0x11feS0x917	0x11f8B0x917
0x11ffS0x917	0x11f8B0x917
0x1200S0x917	0x11f8B0x917
0x120aS0x917	0x11f8B0x917
0x120bS0x917	0x11f8B0x917
0x11f8_0x0S0x917	0x11f8B0x917
0x11f8_0x4S0x917	0x11f8B0x917
0x60b8S0x917	0x60b7B0x917
0x60d9S0x917	0x60b7B0x917
0x60dbS0x917	0x60b7B0x917
0x60ddS0x917	0x60b7B0x917
0x60e0S0x917	0x60b7B0x917
0x60e2S0x917	0x60b7B0x917
0x121aS0x917	0x1217B0x917
0x121cS0x917	0x1217B0x917
0x121eS0x917	0x1217B0x917
0x1220S0x917	0x1217B0x917
0x1225S0x917	0x1217B0x917
0x1217_0x0S0x917	0x1217B0x917
0x6104S0x917	0x6103B0x917
0x6125S0x917	0x6103B0x917
0x6127S0x917	0x6103B0x917
0x6129S0x917	0x6103B0x917
0x612cS0x917	0x6103B0x917
0x612eS0x917	0x6103B0x917
0x122aS0x917	0x1229B0x917
0x122cS0x917	0x1229B0x917
0x122dS0x917	0x1229B0x917
0x1233S0x917	0x1229B0x917
0x1238S0x917	0x1237B0x917
0x1239S0x917	0x1237B0x917
0x123bS0x917	0x1237B0x917
0x123eS0x917	0x1237B0x917
0x1243S0x917	0x1237B0x917
0x1249S0x917	0x1237B0x917
0x124bS0x917	0x1237B0x917
0x124dS0x917	0x1237B0x917
0x124eS0x917	0x1237B0x917
0x1273S0x917	0x1272B0x917
0x127cS0x917	0x1277B0x917
0x127eS0x917	0x1277B0x917
0x127fS0x917	0x1277B0x917
0x1277_0x3S0x917	0x1277B0x917
0x128cS0x917	0x128bB0x917
0x128eS0x917	0x128bB0x917
0x128fS0x917	0x128bB0x917
0x1291S0x917	0x128bB0x917
0x1292S0x917	0x128bB0x917
0x1296S0x917	0x128bB0x917
0x1298S0x917	0x128bB0x917
0x1299S0x917	0x128bB0x917
0x128b_0x0S0x917	0x128bB0x917
0x128b_0x4S0x917	0x128bB0x917
0x6150S0x917	0x614fB0x917
0x6171S0x917	0x614fB0x917
0x6173S0x917	0x614fB0x917
0x6175S0x917	0x614fB0x917
0x6178S0x917	0x614fB0x917
0x617aS0x917	0x614fB0x917
0x12a6S0x917	0x12a5B0x917
0x12a8S0x917	0x12a5B0x917
0x12a9S0x917	0x12a5B0x917
0x12abS0x917	0x12a5B0x917
0x12acS0x917	0x12a5B0x917
0x12b1S0x917	0x12a5B0x917
0x12b2S0x917	0x12a5B0x917
0x12b3S0x917	0x12a5B0x917
0x12b4S0x917	0x12a5B0x917
0x12bfS0x917	0x12a5B0x917
0x12c0S0x917	0x12a5B0x917
0x12a5_0x0S0x917	0x12a5B0x917
0x12a5_0x3S0x917	0x12a5B0x917
0x12a5_0x5S0x917	0x12a5B0x917
0x619cS0x917	0x619bB0x917
0x61bdS0x917	0x619bB0x917
0x61bfS0x917	0x619bB0x917
0x61c1S0x917	0x619bB0x917
0x61c4S0x917	0x619bB0x917
0x61c6S0x917	0x619bB0x917
0x12cfS0x917	0x12ccB0x917
0x12d1S0x917	0x12ccB0x917
0x12d2S0x917	0x12ccB0x917
0x12d3S0x917	0x12ccB0x917
0x12d6S0x917	0x12ccB0x917
0x12d8S0x917	0x12ccB0x917
0x12ddS0x917	0x12ccB0x917
0x12cc_0x0S0x917	0x12ccB0x917
0x61e8S0x917	0x61e7B0x917
0x6209S0x917	0x61e7B0x917
0x620bS0x917	0x61e7B0x917
0x620dS0x917	0x61e7B0x917
0x6210S0x917	0x61e7B0x917
0x6212S0x917	0x61e7B0x917
0x12e2S0x917	0x12e1B0x917
0x12f7S0x917	0x12e1B0x917
0x12f9S0x917	0x12e1B0x917
0x131fS0x917	0x12e1B0x917
0x1320S0x917	0x12e1B0x917
0x12e1_0x1S0x917	0x12e1B0x917
0x132fS0x917	0x132cB0x917
0x1331S0x917	0x132cB0x917
0x1332S0x917	0x132cB0x917
0x1333S0x917	0x132cB0x917
0x1339S0x917	0x132cB0x917
0x133aS0x917	0x132cB0x917
0x132c_0x0S0x917	0x132cB0x917
0x132c_0x6S0x917	0x132cB0x917
0x6234S0x917	0x6233B0x917
0x6255S0x917	0x6233B0x917
0x6257S0x917	0x6233B0x917
0x6259S0x917	0x6233B0x917
0x625cS0x917	0x6233B0x917
0x625eS0x917	0x6233B0x917
0x1349S0x917	0x1346B0x917
0x134bS0x917	0x1346B0x917
0x134dS0x917	0x1346B0x917
0x134fS0x917	0x1346B0x917
0x1354S0x917	0x1346B0x917
0x1346_0x0S0x917	0x1346B0x917
0x6280S0x917	0x627fB0x917
0x62a1S0x917	0x627fB0x917
0x62a3S0x917	0x627fB0x917
0x62a5S0x917	0x627fB0x917
0x62a8S0x917	0x627fB0x917
0x62aaS0x917	0x627fB0x917
0x135cS0x917	0x1358B0x917
0x135eS0x917	0x1358B0x917
0x135fS0x917	0x1358B0x917
0x1358_0x6S0x917	0x1358B0x917
0x136cS0x917	0x136bB0x917
0x136eS0x917	0x136bB0x917
0x136fS0x917	0x136bB0x917
0x1371S0x917	0x136bB0x917
0x1372S0x917	0x136bB0x917
0x1373S0x917	0x136bB0x917
0x1377S0x917	0x136bB0x917
0x1379S0x917	0x136bB0x917
0x137aS0x917	0x136bB0x917
0x136b_0x0S0x917	0x136bB0x917
0x136b_0x8S0x917	0x136bB0x917
0x62ccS0x917	0x62cbB0x917
0x62edS0x917	0x62cbB0x917
0x62efS0x917	0x62cbB0x917
0x62f1S0x917	0x62cbB0x917
0x62f4S0x917	0x62cbB0x917
0x62f6S0x917	0x62cbB0x917
0x1387S0x917	0x1386B0x917
0x1389S0x917	0x1386B0x917
0x138aS0x917	0x1386B0x917
0x138cS0x917	0x1386B0x917
0x138dS0x917	0x1386B0x917
0x138eS0x917	0x1386B0x917
0x138fS0x917	0x1386B0x917
0x1391S0x917	0x1386B0x917
0x1392S0x917	0x1386B0x917
0x139bS0x917	0x1386B0x917
0x1386_0x0S0x917	0x1386B0x917
0x6318S0x917	0x6317B0x917
0x6339S0x917	0x6317B0x917
0x633bS0x917	0x6317B0x917
0x633dS0x917	0x6317B0x917
0x6340S0x917	0x6317B0x917
0x6342S0x917	0x6317B0x917
0x13a0S0x917	0x139fB0x917
0x13a2S0x917	0x139fB0x917
0x13a5S0x917	0x139fB0x917
0x13a8S0x917	0x139fB0x917
0x139f_0x2S0x917	0x139fB0x917
0x142aS0x917	0x1427B0x917
0x142cS0x917	0x1427B0x917
0x1430S0x917	0x1427B0x917
0x1427_0x0S0x917	0x1427B0x917
0x13c1S0x917	0x13c0B0x917
0x13c3S0x917	0x13c0B0x917
0x13c4S0x917	0x13c0B0x917
0x13c6S0x917	0x13c0B0x917
0x13c7S0x917	0x13c0B0x917
0x13c9S0x917	0x13c0B0x917
0x13caS0x917	0x13c0B0x917
0x13cdS0x917	0x13c0B0x917
0x13ceS0x917	0x13c0B0x917
0x13d3S0x917	0x13c0B0x917
0x13d5S0x917	0x13c0B0x917
0x13d7S0x917	0x13c0B0x917
0x13d9S0x917	0x13c0B0x917
0x13daS0x917	0x13c0B0x917
0x13deS0x917	0x13c0B0x917
0x13e2S0x917	0x13c0B0x917
0x13e4S0x917	0x13c0B0x917
0x13e5S0x917	0x13c0B0x917
0x140cS0x917	0x13c0B0x917
0x140eS0x917	0x13c0B0x917
0x140fS0x917	0x13c0B0x917
0x13c0_0x0S0x917	0x13c0B0x917
0x13c0_0x3S0x917	0x13c0B0x917
0x6364S0x917	0x6363B0x917
0x6385S0x917	0x6363B0x917
0x6387S0x917	0x6363B0x917
0x6389S0x917	0x6363B0x917
0x638cS0x917	0x6363B0x917
0x638eS0x917	0x6363B0x917
0x141cS0x917	0x141bB0x917
0x141eS0x917	0x141bB0x917
0x141fS0x917	0x141bB0x917
0x1421S0x917	0x141bB0x917
0x1422S0x917	0x141bB0x917
0x141b_0x0S0x917	0x141bB0x917
0x63b0S0x917	0x63afB0x917
0x63d1S0x917	0x63afB0x917
0x63d3S0x917	0x63afB0x917
0x63d5S0x917	0x63afB0x917
0x63d8S0x917	0x63afB0x917
0x63daS0x917	0x63afB0x917
0x1058S0x917	0x1052B0x917
0x1059S0x917	0x1052B0x917
0x105aS0x917	0x1052B0x917
0x1052_0x0S0x917	0x1052B0x917
0xfe7S0x917	0xfe6B0x917
0xfe9S0x917	0xfe6B0x917
0xfeaS0x917	0xfe6B0x917
0xfedS0x917	0xfe6B0x917
0xfefS0x917	0xfe6B0x917
0xff4S0x917	0xfe6B0x917
0x1035S0x917	0x1034B0x917
0x1037S0x917	0x1034B0x917
0x11adS0x917	0x11a8B0x917
0x11aeS0x917	0x11a8B0x917
0x11a8_0x0S0x917	0x11a8B0x917
0x1874S0x1434S0x917	0x1873B0x1434B0x917
0x1876S0x1434S0x917	0x1873B0x1434B0x917
0x2cefS0x1217S0x917	0x2cefB0x1217B0x917
0x2cf2S0x1217S0x917	0x2cefB0x1217B0x917
0x2d11S0x1217S0x917	0x2d11B0x1217B0x917
0x2d14S0x1217S0x917	0x2d11B0x1217B0x917
0x2d2dS0x1217S0x917	0x2d2dB0x1217B0x917
0x2d30S0x1217S0x917	0x2d2dB0x1217B0x917
0x2cdcS0x1217S0x917	0x2cdbB0x1217B0x917
0x2cdfS0x1217S0x917	0x2cdbB0x1217B0x917
0x2ce0S0x1217S0x917	0x2cdbB0x1217B0x917
0x2ce2S0x1217S0x917	0x2cdbB0x1217B0x917
0x2ce4S0x1217S0x917	0x2cdbB0x1217B0x917
0x2ce6S0x1217S0x917	0x2cdbB0x1217B0x917
0x2ce7S0x1217S0x917	0x2cdbB0x1217B0x917
0x2ce8S0x1217S0x917	0x2cdbB0x1217B0x917
0x2ceaS0x1217S0x917	0x2cdbB0x1217B0x917
0x2cebS0x1217S0x917	0x2cdbB0x1217B0x917
0x2cfaS0x1217S0x917	0x2cf7B0x1217B0x917
0x2cfeS0x1217S0x917	0x2cf7B0x1217B0x917
0x2d01S0x1217S0x917	0x2cf7B0x1217B0x917
0x2d0bS0x1217S0x917	0x2cf7B0x1217B0x917
0x2d0cS0x1217S0x917	0x2cf7B0x1217B0x917
0x2d0dS0x1217S0x917	0x2cf7B0x1217B0x917
0x2cd0S0x1217S0x917	0x2ccfB0x1217B0x917
0x2d1aS0x1217S0x917	0x2d19B0x1217B0x917
0x2d1dS0x1217S0x917	0x2d19B0x1217B0x917
0x2d20S0x1217S0x917	0x2d19B0x1217B0x917
0x2d23S0x1217S0x917	0x2d19B0x1217B0x917
0x2d24S0x1217S0x917	0x2d19B0x1217B0x917
0x2d25S0x1217S0x917	0x2d19B0x1217B0x917
0x2d27S0x1217S0x917	0x2d19B0x1217B0x917
0x2d28S0x1217S0x917	0x2d19B0x1217B0x917
0x2d29S0x1217S0x917	0x2d19B0x1217B0x917
0x2cd4S0x1217S0x917	0x2cd3B0x1217B0x917
0x2cd8S0x1217S0x917	0x2cd7B0x1217B0x917
0x2cefS0x1346S0x917	0x2cefB0x1346B0x917
0x2cf2S0x1346S0x917	0x2cefB0x1346B0x917
0x2d11S0x1346S0x917	0x2d11B0x1346B0x917
0x2d14S0x1346S0x917	0x2d11B0x1346B0x917
0x2d2dS0x1346S0x917	0x2d2dB0x1346B0x917
0x2d30S0x1346S0x917	0x2d2dB0x1346B0x917
0x2cdcS0x1346S0x917	0x2cdbB0x1346B0x917
0x2cdfS0x1346S0x917	0x2cdbB0x1346B0x917
0x2ce0S0x1346S0x917	0x2cdbB0x1346B0x917
0x2ce2S0x1346S0x917	0x2cdbB0x1346B0x917
0x2ce4S0x1346S0x917	0x2cdbB0x1346B0x917
0x2ce6S0x1346S0x917	0x2cdbB0x1346B0x917
0x2ce7S0x1346S0x917	0x2cdbB0x1346B0x917
0x2ce8S0x1346S0x917	0x2cdbB0x1346B0x917
0x2ceaS0x1346S0x917	0x2cdbB0x1346B0x917
0x2cebS0x1346S0x917	0x2cdbB0x1346B0x917
0x2cfaS0x1346S0x917	0x2cf7B0x1346B0x917
0x2cfeS0x1346S0x917	0x2cf7B0x1346B0x917
0x2d01S0x1346S0x917	0x2cf7B0x1346B0x917
0x2d0bS0x1346S0x917	0x2cf7B0x1346B0x917
0x2d0cS0x1346S0x917	0x2cf7B0x1346B0x917
0x2d0dS0x1346S0x917	0x2cf7B0x1346B0x917
0x2cd0S0x1346S0x917	0x2ccfB0x1346B0x917
0x2d1aS0x1346S0x917	0x2d19B0x1346B0x917
0x2d1dS0x1346S0x917	0x2d19B0x1346B0x917
0x2d20S0x1346S0x917	0x2d19B0x1346B0x917
0x2d23S0x1346S0x917	0x2d19B0x1346B0x917
0x2d24S0x1346S0x917	0x2d19B0x1346B0x917
0x2d25S0x1346S0x917	0x2d19B0x1346B0x917
0x2d27S0x1346S0x917	0x2d19B0x1346B0x917
0x2d28S0x1346S0x917	0x2d19B0x1346B0x917
0x2d29S0x1346S0x917	0x2d19B0x1346B0x917
0x2cd4S0x1346S0x917	0x2cd3B0x1346B0x917
0x2cd8S0x1346S0x917	0x2cd7B0x1346B0x917
0x2a92S0xee6S0x917	0x2a91B0xee6B0x917
0x2a93S0xee6S0x917	0x2a91B0xee6B0x917
0x2a96S0xee6S0x917	0x2a91B0xee6B0x917
0x2a9bS0xee6S0x917	0x2a91B0xee6B0x917
0x2a9cS0xee6S0x917	0x2a91B0xee6B0x917
0x2a9eS0xee6S0x917	0x2a91B0xee6B0x917
0x2aa0S0xee6S0x917	0x2a91B0xee6B0x917
0x2aa4S0xee6S0x917	0x2a91B0xee6B0x917
0x2a7eS0xee6S0x917	0x2a7bB0xee6B0x917
0x2a82S0xee6S0x917	0x2a7bB0xee6B0x917
0x2a87S0xee6S0x917	0x2a86B0xee6B0x917
0x2a8aS0xee6S0x917	0x2a86B0xee6B0x917
0x2a22S0xee6S0x917	0x2a21B0xee6B0x917
0x2a43S0xee6S0x917	0x2a21B0xee6B0x917
0x2a45S0xee6S0x917	0x2a21B0xee6B0x917
0x2a47S0xee6S0x917	0x2a21B0xee6B0x917
0x2a68S0xee6S0x917	0x2a21B0xee6B0x917
0x2a6bS0xee6S0x917	0x2a21B0xee6B0x917
0x2a70S0xee6S0x917	0x2a6fB0xee6B0x917
0x2a71S0xee6S0x917	0x2a6fB0xee6B0x917
0x2a74S0xee6S0x917	0x2a6fB0xee6B0x917
0x2a77S0xee6S0x917	0x2a6fB0xee6B0x917
0x21cbS0x2a6fS0xee6S0x917	0x21caB0x2a6fB0xee6B0x917
0x21cfS0x2a6fS0xee6S0x917	0x21caB0x2a6fB0xee6B0x917
0x21d2S0x2a6fS0xee6S0x917	0x21caB0x2a6fB0xee6B0x917
0x2b20S0xf2eS0x917	0x2b1fB0xf2eB0x917
0x2b21S0xf2eS0x917	0x2b1fB0xf2eB0x917
0x2b24S0xf2eS0x917	0x2b1fB0xf2eB0x917
0x2b29S0xf2eS0x917	0x2b1fB0xf2eB0x917
0x2b2aS0xf2eS0x917	0x2b1fB0xf2eB0x917
0x2b2cS0xf2eS0x917	0x2b1fB0xf2eB0x917
0x2b2eS0xf2eS0x917	0x2b1fB0xf2eB0x917
0x2b32S0xf2eS0x917	0x2b1fB0xf2eB0x917
0x2b0cS0xf2eS0x917	0x2b09B0xf2eB0x917
0x2b10S0xf2eS0x917	0x2b09B0xf2eB0x917
0x2b15S0xf2eS0x917	0x2b14B0xf2eB0x917
0x2b18S0xf2eS0x917	0x2b14B0xf2eB0x917
0x2ab0S0xf2eS0x917	0x2aafB0xf2eB0x917
0x2ad1S0xf2eS0x917	0x2aafB0xf2eB0x917
0x2ad3S0xf2eS0x917	0x2aafB0xf2eB0x917
0x2ad5S0xf2eS0x917	0x2aafB0xf2eB0x917
0x2af6S0xf2eS0x917	0x2aafB0xf2eB0x917
0x2af9S0xf2eS0x917	0x2aafB0xf2eB0x917
0x2afeS0xf2eS0x917	0x2afdB0xf2eB0x917
0x2affS0xf2eS0x917	0x2afdB0xf2eB0x917
0x2b02S0xf2eS0x917	0x2afdB0xf2eB0x917
0x2b05S0xf2eS0x917	0x2afdB0xf2eB0x917
0x21cbS0x2afdS0xf2eS0x917	0x21caB0x2afdB0xf2eB0x917
0x21cfS0x2afdS0xf2eS0x917	0x21caB0x2afdB0xf2eB0x917
0x21d2S0x2afdS0xf2eS0x917	0x21caB0x2afdB0xf2eB0x917
0x2b88S0xf75S0x917	0x2b87B0xf75B0x917
0x2b89S0xf75S0x917	0x2b87B0xf75B0x917
0x2b8cS0xf75S0x917	0x2b87B0xf75B0x917
0x2b91S0xf75S0x917	0x2b87B0xf75B0x917
0x2b92S0xf75S0x917	0x2b87B0xf75B0x917
0x2b94S0xf75S0x917	0x2b87B0xf75B0x917
0x2b96S0xf75S0x917	0x2b87B0xf75B0x917
0x2b9aS0xf75S0x917	0x2b87B0xf75B0x917
0x2b74S0xf75S0x917	0x2b71B0xf75B0x917
0x2b78S0xf75S0x917	0x2b71B0xf75B0x917
0x2b7dS0xf75S0x917	0x2b7cB0xf75B0x917
0x2b80S0xf75S0x917	0x2b7cB0xf75B0x917
0x2b3eS0xf75S0x917	0x2b3dB0xf75B0x917
0x2b5fS0xf75S0x917	0x2b3dB0xf75B0x917
0x2b61S0xf75S0x917	0x2b3dB0xf75B0x917
0x2b66S0xf75S0x917	0x2b65B0xf75B0x917
0x2b67S0xf75S0x917	0x2b65B0xf75B0x917
0x2b6aS0xf75S0x917	0x2b65B0xf75B0x917
0x2b6dS0xf75S0x917	0x2b65B0xf75B0x917
0x21cbS0x2b65S0xf75S0x917	0x21caB0x2b65B0xf75B0x917
0x21cfS0x2b65S0xf75S0x917	0x21caB0x2b65B0xf75B0x917
0x21d2S0x2b65S0xf75S0x917	0x21caB0x2b65B0xf75B0x917
0x2c4aS0x10b8S0x917	0x2c49B0x10b8B0x917
0x2c4bS0x10b8S0x917	0x2c49B0x10b8B0x917
0x2c4eS0x10b8S0x917	0x2c49B0x10b8B0x917
0x2c53S0x10b8S0x917	0x2c49B0x10b8B0x917
0x2c54S0x10b8S0x917	0x2c49B0x10b8B0x917
0x2c56S0x10b8S0x917	0x2c49B0x10b8B0x917
0x2c58S0x10b8S0x917	0x2c49B0x10b8B0x917
0x2c5cS0x10b8S0x917	0x2c49B0x10b8B0x917
0x2c36S0x10b8S0x917	0x2c33B0x10b8B0x917
0x2c3aS0x10b8S0x917	0x2c33B0x10b8B0x917
0x2c3fS0x10b8S0x917	0x2c3eB0x10b8B0x917
0x2c42S0x10b8S0x917	0x2c3eB0x10b8B0x917
0x2c00S0x10b8S0x917	0x2bffB0x10b8B0x917
0x2c21S0x10b8S0x917	0x2bffB0x10b8B0x917
0x2c23S0x10b8S0x917	0x2bffB0x10b8B0x917
0x2c28S0x10b8S0x917	0x2c27B0x10b8B0x917
0x2c29S0x10b8S0x917	0x2c27B0x10b8B0x917
0x2c2cS0x10b8S0x917	0x2c27B0x10b8B0x917
0x2c2fS0x10b8S0x917	0x2c27B0x10b8B0x917
0x21cbS0x2c27S0x10b8S0x917	0x21caB0x2c27B0x10b8B0x917
0x21cfS0x2c27S0x10b8S0x917	0x21caB0x2c27B0x10b8B0x917
0x21d2S0x2c27S0x10b8S0x917	0x21caB0x2c27B0x10b8B0x917
0x2cb2S0x114dS0x917	0x2cb1B0x114dB0x917
0x2cb3S0x114dS0x917	0x2cb1B0x114dB0x917
0x2cb6S0x114dS0x917	0x2cb1B0x114dB0x917
0x2cbbS0x114dS0x917	0x2cb1B0x114dB0x917
0x2cbcS0x114dS0x917	0x2cb1B0x114dB0x917
0x2cbeS0x114dS0x917	0x2cb1B0x114dB0x917
0x2cc0S0x114dS0x917	0x2cb1B0x114dB0x917
0x2cc4S0x114dS0x917	0x2cb1B0x114dB0x917
0x2c9eS0x114dS0x917	0x2c9bB0x114dB0x917
0x2ca2S0x114dS0x917	0x2c9bB0x114dB0x917
0x2ca7S0x114dS0x917	0x2ca6B0x114dB0x917
0x2caaS0x114dS0x917	0x2ca6B0x114dB0x917
0x2c68S0x114dS0x917	0x2c67B0x114dB0x917
0x2c89S0x114dS0x917	0x2c67B0x114dB0x917
0x2c8bS0x114dS0x917	0x2c67B0x114dB0x917
0x2c90S0x114dS0x917	0x2c8fB0x114dB0x917
0x2c91S0x114dS0x917	0x2c8fB0x114dB0x917
0x2c94S0x114dS0x917	0x2c8fB0x114dB0x917
0x2c97S0x114dS0x917	0x2c8fB0x114dB0x917
0x21cbS0x2c8fS0x114dS0x917	0x21caB0x2c8fB0x114dB0x917
0x21cfS0x2c8fS0x114dS0x917	0x21caB0x2c8fB0x114dB0x917
0x21d2S0x2c8fS0x114dS0x917	0x21caB0x2c8fB0x114dB0x917
0x172fS0xec5S0x917	0x172fB0xec5B0x917
0x1731S0xec5S0x917	0x172fB0xec5B0x917
0x1732S0xec5S0x917	0x172fB0xec5B0x917
0x1755S0xec5S0x917	0x172fB0xec5B0x917
0x1757S0xec5S0x917	0x172fB0xec5B0x917
0x1758S0xec5S0x917	0x172fB0xec5B0x917
0x175aS0xec5S0x917	0x172fB0xec5B0x917
0x175dS0xec5S0x917	0x172fB0xec5B0x917
0x1722S0xec5S0x917	0x1721B0xec5B0x917
0x1725S0xec5S0x917	0x1721B0xec5B0x917
0x172aS0xec5S0x917	0x1729B0xec5B0x917
0x172bS0xec5S0x917	0x1729B0xec5B0x917
0xaa8S0x1721S0xec5S0x917	0xaa7B0x1721B0xec5B0x917
0xaa9S0x1721S0xec5S0x917	0xaa7B0x1721B0xec5B0x917
0xaabS0x1721S0xec5S0x917	0xaa7B0x1721B0xec5B0x917
0xaadS0x1721S0xec5S0x917	0xaa7B0x1721B0xec5B0x917
0xaafS0x1721S0xec5S0x917	0xaa7B0x1721B0xec5B0x917
0xab2S0x1721S0xec5S0x917	0xaa7B0x1721B0xec5B0x917
0xab4S0x1721S0xec5S0x917	0xaa7B0x1721B0xec5B0x917
0xab5S0x1721S0xec5S0x917	0xaa7B0x1721B0xec5B0x917
0xab7S0x1721S0xec5S0x917	0xaa7B0x1721B0xec5B0x917
0x2d6cS0x1229S0x917	0x2d6bB0x1229B0x917
0x2d6dS0x1229S0x917	0x2d6bB0x1229B0x917
0x2d73S0x1229S0x917	0x2d6bB0x1229B0x917
0x2d55S0x1229S0x917	0x2d52B0x1229B0x917
0x2d5bS0x1229S0x917	0x2d52B0x1229B0x917
0x2d3eS0x1229S0x917	0x2d3dB0x1229B0x917
0x2d62S0x1229S0x917	0x2d5fB0x1229B0x917
0x2d48S0x1229S0x917	0x2d47B0x1229B0x917
0x2d49S0x1229S0x917	0x2d47B0x1229B0x917
0x2d4eS0x1229S0x917	0x2d47B0x1229B0x917
0x243cS0x2d52S0x1229S0x917	0x2437B0x2d52B0x1229B0x917
0x243fS0x2d52S0x1229S0x917	0x2437B0x2d52B0x1229B0x917
0x2df8S0x1386S0x917	0x2df7B0x1386B0x917
0x2df9S0x1386S0x917	0x2df7B0x1386B0x917
0x2dfcS0x1386S0x917	0x2df7B0x1386B0x917
0x2dffS0x1386S0x917	0x2df7B0x1386B0x917
0x2e02S0x1386S0x917	0x2df7B0x1386B0x917
0x2e04S0x1386S0x917	0x2df7B0x1386B0x917
0x2e06S0x1386S0x917	0x2df7B0x1386B0x917
0x2da1S0x1386S0x917	0x2d9eB0x1386B0x917
0x2da7S0x1386S0x917	0x2d9eB0x1386B0x917
0x2dacS0x1386S0x917	0x2dabB0x1386B0x917
0x2db0S0x1386S0x917	0x2dabB0x1386B0x917
0x2db6S0x1386S0x917	0x2db4B0x1386B0x917
0x2dcaS0x1386S0x917	0x2dc9B0x1386B0x917
0x2dcfS0x1386S0x917	0x2dc9B0x1386B0x917
0x2dd6S0x1386S0x917	0x2dd3B0x1386B0x917
0x2ddbS0x1386S0x917	0x2dd3B0x1386B0x917
0x2ddeS0x1386S0x917	0x2dd3B0x1386B0x917
0x2ddfS0x1386S0x917	0x2dd3B0x1386B0x917
0x2de4S0x1386S0x917	0x2de3B0x1386B0x917
0x2de8S0x1386S0x917	0x2de3B0x1386B0x917
0x2deeS0x1386S0x917	0x2decB0x1386B0x917
0x2e0dS0x1386S0x917	0x2e0aB0x1386B0x917
0x2e0eS0x1386S0x917	0x2e0aB0x1386B0x917
0x2e11S0x1386S0x917	0x2e0aB0x1386B0x917
0x2e13S0x1386S0x917	0x2e0aB0x1386B0x917
0x2e19S0x1386S0x917	0x2e0aB0x1386B0x917
0x2e20S0x1386S0x917	0x2e1dB0x1386B0x917
0x2e23S0x1386S0x917	0x2e1dB0x1386B0x917
0x2e26S0x1386S0x917	0x2e1dB0x1386B0x917
0x2e28S0x1386S0x917	0x2e1dB0x1386B0x917
0x2d94S0x1386S0x917	0x2d93B0x1386B0x917
0x2d95S0x1386S0x917	0x2d93B0x1386B0x917
0x2d9aS0x1386S0x917	0x2d93B0x1386B0x917
0x2e2fS0x1386S0x917	0x2e2cB0x1386B0x917
0x2e30S0x1386S0x917	0x2e2cB0x1386B0x917
0x2e33S0x1386S0x917	0x2e2cB0x1386B0x917
0x2e35S0x1386S0x917	0x2e2cB0x1386B0x917
0x2e3aS0x1386S0x917	0x2e2cB0x1386B0x917
0x2dc0S0x1386S0x917	0x2dbfB0x1386B0x917
0x2dc1S0x1386S0x917	0x2dbfB0x1386B0x917
0x2dc5S0x1386S0x917	0x2dbfB0x1386B0x917
0x243cS0x2d9eS0x1386S0x917	0x2437B0x2d9eB0x1386B0x917
0x243fS0x2d9eS0x1386S0x917	0x2437B0x2d9eB0x1386B0x917
0x1ef0S0x2dabS0x1386S0x917	0x1eefB0x2dabB0x1386B0x917
0x1ef1S0x2dabS0x1386S0x917	0x1eefB0x2dabB0x1386B0x917
0x1ef3S0x2dabS0x1386S0x917	0x1eefB0x2dabB0x1386B0x917
0x1ef4S0x2dabS0x1386S0x917	0x1eefB0x2dabB0x1386B0x917
0x1ef7S0x2dabS0x1386S0x917	0x1eefB0x2dabB0x1386B0x917
0x1ef8S0x2dabS0x1386S0x917	0x1eefB0x2dabB0x1386B0x917
0x2d84S0x2dc9S0x1386S0x917	0x2d83B0x2dc9B0x1386B0x917
0x2d88S0x2dc9S0x1386S0x917	0x2d83B0x2dc9B0x1386B0x917
0x2d8bS0x2dc9S0x1386S0x917	0x2d83B0x2dc9B0x1386B0x917
0x1ee5S0x2dd3S0x1386S0x917	0x1ee4B0x2dd3B0x1386B0x917
0x1ee8S0x2dd3S0x1386S0x917	0x1ee4B0x2dd3B0x1386B0x917
0x1eccS0x2dd3S0x1386S0x917	0x1ec9B0x2dd3B0x1386B0x917
0x1ecdS0x2dd3S0x1386S0x917	0x1ec9B0x2dd3B0x1386B0x917
0x1eceS0x2dd3S0x1386S0x917	0x1ec9B0x2dd3B0x1386B0x917
0x1ec9_0x0S0x2dd3S0x1386S0x917	0x1ec9B0x2dd3B0x1386B0x917
0x1ec8S0x2dd3S0x1386S0x917	0x1ec7B0x2dd3B0x1386B0x917
0x1ed4S0x2dd3S0x1386S0x917	0x1ed2B0x2dd3B0x1386B0x917
0x1ed5S0x2dd3S0x1386S0x917	0x1ed2B0x2dd3B0x1386B0x917
0x1ed8S0x2dd3S0x1386S0x917	0x1ed2B0x2dd3B0x1386B0x917
0x1edaS0x2dd3S0x1386S0x917	0x1ed2B0x2dd3B0x1386B0x917
0x1eddS0x2dd3S0x1386S0x917	0x1ed2B0x2dd3B0x1386B0x917
0x1ee0S0x2dd3S0x1386S0x917	0x1ed2B0x2dd3B0x1386B0x917
0x1ed2_0x0S0x2dd3S0x1386S0x917	0x1ed2B0x2dd3B0x1386B0x917
0x1ef0S0x2de3S0x1386S0x917	0x1eefB0x2de3B0x1386B0x917
0x1ef1S0x2de3S0x1386S0x917	0x1eefB0x2de3B0x1386B0x917
0x1ef3S0x2de3S0x1386S0x917	0x1eefB0x2de3B0x1386B0x917
0x1ef4S0x2de3S0x1386S0x917	0x1eefB0x2de3B0x1386B0x917
0x1ef7S0x2de3S0x1386S0x917	0x1eefB0x2de3B0x1386B0x917
0x1ef8S0x2de3S0x1386S0x917	0x1eefB0x2de3B0x1386B0x917
0x2d84S0x2d93S0x1386S0x917	0x2d83B0x2d93B0x1386B0x917
0x2d88S0x2d93S0x1386S0x917	0x2d83B0x2d93B0x1386B0x917
0x2d8bS0x2d93S0x1386S0x917	0x2d83B0x2d93B0x1386B0x917
0x1eaeS0x2dbfS0x1386S0x917	0x1eadB0x2dbfB0x1386B0x917
0x1eb0S0x2dbfS0x1386S0x917	0x1eadB0x2dbfB0x1386B0x917
0x20f3S0x2df7S0x1386S0x917	0x20f2B0x2df7B0x1386B0x917
0x20f7S0x2df7S0x1386S0x917	0x20f2B0x2df7B0x1386B0x917
0x1c54S0x20f2S0x2df7S0x1386S0x917	0x1c53B0x20f2B0x2df7B0x1386B0x917
0x1a03S0x2e1dS0x1386S0x917	0x1a02B0x2e1dB0x1386B0x917
0x1a07S0x2e1dS0x1386S0x917	0x1a02B0x2e1dB0x1386B0x917
0x19f8S0x1a02S0x2e1dS0x1386S0x917	0x19f7B0x1a02B0x2e1dB0x1386B0x917
0x19faS0x1a02S0x2e1dS0x1386S0x917	0x19f7B0x1a02B0x2e1dB0x1386B0x917
0x19fbS0x1a02S0x2e1dS0x1386S0x917	0x19f7B0x1a02B0x2e1dB0x1386B0x917
0x2909S0xb5c	0x2908B0xb5c
0x290aS0xb5c	0x2908B0xb5c
0x290dS0xb5c	0x2908B0xb5c
0x2910S0xb5c	0x2908B0xb5c
0x2913S0xb5c	0x2908B0xb5c
0x2915S0xb5c	0x2908B0xb5c
0x2917S0xb5c	0x2908B0xb5c
0x291cS0xb5c	0x291bB0xb5c
0x291fS0xb5c	0x291bB0xb5c
0x2922S0xb5c	0x291bB0xb5c
0x2924S0xb5c	0x291bB0xb5c
0x2929S0xb5c	0x2928B0xb5c
0x292cS0xb5c	0x2928B0xb5c
0x292fS0xb5c	0x2928B0xb5c
0x2931S0xb5c	0x2928B0xb5c
0x20f3S0x2928S0xb5c	0x20f2B0x2928B0xb5c
0x20f7S0x2928S0xb5c	0x20f2B0x2928B0xb5c
0x1c54S0x20f2S0x2928S0xb5c	0x1c53B0x20f2B0x2928B0xb5c
0x2597S0x2908S0xb5c	0x2596B0x2908B0xb5c
0x259bS0x2908S0xb5c	0x2596B0x2908B0xb5c
0x1ad0S0x2596S0x2908S0xb5c	0x1acfB0x2596B0x2908B0xb5c
0x1ad1S0x2596S0x2908S0xb5c	0x1acfB0x2596B0x2908B0xb5c
0x1ad5S0x2596S0x2908S0xb5c	0x1acfB0x2596B0x2908B0xb5c
0x1ab1S0x1acfS0x2596S0x2908S0xb5c	0x1ab0B0x1acfB0x2596B0x2908B0xb5c
0x1ab2S0x1acfS0x2596S0x2908S0xb5c	0x1ab0B0x1acfB0x2596B0x2908B0xb5c
0x1ac8S0x1acfS0x2596S0x2908S0xb5c	0x1ab0B0x1acfB0x2596B0x2908B0xb5c
0x2597S0x291bS0xb5c	0x2596B0x291bB0xb5c
0x259bS0x291bS0xb5c	0x2596B0x291bB0xb5c
0x1ad0S0x2596S0x291bS0xb5c	0x1acfB0x2596B0x291bB0xb5c
0x1ad1S0x2596S0x291bS0xb5c	0x1acfB0x2596B0x291bB0xb5c
0x1ad5S0x2596S0x291bS0xb5c	0x1acfB0x2596B0x291bB0xb5c
0x1ab1S0x1acfS0x2596S0x291bS0xb5c	0x1ab0B0x1acfB0x2596B0x291bB0xb5c
0x1ab2S0x1acfS0x2596S0x291bS0xb5c	0x1ab0B0x1acfB0x2596B0x291bB0xb5c
0x1ac8S0x1acfS0x2596S0x291bS0xb5c	0x1ab0B0x1acfB0x2596B0x291bB0xb5c
0x293eS0xda0	0x293dB0xda0
0x293fS0xda0	0x293dB0xda0
0x2942S0xda0	0x293dB0xda0
0x2945S0xda0	0x293dB0xda0
0x2948S0xda0	0x293dB0xda0
0x294aS0xda0	0x293dB0xda0
0x294cS0xda0	0x293dB0xda0
0x2951S0xda0	0x2950B0xda0
0x2954S0xda0	0x2950B0xda0
0x2957S0xda0	0x2950B0xda0
0x2959S0xda0	0x2950B0xda0
0x20f3S0x2950S0xda0	0x20f2B0x2950B0xda0
0x20f7S0x2950S0xda0	0x20f2B0x2950B0xda0
0x1c54S0x20f2S0x2950S0xda0	0x1c53B0x20f2B0x2950B0xda0
0x2597S0x293dS0xda0	0x2596B0x293dB0xda0
0x259bS0x293dS0xda0	0x2596B0x293dB0xda0
0x1ad0S0x2596S0x293dS0xda0	0x1acfB0x2596B0x293dB0xda0
0x1ad1S0x2596S0x293dS0xda0	0x1acfB0x2596B0x293dB0xda0
0x1ad5S0x2596S0x293dS0xda0	0x1acfB0x2596B0x293dB0xda0
0x1ab1S0x1acfS0x2596S0x293dS0xda0	0x1ab0B0x1acfB0x2596B0x293dB0xda0
0x1ab2S0x1acfS0x2596S0x293dS0xda0	0x1ab0B0x1acfB0x2596B0x293dB0xda0
0x1ac8S0x1acfS0x2596S0x293dS0xda0	0x1ab0B0x1acfB0x2596B0x293dB0xda0
0x299bS0xdf7	0x299bB0xdf7
0x299eS0xdf7	0x299bB0xdf7
0x298fS0xdf7	0x298eB0xdf7
0x2990S0xdf7	0x298eB0xdf7
0x2994S0xdf7	0x298eB0xdf7
0x2995S0xdf7	0x298eB0xdf7
0x2996S0xdf7	0x298eB0xdf7
0x2997S0xdf7	0x298eB0xdf7
0x29a4S0xdf7	0x29a3B0xdf7
0x29a5S0xdf7	0x29a3B0xdf7
0x29abS0xdf7	0x29a3B0xdf7
0x29acS0xdf7	0x29a3B0xdf7
0x6721S0xdf7	0x6720B0xdf7
0x297bS0x29a3S0xdf7	0x297aB0x29a3B0xdf7
0x297dS0x29a3S0xdf7	0x297aB0x29a3B0xdf7
0x2980S0x29a3S0xdf7	0x297aB0x29a3B0xdf7
0x2984S0x29a3S0xdf7	0x297aB0x29a3B0xdf7
0x2974S0x297aS0x29a3S0xdf7	0x2974B0x297aB0x29a3B0xdf7
0x296fS0x297aS0x29a3S0xdf7	0x296dB0x297aB0x29a3B0xdf7
0x2970S0x297aS0x29a3S0xdf7	0x296dB0x297aB0x29a3B0xdf7
0x2965S0x297aS0x29a3S0xdf7	0x2964B0x297aB0x29a3B0xdf7
0x2969S0x297aS0x29a3S0xdf7	0x2964B0x297aB0x29a3B0xdf7
0x19f8S0x2964S0x297aS0x29a3S0xdf7	0x19f7B0x2964B0x297aB0x29a3B0xdf7
0x19faS0x2964S0x297aS0x29a3S0xdf7	0x19f7B0x2964B0x297aB0x29a3B0xdf7
0x19fbS0x2964S0x297aS0x29a3S0xdf7	0x19f7B0x2964B0x297aB0x29a3B0xdf7
0x2e4bS0x170a	0x2e4aB0x170a
0x2e4cS0x170a	0x2e4aB0x170a
0x2e4fS0x170a	0x2e4aB0x170a
0x2e52S0x170a	0x2e4aB0x170a
0x2e55S0x170a	0x2e4aB0x170a
0x2e57S0x170a	0x2e4aB0x170a
0x2e59S0x170a	0x2e4aB0x170a
0x2597S0x2e4aS0x170a	0x2596B0x2e4aB0x170a
0x259bS0x2e4aS0x170a	0x2596B0x2e4aB0x170a
0x1ad0S0x2596S0x2e4aS0x170a	0x1acfB0x2596B0x2e4aB0x170a
0x1ad1S0x2596S0x2e4aS0x170a	0x1acfB0x2596B0x2e4aB0x170a
0x1ad5S0x2596S0x2e4aS0x170a	0x1acfB0x2596B0x2e4aB0x170a
0x1ab1S0x1acfS0x2596S0x2e4aS0x170a	0x1ab0B0x1acfB0x2596B0x2e4aB0x170a
0x1ab2S0x1acfS0x2596S0x2e4aS0x170a	0x1ab0B0x1acfB0x2596B0x2e4aB0x170a
0x1ac8S0x1acfS0x2596S0x2e4aS0x170a	0x1ab0B0x1acfB0x2596B0x2e4aB0x170a
0x2e4bS0x18c7	0x2e4aB0x18c7
0x2e4cS0x18c7	0x2e4aB0x18c7
0x2e4fS0x18c7	0x2e4aB0x18c7
0x2e52S0x18c7	0x2e4aB0x18c7
0x2e55S0x18c7	0x2e4aB0x18c7
0x2e57S0x18c7	0x2e4aB0x18c7
0x2e59S0x18c7	0x2e4aB0x18c7
0x2597S0x2e4aS0x18c7	0x2596B0x2e4aB0x18c7
0x259bS0x2e4aS0x18c7	0x2596B0x2e4aB0x18c7
0x1ad0S0x2596S0x2e4aS0x18c7	0x1acfB0x2596B0x2e4aB0x18c7
0x1ad1S0x2596S0x2e4aS0x18c7	0x1acfB0x2596B0x2e4aB0x18c7
0x1ad5S0x2596S0x2e4aS0x18c7	0x1acfB0x2596B0x2e4aB0x18c7
0x1ab1S0x1acfS0x2596S0x2e4aS0x18c7	0x1ab0B0x1acfB0x2596B0x2e4aB0x18c7
0x1ab2S0x1acfS0x2596S0x2e4aS0x18c7	0x1ab0B0x1acfB0x2596B0x2e4aB0x18c7
0x1ac8S0x1acfS0x2596S0x2e4aS0x18c7	0x1ab0B0x1acfB0x2596B0x2e4aB0x18c7
0x1b18S0x1c4	0x1b18B0x1c4
0x1b1bS0x1c4	0x1b18B0x1c4
0x1b0bS0x1c4	0x1b0aB0x1c4
0x1b0dS0x1c4	0x1b0aB0x1c4
0x1b11S0x1c4	0x1b0aB0x1c4
0x1b12S0x1c4	0x1b0aB0x1c4
0x1b13S0x1c4	0x1b0aB0x1c4
0x1b14S0x1c4	0x1b0aB0x1c4
0x1b21S0x1c4	0x1b20B0x1c4
0x1b22S0x1c4	0x1b20B0x1c4
0x1b28S0x1c4	0x1b20B0x1c4
0x1b29S0x1c4	0x1b20B0x1c4
0x6442S0x1c4	0x6441B0x1c4
0x1b31S0x1c4	0x1b2dB0x1c4
0x1b33S0x1c4	0x1b2dB0x1c4
0x1b39S0x1c4	0x1b2dB0x1c4
0x1b3aS0x1c4	0x1b2dB0x1c4
0x1a72S0x1b20S0x1c4	0x1a71B0x1b20B0x1c4
0x1a74S0x1b20S0x1c4	0x1a71B0x1b20B0x1c4
0x1a77S0x1b20S0x1c4	0x1a71B0x1b20B0x1c4
0x1a7bS0x1b20S0x1c4	0x1a71B0x1b20B0x1c4
0x1a6bS0x1a71S0x1b20S0x1c4	0x1a6bB0x1a71B0x1b20B0x1c4
0x1a66S0x1a71S0x1b20S0x1c4	0x1a64B0x1a71B0x1b20B0x1c4
0x1a67S0x1a71S0x1b20S0x1c4	0x1a64B0x1a71B0x1b20B0x1c4
0x1a5cS0x1a71S0x1b20S0x1c4	0x1a5bB0x1a71B0x1b20B0x1c4
0x1a60S0x1a71S0x1b20S0x1c4	0x1a5bB0x1a71B0x1b20B0x1c4
0x1a2bS0x1a5bS0x1a71S0x1b20S0x1c4	0x1a2aB0x1a5bB0x1a71B0x1b20B0x1c4
0x1af7S0x1b2dS0x1c4	0x1af6B0x1b2dB0x1c4
0x1af9S0x1b2dS0x1c4	0x1af6B0x1b2dB0x1c4
0x1afcS0x1b2dS0x1c4	0x1af6B0x1b2dB0x1c4
0x1b00S0x1b2dS0x1c4	0x1af6B0x1b2dB0x1c4
0x1af0S0x1af6S0x1b2dS0x1c4	0x1af0B0x1af6B0x1b2dB0x1c4
0x1aebS0x1af6S0x1b2dS0x1c4	0x1ae9B0x1af6B0x1b2dB0x1c4
0x1aecS0x1af6S0x1b2dS0x1c4	0x1ae9B0x1af6B0x1b2dB0x1c4
0x1ae1S0x1af6S0x1b2dS0x1c4	0x1ae0B0x1af6B0x1b2dB0x1c4
0x1ae5S0x1af6S0x1b2dS0x1c4	0x1ae0B0x1af6B0x1b2dB0x1c4
0x1ad0S0x1ae0S0x1af6S0x1b2dS0x1c4	0x1acfB0x1ae0B0x1af6B0x1b2dB0x1c4
0x1ad1S0x1ae0S0x1af6S0x1b2dS0x1c4	0x1acfB0x1ae0B0x1af6B0x1b2dB0x1c4
0x1ad5S0x1ae0S0x1af6S0x1b2dS0x1c4	0x1acfB0x1ae0B0x1af6B0x1b2dB0x1c4
0x1ab1S0x1acfS0x1ae0S0x1af6S0x1b2dS0x1c4	0x1ab0B0x1acfB0x1ae0B0x1af6B0x1b2dB0x1c4
0x1ab2S0x1acfS0x1ae0S0x1af6S0x1b2dS0x1c4	0x1ab0B0x1acfB0x1ae0B0x1af6B0x1b2dB0x1c4
0x1ac8S0x1acfS0x1ae0S0x1af6S0x1b2dS0x1c4	0x1ab0B0x1acfB0x1ae0B0x1af6B0x1b2dB0x1c4
0x1b18S0x1ec	0x1b18B0x1ec
0x1b1bS0x1ec	0x1b18B0x1ec
0x1b0bS0x1ec	0x1b0aB0x1ec
0x1b0dS0x1ec	0x1b0aB0x1ec
0x1b11S0x1ec	0x1b0aB0x1ec
0x1b12S0x1ec	0x1b0aB0x1ec
0x1b13S0x1ec	0x1b0aB0x1ec
0x1b14S0x1ec	0x1b0aB0x1ec
0x1b21S0x1ec	0x1b20B0x1ec
0x1b22S0x1ec	0x1b20B0x1ec
0x1b28S0x1ec	0x1b20B0x1ec
0x1b29S0x1ec	0x1b20B0x1ec
0x6442S0x1ec	0x6441B0x1ec
0x1b31S0x1ec	0x1b2dB0x1ec
0x1b33S0x1ec	0x1b2dB0x1ec
0x1b39S0x1ec	0x1b2dB0x1ec
0x1b3aS0x1ec	0x1b2dB0x1ec
0x1a72S0x1b20S0x1ec	0x1a71B0x1b20B0x1ec
0x1a74S0x1b20S0x1ec	0x1a71B0x1b20B0x1ec
0x1a77S0x1b20S0x1ec	0x1a71B0x1b20B0x1ec
0x1a7bS0x1b20S0x1ec	0x1a71B0x1b20B0x1ec
0x1a6bS0x1a71S0x1b20S0x1ec	0x1a6bB0x1a71B0x1b20B0x1ec
0x1a66S0x1a71S0x1b20S0x1ec	0x1a64B0x1a71B0x1b20B0x1ec
0x1a67S0x1a71S0x1b20S0x1ec	0x1a64B0x1a71B0x1b20B0x1ec
0x1a5cS0x1a71S0x1b20S0x1ec	0x1a5bB0x1a71B0x1b20B0x1ec
0x1a60S0x1a71S0x1b20S0x1ec	0x1a5bB0x1a71B0x1b20B0x1ec
0x1a2bS0x1a5bS0x1a71S0x1b20S0x1ec	0x1a2aB0x1a5bB0x1a71B0x1b20B0x1ec
0x1af7S0x1b2dS0x1ec	0x1af6B0x1b2dB0x1ec
0x1af9S0x1b2dS0x1ec	0x1af6B0x1b2dB0x1ec
0x1afcS0x1b2dS0x1ec	0x1af6B0x1b2dB0x1ec
0x1b00S0x1b2dS0x1ec	0x1af6B0x1b2dB0x1ec
0x1af0S0x1af6S0x1b2dS0x1ec	0x1af0B0x1af6B0x1b2dB0x1ec
0x1aebS0x1af6S0x1b2dS0x1ec	0x1ae9B0x1af6B0x1b2dB0x1ec
0x1aecS0x1af6S0x1b2dS0x1ec	0x1ae9B0x1af6B0x1b2dB0x1ec
0x1ae1S0x1af6S0x1b2dS0x1ec	0x1ae0B0x1af6B0x1b2dB0x1ec
0x1ae5S0x1af6S0x1b2dS0x1ec	0x1ae0B0x1af6B0x1b2dB0x1ec
0x1ad0S0x1ae0S0x1af6S0x1b2dS0x1ec	0x1acfB0x1ae0B0x1af6B0x1b2dB0x1ec
0x1ad1S0x1ae0S0x1af6S0x1b2dS0x1ec	0x1acfB0x1ae0B0x1af6B0x1b2dB0x1ec
0x1ad5S0x1ae0S0x1af6S0x1b2dS0x1ec	0x1acfB0x1ae0B0x1af6B0x1b2dB0x1ec
0x1ab1S0x1acfS0x1ae0S0x1af6S0x1b2dS0x1ec	0x1ab0B0x1acfB0x1ae0B0x1af6B0x1b2dB0x1ec
0x1ab2S0x1acfS0x1ae0S0x1af6S0x1b2dS0x1ec	0x1ab0B0x1acfB0x1ae0B0x1af6B0x1b2dB0x1ec
0x1ac8S0x1acfS0x1ae0S0x1af6S0x1b2dS0x1ec	0x1ab0B0x1acfB0x1ae0B0x1af6B0x1b2dB0x1ec
0x1cd4S0x22a	0x1cd4B0x22a
0x1cd7S0x22a	0x1cd4B0x22a
0x1cf1S0x22a	0x1cf1B0x22a
0x1cf4S0x22a	0x1cf1B0x22a
0x1d20S0x22a	0x1d20B0x22a
0x1d23S0x22a	0x1d20B0x22a
0x1d4fS0x22a	0x1d4fB0x22a
0x1d52S0x22a	0x1d4fB0x22a
0x1cbdS0x22a	0x1cbcB0x22a
0x1cbfS0x22a	0x1cbcB0x22a
0x1cc1S0x22a	0x1cbcB0x22a
0x1cc3S0x22a	0x1cbcB0x22a
0x1cc5S0x22a	0x1cbcB0x22a
0x1cc7S0x22a	0x1cbcB0x22a
0x1cc8S0x22a	0x1cbcB0x22a
0x1ccdS0x22a	0x1cbcB0x22a
0x1cceS0x22a	0x1cbcB0x22a
0x1ccfS0x22a	0x1cbcB0x22a
0x1cd0S0x22a	0x1cbcB0x22a
0x1cddS0x22a	0x1cdcB0x22a
0x1cdfS0x22a	0x1cdcB0x22a
0x1ce0S0x22a	0x1cdcB0x22a
0x1ce1S0x22a	0x1cdcB0x22a
0x1cebS0x22a	0x1cdcB0x22a
0x1cecS0x22a	0x1cdcB0x22a
0x1cedS0x22a	0x1cdcB0x22a
0x65a0S0x22a	0x659fB0x22a
0x1cfaS0x22a	0x1cf9B0x22a
0x1d00S0x22a	0x1cf9B0x22a
0x1d01S0x22a	0x1cf9B0x22a
0x65c3S0x22a	0x65c2B0x22a
0x1d0bS0x22a	0x1d05B0x22a
0x1d0eS0x22a	0x1d05B0x22a
0x1d0fS0x22a	0x1d05B0x22a
0x1d10S0x22a	0x1d05B0x22a
0x1d1aS0x22a	0x1d05B0x22a
0x1d1bS0x22a	0x1d05B0x22a
0x1d1cS0x22a	0x1d05B0x22a
0x1d29S0x22a	0x1d28B0x22a
0x1d2fS0x22a	0x1d28B0x22a
0x1d30S0x22a	0x1d28B0x22a
0x65e6S0x22a	0x65e5B0x22a
0x1d3aS0x22a	0x1d34B0x22a
0x1d3dS0x22a	0x1d34B0x22a
0x1d3eS0x22a	0x1d34B0x22a
0x1d3fS0x22a	0x1d34B0x22a
0x1d49S0x22a	0x1d34B0x22a
0x1d4aS0x22a	0x1d34B0x22a
0x1d4bS0x22a	0x1d34B0x22a
0x1d58S0x22a	0x1d57B0x22a
0x1d5eS0x22a	0x1d57B0x22a
0x1d5fS0x22a	0x1d57B0x22a
0x6609S0x22a	0x6608B0x22a
0x1d69S0x22a	0x1d63B0x22a
0x1d6bS0x22a	0x1d63B0x22a
0x1d71S0x22a	0x1d63B0x22a
0x1d72S0x22a	0x1d63B0x22a
0x1d7aS0x22a	0x1d76B0x22a
0x1d7cS0x22a	0x1d76B0x22a
0x1d82S0x22a	0x1d76B0x22a
0x1d83S0x22a	0x1d76B0x22a
0x1d8bS0x22a	0x1d87B0x22a
0x1d8dS0x22a	0x1d87B0x22a
0x1d93S0x22a	0x1d87B0x22a
0x1d94S0x22a	0x1d87B0x22a
0x1d9cS0x22a	0x1d98B0x22a
0x1d9eS0x22a	0x1d98B0x22a
0x1da4S0x22a	0x1d98B0x22a
0x1da5S0x22a	0x1d98B0x22a
0x1dadS0x22a	0x1da9B0x22a
0x1dafS0x22a	0x1da9B0x22a
0x1db5S0x22a	0x1da9B0x22a
0x1db6S0x22a	0x1da9B0x22a
0x1b61S0x1cf9S0x22a	0x1b61B0x1cf9B0x22a
0x1b64S0x1cf9S0x22a	0x1b61B0x1cf9B0x22a
0x1b7eS0x1cf9S0x22a	0x1b7eB0x1cf9B0x22a
0x1b81S0x1cf9S0x22a	0x1b7eB0x1cf9B0x22a
0x1b9aS0x1cf9S0x22a	0x1b9aB0x1cf9B0x22a
0x1b9dS0x1cf9S0x22a	0x1b9aB0x1cf9B0x22a
0x1b6bS0x1cf9S0x22a	0x1b69B0x1cf9B0x22a
0x1b6eS0x1cf9S0x22a	0x1b69B0x1cf9B0x22a
0x1b78S0x1cf9S0x22a	0x1b69B0x1cf9B0x22a
0x1b79S0x1cf9S0x22a	0x1b69B0x1cf9B0x22a
0x1b7aS0x1cf9S0x22a	0x1b69B0x1cf9B0x22a
0x6465S0x1cf9S0x22a	0x6464B0x1cf9B0x22a
0x1b87S0x1cf9S0x22a	0x1b86B0x1cf9B0x22a
0x1b8aS0x1cf9S0x22a	0x1b86B0x1cf9B0x22a
0x1b8eS0x1cf9S0x22a	0x1b86B0x1cf9B0x22a
0x1b91S0x1cf9S0x22a	0x1b86B0x1cf9B0x22a
0x1b93S0x1cf9S0x22a	0x1b86B0x1cf9B0x22a
0x1b94S0x1cf9S0x22a	0x1b86B0x1cf9B0x22a
0x1b95S0x1cf9S0x22a	0x1b86B0x1cf9B0x22a
0x1b96S0x1cf9S0x22a	0x1b86B0x1cf9B0x22a
0x6488S0x1cf9S0x22a	0x6487B0x1cf9B0x22a
0x64abS0x1cf9S0x22a	0x64aaB0x1cf9B0x22a
0x1b55S0x1cf9S0x22a	0x1b54B0x1cf9B0x22a
0x1b58S0x1cf9S0x22a	0x1b54B0x1cf9B0x22a
0x1b5bS0x1cf9S0x22a	0x1b54B0x1cf9B0x22a
0x1b5cS0x1cf9S0x22a	0x1b54B0x1cf9B0x22a
0x1b5dS0x1cf9S0x22a	0x1b54B0x1cf9B0x22a
0x1bb6S0x1d28S0x22a	0x1bb6B0x1d28B0x22a
0x1bb9S0x1d28S0x22a	0x1bb6B0x1d28B0x22a
0x1bd3S0x1d28S0x22a	0x1bd3B0x1d28B0x22a
0x1bd6S0x1d28S0x22a	0x1bd3B0x1d28B0x22a
0x1befS0x1d28S0x22a	0x1befB0x1d28B0x22a
0x1bf2S0x1d28S0x22a	0x1befB0x1d28B0x22a
0x1bc0S0x1d28S0x22a	0x1bbeB0x1d28B0x22a
0x1bc3S0x1d28S0x22a	0x1bbeB0x1d28B0x22a
0x1bcdS0x1d28S0x22a	0x1bbeB0x1d28B0x22a
0x1bceS0x1d28S0x22a	0x1bbeB0x1d28B0x22a
0x1bcfS0x1d28S0x22a	0x1bbeB0x1d28B0x22a
0x64ceS0x1d28S0x22a	0x64cdB0x1d28B0x22a
0x1bdcS0x1d28S0x22a	0x1bdbB0x1d28B0x22a
0x1bdfS0x1d28S0x22a	0x1bdbB0x1d28B0x22a
0x1be3S0x1d28S0x22a	0x1bdbB0x1d28B0x22a
0x1be6S0x1d28S0x22a	0x1bdbB0x1d28B0x22a
0x1be8S0x1d28S0x22a	0x1bdbB0x1d28B0x22a
0x1be9S0x1d28S0x22a	0x1bdbB0x1d28B0x22a
0x1beaS0x1d28S0x22a	0x1bdbB0x1d28B0x22a
0x1bebS0x1d28S0x22a	0x1bdbB0x1d28B0x22a
0x64f1S0x1d28S0x22a	0x64f0B0x1d28B0x22a
0x6514S0x1d28S0x22a	0x6513B0x1d28B0x22a
0x1baaS0x1d28S0x22a	0x1ba9B0x1d28B0x22a
0x1badS0x1d28S0x22a	0x1ba9B0x1d28B0x22a
0x1bb0S0x1d28S0x22a	0x1ba9B0x1d28B0x22a
0x1bb1S0x1d28S0x22a	0x1ba9B0x1d28B0x22a
0x1bb2S0x1d28S0x22a	0x1ba9B0x1d28B0x22a
0x1c0bS0x1d57S0x22a	0x1c0bB0x1d57B0x22a
0x1c0eS0x1d57S0x22a	0x1c0bB0x1d57B0x22a
0x1c28S0x1d57S0x22a	0x1c28B0x1d57B0x22a
0x1c2bS0x1d57S0x22a	0x1c28B0x1d57B0x22a
0x1c44S0x1d57S0x22a	0x1c44B0x1d57B0x22a
0x1c47S0x1d57S0x22a	0x1c44B0x1d57B0x22a
0x1c15S0x1d57S0x22a	0x1c13B0x1d57B0x22a
0x1c18S0x1d57S0x22a	0x1c13B0x1d57B0x22a
0x1c22S0x1d57S0x22a	0x1c13B0x1d57B0x22a
0x1c23S0x1d57S0x22a	0x1c13B0x1d57B0x22a
0x1c24S0x1d57S0x22a	0x1c13B0x1d57B0x22a
0x6537S0x1d57S0x22a	0x6536B0x1d57B0x22a
0x1c31S0x1d57S0x22a	0x1c30B0x1d57B0x22a
0x1c34S0x1d57S0x22a	0x1c30B0x1d57B0x22a
0x1c38S0x1d57S0x22a	0x1c30B0x1d57B0x22a
0x1c3bS0x1d57S0x22a	0x1c30B0x1d57B0x22a
0x1c3dS0x1d57S0x22a	0x1c30B0x1d57B0x22a
0x1c3eS0x1d57S0x22a	0x1c30B0x1d57B0x22a
0x1c3fS0x1d57S0x22a	0x1c30B0x1d57B0x22a
0x1c40S0x1d57S0x22a	0x1c30B0x1d57B0x22a
0x655aS0x1d57S0x22a	0x6559B0x1d57B0x22a
0x657dS0x1d57S0x22a	0x657cB0x1d57B0x22a
0x1bffS0x1d57S0x22a	0x1bfeB0x1d57B0x22a
0x1c02S0x1d57S0x22a	0x1bfeB0x1d57B0x22a
0x1c05S0x1d57S0x22a	0x1bfeB0x1d57B0x22a
0x1c06S0x1d57S0x22a	0x1bfeB0x1d57B0x22a
0x1c07S0x1d57S0x22a	0x1bfeB0x1d57B0x22a
0x1c73S0x1d76S0x22a	0x1c72B0x1d76B0x22a
0x1c75S0x1d76S0x22a	0x1c72B0x1d76B0x22a
0x1c78S0x1d76S0x22a	0x1c72B0x1d76B0x22a
0x1c7cS0x1d76S0x22a	0x1c72B0x1d76B0x22a
0x1c6cS0x1c72S0x1d76S0x22a	0x1c6cB0x1c72B0x1d76B0x22a
0x1c67S0x1c72S0x1d76S0x22a	0x1c65B0x1c72B0x1d76B0x22a
0x1c68S0x1c72S0x1d76S0x22a	0x1c65B0x1c72B0x1d76B0x22a
0x1c5dS0x1c72S0x1d76S0x22a	0x1c5cB0x1c72B0x1d76B0x22a
0x1c61S0x1c72S0x1d76S0x22a	0x1c5cB0x1c72B0x1d76B0x22a
0x1c54S0x1c5cS0x1c72S0x1d76S0x22a	0x1c53B0x1c5cB0x1c72B0x1d76B0x22a
0x1ca9S0x1d87S0x22a	0x1ca8B0x1d87B0x22a
0x1cabS0x1d87S0x22a	0x1ca8B0x1d87B0x22a
0x1caeS0x1d87S0x22a	0x1ca8B0x1d87B0x22a
0x1cb2S0x1d87S0x22a	0x1ca8B0x1d87B0x22a
0x1ca2S0x1ca8S0x1d87S0x22a	0x1ca2B0x1ca8B0x1d87B0x22a
0x1c9dS0x1ca8S0x1d87S0x22a	0x1c9bB0x1ca8B0x1d87B0x22a
0x1c9eS0x1ca8S0x1d87S0x22a	0x1c9bB0x1ca8B0x1d87B0x22a
0x1c93S0x1ca8S0x1d87S0x22a	0x1c92B0x1ca8B0x1d87B0x22a
0x1c97S0x1ca8S0x1d87S0x22a	0x1c92B0x1ca8B0x1d87B0x22a
0x1c87S0x1c92S0x1ca8S0x1d87S0x22a	0x1c86B0x1c92B0x1ca8B0x1d87B0x22a
0x1c88S0x1c92S0x1ca8S0x1d87S0x22a	0x1c86B0x1c92B0x1ca8B0x1d87B0x22a
0x1c8bS0x1c92S0x1ca8S0x1d87S0x22a	0x1c86B0x1c92B0x1ca8B0x1d87B0x22a
0x1a72S0x1d98S0x22a	0x1a71B0x1d98B0x22a
0x1a74S0x1d98S0x22a	0x1a71B0x1d98B0x22a
0x1a77S0x1d98S0x22a	0x1a71B0x1d98B0x22a
0x1a7bS0x1d98S0x22a	0x1a71B0x1d98B0x22a
0x1a6bS0x1a71S0x1d98S0x22a	0x1a6bB0x1a71B0x1d98B0x22a
0x1a66S0x1a71S0x1d98S0x22a	0x1a64B0x1a71B0x1d98B0x22a
0x1a67S0x1a71S0x1d98S0x22a	0x1a64B0x1a71B0x1d98B0x22a
0x1a5cS0x1a71S0x1d98S0x22a	0x1a5bB0x1a71B0x1d98B0x22a
0x1a60S0x1a71S0x1d98S0x22a	0x1a5bB0x1a71B0x1d98B0x22a
0x1a2bS0x1a5bS0x1a71S0x1d98S0x22a	0x1a2aB0x1a5bB0x1a71B0x1d98B0x22a
0x1a72S0x1da9S0x22a	0x1a71B0x1da9B0x22a
0x1a74S0x1da9S0x22a	0x1a71B0x1da9B0x22a
0x1a77S0x1da9S0x22a	0x1a71B0x1da9B0x22a
0x1a7bS0x1da9S0x22a	0x1a71B0x1da9B0x22a
0x1a6bS0x1a71S0x1da9S0x22a	0x1a6bB0x1a71B0x1da9B0x22a
0x1a66S0x1a71S0x1da9S0x22a	0x1a64B0x1a71B0x1da9B0x22a
0x1a67S0x1a71S0x1da9S0x22a	0x1a64B0x1a71B0x1da9B0x22a
0x1a5cS0x1a71S0x1da9S0x22a	0x1a5bB0x1a71B0x1da9B0x22a
0x1a60S0x1a71S0x1da9S0x22a	0x1a5bB0x1a71B0x1da9B0x22a
0x1a2bS0x1a5bS0x1a71S0x1da9S0x22a	0x1a2aB0x1a5bB0x1a71B0x1da9B0x22a
0x1af7S0x1d63S0x22a	0x1af6B0x1d63B0x22a
0x1af9S0x1d63S0x22a	0x1af6B0x1d63B0x22a
0x1afcS0x1d63S0x22a	0x1af6B0x1d63B0x22a
0x1b00S0x1d63S0x22a	0x1af6B0x1d63B0x22a
0x1af0S0x1af6S0x1d63S0x22a	0x1af0B0x1af6B0x1d63B0x22a
0x1aebS0x1af6S0x1d63S0x22a	0x1ae9B0x1af6B0x1d63B0x22a
0x1aecS0x1af6S0x1d63S0x22a	0x1ae9B0x1af6B0x1d63B0x22a
0x1ae1S0x1af6S0x1d63S0x22a	0x1ae0B0x1af6B0x1d63B0x22a
0x1ae5S0x1af6S0x1d63S0x22a	0x1ae0B0x1af6B0x1d63B0x22a
0x1ad0S0x1ae0S0x1af6S0x1d63S0x22a	0x1acfB0x1ae0B0x1af6B0x1d63B0x22a
0x1ad1S0x1ae0S0x1af6S0x1d63S0x22a	0x1acfB0x1ae0B0x1af6B0x1d63B0x22a
0x1ad5S0x1ae0S0x1af6S0x1d63S0x22a	0x1acfB0x1ae0B0x1af6B0x1d63B0x22a
0x1ab1S0x1acfS0x1ae0S0x1af6S0x1d63S0x22a	0x1ab0B0x1acfB0x1ae0B0x1af6B0x1d63B0x22a
0x1ab2S0x1acfS0x1ae0S0x1af6S0x1d63S0x22a	0x1ab0B0x1acfB0x1ae0B0x1af6B0x1d63B0x22a
0x1ac8S0x1acfS0x1ae0S0x1af6S0x1d63S0x22a	0x1ab0B0x1acfB0x1ae0B0x1af6B0x1d63B0x22a
0x2047S0x267	0x2047B0x267
0x204aS0x267	0x2047B0x267
0x203aS0x267	0x2039B0x267
0x203cS0x267	0x2039B0x267
0x2040S0x267	0x2039B0x267
0x2041S0x267	0x2039B0x267
0x2042S0x267	0x2039B0x267
0x2043S0x267	0x2039B0x267
0x2050S0x267	0x204fB0x267
0x2051S0x267	0x204fB0x267
0x2057S0x267	0x204fB0x267
0x2058S0x267	0x204fB0x267
0x662cS0x267	0x662bB0x267
0x2060S0x267	0x205cB0x267
0x2062S0x267	0x205cB0x267
0x2068S0x267	0x205cB0x267
0x2069S0x267	0x205cB0x267
0x1c73S0x205cS0x267	0x1c72B0x205cB0x267
0x1c75S0x205cS0x267	0x1c72B0x205cB0x267
0x1c78S0x205cS0x267	0x1c72B0x205cB0x267
0x1c7cS0x205cS0x267	0x1c72B0x205cB0x267
0x1c6cS0x1c72S0x205cS0x267	0x1c6cB0x1c72B0x205cB0x267
0x1c67S0x1c72S0x205cS0x267	0x1c65B0x1c72B0x205cB0x267
0x1c68S0x1c72S0x205cS0x267	0x1c65B0x1c72B0x205cB0x267
0x1c5dS0x1c72S0x205cS0x267	0x1c5cB0x1c72B0x205cB0x267
0x1c61S0x1c72S0x205cS0x267	0x1c5cB0x1c72B0x205cB0x267
0x1c54S0x1c5cS0x1c72S0x205cS0x267	0x1c53B0x1c5cB0x1c72B0x205cB0x267
0x2026S0x204fS0x267	0x2025B0x204fB0x267
0x2028S0x204fS0x267	0x2025B0x204fB0x267
0x202bS0x204fS0x267	0x2025B0x204fB0x267
0x202fS0x204fS0x267	0x2025B0x204fB0x267
0x201fS0x2025S0x204fS0x267	0x201fB0x2025B0x204fB0x267
0x201aS0x2025S0x204fS0x267	0x2018B0x2025B0x204fB0x267
0x201bS0x2025S0x204fS0x267	0x2018B0x2025B0x204fB0x267
0x2010S0x2025S0x204fS0x267	0x200fB0x2025B0x204fB0x267
0x2014S0x2025S0x204fS0x267	0x200fB0x2025B0x204fB0x267
0x1fffS0x200fS0x2025S0x204fS0x267	0x1ffeB0x200fB0x2025B0x204fB0x267
0x2000S0x200fS0x2025S0x204fS0x267	0x1ffeB0x200fB0x2025B0x204fB0x267
0x2004S0x200fS0x2025S0x204fS0x267	0x1ffeB0x200fB0x2025B0x204fB0x267
0x1ab1S0x1ffeS0x200fS0x2025S0x204fS0x267	0x1ab0B0x1ffeB0x200fB0x2025B0x204fB0x267
0x1ab2S0x1ffeS0x200fS0x2025S0x204fS0x267	0x1ab0B0x1ffeB0x200fB0x2025B0x204fB0x267
0x1ac8S0x1ffeS0x200fS0x2025S0x204fS0x267	0x1ab0B0x1ffeB0x200fB0x2025B0x204fB0x267
0x2086S0x2b9	0x2086B0x2b9
0x2089S0x2b9	0x2086B0x2b9
0x2078S0x2b9	0x2077B0x2b9
0x207aS0x2b9	0x2077B0x2b9
0x207bS0x2b9	0x2077B0x2b9
0x207fS0x2b9	0x2077B0x2b9
0x2080S0x2b9	0x2077B0x2b9
0x2081S0x2b9	0x2077B0x2b9
0x2082S0x2b9	0x2077B0x2b9
0x208fS0x2b9	0x208eB0x2b9
0x2090S0x2b9	0x208eB0x2b9
0x2096S0x2b9	0x208eB0x2b9
0x2097S0x2b9	0x208eB0x2b9
0x664fS0x2b9	0x664eB0x2b9
0x209fS0x2b9	0x209bB0x2b9
0x20a1S0x2b9	0x209bB0x2b9
0x20a7S0x2b9	0x209bB0x2b9
0x20a8S0x2b9	0x209bB0x2b9
0x20b0S0x2b9	0x20acB0x2b9
0x20b2S0x2b9	0x20acB0x2b9
0x20b8S0x2b9	0x20acB0x2b9
0x20b9S0x2b9	0x20acB0x2b9
0x1c73S0x20acS0x2b9	0x1c72B0x20acB0x2b9
0x1c75S0x20acS0x2b9	0x1c72B0x20acB0x2b9
0x1c78S0x20acS0x2b9	0x1c72B0x20acB0x2b9
0x1c7cS0x20acS0x2b9	0x1c72B0x20acB0x2b9
0x1c6cS0x1c72S0x20acS0x2b9	0x1c6cB0x1c72B0x20acB0x2b9
0x1c67S0x1c72S0x20acS0x2b9	0x1c65B0x1c72B0x20acB0x2b9
0x1c68S0x1c72S0x20acS0x2b9	0x1c65B0x1c72B0x20acB0x2b9
0x1c5dS0x1c72S0x20acS0x2b9	0x1c5cB0x1c72B0x20acB0x2b9
0x1c61S0x1c72S0x20acS0x2b9	0x1c5cB0x1c72B0x20acB0x2b9
0x1c54S0x1c5cS0x1c72S0x20acS0x2b9	0x1c53B0x1c5cB0x1c72B0x20acB0x2b9
0x1af7S0x208eS0x2b9	0x1af6B0x208eB0x2b9
0x1af9S0x208eS0x2b9	0x1af6B0x208eB0x2b9
0x1afcS0x208eS0x2b9	0x1af6B0x208eB0x2b9
0x1b00S0x208eS0x2b9	0x1af6B0x208eB0x2b9
0x1af0S0x1af6S0x208eS0x2b9	0x1af0B0x1af6B0x208eB0x2b9
0x1aebS0x1af6S0x208eS0x2b9	0x1ae9B0x1af6B0x208eB0x2b9
0x1aecS0x1af6S0x208eS0x2b9	0x1ae9B0x1af6B0x208eB0x2b9
0x1ae1S0x1af6S0x208eS0x2b9	0x1ae0B0x1af6B0x208eB0x2b9
0x1ae5S0x1af6S0x208eS0x2b9	0x1ae0B0x1af6B0x208eB0x2b9
0x1ad0S0x1ae0S0x1af6S0x208eS0x2b9	0x1acfB0x1ae0B0x1af6B0x208eB0x2b9
0x1ad1S0x1ae0S0x1af6S0x208eS0x2b9	0x1acfB0x1ae0B0x1af6B0x208eB0x2b9
0x1ad5S0x1ae0S0x1af6S0x208eS0x2b9	0x1acfB0x1ae0B0x1af6B0x208eB0x2b9
0x1ab1S0x1acfS0x1ae0S0x1af6S0x208eS0x2b9	0x1ab0B0x1acfB0x1ae0B0x1af6B0x208eB0x2b9
0x1ab2S0x1acfS0x1ae0S0x1af6S0x208eS0x2b9	0x1ab0B0x1acfB0x1ae0B0x1af6B0x208eB0x2b9
0x1ac8S0x1acfS0x1ae0S0x1af6S0x208eS0x2b9	0x1ab0B0x1acfB0x1ae0B0x1af6B0x208eB0x2b9
0x1af7S0x209bS0x2b9	0x1af6B0x209bB0x2b9
0x1af9S0x209bS0x2b9	0x1af6B0x209bB0x2b9
0x1afcS0x209bS0x2b9	0x1af6B0x209bB0x2b9
0x1b00S0x209bS0x2b9	0x1af6B0x209bB0x2b9
0x1af0S0x1af6S0x209bS0x2b9	0x1af0B0x1af6B0x209bB0x2b9
0x1aebS0x1af6S0x209bS0x2b9	0x1ae9B0x1af6B0x209bB0x2b9
0x1aecS0x1af6S0x209bS0x2b9	0x1ae9B0x1af6B0x209bB0x2b9
0x1ae1S0x1af6S0x209bS0x2b9	0x1ae0B0x1af6B0x209bB0x2b9
0x1ae5S0x1af6S0x209bS0x2b9	0x1ae0B0x1af6B0x209bB0x2b9
0x1ad0S0x1ae0S0x1af6S0x209bS0x2b9	0x1acfB0x1ae0B0x1af6B0x209bB0x2b9
0x1ad1S0x1ae0S0x1af6S0x209bS0x2b9	0x1acfB0x1ae0B0x1af6B0x209bB0x2b9
0x1ad5S0x1ae0S0x1af6S0x209bS0x2b9	0x1acfB0x1ae0B0x1af6B0x209bB0x2b9
0x1ab1S0x1acfS0x1ae0S0x1af6S0x209bS0x2b9	0x1ab0B0x1acfB0x1ae0B0x1af6B0x209bB0x2b9
0x1ab2S0x1acfS0x1ae0S0x1af6S0x209bS0x2b9	0x1ab0B0x1acfB0x1ae0B0x1af6B0x209bB0x2b9
0x1ac8S0x1acfS0x1ae0S0x1af6S0x209bS0x2b9	0x1ab0B0x1acfB0x1ae0B0x1af6B0x209bB0x2b9
0x20d4S0x2e1	0x20d4B0x2e1
0x20d7S0x2e1	0x20d4B0x2e1
0x20c8S0x2e1	0x20c7B0x2e1
0x20c9S0x2e1	0x20c7B0x2e1
0x20cdS0x2e1	0x20c7B0x2e1
0x20ceS0x2e1	0x20c7B0x2e1
0x20cfS0x2e1	0x20c7B0x2e1
0x20d0S0x2e1	0x20c7B0x2e1
0x20ddS0x2e1	0x20dcB0x2e1
0x20deS0x2e1	0x20dcB0x2e1
0x20e4S0x2e1	0x20dcB0x2e1
0x20e5S0x2e1	0x20dcB0x2e1
0x6672S0x2e1	0x6671B0x2e1
0x1af7S0x20dcS0x2e1	0x1af6B0x20dcB0x2e1
0x1af9S0x20dcS0x2e1	0x1af6B0x20dcB0x2e1
0x1afcS0x20dcS0x2e1	0x1af6B0x20dcB0x2e1
0x1b00S0x20dcS0x2e1	0x1af6B0x20dcB0x2e1
0x1af0S0x1af6S0x20dcS0x2e1	0x1af0B0x1af6B0x20dcB0x2e1
0x1aebS0x1af6S0x20dcS0x2e1	0x1ae9B0x1af6B0x20dcB0x2e1
0x1aecS0x1af6S0x20dcS0x2e1	0x1ae9B0x1af6B0x20dcB0x2e1
0x1ae1S0x1af6S0x20dcS0x2e1	0x1ae0B0x1af6B0x20dcB0x2e1
0x1ae5S0x1af6S0x20dcS0x2e1	0x1ae0B0x1af6B0x20dcB0x2e1
0x1ad0S0x1ae0S0x1af6S0x20dcS0x2e1	0x1acfB0x1ae0B0x1af6B0x20dcB0x2e1
0x1ad1S0x1ae0S0x1af6S0x20dcS0x2e1	0x1acfB0x1ae0B0x1af6B0x20dcB0x2e1
0x1ad5S0x1ae0S0x1af6S0x20dcS0x2e1	0x1acfB0x1ae0B0x1af6B0x20dcB0x2e1
0x1ab1S0x1acfS0x1ae0S0x1af6S0x20dcS0x2e1	0x1ab0B0x1acfB0x1ae0B0x1af6B0x20dcB0x2e1
0x1ab2S0x1acfS0x1ae0S0x1af6S0x20dcS0x2e1	0x1ab0B0x1acfB0x1ae0B0x1af6B0x20dcB0x2e1
0x1ac8S0x1acfS0x1ae0S0x1af6S0x20dcS0x2e1	0x1ab0B0x1acfB0x1ae0B0x1af6B0x20dcB0x2e1
0x20d4S0x31d	0x20d4B0x31d
0x20d7S0x31d	0x20d4B0x31d
0x20c8S0x31d	0x20c7B0x31d
0x20c9S0x31d	0x20c7B0x31d
0x20cdS0x31d	0x20c7B0x31d
0x20ceS0x31d	0x20c7B0x31d
0x20cfS0x31d	0x20c7B0x31d
0x20d0S0x31d	0x20c7B0x31d
0x20ddS0x31d	0x20dcB0x31d
0x20deS0x31d	0x20dcB0x31d
0x20e4S0x31d	0x20dcB0x31d
0x20e5S0x31d	0x20dcB0x31d
0x6672S0x31d	0x6671B0x31d
0x1af7S0x20dcS0x31d	0x1af6B0x20dcB0x31d
0x1af9S0x20dcS0x31d	0x1af6B0x20dcB0x31d
0x1afcS0x20dcS0x31d	0x1af6B0x20dcB0x31d
0x1b00S0x20dcS0x31d	0x1af6B0x20dcB0x31d
0x1af0S0x1af6S0x20dcS0x31d	0x1af0B0x1af6B0x20dcB0x31d
0x1aebS0x1af6S0x20dcS0x31d	0x1ae9B0x1af6B0x20dcB0x31d
0x1aecS0x1af6S0x20dcS0x31d	0x1ae9B0x1af6B0x20dcB0x31d
0x1ae1S0x1af6S0x20dcS0x31d	0x1ae0B0x1af6B0x20dcB0x31d
0x1ae5S0x1af6S0x20dcS0x31d	0x1ae0B0x1af6B0x20dcB0x31d
0x1ad0S0x1ae0S0x1af6S0x20dcS0x31d	0x1acfB0x1ae0B0x1af6B0x20dcB0x31d
0x1ad1S0x1ae0S0x1af6S0x20dcS0x31d	0x1acfB0x1ae0B0x1af6B0x20dcB0x31d
0x1ad5S0x1ae0S0x1af6S0x20dcS0x31d	0x1acfB0x1ae0B0x1af6B0x20dcB0x31d
0x1ab1S0x1acfS0x1ae0S0x1af6S0x20dcS0x31d	0x1ab0B0x1acfB0x1ae0B0x1af6B0x20dcB0x31d
0x1ab2S0x1acfS0x1ae0S0x1af6S0x20dcS0x31d	0x1ab0B0x1acfB0x1ae0B0x1af6B0x20dcB0x31d
0x1ac8S0x1acfS0x1ae0S0x1af6S0x20dcS0x31d	0x1ab0B0x1acfB0x1ae0B0x1af6B0x20dcB0x31d
0x1b18S0x35b	0x1b18B0x35b
0x1b1bS0x35b	0x1b18B0x35b
0x1b0bS0x35b	0x1b0aB0x35b
0x1b0dS0x35b	0x1b0aB0x35b
0x1b11S0x35b	0x1b0aB0x35b
0x1b12S0x35b	0x1b0aB0x35b
0x1b13S0x35b	0x1b0aB0x35b
0x1b14S0x35b	0x1b0aB0x35b
0x1b21S0x35b	0x1b20B0x35b
0x1b22S0x35b	0x1b20B0x35b
0x1b28S0x35b	0x1b20B0x35b
0x1b29S0x35b	0x1b20B0x35b
0x6442S0x35b	0x6441B0x35b
0x1b31S0x35b	0x1b2dB0x35b
0x1b33S0x35b	0x1b2dB0x35b
0x1b39S0x35b	0x1b2dB0x35b
0x1b3aS0x35b	0x1b2dB0x35b
0x1a72S0x1b20S0x35b	0x1a71B0x1b20B0x35b
0x1a74S0x1b20S0x35b	0x1a71B0x1b20B0x35b
0x1a77S0x1b20S0x35b	0x1a71B0x1b20B0x35b
0x1a7bS0x1b20S0x35b	0x1a71B0x1b20B0x35b
0x1a6bS0x1a71S0x1b20S0x35b	0x1a6bB0x1a71B0x1b20B0x35b
0x1a66S0x1a71S0x1b20S0x35b	0x1a64B0x1a71B0x1b20B0x35b
0x1a67S0x1a71S0x1b20S0x35b	0x1a64B0x1a71B0x1b20B0x35b
0x1a5cS0x1a71S0x1b20S0x35b	0x1a5bB0x1a71B0x1b20B0x35b
0x1a60S0x1a71S0x1b20S0x35b	0x1a5bB0x1a71B0x1b20B0x35b
0x1a2bS0x1a5bS0x1a71S0x1b20S0x35b	0x1a2aB0x1a5bB0x1a71B0x1b20B0x35b
0x1af7S0x1b2dS0x35b	0x1af6B0x1b2dB0x35b
0x1af9S0x1b2dS0x35b	0x1af6B0x1b2dB0x35b
0x1afcS0x1b2dS0x35b	0x1af6B0x1b2dB0x35b
0x1b00S0x1b2dS0x35b	0x1af6B0x1b2dB0x35b
0x1af0S0x1af6S0x1b2dS0x35b	0x1af0B0x1af6B0x1b2dB0x35b
0x1aebS0x1af6S0x1b2dS0x35b	0x1ae9B0x1af6B0x1b2dB0x35b
0x1aecS0x1af6S0x1b2dS0x35b	0x1ae9B0x1af6B0x1b2dB0x35b
0x1ae1S0x1af6S0x1b2dS0x35b	0x1ae0B0x1af6B0x1b2dB0x35b
0x1ae5S0x1af6S0x1b2dS0x35b	0x1ae0B0x1af6B0x1b2dB0x35b
0x1ad0S0x1ae0S0x1af6S0x1b2dS0x35b	0x1acfB0x1ae0B0x1af6B0x1b2dB0x35b
0x1ad1S0x1ae0S0x1af6S0x1b2dS0x35b	0x1acfB0x1ae0B0x1af6B0x1b2dB0x35b
0x1ad5S0x1ae0S0x1af6S0x1b2dS0x35b	0x1acfB0x1ae0B0x1af6B0x1b2dB0x35b
0x1ab1S0x1acfS0x1ae0S0x1af6S0x1b2dS0x35b	0x1ab0B0x1acfB0x1ae0B0x1af6B0x1b2dB0x35b
0x1ab2S0x1acfS0x1ae0S0x1af6S0x1b2dS0x35b	0x1ab0B0x1acfB0x1ae0B0x1af6B0x1b2dB0x35b
0x1ac8S0x1acfS0x1ae0S0x1af6S0x1b2dS0x35b	0x1ab0B0x1acfB0x1ae0B0x1af6B0x1b2dB0x35b
0x2086S0x3c1	0x2086B0x3c1
0x2089S0x3c1	0x2086B0x3c1
0x2078S0x3c1	0x2077B0x3c1
0x207aS0x3c1	0x2077B0x3c1
0x207bS0x3c1	0x2077B0x3c1
0x207fS0x3c1	0x2077B0x3c1
0x2080S0x3c1	0x2077B0x3c1
0x2081S0x3c1	0x2077B0x3c1
0x2082S0x3c1	0x2077B0x3c1
0x208fS0x3c1	0x208eB0x3c1
0x2090S0x3c1	0x208eB0x3c1
0x2096S0x3c1	0x208eB0x3c1
0x2097S0x3c1	0x208eB0x3c1
0x664fS0x3c1	0x664eB0x3c1
0x209fS0x3c1	0x209bB0x3c1
0x20a1S0x3c1	0x209bB0x3c1
0x20a7S0x3c1	0x209bB0x3c1
0x20a8S0x3c1	0x209bB0x3c1
0x20b0S0x3c1	0x20acB0x3c1
0x20b2S0x3c1	0x20acB0x3c1
0x20b8S0x3c1	0x20acB0x3c1
0x20b9S0x3c1	0x20acB0x3c1
0x1c73S0x20acS0x3c1	0x1c72B0x20acB0x3c1
0x1c75S0x20acS0x3c1	0x1c72B0x20acB0x3c1
0x1c78S0x20acS0x3c1	0x1c72B0x20acB0x3c1
0x1c7cS0x20acS0x3c1	0x1c72B0x20acB0x3c1
0x1c6cS0x1c72S0x20acS0x3c1	0x1c6cB0x1c72B0x20acB0x3c1
0x1c67S0x1c72S0x20acS0x3c1	0x1c65B0x1c72B0x20acB0x3c1
0x1c68S0x1c72S0x20acS0x3c1	0x1c65B0x1c72B0x20acB0x3c1
0x1c5dS0x1c72S0x20acS0x3c1	0x1c5cB0x1c72B0x20acB0x3c1
0x1c61S0x1c72S0x20acS0x3c1	0x1c5cB0x1c72B0x20acB0x3c1
0x1c54S0x1c5cS0x1c72S0x20acS0x3c1	0x1c53B0x1c5cB0x1c72B0x20acB0x3c1
0x1af7S0x208eS0x3c1	0x1af6B0x208eB0x3c1
0x1af9S0x208eS0x3c1	0x1af6B0x208eB0x3c1
0x1afcS0x208eS0x3c1	0x1af6B0x208eB0x3c1
0x1b00S0x208eS0x3c1	0x1af6B0x208eB0x3c1
0x1af0S0x1af6S0x208eS0x3c1	0x1af0B0x1af6B0x208eB0x3c1
0x1aebS0x1af6S0x208eS0x3c1	0x1ae9B0x1af6B0x208eB0x3c1
0x1aecS0x1af6S0x208eS0x3c1	0x1ae9B0x1af6B0x208eB0x3c1
0x1ae1S0x1af6S0x208eS0x3c1	0x1ae0B0x1af6B0x208eB0x3c1
0x1ae5S0x1af6S0x208eS0x3c1	0x1ae0B0x1af6B0x208eB0x3c1
0x1ad0S0x1ae0S0x1af6S0x208eS0x3c1	0x1acfB0x1ae0B0x1af6B0x208eB0x3c1
0x1ad1S0x1ae0S0x1af6S0x208eS0x3c1	0x1acfB0x1ae0B0x1af6B0x208eB0x3c1
0x1ad5S0x1ae0S0x1af6S0x208eS0x3c1	0x1acfB0x1ae0B0x1af6B0x208eB0x3c1
0x1ab1S0x1acfS0x1ae0S0x1af6S0x208eS0x3c1	0x1ab0B0x1acfB0x1ae0B0x1af6B0x208eB0x3c1
0x1ab2S0x1acfS0x1ae0S0x1af6S0x208eS0x3c1	0x1ab0B0x1acfB0x1ae0B0x1af6B0x208eB0x3c1
0x1ac8S0x1acfS0x1ae0S0x1af6S0x208eS0x3c1	0x1ab0B0x1acfB0x1ae0B0x1af6B0x208eB0x3c1
0x1af7S0x209bS0x3c1	0x1af6B0x209bB0x3c1
0x1af9S0x209bS0x3c1	0x1af6B0x209bB0x3c1
0x1afcS0x209bS0x3c1	0x1af6B0x209bB0x3c1
0x1b00S0x209bS0x3c1	0x1af6B0x209bB0x3c1
0x1af0S0x1af6S0x209bS0x3c1	0x1af0B0x1af6B0x209bB0x3c1
0x1aebS0x1af6S0x209bS0x3c1	0x1ae9B0x1af6B0x209bB0x3c1
0x1aecS0x1af6S0x209bS0x3c1	0x1ae9B0x1af6B0x209bB0x3c1
0x1ae1S0x1af6S0x209bS0x3c1	0x1ae0B0x1af6B0x209bB0x3c1
0x1ae5S0x1af6S0x209bS0x3c1	0x1ae0B0x1af6B0x209bB0x3c1
0x1ad0S0x1ae0S0x1af6S0x209bS0x3c1	0x1acfB0x1ae0B0x1af6B0x209bB0x3c1
0x1ad1S0x1ae0S0x1af6S0x209bS0x3c1	0x1acfB0x1ae0B0x1af6B0x209bB0x3c1
0x1ad5S0x1ae0S0x1af6S0x209bS0x3c1	0x1acfB0x1ae0B0x1af6B0x209bB0x3c1
0x1ab1S0x1acfS0x1ae0S0x1af6S0x209bS0x3c1	0x1ab0B0x1acfB0x1ae0B0x1af6B0x209bB0x3c1
0x1ab2S0x1acfS0x1ae0S0x1af6S0x209bS0x3c1	0x1ab0B0x1acfB0x1ae0B0x1af6B0x209bB0x3c1
0x1ac8S0x1acfS0x1ae0S0x1af6S0x209bS0x3c1	0x1ab0B0x1acfB0x1ae0B0x1af6B0x209bB0x3c1
0x1b18S0x426	0x1b18B0x426
0x1b1bS0x426	0x1b18B0x426
0x1b0bS0x426	0x1b0aB0x426
0x1b0dS0x426	0x1b0aB0x426
0x1b11S0x426	0x1b0aB0x426
0x1b12S0x426	0x1b0aB0x426
0x1b13S0x426	0x1b0aB0x426
0x1b14S0x426	0x1b0aB0x426
0x1b21S0x426	0x1b20B0x426
0x1b22S0x426	0x1b20B0x426
0x1b28S0x426	0x1b20B0x426
0x1b29S0x426	0x1b20B0x426
0x6442S0x426	0x6441B0x426
0x1b31S0x426	0x1b2dB0x426
0x1b33S0x426	0x1b2dB0x426
0x1b39S0x426	0x1b2dB0x426
0x1b3aS0x426	0x1b2dB0x426
0x1a72S0x1b20S0x426	0x1a71B0x1b20B0x426
0x1a74S0x1b20S0x426	0x1a71B0x1b20B0x426
0x1a77S0x1b20S0x426	0x1a71B0x1b20B0x426
0x1a7bS0x1b20S0x426	0x1a71B0x1b20B0x426
0x1a6bS0x1a71S0x1b20S0x426	0x1a6bB0x1a71B0x1b20B0x426
0x1a66S0x1a71S0x1b20S0x426	0x1a64B0x1a71B0x1b20B0x426
0x1a67S0x1a71S0x1b20S0x426	0x1a64B0x1a71B0x1b20B0x426
0x1a5cS0x1a71S0x1b20S0x426	0x1a5bB0x1a71B0x1b20B0x426
0x1a60S0x1a71S0x1b20S0x426	0x1a5bB0x1a71B0x1b20B0x426
0x1a2bS0x1a5bS0x1a71S0x1b20S0x426	0x1a2aB0x1a5bB0x1a71B0x1b20B0x426
0x1af7S0x1b2dS0x426	0x1af6B0x1b2dB0x426
0x1af9S0x1b2dS0x426	0x1af6B0x1b2dB0x426
0x1afcS0x1b2dS0x426	0x1af6B0x1b2dB0x426
0x1b00S0x1b2dS0x426	0x1af6B0x1b2dB0x426
0x1af0S0x1af6S0x1b2dS0x426	0x1af0B0x1af6B0x1b2dB0x426
0x1aebS0x1af6S0x1b2dS0x426	0x1ae9B0x1af6B0x1b2dB0x426
0x1aecS0x1af6S0x1b2dS0x426	0x1ae9B0x1af6B0x1b2dB0x426
0x1ae1S0x1af6S0x1b2dS0x426	0x1ae0B0x1af6B0x1b2dB0x426
0x1ae5S0x1af6S0x1b2dS0x426	0x1ae0B0x1af6B0x1b2dB0x426
0x1ad0S0x1ae0S0x1af6S0x1b2dS0x426	0x1acfB0x1ae0B0x1af6B0x1b2dB0x426
0x1ad1S0x1ae0S0x1af6S0x1b2dS0x426	0x1acfB0x1ae0B0x1af6B0x1b2dB0x426
0x1ad5S0x1ae0S0x1af6S0x1b2dS0x426	0x1acfB0x1ae0B0x1af6B0x1b2dB0x426
0x1ab1S0x1acfS0x1ae0S0x1af6S0x1b2dS0x426	0x1ab0B0x1acfB0x1ae0B0x1af6B0x1b2dB0x426
0x1ab2S0x1acfS0x1ae0S0x1af6S0x1b2dS0x426	0x1ab0B0x1acfB0x1ae0B0x1af6B0x1b2dB0x426
0x1ac8S0x1acfS0x1ae0S0x1af6S0x1b2dS0x426	0x1ab0B0x1acfB0x1ae0B0x1af6B0x1b2dB0x426
0x20d4S0x1087B0x3ff	0x20d4B0x1087B0x3ff
0x20d7S0x1087B0x3ff	0x20d4B0x1087B0x3ff
0x20c8S0x1087B0x3ff	0x20c7B0x1087B0x3ff
0x20c9S0x1087B0x3ff	0x20c7B0x1087B0x3ff
0x20cdS0x1087B0x3ff	0x20c7B0x1087B0x3ff
0x20ceS0x1087B0x3ff	0x20c7B0x1087B0x3ff
0x20cfS0x1087B0x3ff	0x20c7B0x1087B0x3ff
0x20d0S0x1087B0x3ff	0x20c7B0x1087B0x3ff
0x20ddS0x1087B0x3ff	0x20dcB0x1087B0x3ff
0x20deS0x1087B0x3ff	0x20dcB0x1087B0x3ff
0x20e4S0x1087B0x3ff	0x20dcB0x1087B0x3ff
0x20e5S0x1087B0x3ff	0x20dcB0x1087B0x3ff
0x6672S0x1087B0x3ff	0x6671B0x1087B0x3ff
0x1af7S0x20dcS0x1087B0x3ff	0x1af6B0x20dcB0x1087B0x3ff
0x1af9S0x20dcS0x1087B0x3ff	0x1af6B0x20dcB0x1087B0x3ff
0x1afcS0x20dcS0x1087B0x3ff	0x1af6B0x20dcB0x1087B0x3ff
0x1b00S0x20dcS0x1087B0x3ff	0x1af6B0x20dcB0x1087B0x3ff
0x1af0S0x1af6S0x20dcS0x1087B0x3ff	0x1af0B0x1af6B0x20dcB0x1087B0x3ff
0x1aebS0x1af6S0x20dcS0x1087B0x3ff	0x1ae9B0x1af6B0x20dcB0x1087B0x3ff
0x1aecS0x1af6S0x20dcS0x1087B0x3ff	0x1ae9B0x1af6B0x20dcB0x1087B0x3ff
0x1ae1S0x1af6S0x20dcS0x1087B0x3ff	0x1ae0B0x1af6B0x20dcB0x1087B0x3ff
0x1ae5S0x1af6S0x20dcS0x1087B0x3ff	0x1ae0B0x1af6B0x20dcB0x1087B0x3ff
0x1ad0S0x1ae0S0x1af6S0x20dcS0x1087B0x3ff	0x1acfB0x1ae0B0x1af6B0x20dcB0x1087B0x3ff
0x1ad1S0x1ae0S0x1af6S0x20dcS0x1087B0x3ff	0x1acfB0x1ae0B0x1af6B0x20dcB0x1087B0x3ff
0x1ad5S0x1ae0S0x1af6S0x20dcS0x1087B0x3ff	0x1acfB0x1ae0B0x1af6B0x20dcB0x1087B0x3ff
0x1ab1S0x1acfS0x1ae0S0x1af6S0x20dcS0x1087B0x3ff	0x1ab0B0x1acfB0x1ae0B0x1af6B0x20dcB0x1087B0x3ff
0x1ab2S0x1acfS0x1ae0S0x1af6S0x20dcS0x1087B0x3ff	0x1ab0B0x1acfB0x1ae0B0x1af6B0x20dcB0x1087B0x3ff
0x1ac8S0x1acfS0x1ae0S0x1af6S0x20dcS0x1087B0x3ff	0x1ab0B0x1acfB0x1ae0B0x1af6B0x20dcB0x1087B0x3ff
0x20d4S0x111cB0x3ff	0x20d4B0x111cB0x3ff
0x20d7S0x111cB0x3ff	0x20d4B0x111cB0x3ff
0x20c8S0x111cB0x3ff	0x20c7B0x111cB0x3ff
0x20c9S0x111cB0x3ff	0x20c7B0x111cB0x3ff
0x20cdS0x111cB0x3ff	0x20c7B0x111cB0x3ff
0x20ceS0x111cB0x3ff	0x20c7B0x111cB0x3ff
0x20cfS0x111cB0x3ff	0x20c7B0x111cB0x3ff
0x20d0S0x111cB0x3ff	0x20c7B0x111cB0x3ff
0x20ddS0x111cB0x3ff	0x20dcB0x111cB0x3ff
0x20deS0x111cB0x3ff	0x20dcB0x111cB0x3ff
0x20e4S0x111cB0x3ff	0x20dcB0x111cB0x3ff
0x20e5S0x111cB0x3ff	0x20dcB0x111cB0x3ff
0x6672S0x111cB0x3ff	0x6671B0x111cB0x3ff
0x1af7S0x20dcS0x111cB0x3ff	0x1af6B0x20dcB0x111cB0x3ff
0x1af9S0x20dcS0x111cB0x3ff	0x1af6B0x20dcB0x111cB0x3ff
0x1afcS0x20dcS0x111cB0x3ff	0x1af6B0x20dcB0x111cB0x3ff
0x1b00S0x20dcS0x111cB0x3ff	0x1af6B0x20dcB0x111cB0x3ff
0x1af0S0x1af6S0x20dcS0x111cB0x3ff	0x1af0B0x1af6B0x20dcB0x111cB0x3ff
0x1aebS0x1af6S0x20dcS0x111cB0x3ff	0x1ae9B0x1af6B0x20dcB0x111cB0x3ff
0x1aecS0x1af6S0x20dcS0x111cB0x3ff	0x1ae9B0x1af6B0x20dcB0x111cB0x3ff
0x1ae1S0x1af6S0x20dcS0x111cB0x3ff	0x1ae0B0x1af6B0x20dcB0x111cB0x3ff
0x1ae5S0x1af6S0x20dcS0x111cB0x3ff	0x1ae0B0x1af6B0x20dcB0x111cB0x3ff
0x1ad0S0x1ae0S0x1af6S0x20dcS0x111cB0x3ff	0x1acfB0x1ae0B0x1af6B0x20dcB0x111cB0x3ff
0x1ad1S0x1ae0S0x1af6S0x20dcS0x111cB0x3ff	0x1acfB0x1ae0B0x1af6B0x20dcB0x111cB0x3ff
0x1ad5S0x1ae0S0x1af6S0x20dcS0x111cB0x3ff	0x1acfB0x1ae0B0x1af6B0x20dcB0x111cB0x3ff
0x1ab1S0x1acfS0x1ae0S0x1af6S0x20dcS0x111cB0x3ff	0x1ab0B0x1acfB0x1ae0B0x1af6B0x20dcB0x111cB0x3ff
0x1ab2S0x1acfS0x1ae0S0x1af6S0x20dcS0x111cB0x3ff	0x1ab0B0x1acfB0x1ae0B0x1af6B0x20dcB0x111cB0x3ff
0x1ac8S0x1acfS0x1ae0S0x1af6S0x20dcS0x111cB0x3ff	0x1ab0B0x1acfB0x1ae0B0x1af6B0x20dcB0x111cB0x3ff
0x20d4S0x11baB0x3ff	0x20d4B0x11baB0x3ff
0x20d7S0x11baB0x3ff	0x20d4B0x11baB0x3ff
0x20c8S0x11baB0x3ff	0x20c7B0x11baB0x3ff
0x20c9S0x11baB0x3ff	0x20c7B0x11baB0x3ff
0x20cdS0x11baB0x3ff	0x20c7B0x11baB0x3ff
0x20ceS0x11baB0x3ff	0x20c7B0x11baB0x3ff
0x20cfS0x11baB0x3ff	0x20c7B0x11baB0x3ff
0x20d0S0x11baB0x3ff	0x20c7B0x11baB0x3ff
0x20ddS0x11baB0x3ff	0x20dcB0x11baB0x3ff
0x20deS0x11baB0x3ff	0x20dcB0x11baB0x3ff
0x20e4S0x11baB0x3ff	0x20dcB0x11baB0x3ff
0x20e5S0x11baB0x3ff	0x20dcB0x11baB0x3ff
0x6672S0x11baB0x3ff	0x6671B0x11baB0x3ff
0x1af7S0x20dcS0x11baB0x3ff	0x1af6B0x20dcB0x11baB0x3ff
0x1af9S0x20dcS0x11baB0x3ff	0x1af6B0x20dcB0x11baB0x3ff
0x1afcS0x20dcS0x11baB0x3ff	0x1af6B0x20dcB0x11baB0x3ff
0x1b00S0x20dcS0x11baB0x3ff	0x1af6B0x20dcB0x11baB0x3ff
0x1af0S0x1af6S0x20dcS0x11baB0x3ff	0x1af0B0x1af6B0x20dcB0x11baB0x3ff
0x1aebS0x1af6S0x20dcS0x11baB0x3ff	0x1ae9B0x1af6B0x20dcB0x11baB0x3ff
0x1aecS0x1af6S0x20dcS0x11baB0x3ff	0x1ae9B0x1af6B0x20dcB0x11baB0x3ff
0x1ae1S0x1af6S0x20dcS0x11baB0x3ff	0x1ae0B0x1af6B0x20dcB0x11baB0x3ff
0x1ae5S0x1af6S0x20dcS0x11baB0x3ff	0x1ae0B0x1af6B0x20dcB0x11baB0x3ff
0x1ad0S0x1ae0S0x1af6S0x20dcS0x11baB0x3ff	0x1acfB0x1ae0B0x1af6B0x20dcB0x11baB0x3ff
0x1ad1S0x1ae0S0x1af6S0x20dcS0x11baB0x3ff	0x1acfB0x1ae0B0x1af6B0x20dcB0x11baB0x3ff
0x1ad5S0x1ae0S0x1af6S0x20dcS0x11baB0x3ff	0x1acfB0x1ae0B0x1af6B0x20dcB0x11baB0x3ff
0x1ab1S0x1acfS0x1ae0S0x1af6S0x20dcS0x11baB0x3ff	0x1ab0B0x1acfB0x1ae0B0x1af6B0x20dcB0x11baB0x3ff
0x1ab2S0x1acfS0x1ae0S0x1af6S0x20dcS0x11baB0x3ff	0x1ab0B0x1acfB0x1ae0B0x1af6B0x20dcB0x11baB0x3ff
0x1ac8S0x1acfS0x1ae0S0x1af6S0x20dcS0x11baB0x3ff	0x1ab0B0x1acfB0x1ae0B0x1af6B0x20dcB0x11baB0x3ff
0x20d4S0x12ccB0x3ff	0x20d4B0x12ccB0x3ff
0x20d7S0x12ccB0x3ff	0x20d4B0x12ccB0x3ff
0x20c8S0x12ccB0x3ff	0x20c7B0x12ccB0x3ff
0x20c9S0x12ccB0x3ff	0x20c7B0x12ccB0x3ff
0x20cdS0x12ccB0x3ff	0x20c7B0x12ccB0x3ff
0x20ceS0x12ccB0x3ff	0x20c7B0x12ccB0x3ff
0x20cfS0x12ccB0x3ff	0x20c7B0x12ccB0x3ff
0x20d0S0x12ccB0x3ff	0x20c7B0x12ccB0x3ff
0x20ddS0x12ccB0x3ff	0x20dcB0x12ccB0x3ff
0x20deS0x12ccB0x3ff	0x20dcB0x12ccB0x3ff
0x20e4S0x12ccB0x3ff	0x20dcB0x12ccB0x3ff
0x20e5S0x12ccB0x3ff	0x20dcB0x12ccB0x3ff
0x6672S0x12ccB0x3ff	0x6671B0x12ccB0x3ff
0x1af7S0x20dcS0x12ccB0x3ff	0x1af6B0x20dcB0x12ccB0x3ff
0x1af9S0x20dcS0x12ccB0x3ff	0x1af6B0x20dcB0x12ccB0x3ff
0x1afcS0x20dcS0x12ccB0x3ff	0x1af6B0x20dcB0x12ccB0x3ff
0x1b00S0x20dcS0x12ccB0x3ff	0x1af6B0x20dcB0x12ccB0x3ff
0x1af0S0x1af6S0x20dcS0x12ccB0x3ff	0x1af0B0x1af6B0x20dcB0x12ccB0x3ff
0x1aebS0x1af6S0x20dcS0x12ccB0x3ff	0x1ae9B0x1af6B0x20dcB0x12ccB0x3ff
0x1aecS0x1af6S0x20dcS0x12ccB0x3ff	0x1ae9B0x1af6B0x20dcB0x12ccB0x3ff
0x1ae1S0x1af6S0x20dcS0x12ccB0x3ff	0x1ae0B0x1af6B0x20dcB0x12ccB0x3ff
0x1ae5S0x1af6S0x20dcS0x12ccB0x3ff	0x1ae0B0x1af6B0x20dcB0x12ccB0x3ff
0x1ad0S0x1ae0S0x1af6S0x20dcS0x12ccB0x3ff	0x1acfB0x1ae0B0x1af6B0x20dcB0x12ccB0x3ff
0x1ad1S0x1ae0S0x1af6S0x20dcS0x12ccB0x3ff	0x1acfB0x1ae0B0x1af6B0x20dcB0x12ccB0x3ff
0x1ad5S0x1ae0S0x1af6S0x20dcS0x12ccB0x3ff	0x1acfB0x1ae0B0x1af6B0x20dcB0x12ccB0x3ff
0x1ab1S0x1acfS0x1ae0S0x1af6S0x20dcS0x12ccB0x3ff	0x1ab0B0x1acfB0x1ae0B0x1af6B0x20dcB0x12ccB0x3ff
0x1ab2S0x1acfS0x1ae0S0x1af6S0x20dcS0x12ccB0x3ff	0x1ab0B0x1acfB0x1ae0B0x1af6B0x20dcB0x12ccB0x3ff
0x1ac8S0x1acfS0x1ae0S0x1af6S0x20dcS0x12ccB0x3ff	0x1ab0B0x1acfB0x1ae0B0x1af6B0x20dcB0x12ccB0x3ff
0x20d4S0x1087B0x917	0x20d4B0x1087B0x917
0x20d7S0x1087B0x917	0x20d4B0x1087B0x917
0x20c8S0x1087B0x917	0x20c7B0x1087B0x917
0x20c9S0x1087B0x917	0x20c7B0x1087B0x917
0x20cdS0x1087B0x917	0x20c7B0x1087B0x917
0x20ceS0x1087B0x917	0x20c7B0x1087B0x917
0x20cfS0x1087B0x917	0x20c7B0x1087B0x917
0x20d0S0x1087B0x917	0x20c7B0x1087B0x917
0x20ddS0x1087B0x917	0x20dcB0x1087B0x917
0x20deS0x1087B0x917	0x20dcB0x1087B0x917
0x20e4S0x1087B0x917	0x20dcB0x1087B0x917
0x20e5S0x1087B0x917	0x20dcB0x1087B0x917
0x6672S0x1087B0x917	0x6671B0x1087B0x917
0x1af7S0x20dcS0x1087B0x917	0x1af6B0x20dcB0x1087B0x917
0x1af9S0x20dcS0x1087B0x917	0x1af6B0x20dcB0x1087B0x917
0x1afcS0x20dcS0x1087B0x917	0x1af6B0x20dcB0x1087B0x917
0x1b00S0x20dcS0x1087B0x917	0x1af6B0x20dcB0x1087B0x917
0x1af0S0x1af6S0x20dcS0x1087B0x917	0x1af0B0x1af6B0x20dcB0x1087B0x917
0x1aebS0x1af6S0x20dcS0x1087B0x917	0x1ae9B0x1af6B0x20dcB0x1087B0x917
0x1aecS0x1af6S0x20dcS0x1087B0x917	0x1ae9B0x1af6B0x20dcB0x1087B0x917
0x1ae1S0x1af6S0x20dcS0x1087B0x917	0x1ae0B0x1af6B0x20dcB0x1087B0x917
0x1ae5S0x1af6S0x20dcS0x1087B0x917	0x1ae0B0x1af6B0x20dcB0x1087B0x917
0x1ad0S0x1ae0S0x1af6S0x20dcS0x1087B0x917	0x1acfB0x1ae0B0x1af6B0x20dcB0x1087B0x917
0x1ad1S0x1ae0S0x1af6S0x20dcS0x1087B0x917	0x1acfB0x1ae0B0x1af6B0x20dcB0x1087B0x917
0x1ad5S0x1ae0S0x1af6S0x20dcS0x1087B0x917	0x1acfB0x1ae0B0x1af6B0x20dcB0x1087B0x917
0x1ab1S0x1acfS0x1ae0S0x1af6S0x20dcS0x1087B0x917	0x1ab0B0x1acfB0x1ae0B0x1af6B0x20dcB0x1087B0x917
0x1ab2S0x1acfS0x1ae0S0x1af6S0x20dcS0x1087B0x917	0x1ab0B0x1acfB0x1ae0B0x1af6B0x20dcB0x1087B0x917
0x1ac8S0x1acfS0x1ae0S0x1af6S0x20dcS0x1087B0x917	0x1ab0B0x1acfB0x1ae0B0x1af6B0x20dcB0x1087B0x917
0x20d4S0x111cB0x917	0x20d4B0x111cB0x917
0x20d7S0x111cB0x917	0x20d4B0x111cB0x917
0x20c8S0x111cB0x917	0x20c7B0x111cB0x917
0x20c9S0x111cB0x917	0x20c7B0x111cB0x917
0x20cdS0x111cB0x917	0x20c7B0x111cB0x917
0x20ceS0x111cB0x917	0x20c7B0x111cB0x917
0x20cfS0x111cB0x917	0x20c7B0x111cB0x917
0x20d0S0x111cB0x917	0x20c7B0x111cB0x917
0x20ddS0x111cB0x917	0x20dcB0x111cB0x917
0x20deS0x111cB0x917	0x20dcB0x111cB0x917
0x20e4S0x111cB0x917	0x20dcB0x111cB0x917
0x20e5S0x111cB0x917	0x20dcB0x111cB0x917
0x6672S0x111cB0x917	0x6671B0x111cB0x917
0x1af7S0x20dcS0x111cB0x917	0x1af6B0x20dcB0x111cB0x917
0x1af9S0x20dcS0x111cB0x917	0x1af6B0x20dcB0x111cB0x917
0x1afcS0x20dcS0x111cB0x917	0x1af6B0x20dcB0x111cB0x917
0x1b00S0x20dcS0x111cB0x917	0x1af6B0x20dcB0x111cB0x917
0x1af0S0x1af6S0x20dcS0x111cB0x917	0x1af0B0x1af6B0x20dcB0x111cB0x917
0x1aebS0x1af6S0x20dcS0x111cB0x917	0x1ae9B0x1af6B0x20dcB0x111cB0x917
0x1aecS0x1af6S0x20dcS0x111cB0x917	0x1ae9B0x1af6B0x20dcB0x111cB0x917
0x1ae1S0x1af6S0x20dcS0x111cB0x917	0x1ae0B0x1af6B0x20dcB0x111cB0x917
0x1ae5S0x1af6S0x20dcS0x111cB0x917	0x1ae0B0x1af6B0x20dcB0x111cB0x917
0x1ad0S0x1ae0S0x1af6S0x20dcS0x111cB0x917	0x1acfB0x1ae0B0x1af6B0x20dcB0x111cB0x917
0x1ad1S0x1ae0S0x1af6S0x20dcS0x111cB0x917	0x1acfB0x1ae0B0x1af6B0x20dcB0x111cB0x917
0x1ad5S0x1ae0S0x1af6S0x20dcS0x111cB0x917	0x1acfB0x1ae0B0x1af6B0x20dcB0x111cB0x917
0x1ab1S0x1acfS0x1ae0S0x1af6S0x20dcS0x111cB0x917	0x1ab0B0x1acfB0x1ae0B0x1af6B0x20dcB0x111cB0x917
0x1ab2S0x1acfS0x1ae0S0x1af6S0x20dcS0x111cB0x917	0x1ab0B0x1acfB0x1ae0B0x1af6B0x20dcB0x111cB0x917
0x1ac8S0x1acfS0x1ae0S0x1af6S0x20dcS0x111cB0x917	0x1ab0B0x1acfB0x1ae0B0x1af6B0x20dcB0x111cB0x917
0x20d4S0x11baB0x917	0x20d4B0x11baB0x917
0x20d7S0x11baB0x917	0x20d4B0x11baB0x917
0x20c8S0x11baB0x917	0x20c7B0x11baB0x917
0x20c9S0x11baB0x917	0x20c7B0x11baB0x917
0x20cdS0x11baB0x917	0x20c7B0x11baB0x917
0x20ceS0x11baB0x917	0x20c7B0x11baB0x917
0x20cfS0x11baB0x917	0x20c7B0x11baB0x917
0x20d0S0x11baB0x917	0x20c7B0x11baB0x917
0x20ddS0x11baB0x917	0x20dcB0x11baB0x917
0x20deS0x11baB0x917	0x20dcB0x11baB0x917
0x20e4S0x11baB0x917	0x20dcB0x11baB0x917
0x20e5S0x11baB0x917	0x20dcB0x11baB0x917
0x6672S0x11baB0x917	0x6671B0x11baB0x917
0x1af7S0x20dcS0x11baB0x917	0x1af6B0x20dcB0x11baB0x917
0x1af9S0x20dcS0x11baB0x917	0x1af6B0x20dcB0x11baB0x917
0x1afcS0x20dcS0x11baB0x917	0x1af6B0x20dcB0x11baB0x917
0x1b00S0x20dcS0x11baB0x917	0x1af6B0x20dcB0x11baB0x917
0x1af0S0x1af6S0x20dcS0x11baB0x917	0x1af0B0x1af6B0x20dcB0x11baB0x917
0x1aebS0x1af6S0x20dcS0x11baB0x917	0x1ae9B0x1af6B0x20dcB0x11baB0x917
0x1aecS0x1af6S0x20dcS0x11baB0x917	0x1ae9B0x1af6B0x20dcB0x11baB0x917
0x1ae1S0x1af6S0x20dcS0x11baB0x917	0x1ae0B0x1af6B0x20dcB0x11baB0x917
0x1ae5S0x1af6S0x20dcS0x11baB0x917	0x1ae0B0x1af6B0x20dcB0x11baB0x917
0x1ad0S0x1ae0S0x1af6S0x20dcS0x11baB0x917	0x1acfB0x1ae0B0x1af6B0x20dcB0x11baB0x917
0x1ad1S0x1ae0S0x1af6S0x20dcS0x11baB0x917	0x1acfB0x1ae0B0x1af6B0x20dcB0x11baB0x917
0x1ad5S0x1ae0S0x1af6S0x20dcS0x11baB0x917	0x1acfB0x1ae0B0x1af6B0x20dcB0x11baB0x917
0x1ab1S0x1acfS0x1ae0S0x1af6S0x20dcS0x11baB0x917	0x1ab0B0x1acfB0x1ae0B0x1af6B0x20dcB0x11baB0x917
0x1ab2S0x1acfS0x1ae0S0x1af6S0x20dcS0x11baB0x917	0x1ab0B0x1acfB0x1ae0B0x1af6B0x20dcB0x11baB0x917
0x1ac8S0x1acfS0x1ae0S0x1af6S0x20dcS0x11baB0x917	0x1ab0B0x1acfB0x1ae0B0x1af6B0x20dcB0x11baB0x917
0x20d4S0x12ccB0x917	0x20d4B0x12ccB0x917
0x20d7S0x12ccB0x917	0x20d4B0x12ccB0x917
0x20c8S0x12ccB0x917	0x20c7B0x12ccB0x917
0x20c9S0x12ccB0x917	0x20c7B0x12ccB0x917
0x20cdS0x12ccB0x917	0x20c7B0x12ccB0x917
0x20ceS0x12ccB0x917	0x20c7B0x12ccB0x917
0x20cfS0x12ccB0x917	0x20c7B0x12ccB0x917
0x20d0S0x12ccB0x917	0x20c7B0x12ccB0x917
0x20ddS0x12ccB0x917	0x20dcB0x12ccB0x917
0x20deS0x12ccB0x917	0x20dcB0x12ccB0x917
0x20e4S0x12ccB0x917	0x20dcB0x12ccB0x917
0x20e5S0x12ccB0x917	0x20dcB0x12ccB0x917
0x6672S0x12ccB0x917	0x6671B0x12ccB0x917
0x1af7S0x20dcS0x12ccB0x917	0x1af6B0x20dcB0x12ccB0x917
0x1af9S0x20dcS0x12ccB0x917	0x1af6B0x20dcB0x12ccB0x917
0x1afcS0x20dcS0x12ccB0x917	0x1af6B0x20dcB0x12ccB0x917
0x1b00S0x20dcS0x12ccB0x917	0x1af6B0x20dcB0x12ccB0x917
0x1af0S0x1af6S0x20dcS0x12ccB0x917	0x1af0B0x1af6B0x20dcB0x12ccB0x917
0x1aebS0x1af6S0x20dcS0x12ccB0x917	0x1ae9B0x1af6B0x20dcB0x12ccB0x917
0x1aecS0x1af6S0x20dcS0x12ccB0x917	0x1ae9B0x1af6B0x20dcB0x12ccB0x917
0x1ae1S0x1af6S0x20dcS0x12ccB0x917	0x1ae0B0x1af6B0x20dcB0x12ccB0x917
0x1ae5S0x1af6S0x20dcS0x12ccB0x917	0x1ae0B0x1af6B0x20dcB0x12ccB0x917
0x1ad0S0x1ae0S0x1af6S0x20dcS0x12ccB0x917	0x1acfB0x1ae0B0x1af6B0x20dcB0x12ccB0x917
0x1ad1S0x1ae0S0x1af6S0x20dcS0x12ccB0x917	0x1acfB0x1ae0B0x1af6B0x20dcB0x12ccB0x917
0x1ad5S0x1ae0S0x1af6S0x20dcS0x12ccB0x917	0x1acfB0x1ae0B0x1af6B0x20dcB0x12ccB0x917
0x1ab1S0x1acfS0x1ae0S0x1af6S0x20dcS0x12ccB0x917	0x1ab0B0x1acfB0x1ae0B0x1af6B0x20dcB0x12ccB0x917
0x1ab2S0x1acfS0x1ae0S0x1af6S0x20dcS0x12ccB0x917	0x1ab0B0x1acfB0x1ae0B0x1af6B0x20dcB0x12ccB0x917
0x1ac8S0x1acfS0x1ae0S0x1af6S0x20dcS0x12ccB0x917	0x1ab0B0x1acfB0x1ae0B0x1af6B0x20dcB0x12ccB0x917
0x1d9	0x1c4
0x201	0x1ec
0x370	0x35b
0x43b	0x426
0x23f	0x22a
0x27c	0x267
0x2ce	0x2b9
0x3d6	0x3c1
0x2f6	0x2e1
0x332	0x31d
0x109bS0x3ff	0x1087B0x3ff
0x1130S0x3ff	0x111cB0x3ff
0x11ceS0x3ff	0x11baB0x3ff
0x12e0S0x3ff	0x12ccB0x3ff
0x109bS0x917	0x1087B0x917
0x1130S0x917	0x111cB0x917
0x11ceS0x917	0x11baB0x917
0x12e0S0x917	0x12ccB0x917
0x403	0x3ff
0x92c	0x917
0x19d	0x188
0x252	0x245
0x411	0x404
0x722	0x6fa
0x74f	0x723
0xb98	0xb5c
0xdda	0xda0
0xe1a	0xdf7
0x1716	0x170a
0x18d3	0x18c7
0x1857	0x17a6
0x137	0x122
0x149	0x13d
0x2a4	0x298
0x382	0x376
0x173	0x167
0x1af	0x1a3
0x3ac	0x3a0
0x308	0x2fc
0x916	0x8ba
0xa99	0xa53
0xc22	0xbc2
0xeb6	0xe5a
0x7b1	0x777
0x3fe	0x3e9
0x638	0x608
0x842	0x812
0x8b0	0x880
0x9c3	0x993
0xa06	0x9d6
0xb52	0xb22
0xd96	0xd66
0xe50	0xe20
0x13c	0x138
0x1a2	0x19e
0x504	0x4fc
0x1450	0x1448
0x297	0x28f
0x375	0x371
0x14f1	0x14e7
0x15e1	0x15d7
0x1562	0x14f7
0x1652	0x15e8
0x1709	0x16c8
0x18c6	0x1885
0x2278	0x226f
0x6d0	0x69d
0x1de	0x1da
0x206	0x202
0x21c	0x214
0x337	0x333
0x34d	0x345
0x440	0x43c
0x50d	0x505
0x5a4	0x599
0x5ba	0x5b0
0x5c2	0x5bb
0x93a	0x92d
0x952	0x94b
0x95e	0x953
0xac3	0xabc
0xaed	0xac4
0xc51	0xc46
0xc7b	0xc52
0xc8b	0xc80
0xd07	0xd00
0xd31	0xd08
0x1459	0x1451
0x16c7	0x16c0
0x1884	0x187d
0x268d	0x2682
0x269d	0x268e
0x6749	0x6748
0x674d	0x674b
0x6750	0x674e
0x6753	0x6751
0x6756	0x6754
0x6759	0x6757
0x675c	0x675a
0x675f	0x675d
0x6762	0x6760
0x6765	0x6763
0x6768	0x6766
0x676b	0x6769
0x676e	0x676c
0x6771	0x676f
0x6774	0x6772
0x6777	0x6775
0x677a	0x6778
0x677d	0x677b
0x6780	0x677e
0x62	0x5f
0x93	0x90
0xda	0xd7
0x10b	0x108
0x166	0x15e
0x281	0x27d
0x2d3	0x2cf
0x2fb	0x2f7
0x39f	0x397
0x3db	0x3d7
0x4df	0x4bc
0x5ac	0x5a5
0x68e	0x642
0x69c	0x68f
0x776	0x750
0xaa6	0xa9a
0xc30	0xc23
0xc45	0xc31
0xc93	0xc8c
0xcff	0xcfa
0xec4	0xeb7
0x15c5	0x1563
0x16b5	0x1653
0x1720	0x1717
0x1872	0x1858
0x18dd	0x18d4
0x22a9	0x22a3
0x22b5	0x22ab
0x260d	0x2604
0x2635	0x260e
0x2641	0x2636
0x264c	0x2642
0x2657	0x264d
0x2681	0x2678
0x26ad	0x269e
0xc	0x0
0x1c	0xd
0x27	0x1d
0x9f	0x94
0x111	0x10c
0x11e	0x117
0x15a	0x153
0x184	0x17d
0x1c0	0x1b9
0x1e8	0x1e1
0x210	0x209
0x226	0x21f
0x263	0x25c
0x28b	0x284
0x2b5	0x2ae
0x2dd	0x2d6
0x319	0x312
0x341	0x33a
0x357	0x350
0x393	0x38c
0x3bd	0x3b6
0x3e5	0x3de
0x422	0x41b
0x607	0x5c3
0x7ca	0x7b2
0x811	0x7d2
0x87f	0x84c
0x992	0x95f
0x9d5	0x9cd
0xa4b	0xa10
0xb21	0xaee
0xbac	0xb99
0xbba	0xbb0
0xd65	0xd32
0xdef	0xddb
0xe1f	0xe1b
0x14f6	0x14f2
0x15e7	0x15e2
0x176b	0x1762
0x22a2	0x2279
0x6725	0x28
0x6727	0x33
0x6729	0x3e
0x672b	0x49
0x672d	0x54
0x672f	0x63
0x6731	0x6f
0x6733	0x7a
0x6735	0x85
0x6737	0xa0
0x6739	0xab
0x673b	0xb6
0x673d	0xc1
0x673f	0xcc
0x6741	0xdb
0x6743	0xe7
0x6745	0xf2
0x6747	0xfd
0x51d	0x518
0x5af	0x5ad
0x94a	0x93b
0xc7f	0xc7c
0xc96	0xc94
0x1469	0x1464
0x15cf	0x15ca
0x16bf	0x16ba
0x17a5	0x179d
0x242d	0x2425
0x171f	0x1717
0x18dc	0x18d4
0xaa2	0xa9a
0x91f	0x917
0xc2b	0xc23
0xebf	0xeb7
0x15bd	0x1563
0x16ad	0x1653
0x112	0x674a
0x1e0	0x1df
0x208	0x207
0x21e	0x21d
0x283	0x282
0x2d5	0x2d4
0x339	0x338
0x34f	0x34e
0x3dd	0x3dc
0x442	0x441
0x152	0x14a
0x17c	0x174
0x1b8	0x1b0
0x25b	0x253
0x2ad	0x2a5
0x311	0x309
0x38b	0x383
0x3b5	0x3ad
0x41a	0x412
0x121	0x11f
0x15d	0x15b
0x187	0x185
0x1c3	0x1c1
0x1eb	0x1e9
0x213	0x211
0x229	0x227
0x266	0x264
0x28e	0x28c
0x2b8	0x2b6
0x2e0	0x2de
0x31c	0x31a
0x344	0x342
0x35a	0x358
0x396	0x394
0x3c0	0x3be
0x3e8	0x3e6
0x425	0x423
0x641	0x639
0x7d1	0x7cb
0x84b	0x843
0x8b9	0x8b1
0x9cc	0x9c4
0xa0f	0xa07
0xa52	0xa4c
0xb5b	0xb53
0xbaf	0xbad
0xbc1	0xbbb
0xd9f	0xd97
0xdf6	0xdf0
0xe59	0xe51
0x179c	0x176c
0x226e	0x2242
0x5e43	0x5e40
0x5e66	0x5e63
0x5e89	0x5e86
0x5eac	0x5ea9
0x5ecf	0x5ecc
0x5f5	0x5c3
0x5fb	0x5c3
0x62d	0x608
0x674	0x642
0x67a	0x642
0x6dc	0x6d1
0x6e0	0x6d1
0x705	0x6fa
0x709	0x6fa
0x72e	0x723
0x732	0x723
0x75b	0x750
0x75f	0x750
0x782	0x777
0x786	0x777
0x79c	0x777
0x7a2	0x777
0x837	0x812
0x8a5	0x880
0x9b8	0x993
0x9fb	0x9d6
0xb47	0xb22
0xb8a	0xb5c
0xc36	0xc31
0xc39	0xc31
0xd8b	0xd66
0xdcd	0xda0
0xe0d	0xdf7
0xe45	0xe20
0x14fd	0x14f7
0x1503	0x14f7
0x153a	0x14f7
0x1540	0x14f7
0x15ed	0x15e8
0x15f3	0x15e8
0x162a	0x15e8
0x1630	0x15e8
0x1791	0x176c
0x17d2	0x17a6
0x17d7	0x17a6
0x17fd	0x17a6
0x180f	0x17a6
0x1814	0x17a6
0x183a	0x17a6
0x1863	0x1858
0x1867	0x1858
0x2265	0x2242
0x226a	0x2242
0x241a	0x240c
0x2633	0x260e
0x693	0x68f
0x155a	0x14f7
0x164a	0x15e8
0x16e0	0x16c8
0x17a3	0x179d
0x189d	0x1885
0x7ce	0x7cb
0xa4f	0xa4c
0xbbe	0xbbb
0xdf3	0xdf0
0x15d6S0x14f7	0x15d0B0x14f7
0x15d6S0x15e8	0x15d0B0x15e8
0x4aaS0x138	0x443B0x138
0x4bbS0x138	0x4b5B0x138
0x14d2S0x138	0x146aB0x138
0x4b3S0x138	0x4abB0x138
0x4fbS0x19e	0x4e0B0x19e
0x4e6S0x19e	0x4e0B0x19e
0x4ecS0x19e	0x4e0B0x19e
0x4fbS0x4fc	0x4e0B0x4fc
0x4e6S0x4fc	0x4e0B0x4fc
0x4ecS0x4fc	0x4e0B0x4fc
0xabbS0x28f	0xaa7B0x28f
0xcf9S0x371	0xc97B0x371
0xc9dS0x371	0xc97B0x371
0xca3S0x371	0xc97B0x371
0xcdaS0x371	0xc97B0x371
0xce0S0x371	0xc97B0x371
0x4fbS0x1448	0x4e0B0x1448
0x4e6S0x1448	0x4e0B0x1448
0x4ecS0x1448	0x4e0B0x1448
0xcf9S0x14e7	0xc97B0x14e7
0xc9dS0x14e7	0xc97B0x14e7
0xca3S0x14e7	0xc97B0x14e7
0xcdaS0x14e7	0xc97B0x14e7
0xce0S0x14e7	0xc97B0x14e7
0xcf9S0x15d7	0xc97B0x15d7
0xc9dS0x15d7	0xc97B0x15d7
0xca3S0x15d7	0xc97B0x15d7
0xcdaS0x15d7	0xc97B0x15d7
0xce0S0x15d7	0xc97B0x15d7
0x1c5bS0x226f	0x1c53B0x226f
0x230fS0x69d	0x2309B0x69d
0x2346S0x69d	0x232eB0x69d
0x233cS0x69d	0x232eB0x69d
0x2308S0x69d	0x22deB0x69d
0x22c5S0x69d	0x22b6B0x69d
0x22baS0x69d	0x22b6B0x69d
0x2321S0x69d	0x2311B0x69d
0x22c9S0x69d	0x22c6B0x69d
0x232dS0x69d	0x2322B0x69d
0x22d2S0x69d	0x22caB0x69d
0x22ceS0x69d	0x22caB0x69d
0x234fS0x69d	0x2347B0x69d
0x22ddS0x69d	0x22d3B0x69d
0x187cS0x92d	0x1873B0x92d
0x187aS0x92d	0x1873B0x92d
0x15d6S0x16c8	0x15d0B0x16c8
0x15d6S0x1885	0x15d0B0x1885
0x223aS0x608	0x2224B0x608
0x2232S0x608	0x2224B0x608
0x2218S0x608	0x220eB0x608
0x2223S0x608	0x2219B0x608
0x2201S0x608	0x21daB0x608
0x21ffS0x608	0x21daB0x608
0x2241S0x608	0x223bB0x608
0x220dS0x608	0x2202B0x608
0x21d9S0x2202S0x608	0x21caB0x2202B0x608
0x21ceS0x2202S0x608	0x21caB0x2202B0x608
0x2760S0x812	0x274aB0x812
0x2758S0x812	0x274aB0x812
0x273eS0x812	0x2734B0x812
0x2749S0x812	0x273fB0x812
0x2727S0x812	0x2700B0x812
0x2725S0x812	0x2700B0x812
0x2767S0x812	0x2761B0x812
0x2733S0x812	0x2728B0x812
0x21d9S0x2728S0x812	0x21caB0x2728B0x812
0x21ceS0x2728S0x812	0x21caB0x2728B0x812
0x27c8S0x880	0x27b2B0x880
0x27c0S0x880	0x27b2B0x880
0x27a6S0x880	0x279cB0x880
0x27b1S0x880	0x27a7B0x880
0x278fS0x880	0x2768B0x880
0x278dS0x880	0x2768B0x880
0x27cfS0x880	0x27c9B0x880
0x279bS0x880	0x2790B0x880
0x21d9S0x2790S0x880	0x21caB0x2790B0x880
0x21ceS0x2790S0x880	0x21caB0x2790B0x880
0x2830S0x993	0x281aB0x993
0x2828S0x993	0x281aB0x993
0x280eS0x993	0x2804B0x993
0x2819S0x993	0x280fB0x993
0x27f7S0x993	0x27d0B0x993
0x27f5S0x993	0x27d0B0x993
0x2837S0x993	0x2831B0x993
0x2803S0x993	0x27f8B0x993
0x21d9S0x27f8S0x993	0x21caB0x27f8B0x993
0x21ceS0x27f8S0x993	0x21caB0x27f8B0x993
0x2898S0x9d6	0x2882B0x9d6
0x2890S0x9d6	0x2882B0x9d6
0x2876S0x9d6	0x286cB0x9d6
0x2881S0x9d6	0x2877B0x9d6
0x285fS0x9d6	0x2838B0x9d6
0x285dS0x9d6	0x2838B0x9d6
0x289fS0x9d6	0x2899B0x9d6
0x286bS0x9d6	0x2860B0x9d6
0x21d9S0x2860S0x9d6	0x21caB0x2860B0x9d6
0x21ceS0x2860S0x9d6	0x21caB0x2860B0x9d6
0x2900S0xb22	0x28eaB0xb22
0x28f8S0xb22	0x28eaB0xb22
0x28deS0xb22	0x28d4B0xb22
0x28e9S0xb22	0x28dfB0xb22
0x28c7S0xb22	0x28a0B0xb22
0x28c5S0xb22	0x28a0B0xb22
0x2907S0xb22	0x2901B0xb22
0x28d3S0xb22	0x28c8B0xb22
0x21d9S0x28c8S0xb22	0x21caB0x28c8B0xb22
0x21ceS0x28c8S0xb22	0x21caB0x28c8B0xb22
0x2900S0xd66	0x28eaB0xd66
0x28f8S0xd66	0x28eaB0xd66
0x28deS0xd66	0x28d4B0xd66
0x28e9S0xd66	0x28dfB0xd66
0x28c7S0xd66	0x28a0B0xd66
0x28c5S0xd66	0x28a0B0xd66
0x2907S0xd66	0x2901B0xd66
0x28d3S0xd66	0x28c8B0xd66
0x21d9S0x28c8S0xd66	0x21caB0x28c8B0xd66
0x21ceS0x28c8S0xd66	0x21caB0x28c8B0xd66
0x2a19S0xe20	0x2a03B0xe20
0x2a11S0xe20	0x2a03B0xe20
0x29f7S0xe20	0x29edB0xe20
0x2a02S0xe20	0x29f8B0xe20
0x29e0S0xe20	0x29b9B0xe20
0x29deS0xe20	0x29b9B0xe20
0x2a20S0xe20	0x2a1aB0xe20
0x29ecS0xe20	0x29e1B0xe20
0x21d9S0x29e1S0xe20	0x21caB0x29e1B0xe20
0x21ceS0x29e1S0xe20	0x21caB0x29e1B0xe20
0x175fS0x5b0	0x172fB0x5b0
0x1754S0x5b0	0x172fB0x5b0
0x1728S0x5b0	0x1721B0x5b0
0x172eS0x5b0	0x1729B0x5b0
0x1761S0x5b0	0x1760B0x5b0
0xabbS0x1721S0x5b0	0xaa7B0x1721B0x5b0
0x175fS0x94b	0x172fB0x94b
0x1754S0x94b	0x172fB0x94b
0x1728S0x94b	0x1721B0x94b
0x172eS0x94b	0x1729B0x94b
0x1761S0x94b	0x1760B0x94b
0xabbS0x1721S0x94b	0xaa7B0x1721B0x94b
0x175fS0xabc	0x172fB0xabc
0x1754S0xabc	0x172fB0xabc
0x1728S0xabc	0x1721B0xabc
0x172eS0xabc	0x1729B0xabc
0x1761S0xabc	0x1760B0xabc
0xabbS0x1721S0xabc	0xaa7B0x1721B0xabc
0x175fS0xd00	0x172fB0xd00
0x1754S0xd00	0x172fB0xd00
0x1728S0xd00	0x1721B0xd00
0x172eS0xd00	0x1729B0xd00
0x1761S0xd00	0x1760B0xd00
0xabbS0x1721S0xd00	0xaa7B0x1721B0xd00
0x2132S0x3e9	0x212cB0x3e9
0x214fS0x3e9	0x2149B0x3e9
0x217eS0x3e9	0x2178B0x3e9
0x21adS0x3e9	0x21a7B0x3e9
0x212bS0x3e9	0x211aB0x3e9
0x2148S0x3e9	0x2134B0x3e9
0x6697S0x3e9	0x6694B0x3e9
0x215cS0x3e9	0x2151B0x3e9
0x66baS0x3e9	0x66b7B0x3e9
0x2177S0x3e9	0x215dB0x3e9
0x218bS0x3e9	0x2180B0x3e9
0x66ddS0x3e9	0x66daB0x3e9
0x21a6S0x3e9	0x218cB0x3e9
0x21baS0x3e9	0x21afB0x3e9
0x6700S0x3e9	0x66fdB0x3e9
0x21c9S0x3e9	0x21bbB0x3e9
0x1b67S0x2151S0x3e9	0x1b61B0x2151B0x3e9
0x1b84S0x2151S0x3e9	0x1b7eB0x2151B0x3e9
0x1ba0S0x2151S0x3e9	0x1b9aB0x2151B0x3e9
0x1b7dS0x2151S0x3e9	0x1b69B0x2151B0x3e9
0x6467S0x2151S0x3e9	0x6464B0x2151B0x3e9
0x1b99S0x2151S0x3e9	0x1b86B0x2151B0x3e9
0x648aS0x2151S0x3e9	0x6487B0x2151B0x3e9
0x1ba8S0x2151S0x3e9	0x1ba2B0x2151B0x3e9
0x64adS0x2151S0x3e9	0x64aaB0x2151B0x3e9
0x1b60S0x2151S0x3e9	0x1b54B0x2151B0x3e9
0x1bbcS0x2180S0x3e9	0x1bb6B0x2180B0x3e9
0x1bd9S0x2180S0x3e9	0x1bd3B0x2180B0x3e9
0x1bf5S0x2180S0x3e9	0x1befB0x2180B0x3e9
0x1bd2S0x2180S0x3e9	0x1bbeB0x2180B0x3e9
0x64d0S0x2180S0x3e9	0x64cdB0x2180B0x3e9
0x1beeS0x2180S0x3e9	0x1bdbB0x2180B0x3e9
0x64f3S0x2180S0x3e9	0x64f0B0x2180B0x3e9
0x1bfdS0x2180S0x3e9	0x1bf7B0x2180B0x3e9
0x6516S0x2180S0x3e9	0x6513B0x2180B0x3e9
0x1bb5S0x2180S0x3e9	0x1ba9B0x2180B0x3e9
0x1c11S0x21afS0x3e9	0x1c0bB0x21afB0x3e9
0x1c2eS0x21afS0x3e9	0x1c28B0x21afB0x3e9
0x1c4aS0x21afS0x3e9	0x1c44B0x21afB0x3e9
0x1c27S0x21afS0x3e9	0x1c13B0x21afB0x3e9
0x6539S0x21afS0x3e9	0x6536B0x21afB0x3e9
0x1c43S0x21afS0x3e9	0x1c30B0x21afB0x3e9
0x655cS0x21afS0x3e9	0x6559B0x21afB0x3e9
0x1c52S0x21afS0x3e9	0x1c4cB0x21afB0x3e9
0x657fS0x21afS0x3e9	0x657cB0x21afB0x3e9
0x1c0aS0x21afS0x3e9	0x1bfeB0x21afB0x3e9
0x196cS0x16c0	0x193cB0x16c0
0x1961S0x16c0	0x193cB0x16c0
0x1936S0x16c0	0x192fB0x16c0
0x193bS0x16c0	0x1937B0x16c0
0x196eS0x16c0	0x196dB0x16c0
0xabbS0x192fS0x16c0	0xaa7B0x192fB0x16c0
0x175fS0x187d	0x172fB0x187d
0x1754S0x187d	0x172fB0x187d
0x1728S0x187d	0x1721B0x187d
0x172eS0x187d	0x1729B0x187d
0x1761S0x187d	0x1760B0x187d
0xabbS0x1721S0x187d	0xaa7B0x1721B0x187d
0x2677S0x2682	0x2672B0x2682
0x2674S0x2682	0x2672B0x2682
0x2671S0x2682	0x266dB0x2682
0x2660S0x2682	0x2658B0x2682
0x266cS0x2682	0x2661B0x2682
0x1a32S0x2661S0x2682	0x1a2aB0x2661B0x2682
0x2677S0x268e	0x2672B0x268e
0x2674S0x268e	0x2672B0x268e
0x2671S0x268e	0x266dB0x268e
0x2660S0x268e	0x2658B0x268e
0x266cS0x268e	0x2661B0x268e
0x1a32S0x2661S0x268e	0x1a2aB0x2661B0x268e
0x19dfS0x122	0x19d9B0x122
0x19d8S0x122	0x19ccB0x122
0x19edS0x122	0x19e1B0x122
0x63feS0x122	0x63fbB0x122
0x19f6S0x122	0x19eeB0x122
0x19cbS0x19e1S0x122	0x19c6B0x19e1B0x122
0x19c5S0x19e1S0x122	0x19b8B0x19e1B0x122
0x19b4S0x19b8S0x19e1S0x122	0x19b2B0x19b8B0x19e1B0x122
0x19b1S0x19b8S0x19e1S0x122	0x19abB0x19b8B0x19e1B0x122
0x19a1S0x19b8S0x19e1S0x122	0x1977B0x19b8B0x19e1B0x122
0x19b7S0x19b8S0x19e1S0x122	0x19b5B0x19b8B0x19e1B0x122
0x19aaS0x19b8S0x19e1S0x122	0x19a2B0x19b8B0x19e1B0x122
0x1a23S0x13d	0x1a11B0x13d
0x1a29S0x13d	0x1a24B0x13d
0x1a10S0x1a11S0x13d	0x1a0bB0x1a11B0x13d
0x1a0dS0x1a11S0x13d	0x1a0bB0x1a11B0x13d
0x1a0aS0x1a11S0x13d	0x1a02B0x1a11B0x13d
0x1a01S0x1a02S0x1a11S0x13d	0x19f7B0x1a02B0x1a11B0x13d
0x1a54S0x167	0x1a42B0x167
0x1a5aS0x167	0x1a55B0x167
0x1a41S0x1a42S0x167	0x1a3cB0x1a42B0x167
0x1a3eS0x1a42S0x167	0x1a3cB0x1a42B0x167
0x1a3bS0x1a42S0x167	0x1a33B0x1a42B0x167
0x1a32S0x1a33S0x1a42S0x167	0x1a2aB0x1a33B0x1a42B0x167
0x1a54S0x1a3	0x1a42B0x1a3
0x1a5aS0x1a3	0x1a55B0x1a3
0x1a41S0x1a42S0x1a3	0x1a3cB0x1a42B0x1a3
0x1a3eS0x1a42S0x1a3	0x1a3cB0x1a42B0x1a3
0x1a3bS0x1a42S0x1a3	0x1a33B0x1a42B0x1a3
0x1a32S0x1a33S0x1a42S0x1a3	0x1a2aB0x1a33B0x1a42B0x1a3
0x1a23S0x298	0x1a11B0x298
0x1a29S0x298	0x1a24B0x298
0x1a10S0x1a11S0x298	0x1a0bB0x1a11B0x298
0x1a0dS0x1a11S0x298	0x1a0bB0x1a11B0x298
0x1a0aS0x1a11S0x298	0x1a02B0x1a11B0x298
0x1a01S0x1a02S0x1a11S0x298	0x19f7B0x1a02B0x1a11B0x298
0x2113S0x2fc	0x2101B0x2fc
0x2119S0x2fc	0x2114B0x2fc
0x2100S0x2101S0x2fc	0x20fbB0x2101B0x2fc
0x20fdS0x2101S0x2fc	0x20fbB0x2101B0x2fc
0x20faS0x2101S0x2fc	0x20f2B0x2101B0x2fc
0x1c5bS0x20f2S0x2101S0x2fc	0x1c53B0x20f2B0x2101B0x2fc
0x1a23S0x376	0x1a11B0x376
0x1a29S0x376	0x1a24B0x376
0x1a10S0x1a11S0x376	0x1a0bB0x1a11B0x376
0x1a0dS0x1a11S0x376	0x1a0bB0x1a11B0x376
0x1a0aS0x1a11S0x376	0x1a02B0x1a11B0x376
0x1a01S0x1a02S0x1a11S0x376	0x19f7B0x1a02B0x1a11B0x376
0x1a54S0x3a0	0x1a42B0x3a0
0x1a5aS0x3a0	0x1a55B0x3a0
0x1a41S0x1a42S0x3a0	0x1a3cB0x1a42B0x3a0
0x1a3eS0x1a42S0x3a0	0x1a3cB0x1a42B0x3a0
0x1a3bS0x1a42S0x3a0	0x1a33B0x1a42B0x3a0
0x1a32S0x1a33S0x1a42S0x3a0	0x1a2aB0x1a33B0x1a42B0x3a0
0x26cfS0x777	0x26bdB0x777
0x26bcS0x777	0x26b7B0x777
0x26b9S0x777	0x26b7B0x777
0x26dcS0x777	0x26d0B0x777
0x26e9S0x777	0x26ddB0x777
0x26b6S0x777	0x26aeB0x777
0x26f6S0x777	0x26eaB0x777
0x26ffS0x777	0x26f7B0x777
0x1c91S0x26aeS0x777	0x1c86B0x26aeB0x777
0x1a41S0x26bdS0x777	0x1a3cB0x26bdB0x777
0x1a3eS0x26bdS0x777	0x1a3cB0x26bdB0x777
0x1a3bS0x26bdS0x777	0x1a33B0x26bdB0x777
0x1a32S0x1a33S0x26bdS0x777	0x1a2aB0x1a33B0x26bdB0x777
0x1a41S0x26ddS0x777	0x1a3cB0x26ddB0x777
0x1a3eS0x26ddS0x777	0x1a3cB0x26ddB0x777
0x1a3bS0x26ddS0x777	0x1a33B0x26ddB0x777
0x1a32S0x1a33S0x26ddS0x777	0x1a2aB0x1a33B0x26ddB0x777
0x1a41S0x26eaS0x777	0x1a3cB0x26eaB0x777
0x1a3eS0x26eaS0x777	0x1a3cB0x26eaB0x777
0x1a3bS0x26eaS0x777	0x1a33B0x26eaB0x777
0x1a32S0x1a33S0x26eaS0x777	0x1a2aB0x1a33B0x26eaB0x777
0x2113S0x8ba	0x2101B0x8ba
0x2119S0x8ba	0x2114B0x8ba
0x2100S0x2101S0x8ba	0x20fbB0x2101B0x8ba
0x20fdS0x2101S0x8ba	0x20fbB0x2101B0x8ba
0x20faS0x2101S0x8ba	0x20f2B0x2101B0x8ba
0x1c5bS0x20f2S0x2101S0x8ba	0x1c53B0x20f2B0x2101B0x8ba
0x2113S0xa53	0x2101B0xa53
0x2119S0xa53	0x2114B0xa53
0x2100S0x2101S0xa53	0x20fbB0x2101B0xa53
0x20fdS0x2101S0xa53	0x20fbB0x2101B0xa53
0x20faS0x2101S0xa53	0x20f2B0x2101B0xa53
0x1c5bS0x20f2S0x2101S0xa53	0x1c53B0x20f2B0x2101B0xa53
0x2113S0xbc2	0x2101B0xbc2
0x2119S0xbc2	0x2114B0xbc2
0x2100S0x2101S0xbc2	0x20fbB0x2101B0xbc2
0x20fdS0x2101S0xbc2	0x20fbB0x2101B0xbc2
0x20faS0x2101S0xbc2	0x20f2B0x2101B0xbc2
0x1c5bS0x20f2S0x2101S0xbc2	0x1c53B0x20f2B0x2101B0xbc2
0x2113S0xe5a	0x2101B0xe5a
0x2119S0xe5a	0x2114B0xe5a
0x2100S0x2101S0xe5a	0x20fbB0x2101B0xe5a
0x20fdS0x2101S0xe5a	0x20fbB0x2101B0xe5a
0x20faS0x2101S0xe5a	0x20f2B0x2101B0xe5a
0x1c5bS0x20f2S0x2101S0xe5a	0x1c53B0x20f2B0x2101B0xe5a
0x1a98S0x188	0x1a92B0x188
0x1a91S0x188	0x1a85B0x188
0x1aa6S0x188	0x1a9aB0x188
0x6421S0x188	0x641eB0x188
0x1aafS0x188	0x1aa7B0x188
0x1a84S0x1a9aS0x188	0x1a7fB0x1a9aB0x188
0x1a7eS0x1a9aS0x188	0x1a71B0x1a9aB0x188
0x1a6dS0x1a71S0x1a9aS0x188	0x1a6bB0x1a71B0x1a9aB0x188
0x1a6aS0x1a71S0x1a9aS0x188	0x1a64B0x1a71B0x1a9aB0x188
0x1a70S0x1a71S0x1a9aS0x188	0x1a6eB0x1a71B0x1a9aB0x188
0x1a63S0x1a71S0x1a9aS0x188	0x1a5bB0x1a71B0x1a9aB0x188
0x1a32S0x1a5bS0x1a71S0x1a9aS0x188	0x1a2aB0x1a5bB0x1a71B0x1a9aB0x188
0x1fe0S0x245	0x1fc9B0x245
0x1fd7S0x245	0x1fc9B0x245
0x1ff4S0x245	0x1fe1B0x245
0x1febS0x245	0x1fe1B0x245
0x1ffdS0x245	0x1ff5B0x245
0x1e04S0x1fc9S0x245	0x1dffB0x1fc9B0x245
0x1e01S0x1fc9S0x245	0x1dffB0x1fc9B0x245
0x1e1bS0x1fc9S0x245	0x1e10B0x1fc9B0x245
0x1dfeS0x1fc9S0x245	0x1df6B0x1fc9B0x245
0x1e3bS0x1fc9S0x245	0x1e32B0x1fc9B0x245
0x1dd6S0x1fc9S0x245	0x1dcdB0x1fc9B0x245
0x1e46S0x1fc9S0x245	0x1e3cB0x1fc9B0x245
0x1de6S0x1fc9S0x245	0x1dd7B0x1fc9B0x245
0x1ddbS0x1fc9S0x245	0x1dd7B0x1fc9B0x245
0x1df5S0x1fc9S0x245	0x1de7B0x1fc9B0x245
0x1e83S0x1fc9S0x245	0x1e77B0x1fc9B0x245
0x1e68S0x1fc9S0x245	0x1e5eB0x1fc9B0x245
0x1e0fS0x1fc9S0x245	0x1e05B0x1fc9B0x245
0x1e76S0x1fc9S0x245	0x1e69B0x1fc9B0x245
0x1e27S0x1fc9S0x245	0x1e1cB0x1fc9B0x245
0x1e52S0x1fc9S0x245	0x1e4aB0x1fc9B0x245
0x1e31S0x1fc9S0x245	0x1e28B0x1fc9B0x245
0x1e5dS0x1fc9S0x245	0x1e53B0x1fc9B0x245
0x1a01S0x1df6S0x1fc9S0x245	0x19f7B0x1df6B0x1fc9B0x245
0x1f69S0x1fe1S0x245	0x1f60B0x1fe1B0x245
0x1e8dS0x1fe1S0x245	0x1e84B0x1fe1B0x245
0x1f7bS0x1fe1S0x245	0x1f6aB0x1fe1B0x245
0x1eacS0x1fe1S0x245	0x1e9eB0x1fe1B0x245
0x1fc8S0x1fe1S0x245	0x1fb7B0x1fe1B0x245
0x1fa2S0x1fe1S0x245	0x1f98B0x1fe1B0x245
0x1fb6S0x1fe1S0x245	0x1fa3B0x1fe1B0x245
0x1f55S0x1fe1S0x245	0x1f4aB0x1fe1B0x245
0x1f87S0x1fe1S0x245	0x1f7fB0x1fe1B0x245
0x1f5fS0x1fe1S0x245	0x1f56B0x1fe1B0x245
0x1f97S0x1fe1S0x245	0x1f88B0x1fe1B0x245
0x1f8cS0x1fe1S0x245	0x1f88B0x1fe1B0x245
0x1e9dS0x1f60S0x1fe1S0x245	0x1e8eB0x1f60B0x1fe1B0x245
0x1e92S0x1f60S0x1fe1S0x245	0x1e8eB0x1f60B0x1fe1B0x245
0x1f12S0x1f88S0x1fe1S0x245	0x1f09B0x1f88B0x1fe1B0x245
0x1f22S0x1f88S0x1fe1S0x245	0x1f13B0x1f88B0x1fe1B0x245
0x1f2bS0x1f88S0x1fe1S0x245	0x1f23B0x1f88B0x1fe1B0x245
0x1f36S0x1f88S0x1fe1S0x245	0x1f2cB0x1f88B0x1fe1B0x245
0x1f49S0x1f88S0x1fe1S0x245	0x1f42B0x1f88B0x1fe1B0x245
0x1f08S0x1f88S0x1fe1S0x245	0x1effB0x1f88B0x1fe1B0x245
0x1f41S0x1f88S0x1fe1S0x245	0x1f37B0x1f88B0x1fe1B0x245
0x1ec6S0x1f09S0x1f88S0x1fe1S0x245	0x1eb7B0x1f09B0x1f88B0x1fe1B0x245
0x1ebbS0x1f09S0x1f88S0x1fe1S0x245	0x1eb7B0x1f09B0x1f88B0x1fe1B0x245
0x1eeeS0x1f13S0x1f88S0x1fe1S0x245	0x1ee4B0x1f13B0x1f88B0x1fe1B0x245
0x1ee9S0x1f13S0x1f88S0x1fe1S0x245	0x1ee4B0x1f13B0x1f88B0x1fe1B0x245
0x1ed1S0x1f13S0x1f88S0x1fe1S0x245	0x1ec9B0x1f13B0x1f88B0x1fe1B0x245
0x1ee3S0x1f13S0x1f88S0x1fe1S0x245	0x1ed2B0x1f13B0x1f88B0x1fe1B0x245
0x1ed9S0x1f13S0x1f88S0x1fe1S0x245	0x1ed2B0x1f13B0x1f88B0x1fe1B0x245
0x1efeS0x1f23S0x1f88S0x1fe1S0x245	0x1eefB0x1f23B0x1f88B0x1fe1B0x245
0x1eb6S0x1effS0x1f88S0x1fe1S0x245	0x1eadB0x1effB0x1f88B0x1fe1B0x245
0x1fe0S0x404	0x1fc9B0x404
0x1fd7S0x404	0x1fc9B0x404
0x1ff4S0x404	0x1fe1B0x404
0x1febS0x404	0x1fe1B0x404
0x1ffdS0x404	0x1ff5B0x404
0x1e04S0x1fc9S0x404	0x1dffB0x1fc9B0x404
0x1e01S0x1fc9S0x404	0x1dffB0x1fc9B0x404
0x1e1bS0x1fc9S0x404	0x1e10B0x1fc9B0x404
0x1dfeS0x1fc9S0x404	0x1df6B0x1fc9B0x404
0x1e3bS0x1fc9S0x404	0x1e32B0x1fc9B0x404
0x1dd6S0x1fc9S0x404	0x1dcdB0x1fc9B0x404
0x1e46S0x1fc9S0x404	0x1e3cB0x1fc9B0x404
0x1de6S0x1fc9S0x404	0x1dd7B0x1fc9B0x404
0x1ddbS0x1fc9S0x404	0x1dd7B0x1fc9B0x404
0x1df5S0x1fc9S0x404	0x1de7B0x1fc9B0x404
0x1e83S0x1fc9S0x404	0x1e77B0x1fc9B0x404
0x1e68S0x1fc9S0x404	0x1e5eB0x1fc9B0x404
0x1e0fS0x1fc9S0x404	0x1e05B0x1fc9B0x404
0x1e76S0x1fc9S0x404	0x1e69B0x1fc9B0x404
0x1e27S0x1fc9S0x404	0x1e1cB0x1fc9B0x404
0x1e52S0x1fc9S0x404	0x1e4aB0x1fc9B0x404
0x1e31S0x1fc9S0x404	0x1e28B0x1fc9B0x404
0x1e5dS0x1fc9S0x404	0x1e53B0x1fc9B0x404
0x1a01S0x1df6S0x1fc9S0x404	0x19f7B0x1df6B0x1fc9B0x404
0x1f69S0x1fe1S0x404	0x1f60B0x1fe1B0x404
0x1e8dS0x1fe1S0x404	0x1e84B0x1fe1B0x404
0x1f7bS0x1fe1S0x404	0x1f6aB0x1fe1B0x404
0x1eacS0x1fe1S0x404	0x1e9eB0x1fe1B0x404
0x1fc8S0x1fe1S0x404	0x1fb7B0x1fe1B0x404
0x1fa2S0x1fe1S0x404	0x1f98B0x1fe1B0x404
0x1fb6S0x1fe1S0x404	0x1fa3B0x1fe1B0x404
0x1f55S0x1fe1S0x404	0x1f4aB0x1fe1B0x404
0x1f87S0x1fe1S0x404	0x1f7fB0x1fe1B0x404
0x1f5fS0x1fe1S0x404	0x1f56B0x1fe1B0x404
0x1f97S0x1fe1S0x404	0x1f88B0x1fe1B0x404
0x1f8cS0x1fe1S0x404	0x1f88B0x1fe1B0x404
0x1e9dS0x1f60S0x1fe1S0x404	0x1e8eB0x1f60B0x1fe1B0x404
0x1e92S0x1f60S0x1fe1S0x404	0x1e8eB0x1f60B0x1fe1B0x404
0x1f12S0x1f88S0x1fe1S0x404	0x1f09B0x1f88B0x1fe1B0x404
0x1f22S0x1f88S0x1fe1S0x404	0x1f13B0x1f88B0x1fe1B0x404
0x1f2bS0x1f88S0x1fe1S0x404	0x1f23B0x1f88B0x1fe1B0x404
0x1f36S0x1f88S0x1fe1S0x404	0x1f2cB0x1f88B0x1fe1B0x404
0x1f49S0x1f88S0x1fe1S0x404	0x1f42B0x1f88B0x1fe1B0x404
0x1f08S0x1f88S0x1fe1S0x404	0x1effB0x1f88B0x1fe1B0x404
0x1f41S0x1f88S0x1fe1S0x404	0x1f37B0x1f88B0x1fe1B0x404
0x1ec6S0x1f09S0x1f88S0x1fe1S0x404	0x1eb7B0x1f09B0x1f88B0x1fe1B0x404
0x1ebbS0x1f09S0x1f88S0x1fe1S0x404	0x1eb7B0x1f09B0x1f88B0x1fe1B0x404
0x1eeeS0x1f13S0x1f88S0x1fe1S0x404	0x1ee4B0x1f13B0x1f88B0x1fe1B0x404
0x1ee9S0x1f13S0x1f88S0x1fe1S0x404	0x1ee4B0x1f13B0x1f88B0x1fe1B0x404
0x1ed1S0x1f13S0x1f88S0x1fe1S0x404	0x1ec9B0x1f13B0x1f88B0x1fe1B0x404
0x1ee3S0x1f13S0x1f88S0x1fe1S0x404	0x1ed2B0x1f13B0x1f88B0x1fe1B0x404
0x1ed9S0x1f13S0x1f88S0x1fe1S0x404	0x1ed2B0x1f13B0x1f88B0x1fe1B0x404
0x1efeS0x1f23S0x1f88S0x1fe1S0x404	0x1eefB0x1f23B0x1f88B0x1fe1B0x404
0x1eb6S0x1effS0x1f88S0x1fe1S0x404	0x1eadB0x1effB0x1f88B0x1fe1B0x404
0xf16S0x3ff	0xee6B0x3ff
0xf0bS0x3ff	0xee6B0x3ff
0xf5eS0x3ff	0xf2eB0x3ff
0xf53S0x3ff	0xf2eB0x3ff
0xfa5S0x3ff	0xf75B0x3ff
0xf9aS0x3ff	0xf75B0x3ff
0xfcaS0x3ff	0xfc4B0x3ff
0x1018S0x3ff	0x1012B0x3ff
0x107eS0x3ff	0x105eB0x3ff
0x1085S0x3ff	0x107fB0x3ff
0x10e8S0x3ff	0x10b8B0x3ff
0x10ddS0x3ff	0x10b8B0x3ff
0x111aS0x3ff	0x1114B0x3ff
0x117dS0x3ff	0x114dB0x3ff
0x1172S0x3ff	0x114dB0x3ff
0x1199S0x3ff	0x1193B0x3ff
0x11b8S0x3ff	0x11b2B0x3ff
0x11f6S0x3ff	0x11f0B0x3ff
0x1215S0x3ff	0x120fB0x3ff
0x1271S0x3ff	0x1252B0x3ff
0x1263S0x3ff	0x1252B0x3ff
0x1266S0x3ff	0x1252B0x3ff
0x126dS0x3ff	0x1252B0x3ff
0x1289S0x3ff	0x1283B0x3ff
0x12a3S0x3ff	0x129dB0x3ff
0x12caS0x3ff	0x12c4B0x3ff
0x132aS0x3ff	0x1324B0x3ff
0x1344S0x3ff	0x133eB0x3ff
0x1369S0x3ff	0x1363B0x3ff
0x1384S0x3ff	0x137eB0x3ff
0x13beS0x3ff	0x13b8B0x3ff
0x1419S0x3ff	0x1413B0x3ff
0xecfS0x3ff	0xec5B0x3ff
0xed7S0x3ff	0xed0B0x3ff
0xee5S0x3ff	0xed8B0x3ff
0xf2dS0x3ff	0xf20B0x3ff
0xf1fS0x3ff	0xf17B0x3ff
0xf74S0x3ff	0xf68B0x3ff
0xf67S0x3ff	0xf5fB0x3ff
0xfc3S0x3ff	0xfafB0x3ff
0xfaeS0x3ff	0xfa6B0x3ff
0xfe5S0x3ff	0xfccB0x3ff
0xfd3S0x3ff	0xfccB0x3ff
0xfdfS0x3ff	0xfccB0x3ff
0x5f1bS0x3ff	0x5eefB0x3ff
0x5f12S0x3ff	0x5eefB0x3ff
0x5f17S0x3ff	0x5eefB0x3ff
0x1011S0x3ff	0xffaB0x3ff
0x1033S0x3ff	0x101aB0x3ff
0x1021S0x3ff	0x101aB0x3ff
0x102dS0x3ff	0x101aB0x3ff
0x5f67S0x3ff	0x5f3bB0x3ff
0x5f5eS0x3ff	0x5f3bB0x3ff
0x5f63S0x3ff	0x5f3bB0x3ff
0x104aS0x3ff	0x1038B0x3ff
0x103cS0x3ff	0x1038B0x3ff
0x143cS0x3ff	0x1434B0x3ff
0x5fb3S0x3ff	0x5f87B0x3ff
0x5faaS0x3ff	0x5f87B0x3ff
0x5fafS0x3ff	0x5f87B0x3ff
0x10b7S0x3ff	0x109cB0x3ff
0x1113S0x3ff	0x10f2B0x3ff
0x10f1S0x3ff	0x10e9B0x3ff
0x5fffS0x3ff	0x5fd3B0x3ff
0x5ff6S0x3ff	0x5fd3B0x3ff
0x5ffbS0x3ff	0x5fd3B0x3ff
0x114cS0x3ff	0x1131B0x3ff
0x1192S0x3ff	0x1187B0x3ff
0x1186S0x3ff	0x117eB0x3ff
0x11a7S0x3ff	0x119bB0x3ff
0x604bS0x3ff	0x601fB0x3ff
0x6042S0x3ff	0x601fB0x3ff
0x6047S0x3ff	0x601fB0x3ff
0x13b7S0x3ff	0x13acB0x3ff
0x6097S0x3ff	0x606bB0x3ff
0x608eS0x3ff	0x606bB0x3ff
0x6093S0x3ff	0x606bB0x3ff
0x11efS0x3ff	0x11cfB0x3ff
0x120eS0x3ff	0x11f8B0x3ff
0x60e3S0x3ff	0x60b7B0x3ff
0x60daS0x3ff	0x60b7B0x3ff
0x60dfS0x3ff	0x60b7B0x3ff
0x1228S0x3ff	0x1217B0x3ff
0x612fS0x3ff	0x6103B0x3ff
0x6126S0x3ff	0x6103B0x3ff
0x612bS0x3ff	0x6103B0x3ff
0x1236S0x3ff	0x1229B0x3ff
0x1251S0x3ff	0x1237B0x3ff
0x1282S0x3ff	0x1277B0x3ff
0x129cS0x3ff	0x128bB0x3ff
0x617bS0x3ff	0x614fB0x3ff
0x6172S0x3ff	0x614fB0x3ff
0x6177S0x3ff	0x614fB0x3ff
0x12c3S0x3ff	0x12a5B0x3ff
0x12afS0x3ff	0x12a5B0x3ff
0x12b6S0x3ff	0x12a5B0x3ff
0x61c7S0x3ff	0x619bB0x3ff
0x61beS0x3ff	0x619bB0x3ff
0x61c3S0x3ff	0x619bB0x3ff
0x6213S0x3ff	0x61e7B0x3ff
0x620aS0x3ff	0x61e7B0x3ff
0x620fS0x3ff	0x61e7B0x3ff
0x1323S0x3ff	0x12e1B0x3ff
0x133dS0x3ff	0x132cB0x3ff
0x625fS0x3ff	0x6233B0x3ff
0x6256S0x3ff	0x6233B0x3ff
0x625bS0x3ff	0x6233B0x3ff
0x1357S0x3ff	0x1346B0x3ff
0x62abS0x3ff	0x627fB0x3ff
0x62a2S0x3ff	0x627fB0x3ff
0x62a7S0x3ff	0x627fB0x3ff
0x1362S0x3ff	0x1358B0x3ff
0x137dS0x3ff	0x136bB0x3ff
0x62f7S0x3ff	0x62cbB0x3ff
0x62eeS0x3ff	0x62cbB0x3ff
0x62f3S0x3ff	0x62cbB0x3ff
0x139eS0x3ff	0x1386B0x3ff
0x6343S0x3ff	0x6317B0x3ff
0x633aS0x3ff	0x6317B0x3ff
0x633fS0x3ff	0x6317B0x3ff
0x13abS0x3ff	0x139fB0x3ff
0x13a7S0x3ff	0x139fB0x3ff
0x1433S0x3ff	0x1427B0x3ff
0x1412S0x3ff	0x13c0B0x3ff
0x13d0S0x3ff	0x13c0B0x3ff
0x13dcS0x3ff	0x13c0B0x3ff
0x13e1S0x3ff	0x13c0B0x3ff
0x1407S0x3ff	0x13c0B0x3ff
0x638fS0x3ff	0x6363B0x3ff
0x6386S0x3ff	0x6363B0x3ff
0x638bS0x3ff	0x6363B0x3ff
0x1425S0x3ff	0x141bB0x3ff
0x63dbS0x3ff	0x63afB0x3ff
0x63d2S0x3ff	0x63afB0x3ff
0x63d7S0x3ff	0x63afB0x3ff
0x105dS0x3ff	0x1052B0x3ff
0x1447S0x3ff	0x143dB0x3ff
0xff1S0x3ff	0xfe6B0x3ff
0x11b1S0x3ff	0x11a8B0x3ff
0x187cS0x1434S0x3ff	0x1873B0x1434B0x3ff
0x187aS0x1434S0x3ff	0x1873B0x1434B0x3ff
0x2cf5S0x1217S0x3ff	0x2cefB0x1217B0x3ff
0x2d17S0x1217S0x3ff	0x2d11B0x1217B0x3ff
0x2d33S0x1217S0x3ff	0x2d2dB0x1217B0x3ff
0x2ceeS0x1217S0x3ff	0x2cdbB0x1217B0x3ff
0x2d10S0x1217S0x3ff	0x2cf7B0x1217B0x3ff
0x2cd2S0x1217S0x3ff	0x2ccfB0x1217B0x3ff
0x2d2cS0x1217S0x3ff	0x2d19B0x1217B0x3ff
0x2cd6S0x1217S0x3ff	0x2cd3B0x1217B0x3ff
0x2cdaS0x1217S0x3ff	0x2cd7B0x1217B0x3ff
0x2cf5S0x1346S0x3ff	0x2cefB0x1346B0x3ff
0x2d17S0x1346S0x3ff	0x2d11B0x1346B0x3ff
0x2d33S0x1346S0x3ff	0x2d2dB0x1346B0x3ff
0x2ceeS0x1346S0x3ff	0x2cdbB0x1346B0x3ff
0x2d10S0x1346S0x3ff	0x2cf7B0x1346B0x3ff
0x2cd2S0x1346S0x3ff	0x2ccfB0x1346B0x3ff
0x2d2cS0x1346S0x3ff	0x2d19B0x1346B0x3ff
0x2cd6S0x1346S0x3ff	0x2cd3B0x1346B0x3ff
0x2cdaS0x1346S0x3ff	0x2cd7B0x1346B0x3ff
0x2aa7S0xee6S0x3ff	0x2a91B0xee6B0x3ff
0x2a9fS0xee6S0x3ff	0x2a91B0xee6B0x3ff
0x2a85S0xee6S0x3ff	0x2a7bB0xee6B0x3ff
0x2a90S0xee6S0x3ff	0x2a86B0xee6B0x3ff
0x2a6eS0xee6S0x3ff	0x2a21B0xee6B0x3ff
0x2a46S0xee6S0x3ff	0x2a21B0xee6B0x3ff
0x2a6cS0xee6S0x3ff	0x2a21B0xee6B0x3ff
0x2a7aS0xee6S0x3ff	0x2a6fB0xee6B0x3ff
0x21d9S0x2a6fS0xee6S0x3ff	0x21caB0x2a6fB0xee6B0x3ff
0x21ceS0x2a6fS0xee6S0x3ff	0x21caB0x2a6fB0xee6B0x3ff
0x2b35S0xf2eS0x3ff	0x2b1fB0xf2eB0x3ff
0x2b2dS0xf2eS0x3ff	0x2b1fB0xf2eB0x3ff
0x2b13S0xf2eS0x3ff	0x2b09B0xf2eB0x3ff
0x2b1eS0xf2eS0x3ff	0x2b14B0xf2eB0x3ff
0x2afcS0xf2eS0x3ff	0x2aafB0xf2eB0x3ff
0x2ad4S0xf2eS0x3ff	0x2aafB0xf2eB0x3ff
0x2afaS0xf2eS0x3ff	0x2aafB0xf2eB0x3ff
0x2b08S0xf2eS0x3ff	0x2afdB0xf2eB0x3ff
0x21d9S0x2afdS0xf2eS0x3ff	0x21caB0x2afdB0xf2eB0x3ff
0x21ceS0x2afdS0xf2eS0x3ff	0x21caB0x2afdB0xf2eB0x3ff
0x2b9dS0xf75S0x3ff	0x2b87B0xf75B0x3ff
0x2b95S0xf75S0x3ff	0x2b87B0xf75B0x3ff
0x2b7bS0xf75S0x3ff	0x2b71B0xf75B0x3ff
0x2b86S0xf75S0x3ff	0x2b7cB0xf75B0x3ff
0x2b64S0xf75S0x3ff	0x2b3dB0xf75B0x3ff
0x2b62S0xf75S0x3ff	0x2b3dB0xf75B0x3ff
0x2b70S0xf75S0x3ff	0x2b65B0xf75B0x3ff
0x21d9S0x2b65S0xf75S0x3ff	0x21caB0x2b65B0xf75B0x3ff
0x21ceS0x2b65S0xf75S0x3ff	0x21caB0x2b65B0xf75B0x3ff
0x2c5fS0x10b8S0x3ff	0x2c49B0x10b8B0x3ff
0x2c57S0x10b8S0x3ff	0x2c49B0x10b8B0x3ff
0x2c3dS0x10b8S0x3ff	0x2c33B0x10b8B0x3ff
0x2c48S0x10b8S0x3ff	0x2c3eB0x10b8B0x3ff
0x2c26S0x10b8S0x3ff	0x2bffB0x10b8B0x3ff
0x2c24S0x10b8S0x3ff	0x2bffB0x10b8B0x3ff
0x2c32S0x10b8S0x3ff	0x2c27B0x10b8B0x3ff
0x21d9S0x2c27S0x10b8S0x3ff	0x21caB0x2c27B0x10b8B0x3ff
0x21ceS0x2c27S0x10b8S0x3ff	0x21caB0x2c27B0x10b8B0x3ff
0x2cc7S0x114dS0x3ff	0x2cb1B0x114dB0x3ff
0x2cbfS0x114dS0x3ff	0x2cb1B0x114dB0x3ff
0x2ca5S0x114dS0x3ff	0x2c9bB0x114dB0x3ff
0x2cb0S0x114dS0x3ff	0x2ca6B0x114dB0x3ff
0x2c8eS0x114dS0x3ff	0x2c67B0x114dB0x3ff
0x2c8cS0x114dS0x3ff	0x2c67B0x114dB0x3ff
0x2c9aS0x114dS0x3ff	0x2c8fB0x114dB0x3ff
0x21d9S0x2c8fS0x114dS0x3ff	0x21caB0x2c8fB0x114dB0x3ff
0x21ceS0x2c8fS0x114dS0x3ff	0x21caB0x2c8fB0x114dB0x3ff
0x175fS0xec5S0x3ff	0x172fB0xec5B0x3ff
0x1754S0xec5S0x3ff	0x172fB0xec5B0x3ff
0x1728S0xec5S0x3ff	0x1721B0xec5B0x3ff
0x172eS0xec5S0x3ff	0x1729B0xec5B0x3ff
0xabbS0x1721S0xec5S0x3ff	0xaa7B0x1721B0xec5B0x3ff
0x2d76S0x1229S0x3ff	0x2d6bB0x1229B0x3ff
0x2d5eS0x1229S0x3ff	0x2d52B0x1229B0x3ff
0x2d46S0x1229S0x3ff	0x2d3dB0x1229B0x3ff
0x2d6aS0x1229S0x3ff	0x2d5fB0x1229B0x3ff
0x2d51S0x1229S0x3ff	0x2d47B0x1229B0x3ff
0x2444S0x2d52S0x1229S0x3ff	0x2437B0x2d52B0x1229B0x3ff
0x243bS0x2d52S0x1229S0x3ff	0x2437B0x2d52B0x1229B0x3ff
0x2440S0x2d52S0x1229S0x3ff	0x2437B0x2d52B0x1229B0x3ff
0x2d3cS0x1217S0x3ff	0x2d35B0x1217B0x3ff
0x2d3cS0x1346S0x3ff	0x2d35B0x1346B0x3ff
0x2aaeS0xee6S0x3ff	0x2aa8B0xee6B0x3ff
0x2b3cS0xf2eS0x3ff	0x2b36B0xf2eB0x3ff
0x2ba4S0xf75S0x3ff	0x2b9eB0xf75B0x3ff
0x2c66S0x10b8S0x3ff	0x2c60B0x10b8B0x3ff
0x2cceS0x114dS0x3ff	0x2cc8B0x114dB0x3ff
0x1761S0xec5S0x3ff	0x1760B0xec5B0x3ff
0x2d82S0x1229S0x3ff	0x2d77B0x1229B0x3ff
0x2e09S0x1386S0x3ff	0x2df7B0x1386B0x3ff
0x2daaS0x1386S0x3ff	0x2d9eB0x1386B0x3ff
0x2db3S0x1386S0x3ff	0x2dabB0x1386B0x3ff
0x2dbeS0x1386S0x3ff	0x2db4B0x1386B0x3ff
0x2dd2S0x1386S0x3ff	0x2dc9B0x1386B0x3ff
0x2de2S0x1386S0x3ff	0x2dd3B0x1386B0x3ff
0x2debS0x1386S0x3ff	0x2de3B0x1386B0x3ff
0x2df6S0x1386S0x3ff	0x2decB0x1386B0x3ff
0x2e1cS0x1386S0x3ff	0x2e0aB0x1386B0x3ff
0x2e12S0x1386S0x3ff	0x2e0aB0x1386B0x3ff
0x2e2bS0x1386S0x3ff	0x2e1dB0x1386B0x3ff
0x2d9dS0x1386S0x3ff	0x2d93B0x1386B0x3ff
0x2e3dS0x1386S0x3ff	0x2e2cB0x1386B0x3ff
0x2e34S0x1386S0x3ff	0x2e2cB0x1386B0x3ff
0x2e49S0x1386S0x3ff	0x2e3eB0x1386B0x3ff
0x2dc8S0x1386S0x3ff	0x2dbfB0x1386B0x3ff
0x2444S0x2d9eS0x1386S0x3ff	0x2437B0x2d9eB0x1386B0x3ff
0x243bS0x2d9eS0x1386S0x3ff	0x2437B0x2d9eB0x1386B0x3ff
0x2440S0x2d9eS0x1386S0x3ff	0x2437B0x2d9eB0x1386B0x3ff
0x1efeS0x2dabS0x1386S0x3ff	0x1eefB0x2dabB0x1386B0x3ff
0x2d92S0x2dc9S0x1386S0x3ff	0x2d83B0x2dc9B0x1386B0x3ff
0x2d87S0x2dc9S0x1386S0x3ff	0x2d83B0x2dc9B0x1386B0x3ff
0x1eeeS0x2dd3S0x1386S0x3ff	0x1ee4B0x2dd3B0x1386B0x3ff
0x1ee9S0x2dd3S0x1386S0x3ff	0x1ee4B0x2dd3B0x1386B0x3ff
0x1ed1S0x2dd3S0x1386S0x3ff	0x1ec9B0x2dd3B0x1386B0x3ff
0x1ee3S0x2dd3S0x1386S0x3ff	0x1ed2B0x2dd3B0x1386B0x3ff
0x1ed9S0x2dd3S0x1386S0x3ff	0x1ed2B0x2dd3B0x1386B0x3ff
0x1efeS0x2de3S0x1386S0x3ff	0x1eefB0x2de3B0x1386B0x3ff
0x2d92S0x2d93S0x1386S0x3ff	0x2d83B0x2d93B0x1386B0x3ff
0x2d87S0x2d93S0x1386S0x3ff	0x2d83B0x2d93B0x1386B0x3ff
0x1eb6S0x2dbfS0x1386S0x3ff	0x1eadB0x2dbfB0x1386B0x3ff
0x2100S0x2df7S0x1386S0x3ff	0x20fbB0x2df7B0x1386B0x3ff
0x20fdS0x2df7S0x1386S0x3ff	0x20fbB0x2df7B0x1386B0x3ff
0x20faS0x2df7S0x1386S0x3ff	0x20f2B0x2df7B0x1386B0x3ff
0x1c5bS0x20f2S0x2df7S0x1386S0x3ff	0x1c53B0x20f2B0x2df7B0x1386B0x3ff
0x1a10S0x2e1dS0x1386S0x3ff	0x1a0bB0x2e1dB0x1386B0x3ff
0x1a0dS0x2e1dS0x1386S0x3ff	0x1a0bB0x2e1dB0x1386B0x3ff
0x1a0aS0x2e1dS0x1386S0x3ff	0x1a02B0x2e1dB0x1386B0x3ff
0x1a01S0x1a02S0x2e1dS0x1386S0x3ff	0x19f7B0x1a02B0x2e1dB0x1386B0x3ff
0x2e75S0x17a6	0x2e63B0x17a6
0x2e82S0x17a6	0x2e76B0x17a6
0x2e8fS0x17a6	0x2e83B0x17a6
0x2e9cS0x17a6	0x2e90B0x17a6
0x2ea9S0x17a6	0x2e9dB0x17a6
0x2eb3S0x17a6	0x2eaaB0x17a6
0x1a3bS0x2e63S0x17a6	0x1a33B0x2e63B0x17a6
0x1a32S0x1a33S0x2e63S0x17a6	0x1a2aB0x1a33B0x2e63B0x17a6
0x1a3bS0x2e76S0x17a6	0x1a33B0x2e76B0x17a6
0x1a32S0x1a33S0x2e76S0x17a6	0x1a2aB0x1a33B0x2e76B0x17a6
0x1a3bS0x2e83S0x17a6	0x1a33B0x2e83B0x17a6
0x1a32S0x1a33S0x2e83S0x17a6	0x1a2aB0x1a33B0x2e83B0x17a6
0x20faS0x2e90S0x17a6	0x20f2B0x2e90B0x17a6
0x1c5bS0x20f2S0x2e90S0x17a6	0x1c53B0x20f2B0x2e90B0x17a6
0x1a41S0x2e63S0x17a6	0x1a3cB0x2e63B0x17a6
0x1a3eS0x2e63S0x17a6	0x1a3cB0x2e63B0x17a6
0x1a41S0x2e76S0x17a6	0x1a3cB0x2e76B0x17a6
0x1a3eS0x2e76S0x17a6	0x1a3cB0x2e76B0x17a6
0x1a41S0x2e83S0x17a6	0x1a3cB0x2e83B0x17a6
0x1a3eS0x2e83S0x17a6	0x1a3cB0x2e83B0x17a6
0x2100S0x2e90S0x17a6	0x20fbB0x2e90B0x17a6
0x20fdS0x2e90S0x17a6	0x20fbB0x2e90B0x17a6
0x25a4S0x2e9dS0x17a6	0x259fB0x2e9dB0x17a6
0x25a1S0x2e9dS0x17a6	0x259fB0x2e9dB0x17a6
0x259eS0x2e9dS0x17a6	0x2596B0x2e9dB0x17a6
0x1adfS0x2596S0x2e9dS0x17a6	0x1ad9B0x2596B0x2e9dB0x17a6
0x1ad8S0x2596S0x2e9dS0x17a6	0x1acfB0x2596B0x2e9dB0x17a6
0x1aceS0x1acfS0x2596S0x2e9dS0x17a6	0x1ab0B0x1acfB0x2596B0x2e9dB0x17a6
0x258cS0x6fa	0x2574B0x6fa
0x2582S0x6fa	0x2574B0x6fa
0x2595S0x6fa	0x258dB0x6fa
0x251cS0x2574S0x6fa	0x250bB0x2574B0x6fa
0x2436S0x2574S0x6fa	0x242eB0x2574B0x6fa
0x2573S0x2574S0x6fa	0x2562B0x2574B0x6fa
0x2541S0x2574S0x6fa	0x2537B0x2574B0x6fa
0x254cS0x2574S0x6fa	0x2542B0x2574B0x6fa
0x2561S0x2574S0x6fa	0x254dB0x2574B0x6fa
0x24ffS0x2574S0x6fa	0x24f4B0x2574B0x6fa
0x2528S0x2574S0x6fa	0x2520B0x2574B0x6fa
0x250aS0x2574S0x6fa	0x2500B0x2574B0x6fa
0x2536S0x2574S0x6fa	0x2529B0x2574B0x6fa
0x252dS0x2574S0x6fa	0x2529B0x2574B0x6fa
0x1e9dS0x2500S0x2574S0x6fa	0x1e8eB0x2500B0x2574B0x6fa
0x1e92S0x2500S0x2574S0x6fa	0x1e8eB0x2500B0x2574B0x6fa
0x24acS0x2529S0x2574S0x6fa	0x24a6B0x2529B0x2574B0x6fa
0x24d4S0x2529S0x2574S0x6fa	0x24ceB0x2529B0x2574B0x6fa
0x24eaS0x2529S0x2574S0x6fa	0x24e4B0x2529B0x2574B0x6fa
0x24cdS0x2529S0x2574S0x6fa	0x24aeB0x2529B0x2574B0x6fa
0x2491S0x2529S0x2574S0x6fa	0x248eB0x2529B0x2574B0x6fa
0x24e3S0x2529S0x2574S0x6fa	0x24d6B0x2529B0x2574B0x6fa
0x2489S0x2529S0x2574S0x6fa	0x2486B0x2529B0x2574B0x6fa
0x248dS0x2529S0x2574S0x6fa	0x248aB0x2529B0x2574B0x6fa
0x24a5S0x2529S0x2574S0x6fa	0x2492B0x2529B0x2574B0x6fa
0x24f3S0x2529S0x2574S0x6fa	0x24ecB0x2529B0x2574B0x6fa
0x245cS0x2537S0x2574S0x6fa	0x2450B0x2537B0x2574B0x6fa
0x2465S0x2537S0x2574S0x6fa	0x245dB0x2537B0x2574B0x6fa
0x2470S0x2537S0x2574S0x6fa	0x2466B0x2537B0x2574B0x6fa
0x2485S0x2537S0x2574S0x6fa	0x247dB0x2537B0x2574B0x6fa
0x244fS0x2537S0x2574S0x6fa	0x2445B0x2537B0x2574B0x6fa
0x247cS0x2537S0x2574S0x6fa	0x2471B0x2537B0x2574B0x6fa
0x2444S0x2450S0x2537S0x2574S0x6fa	0x2437B0x2450B0x2537B0x2574B0x6fa
0x243bS0x2450S0x2537S0x2574S0x6fa	0x2437B0x2450B0x2537B0x2574B0x6fa
0x2440S0x2450S0x2537S0x2574S0x6fa	0x2437B0x2450B0x2537B0x2574B0x6fa
0x1efeS0x245dS0x2537S0x2574S0x6fa	0x1eefB0x245dB0x2537B0x2574B0x6fa
0x1ec6S0x2445S0x2537S0x2574S0x6fa	0x1eb7B0x2445B0x2537B0x2574B0x6fa
0x1ebbS0x2445S0x2537S0x2574S0x6fa	0x1eb7B0x2445B0x2537B0x2574B0x6fa
0x25b7S0x723	0x25a5B0x723
0x25c4S0x723	0x25b8B0x723
0x25d1S0x723	0x25c5B0x723
0x25deS0x723	0x25d2B0x723
0x25ebS0x723	0x25dfB0x723
0x25f8S0x723	0x25ecB0x723
0x2603S0x723	0x25f9B0x723
0x1a3bS0x25a5S0x723	0x1a33B0x25a5B0x723
0x1a32S0x1a33S0x25a5S0x723	0x1a2aB0x1a33B0x25a5B0x723
0x1a3bS0x25b8S0x723	0x1a33B0x25b8B0x723
0x1a32S0x1a33S0x25b8S0x723	0x1a2aB0x1a33B0x25b8B0x723
0x1a3bS0x25c5S0x723	0x1a33B0x25c5B0x723
0x1a32S0x1a33S0x25c5S0x723	0x1a2aB0x1a33B0x25c5B0x723
0x1a3bS0x25d2S0x723	0x1a33B0x25d2B0x723
0x1a32S0x1a33S0x25d2S0x723	0x1a2aB0x1a33B0x25d2B0x723
0x20faS0x25ecS0x723	0x20f2B0x25ecB0x723
0x1c5bS0x20f2S0x25ecS0x723	0x1c53B0x20f2B0x25ecB0x723
0x1a41S0x25a5S0x723	0x1a3cB0x25a5B0x723
0x1a3eS0x25a5S0x723	0x1a3cB0x25a5B0x723
0x1a41S0x25b8S0x723	0x1a3cB0x25b8B0x723
0x1a3eS0x25b8S0x723	0x1a3cB0x25b8B0x723
0x1a41S0x25c5S0x723	0x1a3cB0x25c5B0x723
0x1a3eS0x25c5S0x723	0x1a3cB0x25c5B0x723
0x1a41S0x25d2S0x723	0x1a3cB0x25d2B0x723
0x1a3eS0x25d2S0x723	0x1a3cB0x25d2B0x723
0x2100S0x25ecS0x723	0x20fbB0x25ecB0x723
0x20fdS0x25ecS0x723	0x20fbB0x25ecB0x723
0x25a4S0x25dfS0x723	0x259fB0x25dfB0x723
0x25a1S0x25dfS0x723	0x259fB0x25dfB0x723
0x259eS0x25dfS0x723	0x2596B0x25dfB0x723
0x1adfS0x2596S0x25dfS0x723	0x1ad9B0x2596B0x25dfB0x723
0x1ad8S0x2596S0x25dfS0x723	0x1acfB0x2596B0x25dfB0x723
0x1aceS0x1acfS0x2596S0x25dfS0x723	0x1ab0B0x1acfB0x2596B0x25dfB0x723
0xf16S0x917	0xee6B0x917
0xf0bS0x917	0xee6B0x917
0xf5eS0x917	0xf2eB0x917
0xf53S0x917	0xf2eB0x917
0xfa5S0x917	0xf75B0x917
0xf9aS0x917	0xf75B0x917
0xfcaS0x917	0xfc4B0x917
0x1018S0x917	0x1012B0x917
0x107eS0x917	0x105eB0x917
0x1085S0x917	0x107fB0x917
0x10e8S0x917	0x10b8B0x917
0x10ddS0x917	0x10b8B0x917
0x111aS0x917	0x1114B0x917
0x117dS0x917	0x114dB0x917
0x1172S0x917	0x114dB0x917
0x1199S0x917	0x1193B0x917
0x11b8S0x917	0x11b2B0x917
0x11f6S0x917	0x11f0B0x917
0x1215S0x917	0x120fB0x917
0x1271S0x917	0x1252B0x917
0x1263S0x917	0x1252B0x917
0x1266S0x917	0x1252B0x917
0x126dS0x917	0x1252B0x917
0x1289S0x917	0x1283B0x917
0x12a3S0x917	0x129dB0x917
0x12caS0x917	0x12c4B0x917
0x132aS0x917	0x1324B0x917
0x1344S0x917	0x133eB0x917
0x1369S0x917	0x1363B0x917
0x1384S0x917	0x137eB0x917
0x13beS0x917	0x13b8B0x917
0x1419S0x917	0x1413B0x917
0xecfS0x917	0xec5B0x917
0xed7S0x917	0xed0B0x917
0xee5S0x917	0xed8B0x917
0xf2dS0x917	0xf20B0x917
0xf1fS0x917	0xf17B0x917
0xf74S0x917	0xf68B0x917
0xf67S0x917	0xf5fB0x917
0xfc3S0x917	0xfafB0x917
0xfaeS0x917	0xfa6B0x917
0xfe5S0x917	0xfccB0x917
0xfd3S0x917	0xfccB0x917
0xfdfS0x917	0xfccB0x917
0x5f1bS0x917	0x5eefB0x917
0x5f12S0x917	0x5eefB0x917
0x5f17S0x917	0x5eefB0x917
0x1011S0x917	0xffaB0x917
0x1033S0x917	0x101aB0x917
0x1021S0x917	0x101aB0x917
0x102dS0x917	0x101aB0x917
0x5f67S0x917	0x5f3bB0x917
0x5f5eS0x917	0x5f3bB0x917
0x5f63S0x917	0x5f3bB0x917
0x104aS0x917	0x1038B0x917
0x103cS0x917	0x1038B0x917
0x143cS0x917	0x1434B0x917
0x5fb3S0x917	0x5f87B0x917
0x5faaS0x917	0x5f87B0x917
0x5fafS0x917	0x5f87B0x917
0x10b7S0x917	0x109cB0x917
0x1113S0x917	0x10f2B0x917
0x10f1S0x917	0x10e9B0x917
0x5fffS0x917	0x5fd3B0x917
0x5ff6S0x917	0x5fd3B0x917
0x5ffbS0x917	0x5fd3B0x917
0x114cS0x917	0x1131B0x917
0x1192S0x917	0x1187B0x917
0x1186S0x917	0x117eB0x917
0x11a7S0x917	0x119bB0x917
0x604bS0x917	0x601fB0x917
0x6042S0x917	0x601fB0x917
0x6047S0x917	0x601fB0x917
0x13b7S0x917	0x13acB0x917
0x6097S0x917	0x606bB0x917
0x608eS0x917	0x606bB0x917
0x6093S0x917	0x606bB0x917
0x11efS0x917	0x11cfB0x917
0x120eS0x917	0x11f8B0x917
0x60e3S0x917	0x60b7B0x917
0x60daS0x917	0x60b7B0x917
0x60dfS0x917	0x60b7B0x917
0x1228S0x917	0x1217B0x917
0x612fS0x917	0x6103B0x917
0x6126S0x917	0x6103B0x917
0x612bS0x917	0x6103B0x917
0x1236S0x917	0x1229B0x917
0x1251S0x917	0x1237B0x917
0x1282S0x917	0x1277B0x917
0x129cS0x917	0x128bB0x917
0x617bS0x917	0x614fB0x917
0x6172S0x917	0x614fB0x917
0x6177S0x917	0x614fB0x917
0x12c3S0x917	0x12a5B0x917
0x12afS0x917	0x12a5B0x917
0x12b6S0x917	0x12a5B0x917
0x61c7S0x917	0x619bB0x917
0x61beS0x917	0x619bB0x917
0x61c3S0x917	0x619bB0x917
0x6213S0x917	0x61e7B0x917
0x620aS0x917	0x61e7B0x917
0x620fS0x917	0x61e7B0x917
0x1323S0x917	0x12e1B0x917
0x133dS0x917	0x132cB0x917
0x625fS0x917	0x6233B0x917
0x6256S0x917	0x6233B0x917
0x625bS0x917	0x6233B0x917
0x1357S0x917	0x1346B0x917
0x62abS0x917	0x627fB0x917
0x62a2S0x917	0x627fB0x917
0x62a7S0x917	0x627fB0x917
0x1362S0x917	0x1358B0x917
0x137dS0x917	0x136bB0x917
0x62f7S0x917	0x62cbB0x917
0x62eeS0x917	0x62cbB0x917
0x62f3S0x917	0x62cbB0x917
0x139eS0x917	0x1386B0x917
0x6343S0x917	0x6317B0x917
0x633aS0x917	0x6317B0x917
0x633fS0x917	0x6317B0x917
0x13abS0x917	0x139fB0x917
0x13a7S0x917	0x139fB0x917
0x1433S0x917	0x1427B0x917
0x1412S0x917	0x13c0B0x917
0x13d0S0x917	0x13c0B0x917
0x13dcS0x917	0x13c0B0x917
0x13e1S0x917	0x13c0B0x917
0x1407S0x917	0x13c0B0x917
0x638fS0x917	0x6363B0x917
0x6386S0x917	0x6363B0x917
0x638bS0x917	0x6363B0x917
0x1425S0x917	0x141bB0x917
0x63dbS0x917	0x63afB0x917
0x63d2S0x917	0x63afB0x917
0x63d7S0x917	0x63afB0x917
0x105dS0x917	0x1052B0x917
0x1447S0x917	0x143dB0x917
0xff1S0x917	0xfe6B0x917
0x11b1S0x917	0x11a8B0x917
0x187cS0x1434S0x917	0x1873B0x1434B0x917
0x187aS0x1434S0x917	0x1873B0x1434B0x917
0x2cf5S0x1217S0x917	0x2cefB0x1217B0x917
0x2d17S0x1217S0x917	0x2d11B0x1217B0x917
0x2d33S0x1217S0x917	0x2d2dB0x1217B0x917
0x2ceeS0x1217S0x917	0x2cdbB0x1217B0x917
0x2d10S0x1217S0x917	0x2cf7B0x1217B0x917
0x2cd2S0x1217S0x917	0x2ccfB0x1217B0x917
0x2d2cS0x1217S0x917	0x2d19B0x1217B0x917
0x2cd6S0x1217S0x917	0x2cd3B0x1217B0x917
0x2cdaS0x1217S0x917	0x2cd7B0x1217B0x917
0x2cf5S0x1346S0x917	0x2cefB0x1346B0x917
0x2d17S0x1346S0x917	0x2d11B0x1346B0x917
0x2d33S0x1346S0x917	0x2d2dB0x1346B0x917
0x2ceeS0x1346S0x917	0x2cdbB0x1346B0x917
0x2d10S0x1346S0x917	0x2cf7B0x1346B0x917
0x2cd2S0x1346S0x917	0x2ccfB0x1346B0x917
0x2d2cS0x1346S0x917	0x2d19B0x1346B0x917
0x2cd6S0x1346S0x917	0x2cd3B0x1346B0x917
0x2cdaS0x1346S0x917	0x2cd7B0x1346B0x917
0x2aa7S0xee6S0x917	0x2a91B0xee6B0x917
0x2a9fS0xee6S0x917	0x2a91B0xee6B0x917
0x2a85S0xee6S0x917	0x2a7bB0xee6B0x917
0x2a90S0xee6S0x917	0x2a86B0xee6B0x917
0x2a6eS0xee6S0x917	0x2a21B0xee6B0x917
0x2a46S0xee6S0x917	0x2a21B0xee6B0x917
0x2a6cS0xee6S0x917	0x2a21B0xee6B0x917
0x2a7aS0xee6S0x917	0x2a6fB0xee6B0x917
0x21d9S0x2a6fS0xee6S0x917	0x21caB0x2a6fB0xee6B0x917
0x21ceS0x2a6fS0xee6S0x917	0x21caB0x2a6fB0xee6B0x917
0x2b35S0xf2eS0x917	0x2b1fB0xf2eB0x917
0x2b2dS0xf2eS0x917	0x2b1fB0xf2eB0x917
0x2b13S0xf2eS0x917	0x2b09B0xf2eB0x917
0x2b1eS0xf2eS0x917	0x2b14B0xf2eB0x917
0x2afcS0xf2eS0x917	0x2aafB0xf2eB0x917
0x2ad4S0xf2eS0x917	0x2aafB0xf2eB0x917
0x2afaS0xf2eS0x917	0x2aafB0xf2eB0x917
0x2b08S0xf2eS0x917	0x2afdB0xf2eB0x917
0x21d9S0x2afdS0xf2eS0x917	0x21caB0x2afdB0xf2eB0x917
0x21ceS0x2afdS0xf2eS0x917	0x21caB0x2afdB0xf2eB0x917
0x2b9dS0xf75S0x917	0x2b87B0xf75B0x917
0x2b95S0xf75S0x917	0x2b87B0xf75B0x917
0x2b7bS0xf75S0x917	0x2b71B0xf75B0x917
0x2b86S0xf75S0x917	0x2b7cB0xf75B0x917
0x2b64S0xf75S0x917	0x2b3dB0xf75B0x917
0x2b62S0xf75S0x917	0x2b3dB0xf75B0x917
0x2b70S0xf75S0x917	0x2b65B0xf75B0x917
0x21d9S0x2b65S0xf75S0x917	0x21caB0x2b65B0xf75B0x917
0x21ceS0x2b65S0xf75S0x917	0x21caB0x2b65B0xf75B0x917
0x2c5fS0x10b8S0x917	0x2c49B0x10b8B0x917
0x2c57S0x10b8S0x917	0x2c49B0x10b8B0x917
0x2c3dS0x10b8S0x917	0x2c33B0x10b8B0x917
0x2c48S0x10b8S0x917	0x2c3eB0x10b8B0x917
0x2c26S0x10b8S0x917	0x2bffB0x10b8B0x917
0x2c24S0x10b8S0x917	0x2bffB0x10b8B0x917
0x2c32S0x10b8S0x917	0x2c27B0x10b8B0x917
0x21d9S0x2c27S0x10b8S0x917	0x21caB0x2c27B0x10b8B0x917
0x21ceS0x2c27S0x10b8S0x917	0x21caB0x2c27B0x10b8B0x917
0x2cc7S0x114dS0x917	0x2cb1B0x114dB0x917
0x2cbfS0x114dS0x917	0x2cb1B0x114dB0x917
0x2ca5S0x114dS0x917	0x2c9bB0x114dB0x917
0x2cb0S0x114dS0x917	0x2ca6B0x114dB0x917
0x2c8eS0x114dS0x917	0x2c67B0x114dB0x917
0x2c8cS0x114dS0x917	0x2c67B0x114dB0x917
0x2c9aS0x114dS0x917	0x2c8fB0x114dB0x917
0x21d9S0x2c8fS0x114dS0x917	0x21caB0x2c8fB0x114dB0x917
0x21ceS0x2c8fS0x114dS0x917	0x21caB0x2c8fB0x114dB0x917
0x175fS0xec5S0x917	0x172fB0xec5B0x917
0x1754S0xec5S0x917	0x172fB0xec5B0x917
0x1728S0xec5S0x917	0x1721B0xec5B0x917
0x172eS0xec5S0x917	0x1729B0xec5B0x917
0xabbS0x1721S0xec5S0x917	0xaa7B0x1721B0xec5B0x917
0x2d76S0x1229S0x917	0x2d6bB0x1229B0x917
0x2d5eS0x1229S0x917	0x2d52B0x1229B0x917
0x2d46S0x1229S0x917	0x2d3dB0x1229B0x917
0x2d6aS0x1229S0x917	0x2d5fB0x1229B0x917
0x2d51S0x1229S0x917	0x2d47B0x1229B0x917
0x2444S0x2d52S0x1229S0x917	0x2437B0x2d52B0x1229B0x917
0x243bS0x2d52S0x1229S0x917	0x2437B0x2d52B0x1229B0x917
0x2440S0x2d52S0x1229S0x917	0x2437B0x2d52B0x1229B0x917
0x2d3cS0x1217S0x917	0x2d35B0x1217B0x917
0x2d3cS0x1346S0x917	0x2d35B0x1346B0x917
0x2aaeS0xee6S0x917	0x2aa8B0xee6B0x917
0x2b3cS0xf2eS0x917	0x2b36B0xf2eB0x917
0x2ba4S0xf75S0x917	0x2b9eB0xf75B0x917
0x2c66S0x10b8S0x917	0x2c60B0x10b8B0x917
0x2cceS0x114dS0x917	0x2cc8B0x114dB0x917
0x1761S0xec5S0x917	0x1760B0xec5B0x917
0x2d82S0x1229S0x917	0x2d77B0x1229B0x917
0x2e09S0x1386S0x917	0x2df7B0x1386B0x917
0x2daaS0x1386S0x917	0x2d9eB0x1386B0x917
0x2db3S0x1386S0x917	0x2dabB0x1386B0x917
0x2dbeS0x1386S0x917	0x2db4B0x1386B0x917
0x2dd2S0x1386S0x917	0x2dc9B0x1386B0x917
0x2de2S0x1386S0x917	0x2dd3B0x1386B0x917
0x2debS0x1386S0x917	0x2de3B0x1386B0x917
0x2df6S0x1386S0x917	0x2decB0x1386B0x917
0x2e1cS0x1386S0x917	0x2e0aB0x1386B0x917
0x2e12S0x1386S0x917	0x2e0aB0x1386B0x917
0x2e2bS0x1386S0x917	0x2e1dB0x1386B0x917
0x2d9dS0x1386S0x917	0x2d93B0x1386B0x917
0x2e3dS0x1386S0x917	0x2e2cB0x1386B0x917
0x2e34S0x1386S0x917	0x2e2cB0x1386B0x917
0x2e49S0x1386S0x917	0x2e3eB0x1386B0x917
0x2dc8S0x1386S0x917	0x2dbfB0x1386B0x917
0x2444S0x2d9eS0x1386S0x917	0x2437B0x2d9eB0x1386B0x917
0x243bS0x2d9eS0x1386S0x917	0x2437B0x2d9eB0x1386B0x917
0x2440S0x2d9eS0x1386S0x917	0x2437B0x2d9eB0x1386B0x917
0x1efeS0x2dabS0x1386S0x917	0x1eefB0x2dabB0x1386B0x917
0x2d92S0x2dc9S0x1386S0x917	0x2d83B0x2dc9B0x1386B0x917
0x2d87S0x2dc9S0x1386S0x917	0x2d83B0x2dc9B0x1386B0x917
0x1eeeS0x2dd3S0x1386S0x917	0x1ee4B0x2dd3B0x1386B0x917
0x1ee9S0x2dd3S0x1386S0x917	0x1ee4B0x2dd3B0x1386B0x917
0x1ed1S0x2dd3S0x1386S0x917	0x1ec9B0x2dd3B0x1386B0x917
0x1ee3S0x2dd3S0x1386S0x917	0x1ed2B0x2dd3B0x1386B0x917
0x1ed9S0x2dd3S0x1386S0x917	0x1ed2B0x2dd3B0x1386B0x917
0x1efeS0x2de3S0x1386S0x917	0x1eefB0x2de3B0x1386B0x917
0x2d92S0x2d93S0x1386S0x917	0x2d83B0x2d93B0x1386B0x917
0x2d87S0x2d93S0x1386S0x917	0x2d83B0x2d93B0x1386B0x917
0x1eb6S0x2dbfS0x1386S0x917	0x1eadB0x2dbfB0x1386B0x917
0x2100S0x2df7S0x1386S0x917	0x20fbB0x2df7B0x1386B0x917
0x20fdS0x2df7S0x1386S0x917	0x20fbB0x2df7B0x1386B0x917
0x20faS0x2df7S0x1386S0x917	0x20f2B0x2df7B0x1386B0x917
0x1c5bS0x20f2S0x2df7S0x1386S0x917	0x1c53B0x20f2B0x2df7B0x1386B0x917
0x1a10S0x2e1dS0x1386S0x917	0x1a0bB0x2e1dB0x1386B0x917
0x1a0dS0x2e1dS0x1386S0x917	0x1a0bB0x2e1dB0x1386B0x917
0x1a0aS0x2e1dS0x1386S0x917	0x1a02B0x2e1dB0x1386B0x917
0x1a01S0x1a02S0x2e1dS0x1386S0x917	0x19f7B0x1a02B0x2e1dB0x1386B0x917
0x291aS0xb5c	0x2908B0xb5c
0x2927S0xb5c	0x291bB0xb5c
0x2934S0xb5c	0x2928B0xb5c
0x293cS0xb5c	0x2935B0xb5c
0x20faS0x2928S0xb5c	0x20f2B0x2928B0xb5c
0x1c5bS0x20f2S0x2928S0xb5c	0x1c53B0x20f2B0x2928B0xb5c
0x2100S0x2928S0xb5c	0x20fbB0x2928B0xb5c
0x20fdS0x2928S0xb5c	0x20fbB0x2928B0xb5c
0x25a4S0x2908S0xb5c	0x259fB0x2908B0xb5c
0x25a1S0x2908S0xb5c	0x259fB0x2908B0xb5c
0x259eS0x2908S0xb5c	0x2596B0x2908B0xb5c
0x1adfS0x2596S0x2908S0xb5c	0x1ad9B0x2596B0x2908B0xb5c
0x1ad8S0x2596S0x2908S0xb5c	0x1acfB0x2596B0x2908B0xb5c
0x1aceS0x1acfS0x2596S0x2908S0xb5c	0x1ab0B0x1acfB0x2596B0x2908B0xb5c
0x25a4S0x291bS0xb5c	0x259fB0x291bB0xb5c
0x25a1S0x291bS0xb5c	0x259fB0x291bB0xb5c
0x259eS0x291bS0xb5c	0x2596B0x291bB0xb5c
0x1adfS0x2596S0x291bS0xb5c	0x1ad9B0x2596B0x291bB0xb5c
0x1ad8S0x2596S0x291bS0xb5c	0x1acfB0x2596B0x291bB0xb5c
0x1aceS0x1acfS0x2596S0x291bS0xb5c	0x1ab0B0x1acfB0x2596B0x291bB0xb5c
0x294fS0xda0	0x293dB0xda0
0x295cS0xda0	0x2950B0xda0
0x2963S0xda0	0x295dB0xda0
0x20faS0x2950S0xda0	0x20f2B0x2950B0xda0
0x1c5bS0x20f2S0x2950S0xda0	0x1c53B0x20f2B0x2950B0xda0
0x2100S0x2950S0xda0	0x20fbB0x2950B0xda0
0x20fdS0x2950S0xda0	0x20fbB0x2950B0xda0
0x25a4S0x293dS0xda0	0x259fB0x293dB0xda0
0x25a1S0x293dS0xda0	0x259fB0x293dB0xda0
0x259eS0x293dS0xda0	0x2596B0x293dB0xda0
0x1adfS0x2596S0x293dS0xda0	0x1ad9B0x2596B0x293dB0xda0
0x1ad8S0x2596S0x293dS0xda0	0x1acfB0x2596B0x293dB0xda0
0x1aceS0x1acfS0x2596S0x293dS0xda0	0x1ab0B0x1acfB0x2596B0x293dB0xda0
0x29a1S0xdf7	0x299bB0xdf7
0x299aS0xdf7	0x298eB0xdf7
0x29afS0xdf7	0x29a3B0xdf7
0x6723S0xdf7	0x6720B0xdf7
0x29b8S0xdf7	0x29b0B0xdf7
0x298dS0x29a3S0xdf7	0x2988B0x29a3B0xdf7
0x2987S0x29a3S0xdf7	0x297aB0x29a3B0xdf7
0x2976S0x297aS0x29a3S0xdf7	0x2974B0x297aB0x29a3B0xdf7
0x2973S0x297aS0x29a3S0xdf7	0x296dB0x297aB0x29a3B0xdf7
0x2979S0x297aS0x29a3S0xdf7	0x2977B0x297aB0x29a3B0xdf7
0x296cS0x297aS0x29a3S0xdf7	0x2964B0x297aB0x29a3B0xdf7
0x1a01S0x2964S0x297aS0x29a3S0xdf7	0x19f7B0x2964B0x297aB0x29a3B0xdf7
0x2e5cS0x170a	0x2e4aB0x170a
0x2e62S0x170a	0x2e5dB0x170a
0x25a4S0x2e4aS0x170a	0x259fB0x2e4aB0x170a
0x25a1S0x2e4aS0x170a	0x259fB0x2e4aB0x170a
0x259eS0x2e4aS0x170a	0x2596B0x2e4aB0x170a
0x1adfS0x2596S0x2e4aS0x170a	0x1ad9B0x2596B0x2e4aB0x170a
0x1ad8S0x2596S0x2e4aS0x170a	0x1acfB0x2596B0x2e4aB0x170a
0x1aceS0x1acfS0x2596S0x2e4aS0x170a	0x1ab0B0x1acfB0x2596B0x2e4aB0x170a
0x2e5cS0x18c7	0x2e4aB0x18c7
0x2e62S0x18c7	0x2e5dB0x18c7
0x25a4S0x2e4aS0x18c7	0x259fB0x2e4aB0x18c7
0x25a1S0x2e4aS0x18c7	0x259fB0x2e4aB0x18c7
0x259eS0x2e4aS0x18c7	0x2596B0x2e4aB0x18c7
0x1adfS0x2596S0x2e4aS0x18c7	0x1ad9B0x2596B0x2e4aB0x18c7
0x1ad8S0x2596S0x2e4aS0x18c7	0x1acfB0x2596B0x2e4aB0x18c7
0x1aceS0x1acfS0x2596S0x2e4aS0x18c7	0x1ab0B0x1acfB0x2596B0x2e4aB0x18c7
0x1b1eS0x1c4	0x1b18B0x1c4
0x1b17S0x1c4	0x1b0aB0x1c4
0x1b2cS0x1c4	0x1b20B0x1c4
0x6444S0x1c4	0x6441B0x1c4
0x1b3dS0x1c4	0x1b2dB0x1c4
0x1b47S0x1c4	0x1b3eB0x1c4
0x1a7eS0x1b20S0x1c4	0x1a71B0x1b20B0x1c4
0x1a6dS0x1a71S0x1b20S0x1c4	0x1a6bB0x1a71B0x1b20B0x1c4
0x1a6aS0x1a71S0x1b20S0x1c4	0x1a64B0x1a71B0x1b20B0x1c4
0x1a63S0x1a71S0x1b20S0x1c4	0x1a5bB0x1a71B0x1b20B0x1c4
0x1a32S0x1a5bS0x1a71S0x1b20S0x1c4	0x1a2aB0x1a5bB0x1a71B0x1b20B0x1c4
0x1a84S0x1b20S0x1c4	0x1a7fB0x1b20B0x1c4
0x1a70S0x1a71S0x1b20S0x1c4	0x1a6eB0x1a71B0x1b20B0x1c4
0x1b09S0x1b2dS0x1c4	0x1b04B0x1b2dB0x1c4
0x1b03S0x1b2dS0x1c4	0x1af6B0x1b2dB0x1c4
0x1af2S0x1af6S0x1b2dS0x1c4	0x1af0B0x1af6B0x1b2dB0x1c4
0x1aefS0x1af6S0x1b2dS0x1c4	0x1ae9B0x1af6B0x1b2dB0x1c4
0x1af5S0x1af6S0x1b2dS0x1c4	0x1af3B0x1af6B0x1b2dB0x1c4
0x1ae8S0x1af6S0x1b2dS0x1c4	0x1ae0B0x1af6B0x1b2dB0x1c4
0x1adfS0x1ae0S0x1af6S0x1b2dS0x1c4	0x1ad9B0x1ae0B0x1af6B0x1b2dB0x1c4
0x1ad8S0x1ae0S0x1af6S0x1b2dS0x1c4	0x1acfB0x1ae0B0x1af6B0x1b2dB0x1c4
0x1aceS0x1acfS0x1ae0S0x1af6S0x1b2dS0x1c4	0x1ab0B0x1acfB0x1ae0B0x1af6B0x1b2dB0x1c4
0x1b1eS0x1ec	0x1b18B0x1ec
0x1b17S0x1ec	0x1b0aB0x1ec
0x1b2cS0x1ec	0x1b20B0x1ec
0x6444S0x1ec	0x6441B0x1ec
0x1b3dS0x1ec	0x1b2dB0x1ec
0x1b47S0x1ec	0x1b3eB0x1ec
0x1a7eS0x1b20S0x1ec	0x1a71B0x1b20B0x1ec
0x1a6dS0x1a71S0x1b20S0x1ec	0x1a6bB0x1a71B0x1b20B0x1ec
0x1a6aS0x1a71S0x1b20S0x1ec	0x1a64B0x1a71B0x1b20B0x1ec
0x1a63S0x1a71S0x1b20S0x1ec	0x1a5bB0x1a71B0x1b20B0x1ec
0x1a32S0x1a5bS0x1a71S0x1b20S0x1ec	0x1a2aB0x1a5bB0x1a71B0x1b20B0x1ec
0x1a84S0x1b20S0x1ec	0x1a7fB0x1b20B0x1ec
0x1a70S0x1a71S0x1b20S0x1ec	0x1a6eB0x1a71B0x1b20B0x1ec
0x1b09S0x1b2dS0x1ec	0x1b04B0x1b2dB0x1ec
0x1b03S0x1b2dS0x1ec	0x1af6B0x1b2dB0x1ec
0x1af2S0x1af6S0x1b2dS0x1ec	0x1af0B0x1af6B0x1b2dB0x1ec
0x1aefS0x1af6S0x1b2dS0x1ec	0x1ae9B0x1af6B0x1b2dB0x1ec
0x1af5S0x1af6S0x1b2dS0x1ec	0x1af3B0x1af6B0x1b2dB0x1ec
0x1ae8S0x1af6S0x1b2dS0x1ec	0x1ae0B0x1af6B0x1b2dB0x1ec
0x1adfS0x1ae0S0x1af6S0x1b2dS0x1ec	0x1ad9B0x1ae0B0x1af6B0x1b2dB0x1ec
0x1ad8S0x1ae0S0x1af6S0x1b2dS0x1ec	0x1acfB0x1ae0B0x1af6B0x1b2dB0x1ec
0x1aceS0x1acfS0x1ae0S0x1af6S0x1b2dS0x1ec	0x1ab0B0x1acfB0x1ae0B0x1af6B0x1b2dB0x1ec
0x1cdaS0x22a	0x1cd4B0x22a
0x1cf7S0x22a	0x1cf1B0x22a
0x1d26S0x22a	0x1d20B0x22a
0x1d55S0x22a	0x1d4fB0x22a
0x1cd3S0x22a	0x1cbcB0x22a
0x1cf0S0x22a	0x1cdcB0x22a
0x65a2S0x22a	0x659fB0x22a
0x1d04S0x22a	0x1cf9B0x22a
0x65c5S0x22a	0x65c2B0x22a
0x1d1fS0x22a	0x1d05B0x22a
0x1d33S0x22a	0x1d28B0x22a
0x65e8S0x22a	0x65e5B0x22a
0x1d4eS0x22a	0x1d34B0x22a
0x1d62S0x22a	0x1d57B0x22a
0x660bS0x22a	0x6608B0x22a
0x1d75S0x22a	0x1d63B0x22a
0x1d86S0x22a	0x1d76B0x22a
0x1d97S0x22a	0x1d87B0x22a
0x1da8S0x22a	0x1d98B0x22a
0x1db9S0x22a	0x1da9B0x22a
0x1dccS0x22a	0x1dbaB0x22a
0x1b67S0x1cf9S0x22a	0x1b61B0x1cf9B0x22a
0x1b84S0x1cf9S0x22a	0x1b7eB0x1cf9B0x22a
0x1ba0S0x1cf9S0x22a	0x1b9aB0x1cf9B0x22a
0x1b7dS0x1cf9S0x22a	0x1b69B0x1cf9B0x22a
0x6467S0x1cf9S0x22a	0x6464B0x1cf9B0x22a
0x1b99S0x1cf9S0x22a	0x1b86B0x1cf9B0x22a
0x648aS0x1cf9S0x22a	0x6487B0x1cf9B0x22a
0x64adS0x1cf9S0x22a	0x64aaB0x1cf9B0x22a
0x1b60S0x1cf9S0x22a	0x1b54B0x1cf9B0x22a
0x1bbcS0x1d28S0x22a	0x1bb6B0x1d28B0x22a
0x1bd9S0x1d28S0x22a	0x1bd3B0x1d28B0x22a
0x1bf5S0x1d28S0x22a	0x1befB0x1d28B0x22a
0x1bd2S0x1d28S0x22a	0x1bbeB0x1d28B0x22a
0x64d0S0x1d28S0x22a	0x64cdB0x1d28B0x22a
0x1beeS0x1d28S0x22a	0x1bdbB0x1d28B0x22a
0x64f3S0x1d28S0x22a	0x64f0B0x1d28B0x22a
0x6516S0x1d28S0x22a	0x6513B0x1d28B0x22a
0x1bb5S0x1d28S0x22a	0x1ba9B0x1d28B0x22a
0x1c11S0x1d57S0x22a	0x1c0bB0x1d57B0x22a
0x1c2eS0x1d57S0x22a	0x1c28B0x1d57B0x22a
0x1c4aS0x1d57S0x22a	0x1c44B0x1d57B0x22a
0x1c27S0x1d57S0x22a	0x1c13B0x1d57B0x22a
0x6539S0x1d57S0x22a	0x6536B0x1d57B0x22a
0x1c43S0x1d57S0x22a	0x1c30B0x1d57B0x22a
0x655cS0x1d57S0x22a	0x6559B0x1d57B0x22a
0x657fS0x1d57S0x22a	0x657cB0x1d57B0x22a
0x1c0aS0x1d57S0x22a	0x1bfeB0x1d57B0x22a
0x1c7fS0x1d76S0x22a	0x1c72B0x1d76B0x22a
0x1c6eS0x1c72S0x1d76S0x22a	0x1c6cB0x1c72B0x1d76B0x22a
0x1c6bS0x1c72S0x1d76S0x22a	0x1c65B0x1c72B0x1d76B0x22a
0x1c64S0x1c72S0x1d76S0x22a	0x1c5cB0x1c72B0x1d76B0x22a
0x1c5bS0x1c5cS0x1c72S0x1d76S0x22a	0x1c53B0x1c5cB0x1c72B0x1d76B0x22a
0x1cb5S0x1d87S0x22a	0x1ca8B0x1d87B0x22a
0x1ca4S0x1ca8S0x1d87S0x22a	0x1ca2B0x1ca8B0x1d87B0x22a
0x1ca1S0x1ca8S0x1d87S0x22a	0x1c9bB0x1ca8B0x1d87B0x22a
0x1c9aS0x1ca8S0x1d87S0x22a	0x1c92B0x1ca8B0x1d87B0x22a
0x1c91S0x1c92S0x1ca8S0x1d87S0x22a	0x1c86B0x1c92B0x1ca8B0x1d87B0x22a
0x1a7eS0x1d98S0x22a	0x1a71B0x1d98B0x22a
0x1a6dS0x1a71S0x1d98S0x22a	0x1a6bB0x1a71B0x1d98B0x22a
0x1a6aS0x1a71S0x1d98S0x22a	0x1a64B0x1a71B0x1d98B0x22a
0x1a63S0x1a71S0x1d98S0x22a	0x1a5bB0x1a71B0x1d98B0x22a
0x1a32S0x1a5bS0x1a71S0x1d98S0x22a	0x1a2aB0x1a5bB0x1a71B0x1d98B0x22a
0x1a7eS0x1da9S0x22a	0x1a71B0x1da9B0x22a
0x1a6dS0x1a71S0x1da9S0x22a	0x1a6bB0x1a71B0x1da9B0x22a
0x1a6aS0x1a71S0x1da9S0x22a	0x1a64B0x1a71B0x1da9B0x22a
0x1a63S0x1a71S0x1da9S0x22a	0x1a5bB0x1a71B0x1da9B0x22a
0x1a32S0x1a5bS0x1a71S0x1da9S0x22a	0x1a2aB0x1a5bB0x1a71B0x1da9B0x22a
0x1ba8S0x1cf9S0x22a	0x1ba2B0x1cf9B0x22a
0x1bfdS0x1d28S0x22a	0x1bf7B0x1d28B0x22a
0x1c52S0x1d57S0x22a	0x1c4cB0x1d57B0x22a
0x1c85S0x1d76S0x22a	0x1c80B0x1d76B0x22a
0x1c71S0x1c72S0x1d76S0x22a	0x1c6fB0x1c72B0x1d76B0x22a
0x1cbbS0x1d87S0x22a	0x1cb6B0x1d87B0x22a
0x1ca7S0x1ca8S0x1d87S0x22a	0x1ca5B0x1ca8B0x1d87B0x22a
0x1a84S0x1d98S0x22a	0x1a7fB0x1d98B0x22a
0x1a70S0x1a71S0x1d98S0x22a	0x1a6eB0x1a71B0x1d98B0x22a
0x1a84S0x1da9S0x22a	0x1a7fB0x1da9B0x22a
0x1a70S0x1a71S0x1da9S0x22a	0x1a6eB0x1a71B0x1da9B0x22a
0x1b09S0x1d63S0x22a	0x1b04B0x1d63B0x22a
0x1b03S0x1d63S0x22a	0x1af6B0x1d63B0x22a
0x1af2S0x1af6S0x1d63S0x22a	0x1af0B0x1af6B0x1d63B0x22a
0x1aefS0x1af6S0x1d63S0x22a	0x1ae9B0x1af6B0x1d63B0x22a
0x1af5S0x1af6S0x1d63S0x22a	0x1af3B0x1af6B0x1d63B0x22a
0x1ae8S0x1af6S0x1d63S0x22a	0x1ae0B0x1af6B0x1d63B0x22a
0x1adfS0x1ae0S0x1af6S0x1d63S0x22a	0x1ad9B0x1ae0B0x1af6B0x1d63B0x22a
0x1ad8S0x1ae0S0x1af6S0x1d63S0x22a	0x1acfB0x1ae0B0x1af6B0x1d63B0x22a
0x1aceS0x1acfS0x1ae0S0x1af6S0x1d63S0x22a	0x1ab0B0x1acfB0x1ae0B0x1af6B0x1d63B0x22a
0x204dS0x267	0x2047B0x267
0x2046S0x267	0x2039B0x267
0x205bS0x267	0x204fB0x267
0x662eS0x267	0x662bB0x267
0x206cS0x267	0x205cB0x267
0x2076S0x267	0x206dB0x267
0x1c7fS0x205cS0x267	0x1c72B0x205cB0x267
0x1c6eS0x1c72S0x205cS0x267	0x1c6cB0x1c72B0x205cB0x267
0x1c6bS0x1c72S0x205cS0x267	0x1c65B0x1c72B0x205cB0x267
0x1c64S0x1c72S0x205cS0x267	0x1c5cB0x1c72B0x205cB0x267
0x1c5bS0x1c5cS0x1c72S0x205cS0x267	0x1c53B0x1c5cB0x1c72B0x205cB0x267
0x1c85S0x205cS0x267	0x1c80B0x205cB0x267
0x1c71S0x1c72S0x205cS0x267	0x1c6fB0x1c72B0x205cB0x267
0x2038S0x204fS0x267	0x2033B0x204fB0x267
0x2032S0x204fS0x267	0x2025B0x204fB0x267
0x2021S0x2025S0x204fS0x267	0x201fB0x2025B0x204fB0x267
0x201eS0x2025S0x204fS0x267	0x2018B0x2025B0x204fB0x267
0x2024S0x2025S0x204fS0x267	0x2022B0x2025B0x204fB0x267
0x2017S0x2025S0x204fS0x267	0x200fB0x2025B0x204fB0x267
0x200eS0x200fS0x2025S0x204fS0x267	0x2008B0x200fB0x2025B0x204fB0x267
0x2007S0x200fS0x2025S0x204fS0x267	0x1ffeB0x200fB0x2025B0x204fB0x267
0x1aceS0x1ffeS0x200fS0x2025S0x204fS0x267	0x1ab0B0x1ffeB0x200fB0x2025B0x204fB0x267
0x208cS0x2b9	0x2086B0x2b9
0x2085S0x2b9	0x2077B0x2b9
0x209aS0x2b9	0x208eB0x2b9
0x6651S0x2b9	0x664eB0x2b9
0x20abS0x2b9	0x209bB0x2b9
0x20bcS0x2b9	0x20acB0x2b9
0x20c6S0x2b9	0x20bdB0x2b9
0x1c7fS0x20acS0x2b9	0x1c72B0x20acB0x2b9
0x1c6eS0x1c72S0x20acS0x2b9	0x1c6cB0x1c72B0x20acB0x2b9
0x1c6bS0x1c72S0x20acS0x2b9	0x1c65B0x1c72B0x20acB0x2b9
0x1c64S0x1c72S0x20acS0x2b9	0x1c5cB0x1c72B0x20acB0x2b9
0x1c5bS0x1c5cS0x1c72S0x20acS0x2b9	0x1c53B0x1c5cB0x1c72B0x20acB0x2b9
0x1c85S0x20acS0x2b9	0x1c80B0x20acB0x2b9
0x1c71S0x1c72S0x20acS0x2b9	0x1c6fB0x1c72B0x20acB0x2b9
0x1b09S0x208eS0x2b9	0x1b04B0x208eB0x2b9
0x1b03S0x208eS0x2b9	0x1af6B0x208eB0x2b9
0x1af2S0x1af6S0x208eS0x2b9	0x1af0B0x1af6B0x208eB0x2b9
0x1aefS0x1af6S0x208eS0x2b9	0x1ae9B0x1af6B0x208eB0x2b9
0x1af5S0x1af6S0x208eS0x2b9	0x1af3B0x1af6B0x208eB0x2b9
0x1ae8S0x1af6S0x208eS0x2b9	0x1ae0B0x1af6B0x208eB0x2b9
0x1adfS0x1ae0S0x1af6S0x208eS0x2b9	0x1ad9B0x1ae0B0x1af6B0x208eB0x2b9
0x1ad8S0x1ae0S0x1af6S0x208eS0x2b9	0x1acfB0x1ae0B0x1af6B0x208eB0x2b9
0x1aceS0x1acfS0x1ae0S0x1af6S0x208eS0x2b9	0x1ab0B0x1acfB0x1ae0B0x1af6B0x208eB0x2b9
0x1b09S0x209bS0x2b9	0x1b04B0x209bB0x2b9
0x1b03S0x209bS0x2b9	0x1af6B0x209bB0x2b9
0x1af2S0x1af6S0x209bS0x2b9	0x1af0B0x1af6B0x209bB0x2b9
0x1aefS0x1af6S0x209bS0x2b9	0x1ae9B0x1af6B0x209bB0x2b9
0x1af5S0x1af6S0x209bS0x2b9	0x1af3B0x1af6B0x209bB0x2b9
0x1ae8S0x1af6S0x209bS0x2b9	0x1ae0B0x1af6B0x209bB0x2b9
0x1adfS0x1ae0S0x1af6S0x209bS0x2b9	0x1ad9B0x1ae0B0x1af6B0x209bB0x2b9
0x1ad8S0x1ae0S0x1af6S0x209bS0x2b9	0x1acfB0x1ae0B0x1af6B0x209bB0x2b9
0x1aceS0x1acfS0x1ae0S0x1af6S0x209bS0x2b9	0x1ab0B0x1acfB0x1ae0B0x1af6B0x209bB0x2b9
0x20daS0x2e1	0x20d4B0x2e1
0x20d3S0x2e1	0x20c7B0x2e1
0x20e8S0x2e1	0x20dcB0x2e1
0x6674S0x2e1	0x6671B0x2e1
0x20f1S0x2e1	0x20e9B0x2e1
0x1b09S0x20dcS0x2e1	0x1b04B0x20dcB0x2e1
0x1b03S0x20dcS0x2e1	0x1af6B0x20dcB0x2e1
0x1af2S0x1af6S0x20dcS0x2e1	0x1af0B0x1af6B0x20dcB0x2e1
0x1aefS0x1af6S0x20dcS0x2e1	0x1ae9B0x1af6B0x20dcB0x2e1
0x1af5S0x1af6S0x20dcS0x2e1	0x1af3B0x1af6B0x20dcB0x2e1
0x1ae8S0x1af6S0x20dcS0x2e1	0x1ae0B0x1af6B0x20dcB0x2e1
0x1adfS0x1ae0S0x1af6S0x20dcS0x2e1	0x1ad9B0x1ae0B0x1af6B0x20dcB0x2e1
0x1ad8S0x1ae0S0x1af6S0x20dcS0x2e1	0x1acfB0x1ae0B0x1af6B0x20dcB0x2e1
0x1aceS0x1acfS0x1ae0S0x1af6S0x20dcS0x2e1	0x1ab0B0x1acfB0x1ae0B0x1af6B0x20dcB0x2e1
0x20daS0x31d	0x20d4B0x31d
0x20d3S0x31d	0x20c7B0x31d
0x20e8S0x31d	0x20dcB0x31d
0x6674S0x31d	0x6671B0x31d
0x20f1S0x31d	0x20e9B0x31d
0x1b09S0x20dcS0x31d	0x1b04B0x20dcB0x31d
0x1b03S0x20dcS0x31d	0x1af6B0x20dcB0x31d
0x1af2S0x1af6S0x20dcS0x31d	0x1af0B0x1af6B0x20dcB0x31d
0x1aefS0x1af6S0x20dcS0x31d	0x1ae9B0x1af6B0x20dcB0x31d
0x1af5S0x1af6S0x20dcS0x31d	0x1af3B0x1af6B0x20dcB0x31d
0x1ae8S0x1af6S0x20dcS0x31d	0x1ae0B0x1af6B0x20dcB0x31d
0x1adfS0x1ae0S0x1af6S0x20dcS0x31d	0x1ad9B0x1ae0B0x1af6B0x20dcB0x31d
0x1ad8S0x1ae0S0x1af6S0x20dcS0x31d	0x1acfB0x1ae0B0x1af6B0x20dcB0x31d
0x1aceS0x1acfS0x1ae0S0x1af6S0x20dcS0x31d	0x1ab0B0x1acfB0x1ae0B0x1af6B0x20dcB0x31d
0x1b1eS0x35b	0x1b18B0x35b
0x1b17S0x35b	0x1b0aB0x35b
0x1b2cS0x35b	0x1b20B0x35b
0x6444S0x35b	0x6441B0x35b
0x1b3dS0x35b	0x1b2dB0x35b
0x1b47S0x35b	0x1b3eB0x35b
0x1a7eS0x1b20S0x35b	0x1a71B0x1b20B0x35b
0x1a6dS0x1a71S0x1b20S0x35b	0x1a6bB0x1a71B0x1b20B0x35b
0x1a6aS0x1a71S0x1b20S0x35b	0x1a64B0x1a71B0x1b20B0x35b
0x1a63S0x1a71S0x1b20S0x35b	0x1a5bB0x1a71B0x1b20B0x35b
0x1a32S0x1a5bS0x1a71S0x1b20S0x35b	0x1a2aB0x1a5bB0x1a71B0x1b20B0x35b
0x1a84S0x1b20S0x35b	0x1a7fB0x1b20B0x35b
0x1a70S0x1a71S0x1b20S0x35b	0x1a6eB0x1a71B0x1b20B0x35b
0x1b09S0x1b2dS0x35b	0x1b04B0x1b2dB0x35b
0x1b03S0x1b2dS0x35b	0x1af6B0x1b2dB0x35b
0x1af2S0x1af6S0x1b2dS0x35b	0x1af0B0x1af6B0x1b2dB0x35b
0x1aefS0x1af6S0x1b2dS0x35b	0x1ae9B0x1af6B0x1b2dB0x35b
0x1af5S0x1af6S0x1b2dS0x35b	0x1af3B0x1af6B0x1b2dB0x35b
0x1ae8S0x1af6S0x1b2dS0x35b	0x1ae0B0x1af6B0x1b2dB0x35b
0x1adfS0x1ae0S0x1af6S0x1b2dS0x35b	0x1ad9B0x1ae0B0x1af6B0x1b2dB0x35b
0x1ad8S0x1ae0S0x1af6S0x1b2dS0x35b	0x1acfB0x1ae0B0x1af6B0x1b2dB0x35b
0x1aceS0x1acfS0x1ae0S0x1af6S0x1b2dS0x35b	0x1ab0B0x1acfB0x1ae0B0x1af6B0x1b2dB0x35b
0x208cS0x3c1	0x2086B0x3c1
0x2085S0x3c1	0x2077B0x3c1
0x209aS0x3c1	0x208eB0x3c1
0x6651S0x3c1	0x664eB0x3c1
0x20abS0x3c1	0x209bB0x3c1
0x20bcS0x3c1	0x20acB0x3c1
0x20c6S0x3c1	0x20bdB0x3c1
0x1c7fS0x20acS0x3c1	0x1c72B0x20acB0x3c1
0x1c6eS0x1c72S0x20acS0x3c1	0x1c6cB0x1c72B0x20acB0x3c1
0x1c6bS0x1c72S0x20acS0x3c1	0x1c65B0x1c72B0x20acB0x3c1
0x1c64S0x1c72S0x20acS0x3c1	0x1c5cB0x1c72B0x20acB0x3c1
0x1c5bS0x1c5cS0x1c72S0x20acS0x3c1	0x1c53B0x1c5cB0x1c72B0x20acB0x3c1
0x1c85S0x20acS0x3c1	0x1c80B0x20acB0x3c1
0x1c71S0x1c72S0x20acS0x3c1	0x1c6fB0x1c72B0x20acB0x3c1
0x1b09S0x208eS0x3c1	0x1b04B0x208eB0x3c1
0x1b03S0x208eS0x3c1	0x1af6B0x208eB0x3c1
0x1af2S0x1af6S0x208eS0x3c1	0x1af0B0x1af6B0x208eB0x3c1
0x1aefS0x1af6S0x208eS0x3c1	0x1ae9B0x1af6B0x208eB0x3c1
0x1af5S0x1af6S0x208eS0x3c1	0x1af3B0x1af6B0x208eB0x3c1
0x1ae8S0x1af6S0x208eS0x3c1	0x1ae0B0x1af6B0x208eB0x3c1
0x1adfS0x1ae0S0x1af6S0x208eS0x3c1	0x1ad9B0x1ae0B0x1af6B0x208eB0x3c1
0x1ad8S0x1ae0S0x1af6S0x208eS0x3c1	0x1acfB0x1ae0B0x1af6B0x208eB0x3c1
0x1aceS0x1acfS0x1ae0S0x1af6S0x208eS0x3c1	0x1ab0B0x1acfB0x1ae0B0x1af6B0x208eB0x3c1
0x1b09S0x209bS0x3c1	0x1b04B0x209bB0x3c1
0x1b03S0x209bS0x3c1	0x1af6B0x209bB0x3c1
0x1af2S0x1af6S0x209bS0x3c1	0x1af0B0x1af6B0x209bB0x3c1
0x1aefS0x1af6S0x209bS0x3c1	0x1ae9B0x1af6B0x209bB0x3c1
0x1af5S0x1af6S0x209bS0x3c1	0x1af3B0x1af6B0x209bB0x3c1
0x1ae8S0x1af6S0x209bS0x3c1	0x1ae0B0x1af6B0x209bB0x3c1
0x1adfS0x1ae0S0x1af6S0x209bS0x3c1	0x1ad9B0x1ae0B0x1af6B0x209bB0x3c1
0x1ad8S0x1ae0S0x1af6S0x209bS0x3c1	0x1acfB0x1ae0B0x1af6B0x209bB0x3c1
0x1aceS0x1acfS0x1ae0S0x1af6S0x209bS0x3c1	0x1ab0B0x1acfB0x1ae0B0x1af6B0x209bB0x3c1
0x1b1eS0x426	0x1b18B0x426
0x1b17S0x426	0x1b0aB0x426
0x1b2cS0x426	0x1b20B0x426
0x6444S0x426	0x6441B0x426
0x1b3dS0x426	0x1b2dB0x426
0x1b47S0x426	0x1b3eB0x426
0x1a7eS0x1b20S0x426	0x1a71B0x1b20B0x426
0x1a6dS0x1a71S0x1b20S0x426	0x1a6bB0x1a71B0x1b20B0x426
0x1a6aS0x1a71S0x1b20S0x426	0x1a64B0x1a71B0x1b20B0x426
0x1a63S0x1a71S0x1b20S0x426	0x1a5bB0x1a71B0x1b20B0x426
0x1a32S0x1a5bS0x1a71S0x1b20S0x426	0x1a2aB0x1a5bB0x1a71B0x1b20B0x426
0x1a84S0x1b20S0x426	0x1a7fB0x1b20B0x426
0x1a70S0x1a71S0x1b20S0x426	0x1a6eB0x1a71B0x1b20B0x426
0x1b09S0x1b2dS0x426	0x1b04B0x1b2dB0x426
0x1b03S0x1b2dS0x426	0x1af6B0x1b2dB0x426
0x1af2S0x1af6S0x1b2dS0x426	0x1af0B0x1af6B0x1b2dB0x426
0x1aefS0x1af6S0x1b2dS0x426	0x1ae9B0x1af6B0x1b2dB0x426
0x1af5S0x1af6S0x1b2dS0x426	0x1af3B0x1af6B0x1b2dB0x426
0x1ae8S0x1af6S0x1b2dS0x426	0x1ae0B0x1af6B0x1b2dB0x426
0x1adfS0x1ae0S0x1af6S0x1b2dS0x426	0x1ad9B0x1ae0B0x1af6B0x1b2dB0x426
0x1ad8S0x1ae0S0x1af6S0x1b2dS0x426	0x1acfB0x1ae0B0x1af6B0x1b2dB0x426
0x1aceS0x1acfS0x1ae0S0x1af6S0x1b2dS0x426	0x1ab0B0x1acfB0x1ae0B0x1af6B0x1b2dB0x426
0x20daS0x1087B0x3ff	0x20d4B0x1087B0x3ff
0x20d3S0x1087B0x3ff	0x20c7B0x1087B0x3ff
0x20e8S0x1087B0x3ff	0x20dcB0x1087B0x3ff
0x6674S0x1087B0x3ff	0x6671B0x1087B0x3ff
0x20f1S0x1087B0x3ff	0x20e9B0x1087B0x3ff
0x1b09S0x20dcS0x1087B0x3ff	0x1b04B0x20dcB0x1087B0x3ff
0x1b03S0x20dcS0x1087B0x3ff	0x1af6B0x20dcB0x1087B0x3ff
0x1af2S0x1af6S0x20dcS0x1087B0x3ff	0x1af0B0x1af6B0x20dcB0x1087B0x3ff
0x1aefS0x1af6S0x20dcS0x1087B0x3ff	0x1ae9B0x1af6B0x20dcB0x1087B0x3ff
0x1af5S0x1af6S0x20dcS0x1087B0x3ff	0x1af3B0x1af6B0x20dcB0x1087B0x3ff
0x1ae8S0x1af6S0x20dcS0x1087B0x3ff	0x1ae0B0x1af6B0x20dcB0x1087B0x3ff
0x1adfS0x1ae0S0x1af6S0x20dcS0x1087B0x3ff	0x1ad9B0x1ae0B0x1af6B0x20dcB0x1087B0x3ff
0x1ad8S0x1ae0S0x1af6S0x20dcS0x1087B0x3ff	0x1acfB0x1ae0B0x1af6B0x20dcB0x1087B0x3ff
0x1aceS0x1acfS0x1ae0S0x1af6S0x20dcS0x1087B0x3ff	0x1ab0B0x1acfB0x1ae0B0x1af6B0x20dcB0x1087B0x3ff
0x20daS0x111cB0x3ff	0x20d4B0x111cB0x3ff
0x20d3S0x111cB0x3ff	0x20c7B0x111cB0x3ff
0x20e8S0x111cB0x3ff	0x20dcB0x111cB0x3ff
0x6674S0x111cB0x3ff	0x6671B0x111cB0x3ff
0x20f1S0x111cB0x3ff	0x20e9B0x111cB0x3ff
0x1b09S0x20dcS0x111cB0x3ff	0x1b04B0x20dcB0x111cB0x3ff
0x1b03S0x20dcS0x111cB0x3ff	0x1af6B0x20dcB0x111cB0x3ff
0x1af2S0x1af6S0x20dcS0x111cB0x3ff	0x1af0B0x1af6B0x20dcB0x111cB0x3ff
0x1aefS0x1af6S0x20dcS0x111cB0x3ff	0x1ae9B0x1af6B0x20dcB0x111cB0x3ff
0x1af5S0x1af6S0x20dcS0x111cB0x3ff	0x1af3B0x1af6B0x20dcB0x111cB0x3ff
0x1ae8S0x1af6S0x20dcS0x111cB0x3ff	0x1ae0B0x1af6B0x20dcB0x111cB0x3ff
0x1adfS0x1ae0S0x1af6S0x20dcS0x111cB0x3ff	0x1ad9B0x1ae0B0x1af6B0x20dcB0x111cB0x3ff
0x1ad8S0x1ae0S0x1af6S0x20dcS0x111cB0x3ff	0x1acfB0x1ae0B0x1af6B0x20dcB0x111cB0x3ff
0x1aceS0x1acfS0x1ae0S0x1af6S0x20dcS0x111cB0x3ff	0x1ab0B0x1acfB0x1ae0B0x1af6B0x20dcB0x111cB0x3ff
0x20daS0x11baB0x3ff	0x20d4B0x11baB0x3ff
0x20d3S0x11baB0x3ff	0x20c7B0x11baB0x3ff
0x20e8S0x11baB0x3ff	0x20dcB0x11baB0x3ff
0x6674S0x11baB0x3ff	0x6671B0x11baB0x3ff
0x20f1S0x11baB0x3ff	0x20e9B0x11baB0x3ff
0x1b09S0x20dcS0x11baB0x3ff	0x1b04B0x20dcB0x11baB0x3ff
0x1b03S0x20dcS0x11baB0x3ff	0x1af6B0x20dcB0x11baB0x3ff
0x1af2S0x1af6S0x20dcS0x11baB0x3ff	0x1af0B0x1af6B0x20dcB0x11baB0x3ff
0x1aefS0x1af6S0x20dcS0x11baB0x3ff	0x1ae9B0x1af6B0x20dcB0x11baB0x3ff
0x1af5S0x1af6S0x20dcS0x11baB0x3ff	0x1af3B0x1af6B0x20dcB0x11baB0x3ff
0x1ae8S0x1af6S0x20dcS0x11baB0x3ff	0x1ae0B0x1af6B0x20dcB0x11baB0x3ff
0x1adfS0x1ae0S0x1af6S0x20dcS0x11baB0x3ff	0x1ad9B0x1ae0B0x1af6B0x20dcB0x11baB0x3ff
0x1ad8S0x1ae0S0x1af6S0x20dcS0x11baB0x3ff	0x1acfB0x1ae0B0x1af6B0x20dcB0x11baB0x3ff
0x1aceS0x1acfS0x1ae0S0x1af6S0x20dcS0x11baB0x3ff	0x1ab0B0x1acfB0x1ae0B0x1af6B0x20dcB0x11baB0x3ff
0x20daS0x12ccB0x3ff	0x20d4B0x12ccB0x3ff
0x20d3S0x12ccB0x3ff	0x20c7B0x12ccB0x3ff
0x20e8S0x12ccB0x3ff	0x20dcB0x12ccB0x3ff
0x6674S0x12ccB0x3ff	0x6671B0x12ccB0x3ff
0x20f1S0x12ccB0x3ff	0x20e9B0x12ccB0x3ff
0x1b09S0x20dcS0x12ccB0x3ff	0x1b04B0x20dcB0x12ccB0x3ff
0x1b03S0x20dcS0x12ccB0x3ff	0x1af6B0x20dcB0x12ccB0x3ff
0x1af2S0x1af6S0x20dcS0x12ccB0x3ff	0x1af0B0x1af6B0x20dcB0x12ccB0x3ff
0x1aefS0x1af6S0x20dcS0x12ccB0x3ff	0x1ae9B0x1af6B0x20dcB0x12ccB0x3ff
0x1af5S0x1af6S0x20dcS0x12ccB0x3ff	0x1af3B0x1af6B0x20dcB0x12ccB0x3ff
0x1ae8S0x1af6S0x20dcS0x12ccB0x3ff	0x1ae0B0x1af6B0x20dcB0x12ccB0x3ff
0x1adfS0x1ae0S0x1af6S0x20dcS0x12ccB0x3ff	0x1ad9B0x1ae0B0x1af6B0x20dcB0x12ccB0x3ff
0x1ad8S0x1ae0S0x1af6S0x20dcS0x12ccB0x3ff	0x1acfB0x1ae0B0x1af6B0x20dcB0x12ccB0x3ff
0x1aceS0x1acfS0x1ae0S0x1af6S0x20dcS0x12ccB0x3ff	0x1ab0B0x1acfB0x1ae0B0x1af6B0x20dcB0x12ccB0x3ff
0x20daS0x1087B0x917	0x20d4B0x1087B0x917
0x20d3S0x1087B0x917	0x20c7B0x1087B0x917
0x20e8S0x1087B0x917	0x20dcB0x1087B0x917
0x6674S0x1087B0x917	0x6671B0x1087B0x917
0x20f1S0x1087B0x917	0x20e9B0x1087B0x917
0x1b09S0x20dcS0x1087B0x917	0x1b04B0x20dcB0x1087B0x917
0x1b03S0x20dcS0x1087B0x917	0x1af6B0x20dcB0x1087B0x917
0x1af2S0x1af6S0x20dcS0x1087B0x917	0x1af0B0x1af6B0x20dcB0x1087B0x917
0x1aefS0x1af6S0x20dcS0x1087B0x917	0x1ae9B0x1af6B0x20dcB0x1087B0x917
0x1af5S0x1af6S0x20dcS0x1087B0x917	0x1af3B0x1af6B0x20dcB0x1087B0x917
0x1ae8S0x1af6S0x20dcS0x1087B0x917	0x1ae0B0x1af6B0x20dcB0x1087B0x917
0x1adfS0x1ae0S0x1af6S0x20dcS0x1087B0x917	0x1ad9B0x1ae0B0x1af6B0x20dcB0x1087B0x917
0x1ad8S0x1ae0S0x1af6S0x20dcS0x1087B0x917	0x1acfB0x1ae0B0x1af6B0x20dcB0x1087B0x917
0x1aceS0x1acfS0x1ae0S0x1af6S0x20dcS0x1087B0x917	0x1ab0B0x1acfB0x1ae0B0x1af6B0x20dcB0x1087B0x917
0x20daS0x111cB0x917	0x20d4B0x111cB0x917
0x20d3S0x111cB0x917	0x20c7B0x111cB0x917
0x20e8S0x111cB0x917	0x20dcB0x111cB0x917
0x6674S0x111cB0x917	0x6671B0x111cB0x917
0x20f1S0x111cB0x917	0x20e9B0x111cB0x917
0x1b09S0x20dcS0x111cB0x917	0x1b04B0x20dcB0x111cB0x917
0x1b03S0x20dcS0x111cB0x917	0x1af6B0x20dcB0x111cB0x917
0x1af2S0x1af6S0x20dcS0x111cB0x917	0x1af0B0x1af6B0x20dcB0x111cB0x917
0x1aefS0x1af6S0x20dcS0x111cB0x917	0x1ae9B0x1af6B0x20dcB0x111cB0x917
0x1af5S0x1af6S0x20dcS0x111cB0x917	0x1af3B0x1af6B0x20dcB0x111cB0x917
0x1ae8S0x1af6S0x20dcS0x111cB0x917	0x1ae0B0x1af6B0x20dcB0x111cB0x917
0x1adfS0x1ae0S0x1af6S0x20dcS0x111cB0x917	0x1ad9B0x1ae0B0x1af6B0x20dcB0x111cB0x917
0x1ad8S0x1ae0S0x1af6S0x20dcS0x111cB0x917	0x1acfB0x1ae0B0x1af6B0x20dcB0x111cB0x917
0x1aceS0x1acfS0x1ae0S0x1af6S0x20dcS0x111cB0x917	0x1ab0B0x1acfB0x1ae0B0x1af6B0x20dcB0x111cB0x917
0x20daS0x11baB0x917	0x20d4B0x11baB0x917
0x20d3S0x11baB0x917	0x20c7B0x11baB0x917
0x20e8S0x11baB0x917	0x20dcB0x11baB0x917
0x6674S0x11baB0x917	0x6671B0x11baB0x917
0x20f1S0x11baB0x917	0x20e9B0x11baB0x917
0x1b09S0x20dcS0x11baB0x917	0x1b04B0x20dcB0x11baB0x917
0x1b03S0x20dcS0x11baB0x917	0x1af6B0x20dcB0x11baB0x917
0x1af2S0x1af6S0x20dcS0x11baB0x917	0x1af0B0x1af6B0x20dcB0x11baB0x917
0x1aefS0x1af6S0x20dcS0x11baB0x917	0x1ae9B0x1af6B0x20dcB0x11baB0x917
0x1af5S0x1af6S0x20dcS0x11baB0x917	0x1af3B0x1af6B0x20dcB0x11baB0x917
0x1ae8S0x1af6S0x20dcS0x11baB0x917	0x1ae0B0x1af6B0x20dcB0x11baB0x917
0x1adfS0x1ae0S0x1af6S0x20dcS0x11baB0x917	0x1ad9B0x1ae0B0x1af6B0x20dcB0x11baB0x917
0x1ad8S0x1ae0S0x1af6S0x20dcS0x11baB0x917	0x1acfB0x1ae0B0x1af6B0x20dcB0x11baB0x917
0x1aceS0x1acfS0x1ae0S0x1af6S0x20dcS0x11baB0x917	0x1ab0B0x1acfB0x1ae0B0x1af6B0x20dcB0x11baB0x917
0x20daS0x12ccB0x917	0x20d4B0x12ccB0x917
0x20d3S0x12ccB0x917	0x20c7B0x12ccB0x917
0x20e8S0x12ccB0x917	0x20dcB0x12ccB0x917
0x6674S0x12ccB0x917	0x6671B0x12ccB0x917
0x20f1S0x12ccB0x917	0x20e9B0x12ccB0x917
0x1b09S0x20dcS0x12ccB0x917	0x1b04B0x20dcB0x12ccB0x917
0x1b03S0x20dcS0x12ccB0x917	0x1af6B0x20dcB0x12ccB0x917
0x1af2S0x1af6S0x20dcS0x12ccB0x917	0x1af0B0x1af6B0x20dcB0x12ccB0x917
0x1aefS0x1af6S0x20dcS0x12ccB0x917	0x1ae9B0x1af6B0x20dcB0x12ccB0x917
0x1af5S0x1af6S0x20dcS0x12ccB0x917	0x1af3B0x1af6B0x20dcB0x12ccB0x917
0x1ae8S0x1af6S0x20dcS0x12ccB0x917	0x1ae0B0x1af6B0x20dcB0x12ccB0x917
0x1adfS0x1ae0S0x1af6S0x20dcS0x12ccB0x917	0x1ad9B0x1ae0B0x1af6B0x20dcB0x12ccB0x917
0x1ad8S0x1ae0S0x1af6S0x20dcS0x12ccB0x917	0x1acfB0x1ae0B0x1af6B0x20dcB0x12ccB0x917
0x1aceS0x1acfS0x1ae0S0x1af6S0x20dcS0x12ccB0x917	0x1ab0B0x1acfB0x1ae0B0x1af6B0x20dcB0x12ccB0x917
0x559S0x202	0x559B0x202
0x55bS0x202	0x559B0x202
0x55cS0x202	0x559B0x202
0x57fS0x202	0x559B0x202
0x581S0x202	0x559B0x202
0x582S0x202	0x559B0x202
0x584S0x202	0x559B0x202
0x587S0x202	0x559B0x202
0x589S0x202	0x559B0x202
0x57eS0x202	0x559B0x202
0x51fS0x202	0x51eB0x202
0x522S0x202	0x51eB0x202
0x525S0x202	0x51eB0x202
0x527S0x202	0x526B0x202
0x53cS0x202	0x526B0x202
0x53eS0x202	0x526B0x202
0x553S0x202	0x526B0x202
0x554S0x202	0x526B0x202
0x555S0x202	0x526B0x202
0x558S0x202	0x526B0x202
0x58bS0x202	0x58aB0x202
0x590S0x202	0x58aB0x202
0x593S0x202	0x58aB0x202
0x598S0x202	0x594B0x202
0x15d1S0x51eS0x202	0x15d0B0x51eB0x202
0x15d2S0x51eS0x202	0x15d0B0x51eB0x202
0x15d6S0x51eS0x202	0x15d0B0x51eB0x202
0x14d4S0x599	0x14d3B0x599
0x14d8S0x599	0x14d3B0x599
0x14dbS0x599	0x14d3B0x599
0x14deS0x599	0x14d3B0x599
0x14e6S0x599	0x14e4B0x599
0x14e0S0x599	0x14dfB0x599
0x14e3S0x599	0x14dfB0x599
0x15d1S0x14d3S0x599	0x15d0B0x14d3B0x599
0x15d2S0x14d3S0x599	0x15d0B0x14d3B0x599
0x15d6S0x14d3S0x599	0x15d0B0x14d3B0x599
0x18dfS0x14dfS0x599	0x18deB0x14dfB0x599
0x18e4S0x14dfS0x599	0x18deB0x14dfB0x599
0x18e7S0x14dfS0x599	0x18deB0x14dfB0x599
0x18e9S0x14dfS0x599	0x18e8B0x14dfB0x599
0x18ecS0x14dfS0x599	0x18e8B0x14dfB0x599
0x192eS0x14dfS0x599	0x192bB0x14dfB0x599
0x1923S0x14dfS0x599	0x1922B0x14dfB0x599
0x1925S0x14dfS0x599	0x1922B0x14dfB0x599
0x1928S0x14dfS0x599	0x1922B0x14dfB0x599
0x192aS0x14dfS0x599	0x1922B0x14dfB0x599
0x18efS0x14dfS0x599	0x18edB0x14dfB0x599
0x18f1S0x14dfS0x599	0x18edB0x14dfB0x599
0x18f2S0x14dfS0x599	0x18edB0x14dfB0x599
0x1915S0x14dfS0x599	0x18edB0x14dfB0x599
0x1917S0x14dfS0x599	0x18edB0x14dfB0x599
0x1918S0x14dfS0x599	0x18edB0x14dfB0x599
0x191eS0x14dfS0x599	0x18edB0x14dfB0x599
0x1921S0x14dfS0x599	0x18edB0x14dfB0x599
0x1914S0x14dfS0x599	0x18edB0x14dfB0x599
0xc98S0x18deS0x14dfS0x599	0xc97B0x18deB0x14dfB0x599
0xc9aS0x18deS0x14dfS0x599	0xc97B0x18deB0x14dfB0x599
0xc9eS0x18deS0x14dfS0x599	0xc97B0x18deB0x14dfB0x599
0xca0S0x18deS0x14dfS0x599	0xc97B0x18deB0x14dfB0x599
0xca4S0x18deS0x14dfS0x599	0xc97B0x18deB0x14dfB0x599
0xca6S0x18deS0x14dfS0x599	0xc97B0x18deB0x14dfB0x599
0xca7S0x18deS0x14dfS0x599	0xc97B0x18deB0x14dfB0x599
0xca8S0x18deS0x14dfS0x599	0xc97B0x18deB0x14dfB0x599
0xca9S0x18deS0x14dfS0x599	0xc97B0x18deB0x14dfB0x599
0xcaaS0x18deS0x14dfS0x599	0xc97B0x18deB0x14dfB0x599
0xcabS0x18deS0x14dfS0x599	0xc97B0x18deB0x14dfB0x599
0xcadS0x18deS0x14dfS0x599	0xc97B0x18deB0x14dfB0x599
0xcc2S0x18deS0x14dfS0x599	0xc97B0x18deB0x14dfB0x599
0xcc3S0x18deS0x14dfS0x599	0xc97B0x18deB0x14dfB0x599
0xcd8S0x18deS0x14dfS0x599	0xc97B0x18deB0x14dfB0x599
0xcdbS0x18deS0x14dfS0x599	0xc97B0x18deB0x14dfB0x599
0xcddS0x18deS0x14dfS0x599	0xc97B0x18deB0x14dfB0x599
0xce1S0x18deS0x14dfS0x599	0xc97B0x18deB0x14dfB0x599
0xce3S0x18deS0x14dfS0x599	0xc97B0x18deB0x14dfB0x599
0xce4S0x18deS0x14dfS0x599	0xc97B0x18deB0x14dfB0x599
0xce5S0x18deS0x14dfS0x599	0xc97B0x18deB0x14dfB0x599
0xce6S0x18deS0x14dfS0x599	0xc97B0x18deB0x14dfB0x599
0xce8S0x18deS0x14dfS0x599	0xc97B0x18deB0x14dfB0x599
0xceaS0x18deS0x14dfS0x599	0xc97B0x18deB0x14dfB0x599
0xcedS0x18deS0x14dfS0x599	0xc97B0x18deB0x14dfB0x599
0xcefS0x18deS0x14dfS0x599	0xc97B0x18deB0x14dfB0x599
0xcf0S0x18deS0x14dfS0x599	0xc97B0x18deB0x14dfB0x599
0xcf2S0x18deS0x14dfS0x599	0xc97B0x18deB0x14dfB0x599
0xcf9S0x18deS0x14dfS0x599	0xc97B0x18deB0x14dfB0x599
0xc9dS0x18deS0x14dfS0x599	0xc97B0x18deB0x14dfB0x599
0xca3S0x18deS0x14dfS0x599	0xc97B0x18deB0x14dfB0x599
0xcdaS0x18deS0x14dfS0x599	0xc97B0x18deB0x14dfB0x599
0xce0S0x18deS0x14dfS0x599	0xc97B0x18deB0x14dfB0x599
0x2eb5S0x18edS0x14dfS0x599	0x2eb4B0x18edB0x14dfB0x599
0x2eb6S0x18edS0x14dfS0x599	0x2eb4B0x18edB0x14dfB0x599
0x2eb9S0x18edS0x14dfS0x599	0x2eb4B0x18edB0x14dfB0x599
0x2ebcS0x18edS0x14dfS0x599	0x2eb4B0x18edB0x14dfB0x599
0x2ebfS0x18edS0x14dfS0x599	0x2eb4B0x18edB0x14dfB0x599
0x2ec1S0x18edS0x14dfS0x599	0x2eb4B0x18edB0x14dfB0x599
0x2ec3S0x18edS0x14dfS0x599	0x2eb4B0x18edB0x14dfB0x599
0x2ec6S0x18edS0x14dfS0x599	0x2eb4B0x18edB0x14dfB0x599
0x2ec8S0x18edS0x14dfS0x599	0x2ec7B0x18edB0x14dfB0x599
0x2ecbS0x18edS0x14dfS0x599	0x2ec7B0x18edB0x14dfB0x599
0x2eceS0x18edS0x14dfS0x599	0x2ec7B0x18edB0x14dfB0x599
0x2ed0S0x18edS0x14dfS0x599	0x2ec7B0x18edB0x14dfB0x599
0x2ed3S0x18edS0x14dfS0x599	0x2ec7B0x18edB0x14dfB0x599
0x2edaS0x18edS0x14dfS0x599	0x2ed4B0x18edB0x14dfB0x599
0x1a34S0x2ec7S0x18edS0x14dfS0x599	0x1a33B0x2ec7B0x18edB0x14dfB0x599
0x1a38S0x2ec7S0x18edS0x14dfS0x599	0x1a33B0x2ec7B0x18edB0x14dfB0x599
0x1a3bS0x2ec7S0x18edS0x14dfS0x599	0x1a33B0x2ec7B0x18edB0x14dfB0x599
0x1a2bS0x1a33S0x2ec7S0x18edS0x14dfS0x599	0x1a2aB0x1a33B0x2ec7B0x18edB0x14dfB0x599
0x1a32S0x1a33S0x2ec7S0x18edS0x14dfS0x599	0x1a2aB0x1a33B0x2ec7B0x18edB0x14dfB0x599
0x1a41S0x2ec7S0x18edS0x14dfS0x599	0x1a3cB0x2ec7B0x18edB0x14dfB0x599
0x1a3eS0x2ec7S0x18edS0x14dfS0x599	0x1a3cB0x2ec7B0x18edB0x14dfB0x599
0x25a4S0x2eb4S0x18edS0x14dfS0x599	0x259fB0x2eb4B0x18edB0x14dfB0x599
0x25a1S0x2eb4S0x18edS0x14dfS0x599	0x259fB0x2eb4B0x18edB0x14dfB0x599
0x2597S0x2eb4S0x18edS0x14dfS0x599	0x2596B0x2eb4B0x18edB0x14dfB0x599
0x259bS0x2eb4S0x18edS0x14dfS0x599	0x2596B0x2eb4B0x18edB0x14dfB0x599
0x259eS0x2eb4S0x18edS0x14dfS0x599	0x2596B0x2eb4B0x18edB0x14dfB0x599
0x1adfS0x2596S0x2eb4S0x18edS0x14dfS0x599	0x1ad9B0x2596B0x2eb4B0x18edB0x14dfB0x599
0x1ad0S0x2596S0x2eb4S0x18edS0x14dfS0x599	0x1acfB0x2596B0x2eb4B0x18edB0x14dfB0x599
0x1ad1S0x2596S0x2eb4S0x18edS0x14dfS0x599	0x1acfB0x2596B0x2eb4B0x18edB0x14dfB0x599
0x1ad5S0x2596S0x2eb4S0x18edS0x14dfS0x599	0x1acfB0x2596B0x2eb4B0x18edB0x14dfB0x599
0x1ad8S0x2596S0x2eb4S0x18edS0x14dfS0x599	0x1acfB0x2596B0x2eb4B0x18edB0x14dfB0x599
0x1ab1S0x1acfS0x2596S0x2eb4S0x18edS0x14dfS0x599	0x1ab0B0x1acfB0x2596B0x2eb4B0x18edB0x14dfB0x599
0x1ab2S0x1acfS0x2596S0x2eb4S0x18edS0x14dfS0x599	0x1ab0B0x1acfB0x2596B0x2eb4B0x18edB0x14dfB0x599
0x1ac8S0x1acfS0x2596S0x2eb4S0x18edS0x14dfS0x599	0x1ab0B0x1acfB0x2596B0x2eb4B0x18edB0x14dfB0x599
0x1aceS0x1acfS0x2596S0x2eb4S0x18edS0x14dfS0x599	0x1ab0B0x1acfB0x2596B0x2eb4B0x18edB0x14dfB0x599
0x14d4S0xc46	0x14d3B0xc46
0x14d8S0xc46	0x14d3B0xc46
0x14dbS0xc46	0x14d3B0xc46
0x14deS0xc46	0x14d3B0xc46
0x14e6S0xc46	0x14e4B0xc46
0x14e0S0xc46	0x14dfB0xc46
0x14e3S0xc46	0x14dfB0xc46
0x15d1S0x14d3S0xc46	0x15d0B0x14d3B0xc46
0x15d2S0x14d3S0xc46	0x15d0B0x14d3B0xc46
0x15d6S0x14d3S0xc46	0x15d0B0x14d3B0xc46
0x18dfS0x14dfS0xc46	0x18deB0x14dfB0xc46
0x18e4S0x14dfS0xc46	0x18deB0x14dfB0xc46
0x18e7S0x14dfS0xc46	0x18deB0x14dfB0xc46
0x18e9S0x14dfS0xc46	0x18e8B0x14dfB0xc46
0x18ecS0x14dfS0xc46	0x18e8B0x14dfB0xc46
0x192eS0x14dfS0xc46	0x192bB0x14dfB0xc46
0x1923S0x14dfS0xc46	0x1922B0x14dfB0xc46
0x1925S0x14dfS0xc46	0x1922B0x14dfB0xc46
0x1928S0x14dfS0xc46	0x1922B0x14dfB0xc46
0x192aS0x14dfS0xc46	0x1922B0x14dfB0xc46
0x18efS0x14dfS0xc46	0x18edB0x14dfB0xc46
0x18f1S0x14dfS0xc46	0x18edB0x14dfB0xc46
0x18f2S0x14dfS0xc46	0x18edB0x14dfB0xc46
0x1915S0x14dfS0xc46	0x18edB0x14dfB0xc46
0x1917S0x14dfS0xc46	0x18edB0x14dfB0xc46
0x1918S0x14dfS0xc46	0x18edB0x14dfB0xc46
0x191eS0x14dfS0xc46	0x18edB0x14dfB0xc46
0x1921S0x14dfS0xc46	0x18edB0x14dfB0xc46
0x1914S0x14dfS0xc46	0x18edB0x14dfB0xc46
0xc98S0x18deS0x14dfS0xc46	0xc97B0x18deB0x14dfB0xc46
0xc9aS0x18deS0x14dfS0xc46	0xc97B0x18deB0x14dfB0xc46
0xc9eS0x18deS0x14dfS0xc46	0xc97B0x18deB0x14dfB0xc46
0xca0S0x18deS0x14dfS0xc46	0xc97B0x18deB0x14dfB0xc46
0xca4S0x18deS0x14dfS0xc46	0xc97B0x18deB0x14dfB0xc46
0xca6S0x18deS0x14dfS0xc46	0xc97B0x18deB0x14dfB0xc46
0xca7S0x18deS0x14dfS0xc46	0xc97B0x18deB0x14dfB0xc46
0xca8S0x18deS0x14dfS0xc46	0xc97B0x18deB0x14dfB0xc46
0xca9S0x18deS0x14dfS0xc46	0xc97B0x18deB0x14dfB0xc46
0xcaaS0x18deS0x14dfS0xc46	0xc97B0x18deB0x14dfB0xc46
0xcabS0x18deS0x14dfS0xc46	0xc97B0x18deB0x14dfB0xc46
0xcadS0x18deS0x14dfS0xc46	0xc97B0x18deB0x14dfB0xc46
0xcc2S0x18deS0x14dfS0xc46	0xc97B0x18deB0x14dfB0xc46
0xcc3S0x18deS0x14dfS0xc46	0xc97B0x18deB0x14dfB0xc46
0xcd8S0x18deS0x14dfS0xc46	0xc97B0x18deB0x14dfB0xc46
0xcdbS0x18deS0x14dfS0xc46	0xc97B0x18deB0x14dfB0xc46
0xcddS0x18deS0x14dfS0xc46	0xc97B0x18deB0x14dfB0xc46
0xce1S0x18deS0x14dfS0xc46	0xc97B0x18deB0x14dfB0xc46
0xce3S0x18deS0x14dfS0xc46	0xc97B0x18deB0x14dfB0xc46
0xce4S0x18deS0x14dfS0xc46	0xc97B0x18deB0x14dfB0xc46
0xce5S0x18deS0x14dfS0xc46	0xc97B0x18deB0x14dfB0xc46
0xce6S0x18deS0x14dfS0xc46	0xc97B0x18deB0x14dfB0xc46
0xce8S0x18deS0x14dfS0xc46	0xc97B0x18deB0x14dfB0xc46
0xceaS0x18deS0x14dfS0xc46	0xc97B0x18deB0x14dfB0xc46
0xcedS0x18deS0x14dfS0xc46	0xc97B0x18deB0x14dfB0xc46
0xcefS0x18deS0x14dfS0xc46	0xc97B0x18deB0x14dfB0xc46
0xcf0S0x18deS0x14dfS0xc46	0xc97B0x18deB0x14dfB0xc46
0xcf2S0x18deS0x14dfS0xc46	0xc97B0x18deB0x14dfB0xc46
0xcf9S0x18deS0x14dfS0xc46	0xc97B0x18deB0x14dfB0xc46
0xc9dS0x18deS0x14dfS0xc46	0xc97B0x18deB0x14dfB0xc46
0xca3S0x18deS0x14dfS0xc46	0xc97B0x18deB0x14dfB0xc46
0xcdaS0x18deS0x14dfS0xc46	0xc97B0x18deB0x14dfB0xc46
0xce0S0x18deS0x14dfS0xc46	0xc97B0x18deB0x14dfB0xc46
0x2eb5S0x18edS0x14dfS0xc46	0x2eb4B0x18edB0x14dfB0xc46
0x2eb6S0x18edS0x14dfS0xc46	0x2eb4B0x18edB0x14dfB0xc46
0x2eb9S0x18edS0x14dfS0xc46	0x2eb4B0x18edB0x14dfB0xc46
0x2ebcS0x18edS0x14dfS0xc46	0x2eb4B0x18edB0x14dfB0xc46
0x2ebfS0x18edS0x14dfS0xc46	0x2eb4B0x18edB0x14dfB0xc46
0x2ec1S0x18edS0x14dfS0xc46	0x2eb4B0x18edB0x14dfB0xc46
0x2ec3S0x18edS0x14dfS0xc46	0x2eb4B0x18edB0x14dfB0xc46
0x2ec6S0x18edS0x14dfS0xc46	0x2eb4B0x18edB0x14dfB0xc46
0x2ec8S0x18edS0x14dfS0xc46	0x2ec7B0x18edB0x14dfB0xc46
0x2ecbS0x18edS0x14dfS0xc46	0x2ec7B0x18edB0x14dfB0xc46
0x2eceS0x18edS0x14dfS0xc46	0x2ec7B0x18edB0x14dfB0xc46
0x2ed0S0x18edS0x14dfS0xc46	0x2ec7B0x18edB0x14dfB0xc46
0x2ed3S0x18edS0x14dfS0xc46	0x2ec7B0x18edB0x14dfB0xc46
0x2edaS0x18edS0x14dfS0xc46	0x2ed4B0x18edB0x14dfB0xc46
0x1a34S0x2ec7S0x18edS0x14dfS0xc46	0x1a33B0x2ec7B0x18edB0x14dfB0xc46
0x1a38S0x2ec7S0x18edS0x14dfS0xc46	0x1a33B0x2ec7B0x18edB0x14dfB0xc46
0x1a3bS0x2ec7S0x18edS0x14dfS0xc46	0x1a33B0x2ec7B0x18edB0x14dfB0xc46
0x1a2bS0x1a33S0x2ec7S0x18edS0x14dfS0xc46	0x1a2aB0x1a33B0x2ec7B0x18edB0x14dfB0xc46
0x1a32S0x1a33S0x2ec7S0x18edS0x14dfS0xc46	0x1a2aB0x1a33B0x2ec7B0x18edB0x14dfB0xc46
0x1a41S0x2ec7S0x18edS0x14dfS0xc46	0x1a3cB0x2ec7B0x18edB0x14dfB0xc46
0x1a3eS0x2ec7S0x18edS0x14dfS0xc46	0x1a3cB0x2ec7B0x18edB0x14dfB0xc46
0x25a4S0x2eb4S0x18edS0x14dfS0xc46	0x259fB0x2eb4B0x18edB0x14dfB0xc46
0x25a1S0x2eb4S0x18edS0x14dfS0xc46	0x259fB0x2eb4B0x18edB0x14dfB0xc46
0x2597S0x2eb4S0x18edS0x14dfS0xc46	0x2596B0x2eb4B0x18edB0x14dfB0xc46
0x259bS0x2eb4S0x18edS0x14dfS0xc46	0x2596B0x2eb4B0x18edB0x14dfB0xc46
0x259eS0x2eb4S0x18edS0x14dfS0xc46	0x2596B0x2eb4B0x18edB0x14dfB0xc46
0x1adfS0x2596S0x2eb4S0x18edS0x14dfS0xc46	0x1ad9B0x2596B0x2eb4B0x18edB0x14dfB0xc46
0x1ad0S0x2596S0x2eb4S0x18edS0x14dfS0xc46	0x1acfB0x2596B0x2eb4B0x18edB0x14dfB0xc46
0x1ad1S0x2596S0x2eb4S0x18edS0x14dfS0xc46	0x1acfB0x2596B0x2eb4B0x18edB0x14dfB0xc46
0x1ad5S0x2596S0x2eb4S0x18edS0x14dfS0xc46	0x1acfB0x2596B0x2eb4B0x18edB0x14dfB0xc46
0x1ad8S0x2596S0x2eb4S0x18edS0x14dfS0xc46	0x1acfB0x2596B0x2eb4B0x18edB0x14dfB0xc46
0x1ab1S0x1acfS0x2596S0x2eb4S0x18edS0x14dfS0xc46	0x1ab0B0x1acfB0x2596B0x2eb4B0x18edB0x14dfB0xc46
0x1ab2S0x1acfS0x2596S0x2eb4S0x18edS0x14dfS0xc46	0x1ab0B0x1acfB0x2596B0x2eb4B0x18edB0x14dfB0xc46
0x1ac8S0x1acfS0x2596S0x2eb4S0x18edS0x14dfS0xc46	0x1ab0B0x1acfB0x2596B0x2eb4B0x18edB0x14dfB0xc46
0x1aceS0x1acfS0x2596S0x2eb4S0x18edS0x14dfS0xc46	0x1ab0B0x1acfB0x2596B0x2eb4B0x18edB0x14dfB0xc46
0x14d4S0xc80	0x14d3B0xc80
0x14d8S0xc80	0x14d3B0xc80
0x14dbS0xc80	0x14d3B0xc80
0x14deS0xc80	0x14d3B0xc80
0x14e6S0xc80	0x14e4B0xc80
0x14e0S0xc80	0x14dfB0xc80
0x14e3S0xc80	0x14dfB0xc80
0x15d1S0x14d3S0xc80	0x15d0B0x14d3B0xc80
0x15d2S0x14d3S0xc80	0x15d0B0x14d3B0xc80
0x15d6S0x14d3S0xc80	0x15d0B0x14d3B0xc80
0x18dfS0x14dfS0xc80	0x18deB0x14dfB0xc80
0x18e4S0x14dfS0xc80	0x18deB0x14dfB0xc80
0x18e7S0x14dfS0xc80	0x18deB0x14dfB0xc80
0x18e9S0x14dfS0xc80	0x18e8B0x14dfB0xc80
0x18ecS0x14dfS0xc80	0x18e8B0x14dfB0xc80
0x192eS0x14dfS0xc80	0x192bB0x14dfB0xc80
0x1923S0x14dfS0xc80	0x1922B0x14dfB0xc80
0x1925S0x14dfS0xc80	0x1922B0x14dfB0xc80
0x1928S0x14dfS0xc80	0x1922B0x14dfB0xc80
0x192aS0x14dfS0xc80	0x1922B0x14dfB0xc80
0x18efS0x14dfS0xc80	0x18edB0x14dfB0xc80
0x18f1S0x14dfS0xc80	0x18edB0x14dfB0xc80
0x18f2S0x14dfS0xc80	0x18edB0x14dfB0xc80
0x1915S0x14dfS0xc80	0x18edB0x14dfB0xc80
0x1917S0x14dfS0xc80	0x18edB0x14dfB0xc80
0x1918S0x14dfS0xc80	0x18edB0x14dfB0xc80
0x191eS0x14dfS0xc80	0x18edB0x14dfB0xc80
0x1921S0x14dfS0xc80	0x18edB0x14dfB0xc80
0x1914S0x14dfS0xc80	0x18edB0x14dfB0xc80
0xc98S0x18deS0x14dfS0xc80	0xc97B0x18deB0x14dfB0xc80
0xc9aS0x18deS0x14dfS0xc80	0xc97B0x18deB0x14dfB0xc80
0xc9eS0x18deS0x14dfS0xc80	0xc97B0x18deB0x14dfB0xc80
0xca0S0x18deS0x14dfS0xc80	0xc97B0x18deB0x14dfB0xc80
0xca4S0x18deS0x14dfS0xc80	0xc97B0x18deB0x14dfB0xc80
0xca6S0x18deS0x14dfS0xc80	0xc97B0x18deB0x14dfB0xc80
0xca7S0x18deS0x14dfS0xc80	0xc97B0x18deB0x14dfB0xc80
0xca8S0x18deS0x14dfS0xc80	0xc97B0x18deB0x14dfB0xc80
0xca9S0x18deS0x14dfS0xc80	0xc97B0x18deB0x14dfB0xc80
0xcaaS0x18deS0x14dfS0xc80	0xc97B0x18deB0x14dfB0xc80
0xcabS0x18deS0x14dfS0xc80	0xc97B0x18deB0x14dfB0xc80
0xcadS0x18deS0x14dfS0xc80	0xc97B0x18deB0x14dfB0xc80
0xcc2S0x18deS0x14dfS0xc80	0xc97B0x18deB0x14dfB0xc80
0xcc3S0x18deS0x14dfS0xc80	0xc97B0x18deB0x14dfB0xc80
0xcd8S0x18deS0x14dfS0xc80	0xc97B0x18deB0x14dfB0xc80
0xcdbS0x18deS0x14dfS0xc80	0xc97B0x18deB0x14dfB0xc80
0xcddS0x18deS0x14dfS0xc80	0xc97B0x18deB0x14dfB0xc80
0xce1S0x18deS0x14dfS0xc80	0xc97B0x18deB0x14dfB0xc80
0xce3S0x18deS0x14dfS0xc80	0xc97B0x18deB0x14dfB0xc80
0xce4S0x18deS0x14dfS0xc80	0xc97B0x18deB0x14dfB0xc80
0xce5S0x18deS0x14dfS0xc80	0xc97B0x18deB0x14dfB0xc80
0xce6S0x18deS0x14dfS0xc80	0xc97B0x18deB0x14dfB0xc80
0xce8S0x18deS0x14dfS0xc80	0xc97B0x18deB0x14dfB0xc80
0xceaS0x18deS0x14dfS0xc80	0xc97B0x18deB0x14dfB0xc80
0xcedS0x18deS0x14dfS0xc80	0xc97B0x18deB0x14dfB0xc80
0xcefS0x18deS0x14dfS0xc80	0xc97B0x18deB0x14dfB0xc80
0xcf0S0x18deS0x14dfS0xc80	0xc97B0x18deB0x14dfB0xc80
0xcf2S0x18deS0x14dfS0xc80	0xc97B0x18deB0x14dfB0xc80
0xcf9S0x18deS0x14dfS0xc80	0xc97B0x18deB0x14dfB0xc80
0xc9dS0x18deS0x14dfS0xc80	0xc97B0x18deB0x14dfB0xc80
0xca3S0x18deS0x14dfS0xc80	0xc97B0x18deB0x14dfB0xc80
0xcdaS0x18deS0x14dfS0xc80	0xc97B0x18deB0x14dfB0xc80
0xce0S0x18deS0x14dfS0xc80	0xc97B0x18deB0x14dfB0xc80
0x2eb5S0x18edS0x14dfS0xc80	0x2eb4B0x18edB0x14dfB0xc80
0x2eb6S0x18edS0x14dfS0xc80	0x2eb4B0x18edB0x14dfB0xc80
0x2eb9S0x18edS0x14dfS0xc80	0x2eb4B0x18edB0x14dfB0xc80
0x2ebcS0x18edS0x14dfS0xc80	0x2eb4B0x18edB0x14dfB0xc80
0x2ebfS0x18edS0x14dfS0xc80	0x2eb4B0x18edB0x14dfB0xc80
0x2ec1S0x18edS0x14dfS0xc80	0x2eb4B0x18edB0x14dfB0xc80
0x2ec3S0x18edS0x14dfS0xc80	0x2eb4B0x18edB0x14dfB0xc80
0x2ec6S0x18edS0x14dfS0xc80	0x2eb4B0x18edB0x14dfB0xc80
0x2ec8S0x18edS0x14dfS0xc80	0x2ec7B0x18edB0x14dfB0xc80
0x2ecbS0x18edS0x14dfS0xc80	0x2ec7B0x18edB0x14dfB0xc80
0x2eceS0x18edS0x14dfS0xc80	0x2ec7B0x18edB0x14dfB0xc80
0x2ed0S0x18edS0x14dfS0xc80	0x2ec7B0x18edB0x14dfB0xc80
0x2ed3S0x18edS0x14dfS0xc80	0x2ec7B0x18edB0x14dfB0xc80
0x2edaS0x18edS0x14dfS0xc80	0x2ed4B0x18edB0x14dfB0xc80
0x1a34S0x2ec7S0x18edS0x14dfS0xc80	0x1a33B0x2ec7B0x18edB0x14dfB0xc80
0x1a38S0x2ec7S0x18edS0x14dfS0xc80	0x1a33B0x2ec7B0x18edB0x14dfB0xc80
0x1a3bS0x2ec7S0x18edS0x14dfS0xc80	0x1a33B0x2ec7B0x18edB0x14dfB0xc80
0x1a2bS0x1a33S0x2ec7S0x18edS0x14dfS0xc80	0x1a2aB0x1a33B0x2ec7B0x18edB0x14dfB0xc80
0x1a32S0x1a33S0x2ec7S0x18edS0x14dfS0xc80	0x1a2aB0x1a33B0x2ec7B0x18edB0x14dfB0xc80
0x1a41S0x2ec7S0x18edS0x14dfS0xc80	0x1a3cB0x2ec7B0x18edB0x14dfB0xc80
0x1a3eS0x2ec7S0x18edS0x14dfS0xc80	0x1a3cB0x2ec7B0x18edB0x14dfB0xc80
0x25a4S0x2eb4S0x18edS0x14dfS0xc80	0x259fB0x2eb4B0x18edB0x14dfB0xc80
0x25a1S0x2eb4S0x18edS0x14dfS0xc80	0x259fB0x2eb4B0x18edB0x14dfB0xc80
0x2597S0x2eb4S0x18edS0x14dfS0xc80	0x2596B0x2eb4B0x18edB0x14dfB0xc80
0x259bS0x2eb4S0x18edS0x14dfS0xc80	0x2596B0x2eb4B0x18edB0x14dfB0xc80
0x259eS0x2eb4S0x18edS0x14dfS0xc80	0x2596B0x2eb4B0x18edB0x14dfB0xc80
0x1adfS0x2596S0x2eb4S0x18edS0x14dfS0xc80	0x1ad9B0x2596B0x2eb4B0x18edB0x14dfB0xc80
0x1ad0S0x2596S0x2eb4S0x18edS0x14dfS0xc80	0x1acfB0x2596B0x2eb4B0x18edB0x14dfB0xc80
0x1ad1S0x2596S0x2eb4S0x18edS0x14dfS0xc80	0x1acfB0x2596B0x2eb4B0x18edB0x14dfB0xc80
0x1ad5S0x2596S0x2eb4S0x18edS0x14dfS0xc80	0x1acfB0x2596B0x2eb4B0x18edB0x14dfB0xc80
0x1ad8S0x2596S0x2eb4S0x18edS0x14dfS0xc80	0x1acfB0x2596B0x2eb4B0x18edB0x14dfB0xc80
0x1ab1S0x1acfS0x2596S0x2eb4S0x18edS0x14dfS0xc80	0x1ab0B0x1acfB0x2596B0x2eb4B0x18edB0x14dfB0xc80
0x1ab2S0x1acfS0x2596S0x2eb4S0x18edS0x14dfS0xc80	0x1ab0B0x1acfB0x2596B0x2eb4B0x18edB0x14dfB0xc80
0x1ac8S0x1acfS0x2596S0x2eb4S0x18edS0x14dfS0xc80	0x1ab0B0x1acfB0x2596B0x2eb4B0x18edB0x14dfB0xc80
0x1aceS0x1acfS0x2596S0x2eb4S0x18edS0x14dfS0xc80	0x1ab0B0x1acfB0x2596B0x2eb4B0x18edB0x14dfB0xc80
0x14d4S0x505	0x14d3B0x505
0x14d8S0x505	0x14d3B0x505
0x14dbS0x505	0x14d3B0x505
0x14deS0x505	0x14d3B0x505
0x14e6S0x505	0x14e4B0x505
0x14e0S0x505	0x14dfB0x505
0x14e3S0x505	0x14dfB0x505
0x15d1S0x14d3S0x505	0x15d0B0x14d3B0x505
0x15d2S0x14d3S0x505	0x15d0B0x14d3B0x505
0x15d6S0x14d3S0x505	0x15d0B0x14d3B0x505
0x18dfS0x14dfS0x505	0x18deB0x14dfB0x505
0x18e4S0x14dfS0x505	0x18deB0x14dfB0x505
0x18e7S0x14dfS0x505	0x18deB0x14dfB0x505
0x18e9S0x14dfS0x505	0x18e8B0x14dfB0x505
0x18ecS0x14dfS0x505	0x18e8B0x14dfB0x505
0x192eS0x14dfS0x505	0x192bB0x14dfB0x505
0x1923S0x14dfS0x505	0x1922B0x14dfB0x505
0x1925S0x14dfS0x505	0x1922B0x14dfB0x505
0x1928S0x14dfS0x505	0x1922B0x14dfB0x505
0x192aS0x14dfS0x505	0x1922B0x14dfB0x505
0x18efS0x14dfS0x505	0x18edB0x14dfB0x505
0x18f1S0x14dfS0x505	0x18edB0x14dfB0x505
0x18f2S0x14dfS0x505	0x18edB0x14dfB0x505
0x1915S0x14dfS0x505	0x18edB0x14dfB0x505
0x1917S0x14dfS0x505	0x18edB0x14dfB0x505
0x1918S0x14dfS0x505	0x18edB0x14dfB0x505
0x191eS0x14dfS0x505	0x18edB0x14dfB0x505
0x1921S0x14dfS0x505	0x18edB0x14dfB0x505
0x1914S0x14dfS0x505	0x18edB0x14dfB0x505
0xc98S0x18deS0x14dfS0x505	0xc97B0x18deB0x14dfB0x505
0xc9aS0x18deS0x14dfS0x505	0xc97B0x18deB0x14dfB0x505
0xc9eS0x18deS0x14dfS0x505	0xc97B0x18deB0x14dfB0x505
0xca0S0x18deS0x14dfS0x505	0xc97B0x18deB0x14dfB0x505
0xca4S0x18deS0x14dfS0x505	0xc97B0x18deB0x14dfB0x505
0xca6S0x18deS0x14dfS0x505	0xc97B0x18deB0x14dfB0x505
0xca7S0x18deS0x14dfS0x505	0xc97B0x18deB0x14dfB0x505
0xca8S0x18deS0x14dfS0x505	0xc97B0x18deB0x14dfB0x505
0xca9S0x18deS0x14dfS0x505	0xc97B0x18deB0x14dfB0x505
0xcaaS0x18deS0x14dfS0x505	0xc97B0x18deB0x14dfB0x505
0xcabS0x18deS0x14dfS0x505	0xc97B0x18deB0x14dfB0x505
0xcadS0x18deS0x14dfS0x505	0xc97B0x18deB0x14dfB0x505
0xcc2S0x18deS0x14dfS0x505	0xc97B0x18deB0x14dfB0x505
0xcc3S0x18deS0x14dfS0x505	0xc97B0x18deB0x14dfB0x505
0xcd8S0x18deS0x14dfS0x505	0xc97B0x18deB0x14dfB0x505
0xcdbS0x18deS0x14dfS0x505	0xc97B0x18deB0x14dfB0x505
0xcddS0x18deS0x14dfS0x505	0xc97B0x18deB0x14dfB0x505
0xce1S0x18deS0x14dfS0x505	0xc97B0x18deB0x14dfB0x505
0xce3S0x18deS0x14dfS0x505	0xc97B0x18deB0x14dfB0x505
0xce4S0x18deS0x14dfS0x505	0xc97B0x18deB0x14dfB0x505
0xce5S0x18deS0x14dfS0x505	0xc97B0x18deB0x14dfB0x505
0xce6S0x18deS0x14dfS0x505	0xc97B0x18deB0x14dfB0x505
0xce8S0x18deS0x14dfS0x505	0xc97B0x18deB0x14dfB0x505
0xceaS0x18deS0x14dfS0x505	0xc97B0x18deB0x14dfB0x505
0xcedS0x18deS0x14dfS0x505	0xc97B0x18deB0x14dfB0x505
0xcefS0x18deS0x14dfS0x505	0xc97B0x18deB0x14dfB0x505
0xcf0S0x18deS0x14dfS0x505	0xc97B0x18deB0x14dfB0x505
0xcf2S0x18deS0x14dfS0x505	0xc97B0x18deB0x14dfB0x505
0xcf9S0x18deS0x14dfS0x505	0xc97B0x18deB0x14dfB0x505
0xc9dS0x18deS0x14dfS0x505	0xc97B0x18deB0x14dfB0x505
0xca3S0x18deS0x14dfS0x505	0xc97B0x18deB0x14dfB0x505
0xcdaS0x18deS0x14dfS0x505	0xc97B0x18deB0x14dfB0x505
0xce0S0x18deS0x14dfS0x505	0xc97B0x18deB0x14dfB0x505
0x2eb5S0x18edS0x14dfS0x505	0x2eb4B0x18edB0x14dfB0x505
0x2eb6S0x18edS0x14dfS0x505	0x2eb4B0x18edB0x14dfB0x505
0x2eb9S0x18edS0x14dfS0x505	0x2eb4B0x18edB0x14dfB0x505
0x2ebcS0x18edS0x14dfS0x505	0x2eb4B0x18edB0x14dfB0x505
0x2ebfS0x18edS0x14dfS0x505	0x2eb4B0x18edB0x14dfB0x505
0x2ec1S0x18edS0x14dfS0x505	0x2eb4B0x18edB0x14dfB0x505
0x2ec3S0x18edS0x14dfS0x505	0x2eb4B0x18edB0x14dfB0x505
0x2ec6S0x18edS0x14dfS0x505	0x2eb4B0x18edB0x14dfB0x505
0x2ec8S0x18edS0x14dfS0x505	0x2ec7B0x18edB0x14dfB0x505
0x2ecbS0x18edS0x14dfS0x505	0x2ec7B0x18edB0x14dfB0x505
0x2eceS0x18edS0x14dfS0x505	0x2ec7B0x18edB0x14dfB0x505
0x2ed0S0x18edS0x14dfS0x505	0x2ec7B0x18edB0x14dfB0x505
0x2ed3S0x18edS0x14dfS0x505	0x2ec7B0x18edB0x14dfB0x505
0x2edaS0x18edS0x14dfS0x505	0x2ed4B0x18edB0x14dfB0x505
0x1a34S0x2ec7S0x18edS0x14dfS0x505	0x1a33B0x2ec7B0x18edB0x14dfB0x505
0x1a38S0x2ec7S0x18edS0x14dfS0x505	0x1a33B0x2ec7B0x18edB0x14dfB0x505
0x1a3bS0x2ec7S0x18edS0x14dfS0x505	0x1a33B0x2ec7B0x18edB0x14dfB0x505
0x1a2bS0x1a33S0x2ec7S0x18edS0x14dfS0x505	0x1a2aB0x1a33B0x2ec7B0x18edB0x14dfB0x505
0x1a32S0x1a33S0x2ec7S0x18edS0x14dfS0x505	0x1a2aB0x1a33B0x2ec7B0x18edB0x14dfB0x505
0x1a41S0x2ec7S0x18edS0x14dfS0x505	0x1a3cB0x2ec7B0x18edB0x14dfB0x505
0x1a3eS0x2ec7S0x18edS0x14dfS0x505	0x1a3cB0x2ec7B0x18edB0x14dfB0x505
0x25a4S0x2eb4S0x18edS0x14dfS0x505	0x259fB0x2eb4B0x18edB0x14dfB0x505
0x25a1S0x2eb4S0x18edS0x14dfS0x505	0x259fB0x2eb4B0x18edB0x14dfB0x505
0x2597S0x2eb4S0x18edS0x14dfS0x505	0x2596B0x2eb4B0x18edB0x14dfB0x505
0x259bS0x2eb4S0x18edS0x14dfS0x505	0x2596B0x2eb4B0x18edB0x14dfB0x505
0x259eS0x2eb4S0x18edS0x14dfS0x505	0x2596B0x2eb4B0x18edB0x14dfB0x505
0x1adfS0x2596S0x2eb4S0x18edS0x14dfS0x505	0x1ad9B0x2596B0x2eb4B0x18edB0x14dfB0x505
0x1ad0S0x2596S0x2eb4S0x18edS0x14dfS0x505	0x1acfB0x2596B0x2eb4B0x18edB0x14dfB0x505
0x1ad1S0x2596S0x2eb4S0x18edS0x14dfS0x505	0x1acfB0x2596B0x2eb4B0x18edB0x14dfB0x505
0x1ad5S0x2596S0x2eb4S0x18edS0x14dfS0x505	0x1acfB0x2596B0x2eb4B0x18edB0x14dfB0x505
0x1ad8S0x2596S0x2eb4S0x18edS0x14dfS0x505	0x1acfB0x2596B0x2eb4B0x18edB0x14dfB0x505
0x1ab1S0x1acfS0x2596S0x2eb4S0x18edS0x14dfS0x505	0x1ab0B0x1acfB0x2596B0x2eb4B0x18edB0x14dfB0x505
0x1ab2S0x1acfS0x2596S0x2eb4S0x18edS0x14dfS0x505	0x1ab0B0x1acfB0x2596B0x2eb4B0x18edB0x14dfB0x505
0x1ac8S0x1acfS0x2596S0x2eb4S0x18edS0x14dfS0x505	0x1ab0B0x1acfB0x2596B0x2eb4B0x18edB0x14dfB0x505
0x1aceS0x1acfS0x2596S0x2eb4S0x18edS0x14dfS0x505	0x1ab0B0x1acfB0x2596B0x2eb4B0x18edB0x14dfB0x505
0x23d3S0x240c	0x23d3B0x240c
0x23d8S0x240c	0x23d3B0x240c
0x23d3_0x1S0x240c	0x23d3B0x240c
0x23dbS0x240c	0x23d3B0x240c
0x2372_0x2S0x240c	0x2372B0x240c
0x2377S0x240c	0x2372B0x240c
0x2374S0x240c	0x2372B0x240c
0x2384S0x240c	0x2383B0x240c
0x2387S0x240c	0x2383B0x240c
0x2383_0x2S0x240c	0x2383B0x240c
0x238eS0x240c	0x2383B0x240c
0x236aS0x240c	0x2369B0x240c
0x236eS0x240c	0x2369B0x240c
0x2371S0x240c	0x2369B0x240c
0x23bfS0x240c	0x23bcB0x240c
0x23c3S0x240c	0x23bcB0x240c
0x23c6S0x240c	0x23bcB0x240c
0x2351S0x240c	0x2350B0x240c
0x2355S0x240c	0x2350B0x240c
0x2358S0x240c	0x2350B0x240c
0x235fS0x240c	0x2350B0x240c
0x2354S0x240c	0x2350B0x240c
0x23c9S0x240c	0x23c7B0x240c
0x2361S0x240c	0x2360B0x240c
0x2368S0x240c	0x2360B0x240c
0x23ff_0x6S0x240c	0x23ffB0x240c
0x240bS0x240c	0x23ffB0x240c
0x23ddS0x240c	0x23dcB0x240c
0x23e2S0x240c	0x23dcB0x240c
0x23e5S0x240c	0x23dcB0x240c
0x23e9S0x240c	0x23e6B0x240c
0x23edS0x240c	0x23e6B0x240c
0x23f0S0x240c	0x23e6B0x240c
0x2379S0x240c	0x2378B0x240c
0x237aS0x240c	0x2378B0x240c
0x237fS0x240c	0x2378B0x240c
0x2382S0x240c	0x2378B0x240c
0x23f5S0x240c	0x23f1B0x240c
0x23f8S0x240c	0x23f1B0x240c
0x23fbS0x240c	0x23f1B0x240c
0x23f1_0x2S0x240c	0x23f1B0x240c
0x23feS0x240c	0x23f1B0x240c
0x23a6S0x240c	0x23a5B0x240c
0x23a7S0x240c	0x23a5B0x240c
0x23aaS0x240c	0x23a5B0x240c
0x23a5_0x0S0x240c	0x23a5B0x240c
0x23b0S0x240c	0x23a5B0x240c
0x23cdS0x240c	0x23caB0x240c
0x23ceS0x240c	0x23caB0x240c
0x23cfS0x240c	0x23caB0x240c
0x23ca_0x0S0x240c	0x23caB0x240c
0x23d2S0x240c	0x23caB0x240c
0x23b2S0x240c	0x23b1B0x240c
0x23b3S0x240c	0x23b1B0x240c
0x23b8S0x240c	0x23b1B0x240c
0x23bbS0x240c	0x23b1B0x240c
0x1ad0S0x2369S0x240c	0x1acfB0x2369B0x240c
0x1ad1S0x2369S0x240c	0x1acfB0x2369B0x240c
0x1ad5S0x2369S0x240c	0x1acfB0x2369B0x240c
0x1ad8S0x2369S0x240c	0x1acfB0x2369B0x240c
0x1ab1S0x1acfS0x2369S0x240c	0x1ab0B0x1acfB0x2369B0x240c
0x1ab2S0x1acfS0x2369S0x240c	0x1ab0B0x1acfB0x2369B0x240c
0x1ac8S0x1acfS0x2369S0x240c	0x1ab0B0x1acfB0x2369B0x240c
0x1aceS0x1acfS0x2369S0x240c	0x1ab0B0x1acfB0x2369B0x240c
0x1adfS0x2369S0x240c	0x1ad9B0x2369B0x240c
0x23a4S0x23d3S0x240c	0x239dB0x23d3B0x240c
0x2390S0x23d3S0x240c	0x238fB0x23d3B0x240c
0x2391S0x23d3S0x240c	0x238fB0x23d3B0x240c
0x2394S0x23d3S0x240c	0x238fB0x23d3B0x240c
0x2397S0x23d3S0x240c	0x238fB0x23d3B0x240c
0x2399S0x23d3S0x240c	0x238fB0x23d3B0x240c
0x239cS0x23d3S0x240c	0x238fB0x23d3B0x240c
0x1b09S0x238fS0x23d3S0x240c	0x1b04B0x238fB0x23d3B0x240c
0x1af7S0x238fS0x23d3S0x240c	0x1af6B0x238fB0x23d3B0x240c
0x1af9S0x238fS0x23d3S0x240c	0x1af6B0x238fB0x23d3B0x240c
0x1afcS0x238fS0x23d3S0x240c	0x1af6B0x238fB0x23d3B0x240c
0x1b00S0x238fS0x23d3S0x240c	0x1af6B0x238fB0x23d3B0x240c
0x1b03S0x238fS0x23d3S0x240c	0x1af6B0x238fB0x23d3B0x240c
0x1af0S0x1af6S0x238fS0x23d3S0x240c	0x1af0B0x1af6B0x238fB0x23d3B0x240c
0x1af2S0x1af6S0x238fS0x23d3S0x240c	0x1af0B0x1af6B0x238fB0x23d3B0x240c
0x1aebS0x1af6S0x238fS0x23d3S0x240c	0x1ae9B0x1af6B0x238fB0x23d3B0x240c
0x1aecS0x1af6S0x238fS0x23d3S0x240c	0x1ae9B0x1af6B0x238fB0x23d3B0x240c
0x1aefS0x1af6S0x238fS0x23d3S0x240c	0x1ae9B0x1af6B0x238fB0x23d3B0x240c
0x1af5S0x1af6S0x238fS0x23d3S0x240c	0x1af3B0x1af6B0x238fB0x23d3B0x240c
0x1ae1S0x1af6S0x238fS0x23d3S0x240c	0x1ae0B0x1af6B0x238fB0x23d3B0x240c
0x1ae5S0x1af6S0x238fS0x23d3S0x240c	0x1ae0B0x1af6B0x238fB0x23d3B0x240c
0x1ae8S0x1af6S0x238fS0x23d3S0x240c	0x1ae0B0x1af6B0x238fB0x23d3B0x240c
0x1adfS0x1ae0S0x1af6S0x238fS0x23d3S0x240c	0x1ad9B0x1ae0B0x1af6B0x238fB0x23d3B0x240c
0x1ad0S0x1ae0S0x1af6S0x238fS0x23d3S0x240c	0x1acfB0x1ae0B0x1af6B0x238fB0x23d3B0x240c
0x1ad1S0x1ae0S0x1af6S0x238fS0x23d3S0x240c	0x1acfB0x1ae0B0x1af6B0x238fB0x23d3B0x240c
0x1ad5S0x1ae0S0x1af6S0x238fS0x23d3S0x240c	0x1acfB0x1ae0B0x1af6B0x238fB0x23d3B0x240c
0x1ad8S0x1ae0S0x1af6S0x238fS0x23d3S0x240c	0x1acfB0x1ae0B0x1af6B0x238fB0x23d3B0x240c
0x1ab1S0x1acfS0x1ae0S0x1af6S0x238fS0x23d3S0x240c	0x1ab0B0x1acfB0x1ae0B0x1af6B0x238fB0x23d3B0x240c
0x1ab2S0x1acfS0x1ae0S0x1af6S0x238fS0x23d3S0x240c	0x1ab0B0x1acfB0x1ae0B0x1af6B0x238fB0x23d3B0x240c
0x1ac8S0x1acfS0x1ae0S0x1af6S0x238fS0x23d3S0x240c	0x1ab0B0x1acfB0x1ae0B0x1af6B0x238fB0x23d3B0x240c
0x1aceS0x1acfS0x1ae0S0x1af6S0x238fS0x23d3S0x240c	0x1ab0B0x1acfB0x1ae0B0x1af6B0x238fB0x23d3B0x240c
0x14d4S0x953	0x14d3B0x953
0x14d8S0x953	0x14d3B0x953
0x14dbS0x953	0x14d3B0x953
0x14deS0x953	0x14d3B0x953
0x14e6S0x953	0x14e4B0x953
0x14e0S0x953	0x14dfB0x953
0x14e3S0x953	0x14dfB0x953
0x15d1S0x14d3S0x953	0x15d0B0x14d3B0x953
0x15d2S0x14d3S0x953	0x15d0B0x14d3B0x953
0x15d6S0x14d3S0x953	0x15d0B0x14d3B0x953
0x18dfS0x14dfS0x953	0x18deB0x14dfB0x953
0x18e4S0x14dfS0x953	0x18deB0x14dfB0x953
0x18e7S0x14dfS0x953	0x18deB0x14dfB0x953
0x18e9S0x14dfS0x953	0x18e8B0x14dfB0x953
0x18ecS0x14dfS0x953	0x18e8B0x14dfB0x953
0x192eS0x14dfS0x953	0x192bB0x14dfB0x953
0x1923S0x14dfS0x953	0x1922B0x14dfB0x953
0x1925S0x14dfS0x953	0x1922B0x14dfB0x953
0x1928S0x14dfS0x953	0x1922B0x14dfB0x953
0x192aS0x14dfS0x953	0x1922B0x14dfB0x953
0x18efS0x14dfS0x953	0x18edB0x14dfB0x953
0x18f1S0x14dfS0x953	0x18edB0x14dfB0x953
0x18f2S0x14dfS0x953	0x18edB0x14dfB0x953
0x1915S0x14dfS0x953	0x18edB0x14dfB0x953
0x1917S0x14dfS0x953	0x18edB0x14dfB0x953
0x1918S0x14dfS0x953	0x18edB0x14dfB0x953
0x191eS0x14dfS0x953	0x18edB0x14dfB0x953
0x1921S0x14dfS0x953	0x18edB0x14dfB0x953
0x1914S0x14dfS0x953	0x18edB0x14dfB0x953
0xc98S0x18deS0x14dfS0x953	0xc97B0x18deB0x14dfB0x953
0xc9aS0x18deS0x14dfS0x953	0xc97B0x18deB0x14dfB0x953
0xc9eS0x18deS0x14dfS0x953	0xc97B0x18deB0x14dfB0x953
0xca0S0x18deS0x14dfS0x953	0xc97B0x18deB0x14dfB0x953
0xca4S0x18deS0x14dfS0x953	0xc97B0x18deB0x14dfB0x953
0xca6S0x18deS0x14dfS0x953	0xc97B0x18deB0x14dfB0x953
0xca7S0x18deS0x14dfS0x953	0xc97B0x18deB0x14dfB0x953
0xca8S0x18deS0x14dfS0x953	0xc97B0x18deB0x14dfB0x953
0xca9S0x18deS0x14dfS0x953	0xc97B0x18deB0x14dfB0x953
0xcaaS0x18deS0x14dfS0x953	0xc97B0x18deB0x14dfB0x953
0xcabS0x18deS0x14dfS0x953	0xc97B0x18deB0x14dfB0x953
0xcadS0x18deS0x14dfS0x953	0xc97B0x18deB0x14dfB0x953
0xcc2S0x18deS0x14dfS0x953	0xc97B0x18deB0x14dfB0x953
0xcc3S0x18deS0x14dfS0x953	0xc97B0x18deB0x14dfB0x953
0xcd8S0x18deS0x14dfS0x953	0xc97B0x18deB0x14dfB0x953
0xcdbS0x18deS0x14dfS0x953	0xc97B0x18deB0x14dfB0x953
0xcddS0x18deS0x14dfS0x953	0xc97B0x18deB0x14dfB0x953
0xce1S0x18deS0x14dfS0x953	0xc97B0x18deB0x14dfB0x953
0xce3S0x18deS0x14dfS0x953	0xc97B0x18deB0x14dfB0x953
0xce4S0x18deS0x14dfS0x953	0xc97B0x18deB0x14dfB0x953
0xce5S0x18deS0x14dfS0x953	0xc97B0x18deB0x14dfB0x953
0xce6S0x18deS0x14dfS0x953	0xc97B0x18deB0x14dfB0x953
0xce8S0x18deS0x14dfS0x953	0xc97B0x18deB0x14dfB0x953
0xceaS0x18deS0x14dfS0x953	0xc97B0x18deB0x14dfB0x953
0xcedS0x18deS0x14dfS0x953	0xc97B0x18deB0x14dfB0x953
0xcefS0x18deS0x14dfS0x953	0xc97B0x18deB0x14dfB0x953
0xcf0S0x18deS0x14dfS0x953	0xc97B0x18deB0x14dfB0x953
0xcf2S0x18deS0x14dfS0x953	0xc97B0x18deB0x14dfB0x953
0xcf9S0x18deS0x14dfS0x953	0xc97B0x18deB0x14dfB0x953
0xc9dS0x18deS0x14dfS0x953	0xc97B0x18deB0x14dfB0x953
0xca3S0x18deS0x14dfS0x953	0xc97B0x18deB0x14dfB0x953
0xcdaS0x18deS0x14dfS0x953	0xc97B0x18deB0x14dfB0x953
0xce0S0x18deS0x14dfS0x953	0xc97B0x18deB0x14dfB0x953
0x2eb5S0x18edS0x14dfS0x953	0x2eb4B0x18edB0x14dfB0x953
0x2eb6S0x18edS0x14dfS0x953	0x2eb4B0x18edB0x14dfB0x953
0x2eb9S0x18edS0x14dfS0x953	0x2eb4B0x18edB0x14dfB0x953
0x2ebcS0x18edS0x14dfS0x953	0x2eb4B0x18edB0x14dfB0x953
0x2ebfS0x18edS0x14dfS0x953	0x2eb4B0x18edB0x14dfB0x953
0x2ec1S0x18edS0x14dfS0x953	0x2eb4B0x18edB0x14dfB0x953
0x2ec3S0x18edS0x14dfS0x953	0x2eb4B0x18edB0x14dfB0x953
0x2ec6S0x18edS0x14dfS0x953	0x2eb4B0x18edB0x14dfB0x953
0x2ec8S0x18edS0x14dfS0x953	0x2ec7B0x18edB0x14dfB0x953
0x2ecbS0x18edS0x14dfS0x953	0x2ec7B0x18edB0x14dfB0x953
0x2eceS0x18edS0x14dfS0x953	0x2ec7B0x18edB0x14dfB0x953
0x2ed0S0x18edS0x14dfS0x953	0x2ec7B0x18edB0x14dfB0x953
0x2ed3S0x18edS0x14dfS0x953	0x2ec7B0x18edB0x14dfB0x953
0x2edaS0x18edS0x14dfS0x953	0x2ed4B0x18edB0x14dfB0x953
0x1a34S0x2ec7S0x18edS0x14dfS0x953	0x1a33B0x2ec7B0x18edB0x14dfB0x953
0x1a38S0x2ec7S0x18edS0x14dfS0x953	0x1a33B0x2ec7B0x18edB0x14dfB0x953
0x1a3bS0x2ec7S0x18edS0x14dfS0x953	0x1a33B0x2ec7B0x18edB0x14dfB0x953
0x1a2bS0x1a33S0x2ec7S0x18edS0x14dfS0x953	0x1a2aB0x1a33B0x2ec7B0x18edB0x14dfB0x953
0x1a32S0x1a33S0x2ec7S0x18edS0x14dfS0x953	0x1a2aB0x1a33B0x2ec7B0x18edB0x14dfB0x953
0x1a41S0x2ec7S0x18edS0x14dfS0x953	0x1a3cB0x2ec7B0x18edB0x14dfB0x953
0x1a3eS0x2ec7S0x18edS0x14dfS0x953	0x1a3cB0x2ec7B0x18edB0x14dfB0x953
0x25a4S0x2eb4S0x18edS0x14dfS0x953	0x259fB0x2eb4B0x18edB0x14dfB0x953
0x25a1S0x2eb4S0x18edS0x14dfS0x953	0x259fB0x2eb4B0x18edB0x14dfB0x953
0x2597S0x2eb4S0x18edS0x14dfS0x953	0x2596B0x2eb4B0x18edB0x14dfB0x953
0x259bS0x2eb4S0x18edS0x14dfS0x953	0x2596B0x2eb4B0x18edB0x14dfB0x953
0x259eS0x2eb4S0x18edS0x14dfS0x953	0x2596B0x2eb4B0x18edB0x14dfB0x953
0x1adfS0x2596S0x2eb4S0x18edS0x14dfS0x953	0x1ad9B0x2596B0x2eb4B0x18edB0x14dfB0x953
0x1ad0S0x2596S0x2eb4S0x18edS0x14dfS0x953	0x1acfB0x2596B0x2eb4B0x18edB0x14dfB0x953
0x1ad1S0x2596S0x2eb4S0x18edS0x14dfS0x953	0x1acfB0x2596B0x2eb4B0x18edB0x14dfB0x953
0x1ad5S0x2596S0x2eb4S0x18edS0x14dfS0x953	0x1acfB0x2596B0x2eb4B0x18edB0x14dfB0x953
0x1ad8S0x2596S0x2eb4S0x18edS0x14dfS0x953	0x1acfB0x2596B0x2eb4B0x18edB0x14dfB0x953
0x1ab1S0x1acfS0x2596S0x2eb4S0x18edS0x14dfS0x953	0x1ab0B0x1acfB0x2596B0x2eb4B0x18edB0x14dfB0x953
0x1ab2S0x1acfS0x2596S0x2eb4S0x18edS0x14dfS0x953	0x1ab0B0x1acfB0x2596B0x2eb4B0x18edB0x14dfB0x953
0x1ac8S0x1acfS0x2596S0x2eb4S0x18edS0x14dfS0x953	0x1ab0B0x1acfB0x2596B0x2eb4B0x18edB0x14dfB0x953
0x1aceS0x1acfS0x2596S0x2eb4S0x18edS0x14dfS0x953	0x1ab0B0x1acfB0x2596B0x2eb4B0x18edB0x14dfB0x953
0x14d4S0xac4	0x14d3B0xac4
0x14d8S0xac4	0x14d3B0xac4
0x14dbS0xac4	0x14d3B0xac4
0x14deS0xac4	0x14d3B0xac4
0x14e6S0xac4	0x14e4B0xac4
0x14e0S0xac4	0x14dfB0xac4
0x14e3S0xac4	0x14dfB0xac4
0x15d1S0x14d3S0xac4	0x15d0B0x14d3B0xac4
0x15d2S0x14d3S0xac4	0x15d0B0x14d3B0xac4
0x15d6S0x14d3S0xac4	0x15d0B0x14d3B0xac4
0x18dfS0x14dfS0xac4	0x18deB0x14dfB0xac4
0x18e4S0x14dfS0xac4	0x18deB0x14dfB0xac4
0x18e7S0x14dfS0xac4	0x18deB0x14dfB0xac4
0x18e9S0x14dfS0xac4	0x18e8B0x14dfB0xac4
0x18ecS0x14dfS0xac4	0x18e8B0x14dfB0xac4
0x192eS0x14dfS0xac4	0x192bB0x14dfB0xac4
0x1923S0x14dfS0xac4	0x1922B0x14dfB0xac4
0x1925S0x14dfS0xac4	0x1922B0x14dfB0xac4
0x1928S0x14dfS0xac4	0x1922B0x14dfB0xac4
0x192aS0x14dfS0xac4	0x1922B0x14dfB0xac4
0x18efS0x14dfS0xac4	0x18edB0x14dfB0xac4
0x18f1S0x14dfS0xac4	0x18edB0x14dfB0xac4
0x18f2S0x14dfS0xac4	0x18edB0x14dfB0xac4
0x1915S0x14dfS0xac4	0x18edB0x14dfB0xac4
0x1917S0x14dfS0xac4	0x18edB0x14dfB0xac4
0x1918S0x14dfS0xac4	0x18edB0x14dfB0xac4
0x191eS0x14dfS0xac4	0x18edB0x14dfB0xac4
0x1921S0x14dfS0xac4	0x18edB0x14dfB0xac4
0x1914S0x14dfS0xac4	0x18edB0x14dfB0xac4
0xc98S0x18deS0x14dfS0xac4	0xc97B0x18deB0x14dfB0xac4
0xc9aS0x18deS0x14dfS0xac4	0xc97B0x18deB0x14dfB0xac4
0xc9eS0x18deS0x14dfS0xac4	0xc97B0x18deB0x14dfB0xac4
0xca0S0x18deS0x14dfS0xac4	0xc97B0x18deB0x14dfB0xac4
0xca4S0x18deS0x14dfS0xac4	0xc97B0x18deB0x14dfB0xac4
0xca6S0x18deS0x14dfS0xac4	0xc97B0x18deB0x14dfB0xac4
0xca7S0x18deS0x14dfS0xac4	0xc97B0x18deB0x14dfB0xac4
0xca8S0x18deS0x14dfS0xac4	0xc97B0x18deB0x14dfB0xac4
0xca9S0x18deS0x14dfS0xac4	0xc97B0x18deB0x14dfB0xac4
0xcaaS0x18deS0x14dfS0xac4	0xc97B0x18deB0x14dfB0xac4
0xcabS0x18deS0x14dfS0xac4	0xc97B0x18deB0x14dfB0xac4
0xcadS0x18deS0x14dfS0xac4	0xc97B0x18deB0x14dfB0xac4
0xcc2S0x18deS0x14dfS0xac4	0xc97B0x18deB0x14dfB0xac4
0xcc3S0x18deS0x14dfS0xac4	0xc97B0x18deB0x14dfB0xac4
0xcd8S0x18deS0x14dfS0xac4	0xc97B0x18deB0x14dfB0xac4
0xcdbS0x18deS0x14dfS0xac4	0xc97B0x18deB0x14dfB0xac4
0xcddS0x18deS0x14dfS0xac4	0xc97B0x18deB0x14dfB0xac4
0xce1S0x18deS0x14dfS0xac4	0xc97B0x18deB0x14dfB0xac4
0xce3S0x18deS0x14dfS0xac4	0xc97B0x18deB0x14dfB0xac4
0xce4S0x18deS0x14dfS0xac4	0xc97B0x18deB0x14dfB0xac4
0xce5S0x18deS0x14dfS0xac4	0xc97B0x18deB0x14dfB0xac4
0xce6S0x18deS0x14dfS0xac4	0xc97B0x18deB0x14dfB0xac4
0xce8S0x18deS0x14dfS0xac4	0xc97B0x18deB0x14dfB0xac4
0xceaS0x18deS0x14dfS0xac4	0xc97B0x18deB0x14dfB0xac4
0xcedS0x18deS0x14dfS0xac4	0xc97B0x18deB0x14dfB0xac4
0xcefS0x18deS0x14dfS0xac4	0xc97B0x18deB0x14dfB0xac4
0xcf0S0x18deS0x14dfS0xac4	0xc97B0x18deB0x14dfB0xac4
0xcf2S0x18deS0x14dfS0xac4	0xc97B0x18deB0x14dfB0xac4
0xcf9S0x18deS0x14dfS0xac4	0xc97B0x18deB0x14dfB0xac4
0xc9dS0x18deS0x14dfS0xac4	0xc97B0x18deB0x14dfB0xac4
0xca3S0x18deS0x14dfS0xac4	0xc97B0x18deB0x14dfB0xac4
0xcdaS0x18deS0x14dfS0xac4	0xc97B0x18deB0x14dfB0xac4
0xce0S0x18deS0x14dfS0xac4	0xc97B0x18deB0x14dfB0xac4
0x2eb5S0x18edS0x14dfS0xac4	0x2eb4B0x18edB0x14dfB0xac4
0x2eb6S0x18edS0x14dfS0xac4	0x2eb4B0x18edB0x14dfB0xac4
0x2eb9S0x18edS0x14dfS0xac4	0x2eb4B0x18edB0x14dfB0xac4
0x2ebcS0x18edS0x14dfS0xac4	0x2eb4B0x18edB0x14dfB0xac4
0x2ebfS0x18edS0x14dfS0xac4	0x2eb4B0x18edB0x14dfB0xac4
0x2ec1S0x18edS0x14dfS0xac4	0x2eb4B0x18edB0x14dfB0xac4
0x2ec3S0x18edS0x14dfS0xac4	0x2eb4B0x18edB0x14dfB0xac4
0x2ec6S0x18edS0x14dfS0xac4	0x2eb4B0x18edB0x14dfB0xac4
0x2ec8S0x18edS0x14dfS0xac4	0x2ec7B0x18edB0x14dfB0xac4
0x2ecbS0x18edS0x14dfS0xac4	0x2ec7B0x18edB0x14dfB0xac4
0x2eceS0x18edS0x14dfS0xac4	0x2ec7B0x18edB0x14dfB0xac4
0x2ed0S0x18edS0x14dfS0xac4	0x2ec7B0x18edB0x14dfB0xac4
0x2ed3S0x18edS0x14dfS0xac4	0x2ec7B0x18edB0x14dfB0xac4
0x2edaS0x18edS0x14dfS0xac4	0x2ed4B0x18edB0x14dfB0xac4
0x1a34S0x2ec7S0x18edS0x14dfS0xac4	0x1a33B0x2ec7B0x18edB0x14dfB0xac4
0x1a38S0x2ec7S0x18edS0x14dfS0xac4	0x1a33B0x2ec7B0x18edB0x14dfB0xac4
0x1a3bS0x2ec7S0x18edS0x14dfS0xac4	0x1a33B0x2ec7B0x18edB0x14dfB0xac4
0x1a2bS0x1a33S0x2ec7S0x18edS0x14dfS0xac4	0x1a2aB0x1a33B0x2ec7B0x18edB0x14dfB0xac4
0x1a32S0x1a33S0x2ec7S0x18edS0x14dfS0xac4	0x1a2aB0x1a33B0x2ec7B0x18edB0x14dfB0xac4
0x1a41S0x2ec7S0x18edS0x14dfS0xac4	0x1a3cB0x2ec7B0x18edB0x14dfB0xac4
0x1a3eS0x2ec7S0x18edS0x14dfS0xac4	0x1a3cB0x2ec7B0x18edB0x14dfB0xac4
0x25a4S0x2eb4S0x18edS0x14dfS0xac4	0x259fB0x2eb4B0x18edB0x14dfB0xac4
0x25a1S0x2eb4S0x18edS0x14dfS0xac4	0x259fB0x2eb4B0x18edB0x14dfB0xac4
0x2597S0x2eb4S0x18edS0x14dfS0xac4	0x2596B0x2eb4B0x18edB0x14dfB0xac4
0x259bS0x2eb4S0x18edS0x14dfS0xac4	0x2596B0x2eb4B0x18edB0x14dfB0xac4
0x259eS0x2eb4S0x18edS0x14dfS0xac4	0x2596B0x2eb4B0x18edB0x14dfB0xac4
0x1adfS0x2596S0x2eb4S0x18edS0x14dfS0xac4	0x1ad9B0x2596B0x2eb4B0x18edB0x14dfB0xac4
0x1ad0S0x2596S0x2eb4S0x18edS0x14dfS0xac4	0x1acfB0x2596B0x2eb4B0x18edB0x14dfB0xac4
0x1ad1S0x2596S0x2eb4S0x18edS0x14dfS0xac4	0x1acfB0x2596B0x2eb4B0x18edB0x14dfB0xac4
0x1ad5S0x2596S0x2eb4S0x18edS0x14dfS0xac4	0x1acfB0x2596B0x2eb4B0x18edB0x14dfB0xac4
0x1ad8S0x2596S0x2eb4S0x18edS0x14dfS0xac4	0x1acfB0x2596B0x2eb4B0x18edB0x14dfB0xac4
0x1ab1S0x1acfS0x2596S0x2eb4S0x18edS0x14dfS0xac4	0x1ab0B0x1acfB0x2596B0x2eb4B0x18edB0x14dfB0xac4
0x1ab2S0x1acfS0x2596S0x2eb4S0x18edS0x14dfS0xac4	0x1ab0B0x1acfB0x2596B0x2eb4B0x18edB0x14dfB0xac4
0x1ac8S0x1acfS0x2596S0x2eb4S0x18edS0x14dfS0xac4	0x1ab0B0x1acfB0x2596B0x2eb4B0x18edB0x14dfB0xac4
0x1aceS0x1acfS0x2596S0x2eb4S0x18edS0x14dfS0xac4	0x1ab0B0x1acfB0x2596B0x2eb4B0x18edB0x14dfB0xac4
0x14d4S0xd08	0x14d3B0xd08
0x14d8S0xd08	0x14d3B0xd08
0x14dbS0xd08	0x14d3B0xd08
0x14deS0xd08	0x14d3B0xd08
0x14e6S0xd08	0x14e4B0xd08
0x14e0S0xd08	0x14dfB0xd08
0x14e3S0xd08	0x14dfB0xd08
0x15d1S0x14d3S0xd08	0x15d0B0x14d3B0xd08
0x15d2S0x14d3S0xd08	0x15d0B0x14d3B0xd08
0x15d6S0x14d3S0xd08	0x15d0B0x14d3B0xd08
0x18dfS0x14dfS0xd08	0x18deB0x14dfB0xd08
0x18e4S0x14dfS0xd08	0x18deB0x14dfB0xd08
0x18e7S0x14dfS0xd08	0x18deB0x14dfB0xd08
0x18e9S0x14dfS0xd08	0x18e8B0x14dfB0xd08
0x18ecS0x14dfS0xd08	0x18e8B0x14dfB0xd08
0x192eS0x14dfS0xd08	0x192bB0x14dfB0xd08
0x1923S0x14dfS0xd08	0x1922B0x14dfB0xd08
0x1925S0x14dfS0xd08	0x1922B0x14dfB0xd08
0x1928S0x14dfS0xd08	0x1922B0x14dfB0xd08
0x192aS0x14dfS0xd08	0x1922B0x14dfB0xd08
0x18efS0x14dfS0xd08	0x18edB0x14dfB0xd08
0x18f1S0x14dfS0xd08	0x18edB0x14dfB0xd08
0x18f2S0x14dfS0xd08	0x18edB0x14dfB0xd08
0x1915S0x14dfS0xd08	0x18edB0x14dfB0xd08
0x1917S0x14dfS0xd08	0x18edB0x14dfB0xd08
0x1918S0x14dfS0xd08	0x18edB0x14dfB0xd08
0x191eS0x14dfS0xd08	0x18edB0x14dfB0xd08
0x1921S0x14dfS0xd08	0x18edB0x14dfB0xd08
0x1914S0x14dfS0xd08	0x18edB0x14dfB0xd08
0xc98S0x18deS0x14dfS0xd08	0xc97B0x18deB0x14dfB0xd08
0xc9aS0x18deS0x14dfS0xd08	0xc97B0x18deB0x14dfB0xd08
0xc9eS0x18deS0x14dfS0xd08	0xc97B0x18deB0x14dfB0xd08
0xca0S0x18deS0x14dfS0xd08	0xc97B0x18deB0x14dfB0xd08
0xca4S0x18deS0x14dfS0xd08	0xc97B0x18deB0x14dfB0xd08
0xca6S0x18deS0x14dfS0xd08	0xc97B0x18deB0x14dfB0xd08
0xca7S0x18deS0x14dfS0xd08	0xc97B0x18deB0x14dfB0xd08
0xca8S0x18deS0x14dfS0xd08	0xc97B0x18deB0x14dfB0xd08
0xca9S0x18deS0x14dfS0xd08	0xc97B0x18deB0x14dfB0xd08
0xcaaS0x18deS0x14dfS0xd08	0xc97B0x18deB0x14dfB0xd08
0xcabS0x18deS0x14dfS0xd08	0xc97B0x18deB0x14dfB0xd08
0xcadS0x18deS0x14dfS0xd08	0xc97B0x18deB0x14dfB0xd08
0xcc2S0x18deS0x14dfS0xd08	0xc97B0x18deB0x14dfB0xd08
0xcc3S0x18deS0x14dfS0xd08	0xc97B0x18deB0x14dfB0xd08
0xcd8S0x18deS0x14dfS0xd08	0xc97B0x18deB0x14dfB0xd08
0xcdbS0x18deS0x14dfS0xd08	0xc97B0x18deB0x14dfB0xd08
0xcddS0x18deS0x14dfS0xd08	0xc97B0x18deB0x14dfB0xd08
0xce1S0x18deS0x14dfS0xd08	0xc97B0x18deB0x14dfB0xd08
0xce3S0x18deS0x14dfS0xd08	0xc97B0x18deB0x14dfB0xd08
0xce4S0x18deS0x14dfS0xd08	0xc97B0x18deB0x14dfB0xd08
0xce5S0x18deS0x14dfS0xd08	0xc97B0x18deB0x14dfB0xd08
0xce6S0x18deS0x14dfS0xd08	0xc97B0x18deB0x14dfB0xd08
0xce8S0x18deS0x14dfS0xd08	0xc97B0x18deB0x14dfB0xd08
0xceaS0x18deS0x14dfS0xd08	0xc97B0x18deB0x14dfB0xd08
0xcedS0x18deS0x14dfS0xd08	0xc97B0x18deB0x14dfB0xd08
0xcefS0x18deS0x14dfS0xd08	0xc97B0x18deB0x14dfB0xd08
0xcf0S0x18deS0x14dfS0xd08	0xc97B0x18deB0x14dfB0xd08
0xcf2S0x18deS0x14dfS0xd08	0xc97B0x18deB0x14dfB0xd08
0xcf9S0x18deS0x14dfS0xd08	0xc97B0x18deB0x14dfB0xd08
0xc9dS0x18deS0x14dfS0xd08	0xc97B0x18deB0x14dfB0xd08
0xca3S0x18deS0x14dfS0xd08	0xc97B0x18deB0x14dfB0xd08
0xcdaS0x18deS0x14dfS0xd08	0xc97B0x18deB0x14dfB0xd08
0xce0S0x18deS0x14dfS0xd08	0xc97B0x18deB0x14dfB0xd08
0x2eb5S0x18edS0x14dfS0xd08	0x2eb4B0x18edB0x14dfB0xd08
0x2eb6S0x18edS0x14dfS0xd08	0x2eb4B0x18edB0x14dfB0xd08
0x2eb9S0x18edS0x14dfS0xd08	0x2eb4B0x18edB0x14dfB0xd08
0x2ebcS0x18edS0x14dfS0xd08	0x2eb4B0x18edB0x14dfB0xd08
0x2ebfS0x18edS0x14dfS0xd08	0x2eb4B0x18edB0x14dfB0xd08
0x2ec1S0x18edS0x14dfS0xd08	0x2eb4B0x18edB0x14dfB0xd08
0x2ec3S0x18edS0x14dfS0xd08	0x2eb4B0x18edB0x14dfB0xd08
0x2ec6S0x18edS0x14dfS0xd08	0x2eb4B0x18edB0x14dfB0xd08
0x2ec8S0x18edS0x14dfS0xd08	0x2ec7B0x18edB0x14dfB0xd08
0x2ecbS0x18edS0x14dfS0xd08	0x2ec7B0x18edB0x14dfB0xd08
0x2eceS0x18edS0x14dfS0xd08	0x2ec7B0x18edB0x14dfB0xd08
0x2ed0S0x18edS0x14dfS0xd08	0x2ec7B0x18edB0x14dfB0xd08
0x2ed3S0x18edS0x14dfS0xd08	0x2ec7B0x18edB0x14dfB0xd08
0x2edaS0x18edS0x14dfS0xd08	0x2ed4B0x18edB0x14dfB0xd08
0x1a34S0x2ec7S0x18edS0x14dfS0xd08	0x1a33B0x2ec7B0x18edB0x14dfB0xd08
0x1a38S0x2ec7S0x18edS0x14dfS0xd08	0x1a33B0x2ec7B0x18edB0x14dfB0xd08
0x1a3bS0x2ec7S0x18edS0x14dfS0xd08	0x1a33B0x2ec7B0x18edB0x14dfB0xd08
0x1a2bS0x1a33S0x2ec7S0x18edS0x14dfS0xd08	0x1a2aB0x1a33B0x2ec7B0x18edB0x14dfB0xd08
0x1a32S0x1a33S0x2ec7S0x18edS0x14dfS0xd08	0x1a2aB0x1a33B0x2ec7B0x18edB0x14dfB0xd08
0x1a41S0x2ec7S0x18edS0x14dfS0xd08	0x1a3cB0x2ec7B0x18edB0x14dfB0xd08
0x1a3eS0x2ec7S0x18edS0x14dfS0xd08	0x1a3cB0x2ec7B0x18edB0x14dfB0xd08
0x25a4S0x2eb4S0x18edS0x14dfS0xd08	0x259fB0x2eb4B0x18edB0x14dfB0xd08
0x25a1S0x2eb4S0x18edS0x14dfS0xd08	0x259fB0x2eb4B0x18edB0x14dfB0xd08
0x2597S0x2eb4S0x18edS0x14dfS0xd08	0x2596B0x2eb4B0x18edB0x14dfB0xd08
0x259bS0x2eb4S0x18edS0x14dfS0xd08	0x2596B0x2eb4B0x18edB0x14dfB0xd08
0x259eS0x2eb4S0x18edS0x14dfS0xd08	0x2596B0x2eb4B0x18edB0x14dfB0xd08
0x1adfS0x2596S0x2eb4S0x18edS0x14dfS0xd08	0x1ad9B0x2596B0x2eb4B0x18edB0x14dfB0xd08
0x1ad0S0x2596S0x2eb4S0x18edS0x14dfS0xd08	0x1acfB0x2596B0x2eb4B0x18edB0x14dfB0xd08
0x1ad1S0x2596S0x2eb4S0x18edS0x14dfS0xd08	0x1acfB0x2596B0x2eb4B0x18edB0x14dfB0xd08
0x1ad5S0x2596S0x2eb4S0x18edS0x14dfS0xd08	0x1acfB0x2596B0x2eb4B0x18edB0x14dfB0xd08
0x1ad8S0x2596S0x2eb4S0x18edS0x14dfS0xd08	0x1acfB0x2596B0x2eb4B0x18edB0x14dfB0xd08
0x1ab1S0x1acfS0x2596S0x2eb4S0x18edS0x14dfS0xd08	0x1ab0B0x1acfB0x2596B0x2eb4B0x18edB0x14dfB0xd08
0x1ab2S0x1acfS0x2596S0x2eb4S0x18edS0x14dfS0xd08	0x1ab0B0x1acfB0x2596B0x2eb4B0x18edB0x14dfB0xd08
0x1ac8S0x1acfS0x2596S0x2eb4S0x18edS0x14dfS0xd08	0x1ab0B0x1acfB0x2596B0x2eb4B0x18edB0x14dfB0xd08
0x1aceS0x1acfS0x2596S0x2eb4S0x18edS0x14dfS0xd08	0x1ab0B0x1acfB0x2596B0x2eb4B0x18edB0x14dfB0xd08
0x14d4S0x1451	0x14d3B0x1451
0x14d8S0x1451	0x14d3B0x1451
0x14dbS0x1451	0x14d3B0x1451
0x14deS0x1451	0x14d3B0x1451
0x14e6S0x1451	0x14e4B0x1451
0x14e0S0x1451	0x14dfB0x1451
0x14e3S0x1451	0x14dfB0x1451
0x15d1S0x14d3S0x1451	0x15d0B0x14d3B0x1451
0x15d2S0x14d3S0x1451	0x15d0B0x14d3B0x1451
0x15d6S0x14d3S0x1451	0x15d0B0x14d3B0x1451
0x18dfS0x14dfS0x1451	0x18deB0x14dfB0x1451
0x18e4S0x14dfS0x1451	0x18deB0x14dfB0x1451
0x18e7S0x14dfS0x1451	0x18deB0x14dfB0x1451
0x18e9S0x14dfS0x1451	0x18e8B0x14dfB0x1451
0x18ecS0x14dfS0x1451	0x18e8B0x14dfB0x1451
0x192eS0x14dfS0x1451	0x192bB0x14dfB0x1451
0x1923S0x14dfS0x1451	0x1922B0x14dfB0x1451
0x1925S0x14dfS0x1451	0x1922B0x14dfB0x1451
0x1928S0x14dfS0x1451	0x1922B0x14dfB0x1451
0x192aS0x14dfS0x1451	0x1922B0x14dfB0x1451
0x18efS0x14dfS0x1451	0x18edB0x14dfB0x1451
0x18f1S0x14dfS0x1451	0x18edB0x14dfB0x1451
0x18f2S0x14dfS0x1451	0x18edB0x14dfB0x1451
0x1915S0x14dfS0x1451	0x18edB0x14dfB0x1451
0x1917S0x14dfS0x1451	0x18edB0x14dfB0x1451
0x1918S0x14dfS0x1451	0x18edB0x14dfB0x1451
0x191eS0x14dfS0x1451	0x18edB0x14dfB0x1451
0x1921S0x14dfS0x1451	0x18edB0x14dfB0x1451
0x1914S0x14dfS0x1451	0x18edB0x14dfB0x1451
0xc98S0x18deS0x14dfS0x1451	0xc97B0x18deB0x14dfB0x1451
0xc9aS0x18deS0x14dfS0x1451	0xc97B0x18deB0x14dfB0x1451
0xc9eS0x18deS0x14dfS0x1451	0xc97B0x18deB0x14dfB0x1451
0xca0S0x18deS0x14dfS0x1451	0xc97B0x18deB0x14dfB0x1451
0xca4S0x18deS0x14dfS0x1451	0xc97B0x18deB0x14dfB0x1451
0xca6S0x18deS0x14dfS0x1451	0xc97B0x18deB0x14dfB0x1451
0xca7S0x18deS0x14dfS0x1451	0xc97B0x18deB0x14dfB0x1451
0xca8S0x18deS0x14dfS0x1451	0xc97B0x18deB0x14dfB0x1451
0xca9S0x18deS0x14dfS0x1451	0xc97B0x18deB0x14dfB0x1451
0xcaaS0x18deS0x14dfS0x1451	0xc97B0x18deB0x14dfB0x1451
0xcabS0x18deS0x14dfS0x1451	0xc97B0x18deB0x14dfB0x1451
0xcadS0x18deS0x14dfS0x1451	0xc97B0x18deB0x14dfB0x1451
0xcc2S0x18deS0x14dfS0x1451	0xc97B0x18deB0x14dfB0x1451
0xcc3S0x18deS0x14dfS0x1451	0xc97B0x18deB0x14dfB0x1451
0xcd8S0x18deS0x14dfS0x1451	0xc97B0x18deB0x14dfB0x1451
0xcdbS0x18deS0x14dfS0x1451	0xc97B0x18deB0x14dfB0x1451
0xcddS0x18deS0x14dfS0x1451	0xc97B0x18deB0x14dfB0x1451
0xce1S0x18deS0x14dfS0x1451	0xc97B0x18deB0x14dfB0x1451
0xce3S0x18deS0x14dfS0x1451	0xc97B0x18deB0x14dfB0x1451
0xce4S0x18deS0x14dfS0x1451	0xc97B0x18deB0x14dfB0x1451
0xce5S0x18deS0x14dfS0x1451	0xc97B0x18deB0x14dfB0x1451
0xce6S0x18deS0x14dfS0x1451	0xc97B0x18deB0x14dfB0x1451
0xce8S0x18deS0x14dfS0x1451	0xc97B0x18deB0x14dfB0x1451
0xceaS0x18deS0x14dfS0x1451	0xc97B0x18deB0x14dfB0x1451
0xcedS0x18deS0x14dfS0x1451	0xc97B0x18deB0x14dfB0x1451
0xcefS0x18deS0x14dfS0x1451	0xc97B0x18deB0x14dfB0x1451
0xcf0S0x18deS0x14dfS0x1451	0xc97B0x18deB0x14dfB0x1451
0xcf2S0x18deS0x14dfS0x1451	0xc97B0x18deB0x14dfB0x1451
0xcf9S0x18deS0x14dfS0x1451	0xc97B0x18deB0x14dfB0x1451
0xc9dS0x18deS0x14dfS0x1451	0xc97B0x18deB0x14dfB0x1451
0xca3S0x18deS0x14dfS0x1451	0xc97B0x18deB0x14dfB0x1451
0xcdaS0x18deS0x14dfS0x1451	0xc97B0x18deB0x14dfB0x1451
0xce0S0x18deS0x14dfS0x1451	0xc97B0x18deB0x14dfB0x1451
0x2eb5S0x18edS0x14dfS0x1451	0x2eb4B0x18edB0x14dfB0x1451
0x2eb6S0x18edS0x14dfS0x1451	0x2eb4B0x18edB0x14dfB0x1451
0x2eb9S0x18edS0x14dfS0x1451	0x2eb4B0x18edB0x14dfB0x1451
0x2ebcS0x18edS0x14dfS0x1451	0x2eb4B0x18edB0x14dfB0x1451
0x2ebfS0x18edS0x14dfS0x1451	0x2eb4B0x18edB0x14dfB0x1451
0x2ec1S0x18edS0x14dfS0x1451	0x2eb4B0x18edB0x14dfB0x1451
0x2ec3S0x18edS0x14dfS0x1451	0x2eb4B0x18edB0x14dfB0x1451
0x2ec6S0x18edS0x14dfS0x1451	0x2eb4B0x18edB0x14dfB0x1451
0x2ec8S0x18edS0x14dfS0x1451	0x2ec7B0x18edB0x14dfB0x1451
0x2ecbS0x18edS0x14dfS0x1451	0x2ec7B0x18edB0x14dfB0x1451
0x2eceS0x18edS0x14dfS0x1451	0x2ec7B0x18edB0x14dfB0x1451
0x2ed0S0x18edS0x14dfS0x1451	0x2ec7B0x18edB0x14dfB0x1451
0x2ed3S0x18edS0x14dfS0x1451	0x2ec7B0x18edB0x14dfB0x1451
0x2edaS0x18edS0x14dfS0x1451	0x2ed4B0x18edB0x14dfB0x1451
0x1a34S0x2ec7S0x18edS0x14dfS0x1451	0x1a33B0x2ec7B0x18edB0x14dfB0x1451
0x1a38S0x2ec7S0x18edS0x14dfS0x1451	0x1a33B0x2ec7B0x18edB0x14dfB0x1451
0x1a3bS0x2ec7S0x18edS0x14dfS0x1451	0x1a33B0x2ec7B0x18edB0x14dfB0x1451
0x1a2bS0x1a33S0x2ec7S0x18edS0x14dfS0x1451	0x1a2aB0x1a33B0x2ec7B0x18edB0x14dfB0x1451
0x1a32S0x1a33S0x2ec7S0x18edS0x14dfS0x1451	0x1a2aB0x1a33B0x2ec7B0x18edB0x14dfB0x1451
0x1a41S0x2ec7S0x18edS0x14dfS0x1451	0x1a3cB0x2ec7B0x18edB0x14dfB0x1451
0x1a3eS0x2ec7S0x18edS0x14dfS0x1451	0x1a3cB0x2ec7B0x18edB0x14dfB0x1451
0x25a4S0x2eb4S0x18edS0x14dfS0x1451	0x259fB0x2eb4B0x18edB0x14dfB0x1451
0x25a1S0x2eb4S0x18edS0x14dfS0x1451	0x259fB0x2eb4B0x18edB0x14dfB0x1451
0x2597S0x2eb4S0x18edS0x14dfS0x1451	0x2596B0x2eb4B0x18edB0x14dfB0x1451
0x259bS0x2eb4S0x18edS0x14dfS0x1451	0x2596B0x2eb4B0x18edB0x14dfB0x1451
0x259eS0x2eb4S0x18edS0x14dfS0x1451	0x2596B0x2eb4B0x18edB0x14dfB0x1451
0x1adfS0x2596S0x2eb4S0x18edS0x14dfS0x1451	0x1ad9B0x2596B0x2eb4B0x18edB0x14dfB0x1451
0x1ad0S0x2596S0x2eb4S0x18edS0x14dfS0x1451	0x1acfB0x2596B0x2eb4B0x18edB0x14dfB0x1451
0x1ad1S0x2596S0x2eb4S0x18edS0x14dfS0x1451	0x1acfB0x2596B0x2eb4B0x18edB0x14dfB0x1451
0x1ad5S0x2596S0x2eb4S0x18edS0x14dfS0x1451	0x1acfB0x2596B0x2eb4B0x18edB0x14dfB0x1451
0x1ad8S0x2596S0x2eb4S0x18edS0x14dfS0x1451	0x1acfB0x2596B0x2eb4B0x18edB0x14dfB0x1451
0x1ab1S0x1acfS0x2596S0x2eb4S0x18edS0x14dfS0x1451	0x1ab0B0x1acfB0x2596B0x2eb4B0x18edB0x14dfB0x1451
0x1ab2S0x1acfS0x2596S0x2eb4S0x18edS0x14dfS0x1451	0x1ab0B0x1acfB0x2596B0x2eb4B0x18edB0x14dfB0x1451
0x1ac8S0x1acfS0x2596S0x2eb4S0x18edS0x14dfS0x1451	0x1ab0B0x1acfB0x2596B0x2eb4B0x18edB0x14dfB0x1451
0x1aceS0x1acfS0x2596S0x2eb4S0x18edS0x14dfS0x1451	0x1ab0B0x1acfB0x2596B0x2eb4B0x18edB0x14dfB0x1451
