0x0	0x80
0xf	0xe0
0x3f	0xb2118a8d
0x2	0x40
0x5	0x4
0x9	0x10c
0xd	0x0
0x13	0x7df325e1
0x19	0x94
0x1e	0x91d14854
0x24	0x63
0x29	0x91d14854
0x34	0xa217fddf
0x4a	0xcb3fe3e6
0x55	0xd547741f
0x5f	0x5e40
0x65	0x7df325e1
0x70	0x7ecebe00
0x7b	0x80a4d414
0x86	0x8456cb59
0x90	0x5e63
0x96	0x36568abe
0x9c	0xdb
0xa1	0x36568abe
0xac	0x3f4ba83a
0xb7	0x45ef041f
0xc2	0x4782f779
0xcd	0x5c975abb
0xd7	0x5e86
0xdd	0x1ffc9a7
0xe8	0x7bd0265
0xf3	0x248a9ca3
0xfe	0x2f2ff15d
0x108	0x5ea9
0x10e	0x5ecc
0x11b	0x122
0x11f	0x0
0x124	0x13d
0x127	0x4
0x12f	0x138
0x134	0x19cc
0x139	0x443
0x13e	0x40
0x141	0x14a
0x146	0x1a11
0x14b	0x40
0x150	0x20
0x157	0x15e
0x15b	0x0
0x160	0x167
0x163	0x4bc
0x168	0x40
0x16b	0x174
0x170	0x1a42
0x175	0x40
0x17a	0x20
0x181	0x188
0x185	0x0
0x18a	0x1a3
0x18d	0x4
0x195	0x19e
0x19a	0x1a85
0x19f	0x4e0
0x1a4	0x40
0x1a7	0x1b0
0x1ac	0x1a42
0x1b1	0x40
0x1b6	0x20
0x1bd	0x1c4
0x1c1	0x0
0x1c6	0x1df
0x1c9	0x4
0x1d1	0x1da
0x1d6	0x1b0a
0x1db	0x4fc
0x1e5	0x1ec
0x1e9	0x0
0x1ee	0x207
0x1f1	0x4
0x1f9	0x202
0x1fe	0x1b0a
0x203	0x51e
0x20d	0x214
0x211	0x0
0x216	0x21d
0x219	0x599
0x223	0x22a
0x227	0x0
0x22c	0x245
0x22f	0x4
0x237	0x240
0x23c	0x1cbc
0x241	0x5b0
0x246	0x40
0x249	0x253
0x24f	0x1fc9
0x254	0x40
0x260	0x267
0x264	0x0
0x269	0x282
0x26c	0x4
0x274	0x27d
0x279	0x2039
0x27e	0x94b
0x288	0x28f
0x28c	0x0
0x291	0x298
0x294	0xaa7
0x299	0x40
0x29c	0x2a5
0x2a1	0x1a11
0x2a6	0x40
0x2ab	0x20
0x2b2	0x2b9
0x2b6	0x0
0x2bb	0x2d4
0x2be	0x4
0x2c6	0x2cf
0x2cb	0x2077
0x2d0	0xabc
0x2da	0x2e1
0x2de	0x0
0x2e3	0x2fc
0x2e6	0x4
0x2ee	0x2f7
0x2f3	0x20c7
0x2f8	0xc31
0x2fd	0x40
0x300	0x309
0x305	0x2101
0x30a	0x40
0x30f	0x20
0x316	0x31d
0x31a	0x0
0x31f	0x338
0x322	0x4
0x32a	0x333
0x32f	0x20c7
0x334	0xc46
0x33e	0x345
0x342	0x0
0x347	0x34e
0x34a	0xc80
0x354	0x35b
0x358	0x0
0x35d	0x376
0x360	0x4
0x368	0x371
0x36d	0x1b0a
0x372	0xc97
0x377	0x40
0x37a	0x383
0x37f	0x1a11
0x384	0x40
0x389	0x20
0x390	0x397
0x394	0x0
0x399	0x3a0
0x39c	0xcfa
0x3a1	0x40
0x3a4	0x3ad
0x3a9	0x1a42
0x3ae	0x40
0x3b3	0x20
0x3ba	0x3c1
0x3be	0x0
0x3c3	0x3dc
0x3c6	0x4
0x3ce	0x3d7
0x3d3	0x2077
0x3d8	0xd00
0x3e2	0x3e9
0x3e6	0x0
0x3eb	0x404
0x3ee	0x4
0x3f6	0x3ff
0x3fb	0x211a
0x400	0xec5
0x405	0x40
0x408	0x412
0x40e	0x1fc9
0x413	0x40
0x41f	0x426
0x423	0x0
0x428	0x441
0x42b	0x4
0x433	0x43c
0x438	0x1b0a
0x43d	0x1448
0x4bd	0xd8aa0f3194971a2a116679f7c2090f6939c8d4e01a2a8d7e41d55e5351469e63
0x4fd	0x505
0x501	0x4e0
0x506	0x50e
0x50a	0x14d3
0x50f	0x518
0x514	0x14e7
0x59a	0x0
0x59c	0x0
0x59d	0x5a5
0x5a1	0x14d3
0x5a6	0x5ad
0x5a9	0x16c0
0x5b1	0x60
0x5b4	0x5bb
0x5b7	0x1721
0x5bc	0x5c3
0x5bf	0x1762
0x5c4	0x3
0x5c6	0x0
0x5c8	0xffffffffffffffffffffffffffffffffffffffff
0x5de	0xffffffffffffffffffffffffffffffffffffffff
0x5f6	0x20
0x5f8	0x20
0x5fc	0x20
0x5fe	0x40
0x5ff	0x0
0x604	0x642
0x608	0x40
0x60b	0x8c379a000000000000000000000000000000000000000000000000000000000
0x62e	0x4
0x631	0x639
0x635	0x2224
0x63a	0x40
0x63f	0x64
0x643	0x3
0x645	0x0
0x647	0xffffffffffffffffffffffffffffffffffffffff
0x65d	0xffffffffffffffffffffffffffffffffffffffff
0x675	0x20
0x677	0x20
0x67b	0x20
0x67d	0x40
0x67e	0x0
0x680	0x0
0x687	0x68f
0x68b	0x226f
0x695	0x0
0x696	0x69d
0x699	0x17a6
0x69e	0xb4e0775274fde65a3af642a15b4b3e9576481a8e8f42f05efba6e8a9da3d2524
0x6c1	0x40
0x6c4	0x20
0x6c7	0x6d1
0x6cd	0x232e
0x6d2	0x40
0x6d5	0x20
0x6de	0x40
0x6e4	0x20
0x6ea	0x40
0x6ed	0x20
0x6f0	0x6fa
0x6f6	0x240c
0x6fb	0x40
0x6fe	0x20
0x707	0x40
0x70d	0x20
0x713	0x40
0x716	0x20
0x719	0x723
0x71f	0x2574
0x724	0x40
0x727	0x20
0x730	0x40
0x736	0x20
0x73c	0x40
0x73f	0x20
0x742	0x750
0x74c	0x25a5
0x751	0x40
0x754	0x20
0x758	0xe0
0x759	0xc0
0x75d	0x40
0x761	0xc0
0x763	0x20
0x767	0x40
0x76a	0x20
0x76d	0x777
0x773	0x2678
0x778	0x40
0x77b	0x20
0x77f	0x62
0x780	0x42
0x784	0x40
0x788	0x42
0x78a	0x20
0x790	0x0
0x791	0x1
0x797	0x40
0x79a	0x0
0x79d	0x20
0x7a0	0x40
0x7a3	0x40
0x7a6	0x7b2
0x7ae	0x26bd
0x7b3	0x20
0x7b5	0x40
0x7b8	0x20
0x7bf	0x80
0x7c7	0x7d2
0x7cc	0x0
0x7d0	0x0
0x7d6	0x20
0x7d8	0x40
0x7df	0x0
0x7e0	0xffffffffffffffffffffffffffffffffffffffff
0x7f5	0x0
0x7f7	0xffffffffffffffffffffffffffffffffffffffff
0x80e	0x84c
0x812	0x40
0x815	0x8c379a000000000000000000000000000000000000000000000000000000000
0x838	0x4
0x83b	0x843
0x83f	0x274a
0x844	0x40
0x849	0x64
0x84e	0xffffffffffffffffffffffffffffffffffffffff
0x865	0xffffffffffffffffffffffffffffffffffffffff
0x87c	0x8ba
0x880	0x40
0x883	0x8c379a000000000000000000000000000000000000000000000000000000000
0x8a6	0x4
0x8a9	0x8b1
0x8ad	0x27b2
0x8b2	0x40
0x8b7	0x64
0x8bc	0xffffffffffffffffffffffffffffffffffffffff
0x8d3	0xffffffffffffffffffffffffffffffffffffffff
0x8e9	0xbeb846f8801a13e4681f3e17a5961b2e1bd65594511f66fc86389ccff9301bb
0x90b	0x40
0x90e	0x917
0x913	0x2101
0x918	0x40
0x91d	0x20
0x920	0x92d
0x929	0xec5
0x934	0x93b
0x937	0x1873
0x94c	0x953
0x94f	0x1721
0x954	0x0
0x956	0x0
0x957	0x95f
0x95b	0x14d3
0x960	0x0
0x961	0xffffffffffffffffffffffffffffffffffffffff
0x976	0x0
0x978	0xffffffffffffffffffffffffffffffffffffffff
0x98f	0x9cd
0x993	0x40
0x996	0x8c379a000000000000000000000000000000000000000000000000000000000
0x9b9	0x4
0x9bc	0x9c4
0x9c0	0x281a
0x9c5	0x40
0x9ca	0x64
0x9d2	0xa10
0x9d6	0x40
0x9d9	0x8c379a000000000000000000000000000000000000000000000000000000000
0x9fc	0x4
0x9ff	0xa07
0xa03	0x2882
0xa08	0x40
0xa0d	0x64
0xa12	0xffffffffffffffffffffffffffffffffffffffff
0xa28	0x8fc
0xa31	0x40
0xa34	0x0
0xa35	0x40
0xa3a	0x0
0xa48	0xa53
0xa4d	0x0
0xa51	0x0
0xa56	0xffffffffffffffffffffffffffffffffffffffff
0xa6c	0x7fcf532c15f0a6db0bd6d0e038bea71d30d808c7d98cb3bf7268a95bf5081b65
0xa8e	0x40
0xa91	0xa9a
0xa96	0x2101
0xa9b	0x40
0xaa0	0x20
0xabd	0xac4
0xac0	0x1721
0xac5	0xd8aa0f3194971a2a116679f7c2090f6939c8d4e01a2a8d7e41d55e5351469e63
0xae6	0xaee
0xaea	0x14d3
0xaef	0x0
0xaf0	0xffffffffffffffffffffffffffffffffffffffff
0xb05	0x0
0xb07	0xffffffffffffffffffffffffffffffffffffffff
0xb1e	0xb5c
0xb22	0x40
0xb25	0x8c379a000000000000000000000000000000000000000000000000000000000
0xb48	0x4
0xb4b	0xb53
0xb4f	0x28ea
0xb54	0x40
0xb59	0x64
0xb5e	0xffffffffffffffffffffffffffffffffffffffff
0xb74	0x23b872dd
0xb7c	0x40
0xb80	0xffffffff
0xb85	0x23b872dd
0xb86	0xe0
0xb88	0x23b872dd00000000000000000000000000000000000000000000000000000000
0xb8b	0x4
0xb8e	0xb99
0xb95	0x2908
0xb9a	0x0
0xb9b	0x40
0xba0	0x64
0xba2	0x0
0xba9	0xbb0
0xbad	0x0
0xbb7	0xbc2
0xbbc	0x0
0xbc0	0x0
0xbc8	0xffffffffffffffffffffffffffffffffffffffff
0xbdf	0xffffffffffffffffffffffffffffffffffffffff
0xbf5	0xc89257cb83767546ef5e0e0b0ef23683a59b0a4e854a54ab1bd6a68393046579
0xc17	0x40
0xc1a	0xc23
0xc1f	0x2101
0xc24	0x40
0xc29	0x20
0xc32	0x3
0xc34	0x20
0xc38	0x0
0xc3a	0x40
0xc3c	0x0
0xc3e	0x0
0xc47	0x0
0xc49	0x0
0xc4a	0xc52
0xc4e	0x14d3
0xc53	0xc7c
0xc56	0xd8aa0f3194971a2a116679f7c2090f6939c8d4e01a2a8d7e41d55e5351469e63
0xc78	0x4fc
0xc81	0x0
0xc83	0x0
0xc84	0xc8c
0xc88	0x14d3
0xc8d	0xc94
0xc90	0x187d
0xcfb	0x0
0xcfd	0x0
0xd01	0xd08
0xd04	0x1721
0xd09	0xd8aa0f3194971a2a116679f7c2090f6939c8d4e01a2a8d7e41d55e5351469e63
0xd2a	0xd32
0xd2e	0x14d3
0xd33	0x0
0xd34	0xffffffffffffffffffffffffffffffffffffffff
0xd49	0x0
0xd4b	0xffffffffffffffffffffffffffffffffffffffff
0xd62	0xda0
0xd66	0x40
0xd69	0x8c379a000000000000000000000000000000000000000000000000000000000
0xd8c	0x4
0xd8f	0xd97
0xd93	0x28ea
0xd98	0x40
0xd9d	0x64
0xda2	0xffffffffffffffffffffffffffffffffffffffff
0xdb8	0xa9059cbb
0xdbf	0x40
0xdc3	0xffffffff
0xdc8	0xa9059cbb
0xdc9	0xe0
0xdcb	0xa9059cbb00000000000000000000000000000000000000000000000000000000
0xdce	0x4
0xdd1	0xddb
0xdd7	0x293d
0xddc	0x20
0xdde	0x40
0xde3	0x44
0xde5	0x0
0xdec	0xdf7
0xdf1	0x0
0xdf5	0x0
0xdfc	0x40
0xe00	0x1f
0xe02	0xffffffffffffffffffffffffffffffffffffffffffffffffffffffffffffffe0
0xe03	0x1f
0xe0b	0x40
0xe12	0xe1b
0xe17	0x298e
0xe1c	0xe5a
0xe20	0x40
0xe23	0x8c379a000000000000000000000000000000000000000000000000000000000
0xe46	0x4
0xe49	0xe51
0xe4d	0x2a03
0xe52	0x40
0xe57	0x64
0xe5c	0xffffffffffffffffffffffffffffffffffffffff
0xe73	0xffffffffffffffffffffffffffffffffffffffff
0xe89	0x9b793652de97f04c5168920587bad4b1c6345295a8f5ad31c59ff946a26f91d2
0xeab	0x40
0xeae	0xeb7
0xeb3	0x2101
0xeb8	0x40
0xebd	0x20
0x1449	0x1451
0x144d	0x4e0
0x1452	0x145a
0x1456	0x14d3
0x145b	0x1464
0x1460	0x15d7
0x14e8	0x0
0x14e9	0x14f2
0x14ee	0xc97
0x14f3	0x15c6
0x14f7	0x1
0x14f9	0x0
0x14fe	0x20
0x1500	0x20
0x1504	0x20
0x1506	0x40
0x1507	0x0
0x1509	0x0
0x150b	0x0
0x150d	0xffffffffffffffffffffffffffffffffffffffff
0x1523	0xffffffffffffffffffffffffffffffffffffffff
0x153b	0x20
0x153d	0x20
0x1541	0x20
0x1543	0x40
0x1544	0x0
0x1546	0x0
0x1547	0x100
0x154a	0x1
0x154e	0xff
0x1550	0xff
0x1551	0xffffffffffffffffffffffffffffffffffffffffffffffffffffffffffffff00
0x1555	0x0
0x1556	0x1
0x1557	0x1
0x155c	0x1563
0x155f	0x15d0
0x1564	0xffffffffffffffffffffffffffffffffffffffff
0x157b	0xffffffffffffffffffffffffffffffffffffffff
0x1592	0x2f8788117e7eff1d82e926ec794901d17c78024a50270940304540a733656f0d
0x15b3	0x40
0x15b6	0x40
0x15bb	0x0
0x15be	0x1
0x15c2	0x15ca
0x15c7	0x0
0x15d8	0x0
0x15d9	0x15e2
0x15de	0xc97
0x15e4	0x16b6
0x15e8	0x0
0x15ea	0x0
0x15ee	0x20
0x15f0	0x20
0x15f4	0x20
0x15f6	0x40
0x15f7	0x0
0x15f9	0x0
0x15fb	0x0
0x15fd	0xffffffffffffffffffffffffffffffffffffffff
0x1613	0xffffffffffffffffffffffffffffffffffffffff
0x162b	0x20
0x162d	0x20
0x1631	0x20
0x1633	0x40
0x1634	0x0
0x1636	0x0
0x1637	0x100
0x163a	0x1
0x163e	0xff
0x1640	0xff
0x1641	0xffffffffffffffffffffffffffffffffffffffffffffffffffffffffffffff00
0x1645	0x1
0x1646	0x0
0x1647	0x0
0x164c	0x1653
0x164f	0x15d0
0x1654	0xffffffffffffffffffffffffffffffffffffffff
0x166b	0xffffffffffffffffffffffffffffffffffffffff
0x1682	0xf6391f5c32d9c69d2a47ea670b442974b53935d1edc7fd64eb21e047a839171b
0x16a3	0x40
0x16a6	0x40
0x16ab	0x0
0x16ae	0x1
0x16b2	0x16ba
0x16b7	0x0
0x16c1	0x16c8
0x16c4	0x192f
0x16c9	0x0
0x16ca	0x1
0x16cc	0x0
0x16cd	0x100
0x16d0	0x1
0x16d4	0xff
0x16d6	0xff
0x16d7	0xffffffffffffffffffffffffffffffffffffffffffffffffffffffffffffff00
0x16db	0x1
0x16dc	0x0
0x16dd	0x0
0x16e2	0x5db9ee0a495bf2e6ff9c91a7834c1ba4fdd244a5e8aa4e537bd38aeae4b073aa
0x1703	0x170a
0x1706	0x15d0
0x170b	0x40
0x170e	0x1717
0x1713	0x2e4a
0x1718	0x40
0x171d	0x20
0x1763	0x2
0x1768	0x179d
0x176c	0x40
0x176f	0x3ee5aeb500000000000000000000000000000000000000000000000000000000
0x1792	0x4
0x1795	0x40
0x179a	0x4
0x179e	0x2
0x17a7	0x0
0x17a8	0x8b73c3c69bb8fe3d512ecc4cf759cc79239f7b179b0ffacaa9a75d522b39400f
0x17c9	0x40
0x17cd	0x40
0x17d0	0x40
0x17d4	0x7
0x17d8	0x20
0x17db	0x5265636f76657200000000000000000000000000000000000000000000000000
0x1800	0x7
0x1802	0x20
0x1806	0x40
0x180a	0x40
0x180d	0x40
0x1811	0x1
0x1815	0x20
0x1818	0x3100000000000000000000000000000000000000000000000000000000000000
0x183d	0x1
0x183f	0x20
0x1845	0x40
0x1848	0x20
0x184b	0x1858
0x1854	0x2e63
0x1859	0x40
0x185c	0x20
0x1860	0xc0
0x1861	0xa0
0x1865	0x40
0x1869	0xa0
0x186b	0x20
0x187e	0x1885
0x1881	0x1721
0x1886	0x1
0x1889	0x0
0x188a	0x100
0x188d	0x1
0x1891	0xff
0x1893	0xff
0x1894	0xffffffffffffffffffffffffffffffffffffffffffffffffffffffffffffff00
0x1898	0x0
0x1899	0x1
0x189a	0x1
0x189f	0x62e78cea01bee320cd4e420270b5ea74000d11b0c9f74754ebdbfc544b05a258
0x18c0	0x18c7
0x18c3	0x15d0
0x18c8	0x40
0x18cb	0x18d4
0x18d0	0x2e4a
0x18d5	0x40
0x18da	0x20
0x2243	0x4e487b7100000000000000000000000000000000000000000000000000000000
0x2264	0x0
0x2266	0x11
0x2268	0x4
0x226b	0x24
0x226d	0x0
0x2270	0x0
0x2271	0x2279
0x2275	0x1c53
0x227c	0xffffffffffffffffffffffffffffffffffffffffffffffffffffffffffffffff
0x229f	0x22ab
0x22a3	0x22aa
0x22a6	0x2242
0x22ac	0x1
0x240d	0x0
0x240e	0x20
0x2417	0x0
0x241b	0x2425
0x2421	0x23b1
0x2605	0x0
0x260f	0x1901000000000000000000000000000000000000000000000000000000000000
0x2630	0x0
0x2637	0x0
0x2638	0x2642
0x263b	0x2
0x263e	0x2604
0x2645	0x264d
0x2649	0x260e
0x264e	0x2
0x2679	0x0
0x267a	0x2682
0x267e	0x2636
0x2685	0x268e
0x268a	0x2661
0x268f	0x20
0x2695	0x269e
0x269a	0x2661
0x269f	0x20
0x5e41	0x0
0x5e64	0x0
0x5e87	0x0
0x5eaa	0x0
0x5ecd	0x0
0x6724	0x6772
0x6726	0x6775
0x6728	0x6778
0x672a	0x677b
0x672c	0x677e
0x672e	0x6766
0x6730	0x6769
0x6732	0x676c
0x6734	0x676f
0x6736	0x6757
0x6738	0x675a
0x673a	0x675d
0x673c	0x6760
0x673e	0x6763
0x6740	0x674b
0x6742	0x674e
0x6744	0x6751
0x6746	0x6754
0x6748	0x674a
0x674c	0x117
0x674f	0x153
0x6752	0x17d
0x6755	0x1b9
0x6758	0x1e1
0x675b	0x209
0x675e	0x21f
0x6761	0x25c
0x6764	0x284
0x6767	0x2ae
0x676a	0x2d6
0x676d	0x312
0x6770	0x33a
0x6773	0x350
0x6776	0x38c
0x6779	0x3b6
0x677c	0x3de
0x677f	0x41b
0x15d1V0x14f7	0x0
0x15d1V0x15e8	0x0
0x444V0x138	0x0
0x445V0x138	0x7965db0b00000000000000000000000000000000000000000000000000000000
0x466V0x138	0xffffffffffffffffffffffffffffffffffffffffffffffffffffffff
0x483V0x138	0xffffffff00000000000000000000000000000000000000000000000000000000
0x484V0x138	0x7965db0b00000000000000000000000000000000000000000000000000000000
0x486V0x138	0xffffffffffffffffffffffffffffffffffffffffffffffffffffffff
0x4a3V0x138	0xffffffff00000000000000000000000000000000000000000000000000000000
0x4a7V0x138	0x4b5
0x146bV0x138	0x0
0x146cV0x138	0x1ffc9a700000000000000000000000000000000000000000000000000000000
0x148dV0x138	0xffffffffffffffffffffffffffffffffffffffffffffffffffffffff
0x14aaV0x138	0xffffffff00000000000000000000000000000000000000000000000000000000
0x14abV0x138	0x1ffc9a700000000000000000000000000000000000000000000000000000000
0x14adV0x138	0xffffffffffffffffffffffffffffffffffffffffffffffffffffffff
0x14caV0x138	0xffffffff00000000000000000000000000000000000000000000000000000000
0x4acV0x138	0x4b4
0x4b0V0x138	0x146a
0x4e1V0x19e	0x0
0x4e3V0x19e	0x0
0x4e7V0x19e	0x20
0x4e9V0x19e	0x20
0x4edV0x19e	0x20
0x4efV0x19e	0x40
0x4f0V0x19e	0x0
0x4f2V0x19e	0x1
0x4e1V0x4fc	0x0
0x4e3V0x4fc	0x0
0x4e7V0x4fc	0x20
0x4e9V0x4fc	0x20
0x4edV0x4fc	0x20
0x4efV0x4fc	0x40
0x4f0V0x4fc	0x0
0x4f2V0x4fc	0x1
0xaa8V0x28f	0x0
0xaa9V0x28f	0x1
0xaabV0x28f	0x0
0xaafV0x28f	0x100
0xab2V0x28f	0x1
0xab5V0x28f	0xff
0xc98V0x371	0x0
0xc9aV0x371	0x0
0xc9eV0x371	0x20
0xca0V0x371	0x20
0xca4V0x371	0x20
0xca6V0x371	0x40
0xca7V0x371	0x0
0xca9V0x371	0x0
0xcabV0x371	0x0
0xcadV0x371	0xffffffffffffffffffffffffffffffffffffffff
0xcc3V0x371	0xffffffffffffffffffffffffffffffffffffffff
0xcdbV0x371	0x20
0xcddV0x371	0x20
0xce1V0x371	0x20
0xce3V0x371	0x40
0xce4V0x371	0x0
0xce6V0x371	0x0
0xceaV0x371	0x100
0xcedV0x371	0x1
0xcf0V0x371	0xff
0x4e1V0x1448	0x0
0x4e3V0x1448	0x0
0x4e7V0x1448	0x20
0x4e9V0x1448	0x20
0x4edV0x1448	0x20
0x4efV0x1448	0x40
0x4f0V0x1448	0x0
0x4f2V0x1448	0x1
0xc98V0x14e7	0x0
0xc9aV0x14e7	0x0
0xc9eV0x14e7	0x20
0xca0V0x14e7	0x20
0xca4V0x14e7	0x20
0xca6V0x14e7	0x40
0xca7V0x14e7	0x0
0xca9V0x14e7	0x0
0xcabV0x14e7	0x0
0xcadV0x14e7	0xffffffffffffffffffffffffffffffffffffffff
0xcc3V0x14e7	0xffffffffffffffffffffffffffffffffffffffff
0xcdbV0x14e7	0x20
0xcddV0x14e7	0x20
0xce1V0x14e7	0x20
0xce3V0x14e7	0x40
0xce4V0x14e7	0x0
0xce6V0x14e7	0x0
0xceaV0x14e7	0x100
0xcedV0x14e7	0x1
0xcf0V0x14e7	0xff
0xc98V0x15d7	0x0
0xc9aV0x15d7	0x0
0xc9eV0x15d7	0x20
0xca0V0x15d7	0x20
0xca4V0x15d7	0x20
0xca6V0x15d7	0x40
0xca7V0x15d7	0x0
0xca9V0x15d7	0x0
0xcabV0x15d7	0x0
0xcadV0x15d7	0xffffffffffffffffffffffffffffffffffffffff
0xcc3V0x15d7	0xffffffffffffffffffffffffffffffffffffffff
0xcdbV0x15d7	0x20
0xcddV0x15d7	0x20
0xce1V0x15d7	0x20
0xce3V0x15d7	0x40
0xce4V0x15d7	0x0
0xce6V0x15d7	0x0
0xceaV0x15d7	0x100
0xcedV0x15d7	0x1
0xcf0V0x15d7	0xff
0x1c54V0x226f	0x0
0x2309V0x69d	0x2310
0x230cV0x69d	0x22c6
0x232fV0x69d	0x0
0x2330V0x69d	0x20
0x2338V0x69d	0x20
0x2339V0x69d	0x0
0x233dV0x69d	0x2347
0x2343V0x69d	0x22d3
0x22e1V0x69d	0x7ffffffffffffffffffffffffffffffffffffffffffffffffffffffffffffff
0x2305V0x69d	0x2311
0x22b7V0x69d	0x0
0x22bbV0x69d	0x20
0x2312V0x69d	0x20
0x2318V0x69d	0x2322
0x231eV0x69d	0x22ca
0x22c7V0x69d	0x0
0x22d4V0x69d	0x0
0x22d5V0x69d	0x22de
0x22daV0x69d	0x22b6
0x1874V0x92d	0x1
0x1876V0x92d	0x2
0x15d1V0x16c8	0x0
0x15d1V0x1885	0x0
0x2225V0x608	0x0
0x2226V0x608	0x20
0x222eV0x608	0x20
0x222fV0x608	0x0
0x2233V0x608	0x223b
0x2237V0x608	0x2202
0x2211V0x608	0x2219
0x2215V0x608	0x21da
0x221aV0x608	0x20
0x21dbV0x608	0x496e76616c6964206e6f6e636500000000000000000000000000000000000000
0x21fcV0x608	0x0
0x2203V0x608	0x0
0x2204V0x608	0x220e
0x2207V0x608	0xd
0x220aV0x608	0x21ca
0x21cbV0x2202V0x608	0x0
0x21cfV0x2202V0x608	0x20
0x274bV0x812	0x0
0x274cV0x812	0x20
0x2754V0x812	0x20
0x2755V0x812	0x0
0x2759V0x812	0x2761
0x275dV0x812	0x2728
0x2737V0x812	0x273f
0x273bV0x812	0x2700
0x2740V0x812	0x20
0x2701V0x812	0x496e76616c6964207369676e6174757265000000000000000000000000000000
0x2722V0x812	0x0
0x2729V0x812	0x0
0x272aV0x812	0x2734
0x272dV0x812	0x11
0x2730V0x812	0x21ca
0x21cbV0x2728V0x812	0x0
0x21cfV0x2728V0x812	0x20
0x27b3V0x880	0x0
0x27b4V0x880	0x20
0x27bcV0x880	0x20
0x27bdV0x880	0x0
0x27c1V0x880	0x27c9
0x27c5V0x880	0x2790
0x279fV0x880	0x27a7
0x27a3V0x880	0x2768
0x27a8V0x880	0x20
0x2769V0x880	0x4578656375746f72206e6f7420617574686f72697a6564000000000000000000
0x278aV0x880	0x0
0x2791V0x880	0x0
0x2792V0x880	0x279c
0x2795V0x880	0x17
0x2798V0x880	0x21ca
0x21cbV0x2790V0x880	0x0
0x21cfV0x2790V0x880	0x20
0x281bV0x993	0x0
0x281cV0x993	0x20
0x2824V0x993	0x20
0x2825V0x993	0x0
0x2829V0x993	0x2831
0x282dV0x993	0x27f8
0x2807V0x993	0x280f
0x280bV0x993	0x27d0
0x2810V0x993	0x20
0x27d1V0x993	0x496e76616c696420726563697069656e74206164647265737300000000000000
0x27f2V0x993	0x0
0x27f9V0x993	0x0
0x27faV0x993	0x2804
0x27fdV0x993	0x19
0x2800V0x993	0x21ca
0x21cbV0x27f8V0x993	0x0
0x21cfV0x27f8V0x993	0x20
0x2883V0x9d6	0x0
0x2884V0x9d6	0x20
0x288cV0x9d6	0x20
0x288dV0x9d6	0x0
0x2891V0x9d6	0x2899
0x2895V0x9d6	0x2860
0x286fV0x9d6	0x2877
0x2873V0x9d6	0x2838
0x2878V0x9d6	0x20
0x2839V0x9d6	0x496e73756666696369656e742062616c616e6365000000000000000000000000
0x285aV0x9d6	0x0
0x2861V0x9d6	0x0
0x2862V0x9d6	0x286c
0x2865V0x9d6	0x14
0x2868V0x9d6	0x21ca
0x21cbV0x2860V0x9d6	0x0
0x21cfV0x2860V0x9d6	0x20
0x28ebV0xb22	0x0
0x28ecV0xb22	0x20
0x28f4V0xb22	0x20
0x28f5V0xb22	0x0
0x28f9V0xb22	0x2901
0x28fdV0xb22	0x28c8
0x28d7V0xb22	0x28df
0x28dbV0xb22	0x28a0
0x28e0V0xb22	0x20
0x28a1V0xb22	0x496e76616c696420726563697069656e74000000000000000000000000000000
0x28c2V0xb22	0x0
0x28c9V0xb22	0x0
0x28caV0xb22	0x28d4
0x28cdV0xb22	0x11
0x28d0V0xb22	0x21ca
0x21cbV0x28c8V0xb22	0x0
0x21cfV0x28c8V0xb22	0x20
0x28ebV0xd66	0x0
0x28ecV0xd66	0x20
0x28f4V0xd66	0x20
0x28f5V0xd66	0x0
0x28f9V0xd66	0x2901
0x28fdV0xd66	0x28c8
0x28d7V0xd66	0x28df
0x28dbV0xd66	0x28a0
0x28e0V0xd66	0x20
0x28a1V0xd66	0x496e76616c696420726563697069656e74000000000000000000000000000000
0x28c2V0xd66	0x0
0x28c9V0xd66	0x0
0x28caV0xd66	0x28d4
0x28cdV0xd66	0x11
0x28d0V0xd66	0x21ca
0x21cbV0x28c8V0xd66	0x0
0x21cfV0x28c8V0xd66	0x20
0x2a04V0xe20	0x0
0x2a05V0xe20	0x20
0x2a0dV0xe20	0x20
0x2a0eV0xe20	0x0
0x2a12V0xe20	0x2a1a
0x2a16V0xe20	0x29e1
0x29f0V0xe20	0x29f8
0x29f4V0xe20	0x29b9
0x29f9V0xe20	0x20
0x29baV0xe20	0x4552433230207472616e73666572206661696c65640000000000000000000000
0x29dbV0xe20	0x0
0x29e2V0xe20	0x0
0x29e3V0xe20	0x29ed
0x29e6V0xe20	0x15
0x29e9V0xe20	0x21ca
0x21cbV0x29e1V0xe20	0x0
0x21cfV0x29e1V0xe20	0x20
0x172fV0x5b0	0x40
0x1732V0x5b0	0xd93c066500000000000000000000000000000000000000000000000000000000
0x1755V0x5b0	0x4
0x1758V0x5b0	0x40
0x175dV0x5b0	0x4
0x1722V0x5b0	0x1729
0x1725V0x5b0	0xaa7
0x172bV0x5b0	0x1760
0xaa8V0x1721V0x5b0	0x0
0xaa9V0x1721V0x5b0	0x1
0xaabV0x1721V0x5b0	0x0
0xaafV0x1721V0x5b0	0x100
0xab2V0x1721V0x5b0	0x1
0xab5V0x1721V0x5b0	0xff
0x172fV0x94b	0x40
0x1732V0x94b	0xd93c066500000000000000000000000000000000000000000000000000000000
0x1755V0x94b	0x4
0x1758V0x94b	0x40
0x175dV0x94b	0x4
0x1722V0x94b	0x1729
0x1725V0x94b	0xaa7
0x172bV0x94b	0x1760
0xaa8V0x1721V0x94b	0x0
0xaa9V0x1721V0x94b	0x1
0xaabV0x1721V0x94b	0x0
0xaafV0x1721V0x94b	0x100
0xab2V0x1721V0x94b	0x1
0xab5V0x1721V0x94b	0xff
0x172fV0xabc	0x40
0x1732V0xabc	0xd93c066500000000000000000000000000000000000000000000000000000000
0x1755V0xabc	0x4
0x1758V0xabc	0x40
0x175dV0xabc	0x4
0x1722V0xabc	0x1729
0x1725V0xabc	0xaa7
0x172bV0xabc	0x1760
0xaa8V0x1721V0xabc	0x0
0xaa9V0x1721V0xabc	0x1
0xaabV0x1721V0xabc	0x0
0xaafV0x1721V0xabc	0x100
0xab2V0x1721V0xabc	0x1
0xab5V0x1721V0xabc	0xff
0x172fV0xd00	0x40
0x1732V0xd00	0xd93c066500000000000000000000000000000000000000000000000000000000
0x1755V0xd00	0x4
0x1758V0xd00	0x40
0x175dV0xd00	0x4
0x1722V0xd00	0x1729
0x1725V0xd00	0xaa7
0x172bV0xd00	0x1760
0xaa8V0x1721V0xd00	0x0
0xaa9V0x1721V0xd00	0x1
0xaabV0x1721V0xd00	0x0
0xaafV0x1721V0xd00	0x100
0xab2V0x1721V0xd00	0x1
0xab5V0x1721V0xd00	0xff
0x212cV0x3e9	0x2133
0x212fV0x3e9	0x6694
0x2149V0x3e9	0x2150
0x214cV0x3e9	0x66b7
0x2178V0x3e9	0x217f
0x217bV0x3e9	0x66da
0x21a7V0x3e9	0x21ae
0x21aaV0x3e9	0x66fd
0x211bV0x3e9	0x0
0x211dV0x3e9	0x0
0x211fV0x3e9	0x0
0x2121V0x3e9	0x60
0x2128V0x3e9	0x2134
0x2135V0x3e9	0x0
0x2137V0x3e9	0x4
0x2139V0x3e9	0xffffffffffffffff
0x2145V0x3e9	0x2151
0x6695V0x3e9	0x0
0x2152V0x3e9	0x215d
0x2159V0x3e9	0x1b54
0x66b8V0x3e9	0x0
0x2163V0x3e9	0x20
0x2166V0x3e9	0x24
0x2168V0x3e9	0xffffffffffffffff
0x2174V0x3e9	0x2180
0x2181V0x3e9	0x218c
0x2188V0x3e9	0x1ba9
0x66dbV0x3e9	0x0
0x2192V0x3e9	0x40
0x2195V0x3e9	0x44
0x2197V0x3e9	0xffffffffffffffff
0x21a3V0x3e9	0x21af
0x21b0V0x3e9	0x21bb
0x21b7V0x3e9	0x1bfe
0x66feV0x3e9	0x0
0x1b61V0x2151V0x3e9	0x1b68
0x1b64V0x2151V0x3e9	0x6464
0x1b7eV0x2151V0x3e9	0x1b85
0x1b81V0x2151V0x3e9	0x6487
0x1b9aV0x2151V0x3e9	0x1ba1
0x1b9dV0x2151V0x3e9	0x64aa
0x1b6eV0x2151V0x3e9	0xffffffffffffffff
0x1b7aV0x2151V0x3e9	0x1b86
0x6465V0x2151V0x3e9	0x0
0x1b87V0x2151V0x3e9	0x20
0x1b8eV0x2151V0x3e9	0x20
0x1b96V0x2151V0x3e9	0x1ba2
0x6488V0x2151V0x3e9	0x0
0x64abV0x2151V0x3e9	0x0
0x1b55V0x2151V0x3e9	0x0
0x1b58V0x2151V0x3e9	0x1f
0x1b5dV0x2151V0x3e9	0x1b69
0x1bb6V0x2180V0x3e9	0x1bbd
0x1bb9V0x2180V0x3e9	0x64cd
0x1bd3V0x2180V0x3e9	0x1bda
0x1bd6V0x2180V0x3e9	0x64f0
0x1befV0x2180V0x3e9	0x1bf6
0x1bf2V0x2180V0x3e9	0x6513
0x1bc3V0x2180V0x3e9	0xffffffffffffffff
0x1bcfV0x2180V0x3e9	0x1bdb
0x64ceV0x2180V0x3e9	0x0
0x1bdcV0x2180V0x3e9	0x20
0x1be3V0x2180V0x3e9	0x20
0x1bebV0x2180V0x3e9	0x1bf7
0x64f1V0x2180V0x3e9	0x0
0x6514V0x2180V0x3e9	0x0
0x1baaV0x2180V0x3e9	0x0
0x1badV0x2180V0x3e9	0x1f
0x1bb2V0x2180V0x3e9	0x1bbe
0x1c0bV0x21afV0x3e9	0x1c12
0x1c0eV0x21afV0x3e9	0x6536
0x1c28V0x21afV0x3e9	0x1c2f
0x1c2bV0x21afV0x3e9	0x6559
0x1c44V0x21afV0x3e9	0x1c4b
0x1c47V0x21afV0x3e9	0x657c
0x1c18V0x21afV0x3e9	0xffffffffffffffff
0x1c24V0x21afV0x3e9	0x1c30
0x6537V0x21afV0x3e9	0x0
0x1c31V0x21afV0x3e9	0x20
0x1c38V0x21afV0x3e9	0x20
0x1c40V0x21afV0x3e9	0x1c4c
0x655aV0x21afV0x3e9	0x0
0x657dV0x21afV0x3e9	0x0
0x1bffV0x21afV0x3e9	0x0
0x1c02V0x21afV0x3e9	0x1f
0x1c07V0x21afV0x3e9	0x1c13
0x193cV0x16c0	0x40
0x193fV0x16c0	0x8dfc202b00000000000000000000000000000000000000000000000000000000
0x1962V0x16c0	0x4
0x1965V0x16c0	0x40
0x196aV0x16c0	0x4
0x1930V0x16c0	0x1937
0x1933V0x16c0	0xaa7
0x1938V0x16c0	0x196d
0xaa8V0x192fV0x16c0	0x0
0xaa9V0x192fV0x16c0	0x1
0xaabV0x192fV0x16c0	0x0
0xaafV0x192fV0x16c0	0x100
0xab2V0x192fV0x16c0	0x1
0xab5V0x192fV0x16c0	0xff
0x172fV0x187d	0x40
0x1732V0x187d	0xd93c066500000000000000000000000000000000000000000000000000000000
0x1755V0x187d	0x4
0x1758V0x187d	0x40
0x175dV0x187d	0x4
0x1722V0x187d	0x1729
0x1725V0x187d	0xaa7
0x172bV0x187d	0x1760
0xaa8V0x1721V0x187d	0x0
0xaa9V0x1721V0x187d	0x1
0xaabV0x1721V0x187d	0x0
0xaafV0x1721V0x187d	0x100
0xab2V0x1721V0x187d	0x1
0xab5V0x1721V0x187d	0xff
0x266eV0x2682	0x2658
0x2659V0x2682	0x0
0x2662V0x2682	0x2672
0x2665V0x2682	0x266d
0x2669V0x2682	0x1a2a
0x1a2bV0x2661V0x2682	0x0
0x266eV0x268e	0x2658
0x2659V0x268e	0x0
0x2662V0x268e	0x2672
0x2665V0x268e	0x266d
0x2669V0x268e	0x1a2a
0x1a2bV0x2661V0x268e	0x0
0x19d9V0x122	0x19e0
0x19dcV0x122	0x63fb
0x19cdV0x122	0x0
0x19ceV0x122	0x20
0x19d5V0x122	0x19e1
0x19e2V0x122	0x0
0x19e3V0x122	0x19ee
0x19e9V0x122	0x4
0x19eaV0x122	0x19b8
0x63fcV0x122	0x0
0x19b9V0x19e1V0x122	0x0
0x19beV0x19e1V0x122	0x19c6
0x19c2V0x19e1V0x122	0x19a2
0x19b2V0x19b8V0x19e1V0x122	0x0
0x19aeV0x19b8V0x19e1V0x122	0x19b5
0x1978V0x19b8V0x19e1V0x122	0x0
0x1979V0x19b8V0x19e1V0x122	0xffffffff00000000000000000000000000000000000000000000000000000000
0x19a3V0x19b8V0x19e1V0x122	0x19ab
0x19a7V0x19b8V0x19e1V0x122	0x1977
0x1a12V0x13d	0x0
0x1a13V0x13d	0x20
0x1a19V0x13d	0x1a24
0x1a1cV0x13d	0x0
0x1a20V0x13d	0x1a02
0x1a03V0x1a11V0x13d	0x1a0b
0x1a07V0x1a11V0x13d	0x19f7
0x19f8V0x1a02V0x1a11V0x13d	0x0
0x1a43V0x167	0x0
0x1a44V0x167	0x20
0x1a4aV0x167	0x1a55
0x1a4dV0x167	0x0
0x1a51V0x167	0x1a33
0x1a34V0x1a42V0x167	0x1a3c
0x1a38V0x1a42V0x167	0x1a2a
0x1a2bV0x1a33V0x1a42V0x167	0x0
0x1a43V0x1a3	0x0
0x1a44V0x1a3	0x20
0x1a4aV0x1a3	0x1a55
0x1a4dV0x1a3	0x0
0x1a51V0x1a3	0x1a33
0x1a34V0x1a42V0x1a3	0x1a3c
0x1a38V0x1a42V0x1a3	0x1a2a
0x1a2bV0x1a33V0x1a42V0x1a3	0x0
0x1a12V0x298	0x0
0x1a13V0x298	0x20
0x1a19V0x298	0x1a24
0x1a1cV0x298	0x0
0x1a20V0x298	0x1a02
0x1a03V0x1a11V0x298	0x1a0b
0x1a07V0x1a11V0x298	0x19f7
0x19f8V0x1a02V0x1a11V0x298	0x0
0x2102V0x2fc	0x0
0x2103V0x2fc	0x20
0x2109V0x2fc	0x2114
0x210cV0x2fc	0x0
0x2110V0x2fc	0x20f2
0x20f3V0x2101V0x2fc	0x20fb
0x20f7V0x2101V0x2fc	0x1c53
0x1c54V0x20f2V0x2101V0x2fc	0x0
0x1a12V0x376	0x0
0x1a13V0x376	0x20
0x1a19V0x376	0x1a24
0x1a1cV0x376	0x0
0x1a20V0x376	0x1a02
0x1a03V0x1a11V0x376	0x1a0b
0x1a07V0x1a11V0x376	0x19f7
0x19f8V0x1a02V0x1a11V0x376	0x0
0x1a43V0x3a0	0x0
0x1a44V0x3a0	0x20
0x1a4aV0x3a0	0x1a55
0x1a4dV0x3a0	0x0
0x1a51V0x3a0	0x1a33
0x1a34V0x1a42V0x3a0	0x1a3c
0x1a38V0x1a42V0x3a0	0x1a2a
0x1a2bV0x1a33V0x1a42V0x3a0	0x0
0x26beV0x777	0x0
0x26bfV0x777	0x80
0x26c5V0x777	0x26d0
0x26c8V0x777	0x0
0x26ccV0x777	0x1a33
0x26d1V0x777	0x26dd
0x26d4V0x777	0x20
0x26d9V0x777	0x26ae
0x26deV0x777	0x26ea
0x26e1V0x777	0x40
0x26e6V0x777	0x1a33
0x26afV0x777	0x26b7
0x26b3V0x777	0x1c86
0x26ebV0x777	0x26f7
0x26eeV0x777	0x60
0x26f3V0x777	0x1a33
0x1c87V0x26aeV0x777	0x0
0x1c88V0x26aeV0x777	0xff
0x1a34V0x26bdV0x777	0x1a3c
0x1a38V0x26bdV0x777	0x1a2a
0x1a2bV0x1a33V0x26bdV0x777	0x0
0x1a34V0x26ddV0x777	0x1a3c
0x1a38V0x26ddV0x777	0x1a2a
0x1a2bV0x1a33V0x26ddV0x777	0x0
0x1a34V0x26eaV0x777	0x1a3c
0x1a38V0x26eaV0x777	0x1a2a
0x1a2bV0x1a33V0x26eaV0x777	0x0
0x2102V0x8ba	0x0
0x2103V0x8ba	0x20
0x2109V0x8ba	0x2114
0x210cV0x8ba	0x0
0x2110V0x8ba	0x20f2
0x20f3V0x2101V0x8ba	0x20fb
0x20f7V0x2101V0x8ba	0x1c53
0x1c54V0x20f2V0x2101V0x8ba	0x0
0x2102V0xa53	0x0
0x2103V0xa53	0x20
0x2109V0xa53	0x2114
0x210cV0xa53	0x0
0x2110V0xa53	0x20f2
0x20f3V0x2101V0xa53	0x20fb
0x20f7V0x2101V0xa53	0x1c53
0x1c54V0x20f2V0x2101V0xa53	0x0
0x2102V0xbc2	0x0
0x2103V0xbc2	0x20
0x2109V0xbc2	0x2114
0x210cV0xbc2	0x0
0x2110V0xbc2	0x20f2
0x20f3V0x2101V0xbc2	0x20fb
0x20f7V0x2101V0xbc2	0x1c53
0x1c54V0x20f2V0x2101V0xbc2	0x0
0x2102V0xe5a	0x0
0x2103V0xe5a	0x20
0x2109V0xe5a	0x2114
0x210cV0xe5a	0x0
0x2110V0xe5a	0x20f2
0x20f3V0x2101V0xe5a	0x20fb
0x20f7V0x2101V0xe5a	0x1c53
0x1c54V0x20f2V0x2101V0xe5a	0x0
0x1a92V0x188	0x1a99
0x1a95V0x188	0x641e
0x1a86V0x188	0x0
0x1a87V0x188	0x20
0x1a8eV0x188	0x1a9a
0x1a9bV0x188	0x0
0x1a9cV0x188	0x1aa7
0x1aa2V0x188	0x4
0x1aa3V0x188	0x1a71
0x641fV0x188	0x0
0x1a72V0x1a9aV0x188	0x0
0x1a77V0x1a9aV0x188	0x1a7f
0x1a7bV0x1a9aV0x188	0x1a5b
0x1a6bV0x1a71V0x1a9aV0x188	0x0
0x1a67V0x1a71V0x1a9aV0x188	0x1a6e
0x1a5cV0x1a71V0x1a9aV0x188	0x1a64
0x1a60V0x1a71V0x1a9aV0x188	0x1a2a
0x1a2bV0x1a5bV0x1a71V0x1a9aV0x188	0x0
0x1fcaV0x245	0x0
0x1fcbV0x245	0x40
0x1fd3V0x245	0x40
0x1fd4V0x245	0x0
0x1fd8V0x245	0x1fe1
0x1fddV0x245	0x1e28
0x1fe7V0x245	0x20
0x1fecV0x245	0x1ff5
0x1ff1V0x245	0x1f56
0x1e11V0x1fc9V0x245	0x20
0x1df7V0x1fc9V0x245	0x1dff
0x1dfbV0x1fc9V0x245	0x19f7
0x1e33V0x1fc9V0x245	0x1e3c
0x1e38V0x1fc9V0x245	0x1dd7
0x1dceV0x1fc9V0x245	0x0
0x1e3fV0x1fc9V0x245	0x1e47
0x1e43V0x1fc9V0x245	0x1de7
0x1dd8V0x1fc9V0x245	0x0
0x1ddcV0x1fc9V0x245	0x20
0x1e49V0x1fc9V0x245	0x0
0x1de8V0x1fc9V0x245	0x0
0x1decV0x1fc9V0x245	0x20
0x1e61V0x1fc9V0x245	0x1e69
0x1e65V0x1fc9V0x245	0x1e1c
0x1e06V0x1fc9V0x245	0x0
0x1e07V0x1fc9V0x245	0x1e10
0x1e0cV0x1fc9V0x245	0x1df6
0x1e6dV0x1fc9V0x245	0x1
0x1e73V0x1fc9V0x245	0x1e4a
0x1e1dV0x1fc9V0x245	0x0
0x1e1eV0x1fc9V0x245	0x20
0x1e4fV0x1fc9V0x245	0x1e77
0x1e29V0x1fc9V0x245	0x0
0x1e2aV0x1fc9V0x245	0x1e32
0x1e2eV0x1fc9V0x245	0x1dcd
0x1e55V0x1fc9V0x245	0x1e5e
0x1e5aV0x1fc9V0x245	0x1e05
0x19f8V0x1df6V0x1fc9V0x245	0x0
0x1f61V0x1fe1V0x245	0x1f6a
0x1f66V0x1fe1V0x245	0x1e8e
0x1e85V0x1fe1V0x245	0x0
0x1f6eV0x1fe1V0x245	0x20
0x1f74V0x1fe1V0x245	0x1f7c
0x1f78V0x1fe1V0x245	0x1e9e
0x1f7eV0x1fe1V0x245	0x0
0x1e9fV0x1fe1V0x245	0x0
0x1ea3V0x1fe1V0x245	0x20
0x1f9bV0x1fe1V0x245	0x1fa3
0x1f9fV0x1fe1V0x245	0x1f4a
0x1fa6V0x1fe1V0x245	0x20
0x1fadV0x1fe1V0x245	0x1
0x1fb3V0x1fe1V0x245	0x1f7f
0x1f4bV0x1fe1V0x245	0x0
0x1f4cV0x1fe1V0x245	0x20
0x1f84V0x1fe1V0x245	0x1fb7
0x1f57V0x1fe1V0x245	0x0
0x1f58V0x1fe1V0x245	0x1f60
0x1f5cV0x1fe1V0x245	0x1e84
0x1f8fV0x1fe1V0x245	0x1f98
0x1f94V0x1fe1V0x245	0x1f37
0x1e8fV0x1f60V0x1fe1V0x245	0x0
0x1e93V0x1f60V0x1fe1V0x245	0x20
0x1f0aV0x1f88V0x1fe1V0x245	0x1f13
0x1f0fV0x1f88V0x1fe1V0x245	0x1eb7
0x1f16V0x1f88V0x1fe1V0x245	0x1f23
0x1f1bV0x1f88V0x1fe1V0x245	0x20
0x1f1fV0x1f88V0x1fe1V0x245	0x1ec7
0x1f24V0x1f88V0x1fe1V0x245	0x1f2c
0x1f28V0x1f88V0x1fe1V0x245	0x1eef
0x1f00V0x1f88V0x1fe1V0x245	0x0
0x1f01V0x1f88V0x1fe1V0x245	0x1f09
0x1f05V0x1f88V0x1fe1V0x245	0x1ead
0x1f38V0x1f88V0x1fe1V0x245	0x0
0x1f39V0x1f88V0x1fe1V0x245	0x1f42
0x1f3eV0x1f88V0x1fe1V0x245	0x1eff
0x1eb8V0x1f09V0x1f88V0x1fe1V0x245	0x0
0x1ebcV0x1f09V0x1f88V0x1fe1V0x245	0x20
0x1ee5V0x1f13V0x1f88V0x1fe1V0x245	0x0
0x1eceV0x1f13V0x1f88V0x1fe1V0x245	0x1ee4
0x1ec8V0x1f13V0x1f88V0x1fe1V0x245	0x0
0x1edaV0x1f13V0x1f88V0x1fe1V0x245	0x20
0x1ee0V0x1f13V0x1f88V0x1fe1V0x245	0x1ec9
0x1ef0V0x1f23V0x1f88V0x1fe1V0x245	0x0
0x1ef1V0x1f23V0x1f88V0x1fe1V0x245	0x1f
0x1ef3V0x1f23V0x1f88V0x1fe1V0x245	0xffffffffffffffffffffffffffffffffffffffffffffffffffffffffffffffe0
0x1ef4V0x1f23V0x1f88V0x1fe1V0x245	0x1f
0x1eaeV0x1effV0x1f88V0x1fe1V0x245	0x0
0x1fcaV0x404	0x0
0x1fcbV0x404	0x40
0x1fd3V0x404	0x40
0x1fd4V0x404	0x0
0x1fd8V0x404	0x1fe1
0x1fddV0x404	0x1e28
0x1fe7V0x404	0x20
0x1fecV0x404	0x1ff5
0x1ff1V0x404	0x1f56
0x1e11V0x1fc9V0x404	0x20
0x1df7V0x1fc9V0x404	0x1dff
0x1dfbV0x1fc9V0x404	0x19f7
0x1e33V0x1fc9V0x404	0x1e3c
0x1e38V0x1fc9V0x404	0x1dd7
0x1dceV0x1fc9V0x404	0x0
0x1e3fV0x1fc9V0x404	0x1e47
0x1e43V0x1fc9V0x404	0x1de7
0x1dd8V0x1fc9V0x404	0x0
0x1ddcV0x1fc9V0x404	0x20
0x1e49V0x1fc9V0x404	0x0
0x1de8V0x1fc9V0x404	0x0
0x1decV0x1fc9V0x404	0x20
0x1e61V0x1fc9V0x404	0x1e69
0x1e65V0x1fc9V0x404	0x1e1c
0x1e06V0x1fc9V0x404	0x0
0x1e07V0x1fc9V0x404	0x1e10
0x1e0cV0x1fc9V0x404	0x1df6
0x1e6dV0x1fc9V0x404	0x1
0x1e73V0x1fc9V0x404	0x1e4a
0x1e1dV0x1fc9V0x404	0x0
0x1e1eV0x1fc9V0x404	0x20
0x1e4fV0x1fc9V0x404	0x1e77
0x1e29V0x1fc9V0x404	0x0
0x1e2aV0x1fc9V0x404	0x1e32
0x1e2eV0x1fc9V0x404	0x1dcd
0x1e55V0x1fc9V0x404	0x1e5e
0x1e5aV0x1fc9V0x404	0x1e05
0x19f8V0x1df6V0x1fc9V0x404	0x0
0x1f61V0x1fe1V0x404	0x1f6a
0x1f66V0x1fe1V0x404	0x1e8e
0x1e85V0x1fe1V0x404	0x0
0x1f6eV0x1fe1V0x404	0x20
0x1f74V0x1fe1V0x404	0x1f7c
0x1f78V0x1fe1V0x404	0x1e9e
0x1f7eV0x1fe1V0x404	0x0
0x1e9fV0x1fe1V0x404	0x0
0x1ea3V0x1fe1V0x404	0x20
0x1f9bV0x1fe1V0x404	0x1fa3
0x1f9fV0x1fe1V0x404	0x1f4a
0x1fa6V0x1fe1V0x404	0x20
0x1fadV0x1fe1V0x404	0x1
0x1fb3V0x1fe1V0x404	0x1f7f
0x1f4bV0x1fe1V0x404	0x0
0x1f4cV0x1fe1V0x404	0x20
0x1f84V0x1fe1V0x404	0x1fb7
0x1f57V0x1fe1V0x404	0x0
0x1f58V0x1fe1V0x404	0x1f60
0x1f5cV0x1fe1V0x404	0x1e84
0x1f8fV0x1fe1V0x404	0x1f98
0x1f94V0x1fe1V0x404	0x1f37
0x1e8fV0x1f60V0x1fe1V0x404	0x0
0x1e93V0x1f60V0x1fe1V0x404	0x20
0x1f0aV0x1f88V0x1fe1V0x404	0x1f13
0x1f0fV0x1f88V0x1fe1V0x404	0x1eb7
0x1f16V0x1f88V0x1fe1V0x404	0x1f23
0x1f1bV0x1f88V0x1fe1V0x404	0x20
0x1f1fV0x1f88V0x1fe1V0x404	0x1ec7
0x1f24V0x1f88V0x1fe1V0x404	0x1f2c
0x1f28V0x1f88V0x1fe1V0x404	0x1eef
0x1f00V0x1f88V0x1fe1V0x404	0x0
0x1f01V0x1f88V0x1fe1V0x404	0x1f09
0x1f05V0x1f88V0x1fe1V0x404	0x1ead
0x1f38V0x1f88V0x1fe1V0x404	0x0
0x1f39V0x1f88V0x1fe1V0x404	0x1f42
0x1f3eV0x1f88V0x1fe1V0x404	0x1eff
0x1eb8V0x1f09V0x1f88V0x1fe1V0x404	0x0
0x1ebcV0x1f09V0x1f88V0x1fe1V0x404	0x20
0x1ee5V0x1f13V0x1f88V0x1fe1V0x404	0x0
0x1eceV0x1f13V0x1f88V0x1fe1V0x404	0x1ee4
0x1ec8V0x1f13V0x1f88V0x1fe1V0x404	0x0
0x1edaV0x1f13V0x1f88V0x1fe1V0x404	0x20
0x1ee0V0x1f13V0x1f88V0x1fe1V0x404	0x1ec9
0x1ef0V0x1f23V0x1f88V0x1fe1V0x404	0x0
0x1ef1V0x1f23V0x1f88V0x1fe1V0x404	0x1f
0x1ef3V0x1f23V0x1f88V0x1fe1V0x404	0xffffffffffffffffffffffffffffffffffffffffffffffffffffffffffffffe0
0x1ef4V0x1f23V0x1f88V0x1fe1V0x404	0x1f
0x1eaeV0x1effV0x1f88V0x1fe1V0x404	0x0
0xee6V0x3ff	0x40
0xee9V0x3ff	0x8c379a000000000000000000000000000000000000000000000000000000000
0xf0cV0x3ff	0x4
0xf0fV0x3ff	0xf17
0xf13V0x3ff	0x2a91
0xf2eV0x3ff	0x40
0xf31V0x3ff	0x8c379a000000000000000000000000000000000000000000000000000000000
0xf54V0x3ff	0x4
0xf57V0x3ff	0xf5f
0xf5bV0x3ff	0x2b1f
0xf75V0x3ff	0x40
0xf78V0x3ff	0x8c379a000000000000000000000000000000000000000000000000000000000
0xf9bV0x3ff	0x4
0xf9eV0x3ff	0xfa6
0xfa2V0x3ff	0x2b87
0xfc4V0x3ff	0xfcb
0xfc7V0x3ff	0x5eef
0x1012V0x3ff	0x1019
0x1015V0x3ff	0x5f3b
0x105eV0x3ff	0x0
0x105fV0x3ff	0xffffffffffffffffffffffffffffffffffffffff
0x1074V0x3ff	0x0
0x107bV0x3ff	0x1087
0x107fV0x3ff	0x1086
0x1082V0x3ff	0x5f87
0x10b8V0x3ff	0x40
0x10bbV0x3ff	0x8c379a000000000000000000000000000000000000000000000000000000000
0x10deV0x3ff	0x4
0x10e1V0x3ff	0x10e9
0x10e5V0x3ff	0x2c49
0x1114V0x3ff	0x111b
0x1117V0x3ff	0x5fd3
0x114dV0x3ff	0x40
0x1150V0x3ff	0x8c379a000000000000000000000000000000000000000000000000000000000
0x1173V0x3ff	0x4
0x1176V0x3ff	0x117e
0x117aV0x3ff	0x2cb1
0x1193V0x3ff	0x119a
0x1196V0x3ff	0x601f
0x11b2V0x3ff	0x11b9
0x11b5V0x3ff	0x606b
0x11f0V0x3ff	0x11f7
0x11f3V0x3ff	0x60b7
0x120fV0x3ff	0x1216
0x1212V0x3ff	0x6103
0x1252V0x3ff	0x40
0x1257V0x3ff	0x1f
0x1259V0x3ff	0xffffffffffffffffffffffffffffffffffffffffffffffffffffffffffffffe0
0x125aV0x3ff	0x3f
0x1261V0x3ff	0x40
0x1268V0x3ff	0x0
0x1269V0x3ff	0x20
0x126eV0x3ff	0x1277
0x1283V0x3ff	0x128a
0x1286V0x3ff	0x614f
0x129dV0x3ff	0x12a4
0x12a0V0x3ff	0x619b
0x12c4V0x3ff	0x12cb
0x12c7V0x3ff	0x61e7
0x1324V0x3ff	0x132b
0x1327V0x3ff	0x6233
0x133eV0x3ff	0x1345
0x1341V0x3ff	0x627f
0x1363V0x3ff	0x136a
0x1366V0x3ff	0x62cb
0x137eV0x3ff	0x1385
0x1381V0x3ff	0x6317
0x13b8V0x3ff	0x13bf
0x13bbV0x3ff	0x6363
0x1413V0x3ff	0x141a
0x1416V0x3ff	0x63af
0xec6V0x3ff	0x60
0xec9V0x3ff	0xed0
0xeccV0x3ff	0x1721
0xed1V0x3ff	0xed8
0xed4V0x3ff	0x1762
0xee2V0x3ff	0xf20
0xf2aV0x3ff	0xf68
0xf18V0x3ff	0x40
0xf1dV0x3ff	0x84
0xf69V0x3ff	0x32
0xf71V0x3ff	0xfaf
0xf60V0x3ff	0x40
0xf65V0x3ff	0x84
0xfb4V0x3ff	0xffffffffffffffff
0xfc0V0x3ff	0xfcc
0xfa7V0x3ff	0x40
0xfacV0x3ff	0x64
0xfcdV0x3ff	0x40
0xfd5V0x3ff	0x20
0xfd8V0x3ff	0x20
0xfddV0x3ff	0x40
0xfe2V0x3ff	0xffa
0x5ef0V0x3ff	0x4e487b7100000000000000000000000000000000000000000000000000000000
0x5f11V0x3ff	0x0
0x5f13V0x3ff	0x41
0x5f15V0x3ff	0x4
0x5f18V0x3ff	0x24
0x5f1aV0x3ff	0x0
0x1002V0x3ff	0xffffffffffffffff
0x100eV0x3ff	0x101a
0x101bV0x3ff	0x40
0x1023V0x3ff	0x20
0x1026V0x3ff	0x20
0x102bV0x3ff	0x40
0x1030V0x3ff	0x104d
0x5f3cV0x3ff	0x4e487b7100000000000000000000000000000000000000000000000000000000
0x5f5dV0x3ff	0x0
0x5f5fV0x3ff	0x41
0x5f61V0x3ff	0x4
0x5f64V0x3ff	0x24
0x5f66V0x3ff	0x0
0x1051V0x3ff	0x0
0x1039V0x3ff	0x60
0x103dV0x3ff	0x20
0x1041V0x3ff	0x1
0x1047V0x3ff	0x1038
0x1436V0x3ff	0x143d
0x1439V0x3ff	0x1873
0x108aV0x3ff	0x20
0x108eV0x3ff	0x20
0x1093V0x3ff	0x109c
0x1098V0x3ff	0x20c7
0x5f88V0x3ff	0x4e487b7100000000000000000000000000000000000000000000000000000000
0x5fa9V0x3ff	0x0
0x5fabV0x3ff	0x32
0x5fadV0x3ff	0x4
0x5fb0V0x3ff	0x24
0x5fb2V0x3ff	0x0
0x109dV0x3ff	0xffffffffffffffffffffffffffffffffffffffff
0x10b4V0x3ff	0x10f2
0x10f4V0x3ff	0xffffffffffffffffffffffffffffffffffffffff
0x1110V0x3ff	0x111c
0x10eaV0x3ff	0x40
0x10efV0x3ff	0x64
0x111fV0x3ff	0x20
0x1123V0x3ff	0x20
0x1128V0x3ff	0x1131
0x112dV0x3ff	0x20c7
0x5fd4V0x3ff	0x4e487b7100000000000000000000000000000000000000000000000000000000
0x5ff5V0x3ff	0x0
0x5ff7V0x3ff	0x32
0x5ff9V0x3ff	0x4
0x5ffcV0x3ff	0x24
0x5ffeV0x3ff	0x0
0x1132V0x3ff	0xffffffffffffffffffffffffffffffffffffffff
0x1149V0x3ff	0x1187
0x118fV0x3ff	0x119b
0x117fV0x3ff	0x40
0x1184V0x3ff	0x64
0x119eV0x3ff	0x20
0x11a4V0x3ff	0x13ac
0x6020V0x3ff	0x4e487b7100000000000000000000000000000000000000000000000000000000
0x6041V0x3ff	0x0
0x6043V0x3ff	0x32
0x6045V0x3ff	0x4
0x6048V0x3ff	0x24
0x604aV0x3ff	0x0
0x13adV0x3ff	0x0
0x13b4V0x3ff	0x13c0
0x11bdV0x3ff	0x20
0x11c1V0x3ff	0x20
0x11c6V0x3ff	0x11cf
0x11cbV0x3ff	0x20c7
0x606cV0x3ff	0x4e487b7100000000000000000000000000000000000000000000000000000000
0x608dV0x3ff	0x0
0x608fV0x3ff	0x32
0x6091V0x3ff	0x4
0x6094V0x3ff	0x24
0x6096V0x3ff	0x0
0x11d0V0x3ff	0xffffffffffffffffffffffffffffffffffffffff
0x11ecV0x3ff	0x11f8
0x11fbV0x3ff	0x20
0x1200V0x3ff	0x186a0
0x120bV0x3ff	0x1217
0x60b8V0x3ff	0x4e487b7100000000000000000000000000000000000000000000000000000000
0x60d9V0x3ff	0x0
0x60dbV0x3ff	0x32
0x60ddV0x3ff	0x4
0x60e0V0x3ff	0x24
0x60e2V0x3ff	0x0
0x121aV0x3ff	0x20
0x1220V0x3ff	0x1229
0x1225V0x3ff	0x2cdb
0x6104V0x3ff	0x4e487b7100000000000000000000000000000000000000000000000000000000
0x6125V0x3ff	0x0
0x6127V0x3ff	0x32
0x6129V0x3ff	0x4
0x612cV0x3ff	0x24
0x612eV0x3ff	0x0
0x122aV0x3ff	0x40
0x122dV0x3ff	0x1237
0x1233V0x3ff	0x2d6b
0x1238V0x3ff	0x0
0x1239V0x3ff	0x40
0x124bV0x3ff	0x0
0x124eV0x3ff	0x1272
0x1273V0x3ff	0x60
0x127fV0x3ff	0x128b
0x128cV0x3ff	0x20
0x128fV0x3ff	0x20
0x1299V0x3ff	0x12a5
0x6150V0x3ff	0x4e487b7100000000000000000000000000000000000000000000000000000000
0x6171V0x3ff	0x0
0x6173V0x3ff	0x32
0x6175V0x3ff	0x4
0x6178V0x3ff	0x24
0x617aV0x3ff	0x0
0x12a6V0x3ff	0x20
0x12a9V0x3ff	0x20
0x12c0V0x3ff	0x12cc
0x619cV0x3ff	0x4e487b7100000000000000000000000000000000000000000000000000000000
0x61bdV0x3ff	0x0
0x61bfV0x3ff	0x32
0x61c1V0x3ff	0x4
0x61c4V0x3ff	0x24
0x61c6V0x3ff	0x0
0x12cfV0x3ff	0x20
0x12d3V0x3ff	0x20
0x12d8V0x3ff	0x12e1
0x12ddV0x3ff	0x20c7
0x61e8V0x3ff	0x4e487b7100000000000000000000000000000000000000000000000000000000
0x6209V0x3ff	0x0
0x620bV0x3ff	0x32
0x620dV0x3ff	0x4
0x6210V0x3ff	0x24
0x6212V0x3ff	0x0
0x12e2V0x3ff	0xffffffffffffffffffffffffffffffffffffffff
0x12f9V0x3ff	0x4e489366bf0f64bfa199b97ac8231965457c90d695ee77b7985d949d08bb0210
0x1320V0x3ff	0x132c
0x132fV0x3ff	0x20
0x133aV0x3ff	0x1346
0x6234V0x3ff	0x4e487b7100000000000000000000000000000000000000000000000000000000
0x6255V0x3ff	0x0
0x6257V0x3ff	0x32
0x6259V0x3ff	0x4
0x625cV0x3ff	0x24
0x625eV0x3ff	0x0
0x1349V0x3ff	0x20
0x134fV0x3ff	0x1358
0x1354V0x3ff	0x2cdb
0x6280V0x3ff	0x4e487b7100000000000000000000000000000000000000000000000000000000
0x62a1V0x3ff	0x0
0x62a3V0x3ff	0x32
0x62a5V0x3ff	0x4
0x62a8V0x3ff	0x24
0x62aaV0x3ff	0x0
0x135fV0x3ff	0x136b
0x136cV0x3ff	0x20
0x136fV0x3ff	0x20
0x137aV0x3ff	0x1386
0x62ccV0x3ff	0x4e487b7100000000000000000000000000000000000000000000000000000000
0x62edV0x3ff	0x0
0x62efV0x3ff	0x32
0x62f1V0x3ff	0x4
0x62f4V0x3ff	0x24
0x62f6V0x3ff	0x0
0x1387V0x3ff	0x20
0x138aV0x3ff	0x20
0x138fV0x3ff	0x40
0x1392V0x3ff	0x139f
0x139bV0x3ff	0x2df7
0x6318V0x3ff	0x4e487b7100000000000000000000000000000000000000000000000000000000
0x6339V0x3ff	0x0
0x633bV0x3ff	0x32
0x633dV0x3ff	0x4
0x6340V0x3ff	0x24
0x6342V0x3ff	0x0
0x13a0V0x3ff	0x40
0x13a8V0x3ff	0x1427
0x142aV0x3ff	0x1
0x1430V0x3ff	0x1052
0x13c1V0x3ff	0x20
0x13c4V0x3ff	0x20
0x13c9V0x3ff	0x1
0x13caV0x3ff	0x0
0x13cdV0x3ff	0x1
0x13ceV0x3ff	0x0
0x13d3V0x3ff	0x40
0x13d7V0x3ff	0x40
0x13daV0x3ff	0x40
0x13deV0x3ff	0x14
0x13e2V0x3ff	0x20
0x13e5V0x3ff	0x496e73756666696369656e742062616c616e6365000000000000000000000000
0x140fV0x3ff	0x141b
0x6364V0x3ff	0x4e487b7100000000000000000000000000000000000000000000000000000000
0x6385V0x3ff	0x0
0x6387V0x3ff	0x32
0x6389V0x3ff	0x4
0x638cV0x3ff	0x24
0x638eV0x3ff	0x0
0x141cV0x3ff	0x20
0x141fV0x3ff	0x20
0x63b0V0x3ff	0x4e487b7100000000000000000000000000000000000000000000000000000000
0x63d1V0x3ff	0x0
0x63d3V0x3ff	0x32
0x63d5V0x3ff	0x4
0x63d8V0x3ff	0x24
0x63daV0x3ff	0x0
0x105aV0x3ff	0x1434
0xfe7V0x3ff	0x20
0xfeaV0x3ff	0x20
0x1035V0x3ff	0x20
0x11aeV0x3ff	0x11ba
0x1874V0x1434V0x3ff	0x1
0x1876V0x1434V0x3ff	0x2
0x2cefV0x1217V0x3ff	0x2cf6
0x2cf2V0x1217V0x3ff	0x2ccf
0x2d11V0x1217V0x3ff	0x2d18
0x2d14V0x1217V0x3ff	0x2cd3
0x2d2dV0x1217V0x3ff	0x2d34
0x2d30V0x1217V0x3ff	0x2cd7
0x2cdcV0x1217V0x3ff	0x0
0x2ce0V0x1217V0x3ff	0x1
0x2ce2V0x1217V0x3ff	0x20
0x2ce4V0x1217V0x3ff	0x1f
0x2cebV0x1217V0x3ff	0x2cf7
0x2d01V0x1217V0x3ff	0xffffffffffffffff
0x2d0dV0x1217V0x3ff	0x2d19
0x2cd0V0x1217V0x3ff	0x0
0x2d1aV0x1217V0x3ff	0x20
0x2d20V0x1217V0x3ff	0x1
0x2d29V0x1217V0x3ff	0x2d35
0x2cd4V0x1217V0x3ff	0x0
0x2cd8V0x1217V0x3ff	0x0
0x2cefV0x1346V0x3ff	0x2cf6
0x2cf2V0x1346V0x3ff	0x2ccf
0x2d11V0x1346V0x3ff	0x2d18
0x2d14V0x1346V0x3ff	0x2cd3
0x2d2dV0x1346V0x3ff	0x2d34
0x2d30V0x1346V0x3ff	0x2cd7
0x2cdcV0x1346V0x3ff	0x0
0x2ce0V0x1346V0x3ff	0x1
0x2ce2V0x1346V0x3ff	0x20
0x2ce4V0x1346V0x3ff	0x1f
0x2cebV0x1346V0x3ff	0x2cf7
0x2d01V0x1346V0x3ff	0xffffffffffffffff
0x2d0dV0x1346V0x3ff	0x2d19
0x2cd0V0x1346V0x3ff	0x0
0x2d1aV0x1346V0x3ff	0x20
0x2d20V0x1346V0x3ff	0x1
0x2d29V0x1346V0x3ff	0x2d35
0x2cd4V0x1346V0x3ff	0x0
0x2cd8V0x1346V0x3ff	0x0
0x2a92V0xee6V0x3ff	0x0
0x2a93V0xee6V0x3ff	0x20
0x2a9bV0xee6V0x3ff	0x20
0x2a9cV0xee6V0x3ff	0x0
0x2aa0V0xee6V0x3ff	0x2aa8
0x2aa4V0xee6V0x3ff	0x2a6f
0x2a7eV0xee6V0x3ff	0x2a86
0x2a82V0xee6V0x3ff	0x2a21
0x2a87V0xee6V0x3ff	0x40
0x2a22V0xee6V0x3ff	0x4c656e677468206d69736d617463683a207461726765747320616e6420646174
0x2a43V0xee6V0x3ff	0x0
0x2a47V0xee6V0x3ff	0x6100000000000000000000000000000000000000000000000000000000000000
0x2a68V0xee6V0x3ff	0x20
0x2a70V0xee6V0x3ff	0x0
0x2a71V0xee6V0x3ff	0x2a7b
0x2a74V0xee6V0x3ff	0x21
0x2a77V0xee6V0x3ff	0x21ca
0x21cbV0x2a6fV0xee6V0x3ff	0x0
0x21cfV0x2a6fV0xee6V0x3ff	0x20
0x2b20V0xf2eV0x3ff	0x0
0x2b21V0xf2eV0x3ff	0x20
0x2b29V0xf2eV0x3ff	0x20
0x2b2aV0xf2eV0x3ff	0x0
0x2b2eV0xf2eV0x3ff	0x2b36
0x2b32V0xf2eV0x3ff	0x2afd
0x2b0cV0xf2eV0x3ff	0x2b14
0x2b10V0xf2eV0x3ff	0x2aaf
0x2b15V0xf2eV0x3ff	0x40
0x2ab0V0xf2eV0x3ff	0x4c656e677468206d69736d617463683a207461726765747320616e642076616c
0x2ad1V0xf2eV0x3ff	0x0
0x2ad5V0xf2eV0x3ff	0x7565730000000000000000000000000000000000000000000000000000000000
0x2af6V0xf2eV0x3ff	0x20
0x2afeV0xf2eV0x3ff	0x0
0x2affV0xf2eV0x3ff	0x2b09
0x2b02V0xf2eV0x3ff	0x23
0x2b05V0xf2eV0x3ff	0x21ca
0x21cbV0x2afdV0xf2eV0x3ff	0x0
0x21cfV0x2afdV0xf2eV0x3ff	0x20
0x2b88V0xf75V0x3ff	0x0
0x2b89V0xf75V0x3ff	0x20
0x2b91V0xf75V0x3ff	0x20
0x2b92V0xf75V0x3ff	0x0
0x2b96V0xf75V0x3ff	0x2b9e
0x2b9aV0xf75V0x3ff	0x2b65
0x2b74V0xf75V0x3ff	0x2b7c
0x2b78V0xf75V0x3ff	0x2b3d
0x2b7dV0xf75V0x3ff	0x20
0x2b3eV0xf75V0x3ff	0x546f6f206d616e79207472616e73616374696f6e730000000000000000000000
0x2b5fV0xf75V0x3ff	0x0
0x2b66V0xf75V0x3ff	0x0
0x2b67V0xf75V0x3ff	0x2b71
0x2b6aV0xf75V0x3ff	0x15
0x2b6dV0xf75V0x3ff	0x21ca
0x21cbV0x2b65V0xf75V0x3ff	0x0
0x21cfV0x2b65V0xf75V0x3ff	0x20
0x2c4aV0x10b8V0x3ff	0x0
0x2c4bV0x10b8V0x3ff	0x20
0x2c53V0x10b8V0x3ff	0x20
0x2c54V0x10b8V0x3ff	0x0
0x2c58V0x10b8V0x3ff	0x2c60
0x2c5cV0x10b8V0x3ff	0x2c27
0x2c36V0x10b8V0x3ff	0x2c3e
0x2c3aV0x10b8V0x3ff	0x2bff
0x2c3fV0x10b8V0x3ff	0x20
0x2c00V0x10b8V0x3ff	0x496e76616c696420746172676574206164647265737300000000000000000000
0x2c21V0x10b8V0x3ff	0x0
0x2c28V0x10b8V0x3ff	0x0
0x2c29V0x10b8V0x3ff	0x2c33
0x2c2cV0x10b8V0x3ff	0x16
0x2c2fV0x10b8V0x3ff	0x21ca
0x21cbV0x2c27V0x10b8V0x3ff	0x0
0x21cfV0x2c27V0x10b8V0x3ff	0x20
0x2cb2V0x114dV0x3ff	0x0
0x2cb3V0x114dV0x3ff	0x20
0x2cbbV0x114dV0x3ff	0x20
0x2cbcV0x114dV0x3ff	0x0
0x2cc0V0x114dV0x3ff	0x2cc8
0x2cc4V0x114dV0x3ff	0x2c8f
0x2c9eV0x114dV0x3ff	0x2ca6
0x2ca2V0x114dV0x3ff	0x2c67
0x2ca7V0x114dV0x3ff	0x20
0x2c68V0x114dV0x3ff	0x43616e6e6f742063616c6c2073656c6600000000000000000000000000000000
0x2c89V0x114dV0x3ff	0x0
0x2c90V0x114dV0x3ff	0x0
0x2c91V0x114dV0x3ff	0x2c9b
0x2c94V0x114dV0x3ff	0x10
0x2c97V0x114dV0x3ff	0x21ca
0x21cbV0x2c8fV0x114dV0x3ff	0x0
0x21cfV0x2c8fV0x114dV0x3ff	0x20
0x172fV0xec5V0x3ff	0x40
0x1732V0xec5V0x3ff	0xd93c066500000000000000000000000000000000000000000000000000000000
0x1755V0xec5V0x3ff	0x4
0x1758V0xec5V0x3ff	0x40
0x175dV0xec5V0x3ff	0x4
0x1722V0xec5V0x3ff	0x1729
0x1725V0xec5V0x3ff	0xaa7
0x172bV0xec5V0x3ff	0x1760
0xaa8V0x1721V0xec5V0x3ff	0x0
0xaa9V0x1721V0xec5V0x3ff	0x1
0xaabV0x1721V0xec5V0x3ff	0x0
0xaafV0x1721V0xec5V0x3ff	0x100
0xab2V0x1721V0xec5V0x3ff	0x1
0xab5V0x1721V0xec5V0x3ff	0xff
0x2d6cV0x1229V0x3ff	0x0
0x2d6dV0x1229V0x3ff	0x2d77
0x2d73V0x1229V0x3ff	0x2d47
0x2d55V0x1229V0x3ff	0x2d5f
0x2d5bV0x1229V0x3ff	0x2437
0x2d3eV0x1229V0x3ff	0x0
0x2d48V0x1229V0x3ff	0x0
0x2d49V0x1229V0x3ff	0x2d52
0x2d4eV0x1229V0x3ff	0x2d3d
0x243cV0x2d52V0x1229V0x3ff	0x0
0x2df8V0x1386V0x3ff	0x0
0x2df9V0x1386V0x3ff	0x80
0x2dffV0x1386V0x3ff	0x2e0a
0x2e02V0x1386V0x3ff	0x0
0x2e06V0x1386V0x3ff	0x20f2
0x2da1V0x1386V0x3ff	0x2dab
0x2da7V0x1386V0x3ff	0x2437
0x2dacV0x1386V0x3ff	0x2db4
0x2db0V0x1386V0x3ff	0x1eef
0x2dcaV0x1386V0x3ff	0x2dd3
0x2dcfV0x1386V0x3ff	0x2d83
0x2dd6V0x1386V0x3ff	0x2de3
0x2ddbV0x1386V0x3ff	0x20
0x2ddfV0x1386V0x3ff	0x1ec7
0x2de4V0x1386V0x3ff	0x2dec
0x2de8V0x1386V0x3ff	0x1eef
0x2e0dV0x1386V0x3ff	0x80
0x2e0eV0x1386V0x3ff	0x20
0x2e13V0x1386V0x3ff	0x2e1d
0x2e19V0x1386V0x3ff	0x2d93
0x2e20V0x1386V0x3ff	0x2e2c
0x2e23V0x1386V0x3ff	0x40
0x2e28V0x1386V0x3ff	0x1a02
0x2d94V0x1386V0x3ff	0x0
0x2d95V0x1386V0x3ff	0x2d9e
0x2d9aV0x1386V0x3ff	0x2d83
0x2e30V0x1386V0x3ff	0x60
0x2e35V0x1386V0x3ff	0x2e3e
0x2e3aV0x1386V0x3ff	0x2dbf
0x2dc0V0x1386V0x3ff	0x0
0x2dc1V0x1386V0x3ff	0x2dc9
0x2dc5V0x1386V0x3ff	0x1ead
0x243cV0x2d9eV0x1386V0x3ff	0x0
0x1ef0V0x2dabV0x1386V0x3ff	0x0
0x1ef1V0x2dabV0x1386V0x3ff	0x1f
0x1ef3V0x2dabV0x1386V0x3ff	0xffffffffffffffffffffffffffffffffffffffffffffffffffffffffffffffe0
0x1ef4V0x2dabV0x1386V0x3ff	0x1f
0x2d84V0x2dc9V0x1386V0x3ff	0x0
0x2d88V0x2dc9V0x1386V0x3ff	0x20
0x1ee5V0x2dd3V0x1386V0x3ff	0x0
0x1eceV0x2dd3V0x1386V0x3ff	0x1ee4
0x1ec8V0x2dd3V0x1386V0x3ff	0x0
0x1edaV0x2dd3V0x1386V0x3ff	0x20
0x1ee0V0x2dd3V0x1386V0x3ff	0x1ec9
0x1ef0V0x2de3V0x1386V0x3ff	0x0
0x1ef1V0x2de3V0x1386V0x3ff	0x1f
0x1ef3V0x2de3V0x1386V0x3ff	0xffffffffffffffffffffffffffffffffffffffffffffffffffffffffffffffe0
0x1ef4V0x2de3V0x1386V0x3ff	0x1f
0x2d84V0x2d93V0x1386V0x3ff	0x0
0x2d88V0x2d93V0x1386V0x3ff	0x20
0x1eaeV0x2dbfV0x1386V0x3ff	0x0
0x20f3V0x2df7V0x1386V0x3ff	0x20fb
0x20f7V0x2df7V0x1386V0x3ff	0x1c53
0x1c54V0x20f2V0x2df7V0x1386V0x3ff	0x0
0x1a03V0x2e1dV0x1386V0x3ff	0x1a0b
0x1a07V0x2e1dV0x1386V0x3ff	0x19f7
0x19f8V0x1a02V0x2e1dV0x1386V0x3ff	0x0
0x2e64V0x17a6	0x0
0x2e65V0x17a6	0xa0
0x2e6bV0x17a6	0x2e76
0x2e6eV0x17a6	0x0
0x2e72V0x17a6	0x1a33
0x2e77V0x17a6	0x2e83
0x2e7aV0x17a6	0x20
0x2e7fV0x17a6	0x1a33
0x2e84V0x17a6	0x2e90
0x2e87V0x17a6	0x40
0x2e8cV0x17a6	0x1a33
0x2e91V0x17a6	0x2e9d
0x2e94V0x17a6	0x60
0x2e99V0x17a6	0x20f2
0x2e9eV0x17a6	0x2eaa
0x2ea1V0x17a6	0x80
0x2ea6V0x17a6	0x2596
0x1a34V0x2e63V0x17a6	0x1a3c
0x1a38V0x2e63V0x17a6	0x1a2a
0x1a2bV0x1a33V0x2e63V0x17a6	0x0
0x1a34V0x2e76V0x17a6	0x1a3c
0x1a38V0x2e76V0x17a6	0x1a2a
0x1a2bV0x1a33V0x2e76V0x17a6	0x0
0x1a34V0x2e83V0x17a6	0x1a3c
0x1a38V0x2e83V0x17a6	0x1a2a
0x1a2bV0x1a33V0x2e83V0x17a6	0x0
0x20f3V0x2e90V0x17a6	0x20fb
0x20f7V0x2e90V0x17a6	0x1c53
0x1c54V0x20f2V0x2e90V0x17a6	0x0
0x2597V0x2e9dV0x17a6	0x259f
0x259bV0x2e9dV0x17a6	0x1acf
0x1ad0V0x2596V0x2e9dV0x17a6	0x0
0x1ad1V0x2596V0x2e9dV0x17a6	0x1ad9
0x1ad5V0x2596V0x2e9dV0x17a6	0x1ab0
0x1ab1V0x1acfV0x2596V0x2e9dV0x17a6	0x0
0x1ab2V0x1acfV0x2596V0x2e9dV0x17a6	0xffffffffffffffffffffffffffffffffffffffff
0x2575V0x6fa	0x0
0x2576V0x6fa	0x20
0x257eV0x6fa	0x20
0x257fV0x6fa	0x0
0x2583V0x6fa	0x258d
0x2589V0x6fa	0x2500
0x250fV0x2574V0x6fa	0x20
0x2515V0x2574V0x6fa	0x251d
0x2519V0x2574V0x6fa	0x242e
0x251fV0x2574V0x6fa	0x0
0x242fV0x2574V0x6fa	0x0
0x2538V0x2574V0x6fa	0x2542
0x253eV0x2574V0x6fa	0x2471
0x2545V0x2574V0x6fa	0x254d
0x2549V0x2574V0x6fa	0x24f4
0x2550V0x2574V0x6fa	0x20
0x2558V0x2574V0x6fa	0x1
0x255eV0x2574V0x6fa	0x2520
0x24f5V0x2574V0x6fa	0x0
0x24f6V0x2574V0x6fa	0x20
0x2525V0x2574V0x6fa	0x2562
0x2501V0x2574V0x6fa	0x0
0x2502V0x2574V0x6fa	0x250b
0x2507V0x2574V0x6fa	0x1e8e
0x252eV0x2574V0x6fa	0x2537
0x2533V0x2574V0x6fa	0x2492
0x1e8fV0x2500V0x2574V0x6fa	0x0
0x1e93V0x2500V0x2574V0x6fa	0x20
0x24a6V0x2529V0x2574V0x6fa	0x24ad
0x24a9V0x2529V0x2574V0x6fa	0x248e
0x24ceV0x2529V0x2574V0x6fa	0x24d5
0x24d1V0x2529V0x2574V0x6fa	0x2486
0x24e4V0x2529V0x2574V0x6fa	0x24eb
0x24e7V0x2529V0x2574V0x6fa	0x248a
0x24b8V0x2529V0x2574V0x6fa	0x20
0x24beV0x2529V0x2574V0x6fa	0xffffffffffffffff
0x24caV0x2529V0x2574V0x6fa	0x24d6
0x248fV0x2529V0x2574V0x6fa	0x0
0x24d7V0x2529V0x2574V0x6fa	0x1
0x24e0V0x2529V0x2574V0x6fa	0x24ec
0x2487V0x2529V0x2574V0x6fa	0x0
0x248bV0x2529V0x2574V0x6fa	0x0
0x2493V0x2529V0x2574V0x6fa	0x0
0x2497V0x2529V0x2574V0x6fa	0x1
0x2499V0x2529V0x2574V0x6fa	0x20
0x249bV0x2529V0x2574V0x6fa	0x1f
0x24a2V0x2529V0x2574V0x6fa	0x24ae
0x2453V0x2537V0x2574V0x6fa	0x245d
0x2459V0x2537V0x2574V0x6fa	0x2437
0x245eV0x2537V0x2574V0x6fa	0x2466
0x2462V0x2537V0x2574V0x6fa	0x1eef
0x2446V0x2537V0x2574V0x6fa	0x0
0x2447V0x2537V0x2574V0x6fa	0x2450
0x244cV0x2537V0x2574V0x6fa	0x1eb7
0x2472V0x2537V0x2574V0x6fa	0x0
0x2473V0x2537V0x2574V0x6fa	0x247d
0x2479V0x2537V0x2574V0x6fa	0x2445
0x243cV0x2450V0x2537V0x2574V0x6fa	0x0
0x1ef0V0x245dV0x2537V0x2574V0x6fa	0x0
0x1ef1V0x245dV0x2537V0x2574V0x6fa	0x1f
0x1ef3V0x245dV0x2537V0x2574V0x6fa	0xffffffffffffffffffffffffffffffffffffffffffffffffffffffffffffffe0
0x1ef4V0x245dV0x2537V0x2574V0x6fa	0x1f
0x1eb8V0x2445V0x2537V0x2574V0x6fa	0x0
0x1ebcV0x2445V0x2537V0x2574V0x6fa	0x20
0x25a6V0x723	0x0
0x25a7V0x723	0xc0
0x25adV0x723	0x25b8
0x25b0V0x723	0x0
0x25b4V0x723	0x1a33
0x25b9V0x723	0x25c5
0x25bcV0x723	0x20
0x25c1V0x723	0x1a33
0x25c6V0x723	0x25d2
0x25c9V0x723	0x40
0x25ceV0x723	0x1a33
0x25d3V0x723	0x25df
0x25d6V0x723	0x60
0x25dbV0x723	0x1a33
0x25e0V0x723	0x25ec
0x25e3V0x723	0x80
0x25e8V0x723	0x2596
0x25edV0x723	0x25f9
0x25f0V0x723	0xa0
0x25f5V0x723	0x20f2
0x1a34V0x25a5V0x723	0x1a3c
0x1a38V0x25a5V0x723	0x1a2a
0x1a2bV0x1a33V0x25a5V0x723	0x0
0x1a34V0x25b8V0x723	0x1a3c
0x1a38V0x25b8V0x723	0x1a2a
0x1a2bV0x1a33V0x25b8V0x723	0x0
0x1a34V0x25c5V0x723	0x1a3c
0x1a38V0x25c5V0x723	0x1a2a
0x1a2bV0x1a33V0x25c5V0x723	0x0
0x1a34V0x25d2V0x723	0x1a3c
0x1a38V0x25d2V0x723	0x1a2a
0x1a2bV0x1a33V0x25d2V0x723	0x0
0x20f3V0x25ecV0x723	0x20fb
0x20f7V0x25ecV0x723	0x1c53
0x1c54V0x20f2V0x25ecV0x723	0x0
0x2597V0x25dfV0x723	0x259f
0x259bV0x25dfV0x723	0x1acf
0x1ad0V0x2596V0x25dfV0x723	0x0
0x1ad1V0x2596V0x25dfV0x723	0x1ad9
0x1ad5V0x2596V0x25dfV0x723	0x1ab0
0x1ab1V0x1acfV0x2596V0x25dfV0x723	0x0
0x1ab2V0x1acfV0x2596V0x25dfV0x723	0xffffffffffffffffffffffffffffffffffffffff
0xee6V0x917	0x40
0xee9V0x917	0x8c379a000000000000000000000000000000000000000000000000000000000
0xf0cV0x917	0x4
0xf0fV0x917	0xf17
0xf13V0x917	0x2a91
0xf2eV0x917	0x40
0xf31V0x917	0x8c379a000000000000000000000000000000000000000000000000000000000
0xf54V0x917	0x4
0xf57V0x917	0xf5f
0xf5bV0x917	0x2b1f
0xf75V0x917	0x40
0xf78V0x917	0x8c379a000000000000000000000000000000000000000000000000000000000
0xf9bV0x917	0x4
0xf9eV0x917	0xfa6
0xfa2V0x917	0x2b87
0xfc4V0x917	0xfcb
0xfc7V0x917	0x5eef
0x1012V0x917	0x1019
0x1015V0x917	0x5f3b
0x105eV0x917	0x0
0x105fV0x917	0xffffffffffffffffffffffffffffffffffffffff
0x1074V0x917	0x0
0x107bV0x917	0x1087
0x107fV0x917	0x1086
0x1082V0x917	0x5f87
0x10b8V0x917	0x40
0x10bbV0x917	0x8c379a000000000000000000000000000000000000000000000000000000000
0x10deV0x917	0x4
0x10e1V0x917	0x10e9
0x10e5V0x917	0x2c49
0x1114V0x917	0x111b
0x1117V0x917	0x5fd3
0x114dV0x917	0x40
0x1150V0x917	0x8c379a000000000000000000000000000000000000000000000000000000000
0x1173V0x917	0x4
0x1176V0x917	0x117e
0x117aV0x917	0x2cb1
0x1193V0x917	0x119a
0x1196V0x917	0x601f
0x11b2V0x917	0x11b9
0x11b5V0x917	0x606b
0x11f0V0x917	0x11f7
0x11f3V0x917	0x60b7
0x120fV0x917	0x1216
0x1212V0x917	0x6103
0x1252V0x917	0x40
0x1257V0x917	0x1f
0x1259V0x917	0xffffffffffffffffffffffffffffffffffffffffffffffffffffffffffffffe0
0x125aV0x917	0x3f
0x1261V0x917	0x40
0x1268V0x917	0x0
0x1269V0x917	0x20
0x126eV0x917	0x1277
0x1283V0x917	0x128a
0x1286V0x917	0x614f
0x129dV0x917	0x12a4
0x12a0V0x917	0x619b
0x12c4V0x917	0x12cb
0x12c7V0x917	0x61e7
0x1324V0x917	0x132b
0x1327V0x917	0x6233
0x133eV0x917	0x1345
0x1341V0x917	0x627f
0x1363V0x917	0x136a
0x1366V0x917	0x62cb
0x137eV0x917	0x1385
0x1381V0x917	0x6317
0x13b8V0x917	0x13bf
0x13bbV0x917	0x6363
0x1413V0x917	0x141a
0x1416V0x917	0x63af
0xec6V0x917	0x60
0xec9V0x917	0xed0
0xeccV0x917	0x1721
0xed1V0x917	0xed8
0xed4V0x917	0x1762
0xee2V0x917	0xf20
0xf2aV0x917	0xf68
0xf18V0x917	0x40
0xf1dV0x917	0x84
0xf69V0x917	0x32
0xf71V0x917	0xfaf
0xf60V0x917	0x40
0xf65V0x917	0x84
0xfb4V0x917	0xffffffffffffffff
0xfc0V0x917	0xfcc
0xfa7V0x917	0x40
0xfacV0x917	0x64
0xfcdV0x917	0x40
0xfd5V0x917	0x20
0xfd8V0x917	0x20
0xfddV0x917	0x40
0xfe2V0x917	0xffa
0x5ef0V0x917	0x4e487b7100000000000000000000000000000000000000000000000000000000
0x5f11V0x917	0x0
0x5f13V0x917	0x41
0x5f15V0x917	0x4
0x5f18V0x917	0x24
0x5f1aV0x917	0x0
0x1002V0x917	0xffffffffffffffff
0x100eV0x917	0x101a
0x101bV0x917	0x40
0x1023V0x917	0x20
0x1026V0x917	0x20
0x102bV0x917	0x40
0x1030V0x917	0x104d
0x5f3cV0x917	0x4e487b7100000000000000000000000000000000000000000000000000000000
0x5f5dV0x917	0x0
0x5f5fV0x917	0x41
0x5f61V0x917	0x4
0x5f64V0x917	0x24
0x5f66V0x917	0x0
0x1051V0x917	0x0
0x1039V0x917	0x60
0x103dV0x917	0x20
0x1041V0x917	0x1
0x1047V0x917	0x1038
0x1436V0x917	0x143d
0x1439V0x917	0x1873
0x108aV0x917	0x20
0x108eV0x917	0x20
0x1093V0x917	0x109c
0x1098V0x917	0x20c7
0x5f88V0x917	0x4e487b7100000000000000000000000000000000000000000000000000000000
0x5fa9V0x917	0x0
0x5fabV0x917	0x32
0x5fadV0x917	0x4
0x5fb0V0x917	0x24
0x5fb2V0x917	0x0
0x109dV0x917	0xffffffffffffffffffffffffffffffffffffffff
0x10b4V0x917	0x10f2
0x10f4V0x917	0xffffffffffffffffffffffffffffffffffffffff
0x1110V0x917	0x111c
0x10eaV0x917	0x40
0x10efV0x917	0x64
0x111fV0x917	0x20
0x1123V0x917	0x20
0x1128V0x917	0x1131
0x112dV0x917	0x20c7
0x5fd4V0x917	0x4e487b7100000000000000000000000000000000000000000000000000000000
0x5ff5V0x917	0x0
0x5ff7V0x917	0x32
0x5ff9V0x917	0x4
0x5ffcV0x917	0x24
0x5ffeV0x917	0x0
0x1132V0x917	0xffffffffffffffffffffffffffffffffffffffff
0x1149V0x917	0x1187
0x118fV0x917	0x119b
0x117fV0x917	0x40
0x1184V0x917	0x64
0x119eV0x917	0x20
0x11a4V0x917	0x13ac
0x6020V0x917	0x4e487b7100000000000000000000000000000000000000000000000000000000
0x6041V0x917	0x0
0x6043V0x917	0x32
0x6045V0x917	0x4
0x6048V0x917	0x24
0x604aV0x917	0x0
0x13adV0x917	0x0
0x13b4V0x917	0x13c0
0x11bdV0x917	0x20
0x11c1V0x917	0x20
0x11c6V0x917	0x11cf
0x11cbV0x917	0x20c7
0x606cV0x917	0x4e487b7100000000000000000000000000000000000000000000000000000000
0x608dV0x917	0x0
0x608fV0x917	0x32
0x6091V0x917	0x4
0x6094V0x917	0x24
0x6096V0x917	0x0
0x11d0V0x917	0xffffffffffffffffffffffffffffffffffffffff
0x11ecV0x917	0x11f8
0x11fbV0x917	0x20
0x1200V0x917	0x186a0
0x120bV0x917	0x1217
0x60b8V0x917	0x4e487b7100000000000000000000000000000000000000000000000000000000
0x60d9V0x917	0x0
0x60dbV0x917	0x32
0x60ddV0x917	0x4
0x60e0V0x917	0x24
0x60e2V0x917	0x0
0x121aV0x917	0x20
0x1220V0x917	0x1229
0x1225V0x917	0x2cdb
0x6104V0x917	0x4e487b7100000000000000000000000000000000000000000000000000000000
0x6125V0x917	0x0
0x6127V0x917	0x32
0x6129V0x917	0x4
0x612cV0x917	0x24
0x612eV0x917	0x0
0x122aV0x917	0x40
0x122dV0x917	0x1237
0x1233V0x917	0x2d6b
0x1238V0x917	0x0
0x1239V0x917	0x40
0x124bV0x917	0x0
0x124eV0x917	0x1272
0x1273V0x917	0x60
0x127fV0x917	0x128b
0x128cV0x917	0x20
0x128fV0x917	0x20
0x1299V0x917	0x12a5
0x6150V0x917	0x4e487b7100000000000000000000000000000000000000000000000000000000
0x6171V0x917	0x0
0x6173V0x917	0x32
0x6175V0x917	0x4
0x6178V0x917	0x24
0x617aV0x917	0x0
0x12a6V0x917	0x20
0x12a9V0x917	0x20
0x12c0V0x917	0x12cc
0x619cV0x917	0x4e487b7100000000000000000000000000000000000000000000000000000000
0x61bdV0x917	0x0
0x61bfV0x917	0x32
0x61c1V0x917	0x4
0x61c4V0x917	0x24
0x61c6V0x917	0x0
0x12cfV0x917	0x20
0x12d3V0x917	0x20
0x12d8V0x917	0x12e1
0x12ddV0x917	0x20c7
0x61e8V0x917	0x4e487b7100000000000000000000000000000000000000000000000000000000
0x6209V0x917	0x0
0x620bV0x917	0x32
0x620dV0x917	0x4
0x6210V0x917	0x24
0x6212V0x917	0x0
0x12e2V0x917	0xffffffffffffffffffffffffffffffffffffffff
0x12f9V0x917	0x4e489366bf0f64bfa199b97ac8231965457c90d695ee77b7985d949d08bb0210
0x1320V0x917	0x132c
0x132fV0x917	0x20
0x133aV0x917	0x1346
0x6234V0x917	0x4e487b7100000000000000000000000000000000000000000000000000000000
0x6255V0x917	0x0
0x6257V0x917	0x32
0x6259V0x917	0x4
0x625cV0x917	0x24
0x625eV0x917	0x0
0x1349V0x917	0x20
0x134fV0x917	0x1358
0x1354V0x917	0x2cdb
0x6280V0x917	0x4e487b7100000000000000000000000000000000000000000000000000000000
0x62a1V0x917	0x0
0x62a3V0x917	0x32
0x62a5V0x917	0x4
0x62a8V0x917	0x24
0x62aaV0x917	0x0
0x135fV0x917	0x136b
0x136cV0x917	0x20
0x136fV0x917	0x20
0x137aV0x917	0x1386
0x62ccV0x917	0x4e487b7100000000000000000000000000000000000000000000000000000000
0x62edV0x917	0x0
0x62efV0x917	0x32
0x62f1V0x917	0x4
0x62f4V0x917	0x24
0x62f6V0x917	0x0
0x1387V0x917	0x20
0x138aV0x917	0x20
0x138fV0x917	0x40
0x1392V0x917	0x139f
0x139bV0x917	0x2df7
0x6318V0x917	0x4e487b7100000000000000000000000000000000000000000000000000000000
0x6339V0x917	0x0
0x633bV0x917	0x32
0x633dV0x917	0x4
0x6340V0x917	0x24
0x6342V0x917	0x0
0x13a0V0x917	0x40
0x13a8V0x917	0x1427
0x142aV0x917	0x1
0x1430V0x917	0x1052
0x13c1V0x917	0x20
0x13c4V0x917	0x20
0x13c9V0x917	0x1
0x13caV0x917	0x0
0x13cdV0x917	0x1
0x13ceV0x917	0x0
0x13d3V0x917	0x40
0x13d7V0x917	0x40
0x13daV0x917	0x40
0x13deV0x917	0x14
0x13e2V0x917	0x20
0x13e5V0x917	0x496e73756666696369656e742062616c616e6365000000000000000000000000
0x140fV0x917	0x141b
0x6364V0x917	0x4e487b7100000000000000000000000000000000000000000000000000000000
0x6385V0x917	0x0
0x6387V0x917	0x32
0x6389V0x917	0x4
0x638cV0x917	0x24
0x638eV0x917	0x0
0x141cV0x917	0x20
0x141fV0x917	0x20
0x63b0V0x917	0x4e487b7100000000000000000000000000000000000000000000000000000000
0x63d1V0x917	0x0
0x63d3V0x917	0x32
0x63d5V0x917	0x4
0x63d8V0x917	0x24
0x63daV0x917	0x0
0x105aV0x917	0x1434
0xfe7V0x917	0x20
0xfeaV0x917	0x20
0x1035V0x917	0x20
0x11aeV0x917	0x11ba
0x1874V0x1434V0x917	0x1
0x1876V0x1434V0x917	0x2
0x2cefV0x1217V0x917	0x2cf6
0x2cf2V0x1217V0x917	0x2ccf
0x2d11V0x1217V0x917	0x2d18
0x2d14V0x1217V0x917	0x2cd3
0x2d2dV0x1217V0x917	0x2d34
0x2d30V0x1217V0x917	0x2cd7
0x2cdcV0x1217V0x917	0x0
0x2ce0V0x1217V0x917	0x1
0x2ce2V0x1217V0x917	0x20
0x2ce4V0x1217V0x917	0x1f
0x2cebV0x1217V0x917	0x2cf7
0x2d01V0x1217V0x917	0xffffffffffffffff
0x2d0dV0x1217V0x917	0x2d19
0x2cd0V0x1217V0x917	0x0
0x2d1aV0x1217V0x917	0x20
0x2d20V0x1217V0x917	0x1
0x2d29V0x1217V0x917	0x2d35
0x2cd4V0x1217V0x917	0x0
0x2cd8V0x1217V0x917	0x0
0x2cefV0x1346V0x917	0x2cf6
0x2cf2V0x1346V0x917	0x2ccf
0x2d11V0x1346V0x917	0x2d18
0x2d14V0x1346V0x917	0x2cd3
0x2d2dV0x1346V0x917	0x2d34
0x2d30V0x1346V0x917	0x2cd7
0x2cdcV0x1346V0x917	0x0
0x2ce0V0x1346V0x917	0x1
0x2ce2V0x1346V0x917	0x20
0x2ce4V0x1346V0x917	0x1f
0x2cebV0x1346V0x917	0x2cf7
0x2d01V0x1346V0x917	0xffffffffffffffff
0x2d0dV0x1346V0x917	0x2d19
0x2cd0V0x1346V0x917	0x0
0x2d1aV0x1346V0x917	0x20
0x2d20V0x1346V0x917	0x1
0x2d29V0x1346V0x917	0x2d35
0x2cd4V0x1346V0x917	0x0
0x2cd8V0x1346V0x917	0x0
0x2a92V0xee6V0x917	0x0
0x2a93V0xee6V0x917	0x20
0x2a9bV0xee6V0x917	0x20
0x2a9cV0xee6V0x917	0x0
0x2aa0V0xee6V0x917	0x2aa8
0x2aa4V0xee6V0x917	0x2a6f
0x2a7eV0xee6V0x917	0x2a86
0x2a82V0xee6V0x917	0x2a21
0x2a87V0xee6V0x917	0x40
0x2a22V0xee6V0x917	0x4c656e677468206d69736d617463683a207461726765747320616e6420646174
0x2a43V0xee6V0x917	0x0
0x2a47V0xee6V0x917	0x6100000000000000000000000000000000000000000000000000000000000000
0x2a68V0xee6V0x917	0x20
0x2a70V0xee6V0x917	0x0
0x2a71V0xee6V0x917	0x2a7b
0x2a74V0xee6V0x917	0x21
0x2a77V0xee6V0x917	0x21ca
0x21cbV0x2a6fV0xee6V0x917	0x0
0x21cfV0x2a6fV0xee6V0x917	0x20
0x2b20V0xf2eV0x917	0x0
0x2b21V0xf2eV0x917	0x20
0x2b29V0xf2eV0x917	0x20
0x2b2aV0xf2eV0x917	0x0
0x2b2eV0xf2eV0x917	0x2b36
0x2b32V0xf2eV0x917	0x2afd
0x2b0cV0xf2eV0x917	0x2b14
0x2b10V0xf2eV0x917	0x2aaf
0x2b15V0xf2eV0x917	0x40
0x2ab0V0xf2eV0x917	0x4c656e677468206d69736d617463683a207461726765747320616e642076616c
0x2ad1V0xf2eV0x917	0x0
0x2ad5V0xf2eV0x917	0x7565730000000000000000000000000000000000000000000000000000000000
0x2af6V0xf2eV0x917	0x20
0x2afeV0xf2eV0x917	0x0
0x2affV0xf2eV0x917	0x2b09
0x2b02V0xf2eV0x917	0x23
0x2b05V0xf2eV0x917	0x21ca
0x21cbV0x2afdV0xf2eV0x917	0x0
0x21cfV0x2afdV0xf2eV0x917	0x20
0x2b88V0xf75V0x917	0x0
0x2b89V0xf75V0x917	0x20
0x2b91V0xf75V0x917	0x20
0x2b92V0xf75V0x917	0x0
0x2b96V0xf75V0x917	0x2b9e
0x2b9aV0xf75V0x917	0x2b65
0x2b74V0xf75V0x917	0x2b7c
0x2b78V0xf75V0x917	0x2b3d
0x2b7dV0xf75V0x917	0x20
0x2b3eV0xf75V0x917	0x546f6f206d616e79207472616e73616374696f6e730000000000000000000000
0x2b5fV0xf75V0x917	0x0
0x2b66V0xf75V0x917	0x0
0x2b67V0xf75V0x917	0x2b71
0x2b6aV0xf75V0x917	0x15
0x2b6dV0xf75V0x917	0x21ca
0x21cbV0x2b65V0xf75V0x917	0x0
0x21cfV0x2b65V0xf75V0x917	0x20
0x2c4aV0x10b8V0x917	0x0
0x2c4bV0x10b8V0x917	0x20
0x2c53V0x10b8V0x917	0x20
0x2c54V0x10b8V0x917	0x0
0x2c58V0x10b8V0x917	0x2c60
0x2c5cV0x10b8V0x917	0x2c27
0x2c36V0x10b8V0x917	0x2c3e
0x2c3aV0x10b8V0x917	0x2bff
0x2c3fV0x10b8V0x917	0x20
0x2c00V0x10b8V0x917	0x496e76616c696420746172676574206164647265737300000000000000000000
0x2c21V0x10b8V0x917	0x0
0x2c28V0x10b8V0x917	0x0
0x2c29V0x10b8V0x917	0x2c33
0x2c2cV0x10b8V0x917	0x16
0x2c2fV0x10b8V0x917	0x21ca
0x21cbV0x2c27V0x10b8V0x917	0x0
0x21cfV0x2c27V0x10b8V0x917	0x20
0x2cb2V0x114dV0x917	0x0
0x2cb3V0x114dV0x917	0x20
0x2cbbV0x114dV0x917	0x20
0x2cbcV0x114dV0x917	0x0
0x2cc0V0x114dV0x917	0x2cc8
0x2cc4V0x114dV0x917	0x2c8f
0x2c9eV0x114dV0x917	0x2ca6
0x2ca2V0x114dV0x917	0x2c67
0x2ca7V0x114dV0x917	0x20
0x2c68V0x114dV0x917	0x43616e6e6f742063616c6c2073656c6600000000000000000000000000000000
0x2c89V0x114dV0x917	0x0
0x2c90V0x114dV0x917	0x0
0x2c91V0x114dV0x917	0x2c9b
0x2c94V0x114dV0x917	0x10
0x2c97V0x114dV0x917	0x21ca
0x21cbV0x2c8fV0x114dV0x917	0x0
0x21cfV0x2c8fV0x114dV0x917	0x20
0x172fV0xec5V0x917	0x40
0x1732V0xec5V0x917	0xd93c066500000000000000000000000000000000000000000000000000000000
0x1755V0xec5V0x917	0x4
0x1758V0xec5V0x917	0x40
0x175dV0xec5V0x917	0x4
0x1722V0xec5V0x917	0x1729
0x1725V0xec5V0x917	0xaa7
0x172bV0xec5V0x917	0x1760
0xaa8V0x1721V0xec5V0x917	0x0
0xaa9V0x1721V0xec5V0x917	0x1
0xaabV0x1721V0xec5V0x917	0x0
0xaafV0x1721V0xec5V0x917	0x100
0xab2V0x1721V0xec5V0x917	0x1
0xab5V0x1721V0xec5V0x917	0xff
0x2d6cV0x1229V0x917	0x0
0x2d6dV0x1229V0x917	0x2d77
0x2d73V0x1229V0x917	0x2d47
0x2d55V0x1229V0x917	0x2d5f
0x2d5bV0x1229V0x917	0x2437
0x2d3eV0x1229V0x917	0x0
0x2d48V0x1229V0x917	0x0
0x2d49V0x1229V0x917	0x2d52
0x2d4eV0x1229V0x917	0x2d3d
0x243cV0x2d52V0x1229V0x917	0x0
0x2df8V0x1386V0x917	0x0
0x2df9V0x1386V0x917	0x80
0x2dffV0x1386V0x917	0x2e0a
0x2e02V0x1386V0x917	0x0
0x2e06V0x1386V0x917	0x20f2
0x2da1V0x1386V0x917	0x2dab
0x2da7V0x1386V0x917	0x2437
0x2dacV0x1386V0x917	0x2db4
0x2db0V0x1386V0x917	0x1eef
0x2dcaV0x1386V0x917	0x2dd3
0x2dcfV0x1386V0x917	0x2d83
0x2dd6V0x1386V0x917	0x2de3
0x2ddbV0x1386V0x917	0x20
0x2ddfV0x1386V0x917	0x1ec7
0x2de4V0x1386V0x917	0x2dec
0x2de8V0x1386V0x917	0x1eef
0x2e0dV0x1386V0x917	0x80
0x2e0eV0x1386V0x917	0x20
0x2e13V0x1386V0x917	0x2e1d
0x2e19V0x1386V0x917	0x2d93
0x2e20V0x1386V0x917	0x2e2c
0x2e23V0x1386V0x917	0x40
0x2e28V0x1386V0x917	0x1a02
0x2d94V0x1386V0x917	0x0
0x2d95V0x1386V0x917	0x2d9e
0x2d9aV0x1386V0x917	0x2d83
0x2e30V0x1386V0x917	0x60
0x2e35V0x1386V0x917	0x2e3e
0x2e3aV0x1386V0x917	0x2dbf
0x2dc0V0x1386V0x917	0x0
0x2dc1V0x1386V0x917	0x2dc9
0x2dc5V0x1386V0x917	0x1ead
0x243cV0x2d9eV0x1386V0x917	0x0
0x1ef0V0x2dabV0x1386V0x917	0x0
0x1ef1V0x2dabV0x1386V0x917	0x1f
0x1ef3V0x2dabV0x1386V0x917	0xffffffffffffffffffffffffffffffffffffffffffffffffffffffffffffffe0
0x1ef4V0x2dabV0x1386V0x917	0x1f
0x2d84V0x2dc9V0x1386V0x917	0x0
0x2d88V0x2dc9V0x1386V0x917	0x20
0x1ee5V0x2dd3V0x1386V0x917	0x0
0x1eceV0x2dd3V0x1386V0x917	0x1ee4
0x1ec8V0x2dd3V0x1386V0x917	0x0
0x1edaV0x2dd3V0x1386V0x917	0x20
0x1ee0V0x2dd3V0x1386V0x917	0x1ec9
0x1ef0V0x2de3V0x1386V0x917	0x0
0x1ef1V0x2de3V0x1386V0x917	0x1f
0x1ef3V0x2de3V0x1386V0x917	0xffffffffffffffffffffffffffffffffffffffffffffffffffffffffffffffe0
0x1ef4V0x2de3V0x1386V0x917	0x1f
0x2d84V0x2d93V0x1386V0x917	0x0
0x2d88V0x2d93V0x1386V0x917	0x20
0x1eaeV0x2dbfV0x1386V0x917	0x0
0x20f3V0x2df7V0x1386V0x917	0x20fb
0x20f7V0x2df7V0x1386V0x917	0x1c53
0x1c54V0x20f2V0x2df7V0x1386V0x917	0x0
0x1a03V0x2e1dV0x1386V0x917	0x1a0b
0x1a07V0x2e1dV0x1386V0x917	0x19f7
0x19f8V0x1a02V0x2e1dV0x1386V0x917	0x0
0x2909V0xb5c	0x0
0x290aV0xb5c	0x60
0x2910V0xb5c	0x291b
0x2913V0xb5c	0x0
0x2917V0xb5c	0x2596
0x291cV0xb5c	0x2928
0x291fV0xb5c	0x20
0x2924V0xb5c	0x2596
0x2929V0xb5c	0x2935
0x292cV0xb5c	0x40
0x2931V0xb5c	0x20f2
0x20f3V0x2928V0xb5c	0x20fb
0x20f7V0x2928V0xb5c	0x1c53
0x1c54V0x20f2V0x2928V0xb5c	0x0
0x2597V0x2908V0xb5c	0x259f
0x259bV0x2908V0xb5c	0x1acf
0x1ad0V0x2596V0x2908V0xb5c	0x0
0x1ad1V0x2596V0x2908V0xb5c	0x1ad9
0x1ad5V0x2596V0x2908V0xb5c	0x1ab0
0x1ab1V0x1acfV0x2596V0x2908V0xb5c	0x0
0x1ab2V0x1acfV0x2596V0x2908V0xb5c	0xffffffffffffffffffffffffffffffffffffffff
0x2597V0x291bV0xb5c	0x259f
0x259bV0x291bV0xb5c	0x1acf
0x1ad0V0x2596V0x291bV0xb5c	0x0
0x1ad1V0x2596V0x291bV0xb5c	0x1ad9
0x1ad5V0x2596V0x291bV0xb5c	0x1ab0
0x1ab1V0x1acfV0x2596V0x291bV0xb5c	0x0
0x1ab2V0x1acfV0x2596V0x291bV0xb5c	0xffffffffffffffffffffffffffffffffffffffff
0x293eV0xda0	0x0
0x293fV0xda0	0x40
0x2945V0xda0	0x2950
0x2948V0xda0	0x0
0x294cV0xda0	0x2596
0x2951V0xda0	0x295d
0x2954V0xda0	0x20
0x2959V0xda0	0x20f2
0x20f3V0x2950V0xda0	0x20fb
0x20f7V0x2950V0xda0	0x1c53
0x1c54V0x20f2V0x2950V0xda0	0x0
0x2597V0x293dV0xda0	0x259f
0x259bV0x293dV0xda0	0x1acf
0x1ad0V0x2596V0x293dV0xda0	0x0
0x1ad1V0x2596V0x293dV0xda0	0x1ad9
0x1ad5V0x2596V0x293dV0xda0	0x1ab0
0x1ab1V0x1acfV0x2596V0x293dV0xda0	0x0
0x1ab2V0x1acfV0x2596V0x293dV0xda0	0xffffffffffffffffffffffffffffffffffffffff
0x299bV0xdf7	0x29a2
0x299eV0xdf7	0x6720
0x298fV0xdf7	0x0
0x2990V0xdf7	0x20
0x2997V0xdf7	0x29a3
0x29a4V0xdf7	0x0
0x29a5V0xdf7	0x29b0
0x29acV0xdf7	0x297a
0x6721V0xdf7	0x0
0x297bV0x29a3V0xdf7	0x0
0x2980V0x29a3V0xdf7	0x2988
0x2984V0x29a3V0xdf7	0x2964
0x2974V0x297aV0x29a3V0xdf7	0x0
0x2970V0x297aV0x29a3V0xdf7	0x2977
0x2965V0x297aV0x29a3V0xdf7	0x296d
0x2969V0x297aV0x29a3V0xdf7	0x19f7
0x19f8V0x2964V0x297aV0x29a3V0xdf7	0x0
0x2e4bV0x170a	0x0
0x2e4cV0x170a	0x20
0x2e52V0x170a	0x2e5d
0x2e55V0x170a	0x0
0x2e59V0x170a	0x2596
0x2597V0x2e4aV0x170a	0x259f
0x259bV0x2e4aV0x170a	0x1acf
0x1ad0V0x2596V0x2e4aV0x170a	0x0
0x1ad1V0x2596V0x2e4aV0x170a	0x1ad9
0x1ad5V0x2596V0x2e4aV0x170a	0x1ab0
0x1ab1V0x1acfV0x2596V0x2e4aV0x170a	0x0
0x1ab2V0x1acfV0x2596V0x2e4aV0x170a	0xffffffffffffffffffffffffffffffffffffffff
0x2e4bV0x18c7	0x0
0x2e4cV0x18c7	0x20
0x2e52V0x18c7	0x2e5d
0x2e55V0x18c7	0x0
0x2e59V0x18c7	0x2596
0x2597V0x2e4aV0x18c7	0x259f
0x259bV0x2e4aV0x18c7	0x1acf
0x1ad0V0x2596V0x2e4aV0x18c7	0x0
0x1ad1V0x2596V0x2e4aV0x18c7	0x1ad9
0x1ad5V0x2596V0x2e4aV0x18c7	0x1ab0
0x1ab1V0x1acfV0x2596V0x2e4aV0x18c7	0x0
0x1ab2V0x1acfV0x2596V0x2e4aV0x18c7	0xffffffffffffffffffffffffffffffffffffffff
0x1b18V0x1c4	0x1b1f
0x1b1bV0x1c4	0x6441
0x1b0bV0x1c4	0x0
0x1b0dV0x1c4	0x40
0x1b14V0x1c4	0x1b20
0x1b21V0x1c4	0x0
0x1b22V0x1c4	0x1b2d
0x1b28V0x1c4	0x4
0x1b29V0x1c4	0x1a71
0x6442V0x1c4	0x0
0x1b31V0x1c4	0x20
0x1b33V0x1c4	0x1b3e
0x1b39V0x1c4	0x24
0x1b3aV0x1c4	0x1af6
0x1a72V0x1b20V0x1c4	0x0
0x1a77V0x1b20V0x1c4	0x1a7f
0x1a7bV0x1b20V0x1c4	0x1a5b
0x1a6bV0x1a71V0x1b20V0x1c4	0x0
0x1a67V0x1a71V0x1b20V0x1c4	0x1a6e
0x1a5cV0x1a71V0x1b20V0x1c4	0x1a64
0x1a60V0x1a71V0x1b20V0x1c4	0x1a2a
0x1a2bV0x1a5bV0x1a71V0x1b20V0x1c4	0x0
0x1af7V0x1b2dV0x1c4	0x0
0x1afcV0x1b2dV0x1c4	0x1b04
0x1b00V0x1b2dV0x1c4	0x1ae0
0x1af0V0x1af6V0x1b2dV0x1c4	0x0
0x1aecV0x1af6V0x1b2dV0x1c4	0x1af3
0x1ae1V0x1af6V0x1b2dV0x1c4	0x1ae9
0x1ae5V0x1af6V0x1b2dV0x1c4	0x1acf
0x1ad0V0x1ae0V0x1af6V0x1b2dV0x1c4	0x0
0x1ad1V0x1ae0V0x1af6V0x1b2dV0x1c4	0x1ad9
0x1ad5V0x1ae0V0x1af6V0x1b2dV0x1c4	0x1ab0
0x1ab1V0x1acfV0x1ae0V0x1af6V0x1b2dV0x1c4	0x0
0x1ab2V0x1acfV0x1ae0V0x1af6V0x1b2dV0x1c4	0xffffffffffffffffffffffffffffffffffffffff
0x1b18V0x1ec	0x1b1f
0x1b1bV0x1ec	0x6441
0x1b0bV0x1ec	0x0
0x1b0dV0x1ec	0x40
0x1b14V0x1ec	0x1b20
0x1b21V0x1ec	0x0
0x1b22V0x1ec	0x1b2d
0x1b28V0x1ec	0x4
0x1b29V0x1ec	0x1a71
0x6442V0x1ec	0x0
0x1b31V0x1ec	0x20
0x1b33V0x1ec	0x1b3e
0x1b39V0x1ec	0x24
0x1b3aV0x1ec	0x1af6
0x1a72V0x1b20V0x1ec	0x0
0x1a77V0x1b20V0x1ec	0x1a7f
0x1a7bV0x1b20V0x1ec	0x1a5b
0x1a6bV0x1a71V0x1b20V0x1ec	0x0
0x1a67V0x1a71V0x1b20V0x1ec	0x1a6e
0x1a5cV0x1a71V0x1b20V0x1ec	0x1a64
0x1a60V0x1a71V0x1b20V0x1ec	0x1a2a
0x1a2bV0x1a5bV0x1a71V0x1b20V0x1ec	0x0
0x1af7V0x1b2dV0x1ec	0x0
0x1afcV0x1b2dV0x1ec	0x1b04
0x1b00V0x1b2dV0x1ec	0x1ae0
0x1af0V0x1af6V0x1b2dV0x1ec	0x0
0x1aecV0x1af6V0x1b2dV0x1ec	0x1af3
0x1ae1V0x1af6V0x1b2dV0x1ec	0x1ae9
0x1ae5V0x1af6V0x1b2dV0x1ec	0x1acf
0x1ad0V0x1ae0V0x1af6V0x1b2dV0x1ec	0x0
0x1ad1V0x1ae0V0x1af6V0x1b2dV0x1ec	0x1ad9
0x1ad5V0x1ae0V0x1af6V0x1b2dV0x1ec	0x1ab0
0x1ab1V0x1acfV0x1ae0V0x1af6V0x1b2dV0x1ec	0x0
0x1ab2V0x1acfV0x1ae0V0x1af6V0x1b2dV0x1ec	0xffffffffffffffffffffffffffffffffffffffff
0x1cd4V0x22a	0x1cdb
0x1cd7V0x22a	0x659f
0x1cf1V0x22a	0x1cf8
0x1cf4V0x22a	0x65c2
0x1d20V0x22a	0x1d27
0x1d23V0x22a	0x65e5
0x1d4fV0x22a	0x1d56
0x1d52V0x22a	0x6608
0x1cbdV0x22a	0x0
0x1cbfV0x22a	0x0
0x1cc1V0x22a	0x0
0x1cc3V0x22a	0x0
0x1cc5V0x22a	0x0
0x1cc7V0x22a	0x0
0x1cc8V0x22a	0x100
0x1cd0V0x22a	0x1cdc
0x1cddV0x22a	0x0
0x1cdfV0x22a	0x4
0x1ce1V0x22a	0xffffffffffffffff
0x1cedV0x22a	0x1cf9
0x65a0V0x22a	0x0
0x1cfaV0x22a	0x1d05
0x1d01V0x22a	0x1b54
0x65c3V0x22a	0x0
0x1d0bV0x22a	0x20
0x1d0eV0x22a	0x24
0x1d10V0x22a	0xffffffffffffffff
0x1d1cV0x22a	0x1d28
0x1d29V0x22a	0x1d34
0x1d30V0x22a	0x1ba9
0x65e6V0x22a	0x0
0x1d3aV0x22a	0x40
0x1d3dV0x22a	0x44
0x1d3fV0x22a	0xffffffffffffffff
0x1d4bV0x22a	0x1d57
0x1d58V0x22a	0x1d63
0x1d5fV0x22a	0x1bfe
0x6609V0x22a	0x0
0x1d69V0x22a	0x60
0x1d6bV0x22a	0x1d76
0x1d71V0x22a	0x64
0x1d72V0x22a	0x1af6
0x1d7aV0x22a	0x80
0x1d7cV0x22a	0x1d87
0x1d82V0x22a	0x84
0x1d83V0x22a	0x1c72
0x1d8bV0x22a	0xa0
0x1d8dV0x22a	0x1d98
0x1d93V0x22a	0xa4
0x1d94V0x22a	0x1ca8
0x1d9cV0x22a	0xc0
0x1d9eV0x22a	0x1da9
0x1da4V0x22a	0xc4
0x1da5V0x22a	0x1a71
0x1dadV0x22a	0xe0
0x1dafV0x22a	0x1dba
0x1db5V0x22a	0xe4
0x1db6V0x22a	0x1a71
0x1b61V0x1cf9V0x22a	0x1b68
0x1b64V0x1cf9V0x22a	0x6464
0x1b7eV0x1cf9V0x22a	0x1b85
0x1b81V0x1cf9V0x22a	0x6487
0x1b9aV0x1cf9V0x22a	0x1ba1
0x1b9dV0x1cf9V0x22a	0x64aa
0x1b6eV0x1cf9V0x22a	0xffffffffffffffff
0x1b7aV0x1cf9V0x22a	0x1b86
0x6465V0x1cf9V0x22a	0x0
0x1b87V0x1cf9V0x22a	0x20
0x1b8eV0x1cf9V0x22a	0x20
0x1b96V0x1cf9V0x22a	0x1ba2
0x6488V0x1cf9V0x22a	0x0
0x64abV0x1cf9V0x22a	0x0
0x1b55V0x1cf9V0x22a	0x0
0x1b58V0x1cf9V0x22a	0x1f
0x1b5dV0x1cf9V0x22a	0x1b69
0x1bb6V0x1d28V0x22a	0x1bbd
0x1bb9V0x1d28V0x22a	0x64cd
0x1bd3V0x1d28V0x22a	0x1bda
0x1bd6V0x1d28V0x22a	0x64f0
0x1befV0x1d28V0x22a	0x1bf6
0x1bf2V0x1d28V0x22a	0x6513
0x1bc3V0x1d28V0x22a	0xffffffffffffffff
0x1bcfV0x1d28V0x22a	0x1bdb
0x64ceV0x1d28V0x22a	0x0
0x1bdcV0x1d28V0x22a	0x20
0x1be3V0x1d28V0x22a	0x20
0x1bebV0x1d28V0x22a	0x1bf7
0x64f1V0x1d28V0x22a	0x0
0x6514V0x1d28V0x22a	0x0
0x1baaV0x1d28V0x22a	0x0
0x1badV0x1d28V0x22a	0x1f
0x1bb2V0x1d28V0x22a	0x1bbe
0x1c0bV0x1d57V0x22a	0x1c12
0x1c0eV0x1d57V0x22a	0x6536
0x1c28V0x1d57V0x22a	0x1c2f
0x1c2bV0x1d57V0x22a	0x6559
0x1c44V0x1d57V0x22a	0x1c4b
0x1c47V0x1d57V0x22a	0x657c
0x1c18V0x1d57V0x22a	0xffffffffffffffff
0x1c24V0x1d57V0x22a	0x1c30
0x6537V0x1d57V0x22a	0x0
0x1c31V0x1d57V0x22a	0x20
0x1c38V0x1d57V0x22a	0x20
0x1c40V0x1d57V0x22a	0x1c4c
0x655aV0x1d57V0x22a	0x0
0x657dV0x1d57V0x22a	0x0
0x1bffV0x1d57V0x22a	0x0
0x1c02V0x1d57V0x22a	0x1f
0x1c07V0x1d57V0x22a	0x1c13
0x1c73V0x1d76V0x22a	0x0
0x1c78V0x1d76V0x22a	0x1c80
0x1c7cV0x1d76V0x22a	0x1c5c
0x1c6cV0x1c72V0x1d76V0x22a	0x0
0x1c68V0x1c72V0x1d76V0x22a	0x1c6f
0x1c5dV0x1c72V0x1d76V0x22a	0x1c65
0x1c61V0x1c72V0x1d76V0x22a	0x1c53
0x1c54V0x1c5cV0x1c72V0x1d76V0x22a	0x0
0x1ca9V0x1d87V0x22a	0x0
0x1caeV0x1d87V0x22a	0x1cb6
0x1cb2V0x1d87V0x22a	0x1c92
0x1ca2V0x1ca8V0x1d87V0x22a	0x0
0x1c9eV0x1ca8V0x1d87V0x22a	0x1ca5
0x1c93V0x1ca8V0x1d87V0x22a	0x1c9b
0x1c97V0x1ca8V0x1d87V0x22a	0x1c86
0x1c87V0x1c92V0x1ca8V0x1d87V0x22a	0x0
0x1c88V0x1c92V0x1ca8V0x1d87V0x22a	0xff
0x1a72V0x1d98V0x22a	0x0
0x1a77V0x1d98V0x22a	0x1a7f
0x1a7bV0x1d98V0x22a	0x1a5b
0x1a6bV0x1a71V0x1d98V0x22a	0x0
0x1a67V0x1a71V0x1d98V0x22a	0x1a6e
0x1a5cV0x1a71V0x1d98V0x22a	0x1a64
0x1a60V0x1a71V0x1d98V0x22a	0x1a2a
0x1a2bV0x1a5bV0x1a71V0x1d98V0x22a	0x0
0x1a72V0x1da9V0x22a	0x0
0x1a77V0x1da9V0x22a	0x1a7f
0x1a7bV0x1da9V0x22a	0x1a5b
0x1a6bV0x1a71V0x1da9V0x22a	0x0
0x1a67V0x1a71V0x1da9V0x22a	0x1a6e
0x1a5cV0x1a71V0x1da9V0x22a	0x1a64
0x1a60V0x1a71V0x1da9V0x22a	0x1a2a
0x1a2bV0x1a5bV0x1a71V0x1da9V0x22a	0x0
0x1af7V0x1d63V0x22a	0x0
0x1afcV0x1d63V0x22a	0x1b04
0x1b00V0x1d63V0x22a	0x1ae0
0x1af0V0x1af6V0x1d63V0x22a	0x0
0x1aecV0x1af6V0x1d63V0x22a	0x1af3
0x1ae1V0x1af6V0x1d63V0x22a	0x1ae9
0x1ae5V0x1af6V0x1d63V0x22a	0x1acf
0x1ad0V0x1ae0V0x1af6V0x1d63V0x22a	0x0
0x1ad1V0x1ae0V0x1af6V0x1d63V0x22a	0x1ad9
0x1ad5V0x1ae0V0x1af6V0x1d63V0x22a	0x1ab0
0x1ab1V0x1acfV0x1ae0V0x1af6V0x1d63V0x22a	0x0
0x1ab2V0x1acfV0x1ae0V0x1af6V0x1d63V0x22a	0xffffffffffffffffffffffffffffffffffffffff
0x2047V0x267	0x204e
0x204aV0x267	0x662b
0x203aV0x267	0x0
0x203cV0x267	0x40
0x2043V0x267	0x204f
0x2050V0x267	0x0
0x2051V0x267	0x205c
0x2057V0x267	0x4
0x2058V0x267	0x2025
0x662cV0x267	0x0
0x2060V0x267	0x20
0x2062V0x267	0x206d
0x2068V0x267	0x24
0x2069V0x267	0x1c72
0x1c73V0x205cV0x267	0x0
0x1c78V0x205cV0x267	0x1c80
0x1c7cV0x205cV0x267	0x1c5c
0x1c6cV0x1c72V0x205cV0x267	0x0
0x1c68V0x1c72V0x205cV0x267	0x1c6f
0x1c5dV0x1c72V0x205cV0x267	0x1c65
0x1c61V0x1c72V0x205cV0x267	0x1c53
0x1c54V0x1c5cV0x1c72V0x205cV0x267	0x0
0x2026V0x204fV0x267	0x0
0x202bV0x204fV0x267	0x2033
0x202fV0x204fV0x267	0x200f
0x201fV0x2025V0x204fV0x267	0x0
0x201bV0x2025V0x204fV0x267	0x2022
0x2010V0x2025V0x204fV0x267	0x2018
0x2014V0x2025V0x204fV0x267	0x1ffe
0x1fffV0x200fV0x2025V0x204fV0x267	0x0
0x2000V0x200fV0x2025V0x204fV0x267	0x2008
0x2004V0x200fV0x2025V0x204fV0x267	0x1ab0
0x1ab1V0x1ffeV0x200fV0x2025V0x204fV0x267	0x0
0x1ab2V0x1ffeV0x200fV0x2025V0x204fV0x267	0xffffffffffffffffffffffffffffffffffffffff
0x2086V0x2b9	0x208d
0x2089V0x2b9	0x664e
0x2078V0x2b9	0x0
0x207aV0x2b9	0x0
0x207bV0x2b9	0x60
0x2082V0x2b9	0x208e
0x208fV0x2b9	0x0
0x2090V0x2b9	0x209b
0x2096V0x2b9	0x4
0x2097V0x2b9	0x1af6
0x664fV0x2b9	0x0
0x209fV0x2b9	0x20
0x20a1V0x2b9	0x20ac
0x20a7V0x2b9	0x24
0x20a8V0x2b9	0x1af6
0x20b0V0x2b9	0x40
0x20b2V0x2b9	0x20bd
0x20b8V0x2b9	0x44
0x20b9V0x2b9	0x1c72
0x1c73V0x20acV0x2b9	0x0
0x1c78V0x20acV0x2b9	0x1c80
0x1c7cV0x20acV0x2b9	0x1c5c
0x1c6cV0x1c72V0x20acV0x2b9	0x0
0x1c68V0x1c72V0x20acV0x2b9	0x1c6f
0x1c5dV0x1c72V0x20acV0x2b9	0x1c65
0x1c61V0x1c72V0x20acV0x2b9	0x1c53
0x1c54V0x1c5cV0x1c72V0x20acV0x2b9	0x0
0x1af7V0x208eV0x2b9	0x0
0x1afcV0x208eV0x2b9	0x1b04
0x1b00V0x208eV0x2b9	0x1ae0
0x1af0V0x1af6V0x208eV0x2b9	0x0
0x1aecV0x1af6V0x208eV0x2b9	0x1af3
0x1ae1V0x1af6V0x208eV0x2b9	0x1ae9
0x1ae5V0x1af6V0x208eV0x2b9	0x1acf
0x1ad0V0x1ae0V0x1af6V0x208eV0x2b9	0x0
0x1ad1V0x1ae0V0x1af6V0x208eV0x2b9	0x1ad9
0x1ad5V0x1ae0V0x1af6V0x208eV0x2b9	0x1ab0
0x1ab1V0x1acfV0x1ae0V0x1af6V0x208eV0x2b9	0x0
0x1ab2V0x1acfV0x1ae0V0x1af6V0x208eV0x2b9	0xffffffffffffffffffffffffffffffffffffffff
0x1af7V0x209bV0x2b9	0x0
0x1afcV0x209bV0x2b9	0x1b04
0x1b00V0x209bV0x2b9	0x1ae0
0x1af0V0x1af6V0x209bV0x2b9	0x0
0x1aecV0x1af6V0x209bV0x2b9	0x1af3
0x1ae1V0x1af6V0x209bV0x2b9	0x1ae9
0x1ae5V0x1af6V0x209bV0x2b9	0x1acf
0x1ad0V0x1ae0V0x1af6V0x209bV0x2b9	0x0
0x1ad1V0x1ae0V0x1af6V0x209bV0x2b9	0x1ad9
0x1ad5V0x1ae0V0x1af6V0x209bV0x2b9	0x1ab0
0x1ab1V0x1acfV0x1ae0V0x1af6V0x209bV0x2b9	0x0
0x1ab2V0x1acfV0x1ae0V0x1af6V0x209bV0x2b9	0xffffffffffffffffffffffffffffffffffffffff
0x20d4V0x2e1	0x20db
0x20d7V0x2e1	0x6671
0x20c8V0x2e1	0x0
0x20c9V0x2e1	0x20
0x20d0V0x2e1	0x20dc
0x20ddV0x2e1	0x0
0x20deV0x2e1	0x20e9
0x20e4V0x2e1	0x4
0x20e5V0x2e1	0x1af6
0x6672V0x2e1	0x0
0x1af7V0x20dcV0x2e1	0x0
0x1afcV0x20dcV0x2e1	0x1b04
0x1b00V0x20dcV0x2e1	0x1ae0
0x1af0V0x1af6V0x20dcV0x2e1	0x0
0x1aecV0x1af6V0x20dcV0x2e1	0x1af3
0x1ae1V0x1af6V0x20dcV0x2e1	0x1ae9
0x1ae5V0x1af6V0x20dcV0x2e1	0x1acf
0x1ad0V0x1ae0V0x1af6V0x20dcV0x2e1	0x0
0x1ad1V0x1ae0V0x1af6V0x20dcV0x2e1	0x1ad9
0x1ad5V0x1ae0V0x1af6V0x20dcV0x2e1	0x1ab0
0x1ab1V0x1acfV0x1ae0V0x1af6V0x20dcV0x2e1	0x0
0x1ab2V0x1acfV0x1ae0V0x1af6V0x20dcV0x2e1	0xffffffffffffffffffffffffffffffffffffffff
0x20d4V0x31d	0x20db
0x20d7V0x31d	0x6671
0x20c8V0x31d	0x0
0x20c9V0x31d	0x20
0x20d0V0x31d	0x20dc
0x20ddV0x31d	0x0
0x20deV0x31d	0x20e9
0x20e4V0x31d	0x4
0x20e5V0x31d	0x1af6
0x6672V0x31d	0x0
0x1af7V0x20dcV0x31d	0x0
0x1afcV0x20dcV0x31d	0x1b04
0x1b00V0x20dcV0x31d	0x1ae0
0x1af0V0x1af6V0x20dcV0x31d	0x0
0x1aecV0x1af6V0x20dcV0x31d	0x1af3
0x1ae1V0x1af6V0x20dcV0x31d	0x1ae9
0x1ae5V0x1af6V0x20dcV0x31d	0x1acf
0x1ad0V0x1ae0V0x1af6V0x20dcV0x31d	0x0
0x1ad1V0x1ae0V0x1af6V0x20dcV0x31d	0x1ad9
0x1ad5V0x1ae0V0x1af6V0x20dcV0x31d	0x1ab0
0x1ab1V0x1acfV0x1ae0V0x1af6V0x20dcV0x31d	0x0
0x1ab2V0x1acfV0x1ae0V0x1af6V0x20dcV0x31d	0xffffffffffffffffffffffffffffffffffffffff
0x1b18V0x35b	0x1b1f
0x1b1bV0x35b	0x6441
0x1b0bV0x35b	0x0
0x1b0dV0x35b	0x40
0x1b14V0x35b	0x1b20
0x1b21V0x35b	0x0
0x1b22V0x35b	0x1b2d
0x1b28V0x35b	0x4
0x1b29V0x35b	0x1a71
0x6442V0x35b	0x0
0x1b31V0x35b	0x20
0x1b33V0x35b	0x1b3e
0x1b39V0x35b	0x24
0x1b3aV0x35b	0x1af6
0x1a72V0x1b20V0x35b	0x0
0x1a77V0x1b20V0x35b	0x1a7f
0x1a7bV0x1b20V0x35b	0x1a5b
0x1a6bV0x1a71V0x1b20V0x35b	0x0
0x1a67V0x1a71V0x1b20V0x35b	0x1a6e
0x1a5cV0x1a71V0x1b20V0x35b	0x1a64
0x1a60V0x1a71V0x1b20V0x35b	0x1a2a
0x1a2bV0x1a5bV0x1a71V0x1b20V0x35b	0x0
0x1af7V0x1b2dV0x35b	0x0
0x1afcV0x1b2dV0x35b	0x1b04
0x1b00V0x1b2dV0x35b	0x1ae0
0x1af0V0x1af6V0x1b2dV0x35b	0x0
0x1aecV0x1af6V0x1b2dV0x35b	0x1af3
0x1ae1V0x1af6V0x1b2dV0x35b	0x1ae9
0x1ae5V0x1af6V0x1b2dV0x35b	0x1acf
0x1ad0V0x1ae0V0x1af6V0x1b2dV0x35b	0x0
0x1ad1V0x1ae0V0x1af6V0x1b2dV0x35b	0x1ad9
0x1ad5V0x1ae0V0x1af6V0x1b2dV0x35b	0x1ab0
0x1ab1V0x1acfV0x1ae0V0x1af6V0x1b2dV0x35b	0x0
0x1ab2V0x1acfV0x1ae0V0x1af6V0x1b2dV0x35b	0xffffffffffffffffffffffffffffffffffffffff
0x2086V0x3c1	0x208d
0x2089V0x3c1	0x664e
0x2078V0x3c1	0x0
0x207aV0x3c1	0x0
0x207bV0x3c1	0x60
0x2082V0x3c1	0x208e
0x208fV0x3c1	0x0
0x2090V0x3c1	0x209b
0x2096V0x3c1	0x4
0x2097V0x3c1	0x1af6
0x664fV0x3c1	0x0
0x209fV0x3c1	0x20
0x20a1V0x3c1	0x20ac
0x20a7V0x3c1	0x24
0x20a8V0x3c1	0x1af6
0x20b0V0x3c1	0x40
0x20b2V0x3c1	0x20bd
0x20b8V0x3c1	0x44
0x20b9V0x3c1	0x1c72
0x1c73V0x20acV0x3c1	0x0
0x1c78V0x20acV0x3c1	0x1c80
0x1c7cV0x20acV0x3c1	0x1c5c
0x1c6cV0x1c72V0x20acV0x3c1	0x0
0x1c68V0x1c72V0x20acV0x3c1	0x1c6f
0x1c5dV0x1c72V0x20acV0x3c1	0x1c65
0x1c61V0x1c72V0x20acV0x3c1	0x1c53
0x1c54V0x1c5cV0x1c72V0x20acV0x3c1	0x0
0x1af7V0x208eV0x3c1	0x0
0x1afcV0x208eV0x3c1	0x1b04
0x1b00V0x208eV0x3c1	0x1ae0
0x1af0V0x1af6V0x208eV0x3c1	0x0
0x1aecV0x1af6V0x208eV0x3c1	0x1af3
0x1ae1V0x1af6V0x208eV0x3c1	0x1ae9
0x1ae5V0x1af6V0x208eV0x3c1	0x1acf
0x1ad0V0x1ae0V0x1af6V0x208eV0x3c1	0x0
0x1ad1V0x1ae0V0x1af6V0x208eV0x3c1	0x1ad9
0x1ad5V0x1ae0V0x1af6V0x208eV0x3c1	0x1ab0
0x1ab1V0x1acfV0x1ae0V0x1af6V0x208eV0x3c1	0x0
0x1ab2V0x1acfV0x1ae0V0x1af6V0x208eV0x3c1	0xffffffffffffffffffffffffffffffffffffffff
0x1af7V0x209bV0x3c1	0x0
0x1afcV0x209bV0x3c1	0x1b04
0x1b00V0x209bV0x3c1	0x1ae0
0x1af0V0x1af6V0x209bV0x3c1	0x0
0x1aecV0x1af6V0x209bV0x3c1	0x1af3
0x1ae1V0x1af6V0x209bV0x3c1	0x1ae9
0x1ae5V0x1af6V0x209bV0x3c1	0x1acf
0x1ad0V0x1ae0V0x1af6V0x209bV0x3c1	0x0
0x1ad1V0x1ae0V0x1af6V0x209bV0x3c1	0x1ad9
0x1ad5V0x1ae0V0x1af6V0x209bV0x3c1	0x1ab0
0x1ab1V0x1acfV0x1ae0V0x1af6V0x209bV0x3c1	0x0
0x1ab2V0x1acfV0x1ae0V0x1af6V0x209bV0x3c1	0xffffffffffffffffffffffffffffffffffffffff
0x1b18V0x426	0x1b1f
0x1b1bV0x426	0x6441
0x1b0bV0x426	0x0
0x1b0dV0x426	0x40
0x1b14V0x426	0x1b20
0x1b21V0x426	0x0
0x1b22V0x426	0x1b2d
0x1b28V0x426	0x4
0x1b29V0x426	0x1a71
0x6442V0x426	0x0
0x1b31V0x426	0x20
0x1b33V0x426	0x1b3e
0x1b39V0x426	0x24
0x1b3aV0x426	0x1af6
0x1a72V0x1b20V0x426	0x0
0x1a77V0x1b20V0x426	0x1a7f
0x1a7bV0x1b20V0x426	0x1a5b
0x1a6bV0x1a71V0x1b20V0x426	0x0
0x1a67V0x1a71V0x1b20V0x426	0x1a6e
0x1a5cV0x1a71V0x1b20V0x426	0x1a64
0x1a60V0x1a71V0x1b20V0x426	0x1a2a
0x1a2bV0x1a5bV0x1a71V0x1b20V0x426	0x0
0x1af7V0x1b2dV0x426	0x0
0x1afcV0x1b2dV0x426	0x1b04
0x1b00V0x1b2dV0x426	0x1ae0
0x1af0V0x1af6V0x1b2dV0x426	0x0
0x1aecV0x1af6V0x1b2dV0x426	0x1af3
0x1ae1V0x1af6V0x1b2dV0x426	0x1ae9
0x1ae5V0x1af6V0x1b2dV0x426	0x1acf
0x1ad0V0x1ae0V0x1af6V0x1b2dV0x426	0x0
0x1ad1V0x1ae0V0x1af6V0x1b2dV0x426	0x1ad9
0x1ad5V0x1ae0V0x1af6V0x1b2dV0x426	0x1ab0
0x1ab1V0x1acfV0x1ae0V0x1af6V0x1b2dV0x426	0x0
0x1ab2V0x1acfV0x1ae0V0x1af6V0x1b2dV0x426	0xffffffffffffffffffffffffffffffffffffffff
0x20d4V0x1087B0x3ff	0x20db
0x20d7V0x1087B0x3ff	0x6671
0x20c8V0x1087B0x3ff	0x0
0x20c9V0x1087B0x3ff	0x20
0x20d0V0x1087B0x3ff	0x20dc
0x20ddV0x1087B0x3ff	0x0
0x20deV0x1087B0x3ff	0x20e9
0x20e5V0x1087B0x3ff	0x1af6
0x6672V0x1087B0x3ff	0x0
0x1af7V0x20dcV0x1087B0x3ff	0x0
0x1afcV0x20dcV0x1087B0x3ff	0x1b04
0x1b00V0x20dcV0x1087B0x3ff	0x1ae0
0x1af0V0x1af6V0x20dcV0x1087B0x3ff	0x0
0x1aecV0x1af6V0x20dcV0x1087B0x3ff	0x1af3
0x1ae1V0x1af6V0x20dcV0x1087B0x3ff	0x1ae9
0x1ae5V0x1af6V0x20dcV0x1087B0x3ff	0x1acf
0x1ad0V0x1ae0V0x1af6V0x20dcV0x1087B0x3ff	0x0
0x1ad1V0x1ae0V0x1af6V0x20dcV0x1087B0x3ff	0x1ad9
0x1ad5V0x1ae0V0x1af6V0x20dcV0x1087B0x3ff	0x1ab0
0x1ab1V0x1acfV0x1ae0V0x1af6V0x20dcV0x1087B0x3ff	0x0
0x1ab2V0x1acfV0x1ae0V0x1af6V0x20dcV0x1087B0x3ff	0xffffffffffffffffffffffffffffffffffffffff
0x20d4V0x111cB0x3ff	0x20db
0x20d7V0x111cB0x3ff	0x6671
0x20c8V0x111cB0x3ff	0x0
0x20c9V0x111cB0x3ff	0x20
0x20d0V0x111cB0x3ff	0x20dc
0x20ddV0x111cB0x3ff	0x0
0x20deV0x111cB0x3ff	0x20e9
0x20e5V0x111cB0x3ff	0x1af6
0x6672V0x111cB0x3ff	0x0
0x1af7V0x20dcV0x111cB0x3ff	0x0
0x1afcV0x20dcV0x111cB0x3ff	0x1b04
0x1b00V0x20dcV0x111cB0x3ff	0x1ae0
0x1af0V0x1af6V0x20dcV0x111cB0x3ff	0x0
0x1aecV0x1af6V0x20dcV0x111cB0x3ff	0x1af3
0x1ae1V0x1af6V0x20dcV0x111cB0x3ff	0x1ae9
0x1ae5V0x1af6V0x20dcV0x111cB0x3ff	0x1acf
0x1ad0V0x1ae0V0x1af6V0x20dcV0x111cB0x3ff	0x0
0x1ad1V0x1ae0V0x1af6V0x20dcV0x111cB0x3ff	0x1ad9
0x1ad5V0x1ae0V0x1af6V0x20dcV0x111cB0x3ff	0x1ab0
0x1ab1V0x1acfV0x1ae0V0x1af6V0x20dcV0x111cB0x3ff	0x0
0x1ab2V0x1acfV0x1ae0V0x1af6V0x20dcV0x111cB0x3ff	0xffffffffffffffffffffffffffffffffffffffff
0x20d4V0x11baB0x3ff	0x20db
0x20d7V0x11baB0x3ff	0x6671
0x20c8V0x11baB0x3ff	0x0
0x20c9V0x11baB0x3ff	0x20
0x20d0V0x11baB0x3ff	0x20dc
0x20ddV0x11baB0x3ff	0x0
0x20deV0x11baB0x3ff	0x20e9
0x20e5V0x11baB0x3ff	0x1af6
0x6672V0x11baB0x3ff	0x0
0x1af7V0x20dcV0x11baB0x3ff	0x0
0x1afcV0x20dcV0x11baB0x3ff	0x1b04
0x1b00V0x20dcV0x11baB0x3ff	0x1ae0
0x1af0V0x1af6V0x20dcV0x11baB0x3ff	0x0
0x1aecV0x1af6V0x20dcV0x11baB0x3ff	0x1af3
0x1ae1V0x1af6V0x20dcV0x11baB0x3ff	0x1ae9
0x1ae5V0x1af6V0x20dcV0x11baB0x3ff	0x1acf
0x1ad0V0x1ae0V0x1af6V0x20dcV0x11baB0x3ff	0x0
0x1ad1V0x1ae0V0x1af6V0x20dcV0x11baB0x3ff	0x1ad9
0x1ad5V0x1ae0V0x1af6V0x20dcV0x11baB0x3ff	0x1ab0
0x1ab1V0x1acfV0x1ae0V0x1af6V0x20dcV0x11baB0x3ff	0x0
0x1ab2V0x1acfV0x1ae0V0x1af6V0x20dcV0x11baB0x3ff	0xffffffffffffffffffffffffffffffffffffffff
0x20d4V0x12ccB0x3ff	0x20db
0x20d7V0x12ccB0x3ff	0x6671
0x20c8V0x12ccB0x3ff	0x0
0x20c9V0x12ccB0x3ff	0x20
0x20d0V0x12ccB0x3ff	0x20dc
0x20ddV0x12ccB0x3ff	0x0
0x20deV0x12ccB0x3ff	0x20e9
0x20e5V0x12ccB0x3ff	0x1af6
0x6672V0x12ccB0x3ff	0x0
0x1af7V0x20dcV0x12ccB0x3ff	0x0
0x1afcV0x20dcV0x12ccB0x3ff	0x1b04
0x1b00V0x20dcV0x12ccB0x3ff	0x1ae0
0x1af0V0x1af6V0x20dcV0x12ccB0x3ff	0x0
0x1aecV0x1af6V0x20dcV0x12ccB0x3ff	0x1af3
0x1ae1V0x1af6V0x20dcV0x12ccB0x3ff	0x1ae9
0x1ae5V0x1af6V0x20dcV0x12ccB0x3ff	0x1acf
0x1ad0V0x1ae0V0x1af6V0x20dcV0x12ccB0x3ff	0x0
0x1ad1V0x1ae0V0x1af6V0x20dcV0x12ccB0x3ff	0x1ad9
0x1ad5V0x1ae0V0x1af6V0x20dcV0x12ccB0x3ff	0x1ab0
0x1ab1V0x1acfV0x1ae0V0x1af6V0x20dcV0x12ccB0x3ff	0x0
0x1ab2V0x1acfV0x1ae0V0x1af6V0x20dcV0x12ccB0x3ff	0xffffffffffffffffffffffffffffffffffffffff
0x20d4V0x1087B0x917	0x20db
0x20d7V0x1087B0x917	0x6671
0x20c8V0x1087B0x917	0x0
0x20c9V0x1087B0x917	0x20
0x20d0V0x1087B0x917	0x20dc
0x20ddV0x1087B0x917	0x0
0x20deV0x1087B0x917	0x20e9
0x20e5V0x1087B0x917	0x1af6
0x6672V0x1087B0x917	0x0
0x1af7V0x20dcV0x1087B0x917	0x0
0x1afcV0x20dcV0x1087B0x917	0x1b04
0x1b00V0x20dcV0x1087B0x917	0x1ae0
0x1af0V0x1af6V0x20dcV0x1087B0x917	0x0
0x1aecV0x1af6V0x20dcV0x1087B0x917	0x1af3
0x1ae1V0x1af6V0x20dcV0x1087B0x917	0x1ae9
0x1ae5V0x1af6V0x20dcV0x1087B0x917	0x1acf
0x1ad0V0x1ae0V0x1af6V0x20dcV0x1087B0x917	0x0
0x1ad1V0x1ae0V0x1af6V0x20dcV0x1087B0x917	0x1ad9
0x1ad5V0x1ae0V0x1af6V0x20dcV0x1087B0x917	0x1ab0
0x1ab1V0x1acfV0x1ae0V0x1af6V0x20dcV0x1087B0x917	0x0
0x1ab2V0x1acfV0x1ae0V0x1af6V0x20dcV0x1087B0x917	0xffffffffffffffffffffffffffffffffffffffff
0x20d4V0x111cB0x917	0x20db
0x20d7V0x111cB0x917	0x6671
0x20c8V0x111cB0x917	0x0
0x20c9V0x111cB0x917	0x20
0x20d0V0x111cB0x917	0x20dc
0x20ddV0x111cB0x917	0x0
0x20deV0x111cB0x917	0x20e9
0x20e5V0x111cB0x917	0x1af6
0x6672V0x111cB0x917	0x0
0x1af7V0x20dcV0x111cB0x917	0x0
0x1afcV0x20dcV0x111cB0x917	0x1b04
0x1b00V0x20dcV0x111cB0x917	0x1ae0
0x1af0V0x1af6V0x20dcV0x111cB0x917	0x0
0x1aecV0x1af6V0x20dcV0x111cB0x917	0x1af3
0x1ae1V0x1af6V0x20dcV0x111cB0x917	0x1ae9
0x1ae5V0x1af6V0x20dcV0x111cB0x917	0x1acf
0x1ad0V0x1ae0V0x1af6V0x20dcV0x111cB0x917	0x0
0x1ad1V0x1ae0V0x1af6V0x20dcV0x111cB0x917	0x1ad9
0x1ad5V0x1ae0V0x1af6V0x20dcV0x111cB0x917	0x1ab0
0x1ab1V0x1acfV0x1ae0V0x1af6V0x20dcV0x111cB0x917	0x0
0x1ab2V0x1acfV0x1ae0V0x1af6V0x20dcV0x111cB0x917	0xffffffffffffffffffffffffffffffffffffffff
0x20d4V0x11baB0x917	0x20db
0x20d7V0x11baB0x917	0x6671
0x20c8V0x11baB0x917	0x0
0x20c9V0x11baB0x917	0x20
0x20d0V0x11baB0x917	0x20dc
0x20ddV0x11baB0x917	0x0
0x20deV0x11baB0x917	0x20e9
0x20e5V0x11baB0x917	0x1af6
0x6672V0x11baB0x917	0x0
0x1af7V0x20dcV0x11baB0x917	0x0
0x1afcV0x20dcV0x11baB0x917	0x1b04
0x1b00V0x20dcV0x11baB0x917	0x1ae0
0x1af0V0x1af6V0x20dcV0x11baB0x917	0x0
0x1aecV0x1af6V0x20dcV0x11baB0x917	0x1af3
0x1ae1V0x1af6V0x20dcV0x11baB0x917	0x1ae9
0x1ae5V0x1af6V0x20dcV0x11baB0x917	0x1acf
0x1ad0V0x1ae0V0x1af6V0x20dcV0x11baB0x917	0x0
0x1ad1V0x1ae0V0x1af6V0x20dcV0x11baB0x917	0x1ad9
0x1ad5V0x1ae0V0x1af6V0x20dcV0x11baB0x917	0x1ab0
0x1ab1V0x1acfV0x1ae0V0x1af6V0x20dcV0x11baB0x917	0x0
0x1ab2V0x1acfV0x1ae0V0x1af6V0x20dcV0x11baB0x917	0xffffffffffffffffffffffffffffffffffffffff
0x20d4V0x12ccB0x917	0x20db
0x20d7V0x12ccB0x917	0x6671
0x20c8V0x12ccB0x917	0x0
0x20c9V0x12ccB0x917	0x20
0x20d0V0x12ccB0x917	0x20dc
0x20ddV0x12ccB0x917	0x0
0x20deV0x12ccB0x917	0x20e9
0x20e5V0x12ccB0x917	0x1af6
0x6672V0x12ccB0x917	0x0
0x1af7V0x20dcV0x12ccB0x917	0x0
0x1afcV0x20dcV0x12ccB0x917	0x1b04
0x1b00V0x20dcV0x12ccB0x917	0x1ae0
0x1af0V0x1af6V0x20dcV0x12ccB0x917	0x0
0x1aecV0x1af6V0x20dcV0x12ccB0x917	0x1af3
0x1ae1V0x1af6V0x20dcV0x12ccB0x917	0x1ae9
0x1ae5V0x1af6V0x20dcV0x12ccB0x917	0x1acf
0x1ad0V0x1ae0V0x1af6V0x20dcV0x12ccB0x917	0x0
0x1ad1V0x1ae0V0x1af6V0x20dcV0x12ccB0x917	0x1ad9
0x1ad5V0x1ae0V0x1af6V0x20dcV0x12ccB0x917	0x1ab0
0x1ab1V0x1acfV0x1ae0V0x1af6V0x20dcV0x12ccB0x917	0x0
0x1ab2V0x1acfV0x1ae0V0x1af6V0x20dcV0x12ccB0x917	0xffffffffffffffffffffffffffffffffffffffff
0x51fV0x202	0x526
0x522V0x202	0x15d0
0x527V0x202	0xffffffffffffffffffffffffffffffffffffffff
0x53eV0x202	0xffffffffffffffffffffffffffffffffffffffff
0x555V0x202	0x58a
0x559V0x202	0x40
0x55cV0x202	0x6697b23200000000000000000000000000000000000000000000000000000000
0x57fV0x202	0x4
0x582V0x202	0x40
0x587V0x202	0x4
0x58bV0x202	0x594
0x590V0x202	0x15d7
0x14d4V0x599	0x14e4
0x14d4V0xc46	0x14e4
0x14d4V0xc80	0x14e4
0x14d4V0x505	0x14e4
0x14d4V0x953	0x14e4
0x14d4V0xac4	0x14e4
0x14d4V0xd08	0x14e4
0x14d4V0x1451	0x14e4
0x14d8V0x599	0x14df
0x14d8V0xc46	0x14df
0x14d8V0xc80	0x14df
0x14d8V0x505	0x14df
0x14d8V0x953	0x14df
0x14d8V0xac4	0x14df
0x14d8V0xd08	0x14df
0x14d8V0x1451	0x14df
0x14dbV0x599	0x15d0
0x14dbV0xc46	0x15d0
0x14dbV0xc80	0x15d0
0x14dbV0x505	0x15d0
0x14dbV0x953	0x15d0
0x14dbV0xac4	0x15d0
0x14dbV0xd08	0x15d0
0x14dbV0x1451	0x15d0
0x14e0V0x599	0x18de
0x14e0V0xc46	0x18de
0x14e0V0xc80	0x18de
0x14e0V0x505	0x18de
0x14e0V0x953	0x18de
0x14e0V0xac4	0x18de
0x14e0V0xd08	0x18de
0x14e0V0x1451	0x18de
0x2351V0x240c	0x0
0x2355V0x240c	0x20
0x2361V0x240c	0x0
0x236aV0x240c	0x2372
0x236eV0x240c	0x1acf
0x2379V0x240c	0x0
0x237aV0x240c	0x2383
0x237fV0x240c	0x2369
0x2384V0x240c	0x20
0x23a6V0x240c	0x0
0x23a7V0x240c	0x20
0x23b2V0x240c	0x0
0x23b3V0x240c	0x23bc
0x23b8V0x240c	0x2350
0x23bfV0x240c	0x23c7
0x23c3V0x240c	0x2360
0x23c9V0x240c	0x0
0x23cfV0x240c	0x23ff
0x23d3V0x240c	0x23dc
0x23d8V0x240c	0x238f
0x23ddV0x240c	0x23e6
0x23e2V0x240c	0x2378
0x23e9V0x240c	0x23f1
0x23edV0x240c	0x23a5
0x23f5V0x240c	0x1
0x23fbV0x240c	0x23ca
0x15d1V0x51eV0x202	0x0
0x15d1V0x14d3V0x599	0x0
0x15d1V0x14d3V0xc46	0x0
0x15d1V0x14d3V0xc80	0x0
0x15d1V0x14d3V0x505	0x0
0x15d1V0x14d3V0x953	0x0
0x15d1V0x14d3V0xac4	0x0
0x15d1V0x14d3V0xd08	0x0
0x15d1V0x14d3V0x1451	0x0
0x1ad0V0x2369V0x240c	0x0
0x1ad1V0x2369V0x240c	0x1ad9
0x1ad5V0x2369V0x240c	0x1ab0
0x1ab1V0x1acfV0x2369V0x240c	0x0
0x1ab2V0x1acfV0x2369V0x240c	0xffffffffffffffffffffffffffffffffffffffff
0x2390V0x23d3V0x240c	0x0
0x2391V0x23d3V0x240c	0x239d
0x2394V0x23d3V0x240c	0x20
0x2399V0x23d3V0x240c	0x1af6
0x1af7V0x238fV0x23d3V0x240c	0x0
0x1afcV0x238fV0x23d3V0x240c	0x1b04
0x1b00V0x238fV0x23d3V0x240c	0x1ae0
0x1af0V0x1af6V0x238fV0x23d3V0x240c	0x0
0x1aecV0x1af6V0x238fV0x23d3V0x240c	0x1af3
0x1ae1V0x1af6V0x238fV0x23d3V0x240c	0x1ae9
0x1ae5V0x1af6V0x238fV0x23d3V0x240c	0x1acf
0x1ad0V0x1ae0V0x1af6V0x238fV0x23d3V0x240c	0x0
0x1ad1V0x1ae0V0x1af6V0x238fV0x23d3V0x240c	0x1ad9
0x1ad5V0x1ae0V0x1af6V0x238fV0x23d3V0x240c	0x1ab0
0x1ab1V0x1acfV0x1ae0V0x1af6V0x238fV0x23d3V0x240c	0x0
0x1ab2V0x1acfV0x1ae0V0x1af6V0x238fV0x23d3V0x240c	0xffffffffffffffffffffffffffffffffffffffff
0x18dfV0x14dfV0x599	0x18e8
0x18dfV0x14dfV0xc46	0x18e8
0x18dfV0x14dfV0xc80	0x18e8
0x18dfV0x14dfV0x505	0x18e8
0x18dfV0x14dfV0x953	0x18e8
0x18dfV0x14dfV0xac4	0x18e8
0x18dfV0x14dfV0xd08	0x18e8
0x18dfV0x14dfV0x1451	0x18e8
0x18e4V0x14dfV0x599	0xc97
0x18e4V0x14dfV0xc46	0xc97
0x18e4V0x14dfV0xc80	0xc97
0x18e4V0x14dfV0x505	0xc97
0x18e4V0x14dfV0x953	0xc97
0x18e4V0x14dfV0xac4	0xc97
0x18e4V0x14dfV0xd08	0xc97
0x18e4V0x14dfV0x1451	0xc97
0x18e9V0x14dfV0x599	0x192b
0x18e9V0x14dfV0xc46	0x192b
0x18e9V0x14dfV0xc80	0x192b
0x18e9V0x14dfV0x505	0x192b
0x18e9V0x14dfV0x953	0x192b
0x18e9V0x14dfV0xac4	0x192b
0x18e9V0x14dfV0xd08	0x192b
0x18e9V0x14dfV0x1451	0x192b
0x1923V0x14dfV0x599	0x40
0x1923V0x14dfV0xc46	0x40
0x1923V0x14dfV0xc80	0x40
0x1923V0x14dfV0x505	0x40
0x1923V0x14dfV0x953	0x40
0x1923V0x14dfV0xac4	0x40
0x1923V0x14dfV0xd08	0x40
0x1923V0x14dfV0x1451	0x40
0x1928V0x14dfV0x599	0x44
0x1928V0x14dfV0xc46	0x44
0x1928V0x14dfV0xc80	0x44
0x1928V0x14dfV0x505	0x44
0x1928V0x14dfV0x953	0x44
0x1928V0x14dfV0xac4	0x44
0x1928V0x14dfV0xd08	0x44
0x1928V0x14dfV0x1451	0x44
0x18efV0x14dfV0x599	0x40
0x18efV0x14dfV0xc46	0x40
0x18efV0x14dfV0xc80	0x40
0x18efV0x14dfV0x505	0x40
0x18efV0x14dfV0x953	0x40
0x18efV0x14dfV0xac4	0x40
0x18efV0x14dfV0xd08	0x40
0x18efV0x14dfV0x1451	0x40
0x18f2V0x14dfV0x599	0xe2517d3f00000000000000000000000000000000000000000000000000000000
0x18f2V0x14dfV0xc46	0xe2517d3f00000000000000000000000000000000000000000000000000000000
0x18f2V0x14dfV0xc80	0xe2517d3f00000000000000000000000000000000000000000000000000000000
0x18f2V0x14dfV0x505	0xe2517d3f00000000000000000000000000000000000000000000000000000000
0x18f2V0x14dfV0x953	0xe2517d3f00000000000000000000000000000000000000000000000000000000
0x18f2V0x14dfV0xac4	0xe2517d3f00000000000000000000000000000000000000000000000000000000
0x18f2V0x14dfV0xd08	0xe2517d3f00000000000000000000000000000000000000000000000000000000
0x18f2V0x14dfV0x1451	0xe2517d3f00000000000000000000000000000000000000000000000000000000
0x1915V0x14dfV0x599	0x4
0x1915V0x14dfV0xc46	0x4
0x1915V0x14dfV0xc80	0x4
0x1915V0x14dfV0x505	0x4
0x1915V0x14dfV0x953	0x4
0x1915V0x14dfV0xac4	0x4
0x1915V0x14dfV0xd08	0x4
0x1915V0x14dfV0x1451	0x4
0x1918V0x14dfV0x599	0x1922
0x1918V0x14dfV0xc46	0x1922
0x1918V0x14dfV0xc80	0x1922
0x1918V0x14dfV0x505	0x1922
0x1918V0x14dfV0x953	0x1922
0x1918V0x14dfV0xac4	0x1922
0x1918V0x14dfV0xd08	0x1922
0x1918V0x14dfV0x1451	0x1922
0x191eV0x14dfV0x599	0x2eb4
0x191eV0x14dfV0xc46	0x2eb4
0x191eV0x14dfV0xc80	0x2eb4
0x191eV0x14dfV0x505	0x2eb4
0x191eV0x14dfV0x953	0x2eb4
0x191eV0x14dfV0xac4	0x2eb4
0x191eV0x14dfV0xd08	0x2eb4
0x191eV0x14dfV0x1451	0x2eb4
0xc98V0x18deV0x14dfV0x599	0x0
0xc98V0x18deV0x14dfV0xc46	0x0
0xc98V0x18deV0x14dfV0xc80	0x0
0xc98V0x18deV0x14dfV0x505	0x0
0xc98V0x18deV0x14dfV0x953	0x0
0xc98V0x18deV0x14dfV0xac4	0x0
0xc98V0x18deV0x14dfV0xd08	0x0
0xc98V0x18deV0x14dfV0x1451	0x0
0xc9aV0x18deV0x14dfV0x599	0x0
0xc9aV0x18deV0x14dfV0xc46	0x0
0xc9aV0x18deV0x14dfV0xc80	0x0
0xc9aV0x18deV0x14dfV0x505	0x0
0xc9aV0x18deV0x14dfV0x953	0x0
0xc9aV0x18deV0x14dfV0xac4	0x0
0xc9aV0x18deV0x14dfV0xd08	0x0
0xc9aV0x18deV0x14dfV0x1451	0x0
0xc9eV0x18deV0x14dfV0x599	0x20
0xc9eV0x18deV0x14dfV0xc46	0x20
0xc9eV0x18deV0x14dfV0xc80	0x20
0xc9eV0x18deV0x14dfV0x505	0x20
0xc9eV0x18deV0x14dfV0x953	0x20
0xc9eV0x18deV0x14dfV0xac4	0x20
0xc9eV0x18deV0x14dfV0xd08	0x20
0xc9eV0x18deV0x14dfV0x1451	0x20
0xca0V0x18deV0x14dfV0x599	0x20
0xca0V0x18deV0x14dfV0xc46	0x20
0xca0V0x18deV0x14dfV0xc80	0x20
0xca0V0x18deV0x14dfV0x505	0x20
0xca0V0x18deV0x14dfV0x953	0x20
0xca0V0x18deV0x14dfV0xac4	0x20
0xca0V0x18deV0x14dfV0xd08	0x20
0xca0V0x18deV0x14dfV0x1451	0x20
0xca4V0x18deV0x14dfV0x599	0x20
0xca4V0x18deV0x14dfV0xc46	0x20
0xca4V0x18deV0x14dfV0xc80	0x20
0xca4V0x18deV0x14dfV0x505	0x20
0xca4V0x18deV0x14dfV0x953	0x20
0xca4V0x18deV0x14dfV0xac4	0x20
0xca4V0x18deV0x14dfV0xd08	0x20
0xca4V0x18deV0x14dfV0x1451	0x20
0xca6V0x18deV0x14dfV0x599	0x40
0xca6V0x18deV0x14dfV0xc46	0x40
0xca6V0x18deV0x14dfV0xc80	0x40
0xca6V0x18deV0x14dfV0x505	0x40
0xca6V0x18deV0x14dfV0x953	0x40
0xca6V0x18deV0x14dfV0xac4	0x40
0xca6V0x18deV0x14dfV0xd08	0x40
0xca6V0x18deV0x14dfV0x1451	0x40
0xca7V0x18deV0x14dfV0x599	0x0
0xca7V0x18deV0x14dfV0xc46	0x0
0xca7V0x18deV0x14dfV0xc80	0x0
0xca7V0x18deV0x14dfV0x505	0x0
0xca7V0x18deV0x14dfV0x953	0x0
0xca7V0x18deV0x14dfV0xac4	0x0
0xca7V0x18deV0x14dfV0xd08	0x0
0xca7V0x18deV0x14dfV0x1451	0x0
0xca9V0x18deV0x14dfV0x599	0x0
0xca9V0x18deV0x14dfV0xc46	0x0
0xca9V0x18deV0x14dfV0xc80	0x0
0xca9V0x18deV0x14dfV0x505	0x0
0xca9V0x18deV0x14dfV0x953	0x0
0xca9V0x18deV0x14dfV0xac4	0x0
0xca9V0x18deV0x14dfV0xd08	0x0
0xca9V0x18deV0x14dfV0x1451	0x0
0xcabV0x18deV0x14dfV0x599	0x0
0xcabV0x18deV0x14dfV0xc46	0x0
0xcabV0x18deV0x14dfV0xc80	0x0
0xcabV0x18deV0x14dfV0x505	0x0
0xcabV0x18deV0x14dfV0x953	0x0
0xcabV0x18deV0x14dfV0xac4	0x0
0xcabV0x18deV0x14dfV0xd08	0x0
0xcabV0x18deV0x14dfV0x1451	0x0
0xcadV0x18deV0x14dfV0x599	0xffffffffffffffffffffffffffffffffffffffff
0xcadV0x18deV0x14dfV0xc46	0xffffffffffffffffffffffffffffffffffffffff
0xcadV0x18deV0x14dfV0xc80	0xffffffffffffffffffffffffffffffffffffffff
0xcadV0x18deV0x14dfV0x505	0xffffffffffffffffffffffffffffffffffffffff
0xcadV0x18deV0x14dfV0x953	0xffffffffffffffffffffffffffffffffffffffff
0xcadV0x18deV0x14dfV0xac4	0xffffffffffffffffffffffffffffffffffffffff
0xcadV0x18deV0x14dfV0xd08	0xffffffffffffffffffffffffffffffffffffffff
0xcadV0x18deV0x14dfV0x1451	0xffffffffffffffffffffffffffffffffffffffff
0xcc3V0x18deV0x14dfV0x599	0xffffffffffffffffffffffffffffffffffffffff
0xcc3V0x18deV0x14dfV0xc46	0xffffffffffffffffffffffffffffffffffffffff
0xcc3V0x18deV0x14dfV0xc80	0xffffffffffffffffffffffffffffffffffffffff
0xcc3V0x18deV0x14dfV0x505	0xffffffffffffffffffffffffffffffffffffffff
0xcc3V0x18deV0x14dfV0x953	0xffffffffffffffffffffffffffffffffffffffff
0xcc3V0x18deV0x14dfV0xac4	0xffffffffffffffffffffffffffffffffffffffff
0xcc3V0x18deV0x14dfV0xd08	0xffffffffffffffffffffffffffffffffffffffff
0xcc3V0x18deV0x14dfV0x1451	0xffffffffffffffffffffffffffffffffffffffff
0xcdbV0x18deV0x14dfV0x599	0x20
0xcdbV0x18deV0x14dfV0xc46	0x20
0xcdbV0x18deV0x14dfV0xc80	0x20
0xcdbV0x18deV0x14dfV0x505	0x20
0xcdbV0x18deV0x14dfV0x953	0x20
0xcdbV0x18deV0x14dfV0xac4	0x20
0xcdbV0x18deV0x14dfV0xd08	0x20
0xcdbV0x18deV0x14dfV0x1451	0x20
0xcddV0x18deV0x14dfV0x599	0x20
0xcddV0x18deV0x14dfV0xc46	0x20
0xcddV0x18deV0x14dfV0xc80	0x20
0xcddV0x18deV0x14dfV0x505	0x20
0xcddV0x18deV0x14dfV0x953	0x20
0xcddV0x18deV0x14dfV0xac4	0x20
0xcddV0x18deV0x14dfV0xd08	0x20
0xcddV0x18deV0x14dfV0x1451	0x20
0xce1V0x18deV0x14dfV0x599	0x20
0xce1V0x18deV0x14dfV0xc46	0x20
0xce1V0x18deV0x14dfV0xc80	0x20
0xce1V0x18deV0x14dfV0x505	0x20
0xce1V0x18deV0x14dfV0x953	0x20
0xce1V0x18deV0x14dfV0xac4	0x20
0xce1V0x18deV0x14dfV0xd08	0x20
0xce1V0x18deV0x14dfV0x1451	0x20
0xce3V0x18deV0x14dfV0x599	0x40
0xce3V0x18deV0x14dfV0xc46	0x40
0xce3V0x18deV0x14dfV0xc80	0x40
0xce3V0x18deV0x14dfV0x505	0x40
0xce3V0x18deV0x14dfV0x953	0x40
0xce3V0x18deV0x14dfV0xac4	0x40
0xce3V0x18deV0x14dfV0xd08	0x40
0xce3V0x18deV0x14dfV0x1451	0x40
0xce4V0x18deV0x14dfV0x599	0x0
0xce4V0x18deV0x14dfV0xc46	0x0
0xce4V0x18deV0x14dfV0xc80	0x0
0xce4V0x18deV0x14dfV0x505	0x0
0xce4V0x18deV0x14dfV0x953	0x0
0xce4V0x18deV0x14dfV0xac4	0x0
0xce4V0x18deV0x14dfV0xd08	0x0
0xce4V0x18deV0x14dfV0x1451	0x0
0xce6V0x18deV0x14dfV0x599	0x0
0xce6V0x18deV0x14dfV0xc46	0x0
0xce6V0x18deV0x14dfV0xc80	0x0
0xce6V0x18deV0x14dfV0x505	0x0
0xce6V0x18deV0x14dfV0x953	0x0
0xce6V0x18deV0x14dfV0xac4	0x0
0xce6V0x18deV0x14dfV0xd08	0x0
0xce6V0x18deV0x14dfV0x1451	0x0
0xceaV0x18deV0x14dfV0x599	0x100
0xceaV0x18deV0x14dfV0xc46	0x100
0xceaV0x18deV0x14dfV0xc80	0x100
0xceaV0x18deV0x14dfV0x505	0x100
0xceaV0x18deV0x14dfV0x953	0x100
0xceaV0x18deV0x14dfV0xac4	0x100
0xceaV0x18deV0x14dfV0xd08	0x100
0xceaV0x18deV0x14dfV0x1451	0x100
0xcedV0x18deV0x14dfV0x599	0x1
0xcedV0x18deV0x14dfV0xc46	0x1
0xcedV0x18deV0x14dfV0xc80	0x1
0xcedV0x18deV0x14dfV0x505	0x1
0xcedV0x18deV0x14dfV0x953	0x1
0xcedV0x18deV0x14dfV0xac4	0x1
0xcedV0x18deV0x14dfV0xd08	0x1
0xcedV0x18deV0x14dfV0x1451	0x1
0xcf0V0x18deV0x14dfV0x599	0xff
0xcf0V0x18deV0x14dfV0xc46	0xff
0xcf0V0x18deV0x14dfV0xc80	0xff
0xcf0V0x18deV0x14dfV0x505	0xff
0xcf0V0x18deV0x14dfV0x953	0xff
0xcf0V0x18deV0x14dfV0xac4	0xff
0xcf0V0x18deV0x14dfV0xd08	0xff
0xcf0V0x18deV0x14dfV0x1451	0xff
0x2eb5V0x18edV0x14dfV0x599	0x0
0x2eb5V0x18edV0x14dfV0xc46	0x0
0x2eb5V0x18edV0x14dfV0xc80	0x0
0x2eb5V0x18edV0x14dfV0x505	0x0
0x2eb5V0x18edV0x14dfV0x953	0x0
0x2eb5V0x18edV0x14dfV0xac4	0x0
0x2eb5V0x18edV0x14dfV0xd08	0x0
0x2eb5V0x18edV0x14dfV0x1451	0x0
0x2eb6V0x18edV0x14dfV0x599	0x40
0x2eb6V0x18edV0x14dfV0xc46	0x40
0x2eb6V0x18edV0x14dfV0xc80	0x40
0x2eb6V0x18edV0x14dfV0x505	0x40
0x2eb6V0x18edV0x14dfV0x953	0x40
0x2eb6V0x18edV0x14dfV0xac4	0x40
0x2eb6V0x18edV0x14dfV0xd08	0x40
0x2eb6V0x18edV0x14dfV0x1451	0x40
0x2ebcV0x18edV0x14dfV0x599	0x2ec7
0x2ebcV0x18edV0x14dfV0xc46	0x2ec7
0x2ebcV0x18edV0x14dfV0xc80	0x2ec7
0x2ebcV0x18edV0x14dfV0x505	0x2ec7
0x2ebcV0x18edV0x14dfV0x953	0x2ec7
0x2ebcV0x18edV0x14dfV0xac4	0x2ec7
0x2ebcV0x18edV0x14dfV0xd08	0x2ec7
0x2ebcV0x18edV0x14dfV0x1451	0x2ec7
0x2ebfV0x18edV0x14dfV0x599	0x0
0x2ebfV0x18edV0x14dfV0xc46	0x0
0x2ebfV0x18edV0x14dfV0xc80	0x0
0x2ebfV0x18edV0x14dfV0x505	0x0
0x2ebfV0x18edV0x14dfV0x953	0x0
0x2ebfV0x18edV0x14dfV0xac4	0x0
0x2ebfV0x18edV0x14dfV0xd08	0x0
0x2ebfV0x18edV0x14dfV0x1451	0x0
0x2ec3V0x18edV0x14dfV0x599	0x2596
0x2ec3V0x18edV0x14dfV0xc46	0x2596
0x2ec3V0x18edV0x14dfV0xc80	0x2596
0x2ec3V0x18edV0x14dfV0x505	0x2596
0x2ec3V0x18edV0x14dfV0x953	0x2596
0x2ec3V0x18edV0x14dfV0xac4	0x2596
0x2ec3V0x18edV0x14dfV0xd08	0x2596
0x2ec3V0x18edV0x14dfV0x1451	0x2596
0x2ec8V0x18edV0x14dfV0x599	0x2ed4
0x2ec8V0x18edV0x14dfV0xc46	0x2ed4
0x2ec8V0x18edV0x14dfV0xc80	0x2ed4
0x2ec8V0x18edV0x14dfV0x505	0x2ed4
0x2ec8V0x18edV0x14dfV0x953	0x2ed4
0x2ec8V0x18edV0x14dfV0xac4	0x2ed4
0x2ec8V0x18edV0x14dfV0xd08	0x2ed4
0x2ec8V0x18edV0x14dfV0x1451	0x2ed4
0x2ecbV0x18edV0x14dfV0x599	0x20
0x2ecbV0x18edV0x14dfV0xc46	0x20
0x2ecbV0x18edV0x14dfV0xc80	0x20
0x2ecbV0x18edV0x14dfV0x505	0x20
0x2ecbV0x18edV0x14dfV0x953	0x20
0x2ecbV0x18edV0x14dfV0xac4	0x20
0x2ecbV0x18edV0x14dfV0xd08	0x20
0x2ecbV0x18edV0x14dfV0x1451	0x20
0x2ed0V0x18edV0x14dfV0x599	0x1a33
0x2ed0V0x18edV0x14dfV0xc46	0x1a33
0x2ed0V0x18edV0x14dfV0xc80	0x1a33
0x2ed0V0x18edV0x14dfV0x505	0x1a33
0x2ed0V0x18edV0x14dfV0x953	0x1a33
0x2ed0V0x18edV0x14dfV0xac4	0x1a33
0x2ed0V0x18edV0x14dfV0xd08	0x1a33
0x2ed0V0x18edV0x14dfV0x1451	0x1a33
0x1a34V0x2ec7V0x18edV0x14dfV0x599	0x1a3c
0x1a34V0x2ec7V0x18edV0x14dfV0xc46	0x1a3c
0x1a34V0x2ec7V0x18edV0x14dfV0xc80	0x1a3c
0x1a34V0x2ec7V0x18edV0x14dfV0x505	0x1a3c
0x1a34V0x2ec7V0x18edV0x14dfV0x953	0x1a3c
0x1a34V0x2ec7V0x18edV0x14dfV0xac4	0x1a3c
0x1a34V0x2ec7V0x18edV0x14dfV0xd08	0x1a3c
0x1a34V0x2ec7V0x18edV0x14dfV0x1451	0x1a3c
0x1a38V0x2ec7V0x18edV0x14dfV0x599	0x1a2a
0x1a38V0x2ec7V0x18edV0x14dfV0xc46	0x1a2a
0x1a38V0x2ec7V0x18edV0x14dfV0xc80	0x1a2a
0x1a38V0x2ec7V0x18edV0x14dfV0x505	0x1a2a
0x1a38V0x2ec7V0x18edV0x14dfV0x953	0x1a2a
0x1a38V0x2ec7V0x18edV0x14dfV0xac4	0x1a2a
0x1a38V0x2ec7V0x18edV0x14dfV0xd08	0x1a2a
0x1a38V0x2ec7V0x18edV0x14dfV0x1451	0x1a2a
0x1a2bV0x1a33V0x2ec7V0x18edV0x14dfV0x599	0x0
0x1a2bV0x1a33V0x2ec7V0x18edV0x14dfV0xc46	0x0
0x1a2bV0x1a33V0x2ec7V0x18edV0x14dfV0xc80	0x0
0x1a2bV0x1a33V0x2ec7V0x18edV0x14dfV0x505	0x0
0x1a2bV0x1a33V0x2ec7V0x18edV0x14dfV0x953	0x0
0x1a2bV0x1a33V0x2ec7V0x18edV0x14dfV0xac4	0x0
0x1a2bV0x1a33V0x2ec7V0x18edV0x14dfV0xd08	0x0
0x1a2bV0x1a33V0x2ec7V0x18edV0x14dfV0x1451	0x0
0x2597V0x2eb4V0x18edV0x14dfV0x599	0x259f
0x2597V0x2eb4V0x18edV0x14dfV0xc46	0x259f
0x2597V0x2eb4V0x18edV0x14dfV0xc80	0x259f
0x2597V0x2eb4V0x18edV0x14dfV0x505	0x259f
0x2597V0x2eb4V0x18edV0x14dfV0x953	0x259f
0x2597V0x2eb4V0x18edV0x14dfV0xac4	0x259f
0x2597V0x2eb4V0x18edV0x14dfV0xd08	0x259f
0x2597V0x2eb4V0x18edV0x14dfV0x1451	0x259f
0x259bV0x2eb4V0x18edV0x14dfV0x599	0x1acf
0x259bV0x2eb4V0x18edV0x14dfV0xc46	0x1acf
0x259bV0x2eb4V0x18edV0x14dfV0xc80	0x1acf
0x259bV0x2eb4V0x18edV0x14dfV0x505	0x1acf
0x259bV0x2eb4V0x18edV0x14dfV0x953	0x1acf
0x259bV0x2eb4V0x18edV0x14dfV0xac4	0x1acf
0x259bV0x2eb4V0x18edV0x14dfV0xd08	0x1acf
0x259bV0x2eb4V0x18edV0x14dfV0x1451	0x1acf
0x1ad0V0x2596V0x2eb4V0x18edV0x14dfV0x599	0x0
0x1ad0V0x2596V0x2eb4V0x18edV0x14dfV0xc46	0x0
0x1ad0V0x2596V0x2eb4V0x18edV0x14dfV0xc80	0x0
0x1ad0V0x2596V0x2eb4V0x18edV0x14dfV0x505	0x0
0x1ad0V0x2596V0x2eb4V0x18edV0x14dfV0x953	0x0
0x1ad0V0x2596V0x2eb4V0x18edV0x14dfV0xac4	0x0
0x1ad0V0x2596V0x2eb4V0x18edV0x14dfV0xd08	0x0
0x1ad0V0x2596V0x2eb4V0x18edV0x14dfV0x1451	0x0
0x1ad1V0x2596V0x2eb4V0x18edV0x14dfV0x599	0x1ad9
0x1ad1V0x2596V0x2eb4V0x18edV0x14dfV0xc46	0x1ad9
0x1ad1V0x2596V0x2eb4V0x18edV0x14dfV0xc80	0x1ad9
0x1ad1V0x2596V0x2eb4V0x18edV0x14dfV0x505	0x1ad9
0x1ad1V0x2596V0x2eb4V0x18edV0x14dfV0x953	0x1ad9
0x1ad1V0x2596V0x2eb4V0x18edV0x14dfV0xac4	0x1ad9
0x1ad1V0x2596V0x2eb4V0x18edV0x14dfV0xd08	0x1ad9
0x1ad1V0x2596V0x2eb4V0x18edV0x14dfV0x1451	0x1ad9
0x1ad5V0x2596V0x2eb4V0x18edV0x14dfV0x599	0x1ab0
0x1ad5V0x2596V0x2eb4V0x18edV0x14dfV0xc46	0x1ab0
0x1ad5V0x2596V0x2eb4V0x18edV0x14dfV0xc80	0x1ab0
0x1ad5V0x2596V0x2eb4V0x18edV0x14dfV0x505	0x1ab0
0x1ad5V0x2596V0x2eb4V0x18edV0x14dfV0x953	0x1ab0
0x1ad5V0x2596V0x2eb4V0x18edV0x14dfV0xac4	0x1ab0
0x1ad5V0x2596V0x2eb4V0x18edV0x14dfV0xd08	0x1ab0
0x1ad5V0x2596V0x2eb4V0x18edV0x14dfV0x1451	0x1ab0
0x1ab1V0x1acfV0x2596V0x2eb4V0x18edV0x14dfV0x599	0x0
0x1ab1V0x1acfV0x2596V0x2eb4V0x18edV0x14dfV0xc46	0x0
0x1ab1V0x1acfV0x2596V0x2eb4V0x18edV0x14dfV0xc80	0x0
0x1ab1V0x1acfV0x2596V0x2eb4V0x18edV0x14dfV0x505	0x0
0x1ab1V0x1acfV0x2596V0x2eb4V0x18edV0x14dfV0x953	0x0
0x1ab1V0x1acfV0x2596V0x2eb4V0x18edV0x14dfV0xac4	0x0
0x1ab1V0x1acfV0x2596V0x2eb4V0x18edV0x14dfV0xd08	0x0
0x1ab1V0x1acfV0x2596V0x2eb4V0x18edV0x14dfV0x1451	0x0
0x1ab2V0x1acfV0x2596V0x2eb4V0x18edV0x14dfV0x599	0xffffffffffffffffffffffffffffffffffffffff
0x1ab2V0x1acfV0x2596V0x2eb4V0x18edV0x14dfV0xc46	0xffffffffffffffffffffffffffffffffffffffff
0x1ab2V0x1acfV0x2596V0x2eb4V0x18edV0x14dfV0xc80	0xffffffffffffffffffffffffffffffffffffffff
0x1ab2V0x1acfV0x2596V0x2eb4V0x18edV0x14dfV0x505	0xffffffffffffffffffffffffffffffffffffffff
0x1ab2V0x1acfV0x2596V0x2eb4V0x18edV0x14dfV0x953	0xffffffffffffffffffffffffffffffffffffffff
0x1ab2V0x1acfV0x2596V0x2eb4V0x18edV0x14dfV0xac4	0xffffffffffffffffffffffffffffffffffffffff
0x1ab2V0x1acfV0x2596V0x2eb4V0x18edV0x14dfV0xd08	0xffffffffffffffffffffffffffffffffffffffff
0x1ab2V0x1acfV0x2596V0x2eb4V0x18edV0x14dfV0x1451	0xffffffffffffffffffffffffffffffffffffffff
