0x0	CONST
0x40	CONST
0xf	CALLDATALOAD
0x4	MSTORE
0x8	LT
0x1f	CONST
0x2	CONST
0x5	CONST
0x7	CALLDATASIZE
0xd	CONST
0x10	CONST
0x12	SHR
0x14	CONST
0x19	GT
0x1a	CONST
0x24	GT
0x25	CONST
0x2a	CONST
0x2f	GT
0x30	CONST
0x35	CONST
0x3a	GT
0x3b	CONST
0x45	EQ
0x4b	CONST
0x50	EQ
0x56	CONST
0x5b	EQ
0x61	CONST
0x66	EQ
0x6b	CONST
0x71	CONST
0x76	EQ
0x7c	CONST
0x81	EQ
0x87	CONST
0x8c	EQ
0x91	CONST
0x97	CONST
0x9c	GT
0x9d	CONST
0xa2	CONST
0xa7	EQ
0xad	CONST
0xb2	EQ
0xb8	CONST
0xbd	EQ
0xc3	CONST
0xc8	EQ
0xcd	CONST
0xd3	CONST
0xd8	EQ
0xde	CONST
0xe3	EQ
0xe9	CONST
0xee	EQ
0xf3	CONST
0xf9	CONST
0xfe	GT
0xff	CONST
0x104	CONST
0x109	GT
0x10a	CONST
0x10f	CONST
0x114	EQ
0x11a	CONST
0x11f	EQ
0x125	CONST
0x12a	EQ
0x130	CONST
0x135	EQ
0x13a	CONST
0x140	CONST
0x145	EQ
0x14b	CONST
0x150	EQ
0x156	CONST
0x15b	EQ
0x160	CONST
0x166	CONST
0x16b	EQ
0x171	CONST
0x176	EQ
0x17c	CONST
0x181	EQ
0x187	CONST
0x18c	EQ
0x192	CONST
0x197	EQ
0x19d	CONST
0x1a2	EQ
0x1a7	CONST
0x1ad	CONST
0x1b2	GT
0x1b3	CONST
0x1b8	CONST
0x1bd	GT
0x1be	CONST
0x1c3	CONST
0x1c8	GT
0x1c9	CONST
0x1ce	CONST
0x1d3	EQ
0x1d9	CONST
0x1de	EQ
0x1e4	CONST
0x1e9	EQ
0x1ef	CONST
0x1f4	EQ
0x1f9	CONST
0x1ff	CONST
0x204	EQ
0x20a	CONST
0x20f	EQ
0x215	CONST
0x21a	EQ
0x21f	CONST
0x225	CONST
0x22a	GT
0x22b	CONST
0x230	CONST
0x235	EQ
0x23b	CONST
0x240	EQ
0x246	CONST
0x24b	EQ
0x251	CONST
0x256	EQ
0x25b	CONST
0x261	CONST
0x266	EQ
0x26c	CONST
0x271	EQ
0x277	CONST
0x27c	EQ
0x281	CONST
0x287	CONST
0x28c	GT
0x28d	CONST
0x292	CONST
0x297	GT
0x298	CONST
0x29d	CONST
0x2a2	EQ
0x2a8	CONST
0x2ad	EQ
0x2b3	CONST
0x2b8	EQ
0x2be	CONST
0x2c3	EQ
0x2c8	CONST
0x2ce	CONST
0x2d3	EQ
0x2d9	CONST
0x2de	EQ
0x2e4	CONST
0x2e9	EQ
0x2ee	CONST
0x2f4	CONST
0x2f9	EQ
0x2ff	CONST
0x304	EQ
0x30a	CONST
0x30f	EQ
0x315	CONST
0x31a	EQ
0x320	CONST
0x325	EQ
0x32b	CONST
0x330	EQ
0x336	CALLVALUE
0x337	ISZERO
0x338	CONST
0x33c	CONST
0x33e	MLOAD
0x33f	CONST
0x343	CONST
0x345	SHL
0x348	CONST
0x34a	CONST
0x34d	ADD
0x34f	CONST
0x351	CONST
0x354	ADD
0x356	CONST
0x377	CONST
0x37a	ADD
0x37c	CONST
0x39d	CONST
0x3a0	ADD
0x3a2	CONST
0x3a4	ADD
0x3af	CONST
0x3b1	SLOAD
0x3b2	CONST
0x3b4	MLOAD
0x3b5	CONST
0x3b8	CONST
0x3ba	CONST
0x3bc	CONST
0x3be	SHL
0x3bf	SUB
0x3c0	AND
0x3c2	CONST
0x3c8	CALLDATASIZE
0x3ca	CONST
0x3cf	CONST
0x3d1	CONST
0x3d3	MLOAD
0x3d6	SUB
0x3d9	GAS
0x3da	DELEGATECALL
0x3de	RETURNDATASIZE
0x3e0	CONST
0x3e3	EQ
0x3e4	CONST
0x3e8	CONST
0x3ea	MLOAD
0x3ed	CONST
0x3ef	NOT
0x3f0	CONST
0x3f2	RETURNDATASIZE
0x3f3	ADD
0x3f4	AND
0x3f6	ADD
0x3f7	CONST
0x3fa	RETURNDATASIZE
0x3fd	RETURNDATASIZE
0x3fe	CONST
0x400	CONST
0x403	ADD
0x405	CONST
0x40a	CONST
0x413	CONST
0x415	MLOAD
0x416	RETURNDATASIZE
0x417	CONST
0x41d	ISZERO
0x41e	CONST
0x422	RETURNDATASIZE
0x426	RETURNDATASIZE
0x42c	CALLVALUE
0x42e	ISZERO
0x42f	CONST
0x433	CONST
0x439	CONST
0x43c	CONST
0x457	CALLVALUE
0x459	ISZERO
0x45a	CONST
0x45e	CONST
0x464	CONST
0x467	CONST
0x46a	CALLDATASIZE
0x46b	CONST
0x46d	CONST
0x472	CONST
0x477	CALLVALUE
0x479	ISZERO
0x47a	CONST
0x47e	CONST
0x484	CONST
0x487	CONST
0x48a	CALLDATASIZE
0x48b	CONST
0x48d	CONST
0x492	CONST
0x4a7	CALLVALUE
0x4a9	ISZERO
0x4aa	CONST
0x4ae	CONST
0x4b4	CONST
0x4b7	CONST
0x4ba	CALLDATASIZE
0x4bb	CONST
0x4bd	CONST
0x4c2	CONST
0x4d5	CALLVALUE
0x4d7	ISZERO
0x4d8	CONST
0x4dc	CONST
0x4e2	CONST
0x4e5	CONST
0x4e7	SLOAD
0x4eb	CALLVALUE
0x4ed	ISZERO
0x4ee	CONST
0x4f2	CONST
0x4f8	CONST
0x4fb	CONST
0x4fe	CALLDATASIZE
0x4ff	CONST
0x501	CONST
0x506	CONST
0x50b	CALLVALUE
0x50d	ISZERO
0x50e	CONST
0x512	CONST
0x518	CONST
0x51b	CONST
0x51d	SLOAD
0x521	CALLVALUE
0x523	ISZERO
0x524	CONST
0x528	CONST
0x52e	CONST
0x531	CONST
0x536	CALLVALUE
0x538	ISZERO
0x539	CONST
0x53d	CONST
0x543	CONST
0x546	CONST
0x549	CALLDATASIZE
0x54a	CONST
0x54c	CONST
0x551	CONST
0x556	CALLVALUE
0x558	ISZERO
0x559	CONST
0x55d	CONST
0x563	CONST
0x566	CONST
0x569	CALLDATASIZE
0x56a	CONST
0x56c	CONST
0x571	CONST
0x576	CALLVALUE
0x578	ISZERO
0x579	CONST
0x57d	CONST
0x583	CONST
0x586	CONST
0x589	CALLDATASIZE
0x58a	CONST
0x58c	CONST
0x591	CONST
0x596	CALLVALUE
0x598	ISZERO
0x599	CONST
0x59d	CONST
0x5a3	CONST
0x5a5	SLOAD
0x5a6	CONST
0x5aa	CONST
0x5ac	CONST
0x5ae	CONST
0x5b0	SHL
0x5b1	SUB
0x5b2	AND
0x5ce	CALLVALUE
0x5d0	ISZERO
0x5d1	CONST
0x5d5	CONST
0x5db	CONST
0x5dd	SLOAD
0x5de	CONST
0x5e2	CONST
0x5e4	AND
0x5e8	CONST
0x5ea	MLOAD
0x5eb	CONST
0x5ef	AND
0x5f2	CONST
0x5f4	ADD
0x5f5	CONST
0x5fa	CALLVALUE
0x5fc	ISZERO
0x5fd	CONST
0x601	CONST
0x607	CONST
0x60a	CONST
0x60d	CALLDATASIZE
0x60e	CONST
0x610	CONST
0x615	CONST
0x61a	CALLVALUE
0x61c	ISZERO
0x61d	CONST
0x621	CONST
0x627	CONST
0x62a	CONST
0x62f	CALLVALUE
0x631	ISZERO
0x632	CONST
0x636	CONST
0x63c	CONST
0x63f	CONST
0x642	CALLDATASIZE
0x643	CONST
0x645	CONST
0x64a	CONST
0x64f	CALLVALUE
0x651	ISZERO
0x652	CONST
0x656	CONST
0x65c	CONST
0x65f	CONST
0x662	CALLDATASIZE
0x663	CONST
0x665	CONST
0x66a	CONST
0x66f	CALLVALUE
0x671	ISZERO
0x672	CONST
0x676	CONST
0x67c	CONST
0x67f	CONST
0x682	CALLDATASIZE
0x683	CONST
0x685	CONST
0x68a	CONST
0x68f	CALLVALUE
0x691	ISZERO
0x692	CONST
0x696	CONST
0x69c	CONST
0x69f	CONST
0x6a1	SLOAD
0x6a5	CALLVALUE
0x6a7	ISZERO
0x6a8	CONST
0x6ac	CONST
0x6b2	CONST
0x6b5	CONST
0x6b8	CALLDATASIZE
0x6b9	CONST
0x6bb	CONST
0x6c0	CONST
0x6c5	CALLVALUE
0x6c7	ISZERO
0x6c8	CONST
0x6cc	CONST
0x6d2	CONST
0x6d4	SLOAD
0x6d5	CONST
0x6d9	CONST
0x6db	CONST
0x6dd	CONST
0x6df	SHL
0x6e0	SUB
0x6e1	AND
0x6e5	CALLVALUE
0x6e7	ISZERO
0x6e8	CONST
0x6ec	CONST
0x6f2	CONST
0x6f4	SLOAD
0x6f5	CONST
0x6f9	CONST
0x6fb	CONST
0x6fd	CONST
0x6ff	SHL
0x700	SUB
0x701	AND
0x705	CALLVALUE
0x707	ISZERO
0x708	CONST
0x70c	CONST
0x712	CONST
0x715	CONST
0x718	CALLDATASIZE
0x719	CONST
0x71b	CONST
0x720	CONST
0x725	CALLVALUE
0x727	ISZERO
0x728	CONST
0x72c	CONST
0x732	CONST
0x735	CONST
0x737	SLOAD
0x73b	CALLVALUE
0x73d	ISZERO
0x73e	CONST
0x742	CONST
0x748	CONST
0x74b	CONST
0x750	CALLVALUE
0x752	ISZERO
0x753	CONST
0x757	CONST
0x75d	CONST
0x75f	SLOAD
0x760	CONST
0x764	CONST
0x766	CONST
0x768	CONST
0x76a	SHL
0x76b	SUB
0x76c	AND
0x770	CALLVALUE
0x772	ISZERO
0x773	CONST
0x777	CONST
0x77d	CONST
0x780	CONST
0x783	CALLDATASIZE
0x784	CONST
0x786	CONST
0x78b	CONST
0x790	CALLVALUE
0x792	ISZERO
0x793	CONST
0x797	CONST
0x79d	CONST
0x7a0	CONST
0x7a5	CALLVALUE
0x7a7	ISZERO
0x7a8	CONST
0x7ac	CONST
0x7b2	CONST
0x7b5	CONST
0x7b8	CALLDATASIZE
0x7b9	CONST
0x7bb	CONST
0x7c0	CONST
0x7c5	CALLVALUE
0x7c7	ISZERO
0x7c8	CONST
0x7cc	CONST
0x7d2	CONST
0x7d5	CONST
0x7d8	CALLDATASIZE
0x7d9	CONST
0x7db	CONST
0x7e0	CONST
0x7e5	CALLVALUE
0x7e7	ISZERO
0x7e8	CONST
0x7ec	CONST
0x7f2	CONST
0x7f5	CONST
0x7f7	SLOAD
0x7fb	CALLVALUE
0x7fd	ISZERO
0x7fe	CONST
0x802	CONST
0x808	CONST
0x80b	CONST
0x810	CALLVALUE
0x812	ISZERO
0x813	CONST
0x817	CONST
0x81d	CONST
0x820	CONST
0x823	CALLDATASIZE
0x824	CONST
0x826	CONST
0x82b	CONST
0x830	CALLVALUE
0x832	ISZERO
0x833	CONST
0x837	CONST
0x83d	CONST
0x840	CONST
0x843	CALLDATASIZE
0x844	CONST
0x846	CONST
0x84b	CONST
0x850	CALLVALUE
0x852	ISZERO
0x853	CONST
0x857	CONST
0x85d	CONST
0x860	CONST
0x865	CALLVALUE
0x867	ISZERO
0x868	CONST
0x86c	CONST
0x872	CONST
0x875	CONST
0x878	CALLDATASIZE
0x879	CONST
0x87b	CONST
0x880	CONST
0x885	CALLVALUE
0x887	ISZERO
0x888	CONST
0x88c	CONST
0x892	CONST
0x895	CONST
0x897	SLOAD
0x89b	CALLVALUE
0x89d	ISZERO
0x89e	CONST
0x8a2	CONST
0x8a8	CONST
0x8ab	CONST
0x8ae	CALLDATASIZE
0x8af	CONST
0x8b1	CONST
0x8b6	CONST
0x8bb	CALLVALUE
0x8bd	ISZERO
0x8be	CONST
0x8c2	CONST
0x8c8	CONST
0x8cb	CONST
0x8ce	CALLDATASIZE
0x8cf	CONST
0x8d1	CONST
0x8d6	CONST
0x8db	CALLVALUE
0x8dd	ISZERO
0x8de	CONST
0x8e2	CONST
0x8e8	CONST
0x8eb	CONST
0x8f0	CALLVALUE
0x8f2	ISZERO
0x8f3	CONST
0x8f7	CONST
0x8fd	CONST
0x900	CONST
0x903	CALLDATASIZE
0x904	CONST
0x906	CONST
0x90b	CONST
0x910	CONST
0x913	MLOAD
0x917	CONST
0x91a	ADD
0x921	ADD
0x923	CONST
0x926	ADD
0x928	CONST
0x92a	ADD
0x92b	CONST
0x930	CALLVALUE
0x932	ISZERO
0x933	CONST
0x937	CONST
0x93d	CONST
0x940	CONST
0x943	CALLDATASIZE
0x944	CONST
0x946	CONST
0x94b	CONST
0x950	CALLVALUE
0x952	ISZERO
0x953	CONST
0x957	CONST
0x95d	CONST
0x960	CONST
0x965	CALLVALUE
0x967	ISZERO
0x968	CONST
0x96c	CONST
0x972	CONST
0x975	CONST
0x977	SLOAD
0x97b	CALLVALUE
0x97d	ISZERO
0x97e	CONST
0x982	CONST
0x988	CONST
0x98b	CONST
0x98e	CALLDATASIZE
0x98f	CONST
0x991	CONST
0x996	CONST
0x99b	CALLVALUE
0x99d	ISZERO
0x99e	CONST
0x9a2	CONST
0x9a8	CONST
0x9ab	CONST
0x9b0	CALLVALUE
0x9b2	ISZERO
0x9b3	CONST
0x9b7	CONST
0x9bd	CONST
0x9c0	CONST
0x9c3	CALLDATASIZE
0x9c4	CONST
0x9c6	CONST
0x9cb	CONST
0x9d0	CALLVALUE
0x9d2	ISZERO
0x9d3	CONST
0x9d7	CONST
0x9dd	CONST
0x9e0	CONST
0x9e3	CALLDATASIZE
0x9e4	CONST
0x9e6	CONST
0x9eb	CONST
0x9f0	CALLVALUE
0x9f2	ISZERO
0x9f3	CONST
0x9f7	CONST
0x9fd	CONST
0xa00	CONST
0xa05	CALLVALUE
0xa07	ISZERO
0xa08	CONST
0xa0c	CONST
0xa12	CONST
0xa15	CONST
0xa18	CALLDATASIZE
0xa19	CONST
0xa1b	CONST
0xa20	CONST
0xa25	CALLVALUE
0xa27	ISZERO
0xa28	CONST
0xa2c	CONST
0xa32	CONST
0xa34	SLOAD
0xa35	CONST
0xa39	CONST
0xa3b	CONST
0xa3d	CONST
0xa3f	SHL
0xa40	SUB
0xa41	AND
0xa45	CALLVALUE
0xa47	ISZERO
0xa48	CONST
0xa4c	CONST
0xa52	CONST
0xa55	CONST
0xa58	CALLDATASIZE
0xa59	CONST
0xa5b	CONST
0xa60	CONST
0xa65	CALLVALUE
0xa67	ISZERO
0xa68	CONST
0xa6c	CONST
0xa72	CONST
0xa74	SLOAD
0xa75	CONST
0xa79	CONST
0xa7d	DIV
0xa7e	CONST
0xa80	CONST
0xa82	CONST
0xa84	SHL
0xa85	SUB
0xa86	AND
0xa8a	CALLVALUE
0xa8c	ISZERO
0xa8d	CONST
0xa91	CONST
0xa97	CONST
0xa9a	CONST
0xa9d	CALLDATASIZE
0xa9e	CONST
0xaa0	CONST
0xaa5	CONST
0xfd2	CONST
0xfd4	SLOAD
0xfd5	CONST
0xfd9	DIV
0xfda	CONST
0xfdc	CONST
0xfde	CONST
0xfe0	SHL
0xfe1	SUB
0xfe2	AND
0xfe3	CALLER
0xfe4	EQ
0xfe5	CONST
0xfe9	CONST
0xfeb	MLOAD
0xfec	CONST
0xff0	CONST
0xff2	SHL
0xff5	CONST
0xff7	CONST
0xffa	ADD
0xffc	CONST
0xffe	CONST
0x1001	ADD
0x1003	CONST
0x1024	CONST
0x1027	ADD
0x1029	CONST
0x104a	CONST
0x104d	ADD
0x104f	CONST
0x1051	ADD
0x1052	CONST
0x1058	ISZERO
0x1059	CONST
0x105d	CONST
0x1060	MLOAD
0x1061	CONST
0x1065	CONST
0x1068	ADD
0x106c	CONST
0x106f	ADD
0x1071	MLOAD
0x1072	CONST
0x1074	CONST
0x1076	CONST
0x1078	SHL
0x1079	SUB
0x107a	AND
0x107b	CONST
0x1080	CONST
0x1082	SHL
0x1083	OR
0x1086	CONST
0x108a	CONST
0x1091	CONST
0x1094	SLOAD
0x1095	CONST
0x1097	CONST
0x1099	CONST
0x109b	SHL
0x109c	SUB
0x109f	AND
0x10a0	CONST
0x10a2	CONST
0x10a4	CONST
0x10a6	SHL
0x10a7	SUB
0x10a8	NOT
0x10aa	AND
0x10ab	OR
0x10af	CONST
0x10b1	MLOAD
0x10b3	AND
0x10b5	CONST
0x10b9	CONST
0x10bf	CONST
0x10c1	ADD
0x10c2	CONST
0x10c7	CONST
0x10ca	MLOAD
0x10cb	CONST
0x10cd	NOT
0x10d0	SUB
0x10d1	ADD
0x10d7	CONST
0x10da	ADD
0x10dc	MLOAD
0x10dd	CONST
0x10df	CONST
0x10e1	CONST
0x10e3	SHL
0x10e4	SUB
0x10e5	AND
0x10e6	CONST
0x10eb	CONST
0x10ed	SHL
0x10ee	OR
0x10f1	CONST
0x10f7	CONST
0x10f9	SLOAD
0x10fa	CONST
0x10fd	MLOAD
0x10fe	CONST
0x1100	CONST
0x1102	CONST
0x1104	SHL
0x1105	SUB
0x1108	AND
0x110d	AND
0x110e	CONST
0x1111	ADD
0x1113	CONST
0x1135	ADD
0x1136	CONST
0x1138	MLOAD
0x113b	SUB
0x1842	CONST
0x1844	CONST
0x1848	CONST
0x184a	CONST
0x184c	CONST
0x184e	SHL
0x184f	SUB
0x1850	AND
0x1852	CONST
0x1854	MLOAD
0x1855	CONST
0x185a	CONST
0x185f	CONST
0x1861	CONST
0x1863	MLOAD
0x1866	SUB
0x1869	GAS
0x186a	DELEGATECALL
0x186e	RETURNDATASIZE
0x1870	CONST
0x1873	EQ
0x1874	CONST
0x1878	CONST
0x187a	MLOAD
0x187d	CONST
0x187f	NOT
0x1880	CONST
0x1882	RETURNDATASIZE
0x1883	ADD
0x1884	AND
0x1886	ADD
0x1887	CONST
0x188a	RETURNDATASIZE
0x188d	RETURNDATASIZE
0x188e	CONST
0x1890	CONST
0x1893	ADD
0x1895	CONST
0x189a	CONST
0x18a6	CONST
0x18aa	RETURNDATASIZE
0x18ab	CONST
0x18ae	ADD
0x18b5	CONST
0x18b8	ADD
0x1b49	CONST
0x1b4c	CONST
0x1b4f	CONST
0x1b51	CONST
0x1b55	SUB
0x1b56	SLT
0x1b57	ISZERO
0x1b58	CONST
0x1b5c	CONST
0x1b62	CALLDATALOAD
0x1b65	CONST
0x1b68	ADD
0x1b69	CALLDATALOAD
0x1b6c	CONST
0x1b6f	ADD
0x1b70	CALLDATALOAD
0x1b71	CONST
0x1b74	AND
0x1b76	EQ
0x1b77	CONST
0x1b7b	CONST
0x1b87	CONST
0x1b8a	ADD
0x1b8b	CALLDATALOAD
0x1b8e	CONST
0x1b90	ADD
0x1b91	CALLDATALOAD
0x1c13	CONST
0x1c17	SHR
0x1c1a	AND
0x1c1c	CONST
0x1c20	CONST
0x1c23	AND
0x1c27	CONST
0x1c2a	LT
0x1c2c	SUB
0x1c2d	CONST
0x1c31	CONST
0x1c36	CONST
0x1c38	SHL
0x1c39	CONST
0x1c3c	CONST
0x1c3e	CONST
0x1c41	CONST
0x1c43	CONST
0x1c9f	CONST
0x1ca1	CONST
0x1ca5	SUB
0x1ca6	SLT
0x1ca7	ISZERO
0x1ca8	CONST
0x1cac	CONST
0x1cb2	MLOAD
0x1cb3	CONST
0x1cbd	GT
0x1cbe	ISZERO
0x1cbf	CONST
0x1cc3	CONST
0x1cc9	ADD
0x1cca	CONST
0x1ccd	ADD
0x1ccf	SGT
0x1cd0	CONST
0x1cd4	CONST
0x1cda	MLOAD
0x1cdb	CONST
0x1cde	CONST
0x1ce2	CONST
0x1ceb	CONST
0x1cef	ADD
0x1cf0	ADD
0x1cf1	GT
0x1cf2	ISZERO
0x1cf3	CONST
0x1cf7	CONST
0x1cfc	CONST
0x1d00	CONST
0x1d03	ADD
0x1d04	CONST
0x1d07	ADD
0x1d08	CONST
0x3b41	CONST
0x3b42	CONST
0x3b43	CONST
0x3b44	CONST
0x3b45	CONST
0x3b46	CONST
0x3b47	CONST
0x3b48	CONST
0x3b49	CONST
0x3b4a	CONST
0x3b4b	CONST
0x3b4c	CONST
0x3b4d	CONST
0x3b4e	CONST
0x3b4f	CONST
0x76bf	CONST
0x76c1	MLOAD
0x76c2	CONST
0x76c7	CONST
0x76eb	CONST
0x76ed	MLOAD
0x76ee	CONST
0x76f3	CONST
0x7717	CONST
0x7719	MLOAD
0x771b	ISZERO
0x771c	ISZERO
0x771f	CONST
0x7721	ADD
0x7722	CONST
0x7746	CONST
0x7748	MLOAD
0x774c	CONST
0x774e	ADD
0x774f	CONST
0x77a0	CONST
0x77a2	MLOAD
0x77a6	CONST
0x77a8	ADD
0x77a9	CONST
0x77fa	CONST
0x77fc	MLOAD
0x7800	CONST
0x7802	ADD
0x7803	CONST
0x7848	CONST
0x784a	MLOAD
0x784c	ISZERO
0x784d	ISZERO
0x7850	CONST
0x7852	ADD
0x7853	CONST
0x7877	CONST
0x7879	MLOAD
0x787d	CONST
0x787f	ADD
0x7880	CONST
0x78db	CONST
0x78dd	MLOAD
0x78e1	CONST
0x78e3	ADD
0x78e4	CONST
0x7908	CONST
0x790a	MLOAD
0x790e	CONST
0x7910	ADD
0x7911	CONST
0x7935	CONST
0x7937	MLOAD
0x793b	CONST
0x793d	ADD
0x793e	CONST
0x7962	CONST
0x7964	MLOAD
0x7965	CONST
0x796a	CONST
0x798e	CONST
0x7990	MLOAD
0x7994	CONST
0x7996	ADD
0x7997	CONST
0x7a77	CONST
0x7a79	MLOAD
0x7a7d	CONST
0x7a7f	ADD
0x7a80	CONST
0x7b37	CONST
0x7b39	MLOAD
0x7b3d	CONST
0x7b3f	ADD
0x7b40	CONST
0x7b64	CONST
0x7b66	MLOAD
0x7b6a	CONST
0x7b6c	ADD
0x7b6d	CONST
0x7b91	CONST
0x7b93	MLOAD
0x7b97	CONST
0x7b99	ADD
0x7b9a	CONST
0x7bbe	CONST
0x7bc0	MLOAD
0x7bc4	CONST
0x7bc6	ADD
0x7bc7	CONST
0x7c18	CONST
0x7c1a	MLOAD
0x7c1b	CONST
0x7c20	CONST
0x7c44	CONST
0x7c46	MLOAD
0x7c4a	CONST
0x7c4c	ADD
0x7c4d	CONST
0x7c71	CONST
0x7c73	MLOAD
0x7c77	CONST
0x7c79	ADD
0x7c7a	CONST
0x7c9e	CONST
0x7ca0	MLOAD
0x7ca4	CONST
0x7ca6	ADD
0x7ca7	CONST
0x7ccb	CONST
0x7ccd	MLOAD
0x7ccf	ISZERO
0x7cd0	ISZERO
0x7cd3	CONST
0x7cd5	ADD
0x7cd6	CONST
0x7d27	CONST
0x7d29	MLOAD
0x7d2d	CONST
0x7d2f	ADD
0x7d30	CONST
0x7d54	CONST
0x7d56	MLOAD
0x7d5a	CONST
0x7d5c	ADD
0x7d5d	CONST
0x7d81	CONST
0x7d83	MLOAD
0x7d87	CONST
0x7d89	ADD
0x7d8a	CONST
0x7dae	CONST
0x7db0	MLOAD
0x7db4	CONST
0x7db6	ADD
0x7db7	CONST
0x7ddb	CONST
0x7ddd	MLOAD
0x7de1	CONST
0x7de3	ADD
0x7de4	CONST
0x7e35	CONST
0x7e37	MLOAD
0x7e3b	CONST
0x7e3d	ADD
0x7e3e	CONST
0x7e62	CONST
0x7e64	MLOAD
0x7e68	CONST
0x7e6a	ADD
0x7e6b	CONST
0x7e8f	CONST
0x7e91	MLOAD
0x7e95	CONST
0x7e97	ADD
0x7e98	CONST
0x7ebc	CONST
0x7ebe	MLOAD
0x7ec2	CONST
0x7ec4	ADD
0x7ec5	CONST
0x7ee9	CONST
0x7eeb	MLOAD
0x7eef	CONST
0x7ef1	ADD
0x7ef2	CONST
0x7f16	CONST
0x7f18	MLOAD
0x7f1c	CONST
0x7f1e	ADD
0x7f1f	CONST
0x7f7a	CONST
0x7f7c	MLOAD
0x7f80	CONST
0x7f82	ADD
0x7f83	CONST
0x7fde	CONST
0x7fe0	MLOAD
0x7fe4	CONST
0x7fe6	ADD
0x7fe7	CONST
0x8938	CONST
0x8984	CONST
0x8986	MLOAD
0x898a	CONST
0x898c	ADD
0x898d	CONST
0x89b1	CONST
0x89b3	MLOAD
0x89b7	CONST
0x89b9	ADD
0x89ba	CONST
0x89de	CONST
0x89e0	MLOAD
0x89e1	CONST
0x89e3	CONST
0x89e5	CONST
0x89e7	SHL
0x89e8	SUB
0x89eb	AND
0x89ee	CONST
0x89f0	ADD
0x89f1	CONST
0x8a15	CONST
0x8a17	MLOAD
0x8a1b	CONST
0x8a1d	ADD
0x8a1e	CONST
0x8a42	CONST
0x8a44	MLOAD
0x8a45	CONST
0x8a47	CONST
0x8a49	CONST
0x8a4b	SHL
0x8a4c	SUB
0x8a4f	AND
0x8a52	CONST
0x8a54	ADD
0x8a55	CONST
0x8a79	CONST
0x8a7b	MLOAD
0x8a7c	CONST
0x8a7e	CONST
0x8a80	CONST
0x8a82	SHL
0x8a83	SUB
0x8a86	AND
0x8a89	CONST
0x8a8b	ADD
0x8a8c	CONST
0x8ab0	CONST
0x8ab2	MLOAD
0x8ab6	CONST
0x8ab8	ADD
0x8ab9	CONST
0x8add	CONST
0x8adf	MLOAD
0x8ae1	ISZERO
0x8ae2	ISZERO
0x8ae5	CONST
0x8ae7	ADD
0x8ae8	CONST
0x8b0c	CONST
0x8b0e	MLOAD
0x8b0f	CONST
0x8b11	CONST
0x8b13	CONST
0x8b15	SHL
0x8b16	SUB
0x8b19	AND
0x8b1c	CONST
0x8b1e	ADD
0x8b1f	CONST
0x8b43	CONST
0x8b45	MLOAD
0x8b49	CONST
0x8b4b	ADD
0x8b4c	CONST
0x8b70	CONST
0x8b72	MLOAD
0x8b76	CONST
0x8b78	ADD
0x8b79	CONST
0x8b9d	CONST
0x8b9f	MLOAD
0x8ba3	CONST
0x8ba5	ADD
0x8ba6	CONST
0x8bca	CONST
0x8bcc	MLOAD
0x8bcd	CONST
0x8bcf	CONST
0x8bd1	CONST
0x8bd3	SHL
0x8bd4	SUB
0x8bd7	AND
0x8bda	CONST
0x8bdc	ADD
0x8bdd	CONST
0x8c01	CONST
0x8c03	MLOAD
0x8c04	CONST
0x8c06	CONST
0x8c08	CONST
0x8c0a	SHL
0x8c0b	SUB
0x8c0e	AND
0x8c11	CONST
0x8c13	ADD
0x8c14	CONST
0x8f64	CONST
0x8f66	CONST
0x8f68	CONST
0x8f6a	CONST
0x8f6c	CONST
0x8f6e	CONST
0x8f70	CONST
0x8f72	CONST
0x8f74	CONST
0x8f76	CONST
0x8f78	CONST
0x8f7a	CONST
0x8f7c	CONST
0x8f7e	CONST
0x8f80	CONST
0x8f82	CONST
0x8f84	CONST
0x8f86	CONST
0x8f88	CONST
0x8f8a	CONST
0x8f8c	CONST
0x8f8e	CONST
0x8f90	CONST
0x8f92	CONST
0x8f94	CONST
0x8f96	CONST
0x8f98	CONST
0x8f9a	CONST
0x8f9c	CONST
0x8f9e	CONST
0x8fa0	CONST
0x8fa2	CONST
0x8fa4	CONST
0x8fa6	CONST
0x8fa8	CONST
0x8faa	CONST
0x8fac	CONST
0x8fae	CONST
0x8fb0	CONST
0x8fb2	CONST
0x8fb4	CONST
0x8fb6	CONST
0x8fb8	CONST
0x8fba	CONST
0x8fbc	CONST
0x8fbe	CONST
0x8fc0	CONST
0x8fc2	CONST
0x8fc4	CONST
0x8fc6	CONST
0x8fc8	CONST
0x8fca	CONST
0x8fcc	CONST
0x8fce	CONST
0x8fd0	CONST
0x8fd3	CONST
0x8fd6	CONST
0x8fd9	CONST
0x8fdc	CONST
0x8fdf	CONST
0x8fe2	CONST
0x8fe5	CONST
0x8fe8	CONST
0x8feb	CONST
0x8fee	CONST
0x8ff1	CONST
0x8ff4	CONST
0x8ff7	CONST
0x8ffa	CONST
0x8ffd	CONST
0x9000	CONST
0x9003	CONST
0x9006	CONST
0x9009	CONST
0x900c	CONST
0x900f	CONST
0x9012	CONST
0x9015	CONST
0x9018	CONST
0x901b	CONST
0x901e	CONST
0x9021	CONST
0x9024	CONST
0x9027	CONST
0x902a	CONST
0x902d	CONST
0x9030	CONST
0x9033	CONST
0x9036	CONST
0x9039	CONST
0x903c	CONST
0x903f	CONST
0x9042	CONST
0x9045	CONST
0x9048	CONST
0x904b	CONST
0x904e	CONST
0x9051	CONST
0x9054	CONST
0x9057	CONST
0x905a	CONST
0x905d	CONST
0x9060	CONST
0x9063	CONST
0x9066	CONST
0x9069	CONST
0x906c	CONST
0x906f	CONST
0x9072	CONST
0x9075	CONST
0x18aa_0x0	PHI
0x1c26_0x1	PHI
0x1c46_0x1	PHI
0x880f_0x0	PHI
0x4530x42b	SUB
0x4530x456	SUB
0x4530x476	SUB
0x4530x4a6	SUB
0x4530x4d4	SUB
0x4530x4ea	SUB
0x4530x50a	SUB
0x4530x520	SUB
0x4530x555	SUB
0x4530x575	SUB
0x4530x595	SUB
0x4530x5cd	SUB
0x4530x5f9	SUB
0x4530x619	SUB
0x4530x62e	SUB
0x4530x64e	SUB
0x4530x66e	SUB
0x4530x68e	SUB
0x4530x6c4	SUB
0x4530x6e4	SUB
0x4530x704	SUB
0x4530x724	SUB
0x4530x73a	SUB
0x4530x74f	SUB
0x4530x76f	SUB
0x4530x78f	SUB
0x4530x7a4	SUB
0x4530x7c4	SUB
0x4530x7e4	SUB
0x4530x7fa	SUB
0x4530x80f	SUB
0x4530x82f	SUB
0x4530x84f	SUB
0x4530x864	SUB
0x4530x884	SUB
0x4530x89a	SUB
0x4530x8ba	SUB
0x4530x8da	SUB
0x4530x8ef	SUB
0x4530x92f	SUB
0x4530x94f	SUB
0x4530x964	SUB
0x4530x97a	SUB
0x4530x99a	SUB
0x4530x9af	SUB
0x4530x9cf	SUB
0x4530x9ef	SUB
0x4530xa04	SUB
0x4530xa24	SUB
0x4530xa44	SUB
0x4530xa64	SUB
0x4530xa89	SUB
0x4500x42b	MLOAD
0x4500x456	MLOAD
0x4500x476	MLOAD
0x4500x4a6	MLOAD
0x4500x4d4	MLOAD
0x4500x4ea	MLOAD
0x4500x50a	MLOAD
0x4500x520	MLOAD
0x4500x555	MLOAD
0x4500x575	MLOAD
0x4500x595	MLOAD
0x4500x5cd	MLOAD
0x4500x5f9	MLOAD
0x4500x619	MLOAD
0x4500x62e	MLOAD
0x4500x64e	MLOAD
0x4500x66e	MLOAD
0x4500x68e	MLOAD
0x4500x6c4	MLOAD
0x4500x6e4	MLOAD
0x4500x704	MLOAD
0x4500x724	MLOAD
0x4500x73a	MLOAD
0x4500x74f	MLOAD
0x4500x76f	MLOAD
0x4500x78f	MLOAD
0x4500x7a4	MLOAD
0x4500x7c4	MLOAD
0x4500x7e4	MLOAD
0x4500x7fa	MLOAD
0x4500x80f	MLOAD
0x4500x82f	MLOAD
0x4500x84f	MLOAD
0x4500x864	MLOAD
0x4500x884	MLOAD
0x4500x89a	MLOAD
0x4500x8ba	MLOAD
0x4500x8da	MLOAD
0x4500x8ef	MLOAD
0x4500x92f	MLOAD
0x4500x94f	MLOAD
0x4500x964	MLOAD
0x4500x97a	MLOAD
0x4500x99a	MLOAD
0x4500x9af	MLOAD
0x4500x9cf	MLOAD
0x4500x9ef	MLOAD
0x4500xa04	MLOAD
0x4500xa24	MLOAD
0x4500xa44	MLOAD
0x4500xa64	MLOAD
0x4500xa89	MLOAD
0x44e0x42b	CONST
0x44e0x456	CONST
0x44e0x476	CONST
0x44e0x4a6	CONST
0x44e0x4d4	CONST
0x44e0x4ea	CONST
0x44e0x50a	CONST
0x44e0x520	CONST
0x44e0x555	CONST
0x44e0x575	CONST
0x44e0x595	CONST
0x44e0x5cd	CONST
0x44e0x5f9	CONST
0x44e0x619	CONST
0x44e0x62e	CONST
0x44e0x64e	CONST
0x44e0x66e	CONST
0x44e0x68e	CONST
0x44e0x6c4	CONST
0x44e0x6e4	CONST
0x44e0x704	CONST
0x44e0x724	CONST
0x44e0x73a	CONST
0x44e0x74f	CONST
0x44e0x76f	CONST
0x44e0x78f	CONST
0x44e0x7a4	CONST
0x44e0x7c4	CONST
0x44e0x7e4	CONST
0x44e0x7fa	CONST
0x44e0x80f	CONST
0x44e0x82f	CONST
0x44e0x84f	CONST
0x44e0x864	CONST
0x44e0x884	CONST
0x44e0x89a	CONST
0x44e0x8ba	CONST
0x44e0x8da	CONST
0x44e0x8ef	CONST
0x44e0x92f	CONST
0x44e0x94f	CONST
0x44e0x964	CONST
0x44e0x97a	CONST
0x44e0x99a	CONST
0x44e0x9af	CONST
0x44e0x9cf	CONST
0x44e0x9ef	CONST
0x44e0xa04	CONST
0x44e0xa24	CONST
0x44e0xa44	CONST
0x44e0xa64	CONST
0x44e0xa89	CONST
0x3ab0x335	SUB
0x3ab0x6a4	SUB
0x3a80x335	MLOAD
0x3a80x6a4	MLOAD
0x3a60x335	CONST
0x3a60x6a4	CONST
0x1a6fS0x4b2	CONST
0x1a62S0x4b2	CONST
0x1a64S0x4b2	CONST
0x1a68S0x4b2	SUB
0x1a69S0x4b2	SLT
0x1a6aS0x4b2	ISZERO
0x1a6bS0x4b2	CONST
0x1a75S0x4b2	CALLDATALOAD
0x1a6fS0x63a	CONST
0x1a62S0x63a	CONST
0x1a64S0x63a	CONST
0x1a68S0x63a	SUB
0x1a69S0x63a	SLT
0x1a6aS0x63a	ISZERO
0x1a6bS0x63a	CONST
0x1a75S0x63a	CALLDATALOAD
0x1a6fS0x710	CONST
0x1a62S0x710	CONST
0x1a64S0x710	CONST
0x1a68S0x710	SUB
0x1a69S0x710	SLT
0x1a6aS0x710	ISZERO
0x1a6bS0x710	CONST
0x1a75S0x710	CALLDATALOAD
0x1a6fS0x7b0	CONST
0x1a62S0x7b0	CONST
0x1a64S0x7b0	CONST
0x1a68S0x7b0	SUB
0x1a69S0x7b0	SLT
0x1a6aS0x7b0	ISZERO
0x1a6bS0x7b0	CONST
0x1a75S0x7b0	CALLDATALOAD
0x1a6fS0x7d0	CONST
0x1a62S0x7d0	CONST
0x1a64S0x7d0	CONST
0x1a68S0x7d0	SUB
0x1a69S0x7d0	SLT
0x1a6aS0x7d0	ISZERO
0x1a6bS0x7d0	CONST
0x1a75S0x7d0	CALLDATALOAD
0x1a6fS0x83b	CONST
0x1a62S0x83b	CONST
0x1a64S0x83b	CONST
0x1a68S0x83b	SUB
0x1a69S0x83b	SLT
0x1a6aS0x83b	ISZERO
0x1a6bS0x83b	CONST
0x1a75S0x83b	CALLDATALOAD
0x1a6fS0x93b	CONST
0x1a62S0x93b	CONST
0x1a64S0x93b	CONST
0x1a68S0x93b	SUB
0x1a69S0x93b	SLT
0x1a6aS0x93b	ISZERO
0x1a6bS0x93b	CONST
0x1a75S0x93b	CALLDATALOAD
0x1a6fS0x9bb	CONST
0x1a62S0x9bb	CONST
0x1a64S0x9bb	CONST
0x1a68S0x9bb	SUB
0x1a69S0x9bb	SLT
0x1a6aS0x9bb	ISZERO
0x1a6bS0x9bb	CONST
0x1a75S0x9bb	CALLDATALOAD
0x1a6fS0xa95	CONST
0x1a62S0xa95	CONST
0x1a64S0xa95	CONST
0x1a68S0xa95	SUB
0x1a69S0xa95	SLT
0x1a6aS0xa95	ISZERO
0x1a6bS0xa95	CONST
0x1a75S0xa95	CALLDATALOAD
0x195bS0x8937	CONST
0x195eS0x8937	CONST
0x1963S0x8937	CONST
0x3af7S0x8937	CONST
0x3afcS0x8937	CONST
0x3afeS0x8937	SHL
0x3affS0x8937	CONST
0x3b02S0x8937	CONST
0x3b04S0x8937	CONST
0x3b07S0x8937	CONST
0x3b09S0x8937	CONST
0x193aS0x8937	CONST
0x193cS0x8937	MLOAD
0x193dS0x8937	CONST
0x1940S0x8937	ADD
0x1941S0x8937	CONST
0x1943S0x8937	NOT
0x1944S0x8937	AND
0x1946S0x8937	ADD
0x1947S0x8937	CONST
0x1951S0x8937	GT
0x1954S0x8937	LT
0x1955S0x8937	OR
0x1956S0x8937	ISZERO
0x1957S0x8937	CONST
0x18deS0x1cfb	CONST
0x18e1S0x1cfb	ADD
0x18c6S0x1cfb	LT
0x18c7S0x1cfb	ISZERO
0x18c8S0x1cfb	CONST
0x18c3_0x0S0x1cfb	PHI
0x18c1S0x1cfb	CONST
0x18ceS0x1cfb	ADD
0x18cfS0x1cfb	MLOAD
0x18d2S0x1cfb	ADD
0x18d4S0x1cfb	CONST
0x18d6S0x1cfb	ADD
0x18d7S0x1cfb	CONST
0x18cc_0x0S0x1cfb	PHI
0x1911S0x76be	CONST
0x1915S0x76be	CONST
0x1917S0x76be	CONST
0x191aS0x76be	CONST
0x191dS0x76be	ADD
0x191fS0x76be	CONST
0x18fdS0x76be	CONST
0x18ffS0x76be	ADD
0x1900S0x76be	CONST
0x1902S0x76be	NOT
0x1903S0x76be	AND
0x1907S0x76be	ADD
0x1908S0x76be	CONST
0x190aS0x76be	ADD
0x18e5S0x76be	CONST
0x18e8S0x76be	MLOAD
0x18ecS0x76be	CONST
0x18f0S0x76be	CONST
0x18f3S0x76be	ADD
0x18f4S0x76be	CONST
0x18f7S0x76be	ADD
0x18f8S0x76be	CONST
0x18deS0x18e4S0x76be	CONST
0x18e1S0x18e4S0x76be	ADD
0x18c6S0x18e4S0x76be	LT
0x18c7S0x18e4S0x76be	ISZERO
0x18c8S0x18e4S0x76be	CONST
0x18c3_0x0S0x18e4S0x76be	PHI
0x18c1S0x18e4S0x76be	CONST
0x18ceS0x18e4S0x76be	ADD
0x18cfS0x18e4S0x76be	MLOAD
0x18d2S0x18e4S0x76be	ADD
0x18d4S0x18e4S0x76be	CONST
0x18d6S0x18e4S0x76be	ADD
0x18d7S0x18e4S0x76be	CONST
0x18cc_0x0S0x18e4S0x76be	PHI
0x1911S0x76ea	CONST
0x1915S0x76ea	CONST
0x1917S0x76ea	CONST
0x191aS0x76ea	CONST
0x191dS0x76ea	ADD
0x191fS0x76ea	CONST
0x18fdS0x76ea	CONST
0x18ffS0x76ea	ADD
0x1900S0x76ea	CONST
0x1902S0x76ea	NOT
0x1903S0x76ea	AND
0x1907S0x76ea	ADD
0x1908S0x76ea	CONST
0x190aS0x76ea	ADD
0x18e5S0x76ea	CONST
0x18e8S0x76ea	MLOAD
0x18ecS0x76ea	CONST
0x18f0S0x76ea	CONST
0x18f3S0x76ea	ADD
0x18f4S0x76ea	CONST
0x18f7S0x76ea	ADD
0x18f8S0x76ea	CONST
0x18deS0x18e4S0x76ea	CONST
0x18e1S0x18e4S0x76ea	ADD
0x18c6S0x18e4S0x76ea	LT
0x18c7S0x18e4S0x76ea	ISZERO
0x18c8S0x18e4S0x76ea	CONST
0x18c3_0x0S0x18e4S0x76ea	PHI
0x18c1S0x18e4S0x76ea	CONST
0x18ceS0x18e4S0x76ea	ADD
0x18cfS0x18e4S0x76ea	MLOAD
0x18d2S0x18e4S0x76ea	ADD
0x18d4S0x18e4S0x76ea	CONST
0x18d6S0x18e4S0x76ea	ADD
0x18d7S0x18e4S0x76ea	CONST
0x18cc_0x0S0x18e4S0x76ea	PHI
0x1a44S0x482	CONST
0x1a36S0x482	CONST
0x1a39S0x482	CONST
0x1a3dS0x482	SUB
0x1a3eS0x482	SLT
0x1a3fS0x482	ISZERO
0x1a40S0x482	CONST
0x1a4aS0x482	CALLDATALOAD
0x1a4bS0x482	CONST
0x1a4fS0x482	CONST
0x1a55S0x482	CONST
0x1a5aS0x482	ADD
0x1a5bS0x482	CALLDATALOAD
0x1a2eS0x1a48S0x482	CONST
0x1a1eS0x1a48S0x482	CONST
0x1a20S0x1a48S0x482	CONST
0x1a22S0x1a48S0x482	CONST
0x1a24S0x1a48S0x482	SHL
0x1a25S0x1a48S0x482	SUB
0x1a27S0x1a48S0x482	AND
0x1a29S0x1a48S0x482	EQ
0x1a2aS0x1a48S0x482	CONST
0x1a88S0x4f6	CONST
0x1a7bS0x4f6	CONST
0x1a7dS0x4f6	CONST
0x1a81S0x4f6	SUB
0x1a82S0x4f6	SLT
0x1a83S0x4f6	ISZERO
0x1a84S0x4f6	CONST
0x1a8eS0x4f6	CALLDATALOAD
0x1a8fS0x4f6	CONST
0x1a93S0x4f6	CONST
0x1a2eS0x1a8cS0x4f6	CONST
0x1a1eS0x1a8cS0x4f6	CONST
0x1a20S0x1a8cS0x4f6	CONST
0x1a22S0x1a8cS0x4f6	CONST
0x1a24S0x1a8cS0x4f6	SHL
0x1a25S0x1a8cS0x4f6	SUB
0x1a27S0x1a8cS0x4f6	AND
0x1a29S0x1a8cS0x4f6	EQ
0x1a2aS0x1a8cS0x4f6	CONST
0x1a88S0x541	CONST
0x1a7bS0x541	CONST
0x1a7dS0x541	CONST
0x1a81S0x541	SUB
0x1a82S0x541	SLT
0x1a83S0x541	ISZERO
0x1a84S0x541	CONST
0x1a8eS0x541	CALLDATALOAD
0x1a8fS0x541	CONST
0x1a93S0x541	CONST
0x1a2eS0x1a8cS0x541	CONST
0x1a1eS0x1a8cS0x541	CONST
0x1a20S0x1a8cS0x541	CONST
0x1a22S0x1a8cS0x541	CONST
0x1a24S0x1a8cS0x541	SHL
0x1a25S0x1a8cS0x541	SUB
0x1a27S0x1a8cS0x541	AND
0x1a29S0x1a8cS0x541	EQ
0x1a2aS0x1a8cS0x541	CONST
0x1aa8S0x561	CONST
0x1a98S0x561	CONST
0x1a9bS0x561	CONST
0x1a9dS0x561	CONST
0x1aa1S0x561	SUB
0x1aa2S0x561	SLT
0x1aa3S0x561	ISZERO
0x1aa4S0x561	CONST
0x1aaeS0x561	CALLDATALOAD
0x1aafS0x561	CONST
0x1ab3S0x561	CONST
0x1abaS0x561	CONST
0x1abdS0x561	ADD
0x1abeS0x561	CALLDATALOAD
0x1abfS0x561	CONST
0x1ac3S0x561	CONST
0x1acfS0x561	CONST
0x1ad4S0x561	ADD
0x1ad5S0x561	CALLDATALOAD
0x1a2eS0x1aacS0x561	CONST
0x1a1eS0x1aacS0x561	CONST
0x1a20S0x1aacS0x561	CONST
0x1a22S0x1aacS0x561	CONST
0x1a24S0x1aacS0x561	SHL
0x1a25S0x1aacS0x561	SUB
0x1a27S0x1aacS0x561	AND
0x1a29S0x1aacS0x561	EQ
0x1a2aS0x1aacS0x561	CONST
0x1a2eS0x1ab7S0x561	CONST
0x1a1eS0x1ab7S0x561	CONST
0x1a20S0x1ab7S0x561	CONST
0x1a22S0x1ab7S0x561	CONST
0x1a24S0x1ab7S0x561	SHL
0x1a25S0x1ab7S0x561	SUB
0x1a27S0x1ab7S0x561	AND
0x1a29S0x1ab7S0x561	EQ
0x1a2aS0x1ab7S0x561	CONST
0x1a44S0x581	CONST
0x1a36S0x581	CONST
0x1a39S0x581	CONST
0x1a3dS0x581	SUB
0x1a3eS0x581	SLT
0x1a3fS0x581	ISZERO
0x1a40S0x581	CONST
0x1a4aS0x581	CALLDATALOAD
0x1a4bS0x581	CONST
0x1a4fS0x581	CONST
0x1a55S0x581	CONST
0x1a5aS0x581	ADD
0x1a5bS0x581	CALLDATALOAD
0x1a2eS0x1a48S0x581	CONST
0x1a1eS0x1a48S0x581	CONST
0x1a20S0x1a48S0x581	CONST
0x1a22S0x1a48S0x581	CONST
0x1a24S0x1a48S0x581	SHL
0x1a25S0x1a48S0x581	SUB
0x1a27S0x1a48S0x581	AND
0x1a29S0x1a48S0x581	EQ
0x1a2aS0x1a48S0x581	CONST
0x1a88S0x605	CONST
0x1a7bS0x605	CONST
0x1a7dS0x605	CONST
0x1a81S0x605	SUB
0x1a82S0x605	SLT
0x1a83S0x605	ISZERO
0x1a84S0x605	CONST
0x1a8eS0x605	CALLDATALOAD
0x1a8fS0x605	CONST
0x1a93S0x605	CONST
0x1a2eS0x1a8cS0x605	CONST
0x1a1eS0x1a8cS0x605	CONST
0x1a20S0x1a8cS0x605	CONST
0x1a22S0x1a8cS0x605	CONST
0x1a24S0x1a8cS0x605	SHL
0x1a25S0x1a8cS0x605	SUB
0x1a27S0x1a8cS0x605	AND
0x1a29S0x1a8cS0x605	EQ
0x1a2aS0x1a8cS0x605	CONST
0x1911S0x7961	CONST
0x1915S0x7961	CONST
0x1917S0x7961	CONST
0x191aS0x7961	CONST
0x191dS0x7961	ADD
0x191fS0x7961	CONST
0x18fdS0x7961	CONST
0x18ffS0x7961	ADD
0x1900S0x7961	CONST
0x1902S0x7961	NOT
0x1903S0x7961	AND
0x1907S0x7961	ADD
0x1908S0x7961	CONST
0x190aS0x7961	ADD
0x18e5S0x7961	CONST
0x18e8S0x7961	MLOAD
0x18ecS0x7961	CONST
0x18f0S0x7961	CONST
0x18f3S0x7961	ADD
0x18f4S0x7961	CONST
0x18f7S0x7961	ADD
0x18f8S0x7961	CONST
0x18deS0x18e4S0x7961	CONST
0x18e1S0x18e4S0x7961	ADD
0x18c6S0x18e4S0x7961	LT
0x18c7S0x18e4S0x7961	ISZERO
0x18c8S0x18e4S0x7961	CONST
0x18c3_0x0S0x18e4S0x7961	PHI
0x18c1S0x18e4S0x7961	CONST
0x18ceS0x18e4S0x7961	ADD
0x18cfS0x18e4S0x7961	MLOAD
0x18d2S0x18e4S0x7961	ADD
0x18d4S0x18e4S0x7961	CONST
0x18d6S0x18e4S0x7961	ADD
0x18d7S0x18e4S0x7961	CONST
0x18cc_0x0S0x18e4S0x7961	PHI
0x1a88S0x67a	CONST
0x1a7bS0x67a	CONST
0x1a7dS0x67a	CONST
0x1a81S0x67a	SUB
0x1a82S0x67a	SLT
0x1a83S0x67a	ISZERO
0x1a84S0x67a	CONST
0x1a8eS0x67a	CALLDATALOAD
0x1a8fS0x67a	CONST
0x1a93S0x67a	CONST
0x1a2eS0x1a8cS0x67a	CONST
0x1a1eS0x1a8cS0x67a	CONST
0x1a20S0x1a8cS0x67a	CONST
0x1a22S0x1a8cS0x67a	CONST
0x1a24S0x1a8cS0x67a	SHL
0x1a25S0x1a8cS0x67a	SUB
0x1a27S0x1a8cS0x67a	AND
0x1a29S0x1a8cS0x67a	EQ
0x1a2aS0x1a8cS0x67a	CONST
0x1a88S0x77b	CONST
0x1a7bS0x77b	CONST
0x1a7dS0x77b	CONST
0x1a81S0x77b	SUB
0x1a82S0x77b	SLT
0x1a83S0x77b	ISZERO
0x1a84S0x77b	CONST
0x1a8eS0x77b	CALLDATALOAD
0x1a8fS0x77b	CONST
0x1a93S0x77b	CONST
0x1a2eS0x1a8cS0x77b	CONST
0x1a1eS0x1a8cS0x77b	CONST
0x1a20S0x1a8cS0x77b	CONST
0x1a22S0x1a8cS0x77b	CONST
0x1a24S0x1a8cS0x77b	SHL
0x1a25S0x1a8cS0x77b	SUB
0x1a27S0x1a8cS0x77b	AND
0x1a29S0x1a8cS0x77b	EQ
0x1a2aS0x1a8cS0x77b	CONST
0x1911S0x7c17	CONST
0x1915S0x7c17	CONST
0x1917S0x7c17	CONST
0x191aS0x7c17	CONST
0x191dS0x7c17	ADD
0x191fS0x7c17	CONST
0x18fdS0x7c17	CONST
0x18ffS0x7c17	ADD
0x1900S0x7c17	CONST
0x1902S0x7c17	NOT
0x1903S0x7c17	AND
0x1907S0x7c17	ADD
0x1908S0x7c17	CONST
0x190aS0x7c17	ADD
0x18e5S0x7c17	CONST
0x18e8S0x7c17	MLOAD
0x18ecS0x7c17	CONST
0x18f0S0x7c17	CONST
0x18f3S0x7c17	ADD
0x18f4S0x7c17	CONST
0x18f7S0x7c17	ADD
0x18f8S0x7c17	CONST
0x18deS0x18e4S0x7c17	CONST
0x18e1S0x18e4S0x7c17	ADD
0x18c6S0x18e4S0x7c17	LT
0x18c7S0x18e4S0x7c17	ISZERO
0x18c8S0x18e4S0x7c17	CONST
0x18c3_0x0S0x18e4S0x7c17	PHI
0x18c1S0x18e4S0x7c17	CONST
0x18ceS0x18e4S0x7c17	ADD
0x18cfS0x18e4S0x7c17	MLOAD
0x18d2S0x18e4S0x7c17	ADD
0x18d4S0x18e4S0x7c17	CONST
0x18d6S0x18e4S0x7c17	ADD
0x18d7S0x18e4S0x7c17	CONST
0x18cc_0x0S0x18e4S0x7c17	PHI
0x1a88S0x81b	CONST
0x1a7bS0x81b	CONST
0x1a7dS0x81b	CONST
0x1a81S0x81b	SUB
0x1a82S0x81b	SLT
0x1a83S0x81b	ISZERO
0x1a84S0x81b	CONST
0x1a8eS0x81b	CALLDATALOAD
0x1a8fS0x81b	CONST
0x1a93S0x81b	CONST
0x1a2eS0x1a8cS0x81b	CONST
0x1a1eS0x1a8cS0x81b	CONST
0x1a20S0x1a8cS0x81b	CONST
0x1a22S0x1a8cS0x81b	CONST
0x1a24S0x1a8cS0x81b	SHL
0x1a25S0x1a8cS0x81b	SUB
0x1a27S0x1a8cS0x81b	AND
0x1a29S0x1a8cS0x81b	EQ
0x1a2aS0x1a8cS0x81b	CONST
0x1a44S0x870	CONST
0x1a36S0x870	CONST
0x1a39S0x870	CONST
0x1a3dS0x870	SUB
0x1a3eS0x870	SLT
0x1a3fS0x870	ISZERO
0x1a40S0x870	CONST
0x1a4aS0x870	CALLDATALOAD
0x1a4bS0x870	CONST
0x1a4fS0x870	CONST
0x1a55S0x870	CONST
0x1a5aS0x870	ADD
0x1a5bS0x870	CALLDATALOAD
0x1a2eS0x1a48S0x870	CONST
0x1a1eS0x1a48S0x870	CONST
0x1a20S0x1a48S0x870	CONST
0x1a22S0x1a48S0x870	CONST
0x1a24S0x1a48S0x870	SHL
0x1a25S0x1a48S0x870	SUB
0x1a27S0x1a48S0x870	AND
0x1a29S0x1a48S0x870	EQ
0x1a2aS0x1a48S0x870	CONST
0x1aa8S0x8a6	CONST
0x1a98S0x8a6	CONST
0x1a9bS0x8a6	CONST
0x1a9dS0x8a6	CONST
0x1aa1S0x8a6	SUB
0x1aa2S0x8a6	SLT
0x1aa3S0x8a6	ISZERO
0x1aa4S0x8a6	CONST
0x1aaeS0x8a6	CALLDATALOAD
0x1aafS0x8a6	CONST
0x1ab3S0x8a6	CONST
0x1abaS0x8a6	CONST
0x1abdS0x8a6	ADD
0x1abeS0x8a6	CALLDATALOAD
0x1abfS0x8a6	CONST
0x1ac3S0x8a6	CONST
0x1acfS0x8a6	CONST
0x1ad4S0x8a6	ADD
0x1ad5S0x8a6	CALLDATALOAD
0x1a2eS0x1aacS0x8a6	CONST
0x1a1eS0x1aacS0x8a6	CONST
0x1a20S0x1aacS0x8a6	CONST
0x1a22S0x1aacS0x8a6	CONST
0x1a24S0x1aacS0x8a6	SHL
0x1a25S0x1aacS0x8a6	SUB
0x1a27S0x1aacS0x8a6	AND
0x1a29S0x1aacS0x8a6	EQ
0x1a2aS0x1aacS0x8a6	CONST
0x1a2eS0x1ab7S0x8a6	CONST
0x1a1eS0x1ab7S0x8a6	CONST
0x1a20S0x1ab7S0x8a6	CONST
0x1a22S0x1ab7S0x8a6	CONST
0x1a24S0x1ab7S0x8a6	SHL
0x1a25S0x1ab7S0x8a6	SUB
0x1a27S0x1ab7S0x8a6	AND
0x1a29S0x1ab7S0x8a6	EQ
0x1a2aS0x1ab7S0x8a6	CONST
0x1a88S0x8c6	CONST
0x1a7bS0x8c6	CONST
0x1a7dS0x8c6	CONST
0x1a81S0x8c6	SUB
0x1a82S0x8c6	SLT
0x1a83S0x8c6	ISZERO
0x1a84S0x8c6	CONST
0x1a8eS0x8c6	CALLDATALOAD
0x1a8fS0x8c6	CONST
0x1a93S0x8c6	CONST
0x1a2eS0x1a8cS0x8c6	CONST
0x1a1eS0x1a8cS0x8c6	CONST
0x1a20S0x1a8cS0x8c6	CONST
0x1a22S0x1a8cS0x8c6	CONST
0x1a24S0x1a8cS0x8c6	SHL
0x1a25S0x1a8cS0x8c6	SUB
0x1a27S0x1a8cS0x8c6	AND
0x1a29S0x1a8cS0x8c6	EQ
0x1a2aS0x1a8cS0x8c6	CONST
0x1a88S0x8fb	CONST
0x1a7bS0x8fb	CONST
0x1a7dS0x8fb	CONST
0x1a81S0x8fb	SUB
0x1a82S0x8fb	SLT
0x1a83S0x8fb	ISZERO
0x1a84S0x8fb	CONST
0x1a8eS0x8fb	CALLDATALOAD
0x1a8fS0x8fb	CONST
0x1a93S0x8fb	CONST
0x1a2eS0x1a8cS0x8fb	CONST
0x1a1eS0x1a8cS0x8fb	CONST
0x1a20S0x1a8cS0x8fb	CONST
0x1a22S0x1a8cS0x8fb	CONST
0x1a24S0x1a8cS0x8fb	SHL
0x1a25S0x1a8cS0x8fb	SUB
0x1a27S0x1a8cS0x8fb	AND
0x1a29S0x1a8cS0x8fb	EQ
0x1a2aS0x1a8cS0x8fb	CONST
0x1ba6S0x9db	CONST
0x1b98S0x9db	CONST
0x1b9bS0x9db	CONST
0x1b9fS0x9db	SUB
0x1ba0S0x9db	SLT
0x1ba1S0x9db	ISZERO
0x1ba2S0x9db	CONST
0x1bacS0x9db	CALLDATALOAD
0x1badS0x9db	CONST
0x1bb1S0x9db	CONST
0x1bb8S0x9db	CONST
0x1bbbS0x9db	ADD
0x1bbcS0x9db	CALLDATALOAD
0x1bbdS0x9db	CONST
0x1bc1S0x9db	CONST
0x1a2eS0x1baaS0x9db	CONST
0x1a1eS0x1baaS0x9db	CONST
0x1a20S0x1baaS0x9db	CONST
0x1a22S0x1baaS0x9db	CONST
0x1a24S0x1baaS0x9db	SHL
0x1a25S0x1baaS0x9db	SUB
0x1a27S0x1baaS0x9db	AND
0x1a29S0x1baaS0x9db	EQ
0x1a2aS0x1baaS0x9db	CONST
0x1a2eS0x1bb5S0x9db	CONST
0x1a1eS0x1bb5S0x9db	CONST
0x1a20S0x1bb5S0x9db	CONST
0x1a22S0x1bb5S0x9db	CONST
0x1a24S0x1bb5S0x9db	SHL
0x1a25S0x1bb5S0x9db	SUB
0x1a27S0x1bb5S0x9db	AND
0x1a29S0x1bb5S0x9db	EQ
0x1a2aS0x1bb5S0x9db	CONST
0x1a88S0xa10	CONST
0x1a7bS0xa10	CONST
0x1a7dS0xa10	CONST
0x1a81S0xa10	SUB
0x1a82S0xa10	SLT
0x1a83S0xa10	ISZERO
0x1a84S0xa10	CONST
0x1a8eS0xa10	CALLDATALOAD
0x1a8fS0xa10	CONST
0x1a93S0xa10	CONST
0x1a2eS0x1a8cS0xa10	CONST
0x1a1eS0x1a8cS0xa10	CONST
0x1a20S0x1a8cS0xa10	CONST
0x1a22S0x1a8cS0xa10	CONST
0x1a24S0x1a8cS0xa10	SHL
0x1a25S0x1a8cS0xa10	SUB
0x1a27S0x1a8cS0xa10	AND
0x1a29S0x1a8cS0xa10	EQ
0x1a2aS0x1a8cS0xa10	CONST
0x1be1S0xa50	CONST
0x1bd1S0xa50	CONST
0x1bd4S0xa50	CONST
0x1bd6S0xa50	CONST
0x1bdaS0xa50	SUB
0x1bdbS0xa50	SLT
0x1bdcS0xa50	ISZERO
0x1bddS0xa50	CONST
0x1be7S0xa50	CALLDATALOAD
0x1be8S0xa50	CONST
0x1becS0xa50	CONST
0x1bf3S0xa50	CONST
0x1bf6S0xa50	ADD
0x1bf7S0xa50	CALLDATALOAD
0x1bfaS0xa50	CONST
0x1bfdS0xa50	ADD
0x1bfeS0xa50	CALLDATALOAD
0x1bffS0xa50	CONST
0x1c03S0xa50	CONST
0x1a2eS0x1be5S0xa50	CONST
0x1a1eS0x1be5S0xa50	CONST
0x1a20S0x1be5S0xa50	CONST
0x1a22S0x1be5S0xa50	CONST
0x1a24S0x1be5S0xa50	SHL
0x1a25S0x1be5S0xa50	SUB
0x1a27S0x1be5S0xa50	AND
0x1a29S0x1be5S0xa50	EQ
0x1a2aS0x1be5S0xa50	CONST
0x1a2eS0x1bf0S0xa50	CONST
0x1a1eS0x1bf0S0xa50	CONST
0x1a20S0x1bf0S0xa50	CONST
0x1a22S0x1bf0S0xa50	CONST
0x1a24S0x1bf0S0xa50	SHL
0x1a25S0x1bf0S0xa50	SUB
0x1a27S0x1bf0S0xa50	AND
0x1a29S0x1bf0S0xa50	EQ
0x1a2aS0x1bf0S0xa50	CONST
0x1c83S0x1841	CONST
0x1c86S0x1841	MLOAD
0x1c87S0x1841	CONST
0x1c8cS0x1841	CONST
0x1c8fS0x1841	ADD
0x1c90S0x1841	CONST
0x1c98S0x1841	ADD
0x18deS0x1c82S0x1841	CONST
0x18e1S0x1c82S0x1841	ADD
0x18c6S0x1c82S0x1841	LT
0x18c7S0x1c82S0x1841	ISZERO
0x18c8S0x1c82S0x1841	CONST
0x18c3_0x0S0x1c82S0x1841	PHI
0x18c1S0x1c82S0x1841	CONST
0x18ceS0x1c82S0x1841	ADD
0x18cfS0x1c82S0x1841	MLOAD
0x18d2S0x1c82S0x1841	ADD
0x18d4S0x1c82S0x1841	CONST
0x18d6S0x1c82S0x1841	ADD
0x18d7S0x1c82S0x1841	CONST
0x18cc_0x0S0x1c82S0x1841	PHI
0x1911S0x1090	CONST
0x1915S0x1090	CONST
0x1917S0x1090	CONST
0x191aS0x1090	CONST
0x191dS0x1090	ADD
0x191fS0x1090	CONST
0x18fdS0x1090	CONST
0x18ffS0x1090	ADD
0x1900S0x1090	CONST
0x1902S0x1090	NOT
0x1903S0x1090	AND
0x1907S0x1090	ADD
0x1908S0x1090	CONST
0x190aS0x1090	ADD
0x18e5S0x1090	CONST
0x18e8S0x1090	MLOAD
0x18ecS0x1090	CONST
0x18f0S0x1090	CONST
0x18f3S0x1090	ADD
0x18f4S0x1090	CONST
0x18f7S0x1090	ADD
0x18f8S0x1090	CONST
0x18deS0x18e4S0x1090	CONST
0x18e1S0x18e4S0x1090	ADD
0x18c6S0x18e4S0x1090	LT
0x18c7S0x18e4S0x1090	ISZERO
0x18c8S0x18e4S0x1090	CONST
0x18c3_0x0S0x18e4S0x1090	PHI
0x18c1S0x18e4S0x1090	CONST
0x18ceS0x18e4S0x1090	ADD
0x18cfS0x18e4S0x1090	MLOAD
0x18d2S0x18e4S0x1090	ADD
0x18d4S0x18e4S0x1090	CONST
0x18d6S0x18e4S0x1090	ADD
0x18d7S0x18e4S0x1090	CONST
0x18cc_0x0S0x18e4S0x1090	PHI
0x197dS0x1cd8	CONST
0x1980S0x1cd8	CONST
0x1986S0x1cd8	CONST
0x1988S0x1cd8	ADD
0x1989S0x1cd8	CONST
0x198bS0x1cd8	NOT
0x198cS0x1cd8	AND
0x198dS0x1cd8	CONST
0x198fS0x1cd8	ADD
0x3b2cS0x1cd8	CONST
0x3b31S0x1cd8	CONST
0x3b33S0x1cd8	SHL
0x3b34S0x1cd8	CONST
0x3b37S0x1cd8	CONST
0x3b39S0x1cd8	CONST
0x3b3cS0x1cd8	CONST
0x3b3eS0x1cd8	CONST
0x196bS0x1cd8	CONST
0x196dS0x1cd8	CONST
0x1977S0x1cd8	GT
0x1978S0x1cd8	ISZERO
0x1979S0x1cd8	CONST
0xb38S0x105d	CONST
0xb3aS0x105d	SLOAD
0xb3bS0x105d	CONST
0xb3eS0x105d	CONST
0xb42S0x105d	CONST
0xb44S0x105d	CONST
0xb46S0x105d	CONST
0xb48S0x105d	SHL
0xb49S0x105d	SUB
0xb4aS0x105d	AND
0xb4cS0x105d	CONST
0xb4fS0x105d	CALLPRIVATE
0xb000xaa9S0x437	CONST
0xafe0xaa9S0x437	ADD
0xafc0xaa9S0x437	CONST
0xaf80xaa9S0x437	MUL
0xaf70xaa9S0x437	DIV
0xaf60xaa9S0x437	SLOAD
0xaf10xaa9S0x437	CONST
0xaaaS0x437	CONST
0xaadS0x437	SLOAD
0xaaeS0x437	CONST
0xab2S0x437	CONST
0xab5S0x437	CALLPRIVATE
0x800cS0x437	CONST
0x800eS0x437	ADD
0x800fS0x437	CONST
0x8013S0x437	DIV
0x8014S0x437	MUL
0x8015S0x437	CONST
0x8017S0x437	ADD
0x8018S0x437	CONST
0x801aS0x437	MLOAD
0x801dS0x437	ADD
0x801eS0x437	CONST
0x8028S0x437	CONST
0x802aS0x437	ADD
0x802dS0x437	SLOAD
0x802eS0x437	CONST
0x8032S0x437	CONST
0x8035S0x437	CALLPRIVATE
0xb220xaa9S0x437	CONST
0xb120xaa9_0x0S0x437	PHI
0xb120xaa9_0x1S0x437	PHI
0xb210xaa9S0x437	GT
0xb1e0xaa9S0x437	ADD
0xb1c0xaa9S0x437	CONST
0xb1a0xaa9S0x437	ADD
0xb180xaa9S0x437	CONST
0xb140xaa9S0x437	SLOAD
0xaed0xaa9S0x437	CONST
0xaec0xaa9S0x437	LT
0xaea0xaa9S0x437	CONST
0xae50xaa9S0x437	CONST
0xae40xaa9S0x437	ISZERO
0xb2d0xaa9S0x437	ADD
0xb2b0xaa9S0x437	AND
0xb290xaa9S0x437	CONST
0xb280xaa9S0x437	SUB
0xb100xaa9S0x437	SHA3
0xb0e0xaa9S0x437	CONST
0xb0c0xaa9S0x437	CONST
0xb090xaa9S0x437	CONST
0xb060xaa9S0x437	ADD
0xb38S0x471	CONST
0xb3aS0x471	SLOAD
0xb3bS0x471	CONST
0xb3eS0x471	CONST
0xb42S0x471	CONST
0xb44S0x471	CONST
0xb46S0x471	CONST
0xb48S0x471	SHL
0xb49S0x471	SUB
0xb4aS0x471	AND
0xb4cS0x471	CONST
0xb4fS0x471	CALLPRIVATE
0xf6a0xec9_0x0S0x669	PHI
0xf6e0xec9S0x669	ADD
0xf6b0xec9S0x669	CONST
0xf6a0xec9S0x669	RETURNDATASIZE
0xf550xec9S0x669	CONST
0xf530xec9S0x669	ADD
0xf500xec9S0x669	CONST
0xf4e0xec9S0x669	CONST
0xf4d0xec9S0x669	RETURNDATASIZE
0xf4a0xec9S0x669	RETURNDATASIZE
0xf470xec9S0x669	CONST
0xf460xec9S0x669	ADD
0xf440xec9S0x669	AND
0xf430xec9S0x669	ADD
0xf420xec9S0x669	RETURNDATASIZE
0xf400xec9S0x669	CONST
0xf3f0xec9S0x669	NOT
0xf3d0xec9S0x669	CONST
0xf3a0xec9S0x669	MLOAD
0xf380xec9S0x669	CONST
0xecaS0x669	CONST
0xeccS0x669	CONST
0xecfS0x669	ADDRESS
0xed0S0x669	CONST
0xed2S0x669	CONST
0xed4S0x669	CONST
0xed6S0x669	SHL
0xed7S0x669	SUB
0xed8S0x669	AND
0xedaS0x669	CONST
0xedcS0x669	MLOAD
0xeddS0x669	CONST
0xedfS0x669	ADD
0xee0S0x669	CONST
0xee5S0x669	CONST
0xf150xec9S0x669	CONST
0xf1a0xec9S0x669	CONST
0xf140xec9S0x669	MLOAD
0xf110xec9S0x669	OR
0xf100xec9S0x669	SHL
0xf0e0xec9S0x669	CONST
0xf090xec9S0x669	CONST
0xf080xec9S0x669	AND
0xf070xec9S0x669	SUB
0xf060xec9S0x669	SHL
0xf040xec9S0x669	CONST
0xf020xec9S0x669	CONST
0xf000xec9S0x669	CONST
0xeff0xec9S0x669	MLOAD
0xefd0xec9S0x669	ADD
0xefa0xec9S0x669	CONST
0xef40xec9S0x669	ADD
0xef30xec9S0x669	SUB
0xef00xec9S0x669	NOT
0xeee0xec9S0x669	CONST
0xeed0xec9S0x669	MLOAD
0xeea0xec9S0x669	CONST
0xf830xec9S0x669	CALLPRIVATE
0xf7b0xec9S0x669	CONST
0xf700xec9_0x0S0x669	PHI
0xf800xec9S0x669	CONST
0xf790xec9S0x669	ADD
0xf770xec9S0x669	MLOAD
0xf750xec9S0x669	ADD
0xf730xec9S0x669	CONST
0xf660xec9S0x669	CONST
0xf340xec9S0x669	CONST
0xf330xec9S0x669	EQ
0xf300xec9S0x669	CONST
0xf2e0xec9S0x669	RETURNDATASIZE
0xf2a0xec9S0x669	STATICCALL
0xf290xec9S0x669	GAS
0xf260xec9S0x669	SUB
0xf230xec9S0x669	MLOAD
0xf210xec9S0x669	CONST
0xf1f0xec9S0x669	CONST
0xf5a0xec9S0x669	CONST
0x1911S0xec9S0x669	CONST
0x1915S0xec9S0x669	CONST
0x1917S0xec9S0x669	CONST
0x191aS0xec9S0x669	CONST
0x191dS0xec9S0x669	ADD
0x191fS0xec9S0x669	CONST
0x18fdS0xec9S0x669	CONST
0x18ffS0xec9S0x669	ADD
0x1900S0xec9S0x669	CONST
0x1902S0xec9S0x669	NOT
0x1903S0xec9S0x669	AND
0x1907S0xec9S0x669	ADD
0x1908S0xec9S0x669	CONST
0x190aS0xec9S0x669	ADD
0x18e5S0xec9S0x669	CONST
0x18e8S0xec9S0x669	MLOAD
0x18ecS0xec9S0x669	CONST
0x18f0S0xec9S0x669	CONST
0x18f3S0xec9S0x669	ADD
0x18f4S0xec9S0x669	CONST
0x18f7S0xec9S0x669	ADD
0x18f8S0xec9S0x669	CONST
0x18deS0x18e4S0xec9S0x669	CONST
0x18e1S0x18e4S0xec9S0x669	ADD
0x18c6S0x18e4S0xec9S0x669	LT
0x18c7S0x18e4S0xec9S0x669	ISZERO
0x18c8S0x18e4S0xec9S0x669	CONST
0x18c3_0x0S0x18e4S0xec9S0x669	PHI
0x18c1S0x18e4S0xec9S0x669	CONST
0x18ceS0x18e4S0xec9S0x669	ADD
0x18cfS0x18e4S0xec9S0x669	MLOAD
0x18d2S0x18e4S0xec9S0x669	ADD
0x18d4S0x18e4S0xec9S0x669	CONST
0x18d6S0x18e4S0xec9S0x669	ADD
0x18d7S0x18e4S0xec9S0x669	CONST
0x18cc_0x0S0x18e4S0xec9S0x669	PHI
0x1c83S0xee90xec9S0x669	CONST
0x1c86S0xee90xec9S0x669	MLOAD
0x1c87S0xee90xec9S0x669	CONST
0x1c8cS0xee90xec9S0x669	CONST
0x1c8fS0xee90xec9S0x669	ADD
0x1c90S0xee90xec9S0x669	CONST
0x1c98S0xee90xec9S0x669	ADD
0x18deS0x1c82S0xee90xec9S0x669	CONST
0x18e1S0x1c82S0xee90xec9S0x669	ADD
0x18c6S0x1c82S0xee90xec9S0x669	LT
0x18c7S0x1c82S0xee90xec9S0x669	ISZERO
0x18c8S0x1c82S0xee90xec9S0x669	CONST
0x18c3_0x0S0x1c82S0xee90xec9S0x669	PHI
0x18c1S0x1c82S0xee90xec9S0x669	CONST
0x18ceS0x1c82S0xee90xec9S0x669	ADD
0x18cfS0x1c82S0xee90xec9S0x669	MLOAD
0x18d2S0x1c82S0xee90xec9S0x669	ADD
0x18d4S0x1c82S0xee90xec9S0x669	CONST
0x18d6S0x1c82S0xee90xec9S0x669	ADD
0x18d7S0x1c82S0xee90xec9S0x669	CONST
0x18cc_0x0S0x1c82S0xee90xec9S0x669	PHI
0xb000x129fS0x806	CONST
0xafe0x129fS0x806	ADD
0xafc0x129fS0x806	CONST
0xaf80x129fS0x806	MUL
0xaf70x129fS0x806	DIV
0xaf60x129fS0x806	SLOAD
0xaf10x129fS0x806	CONST
0x12a0S0x806	CONST
0x12a3S0x806	SLOAD
0x12a4S0x806	CONST
0x12a8S0x806	CONST
0x12abS0x806	CALLPRIVATE
0x844eS0x806	CONST
0x8450S0x806	ADD
0x8451S0x806	CONST
0x8455S0x806	DIV
0x8456S0x806	MUL
0x8457S0x806	CONST
0x8459S0x806	ADD
0x845aS0x806	CONST
0x845cS0x806	MLOAD
0x845fS0x806	ADD
0x8460S0x806	CONST
0x846aS0x806	CONST
0x846cS0x806	ADD
0x846fS0x806	SLOAD
0x8470S0x806	CONST
0x8474S0x806	CONST
0x8477S0x806	CALLPRIVATE
0xb220x129fS0x806	CONST
0xb120x129f_0x0S0x806	PHI
0xb120x129f_0x1S0x806	PHI
0xb210x129fS0x806	GT
0xb1e0x129fS0x806	ADD
0xb1c0x129fS0x806	CONST
0xb1a0x129fS0x806	ADD
0xb180x129fS0x806	CONST
0xb140x129fS0x806	SLOAD
0xaed0x129fS0x806	CONST
0xaec0x129fS0x806	LT
0xaea0x129fS0x806	CONST
0xae50x129fS0x806	CONST
0xae40x129fS0x806	ISZERO
0xb2d0x129fS0x806	ADD
0xb2b0x129fS0x806	AND
0xb290x129fS0x806	CONST
0xb280x129fS0x806	SUB
0xb100x129fS0x806	SHA3
0xb0e0x129fS0x806	CONST
0xb0c0x129fS0x806	CONST
0xb090x129fS0x806	CONST
0xb060x129fS0x806	ADD
0xb38S0x10c6	CONST
0xb3aS0x10c6	SLOAD
0xb3bS0x10c6	CONST
0xb3eS0x10c6	CONST
0xb42S0x10c6	CONST
0xb44S0x10c6	CONST
0xb46S0x10c6	CONST
0xb48S0x10c6	SHL
0xb49S0x10c6	SUB
0xb4aS0x10c6	AND
0xb4cS0x10c6	CONST
0xb4fS0x10c6	CALLPRIVATE
0x19f6S0x462	CONST
0x1a0dS0x462	CONST
0x19e9S0x462	CONST
0x19ebS0x462	CONST
0x19efS0x462	SUB
0x19f0S0x462	SLT
0x19f1S0x462	ISZERO
0x19f2S0x462	CONST
0x19fcS0x462	CALLDATALOAD
0x19fdS0x462	CONST
0x1a07S0x462	GT
0x1a08S0x462	ISZERO
0x1a09S0x462	CONST
0x1a12S0x462	CONST
0x1a18S0x462	ADD
0x1a19S0x462	CONST
0x199fS0x1a11S0x462	CONST
0x19c7S0x1a11S0x462	CONST
0x19a5S0x1a11S0x462	CALLDATALOAD
0x19a6S0x1a11S0x462	CONST
0x19a9S0x1a11S0x462	CONST
0x19adS0x1a11S0x462	CONST
0x19bbS0x1a11S0x462	CONST
0x19bfS0x1a11S0x462	ADD
0x19c0S0x1a11S0x462	ADD
0x19c1S0x1a11S0x462	GT
0x19c2S0x1a11S0x462	ISZERO
0x19c3S0x1a11S0x462	CONST
0x885dS0x1a11S0x462	CONST
0x19cdS0x1a11S0x462	CONST
0x19d0S0x1a11S0x462	ADD
0x19d1S0x1a11S0x462	CONST
0x19d4S0x1a11S0x462	ADD
0x19d6S0x1a11S0x462	CONST
0x19daS0x1a11S0x462	ADD
0x19dbS0x1a11S0x462	CONST
0x19ddS0x1a11S0x462	ADD
0x1993S0x1a11S0x462	CONST
0x1996S0x1a11S0x462	CONST
0x1999S0x1a11S0x462	ADD
0x199aS0x1a11S0x462	SLT
0x199bS0x1a11S0x462	CONST
0x195bS0x885cS0x1a11S0x462	CONST
0x195eS0x885cS0x1a11S0x462	CONST
0x1963S0x885cS0x1a11S0x462	CONST
0x3af7S0x885cS0x1a11S0x462	CONST
0x3afcS0x885cS0x1a11S0x462	CONST
0x3afeS0x885cS0x1a11S0x462	SHL
0x3affS0x885cS0x1a11S0x462	CONST
0x3b02S0x885cS0x1a11S0x462	CONST
0x3b04S0x885cS0x1a11S0x462	CONST
0x3b07S0x885cS0x1a11S0x462	CONST
0x3b09S0x885cS0x1a11S0x462	CONST
0x193aS0x885cS0x1a11S0x462	CONST
0x193cS0x885cS0x1a11S0x462	MLOAD
0x193dS0x885cS0x1a11S0x462	CONST
0x1940S0x885cS0x1a11S0x462	ADD
0x1941S0x885cS0x1a11S0x462	CONST
0x1943S0x885cS0x1a11S0x462	NOT
0x1944S0x885cS0x1a11S0x462	AND
0x1946S0x885cS0x1a11S0x462	ADD
0x1947S0x885cS0x1a11S0x462	CONST
0x1951S0x885cS0x1a11S0x462	GT
0x1954S0x885cS0x1a11S0x462	LT
0x1955S0x885cS0x1a11S0x462	OR
0x1956S0x885cS0x1a11S0x462	ISZERO
0x1957S0x885cS0x1a11S0x462	CONST
0x197dS0x19a3S0x1a11S0x462	CONST
0x1980S0x19a3S0x1a11S0x462	CONST
0x1986S0x19a3S0x1a11S0x462	CONST
0x1988S0x19a3S0x1a11S0x462	ADD
0x1989S0x19a3S0x1a11S0x462	CONST
0x198bS0x19a3S0x1a11S0x462	NOT
0x198cS0x19a3S0x1a11S0x462	AND
0x198dS0x19a3S0x1a11S0x462	CONST
0x198fS0x19a3S0x1a11S0x462	ADD
0x3b2cS0x19a3S0x1a11S0x462	CONST
0x3b31S0x19a3S0x1a11S0x462	CONST
0x3b33S0x19a3S0x1a11S0x462	SHL
0x3b34S0x19a3S0x1a11S0x462	CONST
0x3b37S0x19a3S0x1a11S0x462	CONST
0x3b39S0x19a3S0x1a11S0x462	CONST
0x3b3cS0x19a3S0x1a11S0x462	CONST
0x3b3eS0x19a3S0x1a11S0x462	CONST
0x196bS0x19a3S0x1a11S0x462	CONST
0x196dS0x19a3S0x1a11S0x462	CONST
0x1977S0x19a3S0x1a11S0x462	GT
0x1978S0x19a3S0x1a11S0x462	ISZERO
0x1979S0x19a3S0x1a11S0x462	CONST
0xb57S0x491	CONST
0xb59S0x491	MLOAD
0xb5aS0x491	CONST
0xb5cS0x491	CONST
0xb5eS0x491	CONST
0xb60S0x491	SHL
0xb61S0x491	SUB
0xb63S0x491	AND
0xb64S0x491	CONST
0xb67S0x491	ADD
0xb69S0x491	CONST
0xb6cS0x491	ADD
0xb70S0x491	CONST
0xb75S0x491	CONST
0xb79S0x491	CONST
0xb7bS0x491	ADD
0xb7cS0x491	CONST
0xb7fS0x491	MLOAD
0xb80S0x491	CONST
0xb82S0x491	NOT
0xb85S0x491	SUB
0xb86S0x491	ADD
0xb8cS0x491	CONST
0xb8fS0x491	ADD
0xb91S0x491	MLOAD
0xb92S0x491	CONST
0xb94S0x491	CONST
0xb96S0x491	CONST
0xb98S0x491	SHL
0xb99S0x491	SUB
0xb9aS0x491	AND
0xb9bS0x491	CONST
0xba0S0x491	CONST
0xba2S0x491	SHL
0xba3S0x491	OR
0xba6S0x491	CONST
0x80a8S0x491	CONST
0x80aaS0x491	ADD
0x80acS0x491	MLOAD
0x80aeS0x491	ADD
0x80b0S0x491	CONST
0x80b5S0x491	CONST
0x1c5aS0x80a3S0x491	CONST
0x1c4dS0x80a3S0x491	CONST
0x1c4fS0x80a3S0x491	CONST
0x1c53S0x80a3S0x491	SUB
0x1c54S0x80a3S0x491	SLT
0x1c55S0x80a3S0x491	ISZERO
0x1c56S0x80a3S0x491	CONST
0x1c60S0x80a3S0x491	MLOAD
0x1c61S0x80a3S0x491	CONST
0x1c65S0x80a3S0x491	CONST
0x1ae2S0x1c5eS0x80a3S0x491	CONST
0x1adaS0x1c5eS0x80a3S0x491	ISZERO
0x1adbS0x1c5eS0x80a3S0x491	ISZERO
0x1addS0x1c5eS0x80a3S0x491	EQ
0x1adeS0x1c5eS0x80a3S0x491	CONST
0xb38S0xb56S0x491	CONST
0xb3aS0xb56S0x491	SLOAD
0xb3bS0xb56S0x491	CONST
0xb3eS0xb56S0x491	CONST
0xb42S0xb56S0x491	CONST
0xb44S0xb56S0x491	CONST
0xb46S0xb56S0x491	CONST
0xb48S0xb56S0x491	SHL
0xb49S0xb56S0x491	SUB
0xb4aS0xb56S0x491	AND
0xb4cS0xb56S0x491	CONST
0xb4fS0xb56S0x491	CALLPRIVATE
0xbc9S0x4c1	CONST
0xbccS0x4c1	CONST
0xbd0S0x4c1	CONST
0xbd2S0x4c1	MLOAD
0xbd3S0x4c1	CONST
0xbd5S0x4c1	ADD
0xbd6S0x4c1	CONST
0xbdcS0x4c1	CONST
0xbdeS0x4c1	ADD
0x8104S0x4c1	CONST
0x8106S0x4c1	ADD
0x8108S0x4c1	MLOAD
0x810aS0x4c1	ADD
0x810cS0x4c1	CONST
0x8111S0x4c1	CONST
0x1c77S0x80ffS0x4c1	CONST
0x1c6aS0x80ffS0x4c1	CONST
0x1c6cS0x80ffS0x4c1	CONST
0x1c70S0x80ffS0x4c1	SUB
0x1c71S0x80ffS0x4c1	SLT
0x1c72S0x80ffS0x4c1	ISZERO
0x1c73S0x80ffS0x4c1	CONST
0x1c7dS0x80ffS0x4c1	MLOAD
0xbe2S0xbc8S0x4c1	CONST
0xbe5S0xbc8S0x4c1	MLOAD
0xbe6S0xbc8S0x4c1	CONST
0xbe8S0xbc8S0x4c1	NOT
0xbebS0xbc8S0x4c1	SUB
0xbecS0xbc8S0x4c1	ADD
0xbf2S0xbc8S0x4c1	CONST
0xbf5S0xbc8S0x4c1	ADD
0xbf7S0xbc8S0x4c1	MLOAD
0xbf8S0xbc8S0x4c1	CONST
0xbfaS0xbc8S0x4c1	CONST
0xbfcS0xbc8S0x4c1	CONST
0xbfeS0xbc8S0x4c1	SHL
0xbffS0xbc8S0x4c1	SUB
0xc00S0xbc8S0x4c1	AND
0xc01S0xbc8S0x4c1	CONST
0xc06S0xbc8S0x4c1	CONST
0xc08S0xbc8S0x4c1	SHL
0xc09S0xbc8S0x4c1	OR
0xc0cS0xbc8S0x4c1	CONST
0xb4f0xbe1S0xbc8S0x4c1	CALLPRIVATE
0xb3e0xbe1S0xbc8S0x4c1	CONST
0xb4c0xbe1S0xbc8S0x4c1	CONST
0xb4a0xbe1S0xbc8S0x4c1	AND
0xb490xbe1S0xbc8S0x4c1	SUB
0xb480xbe1S0xbc8S0x4c1	SHL
0xb460xbe1S0xbc8S0x4c1	CONST
0xb440xbe1S0xbc8S0x4c1	CONST
0xb420xbe1S0xbc8S0x4c1	CONST
0xb3b0xbe1S0xbc8S0x4c1	CONST
0xb3a0xbe1S0xbc8S0x4c1	SLOAD
0xb380xbe1S0xbc8S0x4c1	CONST
0xc2eS0x505	CONST
0xc30S0x505	MLOAD
0xc31S0x505	CONST
0xc33S0x505	CONST
0xc35S0x505	CONST
0xc37S0x505	SHL
0xc38S0x505	SUB
0xc3aS0x505	AND
0xc3bS0x505	CONST
0xc3eS0x505	ADD
0xc40S0x505	CONST
0xc45S0x505	CONST
0xc49S0x505	CONST
0xc4bS0x505	ADD
0xc4cS0x505	CONST
0xc4fS0x505	MLOAD
0xc50S0x505	CONST
0xc52S0x505	NOT
0xc55S0x505	SUB
0xc56S0x505	ADD
0xc5cS0x505	CONST
0xc5fS0x505	ADD
0xc61S0x505	MLOAD
0xc62S0x505	CONST
0xc64S0x505	CONST
0xc66S0x505	CONST
0xc68S0x505	SHL
0xc69S0x505	SUB
0xc6aS0x505	AND
0xc6bS0x505	CONST
0xc70S0x505	CONST
0xc72S0x505	SHL
0xc73S0x505	OR
0xc76S0x505	CONST
0x815fS0x505	CONST
0x8161S0x505	ADD
0x8163S0x505	MLOAD
0x8165S0x505	ADD
0x8167S0x505	CONST
0x816cS0x505	CONST
0x1c77S0x815aS0x505	CONST
0x1c6aS0x815aS0x505	CONST
0x1c6cS0x815aS0x505	CONST
0x1c70S0x815aS0x505	SUB
0x1c71S0x815aS0x505	SLT
0x1c72S0x815aS0x505	ISZERO
0x1c73S0x815aS0x505	CONST
0x1c7dS0x815aS0x505	MLOAD
0xb38S0xc2dS0x505	CONST
0xb3aS0xc2dS0x505	SLOAD
0xb3bS0xc2dS0x505	CONST
0xb3eS0xc2dS0x505	CONST
0xb42S0xc2dS0x505	CONST
0xb44S0xc2dS0x505	CONST
0xb46S0xc2dS0x505	CONST
0xb48S0xc2dS0x505	SHL
0xb49S0xc2dS0x505	SUB
0xb4aS0xc2dS0x505	AND
0xb4cS0xc2dS0x505	CONST
0xb4fS0xc2dS0x505	CALLPRIVATE
0xc7bS0x52c	CONST
0xc7eS0x52c	MLOAD
0xc7fS0x52c	CONST
0xc83S0x52c	CONST
0xc86S0x52c	ADD
0xc8aS0x52c	CONST
0xc8dS0x52c	ADD
0xc8fS0x52c	MLOAD
0xc90S0x52c	CONST
0xc92S0x52c	CONST
0xc94S0x52c	CONST
0xc96S0x52c	SHL
0xc97S0x52c	SUB
0xc98S0x52c	AND
0xc99S0x52c	CONST
0xc9eS0x52c	CONST
0xca0S0x52c	SHL
0xca1S0x52c	OR
0xca4S0x52c	CONST
0xca9S0x52c	CONST
0xcadS0x52c	CONST
0x8194S0x52c	CONST
0x8196S0x52c	ADD
0x8198S0x52c	MLOAD
0x819aS0x52c	ADD
0x819cS0x52c	CONST
0x81a1S0x52c	CONST
0x1c77S0x818fS0x52c	CONST
0x1c6aS0x818fS0x52c	CONST
0x1c6cS0x818fS0x52c	CONST
0x1c70S0x818fS0x52c	SUB
0x1c71S0x818fS0x52c	SLT
0x1c72S0x818fS0x52c	ISZERO
0x1c73S0x818fS0x52c	CONST
0x1c7dS0x818fS0x52c	MLOAD
0xf6a0xec9_0x0S0xc7aS0x52c	PHI
0xf6e0xec9S0xc7aS0x52c	ADD
0xf6b0xec9S0xc7aS0x52c	CONST
0xf6a0xec9S0xc7aS0x52c	RETURNDATASIZE
0xf550xec9S0xc7aS0x52c	CONST
0xf530xec9S0xc7aS0x52c	ADD
0xf500xec9S0xc7aS0x52c	CONST
0xf4e0xec9S0xc7aS0x52c	CONST
0xf4d0xec9S0xc7aS0x52c	RETURNDATASIZE
0xf4a0xec9S0xc7aS0x52c	RETURNDATASIZE
0xf470xec9S0xc7aS0x52c	CONST
0xf460xec9S0xc7aS0x52c	ADD
0xf440xec9S0xc7aS0x52c	AND
0xf430xec9S0xc7aS0x52c	ADD
0xf420xec9S0xc7aS0x52c	RETURNDATASIZE
0xf400xec9S0xc7aS0x52c	CONST
0xf3f0xec9S0xc7aS0x52c	NOT
0xf3d0xec9S0xc7aS0x52c	CONST
0xf3a0xec9S0xc7aS0x52c	MLOAD
0xf380xec9S0xc7aS0x52c	CONST
0xecaS0xc7aS0x52c	CONST
0xeccS0xc7aS0x52c	CONST
0xecfS0xc7aS0x52c	ADDRESS
0xed0S0xc7aS0x52c	CONST
0xed2S0xc7aS0x52c	CONST
0xed4S0xc7aS0x52c	CONST
0xed6S0xc7aS0x52c	SHL
0xed7S0xc7aS0x52c	SUB
0xed8S0xc7aS0x52c	AND
0xedaS0xc7aS0x52c	CONST
0xedcS0xc7aS0x52c	MLOAD
0xeddS0xc7aS0x52c	CONST
0xedfS0xc7aS0x52c	ADD
0xee0S0xc7aS0x52c	CONST
0xee5S0xc7aS0x52c	CONST
0xf150xec9S0xc7aS0x52c	CONST
0xf1a0xec9S0xc7aS0x52c	CONST
0xf140xec9S0xc7aS0x52c	MLOAD
0xf110xec9S0xc7aS0x52c	OR
0xf100xec9S0xc7aS0x52c	SHL
0xf0e0xec9S0xc7aS0x52c	CONST
0xf090xec9S0xc7aS0x52c	CONST
0xf080xec9S0xc7aS0x52c	AND
0xf070xec9S0xc7aS0x52c	SUB
0xf060xec9S0xc7aS0x52c	SHL
0xf040xec9S0xc7aS0x52c	CONST
0xf020xec9S0xc7aS0x52c	CONST
0xf000xec9S0xc7aS0x52c	CONST
0xeff0xec9S0xc7aS0x52c	MLOAD
0xefd0xec9S0xc7aS0x52c	ADD
0xefa0xec9S0xc7aS0x52c	CONST
0xef40xec9S0xc7aS0x52c	ADD
0xef30xec9S0xc7aS0x52c	SUB
0xef00xec9S0xc7aS0x52c	NOT
0xeee0xec9S0xc7aS0x52c	CONST
0xeed0xec9S0xc7aS0x52c	MLOAD
0xeea0xec9S0xc7aS0x52c	CONST
0xf830xec9S0xc7aS0x52c	CALLPRIVATE
0xf7b0xec9S0xc7aS0x52c	CONST
0xf700xec9_0x0S0xc7aS0x52c	PHI
0xf800xec9S0xc7aS0x52c	CONST
0xf790xec9S0xc7aS0x52c	ADD
0xf770xec9S0xc7aS0x52c	MLOAD
0xf750xec9S0xc7aS0x52c	ADD
0xf730xec9S0xc7aS0x52c	CONST
0xf660xec9S0xc7aS0x52c	CONST
0xf340xec9S0xc7aS0x52c	CONST
0xf330xec9S0xc7aS0x52c	EQ
0xf300xec9S0xc7aS0x52c	CONST
0xf2e0xec9S0xc7aS0x52c	RETURNDATASIZE
0xf2a0xec9S0xc7aS0x52c	STATICCALL
0xf290xec9S0xc7aS0x52c	GAS
0xf260xec9S0xc7aS0x52c	SUB
0xf230xec9S0xc7aS0x52c	MLOAD
0xf210xec9S0xc7aS0x52c	CONST
0xf1f0xec9S0xc7aS0x52c	CONST
0xf5a0xec9S0xc7aS0x52c	CONST
0x1911S0xec9S0xc7aS0x52c	CONST
0x1915S0xec9S0xc7aS0x52c	CONST
0x1917S0xec9S0xc7aS0x52c	CONST
0x191aS0xec9S0xc7aS0x52c	CONST
0x191dS0xec9S0xc7aS0x52c	ADD
0x191fS0xec9S0xc7aS0x52c	CONST
0x18fdS0xec9S0xc7aS0x52c	CONST
0x18ffS0xec9S0xc7aS0x52c	ADD
0x1900S0xec9S0xc7aS0x52c	CONST
0x1902S0xec9S0xc7aS0x52c	NOT
0x1903S0xec9S0xc7aS0x52c	AND
0x1907S0xec9S0xc7aS0x52c	ADD
0x1908S0xec9S0xc7aS0x52c	CONST
0x190aS0xec9S0xc7aS0x52c	ADD
0x18e5S0xec9S0xc7aS0x52c	CONST
0x18e8S0xec9S0xc7aS0x52c	MLOAD
0x18ecS0xec9S0xc7aS0x52c	CONST
0x18f0S0xec9S0xc7aS0x52c	CONST
0x18f3S0xec9S0xc7aS0x52c	ADD
0x18f4S0xec9S0xc7aS0x52c	CONST
0x18f7S0xec9S0xc7aS0x52c	ADD
0x18f8S0xec9S0xc7aS0x52c	CONST
0x18deS0x18e4S0xec9S0xc7aS0x52c	CONST
0x18e1S0x18e4S0xec9S0xc7aS0x52c	ADD
0x18c6S0x18e4S0xec9S0xc7aS0x52c	LT
0x18c7S0x18e4S0xec9S0xc7aS0x52c	ISZERO
0x18c8S0x18e4S0xec9S0xc7aS0x52c	CONST
0x18c3_0x0S0x18e4S0xec9S0xc7aS0x52c	PHI
0x18c1S0x18e4S0xec9S0xc7aS0x52c	CONST
0x18ceS0x18e4S0xec9S0xc7aS0x52c	ADD
0x18cfS0x18e4S0xec9S0xc7aS0x52c	MLOAD
0x18d2S0x18e4S0xec9S0xc7aS0x52c	ADD
0x18d4S0x18e4S0xec9S0xc7aS0x52c	CONST
0x18d6S0x18e4S0xec9S0xc7aS0x52c	ADD
0x18d7S0x18e4S0xec9S0xc7aS0x52c	CONST
0x18cc_0x0S0x18e4S0xec9S0xc7aS0x52c	PHI
0x1c83S0xee90xec9S0xc7aS0x52c	CONST
0x1c86S0xee90xec9S0xc7aS0x52c	MLOAD
0x1c87S0xee90xec9S0xc7aS0x52c	CONST
0x1c8cS0xee90xec9S0xc7aS0x52c	CONST
0x1c8fS0xee90xec9S0xc7aS0x52c	ADD
0x1c90S0xee90xec9S0xc7aS0x52c	CONST
0x1c98S0xee90xec9S0xc7aS0x52c	ADD
0x18deS0x1c82S0xee90xec9S0xc7aS0x52c	CONST
0x18e1S0x1c82S0xee90xec9S0xc7aS0x52c	ADD
0x18c6S0x1c82S0xee90xec9S0xc7aS0x52c	LT
0x18c7S0x1c82S0xee90xec9S0xc7aS0x52c	ISZERO
0x18c8S0x1c82S0xee90xec9S0xc7aS0x52c	CONST
0x18c3_0x0S0x1c82S0xee90xec9S0xc7aS0x52c	PHI
0x18c1S0x1c82S0xee90xec9S0xc7aS0x52c	CONST
0x18ceS0x1c82S0xee90xec9S0xc7aS0x52c	ADD
0x18cfS0x1c82S0xee90xec9S0xc7aS0x52c	MLOAD
0x18d2S0x1c82S0xee90xec9S0xc7aS0x52c	ADD
0x18d4S0x1c82S0xee90xec9S0xc7aS0x52c	CONST
0x18d6S0x1c82S0xee90xec9S0xc7aS0x52c	ADD
0x18d7S0x1c82S0xee90xec9S0xc7aS0x52c	CONST
0x18cc_0x0S0x1c82S0xee90xec9S0xc7aS0x52c	PHI
0xcceS0x550	CONST
0xcd0S0x550	MLOAD
0xcd1S0x550	CONST
0xcd3S0x550	CONST
0xcd5S0x550	CONST
0xcd7S0x550	SHL
0xcd8S0x550	SUB
0xcdaS0x550	AND
0xcdbS0x550	CONST
0xcdeS0x550	ADD
0xce0S0x550	CONST
0xce4S0x550	CONST
0xce6S0x550	ADD
0xce7S0x550	CONST
0xceaS0x550	MLOAD
0xcebS0x550	CONST
0xcedS0x550	NOT
0xcf0S0x550	SUB
0xcf1S0x550	ADD
0xcf7S0x550	CONST
0xcfaS0x550	ADD
0xcfcS0x550	MLOAD
0xcfdS0x550	CONST
0xcffS0x550	CONST
0xd01S0x550	CONST
0xd03S0x550	SHL
0xd04S0x550	SUB
0xd05S0x550	AND
0xd06S0x550	CONST
0xd0aS0x550	CONST
0xd0cS0x550	SHL
0xd0dS0x550	OR
0xd10S0x550	CONST
0xb38S0xccdS0x550	CONST
0xb3aS0xccdS0x550	SLOAD
0xb3bS0xccdS0x550	CONST
0xb3eS0xccdS0x550	CONST
0xb42S0xccdS0x550	CONST
0xb44S0xccdS0x550	CONST
0xb46S0xccdS0x550	CONST
0xb48S0xccdS0x550	SHL
0xb49S0xccdS0x550	SUB
0xb4aS0xccdS0x550	AND
0xb4cS0xccdS0x550	CONST
0xb4fS0xccdS0x550	CALLPRIVATE
0xd19S0x570	CONST
0xd1bS0x570	MLOAD
0xd1cS0x570	CONST
0xd1eS0x570	CONST
0xd20S0x570	CONST
0xd22S0x570	SHL
0xd23S0x570	SUB
0xd26S0x570	AND
0xd27S0x570	CONST
0xd2aS0x570	ADD
0xd2dS0x570	AND
0xd2eS0x570	CONST
0xd31S0x570	ADD
0xd33S0x570	CONST
0xd36S0x570	ADD
0xd3aS0x570	CONST
0xd3fS0x570	CONST
0xd43S0x570	CONST
0xd45S0x570	ADD
0xd46S0x570	CONST
0xd49S0x570	MLOAD
0xd4aS0x570	CONST
0xd4cS0x570	NOT
0xd4fS0x570	SUB
0xd50S0x570	ADD
0xd56S0x570	CONST
0xd59S0x570	ADD
0xd5bS0x570	MLOAD
0xd5cS0x570	CONST
0xd5eS0x570	CONST
0xd60S0x570	CONST
0xd62S0x570	SHL
0xd63S0x570	SUB
0xd64S0x570	AND
0xd65S0x570	CONST
0xd6aS0x570	CONST
0xd6cS0x570	SHL
0xd6dS0x570	OR
0xd70S0x570	CONST
0xd79S0x570	CONST
0xd7bS0x570	ADD
0xd7dS0x570	MLOAD
0xd7fS0x570	ADD
0xd81S0x570	CONST
0xd86S0x570	CONST
0x1c5aS0xd74S0x570	CONST
0x1c4dS0xd74S0x570	CONST
0x1c4fS0xd74S0x570	CONST
0x1c53S0xd74S0x570	SUB
0x1c54S0xd74S0x570	SLT
0x1c55S0xd74S0x570	ISZERO
0x1c56S0xd74S0x570	CONST
0x1c60S0xd74S0x570	MLOAD
0x1c61S0xd74S0x570	CONST
0x1c65S0xd74S0x570	CONST
0x1ae2S0x1c5eS0xd74S0x570	CONST
0x1adaS0x1c5eS0xd74S0x570	ISZERO
0x1adbS0x1c5eS0xd74S0x570	ISZERO
0x1addS0x1c5eS0xd74S0x570	EQ
0x1adeS0x1c5eS0xd74S0x570	CONST
0xb38S0xd18S0x570	CONST
0xb3aS0xd18S0x570	SLOAD
0xb3bS0xd18S0x570	CONST
0xb3eS0xd18S0x570	CONST
0xb42S0xd18S0x570	CONST
0xb44S0xd18S0x570	CONST
0xb46S0xd18S0x570	CONST
0xb48S0xd18S0x570	SHL
0xb49S0xd18S0x570	SUB
0xb4aS0xd18S0x570	AND
0xb4cS0xd18S0x570	CONST
0xb4fS0xd18S0x570	CALLPRIVATE
0xd94S0x590	CONST
0xd96S0x590	MLOAD
0xd97S0x590	CONST
0xd99S0x590	CONST
0xd9bS0x590	CONST
0xd9dS0x590	SHL
0xd9eS0x590	SUB
0xda0S0x590	AND
0xda1S0x590	CONST
0xda4S0x590	ADD
0xda6S0x590	CONST
0xda9S0x590	ADD
0xdadS0x590	CONST
0xdb2S0x590	CONST
0xdb6S0x590	CONST
0xdb8S0x590	ADD
0xdb9S0x590	CONST
0xdbcS0x590	MLOAD
0xdbdS0x590	CONST
0xdbfS0x590	NOT
0xdc2S0x590	SUB
0xdc3S0x590	ADD
0xdc9S0x590	CONST
0xdccS0x590	ADD
0xdceS0x590	MLOAD
0xdcfS0x590	CONST
0xdd1S0x590	CONST
0xdd3S0x590	CONST
0xdd5S0x590	SHL
0xdd6S0x590	SUB
0xdd7S0x590	AND
0xdd8S0x590	CONST
0xdddS0x590	CONST
0xddfS0x590	SHL
0xde0S0x590	OR
0xde3S0x590	CONST
0x81f1S0x590	CONST
0x81f3S0x590	ADD
0x81f5S0x590	MLOAD
0x81f7S0x590	ADD
0x81f9S0x590	CONST
0x81feS0x590	CONST
0x1c77S0x81ecS0x590	CONST
0x1c6aS0x81ecS0x590	CONST
0x1c6cS0x81ecS0x590	CONST
0x1c70S0x81ecS0x590	SUB
0x1c71S0x81ecS0x590	SLT
0x1c72S0x81ecS0x590	ISZERO
0x1c73S0x81ecS0x590	CONST
0x1c7dS0x81ecS0x590	MLOAD
0xb38S0xd93S0x590	CONST
0xb3aS0xd93S0x590	SLOAD
0xb3bS0xd93S0x590	CONST
0xb3eS0xd93S0x590	CONST
0xb42S0xd93S0x590	CONST
0xb44S0xd93S0x590	CONST
0xb46S0xd93S0x590	CONST
0xb48S0xd93S0x590	SHL
0xb49S0xd93S0x590	SUB
0xb4aS0xd93S0x590	AND
0xb4cS0xd93S0x590	CONST
0xb4fS0xd93S0x590	CALLPRIVATE
0xdfeS0x614	CONST
0xe00S0x614	MLOAD
0xe01S0x614	CONST
0xe03S0x614	CONST
0xe05S0x614	CONST
0xe07S0x614	SHL
0xe08S0x614	SUB
0xe0aS0x614	AND
0xe0bS0x614	CONST
0xe0eS0x614	ADD
0xe10S0x614	CONST
0xe15S0x614	CONST
0xe19S0x614	CONST
0xe1bS0x614	ADD
0xe1cS0x614	CONST
0xe1fS0x614	MLOAD
0xe20S0x614	CONST
0xe22S0x614	NOT
0xe25S0x614	SUB
0xe26S0x614	ADD
0xe2cS0x614	CONST
0xe2fS0x614	ADD
0xe31S0x614	MLOAD
0xe32S0x614	CONST
0xe34S0x614	CONST
0xe36S0x614	CONST
0xe38S0x614	SHL
0xe39S0x614	SUB
0xe3aS0x614	AND
0xe3bS0x614	CONST
0xe40S0x614	CONST
0xe42S0x614	SHL
0xe43S0x614	OR
0xe46S0x614	CONST
0x824dS0x614	CONST
0x824fS0x614	ADD
0x8251S0x614	MLOAD
0x8253S0x614	ADD
0x8255S0x614	CONST
0x825aS0x614	CONST
0x1c77S0x8248S0x614	CONST
0x1c6aS0x8248S0x614	CONST
0x1c6cS0x8248S0x614	CONST
0x1c70S0x8248S0x614	SUB
0x1c71S0x8248S0x614	SLT
0x1c72S0x8248S0x614	ISZERO
0x1c73S0x8248S0x614	CONST
0x1c7dS0x8248S0x614	MLOAD
0xb38S0xdfdS0x614	CONST
0xb3aS0xdfdS0x614	SLOAD
0xb3bS0xdfdS0x614	CONST
0xb3eS0xdfdS0x614	CONST
0xb42S0xdfdS0x614	CONST
0xb44S0xdfdS0x614	CONST
0xb46S0xdfdS0x614	CONST
0xb48S0xdfdS0x614	SHL
0xb49S0xdfdS0x614	SUB
0xb4aS0xdfdS0x614	AND
0xb4cS0xdfdS0x614	CONST
0xb4fS0xdfdS0x614	CALLPRIVATE
0xe4bS0x625	CONST
0xe4eS0x625	MLOAD
0xe4fS0x625	CONST
0xe53S0x625	CONST
0xe56S0x625	ADD
0xe5aS0x625	CONST
0xe5dS0x625	ADD
0xe5fS0x625	MLOAD
0xe60S0x625	CONST
0xe62S0x625	CONST
0xe64S0x625	CONST
0xe66S0x625	SHL
0xe67S0x625	SUB
0xe68S0x625	AND
0xe69S0x625	CONST
0xe6eS0x625	CONST
0xe70S0x625	SHL
0xe71S0x625	OR
0xe74S0x625	CONST
0xe79S0x625	CONST
0xe7dS0x625	CONST
0x8282S0x625	CONST
0x8284S0x625	ADD
0x8286S0x625	MLOAD
0x8288S0x625	ADD
0x828aS0x625	CONST
0x828fS0x625	CONST
0x1c77S0x827dS0x625	CONST
0x1c6aS0x827dS0x625	CONST
0x1c6cS0x827dS0x625	CONST
0x1c70S0x827dS0x625	SUB
0x1c71S0x827dS0x625	SLT
0x1c72S0x827dS0x625	ISZERO
0x1c73S0x827dS0x625	CONST
0x1c7dS0x827dS0x625	MLOAD
0xf6a0xec9_0x0S0xe4aS0x625	PHI
0xf6e0xec9S0xe4aS0x625	ADD
0xf6b0xec9S0xe4aS0x625	CONST
0xf6a0xec9S0xe4aS0x625	RETURNDATASIZE
0xf550xec9S0xe4aS0x625	CONST
0xf530xec9S0xe4aS0x625	ADD
0xf500xec9S0xe4aS0x625	CONST
0xf4e0xec9S0xe4aS0x625	CONST
0xf4d0xec9S0xe4aS0x625	RETURNDATASIZE
0xf4a0xec9S0xe4aS0x625	RETURNDATASIZE
0xf470xec9S0xe4aS0x625	CONST
0xf460xec9S0xe4aS0x625	ADD
0xf440xec9S0xe4aS0x625	AND
0xf430xec9S0xe4aS0x625	ADD
0xf420xec9S0xe4aS0x625	RETURNDATASIZE
0xf400xec9S0xe4aS0x625	CONST
0xf3f0xec9S0xe4aS0x625	NOT
0xf3d0xec9S0xe4aS0x625	CONST
0xf3a0xec9S0xe4aS0x625	MLOAD
0xf380xec9S0xe4aS0x625	CONST
0xecaS0xe4aS0x625	CONST
0xeccS0xe4aS0x625	CONST
0xecfS0xe4aS0x625	ADDRESS
0xed0S0xe4aS0x625	CONST
0xed2S0xe4aS0x625	CONST
0xed4S0xe4aS0x625	CONST
0xed6S0xe4aS0x625	SHL
0xed7S0xe4aS0x625	SUB
0xed8S0xe4aS0x625	AND
0xedaS0xe4aS0x625	CONST
0xedcS0xe4aS0x625	MLOAD
0xeddS0xe4aS0x625	CONST
0xedfS0xe4aS0x625	ADD
0xee0S0xe4aS0x625	CONST
0xee5S0xe4aS0x625	CONST
0xf150xec9S0xe4aS0x625	CONST
0xf1a0xec9S0xe4aS0x625	CONST
0xf140xec9S0xe4aS0x625	MLOAD
0xf110xec9S0xe4aS0x625	OR
0xf100xec9S0xe4aS0x625	SHL
0xf0e0xec9S0xe4aS0x625	CONST
0xf090xec9S0xe4aS0x625	CONST
0xf080xec9S0xe4aS0x625	AND
0xf070xec9S0xe4aS0x625	SUB
0xf060xec9S0xe4aS0x625	SHL
0xf040xec9S0xe4aS0x625	CONST
0xf020xec9S0xe4aS0x625	CONST
0xf000xec9S0xe4aS0x625	CONST
0xeff0xec9S0xe4aS0x625	MLOAD
0xefd0xec9S0xe4aS0x625	ADD
0xefa0xec9S0xe4aS0x625	CONST
0xef40xec9S0xe4aS0x625	ADD
0xef30xec9S0xe4aS0x625	SUB
0xef00xec9S0xe4aS0x625	NOT
0xeee0xec9S0xe4aS0x625	CONST
0xeed0xec9S0xe4aS0x625	MLOAD
0xeea0xec9S0xe4aS0x625	CONST
0xf830xec9S0xe4aS0x625	CALLPRIVATE
0xf7b0xec9S0xe4aS0x625	CONST
0xf700xec9_0x0S0xe4aS0x625	PHI
0xf800xec9S0xe4aS0x625	CONST
0xf790xec9S0xe4aS0x625	ADD
0xf770xec9S0xe4aS0x625	MLOAD
0xf750xec9S0xe4aS0x625	ADD
0xf730xec9S0xe4aS0x625	CONST
0xf660xec9S0xe4aS0x625	CONST
0xf340xec9S0xe4aS0x625	CONST
0xf330xec9S0xe4aS0x625	EQ
0xf300xec9S0xe4aS0x625	CONST
0xf2e0xec9S0xe4aS0x625	RETURNDATASIZE
0xf2a0xec9S0xe4aS0x625	STATICCALL
0xf290xec9S0xe4aS0x625	GAS
0xf260xec9S0xe4aS0x625	SUB
0xf230xec9S0xe4aS0x625	MLOAD
0xf210xec9S0xe4aS0x625	CONST
0xf1f0xec9S0xe4aS0x625	CONST
0xf5a0xec9S0xe4aS0x625	CONST
0x1911S0xec9S0xe4aS0x625	CONST
0x1915S0xec9S0xe4aS0x625	CONST
0x1917S0xec9S0xe4aS0x625	CONST
0x191aS0xec9S0xe4aS0x625	CONST
0x191dS0xec9S0xe4aS0x625	ADD
0x191fS0xec9S0xe4aS0x625	CONST
0x18fdS0xec9S0xe4aS0x625	CONST
0x18ffS0xec9S0xe4aS0x625	ADD
0x1900S0xec9S0xe4aS0x625	CONST
0x1902S0xec9S0xe4aS0x625	NOT
0x1903S0xec9S0xe4aS0x625	AND
0x1907S0xec9S0xe4aS0x625	ADD
0x1908S0xec9S0xe4aS0x625	CONST
0x190aS0xec9S0xe4aS0x625	ADD
0x18e5S0xec9S0xe4aS0x625	CONST
0x18e8S0xec9S0xe4aS0x625	MLOAD
0x18ecS0xec9S0xe4aS0x625	CONST
0x18f0S0xec9S0xe4aS0x625	CONST
0x18f3S0xec9S0xe4aS0x625	ADD
0x18f4S0xec9S0xe4aS0x625	CONST
0x18f7S0xec9S0xe4aS0x625	ADD
0x18f8S0xec9S0xe4aS0x625	CONST
0x18deS0x18e4S0xec9S0xe4aS0x625	CONST
0x18e1S0x18e4S0xec9S0xe4aS0x625	ADD
0x18c6S0x18e4S0xec9S0xe4aS0x625	LT
0x18c7S0x18e4S0xec9S0xe4aS0x625	ISZERO
0x18c8S0x18e4S0xec9S0xe4aS0x625	CONST
0x18c3_0x0S0x18e4S0xec9S0xe4aS0x625	PHI
0x18c1S0x18e4S0xec9S0xe4aS0x625	CONST
0x18ceS0x18e4S0xec9S0xe4aS0x625	ADD
0x18cfS0x18e4S0xec9S0xe4aS0x625	MLOAD
0x18d2S0x18e4S0xec9S0xe4aS0x625	ADD
0x18d4S0x18e4S0xec9S0xe4aS0x625	CONST
0x18d6S0x18e4S0xec9S0xe4aS0x625	ADD
0x18d7S0x18e4S0xec9S0xe4aS0x625	CONST
0x18cc_0x0S0x18e4S0xec9S0xe4aS0x625	PHI
0x1c83S0xee90xec9S0xe4aS0x625	CONST
0x1c86S0xee90xec9S0xe4aS0x625	MLOAD
0x1c87S0xee90xec9S0xe4aS0x625	CONST
0x1c8cS0xee90xec9S0xe4aS0x625	CONST
0x1c8fS0xee90xec9S0xe4aS0x625	ADD
0x1c90S0xee90xec9S0xe4aS0x625	CONST
0x1c98S0xee90xec9S0xe4aS0x625	ADD
0x18deS0x1c82S0xee90xec9S0xe4aS0x625	CONST
0x18e1S0x1c82S0xee90xec9S0xe4aS0x625	ADD
0x18c6S0x1c82S0xee90xec9S0xe4aS0x625	LT
0x18c7S0x1c82S0xee90xec9S0xe4aS0x625	ISZERO
0x18c8S0x1c82S0xee90xec9S0xe4aS0x625	CONST
0x18c3_0x0S0x1c82S0xee90xec9S0xe4aS0x625	PHI
0x18c1S0x1c82S0xee90xec9S0xe4aS0x625	CONST
0x18ceS0x1c82S0xee90xec9S0xe4aS0x625	ADD
0x18cfS0x1c82S0xee90xec9S0xe4aS0x625	MLOAD
0x18d2S0x1c82S0xee90xec9S0xe4aS0x625	ADD
0x18d4S0x1c82S0xee90xec9S0xe4aS0x625	CONST
0x18d6S0x1c82S0xee90xec9S0xe4aS0x625	ADD
0x18d7S0x1c82S0xee90xec9S0xe4aS0x625	CONST
0x18cc_0x0S0x1c82S0xee90xec9S0xe4aS0x625	PHI
0xe82S0x649	CONST
0xe85S0x649	CONST
0xe89S0x649	CONST
0xe8bS0x649	MLOAD
0xe8cS0x649	CONST
0xe8eS0x649	ADD
0xe8fS0x649	CONST
0xe95S0x649	CONST
0xe97S0x649	ADD
0x82b7S0x649	CONST
0x82b9S0x649	ADD
0x82bbS0x649	MLOAD
0x82bdS0x649	ADD
0x82bfS0x649	CONST
0x82c4S0x649	CONST
0x1c77S0x82b2S0x649	CONST
0x1c6aS0x82b2S0x649	CONST
0x1c6cS0x82b2S0x649	CONST
0x1c70S0x82b2S0x649	SUB
0x1c71S0x82b2S0x649	SLT
0x1c72S0x82b2S0x649	ISZERO
0x1c73S0x82b2S0x649	CONST
0x1c7dS0x82b2S0x649	MLOAD
0xe9bS0xe81S0x649	CONST
0xe9eS0xe81S0x649	MLOAD
0xe9fS0xe81S0x649	CONST
0xea1S0xe81S0x649	NOT
0xea4S0xe81S0x649	SUB
0xea5S0xe81S0x649	ADD
0xeabS0xe81S0x649	CONST
0xeaeS0xe81S0x649	ADD
0xeb0S0xe81S0x649	MLOAD
0xeb1S0xe81S0x649	CONST
0xeb3S0xe81S0x649	CONST
0xeb5S0xe81S0x649	CONST
0xeb7S0xe81S0x649	SHL
0xeb8S0xe81S0x649	SUB
0xeb9S0xe81S0x649	AND
0xebaS0xe81S0x649	CONST
0xebfS0xe81S0x649	CONST
0xec1S0xe81S0x649	SHL
0xec2S0xe81S0x649	OR
0xec5S0xe81S0x649	CONST
0xb4f0xe9aS0xe81S0x649	CALLPRIVATE
0xb3e0xe9aS0xe81S0x649	CONST
0xb4c0xe9aS0xe81S0x649	CONST
0xb4a0xe9aS0xe81S0x649	AND
0xb490xe9aS0xe81S0x649	SUB
0xb480xe9aS0xe81S0x649	SHL
0xb460xe9aS0xe81S0x649	CONST
0xb440xe9aS0xe81S0x649	CONST
0xb420xe9aS0xe81S0x649	CONST
0xb3b0xe9aS0xe81S0x649	CONST
0xb3a0xe9aS0xe81S0x649	SLOAD
0xb380xe9aS0xe81S0x649	CONST
0x19f6S0x65a	CONST
0x1a0dS0x65a	CONST
0x19e9S0x65a	CONST
0x19ebS0x65a	CONST
0x19efS0x65a	SUB
0x19f0S0x65a	SLT
0x19f1S0x65a	ISZERO
0x19f2S0x65a	CONST
0x19fcS0x65a	CALLDATALOAD
0x19fdS0x65a	CONST
0x1a07S0x65a	GT
0x1a08S0x65a	ISZERO
0x1a09S0x65a	CONST
0x1a12S0x65a	CONST
0x1a18S0x65a	ADD
0x1a19S0x65a	CONST
0x199fS0x1a11S0x65a	CONST
0x19c7S0x1a11S0x65a	CONST
0x19a5S0x1a11S0x65a	CALLDATALOAD
0x19a6S0x1a11S0x65a	CONST
0x19a9S0x1a11S0x65a	CONST
0x19adS0x1a11S0x65a	CONST
0x19bbS0x1a11S0x65a	CONST
0x19bfS0x1a11S0x65a	ADD
0x19c0S0x1a11S0x65a	ADD
0x19c1S0x1a11S0x65a	GT
0x19c2S0x1a11S0x65a	ISZERO
0x19c3S0x1a11S0x65a	CONST
0x885dS0x1a11S0x65a	CONST
0x19cdS0x1a11S0x65a	CONST
0x19d0S0x1a11S0x65a	ADD
0x19d1S0x1a11S0x65a	CONST
0x19d4S0x1a11S0x65a	ADD
0x19d6S0x1a11S0x65a	CONST
0x19daS0x1a11S0x65a	ADD
0x19dbS0x1a11S0x65a	CONST
0x19ddS0x1a11S0x65a	ADD
0x1993S0x1a11S0x65a	CONST
0x1996S0x1a11S0x65a	CONST
0x1999S0x1a11S0x65a	ADD
0x199aS0x1a11S0x65a	SLT
0x199bS0x1a11S0x65a	CONST
0x195bS0x885cS0x1a11S0x65a	CONST
0x195eS0x885cS0x1a11S0x65a	CONST
0x1963S0x885cS0x1a11S0x65a	CONST
0x3af7S0x885cS0x1a11S0x65a	CONST
0x3afcS0x885cS0x1a11S0x65a	CONST
0x3afeS0x885cS0x1a11S0x65a	SHL
0x3affS0x885cS0x1a11S0x65a	CONST
0x3b02S0x885cS0x1a11S0x65a	CONST
0x3b04S0x885cS0x1a11S0x65a	CONST
0x3b07S0x885cS0x1a11S0x65a	CONST
0x3b09S0x885cS0x1a11S0x65a	CONST
0x193aS0x885cS0x1a11S0x65a	CONST
0x193cS0x885cS0x1a11S0x65a	MLOAD
0x193dS0x885cS0x1a11S0x65a	CONST
0x1940S0x885cS0x1a11S0x65a	ADD
0x1941S0x885cS0x1a11S0x65a	CONST
0x1943S0x885cS0x1a11S0x65a	NOT
0x1944S0x885cS0x1a11S0x65a	AND
0x1946S0x885cS0x1a11S0x65a	ADD
0x1947S0x885cS0x1a11S0x65a	CONST
0x1951S0x885cS0x1a11S0x65a	GT
0x1954S0x885cS0x1a11S0x65a	LT
0x1955S0x885cS0x1a11S0x65a	OR
0x1956S0x885cS0x1a11S0x65a	ISZERO
0x1957S0x885cS0x1a11S0x65a	CONST
0x197dS0x19a3S0x1a11S0x65a	CONST
0x1980S0x19a3S0x1a11S0x65a	CONST
0x1986S0x19a3S0x1a11S0x65a	CONST
0x1988S0x19a3S0x1a11S0x65a	ADD
0x1989S0x19a3S0x1a11S0x65a	CONST
0x198bS0x19a3S0x1a11S0x65a	NOT
0x198cS0x19a3S0x1a11S0x65a	AND
0x198dS0x19a3S0x1a11S0x65a	CONST
0x198fS0x19a3S0x1a11S0x65a	ADD
0x3b2cS0x19a3S0x1a11S0x65a	CONST
0x3b31S0x19a3S0x1a11S0x65a	CONST
0x3b33S0x19a3S0x1a11S0x65a	SHL
0x3b34S0x19a3S0x1a11S0x65a	CONST
0x3b37S0x19a3S0x1a11S0x65a	CONST
0x3b39S0x19a3S0x1a11S0x65a	CONST
0x3b3cS0x19a3S0x1a11S0x65a	CONST
0x3b3eS0x19a3S0x1a11S0x65a	CONST
0x196bS0x19a3S0x1a11S0x65a	CONST
0x196dS0x19a3S0x1a11S0x65a	CONST
0x1977S0x19a3S0x1a11S0x65a	GT
0x1978S0x19a3S0x1a11S0x65a	ISZERO
0x1979S0x19a3S0x1a11S0x65a	CONST
0xf85S0x689	CONST
0xf87S0x689	MLOAD
0xf88S0x689	CONST
0xf8aS0x689	CONST
0xf8cS0x689	CONST
0xf8eS0x689	SHL
0xf8fS0x689	SUB
0xf91S0x689	AND
0xf92S0x689	CONST
0xf95S0x689	ADD
0xf97S0x689	CONST
0xf9cS0x689	CONST
0xfa0S0x689	CONST
0xfa2S0x689	ADD
0xfa3S0x689	CONST
0xfa6S0x689	MLOAD
0xfa7S0x689	CONST
0xfa9S0x689	NOT
0xfacS0x689	SUB
0xfadS0x689	ADD
0xfb3S0x689	CONST
0xfb6S0x689	ADD
0xfb8S0x689	MLOAD
0xfb9S0x689	CONST
0xfbbS0x689	CONST
0xfbdS0x689	CONST
0xfbfS0x689	SHL
0xfc0S0x689	SUB
0xfc1S0x689	AND
0xfc2S0x689	CONST
0xfc7S0x689	CONST
0xfc9S0x689	SHL
0xfcaS0x689	OR
0xfcdS0x689	CONST
0x8313S0x689	CONST
0x8315S0x689	ADD
0x8317S0x689	MLOAD
0x8319S0x689	ADD
0x831bS0x689	CONST
0x8320S0x689	CONST
0x1c77S0x830eS0x689	CONST
0x1c6aS0x830eS0x689	CONST
0x1c6cS0x830eS0x689	CONST
0x1c70S0x830eS0x689	SUB
0x1c71S0x830eS0x689	SLT
0x1c72S0x830eS0x689	ISZERO
0x1c73S0x830eS0x689	CONST
0x1c7dS0x830eS0x689	MLOAD
0xb38S0xf84S0x689	CONST
0xb3aS0xf84S0x689	SLOAD
0xb3bS0xf84S0x689	CONST
0xb3eS0xf84S0x689	CONST
0xb42S0xf84S0x689	CONST
0xb44S0xf84S0x689	CONST
0xb46S0xf84S0x689	CONST
0xb48S0xf84S0x689	SHL
0xb49S0xf84S0x689	SUB
0xb4aS0xf84S0x689	AND
0xb4cS0xf84S0x689	CONST
0xb4fS0xf84S0x689	CALLPRIVATE
0x1af7S0x6b0	CONST
0x1b2eS0x6b0	CONST
0x1ae7S0x6b0	CONST
0x1aeaS0x6b0	CONST
0x1aecS0x6b0	CONST
0x1af0S0x6b0	SUB
0x1af1S0x6b0	SLT
0x1af2S0x6b0	ISZERO
0x1af3S0x6b0	CONST
0x1afdS0x6b0	CALLDATALOAD
0x1afeS0x6b0	CONST
0x1b02S0x6b0	CONST
0x1b09S0x6b0	CONST
0x1b0cS0x6b0	ADD
0x1b0dS0x6b0	CALLDATALOAD
0x1b0eS0x6b0	CONST
0x1b12S0x6b0	CONST
0x1b19S0x6b0	CONST
0x1b1cS0x6b0	ADD
0x1b1dS0x6b0	CALLDATALOAD
0x1b1eS0x6b0	CONST
0x1b28S0x6b0	GT
0x1b29S0x6b0	ISZERO
0x1b2aS0x6b0	CONST
0x1b33S0x6b0	CONST
0x1b39S0x6b0	ADD
0x1b3aS0x6b0	CONST
0x1a2eS0x1afbS0x6b0	CONST
0x1a1eS0x1afbS0x6b0	CONST
0x1a20S0x1afbS0x6b0	CONST
0x1a22S0x1afbS0x6b0	CONST
0x1a24S0x1afbS0x6b0	SHL
0x1a25S0x1afbS0x6b0	SUB
0x1a27S0x1afbS0x6b0	AND
0x1a29S0x1afbS0x6b0	EQ
0x1a2aS0x1afbS0x6b0	CONST
0x1ae2S0x1b06S0x6b0	CONST
0x1adaS0x1b06S0x6b0	ISZERO
0x1adbS0x1b06S0x6b0	ISZERO
0x1addS0x1b06S0x6b0	EQ
0x1adeS0x1b06S0x6b0	CONST
0x199fS0x1b32S0x6b0	CONST
0x19c7S0x1b32S0x6b0	CONST
0x19a5S0x1b32S0x6b0	CALLDATALOAD
0x19a6S0x1b32S0x6b0	CONST
0x19a9S0x1b32S0x6b0	CONST
0x19adS0x1b32S0x6b0	CONST
0x19bbS0x1b32S0x6b0	CONST
0x19bfS0x1b32S0x6b0	ADD
0x19c0S0x1b32S0x6b0	ADD
0x19c1S0x1b32S0x6b0	GT
0x19c2S0x1b32S0x6b0	ISZERO
0x19c3S0x1b32S0x6b0	CONST
0x885dS0x1b32S0x6b0	CONST
0x19cdS0x1b32S0x6b0	CONST
0x19d0S0x1b32S0x6b0	ADD
0x19d1S0x1b32S0x6b0	CONST
0x19d4S0x1b32S0x6b0	ADD
0x19d6S0x1b32S0x6b0	CONST
0x19daS0x1b32S0x6b0	ADD
0x19dbS0x1b32S0x6b0	CONST
0x19ddS0x1b32S0x6b0	ADD
0x1993S0x1b32S0x6b0	CONST
0x1996S0x1b32S0x6b0	CONST
0x1999S0x1b32S0x6b0	ADD
0x199aS0x1b32S0x6b0	SLT
0x199bS0x1b32S0x6b0	CONST
0x195bS0x885cS0x1b32S0x6b0	CONST
0x195eS0x885cS0x1b32S0x6b0	CONST
0x1963S0x885cS0x1b32S0x6b0	CONST
0x3af7S0x885cS0x1b32S0x6b0	CONST
0x3afcS0x885cS0x1b32S0x6b0	CONST
0x3afeS0x885cS0x1b32S0x6b0	SHL
0x3affS0x885cS0x1b32S0x6b0	CONST
0x3b02S0x885cS0x1b32S0x6b0	CONST
0x3b04S0x885cS0x1b32S0x6b0	CONST
0x3b07S0x885cS0x1b32S0x6b0	CONST
0x3b09S0x885cS0x1b32S0x6b0	CONST
0x193aS0x885cS0x1b32S0x6b0	CONST
0x193cS0x885cS0x1b32S0x6b0	MLOAD
0x193dS0x885cS0x1b32S0x6b0	CONST
0x1940S0x885cS0x1b32S0x6b0	ADD
0x1941S0x885cS0x1b32S0x6b0	CONST
0x1943S0x885cS0x1b32S0x6b0	NOT
0x1944S0x885cS0x1b32S0x6b0	AND
0x1946S0x885cS0x1b32S0x6b0	ADD
0x1947S0x885cS0x1b32S0x6b0	CONST
0x1951S0x885cS0x1b32S0x6b0	GT
0x1954S0x885cS0x1b32S0x6b0	LT
0x1955S0x885cS0x1b32S0x6b0	OR
0x1956S0x885cS0x1b32S0x6b0	ISZERO
0x1957S0x885cS0x1b32S0x6b0	CONST
0x197dS0x19a3S0x1b32S0x6b0	CONST
0x1980S0x19a3S0x1b32S0x6b0	CONST
0x1986S0x19a3S0x1b32S0x6b0	CONST
0x1988S0x19a3S0x1b32S0x6b0	ADD
0x1989S0x19a3S0x1b32S0x6b0	CONST
0x198bS0x19a3S0x1b32S0x6b0	NOT
0x198cS0x19a3S0x1b32S0x6b0	AND
0x198dS0x19a3S0x1b32S0x6b0	CONST
0x198fS0x19a3S0x1b32S0x6b0	ADD
0x3b2cS0x19a3S0x1b32S0x6b0	CONST
0x3b31S0x19a3S0x1b32S0x6b0	CONST
0x3b33S0x19a3S0x1b32S0x6b0	SHL
0x3b34S0x19a3S0x1b32S0x6b0	CONST
0x3b37S0x19a3S0x1b32S0x6b0	CONST
0x3b39S0x19a3S0x1b32S0x6b0	CONST
0x3b3cS0x19a3S0x1b32S0x6b0	CONST
0x3b3eS0x19a3S0x1b32S0x6b0	CONST
0x196bS0x19a3S0x1b32S0x6b0	CONST
0x196dS0x19a3S0x1b32S0x6b0	CONST
0x1977S0x19a3S0x1b32S0x6b0	GT
0x1978S0x19a3S0x1b32S0x6b0	ISZERO
0x1979S0x19a3S0x1b32S0x6b0	CONST
0x1144S0x71f	CONST
0x1147S0x71f	CONST
0x114bS0x71f	CONST
0x114dS0x71f	MLOAD
0x114eS0x71f	CONST
0x1150S0x71f	ADD
0x1151S0x71f	CONST
0x1157S0x71f	CONST
0x1159S0x71f	ADD
0x8348S0x71f	CONST
0x834aS0x71f	ADD
0x834cS0x71f	MLOAD
0x834eS0x71f	ADD
0x8350S0x71f	CONST
0x8355S0x71f	CONST
0x1c77S0x8343S0x71f	CONST
0x1c6aS0x8343S0x71f	CONST
0x1c6cS0x8343S0x71f	CONST
0x1c70S0x8343S0x71f	SUB
0x1c71S0x8343S0x71f	SLT
0x1c72S0x8343S0x71f	ISZERO
0x1c73S0x8343S0x71f	CONST
0x1c7dS0x8343S0x71f	MLOAD
0x115dS0x1143S0x71f	CONST
0x1160S0x1143S0x71f	MLOAD
0x1161S0x1143S0x71f	CONST
0x1163S0x1143S0x71f	NOT
0x1166S0x1143S0x71f	SUB
0x1167S0x1143S0x71f	ADD
0x116dS0x1143S0x71f	CONST
0x1170S0x1143S0x71f	ADD
0x1172S0x1143S0x71f	MLOAD
0x1173S0x1143S0x71f	CONST
0x1175S0x1143S0x71f	CONST
0x1177S0x1143S0x71f	CONST
0x1179S0x1143S0x71f	SHL
0x117aS0x1143S0x71f	SUB
0x117bS0x1143S0x71f	AND
0x117cS0x1143S0x71f	CONST
0x1181S0x1143S0x71f	CONST
0x1183S0x1143S0x71f	SHL
0x1184S0x1143S0x71f	OR
0x1187S0x1143S0x71f	CONST
0xb4f0x115cS0x1143S0x71f	CALLPRIVATE
0xb3e0x115cS0x1143S0x71f	CONST
0xb4c0x115cS0x1143S0x71f	CONST
0xb4a0x115cS0x1143S0x71f	AND
0xb490x115cS0x1143S0x71f	SUB
0xb480x115cS0x1143S0x71f	SHL
0xb460x115cS0x1143S0x71f	CONST
0xb440x115cS0x1143S0x71f	CONST
0xb420x115cS0x1143S0x71f	CONST
0xb3b0x115cS0x1143S0x71f	CONST
0xb3a0x115cS0x1143S0x71f	SLOAD
0xb380x115cS0x1143S0x71f	CONST
0x118cS0x78a	CONST
0x118eS0x78a	MLOAD
0x118fS0x78a	CONST
0x1191S0x78a	CONST
0x1193S0x78a	CONST
0x1195S0x78a	SHL
0x1196S0x78a	SUB
0x1198S0x78a	AND
0x1199S0x78a	CONST
0x119cS0x78a	ADD
0x119eS0x78a	CONST
0x11a3S0x78a	CONST
0x11a7S0x78a	CONST
0x11a9S0x78a	ADD
0x11aaS0x78a	CONST
0x11adS0x78a	MLOAD
0x11aeS0x78a	CONST
0x11b0S0x78a	NOT
0x11b3S0x78a	SUB
0x11b4S0x78a	ADD
0x11baS0x78a	CONST
0x11bdS0x78a	ADD
0x11bfS0x78a	MLOAD
0x11c0S0x78a	CONST
0x11c2S0x78a	CONST
0x11c4S0x78a	CONST
0x11c6S0x78a	SHL
0x11c7S0x78a	SUB
0x11c8S0x78a	AND
0x11c9S0x78a	CONST
0x11ceS0x78a	CONST
0x11d0S0x78a	SHL
0x11d1S0x78a	OR
0x11d4S0x78a	CONST
0x837dS0x78a	CONST
0x837fS0x78a	ADD
0x8381S0x78a	MLOAD
0x8383S0x78a	ADD
0x8385S0x78a	CONST
0x838aS0x78a	CONST
0x1c77S0x8378S0x78a	CONST
0x1c6aS0x8378S0x78a	CONST
0x1c6cS0x8378S0x78a	CONST
0x1c70S0x8378S0x78a	SUB
0x1c71S0x8378S0x78a	SLT
0x1c72S0x8378S0x78a	ISZERO
0x1c73S0x8378S0x78a	CONST
0x1c7dS0x8378S0x78a	MLOAD
0xf6a0xec9_0x0S0x118bS0x78a	PHI
0xf6e0xec9S0x118bS0x78a	ADD
0xf6b0xec9S0x118bS0x78a	CONST
0xf6a0xec9S0x118bS0x78a	RETURNDATASIZE
0xf550xec9S0x118bS0x78a	CONST
0xf530xec9S0x118bS0x78a	ADD
0xf500xec9S0x118bS0x78a	CONST
0xf4e0xec9S0x118bS0x78a	CONST
0xf4d0xec9S0x118bS0x78a	RETURNDATASIZE
0xf4a0xec9S0x118bS0x78a	RETURNDATASIZE
0xf470xec9S0x118bS0x78a	CONST
0xf460xec9S0x118bS0x78a	ADD
0xf440xec9S0x118bS0x78a	AND
0xf430xec9S0x118bS0x78a	ADD
0xf420xec9S0x118bS0x78a	RETURNDATASIZE
0xf400xec9S0x118bS0x78a	CONST
0xf3f0xec9S0x118bS0x78a	NOT
0xf3d0xec9S0x118bS0x78a	CONST
0xf3a0xec9S0x118bS0x78a	MLOAD
0xf380xec9S0x118bS0x78a	CONST
0xecaS0x118bS0x78a	CONST
0xeccS0x118bS0x78a	CONST
0xecfS0x118bS0x78a	ADDRESS
0xed0S0x118bS0x78a	CONST
0xed2S0x118bS0x78a	CONST
0xed4S0x118bS0x78a	CONST
0xed6S0x118bS0x78a	SHL
0xed7S0x118bS0x78a	SUB
0xed8S0x118bS0x78a	AND
0xedaS0x118bS0x78a	CONST
0xedcS0x118bS0x78a	MLOAD
0xeddS0x118bS0x78a	CONST
0xedfS0x118bS0x78a	ADD
0xee0S0x118bS0x78a	CONST
0xee5S0x118bS0x78a	CONST
0xf150xec9S0x118bS0x78a	CONST
0xf1a0xec9S0x118bS0x78a	CONST
0xf140xec9S0x118bS0x78a	MLOAD
0xf110xec9S0x118bS0x78a	OR
0xf100xec9S0x118bS0x78a	SHL
0xf0e0xec9S0x118bS0x78a	CONST
0xf090xec9S0x118bS0x78a	CONST
0xf080xec9S0x118bS0x78a	AND
0xf070xec9S0x118bS0x78a	SUB
0xf060xec9S0x118bS0x78a	SHL
0xf040xec9S0x118bS0x78a	CONST
0xf020xec9S0x118bS0x78a	CONST
0xf000xec9S0x118bS0x78a	CONST
0xeff0xec9S0x118bS0x78a	MLOAD
0xefd0xec9S0x118bS0x78a	ADD
0xefa0xec9S0x118bS0x78a	CONST
0xef40xec9S0x118bS0x78a	ADD
0xef30xec9S0x118bS0x78a	SUB
0xef00xec9S0x118bS0x78a	NOT
0xeee0xec9S0x118bS0x78a	CONST
0xeed0xec9S0x118bS0x78a	MLOAD
0xeea0xec9S0x118bS0x78a	CONST
0xf830xec9S0x118bS0x78a	CALLPRIVATE
0xf7b0xec9S0x118bS0x78a	CONST
0xf700xec9_0x0S0x118bS0x78a	PHI
0xf800xec9S0x118bS0x78a	CONST
0xf790xec9S0x118bS0x78a	ADD
0xf770xec9S0x118bS0x78a	MLOAD
0xf750xec9S0x118bS0x78a	ADD
0xf730xec9S0x118bS0x78a	CONST
0xf660xec9S0x118bS0x78a	CONST
0xf340xec9S0x118bS0x78a	CONST
0xf330xec9S0x118bS0x78a	EQ
0xf300xec9S0x118bS0x78a	CONST
0xf2e0xec9S0x118bS0x78a	RETURNDATASIZE
0xf2a0xec9S0x118bS0x78a	STATICCALL
0xf290xec9S0x118bS0x78a	GAS
0xf260xec9S0x118bS0x78a	SUB
0xf230xec9S0x118bS0x78a	MLOAD
0xf210xec9S0x118bS0x78a	CONST
0xf1f0xec9S0x118bS0x78a	CONST
0xf5a0xec9S0x118bS0x78a	CONST
0x1911S0xec9S0x118bS0x78a	CONST
0x1915S0xec9S0x118bS0x78a	CONST
0x1917S0xec9S0x118bS0x78a	CONST
0x191aS0xec9S0x118bS0x78a	CONST
0x191dS0xec9S0x118bS0x78a	ADD
0x191fS0xec9S0x118bS0x78a	CONST
0x18fdS0xec9S0x118bS0x78a	CONST
0x18ffS0xec9S0x118bS0x78a	ADD
0x1900S0xec9S0x118bS0x78a	CONST
0x1902S0xec9S0x118bS0x78a	NOT
0x1903S0xec9S0x118bS0x78a	AND
0x1907S0xec9S0x118bS0x78a	ADD
0x1908S0xec9S0x118bS0x78a	CONST
0x190aS0xec9S0x118bS0x78a	ADD
0x18e5S0xec9S0x118bS0x78a	CONST
0x18e8S0xec9S0x118bS0x78a	MLOAD
0x18ecS0xec9S0x118bS0x78a	CONST
0x18f0S0xec9S0x118bS0x78a	CONST
0x18f3S0xec9S0x118bS0x78a	ADD
0x18f4S0xec9S0x118bS0x78a	CONST
0x18f7S0xec9S0x118bS0x78a	ADD
0x18f8S0xec9S0x118bS0x78a	CONST
0x18deS0x18e4S0xec9S0x118bS0x78a	CONST
0x18e1S0x18e4S0xec9S0x118bS0x78a	ADD
0x18c6S0x18e4S0xec9S0x118bS0x78a	LT
0x18c7S0x18e4S0xec9S0x118bS0x78a	ISZERO
0x18c8S0x18e4S0xec9S0x118bS0x78a	CONST
0x18c3_0x0S0x18e4S0xec9S0x118bS0x78a	PHI
0x18c1S0x18e4S0xec9S0x118bS0x78a	CONST
0x18ceS0x18e4S0xec9S0x118bS0x78a	ADD
0x18cfS0x18e4S0xec9S0x118bS0x78a	MLOAD
0x18d2S0x18e4S0xec9S0x118bS0x78a	ADD
0x18d4S0x18e4S0xec9S0x118bS0x78a	CONST
0x18d6S0x18e4S0xec9S0x118bS0x78a	ADD
0x18d7S0x18e4S0xec9S0x118bS0x78a	CONST
0x18cc_0x0S0x18e4S0xec9S0x118bS0x78a	PHI
0x1c83S0xee90xec9S0x118bS0x78a	CONST
0x1c86S0xee90xec9S0x118bS0x78a	MLOAD
0x1c87S0xee90xec9S0x118bS0x78a	CONST
0x1c8cS0xee90xec9S0x118bS0x78a	CONST
0x1c8fS0xee90xec9S0x118bS0x78a	ADD
0x1c90S0xee90xec9S0x118bS0x78a	CONST
0x1c98S0xee90xec9S0x118bS0x78a	ADD
0x18deS0x1c82S0xee90xec9S0x118bS0x78a	CONST
0x18e1S0x1c82S0xee90xec9S0x118bS0x78a	ADD
0x18c6S0x1c82S0xee90xec9S0x118bS0x78a	LT
0x18c7S0x1c82S0xee90xec9S0x118bS0x78a	ISZERO
0x18c8S0x1c82S0xee90xec9S0x118bS0x78a	CONST
0x18c3_0x0S0x1c82S0xee90xec9S0x118bS0x78a	PHI
0x18c1S0x1c82S0xee90xec9S0x118bS0x78a	CONST
0x18ceS0x1c82S0xee90xec9S0x118bS0x78a	ADD
0x18cfS0x1c82S0xee90xec9S0x118bS0x78a	MLOAD
0x18d2S0x1c82S0xee90xec9S0x118bS0x78a	ADD
0x18d4S0x1c82S0xee90xec9S0x118bS0x78a	CONST
0x18d6S0x1c82S0xee90xec9S0x118bS0x78a	ADD
0x18d7S0x1c82S0xee90xec9S0x118bS0x78a	CONST
0x18cc_0x0S0x1c82S0xee90xec9S0x118bS0x78a	PHI
0x11d9S0x79b	CONST
0x11dcS0x79b	MLOAD
0x11ddS0x79b	CONST
0x11e1S0x79b	CONST
0x11e4S0x79b	ADD
0x11e8S0x79b	CONST
0x11ebS0x79b	ADD
0x11edS0x79b	MLOAD
0x11eeS0x79b	CONST
0x11f0S0x79b	CONST
0x11f2S0x79b	CONST
0x11f4S0x79b	SHL
0x11f5S0x79b	SUB
0x11f6S0x79b	AND
0x11f7S0x79b	CONST
0x11fcS0x79b	CONST
0x11feS0x79b	SHL
0x11ffS0x79b	OR
0x1202S0x79b	CONST
0x1207S0x79b	CONST
0x120bS0x79b	CONST
0x83b2S0x79b	CONST
0x83b4S0x79b	ADD
0x83b6S0x79b	MLOAD
0x83b8S0x79b	ADD
0x83baS0x79b	CONST
0x83bfS0x79b	CONST
0x1c77S0x83adS0x79b	CONST
0x1c6aS0x83adS0x79b	CONST
0x1c6cS0x83adS0x79b	CONST
0x1c70S0x83adS0x79b	SUB
0x1c71S0x83adS0x79b	SLT
0x1c72S0x83adS0x79b	ISZERO
0x1c73S0x83adS0x79b	CONST
0x1c7dS0x83adS0x79b	MLOAD
0xb38S0x11d8S0x79b	CONST
0xb3aS0x11d8S0x79b	SLOAD
0xb3bS0x11d8S0x79b	CONST
0xb3eS0x11d8S0x79b	CONST
0xb42S0x11d8S0x79b	CONST
0xb44S0x11d8S0x79b	CONST
0xb46S0x11d8S0x79b	CONST
0xb48S0x11d8S0x79b	SHL
0xb49S0x11d8S0x79b	SUB
0xb4aS0x11d8S0x79b	AND
0xb4cS0x11d8S0x79b	CONST
0xb4fS0x11d8S0x79b	CALLPRIVATE
0x1210S0x7bf	CONST
0x1213S0x7bf	CONST
0x1217S0x7bf	CONST
0x1219S0x7bf	MLOAD
0x121aS0x7bf	CONST
0x121cS0x7bf	ADD
0x121dS0x7bf	CONST
0x1223S0x7bf	CONST
0x1225S0x7bf	ADD
0x83e7S0x7bf	CONST
0x83e9S0x7bf	ADD
0x83ebS0x7bf	MLOAD
0x83edS0x7bf	ADD
0x83efS0x7bf	CONST
0x83f4S0x7bf	CONST
0x1c77S0x83e2S0x7bf	CONST
0x1c6aS0x83e2S0x7bf	CONST
0x1c6cS0x83e2S0x7bf	CONST
0x1c70S0x83e2S0x7bf	SUB
0x1c71S0x83e2S0x7bf	SLT
0x1c72S0x83e2S0x7bf	ISZERO
0x1c73S0x83e2S0x7bf	CONST
0x1c7dS0x83e2S0x7bf	MLOAD
0x1229S0x120fS0x7bf	CONST
0x122cS0x120fS0x7bf	MLOAD
0x122dS0x120fS0x7bf	CONST
0x122fS0x120fS0x7bf	NOT
0x1232S0x120fS0x7bf	SUB
0x1233S0x120fS0x7bf	ADD
0x1239S0x120fS0x7bf	CONST
0x123cS0x120fS0x7bf	ADD
0x123eS0x120fS0x7bf	MLOAD
0x123fS0x120fS0x7bf	CONST
0x1241S0x120fS0x7bf	CONST
0x1243S0x120fS0x7bf	CONST
0x1245S0x120fS0x7bf	SHL
0x1246S0x120fS0x7bf	SUB
0x1247S0x120fS0x7bf	AND
0x1248S0x120fS0x7bf	CONST
0x124dS0x120fS0x7bf	CONST
0x124fS0x120fS0x7bf	SHL
0x1250S0x120fS0x7bf	OR
0x1253S0x120fS0x7bf	CONST
0xb4f0x1228S0x120fS0x7bf	CALLPRIVATE
0xb3e0x1228S0x120fS0x7bf	CONST
0xb4c0x1228S0x120fS0x7bf	CONST
0xb4a0x1228S0x120fS0x7bf	AND
0xb490x1228S0x120fS0x7bf	SUB
0xb480x1228S0x120fS0x7bf	SHL
0xb460x1228S0x120fS0x7bf	CONST
0xb440x1228S0x120fS0x7bf	CONST
0xb420x1228S0x120fS0x7bf	CONST
0xb3b0x1228S0x120fS0x7bf	CONST
0xb3a0x1228S0x120fS0x7bf	SLOAD
0xb380x1228S0x120fS0x7bf	CONST
0x1258S0x7df	CONST
0x125bS0x7df	CONST
0x125fS0x7df	CONST
0x1261S0x7df	MLOAD
0x1262S0x7df	CONST
0x1264S0x7df	ADD
0x1265S0x7df	CONST
0x126bS0x7df	CONST
0x126dS0x7df	ADD
0x841cS0x7df	CONST
0x841eS0x7df	ADD
0x8420S0x7df	MLOAD
0x8422S0x7df	ADD
0x8424S0x7df	CONST
0x8429S0x7df	CONST
0x1c77S0x8417S0x7df	CONST
0x1c6aS0x8417S0x7df	CONST
0x1c6cS0x8417S0x7df	CONST
0x1c70S0x8417S0x7df	SUB
0x1c71S0x8417S0x7df	SLT
0x1c72S0x8417S0x7df	ISZERO
0x1c73S0x8417S0x7df	CONST
0x1c7dS0x8417S0x7df	MLOAD
0x1271S0x1257S0x7df	CONST
0x1274S0x1257S0x7df	MLOAD
0x1275S0x1257S0x7df	CONST
0x1277S0x1257S0x7df	NOT
0x127aS0x1257S0x7df	SUB
0x127bS0x1257S0x7df	ADD
0x1281S0x1257S0x7df	CONST
0x1284S0x1257S0x7df	ADD
0x1286S0x1257S0x7df	MLOAD
0x1287S0x1257S0x7df	CONST
0x1289S0x1257S0x7df	CONST
0x128bS0x1257S0x7df	CONST
0x128dS0x1257S0x7df	SHL
0x128eS0x1257S0x7df	SUB
0x128fS0x1257S0x7df	AND
0x1290S0x1257S0x7df	CONST
0x1295S0x1257S0x7df	CONST
0x1297S0x1257S0x7df	SHL
0x1298S0x1257S0x7df	OR
0x129bS0x1257S0x7df	CONST
0xb4f0x1270S0x1257S0x7df	CALLPRIVATE
0xb3e0x1270S0x1257S0x7df	CONST
0xb4c0x1270S0x1257S0x7df	CONST
0xb4a0x1270S0x1257S0x7df	AND
0xb490x1270S0x1257S0x7df	SUB
0xb480x1270S0x1257S0x7df	SHL
0xb460x1270S0x1257S0x7df	CONST
0xb440x1270S0x1257S0x7df	CONST
0xb420x1270S0x1257S0x7df	CONST
0xb3b0x1270S0x1257S0x7df	CONST
0xb3a0x1270S0x1257S0x7df	SLOAD
0xb380x1270S0x1257S0x7df	CONST
0x12adS0x82a	CONST
0x12afS0x82a	MLOAD
0x12b0S0x82a	CONST
0x12b2S0x82a	CONST
0x12b4S0x82a	CONST
0x12b6S0x82a	SHL
0x12b7S0x82a	SUB
0x12b9S0x82a	AND
0x12baS0x82a	CONST
0x12bdS0x82a	ADD
0x12bfS0x82a	CONST
0x12c4S0x82a	CONST
0x12c8S0x82a	CONST
0x12caS0x82a	ADD
0x12cbS0x82a	CONST
0x12ceS0x82a	MLOAD
0x12cfS0x82a	CONST
0x12d1S0x82a	NOT
0x12d4S0x82a	SUB
0x12d5S0x82a	ADD
0x12dbS0x82a	CONST
0x12deS0x82a	ADD
0x12e0S0x82a	MLOAD
0x12e1S0x82a	CONST
0x12e3S0x82a	CONST
0x12e5S0x82a	CONST
0x12e7S0x82a	SHL
0x12e8S0x82a	SUB
0x12e9S0x82a	AND
0x12eaS0x82a	CONST
0x12efS0x82a	CONST
0x12f1S0x82a	SHL
0x12f2S0x82a	OR
0x12f5S0x82a	CONST
0x849cS0x82a	CONST
0x849eS0x82a	ADD
0x84a0S0x82a	MLOAD
0x84a2S0x82a	ADD
0x84a4S0x82a	CONST
0x84a9S0x82a	CONST
0x1c77S0x8497S0x82a	CONST
0x1c6aS0x8497S0x82a	CONST
0x1c6cS0x8497S0x82a	CONST
0x1c70S0x8497S0x82a	SUB
0x1c71S0x8497S0x82a	SLT
0x1c72S0x8497S0x82a	ISZERO
0x1c73S0x8497S0x82a	CONST
0x1c7dS0x8497S0x82a	MLOAD
0xf6a0xec9_0x0S0x12acS0x82a	PHI
0xf6e0xec9S0x12acS0x82a	ADD
0xf6b0xec9S0x12acS0x82a	CONST
0xf6a0xec9S0x12acS0x82a	RETURNDATASIZE
0xf550xec9S0x12acS0x82a	CONST
0xf530xec9S0x12acS0x82a	ADD
0xf500xec9S0x12acS0x82a	CONST
0xf4e0xec9S0x12acS0x82a	CONST
0xf4d0xec9S0x12acS0x82a	RETURNDATASIZE
0xf4a0xec9S0x12acS0x82a	RETURNDATASIZE
0xf470xec9S0x12acS0x82a	CONST
0xf460xec9S0x12acS0x82a	ADD
0xf440xec9S0x12acS0x82a	AND
0xf430xec9S0x12acS0x82a	ADD
0xf420xec9S0x12acS0x82a	RETURNDATASIZE
0xf400xec9S0x12acS0x82a	CONST
0xf3f0xec9S0x12acS0x82a	NOT
0xf3d0xec9S0x12acS0x82a	CONST
0xf3a0xec9S0x12acS0x82a	MLOAD
0xf380xec9S0x12acS0x82a	CONST
0xecaS0x12acS0x82a	CONST
0xeccS0x12acS0x82a	CONST
0xecfS0x12acS0x82a	ADDRESS
0xed0S0x12acS0x82a	CONST
0xed2S0x12acS0x82a	CONST
0xed4S0x12acS0x82a	CONST
0xed6S0x12acS0x82a	SHL
0xed7S0x12acS0x82a	SUB
0xed8S0x12acS0x82a	AND
0xedaS0x12acS0x82a	CONST
0xedcS0x12acS0x82a	MLOAD
0xeddS0x12acS0x82a	CONST
0xedfS0x12acS0x82a	ADD
0xee0S0x12acS0x82a	CONST
0xee5S0x12acS0x82a	CONST
0xf150xec9S0x12acS0x82a	CONST
0xf1a0xec9S0x12acS0x82a	CONST
0xf140xec9S0x12acS0x82a	MLOAD
0xf110xec9S0x12acS0x82a	OR
0xf100xec9S0x12acS0x82a	SHL
0xf0e0xec9S0x12acS0x82a	CONST
0xf090xec9S0x12acS0x82a	CONST
0xf080xec9S0x12acS0x82a	AND
0xf070xec9S0x12acS0x82a	SUB
0xf060xec9S0x12acS0x82a	SHL
0xf040xec9S0x12acS0x82a	CONST
0xf020xec9S0x12acS0x82a	CONST
0xf000xec9S0x12acS0x82a	CONST
0xeff0xec9S0x12acS0x82a	MLOAD
0xefd0xec9S0x12acS0x82a	ADD
0xefa0xec9S0x12acS0x82a	CONST
0xef40xec9S0x12acS0x82a	ADD
0xef30xec9S0x12acS0x82a	SUB
0xef00xec9S0x12acS0x82a	NOT
0xeee0xec9S0x12acS0x82a	CONST
0xeed0xec9S0x12acS0x82a	MLOAD
0xeea0xec9S0x12acS0x82a	CONST
0xf830xec9S0x12acS0x82a	CALLPRIVATE
0xf7b0xec9S0x12acS0x82a	CONST
0xf700xec9_0x0S0x12acS0x82a	PHI
0xf800xec9S0x12acS0x82a	CONST
0xf790xec9S0x12acS0x82a	ADD
0xf770xec9S0x12acS0x82a	MLOAD
0xf750xec9S0x12acS0x82a	ADD
0xf730xec9S0x12acS0x82a	CONST
0xf660xec9S0x12acS0x82a	CONST
0xf340xec9S0x12acS0x82a	CONST
0xf330xec9S0x12acS0x82a	EQ
0xf300xec9S0x12acS0x82a	CONST
0xf2e0xec9S0x12acS0x82a	RETURNDATASIZE
0xf2a0xec9S0x12acS0x82a	STATICCALL
0xf290xec9S0x12acS0x82a	GAS
0xf260xec9S0x12acS0x82a	SUB
0xf230xec9S0x12acS0x82a	MLOAD
0xf210xec9S0x12acS0x82a	CONST
0xf1f0xec9S0x12acS0x82a	CONST
0xf5a0xec9S0x12acS0x82a	CONST
0x1911S0xec9S0x12acS0x82a	CONST
0x1915S0xec9S0x12acS0x82a	CONST
0x1917S0xec9S0x12acS0x82a	CONST
0x191aS0xec9S0x12acS0x82a	CONST
0x191dS0xec9S0x12acS0x82a	ADD
0x191fS0xec9S0x12acS0x82a	CONST
0x18fdS0xec9S0x12acS0x82a	CONST
0x18ffS0xec9S0x12acS0x82a	ADD
0x1900S0xec9S0x12acS0x82a	CONST
0x1902S0xec9S0x12acS0x82a	NOT
0x1903S0xec9S0x12acS0x82a	AND
0x1907S0xec9S0x12acS0x82a	ADD
0x1908S0xec9S0x12acS0x82a	CONST
0x190aS0xec9S0x12acS0x82a	ADD
0x18e5S0xec9S0x12acS0x82a	CONST
0x18e8S0xec9S0x12acS0x82a	MLOAD
0x18ecS0xec9S0x12acS0x82a	CONST
0x18f0S0xec9S0x12acS0x82a	CONST
0x18f3S0xec9S0x12acS0x82a	ADD
0x18f4S0xec9S0x12acS0x82a	CONST
0x18f7S0xec9S0x12acS0x82a	ADD
0x18f8S0xec9S0x12acS0x82a	CONST
0x18deS0x18e4S0xec9S0x12acS0x82a	CONST
0x18e1S0x18e4S0xec9S0x12acS0x82a	ADD
0x18c6S0x18e4S0xec9S0x12acS0x82a	LT
0x18c7S0x18e4S0xec9S0x12acS0x82a	ISZERO
0x18c8S0x18e4S0xec9S0x12acS0x82a	CONST
0x18c3_0x0S0x18e4S0xec9S0x12acS0x82a	PHI
0x18c1S0x18e4S0xec9S0x12acS0x82a	CONST
0x18ceS0x18e4S0xec9S0x12acS0x82a	ADD
0x18cfS0x18e4S0xec9S0x12acS0x82a	MLOAD
0x18d2S0x18e4S0xec9S0x12acS0x82a	ADD
0x18d4S0x18e4S0xec9S0x12acS0x82a	CONST
0x18d6S0x18e4S0xec9S0x12acS0x82a	ADD
0x18d7S0x18e4S0xec9S0x12acS0x82a	CONST
0x18cc_0x0S0x18e4S0xec9S0x12acS0x82a	PHI
0x1c83S0xee90xec9S0x12acS0x82a	CONST
0x1c86S0xee90xec9S0x12acS0x82a	MLOAD
0x1c87S0xee90xec9S0x12acS0x82a	CONST
0x1c8cS0xee90xec9S0x12acS0x82a	CONST
0x1c8fS0xee90xec9S0x12acS0x82a	ADD
0x1c90S0xee90xec9S0x12acS0x82a	CONST
0x1c98S0xee90xec9S0x12acS0x82a	ADD
0x18deS0x1c82S0xee90xec9S0x12acS0x82a	CONST
0x18e1S0x1c82S0xee90xec9S0x12acS0x82a	ADD
0x18c6S0x1c82S0xee90xec9S0x12acS0x82a	LT
0x18c7S0x1c82S0xee90xec9S0x12acS0x82a	ISZERO
0x18c8S0x1c82S0xee90xec9S0x12acS0x82a	CONST
0x18c3_0x0S0x1c82S0xee90xec9S0x12acS0x82a	PHI
0x18c1S0x1c82S0xee90xec9S0x12acS0x82a	CONST
0x18ceS0x1c82S0xee90xec9S0x12acS0x82a	ADD
0x18cfS0x1c82S0xee90xec9S0x12acS0x82a	MLOAD
0x18d2S0x1c82S0xee90xec9S0x12acS0x82a	ADD
0x18d4S0x1c82S0xee90xec9S0x12acS0x82a	CONST
0x18d6S0x1c82S0xee90xec9S0x12acS0x82a	ADD
0x18d7S0x1c82S0xee90xec9S0x12acS0x82a	CONST
0x18cc_0x0S0x1c82S0xee90xec9S0x12acS0x82a	PHI
0x12faS0x84a	CONST
0x12fdS0x84a	CONST
0x1301S0x84a	CONST
0x1303S0x84a	MLOAD
0x1304S0x84a	CONST
0x1306S0x84a	ADD
0x1307S0x84a	CONST
0x130dS0x84a	CONST
0x130fS0x84a	ADD
0x84d1S0x84a	CONST
0x84d3S0x84a	ADD
0x84d5S0x84a	MLOAD
0x84d7S0x84a	ADD
0x84d9S0x84a	CONST
0x84deS0x84a	CONST
0x1c77S0x84ccS0x84a	CONST
0x1c6aS0x84ccS0x84a	CONST
0x1c6cS0x84ccS0x84a	CONST
0x1c70S0x84ccS0x84a	SUB
0x1c71S0x84ccS0x84a	SLT
0x1c72S0x84ccS0x84a	ISZERO
0x1c73S0x84ccS0x84a	CONST
0x1c7dS0x84ccS0x84a	MLOAD
0x1313S0x12f9S0x84a	CONST
0x1316S0x12f9S0x84a	MLOAD
0x1317S0x12f9S0x84a	CONST
0x1319S0x12f9S0x84a	NOT
0x131cS0x12f9S0x84a	SUB
0x131dS0x12f9S0x84a	ADD
0x1323S0x12f9S0x84a	CONST
0x1326S0x12f9S0x84a	ADD
0x1328S0x12f9S0x84a	MLOAD
0x1329S0x12f9S0x84a	CONST
0x132bS0x12f9S0x84a	CONST
0x132dS0x12f9S0x84a	CONST
0x132fS0x12f9S0x84a	SHL
0x1330S0x12f9S0x84a	SUB
0x1331S0x12f9S0x84a	AND
0x1332S0x12f9S0x84a	CONST
0x1337S0x12f9S0x84a	CONST
0x1339S0x12f9S0x84a	SHL
0x133aS0x12f9S0x84a	OR
0x133dS0x12f9S0x84a	CONST
0xb4f0x1312S0x12f9S0x84a	CALLPRIVATE
0xb3e0x1312S0x12f9S0x84a	CONST
0xb4c0x1312S0x12f9S0x84a	CONST
0xb4a0x1312S0x12f9S0x84a	AND
0xb490x1312S0x12f9S0x84a	SUB
0xb480x1312S0x12f9S0x84a	SHL
0xb460x1312S0x12f9S0x84a	CONST
0xb440x1312S0x12f9S0x84a	CONST
0xb420x1312S0x12f9S0x84a	CONST
0xb3b0x1312S0x12f9S0x84a	CONST
0xb3a0x1312S0x12f9S0x84a	SLOAD
0xb380x1312S0x12f9S0x84a	CONST
0x1342S0x85b	CONST
0x1345S0x85b	MLOAD
0x1346S0x85b	CONST
0x134aS0x85b	CONST
0x134dS0x85b	ADD
0x1351S0x85b	CONST
0x1354S0x85b	ADD
0x1356S0x85b	MLOAD
0x1357S0x85b	CONST
0x1359S0x85b	CONST
0x135bS0x85b	CONST
0x135dS0x85b	SHL
0x135eS0x85b	SUB
0x135fS0x85b	AND
0x1360S0x85b	CONST
0x1365S0x85b	CONST
0x1367S0x85b	SHL
0x1368S0x85b	OR
0x136bS0x85b	CONST
0x1370S0x85b	CONST
0x1374S0x85b	CONST
0x8506S0x85b	CONST
0x8508S0x85b	ADD
0x850aS0x85b	MLOAD
0x850cS0x85b	ADD
0x850eS0x85b	CONST
0x8513S0x85b	CONST
0x1c77S0x8501S0x85b	CONST
0x1c6aS0x8501S0x85b	CONST
0x1c6cS0x8501S0x85b	CONST
0x1c70S0x8501S0x85b	SUB
0x1c71S0x8501S0x85b	SLT
0x1c72S0x8501S0x85b	ISZERO
0x1c73S0x8501S0x85b	CONST
0x1c7dS0x8501S0x85b	MLOAD
0xb38S0x1341S0x85b	CONST
0xb3aS0x1341S0x85b	SLOAD
0xb3bS0x1341S0x85b	CONST
0xb3eS0x1341S0x85b	CONST
0xb42S0x1341S0x85b	CONST
0xb44S0x1341S0x85b	CONST
0xb46S0x1341S0x85b	CONST
0xb48S0x1341S0x85b	SHL
0xb49S0x1341S0x85b	SUB
0xb4aS0x1341S0x85b	AND
0xb4cS0x1341S0x85b	CONST
0xb4fS0x1341S0x85b	CALLPRIVATE
0x1379S0x87f	CONST
0x137bS0x87f	MLOAD
0x137cS0x87f	CONST
0x137eS0x87f	CONST
0x1380S0x87f	CONST
0x1382S0x87f	SHL
0x1383S0x87f	SUB
0x1385S0x87f	AND
0x1386S0x87f	CONST
0x1389S0x87f	ADD
0x138bS0x87f	CONST
0x138eS0x87f	ADD
0x1392S0x87f	CONST
0x1397S0x87f	CONST
0x139bS0x87f	CONST
0x139dS0x87f	ADD
0x139eS0x87f	CONST
0x13a1S0x87f	MLOAD
0x13a2S0x87f	CONST
0x13a4S0x87f	NOT
0x13a7S0x87f	SUB
0x13a8S0x87f	ADD
0x13aeS0x87f	CONST
0x13b1S0x87f	ADD
0x13b3S0x87f	MLOAD
0x13b4S0x87f	CONST
0x13b6S0x87f	CONST
0x13b8S0x87f	CONST
0x13baS0x87f	SHL
0x13bbS0x87f	SUB
0x13bcS0x87f	AND
0x13bdS0x87f	CONST
0x13c2S0x87f	CONST
0x13c4S0x87f	SHL
0x13c5S0x87f	OR
0x13c8S0x87f	CONST
0x853bS0x87f	CONST
0x853dS0x87f	ADD
0x853fS0x87f	MLOAD
0x8541S0x87f	ADD
0x8543S0x87f	CONST
0x8548S0x87f	CONST
0x1c5aS0x8536S0x87f	CONST
0x1c4dS0x8536S0x87f	CONST
0x1c4fS0x8536S0x87f	CONST
0x1c53S0x8536S0x87f	SUB
0x1c54S0x8536S0x87f	SLT
0x1c55S0x8536S0x87f	ISZERO
0x1c56S0x8536S0x87f	CONST
0x1c60S0x8536S0x87f	MLOAD
0x1c61S0x8536S0x87f	CONST
0x1c65S0x8536S0x87f	CONST
0x1ae2S0x1c5eS0x8536S0x87f	CONST
0x1adaS0x1c5eS0x8536S0x87f	ISZERO
0x1adbS0x1c5eS0x8536S0x87f	ISZERO
0x1addS0x1c5eS0x8536S0x87f	EQ
0x1adeS0x1c5eS0x8536S0x87f	CONST
0xb38S0x1378S0x87f	CONST
0xb3aS0x1378S0x87f	SLOAD
0xb3bS0x1378S0x87f	CONST
0xb3eS0x1378S0x87f	CONST
0xb42S0x1378S0x87f	CONST
0xb44S0x1378S0x87f	CONST
0xb46S0x1378S0x87f	CONST
0xb48S0x1378S0x87f	SHL
0xb49S0x1378S0x87f	SUB
0xb4aS0x1378S0x87f	AND
0xb4cS0x1378S0x87f	CONST
0xb4fS0x1378S0x87f	CALLPRIVATE
0x13cdS0x8b5	CONST
0x13cfS0x8b5	MLOAD
0x13d0S0x8b5	CONST
0x13d2S0x8b5	CONST
0x13d4S0x8b5	CONST
0x13d6S0x8b5	SHL
0x13d7S0x8b5	SUB
0x13daS0x8b5	AND
0x13dbS0x8b5	CONST
0x13deS0x8b5	ADD
0x13e1S0x8b5	AND
0x13e2S0x8b5	CONST
0x13e5S0x8b5	ADD
0x13e7S0x8b5	CONST
0x13eaS0x8b5	ADD
0x13eeS0x8b5	CONST
0x13f3S0x8b5	CONST
0x13f7S0x8b5	CONST
0x13f9S0x8b5	ADD
0x13faS0x8b5	CONST
0x13fdS0x8b5	MLOAD
0x13feS0x8b5	CONST
0x1400S0x8b5	NOT
0x1403S0x8b5	SUB
0x1404S0x8b5	ADD
0x140aS0x8b5	CONST
0x140dS0x8b5	ADD
0x140fS0x8b5	MLOAD
0x1410S0x8b5	CONST
0x1412S0x8b5	CONST
0x1414S0x8b5	CONST
0x1416S0x8b5	SHL
0x1417S0x8b5	SUB
0x1418S0x8b5	AND
0x1419S0x8b5	CONST
0x141eS0x8b5	CONST
0x1420S0x8b5	SHL
0x1421S0x8b5	OR
0x1424S0x8b5	CONST
0x8570S0x8b5	CONST
0x8572S0x8b5	ADD
0x8574S0x8b5	MLOAD
0x8576S0x8b5	ADD
0x8578S0x8b5	CONST
0x857dS0x8b5	CONST
0x1c77S0x856bS0x8b5	CONST
0x1c6aS0x856bS0x8b5	CONST
0x1c6cS0x856bS0x8b5	CONST
0x1c70S0x856bS0x8b5	SUB
0x1c71S0x856bS0x8b5	SLT
0x1c72S0x856bS0x8b5	ISZERO
0x1c73S0x856bS0x8b5	CONST
0x1c7dS0x856bS0x8b5	MLOAD
0xb38S0x13ccS0x8b5	CONST
0xb3aS0x13ccS0x8b5	SLOAD
0xb3bS0x13ccS0x8b5	CONST
0xb3eS0x13ccS0x8b5	CONST
0xb42S0x13ccS0x8b5	CONST
0xb44S0x13ccS0x8b5	CONST
0xb46S0x13ccS0x8b5	CONST
0xb48S0x13ccS0x8b5	SHL
0xb49S0x13ccS0x8b5	SUB
0xb4aS0x13ccS0x8b5	AND
0xb4cS0x13ccS0x8b5	CONST
0xb4fS0x13ccS0x8b5	CALLPRIVATE
0x143fS0x8d5	CONST
0x1441S0x8d5	MLOAD
0x1442S0x8d5	CONST
0x1444S0x8d5	CONST
0x1446S0x8d5	CONST
0x1448S0x8d5	SHL
0x1449S0x8d5	SUB
0x144bS0x8d5	AND
0x144cS0x8d5	CONST
0x144fS0x8d5	ADD
0x1451S0x8d5	CONST
0x1456S0x8d5	CONST
0x145aS0x8d5	CONST
0x145cS0x8d5	ADD
0x145dS0x8d5	CONST
0x1460S0x8d5	MLOAD
0x1461S0x8d5	CONST
0x1463S0x8d5	NOT
0x1466S0x8d5	SUB
0x1467S0x8d5	ADD
0x146dS0x8d5	CONST
0x1470S0x8d5	ADD
0x1472S0x8d5	MLOAD
0x1473S0x8d5	CONST
0x1475S0x8d5	CONST
0x1477S0x8d5	CONST
0x1479S0x8d5	SHL
0x147aS0x8d5	SUB
0x147bS0x8d5	AND
0x147cS0x8d5	CONST
0x1481S0x8d5	CONST
0x1483S0x8d5	SHL
0x1484S0x8d5	OR
0x1487S0x8d5	CONST
0x85cdS0x8d5	CONST
0x85cfS0x8d5	ADD
0x85d1S0x8d5	MLOAD
0x85d3S0x8d5	ADD
0x85d5S0x8d5	CONST
0x85daS0x8d5	CONST
0x1c77S0x85c8S0x8d5	CONST
0x1c6aS0x85c8S0x8d5	CONST
0x1c6cS0x85c8S0x8d5	CONST
0x1c70S0x85c8S0x8d5	SUB
0x1c71S0x85c8S0x8d5	SLT
0x1c72S0x85c8S0x8d5	ISZERO
0x1c73S0x85c8S0x8d5	CONST
0x1c7dS0x85c8S0x8d5	MLOAD
0xb38S0x143eS0x8d5	CONST
0xb3aS0x143eS0x8d5	SLOAD
0xb3bS0x143eS0x8d5	CONST
0xb3eS0x143eS0x8d5	CONST
0xb42S0x143eS0x8d5	CONST
0xb44S0x143eS0x8d5	CONST
0xb46S0x143eS0x8d5	CONST
0xb48S0x143eS0x8d5	SHL
0xb49S0x143eS0x8d5	SUB
0xb4aS0x143eS0x8d5	AND
0xb4cS0x143eS0x8d5	CONST
0xb4fS0x143eS0x8d5	CALLPRIVATE
0x148cS0x8e6	CONST
0x148fS0x8e6	MLOAD
0x1490S0x8e6	CONST
0x1494S0x8e6	CONST
0x1497S0x8e6	ADD
0x149bS0x8e6	CONST
0x149eS0x8e6	ADD
0x14a0S0x8e6	MLOAD
0x14a1S0x8e6	CONST
0x14a3S0x8e6	CONST
0x14a5S0x8e6	CONST
0x14a7S0x8e6	SHL
0x14a8S0x8e6	SUB
0x14a9S0x8e6	AND
0x14aaS0x8e6	CONST
0x14afS0x8e6	CONST
0x14b1S0x8e6	SHL
0x14b2S0x8e6	OR
0x14b5S0x8e6	CONST
0x14baS0x8e6	CONST
0x14beS0x8e6	CONST
0x8602S0x8e6	CONST
0x8604S0x8e6	ADD
0x8606S0x8e6	MLOAD
0x8608S0x8e6	ADD
0x860aS0x8e6	CONST
0x860fS0x8e6	CONST
0x1c77S0x85fdS0x8e6	CONST
0x1c6aS0x85fdS0x8e6	CONST
0x1c6cS0x85fdS0x8e6	CONST
0x1c70S0x85fdS0x8e6	SUB
0x1c71S0x85fdS0x8e6	SLT
0x1c72S0x85fdS0x8e6	ISZERO
0x1c73S0x85fdS0x8e6	CONST
0x1c7dS0x85fdS0x8e6	MLOAD
0xb38S0x148bS0x8e6	CONST
0xb3aS0x148bS0x8e6	SLOAD
0xb3bS0x148bS0x8e6	CONST
0xb3eS0x148bS0x8e6	CONST
0xb42S0x148bS0x8e6	CONST
0xb44S0x148bS0x8e6	CONST
0xb46S0x148bS0x8e6	CONST
0xb48S0x148bS0x8e6	SHL
0xb49S0x148bS0x8e6	SUB
0xb4aS0x148bS0x8e6	AND
0xb4cS0x148bS0x8e6	CONST
0xb4fS0x148bS0x8e6	CALLPRIVATE
0x1d1eS0x90a	CONST
0x14c3S0x90a	CONST
0x14c6S0x90a	CONST
0x14c9S0x90a	CONST
0x14cbS0x90a	CONST
0x14cfS0x90a	CONST
0x14d1S0x90a	MLOAD
0x14d2S0x90a	CONST
0x14d4S0x90a	ADD
0x14d5S0x90a	CONST
0x14daS0x90a	CONST
0x14dcS0x90a	CONST
0x14deS0x90a	CONST
0x14e0S0x90a	SHL
0x14e1S0x90a	SUB
0x14e5S0x90a	AND
0x14e8S0x90a	CONST
0x14eaS0x90a	ADD
0x1521S0x90a	CONST
0x1523S0x90a	ADD
0x1525S0x90a	MLOAD
0x1527S0x90a	ADD
0x1529S0x90a	CONST
0x152eS0x90a	CONST
0x1d0dS0x90a	CONST
0x1d10S0x90a	CONST
0x1d13S0x90a	CONST
0x1d17S0x90a	SUB
0x1d18S0x90a	SLT
0x1d19S0x90a	ISZERO
0x1d1aS0x90a	CONST
0x1d26S0x90a	MLOAD
0x1d27S0x90a	CONST
0x1d2aS0x90a	ADD
0x1d2bS0x90a	MLOAD
0x1d2cS0x90a	CONST
0x1d2fS0x90a	ADD
0x1d30S0x90a	MLOAD
0x1d31S0x90a	CONST
0x1d35S0x90a	ADD
0x1d36S0x90a	MLOAD
0xf6a0x14ed_0x0S0x14c2S0x90a	PHI
0xf6e0x14edS0x14c2S0x90a	ADD
0xf6b0x14edS0x14c2S0x90a	CONST
0xf6a0x14edS0x14c2S0x90a	RETURNDATASIZE
0xf550x14edS0x14c2S0x90a	CONST
0xf530x14edS0x14c2S0x90a	ADD
0xf500x14edS0x14c2S0x90a	CONST
0xf4e0x14edS0x14c2S0x90a	CONST
0xf4d0x14edS0x14c2S0x90a	RETURNDATASIZE
0xf4a0x14edS0x14c2S0x90a	RETURNDATASIZE
0xf470x14edS0x14c2S0x90a	CONST
0xf460x14edS0x14c2S0x90a	ADD
0xf440x14edS0x14c2S0x90a	AND
0xf430x14edS0x14c2S0x90a	ADD
0xf420x14edS0x14c2S0x90a	RETURNDATASIZE
0xf400x14edS0x14c2S0x90a	CONST
0xf3f0x14edS0x14c2S0x90a	NOT
0xf3d0x14edS0x14c2S0x90a	CONST
0xf3a0x14edS0x14c2S0x90a	MLOAD
0xf380x14edS0x14c2S0x90a	CONST
0x14eeS0x14c2S0x90a	CONST
0x14f1S0x14c2S0x90a	MLOAD
0x14f2S0x14c2S0x90a	CONST
0x14f4S0x14c2S0x90a	NOT
0x14f7S0x14c2S0x90a	SUB
0x14f8S0x14c2S0x90a	ADD
0x14feS0x14c2S0x90a	CONST
0x1501S0x14c2S0x90a	ADD
0x1503S0x14c2S0x90a	MLOAD
0x1504S0x14c2S0x90a	CONST
0x1506S0x14c2S0x90a	CONST
0x1508S0x14c2S0x90a	CONST
0x150aS0x14c2S0x90a	SHL
0x150bS0x14c2S0x90a	SUB
0x150cS0x14c2S0x90a	AND
0x150dS0x14c2S0x90a	CONST
0x1512S0x14c2S0x90a	CONST
0x1514S0x14c2S0x90a	SHL
0x1515S0x14c2S0x90a	OR
0x1518S0x14c2S0x90a	CONST
0xee00x14edS0x14c2S0x90a	CONST
0xee50x14edS0x14c2S0x90a	CONST
0xedf0x14edS0x14c2S0x90a	ADD
0xedd0x14edS0x14c2S0x90a	CONST
0xedc0x14edS0x14c2S0x90a	MLOAD
0xeda0x14edS0x14c2S0x90a	CONST
0xed80x14edS0x14c2S0x90a	AND
0xed70x14edS0x14c2S0x90a	SUB
0xed60x14edS0x14c2S0x90a	SHL
0xed40x14edS0x14c2S0x90a	CONST
0xed20x14edS0x14c2S0x90a	CONST
0xed00x14edS0x14c2S0x90a	CONST
0xecf0x14edS0x14c2S0x90a	ADDRESS
0xecc0x14edS0x14c2S0x90a	CONST
0xeca0x14edS0x14c2S0x90a	CONST
0xf150x14edS0x14c2S0x90a	CONST
0xf1a0x14edS0x14c2S0x90a	CONST
0xf140x14edS0x14c2S0x90a	MLOAD
0xf110x14edS0x14c2S0x90a	OR
0xf100x14edS0x14c2S0x90a	SHL
0xf0e0x14edS0x14c2S0x90a	CONST
0xf090x14edS0x14c2S0x90a	CONST
0xf080x14edS0x14c2S0x90a	AND
0xf070x14edS0x14c2S0x90a	SUB
0xf060x14edS0x14c2S0x90a	SHL
0xf040x14edS0x14c2S0x90a	CONST
0xf020x14edS0x14c2S0x90a	CONST
0xf000x14edS0x14c2S0x90a	CONST
0xeff0x14edS0x14c2S0x90a	MLOAD
0xefd0x14edS0x14c2S0x90a	ADD
0xefa0x14edS0x14c2S0x90a	CONST
0xef40x14edS0x14c2S0x90a	ADD
0xef30x14edS0x14c2S0x90a	SUB
0xef00x14edS0x14c2S0x90a	NOT
0xeee0x14edS0x14c2S0x90a	CONST
0xeed0x14edS0x14c2S0x90a	MLOAD
0xeea0x14edS0x14c2S0x90a	CONST
0xf830x14edS0x14c2S0x90a	CALLPRIVATE
0xf7b0x14edS0x14c2S0x90a	CONST
0xf700x14ed_0x0S0x14c2S0x90a	PHI
0xf800x14edS0x14c2S0x90a	CONST
0xf790x14edS0x14c2S0x90a	ADD
0xf770x14edS0x14c2S0x90a	MLOAD
0xf750x14edS0x14c2S0x90a	ADD
0xf730x14edS0x14c2S0x90a	CONST
0xf660x14edS0x14c2S0x90a	CONST
0xf340x14edS0x14c2S0x90a	CONST
0xf330x14edS0x14c2S0x90a	EQ
0xf300x14edS0x14c2S0x90a	CONST
0xf2e0x14edS0x14c2S0x90a	RETURNDATASIZE
0xf2a0x14edS0x14c2S0x90a	STATICCALL
0xf290x14edS0x14c2S0x90a	GAS
0xf260x14edS0x14c2S0x90a	SUB
0xf230x14edS0x14c2S0x90a	MLOAD
0xf210x14edS0x14c2S0x90a	CONST
0xf1f0x14edS0x14c2S0x90a	CONST
0xf5a0x14edS0x14c2S0x90a	CONST
0x1911S0xec90x14edS0x14c2S0x90a	CONST
0x1915S0xec90x14edS0x14c2S0x90a	CONST
0x1917S0xec90x14edS0x14c2S0x90a	CONST
0x191aS0xec90x14edS0x14c2S0x90a	CONST
0x191dS0xec90x14edS0x14c2S0x90a	ADD
0x191fS0xec90x14edS0x14c2S0x90a	CONST
0x18fdS0xec90x14edS0x14c2S0x90a	CONST
0x18ffS0xec90x14edS0x14c2S0x90a	ADD
0x1900S0xec90x14edS0x14c2S0x90a	CONST
0x1902S0xec90x14edS0x14c2S0x90a	NOT
0x1903S0xec90x14edS0x14c2S0x90a	AND
0x1907S0xec90x14edS0x14c2S0x90a	ADD
0x1908S0xec90x14edS0x14c2S0x90a	CONST
0x190aS0xec90x14edS0x14c2S0x90a	ADD
0x18e5S0xec90x14edS0x14c2S0x90a	CONST
0x18e8S0xec90x14edS0x14c2S0x90a	MLOAD
0x18ecS0xec90x14edS0x14c2S0x90a	CONST
0x18f0S0xec90x14edS0x14c2S0x90a	CONST
0x18f3S0xec90x14edS0x14c2S0x90a	ADD
0x18f4S0xec90x14edS0x14c2S0x90a	CONST
0x18f7S0xec90x14edS0x14c2S0x90a	ADD
0x18f8S0xec90x14edS0x14c2S0x90a	CONST
0x18deS0x18e4S0xec90x14edS0x14c2S0x90a	CONST
0x18e1S0x18e4S0xec90x14edS0x14c2S0x90a	ADD
0x18c6S0x18e4S0xec90x14edS0x14c2S0x90a	LT
0x18c7S0x18e4S0xec90x14edS0x14c2S0x90a	ISZERO
0x18c8S0x18e4S0xec90x14edS0x14c2S0x90a	CONST
0x18c3_0x0S0x18e4S0xec90x14edS0x14c2S0x90a	PHI
0x18c1S0x18e4S0xec90x14edS0x14c2S0x90a	CONST
0x18ceS0x18e4S0xec90x14edS0x14c2S0x90a	ADD
0x18cfS0x18e4S0xec90x14edS0x14c2S0x90a	MLOAD
0x18d2S0x18e4S0xec90x14edS0x14c2S0x90a	ADD
0x18d4S0x18e4S0xec90x14edS0x14c2S0x90a	CONST
0x18d6S0x18e4S0xec90x14edS0x14c2S0x90a	ADD
0x18d7S0x18e4S0xec90x14edS0x14c2S0x90a	CONST
0x18cc_0x0S0x18e4S0xec90x14edS0x14c2S0x90a	PHI
0x1c83S0xee90x14edS0x14c2S0x90a	CONST
0x1c86S0xee90x14edS0x14c2S0x90a	MLOAD
0x1c87S0xee90x14edS0x14c2S0x90a	CONST
0x1c8cS0xee90x14edS0x14c2S0x90a	CONST
0x1c8fS0xee90x14edS0x14c2S0x90a	ADD
0x1c90S0xee90x14edS0x14c2S0x90a	CONST
0x1c98S0xee90x14edS0x14c2S0x90a	ADD
0x18deS0x1c82S0xee90x14edS0x14c2S0x90a	CONST
0x18e1S0x1c82S0xee90x14edS0x14c2S0x90a	ADD
0x18c6S0x1c82S0xee90x14edS0x14c2S0x90a	LT
0x18c7S0x1c82S0xee90x14edS0x14c2S0x90a	ISZERO
0x18c8S0x1c82S0xee90x14edS0x14c2S0x90a	CONST
0x18c3_0x0S0x1c82S0xee90x14edS0x14c2S0x90a	PHI
0x18c1S0x1c82S0xee90x14edS0x14c2S0x90a	CONST
0x18ceS0x1c82S0xee90x14edS0x14c2S0x90a	ADD
0x18cfS0x1c82S0xee90x14edS0x14c2S0x90a	MLOAD
0x18d2S0x1c82S0xee90x14edS0x14c2S0x90a	ADD
0x18d4S0x1c82S0xee90x14edS0x14c2S0x90a	CONST
0x18d6S0x1c82S0xee90x14edS0x14c2S0x90a	ADD
0x18d7S0x1c82S0xee90x14edS0x14c2S0x90a	CONST
0x18cc_0x0S0x1c82S0xee90x14edS0x14c2S0x90a	PHI
0x1543S0x94a	CONST
0x1546S0x94a	CONST
0x154aS0x94a	CONST
0x154cS0x94a	MLOAD
0x154dS0x94a	CONST
0x154fS0x94a	ADD
0x1550S0x94a	CONST
0x1556S0x94a	CONST
0x1558S0x94a	ADD
0x8637S0x94a	CONST
0x8639S0x94a	ADD
0x863bS0x94a	MLOAD
0x863dS0x94a	ADD
0x863fS0x94a	CONST
0x8644S0x94a	CONST
0x1c77S0x8632S0x94a	CONST
0x1c6aS0x8632S0x94a	CONST
0x1c6cS0x8632S0x94a	CONST
0x1c70S0x8632S0x94a	SUB
0x1c71S0x8632S0x94a	SLT
0x1c72S0x8632S0x94a	ISZERO
0x1c73S0x8632S0x94a	CONST
0x1c7dS0x8632S0x94a	MLOAD
0x155cS0x1542S0x94a	CONST
0x155fS0x1542S0x94a	MLOAD
0x1560S0x1542S0x94a	CONST
0x1562S0x1542S0x94a	NOT
0x1565S0x1542S0x94a	SUB
0x1566S0x1542S0x94a	ADD
0x156cS0x1542S0x94a	CONST
0x156fS0x1542S0x94a	ADD
0x1571S0x1542S0x94a	MLOAD
0x1572S0x1542S0x94a	CONST
0x1574S0x1542S0x94a	CONST
0x1576S0x1542S0x94a	CONST
0x1578S0x1542S0x94a	SHL
0x1579S0x1542S0x94a	SUB
0x157aS0x1542S0x94a	AND
0x157bS0x1542S0x94a	CONST
0x1580S0x1542S0x94a	CONST
0x1582S0x1542S0x94a	SHL
0x1583S0x1542S0x94a	OR
0x1586S0x1542S0x94a	CONST
0xb4f0x155bS0x1542S0x94a	CALLPRIVATE
0xb3e0x155bS0x1542S0x94a	CONST
0xb4c0x155bS0x1542S0x94a	CONST
0xb4a0x155bS0x1542S0x94a	AND
0xb490x155bS0x1542S0x94a	SUB
0xb480x155bS0x1542S0x94a	SHL
0xb460x155bS0x1542S0x94a	CONST
0xb440x155bS0x1542S0x94a	CONST
0xb420x155bS0x1542S0x94a	CONST
0xb3b0x155bS0x1542S0x94a	CONST
0xb3a0x155bS0x1542S0x94a	SLOAD
0xb380x155bS0x1542S0x94a	CONST
0x158bS0x95b	CONST
0x158eS0x95b	MLOAD
0x158fS0x95b	CONST
0x1593S0x95b	CONST
0x1596S0x95b	ADD
0x159aS0x95b	CONST
0x159dS0x95b	ADD
0x159fS0x95b	MLOAD
0x15a0S0x95b	CONST
0x15a2S0x95b	CONST
0x15a4S0x95b	CONST
0x15a6S0x95b	SHL
0x15a7S0x95b	SUB
0x15a8S0x95b	AND
0x15a9S0x95b	CONST
0x15aeS0x95b	CONST
0x15b0S0x95b	SHL
0x15b1S0x95b	OR
0x15b4S0x95b	CONST
0x15b9S0x95b	CONST
0x15bdS0x95b	CONST
0x866cS0x95b	CONST
0x866eS0x95b	ADD
0x8670S0x95b	MLOAD
0x8672S0x95b	ADD
0x8674S0x95b	CONST
0x8679S0x95b	CONST
0x1c77S0x8667S0x95b	CONST
0x1c6aS0x8667S0x95b	CONST
0x1c6cS0x8667S0x95b	CONST
0x1c70S0x8667S0x95b	SUB
0x1c71S0x8667S0x95b	SLT
0x1c72S0x8667S0x95b	ISZERO
0x1c73S0x8667S0x95b	CONST
0x1c7dS0x8667S0x95b	MLOAD
0xf6a0xec9_0x0S0x158aS0x95b	PHI
0xf6e0xec9S0x158aS0x95b	ADD
0xf6b0xec9S0x158aS0x95b	CONST
0xf6a0xec9S0x158aS0x95b	RETURNDATASIZE
0xf550xec9S0x158aS0x95b	CONST
0xf530xec9S0x158aS0x95b	ADD
0xf500xec9S0x158aS0x95b	CONST
0xf4e0xec9S0x158aS0x95b	CONST
0xf4d0xec9S0x158aS0x95b	RETURNDATASIZE
0xf4a0xec9S0x158aS0x95b	RETURNDATASIZE
0xf470xec9S0x158aS0x95b	CONST
0xf460xec9S0x158aS0x95b	ADD
0xf440xec9S0x158aS0x95b	AND
0xf430xec9S0x158aS0x95b	ADD
0xf420xec9S0x158aS0x95b	RETURNDATASIZE
0xf400xec9S0x158aS0x95b	CONST
0xf3f0xec9S0x158aS0x95b	NOT
0xf3d0xec9S0x158aS0x95b	CONST
0xf3a0xec9S0x158aS0x95b	MLOAD
0xf380xec9S0x158aS0x95b	CONST
0xecaS0x158aS0x95b	CONST
0xeccS0x158aS0x95b	CONST
0xecfS0x158aS0x95b	ADDRESS
0xed0S0x158aS0x95b	CONST
0xed2S0x158aS0x95b	CONST
0xed4S0x158aS0x95b	CONST
0xed6S0x158aS0x95b	SHL
0xed7S0x158aS0x95b	SUB
0xed8S0x158aS0x95b	AND
0xedaS0x158aS0x95b	CONST
0xedcS0x158aS0x95b	MLOAD
0xeddS0x158aS0x95b	CONST
0xedfS0x158aS0x95b	ADD
0xee0S0x158aS0x95b	CONST
0xee5S0x158aS0x95b	CONST
0xf150xec9S0x158aS0x95b	CONST
0xf1a0xec9S0x158aS0x95b	CONST
0xf140xec9S0x158aS0x95b	MLOAD
0xf110xec9S0x158aS0x95b	OR
0xf100xec9S0x158aS0x95b	SHL
0xf0e0xec9S0x158aS0x95b	CONST
0xf090xec9S0x158aS0x95b	CONST
0xf080xec9S0x158aS0x95b	AND
0xf070xec9S0x158aS0x95b	SUB
0xf060xec9S0x158aS0x95b	SHL
0xf040xec9S0x158aS0x95b	CONST
0xf020xec9S0x158aS0x95b	CONST
0xf000xec9S0x158aS0x95b	CONST
0xeff0xec9S0x158aS0x95b	MLOAD
0xefd0xec9S0x158aS0x95b	ADD
0xefa0xec9S0x158aS0x95b	CONST
0xef40xec9S0x158aS0x95b	ADD
0xef30xec9S0x158aS0x95b	SUB
0xef00xec9S0x158aS0x95b	NOT
0xeee0xec9S0x158aS0x95b	CONST
0xeed0xec9S0x158aS0x95b	MLOAD
0xeea0xec9S0x158aS0x95b	CONST
0xf830xec9S0x158aS0x95b	CALLPRIVATE
0xf7b0xec9S0x158aS0x95b	CONST
0xf700xec9_0x0S0x158aS0x95b	PHI
0xf800xec9S0x158aS0x95b	CONST
0xf790xec9S0x158aS0x95b	ADD
0xf770xec9S0x158aS0x95b	MLOAD
0xf750xec9S0x158aS0x95b	ADD
0xf730xec9S0x158aS0x95b	CONST
0xf660xec9S0x158aS0x95b	CONST
0xf340xec9S0x158aS0x95b	CONST
0xf330xec9S0x158aS0x95b	EQ
0xf300xec9S0x158aS0x95b	CONST
0xf2e0xec9S0x158aS0x95b	RETURNDATASIZE
0xf2a0xec9S0x158aS0x95b	STATICCALL
0xf290xec9S0x158aS0x95b	GAS
0xf260xec9S0x158aS0x95b	SUB
0xf230xec9S0x158aS0x95b	MLOAD
0xf210xec9S0x158aS0x95b	CONST
0xf1f0xec9S0x158aS0x95b	CONST
0xf5a0xec9S0x158aS0x95b	CONST
0x1911S0xec9S0x158aS0x95b	CONST
0x1915S0xec9S0x158aS0x95b	CONST
0x1917S0xec9S0x158aS0x95b	CONST
0x191aS0xec9S0x158aS0x95b	CONST
0x191dS0xec9S0x158aS0x95b	ADD
0x191fS0xec9S0x158aS0x95b	CONST
0x18fdS0xec9S0x158aS0x95b	CONST
0x18ffS0xec9S0x158aS0x95b	ADD
0x1900S0xec9S0x158aS0x95b	CONST
0x1902S0xec9S0x158aS0x95b	NOT
0x1903S0xec9S0x158aS0x95b	AND
0x1907S0xec9S0x158aS0x95b	ADD
0x1908S0xec9S0x158aS0x95b	CONST
0x190aS0xec9S0x158aS0x95b	ADD
0x18e5S0xec9S0x158aS0x95b	CONST
0x18e8S0xec9S0x158aS0x95b	MLOAD
0x18ecS0xec9S0x158aS0x95b	CONST
0x18f0S0xec9S0x158aS0x95b	CONST
0x18f3S0xec9S0x158aS0x95b	ADD
0x18f4S0xec9S0x158aS0x95b	CONST
0x18f7S0xec9S0x158aS0x95b	ADD
0x18f8S0xec9S0x158aS0x95b	CONST
0x18deS0x18e4S0xec9S0x158aS0x95b	CONST
0x18e1S0x18e4S0xec9S0x158aS0x95b	ADD
0x18c6S0x18e4S0xec9S0x158aS0x95b	LT
0x18c7S0x18e4S0xec9S0x158aS0x95b	ISZERO
0x18c8S0x18e4S0xec9S0x158aS0x95b	CONST
0x18c3_0x0S0x18e4S0xec9S0x158aS0x95b	PHI
0x18c1S0x18e4S0xec9S0x158aS0x95b	CONST
0x18ceS0x18e4S0xec9S0x158aS0x95b	ADD
0x18cfS0x18e4S0xec9S0x158aS0x95b	MLOAD
0x18d2S0x18e4S0xec9S0x158aS0x95b	ADD
0x18d4S0x18e4S0xec9S0x158aS0x95b	CONST
0x18d6S0x18e4S0xec9S0x158aS0x95b	ADD
0x18d7S0x18e4S0xec9S0x158aS0x95b	CONST
0x18cc_0x0S0x18e4S0xec9S0x158aS0x95b	PHI
0x1c83S0xee90xec9S0x158aS0x95b	CONST
0x1c86S0xee90xec9S0x158aS0x95b	MLOAD
0x1c87S0xee90xec9S0x158aS0x95b	CONST
0x1c8cS0xee90xec9S0x158aS0x95b	CONST
0x1c8fS0xee90xec9S0x158aS0x95b	ADD
0x1c90S0xee90xec9S0x158aS0x95b	CONST
0x1c98S0xee90xec9S0x158aS0x95b	ADD
0x18deS0x1c82S0xee90xec9S0x158aS0x95b	CONST
0x18e1S0x1c82S0xee90xec9S0x158aS0x95b	ADD
0x18c6S0x1c82S0xee90xec9S0x158aS0x95b	LT
0x18c7S0x1c82S0xee90xec9S0x158aS0x95b	ISZERO
0x18c8S0x1c82S0xee90xec9S0x158aS0x95b	CONST
0x18c3_0x0S0x1c82S0xee90xec9S0x158aS0x95b	PHI
0x18c1S0x1c82S0xee90xec9S0x158aS0x95b	CONST
0x18ceS0x1c82S0xee90xec9S0x158aS0x95b	ADD
0x18cfS0x1c82S0xee90xec9S0x158aS0x95b	MLOAD
0x18d2S0x1c82S0xee90xec9S0x158aS0x95b	ADD
0x18d4S0x1c82S0xee90xec9S0x158aS0x95b	CONST
0x18d6S0x1c82S0xee90xec9S0x158aS0x95b	ADD
0x18d7S0x1c82S0xee90xec9S0x158aS0x95b	CONST
0x18cc_0x0S0x1c82S0xee90xec9S0x158aS0x95b	PHI
0x15c2S0x995	CONST
0x15c4S0x995	MLOAD
0x15c5S0x995	CONST
0x15c8S0x995	ADD
0x15ccS0x995	CONST
0x15cfS0x995	ADD
0x15d3S0x995	CONST
0x15d6S0x995	AND
0x15d7S0x995	CONST
0x15daS0x995	ADD
0x15dcS0x995	CONST
0x15dfS0x995	ADD
0x15e3S0x995	CONST
0x15e6S0x995	ADD
0x15eaS0x995	CONST
0x15efS0x995	CONST
0x15f3S0x995	CONST
0x15f5S0x995	ADD
0x15f6S0x995	CONST
0x15f9S0x995	MLOAD
0x15faS0x995	CONST
0x15fcS0x995	NOT
0x15ffS0x995	SUB
0x1600S0x995	ADD
0x1606S0x995	CONST
0x1609S0x995	ADD
0x160bS0x995	MLOAD
0x160cS0x995	CONST
0x160eS0x995	CONST
0x1610S0x995	CONST
0x1612S0x995	SHL
0x1613S0x995	SUB
0x1614S0x995	AND
0x1615S0x995	CONST
0x161aS0x995	CONST
0x161cS0x995	SHL
0x161dS0x995	OR
0x1620S0x995	CONST
0x1629S0x995	CONST
0x162bS0x995	ADD
0x162dS0x995	MLOAD
0x162fS0x995	ADD
0x1631S0x995	CONST
0x1636S0x995	CONST
0x1c77S0x1624S0x995	CONST
0x1c6aS0x1624S0x995	CONST
0x1c6cS0x1624S0x995	CONST
0x1c70S0x1624S0x995	SUB
0x1c71S0x1624S0x995	SLT
0x1c72S0x1624S0x995	ISZERO
0x1c73S0x1624S0x995	CONST
0x1c7dS0x1624S0x995	MLOAD
0xb38S0x15c1S0x995	CONST
0xb3aS0x15c1S0x995	SLOAD
0xb3bS0x15c1S0x995	CONST
0xb3eS0x15c1S0x995	CONST
0xb42S0x15c1S0x995	CONST
0xb44S0x15c1S0x995	CONST
0xb46S0x15c1S0x995	CONST
0xb48S0x15c1S0x995	SHL
0xb49S0x15c1S0x995	SUB
0xb4aS0x15c1S0x995	AND
0xb4cS0x15c1S0x995	CONST
0xb4fS0x15c1S0x995	CALLPRIVATE
0x1646S0x9a6	CONST
0x1649S0x9a6	MLOAD
0x164aS0x9a6	CONST
0x164eS0x9a6	CONST
0x1651S0x9a6	ADD
0x1655S0x9a6	CONST
0x1658S0x9a6	ADD
0x165aS0x9a6	MLOAD
0x165bS0x9a6	CONST
0x165dS0x9a6	CONST
0x165fS0x9a6	CONST
0x1661S0x9a6	SHL
0x1662S0x9a6	SUB
0x1663S0x9a6	AND
0x1664S0x9a6	CONST
0x1669S0x9a6	CONST
0x166bS0x9a6	SHL
0x166cS0x9a6	OR
0x166fS0x9a6	CONST
0x1674S0x9a6	CONST
0x1678S0x9a6	CONST
0x86a1S0x9a6	CONST
0x86a3S0x9a6	ADD
0x86a5S0x9a6	MLOAD
0x86a7S0x9a6	ADD
0x86a9S0x9a6	CONST
0x86aeS0x9a6	CONST
0x1c77S0x869cS0x9a6	CONST
0x1c6aS0x869cS0x9a6	CONST
0x1c6cS0x869cS0x9a6	CONST
0x1c70S0x869cS0x9a6	SUB
0x1c71S0x869cS0x9a6	SLT
0x1c72S0x869cS0x9a6	ISZERO
0x1c73S0x869cS0x9a6	CONST
0x1c7dS0x869cS0x9a6	MLOAD
0xf6a0xec9_0x0S0x1645S0x9a6	PHI
0xf6e0xec9S0x1645S0x9a6	ADD
0xf6b0xec9S0x1645S0x9a6	CONST
0xf6a0xec9S0x1645S0x9a6	RETURNDATASIZE
0xf550xec9S0x1645S0x9a6	CONST
0xf530xec9S0x1645S0x9a6	ADD
0xf500xec9S0x1645S0x9a6	CONST
0xf4e0xec9S0x1645S0x9a6	CONST
0xf4d0xec9S0x1645S0x9a6	RETURNDATASIZE
0xf4a0xec9S0x1645S0x9a6	RETURNDATASIZE
0xf470xec9S0x1645S0x9a6	CONST
0xf460xec9S0x1645S0x9a6	ADD
0xf440xec9S0x1645S0x9a6	AND
0xf430xec9S0x1645S0x9a6	ADD
0xf420xec9S0x1645S0x9a6	RETURNDATASIZE
0xf400xec9S0x1645S0x9a6	CONST
0xf3f0xec9S0x1645S0x9a6	NOT
0xf3d0xec9S0x1645S0x9a6	CONST
0xf3a0xec9S0x1645S0x9a6	MLOAD
0xf380xec9S0x1645S0x9a6	CONST
0xecaS0x1645S0x9a6	CONST
0xeccS0x1645S0x9a6	CONST
0xecfS0x1645S0x9a6	ADDRESS
0xed0S0x1645S0x9a6	CONST
0xed2S0x1645S0x9a6	CONST
0xed4S0x1645S0x9a6	CONST
0xed6S0x1645S0x9a6	SHL
0xed7S0x1645S0x9a6	SUB
0xed8S0x1645S0x9a6	AND
0xedaS0x1645S0x9a6	CONST
0xedcS0x1645S0x9a6	MLOAD
0xeddS0x1645S0x9a6	CONST
0xedfS0x1645S0x9a6	ADD
0xee0S0x1645S0x9a6	CONST
0xee5S0x1645S0x9a6	CONST
0xf150xec9S0x1645S0x9a6	CONST
0xf1a0xec9S0x1645S0x9a6	CONST
0xf140xec9S0x1645S0x9a6	MLOAD
0xf110xec9S0x1645S0x9a6	OR
0xf100xec9S0x1645S0x9a6	SHL
0xf0e0xec9S0x1645S0x9a6	CONST
0xf090xec9S0x1645S0x9a6	CONST
0xf080xec9S0x1645S0x9a6	AND
0xf070xec9S0x1645S0x9a6	SUB
0xf060xec9S0x1645S0x9a6	SHL
0xf040xec9S0x1645S0x9a6	CONST
0xf020xec9S0x1645S0x9a6	CONST
0xf000xec9S0x1645S0x9a6	CONST
0xeff0xec9S0x1645S0x9a6	MLOAD
0xefd0xec9S0x1645S0x9a6	ADD
0xefa0xec9S0x1645S0x9a6	CONST
0xef40xec9S0x1645S0x9a6	ADD
0xef30xec9S0x1645S0x9a6	SUB
0xef00xec9S0x1645S0x9a6	NOT
0xeee0xec9S0x1645S0x9a6	CONST
0xeed0xec9S0x1645S0x9a6	MLOAD
0xeea0xec9S0x1645S0x9a6	CONST
0xf830xec9S0x1645S0x9a6	CALLPRIVATE
0xf7b0xec9S0x1645S0x9a6	CONST
0xf700xec9_0x0S0x1645S0x9a6	PHI
0xf800xec9S0x1645S0x9a6	CONST
0xf790xec9S0x1645S0x9a6	ADD
0xf770xec9S0x1645S0x9a6	MLOAD
0xf750xec9S0x1645S0x9a6	ADD
0xf730xec9S0x1645S0x9a6	CONST
0xf660xec9S0x1645S0x9a6	CONST
0xf340xec9S0x1645S0x9a6	CONST
0xf330xec9S0x1645S0x9a6	EQ
0xf300xec9S0x1645S0x9a6	CONST
0xf2e0xec9S0x1645S0x9a6	RETURNDATASIZE
0xf2a0xec9S0x1645S0x9a6	STATICCALL
0xf290xec9S0x1645S0x9a6	GAS
0xf260xec9S0x1645S0x9a6	SUB
0xf230xec9S0x1645S0x9a6	MLOAD
0xf210xec9S0x1645S0x9a6	CONST
0xf1f0xec9S0x1645S0x9a6	CONST
0xf5a0xec9S0x1645S0x9a6	CONST
0x1911S0xec9S0x1645S0x9a6	CONST
0x1915S0xec9S0x1645S0x9a6	CONST
0x1917S0xec9S0x1645S0x9a6	CONST
0x191aS0xec9S0x1645S0x9a6	CONST
0x191dS0xec9S0x1645S0x9a6	ADD
0x191fS0xec9S0x1645S0x9a6	CONST
0x18fdS0xec9S0x1645S0x9a6	CONST
0x18ffS0xec9S0x1645S0x9a6	ADD
0x1900S0xec9S0x1645S0x9a6	CONST
0x1902S0xec9S0x1645S0x9a6	NOT
0x1903S0xec9S0x1645S0x9a6	AND
0x1907S0xec9S0x1645S0x9a6	ADD
0x1908S0xec9S0x1645S0x9a6	CONST
0x190aS0xec9S0x1645S0x9a6	ADD
0x18e5S0xec9S0x1645S0x9a6	CONST
0x18e8S0xec9S0x1645S0x9a6	MLOAD
0x18ecS0xec9S0x1645S0x9a6	CONST
0x18f0S0xec9S0x1645S0x9a6	CONST
0x18f3S0xec9S0x1645S0x9a6	ADD
0x18f4S0xec9S0x1645S0x9a6	CONST
0x18f7S0xec9S0x1645S0x9a6	ADD
0x18f8S0xec9S0x1645S0x9a6	CONST
0x18deS0x18e4S0xec9S0x1645S0x9a6	CONST
0x18e1S0x18e4S0xec9S0x1645S0x9a6	ADD
0x18c6S0x18e4S0xec9S0x1645S0x9a6	LT
0x18c7S0x18e4S0xec9S0x1645S0x9a6	ISZERO
0x18c8S0x18e4S0xec9S0x1645S0x9a6	CONST
0x18c3_0x0S0x18e4S0xec9S0x1645S0x9a6	PHI
0x18c1S0x18e4S0xec9S0x1645S0x9a6	CONST
0x18ceS0x18e4S0xec9S0x1645S0x9a6	ADD
0x18cfS0x18e4S0xec9S0x1645S0x9a6	MLOAD
0x18d2S0x18e4S0xec9S0x1645S0x9a6	ADD
0x18d4S0x18e4S0xec9S0x1645S0x9a6	CONST
0x18d6S0x18e4S0xec9S0x1645S0x9a6	ADD
0x18d7S0x18e4S0xec9S0x1645S0x9a6	CONST
0x18cc_0x0S0x18e4S0xec9S0x1645S0x9a6	PHI
0x1c83S0xee90xec9S0x1645S0x9a6	CONST
0x1c86S0xee90xec9S0x1645S0x9a6	MLOAD
0x1c87S0xee90xec9S0x1645S0x9a6	CONST
0x1c8cS0xee90xec9S0x1645S0x9a6	CONST
0x1c8fS0xee90xec9S0x1645S0x9a6	ADD
0x1c90S0xee90xec9S0x1645S0x9a6	CONST
0x1c98S0xee90xec9S0x1645S0x9a6	ADD
0x18deS0x1c82S0xee90xec9S0x1645S0x9a6	CONST
0x18e1S0x1c82S0xee90xec9S0x1645S0x9a6	ADD
0x18c6S0x1c82S0xee90xec9S0x1645S0x9a6	LT
0x18c7S0x1c82S0xee90xec9S0x1645S0x9a6	ISZERO
0x18c8S0x1c82S0xee90xec9S0x1645S0x9a6	CONST
0x18c3_0x0S0x1c82S0xee90xec9S0x1645S0x9a6	PHI
0x18c1S0x1c82S0xee90xec9S0x1645S0x9a6	CONST
0x18ceS0x1c82S0xee90xec9S0x1645S0x9a6	ADD
0x18cfS0x1c82S0xee90xec9S0x1645S0x9a6	MLOAD
0x18d2S0x1c82S0xee90xec9S0x1645S0x9a6	ADD
0x18d4S0x1c82S0xee90xec9S0x1645S0x9a6	CONST
0x18d6S0x1c82S0xee90xec9S0x1645S0x9a6	ADD
0x18d7S0x1c82S0xee90xec9S0x1645S0x9a6	CONST
0x18cc_0x0S0x1c82S0xee90xec9S0x1645S0x9a6	PHI
0x167dS0x9ca	CONST
0x1680S0x9ca	CONST
0x1684S0x9ca	CONST
0x1686S0x9ca	MLOAD
0x1687S0x9ca	CONST
0x1689S0x9ca	ADD
0x168aS0x9ca	CONST
0x1690S0x9ca	CONST
0x1692S0x9ca	ADD
0x86d6S0x9ca	CONST
0x86d8S0x9ca	ADD
0x86daS0x9ca	MLOAD
0x86dcS0x9ca	ADD
0x86deS0x9ca	CONST
0x86e3S0x9ca	CONST
0x1c77S0x86d1S0x9ca	CONST
0x1c6aS0x86d1S0x9ca	CONST
0x1c6cS0x86d1S0x9ca	CONST
0x1c70S0x86d1S0x9ca	SUB
0x1c71S0x86d1S0x9ca	SLT
0x1c72S0x86d1S0x9ca	ISZERO
0x1c73S0x86d1S0x9ca	CONST
0x1c7dS0x86d1S0x9ca	MLOAD
0x1696S0x167cS0x9ca	CONST
0x1699S0x167cS0x9ca	MLOAD
0x169aS0x167cS0x9ca	CONST
0x169cS0x167cS0x9ca	NOT
0x169fS0x167cS0x9ca	SUB
0x16a0S0x167cS0x9ca	ADD
0x16a6S0x167cS0x9ca	CONST
0x16a9S0x167cS0x9ca	ADD
0x16abS0x167cS0x9ca	MLOAD
0x16acS0x167cS0x9ca	CONST
0x16aeS0x167cS0x9ca	CONST
0x16b0S0x167cS0x9ca	CONST
0x16b2S0x167cS0x9ca	SHL
0x16b3S0x167cS0x9ca	SUB
0x16b4S0x167cS0x9ca	AND
0x16b5S0x167cS0x9ca	CONST
0x16baS0x167cS0x9ca	CONST
0x16bcS0x167cS0x9ca	SHL
0x16bdS0x167cS0x9ca	OR
0x16c0S0x167cS0x9ca	CONST
0xb4f0x1695S0x167cS0x9ca	CALLPRIVATE
0xb3e0x1695S0x167cS0x9ca	CONST
0xb4c0x1695S0x167cS0x9ca	CONST
0xb4a0x1695S0x167cS0x9ca	AND
0xb490x1695S0x167cS0x9ca	SUB
0xb480x1695S0x167cS0x9ca	SHL
0xb460x1695S0x167cS0x9ca	CONST
0xb440x1695S0x167cS0x9ca	CONST
0xb420x1695S0x167cS0x9ca	CONST
0xb3b0x1695S0x167cS0x9ca	CONST
0xb3a0x1695S0x167cS0x9ca	SLOAD
0xb380x1695S0x167cS0x9ca	CONST
0x16c5S0x9ea	CONST
0x16c7S0x9ea	MLOAD
0x16c8S0x9ea	CONST
0x16caS0x9ea	CONST
0x16ccS0x9ea	CONST
0x16ceS0x9ea	SHL
0x16cfS0x9ea	SUB
0x16d2S0x9ea	AND
0x16d3S0x9ea	CONST
0x16d6S0x9ea	ADD
0x16d9S0x9ea	AND
0x16daS0x9ea	CONST
0x16ddS0x9ea	ADD
0x16dfS0x9ea	CONST
0x16e4S0x9ea	CONST
0x16e8S0x9ea	CONST
0x16eaS0x9ea	ADD
0x16ebS0x9ea	CONST
0x16eeS0x9ea	MLOAD
0x16efS0x9ea	CONST
0x16f1S0x9ea	NOT
0x16f4S0x9ea	SUB
0x16f5S0x9ea	ADD
0x16fbS0x9ea	CONST
0x16feS0x9ea	ADD
0x1700S0x9ea	MLOAD
0x1701S0x9ea	CONST
0x1703S0x9ea	CONST
0x1705S0x9ea	CONST
0x1707S0x9ea	SHL
0x1708S0x9ea	SUB
0x1709S0x9ea	AND
0x170aS0x9ea	CONST
0x170fS0x9ea	CONST
0x1711S0x9ea	SHL
0x1712S0x9ea	OR
0x1715S0x9ea	CONST
0x870bS0x9ea	CONST
0x870dS0x9ea	ADD
0x870fS0x9ea	MLOAD
0x8711S0x9ea	ADD
0x8713S0x9ea	CONST
0x8718S0x9ea	CONST
0x1c77S0x8706S0x9ea	CONST
0x1c6aS0x8706S0x9ea	CONST
0x1c6cS0x8706S0x9ea	CONST
0x1c70S0x8706S0x9ea	SUB
0x1c71S0x8706S0x9ea	SLT
0x1c72S0x8706S0x9ea	ISZERO
0x1c73S0x8706S0x9ea	CONST
0x1c7dS0x8706S0x9ea	MLOAD
0xf6a0xec9_0x0S0x16c4S0x9ea	PHI
0xf6e0xec9S0x16c4S0x9ea	ADD
0xf6b0xec9S0x16c4S0x9ea	CONST
0xf6a0xec9S0x16c4S0x9ea	RETURNDATASIZE
0xf550xec9S0x16c4S0x9ea	CONST
0xf530xec9S0x16c4S0x9ea	ADD
0xf500xec9S0x16c4S0x9ea	CONST
0xf4e0xec9S0x16c4S0x9ea	CONST
0xf4d0xec9S0x16c4S0x9ea	RETURNDATASIZE
0xf4a0xec9S0x16c4S0x9ea	RETURNDATASIZE
0xf470xec9S0x16c4S0x9ea	CONST
0xf460xec9S0x16c4S0x9ea	ADD
0xf440xec9S0x16c4S0x9ea	AND
0xf430xec9S0x16c4S0x9ea	ADD
0xf420xec9S0x16c4S0x9ea	RETURNDATASIZE
0xf400xec9S0x16c4S0x9ea	CONST
0xf3f0xec9S0x16c4S0x9ea	NOT
0xf3d0xec9S0x16c4S0x9ea	CONST
0xf3a0xec9S0x16c4S0x9ea	MLOAD
0xf380xec9S0x16c4S0x9ea	CONST
0xecaS0x16c4S0x9ea	CONST
0xeccS0x16c4S0x9ea	CONST
0xecfS0x16c4S0x9ea	ADDRESS
0xed0S0x16c4S0x9ea	CONST
0xed2S0x16c4S0x9ea	CONST
0xed4S0x16c4S0x9ea	CONST
0xed6S0x16c4S0x9ea	SHL
0xed7S0x16c4S0x9ea	SUB
0xed8S0x16c4S0x9ea	AND
0xedaS0x16c4S0x9ea	CONST
0xedcS0x16c4S0x9ea	MLOAD
0xeddS0x16c4S0x9ea	CONST
0xedfS0x16c4S0x9ea	ADD
0xee0S0x16c4S0x9ea	CONST
0xee5S0x16c4S0x9ea	CONST
0xf150xec9S0x16c4S0x9ea	CONST
0xf1a0xec9S0x16c4S0x9ea	CONST
0xf140xec9S0x16c4S0x9ea	MLOAD
0xf110xec9S0x16c4S0x9ea	OR
0xf100xec9S0x16c4S0x9ea	SHL
0xf0e0xec9S0x16c4S0x9ea	CONST
0xf090xec9S0x16c4S0x9ea	CONST
0xf080xec9S0x16c4S0x9ea	AND
0xf070xec9S0x16c4S0x9ea	SUB
0xf060xec9S0x16c4S0x9ea	SHL
0xf040xec9S0x16c4S0x9ea	CONST
0xf020xec9S0x16c4S0x9ea	CONST
0xf000xec9S0x16c4S0x9ea	CONST
0xeff0xec9S0x16c4S0x9ea	MLOAD
0xefd0xec9S0x16c4S0x9ea	ADD
0xefa0xec9S0x16c4S0x9ea	CONST
0xef40xec9S0x16c4S0x9ea	ADD
0xef30xec9S0x16c4S0x9ea	SUB
0xef00xec9S0x16c4S0x9ea	NOT
0xeee0xec9S0x16c4S0x9ea	CONST
0xeed0xec9S0x16c4S0x9ea	MLOAD
0xeea0xec9S0x16c4S0x9ea	CONST
0xf830xec9S0x16c4S0x9ea	CALLPRIVATE
0xf7b0xec9S0x16c4S0x9ea	CONST
0xf700xec9_0x0S0x16c4S0x9ea	PHI
0xf800xec9S0x16c4S0x9ea	CONST
0xf790xec9S0x16c4S0x9ea	ADD
0xf770xec9S0x16c4S0x9ea	MLOAD
0xf750xec9S0x16c4S0x9ea	ADD
0xf730xec9S0x16c4S0x9ea	CONST
0xf660xec9S0x16c4S0x9ea	CONST
0xf340xec9S0x16c4S0x9ea	CONST
0xf330xec9S0x16c4S0x9ea	EQ
0xf300xec9S0x16c4S0x9ea	CONST
0xf2e0xec9S0x16c4S0x9ea	RETURNDATASIZE
0xf2a0xec9S0x16c4S0x9ea	STATICCALL
0xf290xec9S0x16c4S0x9ea	GAS
0xf260xec9S0x16c4S0x9ea	SUB
0xf230xec9S0x16c4S0x9ea	MLOAD
0xf210xec9S0x16c4S0x9ea	CONST
0xf1f0xec9S0x16c4S0x9ea	CONST
0xf5a0xec9S0x16c4S0x9ea	CONST
0x1911S0xec9S0x16c4S0x9ea	CONST
0x1915S0xec9S0x16c4S0x9ea	CONST
0x1917S0xec9S0x16c4S0x9ea	CONST
0x191aS0xec9S0x16c4S0x9ea	CONST
0x191dS0xec9S0x16c4S0x9ea	ADD
0x191fS0xec9S0x16c4S0x9ea	CONST
0x18fdS0xec9S0x16c4S0x9ea	CONST
0x18ffS0xec9S0x16c4S0x9ea	ADD
0x1900S0xec9S0x16c4S0x9ea	CONST
0x1902S0xec9S0x16c4S0x9ea	NOT
0x1903S0xec9S0x16c4S0x9ea	AND
0x1907S0xec9S0x16c4S0x9ea	ADD
0x1908S0xec9S0x16c4S0x9ea	CONST
0x190aS0xec9S0x16c4S0x9ea	ADD
0x18e5S0xec9S0x16c4S0x9ea	CONST
0x18e8S0xec9S0x16c4S0x9ea	MLOAD
0x18ecS0xec9S0x16c4S0x9ea	CONST
0x18f0S0xec9S0x16c4S0x9ea	CONST
0x18f3S0xec9S0x16c4S0x9ea	ADD
0x18f4S0xec9S0x16c4S0x9ea	CONST
0x18f7S0xec9S0x16c4S0x9ea	ADD
0x18f8S0xec9S0x16c4S0x9ea	CONST
0x18deS0x18e4S0xec9S0x16c4S0x9ea	CONST
0x18e1S0x18e4S0xec9S0x16c4S0x9ea	ADD
0x18c6S0x18e4S0xec9S0x16c4S0x9ea	LT
0x18c7S0x18e4S0xec9S0x16c4S0x9ea	ISZERO
0x18c8S0x18e4S0xec9S0x16c4S0x9ea	CONST
0x18c3_0x0S0x18e4S0xec9S0x16c4S0x9ea	PHI
0x18c1S0x18e4S0xec9S0x16c4S0x9ea	CONST
0x18ceS0x18e4S0xec9S0x16c4S0x9ea	ADD
0x18cfS0x18e4S0xec9S0x16c4S0x9ea	MLOAD
0x18d2S0x18e4S0xec9S0x16c4S0x9ea	ADD
0x18d4S0x18e4S0xec9S0x16c4S0x9ea	CONST
0x18d6S0x18e4S0xec9S0x16c4S0x9ea	ADD
0x18d7S0x18e4S0xec9S0x16c4S0x9ea	CONST
0x18cc_0x0S0x18e4S0xec9S0x16c4S0x9ea	PHI
0x1c83S0xee90xec9S0x16c4S0x9ea	CONST
0x1c86S0xee90xec9S0x16c4S0x9ea	MLOAD
0x1c87S0xee90xec9S0x16c4S0x9ea	CONST
0x1c8cS0xee90xec9S0x16c4S0x9ea	CONST
0x1c8fS0xee90xec9S0x16c4S0x9ea	ADD
0x1c90S0xee90xec9S0x16c4S0x9ea	CONST
0x1c98S0xee90xec9S0x16c4S0x9ea	ADD
0x18deS0x1c82S0xee90xec9S0x16c4S0x9ea	CONST
0x18e1S0x1c82S0xee90xec9S0x16c4S0x9ea	ADD
0x18c6S0x1c82S0xee90xec9S0x16c4S0x9ea	LT
0x18c7S0x1c82S0xee90xec9S0x16c4S0x9ea	ISZERO
0x18c8S0x1c82S0xee90xec9S0x16c4S0x9ea	CONST
0x18c3_0x0S0x1c82S0xee90xec9S0x16c4S0x9ea	PHI
0x18c1S0x1c82S0xee90xec9S0x16c4S0x9ea	CONST
0x18ceS0x1c82S0xee90xec9S0x16c4S0x9ea	ADD
0x18cfS0x1c82S0xee90xec9S0x16c4S0x9ea	MLOAD
0x18d2S0x1c82S0xee90xec9S0x16c4S0x9ea	ADD
0x18d4S0x1c82S0xee90xec9S0x16c4S0x9ea	CONST
0x18d6S0x1c82S0xee90xec9S0x16c4S0x9ea	ADD
0x18d7S0x1c82S0xee90xec9S0x16c4S0x9ea	CONST
0x18cc_0x0S0x1c82S0xee90xec9S0x16c4S0x9ea	PHI
0x171aS0x9fb	CONST
0x171dS0x9fb	MLOAD
0x171eS0x9fb	CONST
0x1722S0x9fb	CONST
0x1725S0x9fb	ADD
0x1729S0x9fb	CONST
0x172cS0x9fb	ADD
0x172eS0x9fb	MLOAD
0x172fS0x9fb	CONST
0x1731S0x9fb	CONST
0x1733S0x9fb	CONST
0x1735S0x9fb	SHL
0x1736S0x9fb	SUB
0x1737S0x9fb	AND
0x1738S0x9fb	CONST
0x173dS0x9fb	CONST
0x173fS0x9fb	SHL
0x1740S0x9fb	OR
0x1743S0x9fb	CONST
0x1748S0x9fb	CONST
0x174cS0x9fb	CONST
0x8740S0x9fb	CONST
0x8742S0x9fb	ADD
0x8744S0x9fb	MLOAD
0x8746S0x9fb	ADD
0x8748S0x9fb	CONST
0x874dS0x9fb	CONST
0x1c77S0x873bS0x9fb	CONST
0x1c6aS0x873bS0x9fb	CONST
0x1c6cS0x873bS0x9fb	CONST
0x1c70S0x873bS0x9fb	SUB
0x1c71S0x873bS0x9fb	SLT
0x1c72S0x873bS0x9fb	ISZERO
0x1c73S0x873bS0x9fb	CONST
0x1c7dS0x873bS0x9fb	MLOAD
0xb38S0x1719S0x9fb	CONST
0xb3aS0x1719S0x9fb	SLOAD
0xb3bS0x1719S0x9fb	CONST
0xb3eS0x1719S0x9fb	CONST
0xb42S0x1719S0x9fb	CONST
0xb44S0x1719S0x9fb	CONST
0xb46S0x1719S0x9fb	CONST
0xb48S0x1719S0x9fb	SHL
0xb49S0x1719S0x9fb	SUB
0xb4aS0x1719S0x9fb	AND
0xb4cS0x1719S0x9fb	CONST
0xb4fS0x1719S0x9fb	CALLPRIVATE
0x1751S0xa1f	CONST
0x1753S0xa1f	MLOAD
0x1754S0xa1f	CONST
0x1756S0xa1f	CONST
0x1758S0xa1f	CONST
0x175aS0xa1f	SHL
0x175bS0xa1f	SUB
0x175dS0xa1f	AND
0x175eS0xa1f	CONST
0x1761S0xa1f	ADD
0x1763S0xa1f	CONST
0x1768S0xa1f	CONST
0x176cS0xa1f	CONST
0x176eS0xa1f	ADD
0x176fS0xa1f	CONST
0x1772S0xa1f	MLOAD
0x1773S0xa1f	CONST
0x1775S0xa1f	NOT
0x1778S0xa1f	SUB
0x1779S0xa1f	ADD
0x177fS0xa1f	CONST
0x1782S0xa1f	ADD
0x1784S0xa1f	MLOAD
0x1785S0xa1f	CONST
0x1787S0xa1f	CONST
0x1789S0xa1f	CONST
0x178bS0xa1f	SHL
0x178cS0xa1f	SUB
0x178dS0xa1f	AND
0x178eS0xa1f	CONST
0x1793S0xa1f	CONST
0x1795S0xa1f	SHL
0x1796S0xa1f	OR
0x1799S0xa1f	CONST
0x8775S0xa1f	CONST
0x8777S0xa1f	ADD
0x8779S0xa1f	MLOAD
0x877bS0xa1f	ADD
0x877dS0xa1f	CONST
0x8782S0xa1f	CONST
0x1c77S0x8770S0xa1f	CONST
0x1c6aS0x8770S0xa1f	CONST
0x1c6cS0x8770S0xa1f	CONST
0x1c70S0x8770S0xa1f	SUB
0x1c71S0x8770S0xa1f	SLT
0x1c72S0x8770S0xa1f	ISZERO
0x1c73S0x8770S0xa1f	CONST
0x1c7dS0x8770S0xa1f	MLOAD
0xb38S0x1750S0xa1f	CONST
0xb3aS0x1750S0xa1f	SLOAD
0xb3bS0x1750S0xa1f	CONST
0xb3eS0x1750S0xa1f	CONST
0xb42S0x1750S0xa1f	CONST
0xb44S0x1750S0xa1f	CONST
0xb46S0x1750S0xa1f	CONST
0xb48S0x1750S0xa1f	SHL
0xb49S0x1750S0xa1f	SUB
0xb4aS0x1750S0xa1f	AND
0xb4cS0x1750S0xa1f	CONST
0xb4fS0x1750S0xa1f	CALLPRIVATE
0x179eS0xa5f	CONST
0x17a0S0xa5f	MLOAD
0x17a1S0xa5f	CONST
0x17a3S0xa5f	CONST
0x17a5S0xa5f	CONST
0x17a7S0xa5f	SHL
0x17a8S0xa5f	SUB
0x17abS0xa5f	AND
0x17acS0xa5f	CONST
0x17afS0xa5f	ADD
0x17b1S0xa5f	CONST
0x17b4S0xa5f	ADD
0x17b9S0xa5f	AND
0x17baS0xa5f	CONST
0x17bdS0xa5f	ADD
0x17bfS0xa5f	CONST
0x17c4S0xa5f	CONST
0x17c8S0xa5f	CONST
0x17caS0xa5f	ADD
0x17cbS0xa5f	CONST
0x17ceS0xa5f	MLOAD
0x17cfS0xa5f	CONST
0x17d1S0xa5f	NOT
0x17d4S0xa5f	SUB
0x17d5S0xa5f	ADD
0x17dbS0xa5f	CONST
0x17deS0xa5f	ADD
0x17e0S0xa5f	MLOAD
0x17e1S0xa5f	CONST
0x17e3S0xa5f	CONST
0x17e5S0xa5f	CONST
0x17e7S0xa5f	SHL
0x17e8S0xa5f	SUB
0x17e9S0xa5f	AND
0x17eaS0xa5f	CONST
0x17efS0xa5f	CONST
0x17f1S0xa5f	SHL
0x17f2S0xa5f	OR
0x17f5S0xa5f	CONST
0x87aaS0xa5f	CONST
0x87acS0xa5f	ADD
0x87aeS0xa5f	MLOAD
0x87b0S0xa5f	ADD
0x87b2S0xa5f	CONST
0x87b7S0xa5f	CONST
0x1c77S0x87a5S0xa5f	CONST
0x1c6aS0x87a5S0xa5f	CONST
0x1c6cS0x87a5S0xa5f	CONST
0x1c70S0x87a5S0xa5f	SUB
0x1c71S0x87a5S0xa5f	SLT
0x1c72S0x87a5S0xa5f	ISZERO
0x1c73S0x87a5S0xa5f	CONST
0x1c7dS0x87a5S0xa5f	MLOAD
0xb38S0x179dS0xa5f	CONST
0xb3aS0x179dS0xa5f	SLOAD
0xb3bS0x179dS0xa5f	CONST
0xb3eS0x179dS0xa5f	CONST
0xb42S0x179dS0xa5f	CONST
0xb44S0x179dS0xa5f	CONST
0xb46S0x179dS0xa5f	CONST
0xb48S0x179dS0xa5f	SHL
0xb49S0x179dS0xa5f	SUB
0xb4aS0x179dS0xa5f	AND
0xb4cS0x179dS0xa5f	CONST
0xb4fS0x179dS0xa5f	CALLPRIVATE
0x17faS0xaa4	CONST
0x17fdS0xaa4	CONST
0x1801S0xaa4	CONST
0x1803S0xaa4	MLOAD
0x1804S0xaa4	CONST
0x1806S0xaa4	ADD
0x1807S0xaa4	CONST
0x180dS0xaa4	CONST
0x180fS0xaa4	ADD
0x87dfS0xaa4	CONST
0x87e1S0xaa4	ADD
0x87e3S0xaa4	MLOAD
0x87e5S0xaa4	ADD
0x87e7S0xaa4	CONST
0x87ecS0xaa4	CONST
0x1c77S0x87daS0xaa4	CONST
0x1c6aS0x87daS0xaa4	CONST
0x1c6cS0x87daS0xaa4	CONST
0x1c70S0x87daS0xaa4	SUB
0x1c71S0x87daS0xaa4	SLT
0x1c72S0x87daS0xaa4	ISZERO
0x1c73S0x87daS0xaa4	CONST
0x1c7dS0x87daS0xaa4	MLOAD
0x1813S0x17f9S0xaa4	CONST
0x1816S0x17f9S0xaa4	MLOAD
0x1817S0x17f9S0xaa4	CONST
0x1819S0x17f9S0xaa4	NOT
0x181cS0x17f9S0xaa4	SUB
0x181dS0x17f9S0xaa4	ADD
0x1823S0x17f9S0xaa4	CONST
0x1826S0x17f9S0xaa4	ADD
0x1828S0x17f9S0xaa4	MLOAD
0x1829S0x17f9S0xaa4	CONST
0x182bS0x17f9S0xaa4	CONST
0x182dS0x17f9S0xaa4	CONST
0x182fS0x17f9S0xaa4	SHL
0x1830S0x17f9S0xaa4	SUB
0x1831S0x17f9S0xaa4	AND
0x1832S0x17f9S0xaa4	CONST
0x1837S0x17f9S0xaa4	CONST
0x1839S0x17f9S0xaa4	SHL
0x183aS0x17f9S0xaa4	OR
0x183dS0x17f9S0xaa4	CONST
0xb4f0x1812S0x17f9S0xaa4	CALLPRIVATE
0xb3e0x1812S0x17f9S0xaa4	CONST
0xb4c0x1812S0x17f9S0xaa4	CONST
0xb4a0x1812S0x17f9S0xaa4	AND
0xb490x1812S0x17f9S0xaa4	SUB
0xb480x1812S0x17f9S0xaa4	SHL
0xb460x1812S0x17f9S0xaa4	CONST
0xb440x1812S0x17f9S0xaa4	CONST
0xb420x1812S0x17f9S0xaa4	CONST
0xb3b0x1812S0x17f9S0xaa4	CONST
0xb3a0x1812S0x17f9S0xaa4	SLOAD
0xb380x1812S0x17f9S0xaa4	CONST
0x495	JUMP
0x4c5	JUMP
0x509	JUMP
0x534	JUMP
0x574	JUMP
0x594	JUMP
0x618	JUMP
0x62d	JUMP
0x64d	JUMP
0x68d	JUMP
0x723	JUMP
0x78e	JUMP
0x7a3	JUMP
0x7c3	JUMP
0x7e3	JUMP
0x82e	JUMP
0x84e	JUMP
0x863	JUMP
0x883	JUMP
0x8b9	JUMP
0x8d9	JUMP
0x8ee	JUMP
0x90e	JUMP
0x94e	JUMP
0x963	JUMP
0x999	JUMP
0x9ae	JUMP
0x9ce	JUMP
0x9ee	JUMP
0xa03	JUMP
0xa23	JUMP
0xa63	JUMP
0xaa8	JUMP
0x470	JUMP
0x668	JUMP
0x6be	JUMP
0x43f	JUMP
0x475	JUMP
0x108d	JUMP
0x10f4	JUMP
0x66d	JUMP
0x80e	JUMP
0x10c5	JUMP
0x76ca	JUMP
0x76f6	JUMP
0x796d	JUMP
0x7c23	JUMP
0x1ce5	JUMP
0x490	JUMP
0x58f	JUMP
0x87e	JUMP
0x504	JUMP
0x54f	JUMP
0x613	JUMP
0x688	JUMP
0x789	JUMP
0x829	JUMP
0x8d4	JUMP
0x909	JUMP
0xa1e	JUMP
0x56f	JUMP
0x8b4	JUMP
0x9e9	JUMP
0xa5e	JUMP
0x185d	JUMP
0x893b	JUMP
0x4c0	JUMP
0x648	JUMP
0x71e	JUMP
0x7be	JUMP
0x7de	JUMP
0x849	JUMP
0x949	JUMP
0x9c9	JUMP
0xaa3	JUMP
0x554	JUMP
0x1d0b	JUMP
0x8fd4	CALLPRIVATE
0x8fd7	CALLPRIVATE
0x8fda	CALLPRIVATE
0x8fdd	CALLPRIVATE
0x8fe0	CALLPRIVATE
0x8fe3	CALLPRIVATE
0x8fe6	CALLPRIVATE
0x8fe9	CALLPRIVATE
0x8fec	CALLPRIVATE
0x8fef	CALLPRIVATE
0x8ff2	CALLPRIVATE
0x8ff5	CALLPRIVATE
0x8ff8	CALLPRIVATE
0x8ffb	CALLPRIVATE
0x8ffe	CALLPRIVATE
0x9001	CALLPRIVATE
0x9004	CALLPRIVATE
0x9007	CALLPRIVATE
0x900a	CALLPRIVATE
0x900d	CALLPRIVATE
0x9010	CALLPRIVATE
0x9013	CALLPRIVATE
0x9016	CALLPRIVATE
0x9019	CALLPRIVATE
0x901c	CALLPRIVATE
0x901f	CALLPRIVATE
0x9022	CALLPRIVATE
0x9025	CALLPRIVATE
0x9028	CALLPRIVATE
0x902b	CALLPRIVATE
0x902e	CALLPRIVATE
0x9031	CALLPRIVATE
0x9034	CALLPRIVATE
0x9037	CALLPRIVATE
0x903a	CALLPRIVATE
0x903d	CALLPRIVATE
0x9040	CALLPRIVATE
0x9043	CALLPRIVATE
0x9046	CALLPRIVATE
0x9049	CALLPRIVATE
0x904c	CALLPRIVATE
0x904f	CALLPRIVATE
0x9052	CALLPRIVATE
0x9055	CALLPRIVATE
0x9058	CALLPRIVATE
0x905b	CALLPRIVATE
0x905e	CALLPRIVATE
0x9061	CALLPRIVATE
0x9064	CALLPRIVATE
0x9067	CALLPRIVATE
0x906a	CALLPRIVATE
0x906d	CALLPRIVATE
0x9070	CALLPRIVATE
0x9073	CALLPRIVATE
0x9076	CALLPRIVATE
0x6e	JUMP
0x94	JUMP
0xd0	JUMP
0xf6	JUMP
0x13d	JUMP
0x163	JUMP
0x1aa	JUMP
0x1fc	JUMP
0x222	JUMP
0x25e	JUMP
0x284	JUMP
0x2cb	JUMP
0x2f1	JUMP
0x3cd	JUMP
0x408	JUMP
0x4e9	JUMP
0x51f	JUMP
0x5b4	JUMP
0x5e6	JUMP
0x5f8	JUMP
0x6a3	JUMP
0x6c3	JUMP
0x6e3	JUMP
0x703	JUMP
0x739	JUMP
0x74e	JUMP
0x76e	JUMP
0x7f9	JUMP
0x899	JUMP
0x92e	JUMP
0x979	JUMP
0x994	JUMP
0xa43	JUMP
0xa88	JUMP
0x1055	JUMP
0x1142	JUMP
0x1898	JUMP
0x18bf	JUMP
0x1b96	JUMP
0x7725	JUMP
0x7752	JUMP
0x77ac	JUMP
0x7806	JUMP
0x7856	JUMP
0x7883	JUMP
0x78e7	JUMP
0x7914	JUMP
0x7941	JUMP
0x799a	JUMP
0x7a83	JUMP
0x7b43	JUMP
0x7b70	JUMP
0x7b9d	JUMP
0x7bca	JUMP
0x7c50	JUMP
0x7c7d	JUMP
0x7caa	JUMP
0x7cd9	JUMP
0x7d33	JUMP
0x7d60	JUMP
0x7d8d	JUMP
0x7dba	JUMP
0x7de7	JUMP
0x7e41	JUMP
0x7e6e	JUMP
0x7e9b	JUMP
0x7ec8	JUMP
0x7ef5	JUMP
0x7f22	JUMP
0x7f86	JUMP
0x7fea	JUMP
0x8990	JUMP
0x89bd	JUMP
0x89f4	JUMP
0x8a21	JUMP
0x8a58	JUMP
0x8a8f	JUMP
0x8abc	JUMP
0x8aeb	JUMP
0x8b22	JUMP
0x8b4f	JUMP
0x8b7c	JUMP
0x8ba9	JUMP
0x8be0	JUMP
0x8c17	JUMP
0x1d	JUMPI
0x28	JUMPI
0x33	JUMPI
0x3e	JUMPI
0xa0	JUMPI
0x102	JUMPI
0x10d	JUMPI
0x1b6	JUMPI
0x1c1	JUMPI
0x1cc	JUMPI
0x22e	JUMPI
0x290	JUMPI
0x29b	JUMPI
0x33b	JUMPI
0x3e7	JUMPI
0x421	JUMPI
0x432	JUMPI
0x45d	JUMPI
0x47d	JUMPI
0x4ad	JUMPI
0x4db	JUMPI
0x4f1	JUMPI
0x511	JUMPI
0x527	JUMPI
0x53c	JUMPI
0x55c	JUMPI
0x57c	JUMPI
0x59c	JUMPI
0x5d4	JUMPI
0x600	JUMPI
0x620	JUMPI
0x635	JUMPI
0x655	JUMPI
0x675	JUMPI
0x695	JUMPI
0x6ab	JUMPI
0x6cb	JUMPI
0x6eb	JUMPI
0x70b	JUMPI
0x72b	JUMPI
0x741	JUMPI
0x756	JUMPI
0x776	JUMPI
0x796	JUMPI
0x7ab	JUMPI
0x7cb	JUMPI
0x7eb	JUMPI
0x801	JUMPI
0x816	JUMPI
0x836	JUMPI
0x856	JUMPI
0x86b	JUMPI
0x88b	JUMPI
0x8a1	JUMPI
0x8c1	JUMPI
0x8e1	JUMPI
0x8f6	JUMPI
0x936	JUMPI
0x956	JUMPI
0x96b	JUMPI
0x981	JUMPI
0x9a1	JUMPI
0x9b6	JUMPI
0x9d6	JUMPI
0x9f6	JUMPI
0xa0b	JUMPI
0xa2b	JUMPI
0xa4b	JUMPI
0xa6b	JUMPI
0xa90	JUMPI
0xfe8	JUMPI
0x105c	JUMPI
0x1877	JUMPI
0x18a9	JUMPI
0x1b5b	JUMPI
0x1b7a	JUMPI
0x1c1f	JUMPI
0x1c30	JUMPI
0x1cab	JUMPI
0x1cc2	JUMPI
0x1cd3	JUMPI
0x1cf6	JUMPI
0x8f65	JUMPI
0x8f67	JUMPI
0x8f69	JUMPI
0x8f6b	JUMPI
0x8f6d	JUMPI
0x8f6f	JUMPI
0x8f71	JUMPI
0x8f73	JUMPI
0x8f75	JUMPI
0x8f77	JUMPI
0x8f79	JUMPI
0x8f7b	JUMPI
0x8f7d	JUMPI
0x8f7f	JUMPI
0x8f81	JUMPI
0x8f83	JUMPI
0x8f85	JUMPI
0x8f87	JUMPI
0x8f89	JUMPI
0x8f8b	JUMPI
0x8f8d	JUMPI
0x8f8f	JUMPI
0x8f91	JUMPI
0x8f93	JUMPI
0x8f95	JUMPI
0x8f97	JUMPI
0x8f99	JUMPI
0x8f9b	JUMPI
0x8f9d	JUMPI
0x8f9f	JUMPI
0x8fa1	JUMPI
0x8fa3	JUMPI
0x8fa5	JUMPI
0x8fa7	JUMPI
0x8fa9	JUMPI
0x8fab	JUMPI
0x8fad	JUMPI
0x8faf	JUMPI
0x8fb1	JUMPI
0x8fb3	JUMPI
0x8fb5	JUMPI
0x8fb7	JUMPI
0x8fb9	JUMPI
0x8fbb	JUMPI
0x8fbd	JUMPI
0x8fbf	JUMPI
0x8fc1	JUMPI
0x8fc3	JUMPI
0x8fc5	JUMPI
0x8fc7	JUMPI
0x8fc9	JUMPI
0x8fcb	JUMPI
0x8fcd	JUMPI
0x8fcf	JUMPI
0x8fd1	JUMPI
0x1c4b	RETURNPRIVATE
0x8816	RETURNPRIVATE
0x8963	RETURNPRIVATE
0x113d	LOG1
0x7827	STOP
0x79e8	STOP
0x424	RETURN
0x4550x42b	RETURN
0x4550x456	RETURN
0x4550x476	RETURN
0x4550x4a6	RETURN
0x4550x4d4	RETURN
0x4550x4ea	RETURN
0x4550x50a	RETURN
0x4550x520	RETURN
0x4550x555	RETURN
0x4550x575	RETURN
0x4550x595	RETURN
0x4550x5cd	RETURN
0x4550x5f9	RETURN
0x4550x619	RETURN
0x4550x62e	RETURN
0x4550x64e	RETURN
0x4550x66e	RETURN
0x4550x68e	RETURN
0x4550x6c4	RETURN
0x4550x6e4	RETURN
0x4550x704	RETURN
0x4550x724	RETURN
0x4550x73a	RETURN
0x4550x74f	RETURN
0x4550x76f	RETURN
0x4550x78f	RETURN
0x4550x7a4	RETURN
0x4550x7c4	RETURN
0x4550x7e4	RETURN
0x4550x7fa	RETURN
0x4550x80f	RETURN
0x4550x82f	RETURN
0x4550x84f	RETURN
0x4550x864	RETURN
0x4550x884	RETURN
0x4550x89a	RETURN
0x4550x8ba	RETURN
0x4550x8da	RETURN
0x4550x8ef	RETURN
0x4550x92f	RETURN
0x4550x94f	RETURN
0x4550x964	RETURN
0x4550x97a	RETURN
0x4550x99a	RETURN
0x4550x9af	RETURN
0x4550x9cf	RETURN
0x4550x9ef	RETURN
0x4550xa04	RETURN
0x4550xa24	RETURN
0x4550xa44	RETURN
0x4550xa64	RETURN
0x4550xa89	RETURN
0x428	REVERT
0x436	REVERT
0x461	REVERT
0x481	REVERT
0x4b1	REVERT
0x4df	REVERT
0x4f5	REVERT
0x515	REVERT
0x52b	REVERT
0x540	REVERT
0x560	REVERT
0x580	REVERT
0x5a0	REVERT
0x5d8	REVERT
0x604	REVERT
0x624	REVERT
0x639	REVERT
0x659	REVERT
0x679	REVERT
0x699	REVERT
0x6af	REVERT
0x6cf	REVERT
0x6ef	REVERT
0x70f	REVERT
0x72f	REVERT
0x745	REVERT
0x75a	REVERT
0x77a	REVERT
0x79a	REVERT
0x7af	REVERT
0x7cf	REVERT
0x7ef	REVERT
0x805	REVERT
0x81a	REVERT
0x83a	REVERT
0x85a	REVERT
0x86f	REVERT
0x88f	REVERT
0x8a5	REVERT
0x8c5	REVERT
0x8e5	REVERT
0x8fa	REVERT
0x93a	REVERT
0x95a	REVERT
0x96f	REVERT
0x985	REVERT
0x9a5	REVERT
0x9ba	REVERT
0x9da	REVERT
0x9fa	REVERT
0xa0f	REVERT
0xa2f	REVERT
0xa4f	REVERT
0xa6f	REVERT
0xa94	REVERT
0x18af	REVERT
0x1b5f	REVERT
0x1b7e	REVERT
0x1c45	REVERT
0x1caf	REVERT
0x1cc6	REVERT
0x1cd7	REVERT
0x1cfa	REVERT
0x3ad0x335	REVERT
0x3ad0x6a4	REVERT
0x18b4	CALLDATACOPY
0x347	MSTORE
0x34e	MSTORE
0x355	MSTORE
0x37b	MSTORE
0x3a1	MSTORE
0x3f9	MSTORE
0x3fc	MSTORE
0x5f1	MSTORE
0x916	MSTORE
0x91e	MSTORE
0x922	MSTORE
0x927	MSTORE
0xff4	MSTORE
0xffb	MSTORE
0x1002	MSTORE
0x1028	MSTORE
0x104e	MSTORE
0x1064	MSTORE
0x106b	MSTORE
0x1085	MSTORE
0x10d3	MSTORE
0x10d6	MSTORE
0x10f0	MSTORE
0x110a	MSTORE
0x1112	MSTORE
0x1889	MSTORE
0x188c	MSTORE
0x18bb	MSTORE
0x1c3b	MSTORE
0x1c40	MSTORE
0x1ce9	MSTORE
0x771e	MSTORE
0x774b	MSTORE
0x77a5	MSTORE
0x77ff	MSTORE
0x784f	MSTORE
0x787c	MSTORE
0x78e0	MSTORE
0x790d	MSTORE
0x793a	MSTORE
0x7993	MSTORE
0x7a7c	MSTORE
0x7b3c	MSTORE
0x7b69	MSTORE
0x7b96	MSTORE
0x7bc3	MSTORE
0x7c49	MSTORE
0x7c76	MSTORE
0x7ca3	MSTORE
0x7cd2	MSTORE
0x7d2c	MSTORE
0x7d59	MSTORE
0x7d86	MSTORE
0x7db3	MSTORE
0x7de0	MSTORE
0x7e3a	MSTORE
0x7e67	MSTORE
0x7e94	MSTORE
0x7ec1	MSTORE
0x7eee	MSTORE
0x7f1b	MSTORE
0x7f7f	MSTORE
0x7fe3	MSTORE
0x8989	MSTORE
0x89b6	MSTORE
0x89ed	MSTORE
0x8a1a	MSTORE
0x8a51	MSTORE
0x8a88	MSTORE
0x8ab5	MSTORE
0x8ae4	MSTORE
0x8b1b	MSTORE
0x8b48	MSTORE
0x8b75	MSTORE
0x8ba2	MSTORE
0x8bd9	MSTORE
0x8c10	MSTORE
0x10ae	SSTORE
0x404	RETURNDATACOPY
0x41a	RETURNDATACOPY
0x1894	RETURNDATACOPY
0x1a72S0x4b2	REVERT
0x1a6eS0x4b2	JUMPI
0x1a79S0x4b2	JUMP
0x1a72S0x63a	REVERT
0x1a6eS0x63a	JUMPI
0x1a79S0x63a	JUMP
0x1a72S0x710	REVERT
0x1a6eS0x710	JUMPI
0x1a79S0x710	JUMP
0x1a72S0x7b0	REVERT
0x1a6eS0x7b0	JUMPI
0x1a79S0x7b0	JUMP
0x1a72S0x7d0	REVERT
0x1a6eS0x7d0	JUMPI
0x1a79S0x7d0	JUMP
0x1a72S0x83b	REVERT
0x1a6eS0x83b	JUMPI
0x1a79S0x83b	JUMP
0x1a72S0x93b	REVERT
0x1a6eS0x93b	JUMPI
0x1a79S0x93b	JUMP
0x1a72S0x9bb	REVERT
0x1a6eS0x9bb	JUMPI
0x1a79S0x9bb	JUMP
0x1a72S0xa95	REVERT
0x1a6eS0xa95	JUMPI
0x1a79S0xa95	JUMP
0x1961S0x8937	JUMP
0x1969S0x8937	JUMP
0x1965S0x8937	MSTORE
0x3b0bS0x8937	REVERT
0x3b01S0x8937	MSTORE
0x3b06S0x8937	MSTORE
0x195aS0x8937	JUMPI
0x18e3S0x1cfb	JUMP
0x18e2S0x1cfb	MSTORE
0x18cbS0x1cfb	JUMPI
0x18daS0x1cfb	JUMP
0x18d3S0x1cfb	MSTORE
0x1922S0x76be	JUMP
0x1914S0x76be	MSTORE
0x190fS0x76be	JUMP
0x883cS0x76be	JUMP
0x18fbS0x76be	JUMP
0x18ebS0x76be	MSTORE
0x18e3S0x18e4S0x76be	JUMP
0x18e2S0x18e4S0x76be	MSTORE
0x18cbS0x18e4S0x76be	JUMPI
0x18daS0x18e4S0x76be	JUMP
0x18d3S0x18e4S0x76be	MSTORE
0x1922S0x76ea	JUMP
0x1914S0x76ea	MSTORE
0x190fS0x76ea	JUMP
0x883cS0x76ea	JUMP
0x18fbS0x76ea	JUMP
0x18ebS0x76ea	MSTORE
0x18e3S0x18e4S0x76ea	JUMP
0x18e2S0x18e4S0x76ea	MSTORE
0x18cbS0x18e4S0x76ea	JUMPI
0x18daS0x18e4S0x76ea	JUMP
0x18d3S0x18e4S0x76ea	MSTORE
0x1a47S0x482	REVERT
0x1a43S0x482	JUMPI
0x1a52S0x482	JUMP
0x1a60S0x482	JUMP
0x1a31S0x1a48S0x482	REVERT
0x88a9S0x1a48S0x482	JUMP
0x1a2dS0x1a48S0x482	JUMPI
0x1a8bS0x4f6	REVERT
0x1a87S0x4f6	JUMPI
0x1a96S0x4f6	JUMP
0x88cfS0x4f6	JUMP
0x1a31S0x1a8cS0x4f6	REVERT
0x88a9S0x1a8cS0x4f6	JUMP
0x1a2dS0x1a8cS0x4f6	JUMPI
0x1a8bS0x541	REVERT
0x1a87S0x541	JUMPI
0x1a96S0x541	JUMP
0x88cfS0x541	JUMP
0x1a31S0x1a8cS0x541	REVERT
0x88a9S0x1a8cS0x541	JUMP
0x1a2dS0x1a8cS0x541	JUMPI
0x1aabS0x561	REVERT
0x1aa7S0x561	JUMPI
0x1ab6S0x561	JUMP
0x1ac6S0x561	JUMP
0x1ad7S0x561	JUMP
0x1a31S0x1aacS0x561	REVERT
0x88a9S0x1aacS0x561	JUMP
0x1a2dS0x1aacS0x561	JUMPI
0x1a31S0x1ab7S0x561	REVERT
0x88a9S0x1ab7S0x561	JUMP
0x1a2dS0x1ab7S0x561	JUMPI
0x1a47S0x581	REVERT
0x1a43S0x581	JUMPI
0x1a52S0x581	JUMP
0x1a60S0x581	JUMP
0x1a31S0x1a48S0x581	REVERT
0x88a9S0x1a48S0x581	JUMP
0x1a2dS0x1a48S0x581	JUMPI
0x1a8bS0x605	REVERT
0x1a87S0x605	JUMPI
0x1a96S0x605	JUMP
0x88cfS0x605	JUMP
0x1a31S0x1a8cS0x605	REVERT
0x88a9S0x1a8cS0x605	JUMP
0x1a2dS0x1a8cS0x605	JUMPI
0x1922S0x7961	JUMP
0x1914S0x7961	MSTORE
0x190fS0x7961	JUMP
0x883cS0x7961	JUMP
0x18fbS0x7961	JUMP
0x18ebS0x7961	MSTORE
0x18e3S0x18e4S0x7961	JUMP
0x18e2S0x18e4S0x7961	MSTORE
0x18cbS0x18e4S0x7961	JUMPI
0x18daS0x18e4S0x7961	JUMP
0x18d3S0x18e4S0x7961	MSTORE
0x1a8bS0x67a	REVERT
0x1a87S0x67a	JUMPI
0x1a96S0x67a	JUMP
0x88cfS0x67a	JUMP
0x1a31S0x1a8cS0x67a	REVERT
0x88a9S0x1a8cS0x67a	JUMP
0x1a2dS0x1a8cS0x67a	JUMPI
0x1a8bS0x77b	REVERT
0x1a87S0x77b	JUMPI
0x1a96S0x77b	JUMP
0x88cfS0x77b	JUMP
0x1a31S0x1a8cS0x77b	REVERT
0x88a9S0x1a8cS0x77b	JUMP
0x1a2dS0x1a8cS0x77b	JUMPI
0x1922S0x7c17	JUMP
0x1914S0x7c17	MSTORE
0x190fS0x7c17	JUMP
0x883cS0x7c17	JUMP
0x18fbS0x7c17	JUMP
0x18ebS0x7c17	MSTORE
0x18e3S0x18e4S0x7c17	JUMP
0x18e2S0x18e4S0x7c17	MSTORE
0x18cbS0x18e4S0x7c17	JUMPI
0x18daS0x18e4S0x7c17	JUMP
0x18d3S0x18e4S0x7c17	MSTORE
0x1a8bS0x81b	REVERT
0x1a87S0x81b	JUMPI
0x1a96S0x81b	JUMP
0x88cfS0x81b	JUMP
0x1a31S0x1a8cS0x81b	REVERT
0x88a9S0x1a8cS0x81b	JUMP
0x1a2dS0x1a8cS0x81b	JUMPI
0x1a47S0x870	REVERT
0x1a43S0x870	JUMPI
0x1a52S0x870	JUMP
0x1a60S0x870	JUMP
0x1a31S0x1a48S0x870	REVERT
0x88a9S0x1a48S0x870	JUMP
0x1a2dS0x1a48S0x870	JUMPI
0x1aabS0x8a6	REVERT
0x1aa7S0x8a6	JUMPI
0x1ab6S0x8a6	JUMP
0x1ac6S0x8a6	JUMP
0x1ad7S0x8a6	JUMP
0x1a31S0x1aacS0x8a6	REVERT
0x88a9S0x1aacS0x8a6	JUMP
0x1a2dS0x1aacS0x8a6	JUMPI
0x1a31S0x1ab7S0x8a6	REVERT
0x88a9S0x1ab7S0x8a6	JUMP
0x1a2dS0x1ab7S0x8a6	JUMPI
0x1a8bS0x8c6	REVERT
0x1a87S0x8c6	JUMPI
0x1a96S0x8c6	JUMP
0x88cfS0x8c6	JUMP
0x1a31S0x1a8cS0x8c6	REVERT
0x88a9S0x1a8cS0x8c6	JUMP
0x1a2dS0x1a8cS0x8c6	JUMPI
0x1a8bS0x8fb	REVERT
0x1a87S0x8fb	JUMPI
0x1a96S0x8fb	JUMP
0x88cfS0x8fb	JUMP
0x1a31S0x1a8cS0x8fb	REVERT
0x88a9S0x1a8cS0x8fb	JUMP
0x1a2dS0x1a8cS0x8fb	JUMPI
0x1ba9S0x9db	REVERT
0x1ba5S0x9db	JUMPI
0x1bb4S0x9db	JUMP
0x1bc4S0x9db	JUMP
0x1bcfS0x9db	JUMP
0x1a31S0x1baaS0x9db	REVERT
0x88a9S0x1baaS0x9db	JUMP
0x1a2dS0x1baaS0x9db	JUMPI
0x1a31S0x1bb5S0x9db	REVERT
0x88a9S0x1bb5S0x9db	JUMP
0x1a2dS0x1bb5S0x9db	JUMPI
0x1a8bS0xa10	REVERT
0x1a87S0xa10	JUMPI
0x1a96S0xa10	JUMP
0x88cfS0xa10	JUMP
0x1a31S0x1a8cS0xa10	REVERT
0x88a9S0x1a8cS0xa10	JUMP
0x1a2dS0x1a8cS0xa10	JUMPI
0x1be4S0xa50	REVERT
0x1be0S0xa50	JUMPI
0x1befS0xa50	JUMP
0x1c06S0xa50	JUMP
0x1c11S0xa50	JUMP
0x1a31S0x1be5S0xa50	REVERT
0x88a9S0x1be5S0xa50	JUMP
0x1a2dS0x1be5S0xa50	JUMPI
0x1a31S0x1bf0S0xa50	REVERT
0x88a9S0x1bf0S0xa50	JUMP
0x1a2dS0x1bf0S0xa50	JUMPI
0x1c93S0x1841	JUMP
0x1c9dS0x1841	JUMP
0x18e3S0x1c82S0x1841	JUMP
0x18e2S0x1c82S0x1841	MSTORE
0x18cbS0x1c82S0x1841	JUMPI
0x18daS0x1c82S0x1841	JUMP
0x18d3S0x1c82S0x1841	MSTORE
0x1922S0x1090	JUMP
0x1914S0x1090	MSTORE
0x190fS0x1090	JUMP
0x883cS0x1090	JUMP
0x18fbS0x1090	JUMP
0x18ebS0x1090	MSTORE
0x18e3S0x18e4S0x1090	JUMP
0x18e2S0x18e4S0x1090	MSTORE
0x18cbS0x18e4S0x1090	JUMPI
0x18daS0x18e4S0x1090	JUMP
0x18d3S0x18e4S0x1090	MSTORE
0x1983S0x1cd8	JUMP
0x1991S0x1cd8	JUMP
0x3b40S0x1cd8	REVERT
0x3b36S0x1cd8	MSTORE
0x3b3bS0x1cd8	MSTORE
0x197cS0x1cd8	JUMPI
0xb550xb37S0x105d	JUMP
0xb030xaa9S0x437	JUMP
0xafa0xaa9S0x437	MSTORE
0x8020S0x437	MSTORE
0x8027S0x437	MSTORE
0xb250xaa9S0x437	JUMPI
0xb160xaa9S0x437	MSTORE
0xaf00xaa9S0x437	JUMPI
0xae80xaa9S0x437	JUMPI
0xb0b0xaa9S0x437	MSTORE
0xb360xaa9S0x437	JUMP
0x805c0xaa9S0x437	JUMP
0x80830xaa9S0x437	JUMP
0xb550xb37S0x471	JUMP
0xf6f0xec9S0x669	REVERT
0xf580xec9S0x669	JUMP
0xf490xec9S0x669	MSTORE
0xf4c0xec9S0x669	MSTORE
0xf540xec9S0x669	RETURNDATACOPY
0xee8S0x669	JUMP
0xf1d0xec9S0x669	JUMP
0xef60xec9S0x669	MSTORE
0xef90xec9S0x669	MSTORE
0xf130xec9S0x669	MSTORE
0xf690xec9S0x669	JUMPI
0xf370xec9S0x669	JUMPI
0x82ee0xec9S0x669	JUMP
0x1922S0xec9S0x669	JUMP
0x1914S0xec9S0x669	MSTORE
0x190fS0xec9S0x669	JUMP
0x883cS0xec9S0x669	JUMP
0x18fbS0xec9S0x669	JUMP
0x18ebS0xec9S0x669	MSTORE
0x18e3S0x18e4S0xec9S0x669	JUMP
0x18e2S0x18e4S0xec9S0x669	MSTORE
0x18cbS0x18e4S0xec9S0x669	JUMPI
0x18daS0x18e4S0xec9S0x669	JUMP
0x18d3S0x18e4S0xec9S0x669	MSTORE
0x1c93S0xee90xec9S0x669	JUMP
0x1c9dS0xee90xec9S0x669	JUMP
0x18e3S0x1c82S0xee90xec9S0x669	JUMP
0x18e2S0x1c82S0xee90xec9S0x669	MSTORE
0x18cbS0x1c82S0xee90xec9S0x669	JUMPI
0x18daS0x1c82S0xee90xec9S0x669	JUMP
0x18d3S0x1c82S0xee90xec9S0x669	MSTORE
0xb030x129fS0x806	JUMP
0xafa0x129fS0x806	MSTORE
0x8462S0x806	MSTORE
0x8469S0x806	MSTORE
0xb250x129fS0x806	JUMPI
0xb160x129fS0x806	MSTORE
0xaf00x129fS0x806	JUMPI
0xae80x129fS0x806	JUMPI
0xb0b0x129fS0x806	MSTORE
0xb360x129fS0x806	JUMP
0x805c0x129fS0x806	JUMP
0x80830x129fS0x806	JUMP
0xb550xb37S0x10c6	JUMP
0x19f9S0x462	REVERT
0x1a10S0x462	REVERT
0x19f5S0x462	JUMPI
0x1a0cS0x462	JUMPI
0x1a1cS0x462	JUMP
0x8887S0x462	JUMP
0x19a2S0x1a11S0x462	REVERT
0x19caS0x1a11S0x462	REVERT
0x19b0S0x1a11S0x462	JUMP
0x19c6S0x1a11S0x462	JUMPI
0x19b9S0x1a11S0x462	MSTORE
0x8860S0x1a11S0x462	JUMP
0x19e7S0x1a11S0x462	JUMP
0x19d5S0x1a11S0x462	CALLDATACOPY
0x19e1S0x1a11S0x462	MSTORE
0x199eS0x1a11S0x462	JUMPI
0x1961S0x885cS0x1a11S0x462	JUMP
0x1969S0x885cS0x1a11S0x462	JUMP
0x1965S0x885cS0x1a11S0x462	MSTORE
0x3b0bS0x885cS0x1a11S0x462	REVERT
0x3b01S0x885cS0x1a11S0x462	MSTORE
0x3b06S0x885cS0x1a11S0x462	MSTORE
0x195aS0x885cS0x1a11S0x462	JUMPI
0x1983S0x19a3S0x1a11S0x462	JUMP
0x1991S0x19a3S0x1a11S0x462	JUMP
0x3b40S0x19a3S0x1a11S0x462	REVERT
0x3b36S0x19a3S0x1a11S0x462	MSTORE
0x3b3bS0x19a3S0x1a11S0x462	MSTORE
0x197cS0x19a3S0x1a11S0x462	JUMPI
0xba9S0x491	JUMP
0xb68S0x491	MSTORE
0xb6fS0x491	MSTORE
0xb88S0x491	MSTORE
0xb8bS0x491	MSTORE
0xba5S0x491	MSTORE
0x80b8S0x491	JUMP
0x8c3eS0x491	JUMP
0x1c5dS0x80a3S0x491	REVERT
0x1c59S0x80a3S0x491	JUMPI
0x1c68S0x80a3S0x491	JUMP
0x1ae5S0x1c5eS0x80a3S0x491	REVERT
0x1ae1S0x1c5eS0x80a3S0x491	JUMPI
0x8917S0x80a3S0x491	JUMP
0x88f1S0x1c5eS0x80a3S0x491	JUMP
0xb550xb37S0xb56S0x491	JUMP
0xbe0S0x4c1	JUMP
0xbdbS0x4c1	MSTORE
0x8114S0x4c1	JUMP
0x8c64S0x4c1	JUMP
0x1c7aS0x80ffS0x4c1	REVERT
0x1c76S0x80ffS0x4c1	JUMPI
0x1c81S0x80ffS0x4c1	JUMP
0xc0fS0xbc8S0x4c1	JUMP
0xbeeS0xbc8S0x4c1	MSTORE
0xbf1S0xbc8S0x4c1	MSTORE
0xc0bS0xbc8S0x4c1	MSTORE
0xb550xbe1S0xbc8S0x4c1	JUMP
0xc79S0x505	JUMP
0xc3fS0x505	MSTORE
0xc58S0x505	MSTORE
0xc5bS0x505	MSTORE
0xc75S0x505	MSTORE
0x816fS0x505	JUMP
0x8c8aS0x505	JUMP
0x1c7aS0x815aS0x505	REVERT
0x1c76S0x815aS0x505	JUMPI
0x1c81S0x815aS0x505	JUMP
0xb550xb37S0xc2dS0x505	JUMP
0xcb0S0x52c	JUMP
0xc82S0x52c	MSTORE
0xc89S0x52c	MSTORE
0xca3S0x52c	MSTORE
0x81a4S0x52c	JUMP
0x1c7aS0x818fS0x52c	REVERT
0x1c76S0x818fS0x52c	JUMPI
0x1c81S0x818fS0x52c	JUMP
0xccc0xc7aS0x52c	JUMP
0xf6f0xec9S0xc7aS0x52c	REVERT
0xf580xec9S0xc7aS0x52c	JUMP
0xf490xec9S0xc7aS0x52c	MSTORE
0xf4c0xec9S0xc7aS0x52c	MSTORE
0xf540xec9S0xc7aS0x52c	RETURNDATACOPY
0xee8S0xc7aS0x52c	JUMP
0xf1d0xec9S0xc7aS0x52c	JUMP
0xef60xec9S0xc7aS0x52c	MSTORE
0xef90xec9S0xc7aS0x52c	MSTORE
0xf130xec9S0xc7aS0x52c	MSTORE
0xf690xec9S0xc7aS0x52c	JUMPI
0xf370xec9S0xc7aS0x52c	JUMPI
0x82ee0xec9S0xc7aS0x52c	JUMP
0x1922S0xec9S0xc7aS0x52c	JUMP
0x1914S0xec9S0xc7aS0x52c	MSTORE
0x190fS0xec9S0xc7aS0x52c	JUMP
0x883cS0xec9S0xc7aS0x52c	JUMP
0x18fbS0xec9S0xc7aS0x52c	JUMP
0x18ebS0xec9S0xc7aS0x52c	MSTORE
0x18e3S0x18e4S0xec9S0xc7aS0x52c	JUMP
0x18e2S0x18e4S0xec9S0xc7aS0x52c	MSTORE
0x18cbS0x18e4S0xec9S0xc7aS0x52c	JUMPI
0x18daS0x18e4S0xec9S0xc7aS0x52c	JUMP
0x18d3S0x18e4S0xec9S0xc7aS0x52c	MSTORE
0x1c93S0xee90xec9S0xc7aS0x52c	JUMP
0x1c9dS0xee90xec9S0xc7aS0x52c	JUMP
0x18e3S0x1c82S0xee90xec9S0xc7aS0x52c	JUMP
0x18e2S0x1c82S0xee90xec9S0xc7aS0x52c	MSTORE
0x18cbS0x1c82S0xee90xec9S0xc7aS0x52c	JUMPI
0x18daS0x1c82S0xee90xec9S0xc7aS0x52c	JUMP
0x18d3S0x1c82S0xee90xec9S0xc7aS0x52c	MSTORE
0xd13S0x550	JUMP
0xcdfS0x550	MSTORE
0xcf3S0x550	MSTORE
0xcf6S0x550	MSTORE
0xd0fS0x550	MSTORE
0xd17S0x550	JUMP
0xb550xb37S0xccdS0x550	JUMP
0xd73S0x570	JUMP
0xd2bS0x570	MSTORE
0xd32S0x570	MSTORE
0xd39S0x570	MSTORE
0xd52S0x570	MSTORE
0xd55S0x570	MSTORE
0xd6fS0x570	MSTORE
0xd89S0x570	JUMP
0x81ccS0x570	JUMP
0x1c5dS0xd74S0x570	REVERT
0x1c59S0xd74S0x570	JUMPI
0x1c68S0xd74S0x570	JUMP
0x1ae5S0x1c5eS0xd74S0x570	REVERT
0x1ae1S0x1c5eS0xd74S0x570	JUMPI
0x8917S0xd74S0x570	JUMP
0x88f1S0x1c5eS0xd74S0x570	JUMP
0xb550xb37S0xd18S0x570	JUMP
0xde6S0x590	JUMP
0xda5S0x590	MSTORE
0xdacS0x590	MSTORE
0xdc5S0x590	MSTORE
0xdc8S0x590	MSTORE
0xde2S0x590	MSTORE
0x8201S0x590	JUMP
0x8cb1S0x590	JUMP
0x1c7aS0x81ecS0x590	REVERT
0x1c76S0x81ecS0x590	JUMPI
0x1c81S0x81ecS0x590	JUMP
0xb550xb37S0xd93S0x590	JUMP
0xe49S0x614	JUMP
0xe0fS0x614	MSTORE
0xe28S0x614	MSTORE
0xe2bS0x614	MSTORE
0xe45S0x614	MSTORE
0x825dS0x614	JUMP
0x8cd7S0x614	JUMP
0x1c7aS0x8248S0x614	REVERT
0x1c76S0x8248S0x614	JUMPI
0x1c81S0x8248S0x614	JUMP
0xb550xb37S0xdfdS0x614	JUMP
0xe80S0x625	JUMP
0xe52S0x625	MSTORE
0xe59S0x625	MSTORE
0xe73S0x625	MSTORE
0x8292S0x625	JUMP
0x1c7aS0x827dS0x625	REVERT
0x1c76S0x827dS0x625	JUMPI
0x1c81S0x827dS0x625	JUMP
0xccc0xe4aS0x625	JUMP
0xf6f0xec9S0xe4aS0x625	REVERT
0xf580xec9S0xe4aS0x625	JUMP
0xf490xec9S0xe4aS0x625	MSTORE
0xf4c0xec9S0xe4aS0x625	MSTORE
0xf540xec9S0xe4aS0x625	RETURNDATACOPY
0xee8S0xe4aS0x625	JUMP
0xf1d0xec9S0xe4aS0x625	JUMP
0xef60xec9S0xe4aS0x625	MSTORE
0xef90xec9S0xe4aS0x625	MSTORE
0xf130xec9S0xe4aS0x625	MSTORE
0xf690xec9S0xe4aS0x625	JUMPI
0xf370xec9S0xe4aS0x625	JUMPI
0x82ee0xec9S0xe4aS0x625	JUMP
0x1922S0xec9S0xe4aS0x625	JUMP
0x1914S0xec9S0xe4aS0x625	MSTORE
0x190fS0xec9S0xe4aS0x625	JUMP
0x883cS0xec9S0xe4aS0x625	JUMP
0x18fbS0xec9S0xe4aS0x625	JUMP
0x18ebS0xec9S0xe4aS0x625	MSTORE
0x18e3S0x18e4S0xec9S0xe4aS0x625	JUMP
0x18e2S0x18e4S0xec9S0xe4aS0x625	MSTORE
0x18cbS0x18e4S0xec9S0xe4aS0x625	JUMPI
0x18daS0x18e4S0xec9S0xe4aS0x625	JUMP
0x18d3S0x18e4S0xec9S0xe4aS0x625	MSTORE
0x1c93S0xee90xec9S0xe4aS0x625	JUMP
0x1c9dS0xee90xec9S0xe4aS0x625	JUMP
0x18e3S0x1c82S0xee90xec9S0xe4aS0x625	JUMP
0x18e2S0x1c82S0xee90xec9S0xe4aS0x625	MSTORE
0x18cbS0x1c82S0xee90xec9S0xe4aS0x625	JUMPI
0x18daS0x1c82S0xee90xec9S0xe4aS0x625	JUMP
0x18d3S0x1c82S0xee90xec9S0xe4aS0x625	MSTORE
0xe99S0x649	JUMP
0xe94S0x649	MSTORE
0x82c7S0x649	JUMP
0x8cfdS0x649	JUMP
0x1c7aS0x82b2S0x649	REVERT
0x1c76S0x82b2S0x649	JUMPI
0x1c81S0x82b2S0x649	JUMP
0xec8S0xe81S0x649	JUMP
0xea7S0xe81S0x649	MSTORE
0xeaaS0xe81S0x649	MSTORE
0xec4S0xe81S0x649	MSTORE
0xb550xe9aS0xe81S0x649	JUMP
0x19f9S0x65a	REVERT
0x1a10S0x65a	REVERT
0x19f5S0x65a	JUMPI
0x1a0cS0x65a	JUMPI
0x1a1cS0x65a	JUMP
0x8887S0x65a	JUMP
0x19a2S0x1a11S0x65a	REVERT
0x19caS0x1a11S0x65a	REVERT
0x19b0S0x1a11S0x65a	JUMP
0x19c6S0x1a11S0x65a	JUMPI
0x19b9S0x1a11S0x65a	MSTORE
0x8860S0x1a11S0x65a	JUMP
0x19e7S0x1a11S0x65a	JUMP
0x19d5S0x1a11S0x65a	CALLDATACOPY
0x19e1S0x1a11S0x65a	MSTORE
0x199eS0x1a11S0x65a	JUMPI
0x1961S0x885cS0x1a11S0x65a	JUMP
0x1969S0x885cS0x1a11S0x65a	JUMP
0x1965S0x885cS0x1a11S0x65a	MSTORE
0x3b0bS0x885cS0x1a11S0x65a	REVERT
0x3b01S0x885cS0x1a11S0x65a	MSTORE
0x3b06S0x885cS0x1a11S0x65a	MSTORE
0x195aS0x885cS0x1a11S0x65a	JUMPI
0x1983S0x19a3S0x1a11S0x65a	JUMP
0x1991S0x19a3S0x1a11S0x65a	JUMP
0x3b40S0x19a3S0x1a11S0x65a	REVERT
0x3b36S0x19a3S0x1a11S0x65a	MSTORE
0x3b3bS0x19a3S0x1a11S0x65a	MSTORE
0x197cS0x19a3S0x1a11S0x65a	JUMPI
0xfd0S0x689	JUMP
0xf96S0x689	MSTORE
0xfafS0x689	MSTORE
0xfb2S0x689	MSTORE
0xfccS0x689	MSTORE
0x8323S0x689	JUMP
0x8d23S0x689	JUMP
0x1c7aS0x830eS0x689	REVERT
0x1c76S0x830eS0x689	JUMPI
0x1c81S0x830eS0x689	JUMP
0xb550xb37S0xf84S0x689	JUMP
0x1afaS0x6b0	REVERT
0x1b31S0x6b0	REVERT
0x1af6S0x6b0	JUMPI
0x1b05S0x6b0	JUMP
0x1b15S0x6b0	JUMP
0x1b2dS0x6b0	JUMPI
0x1b3dS0x6b0	JUMP
0x1b47S0x6b0	JUMP
0x1a31S0x1afbS0x6b0	REVERT
0x1a2dS0x1afbS0x6b0	JUMPI
0x1ae5S0x1b06S0x6b0	REVERT
0x1ae1S0x1b06S0x6b0	JUMPI
0x88a9S0x1afbS0x6b0	JUMP
0x88f1S0x1b06S0x6b0	JUMP
0x19a2S0x1b32S0x6b0	REVERT
0x19caS0x1b32S0x6b0	REVERT
0x19b0S0x1b32S0x6b0	JUMP
0x19c6S0x1b32S0x6b0	JUMPI
0x19b9S0x1b32S0x6b0	MSTORE
0x8860S0x1b32S0x6b0	JUMP
0x19e7S0x1b32S0x6b0	JUMP
0x19d5S0x1b32S0x6b0	CALLDATACOPY
0x19e1S0x1b32S0x6b0	MSTORE
0x199eS0x1b32S0x6b0	JUMPI
0x1961S0x885cS0x1b32S0x6b0	JUMP
0x1969S0x885cS0x1b32S0x6b0	JUMP
0x1965S0x885cS0x1b32S0x6b0	MSTORE
0x3b0bS0x885cS0x1b32S0x6b0	REVERT
0x3b01S0x885cS0x1b32S0x6b0	MSTORE
0x3b06S0x885cS0x1b32S0x6b0	MSTORE
0x195aS0x885cS0x1b32S0x6b0	JUMPI
0x1983S0x19a3S0x1b32S0x6b0	JUMP
0x1991S0x19a3S0x1b32S0x6b0	JUMP
0x3b40S0x19a3S0x1b32S0x6b0	REVERT
0x3b36S0x19a3S0x1b32S0x6b0	MSTORE
0x3b3bS0x19a3S0x1b32S0x6b0	MSTORE
0x197cS0x19a3S0x1b32S0x6b0	JUMPI
0x115bS0x71f	JUMP
0x1156S0x71f	MSTORE
0x8358S0x71f	JUMP
0x8d49S0x71f	JUMP
0x1c7aS0x8343S0x71f	REVERT
0x1c76S0x8343S0x71f	JUMPI
0x1c81S0x8343S0x71f	JUMP
0x118aS0x1143S0x71f	JUMP
0x1169S0x1143S0x71f	MSTORE
0x116cS0x1143S0x71f	MSTORE
0x1186S0x1143S0x71f	MSTORE
0xb550x115cS0x1143S0x71f	JUMP
0x11d7S0x78a	JUMP
0x119dS0x78a	MSTORE
0x11b6S0x78a	MSTORE
0x11b9S0x78a	MSTORE
0x11d3S0x78a	MSTORE
0x838dS0x78a	JUMP
0x8d6fS0x78a	JUMP
0x1c7aS0x8378S0x78a	REVERT
0x1c76S0x8378S0x78a	JUMPI
0x1c81S0x8378S0x78a	JUMP
0xf6f0xec9S0x118bS0x78a	REVERT
0xf580xec9S0x118bS0x78a	JUMP
0xf490xec9S0x118bS0x78a	MSTORE
0xf4c0xec9S0x118bS0x78a	MSTORE
0xf540xec9S0x118bS0x78a	RETURNDATACOPY
0xee8S0x118bS0x78a	JUMP
0xf1d0xec9S0x118bS0x78a	JUMP
0xef60xec9S0x118bS0x78a	MSTORE
0xef90xec9S0x118bS0x78a	MSTORE
0xf130xec9S0x118bS0x78a	MSTORE
0xf690xec9S0x118bS0x78a	JUMPI
0xf370xec9S0x118bS0x78a	JUMPI
0x82ee0xec9S0x118bS0x78a	JUMP
0x1922S0xec9S0x118bS0x78a	JUMP
0x1914S0xec9S0x118bS0x78a	MSTORE
0x190fS0xec9S0x118bS0x78a	JUMP
0x883cS0xec9S0x118bS0x78a	JUMP
0x18fbS0xec9S0x118bS0x78a	JUMP
0x18ebS0xec9S0x118bS0x78a	MSTORE
0x18e3S0x18e4S0xec9S0x118bS0x78a	JUMP
0x18e2S0x18e4S0xec9S0x118bS0x78a	MSTORE
0x18cbS0x18e4S0xec9S0x118bS0x78a	JUMPI
0x18daS0x18e4S0xec9S0x118bS0x78a	JUMP
0x18d3S0x18e4S0xec9S0x118bS0x78a	MSTORE
0x1c93S0xee90xec9S0x118bS0x78a	JUMP
0x1c9dS0xee90xec9S0x118bS0x78a	JUMP
0x18e3S0x1c82S0xee90xec9S0x118bS0x78a	JUMP
0x18e2S0x1c82S0xee90xec9S0x118bS0x78a	MSTORE
0x18cbS0x1c82S0xee90xec9S0x118bS0x78a	JUMPI
0x18daS0x1c82S0xee90xec9S0x118bS0x78a	JUMP
0x18d3S0x1c82S0xee90xec9S0x118bS0x78a	MSTORE
0x120eS0x79b	JUMP
0x11e0S0x79b	MSTORE
0x11e7S0x79b	MSTORE
0x1201S0x79b	MSTORE
0x83c2S0x79b	JUMP
0x1c7aS0x83adS0x79b	REVERT
0x1c76S0x83adS0x79b	JUMPI
0x1c81S0x83adS0x79b	JUMP
0xccc0x11d8S0x79b	JUMP
0xb550xb37S0x11d8S0x79b	JUMP
0x1227S0x7bf	JUMP
0x1222S0x7bf	MSTORE
0x83f7S0x7bf	JUMP
0x8d95S0x7bf	JUMP
0x1c7aS0x83e2S0x7bf	REVERT
0x1c76S0x83e2S0x7bf	JUMPI
0x1c81S0x83e2S0x7bf	JUMP
0x1256S0x120fS0x7bf	JUMP
0x1235S0x120fS0x7bf	MSTORE
0x1238S0x120fS0x7bf	MSTORE
0x1252S0x120fS0x7bf	MSTORE
0xb550x1228S0x120fS0x7bf	JUMP
0x126fS0x7df	JUMP
0x126aS0x7df	MSTORE
0x842cS0x7df	JUMP
0x8dbbS0x7df	JUMP
0x1c7aS0x8417S0x7df	REVERT
0x1c76S0x8417S0x7df	JUMPI
0x1c81S0x8417S0x7df	JUMP
0x129eS0x1257S0x7df	JUMP
0x127dS0x1257S0x7df	MSTORE
0x1280S0x1257S0x7df	MSTORE
0x129aS0x1257S0x7df	MSTORE
0xb550x1270S0x1257S0x7df	JUMP
0x12f8S0x82a	JUMP
0x12beS0x82a	MSTORE
0x12d7S0x82a	MSTORE
0x12daS0x82a	MSTORE
0x12f4S0x82a	MSTORE
0x84acS0x82a	JUMP
0x8de1S0x82a	JUMP
0x1c7aS0x8497S0x82a	REVERT
0x1c76S0x8497S0x82a	JUMPI
0x1c81S0x8497S0x82a	JUMP
0xf6f0xec9S0x12acS0x82a	REVERT
0xf580xec9S0x12acS0x82a	JUMP
0xf490xec9S0x12acS0x82a	MSTORE
0xf4c0xec9S0x12acS0x82a	MSTORE
0xf540xec9S0x12acS0x82a	RETURNDATACOPY
0xee8S0x12acS0x82a	JUMP
0xf1d0xec9S0x12acS0x82a	JUMP
0xef60xec9S0x12acS0x82a	MSTORE
0xef90xec9S0x12acS0x82a	MSTORE
0xf130xec9S0x12acS0x82a	MSTORE
0xf690xec9S0x12acS0x82a	JUMPI
0xf370xec9S0x12acS0x82a	JUMPI
0x82ee0xec9S0x12acS0x82a	JUMP
0x1922S0xec9S0x12acS0x82a	JUMP
0x1914S0xec9S0x12acS0x82a	MSTORE
0x190fS0xec9S0x12acS0x82a	JUMP
0x883cS0xec9S0x12acS0x82a	JUMP
0x18fbS0xec9S0x12acS0x82a	JUMP
0x18ebS0xec9S0x12acS0x82a	MSTORE
0x18e3S0x18e4S0xec9S0x12acS0x82a	JUMP
0x18e2S0x18e4S0xec9S0x12acS0x82a	MSTORE
0x18cbS0x18e4S0xec9S0x12acS0x82a	JUMPI
0x18daS0x18e4S0xec9S0x12acS0x82a	JUMP
0x18d3S0x18e4S0xec9S0x12acS0x82a	MSTORE
0x1c93S0xee90xec9S0x12acS0x82a	JUMP
0x1c9dS0xee90xec9S0x12acS0x82a	JUMP
0x18e3S0x1c82S0xee90xec9S0x12acS0x82a	JUMP
0x18e2S0x1c82S0xee90xec9S0x12acS0x82a	MSTORE
0x18cbS0x1c82S0xee90xec9S0x12acS0x82a	JUMPI
0x18daS0x1c82S0xee90xec9S0x12acS0x82a	JUMP
0x18d3S0x1c82S0xee90xec9S0x12acS0x82a	MSTORE
0x1311S0x84a	JUMP
0x130cS0x84a	MSTORE
0x84e1S0x84a	JUMP
0x8e07S0x84a	JUMP
0x1c7aS0x84ccS0x84a	REVERT
0x1c76S0x84ccS0x84a	JUMPI
0x1c81S0x84ccS0x84a	JUMP
0x1340S0x12f9S0x84a	JUMP
0x131fS0x12f9S0x84a	MSTORE
0x1322S0x12f9S0x84a	MSTORE
0x133cS0x12f9S0x84a	MSTORE
0xb550x1312S0x12f9S0x84a	JUMP
0x1377S0x85b	JUMP
0x1349S0x85b	MSTORE
0x1350S0x85b	MSTORE
0x136aS0x85b	MSTORE
0x8516S0x85b	JUMP
0x1c7aS0x8501S0x85b	REVERT
0x1c76S0x8501S0x85b	JUMPI
0x1c81S0x8501S0x85b	JUMP
0xccc0x1341S0x85b	JUMP
0xb550xb37S0x1341S0x85b	JUMP
0x13cbS0x87f	JUMP
0x138aS0x87f	MSTORE
0x1391S0x87f	MSTORE
0x13aaS0x87f	MSTORE
0x13adS0x87f	MSTORE
0x13c7S0x87f	MSTORE
0x854bS0x87f	JUMP
0x8e2eS0x87f	JUMP
0x1c5dS0x8536S0x87f	REVERT
0x1c59S0x8536S0x87f	JUMPI
0x1c68S0x8536S0x87f	JUMP
0x1ae5S0x1c5eS0x8536S0x87f	REVERT
0x1ae1S0x1c5eS0x8536S0x87f	JUMPI
0x8917S0x8536S0x87f	JUMP
0x88f1S0x1c5eS0x8536S0x87f	JUMP
0xb550xb37S0x1378S0x87f	JUMP
0x1427S0x8b5	JUMP
0x13dfS0x8b5	MSTORE
0x13e6S0x8b5	MSTORE
0x13edS0x8b5	MSTORE
0x1406S0x8b5	MSTORE
0x1409S0x8b5	MSTORE
0x1423S0x8b5	MSTORE
0x8580S0x8b5	JUMP
0x8e56S0x8b5	JUMP
0x1c7aS0x856bS0x8b5	REVERT
0x1c76S0x856bS0x8b5	JUMPI
0x1c81S0x856bS0x8b5	JUMP
0xb550xb37S0x13ccS0x8b5	JUMP
0x148aS0x8d5	JUMP
0x1450S0x8d5	MSTORE
0x1469S0x8d5	MSTORE
0x146cS0x8d5	MSTORE
0x1486S0x8d5	MSTORE
0x85ddS0x8d5	JUMP
0x8e7cS0x8d5	JUMP
0x1c7aS0x85c8S0x8d5	REVERT
0x1c76S0x85c8S0x8d5	JUMPI
0x1c81S0x85c8S0x8d5	JUMP
0xb550xb37S0x143eS0x8d5	JUMP
0x14c1S0x8e6	JUMP
0x1493S0x8e6	MSTORE
0x149aS0x8e6	MSTORE
0x14b4S0x8e6	MSTORE
0x8612S0x8e6	JUMP
0x1c7aS0x85fdS0x8e6	REVERT
0x1c76S0x85fdS0x8e6	JUMPI
0x1c81S0x85fdS0x8e6	JUMP
0xccc0x148bS0x8e6	JUMP
0xb550xb37S0x148bS0x8e6	JUMP
0x1d21S0x90a	REVERT
0x14ecS0x90a	JUMP
0x14e7S0x90a	MSTORE
0x1531S0x90a	JUMP
0x1541S0x90a	JUMP
0x1d1dS0x90a	JUMPI
0x1d41S0x90a	JUMP
0xf6f0x14edS0x14c2S0x90a	REVERT
0xf580x14edS0x14c2S0x90a	JUMP
0xf490x14edS0x14c2S0x90a	MSTORE
0xf4c0x14edS0x14c2S0x90a	MSTORE
0xf540x14edS0x14c2S0x90a	RETURNDATACOPY
0x151bS0x14c2S0x90a	JUMP
0x14faS0x14c2S0x90a	MSTORE
0x14fdS0x14c2S0x90a	MSTORE
0x1517S0x14c2S0x90a	MSTORE
0xee80x14edS0x14c2S0x90a	JUMP
0xf1d0x14edS0x14c2S0x90a	JUMP
0xef60x14edS0x14c2S0x90a	MSTORE
0xef90x14edS0x14c2S0x90a	MSTORE
0xf130x14edS0x14c2S0x90a	MSTORE
0xf690x14edS0x14c2S0x90a	JUMPI
0xf370x14edS0x14c2S0x90a	JUMPI
0x82ee0x14edS0x14c2S0x90a	JUMP
0x1922S0xec90x14edS0x14c2S0x90a	JUMP
0x1914S0xec90x14edS0x14c2S0x90a	MSTORE
0x190fS0xec90x14edS0x14c2S0x90a	JUMP
0x883cS0xec90x14edS0x14c2S0x90a	JUMP
0x18fbS0xec90x14edS0x14c2S0x90a	JUMP
0x18ebS0xec90x14edS0x14c2S0x90a	MSTORE
0x18e3S0x18e4S0xec90x14edS0x14c2S0x90a	JUMP
0x18e2S0x18e4S0xec90x14edS0x14c2S0x90a	MSTORE
0x18cbS0x18e4S0xec90x14edS0x14c2S0x90a	JUMPI
0x18daS0x18e4S0xec90x14edS0x14c2S0x90a	JUMP
0x18d3S0x18e4S0xec90x14edS0x14c2S0x90a	MSTORE
0x1c93S0xee90x14edS0x14c2S0x90a	JUMP
0x1c9dS0xee90x14edS0x14c2S0x90a	JUMP
0x18e3S0x1c82S0xee90x14edS0x14c2S0x90a	JUMP
0x18e2S0x1c82S0xee90x14edS0x14c2S0x90a	MSTORE
0x18cbS0x1c82S0xee90x14edS0x14c2S0x90a	JUMPI
0x18daS0x1c82S0xee90x14edS0x14c2S0x90a	JUMP
0x18d3S0x1c82S0xee90x14edS0x14c2S0x90a	MSTORE
0x155aS0x94a	JUMP
0x1555S0x94a	MSTORE
0x8647S0x94a	JUMP
0x8ea2S0x94a	JUMP
0x1c7aS0x8632S0x94a	REVERT
0x1c76S0x8632S0x94a	JUMPI
0x1c81S0x8632S0x94a	JUMP
0x1589S0x1542S0x94a	JUMP
0x1568S0x1542S0x94a	MSTORE
0x156bS0x1542S0x94a	MSTORE
0x1585S0x1542S0x94a	MSTORE
0xb550x155bS0x1542S0x94a	JUMP
0x15c0S0x95b	JUMP
0x1592S0x95b	MSTORE
0x1599S0x95b	MSTORE
0x15b3S0x95b	MSTORE
0x867cS0x95b	JUMP
0x1c7aS0x8667S0x95b	REVERT
0x1c76S0x8667S0x95b	JUMPI
0x1c81S0x8667S0x95b	JUMP
0xccc0x158aS0x95b	JUMP
0xf6f0xec9S0x158aS0x95b	REVERT
0xf580xec9S0x158aS0x95b	JUMP
0xf490xec9S0x158aS0x95b	MSTORE
0xf4c0xec9S0x158aS0x95b	MSTORE
0xf540xec9S0x158aS0x95b	RETURNDATACOPY
0xee8S0x158aS0x95b	JUMP
0xf1d0xec9S0x158aS0x95b	JUMP
0xef60xec9S0x158aS0x95b	MSTORE
0xef90xec9S0x158aS0x95b	MSTORE
0xf130xec9S0x158aS0x95b	MSTORE
0xf690xec9S0x158aS0x95b	JUMPI
0xf370xec9S0x158aS0x95b	JUMPI
0x82ee0xec9S0x158aS0x95b	JUMP
0x1922S0xec9S0x158aS0x95b	JUMP
0x1914S0xec9S0x158aS0x95b	MSTORE
0x190fS0xec9S0x158aS0x95b	JUMP
0x883cS0xec9S0x158aS0x95b	JUMP
0x18fbS0xec9S0x158aS0x95b	JUMP
0x18ebS0xec9S0x158aS0x95b	MSTORE
0x18e3S0x18e4S0xec9S0x158aS0x95b	JUMP
0x18e2S0x18e4S0xec9S0x158aS0x95b	MSTORE
0x18cbS0x18e4S0xec9S0x158aS0x95b	JUMPI
0x18daS0x18e4S0xec9S0x158aS0x95b	JUMP
0x18d3S0x18e4S0xec9S0x158aS0x95b	MSTORE
0x1c93S0xee90xec9S0x158aS0x95b	JUMP
0x1c9dS0xee90xec9S0x158aS0x95b	JUMP
0x18e3S0x1c82S0xee90xec9S0x158aS0x95b	JUMP
0x18e2S0x1c82S0xee90xec9S0x158aS0x95b	MSTORE
0x18cbS0x1c82S0xee90xec9S0x158aS0x95b	JUMPI
0x18daS0x1c82S0xee90xec9S0x158aS0x95b	JUMP
0x18d3S0x1c82S0xee90xec9S0x158aS0x95b	MSTORE
0x1623S0x995	JUMP
0x15cbS0x995	MSTORE
0x15d2S0x995	MSTORE
0x15dbS0x995	MSTORE
0x15e2S0x995	MSTORE
0x15e9S0x995	MSTORE
0x1602S0x995	MSTORE
0x1605S0x995	MSTORE
0x161fS0x995	MSTORE
0x1639S0x995	JUMP
0x1644S0x995	JUMP
0x1c7aS0x1624S0x995	REVERT
0x1c76S0x1624S0x995	JUMPI
0x1c81S0x1624S0x995	JUMP
0xb550xb37S0x15c1S0x995	JUMP
0x167bS0x9a6	JUMP
0x164dS0x9a6	MSTORE
0x1654S0x9a6	MSTORE
0x166eS0x9a6	MSTORE
0x86b1S0x9a6	JUMP
0x1c7aS0x869cS0x9a6	REVERT
0x1c76S0x869cS0x9a6	JUMPI
0x1c81S0x869cS0x9a6	JUMP
0xccc0x1645S0x9a6	JUMP
0xf6f0xec9S0x1645S0x9a6	REVERT
0xf580xec9S0x1645S0x9a6	JUMP
0xf490xec9S0x1645S0x9a6	MSTORE
0xf4c0xec9S0x1645S0x9a6	MSTORE
0xf540xec9S0x1645S0x9a6	RETURNDATACOPY
0xee8S0x1645S0x9a6	JUMP
0xf1d0xec9S0x1645S0x9a6	JUMP
0xef60xec9S0x1645S0x9a6	MSTORE
0xef90xec9S0x1645S0x9a6	MSTORE
0xf130xec9S0x1645S0x9a6	MSTORE
0xf690xec9S0x1645S0x9a6	JUMPI
0xf370xec9S0x1645S0x9a6	JUMPI
0x82ee0xec9S0x1645S0x9a6	JUMP
0x1922S0xec9S0x1645S0x9a6	JUMP
0x1914S0xec9S0x1645S0x9a6	MSTORE
0x190fS0xec9S0x1645S0x9a6	JUMP
0x883cS0xec9S0x1645S0x9a6	JUMP
0x18fbS0xec9S0x1645S0x9a6	JUMP
0x18ebS0xec9S0x1645S0x9a6	MSTORE
0x18e3S0x18e4S0xec9S0x1645S0x9a6	JUMP
0x18e2S0x18e4S0xec9S0x1645S0x9a6	MSTORE
0x18cbS0x18e4S0xec9S0x1645S0x9a6	JUMPI
0x18daS0x18e4S0xec9S0x1645S0x9a6	JUMP
0x18d3S0x18e4S0xec9S0x1645S0x9a6	MSTORE
0x1c93S0xee90xec9S0x1645S0x9a6	JUMP
0x1c9dS0xee90xec9S0x1645S0x9a6	JUMP
0x18e3S0x1c82S0xee90xec9S0x1645S0x9a6	JUMP
0x18e2S0x1c82S0xee90xec9S0x1645S0x9a6	MSTORE
0x18cbS0x1c82S0xee90xec9S0x1645S0x9a6	JUMPI
0x18daS0x1c82S0xee90xec9S0x1645S0x9a6	JUMP
0x18d3S0x1c82S0xee90xec9S0x1645S0x9a6	MSTORE
0x1694S0x9ca	JUMP
0x168fS0x9ca	MSTORE
0x86e6S0x9ca	JUMP
0x8ec8S0x9ca	JUMP
0x1c7aS0x86d1S0x9ca	REVERT
0x1c76S0x86d1S0x9ca	JUMPI
0x1c81S0x86d1S0x9ca	JUMP
0x16c3S0x167cS0x9ca	JUMP
0x16a2S0x167cS0x9ca	MSTORE
0x16a5S0x167cS0x9ca	MSTORE
0x16bfS0x167cS0x9ca	MSTORE
0xb550x1695S0x167cS0x9ca	JUMP
0x1718S0x9ea	JUMP
0x16d7S0x9ea	MSTORE
0x16deS0x9ea	MSTORE
0x16f7S0x9ea	MSTORE
0x16faS0x9ea	MSTORE
0x1714S0x9ea	MSTORE
0x871bS0x9ea	JUMP
0x8eefS0x9ea	JUMP
0x1c7aS0x8706S0x9ea	REVERT
0x1c76S0x8706S0x9ea	JUMPI
0x1c81S0x8706S0x9ea	JUMP
0xf6f0xec9S0x16c4S0x9ea	REVERT
0xf580xec9S0x16c4S0x9ea	JUMP
0xf490xec9S0x16c4S0x9ea	MSTORE
0xf4c0xec9S0x16c4S0x9ea	MSTORE
0xf540xec9S0x16c4S0x9ea	RETURNDATACOPY
0xee8S0x16c4S0x9ea	JUMP
0xf1d0xec9S0x16c4S0x9ea	JUMP
0xef60xec9S0x16c4S0x9ea	MSTORE
0xef90xec9S0x16c4S0x9ea	MSTORE
0xf130xec9S0x16c4S0x9ea	MSTORE
0xf690xec9S0x16c4S0x9ea	JUMPI
0xf370xec9S0x16c4S0x9ea	JUMPI
0x82ee0xec9S0x16c4S0x9ea	JUMP
0x1922S0xec9S0x16c4S0x9ea	JUMP
0x1914S0xec9S0x16c4S0x9ea	MSTORE
0x190fS0xec9S0x16c4S0x9ea	JUMP
0x883cS0xec9S0x16c4S0x9ea	JUMP
0x18fbS0xec9S0x16c4S0x9ea	JUMP
0x18ebS0xec9S0x16c4S0x9ea	MSTORE
0x18e3S0x18e4S0xec9S0x16c4S0x9ea	JUMP
0x18e2S0x18e4S0xec9S0x16c4S0x9ea	MSTORE
0x18cbS0x18e4S0xec9S0x16c4S0x9ea	JUMPI
0x18daS0x18e4S0xec9S0x16c4S0x9ea	JUMP
0x18d3S0x18e4S0xec9S0x16c4S0x9ea	MSTORE
0x1c93S0xee90xec9S0x16c4S0x9ea	JUMP
0x1c9dS0xee90xec9S0x16c4S0x9ea	JUMP
0x18e3S0x1c82S0xee90xec9S0x16c4S0x9ea	JUMP
0x18e2S0x1c82S0xee90xec9S0x16c4S0x9ea	MSTORE
0x18cbS0x1c82S0xee90xec9S0x16c4S0x9ea	JUMPI
0x18daS0x1c82S0xee90xec9S0x16c4S0x9ea	JUMP
0x18d3S0x1c82S0xee90xec9S0x16c4S0x9ea	MSTORE
0x174fS0x9fb	JUMP
0x1721S0x9fb	MSTORE
0x1728S0x9fb	MSTORE
0x1742S0x9fb	MSTORE
0x8750S0x9fb	JUMP
0x1c7aS0x873bS0x9fb	REVERT
0x1c76S0x873bS0x9fb	JUMPI
0x1c81S0x873bS0x9fb	JUMP
0xccc0x1719S0x9fb	JUMP
0xb550xb37S0x1719S0x9fb	JUMP
0x179cS0xa1f	JUMP
0x1762S0xa1f	MSTORE
0x177bS0xa1f	MSTORE
0x177eS0xa1f	MSTORE
0x1798S0xa1f	MSTORE
0x8785S0xa1f	JUMP
0x8f15S0xa1f	JUMP
0x1c7aS0x8770S0xa1f	REVERT
0x1c76S0x8770S0xa1f	JUMPI
0x1c81S0x8770S0xa1f	JUMP
0xb550xb37S0x1750S0xa1f	JUMP
0x17f8S0xa5f	JUMP
0x17b0S0xa5f	MSTORE
0x17b7S0xa5f	MSTORE
0x17beS0xa5f	MSTORE
0x17d7S0xa5f	MSTORE
0x17daS0xa5f	MSTORE
0x17f4S0xa5f	MSTORE
0x87baS0xa5f	JUMP
0x8f3dS0xa5f	JUMP
0x1c7aS0x87a5S0xa5f	REVERT
0x1c76S0x87a5S0xa5f	JUMPI
0x1c81S0x87a5S0xa5f	JUMP
0xb550xb37S0x179dS0xa5f	JUMP
0x1811S0xaa4	JUMP
0x180cS0xaa4	MSTORE
0x87efS0xaa4	JUMP
0x8f63S0xaa4	JUMP
0x1c7aS0x87daS0xaa4	REVERT
0x1c76S0x87daS0xaa4	JUMPI
0x1c81S0x87daS0xaa4	JUMP
0x1840S0x17f9S0xaa4	JUMP
0x181fS0x17f9S0xaa4	MSTORE
0x1822S0x17f9S0xaa4	MSTORE
0x183cS0x17f9S0xaa4	MSTORE
0xb550x1812S0x17f9S0xaa4	JUMP
