item_id,delegate_address,delegate_explorer_url,authority_address,authority_explorer_url,first_tx_hash,authorization_tx_explorer_url,first_block,first_timestamp_utc,last_block,last_timestamp_utc,authorization_count,historical_code_bytes,historical_bytecode_sha256,postcutoff_exact_runtime_family,exact_runtime_peer_count,exact_runtime_peer_addresses,matched_historical_family,best_historical_family_similarity,runtime_changed_since_first_authorization,audit_instruction
ethereum:0x00000000002da3a265e6718f233b00f26bd38ef0,0x00000000002da3a265e6718f233b00f26bd38ef0,https://etherscan.io/address/0x00000000002da3a265e6718f233b00f26bd38ef0,0x356c5e481ce5d18d657e459b2fac16415e8bb910,https://etherscan.io/address/0x356c5e481ce5d18d657e459b2fac16415e8bb910,0x0251683d229b03f4dc4577d5639ba71ec55eb7cbeb035516fad23e9679ece2c4,https://etherscan.io/tx/0x0251683d229b03f4dc4577d5639ba71ec55eb7cbeb035516fad23e9679ece2c4,24573516,2026-03-03T01:02:35Z,24594902,2026-03-06T00:39:35Z,2,3386.0,5e1605ee1df15d26d42e2ba5407269e0abeda4fd6b4ff1020fe9dcae7c970eda,T0252,1,0x00000000002da3a265e6718f233b00f26bd38ef0,,0.365079365079365,False,Research project ownership and related deployments; do not infer project family from exact-runtime similarity alone. Enter conclusions only in the separate audit CSV.
ethereum:0x000004a52b5393195591c0a9fe4510b04cdaa8ad,0x000004a52b5393195591c0a9fe4510b04cdaa8ad,https://etherscan.io/address/0x000004a52b5393195591c0a9fe4510b04cdaa8ad,0xb6afd7dcf48ed53fdea3d304bbb2179ee24d209c,https://etherscan.io/address/0xb6afd7dcf48ed53fdea3d304bbb2179ee24d209c,0xe9112f99566ad65fcca67814efebf2444bf025ae774f72d0e878a6c893bb91bb,https://etherscan.io/tx/0xe9112f99566ad65fcca67814efebf2444bf025ae774f72d0e878a6c893bb91bb,24423893,2026-02-10T04:09:35Z,24537405,2026-02-26T00:08:11Z,38,6800.0,092bdb286cbbf966da70a0c5be5dec159ebc8d569d145f7577c9cf5b987096cb,T0026,1,0x000004a52b5393195591c0a9fe4510b04cdaa8ad,,0.5978467384420519,False,Research project ownership and related deployments; do not infer project family from exact-runtime similarity alone. Enter conclusions only in the separate audit CSV.
ethereum:0x000004d1d0d37d0af6d5cbf38b8452243deb1691,0x000004d1d0d37d0af6d5cbf38b8452243deb1691,https://etherscan.io/address/0x000004d1d0d37d0af6d5cbf38b8452243deb1691,0xf6097e5c8b4df1561f7f1afa9508d3041ef066b4,https://etherscan.io/address/0xf6097e5c8b4df1561f7f1afa9508d3041ef066b4,0x57a67ca9ad3644d4359ecd0307bea7cbfb1a20e2c7d88b0a68ef7f6a6e436e22,https://etherscan.io/tx/0x57a67ca9ad3644d4359ecd0307bea7cbfb1a20e2c7d88b0a68ef7f6a6e436e22,24395370,2026-02-06T04:22:35Z,24395592,2026-02-06T05:07:35Z,2,4285.0,3e2dc4029965df3ab9a918684d31d6e6e5f38aa950a5a9f1e7c12083d80109b9,T0156,1,0x000004d1d0d37d0af6d5cbf38b8452243deb1691,,0.5402883799830365,False,Research project ownership and related deployments; do not infer project family from exact-runtime similarity alone. Enter conclusions only in the separate audit CSV.
ethereum:0x003eddc618e7135f6683d13e22d601f61cd7cc4e,0x003eddc618e7135f6683d13e22d601f61cd7cc4e,https://etherscan.io/address/0x003eddc618e7135f6683d13e22d601f61cd7cc4e,0xd1c63d26ecec4b9265233f1fd0bfe86ab001e1e5,https://etherscan.io/address/0xd1c63d26ecec4b9265233f1fd0bfe86ab001e1e5,0x1c976437c09d7080c37354d45b2e1d940ea281eddaa1734b8546042ec7c9ad73,https://etherscan.io/tx/0x1c976437c09d7080c37354d45b2e1d940ea281eddaa1734b8546042ec7c9ad73,24434353,2026-02-11T15:13:47Z,24434353,2026-02-11T15:13:47Z,1,3919.0,f2ac9d3d26c4fa62441297c949fdf45abfa6c881f7f6a0b47b8abed22802bbf2,T0639,1,0x003eddc618e7135f6683d13e22d601f61cd7cc4e,,0.3490248823133826,False,Research project ownership and related deployments; do not infer project family from exact-runtime similarity alone. Enter conclusions only in the separate audit CSV.
ethereum:0x02ee251b0cf63d5f9a17134ad9cf3ecb881fa99e,0x02ee251b0cf63d5f9a17134ad9cf3ecb881fa99e,https://etherscan.io/address/0x02ee251b0cf63d5f9a17134ad9cf3ecb881fa99e,0x18a0600ad8eb0d6734499a2f3ae3097100d5c0f9,https://etherscan.io/address/0x18a0600ad8eb0d6734499a2f3ae3097100d5c0f9,0x643d0a20d990d029613081c99392ad4f48de297f4e74742466b77a8cc9ca5c1e,https://etherscan.io/tx/0x643d0a20d990d029613081c99392ad4f48de297f4e74742466b77a8cc9ca5c1e,24618968,2026-03-09T09:17:47Z,24620402,2026-03-09T14:05:47Z,2,3604.0,259ec48ddcd1160f2d4b37a0988e59ca2ea7604bb2b62a2e7219d100d06ad617,T0108,1,0x02ee251b0cf63d5f9a17134ad9cf3ecb881fa99e,,0.4906077348066298,False,Research project ownership and related deployments; do not infer project family from exact-runtime similarity alone. Enter conclusions only in the separate audit CSV.
ethereum:0x03fcd730e375f77483e262d052a5ad84f69c4d44,0x03fcd730e375f77483e262d052a5ad84f69c4d44,https://etherscan.io/address/0x03fcd730e375f77483e262d052a5ad84f69c4d44,0x4fd8608ea002829d0478696f5b3330cf43761ea1,https://etherscan.io/address/0x4fd8608ea002829d0478696f5b3330cf43761ea1,0xe1a9436c9b1b820cb8662b03df6bea3102dc7d7cdb1576ddabedebd9036a2ac4,https://etherscan.io/tx/0xe1a9436c9b1b820cb8662b03df6bea3102dc7d7cdb1576ddabedebd9036a2ac4,24529980,2026-02-24T23:15:11Z,24529980,2026-02-24T23:15:11Z,1,5406.0,044a7cbcadf04066bb8da40151ac1c07b3ac2342602e2348210a2220c1295b83,T0011,1,0x03fcd730e375f77483e262d052a5ad84f69c4d44,,0.3610675039246467,False,Research project ownership and related deployments; do not infer project family from exact-runtime similarity alone. Enter conclusions only in the separate audit CSV.
ethereum:0x06d79b53a238e5f27de66b8c22175e698e3a790d,0x06d79b53a238e5f27de66b8c22175e698e3a790d,https://etherscan.io/address/0x06d79b53a238e5f27de66b8c22175e698e3a790d,0x4de23f3f0fb3318287378adbde030cf61714b2f3,https://etherscan.io/address/0x4de23f3f0fb3318287378adbde030cf61714b2f3,0xeeecd62b556741b71a174d1561eac338340210634dd4b0cbf8d43124116afbb8,https://etherscan.io/tx/0xeeecd62b556741b71a174d1561eac338340210634dd4b0cbf8d43124116afbb8,24391143,2026-02-05T14:12:11Z,24512863,2026-02-22T13:59:11Z,9,2140.0,7a948332decd662357d5e9352e98a0f0db9f43de86c6a4f91fe1cd4ddb4f142f,T0320,1,0x06d79b53a238e5f27de66b8c22175e698e3a790d,,0.533106960950764,False,Research project ownership and related deployments; do not infer project family from exact-runtime similarity alone. Enter conclusions only in the separate audit CSV.
ethereum:0x0aea5493ca3a2ba0a2d1dd39d957c724d3058b5b,0x0aea5493ca3a2ba0a2d1dd39d957c724d3058b5b,https://etherscan.io/address/0x0aea5493ca3a2ba0a2d1dd39d957c724d3058b5b,0x785bc2484a15dc9a8b644024fc142e8bca1289ae,https://etherscan.io/address/0x785bc2484a15dc9a8b644024fc142e8bca1289ae,0x60b3de0b47b2f49bb7e00e97d9e30945a0fed879cd2026431ff30ee10c2a8b28,https://etherscan.io/tx/0x60b3de0b47b2f49bb7e00e97d9e30945a0fed879cd2026431ff30ee10c2a8b28,24358378,2026-02-01T00:17:11Z,24636563,2026-03-11T20:18:35Z,297,773.0,0896945f5786a589b330f6ff1cc3512d9d3e0fcb2a442f9bf7562573379298d5,T0023,1,0x0aea5493ca3a2ba0a2d1dd39d957c724d3058b5b,,0.4923954372623574,False,Research project ownership and related deployments; do not infer project family from exact-runtime similarity alone. Enter conclusions only in the separate audit CSV.
ethereum:0x0db5c09fc1483df28c46a5517768af299bf25e25,0x0db5c09fc1483df28c46a5517768af299bf25e25,https://etherscan.io/address/0x0db5c09fc1483df28c46a5517768af299bf25e25,0xd32a221d4a671724ad666689cc5cc4d103fb13bc,https://etherscan.io/address/0xd32a221d4a671724ad666689cc5cc4d103fb13bc,0xb28e999da796d7e66569297b46cf048eed9811215ca30cb5ad651e1480afe789,https://etherscan.io/tx/0xb28e999da796d7e66569297b46cf048eed9811215ca30cb5ad651e1480afe789,24471468,2026-02-16T19:27:11Z,24471468,2026-02-16T19:27:11Z,1,3402.0,a5c686ebb59ee3f3ffaca23f1c44e767144dccf9b8985de4f70dee282f6654ca,T0443,1,0x0db5c09fc1483df28c46a5517768af299bf25e25,,0.438618925831202,False,Research project ownership and related deployments; do not infer project family from exact-runtime similarity alone. Enter conclusions only in the separate audit CSV.
ethereum:0x0df4cf0d2c382a656ea9565c60e37e1042958d9c,0x0df4cf0d2c382a656ea9565c60e37e1042958d9c,https://etherscan.io/address/0x0df4cf0d2c382a656ea9565c60e37e1042958d9c,0xcc399f359f02938f21ed8d5778cd72388adbfc2d,https://etherscan.io/address/0xcc399f359f02938f21ed8d5778cd72388adbfc2d,0x4607902c9cf8c12ffbac4f214bd10d9622055150a22125f5c3b12490bf12fc64,https://etherscan.io/tx/0x4607902c9cf8c12ffbac4f214bd10d9622055150a22125f5c3b12490bf12fc64,24541436,2026-02-26T13:37:23Z,24541436,2026-02-26T13:37:23Z,1,2186.0,d44e939affbd048c74566ec8153eeca0a8ef57328b459dfb924a6cb74b817f88,T0564,1,0x0df4cf0d2c382a656ea9565c60e37e1042958d9c,,0.3101071975497703,False,Research project ownership and related deployments; do not infer project family from exact-runtime similarity alone. Enter conclusions only in the separate audit CSV.
ethereum:0x0e51fd1cb32e7bf563d32889daa5bc6dd01bf390,0x0e51fd1cb32e7bf563d32889daa5bc6dd01bf390,https://etherscan.io/address/0x0e51fd1cb32e7bf563d32889daa5bc6dd01bf390,0x8fab2c2fe3052d5898207748c5b15d59feab9570,https://etherscan.io/address/0x8fab2c2fe3052d5898207748c5b15d59feab9570,0x63d2019688508e4b7c5890e2fb0e5d4ab161458a760b83a0a16a52944b638e90,https://etherscan.io/tx/0x63d2019688508e4b7c5890e2fb0e5d4ab161458a760b83a0a16a52944b638e90,24370159,2026-02-02T15:46:11Z,24431298,2026-02-11T05:00:11Z,10,1720.0,aa071ead7835078acb709170b0dbef4e2b0468fd42269cb7208db09a8e5d0610,T0449,1,0x0e51fd1cb32e7bf563d32889daa5bc6dd01bf390,,0.70509977827051,False,Research project ownership and related deployments; do not infer project family from exact-runtime similarity alone. Enter conclusions only in the separate audit CSV.
ethereum:0x0eeac05b466f24b56e97c00b2b7194a037e8b1c5,0x0eeac05b466f24b56e97c00b2b7194a037e8b1c5,https://etherscan.io/address/0x0eeac05b466f24b56e97c00b2b7194a037e8b1c5,0xadf3d2049c2a037e15373269cc3d4e45d862d787,https://etherscan.io/address/0xadf3d2049c2a037e15373269cc3d4e45d862d787,0x7c45caedf33d027941e4d29b6c3711dd9eba7cd762eb27e3189e5310a0f5d636,https://etherscan.io/tx/0x7c45caedf33d027941e4d29b6c3711dd9eba7cd762eb27e3189e5310a0f5d636,24573286,2026-03-03T00:16:35Z,24573286,2026-03-03T00:16:35Z,1,4353.0,40d1f47dc522796910447f12fa51106c7332bcb22a2a45ded1e6cb49421d6777,T0164,1,0x0eeac05b466f24b56e97c00b2b7194a037e8b1c5,,0.2390221819827976,False,Research project ownership and related deployments; do not infer project family from exact-runtime similarity alone. Enter conclusions only in the separate audit CSV.
ethereum:0x10f2bec74f9459a875094f49dc2ec2c336af9a51,0x10f2bec74f9459a875094f49dc2ec2c336af9a51,https://etherscan.io/address/0x10f2bec74f9459a875094f49dc2ec2c336af9a51,0x0e63ee1a039bcc422b1baaf65c7ae30c497d3fc8,https://etherscan.io/address/0x0e63ee1a039bcc422b1baaf65c7ae30c497d3fc8,0x969e96e15f1b83ca5bb9bd7b9ed4ca5493e435edb5002d32a97d65689dd50645,https://etherscan.io/tx/0x969e96e15f1b83ca5bb9bd7b9ed4ca5493e435edb5002d32a97d65689dd50645,24437423,2026-02-12T01:30:35Z,24437423,2026-02-12T01:30:35Z,1,4357.0,01966b83553906843f53d41fd4bf7927db062faf2384a9eb69f6cdbd8b4e61b5,T0004,1,0x10f2bec74f9459a875094f49dc2ec2c336af9a51,,0.2522522522522522,False,Research project ownership and related deployments; do not infer project family from exact-runtime similarity alone. Enter conclusions only in the separate audit CSV.
ethereum:0x129541f53534def750220b2b160c5c1beb305950,0x129541f53534def750220b2b160c5c1beb305950,https://etherscan.io/address/0x129541f53534def750220b2b160c5c1beb305950,0xb66d596ed4cc0cfb3c6ceeb7bff4b00bbf72fac8,https://etherscan.io/address/0xb66d596ed4cc0cfb3c6ceeb7bff4b00bbf72fac8,0xc9139adb1885204daf992e8f8b6cff75efb48d2b372b4009a02a0d26fc701498,https://etherscan.io/tx/0xc9139adb1885204daf992e8f8b6cff75efb48d2b372b4009a02a0d26fc701498,24529031,2026-02-24T20:04:11Z,24533118,2026-02-25T09:45:35Z,3,11849.0,88d93b503f908a79c85b313737a87988880bac02ea3c25828aa96deea4dcdda6,T0356,1,0x129541f53534def750220b2b160c5c1beb305950,,0.5235559197050389,False,Research project ownership and related deployments; do not infer project family from exact-runtime similarity alone. Enter conclusions only in the separate audit CSV.
ethereum:0x13c43de5464d36ae6cf54f6ca3a785e05c52fca0,0x13c43de5464d36ae6cf54f6ca3a785e05c52fca0,https://etherscan.io/address/0x13c43de5464d36ae6cf54f6ca3a785e05c52fca0,0xf4d6471bd70cdcea435a3301611883524308e27f,https://etherscan.io/address/0xf4d6471bd70cdcea435a3301611883524308e27f,0xa32cae6bb03c1c3c078f1199946bf64d2a72963306ab143e8e25c083b4102ced,https://etherscan.io/tx/0xa32cae6bb03c1c3c078f1199946bf64d2a72963306ab143e8e25c083b4102ced,24397945,2026-02-06T13:00:35Z,24584327,2026-03-04T13:14:59Z,43,2709.0,ddf54082422d4b926832080692819aa1edcd3403ffcca630de9c83bc498a0b5a,T0580,1,0x13c43de5464d36ae6cf54f6ca3a785e05c52fca0,,0.1749750747756729,False,Research project ownership and related deployments; do not infer project family from exact-runtime similarity alone. Enter conclusions only in the separate audit CSV.
ethereum:0x169f7754f731d9ab583578bc6a7c869782717c0c,0x169f7754f731d9ab583578bc6a7c869782717c0c,https://etherscan.io/address/0x169f7754f731d9ab583578bc6a7c869782717c0c,0xe0ffa990e88962cdcd2208b5357e9a76e6802bde,https://etherscan.io/address/0xe0ffa990e88962cdcd2208b5357e9a76e6802bde,0x2cf83d773e1c8bccdfb58860b5e746f53355a6b680e347938acf887a02bfcabb,https://etherscan.io/tx/0x2cf83d773e1c8bccdfb58860b5e746f53355a6b680e347938acf887a02bfcabb,24401833,2026-02-07T02:02:35Z,24401833,2026-02-07T02:02:35Z,1,658.0,165d081b68d506d96777bf27657c0b6963b4c8c7c3064902653a5fb97ef4f1f5,T0063,1,0x169f7754f731d9ab583578bc6a7c869782717c0c,,0.3844155844155844,False,Research project ownership and related deployments; do not infer project family from exact-runtime similarity alone. Enter conclusions only in the separate audit CSV.
ethereum:0x1aa15d2c1683e8f831376a4a855e5017fba97f41,0x1aa15d2c1683e8f831376a4a855e5017fba97f41,https://etherscan.io/address/0x1aa15d2c1683e8f831376a4a855e5017fba97f41,0x082f704e5e777f842abce9a35427bcece8e2b4d5,https://etherscan.io/address/0x082f704e5e777f842abce9a35427bcece8e2b4d5,0xb399c968a8a573a2d735653cf24926897c084ae8eb68b4902370b01162c4f431,https://etherscan.io/tx/0xb399c968a8a573a2d735653cf24926897c084ae8eb68b4902370b01162c4f431,24636886,2026-03-11T21:23:47Z,24639864,2026-03-12T07:22:35Z,320,3391.0,db0cc69d33b29ff0ee921cf285e323ec2c2c8949fb52e585ab653156e552d574,T0575,1,0x1aa15d2c1683e8f831376a4a855e5017fba97f41,,0.4459049544994944,False,Research project ownership and related deployments; do not infer project family from exact-runtime similarity alone. Enter conclusions only in the separate audit CSV.
ethereum:0x1d8199e344ddf1f852c93c396a0401e919f6b450,0x1d8199e344ddf1f852c93c396a0401e919f6b450,https://etherscan.io/address/0x1d8199e344ddf1f852c93c396a0401e919f6b450,0x4de23f3f0fb3318287378adbde030cf61714b2f3,https://etherscan.io/address/0x4de23f3f0fb3318287378adbde030cf61714b2f3,0x8e80b628782f810aa713978b8b184d035a915c2875c67d2d63d280017b1fbb4e,https://etherscan.io/tx/0x8e80b628782f810aa713978b8b184d035a915c2875c67d2d63d280017b1fbb4e,24392767,2026-02-05T19:38:23Z,24640258,2026-03-12T08:41:59Z,149,1352.0,f0701f2609860571910f07bd17668df564bc8b08a2fc61e6a591e3c8afa987ee,T0631,1,0x1d8199e344ddf1f852c93c396a0401e919f6b450,,0.407826982492276,False,Research project ownership and related deployments; do not infer project family from exact-runtime similarity alone. Enter conclusions only in the separate audit CSV.
ethereum:0x1f0cbf6df751f7b86980000dbd2bd0426878454b,0x1f0cbf6df751f7b86980000dbd2bd0426878454b,https://etherscan.io/address/0x1f0cbf6df751f7b86980000dbd2bd0426878454b,0x5d557f7a73c7494be0dceb5dbf8c5c209811fda6,https://etherscan.io/address/0x5d557f7a73c7494be0dceb5dbf8c5c209811fda6,0x8c72436c837b5e1b6ced694dca3d75a712569840a8feb7de9cf71743114420c8,https://etherscan.io/tx/0x8c72436c837b5e1b6ced694dca3d75a712569840a8feb7de9cf71743114420c8,24605404,2026-03-07T11:54:11Z,24641288,2026-03-12T12:08:23Z,48,2178.0,c9631e19607b137b141d4ba50a1ac781918d40327d753bd2ea34b6991a0eb617,T0532,1,0x1f0cbf6df751f7b86980000dbd2bd0426878454b,,0.6719636776390465,False,Research project ownership and related deployments; do not infer project family from exact-runtime similarity alone. Enter conclusions only in the separate audit CSV.
ethereum:0x1f760b5dfe50b7b4e33533571b3cd82ee58b2d89,0x1f760b5dfe50b7b4e33533571b3cd82ee58b2d89,https://etherscan.io/address/0x1f760b5dfe50b7b4e33533571b3cd82ee58b2d89,0x58d70bfa5b7def2b44c2b6c6e1f50bed4950b4d6,https://etherscan.io/address/0x58d70bfa5b7def2b44c2b6c6e1f50bed4950b4d6,0xa8a45142cff6354f01bcadc1e13514e22e7296d15133be8f67280a1a4e28b51f,https://etherscan.io/tx/0xa8a45142cff6354f01bcadc1e13514e22e7296d15133be8f67280a1a4e28b51f,24554607,2026-02-28T09:42:23Z,24641473,2026-03-12T12:45:47Z,2203,2140.0,11537a8d69c0eaa3cfca25d17518396f87b4d8dab666ee4c3de8b468b8101851,T0051,1,0x1f760b5dfe50b7b4e33533571b3cd82ee58b2d89,,0.533106960950764,False,Research project ownership and related deployments; do not infer project family from exact-runtime similarity alone. Enter conclusions only in the separate audit CSV.
ethereum:0x211aea658c4f2492a7586b65299f1dccf2cd66d0,0x211aea658c4f2492a7586b65299f1dccf2cd66d0,https://etherscan.io/address/0x211aea658c4f2492a7586b65299f1dccf2cd66d0,0xcc66f4f145d0eba9049c4eb6ca10950e4e24ee39,https://etherscan.io/address/0xcc66f4f145d0eba9049c4eb6ca10950e4e24ee39,0x6f84a59bdec454e38ac6f5f29815745ea1f594932e53f1bf2e982381bfd0606e,https://etherscan.io/tx/0x6f84a59bdec454e38ac6f5f29815745ea1f594932e53f1bf2e982381bfd0606e,24360049,2026-02-01T05:53:23Z,24360049,2026-02-01T05:53:23Z,1,13014.0,4e467ccd1837daace20e3201d35e1a28596abfbf480d958619e529682b4f38f8,T0199,1,0x211aea658c4f2492a7586b65299f1dccf2cd66d0,,0.0921114050101135,False,Research project ownership and related deployments; do not infer project family from exact-runtime similarity alone. Enter conclusions only in the separate audit CSV.
ethereum:0x213fc223f2e7e1ec29a0d18bb950f9a431a5b112,0x213fc223f2e7e1ec29a0d18bb950f9a431a5b112,https://etherscan.io/address/0x213fc223f2e7e1ec29a0d18bb950f9a431a5b112,0xf39fd6e51aad88f6f4ce6ab8827279cfffb92266,https://etherscan.io/address/0xf39fd6e51aad88f6f4ce6ab8827279cfffb92266,0x1eb413f3196c68f0a2c981f588865df0e5c2f7eee064d4eeb8409a45c71ce77e,https://etherscan.io/tx/0x1eb413f3196c68f0a2c981f588865df0e5c2f7eee064d4eeb8409a45c71ce77e,24377013,2026-02-03T14:45:35Z,24641531,2026-03-12T12:57:23Z,3198,1352.0,807f4249b051cd0675919939a740c1bba22b84d9718f54cf7f9e93949048ec30,T0334,1,0x213fc223f2e7e1ec29a0d18bb950f9a431a5b112,,0.407826982492276,False,Research project ownership and related deployments; do not infer project family from exact-runtime similarity alone. Enter conclusions only in the separate audit CSV.
ethereum:0x232830c9889435ed44935fd19f2989f1f380a4d7,0x232830c9889435ed44935fd19f2989f1f380a4d7,https://etherscan.io/address/0x232830c9889435ed44935fd19f2989f1f380a4d7,0x162dc2f6290ae45694d468f4411718fb1d3951e0,https://etherscan.io/address/0x162dc2f6290ae45694d468f4411718fb1d3951e0,0x2fdf171889c3d1400e51320494ff8b55088d35ce2aa69f738792c2327cdd7bfa,https://etherscan.io/tx/0x2fdf171889c3d1400e51320494ff8b55088d35ce2aa69f738792c2327cdd7bfa,24540631,2026-02-26T10:55:59Z,24540658,2026-02-26T11:01:23Z,2,2111.0,81ca9083e985c857bbc12f05e182fb716f4a8c86f599d25eb62294b9213b880d,T0337,1,0x232830c9889435ed44935fd19f2989f1f380a4d7,,0.2086677367576244,False,Research project ownership and related deployments; do not infer project family from exact-runtime similarity alone. Enter conclusions only in the separate audit CSV.
ethereum:0x23875aa0ead846c3e0b47337d9bb8a8e537dea72,0x23875aa0ead846c3e0b47337d9bb8a8e537dea72,https://etherscan.io/address/0x23875aa0ead846c3e0b47337d9bb8a8e537dea72,0x0e457324f0c6125b20392341cdeb7bf9bcb02322,https://etherscan.io/address/0x0e457324f0c6125b20392341cdeb7bf9bcb02322,0x0845ff421ee173a562935ef1c6a04b09be4665df674c6e1459f0e71d294edb01,https://etherscan.io/tx/0x0845ff421ee173a562935ef1c6a04b09be4665df674c6e1459f0e71d294edb01,24469343,2026-02-16T12:20:47Z,24633421,2026-03-11T09:45:23Z,3,1167.0,0d17bd07e4bcb5cb4d164571f85e982c4e771c43ac83eaedda161a54177f2a88,T0039,1,0x23875aa0ead846c3e0b47337d9bb8a8e537dea72,,0.4499151103565365,False,Research project ownership and related deployments; do not infer project family from exact-runtime similarity alone. Enter conclusions only in the separate audit CSV.
ethereum:0x242e809094f7fa83763119988d84e4f4d9528713,0x242e809094f7fa83763119988d84e4f4d9528713,https://etherscan.io/address/0x242e809094f7fa83763119988d84e4f4d9528713,0x35fb45eec293017dfb42486c82592f609065f017,https://etherscan.io/address/0x35fb45eec293017dfb42486c82592f609065f017,0x6931635b24fb50f366036e34eaf03e50a1f037f6f243953be2cbf5a46e1dd5db,https://etherscan.io/tx/0x6931635b24fb50f366036e34eaf03e50a1f037f6f243953be2cbf5a46e1dd5db,24633732,2026-03-11T10:48:11Z,24640904,2026-03-12T10:51:23Z,2,6763.0,0f02f32af2139cecdaf077fcbcfeb71e51435f2d5daa01a34c87c2ffcbf5f259,T0045,1,0x242e809094f7fa83763119988d84e4f4d9528713,,0.3441194772868699,False,Research project ownership and related deployments; do not infer project family from exact-runtime similarity alone. Enter conclusions only in the separate audit CSV.
ethereum:0x268fd06baf8b4198c210a122aa7ff328f1f33233,0x268fd06baf8b4198c210a122aa7ff328f1f33233,https://etherscan.io/address/0x268fd06baf8b4198c210a122aa7ff328f1f33233,0x8fffbf1e56fbf5bb17e8cb5d839fde8d610564cd,https://etherscan.io/address/0x8fffbf1e56fbf5bb17e8cb5d839fde8d610564cd,0xc30e4c6b0a13e1d635e6632dda63aa02008d3457d34b0c3805eb175e968e2ed6,https://etherscan.io/tx/0xc30e4c6b0a13e1d635e6632dda63aa02008d3457d34b0c3805eb175e968e2ed6,24457391,2026-02-14T20:22:35Z,24457391,2026-02-14T20:22:35Z,1,1720.0,c86458f288c3ff468ddc3811edc464e135fe9b35d06d56c7c24578b2b5d95d25,T0529,1,0x268fd06baf8b4198c210a122aa7ff328f1f33233,,0.5161764705882353,False,Research project ownership and related deployments; do not infer project family from exact-runtime similarity alone. Enter conclusions only in the separate audit CSV.
ethereum:0x2726e47cbe369d21b6fcb4a5000697f726e3bef1,0x2726e47cbe369d21b6fcb4a5000697f726e3bef1,https://etherscan.io/address/0x2726e47cbe369d21b6fcb4a5000697f726e3bef1,0x32b7979a363ea4f44aaa911ed71312b4c95ee86c,https://etherscan.io/address/0x32b7979a363ea4f44aaa911ed71312b4c95ee86c,0x0e24f1f305f72ffaa6e593778687647fad31d92068e5421500ea4a232934bd73,https://etherscan.io/tx/0x0e24f1f305f72ffaa6e593778687647fad31d92068e5421500ea4a232934bd73,24641419,2026-03-12T12:34:59Z,24641522,2026-03-12T12:55:35Z,3,870.0,8b2dd96bb993a523d0a53548881495c20e62a77f04f89c88f4326fcf23c65e07,T0363,1,0x2726e47cbe369d21b6fcb4a5000697f726e3bef1,,0.6402877697841727,False,Research project ownership and related deployments; do not infer project family from exact-runtime similarity alone. Enter conclusions only in the separate audit CSV.
ethereum:0x27752000c3504d3fec86d50af91f02bc013ec95e,0x27752000c3504d3fec86d50af91f02bc013ec95e,https://etherscan.io/address/0x27752000c3504d3fec86d50af91f02bc013ec95e,0x4c0b4c8e618268b16af1996455996f6550abac6b,https://etherscan.io/address/0x4c0b4c8e618268b16af1996455996f6550abac6b,0x19fe0cd68cb6936bb1738b465597dc59180d27260f706725ecc4dfe9cf30277c,https://etherscan.io/tx/0x19fe0cd68cb6936bb1738b465597dc59180d27260f706725ecc4dfe9cf30277c,24517828,2026-02-23T06:34:59Z,24517836,2026-02-23T06:36:35Z,3,15498.0,49f44a1e34f739d9767bbcf4555fbc785196ba5433f501aa951565d89eea772c,T0187,1,0x27752000c3504d3fec86d50af91f02bc013ec95e,,0.1942797349145448,False,Research project ownership and related deployments; do not infer project family from exact-runtime similarity alone. Enter conclusions only in the separate audit CSV.
ethereum:0x2969d076bfb296e2ff3f4d26043457e47b01f6c7,0x2969d076bfb296e2ff3f4d26043457e47b01f6c7,https://etherscan.io/address/0x2969d076bfb296e2ff3f4d26043457e47b01f6c7,0xbb4a12647054460b8630851d7a6dc83584b6462f,https://etherscan.io/address/0xbb4a12647054460b8630851d7a6dc83584b6462f,0x6586937b2bd6a3b59ec83384299e7569ee7ce552e6613be77af7230de0263a4a,https://etherscan.io/tx/0x6586937b2bd6a3b59ec83384299e7569ee7ce552e6613be77af7230de0263a4a,24382299,2026-02-04T08:29:59Z,24382313,2026-02-04T08:32:47Z,2,3197.0,7929bffa51dccac4e5a0fa94291086afefcbba9c2f7a171814bda19d3c66e373,T0316,1,0x2969d076bfb296e2ff3f4d26043457e47b01f6c7,,0.6122209165687427,False,Research project ownership and related deployments; do not infer project family from exact-runtime similarity alone. Enter conclusions only in the separate audit CSV.
ethereum:0x2a6eec61006626b12f1bdccaa409487ed6f47bad,0x2a6eec61006626b12f1bdccaa409487ed6f47bad,https://etherscan.io/address/0x2a6eec61006626b12f1bdccaa409487ed6f47bad,0x423c8a3a21d66cb2c6d91cb851009534d0adc5b8,https://etherscan.io/address/0x423c8a3a21d66cb2c6d91cb851009534d0adc5b8,0x593aeda593a30998159a6a59503797571505cb6fbb481e2ca223d52bf56d2f94,https://etherscan.io/tx/0x593aeda593a30998159a6a59503797571505cb6fbb481e2ca223d52bf56d2f94,24536324,2026-02-25T20:30:59Z,24536324,2026-02-25T20:30:59Z,2,814.0,55729b21d418a6502a8d0517eb0be6949626f5cf5692a2abc36231059e46602c,T0219,1,0x2a6eec61006626b12f1bdccaa409487ed6f47bad,,0.2209631728045325,False,Research project ownership and related deployments; do not infer project family from exact-runtime similarity alone. Enter conclusions only in the separate audit CSV.
ethereum:0x2c6143ff3cadde88d652f1e644b09e9f3f7aa41a,0x2c6143ff3cadde88d652f1e644b09e9f3f7aa41a,https://etherscan.io/address/0x2c6143ff3cadde88d652f1e644b09e9f3f7aa41a,0xa1614195df940b6b8d904421540c7faec08a95b7,https://etherscan.io/address/0xa1614195df940b6b8d904421540c7faec08a95b7,0xa90b34fc7b13878685cc793a706066cc7620f07d65ab69b2b7a4e894b1a177c8,https://etherscan.io/tx/0xa90b34fc7b13878685cc793a706066cc7620f07d65ab69b2b7a4e894b1a177c8,24552026,2026-02-28T01:03:11Z,24552196,2026-02-28T01:37:35Z,15,892.0,faf18e59a8b2e7ab30a13c96854b0dd9217a1045fef02d03804cacd3fdff2597,T0657,1,0x2c6143ff3cadde88d652f1e644b09e9f3f7aa41a,,0.4982456140350877,False,Research project ownership and related deployments; do not infer project family from exact-runtime similarity alone. Enter conclusions only in the separate audit CSV.
ethereum:0x2e5d4f3751ed2f7b4e180143cf5e352043042e3b,0x2e5d4f3751ed2f7b4e180143cf5e352043042e3b,https://etherscan.io/address/0x2e5d4f3751ed2f7b4e180143cf5e352043042e3b,0x00000000fd3a7b3fa5bcfa843c648714b11e089b,https://etherscan.io/address/0x00000000fd3a7b3fa5bcfa843c648714b11e089b,0x5177e26b75d422287d864ef284c6b87199a50320176583b3fb8e30aeafecbe0d,https://etherscan.io/tx/0x5177e26b75d422287d864ef284c6b87199a50320176583b3fb8e30aeafecbe0d,24463153,2026-02-15T15:38:47Z,24463153,2026-02-15T15:38:47Z,1,10821.0,6605755ab0cb5ea3af38901652a993bfc2497248b8158c529b9655e58ed20a06,T0274,1,0x2e5d4f3751ed2f7b4e180143cf5e352043042e3b,,0.1168164313222079,False,Research project ownership and related deployments; do not infer project family from exact-runtime similarity alone. Enter conclusions only in the separate audit CSV.
ethereum:0x2e9a1e3401c708e07fcb840de2df828783ea2c2a,0x2e9a1e3401c708e07fcb840de2df828783ea2c2a,https://etherscan.io/address/0x2e9a1e3401c708e07fcb840de2df828783ea2c2a,0x3e64eb59295b058c4fffa1d6af257307a9ff724a,https://etherscan.io/address/0x3e64eb59295b058c4fffa1d6af257307a9ff724a,0x1fa6301d7f4411157e3282e618b3f8efb815ca1e92934af44e49b1b2a19cf775,https://etherscan.io/tx/0x1fa6301d7f4411157e3282e618b3f8efb815ca1e92934af44e49b1b2a19cf775,24575706,2026-03-03T08:22:11Z,24588931,2026-03-05T04:39:35Z,3,1452.0,0333796ab934aace23840a0596b6c15315c01517c9cbc196bdc80716a587094c,T0007,1,0x2e9a1e3401c708e07fcb840de2df828783ea2c2a,,0.5506993006993007,False,Research project ownership and related deployments; do not infer project family from exact-runtime similarity alone. Enter conclusions only in the separate audit CSV.
ethereum:0x2fabea3f4cb4177eb870b27415a6f9671ce347a2,0x2fabea3f4cb4177eb870b27415a6f9671ce347a2,https://etherscan.io/address/0x2fabea3f4cb4177eb870b27415a6f9671ce347a2,0x8cec28fc15e93c9b93882128441ee77ede093853,https://etherscan.io/address/0x8cec28fc15e93c9b93882128441ee77ede093853,0x73bd2f6d4f0b2fc5fc4bf1da61b9e60f5ef35c63cf93fad3905896b5cb45564d,https://etherscan.io/tx/0x73bd2f6d4f0b2fc5fc4bf1da61b9e60f5ef35c63cf93fad3905896b5cb45564d,24441634,2026-02-12T15:36:47Z,24441645,2026-02-12T15:38:59Z,2,4747.0,f0c6ca118016b6b0f42f926d373a51ff8f802cf8ce7111e146c7744f3e8bd15f,T0632,1,0x2fabea3f4cb4177eb870b27415a6f9671ce347a2,,0.6462427745664739,False,Research project ownership and related deployments; do not infer project family from exact-runtime similarity alone. Enter conclusions only in the separate audit CSV.
ethereum:0x3079d3868ff6ed1f84cf8ca764b319844042f944,0x3079d3868ff6ed1f84cf8ca764b319844042f944,https://etherscan.io/address/0x3079d3868ff6ed1f84cf8ca764b319844042f944,0x70d0941c89cefb615c28014f7209f47764658a2a,https://etherscan.io/address/0x70d0941c89cefb615c28014f7209f47764658a2a,0xfc85d57b3bf445ee3267df89640e81437ef091f793614ee88f9ce7b5cb477fdc,https://etherscan.io/tx/0xfc85d57b3bf445ee3267df89640e81437ef091f793614ee88f9ce7b5cb477fdc,24461777,2026-02-15T11:02:35Z,24522265,2026-02-23T21:26:35Z,4916,2140.0,39429b29ce1f2daddff360fc96465b34661fea6ac3d1da6ad0742d1f436710b6,T0146,1,0x3079d3868ff6ed1f84cf8ca764b319844042f944,,0.533106960950764,False,Research project ownership and related deployments; do not infer project family from exact-runtime similarity alone. Enter conclusions only in the separate audit CSV.
ethereum:0x310fb93d147888fccbc6a41f59195ecd96843907,0x310fb93d147888fccbc6a41f59195ecd96843907,https://etherscan.io/address/0x310fb93d147888fccbc6a41f59195ecd96843907,0x7d79bd0e4b3dc90665a3ed30aa6c6c06c89d224e,https://etherscan.io/address/0x7d79bd0e4b3dc90665a3ed30aa6c6c06c89d224e,0x0430f23b0735bd4ef67e885f8524387ba32951af512b8e244fc22570c415f453,https://etherscan.io/tx/0x0430f23b0735bd4ef67e885f8524387ba32951af512b8e244fc22570c415f453,24369189,2026-02-02T12:31:35Z,24626044,2026-03-10T09:01:35Z,29,4958.0,a3ce2ef68848938792ce94387bcadb97686cfe423caecf6d38de19a09bd58976,T0436,1,0x310fb93d147888fccbc6a41f59195ecd96843907,,0.5463458110516934,False,Research project ownership and related deployments; do not infer project family from exact-runtime similarity alone. Enter conclusions only in the separate audit CSV.
ethereum:0x34da365753049124461b347af2b1bcd5be9dbf64,0x34da365753049124461b347af2b1bcd5be9dbf64,https://etherscan.io/address/0x34da365753049124461b347af2b1bcd5be9dbf64,0x0ec4ccb047e5ed56ca1093b9a0cc875adb726294,https://etherscan.io/address/0x0ec4ccb047e5ed56ca1093b9a0cc875adb726294,0xe60467420531c98add535b7b2c4d2992e1431d7390fb8a6d38201c8182d93564,https://etherscan.io/tx/0xe60467420531c98add535b7b2c4d2992e1431d7390fb8a6d38201c8182d93564,24550814,2026-02-27T21:00:23Z,24551006,2026-02-27T21:38:47Z,2,2303.0,62c8b66b8f24ce65f93656a30b9399da0d0ffbee280a2064138254d511248dbf,T0264,1,0x34da365753049124461b347af2b1bcd5be9dbf64,,0.7203389830508474,False,Research project ownership and related deployments; do not infer project family from exact-runtime similarity alone. Enter conclusions only in the separate audit CSV.
ethereum:0x36d098ba5fff034332fcafc53366354343e735ae,0x36d098ba5fff034332fcafc53366354343e735ae,https://etherscan.io/address/0x36d098ba5fff034332fcafc53366354343e735ae,0x1fce96b9bb560a3b1c89d7360f0fce5d7dbe3f27,https://etherscan.io/address/0x1fce96b9bb560a3b1c89d7360f0fce5d7dbe3f27,0x1509b2d7c2c0a2a9f529cc0a521a2506ad8018ce006d90a31dfd89aa23ddd2f1,https://etherscan.io/tx/0x1509b2d7c2c0a2a9f529cc0a521a2506ad8018ce006d90a31dfd89aa23ddd2f1,24585383,2026-03-04T16:46:59Z,24634880,2026-03-11T14:39:47Z,27,1852.0,50942df284cbc6d08f1186e626f6a71e81a14add2d109348102d8d17db1d445a,T0204,1,0x36d098ba5fff034332fcafc53366354343e735ae,,0.4605967865340474,False,Research project ownership and related deployments; do not infer project family from exact-runtime similarity alone. Enter conclusions only in the separate audit CSV.
ethereum:0x38065b4e87f64b77d5c943b6568372864b7e63c8,0x38065b4e87f64b77d5c943b6568372864b7e63c8,https://etherscan.io/address/0x38065b4e87f64b77d5c943b6568372864b7e63c8,0x1c97f06e3e1fa86dfcf57aa894fbd37b3af02500,https://etherscan.io/address/0x1c97f06e3e1fa86dfcf57aa894fbd37b3af02500,0xce1607b02aa538f854599be1db32006800c59714681acf09d299e3c747e5fb75,https://etherscan.io/tx/0xce1607b02aa538f854599be1db32006800c59714681acf09d299e3c747e5fb75,24455066,2026-02-14T12:35:35Z,24603032,2026-03-07T03:56:35Z,3,2140.0,57211d7db4ff9532b4384c633cbc55de79dd3605d0304cfd6f80754761727f07,T0229,1,0x38065b4e87f64b77d5c943b6568372864b7e63c8,,0.533106960950764,False,Research project ownership and related deployments; do not infer project family from exact-runtime similarity alone. Enter conclusions only in the separate audit CSV.
ethereum:0x399fbfea9fce84e57976c5c57d6ce7725a7f96f4,0x399fbfea9fce84e57976c5c57d6ce7725a7f96f4,https://etherscan.io/address/0x399fbfea9fce84e57976c5c57d6ce7725a7f96f4,0x2673873a75960a51563e808957e6da5d137036fe,https://etherscan.io/address/0x2673873a75960a51563e808957e6da5d137036fe,0x1dd885472058fe80e7671e8e54dd2a0bbd2523399efd3984275b8c1aac93d0d0,https://etherscan.io/tx/0x1dd885472058fe80e7671e8e54dd2a0bbd2523399efd3984275b8c1aac93d0d0,24359039,2026-02-01T02:30:11Z,24641273,2026-03-12T12:05:23Z,146,2140.0,14217eeb1690e817a361d3a891d55dab2dd8d659d102c3f8fe6ebf8916f76dc1,T0057,1,0x399fbfea9fce84e57976c5c57d6ce7725a7f96f4,,0.533106960950764,False,Research project ownership and related deployments; do not infer project family from exact-runtime similarity alone. Enter conclusions only in the separate audit CSV.
ethereum:0x3a82e647f19bfc9072f42561df9178897b0c4ae6,0x3a82e647f19bfc9072f42561df9178897b0c4ae6,https://etherscan.io/address/0x3a82e647f19bfc9072f42561df9178897b0c4ae6,0xbee162fa5ae892be74f3f3e01c23da89adbccccc,https://etherscan.io/address/0xbee162fa5ae892be74f3f3e01c23da89adbccccc,0xec295991b92181ed103e2bea31d82339b860489e3018aeaacd63a2375217b6d9,https://etherscan.io/tx/0xec295991b92181ed103e2bea31d82339b860489e3018aeaacd63a2375217b6d9,24598002,2026-03-06T11:04:59Z,24598002,2026-03-06T11:04:59Z,1,4098.0,5bebe13a800762dc9a7adaa58c05d8c7049270e6f4fc02a13f2f62c54d3bad63,T0245,1,0x3a82e647f19bfc9072f42561df9178897b0c4ae6,,0.5178571428571429,False,Research project ownership and related deployments; do not infer project family from exact-runtime similarity alone. Enter conclusions only in the separate audit CSV.
ethereum:0x3d965cfdda791589ccab955498d509f2f7e30b79,0x3d965cfdda791589ccab955498d509f2f7e30b79,https://etherscan.io/address/0x3d965cfdda791589ccab955498d509f2f7e30b79,0x02ee1ee73b939b8e56c9ddec911517929caf6f39,https://etherscan.io/address/0x02ee1ee73b939b8e56c9ddec911517929caf6f39,0xc07203bb12e7f9c6fb830fbe6c3fa142078719c7c80572e2f3942ae377c53cd0,https://etherscan.io/tx/0xc07203bb12e7f9c6fb830fbe6c3fa142078719c7c80572e2f3942ae377c53cd0,24361547,2026-02-01T10:54:23Z,24633752,2026-03-11T10:52:23Z,47,5299.0,401538bd52fb8d9dcc288c2125c5fdda3fd8dab527827cfff8cdaf8b27056bb8,T0162,1,0x3d965cfdda791589ccab955498d509f2f7e30b79,,0.3505578391074574,False,Research project ownership and related deployments; do not infer project family from exact-runtime similarity alone. Enter conclusions only in the separate audit CSV.
ethereum:0x3ed18d51c2ad302737b89f66c06ef47eb0d6257d,0x3ed18d51c2ad302737b89f66c06ef47eb0d6257d,https://etherscan.io/address/0x3ed18d51c2ad302737b89f66c06ef47eb0d6257d,0xc78848db9873426bcba758eaa1719d840291187c,https://etherscan.io/address/0xc78848db9873426bcba758eaa1719d840291187c,0xd3b13bcdc99e4afcccc1cd6481caa7b71a84502d1d4ef0a6637e6f3ca4690018,https://etherscan.io/tx/0xd3b13bcdc99e4afcccc1cd6481caa7b71a84502d1d4ef0a6637e6f3ca4690018,24589253,2026-03-05T05:43:59Z,24621803,2026-03-09T18:47:35Z,27,1061.0,98f00e238cb49386e6fa48ac9c326cc887baf33ffb8e767ed9f5f59c78ebd0b8,T0403,1,0x3ed18d51c2ad302737b89f66c06ef47eb0d6257d,,0.2114624505928853,False,Research project ownership and related deployments; do not infer project family from exact-runtime similarity alone. Enter conclusions only in the separate audit CSV.
ethereum:0x47c603a58a1d3f24a8faf6ae80ec722235cfbbb9,0x47c603a58a1d3f24a8faf6ae80ec722235cfbbb9,https://etherscan.io/address/0x47c603a58a1d3f24a8faf6ae80ec722235cfbbb9,0x21e2fb232e9fc401201e34176cb5eea01f28c854,https://etherscan.io/address/0x21e2fb232e9fc401201e34176cb5eea01f28c854,0xeaa353df9cce81bbc9d43cc66b6d0dcb6286cec331a515343a4092c865c9c685,https://etherscan.io/tx/0xeaa353df9cce81bbc9d43cc66b6d0dcb6286cec331a515343a4092c865c9c685,24386100,2026-02-04T21:16:11Z,24386100,2026-02-04T21:16:11Z,1,1455.0,fcfa843278f4ad48225f4cd5c3f89587ac5e0258d5d9598db8fb8f26a5c75f46,T0665,1,0x47c603a58a1d3f24a8faf6ae80ec722235cfbbb9,,0.3092783505154639,False,Research project ownership and related deployments; do not infer project family from exact-runtime similarity alone. Enter conclusions only in the separate audit CSV.
ethereum:0x47ccf6cba8b6bf9a57b64222edf6cc392222f2e0,0x47ccf6cba8b6bf9a57b64222edf6cc392222f2e0,https://etherscan.io/address/0x47ccf6cba8b6bf9a57b64222edf6cc392222f2e0,0x89e5e2302a6067775ca34288846f5059bae901be,https://etherscan.io/address/0x89e5e2302a6067775ca34288846f5059bae901be,0xcf8499803559dea834e2d1fda0acc727945db7628ddd206a079e9a0245cfbf17,https://etherscan.io/tx/0xcf8499803559dea834e2d1fda0acc727945db7628ddd206a079e9a0245cfbf17,24401600,2026-02-07T01:15:59Z,24401600,2026-02-07T01:15:59Z,1,182.0,14789eac6e9148b09d714df06919a8bcdb95092f30e70fe9e5f3c160dfcb076c,T0059,1,0x47ccf6cba8b6bf9a57b64222edf6cc392222f2e0,,0.171875,False,Research project ownership and related deployments; do not infer project family from exact-runtime similarity alone. Enter conclusions only in the separate audit CSV.
ethereum:0x486f25007488d69c2ee67e0c11e2d64d40cea83b,0x486f25007488d69c2ee67e0c11e2d64d40cea83b,https://etherscan.io/address/0x486f25007488d69c2ee67e0c11e2d64d40cea83b,0xe31fa5cdf6c1fd272266376360eff5e6d5235118,https://etherscan.io/address/0xe31fa5cdf6c1fd272266376360eff5e6d5235118,0x9918e9238eabe2defa8b5ac6ed59412f320464fc91f327f28beeb9a4ebf4e55c,https://etherscan.io/tx/0x9918e9238eabe2defa8b5ac6ed59412f320464fc91f327f28beeb9a4ebf4e55c,24530615,2026-02-25T01:22:59Z,24530776,2026-02-25T01:55:11Z,19,19647.0,63e993c9b8f2e9d7086cc364b684d4d76950585ff5ff601eafea6ac1ec350f49,T0266,1,0x486f25007488d69c2ee67e0c11e2d64d40cea83b,,0.4,False,Research project ownership and related deployments; do not infer project family from exact-runtime similarity alone. Enter conclusions only in the separate audit CSV.
ethereum:0x4cb9a906b1d3ff669e08bac2effa92c51e0e2e1b,0x4cb9a906b1d3ff669e08bac2effa92c51e0e2e1b,https://etherscan.io/address/0x4cb9a906b1d3ff669e08bac2effa92c51e0e2e1b,0xfce11e5b8940889bed838788610aa05c87f2fbd8,https://etherscan.io/address/0xfce11e5b8940889bed838788610aa05c87f2fbd8,0x10d89660f3d134125bdb5c73b17e111499efea2c4f84005d05418af6c49c7f79,https://etherscan.io/tx/0x10d89660f3d134125bdb5c73b17e111499efea2c4f84005d05418af6c49c7f79,24439811,2026-02-12T09:30:23Z,24440010,2026-02-12T10:10:11Z,5,7075.0,9d15414e327c6642c03243ea48f37eea14540f61444ce5b5c5ff1bd7b75ab6d2,T0417,1,0x4cb9a906b1d3ff669e08bac2effa92c51e0e2e1b,,0.5303254437869822,False,Research project ownership and related deployments; do not infer project family from exact-runtime similarity alone. Enter conclusions only in the separate audit CSV.
ethereum:0x4fc81313806ae594045d967f88ef936f7f041133,0x4fc81313806ae594045d967f88ef936f7f041133,https://etherscan.io/address/0x4fc81313806ae594045d967f88ef936f7f041133,0x44539732152752ea9568e69440bfb910b0d474b5,https://etherscan.io/address/0x44539732152752ea9568e69440bfb910b0d474b5,0x1fe6978ac877bda272b41fb7df41c9008460c596149d0e0fde2a408c551ab71e,https://etherscan.io/tx/0x1fe6978ac877bda272b41fb7df41c9008460c596149d0e0fde2a408c551ab71e,24363860,2026-02-01T18:39:35Z,24636049,2026-03-11T18:35:11Z,39,14951.0,161edb6d6d443f5fe8b73835391305c1c8a57b4263ab07221d099f440f4f1fc4,T0062,1,0x4fc81313806ae594045d967f88ef936f7f041133,,0.4734961286480048,False,Research project ownership and related deployments; do not infer project family from exact-runtime similarity alone. Enter conclusions only in the separate audit CSV.
ethereum:0x543acb4bb10512e57d689a101f0952b90bf1fa71,0x543acb4bb10512e57d689a101f0952b90bf1fa71,https://etherscan.io/address/0x543acb4bb10512e57d689a101f0952b90bf1fa71,0x44ddd30550000d17f93853c591c9085c7a4854d8,https://etherscan.io/address/0x44ddd30550000d17f93853c591c9085c7a4854d8,0x5468b6adecbaad190c6a0236e0c71b0237a9b6df769ccd5ffde2f02d241e6c38,https://etherscan.io/tx/0x5468b6adecbaad190c6a0236e0c71b0237a9b6df769ccd5ffde2f02d241e6c38,24552028,2026-02-28T01:03:35Z,24635100,2026-03-11T15:23:59Z,41,19836.0,75f8d14e2804c196b08358e50ac1f89e71525a96efc985c355592fcd3533641e,T0309,1,0x543acb4bb10512e57d689a101f0952b90bf1fa71,,0.4699774266365688,False,Research project ownership and related deployments; do not infer project family from exact-runtime similarity alone. Enter conclusions only in the separate audit CSV.
ethereum:0x54d3e802c4c8c45f9d273b7f1d1255c37fa3d7dc,0x54d3e802c4c8c45f9d273b7f1d1255c37fa3d7dc,https://etherscan.io/address/0x54d3e802c4c8c45f9d273b7f1d1255c37fa3d7dc,0x0d6e5e965f30e9244cfbed59ce8984f3c1c3c22f,https://etherscan.io/address/0x0d6e5e965f30e9244cfbed59ce8984f3c1c3c22f,0xd753b4b1824ba115354e2a7695e40baf0e3c0d8b486704745f3b9f4b53e8ecc5,https://etherscan.io/tx/0xd753b4b1824ba115354e2a7695e40baf0e3c0d8b486704745f3b9f4b53e8ecc5,24454631,2026-02-14T11:08:23Z,24454631,2026-02-14T11:08:23Z,1,8650.0,8cabbf8514913f02d7bbe4dc245b09a5a25f973757ad1f3c73810c4c2f375902,T0366,1,0x54d3e802c4c8c45f9d273b7f1d1255c37fa3d7dc,,0.740650406504065,False,Research project ownership and related deployments; do not infer project family from exact-runtime similarity alone. Enter conclusions only in the separate audit CSV.
ethereum:0x56aa15ae741903eae7ba1f7207318ee28965ab8d,0x56aa15ae741903eae7ba1f7207318ee28965ab8d,https://etherscan.io/address/0x56aa15ae741903eae7ba1f7207318ee28965ab8d,0xd657860fc512ec2250a7385a353f599e3276fddb,https://etherscan.io/address/0xd657860fc512ec2250a7385a353f599e3276fddb,0xd55ca64ddc5cde71456b6f3c1224b2804fe0484f9c5d8e61151e31793565a3e4,https://etherscan.io/tx/0xd55ca64ddc5cde71456b6f3c1224b2804fe0484f9c5d8e61151e31793565a3e4,24537365,2026-02-25T23:59:59Z,24537365,2026-02-25T23:59:59Z,8,8401.0,a2ce8c02aef691fcbecebd4cd1db4233768afabdc79810f233e83a64a92e9f6d,T0433,1,0x56aa15ae741903eae7ba1f7207318ee28965ab8d,,0.4642857142857143,False,Research project ownership and related deployments; do not infer project family from exact-runtime similarity alone. Enter conclusions only in the separate audit CSV.
ethereum:0x56ef4d420533e3c4c7e79c64d1f958aa89d2c3a9,0x56ef4d420533e3c4c7e79c64d1f958aa89d2c3a9,https://etherscan.io/address/0x56ef4d420533e3c4c7e79c64d1f958aa89d2c3a9,0xc571f7b4135c23846bd596b691ba0582545bd9ff,https://etherscan.io/address/0xc571f7b4135c23846bd596b691ba0582545bd9ff,0x30f1527d157e59d300ba0c3415c5101112de2f341dce8cfd046d534fce512344,https://etherscan.io/tx/0x30f1527d157e59d300ba0c3415c5101112de2f341dce8cfd046d534fce512344,24358295,2026-02-01T00:00:35Z,24641248,2026-03-12T12:00:23Z,7926,2751.0,c49c5610980f47623f5359f4f97d30a851615a046580c621701882e829267979,T0515,1,0x56ef4d420533e3c4c7e79c64d1f958aa89d2c3a9,,0.5345724907063197,False,Research project ownership and related deployments; do not infer project family from exact-runtime similarity alone. Enter conclusions only in the separate audit CSV.
ethereum:0x5731889c08a2bb36fa8ae15f90a71bec8320eb78,0x5731889c08a2bb36fa8ae15f90a71bec8320eb78,https://etherscan.io/address/0x5731889c08a2bb36fa8ae15f90a71bec8320eb78,0x92c4e9c2387a5e18c3c1dc596c6639f9d489f2a5,https://etherscan.io/address/0x92c4e9c2387a5e18c3c1dc596c6639f9d489f2a5,0x4136c3014155496bf33db55983c8fe3b4307cde46085a7f6425e223773233efc,https://etherscan.io/tx/0x4136c3014155496bf33db55983c8fe3b4307cde46085a7f6425e223773233efc,24377054,2026-02-03T14:53:47Z,24395069,2026-02-06T03:21:47Z,3,4247.0,58a51e77522564ac732aebdb00a10d98644ae6ec94970072b137c2bea8c174aa,T0233,1,0x5731889c08a2bb36fa8ae15f90a71bec8320eb78,,0.8406148867313916,False,Research project ownership and related deployments; do not infer project family from exact-runtime similarity alone. Enter conclusions only in the separate audit CSV.
ethereum:0x57733a1a6aa268c262d33995864272f5e312c663,0x57733a1a6aa268c262d33995864272f5e312c663,https://etherscan.io/address/0x57733a1a6aa268c262d33995864272f5e312c663,0x6521f9746150d89f1bfaa3e77d847012915db3de,https://etherscan.io/address/0x6521f9746150d89f1bfaa3e77d847012915db3de,0x316f423ee290ffe98789c75562ffba494780a0631136092b551317e3beaed27f,https://etherscan.io/tx/0x316f423ee290ffe98789c75562ffba494780a0631136092b551317e3beaed27f,24526119,2026-02-24T10:19:35Z,24526131,2026-02-24T10:21:59Z,3,4478.0,67272e1d72a8ad6bd654b685f577ccfaa83e5cc2fcf183677a706eb6869e5ba0,T0277,1,0x57733a1a6aa268c262d33995864272f5e312c663,,0.6157567380787837,False,Research project ownership and related deployments; do not infer project family from exact-runtime similarity alone. Enter conclusions only in the separate audit CSV.
ethereum:0x58a309b4601809dc45a58cb2c159972e955b9d6a,0x58a309b4601809dc45a58cb2c159972e955b9d6a,https://etherscan.io/address/0x58a309b4601809dc45a58cb2c159972e955b9d6a,0xe7bac44d4b9417612e3565897778783844177732,https://etherscan.io/address/0xe7bac44d4b9417612e3565897778783844177732,0x13ae9fa087591a015edeea1be4e755900e95ca940018219f18d169a84bf46fe9,https://etherscan.io/tx/0x13ae9fa087591a015edeea1be4e755900e95ca940018219f18d169a84bf46fe9,24595480,2026-03-06T02:35:47Z,24596247,2026-03-06T05:10:11Z,633,4364.0,18aab27f86b8dd90c8d8f27af3221043d183aad9fa1db575e2b5efb3e30e34c6,T0069,1,0x58a309b4601809dc45a58cb2c159972e955b9d6a,,0.5939922480620154,False,Research project ownership and related deployments; do not infer project family from exact-runtime similarity alone. Enter conclusions only in the separate audit CSV.
ethereum:0x59d3ee3563a4d7e3b631af80538dacbfff1ab775,0x59d3ee3563a4d7e3b631af80538dacbfff1ab775,https://etherscan.io/address/0x59d3ee3563a4d7e3b631af80538dacbfff1ab775,0xbabd2f4b1568bef9871b4774112f2171c9caace1,https://etherscan.io/address/0xbabd2f4b1568bef9871b4774112f2171c9caace1,0x0eecf1b19d6f7eccd1ddac717860a4b553e368e9090fd58e4c95474a1d012872,https://etherscan.io/tx/0x0eecf1b19d6f7eccd1ddac717860a4b553e368e9090fd58e4c95474a1d012872,24360424,2026-02-01T07:08:59Z,24418622,2026-02-09T10:30:47Z,103,490.0,f25e7c105a41d776a6abdc1b031e8200260bb6531a219e6dec27328ffab31856,T0637,1,0x59d3ee3563a4d7e3b631af80538dacbfff1ab775,,0.0769230769230769,False,Research project ownership and related deployments; do not infer project family from exact-runtime similarity alone. Enter conclusions only in the separate audit CSV.
ethereum:0x5b963a425cc0a498f2ee1e38066a2d891db6af62,0x5b963a425cc0a498f2ee1e38066a2d891db6af62,https://etherscan.io/address/0x5b963a425cc0a498f2ee1e38066a2d891db6af62,0xf0ad9692b1f72d75f58d72d6093506f42adeef7e,https://etherscan.io/address/0xf0ad9692b1f72d75f58d72d6093506f42adeef7e,0x05cbecf57550fe6f38d4426e09a3dc200ca6afa41ee4407584550121a22d4495,https://etherscan.io/tx/0x05cbecf57550fe6f38d4426e09a3dc200ca6afa41ee4407584550121a22d4495,24507871,2026-02-21T21:16:47Z,24507871,2026-02-21T21:16:47Z,1,3578.0,2e4260c95d1cd8c642d3d6955d8c9a74d28b79eb1728e3943d99e5e730f914a9,T0126,1,0x5b963a425cc0a498f2ee1e38066a2d891db6af62,,0.2088003320880033,False,Research project ownership and related deployments; do not infer project family from exact-runtime similarity alone. Enter conclusions only in the separate audit CSV.
ethereum:0x5c55336390029a3fb05c1a0655462ae8fc60ca4c,0x5c55336390029a3fb05c1a0655462ae8fc60ca4c,https://etherscan.io/address/0x5c55336390029a3fb05c1a0655462ae8fc60ca4c,0xe7d463dff4e8c01040dafd137598d006292a7aa3,https://etherscan.io/address/0xe7d463dff4e8c01040dafd137598d006292a7aa3,0x23ec88e54f8ba55cbdb0e23f5afdfe13ec4312b61b3cac2572758014e559409a,https://etherscan.io/tx/0x23ec88e54f8ba55cbdb0e23f5afdfe13ec4312b61b3cac2572758014e559409a,24443051,2026-02-12T20:22:23Z,24443216,2026-02-12T20:55:35Z,5,7742.0,a8634a4cdce18b22b0e70acdfbf577942761bd134c1377cde49a4c2c8da9907a,T0447,1,0x5c55336390029a3fb05c1a0655462ae8fc60ca4c,,0.2008822531387852,False,Research project ownership and related deployments; do not infer project family from exact-runtime similarity alone. Enter conclusions only in the separate audit CSV.
ethereum:0x5daebc0ccaf4070211984d33fc45a2f313f07199,0x5daebc0ccaf4070211984d33fc45a2f313f07199,https://etherscan.io/address/0x5daebc0ccaf4070211984d33fc45a2f313f07199,0x53a1f685d66c14962e7ebbc58e5f30b17b0c06df,https://etherscan.io/address/0x53a1f685d66c14962e7ebbc58e5f30b17b0c06df,0xd163f48260442e5a63a0c2b82ea8fcc53421dbd312fb12e7dcadab09d792550e,https://etherscan.io/tx/0xd163f48260442e5a63a0c2b82ea8fcc53421dbd312fb12e7dcadab09d792550e,24369373,2026-02-02T13:08:23Z,24381397,2026-02-04T05:28:11Z,9,16131.0,5360ab53c735d1c7dd57df5a59fad2d2a0ec3c3089e3c03c309fdb5dc8c564d5,T0213,1,0x5daebc0ccaf4070211984d33fc45a2f313f07199,,0.199331550802139,False,Research project ownership and related deployments; do not infer project family from exact-runtime similarity alone. Enter conclusions only in the separate audit CSV.
ethereum:0x5e6d47ae6c032d115fd752ca95650cfc516c6493,0x5e6d47ae6c032d115fd752ca95650cfc516c6493,https://etherscan.io/address/0x5e6d47ae6c032d115fd752ca95650cfc516c6493,0xc2c34fb09fe043d0eda59f014312f792704614cd,https://etherscan.io/address/0xc2c34fb09fe043d0eda59f014312f792704614cd,0x0f11a5afd9b61e45dede96e7b7c466ea33db47fda8e19807fb13e7d85062462d,https://etherscan.io/tx/0x0f11a5afd9b61e45dede96e7b7c466ea33db47fda8e19807fb13e7d85062462d,24394478,2026-02-06T01:23:11Z,24572419,2026-03-02T21:22:35Z,3,940.0,87b2363e6c6dd6df46558c62ae8a079a9612149dc2aa0ae6f49cb0897b43b7fb,T0351,1,0x5e6d47ae6c032d115fd752ca95650cfc516c6493,,0.7648902821316614,False,Research project ownership and related deployments; do not infer project family from exact-runtime similarity alone. Enter conclusions only in the separate audit CSV.
ethereum:0x5e75977099a2b2828eb7a9f0cb5d0fcc403049ba,0x5e75977099a2b2828eb7a9f0cb5d0fcc403049ba,https://etherscan.io/address/0x5e75977099a2b2828eb7a9f0cb5d0fcc403049ba,0x22e91b096e3732c9dc343e39d78c03a21b41ec34,https://etherscan.io/address/0x22e91b096e3732c9dc343e39d78c03a21b41ec34,0x2ca025a4ef9bcfe3840dcdd22e5287b81a6f42791a103f3a83025bddd2003fea,https://etherscan.io/tx/0x2ca025a4ef9bcfe3840dcdd22e5287b81a6f42791a103f3a83025bddd2003fea,24614808,2026-03-08T19:22:35Z,24614808,2026-03-08T19:22:35Z,1,2202.0,e0d243c65baa3d71ae2db5e3ae3791933adf1ba35827e5d0ed58e4bb98bfd121,T0591,1,0x5e75977099a2b2828eb7a9f0cb5d0fcc403049ba,,0.5924006908462867,False,Research project ownership and related deployments; do not infer project family from exact-runtime similarity alone. Enter conclusions only in the separate audit CSV.
ethereum:0x5f26f70128e32eca6e1d4a58dd4cb26532affcc7,0x5f26f70128e32eca6e1d4a58dd4cb26532affcc7,https://etherscan.io/address/0x5f26f70128e32eca6e1d4a58dd4cb26532affcc7,0xa08ec08291a7779d648017ada21b772eceac8a96,https://etherscan.io/address/0xa08ec08291a7779d648017ada21b772eceac8a96,0x9fa88b2634b23e0c718061340a548a51864e858b52881db036e19cca53a66804,https://etherscan.io/tx/0x9fa88b2634b23e0c718061340a548a51864e858b52881db036e19cca53a66804,24469264,2026-02-16T12:04:59Z,24641161,2026-03-12T11:42:59Z,84,1731.0,08fb53d50ca32529064a47f2bd1559b6bcba24cf5333a363f424ccd3856086a9,T0025,1,0x5f26f70128e32eca6e1d4a58dd4cb26532affcc7,,0.5457943925233645,False,Research project ownership and related deployments; do not infer project family from exact-runtime similarity alone. Enter conclusions only in the separate audit CSV.
ethereum:0x5f3272c6ec9c1d0b00a11e60d4949964b4e3aeac,0x5f3272c6ec9c1d0b00a11e60d4949964b4e3aeac,https://etherscan.io/address/0x5f3272c6ec9c1d0b00a11e60d4949964b4e3aeac,0x3b533011da43b526f32d1363af82d6905d7be840,https://etherscan.io/address/0x3b533011da43b526f32d1363af82d6905d7be840,0xe939c43e1ecf3ed576b35bc74df648f36576ff8be7a4fe45df8b8df289504711,https://etherscan.io/tx/0xe939c43e1ecf3ed576b35bc74df648f36576ff8be7a4fe45df8b8df289504711,24530587,2026-02-25T01:17:11Z,24530743,2026-02-25T01:48:35Z,84,8402.0,90c175f5731724ad4c3549bbdb166bacf01409e94080577e3c002c86d34f8ab7,T0382,1,0x5f3272c6ec9c1d0b00a11e60d4949964b4e3aeac,,0.4564220183486238,False,Research project ownership and related deployments; do not infer project family from exact-runtime similarity alone. Enter conclusions only in the separate audit CSV.
ethereum:0x6640c1cccaf07dbe765ec05e294fe427cc92831c,0x6640c1cccaf07dbe765ec05e294fe427cc92831c,https://etherscan.io/address/0x6640c1cccaf07dbe765ec05e294fe427cc92831c,0x5eebf992bb82b5877ba08a5126c3308e996b5541,https://etherscan.io/address/0x5eebf992bb82b5877ba08a5126c3308e996b5541,0xbaad1b4ec95fbb7cb02416325878e5687a7141fbbf149b8b14ecb6e0891e6bb5,https://etherscan.io/tx/0xbaad1b4ec95fbb7cb02416325878e5687a7141fbbf149b8b14ecb6e0891e6bb5,24363613,2026-02-01T17:49:35Z,24640280,2026-03-12T08:46:23Z,195,4622.0,46e5f5b6ae6b62f7e81bd4c1b0d057bffed95dd58187c4acc11c755b112453ec,T0181,1,0x6640c1cccaf07dbe765ec05e294fe427cc92831c,,0.2248130224373075,False,Research project ownership and related deployments; do not infer project family from exact-runtime similarity alone. Enter conclusions only in the separate audit CSV.
ethereum:0x681bcbc1fbc1c8a2f1f5b4a43e6d38c5ca220892,0x681bcbc1fbc1c8a2f1f5b4a43e6d38c5ca220892,https://etherscan.io/address/0x681bcbc1fbc1c8a2f1f5b4a43e6d38c5ca220892,0x1c80d2a677c4a7756cf7d00fbb1c1766321333c3,https://etherscan.io/address/0x1c80d2a677c4a7756cf7d00fbb1c1766321333c3,0x0066305e51059493fec0ae787bfba8a3a0100b8afcde9dba05e6481f4b5ed4b6,https://etherscan.io/tx/0x0066305e51059493fec0ae787bfba8a3a0100b8afcde9dba05e6481f4b5ed4b6,24385853,2026-02-04T20:25:47Z,24622497,2026-03-09T21:07:59Z,5,6744.0,a8d7e108e657a8bcb790a2ec0579d165e8d25dc62085cbdc1e35977d1c9158b5,T0448,1,0x681bcbc1fbc1c8a2f1f5b4a43e6d38c5ca220892,,0.5009285051067781,False,Research project ownership and related deployments; do not infer project family from exact-runtime similarity alone. Enter conclusions only in the separate audit CSV.
ethereum:0x6bf06089c78db928190fc85c591ab6d0da02cda9,0x6bf06089c78db928190fc85c591ab6d0da02cda9,https://etherscan.io/address/0x6bf06089c78db928190fc85c591ab6d0da02cda9,0x492d255234c83f2ddc5aa904d8a9db6743e9f046,https://etherscan.io/address/0x492d255234c83f2ddc5aa904d8a9db6743e9f046,0x44c45064867ee7fe686027215187145af77cddeb3c337da35d63568d56a7e50e,https://etherscan.io/tx/0x44c45064867ee7fe686027215187145af77cddeb3c337da35d63568d56a7e50e,24432782,2026-02-11T09:58:11Z,24432782,2026-02-11T09:58:11Z,1,1164.0,a551ee4c3ec7c37e12835c3e90349e4e7554e8078aad2032d9fbda19e8da1d83,T0441,1,0x6bf06089c78db928190fc85c591ab6d0da02cda9,,0.3864836325237592,False,Research project ownership and related deployments; do not infer project family from exact-runtime similarity alone. Enter conclusions only in the separate audit CSV.
ethereum:0x6c09e04f949e3cb03fed508a7e550f3387dc5ffe,0x6c09e04f949e3cb03fed508a7e550f3387dc5ffe,https://etherscan.io/address/0x6c09e04f949e3cb03fed508a7e550f3387dc5ffe,0xd8349e874934593c85eafa8e534b495d80848e41,https://etherscan.io/address/0xd8349e874934593c85eafa8e534b495d80848e41,0xd34523f1b6072060a1cdea58c46678fe51b8aa62a4bfb970736eb706ababcad4,https://etherscan.io/tx/0xd34523f1b6072060a1cdea58c46678fe51b8aa62a4bfb970736eb706ababcad4,24435623,2026-02-11T19:29:11Z,24438905,2026-02-12T06:28:23Z,6,768.0,2b322b01fb15f1376b80c133bcec89c5b23918d709f0c8ed604981df1a592b70,T0119,1,0x6c09e04f949e3cb03fed508a7e550f3387dc5ffe,,0.2975206611570248,False,Research project ownership and related deployments; do not infer project family from exact-runtime similarity alone. Enter conclusions only in the separate audit CSV.
ethereum:0x6d979539f11dc7038f574a15eea31f3e577d47f8,0x6d979539f11dc7038f574a15eea31f3e577d47f8,https://etherscan.io/address/0x6d979539f11dc7038f574a15eea31f3e577d47f8,0x17b0050ba60006c167a209e61f32c234b6934824,https://etherscan.io/address/0x17b0050ba60006c167a209e61f32c234b6934824,0x38e69c47897765e615d86bdf002401be03f66540f53ae32a756987f6b7ee17c6,https://etherscan.io/tx/0x38e69c47897765e615d86bdf002401be03f66540f53ae32a756987f6b7ee17c6,24584555,2026-03-04T14:00:35Z,24641509,2026-03-12T12:52:59Z,886,530.0,f9293f31b21b00224eaad1066b48da7fdfe7f2ac20758d8a74c5a6eb54ab3db2,T0652,1,0x6d979539f11dc7038f574a15eea31f3e577d47f8,,0.6092307692307692,False,Research project ownership and related deployments; do not infer project family from exact-runtime similarity alone. Enter conclusions only in the separate audit CSV.
ethereum:0x6fa7b830679cc9e588042354a56b4aa1f8f8e9fe,0x6fa7b830679cc9e588042354a56b4aa1f8f8e9fe,https://etherscan.io/address/0x6fa7b830679cc9e588042354a56b4aa1f8f8e9fe,0x2854b6fb7ed126069f58429d98910e5afdd9a59b,https://etherscan.io/address/0x2854b6fb7ed126069f58429d98910e5afdd9a59b,0x3bfa5fe158fec29d57f733b8a37562016be34de1fcd3050f551a4e87a46da9fc,https://etherscan.io/tx/0x3bfa5fe158fec29d57f733b8a37562016be34de1fcd3050f551a4e87a46da9fc,24423288,2026-02-10T02:08:35Z,24423288,2026-02-10T02:08:35Z,1,7925.0,8f2ff582f992362c5118a725afe2404c924c91878c754b015fd325604ac2079b,T0374,1,0x6fa7b830679cc9e588042354a56b4aa1f8f8e9fe,,0.1678807947019867,False,Research project ownership and related deployments; do not infer project family from exact-runtime similarity alone. Enter conclusions only in the separate audit CSV.
ethereum:0x701b69eedd323659e5059127d5288d2a9f78bffb,0x701b69eedd323659e5059127d5288d2a9f78bffb,https://etherscan.io/address/0x701b69eedd323659e5059127d5288d2a9f78bffb,0x4a1637d4e58a34ec1999bfd96fb0e3826349f9b2,https://etherscan.io/address/0x4a1637d4e58a34ec1999bfd96fb0e3826349f9b2,0x627ccc5ceeeae5a04f16e6eb30ac6ca4d5a8fe7ae42087dbeb079585022836d0,https://etherscan.io/tx/0x627ccc5ceeeae5a04f16e6eb30ac6ca4d5a8fe7ae42087dbeb079585022836d0,24598973,2026-03-06T14:20:11Z,24606074,2026-03-07T14:09:11Z,36,2904.0,c42617eb616834aaa76d083c575b88000fb6cbde8029d5a544414b743601a2a0,T0511,1,0x701b69eedd323659e5059127d5288d2a9f78bffb,,0.6748251748251748,False,Research project ownership and related deployments; do not infer project family from exact-runtime similarity alone. Enter conclusions only in the separate audit CSV.
ethereum:0x72dc3c1a7827aeeedf224ea94bd027ab6a0ae4c9,0x72dc3c1a7827aeeedf224ea94bd027ab6a0ae4c9,https://etherscan.io/address/0x72dc3c1a7827aeeedf224ea94bd027ab6a0ae4c9,0x03008f13e5003400008858e428e9705800680031,https://etherscan.io/address/0x03008f13e5003400008858e428e9705800680031,0x975ffada643050dd446f7b93869c379124e6de01d09b08e8fc24b3ad7233407f,https://etherscan.io/tx/0x975ffada643050dd446f7b93869c379124e6de01d09b08e8fc24b3ad7233407f,24532035,2026-02-25T06:08:23Z,24532035,2026-02-25T06:08:23Z,1,39.0,f02dd471c67a5cb385e03c453f5755b1ea5367bb0363243a3978734992dcc749,T0630,1,0x72dc3c1a7827aeeedf224ea94bd027ab6a0ae4c9,,0.4090909090909091,False,Research project ownership and related deployments; do not infer project family from exact-runtime similarity alone. Enter conclusions only in the separate audit CSV.
ethereum:0x748918b511c6838e630351e8f0adc72d9e77fa22,0x748918b511c6838e630351e8f0adc72d9e77fa22,https://etherscan.io/address/0x748918b511c6838e630351e8f0adc72d9e77fa22,0x8ee245554f9a2488707e82bf942c67d56f806a80,https://etherscan.io/address/0x8ee245554f9a2488707e82bf942c67d56f806a80,0x9b935b2b53e06091d3784673064c7ed9ce0e2c4de17d8a0d850a9e891654fa3e,https://etherscan.io/tx/0x9b935b2b53e06091d3784673064c7ed9ce0e2c4de17d8a0d850a9e891654fa3e,24364569,2026-02-01T21:02:35Z,24615598,2026-03-08T22:00:59Z,69,2492.0,e3d506bfb878aee7e4d03a1fa23895306dce3d282ff742a39797924f8e3e7fc8,T0598,1,0x748918b511c6838e630351e8f0adc72d9e77fa22,,0.5901408450704225,False,Research project ownership and related deployments; do not infer project family from exact-runtime similarity alone. Enter conclusions only in the separate audit CSV.
ethereum:0x74f2b03fdec0e9cc35aac867c67bc938233088fd,0x74f2b03fdec0e9cc35aac867c67bc938233088fd,https://etherscan.io/address/0x74f2b03fdec0e9cc35aac867c67bc938233088fd,0x6a5916d04bd15017cbc3aa8d863f1e8f03e14d42,https://etherscan.io/address/0x6a5916d04bd15017cbc3aa8d863f1e8f03e14d42,0xe532e1da948f27caa9be515e48940a455f97869498ba5ce3632fce03ffcc759b,https://etherscan.io/tx/0xe532e1da948f27caa9be515e48940a455f97869498ba5ce3632fce03ffcc759b,24369051,2026-02-02T12:03:35Z,24641387,2026-03-12T12:28:35Z,93,2577.0,e31d95754c47ca776244245a20de7fb404d8525e2584a0a41df9b696531ca7dd,T0596,1,0x74f2b03fdec0e9cc35aac867c67bc938233088fd,,0.5775749674054759,False,Research project ownership and related deployments; do not infer project family from exact-runtime similarity alone. Enter conclusions only in the separate audit CSV.
ethereum:0x75961c3f099558100617658ea8db0bbe3021054e,0x75961c3f099558100617658ea8db0bbe3021054e,https://etherscan.io/address/0x75961c3f099558100617658ea8db0bbe3021054e,0xe34e9ccd81cce165d72a8257e3b1cd7251321b96,https://etherscan.io/address/0xe34e9ccd81cce165d72a8257e3b1cd7251321b96,0x45757fc513ef525da6b3a735d444ad9d1a7f7b280f8d7353431fb15f79f454a2,https://etherscan.io/tx/0x45757fc513ef525da6b3a735d444ad9d1a7f7b280f8d7353431fb15f79f454a2,24515928,2026-02-23T00:13:47Z,24515928,2026-02-23T00:13:47Z,1,3322.0,e1bec694f473934b131ec7752071a75e594a9d38fbaa716b6970cddf152456d5,T0594,1,0x75961c3f099558100617658ea8db0bbe3021054e,,0.4614687216681777,False,Research project ownership and related deployments; do not infer project family from exact-runtime similarity alone. Enter conclusions only in the separate audit CSV.
ethereum:0x75b93c20c18f4bf4cb7c8d5506c6eef9fc112063,0x75b93c20c18f4bf4cb7c8d5506c6eef9fc112063,https://etherscan.io/address/0x75b93c20c18f4bf4cb7c8d5506c6eef9fc112063,0xe3f4737accd351c52e12a11043d0cb10c64d6e8b,https://etherscan.io/address/0xe3f4737accd351c52e12a11043d0cb10c64d6e8b,0x97246da8f7f7c4809da93efe94c0486f66587e35a73b22a4bed8ec623e45116e,https://etherscan.io/tx/0x97246da8f7f7c4809da93efe94c0486f66587e35a73b22a4bed8ec623e45116e,24594343,2026-03-05T22:46:35Z,24614485,2026-03-08T18:17:59Z,2,2015.0,e6698dfca028b776296f4b61978cbeb848b5d2f0747725cbb0e84713f29cfa23,T0610,1,0x75b93c20c18f4bf4cb7c8d5506c6eef9fc112063,,0.5767123287671233,False,Research project ownership and related deployments; do not infer project family from exact-runtime similarity alone. Enter conclusions only in the separate audit CSV.
ethereum:0x7702aace7914e5b7237aedb3df9b12b831f5172d,0x7702aace7914e5b7237aedb3df9b12b831f5172d,https://etherscan.io/address/0x7702aace7914e5b7237aedb3df9b12b831f5172d,0x801611884d56a8bb5a3d3acea36e29ae3ab555dc,https://etherscan.io/address/0x801611884d56a8bb5a3d3acea36e29ae3ab555dc,0x58e93d5dba879c395c0f1ccfd95703fcda99a0dab418594c24de9165d3723fe5,https://etherscan.io/tx/0x58e93d5dba879c395c0f1ccfd95703fcda99a0dab418594c24de9165d3723fe5,24606535,2026-03-07T15:41:59Z,24606535,2026-03-07T15:41:59Z,1,7496.0,8eca9b7f4d66d43de5e492d876b0c1a83c1a0d5f4e4825d998c4602d4990660b,T0372,1,0x7702aace7914e5b7237aedb3df9b12b831f5172d,,0.2616724738675958,False,Research project ownership and related deployments; do not infer project family from exact-runtime similarity alone. Enter conclusions only in the separate audit CSV.
ethereum:0x7702cb554e6bfb442cb743a7df23154544a7176c,0x7702cb554e6bfb442cb743a7df23154544a7176c,https://etherscan.io/address/0x7702cb554e6bfb442cb743a7df23154544a7176c,0x6fedd008e9ad5ac22dc82ce92c2be395fa7ea4a0,https://etherscan.io/address/0x6fedd008e9ad5ac22dc82ce92c2be395fa7ea4a0,0x502caba47096f33fdd9bcca3799b3606808843ded1915e8ec0098a9cab915812,https://etherscan.io/tx/0x502caba47096f33fdd9bcca3799b3606808843ded1915e8ec0098a9cab915812,24358296,2026-02-01T00:00:47Z,24641497,2026-03-12T12:50:35Z,3042,3318.0,97497b31483a21567c1c520851c6e8e65e6ce906dc9236843668a21c3cd691e3,T0399,1,0x7702cb554e6bfb442cb743a7df23154544a7176c,,0.2623574144486692,False,Research project ownership and related deployments; do not infer project family from exact-runtime similarity alone. Enter conclusions only in the separate audit CSV.
ethereum:0x77fb3d2ff6db9dcbf1b7e0693b3c746b30499ee8,0x77fb3d2ff6db9dcbf1b7e0693b3c746b30499ee8,https://etherscan.io/address/0x77fb3d2ff6db9dcbf1b7e0693b3c746b30499ee8,0x9cfcf9febd0d71a00e4a77e8e3f2ee9338a6a734,https://etherscan.io/address/0x9cfcf9febd0d71a00e4a77e8e3f2ee9338a6a734,0x5935adfdf03ffee1a3d1e92695f91cc645033e4995744bdeb9d71922806db1b3,https://etherscan.io/tx/0x5935adfdf03ffee1a3d1e92695f91cc645033e4995744bdeb9d71922806db1b3,24386330,2026-02-04T22:02:23Z,24450774,2026-02-13T22:14:23Z,2,4901.0,d60e6df8d7a2e92137df59fb04f987ade7d1dd67353f1cf7505d43cc1d2e142d,T0571,1,0x77fb3d2ff6db9dcbf1b7e0693b3c746b30499ee8,,0.5556478405315615,False,Research project ownership and related deployments; do not infer project family from exact-runtime similarity alone. Enter conclusions only in the separate audit CSV.
ethereum:0x792b53282a85a884959f70ece940e2a5108e80a5,0x792b53282a85a884959f70ece940e2a5108e80a5,https://etherscan.io/address/0x792b53282a85a884959f70ece940e2a5108e80a5,0xb5f48f8691f34babf9588d4cc27cea6d62ee1cfe,https://etherscan.io/address/0xb5f48f8691f34babf9588d4cc27cea6d62ee1cfe,0x1785b867ae6048fbb194615115c6ab5215c4010d1292735a63957ece41461aa8,https://etherscan.io/tx/0x1785b867ae6048fbb194615115c6ab5215c4010d1292735a63957ece41461aa8,24364158,2026-02-01T19:39:23Z,24364158,2026-02-01T19:39:23Z,1,2140.0,cb2eae547a91936cf29106a2146a33bf16e645f79a7864db95006588a21dc8e5,T0538,1,0x792b53282a85a884959f70ece940e2a5108e80a5,,0.533106960950764,False,Research project ownership and related deployments; do not infer project family from exact-runtime similarity alone. Enter conclusions only in the separate audit CSV.
ethereum:0x7c4831868fb15b3220cf567256b8e5d206674071,0x7c4831868fb15b3220cf567256b8e5d206674071,https://etherscan.io/address/0x7c4831868fb15b3220cf567256b8e5d206674071,0xdfd8114df5199bc64f60f508d831fd54fa601402,https://etherscan.io/address/0xdfd8114df5199bc64f60f508d831fd54fa601402,0x79e2e3a462314514202c08b9a2f65174fe8d09aa9244d0c2f35ab151c976bd82,https://etherscan.io/tx/0x79e2e3a462314514202c08b9a2f65174fe8d09aa9244d0c2f35ab151c976bd82,24630723,2026-03-11T00:43:47Z,24630723,2026-03-11T00:43:47Z,1,2519.0,f677fcb8ef90c9b7555ab4bc0070823e3919e3559d9eed10dba24afb6f5e1281,T0646,1,0x7c4831868fb15b3220cf567256b8e5d206674071,,0.6572361262241567,False,Research project ownership and related deployments; do not infer project family from exact-runtime similarity alone. Enter conclusions only in the separate audit CSV.
ethereum:0x7dd72dbec4a281b55cc5b6ebd737933d60ae4a4c,0x7dd72dbec4a281b55cc5b6ebd737933d60ae4a4c,https://etherscan.io/address/0x7dd72dbec4a281b55cc5b6ebd737933d60ae4a4c,0xe9f04e5c00ce5130c325e23d124cb85fb67bacb4,https://etherscan.io/address/0xe9f04e5c00ce5130c325e23d124cb85fb67bacb4,0xfd7733131222a4b7246db77ee4bce2a2eb3bfb3326ba9c6b938f44a6d1a130c7,https://etherscan.io/tx/0xfd7733131222a4b7246db77ee4bce2a2eb3bfb3326ba9c6b938f44a6d1a130c7,24395393,2026-02-06T04:27:35Z,24401799,2026-02-07T01:55:47Z,7,2078.0,a594b469ecb696289391823959e396e6cfc5b200f2fe436d8e8c010ad9767fd5,T0442,1,0x7dd72dbec4a281b55cc5b6ebd737933d60ae4a4c,,0.6010733452593918,False,Research project ownership and related deployments; do not infer project family from exact-runtime similarity alone. Enter conclusions only in the separate audit CSV.
ethereum:0x7e6cf01e1879e4f7cd451269c4bb2f00afe0ace3,0x7e6cf01e1879e4f7cd451269c4bb2f00afe0ace3,https://etherscan.io/address/0x7e6cf01e1879e4f7cd451269c4bb2f00afe0ace3,0x7b224bfe5802ea60ef41859dbfe1f9aec00f81e5,https://etherscan.io/address/0x7b224bfe5802ea60ef41859dbfe1f9aec00f81e5,0xa6acea09c1b6627f2de9e96b0d10ab4a8fa4d03bd4c0a43cd7f6532f6e52f057,https://etherscan.io/tx/0xa6acea09c1b6627f2de9e96b0d10ab4a8fa4d03bd4c0a43cd7f6532f6e52f057,24581154,2026-03-04T02:37:59Z,24637752,2026-03-12T00:18:23Z,75,7038.0,36a93dbfee7058fcb194c312d54912854e52872b37bfb41b3aa60a5678565644,T0142,1,0x7e6cf01e1879e4f7cd451269c4bb2f00afe0ace3,,0.5291803278688525,False,Research project ownership and related deployments; do not infer project family from exact-runtime similarity alone. Enter conclusions only in the separate audit CSV.
ethereum:0x7fc70a7ab70eeed2bab474737cb450cf184e454b,0x7fc70a7ab70eeed2bab474737cb450cf184e454b,https://etherscan.io/address/0x7fc70a7ab70eeed2bab474737cb450cf184e454b,0x52d892bc11e9755f924a1db0aa6981c7650b824f,https://etherscan.io/address/0x52d892bc11e9755f924a1db0aa6981c7650b824f,0xc66d03f46fc855c1ee9e758b30270a89ddb7c13d5b13a1133966d8073e452e33,https://etherscan.io/tx/0xc66d03f46fc855c1ee9e758b30270a89ddb7c13d5b13a1133966d8073e452e33,24365560,2026-02-02T00:21:35Z,24375553,2026-02-03T09:51:35Z,9,2140.0,106e762ad85a1fadbf4083d6e08bc09810be2c391c6c42a7a800cd8c8ff1dd27,T0049,1,0x7fc70a7ab70eeed2bab474737cb450cf184e454b,,0.533106960950764,False,Research project ownership and related deployments; do not infer project family from exact-runtime similarity alone. Enter conclusions only in the separate audit CSV.
ethereum:0x7fd487222215fae6a74482683d76c19c7768b469,0x7fd487222215fae6a74482683d76c19c7768b469,https://etherscan.io/address/0x7fd487222215fae6a74482683d76c19c7768b469,0x0788d6f1fa0a001439a99ac1d459ae35cbbe63f9,https://etherscan.io/address/0x0788d6f1fa0a001439a99ac1d459ae35cbbe63f9,0xc934ac32579b992ef9f8fa6184e0ad5d19128bbaba01f7fa78a7894fe780882c,https://etherscan.io/tx/0xc934ac32579b992ef9f8fa6184e0ad5d19128bbaba01f7fa78a7894fe780882c,24637064,2026-03-11T21:59:59Z,24637221,2026-03-11T22:31:23Z,12,3391.0,9b94bcb7a492897f58e1945740902a9e4ed703d3bf82cfd6e55b2b12336fad90,T0412,1,0x7fd487222215fae6a74482683d76c19c7768b469,,0.4459049544994944,False,Research project ownership and related deployments; do not infer project family from exact-runtime similarity alone. Enter conclusions only in the separate audit CSV.
ethereum:0x821f26a3c70464bacdaca7736d9cb308078bf309,0x821f26a3c70464bacdaca7736d9cb308078bf309,https://etherscan.io/address/0x821f26a3c70464bacdaca7736d9cb308078bf309,0xa1d879b946c5dae61f0e9d18471a192be3b1e4eb,https://etherscan.io/address/0xa1d879b946c5dae61f0e9d18471a192be3b1e4eb,0xfbfac15ce12a83693cace69da651cb0030459c3db68637b162ef745cf0cfc6c6,https://etherscan.io/tx/0xfbfac15ce12a83693cace69da651cb0030459c3db68637b162ef745cf0cfc6c6,24442534,2026-02-12T18:38:47Z,24442785,2026-02-12T19:29:11Z,40,1452.0,4c400aab000a595b12216216495854f0e01c9f55ef9be8f2787720bc2ed55c77,T0192,1,0x821f26a3c70464bacdaca7736d9cb308078bf309,,0.5506993006993007,False,Research project ownership and related deployments; do not infer project family from exact-runtime similarity alone. Enter conclusions only in the separate audit CSV.
ethereum:0x830c3ca901fba71a1454a5c8ae3b7a8b04f496a7,0x830c3ca901fba71a1454a5c8ae3b7a8b04f496a7,https://etherscan.io/address/0x830c3ca901fba71a1454a5c8ae3b7a8b04f496a7,0x8c76a394d736422cd0590d57f165b05e4e117835,https://etherscan.io/address/0x8c76a394d736422cd0590d57f165b05e4e117835,0x949da9d6851d90eb3c836fe31940a0b1cc88b795195df002429a10cf2836999d,https://etherscan.io/tx/0x949da9d6851d90eb3c836fe31940a0b1cc88b795195df002429a10cf2836999d,24479505,2026-02-17T22:21:47Z,24479536,2026-02-17T22:27:59Z,3,929.0,206264fb192b01365ca09d6d9ed7ca6052c5fbe299e7f0442474e047a6bf679c,T0088,1,0x830c3ca901fba71a1454a5c8ae3b7a8b04f496a7,,0.4895833333333333,False,Research project ownership and related deployments; do not infer project family from exact-runtime similarity alone. Enter conclusions only in the separate audit CSV.
ethereum:0x854249aa14f6f357aeee5b7e0faffa90692de85e,0x854249aa14f6f357aeee5b7e0faffa90692de85e,https://etherscan.io/address/0x854249aa14f6f357aeee5b7e0faffa90692de85e,0x139367b4f5fe4d22bc30ea89dcc547812f720c6d,https://etherscan.io/address/0x139367b4f5fe4d22bc30ea89dcc547812f720c6d,0x9a906509baa301b1de4f1b3cc04fa0f8a93f3f5f285e8c3f74fc368b5a9d2117,https://etherscan.io/tx/0x9a906509baa301b1de4f1b3cc04fa0f8a93f3f5f285e8c3f74fc368b5a9d2117,24359029,2026-02-01T02:28:11Z,24641308,2026-03-12T12:12:23Z,990,2709.0,0d2b5bdfeba0e9f96477521ad741ab8a252fc8391b3ec2a110a5d4f73ca204c1,T0040,1,0x854249aa14f6f357aeee5b7e0faffa90692de85e,,0.1749750747756729,False,Research project ownership and related deployments; do not infer project family from exact-runtime similarity alone. Enter conclusions only in the separate audit CSV.
ethereum:0x85865a99f0db671c38f10188ca390b506ec133d4,0x85865a99f0db671c38f10188ca390b506ec133d4,https://etherscan.io/address/0x85865a99f0db671c38f10188ca390b506ec133d4,0x880e14298dd46418806f7b5e12b92aa9873bb5d4,https://etherscan.io/address/0x880e14298dd46418806f7b5e12b92aa9873bb5d4,0xa5a784c507893b40811387ad7df915e11bfa09bbed0c57119d680c7895a0bae8,https://etherscan.io/tx/0xa5a784c507893b40811387ad7df915e11bfa09bbed0c57119d680c7895a0bae8,24537226,2026-02-25T23:32:11Z,24537226,2026-02-25T23:32:11Z,1,2743.0,1fb5e823c54bde7ebe3540923f8f4da38e73a888b928823eff5e7af834290bd5,T0085,1,0x85865a99f0db671c38f10188ca390b506ec133d4,,0.3388480392156863,False,Research project ownership and related deployments; do not infer project family from exact-runtime similarity alone. Enter conclusions only in the separate audit CSV.
ethereum:0x87c322a93a6cd7b1beb3dbe1f3f296cf2b8eefae,0x87c322a93a6cd7b1beb3dbe1f3f296cf2b8eefae,https://etherscan.io/address/0x87c322a93a6cd7b1beb3dbe1f3f296cf2b8eefae,0x679ac05bfd3d26e8fcd1ed4fd2feace6c35f64b9,https://etherscan.io/address/0x679ac05bfd3d26e8fcd1ed4fd2feace6c35f64b9,0x6193ec4db839fd5676a646097b80b2aa574af01ae6170d3b956bd7c3cd18309b,https://etherscan.io/tx/0x6193ec4db839fd5676a646097b80b2aa574af01ae6170d3b956bd7c3cd18309b,24359756,2026-02-01T04:54:11Z,24477072,2026-02-17T14:12:47Z,181,2140.0,a0ce02cba9bce9859d20a6767cc6c268c5f9d6b92cc07a47064f87501071cfb4,T0429,1,0x87c322a93a6cd7b1beb3dbe1f3f296cf2b8eefae,,0.533106960950764,False,Research project ownership and related deployments; do not infer project family from exact-runtime similarity alone. Enter conclusions only in the separate audit CSV.
ethereum:0x8b44320c6a7d9ef11385b923d9b875b652e86c24,0x8b44320c6a7d9ef11385b923d9b875b652e86c24,https://etherscan.io/address/0x8b44320c6a7d9ef11385b923d9b875b652e86c24,0x5da67d4f02f4939018239c190d4c3087ab710690,https://etherscan.io/address/0x5da67d4f02f4939018239c190d4c3087ab710690,0x84c366479394e54f7007443064c119124cfb16678eec9c89e35571571d133080,https://etherscan.io/tx/0x84c366479394e54f7007443064c119124cfb16678eec9c89e35571571d133080,24548183,2026-02-27T12:11:47Z,24592592,2026-03-05T16:53:59Z,687,1140.0,0594f3e6ae23be29647059fb9c3bdcde090640d83fdbe82a4547768eb8fdc8a8,T0016,1,0x8b44320c6a7d9ef11385b923d9b875b652e86c24,,0.4199475065616798,False,Research project ownership and related deployments; do not infer project family from exact-runtime similarity alone. Enter conclusions only in the separate audit CSV.
ethereum:0x8bf1ceea142840af0007317097c7f8bd80fa6b66,0x8bf1ceea142840af0007317097c7f8bd80fa6b66,https://etherscan.io/address/0x8bf1ceea142840af0007317097c7f8bd80fa6b66,0xc2ac5eeb4b4f855534c2554095bcd03b59901234,https://etherscan.io/address/0xc2ac5eeb4b4f855534c2554095bcd03b59901234,0x43e28001b8604f73e638ed726720d2822938caf908b9f6b90e47b7839d7d3afa,https://etherscan.io/tx/0x43e28001b8604f73e638ed726720d2822938caf908b9f6b90e47b7839d7d3afa,24475764,2026-02-17T09:50:11Z,24476150,2026-02-17T11:07:47Z,18,2656.0,3ca0348d79ffd7d60c796a0d346d36e0215cc304bff234120541e93b5f3c689c,T0155,1,0x8bf1ceea142840af0007317097c7f8bd80fa6b66,,0.1361771944216571,False,Research project ownership and related deployments; do not infer project family from exact-runtime similarity alone. Enter conclusions only in the separate audit CSV.
ethereum:0x9176de7b26bb894b3d90e8980c7fc1322ca934d4,0x9176de7b26bb894b3d90e8980c7fc1322ca934d4,https://etherscan.io/address/0x9176de7b26bb894b3d90e8980c7fc1322ca934d4,0xaabc86594bc0b8f7229828bde4a6698c6ee9e7ae,https://etherscan.io/address/0xaabc86594bc0b8f7229828bde4a6698c6ee9e7ae,0x70ff962234e5c97901bf64ed9f7f69cc1709e2e06ad6a6f8f14ef1570de206d8,https://etherscan.io/tx/0x70ff962234e5c97901bf64ed9f7f69cc1709e2e06ad6a6f8f14ef1570de206d8,24544710,2026-02-27T00:34:35Z,24585351,2026-03-04T16:40:35Z,6,1836.0,d575ac093b746b293d6729c430ffd0afcdccfab8a73f356585c4309b06504813,T0568,1,0x9176de7b26bb894b3d90e8980c7fc1322ca934d4,,0.4587786259541985,False,Research project ownership and related deployments; do not infer project family from exact-runtime similarity alone. Enter conclusions only in the separate audit CSV.
ethereum:0x93a81b920a9668762e463d243c12ce73003e240a,0x93a81b920a9668762e463d243c12ce73003e240a,https://etherscan.io/address/0x93a81b920a9668762e463d243c12ce73003e240a,0x3bd0063aad446f32c17bd81caed6b615946a5fc5,https://etherscan.io/address/0x3bd0063aad446f32c17bd81caed6b615946a5fc5,0xda5f9c1b155d40fc3f63de2fa1db889da626e55f42b6609004f40a25b8fcc9e2,https://etherscan.io/tx/0xda5f9c1b155d40fc3f63de2fa1db889da626e55f42b6609004f40a25b8fcc9e2,24425495,2026-02-10T09:31:47Z,24629855,2026-03-10T21:49:23Z,16,9220.0,582e4d68e2c66d1f8ca5da0680fff81306a3ab4516f147d7f52eba66924468ef,T0231,1,0x93a81b920a9668762e463d243c12ce73003e240a,,0.4230310262529833,False,Research project ownership and related deployments; do not infer project family from exact-runtime similarity alone. Enter conclusions only in the separate audit CSV.
ethereum:0x948a948d54e316a73e224a67ebbd5c9785d9766d,0x948a948d54e316a73e224a67ebbd5c9785d9766d,https://etherscan.io/address/0x948a948d54e316a73e224a67ebbd5c9785d9766d,0x9b2ee368b9d94351cfeb607190deb3b29b11481f,https://etherscan.io/address/0x9b2ee368b9d94351cfeb607190deb3b29b11481f,0xa498e549241f77de5cfabcd1eeb920b8357dac77e87ae21ade93406004732c6c,https://etherscan.io/tx/0xa498e549241f77de5cfabcd1eeb920b8357dac77e87ae21ade93406004732c6c,24398689,2026-02-06T15:30:23Z,24398787,2026-02-06T15:49:59Z,3,1812.0,fa99fedd5946af129abb5ed843615765a282136728c138a5fe8e88ee9a5245d9,T0654,1,0x948a948d54e316a73e224a67ebbd5c9785d9766d,,0.675226586102719,False,Research project ownership and related deployments; do not infer project family from exact-runtime similarity alone. Enter conclusions only in the separate audit CSV.
ethereum:0x95eeb7bd0a63524a1614b374395c625dfb9dbd4a,0x95eeb7bd0a63524a1614b374395c625dfb9dbd4a,https://etherscan.io/address/0x95eeb7bd0a63524a1614b374395c625dfb9dbd4a,0xe6d91747ec9eb35da40b5d23224d715bcd9e1e62,https://etherscan.io/address/0xe6d91747ec9eb35da40b5d23224d715bcd9e1e62,0xf5ee86f61da49f32edf62e775596772f58610bfe79ef473529da02e4384e89ca,https://etherscan.io/tx/0xf5ee86f61da49f32edf62e775596772f58610bfe79ef473529da02e4384e89ca,24606486,2026-03-07T15:31:59Z,24606488,2026-03-07T15:32:23Z,3,4526.0,a2420be084f829ac124d4a53ab5d542d15b299468202d2fc824ec2a0bb2cc481,T0432,1,0x95eeb7bd0a63524a1614b374395c625dfb9dbd4a,,0.4339815762538382,False,Research project ownership and related deployments; do not infer project family from exact-runtime similarity alone. Enter conclusions only in the separate audit CSV.
ethereum:0x96da711359c6afe93a7257e4946e1f907c4c7628,0x96da711359c6afe93a7257e4946e1f907c4c7628,https://etherscan.io/address/0x96da711359c6afe93a7257e4946e1f907c4c7628,0xe0ffa990e88962cdcd2208b5357e9a76e6802bde,https://etherscan.io/address/0xe0ffa990e88962cdcd2208b5357e9a76e6802bde,0x83e7141f600140291ea36590bc9fe6d477f4cdcd582dc82a3ec04589515dda22,https://etherscan.io/tx/0x83e7141f600140291ea36590bc9fe6d477f4cdcd582dc82a3ec04589515dda22,24401715,2026-02-07T01:38:59Z,24401821,2026-02-07T02:00:11Z,7,1056.0,07b51fe9eb047951834c793f727fb2b4254815923ba55d1fd650f2706eb3daf1,T0019,1,0x96da711359c6afe93a7257e4946e1f907c4c7628,,0.3451536643026004,False,Research project ownership and related deployments; do not infer project family from exact-runtime similarity alone. Enter conclusions only in the separate audit CSV.
ethereum:0x9a4cfb6bbb22112c36f9e585b47ccc27b7270f0f,0x9a4cfb6bbb22112c36f9e585b47ccc27b7270f0f,https://etherscan.io/address/0x9a4cfb6bbb22112c36f9e585b47ccc27b7270f0f,0x6805571678a031da7ae8964b612c192e0f233913,https://etherscan.io/address/0x6805571678a031da7ae8964b612c192e0f233913,0x78efb08564951c482f21a67a65e24d07a33fc7270fd01a3d2ffc9c7f3b1892da,https://etherscan.io/tx/0x78efb08564951c482f21a67a65e24d07a33fc7270fd01a3d2ffc9c7f3b1892da,24363618,2026-02-01T17:50:35Z,24606538,2026-03-07T15:42:35Z,7,4206.0,5b30e45dcc6d97133fe3bdb4d0ddb7bc57326ad16b6dc69f24da3cb0baffd7b4,T0242,1,0x9a4cfb6bbb22112c36f9e585b47ccc27b7270f0f,,0.5552165954850519,False,Research project ownership and related deployments; do not infer project family from exact-runtime similarity alone. Enter conclusions only in the separate audit CSV.
ethereum:0x9bbc10cdec2ddce81b9525a4cb8248e120c79461,0x9bbc10cdec2ddce81b9525a4cb8248e120c79461,https://etherscan.io/address/0x9bbc10cdec2ddce81b9525a4cb8248e120c79461,0xc7ccd4686e72fc0502d660f60dde8e542336a92f,https://etherscan.io/address/0xc7ccd4686e72fc0502d660f60dde8e542336a92f,0x9faf52a36deffce7af4931debbc735a86acf792aea457141749f6145162dd3a3,https://etherscan.io/tx/0x9faf52a36deffce7af4931debbc735a86acf792aea457141749f6145162dd3a3,24535106,2026-02-25T16:25:23Z,24540183,2026-02-26T09:25:59Z,10,13571.0,5ee7e8199ecd19486389b93d48c54e980be24adfd592c2abcd62316d0e5b703d,T0253,1,0x9bbc10cdec2ddce81b9525a4cb8248e120c79461,,0.1795995908227385,False,Research project ownership and related deployments; do not infer project family from exact-runtime similarity alone. Enter conclusions only in the separate audit CSV.
ethereum:0x9bdfd3b60d50808f42c9c5717cc5d59962275ad9,0x9bdfd3b60d50808f42c9c5717cc5d59962275ad9,https://etherscan.io/address/0x9bdfd3b60d50808f42c9c5717cc5d59962275ad9,0xd32a221d4a671724ad666689cc5cc4d103fb13bc,https://etherscan.io/address/0xd32a221d4a671724ad666689cc5cc4d103fb13bc,0xb68d3f7d07af86dd7872402348403b0ddec583a7d01b021fd11353d1ee611d57,https://etherscan.io/tx/0xb68d3f7d07af86dd7872402348403b0ddec583a7d01b021fd11353d1ee611d57,24474555,2026-02-17T05:46:59Z,24474555,2026-02-17T05:46:59Z,1,894.0,8ec76d2daa63e248585ccca5abde1da1a55c170d9ea2841d9191186488b2f0d0,T0371,1,0x9bdfd3b60d50808f42c9c5717cc5d59962275ad9,,0.4532577903682719,False,Research project ownership and related deployments; do not infer project family from exact-runtime similarity alone. Enter conclusions only in the separate audit CSV.
ethereum:0x9bfb46b845e8eb31e615d320bdbcaeb55b6df38a,0x9bfb46b845e8eb31e615d320bdbcaeb55b6df38a,https://etherscan.io/address/0x9bfb46b845e8eb31e615d320bdbcaeb55b6df38a,0xeb6f6167b6a64f2125571a0565d56e7fdd0618e8,https://etherscan.io/address/0xeb6f6167b6a64f2125571a0565d56e7fdd0618e8,0xf504deba2db2ee63f99a1184280065eec691e63457f88b79eb02ee636fe0c242,https://etherscan.io/tx/0xf504deba2db2ee63f99a1184280065eec691e63457f88b79eb02ee636fe0c242,24449381,2026-02-13T17:34:11Z,24449635,2026-02-13T18:25:35Z,2,266.0,f31e5cd79bbfd3ea78d2f97397f02c4a0756384582c1179e384b58679c8c0f25,T0640,1,0x9bfb46b845e8eb31e615d320bdbcaeb55b6df38a,,0.4573378839590443,False,Research project ownership and related deployments; do not infer project family from exact-runtime similarity alone. Enter conclusions only in the separate audit CSV.
ethereum:0x9e95a022e55f032de1f5e1357609579c20b04f75,0x9e95a022e55f032de1f5e1357609579c20b04f75,https://etherscan.io/address/0x9e95a022e55f032de1f5e1357609579c20b04f75,0x1de00882dbb541116044aba0737274809ec32fd1,https://etherscan.io/address/0x1de00882dbb541116044aba0737274809ec32fd1,0x1cbb846d2fc4a0747156ec56ade71941be4071ff85acf32a9237c4d9c645b47e,https://etherscan.io/tx/0x1cbb846d2fc4a0747156ec56ade71941be4071ff85acf32a9237c4d9c645b47e,24611667,2026-03-08T08:51:47Z,24611667,2026-03-08T08:51:47Z,5,714.0,309576327f6cefab37468e12c185e9c0bd7e6e90377cd8d7983bdd22a2ae3872,T0129,1,0x9e95a022e55f032de1f5e1357609579c20b04f75,,0.4686648501362397,False,Research project ownership and related deployments; do not infer project family from exact-runtime similarity alone. Enter conclusions only in the separate audit CSV.
ethereum:0x9ed18ba902951c16c2299ac234921380743a0a67,0x9ed18ba902951c16c2299ac234921380743a0a67,https://etherscan.io/address/0x9ed18ba902951c16c2299ac234921380743a0a67,0x8cf5711775316c124d0a592797df680409941273,https://etherscan.io/address/0x8cf5711775316c124d0a592797df680409941273,0xa44bbaf87cefadccee1e8642c4fd82f7d3c9a00680a9be30ec758f8926d40f50,https://etherscan.io/tx/0xa44bbaf87cefadccee1e8642c4fd82f7d3c9a00680a9be30ec758f8926d40f50,24360697,2026-02-01T08:03:35Z,24640828,2026-03-12T10:36:11Z,1162,2143.0,55f44a3a5c7701d38238e99c760670448319a736f2b0f0dfe8d70b3d897b020a,T0223,1,0x9ed18ba902951c16c2299ac234921380743a0a67,,0.3408163265306122,False,Research project ownership and related deployments; do not infer project family from exact-runtime similarity alone. Enter conclusions only in the separate audit CSV.
ethereum:0xa224a1c63df33be4967f0dd294ec1ef76268b742,0xa224a1c63df33be4967f0dd294ec1ef76268b742,https://etherscan.io/address/0xa224a1c63df33be4967f0dd294ec1ef76268b742,0x9175d5b34c0e8000c3e1ae90622a4429afabb510,https://etherscan.io/address/0x9175d5b34c0e8000c3e1ae90622a4429afabb510,0xe17d93efa4dafc59f2f704e2413d864d4db470b69d1327931d018da5dd304d4b,https://etherscan.io/tx/0xe17d93efa4dafc59f2f704e2413d864d4db470b69d1327931d018da5dd304d4b,24381825,2026-02-04T06:54:35Z,24588834,2026-03-05T04:19:59Z,11,5806.0,eec683177c43028c5f5b673644b6c4f861d2e0706f53394d08c60eef67ad656f,T0626,1,0xa224a1c63df33be4967f0dd294ec1ef76268b742,,0.5959488272921108,False,Research project ownership and related deployments; do not infer project family from exact-runtime similarity alone. Enter conclusions only in the separate audit CSV.
ethereum:0xa34995732725b87aa889a31af23dac5029ec019a,0xa34995732725b87aa889a31af23dac5029ec019a,https://etherscan.io/address/0xa34995732725b87aa889a31af23dac5029ec019a,0x47df8f101aef2aa37c1232af02ed7e6ed5ff4347,https://etherscan.io/address/0x47df8f101aef2aa37c1232af02ed7e6ed5ff4347,0xf1224151e96e7f8b7de3e0e7ce7839dff2029656757305b4d454bb9bebc78077,https://etherscan.io/tx/0xf1224151e96e7f8b7de3e0e7ce7839dff2029656757305b4d454bb9bebc78077,24421791,2026-02-09T21:07:23Z,24576546,2026-03-03T11:10:59Z,26,6875.0,938c34a3e490357ccb79dda415417997fef8a957e053fc0b1330a1b3b6ef53f8,T0391,1,0xa34995732725b87aa889a31af23dac5029ec019a,,0.2163221667854597,False,Research project ownership and related deployments; do not infer project family from exact-runtime similarity alone. Enter conclusions only in the separate audit CSV.
ethereum:0xa41995871891e9fb6bb81ff7793a465f8ee239e8,0xa41995871891e9fb6bb81ff7793a465f8ee239e8,https://etherscan.io/address/0xa41995871891e9fb6bb81ff7793a465f8ee239e8,0xd619867aef17cabb116b4123f74e17f1c9b7aaea,https://etherscan.io/address/0xd619867aef17cabb116b4123f74e17f1c9b7aaea,0xf2eea4b748889799be73df5907d94b5da6f4cb709cba70c86b66ba4526132eee,https://etherscan.io/tx/0xf2eea4b748889799be73df5907d94b5da6f4cb709cba70c86b66ba4526132eee,24378547,2026-02-03T19:55:11Z,24574645,2026-03-03T04:49:11Z,17,2140.0,1e08326591dbb559081c0e536da560ac35a8de1fe9c201b635409e8fb39ccad3,T0080,1,0xa41995871891e9fb6bb81ff7793a465f8ee239e8,,0.533106960950764,False,Research project ownership and related deployments; do not infer project family from exact-runtime similarity alone. Enter conclusions only in the separate audit CSV.
ethereum:0xa55a543a0e2bb81ad69128fe0dfc6c703dd5e709,0xa55a543a0e2bb81ad69128fe0dfc6c703dd5e709,https://etherscan.io/address/0xa55a543a0e2bb81ad69128fe0dfc6c703dd5e709,0x1c02823b6ae07be7005b8223e8948da4c0736b1b,https://etherscan.io/address/0x1c02823b6ae07be7005b8223e8948da4c0736b1b,0xeeb451687a7dfc0520fd2ee945223fb9b06de4192a86228bf994cbac0ba5a8f2,https://etherscan.io/tx/0xeeb451687a7dfc0520fd2ee945223fb9b06de4192a86228bf994cbac0ba5a8f2,24374972,2026-02-03T07:54:59Z,24374972,2026-02-03T07:54:59Z,1,8713.0,fae3c759a6e8478a065f03b638090b24c367a55ea71001107d53aa883025014e,T0655,1,0xa55a543a0e2bb81ad69128fe0dfc6c703dd5e709,,0.2282850779510022,False,Research project ownership and related deployments; do not infer project family from exact-runtime similarity alone. Enter conclusions only in the separate audit CSV.
ethereum:0xa8fe0de70524ea35c5367ed3d3025a903e19d72b,0xa8fe0de70524ea35c5367ed3d3025a903e19d72b,https://etherscan.io/address/0xa8fe0de70524ea35c5367ed3d3025a903e19d72b,0xacc14689d299d60ffd2c1c8d3670c22042965165,https://etherscan.io/address/0xacc14689d299d60ffd2c1c8d3670c22042965165,0xff181ca40e56ed4e6c0634190295d97d0262d38756cfcd7643f87930d9888d48,https://etherscan.io/tx/0xff181ca40e56ed4e6c0634190295d97d0262d38756cfcd7643f87930d9888d48,24362638,2026-02-01T14:33:35Z,24362638,2026-02-01T14:33:35Z,1,24033.0,153829ac2d301c7379621656767c19b7f0790c0c21f7e3b31fd6d92f0824fe53,T0061,1,0xa8fe0de70524ea35c5367ed3d3025a903e19d72b,,0.2427586206896551,False,Research project ownership and related deployments; do not infer project family from exact-runtime similarity alone. Enter conclusions only in the separate audit CSV.
ethereum:0xad9cca330a131cd3bf3886db21d734ec60ab3076,0xad9cca330a131cd3bf3886db21d734ec60ab3076,https://etherscan.io/address/0xad9cca330a131cd3bf3886db21d734ec60ab3076,0x9fe9f7c19251e04291266f9e9543576b38c40673,https://etherscan.io/address/0x9fe9f7c19251e04291266f9e9543576b38c40673,0x4d17c78cc7c4759ae514dbb1dca76d5fb5ad3f54ea6f36a2b2b6dadba8a0d82d,https://etherscan.io/tx/0x4d17c78cc7c4759ae514dbb1dca76d5fb5ad3f54ea6f36a2b2b6dadba8a0d82d,24358741,2026-02-01T01:30:23Z,24641484,2026-03-12T12:47:59Z,1346,1954.0,c4bb95600d576f19c8ea5209d7ff8eff40bb232f9aeb697a7f890c97e88c5541,T0516,2,0x157c9856e7b3c75375dd8bfcc7ee78546a25a37d;0xad9cca330a131cd3bf3886db21d734ec60ab3076,,0.2803030303030303,False,Research project ownership and related deployments; do not infer project family from exact-runtime similarity alone. Enter conclusions only in the separate audit CSV.
ethereum:0xb1fb48fa998ad4886320073f9cf1544c55d77dec,0xb1fb48fa998ad4886320073f9cf1544c55d77dec,https://etherscan.io/address/0xb1fb48fa998ad4886320073f9cf1544c55d77dec,0xbeeac9b3540a1c14baa233665cf2aa8e0b686c01,https://etherscan.io/address/0xbeeac9b3540a1c14baa233665cf2aa8e0b686c01,0xd15971307b8a5befe4f4b747fe36a73f3a8e6bddab551066301461787dbbf220,https://etherscan.io/tx/0xd15971307b8a5befe4f4b747fe36a73f3a8e6bddab551066301461787dbbf220,24482959,2026-02-18T09:55:23Z,24482970,2026-02-18T09:57:35Z,2,23.0,57ff8ad0d646cf777454b0c171a850aa43b0c1aac88bff2ef4873913be1a6bb3,T0230,1,0xb1fb48fa998ad4886320073f9cf1544c55d77dec,,0.0,True,Research project ownership and related deployments; do not infer project family from exact-runtime similarity alone. Enter conclusions only in the separate audit CSV.
ethereum:0xb2b5f24fd69660318b5f94b9b4e4635f2fb900c8,0xb2b5f24fd69660318b5f94b9b4e4635f2fb900c8,https://etherscan.io/address/0xb2b5f24fd69660318b5f94b9b4e4635f2fb900c8,0x2854b6fb7ed126069f58429d98910e5afdd9a59b,https://etherscan.io/address/0x2854b6fb7ed126069f58429d98910e5afdd9a59b,0x3008824b8d69471bcb3f2037bf1be3d965b8ed61ff1af26c3ebcef40c4b25d02,https://etherscan.io/tx/0x3008824b8d69471bcb3f2037bf1be3d965b8ed61ff1af26c3ebcef40c4b25d02,24420698,2026-02-09T17:27:35Z,24420698,2026-02-09T17:27:35Z,1,6791.0,f8109f7d82711ca18546ab42416ba22c08bf2b1198c71525a64db8c5c71bd2c6,T0650,1,0xb2b5f24fd69660318b5f94b9b4e4635f2fb900c8,,0.1682859125607217,False,Research project ownership and related deployments; do not infer project family from exact-runtime similarity alone. Enter conclusions only in the separate audit CSV.
ethereum:0xb4409521e628373e9a4a7676d9eabc4534fc46d4,0xb4409521e628373e9a4a7676d9eabc4534fc46d4,https://etherscan.io/address/0xb4409521e628373e9a4a7676d9eabc4534fc46d4,0x6e56dbf85352b790a549642e76ea55124865d4a6,https://etherscan.io/address/0x6e56dbf85352b790a549642e76ea55124865d4a6,0x58f167fdd38f9b97f5782363a940542ee3573a14ccdc5e47ef5d863127371fce,https://etherscan.io/tx/0x58f167fdd38f9b97f5782363a940542ee3573a14ccdc5e47ef5d863127371fce,24602920,2026-03-07T03:33:59Z,24603124,2026-03-07T04:14:59Z,2,4384.0,2b33aa06163f297fafb1562d50cb20225f7ac958a6252c39924d591d4ba80c55,T0120,1,0xb4409521e628373e9a4a7676d9eabc4534fc46d4,,0.5176093916755603,False,Research project ownership and related deployments; do not infer project family from exact-runtime similarity alone. Enter conclusions only in the separate audit CSV.
ethereum:0xb8d903d63e5e6c3a31e8e239d93c859137d67bd1,0xb8d903d63e5e6c3a31e8e239d93c859137d67bd1,https://etherscan.io/address/0xb8d903d63e5e6c3a31e8e239d93c859137d67bd1,0xad0f3f4bec42cda68d2cd31301b3c3de3b0f50e2,https://etherscan.io/address/0xad0f3f4bec42cda68d2cd31301b3c3de3b0f50e2,0x687dfab3a7aa84205476f785d54f9778f0975a706bbc1e0e207ce39f76ea9559,https://etherscan.io/tx/0x687dfab3a7aa84205476f785d54f9778f0975a706bbc1e0e207ce39f76ea9559,24485121,2026-02-18T17:09:23Z,24485147,2026-02-18T17:14:47Z,2,1741.0,94a06055e9e35addfce67122658cf75fd1e6b79e154939e75c763130943e0c79,T0396,1,0xb8d903d63e5e6c3a31e8e239d93c859137d67bd1,,0.3367198838896952,False,Research project ownership and related deployments; do not infer project family from exact-runtime similarity alone. Enter conclusions only in the separate audit CSV.
ethereum:0xbbb339a55efda7cfed812b87bfecf6959af38eb4,0xbbb339a55efda7cfed812b87bfecf6959af38eb4,https://etherscan.io/address/0xbbb339a55efda7cfed812b87bfecf6959af38eb4,0xc6d04fb626ef396dfdb3f33bb05fd0dea7f25a03,https://etherscan.io/address/0xc6d04fb626ef396dfdb3f33bb05fd0dea7f25a03,0xcf592324448daef8e25a0d822992a251c5ebfc52dc4b9da0757cacac709a38f3,https://etherscan.io/tx/0xcf592324448daef8e25a0d822992a251c5ebfc52dc4b9da0757cacac709a38f3,24483520,2026-02-18T11:48:23Z,24484154,2026-02-18T13:55:11Z,8,2140.0,e5d7459dd7cf256c90e661b9f8b4f0fc70d27de3228860a49a814cc115d92e0c,T0608,1,0xbbb339a55efda7cfed812b87bfecf6959af38eb4,,0.533106960950764,False,Research project ownership and related deployments; do not infer project family from exact-runtime similarity alone. Enter conclusions only in the separate audit CSV.
ethereum:0xbe15f159dc73592b329801ebaa6ff7df38edf1c4,0xbe15f159dc73592b329801ebaa6ff7df38edf1c4,https://etherscan.io/address/0xbe15f159dc73592b329801ebaa6ff7df38edf1c4,0x762c86cbd4e0b88d8d734ec8507b29e00d09b4fd,https://etherscan.io/address/0x762c86cbd4e0b88d8d734ec8507b29e00d09b4fd,0x67256010e94fb9a2d393527597b45ffb135b9785d34f1d1ce609d61f85fcdeca,https://etherscan.io/tx/0x67256010e94fb9a2d393527597b45ffb135b9785d34f1d1ce609d61f85fcdeca,24411951,2026-02-08T12:04:59Z,24537366,2026-02-26T00:00:11Z,13,4267.0,375647a9dee8eb8dd4bd71054b18936582755828c762de0d3f7ec9bfc1dc7ca6,T0143,1,0xbe15f159dc73592b329801ebaa6ff7df38edf1c4,,0.8403010033444817,False,Research project ownership and related deployments; do not infer project family from exact-runtime similarity alone. Enter conclusions only in the separate audit CSV.
ethereum:0xbea1d2836d62c1a59b224c0c67bc7155f25edb91,0xbea1d2836d62c1a59b224c0c67bc7155f25edb91,https://etherscan.io/address/0xbea1d2836d62c1a59b224c0c67bc7155f25edb91,0x6609011e77628399e2f2fe417392d735e7a6d285,https://etherscan.io/address/0x6609011e77628399e2f2fe417392d735e7a6d285,0x0bfb42256b61ea093fd3a765b34db9f9d95028b6abc4127fad1f119866737526,https://etherscan.io/tx/0x0bfb42256b61ea093fd3a765b34db9f9d95028b6abc4127fad1f119866737526,24372521,2026-02-02T23:41:35Z,24639179,2026-03-12T05:04:59Z,145,1998.0,53b7ea1b9d141703afea367e49997479d478618c9a716727c44f5112b6a35928,T0216,1,0xbea1d2836d62c1a59b224c0c67bc7155f25edb91,,0.7584269662921348,False,Research project ownership and related deployments; do not infer project family from exact-runtime similarity alone. Enter conclusions only in the separate audit CSV.
ethereum:0xbf0031c923c47d5556ac4a08f7ff5cc1a69ba0bb,0xbf0031c923c47d5556ac4a08f7ff5cc1a69ba0bb,https://etherscan.io/address/0xbf0031c923c47d5556ac4a08f7ff5cc1a69ba0bb,0xe6d91747ec9eb35da40b5d23224d715bcd9e1e62,https://etherscan.io/address/0xe6d91747ec9eb35da40b5d23224d715bcd9e1e62,0xdc9204db9d62fc7984516ebe17e2952b5fb659334173ea7524a893fead11566c,https://etherscan.io/tx/0xdc9204db9d62fc7984516ebe17e2952b5fb659334173ea7524a893fead11566c,24621309,2026-03-09T17:08:35Z,24621311,2026-03-09T17:08:59Z,3,2811.0,3c53a9204ca5bd9a6db066404ac74b1b6f2950b58de4401454763855ce713b56,T0153,4,0x0813c20c92fdb544b675b19da1ec9050c285e262;0x94004132e05ad71e6a28959f809be536abc3a5ce;0xa1fb53f1810a112986dbfa12261fbe68bae72f86;0xbf0031c923c47d5556ac4a08f7ff5cc1a69ba0bb,,0.5793780687397708,False,Research project ownership and related deployments; do not infer project family from exact-runtime similarity alone. Enter conclusions only in the separate audit CSV.
ethereum:0xc09f597034f654283a05b058ee1306534b837868,0xc09f597034f654283a05b058ee1306534b837868,https://etherscan.io/address/0xc09f597034f654283a05b058ee1306534b837868,0xe6d2778e5024f6ee68761b75da112cbf45c6c35c,https://etherscan.io/address/0xe6d2778e5024f6ee68761b75da112cbf45c6c35c,0x3cd1f81188ab9506ea86e9a69f0a4ce834cdaf851c57c8fc86194611fbe97717,https://etherscan.io/tx/0x3cd1f81188ab9506ea86e9a69f0a4ce834cdaf851c57c8fc86194611fbe97717,24362680,2026-02-01T14:41:59Z,24381907,2026-02-04T07:10:59Z,4,1876.0,55c1c6ceb97219b38589c9fc6d372df16c00ab140bff6f03fe835154b10a8a7d,T0222,1,0xc09f597034f654283a05b058ee1306534b837868,,0.4098613251155624,False,Research project ownership and related deployments; do not infer project family from exact-runtime similarity alone. Enter conclusions only in the separate audit CSV.
ethereum:0xc198b868065432a1f6f50eda203a9d93811d6e9b,0xc198b868065432a1f6f50eda203a9d93811d6e9b,https://etherscan.io/address/0xc198b868065432a1f6f50eda203a9d93811d6e9b,0xd9bb3554e2588b33c0a3cc9996729f0fca12d550,https://etherscan.io/address/0xd9bb3554e2588b33c0a3cc9996729f0fca12d550,0xc8c200726c7df3ade4e00680faff7b7f5a867c7b1d22eeb416aab049dffd6c43,https://etherscan.io/tx/0xc8c200726c7df3ade4e00680faff7b7f5a867c7b1d22eeb416aab049dffd6c43,24443522,2026-02-12T21:56:47Z,24641279,2026-03-12T12:06:35Z,47,2727.0,917e14d676c81614443f12b42f7e0830fe12bdc801dc3dce70170bb9d293dadd,T0384,1,0xc198b868065432a1f6f50eda203a9d93811d6e9b,,0.7063989962358845,False,Research project ownership and related deployments; do not infer project family from exact-runtime similarity alone. Enter conclusions only in the separate audit CSV.
ethereum:0xc452f89752420af721607ee1354d5e769c983a60,0xc452f89752420af721607ee1354d5e769c983a60,https://etherscan.io/address/0xc452f89752420af721607ee1354d5e769c983a60,0x107aa25f8eb96361e9ce26c1004f6de4164df102,https://etherscan.io/address/0x107aa25f8eb96361e9ce26c1004f6de4164df102,0x7ff883b1acbd6eac05068ae2ef635cadfc009a42fd3dbe2089c9c879c6322736,https://etherscan.io/tx/0x7ff883b1acbd6eac05068ae2ef635cadfc009a42fd3dbe2089c9c879c6322736,24520976,2026-02-23T17:07:35Z,24520976,2026-02-23T17:07:35Z,1,946.0,e15c7a3264d4ffe97c712ad1410b4b1b24e2b8bfc011e7043a52c786736801ef,T0593,1,0xc452f89752420af721607ee1354d5e769c983a60,,0.5607235142118863,False,Research project ownership and related deployments; do not infer project family from exact-runtime similarity alone. Enter conclusions only in the separate audit CSV.
ethereum:0xc4fb760331a9d78f7443813ba754f9b64307d118,0xc4fb760331a9d78f7443813ba754f9b64307d118,https://etherscan.io/address/0xc4fb760331a9d78f7443813ba754f9b64307d118,0x0d8edba1f362e14d61f854e20bb1802d78b69e1e,https://etherscan.io/address/0x0d8edba1f362e14d61f854e20bb1802d78b69e1e,0xe748d7185b3688eba764b1a42d3b638cf7aebe02e416e7633dd4c90c88d06fd3,https://etherscan.io/tx/0xe748d7185b3688eba764b1a42d3b638cf7aebe02e416e7633dd4c90c88d06fd3,24374518,2026-02-03T06:23:47Z,24374520,2026-02-03T06:24:11Z,2,2864.0,acc3f99dfa7c301776cdd3c4f6a7db95f177172cfd0aff9ef230d9b51d407ca9,T0458,1,0xc4fb760331a9d78f7443813ba754f9b64307d118,,0.6194331983805668,False,Research project ownership and related deployments; do not infer project family from exact-runtime similarity alone. Enter conclusions only in the separate audit CSV.
ethereum:0xc71abe765d86ce1b914b25d777698650ff259f35,0xc71abe765d86ce1b914b25d777698650ff259f35,https://etherscan.io/address/0xc71abe765d86ce1b914b25d777698650ff259f35,0x4271a9d7e3855f0c93c20358b73b064ca8a2488a,https://etherscan.io/address/0x4271a9d7e3855f0c93c20358b73b064ca8a2488a,0x0c97b2492fb1de51280e05858103e6f8b569c970bae10efea3ad5e4a8406ffee,https://etherscan.io/tx/0x0c97b2492fb1de51280e05858103e6f8b569c970bae10efea3ad5e4a8406ffee,24596742,2026-03-06T06:50:59Z,24609413,2026-03-08T01:19:47Z,21887,5659.0,c5c57f55a59dd77187f6471d015cae283493dd652de14af6e373fea12ef40913,T0518,1,0xc71abe765d86ce1b914b25d777698650ff259f35,,0.5710332103321033,False,Research project ownership and related deployments; do not infer project family from exact-runtime similarity alone. Enter conclusions only in the separate audit CSV.
ethereum:0xc79c0c9a2e23f6aae5325393830e124ef18f2748,0xc79c0c9a2e23f6aae5325393830e124ef18f2748,https://etherscan.io/address/0xc79c0c9a2e23f6aae5325393830e124ef18f2748,0xe6a10a0156375a5546195e30e202247f87a60051,https://etherscan.io/address/0xe6a10a0156375a5546195e30e202247f87a60051,0x8a530ce0abf9c19a96eec1a8c2a53a239a0cb0844b353fcf3bd813fa22787d80,https://etherscan.io/tx/0x8a530ce0abf9c19a96eec1a8c2a53a239a0cb0844b353fcf3bd813fa22787d80,24442031,2026-02-12T16:56:35Z,24442056,2026-02-12T17:01:35Z,4,1452.0,a6f56fc0091d3453fafbdc8d0469cdbef1aa2c4e27a1023e8cf310d8786ae0d9,T0445,1,0xc79c0c9a2e23f6aae5325393830e124ef18f2748,,0.5506993006993007,False,Research project ownership and related deployments; do not infer project family from exact-runtime similarity alone. Enter conclusions only in the separate audit CSV.
ethereum:0xc7eccbb718cf9563f92127f20ddcbb2b81589a8f,0xc7eccbb718cf9563f92127f20ddcbb2b81589a8f,https://etherscan.io/address/0xc7eccbb718cf9563f92127f20ddcbb2b81589a8f,0xa85f01bfb39e4a46a9a21b886b1728c77a3c0ab4,https://etherscan.io/address/0xa85f01bfb39e4a46a9a21b886b1728c77a3c0ab4,0x6a418e77ec7fc57451b84ef7146beb429a3832947f4ea8017f07491b0ee09890,https://etherscan.io/tx/0x6a418e77ec7fc57451b84ef7146beb429a3832947f4ea8017f07491b0ee09890,24358594,2026-02-01T01:00:59Z,24534221,2026-02-25T13:26:59Z,14,11037.0,fe167cc7f871d282cf0c27ced06e260092c2ca9188014f782cd4bc394f9af27a,T0668,1,0xc7eccbb718cf9563f92127f20ddcbb2b81589a8f,,0.4674157303370786,False,Research project ownership and related deployments; do not infer project family from exact-runtime similarity alone. Enter conclusions only in the separate audit CSV.
ethereum:0xc842b4b9b655e200ffb4d14a5d5de9d8ee669cc9,0xc842b4b9b655e200ffb4d14a5d5de9d8ee669cc9,https://etherscan.io/address/0xc842b4b9b655e200ffb4d14a5d5de9d8ee669cc9,0x2854b6fb7ed126069f58429d98910e5afdd9a59b,https://etherscan.io/address/0x2854b6fb7ed126069f58429d98910e5afdd9a59b,0x216454f085a1f58239d4af65c9bde798d32715b10a53e580a58a3b864a5f5997,https://etherscan.io/tx/0x216454f085a1f58239d4af65c9bde798d32715b10a53e580a58a3b864a5f5997,24448517,2026-02-13T14:40:23Z,24448517,2026-02-13T14:40:23Z,1,6982.0,b15badf54ba4a9610a42a714225fb2b7b26a9adc38c141922293d4d1a307fb89,T0466,1,0xc842b4b9b655e200ffb4d14a5d5de9d8ee669cc9,,0.1777041942604856,False,Research project ownership and related deployments; do not infer project family from exact-runtime similarity alone. Enter conclusions only in the separate audit CSV.
ethereum:0xcc3de3ab890a913e1544be4439308d23a5b78e45,0xcc3de3ab890a913e1544be4439308d23a5b78e45,https://etherscan.io/address/0xcc3de3ab890a913e1544be4439308d23a5b78e45,0x9451e2eef5bcabd6935c534deb5541ec268a0361,https://etherscan.io/address/0x9451e2eef5bcabd6935c534deb5541ec268a0361,0x70915175e64c37c208ba009d3350503e757c2f1232d35b77db542e2b861d80d0,https://etherscan.io/tx/0x70915175e64c37c208ba009d3350503e757c2f1232d35b77db542e2b861d80d0,24489272,2026-02-19T07:03:23Z,24489272,2026-02-19T07:03:23Z,1,1720.0,ba81dcd5fbb15ba491da585950f52e70c46ec68a850954281f3733f52aec5c84,T0488,1,0xcc3de3ab890a913e1544be4439308d23a5b78e45,,0.5138686131386861,False,Research project ownership and related deployments; do not infer project family from exact-runtime similarity alone. Enter conclusions only in the separate audit CSV.
ethereum:0xce330c05d5bb99d524907d6772ead85a171f4d5c,0xce330c05d5bb99d524907d6772ead85a171f4d5c,https://etherscan.io/address/0xce330c05d5bb99d524907d6772ead85a171f4d5c,0x739f57ce7296f9b2e78dc2e56536399a63157ad6,https://etherscan.io/address/0x739f57ce7296f9b2e78dc2e56536399a63157ad6,0xe194e2ff2f25032cfe97717231742519dc1393faded1d1a8303c3083620040e3,https://etherscan.io/tx/0xe194e2ff2f25032cfe97717231742519dc1393faded1d1a8303c3083620040e3,24620098,2026-03-09T13:04:35Z,24620098,2026-03-09T13:04:35Z,1,2315.0,814c8b5ec8a58f0c415f94c0d7beae01543323be0975faf78d44de97c45cb293,T0336,1,0xce330c05d5bb99d524907d6772ead85a171f4d5c,,0.3669642857142857,False,Research project ownership and related deployments; do not infer project family from exact-runtime similarity alone. Enter conclusions only in the separate audit CSV.
ethereum:0xd4d594c99f23b1fb9d65fdd9062854b1a1c5780b,0xd4d594c99f23b1fb9d65fdd9062854b1a1c5780b,https://etherscan.io/address/0xd4d594c99f23b1fb9d65fdd9062854b1a1c5780b,0x21426d68a9e5df153fe75ce0fed20173ebcb80ef,https://etherscan.io/address/0x21426d68a9e5df153fe75ce0fed20173ebcb80ef,0x9cbb9eb3c1443ad13e982e5b4f71050638e3881b6e29473113666e56afc6fe8d,https://etherscan.io/tx/0x9cbb9eb3c1443ad13e982e5b4f71050638e3881b6e29473113666e56afc6fe8d,24599795,2026-03-06T17:05:47Z,24599795,2026-03-06T17:05:47Z,1,2646.0,59811ad5fb872f38cca2d887909fcbc01624d393921f9e60f765f1b9f95c5cc7,T0238,1,0xd4d594c99f23b1fb9d65fdd9062854b1a1c5780b,,0.3106109324758842,False,Research project ownership and related deployments; do not infer project family from exact-runtime similarity alone. Enter conclusions only in the separate audit CSV.
ethereum:0xd6912cce705724bcddebdb9d1e95af14cac041d3,0xd6912cce705724bcddebdb9d1e95af14cac041d3,https://etherscan.io/address/0xd6912cce705724bcddebdb9d1e95af14cac041d3,0x8c76a394d736422cd0590d57f165b05e4e117835,https://etherscan.io/address/0x8c76a394d736422cd0590d57f165b05e4e117835,0xc0c8291751db226f39f0d7df5ce81462a56344f00ef736b464a57888811c6bc6,https://etherscan.io/tx/0xc0c8291751db226f39f0d7df5ce81462a56344f00ef736b464a57888811c6bc6,24467093,2026-02-16T04:48:59Z,24467093,2026-02-16T04:48:59Z,1,81.0,04cb1d6331ccfbf51c3b1728609a5273160e20002de21eba3a728beb0fb11c57,T0012,1,0xd6912cce705724bcddebdb9d1e95af14cac041d3,,0.1875,False,Research project ownership and related deployments; do not infer project family from exact-runtime similarity alone. Enter conclusions only in the separate audit CSV.
ethereum:0xd6c3ea8b6d52c8b193aebb66fc2482b8408f98d7,0xd6c3ea8b6d52c8b193aebb66fc2482b8408f98d7,https://etherscan.io/address/0xd6c3ea8b6d52c8b193aebb66fc2482b8408f98d7,0x0d4e0862688205cfe808cfba9d9067ae24c42c55,https://etherscan.io/address/0x0d4e0862688205cfe808cfba9d9067ae24c42c55,0xa73f34bbc8e6709238eab94e53d7ffc0cf48ff9c6836d54c4719021a91372509,https://etherscan.io/tx/0xa73f34bbc8e6709238eab94e53d7ffc0cf48ff9c6836d54c4719021a91372509,24360039,2026-02-01T05:51:23Z,24537473,2026-02-26T00:21:47Z,188,5237.0,a4a76ad55f0efe5abc74f7e87875d8cd32b2118b319a4fe1bd0bbd149e0aa06e,T0437,1,0xd6c3ea8b6d52c8b193aebb66fc2482b8408f98d7,,0.5578406169665809,False,Research project ownership and related deployments; do not infer project family from exact-runtime similarity alone. Enter conclusions only in the separate audit CSV.
ethereum:0xd72ec5026178f03a00603865dc79e49835c70885,0xd72ec5026178f03a00603865dc79e49835c70885,https://etherscan.io/address/0xd72ec5026178f03a00603865dc79e49835c70885,0x5a72ffa8d1a908cb8c9e560c38a300d61692c014,https://etherscan.io/address/0x5a72ffa8d1a908cb8c9e560c38a300d61692c014,0xb35f16f711c466302cc478822461b4ed19bcc277a2cf24a34216f1f8f3e6a3ec,https://etherscan.io/tx/0xb35f16f711c466302cc478822461b4ed19bcc277a2cf24a34216f1f8f3e6a3ec,24376665,2026-02-03T13:35:47Z,24640726,2026-03-12T10:15:47Z,6,4404.0,24e4f56c80751d9db51d07bfb4d95754b449d19020cabde2b73b3415f3426f60,T0103,1,0xd72ec5026178f03a00603865dc79e49835c70885,,0.3778857837181045,False,Research project ownership and related deployments; do not infer project family from exact-runtime similarity alone. Enter conclusions only in the separate audit CSV.
ethereum:0xd750479e017fd6e1ff628683acd0b677c17da37a,0xd750479e017fd6e1ff628683acd0b677c17da37a,https://etherscan.io/address/0xd750479e017fd6e1ff628683acd0b677c17da37a,0x0d78a2d04b925f50ee233735b60c862357492d2d,https://etherscan.io/address/0x0d78a2d04b925f50ee233735b60c862357492d2d,0x6a1cbc440b42306f5eb7f856802f972f19e354f088bd12bc9810babf425848e8,https://etherscan.io/tx/0x6a1cbc440b42306f5eb7f856802f972f19e354f088bd12bc9810babf425848e8,24620583,2026-03-09T14:41:59Z,24620583,2026-03-09T14:41:59Z,1,803.0,630f190cae737a99e502657267145abc05a5b459553681a7d48316c41f90acba,T0265,1,0xd750479e017fd6e1ff628683acd0b677c17da37a,,0.801948051948052,False,Research project ownership and related deployments; do not infer project family from exact-runtime similarity alone. Enter conclusions only in the separate audit CSV.
ethereum:0xd7af111c28250f7ea1b954a9189dc7029a162147,0xd7af111c28250f7ea1b954a9189dc7029a162147,https://etherscan.io/address/0xd7af111c28250f7ea1b954a9189dc7029a162147,0x7d52248d44f2d401b73be0e6d62f4a0e5440750e,https://etherscan.io/address/0x7d52248d44f2d401b73be0e6d62f4a0e5440750e,0x948e5b938467f922886d6cb866712b585127090692895eee15294a05d96e60a6,https://etherscan.io/tx/0x948e5b938467f922886d6cb866712b585127090692895eee15294a05d96e60a6,24595401,2026-03-06T02:19:47Z,24595404,2026-03-06T02:20:23Z,14,3835.0,3bc4140f5a4f0bd45365de1c205c334db48faa39578b242e603496fa7dd95b3c,T0151,1,0xd7af111c28250f7ea1b954a9189dc7029a162147,,0.6081349206349206,False,Research project ownership and related deployments; do not infer project family from exact-runtime similarity alone. Enter conclusions only in the separate audit CSV.
ethereum:0xd7d20e03c9793bd1b63291eea0021c8cc096a915,0xd7d20e03c9793bd1b63291eea0021c8cc096a915,https://etherscan.io/address/0xd7d20e03c9793bd1b63291eea0021c8cc096a915,0x9f134f1324ab1a78f3e148a0443bea672ddc733b,https://etherscan.io/address/0x9f134f1324ab1a78f3e148a0443bea672ddc733b,0x8acbf86665661671cf249c1b5ce81ff0810e040026b7108e1c4e301a00a6e0d4,https://etherscan.io/tx/0x8acbf86665661671cf249c1b5ce81ff0810e040026b7108e1c4e301a00a6e0d4,24364811,2026-02-01T21:50:59Z,24630589,2026-03-11T00:16:59Z,97,9973.0,a5168141db26b491d1e647af7d539766036a8de5ff6c0ba00f79fde43379afc9,T0439,1,0xd7d20e03c9793bd1b63291eea0021c8cc096a915,,0.5515320334261838,False,Research project ownership and related deployments; do not infer project family from exact-runtime similarity alone. Enter conclusions only in the separate audit CSV.
ethereum:0xdba6f9e5658b5f196b3665e6fce4a509701e744e,0xdba6f9e5658b5f196b3665e6fce4a509701e744e,https://etherscan.io/address/0xdba6f9e5658b5f196b3665e6fce4a509701e744e,0x7193b82899461a6ac45b528d48d74355f54e7f56,https://etherscan.io/address/0x7193b82899461a6ac45b528d48d74355f54e7f56,0xc4acd0c239ba156305afcd7bd3b590cc442e029bbb43f2aa3e2f4cece9a0dc7b,https://etherscan.io/tx/0xc4acd0c239ba156305afcd7bd3b590cc442e029bbb43f2aa3e2f4cece9a0dc7b,24592341,2026-03-05T16:03:23Z,24592346,2026-03-05T16:04:35Z,5,2598.0,99ec68f05faf2f19c6c0443fe1c0303f19baef6fbf11dac4d03fa6673283b631,T0407,1,0xdba6f9e5658b5f196b3665e6fce4a509701e744e,,0.8381795195954488,False,Research project ownership and related deployments; do not infer project family from exact-runtime similarity alone. Enter conclusions only in the separate audit CSV.
ethereum:0xded68cc370dcdefed0dcb8b507b81f50f0ce175c,0xded68cc370dcdefed0dcb8b507b81f50f0ce175c,https://etherscan.io/address/0xded68cc370dcdefed0dcb8b507b81f50f0ce175c,0x988b23cb7612b606ed17e175d99b03b607478a95,https://etherscan.io/address/0x988b23cb7612b606ed17e175d99b03b607478a95,0xb921ff39d7dce600f77391c7321e0805354c141b528620d557352f2867242678,https://etherscan.io/tx/0xb921ff39d7dce600f77391c7321e0805354c141b528620d557352f2867242678,24623050,2026-03-09T22:59:23Z,24623197,2026-03-09T23:28:47Z,4,2140.0,fb3290e83210ed69a3b8068f5eb7fe3ae25f29b73cce694cd1ddc5ce2f70a1c9,T0658,1,0xded68cc370dcdefed0dcb8b507b81f50f0ce175c,,0.533106960950764,False,Research project ownership and related deployments; do not infer project family from exact-runtime similarity alone. Enter conclusions only in the separate audit CSV.
ethereum:0xe58c00943c99841717d9f62416173ba54607dbe2,0xe58c00943c99841717d9f62416173ba54607dbe2,https://etherscan.io/address/0xe58c00943c99841717d9f62416173ba54607dbe2,0xde7624987535d5ae529f89fa259c57d291272ebf,https://etherscan.io/address/0xde7624987535d5ae529f89fa259c57d291272ebf,0x77996db2840af0fac3c1d778cb4628594fe62480ba4ebe98f84b1ae1f282393e,https://etherscan.io/tx/0x77996db2840af0fac3c1d778cb4628594fe62480ba4ebe98f84b1ae1f282393e,24359872,2026-02-01T05:17:35Z,24468855,2026-02-16T10:42:47Z,921,7252.0,4d1f332d8ca241f4429908dabd945fe1f846dee01cf4390b41ba7bc51607dfe3,T0196,1,0xe58c00943c99841717d9f62416173ba54607dbe2,,0.5440613026819924,False,Research project ownership and related deployments; do not infer project family from exact-runtime similarity alone. Enter conclusions only in the separate audit CSV.
ethereum:0xe676506e974bab214e42050cd04e383fb83612dd,0xe676506e974bab214e42050cd04e383fb83612dd,https://etherscan.io/address/0xe676506e974bab214e42050cd04e383fb83612dd,0x0a0d441d6e290b18161e74b4fa302a768f19bb37,https://etherscan.io/address/0x0a0d441d6e290b18161e74b4fa302a768f19bb37,0xfb2e8639a77267f5c7f9924a760c7c75f597cac7c49c935f1d7b0c9ab8624055,https://etherscan.io/tx/0xfb2e8639a77267f5c7f9924a760c7c75f597cac7c49c935f1d7b0c9ab8624055,24504083,2026-02-21T08:35:59Z,24554327,2026-02-28T08:46:23Z,6,10128.0,653a854dd7360c9601b362f2ebc52952fe3b52541d47bb9213250dbd18cb824e,T0271,1,0xe676506e974bab214e42050cd04e383fb83612dd,,0.3556646790599789,False,Research project ownership and related deployments; do not infer project family from exact-runtime similarity alone. Enter conclusions only in the separate audit CSV.
ethereum:0xead130e5dba3d46757e53c296fbb41fd207fe591,0xead130e5dba3d46757e53c296fbb41fd207fe591,https://etherscan.io/address/0xead130e5dba3d46757e53c296fbb41fd207fe591,0x7d3bac5b641a26ed66ec764cbbf6988f14217d60,https://etherscan.io/address/0x7d3bac5b641a26ed66ec764cbbf6988f14217d60,0x7366f64d956dab80b425dd1b7f7f17621f2cf6047104edf7e29cb782c1002119,https://etherscan.io/tx/0x7366f64d956dab80b425dd1b7f7f17621f2cf6047104edf7e29cb782c1002119,24442840,2026-02-12T19:40:11Z,24481762,2026-02-18T05:55:35Z,879,2140.0,b21c343e115c8d5d6fbd69da989dfa964237e26af8ba75f92e2bd7917dcb90dd,T0468,1,0xead130e5dba3d46757e53c296fbb41fd207fe591,,0.533106960950764,False,Research project ownership and related deployments; do not infer project family from exact-runtime similarity alone. Enter conclusions only in the separate audit CSV.
ethereum:0xebc9bedfedfbf8761819bb610e6452f502f0b65c,0xebc9bedfedfbf8761819bb610e6452f502f0b65c,https://etherscan.io/address/0xebc9bedfedfbf8761819bb610e6452f502f0b65c,0xbb2dea76c3617d9025f74a164370eceb26218f29,https://etherscan.io/address/0xbb2dea76c3617d9025f74a164370eceb26218f29,0xb596baf4967567a950dcddb9adf22728dd461614b4865a0c13fc31f197696de1,https://etherscan.io/tx/0xb596baf4967567a950dcddb9adf22728dd461614b4865a0c13fc31f197696de1,24453197,2026-02-14T06:20:47Z,24459869,2026-02-15T04:39:59Z,18,7423.0,07e89c15fa85e9b26862593f6fae4e0f54200c2c9d597f0f412e8e2de56c483d,T0022,1,0xebc9bedfedfbf8761819bb610e6452f502f0b65c,,0.1832519714607585,False,Research project ownership and related deployments; do not infer project family from exact-runtime similarity alone. Enter conclusions only in the separate audit CSV.
ethereum:0xf0d89d8a4492070063fd40ac5855cf4d4c8b2ecd,0xf0d89d8a4492070063fd40ac5855cf4d4c8b2ecd,https://etherscan.io/address/0xf0d89d8a4492070063fd40ac5855cf4d4c8b2ecd,0xaf7a0ef58f1f1c18004c1469b68b18500ba4e6bf,https://etherscan.io/address/0xaf7a0ef58f1f1c18004c1469b68b18500ba4e6bf,0x460f8e3ec6ba44780c5c4b1fd511ebe39775b2a9040fc0f8c43e6530827cf4ad,https://etherscan.io/tx/0x460f8e3ec6ba44780c5c4b1fd511ebe39775b2a9040fc0f8c43e6530827cf4ad,24550549,2026-02-27T20:06:35Z,24550549,2026-02-27T20:06:35Z,1,1994.0,cdd6b670586d06e250baf604c726dd3307061e916d1699cbb0520375b6764cd7,T0543,1,0xf0d89d8a4492070063fd40ac5855cf4d4c8b2ecd,,0.3703241895261845,False,Research project ownership and related deployments; do not infer project family from exact-runtime similarity alone. Enter conclusions only in the separate audit CSV.
ethereum:0xf0eacad7efd813774d6ba2b1b1317666d18fd90d,0xf0eacad7efd813774d6ba2b1b1317666d18fd90d,https://etherscan.io/address/0xf0eacad7efd813774d6ba2b1b1317666d18fd90d,0x5487b05d3998c78512826bdeb6bc6eeaffa24dbb,https://etherscan.io/address/0x5487b05d3998c78512826bdeb6bc6eeaffa24dbb,0x80d428f800464dda373650d732f0e9a94a9f9170b3d5fe3d242f55473f892bef,https://etherscan.io/tx/0x80d428f800464dda373650d732f0e9a94a9f9170b3d5fe3d242f55473f892bef,24453484,2026-02-14T07:18:35Z,24453484,2026-02-14T07:18:35Z,1,5324.0,f9709c76d3626115feb8dcd387117136cbe09c2f2ef12d418da5d33ad2c817d8,T0653,1,0xf0eacad7efd813774d6ba2b1b1317666d18fd90d,,0.5721040189125296,False,Research project ownership and related deployments; do not infer project family from exact-runtime similarity alone. Enter conclusions only in the separate audit CSV.
ethereum:0xf2e357ee8874272e10b3141e32e66df0eb6e9b15,0xf2e357ee8874272e10b3141e32e66df0eb6e9b15,https://etherscan.io/address/0xf2e357ee8874272e10b3141e32e66df0eb6e9b15,0x09ab8f8646916732748ac7881f0dcf4abd37408b,https://etherscan.io/address/0x09ab8f8646916732748ac7881f0dcf4abd37408b,0x253686d39e7a4ce212c66ce40d656f11aeacf81c9ee354530b56b26819c2656f,https://etherscan.io/tx/0x253686d39e7a4ce212c66ce40d656f11aeacf81c9ee354530b56b26819c2656f,24627305,2026-03-10T13:15:47Z,24627489,2026-03-10T13:52:47Z,8,3391.0,41ff3c1c45450fe4a94d1a2303c9596ed1f6f3da625b5500150993c5e52c10cc,T0167,1,0xf2e357ee8874272e10b3141e32e66df0eb6e9b15,,0.4459049544994944,False,Research project ownership and related deployments; do not infer project family from exact-runtime similarity alone. Enter conclusions only in the separate audit CSV.
ethereum:0xf32e5f1fcac29ff40f0eeb1861444e889ecbb74e,0xf32e5f1fcac29ff40f0eeb1861444e889ecbb74e,https://etherscan.io/address/0xf32e5f1fcac29ff40f0eeb1861444e889ecbb74e,0xf4f611ab7ac539dc2b7ee1776af4da6f95642aaf,https://etherscan.io/address/0xf4f611ab7ac539dc2b7ee1776af4da6f95642aaf,0xee0f497b6fe0708c67395c09d14f8e2f8692525b3abd2485c7a47b778cec832a,https://etherscan.io/tx/0xee0f497b6fe0708c67395c09d14f8e2f8692525b3abd2485c7a47b778cec832a,24441607,2026-02-12T15:31:23Z,24443425,2026-02-12T21:37:23Z,2,8418.0,5aa8314b1b406337c12d52c168bda60d0198ca2fa8fb3447be61da2c0b08007e,T0240,1,0xf32e5f1fcac29ff40f0eeb1861444e889ecbb74e,,0.5060630557801131,False,Research project ownership and related deployments; do not infer project family from exact-runtime similarity alone. Enter conclusions only in the separate audit CSV.
ethereum:0xf456464cd3ac63e94e122a88ec8d2bb9605d3823,0xf456464cd3ac63e94e122a88ec8d2bb9605d3823,https://etherscan.io/address/0xf456464cd3ac63e94e122a88ec8d2bb9605d3823,0x985efb092f796120a43ff7f6b728b8a7611324be,https://etherscan.io/address/0x985efb092f796120a43ff7f6b728b8a7611324be,0x6273a274b1430af5470e685c135f7608351ec109247ccb8caaf6910750442b10,https://etherscan.io/tx/0x6273a274b1430af5470e685c135f7608351ec109247ccb8caaf6910750442b10,24362210,2026-02-01T13:07:35Z,24622913,2026-03-09T22:31:35Z,65,4973.0,99f863aff52194c50b763f73c24cc52c8e55682514180107bc9174200a7422b5,T0409,1,0xf456464cd3ac63e94e122a88ec8d2bb9605d3823,,0.8431983385254413,False,Research project ownership and related deployments; do not infer project family from exact-runtime similarity alone. Enter conclusions only in the separate audit CSV.
ethereum:0xf5f53fd1f149e5546a468315ba20d80823869144,0xf5f53fd1f149e5546a468315ba20d80823869144,https://etherscan.io/address/0xf5f53fd1f149e5546a468315ba20d80823869144,0x2b22b1559d8ffba952f44fe4e1f69a510f83f909,https://etherscan.io/address/0x2b22b1559d8ffba952f44fe4e1f69a510f83f909,0xbe490f5900481909a1e8b58d5183907002e2172e6d03ec844c14b27c8fd72039,https://etherscan.io/tx/0xbe490f5900481909a1e8b58d5183907002e2172e6d03ec844c14b27c8fd72039,24384858,2026-02-04T17:03:47Z,24631166,2026-03-11T02:12:35Z,5,2067.0,ccb05bf67a92b405592061841844a62c689f090653c8b721dec4ba784e49cf27,T0541,1,0xf5f53fd1f149e5546a468315ba20d80823869144,,0.2704045422285309,False,Research project ownership and related deployments; do not infer project family from exact-runtime similarity alone. Enter conclusions only in the separate audit CSV.
ethereum:0xfa55d2542b1b49ff2b8fd9e8d5a90874d9a3b3e5,0xfa55d2542b1b49ff2b8fd9e8d5a90874d9a3b3e5,https://etherscan.io/address/0xfa55d2542b1b49ff2b8fd9e8d5a90874d9a3b3e5,0xc3c56efc4ef0819e697b71d1ad78699423a3a7b1,https://etherscan.io/address/0xc3c56efc4ef0819e697b71d1ad78699423a3a7b1,0xb72739ab63adc3650cb051f1767a00031e3b361e2ac485bbe969cdee504e23a5,https://etherscan.io/tx/0xb72739ab63adc3650cb051f1767a00031e3b361e2ac485bbe969cdee504e23a5,24460778,2026-02-15T07:42:11Z,24460778,2026-02-15T07:42:11Z,1,3272.0,8129c0f346babecdef2e277201cc4b1b0e2993a34bc473f45b6cf11304e26f1d,T0335,1,0xfa55d2542b1b49ff2b8fd9e8d5a90874d9a3b3e5,,0.1714987714987715,False,Research project ownership and related deployments; do not infer project family from exact-runtime similarity alone. Enter conclusions only in the separate audit CSV.
ethereum:0xfb5451b7628d77701ccae272c5a7a48365800995,0xfb5451b7628d77701ccae272c5a7a48365800995,https://etherscan.io/address/0xfb5451b7628d77701ccae272c5a7a48365800995,0xd32a221d4a671724ad666689cc5cc4d103fb13bc,https://etherscan.io/address/0xd32a221d4a671724ad666689cc5cc4d103fb13bc,0x55d9bce19d3ea07bd83f755b055de8b6d47d289ea5cda625e71efad963514b88,https://etherscan.io/tx/0x55d9bce19d3ea07bd83f755b055de8b6d47d289ea5cda625e71efad963514b88,24474511,2026-02-17T05:38:11Z,24474511,2026-02-17T05:38:11Z,1,1017.0,072ff292c1ebec7372d6ea622d075991085059036c058b782fb5262131f395ae,T0018,1,0xfb5451b7628d77701ccae272c5a7a48365800995,,0.5070093457943925,False,Research project ownership and related deployments; do not infer project family from exact-runtime similarity alone. Enter conclusions only in the separate audit CSV.
ethereum:0xfc18af07e9d58230326560e956649d7d1769facf,0xfc18af07e9d58230326560e956649d7d1769facf,https://etherscan.io/address/0xfc18af07e9d58230326560e956649d7d1769facf,0x5949ab23c1332234cbd15a90bc63bef8151166ea,https://etherscan.io/address/0x5949ab23c1332234cbd15a90bc63bef8151166ea,0x10f6401ce29149d3cd369ce735abe7de4578fdc928a866ec7002257a55196b20,https://etherscan.io/tx/0x10f6401ce29149d3cd369ce735abe7de4578fdc928a866ec7002257a55196b20,24533013,2026-02-25T09:24:35Z,24533061,2026-02-25T09:34:11Z,9,2140.0,ebd1743ac7486a8e00602fa71ef12a31fc8dcd433066eca149e356617ee3428e,T0623,1,0xfc18af07e9d58230326560e956649d7d1769facf,,0.533106960950764,False,Research project ownership and related deployments; do not infer project family from exact-runtime similarity alone. Enter conclusions only in the separate audit CSV.
ethereum:0xfde47924c7cf623573e2ff7260f0a9f9ecceb39e,0xfde47924c7cf623573e2ff7260f0a9f9ecceb39e,https://etherscan.io/address/0xfde47924c7cf623573e2ff7260f0a9f9ecceb39e,0xd5adabc8f98a485c8efa50599afbe926b3e6dd49,https://etherscan.io/address/0xd5adabc8f98a485c8efa50599afbe926b3e6dd49,0x35c8e1389909e781548dc535b65bf23209d0d97dcc54f401eaa81372ed22a8e9,https://etherscan.io/tx/0x35c8e1389909e781548dc535b65bf23209d0d97dcc54f401eaa81372ed22a8e9,24561620,2026-03-01T09:12:47Z,24561620,2026-03-01T09:12:47Z,1,10879.0,d43ef5f9a1a347926b3e3dfeb3d8149d51c772109e469ef1540e2f69db907a51,T0562,1,0xfde47924c7cf623573e2ff7260f0a9f9ecceb39e,,0.0630975143403441,False,Research project ownership and related deployments; do not infer project family from exact-runtime similarity alone. Enter conclusions only in the separate audit CSV.
ethereum:0xfe01f1d8c4bc794f8fca6d7f39915c6af2bd6980,0xfe01f1d8c4bc794f8fca6d7f39915c6af2bd6980,https://etherscan.io/address/0xfe01f1d8c4bc794f8fca6d7f39915c6af2bd6980,0xd6be0c4f66c7311c6aea22c911994dc2f11762b6,https://etherscan.io/address/0xd6be0c4f66c7311c6aea22c911994dc2f11762b6,0xd3a95bba72fe4127959cb6ab190b72bf118c5219de276087dcf94f8583c74cfc,https://etherscan.io/tx/0xd3a95bba72fe4127959cb6ab190b72bf118c5219de276087dcf94f8583c74cfc,24551019,2026-02-27T21:41:23Z,24630505,2026-03-11T00:00:11Z,7,2303.0,1366ec37929ad5f1031f36ff1e4b913bef6c4f2bacae4d379fd550b8e91b8829,T0056,1,0xfe01f1d8c4bc794f8fca6d7f39915c6af2bd6980,,0.7203389830508474,False,Research project ownership and related deployments; do not infer project family from exact-runtime similarity alone. Enter conclusions only in the separate audit CSV.
