{
  "representations": [
    "full",
    "dual",
    "first_stop"
  ],
  "results": {
    "full": {
      "cleanM0": {
        "family_AUPRC_mean": 0.881366130013053,
        "family_AUPRC_std": 0.028260906327685874,
        "FPR_mean": 0.10128961477400719,
        "recall_mean": 0.8084562117887313,
        "benign_general_FPR_mean": 0.07754077791718947,
        "folds_AUPRC": [
          0.8670663303009029,
          0.8505733438187442,
          0.926627963029394,
          0.8613809244489856,
          0.901182088467238
        ]
      },
      "robustness": {
        "M3": {
          "recall_mean": 0.7754177275151595,
          "recall_std": 0.14539117126095757,
          "folds": [
            0.5394736842105263,
            0.6712328767123288,
            0.8896551724137931,
            0.8709677419354839,
            0.9057591623036649
          ]
        },
        "F200": {
          "recall_mean": 0.35127023168668653,
          "recall_std": 0.13327224272446878,
          "folds": [
            0.17763157894736842,
            0.21232876712328766,
            0.4,
            0.5161290322580645,
            0.450261780104712
          ]
        },
        "M3F200": {
          "recall_mean": 0.37780119345038166,
          "recall_std": 0.15257444361124758,
          "folds": [
            0.17105263157894737,
            0.2191780821917808,
            0.4896551724137931,
            0.5483870967741935,
            0.4607329842931937
          ]
        }
      }
    },
    "dual": {
      "cleanM0": {
        "family_AUPRC_mean": 0.9457220879846912,
        "family_AUPRC_std": 0.030863954546090124,
        "FPR_mean": 0.03863284227253365,
        "recall_mean": 0.8725116830339215,
        "benign_general_FPR_mean": 0.024090338770388957,
        "folds_AUPRC": [
          0.901959004533274,
          0.9299652806860559,
          0.983182485574976,
          0.9785789048539935,
          0.9349247642751567
        ]
      },
      "robustness": {
        "M3": {
          "recall_mean": 0.8781290612259387,
          "recall_std": 0.14693538636746845,
          "folds": [
            0.5855263157894737,
            0.952054794520548,
            0.9586206896551724,
            0.967741935483871,
            0.9267015706806283
          ]
        },
        "F200": {
          "recall_mean": 0.7466444819455972,
          "recall_std": 0.13568802597772206,
          "folds": [
            0.5328947368421053,
            0.8972602739726028,
            0.7724137931034483,
            0.8709677419354839,
            0.6596858638743456
          ]
        },
        "M3F200": {
          "recall_mean": 0.7679148017941618,
          "recall_std": 0.1372590552640574,
          "folds": [
            0.5526315789473685,
            0.8972602739726028,
            0.8482758620689655,
            0.8817204301075269,
            0.6596858638743456
          ]
        }
      }
    },
    "first_stop": {
      "cleanM0": {
        "family_AUPRC_mean": 0.9690585006931924,
        "family_AUPRC_std": 0.011195250834313726,
        "FPR_mean": 0.025706426383617236,
        "recall_mean": 0.9716517086093198,
        "benign_general_FPR_mean": 0.02308657465495608,
        "folds_AUPRC": [
          0.9562546068136725,
          0.9733775878717866,
          0.9853731689573667,
          0.9737241359494767,
          0.9565630038736591
        ]
      },
      "robustness": {
        "M3": {
          "recall_mean": 0.9716517086093198,
          "recall_std": 0.026156058154749785,
          "folds": [
            0.9802631578947368,
            0.9315068493150684,
            0.9517241379310345,
            1.0,
            0.9947643979057592
          ]
        },
        "F200": {
          "recall_mean": 0.9716517086093198,
          "recall_std": 0.026156058154749785,
          "folds": [
            0.9802631578947368,
            0.9315068493150684,
            0.9517241379310345,
            1.0,
            0.9947643979057592
          ]
        },
        "M3F200": {
          "recall_mean": 0.9716517086093198,
          "recall_std": 0.026156058154749785,
          "folds": [
            0.9802631578947368,
            0.9315068493150684,
            0.9517241379310345,
            1.0,
            0.9947643979057592
          ]
        }
      }
    }
  },
  "dims": {
    "full": 773,
    "dual": 1812,
    "first_stop": 773
  }
}