0x0	0x0
0x4	0x0
0x60	0x59
0x3f	0x37
0x1f	0x1c
0x2	0x0
0x7	0x0
0xb	0x0
0xc	0x0
0xd	0x0
0xe	0x0
0x16	0x12
0x17	0x12
0x18	0x12
0x1c	0x1c
0x23	0x22
0x27	0x22
0x28	0x22
0x2a	0x22
0x2d	0x22
0x32	0x22
0x39	0x37
0x3e	0x37
0x44	0x43
0x49	0x43
0x4f	0x4e
0x54	0x4e
0x5a	0x59
0x5f	0x59
0x65	0x64
0x6a	0x64
0x70	0x6f
0x75	0x6f
0x7b	0x7a
0x80	0x7a
0x86	0x85
0x8b	0x85
0x91	0x90
0x96	0x90
0x9c	0x9b
0xa1	0x9b
0xa7	0xa6
0xac	0xa6
0xb2	0xb1
0xb7	0xb1
0xbd	0xbc
0xc2	0xbc
0xc8	0xc7
0xcd	0xc7
0xd3	0xd2
0xd8	0xd2
0xde	0xdd
0xe3	0xdd
0xe9	0xe8
0xee	0xe8
0xf4	0xf3
0xf9	0xf3
0xff	0xfe
0x104	0xfe
0x109	0x109
0x10e	0x109
0x10f	0x109
0x113	0x9d9b
0x114	0x9d9b
0x118	0x118
0x11a	0x118
0x13b	0x118
0x13c	0x118
0x13d	0x118
0x13e	0x118
0x142	0x142
0x145	0x142
0x14b	0x149
0x14e	0x149
0x153	0x152
0x16a	0x152
0x16d	0x152
0x16f	0x152
0x170	0x152
0x175	0x174
0x179	0x179
0x19c	0x179
0x19f	0x179
0x1a3	0x179
0x1a4	0x179
0x1aa	0x1a8
0x1cb	0x1a8
0x1cd	0x1a8
0x1d0	0x1a8
0x1f9	0x1f6
0x1fc	0x1f6
0x1fe	0x1f6
0x222	0x1f6
0x228	0x225
0x22b	0x225
0x22d	0x225
0x251	0x225
0x256	0x254
0x258	0x254
0x259	0x254
0x264	0x261
0x265	0x261
0x269	0x269
0x26b	0x269
0x28c	0x269
0x28d	0x269
0x28e	0x269
0x28f	0x269
0x293	0x293
0x296	0x293
0x29c	0x29a
0x29f	0x29a
0x2a5	0x2a3
0x2a7	0x2a3
0x2a9	0x2a3
0x2b3	0x2a3
0x2b4	0x2a3
0x2b9	0x2b8
0x2bc	0x2b8
0x2c0	0x2b8
0x2c2	0x2b8
0x2c3	0x2b8
0x2ca	0x2c7
0x2cb	0x2c7
0x2f6	0x2f2
0x2f7	0x2f2
0x2fc	0x2fb
0x31d	0x2fb
0x31e	0x2fb
0x31f	0x2fb
0x320	0x2fb
0x325	0x324
0x327	0x324
0x34a	0x324
0x34d	0x324
0x350	0x324
0x353	0x324
0x355	0x324
0x358	0x324
0x35b	0x324
0x370	0x324
0x391	0x324
0x392	0x324
0x393	0x324
0x396	0x324
0x397	0x324
0x39c	0x39b
0x3f6	0x3f3
0x3f7	0x3f3
0x3fb	0x3fb
0x3fd	0x3fb
0x41e	0x3fb
0x41f	0x3fb
0x420	0x3fb
0x421	0x3fb
0x425	0x425
0x428	0x425
0x42e	0x42c
0x451	0x42c
0x453	0x42c
0x457	0x42c
0x458	0x42c
0x459	0x42c
0x45b	0x42c
0x465	0x42c
0x467	0x42c
0x46a	0x42c
0x46f	0x46e
0x471	0x46e
0x474	0x46e
0x479	0x478
0x47c	0x478
0x482	0x480
0x487	0x486
0x489	0x486
0x4ab	0x486
0x4ac	0x486
0x4af	0x486
0x4b5	0x4b3
0x4cc	0x4b3
0x4cf	0x4b3
0x4d0	0x4b3
0x4d7	0x4d4
0x4f9	0x4d4
0x51b	0x4d4
0x51c	0x4d4
0x51d	0x4d4
0x520	0x4d4
0x522	0x4d4
0x543	0x4d4
0x544	0x4d4
0x569	0x4d4
0x58d	0x4d4
0x595	0x594
0x5b8	0x594
0x5d9	0x594
0x5dc	0x594
0x5dd	0x594
0x5e0	0x594
0x5e5	0x594
0x5ec	0x5ea
0x5ef	0x5ea
0x5f1	0x5ea
0x615	0x5ea
0x619	0x618
0x63a	0x618
0x63b	0x618
0x645	0x618
0x648	0x618
0x649	0x618
0x64f	0x64d
0x650	0x64d
0x677	0x674
0x678	0x674
0x679	0x674
0x67e	0x67d
0x67f	0x67d
0x680	0x67d
0x683	0x67d
0x68b	0x687
0x693	0x68f
0x694	0x68f
0x699	0x698
0x6ba	0x698
0x6bb	0x698
0x6bc	0x698
0x6bd	0x698
0x6c2	0x6c1
0x6c4	0x6c1
0x6e7	0x6c1
0x6ea	0x6c1
0x6ec	0x6c1
0x6ef	0x6c1
0x6f2	0x6c1
0x707	0x6c1
0x728	0x6c1
0x729	0x6c1
0x72a	0x6c1
0x72d	0x6c1
0x72e	0x6c1
0x733	0x732
0x737	0x737
0x73b	0x737
0x743	0x740
0x744	0x740
0x748	0x748
0x74a	0x748
0x76b	0x748
0x76c	0x748
0x76d	0x748
0x76e	0x748
0x772	0x772
0x775	0x772
0x77b	0x779
0x77e	0x779
0x784	0x782
0x78e	0x782
0x790	0x782
0x793	0x782
0x794	0x782
0x798	0x798
0x79c	0x798
0x79f	0x798
0x7a0	0x798
0x7a7	0x7a4
0x7a9	0x7a4
0x7ac	0x7a4
0x7ad	0x7a4
0x7b1	0x7b1
0x7b5	0x7b1
0x7b8	0x7b1
0x7b9	0x7b1
0x7c0	0x7bd
0x7c2	0x7bd
0x7c5	0x7bd
0x7c6	0x7bd
0x7cb	0x7ca
0x7ce	0x7ca
0x7d2	0x7ca
0x7d4	0x7ca
0x7d5	0x7ca
0x7dc	0x7d9
0x7dd	0x7d9
0x804	0x801
0x805	0x801
0x809	0x809
0x80b	0x809
0x82c	0x809
0x82d	0x809
0x82e	0x809
0x82f	0x809
0x833	0x833
0x836	0x833
0x83b	0x83a
0x83d	0x83a
0x83f	0x83a
0x849	0x83a
0x84a	0x83a
0x84e	0x84e
0x851	0x84e
0x855	0x84e
0x859	0x84e
0x85b	0x84e
0x85c	0x84e
0x861	0x860
0x864	0x860
0x871	0x86f
0x873	0x86f
0x875	0x86f
0x883	0x880
0x884	0x880
0x889	0x888
0x8aa	0x888
0x8ab	0x888
0x8ac	0x888
0x8ad	0x888
0x8b1	0x8b1
0x8b4	0x8b1
0x8b5	0x8b1
0x8ca	0x8b1
0x8eb	0x8b1
0x8f2	0x8ef
0x8f3	0x8ef
0x8f8	0x8f7
0x919	0x8f7
0x91a	0x8f7
0x91b	0x8f7
0x91c	0x8f7
0x920	0x920
0x923	0x920
0x938	0x920
0x959	0x920
0x95a	0x920
0x95c	0x920
0x964	0x961
0x965	0x961
0x96a	0x969
0x98b	0x969
0x98c	0x969
0x98d	0x969
0x98e	0x969
0x994	0x992
0x996	0x992
0x99a	0x992
0x99f	0x99e
0x9a3	0x99e
0x9a6	0x99e
0x9c9	0x99e
0x9cb	0x99e
0x9cf	0x99e
0x9d1	0x99e
0x9d5	0x99e
0x9da	0x9d9
0x9dd	0x9d9
0x9e1	0x9d9
0xa04	0x9d9
0xa06	0x9d9
0xa0a	0x9d9
0xa0c	0x9d9
0xa2f	0x9d9
0xa33	0x9d9
0xa35	0x9d9
0xa38	0x9d9
0xa3a	0x9d9
0xa42	0xa3e
0xa45	0xa3e
0xa47	0xa3e
0xa4c	0xa4b
0xa4d	0xa4b
0xa50	0xa4b
0xa52	0xa4b
0xa53	0xa4b
0xa56	0xa4b
0xa59	0xa4b
0xa5c	0xa4b
0xa60	0xa4b
0xa61	0xa4b
0xa64	0xa4b
0xa67	0xa4b
0xa69	0xa4b
0xa6e	0xa4b
0xa70	0xa4b
0xa76	0xa73
0xa77	0xa73
0xa7d	0xa7b
0xa82	0xa80
0xa87	0xa80
0xa8b	0xa80
0xa8e	0xa80
0xa8f	0xa80
0xa96	0xa93
0xa97	0xa93
0xa9c	0xa9b
0xabd	0xa9b
0xabe	0xa9b
0xabf	0xa9b
0xac0	0xa9b
0xac4	0xac4
0xac5	0xac4
0xae6	0xac4
0xae7	0xac4
0xaeb	0xaeb
0xaee	0xaeb
0xaef	0xaeb
0xb14	0xb13
0xb1c	0xb13
0xb23	0xb1f
0xb44	0xb1f
0xb45	0xb1f
0xb46	0xb1f
0xb47	0xb1f
0xb4b	0xb4b
0xb4e	0xb4b
0xb54	0xb52
0xb56	0xb52
0xb57	0xb52
0xb61	0xb52
0xb62	0xb52
0xb66	0xb66
0xb6a	0xb66
0xb6d	0xb66
0xb6e	0xb66
0xb76	0xb72
0xb77	0xb72
0xb98	0xb72
0xb99	0xb72
0xb9d	0xb9d
0xbb3	0xb9d
0xbb6	0xb9d
0xbbb	0xbba
0xbbd	0xbba
0xbc2	0xbba
0xbc5	0xbba
0xbe8	0xbba
0xbea	0xbba
0xbed	0xbba
0xbf0	0xbba
0xbf1	0xbba
0xbf2	0xbba
0xbf3	0xbba
0xbf4	0xbba
0xc01	0xbf8
0xc26	0xbf8
0xc30	0xc2d
0xc35	0xc2d
0xc37	0xc2d
0xc38	0xc2d
0xc39	0xc2d
0xc3a	0xc2d
0xc47	0xc45
0xc4b	0xc45
0xc4f	0xc4e
0xc54	0xc4e
0xc57	0xc4e
0xc5c	0xc5a
0xc63	0xc5a
0xc6e	0xc6a
0xc6f	0xc6a
0xc74	0xc73
0xc95	0xc73
0xc96	0xc73
0xc97	0xc73
0xc98	0xc73
0xc9d	0xc9c
0xc9f	0xc9c
0xcb6	0xc9c
0xcb9	0xc9c
0xcba	0xc9c
0xcbe	0xcbe
0xcc1	0xcbe
0xcc7	0xcc5
0xcc8	0xcc5
0xccf	0xccc
0xcf0	0xccc
0xcf3	0xccc
0xcf4	0xccc
0xcf5	0xccc
0xcf9	0xcf9
0xcff	0xcf9
0xd05	0xcf9
0xd29	0xcf9
0xd2b	0xcf9
0xd2d	0xcf9
0xd2e	0xcf9
0xd31	0xcf9
0xd33	0xcf9
0xd34	0xcf9
0xd37	0xcf9
0xd38	0xcf9
0xd3d	0xd3c
0xd44	0xd43
0xd48	0xd43
0xd4d	0xd4c
0xd5f	0xd5c
0xd60	0xd5c
0xd87	0xd84
0xda8	0xd84
0xda9	0xd84
0xdaa	0xd84
0xdab	0xd84
0xdb0	0xdaf
0xdc5	0xdaf
0xde6	0xdaf
0xde9	0xdaf
0xdea	0xdaf
0xdeb	0xdaf
0xdef	0xdef
0xdf2	0xdef
0xdf7	0xdef
0xe1a	0xdef
0xe1d	0xdef
0xe1f	0xdef
0xe21	0xdef
0xe22	0xdef
0xe25	0xdef
0xe26	0xdef
0xe2b	0xe2a
0xe33	0xe32
0xe37	0xe32
0xe3d	0xe3b
0xe3e	0xe3b
0xe42	0xe42
0xe44	0xe42
0xe65	0xe42
0xe66	0xe42
0xe67	0xe42
0xe68	0xe42
0xe6c	0xe6c
0xe77	0xe6c
0xe7a	0xe6c
0xe7b	0xe6c
0xe7f	0xe7f
0xe83	0xe7f
0xe86	0xe7f
0xe87	0xe7f
0xe8c	0xe8b
0xe91	0xe8b
0xe94	0xe8b
0xe95	0xe8b
0xe99	0xe99
0xe9d	0xe99
0xea0	0xe99
0xea1	0xe99
0xea9	0xea5
0xeab	0xea5
0xeae	0xea5
0xeaf	0xea5
0xeb3	0xeb3
0xeb7	0xeb3
0xeba	0xeb3
0xebb	0xeb3
0xec3	0xebf
0xec6	0xebf
0xecd	0xeca
0xecf	0xeca
0xed1	0xeca
0xed6	0xed5
0xee0	0xedd
0xee1	0xedd
0xeea	0xee8
0xeed	0xee8
0xef0	0xee8
0xef3	0xee8
0xef8	0xee8
0xf02	0xf01
0xf08	0xf01
0xf0d	0xf0c
0xf0e	0xf0c
0xf11	0xf0c
0xf17	0xf0c
0xf1d	0xf1b
0xf22	0xf21
0xf23	0xf21
0xf51	0xf4d
0xf52	0xf4d
0xf53	0xf4d
0xf63	0xf5f
0xf64	0xf5f
0xf68	0xf68
0xf8a	0xf68
0xf8d	0xf68
0xf8e	0xf68
0xf8f	0xf68
0xf90	0xf68
0xf95	0xf94
0xf97	0xf94
0xfa1	0xf94
0xfa2	0xf94
0xfa6	0xfa6
0xfab	0xfa6
0xfac	0xfa6
0xfad	0xfa6
0xfae	0xfa6
0xfaf	0xfa6
0xfb3	0xfb3
0xfb5	0xfb3
0xfb7	0xfb3
0xfcc	0xfb3
0xfed	0xfb3
0xfee	0xfb3
0xfef	0xfb3
0xff0	0xfb3
0xff4	0xff4
0xff7	0xff4
0xffb	0xff4
0xffd	0xff4
0xfff	0xff4
0x1000	0xff4
0x1007	0x1004
0x100e	0x100b
0x1018	0x1013
0x1019	0x1013
0x103a	0x1013
0x103c	0x1013
0x103f	0x1013
0x1047	0x1043
0x104c	0x104b
0x104f	0x104b
0x1052	0x104b
0x1054	0x104b
0x1078	0x104b
0x107a	0x104b
0x107c	0x104b
0x107f	0x104b
0x1081	0x104b
0x10a2	0x104b
0x10a5	0x104b
0x10ab	0x10a8
0x10ac	0x10a8
0x10b1	0x10b0
0x10d2	0x10b0
0x10d3	0x10b0
0x10d4	0x10b0
0x10d5	0x10b0
0x10d9	0x10d9
0x10e4	0x10d9
0x10e7	0x10d9
0x10e8	0x10d9
0x10ec	0x10ec
0x10f0	0x10ec
0x10f3	0x10ec
0x10f4	0x10ec
0x10fb	0x10f8
0x10fd	0x10f8
0x1100	0x10f8
0x1101	0x10f8
0x1105	0x1105
0x1109	0x1105
0x110c	0x1105
0x110d	0x1105
0x1115	0x1111
0x1118	0x1111
0x111f	0x111c
0x1120	0x111c
0x112a	0x1127
0x112b	0x1127
0x1133	0x1132
0x1136	0x1132
0x113c	0x1132
0x1143	0x1140
0x1146	0x1140
0x114c	0x1140
0x1151	0x1150
0x1157	0x1150
0x1159	0x1150
0x115b	0x1150
0x115c	0x1150
0x115e	0x1150
0x1161	0x1150
0x1167	0x1165
0x1168	0x1165
0x116e	0x116c
0x1170	0x116c
0x1171	0x116c
0x1177	0x1175
0x1179	0x1175
0x1182	0x117f
0x1183	0x117f
0x1188	0x1187
0x11a9	0x1187
0x11aa	0x1187
0x11ab	0x1187
0x11ac	0x1187
0x11b0	0x11b0
0x11b2	0x11b0
0x11b4	0x11b0
0x11be	0x11b0
0x11bf	0x11b0
0x11c4	0x11c3
0x11c7	0x11c3
0x11ca	0x11c3
0x11cd	0x11c3
0x11ef	0x11c3
0x11f2	0x11c3
0x11f3	0x11c3
0x11f9	0x11f7
0x11fa	0x11f7
0x1200	0x11fe
0x1202	0x11fe
0x1209	0x1206
0x120a	0x1206
0x120e	0x120e
0x1210	0x120e
0x1231	0x120e
0x1232	0x120e
0x1233	0x120e
0x1234	0x120e
0x1238	0x1238
0x123b	0x1238
0x1241	0x123f
0x1244	0x123f
0x124a	0x1248
0x124c	0x1248
0x124e	0x1248
0x1258	0x1248
0x1259	0x1248
0x125e	0x125d
0x1261	0x125d
0x1265	0x125d
0x1267	0x125d
0x1268	0x125d
0x126f	0x126c
0x1270	0x126c
0x1297	0x1294
0x1298	0x1294
0x129c	0x129c
0x129e	0x129c
0x12bf	0x129c
0x12c0	0x129c
0x12c1	0x129c
0x12c2	0x129c
0x12c7	0x12c6
0x12c9	0x12c6
0x12d3	0x12c6
0x12d4	0x12c6
0x12d8	0x12d8
0x12d9	0x12d8
0x12dc	0x12d8
0x12dd	0x12d8
0x12de	0x12d8
0x12df	0x12d8
0x12e4	0x12e3
0x12e7	0x12e3
0x12eb	0x12e3
0x12ed	0x12e3
0x12f1	0x12e3
0x12f3	0x12e3
0x12f4	0x12e3
0x12f6	0x12e3
0x12f7	0x12e3
0x1302	0x1300
0x130b	0x1307
0x130c	0x1307
0x1310	0x1310
0x1312	0x1310
0x1333	0x1310
0x1334	0x1310
0x1335	0x1310
0x1336	0x1310
0x133a	0x133a
0x133b	0x133a
0x135d	0x133a
0x1360	0x133a
0x1361	0x133a
0x1365	0x1365
0x1369	0x1365
0x138b	0x1365
0x138e	0x1365
0x138f	0x1365
0x1395	0x1393
0x1396	0x1393
0x139c	0x139a
0x139d	0x139a
0x13a2	0x13a1
0x13c5	0x13a1
0x13c7	0x13a1
0x13cc	0x13cb
0x13ee	0x13cb
0x13f1	0x13cb
0x177d	0x177b
0x1780	0x177b
0x1785	0x177b
0x1787	0x177b
0x1789	0x177b
0x178c	0x177b
0x178e	0x177b
0x1792	0x177b
0x1796	0x177b
0x179b	0x179a
0x17a0	0x179f
0x17a4	0x17a4
0x17c8	0x17c7
0x17ef	0x17eb
0x17f0	0x17eb
0x17f1	0x17eb
0x17f5	0x17f5
0x17f7	0x17f5
0x17f8	0x17f5
0x1bfd	0x1bfb
0x1c01	0x1bfb
0x1c16	0x1bfb
0x1c37	0x1bfb
0x1c38	0x1bfb
0x1c3a	0x1bfb
0x1c3c	0x1bfb
0x1c3d	0x1bfb
0x1c41	0x1bfb
0x1c44	0x1bfb
0x1c47	0x1bfb
0x1c49	0x1bfb
0x1c6e	0x1bfb
0x1c71	0x1bfb
0x1c73	0x1bfb
0x1c75	0x1bfb
0x1c78	0x1bfb
0x1c7a	0x1bfb
0x1c7d	0x1bfb
0x1c7f	0x1bfb
0x1c84	0x1c83
0x1c85	0x1c83
0x1ca7	0x1c83
0x1cab	0x1c83
0x1cb0	0x1caf
0x1cb2	0x1caf
0x1cb3	0x1caf
0x1cb5	0x1caf
0x1cb8	0x1caf
0x1cbe	0x1cbc
0x1cc4	0x1cc2
0x1cd0	0x1ccc
0x1cd4	0x1ccc
0x1cd6	0x1ccc
0x1cd7	0x1ccc
0x1cd8	0x1ccc
0x1cd9	0x1ccc
0x1cdd	0x1cdd
0x1cdf	0x1cdd
0x1ce0	0x1cdd
0x1ce1	0x1cdd
0x1ce7	0x1ce4
0x1cea	0x1ce4
0x1ceb	0x1ce4
0x1cec	0x1ce4
0x1cee	0x1ce4
0x1cf3	0x1cf2
0x1cf7	0x1cf2
0x1cfb	0x1cf2
0x1d04	0x1cff
0x1d09	0x1d08
0x1d1f	0x1d08
0x1d40	0x1d08
0x1d41	0x1d08
0x1d43	0x1d08
0x1d44	0x1d08
0x3f68	0x3f66
0x3f6a	0x3f66
0x3f6e	0x3f66
0x4042	0x4040
0x4044	0x4040
0x4048	0x4040
0x4366	0x4365
0x4367	0x4365
0x436b	0x4365
0x43f6	0x43f5
0x43f7	0x43f5
0x43fb	0x43f5
0x4487	0x4486
0x4488	0x4486
0x45bf	0x45be
0x45c0	0x45be
0x4a8b	0x4a8a
0x4aac	0x4a8a
0x4aaf	0x4a8a
0x4ab1	0x4a8a
0x4ab4	0x4a8a
0x4ab6	0x4a8a
0x4d74	0x4d73
0x9b73	0x9b72
0x9b75	0x9b72
0x9bbb	0x9bba
0x9bdf	0x9bde
0x9be1	0x9bde
0x9c05	0x9c04
0x9c29	0x9c28
0x9c2b	0x9c28
0x9c4f	0x9c4e
0x9c73	0x9c72
0xefb	0xee8
0xf0b	0xf01
0x113f	0x1132
0x179e	0x179a
0x1003	0xff4
0x12fa	0x12e3
0x9b78	0x9b72
0x9be4	0x9bde
0x9c2e	0x9c28
0x1042	0x1013
0x1164	0x1150
0x1cbb	0x1caf
0xf1a	0xf0c
0x114f	0x1140
0x1cfe	0x1cf2
0x148	0x142
0x299	0x293
0x42b	0x425
0x778	0x772
0x839	0x833
0xb51	0xb4b
0x123e	0x1238
0x2a2	0x29a
0x781	0x779
0x1247	0x123f
0x2c6	0x2b8
0x7d8	0x7ca
0x85f	0x84e
0xb71	0xb66
0x11f6	0x11c3
0x126b	0x125d
0x7a3	0x798
0x7bc	0x7b1
0xe8a	0xe7f
0xea4	0xe99
0xebe	0xeb3
0x10f7	0x10ec
0x1110	0x1105
0xa3d	0x9d9
0xa4a	0xa3e
0x1c82	0x1bfb
0x9c52	0x9c4e
0x9c76	0x9c72
0x9bbe	0x9bba
0x9c08	0x9c04
0x151	0x149
0x867	0x860
0x878	0x86f
0x99d	0x992
0x9d8	0x99e
0xbb9	0xb9d
0xcc4	0xcbe
0xd4b	0xd43
0xe3a	0xe32
0xec9	0xebf
0xf20	0xf1b
0x111b	0x1111
0x1799	0x177b
0x1cae	0x1c83
0x1d07	0x1cff
0x25c	0x254
0x64c	0x618
0x67c	0x674
0x686	0x67d
0x68e	0x687
0xa92	0xa80
0xf26	0xf21
0xf56	0xf4d
0x104a	0x1043
0x1174	0x116c
0x11fd	0x11f7
0x13ca	0x13a1
0x13f4	0x13cb
0x17c6	0x17a4
0x17ea	0x17c7
0x1cf1	0x1ce4
0x11	0x0
0x1b	0x12
0x112	0x109
0x117	0x9d9b
0x141	0x118
0x173	0x152
0x178	0x174
0x1a7	0x179
0x268	0x261
0x292	0x269
0x2b7	0x2a3
0x2fa	0x2f2
0x323	0x2fb
0x39a	0x324
0x39f	0x39b
0x3fa	0x3f3
0x424	0x3fb
0x46d	0x42c
0x477	0x46e
0x47f	0x478
0x485	0x480
0x4b2	0x486
0x4d3	0x4b3
0x590	0x4d4
0x697	0x68f
0x6c0	0x698
0x731	0x6c1
0x736	0x732
0x747	0x740
0x771	0x748
0x797	0x782
0x7b0	0x7a4
0x7c9	0x7bd
0x808	0x801
0x832	0x809
0x84d	0x83a
0x887	0x880
0x8b0	0x888
0x8f6	0x8ef
0x91f	0x8f7
0x968	0x961
0x991	0x969
0xa7a	0xa73
0xa9a	0xa93
0xac3	0xa9b
0xaea	0xac4
0xb4a	0xb1f
0xb65	0xb52
0xb9c	0xb72
0xbf7	0xbba
0xc29	0xbf8
0xc3d	0xc2d
0xc72	0xc6a
0xc9b	0xc73
0xcbd	0xc9c
0xccb	0xcc5
0xcf8	0xccc
0xd3b	0xcf9
0xd40	0xd3c
0xd50	0xd4c
0xdae	0xd84
0xdee	0xdaf
0xe29	0xdef
0xe2e	0xe2a
0xe41	0xe3b
0xe6b	0xe42
0xe7e	0xe6c
0xe98	0xe8b
0xeb2	0xea5
0xed4	0xeca
0xed9	0xed5
0xee4	0xedd
0xf67	0xf5f
0xf93	0xf68
0xfa5	0xf94
0xfb2	0xfa6
0xff3	0xfb3
0x100a	0x1004
0x10af	0x10a8
0x10d8	0x10b0
0x10eb	0x10d9
0x1104	0x10f8
0x1123	0x111c
0x112e	0x1127
0x116b	0x1165
0x1186	0x117f
0x11af	0x1187
0x11c2	0x11b0
0x120d	0x1206
0x1237	0x120e
0x125c	0x1248
0x129b	0x1294
0x12c5	0x129c
0x12d7	0x12c6
0x12e2	0x12d8
0x130f	0x1307
0x1339	0x1310
0x1364	0x133a
0x1392	0x1365
0x1399	0x1393
0x17a3	0x179f
0x17f4	0x17eb
0x1cc1	0x1cbc
0x1cc7	0x1cc2
0x1cdc	0x1ccc
0x17fa	0x17f5
0x1ccb	0x1cc8
0x1ce3	0x1cdd
0x1d46	0x1d08
0x5e4	0x594
0xc24	0xbf8
0x1f3	0x1a8
0x567	0x4d4
0x58c	0x4d4
0x9b0f	0x9b0e
0x1f5	0x1a8
0x2ee	0x2c7
0x593	0x591
0x5e9	0x594
0x73f	0x737
0x800	0x7d9
0x8ee	0x8b1
0x960	0x920
0xa7f	0xa7b
0xb12	0xaeb
0xc2c	0xc2a
0xc44	0xc3e
0xd42	0xd41
0xd52	0xd51
0xe31	0xe2f
0xee7	0xee5
0x1012	0x100b
0x1131	0x112f
0x1205	0x11fe
0x1293	0x126c
0x1306	0x1300
0x13a0	0x139a
0x9b52	0x9b50
0x9b9a	0x9b98
0x224	0x1f6
0x253	0x225
0x617	0x5ea
0x673	0x64d
0xb1e	0xb13
0xc4d	0xc45
0xc59	0xc4e
0xc65	0xc5a
0xd83	0xd5c
0xf5a	0xf57
0xf5e	0xf5b
0x10a7	0x104b
0x117a	0x1175
0x117e	0x117b
0x3e77	0x3e74
0x3e9a	0x3e97
0x3ebc	0x3eba
0x3ede	0x3edc
0x3f00	0x3efe
0x3f23	0x3f20
0x3f46	0x3f43
0x3f70	0x3f66
0x3fb7	0x3fb4
0x3fda	0x3fd7
0x3ffd	0x3ffa
0x4020	0x401d
0x404a	0x4040
0x406c	0x406a
0x408e	0x408c
0x40b1	0x40ae
0x40d4	0x40d1
0x40f6	0x40f4
0x4119	0x4116
0x413c	0x4139
0x415f	0x415c
0x4182	0x417f
0x41a5	0x41a2
0x41c8	0x41c5
0x41eb	0x41e8
0x420d	0x420b
0x422f	0x422d
0x4251	0x424f
0x4273	0x4271
0x4296	0x4293
0x42b9	0x42b6
0x42dc	0x42d9
0x42ff	0x42fc
0x4322	0x431f
0x4345	0x4342
0x436d	0x4365
0x438f	0x438d
0x43b2	0x43af
0x43d5	0x43d2
0x43fd	0x43f5
0x4420	0x441d
0x4443	0x4440
0x4466	0x4463
0x44ab	0x4486
0x44ce	0x44cb
0x44f0	0x44ee
0x4513	0x4510
0x4535	0x4533
0x4558	0x4555
0x457b	0x4578
0x459e	0x459b
0x45e3	0x45be
0x4605	0x4603
0x4627	0x4625
0x4649	0x4647
0x466b	0x4669
0x468d	0x468b
0x46af	0x46ad
0x46d1	0x46cf
0x46f3	0x46f1
0x4715	0x4713
0x4737	0x4735
0x475a	0x4757
0x477d	0x477a
0x47a0	0x479d
0x4ab8	0x4a8a
0x4d77	0x4d73
0xc33	0xc2d
0x6	0x0
0x220	0x1f6
0x223	0x1f6
0x24f	0x225
0x252	0x225
0x2ed	0x2c7
0x349	0x324
0x34e	0x324
0x354	0x324
0x5e3	0x594
0x613	0x5ea
0x616	0x5ea
0x672	0x64d
0x6e6	0x6c1
0x6eb	0x6c1
0x73e	0x737
0x7ff	0x7d9
0x8ed	0x8b1
0x95f	0x920
0x9a2	0x99e
0x9ca	0x99e
0x9e0	0x9d9
0xa05	0x9d9
0xa2e	0x9d9
0xa34	0x9d9
0xa46	0xa3e
0xa51	0xa4b
0xa57	0xa4b
0xa5d	0xa4b
0xa65	0xa4b
0xa6d	0xa4b
0xa84	0xa80
0xb11	0xaeb
0xb1b	0xb13
0xbc4	0xbba
0xc56	0xc4e
0xc62	0xc5a
0xd27	0xcf9
0xd2a	0xcf9
0xd32	0xcf9
0xd82	0xd5c
0xe19	0xdef
0xe1e	0xdef
0x1011	0x100b
0x1076	0x104b
0x1079	0x104b
0x1080	0x104b
0x10a6	0x104b
0x1204	0x11fe
0x1292	0x126c
0x1305	0x1300
0x139f	0x139a
0x178d	0x177b
0x1791	0x177b
0x1c6d	0x1bfb
0x1c72	0x1bfb
0x1c79	0x1bfb
0x1ca9	0x1c83
0x44aa	0x4486
0x45e2	0x45be
0x4aae	0x4a8a
0x4ab3	0x4a8a
0x1cf	0x1a8
0x4ae	0x486
0x51f	0x4d4
0x5df	0x594
0x647	0x618
0xc25	0xbf8
0xc4a	0xc45
0x3f6d	0x3f66
0x4047	0x4040
0x436a	0x4365
0x43fa	0x43f5
0x22	0x22
0x9b0e	0x9b0e
0x12	0x12
0x3e74	0x3e74
0x3e97	0x3e97
0x149	0x149
0x1506	0x1506B0x142
0x1506	0x1506B0x293
0x1506	0x1506B0x425
0x1506	0x1506B0x772
0x1506	0x1506B0x833
0x1506	0x1506B0xb4b
0x1506	0x1506B0x1238
0x152	0x152
0x19b0	0x19b0B0xb9d
0x19b0	0x19b0B0xcbe
0x19b0	0x19b0B0x149
0x19b0	0x19b0B0x860
0x19b0	0x19b0B0xebf
0x19b0	0x19b0B0x1111
0x254	0x254
0x225	0x225
0x1f6	0x1f6
0x174	0x174
0x3eba	0x3eba
0x3edc	0x3edc
0x29a	0x29a
0x2a3	0x2a3
0x1529	0x1529B0x29a
0x1529	0x1529B0x779
0x1529	0x1529B0x123f
0x84	0x7a
0x3efe	0x3efe
0x2c7	0x2c7
0x154c	0x154cB0x84e
0x154c	0x154cB0xb66
0x154c	0x154cB0x2b8
0x154c	0x154cB0x7ca
0x154c	0x154cB0x11c3
0x154c	0x154cB0x125d
0x3f20	0x3f20
0x3f43	0x3f43
0x3f66	0x3f66
0x3aa	0x3aa0x2f2
0x3aa	0x3aa0x68f
0x3fb4	0x3fb4
0x3fd7	0x3fd7
0x42c	0x42c
0x687	0x687
0x67d	0x67d
0x674	0x674
0x64d	0x64d
0x618	0x618
0x5ea	0x5ea
0x594	0x594
0x4b3	0x4b3
0x480	0x480
0x478	0x478
0x46e	0x46e
0x3ffa	0x3ffa
0x401d	0x401d
0x4040	0x4040
0x406a	0x406a
0x408c	0x408c
0x779	0x779
0x782	0x782
0x40ae	0x40ae
0x7a4	0x7a4
0x157a	0x157aB0x798
0x157a	0x157aB0x7b1
0x157a	0x157aB0xe7f
0x157a	0x157aB0xe99
0x157a	0x157aB0xeb3
0x157a	0x157aB0x10ec
0x157a	0x157aB0x1105
0x64	0x64
0x40d1	0x40d1
0x7bd	0x7bd
0x40f4	0x40f4
0x7d9	0x7d9
0x4116	0x4116
0x4139	0x4139
0x83a	0x83a
0x415c	0x415c
0x860	0x860
0x86f	0x86f
0x9b50	0x9b50
0x9b72	0x9b72
0x1a98	0x1a98B0x86f
0x1a98	0x1a98B0xf1b
0x417f	0x417f
0x41a2	0x41a2
0x41c5	0x41c5
0x41e8	0x41e8
0x420b	0x420b
0x422d	0x422d
0x99e	0x99e
0x1438	0x1438B0x99e
0x1438	0x1438B0x177b
0x1438	0x1438B0x992
0xa4b	0xa4b
0x9d9	0x9d9
0xa3e	0xa3e
0x15ab	0x15abB0x9d9
0x15ab	0x15abB0xa3e
0x15ab	0x15abB0x1bfb
0xa80	0xa80
0xa73	0xa73
0x424f	0x424f
0x4271	0x4271
0xb13	0xb13
0x4293	0x4293
0xb52	0xb52
0x42b6	0x42b6
0xb72	0xb72
0xc5a	0xc5a
0xbba	0xbba
0xc4e	0xc4e
0xc2d	0xc2d
0xc45	0xc45
0x42d9	0x42d9
0x42fc	0x42fc
0x431f	0x431f
0xcc5	0xcc5
0xd5c	0xd5c
0x4342	0x4342
0x4365	0x4365
0xd43	0xd43
0xd4c	0xd4c
0x13f5	0x13f5B0xd43
0x13f5	0x13f5B0xe32
0x438d	0x438d
0x43af	0x43af
0x43d2	0x43d2
0x43f5	0x43f5
0xe32	0xe32
0x9b98	0x9b98
0x441d	0x441d
0x4440	0x4440
0x4463	0x4463
0xe8b	0xe8b
0xf5b	0xf5b
0xea5	0xea5
0xf57	0xf57
0xebf	0xebf
0xeca	0xeca
0xf4d	0xf4d
0x4486	0x4486
0xee8	0xee8
0xf21	0xf21
0xf01	0xf01
0x9bba	0x9bba
0x17eb	0x17eb
0xf0c	0xf0c
0xf1b	0xf1b
0x9bde	0x9bde
0x189c	0x189cB0xf0c
0x189c	0x189cB0x1140
0xedd	0xedd
0xed5	0xed5
0x44cb	0x44cb
0x44ee	0x44ee
0x4510	0x4510
0x4533	0x4533
0x104b	0x104b
0x1004	0x1004
0x1ac0	0x1ac0B0xff4
0x1013	0x1013
0x1043	0x1043
0x1a68	0x1a68B0x1013
0x1a68	0x1a68B0x1150
0x1a68	0x1a68B0x1caf
0x1a68	0x1a68B0x1a98B0x86f
0x1a68	0x1a68B0x1a98B0xf1b
0x100b	0x100b
0x4555	0x4555
0x4578	0x4578
0x459b	0x459b
0x10f8	0x10f8
0x117b	0x117b
0x1111	0x1111
0x111c	0x111c
0x45be	0x45be
0x1132	0x1132
0x1140	0x1140
0x9c04	0x9c04
0x1150	0x1150
0x9c28	0x9c28
0x1165	0x1165
0x1175	0x1175
0x1127	0x1127
0x4603	0x4603
0x4625	0x4625
0x4647	0x4647
0x11fe	0x11fe
0x11f7	0x11f7
0x177b	0x177b
0x4669	0x4669
0x468b	0x468b
0x123f	0x123f
0x1248	0x1248
0x46ad	0x46ad
0x126c	0x126c
0x46cf	0x46cf
0x46f1	0x46f1
0x4713	0x4713
0x4735	0x4735
0x9c4e	0x9c4e
0x1300	0x1300
0x14cf	0x14cfB0x9b72
0x14cf	0x14cfB0x9bde
0x14cf	0x14cfB0x9c28
0x14cf	0x14cfB0x12e3
0x14cf	0x14cfB0x1b35B0xff4
0x14cf	0x14cfB0x1bbdB0xff4
0x14cf	0x14cfB0x18dcB0x179a
0x14cf	0x14cfB0x194eB0x179a
0x4757	0x4757
0x477a	0x477a
0x479d	0x479d
0x13cb	0x13cb
0x13a1	0x13a1
0x139a	0x139a
0x1393	0x1393
0x179a	0x179a
0x179f	0x179f
0x9c72	0x9c72
0x18b7	0x18b7B0x179a
0x17c7	0x17c7
0x4a8a	0x4a8a
0x5	0x0
0x1caf	0x1caf
0x1c83	0x1c83
0x1454	0x1454B0x1c83
0x1454	0x1454B0x3b80x2f2
0x1454	0x1454B0x3b80x68f
0x1454	0x1454B0x14dbB0x9b72
0x1454	0x1454B0x14dbB0x9bde
0x1454	0x1454B0x1a79B0x1013
0x1454	0x1454B0x1a79B0x1150
0x1454	0x1454B0x14dbB0x9c28
0x1454	0x1454B0x1a79B0x1caf
0x1454	0x1454B0x14dbB0x12e3
0x1454	0x1454B0x14dbB0x1b35B0xff4
0x1454	0x1454B0x14dbB0x1bbdB0xff4
0x1454	0x1454B0x1a79B0x1a98B0x86f
0x1454	0x1454B0x1a79B0x1a98B0xf1b
0x1454	0x1454B0x14dbB0x18dcB0x179a
0x1454	0x1454B0x14dbB0x194eB0x179a
0x1cbc	0x1cbc
0x1ce4	0x1ce4
0x1ccc	0x1ccc
0x4d73	0x4d73
0x1cc2	0x1cc2
0x1d08	0x1d08
0x1cff	0x1cff
0x1d47	0x1d47B0x1cf2
0x1d83	0x1d83B0x1cff
0x182a	0x182aB0x9bba
0x182a	0x182aB0x9c04
0x1609	0x1609B0x9c4e
0x1609	0x1609B0x9c72
0x261	0x261
0x2f2	0x2f2
0x3f3	0x3f3
0x68f	0x68f
0x740	0x740
0x801	0x801
0x880	0x880
0x8ef	0x8ef
0x961	0x961
0xa93	0xa93
0xb1f	0xb1f
0xc6a	0xc6a
0xd84	0xd84
0xe3b	0xe3b
0xf5f	0xf5f
0x10a8	0x10a8
0x117f	0x117f
0x1206	0x1206
0x1294	0x1294
0x1307	0x1307
0x3b8	0x3b80x2f2
0x3b8	0x3b80x68f
0x3a0	0x3a00x2f2
0x3a0	0x3a00x68f
0x3f90	0x3f900x2f2
0x3f90	0x3f900x68f
0x3c5	0x3c50x2f2
0x3c5	0x3c50x68f
0x3dc	0x3dc0x2f2
0x3dc	0x3dc0x68f
0x491c	0x491cB0x142
0x491c	0x491cB0x293
0x491c	0x491cB0x425
0x491c	0x491cB0x772
0x491c	0x491cB0x833
0x491c	0x491cB0xb4b
0x491c	0x491cB0x1238
0x4a18	0x4a18B0x798
0x4a18	0x4a18B0x7b1
0x4a18	0x4a18B0xe7f
0x4a18	0x4a18B0xe99
0x4a18	0x4a18B0xeb3
0x4a18	0x4a18B0x10ec
0x4a18	0x4a18B0x1105
0x49d0	0x49d0B0x798
0x49d0	0x49d0B0x7b1
0x49d0	0x49d0B0xe7f
0x49d0	0x49d0B0xe99
0x49d0	0x49d0B0xeb3
0x49d0	0x49d0B0x10ec
0x49d0	0x49d0B0x1105
0x49f4	0x49f4B0x798
0x49f4	0x49f4B0x7b1
0x49f4	0x49f4B0xe7f
0x49f4	0x49f4B0xe99
0x49f4	0x49f4B0xeb3
0x49f4	0x49f4B0x10ec
0x49f4	0x49f4B0x1105
0x49ac	0x49acB0x84e
0x49ac	0x49acB0xb66
0x49ac	0x49acB0x2b8
0x49ac	0x49acB0x7ca
0x49ac	0x49acB0x11c3
0x49ac	0x49acB0x125d
0x4964	0x4964B0x84e
0x4964	0x4964B0xb66
0x4964	0x4964B0x2b8
0x4964	0x4964B0x7ca
0x4964	0x4964B0x11c3
0x4964	0x4964B0x125d
0x4988	0x4988B0x84e
0x4988	0x4988B0xb66
0x4988	0x4988B0x2b8
0x4988	0x4988B0x7ca
0x4988	0x4988B0x11c3
0x4988	0x4988B0x125d
0x1a5d	0x1a5dB0xb9d
0x1a5d	0x1a5dB0xcbe
0x1a5d	0x1a5dB0x149
0x1a5d	0x1a5dB0x860
0x1a5d	0x1a5dB0xebf
0x1a5d	0x1a5dB0x1111
0x19f2	0x19f2B0xb9d
0x19f2	0x19f2B0xcbe
0x19f2	0x19f2B0x149
0x19f2	0x19f2B0x860
0x19f2	0x19f2B0xebf
0x19f2	0x19f2B0x1111
0x19f8	0x19f8B0xb9d
0x19f8	0x19f8B0xcbe
0x19f8	0x19f8B0x149
0x19f8	0x19f8B0x860
0x19f8	0x19f8B0xebf
0x19f8	0x19f8B0x1111
0x19ff	0x19ffB0xb9d
0x19ff	0x19ffB0xcbe
0x19ff	0x19ffB0x149
0x19ff	0x19ffB0x860
0x19ff	0x19ffB0xebf
0x19ff	0x19ffB0x1111
0x1a2f	0x1a2fB0xb9d
0x1a2f	0x1a2fB0xcbe
0x1a2f	0x1a2fB0x149
0x1a2f	0x1a2fB0x860
0x1a2f	0x1a2fB0xebf
0x1a2f	0x1a2fB0x1111
0x4940	0x4940B0x29a
0x4940	0x4940B0x779
0x4940	0x4940B0x123f
0x480e	0x480eB0x99e
0x480e	0x480eB0x177b
0x480e	0x480eB0x992
0x15b6	0x15b6B0x9d9
0x15b6	0x15b6B0xa3e
0x15b6	0x15b6B0x1bfb
0x15f5	0x15f5B0x9d9
0x15f5	0x15f5B0xa3e
0x15f5	0x15f5B0x1bfb
0x2b	0x22
0x47c0	0x47c0B0xd43
0x47c0	0x47c0B0xe32
0x4ad8	0x4ad8B0x9bba
0x4ad8	0x4ad8B0x9c04
0x16d4	0x16d4B0x9c4e
0x16d4	0x16d4B0x9c72
0x42	0x37
0x4a3c	0x4a3cB0x9c4e
0x4a3c	0x4a3cB0x9c72
0x38	0x37
0x16f5	0x16f5B0x9c4e
0x16f5	0x16f5B0x9c72
0x485c	0x485cB0x1c83
0x485c	0x485cB0x3b80x2f2
0x485c	0x485cB0x3b80x68f
0x485c	0x485cB0x14dbB0x9b72
0x485c	0x485cB0x14dbB0x9bde
0x485c	0x485cB0x1a79B0x1013
0x485c	0x485cB0x1a79B0x1150
0x485c	0x485cB0x14dbB0x9c28
0x485c	0x485cB0x1a79B0x1caf
0x485c	0x485cB0x14dbB0x12e3
0x485c	0x485cB0x14dbB0x1b35B0xff4
0x485c	0x485cB0x14dbB0x1bbdB0xff4
0x485c	0x485cB0x1a79B0x1a98B0x86f
0x485c	0x485cB0x1a79B0x1a98B0xf1b
0x485c	0x485cB0x14dbB0x18dcB0x179a
0x485c	0x485cB0x14dbB0x194eB0x179a
0x18b3	0x18b3B0xf0c
0x18b3	0x18b3B0x1140
0x184b	0x184bB0x18a5B0xf0c
0x184b	0x184bB0x18a5B0x1140
0x184b	0x184bB0x1addB0xff4
0x184b	0x184bB0x1ac0B0xff4
0x184b	0x184bB0x1baaB0xff4
0x184b	0x184bB0x1af5B0xff4
0x4b68	0x4b68B0xf0c
0x4b68	0x4b68B0x1140
0x4b20	0x4b20B0x18a5B0xf0c
0x4b20	0x4b20B0x18a5B0x1140
0x4b20	0x4b20B0x1addB0xff4
0x4b20	0x4b20B0x1ac0B0xff4
0x4b20	0x4b20B0x1baaB0xff4
0x4b20	0x4b20B0x1af5B0xff4
0x4b44	0x4b44B0x18a5B0xf0c
0x4b44	0x4b44B0x18a5B0x1140
0x4b44	0x4b44B0x1addB0xff4
0x4b44	0x4b44B0x1ac0B0xff4
0x4b44	0x4b44B0x1baaB0xff4
0x4b44	0x4b44B0x1af5B0xff4
0x4afc	0x4afcB0x18a5B0xf0c
0x4afc	0x4afcB0x18a5B0x1140
0x4afc	0x4afcB0x1addB0xff4
0x4afc	0x4afcB0x1ac0B0xff4
0x4afc	0x4afcB0x1baaB0xff4
0x4afc	0x4afcB0x1af5B0xff4
0x1d71	0x1d71B0x1cf2
0x1e6a	0x1e6aB0x1d54B0x1cf2
0x1d78	0x1d78B0x1cf2
0x1efb	0x1efbB0x1d54B0x1cf2
0x1eef	0x1eefB0x1d54B0x1cf2
0x1ee6	0x1ee6B0x1d54B0x1cf2
0x14db	0x14dbB0x9b72
0x14db	0x14dbB0x9bde
0x14db	0x14dbB0x9c28
0x14db	0x14dbB0x12e3
0x14db	0x14dbB0x1b35B0xff4
0x14db	0x14dbB0x1bbdB0xff4
0x14db	0x14dbB0x18dcB0x179a
0x14db	0x14dbB0x194eB0x179a
0x1495	0x1495B0x14cfB0x9b72
0x1495	0x1495B0x14cfB0x9bde
0x1495	0x1495B0x1a6fB0x1013
0x1495	0x1495B0x1a6fB0x1150
0x1495	0x1495B0x14cfB0x9c28
0x1495	0x1495B0x1a6fB0x1caf
0x1495	0x1495B0x14cfB0x12e3
0x1495	0x1495B0x14cfB0x1b35B0xff4
0x1495	0x1495B0x14cfB0x1bbdB0xff4
0x1495	0x1495B0x1a6fB0x1a98B0x86f
0x1495	0x1495B0x1a6fB0x1a98B0xf1b
0x1495	0x1495B0x14cfB0x18dcB0x179a
0x1495	0x1495B0x14cfB0x194eB0x179a
0x14e9	0x14e9B0x9b72
0x14e9	0x14e9B0x9bde
0x14e9	0x14e9B0x9c28
0x14e9	0x14e9B0x12e3
0x14e9	0x14e9B0x1b35B0xff4
0x14e9	0x14e9B0x1bbdB0xff4
0x14e9	0x14e9B0x18dcB0x179a
0x14e9	0x14e9B0x194eB0x179a
0x48f8	0x48f8B0x9b72
0x48f8	0x48f8B0x9bde
0x48f8	0x48f8B0x9c28
0x48f8	0x48f8B0x12e3
0x48f8	0x48f8B0x1b35B0xff4
0x48f8	0x48f8B0x1bbdB0xff4
0x48f8	0x48f8B0x18dcB0x179a
0x48f8	0x48f8B0x194eB0x179a
0x48aa	0x48aaB0x14cfB0x9b72
0x48aa	0x48aaB0x14cfB0x9bde
0x48aa	0x48aaB0x1a6fB0x1013
0x48aa	0x48aaB0x1a6fB0x1150
0x48aa	0x48aaB0x14cfB0x9c28
0x48aa	0x48aaB0x1a6fB0x1caf
0x48aa	0x48aaB0x14cfB0x12e3
0x48aa	0x48aaB0x14cfB0x1b35B0xff4
0x48aa	0x48aaB0x14cfB0x1bbdB0xff4
0x48aa	0x48aaB0x1a6fB0x1a98B0x86f
0x48aa	0x48aaB0x1a6fB0x1a98B0xf1b
0x48aa	0x48aaB0x14cfB0x18dcB0x179a
0x48aa	0x48aaB0x14cfB0x194eB0x179a
0x1a79	0x1a79B0x1013
0x1a79	0x1a79B0x1150
0x1a79	0x1a79B0x1caf
0x1a79	0x1a79B0x1a98B0x86f
0x1a79	0x1a79B0x1a98B0xf1b
0x1a93	0x1a93B0x1013
0x1a93	0x1a93B0x1150
0x1a93	0x1a93B0x1caf
0x1a93	0x1a93B0x1a98B0x86f
0x1a93	0x1a93B0x1a98B0xf1b
0x1a87	0x1a87B0x1013
0x1a87	0x1a87B0x1150
0x1a87	0x1a87B0x1caf
0x1a87	0x1a87B0x1a98B0x86f
0x1a87	0x1a87B0x1a98B0xf1b
0x1e3b	0x1e3bB0x1cff
0x1dc7	0x1dc7B0x1cff
0x1e00	0x1e00B0x1cff
0x1e0a	0x1e0aB0x1cff
0x1d95	0x1d95B0x1cff
0x1ae6	0x1ae6B0xff4
0x1b77	0x1b77B0xff4
0x1b69	0x1b69B0xff4
0x9d24	0x9d24B0xff4
0x1bf0	0x1bf0B0xff4
0x9d49	0x9d49B0xff4
0x1ad0	0x1ad0B0xff4
0x4c95	0x4c95B0xff4
0x4cde	0x4cdeB0xff4
0x1baa	0x1baaB0xff4
0x4d2c	0x4d2cB0xff4
0x1b72	0x1b72B0xff4
0x1cf2	0x1cf2
0x1bb3	0x1bb3B0xff4
0x4d4f	0x4d4fB0xff4
0x9d6e	0x9d6eB0xff4
0x1bfb	0x1bfb
0x1b2c	0x1b2cB0xff4
0x1aaf	0x1aafB0x86f
0x1aaf	0x1aafB0xf1b
0x1ab8	0x1ab8B0x86f
0x1ab8	0x1ab8B0xf1b
0x9c96	0x9c96B0x179a
0x9cb8	0x9cb8B0x179a
0x9cdd	0x9cddB0x179a
0x9cff	0x9cffB0x179a
0x4bb6	0x4bb6B0x179a
0x1946	0x1946B0x179a
0x4c71	0x4c71B0x179a
0x4bff	0x4bffB0x179a
0x1917	0x1917B0x179a
0x4c4d	0x4c4dB0x179a
0x37	0x37
0x43	0x43
0x4e	0x4e
0x59	0x59
0x6f	0x6f
0x7a	0x7a
0x85	0x85
0x90	0x90
0x9b	0x9b
0xa6	0xa6
0xb1	0xb1
0xbc	0xbc
0xc7	0xc7
0xd2	0xd2
0xdd	0xdd
0xe8	0xe8
0xf3	0xf3
0xfe	0xfe
0x1a8	0x1a8
0x2b8	0x2b8
0x2fb	0x2fb
0x324	0x324
0x39b	0x39b
0x486	0x486
0x4d4	0x4d4
0x698	0x698
0x6c1	0x6c1
0x732	0x732
0x7ca	0x7ca
0x888	0x888
0x8f7	0x8f7
0x969	0x969
0x992	0x992
0xa7b	0xa7b
0xa9b	0xa9b
0xbf8	0xbf8
0xc73	0xc73
0xc9c	0xc9c
0xccc	0xccc
0xd3c	0xd3c
0xdaf	0xdaf
0xe2a	0xe2a
0xf94	0xf94
0x10b0	0x10b0
0x116c	0x116c
0x1187	0x1187
0x11c3	0x11c3
0x125d	0x125d
0x12c6	0x12c6
0x12e3	0x12e3
0x1cc8	0x1cc8
0x591	0x591
0xc2a	0xc2a
0xc3e	0xc3e
0xd41	0xd41
0xd51	0xd51
0xe2f	0xe2f
0xee5	0xee5
0x112f	0x112f
0xeda	0xeda
0x1124	0x1124
0x13	0x12
0x1e	0x1c
0x18ba	0x18b7B0x179a
0x18bf	0x18b7B0x179a
0x18c0	0x18b7B0x179a
0x18c5	0x18c4B0x179a
0x18c6	0x18c4B0x179a
0x18cc	0x18caB0x179a
0x18cd	0x18caB0x179a
0x18cf	0x18caB0x179a
0x18d1	0x18caB0x179a
0x18d7	0x18d5B0x179a
0x18d8	0x18d5B0x179a
0x18dc	0x18dcB0x179a
0x18e0	0x18dcB0x179a
0x18e4	0x18dcB0x179a
0x1905	0x18dcB0x179a
0x1907	0x18dcB0x179a
0x1909	0x18dcB0x179a
0x190a	0x18dcB0x179a
0x1918	0x1917B0x179a
0x1919	0x1917B0x179a
0x191d	0x191dB0x179a
0x191f	0x191dB0x179a
0x1921	0x191dB0x179a
0x1922	0x191dB0x179a
0x1949	0x1946B0x179a
0x194a	0x1946B0x179a
0x194e	0x194eB0x179a
0x1952	0x194eB0x179a
0x1956	0x194eB0x179a
0x1977	0x194eB0x179a
0x1979	0x194eB0x179a
0x197b	0x194eB0x179a
0x197c	0x194eB0x179a
0x1a9a	0x1a98B0x86f
0x1a9a	0x1a98B0xf1b
0x1a9f	0x1a98B0x86f
0x1a9f	0x1a98B0xf1b
0x1aa2	0x1a98B0x86f
0x1aa2	0x1a98B0xf1b
0x1aa4	0x1a98B0x86f
0x1aa4	0x1a98B0xf1b
0x1aa6	0x1a98B0x86f
0x1aa6	0x1a98B0xf1b
0x1aa7	0x1a98B0x86f
0x1aa7	0x1a98B0xf1b
0x1aa8	0x1a98B0x86f
0x1aa8	0x1a98B0xf1b
0x1aab	0x1a98B0x86f
0x1aab	0x1a98B0xf1b
0x1ab1	0x1aafB0x86f
0x1ab1	0x1aafB0xf1b
0x1ab2	0x1aafB0x86f
0x1ab2	0x1aafB0xf1b
0x1ab9	0x1ab8B0x86f
0x1ab9	0x1ab8B0xf1b
0x1abc	0x1ab8B0x86f
0x1abc	0x1ab8B0xf1b
0x1abe	0x1ab8B0x86f
0x1abe	0x1ab8B0xf1b
0x1ac1	0x1ac0B0xff4
0x1ac5	0x1ac0B0xff4
0x1ac7	0x1ac0B0xff4
0x1acc	0x1ac0B0xff4
0x1ad4	0x1ad0B0xff4
0x1ad8	0x1ad0B0xff4
0x1ad9	0x1ad0B0xff4
0x1add	0x1addB0xff4
0x1ae2	0x1addB0xff4
0x1ae7	0x1ae6B0xff4
0x1ae8	0x1ae6B0xff4
0x1aec	0x1aecB0xff4
0x1aed	0x1aecB0xff4
0x1aef	0x1aecB0xff4
0x1af1	0x1aecB0xff4
0x1af6	0x1af5B0xff4
0x1afa	0x1af5B0xff4
0x1afd	0x1af5B0xff4
0x1b20	0x1af5B0xff4
0x1b23	0x1af5B0xff4
0x1b26	0x1af5B0xff4
0x1b28	0x1af5B0xff4
0x1b30	0x1b2cB0xff4
0x1b31	0x1b2cB0xff4
0x1b35	0x1b35B0xff4
0x1b3a	0x1b35B0xff4
0x1b3f	0x1b35B0xff4
0x1b60	0x1b35B0xff4
0x1b62	0x1b35B0xff4
0x1b64	0x1b35B0xff4
0x1b65	0x1b35B0xff4
0x1b6a	0x1b69B0xff4
0x1b6b	0x1b69B0xff4
0x1b7c	0x1b77B0xff4
0x1b7d	0x1b77B0xff4
0x1b81	0x1b81B0xff4
0x1b83	0x1b81B0xff4
0x1b85	0x1b81B0xff4
0x1b86	0x1b81B0xff4
0x1bab	0x1baaB0xff4
0x1baf	0x1baaB0xff4
0x1bb8	0x1bb3B0xff4
0x1bb9	0x1bb3B0xff4
0x1bbd	0x1bbdB0xff4
0x1bc1	0x1bbdB0xff4
0x1bc6	0x1bbdB0xff4
0x1be7	0x1bbdB0xff4
0x1be9	0x1bbdB0xff4
0x1beb	0x1bbdB0xff4
0x1bec	0x1bbdB0xff4
0x1bf1	0x1bf0B0xff4
0x1bf2	0x1bf0B0xff4
0x1bf7	0x1bf6B0xff4
0x4bb7	0x4bb6B0x179a
0x4bb9	0x4bb6B0x179a
0x4bbb	0x4bb6B0x179a
0x4bbc	0x4bb6B0x179a
0x4c00	0x4bffB0x179a
0x4c21	0x4bffB0x179a
0x4c24	0x4bffB0x179a
0x4c26	0x4bffB0x179a
0x4c29	0x4bffB0x179a
0x4c2b	0x4bffB0x179a
0x4c4e	0x4c4dB0x179a
0x4c72	0x4c71B0x179a
0x4c96	0x4c95B0xff4
0x4c98	0x4c95B0xff4
0x4c9a	0x4c95B0xff4
0x4c9b	0x4c95B0xff4
0x4cdf	0x4cdeB0xff4
0x4d00	0x4cdeB0xff4
0x4d03	0x4cdeB0xff4
0x4d05	0x4cdeB0xff4
0x4d08	0x4cdeB0xff4
0x4d0a	0x4cdeB0xff4
0x4d50	0x4d4fB0xff4
0x9cba	0x9cb8B0x179a
0x9d01	0x9cffB0x179a
0x9d26	0x9d24B0xff4
0x9d4b	0x9d49B0xff4
0x9d04	0x9cffB0x179a
0x9d4e	0x9d49B0xff4
0x9cbd	0x9cb8B0x179a
0x9d29	0x9d24B0xff4
0x190d	0x18dcB0x179a
0x197f	0x194eB0x179a
0x1b68	0x1b35B0xff4
0x1bef	0x1bbdB0xff4
0x1aae	0x1a98B0x86f
0x1aae	0x1a98B0xf1b
0x1acf	0x1ac0B0xff4
0x1ae5	0x1addB0xff4
0x1b2b	0x1af5B0xff4
0x1bb2	0x1baaB0xff4
0x18c3	0x18b7B0x179a
0x18c9	0x18c4B0x179a
0x18d4	0x18caB0x179a
0x18db	0x18d5B0x179a
0x191c	0x1917B0x179a
0x194d	0x1946B0x179a
0x1ab5	0x1aafB0x86f
0x1ab5	0x1aafB0xf1b
0x1adc	0x1ad0B0xff4
0x1aeb	0x1ae6B0xff4
0x1af4	0x1aecB0xff4
0x1b34	0x1b2cB0xff4
0x1b6e	0x1b69B0xff4
0x1b80	0x1b77B0xff4
0x1bbc	0x1bb3B0xff4
0x1bf5	0x1bf0B0xff4
0x1ab7	0x1ab6B0x86f
0x1ab7	0x1ab6B0xf1b
0x1b71	0x1b6fB0xff4
0x1b76	0x1b72B0xff4
0x1bfa	0x1bf6B0xff4
0x9c98	0x9c96B0x179a
0x9cdf	0x9cddB0x179a
0x9d70	0x9d6eB0xff4
0x1945	0x191dB0x179a
0x1abf	0x1ab8B0x86f
0x1abf	0x1ab8B0xf1b
0x1ba9	0x1b81B0xff4
0x4bdf	0x4bb6B0x179a
0x4c2d	0x4bffB0x179a
0x4c51	0x4c4dB0x179a
0x4c75	0x4c71B0x179a
0x4cbe	0x4c95B0xff4
0x4d0c	0x4cdeB0xff4
0x4d2f	0x4d2cB0xff4
0x4d53	0x4d4fB0xff4
0x1944	0x191dB0x179a
0x1b1f	0x1af5B0xff4
0x1b22	0x1af5B0xff4
0x1ba8	0x1b81B0xff4
0x4bde	0x4bb6B0x179a
0x4c23	0x4bffB0x179a
0x4c28	0x4bffB0x179a
0x4cbd	0x4c95B0xff4
0x4d02	0x4cdeB0xff4
0x4d07	0x4cdeB0xff4
0x18c4	0x18c4B0x179a
0x18ca	0x18caB0x179a
0x18d5	0x18d5B0x179a
0x1af5	0x1af5B0xff4
0x1bf6	0x1bf6B0xff4
0x1ab6	0x1ab6B0x86f
0x1ab6	0x1ab6B0xf1b
0x1b6f	0x1b6fB0xff4
0x14d3	0x14cfB0x9b72
0x14d3	0x14cfB0x9bde
0x14d3	0x14cfB0x9c28
0x14d3	0x14cfB0x12e3
0x14d3	0x14cfB0x1b35B0xff4
0x14d3	0x14cfB0x1bbdB0xff4
0x14d3	0x14cfB0x18dcB0x179a
0x14d3	0x14cfB0x194eB0x179a
0x14d7	0x14cfB0x9b72
0x14d7	0x14cfB0x9bde
0x14d7	0x14cfB0x9c28
0x14d7	0x14cfB0x12e3
0x14d7	0x14cfB0x1b35B0xff4
0x14d7	0x14cfB0x1bbdB0xff4
0x14d7	0x14cfB0x18dcB0x179a
0x14d7	0x14cfB0x194eB0x179a
0x14dd	0x14dbB0x9b72
0x14dd	0x14dbB0x9bde
0x14dd	0x14dbB0x9c28
0x14dd	0x14dbB0x12e3
0x14dd	0x14dbB0x1b35B0xff4
0x14dd	0x14dbB0x1bbdB0xff4
0x14dd	0x14dbB0x18dcB0x179a
0x14dd	0x14dbB0x194eB0x179a
0x14e0	0x14dbB0x9b72
0x14e0	0x14dbB0x9bde
0x14e0	0x14dbB0x9c28
0x14e0	0x14dbB0x12e3
0x14e0	0x14dbB0x1b35B0xff4
0x14e0	0x14dbB0x1bbdB0xff4
0x14e0	0x14dbB0x18dcB0x179a
0x14e0	0x14dbB0x194eB0x179a
0x14e2	0x14dbB0x9b72
0x14e2	0x14dbB0x9bde
0x14e2	0x14dbB0x9c28
0x14e2	0x14dbB0x12e3
0x14e2	0x14dbB0x1b35B0xff4
0x14e2	0x14dbB0x1bbdB0xff4
0x14e2	0x14dbB0x18dcB0x179a
0x14e2	0x14dbB0x194eB0x179a
0x14e5	0x14dbB0x9b72
0x14e5	0x14dbB0x9bde
0x14e5	0x14dbB0x9c28
0x14e5	0x14dbB0x12e3
0x14e5	0x14dbB0x1b35B0xff4
0x14e5	0x14dbB0x1bbdB0xff4
0x14e5	0x14dbB0x18dcB0x179a
0x14e5	0x14dbB0x194eB0x179a
0x14f1	0x14e9B0x9b72
0x14f1	0x14e9B0x9bde
0x14f1	0x14e9B0x9c28
0x14f1	0x14e9B0x12e3
0x14f1	0x14e9B0x1b35B0xff4
0x14f1	0x14e9B0x1bbdB0xff4
0x14f1	0x14e9B0x18dcB0x179a
0x14f1	0x14e9B0x194eB0x179a
0x14f2	0x14e9B0x9b72
0x14f2	0x14e9B0x9bde
0x14f2	0x14e9B0x9c28
0x14f2	0x14e9B0x12e3
0x14f2	0x14e9B0x1b35B0xff4
0x14f2	0x14e9B0x1bbdB0xff4
0x14f2	0x14e9B0x18dcB0x179a
0x14f2	0x14e9B0x194eB0x179a
0x14f3	0x14e9B0x9b72
0x14f3	0x14e9B0x9bde
0x14f3	0x14e9B0x9c28
0x14f3	0x14e9B0x12e3
0x14f3	0x14e9B0x1b35B0xff4
0x14f3	0x14e9B0x1bbdB0xff4
0x14f3	0x14e9B0x18dcB0x179a
0x14f3	0x14e9B0x194eB0x179a
0x14f9	0x14f7B0x9b72
0x14f9	0x14f7B0x9bde
0x14f9	0x14f7B0x9c28
0x14f9	0x14f7B0x12e3
0x14f9	0x14f7B0x1b35B0xff4
0x14f9	0x14f7B0x1bbdB0xff4
0x14f9	0x14f7B0x18dcB0x179a
0x14f9	0x14f7B0x194eB0x179a
0x14fd	0x14f7B0x9b72
0x14fd	0x14f7B0x9bde
0x14fd	0x14f7B0x9c28
0x14fd	0x14f7B0x12e3
0x14fd	0x14f7B0x1b35B0xff4
0x14fd	0x14f7B0x1bbdB0xff4
0x14fd	0x14f7B0x18dcB0x179a
0x14fd	0x14f7B0x194eB0x179a
0x1500	0x14f7B0x9b72
0x1500	0x14f7B0x9bde
0x1500	0x14f7B0x9c28
0x1500	0x14f7B0x12e3
0x1500	0x14f7B0x1b35B0xff4
0x1500	0x14f7B0x1bbdB0xff4
0x1500	0x14f7B0x18dcB0x179a
0x1500	0x14f7B0x194eB0x179a
0x1502	0x14f7B0x9b72
0x1502	0x14f7B0x9bde
0x1502	0x14f7B0x9c28
0x1502	0x14f7B0x12e3
0x1502	0x14f7B0x1b35B0xff4
0x1502	0x14f7B0x1bbdB0xff4
0x1502	0x14f7B0x18dcB0x179a
0x1502	0x14f7B0x194eB0x179a
0x1503	0x14f7B0x9b72
0x1503	0x14f7B0x9bde
0x1503	0x14f7B0x9c28
0x1503	0x14f7B0x12e3
0x1503	0x14f7B0x1b35B0xff4
0x1503	0x14f7B0x1bbdB0xff4
0x1503	0x14f7B0x18dcB0x179a
0x1503	0x14f7B0x194eB0x179a
0x1a69	0x1a68B0x1013
0x1a69	0x1a68B0x1150
0x1a69	0x1a68B0x1caf
0x1a69	0x1a68B0x1a98B0x86f
0x1a69	0x1a68B0x1a98B0xf1b
0x1a6a	0x1a68B0x1013
0x1a6a	0x1a68B0x1150
0x1a6a	0x1a68B0x1caf
0x1a6a	0x1a68B0x1a98B0x86f
0x1a6a	0x1a68B0x1a98B0xf1b
0x1a6b	0x1a68B0x1013
0x1a6b	0x1a68B0x1150
0x1a6b	0x1a68B0x1caf
0x1a6b	0x1a68B0x1a98B0x86f
0x1a6b	0x1a68B0x1a98B0xf1b
0x1a6f	0x1a6fB0x1013
0x1a6f	0x1a6fB0x1150
0x1a6f	0x1a6fB0x1caf
0x1a6f	0x1a6fB0x1a98B0x86f
0x1a6f	0x1a6fB0x1a98B0xf1b
0x1a71	0x1a6fB0x1013
0x1a71	0x1a6fB0x1150
0x1a71	0x1a6fB0x1caf
0x1a71	0x1a6fB0x1a98B0x86f
0x1a71	0x1a6fB0x1a98B0xf1b
0x1a75	0x1a6fB0x1013
0x1a75	0x1a6fB0x1150
0x1a75	0x1a6fB0x1caf
0x1a75	0x1a6fB0x1a98B0x86f
0x1a75	0x1a6fB0x1a98B0xf1b
0x1a7b	0x1a79B0x1013
0x1a7b	0x1a79B0x1150
0x1a7b	0x1a79B0x1caf
0x1a7b	0x1a79B0x1a98B0x86f
0x1a7b	0x1a79B0x1a98B0xf1b
0x1a7e	0x1a79B0x1013
0x1a7e	0x1a79B0x1150
0x1a7e	0x1a79B0x1caf
0x1a7e	0x1a79B0x1a98B0x86f
0x1a7e	0x1a79B0x1a98B0xf1b
0x1a80	0x1a79B0x1013
0x1a80	0x1a79B0x1150
0x1a80	0x1a79B0x1caf
0x1a80	0x1a79B0x1a98B0x86f
0x1a80	0x1a79B0x1a98B0xf1b
0x1a83	0x1a79B0x1013
0x1a83	0x1a79B0x1150
0x1a83	0x1a79B0x1caf
0x1a83	0x1a79B0x1a98B0x86f
0x1a83	0x1a79B0x1a98B0xf1b
0x1a8a	0x1a87B0x1013
0x1a8a	0x1a87B0x1150
0x1a8a	0x1a87B0x1caf
0x1a8a	0x1a87B0x1a98B0x86f
0x1a8a	0x1a87B0x1a98B0xf1b
0x1a8b	0x1a87B0x1013
0x1a8b	0x1a87B0x1150
0x1a8b	0x1a87B0x1caf
0x1a8b	0x1a87B0x1a98B0x86f
0x1a8b	0x1a87B0x1a98B0xf1b
0x1a8d	0x1a87B0x1013
0x1a8d	0x1a87B0x1150
0x1a8d	0x1a87B0x1caf
0x1a8d	0x1a87B0x1a98B0x86f
0x1a8d	0x1a87B0x1a98B0xf1b
0x1a90	0x1a87B0x1013
0x1a90	0x1a87B0x1150
0x1a90	0x1a87B0x1caf
0x1a90	0x1a87B0x1a98B0x86f
0x1a90	0x1a87B0x1a98B0xf1b
0x1a94	0x1a93B0x1013
0x1a94	0x1a93B0x1150
0x1a94	0x1a93B0x1caf
0x1a94	0x1a93B0x1a98B0x86f
0x1a94	0x1a93B0x1a98B0xf1b
0x1d84	0x1d83B0x1cff
0x1d87	0x1d83B0x1cff
0x1d88	0x1d83B0x1cff
0x1d89	0x1d83B0x1cff
0x1d8e	0x1d8dB0x1cff
0x1d96	0x1d95B0x1cff
0x1d99	0x1d95B0x1cff
0x1d9a	0x1d95B0x1cff
0x1d9e	0x1d9eB0x1cff
0x1da0	0x1d9eB0x1cff
0x1da2	0x1d9eB0x1cff
0x1da3	0x1d9eB0x1cff
0x1dc8	0x1dc7B0x1cff
0x1dcb	0x1dc7B0x1cff
0x1dcc	0x1dc7B0x1cff
0x1dd0	0x1dd0B0x1cff
0x1dd3	0x1dd0B0x1cff
0x1dd5	0x1dd0B0x1cff
0x1dd7	0x1dd0B0x1cff
0x1dfa	0x1dd0B0x1cff
0x1dfd	0x1dd0B0x1cff
0x1e01	0x1e00B0x1cff
0x1e03	0x1e00B0x1cff
0x1e04	0x1e00B0x1cff
0x1e0b	0x1e0aB0x1cff
0x1e0e	0x1e0aB0x1cff
0x1e10	0x1e0aB0x1cff
0x1e12	0x1e0aB0x1cff
0x1e35	0x1e0aB0x1cff
0x1e38	0x1e0aB0x1cff
0x1e3c	0x1e3bB0x1cff
0x1e5d	0x1e3bB0x1cff
0x1e60	0x1e3bB0x1cff
0x1e62	0x1e3bB0x1cff
0x1e65	0x1e3bB0x1cff
0x1e67	0x1e3bB0x1cff
0x48f9	0x48f8B0x9b72
0x48f9	0x48f8B0x9bde
0x48f9	0x48f8B0x9c28
0x48f9	0x48f8B0x12e3
0x48f9	0x48f8B0x1b35B0xff4
0x48f9	0x48f8B0x1bbdB0xff4
0x48f9	0x48f8B0x18dcB0x179a
0x48f9	0x48f8B0x194eB0x179a
0x14da	0x14cfB0x9b72
0x14da	0x14cfB0x9bde
0x14da	0x14cfB0x9c28
0x14da	0x14cfB0x12e3
0x14da	0x14cfB0x1b35B0xff4
0x14da	0x14cfB0x1bbdB0xff4
0x14da	0x14cfB0x18dcB0x179a
0x14da	0x14cfB0x194eB0x179a
0x1a78	0x1a6fB0x1013
0x1a78	0x1a6fB0x1150
0x1a78	0x1a6fB0x1caf
0x1a78	0x1a6fB0x1a98B0x86f
0x1a78	0x1a6fB0x1a98B0xf1b
0x14e8	0x14dbB0x9b72
0x14e8	0x14dbB0x9bde
0x14e8	0x14dbB0x9c28
0x14e8	0x14dbB0x12e3
0x14e8	0x14dbB0x1b35B0xff4
0x14e8	0x14dbB0x1bbdB0xff4
0x14e8	0x14dbB0x18dcB0x179a
0x14e8	0x14dbB0x194eB0x179a
0x1a86	0x1a79B0x1013
0x1a86	0x1a79B0x1150
0x1a86	0x1a79B0x1caf
0x1a86	0x1a79B0x1a98B0x86f
0x1a86	0x1a79B0x1a98B0xf1b
0x14f6	0x14e9B0x9b72
0x14f6	0x14e9B0x9bde
0x14f6	0x14e9B0x9c28
0x14f6	0x14e9B0x12e3
0x14f6	0x14e9B0x1b35B0xff4
0x14f6	0x14e9B0x1bbdB0xff4
0x14f6	0x14e9B0x18dcB0x179a
0x14f6	0x14e9B0x194eB0x179a
0x1a6e	0x1a68B0x1013
0x1a6e	0x1a68B0x1150
0x1a6e	0x1a68B0x1caf
0x1a6e	0x1a68B0x1a98B0x86f
0x1a6e	0x1a68B0x1a98B0xf1b
0x1d8c	0x1d83B0x1cff
0x1d91	0x1d8dB0x1cff
0x1d9d	0x1d95B0x1cff
0x1dcf	0x1dc7B0x1cff
0x1e07	0x1e00B0x1cff
0x1505	0x14f7B0x9b72
0x1505	0x14f7B0x9bde
0x1505	0x14f7B0x9c28
0x1505	0x14f7B0x12e3
0x1505	0x14f7B0x1b35B0xff4
0x1505	0x14f7B0x1bbdB0xff4
0x1505	0x14f7B0x18dcB0x179a
0x1505	0x14f7B0x194eB0x179a
0x1a92	0x1a87B0x1013
0x1a92	0x1a87B0x1150
0x1a92	0x1a87B0x1caf
0x1a92	0x1a87B0x1a98B0x86f
0x1a92	0x1a87B0x1a98B0xf1b
0x1a97	0x1a93B0x1013
0x1a97	0x1a93B0x1150
0x1a97	0x1a93B0x1caf
0x1a97	0x1a93B0x1a98B0x86f
0x1a97	0x1a93B0x1a98B0xf1b
0x1d94	0x1d92B0x1cff
0x1e09	0x1e08B0x1cff
0x1dc6	0x1d9eB0x1cff
0x1dff	0x1dd0B0x1cff
0x1e3a	0x1e0aB0x1cff
0x1e69	0x1e3bB0x1cff
0x48fc	0x48f8B0x9b72
0x48fc	0x48f8B0x9bde
0x48fc	0x48f8B0x9c28
0x48fc	0x48f8B0x12e3
0x48fc	0x48f8B0x1b35B0xff4
0x48fc	0x48f8B0x1bbdB0xff4
0x48fc	0x48f8B0x18dcB0x179a
0x48fc	0x48f8B0x194eB0x179a
0x1501	0x14f7B0x9b72
0x1501	0x14f7B0x9bde
0x1501	0x14f7B0x9c28
0x1501	0x14f7B0x12e3
0x1501	0x14f7B0x1b35B0xff4
0x1501	0x14f7B0x1bbdB0xff4
0x1501	0x14f7B0x18dcB0x179a
0x1501	0x14f7B0x194eB0x179a
0x14ee	0x14e9B0x9b72
0x14ee	0x14e9B0x9bde
0x14ee	0x14e9B0x9c28
0x14ee	0x14e9B0x12e3
0x14ee	0x14e9B0x1b35B0xff4
0x14ee	0x14e9B0x1bbdB0xff4
0x14ee	0x14e9B0x18dcB0x179a
0x14ee	0x14e9B0x194eB0x179a
0x1504	0x14f7B0x9b72
0x1504	0x14f7B0x9bde
0x1504	0x14f7B0x9c28
0x1504	0x14f7B0x12e3
0x1504	0x14f7B0x1b35B0xff4
0x1504	0x14f7B0x1bbdB0xff4
0x1504	0x14f7B0x18dcB0x179a
0x1504	0x14f7B0x194eB0x179a
0x1a89	0x1a87B0x1013
0x1a89	0x1a87B0x1150
0x1a89	0x1a87B0x1caf
0x1a89	0x1a87B0x1a98B0x86f
0x1a89	0x1a87B0x1a98B0xf1b
0x1dc5	0x1d9eB0x1cff
0x1df9	0x1dd0B0x1cff
0x1dfe	0x1dd0B0x1cff
0x1e34	0x1e0aB0x1cff
0x1e39	0x1e0aB0x1cff
0x1e5f	0x1e3bB0x1cff
0x1e64	0x1e3bB0x1cff
0x1a91	0x1a87B0x1013
0x1a91	0x1a87B0x1150
0x1a91	0x1a87B0x1caf
0x1a91	0x1a87B0x1a98B0x86f
0x1a91	0x1a87B0x1a98B0xf1b
0x14f7	0x14f7B0x9b72
0x14f7	0x14f7B0x9bde
0x14f7	0x14f7B0x9c28
0x14f7	0x14f7B0x12e3
0x14f7	0x14f7B0x1b35B0xff4
0x14f7	0x14f7B0x1bbdB0xff4
0x14f7	0x14f7B0x18dcB0x179a
0x14f7	0x14f7B0x194eB0x179a
0x1d8d	0x1d8dB0x1cff
0x1d92	0x1d92B0x1cff
0x1e08	0x1e08B0x1cff
0x1496	0x1495B0x14cfB0x9b72
0x1496	0x1495B0x14cfB0x9bde
0x1496	0x1495B0x1a6fB0x1013
0x1496	0x1495B0x1a6fB0x1150
0x1496	0x1495B0x14cfB0x9c28
0x1496	0x1495B0x1a6fB0x1caf
0x1496	0x1495B0x14cfB0x12e3
0x1496	0x1495B0x14cfB0x1b35B0xff4
0x1496	0x1495B0x14cfB0x1bbdB0xff4
0x1496	0x1495B0x1a6fB0x1a98B0x86f
0x1496	0x1495B0x1a6fB0x1a98B0xf1b
0x1496	0x1495B0x14cfB0x18dcB0x179a
0x1496	0x1495B0x14cfB0x194eB0x179a
0x14a0	0x1495B0x14cfB0x9b72
0x14a0	0x1495B0x14cfB0x9bde
0x14a0	0x1495B0x1a6fB0x1013
0x14a0	0x1495B0x1a6fB0x1150
0x14a0	0x1495B0x14cfB0x9c28
0x14a0	0x1495B0x1a6fB0x1caf
0x14a0	0x1495B0x14cfB0x12e3
0x14a0	0x1495B0x14cfB0x1b35B0xff4
0x14a0	0x1495B0x14cfB0x1bbdB0xff4
0x14a0	0x1495B0x1a6fB0x1a98B0x86f
0x14a0	0x1495B0x1a6fB0x1a98B0xf1b
0x14a0	0x1495B0x14cfB0x18dcB0x179a
0x14a0	0x1495B0x14cfB0x194eB0x179a
0x14a1	0x1495B0x14cfB0x9b72
0x14a1	0x1495B0x14cfB0x9bde
0x14a1	0x1495B0x1a6fB0x1013
0x14a1	0x1495B0x1a6fB0x1150
0x14a1	0x1495B0x14cfB0x9c28
0x14a1	0x1495B0x1a6fB0x1caf
0x14a1	0x1495B0x14cfB0x12e3
0x14a1	0x1495B0x14cfB0x1b35B0xff4
0x14a1	0x1495B0x14cfB0x1bbdB0xff4
0x14a1	0x1495B0x1a6fB0x1a98B0x86f
0x14a1	0x1495B0x1a6fB0x1a98B0xf1b
0x14a1	0x1495B0x14cfB0x18dcB0x179a
0x14a1	0x1495B0x14cfB0x194eB0x179a
0x14a5	0x14a5B0x14cfB0x9b72
0x14a5	0x14a5B0x14cfB0x9bde
0x14a5	0x14a5B0x1a6fB0x1013
0x14a5	0x14a5B0x1a6fB0x1150
0x14a5	0x14a5B0x14cfB0x9c28
0x14a5	0x14a5B0x1a6fB0x1caf
0x14a5	0x14a5B0x14cfB0x12e3
0x14a5	0x14a5B0x14cfB0x1b35B0xff4
0x14a5	0x14a5B0x14cfB0x1bbdB0xff4
0x14a5	0x14a5B0x1a6fB0x1a98B0x86f
0x14a5	0x14a5B0x1a6fB0x1a98B0xf1b
0x14a5	0x14a5B0x14cfB0x18dcB0x179a
0x14a5	0x14a5B0x14cfB0x194eB0x179a
0x14a7	0x14a5B0x14cfB0x9b72
0x14a7	0x14a5B0x14cfB0x9bde
0x14a7	0x14a5B0x1a6fB0x1013
0x14a7	0x14a5B0x1a6fB0x1150
0x14a7	0x14a5B0x14cfB0x9c28
0x14a7	0x14a5B0x1a6fB0x1caf
0x14a7	0x14a5B0x14cfB0x12e3
0x14a7	0x14a5B0x14cfB0x1b35B0xff4
0x14a7	0x14a5B0x14cfB0x1bbdB0xff4
0x14a7	0x14a5B0x1a6fB0x1a98B0x86f
0x14a7	0x14a5B0x1a6fB0x1a98B0xf1b
0x14a7	0x14a5B0x14cfB0x18dcB0x179a
0x14a7	0x14a5B0x14cfB0x194eB0x179a
0x14a8	0x14a5B0x14cfB0x9b72
0x14a8	0x14a5B0x14cfB0x9bde
0x14a8	0x14a5B0x1a6fB0x1013
0x14a8	0x14a5B0x1a6fB0x1150
0x14a8	0x14a5B0x14cfB0x9c28
0x14a8	0x14a5B0x1a6fB0x1caf
0x14a8	0x14a5B0x14cfB0x12e3
0x14a8	0x14a5B0x14cfB0x1b35B0xff4
0x14a8	0x14a5B0x14cfB0x1bbdB0xff4
0x14a8	0x14a5B0x1a6fB0x1a98B0x86f
0x14a8	0x14a5B0x1a6fB0x1a98B0xf1b
0x14a8	0x14a5B0x14cfB0x18dcB0x179a
0x14a8	0x14a5B0x14cfB0x194eB0x179a
0x14c9	0x14a5B0x14cfB0x9b72
0x14c9	0x14a5B0x14cfB0x9bde
0x14c9	0x14a5B0x1a6fB0x1013
0x14c9	0x14a5B0x1a6fB0x1150
0x14c9	0x14a5B0x14cfB0x9c28
0x14c9	0x14a5B0x1a6fB0x1caf
0x14c9	0x14a5B0x14cfB0x12e3
0x14c9	0x14a5B0x14cfB0x1b35B0xff4
0x14c9	0x14a5B0x14cfB0x1bbdB0xff4
0x14c9	0x14a5B0x1a6fB0x1a98B0x86f
0x14c9	0x14a5B0x1a6fB0x1a98B0xf1b
0x14c9	0x14a5B0x14cfB0x18dcB0x179a
0x14c9	0x14a5B0x14cfB0x194eB0x179a
0x14ca	0x14a5B0x14cfB0x9b72
0x14ca	0x14a5B0x14cfB0x9bde
0x14ca	0x14a5B0x1a6fB0x1013
0x14ca	0x14a5B0x1a6fB0x1150
0x14ca	0x14a5B0x14cfB0x9c28
0x14ca	0x14a5B0x1a6fB0x1caf
0x14ca	0x14a5B0x14cfB0x12e3
0x14ca	0x14a5B0x14cfB0x1b35B0xff4
0x14ca	0x14a5B0x14cfB0x1bbdB0xff4
0x14ca	0x14a5B0x1a6fB0x1a98B0x86f
0x14ca	0x14a5B0x1a6fB0x1a98B0xf1b
0x14ca	0x14a5B0x14cfB0x18dcB0x179a
0x14ca	0x14a5B0x14cfB0x194eB0x179a
0x14cc	0x14a5B0x14cfB0x9b72
0x14cc	0x14a5B0x14cfB0x9bde
0x14cc	0x14a5B0x1a6fB0x1013
0x14cc	0x14a5B0x1a6fB0x1150
0x14cc	0x14a5B0x14cfB0x9c28
0x14cc	0x14a5B0x1a6fB0x1caf
0x14cc	0x14a5B0x14cfB0x12e3
0x14cc	0x14a5B0x14cfB0x1b35B0xff4
0x14cc	0x14a5B0x14cfB0x1bbdB0xff4
0x14cc	0x14a5B0x1a6fB0x1a98B0x86f
0x14cc	0x14a5B0x1a6fB0x1a98B0xf1b
0x14cc	0x14a5B0x14cfB0x18dcB0x179a
0x14cc	0x14a5B0x14cfB0x194eB0x179a
0x189f	0x189cB0xf0c
0x189f	0x189cB0x1140
0x18a0	0x189cB0xf0c
0x18a0	0x189cB0x1140
0x18a1	0x189cB0xf0c
0x18a1	0x189cB0x1140
0x18a5	0x18a5B0xf0c
0x18a5	0x18a5B0x1140
0x18a9	0x18a5B0xf0c
0x18a9	0x18a5B0x1140
0x18ab	0x18a5B0xf0c
0x18ab	0x18a5B0x1140
0x18ad	0x18a5B0xf0c
0x18ad	0x18a5B0x1140
0x18af	0x18a5B0xf0c
0x18af	0x18a5B0x1140
0x1d49	0x1d47B0x1cf2
0x1d4c	0x1d47B0x1cf2
0x1d4f	0x1d47B0x1cf2
0x1d50	0x1d47B0x1cf2
0x1d54	0x1d54B0x1cf2
0x1d59	0x1d54B0x1cf2
0x1d5c	0x1d54B0x1cf2
0x1d5d	0x1d54B0x1cf2
0x1d5f	0x1d54B0x1cf2
0x1d61	0x1d54B0x1cf2
0x1d64	0x1d54B0x1cf2
0x1d65	0x1d54B0x1cf2
0x1d67	0x1d54B0x1cf2
0x1d68	0x1d54B0x1cf2
0x1d69	0x1d54B0x1cf2
0x1d6b	0x1d54B0x1cf2
0x1d6d	0x1d54B0x1cf2
0x1d7b	0x1d78B0x1cf2
0x1d7e	0x1d78B0x1cf2
0x48ab	0x48aaB0x14cfB0x9b72
0x48ab	0x48aaB0x14cfB0x9bde
0x48ab	0x48aaB0x1a6fB0x1013
0x48ab	0x48aaB0x1a6fB0x1150
0x48ab	0x48aaB0x14cfB0x9c28
0x48ab	0x48aaB0x1a6fB0x1caf
0x48ab	0x48aaB0x14cfB0x12e3
0x48ab	0x48aaB0x14cfB0x1b35B0xff4
0x48ab	0x48aaB0x14cfB0x1bbdB0xff4
0x48ab	0x48aaB0x1a6fB0x1a98B0x86f
0x48ab	0x48aaB0x1a6fB0x1a98B0xf1b
0x48ab	0x48aaB0x14cfB0x18dcB0x179a
0x48ab	0x48aaB0x14cfB0x194eB0x179a
0x48cc	0x48aaB0x14cfB0x9b72
0x48cc	0x48aaB0x14cfB0x9bde
0x48cc	0x48aaB0x1a6fB0x1013
0x48cc	0x48aaB0x1a6fB0x1150
0x48cc	0x48aaB0x14cfB0x9c28
0x48cc	0x48aaB0x1a6fB0x1caf
0x48cc	0x48aaB0x14cfB0x12e3
0x48cc	0x48aaB0x14cfB0x1b35B0xff4
0x48cc	0x48aaB0x14cfB0x1bbdB0xff4
0x48cc	0x48aaB0x1a6fB0x1a98B0x86f
0x48cc	0x48aaB0x1a6fB0x1a98B0xf1b
0x48cc	0x48aaB0x14cfB0x18dcB0x179a
0x48cc	0x48aaB0x14cfB0x194eB0x179a
0x48cf	0x48aaB0x14cfB0x9b72
0x48cf	0x48aaB0x14cfB0x9bde
0x48cf	0x48aaB0x1a6fB0x1013
0x48cf	0x48aaB0x1a6fB0x1150
0x48cf	0x48aaB0x14cfB0x9c28
0x48cf	0x48aaB0x1a6fB0x1caf
0x48cf	0x48aaB0x14cfB0x12e3
0x48cf	0x48aaB0x14cfB0x1b35B0xff4
0x48cf	0x48aaB0x14cfB0x1bbdB0xff4
0x48cf	0x48aaB0x1a6fB0x1a98B0x86f
0x48cf	0x48aaB0x1a6fB0x1a98B0xf1b
0x48cf	0x48aaB0x14cfB0x18dcB0x179a
0x48cf	0x48aaB0x14cfB0x194eB0x179a
0x48d1	0x48aaB0x14cfB0x9b72
0x48d1	0x48aaB0x14cfB0x9bde
0x48d1	0x48aaB0x1a6fB0x1013
0x48d1	0x48aaB0x1a6fB0x1150
0x48d1	0x48aaB0x14cfB0x9c28
0x48d1	0x48aaB0x1a6fB0x1caf
0x48d1	0x48aaB0x14cfB0x12e3
0x48d1	0x48aaB0x14cfB0x1b35B0xff4
0x48d1	0x48aaB0x14cfB0x1bbdB0xff4
0x48d1	0x48aaB0x1a6fB0x1a98B0x86f
0x48d1	0x48aaB0x1a6fB0x1a98B0xf1b
0x48d1	0x48aaB0x14cfB0x18dcB0x179a
0x48d1	0x48aaB0x14cfB0x194eB0x179a
0x48d4	0x48aaB0x14cfB0x9b72
0x48d4	0x48aaB0x14cfB0x9bde
0x48d4	0x48aaB0x1a6fB0x1013
0x48d4	0x48aaB0x1a6fB0x1150
0x48d4	0x48aaB0x14cfB0x9c28
0x48d4	0x48aaB0x1a6fB0x1caf
0x48d4	0x48aaB0x14cfB0x12e3
0x48d4	0x48aaB0x14cfB0x1b35B0xff4
0x48d4	0x48aaB0x14cfB0x1bbdB0xff4
0x48d4	0x48aaB0x1a6fB0x1a98B0x86f
0x48d4	0x48aaB0x1a6fB0x1a98B0xf1b
0x48d4	0x48aaB0x14cfB0x18dcB0x179a
0x48d4	0x48aaB0x14cfB0x194eB0x179a
0x48d6	0x48aaB0x14cfB0x9b72
0x48d6	0x48aaB0x14cfB0x9bde
0x48d6	0x48aaB0x1a6fB0x1013
0x48d6	0x48aaB0x1a6fB0x1150
0x48d6	0x48aaB0x14cfB0x9c28
0x48d6	0x48aaB0x1a6fB0x1caf
0x48d6	0x48aaB0x14cfB0x12e3
0x48d6	0x48aaB0x14cfB0x1b35B0xff4
0x48d6	0x48aaB0x14cfB0x1bbdB0xff4
0x48d6	0x48aaB0x1a6fB0x1a98B0x86f
0x48d6	0x48aaB0x1a6fB0x1a98B0xf1b
0x48d6	0x48aaB0x14cfB0x18dcB0x179a
0x48d6	0x48aaB0x14cfB0x194eB0x179a
0x4b69	0x4b68B0xf0c
0x4b69	0x4b68B0x1140
0x4b8a	0x4b68B0xf0c
0x4b8a	0x4b68B0x1140
0x4b8d	0x4b68B0xf0c
0x4b8d	0x4b68B0x1140
0x4b8f	0x4b68B0xf0c
0x4b8f	0x4b68B0x1140
0x4b92	0x4b68B0xf0c
0x4b92	0x4b68B0x1140
0x4b94	0x4b68B0xf0c
0x4b94	0x4b68B0x1140
0x18b2	0x18a5B0xf0c
0x18b2	0x18a5B0x1140
0x1d70	0x1d54B0x1cf2
0x14a4	0x1495B0x14cfB0x9b72
0x14a4	0x1495B0x14cfB0x9bde
0x14a4	0x1495B0x1a6fB0x1013
0x14a4	0x1495B0x1a6fB0x1150
0x14a4	0x1495B0x14cfB0x9c28
0x14a4	0x1495B0x1a6fB0x1caf
0x14a4	0x1495B0x14cfB0x12e3
0x14a4	0x1495B0x14cfB0x1b35B0xff4
0x14a4	0x1495B0x14cfB0x1bbdB0xff4
0x14a4	0x1495B0x1a6fB0x1a98B0x86f
0x14a4	0x1495B0x1a6fB0x1a98B0xf1b
0x14a4	0x1495B0x14cfB0x18dcB0x179a
0x14a4	0x1495B0x14cfB0x194eB0x179a
0x18a4	0x189cB0xf0c
0x18a4	0x189cB0x1140
0x1d53	0x1d47B0x1cf2
0x14ce	0x14a5B0x14cfB0x9b72
0x14ce	0x14a5B0x14cfB0x9bde
0x14ce	0x14a5B0x1a6fB0x1013
0x14ce	0x14a5B0x1a6fB0x1150
0x14ce	0x14a5B0x14cfB0x9c28
0x14ce	0x14a5B0x1a6fB0x1caf
0x14ce	0x14a5B0x14cfB0x12e3
0x14ce	0x14a5B0x14cfB0x1b35B0xff4
0x14ce	0x14a5B0x14cfB0x1bbdB0xff4
0x14ce	0x14a5B0x1a6fB0x1a98B0x86f
0x14ce	0x14a5B0x1a6fB0x1a98B0xf1b
0x14ce	0x14a5B0x14cfB0x18dcB0x179a
0x14ce	0x14a5B0x14cfB0x194eB0x179a
0x18b6	0x18b3B0xf0c
0x18b6	0x18b3B0x1140
0x1d77	0x1d71B0x1cf2
0x1d82	0x1d78B0x1cf2
0x48d8	0x48aaB0x14cfB0x9b72
0x48d8	0x48aaB0x14cfB0x9bde
0x48d8	0x48aaB0x1a6fB0x1013
0x48d8	0x48aaB0x1a6fB0x1150
0x48d8	0x48aaB0x14cfB0x9c28
0x48d8	0x48aaB0x1a6fB0x1caf
0x48d8	0x48aaB0x14cfB0x12e3
0x48d8	0x48aaB0x14cfB0x1b35B0xff4
0x48d8	0x48aaB0x14cfB0x1bbdB0xff4
0x48d8	0x48aaB0x1a6fB0x1a98B0x86f
0x48d8	0x48aaB0x1a6fB0x1a98B0xf1b
0x48d8	0x48aaB0x14cfB0x18dcB0x179a
0x48d8	0x48aaB0x14cfB0x194eB0x179a
0x4b96	0x4b68B0xf0c
0x4b96	0x4b68B0x1140
0x48ce	0x48aaB0x14cfB0x9b72
0x48ce	0x48aaB0x14cfB0x9bde
0x48ce	0x48aaB0x1a6fB0x1013
0x48ce	0x48aaB0x1a6fB0x1150
0x48ce	0x48aaB0x14cfB0x9c28
0x48ce	0x48aaB0x1a6fB0x1caf
0x48ce	0x48aaB0x14cfB0x12e3
0x48ce	0x48aaB0x14cfB0x1b35B0xff4
0x48ce	0x48aaB0x14cfB0x1bbdB0xff4
0x48ce	0x48aaB0x1a6fB0x1a98B0x86f
0x48ce	0x48aaB0x1a6fB0x1a98B0xf1b
0x48ce	0x48aaB0x14cfB0x18dcB0x179a
0x48ce	0x48aaB0x14cfB0x194eB0x179a
0x48d3	0x48aaB0x14cfB0x9b72
0x48d3	0x48aaB0x14cfB0x9bde
0x48d3	0x48aaB0x1a6fB0x1013
0x48d3	0x48aaB0x1a6fB0x1150
0x48d3	0x48aaB0x14cfB0x9c28
0x48d3	0x48aaB0x1a6fB0x1caf
0x48d3	0x48aaB0x14cfB0x12e3
0x48d3	0x48aaB0x14cfB0x1b35B0xff4
0x48d3	0x48aaB0x14cfB0x1bbdB0xff4
0x48d3	0x48aaB0x1a6fB0x1a98B0x86f
0x48d3	0x48aaB0x1a6fB0x1a98B0xf1b
0x48d3	0x48aaB0x14cfB0x18dcB0x179a
0x48d3	0x48aaB0x14cfB0x194eB0x179a
0x4b8c	0x4b68B0xf0c
0x4b8c	0x4b68B0x1140
0x4b91	0x4b68B0xf0c
0x4b91	0x4b68B0x1140
0x13f6	0x13f5B0xd43
0x13f6	0x13f5B0xe32
0x1400	0x13f5B0xd43
0x1400	0x13f5B0xe32
0x1401	0x13f5B0xd43
0x1401	0x13f5B0xe32
0x1405	0x1405B0xd43
0x1405	0x1405B0xe32
0x1439	0x1438B0x99e
0x1439	0x1438B0x177b
0x1439	0x1438B0x992
0x143c	0x1438B0x99e
0x143c	0x1438B0x177b
0x143c	0x1438B0x992
0x143f	0x1438B0x99e
0x143f	0x1438B0x177b
0x143f	0x1438B0x992
0x1440	0x1438B0x99e
0x1440	0x1438B0x177b
0x1440	0x1438B0x992
0x144a	0x1438B0x99e
0x144a	0x1438B0x177b
0x144a	0x1438B0x992
0x144b	0x1438B0x99e
0x144b	0x1438B0x177b
0x144b	0x1438B0x992
0x144c	0x1438B0x99e
0x144c	0x1438B0x177b
0x144c	0x1438B0x992
0x1450	0x1450B0x99e
0x1450	0x1450B0x177b
0x1450	0x1450B0x992
0x1456	0x1454B0x1c83
0x1456	0x1454B0x3b80x2f2
0x1456	0x1454B0x3b80x68f
0x1456	0x1454B0x14dbB0x9b72
0x1456	0x1454B0x14dbB0x9bde
0x1456	0x1454B0x1a79B0x1013
0x1456	0x1454B0x1a79B0x1150
0x1456	0x1454B0x14dbB0x9c28
0x1456	0x1454B0x1a79B0x1caf
0x1456	0x1454B0x14dbB0x12e3
0x1456	0x1454B0x14dbB0x1b35B0xff4
0x1456	0x1454B0x14dbB0x1bbdB0xff4
0x1456	0x1454B0x1a79B0x1a98B0x86f
0x1456	0x1454B0x1a79B0x1a98B0xf1b
0x1456	0x1454B0x14dbB0x18dcB0x179a
0x1456	0x1454B0x14dbB0x194eB0x179a
0x1458	0x1454B0x1c83
0x1458	0x1454B0x3b80x2f2
0x1458	0x1454B0x3b80x68f
0x1458	0x1454B0x14dbB0x9b72
0x1458	0x1454B0x14dbB0x9bde
0x1458	0x1454B0x1a79B0x1013
0x1458	0x1454B0x1a79B0x1150
0x1458	0x1454B0x14dbB0x9c28
0x1458	0x1454B0x1a79B0x1caf
0x1458	0x1454B0x14dbB0x12e3
0x1458	0x1454B0x14dbB0x1b35B0xff4
0x1458	0x1454B0x14dbB0x1bbdB0xff4
0x1458	0x1454B0x1a79B0x1a98B0x86f
0x1458	0x1454B0x1a79B0x1a98B0xf1b
0x1458	0x1454B0x14dbB0x18dcB0x179a
0x1458	0x1454B0x14dbB0x194eB0x179a
0x147a	0x1454B0x1c83
0x147a	0x1454B0x3b80x2f2
0x147a	0x1454B0x3b80x68f
0x147a	0x1454B0x14dbB0x9b72
0x147a	0x1454B0x14dbB0x9bde
0x147a	0x1454B0x1a79B0x1013
0x147a	0x1454B0x1a79B0x1150
0x147a	0x1454B0x14dbB0x9c28
0x147a	0x1454B0x1a79B0x1caf
0x147a	0x1454B0x14dbB0x12e3
0x147a	0x1454B0x14dbB0x1b35B0xff4
0x147a	0x1454B0x14dbB0x1bbdB0xff4
0x147a	0x1454B0x1a79B0x1a98B0x86f
0x147a	0x1454B0x1a79B0x1a98B0xf1b
0x147a	0x1454B0x14dbB0x18dcB0x179a
0x147a	0x1454B0x14dbB0x194eB0x179a
0x147b	0x1454B0x1c83
0x147b	0x1454B0x3b80x2f2
0x147b	0x1454B0x3b80x68f
0x147b	0x1454B0x14dbB0x9b72
0x147b	0x1454B0x14dbB0x9bde
0x147b	0x1454B0x1a79B0x1013
0x147b	0x1454B0x1a79B0x1150
0x147b	0x1454B0x14dbB0x9c28
0x147b	0x1454B0x1a79B0x1caf
0x147b	0x1454B0x14dbB0x12e3
0x147b	0x1454B0x14dbB0x1b35B0xff4
0x147b	0x1454B0x14dbB0x1bbdB0xff4
0x147b	0x1454B0x1a79B0x1a98B0x86f
0x147b	0x1454B0x1a79B0x1a98B0xf1b
0x147b	0x1454B0x14dbB0x18dcB0x179a
0x147b	0x1454B0x14dbB0x194eB0x179a
0x147d	0x1454B0x1c83
0x147d	0x1454B0x3b80x2f2
0x147d	0x1454B0x3b80x68f
0x147d	0x1454B0x14dbB0x9b72
0x147d	0x1454B0x14dbB0x9bde
0x147d	0x1454B0x1a79B0x1013
0x147d	0x1454B0x1a79B0x1150
0x147d	0x1454B0x14dbB0x9c28
0x147d	0x1454B0x1a79B0x1caf
0x147d	0x1454B0x14dbB0x12e3
0x147d	0x1454B0x14dbB0x1b35B0xff4
0x147d	0x1454B0x14dbB0x1bbdB0xff4
0x147d	0x1454B0x1a79B0x1a98B0x86f
0x147d	0x1454B0x1a79B0x1a98B0xf1b
0x147d	0x1454B0x14dbB0x18dcB0x179a
0x147d	0x1454B0x14dbB0x194eB0x179a
0x1480	0x1454B0x1c83
0x1480	0x1454B0x3b80x2f2
0x1480	0x1454B0x3b80x68f
0x1480	0x1454B0x14dbB0x9b72
0x1480	0x1454B0x14dbB0x9bde
0x1480	0x1454B0x1a79B0x1013
0x1480	0x1454B0x1a79B0x1150
0x1480	0x1454B0x14dbB0x9c28
0x1480	0x1454B0x1a79B0x1caf
0x1480	0x1454B0x14dbB0x12e3
0x1480	0x1454B0x14dbB0x1b35B0xff4
0x1480	0x1454B0x14dbB0x1bbdB0xff4
0x1480	0x1454B0x1a79B0x1a98B0x86f
0x1480	0x1454B0x1a79B0x1a98B0xf1b
0x1480	0x1454B0x14dbB0x18dcB0x179a
0x1480	0x1454B0x14dbB0x194eB0x179a
0x1481	0x1454B0x1c83
0x1481	0x1454B0x3b80x2f2
0x1481	0x1454B0x3b80x68f
0x1481	0x1454B0x14dbB0x9b72
0x1481	0x1454B0x14dbB0x9bde
0x1481	0x1454B0x1a79B0x1013
0x1481	0x1454B0x1a79B0x1150
0x1481	0x1454B0x14dbB0x9c28
0x1481	0x1454B0x1a79B0x1caf
0x1481	0x1454B0x14dbB0x12e3
0x1481	0x1454B0x14dbB0x1b35B0xff4
0x1481	0x1454B0x14dbB0x1bbdB0xff4
0x1481	0x1454B0x1a79B0x1a98B0x86f
0x1481	0x1454B0x1a79B0x1a98B0xf1b
0x1481	0x1454B0x14dbB0x18dcB0x179a
0x1481	0x1454B0x14dbB0x194eB0x179a
0x148b	0x1454B0x1c83
0x148b	0x1454B0x3b80x2f2
0x148b	0x1454B0x3b80x68f
0x148b	0x1454B0x14dbB0x9b72
0x148b	0x1454B0x14dbB0x9bde
0x148b	0x1454B0x1a79B0x1013
0x148b	0x1454B0x1a79B0x1150
0x148b	0x1454B0x14dbB0x9c28
0x148b	0x1454B0x1a79B0x1caf
0x148b	0x1454B0x14dbB0x12e3
0x148b	0x1454B0x14dbB0x1b35B0xff4
0x148b	0x1454B0x14dbB0x1bbdB0xff4
0x148b	0x1454B0x1a79B0x1a98B0x86f
0x148b	0x1454B0x1a79B0x1a98B0xf1b
0x148b	0x1454B0x14dbB0x18dcB0x179a
0x148b	0x1454B0x14dbB0x194eB0x179a
0x148c	0x1454B0x1c83
0x148c	0x1454B0x3b80x2f2
0x148c	0x1454B0x3b80x68f
0x148c	0x1454B0x14dbB0x9b72
0x148c	0x1454B0x14dbB0x9bde
0x148c	0x1454B0x1a79B0x1013
0x148c	0x1454B0x1a79B0x1150
0x148c	0x1454B0x14dbB0x9c28
0x148c	0x1454B0x1a79B0x1caf
0x148c	0x1454B0x14dbB0x12e3
0x148c	0x1454B0x14dbB0x1b35B0xff4
0x148c	0x1454B0x14dbB0x1bbdB0xff4
0x148c	0x1454B0x1a79B0x1a98B0x86f
0x148c	0x1454B0x1a79B0x1a98B0xf1b
0x148c	0x1454B0x14dbB0x18dcB0x179a
0x148c	0x1454B0x14dbB0x194eB0x179a
0x148d	0x1454B0x1c83
0x148d	0x1454B0x3b80x2f2
0x148d	0x1454B0x3b80x68f
0x148d	0x1454B0x14dbB0x9b72
0x148d	0x1454B0x14dbB0x9bde
0x148d	0x1454B0x1a79B0x1013
0x148d	0x1454B0x1a79B0x1150
0x148d	0x1454B0x14dbB0x9c28
0x148d	0x1454B0x1a79B0x1caf
0x148d	0x1454B0x14dbB0x12e3
0x148d	0x1454B0x14dbB0x1b35B0xff4
0x148d	0x1454B0x14dbB0x1bbdB0xff4
0x148d	0x1454B0x1a79B0x1a98B0x86f
0x148d	0x1454B0x1a79B0x1a98B0xf1b
0x148d	0x1454B0x14dbB0x18dcB0x179a
0x148d	0x1454B0x14dbB0x194eB0x179a
0x1491	0x1491B0x1c83
0x1491	0x1491B0x3b80x2f2
0x1491	0x1491B0x3b80x68f
0x1491	0x1491B0x14dbB0x9b72
0x1491	0x1491B0x14dbB0x9bde
0x1491	0x1491B0x1a79B0x1013
0x1491	0x1491B0x1a79B0x1150
0x1491	0x1491B0x14dbB0x9c28
0x1491	0x1491B0x1a79B0x1caf
0x1491	0x1491B0x14dbB0x12e3
0x1491	0x1491B0x14dbB0x1b35B0xff4
0x1491	0x1491B0x14dbB0x1bbdB0xff4
0x1491	0x1491B0x1a79B0x1a98B0x86f
0x1491	0x1491B0x1a79B0x1a98B0xf1b
0x1491	0x1491B0x14dbB0x18dcB0x179a
0x1491	0x1491B0x14dbB0x194eB0x179a
0x1507	0x1506B0x142
0x1507	0x1506B0x293
0x1507	0x1506B0x425
0x1507	0x1506B0x772
0x1507	0x1506B0x833
0x1507	0x1506B0xb4b
0x1507	0x1506B0x1238
0x1509	0x1506B0x142
0x1509	0x1506B0x293
0x1509	0x1506B0x425
0x1509	0x1506B0x772
0x1509	0x1506B0x833
0x1509	0x1506B0xb4b
0x1509	0x1506B0x1238
0x150b	0x1506B0x142
0x150b	0x1506B0x293
0x150b	0x1506B0x425
0x150b	0x1506B0x772
0x150b	0x1506B0x833
0x150b	0x1506B0xb4b
0x150b	0x1506B0x1238
0x1521	0x1506B0x142
0x1521	0x1506B0x293
0x1521	0x1506B0x425
0x1521	0x1506B0x772
0x1521	0x1506B0x833
0x1521	0x1506B0xb4b
0x1521	0x1506B0x1238
0x1523	0x1506B0x142
0x1523	0x1506B0x293
0x1523	0x1506B0x425
0x1523	0x1506B0x772
0x1523	0x1506B0x833
0x1523	0x1506B0xb4b
0x1523	0x1506B0x1238
0x1524	0x1506B0x142
0x1524	0x1506B0x293
0x1524	0x1506B0x425
0x1524	0x1506B0x772
0x1524	0x1506B0x833
0x1524	0x1506B0xb4b
0x1524	0x1506B0x1238
0x152a	0x1529B0x29a
0x152a	0x1529B0x779
0x152a	0x1529B0x123f
0x152c	0x1529B0x29a
0x152c	0x1529B0x779
0x152c	0x1529B0x123f
0x152e	0x1529B0x29a
0x152e	0x1529B0x779
0x152e	0x1529B0x123f
0x1544	0x1529B0x29a
0x1544	0x1529B0x779
0x1544	0x1529B0x123f
0x1546	0x1529B0x29a
0x1546	0x1529B0x779
0x1546	0x1529B0x123f
0x1547	0x1529B0x29a
0x1547	0x1529B0x779
0x1547	0x1529B0x123f
0x154f	0x154cB0x84e
0x154f	0x154cB0xb66
0x154f	0x154cB0x2b8
0x154f	0x154cB0x7ca
0x154f	0x154cB0x11c3
0x154f	0x154cB0x125d
0x1552	0x154cB0x84e
0x1552	0x154cB0xb66
0x1552	0x154cB0x2b8
0x1552	0x154cB0x7ca
0x1552	0x154cB0x11c3
0x1552	0x154cB0x125d
0x1553	0x154cB0x84e
0x1553	0x154cB0xb66
0x1553	0x154cB0x2b8
0x1553	0x154cB0x7ca
0x1553	0x154cB0x11c3
0x1553	0x154cB0x125d
0x1554	0x154cB0x84e
0x1554	0x154cB0xb66
0x1554	0x154cB0x2b8
0x1554	0x154cB0x7ca
0x1554	0x154cB0x11c3
0x1554	0x154cB0x125d
0x1555	0x154cB0x84e
0x1555	0x154cB0xb66
0x1555	0x154cB0x2b8
0x1555	0x154cB0x7ca
0x1555	0x154cB0x11c3
0x1555	0x154cB0x125d
0x155a	0x1559B0x84e
0x155a	0x1559B0xb66
0x155a	0x1559B0x2b8
0x155a	0x1559B0x7ca
0x155a	0x1559B0x11c3
0x155a	0x1559B0x125d
0x155c	0x1559B0x84e
0x155c	0x1559B0xb66
0x155c	0x1559B0x2b8
0x155c	0x1559B0x7ca
0x155c	0x1559B0x11c3
0x155c	0x1559B0x125d
0x1566	0x1559B0x84e
0x1566	0x1559B0xb66
0x1566	0x1559B0x2b8
0x1566	0x1559B0x7ca
0x1566	0x1559B0x11c3
0x1566	0x1559B0x125d
0x1567	0x1559B0x84e
0x1567	0x1559B0xb66
0x1567	0x1559B0x2b8
0x1567	0x1559B0x7ca
0x1567	0x1559B0x11c3
0x1567	0x1559B0x125d
0x156b	0x156bB0x84e
0x156b	0x156bB0xb66
0x156b	0x156bB0x2b8
0x156b	0x156bB0x7ca
0x156b	0x156bB0x11c3
0x156b	0x156bB0x125d
0x1570	0x156bB0x84e
0x1570	0x156bB0xb66
0x1570	0x156bB0x2b8
0x1570	0x156bB0x7ca
0x1570	0x156bB0x11c3
0x1570	0x156bB0x125d
0x1572	0x156bB0x84e
0x1572	0x156bB0xb66
0x1572	0x156bB0x2b8
0x1572	0x156bB0x7ca
0x1572	0x156bB0x11c3
0x1572	0x156bB0x125d
0x1573	0x156bB0x84e
0x1573	0x156bB0xb66
0x1573	0x156bB0x2b8
0x1573	0x156bB0x7ca
0x1573	0x156bB0x11c3
0x1573	0x156bB0x125d
0x1574	0x156bB0x84e
0x1574	0x156bB0xb66
0x1574	0x156bB0x2b8
0x1574	0x156bB0x7ca
0x1574	0x156bB0x11c3
0x1574	0x156bB0x125d
0x1575	0x156bB0x84e
0x1575	0x156bB0xb66
0x1575	0x156bB0x2b8
0x1575	0x156bB0x7ca
0x1575	0x156bB0x11c3
0x1575	0x156bB0x125d
0x157d	0x157aB0x798
0x157d	0x157aB0x7b1
0x157d	0x157aB0xe7f
0x157d	0x157aB0xe99
0x157d	0x157aB0xeb3
0x157d	0x157aB0x10ec
0x157d	0x157aB0x1105
0x1580	0x157aB0x798
0x1580	0x157aB0x7b1
0x1580	0x157aB0xe7f
0x1580	0x157aB0xe99
0x1580	0x157aB0xeb3
0x1580	0x157aB0x10ec
0x1580	0x157aB0x1105
0x1581	0x157aB0x798
0x1581	0x157aB0x7b1
0x1581	0x157aB0xe7f
0x1581	0x157aB0xe99
0x1581	0x157aB0xeb3
0x1581	0x157aB0x10ec
0x1581	0x157aB0x1105
0x1582	0x157aB0x798
0x1582	0x157aB0x7b1
0x1582	0x157aB0xe7f
0x1582	0x157aB0xe99
0x1582	0x157aB0xeb3
0x1582	0x157aB0x10ec
0x1582	0x157aB0x1105
0x1583	0x157aB0x798
0x1583	0x157aB0x7b1
0x1583	0x157aB0xe7f
0x1583	0x157aB0xe99
0x1583	0x157aB0xeb3
0x1583	0x157aB0x10ec
0x1583	0x157aB0x1105
0x1588	0x1587B0x798
0x1588	0x1587B0x7b1
0x1588	0x1587B0xe7f
0x1588	0x1587B0xe99
0x1588	0x1587B0xeb3
0x1588	0x1587B0x10ec
0x1588	0x1587B0x1105
0x158a	0x1587B0x798
0x158a	0x1587B0x7b1
0x158a	0x1587B0xe7f
0x158a	0x1587B0xe99
0x158a	0x1587B0xeb3
0x158a	0x1587B0x10ec
0x158a	0x1587B0x1105
0x1594	0x1587B0x798
0x1594	0x1587B0x7b1
0x1594	0x1587B0xe7f
0x1594	0x1587B0xe99
0x1594	0x1587B0xeb3
0x1594	0x1587B0x10ec
0x1594	0x1587B0x1105
0x1595	0x1587B0x798
0x1595	0x1587B0x7b1
0x1595	0x1587B0xe7f
0x1595	0x1587B0xe99
0x1595	0x1587B0xeb3
0x1595	0x1587B0x10ec
0x1595	0x1587B0x1105
0x1599	0x1599B0x798
0x1599	0x1599B0x7b1
0x1599	0x1599B0xe7f
0x1599	0x1599B0xe99
0x1599	0x1599B0xeb3
0x1599	0x1599B0x10ec
0x1599	0x1599B0x1105
0x159d	0x1599B0x798
0x159d	0x1599B0x7b1
0x159d	0x1599B0xe7f
0x159d	0x1599B0xe99
0x159d	0x1599B0xeb3
0x159d	0x1599B0x10ec
0x159d	0x1599B0x1105
0x15a0	0x1599B0x798
0x15a0	0x1599B0x7b1
0x15a0	0x1599B0xe7f
0x15a0	0x1599B0xe99
0x15a0	0x1599B0xeb3
0x15a0	0x1599B0x10ec
0x15a0	0x1599B0x1105
0x15a2	0x1599B0x798
0x15a2	0x1599B0x7b1
0x15a2	0x1599B0xe7f
0x15a2	0x1599B0xe99
0x15a2	0x1599B0xeb3
0x15a2	0x1599B0x10ec
0x15a2	0x1599B0x1105
0x15a3	0x1599B0x798
0x15a3	0x1599B0x7b1
0x15a3	0x1599B0xe7f
0x15a3	0x1599B0xe99
0x15a3	0x1599B0xeb3
0x15a3	0x1599B0x10ec
0x15a3	0x1599B0x1105
0x15a4	0x1599B0x798
0x15a4	0x1599B0x7b1
0x15a4	0x1599B0xe7f
0x15a4	0x1599B0xe99
0x15a4	0x1599B0xeb3
0x15a4	0x1599B0x10ec
0x15a4	0x1599B0x1105
0x15a5	0x1599B0x798
0x15a5	0x1599B0x7b1
0x15a5	0x1599B0xe7f
0x15a5	0x1599B0xe99
0x15a5	0x1599B0xeb3
0x15a5	0x1599B0x10ec
0x15a5	0x1599B0x1105
0x15a6	0x1599B0x798
0x15a6	0x1599B0x7b1
0x15a6	0x1599B0xe7f
0x15a6	0x1599B0xe99
0x15a6	0x1599B0xeb3
0x15a6	0x1599B0x10ec
0x15a6	0x1599B0x1105
0x15af	0x15abB0x9d9
0x15af	0x15abB0xa3e
0x15af	0x15abB0x1bfb
0x15b4	0x15abB0x9d9
0x15b4	0x15abB0xa3e
0x15b4	0x15abB0x1bfb
0x15b9	0x15b6B0x9d9
0x15b9	0x15b6B0xa3e
0x15b9	0x15b6B0x1bfb
0x15ba	0x15b6B0x9d9
0x15ba	0x15b6B0xa3e
0x15ba	0x15b6B0x1bfb
0x15c0	0x15beB0x9d9
0x15c0	0x15beB0xa3e
0x15c0	0x15beB0x1bfb
0x15e1	0x15beB0x9d9
0x15e1	0x15beB0xa3e
0x15e1	0x15beB0x1bfb
0x15e4	0x15beB0x9d9
0x15e4	0x15beB0xa3e
0x15e4	0x15beB0x1bfb
0x15e6	0x15beB0x9d9
0x15e6	0x15beB0xa3e
0x15e6	0x15beB0x1bfb
0x15ec	0x15beB0x9d9
0x15ec	0x15beB0xa3e
0x15ec	0x15beB0x1bfb
0x15ed	0x15beB0x9d9
0x15ed	0x15beB0xa3e
0x15ed	0x15beB0x1bfb
0x15ef	0x15beB0x9d9
0x15ef	0x15beB0xa3e
0x15ef	0x15beB0x1bfb
0x15f0	0x15beB0x9d9
0x15f0	0x15beB0xa3e
0x15f0	0x15beB0x1bfb
0x15f1	0x15beB0x9d9
0x15f1	0x15beB0xa3e
0x15f1	0x15beB0x1bfb
0x15f2	0x15beB0x9d9
0x15f2	0x15beB0xa3e
0x15f2	0x15beB0x1bfb
0x15f6	0x15f5B0x9d9
0x15f6	0x15f5B0xa3e
0x15f6	0x15f5B0x1bfb
0x15fa	0x15f5B0x9d9
0x15fa	0x15f5B0xa3e
0x15fa	0x15f5B0x1bfb
0x15fc	0x15f5B0x9d9
0x15fc	0x15f5B0xa3e
0x15fc	0x15f5B0x1bfb
0x15fd	0x15f5B0x9d9
0x15fd	0x15f5B0xa3e
0x15fd	0x15f5B0x1bfb
0x1600	0x15f5B0x9d9
0x1600	0x15f5B0xa3e
0x1600	0x15f5B0x1bfb
0x1602	0x15f5B0x9d9
0x1602	0x15f5B0xa3e
0x1602	0x15f5B0x1bfb
0x1604	0x15f5B0x9d9
0x1604	0x15f5B0xa3e
0x1604	0x15f5B0x1bfb
0x1605	0x15f5B0x9d9
0x1605	0x15f5B0xa3e
0x1605	0x15f5B0x1bfb
0x160a	0x1609B0x9c4e
0x160a	0x1609B0x9c72
0x160d	0x1609B0x9c4e
0x160d	0x1609B0x9c72
0x160f	0x1609B0x9c4e
0x160f	0x1609B0x9c72
0x1610	0x1609B0x9c4e
0x1610	0x1609B0x9c72
0x1611	0x1609B0x9c4e
0x1611	0x1609B0x9c72
0x1613	0x1609B0x9c4e
0x1613	0x1609B0x9c72
0x1614	0x1609B0x9c4e
0x1614	0x1609B0x9c72
0x1617	0x1609B0x9c4e
0x1617	0x1609B0x9c72
0x1619	0x1609B0x9c4e
0x1619	0x1609B0x9c72
0x163c	0x1609B0x9c4e
0x163c	0x1609B0x9c72
0x163f	0x1609B0x9c4e
0x163f	0x1609B0x9c72
0x1641	0x1609B0x9c4e
0x1641	0x1609B0x9c72
0x1645	0x1609B0x9c4e
0x1645	0x1609B0x9c72
0x1648	0x1609B0x9c4e
0x1648	0x1609B0x9c72
0x164c	0x1609B0x9c4e
0x164c	0x1609B0x9c72
0x164d	0x1609B0x9c4e
0x164d	0x1609B0x9c72
0x1657	0x1609B0x9c4e
0x1657	0x1609B0x9c72
0x1658	0x1609B0x9c4e
0x1658	0x1609B0x9c72
0x1659	0x1609B0x9c4e
0x1659	0x1609B0x9c72
0x165e	0x165dB0x9c4e
0x165e	0x165dB0x9c72
0x1662	0x165dB0x9c4e
0x1662	0x165dB0x9c72
0x1664	0x165dB0x9c4e
0x1664	0x165dB0x9c72
0x1666	0x165dB0x9c4e
0x1666	0x165dB0x9c72
0x1688	0x165dB0x9c4e
0x1688	0x165dB0x9c72
0x16a9	0x165dB0x9c4e
0x16a9	0x165dB0x9c72
0x16aa	0x165dB0x9c4e
0x16aa	0x165dB0x9c72
0x16ab	0x165dB0x9c4e
0x16ab	0x165dB0x9c72
0x16cc	0x165dB0x9c4e
0x16cc	0x165dB0x9c72
0x16cd	0x165dB0x9c4e
0x16cd	0x165dB0x9c72
0x16ce	0x165dB0x9c4e
0x16ce	0x165dB0x9c72
0x16cf	0x165dB0x9c4e
0x16cf	0x165dB0x9c72
0x16d0	0x165dB0x9c4e
0x16d0	0x165dB0x9c72
0x16d7	0x16d4B0x9c4e
0x16d7	0x16d4B0x9c72
0x16e0	0x16d4B0x9c4e
0x16e0	0x16d4B0x9c72
0x16e3	0x16d4B0x9c4e
0x16e3	0x16d4B0x9c72
0x16e6	0x16d4B0x9c4e
0x16e6	0x16d4B0x9c72
0x16e9	0x16d4B0x9c4e
0x16e9	0x16d4B0x9c72
0x16eb	0x16d4B0x9c4e
0x16eb	0x16d4B0x9c72
0x16ed	0x16d4B0x9c4e
0x16ed	0x16d4B0x9c72
0x16ee	0x16d4B0x9c4e
0x16ee	0x16d4B0x9c72
0x16f0	0x16d4B0x9c4e
0x16f0	0x16d4B0x9c72
0x16f6	0x16f5B0x9c4e
0x16f6	0x16f5B0x9c72
0x16fa	0x16f5B0x9c4e
0x16fa	0x16f5B0x9c72
0x171d	0x16f5B0x9c4e
0x171d	0x16f5B0x9c72
0x173e	0x16f5B0x9c4e
0x173e	0x16f5B0x9c72
0x1741	0x16f5B0x9c4e
0x1741	0x16f5B0x9c72
0x1743	0x16f5B0x9c4e
0x1743	0x16f5B0x9c72
0x1766	0x16f5B0x9c4e
0x1766	0x16f5B0x9c72
0x1768	0x16f5B0x9c4e
0x1768	0x16f5B0x9c72
0x1769	0x16f5B0x9c4e
0x1769	0x16f5B0x9c72
0x176c	0x16f5B0x9c4e
0x176c	0x16f5B0x9c72
0x176e	0x16f5B0x9c4e
0x176e	0x16f5B0x9c72
0x1770	0x16f5B0x9c4e
0x1770	0x16f5B0x9c72
0x1772	0x16f5B0x9c4e
0x1772	0x16f5B0x9c72
0x1774	0x16f5B0x9c4e
0x1774	0x16f5B0x9c72
0x1775	0x16f5B0x9c4e
0x1775	0x16f5B0x9c72
0x1777	0x16f5B0x9c4e
0x1777	0x16f5B0x9c72
0x182b	0x182aB0x9bba
0x182b	0x182aB0x9c04
0x182c	0x182aB0x9bba
0x182c	0x182aB0x9c04
0x1842	0x182aB0x9bba
0x1842	0x182aB0x9c04
0x1844	0x182aB0x9bba
0x1844	0x182aB0x9c04
0x1845	0x182aB0x9bba
0x1845	0x182aB0x9c04
0x184d	0x184bB0x18a5B0xf0c
0x184d	0x184bB0x18a5B0x1140
0x184d	0x184bB0x1addB0xff4
0x184d	0x184bB0x1ac0B0xff4
0x184d	0x184bB0x1baaB0xff4
0x184d	0x184bB0x1af5B0xff4
0x184f	0x184bB0x18a5B0xf0c
0x184f	0x184bB0x18a5B0x1140
0x184f	0x184bB0x1addB0xff4
0x184f	0x184bB0x1ac0B0xff4
0x184f	0x184bB0x1baaB0xff4
0x184f	0x184bB0x1af5B0xff4
0x1871	0x184bB0x18a5B0xf0c
0x1871	0x184bB0x18a5B0x1140
0x1871	0x184bB0x1addB0xff4
0x1871	0x184bB0x1ac0B0xff4
0x1871	0x184bB0x1baaB0xff4
0x1871	0x184bB0x1af5B0xff4
0x1872	0x184bB0x18a5B0xf0c
0x1872	0x184bB0x18a5B0x1140
0x1872	0x184bB0x1addB0xff4
0x1872	0x184bB0x1ac0B0xff4
0x1872	0x184bB0x1baaB0xff4
0x1872	0x184bB0x1af5B0xff4
0x1873	0x184bB0x18a5B0xf0c
0x1873	0x184bB0x18a5B0x1140
0x1873	0x184bB0x1addB0xff4
0x1873	0x184bB0x1ac0B0xff4
0x1873	0x184bB0x1baaB0xff4
0x1873	0x184bB0x1af5B0xff4
0x1875	0x184bB0x18a5B0xf0c
0x1875	0x184bB0x18a5B0x1140
0x1875	0x184bB0x1addB0xff4
0x1875	0x184bB0x1ac0B0xff4
0x1875	0x184bB0x1baaB0xff4
0x1875	0x184bB0x1af5B0xff4
0x1876	0x184bB0x18a5B0xf0c
0x1876	0x184bB0x18a5B0x1140
0x1876	0x184bB0x1addB0xff4
0x1876	0x184bB0x1ac0B0xff4
0x1876	0x184bB0x1baaB0xff4
0x1876	0x184bB0x1af5B0xff4
0x1877	0x184bB0x18a5B0xf0c
0x1877	0x184bB0x18a5B0x1140
0x1877	0x184bB0x1addB0xff4
0x1877	0x184bB0x1ac0B0xff4
0x1877	0x184bB0x1baaB0xff4
0x1877	0x184bB0x1af5B0xff4
0x187b	0x187bB0x18a5B0xf0c
0x187b	0x187bB0x18a5B0x1140
0x187b	0x187bB0x1addB0xff4
0x187b	0x187bB0x1ac0B0xff4
0x187b	0x187bB0x1baaB0xff4
0x187b	0x187bB0x1af5B0xff4
0x187d	0x187bB0x18a5B0xf0c
0x187d	0x187bB0x18a5B0x1140
0x187d	0x187bB0x1addB0xff4
0x187d	0x187bB0x1ac0B0xff4
0x187d	0x187bB0x1baaB0xff4
0x187d	0x187bB0x1af5B0xff4
0x187f	0x187bB0x18a5B0xf0c
0x187f	0x187bB0x18a5B0x1140
0x187f	0x187bB0x1addB0xff4
0x187f	0x187bB0x1ac0B0xff4
0x187f	0x187bB0x1baaB0xff4
0x187f	0x187bB0x1af5B0xff4
0x1889	0x187bB0x18a5B0xf0c
0x1889	0x187bB0x18a5B0x1140
0x1889	0x187bB0x1addB0xff4
0x1889	0x187bB0x1ac0B0xff4
0x1889	0x187bB0x1baaB0xff4
0x1889	0x187bB0x1af5B0xff4
0x188a	0x187bB0x18a5B0xf0c
0x188a	0x187bB0x18a5B0x1140
0x188a	0x187bB0x1addB0xff4
0x188a	0x187bB0x1ac0B0xff4
0x188a	0x187bB0x1baaB0xff4
0x188a	0x187bB0x1af5B0xff4
0x188e	0x188eB0x18a5B0xf0c
0x188e	0x188eB0x18a5B0x1140
0x188e	0x188eB0x1addB0xff4
0x188e	0x188eB0x1ac0B0xff4
0x188e	0x188eB0x1baaB0xff4
0x188e	0x188eB0x1af5B0xff4
0x1890	0x188eB0x18a5B0xf0c
0x1890	0x188eB0x18a5B0x1140
0x1890	0x188eB0x1addB0xff4
0x1890	0x188eB0x1ac0B0xff4
0x1890	0x188eB0x1baaB0xff4
0x1890	0x188eB0x1af5B0xff4
0x1893	0x188eB0x18a5B0xf0c
0x1893	0x188eB0x18a5B0x1140
0x1893	0x188eB0x1addB0xff4
0x1893	0x188eB0x1ac0B0xff4
0x1893	0x188eB0x1baaB0xff4
0x1893	0x188eB0x1af5B0xff4
0x1894	0x188eB0x18a5B0xf0c
0x1894	0x188eB0x18a5B0x1140
0x1894	0x188eB0x1addB0xff4
0x1894	0x188eB0x1ac0B0xff4
0x1894	0x188eB0x1baaB0xff4
0x1894	0x188eB0x1af5B0xff4
0x1896	0x188eB0x18a5B0xf0c
0x1896	0x188eB0x18a5B0x1140
0x1896	0x188eB0x1addB0xff4
0x1896	0x188eB0x1ac0B0xff4
0x1896	0x188eB0x1baaB0xff4
0x1896	0x188eB0x1af5B0xff4
0x1897	0x188eB0x18a5B0xf0c
0x1897	0x188eB0x18a5B0x1140
0x1897	0x188eB0x1addB0xff4
0x1897	0x188eB0x1ac0B0xff4
0x1897	0x188eB0x1baaB0xff4
0x1897	0x188eB0x1af5B0xff4
0x19b1	0x19b0B0xb9d
0x19b1	0x19b0B0xcbe
0x19b1	0x19b0B0x149
0x19b1	0x19b0B0x860
0x19b1	0x19b0B0xebf
0x19b1	0x19b0B0x1111
0x19c7	0x19b0B0xb9d
0x19c7	0x19b0B0xcbe
0x19c7	0x19b0B0x149
0x19c7	0x19b0B0x860
0x19c7	0x19b0B0xebf
0x19c7	0x19b0B0x1111
0x19e8	0x19b0B0xb9d
0x19e8	0x19b0B0xcbe
0x19e8	0x19b0B0x149
0x19e8	0x19b0B0x860
0x19e8	0x19b0B0xebf
0x19e8	0x19b0B0x1111
0x19e9	0x19b0B0xb9d
0x19e9	0x19b0B0xcbe
0x19e9	0x19b0B0x149
0x19e9	0x19b0B0x860
0x19e9	0x19b0B0xebf
0x19e9	0x19b0B0x1111
0x19ea	0x19b0B0xb9d
0x19ea	0x19b0B0xcbe
0x19ea	0x19b0B0x149
0x19ea	0x19b0B0x860
0x19ea	0x19b0B0xebf
0x19ea	0x19b0B0x1111
0x19eb	0x19b0B0xb9d
0x19eb	0x19b0B0xcbe
0x19eb	0x19b0B0x149
0x19eb	0x19b0B0x860
0x19eb	0x19b0B0xebf
0x19eb	0x19b0B0x1111
0x19ee	0x19b0B0xb9d
0x19ee	0x19b0B0xcbe
0x19ee	0x19b0B0x149
0x19ee	0x19b0B0x860
0x19ee	0x19b0B0xebf
0x19ee	0x19b0B0x1111
0x19f4	0x19f2B0xb9d
0x19f4	0x19f2B0xcbe
0x19f4	0x19f2B0x149
0x19f4	0x19f2B0x860
0x19f4	0x19f2B0xebf
0x19f4	0x19f2B0x1111
0x19fa	0x19f8B0xb9d
0x19fa	0x19f8B0xcbe
0x19fa	0x19f8B0x149
0x19fa	0x19f8B0x860
0x19fa	0x19f8B0xebf
0x19fa	0x19f8B0x1111
0x1a00	0x19ffB0xb9d
0x1a00	0x19ffB0xcbe
0x1a00	0x19ffB0x149
0x1a00	0x19ffB0x860
0x1a00	0x19ffB0xebf
0x1a00	0x19ffB0x1111
0x1a02	0x19ffB0xb9d
0x1a02	0x19ffB0xcbe
0x1a02	0x19ffB0x149
0x1a02	0x19ffB0x860
0x1a02	0x19ffB0xebf
0x1a02	0x19ffB0x1111
0x1a04	0x19ffB0xb9d
0x1a04	0x19ffB0xcbe
0x1a04	0x19ffB0x149
0x1a04	0x19ffB0x860
0x1a04	0x19ffB0xebf
0x1a04	0x19ffB0x1111
0x1a05	0x19ffB0xb9d
0x1a05	0x19ffB0xcbe
0x1a05	0x19ffB0x149
0x1a05	0x19ffB0x860
0x1a05	0x19ffB0xebf
0x1a05	0x19ffB0x1111
0x1a28	0x19ffB0xb9d
0x1a28	0x19ffB0xcbe
0x1a28	0x19ffB0x149
0x1a28	0x19ffB0x860
0x1a28	0x19ffB0xebf
0x1a28	0x19ffB0x1111
0x1a29	0x19ffB0xb9d
0x1a29	0x19ffB0xcbe
0x1a29	0x19ffB0x149
0x1a29	0x19ffB0x860
0x1a29	0x19ffB0xebf
0x1a29	0x19ffB0x1111
0x1a2c	0x19ffB0xb9d
0x1a2c	0x19ffB0xcbe
0x1a2c	0x19ffB0x149
0x1a2c	0x19ffB0x860
0x1a2c	0x19ffB0xebf
0x1a2c	0x19ffB0x1111
0x1a32	0x1a2fB0xb9d
0x1a32	0x1a2fB0xcbe
0x1a32	0x1a2fB0x149
0x1a32	0x1a2fB0x860
0x1a32	0x1a2fB0xebf
0x1a32	0x1a2fB0x1111
0x1a53	0x1a2fB0xb9d
0x1a53	0x1a2fB0xcbe
0x1a53	0x1a2fB0x149
0x1a53	0x1a2fB0x860
0x1a53	0x1a2fB0xebf
0x1a53	0x1a2fB0x1111
0x1a54	0x1a2fB0xb9d
0x1a54	0x1a2fB0xcbe
0x1a54	0x1a2fB0x149
0x1a54	0x1a2fB0x860
0x1a54	0x1a2fB0xebf
0x1a54	0x1a2fB0x1111
0x1a55	0x1a2fB0xb9d
0x1a55	0x1a2fB0xcbe
0x1a55	0x1a2fB0x149
0x1a55	0x1a2fB0x860
0x1a55	0x1a2fB0xebf
0x1a55	0x1a2fB0x1111
0x1a56	0x1a2fB0xb9d
0x1a56	0x1a2fB0xcbe
0x1a56	0x1a2fB0x149
0x1a56	0x1a2fB0x860
0x1a56	0x1a2fB0xebf
0x1a56	0x1a2fB0x1111
0x1a57	0x1a2fB0xb9d
0x1a57	0x1a2fB0xcbe
0x1a57	0x1a2fB0x149
0x1a57	0x1a2fB0x860
0x1a57	0x1a2fB0xebf
0x1a57	0x1a2fB0x1111
0x1a58	0x1a2fB0xb9d
0x1a58	0x1a2fB0xcbe
0x1a58	0x1a2fB0x149
0x1a58	0x1a2fB0x860
0x1a58	0x1a2fB0xebf
0x1a58	0x1a2fB0x1111
0x1a59	0x1a2fB0xb9d
0x1a59	0x1a2fB0xcbe
0x1a59	0x1a2fB0x149
0x1a59	0x1a2fB0x860
0x1a59	0x1a2fB0xebf
0x1a59	0x1a2fB0x1111
0x1a5e	0x1a5dB0xb9d
0x1a5e	0x1a5dB0xcbe
0x1a5e	0x1a5dB0x149
0x1a5e	0x1a5dB0x860
0x1a5e	0x1a5dB0xebf
0x1a5e	0x1a5dB0x1111
0x1a5f	0x1a5dB0xb9d
0x1a5f	0x1a5dB0xcbe
0x1a5f	0x1a5dB0x149
0x1a5f	0x1a5dB0x860
0x1a5f	0x1a5dB0xebf
0x1a5f	0x1a5dB0x1111
0x1a60	0x1a5dB0xb9d
0x1a60	0x1a5dB0xcbe
0x1a60	0x1a5dB0x149
0x1a60	0x1a5dB0x860
0x1a60	0x1a5dB0xebf
0x1a60	0x1a5dB0x1111
0x1a61	0x1a5dB0xb9d
0x1a61	0x1a5dB0xcbe
0x1a61	0x1a5dB0x149
0x1a61	0x1a5dB0x860
0x1a61	0x1a5dB0xebf
0x1a61	0x1a5dB0x1111
0x1a64	0x1a5dB0xb9d
0x1a64	0x1a5dB0xcbe
0x1a64	0x1a5dB0x149
0x1a64	0x1a5dB0x860
0x1a64	0x1a5dB0xebf
0x1a64	0x1a5dB0x1111
0x1e6d	0x1e6aB0x1d54B0x1cf2
0x1e8f	0x1e6aB0x1d54B0x1cf2
0x1e90	0x1e6aB0x1d54B0x1cf2
0x1e95	0x1e94B0x1d54B0x1cf2
0x1e99	0x1e94B0x1d54B0x1cf2
0x1e9b	0x1e94B0x1d54B0x1cf2
0x1e9e	0x1e94B0x1d54B0x1cf2
0x1ea0	0x1e94B0x1d54B0x1cf2
0x1ea4	0x1e94B0x1d54B0x1cf2
0x1ea7	0x1e94B0x1d54B0x1cf2
0x1ea9	0x1e94B0x1d54B0x1cf2
0x1eac	0x1e94B0x1d54B0x1cf2
0x1eae	0x1e94B0x1d54B0x1cf2
0x1eb1	0x1e94B0x1d54B0x1cf2
0x1eb3	0x1e94B0x1d54B0x1cf2
0x1ebb	0x1e94B0x1d54B0x1cf2
0x1ebd	0x1e94B0x1d54B0x1cf2
0x1ebe	0x1e94B0x1d54B0x1cf2
0x1ebf	0x1e94B0x1d54B0x1cf2
0x1ec0	0x1e94B0x1d54B0x1cf2
0x1ec5	0x1ec4B0x1d54B0x1cf2
0x1ec6	0x1ec4B0x1d54B0x1cf2
0x1edc	0x1ec4B0x1d54B0x1cf2
0x1edd	0x1ec4B0x1d54B0x1cf2
0x1ede	0x1ec4B0x1d54B0x1cf2
0x1eea	0x1ee6B0x1d54B0x1cf2
0x1ef0	0x1eefB0x1d54B0x1cf2
0x1ef2	0x1eefB0x1d54B0x1cf2
0x1ef4	0x1eefB0x1d54B0x1cf2
0x1ef8	0x1eefB0x1d54B0x1cf2
0x1eff	0x1efbB0x1d54B0x1cf2
0x1f02	0x1efbB0x1d54B0x1cf2
0x47c1	0x47c0B0xd43
0x47c1	0x47c0B0xe32
0x47e2	0x47c0B0xd43
0x47e2	0x47c0B0xe32
0x47e5	0x47c0B0xd43
0x47e5	0x47c0B0xe32
0x47e7	0x47c0B0xd43
0x47e7	0x47c0B0xe32
0x47ea	0x47c0B0xd43
0x47ea	0x47c0B0xe32
0x47ec	0x47c0B0xd43
0x47ec	0x47c0B0xe32
0x480f	0x480eB0x99e
0x480f	0x480eB0x177b
0x480f	0x480eB0x992
0x4830	0x480eB0x99e
0x4830	0x480eB0x177b
0x4830	0x480eB0x992
0x4833	0x480eB0x99e
0x4833	0x480eB0x177b
0x4833	0x480eB0x992
0x4835	0x480eB0x99e
0x4835	0x480eB0x177b
0x4835	0x480eB0x992
0x4838	0x480eB0x99e
0x4838	0x480eB0x177b
0x4838	0x480eB0x992
0x483a	0x480eB0x99e
0x483a	0x480eB0x177b
0x483a	0x480eB0x992
0x485d	0x485cB0x1c83
0x485d	0x485cB0x3b80x2f2
0x485d	0x485cB0x3b80x68f
0x485d	0x485cB0x14dbB0x9b72
0x485d	0x485cB0x14dbB0x9bde
0x485d	0x485cB0x1a79B0x1013
0x485d	0x485cB0x1a79B0x1150
0x485d	0x485cB0x14dbB0x9c28
0x485d	0x485cB0x1a79B0x1caf
0x485d	0x485cB0x14dbB0x12e3
0x485d	0x485cB0x14dbB0x1b35B0xff4
0x485d	0x485cB0x14dbB0x1bbdB0xff4
0x485d	0x485cB0x1a79B0x1a98B0x86f
0x485d	0x485cB0x1a79B0x1a98B0xf1b
0x485d	0x485cB0x14dbB0x18dcB0x179a
0x485d	0x485cB0x14dbB0x194eB0x179a
0x487e	0x485cB0x1c83
0x487e	0x485cB0x3b80x2f2
0x487e	0x485cB0x3b80x68f
0x487e	0x485cB0x14dbB0x9b72
0x487e	0x485cB0x14dbB0x9bde
0x487e	0x485cB0x1a79B0x1013
0x487e	0x485cB0x1a79B0x1150
0x487e	0x485cB0x14dbB0x9c28
0x487e	0x485cB0x1a79B0x1caf
0x487e	0x485cB0x14dbB0x12e3
0x487e	0x485cB0x14dbB0x1b35B0xff4
0x487e	0x485cB0x14dbB0x1bbdB0xff4
0x487e	0x485cB0x1a79B0x1a98B0x86f
0x487e	0x485cB0x1a79B0x1a98B0xf1b
0x487e	0x485cB0x14dbB0x18dcB0x179a
0x487e	0x485cB0x14dbB0x194eB0x179a
0x4881	0x485cB0x1c83
0x4881	0x485cB0x3b80x2f2
0x4881	0x485cB0x3b80x68f
0x4881	0x485cB0x14dbB0x9b72
0x4881	0x485cB0x14dbB0x9bde
0x4881	0x485cB0x1a79B0x1013
0x4881	0x485cB0x1a79B0x1150
0x4881	0x485cB0x14dbB0x9c28
0x4881	0x485cB0x1a79B0x1caf
0x4881	0x485cB0x14dbB0x12e3
0x4881	0x485cB0x14dbB0x1b35B0xff4
0x4881	0x485cB0x14dbB0x1bbdB0xff4
0x4881	0x485cB0x1a79B0x1a98B0x86f
0x4881	0x485cB0x1a79B0x1a98B0xf1b
0x4881	0x485cB0x14dbB0x18dcB0x179a
0x4881	0x485cB0x14dbB0x194eB0x179a
0x4883	0x485cB0x1c83
0x4883	0x485cB0x3b80x2f2
0x4883	0x485cB0x3b80x68f
0x4883	0x485cB0x14dbB0x9b72
0x4883	0x485cB0x14dbB0x9bde
0x4883	0x485cB0x1a79B0x1013
0x4883	0x485cB0x1a79B0x1150
0x4883	0x485cB0x14dbB0x9c28
0x4883	0x485cB0x1a79B0x1caf
0x4883	0x485cB0x14dbB0x12e3
0x4883	0x485cB0x14dbB0x1b35B0xff4
0x4883	0x485cB0x14dbB0x1bbdB0xff4
0x4883	0x485cB0x1a79B0x1a98B0x86f
0x4883	0x485cB0x1a79B0x1a98B0xf1b
0x4883	0x485cB0x14dbB0x18dcB0x179a
0x4883	0x485cB0x14dbB0x194eB0x179a
0x4886	0x485cB0x1c83
0x4886	0x485cB0x3b80x2f2
0x4886	0x485cB0x3b80x68f
0x4886	0x485cB0x14dbB0x9b72
0x4886	0x485cB0x14dbB0x9bde
0x4886	0x485cB0x1a79B0x1013
0x4886	0x485cB0x1a79B0x1150
0x4886	0x485cB0x14dbB0x9c28
0x4886	0x485cB0x1a79B0x1caf
0x4886	0x485cB0x14dbB0x12e3
0x4886	0x485cB0x14dbB0x1b35B0xff4
0x4886	0x485cB0x14dbB0x1bbdB0xff4
0x4886	0x485cB0x1a79B0x1a98B0x86f
0x4886	0x485cB0x1a79B0x1a98B0xf1b
0x4886	0x485cB0x14dbB0x18dcB0x179a
0x4886	0x485cB0x14dbB0x194eB0x179a
0x4888	0x485cB0x1c83
0x4888	0x485cB0x3b80x2f2
0x4888	0x485cB0x3b80x68f
0x4888	0x485cB0x14dbB0x9b72
0x4888	0x485cB0x14dbB0x9bde
0x4888	0x485cB0x1a79B0x1013
0x4888	0x485cB0x1a79B0x1150
0x4888	0x485cB0x14dbB0x9c28
0x4888	0x485cB0x1a79B0x1caf
0x4888	0x485cB0x14dbB0x12e3
0x4888	0x485cB0x14dbB0x1b35B0xff4
0x4888	0x485cB0x14dbB0x1bbdB0xff4
0x4888	0x485cB0x1a79B0x1a98B0x86f
0x4888	0x485cB0x1a79B0x1a98B0xf1b
0x4888	0x485cB0x14dbB0x18dcB0x179a
0x4888	0x485cB0x14dbB0x194eB0x179a
0x491d	0x491cB0x142
0x491d	0x491cB0x293
0x491d	0x491cB0x425
0x491d	0x491cB0x772
0x491d	0x491cB0x833
0x491d	0x491cB0xb4b
0x491d	0x491cB0x1238
0x4941	0x4940B0x29a
0x4941	0x4940B0x779
0x4941	0x4940B0x123f
0x4965	0x4964B0x84e
0x4965	0x4964B0xb66
0x4965	0x4964B0x2b8
0x4965	0x4964B0x7ca
0x4965	0x4964B0x11c3
0x4965	0x4964B0x125d
0x4989	0x4988B0x84e
0x4989	0x4988B0xb66
0x4989	0x4988B0x2b8
0x4989	0x4988B0x7ca
0x4989	0x4988B0x11c3
0x4989	0x4988B0x125d
0x49ad	0x49acB0x84e
0x49ad	0x49acB0xb66
0x49ad	0x49acB0x2b8
0x49ad	0x49acB0x7ca
0x49ad	0x49acB0x11c3
0x49ad	0x49acB0x125d
0x49d1	0x49d0B0x798
0x49d1	0x49d0B0x7b1
0x49d1	0x49d0B0xe7f
0x49d1	0x49d0B0xe99
0x49d1	0x49d0B0xeb3
0x49d1	0x49d0B0x10ec
0x49d1	0x49d0B0x1105
0x49f5	0x49f4B0x798
0x49f5	0x49f4B0x7b1
0x49f5	0x49f4B0xe7f
0x49f5	0x49f4B0xe99
0x49f5	0x49f4B0xeb3
0x49f5	0x49f4B0x10ec
0x49f5	0x49f4B0x1105
0x4a19	0x4a18B0x798
0x4a19	0x4a18B0x7b1
0x4a19	0x4a18B0xe7f
0x4a19	0x4a18B0xe99
0x4a19	0x4a18B0xeb3
0x4a19	0x4a18B0x10ec
0x4a19	0x4a18B0x1105
0x4a3d	0x4a3cB0x9c4e
0x4a3d	0x4a3cB0x9c72
0x4a5e	0x4a3cB0x9c4e
0x4a5e	0x4a3cB0x9c72
0x4a61	0x4a3cB0x9c4e
0x4a61	0x4a3cB0x9c72
0x4a63	0x4a3cB0x9c4e
0x4a63	0x4a3cB0x9c72
0x4a66	0x4a3cB0x9c4e
0x4a66	0x4a3cB0x9c72
0x4a68	0x4a3cB0x9c4e
0x4a68	0x4a3cB0x9c72
0x4ad9	0x4ad8B0x9bba
0x4ad9	0x4ad8B0x9c04
0x4afd	0x4afcB0x18a5B0xf0c
0x4afd	0x4afcB0x18a5B0x1140
0x4afd	0x4afcB0x1addB0xff4
0x4afd	0x4afcB0x1ac0B0xff4
0x4afd	0x4afcB0x1baaB0xff4
0x4afd	0x4afcB0x1af5B0xff4
0x4b21	0x4b20B0x18a5B0xf0c
0x4b21	0x4b20B0x18a5B0x1140
0x4b21	0x4b20B0x1addB0xff4
0x4b21	0x4b20B0x1ac0B0xff4
0x4b21	0x4b20B0x1baaB0xff4
0x4b21	0x4b20B0x1af5B0xff4
0x4b45	0x4b44B0x18a5B0xf0c
0x4b45	0x4b44B0x18a5B0x1140
0x4b45	0x4b44B0x1addB0xff4
0x4b45	0x4b44B0x1ac0B0xff4
0x4b45	0x4b44B0x1baaB0xff4
0x4b45	0x4b44B0x1af5B0xff4
0x1608	0x15f5B0x9d9
0x1608	0x15f5B0xa3e
0x1608	0x15f5B0x1bfb
0x177a	0x16f5B0x9c4e
0x177a	0x16f5B0x9c72
0x1a5c	0x1a2fB0xb9d
0x1a5c	0x1a2fB0xcbe
0x1a5c	0x1a2fB0x149
0x1a5c	0x1a2fB0x860
0x1a5c	0x1a2fB0xebf
0x1a5c	0x1a2fB0x1111
0x1a67	0x1a5dB0xb9d
0x1a67	0x1a5dB0xcbe
0x1a67	0x1a5dB0x149
0x1a67	0x1a5dB0x860
0x1a67	0x1a5dB0xebf
0x1a67	0x1a5dB0x1111
0x1404	0x13f5B0xd43
0x1404	0x13f5B0xe32
0x144f	0x1438B0x99e
0x144f	0x1438B0x177b
0x144f	0x1438B0x992
0x1490	0x1454B0x1c83
0x1490	0x1454B0x3b80x2f2
0x1490	0x1454B0x3b80x68f
0x1490	0x1454B0x14dbB0x9b72
0x1490	0x1454B0x14dbB0x9bde
0x1490	0x1454B0x1a79B0x1013
0x1490	0x1454B0x1a79B0x1150
0x1490	0x1454B0x14dbB0x9c28
0x1490	0x1454B0x1a79B0x1caf
0x1490	0x1454B0x14dbB0x12e3
0x1490	0x1454B0x14dbB0x1b35B0xff4
0x1490	0x1454B0x14dbB0x1bbdB0xff4
0x1490	0x1454B0x1a79B0x1a98B0x86f
0x1490	0x1454B0x1a79B0x1a98B0xf1b
0x1490	0x1454B0x14dbB0x18dcB0x179a
0x1490	0x1454B0x14dbB0x194eB0x179a
0x1527	0x1506B0x142
0x1527	0x1506B0x293
0x1527	0x1506B0x425
0x1527	0x1506B0x772
0x1527	0x1506B0x833
0x1527	0x1506B0xb4b
0x1527	0x1506B0x1238
0x154a	0x1529B0x29a
0x154a	0x1529B0x779
0x154a	0x1529B0x123f
0x1558	0x154cB0x84e
0x1558	0x154cB0xb66
0x1558	0x154cB0x2b8
0x1558	0x154cB0x7ca
0x1558	0x154cB0x11c3
0x1558	0x154cB0x125d
0x156a	0x1559B0x84e
0x156a	0x1559B0xb66
0x156a	0x1559B0x2b8
0x156a	0x1559B0x7ca
0x156a	0x1559B0x11c3
0x156a	0x1559B0x125d
0x1578	0x156bB0x84e
0x1578	0x156bB0xb66
0x1578	0x156bB0x2b8
0x1578	0x156bB0x7ca
0x1578	0x156bB0x11c3
0x1578	0x156bB0x125d
0x1586	0x157aB0x798
0x1586	0x157aB0x7b1
0x1586	0x157aB0xe7f
0x1586	0x157aB0xe99
0x1586	0x157aB0xeb3
0x1586	0x157aB0x10ec
0x1586	0x157aB0x1105
0x1598	0x1587B0x798
0x1598	0x1587B0x7b1
0x1598	0x1587B0xe7f
0x1598	0x1587B0xe99
0x1598	0x1587B0xeb3
0x1598	0x1587B0x10ec
0x1598	0x1587B0x1105
0x15a9	0x1599B0x798
0x15a9	0x1599B0x7b1
0x15a9	0x1599B0xe7f
0x15a9	0x1599B0xe99
0x15a9	0x1599B0xeb3
0x15a9	0x1599B0x10ec
0x15a9	0x1599B0x1105
0x15bd	0x15b6B0x9d9
0x15bd	0x15b6B0xa3e
0x15bd	0x15b6B0x1bfb
0x165c	0x1609B0x9c4e
0x165c	0x1609B0x9c72
0x16d3	0x165dB0x9c4e
0x16d3	0x165dB0x9c72
0x1848	0x182aB0x9bba
0x1848	0x182aB0x9c04
0x187a	0x184bB0x18a5B0xf0c
0x187a	0x184bB0x18a5B0x1140
0x187a	0x184bB0x1addB0xff4
0x187a	0x184bB0x1ac0B0xff4
0x187a	0x184bB0x1baaB0xff4
0x187a	0x184bB0x1af5B0xff4
0x188d	0x187bB0x18a5B0xf0c
0x188d	0x187bB0x18a5B0x1140
0x188d	0x187bB0x1addB0xff4
0x188d	0x187bB0x1ac0B0xff4
0x188d	0x187bB0x1baaB0xff4
0x188d	0x187bB0x1af5B0xff4
0x189a	0x188eB0x18a5B0xf0c
0x189a	0x188eB0x18a5B0x1140
0x189a	0x188eB0x1addB0xff4
0x189a	0x188eB0x1ac0B0xff4
0x189a	0x188eB0x1baaB0xff4
0x189a	0x188eB0x1af5B0xff4
0x19f1	0x19b0B0xb9d
0x19f1	0x19b0B0xcbe
0x19f1	0x19b0B0x149
0x19f1	0x19b0B0x860
0x19f1	0x19b0B0xebf
0x19f1	0x19b0B0x1111
0x19f7	0x19f2B0xb9d
0x19f7	0x19f2B0xcbe
0x19f7	0x19f2B0x149
0x19f7	0x19f2B0x860
0x19f7	0x19f2B0xebf
0x19f7	0x19f2B0x1111
0x19fd	0x19f8B0xb9d
0x19fd	0x19f8B0xcbe
0x19fd	0x19f8B0x149
0x19fd	0x19f8B0x860
0x19fd	0x19f8B0xebf
0x19fd	0x19f8B0x1111
0x1e93	0x1e6aB0x1d54B0x1cf2
0x1ec3	0x1e94B0x1d54B0x1cf2
0x1ee1	0x1ec4B0x1d54B0x1cf2
0x1408	0x1405B0xd43
0x1408	0x1405B0xe32
0x1453	0x1450B0x99e
0x1453	0x1450B0x177b
0x1453	0x1450B0x992
0x1494	0x1491B0x1c83
0x1494	0x1491B0x3b80x2f2
0x1494	0x1491B0x3b80x68f
0x1494	0x1491B0x14dbB0x9b72
0x1494	0x1491B0x14dbB0x9bde
0x1494	0x1491B0x1a79B0x1013
0x1494	0x1491B0x1a79B0x1150
0x1494	0x1491B0x14dbB0x9c28
0x1494	0x1491B0x1a79B0x1caf
0x1494	0x1491B0x14dbB0x12e3
0x1494	0x1491B0x14dbB0x1b35B0xff4
0x1494	0x1491B0x14dbB0x1bbdB0xff4
0x1494	0x1491B0x1a79B0x1a98B0x86f
0x1494	0x1491B0x1a79B0x1a98B0xf1b
0x1494	0x1491B0x14dbB0x18dcB0x179a
0x1494	0x1491B0x14dbB0x194eB0x179a
0x1528	0x1528B0x142
0x1528	0x1528B0x293
0x1528	0x1528B0x425
0x1528	0x1528B0x772
0x1528	0x1528B0x833
0x1528	0x1528B0xb4b
0x1528	0x1528B0x1238
0x154b	0x154bB0x29a
0x154b	0x154bB0x779
0x154b	0x154bB0x123f
0x1579	0x1579B0x84e
0x1579	0x1579B0xb66
0x1579	0x1579B0x2b8
0x1579	0x1579B0x7ca
0x1579	0x1579B0x11c3
0x1579	0x1579B0x125d
0x15aa	0x15aaB0x798
0x15aa	0x15aaB0x7b1
0x15aa	0x15aaB0xe7f
0x15aa	0x15aaB0xe99
0x15aa	0x15aaB0xeb3
0x15aa	0x15aaB0x10ec
0x15aa	0x15aaB0x1105
0x15f4	0x15beB0x9d9
0x15f4	0x15beB0xa3e
0x15f4	0x15beB0x1bfb
0x16f4	0x16d4B0x9c4e
0x16f4	0x16d4B0x9c72
0x184a	0x1849B0x9bba
0x184a	0x1849B0x9c04
0x189b	0x189bB0x18a5B0xf0c
0x189b	0x189bB0x18a5B0x1140
0x189b	0x189bB0x1addB0xff4
0x189b	0x189bB0x1ac0B0xff4
0x189b	0x189bB0x1baaB0xff4
0x189b	0x189bB0x1af5B0xff4
0x19fe	0x19feB0xb9d
0x19fe	0x19feB0xcbe
0x19fe	0x19feB0x149
0x19fe	0x19feB0x860
0x19fe	0x19feB0xebf
0x19fe	0x19feB0x1111
0x1ee5	0x1ee2B0x1d54B0x1cf2
0x1eee	0x1ee6B0x1d54B0x1cf2
0x1f06	0x1efbB0x1d54B0x1cf2
0x1a2e	0x19ffB0xb9d
0x1a2e	0x19ffB0xcbe
0x1a2e	0x19ffB0x149
0x1a2e	0x19ffB0x860
0x1a2e	0x19ffB0xebf
0x1a2e	0x19ffB0x1111
0x1efa	0x1eefB0x1d54B0x1cf2
0x47ee	0x47c0B0xd43
0x47ee	0x47c0B0xe32
0x483c	0x480eB0x99e
0x483c	0x480eB0x177b
0x483c	0x480eB0x992
0x488a	0x485cB0x1c83
0x488a	0x485cB0x3b80x2f2
0x488a	0x485cB0x3b80x68f
0x488a	0x485cB0x14dbB0x9b72
0x488a	0x485cB0x14dbB0x9bde
0x488a	0x485cB0x1a79B0x1013
0x488a	0x485cB0x1a79B0x1150
0x488a	0x485cB0x14dbB0x9c28
0x488a	0x485cB0x1a79B0x1caf
0x488a	0x485cB0x14dbB0x12e3
0x488a	0x485cB0x14dbB0x1b35B0xff4
0x488a	0x485cB0x14dbB0x1bbdB0xff4
0x488a	0x485cB0x1a79B0x1a98B0x86f
0x488a	0x485cB0x1a79B0x1a98B0xf1b
0x488a	0x485cB0x14dbB0x18dcB0x179a
0x488a	0x485cB0x14dbB0x194eB0x179a
0x4920	0x491cB0x142
0x4920	0x491cB0x293
0x4920	0x491cB0x425
0x4920	0x491cB0x772
0x4920	0x491cB0x833
0x4920	0x491cB0xb4b
0x4920	0x491cB0x1238
0x4944	0x4940B0x29a
0x4944	0x4940B0x779
0x4944	0x4940B0x123f
0x4968	0x4964B0x84e
0x4968	0x4964B0xb66
0x4968	0x4964B0x2b8
0x4968	0x4964B0x7ca
0x4968	0x4964B0x11c3
0x4968	0x4964B0x125d
0x498c	0x4988B0x84e
0x498c	0x4988B0xb66
0x498c	0x4988B0x2b8
0x498c	0x4988B0x7ca
0x498c	0x4988B0x11c3
0x498c	0x4988B0x125d
0x49b0	0x49acB0x84e
0x49b0	0x49acB0xb66
0x49b0	0x49acB0x2b8
0x49b0	0x49acB0x7ca
0x49b0	0x49acB0x11c3
0x49b0	0x49acB0x125d
0x49d4	0x49d0B0x798
0x49d4	0x49d0B0x7b1
0x49d4	0x49d0B0xe7f
0x49d4	0x49d0B0xe99
0x49d4	0x49d0B0xeb3
0x49d4	0x49d0B0x10ec
0x49d4	0x49d0B0x1105
0x49f8	0x49f4B0x798
0x49f8	0x49f4B0x7b1
0x49f8	0x49f4B0xe7f
0x49f8	0x49f4B0xe99
0x49f8	0x49f4B0xeb3
0x49f8	0x49f4B0x10ec
0x49f8	0x49f4B0x1105
0x4a1c	0x4a18B0x798
0x4a1c	0x4a18B0x7b1
0x4a1c	0x4a18B0xe7f
0x4a1c	0x4a18B0xe99
0x4a1c	0x4a18B0xeb3
0x4a1c	0x4a18B0x10ec
0x4a1c	0x4a18B0x1105
0x4a6a	0x4a3cB0x9c4e
0x4a6a	0x4a3cB0x9c72
0x4adc	0x4ad8B0x9bba
0x4adc	0x4ad8B0x9c04
0x4b00	0x4afcB0x18a5B0xf0c
0x4b00	0x4afcB0x18a5B0x1140
0x4b00	0x4afcB0x1addB0xff4
0x4b00	0x4afcB0x1ac0B0xff4
0x4b00	0x4afcB0x1baaB0xff4
0x4b00	0x4afcB0x1af5B0xff4
0x4b24	0x4b20B0x18a5B0xf0c
0x4b24	0x4b20B0x18a5B0x1140
0x4b24	0x4b20B0x1addB0xff4
0x4b24	0x4b20B0x1ac0B0xff4
0x4b24	0x4b20B0x1baaB0xff4
0x4b24	0x4b20B0x1af5B0xff4
0x4b48	0x4b44B0x18a5B0xf0c
0x4b48	0x4b44B0x18a5B0x1140
0x4b48	0x4b44B0x1addB0xff4
0x4b48	0x4b44B0x1ac0B0xff4
0x4b48	0x4b44B0x1baaB0xff4
0x4b48	0x4b44B0x1af5B0xff4
0x1407	0x1405B0xd43
0x1407	0x1405B0xe32
0x1452	0x1450B0x99e
0x1452	0x1450B0x177b
0x1452	0x1450B0x992
0x1493	0x1491B0x1c83
0x1493	0x1491B0x3b80x2f2
0x1493	0x1491B0x3b80x68f
0x1493	0x1491B0x14dbB0x9b72
0x1493	0x1491B0x14dbB0x9bde
0x1493	0x1491B0x1a79B0x1013
0x1493	0x1491B0x1a79B0x1150
0x1493	0x1491B0x14dbB0x9c28
0x1493	0x1491B0x1a79B0x1caf
0x1493	0x1491B0x14dbB0x12e3
0x1493	0x1491B0x14dbB0x1b35B0xff4
0x1493	0x1491B0x14dbB0x1bbdB0xff4
0x1493	0x1491B0x1a79B0x1a98B0x86f
0x1493	0x1491B0x1a79B0x1a98B0xf1b
0x1493	0x1491B0x14dbB0x18dcB0x179a
0x1493	0x1491B0x14dbB0x194eB0x179a
0x15b3	0x15abB0x9d9
0x15b3	0x15abB0xa3e
0x15b3	0x15abB0x1bfb
0x15ee	0x15beB0x9d9
0x15ee	0x15beB0xa3e
0x15ee	0x15beB0x1bfb
0x1603	0x15f5B0x9d9
0x1603	0x15f5B0xa3e
0x1603	0x15f5B0x1bfb
0x163b	0x1609B0x9c4e
0x163b	0x1609B0x9c72
0x1640	0x1609B0x9c4e
0x1640	0x1609B0x9c72
0x1644	0x1609B0x9c4e
0x1644	0x1609B0x9c72
0x1660	0x165dB0x9c4e
0x1660	0x165dB0x9c72
0x16e2	0x16d4B0x9c4e
0x16e2	0x16d4B0x9c72
0x16e5	0x16d4B0x9c4e
0x16e5	0x16d4B0x9c72
0x16e8	0x16d4B0x9c4e
0x16e8	0x16d4B0x9c72
0x16f2	0x16d4B0x9c4e
0x16f2	0x16d4B0x9c72
0x171c	0x16f5B0x9c4e
0x171c	0x16f5B0x9c72
0x1742	0x16f5B0x9c4e
0x1742	0x16f5B0x9c72
0x1767	0x16f5B0x9c4e
0x1767	0x16f5B0x9c72
0x176d	0x16f5B0x9c4e
0x176d	0x16f5B0x9c72
0x1773	0x16f5B0x9c4e
0x1773	0x16f5B0x9c72
0x1a27	0x19ffB0xb9d
0x1a27	0x19ffB0xcbe
0x1a27	0x19ffB0x149
0x1a27	0x19ffB0x860
0x1a27	0x19ffB0xebf
0x1a27	0x19ffB0x1111
0x1a2d	0x19ffB0xb9d
0x1a2d	0x19ffB0xcbe
0x1a2d	0x19ffB0x149
0x1a2d	0x19ffB0x860
0x1a2d	0x19ffB0xebf
0x1a2d	0x19ffB0x1111
0x1ea3	0x1e94B0x1d54B0x1cf2
0x1ea8	0x1e94B0x1d54B0x1cf2
0x1ead	0x1e94B0x1d54B0x1cf2
0x1eb2	0x1e94B0x1d54B0x1cf2
0x1eba	0x1e94B0x1d54B0x1cf2
0x47e4	0x47c0B0xd43
0x47e4	0x47c0B0xe32
0x47e9	0x47c0B0xd43
0x47e9	0x47c0B0xe32
0x4832	0x480eB0x99e
0x4832	0x480eB0x177b
0x4832	0x480eB0x992
0x4837	0x480eB0x99e
0x4837	0x480eB0x177b
0x4837	0x480eB0x992
0x4880	0x485cB0x1c83
0x4880	0x485cB0x3b80x2f2
0x4880	0x485cB0x3b80x68f
0x4880	0x485cB0x14dbB0x9b72
0x4880	0x485cB0x14dbB0x9bde
0x4880	0x485cB0x1a79B0x1013
0x4880	0x485cB0x1a79B0x1150
0x4880	0x485cB0x14dbB0x9c28
0x4880	0x485cB0x1a79B0x1caf
0x4880	0x485cB0x14dbB0x12e3
0x4880	0x485cB0x14dbB0x1b35B0xff4
0x4880	0x485cB0x14dbB0x1bbdB0xff4
0x4880	0x485cB0x1a79B0x1a98B0x86f
0x4880	0x485cB0x1a79B0x1a98B0xf1b
0x4880	0x485cB0x14dbB0x18dcB0x179a
0x4880	0x485cB0x14dbB0x194eB0x179a
0x4885	0x485cB0x1c83
0x4885	0x485cB0x3b80x2f2
0x4885	0x485cB0x3b80x68f
0x4885	0x485cB0x14dbB0x9b72
0x4885	0x485cB0x14dbB0x9bde
0x4885	0x485cB0x1a79B0x1013
0x4885	0x485cB0x1a79B0x1150
0x4885	0x485cB0x14dbB0x9c28
0x4885	0x485cB0x1a79B0x1caf
0x4885	0x485cB0x14dbB0x12e3
0x4885	0x485cB0x14dbB0x1b35B0xff4
0x4885	0x485cB0x14dbB0x1bbdB0xff4
0x4885	0x485cB0x1a79B0x1a98B0x86f
0x4885	0x485cB0x1a79B0x1a98B0xf1b
0x4885	0x485cB0x14dbB0x18dcB0x179a
0x4885	0x485cB0x14dbB0x194eB0x179a
0x4a60	0x4a3cB0x9c4e
0x4a60	0x4a3cB0x9c72
0x4a65	0x4a3cB0x9c4e
0x4a65	0x4a3cB0x9c72
0x1ef7	0x1eefB0x1d54B0x1cf2
0x1559	0x1559B0x84e
0x1559	0x1559B0xb66
0x1559	0x1559B0x2b8
0x1559	0x1559B0x7ca
0x1559	0x1559B0x11c3
0x1559	0x1559B0x125d
0x1587	0x1587B0x798
0x1587	0x1587B0x7b1
0x1587	0x1587B0xe7f
0x1587	0x1587B0xe99
0x1587	0x1587B0xeb3
0x1587	0x1587B0x10ec
0x1587	0x1587B0x1105
0x15be	0x15beB0x9d9
0x15be	0x15beB0xa3e
0x15be	0x15beB0x1bfb
0x165d	0x165dB0x9c4e
0x165d	0x165dB0x9c72
0x1849	0x1849B0x9bba
0x1849	0x1849B0x9c04
0x1e94	0x1e94B0x1d54B0x1cf2
0x1ec4	0x1ec4B0x1d54B0x1cf2
0x1ee2	0x1ee2B0x1d54B0x1cf2
0x9	0x0
0xa	0x0
0x14	0x12
0x15	0x12
0x25	0x22
0x26	0x22
0x2c	0x22
0x33	0x22
0x36	0x22
0x4a	0x43
0x4d	0x43
0x55	0x4e
0x58	0x4e
0x63	0x59
0x6b	0x64
0x6e	0x64
0x76	0x6f
0x79	0x6f
0x81	0x7a
0x8c	0x85
0x8f	0x85
0x97	0x90
0x9a	0x90
0xa2	0x9b
0xa5	0x9b
0xad	0xa6
0xb0	0xa6
0xb8	0xb1
0xbb	0xb1
0xc3	0xbc
0xc6	0xbc
0xce	0xc7
0xd1	0xc7
0xd9	0xd2
0xdc	0xd2
0xe4	0xdd
0xe7	0xdd
0xef	0xe8
0xf2	0xe8
0xfa	0xf3
0xfd	0xf3
0x105	0xfe
0x108	0xfe
0x14a	0x149
0x168	0x152
0x169	0x152
0x16b	0x152
0x16c	0x152
0x16e	0x152
0x19a	0x179
0x19b	0x179
0x19d	0x179
0x19e	0x179
0x1a0	0x179
0x1a1	0x179
0x1a2	0x179
0x1a9	0x1a8
0x1cc	0x1a8
0x1ce	0x1a8
0x1f1	0x1a8
0x1f2	0x1a8
0x1f4	0x1a8
0x1f7	0x1f6
0x1f8	0x1f6
0x1fb	0x1f6
0x1fd	0x1f6
0x21f	0x1f6
0x221	0x1f6
0x226	0x225
0x227	0x225
0x22a	0x225
0x22c	0x225
0x24e	0x225
0x250	0x225
0x255	0x254
0x257	0x254
0x262	0x261
0x263	0x261
0x29b	0x29a
0x2a4	0x2a3
0x2a8	0x2a3
0x2b2	0x2a3
0x2bb	0x2b8
0x2bf	0x2b8
0x2c1	0x2b8
0x2c8	0x2c7
0x2c9	0x2c7
0x2ec	0x2c7
0x2f3	0x2f2
0x2f4	0x2f2
0x2f5	0x2f2
0x326	0x324
0x348	0x324
0x34b	0x324
0x34c	0x324
0x34f	0x324
0x352	0x324
0x357	0x324
0x35a	0x324
0x394	0x324
0x395	0x324
0x3a1	0x3a00x2f2
0x3a1	0x3a00x68f
0x3a3	0x3a00x2f2
0x3a3	0x3a00x68f
0x3a4	0x3a00x2f2
0x3a4	0x3a00x68f
0x3a5	0x3a00x2f2
0x3a5	0x3a00x68f
0x3a6	0x3a00x2f2
0x3a6	0x3a00x68f
0x3a7	0x3a00x2f2
0x3a7	0x3a00x68f
0x3a8	0x3a00x2f2
0x3a8	0x3a00x68f
0x3a9	0x3a00x2f2
0x3a9	0x3a00x68f
0x3ab	0x3aa0x2f2
0x3ab	0x3aa0x68f
0x3ac	0x3aa0x2f2
0x3ac	0x3aa0x68f
0x3ad	0x3aa0x2f2
0x3ad	0x3aa0x68f
0x3af	0x3aa0x2f2
0x3af	0x3aa0x68f
0x3b0	0x3aa0x2f2
0x3b0	0x3aa0x68f
0x3b1	0x3aa0x2f2
0x3b1	0x3aa0x68f
0x3b3	0x3aa0x2f2
0x3b3	0x3aa0x68f
0x3b4	0x3aa0x2f2
0x3b4	0x3aa0x68f
0x3b7	0x3aa0x2f2
0x3b7	0x3aa0x68f
0x3b9	0x3b80x2f2
0x3b9	0x3b80x68f
0x3ba	0x3b80x2f2
0x3ba	0x3b80x68f
0x3bd	0x3b80x2f2
0x3bd	0x3b80x68f
0x3bf	0x3b80x2f2
0x3bf	0x3b80x68f
0x3c0	0x3b80x2f2
0x3c0	0x3b80x68f
0x3c1	0x3b80x2f2
0x3c1	0x3b80x68f
0x3c4	0x3b80x2f2
0x3c4	0x3b80x68f
0x3c6	0x3c50x2f2
0x3c6	0x3c50x68f
0x3c7	0x3c50x2f2
0x3c7	0x3c50x68f
0x3c8	0x3c50x2f2
0x3c8	0x3c50x68f
0x3c9	0x3c50x2f2
0x3c9	0x3c50x68f
0x3ca	0x3c50x2f2
0x3ca	0x3c50x68f
0x3cd	0x3c50x2f2
0x3cd	0x3c50x68f
0x3ce	0x3ce0x2f2
0x3ce	0x3ce0x68f
0x3d0	0x3ce0x2f2
0x3d0	0x3ce0x68f
0x3d1	0x3ce0x2f2
0x3d1	0x3ce0x68f
0x3d2	0x3ce0x2f2
0x3d2	0x3ce0x68f
0x3d3	0x3ce0x2f2
0x3d3	0x3ce0x68f
0x3d6	0x3ce0x2f2
0x3d6	0x3ce0x68f
0x3dd	0x3dc0x2f2
0x3dd	0x3dc0x68f
0x3de	0x3dc0x2f2
0x3de	0x3dc0x68f
0x3df	0x3dc0x2f2
0x3df	0x3dc0x68f
0x3e0	0x3dc0x2f2
0x3e0	0x3dc0x68f
0x3e3	0x3dc0x2f2
0x3e3	0x3dc0x68f
0x3f4	0x3f3
0x3f5	0x3f3
0x42d	0x42c
0x44f	0x42c
0x450	0x42c
0x452	0x42c
0x455	0x42c
0x456	0x42c
0x45a	0x42c
0x464	0x42c
0x466	0x42c
0x468	0x42c
0x469	0x42c
0x472	0x46e
0x473	0x46e
0x47a	0x478
0x47b	0x478
0x481	0x480
0x4aa	0x486
0x4ad	0x486
0x4b4	0x4b3
0x4ca	0x4b3
0x4cb	0x4b3
0x4cd	0x4b3
0x4ce	0x4b3
0x4d5	0x4d4
0x4d6	0x4d4
0x4f8	0x4d4
0x51a	0x4d4
0x51e	0x4d4
0x521	0x4d4
0x565	0x4d4
0x566	0x4d4
0x568	0x4d4
0x58a	0x4d4
0x58b	0x4d4
0x592	0x591
0x5b6	0x594
0x5b7	0x594
0x5db	0x594
0x5de	0x594
0x5e2	0x594
0x5e6	0x594
0x5e7	0x594
0x5e8	0x594
0x5eb	0x5ea
0x5ee	0x5ea
0x5f0	0x5ea
0x612	0x5ea
0x614	0x5ea
0x646	0x618
0x64e	0x64d
0x671	0x64d
0x675	0x674
0x676	0x674
0x681	0x67d
0x682	0x67d
0x688	0x687
0x689	0x687
0x68a	0x687
0x690	0x68f
0x691	0x68f
0x692	0x68f
0x6c3	0x6c1
0x6e5	0x6c1
0x6e8	0x6c1
0x6e9	0x6c1
0x6ee	0x6c1
0x6f1	0x6c1
0x72b	0x6c1
0x72c	0x6c1
0x739	0x737
0x73a	0x737
0x73c	0x737
0x73d	0x737
0x741	0x740
0x742	0x740
0x77a	0x779
0x783	0x782
0x78d	0x782
0x791	0x782
0x792	0x782
0x79b	0x798
0x79d	0x798
0x79e	0x798
0x7a5	0x7a4
0x7a6	0x7a4
0x7aa	0x7a4
0x7ab	0x7a4
0x7b4	0x7b1
0x7b6	0x7b1
0x7b7	0x7b1
0x7be	0x7bd
0x7bf	0x7bd
0x7c3	0x7bd
0x7c4	0x7bd
0x7cd	0x7ca
0x7d1	0x7ca
0x7d3	0x7ca
0x7da	0x7d9
0x7db	0x7d9
0x7fe	0x7d9
0x802	0x801
0x803	0x801
0x83e	0x83a
0x848	0x83a
0x854	0x84e
0x858	0x84e
0x85a	0x84e
0x870	0x86f
0x874	0x86f
0x881	0x880
0x882	0x880
0x8b3	0x8b1
0x8ec	0x8b1
0x8f0	0x8ef
0x8f1	0x8ef
0x922	0x920
0x95b	0x920
0x95d	0x920
0x95e	0x920
0x962	0x961
0x963	0x961
0x993	0x992
0x995	0x992
0x999	0x992
0x9a1	0x99e
0x9a5	0x99e
0x9c7	0x99e
0x9c8	0x99e
0x9ce	0x99e
0x9d0	0x99e
0x9d4	0x99e
0x9dc	0x9d9
0x9df	0x9d9
0xa02	0x9d9
0xa03	0x9d9
0xa09	0x9d9
0xa0b	0x9d9
0xa2d	0x9d9
0xa31	0x9d9
0xa32	0x9d9
0xa37	0x9d9
0xa39	0x9d9
0xa3f	0xa3e
0xa40	0xa3e
0xa41	0xa3e
0xa43	0xa3e
0xa44	0xa3e
0xa4f	0xa4b
0xa55	0xa4b
0xa58	0xa4b
0xa5b	0xa4b
0xa5e	0xa4b
0xa5f	0xa4b
0xa63	0xa4b
0xa66	0xa4b
0xa6a	0xa4b
0xa6b	0xa4b
0xa6c	0xa4b
0xa6f	0xa4b
0xa72	0xa4b
0xa74	0xa73
0xa75	0xa73
0xa7c	0xa7b
0xa7e	0xa7b
0xa81	0xa80
0xa83	0xa80
0xa85	0xa80
0xa86	0xa80
0xa88	0xa80
0xa89	0xa80
0xa8a	0xa80
0xa8c	0xa80
0xa8d	0xa80
0xa94	0xa93
0xa95	0xa93
0xaed	0xaeb
0xb10	0xaeb
0xb19	0xb13
0xb1a	0xb13
0xb20	0xb1f
0xb21	0xb1f
0xb22	0xb1f
0xb53	0xb52
0xb60	0xb52
0xb69	0xb66
0xb6b	0xb66
0xb6c	0xb66
0xb73	0xb72
0xb74	0xb72
0xb75	0xb72
0xbb2	0xb9d
0xbbc	0xbba
0xbe6	0xbba
0xbe7	0xbba
0xbec	0xbba
0xbef	0xbba
0xbf9	0xbf8
0xbfa	0xbf8
0xbfb	0xbf8
0xbfc	0xbf8
0xbfd	0xbf8
0xbfe	0xbf8
0xbff	0xbf8
0xc00	0xbf8
0xc22	0xbf8
0xc23	0xbf8
0xc2b	0xc2a
0xc2e	0xc2d
0xc2f	0xc2d
0xc31	0xc2d
0xc32	0xc2d
0xc34	0xc2d
0xc36	0xc2d
0xc3f	0xc3e
0xc40	0xc3e
0xc41	0xc3e
0xc42	0xc3e
0xc43	0xc3e
0xc46	0xc45
0xc48	0xc45
0xc49	0xc45
0xc4c	0xc45
0xc5b	0xc5a
0xc61	0xc5a
0xc6b	0xc6a
0xc6c	0xc6a
0xc6d	0xc6a
0xc9e	0xc9c
0xcb4	0xc9c
0xcb5	0xc9c
0xcb7	0xc9c
0xcb8	0xc9c
0xcc6	0xcc5
0xccd	0xccc
0xcce	0xccc
0xcf1	0xccc
0xcf2	0xccc
0xcfb	0xcf9
0xcfc	0xcf9
0xcfd	0xcf9
0xcfe	0xcf9
0xd00	0xcf9
0xd01	0xcf9
0xd02	0xcf9
0xd03	0xcf9
0xd04	0xcf9
0xd26	0xcf9
0xd28	0xcf9
0xd30	0xcf9
0xd35	0xcf9
0xd36	0xcf9
0xd47	0xd43
0xd5d	0xd5c
0xd5e	0xd5c
0xd81	0xd5c
0xd85	0xd84
0xd86	0xd84
0xde7	0xdaf
0xde8	0xdaf
0xdf1	0xdef
0xdf3	0xdef
0xdf4	0xdef
0xdf5	0xdef
0xdf6	0xdef
0xe18	0xdef
0xe1b	0xdef
0xe1c	0xdef
0xe20	0xdef
0xe23	0xdef
0xe24	0xdef
0xe30	0xe2f
0xe36	0xe32
0xe3c	0xe3b
0xe75	0xe6c
0xe76	0xe6c
0xe78	0xe6c
0xe79	0xe6c
0xe82	0xe7f
0xe84	0xe7f
0xe85	0xe7f
0xe8e	0xe8b
0xe8f	0xe8b
0xe90	0xe8b
0xe92	0xe8b
0xe93	0xe8b
0xe9c	0xe99
0xe9e	0xe99
0xe9f	0xe99
0xea6	0xea5
0xea7	0xea5
0xea8	0xea5
0xeac	0xea5
0xead	0xea5
0xeb6	0xeb3
0xeb8	0xeb3
0xeb9	0xeb3
0xec0	0xebf
0xec1	0xebf
0xec2	0xebf
0xecb	0xeca
0xecc	0xeca
0xece	0xeca
0xed0	0xeca
0xedb	0xeda
0xedc	0xeda
0xede	0xedd
0xedf	0xedd
0xee6	0xee5
0xee9	0xee8
0xef5	0xee8
0xef6	0xee8
0xef7	0xee8
0xf05	0xf01
0xf06	0xf01
0xf07	0xf01
0xf14	0xf0c
0xf15	0xf0c
0xf16	0xf0c
0xf1c	0xf1b
0xf4e	0xf4d
0xf4f	0xf4d
0xf50	0xf4d
0xf58	0xf57
0xf59	0xf57
0xf5c	0xf5b
0xf5d	0xf5b
0xf60	0xf5f
0xf61	0xf5f
0xf62	0xf5f
0xf89	0xf68
0xf8c	0xf68
0xf96	0xf94
0xfa0	0xf94
0xfa9	0xfa6
0xfaa	0xfa6
0xfb6	0xfb3
0xff6	0xff4
0xffa	0xff4
0xffe	0xff4
0x1005	0x1004
0x1006	0x1004
0x100c	0x100b
0x100d	0x100b
0x100f	0x100b
0x1010	0x100b
0x1014	0x1013
0x1015	0x1013
0x1016	0x1013
0x1017	0x1013
0x103b	0x1013
0x1044	0x1043
0x1045	0x1043
0x1046	0x1043
0x104e	0x104b
0x1051	0x104b
0x1053	0x104b
0x1075	0x104b
0x1077	0x104b
0x107e	0x104b
0x10a4	0x104b
0x10a9	0x10a8
0x10aa	0x10a8
0x10e2	0x10d9
0x10e3	0x10d9
0x10e5	0x10d9
0x10e6	0x10d9
0x10ef	0x10ec
0x10f1	0x10ec
0x10f2	0x10ec
0x10f9	0x10f8
0x10fa	0x10f8
0x10fe	0x10f8
0x10ff	0x10f8
0x1108	0x1105
0x110a	0x1105
0x110b	0x1105
0x1112	0x1111
0x1113	0x1111
0x1114	0x1111
0x111d	0x111c
0x111e	0x111c
0x1125	0x1124
0x1126	0x1124
0x1128	0x1127
0x1129	0x1127
0x1130	0x112f
0x1139	0x1132
0x113a	0x1132
0x113b	0x1132
0x1141	0x1140
0x1142	0x1140
0x1149	0x1140
0x114a	0x1140
0x114b	0x1140
0x1153	0x1150
0x1154	0x1150
0x1155	0x1150
0x1156	0x1150
0x1158	0x1150
0x115a	0x1150
0x115d	0x1150
0x1166	0x1165
0x116d	0x116c
0x1176	0x1175
0x1178	0x1175
0x117c	0x117b
0x117d	0x117b
0x1180	0x117f
0x1181	0x117f
0x11b3	0x11b0
0x11bd	0x11b0
0x11c9	0x11c3
0x11ee	0x11c3
0x11f0	0x11c3
0x11f1	0x11c3
0x11f8	0x11f7
0x11ff	0x11fe
0x1201	0x11fe
0x1203	0x11fe
0x1207	0x1206
0x1208	0x1206
0x1240	0x123f
0x1249	0x1248
0x124d	0x1248
0x1257	0x1248
0x1260	0x125d
0x1264	0x125d
0x1266	0x125d
0x126d	0x126c
0x126e	0x126c
0x1291	0x126c
0x1295	0x1294
0x1296	0x1294
0x12c8	0x12c6
0x12d2	0x12c6
0x12db	0x12d8
0x12e9	0x12e3
0x12ea	0x12e3
0x12f0	0x12e3
0x12f2	0x12e3
0x12f5	0x12e3
0x1301	0x1300
0x1303	0x1300
0x1304	0x1300
0x1308	0x1307
0x1309	0x1307
0x130a	0x1307
0x135c	0x133a
0x135e	0x133a
0x135f	0x133a
0x1367	0x1365
0x1368	0x1365
0x138a	0x1365
0x138c	0x1365
0x138d	0x1365
0x1394	0x1393
0x139b	0x139a
0x139e	0x139a
0x13c3	0x13a1
0x13c4	0x13a1
0x13c6	0x13a1
0x13ed	0x13cb
0x13ef	0x13cb
0x13f0	0x13cb
0x13ff	0x13f5B0xd43
0x13ff	0x13f5B0xe32
0x143b	0x1438B0x99e
0x143b	0x1438B0x177b
0x143b	0x1438B0x992
0x143d	0x1438B0x99e
0x143d	0x1438B0x177b
0x143d	0x1438B0x992
0x143e	0x1438B0x99e
0x143e	0x1438B0x177b
0x143e	0x1438B0x992
0x1449	0x1438B0x99e
0x1449	0x1438B0x177b
0x1449	0x1438B0x992
0x1455	0x1454B0x1c83
0x1455	0x1454B0x3b80x2f2
0x1455	0x1454B0x3b80x68f
0x1455	0x1454B0x14dbB0x9b72
0x1455	0x1454B0x14dbB0x9bde
0x1455	0x1454B0x1a79B0x1013
0x1455	0x1454B0x1a79B0x1150
0x1455	0x1454B0x14dbB0x9c28
0x1455	0x1454B0x1a79B0x1caf
0x1455	0x1454B0x14dbB0x12e3
0x1455	0x1454B0x14dbB0x1b35B0xff4
0x1455	0x1454B0x14dbB0x1bbdB0xff4
0x1455	0x1454B0x1a79B0x1a98B0x86f
0x1455	0x1454B0x1a79B0x1a98B0xf1b
0x1455	0x1454B0x14dbB0x18dcB0x179a
0x1455	0x1454B0x14dbB0x194eB0x179a
0x1479	0x1454B0x1c83
0x1479	0x1454B0x3b80x2f2
0x1479	0x1454B0x3b80x68f
0x1479	0x1454B0x14dbB0x9b72
0x1479	0x1454B0x14dbB0x9bde
0x1479	0x1454B0x1a79B0x1013
0x1479	0x1454B0x1a79B0x1150
0x1479	0x1454B0x14dbB0x9c28
0x1479	0x1454B0x1a79B0x1caf
0x1479	0x1454B0x14dbB0x12e3
0x1479	0x1454B0x14dbB0x1b35B0xff4
0x1479	0x1454B0x14dbB0x1bbdB0xff4
0x1479	0x1454B0x1a79B0x1a98B0x86f
0x1479	0x1454B0x1a79B0x1a98B0xf1b
0x1479	0x1454B0x14dbB0x18dcB0x179a
0x1479	0x1454B0x14dbB0x194eB0x179a
0x147c	0x1454B0x1c83
0x147c	0x1454B0x3b80x2f2
0x147c	0x1454B0x3b80x68f
0x147c	0x1454B0x14dbB0x9b72
0x147c	0x1454B0x14dbB0x9bde
0x147c	0x1454B0x1a79B0x1013
0x147c	0x1454B0x1a79B0x1150
0x147c	0x1454B0x14dbB0x9c28
0x147c	0x1454B0x1a79B0x1caf
0x147c	0x1454B0x14dbB0x12e3
0x147c	0x1454B0x14dbB0x1b35B0xff4
0x147c	0x1454B0x14dbB0x1bbdB0xff4
0x147c	0x1454B0x1a79B0x1a98B0x86f
0x147c	0x1454B0x1a79B0x1a98B0xf1b
0x147c	0x1454B0x14dbB0x18dcB0x179a
0x147c	0x1454B0x14dbB0x194eB0x179a
0x147e	0x1454B0x1c83
0x147e	0x1454B0x3b80x2f2
0x147e	0x1454B0x3b80x68f
0x147e	0x1454B0x14dbB0x9b72
0x147e	0x1454B0x14dbB0x9bde
0x147e	0x1454B0x1a79B0x1013
0x147e	0x1454B0x1a79B0x1150
0x147e	0x1454B0x14dbB0x9c28
0x147e	0x1454B0x1a79B0x1caf
0x147e	0x1454B0x14dbB0x12e3
0x147e	0x1454B0x14dbB0x1b35B0xff4
0x147e	0x1454B0x14dbB0x1bbdB0xff4
0x147e	0x1454B0x1a79B0x1a98B0x86f
0x147e	0x1454B0x1a79B0x1a98B0xf1b
0x147e	0x1454B0x14dbB0x18dcB0x179a
0x147e	0x1454B0x14dbB0x194eB0x179a
0x147f	0x1454B0x1c83
0x147f	0x1454B0x3b80x2f2
0x147f	0x1454B0x3b80x68f
0x147f	0x1454B0x14dbB0x9b72
0x147f	0x1454B0x14dbB0x9bde
0x147f	0x1454B0x1a79B0x1013
0x147f	0x1454B0x1a79B0x1150
0x147f	0x1454B0x14dbB0x9c28
0x147f	0x1454B0x1a79B0x1caf
0x147f	0x1454B0x14dbB0x12e3
0x147f	0x1454B0x14dbB0x1b35B0xff4
0x147f	0x1454B0x14dbB0x1bbdB0xff4
0x147f	0x1454B0x1a79B0x1a98B0x86f
0x147f	0x1454B0x1a79B0x1a98B0xf1b
0x147f	0x1454B0x14dbB0x18dcB0x179a
0x147f	0x1454B0x14dbB0x194eB0x179a
0x148a	0x1454B0x1c83
0x148a	0x1454B0x3b80x2f2
0x148a	0x1454B0x3b80x68f
0x148a	0x1454B0x14dbB0x9b72
0x148a	0x1454B0x14dbB0x9bde
0x148a	0x1454B0x1a79B0x1013
0x148a	0x1454B0x1a79B0x1150
0x148a	0x1454B0x14dbB0x9c28
0x148a	0x1454B0x1a79B0x1caf
0x148a	0x1454B0x14dbB0x12e3
0x148a	0x1454B0x14dbB0x1b35B0xff4
0x148a	0x1454B0x14dbB0x1bbdB0xff4
0x148a	0x1454B0x1a79B0x1a98B0x86f
0x148a	0x1454B0x1a79B0x1a98B0xf1b
0x148a	0x1454B0x14dbB0x18dcB0x179a
0x148a	0x1454B0x14dbB0x194eB0x179a
0x149f	0x1495B0x14cfB0x9b72
0x149f	0x1495B0x14cfB0x9bde
0x149f	0x1495B0x1a6fB0x1013
0x149f	0x1495B0x1a6fB0x1150
0x149f	0x1495B0x14cfB0x9c28
0x149f	0x1495B0x1a6fB0x1caf
0x149f	0x1495B0x14cfB0x12e3
0x149f	0x1495B0x14cfB0x1b35B0xff4
0x149f	0x1495B0x14cfB0x1bbdB0xff4
0x149f	0x1495B0x1a6fB0x1a98B0x86f
0x149f	0x1495B0x1a6fB0x1a98B0xf1b
0x149f	0x1495B0x14cfB0x18dcB0x179a
0x149f	0x1495B0x14cfB0x194eB0x179a
0x14cd	0x14a5B0x14cfB0x9b72
0x14cd	0x14a5B0x14cfB0x9bde
0x14cd	0x14a5B0x1a6fB0x1013
0x14cd	0x14a5B0x1a6fB0x1150
0x14cd	0x14a5B0x14cfB0x9c28
0x14cd	0x14a5B0x1a6fB0x1caf
0x14cd	0x14a5B0x14cfB0x12e3
0x14cd	0x14a5B0x14cfB0x1b35B0xff4
0x14cd	0x14a5B0x14cfB0x1bbdB0xff4
0x14cd	0x14a5B0x1a6fB0x1a98B0x86f
0x14cd	0x14a5B0x1a6fB0x1a98B0xf1b
0x14cd	0x14a5B0x14cfB0x18dcB0x179a
0x14cd	0x14a5B0x14cfB0x194eB0x179a
0x14d0	0x14cfB0x9b72
0x14d0	0x14cfB0x9bde
0x14d0	0x14cfB0x9c28
0x14d0	0x14cfB0x12e3
0x14d0	0x14cfB0x1b35B0xff4
0x14d0	0x14cfB0x1bbdB0xff4
0x14d0	0x14cfB0x18dcB0x179a
0x14d0	0x14cfB0x194eB0x179a
0x14d1	0x14cfB0x9b72
0x14d1	0x14cfB0x9bde
0x14d1	0x14cfB0x9c28
0x14d1	0x14cfB0x12e3
0x14d1	0x14cfB0x1b35B0xff4
0x14d1	0x14cfB0x1bbdB0xff4
0x14d1	0x14cfB0x18dcB0x179a
0x14d1	0x14cfB0x194eB0x179a
0x14d2	0x14cfB0x9b72
0x14d2	0x14cfB0x9bde
0x14d2	0x14cfB0x9c28
0x14d2	0x14cfB0x12e3
0x14d2	0x14cfB0x1b35B0xff4
0x14d2	0x14cfB0x1bbdB0xff4
0x14d2	0x14cfB0x18dcB0x179a
0x14d2	0x14cfB0x194eB0x179a
0x14d6	0x14cfB0x9b72
0x14d6	0x14cfB0x9bde
0x14d6	0x14cfB0x9c28
0x14d6	0x14cfB0x12e3
0x14d6	0x14cfB0x1b35B0xff4
0x14d6	0x14cfB0x1bbdB0xff4
0x14d6	0x14cfB0x18dcB0x179a
0x14d6	0x14cfB0x194eB0x179a
0x14dc	0x14dbB0x9b72
0x14dc	0x14dbB0x9bde
0x14dc	0x14dbB0x9c28
0x14dc	0x14dbB0x12e3
0x14dc	0x14dbB0x1b35B0xff4
0x14dc	0x14dbB0x1bbdB0xff4
0x14dc	0x14dbB0x18dcB0x179a
0x14dc	0x14dbB0x194eB0x179a
0x14e3	0x14dbB0x9b72
0x14e3	0x14dbB0x9bde
0x14e3	0x14dbB0x9c28
0x14e3	0x14dbB0x12e3
0x14e3	0x14dbB0x1b35B0xff4
0x14e3	0x14dbB0x1bbdB0xff4
0x14e3	0x14dbB0x18dcB0x179a
0x14e3	0x14dbB0x194eB0x179a
0x14e4	0x14dbB0x9b72
0x14e4	0x14dbB0x9bde
0x14e4	0x14dbB0x9c28
0x14e4	0x14dbB0x12e3
0x14e4	0x14dbB0x1b35B0xff4
0x14e4	0x14dbB0x1bbdB0xff4
0x14e4	0x14dbB0x18dcB0x179a
0x14e4	0x14dbB0x194eB0x179a
0x14ea	0x14e9B0x9b72
0x14ea	0x14e9B0x9bde
0x14ea	0x14e9B0x9c28
0x14ea	0x14e9B0x12e3
0x14ea	0x14e9B0x1b35B0xff4
0x14ea	0x14e9B0x1bbdB0xff4
0x14ea	0x14e9B0x18dcB0x179a
0x14ea	0x14e9B0x194eB0x179a
0x14eb	0x14e9B0x9b72
0x14eb	0x14e9B0x9bde
0x14eb	0x14e9B0x9c28
0x14eb	0x14e9B0x12e3
0x14eb	0x14e9B0x1b35B0xff4
0x14eb	0x14e9B0x1bbdB0xff4
0x14eb	0x14e9B0x18dcB0x179a
0x14eb	0x14e9B0x194eB0x179a
0x14ec	0x14e9B0x9b72
0x14ec	0x14e9B0x9bde
0x14ec	0x14e9B0x9c28
0x14ec	0x14e9B0x12e3
0x14ec	0x14e9B0x1b35B0xff4
0x14ec	0x14e9B0x1bbdB0xff4
0x14ec	0x14e9B0x18dcB0x179a
0x14ec	0x14e9B0x194eB0x179a
0x14ed	0x14e9B0x9b72
0x14ed	0x14e9B0x9bde
0x14ed	0x14e9B0x9c28
0x14ed	0x14e9B0x12e3
0x14ed	0x14e9B0x1b35B0xff4
0x14ed	0x14e9B0x1bbdB0xff4
0x14ed	0x14e9B0x18dcB0x179a
0x14ed	0x14e9B0x194eB0x179a
0x14ef	0x14e9B0x9b72
0x14ef	0x14e9B0x9bde
0x14ef	0x14e9B0x9c28
0x14ef	0x14e9B0x12e3
0x14ef	0x14e9B0x1b35B0xff4
0x14ef	0x14e9B0x1bbdB0xff4
0x14ef	0x14e9B0x18dcB0x179a
0x14ef	0x14e9B0x194eB0x179a
0x14f0	0x14e9B0x9b72
0x14f0	0x14e9B0x9bde
0x14f0	0x14e9B0x9c28
0x14f0	0x14e9B0x12e3
0x14f0	0x14e9B0x1b35B0xff4
0x14f0	0x14e9B0x1bbdB0xff4
0x14f0	0x14e9B0x18dcB0x179a
0x14f0	0x14e9B0x194eB0x179a
0x14f8	0x14f7B0x9b72
0x14f8	0x14f7B0x9bde
0x14f8	0x14f7B0x9c28
0x14f8	0x14f7B0x12e3
0x14f8	0x14f7B0x1b35B0xff4
0x14f8	0x14f7B0x1bbdB0xff4
0x14f8	0x14f7B0x18dcB0x179a
0x14f8	0x14f7B0x194eB0x179a
0x14fb	0x14f7B0x9b72
0x14fb	0x14f7B0x9bde
0x14fb	0x14f7B0x9c28
0x14fb	0x14f7B0x12e3
0x14fb	0x14f7B0x1b35B0xff4
0x14fb	0x14f7B0x1bbdB0xff4
0x14fb	0x14f7B0x18dcB0x179a
0x14fb	0x14f7B0x194eB0x179a
0x14fc	0x14f7B0x9b72
0x14fc	0x14f7B0x9bde
0x14fc	0x14f7B0x9c28
0x14fc	0x14f7B0x12e3
0x14fc	0x14f7B0x1b35B0xff4
0x14fc	0x14f7B0x1bbdB0xff4
0x14fc	0x14f7B0x18dcB0x179a
0x14fc	0x14f7B0x194eB0x179a
0x14ff	0x14f7B0x9b72
0x14ff	0x14f7B0x9bde
0x14ff	0x14f7B0x9c28
0x14ff	0x14f7B0x12e3
0x14ff	0x14f7B0x1b35B0xff4
0x14ff	0x14f7B0x1bbdB0xff4
0x14ff	0x14f7B0x18dcB0x179a
0x14ff	0x14f7B0x194eB0x179a
0x150a	0x1506B0x142
0x150a	0x1506B0x293
0x150a	0x1506B0x425
0x150a	0x1506B0x772
0x150a	0x1506B0x833
0x150a	0x1506B0xb4b
0x150a	0x1506B0x1238
0x1520	0x1506B0x142
0x1520	0x1506B0x293
0x1520	0x1506B0x425
0x1520	0x1506B0x772
0x1520	0x1506B0x833
0x1520	0x1506B0xb4b
0x1520	0x1506B0x1238
0x1522	0x1506B0x142
0x1522	0x1506B0x293
0x1522	0x1506B0x425
0x1522	0x1506B0x772
0x1522	0x1506B0x833
0x1522	0x1506B0xb4b
0x1522	0x1506B0x1238
0x152d	0x1529B0x29a
0x152d	0x1529B0x779
0x152d	0x1529B0x123f
0x1543	0x1529B0x29a
0x1543	0x1529B0x779
0x1543	0x1529B0x123f
0x1545	0x1529B0x29a
0x1545	0x1529B0x779
0x1545	0x1529B0x123f
0x154d	0x154cB0x84e
0x154d	0x154cB0xb66
0x154d	0x154cB0x2b8
0x154d	0x154cB0x7ca
0x154d	0x154cB0x11c3
0x154d	0x154cB0x125d
0x154e	0x154cB0x84e
0x154e	0x154cB0xb66
0x154e	0x154cB0x2b8
0x154e	0x154cB0x7ca
0x154e	0x154cB0x11c3
0x154e	0x154cB0x125d
0x1551	0x154cB0x84e
0x1551	0x154cB0xb66
0x1551	0x154cB0x2b8
0x1551	0x154cB0x7ca
0x1551	0x154cB0x11c3
0x1551	0x154cB0x125d
0x155b	0x1559B0x84e
0x155b	0x1559B0xb66
0x155b	0x1559B0x2b8
0x155b	0x1559B0x7ca
0x155b	0x1559B0x11c3
0x155b	0x1559B0x125d
0x1565	0x1559B0x84e
0x1565	0x1559B0xb66
0x1565	0x1559B0x2b8
0x1565	0x1559B0x7ca
0x1565	0x1559B0x11c3
0x1565	0x1559B0x125d
0x156d	0x156bB0x84e
0x156d	0x156bB0xb66
0x156d	0x156bB0x2b8
0x156d	0x156bB0x7ca
0x156d	0x156bB0x11c3
0x156d	0x156bB0x125d
0x156e	0x156bB0x84e
0x156e	0x156bB0xb66
0x156e	0x156bB0x2b8
0x156e	0x156bB0x7ca
0x156e	0x156bB0x11c3
0x156e	0x156bB0x125d
0x156f	0x156bB0x84e
0x156f	0x156bB0xb66
0x156f	0x156bB0x2b8
0x156f	0x156bB0x7ca
0x156f	0x156bB0x11c3
0x156f	0x156bB0x125d
0x1571	0x156bB0x84e
0x1571	0x156bB0xb66
0x1571	0x156bB0x2b8
0x1571	0x156bB0x7ca
0x1571	0x156bB0x11c3
0x1571	0x156bB0x125d
0x157b	0x157aB0x798
0x157b	0x157aB0x7b1
0x157b	0x157aB0xe7f
0x157b	0x157aB0xe99
0x157b	0x157aB0xeb3
0x157b	0x157aB0x10ec
0x157b	0x157aB0x1105
0x157c	0x157aB0x798
0x157c	0x157aB0x7b1
0x157c	0x157aB0xe7f
0x157c	0x157aB0xe99
0x157c	0x157aB0xeb3
0x157c	0x157aB0x10ec
0x157c	0x157aB0x1105
0x157f	0x157aB0x798
0x157f	0x157aB0x7b1
0x157f	0x157aB0xe7f
0x157f	0x157aB0xe99
0x157f	0x157aB0xeb3
0x157f	0x157aB0x10ec
0x157f	0x157aB0x1105
0x1589	0x1587B0x798
0x1589	0x1587B0x7b1
0x1589	0x1587B0xe7f
0x1589	0x1587B0xe99
0x1589	0x1587B0xeb3
0x1589	0x1587B0x10ec
0x1589	0x1587B0x1105
0x1593	0x1587B0x798
0x1593	0x1587B0x7b1
0x1593	0x1587B0xe7f
0x1593	0x1587B0xe99
0x1593	0x1587B0xeb3
0x1593	0x1587B0x10ec
0x1593	0x1587B0x1105
0x159b	0x1599B0x798
0x159b	0x1599B0x7b1
0x159b	0x1599B0xe7f
0x159b	0x1599B0xe99
0x159b	0x1599B0xeb3
0x159b	0x1599B0x10ec
0x159b	0x1599B0x1105
0x159c	0x1599B0x798
0x159c	0x1599B0x7b1
0x159c	0x1599B0xe7f
0x159c	0x1599B0xe99
0x159c	0x1599B0xeb3
0x159c	0x1599B0x10ec
0x159c	0x1599B0x1105
0x159e	0x1599B0x798
0x159e	0x1599B0x7b1
0x159e	0x1599B0xe7f
0x159e	0x1599B0xe99
0x159e	0x1599B0xeb3
0x159e	0x1599B0x10ec
0x159e	0x1599B0x1105
0x159f	0x1599B0x798
0x159f	0x1599B0x7b1
0x159f	0x1599B0xe7f
0x159f	0x1599B0xe99
0x159f	0x1599B0xeb3
0x159f	0x1599B0x10ec
0x159f	0x1599B0x1105
0x15ac	0x15abB0x9d9
0x15ac	0x15abB0xa3e
0x15ac	0x15abB0x1bfb
0x15ad	0x15abB0x9d9
0x15ad	0x15abB0xa3e
0x15ad	0x15abB0x1bfb
0x15ae	0x15abB0x9d9
0x15ae	0x15abB0xa3e
0x15ae	0x15abB0x1bfb
0x15b0	0x15abB0x9d9
0x15b0	0x15abB0xa3e
0x15b0	0x15abB0x1bfb
0x15b1	0x15abB0x9d9
0x15b1	0x15abB0xa3e
0x15b1	0x15abB0x1bfb
0x15b2	0x15abB0x9d9
0x15b2	0x15abB0xa3e
0x15b2	0x15abB0x1bfb
0x15b7	0x15b6B0x9d9
0x15b7	0x15b6B0xa3e
0x15b7	0x15b6B0x1bfb
0x15b8	0x15b6B0x9d9
0x15b8	0x15b6B0xa3e
0x15b8	0x15b6B0x1bfb
0x15bf	0x15beB0x9d9
0x15bf	0x15beB0xa3e
0x15bf	0x15beB0x1bfb
0x15e3	0x15beB0x9d9
0x15e3	0x15beB0xa3e
0x15e3	0x15beB0x1bfb
0x15e8	0x15beB0x9d9
0x15e8	0x15beB0xa3e
0x15e8	0x15beB0x1bfb
0x15e9	0x15beB0x9d9
0x15e9	0x15beB0xa3e
0x15e9	0x15beB0x1bfb
0x15ea	0x15beB0x9d9
0x15ea	0x15beB0xa3e
0x15ea	0x15beB0x1bfb
0x15eb	0x15beB0x9d9
0x15eb	0x15beB0xa3e
0x15eb	0x15beB0x1bfb
0x15f3	0x15beB0x9d9
0x15f3	0x15beB0xa3e
0x15f3	0x15beB0x1bfb
0x15f8	0x15f5B0x9d9
0x15f8	0x15f5B0xa3e
0x15f8	0x15f5B0x1bfb
0x15f9	0x15f5B0x9d9
0x15f9	0x15f5B0xa3e
0x15f9	0x15f5B0x1bfb
0x15fb	0x15f5B0x9d9
0x15fb	0x15f5B0xa3e
0x15fb	0x15f5B0x1bfb
0x15fe	0x15f5B0x9d9
0x15fe	0x15f5B0xa3e
0x15fe	0x15f5B0x1bfb
0x15ff	0x15f5B0x9d9
0x15ff	0x15f5B0xa3e
0x15ff	0x15f5B0x1bfb
0x1601	0x15f5B0x9d9
0x1601	0x15f5B0xa3e
0x1601	0x15f5B0x1bfb
0x160c	0x1609B0x9c4e
0x160c	0x1609B0x9c72
0x160e	0x1609B0x9c4e
0x160e	0x1609B0x9c72
0x1616	0x1609B0x9c4e
0x1616	0x1609B0x9c72
0x1618	0x1609B0x9c4e
0x1618	0x1609B0x9c72
0x163a	0x1609B0x9c4e
0x163a	0x1609B0x9c72
0x163e	0x1609B0x9c4e
0x163e	0x1609B0x9c72
0x1643	0x1609B0x9c4e
0x1643	0x1609B0x9c72
0x1647	0x1609B0x9c4e
0x1647	0x1609B0x9c72
0x1649	0x1609B0x9c4e
0x1649	0x1609B0x9c72
0x164a	0x1609B0x9c4e
0x164a	0x1609B0x9c72
0x164b	0x1609B0x9c4e
0x164b	0x1609B0x9c72
0x1656	0x1609B0x9c4e
0x1656	0x1609B0x9c72
0x1661	0x165dB0x9c4e
0x1661	0x165dB0x9c72
0x1663	0x165dB0x9c4e
0x1663	0x165dB0x9c72
0x1665	0x165dB0x9c4e
0x1665	0x165dB0x9c72
0x1687	0x165dB0x9c4e
0x1687	0x165dB0x9c72
0x16d5	0x16d4B0x9c4e
0x16d5	0x16d4B0x9c72
0x16d6	0x16d4B0x9c4e
0x16d6	0x16d4B0x9c72
0x16f3	0x16d4B0x9c4e
0x16f3	0x16d4B0x9c72
0x16f8	0x16f5B0x9c4e
0x16f8	0x16f5B0x9c72
0x16f9	0x16f5B0x9c4e
0x16f9	0x16f5B0x9c72
0x171b	0x16f5B0x9c4e
0x171b	0x16f5B0x9c72
0x1740	0x16f5B0x9c4e
0x1740	0x16f5B0x9c72
0x1764	0x16f5B0x9c4e
0x1764	0x16f5B0x9c72
0x1765	0x16f5B0x9c4e
0x1765	0x16f5B0x9c72
0x176b	0x16f5B0x9c4e
0x176b	0x16f5B0x9c72
0x1771	0x16f5B0x9c4e
0x1771	0x16f5B0x9c72
0x1776	0x16f5B0x9c4e
0x1776	0x16f5B0x9c72
0x177c	0x177b
0x1783	0x177b
0x1784	0x177b
0x1788	0x177b
0x178b	0x177b
0x1790	0x177b
0x1795	0x177b
0x17c5	0x17a4
0x17e9	0x17c7
0x17ec	0x17eb
0x17ed	0x17eb
0x17ee	0x17eb
0x17f9	0x17f5
0x1841	0x182aB0x9bba
0x1841	0x182aB0x9c04
0x1843	0x182aB0x9bba
0x1843	0x182aB0x9c04
0x184c	0x184bB0x18a5B0xf0c
0x184c	0x184bB0x18a5B0x1140
0x184c	0x184bB0x1addB0xff4
0x184c	0x184bB0x1ac0B0xff4
0x184c	0x184bB0x1baaB0xff4
0x184c	0x184bB0x1af5B0xff4
0x184e	0x184bB0x18a5B0xf0c
0x184e	0x184bB0x18a5B0x1140
0x184e	0x184bB0x1addB0xff4
0x184e	0x184bB0x1ac0B0xff4
0x184e	0x184bB0x1baaB0xff4
0x184e	0x184bB0x1af5B0xff4
0x1870	0x184bB0x18a5B0xf0c
0x1870	0x184bB0x18a5B0x1140
0x1870	0x184bB0x1addB0xff4
0x1870	0x184bB0x1ac0B0xff4
0x1870	0x184bB0x1baaB0xff4
0x1870	0x184bB0x1af5B0xff4
0x1874	0x184bB0x18a5B0xf0c
0x1874	0x184bB0x18a5B0x1140
0x1874	0x184bB0x1addB0xff4
0x1874	0x184bB0x1ac0B0xff4
0x1874	0x184bB0x1baaB0xff4
0x1874	0x184bB0x1af5B0xff4
0x187c	0x187bB0x18a5B0xf0c
0x187c	0x187bB0x18a5B0x1140
0x187c	0x187bB0x1addB0xff4
0x187c	0x187bB0x1ac0B0xff4
0x187c	0x187bB0x1baaB0xff4
0x187c	0x187bB0x1af5B0xff4
0x187e	0x187bB0x18a5B0xf0c
0x187e	0x187bB0x18a5B0x1140
0x187e	0x187bB0x1addB0xff4
0x187e	0x187bB0x1ac0B0xff4
0x187e	0x187bB0x1baaB0xff4
0x187e	0x187bB0x1af5B0xff4
0x1888	0x187bB0x18a5B0xf0c
0x1888	0x187bB0x18a5B0x1140
0x1888	0x187bB0x1addB0xff4
0x1888	0x187bB0x1ac0B0xff4
0x1888	0x187bB0x1baaB0xff4
0x1888	0x187bB0x1af5B0xff4
0x1891	0x188eB0x18a5B0xf0c
0x1891	0x188eB0x18a5B0x1140
0x1891	0x188eB0x1addB0xff4
0x1891	0x188eB0x1ac0B0xff4
0x1891	0x188eB0x1baaB0xff4
0x1891	0x188eB0x1af5B0xff4
0x1892	0x188eB0x18a5B0xf0c
0x1892	0x188eB0x18a5B0x1140
0x1892	0x188eB0x1addB0xff4
0x1892	0x188eB0x1ac0B0xff4
0x1892	0x188eB0x1baaB0xff4
0x1892	0x188eB0x1af5B0xff4
0x1895	0x188eB0x18a5B0xf0c
0x1895	0x188eB0x18a5B0x1140
0x1895	0x188eB0x1addB0xff4
0x1895	0x188eB0x1ac0B0xff4
0x1895	0x188eB0x1baaB0xff4
0x1895	0x188eB0x1af5B0xff4
0x189d	0x189cB0xf0c
0x189d	0x189cB0x1140
0x189e	0x189cB0xf0c
0x189e	0x189cB0x1140
0x18a8	0x18a5B0xf0c
0x18a8	0x18a5B0x1140
0x18ac	0x18a5B0xf0c
0x18ac	0x18a5B0x1140
0x18ae	0x18a5B0xf0c
0x18ae	0x18a5B0x1140
0x18b4	0x18b3B0xf0c
0x18b4	0x18b3B0x1140
0x18b5	0x18b3B0xf0c
0x18b5	0x18b3B0x1140
0x18b8	0x18b7B0x179a
0x18b9	0x18b7B0x179a
0x18bc	0x18b7B0x179a
0x18bd	0x18b7B0x179a
0x18be	0x18b7B0x179a
0x18cb	0x18caB0x179a
0x18d0	0x18caB0x179a
0x18d6	0x18d5B0x179a
0x18df	0x18dcB0x179a
0x18e3	0x18dcB0x179a
0x1906	0x18dcB0x179a
0x1908	0x18dcB0x179a
0x1943	0x191dB0x179a
0x1947	0x1946B0x179a
0x1948	0x1946B0x179a
0x1951	0x194eB0x179a
0x1955	0x194eB0x179a
0x1978	0x194eB0x179a
0x197a	0x194eB0x179a
0x19c6	0x19b0B0xb9d
0x19c6	0x19b0B0xcbe
0x19c6	0x19b0B0x149
0x19c6	0x19b0B0x860
0x19c6	0x19b0B0xebf
0x19c6	0x19b0B0x1111
0x19ec	0x19b0B0xb9d
0x19ec	0x19b0B0xcbe
0x19ec	0x19b0B0x149
0x19ec	0x19b0B0x860
0x19ec	0x19b0B0xebf
0x19ec	0x19b0B0x1111
0x19ed	0x19b0B0xb9d
0x19ed	0x19b0B0xcbe
0x19ed	0x19b0B0x149
0x19ed	0x19b0B0x860
0x19ed	0x19b0B0xebf
0x19ed	0x19b0B0x1111
0x19f3	0x19f2B0xb9d
0x19f3	0x19f2B0xcbe
0x19f3	0x19f2B0x149
0x19f3	0x19f2B0x860
0x19f3	0x19f2B0xebf
0x19f3	0x19f2B0x1111
0x19f9	0x19f8B0xb9d
0x19f9	0x19f8B0xcbe
0x19f9	0x19f8B0x149
0x19f9	0x19f8B0x860
0x19f9	0x19f8B0xebf
0x19f9	0x19f8B0x1111
0x1a26	0x19ffB0xb9d
0x1a26	0x19ffB0xcbe
0x1a26	0x19ffB0x149
0x1a26	0x19ffB0x860
0x1a26	0x19ffB0xebf
0x1a26	0x19ffB0x1111
0x1a2b	0x19ffB0xb9d
0x1a2b	0x19ffB0xcbe
0x1a2b	0x19ffB0x149
0x1a2b	0x19ffB0x860
0x1a2b	0x19ffB0xebf
0x1a2b	0x19ffB0x1111
0x1a30	0x1a2fB0xb9d
0x1a30	0x1a2fB0xcbe
0x1a30	0x1a2fB0x149
0x1a30	0x1a2fB0x860
0x1a30	0x1a2fB0xebf
0x1a30	0x1a2fB0x1111
0x1a31	0x1a2fB0xb9d
0x1a31	0x1a2fB0xcbe
0x1a31	0x1a2fB0x149
0x1a31	0x1a2fB0x860
0x1a31	0x1a2fB0xebf
0x1a31	0x1a2fB0x1111
0x1a62	0x1a5dB0xb9d
0x1a62	0x1a5dB0xcbe
0x1a62	0x1a5dB0x149
0x1a62	0x1a5dB0x860
0x1a62	0x1a5dB0xebf
0x1a62	0x1a5dB0x1111
0x1a63	0x1a5dB0xb9d
0x1a63	0x1a5dB0xcbe
0x1a63	0x1a5dB0x149
0x1a63	0x1a5dB0x860
0x1a63	0x1a5dB0xebf
0x1a63	0x1a5dB0x1111
0x1a70	0x1a6fB0x1013
0x1a70	0x1a6fB0x1150
0x1a70	0x1a6fB0x1caf
0x1a70	0x1a6fB0x1a98B0x86f
0x1a70	0x1a6fB0x1a98B0xf1b
0x1a74	0x1a6fB0x1013
0x1a74	0x1a6fB0x1150
0x1a74	0x1a6fB0x1caf
0x1a74	0x1a6fB0x1a98B0x86f
0x1a74	0x1a6fB0x1a98B0xf1b
0x1a7a	0x1a79B0x1013
0x1a7a	0x1a79B0x1150
0x1a7a	0x1a79B0x1caf
0x1a7a	0x1a79B0x1a98B0x86f
0x1a7a	0x1a79B0x1a98B0xf1b
0x1a81	0x1a79B0x1013
0x1a81	0x1a79B0x1150
0x1a81	0x1a79B0x1caf
0x1a81	0x1a79B0x1a98B0x86f
0x1a81	0x1a79B0x1a98B0xf1b
0x1a82	0x1a79B0x1013
0x1a82	0x1a79B0x1150
0x1a82	0x1a79B0x1caf
0x1a82	0x1a79B0x1a98B0x86f
0x1a82	0x1a79B0x1a98B0xf1b
0x1a88	0x1a87B0x1013
0x1a88	0x1a87B0x1150
0x1a88	0x1a87B0x1caf
0x1a88	0x1a87B0x1a98B0x86f
0x1a88	0x1a87B0x1a98B0xf1b
0x1a8f	0x1a87B0x1013
0x1a8f	0x1a87B0x1150
0x1a8f	0x1a87B0x1caf
0x1a8f	0x1a87B0x1a98B0x86f
0x1a8f	0x1a87B0x1a98B0xf1b
0x1a96	0x1a93B0x1013
0x1a96	0x1a93B0x1150
0x1a96	0x1a93B0x1caf
0x1a96	0x1a93B0x1a98B0x86f
0x1a96	0x1a93B0x1a98B0xf1b
0x1a99	0x1a98B0x86f
0x1a99	0x1a98B0xf1b
0x1a9c	0x1a98B0x86f
0x1a9c	0x1a98B0xf1b
0x1a9d	0x1a98B0x86f
0x1a9d	0x1a98B0xf1b
0x1a9e	0x1a98B0x86f
0x1a9e	0x1a98B0xf1b
0x1aa1	0x1a98B0x86f
0x1aa1	0x1a98B0xf1b
0x1aa3	0x1a98B0x86f
0x1aa3	0x1a98B0xf1b
0x1aa5	0x1a98B0x86f
0x1aa5	0x1a98B0xf1b
0x1ab0	0x1aafB0x86f
0x1ab0	0x1aafB0xf1b
0x1abb	0x1ab8B0x86f
0x1abb	0x1ab8B0xf1b
0x1abd	0x1ab8B0x86f
0x1abd	0x1ab8B0xf1b
0x1ac4	0x1ac0B0xff4
0x1ac6	0x1ac0B0xff4
0x1aca	0x1ac0B0xff4
0x1acb	0x1ac0B0xff4
0x1ad1	0x1ad0B0xff4
0x1ad2	0x1ad0B0xff4
0x1ad3	0x1ad0B0xff4
0x1ad6	0x1ad0B0xff4
0x1ad7	0x1ad0B0xff4
0x1ae0	0x1addB0xff4
0x1ae1	0x1addB0xff4
0x1af0	0x1aecB0xff4
0x1af9	0x1af5B0xff4
0x1afc	0x1af5B0xff4
0x1b1e	0x1af5B0xff4
0x1b25	0x1af5B0xff4
0x1b27	0x1af5B0xff4
0x1b2d	0x1b2cB0xff4
0x1b2e	0x1b2cB0xff4
0x1b2f	0x1b2cB0xff4
0x1b38	0x1b35B0xff4
0x1b39	0x1b35B0xff4
0x1b3d	0x1b35B0xff4
0x1b3e	0x1b35B0xff4
0x1b61	0x1b35B0xff4
0x1b63	0x1b35B0xff4
0x1b70	0x1b6fB0xff4
0x1b73	0x1b72B0xff4
0x1b74	0x1b72B0xff4
0x1b75	0x1b72B0xff4
0x1b78	0x1b77B0xff4
0x1b79	0x1b77B0xff4
0x1b7a	0x1b77B0xff4
0x1b7b	0x1b77B0xff4
0x1ba7	0x1b81B0xff4
0x1bae	0x1baaB0xff4
0x1bb4	0x1bb3B0xff4
0x1bb5	0x1bb3B0xff4
0x1bb6	0x1bb3B0xff4
0x1bb7	0x1bb3B0xff4
0x1bc0	0x1bbdB0xff4
0x1bc4	0x1bbdB0xff4
0x1bc5	0x1bbdB0xff4
0x1be8	0x1bbdB0xff4
0x1bea	0x1bbdB0xff4
0x1bf9	0x1bf6B0xff4
0x1bfc	0x1bfb
0x1bff	0x1bfb
0x1c00	0x1bfb
0x1c39	0x1bfb
0x1c40	0x1bfb
0x1c46	0x1bfb
0x1c48	0x1bfb
0x1c6a	0x1bfb
0x1c6b	0x1bfb
0x1c6c	0x1bfb
0x1c70	0x1bfb
0x1c77	0x1bfb
0x1c7c	0x1bfb
0x1c7e	0x1bfb
0x1ca6	0x1c83
0x1ca8	0x1c83
0x1caa	0x1c83
0x1cb1	0x1caf
0x1cb4	0x1caf
0x1cbd	0x1cbc
0x1cc3	0x1cc2
0x1cc9	0x1cc8
0x1cca	0x1cc8
0x1ccd	0x1ccc
0x1cce	0x1ccc
0x1ccf	0x1ccc
0x1cd2	0x1ccc
0x1cd3	0x1ccc
0x1cd5	0x1ccc
0x1ce2	0x1cdd
0x1ce5	0x1ce4
0x1ce6	0x1ce4
0x1ce9	0x1ce4
0x1ced	0x1ce4
0x1cf6	0x1cf2
0x1cfa	0x1cf2
0x1d00	0x1cff
0x1d01	0x1cff
0x1d02	0x1cff
0x1d03	0x1cff
0x1d1e	0x1d08
0x1d42	0x1d08
0x1d45	0x1d08
0x1d48	0x1d47B0x1cf2
0x1d4a	0x1d47B0x1cf2
0x1d4b	0x1d47B0x1cf2
0x1d4e	0x1d47B0x1cf2
0x1d57	0x1d54B0x1cf2
0x1d58	0x1d54B0x1cf2
0x1d5b	0x1d54B0x1cf2
0x1d5e	0x1d54B0x1cf2
0x1d63	0x1d54B0x1cf2
0x1d66	0x1d54B0x1cf2
0x1d6c	0x1d54B0x1cf2
0x1d72	0x1d71B0x1cf2
0x1d73	0x1d71B0x1cf2
0x1d74	0x1d71B0x1cf2
0x1d75	0x1d71B0x1cf2
0x1d76	0x1d71B0x1cf2
0x1d79	0x1d78B0x1cf2
0x1d7a	0x1d78B0x1cf2
0x1d7d	0x1d78B0x1cf2
0x1d80	0x1d78B0x1cf2
0x1d81	0x1d78B0x1cf2
0x1d86	0x1d83B0x1cff
0x1d93	0x1d92B0x1cff
0x1d98	0x1d95B0x1cff
0x1dc4	0x1d9eB0x1cff
0x1dca	0x1dc7B0x1cff
0x1dd2	0x1dd0B0x1cff
0x1dd6	0x1dd0B0x1cff
0x1df8	0x1dd0B0x1cff
0x1dfc	0x1dd0B0x1cff
0x1e0d	0x1e0aB0x1cff
0x1e11	0x1e0aB0x1cff
0x1e33	0x1e0aB0x1cff
0x1e37	0x1e0aB0x1cff
0x1e6b	0x1e6aB0x1d54B0x1cf2
0x1e6c	0x1e6aB0x1d54B0x1cf2
0x1e8e	0x1e6aB0x1d54B0x1cf2
0x1e97	0x1e94B0x1d54B0x1cf2
0x1e98	0x1e94B0x1d54B0x1cf2
0x1e9d	0x1e94B0x1d54B0x1cf2
0x1ea1	0x1e94B0x1d54B0x1cf2
0x1ea2	0x1e94B0x1d54B0x1cf2
0x1ea5	0x1e94B0x1d54B0x1cf2
0x1ea6	0x1e94B0x1d54B0x1cf2
0x1eab	0x1e94B0x1d54B0x1cf2
0x1eb0	0x1e94B0x1d54B0x1cf2
0x1eb5	0x1e94B0x1d54B0x1cf2
0x1eb6	0x1e94B0x1d54B0x1cf2
0x1eb7	0x1e94B0x1d54B0x1cf2
0x1eb8	0x1e94B0x1d54B0x1cf2
0x1eb9	0x1e94B0x1d54B0x1cf2
0x1edb	0x1ec4B0x1d54B0x1cf2
0x1ee3	0x1ee2B0x1d54B0x1cf2
0x1ee4	0x1ee2B0x1d54B0x1cf2
0x1ee7	0x1ee6B0x1d54B0x1cf2
0x1ee8	0x1ee6B0x1d54B0x1cf2
0x1ee9	0x1ee6B0x1d54B0x1cf2
0x1eec	0x1ee6B0x1d54B0x1cf2
0x1eed	0x1ee6B0x1d54B0x1cf2
0x1ef3	0x1eefB0x1d54B0x1cf2
0x1ef5	0x1eefB0x1d54B0x1cf2
0x1ef6	0x1eefB0x1d54B0x1cf2
0x1ef9	0x1eefB0x1d54B0x1cf2
0x1efc	0x1efbB0x1d54B0x1cf2
0x1efd	0x1efbB0x1d54B0x1cf2
0x1efe	0x1efbB0x1d54B0x1cf2
0x1f01	0x1efbB0x1d54B0x1cf2
0x1f04	0x1efbB0x1d54B0x1cf2
0x1f05	0x1efbB0x1d54B0x1cf2
0x3e75	0x3e74
0x3e76	0x3e74
0x3e98	0x3e97
0x3e99	0x3e97
0x3ebb	0x3eba
0x3edd	0x3edc
0x3eff	0x3efe
0x3f21	0x3f20
0x3f22	0x3f20
0x3f44	0x3f43
0x3f45	0x3f43
0x3f67	0x3f66
0x3f69	0x3f66
0x3f6b	0x3f66
0x3f6c	0x3f66
0x3f6f	0x3f66
0x3f91	0x3f900x2f2
0x3f91	0x3f900x68f
0x3f93	0x3f900x2f2
0x3f93	0x3f900x68f
0x3f94	0x3f900x2f2
0x3f94	0x3f900x68f
0x3fb5	0x3fb4
0x3fb6	0x3fb4
0x3fd8	0x3fd7
0x3fd9	0x3fd7
0x3ffb	0x3ffa
0x3ffc	0x3ffa
0x401e	0x401d
0x401f	0x401d
0x4041	0x4040
0x4043	0x4040
0x4045	0x4040
0x4046	0x4040
0x4049	0x4040
0x406b	0x406a
0x408d	0x408c
0x40af	0x40ae
0x40b0	0x40ae
0x40d2	0x40d1
0x40d3	0x40d1
0x40f5	0x40f4
0x4117	0x4116
0x4118	0x4116
0x413a	0x4139
0x413b	0x4139
0x415d	0x415c
0x415e	0x415c
0x4180	0x417f
0x4181	0x417f
0x41a3	0x41a2
0x41a4	0x41a2
0x41c6	0x41c5
0x41c7	0x41c5
0x41e9	0x41e8
0x41ea	0x41e8
0x420c	0x420b
0x422e	0x422d
0x4250	0x424f
0x4272	0x4271
0x4294	0x4293
0x4295	0x4293
0x42b7	0x42b6
0x42b8	0x42b6
0x42da	0x42d9
0x42db	0x42d9
0x42fd	0x42fc
0x42fe	0x42fc
0x4320	0x431f
0x4321	0x431f
0x4343	0x4342
0x4344	0x4342
0x4368	0x4365
0x4369	0x4365
0x436c	0x4365
0x438e	0x438d
0x43b0	0x43af
0x43b1	0x43af
0x43d3	0x43d2
0x43d4	0x43d2
0x43f8	0x43f5
0x43f9	0x43f5
0x43fc	0x43f5
0x441e	0x441d
0x441f	0x441d
0x4441	0x4440
0x4442	0x4440
0x4464	0x4463
0x4465	0x4463
0x44a9	0x4486
0x44cc	0x44cb
0x44cd	0x44cb
0x44ef	0x44ee
0x4511	0x4510
0x4512	0x4510
0x4534	0x4533
0x4556	0x4555
0x4557	0x4555
0x4579	0x4578
0x457a	0x4578
0x459c	0x459b
0x459d	0x459b
0x45e1	0x45be
0x4604	0x4603
0x4626	0x4625
0x4648	0x4647
0x466a	0x4669
0x468c	0x468b
0x46ae	0x46ad
0x46d0	0x46cf
0x46f2	0x46f1
0x4714	0x4713
0x4736	0x4735
0x4758	0x4757
0x4759	0x4757
0x477b	0x477a
0x477c	0x477a
0x479e	0x479d
0x479f	0x479d
0x48fb	0x48f8B0x9b72
0x48fb	0x48f8B0x9bde
0x48fb	0x48f8B0x9c28
0x48fb	0x48f8B0x12e3
0x48fb	0x48f8B0x1b35B0xff4
0x48fb	0x48f8B0x1bbdB0xff4
0x48fb	0x48f8B0x18dcB0x179a
0x48fb	0x48f8B0x194eB0x179a
0x491f	0x491cB0x142
0x491f	0x491cB0x293
0x491f	0x491cB0x425
0x491f	0x491cB0x772
0x491f	0x491cB0x833
0x491f	0x491cB0xb4b
0x491f	0x491cB0x1238
0x4943	0x4940B0x29a
0x4943	0x4940B0x779
0x4943	0x4940B0x123f
0x4967	0x4964B0x84e
0x4967	0x4964B0xb66
0x4967	0x4964B0x2b8
0x4967	0x4964B0x7ca
0x4967	0x4964B0x11c3
0x4967	0x4964B0x125d
0x498b	0x4988B0x84e
0x498b	0x4988B0xb66
0x498b	0x4988B0x2b8
0x498b	0x4988B0x7ca
0x498b	0x4988B0x11c3
0x498b	0x4988B0x125d
0x49af	0x49acB0x84e
0x49af	0x49acB0xb66
0x49af	0x49acB0x2b8
0x49af	0x49acB0x7ca
0x49af	0x49acB0x11c3
0x49af	0x49acB0x125d
0x49d3	0x49d0B0x798
0x49d3	0x49d0B0x7b1
0x49d3	0x49d0B0xe7f
0x49d3	0x49d0B0xe99
0x49d3	0x49d0B0xeb3
0x49d3	0x49d0B0x10ec
0x49d3	0x49d0B0x1105
0x49f7	0x49f4B0x798
0x49f7	0x49f4B0x7b1
0x49f7	0x49f4B0xe7f
0x49f7	0x49f4B0xe99
0x49f7	0x49f4B0xeb3
0x49f7	0x49f4B0x10ec
0x49f7	0x49f4B0x1105
0x4a1b	0x4a18B0x798
0x4a1b	0x4a18B0x7b1
0x4a1b	0x4a18B0xe7f
0x4a1b	0x4a18B0xe99
0x4a1b	0x4a18B0xeb3
0x4a1b	0x4a18B0x10ec
0x4a1b	0x4a18B0x1105
0x4adb	0x4ad8B0x9bba
0x4adb	0x4ad8B0x9c04
0x4aff	0x4afcB0x18a5B0xf0c
0x4aff	0x4afcB0x18a5B0x1140
0x4aff	0x4afcB0x1addB0xff4
0x4aff	0x4afcB0x1ac0B0xff4
0x4aff	0x4afcB0x1baaB0xff4
0x4aff	0x4afcB0x1af5B0xff4
0x4b23	0x4b20B0x18a5B0xf0c
0x4b23	0x4b20B0x18a5B0x1140
0x4b23	0x4b20B0x1addB0xff4
0x4b23	0x4b20B0x1ac0B0xff4
0x4b23	0x4b20B0x1baaB0xff4
0x4b23	0x4b20B0x1af5B0xff4
0x4b47	0x4b44B0x18a5B0xf0c
0x4b47	0x4b44B0x18a5B0x1140
0x4b47	0x4b44B0x1addB0xff4
0x4b47	0x4b44B0x1ac0B0xff4
0x4b47	0x4b44B0x1baaB0xff4
0x4b47	0x4b44B0x1af5B0xff4
0x4bdd	0x4bb6B0x179a
0x4c50	0x4c4dB0x179a
0x4c74	0x4c71B0x179a
0x4cbc	0x4c95B0xff4
0x4d2d	0x4d2cB0xff4
0x4d2e	0x4d2cB0xff4
0x4d52	0x4d4fB0xff4
0x4d76	0x4d73
0x9b51	0x9b50
0x9b74	0x9b72
0x9b99	0x9b98
0x9be0	0x9bde
0x9c2a	0x9c28
0x9c97	0x9c96B0x179a
0x9cb9	0x9cb8B0x179a
0x9cde	0x9cddB0x179a
0x9d00	0x9cffB0x179a
0x9d25	0x9d24B0xff4
0x9d4a	0x9d49B0xff4
0x9d6f	0x9d6eB0xff4
