0x0	nil
0xf	nil
0x4	nil
0x8	nil
0x3f	nil
0x2	nil
0x5	nil
0x7	nil
0x9	nil
0xd	nil
0xe	nil
0x11	nil
0x13	nil
0x18	nil
0x19	nil
0x1e	nil
0x23	nil
0x29	nil
0x2e	nil
0x34	nil
0x39	nil
0x44	nil
0x49	nil
0x4f	nil
0x54	nil
0x5a	nil
0x5f	nil
0x65	nil
0x6a	nil
0x70	nil
0x75	nil
0x7a	nil
0x7f	nil
0x80	nil
0x84	nil
0x99	nil
0xae	nil
0xaf	nil
0xb2	nil
0xb5	nil
0xb6	nil
0xb8	nil
0xba	nil
0xbb	nil
0xbc	nil
0xbe	nil
0xc1	nil
0xc6	nil
0xcc	nil
0xce	nil
0xcf	nil
0xd3	nil
0xd4	nil
0xd7	nil
0xd8	nil
0xdd	nil
0xf2	nil
0x107	nil
0x108	nil
0x10b	nil
0x10e	nil
0x10f	nil
0x111	nil
0x113	nil
0x114	nil
0x115	nil
0x117	nil
0x11a	nil
0x11f	nil
0x125	nil
0x127	nil
0x128	nil
0x12c	nil
0x12d	nil
0x130	nil
0x131	nil
0x136	nil
0x138	nil
0x139	nil
0x13d	nil
0x142	nil
0x145	nil
0x14a	nil
0x14c	nil
0x14d	nil
0x152	nil
0x157	nil
0x159	nil
0x15c	nil
0x160	nil
0x162	nil
0x163	nil
0x167	nil
0x16c	nil
0x16f	nil
0x174	nil
0x176	nil
0x177	nil
0x17c	nil
0x181	nil
0x183	nil
0x186	nil
0x18a	nil
0x18c	nil
0x18d	nil
0x191	nil
0x196	nil
0x199	nil
0x19e	nil
0x1a0	nil
0x1a1	nil
0x1a6	nil
0x1ab	nil
0x1ad	nil
0x1b0	nil
0x1b4	nil
0x1b6	nil
0x1b7	nil
0x1bb	nil
0x1c0	nil
0x1c3	nil
0x1ca	nil
0x1cc	nil
0x1cd	nil
0x1d1	nil
0x1d6	nil
0x1d9	nil
0x1dc	nil
0x1dd	nil
0x1df	nil
0x1e1	nil
0x1e6	nil
0x1eb	nil
0x1f0	nil
0x1f2	nil
0x1f3	nil
0x1f8	nil
0x1fd	nil
0x1ff	nil
0x202	nil
0x206	nil
0x208	nil
0x209	nil
0x20d	nil
0x212	nil
0x215	nil
0x21a	nil
0x21c	nil
0x21d	nil
0x222	nil
0x227	nil
0x229	nil
0x22c	nil
0x230	nil
0x232	nil
0x233	nil
0x237	nil
0x23c	nil
0x23f	nil
0x242	nil
0x243	nil
0x245	nil
0x247	nil
0x24c	nil
0x251	nil
0x258	nil
0x25a	nil
0x25b	nil
0x25f	nil
0x264	nil
0x267	nil
0x26c	nil
0x26e	nil
0x26f	nil
0x274	nil
0x279	nil
0x27b	nil
0x27e	nil
0x282	nil
0x29a	nil
0x2b2	nil
0x382	nil
0x384	nil
0x399	nil
0x39a	nil
0x39f	nil
0x3b5	nil
0x3b7	nil
0x3b9	nil
0x3be	nil
0x3bf	nil
0x3c1	nil
0x3c4	nil
0x3c6	nil
0x3c7	nil
0x3cd	nil
0x3d2	nil
0x3d4	nil
0x3d6	nil
0x3d9	nil
0x3db	nil
0x3dd	nil
0x3de	nil
0x3df	nil
0x3e1	nil
0x3e2	nil
0x3e6	nil
0x3e7	nil
0x3ea	nil
0x3eb	nil
0x3f2	nil
0x3f4	nil
0x3f5	nil
0x3f6	nil
0x3f8	nil
0x3f9	nil
0x3fc	nil
0x3fd	nil
0x3ff	nil
0x401	nil
0x406	nil
0x408	nil
0x40d	nil
0x413	nil
0x414	nil
0x429	nil
0x43e	nil
0x43f	nil
0x444	nil
0x445	nil
0x447	nil
0x449	nil
0x44e	nil
0x44f	nil
0x451	nil
0x454	nil
0x456	nil
0x457	nil
0x45c	nil
0x461	nil
0x463	nil
0x465	nil
0x468	nil
0x46b	nil
0x46c	nil
0x46d	nil
0x46f	nil
0x470	nil
0x474	nil
0x475	nil
0x478	nil
0x479	nil
0x480	nil
0x482	nil
0x483	nil
0x484	nil
0x486	nil
0x487	nil
0x48a	nil
0x48b	nil
0x48d	nil
0x48f	nil
0x494	nil
0x496	nil
0x49b	nil
0x4a2	nil
0x4b7	nil
0x4cc	nil
0x4cd	nil
0x4d2	nil
0x4d4	nil
0x4d6	nil
0x4d9	nil
0x4da	nil
0x4df	nil
0x4f4	nil
0x4f7	nil
0x4f9	nil
0x4fa	nil
0x50f	nil
0x524	nil
0x527	nil
0x529	nil
0x52b	nil
0x52f	nil
0x532	nil
0x534	nil
0x535	nil
0x536	nil
0x54b	nil
0x54e	nil
0x550	nil
0x554	nil
0x556	nil
0x55a	nil
0x55c	nil
0x55d	nil
0x560	nil
0x562	nil
0x563	nil
0x564	nil
0x579	nil
0x57d	nil
0x57f	nil
0x581	nil
0x586	nil
0x587	nil
0x589	nil
0x58c	nil
0x58e	nil
0x58f	nil
0x594	nil
0x599	nil
0x59b	nil
0x59d	nil
0x5a0	nil
0x5a2	nil
0x5a4	nil
0x5a5	nil
0x5a6	nil
0x5a8	nil
0x5a9	nil
0x5ad	nil
0x5ae	nil
0x5b1	nil
0x5b2	nil
0x5b9	nil
0x5bb	nil
0x5bc	nil
0x5bd	nil
0x5bf	nil
0x5c0	nil
0x5c3	nil
0x5c4	nil
0x5c6	nil
0x5c8	nil
0x5cd	nil
0x5cf	nil
0x5d4	nil
0x5da	nil
0x5db	nil
0x5f0	nil
0x605	nil
0x606	nil
0x60b	nil
0x60c	nil
0x60e	nil
0x610	nil
0x615	nil
0x616	nil
0x618	nil
0x61b	nil
0x61d	nil
0x61e	nil
0x623	nil
0x628	nil
0x62a	nil
0x62c	nil
0x62f	nil
0x632	nil
0x633	nil
0x634	nil
0x636	nil
0x637	nil
0x63b	nil
0x63c	nil
0x63f	nil
0x640	nil
0x647	nil
0x649	nil
0x64a	nil
0x64b	nil
0x64d	nil
0x64e	nil
0x651	nil
0x652	nil
0x654	nil
0x656	nil
0x65b	nil
0x65d	nil
0x662	nil
0x669	nil
0x66c	nil
0x671	nil
0x679	nil
0x68e	nil
0x68f	nil
0x694	nil
0x6a9	nil
0x6aa	nil
0x6ac	nil
0x6ae	nil
0x6b3	nil
0x6b4	nil
0x6b6	nil
0x6b9	nil
0x6bb	nil
0x6bc	nil
0x6c2	nil
0x6c7	nil
0x6c9	nil
0x6cb	nil
0x6ce	nil
0x6d0	nil
0x6d2	nil
0x6d3	nil
0x6d4	nil
0x6d6	nil
0x6d7	nil
0x6db	nil
0x6dc	nil
0x6df	nil
0x6e0	nil
0x6e7	nil
0x6e9	nil
0x6ea	nil
0x6eb	nil
0x6ed	nil
0x6ee	nil
0x6f1	nil
0x6f2	nil
0x6f4	nil
0x6f6	nil
0x6fb	nil
0x6fd	nil
0x702	nil
0x708	nil
0x71d	nil
0x732	nil
0x733	nil
0x739	nil
0x73b	nil
0x73d	nil
0x742	nil
0x743	nil
0x745	nil
0x748	nil
0x74a	nil
0x74b	nil
0x750	nil
0x755	nil
0x756	nil
0x758	nil
0x75b	nil
0x75d	nil
0x760	nil
0x761	nil
0x763	nil
0x764	nil
0x768	nil
0x76d	nil
0x76e	nil
0x76f	nil
0x771	nil
0x772	nil
0x776	nil
0x777	nil
0x77a	nil
0x77b	nil
0x782	nil
0x783	nil
0x786	nil
0x788	nil
0x789	nil
0x78a	nil
0x78e	nil
0x78f	nil
0x7a4	nil
0x7b9	nil
0x7bb	nil
0x7bd	nil
0x7be	nil
0x7c2	nil
0x7c7	nil
0x7c8	nil
0x7ca	nil
0x7cd	nil
0x7d1	nil
0x7d2	nil
0x7d7	nil
0x7d9	nil
0x7db	nil
0x7dc	nil
0x7e0	nil
0x7e2	nil
0x7e5	nil
0x7e7	nil
0x7e8	nil
0x7ea	nil
0x7eb	nil
0x7ec	nil
0x7ee	nil
0x7ef	nil
0x7f2	nil
0x7f5	nil
0x7f6	nil
0x7f7	nil
0x7fa	nil
0x7fc	nil
0x801	nil
0x80b	nil
0x80f	nil
0x811	nil
0x812	nil
0x835	nil
0x837	nil
0x838	nil
0x83c	nil
0x841	nil
0x843	nil
0x846	nil
0x85b	nil
0x873	nil
0x874	nil
0x889	nil
0x88a	nil
0x8ae	nil
0x8b0	nil
0x8b1	nil
0x8b8	nil
0x8bd	nil
0x8bf	nil
0x8c2	nil
0x8c5	nil
0x8e6	nil
0x8e7	nil
0x8e9	nil
0x8ea	nil
0x8ef	nil
0x8f4	nil
0x8f6	nil
0x8f9	nil
0x8fc	nil
0x91e	nil
0x920	nil
0x921	nil
0x926	nil
0x92b	nil
0x92d	nil
0x930	nil
0x933	nil
0x955	nil
0x957	nil
0x958	nil
0x95d	nil
0x962	nil
0x964	nil
0x967	nil
0x96a	nil
0x98c	nil
0x98e	nil
0x98f	nil
0x994	nil
0x999	nil
0x99b	nil
0x99e	nil
0x9a1	nil
0x9a2	nil
0x9b7	nil
0x9b9	nil
0x9ce	nil
0x9cf	nil
0x9d1	nil
0x9d6	nil
0x9d7	nil
0x9ec	nil
0x9ee	nil
0xa03	nil
0xa04	nil
0xa07	nil
0xa0c	nil
0xa0d	nil
0xa22	nil
0xa24	nil
0xa39	nil
0xa3a	nil
0xa3c	nil
0xa3d	nil
0xa41	nil
0xa62	nil
0xa64	nil
0xa65	nil
0xa69	nil
0xa6e	nil
0xa70	nil
0xa73	nil
0xa76	nil
0xa77	nil
0xa8c	nil
0xa8d	nil
0xaae	nil
0xaaf	nil
0xab1	nil
0xab2	nil
0xab7	nil
0xabc	nil
0xabe	nil
0xac1	nil
0xac4	nil
0xac6	nil
0xac7	nil
0xaea	nil
0xaec	nil
0xaed	nil
0xaef	nil
0xaf2	nil
0xaf6	nil
0xaf7	nil
0xafa	nil
0xafb	nil
0xb00	nil
0xb07	nil
0xb29	nil
0xb2b	nil
0xb2c	nil
0xb31	nil
0xb36	nil
0xb38	nil
0xb3b	nil
0xb3e	nil
0xb42	nil
0xb46	nil
0xb4b	nil
0xb60	nil
0xb61	nil
0xb66	nil
0xb67	nil
0xb69	nil
0xb6b	nil
0xb70	nil
0xb71	nil
0xb73	nil
0xb76	nil
0xb78	nil
0xb79	nil
0xb7e	nil
0xb83	nil
0xb85	nil
0xb87	nil
0xb8a	nil
0xb8d	nil
0xb8e	nil
0xb94	nil
0xb95	nil
0xb9a	nil
0xb9c	nil
0xb9d	nil
0xb9e	nil
0xba0	nil
0xba1	nil
0xba4	nil
0xba5	nil
0xba7	nil
0xba9	nil
0xbae	nil
0xbb0	nil
0xbb5	nil
0xbba	nil
0xbbd	nil
0xbc1	nil
0xbc4	nil
0xbca	nil
0xbcf	nil
0xbd0	nil
0xbd5	nil
0xbd8	nil
0xbde	nil
0xbe3	nil
0xbe8	nil
0xc0a	nil
0xc0c	nil
0xc0d	nil
0xc12	nil
0xc17	nil
0xc19	nil
0xc1c	nil
0xc1f	nil
0xc20	nil
0xc35	nil
0xc36	nil
0xc57	nil
0xc58	nil
0xc5a	nil
0xc5b	nil
0xc60	nil
0xc65	nil
0xc67	nil
0xc6a	nil
0xc6e	nil
0xc70	nil
0xc71	nil
0xc94	nil
0xc96	nil
0xc97	nil
0xc9c	nil
0xca1	nil
0xca3	nil
0xca6	nil
0xcac	nil
0xccd	nil
0xccf	nil
0xcd0	nil
0xcd4	nil
0xcd9	nil
0xcdb	nil
0xcde	nil
0xce1	nil
0xce2	nil
0xcf7	nil
0xcf8	nil
0xd19	nil
0xd1a	nil
0xd1c	nil
0xd1d	nil
0xd22	nil
0xd27	nil
0xd29	nil
0xd2c	nil
0xd2f	nil
0xd31	nil
0xd32	nil
0xd55	nil
0xd57	nil
0xd58	nil
0xd5c	nil
0xd61	nil
0xd63	nil
0xd66	nil
0xd6a	nil
0xd8c	nil
0xd8d	nil
0xd8f	nil
0xd90	nil
0xd95	nil
0xd9a	nil
0xd9c	nil
0xd9f	nil
0xda3	nil
0xda4	nil
0xda8	nil
0xdc9	nil
0xdcb	nil
0xdcc	nil
0xdd0	nil
0xdd5	nil
0xdd7	nil
0xdda	nil
0xddd	nil
0xdde	nil
0xdf3	nil
0xdf4	nil
0xe15	nil
0xe16	nil
0xe18	nil
0xe19	nil
0xe1e	nil
0xe23	nil
0xe25	nil
0xe28	nil
0xe2b	nil
0xe2c	nil
0xe2e	nil
0xe2f	nil
0xe52	nil
0xe54	nil
0xe55	nil
0xe5a	nil
0xe5f	nil
0xe61	nil
0xe64	nil
0xe6a	nil
0xe6b	nil
0xe6f	nil
0xe90	nil
0xe92	nil
0xe94	nil
0xe95	nil
0xe9a	nil
0xe9f	nil
0xea1	nil
0xea4	nil
0xea8	nil
0xebd	nil
0xebe	nil
0xec3	nil
0xec5	nil
0xec7	nil
0xecc	nil
0xecd	nil
0xecf	nil
0xed2	nil
0xed4	nil
0xed5	nil
0xed6	nil
0xed8	nil
0xedb	nil
0xedd	nil
0xee0	nil
0xee1	nil
0xee3	nil
0xee4	nil
0xee8	nil
0xeed	nil
0xeee	nil
0xef4	nil
0xef5	nil
0xefa	nil
0xefd	nil
0xf01	nil
0xf04	nil
0xf0a	nil
0xf0f	nil
0xf10	nil
0xf15	nil
0xf18	nil
0xf1e	nil
0xf23	nil
0xf28	nil
0xf4a	nil
0xf4c	nil
0xf4d	nil
0xf52	nil
0xf57	nil
0xf59	nil
0xf5c	nil
0xf5f	nil
0xf60	nil
0xf75	nil
0xf76	nil
0xf97	nil
0xf98	nil
0xf9a	nil
0xf9b	nil
0xfa0	nil
0xfa5	nil
0xfa7	nil
0xfaa	nil
0xfad	nil
0xfae	nil
0xfc3	nil
0xfc4	nil
0xfe5	nil
0xfe6	nil
0xfe8	nil
0xfe9	nil
0xfee	nil
0xff3	nil
0xff5	nil
0xff8	nil
0xffc	nil
0xffe	nil
0xfff	nil
0x1022	nil
0x1024	nil
0x1025	nil
0x102a	nil
0x102f	nil
0x1031	nil
0x1034	nil
0x103a	nil
0x105b	nil
0x105d	nil
0x105e	nil
0x1062	nil
0x1067	nil
0x1069	nil
0x106c	nil
0x106f	nil
0x1070	nil
0x1085	nil
0x1086	nil
0x10a7	nil
0x10a8	nil
0x10aa	nil
0x10ab	nil
0x10b0	nil
0x10b5	nil
0x10b7	nil
0x10ba	nil
0x10bd	nil
0x10be	nil
0x10d3	nil
0x10d4	nil
0x10f5	nil
0x10f6	nil
0x10f8	nil
0x10f9	nil
0x10fe	nil
0x1103	nil
0x1105	nil
0x1108	nil
0x110b	nil
0x110d	nil
0x110e	nil
0x1131	nil
0x1133	nil
0x1134	nil
0x1138	nil
0x113d	nil
0x113f	nil
0x1142	nil
0x1146	nil
0x1147	nil
0x115c	nil
0x115d	nil
0x117e	nil
0x1180	nil
0x1182	nil
0x1183	nil
0x1188	nil
0x118d	nil
0x118f	nil
0x1192	nil
0x1195	nil
0x11b6	nil
0x11b8	nil
0x11ba	nil
0x11bb	nil
0x11c0	nil
0x11c5	nil
0x11c7	nil
0x11ca	nil
0x11cf	nil
0x11d0	nil
0x11d4	nil
0x11f5	nil
0x11f7	nil
0x11f9	nil
0x11fa	nil
0x11ff	nil
0x1204	nil
0x1206	nil
0x1209	nil
0x120d	nil
0x1222	nil
0x1223	nil
0x1228	nil
0x122a	nil
0x122c	nil
0x1231	nil
0x1232	nil
0x1234	nil
0x1237	nil
0x1239	nil
0x123a	nil
0x123b	nil
0x123d	nil
0x1240	nil
0x1242	nil
0x1245	nil
0x1246	nil
0x1248	nil
0x1249	nil
0x124d	nil
0x1252	nil
0x1253	nil
0x1259	nil
0x125a	nil
0x125f	nil
0x1262	nil
0x1266	nil
0x1269	nil
0x126f	nil
0x1274	nil
0x1275	nil
0x127a	nil
0x127d	nil
0x1283	nil
0x1288	nil
0x128d	nil
0x12af	nil
0x12b1	nil
0x12b2	nil
0x12b7	nil
0x12bc	nil
0x12be	nil
0x12c1	nil
0x12c4	nil
0x12c5	nil
0x12da	nil
0x12db	nil
0x12fc	nil
0x12fd	nil
0x12ff	nil
0x1300	nil
0x1305	nil
0x130a	nil
0x130c	nil
0x130f	nil
0x1312	nil
0x1313	nil
0x1328	nil
0x1329	nil
0x134a	nil
0x134b	nil
0x134d	nil
0x134e	nil
0x1353	nil
0x1358	nil
0x135a	nil
0x135d	nil
0x1361	nil
0x1363	nil
0x1364	nil
0x1387	nil
0x1389	nil
0x138a	nil
0x138f	nil
0x1394	nil
0x1396	nil
0x1399	nil
0x139f	nil
0x13c0	nil
0x13c2	nil
0x13c3	nil
0x13c7	nil
0x13cc	nil
0x13ce	nil
0x13d1	nil
0x13d4	nil
0x13d5	nil
0x13ea	nil
0x13eb	nil
0x140c	nil
0x140d	nil
0x140f	nil
0x1410	nil
0x1415	nil
0x141a	nil
0x141c	nil
0x141f	nil
0x1422	nil
0x1423	nil
0x1438	nil
0x1439	nil
0x145a	nil
0x145b	nil
0x145d	nil
0x145e	nil
0x1463	nil
0x1468	nil
0x146a	nil
0x146d	nil
0x1470	nil
0x1472	nil
0x1473	nil
0x1496	nil
0x1498	nil
0x1499	nil
0x149d	nil
0x14a2	nil
0x14a4	nil
0x14a7	nil
0x14ab	nil
0x14ac	nil
0x14c1	nil
0x14c2	nil
0x14e3	nil
0x14e5	nil
0x14e7	nil
0x14e8	nil
0x14ed	nil
0x14f2	nil
0x14f4	nil
0x14f7	nil
0x14fa	nil
0x151b	nil
0x151d	nil
0x151f	nil
0x1520	nil
0x1525	nil
0x152a	nil
0x152c	nil
0x152f	nil
0x1534	nil
0x1535	nil
0x1539	nil
0x155a	nil
0x155c	nil
0x155e	nil
0x155f	nil
0x1564	nil
0x1569	nil
0x156b	nil
0x156e	nil
0x1572	nil
0x1587	nil
0x1588	nil
0x158d	nil
0x158f	nil
0x1591	nil
0x1596	nil
0x1597	nil
0x1599	nil
0x159c	nil
0x159e	nil
0x159f	nil
0x15a0	nil
0x15a2	nil
0x15a5	nil
0x15a7	nil
0x15aa	nil
0x15ab	nil
0x15ad	nil
0x15ae	nil
0x15b2	nil
0x15b7	nil
0x15b8	nil
0x15be	nil
0x15bf	nil
0x15c4	nil
0x15c7	nil
0x15cb	nil
0x15ce	nil
0x15d4	nil
0x15d9	nil
0x15da	nil
0x15df	nil
0x15e2	nil
0x15e8	nil
0x15ed	nil
0x15f2	nil
0x1614	nil
0x1616	nil
0x1617	nil
0x161c	nil
0x1621	nil
0x1623	nil
0x1626	nil
0x1629	nil
0x162a	nil
0x163f	nil
0x1640	nil
0x1661	nil
0x1662	nil
0x1664	nil
0x1665	nil
0x166a	nil
0x166f	nil
0x1671	nil
0x1674	nil
0x1677	nil
0x1678	nil
0x168d	nil
0x168e	nil
0x16af	nil
0x16b0	nil
0x16b2	nil
0x16b3	nil
0x16b8	nil
0x16bd	nil
0x16bf	nil
0x16c2	nil
0x16c6	nil
0x16c8	nil
0x16c9	nil
0x16ec	nil
0x16ee	nil
0x16ef	nil
0x16f4	nil
0x16f9	nil
0x16fb	nil
0x16fe	nil
0x1704	nil
0x1725	nil
0x1727	nil
0x1728	nil
0x172c	nil
0x1731	nil
0x1733	nil
0x1736	nil
0x1739	nil
0x173a	nil
0x174f	nil
0x1750	nil
0x1771	nil
0x1772	nil
0x1774	nil
0x1775	nil
0x177a	nil
0x177f	nil
0x1781	nil
0x1784	nil
0x1787	nil
0x1788	nil
0x179d	nil
0x179e	nil
0x17bf	nil
0x17c0	nil
0x17c2	nil
0x17c3	nil
0x17c8	nil
0x17cd	nil
0x17cf	nil
0x17d2	nil
0x17d5	nil
0x17d7	nil
0x17d8	nil
0x17fb	nil
0x17fd	nil
0x17fe	nil
0x1802	nil
0x1807	nil
0x1809	nil
0x180c	nil
0x1810	nil
0x1811	nil
0x1826	nil
0x1827	nil
0x1848	nil
0x184a	nil
0x184c	nil
0x184d	nil
0x1852	nil
0x1857	nil
0x1859	nil
0x185c	nil
0x185f	nil
0x1880	nil
0x1882	nil
0x1884	nil
0x1885	nil
0x188a	nil
0x188f	nil
0x1891	nil
0x1894	nil
0x1898	nil
0x189a	nil
0x18af	nil
0x18b0	nil
0x18b5	nil
0x18b6	nil
0x18b8	nil
0x18ba	nil
0x18bf	nil
0x18c0	nil
0x18c2	nil
0x18c5	nil
0x18c7	nil
0x18c8	nil
0x18cd	nil
0x18d2	nil
0x18d4	nil
0x18d6	nil
0x18d9	nil
0x18dc	nil
0x18dd	nil
0x18de	nil
0x18e0	nil
0x18e1	nil
0x18e5	nil
0x18e6	nil
0x18e9	nil
0x18ea	nil
0x18f1	nil
0x18f3	nil
0x18f4	nil
0x18f5	nil
0x18f7	nil
0x18f8	nil
0x18fb	nil
0x18fc	nil
0x18fe	nil
0x1900	nil
0x1905	nil
0x1907	nil
0x190c	nil
0x1913	nil
0x1935	nil
0x1937	nil
0x1938	nil
0x193d	nil
0x1942	nil
0x1944	nil
0x1947	nil
0x194b	nil
0x194c	nil
0x1950	nil
0x1971	nil
0x1973	nil
0x1975	nil
0x1976	nil
0x197b	nil
0x1980	nil
0x1982	nil
0x1985	nil
0x1988	nil
0x1989	nil
0x199e	nil
0x199f	nil
0x19a8	nil
0x19aa	nil
0x19ac	nil
0x19b1	nil
0x19b2	nil
0x19b4	nil
0x19b7	nil
0x19b9	nil
0x19ba	nil
0x19c2	nil
0x19c7	nil
0x19c9	nil
0x19cb	nil
0x19ce	nil
0x19d0	nil
0x19d2	nil
0x19d3	nil
0x19d9	nil
0x19da	nil
0x19df	nil
0x19e1	nil
0x19e2	nil
0x19e3	nil
0x19e5	nil
0x19e6	nil
0x19e9	nil
0x19ea	nil
0x19ec	nil
0x19ee	nil
0x19f3	nil
0x19f5	nil
0x19fa	nil
0x19ff	nil
0x1a02	nil
0x1a06	nil
0x1a09	nil
0x1a0f	nil
0x1a14	nil
0x1a15	nil
0x1a1a	nil
0x1a1d	nil
0x1a23	nil
0x1a28	nil
0x1a2d	nil
0x1a4f	nil
0x1a51	nil
0x1a52	nil
0x1a57	nil
0x1a5c	nil
0x1a5e	nil
0x1a61	nil
0x1a64	nil
0x1a65	nil
0x1a7a	nil
0x1a7b	nil
0x1a9d	nil
0x1a9f	nil
0x1aa1	nil
0x1aa2	nil
0x1aa9	nil
0x1aae	nil
0x1ab0	nil
0x1ab3	nil
0x1ab6	nil
0x1ab7	nil
0x1acc	nil
0x1acd	nil
0x1aee	nil
0x1aef	nil
0x1af1	nil
0x1af2	nil
0x1af7	nil
0x1afc	nil
0x1afe	nil
0x1b01	nil
0x1b05	nil
0x1b07	nil
0x1b08	nil
0x1b2b	nil
0x1b2d	nil
0x1b2e	nil
0x1b33	nil
0x1b38	nil
0x1b3a	nil
0x1b3d	nil
0x1b43	nil
0x1b64	nil
0x1b66	nil
0x1b67	nil
0x1b6b	nil
0x1b70	nil
0x1b72	nil
0x1b75	nil
0x1b78	nil
0x1b79	nil
0x1b8e	nil
0x1b8f	nil
0x1bb1	nil
0x1bb3	nil
0x1bb5	nil
0x1bb6	nil
0x1bbd	nil
0x1bc2	nil
0x1bc4	nil
0x1bc7	nil
0x1bca	nil
0x1bcb	nil
0x1be0	nil
0x1be1	nil
0x1c02	nil
0x1c03	nil
0x1c05	nil
0x1c06	nil
0x1c0b	nil
0x1c10	nil
0x1c12	nil
0x1c15	nil
0x1c18	nil
0x1c1a	nil
0x1c1b	nil
0x1c3e	nil
0x1c40	nil
0x1c41	nil
0x1c45	nil
0x1c4a	nil
0x1c4c	nil
0x1c4f	nil
0x1c53	nil
0x1c54	nil
0x1c69	nil
0x1c6a	nil
0x1c8d	nil
0x1c8f	nil
0x1c91	nil
0x1c92	nil
0x1c99	nil
0x1c9e	nil
0x1ca0	nil
0x1ca3	nil
0x1ca6	nil
0x1cc7	nil
0x1cc9	nil
0x1ccb	nil
0x1ccc	nil
0x1cd1	nil
0x1cd6	nil
0x1cd8	nil
0x1cdb	nil
0x1cde	nil
0x1d00	nil
0x1d02	nil
0x1d03	nil
0x1d08	nil
0x1d0d	nil
0x1d0f	nil
0x1d12	nil
0x1d16	nil
0x1d1b	nil
0x1d3c	nil
0x1d3e	nil
0x1d40	nil
0x1d41	nil
0x1d46	nil
0x1d4b	nil
0x1d4d	nil
0x1d50	nil
0x1d54	nil
0x1d69	nil
0x1d6a	nil
0x1d6f	nil
0x1d85	nil
0x1d87	nil
0x1d89	nil
0x1d8e	nil
0x1d8f	nil
0x1d91	nil
0x1d94	nil
0x1d96	nil
0x1d97	nil
0x1d9d	nil
0x1da2	nil
0x1da4	nil
0x1da6	nil
0x1da9	nil
0x1dab	nil
0x1dad	nil
0x1dae	nil
0x1db4	nil
0x1db5	nil
0x1dba	nil
0x1dbc	nil
0x1dbd	nil
0x1dbe	nil
0x1dc0	nil
0x1dc1	nil
0x1dc4	nil
0x1dc5	nil
0x1dc7	nil
0x1dc9	nil
0x1dce	nil
0x1dd0	nil
0x1dd5	nil
0x1dda	nil
0x1ddd	nil
0x1de1	nil
0x1de4	nil
0x1dea	nil
0x1def	nil
0x1df0	nil
0x1df5	nil
0x1df8	nil
0x1dfe	nil
0x1e03	nil
0x1e08	nil
0x1e2a	nil
0x1e2c	nil
0x1e2d	nil
0x1e32	nil
0x1e37	nil
0x1e39	nil
0x1e3c	nil
0x1e3f	nil
0x1e40	nil
0x1e55	nil
0x1e56	nil
0x1e78	nil
0x1e79	nil
0x1e7b	nil
0x1e7c	nil
0x1e82	nil
0x1e87	nil
0x1e89	nil
0x1e8c	nil
0x1e8f	nil
0x1e90	nil
0x1ea5	nil
0x1ea6	nil
0x1ec7	nil
0x1ec8	nil
0x1eca	nil
0x1ecb	nil
0x1ed0	nil
0x1ed5	nil
0x1ed7	nil
0x1eda	nil
0x1ede	nil
0x1ee0	nil
0x1ee1	nil
0x1f04	nil
0x1f06	nil
0x1f07	nil
0x1f0c	nil
0x1f11	nil
0x1f13	nil
0x1f16	nil
0x1f1c	nil
0x1f3d	nil
0x1f3f	nil
0x1f40	nil
0x1f44	nil
0x1f49	nil
0x1f4b	nil
0x1f4e	nil
0x1f51	nil
0x1f52	nil
0x1f67	nil
0x1f68	nil
0x1f8a	nil
0x1f8b	nil
0x1f8d	nil
0x1f8e	nil
0x1f94	nil
0x1f99	nil
0x1f9b	nil
0x1f9e	nil
0x1fa1	nil
0x1fa2	nil
0x1fb7	nil
0x1fb8	nil
0x1fd9	nil
0x1fda	nil
0x1fdc	nil
0x1fdd	nil
0x1fe2	nil
0x1fe7	nil
0x1fe9	nil
0x1fec	nil
0x1fef	nil
0x1ff1	nil
0x1ff2	nil
0x2015	nil
0x2017	nil
0x2018	nil
0x201c	nil
0x2021	nil
0x2023	nil
0x2026	nil
0x202b	nil
0x202c	nil
0x2041	nil
0x2042	nil
0x2064	nil
0x2066	nil
0x2068	nil
0x2069	nil
0x206f	nil
0x2074	nil
0x2076	nil
0x2079	nil
0x207c	nil
0x209d	nil
0x209f	nil
0x20a1	nil
0x20a2	nil
0x20a7	nil
0x20ac	nil
0x20ae	nil
0x20b1	nil
0x20b5	nil
0x20b6	nil
0x20cb	nil
0x20cc	nil
0x20ed	nil
0x20ef	nil
0x20f1	nil
0x20f2	nil
0x20f7	nil
0x20fc	nil
0x20fe	nil
0x2101	nil
0x2113	nil
0xe9b5	nil
0xe9b7	nil
0xe9b9	nil
0xe9bb	nil
0xe9bd	nil
0xe9bf	nil
0xe9c1	nil
0xe9c3	nil
0xe9c5	nil
0xe9c9	nil
0xe9cc	nil
0xe9cf	nil
0xe9d2	nil
0xe9d5	nil
0xe9d8	nil
0xe9db	nil
0xe9de	nil
0x1ee	nil
0x674	nil
0xb03	nil
0xa05_0x0	nil
0xa3b_0x0	nil
0xbbc_0x0	nil
0xd69_0x0	nil
0xd99_0x2	nil
0xe67_0xc	nil
0xe9e_0x4	nil
0xefc_0x0	nil
0x11cd_0xa	nil
0x1203_0x3	nil
0x1261_0x0	nil
0x1532_0x9	nil
0x1568_0x3	nil
0x15c6_0x0	nil
0x1897_0x0	nil
0x1941_0xb	nil
0x197f_0x6	nil
0x197f_0x7	nil
0x197f_0x8	nil
0x1a01_0x0	nil
0x1a5b_0x3	nil
0x1b6f_0x2	nil
0x1c52_0x0	nil
0x1c52_0x1	nil
0x1cd5_0x2	nil
0x1d4a_0x3	nil
0x1ddc_0x0	nil
0x1e36_0x3	nil
0x1f48_0x2	nil
0x2029_0x1	nil
0x2b11S0xbc1	[0x2b06, nil]
0x2b13S0xbc1	[0x2b06, nil]
0x2b16S0xbc1	[0x2b06, nil]
0x2b19S0xbc1	[0x2b06, nil]
0x2b1aS0xbc1	[0x2b06, nil]
0x2b1bS0xbc1	[0x2b06, nil]
0x2b07S0xbc1	[0x2b06, nil]
0x2b08S0xbc1	[0x2b06, nil]
0x2b0aS0xbc1	[0x2b06, nil]
0x2b0bS0xbc1	[0x2b06, nil]
0x2b0cS0xbc1	[0x2b06, nil]
0x2b0dS0xbc1	[0x2b06, nil]
0x2b22_0x0S0xbc1	[0x2b06, nil]
0x2afbS0xbc1	[0x2b06, nil]
0x2afdS0xbc1	[0x2b06, nil]
0x2affS0xbc1	[0x2b06, nil]
0x2b11S0xf01	[0x2b06, nil]
0x2b13S0xf01	[0x2b06, nil]
0x2b16S0xf01	[0x2b06, nil]
0x2b19S0xf01	[0x2b06, nil]
0x2b1aS0xf01	[0x2b06, nil]
0x2b1bS0xf01	[0x2b06, nil]
0x2b07S0xf01	[0x2b06, nil]
0x2b08S0xf01	[0x2b06, nil]
0x2b0aS0xf01	[0x2b06, nil]
0x2b0bS0xf01	[0x2b06, nil]
0x2b0cS0xf01	[0x2b06, nil]
0x2b0dS0xf01	[0x2b06, nil]
0x2b22_0x0S0xf01	[0x2b06, nil]
0x2afbS0xf01	[0x2b06, nil]
0x2afdS0xf01	[0x2b06, nil]
0x2affS0xf01	[0x2b06, nil]
0x2b11S0x1266	[0x2b06, nil]
0x2b13S0x1266	[0x2b06, nil]
0x2b16S0x1266	[0x2b06, nil]
0x2b19S0x1266	[0x2b06, nil]
0x2b1aS0x1266	[0x2b06, nil]
0x2b1bS0x1266	[0x2b06, nil]
0x2b07S0x1266	[0x2b06, nil]
0x2b08S0x1266	[0x2b06, nil]
0x2b0aS0x1266	[0x2b06, nil]
0x2b0bS0x1266	[0x2b06, nil]
0x2b0cS0x1266	[0x2b06, nil]
0x2b0dS0x1266	[0x2b06, nil]
0x2b22_0x0S0x1266	[0x2b06, nil]
0x2afbS0x1266	[0x2b06, nil]
0x2afdS0x1266	[0x2b06, nil]
0x2affS0x1266	[0x2b06, nil]
0x2b11S0x15cb	[0x2b06, nil]
0x2b13S0x15cb	[0x2b06, nil]
0x2b16S0x15cb	[0x2b06, nil]
0x2b19S0x15cb	[0x2b06, nil]
0x2b1aS0x15cb	[0x2b06, nil]
0x2b1bS0x15cb	[0x2b06, nil]
0x2b07S0x15cb	[0x2b06, nil]
0x2b08S0x15cb	[0x2b06, nil]
0x2b0aS0x15cb	[0x2b06, nil]
0x2b0bS0x15cb	[0x2b06, nil]
0x2b0cS0x15cb	[0x2b06, nil]
0x2b0dS0x15cb	[0x2b06, nil]
0x2b22_0x0S0x15cb	[0x2b06, nil]
0x2afbS0x15cb	[0x2b06, nil]
0x2afdS0x15cb	[0x2b06, nil]
0x2affS0x15cb	[0x2b06, nil]
0x2b11S0x1a06	[0x2b06, nil]
0x2b13S0x1a06	[0x2b06, nil]
0x2b16S0x1a06	[0x2b06, nil]
0x2b19S0x1a06	[0x2b06, nil]
0x2b1aS0x1a06	[0x2b06, nil]
0x2b1bS0x1a06	[0x2b06, nil]
0x2b07S0x1a06	[0x2b06, nil]
0x2b08S0x1a06	[0x2b06, nil]
0x2b0aS0x1a06	[0x2b06, nil]
0x2b0bS0x1a06	[0x2b06, nil]
0x2b0cS0x1a06	[0x2b06, nil]
0x2b0dS0x1a06	[0x2b06, nil]
0x2b22_0x0S0x1a06	[0x2b06, nil]
0x2afbS0x1a06	[0x2b06, nil]
0x2afdS0x1a06	[0x2b06, nil]
0x2affS0x1a06	[0x2b06, nil]
0x2b11S0x1de1	[0x2b06, nil]
0x2b13S0x1de1	[0x2b06, nil]
0x2b16S0x1de1	[0x2b06, nil]
0x2b19S0x1de1	[0x2b06, nil]
0x2b1aS0x1de1	[0x2b06, nil]
0x2b1bS0x1de1	[0x2b06, nil]
0x2b07S0x1de1	[0x2b06, nil]
0x2b08S0x1de1	[0x2b06, nil]
0x2b0aS0x1de1	[0x2b06, nil]
0x2b0bS0x1de1	[0x2b06, nil]
0x2b0cS0x1de1	[0x2b06, nil]
0x2b0dS0x1de1	[0x2b06, nil]
0x2b22_0x0S0x1de1	[0x2b06, nil]
0x2afbS0x1de1	[0x2b06, nil]
0x2afdS0x1de1	[0x2b06, nil]
0x2affS0x1de1	[0x2b06, nil]
0x2ddS0x1be	[0x2c9, nil]
0x2f2S0x1be	[0x2c9, nil]
0x307S0x1be	[0x2c9, nil]
0x308S0x1be	[0x2c9, nil]
0x30eS0x1be	[0x2c9, nil]
0x30fS0x1be	[0x2c9, nil]
0x311S0x1be	[0x2c9, nil]
0x313S0x1be	[0x2c9, nil]
0x314S0x1be	[0x2c9, nil]
0x315S0x1be	[0x2c9, nil]
0x317S0x1be	[0x2c9, nil]
0x31aS0x1be	[0x2c9, nil]
0x31fS0x1be	[0x2c9, nil]
0x325S0x1be	[0x2c9, nil]
0x327S0x1be	[0x2c9, nil]
0x328S0x1be	[0x2c9, nil]
0x32cS0x1be	[0x2c9, nil]
0x32dS0x1be	[0x2c9, nil]
0x330S0x1be	[0x2c9, nil]
0x331S0x1be	[0x2c9, nil]
0x375S0x1be	[0x2c9, nil]
0x376S0x1be	[0x2c9, nil]
0x379S0x1be	[0x2c9, nil]
0x37aS0x1be	[0x2c9, nil]
0x2caS0x1be	[0x2c9, nil]
0x2cbS0x1be	[0x2c9, nil]
0x2ceS0x1be	[0x2c9, nil]
0x2d7S0x1be	[0x2c9, nil]
0x2d8S0x1be	[0x2c9, nil]
0x2d9S0x1be	[0x2c9, nil]
0x33aS0x1be	[0x2c9, nil]
0x33bS0x1be	[0x2c9, nil]
0x350S0x1be	[0x2c9, nil]
0x351S0x1be	[0x2c9, nil]
0x357S0x1be	[0x2c9, nil]
0x358S0x1be	[0x2c9, nil]
0x35aS0x1be	[0x2c9, nil]
0x35cS0x1be	[0x2c9, nil]
0x35dS0x1be	[0x2c9, nil]
0x35eS0x1be	[0x2c9, nil]
0x360S0x1be	[0x2c9, nil]
0x363S0x1be	[0x2c9, nil]
0x368S0x1be	[0x2c9, nil]
0x36eS0x1be	[0x2c9, nil]
0x370S0x1be	[0x2c9, nil]
0x371S0x1be	[0x2c9, nil]
0x335S0x1be	[0x2c9, nil]
0x26ccS0x78e	[0x26cb, nil]
0x26cdS0x78e	[0x26cb, nil]
0x26d1S0x78e	[0x26cb, nil]
0x26b9S0x78e	[0x26cb, nil]
0x26bdS0x78e	[0x26cb, nil]
0x269fS0x78e	[0x26cb, nil]
0x26c2S0x78e	[0x26cb, nil]
0x26c4S0x78e	[0x26cb, nil]
0x26acS0x78e	[0x26cb, nil]
0x26adS0x78e	[0x26cb, nil]
0x26b0S0x78e	[0x26cb, nil]
0x26b2S0x78e	[0x26cb, nil]
0x273aS0x80f	[0x2739, nil]
0x273bS0x80f	[0x2739, nil]
0x273eS0x80f	[0x2739, nil]
0x2743S0x80f	[0x2739, nil]
0x2744S0x80f	[0x2739, nil]
0x2746S0x80f	[0x2739, nil]
0x2748S0x80f	[0x2739, nil]
0x274cS0x80f	[0x2739, nil]
0x2726S0x80f	[0x2739, nil]
0x272aS0x80f	[0x2739, nil]
0x272fS0x80f	[0x2739, nil]
0x2732S0x80f	[0x2739, nil]
0x26f0S0x80f	[0x2739, nil]
0x2711S0x80f	[0x2739, nil]
0x2713S0x80f	[0x2739, nil]
0x2718S0x80f	[0x2739, nil]
0x2719S0x80f	[0x2739, nil]
0x271cS0x80f	[0x2739, nil]
0x271fS0x80f	[0x2739, nil]
0x26e0S0x2717S0x80f	[0x2739, [0x26df, nil]]
0x26e4S0x2717S0x80f	[0x2739, [0x26df, nil]]
0x26e7S0x2717S0x80f	[0x2739, [0x26df, nil]]
0x29f9S0xa41	[0x29f8, nil]
0x29faS0xa41	[0x29f8, nil]
0x29fdS0xa41	[0x29f8, nil]
0x2a02S0xa41	[0x29f8, nil]
0x2a03S0xa41	[0x29f8, nil]
0x2a05S0xa41	[0x29f8, nil]
0x2a07S0xa41	[0x29f8, nil]
0x2a0bS0xa41	[0x29f8, nil]
0x299bS0xa41	[0x29f8, nil]
0x299fS0xa41	[0x29f8, nil]
0x29a4S0xa41	[0x29f8, nil]
0x29a7S0xa41	[0x29f8, nil]
0x2965S0xa41	[0x29f8, nil]
0x2986S0xa41	[0x29f8, nil]
0x2988S0xa41	[0x29f8, nil]
0x29e5S0xa41	[0x29f8, nil]
0x29e9S0xa41	[0x29f8, nil]
0x29eeS0xa41	[0x29f8, nil]
0x29f1S0xa41	[0x29f8, nil]
0x29afS0xa41	[0x29f8, nil]
0x29d0S0xa41	[0x29f8, nil]
0x29d2S0xa41	[0x29f8, nil]
0x2a14S0xa41	[0x29f8, nil]
0x2a15S0xa41	[0x29f8, nil]
0x2a18S0xa41	[0x29f8, nil]
0x2a1aS0xa41	[0x29f8, nil]
0x2a1eS0xa41	[0x29f8, nil]
0x298dS0xa41	[0x29f8, nil]
0x298eS0xa41	[0x29f8, nil]
0x2991S0xa41	[0x29f8, nil]
0x2994S0xa41	[0x29f8, nil]
0x29d7S0xa41	[0x29f8, nil]
0x29d8S0xa41	[0x29f8, nil]
0x29dbS0xa41	[0x29f8, nil]
0x29deS0xa41	[0x29f8, nil]
0x26e0S0x298cS0xa41	[0x29f8, [0x26df, nil]]
0x26e4S0x298cS0xa41	[0x29f8, [0x26df, nil]]
0x26e7S0x298cS0xa41	[0x29f8, [0x26df, nil]]
0x26e0S0x29d6S0xa41	[0x29f8, [0x26df, nil]]
0x26e4S0x29d6S0xa41	[0x29f8, [0x26df, nil]]
0x26e7S0x29d6S0xa41	[0x29f8, [0x26df, nil]]
0x2defS0xd26	[0x2dee, nil]
0x2df0S0xd26	[0x2dee, nil]
0x2df3S0xd26	[0x2dee, nil]
0x2df8S0xd26	[0x2dee, nil]
0x2df9S0xd26	[0x2dee, nil]
0x2dfbS0xd26	[0x2dee, nil]
0x2dfdS0xd26	[0x2dee, nil]
0x2e01S0xd26	[0x2dee, nil]
0x2ddbS0xd26	[0x2dee, nil]
0x2ddfS0xd26	[0x2dee, nil]
0x2de4S0xd26	[0x2dee, nil]
0x2de7S0xd26	[0x2dee, nil]
0x2da5S0xd26	[0x2dee, nil]
0x2dc6S0xd26	[0x2dee, nil]
0x2dc8S0xd26	[0x2dee, nil]
0x2dcdS0xd26	[0x2dee, nil]
0x2dceS0xd26	[0x2dee, nil]
0x2dd1S0xd26	[0x2dee, nil]
0x2dd4S0xd26	[0x2dee, nil]
0x26e0S0x2dccS0xd26	[0x2dee, [0x26df, nil]]
0x26e4S0x2dccS0xd26	[0x2dee, [0x26df, nil]]
0x26e7S0x2dccS0xd26	[0x2dee, [0x26df, nil]]
0x3022S0x1102	[0x3021, nil]
0x3023S0x1102	[0x3021, nil]
0x3026S0x1102	[0x3021, nil]
0x302bS0x1102	[0x3021, nil]
0x302cS0x1102	[0x3021, nil]
0x302eS0x1102	[0x3021, nil]
0x3030S0x1102	[0x3021, nil]
0x3034S0x1102	[0x3021, nil]
0x300eS0x1102	[0x3021, nil]
0x3012S0x1102	[0x3021, nil]
0x3017S0x1102	[0x3021, nil]
0x301aS0x1102	[0x3021, nil]
0x2fd8S0x1102	[0x3021, nil]
0x2ff9S0x1102	[0x3021, nil]
0x2ffbS0x1102	[0x3021, nil]
0x3000S0x1102	[0x3021, nil]
0x3001S0x1102	[0x3021, nil]
0x3004S0x1102	[0x3021, nil]
0x3007S0x1102	[0x3021, nil]
0x26e0S0x2fffS0x1102	[0x3021, [0x26df, nil]]
0x26e4S0x2fffS0x1102	[0x3021, [0x26df, nil]]
0x26e7S0x2fffS0x1102	[0x3021, [0x26df, nil]]
0x3200S0x1467	[0x31ff, nil]
0x3201S0x1467	[0x31ff, nil]
0x3204S0x1467	[0x31ff, nil]
0x3209S0x1467	[0x31ff, nil]
0x320aS0x1467	[0x31ff, nil]
0x320cS0x1467	[0x31ff, nil]
0x320eS0x1467	[0x31ff, nil]
0x3212S0x1467	[0x31ff, nil]
0x31ecS0x1467	[0x31ff, nil]
0x31f0S0x1467	[0x31ff, nil]
0x31f5S0x1467	[0x31ff, nil]
0x31f8S0x1467	[0x31ff, nil]
0x3190S0x1467	[0x31ff, nil]
0x31b1S0x1467	[0x31ff, nil]
0x31b3S0x1467	[0x31ff, nil]
0x31b5S0x1467	[0x31ff, nil]
0x31d6S0x1467	[0x31ff, nil]
0x31d9S0x1467	[0x31ff, nil]
0x31deS0x1467	[0x31ff, nil]
0x31dfS0x1467	[0x31ff, nil]
0x31e2S0x1467	[0x31ff, nil]
0x31e5S0x1467	[0x31ff, nil]
0x26e0S0x31ddS0x1467	[0x31ff, [0x26df, nil]]
0x26e4S0x31ddS0x1467	[0x31ff, [0x26df, nil]]
0x26e7S0x31ddS0x1467	[0x31ff, [0x26df, nil]]
0x33deS0x17cc	[0x33dd, nil]
0x33dfS0x17cc	[0x33dd, nil]
0x33e2S0x17cc	[0x33dd, nil]
0x33e7S0x17cc	[0x33dd, nil]
0x33e8S0x17cc	[0x33dd, nil]
0x33eaS0x17cc	[0x33dd, nil]
0x33ecS0x17cc	[0x33dd, nil]
0x33f0S0x17cc	[0x33dd, nil]
0x33caS0x17cc	[0x33dd, nil]
0x33ceS0x17cc	[0x33dd, nil]
0x33d3S0x17cc	[0x33dd, nil]
0x33d6S0x17cc	[0x33dd, nil]
0x336eS0x17cc	[0x33dd, nil]
0x338fS0x17cc	[0x33dd, nil]
0x3391S0x17cc	[0x33dd, nil]
0x3393S0x17cc	[0x33dd, nil]
0x33b4S0x17cc	[0x33dd, nil]
0x33b7S0x17cc	[0x33dd, nil]
0x33bcS0x17cc	[0x33dd, nil]
0x33bdS0x17cc	[0x33dd, nil]
0x33c0S0x17cc	[0x33dd, nil]
0x33c3S0x17cc	[0x33dd, nil]
0x26e0S0x33bbS0x17cc	[0x33dd, [0x26df, nil]]
0x26e4S0x33bbS0x17cc	[0x33dd, [0x26df, nil]]
0x26e7S0x33bbS0x17cc	[0x33dd, [0x26df, nil]]
0x3693S0x1c0f	[0x3692, nil]
0x3694S0x1c0f	[0x3692, nil]
0x3697S0x1c0f	[0x3692, nil]
0x369cS0x1c0f	[0x3692, nil]
0x369dS0x1c0f	[0x3692, nil]
0x369fS0x1c0f	[0x3692, nil]
0x36a1S0x1c0f	[0x3692, nil]
0x36a5S0x1c0f	[0x3692, nil]
0x367fS0x1c0f	[0x3692, nil]
0x3683S0x1c0f	[0x3692, nil]
0x3688S0x1c0f	[0x3692, nil]
0x368bS0x1c0f	[0x3692, nil]
0x3649S0x1c0f	[0x3692, nil]
0x366aS0x1c0f	[0x3692, nil]
0x366cS0x1c0f	[0x3692, nil]
0x3671S0x1c0f	[0x3692, nil]
0x3672S0x1c0f	[0x3692, nil]
0x3675S0x1c0f	[0x3692, nil]
0x3678S0x1c0f	[0x3692, nil]
0x26e0S0x3670S0x1c0f	[0x3692, [0x26df, nil]]
0x26e4S0x3670S0x1c0f	[0x3692, [0x26df, nil]]
0x26e7S0x3670S0x1c0f	[0x3692, [0x26df, nil]]
0x3943S0x1fe6	[0x3942, nil]
0x3944S0x1fe6	[0x3942, nil]
0x3947S0x1fe6	[0x3942, nil]
0x394cS0x1fe6	[0x3942, nil]
0x394dS0x1fe6	[0x3942, nil]
0x394fS0x1fe6	[0x3942, nil]
0x3951S0x1fe6	[0x3942, nil]
0x3955S0x1fe6	[0x3942, nil]
0x392fS0x1fe6	[0x3942, nil]
0x3933S0x1fe6	[0x3942, nil]
0x3938S0x1fe6	[0x3942, nil]
0x393bS0x1fe6	[0x3942, nil]
0x38d3S0x1fe6	[0x3942, nil]
0x38f4S0x1fe6	[0x3942, nil]
0x38f6S0x1fe6	[0x3942, nil]
0x38f8S0x1fe6	[0x3942, nil]
0x3919S0x1fe6	[0x3942, nil]
0x391cS0x1fe6	[0x3942, nil]
0x3921S0x1fe6	[0x3942, nil]
0x3922S0x1fe6	[0x3942, nil]
0x3925S0x1fe6	[0x3942, nil]
0x3928S0x1fe6	[0x3942, nil]
0x26e0S0x3920S0x1fe6	[0x3942, [0x26df, nil]]
0x26e4S0x3920S0x1fe6	[0x3942, [0x26df, nil]]
0x26e7S0x3920S0x1fe6	[0x3942, [0x26df, nil]]
0x2b82S0xbd4	[0x2b93, nil]
0x2b85S0xbd4	[0x2b93, nil]
0x2b9dS0xbd4	[0x2b93, nil]
0x2ba0S0xbd4	[0x2b93, nil]
0x2b94S0xbd4	[0x2b93, nil]
0x2b95S0xbd4	[0x2b93, nil]
0x2b97S0xbd4	[0x2b93, nil]
0x2b98S0xbd4	[0x2b93, nil]
0x2b99S0xbd4	[0x2b93, nil]
0x2b6dS0xbd4	[0x2b93, nil]
0x2b70S0xbd4	[0x2b93, nil]
0x2b71S0xbd4	[0x2b93, nil]
0x2b7bS0xbd4	[0x2b93, nil]
0x2b7cS0xbd4	[0x2b93, nil]
0x2b7dS0xbd4	[0x2b93, nil]
0x2b7eS0xbd4	[0x2b93, nil]
0x2b8cS0xbd4	[0x2b93, nil]
0x2b36S0xbd4	[0x2b93, nil]
0x2b57S0xbd4	[0x2b93, nil]
0x2b59S0xbd4	[0x2b93, nil]
0x2b5bS0xbd4	[0x2b93, nil]
0x2b5eS0xbd4	[0x2b93, nil]
0x2b60S0xbd4	[0x2b93, nil]
0x2ba5S0xbd4	[0x2b93, nil]
0x2ba7S0xbd4	[0x2b93, nil]
0x2ba8S0xbd4	[0x2b93, nil]
0x2ba9S0xbd4	[0x2b93, nil]
0x2baeS0xbd4	[0x2b93, nil]
0x2bafS0xbd4	[0x2b93, nil]
0x2bb0S0xbd4	[0x2b93, nil]
0x2bb3S0xbd4	[0x2b93, nil]
0x2bb4S0xbd4	[0x2b93, nil]
0x2bb5S0xbd4	[0x2b93, nil]
0x2bbfS0xbd4	[0x2b93, nil]
0x2bc0S0xbd4	[0x2b93, nil]
0x2bc1S0xbd4	[0x2b93, nil]
0x2bc2S0xbd4	[0x2b93, nil]
0x21f7S0xbd4	[0x2b93, nil]
0x21f8S0xbd4	[0x2b93, nil]
0x21faS0xbd4	[0x2b93, nil]
0x2bcfS0xbd4	[0x2b93, nil]
0x2bd1S0xbd4	[0x2b93, nil]
0x2bd2S0xbd4	[0x2b93, nil]
0x2bdcS0xbd4	[0x2b93, nil]
0x2bddS0xbd4	[0x2b93, nil]
0x2bdeS0xbd4	[0x2b93, nil]
0x2becS0xbd4	[0x2b93, nil]
0x2befS0xbd4	[0x2b93, nil]
0x2bf0S0xbd4	[0x2b93, nil]
0x2bf1S0xbd4	[0x2b93, nil]
0x2bf3S0xbd4	[0x2b93, nil]
0x2bf4S0xbd4	[0x2b93, nil]
0x2bf6S0xbd4	[0x2b93, nil]
0x2bf8S0xbd4	[0x2b93, nil]
0x2bf9S0xbd4	[0x2b93, nil]
0x2bfaS0xbd4	[0x2b93, nil]
0x2c08S0xbd4	[0x2b93, nil]
0x2c0cS0xbd4	[0x2b93, nil]
0x2c0eS0xbd4	[0x2b93, nil]
0x2c10S0xbd4	[0x2b93, nil]
0x2c12S0xbd4	[0x2b93, nil]
0x2b63S0xbd4	[0x2b93, nil]
0x2b67S0xbd4	[0x2b93, nil]
0x2bc8S0xbd4	[0x2b93, nil]
0x2be6S0xbd4	[0x2b93, nil]
0x2c03S0xbd4	[0x2b93, nil]
0x2b26S0x2b62S0xbd4	[0x2b93, [0x2b25, nil]]
0x2b27S0x2b62S0xbd4	[0x2b93, [0x2b25, nil]]
0x2b29S0x2b62S0xbd4	[0x2b93, [0x2b25, nil]]
0x2b2aS0x2b62S0xbd4	[0x2b93, [0x2b25, nil]]
0x2b2dS0x2b62S0xbd4	[0x2b93, [0x2b25, nil]]
0x2b2eS0x2b62S0xbd4	[0x2b93, [0x2b25, nil]]
0x2b82S0xf14	[0x2b93, nil]
0x2b85S0xf14	[0x2b93, nil]
0x2b9dS0xf14	[0x2b93, nil]
0x2ba0S0xf14	[0x2b93, nil]
0x2b94S0xf14	[0x2b93, nil]
0x2b95S0xf14	[0x2b93, nil]
0x2b97S0xf14	[0x2b93, nil]
0x2b98S0xf14	[0x2b93, nil]
0x2b99S0xf14	[0x2b93, nil]
0x2b6dS0xf14	[0x2b93, nil]
0x2b70S0xf14	[0x2b93, nil]
0x2b71S0xf14	[0x2b93, nil]
0x2b7bS0xf14	[0x2b93, nil]
0x2b7cS0xf14	[0x2b93, nil]
0x2b7dS0xf14	[0x2b93, nil]
0x2b7eS0xf14	[0x2b93, nil]
0x2b8cS0xf14	[0x2b93, nil]
0x2b36S0xf14	[0x2b93, nil]
0x2b57S0xf14	[0x2b93, nil]
0x2b59S0xf14	[0x2b93, nil]
0x2b5bS0xf14	[0x2b93, nil]
0x2b5eS0xf14	[0x2b93, nil]
0x2b60S0xf14	[0x2b93, nil]
0x2ba5S0xf14	[0x2b93, nil]
0x2ba7S0xf14	[0x2b93, nil]
0x2ba8S0xf14	[0x2b93, nil]
0x2ba9S0xf14	[0x2b93, nil]
0x2baeS0xf14	[0x2b93, nil]
0x2bafS0xf14	[0x2b93, nil]
0x2bb0S0xf14	[0x2b93, nil]
0x2bb3S0xf14	[0x2b93, nil]
0x2bb4S0xf14	[0x2b93, nil]
0x2bb5S0xf14	[0x2b93, nil]
0x2bbfS0xf14	[0x2b93, nil]
0x2bc0S0xf14	[0x2b93, nil]
0x2bc1S0xf14	[0x2b93, nil]
0x2bc2S0xf14	[0x2b93, nil]
0x21f7S0xf14	[0x2b93, nil]
0x21f8S0xf14	[0x2b93, nil]
0x21faS0xf14	[0x2b93, nil]
0x2bcfS0xf14	[0x2b93, nil]
0x2bd1S0xf14	[0x2b93, nil]
0x2bd2S0xf14	[0x2b93, nil]
0x2bdcS0xf14	[0x2b93, nil]
0x2bddS0xf14	[0x2b93, nil]
0x2bdeS0xf14	[0x2b93, nil]
0x2becS0xf14	[0x2b93, nil]
0x2befS0xf14	[0x2b93, nil]
0x2bf0S0xf14	[0x2b93, nil]
0x2bf1S0xf14	[0x2b93, nil]
0x2bf3S0xf14	[0x2b93, nil]
0x2bf4S0xf14	[0x2b93, nil]
0x2bf6S0xf14	[0x2b93, nil]
0x2bf8S0xf14	[0x2b93, nil]
0x2bf9S0xf14	[0x2b93, nil]
0x2bfaS0xf14	[0x2b93, nil]
0x2c08S0xf14	[0x2b93, nil]
0x2c0cS0xf14	[0x2b93, nil]
0x2c0eS0xf14	[0x2b93, nil]
0x2c10S0xf14	[0x2b93, nil]
0x2c12S0xf14	[0x2b93, nil]
0x2b63S0xf14	[0x2b93, nil]
0x2b67S0xf14	[0x2b93, nil]
0x2bc8S0xf14	[0x2b93, nil]
0x2be6S0xf14	[0x2b93, nil]
0x2c03S0xf14	[0x2b93, nil]
0x2b26S0x2b62S0xf14	[0x2b93, [0x2b25, nil]]
0x2b27S0x2b62S0xf14	[0x2b93, [0x2b25, nil]]
0x2b29S0x2b62S0xf14	[0x2b93, [0x2b25, nil]]
0x2b2aS0x2b62S0xf14	[0x2b93, [0x2b25, nil]]
0x2b2dS0x2b62S0xf14	[0x2b93, [0x2b25, nil]]
0x2b2eS0x2b62S0xf14	[0x2b93, [0x2b25, nil]]
0x2b82S0x1279	[0x2b93, nil]
0x2b85S0x1279	[0x2b93, nil]
0x2b9dS0x1279	[0x2b93, nil]
0x2ba0S0x1279	[0x2b93, nil]
0x2b94S0x1279	[0x2b93, nil]
0x2b95S0x1279	[0x2b93, nil]
0x2b97S0x1279	[0x2b93, nil]
0x2b98S0x1279	[0x2b93, nil]
0x2b99S0x1279	[0x2b93, nil]
0x2b6dS0x1279	[0x2b93, nil]
0x2b70S0x1279	[0x2b93, nil]
0x2b71S0x1279	[0x2b93, nil]
0x2b7bS0x1279	[0x2b93, nil]
0x2b7cS0x1279	[0x2b93, nil]
0x2b7dS0x1279	[0x2b93, nil]
0x2b7eS0x1279	[0x2b93, nil]
0x2b8cS0x1279	[0x2b93, nil]
0x2b36S0x1279	[0x2b93, nil]
0x2b57S0x1279	[0x2b93, nil]
0x2b59S0x1279	[0x2b93, nil]
0x2b5bS0x1279	[0x2b93, nil]
0x2b5eS0x1279	[0x2b93, nil]
0x2b60S0x1279	[0x2b93, nil]
0x2ba5S0x1279	[0x2b93, nil]
0x2ba7S0x1279	[0x2b93, nil]
0x2ba8S0x1279	[0x2b93, nil]
0x2ba9S0x1279	[0x2b93, nil]
0x2baeS0x1279	[0x2b93, nil]
0x2bafS0x1279	[0x2b93, nil]
0x2bb0S0x1279	[0x2b93, nil]
0x2bb3S0x1279	[0x2b93, nil]
0x2bb4S0x1279	[0x2b93, nil]
0x2bb5S0x1279	[0x2b93, nil]
0x2bbfS0x1279	[0x2b93, nil]
0x2bc0S0x1279	[0x2b93, nil]
0x2bc1S0x1279	[0x2b93, nil]
0x2bc2S0x1279	[0x2b93, nil]
0x21f7S0x1279	[0x2b93, nil]
0x21f8S0x1279	[0x2b93, nil]
0x21faS0x1279	[0x2b93, nil]
0x2bcfS0x1279	[0x2b93, nil]
0x2bd1S0x1279	[0x2b93, nil]
0x2bd2S0x1279	[0x2b93, nil]
0x2bdcS0x1279	[0x2b93, nil]
0x2bddS0x1279	[0x2b93, nil]
0x2bdeS0x1279	[0x2b93, nil]
0x2becS0x1279	[0x2b93, nil]
0x2befS0x1279	[0x2b93, nil]
0x2bf0S0x1279	[0x2b93, nil]
0x2bf1S0x1279	[0x2b93, nil]
0x2bf3S0x1279	[0x2b93, nil]
0x2bf4S0x1279	[0x2b93, nil]
0x2bf6S0x1279	[0x2b93, nil]
0x2bf8S0x1279	[0x2b93, nil]
0x2bf9S0x1279	[0x2b93, nil]
0x2bfaS0x1279	[0x2b93, nil]
0x2c08S0x1279	[0x2b93, nil]
0x2c0cS0x1279	[0x2b93, nil]
0x2c0eS0x1279	[0x2b93, nil]
0x2c10S0x1279	[0x2b93, nil]
0x2c12S0x1279	[0x2b93, nil]
0x2b63S0x1279	[0x2b93, nil]
0x2b67S0x1279	[0x2b93, nil]
0x2bc8S0x1279	[0x2b93, nil]
0x2be6S0x1279	[0x2b93, nil]
0x2c03S0x1279	[0x2b93, nil]
0x2b26S0x2b62S0x1279	[0x2b93, [0x2b25, nil]]
0x2b27S0x2b62S0x1279	[0x2b93, [0x2b25, nil]]
0x2b29S0x2b62S0x1279	[0x2b93, [0x2b25, nil]]
0x2b2aS0x2b62S0x1279	[0x2b93, [0x2b25, nil]]
0x2b2dS0x2b62S0x1279	[0x2b93, [0x2b25, nil]]
0x2b2eS0x2b62S0x1279	[0x2b93, [0x2b25, nil]]
0x2b82S0x15de	[0x2b93, nil]
0x2b85S0x15de	[0x2b93, nil]
0x2b9dS0x15de	[0x2b93, nil]
0x2ba0S0x15de	[0x2b93, nil]
0x2b94S0x15de	[0x2b93, nil]
0x2b95S0x15de	[0x2b93, nil]
0x2b97S0x15de	[0x2b93, nil]
0x2b98S0x15de	[0x2b93, nil]
0x2b99S0x15de	[0x2b93, nil]
0x2b6dS0x15de	[0x2b93, nil]
0x2b70S0x15de	[0x2b93, nil]
0x2b71S0x15de	[0x2b93, nil]
0x2b7bS0x15de	[0x2b93, nil]
0x2b7cS0x15de	[0x2b93, nil]
0x2b7dS0x15de	[0x2b93, nil]
0x2b7eS0x15de	[0x2b93, nil]
0x2b8cS0x15de	[0x2b93, nil]
0x2b36S0x15de	[0x2b93, nil]
0x2b57S0x15de	[0x2b93, nil]
0x2b59S0x15de	[0x2b93, nil]
0x2b5bS0x15de	[0x2b93, nil]
0x2b5eS0x15de	[0x2b93, nil]
0x2b60S0x15de	[0x2b93, nil]
0x2ba5S0x15de	[0x2b93, nil]
0x2ba7S0x15de	[0x2b93, nil]
0x2ba8S0x15de	[0x2b93, nil]
0x2ba9S0x15de	[0x2b93, nil]
0x2baeS0x15de	[0x2b93, nil]
0x2bafS0x15de	[0x2b93, nil]
0x2bb0S0x15de	[0x2b93, nil]
0x2bb3S0x15de	[0x2b93, nil]
0x2bb4S0x15de	[0x2b93, nil]
0x2bb5S0x15de	[0x2b93, nil]
0x2bbfS0x15de	[0x2b93, nil]
0x2bc0S0x15de	[0x2b93, nil]
0x2bc1S0x15de	[0x2b93, nil]
0x2bc2S0x15de	[0x2b93, nil]
0x21f7S0x15de	[0x2b93, nil]
0x21f8S0x15de	[0x2b93, nil]
0x21faS0x15de	[0x2b93, nil]
0x2bcfS0x15de	[0x2b93, nil]
0x2bd1S0x15de	[0x2b93, nil]
0x2bd2S0x15de	[0x2b93, nil]
0x2bdcS0x15de	[0x2b93, nil]
0x2bddS0x15de	[0x2b93, nil]
0x2bdeS0x15de	[0x2b93, nil]
0x2becS0x15de	[0x2b93, nil]
0x2befS0x15de	[0x2b93, nil]
0x2bf0S0x15de	[0x2b93, nil]
0x2bf1S0x15de	[0x2b93, nil]
0x2bf3S0x15de	[0x2b93, nil]
0x2bf4S0x15de	[0x2b93, nil]
0x2bf6S0x15de	[0x2b93, nil]
0x2bf8S0x15de	[0x2b93, nil]
0x2bf9S0x15de	[0x2b93, nil]
0x2bfaS0x15de	[0x2b93, nil]
0x2c08S0x15de	[0x2b93, nil]
0x2c0cS0x15de	[0x2b93, nil]
0x2c0eS0x15de	[0x2b93, nil]
0x2c10S0x15de	[0x2b93, nil]
0x2c12S0x15de	[0x2b93, nil]
0x2b63S0x15de	[0x2b93, nil]
0x2b67S0x15de	[0x2b93, nil]
0x2bc8S0x15de	[0x2b93, nil]
0x2be6S0x15de	[0x2b93, nil]
0x2c03S0x15de	[0x2b93, nil]
0x2b26S0x2b62S0x15de	[0x2b93, [0x2b25, nil]]
0x2b27S0x2b62S0x15de	[0x2b93, [0x2b25, nil]]
0x2b29S0x2b62S0x15de	[0x2b93, [0x2b25, nil]]
0x2b2aS0x2b62S0x15de	[0x2b93, [0x2b25, nil]]
0x2b2dS0x2b62S0x15de	[0x2b93, [0x2b25, nil]]
0x2b2eS0x2b62S0x15de	[0x2b93, [0x2b25, nil]]
0x2b82S0x1a19	[0x2b93, nil]
0x2b85S0x1a19	[0x2b93, nil]
0x2b9dS0x1a19	[0x2b93, nil]
0x2ba0S0x1a19	[0x2b93, nil]
0x2b94S0x1a19	[0x2b93, nil]
0x2b95S0x1a19	[0x2b93, nil]
0x2b97S0x1a19	[0x2b93, nil]
0x2b98S0x1a19	[0x2b93, nil]
0x2b99S0x1a19	[0x2b93, nil]
0x2b6dS0x1a19	[0x2b93, nil]
0x2b70S0x1a19	[0x2b93, nil]
0x2b71S0x1a19	[0x2b93, nil]
0x2b7bS0x1a19	[0x2b93, nil]
0x2b7cS0x1a19	[0x2b93, nil]
0x2b7dS0x1a19	[0x2b93, nil]
0x2b7eS0x1a19	[0x2b93, nil]
0x2b8cS0x1a19	[0x2b93, nil]
0x2b36S0x1a19	[0x2b93, nil]
0x2b57S0x1a19	[0x2b93, nil]
0x2b59S0x1a19	[0x2b93, nil]
0x2b5bS0x1a19	[0x2b93, nil]
0x2b5eS0x1a19	[0x2b93, nil]
0x2b60S0x1a19	[0x2b93, nil]
0x2ba5S0x1a19	[0x2b93, nil]
0x2ba7S0x1a19	[0x2b93, nil]
0x2ba8S0x1a19	[0x2b93, nil]
0x2ba9S0x1a19	[0x2b93, nil]
0x2baeS0x1a19	[0x2b93, nil]
0x2bafS0x1a19	[0x2b93, nil]
0x2bb0S0x1a19	[0x2b93, nil]
0x2bb3S0x1a19	[0x2b93, nil]
0x2bb4S0x1a19	[0x2b93, nil]
0x2bb5S0x1a19	[0x2b93, nil]
0x2bbfS0x1a19	[0x2b93, nil]
0x2bc0S0x1a19	[0x2b93, nil]
0x2bc1S0x1a19	[0x2b93, nil]
0x2bc2S0x1a19	[0x2b93, nil]
0x21f7S0x1a19	[0x2b93, nil]
0x21f8S0x1a19	[0x2b93, nil]
0x21faS0x1a19	[0x2b93, nil]
0x2bcfS0x1a19	[0x2b93, nil]
0x2bd1S0x1a19	[0x2b93, nil]
0x2bd2S0x1a19	[0x2b93, nil]
0x2bdcS0x1a19	[0x2b93, nil]
0x2bddS0x1a19	[0x2b93, nil]
0x2bdeS0x1a19	[0x2b93, nil]
0x2becS0x1a19	[0x2b93, nil]
0x2befS0x1a19	[0x2b93, nil]
0x2bf0S0x1a19	[0x2b93, nil]
0x2bf1S0x1a19	[0x2b93, nil]
0x2bf3S0x1a19	[0x2b93, nil]
0x2bf4S0x1a19	[0x2b93, nil]
0x2bf6S0x1a19	[0x2b93, nil]
0x2bf8S0x1a19	[0x2b93, nil]
0x2bf9S0x1a19	[0x2b93, nil]
0x2bfaS0x1a19	[0x2b93, nil]
0x2c08S0x1a19	[0x2b93, nil]
0x2c0cS0x1a19	[0x2b93, nil]
0x2c0eS0x1a19	[0x2b93, nil]
0x2c10S0x1a19	[0x2b93, nil]
0x2c12S0x1a19	[0x2b93, nil]
0x2b63S0x1a19	[0x2b93, nil]
0x2b67S0x1a19	[0x2b93, nil]
0x2bc8S0x1a19	[0x2b93, nil]
0x2be6S0x1a19	[0x2b93, nil]
0x2c03S0x1a19	[0x2b93, nil]
0x2b26S0x2b62S0x1a19	[0x2b93, [0x2b25, nil]]
0x2b27S0x2b62S0x1a19	[0x2b93, [0x2b25, nil]]
0x2b29S0x2b62S0x1a19	[0x2b93, [0x2b25, nil]]
0x2b2aS0x2b62S0x1a19	[0x2b93, [0x2b25, nil]]
0x2b2dS0x2b62S0x1a19	[0x2b93, [0x2b25, nil]]
0x2b2eS0x2b62S0x1a19	[0x2b93, [0x2b25, nil]]
0x2b82S0x1df4	[0x2b93, nil]
0x2b85S0x1df4	[0x2b93, nil]
0x2b9dS0x1df4	[0x2b93, nil]
0x2ba0S0x1df4	[0x2b93, nil]
0x2b94S0x1df4	[0x2b93, nil]
0x2b95S0x1df4	[0x2b93, nil]
0x2b97S0x1df4	[0x2b93, nil]
0x2b98S0x1df4	[0x2b93, nil]
0x2b99S0x1df4	[0x2b93, nil]
0x2b6dS0x1df4	[0x2b93, nil]
0x2b70S0x1df4	[0x2b93, nil]
0x2b71S0x1df4	[0x2b93, nil]
0x2b7bS0x1df4	[0x2b93, nil]
0x2b7cS0x1df4	[0x2b93, nil]
0x2b7dS0x1df4	[0x2b93, nil]
0x2b7eS0x1df4	[0x2b93, nil]
0x2b8cS0x1df4	[0x2b93, nil]
0x2b36S0x1df4	[0x2b93, nil]
0x2b57S0x1df4	[0x2b93, nil]
0x2b59S0x1df4	[0x2b93, nil]
0x2b5bS0x1df4	[0x2b93, nil]
0x2b5eS0x1df4	[0x2b93, nil]
0x2b60S0x1df4	[0x2b93, nil]
0x2ba5S0x1df4	[0x2b93, nil]
0x2ba7S0x1df4	[0x2b93, nil]
0x2ba8S0x1df4	[0x2b93, nil]
0x2ba9S0x1df4	[0x2b93, nil]
0x2baeS0x1df4	[0x2b93, nil]
0x2bafS0x1df4	[0x2b93, nil]
0x2bb0S0x1df4	[0x2b93, nil]
0x2bb3S0x1df4	[0x2b93, nil]
0x2bb4S0x1df4	[0x2b93, nil]
0x2bb5S0x1df4	[0x2b93, nil]
0x2bbfS0x1df4	[0x2b93, nil]
0x2bc0S0x1df4	[0x2b93, nil]
0x2bc1S0x1df4	[0x2b93, nil]
0x2bc2S0x1df4	[0x2b93, nil]
0x21f7S0x1df4	[0x2b93, nil]
0x21f8S0x1df4	[0x2b93, nil]
0x21faS0x1df4	[0x2b93, nil]
0x2bcfS0x1df4	[0x2b93, nil]
0x2bd1S0x1df4	[0x2b93, nil]
0x2bd2S0x1df4	[0x2b93, nil]
0x2bdcS0x1df4	[0x2b93, nil]
0x2bddS0x1df4	[0x2b93, nil]
0x2bdeS0x1df4	[0x2b93, nil]
0x2becS0x1df4	[0x2b93, nil]
0x2befS0x1df4	[0x2b93, nil]
0x2bf0S0x1df4	[0x2b93, nil]
0x2bf1S0x1df4	[0x2b93, nil]
0x2bf3S0x1df4	[0x2b93, nil]
0x2bf4S0x1df4	[0x2b93, nil]
0x2bf6S0x1df4	[0x2b93, nil]
0x2bf8S0x1df4	[0x2b93, nil]
0x2bf9S0x1df4	[0x2b93, nil]
0x2bfaS0x1df4	[0x2b93, nil]
0x2c08S0x1df4	[0x2b93, nil]
0x2c0cS0x1df4	[0x2b93, nil]
0x2c0eS0x1df4	[0x2b93, nil]
0x2c10S0x1df4	[0x2b93, nil]
0x2c12S0x1df4	[0x2b93, nil]
0x2b63S0x1df4	[0x2b93, nil]
0x2b67S0x1df4	[0x2b93, nil]
0x2bc8S0x1df4	[0x2b93, nil]
0x2be6S0x1df4	[0x2b93, nil]
0x2c03S0x1df4	[0x2b93, nil]
0x2b26S0x2b62S0x1df4	[0x2b93, [0x2b25, nil]]
0x2b27S0x2b62S0x1df4	[0x2b93, [0x2b25, nil]]
0x2b29S0x2b62S0x1df4	[0x2b93, [0x2b25, nil]]
0x2b2aS0x2b62S0x1df4	[0x2b93, [0x2b25, nil]]
0x2b2dS0x2b62S0x1df4	[0x2b93, [0x2b25, nil]]
0x2b2eS0x2b62S0x1df4	[0x2b93, [0x2b25, nil]]
0x2e83S0xda8	[0x2e82, nil]
0x2e84S0xda8	[0x2e82, nil]
0x2e87S0xda8	[0x2e82, nil]
0x2e8cS0xda8	[0x2e82, nil]
0x2e8dS0xda8	[0x2e82, nil]
0x2e8fS0xda8	[0x2e82, nil]
0x2e91S0xda8	[0x2e82, nil]
0x2e95S0xda8	[0x2e82, nil]
0x2e6fS0xda8	[0x2e82, nil]
0x2e73S0xda8	[0x2e82, nil]
0x2e78S0xda8	[0x2e82, nil]
0x2e7bS0xda8	[0x2e82, nil]
0x2e39S0xda8	[0x2e82, nil]
0x2e5aS0xda8	[0x2e82, nil]
0x2e5cS0xda8	[0x2e82, nil]
0x2e9eS0xda8	[0x2e82, nil]
0x2e9fS0xda8	[0x2e82, nil]
0x2ea2S0xda8	[0x2e82, nil]
0x2ea4S0xda8	[0x2e82, nil]
0x2ea8S0xda8	[0x2e82, nil]
0x2e61S0xda8	[0x2e82, nil]
0x2e62S0xda8	[0x2e82, nil]
0x2e65S0xda8	[0x2e82, nil]
0x2e68S0xda8	[0x2e82, nil]
0x26e0S0x2e60S0xda8	[0x2e82, [0x26df, nil]]
0x26e4S0x2e60S0xda8	[0x2e82, [0x26df, nil]]
0x26e7S0x2e60S0xda8	[0x2e82, [0x26df, nil]]
0x2c59S0x2e82S0xda8	[0x2e82, [0x2c4a, nil]]
0x2c5dS0x2e82S0xda8	[0x2e82, [0x2c4a, nil]]
0x2c62S0x2e82S0xda8	[0x2e82, [0x2c4a, nil]]
0x2c65S0x2e82S0xda8	[0x2e82, [0x2c4a, nil]]
0x2c23S0x2e82S0xda8	[0x2e82, [0x2c4a, nil]]
0x2c44S0x2e82S0xda8	[0x2e82, [0x2c4a, nil]]
0x2c46S0x2e82S0xda8	[0x2e82, [0x2c4a, nil]]
0x2c4bS0x2e82S0xda8	[0x2e82, [0x2c4a, nil]]
0x2c4cS0x2e82S0xda8	[0x2e82, [0x2c4a, nil]]
0x2c4fS0x2e82S0xda8	[0x2e82, [0x2c4a, nil]]
0x2c52S0x2e82S0xda8	[0x2e82, [0x2c4a, nil]]
0x26e0S0x2c4aS0x2e82S0xda8	[0x2e82, [0x2c4a, [0x26df, nil]]]
0x26e4S0x2c4aS0x2e82S0xda8	[0x2e82, [0x2c4a, [0x26df, nil]]]
0x26e7S0x2c4aS0x2e82S0xda8	[0x2e82, [0x2c4a, [0x26df, nil]]]
0x2efeS0xe6f	[0x2efd, nil]
0x2effS0xe6f	[0x2efd, nil]
0x2f02S0xe6f	[0x2efd, nil]
0x2f07S0xe6f	[0x2efd, nil]
0x2f08S0xe6f	[0x2efd, nil]
0x2f0aS0xe6f	[0x2efd, nil]
0x2f0cS0xe6f	[0x2efd, nil]
0x2f10S0xe6f	[0x2efd, nil]
0x2eeaS0xe6f	[0x2efd, nil]
0x2eeeS0xe6f	[0x2efd, nil]
0x2ef3S0xe6f	[0x2efd, nil]
0x2ef6S0xe6f	[0x2efd, nil]
0x2eb4S0xe6f	[0x2efd, nil]
0x2ed5S0xe6f	[0x2efd, nil]
0x2ed7S0xe6f	[0x2efd, nil]
0x2f17S0xe6f	[0x2efd, nil]
0x2f1aS0xe6f	[0x2efd, nil]
0x2f1dS0xe6f	[0x2efd, nil]
0x2f1fS0xe6f	[0x2efd, nil]
0x2edcS0xe6f	[0x2efd, nil]
0x2eddS0xe6f	[0x2efd, nil]
0x2ee0S0xe6f	[0x2efd, nil]
0x2ee3S0xe6f	[0x2efd, nil]
0x26e0S0x2edbS0xe6f	[0x2efd, [0x26df, nil]]
0x26e4S0x2edbS0xe6f	[0x2efd, [0x26df, nil]]
0x26e7S0x2edbS0xe6f	[0x2efd, [0x26df, nil]]
0x2a2aS0x2f14S0xe6f	[0x2efd, [0x2a29, nil]]
0x2a2eS0x2f14S0xe6f	[0x2efd, [0x2a29, nil]]
0x2325S0x2a29S0x2f14S0xe6f	[0x2efd, [0x2a29, [0x2324, nil]]]
0x2327S0x2a29S0x2f14S0xe6f	[0x2efd, [0x2a29, [0x2324, nil]]]
0x2328S0x2a29S0x2f14S0xe6f	[0x2efd, [0x2a29, [0x2324, nil]]]
0x30b6S0x11d4	[0x30b5, nil]
0x30b7S0x11d4	[0x30b5, nil]
0x30baS0x11d4	[0x30b5, nil]
0x30bfS0x11d4	[0x30b5, nil]
0x30c0S0x11d4	[0x30b5, nil]
0x30c2S0x11d4	[0x30b5, nil]
0x30c4S0x11d4	[0x30b5, nil]
0x30c8S0x11d4	[0x30b5, nil]
0x30a2S0x11d4	[0x30b5, nil]
0x30a6S0x11d4	[0x30b5, nil]
0x30abS0x11d4	[0x30b5, nil]
0x30aeS0x11d4	[0x30b5, nil]
0x306cS0x11d4	[0x30b5, nil]
0x308dS0x11d4	[0x30b5, nil]
0x308fS0x11d4	[0x30b5, nil]
0x30cfS0x11d4	[0x30b5, nil]
0x30d2S0x11d4	[0x30b5, nil]
0x30d5S0x11d4	[0x30b5, nil]
0x30d7S0x11d4	[0x30b5, nil]
0x3094S0x11d4	[0x30b5, nil]
0x3095S0x11d4	[0x30b5, nil]
0x3098S0x11d4	[0x30b5, nil]
0x309bS0x11d4	[0x30b5, nil]
0x26e0S0x3093S0x11d4	[0x30b5, [0x26df, nil]]
0x26e4S0x3093S0x11d4	[0x30b5, [0x26df, nil]]
0x26e7S0x3093S0x11d4	[0x30b5, [0x26df, nil]]
0x2a2aS0x30ccS0x11d4	[0x30b5, [0x2a29, nil]]
0x2a2eS0x30ccS0x11d4	[0x30b5, [0x2a29, nil]]
0x2325S0x2a29S0x30ccS0x11d4	[0x30b5, [0x2a29, [0x2324, nil]]]
0x2327S0x2a29S0x30ccS0x11d4	[0x30b5, [0x2a29, [0x2324, nil]]]
0x2328S0x2a29S0x30ccS0x11d4	[0x30b5, [0x2a29, [0x2324, nil]]]
0x3294S0x1539	[0x3293, nil]
0x3295S0x1539	[0x3293, nil]
0x3298S0x1539	[0x3293, nil]
0x329dS0x1539	[0x3293, nil]
0x329eS0x1539	[0x3293, nil]
0x32a0S0x1539	[0x3293, nil]
0x32a2S0x1539	[0x3293, nil]
0x32a6S0x1539	[0x3293, nil]
0x3280S0x1539	[0x3293, nil]
0x3284S0x1539	[0x3293, nil]
0x3289S0x1539	[0x3293, nil]
0x328cS0x1539	[0x3293, nil]
0x324aS0x1539	[0x3293, nil]
0x326bS0x1539	[0x3293, nil]
0x326dS0x1539	[0x3293, nil]
0x32adS0x1539	[0x3293, nil]
0x32b0S0x1539	[0x3293, nil]
0x32b3S0x1539	[0x3293, nil]
0x32b5S0x1539	[0x3293, nil]
0x3272S0x1539	[0x3293, nil]
0x3273S0x1539	[0x3293, nil]
0x3276S0x1539	[0x3293, nil]
0x3279S0x1539	[0x3293, nil]
0x26e0S0x3271S0x1539	[0x3293, [0x26df, nil]]
0x26e4S0x3271S0x1539	[0x3293, [0x26df, nil]]
0x26e7S0x3271S0x1539	[0x3293, [0x26df, nil]]
0x2a2aS0x32aaS0x1539	[0x3293, [0x2a29, nil]]
0x2a2eS0x32aaS0x1539	[0x3293, [0x2a29, nil]]
0x2325S0x2a29S0x32aaS0x1539	[0x3293, [0x2a29, [0x2324, nil]]]
0x2327S0x2a29S0x32aaS0x1539	[0x3293, [0x2a29, [0x2324, nil]]]
0x2328S0x2a29S0x32aaS0x1539	[0x3293, [0x2a29, [0x2324, nil]]]
0x34e8S0x1950	[0x34e7, nil]
0x34e9S0x1950	[0x34e7, nil]
0x34ecS0x1950	[0x34e7, nil]
0x34f1S0x1950	[0x34e7, nil]
0x34f2S0x1950	[0x34e7, nil]
0x34f4S0x1950	[0x34e7, nil]
0x34f6S0x1950	[0x34e7, nil]
0x34faS0x1950	[0x34e7, nil]
0x34d4S0x1950	[0x34e7, nil]
0x34d8S0x1950	[0x34e7, nil]
0x34ddS0x1950	[0x34e7, nil]
0x34e0S0x1950	[0x34e7, nil]
0x349eS0x1950	[0x34e7, nil]
0x34bfS0x1950	[0x34e7, nil]
0x34c1S0x1950	[0x34e7, nil]
0x3501S0x1950	[0x34e7, nil]
0x3504S0x1950	[0x34e7, nil]
0x3507S0x1950	[0x34e7, nil]
0x3509S0x1950	[0x34e7, nil]
0x34c6S0x1950	[0x34e7, nil]
0x34c7S0x1950	[0x34e7, nil]
0x34caS0x1950	[0x34e7, nil]
0x34cdS0x1950	[0x34e7, nil]
0x26e0S0x34c5S0x1950	[0x34e7, [0x26df, nil]]
0x26e4S0x34c5S0x1950	[0x34e7, [0x26df, nil]]
0x26e7S0x34c5S0x1950	[0x34e7, [0x26df, nil]]
0x2a2aS0x34feS0x1950	[0x34e7, [0x2a29, nil]]
0x2a2eS0x34feS0x1950	[0x34e7, [0x2a29, nil]]
0x2325S0x2a29S0x34feS0x1950	[0x34e7, [0x2a29, [0x2324, nil]]]
0x2327S0x2a29S0x34feS0x1950	[0x34e7, [0x2a29, [0x2324, nil]]]
0x2328S0x2a29S0x34feS0x1950	[0x34e7, [0x2a29, [0x2324, nil]]]
0x230cS0x1ef	[0x230b, nil]
0x230dS0x1ef	[0x230b, nil]
0x2310S0x1ef	[0x230b, nil]
0x2313S0x1ef	[0x230b, nil]
0x2316S0x1ef	[0x230b, nil]
0x2318S0x1ef	[0x230b, nil]
0x231aS0x1ef	[0x230b, nil]
0x22fdS0x230bS0x1ef	[0x230b, [0x22fc, nil]]
0x2301S0x230bS0x1ef	[0x230b, [0x22fc, nil]]
0x222eS0x22fcS0x230bS0x1ef	[0x230b, [0x22fc, [0x222d, nil]]]
0x248bS0x3ed	[0x247e, nil]
0x248eS0x3ed	[0x247e, nil]
0x247fS0x3ed	[0x247e, nil]
0x2480S0x3ed	[0x247e, nil]
0x2484S0x3ed	[0x247e, nil]
0x2485S0x3ed	[0x247e, nil]
0x2486S0x3ed	[0x247e, nil]
0x2487S0x3ed	[0x247e, nil]
0x2494S0x3ed	[0x247e, nil]
0x2495S0x3ed	[0x247e, nil]
0x249bS0x3ed	[0x247e, nil]
0x249cS0x3ed	[0x247e, nil]
0x73d9S0x3ed	[0x247e, nil]
0x246bS0x2493S0x3ed	[0x247e, [0x246a, nil]]
0x246dS0x2493S0x3ed	[0x247e, [0x246a, nil]]
0x2470S0x2493S0x3ed	[0x247e, [0x246a, nil]]
0x2474S0x2493S0x3ed	[0x247e, [0x246a, nil]]
0x233fS0x246aB0x2493S0x3ed	[0x247e, [0x232f, nil]]
0x233aS0x246aB0x2493S0x3ed	[0x247e, [0x232f, nil]]
0x233bS0x246aB0x2493S0x3ed	[0x247e, [0x232f, nil]]
0x2330S0x246aB0x2493S0x3ed	[0x247e, [0x232f, nil]]
0x2334S0x246aB0x2493S0x3ed	[0x247e, [0x232f, nil]]
0x2325S0x232fS0x246aB0x2493S0x3ed	[0x247e, [0x232f, [0x2324, nil]]]
0x2327S0x232fS0x246aB0x2493S0x3ed	[0x247e, [0x232f, [0x2324, nil]]]
0x2328S0x232fS0x246aB0x2493S0x3ed	[0x247e, [0x232f, [0x2324, nil]]]
0x24caS0x47b	[0x24bd, nil]
0x24cdS0x47b	[0x24bd, nil]
0x24beS0x47b	[0x24bd, nil]
0x24bfS0x47b	[0x24bd, nil]
0x24c3S0x47b	[0x24bd, nil]
0x24c4S0x47b	[0x24bd, nil]
0x24c5S0x47b	[0x24bd, nil]
0x24c6S0x47b	[0x24bd, nil]
0x24d3S0x47b	[0x24bd, nil]
0x24d4S0x47b	[0x24bd, nil]
0x24daS0x47b	[0x24bd, nil]
0x24dbS0x47b	[0x24bd, nil]
0x73fcS0x47b	[0x24bd, nil]
0x24aaS0x24d2S0x47b	[0x24bd, [0x24a9, nil]]
0x24acS0x24d2S0x47b	[0x24bd, [0x24a9, nil]]
0x24afS0x24d2S0x47b	[0x24bd, [0x24a9, nil]]
0x24b3S0x24d2S0x47b	[0x24bd, [0x24a9, nil]]
0x2246S0x24a9B0x24d2S0x47b	[0x24bd, [0x2236, nil]]
0x2241S0x24a9B0x24d2S0x47b	[0x24bd, [0x2236, nil]]
0x2242S0x24a9B0x24d2S0x47b	[0x24bd, [0x2236, nil]]
0x2237S0x24a9B0x24d2S0x47b	[0x24bd, [0x2236, nil]]
0x223bS0x24a9B0x24d2S0x47b	[0x24bd, [0x2236, nil]]
0x222eS0x2236S0x24a9B0x24d2S0x47b	[0x24bd, [0x2236, [0x222d, nil]]]
0x24caS0x5b4	[0x24bd, nil]
0x24cdS0x5b4	[0x24bd, nil]
0x24beS0x5b4	[0x24bd, nil]
0x24bfS0x5b4	[0x24bd, nil]
0x24c3S0x5b4	[0x24bd, nil]
0x24c4S0x5b4	[0x24bd, nil]
0x24c5S0x5b4	[0x24bd, nil]
0x24c6S0x5b4	[0x24bd, nil]
0x24d3S0x5b4	[0x24bd, nil]
0x24d4S0x5b4	[0x24bd, nil]
0x24daS0x5b4	[0x24bd, nil]
0x24dbS0x5b4	[0x24bd, nil]
0x73fcS0x5b4	[0x24bd, nil]
0x24aaS0x24d2S0x5b4	[0x24bd, [0x24a9, nil]]
0x24acS0x24d2S0x5b4	[0x24bd, [0x24a9, nil]]
0x24afS0x24d2S0x5b4	[0x24bd, [0x24a9, nil]]
0x24b3S0x24d2S0x5b4	[0x24bd, [0x24a9, nil]]
0x2246S0x24a9B0x24d2S0x5b4	[0x24bd, [0x2236, nil]]
0x2241S0x24a9B0x24d2S0x5b4	[0x24bd, [0x2236, nil]]
0x2242S0x24a9B0x24d2S0x5b4	[0x24bd, [0x2236, nil]]
0x2237S0x24a9B0x24d2S0x5b4	[0x24bd, [0x2236, nil]]
0x223bS0x24a9B0x24d2S0x5b4	[0x24bd, [0x2236, nil]]
0x222eS0x2236S0x24a9B0x24d2S0x5b4	[0x24bd, [0x2236, [0x222d, nil]]]
0x24caS0x642	[0x24bd, nil]
0x24cdS0x642	[0x24bd, nil]
0x24beS0x642	[0x24bd, nil]
0x24bfS0x642	[0x24bd, nil]
0x24c3S0x642	[0x24bd, nil]
0x24c4S0x642	[0x24bd, nil]
0x24c5S0x642	[0x24bd, nil]
0x24c6S0x642	[0x24bd, nil]
0x24d3S0x642	[0x24bd, nil]
0x24d4S0x642	[0x24bd, nil]
0x24daS0x642	[0x24bd, nil]
0x24dbS0x642	[0x24bd, nil]
0x73fcS0x642	[0x24bd, nil]
0x24aaS0x24d2S0x642	[0x24bd, [0x24a9, nil]]
0x24acS0x24d2S0x642	[0x24bd, [0x24a9, nil]]
0x24afS0x24d2S0x642	[0x24bd, [0x24a9, nil]]
0x24b3S0x24d2S0x642	[0x24bd, [0x24a9, nil]]
0x2246S0x24a9B0x24d2S0x642	[0x24bd, [0x2236, nil]]
0x2241S0x24a9B0x24d2S0x642	[0x24bd, [0x2236, nil]]
0x2242S0x24a9B0x24d2S0x642	[0x24bd, [0x2236, nil]]
0x2237S0x24a9B0x24d2S0x642	[0x24bd, [0x2236, nil]]
0x223bS0x24a9B0x24d2S0x642	[0x24bd, [0x2236, nil]]
0x222eS0x2236S0x24a9B0x24d2S0x642	[0x24bd, [0x2236, [0x222d, nil]]]
0x248bS0x6e2	[0x247e, nil]
0x248eS0x6e2	[0x247e, nil]
0x247fS0x6e2	[0x247e, nil]
0x2480S0x6e2	[0x247e, nil]
0x2484S0x6e2	[0x247e, nil]
0x2485S0x6e2	[0x247e, nil]
0x2486S0x6e2	[0x247e, nil]
0x2487S0x6e2	[0x247e, nil]
0x2494S0x6e2	[0x247e, nil]
0x2495S0x6e2	[0x247e, nil]
0x249bS0x6e2	[0x247e, nil]
0x249cS0x6e2	[0x247e, nil]
0x73d9S0x6e2	[0x247e, nil]
0x246bS0x2493S0x6e2	[0x247e, [0x246a, nil]]
0x246dS0x2493S0x6e2	[0x247e, [0x246a, nil]]
0x2470S0x2493S0x6e2	[0x247e, [0x246a, nil]]
0x2474S0x2493S0x6e2	[0x247e, [0x246a, nil]]
0x233fS0x246aB0x2493S0x6e2	[0x247e, [0x232f, nil]]
0x233aS0x246aB0x2493S0x6e2	[0x247e, [0x232f, nil]]
0x233bS0x246aB0x2493S0x6e2	[0x247e, [0x232f, nil]]
0x2330S0x246aB0x2493S0x6e2	[0x247e, [0x232f, nil]]
0x2334S0x246aB0x2493S0x6e2	[0x247e, [0x232f, nil]]
0x2325S0x232fS0x246aB0x2493S0x6e2	[0x247e, [0x232f, [0x2324, nil]]]
0x2327S0x232fS0x246aB0x2493S0x6e2	[0x247e, [0x232f, [0x2324, nil]]]
0x2328S0x232fS0x246aB0x2493S0x6e2	[0x247e, [0x232f, [0x2324, nil]]]
0x230cS0x706	[0x230b, nil]
0x230dS0x706	[0x230b, nil]
0x2310S0x706	[0x230b, nil]
0x2313S0x706	[0x230b, nil]
0x2316S0x706	[0x230b, nil]
0x2318S0x706	[0x230b, nil]
0x231aS0x706	[0x230b, nil]
0x22fdS0x230bS0x706	[0x230b, [0x22fc, nil]]
0x2301S0x230bS0x706	[0x230b, [0x22fc, nil]]
0x222eS0x22fcS0x230bS0x706	[0x230b, [0x22fc, [0x222d, nil]]]
0x2a39S0xa6d	[0x2a38, nil]
0x2a3aS0xa6d	[0x2a38, nil]
0x2a3dS0xa6d	[0x2a38, nil]
0x2a40S0xa6d	[0x2a38, nil]
0x2a43S0xa6d	[0x2a38, nil]
0x2a45S0xa6d	[0x2a38, nil]
0x2a47S0xa6d	[0x2a38, nil]
0x2a2aS0x2a38S0xa6d	[0x2a38, [0x2a29, nil]]
0x2a2eS0x2a38S0xa6d	[0x2a38, [0x2a29, nil]]
0x2325S0x2a29S0x2a38S0xa6d	[0x2a38, [0x2a29, [0x2324, nil]]]
0x2327S0x2a29S0x2a38S0xa6d	[0x2a38, [0x2a29, [0x2324, nil]]]
0x2328S0x2a29S0x2a38S0xa6d	[0x2a38, [0x2a29, [0x2324, nil]]]
0x2acfS0xb04	[0x2ace, nil]
0x2ad0S0xb04	[0x2ace, nil]
0x2ad3S0xb04	[0x2ace, nil]
0x2ad8S0xb04	[0x2ace, nil]
0x2ad9S0xb04	[0x2ace, nil]
0x2adbS0xb04	[0x2ace, nil]
0x2addS0xb04	[0x2ace, nil]
0x2ae1S0xb04	[0x2ace, nil]
0x2abbS0xb04	[0x2ace, nil]
0x2abfS0xb04	[0x2ace, nil]
0x2ac4S0xb04	[0x2ace, nil]
0x2ac7S0xb04	[0x2ace, nil]
0x2a85S0xb04	[0x2ace, nil]
0x2aa6S0xb04	[0x2ace, nil]
0x2aa8S0xb04	[0x2ace, nil]
0x2ae8S0xb04	[0x2ace, nil]
0x2aebS0xb04	[0x2ace, nil]
0x2aeeS0xb04	[0x2ace, nil]
0x2af0S0xb04	[0x2ace, nil]
0x2aadS0xb04	[0x2ace, nil]
0x2aaeS0xb04	[0x2ace, nil]
0x2ab1S0xb04	[0x2ace, nil]
0x2ab4S0xb04	[0x2ace, nil]
0x26e0S0x2aacS0xb04	[0x2ace, [0x26df, nil]]
0x26e4S0x2aacS0xb04	[0x2ace, [0x26df, nil]]
0x26e7S0x2aacS0xb04	[0x2ace, [0x26df, nil]]
0x22fdS0x2ae5S0xb04	[0x2ace, [0x22fc, nil]]
0x2301S0x2ae5S0xb04	[0x2ace, [0x22fc, nil]]
0x222eS0x22fcS0x2ae5S0xb04	[0x2ace, [0x22fc, [0x222d, nil]]]
0x2e0dS0xd69	[0x2e0c, nil]
0x2e0eS0xd69	[0x2e0c, nil]
0x2e11S0xd69	[0x2e0c, nil]
0x2e16S0xd69	[0x2e0c, nil]
0x2e17S0xd69	[0x2e0c, nil]
0x2e19S0xd69	[0x2e0c, nil]
0x2e1bS0xd69	[0x2e0c, nil]
0x2e1fS0xd69	[0x2e0c, nil]
0x2e26S0xd69	[0x2e0c, nil]
0x2e29S0xd69	[0x2e0c, nil]
0x2e2cS0xd69	[0x2e0c, nil]
0x2e2eS0xd69	[0x2e0c, nil]
0x2c59S0x2e0cS0xd69	[0x2e0c, [0x2c4a, nil]]
0x2c5dS0x2e0cS0xd69	[0x2e0c, [0x2c4a, nil]]
0x2c62S0x2e0cS0xd69	[0x2e0c, [0x2c4a, nil]]
0x2c65S0x2e0cS0xd69	[0x2e0c, [0x2c4a, nil]]
0x2c23S0x2e0cS0xd69	[0x2e0c, [0x2c4a, nil]]
0x2c44S0x2e0cS0xd69	[0x2e0c, [0x2c4a, nil]]
0x2c46S0x2e0cS0xd69	[0x2e0c, [0x2c4a, nil]]
0x2c4bS0x2e0cS0xd69	[0x2e0c, [0x2c4a, nil]]
0x2c4cS0x2e0cS0xd69	[0x2e0c, [0x2c4a, nil]]
0x2c4fS0x2e0cS0xd69	[0x2e0c, [0x2c4a, nil]]
0x2c52S0x2e0cS0xd69	[0x2e0c, [0x2c4a, nil]]
0x26e0S0x2c4aS0x2e0cS0xd69	[0x2e0c, [0x2c4a, [0x26df, nil]]]
0x26e4S0x2c4aS0x2e0cS0xd69	[0x2e0c, [0x2c4a, [0x26df, nil]]]
0x26e7S0x2c4aS0x2e0cS0xd69	[0x2e0c, [0x2c4a, [0x26df, nil]]]
0x2a2aS0x2e23S0xd69	[0x2e0c, [0x2a29, nil]]
0x2a2eS0x2e23S0xd69	[0x2e0c, [0x2a29, nil]]
0x2325S0x2a29S0x2e23S0xd69	[0x2e0c, [0x2a29, [0x2324, nil]]]
0x2327S0x2a29S0x2e23S0xd69	[0x2e0c, [0x2a29, [0x2324, nil]]]
0x2328S0x2a29S0x2e23S0xd69	[0x2e0c, [0x2a29, [0x2324, nil]]]
0x2cd7S0xbe7	[0x2cd6, nil]
0x2cd8S0xbe7	[0x2cd6, nil]
0x2cdbS0xbe7	[0x2cd6, nil]
0x2ce0S0xbe7	[0x2cd6, nil]
0x2ce1S0xbe7	[0x2cd6, nil]
0x2ce3S0xbe7	[0x2cd6, nil]
0x2ce5S0xbe7	[0x2cd6, nil]
0x2ce9S0xbe7	[0x2cd6, nil]
0x2cf2S0xbe7	[0x2cd6, nil]
0x2cf3S0xbe7	[0x2cd6, nil]
0x2cf6S0xbe7	[0x2cd6, nil]
0x2cf8S0xbe7	[0x2cd6, nil]
0x2cfdS0xbe7	[0x2cd6, nil]
0x2c59S0x2cd6S0xbe7	[0x2cd6, [0x2c4a, nil]]
0x2c5dS0x2cd6S0xbe7	[0x2cd6, [0x2c4a, nil]]
0x2c62S0x2cd6S0xbe7	[0x2cd6, [0x2c4a, nil]]
0x2c65S0x2cd6S0xbe7	[0x2cd6, [0x2c4a, nil]]
0x2c23S0x2cd6S0xbe7	[0x2cd6, [0x2c4a, nil]]
0x2c44S0x2cd6S0xbe7	[0x2cd6, [0x2c4a, nil]]
0x2c46S0x2cd6S0xbe7	[0x2cd6, [0x2c4a, nil]]
0x2c4bS0x2cd6S0xbe7	[0x2cd6, [0x2c4a, nil]]
0x2c4cS0x2cd6S0xbe7	[0x2cd6, [0x2c4a, nil]]
0x2c4fS0x2cd6S0xbe7	[0x2cd6, [0x2c4a, nil]]
0x2c52S0x2cd6S0xbe7	[0x2cd6, [0x2c4a, nil]]
0x26e0S0x2c4aS0x2cd6S0xbe7	[0x2cd6, [0x2c4a, [0x26df, nil]]]
0x26e4S0x2c4aS0x2cd6S0xbe7	[0x2cd6, [0x2c4a, [0x26df, nil]]]
0x26e7S0x2c4aS0x2cd6S0xbe7	[0x2cd6, [0x2c4a, [0x26df, nil]]]
0x2c94S0x2cedS0xbe7	[0x2cd6, [0x2c9e, nil]]
0x2c97S0x2cedS0xbe7	[0x2cd6, [0x2c9e, nil]]
0x2c7bS0x2cedS0xbe7	[0x2cd6, [0x2c9e, nil]]
0x2c7cS0x2cedS0xbe7	[0x2cd6, [0x2c9e, nil]]
0x2c7dS0x2cedS0xbe7	[0x2cd6, [0x2c9e, nil]]
0x2c78_0x0S0x2cedS0xbe7	[0x2cd6, [0x2c9e, nil]]
0x2ca9S0x2cedS0xbe7	[0x2cd6, [0x2c9e, nil]]
0x2caeS0x2cedS0xbe7	[0x2cd6, [0x2c9e, nil]]
0x2c6dS0x2cedS0xbe7	[0x2cd6, [0x2c9e, nil]]
0x2c6fS0x2cedS0xbe7	[0x2cd6, [0x2c9e, nil]]
0x2cb5S0x2cedS0xbe7	[0x2cd6, [0x2c9e, nil]]
0x2cbaS0x2cedS0xbe7	[0x2cd6, [0x2c9e, nil]]
0x2cbdS0x2cedS0xbe7	[0x2cd6, [0x2c9e, nil]]
0x2cbeS0x2cedS0xbe7	[0x2cd6, [0x2c9e, nil]]
0x2cc3S0x2cedS0xbe7	[0x2cd6, [0x2c9e, nil]]
0x2cc7S0x2cedS0xbe7	[0x2cd6, [0x2c9e, nil]]
0x2c77S0x2cedS0xbe7	[0x2cd6, [0x2c9e, nil]]
0x2ccdS0x2cedS0xbe7	[0x2cd6, [0x2c9e, nil]]
0x2c9fS0x2cedS0xbe7	[0x2cd6, [0x2c9e, nil]]
0x2ca0S0x2cedS0xbe7	[0x2cd6, [0x2c9e, nil]]
0x2ca4S0x2cedS0xbe7	[0x2cd6, [0x2c9e, nil]]
0x2c83S0x2cedS0xbe7	[0x2cd6, [0x2c9e, nil]]
0x2c84S0x2cedS0xbe7	[0x2cd6, [0x2c9e, nil]]
0x2c87S0x2cedS0xbe7	[0x2cd6, [0x2c9e, nil]]
0x2c89S0x2cedS0xbe7	[0x2cd6, [0x2c9e, nil]]
0x2c8cS0x2cedS0xbe7	[0x2cd6, [0x2c9e, nil]]
0x2c8fS0x2cedS0xbe7	[0x2cd6, [0x2c9e, nil]]
0x2c81_0x0S0x2cedS0xbe7	[0x2cd6, [0x2c9e, nil]]
0x26e0S0x2ca8S0x2cedS0xbe7	[0x2cd6, [0x2c9e, [0x26df, nil]]]
0x26e4S0x2ca8S0x2cedS0xbe7	[0x2cd6, [0x2c9e, [0x26df, nil]]]
0x26e7S0x2ca8S0x2cedS0xbe7	[0x2cd6, [0x2c9e, [0x26df, nil]]]
0x2b26S0x2cc2S0x2cedS0xbe7	[0x2cd6, [0x2c9e, [0x2b25, nil]]]
0x2b27S0x2cc2S0x2cedS0xbe7	[0x2cd6, [0x2c9e, [0x2b25, nil]]]
0x2b29S0x2cc2S0x2cedS0xbe7	[0x2cd6, [0x2c9e, [0x2b25, nil]]]
0x2b2aS0x2cc2S0x2cedS0xbe7	[0x2cd6, [0x2c9e, [0x2b25, nil]]]
0x2b2dS0x2cc2S0x2cedS0xbe7	[0x2cd6, [0x2c9e, [0x2b25, nil]]]
0x2b2eS0x2cc2S0x2cedS0xbe7	[0x2cd6, [0x2c9e, [0x2b25, nil]]]
0x2d74S0xcab	[0x2d73, nil]
0x2d75S0xcab	[0x2d73, nil]
0x2d78S0xcab	[0x2d73, nil]
0x2d7dS0xcab	[0x2d73, nil]
0x2d7eS0xcab	[0x2d73, nil]
0x2d80S0xcab	[0x2d73, nil]
0x2d82S0xcab	[0x2d73, nil]
0x2d86S0xcab	[0x2d73, nil]
0x2d8fS0xcab	[0x2d73, nil]
0x2d90S0xcab	[0x2d73, nil]
0x2d93S0xcab	[0x2d73, nil]
0x2d95S0xcab	[0x2d73, nil]
0x2d99S0xcab	[0x2d73, nil]
0x2c59S0x2d73S0xcab	[0x2d73, [0x2c4a, nil]]
0x2c5dS0x2d73S0xcab	[0x2d73, [0x2c4a, nil]]
0x2c62S0x2d73S0xcab	[0x2d73, [0x2c4a, nil]]
0x2c65S0x2d73S0xcab	[0x2d73, [0x2c4a, nil]]
0x2c23S0x2d73S0xcab	[0x2d73, [0x2c4a, nil]]
0x2c44S0x2d73S0xcab	[0x2d73, [0x2c4a, nil]]
0x2c46S0x2d73S0xcab	[0x2d73, [0x2c4a, nil]]
0x2c4bS0x2d73S0xcab	[0x2d73, [0x2c4a, nil]]
0x2c4cS0x2d73S0xcab	[0x2d73, [0x2c4a, nil]]
0x2c4fS0x2d73S0xcab	[0x2d73, [0x2c4a, nil]]
0x2c52S0x2d73S0xcab	[0x2d73, [0x2c4a, nil]]
0x26e0S0x2c4aS0x2d73S0xcab	[0x2d73, [0x2c4a, [0x26df, nil]]]
0x26e4S0x2c4aS0x2d73S0xcab	[0x2d73, [0x2c4a, [0x26df, nil]]]
0x26e7S0x2c4aS0x2d73S0xcab	[0x2d73, [0x2c4a, [0x26df, nil]]]
0x2d60S0x2d8aS0xcab	[0x2d73, [0x2d51, nil]]
0x2d64S0x2d8aS0xcab	[0x2d73, [0x2d51, nil]]
0x2d69S0x2d8aS0xcab	[0x2d73, [0x2d51, nil]]
0x2d6cS0x2d8aS0xcab	[0x2d73, [0x2d51, nil]]
0x2d2aS0x2d8aS0xcab	[0x2d73, [0x2d51, nil]]
0x2d4bS0x2d8aS0xcab	[0x2d73, [0x2d51, nil]]
0x2d4dS0x2d8aS0xcab	[0x2d73, [0x2d51, nil]]
0x2d52S0x2d8aS0xcab	[0x2d73, [0x2d51, nil]]
0x2d53S0x2d8aS0xcab	[0x2d73, [0x2d51, nil]]
0x2d56S0x2d8aS0xcab	[0x2d73, [0x2d51, nil]]
0x2d59S0x2d8aS0xcab	[0x2d73, [0x2d51, nil]]
0x26e0S0x2d51S0x2d8aS0xcab	[0x2d73, [0x2d51, [0x26df, nil]]]
0x26e4S0x2d51S0x2d8aS0xcab	[0x2d73, [0x2d51, [0x26df, nil]]]
0x26e7S0x2d51S0x2d8aS0xcab	[0x2d73, [0x2d51, [0x26df, nil]]]
0x2a39S0xc16	[0x2a38, nil]
0x2a3aS0xc16	[0x2a38, nil]
0x2a3dS0xc16	[0x2a38, nil]
0x2a40S0xc16	[0x2a38, nil]
0x2a43S0xc16	[0x2a38, nil]
0x2a45S0xc16	[0x2a38, nil]
0x2a47S0xc16	[0x2a38, nil]
0x2a2aS0x2a38S0xc16	[0x2a38, [0x2a29, nil]]
0x2a2eS0x2a38S0xc16	[0x2a38, [0x2a29, nil]]
0x2325S0x2a29S0x2a38S0xc16	[0x2a38, [0x2a29, [0x2324, nil]]]
0x2327S0x2a29S0x2a38S0xc16	[0x2a38, [0x2a29, [0x2324, nil]]]
0x2328S0x2a29S0x2a38S0xc16	[0x2a38, [0x2a29, [0x2324, nil]]]
0x2d0aS0xc64	[0x2d09, nil]
0x2d0bS0xc64	[0x2d09, nil]
0x2d0eS0xc64	[0x2d09, nil]
0x2d13S0xc64	[0x2d09, nil]
0x2d14S0xc64	[0x2d09, nil]
0x2d16S0xc64	[0x2d09, nil]
0x2d18S0xc64	[0x2d09, nil]
0x2d1dS0xc64	[0x2d09, nil]
0x2c94S0x2d09S0xc64	[0x2d09, [0x2c9e, nil]]
0x2c97S0x2d09S0xc64	[0x2d09, [0x2c9e, nil]]
0x2c7bS0x2d09S0xc64	[0x2d09, [0x2c9e, nil]]
0x2c7cS0x2d09S0xc64	[0x2d09, [0x2c9e, nil]]
0x2c7dS0x2d09S0xc64	[0x2d09, [0x2c9e, nil]]
0x2c78_0x0S0x2d09S0xc64	[0x2d09, [0x2c9e, nil]]
0x2ca9S0x2d09S0xc64	[0x2d09, [0x2c9e, nil]]
0x2caeS0x2d09S0xc64	[0x2d09, [0x2c9e, nil]]
0x2c6dS0x2d09S0xc64	[0x2d09, [0x2c9e, nil]]
0x2c6fS0x2d09S0xc64	[0x2d09, [0x2c9e, nil]]
0x2cb5S0x2d09S0xc64	[0x2d09, [0x2c9e, nil]]
0x2cbaS0x2d09S0xc64	[0x2d09, [0x2c9e, nil]]
0x2cbdS0x2d09S0xc64	[0x2d09, [0x2c9e, nil]]
0x2cbeS0x2d09S0xc64	[0x2d09, [0x2c9e, nil]]
0x2cc3S0x2d09S0xc64	[0x2d09, [0x2c9e, nil]]
0x2cc7S0x2d09S0xc64	[0x2d09, [0x2c9e, nil]]
0x2c77S0x2d09S0xc64	[0x2d09, [0x2c9e, nil]]
0x2ccdS0x2d09S0xc64	[0x2d09, [0x2c9e, nil]]
0x2c9fS0x2d09S0xc64	[0x2d09, [0x2c9e, nil]]
0x2ca0S0x2d09S0xc64	[0x2d09, [0x2c9e, nil]]
0x2ca4S0x2d09S0xc64	[0x2d09, [0x2c9e, nil]]
0x2c83S0x2d09S0xc64	[0x2d09, [0x2c9e, nil]]
0x2c84S0x2d09S0xc64	[0x2d09, [0x2c9e, nil]]
0x2c87S0x2d09S0xc64	[0x2d09, [0x2c9e, nil]]
0x2c89S0x2d09S0xc64	[0x2d09, [0x2c9e, nil]]
0x2c8cS0x2d09S0xc64	[0x2d09, [0x2c9e, nil]]
0x2c8fS0x2d09S0xc64	[0x2d09, [0x2c9e, nil]]
0x2c81_0x0S0x2d09S0xc64	[0x2d09, [0x2c9e, nil]]
0x26e0S0x2ca8S0x2d09S0xc64	[0x2d09, [0x2c9e, [0x26df, nil]]]
0x26e4S0x2ca8S0x2d09S0xc64	[0x2d09, [0x2c9e, [0x26df, nil]]]
0x26e7S0x2ca8S0x2d09S0xc64	[0x2d09, [0x2c9e, [0x26df, nil]]]
0x2b26S0x2cc2S0x2d09S0xc64	[0x2d09, [0x2c9e, [0x2b25, nil]]]
0x2b27S0x2cc2S0x2d09S0xc64	[0x2d09, [0x2c9e, [0x2b25, nil]]]
0x2b29S0x2cc2S0x2d09S0xc64	[0x2d09, [0x2c9e, [0x2b25, nil]]]
0x2b2aS0x2cc2S0x2d09S0xc64	[0x2d09, [0x2c9e, [0x2b25, nil]]]
0x2b2dS0x2cc2S0x2d09S0xc64	[0x2d09, [0x2c9e, [0x2b25, nil]]]
0x2b2eS0x2cc2S0x2d09S0xc64	[0x2d09, [0x2c9e, [0x2b25, nil]]]
0x2a39S0xcd8	[0x2a38, nil]
0x2a3aS0xcd8	[0x2a38, nil]
0x2a3dS0xcd8	[0x2a38, nil]
0x2a40S0xcd8	[0x2a38, nil]
0x2a43S0xcd8	[0x2a38, nil]
0x2a45S0xcd8	[0x2a38, nil]
0x2a47S0xcd8	[0x2a38, nil]
0x2a2aS0x2a38S0xcd8	[0x2a38, [0x2a29, nil]]
0x2a2eS0x2a38S0xcd8	[0x2a38, [0x2a29, nil]]
0x2325S0x2a29S0x2a38S0xcd8	[0x2a38, [0x2a29, [0x2324, nil]]]
0x2327S0x2a29S0x2a38S0xcd8	[0x2a38, [0x2a29, [0x2324, nil]]]
0x2328S0x2a29S0x2a38S0xcd8	[0x2a38, [0x2a29, [0x2324, nil]]]
0x2a39S0xdd4	[0x2a38, nil]
0x2a3aS0xdd4	[0x2a38, nil]
0x2a3dS0xdd4	[0x2a38, nil]
0x2a40S0xdd4	[0x2a38, nil]
0x2a43S0xdd4	[0x2a38, nil]
0x2a45S0xdd4	[0x2a38, nil]
0x2a47S0xdd4	[0x2a38, nil]
0x2a2aS0x2a38S0xdd4	[0x2a38, [0x2a29, nil]]
0x2a2eS0x2a38S0xdd4	[0x2a38, [0x2a29, nil]]
0x2325S0x2a29S0x2a38S0xdd4	[0x2a38, [0x2a29, [0x2324, nil]]]
0x2327S0x2a29S0x2a38S0xdd4	[0x2a38, [0x2a29, [0x2324, nil]]]
0x2328S0x2a29S0x2a38S0xdd4	[0x2a38, [0x2a29, [0x2324, nil]]]
0x2a39S0x1145	[0x2a38, nil]
0x2a3aS0x1145	[0x2a38, nil]
0x2a3dS0x1145	[0x2a38, nil]
0x2a40S0x1145	[0x2a38, nil]
0x2a43S0x1145	[0x2a38, nil]
0x2a45S0x1145	[0x2a38, nil]
0x2a47S0x1145	[0x2a38, nil]
0x2a2aS0x2a38S0x1145	[0x2a38, [0x2a29, nil]]
0x2a2eS0x2a38S0x1145	[0x2a38, [0x2a29, nil]]
0x2325S0x2a29S0x2a38S0x1145	[0x2a38, [0x2a29, [0x2324, nil]]]
0x2327S0x2a29S0x2a38S0x1145	[0x2a38, [0x2a29, [0x2324, nil]]]
0x2328S0x2a29S0x2a38S0x1145	[0x2a38, [0x2a29, [0x2324, nil]]]
0x2f74S0xf27	[0x2f73, nil]
0x2f75S0xf27	[0x2f73, nil]
0x2f78S0xf27	[0x2f73, nil]
0x2f7dS0xf27	[0x2f73, nil]
0x2f7eS0xf27	[0x2f73, nil]
0x2f80S0xf27	[0x2f73, nil]
0x2f82S0xf27	[0x2f73, nil]
0x2f86S0xf27	[0x2f73, nil]
0x2f8fS0xf27	[0x2f73, nil]
0x2f90S0xf27	[0x2f73, nil]
0x2f93S0xf27	[0x2f73, nil]
0x2f95S0xf27	[0x2f73, nil]
0x2f9aS0xf27	[0x2f73, nil]
0x2f60S0x2f73S0xf27	[0x2f73, [0x2f51, nil]]
0x2f64S0x2f73S0xf27	[0x2f73, [0x2f51, nil]]
0x2f69S0x2f73S0xf27	[0x2f73, [0x2f51, nil]]
0x2f6cS0x2f73S0xf27	[0x2f73, [0x2f51, nil]]
0x2f2aS0x2f73S0xf27	[0x2f73, [0x2f51, nil]]
0x2f4bS0x2f73S0xf27	[0x2f73, [0x2f51, nil]]
0x2f4dS0x2f73S0xf27	[0x2f73, [0x2f51, nil]]
0x2f52S0x2f73S0xf27	[0x2f73, [0x2f51, nil]]
0x2f53S0x2f73S0xf27	[0x2f73, [0x2f51, nil]]
0x2f56S0x2f73S0xf27	[0x2f73, [0x2f51, nil]]
0x2f59S0x2f73S0xf27	[0x2f73, [0x2f51, nil]]
0x26e0S0x2f51S0x2f73S0xf27	[0x2f73, [0x2f51, [0x26df, nil]]]
0x26e4S0x2f51S0x2f73S0xf27	[0x2f73, [0x2f51, [0x26df, nil]]]
0x26e7S0x2f51S0x2f73S0xf27	[0x2f73, [0x2f51, [0x26df, nil]]]
0x2c94S0x2f8aS0xf27	[0x2f73, [0x2c9e, nil]]
0x2c97S0x2f8aS0xf27	[0x2f73, [0x2c9e, nil]]
0x2c7bS0x2f8aS0xf27	[0x2f73, [0x2c9e, nil]]
0x2c7cS0x2f8aS0xf27	[0x2f73, [0x2c9e, nil]]
0x2c7dS0x2f8aS0xf27	[0x2f73, [0x2c9e, nil]]
0x2c78_0x0S0x2f8aS0xf27	[0x2f73, [0x2c9e, nil]]
0x2ca9S0x2f8aS0xf27	[0x2f73, [0x2c9e, nil]]
0x2caeS0x2f8aS0xf27	[0x2f73, [0x2c9e, nil]]
0x2c6dS0x2f8aS0xf27	[0x2f73, [0x2c9e, nil]]
0x2c6fS0x2f8aS0xf27	[0x2f73, [0x2c9e, nil]]
0x2cb5S0x2f8aS0xf27	[0x2f73, [0x2c9e, nil]]
0x2cbaS0x2f8aS0xf27	[0x2f73, [0x2c9e, nil]]
0x2cbdS0x2f8aS0xf27	[0x2f73, [0x2c9e, nil]]
0x2cbeS0x2f8aS0xf27	[0x2f73, [0x2c9e, nil]]
0x2cc3S0x2f8aS0xf27	[0x2f73, [0x2c9e, nil]]
0x2cc7S0x2f8aS0xf27	[0x2f73, [0x2c9e, nil]]
0x2c77S0x2f8aS0xf27	[0x2f73, [0x2c9e, nil]]
0x2ccdS0x2f8aS0xf27	[0x2f73, [0x2c9e, nil]]
0x2c9fS0x2f8aS0xf27	[0x2f73, [0x2c9e, nil]]
0x2ca0S0x2f8aS0xf27	[0x2f73, [0x2c9e, nil]]
0x2ca4S0x2f8aS0xf27	[0x2f73, [0x2c9e, nil]]
0x2c83S0x2f8aS0xf27	[0x2f73, [0x2c9e, nil]]
0x2c84S0x2f8aS0xf27	[0x2f73, [0x2c9e, nil]]
0x2c87S0x2f8aS0xf27	[0x2f73, [0x2c9e, nil]]
0x2c89S0x2f8aS0xf27	[0x2f73, [0x2c9e, nil]]
0x2c8cS0x2f8aS0xf27	[0x2f73, [0x2c9e, nil]]
0x2c8fS0x2f8aS0xf27	[0x2f73, [0x2c9e, nil]]
0x2c81_0x0S0x2f8aS0xf27	[0x2f73, [0x2c9e, nil]]
0x26e0S0x2ca8S0x2f8aS0xf27	[0x2f73, [0x2c9e, [0x26df, nil]]]
0x26e4S0x2ca8S0x2f8aS0xf27	[0x2f73, [0x2c9e, [0x26df, nil]]]
0x26e7S0x2ca8S0x2f8aS0xf27	[0x2f73, [0x2c9e, [0x26df, nil]]]
0x2b26S0x2cc2S0x2f8aS0xf27	[0x2f73, [0x2c9e, [0x2b25, nil]]]
0x2b27S0x2cc2S0x2f8aS0xf27	[0x2f73, [0x2c9e, [0x2b25, nil]]]
0x2b29S0x2cc2S0x2f8aS0xf27	[0x2f73, [0x2c9e, [0x2b25, nil]]]
0x2b2aS0x2cc2S0x2f8aS0xf27	[0x2f73, [0x2c9e, [0x2b25, nil]]]
0x2b2dS0x2cc2S0x2f8aS0xf27	[0x2f73, [0x2c9e, [0x2b25, nil]]]
0x2b2eS0x2cc2S0x2f8aS0xf27	[0x2f73, [0x2c9e, [0x2b25, nil]]]
0x2fa7S0x1039	[0x2fa6, nil]
0x2fa8S0x1039	[0x2fa6, nil]
0x2fabS0x1039	[0x2fa6, nil]
0x2fb0S0x1039	[0x2fa6, nil]
0x2fb1S0x1039	[0x2fa6, nil]
0x2fb3S0x1039	[0x2fa6, nil]
0x2fb5S0x1039	[0x2fa6, nil]
0x2fb9S0x1039	[0x2fa6, nil]
0x2fc2S0x1039	[0x2fa6, nil]
0x2fc3S0x1039	[0x2fa6, nil]
0x2fc6S0x1039	[0x2fa6, nil]
0x2fc8S0x1039	[0x2fa6, nil]
0x2fccS0x1039	[0x2fa6, nil]
0x2f60S0x2fa6S0x1039	[0x2fa6, [0x2f51, nil]]
0x2f64S0x2fa6S0x1039	[0x2fa6, [0x2f51, nil]]
0x2f69S0x2fa6S0x1039	[0x2fa6, [0x2f51, nil]]
0x2f6cS0x2fa6S0x1039	[0x2fa6, [0x2f51, nil]]
0x2f2aS0x2fa6S0x1039	[0x2fa6, [0x2f51, nil]]
0x2f4bS0x2fa6S0x1039	[0x2fa6, [0x2f51, nil]]
0x2f4dS0x2fa6S0x1039	[0x2fa6, [0x2f51, nil]]
0x2f52S0x2fa6S0x1039	[0x2fa6, [0x2f51, nil]]
0x2f53S0x2fa6S0x1039	[0x2fa6, [0x2f51, nil]]
0x2f56S0x2fa6S0x1039	[0x2fa6, [0x2f51, nil]]
0x2f59S0x2fa6S0x1039	[0x2fa6, [0x2f51, nil]]
0x26e0S0x2f51S0x2fa6S0x1039	[0x2fa6, [0x2f51, [0x26df, nil]]]
0x26e4S0x2f51S0x2fa6S0x1039	[0x2fa6, [0x2f51, [0x26df, nil]]]
0x26e7S0x2f51S0x2fa6S0x1039	[0x2fa6, [0x2f51, [0x26df, nil]]]
0x2d60S0x2fbdS0x1039	[0x2fa6, [0x2d51, nil]]
0x2d64S0x2fbdS0x1039	[0x2fa6, [0x2d51, nil]]
0x2d69S0x2fbdS0x1039	[0x2fa6, [0x2d51, nil]]
0x2d6cS0x2fbdS0x1039	[0x2fa6, [0x2d51, nil]]
0x2d2aS0x2fbdS0x1039	[0x2fa6, [0x2d51, nil]]
0x2d4bS0x2fbdS0x1039	[0x2fa6, [0x2d51, nil]]
0x2d4dS0x2fbdS0x1039	[0x2fa6, [0x2d51, nil]]
0x2d52S0x2fbdS0x1039	[0x2fa6, [0x2d51, nil]]
0x2d53S0x2fbdS0x1039	[0x2fa6, [0x2d51, nil]]
0x2d56S0x2fbdS0x1039	[0x2fa6, [0x2d51, nil]]
0x2d59S0x2fbdS0x1039	[0x2fa6, [0x2d51, nil]]
0x26e0S0x2d51S0x2fbdS0x1039	[0x2fa6, [0x2d51, [0x26df, nil]]]
0x26e4S0x2d51S0x2fbdS0x1039	[0x2fa6, [0x2d51, [0x26df, nil]]]
0x26e7S0x2d51S0x2fbdS0x1039	[0x2fa6, [0x2d51, [0x26df, nil]]]
0x2a39S0xf56	[0x2a38, nil]
0x2a3aS0xf56	[0x2a38, nil]
0x2a3dS0xf56	[0x2a38, nil]
0x2a40S0xf56	[0x2a38, nil]
0x2a43S0xf56	[0x2a38, nil]
0x2a45S0xf56	[0x2a38, nil]
0x2a47S0xf56	[0x2a38, nil]
0x2a2aS0x2a38S0xf56	[0x2a38, [0x2a29, nil]]
0x2a2eS0x2a38S0xf56	[0x2a38, [0x2a29, nil]]
0x2325S0x2a29S0x2a38S0xf56	[0x2a38, [0x2a29, [0x2324, nil]]]
0x2327S0x2a29S0x2a38S0xf56	[0x2a38, [0x2a29, [0x2324, nil]]]
0x2328S0x2a29S0x2a38S0xf56	[0x2a38, [0x2a29, [0x2324, nil]]]
0x2a39S0xfa4	[0x2a38, nil]
0x2a3aS0xfa4	[0x2a38, nil]
0x2a3dS0xfa4	[0x2a38, nil]
0x2a40S0xfa4	[0x2a38, nil]
0x2a43S0xfa4	[0x2a38, nil]
0x2a45S0xfa4	[0x2a38, nil]
0x2a47S0xfa4	[0x2a38, nil]
0x2a2aS0x2a38S0xfa4	[0x2a38, [0x2a29, nil]]
0x2a2eS0x2a38S0xfa4	[0x2a38, [0x2a29, nil]]
0x2325S0x2a29S0x2a38S0xfa4	[0x2a38, [0x2a29, [0x2324, nil]]]
0x2327S0x2a29S0x2a38S0xfa4	[0x2a38, [0x2a29, [0x2324, nil]]]
0x2328S0x2a29S0x2a38S0xfa4	[0x2a38, [0x2a29, [0x2324, nil]]]
0x2d0aS0xff2	[0x2d09, nil]
0x2d0bS0xff2	[0x2d09, nil]
0x2d0eS0xff2	[0x2d09, nil]
0x2d13S0xff2	[0x2d09, nil]
0x2d14S0xff2	[0x2d09, nil]
0x2d16S0xff2	[0x2d09, nil]
0x2d18S0xff2	[0x2d09, nil]
0x2d1dS0xff2	[0x2d09, nil]
0x2c94S0x2d09S0xff2	[0x2d09, [0x2c9e, nil]]
0x2c97S0x2d09S0xff2	[0x2d09, [0x2c9e, nil]]
0x2c7bS0x2d09S0xff2	[0x2d09, [0x2c9e, nil]]
0x2c7cS0x2d09S0xff2	[0x2d09, [0x2c9e, nil]]
0x2c7dS0x2d09S0xff2	[0x2d09, [0x2c9e, nil]]
0x2c78_0x0S0x2d09S0xff2	[0x2d09, [0x2c9e, nil]]
0x2ca9S0x2d09S0xff2	[0x2d09, [0x2c9e, nil]]
0x2caeS0x2d09S0xff2	[0x2d09, [0x2c9e, nil]]
0x2c6dS0x2d09S0xff2	[0x2d09, [0x2c9e, nil]]
0x2c6fS0x2d09S0xff2	[0x2d09, [0x2c9e, nil]]
0x2cb5S0x2d09S0xff2	[0x2d09, [0x2c9e, nil]]
0x2cbaS0x2d09S0xff2	[0x2d09, [0x2c9e, nil]]
0x2cbdS0x2d09S0xff2	[0x2d09, [0x2c9e, nil]]
0x2cbeS0x2d09S0xff2	[0x2d09, [0x2c9e, nil]]
0x2cc3S0x2d09S0xff2	[0x2d09, [0x2c9e, nil]]
0x2cc7S0x2d09S0xff2	[0x2d09, [0x2c9e, nil]]
0x2c77S0x2d09S0xff2	[0x2d09, [0x2c9e, nil]]
0x2ccdS0x2d09S0xff2	[0x2d09, [0x2c9e, nil]]
0x2c9fS0x2d09S0xff2	[0x2d09, [0x2c9e, nil]]
0x2ca0S0x2d09S0xff2	[0x2d09, [0x2c9e, nil]]
0x2ca4S0x2d09S0xff2	[0x2d09, [0x2c9e, nil]]
0x2c83S0x2d09S0xff2	[0x2d09, [0x2c9e, nil]]
0x2c84S0x2d09S0xff2	[0x2d09, [0x2c9e, nil]]
0x2c87S0x2d09S0xff2	[0x2d09, [0x2c9e, nil]]
0x2c89S0x2d09S0xff2	[0x2d09, [0x2c9e, nil]]
0x2c8cS0x2d09S0xff2	[0x2d09, [0x2c9e, nil]]
0x2c8fS0x2d09S0xff2	[0x2d09, [0x2c9e, nil]]
0x2c81_0x0S0x2d09S0xff2	[0x2d09, [0x2c9e, nil]]
0x26e0S0x2ca8S0x2d09S0xff2	[0x2d09, [0x2c9e, [0x26df, nil]]]
0x26e4S0x2ca8S0x2d09S0xff2	[0x2d09, [0x2c9e, [0x26df, nil]]]
0x26e7S0x2ca8S0x2d09S0xff2	[0x2d09, [0x2c9e, [0x26df, nil]]]
0x2b26S0x2cc2S0x2d09S0xff2	[0x2d09, [0x2c9e, [0x2b25, nil]]]
0x2b27S0x2cc2S0x2d09S0xff2	[0x2d09, [0x2c9e, [0x2b25, nil]]]
0x2b29S0x2cc2S0x2d09S0xff2	[0x2d09, [0x2c9e, [0x2b25, nil]]]
0x2b2aS0x2cc2S0x2d09S0xff2	[0x2d09, [0x2c9e, [0x2b25, nil]]]
0x2b2dS0x2cc2S0x2d09S0xff2	[0x2d09, [0x2c9e, [0x2b25, nil]]]
0x2b2eS0x2cc2S0x2d09S0xff2	[0x2d09, [0x2c9e, [0x2b25, nil]]]
0x2a39S0x1066	[0x2a38, nil]
0x2a3aS0x1066	[0x2a38, nil]
0x2a3dS0x1066	[0x2a38, nil]
0x2a40S0x1066	[0x2a38, nil]
0x2a43S0x1066	[0x2a38, nil]
0x2a45S0x1066	[0x2a38, nil]
0x2a47S0x1066	[0x2a38, nil]
0x2a2aS0x2a38S0x1066	[0x2a38, [0x2a29, nil]]
0x2a2eS0x2a38S0x1066	[0x2a38, [0x2a29, nil]]
0x2325S0x2a29S0x2a38S0x1066	[0x2a38, [0x2a29, [0x2324, nil]]]
0x2327S0x2a29S0x2a38S0x1066	[0x2a38, [0x2a29, [0x2324, nil]]]
0x2328S0x2a29S0x2a38S0x1066	[0x2a38, [0x2a29, [0x2324, nil]]]
0x2a39S0x10b4	[0x2a38, nil]
0x2a3aS0x10b4	[0x2a38, nil]
0x2a3dS0x10b4	[0x2a38, nil]
0x2a40S0x10b4	[0x2a38, nil]
0x2a43S0x10b4	[0x2a38, nil]
0x2a45S0x10b4	[0x2a38, nil]
0x2a47S0x10b4	[0x2a38, nil]
0x2a2aS0x2a38S0x10b4	[0x2a38, [0x2a29, nil]]
0x2a2eS0x2a38S0x10b4	[0x2a38, [0x2a29, nil]]
0x2325S0x2a29S0x2a38S0x10b4	[0x2a38, [0x2a29, [0x2324, nil]]]
0x2327S0x2a29S0x2a38S0x10b4	[0x2a38, [0x2a29, [0x2324, nil]]]
0x2328S0x2a29S0x2a38S0x10b4	[0x2a38, [0x2a29, [0x2324, nil]]]
0x3040S0x118c	[0x303f, nil]
0x3041S0x118c	[0x303f, nil]
0x3044S0x118c	[0x303f, nil]
0x3049S0x118c	[0x303f, nil]
0x304aS0x118c	[0x303f, nil]
0x304cS0x118c	[0x303f, nil]
0x304eS0x118c	[0x303f, nil]
0x3052S0x118c	[0x303f, nil]
0x3059S0x118c	[0x303f, nil]
0x305cS0x118c	[0x303f, nil]
0x305fS0x118c	[0x303f, nil]
0x3061S0x118c	[0x303f, nil]
0x2f60S0x303fS0x118c	[0x303f, [0x2f51, nil]]
0x2f64S0x303fS0x118c	[0x303f, [0x2f51, nil]]
0x2f69S0x303fS0x118c	[0x303f, [0x2f51, nil]]
0x2f6cS0x303fS0x118c	[0x303f, [0x2f51, nil]]
0x2f2aS0x303fS0x118c	[0x303f, [0x2f51, nil]]
0x2f4bS0x303fS0x118c	[0x303f, [0x2f51, nil]]
0x2f4dS0x303fS0x118c	[0x303f, [0x2f51, nil]]
0x2f52S0x303fS0x118c	[0x303f, [0x2f51, nil]]
0x2f53S0x303fS0x118c	[0x303f, [0x2f51, nil]]
0x2f56S0x303fS0x118c	[0x303f, [0x2f51, nil]]
0x2f59S0x303fS0x118c	[0x303f, [0x2f51, nil]]
0x26e0S0x2f51S0x303fS0x118c	[0x303f, [0x2f51, [0x26df, nil]]]
0x26e4S0x2f51S0x303fS0x118c	[0x303f, [0x2f51, [0x26df, nil]]]
0x26e7S0x2f51S0x303fS0x118c	[0x303f, [0x2f51, [0x26df, nil]]]
0x2a2aS0x3056S0x118c	[0x303f, [0x2a29, nil]]
0x2a2eS0x3056S0x118c	[0x303f, [0x2a29, nil]]
0x2325S0x2a29S0x3056S0x118c	[0x303f, [0x2a29, [0x2324, nil]]]
0x2327S0x2a29S0x3056S0x118c	[0x303f, [0x2a29, [0x2324, nil]]]
0x2328S0x2a29S0x3056S0x118c	[0x303f, [0x2a29, [0x2324, nil]]]
0x2a39S0x14aa	[0x2a38, nil]
0x2a3aS0x14aa	[0x2a38, nil]
0x2a3dS0x14aa	[0x2a38, nil]
0x2a40S0x14aa	[0x2a38, nil]
0x2a43S0x14aa	[0x2a38, nil]
0x2a45S0x14aa	[0x2a38, nil]
0x2a47S0x14aa	[0x2a38, nil]
0x2a2aS0x2a38S0x14aa	[0x2a38, [0x2a29, nil]]
0x2a2eS0x2a38S0x14aa	[0x2a38, [0x2a29, nil]]
0x2325S0x2a29S0x2a38S0x14aa	[0x2a38, [0x2a29, [0x2324, nil]]]
0x2327S0x2a29S0x2a38S0x14aa	[0x2a38, [0x2a29, [0x2324, nil]]]
0x2328S0x2a29S0x2a38S0x14aa	[0x2a38, [0x2a29, [0x2324, nil]]]
0x312cS0x128c	[0x312b, nil]
0x312dS0x128c	[0x312b, nil]
0x3130S0x128c	[0x312b, nil]
0x3135S0x128c	[0x312b, nil]
0x3136S0x128c	[0x312b, nil]
0x3138S0x128c	[0x312b, nil]
0x313aS0x128c	[0x312b, nil]
0x313eS0x128c	[0x312b, nil]
0x3147S0x128c	[0x312b, nil]
0x3148S0x128c	[0x312b, nil]
0x314bS0x128c	[0x312b, nil]
0x314dS0x128c	[0x312b, nil]
0x3152S0x128c	[0x312b, nil]
0x3118S0x312bS0x128c	[0x312b, [0x3109, nil]]
0x311cS0x312bS0x128c	[0x312b, [0x3109, nil]]
0x3121S0x312bS0x128c	[0x312b, [0x3109, nil]]
0x3124S0x312bS0x128c	[0x312b, [0x3109, nil]]
0x30e2S0x312bS0x128c	[0x312b, [0x3109, nil]]
0x3103S0x312bS0x128c	[0x312b, [0x3109, nil]]
0x3105S0x312bS0x128c	[0x312b, [0x3109, nil]]
0x310aS0x312bS0x128c	[0x312b, [0x3109, nil]]
0x310bS0x312bS0x128c	[0x312b, [0x3109, nil]]
0x310eS0x312bS0x128c	[0x312b, [0x3109, nil]]
0x3111S0x312bS0x128c	[0x312b, [0x3109, nil]]
0x26e0S0x3109S0x312bS0x128c	[0x312b, [0x3109, [0x26df, nil]]]
0x26e4S0x3109S0x312bS0x128c	[0x312b, [0x3109, [0x26df, nil]]]
0x26e7S0x3109S0x312bS0x128c	[0x312b, [0x3109, [0x26df, nil]]]
0x2c94S0x3142S0x128c	[0x312b, [0x2c9e, nil]]
0x2c97S0x3142S0x128c	[0x312b, [0x2c9e, nil]]
0x2c7bS0x3142S0x128c	[0x312b, [0x2c9e, nil]]
0x2c7cS0x3142S0x128c	[0x312b, [0x2c9e, nil]]
0x2c7dS0x3142S0x128c	[0x312b, [0x2c9e, nil]]
0x2c78_0x0S0x3142S0x128c	[0x312b, [0x2c9e, nil]]
0x2ca9S0x3142S0x128c	[0x312b, [0x2c9e, nil]]
0x2caeS0x3142S0x128c	[0x312b, [0x2c9e, nil]]
0x2c6dS0x3142S0x128c	[0x312b, [0x2c9e, nil]]
0x2c6fS0x3142S0x128c	[0x312b, [0x2c9e, nil]]
0x2cb5S0x3142S0x128c	[0x312b, [0x2c9e, nil]]
0x2cbaS0x3142S0x128c	[0x312b, [0x2c9e, nil]]
0x2cbdS0x3142S0x128c	[0x312b, [0x2c9e, nil]]
0x2cbeS0x3142S0x128c	[0x312b, [0x2c9e, nil]]
0x2cc3S0x3142S0x128c	[0x312b, [0x2c9e, nil]]
0x2cc7S0x3142S0x128c	[0x312b, [0x2c9e, nil]]
0x2c77S0x3142S0x128c	[0x312b, [0x2c9e, nil]]
0x2ccdS0x3142S0x128c	[0x312b, [0x2c9e, nil]]
0x2c9fS0x3142S0x128c	[0x312b, [0x2c9e, nil]]
0x2ca0S0x3142S0x128c	[0x312b, [0x2c9e, nil]]
0x2ca4S0x3142S0x128c	[0x312b, [0x2c9e, nil]]
0x2c83S0x3142S0x128c	[0x312b, [0x2c9e, nil]]
0x2c84S0x3142S0x128c	[0x312b, [0x2c9e, nil]]
0x2c87S0x3142S0x128c	[0x312b, [0x2c9e, nil]]
0x2c89S0x3142S0x128c	[0x312b, [0x2c9e, nil]]
0x2c8cS0x3142S0x128c	[0x312b, [0x2c9e, nil]]
0x2c8fS0x3142S0x128c	[0x312b, [0x2c9e, nil]]
0x2c81_0x0S0x3142S0x128c	[0x312b, [0x2c9e, nil]]
0x26e0S0x2ca8S0x3142S0x128c	[0x312b, [0x2c9e, [0x26df, nil]]]
0x26e4S0x2ca8S0x3142S0x128c	[0x312b, [0x2c9e, [0x26df, nil]]]
0x26e7S0x2ca8S0x3142S0x128c	[0x312b, [0x2c9e, [0x26df, nil]]]
0x2b26S0x2cc2S0x3142S0x128c	[0x312b, [0x2c9e, [0x2b25, nil]]]
0x2b27S0x2cc2S0x3142S0x128c	[0x312b, [0x2c9e, [0x2b25, nil]]]
0x2b29S0x2cc2S0x3142S0x128c	[0x312b, [0x2c9e, [0x2b25, nil]]]
0x2b2aS0x2cc2S0x3142S0x128c	[0x312b, [0x2c9e, [0x2b25, nil]]]
0x2b2dS0x2cc2S0x3142S0x128c	[0x312b, [0x2c9e, [0x2b25, nil]]]
0x2b2eS0x2cc2S0x3142S0x128c	[0x312b, [0x2c9e, [0x2b25, nil]]]
0x315fS0x139e	[0x315e, nil]
0x3160S0x139e	[0x315e, nil]
0x3163S0x139e	[0x315e, nil]
0x3168S0x139e	[0x315e, nil]
0x3169S0x139e	[0x315e, nil]
0x316bS0x139e	[0x315e, nil]
0x316dS0x139e	[0x315e, nil]
0x3171S0x139e	[0x315e, nil]
0x317aS0x139e	[0x315e, nil]
0x317bS0x139e	[0x315e, nil]
0x317eS0x139e	[0x315e, nil]
0x3180S0x139e	[0x315e, nil]
0x3184S0x139e	[0x315e, nil]
0x3118S0x315eS0x139e	[0x315e, [0x3109, nil]]
0x311cS0x315eS0x139e	[0x315e, [0x3109, nil]]
0x3121S0x315eS0x139e	[0x315e, [0x3109, nil]]
0x3124S0x315eS0x139e	[0x315e, [0x3109, nil]]
0x30e2S0x315eS0x139e	[0x315e, [0x3109, nil]]
0x3103S0x315eS0x139e	[0x315e, [0x3109, nil]]
0x3105S0x315eS0x139e	[0x315e, [0x3109, nil]]
0x310aS0x315eS0x139e	[0x315e, [0x3109, nil]]
0x310bS0x315eS0x139e	[0x315e, [0x3109, nil]]
0x310eS0x315eS0x139e	[0x315e, [0x3109, nil]]
0x3111S0x315eS0x139e	[0x315e, [0x3109, nil]]
0x26e0S0x3109S0x315eS0x139e	[0x315e, [0x3109, [0x26df, nil]]]
0x26e4S0x3109S0x315eS0x139e	[0x315e, [0x3109, [0x26df, nil]]]
0x26e7S0x3109S0x315eS0x139e	[0x315e, [0x3109, [0x26df, nil]]]
0x2d60S0x3175S0x139e	[0x315e, [0x2d51, nil]]
0x2d64S0x3175S0x139e	[0x315e, [0x2d51, nil]]
0x2d69S0x3175S0x139e	[0x315e, [0x2d51, nil]]
0x2d6cS0x3175S0x139e	[0x315e, [0x2d51, nil]]
0x2d2aS0x3175S0x139e	[0x315e, [0x2d51, nil]]
0x2d4bS0x3175S0x139e	[0x315e, [0x2d51, nil]]
0x2d4dS0x3175S0x139e	[0x315e, [0x2d51, nil]]
0x2d52S0x3175S0x139e	[0x315e, [0x2d51, nil]]
0x2d53S0x3175S0x139e	[0x315e, [0x2d51, nil]]
0x2d56S0x3175S0x139e	[0x315e, [0x2d51, nil]]
0x2d59S0x3175S0x139e	[0x315e, [0x2d51, nil]]
0x26e0S0x2d51S0x3175S0x139e	[0x315e, [0x2d51, [0x26df, nil]]]
0x26e4S0x2d51S0x3175S0x139e	[0x315e, [0x2d51, [0x26df, nil]]]
0x26e7S0x2d51S0x3175S0x139e	[0x315e, [0x2d51, [0x26df, nil]]]
0x2a39S0x12bb	[0x2a38, nil]
0x2a3aS0x12bb	[0x2a38, nil]
0x2a3dS0x12bb	[0x2a38, nil]
0x2a40S0x12bb	[0x2a38, nil]
0x2a43S0x12bb	[0x2a38, nil]
0x2a45S0x12bb	[0x2a38, nil]
0x2a47S0x12bb	[0x2a38, nil]
0x2a2aS0x2a38S0x12bb	[0x2a38, [0x2a29, nil]]
0x2a2eS0x2a38S0x12bb	[0x2a38, [0x2a29, nil]]
0x2325S0x2a29S0x2a38S0x12bb	[0x2a38, [0x2a29, [0x2324, nil]]]
0x2327S0x2a29S0x2a38S0x12bb	[0x2a38, [0x2a29, [0x2324, nil]]]
0x2328S0x2a29S0x2a38S0x12bb	[0x2a38, [0x2a29, [0x2324, nil]]]
0x2a39S0x1309	[0x2a38, nil]
0x2a3aS0x1309	[0x2a38, nil]
0x2a3dS0x1309	[0x2a38, nil]
0x2a40S0x1309	[0x2a38, nil]
0x2a43S0x1309	[0x2a38, nil]
0x2a45S0x1309	[0x2a38, nil]
0x2a47S0x1309	[0x2a38, nil]
0x2a2aS0x2a38S0x1309	[0x2a38, [0x2a29, nil]]
0x2a2eS0x2a38S0x1309	[0x2a38, [0x2a29, nil]]
0x2325S0x2a29S0x2a38S0x1309	[0x2a38, [0x2a29, [0x2324, nil]]]
0x2327S0x2a29S0x2a38S0x1309	[0x2a38, [0x2a29, [0x2324, nil]]]
0x2328S0x2a29S0x2a38S0x1309	[0x2a38, [0x2a29, [0x2324, nil]]]
0x2d0aS0x1357	[0x2d09, nil]
0x2d0bS0x1357	[0x2d09, nil]
0x2d0eS0x1357	[0x2d09, nil]
0x2d13S0x1357	[0x2d09, nil]
0x2d14S0x1357	[0x2d09, nil]
0x2d16S0x1357	[0x2d09, nil]
0x2d18S0x1357	[0x2d09, nil]
0x2d1dS0x1357	[0x2d09, nil]
0x2c94S0x2d09S0x1357	[0x2d09, [0x2c9e, nil]]
0x2c97S0x2d09S0x1357	[0x2d09, [0x2c9e, nil]]
0x2c7bS0x2d09S0x1357	[0x2d09, [0x2c9e, nil]]
0x2c7cS0x2d09S0x1357	[0x2d09, [0x2c9e, nil]]
0x2c7dS0x2d09S0x1357	[0x2d09, [0x2c9e, nil]]
0x2c78_0x0S0x2d09S0x1357	[0x2d09, [0x2c9e, nil]]
0x2ca9S0x2d09S0x1357	[0x2d09, [0x2c9e, nil]]
0x2caeS0x2d09S0x1357	[0x2d09, [0x2c9e, nil]]
0x2c6dS0x2d09S0x1357	[0x2d09, [0x2c9e, nil]]
0x2c6fS0x2d09S0x1357	[0x2d09, [0x2c9e, nil]]
0x2cb5S0x2d09S0x1357	[0x2d09, [0x2c9e, nil]]
0x2cbaS0x2d09S0x1357	[0x2d09, [0x2c9e, nil]]
0x2cbdS0x2d09S0x1357	[0x2d09, [0x2c9e, nil]]
0x2cbeS0x2d09S0x1357	[0x2d09, [0x2c9e, nil]]
0x2cc3S0x2d09S0x1357	[0x2d09, [0x2c9e, nil]]
0x2cc7S0x2d09S0x1357	[0x2d09, [0x2c9e, nil]]
0x2c77S0x2d09S0x1357	[0x2d09, [0x2c9e, nil]]
0x2ccdS0x2d09S0x1357	[0x2d09, [0x2c9e, nil]]
0x2c9fS0x2d09S0x1357	[0x2d09, [0x2c9e, nil]]
0x2ca0S0x2d09S0x1357	[0x2d09, [0x2c9e, nil]]
0x2ca4S0x2d09S0x1357	[0x2d09, [0x2c9e, nil]]
0x2c83S0x2d09S0x1357	[0x2d09, [0x2c9e, nil]]
0x2c84S0x2d09S0x1357	[0x2d09, [0x2c9e, nil]]
0x2c87S0x2d09S0x1357	[0x2d09, [0x2c9e, nil]]
0x2c89S0x2d09S0x1357	[0x2d09, [0x2c9e, nil]]
0x2c8cS0x2d09S0x1357	[0x2d09, [0x2c9e, nil]]
0x2c8fS0x2d09S0x1357	[0x2d09, [0x2c9e, nil]]
0x2c81_0x0S0x2d09S0x1357	[0x2d09, [0x2c9e, nil]]
0x26e0S0x2ca8S0x2d09S0x1357	[0x2d09, [0x2c9e, [0x26df, nil]]]
0x26e4S0x2ca8S0x2d09S0x1357	[0x2d09, [0x2c9e, [0x26df, nil]]]
0x26e7S0x2ca8S0x2d09S0x1357	[0x2d09, [0x2c9e, [0x26df, nil]]]
0x2b26S0x2cc2S0x2d09S0x1357	[0x2d09, [0x2c9e, [0x2b25, nil]]]
0x2b27S0x2cc2S0x2d09S0x1357	[0x2d09, [0x2c9e, [0x2b25, nil]]]
0x2b29S0x2cc2S0x2d09S0x1357	[0x2d09, [0x2c9e, [0x2b25, nil]]]
0x2b2aS0x2cc2S0x2d09S0x1357	[0x2d09, [0x2c9e, [0x2b25, nil]]]
0x2b2dS0x2cc2S0x2d09S0x1357	[0x2d09, [0x2c9e, [0x2b25, nil]]]
0x2b2eS0x2cc2S0x2d09S0x1357	[0x2d09, [0x2c9e, [0x2b25, nil]]]
0x2a39S0x13cb	[0x2a38, nil]
0x2a3aS0x13cb	[0x2a38, nil]
0x2a3dS0x13cb	[0x2a38, nil]
0x2a40S0x13cb	[0x2a38, nil]
0x2a43S0x13cb	[0x2a38, nil]
0x2a45S0x13cb	[0x2a38, nil]
0x2a47S0x13cb	[0x2a38, nil]
0x2a2aS0x2a38S0x13cb	[0x2a38, [0x2a29, nil]]
0x2a2eS0x2a38S0x13cb	[0x2a38, [0x2a29, nil]]
0x2325S0x2a29S0x2a38S0x13cb	[0x2a38, [0x2a29, [0x2324, nil]]]
0x2327S0x2a29S0x2a38S0x13cb	[0x2a38, [0x2a29, [0x2324, nil]]]
0x2328S0x2a29S0x2a38S0x13cb	[0x2a38, [0x2a29, [0x2324, nil]]]
0x2a39S0x1419	[0x2a38, nil]
0x2a3aS0x1419	[0x2a38, nil]
0x2a3dS0x1419	[0x2a38, nil]
0x2a40S0x1419	[0x2a38, nil]
0x2a43S0x1419	[0x2a38, nil]
0x2a45S0x1419	[0x2a38, nil]
0x2a47S0x1419	[0x2a38, nil]
0x2a2aS0x2a38S0x1419	[0x2a38, [0x2a29, nil]]
0x2a2eS0x2a38S0x1419	[0x2a38, [0x2a29, nil]]
0x2325S0x2a29S0x2a38S0x1419	[0x2a38, [0x2a29, [0x2324, nil]]]
0x2327S0x2a29S0x2a38S0x1419	[0x2a38, [0x2a29, [0x2324, nil]]]
0x2328S0x2a29S0x2a38S0x1419	[0x2a38, [0x2a29, [0x2324, nil]]]
0x321eS0x14f1	[0x321d, nil]
0x321fS0x14f1	[0x321d, nil]
0x3222S0x14f1	[0x321d, nil]
0x3227S0x14f1	[0x321d, nil]
0x3228S0x14f1	[0x321d, nil]
0x322aS0x14f1	[0x321d, nil]
0x322cS0x14f1	[0x321d, nil]
0x3230S0x14f1	[0x321d, nil]
0x3237S0x14f1	[0x321d, nil]
0x323aS0x14f1	[0x321d, nil]
0x323dS0x14f1	[0x321d, nil]
0x323fS0x14f1	[0x321d, nil]
0x3118S0x321dS0x14f1	[0x321d, [0x3109, nil]]
0x311cS0x321dS0x14f1	[0x321d, [0x3109, nil]]
0x3121S0x321dS0x14f1	[0x321d, [0x3109, nil]]
0x3124S0x321dS0x14f1	[0x321d, [0x3109, nil]]
0x30e2S0x321dS0x14f1	[0x321d, [0x3109, nil]]
0x3103S0x321dS0x14f1	[0x321d, [0x3109, nil]]
0x3105S0x321dS0x14f1	[0x321d, [0x3109, nil]]
0x310aS0x321dS0x14f1	[0x321d, [0x3109, nil]]
0x310bS0x321dS0x14f1	[0x321d, [0x3109, nil]]
0x310eS0x321dS0x14f1	[0x321d, [0x3109, nil]]
0x3111S0x321dS0x14f1	[0x321d, [0x3109, nil]]
0x26e0S0x3109S0x321dS0x14f1	[0x321d, [0x3109, [0x26df, nil]]]
0x26e4S0x3109S0x321dS0x14f1	[0x321d, [0x3109, [0x26df, nil]]]
0x26e7S0x3109S0x321dS0x14f1	[0x321d, [0x3109, [0x26df, nil]]]
0x2a2aS0x3234S0x14f1	[0x321d, [0x2a29, nil]]
0x2a2eS0x3234S0x14f1	[0x321d, [0x2a29, nil]]
0x2325S0x2a29S0x3234S0x14f1	[0x321d, [0x2a29, [0x2324, nil]]]
0x2327S0x2a29S0x3234S0x14f1	[0x321d, [0x2a29, [0x2324, nil]]]
0x2328S0x2a29S0x3234S0x14f1	[0x321d, [0x2a29, [0x2324, nil]]]
0x2a39S0x180f	[0x2a38, nil]
0x2a3aS0x180f	[0x2a38, nil]
0x2a3dS0x180f	[0x2a38, nil]
0x2a40S0x180f	[0x2a38, nil]
0x2a43S0x180f	[0x2a38, nil]
0x2a45S0x180f	[0x2a38, nil]
0x2a47S0x180f	[0x2a38, nil]
0x2a2aS0x2a38S0x180f	[0x2a38, [0x2a29, nil]]
0x2a2eS0x2a38S0x180f	[0x2a38, [0x2a29, nil]]
0x2325S0x2a29S0x2a38S0x180f	[0x2a38, [0x2a29, [0x2324, nil]]]
0x2327S0x2a29S0x2a38S0x180f	[0x2a38, [0x2a29, [0x2324, nil]]]
0x2328S0x2a29S0x2a38S0x180f	[0x2a38, [0x2a29, [0x2324, nil]]]
0x330aS0x15f1	[0x3309, nil]
0x330bS0x15f1	[0x3309, nil]
0x330eS0x15f1	[0x3309, nil]
0x3313S0x15f1	[0x3309, nil]
0x3314S0x15f1	[0x3309, nil]
0x3316S0x15f1	[0x3309, nil]
0x3318S0x15f1	[0x3309, nil]
0x331cS0x15f1	[0x3309, nil]
0x3325S0x15f1	[0x3309, nil]
0x3326S0x15f1	[0x3309, nil]
0x3329S0x15f1	[0x3309, nil]
0x332bS0x15f1	[0x3309, nil]
0x3330S0x15f1	[0x3309, nil]
0x32f6S0x3309S0x15f1	[0x3309, [0x32e7, nil]]
0x32faS0x3309S0x15f1	[0x3309, [0x32e7, nil]]
0x32ffS0x3309S0x15f1	[0x3309, [0x32e7, nil]]
0x3302S0x3309S0x15f1	[0x3309, [0x32e7, nil]]
0x32c0S0x3309S0x15f1	[0x3309, [0x32e7, nil]]
0x32e1S0x3309S0x15f1	[0x3309, [0x32e7, nil]]
0x32e3S0x3309S0x15f1	[0x3309, [0x32e7, nil]]
0x32e8S0x3309S0x15f1	[0x3309, [0x32e7, nil]]
0x32e9S0x3309S0x15f1	[0x3309, [0x32e7, nil]]
0x32ecS0x3309S0x15f1	[0x3309, [0x32e7, nil]]
0x32efS0x3309S0x15f1	[0x3309, [0x32e7, nil]]
0x26e0S0x32e7S0x3309S0x15f1	[0x3309, [0x32e7, [0x26df, nil]]]
0x26e4S0x32e7S0x3309S0x15f1	[0x3309, [0x32e7, [0x26df, nil]]]
0x26e7S0x32e7S0x3309S0x15f1	[0x3309, [0x32e7, [0x26df, nil]]]
0x2c94S0x3320S0x15f1	[0x3309, [0x2c9e, nil]]
0x2c97S0x3320S0x15f1	[0x3309, [0x2c9e, nil]]
0x2c7bS0x3320S0x15f1	[0x3309, [0x2c9e, nil]]
0x2c7cS0x3320S0x15f1	[0x3309, [0x2c9e, nil]]
0x2c7dS0x3320S0x15f1	[0x3309, [0x2c9e, nil]]
0x2c78_0x0S0x3320S0x15f1	[0x3309, [0x2c9e, nil]]
0x2ca9S0x3320S0x15f1	[0x3309, [0x2c9e, nil]]
0x2caeS0x3320S0x15f1	[0x3309, [0x2c9e, nil]]
0x2c6dS0x3320S0x15f1	[0x3309, [0x2c9e, nil]]
0x2c6fS0x3320S0x15f1	[0x3309, [0x2c9e, nil]]
0x2cb5S0x3320S0x15f1	[0x3309, [0x2c9e, nil]]
0x2cbaS0x3320S0x15f1	[0x3309, [0x2c9e, nil]]
0x2cbdS0x3320S0x15f1	[0x3309, [0x2c9e, nil]]
0x2cbeS0x3320S0x15f1	[0x3309, [0x2c9e, nil]]
0x2cc3S0x3320S0x15f1	[0x3309, [0x2c9e, nil]]
0x2cc7S0x3320S0x15f1	[0x3309, [0x2c9e, nil]]
0x2c77S0x3320S0x15f1	[0x3309, [0x2c9e, nil]]
0x2ccdS0x3320S0x15f1	[0x3309, [0x2c9e, nil]]
0x2c9fS0x3320S0x15f1	[0x3309, [0x2c9e, nil]]
0x2ca0S0x3320S0x15f1	[0x3309, [0x2c9e, nil]]
0x2ca4S0x3320S0x15f1	[0x3309, [0x2c9e, nil]]
0x2c83S0x3320S0x15f1	[0x3309, [0x2c9e, nil]]
0x2c84S0x3320S0x15f1	[0x3309, [0x2c9e, nil]]
0x2c87S0x3320S0x15f1	[0x3309, [0x2c9e, nil]]
0x2c89S0x3320S0x15f1	[0x3309, [0x2c9e, nil]]
0x2c8cS0x3320S0x15f1	[0x3309, [0x2c9e, nil]]
0x2c8fS0x3320S0x15f1	[0x3309, [0x2c9e, nil]]
0x2c81_0x0S0x3320S0x15f1	[0x3309, [0x2c9e, nil]]
0x26e0S0x2ca8S0x3320S0x15f1	[0x3309, [0x2c9e, [0x26df, nil]]]
0x26e4S0x2ca8S0x3320S0x15f1	[0x3309, [0x2c9e, [0x26df, nil]]]
0x26e7S0x2ca8S0x3320S0x15f1	[0x3309, [0x2c9e, [0x26df, nil]]]
0x2b26S0x2cc2S0x3320S0x15f1	[0x3309, [0x2c9e, [0x2b25, nil]]]
0x2b27S0x2cc2S0x3320S0x15f1	[0x3309, [0x2c9e, [0x2b25, nil]]]
0x2b29S0x2cc2S0x3320S0x15f1	[0x3309, [0x2c9e, [0x2b25, nil]]]
0x2b2aS0x2cc2S0x3320S0x15f1	[0x3309, [0x2c9e, [0x2b25, nil]]]
0x2b2dS0x2cc2S0x3320S0x15f1	[0x3309, [0x2c9e, [0x2b25, nil]]]
0x2b2eS0x2cc2S0x3320S0x15f1	[0x3309, [0x2c9e, [0x2b25, nil]]]
0x333dS0x1703	[0x333c, nil]
0x333eS0x1703	[0x333c, nil]
0x3341S0x1703	[0x333c, nil]
0x3346S0x1703	[0x333c, nil]
0x3347S0x1703	[0x333c, nil]
0x3349S0x1703	[0x333c, nil]
0x334bS0x1703	[0x333c, nil]
0x334fS0x1703	[0x333c, nil]
0x3358S0x1703	[0x333c, nil]
0x3359S0x1703	[0x333c, nil]
0x335cS0x1703	[0x333c, nil]
0x335eS0x1703	[0x333c, nil]
0x3362S0x1703	[0x333c, nil]
0x32f6S0x333cS0x1703	[0x333c, [0x32e7, nil]]
0x32faS0x333cS0x1703	[0x333c, [0x32e7, nil]]
0x32ffS0x333cS0x1703	[0x333c, [0x32e7, nil]]
0x3302S0x333cS0x1703	[0x333c, [0x32e7, nil]]
0x32c0S0x333cS0x1703	[0x333c, [0x32e7, nil]]
0x32e1S0x333cS0x1703	[0x333c, [0x32e7, nil]]
0x32e3S0x333cS0x1703	[0x333c, [0x32e7, nil]]
0x32e8S0x333cS0x1703	[0x333c, [0x32e7, nil]]
0x32e9S0x333cS0x1703	[0x333c, [0x32e7, nil]]
0x32ecS0x333cS0x1703	[0x333c, [0x32e7, nil]]
0x32efS0x333cS0x1703	[0x333c, [0x32e7, nil]]
0x26e0S0x32e7S0x333cS0x1703	[0x333c, [0x32e7, [0x26df, nil]]]
0x26e4S0x32e7S0x333cS0x1703	[0x333c, [0x32e7, [0x26df, nil]]]
0x26e7S0x32e7S0x333cS0x1703	[0x333c, [0x32e7, [0x26df, nil]]]
0x2d60S0x3353S0x1703	[0x333c, [0x2d51, nil]]
0x2d64S0x3353S0x1703	[0x333c, [0x2d51, nil]]
0x2d69S0x3353S0x1703	[0x333c, [0x2d51, nil]]
0x2d6cS0x3353S0x1703	[0x333c, [0x2d51, nil]]
0x2d2aS0x3353S0x1703	[0x333c, [0x2d51, nil]]
0x2d4bS0x3353S0x1703	[0x333c, [0x2d51, nil]]
0x2d4dS0x3353S0x1703	[0x333c, [0x2d51, nil]]
0x2d52S0x3353S0x1703	[0x333c, [0x2d51, nil]]
0x2d53S0x3353S0x1703	[0x333c, [0x2d51, nil]]
0x2d56S0x3353S0x1703	[0x333c, [0x2d51, nil]]
0x2d59S0x3353S0x1703	[0x333c, [0x2d51, nil]]
0x26e0S0x2d51S0x3353S0x1703	[0x333c, [0x2d51, [0x26df, nil]]]
0x26e4S0x2d51S0x3353S0x1703	[0x333c, [0x2d51, [0x26df, nil]]]
0x26e7S0x2d51S0x3353S0x1703	[0x333c, [0x2d51, [0x26df, nil]]]
0x2a39S0x1620	[0x2a38, nil]
0x2a3aS0x1620	[0x2a38, nil]
0x2a3dS0x1620	[0x2a38, nil]
0x2a40S0x1620	[0x2a38, nil]
0x2a43S0x1620	[0x2a38, nil]
0x2a45S0x1620	[0x2a38, nil]
0x2a47S0x1620	[0x2a38, nil]
0x2a2aS0x2a38S0x1620	[0x2a38, [0x2a29, nil]]
0x2a2eS0x2a38S0x1620	[0x2a38, [0x2a29, nil]]
0x2325S0x2a29S0x2a38S0x1620	[0x2a38, [0x2a29, [0x2324, nil]]]
0x2327S0x2a29S0x2a38S0x1620	[0x2a38, [0x2a29, [0x2324, nil]]]
0x2328S0x2a29S0x2a38S0x1620	[0x2a38, [0x2a29, [0x2324, nil]]]
0x2a39S0x166e	[0x2a38, nil]
0x2a3aS0x166e	[0x2a38, nil]
0x2a3dS0x166e	[0x2a38, nil]
0x2a40S0x166e	[0x2a38, nil]
0x2a43S0x166e	[0x2a38, nil]
0x2a45S0x166e	[0x2a38, nil]
0x2a47S0x166e	[0x2a38, nil]
0x2a2aS0x2a38S0x166e	[0x2a38, [0x2a29, nil]]
0x2a2eS0x2a38S0x166e	[0x2a38, [0x2a29, nil]]
0x2325S0x2a29S0x2a38S0x166e	[0x2a38, [0x2a29, [0x2324, nil]]]
0x2327S0x2a29S0x2a38S0x166e	[0x2a38, [0x2a29, [0x2324, nil]]]
0x2328S0x2a29S0x2a38S0x166e	[0x2a38, [0x2a29, [0x2324, nil]]]
0x2d0aS0x16bc	[0x2d09, nil]
0x2d0bS0x16bc	[0x2d09, nil]
0x2d0eS0x16bc	[0x2d09, nil]
0x2d13S0x16bc	[0x2d09, nil]
0x2d14S0x16bc	[0x2d09, nil]
0x2d16S0x16bc	[0x2d09, nil]
0x2d18S0x16bc	[0x2d09, nil]
0x2d1dS0x16bc	[0x2d09, nil]
0x2c94S0x2d09S0x16bc	[0x2d09, [0x2c9e, nil]]
0x2c97S0x2d09S0x16bc	[0x2d09, [0x2c9e, nil]]
0x2c7bS0x2d09S0x16bc	[0x2d09, [0x2c9e, nil]]
0x2c7cS0x2d09S0x16bc	[0x2d09, [0x2c9e, nil]]
0x2c7dS0x2d09S0x16bc	[0x2d09, [0x2c9e, nil]]
0x2c78_0x0S0x2d09S0x16bc	[0x2d09, [0x2c9e, nil]]
0x2ca9S0x2d09S0x16bc	[0x2d09, [0x2c9e, nil]]
0x2caeS0x2d09S0x16bc	[0x2d09, [0x2c9e, nil]]
0x2c6dS0x2d09S0x16bc	[0x2d09, [0x2c9e, nil]]
0x2c6fS0x2d09S0x16bc	[0x2d09, [0x2c9e, nil]]
0x2cb5S0x2d09S0x16bc	[0x2d09, [0x2c9e, nil]]
0x2cbaS0x2d09S0x16bc	[0x2d09, [0x2c9e, nil]]
0x2cbdS0x2d09S0x16bc	[0x2d09, [0x2c9e, nil]]
0x2cbeS0x2d09S0x16bc	[0x2d09, [0x2c9e, nil]]
0x2cc3S0x2d09S0x16bc	[0x2d09, [0x2c9e, nil]]
0x2cc7S0x2d09S0x16bc	[0x2d09, [0x2c9e, nil]]
0x2c77S0x2d09S0x16bc	[0x2d09, [0x2c9e, nil]]
0x2ccdS0x2d09S0x16bc	[0x2d09, [0x2c9e, nil]]
0x2c9fS0x2d09S0x16bc	[0x2d09, [0x2c9e, nil]]
0x2ca0S0x2d09S0x16bc	[0x2d09, [0x2c9e, nil]]
0x2ca4S0x2d09S0x16bc	[0x2d09, [0x2c9e, nil]]
0x2c83S0x2d09S0x16bc	[0x2d09, [0x2c9e, nil]]
0x2c84S0x2d09S0x16bc	[0x2d09, [0x2c9e, nil]]
0x2c87S0x2d09S0x16bc	[0x2d09, [0x2c9e, nil]]
0x2c89S0x2d09S0x16bc	[0x2d09, [0x2c9e, nil]]
0x2c8cS0x2d09S0x16bc	[0x2d09, [0x2c9e, nil]]
0x2c8fS0x2d09S0x16bc	[0x2d09, [0x2c9e, nil]]
0x2c81_0x0S0x2d09S0x16bc	[0x2d09, [0x2c9e, nil]]
0x26e0S0x2ca8S0x2d09S0x16bc	[0x2d09, [0x2c9e, [0x26df, nil]]]
0x26e4S0x2ca8S0x2d09S0x16bc	[0x2d09, [0x2c9e, [0x26df, nil]]]
0x26e7S0x2ca8S0x2d09S0x16bc	[0x2d09, [0x2c9e, [0x26df, nil]]]
0x2b26S0x2cc2S0x2d09S0x16bc	[0x2d09, [0x2c9e, [0x2b25, nil]]]
0x2b27S0x2cc2S0x2d09S0x16bc	[0x2d09, [0x2c9e, [0x2b25, nil]]]
0x2b29S0x2cc2S0x2d09S0x16bc	[0x2d09, [0x2c9e, [0x2b25, nil]]]
0x2b2aS0x2cc2S0x2d09S0x16bc	[0x2d09, [0x2c9e, [0x2b25, nil]]]
0x2b2dS0x2cc2S0x2d09S0x16bc	[0x2d09, [0x2c9e, [0x2b25, nil]]]
0x2b2eS0x2cc2S0x2d09S0x16bc	[0x2d09, [0x2c9e, [0x2b25, nil]]]
0x2a39S0x1730	[0x2a38, nil]
0x2a3aS0x1730	[0x2a38, nil]
0x2a3dS0x1730	[0x2a38, nil]
0x2a40S0x1730	[0x2a38, nil]
0x2a43S0x1730	[0x2a38, nil]
0x2a45S0x1730	[0x2a38, nil]
0x2a47S0x1730	[0x2a38, nil]
0x2a2aS0x2a38S0x1730	[0x2a38, [0x2a29, nil]]
0x2a2eS0x2a38S0x1730	[0x2a38, [0x2a29, nil]]
0x2325S0x2a29S0x2a38S0x1730	[0x2a38, [0x2a29, [0x2324, nil]]]
0x2327S0x2a29S0x2a38S0x1730	[0x2a38, [0x2a29, [0x2324, nil]]]
0x2328S0x2a29S0x2a38S0x1730	[0x2a38, [0x2a29, [0x2324, nil]]]
0x2a39S0x177e	[0x2a38, nil]
0x2a3aS0x177e	[0x2a38, nil]
0x2a3dS0x177e	[0x2a38, nil]
0x2a40S0x177e	[0x2a38, nil]
0x2a43S0x177e	[0x2a38, nil]
0x2a45S0x177e	[0x2a38, nil]
0x2a47S0x177e	[0x2a38, nil]
0x2a2aS0x2a38S0x177e	[0x2a38, [0x2a29, nil]]
0x2a2eS0x2a38S0x177e	[0x2a38, [0x2a29, nil]]
0x2325S0x2a29S0x2a38S0x177e	[0x2a38, [0x2a29, [0x2324, nil]]]
0x2327S0x2a29S0x2a38S0x177e	[0x2a38, [0x2a29, [0x2324, nil]]]
0x2328S0x2a29S0x2a38S0x177e	[0x2a38, [0x2a29, [0x2324, nil]]]
0x33fcS0x1856	[0x33fb, nil]
0x33fdS0x1856	[0x33fb, nil]
0x3400S0x1856	[0x33fb, nil]
0x3405S0x1856	[0x33fb, nil]
0x3406S0x1856	[0x33fb, nil]
0x3408S0x1856	[0x33fb, nil]
0x340aS0x1856	[0x33fb, nil]
0x340eS0x1856	[0x33fb, nil]
0x3415S0x1856	[0x33fb, nil]
0x3418S0x1856	[0x33fb, nil]
0x341bS0x1856	[0x33fb, nil]
0x341dS0x1856	[0x33fb, nil]
0x32f6S0x33fbS0x1856	[0x33fb, [0x32e7, nil]]
0x32faS0x33fbS0x1856	[0x33fb, [0x32e7, nil]]
0x32ffS0x33fbS0x1856	[0x33fb, [0x32e7, nil]]
0x3302S0x33fbS0x1856	[0x33fb, [0x32e7, nil]]
0x32c0S0x33fbS0x1856	[0x33fb, [0x32e7, nil]]
0x32e1S0x33fbS0x1856	[0x33fb, [0x32e7, nil]]
0x32e3S0x33fbS0x1856	[0x33fb, [0x32e7, nil]]
0x32e8S0x33fbS0x1856	[0x33fb, [0x32e7, nil]]
0x32e9S0x33fbS0x1856	[0x33fb, [0x32e7, nil]]
0x32ecS0x33fbS0x1856	[0x33fb, [0x32e7, nil]]
0x32efS0x33fbS0x1856	[0x33fb, [0x32e7, nil]]
0x26e0S0x32e7S0x33fbS0x1856	[0x33fb, [0x32e7, [0x26df, nil]]]
0x26e4S0x32e7S0x33fbS0x1856	[0x33fb, [0x32e7, [0x26df, nil]]]
0x26e7S0x32e7S0x33fbS0x1856	[0x33fb, [0x32e7, [0x26df, nil]]]
0x2a2aS0x3412S0x1856	[0x33fb, [0x2a29, nil]]
0x2a2eS0x3412S0x1856	[0x33fb, [0x2a29, nil]]
0x2325S0x2a29S0x3412S0x1856	[0x33fb, [0x2a29, [0x2324, nil]]]
0x2327S0x2a29S0x3412S0x1856	[0x33fb, [0x2a29, [0x2324, nil]]]
0x2328S0x2a29S0x3412S0x1856	[0x33fb, [0x2a29, [0x2324, nil]]]
0x24caS0x18ec	[0x24bd, nil]
0x24cdS0x18ec	[0x24bd, nil]
0x24beS0x18ec	[0x24bd, nil]
0x24bfS0x18ec	[0x24bd, nil]
0x24c3S0x18ec	[0x24bd, nil]
0x24c4S0x18ec	[0x24bd, nil]
0x24c5S0x18ec	[0x24bd, nil]
0x24c6S0x18ec	[0x24bd, nil]
0x24d3S0x18ec	[0x24bd, nil]
0x24d4S0x18ec	[0x24bd, nil]
0x24daS0x18ec	[0x24bd, nil]
0x24dbS0x18ec	[0x24bd, nil]
0x73fcS0x18ec	[0x24bd, nil]
0x24aaS0x24d2S0x18ec	[0x24bd, [0x24a9, nil]]
0x24acS0x24d2S0x18ec	[0x24bd, [0x24a9, nil]]
0x24afS0x24d2S0x18ec	[0x24bd, [0x24a9, nil]]
0x24b3S0x24d2S0x18ec	[0x24bd, [0x24a9, nil]]
0x2246S0x24a9B0x24d2S0x18ec	[0x24bd, [0x2236, nil]]
0x2241S0x24a9B0x24d2S0x18ec	[0x24bd, [0x2236, nil]]
0x2242S0x24a9B0x24d2S0x18ec	[0x24bd, [0x2236, nil]]
0x2237S0x24a9B0x24d2S0x18ec	[0x24bd, [0x2236, nil]]
0x223bS0x24a9B0x24d2S0x18ec	[0x24bd, [0x2236, nil]]
0x222eS0x2236S0x24a9B0x24d2S0x18ec	[0x24bd, [0x2236, [0x222d, nil]]]
0x3472S0x1910	[0x3471, nil]
0x3473S0x1910	[0x3471, nil]
0x3476S0x1910	[0x3471, nil]
0x347bS0x1910	[0x3471, nil]
0x347cS0x1910	[0x3471, nil]
0x347eS0x1910	[0x3471, nil]
0x3480S0x1910	[0x3471, nil]
0x3484S0x1910	[0x3471, nil]
0x345eS0x1910	[0x3471, nil]
0x3462S0x1910	[0x3471, nil]
0x3467S0x1910	[0x3471, nil]
0x346aS0x1910	[0x3471, nil]
0x3428S0x1910	[0x3471, nil]
0x3449S0x1910	[0x3471, nil]
0x344bS0x1910	[0x3471, nil]
0x348bS0x1910	[0x3471, nil]
0x348eS0x1910	[0x3471, nil]
0x3491S0x1910	[0x3471, nil]
0x3493S0x1910	[0x3471, nil]
0x3450S0x1910	[0x3471, nil]
0x3451S0x1910	[0x3471, nil]
0x3454S0x1910	[0x3471, nil]
0x3457S0x1910	[0x3471, nil]
0x26e0S0x344fS0x1910	[0x3471, [0x26df, nil]]
0x26e4S0x344fS0x1910	[0x3471, [0x26df, nil]]
0x26e7S0x344fS0x1910	[0x3471, [0x26df, nil]]
0x22fdS0x3488S0x1910	[0x3471, [0x22fc, nil]]
0x2301S0x3488S0x1910	[0x3471, [0x22fc, nil]]
0x222eS0x22fcS0x3488S0x1910	[0x3471, [0x22fc, [0x222d, nil]]]
0x37d2S0x1d1a	[0x37d1, nil]
0x37d3S0x1d1a	[0x37d1, nil]
0x37d6S0x1d1a	[0x37d1, nil]
0x37dbS0x1d1a	[0x37d1, nil]
0x37dcS0x1d1a	[0x37d1, nil]
0x37deS0x1d1a	[0x37d1, nil]
0x37e0S0x1d1a	[0x37d1, nil]
0x37e4S0x1d1a	[0x37d1, nil]
0x37beS0x1d1a	[0x37d1, nil]
0x37c2S0x1d1a	[0x37d1, nil]
0x37c7S0x1d1a	[0x37d1, nil]
0x37caS0x1d1a	[0x37d1, nil]
0x3788S0x1d1a	[0x37d1, nil]
0x37a9S0x1d1a	[0x37d1, nil]
0x37abS0x1d1a	[0x37d1, nil]
0x37ebS0x1d1a	[0x37d1, nil]
0x37eeS0x1d1a	[0x37d1, nil]
0x37f1S0x1d1a	[0x37d1, nil]
0x37f3S0x1d1a	[0x37d1, nil]
0x37b0S0x1d1a	[0x37d1, nil]
0x37b1S0x1d1a	[0x37d1, nil]
0x37b4S0x1d1a	[0x37d1, nil]
0x37b7S0x1d1a	[0x37d1, nil]
0x26e0S0x37afS0x1d1a	[0x37d1, [0x26df, nil]]
0x26e4S0x37afS0x1d1a	[0x37d1, [0x26df, nil]]
0x26e7S0x37afS0x1d1a	[0x37d1, [0x26df, nil]]
0x2a2aS0x37e8S0x1d1a	[0x37d1, [0x2a29, nil]]
0x2a2eS0x37e8S0x1d1a	[0x37d1, [0x2a29, nil]]
0x2325S0x2a29S0x37e8S0x1d1a	[0x37d1, [0x2a29, [0x2324, nil]]]
0x2327S0x2a29S0x37e8S0x1d1a	[0x37d1, [0x2a29, [0x2324, nil]]]
0x2328S0x2a29S0x37e8S0x1d1a	[0x37d1, [0x2a29, [0x2324, nil]]]
0x36b1S0x1c52	[0x36b0, nil]
0x36b2S0x1c52	[0x36b0, nil]
0x36b5S0x1c52	[0x36b0, nil]
0x36b8S0x1c52	[0x36b0, nil]
0x36bbS0x1c52	[0x36b0, nil]
0x36bdS0x1c52	[0x36b0, nil]
0x36bfS0x1c52	[0x36b0, nil]
0x36c4S0x1c52	[0x36b0, nil]
0x36c7S0x1c52	[0x36b0, nil]
0x36caS0x1c52	[0x36b0, nil]
0x36ccS0x1c52	[0x36b0, nil]
0x36d1S0x1c52	[0x36b0, nil]
0x36d4S0x1c52	[0x36b0, nil]
0x36d7S0x1c52	[0x36b0, nil]
0x36d9S0x1c52	[0x36b0, nil]
0x22fdS0x36b0S0x1c52	[0x36b0, [0x22fc, nil]]
0x2301S0x36b0S0x1c52	[0x36b0, [0x22fc, nil]]
0x222eS0x22fcS0x36b0S0x1c52	[0x36b0, [0x22fc, [0x222d, nil]]]
0x22fdS0x36c3S0x1c52	[0x36b0, [0x22fc, nil]]
0x2301S0x36c3S0x1c52	[0x36b0, [0x22fc, nil]]
0x222eS0x22fcS0x36c3S0x1c52	[0x36b0, [0x22fc, [0x222d, nil]]]
0x2a2aS0x36d0S0x1c52	[0x36b0, [0x2a29, nil]]
0x2a2eS0x36d0S0x1c52	[0x36b0, [0x2a29, nil]]
0x2325S0x2a29S0x36d0S0x1c52	[0x36b0, [0x2a29, [0x2324, nil]]]
0x2327S0x2a29S0x36d0S0x1c52	[0x36b0, [0x2a29, [0x2324, nil]]]
0x2328S0x2a29S0x36d0S0x1c52	[0x36b0, [0x2a29, [0x2324, nil]]]
0x35b0S0x1a2c	[0x35af, nil]
0x35b1S0x1a2c	[0x35af, nil]
0x35b4S0x1a2c	[0x35af, nil]
0x35b9S0x1a2c	[0x35af, nil]
0x35baS0x1a2c	[0x35af, nil]
0x35bcS0x1a2c	[0x35af, nil]
0x35beS0x1a2c	[0x35af, nil]
0x35c2S0x1a2c	[0x35af, nil]
0x35cbS0x1a2c	[0x35af, nil]
0x35ccS0x1a2c	[0x35af, nil]
0x35cfS0x1a2c	[0x35af, nil]
0x35d1S0x1a2c	[0x35af, nil]
0x35d6S0x1a2c	[0x35af, nil]
0x359cS0x35afS0x1a2c	[0x35af, [0x358d, nil]]
0x35a0S0x35afS0x1a2c	[0x35af, [0x358d, nil]]
0x35a5S0x35afS0x1a2c	[0x35af, [0x358d, nil]]
0x35a8S0x35afS0x1a2c	[0x35af, [0x358d, nil]]
0x3566S0x35afS0x1a2c	[0x35af, [0x358d, nil]]
0x3587S0x35afS0x1a2c	[0x35af, [0x358d, nil]]
0x3589S0x35afS0x1a2c	[0x35af, [0x358d, nil]]
0x358eS0x35afS0x1a2c	[0x35af, [0x358d, nil]]
0x358fS0x35afS0x1a2c	[0x35af, [0x358d, nil]]
0x3592S0x35afS0x1a2c	[0x35af, [0x358d, nil]]
0x3595S0x35afS0x1a2c	[0x35af, [0x358d, nil]]
0x26e0S0x358dS0x35afS0x1a2c	[0x35af, [0x358d, [0x26df, nil]]]
0x26e4S0x358dS0x35afS0x1a2c	[0x35af, [0x358d, [0x26df, nil]]]
0x26e7S0x358dS0x35afS0x1a2c	[0x35af, [0x358d, [0x26df, nil]]]
0x2c94S0x35c6S0x1a2c	[0x35af, [0x2c9e, nil]]
0x2c97S0x35c6S0x1a2c	[0x35af, [0x2c9e, nil]]
0x2c7bS0x35c6S0x1a2c	[0x35af, [0x2c9e, nil]]
0x2c7cS0x35c6S0x1a2c	[0x35af, [0x2c9e, nil]]
0x2c7dS0x35c6S0x1a2c	[0x35af, [0x2c9e, nil]]
0x2c78_0x0S0x35c6S0x1a2c	[0x35af, [0x2c9e, nil]]
0x2ca9S0x35c6S0x1a2c	[0x35af, [0x2c9e, nil]]
0x2caeS0x35c6S0x1a2c	[0x35af, [0x2c9e, nil]]
0x2c6dS0x35c6S0x1a2c	[0x35af, [0x2c9e, nil]]
0x2c6fS0x35c6S0x1a2c	[0x35af, [0x2c9e, nil]]
0x2cb5S0x35c6S0x1a2c	[0x35af, [0x2c9e, nil]]
0x2cbaS0x35c6S0x1a2c	[0x35af, [0x2c9e, nil]]
0x2cbdS0x35c6S0x1a2c	[0x35af, [0x2c9e, nil]]
0x2cbeS0x35c6S0x1a2c	[0x35af, [0x2c9e, nil]]
0x2cc3S0x35c6S0x1a2c	[0x35af, [0x2c9e, nil]]
0x2cc7S0x35c6S0x1a2c	[0x35af, [0x2c9e, nil]]
0x2c77S0x35c6S0x1a2c	[0x35af, [0x2c9e, nil]]
0x2ccdS0x35c6S0x1a2c	[0x35af, [0x2c9e, nil]]
0x2c9fS0x35c6S0x1a2c	[0x35af, [0x2c9e, nil]]
0x2ca0S0x35c6S0x1a2c	[0x35af, [0x2c9e, nil]]
0x2ca4S0x35c6S0x1a2c	[0x35af, [0x2c9e, nil]]
0x2c83S0x35c6S0x1a2c	[0x35af, [0x2c9e, nil]]
0x2c84S0x35c6S0x1a2c	[0x35af, [0x2c9e, nil]]
0x2c87S0x35c6S0x1a2c	[0x35af, [0x2c9e, nil]]
0x2c89S0x35c6S0x1a2c	[0x35af, [0x2c9e, nil]]
0x2c8cS0x35c6S0x1a2c	[0x35af, [0x2c9e, nil]]
0x2c8fS0x35c6S0x1a2c	[0x35af, [0x2c9e, nil]]
0x2c81_0x0S0x35c6S0x1a2c	[0x35af, [0x2c9e, nil]]
0x26e0S0x2ca8S0x35c6S0x1a2c	[0x35af, [0x2c9e, [0x26df, nil]]]
0x26e4S0x2ca8S0x35c6S0x1a2c	[0x35af, [0x2c9e, [0x26df, nil]]]
0x26e7S0x2ca8S0x35c6S0x1a2c	[0x35af, [0x2c9e, [0x26df, nil]]]
0x2b26S0x2cc2S0x35c6S0x1a2c	[0x35af, [0x2c9e, [0x2b25, nil]]]
0x2b27S0x2cc2S0x35c6S0x1a2c	[0x35af, [0x2c9e, [0x2b25, nil]]]
0x2b29S0x2cc2S0x35c6S0x1a2c	[0x35af, [0x2c9e, [0x2b25, nil]]]
0x2b2aS0x2cc2S0x35c6S0x1a2c	[0x35af, [0x2c9e, [0x2b25, nil]]]
0x2b2dS0x2cc2S0x35c6S0x1a2c	[0x35af, [0x2c9e, [0x2b25, nil]]]
0x2b2eS0x2cc2S0x35c6S0x1a2c	[0x35af, [0x2c9e, [0x2b25, nil]]]
0x3618S0x1b42	[0x3617, nil]
0x3619S0x1b42	[0x3617, nil]
0x361cS0x1b42	[0x3617, nil]
0x3621S0x1b42	[0x3617, nil]
0x3622S0x1b42	[0x3617, nil]
0x3624S0x1b42	[0x3617, nil]
0x3626S0x1b42	[0x3617, nil]
0x362aS0x1b42	[0x3617, nil]
0x3633S0x1b42	[0x3617, nil]
0x3634S0x1b42	[0x3617, nil]
0x3637S0x1b42	[0x3617, nil]
0x3639S0x1b42	[0x3617, nil]
0x363dS0x1b42	[0x3617, nil]
0x359cS0x3617S0x1b42	[0x3617, [0x358d, nil]]
0x35a0S0x3617S0x1b42	[0x3617, [0x358d, nil]]
0x35a5S0x3617S0x1b42	[0x3617, [0x358d, nil]]
0x35a8S0x3617S0x1b42	[0x3617, [0x358d, nil]]
0x3566S0x3617S0x1b42	[0x3617, [0x358d, nil]]
0x3587S0x3617S0x1b42	[0x3617, [0x358d, nil]]
0x3589S0x3617S0x1b42	[0x3617, [0x358d, nil]]
0x358eS0x3617S0x1b42	[0x3617, [0x358d, nil]]
0x358fS0x3617S0x1b42	[0x3617, [0x358d, nil]]
0x3592S0x3617S0x1b42	[0x3617, [0x358d, nil]]
0x3595S0x3617S0x1b42	[0x3617, [0x358d, nil]]
0x26e0S0x358dS0x3617S0x1b42	[0x3617, [0x358d, [0x26df, nil]]]
0x26e4S0x358dS0x3617S0x1b42	[0x3617, [0x358d, [0x26df, nil]]]
0x26e7S0x358dS0x3617S0x1b42	[0x3617, [0x358d, [0x26df, nil]]]
0x2d60S0x362eS0x1b42	[0x3617, [0x2d51, nil]]
0x2d64S0x362eS0x1b42	[0x3617, [0x2d51, nil]]
0x2d69S0x362eS0x1b42	[0x3617, [0x2d51, nil]]
0x2d6cS0x362eS0x1b42	[0x3617, [0x2d51, nil]]
0x2d2aS0x362eS0x1b42	[0x3617, [0x2d51, nil]]
0x2d4bS0x362eS0x1b42	[0x3617, [0x2d51, nil]]
0x2d4dS0x362eS0x1b42	[0x3617, [0x2d51, nil]]
0x2d52S0x362eS0x1b42	[0x3617, [0x2d51, nil]]
0x2d53S0x362eS0x1b42	[0x3617, [0x2d51, nil]]
0x2d56S0x362eS0x1b42	[0x3617, [0x2d51, nil]]
0x2d59S0x362eS0x1b42	[0x3617, [0x2d51, nil]]
0x26e0S0x2d51S0x362eS0x1b42	[0x3617, [0x2d51, [0x26df, nil]]]
0x26e4S0x2d51S0x362eS0x1b42	[0x3617, [0x2d51, [0x26df, nil]]]
0x26e7S0x2d51S0x362eS0x1b42	[0x3617, [0x2d51, [0x26df, nil]]]
0x2a39S0x1aad	[0x2a38, nil]
0x2a3aS0x1aad	[0x2a38, nil]
0x2a3dS0x1aad	[0x2a38, nil]
0x2a40S0x1aad	[0x2a38, nil]
0x2a43S0x1aad	[0x2a38, nil]
0x2a45S0x1aad	[0x2a38, nil]
0x2a47S0x1aad	[0x2a38, nil]
0x2a2aS0x2a38S0x1aad	[0x2a38, [0x2a29, nil]]
0x2a2eS0x2a38S0x1aad	[0x2a38, [0x2a29, nil]]
0x2325S0x2a29S0x2a38S0x1aad	[0x2a38, [0x2a29, [0x2324, nil]]]
0x2327S0x2a29S0x2a38S0x1aad	[0x2a38, [0x2a29, [0x2324, nil]]]
0x2328S0x2a29S0x2a38S0x1aad	[0x2a38, [0x2a29, [0x2324, nil]]]
0x2d0aS0x1afb	[0x2d09, nil]
0x2d0bS0x1afb	[0x2d09, nil]
0x2d0eS0x1afb	[0x2d09, nil]
0x2d13S0x1afb	[0x2d09, nil]
0x2d14S0x1afb	[0x2d09, nil]
0x2d16S0x1afb	[0x2d09, nil]
0x2d18S0x1afb	[0x2d09, nil]
0x2d1dS0x1afb	[0x2d09, nil]
0x2c94S0x2d09S0x1afb	[0x2d09, [0x2c9e, nil]]
0x2c97S0x2d09S0x1afb	[0x2d09, [0x2c9e, nil]]
0x2c7bS0x2d09S0x1afb	[0x2d09, [0x2c9e, nil]]
0x2c7cS0x2d09S0x1afb	[0x2d09, [0x2c9e, nil]]
0x2c7dS0x2d09S0x1afb	[0x2d09, [0x2c9e, nil]]
0x2c78_0x0S0x2d09S0x1afb	[0x2d09, [0x2c9e, nil]]
0x2ca9S0x2d09S0x1afb	[0x2d09, [0x2c9e, nil]]
0x2caeS0x2d09S0x1afb	[0x2d09, [0x2c9e, nil]]
0x2c6dS0x2d09S0x1afb	[0x2d09, [0x2c9e, nil]]
0x2c6fS0x2d09S0x1afb	[0x2d09, [0x2c9e, nil]]
0x2cb5S0x2d09S0x1afb	[0x2d09, [0x2c9e, nil]]
0x2cbaS0x2d09S0x1afb	[0x2d09, [0x2c9e, nil]]
0x2cbdS0x2d09S0x1afb	[0x2d09, [0x2c9e, nil]]
0x2cbeS0x2d09S0x1afb	[0x2d09, [0x2c9e, nil]]
0x2cc3S0x2d09S0x1afb	[0x2d09, [0x2c9e, nil]]
0x2cc7S0x2d09S0x1afb	[0x2d09, [0x2c9e, nil]]
0x2c77S0x2d09S0x1afb	[0x2d09, [0x2c9e, nil]]
0x2ccdS0x2d09S0x1afb	[0x2d09, [0x2c9e, nil]]
0x2c9fS0x2d09S0x1afb	[0x2d09, [0x2c9e, nil]]
0x2ca0S0x2d09S0x1afb	[0x2d09, [0x2c9e, nil]]
0x2ca4S0x2d09S0x1afb	[0x2d09, [0x2c9e, nil]]
0x2c83S0x2d09S0x1afb	[0x2d09, [0x2c9e, nil]]
0x2c84S0x2d09S0x1afb	[0x2d09, [0x2c9e, nil]]
0x2c87S0x2d09S0x1afb	[0x2d09, [0x2c9e, nil]]
0x2c89S0x2d09S0x1afb	[0x2d09, [0x2c9e, nil]]
0x2c8cS0x2d09S0x1afb	[0x2d09, [0x2c9e, nil]]
0x2c8fS0x2d09S0x1afb	[0x2d09, [0x2c9e, nil]]
0x2c81_0x0S0x2d09S0x1afb	[0x2d09, [0x2c9e, nil]]
0x26e0S0x2ca8S0x2d09S0x1afb	[0x2d09, [0x2c9e, [0x26df, nil]]]
0x26e4S0x2ca8S0x2d09S0x1afb	[0x2d09, [0x2c9e, [0x26df, nil]]]
0x26e7S0x2ca8S0x2d09S0x1afb	[0x2d09, [0x2c9e, [0x26df, nil]]]
0x2b26S0x2cc2S0x2d09S0x1afb	[0x2d09, [0x2c9e, [0x2b25, nil]]]
0x2b27S0x2cc2S0x2d09S0x1afb	[0x2d09, [0x2c9e, [0x2b25, nil]]]
0x2b29S0x2cc2S0x2d09S0x1afb	[0x2d09, [0x2c9e, [0x2b25, nil]]]
0x2b2aS0x2cc2S0x2d09S0x1afb	[0x2d09, [0x2c9e, [0x2b25, nil]]]
0x2b2dS0x2cc2S0x2d09S0x1afb	[0x2d09, [0x2c9e, [0x2b25, nil]]]
0x2b2eS0x2cc2S0x2d09S0x1afb	[0x2d09, [0x2c9e, [0x2b25, nil]]]
0x2a39S0x1bc1	[0x2a38, nil]
0x2a3aS0x1bc1	[0x2a38, nil]
0x2a3dS0x1bc1	[0x2a38, nil]
0x2a40S0x1bc1	[0x2a38, nil]
0x2a43S0x1bc1	[0x2a38, nil]
0x2a45S0x1bc1	[0x2a38, nil]
0x2a47S0x1bc1	[0x2a38, nil]
0x2a2aS0x2a38S0x1bc1	[0x2a38, [0x2a29, nil]]
0x2a2eS0x2a38S0x1bc1	[0x2a38, [0x2a29, nil]]
0x2325S0x2a29S0x2a38S0x1bc1	[0x2a38, [0x2a29, [0x2324, nil]]]
0x2327S0x2a29S0x2a38S0x1bc1	[0x2a38, [0x2a29, [0x2324, nil]]]
0x2328S0x2a29S0x2a38S0x1bc1	[0x2a38, [0x2a29, [0x2324, nil]]]
0x36e6S0x1c9d	[0x36e5, nil]
0x36e7S0x1c9d	[0x36e5, nil]
0x36eaS0x1c9d	[0x36e5, nil]
0x36efS0x1c9d	[0x36e5, nil]
0x36f0S0x1c9d	[0x36e5, nil]
0x36f2S0x1c9d	[0x36e5, nil]
0x36f4S0x1c9d	[0x36e5, nil]
0x36f8S0x1c9d	[0x36e5, nil]
0x36ffS0x1c9d	[0x36e5, nil]
0x3702S0x1c9d	[0x36e5, nil]
0x3705S0x1c9d	[0x36e5, nil]
0x3707S0x1c9d	[0x36e5, nil]
0x359cS0x36e5S0x1c9d	[0x36e5, [0x358d, nil]]
0x35a0S0x36e5S0x1c9d	[0x36e5, [0x358d, nil]]
0x35a5S0x36e5S0x1c9d	[0x36e5, [0x358d, nil]]
0x35a8S0x36e5S0x1c9d	[0x36e5, [0x358d, nil]]
0x3566S0x36e5S0x1c9d	[0x36e5, [0x358d, nil]]
0x3587S0x36e5S0x1c9d	[0x36e5, [0x358d, nil]]
0x3589S0x36e5S0x1c9d	[0x36e5, [0x358d, nil]]
0x358eS0x36e5S0x1c9d	[0x36e5, [0x358d, nil]]
0x358fS0x36e5S0x1c9d	[0x36e5, [0x358d, nil]]
0x3592S0x36e5S0x1c9d	[0x36e5, [0x358d, nil]]
0x3595S0x36e5S0x1c9d	[0x36e5, [0x358d, nil]]
0x26e0S0x358dS0x36e5S0x1c9d	[0x36e5, [0x358d, [0x26df, nil]]]
0x26e4S0x358dS0x36e5S0x1c9d	[0x36e5, [0x358d, [0x26df, nil]]]
0x26e7S0x358dS0x36e5S0x1c9d	[0x36e5, [0x358d, [0x26df, nil]]]
0x2a2aS0x36fcS0x1c9d	[0x36e5, [0x2a29, nil]]
0x2a2eS0x36fcS0x1c9d	[0x36e5, [0x2a29, nil]]
0x2325S0x2a29S0x36fcS0x1c9d	[0x36e5, [0x2a29, [0x2324, nil]]]
0x2327S0x2a29S0x36fcS0x1c9d	[0x36e5, [0x2a29, [0x2324, nil]]]
0x2328S0x2a29S0x36fcS0x1c9d	[0x36e5, [0x2a29, [0x2324, nil]]]
0x375cS0x1cd5	[0x375b, nil]
0x375dS0x1cd5	[0x375b, nil]
0x3760S0x1cd5	[0x375b, nil]
0x3765S0x1cd5	[0x375b, nil]
0x3766S0x1cd5	[0x375b, nil]
0x3768S0x1cd5	[0x375b, nil]
0x376aS0x1cd5	[0x375b, nil]
0x376eS0x1cd5	[0x375b, nil]
0x3748S0x1cd5	[0x375b, nil]
0x374cS0x1cd5	[0x375b, nil]
0x3751S0x1cd5	[0x375b, nil]
0x3754S0x1cd5	[0x375b, nil]
0x3712S0x1cd5	[0x375b, nil]
0x3733S0x1cd5	[0x375b, nil]
0x3735S0x1cd5	[0x375b, nil]
0x3775S0x1cd5	[0x375b, nil]
0x3778S0x1cd5	[0x375b, nil]
0x377bS0x1cd5	[0x375b, nil]
0x377dS0x1cd5	[0x375b, nil]
0x373aS0x1cd5	[0x375b, nil]
0x373bS0x1cd5	[0x375b, nil]
0x373eS0x1cd5	[0x375b, nil]
0x3741S0x1cd5	[0x375b, nil]
0x26e0S0x3739S0x1cd5	[0x375b, [0x26df, nil]]
0x26e4S0x3739S0x1cd5	[0x375b, [0x26df, nil]]
0x26e7S0x3739S0x1cd5	[0x375b, [0x26df, nil]]
0x22fdS0x3772S0x1cd5	[0x375b, [0x22fc, nil]]
0x2301S0x3772S0x1cd5	[0x375b, [0x22fc, nil]]
0x222eS0x22fcS0x3772S0x1cd5	[0x375b, [0x22fc, [0x222d, nil]]]
0x2a39S0x20b4	[0x2a38, nil]
0x2a3aS0x20b4	[0x2a38, nil]
0x2a3dS0x20b4	[0x2a38, nil]
0x2a40S0x20b4	[0x2a38, nil]
0x2a43S0x20b4	[0x2a38, nil]
0x2a45S0x20b4	[0x2a38, nil]
0x2a47S0x20b4	[0x2a38, nil]
0x2a2aS0x2a38S0x20b4	[0x2a38, [0x2a29, nil]]
0x2a2eS0x2a38S0x20b4	[0x2a38, [0x2a29, nil]]
0x2325S0x2a29S0x2a38S0x20b4	[0x2a38, [0x2a29, [0x2324, nil]]]
0x2327S0x2a29S0x2a38S0x20b4	[0x2a38, [0x2a29, [0x2324, nil]]]
0x2328S0x2a29S0x2a38S0x20b4	[0x2a38, [0x2a29, [0x2324, nil]]]
0x387bS0x2029	[0x387a, nil]
0x387cS0x2029	[0x387a, nil]
0x387fS0x2029	[0x387a, nil]
0x3882S0x2029	[0x387a, nil]
0x3885S0x2029	[0x387a, nil]
0x3887S0x2029	[0x387a, nil]
0x3889S0x2029	[0x387a, nil]
0x388eS0x2029	[0x387a, nil]
0x3891S0x2029	[0x387a, nil]
0x3894S0x2029	[0x387a, nil]
0x3896S0x2029	[0x387a, nil]
0x22fdS0x387aS0x2029	[0x387a, [0x22fc, nil]]
0x2301S0x387aS0x2029	[0x387a, [0x22fc, nil]]
0x222eS0x22fcS0x387aS0x2029	[0x387a, [0x22fc, [0x222d, nil]]]
0x2a2aS0x388dS0x2029	[0x387a, [0x2a29, nil]]
0x2a2eS0x388dS0x2029	[0x387a, [0x2a29, nil]]
0x2325S0x2a29S0x388dS0x2029	[0x387a, [0x2a29, [0x2324, nil]]]
0x2327S0x2a29S0x388dS0x2029	[0x387a, [0x2a29, [0x2324, nil]]]
0x2328S0x2a29S0x388dS0x2029	[0x387a, [0x2a29, [0x2324, nil]]]
0x3848S0x1e07	[0x3847, nil]
0x3849S0x1e07	[0x3847, nil]
0x384cS0x1e07	[0x3847, nil]
0x3851S0x1e07	[0x3847, nil]
0x3852S0x1e07	[0x3847, nil]
0x3854S0x1e07	[0x3847, nil]
0x3856S0x1e07	[0x3847, nil]
0x385aS0x1e07	[0x3847, nil]
0x3863S0x1e07	[0x3847, nil]
0x3864S0x1e07	[0x3847, nil]
0x3867S0x1e07	[0x3847, nil]
0x3869S0x1e07	[0x3847, nil]
0x386eS0x1e07	[0x3847, nil]
0x3834S0x3847S0x1e07	[0x3847, [0x3825, nil]]
0x3838S0x3847S0x1e07	[0x3847, [0x3825, nil]]
0x383dS0x3847S0x1e07	[0x3847, [0x3825, nil]]
0x3840S0x3847S0x1e07	[0x3847, [0x3825, nil]]
0x37feS0x3847S0x1e07	[0x3847, [0x3825, nil]]
0x381fS0x3847S0x1e07	[0x3847, [0x3825, nil]]
0x3821S0x3847S0x1e07	[0x3847, [0x3825, nil]]
0x3826S0x3847S0x1e07	[0x3847, [0x3825, nil]]
0x3827S0x3847S0x1e07	[0x3847, [0x3825, nil]]
0x382aS0x3847S0x1e07	[0x3847, [0x3825, nil]]
0x382dS0x3847S0x1e07	[0x3847, [0x3825, nil]]
0x26e0S0x3825S0x3847S0x1e07	[0x3847, [0x3825, [0x26df, nil]]]
0x26e4S0x3825S0x3847S0x1e07	[0x3847, [0x3825, [0x26df, nil]]]
0x26e7S0x3825S0x3847S0x1e07	[0x3847, [0x3825, [0x26df, nil]]]
0x2c94S0x385eS0x1e07	[0x3847, [0x2c9e, nil]]
0x2c97S0x385eS0x1e07	[0x3847, [0x2c9e, nil]]
0x2c7bS0x385eS0x1e07	[0x3847, [0x2c9e, nil]]
0x2c7cS0x385eS0x1e07	[0x3847, [0x2c9e, nil]]
0x2c7dS0x385eS0x1e07	[0x3847, [0x2c9e, nil]]
0x2c78_0x0S0x385eS0x1e07	[0x3847, [0x2c9e, nil]]
0x2ca9S0x385eS0x1e07	[0x3847, [0x2c9e, nil]]
0x2caeS0x385eS0x1e07	[0x3847, [0x2c9e, nil]]
0x2c6dS0x385eS0x1e07	[0x3847, [0x2c9e, nil]]
0x2c6fS0x385eS0x1e07	[0x3847, [0x2c9e, nil]]
0x2cb5S0x385eS0x1e07	[0x3847, [0x2c9e, nil]]
0x2cbaS0x385eS0x1e07	[0x3847, [0x2c9e, nil]]
0x2cbdS0x385eS0x1e07	[0x3847, [0x2c9e, nil]]
0x2cbeS0x385eS0x1e07	[0x3847, [0x2c9e, nil]]
0x2cc3S0x385eS0x1e07	[0x3847, [0x2c9e, nil]]
0x2cc7S0x385eS0x1e07	[0x3847, [0x2c9e, nil]]
0x2c77S0x385eS0x1e07	[0x3847, [0x2c9e, nil]]
0x2ccdS0x385eS0x1e07	[0x3847, [0x2c9e, nil]]
0x2c9fS0x385eS0x1e07	[0x3847, [0x2c9e, nil]]
0x2ca0S0x385eS0x1e07	[0x3847, [0x2c9e, nil]]
0x2ca4S0x385eS0x1e07	[0x3847, [0x2c9e, nil]]
0x2c83S0x385eS0x1e07	[0x3847, [0x2c9e, nil]]
0x2c84S0x385eS0x1e07	[0x3847, [0x2c9e, nil]]
0x2c87S0x385eS0x1e07	[0x3847, [0x2c9e, nil]]
0x2c89S0x385eS0x1e07	[0x3847, [0x2c9e, nil]]
0x2c8cS0x385eS0x1e07	[0x3847, [0x2c9e, nil]]
0x2c8fS0x385eS0x1e07	[0x3847, [0x2c9e, nil]]
0x2c81_0x0S0x385eS0x1e07	[0x3847, [0x2c9e, nil]]
0x26e0S0x2ca8S0x385eS0x1e07	[0x3847, [0x2c9e, [0x26df, nil]]]
0x26e4S0x2ca8S0x385eS0x1e07	[0x3847, [0x2c9e, [0x26df, nil]]]
0x26e7S0x2ca8S0x385eS0x1e07	[0x3847, [0x2c9e, [0x26df, nil]]]
0x2b26S0x2cc2S0x385eS0x1e07	[0x3847, [0x2c9e, [0x2b25, nil]]]
0x2b27S0x2cc2S0x385eS0x1e07	[0x3847, [0x2c9e, [0x2b25, nil]]]
0x2b29S0x2cc2S0x385eS0x1e07	[0x3847, [0x2c9e, [0x2b25, nil]]]
0x2b2aS0x2cc2S0x385eS0x1e07	[0x3847, [0x2c9e, [0x2b25, nil]]]
0x2b2dS0x2cc2S0x385eS0x1e07	[0x3847, [0x2c9e, [0x2b25, nil]]]
0x2b2eS0x2cc2S0x385eS0x1e07	[0x3847, [0x2c9e, [0x2b25, nil]]]
0x38a2S0x1f1b	[0x38a1, nil]
0x38a3S0x1f1b	[0x38a1, nil]
0x38a6S0x1f1b	[0x38a1, nil]
0x38abS0x1f1b	[0x38a1, nil]
0x38acS0x1f1b	[0x38a1, nil]
0x38aeS0x1f1b	[0x38a1, nil]
0x38b0S0x1f1b	[0x38a1, nil]
0x38b4S0x1f1b	[0x38a1, nil]
0x38bdS0x1f1b	[0x38a1, nil]
0x38beS0x1f1b	[0x38a1, nil]
0x38c1S0x1f1b	[0x38a1, nil]
0x38c3S0x1f1b	[0x38a1, nil]
0x38c7S0x1f1b	[0x38a1, nil]
0x3834S0x38a1S0x1f1b	[0x38a1, [0x3825, nil]]
0x3838S0x38a1S0x1f1b	[0x38a1, [0x3825, nil]]
0x383dS0x38a1S0x1f1b	[0x38a1, [0x3825, nil]]
0x3840S0x38a1S0x1f1b	[0x38a1, [0x3825, nil]]
0x37feS0x38a1S0x1f1b	[0x38a1, [0x3825, nil]]
0x381fS0x38a1S0x1f1b	[0x38a1, [0x3825, nil]]
0x3821S0x38a1S0x1f1b	[0x38a1, [0x3825, nil]]
0x3826S0x38a1S0x1f1b	[0x38a1, [0x3825, nil]]
0x3827S0x38a1S0x1f1b	[0x38a1, [0x3825, nil]]
0x382aS0x38a1S0x1f1b	[0x38a1, [0x3825, nil]]
0x382dS0x38a1S0x1f1b	[0x38a1, [0x3825, nil]]
0x26e0S0x3825S0x38a1S0x1f1b	[0x38a1, [0x3825, [0x26df, nil]]]
0x26e4S0x3825S0x38a1S0x1f1b	[0x38a1, [0x3825, [0x26df, nil]]]
0x26e7S0x3825S0x38a1S0x1f1b	[0x38a1, [0x3825, [0x26df, nil]]]
0x2d60S0x38b8S0x1f1b	[0x38a1, [0x2d51, nil]]
0x2d64S0x38b8S0x1f1b	[0x38a1, [0x2d51, nil]]
0x2d69S0x38b8S0x1f1b	[0x38a1, [0x2d51, nil]]
0x2d6cS0x38b8S0x1f1b	[0x38a1, [0x2d51, nil]]
0x2d2aS0x38b8S0x1f1b	[0x38a1, [0x2d51, nil]]
0x2d4bS0x38b8S0x1f1b	[0x38a1, [0x2d51, nil]]
0x2d4dS0x38b8S0x1f1b	[0x38a1, [0x2d51, nil]]
0x2d52S0x38b8S0x1f1b	[0x38a1, [0x2d51, nil]]
0x2d53S0x38b8S0x1f1b	[0x38a1, [0x2d51, nil]]
0x2d56S0x38b8S0x1f1b	[0x38a1, [0x2d51, nil]]
0x2d59S0x38b8S0x1f1b	[0x38a1, [0x2d51, nil]]
0x26e0S0x2d51S0x38b8S0x1f1b	[0x38a1, [0x2d51, [0x26df, nil]]]
0x26e4S0x2d51S0x38b8S0x1f1b	[0x38a1, [0x2d51, [0x26df, nil]]]
0x26e7S0x2d51S0x38b8S0x1f1b	[0x38a1, [0x2d51, [0x26df, nil]]]
0x387bS0x1e36	[0x387a, nil]
0x387cS0x1e36	[0x387a, nil]
0x387fS0x1e36	[0x387a, nil]
0x3882S0x1e36	[0x387a, nil]
0x3885S0x1e36	[0x387a, nil]
0x3887S0x1e36	[0x387a, nil]
0x3889S0x1e36	[0x387a, nil]
0x388eS0x1e36	[0x387a, nil]
0x3891S0x1e36	[0x387a, nil]
0x3894S0x1e36	[0x387a, nil]
0x3896S0x1e36	[0x387a, nil]
0x22fdS0x387aS0x1e36	[0x387a, [0x22fc, nil]]
0x2301S0x387aS0x1e36	[0x387a, [0x22fc, nil]]
0x222eS0x22fcS0x387aS0x1e36	[0x387a, [0x22fc, [0x222d, nil]]]
0x2a2aS0x388dS0x1e36	[0x387a, [0x2a29, nil]]
0x2a2eS0x388dS0x1e36	[0x387a, [0x2a29, nil]]
0x2325S0x2a29S0x388dS0x1e36	[0x387a, [0x2a29, [0x2324, nil]]]
0x2327S0x2a29S0x388dS0x1e36	[0x387a, [0x2a29, [0x2324, nil]]]
0x2328S0x2a29S0x388dS0x1e36	[0x387a, [0x2a29, [0x2324, nil]]]
0x2a39S0x1e86	[0x2a38, nil]
0x2a3aS0x1e86	[0x2a38, nil]
0x2a3dS0x1e86	[0x2a38, nil]
0x2a40S0x1e86	[0x2a38, nil]
0x2a43S0x1e86	[0x2a38, nil]
0x2a45S0x1e86	[0x2a38, nil]
0x2a47S0x1e86	[0x2a38, nil]
0x2a2aS0x2a38S0x1e86	[0x2a38, [0x2a29, nil]]
0x2a2eS0x2a38S0x1e86	[0x2a38, [0x2a29, nil]]
0x2325S0x2a29S0x2a38S0x1e86	[0x2a38, [0x2a29, [0x2324, nil]]]
0x2327S0x2a29S0x2a38S0x1e86	[0x2a38, [0x2a29, [0x2324, nil]]]
0x2328S0x2a29S0x2a38S0x1e86	[0x2a38, [0x2a29, [0x2324, nil]]]
0x2d0aS0x1ed4	[0x2d09, nil]
0x2d0bS0x1ed4	[0x2d09, nil]
0x2d0eS0x1ed4	[0x2d09, nil]
0x2d13S0x1ed4	[0x2d09, nil]
0x2d14S0x1ed4	[0x2d09, nil]
0x2d16S0x1ed4	[0x2d09, nil]
0x2d18S0x1ed4	[0x2d09, nil]
0x2d1dS0x1ed4	[0x2d09, nil]
0x2c94S0x2d09S0x1ed4	[0x2d09, [0x2c9e, nil]]
0x2c97S0x2d09S0x1ed4	[0x2d09, [0x2c9e, nil]]
0x2c7bS0x2d09S0x1ed4	[0x2d09, [0x2c9e, nil]]
0x2c7cS0x2d09S0x1ed4	[0x2d09, [0x2c9e, nil]]
0x2c7dS0x2d09S0x1ed4	[0x2d09, [0x2c9e, nil]]
0x2c78_0x0S0x2d09S0x1ed4	[0x2d09, [0x2c9e, nil]]
0x2ca9S0x2d09S0x1ed4	[0x2d09, [0x2c9e, nil]]
0x2caeS0x2d09S0x1ed4	[0x2d09, [0x2c9e, nil]]
0x2c6dS0x2d09S0x1ed4	[0x2d09, [0x2c9e, nil]]
0x2c6fS0x2d09S0x1ed4	[0x2d09, [0x2c9e, nil]]
0x2cb5S0x2d09S0x1ed4	[0x2d09, [0x2c9e, nil]]
0x2cbaS0x2d09S0x1ed4	[0x2d09, [0x2c9e, nil]]
0x2cbdS0x2d09S0x1ed4	[0x2d09, [0x2c9e, nil]]
0x2cbeS0x2d09S0x1ed4	[0x2d09, [0x2c9e, nil]]
0x2cc3S0x2d09S0x1ed4	[0x2d09, [0x2c9e, nil]]
0x2cc7S0x2d09S0x1ed4	[0x2d09, [0x2c9e, nil]]
0x2c77S0x2d09S0x1ed4	[0x2d09, [0x2c9e, nil]]
0x2ccdS0x2d09S0x1ed4	[0x2d09, [0x2c9e, nil]]
0x2c9fS0x2d09S0x1ed4	[0x2d09, [0x2c9e, nil]]
0x2ca0S0x2d09S0x1ed4	[0x2d09, [0x2c9e, nil]]
0x2ca4S0x2d09S0x1ed4	[0x2d09, [0x2c9e, nil]]
0x2c83S0x2d09S0x1ed4	[0x2d09, [0x2c9e, nil]]
0x2c84S0x2d09S0x1ed4	[0x2d09, [0x2c9e, nil]]
0x2c87S0x2d09S0x1ed4	[0x2d09, [0x2c9e, nil]]
0x2c89S0x2d09S0x1ed4	[0x2d09, [0x2c9e, nil]]
0x2c8cS0x2d09S0x1ed4	[0x2d09, [0x2c9e, nil]]
0x2c8fS0x2d09S0x1ed4	[0x2d09, [0x2c9e, nil]]
0x2c81_0x0S0x2d09S0x1ed4	[0x2d09, [0x2c9e, nil]]
0x26e0S0x2ca8S0x2d09S0x1ed4	[0x2d09, [0x2c9e, [0x26df, nil]]]
0x26e4S0x2ca8S0x2d09S0x1ed4	[0x2d09, [0x2c9e, [0x26df, nil]]]
0x26e7S0x2ca8S0x2d09S0x1ed4	[0x2d09, [0x2c9e, [0x26df, nil]]]
0x2b26S0x2cc2S0x2d09S0x1ed4	[0x2d09, [0x2c9e, [0x2b25, nil]]]
0x2b27S0x2cc2S0x2d09S0x1ed4	[0x2d09, [0x2c9e, [0x2b25, nil]]]
0x2b29S0x2cc2S0x2d09S0x1ed4	[0x2d09, [0x2c9e, [0x2b25, nil]]]
0x2b2aS0x2cc2S0x2d09S0x1ed4	[0x2d09, [0x2c9e, [0x2b25, nil]]]
0x2b2dS0x2cc2S0x2d09S0x1ed4	[0x2d09, [0x2c9e, [0x2b25, nil]]]
0x2b2eS0x2cc2S0x2d09S0x1ed4	[0x2d09, [0x2c9e, [0x2b25, nil]]]
0x387bS0x1f48	[0x387a, nil]
0x387cS0x1f48	[0x387a, nil]
0x387fS0x1f48	[0x387a, nil]
0x3882S0x1f48	[0x387a, nil]
0x3885S0x1f48	[0x387a, nil]
0x3887S0x1f48	[0x387a, nil]
0x3889S0x1f48	[0x387a, nil]
0x388eS0x1f48	[0x387a, nil]
0x3891S0x1f48	[0x387a, nil]
0x3894S0x1f48	[0x387a, nil]
0x3896S0x1f48	[0x387a, nil]
0x22fdS0x387aS0x1f48	[0x387a, [0x22fc, nil]]
0x2301S0x387aS0x1f48	[0x387a, [0x22fc, nil]]
0x222eS0x22fcS0x387aS0x1f48	[0x387a, [0x22fc, [0x222d, nil]]]
0x2a2aS0x388dS0x1f48	[0x387a, [0x2a29, nil]]
0x2a2eS0x388dS0x1f48	[0x387a, [0x2a29, nil]]
0x2325S0x2a29S0x388dS0x1f48	[0x387a, [0x2a29, [0x2324, nil]]]
0x2327S0x2a29S0x388dS0x1f48	[0x387a, [0x2a29, [0x2324, nil]]]
0x2328S0x2a29S0x388dS0x1f48	[0x387a, [0x2a29, [0x2324, nil]]]
0x2a39S0x1f98	[0x2a38, nil]
0x2a3aS0x1f98	[0x2a38, nil]
0x2a3dS0x1f98	[0x2a38, nil]
0x2a40S0x1f98	[0x2a38, nil]
0x2a43S0x1f98	[0x2a38, nil]
0x2a45S0x1f98	[0x2a38, nil]
0x2a47S0x1f98	[0x2a38, nil]
0x2a2aS0x2a38S0x1f98	[0x2a38, [0x2a29, nil]]
0x2a2eS0x2a38S0x1f98	[0x2a38, [0x2a29, nil]]
0x2325S0x2a29S0x2a38S0x1f98	[0x2a38, [0x2a29, [0x2324, nil]]]
0x2327S0x2a29S0x2a38S0x1f98	[0x2a38, [0x2a29, [0x2324, nil]]]
0x2328S0x2a29S0x2a38S0x1f98	[0x2a38, [0x2a29, [0x2324, nil]]]
0x3961S0x2073	[0x3960, nil]
0x3962S0x2073	[0x3960, nil]
0x3965S0x2073	[0x3960, nil]
0x396aS0x2073	[0x3960, nil]
0x396bS0x2073	[0x3960, nil]
0x396dS0x2073	[0x3960, nil]
0x396fS0x2073	[0x3960, nil]
0x3973S0x2073	[0x3960, nil]
0x397aS0x2073	[0x3960, nil]
0x397dS0x2073	[0x3960, nil]
0x3980S0x2073	[0x3960, nil]
0x3982S0x2073	[0x3960, nil]
0x3834S0x3960S0x2073	[0x3960, [0x3825, nil]]
0x3838S0x3960S0x2073	[0x3960, [0x3825, nil]]
0x383dS0x3960S0x2073	[0x3960, [0x3825, nil]]
0x3840S0x3960S0x2073	[0x3960, [0x3825, nil]]
0x37feS0x3960S0x2073	[0x3960, [0x3825, nil]]
0x381fS0x3960S0x2073	[0x3960, [0x3825, nil]]
0x3821S0x3960S0x2073	[0x3960, [0x3825, nil]]
0x3826S0x3960S0x2073	[0x3960, [0x3825, nil]]
0x3827S0x3960S0x2073	[0x3960, [0x3825, nil]]
0x382aS0x3960S0x2073	[0x3960, [0x3825, nil]]
0x382dS0x3960S0x2073	[0x3960, [0x3825, nil]]
0x26e0S0x3825S0x3960S0x2073	[0x3960, [0x3825, [0x26df, nil]]]
0x26e4S0x3825S0x3960S0x2073	[0x3960, [0x3825, [0x26df, nil]]]
0x26e7S0x3825S0x3960S0x2073	[0x3960, [0x3825, [0x26df, nil]]]
0x2a2aS0x3977S0x2073	[0x3960, [0x2a29, nil]]
0x2a2eS0x3977S0x2073	[0x3960, [0x2a29, nil]]
0x2325S0x2a29S0x3977S0x2073	[0x3960, [0x2a29, [0x2324, nil]]]
0x2327S0x2a29S0x3977S0x2073	[0x3960, [0x2a29, [0x2324, nil]]]
0x2328S0x2a29S0x3977S0x2073	[0x3960, [0x2a29, [0x2324, nil]]]
0x248bS0xb99	[0x247e, nil]
0x248eS0xb99	[0x247e, nil]
0x247fS0xb99	[0x247e, nil]
0x2480S0xb99	[0x247e, nil]
0x2484S0xb99	[0x247e, nil]
0x2485S0xb99	[0x247e, nil]
0x2486S0xb99	[0x247e, nil]
0x2487S0xb99	[0x247e, nil]
0x2494S0xb99	[0x247e, nil]
0x2495S0xb99	[0x247e, nil]
0x249bS0xb99	[0x247e, nil]
0x249cS0xb99	[0x247e, nil]
0x73d9S0xb99	[0x247e, nil]
0x246bS0x2493S0xb99	[0x247e, [0x246a, nil]]
0x246dS0x2493S0xb99	[0x247e, [0x246a, nil]]
0x2470S0x2493S0xb99	[0x247e, [0x246a, nil]]
0x2474S0x2493S0xb99	[0x247e, [0x246a, nil]]
0x233fS0x246aB0x2493S0xb99	[0x247e, [0x232f, nil]]
0x233aS0x246aB0x2493S0xb99	[0x247e, [0x232f, nil]]
0x233bS0x246aB0x2493S0xb99	[0x247e, [0x232f, nil]]
0x2330S0x246aB0x2493S0xb99	[0x247e, [0x232f, nil]]
0x2334S0x246aB0x2493S0xb99	[0x247e, [0x232f, nil]]
0x2325S0x232fS0x246aB0x2493S0xb99	[0x247e, [0x232f, [0x2324, nil]]]
0x2327S0x232fS0x246aB0x2493S0xb99	[0x247e, [0x232f, [0x2324, nil]]]
0x2328S0x232fS0x246aB0x2493S0xb99	[0x247e, [0x232f, [0x2324, nil]]]
0x24caS0x19de	[0x24bd, nil]
0x24cdS0x19de	[0x24bd, nil]
0x24beS0x19de	[0x24bd, nil]
0x24bfS0x19de	[0x24bd, nil]
0x24c3S0x19de	[0x24bd, nil]
0x24c4S0x19de	[0x24bd, nil]
0x24c5S0x19de	[0x24bd, nil]
0x24c6S0x19de	[0x24bd, nil]
0x24d3S0x19de	[0x24bd, nil]
0x24d4S0x19de	[0x24bd, nil]
0x24daS0x19de	[0x24bd, nil]
0x24dbS0x19de	[0x24bd, nil]
0x73fcS0x19de	[0x24bd, nil]
0x24aaS0x24d2S0x19de	[0x24bd, [0x24a9, nil]]
0x24acS0x24d2S0x19de	[0x24bd, [0x24a9, nil]]
0x24afS0x24d2S0x19de	[0x24bd, [0x24a9, nil]]
0x24b3S0x24d2S0x19de	[0x24bd, [0x24a9, nil]]
0x2246S0x24a9B0x24d2S0x19de	[0x24bd, [0x2236, nil]]
0x2241S0x24a9B0x24d2S0x19de	[0x24bd, [0x2236, nil]]
0x2242S0x24a9B0x24d2S0x19de	[0x24bd, [0x2236, nil]]
0x2237S0x24a9B0x24d2S0x19de	[0x24bd, [0x2236, nil]]
0x223bS0x24a9B0x24d2S0x19de	[0x24bd, [0x2236, nil]]
0x222eS0x2236S0x24a9B0x24d2S0x19de	[0x24bd, [0x2236, [0x222d, nil]]]
0x248bS0x1db9	[0x247e, nil]
0x248eS0x1db9	[0x247e, nil]
0x247fS0x1db9	[0x247e, nil]
0x2480S0x1db9	[0x247e, nil]
0x2484S0x1db9	[0x247e, nil]
0x2485S0x1db9	[0x247e, nil]
0x2486S0x1db9	[0x247e, nil]
0x2487S0x1db9	[0x247e, nil]
0x2494S0x1db9	[0x247e, nil]
0x2495S0x1db9	[0x247e, nil]
0x249bS0x1db9	[0x247e, nil]
0x249cS0x1db9	[0x247e, nil]
0x73d9S0x1db9	[0x247e, nil]
0x246bS0x2493S0x1db9	[0x247e, [0x246a, nil]]
0x246dS0x2493S0x1db9	[0x247e, [0x246a, nil]]
0x2470S0x2493S0x1db9	[0x247e, [0x246a, nil]]
0x2474S0x2493S0x1db9	[0x247e, [0x246a, nil]]
0x233fS0x246aB0x2493S0x1db9	[0x247e, [0x232f, nil]]
0x233aS0x246aB0x2493S0x1db9	[0x247e, [0x232f, nil]]
0x233bS0x246aB0x2493S0x1db9	[0x247e, [0x232f, nil]]
0x2330S0x246aB0x2493S0x1db9	[0x247e, [0x232f, nil]]
0x2334S0x246aB0x2493S0x1db9	[0x247e, [0x232f, nil]]
0x2325S0x232fS0x246aB0x2493S0x1db9	[0x247e, [0x232f, [0x2324, nil]]]
0x2327S0x232fS0x246aB0x2493S0x1db9	[0x247e, [0x232f, [0x2324, nil]]]
0x2328S0x232fS0x246aB0x2493S0x1db9	[0x247e, [0x232f, [0x2324, nil]]]
0x216aS0x149	[0x2169, nil]
0x216bS0x149	[0x2169, nil]
0x216eS0x149	[0x2169, nil]
0x2171S0x149	[0x2169, nil]
0x2174S0x149	[0x2169, nil]
0x2176S0x149	[0x2169, nil]
0x2178S0x149	[0x2169, nil]
0x215bS0x2169S0x149	[0x2169, [0x215a, nil]]
0x215fS0x2169S0x149	[0x2169, [0x215a, nil]]
0x214aS0x215aS0x2169S0x149	[0x2169, [0x215a, [0x2149, nil]]]
0x214bS0x215aS0x2169S0x149	[0x2169, [0x215a, [0x2149, nil]]]
0x214fS0x215aS0x2169S0x149	[0x2169, [0x215a, [0x2149, nil]]]
0x212bS0x2149S0x215aS0x2169S0x149	[0x2169, [0x215a, [0x2149, [0x212a, nil]]]]
0x212cS0x2149S0x215aS0x2169S0x149	[0x2169, [0x215a, [0x2149, [0x212a, nil]]]]
0x2142S0x2149S0x215aS0x2169S0x149	[0x2169, [0x215a, [0x2149, [0x212a, nil]]]]
0x216aS0x173	[0x2169, nil]
0x216bS0x173	[0x2169, nil]
0x216eS0x173	[0x2169, nil]
0x2171S0x173	[0x2169, nil]
0x2174S0x173	[0x2169, nil]
0x2176S0x173	[0x2169, nil]
0x2178S0x173	[0x2169, nil]
0x215bS0x2169S0x173	[0x2169, [0x215a, nil]]
0x215fS0x2169S0x173	[0x2169, [0x215a, nil]]
0x214aS0x215aS0x2169S0x173	[0x2169, [0x215a, [0x2149, nil]]]
0x214bS0x215aS0x2169S0x173	[0x2169, [0x215a, [0x2149, nil]]]
0x214fS0x215aS0x2169S0x173	[0x2169, [0x215a, [0x2149, nil]]]
0x212bS0x2149S0x215aS0x2169S0x173	[0x2169, [0x215a, [0x2149, [0x212a, nil]]]]
0x212cS0x2149S0x215aS0x2169S0x173	[0x2169, [0x215a, [0x2149, [0x212a, nil]]]]
0x2142S0x2149S0x215aS0x2169S0x173	[0x2169, [0x215a, [0x2149, [0x212a, nil]]]]
0x2444S0x381	[0x2443, nil]
0x2445S0x381	[0x2443, nil]
0x2448S0x381	[0x2443, nil]
0x244bS0x381	[0x2443, nil]
0x244eS0x381	[0x2443, nil]
0x2450S0x381	[0x2443, nil]
0x2452S0x381	[0x2443, nil]
0x2457S0x381	[0x2443, nil]
0x245aS0x381	[0x2443, nil]
0x245dS0x381	[0x2443, nil]
0x245fS0x381	[0x2443, nil]
0x22fdS0x2456S0x381	[0x2443, [0x22fc, nil]]
0x2301S0x2456S0x381	[0x2443, [0x22fc, nil]]
0x222eS0x22fcS0x2456S0x381	[0x2443, [0x22fc, [0x222d, nil]]]
0x215bS0x2443S0x381	[0x2443, [0x215a, nil]]
0x215fS0x2443S0x381	[0x2443, [0x215a, nil]]
0x214aS0x215aS0x2443S0x381	[0x2443, [0x215a, [0x2149, nil]]]
0x214bS0x215aS0x2443S0x381	[0x2443, [0x215a, [0x2149, nil]]]
0x214fS0x215aS0x2443S0x381	[0x2443, [0x215a, [0x2149, nil]]]
0x212bS0x2149S0x215aS0x2443S0x381	[0x2443, [0x215a, [0x2149, [0x212a, nil]]]]
0x212cS0x2149S0x215aS0x2443S0x381	[0x2443, [0x215a, [0x2149, [0x212a, nil]]]]
0x2142S0x2149S0x215aS0x2443S0x381	[0x2443, [0x215a, [0x2149, [0x212a, nil]]]]
0x216aS0x219	[0x2169, nil]
0x216bS0x219	[0x2169, nil]
0x216eS0x219	[0x2169, nil]
0x2171S0x219	[0x2169, nil]
0x2174S0x219	[0x2169, nil]
0x2176S0x219	[0x2169, nil]
0x2178S0x219	[0x2169, nil]
0x215bS0x2169S0x219	[0x2169, [0x215a, nil]]
0x215fS0x2169S0x219	[0x2169, [0x215a, nil]]
0x214aS0x215aS0x2169S0x219	[0x2169, [0x215a, [0x2149, nil]]]
0x214bS0x215aS0x2169S0x219	[0x2169, [0x215a, [0x2149, nil]]]
0x214fS0x215aS0x2169S0x219	[0x2169, [0x215a, [0x2149, nil]]]
0x212bS0x2149S0x215aS0x2169S0x219	[0x2169, [0x215a, [0x2149, [0x212a, nil]]]]
0x212cS0x2149S0x215aS0x2169S0x219	[0x2169, [0x215a, [0x2149, [0x212a, nil]]]]
0x2142S0x2149S0x215aS0x2169S0x219	[0x2169, [0x215a, [0x2149, [0x212a, nil]]]]
0x2758S0x872	[0x2757, nil]
0x2759S0x872	[0x2757, nil]
0x275cS0x872	[0x2757, nil]
0x275fS0x872	[0x2757, nil]
0x2762S0x872	[0x2757, nil]
0x2764S0x872	[0x2757, nil]
0x2766S0x872	[0x2757, nil]
0x276bS0x872	[0x2757, nil]
0x276eS0x872	[0x2757, nil]
0x2771S0x872	[0x2757, nil]
0x2773S0x872	[0x2757, nil]
0x2778S0x872	[0x2757, nil]
0x277bS0x872	[0x2757, nil]
0x277eS0x872	[0x2757, nil]
0x2780S0x872	[0x2757, nil]
0x215bS0x2757S0x872	[0x2757, [0x215a, nil]]
0x215fS0x2757S0x872	[0x2757, [0x215a, nil]]
0x214aS0x215aS0x2757S0x872	[0x2757, [0x215a, [0x2149, nil]]]
0x214bS0x215aS0x2757S0x872	[0x2757, [0x215a, [0x2149, nil]]]
0x214fS0x215aS0x2757S0x872	[0x2757, [0x215a, [0x2149, nil]]]
0x212bS0x2149S0x215aS0x2757S0x872	[0x2757, [0x215a, [0x2149, [0x212a, nil]]]]
0x212cS0x2149S0x215aS0x2757S0x872	[0x2757, [0x215a, [0x2149, [0x212a, nil]]]]
0x2142S0x2149S0x215aS0x2757S0x872	[0x2757, [0x215a, [0x2149, [0x212a, nil]]]]
0x215bS0x276aS0x872	[0x2757, [0x215a, nil]]
0x215fS0x276aS0x872	[0x2757, [0x215a, nil]]
0x214aS0x215aS0x276aS0x872	[0x2757, [0x215a, [0x2149, nil]]]
0x214bS0x215aS0x276aS0x872	[0x2757, [0x215a, [0x2149, nil]]]
0x214fS0x215aS0x276aS0x872	[0x2757, [0x215a, [0x2149, nil]]]
0x212bS0x2149S0x215aS0x276aS0x872	[0x2757, [0x215a, [0x2149, [0x212a, nil]]]]
0x212cS0x2149S0x215aS0x276aS0x872	[0x2757, [0x215a, [0x2149, [0x212a, nil]]]]
0x2142S0x2149S0x215aS0x276aS0x872	[0x2757, [0x215a, [0x2149, [0x212a, nil]]]]
0x215bS0x2777S0x872	[0x2757, [0x215a, nil]]
0x215fS0x2777S0x872	[0x2757, [0x215a, nil]]
0x214aS0x215aS0x2777S0x872	[0x2757, [0x215a, [0x2149, nil]]]
0x214bS0x215aS0x2777S0x872	[0x2757, [0x215a, [0x2149, nil]]]
0x214fS0x215aS0x2777S0x872	[0x2757, [0x215a, [0x2149, nil]]]
0x212bS0x2149S0x215aS0x2777S0x872	[0x2757, [0x215a, [0x2149, [0x212a, nil]]]]
0x212cS0x2149S0x215aS0x2777S0x872	[0x2757, [0x215a, [0x2149, [0x212a, nil]]]]
0x2142S0x2149S0x215aS0x2777S0x872	[0x2757, [0x215a, [0x2149, [0x212a, nil]]]]
0x216aS0x411	[0x2169, nil]
0x216bS0x411	[0x2169, nil]
0x216eS0x411	[0x2169, nil]
0x2171S0x411	[0x2169, nil]
0x2174S0x411	[0x2169, nil]
0x2176S0x411	[0x2169, nil]
0x2178S0x411	[0x2169, nil]
0x215bS0x2169S0x411	[0x2169, [0x215a, nil]]
0x215fS0x2169S0x411	[0x2169, [0x215a, nil]]
0x214aS0x215aS0x2169S0x411	[0x2169, [0x215a, [0x2149, nil]]]
0x214bS0x215aS0x2169S0x411	[0x2169, [0x215a, [0x2149, nil]]]
0x214fS0x215aS0x2169S0x411	[0x2169, [0x215a, [0x2149, nil]]]
0x212bS0x2149S0x215aS0x2169S0x411	[0x2169, [0x215a, [0x2149, [0x212a, nil]]]]
0x212cS0x2149S0x215aS0x2169S0x411	[0x2169, [0x215a, [0x2149, [0x212a, nil]]]]
0x2142S0x2149S0x215aS0x2169S0x411	[0x2169, [0x215a, [0x2149, [0x212a, nil]]]]
0x216aS0x5d8	[0x2169, nil]
0x216bS0x5d8	[0x2169, nil]
0x216eS0x5d8	[0x2169, nil]
0x2171S0x5d8	[0x2169, nil]
0x2174S0x5d8	[0x2169, nil]
0x2176S0x5d8	[0x2169, nil]
0x2178S0x5d8	[0x2169, nil]
0x215bS0x2169S0x5d8	[0x2169, [0x215a, nil]]
0x215fS0x2169S0x5d8	[0x2169, [0x215a, nil]]
0x214aS0x215aS0x2169S0x5d8	[0x2169, [0x215a, [0x2149, nil]]]
0x214bS0x215aS0x2169S0x5d8	[0x2169, [0x215a, [0x2149, nil]]]
0x214fS0x215aS0x2169S0x5d8	[0x2169, [0x215a, [0x2149, nil]]]
0x212bS0x2149S0x215aS0x2169S0x5d8	[0x2169, [0x215a, [0x2149, [0x212a, nil]]]]
0x212cS0x2149S0x215aS0x2169S0x5d8	[0x2169, [0x215a, [0x2149, [0x212a, nil]]]]
0x2142S0x2149S0x215aS0x2169S0x5d8	[0x2169, [0x215a, [0x2149, [0x212a, nil]]]]
0x2678S0x675	[0x2677, nil]
0x2679S0x675	[0x2677, nil]
0x267cS0x675	[0x2677, nil]
0x267fS0x675	[0x2677, nil]
0x2682S0x675	[0x2677, nil]
0x2684S0x675	[0x2677, nil]
0x2686S0x675	[0x2677, nil]
0x268bS0x675	[0x2677, nil]
0x268eS0x675	[0x2677, nil]
0x2691S0x675	[0x2677, nil]
0x2693S0x675	[0x2677, nil]
0x215bS0x2677S0x675	[0x2677, [0x215a, nil]]
0x215fS0x2677S0x675	[0x2677, [0x215a, nil]]
0x214aS0x215aS0x2677S0x675	[0x2677, [0x215a, [0x2149, nil]]]
0x214bS0x215aS0x2677S0x675	[0x2677, [0x215a, [0x2149, nil]]]
0x214fS0x215aS0x2677S0x675	[0x2677, [0x215a, [0x2149, nil]]]
0x212bS0x2149S0x215aS0x2677S0x675	[0x2677, [0x215a, [0x2149, [0x212a, nil]]]]
0x212cS0x2149S0x215aS0x2677S0x675	[0x2677, [0x215a, [0x2149, [0x212a, nil]]]]
0x2142S0x2149S0x215aS0x2677S0x675	[0x2677, [0x215a, [0x2149, [0x212a, nil]]]]
0x2669S0x268aS0x675	[0x2677, [0x2668, nil]]
0x266dS0x268aS0x675	[0x2677, [0x2668, nil]]
0x265dS0x2668S0x268aS0x675	[0x2677, [0x2668, [0x2647, nil]]]
0x2658S0x2668S0x268aS0x675	[0x2677, [0x2668, [0x2647, nil]]]
0x263fS0x2668S0x268aS0x675	[0x2677, [0x2668, [0x2647, nil]]]
0x2648S0x2668S0x268aS0x675	[0x2677, [0x2668, [0x2647, nil]]]
0x2649S0x2668S0x268aS0x675	[0x2677, [0x2668, [0x2647, nil]]]
0x264cS0x2668S0x268aS0x675	[0x2677, [0x2668, [0x2647, nil]]]
0x264fS0x2668S0x268aS0x675	[0x2677, [0x2668, [0x2647, nil]]]
0x2653S0x2668S0x268aS0x675	[0x2677, [0x2668, [0x2647, nil]]]
0x222eS0x265cS0x2668S0x268aS0x675	[0x2677, [0x2668, [0x2647, [0x222d, nil]]]]
0x2183S0x2657S0x2668S0x268aS0x675	[0x2677, [0x2668, [0x2647, [0x2182, nil]]]]
0x27d7S0x8bc	[0x27d6, nil]
0x27d8S0x8bc	[0x27d6, nil]
0x27dbS0x8bc	[0x27d6, nil]
0x27e0S0x8bc	[0x27d6, nil]
0x27e1S0x8bc	[0x27d6, nil]
0x27e3S0x8bc	[0x27d6, nil]
0x27e5S0x8bc	[0x27d6, nil]
0x27e9S0x8bc	[0x27d6, nil]
0x27c3S0x8bc	[0x27d6, nil]
0x27c7S0x8bc	[0x27d6, nil]
0x27ccS0x8bc	[0x27d6, nil]
0x27cfS0x8bc	[0x27d6, nil]
0x278dS0x8bc	[0x27d6, nil]
0x27aeS0x8bc	[0x27d6, nil]
0x27b0S0x8bc	[0x27d6, nil]
0x27f0S0x8bc	[0x27d6, nil]
0x27f3S0x8bc	[0x27d6, nil]
0x27f6S0x8bc	[0x27d6, nil]
0x27f8S0x8bc	[0x27d6, nil]
0x27b5S0x8bc	[0x27d6, nil]
0x27b6S0x8bc	[0x27d6, nil]
0x27b9S0x8bc	[0x27d6, nil]
0x27bcS0x8bc	[0x27d6, nil]
0x26e0S0x27b4S0x8bc	[0x27d6, [0x26df, nil]]
0x26e4S0x27b4S0x8bc	[0x27d6, [0x26df, nil]]
0x26e7S0x27b4S0x8bc	[0x27d6, [0x26df, nil]]
0x215bS0x27edS0x8bc	[0x27d6, [0x215a, nil]]
0x215fS0x27edS0x8bc	[0x27d6, [0x215a, nil]]
0x214aS0x215aS0x27edS0x8bc	[0x27d6, [0x215a, [0x2149, nil]]]
0x214bS0x215aS0x27edS0x8bc	[0x27d6, [0x215a, [0x2149, nil]]]
0x214fS0x215aS0x27edS0x8bc	[0x27d6, [0x215a, [0x2149, nil]]]
0x212bS0x2149S0x215aS0x27edS0x8bc	[0x27d6, [0x215a, [0x2149, [0x212a, nil]]]]
0x212cS0x2149S0x215aS0x27edS0x8bc	[0x27d6, [0x215a, [0x2149, [0x212a, nil]]]]
0x2142S0x2149S0x215aS0x27edS0x8bc	[0x27d6, [0x215a, [0x2149, [0x212a, nil]]]]
0x284dS0x8f3	[0x284c, nil]
0x284eS0x8f3	[0x284c, nil]
0x2851S0x8f3	[0x284c, nil]
0x2856S0x8f3	[0x284c, nil]
0x2857S0x8f3	[0x284c, nil]
0x2859S0x8f3	[0x284c, nil]
0x285bS0x8f3	[0x284c, nil]
0x285fS0x8f3	[0x284c, nil]
0x2839S0x8f3	[0x284c, nil]
0x283dS0x8f3	[0x284c, nil]
0x2842S0x8f3	[0x284c, nil]
0x2845S0x8f3	[0x284c, nil]
0x2803S0x8f3	[0x284c, nil]
0x2824S0x8f3	[0x284c, nil]
0x2826S0x8f3	[0x284c, nil]
0x2866S0x8f3	[0x284c, nil]
0x2869S0x8f3	[0x284c, nil]
0x286cS0x8f3	[0x284c, nil]
0x286eS0x8f3	[0x284c, nil]
0x282bS0x8f3	[0x284c, nil]
0x282cS0x8f3	[0x284c, nil]
0x282fS0x8f3	[0x284c, nil]
0x2832S0x8f3	[0x284c, nil]
0x26e0S0x282aS0x8f3	[0x284c, [0x26df, nil]]
0x26e4S0x282aS0x8f3	[0x284c, [0x26df, nil]]
0x26e7S0x282aS0x8f3	[0x284c, [0x26df, nil]]
0x215bS0x2863S0x8f3	[0x284c, [0x215a, nil]]
0x215fS0x2863S0x8f3	[0x284c, [0x215a, nil]]
0x214aS0x215aS0x2863S0x8f3	[0x284c, [0x215a, [0x2149, nil]]]
0x214bS0x215aS0x2863S0x8f3	[0x284c, [0x215a, [0x2149, nil]]]
0x214fS0x215aS0x2863S0x8f3	[0x284c, [0x215a, [0x2149, nil]]]
0x212bS0x2149S0x215aS0x2863S0x8f3	[0x284c, [0x215a, [0x2149, [0x212a, nil]]]]
0x212cS0x2149S0x215aS0x2863S0x8f3	[0x284c, [0x215a, [0x2149, [0x212a, nil]]]]
0x2142S0x2149S0x215aS0x2863S0x8f3	[0x284c, [0x215a, [0x2149, [0x212a, nil]]]]
0x28c3S0x92a	[0x28c2, nil]
0x28c4S0x92a	[0x28c2, nil]
0x28c7S0x92a	[0x28c2, nil]
0x28ccS0x92a	[0x28c2, nil]
0x28cdS0x92a	[0x28c2, nil]
0x28cfS0x92a	[0x28c2, nil]
0x28d1S0x92a	[0x28c2, nil]
0x28d5S0x92a	[0x28c2, nil]
0x28afS0x92a	[0x28c2, nil]
0x28b3S0x92a	[0x28c2, nil]
0x28b8S0x92a	[0x28c2, nil]
0x28bbS0x92a	[0x28c2, nil]
0x2879S0x92a	[0x28c2, nil]
0x289aS0x92a	[0x28c2, nil]
0x289cS0x92a	[0x28c2, nil]
0x28dcS0x92a	[0x28c2, nil]
0x28dfS0x92a	[0x28c2, nil]
0x28e2S0x92a	[0x28c2, nil]
0x28e4S0x92a	[0x28c2, nil]
0x28a1S0x92a	[0x28c2, nil]
0x28a2S0x92a	[0x28c2, nil]
0x28a5S0x92a	[0x28c2, nil]
0x28a8S0x92a	[0x28c2, nil]
0x26e0S0x28a0S0x92a	[0x28c2, [0x26df, nil]]
0x26e4S0x28a0S0x92a	[0x28c2, [0x26df, nil]]
0x26e7S0x28a0S0x92a	[0x28c2, [0x26df, nil]]
0x215bS0x28d9S0x92a	[0x28c2, [0x215a, nil]]
0x215fS0x28d9S0x92a	[0x28c2, [0x215a, nil]]
0x214aS0x215aS0x28d9S0x92a	[0x28c2, [0x215a, [0x2149, nil]]]
0x214bS0x215aS0x28d9S0x92a	[0x28c2, [0x215a, [0x2149, nil]]]
0x214fS0x215aS0x28d9S0x92a	[0x28c2, [0x215a, [0x2149, nil]]]
0x212bS0x2149S0x215aS0x28d9S0x92a	[0x28c2, [0x215a, [0x2149, [0x212a, nil]]]]
0x212cS0x2149S0x215aS0x28d9S0x92a	[0x28c2, [0x215a, [0x2149, [0x212a, nil]]]]
0x2142S0x2149S0x215aS0x28d9S0x92a	[0x28c2, [0x215a, [0x2149, [0x212a, nil]]]]
0x2939S0x961	[0x2938, nil]
0x293aS0x961	[0x2938, nil]
0x293dS0x961	[0x2938, nil]
0x2942S0x961	[0x2938, nil]
0x2943S0x961	[0x2938, nil]
0x2945S0x961	[0x2938, nil]
0x2947S0x961	[0x2938, nil]
0x294bS0x961	[0x2938, nil]
0x2925S0x961	[0x2938, nil]
0x2929S0x961	[0x2938, nil]
0x292eS0x961	[0x2938, nil]
0x2931S0x961	[0x2938, nil]
0x28efS0x961	[0x2938, nil]
0x2910S0x961	[0x2938, nil]
0x2912S0x961	[0x2938, nil]
0x2952S0x961	[0x2938, nil]
0x2955S0x961	[0x2938, nil]
0x2958S0x961	[0x2938, nil]
0x295aS0x961	[0x2938, nil]
0x2917S0x961	[0x2938, nil]
0x2918S0x961	[0x2938, nil]
0x291bS0x961	[0x2938, nil]
0x291eS0x961	[0x2938, nil]
0x26e0S0x2916S0x961	[0x2938, [0x26df, nil]]
0x26e4S0x2916S0x961	[0x2938, [0x26df, nil]]
0x26e7S0x2916S0x961	[0x2938, [0x26df, nil]]
0x215bS0x294fS0x961	[0x2938, [0x215a, nil]]
0x215fS0x294fS0x961	[0x2938, [0x215a, nil]]
0x214aS0x215aS0x294fS0x961	[0x2938, [0x215a, [0x2149, nil]]]
0x214bS0x215aS0x294fS0x961	[0x2938, [0x215a, [0x2149, nil]]]
0x214fS0x215aS0x294fS0x961	[0x2938, [0x215a, [0x2149, nil]]]
0x212bS0x2149S0x215aS0x294fS0x961	[0x2938, [0x215a, [0x2149, [0x212a, nil]]]]
0x212cS0x2149S0x215aS0x294fS0x961	[0x2938, [0x215a, [0x2149, [0x212a, nil]]]]
0x2142S0x2149S0x215aS0x294fS0x961	[0x2938, [0x215a, [0x2149, [0x212a, nil]]]]
0x216aS0xb35	[0x2169, nil]
0x216bS0xb35	[0x2169, nil]
0x216eS0xb35	[0x2169, nil]
0x2171S0xb35	[0x2169, nil]
0x2174S0xb35	[0x2169, nil]
0x2176S0xb35	[0x2169, nil]
0x2178S0xb35	[0x2169, nil]
0x215bS0x2169S0xb35	[0x2169, [0x215a, nil]]
0x215fS0x2169S0xb35	[0x2169, [0x215a, nil]]
0x214aS0x215aS0x2169S0xb35	[0x2169, [0x215a, [0x2149, nil]]]
0x214bS0x215aS0x2169S0xb35	[0x2169, [0x215a, [0x2149, nil]]]
0x214fS0x215aS0x2169S0xb35	[0x2169, [0x215a, [0x2149, nil]]]
0x212bS0x2149S0x215aS0x2169S0xb35	[0x2169, [0x215a, [0x2149, [0x212a, nil]]]]
0x212cS0x2149S0x215aS0x2169S0xb35	[0x2169, [0x215a, [0x2149, [0x212a, nil]]]]
0x2142S0x2149S0x215aS0x2169S0xb35	[0x2169, [0x215a, [0x2149, [0x212a, nil]]]]
0x216aS0xe22	[0x2169, nil]
0x216bS0xe22	[0x2169, nil]
0x216eS0xe22	[0x2169, nil]
0x2171S0xe22	[0x2169, nil]
0x2174S0xe22	[0x2169, nil]
0x2176S0xe22	[0x2169, nil]
0x2178S0xe22	[0x2169, nil]
0x215bS0x2169S0xe22	[0x2169, [0x215a, nil]]
0x215fS0x2169S0xe22	[0x2169, [0x215a, nil]]
0x214aS0x215aS0x2169S0xe22	[0x2169, [0x215a, [0x2149, nil]]]
0x214bS0x215aS0x2169S0xe22	[0x2169, [0x215a, [0x2149, nil]]]
0x214fS0x215aS0x2169S0xe22	[0x2169, [0x215a, [0x2149, nil]]]
0x212bS0x2149S0x215aS0x2169S0xe22	[0x2169, [0x215a, [0x2149, [0x212a, nil]]]]
0x212cS0x2149S0x215aS0x2169S0xe22	[0x2169, [0x215a, [0x2149, [0x212a, nil]]]]
0x2142S0x2149S0x215aS0x2169S0xe22	[0x2169, [0x215a, [0x2149, [0x212a, nil]]]]
0x216aS0x1897	[0x2169, nil]
0x216bS0x1897	[0x2169, nil]
0x216eS0x1897	[0x2169, nil]
0x2171S0x1897	[0x2169, nil]
0x2174S0x1897	[0x2169, nil]
0x2176S0x1897	[0x2169, nil]
0x2178S0x1897	[0x2169, nil]
0x215bS0x2169S0x1897	[0x2169, [0x215a, nil]]
0x215fS0x2169S0x1897	[0x2169, [0x215a, nil]]
0x214aS0x215aS0x2169S0x1897	[0x2169, [0x215a, [0x2149, nil]]]
0x214bS0x215aS0x2169S0x1897	[0x2169, [0x215a, [0x2149, nil]]]
0x214fS0x215aS0x2169S0x1897	[0x2169, [0x215a, [0x2149, nil]]]
0x212bS0x2149S0x215aS0x2169S0x1897	[0x2169, [0x215a, [0x2149, [0x212a, nil]]]]
0x212cS0x2149S0x215aS0x2169S0x1897	[0x2169, [0x215a, [0x2149, [0x212a, nil]]]]
0x2142S0x2149S0x215aS0x2169S0x1897	[0x2169, [0x215a, [0x2149, [0x212a, nil]]]]
0x3523S0x197f	[0x3522, nil]
0x3524S0x197f	[0x3522, nil]
0x3527S0x197f	[0x3522, nil]
0x352aS0x197f	[0x3522, nil]
0x352dS0x197f	[0x3522, nil]
0x352fS0x197f	[0x3522, nil]
0x3531S0x197f	[0x3522, nil]
0x3536S0x197f	[0x3522, nil]
0x3539S0x197f	[0x3522, nil]
0x353cS0x197f	[0x3522, nil]
0x353eS0x197f	[0x3522, nil]
0x3543S0x197f	[0x3522, nil]
0x3546S0x197f	[0x3522, nil]
0x3549S0x197f	[0x3522, nil]
0x354bS0x197f	[0x3522, nil]
0x3550S0x197f	[0x3522, nil]
0x3553S0x197f	[0x3522, nil]
0x3556S0x197f	[0x3522, nil]
0x3558S0x197f	[0x3522, nil]
0x3514S0x197f	[0x3522, nil]
0x3518S0x197f	[0x3522, nil]
0x2261S0x3513S0x197f	[0x3522, [0x2260, nil]]
0x2262S0x3513S0x197f	[0x3522, [0x2260, nil]]
0x2267S0x3513S0x197f	[0x3522, [0x2260, nil]]
0x22fdS0x3535S0x197f	[0x3522, [0x22fc, nil]]
0x2301S0x3535S0x197f	[0x3522, [0x22fc, nil]]
0x222eS0x22fcS0x3535S0x197f	[0x3522, [0x22fc, [0x222d, nil]]]
0x22fdS0x3542S0x197f	[0x3522, [0x22fc, nil]]
0x2301S0x3542S0x197f	[0x3522, [0x22fc, nil]]
0x222eS0x22fcS0x3542S0x197f	[0x3522, [0x22fc, [0x222d, nil]]]
0x215bS0x3522S0x197f	[0x3522, [0x215a, nil]]
0x215fS0x3522S0x197f	[0x3522, [0x215a, nil]]
0x214aS0x215aS0x3522S0x197f	[0x3522, [0x215a, [0x2149, nil]]]
0x214bS0x215aS0x3522S0x197f	[0x3522, [0x215a, [0x2149, nil]]]
0x214fS0x215aS0x3522S0x197f	[0x3522, [0x215a, [0x2149, nil]]]
0x212bS0x2149S0x215aS0x3522S0x197f	[0x3522, [0x215a, [0x2149, [0x212a, nil]]]]
0x212cS0x2149S0x215aS0x3522S0x197f	[0x3522, [0x215a, [0x2149, [0x212a, nil]]]]
0x2142S0x2149S0x215aS0x3522S0x197f	[0x3522, [0x215a, [0x2149, [0x212a, nil]]]]
0x35e3S0x1a5b	[0x35e2, nil]
0x35e4S0x1a5b	[0x35e2, nil]
0x35e7S0x1a5b	[0x35e2, nil]
0x35eaS0x1a5b	[0x35e2, nil]
0x35edS0x1a5b	[0x35e2, nil]
0x35efS0x1a5b	[0x35e2, nil]
0x35f1S0x1a5b	[0x35e2, nil]
0x35f6S0x1a5b	[0x35e2, nil]
0x35f9S0x1a5b	[0x35e2, nil]
0x35fcS0x1a5b	[0x35e2, nil]
0x35feS0x1a5b	[0x35e2, nil]
0x3603S0x1a5b	[0x35e2, nil]
0x3606S0x1a5b	[0x35e2, nil]
0x3609S0x1a5b	[0x35e2, nil]
0x360bS0x1a5b	[0x35e2, nil]
0x22fdS0x35e2S0x1a5b	[0x35e2, [0x22fc, nil]]
0x2301S0x35e2S0x1a5b	[0x35e2, [0x22fc, nil]]
0x222eS0x22fcS0x35e2S0x1a5b	[0x35e2, [0x22fc, [0x222d, nil]]]
0x2a2aS0x3602S0x1a5b	[0x35e2, [0x2a29, nil]]
0x2a2eS0x3602S0x1a5b	[0x35e2, [0x2a29, nil]]
0x2325S0x2a29S0x3602S0x1a5b	[0x35e2, [0x2a29, [0x2324, nil]]]
0x2327S0x2a29S0x3602S0x1a5b	[0x35e2, [0x2a29, [0x2324, nil]]]
0x2328S0x2a29S0x3602S0x1a5b	[0x35e2, [0x2a29, [0x2324, nil]]]
0x2669S0x35f5S0x1a5b	[0x35e2, [0x2668, nil]]
0x266dS0x35f5S0x1a5b	[0x35e2, [0x2668, nil]]
0x265dS0x2668S0x35f5S0x1a5b	[0x35e2, [0x2668, [0x2647, nil]]]
0x2658S0x2668S0x35f5S0x1a5b	[0x35e2, [0x2668, [0x2647, nil]]]
0x263fS0x2668S0x35f5S0x1a5b	[0x35e2, [0x2668, [0x2647, nil]]]
0x2648S0x2668S0x35f5S0x1a5b	[0x35e2, [0x2668, [0x2647, nil]]]
0x2649S0x2668S0x35f5S0x1a5b	[0x35e2, [0x2668, [0x2647, nil]]]
0x264cS0x2668S0x35f5S0x1a5b	[0x35e2, [0x2668, [0x2647, nil]]]
0x264fS0x2668S0x35f5S0x1a5b	[0x35e2, [0x2668, [0x2647, nil]]]
0x2653S0x2668S0x35f5S0x1a5b	[0x35e2, [0x2668, [0x2647, nil]]]
0x222eS0x265cS0x2668S0x35f5S0x1a5b	[0x35e2, [0x2668, [0x2647, [0x222d, nil]]]]
0x2183S0x2657S0x2668S0x35f5S0x1a5b	[0x35e2, [0x2668, [0x2647, [0x2182, nil]]]]
0x35e3S0x1b6f	[0x35e2, nil]
0x35e4S0x1b6f	[0x35e2, nil]
0x35e7S0x1b6f	[0x35e2, nil]
0x35eaS0x1b6f	[0x35e2, nil]
0x35edS0x1b6f	[0x35e2, nil]
0x35efS0x1b6f	[0x35e2, nil]
0x35f1S0x1b6f	[0x35e2, nil]
0x35f6S0x1b6f	[0x35e2, nil]
0x35f9S0x1b6f	[0x35e2, nil]
0x35fcS0x1b6f	[0x35e2, nil]
0x35feS0x1b6f	[0x35e2, nil]
0x3603S0x1b6f	[0x35e2, nil]
0x3606S0x1b6f	[0x35e2, nil]
0x3609S0x1b6f	[0x35e2, nil]
0x360bS0x1b6f	[0x35e2, nil]
0x22fdS0x35e2S0x1b6f	[0x35e2, [0x22fc, nil]]
0x2301S0x35e2S0x1b6f	[0x35e2, [0x22fc, nil]]
0x222eS0x22fcS0x35e2S0x1b6f	[0x35e2, [0x22fc, [0x222d, nil]]]
0x2a2aS0x3602S0x1b6f	[0x35e2, [0x2a29, nil]]
0x2a2eS0x3602S0x1b6f	[0x35e2, [0x2a29, nil]]
0x2325S0x2a29S0x3602S0x1b6f	[0x35e2, [0x2a29, [0x2324, nil]]]
0x2327S0x2a29S0x3602S0x1b6f	[0x35e2, [0x2a29, [0x2324, nil]]]
0x2328S0x2a29S0x3602S0x1b6f	[0x35e2, [0x2a29, [0x2324, nil]]]
0x2669S0x35f5S0x1b6f	[0x35e2, [0x2668, nil]]
0x266dS0x35f5S0x1b6f	[0x35e2, [0x2668, nil]]
0x265dS0x2668S0x35f5S0x1b6f	[0x35e2, [0x2668, [0x2647, nil]]]
0x2658S0x2668S0x35f5S0x1b6f	[0x35e2, [0x2668, [0x2647, nil]]]
0x263fS0x2668S0x35f5S0x1b6f	[0x35e2, [0x2668, [0x2647, nil]]]
0x2648S0x2668S0x35f5S0x1b6f	[0x35e2, [0x2668, [0x2647, nil]]]
0x2649S0x2668S0x35f5S0x1b6f	[0x35e2, [0x2668, [0x2647, nil]]]
0x264cS0x2668S0x35f5S0x1b6f	[0x35e2, [0x2668, [0x2647, nil]]]
0x264fS0x2668S0x35f5S0x1b6f	[0x35e2, [0x2668, [0x2647, nil]]]
0x2653S0x2668S0x35f5S0x1b6f	[0x35e2, [0x2668, [0x2647, nil]]]
0x222eS0x265cS0x2668S0x35f5S0x1b6f	[0x35e2, [0x2668, [0x2647, [0x222d, nil]]]]
0x2183S0x2657S0x2668S0x35f5S0x1b6f	[0x35e2, [0x2668, [0x2647, [0x2182, nil]]]]
0x2444S0x1d4a	[0x2443, nil]
0x2445S0x1d4a	[0x2443, nil]
0x2448S0x1d4a	[0x2443, nil]
0x244bS0x1d4a	[0x2443, nil]
0x244eS0x1d4a	[0x2443, nil]
0x2450S0x1d4a	[0x2443, nil]
0x2452S0x1d4a	[0x2443, nil]
0x2457S0x1d4a	[0x2443, nil]
0x245aS0x1d4a	[0x2443, nil]
0x245dS0x1d4a	[0x2443, nil]
0x245fS0x1d4a	[0x2443, nil]
0x22fdS0x2456S0x1d4a	[0x2443, [0x22fc, nil]]
0x2301S0x2456S0x1d4a	[0x2443, [0x22fc, nil]]
0x222eS0x22fcS0x2456S0x1d4a	[0x2443, [0x22fc, [0x222d, nil]]]
0x215bS0x2443S0x1d4a	[0x2443, [0x215a, nil]]
0x215fS0x2443S0x1d4a	[0x2443, [0x215a, nil]]
0x214aS0x215aS0x2443S0x1d4a	[0x2443, [0x215a, [0x2149, nil]]]
0x214bS0x215aS0x2443S0x1d4a	[0x2443, [0x215a, [0x2149, nil]]]
0x214fS0x215aS0x2443S0x1d4a	[0x2443, [0x215a, [0x2149, nil]]]
0x212bS0x2149S0x215aS0x2443S0x1d4a	[0x2443, [0x215a, [0x2149, [0x212a, nil]]]]
0x212cS0x2149S0x215aS0x2443S0x1d4a	[0x2443, [0x215a, [0x2149, [0x212a, nil]]]]
0x2142S0x2149S0x215aS0x2443S0x1d4a	[0x2443, [0x215a, [0x2149, [0x212a, nil]]]]
0x21deS0x19d	[0x21dd, nil]
0x21dfS0x19d	[0x21dd, nil]
0x21e2S0x19d	[0x21dd, nil]
0x21e5S0x19d	[0x21dd, nil]
0x21e8S0x19d	[0x21dd, nil]
0x21eaS0x19d	[0x21dd, nil]
0x21ecS0x19d	[0x21dd, nil]
0x21cfS0x19d	[0x21dd, nil]
0x21d3S0x19d	[0x21dd, nil]
0x21beS0x21ceS0x19d	[0x21dd, [0x21bd, nil]]
0x21bfS0x21ceS0x19d	[0x21dd, [0x21bd, nil]]
0x21c3S0x21ceS0x19d	[0x21dd, [0x21bd, nil]]
0x21adS0x21bdS0x21ceS0x19d	[0x21dd, [0x21bd, [0x21ac, nil]]]
0x21aeS0x21bdS0x21ceS0x19d	[0x21dd, [0x21bd, [0x21ac, nil]]]
0x21b2S0x21bdS0x21ceS0x19d	[0x21dd, [0x21bd, [0x21ac, nil]]]
0x21a1S0x21acS0x21bdS0x21ceS0x19d	[0x21dd, [0x21bd, [0x21ac, [0x218b, nil]]]]
0x219cS0x21acS0x21bdS0x21ceS0x19d	[0x21dd, [0x21bd, [0x21ac, [0x218b, nil]]]]
0x218cS0x21acS0x21bdS0x21ceS0x19d	[0x21dd, [0x21bd, [0x21ac, [0x218b, nil]]]]
0x218dS0x21acS0x21bdS0x21ceS0x19d	[0x21dd, [0x21bd, [0x21ac, [0x218b, nil]]]]
0x2190S0x21acS0x21bdS0x21ceS0x19d	[0x21dd, [0x21bd, [0x21ac, [0x218b, nil]]]]
0x2193S0x21acS0x21bdS0x21ceS0x19d	[0x21dd, [0x21bd, [0x21ac, [0x218b, nil]]]]
0x2197S0x21acS0x21bdS0x21ceS0x19d	[0x21dd, [0x21bd, [0x21ac, [0x218b, nil]]]]
0x212bS0x21a0S0x21acS0x21bdS0x21ceS0x19d	[0x21dd, [0x21bd, [0x21ac, [0x218b, [0x212a, nil]]]]]
0x212cS0x21a0S0x21acS0x21bdS0x21ceS0x19d	[0x21dd, [0x21bd, [0x21ac, [0x218b, [0x212a, nil]]]]]
0x2142S0x21a0S0x21acS0x21bdS0x21ceS0x19d	[0x21dd, [0x21bd, [0x21ac, [0x218b, [0x212a, nil]]]]]
0x2183S0x219bS0x21acS0x21bdS0x21ceS0x19d	[0x21dd, [0x21bd, [0x21ac, [0x218b, [0x2182, nil]]]]]
0x212bS0x218bS0x21acS0x21bdS0x21ceS0x19d	[0x21dd, [0x21bd, [0x21ac, [0x218b, [0x212a, nil]]]]]
0x212cS0x218bS0x21acS0x21bdS0x21ceS0x19d	[0x21dd, [0x21bd, [0x21ac, [0x218b, [0x212a, nil]]]]]
0x2142S0x218bS0x21acS0x21bdS0x21ceS0x19d	[0x21dd, [0x21bd, [0x21ac, [0x218b, [0x212a, nil]]]]]
0x22a8S0x1d4	[0x2298, nil]
0x22abS0x1d4	[0x2298, nil]
0x2299S0x1d4	[0x2298, nil]
0x229bS0x1d4	[0x2298, nil]
0x229dS0x1d4	[0x2298, nil]
0x22a1S0x1d4	[0x2298, nil]
0x22a2S0x1d4	[0x2298, nil]
0x22a3S0x1d4	[0x2298, nil]
0x22a4S0x1d4	[0x2298, nil]
0x22b1S0x1d4	[0x2298, nil]
0x22b2S0x1d4	[0x2298, nil]
0x22b8S0x1d4	[0x2298, nil]
0x22b9S0x1d4	[0x2298, nil]
0x7393S0x1d4	[0x2298, nil]
0x22c1S0x1d4	[0x2298, nil]
0x22c3S0x1d4	[0x2298, nil]
0x22c9S0x1d4	[0x2298, nil]
0x22caS0x1d4	[0x2298, nil]
0x22d2S0x1d4	[0x2298, nil]
0x22d4S0x1d4	[0x2298, nil]
0x22daS0x1d4	[0x2298, nil]
0x22dbS0x1d4	[0x2298, nil]
0x22e3S0x1d4	[0x2298, nil]
0x22e5S0x1d4	[0x2298, nil]
0x22ebS0x1d4	[0x2298, nil]
0x22ecS0x1d4	[0x2298, nil]
0x224dS0x22bdS0x1d4	[0x2298, [0x224c, nil]]
0x224fS0x22bdS0x1d4	[0x2298, [0x224c, nil]]
0x2252S0x22bdS0x1d4	[0x2298, [0x224c, nil]]
0x2256S0x22bdS0x1d4	[0x2298, [0x224c, nil]]
0x224dS0x22ceS0x1d4	[0x2298, [0x224c, nil]]
0x224fS0x22ceS0x1d4	[0x2298, [0x224c, nil]]
0x2252S0x22ceS0x1d4	[0x2298, [0x224c, nil]]
0x2256S0x22ceS0x1d4	[0x2298, [0x224c, nil]]
0x2246S0x224cB0x22bdS0x1d4	[0x2298, [0x2236, nil]]
0x2241S0x224cB0x22bdS0x1d4	[0x2298, [0x2236, nil]]
0x2242S0x224cB0x22bdS0x1d4	[0x2298, [0x2236, nil]]
0x2237S0x224cB0x22bdS0x1d4	[0x2298, [0x2236, nil]]
0x223bS0x224cB0x22bdS0x1d4	[0x2298, [0x2236, nil]]
0x222eS0x2236S0x224cB0x22bdS0x1d4	[0x2298, [0x2236, [0x222d, nil]]]
0x2246S0x224cB0x22ceS0x1d4	[0x2298, [0x2236, nil]]
0x2241S0x224cB0x22ceS0x1d4	[0x2298, [0x2236, nil]]
0x2242S0x224cB0x22ceS0x1d4	[0x2298, [0x2236, nil]]
0x2237S0x224cB0x22ceS0x1d4	[0x2298, [0x2236, nil]]
0x223bS0x224cB0x22ceS0x1d4	[0x2298, [0x2236, nil]]
0x222eS0x2236S0x224cB0x22ceS0x1d4	[0x2298, [0x2236, [0x222d, nil]]]
0x2285S0x22dfS0x1d4	[0x2298, [0x2284, nil]]
0x2287S0x22dfS0x1d4	[0x2298, [0x2284, nil]]
0x228aS0x22dfS0x1d4	[0x2298, [0x2284, nil]]
0x228eS0x22dfS0x1d4	[0x2298, [0x2284, nil]]
0x227eS0x2284S0x22dfS0x1d4	[0x2298, [0x2284, [0x226e, nil]]]
0x2279S0x2284S0x22dfS0x1d4	[0x2298, [0x2284, [0x226e, nil]]]
0x227aS0x2284S0x22dfS0x1d4	[0x2298, [0x2284, [0x226e, nil]]]
0x226fS0x2284S0x22dfS0x1d4	[0x2298, [0x2284, [0x226e, nil]]]
0x2273S0x2284S0x22dfS0x1d4	[0x2298, [0x2284, [0x226e, nil]]]
0x2261S0x226eS0x2284S0x22dfS0x1d4	[0x2298, [0x2284, [0x226e, [0x2260, nil]]]]
0x2262S0x226eS0x2284S0x22dfS0x1d4	[0x2298, [0x2284, [0x226e, [0x2260, nil]]]]
0x2267S0x226eS0x2284S0x22dfS0x1d4	[0x2298, [0x2284, [0x226e, [0x2260, nil]]]]
0x221aS0x22b0S0x1d4	[0x2298, [0x2219, nil]]
0x221cS0x22b0S0x1d4	[0x2298, [0x2219, nil]]
0x221fS0x22b0S0x1d4	[0x2298, [0x2219, nil]]
0x2223S0x22b0S0x1d4	[0x2298, [0x2219, nil]]
0x2213S0x2219S0x22b0S0x1d4	[0x2298, [0x2219, [0x2203, nil]]]
0x220eS0x2219S0x22b0S0x1d4	[0x2298, [0x2219, [0x2203, nil]]]
0x220fS0x2219S0x22b0S0x1d4	[0x2298, [0x2219, [0x2203, nil]]]
0x2204S0x2219S0x22b0S0x1d4	[0x2298, [0x2219, [0x2203, nil]]]
0x2208S0x2219S0x22b0S0x1d4	[0x2298, [0x2219, [0x2203, nil]]]
0x214aS0x2203S0x2219S0x22b0S0x1d4	[0x2298, [0x2219, [0x2203, [0x2149, nil]]]]
0x214bS0x2203S0x2219S0x22b0S0x1d4	[0x2298, [0x2219, [0x2203, [0x2149, nil]]]]
0x214fS0x2203S0x2219S0x22b0S0x1d4	[0x2298, [0x2219, [0x2203, [0x2149, nil]]]]
0x212bS0x2149S0x2203S0x2219S0x22b0S0x1d4	[0x2298, [0x2219, [0x2203, [0x2149, [0x212a, nil]]]]]
0x212cS0x2149S0x2203S0x2219S0x22b0S0x1d4	[0x2298, [0x2219, [0x2203, [0x2149, [0x212a, nil]]]]]
0x2142S0x2149S0x2203S0x2219S0x22b0S0x1d4	[0x2298, [0x2219, [0x2203, [0x2149, [0x212a, nil]]]]]
0x236eS0x23a	[0x2359, nil]
0x2371S0x23a	[0x2359, nil]
0x235aS0x23a	[0x2359, nil]
0x235cS0x23a	[0x2359, nil]
0x235eS0x23a	[0x2359, nil]
0x2360S0x23a	[0x2359, nil]
0x2362S0x23a	[0x2359, nil]
0x2367S0x23a	[0x2359, nil]
0x2368S0x23a	[0x2359, nil]
0x2369S0x23a	[0x2359, nil]
0x236aS0x23a	[0x2359, nil]
0x2377S0x23a	[0x2359, nil]
0x2378S0x23a	[0x2359, nil]
0x237eS0x23a	[0x2359, nil]
0x237fS0x23a	[0x2359, nil]
0x73b6S0x23a	[0x2359, nil]
0x2387S0x23a	[0x2359, nil]
0x2389S0x23a	[0x2359, nil]
0x238fS0x23a	[0x2359, nil]
0x2390S0x23a	[0x2359, nil]
0x2398S0x23a	[0x2359, nil]
0x239aS0x23a	[0x2359, nil]
0x23a0S0x23a	[0x2359, nil]
0x23a1S0x23a	[0x2359, nil]
0x23a9S0x23a	[0x2359, nil]
0x23abS0x23a	[0x2359, nil]
0x23b1S0x23a	[0x2359, nil]
0x23b2S0x23a	[0x2359, nil]
0x23baS0x23a	[0x2359, nil]
0x23bcS0x23a	[0x2359, nil]
0x23c2S0x23a	[0x2359, nil]
0x23c3S0x23a	[0x2359, nil]
0x23cbS0x23a	[0x2359, nil]
0x23cdS0x23a	[0x2359, nil]
0x23d3S0x23a	[0x2359, nil]
0x23d4S0x23a	[0x2359, nil]
0x23dcS0x23a	[0x2359, nil]
0x23deS0x23a	[0x2359, nil]
0x23e4S0x23a	[0x2359, nil]
0x23e5S0x23a	[0x2359, nil]
0x23edS0x23a	[0x2359, nil]
0x23efS0x23a	[0x2359, nil]
0x23f5S0x23a	[0x2359, nil]
0x23f6S0x23a	[0x2359, nil]
0x2346S0x2376S0x23a	[0x2359, [0x2345, nil]]
0x2348S0x2376S0x23a	[0x2359, [0x2345, nil]]
0x234bS0x2376S0x23a	[0x2359, [0x2345, nil]]
0x234fS0x2376S0x23a	[0x2359, [0x2345, nil]]
0x2346S0x2383S0x23a	[0x2359, [0x2345, nil]]
0x2348S0x2383S0x23a	[0x2359, [0x2345, nil]]
0x234bS0x2383S0x23a	[0x2359, [0x2345, nil]]
0x234fS0x2383S0x23a	[0x2359, [0x2345, nil]]
0x2346S0x2394S0x23a	[0x2359, [0x2345, nil]]
0x2348S0x2394S0x23a	[0x2359, [0x2345, nil]]
0x234bS0x2394S0x23a	[0x2359, [0x2345, nil]]
0x234fS0x2394S0x23a	[0x2359, [0x2345, nil]]
0x2346S0x23a5S0x23a	[0x2359, [0x2345, nil]]
0x2348S0x23a5S0x23a	[0x2359, [0x2345, nil]]
0x234bS0x23a5S0x23a	[0x2359, [0x2345, nil]]
0x234fS0x23a5S0x23a	[0x2359, [0x2345, nil]]
0x233fS0x2345B0x2376S0x23a	[0x2359, [0x232f, nil]]
0x233aS0x2345B0x2376S0x23a	[0x2359, [0x232f, nil]]
0x233bS0x2345B0x2376S0x23a	[0x2359, [0x232f, nil]]
0x2330S0x2345B0x2376S0x23a	[0x2359, [0x232f, nil]]
0x2334S0x2345B0x2376S0x23a	[0x2359, [0x232f, nil]]
0x2325S0x232fS0x2345B0x2376S0x23a	[0x2359, [0x232f, [0x2324, nil]]]
0x2327S0x232fS0x2345B0x2376S0x23a	[0x2359, [0x232f, [0x2324, nil]]]
0x2328S0x232fS0x2345B0x2376S0x23a	[0x2359, [0x232f, [0x2324, nil]]]
0x233fS0x2345B0x2383S0x23a	[0x2359, [0x232f, nil]]
0x233aS0x2345B0x2383S0x23a	[0x2359, [0x232f, nil]]
0x233bS0x2345B0x2383S0x23a	[0x2359, [0x232f, nil]]
0x2330S0x2345B0x2383S0x23a	[0x2359, [0x232f, nil]]
0x2334S0x2345B0x2383S0x23a	[0x2359, [0x232f, nil]]
0x2325S0x232fS0x2345B0x2383S0x23a	[0x2359, [0x232f, [0x2324, nil]]]
0x2327S0x232fS0x2345B0x2383S0x23a	[0x2359, [0x232f, [0x2324, nil]]]
0x2328S0x232fS0x2345B0x2383S0x23a	[0x2359, [0x232f, [0x2324, nil]]]
0x233fS0x2345B0x2394S0x23a	[0x2359, [0x232f, nil]]
0x233aS0x2345B0x2394S0x23a	[0x2359, [0x232f, nil]]
0x233bS0x2345B0x2394S0x23a	[0x2359, [0x232f, nil]]
0x2330S0x2345B0x2394S0x23a	[0x2359, [0x232f, nil]]
0x2334S0x2345B0x2394S0x23a	[0x2359, [0x232f, nil]]
0x2325S0x232fS0x2345B0x2394S0x23a	[0x2359, [0x232f, [0x2324, nil]]]
0x2327S0x232fS0x2345B0x2394S0x23a	[0x2359, [0x232f, [0x2324, nil]]]
0x2328S0x232fS0x2345B0x2394S0x23a	[0x2359, [0x232f, [0x2324, nil]]]
0x233fS0x2345B0x23a5S0x23a	[0x2359, [0x232f, nil]]
0x233aS0x2345B0x23a5S0x23a	[0x2359, [0x232f, nil]]
0x233bS0x2345B0x23a5S0x23a	[0x2359, [0x232f, nil]]
0x2330S0x2345B0x23a5S0x23a	[0x2359, [0x232f, nil]]
0x2334S0x2345B0x23a5S0x23a	[0x2359, [0x232f, nil]]
0x2325S0x232fS0x2345B0x23a5S0x23a	[0x2359, [0x232f, [0x2324, nil]]]
0x2327S0x232fS0x2345B0x23a5S0x23a	[0x2359, [0x232f, [0x2324, nil]]]
0x2328S0x232fS0x2345B0x23a5S0x23a	[0x2359, [0x232f, [0x2324, nil]]]
0x2285S0x23e9S0x23a	[0x2359, [0x2284, nil]]
0x2287S0x23e9S0x23a	[0x2359, [0x2284, nil]]
0x228aS0x23e9S0x23a	[0x2359, [0x2284, nil]]
0x228eS0x23e9S0x23a	[0x2359, [0x2284, nil]]
0x227eS0x2284S0x23e9S0x23a	[0x2359, [0x2284, [0x226e, nil]]]
0x2279S0x2284S0x23e9S0x23a	[0x2359, [0x2284, [0x226e, nil]]]
0x227aS0x2284S0x23e9S0x23a	[0x2359, [0x2284, [0x226e, nil]]]
0x226fS0x2284S0x23e9S0x23a	[0x2359, [0x2284, [0x226e, nil]]]
0x2273S0x2284S0x23e9S0x23a	[0x2359, [0x2284, [0x226e, nil]]]
0x2261S0x226eS0x2284S0x23e9S0x23a	[0x2359, [0x2284, [0x226e, [0x2260, nil]]]]
0x2262S0x226eS0x2284S0x23e9S0x23a	[0x2359, [0x2284, [0x226e, [0x2260, nil]]]]
0x2267S0x226eS0x2284S0x23e9S0x23a	[0x2359, [0x2284, [0x226e, [0x2260, nil]]]]
0x221aS0x23b6S0x23a	[0x2359, [0x2219, nil]]
0x221cS0x23b6S0x23a	[0x2359, [0x2219, nil]]
0x221fS0x23b6S0x23a	[0x2359, [0x2219, nil]]
0x2223S0x23b6S0x23a	[0x2359, [0x2219, nil]]
0x2213S0x2219S0x23b6S0x23a	[0x2359, [0x2219, [0x2203, nil]]]
0x220eS0x2219S0x23b6S0x23a	[0x2359, [0x2219, [0x2203, nil]]]
0x220fS0x2219S0x23b6S0x23a	[0x2359, [0x2219, [0x2203, nil]]]
0x2204S0x2219S0x23b6S0x23a	[0x2359, [0x2219, [0x2203, nil]]]
0x2208S0x2219S0x23b6S0x23a	[0x2359, [0x2219, [0x2203, nil]]]
0x214aS0x2203S0x2219S0x23b6S0x23a	[0x2359, [0x2219, [0x2203, [0x2149, nil]]]]
0x214bS0x2203S0x2219S0x23b6S0x23a	[0x2359, [0x2219, [0x2203, [0x2149, nil]]]]
0x214fS0x2203S0x2219S0x23b6S0x23a	[0x2359, [0x2219, [0x2203, [0x2149, nil]]]]
0x212bS0x2149S0x2203S0x2219S0x23b6S0x23a	[0x2359, [0x2219, [0x2203, [0x2149, [0x212a, nil]]]]]
0x212cS0x2149S0x2203S0x2219S0x23b6S0x23a	[0x2359, [0x2219, [0x2203, [0x2149, [0x212a, nil]]]]]
0x2142S0x2149S0x2203S0x2219S0x23b6S0x23a	[0x2359, [0x2219, [0x2203, [0x2149, [0x212a, nil]]]]]
0x221aS0x23c7S0x23a	[0x2359, [0x2219, nil]]
0x221cS0x23c7S0x23a	[0x2359, [0x2219, nil]]
0x221fS0x23c7S0x23a	[0x2359, [0x2219, nil]]
0x2223S0x23c7S0x23a	[0x2359, [0x2219, nil]]
0x2213S0x2219S0x23c7S0x23a	[0x2359, [0x2219, [0x2203, nil]]]
0x220eS0x2219S0x23c7S0x23a	[0x2359, [0x2219, [0x2203, nil]]]
0x220fS0x2219S0x23c7S0x23a	[0x2359, [0x2219, [0x2203, nil]]]
0x2204S0x2219S0x23c7S0x23a	[0x2359, [0x2219, [0x2203, nil]]]
0x2208S0x2219S0x23c7S0x23a	[0x2359, [0x2219, [0x2203, nil]]]
0x214aS0x2203S0x2219S0x23c7S0x23a	[0x2359, [0x2219, [0x2203, [0x2149, nil]]]]
0x214bS0x2203S0x2219S0x23c7S0x23a	[0x2359, [0x2219, [0x2203, [0x2149, nil]]]]
0x214fS0x2203S0x2219S0x23c7S0x23a	[0x2359, [0x2219, [0x2203, [0x2149, nil]]]]
0x212bS0x2149S0x2203S0x2219S0x23c7S0x23a	[0x2359, [0x2219, [0x2203, [0x2149, [0x212a, nil]]]]]
0x212cS0x2149S0x2203S0x2219S0x23c7S0x23a	[0x2359, [0x2219, [0x2203, [0x2149, [0x212a, nil]]]]]
0x2142S0x2149S0x2203S0x2219S0x23c7S0x23a	[0x2359, [0x2219, [0x2203, [0x2149, [0x212a, nil]]]]]
0x221aS0x23d8S0x23a	[0x2359, [0x2219, nil]]
0x221cS0x23d8S0x23a	[0x2359, [0x2219, nil]]
0x221fS0x23d8S0x23a	[0x2359, [0x2219, nil]]
0x2223S0x23d8S0x23a	[0x2359, [0x2219, nil]]
0x2213S0x2219S0x23d8S0x23a	[0x2359, [0x2219, [0x2203, nil]]]
0x220eS0x2219S0x23d8S0x23a	[0x2359, [0x2219, [0x2203, nil]]]
0x220fS0x2219S0x23d8S0x23a	[0x2359, [0x2219, [0x2203, nil]]]
0x2204S0x2219S0x23d8S0x23a	[0x2359, [0x2219, [0x2203, nil]]]
0x2208S0x2219S0x23d8S0x23a	[0x2359, [0x2219, [0x2203, nil]]]
0x214aS0x2203S0x2219S0x23d8S0x23a	[0x2359, [0x2219, [0x2203, [0x2149, nil]]]]
0x214bS0x2203S0x2219S0x23d8S0x23a	[0x2359, [0x2219, [0x2203, [0x2149, nil]]]]
0x214fS0x2203S0x2219S0x23d8S0x23a	[0x2359, [0x2219, [0x2203, [0x2149, nil]]]]
0x212bS0x2149S0x2203S0x2219S0x23d8S0x23a	[0x2359, [0x2219, [0x2203, [0x2149, [0x212a, nil]]]]]
0x212cS0x2149S0x2203S0x2219S0x23d8S0x23a	[0x2359, [0x2219, [0x2203, [0x2149, [0x212a, nil]]]]]
0x2142S0x2149S0x2203S0x2219S0x23d8S0x23a	[0x2359, [0x2219, [0x2203, [0x2149, [0x212a, nil]]]]]
0x242bS0x26b	[0x242a, nil]
0x242cS0x26b	[0x242a, nil]
0x242fS0x26b	[0x242a, nil]
0x2432S0x26b	[0x242a, nil]
0x2435S0x26b	[0x242a, nil]
0x2437S0x26b	[0x242a, nil]
0x2439S0x26b	[0x242a, nil]
0x241cS0x26b	[0x242a, nil]
0x2420S0x26b	[0x242a, nil]
0x240bS0x241bS0x26b	[0x242a, [0x240a, nil]]
0x240cS0x241bS0x26b	[0x242a, [0x240a, nil]]
0x2410S0x241bS0x26b	[0x242a, [0x240a, nil]]
0x21adS0x240aS0x241bS0x26b	[0x242a, [0x240a, [0x21ac, nil]]]
0x21aeS0x240aS0x241bS0x26b	[0x242a, [0x240a, [0x21ac, nil]]]
0x21b2S0x240aS0x241bS0x26b	[0x242a, [0x240a, [0x21ac, nil]]]
0x21a1S0x21acS0x240aS0x241bS0x26b	[0x242a, [0x240a, [0x21ac, [0x218b, nil]]]]
0x219cS0x21acS0x240aS0x241bS0x26b	[0x242a, [0x240a, [0x21ac, [0x218b, nil]]]]
0x218cS0x21acS0x240aS0x241bS0x26b	[0x242a, [0x240a, [0x21ac, [0x218b, nil]]]]
0x218dS0x21acS0x240aS0x241bS0x26b	[0x242a, [0x240a, [0x21ac, [0x218b, nil]]]]
0x2190S0x21acS0x240aS0x241bS0x26b	[0x242a, [0x240a, [0x21ac, [0x218b, nil]]]]
0x2193S0x21acS0x240aS0x241bS0x26b	[0x242a, [0x240a, [0x21ac, [0x218b, nil]]]]
0x2197S0x21acS0x240aS0x241bS0x26b	[0x242a, [0x240a, [0x21ac, [0x218b, nil]]]]
0x212bS0x21a0S0x21acS0x240aS0x241bS0x26b	[0x242a, [0x240a, [0x21ac, [0x218b, [0x212a, nil]]]]]
0x212cS0x21a0S0x21acS0x240aS0x241bS0x26b	[0x242a, [0x240a, [0x21ac, [0x218b, [0x212a, nil]]]]]
0x2142S0x21a0S0x21acS0x240aS0x241bS0x26b	[0x242a, [0x240a, [0x21ac, [0x218b, [0x212a, nil]]]]]
0x2183S0x219bS0x21acS0x240aS0x241bS0x26b	[0x242a, [0x240a, [0x21ac, [0x218b, [0x2182, nil]]]]]
0x212bS0x218bS0x21acS0x240aS0x241bS0x26b	[0x242a, [0x240a, [0x21ac, [0x218b, [0x212a, nil]]]]]
0x212cS0x218bS0x21acS0x240aS0x241bS0x26b	[0x242a, [0x240a, [0x21ac, [0x218b, [0x212a, nil]]]]]
0x2142S0x218bS0x21acS0x240aS0x241bS0x26b	[0x242a, [0x240a, [0x21ac, [0x218b, [0x212a, nil]]]]]
0x25c5S0x49f	[0x25c4, nil]
0x25c6S0x49f	[0x25c4, nil]
0x25caS0x49f	[0x25c4, nil]
0x25cdS0x49f	[0x25c4, nil]
0x25d0S0x49f	[0x25c4, nil]
0x25d2S0x49f	[0x25c4, nil]
0x25d4S0x49f	[0x25c4, nil]
0x253bS0x25c4S0x49f	[0x25c4, [0x2524, nil]]
0x253eS0x25c4S0x49f	[0x25c4, [0x2524, nil]]
0x253fS0x25c4S0x49f	[0x25c4, [0x2524, nil]]
0x2540S0x25c4S0x49f	[0x25c4, [0x2524, nil]]
0x2543S0x25c4S0x49f	[0x25c4, [0x2524, nil]]
0x2546S0x25c4S0x49f	[0x25c4, [0x2524, nil]]
0x2548S0x25c4S0x49f	[0x25c4, [0x2524, nil]]
0x254eS0x25c4S0x49f	[0x25c4, [0x2524, nil]]
0x2551S0x25c4S0x49f	[0x25c4, [0x2524, nil]]
0x2552S0x25c4S0x49f	[0x25c4, [0x2524, nil]]
0x2553S0x25c4S0x49f	[0x25c4, [0x2524, nil]]
0x2556S0x25c4S0x49f	[0x25c4, [0x2524, nil]]
0x2559S0x25c4S0x49f	[0x25c4, [0x2524, nil]]
0x255bS0x25c4S0x49f	[0x25c4, [0x2524, nil]]
0x2561S0x25c4S0x49f	[0x25c4, [0x2524, nil]]
0x2564S0x25c4S0x49f	[0x25c4, [0x2524, nil]]
0x2565S0x25c4S0x49f	[0x25c4, [0x2524, nil]]
0x2566S0x25c4S0x49f	[0x25c4, [0x2524, nil]]
0x2569S0x25c4S0x49f	[0x25c4, [0x2524, nil]]
0x256cS0x25c4S0x49f	[0x25c4, [0x2524, nil]]
0x256eS0x25c4S0x49f	[0x25c4, [0x2524, nil]]
0x24f8S0x25c4S0x49f	[0x25c4, [0x2524, nil]]
0x24fcS0x25c4S0x49f	[0x25c4, [0x2524, nil]]
0x2574S0x25c4S0x49f	[0x25c4, [0x2524, nil]]
0x2577S0x25c4S0x49f	[0x25c4, [0x2524, nil]]
0x2578S0x25c4S0x49f	[0x25c4, [0x2524, nil]]
0x2579S0x25c4S0x49f	[0x25c4, [0x2524, nil]]
0x257cS0x25c4S0x49f	[0x25c4, [0x2524, nil]]
0x257fS0x25c4S0x49f	[0x25c4, [0x2524, nil]]
0x2581S0x25c4S0x49f	[0x25c4, [0x2524, nil]]
0x2587S0x25c4S0x49f	[0x25c4, [0x2524, nil]]
0x258aS0x25c4S0x49f	[0x25c4, [0x2524, nil]]
0x258bS0x25c4S0x49f	[0x25c4, [0x2524, nil]]
0x258cS0x25c4S0x49f	[0x25c4, [0x2524, nil]]
0x258fS0x25c4S0x49f	[0x25c4, [0x2524, nil]]
0x2592S0x25c4S0x49f	[0x25c4, [0x2524, nil]]
0x2594S0x25c4S0x49f	[0x25c4, [0x2524, nil]]
0x259aS0x25c4S0x49f	[0x25c4, [0x2524, nil]]
0x259dS0x25c4S0x49f	[0x25c4, [0x2524, nil]]
0x259eS0x25c4S0x49f	[0x25c4, [0x2524, nil]]
0x259fS0x25c4S0x49f	[0x25c4, [0x2524, nil]]
0x25a2S0x25c4S0x49f	[0x25c4, [0x2524, nil]]
0x25a5S0x25c4S0x49f	[0x25c4, [0x2524, nil]]
0x25a7S0x25c4S0x49f	[0x25c4, [0x2524, nil]]
0x25adS0x25c4S0x49f	[0x25c4, [0x2524, nil]]
0x25b0S0x25c4S0x49f	[0x25c4, [0x2524, nil]]
0x25b1S0x25c4S0x49f	[0x25c4, [0x2524, nil]]
0x25b2S0x25c4S0x49f	[0x25c4, [0x2524, nil]]
0x25b5S0x25c4S0x49f	[0x25c4, [0x2524, nil]]
0x25b8S0x25c4S0x49f	[0x25c4, [0x2524, nil]]
0x25baS0x25c4S0x49f	[0x25c4, [0x2524, nil]]
0x2516S0x25c4S0x49f	[0x25c4, [0x2524, nil]]
0x251aS0x25c4S0x49f	[0x25c4, [0x2524, nil]]
0x2525S0x25c4S0x49f	[0x25c4, [0x2524, nil]]
0x2529S0x25c4S0x49f	[0x25c4, [0x2524, nil]]
0x252aS0x25c4S0x49f	[0x25c4, [0x2524, nil]]
0x252cS0x25c4S0x49f	[0x25c4, [0x2524, nil]]
0x252dS0x25c4S0x49f	[0x25c4, [0x2524, nil]]
0x252eS0x25c4S0x49f	[0x25c4, [0x2524, nil]]
0x2531S0x25c4S0x49f	[0x25c4, [0x2524, nil]]
0x2533S0x25c4S0x49f	[0x25c4, [0x2524, nil]]
0x2535S0x25c4S0x49f	[0x25c4, [0x2524, nil]]
0x2261S0x24f7S0x25c4S0x49f	[0x25c4, [0x2524, [0x2260, nil]]]
0x2262S0x24f7S0x25c4S0x49f	[0x25c4, [0x2524, [0x2260, nil]]]
0x2267S0x24f7S0x25c4S0x49f	[0x25c4, [0x2524, [0x2260, nil]]]
0x212bS0x2515S0x25c4S0x49f	[0x25c4, [0x2524, [0x212a, nil]]]
0x212cS0x2515S0x25c4S0x49f	[0x25c4, [0x2524, [0x212a, nil]]]
0x2142S0x2515S0x25c4S0x49f	[0x25c4, [0x2524, [0x212a, nil]]]
0x2507S0x2572S0x25c4S0x49f	[0x25c4, [0x2524, [0x2506, nil]]]
0x250bS0x2572S0x25c4S0x49f	[0x25c4, [0x2524, [0x2506, nil]]]
0x222eS0x2506S0x2572S0x25c4S0x49f	[0x25c4, [0x2524, [0x2506, [0x222d, nil]]]]
0x2507S0x2585S0x25c4S0x49f	[0x25c4, [0x2524, [0x2506, nil]]]
0x250bS0x2585S0x25c4S0x49f	[0x25c4, [0x2524, [0x2506, nil]]]
0x222eS0x2506S0x2585S0x25c4S0x49f	[0x25c4, [0x2524, [0x2506, [0x222d, nil]]]]
0x2507S0x2598S0x25c4S0x49f	[0x25c4, [0x2524, [0x2506, nil]]]
0x250bS0x2598S0x25c4S0x49f	[0x25c4, [0x2524, [0x2506, nil]]]
0x222eS0x2506S0x2598S0x25c4S0x49f	[0x25c4, [0x2524, [0x2506, [0x222d, nil]]]]
0x24e9S0x2539S0x25c4S0x49f	[0x25c4, [0x2524, [0x24e8, nil]]]
0x24edS0x2539S0x25c4S0x49f	[0x25c4, [0x2524, [0x24e8, nil]]]
0x214aS0x24e8S0x2539S0x25c4S0x49f	[0x25c4, [0x2524, [0x24e8, [0x2149, nil]]]]
0x214bS0x24e8S0x2539S0x25c4S0x49f	[0x25c4, [0x2524, [0x24e8, [0x2149, nil]]]]
0x214fS0x24e8S0x2539S0x25c4S0x49f	[0x25c4, [0x2524, [0x24e8, [0x2149, nil]]]]
0x212bS0x2149S0x24e8S0x2539S0x25c4S0x49f	[0x25c4, [0x2524, [0x24e8, [0x2149, [0x212a, nil]]]]]
0x212cS0x2149S0x24e8S0x2539S0x25c4S0x49f	[0x25c4, [0x2524, [0x24e8, [0x2149, [0x212a, nil]]]]]
0x2142S0x2149S0x24e8S0x2539S0x25c4S0x49f	[0x25c4, [0x2524, [0x24e8, [0x2149, [0x212a, nil]]]]]
0x24e9S0x255fS0x25c4S0x49f	[0x25c4, [0x2524, [0x24e8, nil]]]
0x24edS0x255fS0x25c4S0x49f	[0x25c4, [0x2524, [0x24e8, nil]]]
0x214aS0x24e8S0x255fS0x25c4S0x49f	[0x25c4, [0x2524, [0x24e8, [0x2149, nil]]]]
0x214bS0x24e8S0x255fS0x25c4S0x49f	[0x25c4, [0x2524, [0x24e8, [0x2149, nil]]]]
0x214fS0x24e8S0x255fS0x25c4S0x49f	[0x25c4, [0x2524, [0x24e8, [0x2149, nil]]]]
0x212bS0x2149S0x24e8S0x255fS0x25c4S0x49f	[0x25c4, [0x2524, [0x24e8, [0x2149, [0x212a, nil]]]]]
0x212cS0x2149S0x24e8S0x255fS0x25c4S0x49f	[0x25c4, [0x2524, [0x24e8, [0x2149, [0x212a, nil]]]]]
0x2142S0x2149S0x24e8S0x255fS0x25c4S0x49f	[0x25c4, [0x2524, [0x24e8, [0x2149, [0x212a, nil]]]]]
0x24e9S0x2524S0x25c4S0x49f	[0x25c4, [0x2524, [0x24e8, nil]]]
0x24edS0x2524S0x25c4S0x49f	[0x25c4, [0x2524, [0x24e8, nil]]]
0x214aS0x24e8S0x2524S0x25c4S0x49f	[0x25c4, [0x2524, [0x24e8, [0x2149, nil]]]]
0x214bS0x24e8S0x2524S0x25c4S0x49f	[0x25c4, [0x2524, [0x24e8, [0x2149, nil]]]]
0x214fS0x24e8S0x2524S0x25c4S0x49f	[0x25c4, [0x2524, [0x24e8, [0x2149, nil]]]]
0x212bS0x2149S0x24e8S0x2524S0x25c4S0x49f	[0x25c4, [0x2524, [0x24e8, [0x2149, [0x212a, nil]]]]]
0x212cS0x2149S0x24e8S0x2524S0x25c4S0x49f	[0x25c4, [0x2524, [0x24e8, [0x2149, [0x212a, nil]]]]]
0x2142S0x2149S0x24e8S0x2524S0x25c4S0x49f	[0x25c4, [0x2524, [0x24e8, [0x2149, [0x212a, nil]]]]]
0x1a9	nil
0x1e9	nil
0x24f	nil
0x277	nil
0x597	nil
0x155	nil
0x17f	nil
0x225	nil
0x45f	nil
0x626	nil
0xb81	nil
0xe5d	nil
0x18d0	nil
0x3d0	nil
0x1da0	nil
0x6c5	nil
0x8bb	nil
0x8f2	nil
0x929	nil
0x960	nil
0x997	nil
0x19c5	nil
0x1aac	nil
0x1bc0	nil
0x1fb	nil
0x753	nil
0x410	nil
0x705	nil
0xbb8	nil
0x1dd8	nil
0x49e	nil
0x5d7	nil
0x665	nil
0x190f	nil
0x19fd	nil
0xaba	nil
0xc63	nil
0xd25	nil
0xe21	nil
0xfa3	nil
0xff1	nil
0x10b3	nil
0x1101	nil
0x118b	nil
0x1308	nil
0x1356	nil
0x1418	nil
0x1466	nil
0x14f0	nil
0x166d	nil
0x16bb	nil
0x177d	nil
0x17cb	nil
0x1855	nil
0x1afa	nil
0x1c0e	nil
0x1ed3	nil
0x1fe5	nil
0x20fa	nil
0xb34	nil
0xc15	nil
0xc9f	nil
0x102d	nil
0x1392	nil
0x16f7	nil
0x1b36	nil
0x1f0f	nil
0xcd7	nil
0xd98	nil
0xdd3	nil
0xe9d	nil
0xf55	nil
0x1065	nil
0x11c3	nil
0x1202	nil
0x12ba	nil
0x13ca	nil
0x1528	nil
0x1567	nil
0x161f	nil
0x172f	nil
0x188d	nil
0x1940	nil
0x197e	nil
0x1a5a	nil
0x1b6e	nil
0x1c9c	nil
0x1cd4	nil
0x1d0b	nil
0x1d49	nil
0x1e35	nil
0x1e85	nil
0x1f97	nil
0x2072	nil
0x1f47	nil
0x20aa	nil
0x7c5	nil
0x83f	nil
0xa6c	nil
0xbdb	nil
0xf1b	nil
0x1280	nil
0x15e5	nil
0x1a20	nil
0x1dfb	nil
0xd5f	nil
0x113b	nil
0x14a0	nil
0x1805	nil
0x1c48	nil
0x201f	nil
0xbc7	nil
0xf07	nil
0x126c	nil
0x15d1	nil
0x1a0c	nil
0x1de7	nil
0x1c6	nil
0xe9c6	nil
0xe9ca	nil
0xe9cd	nil
0xe9d0	nil
0xe9d3	nil
0xe9d6	nil
0xe9d9	nil
0xe9dc	nil
0xe9df	nil
0x4c	nil
0x7d	nil
0x148	nil
0x172	nil
0x19c	nil
0x218	nil
0x254	nil
0x26a	nil
0x298	nil
0x2b0	nil
0x2c8	nil
0x7ff	nil
0x871	nil
0xbe6	nil
0xf26	nil
0x128b	nil
0x15f0	nil
0x1a2b	nil
0x1d19	nil
0x1e06	nil
0x2111	nil
0x2129	nil
0xc	nil
0x1c	nil
0x83	nil
0xd2	nil
0x12b	nil
0x13c	nil
0x166	nil
0x190	nil
0x1ba	nil
0x1d0	nil
0x20c	nil
0x236	nil
0x25e	nil
0x3e5	nil
0x473	nil
0x5ac	nil
0x63a	nil
0x6da	nil
0x767	nil
0x775	nil
0x78d	nil
0x7df	nil
0x80e	nil
0x9d4	nil
0xa0a	nil
0xa40	nil
0xb98	nil
0xbc0	nil
0xbd3	nil
0xbe1	nil
0xda7	nil
0xe6e	nil
0xee7	nil
0xef8	nil
0xf00	nil
0xf13	nil
0xf21	nil
0x11d3	nil
0x124c	nil
0x125d	nil
0x1265	nil
0x1278	nil
0x1286	nil
0x1538	nil
0x15b1	nil
0x15c2	nil
0x15ca	nil
0x15dd	nil
0x15eb	nil
0x18e4	nil
0x194f	nil
0x19dd	nil
0x1a05	nil
0x1a18	nil
0x1a26	nil
0x1db8	nil
0x1de0	nil
0x1df3	nil
0x1e01	nil
0xe9b6	nil
0xe9b8	nil
0xe9ba	nil
0xe9bc	nil
0xe9be	nil
0xe9c0	nil
0xe9c2	nil
0xe9c4	nil
0x859	nil
0x8fb	nil
0x932	nil
0x969	nil
0x9a0	nil
0xa75	nil
0xb3d	nil
0xc1e	nil
0xce0	nil
0xda1	nil
0xddc	nil
0xea6	nil
0xf5e	nil
0x106e	nil
0x11cc	nil
0x120b	nil
0x12c3	nil
0x13d3	nil
0x1531	nil
0x1570	nil
0x1628	nil
0x1738	nil
0x1896	nil
0x1949	nil
0x1987	nil
0x1a63	nil
0x1b77	nil
0x1cdd	nil
0x1d14	nil
0x1d52	nil
0x1e3e	nil
0x1f50	nil
0x20b3	nil
0x8c4	nil
0xac3	nil
0xc6c	nil
0xd2e	nil
0xe2a	nil
0xfac	nil
0xffa	nil
0x10bc	nil
0x110a	nil
0x1194	nil
0x1311	nil
0x135f	nil
0x1421	nil
0x146f	nil
0x14f9	nil
0x1676	nil
0x16c4	nil
0x1786	nil
0x17d4	nil
0x185e	nil
0x1ab5	nil
0x1b03	nil
0x1bc9	nil
0x1c17	nil
0x1ca5	nil
0x1e8e	nil
0x1edc	nil
0x1fa0	nil
0x1fee	nil
0x207b	nil
0x2103	nil
0xdb	nil
0x134	nil
0x1c8	nil
0x256	nil
0x15e	nil
0x188	nil
0x1b2	nil
0x204	nil
0x22e	nil
0x280	nil
0xd9	nil
0x132	nil
0x13f	nil
0x169	nil
0x193	nil
0x1bd	nil
0x1d3	nil
0x20f	nil
0x239	nil
0x261	nil
0x3ec	nil
0x47a	nil
0x5b3	nil
0x641	nil
0x6e1	nil
0x76a	nil
0x77c	nil
0x848	nil
0xaf4	nil
0xca8	nil
0xd68	nil
0xe66	nil
0xeea	nil
0x1036	nil
0x1144	nil
0x124f	nil
0x139b	nil
0x14a9	nil
0x15b4	nil
0x1700	nil
0x180e	nil
0x18eb	nil
0x1b3f	nil
0x1c51	nil
0x1f18	nil
0x2028	nil
0x3c3	nil
0x403	nil
0x453	nil
0x491	nil
0x4dc	nil
0x4f6	nil
0x526	nil
0x531	nil
0x54d	nil
0x553	nil
0x559	nil
0x55f	nil
0x57b	nil
0x58b	nil
0x5ca	nil
0x61a	nil
0x658	nil
0x6b8	nil
0x6f8	nil
0x747	nil
0x7f1	nil
0x7f4	nil
0x834	nil
0xae9	nil
0xb75	nil
0xbab	nil
0xc93	nil
0xd54	nil
0xe51	nil
0xed1	nil
0x1021	nil
0x1130	nil
0x1236	nil
0x1386	nil
0x1495	nil
0x159b	nil
0x16eb	nil
0x17fa	nil
0x18c4	nil
0x1902	nil
0x19b6	nil
0x19f0	nil
0x1b2a	nil
0x1c3d	nil
0x1d93	nil
0x1dcb	nil
0x1f03	nil
0x2014	nil
0xd6	nil
0x12f	nil
0x3e9	nil
0x477	nil
0x5b0	nil
0x63e	nil
0x6de	nil
0x779	nil
0x7fb	nil
0x18e8	nil
0x2b1eS0xbc1	[0x2b06, nil]
0x2b15S0xbc1	[0x2b06, nil]
0x2b10S0xbc1	[0x2b06, nil]
0x2b24S0xbc1	[0x2b06, nil]
0x2b05S0xbc1	[0x2b06, nil]
0x2b1eS0xf01	[0x2b06, nil]
0x2b15S0xf01	[0x2b06, nil]
0x2b10S0xf01	[0x2b06, nil]
0x2b24S0xf01	[0x2b06, nil]
0x2b05S0xf01	[0x2b06, nil]
0x2b1eS0x1266	[0x2b06, nil]
0x2b15S0x1266	[0x2b06, nil]
0x2b10S0x1266	[0x2b06, nil]
0x2b24S0x1266	[0x2b06, nil]
0x2b05S0x1266	[0x2b06, nil]
0x2b1eS0x15cb	[0x2b06, nil]
0x2b15S0x15cb	[0x2b06, nil]
0x2b10S0x15cb	[0x2b06, nil]
0x2b24S0x15cb	[0x2b06, nil]
0x2b05S0x15cb	[0x2b06, nil]
0x2b1eS0x1a06	[0x2b06, nil]
0x2b15S0x1a06	[0x2b06, nil]
0x2b10S0x1a06	[0x2b06, nil]
0x2b24S0x1a06	[0x2b06, nil]
0x2b05S0x1a06	[0x2b06, nil]
0x2b1eS0x1de1	[0x2b06, nil]
0x2b15S0x1de1	[0x2b06, nil]
0x2b10S0x1de1	[0x2b06, nil]
0x2b24S0x1de1	[0x2b06, nil]
0x2b05S0x1de1	[0x2b06, nil]
0x32bS0x1be	[0x2c9, nil]
0x332S0x1be	[0x2c9, nil]
0x32fS0x1be	[0x2c9, nil]
0x37bS0x1be	[0x2c9, nil]
0x378S0x1be	[0x2c9, nil]
0x2dcS0x1be	[0x2c9, nil]
0x374S0x1be	[0x2c9, nil]
0x338S0x1be	[0x2c9, nil]
0x380S0x1be	[0x2c9, nil]
0x26d4S0x78e	[0x26cb, nil]
0x26c0S0x78e	[0x26cb, nil]
0x26a7S0x78e	[0x26cb, nil]
0x26caS0x78e	[0x26cb, nil]
0x26deS0x78e	[0x26cb, nil]
0x26b5S0x78e	[0x26cb, nil]
0x26aaS0x26b6S0x78e	[0x26cb, [0x26a8, nil]]
0x274fS0x80f	[0x2739, nil]
0x2747S0x80f	[0x2739, nil]
0x272dS0x80f	[0x2739, nil]
0x2738S0x80f	[0x2739, nil]
0x2716S0x80f	[0x2739, nil]
0x2714S0x80f	[0x2739, nil]
0x2756S0x80f	[0x2739, nil]
0x2722S0x80f	[0x2739, nil]
0x26eeS0x2717S0x80f	[0x2739, [0x26df, nil]]
0x26e3S0x2717S0x80f	[0x2739, [0x26df, nil]]
0x2a0eS0xa41	[0x29f8, nil]
0x2a06S0xa41	[0x29f8, nil]
0x29a2S0xa41	[0x29f8, nil]
0x29adS0xa41	[0x29f8, nil]
0x298bS0xa41	[0x29f8, nil]
0x2989S0xa41	[0x29f8, nil]
0x29ecS0xa41	[0x29f8, nil]
0x29f7S0xa41	[0x29f8, nil]
0x29d5S0xa41	[0x29f8, nil]
0x29d3S0xa41	[0x29f8, nil]
0x2a21S0xa41	[0x29f8, nil]
0x2a19S0xa41	[0x29f8, nil]
0x2997S0xa41	[0x29f8, nil]
0x2a28S0xa41	[0x29f8, nil]
0x29e1S0xa41	[0x29f8, nil]
0x26eeS0x298cS0xa41	[0x29f8, [0x26df, nil]]
0x26e3S0x298cS0xa41	[0x29f8, [0x26df, nil]]
0x26eeS0x29d6S0xa41	[0x29f8, [0x26df, nil]]
0x26e3S0x29d6S0xa41	[0x29f8, [0x26df, nil]]
0x2e04S0xd26	[0x2dee, nil]
0x2dfcS0xd26	[0x2dee, nil]
0x2de2S0xd26	[0x2dee, nil]
0x2dedS0xd26	[0x2dee, nil]
0x2dcbS0xd26	[0x2dee, nil]
0x2dc9S0xd26	[0x2dee, nil]
0x2e0bS0xd26	[0x2dee, nil]
0x2dd7S0xd26	[0x2dee, nil]
0x26eeS0x2dccS0xd26	[0x2dee, [0x26df, nil]]
0x26e3S0x2dccS0xd26	[0x2dee, [0x26df, nil]]
0x3037S0x1102	[0x3021, nil]
0x302fS0x1102	[0x3021, nil]
0x3015S0x1102	[0x3021, nil]
0x3020S0x1102	[0x3021, nil]
0x2ffeS0x1102	[0x3021, nil]
0x2ffcS0x1102	[0x3021, nil]
0x303eS0x1102	[0x3021, nil]
0x300aS0x1102	[0x3021, nil]
0x26eeS0x2fffS0x1102	[0x3021, [0x26df, nil]]
0x26e3S0x2fffS0x1102	[0x3021, [0x26df, nil]]
0x3215S0x1467	[0x31ff, nil]
0x320dS0x1467	[0x31ff, nil]
0x31f3S0x1467	[0x31ff, nil]
0x31feS0x1467	[0x31ff, nil]
0x31dcS0x1467	[0x31ff, nil]
0x31b4S0x1467	[0x31ff, nil]
0x31daS0x1467	[0x31ff, nil]
0x321cS0x1467	[0x31ff, nil]
0x31e8S0x1467	[0x31ff, nil]
0x26eeS0x31ddS0x1467	[0x31ff, [0x26df, nil]]
0x26e3S0x31ddS0x1467	[0x31ff, [0x26df, nil]]
0x33f3S0x17cc	[0x33dd, nil]
0x33ebS0x17cc	[0x33dd, nil]
0x33d1S0x17cc	[0x33dd, nil]
0x33dcS0x17cc	[0x33dd, nil]
0x33baS0x17cc	[0x33dd, nil]
0x3392S0x17cc	[0x33dd, nil]
0x33b8S0x17cc	[0x33dd, nil]
0x33faS0x17cc	[0x33dd, nil]
0x33c6S0x17cc	[0x33dd, nil]
0x26eeS0x33bbS0x17cc	[0x33dd, [0x26df, nil]]
0x26e3S0x33bbS0x17cc	[0x33dd, [0x26df, nil]]
0x36a8S0x1c0f	[0x3692, nil]
0x36a0S0x1c0f	[0x3692, nil]
0x3686S0x1c0f	[0x3692, nil]
0x3691S0x1c0f	[0x3692, nil]
0x366fS0x1c0f	[0x3692, nil]
0x366dS0x1c0f	[0x3692, nil]
0x36afS0x1c0f	[0x3692, nil]
0x367bS0x1c0f	[0x3692, nil]
0x26eeS0x3670S0x1c0f	[0x3692, [0x26df, nil]]
0x26e3S0x3670S0x1c0f	[0x3692, [0x26df, nil]]
0x3958S0x1fe6	[0x3942, nil]
0x3950S0x1fe6	[0x3942, nil]
0x3936S0x1fe6	[0x3942, nil]
0x3941S0x1fe6	[0x3942, nil]
0x391fS0x1fe6	[0x3942, nil]
0x38f7S0x1fe6	[0x3942, nil]
0x391dS0x1fe6	[0x3942, nil]
0x395fS0x1fe6	[0x3942, nil]
0x392bS0x1fe6	[0x3942, nil]
0x26eeS0x3920S0x1fe6	[0x3942, [0x26df, nil]]
0x26e3S0x3920S0x1fe6	[0x3942, [0x26df, nil]]
0x2b88S0xbd4	[0x2b93, nil]
0x2ba3S0xbd4	[0x2b93, nil]
0x2b9cS0xbd4	[0x2b93, nil]
0x2b81S0xbd4	[0x2b93, nil]
0x2b92S0xbd4	[0x2b93, nil]
0x2b8eS0xbd4	[0x2b93, nil]
0x2b61S0xbd4	[0x2b93, nil]
0x2b58S0xbd4	[0x2b93, nil]
0x2b5dS0xbd4	[0x2b93, nil]
0xe94eS0xbd4	[0x2b93, nil]
0x2bc5S0xbd4	[0x2b93, nil]
0x2bacS0xbd4	[0x2b93, nil]
0x21feS0xbd4	[0x2b93, nil]
0x2be1S0xbd4	[0x2b93, nil]
0xe970S0xbd4	[0x2b93, nil]
0x2bfdS0xbd4	[0x2b93, nil]
0xe992S0xbd4	[0x2b93, nil]
0x2c15S0xbd4	[0x2b93, nil]
0xe9b4S0xbd4	[0x2b93, nil]
0x2b6aS0xbd4	[0x2b93, nil]
0x2bcbS0xbd4	[0x2b93, nil]
0x2be9S0xbd4	[0x2b93, nil]
0x2c06S0xbd4	[0x2b93, nil]
0x2c21S0xbd4	[0x2b93, nil]
0x2b34S0x2b62S0xbd4	[0x2b93, [0x2b25, nil]]
0x2b88S0xf14	[0x2b93, nil]
0x2ba3S0xf14	[0x2b93, nil]
0x2b9cS0xf14	[0x2b93, nil]
0x2b81S0xf14	[0x2b93, nil]
0x2b92S0xf14	[0x2b93, nil]
0x2b8eS0xf14	[0x2b93, nil]
0x2b61S0xf14	[0x2b93, nil]
0x2b58S0xf14	[0x2b93, nil]
0x2b5dS0xf14	[0x2b93, nil]
0xe94eS0xf14	[0x2b93, nil]
0x2bc5S0xf14	[0x2b93, nil]
0x2bacS0xf14	[0x2b93, nil]
0x21feS0xf14	[0x2b93, nil]
0x2be1S0xf14	[0x2b93, nil]
0xe970S0xf14	[0x2b93, nil]
0x2bfdS0xf14	[0x2b93, nil]
0xe992S0xf14	[0x2b93, nil]
0x2c15S0xf14	[0x2b93, nil]
0xe9b4S0xf14	[0x2b93, nil]
0x2b6aS0xf14	[0x2b93, nil]
0x2bcbS0xf14	[0x2b93, nil]
0x2be9S0xf14	[0x2b93, nil]
0x2c06S0xf14	[0x2b93, nil]
0x2c21S0xf14	[0x2b93, nil]
0x2b34S0x2b62S0xf14	[0x2b93, [0x2b25, nil]]
0x2b88S0x1279	[0x2b93, nil]
0x2ba3S0x1279	[0x2b93, nil]
0x2b9cS0x1279	[0x2b93, nil]
0x2b81S0x1279	[0x2b93, nil]
0x2b92S0x1279	[0x2b93, nil]
0x2b8eS0x1279	[0x2b93, nil]
0x2b61S0x1279	[0x2b93, nil]
0x2b58S0x1279	[0x2b93, nil]
0x2b5dS0x1279	[0x2b93, nil]
0xe94eS0x1279	[0x2b93, nil]
0x2bc5S0x1279	[0x2b93, nil]
0x2bacS0x1279	[0x2b93, nil]
0x21feS0x1279	[0x2b93, nil]
0x2be1S0x1279	[0x2b93, nil]
0xe970S0x1279	[0x2b93, nil]
0x2bfdS0x1279	[0x2b93, nil]
0xe992S0x1279	[0x2b93, nil]
0x2c15S0x1279	[0x2b93, nil]
0xe9b4S0x1279	[0x2b93, nil]
0x2b6aS0x1279	[0x2b93, nil]
0x2bcbS0x1279	[0x2b93, nil]
0x2be9S0x1279	[0x2b93, nil]
0x2c06S0x1279	[0x2b93, nil]
0x2c21S0x1279	[0x2b93, nil]
0x2b34S0x2b62S0x1279	[0x2b93, [0x2b25, nil]]
0x2b88S0x15de	[0x2b93, nil]
0x2ba3S0x15de	[0x2b93, nil]
0x2b9cS0x15de	[0x2b93, nil]
0x2b81S0x15de	[0x2b93, nil]
0x2b92S0x15de	[0x2b93, nil]
0x2b8eS0x15de	[0x2b93, nil]
0x2b61S0x15de	[0x2b93, nil]
0x2b58S0x15de	[0x2b93, nil]
0x2b5dS0x15de	[0x2b93, nil]
0xe94eS0x15de	[0x2b93, nil]
0x2bc5S0x15de	[0x2b93, nil]
0x2bacS0x15de	[0x2b93, nil]
0x21feS0x15de	[0x2b93, nil]
0x2be1S0x15de	[0x2b93, nil]
0xe970S0x15de	[0x2b93, nil]
0x2bfdS0x15de	[0x2b93, nil]
0xe992S0x15de	[0x2b93, nil]
0x2c15S0x15de	[0x2b93, nil]
0xe9b4S0x15de	[0x2b93, nil]
0x2b6aS0x15de	[0x2b93, nil]
0x2bcbS0x15de	[0x2b93, nil]
0x2be9S0x15de	[0x2b93, nil]
0x2c06S0x15de	[0x2b93, nil]
0x2c21S0x15de	[0x2b93, nil]
0x2b34S0x2b62S0x15de	[0x2b93, [0x2b25, nil]]
0x2b88S0x1a19	[0x2b93, nil]
0x2ba3S0x1a19	[0x2b93, nil]
0x2b9cS0x1a19	[0x2b93, nil]
0x2b81S0x1a19	[0x2b93, nil]
0x2b92S0x1a19	[0x2b93, nil]
0x2b8eS0x1a19	[0x2b93, nil]
0x2b61S0x1a19	[0x2b93, nil]
0x2b58S0x1a19	[0x2b93, nil]
0x2b5dS0x1a19	[0x2b93, nil]
0xe94eS0x1a19	[0x2b93, nil]
0x2bc5S0x1a19	[0x2b93, nil]
0x2bacS0x1a19	[0x2b93, nil]
0x21feS0x1a19	[0x2b93, nil]
0x2be1S0x1a19	[0x2b93, nil]
0xe970S0x1a19	[0x2b93, nil]
0x2bfdS0x1a19	[0x2b93, nil]
0xe992S0x1a19	[0x2b93, nil]
0x2c15S0x1a19	[0x2b93, nil]
0xe9b4S0x1a19	[0x2b93, nil]
0x2b6aS0x1a19	[0x2b93, nil]
0x2bcbS0x1a19	[0x2b93, nil]
0x2be9S0x1a19	[0x2b93, nil]
0x2c06S0x1a19	[0x2b93, nil]
0x2c21S0x1a19	[0x2b93, nil]
0x2b34S0x2b62S0x1a19	[0x2b93, [0x2b25, nil]]
0x2b88S0x1df4	[0x2b93, nil]
0x2ba3S0x1df4	[0x2b93, nil]
0x2b9cS0x1df4	[0x2b93, nil]
0x2b81S0x1df4	[0x2b93, nil]
0x2b92S0x1df4	[0x2b93, nil]
0x2b8eS0x1df4	[0x2b93, nil]
0x2b61S0x1df4	[0x2b93, nil]
0x2b58S0x1df4	[0x2b93, nil]
0x2b5dS0x1df4	[0x2b93, nil]
0xe94eS0x1df4	[0x2b93, nil]
0x2bc5S0x1df4	[0x2b93, nil]
0x2bacS0x1df4	[0x2b93, nil]
0x21feS0x1df4	[0x2b93, nil]
0x2be1S0x1df4	[0x2b93, nil]
0xe970S0x1df4	[0x2b93, nil]
0x2bfdS0x1df4	[0x2b93, nil]
0xe992S0x1df4	[0x2b93, nil]
0x2c15S0x1df4	[0x2b93, nil]
0xe9b4S0x1df4	[0x2b93, nil]
0x2b6aS0x1df4	[0x2b93, nil]
0x2bcbS0x1df4	[0x2b93, nil]
0x2be9S0x1df4	[0x2b93, nil]
0x2c06S0x1df4	[0x2b93, nil]
0x2c21S0x1df4	[0x2b93, nil]
0x2b34S0x2b62S0x1df4	[0x2b93, [0x2b25, nil]]
0x2e98S0xda8	[0x2e82, nil]
0x2e90S0xda8	[0x2e82, nil]
0x2e76S0xda8	[0x2e82, nil]
0x2e81S0xda8	[0x2e82, nil]
0x2e5fS0xda8	[0x2e82, nil]
0x2e5dS0xda8	[0x2e82, nil]
0x2eabS0xda8	[0x2e82, nil]
0x2ea3S0xda8	[0x2e82, nil]
0x2eb2S0xda8	[0x2e82, nil]
0x2e6bS0xda8	[0x2e82, nil]
0x26eeS0x2e60S0xda8	[0x2e82, [0x26df, nil]]
0x26e3S0x2e60S0xda8	[0x2e82, [0x26df, nil]]
0x2c60S0x2e82S0xda8	[0x2e82, [0x2c4a, nil]]
0x2c6bS0x2e82S0xda8	[0x2e82, [0x2c4a, nil]]
0x2c49S0x2e82S0xda8	[0x2e82, [0x2c4a, nil]]
0x2c47S0x2e82S0xda8	[0x2e82, [0x2c4a, nil]]
0x2c55S0x2e82S0xda8	[0x2e82, [0x2c4a, nil]]
0x26eeS0x2c4aS0x2e82S0xda8	[0x2e82, [0x2c4a, [0x26df, nil]]]
0x26e3S0x2c4aS0x2e82S0xda8	[0x2e82, [0x2c4a, [0x26df, nil]]]
0x2f13S0xe6f	[0x2efd, nil]
0x2f0bS0xe6f	[0x2efd, nil]
0x2ef1S0xe6f	[0x2efd, nil]
0x2efcS0xe6f	[0x2efd, nil]
0x2edaS0xe6f	[0x2efd, nil]
0x2ed8S0xe6f	[0x2efd, nil]
0x2f22S0xe6f	[0x2efd, nil]
0x2ee6S0xe6f	[0x2efd, nil]
0x2f28S0xe6f	[0x2efd, nil]
0x26eeS0x2edbS0xe6f	[0x2efd, [0x26df, nil]]
0x26e3S0x2edbS0xe6f	[0x2efd, [0x26df, nil]]
0x2a37S0x2f14S0xe6f	[0x2efd, [0x2a29, nil]]
0x2a34S0x2f14S0xe6f	[0x2efd, [0x2a29, nil]]
0x2a31S0x2f14S0xe6f	[0x2efd, [0x2a29, nil]]
0x232eS0x2a29S0x2f14S0xe6f	[0x2efd, [0x2a29, [0x2324, nil]]]
0x30cbS0x11d4	[0x30b5, nil]
0x30c3S0x11d4	[0x30b5, nil]
0x30a9S0x11d4	[0x30b5, nil]
0x30b4S0x11d4	[0x30b5, nil]
0x3092S0x11d4	[0x30b5, nil]
0x3090S0x11d4	[0x30b5, nil]
0x30daS0x11d4	[0x30b5, nil]
0x309eS0x11d4	[0x30b5, nil]
0x30e0S0x11d4	[0x30b5, nil]
0x26eeS0x3093S0x11d4	[0x30b5, [0x26df, nil]]
0x26e3S0x3093S0x11d4	[0x30b5, [0x26df, nil]]
0x2a37S0x30ccS0x11d4	[0x30b5, [0x2a29, nil]]
0x2a34S0x30ccS0x11d4	[0x30b5, [0x2a29, nil]]
0x2a31S0x30ccS0x11d4	[0x30b5, [0x2a29, nil]]
0x232eS0x2a29S0x30ccS0x11d4	[0x30b5, [0x2a29, [0x2324, nil]]]
0x32a9S0x1539	[0x3293, nil]
0x32a1S0x1539	[0x3293, nil]
0x3287S0x1539	[0x3293, nil]
0x3292S0x1539	[0x3293, nil]
0x3270S0x1539	[0x3293, nil]
0x326eS0x1539	[0x3293, nil]
0x32b8S0x1539	[0x3293, nil]
0x327cS0x1539	[0x3293, nil]
0x32beS0x1539	[0x3293, nil]
0x26eeS0x3271S0x1539	[0x3293, [0x26df, nil]]
0x26e3S0x3271S0x1539	[0x3293, [0x26df, nil]]
0x2a37S0x32aaS0x1539	[0x3293, [0x2a29, nil]]
0x2a34S0x32aaS0x1539	[0x3293, [0x2a29, nil]]
0x2a31S0x32aaS0x1539	[0x3293, [0x2a29, nil]]
0x232eS0x2a29S0x32aaS0x1539	[0x3293, [0x2a29, [0x2324, nil]]]
0x34fdS0x1950	[0x34e7, nil]
0x34f5S0x1950	[0x34e7, nil]
0x34dbS0x1950	[0x34e7, nil]
0x34e6S0x1950	[0x34e7, nil]
0x34c4S0x1950	[0x34e7, nil]
0x34c2S0x1950	[0x34e7, nil]
0x350cS0x1950	[0x34e7, nil]
0x34d0S0x1950	[0x34e7, nil]
0x3512S0x1950	[0x34e7, nil]
0x26eeS0x34c5S0x1950	[0x34e7, [0x26df, nil]]
0x26e3S0x34c5S0x1950	[0x34e7, [0x26df, nil]]
0x2a37S0x34feS0x1950	[0x34e7, [0x2a29, nil]]
0x2a34S0x34feS0x1950	[0x34e7, [0x2a29, nil]]
0x2a31S0x34feS0x1950	[0x34e7, [0x2a29, nil]]
0x232eS0x2a29S0x34feS0x1950	[0x34e7, [0x2a29, [0x2324, nil]]]
0x231dS0x1ef	[0x230b, nil]
0x2323S0x1ef	[0x230b, nil]
0x230aS0x230bS0x1ef	[0x230b, [0x22fc, nil]]
0x2307S0x230bS0x1ef	[0x230b, [0x22fc, nil]]
0x2304S0x230bS0x1ef	[0x230b, [0x22fc, nil]]
0x2235S0x22fcS0x230bS0x1ef	[0x230b, [0x22fc, [0x222d, nil]]]
0x2491S0x3ed	[0x247e, nil]
0x248aS0x3ed	[0x247e, nil]
0x249fS0x3ed	[0x247e, nil]
0x73dbS0x3ed	[0x247e, nil]
0x24a8S0x3ed	[0x247e, nil]
0x2477S0x2493S0x3ed	[0x247e, [0x246a, nil]]
0x247dS0x2493S0x3ed	[0x247e, [0x246a, nil]]
0x2341S0x246aB0x2493S0x3ed	[0x247e, [0x232f, nil]]
0x233eS0x246aB0x2493S0x3ed	[0x247e, [0x232f, nil]]
0x2344S0x246aB0x2493S0x3ed	[0x247e, [0x232f, nil]]
0x2337S0x246aB0x2493S0x3ed	[0x247e, [0x232f, nil]]
0x232eS0x232fS0x246aB0x2493S0x3ed	[0x247e, [0x232f, [0x2324, nil]]]
0x24d0S0x47b	[0x24bd, nil]
0x24c9S0x47b	[0x24bd, nil]
0x24deS0x47b	[0x24bd, nil]
0x73feS0x47b	[0x24bd, nil]
0x24e7S0x47b	[0x24bd, nil]
0x24b6S0x24d2S0x47b	[0x24bd, [0x24a9, nil]]
0x24bcS0x24d2S0x47b	[0x24bd, [0x24a9, nil]]
0x2248S0x24a9B0x24d2S0x47b	[0x24bd, [0x2236, nil]]
0x2245S0x24a9B0x24d2S0x47b	[0x24bd, [0x2236, nil]]
0x224bS0x24a9B0x24d2S0x47b	[0x24bd, [0x2236, nil]]
0x223eS0x24a9B0x24d2S0x47b	[0x24bd, [0x2236, nil]]
0x2235S0x2236S0x24a9B0x24d2S0x47b	[0x24bd, [0x2236, [0x222d, nil]]]
0x24d0S0x5b4	[0x24bd, nil]
0x24c9S0x5b4	[0x24bd, nil]
0x24deS0x5b4	[0x24bd, nil]
0x73feS0x5b4	[0x24bd, nil]
0x24e7S0x5b4	[0x24bd, nil]
0x24b6S0x24d2S0x5b4	[0x24bd, [0x24a9, nil]]
0x24bcS0x24d2S0x5b4	[0x24bd, [0x24a9, nil]]
0x2248S0x24a9B0x24d2S0x5b4	[0x24bd, [0x2236, nil]]
0x2245S0x24a9B0x24d2S0x5b4	[0x24bd, [0x2236, nil]]
0x224bS0x24a9B0x24d2S0x5b4	[0x24bd, [0x2236, nil]]
0x223eS0x24a9B0x24d2S0x5b4	[0x24bd, [0x2236, nil]]
0x2235S0x2236S0x24a9B0x24d2S0x5b4	[0x24bd, [0x2236, [0x222d, nil]]]
0x24d0S0x642	[0x24bd, nil]
0x24c9S0x642	[0x24bd, nil]
0x24deS0x642	[0x24bd, nil]
0x73feS0x642	[0x24bd, nil]
0x24e7S0x642	[0x24bd, nil]
0x24b6S0x24d2S0x642	[0x24bd, [0x24a9, nil]]
0x24bcS0x24d2S0x642	[0x24bd, [0x24a9, nil]]
0x2248S0x24a9B0x24d2S0x642	[0x24bd, [0x2236, nil]]
0x2245S0x24a9B0x24d2S0x642	[0x24bd, [0x2236, nil]]
0x224bS0x24a9B0x24d2S0x642	[0x24bd, [0x2236, nil]]
0x223eS0x24a9B0x24d2S0x642	[0x24bd, [0x2236, nil]]
0x2235S0x2236S0x24a9B0x24d2S0x642	[0x24bd, [0x2236, [0x222d, nil]]]
0x2491S0x6e2	[0x247e, nil]
0x248aS0x6e2	[0x247e, nil]
0x249fS0x6e2	[0x247e, nil]
0x73dbS0x6e2	[0x247e, nil]
0x24a8S0x6e2	[0x247e, nil]
0x2477S0x2493S0x6e2	[0x247e, [0x246a, nil]]
0x247dS0x2493S0x6e2	[0x247e, [0x246a, nil]]
0x2341S0x246aB0x2493S0x6e2	[0x247e, [0x232f, nil]]
0x233eS0x246aB0x2493S0x6e2	[0x247e, [0x232f, nil]]
0x2344S0x246aB0x2493S0x6e2	[0x247e, [0x232f, nil]]
0x2337S0x246aB0x2493S0x6e2	[0x247e, [0x232f, nil]]
0x232eS0x232fS0x246aB0x2493S0x6e2	[0x247e, [0x232f, [0x2324, nil]]]
0x231dS0x706	[0x230b, nil]
0x2323S0x706	[0x230b, nil]
0x230aS0x230bS0x706	[0x230b, [0x22fc, nil]]
0x2307S0x230bS0x706	[0x230b, [0x22fc, nil]]
0x2304S0x230bS0x706	[0x230b, [0x22fc, nil]]
0x2235S0x22fcS0x230bS0x706	[0x230b, [0x22fc, [0x222d, nil]]]
0x2a4aS0xa6d	[0x2a38, nil]
0x2a50S0xa6d	[0x2a38, nil]
0x2a37S0x2a38S0xa6d	[0x2a38, [0x2a29, nil]]
0x2a34S0x2a38S0xa6d	[0x2a38, [0x2a29, nil]]
0x2a31S0x2a38S0xa6d	[0x2a38, [0x2a29, nil]]
0x232eS0x2a29S0x2a38S0xa6d	[0x2a38, [0x2a29, [0x2324, nil]]]
0x2ae4S0xb04	[0x2ace, nil]
0x2adcS0xb04	[0x2ace, nil]
0x2ac2S0xb04	[0x2ace, nil]
0x2acdS0xb04	[0x2ace, nil]
0x2aabS0xb04	[0x2ace, nil]
0x2aa9S0xb04	[0x2ace, nil]
0x2af3S0xb04	[0x2ace, nil]
0x2ab7S0xb04	[0x2ace, nil]
0x2af9S0xb04	[0x2ace, nil]
0x26eeS0x2aacS0xb04	[0x2ace, [0x26df, nil]]
0x26e3S0x2aacS0xb04	[0x2ace, [0x26df, nil]]
0x230aS0x2ae5S0xb04	[0x2ace, [0x22fc, nil]]
0x2307S0x2ae5S0xb04	[0x2ace, [0x22fc, nil]]
0x2304S0x2ae5S0xb04	[0x2ace, [0x22fc, nil]]
0x2235S0x22fcS0x2ae5S0xb04	[0x2ace, [0x22fc, [0x222d, nil]]]
0x2e22S0xd69	[0x2e0c, nil]
0x2e1aS0xd69	[0x2e0c, nil]
0x2e31S0xd69	[0x2e0c, nil]
0x2e37S0xd69	[0x2e0c, nil]
0x2c60S0x2e0cS0xd69	[0x2e0c, [0x2c4a, nil]]
0x2c6bS0x2e0cS0xd69	[0x2e0c, [0x2c4a, nil]]
0x2c49S0x2e0cS0xd69	[0x2e0c, [0x2c4a, nil]]
0x2c47S0x2e0cS0xd69	[0x2e0c, [0x2c4a, nil]]
0x2c55S0x2e0cS0xd69	[0x2e0c, [0x2c4a, nil]]
0x26eeS0x2c4aS0x2e0cS0xd69	[0x2e0c, [0x2c4a, [0x26df, nil]]]
0x26e3S0x2c4aS0x2e0cS0xd69	[0x2e0c, [0x2c4a, [0x26df, nil]]]
0x2a37S0x2e23S0xd69	[0x2e0c, [0x2a29, nil]]
0x2a34S0x2e23S0xd69	[0x2e0c, [0x2a29, nil]]
0x2a31S0x2e23S0xd69	[0x2e0c, [0x2a29, nil]]
0x232eS0x2a29S0x2e23S0xd69	[0x2e0c, [0x2a29, [0x2324, nil]]]
0x2cecS0xbe7	[0x2cd6, nil]
0x2ce4S0xbe7	[0x2cd6, nil]
0x2d00S0xbe7	[0x2cd6, nil]
0x2cf7S0xbe7	[0x2cd6, nil]
0x2d08S0xbe7	[0x2cd6, nil]
0x2c60S0x2cd6S0xbe7	[0x2cd6, [0x2c4a, nil]]
0x2c6bS0x2cd6S0xbe7	[0x2cd6, [0x2c4a, nil]]
0x2c49S0x2cd6S0xbe7	[0x2cd6, [0x2c4a, nil]]
0x2c47S0x2cd6S0xbe7	[0x2cd6, [0x2c4a, nil]]
0x2c55S0x2cd6S0xbe7	[0x2cd6, [0x2c4a, nil]]
0x26eeS0x2c4aS0x2cd6S0xbe7	[0x2cd6, [0x2c4a, [0x26df, nil]]]
0x26e3S0x2c4aS0x2cd6S0xbe7	[0x2cd6, [0x2c4a, [0x26df, nil]]]
0x2c9dS0x2cedS0xbe7	[0x2cd6, [0x2c9e, nil]]
0x2c98S0x2cedS0xbe7	[0x2cd6, [0x2c9e, nil]]
0x2c80S0x2cedS0xbe7	[0x2cd6, [0x2c9e, nil]]
0x2cb1S0x2cedS0xbe7	[0x2cd6, [0x2c9e, nil]]
0x2c75S0x2cedS0xbe7	[0x2cd6, [0x2c9e, nil]]
0x2cc1S0x2cedS0xbe7	[0x2cd6, [0x2c9e, nil]]
0x2ccaS0x2cedS0xbe7	[0x2cd6, [0x2c9e, nil]]
0x2cd5S0x2cedS0xbe7	[0x2cd6, [0x2c9e, nil]]
0x2ca7S0x2cedS0xbe7	[0x2cd6, [0x2c9e, nil]]
0x2c92S0x2cedS0xbe7	[0x2cd6, [0x2c9e, nil]]
0x2c88S0x2cedS0xbe7	[0x2cd6, [0x2c9e, nil]]
0x26eeS0x2ca8S0x2cedS0xbe7	[0x2cd6, [0x2c9e, [0x26df, nil]]]
0x26e3S0x2ca8S0x2cedS0xbe7	[0x2cd6, [0x2c9e, [0x26df, nil]]]
0x2b34S0x2cc2S0x2cedS0xbe7	[0x2cd6, [0x2c9e, [0x2b25, nil]]]
0x2d89S0xcab	[0x2d73, nil]
0x2d81S0xcab	[0x2d73, nil]
0x2d9cS0xcab	[0x2d73, nil]
0x2d94S0xcab	[0x2d73, nil]
0x2da3S0xcab	[0x2d73, nil]
0x2c60S0x2d73S0xcab	[0x2d73, [0x2c4a, nil]]
0x2c6bS0x2d73S0xcab	[0x2d73, [0x2c4a, nil]]
0x2c49S0x2d73S0xcab	[0x2d73, [0x2c4a, nil]]
0x2c47S0x2d73S0xcab	[0x2d73, [0x2c4a, nil]]
0x2c55S0x2d73S0xcab	[0x2d73, [0x2c4a, nil]]
0x26eeS0x2c4aS0x2d73S0xcab	[0x2d73, [0x2c4a, [0x26df, nil]]]
0x26e3S0x2c4aS0x2d73S0xcab	[0x2d73, [0x2c4a, [0x26df, nil]]]
0x2d67S0x2d8aS0xcab	[0x2d73, [0x2d51, nil]]
0x2d72S0x2d8aS0xcab	[0x2d73, [0x2d51, nil]]
0x2d50S0x2d8aS0xcab	[0x2d73, [0x2d51, nil]]
0x2d4eS0x2d8aS0xcab	[0x2d73, [0x2d51, nil]]
0x2d5cS0x2d8aS0xcab	[0x2d73, [0x2d51, nil]]
0x26eeS0x2d51S0x2d8aS0xcab	[0x2d73, [0x2d51, [0x26df, nil]]]
0x26e3S0x2d51S0x2d8aS0xcab	[0x2d73, [0x2d51, [0x26df, nil]]]
0x2a4aS0xc16	[0x2a38, nil]
0x2a50S0xc16	[0x2a38, nil]
0x2a37S0x2a38S0xc16	[0x2a38, [0x2a29, nil]]
0x2a34S0x2a38S0xc16	[0x2a38, [0x2a29, nil]]
0x2a31S0x2a38S0xc16	[0x2a38, [0x2a29, nil]]
0x232eS0x2a29S0x2a38S0xc16	[0x2a38, [0x2a29, [0x2324, nil]]]
0x2d20S0xc64	[0x2d09, nil]
0x2d17S0xc64	[0x2d09, nil]
0x2d28S0xc64	[0x2d09, nil]
0x2c9dS0x2d09S0xc64	[0x2d09, [0x2c9e, nil]]
0x2c98S0x2d09S0xc64	[0x2d09, [0x2c9e, nil]]
0x2c80S0x2d09S0xc64	[0x2d09, [0x2c9e, nil]]
0x2cb1S0x2d09S0xc64	[0x2d09, [0x2c9e, nil]]
0x2c75S0x2d09S0xc64	[0x2d09, [0x2c9e, nil]]
0x2cc1S0x2d09S0xc64	[0x2d09, [0x2c9e, nil]]
0x2ccaS0x2d09S0xc64	[0x2d09, [0x2c9e, nil]]
0x2cd5S0x2d09S0xc64	[0x2d09, [0x2c9e, nil]]
0x2ca7S0x2d09S0xc64	[0x2d09, [0x2c9e, nil]]
0x2c92S0x2d09S0xc64	[0x2d09, [0x2c9e, nil]]
0x2c88S0x2d09S0xc64	[0x2d09, [0x2c9e, nil]]
0x26eeS0x2ca8S0x2d09S0xc64	[0x2d09, [0x2c9e, [0x26df, nil]]]
0x26e3S0x2ca8S0x2d09S0xc64	[0x2d09, [0x2c9e, [0x26df, nil]]]
0x2b34S0x2cc2S0x2d09S0xc64	[0x2d09, [0x2c9e, [0x2b25, nil]]]
0x2a4aS0xcd8	[0x2a38, nil]
0x2a50S0xcd8	[0x2a38, nil]
0x2a37S0x2a38S0xcd8	[0x2a38, [0x2a29, nil]]
0x2a34S0x2a38S0xcd8	[0x2a38, [0x2a29, nil]]
0x2a31S0x2a38S0xcd8	[0x2a38, [0x2a29, nil]]
0x232eS0x2a29S0x2a38S0xcd8	[0x2a38, [0x2a29, [0x2324, nil]]]
0x2a4aS0xdd4	[0x2a38, nil]
0x2a50S0xdd4	[0x2a38, nil]
0x2a37S0x2a38S0xdd4	[0x2a38, [0x2a29, nil]]
0x2a34S0x2a38S0xdd4	[0x2a38, [0x2a29, nil]]
0x2a31S0x2a38S0xdd4	[0x2a38, [0x2a29, nil]]
0x232eS0x2a29S0x2a38S0xdd4	[0x2a38, [0x2a29, [0x2324, nil]]]
0x2a4aS0x1145	[0x2a38, nil]
0x2a50S0x1145	[0x2a38, nil]
0x2a37S0x2a38S0x1145	[0x2a38, [0x2a29, nil]]
0x2a34S0x2a38S0x1145	[0x2a38, [0x2a29, nil]]
0x2a31S0x2a38S0x1145	[0x2a38, [0x2a29, nil]]
0x232eS0x2a29S0x2a38S0x1145	[0x2a38, [0x2a29, [0x2324, nil]]]
0x2f89S0xf27	[0x2f73, nil]
0x2f81S0xf27	[0x2f73, nil]
0x2f9dS0xf27	[0x2f73, nil]
0x2f94S0xf27	[0x2f73, nil]
0x2fa5S0xf27	[0x2f73, nil]
0x2f67S0x2f73S0xf27	[0x2f73, [0x2f51, nil]]
0x2f72S0x2f73S0xf27	[0x2f73, [0x2f51, nil]]
0x2f50S0x2f73S0xf27	[0x2f73, [0x2f51, nil]]
0x2f4eS0x2f73S0xf27	[0x2f73, [0x2f51, nil]]
0x2f5cS0x2f73S0xf27	[0x2f73, [0x2f51, nil]]
0x26eeS0x2f51S0x2f73S0xf27	[0x2f73, [0x2f51, [0x26df, nil]]]
0x26e3S0x2f51S0x2f73S0xf27	[0x2f73, [0x2f51, [0x26df, nil]]]
0x2c9dS0x2f8aS0xf27	[0x2f73, [0x2c9e, nil]]
0x2c98S0x2f8aS0xf27	[0x2f73, [0x2c9e, nil]]
0x2c80S0x2f8aS0xf27	[0x2f73, [0x2c9e, nil]]
0x2cb1S0x2f8aS0xf27	[0x2f73, [0x2c9e, nil]]
0x2c75S0x2f8aS0xf27	[0x2f73, [0x2c9e, nil]]
0x2cc1S0x2f8aS0xf27	[0x2f73, [0x2c9e, nil]]
0x2ccaS0x2f8aS0xf27	[0x2f73, [0x2c9e, nil]]
0x2cd5S0x2f8aS0xf27	[0x2f73, [0x2c9e, nil]]
0x2ca7S0x2f8aS0xf27	[0x2f73, [0x2c9e, nil]]
0x2c92S0x2f8aS0xf27	[0x2f73, [0x2c9e, nil]]
0x2c88S0x2f8aS0xf27	[0x2f73, [0x2c9e, nil]]
0x26eeS0x2ca8S0x2f8aS0xf27	[0x2f73, [0x2c9e, [0x26df, nil]]]
0x26e3S0x2ca8S0x2f8aS0xf27	[0x2f73, [0x2c9e, [0x26df, nil]]]
0x2b34S0x2cc2S0x2f8aS0xf27	[0x2f73, [0x2c9e, [0x2b25, nil]]]
0x2fbcS0x1039	[0x2fa6, nil]
0x2fb4S0x1039	[0x2fa6, nil]
0x2fcfS0x1039	[0x2fa6, nil]
0x2fc7S0x1039	[0x2fa6, nil]
0x2fd6S0x1039	[0x2fa6, nil]
0x2f67S0x2fa6S0x1039	[0x2fa6, [0x2f51, nil]]
0x2f72S0x2fa6S0x1039	[0x2fa6, [0x2f51, nil]]
0x2f50S0x2fa6S0x1039	[0x2fa6, [0x2f51, nil]]
0x2f4eS0x2fa6S0x1039	[0x2fa6, [0x2f51, nil]]
0x2f5cS0x2fa6S0x1039	[0x2fa6, [0x2f51, nil]]
0x26eeS0x2f51S0x2fa6S0x1039	[0x2fa6, [0x2f51, [0x26df, nil]]]
0x26e3S0x2f51S0x2fa6S0x1039	[0x2fa6, [0x2f51, [0x26df, nil]]]
0x2d67S0x2fbdS0x1039	[0x2fa6, [0x2d51, nil]]
0x2d72S0x2fbdS0x1039	[0x2fa6, [0x2d51, nil]]
0x2d50S0x2fbdS0x1039	[0x2fa6, [0x2d51, nil]]
0x2d4eS0x2fbdS0x1039	[0x2fa6, [0x2d51, nil]]
0x2d5cS0x2fbdS0x1039	[0x2fa6, [0x2d51, nil]]
0x26eeS0x2d51S0x2fbdS0x1039	[0x2fa6, [0x2d51, [0x26df, nil]]]
0x26e3S0x2d51S0x2fbdS0x1039	[0x2fa6, [0x2d51, [0x26df, nil]]]
0x2a4aS0xf56	[0x2a38, nil]
0x2a50S0xf56	[0x2a38, nil]
0x2a37S0x2a38S0xf56	[0x2a38, [0x2a29, nil]]
0x2a34S0x2a38S0xf56	[0x2a38, [0x2a29, nil]]
0x2a31S0x2a38S0xf56	[0x2a38, [0x2a29, nil]]
0x232eS0x2a29S0x2a38S0xf56	[0x2a38, [0x2a29, [0x2324, nil]]]
0x2a4aS0xfa4	[0x2a38, nil]
0x2a50S0xfa4	[0x2a38, nil]
0x2a37S0x2a38S0xfa4	[0x2a38, [0x2a29, nil]]
0x2a34S0x2a38S0xfa4	[0x2a38, [0x2a29, nil]]
0x2a31S0x2a38S0xfa4	[0x2a38, [0x2a29, nil]]
0x232eS0x2a29S0x2a38S0xfa4	[0x2a38, [0x2a29, [0x2324, nil]]]
0x2d20S0xff2	[0x2d09, nil]
0x2d17S0xff2	[0x2d09, nil]
0x2d28S0xff2	[0x2d09, nil]
0x2c9dS0x2d09S0xff2	[0x2d09, [0x2c9e, nil]]
0x2c98S0x2d09S0xff2	[0x2d09, [0x2c9e, nil]]
0x2c80S0x2d09S0xff2	[0x2d09, [0x2c9e, nil]]
0x2cb1S0x2d09S0xff2	[0x2d09, [0x2c9e, nil]]
0x2c75S0x2d09S0xff2	[0x2d09, [0x2c9e, nil]]
0x2cc1S0x2d09S0xff2	[0x2d09, [0x2c9e, nil]]
0x2ccaS0x2d09S0xff2	[0x2d09, [0x2c9e, nil]]
0x2cd5S0x2d09S0xff2	[0x2d09, [0x2c9e, nil]]
0x2ca7S0x2d09S0xff2	[0x2d09, [0x2c9e, nil]]
0x2c92S0x2d09S0xff2	[0x2d09, [0x2c9e, nil]]
0x2c88S0x2d09S0xff2	[0x2d09, [0x2c9e, nil]]
0x26eeS0x2ca8S0x2d09S0xff2	[0x2d09, [0x2c9e, [0x26df, nil]]]
0x26e3S0x2ca8S0x2d09S0xff2	[0x2d09, [0x2c9e, [0x26df, nil]]]
0x2b34S0x2cc2S0x2d09S0xff2	[0x2d09, [0x2c9e, [0x2b25, nil]]]
0x2a4aS0x1066	[0x2a38, nil]
0x2a50S0x1066	[0x2a38, nil]
0x2a37S0x2a38S0x1066	[0x2a38, [0x2a29, nil]]
0x2a34S0x2a38S0x1066	[0x2a38, [0x2a29, nil]]
0x2a31S0x2a38S0x1066	[0x2a38, [0x2a29, nil]]
0x232eS0x2a29S0x2a38S0x1066	[0x2a38, [0x2a29, [0x2324, nil]]]
0x2a4aS0x10b4	[0x2a38, nil]
0x2a50S0x10b4	[0x2a38, nil]
0x2a37S0x2a38S0x10b4	[0x2a38, [0x2a29, nil]]
0x2a34S0x2a38S0x10b4	[0x2a38, [0x2a29, nil]]
0x2a31S0x2a38S0x10b4	[0x2a38, [0x2a29, nil]]
0x232eS0x2a29S0x2a38S0x10b4	[0x2a38, [0x2a29, [0x2324, nil]]]
0x3055S0x118c	[0x303f, nil]
0x304dS0x118c	[0x303f, nil]
0x3064S0x118c	[0x303f, nil]
0x306aS0x118c	[0x303f, nil]
0x2f67S0x303fS0x118c	[0x303f, [0x2f51, nil]]
0x2f72S0x303fS0x118c	[0x303f, [0x2f51, nil]]
0x2f50S0x303fS0x118c	[0x303f, [0x2f51, nil]]
0x2f4eS0x303fS0x118c	[0x303f, [0x2f51, nil]]
0x2f5cS0x303fS0x118c	[0x303f, [0x2f51, nil]]
0x26eeS0x2f51S0x303fS0x118c	[0x303f, [0x2f51, [0x26df, nil]]]
0x26e3S0x2f51S0x303fS0x118c	[0x303f, [0x2f51, [0x26df, nil]]]
0x2a37S0x3056S0x118c	[0x303f, [0x2a29, nil]]
0x2a34S0x3056S0x118c	[0x303f, [0x2a29, nil]]
0x2a31S0x3056S0x118c	[0x303f, [0x2a29, nil]]
0x232eS0x2a29S0x3056S0x118c	[0x303f, [0x2a29, [0x2324, nil]]]
0x2a4aS0x14aa	[0x2a38, nil]
0x2a50S0x14aa	[0x2a38, nil]
0x2a37S0x2a38S0x14aa	[0x2a38, [0x2a29, nil]]
0x2a34S0x2a38S0x14aa	[0x2a38, [0x2a29, nil]]
0x2a31S0x2a38S0x14aa	[0x2a38, [0x2a29, nil]]
0x232eS0x2a29S0x2a38S0x14aa	[0x2a38, [0x2a29, [0x2324, nil]]]
0x3141S0x128c	[0x312b, nil]
0x3139S0x128c	[0x312b, nil]
0x3155S0x128c	[0x312b, nil]
0x314cS0x128c	[0x312b, nil]
0x315dS0x128c	[0x312b, nil]
0x311fS0x312bS0x128c	[0x312b, [0x3109, nil]]
0x312aS0x312bS0x128c	[0x312b, [0x3109, nil]]
0x3108S0x312bS0x128c	[0x312b, [0x3109, nil]]
0x3106S0x312bS0x128c	[0x312b, [0x3109, nil]]
0x3114S0x312bS0x128c	[0x312b, [0x3109, nil]]
0x26eeS0x3109S0x312bS0x128c	[0x312b, [0x3109, [0x26df, nil]]]
0x26e3S0x3109S0x312bS0x128c	[0x312b, [0x3109, [0x26df, nil]]]
0x2c9dS0x3142S0x128c	[0x312b, [0x2c9e, nil]]
0x2c98S0x3142S0x128c	[0x312b, [0x2c9e, nil]]
0x2c80S0x3142S0x128c	[0x312b, [0x2c9e, nil]]
0x2cb1S0x3142S0x128c	[0x312b, [0x2c9e, nil]]
0x2c75S0x3142S0x128c	[0x312b, [0x2c9e, nil]]
0x2cc1S0x3142S0x128c	[0x312b, [0x2c9e, nil]]
0x2ccaS0x3142S0x128c	[0x312b, [0x2c9e, nil]]
0x2cd5S0x3142S0x128c	[0x312b, [0x2c9e, nil]]
0x2ca7S0x3142S0x128c	[0x312b, [0x2c9e, nil]]
0x2c92S0x3142S0x128c	[0x312b, [0x2c9e, nil]]
0x2c88S0x3142S0x128c	[0x312b, [0x2c9e, nil]]
0x26eeS0x2ca8S0x3142S0x128c	[0x312b, [0x2c9e, [0x26df, nil]]]
0x26e3S0x2ca8S0x3142S0x128c	[0x312b, [0x2c9e, [0x26df, nil]]]
0x2b34S0x2cc2S0x3142S0x128c	[0x312b, [0x2c9e, [0x2b25, nil]]]
0x3174S0x139e	[0x315e, nil]
0x316cS0x139e	[0x315e, nil]
0x3187S0x139e	[0x315e, nil]
0x317fS0x139e	[0x315e, nil]
0x318eS0x139e	[0x315e, nil]
0x311fS0x315eS0x139e	[0x315e, [0x3109, nil]]
0x312aS0x315eS0x139e	[0x315e, [0x3109, nil]]
0x3108S0x315eS0x139e	[0x315e, [0x3109, nil]]
0x3106S0x315eS0x139e	[0x315e, [0x3109, nil]]
0x3114S0x315eS0x139e	[0x315e, [0x3109, nil]]
0x26eeS0x3109S0x315eS0x139e	[0x315e, [0x3109, [0x26df, nil]]]
0x26e3S0x3109S0x315eS0x139e	[0x315e, [0x3109, [0x26df, nil]]]
0x2d67S0x3175S0x139e	[0x315e, [0x2d51, nil]]
0x2d72S0x3175S0x139e	[0x315e, [0x2d51, nil]]
0x2d50S0x3175S0x139e	[0x315e, [0x2d51, nil]]
0x2d4eS0x3175S0x139e	[0x315e, [0x2d51, nil]]
0x2d5cS0x3175S0x139e	[0x315e, [0x2d51, nil]]
0x26eeS0x2d51S0x3175S0x139e	[0x315e, [0x2d51, [0x26df, nil]]]
0x26e3S0x2d51S0x3175S0x139e	[0x315e, [0x2d51, [0x26df, nil]]]
0x2a4aS0x12bb	[0x2a38, nil]
0x2a50S0x12bb	[0x2a38, nil]
0x2a37S0x2a38S0x12bb	[0x2a38, [0x2a29, nil]]
0x2a34S0x2a38S0x12bb	[0x2a38, [0x2a29, nil]]
0x2a31S0x2a38S0x12bb	[0x2a38, [0x2a29, nil]]
0x232eS0x2a29S0x2a38S0x12bb	[0x2a38, [0x2a29, [0x2324, nil]]]
0x2a4aS0x1309	[0x2a38, nil]
0x2a50S0x1309	[0x2a38, nil]
0x2a37S0x2a38S0x1309	[0x2a38, [0x2a29, nil]]
0x2a34S0x2a38S0x1309	[0x2a38, [0x2a29, nil]]
0x2a31S0x2a38S0x1309	[0x2a38, [0x2a29, nil]]
0x232eS0x2a29S0x2a38S0x1309	[0x2a38, [0x2a29, [0x2324, nil]]]
0x2d20S0x1357	[0x2d09, nil]
0x2d17S0x1357	[0x2d09, nil]
0x2d28S0x1357	[0x2d09, nil]
0x2c9dS0x2d09S0x1357	[0x2d09, [0x2c9e, nil]]
0x2c98S0x2d09S0x1357	[0x2d09, [0x2c9e, nil]]
0x2c80S0x2d09S0x1357	[0x2d09, [0x2c9e, nil]]
0x2cb1S0x2d09S0x1357	[0x2d09, [0x2c9e, nil]]
0x2c75S0x2d09S0x1357	[0x2d09, [0x2c9e, nil]]
0x2cc1S0x2d09S0x1357	[0x2d09, [0x2c9e, nil]]
0x2ccaS0x2d09S0x1357	[0x2d09, [0x2c9e, nil]]
0x2cd5S0x2d09S0x1357	[0x2d09, [0x2c9e, nil]]
0x2ca7S0x2d09S0x1357	[0x2d09, [0x2c9e, nil]]
0x2c92S0x2d09S0x1357	[0x2d09, [0x2c9e, nil]]
0x2c88S0x2d09S0x1357	[0x2d09, [0x2c9e, nil]]
0x26eeS0x2ca8S0x2d09S0x1357	[0x2d09, [0x2c9e, [0x26df, nil]]]
0x26e3S0x2ca8S0x2d09S0x1357	[0x2d09, [0x2c9e, [0x26df, nil]]]
0x2b34S0x2cc2S0x2d09S0x1357	[0x2d09, [0x2c9e, [0x2b25, nil]]]
0x2a4aS0x13cb	[0x2a38, nil]
0x2a50S0x13cb	[0x2a38, nil]
0x2a37S0x2a38S0x13cb	[0x2a38, [0x2a29, nil]]
0x2a34S0x2a38S0x13cb	[0x2a38, [0x2a29, nil]]
0x2a31S0x2a38S0x13cb	[0x2a38, [0x2a29, nil]]
0x232eS0x2a29S0x2a38S0x13cb	[0x2a38, [0x2a29, [0x2324, nil]]]
0x2a4aS0x1419	[0x2a38, nil]
0x2a50S0x1419	[0x2a38, nil]
0x2a37S0x2a38S0x1419	[0x2a38, [0x2a29, nil]]
0x2a34S0x2a38S0x1419	[0x2a38, [0x2a29, nil]]
0x2a31S0x2a38S0x1419	[0x2a38, [0x2a29, nil]]
0x232eS0x2a29S0x2a38S0x1419	[0x2a38, [0x2a29, [0x2324, nil]]]
0x3233S0x14f1	[0x321d, nil]
0x322bS0x14f1	[0x321d, nil]
0x3242S0x14f1	[0x321d, nil]
0x3248S0x14f1	[0x321d, nil]
0x311fS0x321dS0x14f1	[0x321d, [0x3109, nil]]
0x312aS0x321dS0x14f1	[0x321d, [0x3109, nil]]
0x3108S0x321dS0x14f1	[0x321d, [0x3109, nil]]
0x3106S0x321dS0x14f1	[0x321d, [0x3109, nil]]
0x3114S0x321dS0x14f1	[0x321d, [0x3109, nil]]
0x26eeS0x3109S0x321dS0x14f1	[0x321d, [0x3109, [0x26df, nil]]]
0x26e3S0x3109S0x321dS0x14f1	[0x321d, [0x3109, [0x26df, nil]]]
0x2a37S0x3234S0x14f1	[0x321d, [0x2a29, nil]]
0x2a34S0x3234S0x14f1	[0x321d, [0x2a29, nil]]
0x2a31S0x3234S0x14f1	[0x321d, [0x2a29, nil]]
0x232eS0x2a29S0x3234S0x14f1	[0x321d, [0x2a29, [0x2324, nil]]]
0x2a4aS0x180f	[0x2a38, nil]
0x2a50S0x180f	[0x2a38, nil]
0x2a37S0x2a38S0x180f	[0x2a38, [0x2a29, nil]]
0x2a34S0x2a38S0x180f	[0x2a38, [0x2a29, nil]]
0x2a31S0x2a38S0x180f	[0x2a38, [0x2a29, nil]]
0x232eS0x2a29S0x2a38S0x180f	[0x2a38, [0x2a29, [0x2324, nil]]]
0x331fS0x15f1	[0x3309, nil]
0x3317S0x15f1	[0x3309, nil]
0x3333S0x15f1	[0x3309, nil]
0x332aS0x15f1	[0x3309, nil]
0x333bS0x15f1	[0x3309, nil]
0x32fdS0x3309S0x15f1	[0x3309, [0x32e7, nil]]
0x3308S0x3309S0x15f1	[0x3309, [0x32e7, nil]]
0x32e6S0x3309S0x15f1	[0x3309, [0x32e7, nil]]
0x32e4S0x3309S0x15f1	[0x3309, [0x32e7, nil]]
0x32f2S0x3309S0x15f1	[0x3309, [0x32e7, nil]]
0x26eeS0x32e7S0x3309S0x15f1	[0x3309, [0x32e7, [0x26df, nil]]]
0x26e3S0x32e7S0x3309S0x15f1	[0x3309, [0x32e7, [0x26df, nil]]]
0x2c9dS0x3320S0x15f1	[0x3309, [0x2c9e, nil]]
0x2c98S0x3320S0x15f1	[0x3309, [0x2c9e, nil]]
0x2c80S0x3320S0x15f1	[0x3309, [0x2c9e, nil]]
0x2cb1S0x3320S0x15f1	[0x3309, [0x2c9e, nil]]
0x2c75S0x3320S0x15f1	[0x3309, [0x2c9e, nil]]
0x2cc1S0x3320S0x15f1	[0x3309, [0x2c9e, nil]]
0x2ccaS0x3320S0x15f1	[0x3309, [0x2c9e, nil]]
0x2cd5S0x3320S0x15f1	[0x3309, [0x2c9e, nil]]
0x2ca7S0x3320S0x15f1	[0x3309, [0x2c9e, nil]]
0x2c92S0x3320S0x15f1	[0x3309, [0x2c9e, nil]]
0x2c88S0x3320S0x15f1	[0x3309, [0x2c9e, nil]]
0x26eeS0x2ca8S0x3320S0x15f1	[0x3309, [0x2c9e, [0x26df, nil]]]
0x26e3S0x2ca8S0x3320S0x15f1	[0x3309, [0x2c9e, [0x26df, nil]]]
0x2b34S0x2cc2S0x3320S0x15f1	[0x3309, [0x2c9e, [0x2b25, nil]]]
0x3352S0x1703	[0x333c, nil]
0x334aS0x1703	[0x333c, nil]
0x3365S0x1703	[0x333c, nil]
0x335dS0x1703	[0x333c, nil]
0x336cS0x1703	[0x333c, nil]
0x32fdS0x333cS0x1703	[0x333c, [0x32e7, nil]]
0x3308S0x333cS0x1703	[0x333c, [0x32e7, nil]]
0x32e6S0x333cS0x1703	[0x333c, [0x32e7, nil]]
0x32e4S0x333cS0x1703	[0x333c, [0x32e7, nil]]
0x32f2S0x333cS0x1703	[0x333c, [0x32e7, nil]]
0x26eeS0x32e7S0x333cS0x1703	[0x333c, [0x32e7, [0x26df, nil]]]
0x26e3S0x32e7S0x333cS0x1703	[0x333c, [0x32e7, [0x26df, nil]]]
0x2d67S0x3353S0x1703	[0x333c, [0x2d51, nil]]
0x2d72S0x3353S0x1703	[0x333c, [0x2d51, nil]]
0x2d50S0x3353S0x1703	[0x333c, [0x2d51, nil]]
0x2d4eS0x3353S0x1703	[0x333c, [0x2d51, nil]]
0x2d5cS0x3353S0x1703	[0x333c, [0x2d51, nil]]
0x26eeS0x2d51S0x3353S0x1703	[0x333c, [0x2d51, [0x26df, nil]]]
0x26e3S0x2d51S0x3353S0x1703	[0x333c, [0x2d51, [0x26df, nil]]]
0x2a4aS0x1620	[0x2a38, nil]
0x2a50S0x1620	[0x2a38, nil]
0x2a37S0x2a38S0x1620	[0x2a38, [0x2a29, nil]]
0x2a34S0x2a38S0x1620	[0x2a38, [0x2a29, nil]]
0x2a31S0x2a38S0x1620	[0x2a38, [0x2a29, nil]]
0x232eS0x2a29S0x2a38S0x1620	[0x2a38, [0x2a29, [0x2324, nil]]]
0x2a4aS0x166e	[0x2a38, nil]
0x2a50S0x166e	[0x2a38, nil]
0x2a37S0x2a38S0x166e	[0x2a38, [0x2a29, nil]]
0x2a34S0x2a38S0x166e	[0x2a38, [0x2a29, nil]]
0x2a31S0x2a38S0x166e	[0x2a38, [0x2a29, nil]]
0x232eS0x2a29S0x2a38S0x166e	[0x2a38, [0x2a29, [0x2324, nil]]]
0x2d20S0x16bc	[0x2d09, nil]
0x2d17S0x16bc	[0x2d09, nil]
0x2d28S0x16bc	[0x2d09, nil]
0x2c9dS0x2d09S0x16bc	[0x2d09, [0x2c9e, nil]]
0x2c98S0x2d09S0x16bc	[0x2d09, [0x2c9e, nil]]
0x2c80S0x2d09S0x16bc	[0x2d09, [0x2c9e, nil]]
0x2cb1S0x2d09S0x16bc	[0x2d09, [0x2c9e, nil]]
0x2c75S0x2d09S0x16bc	[0x2d09, [0x2c9e, nil]]
0x2cc1S0x2d09S0x16bc	[0x2d09, [0x2c9e, nil]]
0x2ccaS0x2d09S0x16bc	[0x2d09, [0x2c9e, nil]]
0x2cd5S0x2d09S0x16bc	[0x2d09, [0x2c9e, nil]]
0x2ca7S0x2d09S0x16bc	[0x2d09, [0x2c9e, nil]]
0x2c92S0x2d09S0x16bc	[0x2d09, [0x2c9e, nil]]
0x2c88S0x2d09S0x16bc	[0x2d09, [0x2c9e, nil]]
0x26eeS0x2ca8S0x2d09S0x16bc	[0x2d09, [0x2c9e, [0x26df, nil]]]
0x26e3S0x2ca8S0x2d09S0x16bc	[0x2d09, [0x2c9e, [0x26df, nil]]]
0x2b34S0x2cc2S0x2d09S0x16bc	[0x2d09, [0x2c9e, [0x2b25, nil]]]
0x2a4aS0x1730	[0x2a38, nil]
0x2a50S0x1730	[0x2a38, nil]
0x2a37S0x2a38S0x1730	[0x2a38, [0x2a29, nil]]
0x2a34S0x2a38S0x1730	[0x2a38, [0x2a29, nil]]
0x2a31S0x2a38S0x1730	[0x2a38, [0x2a29, nil]]
0x232eS0x2a29S0x2a38S0x1730	[0x2a38, [0x2a29, [0x2324, nil]]]
0x2a4aS0x177e	[0x2a38, nil]
0x2a50S0x177e	[0x2a38, nil]
0x2a37S0x2a38S0x177e	[0x2a38, [0x2a29, nil]]
0x2a34S0x2a38S0x177e	[0x2a38, [0x2a29, nil]]
0x2a31S0x2a38S0x177e	[0x2a38, [0x2a29, nil]]
0x232eS0x2a29S0x2a38S0x177e	[0x2a38, [0x2a29, [0x2324, nil]]]
0x3411S0x1856	[0x33fb, nil]
0x3409S0x1856	[0x33fb, nil]
0x3420S0x1856	[0x33fb, nil]
0x3426S0x1856	[0x33fb, nil]
0x32fdS0x33fbS0x1856	[0x33fb, [0x32e7, nil]]
0x3308S0x33fbS0x1856	[0x33fb, [0x32e7, nil]]
0x32e6S0x33fbS0x1856	[0x33fb, [0x32e7, nil]]
0x32e4S0x33fbS0x1856	[0x33fb, [0x32e7, nil]]
0x32f2S0x33fbS0x1856	[0x33fb, [0x32e7, nil]]
0x26eeS0x32e7S0x33fbS0x1856	[0x33fb, [0x32e7, [0x26df, nil]]]
0x26e3S0x32e7S0x33fbS0x1856	[0x33fb, [0x32e7, [0x26df, nil]]]
0x2a37S0x3412S0x1856	[0x33fb, [0x2a29, nil]]
0x2a34S0x3412S0x1856	[0x33fb, [0x2a29, nil]]
0x2a31S0x3412S0x1856	[0x33fb, [0x2a29, nil]]
0x232eS0x2a29S0x3412S0x1856	[0x33fb, [0x2a29, [0x2324, nil]]]
0x24d0S0x18ec	[0x24bd, nil]
0x24c9S0x18ec	[0x24bd, nil]
0x24deS0x18ec	[0x24bd, nil]
0x73feS0x18ec	[0x24bd, nil]
0x24e7S0x18ec	[0x24bd, nil]
0x24b6S0x24d2S0x18ec	[0x24bd, [0x24a9, nil]]
0x24bcS0x24d2S0x18ec	[0x24bd, [0x24a9, nil]]
0x2248S0x24a9B0x24d2S0x18ec	[0x24bd, [0x2236, nil]]
0x2245S0x24a9B0x24d2S0x18ec	[0x24bd, [0x2236, nil]]
0x224bS0x24a9B0x24d2S0x18ec	[0x24bd, [0x2236, nil]]
0x223eS0x24a9B0x24d2S0x18ec	[0x24bd, [0x2236, nil]]
0x2235S0x2236S0x24a9B0x24d2S0x18ec	[0x24bd, [0x2236, [0x222d, nil]]]
0x3487S0x1910	[0x3471, nil]
0x347fS0x1910	[0x3471, nil]
0x3465S0x1910	[0x3471, nil]
0x3470S0x1910	[0x3471, nil]
0x344eS0x1910	[0x3471, nil]
0x344cS0x1910	[0x3471, nil]
0x3496S0x1910	[0x3471, nil]
0x345aS0x1910	[0x3471, nil]
0x349cS0x1910	[0x3471, nil]
0x26eeS0x344fS0x1910	[0x3471, [0x26df, nil]]
0x26e3S0x344fS0x1910	[0x3471, [0x26df, nil]]
0x230aS0x3488S0x1910	[0x3471, [0x22fc, nil]]
0x2307S0x3488S0x1910	[0x3471, [0x22fc, nil]]
0x2304S0x3488S0x1910	[0x3471, [0x22fc, nil]]
0x2235S0x22fcS0x3488S0x1910	[0x3471, [0x22fc, [0x222d, nil]]]
0x37e7S0x1d1a	[0x37d1, nil]
0x37dfS0x1d1a	[0x37d1, nil]
0x37c5S0x1d1a	[0x37d1, nil]
0x37d0S0x1d1a	[0x37d1, nil]
0x37aeS0x1d1a	[0x37d1, nil]
0x37acS0x1d1a	[0x37d1, nil]
0x37f6S0x1d1a	[0x37d1, nil]
0x37baS0x1d1a	[0x37d1, nil]
0x37fcS0x1d1a	[0x37d1, nil]
0x26eeS0x37afS0x1d1a	[0x37d1, [0x26df, nil]]
0x26e3S0x37afS0x1d1a	[0x37d1, [0x26df, nil]]
0x2a37S0x37e8S0x1d1a	[0x37d1, [0x2a29, nil]]
0x2a34S0x37e8S0x1d1a	[0x37d1, [0x2a29, nil]]
0x2a31S0x37e8S0x1d1a	[0x37d1, [0x2a29, nil]]
0x232eS0x2a29S0x37e8S0x1d1a	[0x37d1, [0x2a29, [0x2324, nil]]]
0x36c2S0x1c52	[0x36b0, nil]
0x36cfS0x1c52	[0x36b0, nil]
0x36dcS0x1c52	[0x36b0, nil]
0x36e4S0x1c52	[0x36b0, nil]
0x230aS0x36b0S0x1c52	[0x36b0, [0x22fc, nil]]
0x2307S0x36b0S0x1c52	[0x36b0, [0x22fc, nil]]
0x2304S0x36b0S0x1c52	[0x36b0, [0x22fc, nil]]
0x2235S0x22fcS0x36b0S0x1c52	[0x36b0, [0x22fc, [0x222d, nil]]]
0x230aS0x36c3S0x1c52	[0x36b0, [0x22fc, nil]]
0x2307S0x36c3S0x1c52	[0x36b0, [0x22fc, nil]]
0x2304S0x36c3S0x1c52	[0x36b0, [0x22fc, nil]]
0x2235S0x22fcS0x36c3S0x1c52	[0x36b0, [0x22fc, [0x222d, nil]]]
0x2a37S0x36d0S0x1c52	[0x36b0, [0x2a29, nil]]
0x2a34S0x36d0S0x1c52	[0x36b0, [0x2a29, nil]]
0x2a31S0x36d0S0x1c52	[0x36b0, [0x2a29, nil]]
0x232eS0x2a29S0x36d0S0x1c52	[0x36b0, [0x2a29, [0x2324, nil]]]
0x35c5S0x1a2c	[0x35af, nil]
0x35bdS0x1a2c	[0x35af, nil]
0x35d9S0x1a2c	[0x35af, nil]
0x35d0S0x1a2c	[0x35af, nil]
0x35e1S0x1a2c	[0x35af, nil]
0x35a3S0x35afS0x1a2c	[0x35af, [0x358d, nil]]
0x35aeS0x35afS0x1a2c	[0x35af, [0x358d, nil]]
0x358cS0x35afS0x1a2c	[0x35af, [0x358d, nil]]
0x358aS0x35afS0x1a2c	[0x35af, [0x358d, nil]]
0x3598S0x35afS0x1a2c	[0x35af, [0x358d, nil]]
0x26eeS0x358dS0x35afS0x1a2c	[0x35af, [0x358d, [0x26df, nil]]]
0x26e3S0x358dS0x35afS0x1a2c	[0x35af, [0x358d, [0x26df, nil]]]
0x2c9dS0x35c6S0x1a2c	[0x35af, [0x2c9e, nil]]
0x2c98S0x35c6S0x1a2c	[0x35af, [0x2c9e, nil]]
0x2c80S0x35c6S0x1a2c	[0x35af, [0x2c9e, nil]]
0x2cb1S0x35c6S0x1a2c	[0x35af, [0x2c9e, nil]]
0x2c75S0x35c6S0x1a2c	[0x35af, [0x2c9e, nil]]
0x2cc1S0x35c6S0x1a2c	[0x35af, [0x2c9e, nil]]
0x2ccaS0x35c6S0x1a2c	[0x35af, [0x2c9e, nil]]
0x2cd5S0x35c6S0x1a2c	[0x35af, [0x2c9e, nil]]
0x2ca7S0x35c6S0x1a2c	[0x35af, [0x2c9e, nil]]
0x2c92S0x35c6S0x1a2c	[0x35af, [0x2c9e, nil]]
0x2c88S0x35c6S0x1a2c	[0x35af, [0x2c9e, nil]]
0x26eeS0x2ca8S0x35c6S0x1a2c	[0x35af, [0x2c9e, [0x26df, nil]]]
0x26e3S0x2ca8S0x35c6S0x1a2c	[0x35af, [0x2c9e, [0x26df, nil]]]
0x2b34S0x2cc2S0x35c6S0x1a2c	[0x35af, [0x2c9e, [0x2b25, nil]]]
0x362dS0x1b42	[0x3617, nil]
0x3625S0x1b42	[0x3617, nil]
0x3640S0x1b42	[0x3617, nil]
0x3638S0x1b42	[0x3617, nil]
0x3647S0x1b42	[0x3617, nil]
0x35a3S0x3617S0x1b42	[0x3617, [0x358d, nil]]
0x35aeS0x3617S0x1b42	[0x3617, [0x358d, nil]]
0x358cS0x3617S0x1b42	[0x3617, [0x358d, nil]]
0x358aS0x3617S0x1b42	[0x3617, [0x358d, nil]]
0x3598S0x3617S0x1b42	[0x3617, [0x358d, nil]]
0x26eeS0x358dS0x3617S0x1b42	[0x3617, [0x358d, [0x26df, nil]]]
0x26e3S0x358dS0x3617S0x1b42	[0x3617, [0x358d, [0x26df, nil]]]
0x2d67S0x362eS0x1b42	[0x3617, [0x2d51, nil]]
0x2d72S0x362eS0x1b42	[0x3617, [0x2d51, nil]]
0x2d50S0x362eS0x1b42	[0x3617, [0x2d51, nil]]
0x2d4eS0x362eS0x1b42	[0x3617, [0x2d51, nil]]
0x2d5cS0x362eS0x1b42	[0x3617, [0x2d51, nil]]
0x26eeS0x2d51S0x362eS0x1b42	[0x3617, [0x2d51, [0x26df, nil]]]
0x26e3S0x2d51S0x362eS0x1b42	[0x3617, [0x2d51, [0x26df, nil]]]
0x2a4aS0x1aad	[0x2a38, nil]
0x2a50S0x1aad	[0x2a38, nil]
0x2a37S0x2a38S0x1aad	[0x2a38, [0x2a29, nil]]
0x2a34S0x2a38S0x1aad	[0x2a38, [0x2a29, nil]]
0x2a31S0x2a38S0x1aad	[0x2a38, [0x2a29, nil]]
0x232eS0x2a29S0x2a38S0x1aad	[0x2a38, [0x2a29, [0x2324, nil]]]
0x2d20S0x1afb	[0x2d09, nil]
0x2d17S0x1afb	[0x2d09, nil]
0x2d28S0x1afb	[0x2d09, nil]
0x2c9dS0x2d09S0x1afb	[0x2d09, [0x2c9e, nil]]
0x2c98S0x2d09S0x1afb	[0x2d09, [0x2c9e, nil]]
0x2c80S0x2d09S0x1afb	[0x2d09, [0x2c9e, nil]]
0x2cb1S0x2d09S0x1afb	[0x2d09, [0x2c9e, nil]]
0x2c75S0x2d09S0x1afb	[0x2d09, [0x2c9e, nil]]
0x2cc1S0x2d09S0x1afb	[0x2d09, [0x2c9e, nil]]
0x2ccaS0x2d09S0x1afb	[0x2d09, [0x2c9e, nil]]
0x2cd5S0x2d09S0x1afb	[0x2d09, [0x2c9e, nil]]
0x2ca7S0x2d09S0x1afb	[0x2d09, [0x2c9e, nil]]
0x2c92S0x2d09S0x1afb	[0x2d09, [0x2c9e, nil]]
0x2c88S0x2d09S0x1afb	[0x2d09, [0x2c9e, nil]]
0x26eeS0x2ca8S0x2d09S0x1afb	[0x2d09, [0x2c9e, [0x26df, nil]]]
0x26e3S0x2ca8S0x2d09S0x1afb	[0x2d09, [0x2c9e, [0x26df, nil]]]
0x2b34S0x2cc2S0x2d09S0x1afb	[0x2d09, [0x2c9e, [0x2b25, nil]]]
0x2a4aS0x1bc1	[0x2a38, nil]
0x2a50S0x1bc1	[0x2a38, nil]
0x2a37S0x2a38S0x1bc1	[0x2a38, [0x2a29, nil]]
0x2a34S0x2a38S0x1bc1	[0x2a38, [0x2a29, nil]]
0x2a31S0x2a38S0x1bc1	[0x2a38, [0x2a29, nil]]
0x232eS0x2a29S0x2a38S0x1bc1	[0x2a38, [0x2a29, [0x2324, nil]]]
0x36fbS0x1c9d	[0x36e5, nil]
0x36f3S0x1c9d	[0x36e5, nil]
0x370aS0x1c9d	[0x36e5, nil]
0x3710S0x1c9d	[0x36e5, nil]
0x35a3S0x36e5S0x1c9d	[0x36e5, [0x358d, nil]]
0x35aeS0x36e5S0x1c9d	[0x36e5, [0x358d, nil]]
0x358cS0x36e5S0x1c9d	[0x36e5, [0x358d, nil]]
0x358aS0x36e5S0x1c9d	[0x36e5, [0x358d, nil]]
0x3598S0x36e5S0x1c9d	[0x36e5, [0x358d, nil]]
0x26eeS0x358dS0x36e5S0x1c9d	[0x36e5, [0x358d, [0x26df, nil]]]
0x26e3S0x358dS0x36e5S0x1c9d	[0x36e5, [0x358d, [0x26df, nil]]]
0x2a37S0x36fcS0x1c9d	[0x36e5, [0x2a29, nil]]
0x2a34S0x36fcS0x1c9d	[0x36e5, [0x2a29, nil]]
0x2a31S0x36fcS0x1c9d	[0x36e5, [0x2a29, nil]]
0x232eS0x2a29S0x36fcS0x1c9d	[0x36e5, [0x2a29, [0x2324, nil]]]
0x3771S0x1cd5	[0x375b, nil]
0x3769S0x1cd5	[0x375b, nil]
0x374fS0x1cd5	[0x375b, nil]
0x375aS0x1cd5	[0x375b, nil]
0x3738S0x1cd5	[0x375b, nil]
0x3736S0x1cd5	[0x375b, nil]
0x3780S0x1cd5	[0x375b, nil]
0x3744S0x1cd5	[0x375b, nil]
0x3786S0x1cd5	[0x375b, nil]
0x26eeS0x3739S0x1cd5	[0x375b, [0x26df, nil]]
0x26e3S0x3739S0x1cd5	[0x375b, [0x26df, nil]]
0x230aS0x3772S0x1cd5	[0x375b, [0x22fc, nil]]
0x2307S0x3772S0x1cd5	[0x375b, [0x22fc, nil]]
0x2304S0x3772S0x1cd5	[0x375b, [0x22fc, nil]]
0x2235S0x22fcS0x3772S0x1cd5	[0x375b, [0x22fc, [0x222d, nil]]]
0x2a4aS0x20b4	[0x2a38, nil]
0x2a50S0x20b4	[0x2a38, nil]
0x2a37S0x2a38S0x20b4	[0x2a38, [0x2a29, nil]]
0x2a34S0x2a38S0x20b4	[0x2a38, [0x2a29, nil]]
0x2a31S0x2a38S0x20b4	[0x2a38, [0x2a29, nil]]
0x232eS0x2a29S0x2a38S0x20b4	[0x2a38, [0x2a29, [0x2324, nil]]]
0x388cS0x2029	[0x387a, nil]
0x3899S0x2029	[0x387a, nil]
0x38a0S0x2029	[0x387a, nil]
0x230aS0x387aS0x2029	[0x387a, [0x22fc, nil]]
0x2307S0x387aS0x2029	[0x387a, [0x22fc, nil]]
0x2304S0x387aS0x2029	[0x387a, [0x22fc, nil]]
0x2235S0x22fcS0x387aS0x2029	[0x387a, [0x22fc, [0x222d, nil]]]
0x2a37S0x388dS0x2029	[0x387a, [0x2a29, nil]]
0x2a34S0x388dS0x2029	[0x387a, [0x2a29, nil]]
0x2a31S0x388dS0x2029	[0x387a, [0x2a29, nil]]
0x232eS0x2a29S0x388dS0x2029	[0x387a, [0x2a29, [0x2324, nil]]]
0x385dS0x1e07	[0x3847, nil]
0x3855S0x1e07	[0x3847, nil]
0x3871S0x1e07	[0x3847, nil]
0x3868S0x1e07	[0x3847, nil]
0x3879S0x1e07	[0x3847, nil]
0x383bS0x3847S0x1e07	[0x3847, [0x3825, nil]]
0x3846S0x3847S0x1e07	[0x3847, [0x3825, nil]]
0x3824S0x3847S0x1e07	[0x3847, [0x3825, nil]]
0x3822S0x3847S0x1e07	[0x3847, [0x3825, nil]]
0x3830S0x3847S0x1e07	[0x3847, [0x3825, nil]]
0x26eeS0x3825S0x3847S0x1e07	[0x3847, [0x3825, [0x26df, nil]]]
0x26e3S0x3825S0x3847S0x1e07	[0x3847, [0x3825, [0x26df, nil]]]
0x2c9dS0x385eS0x1e07	[0x3847, [0x2c9e, nil]]
0x2c98S0x385eS0x1e07	[0x3847, [0x2c9e, nil]]
0x2c80S0x385eS0x1e07	[0x3847, [0x2c9e, nil]]
0x2cb1S0x385eS0x1e07	[0x3847, [0x2c9e, nil]]
0x2c75S0x385eS0x1e07	[0x3847, [0x2c9e, nil]]
0x2cc1S0x385eS0x1e07	[0x3847, [0x2c9e, nil]]
0x2ccaS0x385eS0x1e07	[0x3847, [0x2c9e, nil]]
0x2cd5S0x385eS0x1e07	[0x3847, [0x2c9e, nil]]
0x2ca7S0x385eS0x1e07	[0x3847, [0x2c9e, nil]]
0x2c92S0x385eS0x1e07	[0x3847, [0x2c9e, nil]]
0x2c88S0x385eS0x1e07	[0x3847, [0x2c9e, nil]]
0x26eeS0x2ca8S0x385eS0x1e07	[0x3847, [0x2c9e, [0x26df, nil]]]
0x26e3S0x2ca8S0x385eS0x1e07	[0x3847, [0x2c9e, [0x26df, nil]]]
0x2b34S0x2cc2S0x385eS0x1e07	[0x3847, [0x2c9e, [0x2b25, nil]]]
0x38b7S0x1f1b	[0x38a1, nil]
0x38afS0x1f1b	[0x38a1, nil]
0x38caS0x1f1b	[0x38a1, nil]
0x38c2S0x1f1b	[0x38a1, nil]
0x38d1S0x1f1b	[0x38a1, nil]
0x383bS0x38a1S0x1f1b	[0x38a1, [0x3825, nil]]
0x3846S0x38a1S0x1f1b	[0x38a1, [0x3825, nil]]
0x3824S0x38a1S0x1f1b	[0x38a1, [0x3825, nil]]
0x3822S0x38a1S0x1f1b	[0x38a1, [0x3825, nil]]
0x3830S0x38a1S0x1f1b	[0x38a1, [0x3825, nil]]
0x26eeS0x3825S0x38a1S0x1f1b	[0x38a1, [0x3825, [0x26df, nil]]]
0x26e3S0x3825S0x38a1S0x1f1b	[0x38a1, [0x3825, [0x26df, nil]]]
0x2d67S0x38b8S0x1f1b	[0x38a1, [0x2d51, nil]]
0x2d72S0x38b8S0x1f1b	[0x38a1, [0x2d51, nil]]
0x2d50S0x38b8S0x1f1b	[0x38a1, [0x2d51, nil]]
0x2d4eS0x38b8S0x1f1b	[0x38a1, [0x2d51, nil]]
0x2d5cS0x38b8S0x1f1b	[0x38a1, [0x2d51, nil]]
0x26eeS0x2d51S0x38b8S0x1f1b	[0x38a1, [0x2d51, [0x26df, nil]]]
0x26e3S0x2d51S0x38b8S0x1f1b	[0x38a1, [0x2d51, [0x26df, nil]]]
0x388cS0x1e36	[0x387a, nil]
0x3899S0x1e36	[0x387a, nil]
0x38a0S0x1e36	[0x387a, nil]
0x230aS0x387aS0x1e36	[0x387a, [0x22fc, nil]]
0x2307S0x387aS0x1e36	[0x387a, [0x22fc, nil]]
0x2304S0x387aS0x1e36	[0x387a, [0x22fc, nil]]
0x2235S0x22fcS0x387aS0x1e36	[0x387a, [0x22fc, [0x222d, nil]]]
0x2a37S0x388dS0x1e36	[0x387a, [0x2a29, nil]]
0x2a34S0x388dS0x1e36	[0x387a, [0x2a29, nil]]
0x2a31S0x388dS0x1e36	[0x387a, [0x2a29, nil]]
0x232eS0x2a29S0x388dS0x1e36	[0x387a, [0x2a29, [0x2324, nil]]]
0x2a4aS0x1e86	[0x2a38, nil]
0x2a50S0x1e86	[0x2a38, nil]
0x2a37S0x2a38S0x1e86	[0x2a38, [0x2a29, nil]]
0x2a34S0x2a38S0x1e86	[0x2a38, [0x2a29, nil]]
0x2a31S0x2a38S0x1e86	[0x2a38, [0x2a29, nil]]
0x232eS0x2a29S0x2a38S0x1e86	[0x2a38, [0x2a29, [0x2324, nil]]]
0x2d20S0x1ed4	[0x2d09, nil]
0x2d17S0x1ed4	[0x2d09, nil]
0x2d28S0x1ed4	[0x2d09, nil]
0x2c9dS0x2d09S0x1ed4	[0x2d09, [0x2c9e, nil]]
0x2c98S0x2d09S0x1ed4	[0x2d09, [0x2c9e, nil]]
0x2c80S0x2d09S0x1ed4	[0x2d09, [0x2c9e, nil]]
0x2cb1S0x2d09S0x1ed4	[0x2d09, [0x2c9e, nil]]
0x2c75S0x2d09S0x1ed4	[0x2d09, [0x2c9e, nil]]
0x2cc1S0x2d09S0x1ed4	[0x2d09, [0x2c9e, nil]]
0x2ccaS0x2d09S0x1ed4	[0x2d09, [0x2c9e, nil]]
0x2cd5S0x2d09S0x1ed4	[0x2d09, [0x2c9e, nil]]
0x2ca7S0x2d09S0x1ed4	[0x2d09, [0x2c9e, nil]]
0x2c92S0x2d09S0x1ed4	[0x2d09, [0x2c9e, nil]]
0x2c88S0x2d09S0x1ed4	[0x2d09, [0x2c9e, nil]]
0x26eeS0x2ca8S0x2d09S0x1ed4	[0x2d09, [0x2c9e, [0x26df, nil]]]
0x26e3S0x2ca8S0x2d09S0x1ed4	[0x2d09, [0x2c9e, [0x26df, nil]]]
0x2b34S0x2cc2S0x2d09S0x1ed4	[0x2d09, [0x2c9e, [0x2b25, nil]]]
0x388cS0x1f48	[0x387a, nil]
0x3899S0x1f48	[0x387a, nil]
0x38a0S0x1f48	[0x387a, nil]
0x230aS0x387aS0x1f48	[0x387a, [0x22fc, nil]]
0x2307S0x387aS0x1f48	[0x387a, [0x22fc, nil]]
0x2304S0x387aS0x1f48	[0x387a, [0x22fc, nil]]
0x2235S0x22fcS0x387aS0x1f48	[0x387a, [0x22fc, [0x222d, nil]]]
0x2a37S0x388dS0x1f48	[0x387a, [0x2a29, nil]]
0x2a34S0x388dS0x1f48	[0x387a, [0x2a29, nil]]
0x2a31S0x388dS0x1f48	[0x387a, [0x2a29, nil]]
0x232eS0x2a29S0x388dS0x1f48	[0x387a, [0x2a29, [0x2324, nil]]]
0x2a4aS0x1f98	[0x2a38, nil]
0x2a50S0x1f98	[0x2a38, nil]
0x2a37S0x2a38S0x1f98	[0x2a38, [0x2a29, nil]]
0x2a34S0x2a38S0x1f98	[0x2a38, [0x2a29, nil]]
0x2a31S0x2a38S0x1f98	[0x2a38, [0x2a29, nil]]
0x232eS0x2a29S0x2a38S0x1f98	[0x2a38, [0x2a29, [0x2324, nil]]]
0x3976S0x2073	[0x3960, nil]
0x396eS0x2073	[0x3960, nil]
0x3985S0x2073	[0x3960, nil]
0x398bS0x2073	[0x3960, nil]
0x383bS0x3960S0x2073	[0x3960, [0x3825, nil]]
0x3846S0x3960S0x2073	[0x3960, [0x3825, nil]]
0x3824S0x3960S0x2073	[0x3960, [0x3825, nil]]
0x3822S0x3960S0x2073	[0x3960, [0x3825, nil]]
0x3830S0x3960S0x2073	[0x3960, [0x3825, nil]]
0x26eeS0x3825S0x3960S0x2073	[0x3960, [0x3825, [0x26df, nil]]]
0x26e3S0x3825S0x3960S0x2073	[0x3960, [0x3825, [0x26df, nil]]]
0x2a37S0x3977S0x2073	[0x3960, [0x2a29, nil]]
0x2a34S0x3977S0x2073	[0x3960, [0x2a29, nil]]
0x2a31S0x3977S0x2073	[0x3960, [0x2a29, nil]]
0x232eS0x2a29S0x3977S0x2073	[0x3960, [0x2a29, [0x2324, nil]]]
0x2491S0xb99	[0x247e, nil]
0x248aS0xb99	[0x247e, nil]
0x249fS0xb99	[0x247e, nil]
0x73dbS0xb99	[0x247e, nil]
0x24a8S0xb99	[0x247e, nil]
0x2477S0x2493S0xb99	[0x247e, [0x246a, nil]]
0x247dS0x2493S0xb99	[0x247e, [0x246a, nil]]
0x2341S0x246aB0x2493S0xb99	[0x247e, [0x232f, nil]]
0x233eS0x246aB0x2493S0xb99	[0x247e, [0x232f, nil]]
0x2344S0x246aB0x2493S0xb99	[0x247e, [0x232f, nil]]
0x2337S0x246aB0x2493S0xb99	[0x247e, [0x232f, nil]]
0x232eS0x232fS0x246aB0x2493S0xb99	[0x247e, [0x232f, [0x2324, nil]]]
0x24d0S0x19de	[0x24bd, nil]
0x24c9S0x19de	[0x24bd, nil]
0x24deS0x19de	[0x24bd, nil]
0x73feS0x19de	[0x24bd, nil]
0x24e7S0x19de	[0x24bd, nil]
0x24b6S0x24d2S0x19de	[0x24bd, [0x24a9, nil]]
0x24bcS0x24d2S0x19de	[0x24bd, [0x24a9, nil]]
0x2248S0x24a9B0x24d2S0x19de	[0x24bd, [0x2236, nil]]
0x2245S0x24a9B0x24d2S0x19de	[0x24bd, [0x2236, nil]]
0x224bS0x24a9B0x24d2S0x19de	[0x24bd, [0x2236, nil]]
0x223eS0x24a9B0x24d2S0x19de	[0x24bd, [0x2236, nil]]
0x2235S0x2236S0x24a9B0x24d2S0x19de	[0x24bd, [0x2236, [0x222d, nil]]]
0x2491S0x1db9	[0x247e, nil]
0x248aS0x1db9	[0x247e, nil]
0x249fS0x1db9	[0x247e, nil]
0x73dbS0x1db9	[0x247e, nil]
0x24a8S0x1db9	[0x247e, nil]
0x2477S0x2493S0x1db9	[0x247e, [0x246a, nil]]
0x247dS0x2493S0x1db9	[0x247e, [0x246a, nil]]
0x2341S0x246aB0x2493S0x1db9	[0x247e, [0x232f, nil]]
0x233eS0x246aB0x2493S0x1db9	[0x247e, [0x232f, nil]]
0x2344S0x246aB0x2493S0x1db9	[0x247e, [0x232f, nil]]
0x2337S0x246aB0x2493S0x1db9	[0x247e, [0x232f, nil]]
0x232eS0x232fS0x246aB0x2493S0x1db9	[0x247e, [0x232f, [0x2324, nil]]]
0x217bS0x149	[0x2169, nil]
0x2181S0x149	[0x2169, nil]
0x2168S0x2169S0x149	[0x2169, [0x215a, nil]]
0x2165S0x2169S0x149	[0x2169, [0x215a, nil]]
0x2162S0x2169S0x149	[0x2169, [0x215a, nil]]
0x2159S0x215aS0x2169S0x149	[0x2169, [0x215a, [0x2149, nil]]]
0x2152S0x215aS0x2169S0x149	[0x2169, [0x215a, [0x2149, nil]]]
0x2148S0x2149S0x215aS0x2169S0x149	[0x2169, [0x215a, [0x2149, [0x212a, nil]]]]
0x217bS0x173	[0x2169, nil]
0x2181S0x173	[0x2169, nil]
0x2168S0x2169S0x173	[0x2169, [0x215a, nil]]
0x2165S0x2169S0x173	[0x2169, [0x215a, nil]]
0x2162S0x2169S0x173	[0x2169, [0x215a, nil]]
0x2159S0x215aS0x2169S0x173	[0x2169, [0x215a, [0x2149, nil]]]
0x2152S0x215aS0x2169S0x173	[0x2169, [0x215a, [0x2149, nil]]]
0x2148S0x2149S0x215aS0x2169S0x173	[0x2169, [0x215a, [0x2149, [0x212a, nil]]]]
0x2455S0x381	[0x2443, nil]
0x2462S0x381	[0x2443, nil]
0x2469S0x381	[0x2443, nil]
0x2304S0x2456S0x381	[0x2443, [0x22fc, nil]]
0x2235S0x22fcS0x2456S0x381	[0x2443, [0x22fc, [0x222d, nil]]]
0x230aS0x2456S0x381	[0x2443, [0x22fc, nil]]
0x2307S0x2456S0x381	[0x2443, [0x22fc, nil]]
0x2168S0x2443S0x381	[0x2443, [0x215a, nil]]
0x2165S0x2443S0x381	[0x2443, [0x215a, nil]]
0x2162S0x2443S0x381	[0x2443, [0x215a, nil]]
0x2159S0x215aS0x2443S0x381	[0x2443, [0x215a, [0x2149, nil]]]
0x2152S0x215aS0x2443S0x381	[0x2443, [0x215a, [0x2149, nil]]]
0x2148S0x2149S0x215aS0x2443S0x381	[0x2443, [0x215a, [0x2149, [0x212a, nil]]]]
0x217bS0x219	[0x2169, nil]
0x2181S0x219	[0x2169, nil]
0x2168S0x2169S0x219	[0x2169, [0x215a, nil]]
0x2165S0x2169S0x219	[0x2169, [0x215a, nil]]
0x2162S0x2169S0x219	[0x2169, [0x215a, nil]]
0x2159S0x215aS0x2169S0x219	[0x2169, [0x215a, [0x2149, nil]]]
0x2152S0x215aS0x2169S0x219	[0x2169, [0x215a, [0x2149, nil]]]
0x2148S0x2149S0x215aS0x2169S0x219	[0x2169, [0x215a, [0x2149, [0x212a, nil]]]]
0x2769S0x872	[0x2757, nil]
0x2776S0x872	[0x2757, nil]
0x2783S0x872	[0x2757, nil]
0x278bS0x872	[0x2757, nil]
0x2168S0x2757S0x872	[0x2757, [0x215a, nil]]
0x2165S0x2757S0x872	[0x2757, [0x215a, nil]]
0x2162S0x2757S0x872	[0x2757, [0x215a, nil]]
0x2159S0x215aS0x2757S0x872	[0x2757, [0x215a, [0x2149, nil]]]
0x2152S0x215aS0x2757S0x872	[0x2757, [0x215a, [0x2149, nil]]]
0x2148S0x2149S0x215aS0x2757S0x872	[0x2757, [0x215a, [0x2149, [0x212a, nil]]]]
0x2168S0x276aS0x872	[0x2757, [0x215a, nil]]
0x2165S0x276aS0x872	[0x2757, [0x215a, nil]]
0x2162S0x276aS0x872	[0x2757, [0x215a, nil]]
0x2159S0x215aS0x276aS0x872	[0x2757, [0x215a, [0x2149, nil]]]
0x2152S0x215aS0x276aS0x872	[0x2757, [0x215a, [0x2149, nil]]]
0x2148S0x2149S0x215aS0x276aS0x872	[0x2757, [0x215a, [0x2149, [0x212a, nil]]]]
0x2168S0x2777S0x872	[0x2757, [0x215a, nil]]
0x2165S0x2777S0x872	[0x2757, [0x215a, nil]]
0x2162S0x2777S0x872	[0x2757, [0x215a, nil]]
0x2159S0x215aS0x2777S0x872	[0x2757, [0x215a, [0x2149, nil]]]
0x2152S0x215aS0x2777S0x872	[0x2757, [0x215a, [0x2149, nil]]]
0x2148S0x2149S0x215aS0x2777S0x872	[0x2757, [0x215a, [0x2149, [0x212a, nil]]]]
0x217bS0x411	[0x2169, nil]
0x2181S0x411	[0x2169, nil]
0x2168S0x2169S0x411	[0x2169, [0x215a, nil]]
0x2165S0x2169S0x411	[0x2169, [0x215a, nil]]
0x2162S0x2169S0x411	[0x2169, [0x215a, nil]]
0x2159S0x215aS0x2169S0x411	[0x2169, [0x215a, [0x2149, nil]]]
0x2152S0x215aS0x2169S0x411	[0x2169, [0x215a, [0x2149, nil]]]
0x2148S0x2149S0x215aS0x2169S0x411	[0x2169, [0x215a, [0x2149, [0x212a, nil]]]]
0x217bS0x5d8	[0x2169, nil]
0x2181S0x5d8	[0x2169, nil]
0x2168S0x2169S0x5d8	[0x2169, [0x215a, nil]]
0x2165S0x2169S0x5d8	[0x2169, [0x215a, nil]]
0x2162S0x2169S0x5d8	[0x2169, [0x215a, nil]]
0x2159S0x215aS0x2169S0x5d8	[0x2169, [0x215a, [0x2149, nil]]]
0x2152S0x215aS0x2169S0x5d8	[0x2169, [0x215a, [0x2149, nil]]]
0x2148S0x2149S0x215aS0x2169S0x5d8	[0x2169, [0x215a, [0x2149, [0x212a, nil]]]]
0x2689S0x675	[0x2677, nil]
0x2696S0x675	[0x2677, nil]
0x269dS0x675	[0x2677, nil]
0x2168S0x2677S0x675	[0x2677, [0x215a, nil]]
0x2165S0x2677S0x675	[0x2677, [0x215a, nil]]
0x2162S0x2677S0x675	[0x2677, [0x215a, nil]]
0x2159S0x215aS0x2677S0x675	[0x2677, [0x215a, [0x2149, nil]]]
0x2152S0x215aS0x2677S0x675	[0x2677, [0x215a, [0x2149, nil]]]
0x2148S0x2149S0x215aS0x2677S0x675	[0x2677, [0x215a, [0x2149, [0x212a, nil]]]]
0x2676S0x268aS0x675	[0x2677, [0x2668, nil]]
0x2673S0x268aS0x675	[0x2677, [0x2668, nil]]
0x2670S0x268aS0x675	[0x2677, [0x2668, nil]]
0x2667S0x2668S0x268aS0x675	[0x2677, [0x2668, [0x2647, nil]]]
0x2660S0x2668S0x268aS0x675	[0x2677, [0x2668, [0x2647, nil]]]
0x265bS0x2668S0x268aS0x675	[0x2677, [0x2668, [0x2647, nil]]]
0x2646S0x2668S0x268aS0x675	[0x2677, [0x2668, [0x2647, nil]]]
0x2656S0x2668S0x268aS0x675	[0x2677, [0x2668, [0x2647, nil]]]
0x2235S0x265cS0x2668S0x268aS0x675	[0x2677, [0x2668, [0x2647, [0x222d, nil]]]]
0x218aS0x2657S0x2668S0x268aS0x675	[0x2677, [0x2668, [0x2647, [0x2182, nil]]]]
0x27ecS0x8bc	[0x27d6, nil]
0x27e4S0x8bc	[0x27d6, nil]
0x27caS0x8bc	[0x27d6, nil]
0x27d5S0x8bc	[0x27d6, nil]
0x27b3S0x8bc	[0x27d6, nil]
0x27b1S0x8bc	[0x27d6, nil]
0x27fbS0x8bc	[0x27d6, nil]
0x27bfS0x8bc	[0x27d6, nil]
0x2801S0x8bc	[0x27d6, nil]
0x26eeS0x27b4S0x8bc	[0x27d6, [0x26df, nil]]
0x26e3S0x27b4S0x8bc	[0x27d6, [0x26df, nil]]
0x2168S0x27edS0x8bc	[0x27d6, [0x215a, nil]]
0x2165S0x27edS0x8bc	[0x27d6, [0x215a, nil]]
0x2162S0x27edS0x8bc	[0x27d6, [0x215a, nil]]
0x2159S0x215aS0x27edS0x8bc	[0x27d6, [0x215a, [0x2149, nil]]]
0x2152S0x215aS0x27edS0x8bc	[0x27d6, [0x215a, [0x2149, nil]]]
0x2148S0x2149S0x215aS0x27edS0x8bc	[0x27d6, [0x215a, [0x2149, [0x212a, nil]]]]
0x2862S0x8f3	[0x284c, nil]
0x285aS0x8f3	[0x284c, nil]
0x2840S0x8f3	[0x284c, nil]
0x284bS0x8f3	[0x284c, nil]
0x2829S0x8f3	[0x284c, nil]
0x2827S0x8f3	[0x284c, nil]
0x2871S0x8f3	[0x284c, nil]
0x2835S0x8f3	[0x284c, nil]
0x2877S0x8f3	[0x284c, nil]
0x26eeS0x282aS0x8f3	[0x284c, [0x26df, nil]]
0x26e3S0x282aS0x8f3	[0x284c, [0x26df, nil]]
0x2168S0x2863S0x8f3	[0x284c, [0x215a, nil]]
0x2165S0x2863S0x8f3	[0x284c, [0x215a, nil]]
0x2162S0x2863S0x8f3	[0x284c, [0x215a, nil]]
0x2159S0x215aS0x2863S0x8f3	[0x284c, [0x215a, [0x2149, nil]]]
0x2152S0x215aS0x2863S0x8f3	[0x284c, [0x215a, [0x2149, nil]]]
0x2148S0x2149S0x215aS0x2863S0x8f3	[0x284c, [0x215a, [0x2149, [0x212a, nil]]]]
0x28d8S0x92a	[0x28c2, nil]
0x28d0S0x92a	[0x28c2, nil]
0x28b6S0x92a	[0x28c2, nil]
0x28c1S0x92a	[0x28c2, nil]
0x289fS0x92a	[0x28c2, nil]
0x289dS0x92a	[0x28c2, nil]
0x28e7S0x92a	[0x28c2, nil]
0x28abS0x92a	[0x28c2, nil]
0x28edS0x92a	[0x28c2, nil]
0x26eeS0x28a0S0x92a	[0x28c2, [0x26df, nil]]
0x26e3S0x28a0S0x92a	[0x28c2, [0x26df, nil]]
0x2168S0x28d9S0x92a	[0x28c2, [0x215a, nil]]
0x2165S0x28d9S0x92a	[0x28c2, [0x215a, nil]]
0x2162S0x28d9S0x92a	[0x28c2, [0x215a, nil]]
0x2159S0x215aS0x28d9S0x92a	[0x28c2, [0x215a, [0x2149, nil]]]
0x2152S0x215aS0x28d9S0x92a	[0x28c2, [0x215a, [0x2149, nil]]]
0x2148S0x2149S0x215aS0x28d9S0x92a	[0x28c2, [0x215a, [0x2149, [0x212a, nil]]]]
0x294eS0x961	[0x2938, nil]
0x2946S0x961	[0x2938, nil]
0x292cS0x961	[0x2938, nil]
0x2937S0x961	[0x2938, nil]
0x2915S0x961	[0x2938, nil]
0x2913S0x961	[0x2938, nil]
0x295dS0x961	[0x2938, nil]
0x2921S0x961	[0x2938, nil]
0x2963S0x961	[0x2938, nil]
0x26eeS0x2916S0x961	[0x2938, [0x26df, nil]]
0x26e3S0x2916S0x961	[0x2938, [0x26df, nil]]
0x2168S0x294fS0x961	[0x2938, [0x215a, nil]]
0x2165S0x294fS0x961	[0x2938, [0x215a, nil]]
0x2162S0x294fS0x961	[0x2938, [0x215a, nil]]
0x2159S0x215aS0x294fS0x961	[0x2938, [0x215a, [0x2149, nil]]]
0x2152S0x215aS0x294fS0x961	[0x2938, [0x215a, [0x2149, nil]]]
0x2148S0x2149S0x215aS0x294fS0x961	[0x2938, [0x215a, [0x2149, [0x212a, nil]]]]
0x217bS0xb35	[0x2169, nil]
0x2181S0xb35	[0x2169, nil]
0x2168S0x2169S0xb35	[0x2169, [0x215a, nil]]
0x2165S0x2169S0xb35	[0x2169, [0x215a, nil]]
0x2162S0x2169S0xb35	[0x2169, [0x215a, nil]]
0x2159S0x215aS0x2169S0xb35	[0x2169, [0x215a, [0x2149, nil]]]
0x2152S0x215aS0x2169S0xb35	[0x2169, [0x215a, [0x2149, nil]]]
0x2148S0x2149S0x215aS0x2169S0xb35	[0x2169, [0x215a, [0x2149, [0x212a, nil]]]]
0x217bS0xe22	[0x2169, nil]
0x2181S0xe22	[0x2169, nil]
0x2168S0x2169S0xe22	[0x2169, [0x215a, nil]]
0x2165S0x2169S0xe22	[0x2169, [0x215a, nil]]
0x2162S0x2169S0xe22	[0x2169, [0x215a, nil]]
0x2159S0x215aS0x2169S0xe22	[0x2169, [0x215a, [0x2149, nil]]]
0x2152S0x215aS0x2169S0xe22	[0x2169, [0x215a, [0x2149, nil]]]
0x2148S0x2149S0x215aS0x2169S0xe22	[0x2169, [0x215a, [0x2149, [0x212a, nil]]]]
0x217bS0x1897	[0x2169, nil]
0x2181S0x1897	[0x2169, nil]
0x2168S0x2169S0x1897	[0x2169, [0x215a, nil]]
0x2165S0x2169S0x1897	[0x2169, [0x215a, nil]]
0x2162S0x2169S0x1897	[0x2169, [0x215a, nil]]
0x2159S0x215aS0x2169S0x1897	[0x2169, [0x215a, [0x2149, nil]]]
0x2152S0x215aS0x2169S0x1897	[0x2169, [0x215a, [0x2149, nil]]]
0x2148S0x2149S0x215aS0x2169S0x1897	[0x2169, [0x215a, [0x2149, [0x212a, nil]]]]
0x3534S0x197f	[0x3522, nil]
0x3521S0x197f	[0x3522, nil]
0x351eS0x197f	[0x3522, nil]
0x3541S0x197f	[0x3522, nil]
0x354eS0x197f	[0x3522, nil]
0x355bS0x197f	[0x3522, nil]
0x3564S0x197f	[0x3522, nil]
0x351bS0x197f	[0x3522, nil]
0x226dS0x3513S0x197f	[0x3522, [0x2260, nil]]
0x2304S0x3535S0x197f	[0x3522, [0x22fc, nil]]
0x2235S0x22fcS0x3535S0x197f	[0x3522, [0x22fc, [0x222d, nil]]]
0x2304S0x3542S0x197f	[0x3522, [0x22fc, nil]]
0x2235S0x22fcS0x3542S0x197f	[0x3522, [0x22fc, [0x222d, nil]]]
0x230aS0x3535S0x197f	[0x3522, [0x22fc, nil]]
0x2307S0x3535S0x197f	[0x3522, [0x22fc, nil]]
0x230aS0x3542S0x197f	[0x3522, [0x22fc, nil]]
0x2307S0x3542S0x197f	[0x3522, [0x22fc, nil]]
0x2168S0x3522S0x197f	[0x3522, [0x215a, nil]]
0x2165S0x3522S0x197f	[0x3522, [0x215a, nil]]
0x2162S0x3522S0x197f	[0x3522, [0x215a, nil]]
0x2159S0x215aS0x3522S0x197f	[0x3522, [0x215a, [0x2149, nil]]]
0x2152S0x215aS0x3522S0x197f	[0x3522, [0x215a, [0x2149, nil]]]
0x2148S0x2149S0x215aS0x3522S0x197f	[0x3522, [0x215a, [0x2149, [0x212a, nil]]]]
0x35f4S0x1a5b	[0x35e2, nil]
0x3601S0x1a5b	[0x35e2, nil]
0x360eS0x1a5b	[0x35e2, nil]
0x3616S0x1a5b	[0x35e2, nil]
0x2304S0x35e2S0x1a5b	[0x35e2, [0x22fc, nil]]
0x2235S0x22fcS0x35e2S0x1a5b	[0x35e2, [0x22fc, [0x222d, nil]]]
0x2a31S0x3602S0x1a5b	[0x35e2, [0x2a29, nil]]
0x232eS0x2a29S0x3602S0x1a5b	[0x35e2, [0x2a29, [0x2324, nil]]]
0x230aS0x35e2S0x1a5b	[0x35e2, [0x22fc, nil]]
0x2307S0x35e2S0x1a5b	[0x35e2, [0x22fc, nil]]
0x2a37S0x3602S0x1a5b	[0x35e2, [0x2a29, nil]]
0x2a34S0x3602S0x1a5b	[0x35e2, [0x2a29, nil]]
0x2676S0x35f5S0x1a5b	[0x35e2, [0x2668, nil]]
0x2673S0x35f5S0x1a5b	[0x35e2, [0x2668, nil]]
0x2670S0x35f5S0x1a5b	[0x35e2, [0x2668, nil]]
0x2667S0x2668S0x35f5S0x1a5b	[0x35e2, [0x2668, [0x2647, nil]]]
0x2660S0x2668S0x35f5S0x1a5b	[0x35e2, [0x2668, [0x2647, nil]]]
0x265bS0x2668S0x35f5S0x1a5b	[0x35e2, [0x2668, [0x2647, nil]]]
0x2646S0x2668S0x35f5S0x1a5b	[0x35e2, [0x2668, [0x2647, nil]]]
0x2656S0x2668S0x35f5S0x1a5b	[0x35e2, [0x2668, [0x2647, nil]]]
0x2235S0x265cS0x2668S0x35f5S0x1a5b	[0x35e2, [0x2668, [0x2647, [0x222d, nil]]]]
0x218aS0x2657S0x2668S0x35f5S0x1a5b	[0x35e2, [0x2668, [0x2647, [0x2182, nil]]]]
0x35f4S0x1b6f	[0x35e2, nil]
0x3601S0x1b6f	[0x35e2, nil]
0x360eS0x1b6f	[0x35e2, nil]
0x3616S0x1b6f	[0x35e2, nil]
0x2304S0x35e2S0x1b6f	[0x35e2, [0x22fc, nil]]
0x2235S0x22fcS0x35e2S0x1b6f	[0x35e2, [0x22fc, [0x222d, nil]]]
0x2a31S0x3602S0x1b6f	[0x35e2, [0x2a29, nil]]
0x232eS0x2a29S0x3602S0x1b6f	[0x35e2, [0x2a29, [0x2324, nil]]]
0x230aS0x35e2S0x1b6f	[0x35e2, [0x22fc, nil]]
0x2307S0x35e2S0x1b6f	[0x35e2, [0x22fc, nil]]
0x2a37S0x3602S0x1b6f	[0x35e2, [0x2a29, nil]]
0x2a34S0x3602S0x1b6f	[0x35e2, [0x2a29, nil]]
0x2676S0x35f5S0x1b6f	[0x35e2, [0x2668, nil]]
0x2673S0x35f5S0x1b6f	[0x35e2, [0x2668, nil]]
0x2670S0x35f5S0x1b6f	[0x35e2, [0x2668, nil]]
0x2667S0x2668S0x35f5S0x1b6f	[0x35e2, [0x2668, [0x2647, nil]]]
0x2660S0x2668S0x35f5S0x1b6f	[0x35e2, [0x2668, [0x2647, nil]]]
0x265bS0x2668S0x35f5S0x1b6f	[0x35e2, [0x2668, [0x2647, nil]]]
0x2646S0x2668S0x35f5S0x1b6f	[0x35e2, [0x2668, [0x2647, nil]]]
0x2656S0x2668S0x35f5S0x1b6f	[0x35e2, [0x2668, [0x2647, nil]]]
0x2235S0x265cS0x2668S0x35f5S0x1b6f	[0x35e2, [0x2668, [0x2647, [0x222d, nil]]]]
0x218aS0x2657S0x2668S0x35f5S0x1b6f	[0x35e2, [0x2668, [0x2647, [0x2182, nil]]]]
0x2455S0x1d4a	[0x2443, nil]
0x2462S0x1d4a	[0x2443, nil]
0x2469S0x1d4a	[0x2443, nil]
0x2304S0x2456S0x1d4a	[0x2443, [0x22fc, nil]]
0x2235S0x22fcS0x2456S0x1d4a	[0x2443, [0x22fc, [0x222d, nil]]]
0x230aS0x2456S0x1d4a	[0x2443, [0x22fc, nil]]
0x2307S0x2456S0x1d4a	[0x2443, [0x22fc, nil]]
0x2168S0x2443S0x1d4a	[0x2443, [0x215a, nil]]
0x2165S0x2443S0x1d4a	[0x2443, [0x215a, nil]]
0x2162S0x2443S0x1d4a	[0x2443, [0x215a, nil]]
0x2159S0x215aS0x2443S0x1d4a	[0x2443, [0x215a, [0x2149, nil]]]
0x2152S0x215aS0x2443S0x1d4a	[0x2443, [0x215a, [0x2149, nil]]]
0x2148S0x2149S0x215aS0x2443S0x1d4a	[0x2443, [0x215a, [0x2149, [0x212a, nil]]]]
0x21efS0x19d	[0x21dd, nil]
0x21dcS0x19d	[0x21dd, nil]
0x21d9S0x19d	[0x21dd, nil]
0x21f5S0x19d	[0x21dd, nil]
0x21d6S0x19d	[0x21dd, nil]
0x21cdS0x21ceS0x19d	[0x21dd, [0x21bd, nil]]
0x21c6S0x21ceS0x19d	[0x21dd, [0x21bd, nil]]
0x21bcS0x21bdS0x21ceS0x19d	[0x21dd, [0x21bd, [0x21ac, nil]]]
0x21b5S0x21bdS0x21ceS0x19d	[0x21dd, [0x21bd, [0x21ac, nil]]]
0x21abS0x21acS0x21bdS0x21ceS0x19d	[0x21dd, [0x21bd, [0x21ac, [0x218b, nil]]]]
0x21a4S0x21acS0x21bdS0x21ceS0x19d	[0x21dd, [0x21bd, [0x21ac, [0x218b, nil]]]]
0x219fS0x21acS0x21bdS0x21ceS0x19d	[0x21dd, [0x21bd, [0x21ac, [0x218b, nil]]]]
0x219aS0x21acS0x21bdS0x21ceS0x19d	[0x21dd, [0x21bd, [0x21ac, [0x218b, nil]]]]
0x2148S0x21a0S0x21acS0x21bdS0x21ceS0x19d	[0x21dd, [0x21bd, [0x21ac, [0x218b, [0x212a, nil]]]]]
0x218aS0x219bS0x21acS0x21bdS0x21ceS0x19d	[0x21dd, [0x21bd, [0x21ac, [0x218b, [0x2182, nil]]]]]
0x2148S0x218bS0x21acS0x21bdS0x21ceS0x19d	[0x21dd, [0x21bd, [0x21ac, [0x218b, [0x212a, nil]]]]]
0x22aeS0x1d4	[0x2298, nil]
0x22a7S0x1d4	[0x2298, nil]
0x22bcS0x1d4	[0x2298, nil]
0x7395S0x1d4	[0x2298, nil]
0x22cdS0x1d4	[0x2298, nil]
0x22deS0x1d4	[0x2298, nil]
0x22efS0x1d4	[0x2298, nil]
0x22fbS0x1d4	[0x2298, nil]
0x2259S0x22bdS0x1d4	[0x2298, [0x224c, nil]]
0x2259S0x22ceS0x1d4	[0x2298, [0x224c, nil]]
0x2248S0x224cB0x22bdS0x1d4	[0x2298, [0x2236, nil]]
0x2245S0x224cB0x22bdS0x1d4	[0x2298, [0x2236, nil]]
0x223eS0x224cB0x22bdS0x1d4	[0x2298, [0x2236, nil]]
0x2235S0x2236S0x224cB0x22bdS0x1d4	[0x2298, [0x2236, [0x222d, nil]]]
0x2248S0x224cB0x22ceS0x1d4	[0x2298, [0x2236, nil]]
0x2245S0x224cB0x22ceS0x1d4	[0x2298, [0x2236, nil]]
0x223eS0x224cB0x22ceS0x1d4	[0x2298, [0x2236, nil]]
0x2235S0x2236S0x224cB0x22ceS0x1d4	[0x2298, [0x2236, [0x222d, nil]]]
0x2291S0x22dfS0x1d4	[0x2298, [0x2284, nil]]
0x2280S0x2284S0x22dfS0x1d4	[0x2298, [0x2284, [0x226e, nil]]]
0x227dS0x2284S0x22dfS0x1d4	[0x2298, [0x2284, [0x226e, nil]]]
0x2276S0x2284S0x22dfS0x1d4	[0x2298, [0x2284, [0x226e, nil]]]
0x226dS0x226eS0x2284S0x22dfS0x1d4	[0x2298, [0x2284, [0x226e, [0x2260, nil]]]]
0x225fS0x22bdS0x1d4	[0x2298, [0x224c, nil]]
0x225fS0x22ceS0x1d4	[0x2298, [0x224c, nil]]
0x224bS0x224cB0x22bdS0x1d4	[0x2298, [0x2236, nil]]
0x224bS0x224cB0x22ceS0x1d4	[0x2298, [0x2236, nil]]
0x2297S0x22dfS0x1d4	[0x2298, [0x2284, nil]]
0x2283S0x2284S0x22dfS0x1d4	[0x2298, [0x2284, [0x226e, nil]]]
0x222cS0x22b0S0x1d4	[0x2298, [0x2219, nil]]
0x2226S0x22b0S0x1d4	[0x2298, [0x2219, nil]]
0x2215S0x2219S0x22b0S0x1d4	[0x2298, [0x2219, [0x2203, nil]]]
0x2212S0x2219S0x22b0S0x1d4	[0x2298, [0x2219, [0x2203, nil]]]
0x2218S0x2219S0x22b0S0x1d4	[0x2298, [0x2219, [0x2203, nil]]]
0x220bS0x2219S0x22b0S0x1d4	[0x2298, [0x2219, [0x2203, nil]]]
0x2159S0x2203S0x2219S0x22b0S0x1d4	[0x2298, [0x2219, [0x2203, [0x2149, nil]]]]
0x2152S0x2203S0x2219S0x22b0S0x1d4	[0x2298, [0x2219, [0x2203, [0x2149, nil]]]]
0x2148S0x2149S0x2203S0x2219S0x22b0S0x1d4	[0x2298, [0x2219, [0x2203, [0x2149, [0x212a, nil]]]]]
0x2374S0x23a	[0x2359, nil]
0x236dS0x23a	[0x2359, nil]
0x2382S0x23a	[0x2359, nil]
0x73b8S0x23a	[0x2359, nil]
0x2393S0x23a	[0x2359, nil]
0x23a4S0x23a	[0x2359, nil]
0x23b5S0x23a	[0x2359, nil]
0x23c6S0x23a	[0x2359, nil]
0x23d7S0x23a	[0x2359, nil]
0x23e8S0x23a	[0x2359, nil]
0x23f9S0x23a	[0x2359, nil]
0x2409S0x23a	[0x2359, nil]
0x2352S0x2376S0x23a	[0x2359, [0x2345, nil]]
0x2352S0x2383S0x23a	[0x2359, [0x2345, nil]]
0x2352S0x2394S0x23a	[0x2359, [0x2345, nil]]
0x2352S0x23a5S0x23a	[0x2359, [0x2345, nil]]
0x2341S0x2345B0x2376S0x23a	[0x2359, [0x232f, nil]]
0x233eS0x2345B0x2376S0x23a	[0x2359, [0x232f, nil]]
0x2337S0x2345B0x2376S0x23a	[0x2359, [0x232f, nil]]
0x232eS0x232fS0x2345B0x2376S0x23a	[0x2359, [0x232f, [0x2324, nil]]]
0x2341S0x2345B0x2383S0x23a	[0x2359, [0x232f, nil]]
0x233eS0x2345B0x2383S0x23a	[0x2359, [0x232f, nil]]
0x2337S0x2345B0x2383S0x23a	[0x2359, [0x232f, nil]]
0x232eS0x232fS0x2345B0x2383S0x23a	[0x2359, [0x232f, [0x2324, nil]]]
0x2341S0x2345B0x2394S0x23a	[0x2359, [0x232f, nil]]
0x233eS0x2345B0x2394S0x23a	[0x2359, [0x232f, nil]]
0x2337S0x2345B0x2394S0x23a	[0x2359, [0x232f, nil]]
0x232eS0x232fS0x2345B0x2394S0x23a	[0x2359, [0x232f, [0x2324, nil]]]
0x2341S0x2345B0x23a5S0x23a	[0x2359, [0x232f, nil]]
0x233eS0x2345B0x23a5S0x23a	[0x2359, [0x232f, nil]]
0x2337S0x2345B0x23a5S0x23a	[0x2359, [0x232f, nil]]
0x232eS0x232fS0x2345B0x23a5S0x23a	[0x2359, [0x232f, [0x2324, nil]]]
0x2291S0x23e9S0x23a	[0x2359, [0x2284, nil]]
0x2280S0x2284S0x23e9S0x23a	[0x2359, [0x2284, [0x226e, nil]]]
0x227dS0x2284S0x23e9S0x23a	[0x2359, [0x2284, [0x226e, nil]]]
0x2276S0x2284S0x23e9S0x23a	[0x2359, [0x2284, [0x226e, nil]]]
0x226dS0x226eS0x2284S0x23e9S0x23a	[0x2359, [0x2284, [0x226e, [0x2260, nil]]]]
0x2358S0x2376S0x23a	[0x2359, [0x2345, nil]]
0x2358S0x2383S0x23a	[0x2359, [0x2345, nil]]
0x2358S0x2394S0x23a	[0x2359, [0x2345, nil]]
0x2358S0x23a5S0x23a	[0x2359, [0x2345, nil]]
0x2344S0x2345B0x2376S0x23a	[0x2359, [0x232f, nil]]
0x2344S0x2345B0x2383S0x23a	[0x2359, [0x232f, nil]]
0x2344S0x2345B0x2394S0x23a	[0x2359, [0x232f, nil]]
0x2344S0x2345B0x23a5S0x23a	[0x2359, [0x232f, nil]]
0x2297S0x23e9S0x23a	[0x2359, [0x2284, nil]]
0x2283S0x2284S0x23e9S0x23a	[0x2359, [0x2284, [0x226e, nil]]]
0x222cS0x23b6S0x23a	[0x2359, [0x2219, nil]]
0x2226S0x23b6S0x23a	[0x2359, [0x2219, nil]]
0x2215S0x2219S0x23b6S0x23a	[0x2359, [0x2219, [0x2203, nil]]]
0x2212S0x2219S0x23b6S0x23a	[0x2359, [0x2219, [0x2203, nil]]]
0x2218S0x2219S0x23b6S0x23a	[0x2359, [0x2219, [0x2203, nil]]]
0x220bS0x2219S0x23b6S0x23a	[0x2359, [0x2219, [0x2203, nil]]]
0x2159S0x2203S0x2219S0x23b6S0x23a	[0x2359, [0x2219, [0x2203, [0x2149, nil]]]]
0x2152S0x2203S0x2219S0x23b6S0x23a	[0x2359, [0x2219, [0x2203, [0x2149, nil]]]]
0x2148S0x2149S0x2203S0x2219S0x23b6S0x23a	[0x2359, [0x2219, [0x2203, [0x2149, [0x212a, nil]]]]]
0x222cS0x23c7S0x23a	[0x2359, [0x2219, nil]]
0x2226S0x23c7S0x23a	[0x2359, [0x2219, nil]]
0x2215S0x2219S0x23c7S0x23a	[0x2359, [0x2219, [0x2203, nil]]]
0x2212S0x2219S0x23c7S0x23a	[0x2359, [0x2219, [0x2203, nil]]]
0x2218S0x2219S0x23c7S0x23a	[0x2359, [0x2219, [0x2203, nil]]]
0x220bS0x2219S0x23c7S0x23a	[0x2359, [0x2219, [0x2203, nil]]]
0x2159S0x2203S0x2219S0x23c7S0x23a	[0x2359, [0x2219, [0x2203, [0x2149, nil]]]]
0x2152S0x2203S0x2219S0x23c7S0x23a	[0x2359, [0x2219, [0x2203, [0x2149, nil]]]]
0x2148S0x2149S0x2203S0x2219S0x23c7S0x23a	[0x2359, [0x2219, [0x2203, [0x2149, [0x212a, nil]]]]]
0x222cS0x23d8S0x23a	[0x2359, [0x2219, nil]]
0x2226S0x23d8S0x23a	[0x2359, [0x2219, nil]]
0x2215S0x2219S0x23d8S0x23a	[0x2359, [0x2219, [0x2203, nil]]]
0x2212S0x2219S0x23d8S0x23a	[0x2359, [0x2219, [0x2203, nil]]]
0x2218S0x2219S0x23d8S0x23a	[0x2359, [0x2219, [0x2203, nil]]]
0x220bS0x2219S0x23d8S0x23a	[0x2359, [0x2219, [0x2203, nil]]]
0x2159S0x2203S0x2219S0x23d8S0x23a	[0x2359, [0x2219, [0x2203, [0x2149, nil]]]]
0x2152S0x2203S0x2219S0x23d8S0x23a	[0x2359, [0x2219, [0x2203, [0x2149, nil]]]]
0x2148S0x2149S0x2203S0x2219S0x23d8S0x23a	[0x2359, [0x2219, [0x2203, [0x2149, [0x212a, nil]]]]]
0x243cS0x26b	[0x242a, nil]
0x2429S0x26b	[0x242a, nil]
0x2426S0x26b	[0x242a, nil]
0x2442S0x26b	[0x242a, nil]
0x2423S0x26b	[0x242a, nil]
0x241aS0x241bS0x26b	[0x242a, [0x240a, nil]]
0x2413S0x241bS0x26b	[0x242a, [0x240a, nil]]
0x21bcS0x240aS0x241bS0x26b	[0x242a, [0x240a, [0x21ac, nil]]]
0x21b5S0x240aS0x241bS0x26b	[0x242a, [0x240a, [0x21ac, nil]]]
0x21abS0x21acS0x240aS0x241bS0x26b	[0x242a, [0x240a, [0x21ac, [0x218b, nil]]]]
0x21a4S0x21acS0x240aS0x241bS0x26b	[0x242a, [0x240a, [0x21ac, [0x218b, nil]]]]
0x219fS0x21acS0x240aS0x241bS0x26b	[0x242a, [0x240a, [0x21ac, [0x218b, nil]]]]
0x219aS0x21acS0x240aS0x241bS0x26b	[0x242a, [0x240a, [0x21ac, [0x218b, nil]]]]
0x2148S0x21a0S0x21acS0x240aS0x241bS0x26b	[0x242a, [0x240a, [0x21ac, [0x218b, [0x212a, nil]]]]]
0x218aS0x219bS0x21acS0x240aS0x241bS0x26b	[0x242a, [0x240a, [0x21ac, [0x218b, [0x2182, nil]]]]]
0x2148S0x218bS0x21acS0x240aS0x241bS0x26b	[0x242a, [0x240a, [0x21ac, [0x218b, [0x212a, nil]]]]]
0x25d7S0x49f	[0x25c4, nil]
0x25ddS0x49f	[0x25c4, nil]
0x2505S0x25c4S0x49f	[0x25c4, [0x2524, nil]]
0x2502S0x25c4S0x49f	[0x25c4, [0x2524, nil]]
0x2523S0x25c4S0x49f	[0x25c4, [0x2524, nil]]
0x2520S0x25c4S0x49f	[0x25c4, [0x2524, nil]]
0x254bS0x25c4S0x49f	[0x25c4, [0x2524, nil]]
0x255eS0x25c4S0x49f	[0x25c4, [0x2524, nil]]
0x2571S0x25c4S0x49f	[0x25c4, [0x2524, nil]]
0x24ffS0x25c4S0x49f	[0x25c4, [0x2524, nil]]
0x2584S0x25c4S0x49f	[0x25c4, [0x2524, nil]]
0x2597S0x25c4S0x49f	[0x25c4, [0x2524, nil]]
0x25aaS0x25c4S0x49f	[0x25c4, [0x2524, nil]]
0x25bdS0x25c4S0x49f	[0x25c4, [0x2524, nil]]
0x25c3S0x25c4S0x49f	[0x25c4, [0x2524, nil]]
0x251dS0x25c4S0x49f	[0x25c4, [0x2524, nil]]
0x2538S0x25c4S0x49f	[0x25c4, [0x2524, nil]]
0x226dS0x24f7S0x25c4S0x49f	[0x25c4, [0x2524, [0x2260, nil]]]
0x2148S0x2515S0x25c4S0x49f	[0x25c4, [0x2524, [0x212a, nil]]]
0x250eS0x2572S0x25c4S0x49f	[0x25c4, [0x2524, [0x2506, nil]]]
0x2235S0x2506S0x2572S0x25c4S0x49f	[0x25c4, [0x2524, [0x2506, [0x222d, nil]]]]
0x250eS0x2585S0x25c4S0x49f	[0x25c4, [0x2524, [0x2506, nil]]]
0x2235S0x2506S0x2585S0x25c4S0x49f	[0x25c4, [0x2524, [0x2506, [0x222d, nil]]]]
0x250eS0x2598S0x25c4S0x49f	[0x25c4, [0x2524, [0x2506, nil]]]
0x2235S0x2506S0x2598S0x25c4S0x49f	[0x25c4, [0x2524, [0x2506, [0x222d, nil]]]]
0x2514S0x2572S0x25c4S0x49f	[0x25c4, [0x2524, [0x2506, nil]]]
0x2511S0x2572S0x25c4S0x49f	[0x25c4, [0x2524, [0x2506, nil]]]
0x2514S0x2585S0x25c4S0x49f	[0x25c4, [0x2524, [0x2506, nil]]]
0x2511S0x2585S0x25c4S0x49f	[0x25c4, [0x2524, [0x2506, nil]]]
0x2514S0x2598S0x25c4S0x49f	[0x25c4, [0x2524, [0x2506, nil]]]
0x2511S0x2598S0x25c4S0x49f	[0x25c4, [0x2524, [0x2506, nil]]]
0x24f6S0x2539S0x25c4S0x49f	[0x25c4, [0x2524, [0x24e8, nil]]]
0x24f3S0x2539S0x25c4S0x49f	[0x25c4, [0x2524, [0x24e8, nil]]]
0x24f0S0x2539S0x25c4S0x49f	[0x25c4, [0x2524, [0x24e8, nil]]]
0x2159S0x24e8S0x2539S0x25c4S0x49f	[0x25c4, [0x2524, [0x24e8, [0x2149, nil]]]]
0x2152S0x24e8S0x2539S0x25c4S0x49f	[0x25c4, [0x2524, [0x24e8, [0x2149, nil]]]]
0x2148S0x2149S0x24e8S0x2539S0x25c4S0x49f	[0x25c4, [0x2524, [0x24e8, [0x2149, [0x212a, nil]]]]]
0x24f6S0x255fS0x25c4S0x49f	[0x25c4, [0x2524, [0x24e8, nil]]]
0x24f3S0x255fS0x25c4S0x49f	[0x25c4, [0x2524, [0x24e8, nil]]]
0x24f0S0x255fS0x25c4S0x49f	[0x25c4, [0x2524, [0x24e8, nil]]]
0x2159S0x24e8S0x255fS0x25c4S0x49f	[0x25c4, [0x2524, [0x24e8, [0x2149, nil]]]]
0x2152S0x24e8S0x255fS0x25c4S0x49f	[0x25c4, [0x2524, [0x24e8, [0x2149, nil]]]]
0x2148S0x2149S0x24e8S0x255fS0x25c4S0x49f	[0x25c4, [0x2524, [0x24e8, [0x2149, [0x212a, nil]]]]]
0x24f6S0x2524S0x25c4S0x49f	[0x25c4, [0x2524, [0x24e8, nil]]]
0x24f3S0x2524S0x25c4S0x49f	[0x25c4, [0x2524, [0x24e8, nil]]]
0x24f0S0x2524S0x25c4S0x49f	[0x25c4, [0x2524, [0x24e8, nil]]]
0x2159S0x24e8S0x2524S0x25c4S0x49f	[0x25c4, [0x2524, [0x24e8, [0x2149, nil]]]]
0x2152S0x24e8S0x2524S0x25c4S0x49f	[0x25c4, [0x2524, [0x24e8, [0x2149, nil]]]]
0x2148S0x2149S0x24e8S0x2524S0x25c4S0x49f	[0x25c4, [0x2524, [0x24e8, [0x2149, [0x212a, nil]]]]]
0x2630S0x666	[0x260b, nil]
0x2633S0x666	[0x260b, nil]
0x2636S0x666	[0x260b, nil]
0x260cS0x666	[0x260b, nil]
0x260dS0x666	[0x260b, nil]
0x2611S0x666	[0x260b, nil]
0x2614S0x666	[0x260b, nil]
0x2618S0x666	[0x260b, nil]
0x261cS0x666	[0x260b, nil]
0x261fS0x666	[0x260b, nil]
0x2625S0x666	[0x260b, nil]
0x262aS0x666	[0x260b, nil]
0x262bS0x666	[0x260b, nil]
0x262cS0x666	[0x260b, nil]
0x262fS0x666	[0x260b, nil]
0x263dS0x666	[0x260b, nil]
0x741fS0x666	[0x260b, nil]
0x7440S0x666	[0x260b, nil]
0x7442S0x666	[0x260b, nil]
0x7444S0x666	[0x260b, nil]
0x7447S0x666	[0x260b, nil]
0x7449S0x666	[0x260b, nil]
0x744aS0x666	[0x260b, nil]
0x7441S0x666	[0x260b, nil]
0x7446S0x666	[0x260b, nil]
0x222eS0x260bS0x666	[0x260b, [0x222d, nil]]
0x2235S0x260bS0x666	[0x260b, [0x222d, nil]]
0x222eS0x2615S0x666	[0x260b, [0x222d, nil]]
0x2235S0x2615S0x666	[0x260b, [0x222d, nil]]
0x2a76S0xaf5	[0x2a51, nil]
0x2a79S0xaf5	[0x2a51, nil]
0x2a7cS0xaf5	[0x2a51, nil]
0x2a52S0xaf5	[0x2a51, nil]
0x2a53S0xaf5	[0x2a51, nil]
0x2a57S0xaf5	[0x2a51, nil]
0x2a5aS0xaf5	[0x2a51, nil]
0x2a5eS0xaf5	[0x2a51, nil]
0x2a62S0xaf5	[0x2a51, nil]
0x2a65S0xaf5	[0x2a51, nil]
0x2a6bS0xaf5	[0x2a51, nil]
0x2a70S0xaf5	[0x2a51, nil]
0x2a71S0xaf5	[0x2a51, nil]
0x2a72S0xaf5	[0x2a51, nil]
0x2a75S0xaf5	[0x2a51, nil]
0x2a83S0xaf5	[0x2a51, nil]
0x746bS0xaf5	[0x2a51, nil]
0x748cS0xaf5	[0x2a51, nil]
0x748eS0xaf5	[0x2a51, nil]
0x7490S0xaf5	[0x2a51, nil]
0x7493S0xaf5	[0x2a51, nil]
0x7495S0xaf5	[0x2a51, nil]
0x7496S0xaf5	[0x2a51, nil]
0x748dS0xaf5	[0x2a51, nil]
0x7492S0xaf5	[0x2a51, nil]
0x222eS0x2a51S0xaf5	[0x2a51, [0x222d, nil]]
0x2235S0x2a51S0xaf5	[0x2a51, [0x222d, nil]]
0x222eS0x2a5bS0xaf5	[0x2a51, [0x222d, nil]]
0x2235S0x2a5bS0xaf5	[0x2a51, [0x222d, nil]]
