0x0	0x0
0xf	0xd
0x4	0x0
0x8	0x0
0x60	0x59
0x3f	0x3e
0x2	0x0
0x5	0x0
0x7	0x0
0x9	0x0
0xd	0xd
0xe	0xd
0x11	0xd
0x13	0xd
0x18	0xd
0x19	0xd
0x1e	0x1d
0x23	0x1d
0x29	0x28
0x2e	0x28
0x34	0x33
0x39	0x33
0x44	0x3e
0x49	0x49
0x4f	0x4d
0x54	0x4d
0x5a	0x59
0x5f	0x59
0x65	0x64
0x6a	0x64
0x70	0x6f
0x75	0x6f
0x7a	0x7a
0x7f	0x7e
0x80	0x7e
0x84	0xe9c7
0x99	0xe9c7
0xae	0xe9c7
0xaf	0xe9c7
0xb2	0xe9c7
0xb5	0xe9c7
0xb6	0xe9c7
0xb8	0xe9c7
0xba	0xe9c7
0xbb	0xe9c7
0xbc	0xe9c7
0xbe	0xe9c7
0xc1	0xe9c7
0xc6	0xe9c7
0xcc	0xe9c7
0xce	0xe9c7
0xcf	0xe9c7
0xd3	0xd3
0xd4	0xd3
0xd7	0xd3
0xd8	0xd3
0xdd	0xdc
0xf2	0xdc
0x107	0xdc
0x108	0xdc
0x10b	0xdc
0x10e	0xdc
0x10f	0xdc
0x111	0xdc
0x113	0xdc
0x114	0xdc
0x115	0xdc
0x117	0xdc
0x11a	0xdc
0x11f	0xdc
0x125	0xdc
0x127	0xdc
0x128	0xdc
0x12c	0x12c
0x12d	0x12c
0x130	0x12c
0x131	0x12c
0x136	0x135
0x138	0x135
0x139	0x135
0x13d	0x13d
0x142	0x140
0x145	0x140
0x14a	0x149
0x14c	0x149
0x14d	0x149
0x152	0x149
0x157	0x156
0x159	0x156
0x15c	0x156
0x160	0x15f
0x162	0x15f
0x163	0x15f
0x167	0x167
0x16c	0x16a
0x16f	0x16a
0x174	0x173
0x176	0x173
0x177	0x173
0x17c	0x173
0x181	0x180
0x183	0x180
0x186	0x180
0x18a	0x189
0x18c	0x189
0x18d	0x189
0x191	0x191
0x196	0x194
0x199	0x194
0x19e	0x19d
0x1a0	0x19d
0x1a1	0x19d
0x1a6	0x19d
0x1ab	0x1aa
0x1ad	0x1aa
0x1b0	0x1aa
0x1b4	0x1b3
0x1b6	0x1b3
0x1b7	0x1b3
0x1bb	0x1bb
0x1c0	0x1be
0x1c3	0x1be
0x1ca	0x1c9
0x1cc	0x1c9
0x1cd	0x1c9
0x1d1	0x1d1
0x1d6	0x1d4
0x1d9	0x1d4
0x1dc	0x1d4
0x1dd	0x1d4
0x1df	0x1d4
0x1e1	0x1d4
0x1e6	0x1d4
0x1eb	0x1ea
0x1f0	0x1ef
0x1f2	0x1ef
0x1f3	0x1ef
0x1f8	0x1ef
0x1fd	0x1fc
0x1ff	0x1fc
0x202	0x1fc
0x206	0x205
0x208	0x205
0x209	0x205
0x20d	0x20d
0x212	0x210
0x215	0x210
0x21a	0x219
0x21c	0x219
0x21d	0x219
0x222	0x219
0x227	0x226
0x229	0x226
0x22c	0x226
0x230	0x22f
0x232	0x22f
0x233	0x22f
0x237	0x237
0x23c	0x23a
0x23f	0x23a
0x242	0x23a
0x243	0x23a
0x245	0x23a
0x247	0x23a
0x24c	0x23a
0x251	0x250
0x258	0x257
0x25a	0x257
0x25b	0x257
0x25f	0x25f
0x264	0x262
0x267	0x262
0x26c	0x26b
0x26e	0x26b
0x26f	0x26b
0x274	0x26b
0x279	0x278
0x27b	0x278
0x27e	0x278
0x282	0x281
0x29a	0x299
0x2b2	0x2b1
0x382	0x381
0x384	0x381
0x399	0x381
0x39a	0x381
0x39f	0x381
0x3b5	0x381
0x3b7	0x381
0x3b9	0x381
0x3be	0x381
0x3bf	0x381
0x3c1	0x381
0x3c4	0x381
0x3c6	0x381
0x3c7	0x381
0x3cd	0x381
0x3d2	0x3d1
0x3d4	0x3d1
0x3d6	0x3d1
0x3d9	0x3d1
0x3db	0x3d1
0x3dd	0x3d1
0x3de	0x3d1
0x3df	0x3d1
0x3e1	0x3d1
0x3e2	0x3d1
0x3e6	0x3e6
0x3e7	0x3e6
0x3ea	0x3e6
0x3eb	0x3e6
0x3f2	0x3ed
0x3f4	0x3ed
0x3f5	0x3ed
0x3f6	0x3ed
0x3f8	0x3ed
0x3f9	0x3ed
0x3fc	0x3ed
0x3fd	0x3ed
0x3ff	0x3ed
0x401	0x3ed
0x406	0x3ed
0x408	0x3ed
0x40d	0x3ed
0x413	0x411
0x414	0x411
0x429	0x411
0x43e	0x411
0x43f	0x411
0x444	0x411
0x445	0x411
0x447	0x411
0x449	0x411
0x44e	0x411
0x44f	0x411
0x451	0x411
0x454	0x411
0x456	0x411
0x457	0x411
0x45c	0x411
0x461	0x460
0x463	0x460
0x465	0x460
0x468	0x460
0x46b	0x460
0x46c	0x460
0x46d	0x460
0x46f	0x460
0x470	0x460
0x474	0x474
0x475	0x474
0x478	0x474
0x479	0x474
0x480	0x47b
0x482	0x47b
0x483	0x47b
0x484	0x47b
0x486	0x47b
0x487	0x47b
0x48a	0x47b
0x48b	0x47b
0x48d	0x47b
0x48f	0x47b
0x494	0x47b
0x496	0x47b
0x49b	0x47b
0x4a2	0x49f
0x4b7	0x49f
0x4cc	0x49f
0x4cd	0x49f
0x4d2	0x49f
0x4d4	0x49f
0x4d6	0x49f
0x4d9	0x49f
0x4da	0x49f
0x4df	0x49f
0x4f4	0x49f
0x4f7	0x49f
0x4f9	0x49f
0x4fa	0x49f
0x50f	0x49f
0x524	0x49f
0x527	0x49f
0x529	0x49f
0x52b	0x49f
0x52f	0x49f
0x532	0x49f
0x534	0x49f
0x535	0x49f
0x536	0x49f
0x54b	0x49f
0x54e	0x49f
0x550	0x49f
0x554	0x49f
0x556	0x49f
0x55a	0x49f
0x55c	0x49f
0x55d	0x49f
0x560	0x49f
0x562	0x49f
0x563	0x49f
0x564	0x49f
0x579	0x49f
0x57d	0x49f
0x57f	0x49f
0x581	0x49f
0x586	0x49f
0x587	0x49f
0x589	0x49f
0x58c	0x49f
0x58e	0x49f
0x58f	0x49f
0x594	0x49f
0x599	0x598
0x59b	0x598
0x59d	0x598
0x5a0	0x598
0x5a2	0x598
0x5a4	0x598
0x5a5	0x598
0x5a6	0x598
0x5a8	0x598
0x5a9	0x598
0x5ad	0x5ad
0x5ae	0x5ad
0x5b1	0x5ad
0x5b2	0x5ad
0x5b9	0x5b4
0x5bb	0x5b4
0x5bc	0x5b4
0x5bd	0x5b4
0x5bf	0x5b4
0x5c0	0x5b4
0x5c3	0x5b4
0x5c4	0x5b4
0x5c6	0x5b4
0x5c8	0x5b4
0x5cd	0x5b4
0x5cf	0x5b4
0x5d4	0x5b4
0x5da	0x5d8
0x5db	0x5d8
0x5f0	0x5d8
0x605	0x5d8
0x606	0x5d8
0x60b	0x5d8
0x60c	0x5d8
0x60e	0x5d8
0x610	0x5d8
0x615	0x5d8
0x616	0x5d8
0x618	0x5d8
0x61b	0x5d8
0x61d	0x5d8
0x61e	0x5d8
0x623	0x5d8
0x628	0x627
0x62a	0x627
0x62c	0x627
0x62f	0x627
0x632	0x627
0x633	0x627
0x634	0x627
0x636	0x627
0x637	0x627
0x63b	0x63b
0x63c	0x63b
0x63f	0x63b
0x640	0x63b
0x647	0x642
0x649	0x642
0x64a	0x642
0x64b	0x642
0x64d	0x642
0x64e	0x642
0x651	0x642
0x652	0x642
0x654	0x642
0x656	0x642
0x65b	0x642
0x65d	0x642
0x662	0x642
0x669	0x666
0x66c	0x666
0x671	0x666
0x679	0x675
0x68e	0x675
0x68f	0x675
0x694	0x675
0x6a9	0x675
0x6aa	0x675
0x6ac	0x675
0x6ae	0x675
0x6b3	0x675
0x6b4	0x675
0x6b6	0x675
0x6b9	0x675
0x6bb	0x675
0x6bc	0x675
0x6c2	0x675
0x6c7	0x6c6
0x6c9	0x6c6
0x6cb	0x6c6
0x6ce	0x6c6
0x6d0	0x6c6
0x6d2	0x6c6
0x6d3	0x6c6
0x6d4	0x6c6
0x6d6	0x6c6
0x6d7	0x6c6
0x6db	0x6db
0x6dc	0x6db
0x6df	0x6db
0x6e0	0x6db
0x6e7	0x6e2
0x6e9	0x6e2
0x6ea	0x6e2
0x6eb	0x6e2
0x6ed	0x6e2
0x6ee	0x6e2
0x6f1	0x6e2
0x6f2	0x6e2
0x6f4	0x6e2
0x6f6	0x6e2
0x6fb	0x6e2
0x6fd	0x6e2
0x702	0x6e2
0x708	0x706
0x71d	0x706
0x732	0x706
0x733	0x706
0x739	0x706
0x73b	0x706
0x73d	0x706
0x742	0x706
0x743	0x706
0x745	0x706
0x748	0x706
0x74a	0x706
0x74b	0x706
0x750	0x706
0x755	0x754
0x756	0x754
0x758	0x754
0x75b	0x754
0x75d	0x754
0x760	0x754
0x761	0x754
0x763	0x754
0x764	0x754
0x768	0x768
0x76d	0x76b
0x76e	0x76b
0x76f	0x76b
0x771	0x76b
0x772	0x76b
0x776	0x776
0x777	0x776
0x77a	0x776
0x77b	0x776
0x782	0x77d
0x783	0x77d
0x786	0x77d
0x788	0x77d
0x789	0x77d
0x78a	0x77d
0x78e	0x78e
0x78f	0x78e
0x7a4	0x78e
0x7b9	0x78e
0x7bb	0x78e
0x7bd	0x78e
0x7be	0x78e
0x7c2	0x78e
0x7c7	0x7c6
0x7c8	0x7c6
0x7ca	0x7c6
0x7cd	0x7c6
0x7d1	0x7c6
0x7d2	0x7c6
0x7d7	0x7c6
0x7d9	0x7c6
0x7db	0x7c6
0x7dc	0x7c6
0x7e0	0x7e0
0x7e2	0x7e0
0x7e5	0x7e0
0x7e7	0x7e0
0x7e8	0x7e0
0x7ea	0x7e0
0x7eb	0x7e0
0x7ec	0x7e0
0x7ee	0x7e0
0x7ef	0x7e0
0x7f2	0x7e0
0x7f5	0x7e0
0x7f6	0x7e0
0x7f7	0x7e0
0x7fa	0x7e0
0x7fc	0x7e0
0x801	0x800
0x80b	0x805
0x80f	0x80f
0x811	0x80f
0x812	0x80f
0x835	0x80f
0x837	0x80f
0x838	0x80f
0x83c	0x80f
0x841	0x840
0x843	0x840
0x846	0x840
0x85b	0x85a
0x873	0x872
0x874	0x872
0x889	0x872
0x88a	0x872
0x8ae	0x872
0x8b0	0x872
0x8b1	0x872
0x8b8	0x872
0x8bd	0x8bc
0x8bf	0x8bc
0x8c2	0x8bc
0x8c5	0x8bc
0x8e6	0x8bc
0x8e7	0x8bc
0x8e9	0x8bc
0x8ea	0x8bc
0x8ef	0x8bc
0x8f4	0x8f3
0x8f6	0x8f3
0x8f9	0x8f3
0x8fc	0x8f3
0x91e	0x8f3
0x920	0x8f3
0x921	0x8f3
0x926	0x8f3
0x92b	0x92a
0x92d	0x92a
0x930	0x92a
0x933	0x92a
0x955	0x92a
0x957	0x92a
0x958	0x92a
0x95d	0x92a
0x962	0x961
0x964	0x961
0x967	0x961
0x96a	0x961
0x98c	0x961
0x98e	0x961
0x98f	0x961
0x994	0x961
0x999	0x998
0x99b	0x998
0x99e	0x998
0x9a1	0x998
0x9a2	0x998
0x9b7	0x998
0x9b9	0x998
0x9ce	0x998
0x9cf	0x998
0x9d1	0x998
0x9d6	0x9d5
0x9d7	0x9d5
0x9ec	0x9d5
0x9ee	0x9d5
0xa03	0x9d5
0xa04	0x9d5
0xa07	0xa05
0xa0c	0xa0b
0xa0d	0xa0b
0xa22	0xa0b
0xa24	0xa0b
0xa39	0xa0b
0xa3a	0xa0b
0xa3c	0xa3b
0xa3d	0xa3b
0xa41	0xa41
0xa62	0xa41
0xa64	0xa41
0xa65	0xa41
0xa69	0xa41
0xa6e	0xa6d
0xa70	0xa6d
0xa73	0xa6d
0xa76	0xa6d
0xa77	0xa6d
0xa8c	0xa6d
0xa8d	0xa6d
0xaae	0xa6d
0xaaf	0xa6d
0xab1	0xa6d
0xab2	0xa6d
0xab7	0xa6d
0xabc	0xabb
0xabe	0xabb
0xac1	0xabb
0xac4	0xabb
0xac6	0xabb
0xac7	0xabb
0xaea	0xabb
0xaec	0xabb
0xaed	0xabb
0xaef	0xabb
0xaf2	0xabb
0xaf6	0xaf5
0xaf7	0xaf5
0xafa	0xaf5
0xafb	0xaf5
0xb00	0xaf5
0xb07	0xb04
0xb29	0xb04
0xb2b	0xb04
0xb2c	0xb04
0xb31	0xb04
0xb36	0xb35
0xb38	0xb35
0xb3b	0xb35
0xb3e	0xb35
0xb42	0xb35
0xb46	0xb35
0xb4b	0xb35
0xb60	0xb35
0xb61	0xb35
0xb66	0xb35
0xb67	0xb35
0xb69	0xb35
0xb6b	0xb35
0xb70	0xb35
0xb71	0xb35
0xb73	0xb35
0xb76	0xb35
0xb78	0xb35
0xb79	0xb35
0xb7e	0xb35
0xb83	0xb82
0xb85	0xb82
0xb87	0xb82
0xb8a	0xb82
0xb8d	0xb82
0xb8e	0xb82
0xb94	0xb82
0xb95	0xb82
0xb9a	0xb99
0xb9c	0xb99
0xb9d	0xb99
0xb9e	0xb99
0xba0	0xb99
0xba1	0xb99
0xba4	0xb99
0xba5	0xb99
0xba7	0xb99
0xba9	0xb99
0xbae	0xb99
0xbb0	0xb99
0xbb5	0xb99
0xbba	0xbb9
0xbbd	0xbbc
0xbc1	0xbc1
0xbc4	0xbc1
0xbca	0xbc8
0xbcf	0xbc8
0xbd0	0xbc8
0xbd5	0xbd4
0xbd8	0xbd4
0xbde	0xbdc
0xbe3	0xbe2
0xbe8	0xbe7
0xc0a	0xbe7
0xc0c	0xbe7
0xc0d	0xbe7
0xc12	0xbe7
0xc17	0xc16
0xc19	0xc16
0xc1c	0xc16
0xc1f	0xc16
0xc20	0xc16
0xc35	0xc16
0xc36	0xc16
0xc57	0xc16
0xc58	0xc16
0xc5a	0xc16
0xc5b	0xc16
0xc60	0xc16
0xc65	0xc64
0xc67	0xc64
0xc6a	0xc64
0xc6e	0xc64
0xc70	0xc64
0xc71	0xc64
0xc94	0xc64
0xc96	0xc64
0xc97	0xc64
0xc9c	0xc64
0xca1	0xca0
0xca3	0xca0
0xca6	0xca0
0xcac	0xcab
0xccd	0xcab
0xccf	0xcab
0xcd0	0xcab
0xcd4	0xcab
0xcd9	0xcd8
0xcdb	0xcd8
0xcde	0xcd8
0xce1	0xcd8
0xce2	0xcd8
0xcf7	0xcd8
0xcf8	0xcd8
0xd19	0xcd8
0xd1a	0xcd8
0xd1c	0xcd8
0xd1d	0xcd8
0xd22	0xcd8
0xd27	0xd26
0xd29	0xd26
0xd2c	0xd26
0xd2f	0xd26
0xd31	0xd26
0xd32	0xd26
0xd55	0xd26
0xd57	0xd26
0xd58	0xd26
0xd5c	0xd26
0xd61	0xd60
0xd63	0xd60
0xd66	0xd60
0xd6a	0xd69
0xd8c	0xd69
0xd8d	0xd69
0xd8f	0xd69
0xd90	0xd69
0xd95	0xd69
0xd9a	0xd99
0xd9c	0xd99
0xd9f	0xd99
0xda3	0xd99
0xda4	0xd99
0xda8	0xda8
0xdc9	0xda8
0xdcb	0xda8
0xdcc	0xda8
0xdd0	0xda8
0xdd5	0xdd4
0xdd7	0xdd4
0xdda	0xdd4
0xddd	0xdd4
0xdde	0xdd4
0xdf3	0xdd4
0xdf4	0xdd4
0xe15	0xdd4
0xe16	0xdd4
0xe18	0xdd4
0xe19	0xdd4
0xe1e	0xdd4
0xe23	0xe22
0xe25	0xe22
0xe28	0xe22
0xe2b	0xe22
0xe2c	0xe22
0xe2e	0xe22
0xe2f	0xe22
0xe52	0xe22
0xe54	0xe22
0xe55	0xe22
0xe5a	0xe22
0xe5f	0xe5e
0xe61	0xe5e
0xe64	0xe5e
0xe6a	0xe67
0xe6b	0xe67
0xe6f	0xe6f
0xe90	0xe6f
0xe92	0xe6f
0xe94	0xe6f
0xe95	0xe6f
0xe9a	0xe6f
0xe9f	0xe9e
0xea1	0xe9e
0xea4	0xe9e
0xea8	0xe9e
0xebd	0xe9e
0xebe	0xe9e
0xec3	0xe9e
0xec5	0xe9e
0xec7	0xe9e
0xecc	0xe9e
0xecd	0xe9e
0xecf	0xe9e
0xed2	0xe9e
0xed4	0xe9e
0xed5	0xe9e
0xed6	0xe9e
0xed8	0xe9e
0xedb	0xe9e
0xedd	0xe9e
0xee0	0xe9e
0xee1	0xe9e
0xee3	0xe9e
0xee4	0xe9e
0xee8	0xee8
0xeed	0xeeb
0xeee	0xeeb
0xef4	0xeeb
0xef5	0xeeb
0xefa	0xef9
0xefd	0xefc
0xf01	0xf01
0xf04	0xf01
0xf0a	0xf08
0xf0f	0xf08
0xf10	0xf08
0xf15	0xf14
0xf18	0xf14
0xf1e	0xf1c
0xf23	0xf22
0xf28	0xf27
0xf4a	0xf27
0xf4c	0xf27
0xf4d	0xf27
0xf52	0xf27
0xf57	0xf56
0xf59	0xf56
0xf5c	0xf56
0xf5f	0xf56
0xf60	0xf56
0xf75	0xf56
0xf76	0xf56
0xf97	0xf56
0xf98	0xf56
0xf9a	0xf56
0xf9b	0xf56
0xfa0	0xf56
0xfa5	0xfa4
0xfa7	0xfa4
0xfaa	0xfa4
0xfad	0xfa4
0xfae	0xfa4
0xfc3	0xfa4
0xfc4	0xfa4
0xfe5	0xfa4
0xfe6	0xfa4
0xfe8	0xfa4
0xfe9	0xfa4
0xfee	0xfa4
0xff3	0xff2
0xff5	0xff2
0xff8	0xff2
0xffc	0xff2
0xffe	0xff2
0xfff	0xff2
0x1022	0xff2
0x1024	0xff2
0x1025	0xff2
0x102a	0xff2
0x102f	0x102e
0x1031	0x102e
0x1034	0x102e
0x103a	0x1039
0x105b	0x1039
0x105d	0x1039
0x105e	0x1039
0x1062	0x1039
0x1067	0x1066
0x1069	0x1066
0x106c	0x1066
0x106f	0x1066
0x1070	0x1066
0x1085	0x1066
0x1086	0x1066
0x10a7	0x1066
0x10a8	0x1066
0x10aa	0x1066
0x10ab	0x1066
0x10b0	0x1066
0x10b5	0x10b4
0x10b7	0x10b4
0x10ba	0x10b4
0x10bd	0x10b4
0x10be	0x10b4
0x10d3	0x10b4
0x10d4	0x10b4
0x10f5	0x10b4
0x10f6	0x10b4
0x10f8	0x10b4
0x10f9	0x10b4
0x10fe	0x10b4
0x1103	0x1102
0x1105	0x1102
0x1108	0x1102
0x110b	0x1102
0x110d	0x1102
0x110e	0x1102
0x1131	0x1102
0x1133	0x1102
0x1134	0x1102
0x1138	0x1102
0x113d	0x113c
0x113f	0x113c
0x1142	0x113c
0x1146	0x1145
0x1147	0x1145
0x115c	0x1145
0x115d	0x1145
0x117e	0x1145
0x1180	0x1145
0x1182	0x1145
0x1183	0x1145
0x1188	0x1145
0x118d	0x118c
0x118f	0x118c
0x1192	0x118c
0x1195	0x118c
0x11b6	0x118c
0x11b8	0x118c
0x11ba	0x118c
0x11bb	0x118c
0x11c0	0x118c
0x11c5	0x11c4
0x11c7	0x11c4
0x11ca	0x11c4
0x11cf	0x11cd
0x11d0	0x11cd
0x11d4	0x11d4
0x11f5	0x11d4
0x11f7	0x11d4
0x11f9	0x11d4
0x11fa	0x11d4
0x11ff	0x11d4
0x1204	0x1203
0x1206	0x1203
0x1209	0x1203
0x120d	0x1203
0x1222	0x1203
0x1223	0x1203
0x1228	0x1203
0x122a	0x1203
0x122c	0x1203
0x1231	0x1203
0x1232	0x1203
0x1234	0x1203
0x1237	0x1203
0x1239	0x1203
0x123a	0x1203
0x123b	0x1203
0x123d	0x1203
0x1240	0x1203
0x1242	0x1203
0x1245	0x1203
0x1246	0x1203
0x1248	0x1203
0x1249	0x1203
0x124d	0x124d
0x1252	0x1250
0x1253	0x1250
0x1259	0x1250
0x125a	0x1250
0x125f	0x125e
0x1262	0x1261
0x1266	0x1266
0x1269	0x1266
0x126f	0x126d
0x1274	0x126d
0x1275	0x126d
0x127a	0x1279
0x127d	0x1279
0x1283	0x1281
0x1288	0x1287
0x128d	0x128c
0x12af	0x128c
0x12b1	0x128c
0x12b2	0x128c
0x12b7	0x128c
0x12bc	0x12bb
0x12be	0x12bb
0x12c1	0x12bb
0x12c4	0x12bb
0x12c5	0x12bb
0x12da	0x12bb
0x12db	0x12bb
0x12fc	0x12bb
0x12fd	0x12bb
0x12ff	0x12bb
0x1300	0x12bb
0x1305	0x12bb
0x130a	0x1309
0x130c	0x1309
0x130f	0x1309
0x1312	0x1309
0x1313	0x1309
0x1328	0x1309
0x1329	0x1309
0x134a	0x1309
0x134b	0x1309
0x134d	0x1309
0x134e	0x1309
0x1353	0x1309
0x1358	0x1357
0x135a	0x1357
0x135d	0x1357
0x1361	0x1357
0x1363	0x1357
0x1364	0x1357
0x1387	0x1357
0x1389	0x1357
0x138a	0x1357
0x138f	0x1357
0x1394	0x1393
0x1396	0x1393
0x1399	0x1393
0x139f	0x139e
0x13c0	0x139e
0x13c2	0x139e
0x13c3	0x139e
0x13c7	0x139e
0x13cc	0x13cb
0x13ce	0x13cb
0x13d1	0x13cb
0x13d4	0x13cb
0x13d5	0x13cb
0x13ea	0x13cb
0x13eb	0x13cb
0x140c	0x13cb
0x140d	0x13cb
0x140f	0x13cb
0x1410	0x13cb
0x1415	0x13cb
0x141a	0x1419
0x141c	0x1419
0x141f	0x1419
0x1422	0x1419
0x1423	0x1419
0x1438	0x1419
0x1439	0x1419
0x145a	0x1419
0x145b	0x1419
0x145d	0x1419
0x145e	0x1419
0x1463	0x1419
0x1468	0x1467
0x146a	0x1467
0x146d	0x1467
0x1470	0x1467
0x1472	0x1467
0x1473	0x1467
0x1496	0x1467
0x1498	0x1467
0x1499	0x1467
0x149d	0x1467
0x14a2	0x14a1
0x14a4	0x14a1
0x14a7	0x14a1
0x14ab	0x14aa
0x14ac	0x14aa
0x14c1	0x14aa
0x14c2	0x14aa
0x14e3	0x14aa
0x14e5	0x14aa
0x14e7	0x14aa
0x14e8	0x14aa
0x14ed	0x14aa
0x14f2	0x14f1
0x14f4	0x14f1
0x14f7	0x14f1
0x14fa	0x14f1
0x151b	0x14f1
0x151d	0x14f1
0x151f	0x14f1
0x1520	0x14f1
0x1525	0x14f1
0x152a	0x1529
0x152c	0x1529
0x152f	0x1529
0x1534	0x1532
0x1535	0x1532
0x1539	0x1539
0x155a	0x1539
0x155c	0x1539
0x155e	0x1539
0x155f	0x1539
0x1564	0x1539
0x1569	0x1568
0x156b	0x1568
0x156e	0x1568
0x1572	0x1568
0x1587	0x1568
0x1588	0x1568
0x158d	0x1568
0x158f	0x1568
0x1591	0x1568
0x1596	0x1568
0x1597	0x1568
0x1599	0x1568
0x159c	0x1568
0x159e	0x1568
0x159f	0x1568
0x15a0	0x1568
0x15a2	0x1568
0x15a5	0x1568
0x15a7	0x1568
0x15aa	0x1568
0x15ab	0x1568
0x15ad	0x1568
0x15ae	0x1568
0x15b2	0x15b2
0x15b7	0x15b5
0x15b8	0x15b5
0x15be	0x15b5
0x15bf	0x15b5
0x15c4	0x15c3
0x15c7	0x15c6
0x15cb	0x15cb
0x15ce	0x15cb
0x15d4	0x15d2
0x15d9	0x15d2
0x15da	0x15d2
0x15df	0x15de
0x15e2	0x15de
0x15e8	0x15e6
0x15ed	0x15ec
0x15f2	0x15f1
0x1614	0x15f1
0x1616	0x15f1
0x1617	0x15f1
0x161c	0x15f1
0x1621	0x1620
0x1623	0x1620
0x1626	0x1620
0x1629	0x1620
0x162a	0x1620
0x163f	0x1620
0x1640	0x1620
0x1661	0x1620
0x1662	0x1620
0x1664	0x1620
0x1665	0x1620
0x166a	0x1620
0x166f	0x166e
0x1671	0x166e
0x1674	0x166e
0x1677	0x166e
0x1678	0x166e
0x168d	0x166e
0x168e	0x166e
0x16af	0x166e
0x16b0	0x166e
0x16b2	0x166e
0x16b3	0x166e
0x16b8	0x166e
0x16bd	0x16bc
0x16bf	0x16bc
0x16c2	0x16bc
0x16c6	0x16bc
0x16c8	0x16bc
0x16c9	0x16bc
0x16ec	0x16bc
0x16ee	0x16bc
0x16ef	0x16bc
0x16f4	0x16bc
0x16f9	0x16f8
0x16fb	0x16f8
0x16fe	0x16f8
0x1704	0x1703
0x1725	0x1703
0x1727	0x1703
0x1728	0x1703
0x172c	0x1703
0x1731	0x1730
0x1733	0x1730
0x1736	0x1730
0x1739	0x1730
0x173a	0x1730
0x174f	0x1730
0x1750	0x1730
0x1771	0x1730
0x1772	0x1730
0x1774	0x1730
0x1775	0x1730
0x177a	0x1730
0x177f	0x177e
0x1781	0x177e
0x1784	0x177e
0x1787	0x177e
0x1788	0x177e
0x179d	0x177e
0x179e	0x177e
0x17bf	0x177e
0x17c0	0x177e
0x17c2	0x177e
0x17c3	0x177e
0x17c8	0x177e
0x17cd	0x17cc
0x17cf	0x17cc
0x17d2	0x17cc
0x17d5	0x17cc
0x17d7	0x17cc
0x17d8	0x17cc
0x17fb	0x17cc
0x17fd	0x17cc
0x17fe	0x17cc
0x1802	0x17cc
0x1807	0x1806
0x1809	0x1806
0x180c	0x1806
0x1810	0x180f
0x1811	0x180f
0x1826	0x180f
0x1827	0x180f
0x1848	0x180f
0x184a	0x180f
0x184c	0x180f
0x184d	0x180f
0x1852	0x180f
0x1857	0x1856
0x1859	0x1856
0x185c	0x1856
0x185f	0x1856
0x1880	0x1856
0x1882	0x1856
0x1884	0x1856
0x1885	0x1856
0x188a	0x1856
0x188f	0x188e
0x1891	0x188e
0x1894	0x188e
0x1898	0x1897
0x189a	0x1897
0x18af	0x1897
0x18b0	0x1897
0x18b5	0x1897
0x18b6	0x1897
0x18b8	0x1897
0x18ba	0x1897
0x18bf	0x1897
0x18c0	0x1897
0x18c2	0x1897
0x18c5	0x1897
0x18c7	0x1897
0x18c8	0x1897
0x18cd	0x1897
0x18d2	0x18d1
0x18d4	0x18d1
0x18d6	0x18d1
0x18d9	0x18d1
0x18dc	0x18d1
0x18dd	0x18d1
0x18de	0x18d1
0x18e0	0x18d1
0x18e1	0x18d1
0x18e5	0x18e5
0x18e6	0x18e5
0x18e9	0x18e5
0x18ea	0x18e5
0x18f1	0x18ec
0x18f3	0x18ec
0x18f4	0x18ec
0x18f5	0x18ec
0x18f7	0x18ec
0x18f8	0x18ec
0x18fb	0x18ec
0x18fc	0x18ec
0x18fe	0x18ec
0x1900	0x18ec
0x1905	0x18ec
0x1907	0x18ec
0x190c	0x18ec
0x1913	0x1910
0x1935	0x1910
0x1937	0x1910
0x1938	0x1910
0x193d	0x1910
0x1942	0x1941
0x1944	0x1941
0x1947	0x1941
0x194b	0x1941
0x194c	0x1941
0x1950	0x1950
0x1971	0x1950
0x1973	0x1950
0x1975	0x1950
0x1976	0x1950
0x197b	0x1950
0x1980	0x197f
0x1982	0x197f
0x1985	0x197f
0x1988	0x197f
0x1989	0x197f
0x199e	0x197f
0x199f	0x197f
0x19a8	0x197f
0x19aa	0x197f
0x19ac	0x197f
0x19b1	0x197f
0x19b2	0x197f
0x19b4	0x197f
0x19b7	0x197f
0x19b9	0x197f
0x19ba	0x197f
0x19c2	0x197f
0x19c7	0x19c6
0x19c9	0x19c6
0x19cb	0x19c6
0x19ce	0x19c6
0x19d0	0x19c6
0x19d2	0x19c6
0x19d3	0x19c6
0x19d9	0x19c6
0x19da	0x19c6
0x19df	0x19de
0x19e1	0x19de
0x19e2	0x19de
0x19e3	0x19de
0x19e5	0x19de
0x19e6	0x19de
0x19e9	0x19de
0x19ea	0x19de
0x19ec	0x19de
0x19ee	0x19de
0x19f3	0x19de
0x19f5	0x19de
0x19fa	0x19de
0x19ff	0x19fe
0x1a02	0x1a01
0x1a06	0x1a06
0x1a09	0x1a06
0x1a0f	0x1a0d
0x1a14	0x1a0d
0x1a15	0x1a0d
0x1a1a	0x1a19
0x1a1d	0x1a19
0x1a23	0x1a21
0x1a28	0x1a27
0x1a2d	0x1a2c
0x1a4f	0x1a2c
0x1a51	0x1a2c
0x1a52	0x1a2c
0x1a57	0x1a2c
0x1a5c	0x1a5b
0x1a5e	0x1a5b
0x1a61	0x1a5b
0x1a64	0x1a5b
0x1a65	0x1a5b
0x1a7a	0x1a5b
0x1a7b	0x1a5b
0x1a9d	0x1a5b
0x1a9f	0x1a5b
0x1aa1	0x1a5b
0x1aa2	0x1a5b
0x1aa9	0x1a5b
0x1aae	0x1aad
0x1ab0	0x1aad
0x1ab3	0x1aad
0x1ab6	0x1aad
0x1ab7	0x1aad
0x1acc	0x1aad
0x1acd	0x1aad
0x1aee	0x1aad
0x1aef	0x1aad
0x1af1	0x1aad
0x1af2	0x1aad
0x1af7	0x1aad
0x1afc	0x1afb
0x1afe	0x1afb
0x1b01	0x1afb
0x1b05	0x1afb
0x1b07	0x1afb
0x1b08	0x1afb
0x1b2b	0x1afb
0x1b2d	0x1afb
0x1b2e	0x1afb
0x1b33	0x1afb
0x1b38	0x1b37
0x1b3a	0x1b37
0x1b3d	0x1b37
0x1b43	0x1b42
0x1b64	0x1b42
0x1b66	0x1b42
0x1b67	0x1b42
0x1b6b	0x1b42
0x1b70	0x1b6f
0x1b72	0x1b6f
0x1b75	0x1b6f
0x1b78	0x1b6f
0x1b79	0x1b6f
0x1b8e	0x1b6f
0x1b8f	0x1b6f
0x1bb1	0x1b6f
0x1bb3	0x1b6f
0x1bb5	0x1b6f
0x1bb6	0x1b6f
0x1bbd	0x1b6f
0x1bc2	0x1bc1
0x1bc4	0x1bc1
0x1bc7	0x1bc1
0x1bca	0x1bc1
0x1bcb	0x1bc1
0x1be0	0x1bc1
0x1be1	0x1bc1
0x1c02	0x1bc1
0x1c03	0x1bc1
0x1c05	0x1bc1
0x1c06	0x1bc1
0x1c0b	0x1bc1
0x1c10	0x1c0f
0x1c12	0x1c0f
0x1c15	0x1c0f
0x1c18	0x1c0f
0x1c1a	0x1c0f
0x1c1b	0x1c0f
0x1c3e	0x1c0f
0x1c40	0x1c0f
0x1c41	0x1c0f
0x1c45	0x1c0f
0x1c4a	0x1c49
0x1c4c	0x1c49
0x1c4f	0x1c49
0x1c53	0x1c52
0x1c54	0x1c52
0x1c69	0x1c52
0x1c6a	0x1c52
0x1c8d	0x1c52
0x1c8f	0x1c52
0x1c91	0x1c52
0x1c92	0x1c52
0x1c99	0x1c52
0x1c9e	0x1c9d
0x1ca0	0x1c9d
0x1ca3	0x1c9d
0x1ca6	0x1c9d
0x1cc7	0x1c9d
0x1cc9	0x1c9d
0x1ccb	0x1c9d
0x1ccc	0x1c9d
0x1cd1	0x1c9d
0x1cd6	0x1cd5
0x1cd8	0x1cd5
0x1cdb	0x1cd5
0x1cde	0x1cd5
0x1d00	0x1cd5
0x1d02	0x1cd5
0x1d03	0x1cd5
0x1d08	0x1cd5
0x1d0d	0x1d0c
0x1d0f	0x1d0c
0x1d12	0x1d0c
0x1d16	0x1d0c
0x1d1b	0x1d1a
0x1d3c	0x1d1a
0x1d3e	0x1d1a
0x1d40	0x1d1a
0x1d41	0x1d1a
0x1d46	0x1d1a
0x1d4b	0x1d4a
0x1d4d	0x1d4a
0x1d50	0x1d4a
0x1d54	0x1d4a
0x1d69	0x1d4a
0x1d6a	0x1d4a
0x1d6f	0x1d4a
0x1d85	0x1d4a
0x1d87	0x1d4a
0x1d89	0x1d4a
0x1d8e	0x1d4a
0x1d8f	0x1d4a
0x1d91	0x1d4a
0x1d94	0x1d4a
0x1d96	0x1d4a
0x1d97	0x1d4a
0x1d9d	0x1d4a
0x1da2	0x1da1
0x1da4	0x1da1
0x1da6	0x1da1
0x1da9	0x1da1
0x1dab	0x1da1
0x1dad	0x1da1
0x1dae	0x1da1
0x1db4	0x1da1
0x1db5	0x1da1
0x1dba	0x1db9
0x1dbc	0x1db9
0x1dbd	0x1db9
0x1dbe	0x1db9
0x1dc0	0x1db9
0x1dc1	0x1db9
0x1dc4	0x1db9
0x1dc5	0x1db9
0x1dc7	0x1db9
0x1dc9	0x1db9
0x1dce	0x1db9
0x1dd0	0x1db9
0x1dd5	0x1db9
0x1dda	0x1dd9
0x1ddd	0x1ddc
0x1de1	0x1de1
0x1de4	0x1de1
0x1dea	0x1de8
0x1def	0x1de8
0x1df0	0x1de8
0x1df5	0x1df4
0x1df8	0x1df4
0x1dfe	0x1dfc
0x1e03	0x1e02
0x1e08	0x1e07
0x1e2a	0x1e07
0x1e2c	0x1e07
0x1e2d	0x1e07
0x1e32	0x1e07
0x1e37	0x1e36
0x1e39	0x1e36
0x1e3c	0x1e36
0x1e3f	0x1e36
0x1e40	0x1e36
0x1e55	0x1e36
0x1e56	0x1e36
0x1e78	0x1e36
0x1e79	0x1e36
0x1e7b	0x1e36
0x1e7c	0x1e36
0x1e82	0x1e36
0x1e87	0x1e86
0x1e89	0x1e86
0x1e8c	0x1e86
0x1e8f	0x1e86
0x1e90	0x1e86
0x1ea5	0x1e86
0x1ea6	0x1e86
0x1ec7	0x1e86
0x1ec8	0x1e86
0x1eca	0x1e86
0x1ecb	0x1e86
0x1ed0	0x1e86
0x1ed5	0x1ed4
0x1ed7	0x1ed4
0x1eda	0x1ed4
0x1ede	0x1ed4
0x1ee0	0x1ed4
0x1ee1	0x1ed4
0x1f04	0x1ed4
0x1f06	0x1ed4
0x1f07	0x1ed4
0x1f0c	0x1ed4
0x1f11	0x1f10
0x1f13	0x1f10
0x1f16	0x1f10
0x1f1c	0x1f1b
0x1f3d	0x1f1b
0x1f3f	0x1f1b
0x1f40	0x1f1b
0x1f44	0x1f1b
0x1f49	0x1f48
0x1f4b	0x1f48
0x1f4e	0x1f48
0x1f51	0x1f48
0x1f52	0x1f48
0x1f67	0x1f48
0x1f68	0x1f48
0x1f8a	0x1f48
0x1f8b	0x1f48
0x1f8d	0x1f48
0x1f8e	0x1f48
0x1f94	0x1f48
0x1f99	0x1f98
0x1f9b	0x1f98
0x1f9e	0x1f98
0x1fa1	0x1f98
0x1fa2	0x1f98
0x1fb7	0x1f98
0x1fb8	0x1f98
0x1fd9	0x1f98
0x1fda	0x1f98
0x1fdc	0x1f98
0x1fdd	0x1f98
0x1fe2	0x1f98
0x1fe7	0x1fe6
0x1fe9	0x1fe6
0x1fec	0x1fe6
0x1fef	0x1fe6
0x1ff1	0x1fe6
0x1ff2	0x1fe6
0x2015	0x1fe6
0x2017	0x1fe6
0x2018	0x1fe6
0x201c	0x1fe6
0x2021	0x2020
0x2023	0x2020
0x2026	0x2020
0x202b	0x2029
0x202c	0x2029
0x2041	0x2029
0x2042	0x2029
0x2064	0x2029
0x2066	0x2029
0x2068	0x2029
0x2069	0x2029
0x206f	0x2029
0x2074	0x2073
0x2076	0x2073
0x2079	0x2073
0x207c	0x2073
0x209d	0x2073
0x209f	0x2073
0x20a1	0x2073
0x20a2	0x2073
0x20a7	0x2073
0x20ac	0x20ab
0x20ae	0x20ab
0x20b1	0x20ab
0x20b5	0x20b4
0x20b6	0x20b4
0x20cb	0x20b4
0x20cc	0x20b4
0x20ed	0x20b4
0x20ef	0x20b4
0x20f1	0x20b4
0x20f2	0x20b4
0x20f7	0x20b4
0x20fc	0x20fb
0x20fe	0x20fb
0x2101	0x20fb
0x2113	0x2112
0x260c	0x260bB0x666
0x260d	0x260bB0x666
0x2611	0x260bB0x666
0x2618	0x2615B0x666
0x261c	0x2615B0x666
0x2625	0x2620B0x666
0x262a	0x2620B0x666
0x262b	0x2620B0x666
0x262c	0x2620B0x666
0x2630	0x2630B0x666
0x2633	0x2630B0x666
0x2a52	0x2a51B0xaf5
0x2a53	0x2a51B0xaf5
0x2a57	0x2a51B0xaf5
0x2a5e	0x2a5bB0xaf5
0x2a62	0x2a5bB0xaf5
0x2a6b	0x2a66B0xaf5
0x2a70	0x2a66B0xaf5
0x2a71	0x2a66B0xaf5
0x2a72	0x2a66B0xaf5
0x2a76	0x2a76B0xaf5
0x2a79	0x2a76B0xaf5
0x741f	0x741eB0x666
0x7440	0x741eB0x666
0x7442	0x741eB0x666
0x7444	0x741eB0x666
0x7447	0x741eB0x666
0x7449	0x741eB0x666
0x746b	0x746aB0xaf5
0x748c	0x746aB0xaf5
0x748e	0x746aB0xaf5
0x7490	0x746aB0xaf5
0x7493	0x746aB0xaf5
0x7495	0x746aB0xaf5
0x1ee	0x1ea
0x674	0x666
0xb03	0xaf5
0x1a9	0x19d
0x1e9	0x1d4
0x24f	0x23a
0x277	0x26b
0x597	0x49f
0x155	0x149
0x17f	0x173
0x225	0x219
0x45f	0x411
0x626	0x5d8
0xb81	0xb35
0xe5d	0xe22
0x18d0	0x1897
0x3d0	0x381
0x1da0	0x1d4a
0x6c5	0x675
0x8bb	0x872
0x8f2	0x8bc
0x929	0x8f3
0x960	0x92a
0x997	0x961
0x19c5	0x197f
0x1aac	0x1a5b
0x1bc0	0x1b6f
0x1fb	0x1ef
0x753	0x706
0x410	0x3ed
0x705	0x6e2
0xbb8	0xb99
0x1dd8	0x1db9
0x49e	0x47b
0x5d7	0x5b4
0x665	0x642
0x190f	0x18ec
0x19fd	0x19de
0xaba	0xa6d
0xc63	0xc16
0xd25	0xcd8
0xe21	0xdd4
0xfa3	0xf56
0xff1	0xfa4
0x10b3	0x1066
0x1101	0x10b4
0x118b	0x1145
0x1308	0x12bb
0x1356	0x1309
0x1418	0x13cb
0x1466	0x1419
0x14f0	0x14aa
0x166d	0x1620
0x16bb	0x166e
0x177d	0x1730
0x17cb	0x177e
0x1855	0x180f
0x1afa	0x1aad
0x1c0e	0x1bc1
0x1ed3	0x1e86
0x1fe5	0x1f98
0x20fa	0x20b4
0xb34	0xb04
0xc15	0xbe7
0xc9f	0xc64
0x102d	0xff2
0x1392	0x1357
0x16f7	0x16bc
0x1b36	0x1afb
0x1f0f	0x1ed4
0xcd7	0xcab
0xd98	0xd69
0xdd3	0xda8
0xe9d	0xe6f
0xf55	0xf27
0x1065	0x1039
0x11c3	0x118c
0x1202	0x11d4
0x12ba	0x128c
0x13ca	0x139e
0x1528	0x14f1
0x1567	0x1539
0x161f	0x15f1
0x172f	0x1703
0x188d	0x1856
0x1940	0x1910
0x197e	0x1950
0x1a5a	0x1a2c
0x1b6e	0x1b42
0x1c9c	0x1c52
0x1cd4	0x1c9d
0x1d0b	0x1cd5
0x1d49	0x1d1a
0x1e35	0x1e07
0x1e85	0x1e36
0x1f97	0x1f48
0x2072	0x2029
0x1f47	0x1f1b
0x20aa	0x2073
0x7c5	0x78e
0x83f	0x80f
0xa6c	0xa41
0xbdb	0xbd4
0xf1b	0xf14
0x1280	0x1279
0x15e5	0x15de
0x1a20	0x1a19
0x1dfb	0x1df4
0xd5f	0xd26
0x113b	0x1102
0x14a0	0x1467
0x1805	0x17cc
0x1c48	0x1c0f
0x201f	0x1fe6
0x2614	0x260bB0x666
0x261f	0x2615B0x666
0x2a5a	0x2a51B0xaf5
0x2a65	0x2a5bB0xaf5
0xbc7	0xbc1
0xf07	0xf01
0x126c	0x1266
0x15d1	0x15cb
0x1a0c	0x1a06
0x1de7	0x1de1
0x1c6	0x1be
0x4c	0x49
0x7d	0x7a
0x148	0x140
0x172	0x16a
0x19c	0x194
0x218	0x210
0x254	0x250
0x26a	0x262
0x298	0x281
0x2b0	0x299
0x2c8	0x2b1
0x7ff	0x7e0
0x871	0x85a
0xbe6	0xbe2
0xf26	0xf22
0x128b	0x1287
0x15f0	0x15ec
0x1a2b	0x1a27
0x1d19	0x1d0c
0x1e06	0x1e02
0x2111	0x20fb
0x2129	0x2112
0x2636	0x2630B0x666
0x2a7c	0x2a76B0xaf5
0xc	0x0
0x1c	0xd
0x83	0x7e
0xd2	0xe9c7
0x12b	0xdc
0x13c	0x135
0x166	0x15f
0x190	0x189
0x1ba	0x1b3
0x1d0	0x1c9
0x20c	0x205
0x236	0x22f
0x25e	0x257
0x3e5	0x3d1
0x473	0x460
0x5ac	0x598
0x63a	0x627
0x6da	0x6c6
0x767	0x754
0x775	0x76b
0x78d	0x77d
0x7df	0x7c6
0x80e	0x805
0x9d4	0x998
0xa0a	0xa05
0xa40	0xa3b
0xb98	0xb82
0xbc0	0xbbc
0xbd3	0xbc8
0xbe1	0xbdc
0xda7	0xd99
0xe6e	0xe67
0xee7	0xe9e
0xef8	0xeeb
0xf00	0xefc
0xf13	0xf08
0xf21	0xf1c
0x11d3	0x11cd
0x124c	0x1203
0x125d	0x1250
0x1265	0x1261
0x1278	0x126d
0x1286	0x1281
0x1538	0x1532
0x15b1	0x1568
0x15c2	0x15b5
0x15ca	0x15c6
0x15dd	0x15d2
0x15eb	0x15e6
0x18e4	0x18d1
0x194f	0x1941
0x19dd	0x19c6
0x1a05	0x1a01
0x1a18	0x1a0d
0x1a26	0x1a21
0x1db8	0x1da1
0x1de0	0x1ddc
0x1df3	0x1de8
0x1e01	0x1dfc
0x262f	0x2620B0x666
0x2a75	0x2a66B0xaf5
0x859	0x84b
0x263d	0x2638B0x666
0x2a83	0x2a7eB0xaf5
0x8fb	0x8f3
0x932	0x92a
0x969	0x961
0x9a0	0x998
0xa75	0xa6d
0xb3d	0xb35
0xc1e	0xc16
0xce0	0xcd8
0xda1	0xd99
0xddc	0xdd4
0xea6	0xe9e
0xf5e	0xf56
0x106e	0x1066
0x11cc	0x11c4
0x120b	0x1203
0x12c3	0x12bb
0x13d3	0x13cb
0x1531	0x1529
0x1570	0x1568
0x1628	0x1620
0x1738	0x1730
0x1896	0x188e
0x1949	0x1941
0x1987	0x197f
0x1a63	0x1a5b
0x1b77	0x1b6f
0x1cdd	0x1cd5
0x1d14	0x1d0c
0x1d52	0x1d4a
0x1e3e	0x1e36
0x1f50	0x1f48
0x20b3	0x20ab
0x8c4	0x8bc
0xac3	0xabb
0xc6c	0xc64
0xd2e	0xd26
0xe2a	0xe22
0xfac	0xfa4
0xffa	0xff2
0x10bc	0x10b4
0x110a	0x1102
0x1194	0x118c
0x1311	0x1309
0x135f	0x1357
0x1421	0x1419
0x146f	0x1467
0x14f9	0x14f1
0x1676	0x166e
0x16c4	0x16bc
0x1786	0x177e
0x17d4	0x17cc
0x185e	0x1856
0x1ab5	0x1aad
0x1b03	0x1afb
0x1bc9	0x1bc1
0x1c17	0x1c0f
0x1ca5	0x1c9d
0x1e8e	0x1e86
0x1edc	0x1ed4
0x1fa0	0x1f98
0x1fee	0x1fe6
0x207b	0x2073
0x2103	0x20fb
0xdb	0xda
0x134	0x133
0x1c8	0x1c7
0x256	0x255
0x15e	0x156
0x188	0x180
0x1b2	0x1aa
0x204	0x1fc
0x22e	0x226
0x280	0x278
0xd9	0xd3
0x132	0x12c
0x13f	0x13d
0x169	0x167
0x193	0x191
0x1bd	0x1bb
0x1d3	0x1d1
0x20f	0x20d
0x239	0x237
0x261	0x25f
0x3ec	0x3e6
0x47a	0x474
0x5b3	0x5ad
0x641	0x63b
0x6e1	0x6db
0x76a	0x768
0x77c	0x776
0x848	0x840
0xaf4	0xabb
0xca8	0xca0
0xd68	0xd60
0xe66	0xe5e
0xeea	0xee8
0x1036	0x102e
0x1144	0x113c
0x124f	0x124d
0x139b	0x1393
0x14a9	0x14a1
0x15b4	0x15b2
0x1700	0x16f8
0x180e	0x1806
0x18eb	0x18e5
0x1b3f	0x1b37
0x1c51	0x1c49
0x1f18	0x1f10
0x2028	0x2020
0x744a	0x741eB0x666
0x7496	0x746aB0xaf5
0x3c3	0x381
0x403	0x3ed
0x453	0x411
0x491	0x47b
0x4dc	0x49f
0x4f6	0x49f
0x526	0x49f
0x531	0x49f
0x54d	0x49f
0x553	0x49f
0x559	0x49f
0x55f	0x49f
0x57b	0x49f
0x58b	0x49f
0x5ca	0x5b4
0x61a	0x5d8
0x658	0x642
0x6b8	0x675
0x6f8	0x6e2
0x747	0x706
0x7f1	0x7e0
0x7f4	0x7e0
0x834	0x80f
0xae9	0xabb
0xb75	0xb35
0xbab	0xb99
0xc93	0xc64
0xd54	0xd26
0xe51	0xe22
0xed1	0xe9e
0x1021	0xff2
0x1130	0x1102
0x1236	0x1203
0x1386	0x1357
0x1495	0x1467
0x159b	0x1568
0x16eb	0x16bc
0x17fa	0x17cc
0x18c4	0x1897
0x1902	0x18ec
0x19b6	0x197f
0x19f0	0x19de
0x1b2a	0x1afb
0x1c3d	0x1c0f
0x1d93	0x1d4a
0x1dcb	0x1db9
0x1f03	0x1ed4
0x2014	0x1fe6
0x7441	0x741eB0x666
0x7446	0x741eB0x666
0x748d	0x746aB0xaf5
0x7492	0x746aB0xaf5
0xd6	0xd3
0x12f	0x12c
0x3e9	0x3e6
0x477	0x474
0x5b0	0x5ad
0x63e	0x63b
0x6de	0x6db
0x779	0x776
0x7fb	0x7e0
0x18e8	0x18e5
0x7e	0x7e
0x4d	0x4d
0xdc	0xdc
0xda	0xda
0x133	0x133
0x140	0x140
0x149	0x149
0x281	0x281
0x156	0x156
0x2169	0x2169B0x149
0x2169	0x2169B0x173
0x2169	0x2169B0x219
0x2169	0x2169B0x411
0x2169	0x2169B0x5d8
0x2169	0x2169B0xb35
0x2169	0x2169B0xe22
0x2169	0x2169B0x1897
0x16a	0x16a
0x173	0x173
0x299	0x299
0x180	0x180
0x194	0x194
0x19d	0x19d
0x2b1	0x2b1
0x1aa	0x1aa
0x21dd	0x21ddB0x19d
0x1be	0x1be
0x1c7	0x1c7
0x2c9	0x2c9B0x1be
0x1d4	0x1d4
0x1ef	0x1ef
0x1ea	0x1ea
0x2298	0x2298B0x1d4
0x381	0x381
0x1fc	0x1fc
0x230b	0x230bB0x1ef
0x230b	0x230bB0x706
0x210	0x210
0x219	0x219
0x85a	0x85a
0x226	0x226
0x23a	0x23a
0x255	0x255
0x250	0x250
0x2359	0x2359B0x23a
0x872	0x872
0x262	0x262
0x26b	0x26b
0x2112	0x2112
0x278	0x278
0x242a	0x242aB0x26b
0x3d1	0x3d1
0x2443	0x2443B0x381
0x2443	0x2443B0x1d4a
0x3ed	0x3ed
0x411	0x411
0x247e	0x247eB0x3ed
0x247e	0x247eB0x6e2
0x247e	0x247eB0xb99
0x247e	0x247eB0x1db9
0x460	0x460
0x24	0x1d
0x47b	0x47b
0x49f	0x49f
0x24bd	0x24bdB0x47b
0x24bd	0x24bdB0x5b4
0x24bd	0x24bdB0x642
0x24bd	0x24bdB0x18ec
0x24bd	0x24bdB0x19de
0x598	0x598
0x25c4	0x25c4B0x49f
0x5b4	0x5b4
0x5d8	0x5d8
0x627	0x627
0x642	0x642
0x666	0x666
0x675	0x675
0x260b	0x260bB0x666
0x6c6	0x6c6
0x2677	0x2677B0x675
0x6e2	0x6e2
0x706	0x706
0x754	0x754
0x76b	0x76b
0x77d	0x77d
0x84b	0x84b
0x7c6	0x7c6
0x26cb	0x26cbB0x78e
0x800	0x800
0x805	0x805
0x849	0x849
0x840	0x840
0x2739	0x2739B0x80f
0x64	0x64
0x8bc	0x8bc
0x2757	0x2757B0x872
0x8f3	0x8f3
0x27d6	0x27d6B0x8bc
0x92a	0x92a
0x284c	0x284cB0x8f3
0x961	0x961
0x28c2	0x28c2B0x92a
0x998	0x998
0x2938	0x2938B0x961
0xa05	0xa05
0xa3b	0xa3b
0xaf5	0xaf5
0xa6d	0xa6d
0x29f8	0x29f8B0xa41
0xc0	0xe9c7
0xabb	0xabb
0x2a38	0x2a38B0xa6d
0x2a38	0x2a38B0xc16
0x2a38	0x2a38B0xcd8
0x2a38	0x2a38B0xdd4
0x2a38	0x2a38B0x1145
0x2a38	0x2a38B0xf56
0x2a38	0x2a38B0xfa4
0x2a38	0x2a38B0x1066
0x2a38	0x2a38B0x10b4
0x2a38	0x2a38B0x14aa
0x2a38	0x2a38B0x12bb
0x2a38	0x2a38B0x1309
0x2a38	0x2a38B0x13cb
0x2a38	0x2a38B0x1419
0x2a38	0x2a38B0x180f
0x2a38	0x2a38B0x1620
0x2a38	0x2a38B0x166e
0x2a38	0x2a38B0x1730
0x2a38	0x2a38B0x177e
0x2a38	0x2a38B0x1aad
0x2a38	0x2a38B0x1bc1
0x2a38	0x2a38B0x20b4
0x2a38	0x2a38B0x1e86
0x2a38	0x2a38B0x1f98
0xb04	0xb04
0x2a51	0x2a51B0xaf5
0xb35	0xb35
0x2ace	0x2aceB0xb04
0xb82	0xb82
0xbbc	0xbbc
0xbb9	0xbb9
0xd69	0xd69
0xbc8	0xbc8
0x2b06	0x2b06B0xbc1
0x2b06	0x2b06B0xf01
0x2b06	0x2b06B0x1266
0x2b06	0x2b06B0x15cb
0x2b06	0x2b06B0x1a06
0x2b06	0x2b06B0x1de1
0xca9	0xca9
0xbdc	0xbdc
0x2b93	0x2b93B0xbd4
0x2b93	0x2b93B0xf14
0x2b93	0x2b93B0x1279
0x2b93	0x2b93B0x15de
0x2b93	0x2b93B0x1a19
0x2b93	0x2b93B0x1df4
0xbe7	0xbe7
0xcab	0xcab
0xc16	0xc16
0x2cd6	0x2cd6B0xbe7
0xc64	0xc64
0xca0	0xca0
0x2d09	0x2d09B0xc64
0x2d09	0x2d09B0xff2
0x2d09	0x2d09B0x1357
0x2d09	0x2d09B0x16bc
0x2d09	0x2d09B0x1afb
0x2d09	0x2d09B0x1ed4
0xcd8	0xcd8
0x2d73	0x2d73B0xcab
0xd26	0xd26
0xd60	0xd60
0x2dee	0x2deeB0xd26
0xd99	0xd99
0x2e0c	0x2e0cB0xd69
0xe67	0xe67
0xdd4	0xdd4
0x2e82	0x2e82B0xda8
0xe22	0xe22
0xe5e	0xe5e
0x11cd	0x11cd
0xe9e	0xe9e
0x2efd	0x2efdB0xe6f
0xeeb	0xeeb
0xefc	0xefc
0x1145	0x1145
0xf08	0xf08
0x1037	0x1037
0xf1c	0xf1c
0xf27	0xf27
0x1039	0x1039
0xf56	0xf56
0x2f73	0x2f73B0xf27
0xfa4	0xfa4
0xff2	0xff2
0x102e	0x102e
0x1066	0x1066
0x2fa6	0x2fa6B0x1039
0x10b4	0x10b4
0x1102	0x1102
0x113c	0x113c
0x3021	0x3021B0x1102
0x118c	0x118c
0x11c4	0x11c4
0x303f	0x303fB0x118c
0x1532	0x1532
0x1203	0x1203
0x30b5	0x30b5B0x11d4
0x1250	0x1250
0x1261	0x1261
0x14aa	0x14aa
0x126d	0x126d
0x139c	0x139c
0x1281	0x1281
0x128c	0x128c
0x139e	0x139e
0x12bb	0x12bb
0x312b	0x312bB0x128c
0x1309	0x1309
0x1357	0x1357
0x1393	0x1393
0x13cb	0x13cb
0x315e	0x315eB0x139e
0x1419	0x1419
0x1467	0x1467
0x14a1	0x14a1
0x31ff	0x31ffB0x1467
0x14f1	0x14f1
0x1529	0x1529
0x321d	0x321dB0x14f1
0x1897	0x1897
0x1568	0x1568
0x3293	0x3293B0x1539
0x15b5	0x15b5
0x15c6	0x15c6
0x180f	0x180f
0x15d2	0x15d2
0x1701	0x1701
0x15e6	0x15e6
0x15f1	0x15f1
0x1703	0x1703
0x1620	0x1620
0x3309	0x3309B0x15f1
0x166e	0x166e
0x16bc	0x16bc
0x16f8	0x16f8
0x1730	0x1730
0x333c	0x333cB0x1703
0x177e	0x177e
0x17cc	0x17cc
0x1806	0x1806
0x33dd	0x33ddB0x17cc
0x1856	0x1856
0x188e	0x188e
0x33fb	0x33fbB0x1856
0x18d1	0x18d1
0x18ec	0x18ec
0x1910	0x1910
0x1941	0x1941
0x3471	0x3471B0x1910
0x1d1a	0x1d1a
0x197f	0x197f
0x34e7	0x34e7B0x1950
0x19c6	0x19c6
0x3522	0x3522B0x197f
0x1a01	0x1a01
0x19fe	0x19fe
0x1c52	0x1c52
0x1a0d	0x1a0d
0x1b40	0x1b40
0x1a21	0x1a21
0x1a2c	0x1a2c
0x1b42	0x1b42
0x1a5b	0x1a5b
0x35af	0x35afB0x1a2c
0x1aad	0x1aad
0x35e2	0x35e2B0x1a5b
0x35e2	0x35e2B0x1b6f
0x1afb	0x1afb
0x1b37	0x1b37
0x1b6f	0x1b6f
0x3617	0x3617B0x1b42
0x1bc1	0x1bc1
0x1c0f	0x1c0f
0x1c49	0x1c49
0x3692	0x3692B0x1c0f
0x1c9d	0x1c9d
0x36b0	0x36b0B0x1c52
0x1cd5	0x1cd5
0x36e5	0x36e5B0x1c9d
0x1d0c	0x1d0c
0x375b	0x375bB0x1cd5
0x20b4	0x20b4
0x1d4a	0x1d4a
0x37d1	0x37d1B0x1d1a
0x1da1	0x1da1
0x1ddc	0x1ddc
0x1dd9	0x1dd9
0x2029	0x2029
0x1de8	0x1de8
0x1f19	0x1f19
0x1dfc	0x1dfc
0x1e07	0x1e07
0x1f1b	0x1f1b
0x1e36	0x1e36
0x3847	0x3847B0x1e07
0x1e86	0x1e86
0x387a	0x387aB0x2029
0x387a	0x387aB0x1e36
0x387a	0x387aB0x1f48
0x1ed4	0x1ed4
0x1f10	0x1f10
0x1f48	0x1f48
0x38a1	0x38a1B0x1f1b
0x1f98	0x1f98
0x1fe6	0x1fe6
0x2020	0x2020
0x3942	0x3942B0x1fe6
0x2073	0x2073
0x20ab	0x20ab
0x3960	0x3960B0x2073
0x20fb	0x20fb
0x2615	0x2615B0x666
0x222d	0x222dB0x22fcB0x230bB0x1ef
0x222d	0x222dB0x2236B0x24a9B0x24d2B0x47b
0x222d	0x222dB0x2236B0x24a9B0x24d2B0x5b4
0x222d	0x222dB0x2236B0x24a9B0x24d2B0x642
0x222d	0x222dB0x22fcB0x230bB0x706
0x222d	0x222dB0x22fcB0x2ae5B0xb04
0x222d	0x222dB0x2236B0x24a9B0x24d2B0x18ec
0x222d	0x222dB0x22fcB0x3488B0x1910
0x222d	0x222dB0x22fcB0x36b0B0x1c52
0x222d	0x222dB0x22fcB0x36c3B0x1c52
0x222d	0x222dB0x22fcB0x3772B0x1cd5
0x222d	0x222dB0x22fcB0x387aB0x2029
0x222d	0x222dB0x22fcB0x387aB0x1e36
0x222d	0x222dB0x22fcB0x387aB0x1f48
0x222d	0x222dB0x2236B0x24a9B0x24d2B0x19de
0x222d	0x222dB0x22fcB0x2456B0x381
0x222d	0x222dB0x265cB0x2668B0x268aB0x675
0x222d	0x222dB0x22fcB0x3535B0x197f
0x222d	0x222dB0x22fcB0x3542B0x197f
0x222d	0x222dB0x22fcB0x35e2B0x1a5b
0x222d	0x222dB0x265cB0x2668B0x35f5B0x1a5b
0x222d	0x222dB0x22fcB0x35e2B0x1b6f
0x222d	0x222dB0x265cB0x2668B0x35f5B0x1b6f
0x222d	0x222dB0x22fcB0x2456B0x1d4a
0x222d	0x222dB0x2236B0x224cB0x22bdB0x1d4
0x222d	0x222dB0x2236B0x224cB0x22ceB0x1d4
0x222d	0x222dB0x2506B0x2572B0x25c4B0x49f
0x222d	0x222dB0x2506B0x2585B0x25c4B0x49f
0x222d	0x222dB0x2506B0x2598B0x25c4B0x49f
0x222d	0x222dB0x260bB0x666
0x222d	0x222dB0x2615B0x666
0x222d	0x222dB0x2a51B0xaf5
0x222d	0x222dB0x2a5bB0xaf5
0x2620	0x2620B0x666
0x2638	0x2638B0x666
0x741e	0x741eB0x666
0x2a5b	0x2a5bB0xaf5
0x2a66	0x2a66B0xaf5
0x2a7e	0x2a7eB0xaf5
0x746a	0x746aB0xaf5
0x135	0x135
0x15f	0x15f
0x189	0x189
0x1b3	0x1b3
0x1c9	0x1c9
0x205	0x205
0x22f	0x22f
0x257	0x257
0x2b1f	0x2b1fB0xbc1
0x2b1f	0x2b1fB0xf01
0x2b1f	0x2b1fB0x1266
0x2b1f	0x2b1fB0x15cb
0x2b1f	0x2b1fB0x1a06
0x2b1f	0x2b1fB0x1de1
0x2afa	0x2afaB0xbc1
0x2afa	0x2afaB0xf01
0x2afa	0x2afaB0x1266
0x2afa	0x2afaB0x15cb
0x2afa	0x2afaB0x1a06
0x2afa	0x2afaB0x1de1
0x2b22	0x2b22B0xbc1
0x2b22	0x2b22B0xf01
0x2b22	0x2b22B0x1266
0x2b22	0x2b22B0x15cb
0x2b22	0x2b22B0x1a06
0x2b22	0x2b22B0x1de1
0x333	0x333B0x1be
0x339	0x339B0x1be
0x37c	0x37cB0x1be
0x37e	0x37eB0x1be
0x26d5	0x26d5B0x78e
0x26ab	0x26abB0x78e
0x26c1	0x26c1B0x78e
0x26a8	0x26a8B0x26b6B0x78e
0x26b6	0x26b6B0x78e
0x269e	0x269eB0x78e
0x2750	0x2750B0x80f
0x2717	0x2717B0x80f
0x272e	0x272eB0x80f
0x26ef	0x26efB0x80f
0x2723	0x2723B0x80f
0x26df	0x26dfB0x2717B0x80f
0x26df	0x26dfB0x298cB0xa41
0x26df	0x26dfB0x29d6B0xa41
0x26df	0x26dfB0x2dccB0xd26
0x26df	0x26dfB0x2fffB0x1102
0x26df	0x26dfB0x31ddB0x1467
0x26df	0x26dfB0x33bbB0x17cc
0x26df	0x26dfB0x3670B0x1c0f
0x26df	0x26dfB0x3920B0x1fe6
0x26df	0x26dfB0x2e60B0xda8
0x26df	0x26dfB0x2c4aB0x2e82B0xda8
0x26df	0x26dfB0x2edbB0xe6f
0x26df	0x26dfB0x3093B0x11d4
0x26df	0x26dfB0x3271B0x1539
0x26df	0x26dfB0x34c5B0x1950
0x26df	0x26dfB0x2aacB0xb04
0x26df	0x26dfB0x2c4aB0x2e0cB0xd69
0x26df	0x26dfB0x2c4aB0x2cd6B0xbe7
0x26df	0x26dfB0x2ca8B0x2cedB0xbe7
0x26df	0x26dfB0x2c4aB0x2d73B0xcab
0x26df	0x26dfB0x2d51B0x2d8aB0xcab
0x26df	0x26dfB0x2ca8B0x2d09B0xc64
0x26df	0x26dfB0x2f51B0x2f73B0xf27
0x26df	0x26dfB0x2ca8B0x2f8aB0xf27
0x26df	0x26dfB0x2f51B0x2fa6B0x1039
0x26df	0x26dfB0x2d51B0x2fbdB0x1039
0x26df	0x26dfB0x2ca8B0x2d09B0xff2
0x26df	0x26dfB0x2f51B0x303fB0x118c
0x26df	0x26dfB0x3109B0x312bB0x128c
0x26df	0x26dfB0x2ca8B0x3142B0x128c
0x26df	0x26dfB0x3109B0x315eB0x139e
0x26df	0x26dfB0x2d51B0x3175B0x139e
0x26df	0x26dfB0x2ca8B0x2d09B0x1357
0x26df	0x26dfB0x3109B0x321dB0x14f1
0x26df	0x26dfB0x32e7B0x3309B0x15f1
0x26df	0x26dfB0x2ca8B0x3320B0x15f1
0x26df	0x26dfB0x32e7B0x333cB0x1703
0x26df	0x26dfB0x2d51B0x3353B0x1703
0x26df	0x26dfB0x2ca8B0x2d09B0x16bc
0x26df	0x26dfB0x32e7B0x33fbB0x1856
0x26df	0x26dfB0x344fB0x1910
0x26df	0x26dfB0x37afB0x1d1a
0x26df	0x26dfB0x358dB0x35afB0x1a2c
0x26df	0x26dfB0x2ca8B0x35c6B0x1a2c
0x26df	0x26dfB0x358dB0x3617B0x1b42
0x26df	0x26dfB0x2d51B0x362eB0x1b42
0x26df	0x26dfB0x2ca8B0x2d09B0x1afb
0x26df	0x26dfB0x358dB0x36e5B0x1c9d
0x26df	0x26dfB0x3739B0x1cd5
0x26df	0x26dfB0x3825B0x3847B0x1e07
0x26df	0x26dfB0x2ca8B0x385eB0x1e07
0x26df	0x26dfB0x3825B0x38a1B0x1f1b
0x26df	0x26dfB0x2d51B0x38b8B0x1f1b
0x26df	0x26dfB0x2ca8B0x2d09B0x1ed4
0x26df	0x26dfB0x3825B0x3960B0x2073
0x26df	0x26dfB0x27b4B0x8bc
0x26df	0x26dfB0x282aB0x8f3
0x26df	0x26dfB0x28a0B0x92a
0x26df	0x26dfB0x2916B0x961
0x2a0f	0x2a0fB0xa41
0x298c	0x298cB0xa41
0x29a3	0x29a3B0xa41
0x2964	0x2964B0xa41
0x29ed	0x29edB0xa41
0x29ae	0x29aeB0xa41
0x2a22	0x2a22B0xa41
0x29d6	0x29d6B0xa41
0x2998	0x2998B0xa41
0x29e2	0x29e2B0xa41
0x2e05	0x2e05B0xd26
0x2dcc	0x2dccB0xd26
0x2de3	0x2de3B0xd26
0x2da4	0x2da4B0xd26
0x2dd8	0x2dd8B0xd26
0x3038	0x3038B0x1102
0x2fff	0x2fffB0x1102
0x3016	0x3016B0x1102
0x2fd7	0x2fd7B0x1102
0x300b	0x300bB0x1102
0x3216	0x3216B0x1467
0x31dd	0x31ddB0x1467
0x31f4	0x31f4B0x1467
0x318f	0x318fB0x1467
0x31e9	0x31e9B0x1467
0x33f4	0x33f4B0x17cc
0x33bb	0x33bbB0x17cc
0x33d2	0x33d2B0x17cc
0x336d	0x336dB0x17cc
0x33c7	0x33c7B0x17cc
0x36a9	0x36a9B0x1c0f
0x3670	0x3670B0x1c0f
0x3687	0x3687B0x1c0f
0x3648	0x3648B0x1c0f
0x367c	0x367cB0x1c0f
0x3959	0x3959B0x1fe6
0x3920	0x3920B0x1fe6
0x3937	0x3937B0x1fe6
0x38d2	0x38d2B0x1fe6
0x392c	0x392cB0x1fe6
0x2b35	0x2b35B0xbd4
0x2b35	0x2b35B0xf14
0x2b35	0x2b35B0x1279
0x2b35	0x2b35B0x15de
0x2b35	0x2b35B0x1a19
0x2b35	0x2b35B0x1df4
0x2ba4	0x2ba4B0xbd4
0x2ba4	0x2ba4B0xf14
0x2ba4	0x2ba4B0x1279
0x2ba4	0x2ba4B0x15de
0x2ba4	0x2ba4B0x1a19
0x2ba4	0x2ba4B0x1df4
0x21f6	0x21f6B0xbd4
0x21f6	0x21f6B0xf14
0x21f6	0x21f6B0x1279
0x21f6	0x21f6B0x15de
0x21f6	0x21f6B0x1a19
0x21f6	0x21f6B0x1df4
0xe94c	0xe94cB0xbd4
0xe94c	0xe94cB0xf14
0xe94c	0xe94cB0x1279
0xe94c	0xe94cB0x15de
0xe94c	0xe94cB0x1a19
0xe94c	0xe94cB0x1df4
0x2b8a	0x2b8aB0xbd4
0x2b8a	0x2b8aB0xf14
0x2b8a	0x2b8aB0x1279
0x2b8a	0x2b8aB0x15de
0x2b8a	0x2b8aB0x1a19
0x2b8a	0x2b8aB0x1df4
0x2bcc	0x2bccB0xbd4
0x2bcc	0x2bccB0xf14
0x2bcc	0x2bccB0x1279
0x2bcc	0x2bccB0x15de
0x2bcc	0x2bccB0x1a19
0x2bcc	0x2bccB0x1df4
0x2bea	0x2beaB0xbd4
0x2bea	0x2beaB0xf14
0x2bea	0x2beaB0x1279
0x2bea	0x2beaB0x15de
0x2bea	0x2beaB0x1a19
0x2bea	0x2beaB0x1df4
0x2c07	0x2c07B0xbd4
0x2c07	0x2c07B0xf14
0x2c07	0x2c07B0x1279
0x2c07	0x2c07B0x15de
0x2c07	0x2c07B0x1a19
0x2c07	0x2c07B0x1df4
0x2c16	0x2c16B0xbd4
0x2c16	0x2c16B0xf14
0x2c16	0x2c16B0x1279
0x2c16	0x2c16B0x15de
0x2c16	0x2c16B0x1a19
0x2c16	0x2c16B0x1df4
0x2b62	0x2b62B0xbd4
0x2b62	0x2b62B0xf14
0x2b62	0x2b62B0x1279
0x2b62	0x2b62B0x15de
0x2b62	0x2b62B0x1a19
0x2b62	0x2b62B0x1df4
0x2b6b	0x2b6bB0xbd4
0x2b6b	0x2b6bB0xf14
0x2b6b	0x2b6bB0x1279
0x2b6b	0x2b6bB0x15de
0x2b6b	0x2b6bB0x1a19
0x2b6b	0x2b6bB0x1df4
0x2b25	0x2b25B0x2b62B0xbd4
0x2b25	0x2b25B0x2b62B0xf14
0x2b25	0x2b25B0x2b62B0x1279
0x2b25	0x2b25B0x2b62B0x15de
0x2b25	0x2b25B0x2b62B0x1a19
0x2b25	0x2b25B0x2b62B0x1df4
0x2b25	0x2b25B0x2cc2B0x2cedB0xbe7
0x2b25	0x2b25B0x2cc2B0x2d09B0xc64
0x2b25	0x2b25B0x2cc2B0x2f8aB0xf27
0x2b25	0x2b25B0x2cc2B0x2d09B0xff2
0x2b25	0x2b25B0x2cc2B0x3142B0x128c
0x2b25	0x2b25B0x2cc2B0x2d09B0x1357
0x2b25	0x2b25B0x2cc2B0x3320B0x15f1
0x2b25	0x2b25B0x2cc2B0x2d09B0x16bc
0x2b25	0x2b25B0x2cc2B0x35c6B0x1a2c
0x2b25	0x2b25B0x2cc2B0x2d09B0x1afb
0x2b25	0x2b25B0x2cc2B0x385eB0x1e07
0x2b25	0x2b25B0x2cc2B0x2d09B0x1ed4
0xe96e	0xe96eB0xbd4
0xe96e	0xe96eB0xf14
0xe96e	0xe96eB0x1279
0xe96e	0xe96eB0x15de
0xe96e	0xe96eB0x1a19
0xe96e	0xe96eB0x1df4
0xe990	0xe990B0xbd4
0xe990	0xe990B0xf14
0xe990	0xe990B0x1279
0xe990	0xe990B0x15de
0xe990	0xe990B0x1a19
0xe990	0xe990B0x1df4
0xe9b2	0xe9b2B0xbd4
0xe9b2	0xe9b2B0xf14
0xe9b2	0xe9b2B0x1279
0xe9b2	0xe9b2B0x15de
0xe9b2	0xe9b2B0x1a19
0xe9b2	0xe9b2B0x1df4
0x2e99	0x2e99B0xda8
0x2c4a	0x2c4aB0x2e82B0xda8
0x2c4a	0x2c4aB0x2e0cB0xd69
0x2c4a	0x2c4aB0x2cd6B0xbe7
0x2c4a	0x2c4aB0x2d73B0xcab
0x2e77	0x2e77B0xda8
0x2e38	0x2e38B0xda8
0x2eac	0x2eacB0xda8
0x2e60	0x2e60B0xda8
0x2e6c	0x2e6cB0xda8
0x2c61	0x2c61B0x2e82B0xda8
0x2c61	0x2c61B0x2e0cB0xd69
0x2c61	0x2c61B0x2cd6B0xbe7
0x2c61	0x2c61B0x2d73B0xcab
0x2c22	0x2c22B0x2e82B0xda8
0x2c22	0x2c22B0x2e0cB0xd69
0x2c22	0x2c22B0x2cd6B0xbe7
0x2c22	0x2c22B0x2d73B0xcab
0x2c56	0x2c56B0x2e82B0xda8
0x2c56	0x2c56B0x2e0cB0xd69
0x2c56	0x2c56B0x2cd6B0xbe7
0x2c56	0x2c56B0x2d73B0xcab
0x2f14	0x2f14B0xe6f
0x2edb	0x2edbB0xe6f
0x2ef2	0x2ef2B0xe6f
0x2eb3	0x2eb3B0xe6f
0x2f23	0x2f23B0xe6f
0x2a29	0x2a29B0x2f14B0xe6f
0x2a29	0x2a29B0x30ccB0x11d4
0x2a29	0x2a29B0x32aaB0x1539
0x2a29	0x2a29B0x34feB0x1950
0x2a29	0x2a29B0x2a38B0xa6d
0x2a29	0x2a29B0x2e23B0xd69
0x2a29	0x2a29B0x2a38B0xc16
0x2a29	0x2a29B0x2a38B0xcd8
0x2a29	0x2a29B0x2a38B0xdd4
0x2a29	0x2a29B0x2a38B0x1145
0x2a29	0x2a29B0x2a38B0xf56
0x2a29	0x2a29B0x2a38B0xfa4
0x2a29	0x2a29B0x2a38B0x1066
0x2a29	0x2a29B0x2a38B0x10b4
0x2a29	0x2a29B0x3056B0x118c
0x2a29	0x2a29B0x2a38B0x14aa
0x2a29	0x2a29B0x2a38B0x12bb
0x2a29	0x2a29B0x2a38B0x1309
0x2a29	0x2a29B0x2a38B0x13cb
0x2a29	0x2a29B0x2a38B0x1419
0x2a29	0x2a29B0x3234B0x14f1
0x2a29	0x2a29B0x2a38B0x180f
0x2a29	0x2a29B0x2a38B0x1620
0x2a29	0x2a29B0x2a38B0x166e
0x2a29	0x2a29B0x2a38B0x1730
0x2a29	0x2a29B0x2a38B0x177e
0x2a29	0x2a29B0x3412B0x1856
0x2a29	0x2a29B0x37e8B0x1d1a
0x2a29	0x2a29B0x36d0B0x1c52
0x2a29	0x2a29B0x2a38B0x1aad
0x2a29	0x2a29B0x2a38B0x1bc1
0x2a29	0x2a29B0x36fcB0x1c9d
0x2a29	0x2a29B0x2a38B0x20b4
0x2a29	0x2a29B0x388dB0x2029
0x2a29	0x2a29B0x388dB0x1e36
0x2a29	0x2a29B0x2a38B0x1e86
0x2a29	0x2a29B0x388dB0x1f48
0x2a29	0x2a29B0x2a38B0x1f98
0x2a29	0x2a29B0x3977B0x2073
0x2a29	0x2a29B0x3602B0x1a5b
0x2a29	0x2a29B0x3602B0x1b6f
0x2ee7	0x2ee7B0xe6f
0x2a32	0x2a32B0x2f14B0xe6f
0x2a32	0x2a32B0x30ccB0x11d4
0x2a32	0x2a32B0x32aaB0x1539
0x2a32	0x2a32B0x34feB0x1950
0x2a32	0x2a32B0x2a38B0xa6d
0x2a32	0x2a32B0x2e23B0xd69
0x2a32	0x2a32B0x2a38B0xc16
0x2a32	0x2a32B0x2a38B0xcd8
0x2a32	0x2a32B0x2a38B0xdd4
0x2a32	0x2a32B0x2a38B0x1145
0x2a32	0x2a32B0x2a38B0xf56
0x2a32	0x2a32B0x2a38B0xfa4
0x2a32	0x2a32B0x2a38B0x1066
0x2a32	0x2a32B0x2a38B0x10b4
0x2a32	0x2a32B0x3056B0x118c
0x2a32	0x2a32B0x2a38B0x14aa
0x2a32	0x2a32B0x2a38B0x12bb
0x2a32	0x2a32B0x2a38B0x1309
0x2a32	0x2a32B0x2a38B0x13cb
0x2a32	0x2a32B0x2a38B0x1419
0x2a32	0x2a32B0x3234B0x14f1
0x2a32	0x2a32B0x2a38B0x180f
0x2a32	0x2a32B0x2a38B0x1620
0x2a32	0x2a32B0x2a38B0x166e
0x2a32	0x2a32B0x2a38B0x1730
0x2a32	0x2a32B0x2a38B0x177e
0x2a32	0x2a32B0x3412B0x1856
0x2a32	0x2a32B0x37e8B0x1d1a
0x2a32	0x2a32B0x36d0B0x1c52
0x2a32	0x2a32B0x2a38B0x1aad
0x2a32	0x2a32B0x2a38B0x1bc1
0x2a32	0x2a32B0x36fcB0x1c9d
0x2a32	0x2a32B0x2a38B0x20b4
0x2a32	0x2a32B0x388dB0x2029
0x2a32	0x2a32B0x388dB0x1e36
0x2a32	0x2a32B0x2a38B0x1e86
0x2a32	0x2a32B0x388dB0x1f48
0x2a32	0x2a32B0x2a38B0x1f98
0x2a32	0x2a32B0x3977B0x2073
0x2a32	0x2a32B0x3602B0x1a5b
0x2a32	0x2a32B0x3602B0x1b6f
0x2324	0x2324B0x2a29B0x2f14B0xe6f
0x2324	0x2324B0x2a29B0x30ccB0x11d4
0x2324	0x2324B0x2a29B0x32aaB0x1539
0x2324	0x2324B0x2a29B0x34feB0x1950
0x2324	0x2324B0x232fB0x246aB0x2493B0x3ed
0x2324	0x2324B0x232fB0x246aB0x2493B0x6e2
0x2324	0x2324B0x2a29B0x2a38B0xa6d
0x2324	0x2324B0x2a29B0x2e23B0xd69
0x2324	0x2324B0x2a29B0x2a38B0xc16
0x2324	0x2324B0x2a29B0x2a38B0xcd8
0x2324	0x2324B0x2a29B0x2a38B0xdd4
0x2324	0x2324B0x2a29B0x2a38B0x1145
0x2324	0x2324B0x2a29B0x2a38B0xf56
0x2324	0x2324B0x2a29B0x2a38B0xfa4
0x2324	0x2324B0x2a29B0x2a38B0x1066
0x2324	0x2324B0x2a29B0x2a38B0x10b4
0x2324	0x2324B0x2a29B0x3056B0x118c
0x2324	0x2324B0x2a29B0x2a38B0x14aa
0x2324	0x2324B0x2a29B0x2a38B0x12bb
0x2324	0x2324B0x2a29B0x2a38B0x1309
0x2324	0x2324B0x2a29B0x2a38B0x13cb
0x2324	0x2324B0x2a29B0x2a38B0x1419
0x2324	0x2324B0x2a29B0x3234B0x14f1
0x2324	0x2324B0x2a29B0x2a38B0x180f
0x2324	0x2324B0x2a29B0x2a38B0x1620
0x2324	0x2324B0x2a29B0x2a38B0x166e
0x2324	0x2324B0x2a29B0x2a38B0x1730
0x2324	0x2324B0x2a29B0x2a38B0x177e
0x2324	0x2324B0x2a29B0x3412B0x1856
0x2324	0x2324B0x2a29B0x37e8B0x1d1a
0x2324	0x2324B0x2a29B0x36d0B0x1c52
0x2324	0x2324B0x2a29B0x2a38B0x1aad
0x2324	0x2324B0x2a29B0x2a38B0x1bc1
0x2324	0x2324B0x2a29B0x36fcB0x1c9d
0x2324	0x2324B0x2a29B0x2a38B0x20b4
0x2324	0x2324B0x2a29B0x388dB0x2029
0x2324	0x2324B0x2a29B0x388dB0x1e36
0x2324	0x2324B0x2a29B0x2a38B0x1e86
0x2324	0x2324B0x2a29B0x388dB0x1f48
0x2324	0x2324B0x2a29B0x2a38B0x1f98
0x2324	0x2324B0x2a29B0x3977B0x2073
0x2324	0x2324B0x232fB0x246aB0x2493B0xb99
0x2324	0x2324B0x232fB0x246aB0x2493B0x1db9
0x2324	0x2324B0x2a29B0x3602B0x1a5b
0x2324	0x2324B0x2a29B0x3602B0x1b6f
0x2324	0x2324B0x232fB0x2345B0x2376B0x23a
0x2324	0x2324B0x232fB0x2345B0x2383B0x23a
0x2324	0x2324B0x232fB0x2345B0x2394B0x23a
0x2324	0x2324B0x232fB0x2345B0x23a5B0x23a
0x30cc	0x30ccB0x11d4
0x3093	0x3093B0x11d4
0x30aa	0x30aaB0x11d4
0x306b	0x306bB0x11d4
0x30db	0x30dbB0x11d4
0x309f	0x309fB0x11d4
0x32aa	0x32aaB0x1539
0x3271	0x3271B0x1539
0x3288	0x3288B0x1539
0x3249	0x3249B0x1539
0x32b9	0x32b9B0x1539
0x327d	0x327dB0x1539
0x34fe	0x34feB0x1950
0x34c5	0x34c5B0x1950
0x34dc	0x34dcB0x1950
0x349d	0x349dB0x1950
0x350d	0x350dB0x1950
0x34d1	0x34d1B0x1950
0x231e	0x231eB0x1ef
0x231e	0x231eB0x706
0x22fc	0x22fcB0x230bB0x1ef
0x22fc	0x22fcB0x230bB0x706
0x22fc	0x22fcB0x2ae5B0xb04
0x22fc	0x22fcB0x3488B0x1910
0x22fc	0x22fcB0x36b0B0x1c52
0x22fc	0x22fcB0x36c3B0x1c52
0x22fc	0x22fcB0x3772B0x1cd5
0x22fc	0x22fcB0x387aB0x2029
0x22fc	0x22fcB0x387aB0x1e36
0x22fc	0x22fcB0x387aB0x1f48
0x22fc	0x22fcB0x2456B0x381
0x22fc	0x22fcB0x3535B0x197f
0x22fc	0x22fcB0x3542B0x197f
0x22fc	0x22fcB0x35e2B0x1a5b
0x22fc	0x22fcB0x35e2B0x1b6f
0x22fc	0x22fcB0x2456B0x1d4a
0x2305	0x2305B0x230bB0x1ef
0x2305	0x2305B0x230bB0x706
0x2305	0x2305B0x2ae5B0xb04
0x2305	0x2305B0x3488B0x1910
0x2305	0x2305B0x36b0B0x1c52
0x2305	0x2305B0x36c3B0x1c52
0x2305	0x2305B0x3772B0x1cd5
0x2305	0x2305B0x387aB0x2029
0x2305	0x2305B0x387aB0x1e36
0x2305	0x2305B0x387aB0x1f48
0x2305	0x2305B0x2456B0x381
0x2305	0x2305B0x3535B0x197f
0x2305	0x2305B0x3542B0x197f
0x2305	0x2305B0x35e2B0x1a5b
0x2305	0x2305B0x35e2B0x1b6f
0x2305	0x2305B0x2456B0x1d4a
0x73d8	0x73d8B0x3ed
0x73d8	0x73d8B0x6e2
0x73d8	0x73d8B0xb99
0x73d8	0x73d8B0x1db9
0x2493	0x2493B0x3ed
0x2493	0x2493B0x6e2
0x2493	0x2493B0xb99
0x2493	0x2493B0x1db9
0x24a0	0x24a0B0x3ed
0x24a0	0x24a0B0x6e2
0x24a0	0x24a0B0xb99
0x24a0	0x24a0B0x1db9
0x246a	0x246aB0x2493B0x3ed
0x246a	0x246aB0x2493B0x6e2
0x246a	0x246aB0x2493B0xb99
0x246a	0x246aB0x2493B0x1db9
0x2478	0x2478B0x2493B0x3ed
0x2478	0x2478B0x2493B0x6e2
0x2478	0x2478B0x2493B0xb99
0x2478	0x2478B0x2493B0x1db9
0x232f	0x232fB0x246aB0x2493B0x3ed
0x232f	0x232fB0x246aB0x2493B0x6e2
0x232f	0x232fB0x246aB0x2493B0xb99
0x232f	0x232fB0x246aB0x2493B0x1db9
0x232f	0x232fB0x2345B0x2376B0x23a
0x232f	0x232fB0x2345B0x2383B0x23a
0x232f	0x232fB0x2345B0x2394B0x23a
0x232f	0x232fB0x2345B0x23a5B0x23a
0x2342	0x2342B0x246aB0x2493B0x3ed
0x2342	0x2342B0x246aB0x2493B0x6e2
0x2342	0x2342B0x246aB0x2493B0xb99
0x2342	0x2342B0x246aB0x2493B0x1db9
0x2342	0x2342B0x2345B0x2376B0x23a
0x2342	0x2342B0x2345B0x2383B0x23a
0x2342	0x2342B0x2345B0x2394B0x23a
0x2342	0x2342B0x2345B0x23a5B0x23a
0x2338	0x2338B0x246aB0x2493B0x3ed
0x2338	0x2338B0x246aB0x2493B0x6e2
0x2338	0x2338B0x246aB0x2493B0xb99
0x2338	0x2338B0x246aB0x2493B0x1db9
0x2338	0x2338B0x2345B0x2376B0x23a
0x2338	0x2338B0x2345B0x2383B0x23a
0x2338	0x2338B0x2345B0x2394B0x23a
0x2338	0x2338B0x2345B0x23a5B0x23a
0x73fb	0x73fbB0x47b
0x73fb	0x73fbB0x5b4
0x73fb	0x73fbB0x642
0x73fb	0x73fbB0x18ec
0x73fb	0x73fbB0x19de
0x24d2	0x24d2B0x47b
0x24d2	0x24d2B0x5b4
0x24d2	0x24d2B0x642
0x24d2	0x24d2B0x18ec
0x24d2	0x24d2B0x19de
0x24df	0x24dfB0x47b
0x24df	0x24dfB0x5b4
0x24df	0x24dfB0x642
0x24df	0x24dfB0x18ec
0x24df	0x24dfB0x19de
0x24a9	0x24a9B0x24d2B0x47b
0x24a9	0x24a9B0x24d2B0x5b4
0x24a9	0x24a9B0x24d2B0x642
0x24a9	0x24a9B0x24d2B0x18ec
0x24a9	0x24a9B0x24d2B0x19de
0x24b7	0x24b7B0x24d2B0x47b
0x24b7	0x24b7B0x24d2B0x5b4
0x24b7	0x24b7B0x24d2B0x642
0x24b7	0x24b7B0x24d2B0x18ec
0x24b7	0x24b7B0x24d2B0x19de
0x2236	0x2236B0x24a9B0x24d2B0x47b
0x2236	0x2236B0x24a9B0x24d2B0x5b4
0x2236	0x2236B0x24a9B0x24d2B0x642
0x2236	0x2236B0x24a9B0x24d2B0x18ec
0x2236	0x2236B0x24a9B0x24d2B0x19de
0x2236	0x2236B0x224cB0x22bdB0x1d4
0x2236	0x2236B0x224cB0x22ceB0x1d4
0x2249	0x2249B0x24a9B0x24d2B0x47b
0x2249	0x2249B0x24a9B0x24d2B0x5b4
0x2249	0x2249B0x24a9B0x24d2B0x642
0x2249	0x2249B0x24a9B0x24d2B0x18ec
0x2249	0x2249B0x24a9B0x24d2B0x19de
0x2249	0x2249B0x224cB0x22bdB0x1d4
0x2249	0x2249B0x224cB0x22ceB0x1d4
0x223f	0x223fB0x24a9B0x24d2B0x47b
0x223f	0x223fB0x24a9B0x24d2B0x5b4
0x223f	0x223fB0x24a9B0x24d2B0x642
0x223f	0x223fB0x24a9B0x24d2B0x18ec
0x223f	0x223fB0x24a9B0x24d2B0x19de
0x223f	0x223fB0x224cB0x22bdB0x1d4
0x223f	0x223fB0x224cB0x22ceB0x1d4
0x2a4b	0x2a4bB0xa6d
0x2a4b	0x2a4bB0xc16
0x2a4b	0x2a4bB0xcd8
0x2a4b	0x2a4bB0xdd4
0x2a4b	0x2a4bB0x1145
0x2a4b	0x2a4bB0xf56
0x2a4b	0x2a4bB0xfa4
0x2a4b	0x2a4bB0x1066
0x2a4b	0x2a4bB0x10b4
0x2a4b	0x2a4bB0x14aa
0x2a4b	0x2a4bB0x12bb
0x2a4b	0x2a4bB0x1309
0x2a4b	0x2a4bB0x13cb
0x2a4b	0x2a4bB0x1419
0x2a4b	0x2a4bB0x180f
0x2a4b	0x2a4bB0x1620
0x2a4b	0x2a4bB0x166e
0x2a4b	0x2a4bB0x1730
0x2a4b	0x2a4bB0x177e
0x2a4b	0x2a4bB0x1aad
0x2a4b	0x2a4bB0x1bc1
0x2a4b	0x2a4bB0x20b4
0x2a4b	0x2a4bB0x1e86
0x2a4b	0x2a4bB0x1f98
0x2ae5	0x2ae5B0xb04
0x2aac	0x2aacB0xb04
0x2ac3	0x2ac3B0xb04
0x2a84	0x2a84B0xb04
0x2af4	0x2af4B0xb04
0x2ab8	0x2ab8B0xb04
0x2e23	0x2e23B0xd69
0x2e32	0x2e32B0xd69
0x2ced	0x2cedB0xbe7
0x2d01	0x2d01B0xbe7
0x2c9e	0x2c9eB0x2cedB0xbe7
0x2c9e	0x2c9eB0x2d09B0xc64
0x2c9e	0x2c9eB0x2f8aB0xf27
0x2c9e	0x2c9eB0x2d09B0xff2
0x2c9e	0x2c9eB0x3142B0x128c
0x2c9e	0x2c9eB0x2d09B0x1357
0x2c9e	0x2c9eB0x3320B0x15f1
0x2c9e	0x2c9eB0x2d09B0x16bc
0x2c9e	0x2c9eB0x35c6B0x1a2c
0x2c9e	0x2c9eB0x2d09B0x1afb
0x2c9e	0x2c9eB0x385eB0x1e07
0x2c9e	0x2c9eB0x2d09B0x1ed4
0x2c93	0x2c93B0x2cedB0xbe7
0x2c93	0x2c93B0x2d09B0xc64
0x2c93	0x2c93B0x2f8aB0xf27
0x2c93	0x2c93B0x2d09B0xff2
0x2c93	0x2c93B0x3142B0x128c
0x2c93	0x2c93B0x2d09B0x1357
0x2c93	0x2c93B0x3320B0x15f1
0x2c93	0x2c93B0x2d09B0x16bc
0x2c93	0x2c93B0x35c6B0x1a2c
0x2c93	0x2c93B0x2d09B0x1afb
0x2c93	0x2c93B0x385eB0x1e07
0x2c93	0x2c93B0x2d09B0x1ed4
0x2cb2	0x2cb2B0x2cedB0xbe7
0x2cb2	0x2cb2B0x2d09B0xc64
0x2cb2	0x2cb2B0x2f8aB0xf27
0x2cb2	0x2cb2B0x2d09B0xff2
0x2cb2	0x2cb2B0x3142B0x128c
0x2cb2	0x2cb2B0x2d09B0x1357
0x2cb2	0x2cb2B0x3320B0x15f1
0x2cb2	0x2cb2B0x2d09B0x16bc
0x2cb2	0x2cb2B0x35c6B0x1a2c
0x2cb2	0x2cb2B0x2d09B0x1afb
0x2cb2	0x2cb2B0x385eB0x1e07
0x2cb2	0x2cb2B0x2d09B0x1ed4
0x2cc2	0x2cc2B0x2cedB0xbe7
0x2cc2	0x2cc2B0x2d09B0xc64
0x2cc2	0x2cc2B0x2f8aB0xf27
0x2cc2	0x2cc2B0x2d09B0xff2
0x2cc2	0x2cc2B0x3142B0x128c
0x2cc2	0x2cc2B0x2d09B0x1357
0x2cc2	0x2cc2B0x3320B0x15f1
0x2cc2	0x2cc2B0x2d09B0x16bc
0x2cc2	0x2cc2B0x35c6B0x1a2c
0x2cc2	0x2cc2B0x2d09B0x1afb
0x2cc2	0x2cc2B0x385eB0x1e07
0x2cc2	0x2cc2B0x2d09B0x1ed4
0x2c76	0x2c76B0x2cedB0xbe7
0x2c76	0x2c76B0x2d09B0xc64
0x2c76	0x2c76B0x2f8aB0xf27
0x2c76	0x2c76B0x2d09B0xff2
0x2c76	0x2c76B0x3142B0x128c
0x2c76	0x2c76B0x2d09B0x1357
0x2c76	0x2c76B0x3320B0x15f1
0x2c76	0x2c76B0x2d09B0x16bc
0x2c76	0x2c76B0x35c6B0x1a2c
0x2c76	0x2c76B0x2d09B0x1afb
0x2c76	0x2c76B0x385eB0x1e07
0x2c76	0x2c76B0x2d09B0x1ed4
0x2ccb	0x2ccbB0x2cedB0xbe7
0x2ccb	0x2ccbB0x2d09B0xc64
0x2ccb	0x2ccbB0x2f8aB0xf27
0x2ccb	0x2ccbB0x2d09B0xff2
0x2ccb	0x2ccbB0x3142B0x128c
0x2ccb	0x2ccbB0x2d09B0x1357
0x2ccb	0x2ccbB0x3320B0x15f1
0x2ccb	0x2ccbB0x2d09B0x16bc
0x2ccb	0x2ccbB0x35c6B0x1a2c
0x2ccb	0x2ccbB0x2d09B0x1afb
0x2ccb	0x2ccbB0x385eB0x1e07
0x2ccb	0x2ccbB0x2d09B0x1ed4
0x2ca8	0x2ca8B0x2cedB0xbe7
0x2ca8	0x2ca8B0x2d09B0xc64
0x2ca8	0x2ca8B0x2f8aB0xf27
0x2ca8	0x2ca8B0x2d09B0xff2
0x2ca8	0x2ca8B0x3142B0x128c
0x2ca8	0x2ca8B0x2d09B0x1357
0x2ca8	0x2ca8B0x3320B0x15f1
0x2ca8	0x2ca8B0x2d09B0x16bc
0x2ca8	0x2ca8B0x35c6B0x1a2c
0x2ca8	0x2ca8B0x2d09B0x1afb
0x2ca8	0x2ca8B0x385eB0x1e07
0x2ca8	0x2ca8B0x2d09B0x1ed4
0x2c6c	0x2c6cB0x2cedB0xbe7
0x2c6c	0x2c6cB0x2d09B0xc64
0x2c6c	0x2c6cB0x2f8aB0xf27
0x2c6c	0x2c6cB0x2d09B0xff2
0x2c6c	0x2c6cB0x3142B0x128c
0x2c6c	0x2c6cB0x2d09B0x1357
0x2c6c	0x2c6cB0x3320B0x15f1
0x2c6c	0x2c6cB0x2d09B0x16bc
0x2c6c	0x2c6cB0x35c6B0x1a2c
0x2c6c	0x2c6cB0x2d09B0x1afb
0x2c6c	0x2c6cB0x385eB0x1e07
0x2c6c	0x2c6cB0x2d09B0x1ed4
0x2c78	0x2c78B0x2cedB0xbe7
0x2c78	0x2c78B0x2d09B0xc64
0x2c78	0x2c78B0x2f8aB0xf27
0x2c78	0x2c78B0x2d09B0xff2
0x2c78	0x2c78B0x3142B0x128c
0x2c78	0x2c78B0x2d09B0x1357
0x2c78	0x2c78B0x3320B0x15f1
0x2c78	0x2c78B0x2d09B0x16bc
0x2c78	0x2c78B0x35c6B0x1a2c
0x2c78	0x2c78B0x2d09B0x1afb
0x2c78	0x2c78B0x385eB0x1e07
0x2c78	0x2c78B0x2d09B0x1ed4
0x2d8a	0x2d8aB0xcab
0x2d9d	0x2d9dB0xcab
0x2d51	0x2d51B0x2d8aB0xcab
0x2d51	0x2d51B0x2fbdB0x1039
0x2d51	0x2d51B0x3175B0x139e
0x2d51	0x2d51B0x3353B0x1703
0x2d51	0x2d51B0x362eB0x1b42
0x2d51	0x2d51B0x38b8B0x1f1b
0x2d68	0x2d68B0x2d8aB0xcab
0x2d68	0x2d68B0x2fbdB0x1039
0x2d68	0x2d68B0x3175B0x139e
0x2d68	0x2d68B0x3353B0x1703
0x2d68	0x2d68B0x362eB0x1b42
0x2d68	0x2d68B0x38b8B0x1f1b
0x2d29	0x2d29B0x2d8aB0xcab
0x2d29	0x2d29B0x2fbdB0x1039
0x2d29	0x2d29B0x3175B0x139e
0x2d29	0x2d29B0x3353B0x1703
0x2d29	0x2d29B0x362eB0x1b42
0x2d29	0x2d29B0x38b8B0x1f1b
0x2d5d	0x2d5dB0x2d8aB0xcab
0x2d5d	0x2d5dB0x2fbdB0x1039
0x2d5d	0x2d5dB0x3175B0x139e
0x2d5d	0x2d5dB0x3353B0x1703
0x2d5d	0x2d5dB0x362eB0x1b42
0x2d5d	0x2d5dB0x38b8B0x1f1b
0x2d21	0x2d21B0xc64
0x2d21	0x2d21B0xff2
0x2d21	0x2d21B0x1357
0x2d21	0x2d21B0x16bc
0x2d21	0x2d21B0x1afb
0x2d21	0x2d21B0x1ed4
0x2f8a	0x2f8aB0xf27
0x2f51	0x2f51B0x2f73B0xf27
0x2f51	0x2f51B0x2fa6B0x1039
0x2f51	0x2f51B0x303fB0x118c
0x2f9e	0x2f9eB0xf27
0x2f68	0x2f68B0x2f73B0xf27
0x2f68	0x2f68B0x2fa6B0x1039
0x2f68	0x2f68B0x303fB0x118c
0x2f29	0x2f29B0x2f73B0xf27
0x2f29	0x2f29B0x2fa6B0x1039
0x2f29	0x2f29B0x303fB0x118c
0x2f5d	0x2f5dB0x2f73B0xf27
0x2f5d	0x2f5dB0x2fa6B0x1039
0x2f5d	0x2f5dB0x303fB0x118c
0x2fbd	0x2fbdB0x1039
0x2fd0	0x2fd0B0x1039
0x3056	0x3056B0x118c
0x3065	0x3065B0x118c
0x3142	0x3142B0x128c
0x3109	0x3109B0x312bB0x128c
0x3109	0x3109B0x315eB0x139e
0x3109	0x3109B0x321dB0x14f1
0x3156	0x3156B0x128c
0x3120	0x3120B0x312bB0x128c
0x3120	0x3120B0x315eB0x139e
0x3120	0x3120B0x321dB0x14f1
0x30e1	0x30e1B0x312bB0x128c
0x30e1	0x30e1B0x315eB0x139e
0x30e1	0x30e1B0x321dB0x14f1
0x3115	0x3115B0x312bB0x128c
0x3115	0x3115B0x315eB0x139e
0x3115	0x3115B0x321dB0x14f1
0x3175	0x3175B0x139e
0x3188	0x3188B0x139e
0x3234	0x3234B0x14f1
0x3243	0x3243B0x14f1
0x3320	0x3320B0x15f1
0x32e7	0x32e7B0x3309B0x15f1
0x32e7	0x32e7B0x333cB0x1703
0x32e7	0x32e7B0x33fbB0x1856
0x3334	0x3334B0x15f1
0x32fe	0x32feB0x3309B0x15f1
0x32fe	0x32feB0x333cB0x1703
0x32fe	0x32feB0x33fbB0x1856
0x32bf	0x32bfB0x3309B0x15f1
0x32bf	0x32bfB0x333cB0x1703
0x32bf	0x32bfB0x33fbB0x1856
0x32f3	0x32f3B0x3309B0x15f1
0x32f3	0x32f3B0x333cB0x1703
0x32f3	0x32f3B0x33fbB0x1856
0x12	0xd
0x3353	0x3353B0x1703
0x3366	0x3366B0x1703
0x3412	0x3412B0x1856
0x3421	0x3421B0x1856
0x3488	0x3488B0x1910
0x344f	0x344fB0x1910
0x3466	0x3466B0x1910
0x3427	0x3427B0x1910
0x3497	0x3497B0x1910
0x345b	0x345bB0x1910
0x37e8	0x37e8B0x1d1a
0x37af	0x37afB0x1d1a
0x37c6	0x37c6B0x1d1a
0x3787	0x3787B0x1d1a
0x37f7	0x37f7B0x1d1a
0x37bb	0x37bbB0x1d1a
0x36c3	0x36c3B0x1c52
0x36d0	0x36d0B0x1c52
0x36dd	0x36ddB0x1c52
0x35c6	0x35c6B0x1a2c
0x358d	0x358dB0x35afB0x1a2c
0x358d	0x358dB0x3617B0x1b42
0x358d	0x358dB0x36e5B0x1c9d
0x35da	0x35daB0x1a2c
0x35a4	0x35a4B0x35afB0x1a2c
0x35a4	0x35a4B0x3617B0x1b42
0x35a4	0x35a4B0x36e5B0x1c9d
0x3565	0x3565B0x35afB0x1a2c
0x3565	0x3565B0x3617B0x1b42
0x3565	0x3565B0x36e5B0x1c9d
0x3599	0x3599B0x35afB0x1a2c
0x3599	0x3599B0x3617B0x1b42
0x3599	0x3599B0x36e5B0x1c9d
0x362e	0x362eB0x1b42
0x3641	0x3641B0x1b42
0x36fc	0x36fcB0x1c9d
0x370b	0x370bB0x1c9d
0x3772	0x3772B0x1cd5
0x3739	0x3739B0x1cd5
0x3750	0x3750B0x1cd5
0x3711	0x3711B0x1cd5
0x3781	0x3781B0x1cd5
0x3745	0x3745B0x1cd5
0x388d	0x388dB0x2029
0x388d	0x388dB0x1e36
0x388d	0x388dB0x1f48
0x389a	0x389aB0x2029
0x389a	0x389aB0x1e36
0x389a	0x389aB0x1f48
0x385e	0x385eB0x1e07
0x3825	0x3825B0x3847B0x1e07
0x3825	0x3825B0x38a1B0x1f1b
0x3825	0x3825B0x3960B0x2073
0x3872	0x3872B0x1e07
0x383c	0x383cB0x3847B0x1e07
0x383c	0x383cB0x38a1B0x1f1b
0x383c	0x383cB0x3960B0x2073
0x37fd	0x37fdB0x3847B0x1e07
0x37fd	0x37fdB0x38a1B0x1f1b
0x37fd	0x37fdB0x3960B0x2073
0x3831	0x3831B0x3847B0x1e07
0x3831	0x3831B0x38a1B0x1f1b
0x3831	0x3831B0x3960B0x2073
0x38b8	0x38b8B0x1f1b
0x38cb	0x38cbB0x1f1b
0x3977	0x3977B0x2073
0x3986	0x3986B0x2073
0x217c	0x217cB0x149
0x217c	0x217cB0x173
0x217c	0x217cB0x219
0x217c	0x217cB0x411
0x217c	0x217cB0x5d8
0x217c	0x217cB0xb35
0x217c	0x217cB0xe22
0x217c	0x217cB0x1897
0x215a	0x215aB0x2169B0x149
0x215a	0x215aB0x2169B0x173
0x215a	0x215aB0x2443B0x381
0x215a	0x215aB0x2169B0x219
0x215a	0x215aB0x2757B0x872
0x215a	0x215aB0x276aB0x872
0x215a	0x215aB0x2777B0x872
0x215a	0x215aB0x2169B0x411
0x215a	0x215aB0x2169B0x5d8
0x215a	0x215aB0x2677B0x675
0x215a	0x215aB0x27edB0x8bc
0x215a	0x215aB0x2863B0x8f3
0x215a	0x215aB0x28d9B0x92a
0x215a	0x215aB0x294fB0x961
0x215a	0x215aB0x2169B0xb35
0x215a	0x215aB0x2169B0xe22
0x215a	0x215aB0x2169B0x1897
0x215a	0x215aB0x3522B0x197f
0x215a	0x215aB0x2443B0x1d4a
0x2163	0x2163B0x2169B0x149
0x2163	0x2163B0x2169B0x173
0x2163	0x2163B0x2443B0x381
0x2163	0x2163B0x2169B0x219
0x2163	0x2163B0x2757B0x872
0x2163	0x2163B0x276aB0x872
0x2163	0x2163B0x2777B0x872
0x2163	0x2163B0x2169B0x411
0x2163	0x2163B0x2169B0x5d8
0x2163	0x2163B0x2677B0x675
0x2163	0x2163B0x27edB0x8bc
0x2163	0x2163B0x2863B0x8f3
0x2163	0x2163B0x28d9B0x92a
0x2163	0x2163B0x294fB0x961
0x2163	0x2163B0x2169B0xb35
0x2163	0x2163B0x2169B0xe22
0x2163	0x2163B0x2169B0x1897
0x2163	0x2163B0x3522B0x197f
0x2163	0x2163B0x2443B0x1d4a
0x2149	0x2149B0x215aB0x2169B0x149
0x2149	0x2149B0x215aB0x2169B0x173
0x2149	0x2149B0x215aB0x2443B0x381
0x2149	0x2149B0x215aB0x2169B0x219
0x2149	0x2149B0x215aB0x2757B0x872
0x2149	0x2149B0x215aB0x276aB0x872
0x2149	0x2149B0x215aB0x2777B0x872
0x2149	0x2149B0x215aB0x2169B0x411
0x2149	0x2149B0x215aB0x2169B0x5d8
0x2149	0x2149B0x215aB0x2677B0x675
0x2149	0x2149B0x215aB0x27edB0x8bc
0x2149	0x2149B0x215aB0x2863B0x8f3
0x2149	0x2149B0x215aB0x28d9B0x92a
0x2149	0x2149B0x215aB0x294fB0x961
0x2149	0x2149B0x215aB0x2169B0xb35
0x2149	0x2149B0x215aB0x2169B0xe22
0x2149	0x2149B0x215aB0x2169B0x1897
0x2149	0x2149B0x215aB0x3522B0x197f
0x2149	0x2149B0x215aB0x2443B0x1d4a
0x2149	0x2149B0x2203B0x2219B0x22b0B0x1d4
0x2149	0x2149B0x2203B0x2219B0x23b6B0x23a
0x2149	0x2149B0x2203B0x2219B0x23c7B0x23a
0x2149	0x2149B0x2203B0x2219B0x23d8B0x23a
0x2149	0x2149B0x24e8B0x2539B0x25c4B0x49f
0x2149	0x2149B0x24e8B0x255fB0x25c4B0x49f
0x2149	0x2149B0x24e8B0x2524B0x25c4B0x49f
0x2153	0x2153B0x215aB0x2169B0x149
0x2153	0x2153B0x215aB0x2169B0x173
0x2153	0x2153B0x215aB0x2443B0x381
0x2153	0x2153B0x215aB0x2169B0x219
0x2153	0x2153B0x215aB0x2757B0x872
0x2153	0x2153B0x215aB0x276aB0x872
0x2153	0x2153B0x215aB0x2777B0x872
0x2153	0x2153B0x215aB0x2169B0x411
0x2153	0x2153B0x215aB0x2169B0x5d8
0x2153	0x2153B0x215aB0x2677B0x675
0x2153	0x2153B0x215aB0x27edB0x8bc
0x2153	0x2153B0x215aB0x2863B0x8f3
0x2153	0x2153B0x215aB0x28d9B0x92a
0x2153	0x2153B0x215aB0x294fB0x961
0x2153	0x2153B0x215aB0x2169B0xb35
0x2153	0x2153B0x215aB0x2169B0xe22
0x2153	0x2153B0x215aB0x2169B0x1897
0x2153	0x2153B0x215aB0x3522B0x197f
0x2153	0x2153B0x215aB0x2443B0x1d4a
0x2153	0x2153B0x2203B0x2219B0x22b0B0x1d4
0x2153	0x2153B0x2203B0x2219B0x23b6B0x23a
0x2153	0x2153B0x2203B0x2219B0x23c7B0x23a
0x2153	0x2153B0x2203B0x2219B0x23d8B0x23a
0x2153	0x2153B0x24e8B0x2539B0x25c4B0x49f
0x2153	0x2153B0x24e8B0x255fB0x25c4B0x49f
0x2153	0x2153B0x24e8B0x2524B0x25c4B0x49f
0x212a	0x212aB0x2149B0x215aB0x2169B0x149
0x212a	0x212aB0x2149B0x215aB0x2169B0x173
0x212a	0x212aB0x2149B0x215aB0x2443B0x381
0x212a	0x212aB0x2149B0x215aB0x2169B0x219
0x212a	0x212aB0x2149B0x215aB0x2757B0x872
0x212a	0x212aB0x2149B0x215aB0x276aB0x872
0x212a	0x212aB0x2149B0x215aB0x2777B0x872
0x212a	0x212aB0x2149B0x215aB0x2169B0x411
0x212a	0x212aB0x2149B0x215aB0x2169B0x5d8
0x212a	0x212aB0x2149B0x215aB0x2677B0x675
0x212a	0x212aB0x2149B0x215aB0x27edB0x8bc
0x212a	0x212aB0x2149B0x215aB0x2863B0x8f3
0x212a	0x212aB0x2149B0x215aB0x28d9B0x92a
0x212a	0x212aB0x2149B0x215aB0x294fB0x961
0x212a	0x212aB0x2149B0x215aB0x2169B0xb35
0x212a	0x212aB0x2149B0x215aB0x2169B0xe22
0x212a	0x212aB0x2149B0x215aB0x2169B0x1897
0x212a	0x212aB0x2149B0x215aB0x3522B0x197f
0x212a	0x212aB0x2149B0x215aB0x2443B0x1d4a
0x212a	0x212aB0x21a0B0x21acB0x21bdB0x21ceB0x19d
0x212a	0x212aB0x218bB0x21acB0x21bdB0x21ceB0x19d
0x212a	0x212aB0x2149B0x2203B0x2219B0x22b0B0x1d4
0x212a	0x212aB0x2149B0x2203B0x2219B0x23b6B0x23a
0x212a	0x212aB0x2149B0x2203B0x2219B0x23c7B0x23a
0x212a	0x212aB0x2149B0x2203B0x2219B0x23d8B0x23a
0x212a	0x212aB0x21a0B0x21acB0x240aB0x241bB0x26b
0x212a	0x212aB0x218bB0x21acB0x240aB0x241bB0x26b
0x212a	0x212aB0x2515B0x25c4B0x49f
0x212a	0x212aB0x2149B0x24e8B0x2539B0x25c4B0x49f
0x212a	0x212aB0x2149B0x24e8B0x255fB0x25c4B0x49f
0x212a	0x212aB0x2149B0x24e8B0x2524B0x25c4B0x49f
0x2456	0x2456B0x381
0x2456	0x2456B0x1d4a
0x2463	0x2463B0x381
0x2463	0x2463B0x1d4a
0x276a	0x276aB0x872
0x2777	0x2777B0x872
0x2784	0x2784B0x872
0x268a	0x268aB0x675
0x2697	0x2697B0x675
0x2668	0x2668B0x268aB0x675
0x2668	0x2668B0x35f5B0x1a5b
0x2668	0x2668B0x35f5B0x1b6f
0x2671	0x2671B0x268aB0x675
0x2671	0x2671B0x35f5B0x1a5b
0x2671	0x2671B0x35f5B0x1b6f
0x2647	0x2647B0x2668B0x268aB0x675
0x2647	0x2647B0x2668B0x35f5B0x1a5b
0x2647	0x2647B0x2668B0x35f5B0x1b6f
0x2182	0x2182B0x2657B0x2668B0x268aB0x675
0x2182	0x2182B0x2657B0x2668B0x35f5B0x1a5b
0x2182	0x2182B0x2657B0x2668B0x35f5B0x1b6f
0x2182	0x2182B0x219bB0x21acB0x21bdB0x21ceB0x19d
0x2182	0x2182B0x219bB0x21acB0x240aB0x241bB0x26b
0x2661	0x2661B0x2668B0x268aB0x675
0x2661	0x2661B0x2668B0x35f5B0x1a5b
0x2661	0x2661B0x2668B0x35f5B0x1b6f
0x265c	0x265cB0x2668B0x268aB0x675
0x265c	0x265cB0x2668B0x35f5B0x1a5b
0x265c	0x265cB0x2668B0x35f5B0x1b6f
0x2657	0x2657B0x2668B0x268aB0x675
0x2657	0x2657B0x2668B0x35f5B0x1a5b
0x2657	0x2657B0x2668B0x35f5B0x1b6f
0x263e	0x263eB0x2668B0x268aB0x675
0x263e	0x263eB0x2668B0x35f5B0x1a5b
0x263e	0x263eB0x2668B0x35f5B0x1b6f
0x27ed	0x27edB0x8bc
0x27b4	0x27b4B0x8bc
0x27cb	0x27cbB0x8bc
0x278c	0x278cB0x8bc
0x27fc	0x27fcB0x8bc
0x27c0	0x27c0B0x8bc
0x2863	0x2863B0x8f3
0x282a	0x282aB0x8f3
0x2841	0x2841B0x8f3
0x2802	0x2802B0x8f3
0x2872	0x2872B0x8f3
0x2836	0x2836B0x8f3
0x28d9	0x28d9B0x92a
0x28a0	0x28a0B0x92a
0x28b7	0x28b7B0x92a
0x2878	0x2878B0x92a
0x28e8	0x28e8B0x92a
0x28ac	0x28acB0x92a
0x294f	0x294fB0x961
0x2916	0x2916B0x961
0x292d	0x292dB0x961
0x28ee	0x28eeB0x961
0x295e	0x295eB0x961
0x2922	0x2922B0x961
0x3535	0x3535B0x197f
0x3542	0x3542B0x197f
0x354f	0x354fB0x197f
0x355c	0x355cB0x197f
0x3513	0x3513B0x197f
0x351c	0x351cB0x197f
0x2260	0x2260B0x3513B0x197f
0x2260	0x2260B0x226eB0x2284B0x22dfB0x1d4
0x2260	0x2260B0x226eB0x2284B0x23e9B0x23a
0x2260	0x2260B0x24f7B0x25c4B0x49f
0x35f5	0x35f5B0x1a5b
0x35f5	0x35f5B0x1b6f
0x3602	0x3602B0x1a5b
0x3602	0x3602B0x1b6f
0x360f	0x360fB0x1a5b
0x360f	0x360fB0x1b6f
0x21d7	0x21d7B0x19d
0x21bd	0x21bdB0x21ceB0x19d
0x21f0	0x21f0B0x19d
0x21ce	0x21ceB0x19d
0x22b0	0x22b0B0x1d4
0x7392	0x7392B0x1d4
0x22bd	0x22bdB0x1d4
0x2219	0x2219B0x22b0B0x1d4
0x2219	0x2219B0x23b6B0x23a
0x2219	0x2219B0x23c7B0x23a
0x2219	0x2219B0x23d8B0x23a
0x22ce	0x22ceB0x1d4
0x224c	0x224cB0x22bdB0x1d4
0x224c	0x224cB0x22ceB0x1d4
0x22df	0x22dfB0x1d4
0x22f0	0x22f0B0x1d4
0x2284	0x2284B0x22dfB0x1d4
0x2284	0x2284B0x23e9B0x23a
0x2376	0x2376B0x23a
0x73b5	0x73b5B0x23a
0x2383	0x2383B0x23a
0x2345	0x2345B0x2376B0x23a
0x2345	0x2345B0x2383B0x23a
0x2345	0x2345B0x2394B0x23a
0x2345	0x2345B0x23a5B0x23a
0x2394	0x2394B0x23a
0x23a5	0x23a5B0x23a
0x23b6	0x23b6B0x23a
0x23c7	0x23c7B0x23a
0x23d8	0x23d8B0x23a
0x23e9	0x23e9B0x23a
0x23fa	0x23faB0x23a
0x2424	0x2424B0x26b
0x240a	0x240aB0x241bB0x26b
0x243d	0x243dB0x26b
0x241b	0x241bB0x26b
0x25d8	0x25d8B0x49f
0x2524	0x2524B0x25c4B0x49f
0x225a	0x225aB0x22bdB0x1d4
0x225a	0x225aB0x22ceB0x1d4
0x2353	0x2353B0x2376B0x23a
0x2353	0x2353B0x2383B0x23a
0x2353	0x2353B0x2394B0x23a
0x2353	0x2353B0x23a5B0x23a
0x2292	0x2292B0x22dfB0x1d4
0x2292	0x2292B0x23e9B0x23a
0x226e	0x226eB0x2284B0x22dfB0x1d4
0x226e	0x226eB0x2284B0x23e9B0x23a
0x2281	0x2281B0x2284B0x22dfB0x1d4
0x2281	0x2281B0x2284B0x23e9B0x23a
0x2277	0x2277B0x2284B0x22dfB0x1d4
0x2277	0x2277B0x2284B0x23e9B0x23a
0x254c	0x254cB0x25c4B0x49f
0x24e8	0x24e8B0x2539B0x25c4B0x49f
0x24e8	0x24e8B0x255fB0x25c4B0x49f
0x24e8	0x24e8B0x2524B0x25c4B0x49f
0x255f	0x255fB0x25c4B0x49f
0x24f7	0x24f7B0x25c4B0x49f
0x2572	0x2572B0x25c4B0x49f
0x2500	0x2500B0x25c4B0x49f
0x2585	0x2585B0x25c4B0x49f
0x2506	0x2506B0x2572B0x25c4B0x49f
0x2506	0x2506B0x2585B0x25c4B0x49f
0x2506	0x2506B0x2598B0x25c4B0x49f
0x2598	0x2598B0x25c4B0x49f
0x25ab	0x25abB0x25c4B0x49f
0x25be	0x25beB0x25c4B0x49f
0x2515	0x2515B0x25c4B0x49f
0x251e	0x251eB0x25c4B0x49f
0x2539	0x2539B0x25c4B0x49f
0x250f	0x250fB0x2572B0x25c4B0x49f
0x250f	0x250fB0x2585B0x25c4B0x49f
0x250f	0x250fB0x2598B0x25c4B0x49f
0x24f1	0x24f1B0x2539B0x25c4B0x49f
0x24f1	0x24f1B0x255fB0x25c4B0x49f
0x24f1	0x24f1B0x2524B0x25c4B0x49f
0x21c7	0x21c7B0x21ceB0x19d
0x21ac	0x21acB0x21bdB0x21ceB0x19d
0x21ac	0x21acB0x240aB0x241bB0x26b
0x21b6	0x21b6B0x21bdB0x21ceB0x19d
0x21b6	0x21b6B0x240aB0x241bB0x26b
0x218b	0x218bB0x21acB0x21bdB0x21ceB0x19d
0x218b	0x218bB0x21acB0x240aB0x241bB0x26b
0x21a5	0x21a5B0x21acB0x21bdB0x21ceB0x19d
0x21a5	0x21a5B0x21acB0x240aB0x241bB0x26b
0x21a0	0x21a0B0x21acB0x21bdB0x21ceB0x19d
0x21a0	0x21a0B0x21acB0x240aB0x241bB0x26b
0x219b	0x219bB0x21acB0x21bdB0x21ceB0x19d
0x219b	0x219bB0x21acB0x240aB0x241bB0x26b
0x2227	0x2227B0x22b0B0x1d4
0x2227	0x2227B0x23b6B0x23a
0x2227	0x2227B0x23c7B0x23a
0x2227	0x2227B0x23d8B0x23a
0x2203	0x2203B0x2219B0x22b0B0x1d4
0x2203	0x2203B0x2219B0x23b6B0x23a
0x2203	0x2203B0x2219B0x23c7B0x23a
0x2203	0x2203B0x2219B0x23d8B0x23a
0x2216	0x2216B0x2219B0x22b0B0x1d4
0x2216	0x2216B0x2219B0x23b6B0x23a
0x2216	0x2216B0x2219B0x23c7B0x23a
0x2216	0x2216B0x2219B0x23d8B0x23a
0x220c	0x220cB0x2219B0x22b0B0x1d4
0x220c	0x220cB0x2219B0x23b6B0x23a
0x220c	0x220cB0x2219B0x23c7B0x23a
0x220c	0x220cB0x2219B0x23d8B0x23a
0x2414	0x2414B0x241bB0x26b
0xc4	0xe9c7
0x3e	0x3e
0x1d	0x1d
0x28	0x28
0x33	0x33
0x59	0x59
0x6f	0x6f
0x9d5	0x9d5
0xa0b	0xa0b
0xb99	0xb99
0xbd4	0xbd4
0xbe2	0xbe2
0xef9	0xef9
0xf14	0xf14
0xf22	0xf22
0x125e	0x125e
0x1279	0x1279
0x1287	0x1287
0x15c3	0x15c3
0x15de	0x15de
0x15ec	0x15ec
0x19de	0x19de
0x1a19	0x1a19
0x1a27	0x1a27
0x1db9	0x1db9
0x1df4	0x1df4
0x1e02	0x1e02
0x21cf	0x21ceB0x19d
0x21d3	0x21ceB0x19d
0x21de	0x21ddB0x19d
0x21df	0x21ddB0x19d
0x21e2	0x21ddB0x19d
0x21e5	0x21ddB0x19d
0x21e8	0x21ddB0x19d
0x21ea	0x21ddB0x19d
0x21ec	0x21ddB0x19d
0x2299	0x2298B0x1d4
0x229b	0x2298B0x1d4
0x229d	0x2298B0x1d4
0x22a1	0x2298B0x1d4
0x22a2	0x2298B0x1d4
0x22a3	0x2298B0x1d4
0x22a4	0x2298B0x1d4
0x22a8	0x22a8B0x1d4
0x22ab	0x22a8B0x1d4
0x22b1	0x22b0B0x1d4
0x22b2	0x22b0B0x1d4
0x22b8	0x22b0B0x1d4
0x22b9	0x22b0B0x1d4
0x22c1	0x22bdB0x1d4
0x22c3	0x22bdB0x1d4
0x22c9	0x22bdB0x1d4
0x22ca	0x22bdB0x1d4
0x22d2	0x22ceB0x1d4
0x22d4	0x22ceB0x1d4
0x22da	0x22ceB0x1d4
0x22db	0x22ceB0x1d4
0x22e3	0x22dfB0x1d4
0x22e5	0x22dfB0x1d4
0x22eb	0x22dfB0x1d4
0x22ec	0x22dfB0x1d4
0x235a	0x2359B0x23a
0x235c	0x2359B0x23a
0x235e	0x2359B0x23a
0x2360	0x2359B0x23a
0x2362	0x2359B0x23a
0x2367	0x2359B0x23a
0x2368	0x2359B0x23a
0x2369	0x2359B0x23a
0x236a	0x2359B0x23a
0x236e	0x236eB0x23a
0x2371	0x236eB0x23a
0x2377	0x2376B0x23a
0x2378	0x2376B0x23a
0x237e	0x2376B0x23a
0x237f	0x2376B0x23a
0x2387	0x2383B0x23a
0x2389	0x2383B0x23a
0x238f	0x2383B0x23a
0x2390	0x2383B0x23a
0x2398	0x2394B0x23a
0x239a	0x2394B0x23a
0x23a0	0x2394B0x23a
0x23a1	0x2394B0x23a
0x23a9	0x23a5B0x23a
0x23ab	0x23a5B0x23a
0x23b1	0x23a5B0x23a
0x23b2	0x23a5B0x23a
0x23ba	0x23b6B0x23a
0x23bc	0x23b6B0x23a
0x23c2	0x23b6B0x23a
0x23c3	0x23b6B0x23a
0x23cb	0x23c7B0x23a
0x23cd	0x23c7B0x23a
0x23d3	0x23c7B0x23a
0x23d4	0x23c7B0x23a
0x23dc	0x23d8B0x23a
0x23de	0x23d8B0x23a
0x23e4	0x23d8B0x23a
0x23e5	0x23d8B0x23a
0x23ed	0x23e9B0x23a
0x23ef	0x23e9B0x23a
0x23f5	0x23e9B0x23a
0x23f6	0x23e9B0x23a
0x241c	0x241bB0x26b
0x2420	0x241bB0x26b
0x242b	0x242aB0x26b
0x242c	0x242aB0x26b
0x242f	0x242aB0x26b
0x2432	0x242aB0x26b
0x2435	0x242aB0x26b
0x2437	0x242aB0x26b
0x2439	0x242aB0x26b
0x25c5	0x25c4B0x49f
0x25c6	0x25c4B0x49f
0x25ca	0x25c4B0x49f
0x25cd	0x25c4B0x49f
0x25d0	0x25c4B0x49f
0x25d2	0x25c4B0x49f
0x25d4	0x25c4B0x49f
0x7393	0x7392B0x1d4
0x73b6	0x73b5B0x23a
0x21d6	0x21ceB0x19d
0x22bc	0x22b0B0x1d4
0x23c6	0x23b6B0x23a
0x23d7	0x23c7B0x23a
0x23e8	0x23d8B0x23a
0x2423	0x241bB0x26b
0x22ef	0x22dfB0x1d4
0x23f9	0x23e9B0x23a
0x22cd	0x22bdB0x1d4
0x22de	0x22ceB0x1d4
0x2382	0x2376B0x23a
0x2393	0x2383B0x23a
0x23a4	0x2394B0x23a
0x23b5	0x23a5B0x23a
0x25d7	0x25c4B0x49f
0x21dc	0x21d7B0x19d
0x21ef	0x21ddB0x19d
0x22ae	0x22a8B0x1d4
0x2374	0x236eB0x23a
0x2429	0x2424B0x26b
0x243c	0x242aB0x26b
0x22a7	0x2298B0x1d4
0x236d	0x2359B0x23a
0x21f5	0x21f0B0x19d
0x22fb	0x22f0B0x1d4
0x2409	0x23faB0x23a
0x2442	0x243dB0x26b
0x25dd	0x25d8B0x49f
0x7395	0x7392B0x1d4
0x73b8	0x73b5B0x23a
0x21d9	0x21d7B0x19d
0x2426	0x2424B0x26b
0x216a	0x2169B0x149
0x216a	0x2169B0x173
0x216a	0x2169B0x219
0x216a	0x2169B0x411
0x216a	0x2169B0x5d8
0x216a	0x2169B0xb35
0x216a	0x2169B0xe22
0x216a	0x2169B0x1897
0x216b	0x2169B0x149
0x216b	0x2169B0x173
0x216b	0x2169B0x219
0x216b	0x2169B0x411
0x216b	0x2169B0x5d8
0x216b	0x2169B0xb35
0x216b	0x2169B0xe22
0x216b	0x2169B0x1897
0x216e	0x2169B0x149
0x216e	0x2169B0x173
0x216e	0x2169B0x219
0x216e	0x2169B0x411
0x216e	0x2169B0x5d8
0x216e	0x2169B0xb35
0x216e	0x2169B0xe22
0x216e	0x2169B0x1897
0x2171	0x2169B0x149
0x2171	0x2169B0x173
0x2171	0x2169B0x219
0x2171	0x2169B0x411
0x2171	0x2169B0x5d8
0x2171	0x2169B0xb35
0x2171	0x2169B0xe22
0x2171	0x2169B0x1897
0x2174	0x2169B0x149
0x2174	0x2169B0x173
0x2174	0x2169B0x219
0x2174	0x2169B0x411
0x2174	0x2169B0x5d8
0x2174	0x2169B0xb35
0x2174	0x2169B0xe22
0x2174	0x2169B0x1897
0x2176	0x2169B0x149
0x2176	0x2169B0x173
0x2176	0x2169B0x219
0x2176	0x2169B0x411
0x2176	0x2169B0x5d8
0x2176	0x2169B0xb35
0x2176	0x2169B0xe22
0x2176	0x2169B0x1897
0x2178	0x2169B0x149
0x2178	0x2169B0x173
0x2178	0x2169B0x219
0x2178	0x2169B0x411
0x2178	0x2169B0x5d8
0x2178	0x2169B0xb35
0x2178	0x2169B0xe22
0x2178	0x2169B0x1897
0x21be	0x21bdB0x21ceB0x19d
0x21bf	0x21bdB0x21ceB0x19d
0x21c3	0x21bdB0x21ceB0x19d
0x221a	0x2219B0x22b0B0x1d4
0x221a	0x2219B0x23b6B0x23a
0x221a	0x2219B0x23c7B0x23a
0x221a	0x2219B0x23d8B0x23a
0x221c	0x2219B0x22b0B0x1d4
0x221c	0x2219B0x23b6B0x23a
0x221c	0x2219B0x23c7B0x23a
0x221c	0x2219B0x23d8B0x23a
0x221f	0x2219B0x22b0B0x1d4
0x221f	0x2219B0x23b6B0x23a
0x221f	0x2219B0x23c7B0x23a
0x221f	0x2219B0x23d8B0x23a
0x2223	0x2219B0x22b0B0x1d4
0x2223	0x2219B0x23b6B0x23a
0x2223	0x2219B0x23c7B0x23a
0x2223	0x2219B0x23d8B0x23a
0x240b	0x240aB0x241bB0x26b
0x240c	0x240aB0x241bB0x26b
0x2410	0x240aB0x241bB0x26b
0x2444	0x2443B0x381
0x2444	0x2443B0x1d4a
0x2445	0x2443B0x381
0x2445	0x2443B0x1d4a
0x2448	0x2443B0x381
0x2448	0x2443B0x1d4a
0x244b	0x2443B0x381
0x244b	0x2443B0x1d4a
0x244e	0x2443B0x381
0x244e	0x2443B0x1d4a
0x2450	0x2443B0x381
0x2450	0x2443B0x1d4a
0x2452	0x2443B0x381
0x2452	0x2443B0x1d4a
0x2457	0x2456B0x381
0x2457	0x2456B0x1d4a
0x245a	0x2456B0x381
0x245a	0x2456B0x1d4a
0x245d	0x2456B0x381
0x245d	0x2456B0x1d4a
0x245f	0x2456B0x381
0x245f	0x2456B0x1d4a
0x24f8	0x24f7B0x25c4B0x49f
0x24fc	0x24f7B0x25c4B0x49f
0x2516	0x2515B0x25c4B0x49f
0x251a	0x2515B0x25c4B0x49f
0x2525	0x2524B0x25c4B0x49f
0x2529	0x2524B0x25c4B0x49f
0x252a	0x2524B0x25c4B0x49f
0x252c	0x2524B0x25c4B0x49f
0x252d	0x2524B0x25c4B0x49f
0x252e	0x2524B0x25c4B0x49f
0x2531	0x2524B0x25c4B0x49f
0x2533	0x2524B0x25c4B0x49f
0x2535	0x2524B0x25c4B0x49f
0x253b	0x2539B0x25c4B0x49f
0x253e	0x2539B0x25c4B0x49f
0x253f	0x2539B0x25c4B0x49f
0x2540	0x2539B0x25c4B0x49f
0x2543	0x2539B0x25c4B0x49f
0x2546	0x2539B0x25c4B0x49f
0x2548	0x2539B0x25c4B0x49f
0x254e	0x254cB0x25c4B0x49f
0x2551	0x254cB0x25c4B0x49f
0x2552	0x254cB0x25c4B0x49f
0x2553	0x254cB0x25c4B0x49f
0x2556	0x254cB0x25c4B0x49f
0x2559	0x254cB0x25c4B0x49f
0x255b	0x254cB0x25c4B0x49f
0x2561	0x255fB0x25c4B0x49f
0x2564	0x255fB0x25c4B0x49f
0x2565	0x255fB0x25c4B0x49f
0x2566	0x255fB0x25c4B0x49f
0x2569	0x255fB0x25c4B0x49f
0x256c	0x255fB0x25c4B0x49f
0x256e	0x255fB0x25c4B0x49f
0x2574	0x2572B0x25c4B0x49f
0x2577	0x2572B0x25c4B0x49f
0x2578	0x2572B0x25c4B0x49f
0x2579	0x2572B0x25c4B0x49f
0x257c	0x2572B0x25c4B0x49f
0x257f	0x2572B0x25c4B0x49f
0x2581	0x2572B0x25c4B0x49f
0x2587	0x2585B0x25c4B0x49f
0x258a	0x2585B0x25c4B0x49f
0x258b	0x2585B0x25c4B0x49f
0x258c	0x2585B0x25c4B0x49f
0x258f	0x2585B0x25c4B0x49f
0x2592	0x2585B0x25c4B0x49f
0x2594	0x2585B0x25c4B0x49f
0x259a	0x2598B0x25c4B0x49f
0x259d	0x2598B0x25c4B0x49f
0x259e	0x2598B0x25c4B0x49f
0x259f	0x2598B0x25c4B0x49f
0x25a2	0x2598B0x25c4B0x49f
0x25a5	0x2598B0x25c4B0x49f
0x25a7	0x2598B0x25c4B0x49f
0x25ad	0x25abB0x25c4B0x49f
0x25b0	0x25abB0x25c4B0x49f
0x25b1	0x25abB0x25c4B0x49f
0x25b2	0x25abB0x25c4B0x49f
0x25b5	0x25abB0x25c4B0x49f
0x25b8	0x25abB0x25c4B0x49f
0x25ba	0x25abB0x25c4B0x49f
0x2678	0x2677B0x675
0x2679	0x2677B0x675
0x267c	0x2677B0x675
0x267f	0x2677B0x675
0x2682	0x2677B0x675
0x2684	0x2677B0x675
0x2686	0x2677B0x675
0x268b	0x268aB0x675
0x268e	0x268aB0x675
0x2691	0x268aB0x675
0x2693	0x268aB0x675
0x2758	0x2757B0x872
0x2759	0x2757B0x872
0x275c	0x2757B0x872
0x275f	0x2757B0x872
0x2762	0x2757B0x872
0x2764	0x2757B0x872
0x2766	0x2757B0x872
0x276b	0x276aB0x872
0x276e	0x276aB0x872
0x2771	0x276aB0x872
0x2773	0x276aB0x872
0x2778	0x2777B0x872
0x277b	0x2777B0x872
0x277e	0x2777B0x872
0x2780	0x2777B0x872
0x278d	0x278cB0x8bc
0x27ae	0x278cB0x8bc
0x27b0	0x278cB0x8bc
0x27b5	0x27b4B0x8bc
0x27b6	0x27b4B0x8bc
0x27b9	0x27b4B0x8bc
0x27bc	0x27b4B0x8bc
0x27c3	0x27c0B0x8bc
0x27c7	0x27c0B0x8bc
0x27cc	0x27cbB0x8bc
0x27cf	0x27cbB0x8bc
0x27d7	0x27d6B0x8bc
0x27d8	0x27d6B0x8bc
0x27db	0x27d6B0x8bc
0x27e0	0x27d6B0x8bc
0x27e1	0x27d6B0x8bc
0x27e3	0x27d6B0x8bc
0x27e5	0x27d6B0x8bc
0x27e9	0x27d6B0x8bc
0x27f0	0x27edB0x8bc
0x27f3	0x27edB0x8bc
0x27f6	0x27edB0x8bc
0x27f8	0x27edB0x8bc
0x2803	0x2802B0x8f3
0x2824	0x2802B0x8f3
0x2826	0x2802B0x8f3
0x282b	0x282aB0x8f3
0x282c	0x282aB0x8f3
0x282f	0x282aB0x8f3
0x2832	0x282aB0x8f3
0x2839	0x2836B0x8f3
0x283d	0x2836B0x8f3
0x2842	0x2841B0x8f3
0x2845	0x2841B0x8f3
0x284d	0x284cB0x8f3
0x284e	0x284cB0x8f3
0x2851	0x284cB0x8f3
0x2856	0x284cB0x8f3
0x2857	0x284cB0x8f3
0x2859	0x284cB0x8f3
0x285b	0x284cB0x8f3
0x285f	0x284cB0x8f3
0x2866	0x2863B0x8f3
0x2869	0x2863B0x8f3
0x286c	0x2863B0x8f3
0x286e	0x2863B0x8f3
0x2879	0x2878B0x92a
0x289a	0x2878B0x92a
0x289c	0x2878B0x92a
0x28a1	0x28a0B0x92a
0x28a2	0x28a0B0x92a
0x28a5	0x28a0B0x92a
0x28a8	0x28a0B0x92a
0x28af	0x28acB0x92a
0x28b3	0x28acB0x92a
0x28b8	0x28b7B0x92a
0x28bb	0x28b7B0x92a
0x28c3	0x28c2B0x92a
0x28c4	0x28c2B0x92a
0x28c7	0x28c2B0x92a
0x28cc	0x28c2B0x92a
0x28cd	0x28c2B0x92a
0x28cf	0x28c2B0x92a
0x28d1	0x28c2B0x92a
0x28d5	0x28c2B0x92a
0x28dc	0x28d9B0x92a
0x28df	0x28d9B0x92a
0x28e2	0x28d9B0x92a
0x28e4	0x28d9B0x92a
0x28ef	0x28eeB0x961
0x2910	0x28eeB0x961
0x2912	0x28eeB0x961
0x2917	0x2916B0x961
0x2918	0x2916B0x961
0x291b	0x2916B0x961
0x291e	0x2916B0x961
0x2925	0x2922B0x961
0x2929	0x2922B0x961
0x292e	0x292dB0x961
0x2931	0x292dB0x961
0x2939	0x2938B0x961
0x293a	0x2938B0x961
0x293d	0x2938B0x961
0x2942	0x2938B0x961
0x2943	0x2938B0x961
0x2945	0x2938B0x961
0x2947	0x2938B0x961
0x294b	0x2938B0x961
0x2952	0x294fB0x961
0x2955	0x294fB0x961
0x2958	0x294fB0x961
0x295a	0x294fB0x961
0x3514	0x3513B0x197f
0x3518	0x3513B0x197f
0x3523	0x3522B0x197f
0x3524	0x3522B0x197f
0x3527	0x3522B0x197f
0x352a	0x3522B0x197f
0x352d	0x3522B0x197f
0x352f	0x3522B0x197f
0x3531	0x3522B0x197f
0x3536	0x3535B0x197f
0x3539	0x3535B0x197f
0x353c	0x3535B0x197f
0x353e	0x3535B0x197f
0x3543	0x3542B0x197f
0x3546	0x3542B0x197f
0x3549	0x3542B0x197f
0x354b	0x3542B0x197f
0x3550	0x354fB0x197f
0x3553	0x354fB0x197f
0x3556	0x354fB0x197f
0x3558	0x354fB0x197f
0x35e3	0x35e2B0x1a5b
0x35e3	0x35e2B0x1b6f
0x35e4	0x35e2B0x1a5b
0x35e4	0x35e2B0x1b6f
0x35e7	0x35e2B0x1a5b
0x35e7	0x35e2B0x1b6f
0x35ea	0x35e2B0x1a5b
0x35ea	0x35e2B0x1b6f
0x35ed	0x35e2B0x1a5b
0x35ed	0x35e2B0x1b6f
0x35ef	0x35e2B0x1a5b
0x35ef	0x35e2B0x1b6f
0x35f1	0x35e2B0x1a5b
0x35f1	0x35e2B0x1b6f
0x35f6	0x35f5B0x1a5b
0x35f6	0x35f5B0x1b6f
0x35f9	0x35f5B0x1a5b
0x35f9	0x35f5B0x1b6f
0x35fc	0x35f5B0x1a5b
0x35fc	0x35f5B0x1b6f
0x35fe	0x35f5B0x1a5b
0x35fe	0x35f5B0x1b6f
0x3603	0x3602B0x1a5b
0x3603	0x3602B0x1b6f
0x3606	0x3602B0x1a5b
0x3606	0x3602B0x1b6f
0x3609	0x3602B0x1a5b
0x3609	0x3602B0x1b6f
0x360b	0x3602B0x1a5b
0x360b	0x3602B0x1b6f
0x21c6	0x21bdB0x21ceB0x19d
0x2413	0x240aB0x241bB0x26b
0x251d	0x2515B0x25c4B0x49f
0x24ff	0x24f7B0x25c4B0x49f
0x351b	0x3513B0x197f
0x27bf	0x27b4B0x8bc
0x2835	0x282aB0x8f3
0x28ab	0x28a0B0x92a
0x2921	0x2916B0x961
0x217b	0x2169B0x149
0x217b	0x2169B0x173
0x217b	0x2169B0x219
0x217b	0x2169B0x411
0x217b	0x2169B0x5d8
0x217b	0x2169B0xb35
0x217b	0x2169B0xe22
0x217b	0x2169B0x1897
0x2226	0x2219B0x22b0B0x1d4
0x2226	0x2219B0x23b6B0x23a
0x2226	0x2219B0x23c7B0x23a
0x2226	0x2219B0x23d8B0x23a
0x2455	0x2443B0x381
0x2455	0x2443B0x1d4a
0x2462	0x2456B0x381
0x2462	0x2456B0x1d4a
0x2538	0x2524B0x25c4B0x49f
0x254b	0x2539B0x25c4B0x49f
0x2571	0x255fB0x25c4B0x49f
0x2584	0x2572B0x25c4B0x49f
0x2597	0x2585B0x25c4B0x49f
0x25aa	0x2598B0x25c4B0x49f
0x2689	0x2677B0x675
0x2696	0x268aB0x675
0x2769	0x2757B0x872
0x2776	0x276aB0x872
0x2783	0x2777B0x872
0x27fb	0x27edB0x8bc
0x2871	0x2863B0x8f3
0x28e7	0x28d9B0x92a
0x295d	0x294fB0x961
0x3534	0x3522B0x197f
0x3541	0x3535B0x197f
0x354e	0x3542B0x197f
0x35f4	0x35e2B0x1a5b
0x35f4	0x35e2B0x1b6f
0x3601	0x35f5B0x1a5b
0x3601	0x35f5B0x1b6f
0x360e	0x3602B0x1a5b
0x360e	0x3602B0x1b6f
0x2505	0x2500B0x25c4B0x49f
0x2523	0x251eB0x25c4B0x49f
0x255e	0x254cB0x25c4B0x49f
0x25bd	0x25abB0x25c4B0x49f
0x27b3	0x278cB0x8bc
0x27ca	0x27c0B0x8bc
0x27d5	0x27cbB0x8bc
0x27ec	0x27d6B0x8bc
0x2829	0x2802B0x8f3
0x2840	0x2836B0x8f3
0x284b	0x2841B0x8f3
0x2862	0x284cB0x8f3
0x289f	0x2878B0x92a
0x28b6	0x28acB0x92a
0x28c1	0x28b7B0x92a
0x28d8	0x28c2B0x92a
0x2915	0x28eeB0x961
0x292c	0x2922B0x961
0x2937	0x292dB0x961
0x294e	0x2938B0x961
0x3521	0x351cB0x197f
0x355b	0x354fB0x197f
0x2181	0x217cB0x149
0x2181	0x217cB0x173
0x2181	0x217cB0x219
0x2181	0x217cB0x411
0x2181	0x217cB0x5d8
0x2181	0x217cB0xb35
0x2181	0x217cB0xe22
0x2181	0x217cB0x1897
0x21cd	0x21c7B0x21ceB0x19d
0x222c	0x2227B0x22b0B0x1d4
0x222c	0x2227B0x23b6B0x23a
0x222c	0x2227B0x23c7B0x23a
0x222c	0x2227B0x23d8B0x23a
0x241a	0x2414B0x241bB0x26b
0x2469	0x2463B0x381
0x2469	0x2463B0x1d4a
0x25c3	0x25beB0x25c4B0x49f
0x269d	0x2697B0x675
0x278b	0x2784B0x872
0x2801	0x27fcB0x8bc
0x2877	0x2872B0x8f3
0x28ed	0x28e8B0x92a
0x2963	0x295eB0x961
0x3564	0x355cB0x197f
0x3616	0x360fB0x1a5b
0x3616	0x360fB0x1b6f
0x2502	0x2500B0x25c4B0x49f
0x2520	0x251eB0x25c4B0x49f
0x27b1	0x278cB0x8bc
0x27e4	0x27d6B0x8bc
0x2827	0x2802B0x8f3
0x285a	0x284cB0x8f3
0x289d	0x2878B0x92a
0x28d0	0x28c2B0x92a
0x2913	0x28eeB0x961
0x2946	0x2938B0x961
0x351e	0x351cB0x197f
0x215b	0x215aB0x2169B0x149
0x215b	0x215aB0x2169B0x173
0x215b	0x215aB0x2443B0x381
0x215b	0x215aB0x2169B0x219
0x215b	0x215aB0x2757B0x872
0x215b	0x215aB0x276aB0x872
0x215b	0x215aB0x2777B0x872
0x215b	0x215aB0x2169B0x411
0x215b	0x215aB0x2169B0x5d8
0x215b	0x215aB0x2677B0x675
0x215b	0x215aB0x27edB0x8bc
0x215b	0x215aB0x2863B0x8f3
0x215b	0x215aB0x28d9B0x92a
0x215b	0x215aB0x294fB0x961
0x215b	0x215aB0x2169B0xb35
0x215b	0x215aB0x2169B0xe22
0x215b	0x215aB0x2169B0x1897
0x215b	0x215aB0x3522B0x197f
0x215b	0x215aB0x2443B0x1d4a
0x215f	0x215aB0x2169B0x149
0x215f	0x215aB0x2169B0x173
0x215f	0x215aB0x2443B0x381
0x215f	0x215aB0x2169B0x219
0x215f	0x215aB0x2757B0x872
0x215f	0x215aB0x276aB0x872
0x215f	0x215aB0x2777B0x872
0x215f	0x215aB0x2169B0x411
0x215f	0x215aB0x2169B0x5d8
0x215f	0x215aB0x2677B0x675
0x215f	0x215aB0x27edB0x8bc
0x215f	0x215aB0x2863B0x8f3
0x215f	0x215aB0x28d9B0x92a
0x215f	0x215aB0x294fB0x961
0x215f	0x215aB0x2169B0xb35
0x215f	0x215aB0x2169B0xe22
0x215f	0x215aB0x2169B0x1897
0x215f	0x215aB0x3522B0x197f
0x215f	0x215aB0x2443B0x1d4a
0x21ad	0x21acB0x21bdB0x21ceB0x19d
0x21ad	0x21acB0x240aB0x241bB0x26b
0x21ae	0x21acB0x21bdB0x21ceB0x19d
0x21ae	0x21acB0x240aB0x241bB0x26b
0x21b2	0x21acB0x21bdB0x21ceB0x19d
0x21b2	0x21acB0x240aB0x241bB0x26b
0x2204	0x2203B0x2219B0x22b0B0x1d4
0x2204	0x2203B0x2219B0x23b6B0x23a
0x2204	0x2203B0x2219B0x23c7B0x23a
0x2204	0x2203B0x2219B0x23d8B0x23a
0x2208	0x2203B0x2219B0x22b0B0x1d4
0x2208	0x2203B0x2219B0x23b6B0x23a
0x2208	0x2203B0x2219B0x23c7B0x23a
0x2208	0x2203B0x2219B0x23d8B0x23a
0x220e	0x220cB0x2219B0x22b0B0x1d4
0x220e	0x220cB0x2219B0x23b6B0x23a
0x220e	0x220cB0x2219B0x23c7B0x23a
0x220e	0x220cB0x2219B0x23d8B0x23a
0x220f	0x220cB0x2219B0x22b0B0x1d4
0x220f	0x220cB0x2219B0x23b6B0x23a
0x220f	0x220cB0x2219B0x23c7B0x23a
0x220f	0x220cB0x2219B0x23d8B0x23a
0x2213	0x2213B0x2219B0x22b0B0x1d4
0x2213	0x2213B0x2219B0x23b6B0x23a
0x2213	0x2213B0x2219B0x23c7B0x23a
0x2213	0x2213B0x2219B0x23d8B0x23a
0x2285	0x2284B0x22dfB0x1d4
0x2285	0x2284B0x23e9B0x23a
0x2287	0x2284B0x22dfB0x1d4
0x2287	0x2284B0x23e9B0x23a
0x228a	0x2284B0x22dfB0x1d4
0x228a	0x2284B0x23e9B0x23a
0x228e	0x2284B0x22dfB0x1d4
0x228e	0x2284B0x23e9B0x23a
0x230c	0x230bB0x1ef
0x230c	0x230bB0x706
0x230d	0x230bB0x1ef
0x230d	0x230bB0x706
0x2310	0x230bB0x1ef
0x2310	0x230bB0x706
0x2313	0x230bB0x1ef
0x2313	0x230bB0x706
0x2316	0x230bB0x1ef
0x2316	0x230bB0x706
0x2318	0x230bB0x1ef
0x2318	0x230bB0x706
0x231a	0x230bB0x1ef
0x231a	0x230bB0x706
0x247f	0x247eB0x3ed
0x247f	0x247eB0x6e2
0x247f	0x247eB0xb99
0x247f	0x247eB0x1db9
0x2480	0x247eB0x3ed
0x2480	0x247eB0x6e2
0x2480	0x247eB0xb99
0x2480	0x247eB0x1db9
0x2484	0x247eB0x3ed
0x2484	0x247eB0x6e2
0x2484	0x247eB0xb99
0x2484	0x247eB0x1db9
0x2485	0x247eB0x3ed
0x2485	0x247eB0x6e2
0x2485	0x247eB0xb99
0x2485	0x247eB0x1db9
0x2486	0x247eB0x3ed
0x2486	0x247eB0x6e2
0x2486	0x247eB0xb99
0x2486	0x247eB0x1db9
0x2487	0x247eB0x3ed
0x2487	0x247eB0x6e2
0x2487	0x247eB0xb99
0x2487	0x247eB0x1db9
0x248b	0x248bB0x3ed
0x248b	0x248bB0x6e2
0x248b	0x248bB0xb99
0x248b	0x248bB0x1db9
0x248e	0x248bB0x3ed
0x248e	0x248bB0x6e2
0x248e	0x248bB0xb99
0x248e	0x248bB0x1db9
0x2494	0x2493B0x3ed
0x2494	0x2493B0x6e2
0x2494	0x2493B0xb99
0x2494	0x2493B0x1db9
0x2495	0x2493B0x3ed
0x2495	0x2493B0x6e2
0x2495	0x2493B0xb99
0x2495	0x2493B0x1db9
0x249b	0x2493B0x3ed
0x249b	0x2493B0x6e2
0x249b	0x2493B0xb99
0x249b	0x2493B0x1db9
0x249c	0x2493B0x3ed
0x249c	0x2493B0x6e2
0x249c	0x2493B0xb99
0x249c	0x2493B0x1db9
0x24be	0x24bdB0x47b
0x24be	0x24bdB0x5b4
0x24be	0x24bdB0x642
0x24be	0x24bdB0x18ec
0x24be	0x24bdB0x19de
0x24bf	0x24bdB0x47b
0x24bf	0x24bdB0x5b4
0x24bf	0x24bdB0x642
0x24bf	0x24bdB0x18ec
0x24bf	0x24bdB0x19de
0x24c3	0x24bdB0x47b
0x24c3	0x24bdB0x5b4
0x24c3	0x24bdB0x642
0x24c3	0x24bdB0x18ec
0x24c3	0x24bdB0x19de
0x24c4	0x24bdB0x47b
0x24c4	0x24bdB0x5b4
0x24c4	0x24bdB0x642
0x24c4	0x24bdB0x18ec
0x24c4	0x24bdB0x19de
0x24c5	0x24bdB0x47b
0x24c5	0x24bdB0x5b4
0x24c5	0x24bdB0x642
0x24c5	0x24bdB0x18ec
0x24c5	0x24bdB0x19de
0x24c6	0x24bdB0x47b
0x24c6	0x24bdB0x5b4
0x24c6	0x24bdB0x642
0x24c6	0x24bdB0x18ec
0x24c6	0x24bdB0x19de
0x24ca	0x24caB0x47b
0x24ca	0x24caB0x5b4
0x24ca	0x24caB0x642
0x24ca	0x24caB0x18ec
0x24ca	0x24caB0x19de
0x24cd	0x24caB0x47b
0x24cd	0x24caB0x5b4
0x24cd	0x24caB0x642
0x24cd	0x24caB0x18ec
0x24cd	0x24caB0x19de
0x24d3	0x24d2B0x47b
0x24d3	0x24d2B0x5b4
0x24d3	0x24d2B0x642
0x24d3	0x24d2B0x18ec
0x24d3	0x24d2B0x19de
0x24d4	0x24d2B0x47b
0x24d4	0x24d2B0x5b4
0x24d4	0x24d2B0x642
0x24d4	0x24d2B0x18ec
0x24d4	0x24d2B0x19de
0x24da	0x24d2B0x47b
0x24da	0x24d2B0x5b4
0x24da	0x24d2B0x642
0x24da	0x24d2B0x18ec
0x24da	0x24d2B0x19de
0x24db	0x24d2B0x47b
0x24db	0x24d2B0x5b4
0x24db	0x24d2B0x642
0x24db	0x24d2B0x18ec
0x24db	0x24d2B0x19de
0x24e9	0x24e8B0x2539B0x25c4B0x49f
0x24e9	0x24e8B0x255fB0x25c4B0x49f
0x24e9	0x24e8B0x2524B0x25c4B0x49f
0x24ed	0x24e8B0x2539B0x25c4B0x49f
0x24ed	0x24e8B0x255fB0x25c4B0x49f
0x24ed	0x24e8B0x2524B0x25c4B0x49f
0x2669	0x2668B0x268aB0x675
0x2669	0x2668B0x35f5B0x1a5b
0x2669	0x2668B0x35f5B0x1b6f
0x266d	0x2668B0x268aB0x675
0x266d	0x2668B0x35f5B0x1a5b
0x266d	0x2668B0x35f5B0x1b6f
0x2a39	0x2a38B0xa6d
0x2a39	0x2a38B0xc16
0x2a39	0x2a38B0xcd8
0x2a39	0x2a38B0xdd4
0x2a39	0x2a38B0x1145
0x2a39	0x2a38B0xf56
0x2a39	0x2a38B0xfa4
0x2a39	0x2a38B0x1066
0x2a39	0x2a38B0x10b4
0x2a39	0x2a38B0x14aa
0x2a39	0x2a38B0x12bb
0x2a39	0x2a38B0x1309
0x2a39	0x2a38B0x13cb
0x2a39	0x2a38B0x1419
0x2a39	0x2a38B0x180f
0x2a39	0x2a38B0x1620
0x2a39	0x2a38B0x166e
0x2a39	0x2a38B0x1730
0x2a39	0x2a38B0x177e
0x2a39	0x2a38B0x1aad
0x2a39	0x2a38B0x1bc1
0x2a39	0x2a38B0x20b4
0x2a39	0x2a38B0x1e86
0x2a39	0x2a38B0x1f98
0x2a3a	0x2a38B0xa6d
0x2a3a	0x2a38B0xc16
0x2a3a	0x2a38B0xcd8
0x2a3a	0x2a38B0xdd4
0x2a3a	0x2a38B0x1145
0x2a3a	0x2a38B0xf56
0x2a3a	0x2a38B0xfa4
0x2a3a	0x2a38B0x1066
0x2a3a	0x2a38B0x10b4
0x2a3a	0x2a38B0x14aa
0x2a3a	0x2a38B0x12bb
0x2a3a	0x2a38B0x1309
0x2a3a	0x2a38B0x13cb
0x2a3a	0x2a38B0x1419
0x2a3a	0x2a38B0x180f
0x2a3a	0x2a38B0x1620
0x2a3a	0x2a38B0x166e
0x2a3a	0x2a38B0x1730
0x2a3a	0x2a38B0x177e
0x2a3a	0x2a38B0x1aad
0x2a3a	0x2a38B0x1bc1
0x2a3a	0x2a38B0x20b4
0x2a3a	0x2a38B0x1e86
0x2a3a	0x2a38B0x1f98
0x2a3d	0x2a38B0xa6d
0x2a3d	0x2a38B0xc16
0x2a3d	0x2a38B0xcd8
0x2a3d	0x2a38B0xdd4
0x2a3d	0x2a38B0x1145
0x2a3d	0x2a38B0xf56
0x2a3d	0x2a38B0xfa4
0x2a3d	0x2a38B0x1066
0x2a3d	0x2a38B0x10b4
0x2a3d	0x2a38B0x14aa
0x2a3d	0x2a38B0x12bb
0x2a3d	0x2a38B0x1309
0x2a3d	0x2a38B0x13cb
0x2a3d	0x2a38B0x1419
0x2a3d	0x2a38B0x180f
0x2a3d	0x2a38B0x1620
0x2a3d	0x2a38B0x166e
0x2a3d	0x2a38B0x1730
0x2a3d	0x2a38B0x177e
0x2a3d	0x2a38B0x1aad
0x2a3d	0x2a38B0x1bc1
0x2a3d	0x2a38B0x20b4
0x2a3d	0x2a38B0x1e86
0x2a3d	0x2a38B0x1f98
0x2a40	0x2a38B0xa6d
0x2a40	0x2a38B0xc16
0x2a40	0x2a38B0xcd8
0x2a40	0x2a38B0xdd4
0x2a40	0x2a38B0x1145
0x2a40	0x2a38B0xf56
0x2a40	0x2a38B0xfa4
0x2a40	0x2a38B0x1066
0x2a40	0x2a38B0x10b4
0x2a40	0x2a38B0x14aa
0x2a40	0x2a38B0x12bb
0x2a40	0x2a38B0x1309
0x2a40	0x2a38B0x13cb
0x2a40	0x2a38B0x1419
0x2a40	0x2a38B0x180f
0x2a40	0x2a38B0x1620
0x2a40	0x2a38B0x166e
0x2a40	0x2a38B0x1730
0x2a40	0x2a38B0x177e
0x2a40	0x2a38B0x1aad
0x2a40	0x2a38B0x1bc1
0x2a40	0x2a38B0x20b4
0x2a40	0x2a38B0x1e86
0x2a40	0x2a38B0x1f98
0x2a43	0x2a38B0xa6d
0x2a43	0x2a38B0xc16
0x2a43	0x2a38B0xcd8
0x2a43	0x2a38B0xdd4
0x2a43	0x2a38B0x1145
0x2a43	0x2a38B0xf56
0x2a43	0x2a38B0xfa4
0x2a43	0x2a38B0x1066
0x2a43	0x2a38B0x10b4
0x2a43	0x2a38B0x14aa
0x2a43	0x2a38B0x12bb
0x2a43	0x2a38B0x1309
0x2a43	0x2a38B0x13cb
0x2a43	0x2a38B0x1419
0x2a43	0x2a38B0x180f
0x2a43	0x2a38B0x1620
0x2a43	0x2a38B0x166e
0x2a43	0x2a38B0x1730
0x2a43	0x2a38B0x177e
0x2a43	0x2a38B0x1aad
0x2a43	0x2a38B0x1bc1
0x2a43	0x2a38B0x20b4
0x2a43	0x2a38B0x1e86
0x2a43	0x2a38B0x1f98
0x2a45	0x2a38B0xa6d
0x2a45	0x2a38B0xc16
0x2a45	0x2a38B0xcd8
0x2a45	0x2a38B0xdd4
0x2a45	0x2a38B0x1145
0x2a45	0x2a38B0xf56
0x2a45	0x2a38B0xfa4
0x2a45	0x2a38B0x1066
0x2a45	0x2a38B0x10b4
0x2a45	0x2a38B0x14aa
0x2a45	0x2a38B0x12bb
0x2a45	0x2a38B0x1309
0x2a45	0x2a38B0x13cb
0x2a45	0x2a38B0x1419
0x2a45	0x2a38B0x180f
0x2a45	0x2a38B0x1620
0x2a45	0x2a38B0x166e
0x2a45	0x2a38B0x1730
0x2a45	0x2a38B0x177e
0x2a45	0x2a38B0x1aad
0x2a45	0x2a38B0x1bc1
0x2a45	0x2a38B0x20b4
0x2a45	0x2a38B0x1e86
0x2a45	0x2a38B0x1f98
0x2a47	0x2a38B0xa6d
0x2a47	0x2a38B0xc16
0x2a47	0x2a38B0xcd8
0x2a47	0x2a38B0xdd4
0x2a47	0x2a38B0x1145
0x2a47	0x2a38B0xf56
0x2a47	0x2a38B0xfa4
0x2a47	0x2a38B0x1066
0x2a47	0x2a38B0x10b4
0x2a47	0x2a38B0x14aa
0x2a47	0x2a38B0x12bb
0x2a47	0x2a38B0x1309
0x2a47	0x2a38B0x13cb
0x2a47	0x2a38B0x1419
0x2a47	0x2a38B0x180f
0x2a47	0x2a38B0x1620
0x2a47	0x2a38B0x166e
0x2a47	0x2a38B0x1730
0x2a47	0x2a38B0x177e
0x2a47	0x2a38B0x1aad
0x2a47	0x2a38B0x1bc1
0x2a47	0x2a38B0x20b4
0x2a47	0x2a38B0x1e86
0x2a47	0x2a38B0x1f98
0x2a85	0x2a84B0xb04
0x2aa6	0x2a84B0xb04
0x2aa8	0x2a84B0xb04
0x2aad	0x2aacB0xb04
0x2aae	0x2aacB0xb04
0x2ab1	0x2aacB0xb04
0x2ab4	0x2aacB0xb04
0x2abb	0x2ab8B0xb04
0x2abf	0x2ab8B0xb04
0x2ac4	0x2ac3B0xb04
0x2ac7	0x2ac3B0xb04
0x2acf	0x2aceB0xb04
0x2ad0	0x2aceB0xb04
0x2ad3	0x2aceB0xb04
0x2ad8	0x2aceB0xb04
0x2ad9	0x2aceB0xb04
0x2adb	0x2aceB0xb04
0x2add	0x2aceB0xb04
0x2ae1	0x2aceB0xb04
0x2ae8	0x2ae5B0xb04
0x2aeb	0x2ae5B0xb04
0x2aee	0x2ae5B0xb04
0x2af0	0x2ae5B0xb04
0x2cd7	0x2cd6B0xbe7
0x2cd8	0x2cd6B0xbe7
0x2cdb	0x2cd6B0xbe7
0x2ce0	0x2cd6B0xbe7
0x2ce1	0x2cd6B0xbe7
0x2ce3	0x2cd6B0xbe7
0x2ce5	0x2cd6B0xbe7
0x2ce9	0x2cd6B0xbe7
0x2cf2	0x2cedB0xbe7
0x2cf3	0x2cedB0xbe7
0x2cf6	0x2cedB0xbe7
0x2cf8	0x2cedB0xbe7
0x2cfd	0x2cedB0xbe7
0x2d0a	0x2d09B0xc64
0x2d0a	0x2d09B0xff2
0x2d0a	0x2d09B0x1357
0x2d0a	0x2d09B0x16bc
0x2d0a	0x2d09B0x1afb
0x2d0a	0x2d09B0x1ed4
0x2d0b	0x2d09B0xc64
0x2d0b	0x2d09B0xff2
0x2d0b	0x2d09B0x1357
0x2d0b	0x2d09B0x16bc
0x2d0b	0x2d09B0x1afb
0x2d0b	0x2d09B0x1ed4
0x2d0e	0x2d09B0xc64
0x2d0e	0x2d09B0xff2
0x2d0e	0x2d09B0x1357
0x2d0e	0x2d09B0x16bc
0x2d0e	0x2d09B0x1afb
0x2d0e	0x2d09B0x1ed4
0x2d13	0x2d09B0xc64
0x2d13	0x2d09B0xff2
0x2d13	0x2d09B0x1357
0x2d13	0x2d09B0x16bc
0x2d13	0x2d09B0x1afb
0x2d13	0x2d09B0x1ed4
0x2d14	0x2d09B0xc64
0x2d14	0x2d09B0xff2
0x2d14	0x2d09B0x1357
0x2d14	0x2d09B0x16bc
0x2d14	0x2d09B0x1afb
0x2d14	0x2d09B0x1ed4
0x2d16	0x2d09B0xc64
0x2d16	0x2d09B0xff2
0x2d16	0x2d09B0x1357
0x2d16	0x2d09B0x16bc
0x2d16	0x2d09B0x1afb
0x2d16	0x2d09B0x1ed4
0x2d18	0x2d09B0xc64
0x2d18	0x2d09B0xff2
0x2d18	0x2d09B0x1357
0x2d18	0x2d09B0x16bc
0x2d18	0x2d09B0x1afb
0x2d18	0x2d09B0x1ed4
0x2d1d	0x2d09B0xc64
0x2d1d	0x2d09B0xff2
0x2d1d	0x2d09B0x1357
0x2d1d	0x2d09B0x16bc
0x2d1d	0x2d09B0x1afb
0x2d1d	0x2d09B0x1ed4
0x2d74	0x2d73B0xcab
0x2d75	0x2d73B0xcab
0x2d78	0x2d73B0xcab
0x2d7d	0x2d73B0xcab
0x2d7e	0x2d73B0xcab
0x2d80	0x2d73B0xcab
0x2d82	0x2d73B0xcab
0x2d86	0x2d73B0xcab
0x2d8f	0x2d8aB0xcab
0x2d90	0x2d8aB0xcab
0x2d93	0x2d8aB0xcab
0x2d95	0x2d8aB0xcab
0x2d99	0x2d8aB0xcab
0x2e0d	0x2e0cB0xd69
0x2e0e	0x2e0cB0xd69
0x2e11	0x2e0cB0xd69
0x2e16	0x2e0cB0xd69
0x2e17	0x2e0cB0xd69
0x2e19	0x2e0cB0xd69
0x2e1b	0x2e0cB0xd69
0x2e1f	0x2e0cB0xd69
0x2e26	0x2e23B0xd69
0x2e29	0x2e23B0xd69
0x2e2c	0x2e23B0xd69
0x2e2e	0x2e23B0xd69
0x2e39	0x2e38B0xda8
0x2e5a	0x2e38B0xda8
0x2e5c	0x2e38B0xda8
0x2e61	0x2e60B0xda8
0x2e62	0x2e60B0xda8
0x2e65	0x2e60B0xda8
0x2e68	0x2e60B0xda8
0x2e6f	0x2e6cB0xda8
0x2e73	0x2e6cB0xda8
0x2e78	0x2e77B0xda8
0x2e7b	0x2e77B0xda8
0x2e83	0x2e82B0xda8
0x2e84	0x2e82B0xda8
0x2e87	0x2e82B0xda8
0x2e8c	0x2e82B0xda8
0x2e8d	0x2e82B0xda8
0x2e8f	0x2e82B0xda8
0x2e91	0x2e82B0xda8
0x2e95	0x2e82B0xda8
0x2e9e	0x2e99B0xda8
0x2e9f	0x2e99B0xda8
0x2ea2	0x2e99B0xda8
0x2ea4	0x2e99B0xda8
0x2ea8	0x2e99B0xda8
0x2eb4	0x2eb3B0xe6f
0x2ed5	0x2eb3B0xe6f
0x2ed7	0x2eb3B0xe6f
0x2edc	0x2edbB0xe6f
0x2edd	0x2edbB0xe6f
0x2ee0	0x2edbB0xe6f
0x2ee3	0x2edbB0xe6f
0x2eea	0x2ee7B0xe6f
0x2eee	0x2ee7B0xe6f
0x2ef3	0x2ef2B0xe6f
0x2ef6	0x2ef2B0xe6f
0x2efe	0x2efdB0xe6f
0x2eff	0x2efdB0xe6f
0x2f02	0x2efdB0xe6f
0x2f07	0x2efdB0xe6f
0x2f08	0x2efdB0xe6f
0x2f0a	0x2efdB0xe6f
0x2f0c	0x2efdB0xe6f
0x2f10	0x2efdB0xe6f
0x2f17	0x2f14B0xe6f
0x2f1a	0x2f14B0xe6f
0x2f1d	0x2f14B0xe6f
0x2f1f	0x2f14B0xe6f
0x2f74	0x2f73B0xf27
0x2f75	0x2f73B0xf27
0x2f78	0x2f73B0xf27
0x2f7d	0x2f73B0xf27
0x2f7e	0x2f73B0xf27
0x2f80	0x2f73B0xf27
0x2f82	0x2f73B0xf27
0x2f86	0x2f73B0xf27
0x2f8f	0x2f8aB0xf27
0x2f90	0x2f8aB0xf27
0x2f93	0x2f8aB0xf27
0x2f95	0x2f8aB0xf27
0x2f9a	0x2f8aB0xf27
0x2fa7	0x2fa6B0x1039
0x2fa8	0x2fa6B0x1039
0x2fab	0x2fa6B0x1039
0x2fb0	0x2fa6B0x1039
0x2fb1	0x2fa6B0x1039
0x2fb3	0x2fa6B0x1039
0x2fb5	0x2fa6B0x1039
0x2fb9	0x2fa6B0x1039
0x2fc2	0x2fbdB0x1039
0x2fc3	0x2fbdB0x1039
0x2fc6	0x2fbdB0x1039
0x2fc8	0x2fbdB0x1039
0x2fcc	0x2fbdB0x1039
0x3040	0x303fB0x118c
0x3041	0x303fB0x118c
0x3044	0x303fB0x118c
0x3049	0x303fB0x118c
0x304a	0x303fB0x118c
0x304c	0x303fB0x118c
0x304e	0x303fB0x118c
0x3052	0x303fB0x118c
0x3059	0x3056B0x118c
0x305c	0x3056B0x118c
0x305f	0x3056B0x118c
0x3061	0x3056B0x118c
0x306c	0x306bB0x11d4
0x308d	0x306bB0x11d4
0x308f	0x306bB0x11d4
0x3094	0x3093B0x11d4
0x3095	0x3093B0x11d4
0x3098	0x3093B0x11d4
0x309b	0x3093B0x11d4
0x30a2	0x309fB0x11d4
0x30a6	0x309fB0x11d4
0x30ab	0x30aaB0x11d4
0x30ae	0x30aaB0x11d4
0x30b6	0x30b5B0x11d4
0x30b7	0x30b5B0x11d4
0x30ba	0x30b5B0x11d4
0x30bf	0x30b5B0x11d4
0x30c0	0x30b5B0x11d4
0x30c2	0x30b5B0x11d4
0x30c4	0x30b5B0x11d4
0x30c8	0x30b5B0x11d4
0x30cf	0x30ccB0x11d4
0x30d2	0x30ccB0x11d4
0x30d5	0x30ccB0x11d4
0x30d7	0x30ccB0x11d4
0x312c	0x312bB0x128c
0x312d	0x312bB0x128c
0x3130	0x312bB0x128c
0x3135	0x312bB0x128c
0x3136	0x312bB0x128c
0x3138	0x312bB0x128c
0x313a	0x312bB0x128c
0x313e	0x312bB0x128c
0x3147	0x3142B0x128c
0x3148	0x3142B0x128c
0x314b	0x3142B0x128c
0x314d	0x3142B0x128c
0x3152	0x3142B0x128c
0x315f	0x315eB0x139e
0x3160	0x315eB0x139e
0x3163	0x315eB0x139e
0x3168	0x315eB0x139e
0x3169	0x315eB0x139e
0x316b	0x315eB0x139e
0x316d	0x315eB0x139e
0x3171	0x315eB0x139e
0x317a	0x3175B0x139e
0x317b	0x3175B0x139e
0x317e	0x3175B0x139e
0x3180	0x3175B0x139e
0x3184	0x3175B0x139e
0x321e	0x321dB0x14f1
0x321f	0x321dB0x14f1
0x3222	0x321dB0x14f1
0x3227	0x321dB0x14f1
0x3228	0x321dB0x14f1
0x322a	0x321dB0x14f1
0x322c	0x321dB0x14f1
0x3230	0x321dB0x14f1
0x3237	0x3234B0x14f1
0x323a	0x3234B0x14f1
0x323d	0x3234B0x14f1
0x323f	0x3234B0x14f1
0x324a	0x3249B0x1539
0x326b	0x3249B0x1539
0x326d	0x3249B0x1539
0x3272	0x3271B0x1539
0x3273	0x3271B0x1539
0x3276	0x3271B0x1539
0x3279	0x3271B0x1539
0x3280	0x327dB0x1539
0x3284	0x327dB0x1539
0x3289	0x3288B0x1539
0x328c	0x3288B0x1539
0x3294	0x3293B0x1539
0x3295	0x3293B0x1539
0x3298	0x3293B0x1539
0x329d	0x3293B0x1539
0x329e	0x3293B0x1539
0x32a0	0x3293B0x1539
0x32a2	0x3293B0x1539
0x32a6	0x3293B0x1539
0x32ad	0x32aaB0x1539
0x32b0	0x32aaB0x1539
0x32b3	0x32aaB0x1539
0x32b5	0x32aaB0x1539
0x330a	0x3309B0x15f1
0x330b	0x3309B0x15f1
0x330e	0x3309B0x15f1
0x3313	0x3309B0x15f1
0x3314	0x3309B0x15f1
0x3316	0x3309B0x15f1
0x3318	0x3309B0x15f1
0x331c	0x3309B0x15f1
0x3325	0x3320B0x15f1
0x3326	0x3320B0x15f1
0x3329	0x3320B0x15f1
0x332b	0x3320B0x15f1
0x3330	0x3320B0x15f1
0x333d	0x333cB0x1703
0x333e	0x333cB0x1703
0x3341	0x333cB0x1703
0x3346	0x333cB0x1703
0x3347	0x333cB0x1703
0x3349	0x333cB0x1703
0x334b	0x333cB0x1703
0x334f	0x333cB0x1703
0x3358	0x3353B0x1703
0x3359	0x3353B0x1703
0x335c	0x3353B0x1703
0x335e	0x3353B0x1703
0x3362	0x3353B0x1703
0x33fc	0x33fbB0x1856
0x33fd	0x33fbB0x1856
0x3400	0x33fbB0x1856
0x3405	0x33fbB0x1856
0x3406	0x33fbB0x1856
0x3408	0x33fbB0x1856
0x340a	0x33fbB0x1856
0x340e	0x33fbB0x1856
0x3415	0x3412B0x1856
0x3418	0x3412B0x1856
0x341b	0x3412B0x1856
0x341d	0x3412B0x1856
0x3428	0x3427B0x1910
0x3449	0x3427B0x1910
0x344b	0x3427B0x1910
0x3450	0x344fB0x1910
0x3451	0x344fB0x1910
0x3454	0x344fB0x1910
0x3457	0x344fB0x1910
0x345e	0x345bB0x1910
0x3462	0x345bB0x1910
0x3467	0x3466B0x1910
0x346a	0x3466B0x1910
0x3472	0x3471B0x1910
0x3473	0x3471B0x1910
0x3476	0x3471B0x1910
0x347b	0x3471B0x1910
0x347c	0x3471B0x1910
0x347e	0x3471B0x1910
0x3480	0x3471B0x1910
0x3484	0x3471B0x1910
0x348b	0x3488B0x1910
0x348e	0x3488B0x1910
0x3491	0x3488B0x1910
0x3493	0x3488B0x1910
0x349e	0x349dB0x1950
0x34bf	0x349dB0x1950
0x34c1	0x349dB0x1950
0x34c6	0x34c5B0x1950
0x34c7	0x34c5B0x1950
0x34ca	0x34c5B0x1950
0x34cd	0x34c5B0x1950
0x34d4	0x34d1B0x1950
0x34d8	0x34d1B0x1950
0x34dd	0x34dcB0x1950
0x34e0	0x34dcB0x1950
0x34e8	0x34e7B0x1950
0x34e9	0x34e7B0x1950
0x34ec	0x34e7B0x1950
0x34f1	0x34e7B0x1950
0x34f2	0x34e7B0x1950
0x34f4	0x34e7B0x1950
0x34f6	0x34e7B0x1950
0x34fa	0x34e7B0x1950
0x3501	0x34feB0x1950
0x3504	0x34feB0x1950
0x3507	0x34feB0x1950
0x3509	0x34feB0x1950
0x35b0	0x35afB0x1a2c
0x35b1	0x35afB0x1a2c
0x35b4	0x35afB0x1a2c
0x35b9	0x35afB0x1a2c
0x35ba	0x35afB0x1a2c
0x35bc	0x35afB0x1a2c
0x35be	0x35afB0x1a2c
0x35c2	0x35afB0x1a2c
0x35cb	0x35c6B0x1a2c
0x35cc	0x35c6B0x1a2c
0x35cf	0x35c6B0x1a2c
0x35d1	0x35c6B0x1a2c
0x35d6	0x35c6B0x1a2c
0x3618	0x3617B0x1b42
0x3619	0x3617B0x1b42
0x361c	0x3617B0x1b42
0x3621	0x3617B0x1b42
0x3622	0x3617B0x1b42
0x3624	0x3617B0x1b42
0x3626	0x3617B0x1b42
0x362a	0x3617B0x1b42
0x3633	0x362eB0x1b42
0x3634	0x362eB0x1b42
0x3637	0x362eB0x1b42
0x3639	0x362eB0x1b42
0x363d	0x362eB0x1b42
0x36b1	0x36b0B0x1c52
0x36b2	0x36b0B0x1c52
0x36b5	0x36b0B0x1c52
0x36b8	0x36b0B0x1c52
0x36bb	0x36b0B0x1c52
0x36bd	0x36b0B0x1c52
0x36bf	0x36b0B0x1c52
0x36c4	0x36c3B0x1c52
0x36c7	0x36c3B0x1c52
0x36ca	0x36c3B0x1c52
0x36cc	0x36c3B0x1c52
0x36d1	0x36d0B0x1c52
0x36d4	0x36d0B0x1c52
0x36d7	0x36d0B0x1c52
0x36d9	0x36d0B0x1c52
0x36e6	0x36e5B0x1c9d
0x36e7	0x36e5B0x1c9d
0x36ea	0x36e5B0x1c9d
0x36ef	0x36e5B0x1c9d
0x36f0	0x36e5B0x1c9d
0x36f2	0x36e5B0x1c9d
0x36f4	0x36e5B0x1c9d
0x36f8	0x36e5B0x1c9d
0x36ff	0x36fcB0x1c9d
0x3702	0x36fcB0x1c9d
0x3705	0x36fcB0x1c9d
0x3707	0x36fcB0x1c9d
0x3712	0x3711B0x1cd5
0x3733	0x3711B0x1cd5
0x3735	0x3711B0x1cd5
0x373a	0x3739B0x1cd5
0x373b	0x3739B0x1cd5
0x373e	0x3739B0x1cd5
0x3741	0x3739B0x1cd5
0x3748	0x3745B0x1cd5
0x374c	0x3745B0x1cd5
0x3751	0x3750B0x1cd5
0x3754	0x3750B0x1cd5
0x375c	0x375bB0x1cd5
0x375d	0x375bB0x1cd5
0x3760	0x375bB0x1cd5
0x3765	0x375bB0x1cd5
0x3766	0x375bB0x1cd5
0x3768	0x375bB0x1cd5
0x376a	0x375bB0x1cd5
0x376e	0x375bB0x1cd5
0x3775	0x3772B0x1cd5
0x3778	0x3772B0x1cd5
0x377b	0x3772B0x1cd5
0x377d	0x3772B0x1cd5
0x3788	0x3787B0x1d1a
0x37a9	0x3787B0x1d1a
0x37ab	0x3787B0x1d1a
0x37b0	0x37afB0x1d1a
0x37b1	0x37afB0x1d1a
0x37b4	0x37afB0x1d1a
0x37b7	0x37afB0x1d1a
0x37be	0x37bbB0x1d1a
0x37c2	0x37bbB0x1d1a
0x37c7	0x37c6B0x1d1a
0x37ca	0x37c6B0x1d1a
0x37d2	0x37d1B0x1d1a
0x37d3	0x37d1B0x1d1a
0x37d6	0x37d1B0x1d1a
0x37db	0x37d1B0x1d1a
0x37dc	0x37d1B0x1d1a
0x37de	0x37d1B0x1d1a
0x37e0	0x37d1B0x1d1a
0x37e4	0x37d1B0x1d1a
0x37eb	0x37e8B0x1d1a
0x37ee	0x37e8B0x1d1a
0x37f1	0x37e8B0x1d1a
0x37f3	0x37e8B0x1d1a
0x3848	0x3847B0x1e07
0x3849	0x3847B0x1e07
0x384c	0x3847B0x1e07
0x3851	0x3847B0x1e07
0x3852	0x3847B0x1e07
0x3854	0x3847B0x1e07
0x3856	0x3847B0x1e07
0x385a	0x3847B0x1e07
0x3863	0x385eB0x1e07
0x3864	0x385eB0x1e07
0x3867	0x385eB0x1e07
0x3869	0x385eB0x1e07
0x386e	0x385eB0x1e07
0x387b	0x387aB0x2029
0x387b	0x387aB0x1e36
0x387b	0x387aB0x1f48
0x387c	0x387aB0x2029
0x387c	0x387aB0x1e36
0x387c	0x387aB0x1f48
0x387f	0x387aB0x2029
0x387f	0x387aB0x1e36
0x387f	0x387aB0x1f48
0x3882	0x387aB0x2029
0x3882	0x387aB0x1e36
0x3882	0x387aB0x1f48
0x3885	0x387aB0x2029
0x3885	0x387aB0x1e36
0x3885	0x387aB0x1f48
0x3887	0x387aB0x2029
0x3887	0x387aB0x1e36
0x3887	0x387aB0x1f48
0x3889	0x387aB0x2029
0x3889	0x387aB0x1e36
0x3889	0x387aB0x1f48
0x388e	0x388dB0x2029
0x388e	0x388dB0x1e36
0x388e	0x388dB0x1f48
0x3891	0x388dB0x2029
0x3891	0x388dB0x1e36
0x3891	0x388dB0x1f48
0x3894	0x388dB0x2029
0x3894	0x388dB0x1e36
0x3894	0x388dB0x1f48
0x3896	0x388dB0x2029
0x3896	0x388dB0x1e36
0x3896	0x388dB0x1f48
0x38a2	0x38a1B0x1f1b
0x38a3	0x38a1B0x1f1b
0x38a6	0x38a1B0x1f1b
0x38ab	0x38a1B0x1f1b
0x38ac	0x38a1B0x1f1b
0x38ae	0x38a1B0x1f1b
0x38b0	0x38a1B0x1f1b
0x38b4	0x38a1B0x1f1b
0x38bd	0x38b8B0x1f1b
0x38be	0x38b8B0x1f1b
0x38c1	0x38b8B0x1f1b
0x38c3	0x38b8B0x1f1b
0x38c7	0x38b8B0x1f1b
0x3961	0x3960B0x2073
0x3962	0x3960B0x2073
0x3965	0x3960B0x2073
0x396a	0x3960B0x2073
0x396b	0x3960B0x2073
0x396d	0x3960B0x2073
0x396f	0x3960B0x2073
0x3973	0x3960B0x2073
0x397a	0x3977B0x2073
0x397d	0x3977B0x2073
0x3980	0x3977B0x2073
0x3982	0x3977B0x2073
0x73d9	0x73d8B0x3ed
0x73d9	0x73d8B0x6e2
0x73d9	0x73d8B0xb99
0x73d9	0x73d8B0x1db9
0x73fc	0x73fbB0x47b
0x73fc	0x73fbB0x5b4
0x73fc	0x73fbB0x642
0x73fc	0x73fbB0x18ec
0x73fc	0x73fbB0x19de
0x2162	0x215aB0x2169B0x149
0x2162	0x215aB0x2169B0x173
0x2162	0x215aB0x2443B0x381
0x2162	0x215aB0x2169B0x219
0x2162	0x215aB0x2757B0x872
0x2162	0x215aB0x276aB0x872
0x2162	0x215aB0x2777B0x872
0x2162	0x215aB0x2169B0x411
0x2162	0x215aB0x2169B0x5d8
0x2162	0x215aB0x2677B0x675
0x2162	0x215aB0x27edB0x8bc
0x2162	0x215aB0x2863B0x8f3
0x2162	0x215aB0x28d9B0x92a
0x2162	0x215aB0x294fB0x961
0x2162	0x215aB0x2169B0xb35
0x2162	0x215aB0x2169B0xe22
0x2162	0x215aB0x2169B0x1897
0x2162	0x215aB0x3522B0x197f
0x2162	0x215aB0x2443B0x1d4a
0x220b	0x2203B0x2219B0x22b0B0x1d4
0x220b	0x2203B0x2219B0x23b6B0x23a
0x220b	0x2203B0x2219B0x23c7B0x23a
0x220b	0x2203B0x2219B0x23d8B0x23a
0x24f0	0x24e8B0x2539B0x25c4B0x49f
0x24f0	0x24e8B0x255fB0x25c4B0x49f
0x24f0	0x24e8B0x2524B0x25c4B0x49f
0x21b5	0x21acB0x21bdB0x21ceB0x19d
0x21b5	0x21acB0x240aB0x241bB0x26b
0x2670	0x2668B0x268aB0x675
0x2670	0x2668B0x35f5B0x1a5b
0x2670	0x2668B0x35f5B0x1b6f
0x2cec	0x2cd6B0xbe7
0x2d89	0x2d73B0xcab
0x2e22	0x2e0cB0xd69
0x2e98	0x2e82B0xda8
0x2d00	0x2cedB0xbe7
0x2d20	0x2d09B0xc64
0x2d20	0x2d09B0xff2
0x2d20	0x2d09B0x1357
0x2d20	0x2d09B0x16bc
0x2d20	0x2d09B0x1afb
0x2d20	0x2d09B0x1ed4
0x2f9d	0x2f8aB0xf27
0x3155	0x3142B0x128c
0x3333	0x3320B0x15f1
0x35d9	0x35c6B0x1a2c
0x3871	0x385eB0x1e07
0x2d9c	0x2d8aB0xcab
0x2fcf	0x2fbdB0x1039
0x3187	0x3175B0x139e
0x3365	0x3353B0x1703
0x3640	0x362eB0x1b42
0x38ca	0x38b8B0x1f1b
0x2f89	0x2f73B0xf27
0x2fbc	0x2fa6B0x1039
0x3055	0x303fB0x118c
0x3141	0x312bB0x128c
0x3174	0x315eB0x139e
0x3233	0x321dB0x14f1
0x331f	0x3309B0x15f1
0x3352	0x333cB0x1703
0x3411	0x33fbB0x1856
0x35c5	0x35afB0x1a2c
0x362d	0x3617B0x1b42
0x36fb	0x36e5B0x1c9d
0x385d	0x3847B0x1e07
0x38b7	0x38a1B0x1f1b
0x3976	0x3960B0x2073
0x249f	0x2493B0x3ed
0x249f	0x2493B0x6e2
0x249f	0x2493B0xb99
0x249f	0x2493B0x1db9
0x24de	0x24d2B0x47b
0x24de	0x24d2B0x5b4
0x24de	0x24d2B0x642
0x24de	0x24d2B0x18ec
0x24de	0x24d2B0x19de
0x2ab7	0x2aacB0xb04
0x2e6b	0x2e60B0xda8
0x2ee6	0x2edbB0xe6f
0x309e	0x3093B0x11d4
0x327c	0x3271B0x1539
0x345a	0x344fB0x1910
0x34d0	0x34c5B0x1950
0x3744	0x3739B0x1cd5
0x37ba	0x37afB0x1d1a
0x2291	0x2284B0x22dfB0x1d4
0x2291	0x2284B0x23e9B0x23a
0x231d	0x230bB0x1ef
0x231d	0x230bB0x706
0x2a4a	0x2a38B0xa6d
0x2a4a	0x2a38B0xc16
0x2a4a	0x2a38B0xcd8
0x2a4a	0x2a38B0xdd4
0x2a4a	0x2a38B0x1145
0x2a4a	0x2a38B0xf56
0x2a4a	0x2a38B0xfa4
0x2a4a	0x2a38B0x1066
0x2a4a	0x2a38B0x10b4
0x2a4a	0x2a38B0x14aa
0x2a4a	0x2a38B0x12bb
0x2a4a	0x2a38B0x1309
0x2a4a	0x2a38B0x13cb
0x2a4a	0x2a38B0x1419
0x2a4a	0x2a38B0x180f
0x2a4a	0x2a38B0x1620
0x2a4a	0x2a38B0x166e
0x2a4a	0x2a38B0x1730
0x2a4a	0x2a38B0x177e
0x2a4a	0x2a38B0x1aad
0x2a4a	0x2a38B0x1bc1
0x2a4a	0x2a38B0x20b4
0x2a4a	0x2a38B0x1e86
0x2a4a	0x2a38B0x1f98
0x2af3	0x2ae5B0xb04
0x2e31	0x2e23B0xd69
0x2f22	0x2f14B0xe6f
0x3064	0x3056B0x118c
0x30da	0x30ccB0x11d4
0x3242	0x3234B0x14f1
0x32b8	0x32aaB0x1539
0x3420	0x3412B0x1856
0x3496	0x3488B0x1910
0x350c	0x34feB0x1950
0x36c2	0x36b0B0x1c52
0x36cf	0x36c3B0x1c52
0x36dc	0x36d0B0x1c52
0x370a	0x36fcB0x1c9d
0x3780	0x3772B0x1cd5
0x37f6	0x37e8B0x1d1a
0x388c	0x387aB0x2029
0x388c	0x387aB0x1e36
0x388c	0x387aB0x1f48
0x3899	0x388dB0x2029
0x3899	0x388dB0x1e36
0x3899	0x388dB0x1f48
0x3985	0x3977B0x2073
0x2491	0x248bB0x3ed
0x2491	0x248bB0x6e2
0x2491	0x248bB0xb99
0x2491	0x248bB0x1db9
0x24d0	0x24caB0x47b
0x24d0	0x24caB0x5b4
0x24d0	0x24caB0x642
0x24d0	0x24caB0x18ec
0x24d0	0x24caB0x19de
0x2aab	0x2a84B0xb04
0x2ac2	0x2ab8B0xb04
0x2acd	0x2ac3B0xb04
0x2ae4	0x2aceB0xb04
0x2e5f	0x2e38B0xda8
0x2e76	0x2e6cB0xda8
0x2e81	0x2e77B0xda8
0x2eab	0x2e99B0xda8
0x2eda	0x2eb3B0xe6f
0x2ef1	0x2ee7B0xe6f
0x2efc	0x2ef2B0xe6f
0x2f13	0x2efdB0xe6f
0x3092	0x306bB0x11d4
0x30a9	0x309fB0x11d4
0x30b4	0x30aaB0x11d4
0x30cb	0x30b5B0x11d4
0x3270	0x3249B0x1539
0x3287	0x327dB0x1539
0x3292	0x3288B0x1539
0x32a9	0x3293B0x1539
0x344e	0x3427B0x1910
0x3465	0x345bB0x1910
0x3470	0x3466B0x1910
0x3487	0x3471B0x1910
0x34c4	0x349dB0x1950
0x34db	0x34d1B0x1950
0x34e6	0x34dcB0x1950
0x34fd	0x34e7B0x1950
0x3738	0x3711B0x1cd5
0x374f	0x3745B0x1cd5
0x375a	0x3750B0x1cd5
0x3771	0x375bB0x1cd5
0x37ae	0x3787B0x1d1a
0x37c5	0x37bbB0x1d1a
0x37d0	0x37c6B0x1d1a
0x37e7	0x37d1B0x1d1a
0x2212	0x220cB0x2219B0x22b0B0x1d4
0x2212	0x220cB0x2219B0x23b6B0x23a
0x2212	0x220cB0x2219B0x23c7B0x23a
0x2212	0x220cB0x2219B0x23d8B0x23a
0x248a	0x247eB0x3ed
0x248a	0x247eB0x6e2
0x248a	0x247eB0xb99
0x248a	0x247eB0x1db9
0x24c9	0x24bdB0x47b
0x24c9	0x24bdB0x5b4
0x24c9	0x24bdB0x642
0x24c9	0x24bdB0x18ec
0x24c9	0x24bdB0x19de
0x2168	0x2163B0x2169B0x149
0x2168	0x2163B0x2169B0x173
0x2168	0x2163B0x2443B0x381
0x2168	0x2163B0x2169B0x219
0x2168	0x2163B0x2757B0x872
0x2168	0x2163B0x276aB0x872
0x2168	0x2163B0x2777B0x872
0x2168	0x2163B0x2169B0x411
0x2168	0x2163B0x2169B0x5d8
0x2168	0x2163B0x2677B0x675
0x2168	0x2163B0x27edB0x8bc
0x2168	0x2163B0x2863B0x8f3
0x2168	0x2163B0x28d9B0x92a
0x2168	0x2163B0x294fB0x961
0x2168	0x2163B0x2169B0xb35
0x2168	0x2163B0x2169B0xe22
0x2168	0x2163B0x2169B0x1897
0x2168	0x2163B0x3522B0x197f
0x2168	0x2163B0x2443B0x1d4a
0x21bc	0x21b6B0x21bdB0x21ceB0x19d
0x21bc	0x21b6B0x240aB0x241bB0x26b
0x2218	0x2216B0x2219B0x22b0B0x1d4
0x2218	0x2216B0x2219B0x23b6B0x23a
0x2218	0x2216B0x2219B0x23c7B0x23a
0x2218	0x2216B0x2219B0x23d8B0x23a
0x2297	0x2292B0x22dfB0x1d4
0x2297	0x2292B0x23e9B0x23a
0x2323	0x231eB0x1ef
0x2323	0x231eB0x706
0x24a8	0x24a0B0x3ed
0x24a8	0x24a0B0x6e2
0x24a8	0x24a0B0xb99
0x24a8	0x24a0B0x1db9
0x24e7	0x24dfB0x47b
0x24e7	0x24dfB0x5b4
0x24e7	0x24dfB0x642
0x24e7	0x24dfB0x18ec
0x24e7	0x24dfB0x19de
0x24f6	0x24f1B0x2539B0x25c4B0x49f
0x24f6	0x24f1B0x255fB0x25c4B0x49f
0x24f6	0x24f1B0x2524B0x25c4B0x49f
0x2676	0x2671B0x268aB0x675
0x2676	0x2671B0x35f5B0x1a5b
0x2676	0x2671B0x35f5B0x1b6f
0x2a50	0x2a4bB0xa6d
0x2a50	0x2a4bB0xc16
0x2a50	0x2a4bB0xcd8
0x2a50	0x2a4bB0xdd4
0x2a50	0x2a4bB0x1145
0x2a50	0x2a4bB0xf56
0x2a50	0x2a4bB0xfa4
0x2a50	0x2a4bB0x1066
0x2a50	0x2a4bB0x10b4
0x2a50	0x2a4bB0x14aa
0x2a50	0x2a4bB0x12bb
0x2a50	0x2a4bB0x1309
0x2a50	0x2a4bB0x13cb
0x2a50	0x2a4bB0x1419
0x2a50	0x2a4bB0x180f
0x2a50	0x2a4bB0x1620
0x2a50	0x2a4bB0x166e
0x2a50	0x2a4bB0x1730
0x2a50	0x2a4bB0x177e
0x2a50	0x2a4bB0x1aad
0x2a50	0x2a4bB0x1bc1
0x2a50	0x2a4bB0x20b4
0x2a50	0x2a4bB0x1e86
0x2a50	0x2a4bB0x1f98
0x2af9	0x2af4B0xb04
0x2d08	0x2d01B0xbe7
0x2d28	0x2d21B0xc64
0x2d28	0x2d21B0xff2
0x2d28	0x2d21B0x1357
0x2d28	0x2d21B0x16bc
0x2d28	0x2d21B0x1afb
0x2d28	0x2d21B0x1ed4
0x2da3	0x2d9dB0xcab
0x2e37	0x2e32B0xd69
0x2eb2	0x2eacB0xda8
0x2f28	0x2f23B0xe6f
0x2fa5	0x2f9eB0xf27
0x2fd6	0x2fd0B0x1039
0x306a	0x3065B0x118c
0x30e0	0x30dbB0x11d4
0x315d	0x3156B0x128c
0x318e	0x3188B0x139e
0x3248	0x3243B0x14f1
0x32be	0x32b9B0x1539
0x333b	0x3334B0x15f1
0x336c	0x3366B0x1703
0x3426	0x3421B0x1856
0x349c	0x3497B0x1910
0x3512	0x350dB0x1950
0x35e1	0x35daB0x1a2c
0x3647	0x3641B0x1b42
0x36e4	0x36ddB0x1c52
0x3710	0x370bB0x1c9d
0x3786	0x3781B0x1cd5
0x37fc	0x37f7B0x1d1a
0x3879	0x3872B0x1e07
0x38a0	0x389aB0x2029
0x38a0	0x389aB0x1e36
0x38a0	0x389aB0x1f48
0x38d1	0x38cbB0x1f1b
0x398b	0x3986B0x2073
0x2215	0x2213B0x2219B0x22b0B0x1d4
0x2215	0x2213B0x2219B0x23b6B0x23a
0x2215	0x2213B0x2219B0x23c7B0x23a
0x2215	0x2213B0x2219B0x23d8B0x23a
0x73db	0x73d8B0x3ed
0x73db	0x73d8B0x6e2
0x73db	0x73d8B0xb99
0x73db	0x73d8B0x1db9
0x73fe	0x73fbB0x47b
0x73fe	0x73fbB0x5b4
0x73fe	0x73fbB0x642
0x73fe	0x73fbB0x18ec
0x73fe	0x73fbB0x19de
0x2165	0x2163B0x2169B0x149
0x2165	0x2163B0x2169B0x173
0x2165	0x2163B0x2443B0x381
0x2165	0x2163B0x2169B0x219
0x2165	0x2163B0x2757B0x872
0x2165	0x2163B0x276aB0x872
0x2165	0x2163B0x2777B0x872
0x2165	0x2163B0x2169B0x411
0x2165	0x2163B0x2169B0x5d8
0x2165	0x2163B0x2677B0x675
0x2165	0x2163B0x27edB0x8bc
0x2165	0x2163B0x2863B0x8f3
0x2165	0x2163B0x28d9B0x92a
0x2165	0x2163B0x294fB0x961
0x2165	0x2163B0x2169B0xb35
0x2165	0x2163B0x2169B0xe22
0x2165	0x2163B0x2169B0x1897
0x2165	0x2163B0x3522B0x197f
0x2165	0x2163B0x2443B0x1d4a
0x24f3	0x24f1B0x2539B0x25c4B0x49f
0x24f3	0x24f1B0x255fB0x25c4B0x49f
0x24f3	0x24f1B0x2524B0x25c4B0x49f
0x2673	0x2671B0x268aB0x675
0x2673	0x2671B0x35f5B0x1a5b
0x2673	0x2671B0x35f5B0x1b6f
0x2aa9	0x2a84B0xb04
0x2adc	0x2aceB0xb04
0x2ce4	0x2cd6B0xbe7
0x2cf7	0x2cedB0xbe7
0x2d17	0x2d09B0xc64
0x2d17	0x2d09B0xff2
0x2d17	0x2d09B0x1357
0x2d17	0x2d09B0x16bc
0x2d17	0x2d09B0x1afb
0x2d17	0x2d09B0x1ed4
0x2d81	0x2d73B0xcab
0x2d94	0x2d8aB0xcab
0x2e1a	0x2e0cB0xd69
0x2e5d	0x2e38B0xda8
0x2e90	0x2e82B0xda8
0x2ea3	0x2e99B0xda8
0x2ed8	0x2eb3B0xe6f
0x2f0b	0x2efdB0xe6f
0x2f81	0x2f73B0xf27
0x2f94	0x2f8aB0xf27
0x2fb4	0x2fa6B0x1039
0x2fc7	0x2fbdB0x1039
0x304d	0x303fB0x118c
0x3090	0x306bB0x11d4
0x30c3	0x30b5B0x11d4
0x3139	0x312bB0x128c
0x314c	0x3142B0x128c
0x316c	0x315eB0x139e
0x317f	0x3175B0x139e
0x322b	0x321dB0x14f1
0x326e	0x3249B0x1539
0x32a1	0x3293B0x1539
0x3317	0x3309B0x15f1
0x332a	0x3320B0x15f1
0x334a	0x333cB0x1703
0x335d	0x3353B0x1703
0x3409	0x33fbB0x1856
0x344c	0x3427B0x1910
0x347f	0x3471B0x1910
0x34c2	0x349dB0x1950
0x34f5	0x34e7B0x1950
0x35bd	0x35afB0x1a2c
0x35d0	0x35c6B0x1a2c
0x3625	0x3617B0x1b42
0x3638	0x362eB0x1b42
0x36f3	0x36e5B0x1c9d
0x3736	0x3711B0x1cd5
0x3769	0x375bB0x1cd5
0x37ac	0x3787B0x1d1a
0x37df	0x37d1B0x1d1a
0x3855	0x3847B0x1e07
0x3868	0x385eB0x1e07
0x38af	0x38a1B0x1f1b
0x38c2	0x38b8B0x1f1b
0x396e	0x3960B0x2073
0x214a	0x2149B0x215aB0x2169B0x149
0x214a	0x2149B0x215aB0x2169B0x173
0x214a	0x2149B0x215aB0x2443B0x381
0x214a	0x2149B0x215aB0x2169B0x219
0x214a	0x2149B0x215aB0x2757B0x872
0x214a	0x2149B0x215aB0x276aB0x872
0x214a	0x2149B0x215aB0x2777B0x872
0x214a	0x2149B0x215aB0x2169B0x411
0x214a	0x2149B0x215aB0x2169B0x5d8
0x214a	0x2149B0x215aB0x2677B0x675
0x214a	0x2149B0x215aB0x27edB0x8bc
0x214a	0x2149B0x215aB0x2863B0x8f3
0x214a	0x2149B0x215aB0x28d9B0x92a
0x214a	0x2149B0x215aB0x294fB0x961
0x214a	0x2149B0x215aB0x2169B0xb35
0x214a	0x2149B0x215aB0x2169B0xe22
0x214a	0x2149B0x215aB0x2169B0x1897
0x214a	0x2149B0x215aB0x3522B0x197f
0x214a	0x2149B0x215aB0x2443B0x1d4a
0x214a	0x2149B0x2203B0x2219B0x22b0B0x1d4
0x214a	0x2149B0x2203B0x2219B0x23b6B0x23a
0x214a	0x2149B0x2203B0x2219B0x23c7B0x23a
0x214a	0x2149B0x2203B0x2219B0x23d8B0x23a
0x214a	0x2149B0x24e8B0x2539B0x25c4B0x49f
0x214a	0x2149B0x24e8B0x255fB0x25c4B0x49f
0x214a	0x2149B0x24e8B0x2524B0x25c4B0x49f
0x214b	0x2149B0x215aB0x2169B0x149
0x214b	0x2149B0x215aB0x2169B0x173
0x214b	0x2149B0x215aB0x2443B0x381
0x214b	0x2149B0x215aB0x2169B0x219
0x214b	0x2149B0x215aB0x2757B0x872
0x214b	0x2149B0x215aB0x276aB0x872
0x214b	0x2149B0x215aB0x2777B0x872
0x214b	0x2149B0x215aB0x2169B0x411
0x214b	0x2149B0x215aB0x2169B0x5d8
0x214b	0x2149B0x215aB0x2677B0x675
0x214b	0x2149B0x215aB0x27edB0x8bc
0x214b	0x2149B0x215aB0x2863B0x8f3
0x214b	0x2149B0x215aB0x28d9B0x92a
0x214b	0x2149B0x215aB0x294fB0x961
0x214b	0x2149B0x215aB0x2169B0xb35
0x214b	0x2149B0x215aB0x2169B0xe22
0x214b	0x2149B0x215aB0x2169B0x1897
0x214b	0x2149B0x215aB0x3522B0x197f
0x214b	0x2149B0x215aB0x2443B0x1d4a
0x214b	0x2149B0x2203B0x2219B0x22b0B0x1d4
0x214b	0x2149B0x2203B0x2219B0x23b6B0x23a
0x214b	0x2149B0x2203B0x2219B0x23c7B0x23a
0x214b	0x2149B0x2203B0x2219B0x23d8B0x23a
0x214b	0x2149B0x24e8B0x2539B0x25c4B0x49f
0x214b	0x2149B0x24e8B0x255fB0x25c4B0x49f
0x214b	0x2149B0x24e8B0x2524B0x25c4B0x49f
0x214f	0x2149B0x215aB0x2169B0x149
0x214f	0x2149B0x215aB0x2169B0x173
0x214f	0x2149B0x215aB0x2443B0x381
0x214f	0x2149B0x215aB0x2169B0x219
0x214f	0x2149B0x215aB0x2757B0x872
0x214f	0x2149B0x215aB0x276aB0x872
0x214f	0x2149B0x215aB0x2777B0x872
0x214f	0x2149B0x215aB0x2169B0x411
0x214f	0x2149B0x215aB0x2169B0x5d8
0x214f	0x2149B0x215aB0x2677B0x675
0x214f	0x2149B0x215aB0x27edB0x8bc
0x214f	0x2149B0x215aB0x2863B0x8f3
0x214f	0x2149B0x215aB0x28d9B0x92a
0x214f	0x2149B0x215aB0x294fB0x961
0x214f	0x2149B0x215aB0x2169B0xb35
0x214f	0x2149B0x215aB0x2169B0xe22
0x214f	0x2149B0x215aB0x2169B0x1897
0x214f	0x2149B0x215aB0x3522B0x197f
0x214f	0x2149B0x215aB0x2443B0x1d4a
0x214f	0x2149B0x2203B0x2219B0x22b0B0x1d4
0x214f	0x2149B0x2203B0x2219B0x23b6B0x23a
0x214f	0x2149B0x2203B0x2219B0x23c7B0x23a
0x214f	0x2149B0x2203B0x2219B0x23d8B0x23a
0x214f	0x2149B0x24e8B0x2539B0x25c4B0x49f
0x214f	0x2149B0x24e8B0x255fB0x25c4B0x49f
0x214f	0x2149B0x24e8B0x2524B0x25c4B0x49f
0x218c	0x218bB0x21acB0x21bdB0x21ceB0x19d
0x218c	0x218bB0x21acB0x240aB0x241bB0x26b
0x218d	0x218bB0x21acB0x21bdB0x21ceB0x19d
0x218d	0x218bB0x21acB0x240aB0x241bB0x26b
0x2190	0x218bB0x21acB0x21bdB0x21ceB0x19d
0x2190	0x218bB0x21acB0x240aB0x241bB0x26b
0x2193	0x218bB0x21acB0x21bdB0x21ceB0x19d
0x2193	0x218bB0x21acB0x240aB0x241bB0x26b
0x2197	0x218bB0x21acB0x21bdB0x21ceB0x19d
0x2197	0x218bB0x21acB0x240aB0x241bB0x26b
0x219c	0x219bB0x21acB0x21bdB0x21ceB0x19d
0x219c	0x219bB0x21acB0x240aB0x241bB0x26b
0x21a1	0x21a0B0x21acB0x21bdB0x21ceB0x19d
0x21a1	0x21a0B0x21acB0x240aB0x241bB0x26b
0x21f7	0x21f6B0xbd4
0x21f7	0x21f6B0xf14
0x21f7	0x21f6B0x1279
0x21f7	0x21f6B0x15de
0x21f7	0x21f6B0x1a19
0x21f7	0x21f6B0x1df4
0x21f8	0x21f6B0xbd4
0x21f8	0x21f6B0xf14
0x21f8	0x21f6B0x1279
0x21f8	0x21f6B0x15de
0x21f8	0x21f6B0x1a19
0x21f8	0x21f6B0x1df4
0x21fa	0x21f6B0xbd4
0x21fa	0x21f6B0xf14
0x21fa	0x21f6B0x1279
0x21fa	0x21f6B0x15de
0x21fa	0x21f6B0x1a19
0x21fa	0x21f6B0x1df4
0x2237	0x2236B0x24a9B0x24d2B0x47b
0x2237	0x2236B0x24a9B0x24d2B0x5b4
0x2237	0x2236B0x24a9B0x24d2B0x642
0x2237	0x2236B0x24a9B0x24d2B0x18ec
0x2237	0x2236B0x24a9B0x24d2B0x19de
0x2237	0x2236B0x224cB0x22bdB0x1d4
0x2237	0x2236B0x224cB0x22ceB0x1d4
0x223b	0x2236B0x24a9B0x24d2B0x47b
0x223b	0x2236B0x24a9B0x24d2B0x5b4
0x223b	0x2236B0x24a9B0x24d2B0x642
0x223b	0x2236B0x24a9B0x24d2B0x18ec
0x223b	0x2236B0x24a9B0x24d2B0x19de
0x223b	0x2236B0x224cB0x22bdB0x1d4
0x223b	0x2236B0x224cB0x22ceB0x1d4
0x2241	0x223fB0x24a9B0x24d2B0x47b
0x2241	0x223fB0x24a9B0x24d2B0x5b4
0x2241	0x223fB0x24a9B0x24d2B0x642
0x2241	0x223fB0x24a9B0x24d2B0x18ec
0x2241	0x223fB0x24a9B0x24d2B0x19de
0x2241	0x223fB0x224cB0x22bdB0x1d4
0x2241	0x223fB0x224cB0x22ceB0x1d4
0x2242	0x223fB0x24a9B0x24d2B0x47b
0x2242	0x223fB0x24a9B0x24d2B0x5b4
0x2242	0x223fB0x24a9B0x24d2B0x642
0x2242	0x223fB0x24a9B0x24d2B0x18ec
0x2242	0x223fB0x24a9B0x24d2B0x19de
0x2242	0x223fB0x224cB0x22bdB0x1d4
0x2242	0x223fB0x224cB0x22ceB0x1d4
0x2246	0x2246B0x24a9B0x24d2B0x47b
0x2246	0x2246B0x24a9B0x24d2B0x5b4
0x2246	0x2246B0x24a9B0x24d2B0x642
0x2246	0x2246B0x24a9B0x24d2B0x18ec
0x2246	0x2246B0x24a9B0x24d2B0x19de
0x2246	0x2246B0x224cB0x22bdB0x1d4
0x2246	0x2246B0x224cB0x22ceB0x1d4
0x226f	0x226eB0x2284B0x22dfB0x1d4
0x226f	0x226eB0x2284B0x23e9B0x23a
0x2273	0x226eB0x2284B0x22dfB0x1d4
0x2273	0x226eB0x2284B0x23e9B0x23a
0x2279	0x2277B0x2284B0x22dfB0x1d4
0x2279	0x2277B0x2284B0x23e9B0x23a
0x227a	0x2277B0x2284B0x22dfB0x1d4
0x227a	0x2277B0x2284B0x23e9B0x23a
0x227e	0x227eB0x2284B0x22dfB0x1d4
0x227e	0x227eB0x2284B0x23e9B0x23a
0x22fd	0x22fcB0x230bB0x1ef
0x22fd	0x22fcB0x230bB0x706
0x22fd	0x22fcB0x2ae5B0xb04
0x22fd	0x22fcB0x3488B0x1910
0x22fd	0x22fcB0x36b0B0x1c52
0x22fd	0x22fcB0x36c3B0x1c52
0x22fd	0x22fcB0x3772B0x1cd5
0x22fd	0x22fcB0x387aB0x2029
0x22fd	0x22fcB0x387aB0x1e36
0x22fd	0x22fcB0x387aB0x1f48
0x22fd	0x22fcB0x2456B0x381
0x22fd	0x22fcB0x3535B0x197f
0x22fd	0x22fcB0x3542B0x197f
0x22fd	0x22fcB0x35e2B0x1a5b
0x22fd	0x22fcB0x35e2B0x1b6f
0x22fd	0x22fcB0x2456B0x1d4a
0x2301	0x22fcB0x230bB0x1ef
0x2301	0x22fcB0x230bB0x706
0x2301	0x22fcB0x2ae5B0xb04
0x2301	0x22fcB0x3488B0x1910
0x2301	0x22fcB0x36b0B0x1c52
0x2301	0x22fcB0x36c3B0x1c52
0x2301	0x22fcB0x3772B0x1cd5
0x2301	0x22fcB0x387aB0x2029
0x2301	0x22fcB0x387aB0x1e36
0x2301	0x22fcB0x387aB0x1f48
0x2301	0x22fcB0x2456B0x381
0x2301	0x22fcB0x3535B0x197f
0x2301	0x22fcB0x3542B0x197f
0x2301	0x22fcB0x35e2B0x1a5b
0x2301	0x22fcB0x35e2B0x1b6f
0x2301	0x22fcB0x2456B0x1d4a
0x2330	0x232fB0x246aB0x2493B0x3ed
0x2330	0x232fB0x246aB0x2493B0x6e2
0x2330	0x232fB0x246aB0x2493B0xb99
0x2330	0x232fB0x246aB0x2493B0x1db9
0x2330	0x232fB0x2345B0x2376B0x23a
0x2330	0x232fB0x2345B0x2383B0x23a
0x2330	0x232fB0x2345B0x2394B0x23a
0x2330	0x232fB0x2345B0x23a5B0x23a
0x2334	0x232fB0x246aB0x2493B0x3ed
0x2334	0x232fB0x246aB0x2493B0x6e2
0x2334	0x232fB0x246aB0x2493B0xb99
0x2334	0x232fB0x246aB0x2493B0x1db9
0x2334	0x232fB0x2345B0x2376B0x23a
0x2334	0x232fB0x2345B0x2383B0x23a
0x2334	0x232fB0x2345B0x2394B0x23a
0x2334	0x232fB0x2345B0x23a5B0x23a
0x233a	0x2338B0x246aB0x2493B0x3ed
0x233a	0x2338B0x246aB0x2493B0x6e2
0x233a	0x2338B0x246aB0x2493B0xb99
0x233a	0x2338B0x246aB0x2493B0x1db9
0x233a	0x2338B0x2345B0x2376B0x23a
0x233a	0x2338B0x2345B0x2383B0x23a
0x233a	0x2338B0x2345B0x2394B0x23a
0x233a	0x2338B0x2345B0x23a5B0x23a
0x233b	0x2338B0x246aB0x2493B0x3ed
0x233b	0x2338B0x246aB0x2493B0x6e2
0x233b	0x2338B0x246aB0x2493B0xb99
0x233b	0x2338B0x246aB0x2493B0x1db9
0x233b	0x2338B0x2345B0x2376B0x23a
0x233b	0x2338B0x2345B0x2383B0x23a
0x233b	0x2338B0x2345B0x2394B0x23a
0x233b	0x2338B0x2345B0x23a5B0x23a
0x233f	0x233fB0x246aB0x2493B0x3ed
0x233f	0x233fB0x246aB0x2493B0x6e2
0x233f	0x233fB0x246aB0x2493B0xb99
0x233f	0x233fB0x246aB0x2493B0x1db9
0x233f	0x233fB0x2345B0x2376B0x23a
0x233f	0x233fB0x2345B0x2383B0x23a
0x233f	0x233fB0x2345B0x2394B0x23a
0x233f	0x233fB0x2345B0x23a5B0x23a
0x2507	0x2506B0x2572B0x25c4B0x49f
0x2507	0x2506B0x2585B0x25c4B0x49f
0x2507	0x2506B0x2598B0x25c4B0x49f
0x250b	0x2506B0x2572B0x25c4B0x49f
0x250b	0x2506B0x2585B0x25c4B0x49f
0x250b	0x2506B0x2598B0x25c4B0x49f
0x263f	0x263eB0x2668B0x268aB0x675
0x263f	0x263eB0x2668B0x35f5B0x1a5b
0x263f	0x263eB0x2668B0x35f5B0x1b6f
0x2648	0x2647B0x2668B0x268aB0x675
0x2648	0x2647B0x2668B0x35f5B0x1a5b
0x2648	0x2647B0x2668B0x35f5B0x1b6f
0x2649	0x2647B0x2668B0x268aB0x675
0x2649	0x2647B0x2668B0x35f5B0x1a5b
0x2649	0x2647B0x2668B0x35f5B0x1b6f
0x264c	0x2647B0x2668B0x268aB0x675
0x264c	0x2647B0x2668B0x35f5B0x1a5b
0x264c	0x2647B0x2668B0x35f5B0x1b6f
0x264f	0x2647B0x2668B0x268aB0x675
0x264f	0x2647B0x2668B0x35f5B0x1a5b
0x264f	0x2647B0x2668B0x35f5B0x1b6f
0x2653	0x2647B0x2668B0x268aB0x675
0x2653	0x2647B0x2668B0x35f5B0x1a5b
0x2653	0x2647B0x2668B0x35f5B0x1b6f
0x2658	0x2657B0x2668B0x268aB0x675
0x2658	0x2657B0x2668B0x35f5B0x1a5b
0x2658	0x2657B0x2668B0x35f5B0x1b6f
0x265d	0x265cB0x2668B0x268aB0x675
0x265d	0x265cB0x2668B0x35f5B0x1a5b
0x265d	0x265cB0x2668B0x35f5B0x1b6f
0x269f	0x269eB0x78e
0x26ac	0x26abB0x78e
0x26ad	0x26abB0x78e
0x26b0	0x26abB0x78e
0x26b2	0x26abB0x78e
0x26b9	0x26b6B0x78e
0x26bd	0x26b6B0x78e
0x26c2	0x26c1B0x78e
0x26c4	0x26c1B0x78e
0x26cc	0x26cbB0x78e
0x26cd	0x26cbB0x78e
0x26d1	0x26cbB0x78e
0x26f0	0x26efB0x80f
0x2711	0x26efB0x80f
0x2713	0x26efB0x80f
0x2718	0x2717B0x80f
0x2719	0x2717B0x80f
0x271c	0x2717B0x80f
0x271f	0x2717B0x80f
0x2726	0x2723B0x80f
0x272a	0x2723B0x80f
0x272f	0x272eB0x80f
0x2732	0x272eB0x80f
0x273a	0x2739B0x80f
0x273b	0x2739B0x80f
0x273e	0x2739B0x80f
0x2743	0x2739B0x80f
0x2744	0x2739B0x80f
0x2746	0x2739B0x80f
0x2748	0x2739B0x80f
0x274c	0x2739B0x80f
0x2965	0x2964B0xa41
0x2986	0x2964B0xa41
0x2988	0x2964B0xa41
0x298d	0x298cB0xa41
0x298e	0x298cB0xa41
0x2991	0x298cB0xa41
0x2994	0x298cB0xa41
0x299b	0x2998B0xa41
0x299f	0x2998B0xa41
0x29a4	0x29a3B0xa41
0x29a7	0x29a3B0xa41
0x29af	0x29aeB0xa41
0x29d0	0x29aeB0xa41
0x29d2	0x29aeB0xa41
0x29d7	0x29d6B0xa41
0x29d8	0x29d6B0xa41
0x29db	0x29d6B0xa41
0x29de	0x29d6B0xa41
0x29e5	0x29e2B0xa41
0x29e9	0x29e2B0xa41
0x29ee	0x29edB0xa41
0x29f1	0x29edB0xa41
0x29f9	0x29f8B0xa41
0x29fa	0x29f8B0xa41
0x29fd	0x29f8B0xa41
0x2a02	0x29f8B0xa41
0x2a03	0x29f8B0xa41
0x2a05	0x29f8B0xa41
0x2a07	0x29f8B0xa41
0x2a0b	0x29f8B0xa41
0x2a14	0x2a0fB0xa41
0x2a15	0x2a0fB0xa41
0x2a18	0x2a0fB0xa41
0x2a1a	0x2a0fB0xa41
0x2a1e	0x2a0fB0xa41
0x2a2a	0x2a29B0x2f14B0xe6f
0x2a2a	0x2a29B0x30ccB0x11d4
0x2a2a	0x2a29B0x32aaB0x1539
0x2a2a	0x2a29B0x34feB0x1950
0x2a2a	0x2a29B0x2a38B0xa6d
0x2a2a	0x2a29B0x2e23B0xd69
0x2a2a	0x2a29B0x2a38B0xc16
0x2a2a	0x2a29B0x2a38B0xcd8
0x2a2a	0x2a29B0x2a38B0xdd4
0x2a2a	0x2a29B0x2a38B0x1145
0x2a2a	0x2a29B0x2a38B0xf56
0x2a2a	0x2a29B0x2a38B0xfa4
0x2a2a	0x2a29B0x2a38B0x1066
0x2a2a	0x2a29B0x2a38B0x10b4
0x2a2a	0x2a29B0x3056B0x118c
0x2a2a	0x2a29B0x2a38B0x14aa
0x2a2a	0x2a29B0x2a38B0x12bb
0x2a2a	0x2a29B0x2a38B0x1309
0x2a2a	0x2a29B0x2a38B0x13cb
0x2a2a	0x2a29B0x2a38B0x1419
0x2a2a	0x2a29B0x3234B0x14f1
0x2a2a	0x2a29B0x2a38B0x180f
0x2a2a	0x2a29B0x2a38B0x1620
0x2a2a	0x2a29B0x2a38B0x166e
0x2a2a	0x2a29B0x2a38B0x1730
0x2a2a	0x2a29B0x2a38B0x177e
0x2a2a	0x2a29B0x3412B0x1856
0x2a2a	0x2a29B0x37e8B0x1d1a
0x2a2a	0x2a29B0x36d0B0x1c52
0x2a2a	0x2a29B0x2a38B0x1aad
0x2a2a	0x2a29B0x2a38B0x1bc1
0x2a2a	0x2a29B0x36fcB0x1c9d
0x2a2a	0x2a29B0x2a38B0x20b4
0x2a2a	0x2a29B0x388dB0x2029
0x2a2a	0x2a29B0x388dB0x1e36
0x2a2a	0x2a29B0x2a38B0x1e86
0x2a2a	0x2a29B0x388dB0x1f48
0x2a2a	0x2a29B0x2a38B0x1f98
0x2a2a	0x2a29B0x3977B0x2073
0x2a2a	0x2a29B0x3602B0x1a5b
0x2a2a	0x2a29B0x3602B0x1b6f
0x2a2e	0x2a29B0x2f14B0xe6f
0x2a2e	0x2a29B0x30ccB0x11d4
0x2a2e	0x2a29B0x32aaB0x1539
0x2a2e	0x2a29B0x34feB0x1950
0x2a2e	0x2a29B0x2a38B0xa6d
0x2a2e	0x2a29B0x2e23B0xd69
0x2a2e	0x2a29B0x2a38B0xc16
0x2a2e	0x2a29B0x2a38B0xcd8
0x2a2e	0x2a29B0x2a38B0xdd4
0x2a2e	0x2a29B0x2a38B0x1145
0x2a2e	0x2a29B0x2a38B0xf56
0x2a2e	0x2a29B0x2a38B0xfa4
0x2a2e	0x2a29B0x2a38B0x1066
0x2a2e	0x2a29B0x2a38B0x10b4
0x2a2e	0x2a29B0x3056B0x118c
0x2a2e	0x2a29B0x2a38B0x14aa
0x2a2e	0x2a29B0x2a38B0x12bb
0x2a2e	0x2a29B0x2a38B0x1309
0x2a2e	0x2a29B0x2a38B0x13cb
0x2a2e	0x2a29B0x2a38B0x1419
0x2a2e	0x2a29B0x3234B0x14f1
0x2a2e	0x2a29B0x2a38B0x180f
0x2a2e	0x2a29B0x2a38B0x1620
0x2a2e	0x2a29B0x2a38B0x166e
0x2a2e	0x2a29B0x2a38B0x1730
0x2a2e	0x2a29B0x2a38B0x177e
0x2a2e	0x2a29B0x3412B0x1856
0x2a2e	0x2a29B0x37e8B0x1d1a
0x2a2e	0x2a29B0x36d0B0x1c52
0x2a2e	0x2a29B0x2a38B0x1aad
0x2a2e	0x2a29B0x2a38B0x1bc1
0x2a2e	0x2a29B0x36fcB0x1c9d
0x2a2e	0x2a29B0x2a38B0x20b4
0x2a2e	0x2a29B0x388dB0x2029
0x2a2e	0x2a29B0x388dB0x1e36
0x2a2e	0x2a29B0x2a38B0x1e86
0x2a2e	0x2a29B0x388dB0x1f48
0x2a2e	0x2a29B0x2a38B0x1f98
0x2a2e	0x2a29B0x3977B0x2073
0x2a2e	0x2a29B0x3602B0x1a5b
0x2a2e	0x2a29B0x3602B0x1b6f
0x2b36	0x2b35B0xbd4
0x2b36	0x2b35B0xf14
0x2b36	0x2b35B0x1279
0x2b36	0x2b35B0x15de
0x2b36	0x2b35B0x1a19
0x2b36	0x2b35B0x1df4
0x2b57	0x2b35B0xbd4
0x2b57	0x2b35B0xf14
0x2b57	0x2b35B0x1279
0x2b57	0x2b35B0x15de
0x2b57	0x2b35B0x1a19
0x2b57	0x2b35B0x1df4
0x2b59	0x2b35B0xbd4
0x2b59	0x2b35B0xf14
0x2b59	0x2b35B0x1279
0x2b59	0x2b35B0x15de
0x2b59	0x2b35B0x1a19
0x2b59	0x2b35B0x1df4
0x2b5b	0x2b35B0xbd4
0x2b5b	0x2b35B0xf14
0x2b5b	0x2b35B0x1279
0x2b5b	0x2b35B0x15de
0x2b5b	0x2b35B0x1a19
0x2b5b	0x2b35B0x1df4
0x2b5e	0x2b35B0xbd4
0x2b5e	0x2b35B0xf14
0x2b5e	0x2b35B0x1279
0x2b5e	0x2b35B0x15de
0x2b5e	0x2b35B0x1a19
0x2b5e	0x2b35B0x1df4
0x2b60	0x2b35B0xbd4
0x2b60	0x2b35B0xf14
0x2b60	0x2b35B0x1279
0x2b60	0x2b35B0x15de
0x2b60	0x2b35B0x1a19
0x2b60	0x2b35B0x1df4
0x2b63	0x2b62B0xbd4
0x2b63	0x2b62B0xf14
0x2b63	0x2b62B0x1279
0x2b63	0x2b62B0x15de
0x2b63	0x2b62B0x1a19
0x2b63	0x2b62B0x1df4
0x2b67	0x2b62B0xbd4
0x2b67	0x2b62B0xf14
0x2b67	0x2b62B0x1279
0x2b67	0x2b62B0x15de
0x2b67	0x2b62B0x1a19
0x2b67	0x2b62B0x1df4
0x2b6d	0x2b6bB0xbd4
0x2b6d	0x2b6bB0xf14
0x2b6d	0x2b6bB0x1279
0x2b6d	0x2b6bB0x15de
0x2b6d	0x2b6bB0x1a19
0x2b6d	0x2b6bB0x1df4
0x2b70	0x2b6bB0xbd4
0x2b70	0x2b6bB0xf14
0x2b70	0x2b6bB0x1279
0x2b70	0x2b6bB0x15de
0x2b70	0x2b6bB0x1a19
0x2b70	0x2b6bB0x1df4
0x2b71	0x2b6bB0xbd4
0x2b71	0x2b6bB0xf14
0x2b71	0x2b6bB0x1279
0x2b71	0x2b6bB0x15de
0x2b71	0x2b6bB0x1a19
0x2b71	0x2b6bB0x1df4
0x2b7b	0x2b6bB0xbd4
0x2b7b	0x2b6bB0xf14
0x2b7b	0x2b6bB0x1279
0x2b7b	0x2b6bB0x15de
0x2b7b	0x2b6bB0x1a19
0x2b7b	0x2b6bB0x1df4
0x2b7c	0x2b6bB0xbd4
0x2b7c	0x2b6bB0xf14
0x2b7c	0x2b6bB0x1279
0x2b7c	0x2b6bB0x15de
0x2b7c	0x2b6bB0x1a19
0x2b7c	0x2b6bB0x1df4
0x2b7d	0x2b6bB0xbd4
0x2b7d	0x2b6bB0xf14
0x2b7d	0x2b6bB0x1279
0x2b7d	0x2b6bB0x15de
0x2b7d	0x2b6bB0x1a19
0x2b7d	0x2b6bB0x1df4
0x2b7e	0x2b6bB0xbd4
0x2b7e	0x2b6bB0xf14
0x2b7e	0x2b6bB0x1279
0x2b7e	0x2b6bB0x15de
0x2b7e	0x2b6bB0x1a19
0x2b7e	0x2b6bB0x1df4
0x2b82	0x2b82B0xbd4
0x2b82	0x2b82B0xf14
0x2b82	0x2b82B0x1279
0x2b82	0x2b82B0x15de
0x2b82	0x2b82B0x1a19
0x2b82	0x2b82B0x1df4
0x2b85	0x2b82B0xbd4
0x2b85	0x2b82B0xf14
0x2b85	0x2b82B0x1279
0x2b85	0x2b82B0x15de
0x2b85	0x2b82B0x1a19
0x2b85	0x2b82B0x1df4
0x2b8c	0x2b8aB0xbd4
0x2b8c	0x2b8aB0xf14
0x2b8c	0x2b8aB0x1279
0x2b8c	0x2b8aB0x15de
0x2b8c	0x2b8aB0x1a19
0x2b8c	0x2b8aB0x1df4
0x2b94	0x2b93B0xbd4
0x2b94	0x2b93B0xf14
0x2b94	0x2b93B0x1279
0x2b94	0x2b93B0x15de
0x2b94	0x2b93B0x1a19
0x2b94	0x2b93B0x1df4
0x2b95	0x2b93B0xbd4
0x2b95	0x2b93B0xf14
0x2b95	0x2b93B0x1279
0x2b95	0x2b93B0x15de
0x2b95	0x2b93B0x1a19
0x2b95	0x2b93B0x1df4
0x2b97	0x2b93B0xbd4
0x2b97	0x2b93B0xf14
0x2b97	0x2b93B0x1279
0x2b97	0x2b93B0x15de
0x2b97	0x2b93B0x1a19
0x2b97	0x2b93B0x1df4
0x2b98	0x2b93B0xbd4
0x2b98	0x2b93B0xf14
0x2b98	0x2b93B0x1279
0x2b98	0x2b93B0x15de
0x2b98	0x2b93B0x1a19
0x2b98	0x2b93B0x1df4
0x2b99	0x2b93B0xbd4
0x2b99	0x2b93B0xf14
0x2b99	0x2b93B0x1279
0x2b99	0x2b93B0x15de
0x2b99	0x2b93B0x1a19
0x2b99	0x2b93B0x1df4
0x2b9d	0x2b9dB0xbd4
0x2b9d	0x2b9dB0xf14
0x2b9d	0x2b9dB0x1279
0x2b9d	0x2b9dB0x15de
0x2b9d	0x2b9dB0x1a19
0x2b9d	0x2b9dB0x1df4
0x2ba0	0x2b9dB0xbd4
0x2ba0	0x2b9dB0xf14
0x2ba0	0x2b9dB0x1279
0x2ba0	0x2b9dB0x15de
0x2ba0	0x2b9dB0x1a19
0x2ba0	0x2b9dB0x1df4
0x2ba5	0x2ba4B0xbd4
0x2ba5	0x2ba4B0xf14
0x2ba5	0x2ba4B0x1279
0x2ba5	0x2ba4B0x15de
0x2ba5	0x2ba4B0x1a19
0x2ba5	0x2ba4B0x1df4
0x2ba7	0x2ba4B0xbd4
0x2ba7	0x2ba4B0xf14
0x2ba7	0x2ba4B0x1279
0x2ba7	0x2ba4B0x15de
0x2ba7	0x2ba4B0x1a19
0x2ba7	0x2ba4B0x1df4
0x2ba8	0x2ba4B0xbd4
0x2ba8	0x2ba4B0xf14
0x2ba8	0x2ba4B0x1279
0x2ba8	0x2ba4B0x15de
0x2ba8	0x2ba4B0x1a19
0x2ba8	0x2ba4B0x1df4
0x2ba9	0x2ba4B0xbd4
0x2ba9	0x2ba4B0xf14
0x2ba9	0x2ba4B0x1279
0x2ba9	0x2ba4B0x15de
0x2ba9	0x2ba4B0x1a19
0x2ba9	0x2ba4B0x1df4
0x2bae	0x2ba4B0xbd4
0x2bae	0x2ba4B0xf14
0x2bae	0x2ba4B0x1279
0x2bae	0x2ba4B0x15de
0x2bae	0x2ba4B0x1a19
0x2bae	0x2ba4B0x1df4
0x2baf	0x2ba4B0xbd4
0x2baf	0x2ba4B0xf14
0x2baf	0x2ba4B0x1279
0x2baf	0x2ba4B0x15de
0x2baf	0x2ba4B0x1a19
0x2baf	0x2ba4B0x1df4
0x2bb0	0x2ba4B0xbd4
0x2bb0	0x2ba4B0xf14
0x2bb0	0x2ba4B0x1279
0x2bb0	0x2ba4B0x15de
0x2bb0	0x2ba4B0x1a19
0x2bb0	0x2ba4B0x1df4
0x2bb3	0x2ba4B0xbd4
0x2bb3	0x2ba4B0xf14
0x2bb3	0x2ba4B0x1279
0x2bb3	0x2ba4B0x15de
0x2bb3	0x2ba4B0x1a19
0x2bb3	0x2ba4B0x1df4
0x2bb4	0x2ba4B0xbd4
0x2bb4	0x2ba4B0xf14
0x2bb4	0x2ba4B0x1279
0x2bb4	0x2ba4B0x15de
0x2bb4	0x2ba4B0x1a19
0x2bb4	0x2ba4B0x1df4
0x2bb5	0x2ba4B0xbd4
0x2bb5	0x2ba4B0xf14
0x2bb5	0x2ba4B0x1279
0x2bb5	0x2ba4B0x15de
0x2bb5	0x2ba4B0x1a19
0x2bb5	0x2ba4B0x1df4
0x2bbf	0x2ba4B0xbd4
0x2bbf	0x2ba4B0xf14
0x2bbf	0x2ba4B0x1279
0x2bbf	0x2ba4B0x15de
0x2bbf	0x2ba4B0x1a19
0x2bbf	0x2ba4B0x1df4
0x2bc0	0x2ba4B0xbd4
0x2bc0	0x2ba4B0xf14
0x2bc0	0x2ba4B0x1279
0x2bc0	0x2ba4B0x15de
0x2bc0	0x2ba4B0x1a19
0x2bc0	0x2ba4B0x1df4
0x2bc1	0x2ba4B0xbd4
0x2bc1	0x2ba4B0xf14
0x2bc1	0x2ba4B0x1279
0x2bc1	0x2ba4B0x15de
0x2bc1	0x2ba4B0x1a19
0x2bc1	0x2ba4B0x1df4
0x2bc2	0x2ba4B0xbd4
0x2bc2	0x2ba4B0xf14
0x2bc2	0x2ba4B0x1279
0x2bc2	0x2ba4B0x15de
0x2bc2	0x2ba4B0x1a19
0x2bc2	0x2ba4B0x1df4
0x2bc8	0x2bc6B0xbd4
0x2bc8	0x2bc6B0xf14
0x2bc8	0x2bc6B0x1279
0x2bc8	0x2bc6B0x15de
0x2bc8	0x2bc6B0x1a19
0x2bc8	0x2bc6B0x1df4
0x2bcf	0x2bccB0xbd4
0x2bcf	0x2bccB0xf14
0x2bcf	0x2bccB0x1279
0x2bcf	0x2bccB0x15de
0x2bcf	0x2bccB0x1a19
0x2bcf	0x2bccB0x1df4
0x2bd1	0x2bccB0xbd4
0x2bd1	0x2bccB0xf14
0x2bd1	0x2bccB0x1279
0x2bd1	0x2bccB0x15de
0x2bd1	0x2bccB0x1a19
0x2bd1	0x2bccB0x1df4
0x2bd2	0x2bccB0xbd4
0x2bd2	0x2bccB0xf14
0x2bd2	0x2bccB0x1279
0x2bd2	0x2bccB0x15de
0x2bd2	0x2bccB0x1a19
0x2bd2	0x2bccB0x1df4
0x2bdc	0x2bccB0xbd4
0x2bdc	0x2bccB0xf14
0x2bdc	0x2bccB0x1279
0x2bdc	0x2bccB0x15de
0x2bdc	0x2bccB0x1a19
0x2bdc	0x2bccB0x1df4
0x2bdd	0x2bccB0xbd4
0x2bdd	0x2bccB0xf14
0x2bdd	0x2bccB0x1279
0x2bdd	0x2bccB0x15de
0x2bdd	0x2bccB0x1a19
0x2bdd	0x2bccB0x1df4
0x2bde	0x2bccB0xbd4
0x2bde	0x2bccB0xf14
0x2bde	0x2bccB0x1279
0x2bde	0x2bccB0x15de
0x2bde	0x2bccB0x1a19
0x2bde	0x2bccB0x1df4
0x2be6	0x2be2B0xbd4
0x2be6	0x2be2B0xf14
0x2be6	0x2be2B0x1279
0x2be6	0x2be2B0x15de
0x2be6	0x2be2B0x1a19
0x2be6	0x2be2B0x1df4
0x2bec	0x2beaB0xbd4
0x2bec	0x2beaB0xf14
0x2bec	0x2beaB0x1279
0x2bec	0x2beaB0x15de
0x2bec	0x2beaB0x1a19
0x2bec	0x2beaB0x1df4
0x2bef	0x2beaB0xbd4
0x2bef	0x2beaB0xf14
0x2bef	0x2beaB0x1279
0x2bef	0x2beaB0x15de
0x2bef	0x2beaB0x1a19
0x2bef	0x2beaB0x1df4
0x2bf0	0x2beaB0xbd4
0x2bf0	0x2beaB0xf14
0x2bf0	0x2beaB0x1279
0x2bf0	0x2beaB0x15de
0x2bf0	0x2beaB0x1a19
0x2bf0	0x2beaB0x1df4
0x2bf1	0x2beaB0xbd4
0x2bf1	0x2beaB0xf14
0x2bf1	0x2beaB0x1279
0x2bf1	0x2beaB0x15de
0x2bf1	0x2beaB0x1a19
0x2bf1	0x2beaB0x1df4
0x2bf3	0x2beaB0xbd4
0x2bf3	0x2beaB0xf14
0x2bf3	0x2beaB0x1279
0x2bf3	0x2beaB0x15de
0x2bf3	0x2beaB0x1a19
0x2bf3	0x2beaB0x1df4
0x2bf4	0x2beaB0xbd4
0x2bf4	0x2beaB0xf14
0x2bf4	0x2beaB0x1279
0x2bf4	0x2beaB0x15de
0x2bf4	0x2beaB0x1a19
0x2bf4	0x2beaB0x1df4
0x2bf6	0x2beaB0xbd4
0x2bf6	0x2beaB0xf14
0x2bf6	0x2beaB0x1279
0x2bf6	0x2beaB0x15de
0x2bf6	0x2beaB0x1a19
0x2bf6	0x2beaB0x1df4
0x2bf8	0x2beaB0xbd4
0x2bf8	0x2beaB0xf14
0x2bf8	0x2beaB0x1279
0x2bf8	0x2beaB0x15de
0x2bf8	0x2beaB0x1a19
0x2bf8	0x2beaB0x1df4
0x2bf9	0x2beaB0xbd4
0x2bf9	0x2beaB0xf14
0x2bf9	0x2beaB0x1279
0x2bf9	0x2beaB0x15de
0x2bf9	0x2beaB0x1a19
0x2bf9	0x2beaB0x1df4
0x2bfa	0x2beaB0xbd4
0x2bfa	0x2beaB0xf14
0x2bfa	0x2beaB0x1279
0x2bfa	0x2beaB0x15de
0x2bfa	0x2beaB0x1a19
0x2bfa	0x2beaB0x1df4
0x2c03	0x2bfeB0xbd4
0x2c03	0x2bfeB0xf14
0x2c03	0x2bfeB0x1279
0x2c03	0x2bfeB0x15de
0x2c03	0x2bfeB0x1a19
0x2c03	0x2bfeB0x1df4
0x2c08	0x2c07B0xbd4
0x2c08	0x2c07B0xf14
0x2c08	0x2c07B0x1279
0x2c08	0x2c07B0x15de
0x2c08	0x2c07B0x1a19
0x2c08	0x2c07B0x1df4
0x2c0c	0x2c07B0xbd4
0x2c0c	0x2c07B0xf14
0x2c0c	0x2c07B0x1279
0x2c0c	0x2c07B0x15de
0x2c0c	0x2c07B0x1a19
0x2c0c	0x2c07B0x1df4
0x2c0e	0x2c07B0xbd4
0x2c0e	0x2c07B0xf14
0x2c0e	0x2c07B0x1279
0x2c0e	0x2c07B0x15de
0x2c0e	0x2c07B0x1a19
0x2c0e	0x2c07B0x1df4
0x2c10	0x2c07B0xbd4
0x2c10	0x2c07B0xf14
0x2c10	0x2c07B0x1279
0x2c10	0x2c07B0x15de
0x2c10	0x2c07B0x1a19
0x2c10	0x2c07B0x1df4
0x2c12	0x2c07B0xbd4
0x2c12	0x2c07B0xf14
0x2c12	0x2c07B0x1279
0x2c12	0x2c07B0x15de
0x2c12	0x2c07B0x1a19
0x2c12	0x2c07B0x1df4
0x2c23	0x2c22B0x2e82B0xda8
0x2c23	0x2c22B0x2e0cB0xd69
0x2c23	0x2c22B0x2cd6B0xbe7
0x2c23	0x2c22B0x2d73B0xcab
0x2c44	0x2c22B0x2e82B0xda8
0x2c44	0x2c22B0x2e0cB0xd69
0x2c44	0x2c22B0x2cd6B0xbe7
0x2c44	0x2c22B0x2d73B0xcab
0x2c46	0x2c22B0x2e82B0xda8
0x2c46	0x2c22B0x2e0cB0xd69
0x2c46	0x2c22B0x2cd6B0xbe7
0x2c46	0x2c22B0x2d73B0xcab
0x2c4b	0x2c4aB0x2e82B0xda8
0x2c4b	0x2c4aB0x2e0cB0xd69
0x2c4b	0x2c4aB0x2cd6B0xbe7
0x2c4b	0x2c4aB0x2d73B0xcab
0x2c4c	0x2c4aB0x2e82B0xda8
0x2c4c	0x2c4aB0x2e0cB0xd69
0x2c4c	0x2c4aB0x2cd6B0xbe7
0x2c4c	0x2c4aB0x2d73B0xcab
0x2c4f	0x2c4aB0x2e82B0xda8
0x2c4f	0x2c4aB0x2e0cB0xd69
0x2c4f	0x2c4aB0x2cd6B0xbe7
0x2c4f	0x2c4aB0x2d73B0xcab
0x2c52	0x2c4aB0x2e82B0xda8
0x2c52	0x2c4aB0x2e0cB0xd69
0x2c52	0x2c4aB0x2cd6B0xbe7
0x2c52	0x2c4aB0x2d73B0xcab
0x2c59	0x2c56B0x2e82B0xda8
0x2c59	0x2c56B0x2e0cB0xd69
0x2c59	0x2c56B0x2cd6B0xbe7
0x2c59	0x2c56B0x2d73B0xcab
0x2c5d	0x2c56B0x2e82B0xda8
0x2c5d	0x2c56B0x2e0cB0xd69
0x2c5d	0x2c56B0x2cd6B0xbe7
0x2c5d	0x2c56B0x2d73B0xcab
0x2c62	0x2c61B0x2e82B0xda8
0x2c62	0x2c61B0x2e0cB0xd69
0x2c62	0x2c61B0x2cd6B0xbe7
0x2c62	0x2c61B0x2d73B0xcab
0x2c65	0x2c61B0x2e82B0xda8
0x2c65	0x2c61B0x2e0cB0xd69
0x2c65	0x2c61B0x2cd6B0xbe7
0x2c65	0x2c61B0x2d73B0xcab
0x2c6d	0x2c6cB0x2cedB0xbe7
0x2c6d	0x2c6cB0x2d09B0xc64
0x2c6d	0x2c6cB0x2f8aB0xf27
0x2c6d	0x2c6cB0x2d09B0xff2
0x2c6d	0x2c6cB0x3142B0x128c
0x2c6d	0x2c6cB0x2d09B0x1357
0x2c6d	0x2c6cB0x3320B0x15f1
0x2c6d	0x2c6cB0x2d09B0x16bc
0x2c6d	0x2c6cB0x35c6B0x1a2c
0x2c6d	0x2c6cB0x2d09B0x1afb
0x2c6d	0x2c6cB0x385eB0x1e07
0x2c6d	0x2c6cB0x2d09B0x1ed4
0x2c6f	0x2c6cB0x2cedB0xbe7
0x2c6f	0x2c6cB0x2d09B0xc64
0x2c6f	0x2c6cB0x2f8aB0xf27
0x2c6f	0x2c6cB0x2d09B0xff2
0x2c6f	0x2c6cB0x3142B0x128c
0x2c6f	0x2c6cB0x2d09B0x1357
0x2c6f	0x2c6cB0x3320B0x15f1
0x2c6f	0x2c6cB0x2d09B0x16bc
0x2c6f	0x2c6cB0x35c6B0x1a2c
0x2c6f	0x2c6cB0x2d09B0x1afb
0x2c6f	0x2c6cB0x385eB0x1e07
0x2c6f	0x2c6cB0x2d09B0x1ed4
0x2c77	0x2c76B0x2cedB0xbe7
0x2c77	0x2c76B0x2d09B0xc64
0x2c77	0x2c76B0x2f8aB0xf27
0x2c77	0x2c76B0x2d09B0xff2
0x2c77	0x2c76B0x3142B0x128c
0x2c77	0x2c76B0x2d09B0x1357
0x2c77	0x2c76B0x3320B0x15f1
0x2c77	0x2c76B0x2d09B0x16bc
0x2c77	0x2c76B0x35c6B0x1a2c
0x2c77	0x2c76B0x2d09B0x1afb
0x2c77	0x2c76B0x385eB0x1e07
0x2c77	0x2c76B0x2d09B0x1ed4
0x2c7b	0x2c78B0x2cedB0xbe7
0x2c7b	0x2c78B0x2d09B0xc64
0x2c7b	0x2c78B0x2f8aB0xf27
0x2c7b	0x2c78B0x2d09B0xff2
0x2c7b	0x2c78B0x3142B0x128c
0x2c7b	0x2c78B0x2d09B0x1357
0x2c7b	0x2c78B0x3320B0x15f1
0x2c7b	0x2c78B0x2d09B0x16bc
0x2c7b	0x2c78B0x35c6B0x1a2c
0x2c7b	0x2c78B0x2d09B0x1afb
0x2c7b	0x2c78B0x385eB0x1e07
0x2c7b	0x2c78B0x2d09B0x1ed4
0x2c7c	0x2c78B0x2cedB0xbe7
0x2c7c	0x2c78B0x2d09B0xc64
0x2c7c	0x2c78B0x2f8aB0xf27
0x2c7c	0x2c78B0x2d09B0xff2
0x2c7c	0x2c78B0x3142B0x128c
0x2c7c	0x2c78B0x2d09B0x1357
0x2c7c	0x2c78B0x3320B0x15f1
0x2c7c	0x2c78B0x2d09B0x16bc
0x2c7c	0x2c78B0x35c6B0x1a2c
0x2c7c	0x2c78B0x2d09B0x1afb
0x2c7c	0x2c78B0x385eB0x1e07
0x2c7c	0x2c78B0x2d09B0x1ed4
0x2c7d	0x2c78B0x2cedB0xbe7
0x2c7d	0x2c78B0x2d09B0xc64
0x2c7d	0x2c78B0x2f8aB0xf27
0x2c7d	0x2c78B0x2d09B0xff2
0x2c7d	0x2c78B0x3142B0x128c
0x2c7d	0x2c78B0x2d09B0x1357
0x2c7d	0x2c78B0x3320B0x15f1
0x2c7d	0x2c78B0x2d09B0x16bc
0x2c7d	0x2c78B0x35c6B0x1a2c
0x2c7d	0x2c78B0x2d09B0x1afb
0x2c7d	0x2c78B0x385eB0x1e07
0x2c7d	0x2c78B0x2d09B0x1ed4
0x2c83	0x2c81B0x2cedB0xbe7
0x2c83	0x2c81B0x2d09B0xc64
0x2c83	0x2c81B0x2f8aB0xf27
0x2c83	0x2c81B0x2d09B0xff2
0x2c83	0x2c81B0x3142B0x128c
0x2c83	0x2c81B0x2d09B0x1357
0x2c83	0x2c81B0x3320B0x15f1
0x2c83	0x2c81B0x2d09B0x16bc
0x2c83	0x2c81B0x35c6B0x1a2c
0x2c83	0x2c81B0x2d09B0x1afb
0x2c83	0x2c81B0x385eB0x1e07
0x2c83	0x2c81B0x2d09B0x1ed4
0x2c84	0x2c81B0x2cedB0xbe7
0x2c84	0x2c81B0x2d09B0xc64
0x2c84	0x2c81B0x2f8aB0xf27
0x2c84	0x2c81B0x2d09B0xff2
0x2c84	0x2c81B0x3142B0x128c
0x2c84	0x2c81B0x2d09B0x1357
0x2c84	0x2c81B0x3320B0x15f1
0x2c84	0x2c81B0x2d09B0x16bc
0x2c84	0x2c81B0x35c6B0x1a2c
0x2c84	0x2c81B0x2d09B0x1afb
0x2c84	0x2c81B0x385eB0x1e07
0x2c84	0x2c81B0x2d09B0x1ed4
0x2c87	0x2c81B0x2cedB0xbe7
0x2c87	0x2c81B0x2d09B0xc64
0x2c87	0x2c81B0x2f8aB0xf27
0x2c87	0x2c81B0x2d09B0xff2
0x2c87	0x2c81B0x3142B0x128c
0x2c87	0x2c81B0x2d09B0x1357
0x2c87	0x2c81B0x3320B0x15f1
0x2c87	0x2c81B0x2d09B0x16bc
0x2c87	0x2c81B0x35c6B0x1a2c
0x2c87	0x2c81B0x2d09B0x1afb
0x2c87	0x2c81B0x385eB0x1e07
0x2c87	0x2c81B0x2d09B0x1ed4
0x2c89	0x2c81B0x2cedB0xbe7
0x2c89	0x2c81B0x2d09B0xc64
0x2c89	0x2c81B0x2f8aB0xf27
0x2c89	0x2c81B0x2d09B0xff2
0x2c89	0x2c81B0x3142B0x128c
0x2c89	0x2c81B0x2d09B0x1357
0x2c89	0x2c81B0x3320B0x15f1
0x2c89	0x2c81B0x2d09B0x16bc
0x2c89	0x2c81B0x35c6B0x1a2c
0x2c89	0x2c81B0x2d09B0x1afb
0x2c89	0x2c81B0x385eB0x1e07
0x2c89	0x2c81B0x2d09B0x1ed4
0x2c8c	0x2c81B0x2cedB0xbe7
0x2c8c	0x2c81B0x2d09B0xc64
0x2c8c	0x2c81B0x2f8aB0xf27
0x2c8c	0x2c81B0x2d09B0xff2
0x2c8c	0x2c81B0x3142B0x128c
0x2c8c	0x2c81B0x2d09B0x1357
0x2c8c	0x2c81B0x3320B0x15f1
0x2c8c	0x2c81B0x2d09B0x16bc
0x2c8c	0x2c81B0x35c6B0x1a2c
0x2c8c	0x2c81B0x2d09B0x1afb
0x2c8c	0x2c81B0x385eB0x1e07
0x2c8c	0x2c81B0x2d09B0x1ed4
0x2c8f	0x2c81B0x2cedB0xbe7
0x2c8f	0x2c81B0x2d09B0xc64
0x2c8f	0x2c81B0x2f8aB0xf27
0x2c8f	0x2c81B0x2d09B0xff2
0x2c8f	0x2c81B0x3142B0x128c
0x2c8f	0x2c81B0x2d09B0x1357
0x2c8f	0x2c81B0x3320B0x15f1
0x2c8f	0x2c81B0x2d09B0x16bc
0x2c8f	0x2c81B0x35c6B0x1a2c
0x2c8f	0x2c81B0x2d09B0x1afb
0x2c8f	0x2c81B0x385eB0x1e07
0x2c8f	0x2c81B0x2d09B0x1ed4
0x2c94	0x2c93B0x2cedB0xbe7
0x2c94	0x2c93B0x2d09B0xc64
0x2c94	0x2c93B0x2f8aB0xf27
0x2c94	0x2c93B0x2d09B0xff2
0x2c94	0x2c93B0x3142B0x128c
0x2c94	0x2c93B0x2d09B0x1357
0x2c94	0x2c93B0x3320B0x15f1
0x2c94	0x2c93B0x2d09B0x16bc
0x2c94	0x2c93B0x35c6B0x1a2c
0x2c94	0x2c93B0x2d09B0x1afb
0x2c94	0x2c93B0x385eB0x1e07
0x2c94	0x2c93B0x2d09B0x1ed4
0x2c97	0x2c93B0x2cedB0xbe7
0x2c97	0x2c93B0x2d09B0xc64
0x2c97	0x2c93B0x2f8aB0xf27
0x2c97	0x2c93B0x2d09B0xff2
0x2c97	0x2c93B0x3142B0x128c
0x2c97	0x2c93B0x2d09B0x1357
0x2c97	0x2c93B0x3320B0x15f1
0x2c97	0x2c93B0x2d09B0x16bc
0x2c97	0x2c93B0x35c6B0x1a2c
0x2c97	0x2c93B0x2d09B0x1afb
0x2c97	0x2c93B0x385eB0x1e07
0x2c97	0x2c93B0x2d09B0x1ed4
0x2c9f	0x2c9eB0x2cedB0xbe7
0x2c9f	0x2c9eB0x2d09B0xc64
0x2c9f	0x2c9eB0x2f8aB0xf27
0x2c9f	0x2c9eB0x2d09B0xff2
0x2c9f	0x2c9eB0x3142B0x128c
0x2c9f	0x2c9eB0x2d09B0x1357
0x2c9f	0x2c9eB0x3320B0x15f1
0x2c9f	0x2c9eB0x2d09B0x16bc
0x2c9f	0x2c9eB0x35c6B0x1a2c
0x2c9f	0x2c9eB0x2d09B0x1afb
0x2c9f	0x2c9eB0x385eB0x1e07
0x2c9f	0x2c9eB0x2d09B0x1ed4
0x2ca0	0x2c9eB0x2cedB0xbe7
0x2ca0	0x2c9eB0x2d09B0xc64
0x2ca0	0x2c9eB0x2f8aB0xf27
0x2ca0	0x2c9eB0x2d09B0xff2
0x2ca0	0x2c9eB0x3142B0x128c
0x2ca0	0x2c9eB0x2d09B0x1357
0x2ca0	0x2c9eB0x3320B0x15f1
0x2ca0	0x2c9eB0x2d09B0x16bc
0x2ca0	0x2c9eB0x35c6B0x1a2c
0x2ca0	0x2c9eB0x2d09B0x1afb
0x2ca0	0x2c9eB0x385eB0x1e07
0x2ca0	0x2c9eB0x2d09B0x1ed4
0x2ca4	0x2c9eB0x2cedB0xbe7
0x2ca4	0x2c9eB0x2d09B0xc64
0x2ca4	0x2c9eB0x2f8aB0xf27
0x2ca4	0x2c9eB0x2d09B0xff2
0x2ca4	0x2c9eB0x3142B0x128c
0x2ca4	0x2c9eB0x2d09B0x1357
0x2ca4	0x2c9eB0x3320B0x15f1
0x2ca4	0x2c9eB0x2d09B0x16bc
0x2ca4	0x2c9eB0x35c6B0x1a2c
0x2ca4	0x2c9eB0x2d09B0x1afb
0x2ca4	0x2c9eB0x385eB0x1e07
0x2ca4	0x2c9eB0x2d09B0x1ed4
0x2ca9	0x2ca8B0x2cedB0xbe7
0x2ca9	0x2ca8B0x2d09B0xc64
0x2ca9	0x2ca8B0x2f8aB0xf27
0x2ca9	0x2ca8B0x2d09B0xff2
0x2ca9	0x2ca8B0x3142B0x128c
0x2ca9	0x2ca8B0x2d09B0x1357
0x2ca9	0x2ca8B0x3320B0x15f1
0x2ca9	0x2ca8B0x2d09B0x16bc
0x2ca9	0x2ca8B0x35c6B0x1a2c
0x2ca9	0x2ca8B0x2d09B0x1afb
0x2ca9	0x2ca8B0x385eB0x1e07
0x2ca9	0x2ca8B0x2d09B0x1ed4
0x2cae	0x2ca8B0x2cedB0xbe7
0x2cae	0x2ca8B0x2d09B0xc64
0x2cae	0x2ca8B0x2f8aB0xf27
0x2cae	0x2ca8B0x2d09B0xff2
0x2cae	0x2ca8B0x3142B0x128c
0x2cae	0x2ca8B0x2d09B0x1357
0x2cae	0x2ca8B0x3320B0x15f1
0x2cae	0x2ca8B0x2d09B0x16bc
0x2cae	0x2ca8B0x35c6B0x1a2c
0x2cae	0x2ca8B0x2d09B0x1afb
0x2cae	0x2ca8B0x385eB0x1e07
0x2cae	0x2ca8B0x2d09B0x1ed4
0x2cb5	0x2cb2B0x2cedB0xbe7
0x2cb5	0x2cb2B0x2d09B0xc64
0x2cb5	0x2cb2B0x2f8aB0xf27
0x2cb5	0x2cb2B0x2d09B0xff2
0x2cb5	0x2cb2B0x3142B0x128c
0x2cb5	0x2cb2B0x2d09B0x1357
0x2cb5	0x2cb2B0x3320B0x15f1
0x2cb5	0x2cb2B0x2d09B0x16bc
0x2cb5	0x2cb2B0x35c6B0x1a2c
0x2cb5	0x2cb2B0x2d09B0x1afb
0x2cb5	0x2cb2B0x385eB0x1e07
0x2cb5	0x2cb2B0x2d09B0x1ed4
0x2cba	0x2cb2B0x2cedB0xbe7
0x2cba	0x2cb2B0x2d09B0xc64
0x2cba	0x2cb2B0x2f8aB0xf27
0x2cba	0x2cb2B0x2d09B0xff2
0x2cba	0x2cb2B0x3142B0x128c
0x2cba	0x2cb2B0x2d09B0x1357
0x2cba	0x2cb2B0x3320B0x15f1
0x2cba	0x2cb2B0x2d09B0x16bc
0x2cba	0x2cb2B0x35c6B0x1a2c
0x2cba	0x2cb2B0x2d09B0x1afb
0x2cba	0x2cb2B0x385eB0x1e07
0x2cba	0x2cb2B0x2d09B0x1ed4
0x2cbd	0x2cb2B0x2cedB0xbe7
0x2cbd	0x2cb2B0x2d09B0xc64
0x2cbd	0x2cb2B0x2f8aB0xf27
0x2cbd	0x2cb2B0x2d09B0xff2
0x2cbd	0x2cb2B0x3142B0x128c
0x2cbd	0x2cb2B0x2d09B0x1357
0x2cbd	0x2cb2B0x3320B0x15f1
0x2cbd	0x2cb2B0x2d09B0x16bc
0x2cbd	0x2cb2B0x35c6B0x1a2c
0x2cbd	0x2cb2B0x2d09B0x1afb
0x2cbd	0x2cb2B0x385eB0x1e07
0x2cbd	0x2cb2B0x2d09B0x1ed4
0x2cbe	0x2cb2B0x2cedB0xbe7
0x2cbe	0x2cb2B0x2d09B0xc64
0x2cbe	0x2cb2B0x2f8aB0xf27
0x2cbe	0x2cb2B0x2d09B0xff2
0x2cbe	0x2cb2B0x3142B0x128c
0x2cbe	0x2cb2B0x2d09B0x1357
0x2cbe	0x2cb2B0x3320B0x15f1
0x2cbe	0x2cb2B0x2d09B0x16bc
0x2cbe	0x2cb2B0x35c6B0x1a2c
0x2cbe	0x2cb2B0x2d09B0x1afb
0x2cbe	0x2cb2B0x385eB0x1e07
0x2cbe	0x2cb2B0x2d09B0x1ed4
0x2cc3	0x2cc2B0x2cedB0xbe7
0x2cc3	0x2cc2B0x2d09B0xc64
0x2cc3	0x2cc2B0x2f8aB0xf27
0x2cc3	0x2cc2B0x2d09B0xff2
0x2cc3	0x2cc2B0x3142B0x128c
0x2cc3	0x2cc2B0x2d09B0x1357
0x2cc3	0x2cc2B0x3320B0x15f1
0x2cc3	0x2cc2B0x2d09B0x16bc
0x2cc3	0x2cc2B0x35c6B0x1a2c
0x2cc3	0x2cc2B0x2d09B0x1afb
0x2cc3	0x2cc2B0x385eB0x1e07
0x2cc3	0x2cc2B0x2d09B0x1ed4
0x2cc7	0x2cc2B0x2cedB0xbe7
0x2cc7	0x2cc2B0x2d09B0xc64
0x2cc7	0x2cc2B0x2f8aB0xf27
0x2cc7	0x2cc2B0x2d09B0xff2
0x2cc7	0x2cc2B0x3142B0x128c
0x2cc7	0x2cc2B0x2d09B0x1357
0x2cc7	0x2cc2B0x3320B0x15f1
0x2cc7	0x2cc2B0x2d09B0x16bc
0x2cc7	0x2cc2B0x35c6B0x1a2c
0x2cc7	0x2cc2B0x2d09B0x1afb
0x2cc7	0x2cc2B0x385eB0x1e07
0x2cc7	0x2cc2B0x2d09B0x1ed4
0x2ccd	0x2ccbB0x2cedB0xbe7
0x2ccd	0x2ccbB0x2d09B0xc64
0x2ccd	0x2ccbB0x2f8aB0xf27
0x2ccd	0x2ccbB0x2d09B0xff2
0x2ccd	0x2ccbB0x3142B0x128c
0x2ccd	0x2ccbB0x2d09B0x1357
0x2ccd	0x2ccbB0x3320B0x15f1
0x2ccd	0x2ccbB0x2d09B0x16bc
0x2ccd	0x2ccbB0x35c6B0x1a2c
0x2ccd	0x2ccbB0x2d09B0x1afb
0x2ccd	0x2ccbB0x385eB0x1e07
0x2ccd	0x2ccbB0x2d09B0x1ed4
0x2d2a	0x2d29B0x2d8aB0xcab
0x2d2a	0x2d29B0x2fbdB0x1039
0x2d2a	0x2d29B0x3175B0x139e
0x2d2a	0x2d29B0x3353B0x1703
0x2d2a	0x2d29B0x362eB0x1b42
0x2d2a	0x2d29B0x38b8B0x1f1b
0x2d4b	0x2d29B0x2d8aB0xcab
0x2d4b	0x2d29B0x2fbdB0x1039
0x2d4b	0x2d29B0x3175B0x139e
0x2d4b	0x2d29B0x3353B0x1703
0x2d4b	0x2d29B0x362eB0x1b42
0x2d4b	0x2d29B0x38b8B0x1f1b
0x2d4d	0x2d29B0x2d8aB0xcab
0x2d4d	0x2d29B0x2fbdB0x1039
0x2d4d	0x2d29B0x3175B0x139e
0x2d4d	0x2d29B0x3353B0x1703
0x2d4d	0x2d29B0x362eB0x1b42
0x2d4d	0x2d29B0x38b8B0x1f1b
0x2d52	0x2d51B0x2d8aB0xcab
0x2d52	0x2d51B0x2fbdB0x1039
0x2d52	0x2d51B0x3175B0x139e
0x2d52	0x2d51B0x3353B0x1703
0x2d52	0x2d51B0x362eB0x1b42
0x2d52	0x2d51B0x38b8B0x1f1b
0x2d53	0x2d51B0x2d8aB0xcab
0x2d53	0x2d51B0x2fbdB0x1039
0x2d53	0x2d51B0x3175B0x139e
0x2d53	0x2d51B0x3353B0x1703
0x2d53	0x2d51B0x362eB0x1b42
0x2d53	0x2d51B0x38b8B0x1f1b
0x2d56	0x2d51B0x2d8aB0xcab
0x2d56	0x2d51B0x2fbdB0x1039
0x2d56	0x2d51B0x3175B0x139e
0x2d56	0x2d51B0x3353B0x1703
0x2d56	0x2d51B0x362eB0x1b42
0x2d56	0x2d51B0x38b8B0x1f1b
0x2d59	0x2d51B0x2d8aB0xcab
0x2d59	0x2d51B0x2fbdB0x1039
0x2d59	0x2d51B0x3175B0x139e
0x2d59	0x2d51B0x3353B0x1703
0x2d59	0x2d51B0x362eB0x1b42
0x2d59	0x2d51B0x38b8B0x1f1b
0x2d60	0x2d5dB0x2d8aB0xcab
0x2d60	0x2d5dB0x2fbdB0x1039
0x2d60	0x2d5dB0x3175B0x139e
0x2d60	0x2d5dB0x3353B0x1703
0x2d60	0x2d5dB0x362eB0x1b42
0x2d60	0x2d5dB0x38b8B0x1f1b
0x2d64	0x2d5dB0x2d8aB0xcab
0x2d64	0x2d5dB0x2fbdB0x1039
0x2d64	0x2d5dB0x3175B0x139e
0x2d64	0x2d5dB0x3353B0x1703
0x2d64	0x2d5dB0x362eB0x1b42
0x2d64	0x2d5dB0x38b8B0x1f1b
0x2d69	0x2d68B0x2d8aB0xcab
0x2d69	0x2d68B0x2fbdB0x1039
0x2d69	0x2d68B0x3175B0x139e
0x2d69	0x2d68B0x3353B0x1703
0x2d69	0x2d68B0x362eB0x1b42
0x2d69	0x2d68B0x38b8B0x1f1b
0x2d6c	0x2d68B0x2d8aB0xcab
0x2d6c	0x2d68B0x2fbdB0x1039
0x2d6c	0x2d68B0x3175B0x139e
0x2d6c	0x2d68B0x3353B0x1703
0x2d6c	0x2d68B0x362eB0x1b42
0x2d6c	0x2d68B0x38b8B0x1f1b
0x2da5	0x2da4B0xd26
0x2dc6	0x2da4B0xd26
0x2dc8	0x2da4B0xd26
0x2dcd	0x2dccB0xd26
0x2dce	0x2dccB0xd26
0x2dd1	0x2dccB0xd26
0x2dd4	0x2dccB0xd26
0x2ddb	0x2dd8B0xd26
0x2ddf	0x2dd8B0xd26
0x2de4	0x2de3B0xd26
0x2de7	0x2de3B0xd26
0x2def	0x2deeB0xd26
0x2df0	0x2deeB0xd26
0x2df3	0x2deeB0xd26
0x2df8	0x2deeB0xd26
0x2df9	0x2deeB0xd26
0x2dfb	0x2deeB0xd26
0x2dfd	0x2deeB0xd26
0x2e01	0x2deeB0xd26
0x2f2a	0x2f29B0x2f73B0xf27
0x2f2a	0x2f29B0x2fa6B0x1039
0x2f2a	0x2f29B0x303fB0x118c
0x2f4b	0x2f29B0x2f73B0xf27
0x2f4b	0x2f29B0x2fa6B0x1039
0x2f4b	0x2f29B0x303fB0x118c
0x2f4d	0x2f29B0x2f73B0xf27
0x2f4d	0x2f29B0x2fa6B0x1039
0x2f4d	0x2f29B0x303fB0x118c
0x2f52	0x2f51B0x2f73B0xf27
0x2f52	0x2f51B0x2fa6B0x1039
0x2f52	0x2f51B0x303fB0x118c
0x2f53	0x2f51B0x2f73B0xf27
0x2f53	0x2f51B0x2fa6B0x1039
0x2f53	0x2f51B0x303fB0x118c
0x2f56	0x2f51B0x2f73B0xf27
0x2f56	0x2f51B0x2fa6B0x1039
0x2f56	0x2f51B0x303fB0x118c
0x2f59	0x2f51B0x2f73B0xf27
0x2f59	0x2f51B0x2fa6B0x1039
0x2f59	0x2f51B0x303fB0x118c
0x2f60	0x2f5dB0x2f73B0xf27
0x2f60	0x2f5dB0x2fa6B0x1039
0x2f60	0x2f5dB0x303fB0x118c
0x2f64	0x2f5dB0x2f73B0xf27
0x2f64	0x2f5dB0x2fa6B0x1039
0x2f64	0x2f5dB0x303fB0x118c
0x2f69	0x2f68B0x2f73B0xf27
0x2f69	0x2f68B0x2fa6B0x1039
0x2f69	0x2f68B0x303fB0x118c
0x2f6c	0x2f68B0x2f73B0xf27
0x2f6c	0x2f68B0x2fa6B0x1039
0x2f6c	0x2f68B0x303fB0x118c
0x2fd8	0x2fd7B0x1102
0x2ff9	0x2fd7B0x1102
0x2ffb	0x2fd7B0x1102
0x3000	0x2fffB0x1102
0x3001	0x2fffB0x1102
0x3004	0x2fffB0x1102
0x3007	0x2fffB0x1102
0x300e	0x300bB0x1102
0x3012	0x300bB0x1102
0x3017	0x3016B0x1102
0x301a	0x3016B0x1102
0x3022	0x3021B0x1102
0x3023	0x3021B0x1102
0x3026	0x3021B0x1102
0x302b	0x3021B0x1102
0x302c	0x3021B0x1102
0x302e	0x3021B0x1102
0x3030	0x3021B0x1102
0x3034	0x3021B0x1102
0x30e2	0x30e1B0x312bB0x128c
0x30e2	0x30e1B0x315eB0x139e
0x30e2	0x30e1B0x321dB0x14f1
0x3103	0x30e1B0x312bB0x128c
0x3103	0x30e1B0x315eB0x139e
0x3103	0x30e1B0x321dB0x14f1
0x3105	0x30e1B0x312bB0x128c
0x3105	0x30e1B0x315eB0x139e
0x3105	0x30e1B0x321dB0x14f1
0x310a	0x3109B0x312bB0x128c
0x310a	0x3109B0x315eB0x139e
0x310a	0x3109B0x321dB0x14f1
0x310b	0x3109B0x312bB0x128c
0x310b	0x3109B0x315eB0x139e
0x310b	0x3109B0x321dB0x14f1
0x310e	0x3109B0x312bB0x128c
0x310e	0x3109B0x315eB0x139e
0x310e	0x3109B0x321dB0x14f1
0x3111	0x3109B0x312bB0x128c
0x3111	0x3109B0x315eB0x139e
0x3111	0x3109B0x321dB0x14f1
0x3118	0x3115B0x312bB0x128c
0x3118	0x3115B0x315eB0x139e
0x3118	0x3115B0x321dB0x14f1
0x311c	0x3115B0x312bB0x128c
0x311c	0x3115B0x315eB0x139e
0x311c	0x3115B0x321dB0x14f1
0x3121	0x3120B0x312bB0x128c
0x3121	0x3120B0x315eB0x139e
0x3121	0x3120B0x321dB0x14f1
0x3124	0x3120B0x312bB0x128c
0x3124	0x3120B0x315eB0x139e
0x3124	0x3120B0x321dB0x14f1
0x3190	0x318fB0x1467
0x31b1	0x318fB0x1467
0x31b3	0x318fB0x1467
0x31b5	0x318fB0x1467
0x31d6	0x318fB0x1467
0x31d9	0x318fB0x1467
0x31de	0x31ddB0x1467
0x31df	0x31ddB0x1467
0x31e2	0x31ddB0x1467
0x31e5	0x31ddB0x1467
0x31ec	0x31e9B0x1467
0x31f0	0x31e9B0x1467
0x31f5	0x31f4B0x1467
0x31f8	0x31f4B0x1467
0x3200	0x31ffB0x1467
0x3201	0x31ffB0x1467
0x3204	0x31ffB0x1467
0x3209	0x31ffB0x1467
0x320a	0x31ffB0x1467
0x320c	0x31ffB0x1467
0x320e	0x31ffB0x1467
0x3212	0x31ffB0x1467
0x32c0	0x32bfB0x3309B0x15f1
0x32c0	0x32bfB0x333cB0x1703
0x32c0	0x32bfB0x33fbB0x1856
0x32e1	0x32bfB0x3309B0x15f1
0x32e1	0x32bfB0x333cB0x1703
0x32e1	0x32bfB0x33fbB0x1856
0x32e3	0x32bfB0x3309B0x15f1
0x32e3	0x32bfB0x333cB0x1703
0x32e3	0x32bfB0x33fbB0x1856
0x32e8	0x32e7B0x3309B0x15f1
0x32e8	0x32e7B0x333cB0x1703
0x32e8	0x32e7B0x33fbB0x1856
0x32e9	0x32e7B0x3309B0x15f1
0x32e9	0x32e7B0x333cB0x1703
0x32e9	0x32e7B0x33fbB0x1856
0x32ec	0x32e7B0x3309B0x15f1
0x32ec	0x32e7B0x333cB0x1703
0x32ec	0x32e7B0x33fbB0x1856
0x32ef	0x32e7B0x3309B0x15f1
0x32ef	0x32e7B0x333cB0x1703
0x32ef	0x32e7B0x33fbB0x1856
0x32f6	0x32f3B0x3309B0x15f1
0x32f6	0x32f3B0x333cB0x1703
0x32f6	0x32f3B0x33fbB0x1856
0x32fa	0x32f3B0x3309B0x15f1
0x32fa	0x32f3B0x333cB0x1703
0x32fa	0x32f3B0x33fbB0x1856
0x32ff	0x32feB0x3309B0x15f1
0x32ff	0x32feB0x333cB0x1703
0x32ff	0x32feB0x33fbB0x1856
0x3302	0x32feB0x3309B0x15f1
0x3302	0x32feB0x333cB0x1703
0x3302	0x32feB0x33fbB0x1856
0x336e	0x336dB0x17cc
0x338f	0x336dB0x17cc
0x3391	0x336dB0x17cc
0x3393	0x336dB0x17cc
0x33b4	0x336dB0x17cc
0x33b7	0x336dB0x17cc
0x33bc	0x33bbB0x17cc
0x33bd	0x33bbB0x17cc
0x33c0	0x33bbB0x17cc
0x33c3	0x33bbB0x17cc
0x33ca	0x33c7B0x17cc
0x33ce	0x33c7B0x17cc
0x33d3	0x33d2B0x17cc
0x33d6	0x33d2B0x17cc
0x33de	0x33ddB0x17cc
0x33df	0x33ddB0x17cc
0x33e2	0x33ddB0x17cc
0x33e7	0x33ddB0x17cc
0x33e8	0x33ddB0x17cc
0x33ea	0x33ddB0x17cc
0x33ec	0x33ddB0x17cc
0x33f0	0x33ddB0x17cc
0x3566	0x3565B0x35afB0x1a2c
0x3566	0x3565B0x3617B0x1b42
0x3566	0x3565B0x36e5B0x1c9d
0x3587	0x3565B0x35afB0x1a2c
0x3587	0x3565B0x3617B0x1b42
0x3587	0x3565B0x36e5B0x1c9d
0x3589	0x3565B0x35afB0x1a2c
0x3589	0x3565B0x3617B0x1b42
0x3589	0x3565B0x36e5B0x1c9d
0x358e	0x358dB0x35afB0x1a2c
0x358e	0x358dB0x3617B0x1b42
0x358e	0x358dB0x36e5B0x1c9d
0x358f	0x358dB0x35afB0x1a2c
0x358f	0x358dB0x3617B0x1b42
0x358f	0x358dB0x36e5B0x1c9d
0x3592	0x358dB0x35afB0x1a2c
0x3592	0x358dB0x3617B0x1b42
0x3592	0x358dB0x36e5B0x1c9d
0x3595	0x358dB0x35afB0x1a2c
0x3595	0x358dB0x3617B0x1b42
0x3595	0x358dB0x36e5B0x1c9d
0x359c	0x3599B0x35afB0x1a2c
0x359c	0x3599B0x3617B0x1b42
0x359c	0x3599B0x36e5B0x1c9d
0x35a0	0x3599B0x35afB0x1a2c
0x35a0	0x3599B0x3617B0x1b42
0x35a0	0x3599B0x36e5B0x1c9d
0x35a5	0x35a4B0x35afB0x1a2c
0x35a5	0x35a4B0x3617B0x1b42
0x35a5	0x35a4B0x36e5B0x1c9d
0x35a8	0x35a4B0x35afB0x1a2c
0x35a8	0x35a4B0x3617B0x1b42
0x35a8	0x35a4B0x36e5B0x1c9d
0x3649	0x3648B0x1c0f
0x366a	0x3648B0x1c0f
0x366c	0x3648B0x1c0f
0x3671	0x3670B0x1c0f
0x3672	0x3670B0x1c0f
0x3675	0x3670B0x1c0f
0x3678	0x3670B0x1c0f
0x367f	0x367cB0x1c0f
0x3683	0x367cB0x1c0f
0x3688	0x3687B0x1c0f
0x368b	0x3687B0x1c0f
0x3693	0x3692B0x1c0f
0x3694	0x3692B0x1c0f
0x3697	0x3692B0x1c0f
0x369c	0x3692B0x1c0f
0x369d	0x3692B0x1c0f
0x369f	0x3692B0x1c0f
0x36a1	0x3692B0x1c0f
0x36a5	0x3692B0x1c0f
0x37fe	0x37fdB0x3847B0x1e07
0x37fe	0x37fdB0x38a1B0x1f1b
0x37fe	0x37fdB0x3960B0x2073
0x381f	0x37fdB0x3847B0x1e07
0x381f	0x37fdB0x38a1B0x1f1b
0x381f	0x37fdB0x3960B0x2073
0x3821	0x37fdB0x3847B0x1e07
0x3821	0x37fdB0x38a1B0x1f1b
0x3821	0x37fdB0x3960B0x2073
0x3826	0x3825B0x3847B0x1e07
0x3826	0x3825B0x38a1B0x1f1b
0x3826	0x3825B0x3960B0x2073
0x3827	0x3825B0x3847B0x1e07
0x3827	0x3825B0x38a1B0x1f1b
0x3827	0x3825B0x3960B0x2073
0x382a	0x3825B0x3847B0x1e07
0x382a	0x3825B0x38a1B0x1f1b
0x382a	0x3825B0x3960B0x2073
0x382d	0x3825B0x3847B0x1e07
0x382d	0x3825B0x38a1B0x1f1b
0x382d	0x3825B0x3960B0x2073
0x3834	0x3831B0x3847B0x1e07
0x3834	0x3831B0x38a1B0x1f1b
0x3834	0x3831B0x3960B0x2073
0x3838	0x3831B0x3847B0x1e07
0x3838	0x3831B0x38a1B0x1f1b
0x3838	0x3831B0x3960B0x2073
0x383d	0x383cB0x3847B0x1e07
0x383d	0x383cB0x38a1B0x1f1b
0x383d	0x383cB0x3960B0x2073
0x3840	0x383cB0x3847B0x1e07
0x3840	0x383cB0x38a1B0x1f1b
0x3840	0x383cB0x3960B0x2073
0x38d3	0x38d2B0x1fe6
0x38f4	0x38d2B0x1fe6
0x38f6	0x38d2B0x1fe6
0x38f8	0x38d2B0x1fe6
0x3919	0x38d2B0x1fe6
0x391c	0x38d2B0x1fe6
0x3921	0x3920B0x1fe6
0x3922	0x3920B0x1fe6
0x3925	0x3920B0x1fe6
0x3928	0x3920B0x1fe6
0x392f	0x392cB0x1fe6
0x3933	0x392cB0x1fe6
0x3938	0x3937B0x1fe6
0x393b	0x3937B0x1fe6
0x3943	0x3942B0x1fe6
0x3944	0x3942B0x1fe6
0x3947	0x3942B0x1fe6
0x394c	0x3942B0x1fe6
0x394d	0x3942B0x1fe6
0x394f	0x3942B0x1fe6
0x3951	0x3942B0x1fe6
0x3955	0x3942B0x1fe6
0x2152	0x2149B0x215aB0x2169B0x149
0x2152	0x2149B0x215aB0x2169B0x173
0x2152	0x2149B0x215aB0x2443B0x381
0x2152	0x2149B0x215aB0x2169B0x219
0x2152	0x2149B0x215aB0x2757B0x872
0x2152	0x2149B0x215aB0x276aB0x872
0x2152	0x2149B0x215aB0x2777B0x872
0x2152	0x2149B0x215aB0x2169B0x411
0x2152	0x2149B0x215aB0x2169B0x5d8
0x2152	0x2149B0x215aB0x2677B0x675
0x2152	0x2149B0x215aB0x27edB0x8bc
0x2152	0x2149B0x215aB0x2863B0x8f3
0x2152	0x2149B0x215aB0x28d9B0x92a
0x2152	0x2149B0x215aB0x294fB0x961
0x2152	0x2149B0x215aB0x2169B0xb35
0x2152	0x2149B0x215aB0x2169B0xe22
0x2152	0x2149B0x215aB0x2169B0x1897
0x2152	0x2149B0x215aB0x3522B0x197f
0x2152	0x2149B0x215aB0x2443B0x1d4a
0x2152	0x2149B0x2203B0x2219B0x22b0B0x1d4
0x2152	0x2149B0x2203B0x2219B0x23b6B0x23a
0x2152	0x2149B0x2203B0x2219B0x23c7B0x23a
0x2152	0x2149B0x2203B0x2219B0x23d8B0x23a
0x2152	0x2149B0x24e8B0x2539B0x25c4B0x49f
0x2152	0x2149B0x24e8B0x255fB0x25c4B0x49f
0x2152	0x2149B0x24e8B0x2524B0x25c4B0x49f
0x219a	0x218bB0x21acB0x21bdB0x21ceB0x19d
0x219a	0x218bB0x21acB0x240aB0x241bB0x26b
0x21a4	0x21a0B0x21acB0x21bdB0x21ceB0x19d
0x21a4	0x21a0B0x21acB0x240aB0x241bB0x26b
0x219f	0x219bB0x21acB0x21bdB0x21ceB0x19d
0x219f	0x219bB0x21acB0x240aB0x241bB0x26b
0x265b	0x2657B0x2668B0x268aB0x675
0x265b	0x2657B0x2668B0x35f5B0x1a5b
0x265b	0x2657B0x2668B0x35f5B0x1b6f
0x223e	0x2236B0x24a9B0x24d2B0x47b
0x223e	0x2236B0x24a9B0x24d2B0x5b4
0x223e	0x2236B0x24a9B0x24d2B0x642
0x223e	0x2236B0x24a9B0x24d2B0x18ec
0x223e	0x2236B0x24a9B0x24d2B0x19de
0x223e	0x2236B0x224cB0x22bdB0x1d4
0x223e	0x2236B0x224cB0x22ceB0x1d4
0x2304	0x22fcB0x230bB0x1ef
0x2304	0x22fcB0x230bB0x706
0x2304	0x22fcB0x2ae5B0xb04
0x2304	0x22fcB0x3488B0x1910
0x2304	0x22fcB0x36b0B0x1c52
0x2304	0x22fcB0x36c3B0x1c52
0x2304	0x22fcB0x3772B0x1cd5
0x2304	0x22fcB0x387aB0x2029
0x2304	0x22fcB0x387aB0x1e36
0x2304	0x22fcB0x387aB0x1f48
0x2304	0x22fcB0x2456B0x381
0x2304	0x22fcB0x3535B0x197f
0x2304	0x22fcB0x3542B0x197f
0x2304	0x22fcB0x35e2B0x1a5b
0x2304	0x22fcB0x35e2B0x1b6f
0x2304	0x22fcB0x2456B0x1d4a
0x250e	0x2506B0x2572B0x25c4B0x49f
0x250e	0x2506B0x2585B0x25c4B0x49f
0x250e	0x2506B0x2598B0x25c4B0x49f
0x2660	0x265cB0x2668B0x268aB0x675
0x2660	0x265cB0x2668B0x35f5B0x1a5b
0x2660	0x265cB0x2668B0x35f5B0x1b6f
0x2276	0x226eB0x2284B0x22dfB0x1d4
0x2276	0x226eB0x2284B0x23e9B0x23a
0x2337	0x232fB0x246aB0x2493B0x3ed
0x2337	0x232fB0x246aB0x2493B0x6e2
0x2337	0x232fB0x246aB0x2493B0xb99
0x2337	0x232fB0x246aB0x2493B0x1db9
0x2337	0x232fB0x2345B0x2376B0x23a
0x2337	0x232fB0x2345B0x2383B0x23a
0x2337	0x232fB0x2345B0x2394B0x23a
0x2337	0x232fB0x2345B0x23a5B0x23a
0x2a31	0x2a29B0x2f14B0xe6f
0x2a31	0x2a29B0x30ccB0x11d4
0x2a31	0x2a29B0x32aaB0x1539
0x2a31	0x2a29B0x34feB0x1950
0x2a31	0x2a29B0x2a38B0xa6d
0x2a31	0x2a29B0x2e23B0xd69
0x2a31	0x2a29B0x2a38B0xc16
0x2a31	0x2a29B0x2a38B0xcd8
0x2a31	0x2a29B0x2a38B0xdd4
0x2a31	0x2a29B0x2a38B0x1145
0x2a31	0x2a29B0x2a38B0xf56
0x2a31	0x2a29B0x2a38B0xfa4
0x2a31	0x2a29B0x2a38B0x1066
0x2a31	0x2a29B0x2a38B0x10b4
0x2a31	0x2a29B0x3056B0x118c
0x2a31	0x2a29B0x2a38B0x14aa
0x2a31	0x2a29B0x2a38B0x12bb
0x2a31	0x2a29B0x2a38B0x1309
0x2a31	0x2a29B0x2a38B0x13cb
0x2a31	0x2a29B0x2a38B0x1419
0x2a31	0x2a29B0x3234B0x14f1
0x2a31	0x2a29B0x2a38B0x180f
0x2a31	0x2a29B0x2a38B0x1620
0x2a31	0x2a29B0x2a38B0x166e
0x2a31	0x2a29B0x2a38B0x1730
0x2a31	0x2a29B0x2a38B0x177e
0x2a31	0x2a29B0x3412B0x1856
0x2a31	0x2a29B0x37e8B0x1d1a
0x2a31	0x2a29B0x36d0B0x1c52
0x2a31	0x2a29B0x2a38B0x1aad
0x2a31	0x2a29B0x2a38B0x1bc1
0x2a31	0x2a29B0x36fcB0x1c9d
0x2a31	0x2a29B0x2a38B0x20b4
0x2a31	0x2a29B0x388dB0x2029
0x2a31	0x2a29B0x388dB0x1e36
0x2a31	0x2a29B0x2a38B0x1e86
0x2a31	0x2a29B0x388dB0x1f48
0x2a31	0x2a29B0x2a38B0x1f98
0x2a31	0x2a29B0x3977B0x2073
0x2a31	0x2a29B0x3602B0x1a5b
0x2a31	0x2a29B0x3602B0x1b6f
0x2722	0x2717B0x80f
0x2997	0x298cB0xa41
0x29e1	0x29d6B0xa41
0x2c55	0x2c4aB0x2e82B0xda8
0x2c55	0x2c4aB0x2e0cB0xd69
0x2c55	0x2c4aB0x2cd6B0xbe7
0x2c55	0x2c4aB0x2d73B0xcab
0x2cb1	0x2ca8B0x2cedB0xbe7
0x2cb1	0x2ca8B0x2d09B0xc64
0x2cb1	0x2ca8B0x2f8aB0xf27
0x2cb1	0x2ca8B0x2d09B0xff2
0x2cb1	0x2ca8B0x3142B0x128c
0x2cb1	0x2ca8B0x2d09B0x1357
0x2cb1	0x2ca8B0x3320B0x15f1
0x2cb1	0x2ca8B0x2d09B0x16bc
0x2cb1	0x2ca8B0x35c6B0x1a2c
0x2cb1	0x2ca8B0x2d09B0x1afb
0x2cb1	0x2ca8B0x385eB0x1e07
0x2cb1	0x2ca8B0x2d09B0x1ed4
0x2d5c	0x2d51B0x2d8aB0xcab
0x2d5c	0x2d51B0x2fbdB0x1039
0x2d5c	0x2d51B0x3175B0x139e
0x2d5c	0x2d51B0x3353B0x1703
0x2d5c	0x2d51B0x362eB0x1b42
0x2d5c	0x2d51B0x38b8B0x1f1b
0x2dd7	0x2dccB0xd26
0x2f5c	0x2f51B0x2f73B0xf27
0x2f5c	0x2f51B0x2fa6B0x1039
0x2f5c	0x2f51B0x303fB0x118c
0x300a	0x2fffB0x1102
0x3114	0x3109B0x312bB0x128c
0x3114	0x3109B0x315eB0x139e
0x3114	0x3109B0x321dB0x14f1
0x31e8	0x31ddB0x1467
0x32f2	0x32e7B0x3309B0x15f1
0x32f2	0x32e7B0x333cB0x1703
0x32f2	0x32e7B0x33fbB0x1856
0x33c6	0x33bbB0x17cc
0x3598	0x358dB0x35afB0x1a2c
0x3598	0x358dB0x3617B0x1b42
0x3598	0x358dB0x36e5B0x1c9d
0x367b	0x3670B0x1c0f
0x3830	0x3825B0x3847B0x1e07
0x3830	0x3825B0x38a1B0x1f1b
0x3830	0x3825B0x3960B0x2073
0x392b	0x3920B0x1fe6
0x2b6a	0x2b62B0xbd4
0x2b6a	0x2b62B0xf14
0x2b6a	0x2b62B0x1279
0x2b6a	0x2b62B0x15de
0x2b6a	0x2b62B0x1a19
0x2b6a	0x2b62B0x1df4
0x2cca	0x2cc2B0x2cedB0xbe7
0x2cca	0x2cc2B0x2d09B0xc64
0x2cca	0x2cc2B0x2f8aB0xf27
0x2cca	0x2cc2B0x2d09B0xff2
0x2cca	0x2cc2B0x3142B0x128c
0x2cca	0x2cc2B0x2d09B0x1357
0x2cca	0x2cc2B0x3320B0x15f1
0x2cca	0x2cc2B0x2d09B0x16bc
0x2cca	0x2cc2B0x35c6B0x1a2c
0x2cca	0x2cc2B0x2d09B0x1afb
0x2cca	0x2cc2B0x385eB0x1e07
0x2cca	0x2cc2B0x2d09B0x1ed4
0x26c0	0x26b6B0x78e
0x21fe	0x21f6B0xbd4
0x21fe	0x21f6B0xf14
0x21fe	0x21f6B0x1279
0x21fe	0x21f6B0x15de
0x21fe	0x21f6B0x1a19
0x21fe	0x21f6B0x1df4
0x2646	0x263eB0x2668B0x268aB0x675
0x2646	0x263eB0x2668B0x35f5B0x1a5b
0x2646	0x263eB0x2668B0x35f5B0x1b6f
0x2656	0x2647B0x2668B0x268aB0x675
0x2656	0x2647B0x2668B0x35f5B0x1a5b
0x2656	0x2647B0x2668B0x35f5B0x1b6f
0x26a7	0x269eB0x78e
0x26b5	0x26abB0x78e
0x26ca	0x26c1B0x78e
0x26d4	0x26cbB0x78e
0x2716	0x26efB0x80f
0x272d	0x2723B0x80f
0x2738	0x272eB0x80f
0x274f	0x2739B0x80f
0x298b	0x2964B0xa41
0x29a2	0x2998B0xa41
0x29ad	0x29a3B0xa41
0x29d5	0x29aeB0xa41
0x29ec	0x29e2B0xa41
0x29f7	0x29edB0xa41
0x2a0e	0x29f8B0xa41
0x2a21	0x2a0fB0xa41
0x2b88	0x2b82B0xbd4
0x2b88	0x2b82B0xf14
0x2b88	0x2b82B0x1279
0x2b88	0x2b82B0x15de
0x2b88	0x2b82B0x1a19
0x2b88	0x2b82B0x1df4
0x2b92	0x2b8aB0xbd4
0x2b92	0x2b8aB0xf14
0x2b92	0x2b8aB0x1279
0x2b92	0x2b8aB0x15de
0x2b92	0x2b8aB0x1a19
0x2b92	0x2b8aB0x1df4
0x2ba3	0x2b9dB0xbd4
0x2ba3	0x2b9dB0xf14
0x2ba3	0x2b9dB0x1279
0x2ba3	0x2b9dB0x15de
0x2ba3	0x2b9dB0x1a19
0x2ba3	0x2b9dB0x1df4
0x2bcb	0x2bc6B0xbd4
0x2bcb	0x2bc6B0xf14
0x2bcb	0x2bc6B0x1279
0x2bcb	0x2bc6B0x15de
0x2bcb	0x2bc6B0x1a19
0x2bcb	0x2bc6B0x1df4
0x2be9	0x2be2B0xbd4
0x2be9	0x2be2B0xf14
0x2be9	0x2be2B0x1279
0x2be9	0x2be2B0x15de
0x2be9	0x2be2B0x1a19
0x2be9	0x2be2B0x1df4
0x2c06	0x2bfeB0xbd4
0x2c06	0x2bfeB0xf14
0x2c06	0x2bfeB0x1279
0x2c06	0x2bfeB0x15de
0x2c06	0x2bfeB0x1a19
0x2c06	0x2bfeB0x1df4
0x2c15	0x2c07B0xbd4
0x2c15	0x2c07B0xf14
0x2c15	0x2c07B0x1279
0x2c15	0x2c07B0x15de
0x2c15	0x2c07B0x1a19
0x2c15	0x2c07B0x1df4
0x2c49	0x2c22B0x2e82B0xda8
0x2c49	0x2c22B0x2e0cB0xd69
0x2c49	0x2c22B0x2cd6B0xbe7
0x2c49	0x2c22B0x2d73B0xcab
0x2c60	0x2c56B0x2e82B0xda8
0x2c60	0x2c56B0x2e0cB0xd69
0x2c60	0x2c56B0x2cd6B0xbe7
0x2c60	0x2c56B0x2d73B0xcab
0x2c75	0x2c6cB0x2cedB0xbe7
0x2c75	0x2c6cB0x2d09B0xc64
0x2c75	0x2c6cB0x2f8aB0xf27
0x2c75	0x2c6cB0x2d09B0xff2
0x2c75	0x2c6cB0x3142B0x128c
0x2c75	0x2c6cB0x2d09B0x1357
0x2c75	0x2c6cB0x3320B0x15f1
0x2c75	0x2c6cB0x2d09B0x16bc
0x2c75	0x2c6cB0x35c6B0x1a2c
0x2c75	0x2c6cB0x2d09B0x1afb
0x2c75	0x2c6cB0x385eB0x1e07
0x2c75	0x2c6cB0x2d09B0x1ed4
0x2c92	0x2c81B0x2cedB0xbe7
0x2c92	0x2c81B0x2d09B0xc64
0x2c92	0x2c81B0x2f8aB0xf27
0x2c92	0x2c81B0x2d09B0xff2
0x2c92	0x2c81B0x3142B0x128c
0x2c92	0x2c81B0x2d09B0x1357
0x2c92	0x2c81B0x3320B0x15f1
0x2c92	0x2c81B0x2d09B0x16bc
0x2c92	0x2c81B0x35c6B0x1a2c
0x2c92	0x2c81B0x2d09B0x1afb
0x2c92	0x2c81B0x385eB0x1e07
0x2c92	0x2c81B0x2d09B0x1ed4
0x2c9d	0x2c93B0x2cedB0xbe7
0x2c9d	0x2c93B0x2d09B0xc64
0x2c9d	0x2c93B0x2f8aB0xf27
0x2c9d	0x2c93B0x2d09B0xff2
0x2c9d	0x2c93B0x3142B0x128c
0x2c9d	0x2c93B0x2d09B0x1357
0x2c9d	0x2c93B0x3320B0x15f1
0x2c9d	0x2c93B0x2d09B0x16bc
0x2c9d	0x2c93B0x35c6B0x1a2c
0x2c9d	0x2c93B0x2d09B0x1afb
0x2c9d	0x2c93B0x385eB0x1e07
0x2c9d	0x2c93B0x2d09B0x1ed4
0x2ca7	0x2c9eB0x2cedB0xbe7
0x2ca7	0x2c9eB0x2d09B0xc64
0x2ca7	0x2c9eB0x2f8aB0xf27
0x2ca7	0x2c9eB0x2d09B0xff2
0x2ca7	0x2c9eB0x3142B0x128c
0x2ca7	0x2c9eB0x2d09B0x1357
0x2ca7	0x2c9eB0x3320B0x15f1
0x2ca7	0x2c9eB0x2d09B0x16bc
0x2ca7	0x2c9eB0x35c6B0x1a2c
0x2ca7	0x2c9eB0x2d09B0x1afb
0x2ca7	0x2c9eB0x385eB0x1e07
0x2ca7	0x2c9eB0x2d09B0x1ed4
0x2cc1	0x2cb2B0x2cedB0xbe7
0x2cc1	0x2cb2B0x2d09B0xc64
0x2cc1	0x2cb2B0x2f8aB0xf27
0x2cc1	0x2cb2B0x2d09B0xff2
0x2cc1	0x2cb2B0x3142B0x128c
0x2cc1	0x2cb2B0x2d09B0x1357
0x2cc1	0x2cb2B0x3320B0x15f1
0x2cc1	0x2cb2B0x2d09B0x16bc
0x2cc1	0x2cb2B0x35c6B0x1a2c
0x2cc1	0x2cb2B0x2d09B0x1afb
0x2cc1	0x2cb2B0x385eB0x1e07
0x2cc1	0x2cb2B0x2d09B0x1ed4
0x2d50	0x2d29B0x2d8aB0xcab
0x2d50	0x2d29B0x2fbdB0x1039
0x2d50	0x2d29B0x3175B0x139e
0x2d50	0x2d29B0x3353B0x1703
0x2d50	0x2d29B0x362eB0x1b42
0x2d50	0x2d29B0x38b8B0x1f1b
0x2d67	0x2d5dB0x2d8aB0xcab
0x2d67	0x2d5dB0x2fbdB0x1039
0x2d67	0x2d5dB0x3175B0x139e
0x2d67	0x2d5dB0x3353B0x1703
0x2d67	0x2d5dB0x362eB0x1b42
0x2d67	0x2d5dB0x38b8B0x1f1b
0x2dcb	0x2da4B0xd26
0x2de2	0x2dd8B0xd26
0x2ded	0x2de3B0xd26
0x2e04	0x2deeB0xd26
0x2f50	0x2f29B0x2f73B0xf27
0x2f50	0x2f29B0x2fa6B0x1039
0x2f50	0x2f29B0x303fB0x118c
0x2f67	0x2f5dB0x2f73B0xf27
0x2f67	0x2f5dB0x2fa6B0x1039
0x2f67	0x2f5dB0x303fB0x118c
0x2ffe	0x2fd7B0x1102
0x3015	0x300bB0x1102
0x3020	0x3016B0x1102
0x3037	0x3021B0x1102
0x3108	0x30e1B0x312bB0x128c
0x3108	0x30e1B0x315eB0x139e
0x3108	0x30e1B0x321dB0x14f1
0x311f	0x3115B0x312bB0x128c
0x311f	0x3115B0x315eB0x139e
0x311f	0x3115B0x321dB0x14f1
0x31dc	0x318fB0x1467
0x31f3	0x31e9B0x1467
0x31fe	0x31f4B0x1467
0x3215	0x31ffB0x1467
0x32e6	0x32bfB0x3309B0x15f1
0x32e6	0x32bfB0x333cB0x1703
0x32e6	0x32bfB0x33fbB0x1856
0x32fd	0x32f3B0x3309B0x15f1
0x32fd	0x32f3B0x333cB0x1703
0x32fd	0x32f3B0x33fbB0x1856
0x33ba	0x336dB0x17cc
0x33d1	0x33c7B0x17cc
0x33dc	0x33d2B0x17cc
0x33f3	0x33ddB0x17cc
0x358c	0x3565B0x35afB0x1a2c
0x358c	0x3565B0x3617B0x1b42
0x358c	0x3565B0x36e5B0x1c9d
0x35a3	0x3599B0x35afB0x1a2c
0x35a3	0x3599B0x3617B0x1b42
0x35a3	0x3599B0x36e5B0x1c9d
0x366f	0x3648B0x1c0f
0x3686	0x367cB0x1c0f
0x3691	0x3687B0x1c0f
0x36a8	0x3692B0x1c0f
0x3824	0x37fdB0x3847B0x1e07
0x3824	0x37fdB0x38a1B0x1f1b
0x3824	0x37fdB0x3960B0x2073
0x383b	0x3831B0x3847B0x1e07
0x383b	0x3831B0x38a1B0x1f1b
0x383b	0x3831B0x3960B0x2073
0x391f	0x38d2B0x1fe6
0x3936	0x392cB0x1fe6
0x3941	0x3937B0x1fe6
0x3958	0x3942B0x1fe6
0x2245	0x223fB0x24a9B0x24d2B0x47b
0x2245	0x223fB0x24a9B0x24d2B0x5b4
0x2245	0x223fB0x24a9B0x24d2B0x642
0x2245	0x223fB0x24a9B0x24d2B0x18ec
0x2245	0x223fB0x24a9B0x24d2B0x19de
0x2245	0x223fB0x224cB0x22bdB0x1d4
0x2245	0x223fB0x224cB0x22ceB0x1d4
0x227d	0x2277B0x2284B0x22dfB0x1d4
0x227d	0x2277B0x2284B0x23e9B0x23a
0x233e	0x2338B0x246aB0x2493B0x3ed
0x233e	0x2338B0x246aB0x2493B0x6e2
0x233e	0x2338B0x246aB0x2493B0xb99
0x233e	0x2338B0x246aB0x2493B0x1db9
0x233e	0x2338B0x2345B0x2376B0x23a
0x233e	0x2338B0x2345B0x2383B0x23a
0x233e	0x2338B0x2345B0x2394B0x23a
0x233e	0x2338B0x2345B0x23a5B0x23a
0x2b81	0x2b6bB0xbd4
0x2b81	0x2b6bB0xf14
0x2b81	0x2b6bB0x1279
0x2b81	0x2b6bB0x15de
0x2b81	0x2b6bB0x1a19
0x2b81	0x2b6bB0x1df4
0x2b9c	0x2b93B0xbd4
0x2b9c	0x2b93B0xf14
0x2b9c	0x2b93B0x1279
0x2b9c	0x2b93B0x15de
0x2b9c	0x2b93B0x1a19
0x2b9c	0x2b93B0x1df4
0x2bc5	0x2ba4B0xbd4
0x2bc5	0x2ba4B0xf14
0x2bc5	0x2ba4B0x1279
0x2bc5	0x2ba4B0x15de
0x2bc5	0x2ba4B0x1a19
0x2bc5	0x2ba4B0x1df4
0x2be1	0x2bccB0xbd4
0x2be1	0x2bccB0xf14
0x2be1	0x2bccB0x1279
0x2be1	0x2bccB0x15de
0x2be1	0x2bccB0x1a19
0x2be1	0x2bccB0x1df4
0x2bfd	0x2beaB0xbd4
0x2bfd	0x2beaB0xf14
0x2bfd	0x2beaB0x1279
0x2bfd	0x2beaB0x15de
0x2bfd	0x2beaB0x1a19
0x2bfd	0x2beaB0x1df4
0x2c80	0x2c78B0x2cedB0xbe7
0x2c80	0x2c78B0x2d09B0xc64
0x2c80	0x2c78B0x2f8aB0xf27
0x2c80	0x2c78B0x2d09B0xff2
0x2c80	0x2c78B0x3142B0x128c
0x2c80	0x2c78B0x2d09B0x1357
0x2c80	0x2c78B0x3320B0x15f1
0x2c80	0x2c78B0x2d09B0x16bc
0x2c80	0x2c78B0x35c6B0x1a2c
0x2c80	0x2c78B0x2d09B0x1afb
0x2c80	0x2c78B0x385eB0x1e07
0x2c80	0x2c78B0x2d09B0x1ed4
0x2159	0x2153B0x215aB0x2169B0x149
0x2159	0x2153B0x215aB0x2169B0x173
0x2159	0x2153B0x215aB0x2443B0x381
0x2159	0x2153B0x215aB0x2169B0x219
0x2159	0x2153B0x215aB0x2757B0x872
0x2159	0x2153B0x215aB0x276aB0x872
0x2159	0x2153B0x215aB0x2777B0x872
0x2159	0x2153B0x215aB0x2169B0x411
0x2159	0x2153B0x215aB0x2169B0x5d8
0x2159	0x2153B0x215aB0x2677B0x675
0x2159	0x2153B0x215aB0x27edB0x8bc
0x2159	0x2153B0x215aB0x2863B0x8f3
0x2159	0x2153B0x215aB0x28d9B0x92a
0x2159	0x2153B0x215aB0x294fB0x961
0x2159	0x2153B0x215aB0x2169B0xb35
0x2159	0x2153B0x215aB0x2169B0xe22
0x2159	0x2153B0x215aB0x2169B0x1897
0x2159	0x2153B0x215aB0x3522B0x197f
0x2159	0x2153B0x215aB0x2443B0x1d4a
0x2159	0x2153B0x2203B0x2219B0x22b0B0x1d4
0x2159	0x2153B0x2203B0x2219B0x23b6B0x23a
0x2159	0x2153B0x2203B0x2219B0x23c7B0x23a
0x2159	0x2153B0x2203B0x2219B0x23d8B0x23a
0x2159	0x2153B0x24e8B0x2539B0x25c4B0x49f
0x2159	0x2153B0x24e8B0x255fB0x25c4B0x49f
0x2159	0x2153B0x24e8B0x2524B0x25c4B0x49f
0x21ab	0x21a5B0x21acB0x21bdB0x21ceB0x19d
0x21ab	0x21a5B0x21acB0x240aB0x241bB0x26b
0x224b	0x2249B0x24a9B0x24d2B0x47b
0x224b	0x2249B0x24a9B0x24d2B0x5b4
0x224b	0x2249B0x24a9B0x24d2B0x642
0x224b	0x2249B0x24a9B0x24d2B0x18ec
0x224b	0x2249B0x24a9B0x24d2B0x19de
0x224b	0x2249B0x224cB0x22bdB0x1d4
0x224b	0x2249B0x224cB0x22ceB0x1d4
0x2283	0x2281B0x2284B0x22dfB0x1d4
0x2283	0x2281B0x2284B0x23e9B0x23a
0x230a	0x2305B0x230bB0x1ef
0x230a	0x2305B0x230bB0x706
0x230a	0x2305B0x2ae5B0xb04
0x230a	0x2305B0x3488B0x1910
0x230a	0x2305B0x36b0B0x1c52
0x230a	0x2305B0x36c3B0x1c52
0x230a	0x2305B0x3772B0x1cd5
0x230a	0x2305B0x387aB0x2029
0x230a	0x2305B0x387aB0x1e36
0x230a	0x2305B0x387aB0x1f48
0x230a	0x2305B0x2456B0x381
0x230a	0x2305B0x3535B0x197f
0x230a	0x2305B0x3542B0x197f
0x230a	0x2305B0x35e2B0x1a5b
0x230a	0x2305B0x35e2B0x1b6f
0x230a	0x2305B0x2456B0x1d4a
0x2344	0x2342B0x246aB0x2493B0x3ed
0x2344	0x2342B0x246aB0x2493B0x6e2
0x2344	0x2342B0x246aB0x2493B0xb99
0x2344	0x2342B0x246aB0x2493B0x1db9
0x2344	0x2342B0x2345B0x2376B0x23a
0x2344	0x2342B0x2345B0x2383B0x23a
0x2344	0x2342B0x2345B0x2394B0x23a
0x2344	0x2342B0x2345B0x23a5B0x23a
0x2514	0x250fB0x2572B0x25c4B0x49f
0x2514	0x250fB0x2585B0x25c4B0x49f
0x2514	0x250fB0x2598B0x25c4B0x49f
0x2667	0x2661B0x2668B0x268aB0x675
0x2667	0x2661B0x2668B0x35f5B0x1a5b
0x2667	0x2661B0x2668B0x35f5B0x1b6f
0x26de	0x26d5B0x78e
0x2756	0x2750B0x80f
0x2a28	0x2a22B0xa41
0x2a37	0x2a32B0x2f14B0xe6f
0x2a37	0x2a32B0x30ccB0x11d4
0x2a37	0x2a32B0x32aaB0x1539
0x2a37	0x2a32B0x34feB0x1950
0x2a37	0x2a32B0x2a38B0xa6d
0x2a37	0x2a32B0x2e23B0xd69
0x2a37	0x2a32B0x2a38B0xc16
0x2a37	0x2a32B0x2a38B0xcd8
0x2a37	0x2a32B0x2a38B0xdd4
0x2a37	0x2a32B0x2a38B0x1145
0x2a37	0x2a32B0x2a38B0xf56
0x2a37	0x2a32B0x2a38B0xfa4
0x2a37	0x2a32B0x2a38B0x1066
0x2a37	0x2a32B0x2a38B0x10b4
0x2a37	0x2a32B0x3056B0x118c
0x2a37	0x2a32B0x2a38B0x14aa
0x2a37	0x2a32B0x2a38B0x12bb
0x2a37	0x2a32B0x2a38B0x1309
0x2a37	0x2a32B0x2a38B0x13cb
0x2a37	0x2a32B0x2a38B0x1419
0x2a37	0x2a32B0x3234B0x14f1
0x2a37	0x2a32B0x2a38B0x180f
0x2a37	0x2a32B0x2a38B0x1620
0x2a37	0x2a32B0x2a38B0x166e
0x2a37	0x2a32B0x2a38B0x1730
0x2a37	0x2a32B0x2a38B0x177e
0x2a37	0x2a32B0x3412B0x1856
0x2a37	0x2a32B0x37e8B0x1d1a
0x2a37	0x2a32B0x36d0B0x1c52
0x2a37	0x2a32B0x2a38B0x1aad
0x2a37	0x2a32B0x2a38B0x1bc1
0x2a37	0x2a32B0x36fcB0x1c9d
0x2a37	0x2a32B0x2a38B0x20b4
0x2a37	0x2a32B0x388dB0x2029
0x2a37	0x2a32B0x388dB0x1e36
0x2a37	0x2a32B0x2a38B0x1e86
0x2a37	0x2a32B0x388dB0x1f48
0x2a37	0x2a32B0x2a38B0x1f98
0x2a37	0x2a32B0x3977B0x2073
0x2a37	0x2a32B0x3602B0x1a5b
0x2a37	0x2a32B0x3602B0x1b6f
0x2c21	0x2c1fB0xbd4
0x2c21	0x2c1fB0xf14
0x2c21	0x2c1fB0x1279
0x2c21	0x2c1fB0x15de
0x2c21	0x2c1fB0x1a19
0x2c21	0x2c1fB0x1df4
0x2c6b	0x2c61B0x2e82B0xda8
0x2c6b	0x2c61B0x2e0cB0xd69
0x2c6b	0x2c61B0x2cd6B0xbe7
0x2c6b	0x2c61B0x2d73B0xcab
0x2cd5	0x2ccbB0x2cedB0xbe7
0x2cd5	0x2ccbB0x2d09B0xc64
0x2cd5	0x2ccbB0x2f8aB0xf27
0x2cd5	0x2ccbB0x2d09B0xff2
0x2cd5	0x2ccbB0x3142B0x128c
0x2cd5	0x2ccbB0x2d09B0x1357
0x2cd5	0x2ccbB0x3320B0x15f1
0x2cd5	0x2ccbB0x2d09B0x16bc
0x2cd5	0x2ccbB0x35c6B0x1a2c
0x2cd5	0x2ccbB0x2d09B0x1afb
0x2cd5	0x2ccbB0x385eB0x1e07
0x2cd5	0x2ccbB0x2d09B0x1ed4
0x2d72	0x2d68B0x2d8aB0xcab
0x2d72	0x2d68B0x2fbdB0x1039
0x2d72	0x2d68B0x3175B0x139e
0x2d72	0x2d68B0x3353B0x1703
0x2d72	0x2d68B0x362eB0x1b42
0x2d72	0x2d68B0x38b8B0x1f1b
0x2e0b	0x2e05B0xd26
0x2f72	0x2f68B0x2f73B0xf27
0x2f72	0x2f68B0x2fa6B0x1039
0x2f72	0x2f68B0x303fB0x118c
0x303e	0x3038B0x1102
0x312a	0x3120B0x312bB0x128c
0x312a	0x3120B0x315eB0x139e
0x312a	0x3120B0x321dB0x14f1
0x321c	0x3216B0x1467
0x3308	0x32feB0x3309B0x15f1
0x3308	0x32feB0x333cB0x1703
0x3308	0x32feB0x33fbB0x1856
0x33fa	0x33f4B0x17cc
0x35ae	0x35a4B0x35afB0x1a2c
0x35ae	0x35a4B0x3617B0x1b42
0x35ae	0x35a4B0x36e5B0x1c9d
0x36af	0x36a9B0x1c0f
0x3846	0x383cB0x3847B0x1e07
0x3846	0x383cB0x38a1B0x1f1b
0x3846	0x383cB0x3960B0x2073
0x395f	0x3959B0x1fe6
0xe94e	0xe94cB0xbd4
0xe94e	0xe94cB0xf14
0xe94e	0xe94cB0x1279
0xe94e	0xe94cB0x15de
0xe94e	0xe94cB0x1a19
0xe94e	0xe94cB0x1df4
0xe970	0xe96eB0xbd4
0xe970	0xe96eB0xf14
0xe970	0xe96eB0x1279
0xe970	0xe96eB0x15de
0xe970	0xe96eB0x1a19
0xe970	0xe96eB0x1df4
0xe992	0xe990B0xbd4
0xe992	0xe990B0xf14
0xe992	0xe990B0x1279
0xe992	0xe990B0x15de
0xe992	0xe990B0x1a19
0xe992	0xe990B0x1df4
0xe9b4	0xe9b2B0xbd4
0xe9b4	0xe9b2B0xf14
0xe9b4	0xe9b2B0x1279
0xe9b4	0xe9b2B0x15de
0xe9b4	0xe9b2B0x1a19
0xe9b4	0xe9b2B0x1df4
0x2248	0x2246B0x24a9B0x24d2B0x47b
0x2248	0x2246B0x24a9B0x24d2B0x5b4
0x2248	0x2246B0x24a9B0x24d2B0x642
0x2248	0x2246B0x24a9B0x24d2B0x18ec
0x2248	0x2246B0x24a9B0x24d2B0x19de
0x2248	0x2246B0x224cB0x22bdB0x1d4
0x2248	0x2246B0x224cB0x22ceB0x1d4
0x2280	0x227eB0x2284B0x22dfB0x1d4
0x2280	0x227eB0x2284B0x23e9B0x23a
0x2341	0x233fB0x246aB0x2493B0x3ed
0x2341	0x233fB0x246aB0x2493B0x6e2
0x2341	0x233fB0x246aB0x2493B0xb99
0x2341	0x233fB0x246aB0x2493B0x1db9
0x2341	0x233fB0x2345B0x2376B0x23a
0x2341	0x233fB0x2345B0x2383B0x23a
0x2341	0x233fB0x2345B0x2394B0x23a
0x2341	0x233fB0x2345B0x23a5B0x23a
0x2b61	0x2b35B0xbd4
0x2b61	0x2b35B0xf14
0x2b61	0x2b35B0x1279
0x2b61	0x2b35B0x15de
0x2b61	0x2b35B0x1a19
0x2b61	0x2b35B0x1df4
0x2307	0x2305B0x230bB0x1ef
0x2307	0x2305B0x230bB0x706
0x2307	0x2305B0x2ae5B0xb04
0x2307	0x2305B0x3488B0x1910
0x2307	0x2305B0x36b0B0x1c52
0x2307	0x2305B0x36c3B0x1c52
0x2307	0x2305B0x3772B0x1cd5
0x2307	0x2305B0x387aB0x2029
0x2307	0x2305B0x387aB0x1e36
0x2307	0x2305B0x387aB0x1f48
0x2307	0x2305B0x2456B0x381
0x2307	0x2305B0x3535B0x197f
0x2307	0x2305B0x3542B0x197f
0x2307	0x2305B0x35e2B0x1a5b
0x2307	0x2305B0x35e2B0x1b6f
0x2307	0x2305B0x2456B0x1d4a
0x2511	0x250fB0x2572B0x25c4B0x49f
0x2511	0x250fB0x2585B0x25c4B0x49f
0x2511	0x250fB0x2598B0x25c4B0x49f
0x2714	0x26efB0x80f
0x2747	0x2739B0x80f
0x2989	0x2964B0xa41
0x29d3	0x29aeB0xa41
0x2a06	0x29f8B0xa41
0x2a19	0x2a0fB0xa41
0x2a34	0x2a32B0x2f14B0xe6f
0x2a34	0x2a32B0x30ccB0x11d4
0x2a34	0x2a32B0x32aaB0x1539
0x2a34	0x2a32B0x34feB0x1950
0x2a34	0x2a32B0x2a38B0xa6d
0x2a34	0x2a32B0x2e23B0xd69
0x2a34	0x2a32B0x2a38B0xc16
0x2a34	0x2a32B0x2a38B0xcd8
0x2a34	0x2a32B0x2a38B0xdd4
0x2a34	0x2a32B0x2a38B0x1145
0x2a34	0x2a32B0x2a38B0xf56
0x2a34	0x2a32B0x2a38B0xfa4
0x2a34	0x2a32B0x2a38B0x1066
0x2a34	0x2a32B0x2a38B0x10b4
0x2a34	0x2a32B0x3056B0x118c
0x2a34	0x2a32B0x2a38B0x14aa
0x2a34	0x2a32B0x2a38B0x12bb
0x2a34	0x2a32B0x2a38B0x1309
0x2a34	0x2a32B0x2a38B0x13cb
0x2a34	0x2a32B0x2a38B0x1419
0x2a34	0x2a32B0x3234B0x14f1
0x2a34	0x2a32B0x2a38B0x180f
0x2a34	0x2a32B0x2a38B0x1620
0x2a34	0x2a32B0x2a38B0x166e
0x2a34	0x2a32B0x2a38B0x1730
0x2a34	0x2a32B0x2a38B0x177e
0x2a34	0x2a32B0x3412B0x1856
0x2a34	0x2a32B0x37e8B0x1d1a
0x2a34	0x2a32B0x36d0B0x1c52
0x2a34	0x2a32B0x2a38B0x1aad
0x2a34	0x2a32B0x2a38B0x1bc1
0x2a34	0x2a32B0x36fcB0x1c9d
0x2a34	0x2a32B0x2a38B0x20b4
0x2a34	0x2a32B0x388dB0x2029
0x2a34	0x2a32B0x388dB0x1e36
0x2a34	0x2a32B0x2a38B0x1e86
0x2a34	0x2a32B0x388dB0x1f48
0x2a34	0x2a32B0x2a38B0x1f98
0x2a34	0x2a32B0x3977B0x2073
0x2a34	0x2a32B0x3602B0x1a5b
0x2a34	0x2a32B0x3602B0x1b6f
0x2b58	0x2b35B0xbd4
0x2b58	0x2b35B0xf14
0x2b58	0x2b35B0x1279
0x2b58	0x2b35B0x15de
0x2b58	0x2b35B0x1a19
0x2b58	0x2b35B0x1df4
0x2b5d	0x2b35B0xbd4
0x2b5d	0x2b35B0xf14
0x2b5d	0x2b35B0x1279
0x2b5d	0x2b35B0x15de
0x2b5d	0x2b35B0x1a19
0x2b5d	0x2b35B0x1df4
0x2b8e	0x2b8aB0xbd4
0x2b8e	0x2b8aB0xf14
0x2b8e	0x2b8aB0x1279
0x2b8e	0x2b8aB0x15de
0x2b8e	0x2b8aB0x1a19
0x2b8e	0x2b8aB0x1df4
0x2c47	0x2c22B0x2e82B0xda8
0x2c47	0x2c22B0x2e0cB0xd69
0x2c47	0x2c22B0x2cd6B0xbe7
0x2c47	0x2c22B0x2d73B0xcab
0x2c88	0x2c81B0x2cedB0xbe7
0x2c88	0x2c81B0x2d09B0xc64
0x2c88	0x2c81B0x2f8aB0xf27
0x2c88	0x2c81B0x2d09B0xff2
0x2c88	0x2c81B0x3142B0x128c
0x2c88	0x2c81B0x2d09B0x1357
0x2c88	0x2c81B0x3320B0x15f1
0x2c88	0x2c81B0x2d09B0x16bc
0x2c88	0x2c81B0x35c6B0x1a2c
0x2c88	0x2c81B0x2d09B0x1afb
0x2c88	0x2c81B0x385eB0x1e07
0x2c88	0x2c81B0x2d09B0x1ed4
0x2c98	0x2c93B0x2cedB0xbe7
0x2c98	0x2c93B0x2d09B0xc64
0x2c98	0x2c93B0x2f8aB0xf27
0x2c98	0x2c93B0x2d09B0xff2
0x2c98	0x2c93B0x3142B0x128c
0x2c98	0x2c93B0x2d09B0x1357
0x2c98	0x2c93B0x3320B0x15f1
0x2c98	0x2c93B0x2d09B0x16bc
0x2c98	0x2c93B0x35c6B0x1a2c
0x2c98	0x2c93B0x2d09B0x1afb
0x2c98	0x2c93B0x385eB0x1e07
0x2c98	0x2c93B0x2d09B0x1ed4
0x2d4e	0x2d29B0x2d8aB0xcab
0x2d4e	0x2d29B0x2fbdB0x1039
0x2d4e	0x2d29B0x3175B0x139e
0x2d4e	0x2d29B0x3353B0x1703
0x2d4e	0x2d29B0x362eB0x1b42
0x2d4e	0x2d29B0x38b8B0x1f1b
0x2dc9	0x2da4B0xd26
0x2dfc	0x2deeB0xd26
0x2f4e	0x2f29B0x2f73B0xf27
0x2f4e	0x2f29B0x2fa6B0x1039
0x2f4e	0x2f29B0x303fB0x118c
0x2ffc	0x2fd7B0x1102
0x302f	0x3021B0x1102
0x3106	0x30e1B0x312bB0x128c
0x3106	0x30e1B0x315eB0x139e
0x3106	0x30e1B0x321dB0x14f1
0x31b4	0x318fB0x1467
0x31da	0x318fB0x1467
0x320d	0x31ffB0x1467
0x32e4	0x32bfB0x3309B0x15f1
0x32e4	0x32bfB0x333cB0x1703
0x32e4	0x32bfB0x33fbB0x1856
0x3392	0x336dB0x17cc
0x33b8	0x336dB0x17cc
0x33eb	0x33ddB0x17cc
0x358a	0x3565B0x35afB0x1a2c
0x358a	0x3565B0x3617B0x1b42
0x358a	0x3565B0x36e5B0x1c9d
0x366d	0x3648B0x1c0f
0x36a0	0x3692B0x1c0f
0x3822	0x37fdB0x3847B0x1e07
0x3822	0x37fdB0x38a1B0x1f1b
0x3822	0x37fdB0x3960B0x2073
0x38f7	0x38d2B0x1fe6
0x391d	0x38d2B0x1fe6
0x3950	0x3942B0x1fe6
0x2bac	0x2ba4B0xbd4
0x2bac	0x2ba4B0xf14
0x2bac	0x2ba4B0x1279
0x2bac	0x2ba4B0x15de
0x2bac	0x2ba4B0x1a19
0x2bac	0x2ba4B0x1df4
0x2bc6	0x2bc6B0xbd4
0x2bc6	0x2bc6B0xf14
0x2bc6	0x2bc6B0x1279
0x2bc6	0x2bc6B0x15de
0x2bc6	0x2bc6B0x1a19
0x2bc6	0x2bc6B0x1df4
0x2be2	0x2be2B0xbd4
0x2be2	0x2be2B0xf14
0x2be2	0x2be2B0x1279
0x2be2	0x2be2B0x15de
0x2be2	0x2be2B0x1a19
0x2be2	0x2be2B0x1df4
0x2bfe	0x2bfeB0xbd4
0x2bfe	0x2bfeB0xf14
0x2bfe	0x2bfeB0x1279
0x2bfe	0x2bfeB0x15de
0x2bfe	0x2bfeB0x1a19
0x2bfe	0x2bfeB0x1df4
0x2c81	0x2c81B0x2cedB0xbe7
0x2c81	0x2c81B0x2d09B0xc64
0x2c81	0x2c81B0x2f8aB0xf27
0x2c81	0x2c81B0x2d09B0xff2
0x2c81	0x2c81B0x3142B0x128c
0x2c81	0x2c81B0x2d09B0x1357
0x2c81	0x2c81B0x3320B0x15f1
0x2c81	0x2c81B0x2d09B0x16bc
0x2c81	0x2c81B0x35c6B0x1a2c
0x2c81	0x2c81B0x2d09B0x1afb
0x2c81	0x2c81B0x385eB0x1e07
0x2c81	0x2c81B0x2d09B0x1ed4
0x2c1f	0x2c1fB0xbd4
0x2c1f	0x2c1fB0xf14
0x2c1f	0x2c1fB0x1279
0x2c1f	0x2c1fB0x15de
0x2c1f	0x2c1fB0x1a19
0x2c1f	0x2c1fB0x1df4
0x2ca	0x2c9B0x1be
0x2cb	0x2c9B0x1be
0x2ce	0x2c9B0x1be
0x2d7	0x2c9B0x1be
0x2d8	0x2c9B0x1be
0x2d9	0x2c9B0x1be
0x2dd	0x2ddB0x1be
0x2f2	0x2ddB0x1be
0x307	0x2ddB0x1be
0x308	0x2ddB0x1be
0x30e	0x2ddB0x1be
0x30f	0x2ddB0x1be
0x311	0x2ddB0x1be
0x313	0x2ddB0x1be
0x314	0x2ddB0x1be
0x315	0x2ddB0x1be
0x317	0x2ddB0x1be
0x31a	0x2ddB0x1be
0x31f	0x2ddB0x1be
0x325	0x2ddB0x1be
0x327	0x2ddB0x1be
0x328	0x2ddB0x1be
0x32c	0x32cB0x1be
0x32d	0x32cB0x1be
0x330	0x32cB0x1be
0x331	0x32cB0x1be
0x335	0x333B0x1be
0x33a	0x339B0x1be
0x33b	0x339B0x1be
0x350	0x339B0x1be
0x351	0x339B0x1be
0x357	0x339B0x1be
0x358	0x339B0x1be
0x35a	0x339B0x1be
0x35c	0x339B0x1be
0x35d	0x339B0x1be
0x35e	0x339B0x1be
0x360	0x339B0x1be
0x363	0x339B0x1be
0x368	0x339B0x1be
0x36e	0x339B0x1be
0x370	0x339B0x1be
0x371	0x339B0x1be
0x375	0x375B0x1be
0x376	0x375B0x1be
0x379	0x375B0x1be
0x37a	0x375B0x1be
0x212b	0x212aB0x2149B0x215aB0x2169B0x149
0x212b	0x212aB0x2149B0x215aB0x2169B0x173
0x212b	0x212aB0x2149B0x215aB0x2443B0x381
0x212b	0x212aB0x2149B0x215aB0x2169B0x219
0x212b	0x212aB0x2149B0x215aB0x2757B0x872
0x212b	0x212aB0x2149B0x215aB0x276aB0x872
0x212b	0x212aB0x2149B0x215aB0x2777B0x872
0x212b	0x212aB0x2149B0x215aB0x2169B0x411
0x212b	0x212aB0x2149B0x215aB0x2169B0x5d8
0x212b	0x212aB0x2149B0x215aB0x2677B0x675
0x212b	0x212aB0x2149B0x215aB0x27edB0x8bc
0x212b	0x212aB0x2149B0x215aB0x2863B0x8f3
0x212b	0x212aB0x2149B0x215aB0x28d9B0x92a
0x212b	0x212aB0x2149B0x215aB0x294fB0x961
0x212b	0x212aB0x2149B0x215aB0x2169B0xb35
0x212b	0x212aB0x2149B0x215aB0x2169B0xe22
0x212b	0x212aB0x2149B0x215aB0x2169B0x1897
0x212b	0x212aB0x2149B0x215aB0x3522B0x197f
0x212b	0x212aB0x2149B0x215aB0x2443B0x1d4a
0x212b	0x212aB0x21a0B0x21acB0x21bdB0x21ceB0x19d
0x212b	0x212aB0x218bB0x21acB0x21bdB0x21ceB0x19d
0x212b	0x212aB0x2149B0x2203B0x2219B0x22b0B0x1d4
0x212b	0x212aB0x2149B0x2203B0x2219B0x23b6B0x23a
0x212b	0x212aB0x2149B0x2203B0x2219B0x23c7B0x23a
0x212b	0x212aB0x2149B0x2203B0x2219B0x23d8B0x23a
0x212b	0x212aB0x21a0B0x21acB0x240aB0x241bB0x26b
0x212b	0x212aB0x218bB0x21acB0x240aB0x241bB0x26b
0x212b	0x212aB0x2515B0x25c4B0x49f
0x212b	0x212aB0x2149B0x24e8B0x2539B0x25c4B0x49f
0x212b	0x212aB0x2149B0x24e8B0x255fB0x25c4B0x49f
0x212b	0x212aB0x2149B0x24e8B0x2524B0x25c4B0x49f
0x212c	0x212aB0x2149B0x215aB0x2169B0x149
0x212c	0x212aB0x2149B0x215aB0x2169B0x173
0x212c	0x212aB0x2149B0x215aB0x2443B0x381
0x212c	0x212aB0x2149B0x215aB0x2169B0x219
0x212c	0x212aB0x2149B0x215aB0x2757B0x872
0x212c	0x212aB0x2149B0x215aB0x276aB0x872
0x212c	0x212aB0x2149B0x215aB0x2777B0x872
0x212c	0x212aB0x2149B0x215aB0x2169B0x411
0x212c	0x212aB0x2149B0x215aB0x2169B0x5d8
0x212c	0x212aB0x2149B0x215aB0x2677B0x675
0x212c	0x212aB0x2149B0x215aB0x27edB0x8bc
0x212c	0x212aB0x2149B0x215aB0x2863B0x8f3
0x212c	0x212aB0x2149B0x215aB0x28d9B0x92a
0x212c	0x212aB0x2149B0x215aB0x294fB0x961
0x212c	0x212aB0x2149B0x215aB0x2169B0xb35
0x212c	0x212aB0x2149B0x215aB0x2169B0xe22
0x212c	0x212aB0x2149B0x215aB0x2169B0x1897
0x212c	0x212aB0x2149B0x215aB0x3522B0x197f
0x212c	0x212aB0x2149B0x215aB0x2443B0x1d4a
0x212c	0x212aB0x21a0B0x21acB0x21bdB0x21ceB0x19d
0x212c	0x212aB0x218bB0x21acB0x21bdB0x21ceB0x19d
0x212c	0x212aB0x2149B0x2203B0x2219B0x22b0B0x1d4
0x212c	0x212aB0x2149B0x2203B0x2219B0x23b6B0x23a
0x212c	0x212aB0x2149B0x2203B0x2219B0x23c7B0x23a
0x212c	0x212aB0x2149B0x2203B0x2219B0x23d8B0x23a
0x212c	0x212aB0x21a0B0x21acB0x240aB0x241bB0x26b
0x212c	0x212aB0x218bB0x21acB0x240aB0x241bB0x26b
0x212c	0x212aB0x2515B0x25c4B0x49f
0x212c	0x212aB0x2149B0x24e8B0x2539B0x25c4B0x49f
0x212c	0x212aB0x2149B0x24e8B0x255fB0x25c4B0x49f
0x212c	0x212aB0x2149B0x24e8B0x2524B0x25c4B0x49f
0x2142	0x212aB0x2149B0x215aB0x2169B0x149
0x2142	0x212aB0x2149B0x215aB0x2169B0x173
0x2142	0x212aB0x2149B0x215aB0x2443B0x381
0x2142	0x212aB0x2149B0x215aB0x2169B0x219
0x2142	0x212aB0x2149B0x215aB0x2757B0x872
0x2142	0x212aB0x2149B0x215aB0x276aB0x872
0x2142	0x212aB0x2149B0x215aB0x2777B0x872
0x2142	0x212aB0x2149B0x215aB0x2169B0x411
0x2142	0x212aB0x2149B0x215aB0x2169B0x5d8
0x2142	0x212aB0x2149B0x215aB0x2677B0x675
0x2142	0x212aB0x2149B0x215aB0x27edB0x8bc
0x2142	0x212aB0x2149B0x215aB0x2863B0x8f3
0x2142	0x212aB0x2149B0x215aB0x28d9B0x92a
0x2142	0x212aB0x2149B0x215aB0x294fB0x961
0x2142	0x212aB0x2149B0x215aB0x2169B0xb35
0x2142	0x212aB0x2149B0x215aB0x2169B0xe22
0x2142	0x212aB0x2149B0x215aB0x2169B0x1897
0x2142	0x212aB0x2149B0x215aB0x3522B0x197f
0x2142	0x212aB0x2149B0x215aB0x2443B0x1d4a
0x2142	0x212aB0x21a0B0x21acB0x21bdB0x21ceB0x19d
0x2142	0x212aB0x218bB0x21acB0x21bdB0x21ceB0x19d
0x2142	0x212aB0x2149B0x2203B0x2219B0x22b0B0x1d4
0x2142	0x212aB0x2149B0x2203B0x2219B0x23b6B0x23a
0x2142	0x212aB0x2149B0x2203B0x2219B0x23c7B0x23a
0x2142	0x212aB0x2149B0x2203B0x2219B0x23d8B0x23a
0x2142	0x212aB0x21a0B0x21acB0x240aB0x241bB0x26b
0x2142	0x212aB0x218bB0x21acB0x240aB0x241bB0x26b
0x2142	0x212aB0x2515B0x25c4B0x49f
0x2142	0x212aB0x2149B0x24e8B0x2539B0x25c4B0x49f
0x2142	0x212aB0x2149B0x24e8B0x255fB0x25c4B0x49f
0x2142	0x212aB0x2149B0x24e8B0x2524B0x25c4B0x49f
0x2183	0x2182B0x2657B0x2668B0x268aB0x675
0x2183	0x2182B0x2657B0x2668B0x35f5B0x1a5b
0x2183	0x2182B0x2657B0x2668B0x35f5B0x1b6f
0x2183	0x2182B0x219bB0x21acB0x21bdB0x21ceB0x19d
0x2183	0x2182B0x219bB0x21acB0x240aB0x241bB0x26b
0x222e	0x222dB0x22fcB0x230bB0x1ef
0x222e	0x222dB0x2236B0x24a9B0x24d2B0x47b
0x222e	0x222dB0x2236B0x24a9B0x24d2B0x5b4
0x222e	0x222dB0x2236B0x24a9B0x24d2B0x642
0x222e	0x222dB0x22fcB0x230bB0x706
0x222e	0x222dB0x22fcB0x2ae5B0xb04
0x222e	0x222dB0x2236B0x24a9B0x24d2B0x18ec
0x222e	0x222dB0x22fcB0x3488B0x1910
0x222e	0x222dB0x22fcB0x36b0B0x1c52
0x222e	0x222dB0x22fcB0x36c3B0x1c52
0x222e	0x222dB0x22fcB0x3772B0x1cd5
0x222e	0x222dB0x22fcB0x387aB0x2029
0x222e	0x222dB0x22fcB0x387aB0x1e36
0x222e	0x222dB0x22fcB0x387aB0x1f48
0x222e	0x222dB0x2236B0x24a9B0x24d2B0x19de
0x222e	0x222dB0x22fcB0x2456B0x381
0x222e	0x222dB0x265cB0x2668B0x268aB0x675
0x222e	0x222dB0x22fcB0x3535B0x197f
0x222e	0x222dB0x22fcB0x3542B0x197f
0x222e	0x222dB0x22fcB0x35e2B0x1a5b
0x222e	0x222dB0x265cB0x2668B0x35f5B0x1a5b
0x222e	0x222dB0x22fcB0x35e2B0x1b6f
0x222e	0x222dB0x265cB0x2668B0x35f5B0x1b6f
0x222e	0x222dB0x22fcB0x2456B0x1d4a
0x222e	0x222dB0x2236B0x224cB0x22bdB0x1d4
0x222e	0x222dB0x2236B0x224cB0x22ceB0x1d4
0x222e	0x222dB0x2506B0x2572B0x25c4B0x49f
0x222e	0x222dB0x2506B0x2585B0x25c4B0x49f
0x222e	0x222dB0x2506B0x2598B0x25c4B0x49f
0x222e	0x222dB0x260bB0x666
0x222e	0x222dB0x2615B0x666
0x222e	0x222dB0x2a51B0xaf5
0x222e	0x222dB0x2a5bB0xaf5
0x224d	0x224cB0x22bdB0x1d4
0x224d	0x224cB0x22ceB0x1d4
0x224f	0x224cB0x22bdB0x1d4
0x224f	0x224cB0x22ceB0x1d4
0x2252	0x224cB0x22bdB0x1d4
0x2252	0x224cB0x22ceB0x1d4
0x2256	0x224cB0x22bdB0x1d4
0x2256	0x224cB0x22ceB0x1d4
0x2261	0x2260B0x3513B0x197f
0x2261	0x2260B0x226eB0x2284B0x22dfB0x1d4
0x2261	0x2260B0x226eB0x2284B0x23e9B0x23a
0x2261	0x2260B0x24f7B0x25c4B0x49f
0x2262	0x2260B0x3513B0x197f
0x2262	0x2260B0x226eB0x2284B0x22dfB0x1d4
0x2262	0x2260B0x226eB0x2284B0x23e9B0x23a
0x2262	0x2260B0x24f7B0x25c4B0x49f
0x2267	0x2260B0x3513B0x197f
0x2267	0x2260B0x226eB0x2284B0x22dfB0x1d4
0x2267	0x2260B0x226eB0x2284B0x23e9B0x23a
0x2267	0x2260B0x24f7B0x25c4B0x49f
0x2325	0x2324B0x2a29B0x2f14B0xe6f
0x2325	0x2324B0x2a29B0x30ccB0x11d4
0x2325	0x2324B0x2a29B0x32aaB0x1539
0x2325	0x2324B0x2a29B0x34feB0x1950
0x2325	0x2324B0x232fB0x246aB0x2493B0x3ed
0x2325	0x2324B0x232fB0x246aB0x2493B0x6e2
0x2325	0x2324B0x2a29B0x2a38B0xa6d
0x2325	0x2324B0x2a29B0x2e23B0xd69
0x2325	0x2324B0x2a29B0x2a38B0xc16
0x2325	0x2324B0x2a29B0x2a38B0xcd8
0x2325	0x2324B0x2a29B0x2a38B0xdd4
0x2325	0x2324B0x2a29B0x2a38B0x1145
0x2325	0x2324B0x2a29B0x2a38B0xf56
0x2325	0x2324B0x2a29B0x2a38B0xfa4
0x2325	0x2324B0x2a29B0x2a38B0x1066
0x2325	0x2324B0x2a29B0x2a38B0x10b4
0x2325	0x2324B0x2a29B0x3056B0x118c
0x2325	0x2324B0x2a29B0x2a38B0x14aa
0x2325	0x2324B0x2a29B0x2a38B0x12bb
0x2325	0x2324B0x2a29B0x2a38B0x1309
0x2325	0x2324B0x2a29B0x2a38B0x13cb
0x2325	0x2324B0x2a29B0x2a38B0x1419
0x2325	0x2324B0x2a29B0x3234B0x14f1
0x2325	0x2324B0x2a29B0x2a38B0x180f
0x2325	0x2324B0x2a29B0x2a38B0x1620
0x2325	0x2324B0x2a29B0x2a38B0x166e
0x2325	0x2324B0x2a29B0x2a38B0x1730
0x2325	0x2324B0x2a29B0x2a38B0x177e
0x2325	0x2324B0x2a29B0x3412B0x1856
0x2325	0x2324B0x2a29B0x37e8B0x1d1a
0x2325	0x2324B0x2a29B0x36d0B0x1c52
0x2325	0x2324B0x2a29B0x2a38B0x1aad
0x2325	0x2324B0x2a29B0x2a38B0x1bc1
0x2325	0x2324B0x2a29B0x36fcB0x1c9d
0x2325	0x2324B0x2a29B0x2a38B0x20b4
0x2325	0x2324B0x2a29B0x388dB0x2029
0x2325	0x2324B0x2a29B0x388dB0x1e36
0x2325	0x2324B0x2a29B0x2a38B0x1e86
0x2325	0x2324B0x2a29B0x388dB0x1f48
0x2325	0x2324B0x2a29B0x2a38B0x1f98
0x2325	0x2324B0x2a29B0x3977B0x2073
0x2325	0x2324B0x232fB0x246aB0x2493B0xb99
0x2325	0x2324B0x232fB0x246aB0x2493B0x1db9
0x2325	0x2324B0x2a29B0x3602B0x1a5b
0x2325	0x2324B0x2a29B0x3602B0x1b6f
0x2325	0x2324B0x232fB0x2345B0x2376B0x23a
0x2325	0x2324B0x232fB0x2345B0x2383B0x23a
0x2325	0x2324B0x232fB0x2345B0x2394B0x23a
0x2325	0x2324B0x232fB0x2345B0x23a5B0x23a
0x2327	0x2324B0x2a29B0x2f14B0xe6f
0x2327	0x2324B0x2a29B0x30ccB0x11d4
0x2327	0x2324B0x2a29B0x32aaB0x1539
0x2327	0x2324B0x2a29B0x34feB0x1950
0x2327	0x2324B0x232fB0x246aB0x2493B0x3ed
0x2327	0x2324B0x232fB0x246aB0x2493B0x6e2
0x2327	0x2324B0x2a29B0x2a38B0xa6d
0x2327	0x2324B0x2a29B0x2e23B0xd69
0x2327	0x2324B0x2a29B0x2a38B0xc16
0x2327	0x2324B0x2a29B0x2a38B0xcd8
0x2327	0x2324B0x2a29B0x2a38B0xdd4
0x2327	0x2324B0x2a29B0x2a38B0x1145
0x2327	0x2324B0x2a29B0x2a38B0xf56
0x2327	0x2324B0x2a29B0x2a38B0xfa4
0x2327	0x2324B0x2a29B0x2a38B0x1066
0x2327	0x2324B0x2a29B0x2a38B0x10b4
0x2327	0x2324B0x2a29B0x3056B0x118c
0x2327	0x2324B0x2a29B0x2a38B0x14aa
0x2327	0x2324B0x2a29B0x2a38B0x12bb
0x2327	0x2324B0x2a29B0x2a38B0x1309
0x2327	0x2324B0x2a29B0x2a38B0x13cb
0x2327	0x2324B0x2a29B0x2a38B0x1419
0x2327	0x2324B0x2a29B0x3234B0x14f1
0x2327	0x2324B0x2a29B0x2a38B0x180f
0x2327	0x2324B0x2a29B0x2a38B0x1620
0x2327	0x2324B0x2a29B0x2a38B0x166e
0x2327	0x2324B0x2a29B0x2a38B0x1730
0x2327	0x2324B0x2a29B0x2a38B0x177e
0x2327	0x2324B0x2a29B0x3412B0x1856
0x2327	0x2324B0x2a29B0x37e8B0x1d1a
0x2327	0x2324B0x2a29B0x36d0B0x1c52
0x2327	0x2324B0x2a29B0x2a38B0x1aad
0x2327	0x2324B0x2a29B0x2a38B0x1bc1
0x2327	0x2324B0x2a29B0x36fcB0x1c9d
0x2327	0x2324B0x2a29B0x2a38B0x20b4
0x2327	0x2324B0x2a29B0x388dB0x2029
0x2327	0x2324B0x2a29B0x388dB0x1e36
0x2327	0x2324B0x2a29B0x2a38B0x1e86
0x2327	0x2324B0x2a29B0x388dB0x1f48
0x2327	0x2324B0x2a29B0x2a38B0x1f98
0x2327	0x2324B0x2a29B0x3977B0x2073
0x2327	0x2324B0x232fB0x246aB0x2493B0xb99
0x2327	0x2324B0x232fB0x246aB0x2493B0x1db9
0x2327	0x2324B0x2a29B0x3602B0x1a5b
0x2327	0x2324B0x2a29B0x3602B0x1b6f
0x2327	0x2324B0x232fB0x2345B0x2376B0x23a
0x2327	0x2324B0x232fB0x2345B0x2383B0x23a
0x2327	0x2324B0x232fB0x2345B0x2394B0x23a
0x2327	0x2324B0x232fB0x2345B0x23a5B0x23a
0x2328	0x2324B0x2a29B0x2f14B0xe6f
0x2328	0x2324B0x2a29B0x30ccB0x11d4
0x2328	0x2324B0x2a29B0x32aaB0x1539
0x2328	0x2324B0x2a29B0x34feB0x1950
0x2328	0x2324B0x232fB0x246aB0x2493B0x3ed
0x2328	0x2324B0x232fB0x246aB0x2493B0x6e2
0x2328	0x2324B0x2a29B0x2a38B0xa6d
0x2328	0x2324B0x2a29B0x2e23B0xd69
0x2328	0x2324B0x2a29B0x2a38B0xc16
0x2328	0x2324B0x2a29B0x2a38B0xcd8
0x2328	0x2324B0x2a29B0x2a38B0xdd4
0x2328	0x2324B0x2a29B0x2a38B0x1145
0x2328	0x2324B0x2a29B0x2a38B0xf56
0x2328	0x2324B0x2a29B0x2a38B0xfa4
0x2328	0x2324B0x2a29B0x2a38B0x1066
0x2328	0x2324B0x2a29B0x2a38B0x10b4
0x2328	0x2324B0x2a29B0x3056B0x118c
0x2328	0x2324B0x2a29B0x2a38B0x14aa
0x2328	0x2324B0x2a29B0x2a38B0x12bb
0x2328	0x2324B0x2a29B0x2a38B0x1309
0x2328	0x2324B0x2a29B0x2a38B0x13cb
0x2328	0x2324B0x2a29B0x2a38B0x1419
0x2328	0x2324B0x2a29B0x3234B0x14f1
0x2328	0x2324B0x2a29B0x2a38B0x180f
0x2328	0x2324B0x2a29B0x2a38B0x1620
0x2328	0x2324B0x2a29B0x2a38B0x166e
0x2328	0x2324B0x2a29B0x2a38B0x1730
0x2328	0x2324B0x2a29B0x2a38B0x177e
0x2328	0x2324B0x2a29B0x3412B0x1856
0x2328	0x2324B0x2a29B0x37e8B0x1d1a
0x2328	0x2324B0x2a29B0x36d0B0x1c52
0x2328	0x2324B0x2a29B0x2a38B0x1aad
0x2328	0x2324B0x2a29B0x2a38B0x1bc1
0x2328	0x2324B0x2a29B0x36fcB0x1c9d
0x2328	0x2324B0x2a29B0x2a38B0x20b4
0x2328	0x2324B0x2a29B0x388dB0x2029
0x2328	0x2324B0x2a29B0x388dB0x1e36
0x2328	0x2324B0x2a29B0x2a38B0x1e86
0x2328	0x2324B0x2a29B0x388dB0x1f48
0x2328	0x2324B0x2a29B0x2a38B0x1f98
0x2328	0x2324B0x2a29B0x3977B0x2073
0x2328	0x2324B0x232fB0x246aB0x2493B0xb99
0x2328	0x2324B0x232fB0x246aB0x2493B0x1db9
0x2328	0x2324B0x2a29B0x3602B0x1a5b
0x2328	0x2324B0x2a29B0x3602B0x1b6f
0x2328	0x2324B0x232fB0x2345B0x2376B0x23a
0x2328	0x2324B0x232fB0x2345B0x2383B0x23a
0x2328	0x2324B0x232fB0x2345B0x2394B0x23a
0x2328	0x2324B0x232fB0x2345B0x23a5B0x23a
0x2346	0x2345B0x2376B0x23a
0x2346	0x2345B0x2383B0x23a
0x2346	0x2345B0x2394B0x23a
0x2346	0x2345B0x23a5B0x23a
0x2348	0x2345B0x2376B0x23a
0x2348	0x2345B0x2383B0x23a
0x2348	0x2345B0x2394B0x23a
0x2348	0x2345B0x23a5B0x23a
0x234b	0x2345B0x2376B0x23a
0x234b	0x2345B0x2383B0x23a
0x234b	0x2345B0x2394B0x23a
0x234b	0x2345B0x23a5B0x23a
0x234f	0x2345B0x2376B0x23a
0x234f	0x2345B0x2383B0x23a
0x234f	0x2345B0x2394B0x23a
0x234f	0x2345B0x23a5B0x23a
0x246b	0x246aB0x2493B0x3ed
0x246b	0x246aB0x2493B0x6e2
0x246b	0x246aB0x2493B0xb99
0x246b	0x246aB0x2493B0x1db9
0x246d	0x246aB0x2493B0x3ed
0x246d	0x246aB0x2493B0x6e2
0x246d	0x246aB0x2493B0xb99
0x246d	0x246aB0x2493B0x1db9
0x2470	0x246aB0x2493B0x3ed
0x2470	0x246aB0x2493B0x6e2
0x2470	0x246aB0x2493B0xb99
0x2470	0x246aB0x2493B0x1db9
0x2474	0x246aB0x2493B0x3ed
0x2474	0x246aB0x2493B0x6e2
0x2474	0x246aB0x2493B0xb99
0x2474	0x246aB0x2493B0x1db9
0x24aa	0x24a9B0x24d2B0x47b
0x24aa	0x24a9B0x24d2B0x5b4
0x24aa	0x24a9B0x24d2B0x642
0x24aa	0x24a9B0x24d2B0x18ec
0x24aa	0x24a9B0x24d2B0x19de
0x24ac	0x24a9B0x24d2B0x47b
0x24ac	0x24a9B0x24d2B0x5b4
0x24ac	0x24a9B0x24d2B0x642
0x24ac	0x24a9B0x24d2B0x18ec
0x24ac	0x24a9B0x24d2B0x19de
0x24af	0x24a9B0x24d2B0x47b
0x24af	0x24a9B0x24d2B0x5b4
0x24af	0x24a9B0x24d2B0x642
0x24af	0x24a9B0x24d2B0x18ec
0x24af	0x24a9B0x24d2B0x19de
0x24b3	0x24a9B0x24d2B0x47b
0x24b3	0x24a9B0x24d2B0x5b4
0x24b3	0x24a9B0x24d2B0x642
0x24b3	0x24a9B0x24d2B0x18ec
0x24b3	0x24a9B0x24d2B0x19de
0x26e0	0x26dfB0x2717B0x80f
0x26e0	0x26dfB0x298cB0xa41
0x26e0	0x26dfB0x29d6B0xa41
0x26e0	0x26dfB0x2dccB0xd26
0x26e0	0x26dfB0x2fffB0x1102
0x26e0	0x26dfB0x31ddB0x1467
0x26e0	0x26dfB0x33bbB0x17cc
0x26e0	0x26dfB0x3670B0x1c0f
0x26e0	0x26dfB0x3920B0x1fe6
0x26e0	0x26dfB0x2e60B0xda8
0x26e0	0x26dfB0x2c4aB0x2e82B0xda8
0x26e0	0x26dfB0x2edbB0xe6f
0x26e0	0x26dfB0x3093B0x11d4
0x26e0	0x26dfB0x3271B0x1539
0x26e0	0x26dfB0x34c5B0x1950
0x26e0	0x26dfB0x2aacB0xb04
0x26e0	0x26dfB0x2c4aB0x2e0cB0xd69
0x26e0	0x26dfB0x2c4aB0x2cd6B0xbe7
0x26e0	0x26dfB0x2ca8B0x2cedB0xbe7
0x26e0	0x26dfB0x2c4aB0x2d73B0xcab
0x26e0	0x26dfB0x2d51B0x2d8aB0xcab
0x26e0	0x26dfB0x2ca8B0x2d09B0xc64
0x26e0	0x26dfB0x2f51B0x2f73B0xf27
0x26e0	0x26dfB0x2ca8B0x2f8aB0xf27
0x26e0	0x26dfB0x2f51B0x2fa6B0x1039
0x26e0	0x26dfB0x2d51B0x2fbdB0x1039
0x26e0	0x26dfB0x2ca8B0x2d09B0xff2
0x26e0	0x26dfB0x2f51B0x303fB0x118c
0x26e0	0x26dfB0x3109B0x312bB0x128c
0x26e0	0x26dfB0x2ca8B0x3142B0x128c
0x26e0	0x26dfB0x3109B0x315eB0x139e
0x26e0	0x26dfB0x2d51B0x3175B0x139e
0x26e0	0x26dfB0x2ca8B0x2d09B0x1357
0x26e0	0x26dfB0x3109B0x321dB0x14f1
0x26e0	0x26dfB0x32e7B0x3309B0x15f1
0x26e0	0x26dfB0x2ca8B0x3320B0x15f1
0x26e0	0x26dfB0x32e7B0x333cB0x1703
0x26e0	0x26dfB0x2d51B0x3353B0x1703
0x26e0	0x26dfB0x2ca8B0x2d09B0x16bc
0x26e0	0x26dfB0x32e7B0x33fbB0x1856
0x26e0	0x26dfB0x344fB0x1910
0x26e0	0x26dfB0x37afB0x1d1a
0x26e0	0x26dfB0x358dB0x35afB0x1a2c
0x26e0	0x26dfB0x2ca8B0x35c6B0x1a2c
0x26e0	0x26dfB0x358dB0x3617B0x1b42
0x26e0	0x26dfB0x2d51B0x362eB0x1b42
0x26e0	0x26dfB0x2ca8B0x2d09B0x1afb
0x26e0	0x26dfB0x358dB0x36e5B0x1c9d
0x26e0	0x26dfB0x3739B0x1cd5
0x26e0	0x26dfB0x3825B0x3847B0x1e07
0x26e0	0x26dfB0x2ca8B0x385eB0x1e07
0x26e0	0x26dfB0x3825B0x38a1B0x1f1b
0x26e0	0x26dfB0x2d51B0x38b8B0x1f1b
0x26e0	0x26dfB0x2ca8B0x2d09B0x1ed4
0x26e0	0x26dfB0x3825B0x3960B0x2073
0x26e0	0x26dfB0x27b4B0x8bc
0x26e0	0x26dfB0x282aB0x8f3
0x26e0	0x26dfB0x28a0B0x92a
0x26e0	0x26dfB0x2916B0x961
0x26e4	0x26dfB0x2717B0x80f
0x26e4	0x26dfB0x298cB0xa41
0x26e4	0x26dfB0x29d6B0xa41
0x26e4	0x26dfB0x2dccB0xd26
0x26e4	0x26dfB0x2fffB0x1102
0x26e4	0x26dfB0x31ddB0x1467
0x26e4	0x26dfB0x33bbB0x17cc
0x26e4	0x26dfB0x3670B0x1c0f
0x26e4	0x26dfB0x3920B0x1fe6
0x26e4	0x26dfB0x2e60B0xda8
0x26e4	0x26dfB0x2c4aB0x2e82B0xda8
0x26e4	0x26dfB0x2edbB0xe6f
0x26e4	0x26dfB0x3093B0x11d4
0x26e4	0x26dfB0x3271B0x1539
0x26e4	0x26dfB0x34c5B0x1950
0x26e4	0x26dfB0x2aacB0xb04
0x26e4	0x26dfB0x2c4aB0x2e0cB0xd69
0x26e4	0x26dfB0x2c4aB0x2cd6B0xbe7
0x26e4	0x26dfB0x2ca8B0x2cedB0xbe7
0x26e4	0x26dfB0x2c4aB0x2d73B0xcab
0x26e4	0x26dfB0x2d51B0x2d8aB0xcab
0x26e4	0x26dfB0x2ca8B0x2d09B0xc64
0x26e4	0x26dfB0x2f51B0x2f73B0xf27
0x26e4	0x26dfB0x2ca8B0x2f8aB0xf27
0x26e4	0x26dfB0x2f51B0x2fa6B0x1039
0x26e4	0x26dfB0x2d51B0x2fbdB0x1039
0x26e4	0x26dfB0x2ca8B0x2d09B0xff2
0x26e4	0x26dfB0x2f51B0x303fB0x118c
0x26e4	0x26dfB0x3109B0x312bB0x128c
0x26e4	0x26dfB0x2ca8B0x3142B0x128c
0x26e4	0x26dfB0x3109B0x315eB0x139e
0x26e4	0x26dfB0x2d51B0x3175B0x139e
0x26e4	0x26dfB0x2ca8B0x2d09B0x1357
0x26e4	0x26dfB0x3109B0x321dB0x14f1
0x26e4	0x26dfB0x32e7B0x3309B0x15f1
0x26e4	0x26dfB0x2ca8B0x3320B0x15f1
0x26e4	0x26dfB0x32e7B0x333cB0x1703
0x26e4	0x26dfB0x2d51B0x3353B0x1703
0x26e4	0x26dfB0x2ca8B0x2d09B0x16bc
0x26e4	0x26dfB0x32e7B0x33fbB0x1856
0x26e4	0x26dfB0x344fB0x1910
0x26e4	0x26dfB0x37afB0x1d1a
0x26e4	0x26dfB0x358dB0x35afB0x1a2c
0x26e4	0x26dfB0x2ca8B0x35c6B0x1a2c
0x26e4	0x26dfB0x358dB0x3617B0x1b42
0x26e4	0x26dfB0x2d51B0x362eB0x1b42
0x26e4	0x26dfB0x2ca8B0x2d09B0x1afb
0x26e4	0x26dfB0x358dB0x36e5B0x1c9d
0x26e4	0x26dfB0x3739B0x1cd5
0x26e4	0x26dfB0x3825B0x3847B0x1e07
0x26e4	0x26dfB0x2ca8B0x385eB0x1e07
0x26e4	0x26dfB0x3825B0x38a1B0x1f1b
0x26e4	0x26dfB0x2d51B0x38b8B0x1f1b
0x26e4	0x26dfB0x2ca8B0x2d09B0x1ed4
0x26e4	0x26dfB0x3825B0x3960B0x2073
0x26e4	0x26dfB0x27b4B0x8bc
0x26e4	0x26dfB0x282aB0x8f3
0x26e4	0x26dfB0x28a0B0x92a
0x26e4	0x26dfB0x2916B0x961
0x26e7	0x26dfB0x2717B0x80f
0x26e7	0x26dfB0x298cB0xa41
0x26e7	0x26dfB0x29d6B0xa41
0x26e7	0x26dfB0x2dccB0xd26
0x26e7	0x26dfB0x2fffB0x1102
0x26e7	0x26dfB0x31ddB0x1467
0x26e7	0x26dfB0x33bbB0x17cc
0x26e7	0x26dfB0x3670B0x1c0f
0x26e7	0x26dfB0x3920B0x1fe6
0x26e7	0x26dfB0x2e60B0xda8
0x26e7	0x26dfB0x2c4aB0x2e82B0xda8
0x26e7	0x26dfB0x2edbB0xe6f
0x26e7	0x26dfB0x3093B0x11d4
0x26e7	0x26dfB0x3271B0x1539
0x26e7	0x26dfB0x34c5B0x1950
0x26e7	0x26dfB0x2aacB0xb04
0x26e7	0x26dfB0x2c4aB0x2e0cB0xd69
0x26e7	0x26dfB0x2c4aB0x2cd6B0xbe7
0x26e7	0x26dfB0x2ca8B0x2cedB0xbe7
0x26e7	0x26dfB0x2c4aB0x2d73B0xcab
0x26e7	0x26dfB0x2d51B0x2d8aB0xcab
0x26e7	0x26dfB0x2ca8B0x2d09B0xc64
0x26e7	0x26dfB0x2f51B0x2f73B0xf27
0x26e7	0x26dfB0x2ca8B0x2f8aB0xf27
0x26e7	0x26dfB0x2f51B0x2fa6B0x1039
0x26e7	0x26dfB0x2d51B0x2fbdB0x1039
0x26e7	0x26dfB0x2ca8B0x2d09B0xff2
0x26e7	0x26dfB0x2f51B0x303fB0x118c
0x26e7	0x26dfB0x3109B0x312bB0x128c
0x26e7	0x26dfB0x2ca8B0x3142B0x128c
0x26e7	0x26dfB0x3109B0x315eB0x139e
0x26e7	0x26dfB0x2d51B0x3175B0x139e
0x26e7	0x26dfB0x2ca8B0x2d09B0x1357
0x26e7	0x26dfB0x3109B0x321dB0x14f1
0x26e7	0x26dfB0x32e7B0x3309B0x15f1
0x26e7	0x26dfB0x2ca8B0x3320B0x15f1
0x26e7	0x26dfB0x32e7B0x333cB0x1703
0x26e7	0x26dfB0x2d51B0x3353B0x1703
0x26e7	0x26dfB0x2ca8B0x2d09B0x16bc
0x26e7	0x26dfB0x32e7B0x33fbB0x1856
0x26e7	0x26dfB0x344fB0x1910
0x26e7	0x26dfB0x37afB0x1d1a
0x26e7	0x26dfB0x358dB0x35afB0x1a2c
0x26e7	0x26dfB0x2ca8B0x35c6B0x1a2c
0x26e7	0x26dfB0x358dB0x3617B0x1b42
0x26e7	0x26dfB0x2d51B0x362eB0x1b42
0x26e7	0x26dfB0x2ca8B0x2d09B0x1afb
0x26e7	0x26dfB0x358dB0x36e5B0x1c9d
0x26e7	0x26dfB0x3739B0x1cd5
0x26e7	0x26dfB0x3825B0x3847B0x1e07
0x26e7	0x26dfB0x2ca8B0x385eB0x1e07
0x26e7	0x26dfB0x3825B0x38a1B0x1f1b
0x26e7	0x26dfB0x2d51B0x38b8B0x1f1b
0x26e7	0x26dfB0x2ca8B0x2d09B0x1ed4
0x26e7	0x26dfB0x3825B0x3960B0x2073
0x26e7	0x26dfB0x27b4B0x8bc
0x26e7	0x26dfB0x282aB0x8f3
0x26e7	0x26dfB0x28a0B0x92a
0x26e7	0x26dfB0x2916B0x961
0x2afb	0x2afaB0xbc1
0x2afb	0x2afaB0xf01
0x2afb	0x2afaB0x1266
0x2afb	0x2afaB0x15cb
0x2afb	0x2afaB0x1a06
0x2afb	0x2afaB0x1de1
0x2afd	0x2afaB0xbc1
0x2afd	0x2afaB0xf01
0x2afd	0x2afaB0x1266
0x2afd	0x2afaB0x15cb
0x2afd	0x2afaB0x1a06
0x2afd	0x2afaB0x1de1
0x2aff	0x2afaB0xbc1
0x2aff	0x2afaB0xf01
0x2aff	0x2afaB0x1266
0x2aff	0x2afaB0x15cb
0x2aff	0x2afaB0x1a06
0x2aff	0x2afaB0x1de1
0x2b07	0x2b06B0xbc1
0x2b07	0x2b06B0xf01
0x2b07	0x2b06B0x1266
0x2b07	0x2b06B0x15cb
0x2b07	0x2b06B0x1a06
0x2b07	0x2b06B0x1de1
0x2b08	0x2b06B0xbc1
0x2b08	0x2b06B0xf01
0x2b08	0x2b06B0x1266
0x2b08	0x2b06B0x15cb
0x2b08	0x2b06B0x1a06
0x2b08	0x2b06B0x1de1
0x2b0a	0x2b06B0xbc1
0x2b0a	0x2b06B0xf01
0x2b0a	0x2b06B0x1266
0x2b0a	0x2b06B0x15cb
0x2b0a	0x2b06B0x1a06
0x2b0a	0x2b06B0x1de1
0x2b0b	0x2b06B0xbc1
0x2b0b	0x2b06B0xf01
0x2b0b	0x2b06B0x1266
0x2b0b	0x2b06B0x15cb
0x2b0b	0x2b06B0x1a06
0x2b0b	0x2b06B0x1de1
0x2b0c	0x2b06B0xbc1
0x2b0c	0x2b06B0xf01
0x2b0c	0x2b06B0x1266
0x2b0c	0x2b06B0x15cb
0x2b0c	0x2b06B0x1a06
0x2b0c	0x2b06B0x1de1
0x2b0d	0x2b06B0xbc1
0x2b0d	0x2b06B0xf01
0x2b0d	0x2b06B0x1266
0x2b0d	0x2b06B0x15cb
0x2b0d	0x2b06B0x1a06
0x2b0d	0x2b06B0x1de1
0x2b11	0x2b11B0xbc1
0x2b11	0x2b11B0xf01
0x2b11	0x2b11B0x1266
0x2b11	0x2b11B0x15cb
0x2b11	0x2b11B0x1a06
0x2b11	0x2b11B0x1de1
0x2b13	0x2b11B0xbc1
0x2b13	0x2b11B0xf01
0x2b13	0x2b11B0x1266
0x2b13	0x2b11B0x15cb
0x2b13	0x2b11B0x1a06
0x2b13	0x2b11B0x1de1
0x2b16	0x2b11B0xbc1
0x2b16	0x2b11B0xf01
0x2b16	0x2b11B0x1266
0x2b16	0x2b11B0x15cb
0x2b16	0x2b11B0x1a06
0x2b16	0x2b11B0x1de1
0x2b19	0x2b11B0xbc1
0x2b19	0x2b11B0xf01
0x2b19	0x2b11B0x1266
0x2b19	0x2b11B0x15cb
0x2b19	0x2b11B0x1a06
0x2b19	0x2b11B0x1de1
0x2b1a	0x2b11B0xbc1
0x2b1a	0x2b11B0xf01
0x2b1a	0x2b11B0x1266
0x2b1a	0x2b11B0x15cb
0x2b1a	0x2b11B0x1a06
0x2b1a	0x2b11B0x1de1
0x2b1b	0x2b11B0xbc1
0x2b1b	0x2b11B0xf01
0x2b1b	0x2b11B0x1266
0x2b1b	0x2b11B0x15cb
0x2b1b	0x2b11B0x1a06
0x2b1b	0x2b11B0x1de1
0x2b26	0x2b25B0x2b62B0xbd4
0x2b26	0x2b25B0x2b62B0xf14
0x2b26	0x2b25B0x2b62B0x1279
0x2b26	0x2b25B0x2b62B0x15de
0x2b26	0x2b25B0x2b62B0x1a19
0x2b26	0x2b25B0x2b62B0x1df4
0x2b26	0x2b25B0x2cc2B0x2cedB0xbe7
0x2b26	0x2b25B0x2cc2B0x2d09B0xc64
0x2b26	0x2b25B0x2cc2B0x2f8aB0xf27
0x2b26	0x2b25B0x2cc2B0x2d09B0xff2
0x2b26	0x2b25B0x2cc2B0x3142B0x128c
0x2b26	0x2b25B0x2cc2B0x2d09B0x1357
0x2b26	0x2b25B0x2cc2B0x3320B0x15f1
0x2b26	0x2b25B0x2cc2B0x2d09B0x16bc
0x2b26	0x2b25B0x2cc2B0x35c6B0x1a2c
0x2b26	0x2b25B0x2cc2B0x2d09B0x1afb
0x2b26	0x2b25B0x2cc2B0x385eB0x1e07
0x2b26	0x2b25B0x2cc2B0x2d09B0x1ed4
0x2b27	0x2b25B0x2b62B0xbd4
0x2b27	0x2b25B0x2b62B0xf14
0x2b27	0x2b25B0x2b62B0x1279
0x2b27	0x2b25B0x2b62B0x15de
0x2b27	0x2b25B0x2b62B0x1a19
0x2b27	0x2b25B0x2b62B0x1df4
0x2b27	0x2b25B0x2cc2B0x2cedB0xbe7
0x2b27	0x2b25B0x2cc2B0x2d09B0xc64
0x2b27	0x2b25B0x2cc2B0x2f8aB0xf27
0x2b27	0x2b25B0x2cc2B0x2d09B0xff2
0x2b27	0x2b25B0x2cc2B0x3142B0x128c
0x2b27	0x2b25B0x2cc2B0x2d09B0x1357
0x2b27	0x2b25B0x2cc2B0x3320B0x15f1
0x2b27	0x2b25B0x2cc2B0x2d09B0x16bc
0x2b27	0x2b25B0x2cc2B0x35c6B0x1a2c
0x2b27	0x2b25B0x2cc2B0x2d09B0x1afb
0x2b27	0x2b25B0x2cc2B0x385eB0x1e07
0x2b27	0x2b25B0x2cc2B0x2d09B0x1ed4
0x2b29	0x2b25B0x2b62B0xbd4
0x2b29	0x2b25B0x2b62B0xf14
0x2b29	0x2b25B0x2b62B0x1279
0x2b29	0x2b25B0x2b62B0x15de
0x2b29	0x2b25B0x2b62B0x1a19
0x2b29	0x2b25B0x2b62B0x1df4
0x2b29	0x2b25B0x2cc2B0x2cedB0xbe7
0x2b29	0x2b25B0x2cc2B0x2d09B0xc64
0x2b29	0x2b25B0x2cc2B0x2f8aB0xf27
0x2b29	0x2b25B0x2cc2B0x2d09B0xff2
0x2b29	0x2b25B0x2cc2B0x3142B0x128c
0x2b29	0x2b25B0x2cc2B0x2d09B0x1357
0x2b29	0x2b25B0x2cc2B0x3320B0x15f1
0x2b29	0x2b25B0x2cc2B0x2d09B0x16bc
0x2b29	0x2b25B0x2cc2B0x35c6B0x1a2c
0x2b29	0x2b25B0x2cc2B0x2d09B0x1afb
0x2b29	0x2b25B0x2cc2B0x385eB0x1e07
0x2b29	0x2b25B0x2cc2B0x2d09B0x1ed4
0x2b2a	0x2b25B0x2b62B0xbd4
0x2b2a	0x2b25B0x2b62B0xf14
0x2b2a	0x2b25B0x2b62B0x1279
0x2b2a	0x2b25B0x2b62B0x15de
0x2b2a	0x2b25B0x2b62B0x1a19
0x2b2a	0x2b25B0x2b62B0x1df4
0x2b2a	0x2b25B0x2cc2B0x2cedB0xbe7
0x2b2a	0x2b25B0x2cc2B0x2d09B0xc64
0x2b2a	0x2b25B0x2cc2B0x2f8aB0xf27
0x2b2a	0x2b25B0x2cc2B0x2d09B0xff2
0x2b2a	0x2b25B0x2cc2B0x3142B0x128c
0x2b2a	0x2b25B0x2cc2B0x2d09B0x1357
0x2b2a	0x2b25B0x2cc2B0x3320B0x15f1
0x2b2a	0x2b25B0x2cc2B0x2d09B0x16bc
0x2b2a	0x2b25B0x2cc2B0x35c6B0x1a2c
0x2b2a	0x2b25B0x2cc2B0x2d09B0x1afb
0x2b2a	0x2b25B0x2cc2B0x385eB0x1e07
0x2b2a	0x2b25B0x2cc2B0x2d09B0x1ed4
0x2b2d	0x2b25B0x2b62B0xbd4
0x2b2d	0x2b25B0x2b62B0xf14
0x2b2d	0x2b25B0x2b62B0x1279
0x2b2d	0x2b25B0x2b62B0x15de
0x2b2d	0x2b25B0x2b62B0x1a19
0x2b2d	0x2b25B0x2b62B0x1df4
0x2b2d	0x2b25B0x2cc2B0x2cedB0xbe7
0x2b2d	0x2b25B0x2cc2B0x2d09B0xc64
0x2b2d	0x2b25B0x2cc2B0x2f8aB0xf27
0x2b2d	0x2b25B0x2cc2B0x2d09B0xff2
0x2b2d	0x2b25B0x2cc2B0x3142B0x128c
0x2b2d	0x2b25B0x2cc2B0x2d09B0x1357
0x2b2d	0x2b25B0x2cc2B0x3320B0x15f1
0x2b2d	0x2b25B0x2cc2B0x2d09B0x16bc
0x2b2d	0x2b25B0x2cc2B0x35c6B0x1a2c
0x2b2d	0x2b25B0x2cc2B0x2d09B0x1afb
0x2b2d	0x2b25B0x2cc2B0x385eB0x1e07
0x2b2d	0x2b25B0x2cc2B0x2d09B0x1ed4
0x2b2e	0x2b25B0x2b62B0xbd4
0x2b2e	0x2b25B0x2b62B0xf14
0x2b2e	0x2b25B0x2b62B0x1279
0x2b2e	0x2b25B0x2b62B0x15de
0x2b2e	0x2b25B0x2b62B0x1a19
0x2b2e	0x2b25B0x2b62B0x1df4
0x2b2e	0x2b25B0x2cc2B0x2cedB0xbe7
0x2b2e	0x2b25B0x2cc2B0x2d09B0xc64
0x2b2e	0x2b25B0x2cc2B0x2f8aB0xf27
0x2b2e	0x2b25B0x2cc2B0x2d09B0xff2
0x2b2e	0x2b25B0x2cc2B0x3142B0x128c
0x2b2e	0x2b25B0x2cc2B0x2d09B0x1357
0x2b2e	0x2b25B0x2cc2B0x3320B0x15f1
0x2b2e	0x2b25B0x2cc2B0x2d09B0x16bc
0x2b2e	0x2b25B0x2cc2B0x35c6B0x1a2c
0x2b2e	0x2b25B0x2cc2B0x2d09B0x1afb
0x2b2e	0x2b25B0x2cc2B0x385eB0x1e07
0x2b2e	0x2b25B0x2cc2B0x2d09B0x1ed4
0x2259	0x224cB0x22bdB0x1d4
0x2259	0x224cB0x22ceB0x1d4
0x2352	0x2345B0x2376B0x23a
0x2352	0x2345B0x2383B0x23a
0x2352	0x2345B0x2394B0x23a
0x2352	0x2345B0x23a5B0x23a
0x2477	0x246aB0x2493B0x3ed
0x2477	0x246aB0x2493B0x6e2
0x2477	0x246aB0x2493B0xb99
0x2477	0x246aB0x2493B0x1db9
0x24b6	0x24a9B0x24d2B0x47b
0x24b6	0x24a9B0x24d2B0x5b4
0x24b6	0x24a9B0x24d2B0x642
0x24b6	0x24a9B0x24d2B0x18ec
0x24b6	0x24a9B0x24d2B0x19de
0x338	0x333B0x1be
0x2b05	0x2afaB0xbc1
0x2b05	0x2afaB0xf01
0x2b05	0x2afaB0x1266
0x2b05	0x2afaB0x15cb
0x2b05	0x2afaB0x1a06
0x2b05	0x2afaB0x1de1
0x2b1e	0x2b11B0xbc1
0x2b1e	0x2b11B0xf01
0x2b1e	0x2b11B0x1266
0x2b1e	0x2b11B0x15cb
0x2b1e	0x2b11B0x1a06
0x2b1e	0x2b11B0x1de1
0x2dc	0x2c9B0x1be
0x32b	0x2ddB0x1be
0x374	0x339B0x1be
0x2b10	0x2b06B0xbc1
0x2b10	0x2b06B0xf01
0x2b10	0x2b06B0x1266
0x2b10	0x2b06B0x15cb
0x2b10	0x2b06B0x1a06
0x2b10	0x2b06B0x1de1
0x380	0x37eB0x1be
0x2148	0x212aB0x2149B0x215aB0x2169B0x149
0x2148	0x212aB0x2149B0x215aB0x2169B0x173
0x2148	0x212aB0x2149B0x215aB0x2443B0x381
0x2148	0x212aB0x2149B0x215aB0x2169B0x219
0x2148	0x212aB0x2149B0x215aB0x2757B0x872
0x2148	0x212aB0x2149B0x215aB0x276aB0x872
0x2148	0x212aB0x2149B0x215aB0x2777B0x872
0x2148	0x212aB0x2149B0x215aB0x2169B0x411
0x2148	0x212aB0x2149B0x215aB0x2169B0x5d8
0x2148	0x212aB0x2149B0x215aB0x2677B0x675
0x2148	0x212aB0x2149B0x215aB0x27edB0x8bc
0x2148	0x212aB0x2149B0x215aB0x2863B0x8f3
0x2148	0x212aB0x2149B0x215aB0x28d9B0x92a
0x2148	0x212aB0x2149B0x215aB0x294fB0x961
0x2148	0x212aB0x2149B0x215aB0x2169B0xb35
0x2148	0x212aB0x2149B0x215aB0x2169B0xe22
0x2148	0x212aB0x2149B0x215aB0x2169B0x1897
0x2148	0x212aB0x2149B0x215aB0x3522B0x197f
0x2148	0x212aB0x2149B0x215aB0x2443B0x1d4a
0x2148	0x212aB0x21a0B0x21acB0x21bdB0x21ceB0x19d
0x2148	0x212aB0x218bB0x21acB0x21bdB0x21ceB0x19d
0x2148	0x212aB0x2149B0x2203B0x2219B0x22b0B0x1d4
0x2148	0x212aB0x2149B0x2203B0x2219B0x23b6B0x23a
0x2148	0x212aB0x2149B0x2203B0x2219B0x23c7B0x23a
0x2148	0x212aB0x2149B0x2203B0x2219B0x23d8B0x23a
0x2148	0x212aB0x21a0B0x21acB0x240aB0x241bB0x26b
0x2148	0x212aB0x218bB0x21acB0x240aB0x241bB0x26b
0x2148	0x212aB0x2515B0x25c4B0x49f
0x2148	0x212aB0x2149B0x24e8B0x2539B0x25c4B0x49f
0x2148	0x212aB0x2149B0x24e8B0x255fB0x25c4B0x49f
0x2148	0x212aB0x2149B0x24e8B0x2524B0x25c4B0x49f
0x218a	0x2182B0x2657B0x2668B0x268aB0x675
0x218a	0x2182B0x2657B0x2668B0x35f5B0x1a5b
0x218a	0x2182B0x2657B0x2668B0x35f5B0x1b6f
0x218a	0x2182B0x219bB0x21acB0x21bdB0x21ceB0x19d
0x218a	0x2182B0x219bB0x21acB0x240aB0x241bB0x26b
0x2235	0x222dB0x22fcB0x230bB0x1ef
0x2235	0x222dB0x2236B0x24a9B0x24d2B0x47b
0x2235	0x222dB0x2236B0x24a9B0x24d2B0x5b4
0x2235	0x222dB0x2236B0x24a9B0x24d2B0x642
0x2235	0x222dB0x22fcB0x230bB0x706
0x2235	0x222dB0x22fcB0x2ae5B0xb04
0x2235	0x222dB0x2236B0x24a9B0x24d2B0x18ec
0x2235	0x222dB0x22fcB0x3488B0x1910
0x2235	0x222dB0x22fcB0x36b0B0x1c52
0x2235	0x222dB0x22fcB0x36c3B0x1c52
0x2235	0x222dB0x22fcB0x3772B0x1cd5
0x2235	0x222dB0x22fcB0x387aB0x2029
0x2235	0x222dB0x22fcB0x387aB0x1e36
0x2235	0x222dB0x22fcB0x387aB0x1f48
0x2235	0x222dB0x2236B0x24a9B0x24d2B0x19de
0x2235	0x222dB0x22fcB0x2456B0x381
0x2235	0x222dB0x265cB0x2668B0x268aB0x675
0x2235	0x222dB0x22fcB0x3535B0x197f
0x2235	0x222dB0x22fcB0x3542B0x197f
0x2235	0x222dB0x22fcB0x35e2B0x1a5b
0x2235	0x222dB0x265cB0x2668B0x35f5B0x1a5b
0x2235	0x222dB0x22fcB0x35e2B0x1b6f
0x2235	0x222dB0x265cB0x2668B0x35f5B0x1b6f
0x2235	0x222dB0x22fcB0x2456B0x1d4a
0x2235	0x222dB0x2236B0x224cB0x22bdB0x1d4
0x2235	0x222dB0x2236B0x224cB0x22ceB0x1d4
0x2235	0x222dB0x2506B0x2572B0x25c4B0x49f
0x2235	0x222dB0x2506B0x2585B0x25c4B0x49f
0x2235	0x222dB0x2506B0x2598B0x25c4B0x49f
0x2235	0x222dB0x260bB0x666
0x2235	0x222dB0x2615B0x666
0x2235	0x222dB0x2a51B0xaf5
0x2235	0x222dB0x2a5bB0xaf5
0x225f	0x225aB0x22bdB0x1d4
0x225f	0x225aB0x22ceB0x1d4
0x226d	0x2260B0x3513B0x197f
0x226d	0x2260B0x226eB0x2284B0x22dfB0x1d4
0x226d	0x2260B0x226eB0x2284B0x23e9B0x23a
0x226d	0x2260B0x24f7B0x25c4B0x49f
0x232e	0x2324B0x2a29B0x2f14B0xe6f
0x232e	0x2324B0x2a29B0x30ccB0x11d4
0x232e	0x2324B0x2a29B0x32aaB0x1539
0x232e	0x2324B0x2a29B0x34feB0x1950
0x232e	0x2324B0x232fB0x246aB0x2493B0x3ed
0x232e	0x2324B0x232fB0x246aB0x2493B0x6e2
0x232e	0x2324B0x2a29B0x2a38B0xa6d
0x232e	0x2324B0x2a29B0x2e23B0xd69
0x232e	0x2324B0x2a29B0x2a38B0xc16
0x232e	0x2324B0x2a29B0x2a38B0xcd8
0x232e	0x2324B0x2a29B0x2a38B0xdd4
0x232e	0x2324B0x2a29B0x2a38B0x1145
0x232e	0x2324B0x2a29B0x2a38B0xf56
0x232e	0x2324B0x2a29B0x2a38B0xfa4
0x232e	0x2324B0x2a29B0x2a38B0x1066
0x232e	0x2324B0x2a29B0x2a38B0x10b4
0x232e	0x2324B0x2a29B0x3056B0x118c
0x232e	0x2324B0x2a29B0x2a38B0x14aa
0x232e	0x2324B0x2a29B0x2a38B0x12bb
0x232e	0x2324B0x2a29B0x2a38B0x1309
0x232e	0x2324B0x2a29B0x2a38B0x13cb
0x232e	0x2324B0x2a29B0x2a38B0x1419
0x232e	0x2324B0x2a29B0x3234B0x14f1
0x232e	0x2324B0x2a29B0x2a38B0x180f
0x232e	0x2324B0x2a29B0x2a38B0x1620
0x232e	0x2324B0x2a29B0x2a38B0x166e
0x232e	0x2324B0x2a29B0x2a38B0x1730
0x232e	0x2324B0x2a29B0x2a38B0x177e
0x232e	0x2324B0x2a29B0x3412B0x1856
0x232e	0x2324B0x2a29B0x37e8B0x1d1a
0x232e	0x2324B0x2a29B0x36d0B0x1c52
0x232e	0x2324B0x2a29B0x2a38B0x1aad
0x232e	0x2324B0x2a29B0x2a38B0x1bc1
0x232e	0x2324B0x2a29B0x36fcB0x1c9d
0x232e	0x2324B0x2a29B0x2a38B0x20b4
0x232e	0x2324B0x2a29B0x388dB0x2029
0x232e	0x2324B0x2a29B0x388dB0x1e36
0x232e	0x2324B0x2a29B0x2a38B0x1e86
0x232e	0x2324B0x2a29B0x388dB0x1f48
0x232e	0x2324B0x2a29B0x2a38B0x1f98
0x232e	0x2324B0x2a29B0x3977B0x2073
0x232e	0x2324B0x232fB0x246aB0x2493B0xb99
0x232e	0x2324B0x232fB0x246aB0x2493B0x1db9
0x232e	0x2324B0x2a29B0x3602B0x1a5b
0x232e	0x2324B0x2a29B0x3602B0x1b6f
0x232e	0x2324B0x232fB0x2345B0x2376B0x23a
0x232e	0x2324B0x232fB0x2345B0x2383B0x23a
0x232e	0x2324B0x232fB0x2345B0x2394B0x23a
0x232e	0x2324B0x232fB0x2345B0x23a5B0x23a
0x2358	0x2353B0x2376B0x23a
0x2358	0x2353B0x2383B0x23a
0x2358	0x2353B0x2394B0x23a
0x2358	0x2353B0x23a5B0x23a
0x247d	0x2478B0x2493B0x3ed
0x247d	0x2478B0x2493B0x6e2
0x247d	0x2478B0x2493B0xb99
0x247d	0x2478B0x2493B0x1db9
0x24bc	0x24b7B0x24d2B0x47b
0x24bc	0x24b7B0x24d2B0x5b4
0x24bc	0x24b7B0x24d2B0x642
0x24bc	0x24b7B0x24d2B0x18ec
0x24bc	0x24b7B0x24d2B0x19de
0x26aa	0x26a8B0x26b6B0x78e
0x26ee	0x26dfB0x2717B0x80f
0x26ee	0x26dfB0x298cB0xa41
0x26ee	0x26dfB0x29d6B0xa41
0x26ee	0x26dfB0x2dccB0xd26
0x26ee	0x26dfB0x2fffB0x1102
0x26ee	0x26dfB0x31ddB0x1467
0x26ee	0x26dfB0x33bbB0x17cc
0x26ee	0x26dfB0x3670B0x1c0f
0x26ee	0x26dfB0x3920B0x1fe6
0x26ee	0x26dfB0x2e60B0xda8
0x26ee	0x26dfB0x2c4aB0x2e82B0xda8
0x26ee	0x26dfB0x2edbB0xe6f
0x26ee	0x26dfB0x3093B0x11d4
0x26ee	0x26dfB0x3271B0x1539
0x26ee	0x26dfB0x34c5B0x1950
0x26ee	0x26dfB0x2aacB0xb04
0x26ee	0x26dfB0x2c4aB0x2e0cB0xd69
0x26ee	0x26dfB0x2c4aB0x2cd6B0xbe7
0x26ee	0x26dfB0x2ca8B0x2cedB0xbe7
0x26ee	0x26dfB0x2c4aB0x2d73B0xcab
0x26ee	0x26dfB0x2d51B0x2d8aB0xcab
0x26ee	0x26dfB0x2ca8B0x2d09B0xc64
0x26ee	0x26dfB0x2f51B0x2f73B0xf27
0x26ee	0x26dfB0x2ca8B0x2f8aB0xf27
0x26ee	0x26dfB0x2f51B0x2fa6B0x1039
0x26ee	0x26dfB0x2d51B0x2fbdB0x1039
0x26ee	0x26dfB0x2ca8B0x2d09B0xff2
0x26ee	0x26dfB0x2f51B0x303fB0x118c
0x26ee	0x26dfB0x3109B0x312bB0x128c
0x26ee	0x26dfB0x2ca8B0x3142B0x128c
0x26ee	0x26dfB0x3109B0x315eB0x139e
0x26ee	0x26dfB0x2d51B0x3175B0x139e
0x26ee	0x26dfB0x2ca8B0x2d09B0x1357
0x26ee	0x26dfB0x3109B0x321dB0x14f1
0x26ee	0x26dfB0x32e7B0x3309B0x15f1
0x26ee	0x26dfB0x2ca8B0x3320B0x15f1
0x26ee	0x26dfB0x32e7B0x333cB0x1703
0x26ee	0x26dfB0x2d51B0x3353B0x1703
0x26ee	0x26dfB0x2ca8B0x2d09B0x16bc
0x26ee	0x26dfB0x32e7B0x33fbB0x1856
0x26ee	0x26dfB0x344fB0x1910
0x26ee	0x26dfB0x37afB0x1d1a
0x26ee	0x26dfB0x358dB0x35afB0x1a2c
0x26ee	0x26dfB0x2ca8B0x35c6B0x1a2c
0x26ee	0x26dfB0x358dB0x3617B0x1b42
0x26ee	0x26dfB0x2d51B0x362eB0x1b42
0x26ee	0x26dfB0x2ca8B0x2d09B0x1afb
0x26ee	0x26dfB0x358dB0x36e5B0x1c9d
0x26ee	0x26dfB0x3739B0x1cd5
0x26ee	0x26dfB0x3825B0x3847B0x1e07
0x26ee	0x26dfB0x2ca8B0x385eB0x1e07
0x26ee	0x26dfB0x3825B0x38a1B0x1f1b
0x26ee	0x26dfB0x2d51B0x38b8B0x1f1b
0x26ee	0x26dfB0x2ca8B0x2d09B0x1ed4
0x26ee	0x26dfB0x3825B0x3960B0x2073
0x26ee	0x26dfB0x27b4B0x8bc
0x26ee	0x26dfB0x282aB0x8f3
0x26ee	0x26dfB0x28a0B0x92a
0x26ee	0x26dfB0x2916B0x961
0x2b24	0x2b22B0xbc1
0x2b24	0x2b22B0xf01
0x2b24	0x2b22B0x1266
0x2b24	0x2b22B0x15cb
0x2b24	0x2b22B0x1a06
0x2b24	0x2b22B0x1de1
0x2b34	0x2b25B0x2b62B0xbd4
0x2b34	0x2b25B0x2b62B0xf14
0x2b34	0x2b25B0x2b62B0x1279
0x2b34	0x2b25B0x2b62B0x15de
0x2b34	0x2b25B0x2b62B0x1a19
0x2b34	0x2b25B0x2b62B0x1df4
0x2b34	0x2b25B0x2cc2B0x2cedB0xbe7
0x2b34	0x2b25B0x2cc2B0x2d09B0xc64
0x2b34	0x2b25B0x2cc2B0x2f8aB0xf27
0x2b34	0x2b25B0x2cc2B0x2d09B0xff2
0x2b34	0x2b25B0x2cc2B0x3142B0x128c
0x2b34	0x2b25B0x2cc2B0x2d09B0x1357
0x2b34	0x2b25B0x2cc2B0x3320B0x15f1
0x2b34	0x2b25B0x2cc2B0x2d09B0x16bc
0x2b34	0x2b25B0x2cc2B0x35c6B0x1a2c
0x2b34	0x2b25B0x2cc2B0x2d09B0x1afb
0x2b34	0x2b25B0x2cc2B0x385eB0x1e07
0x2b34	0x2b25B0x2cc2B0x2d09B0x1ed4
0x332	0x32cB0x1be
0x37b	0x375B0x1be
0x26e3	0x26dfB0x2717B0x80f
0x26e3	0x26dfB0x298cB0xa41
0x26e3	0x26dfB0x29d6B0xa41
0x26e3	0x26dfB0x2dccB0xd26
0x26e3	0x26dfB0x2fffB0x1102
0x26e3	0x26dfB0x31ddB0x1467
0x26e3	0x26dfB0x33bbB0x17cc
0x26e3	0x26dfB0x3670B0x1c0f
0x26e3	0x26dfB0x3920B0x1fe6
0x26e3	0x26dfB0x2e60B0xda8
0x26e3	0x26dfB0x2c4aB0x2e82B0xda8
0x26e3	0x26dfB0x2edbB0xe6f
0x26e3	0x26dfB0x3093B0x11d4
0x26e3	0x26dfB0x3271B0x1539
0x26e3	0x26dfB0x34c5B0x1950
0x26e3	0x26dfB0x2aacB0xb04
0x26e3	0x26dfB0x2c4aB0x2e0cB0xd69
0x26e3	0x26dfB0x2c4aB0x2cd6B0xbe7
0x26e3	0x26dfB0x2ca8B0x2cedB0xbe7
0x26e3	0x26dfB0x2c4aB0x2d73B0xcab
0x26e3	0x26dfB0x2d51B0x2d8aB0xcab
0x26e3	0x26dfB0x2ca8B0x2d09B0xc64
0x26e3	0x26dfB0x2f51B0x2f73B0xf27
0x26e3	0x26dfB0x2ca8B0x2f8aB0xf27
0x26e3	0x26dfB0x2f51B0x2fa6B0x1039
0x26e3	0x26dfB0x2d51B0x2fbdB0x1039
0x26e3	0x26dfB0x2ca8B0x2d09B0xff2
0x26e3	0x26dfB0x2f51B0x303fB0x118c
0x26e3	0x26dfB0x3109B0x312bB0x128c
0x26e3	0x26dfB0x2ca8B0x3142B0x128c
0x26e3	0x26dfB0x3109B0x315eB0x139e
0x26e3	0x26dfB0x2d51B0x3175B0x139e
0x26e3	0x26dfB0x2ca8B0x2d09B0x1357
0x26e3	0x26dfB0x3109B0x321dB0x14f1
0x26e3	0x26dfB0x32e7B0x3309B0x15f1
0x26e3	0x26dfB0x2ca8B0x3320B0x15f1
0x26e3	0x26dfB0x32e7B0x333cB0x1703
0x26e3	0x26dfB0x2d51B0x3353B0x1703
0x26e3	0x26dfB0x2ca8B0x2d09B0x16bc
0x26e3	0x26dfB0x32e7B0x33fbB0x1856
0x26e3	0x26dfB0x344fB0x1910
0x26e3	0x26dfB0x37afB0x1d1a
0x26e3	0x26dfB0x358dB0x35afB0x1a2c
0x26e3	0x26dfB0x2ca8B0x35c6B0x1a2c
0x26e3	0x26dfB0x358dB0x3617B0x1b42
0x26e3	0x26dfB0x2d51B0x362eB0x1b42
0x26e3	0x26dfB0x2ca8B0x2d09B0x1afb
0x26e3	0x26dfB0x358dB0x36e5B0x1c9d
0x26e3	0x26dfB0x3739B0x1cd5
0x26e3	0x26dfB0x3825B0x3847B0x1e07
0x26e3	0x26dfB0x2ca8B0x385eB0x1e07
0x26e3	0x26dfB0x3825B0x38a1B0x1f1b
0x26e3	0x26dfB0x2d51B0x38b8B0x1f1b
0x26e3	0x26dfB0x2ca8B0x2d09B0x1ed4
0x26e3	0x26dfB0x3825B0x3960B0x2073
0x26e3	0x26dfB0x27b4B0x8bc
0x26e3	0x26dfB0x282aB0x8f3
0x26e3	0x26dfB0x28a0B0x92a
0x26e3	0x26dfB0x2916B0x961
0x32f	0x32cB0x1be
0x378	0x375B0x1be
0x2b15	0x2b11B0xbc1
0x2b15	0x2b11B0xf01
0x2b15	0x2b11B0x1266
0x2b15	0x2b11B0x15cb
0x2b15	0x2b11B0x1a06
0x2b15	0x2b11B0x1de1
0x27	0x1d
0x2f	0x28
0x32	0x28
0x3a	0x33
0x3d	0x33
0x45	0x3e
0x48	0x3e
0x4e	0x4d
0x55	0x4d
0x58	0x4d
0x63	0x59
0x6b	0x64
0x6e	0x64
0x76	0x6f
0x79	0x6f
0xb3	0xe9c7
0xb4	0xe9c7
0xb7	0xe9c7
0xbf	0xe9c7
0xc2	0xe9c7
0xc3	0xe9c7
0xc5	0xe9c7
0xc7	0xe9c7
0xc8	0xe9c7
0xc9	0xe9c7
0xca	0xe9c7
0xcb	0xe9c7
0xcd	0xe9c7
0xd5	0xd3
0x10c	0xdc
0x10d	0xdc
0x110	0xdc
0x118	0xdc
0x119	0xdc
0x11b	0xdc
0x11c	0xdc
0x11d	0xdc
0x11e	0xdc
0x120	0xdc
0x121	0xdc
0x122	0xdc
0x123	0xdc
0x124	0xdc
0x126	0xdc
0x12e	0x12c
0x137	0x135
0x13e	0x13d
0x141	0x140
0x150	0x149
0x151	0x149
0x15a	0x156
0x15b	0x156
0x15d	0x156
0x161	0x15f
0x168	0x167
0x16b	0x16a
0x17a	0x173
0x17b	0x173
0x184	0x180
0x185	0x180
0x187	0x180
0x18b	0x189
0x192	0x191
0x195	0x194
0x1a4	0x19d
0x1a5	0x19d
0x1ae	0x1aa
0x1af	0x1aa
0x1b1	0x1aa
0x1b5	0x1b3
0x1bc	0x1bb
0x1bf	0x1be
0x1cb	0x1c9
0x1d2	0x1d1
0x1d5	0x1d4
0x1db	0x1d4
0x1de	0x1d4
0x1e0	0x1d4
0x1e4	0x1d4
0x1e5	0x1d4
0x1f6	0x1ef
0x1f7	0x1ef
0x200	0x1fc
0x201	0x1fc
0x203	0x1fc
0x207	0x205
0x20e	0x20d
0x211	0x210
0x220	0x219
0x221	0x219
0x22a	0x226
0x22b	0x226
0x22d	0x226
0x231	0x22f
0x238	0x237
0x23b	0x23a
0x241	0x23a
0x244	0x23a
0x246	0x23a
0x24a	0x23a
0x24b	0x23a
0x259	0x257
0x260	0x25f
0x263	0x262
0x272	0x26b
0x273	0x26b
0x27c	0x278
0x27d	0x278
0x27f	0x278
0x297	0x281
0x2af	0x299
0x2c7	0x2b1
0x2cc	0x2c9B0x1be
0x2cd	0x2c9B0x1be
0x2d6	0x2c9B0x1be
0x30b	0x2ddB0x1be
0x30c	0x2ddB0x1be
0x30d	0x2ddB0x1be
0x310	0x2ddB0x1be
0x318	0x2ddB0x1be
0x319	0x2ddB0x1be
0x31b	0x2ddB0x1be
0x31c	0x2ddB0x1be
0x31d	0x2ddB0x1be
0x31e	0x2ddB0x1be
0x320	0x2ddB0x1be
0x321	0x2ddB0x1be
0x322	0x2ddB0x1be
0x323	0x2ddB0x1be
0x324	0x2ddB0x1be
0x326	0x2ddB0x1be
0x32e	0x32cB0x1be
0x334	0x333B0x1be
0x354	0x339B0x1be
0x355	0x339B0x1be
0x356	0x339B0x1be
0x359	0x339B0x1be
0x361	0x339B0x1be
0x362	0x339B0x1be
0x364	0x339B0x1be
0x365	0x339B0x1be
0x366	0x339B0x1be
0x367	0x339B0x1be
0x369	0x339B0x1be
0x36a	0x339B0x1be
0x36b	0x339B0x1be
0x36c	0x339B0x1be
0x36d	0x339B0x1be
0x36f	0x339B0x1be
0x377	0x375B0x1be
0x37d	0x37cB0x1be
0x37f	0x37eB0x1be
0x383	0x381
0x3b4	0x381
0x3b8	0x381
0x3c2	0x381
0x3ca	0x381
0x3cb	0x381
0x3cc	0x381
0x3d7	0x3d1
0x3d8	0x3d1
0x3da	0x3d1
0x3dc	0x3d1
0x3e0	0x3d1
0x3e8	0x3e6
0x3ee	0x3ed
0x3ef	0x3ed
0x3f0	0x3ed
0x3f1	0x3ed
0x3fb	0x3ed
0x3fe	0x3ed
0x400	0x3ed
0x404	0x3ed
0x405	0x3ed
0x407	0x3ed
0x40b	0x3ed
0x40c	0x3ed
0x412	0x411
0x448	0x411
0x452	0x411
0x45a	0x411
0x45b	0x411
0x466	0x460
0x467	0x460
0x469	0x460
0x46a	0x460
0x46e	0x460
0x476	0x474
0x47c	0x47b
0x47d	0x47b
0x47e	0x47b
0x47f	0x47b
0x489	0x47b
0x48c	0x47b
0x48e	0x47b
0x492	0x47b
0x493	0x47b
0x495	0x47b
0x499	0x47b
0x49a	0x47b
0x4a0	0x49f
0x4a1	0x49f
0x4d5	0x49f
0x4dd	0x49f
0x4de	0x49f
0x4f5	0x49f
0x525	0x49f
0x52a	0x49f
0x530	0x49f
0x54c	0x49f
0x551	0x49f
0x552	0x49f
0x557	0x49f
0x558	0x49f
0x55e	0x49f
0x57a	0x49f
0x57c	0x49f
0x580	0x49f
0x58a	0x49f
0x592	0x49f
0x593	0x49f
0x59e	0x598
0x59f	0x598
0x5a1	0x598
0x5a3	0x598
0x5a7	0x598
0x5af	0x5ad
0x5b5	0x5b4
0x5b6	0x5b4
0x5b7	0x5b4
0x5b8	0x5b4
0x5c2	0x5b4
0x5c5	0x5b4
0x5c7	0x5b4
0x5cb	0x5b4
0x5cc	0x5b4
0x5ce	0x5b4
0x5d2	0x5b4
0x5d3	0x5b4
0x5d9	0x5d8
0x60f	0x5d8
0x619	0x5d8
0x621	0x5d8
0x622	0x5d8
0x62d	0x627
0x62e	0x627
0x630	0x627
0x631	0x627
0x635	0x627
0x63d	0x63b
0x643	0x642
0x644	0x642
0x645	0x642
0x646	0x642
0x650	0x642
0x653	0x642
0x655	0x642
0x659	0x642
0x65a	0x642
0x65c	0x642
0x660	0x642
0x661	0x642
0x667	0x666
0x668	0x666
0x66a	0x666
0x66b	0x666
0x66f	0x666
0x670	0x666
0x676	0x675
0x677	0x675
0x678	0x675
0x6ad	0x675
0x6b7	0x675
0x6bf	0x675
0x6c0	0x675
0x6c1	0x675
0x6cc	0x6c6
0x6cd	0x6c6
0x6cf	0x6c6
0x6d1	0x6c6
0x6d5	0x6c6
0x6dd	0x6db
0x6e3	0x6e2
0x6e4	0x6e2
0x6e5	0x6e2
0x6e6	0x6e2
0x6f0	0x6e2
0x6f3	0x6e2
0x6f5	0x6e2
0x6f9	0x6e2
0x6fa	0x6e2
0x6fc	0x6e2
0x700	0x6e2
0x701	0x6e2
0x707	0x706
0x738	0x706
0x73c	0x706
0x746	0x706
0x74e	0x706
0x74f	0x706
0x759	0x754
0x75a	0x754
0x75c	0x754
0x75e	0x754
0x75f	0x754
0x762	0x754
0x769	0x768
0x76c	0x76b
0x770	0x76b
0x778	0x776
0x77e	0x77d
0x77f	0x77d
0x780	0x77d
0x781	0x77d
0x784	0x77d
0x785	0x77d
0x787	0x77d
0x7ba	0x78e
0x7c1	0x78e
0x7cb	0x7c6
0x7cc	0x7c6
0x7ce	0x7c6
0x7cf	0x7c6
0x7d0	0x7c6
0x7d3	0x7c6
0x7d4	0x7c6
0x7d5	0x7c6
0x7d6	0x7c6
0x7d8	0x7c6
0x7da	0x7c6
0x7e3	0x7e0
0x7e4	0x7e0
0x7ed	0x7e0
0x7f3	0x7e0
0x7f9	0x7e0
0x803	0x800
0x804	0x800
0x806	0x805
0x807	0x805
0x808	0x805
0x809	0x805
0x80a	0x805
0x833	0x80f
0x83b	0x80f
0x844	0x840
0x845	0x840
0x847	0x840
0x84a	0x849
0x84c	0x84b
0x84d	0x84b
0x84e	0x84b
0x84f	0x84b
0x850	0x84b
0x851	0x84b
0x852	0x84b
0x853	0x84b
0x854	0x84b
0x855	0x84b
0x856	0x84b
0x857	0x84b
0x858	0x84b
0x870	0x85a
0x8ab	0x872
0x8ac	0x872
0x8ad	0x872
0x8b4	0x872
0x8b5	0x872
0x8b6	0x872
0x8b7	0x872
0x8c0	0x8bc
0x8c1	0x8bc
0x8c3	0x8bc
0x8ed	0x8bc
0x8ee	0x8bc
0x8f7	0x8f3
0x8f8	0x8f3
0x8fa	0x8f3
0x91d	0x8f3
0x924	0x8f3
0x925	0x8f3
0x92e	0x92a
0x92f	0x92a
0x931	0x92a
0x954	0x92a
0x95b	0x92a
0x95c	0x92a
0x965	0x961
0x966	0x961
0x968	0x961
0x98b	0x961
0x992	0x961
0x993	0x961
0x99c	0x998
0x99d	0x998
0x99f	0x998
0x9b8	0x998
0x9d0	0x998
0x9ed	0x9d5
0xa06	0xa05
0xa23	0xa0b
0xa68	0xa41
0xa71	0xa6d
0xa72	0xa6d
0xa74	0xa6d
0xab5	0xa6d
0xab6	0xa6d
0xabf	0xabb
0xac0	0xabb
0xac2	0xabb
0xae8	0xabb
0xaf0	0xabb
0xaf1	0xabb
0xaf3	0xabb
0xafe	0xaf5
0xaff	0xaf5
0xb05	0xb04
0xb06	0xb04
0xb28	0xb04
0xb2f	0xb04
0xb30	0xb04
0xb39	0xb35
0xb3a	0xb35
0xb3c	0xb35
0xb3f	0xb35
0xb40	0xb35
0xb41	0xb35
0xb43	0xb35
0xb44	0xb35
0xb45	0xb35
0xb47	0xb35
0xb48	0xb35
0xb49	0xb35
0xb4a	0xb35
0xb6a	0xb35
0xb74	0xb35
0xb7c	0xb35
0xb7d	0xb35
0xb88	0xb82
0xb89	0xb82
0xb8b	0xb82
0xb8c	0xb82
0xb8f	0xb82
0xb90	0xb82
0xb91	0xb82
0xb92	0xb82
0xb93	0xb82
0xba3	0xb99
0xba6	0xb99
0xba8	0xb99
0xbac	0xb99
0xbad	0xb99
0xbaf	0xb99
0xbb3	0xb99
0xbb4	0xb99
0xbc9	0xbc8
0xbdd	0xbdc
0xc09	0xbe7
0xc10	0xbe7
0xc11	0xbe7
0xc1a	0xc16
0xc1b	0xc16
0xc1d	0xc16
0xc5e	0xc16
0xc5f	0xc16
0xc68	0xc64
0xc69	0xc64
0xc6b	0xc64
0xc6d	0xc64
0xc92	0xc64
0xc9a	0xc64
0xc9b	0xc64
0xca4	0xca0
0xca5	0xca0
0xca7	0xca0
0xcaa	0xca9
0xcd3	0xcab
0xcdc	0xcd8
0xcdd	0xcd8
0xcdf	0xcd8
0xd20	0xcd8
0xd21	0xcd8
0xd2a	0xd26
0xd2b	0xd26
0xd2d	0xd26
0xd53	0xd26
0xd5b	0xd26
0xd64	0xd60
0xd65	0xd60
0xd67	0xd60
0xd8b	0xd69
0xd93	0xd69
0xd94	0xd69
0xd9d	0xd99
0xd9e	0xd99
0xda0	0xd99
0xda2	0xd99
0xdcf	0xda8
0xdd8	0xdd4
0xdd9	0xdd4
0xddb	0xdd4
0xe1c	0xdd4
0xe1d	0xdd4
0xe26	0xe22
0xe27	0xe22
0xe29	0xe22
0xe50	0xe22
0xe58	0xe22
0xe59	0xe22
0xe62	0xe5e
0xe63	0xe5e
0xe65	0xe5e
0xe68	0xe67
0xe69	0xe67
0xe98	0xe6f
0xe99	0xe6f
0xea2	0xe9e
0xea3	0xe9e
0xea5	0xe9e
0xea7	0xe9e
0xec6	0xe9e
0xed0	0xe9e
0xed9	0xe9e
0xeda	0xe9e
0xedc	0xe9e
0xede	0xe9e
0xedf	0xe9e
0xee2	0xe9e
0xee9	0xee8
0xeec	0xeeb
0xeef	0xeeb
0xef0	0xeeb
0xef1	0xeeb
0xef2	0xeeb
0xef3	0xeeb
0xf09	0xf08
0xf1d	0xf1c
0xf49	0xf27
0xf50	0xf27
0xf51	0xf27
0xf5a	0xf56
0xf5b	0xf56
0xf5d	0xf56
0xf9e	0xf56
0xf9f	0xf56
0xfa8	0xfa4
0xfa9	0xfa4
0xfab	0xfa4
0xfec	0xfa4
0xfed	0xfa4
0xff6	0xff2
0xff7	0xff2
0xff9	0xff2
0xffb	0xff2
0x1020	0xff2
0x1028	0xff2
0x1029	0xff2
0x1032	0x102e
0x1033	0x102e
0x1035	0x102e
0x1038	0x1037
0x1061	0x1039
0x106a	0x1066
0x106b	0x1066
0x106d	0x1066
0x10ae	0x1066
0x10af	0x1066
0x10b8	0x10b4
0x10b9	0x10b4
0x10bb	0x10b4
0x10fc	0x10b4
0x10fd	0x10b4
0x1106	0x1102
0x1107	0x1102
0x1109	0x1102
0x112f	0x1102
0x1137	0x1102
0x1140	0x113c
0x1141	0x113c
0x1143	0x113c
0x1186	0x1145
0x1187	0x1145
0x1190	0x118c
0x1191	0x118c
0x1193	0x118c
0x11be	0x118c
0x11bf	0x118c
0x11c8	0x11c4
0x11c9	0x11c4
0x11cb	0x11c4
0x11ce	0x11cd
0x11fd	0x11d4
0x11fe	0x11d4
0x1207	0x1203
0x1208	0x1203
0x120a	0x1203
0x120c	0x1203
0x122b	0x1203
0x1235	0x1203
0x123e	0x1203
0x123f	0x1203
0x1241	0x1203
0x1243	0x1203
0x1244	0x1203
0x1247	0x1203
0x124e	0x124d
0x1251	0x1250
0x1254	0x1250
0x1255	0x1250
0x1256	0x1250
0x1257	0x1250
0x1258	0x1250
0x126e	0x126d
0x1282	0x1281
0x12ae	0x128c
0x12b5	0x128c
0x12b6	0x128c
0x12bf	0x12bb
0x12c0	0x12bb
0x12c2	0x12bb
0x1303	0x12bb
0x1304	0x12bb
0x130d	0x1309
0x130e	0x1309
0x1310	0x1309
0x1351	0x1309
0x1352	0x1309
0x135b	0x1357
0x135c	0x1357
0x135e	0x1357
0x1360	0x1357
0x1385	0x1357
0x138d	0x1357
0x138e	0x1357
0x1397	0x1393
0x1398	0x1393
0x139a	0x1393
0x139d	0x139c
0x13c6	0x139e
0x13cf	0x13cb
0x13d0	0x13cb
0x13d2	0x13cb
0x1413	0x13cb
0x1414	0x13cb
0x141d	0x1419
0x141e	0x1419
0x1420	0x1419
0x1461	0x1419
0x1462	0x1419
0x146b	0x1467
0x146c	0x1467
0x146e	0x1467
0x1494	0x1467
0x149c	0x1467
0x14a5	0x14a1
0x14a6	0x14a1
0x14a8	0x14a1
0x14eb	0x14aa
0x14ec	0x14aa
0x14f5	0x14f1
0x14f6	0x14f1
0x14f8	0x14f1
0x1523	0x14f1
0x1524	0x14f1
0x152d	0x1529
0x152e	0x1529
0x1530	0x1529
0x1533	0x1532
0x1562	0x1539
0x1563	0x1539
0x156c	0x1568
0x156d	0x1568
0x156f	0x1568
0x1571	0x1568
0x1590	0x1568
0x159a	0x1568
0x15a3	0x1568
0x15a4	0x1568
0x15a6	0x1568
0x15a8	0x1568
0x15a9	0x1568
0x15ac	0x1568
0x15b3	0x15b2
0x15b6	0x15b5
0x15b9	0x15b5
0x15ba	0x15b5
0x15bb	0x15b5
0x15bc	0x15b5
0x15bd	0x15b5
0x15d3	0x15d2
0x15e7	0x15e6
0x1613	0x15f1
0x161a	0x15f1
0x161b	0x15f1
0x1624	0x1620
0x1625	0x1620
0x1627	0x1620
0x1668	0x1620
0x1669	0x1620
0x1672	0x166e
0x1673	0x166e
0x1675	0x166e
0x16b6	0x166e
0x16b7	0x166e
0x16c0	0x16bc
0x16c1	0x16bc
0x16c3	0x16bc
0x16c5	0x16bc
0x16ea	0x16bc
0x16f2	0x16bc
0x16f3	0x16bc
0x16fc	0x16f8
0x16fd	0x16f8
0x16ff	0x16f8
0x1702	0x1701
0x172b	0x1703
0x1734	0x1730
0x1735	0x1730
0x1737	0x1730
0x1778	0x1730
0x1779	0x1730
0x1782	0x177e
0x1783	0x177e
0x1785	0x177e
0x17c6	0x177e
0x17c7	0x177e
0x17d0	0x17cc
0x17d1	0x17cc
0x17d3	0x17cc
0x17f9	0x17cc
0x1801	0x17cc
0x180a	0x1806
0x180b	0x1806
0x180d	0x1806
0x1850	0x180f
0x1851	0x180f
0x185a	0x1856
0x185b	0x1856
0x185d	0x1856
0x1888	0x1856
0x1889	0x1856
0x1892	0x188e
0x1893	0x188e
0x1895	0x188e
0x1899	0x1897
0x18b9	0x1897
0x18c3	0x1897
0x18cb	0x1897
0x18cc	0x1897
0x18d7	0x18d1
0x18d8	0x18d1
0x18da	0x18d1
0x18db	0x18d1
0x18df	0x18d1
0x18e7	0x18e5
0x18ed	0x18ec
0x18ee	0x18ec
0x18ef	0x18ec
0x18f0	0x18ec
0x18fa	0x18ec
0x18fd	0x18ec
0x18ff	0x18ec
0x1903	0x18ec
0x1904	0x18ec
0x1906	0x18ec
0x190a	0x18ec
0x190b	0x18ec
0x1911	0x1910
0x1912	0x1910
0x1934	0x1910
0x193b	0x1910
0x193c	0x1910
0x1945	0x1941
0x1946	0x1941
0x1948	0x1941
0x194a	0x1941
0x1979	0x1950
0x197a	0x1950
0x1983	0x197f
0x1984	0x197f
0x1986	0x197f
0x19a4	0x197f
0x19a5	0x197f
0x19a6	0x197f
0x19a7	0x197f
0x19ab	0x197f
0x19b5	0x197f
0x19bd	0x197f
0x19be	0x197f
0x19bf	0x197f
0x19c0	0x197f
0x19c1	0x197f
0x19cc	0x19c6
0x19cd	0x19c6
0x19cf	0x19c6
0x19d1	0x19c6
0x19d4	0x19c6
0x19d5	0x19c6
0x19d6	0x19c6
0x19d7	0x19c6
0x19d8	0x19c6
0x19e8	0x19de
0x19eb	0x19de
0x19ed	0x19de
0x19f1	0x19de
0x19f2	0x19de
0x19f4	0x19de
0x19f8	0x19de
0x19f9	0x19de
0x1a0e	0x1a0d
0x1a22	0x1a21
0x1a4e	0x1a2c
0x1a55	0x1a2c
0x1a56	0x1a2c
0x1a5f	0x1a5b
0x1a60	0x1a5b
0x1a62	0x1a5b
0x1a9c	0x1a5b
0x1a9e	0x1a5b
0x1aa5	0x1a5b
0x1aa6	0x1a5b
0x1aa7	0x1a5b
0x1aa8	0x1a5b
0x1ab1	0x1aad
0x1ab2	0x1aad
0x1ab4	0x1aad
0x1af5	0x1aad
0x1af6	0x1aad
0x1aff	0x1afb
0x1b00	0x1afb
0x1b02	0x1afb
0x1b04	0x1afb
0x1b29	0x1afb
0x1b31	0x1afb
0x1b32	0x1afb
0x1b3b	0x1b37
0x1b3c	0x1b37
0x1b3e	0x1b37
0x1b41	0x1b40
0x1b6a	0x1b42
0x1b73	0x1b6f
0x1b74	0x1b6f
0x1b76	0x1b6f
0x1bb0	0x1b6f
0x1bb2	0x1b6f
0x1bb9	0x1b6f
0x1bba	0x1b6f
0x1bbb	0x1b6f
0x1bbc	0x1b6f
0x1bc5	0x1bc1
0x1bc6	0x1bc1
0x1bc8	0x1bc1
0x1c09	0x1bc1
0x1c0a	0x1bc1
0x1c13	0x1c0f
0x1c14	0x1c0f
0x1c16	0x1c0f
0x1c3c	0x1c0f
0x1c44	0x1c0f
0x1c4d	0x1c49
0x1c4e	0x1c49
0x1c50	0x1c49
0x1c8b	0x1c52
0x1c8c	0x1c52
0x1c95	0x1c52
0x1c96	0x1c52
0x1c97	0x1c52
0x1c98	0x1c52
0x1ca1	0x1c9d
0x1ca2	0x1c9d
0x1ca4	0x1c9d
0x1ccf	0x1c9d
0x1cd0	0x1c9d
0x1cd9	0x1cd5
0x1cda	0x1cd5
0x1cdc	0x1cd5
0x1cff	0x1cd5
0x1d06	0x1cd5
0x1d07	0x1cd5
0x1d10	0x1d0c
0x1d11	0x1d0c
0x1d13	0x1d0c
0x1d15	0x1d0c
0x1d44	0x1d1a
0x1d45	0x1d1a
0x1d4e	0x1d4a
0x1d4f	0x1d4a
0x1d51	0x1d4a
0x1d53	0x1d4a
0x1d84	0x1d4a
0x1d88	0x1d4a
0x1d92	0x1d4a
0x1d9a	0x1d4a
0x1d9b	0x1d4a
0x1d9c	0x1d4a
0x1da7	0x1da1
0x1da8	0x1da1
0x1daa	0x1da1
0x1dac	0x1da1
0x1daf	0x1da1
0x1db0	0x1da1
0x1db1	0x1da1
0x1db2	0x1da1
0x1db3	0x1da1
0x1dc3	0x1db9
0x1dc6	0x1db9
0x1dc8	0x1db9
0x1dcc	0x1db9
0x1dcd	0x1db9
0x1dcf	0x1db9
0x1dd3	0x1db9
0x1dd4	0x1db9
0x1de9	0x1de8
0x1dfd	0x1dfc
0x1e29	0x1e07
0x1e30	0x1e07
0x1e31	0x1e07
0x1e3a	0x1e36
0x1e3b	0x1e36
0x1e3d	0x1e36
0x1e77	0x1e36
0x1e7f	0x1e36
0x1e80	0x1e36
0x1e81	0x1e36
0x1e8a	0x1e86
0x1e8b	0x1e86
0x1e8d	0x1e86
0x1ece	0x1e86
0x1ecf	0x1e86
0x1ed8	0x1ed4
0x1ed9	0x1ed4
0x1edb	0x1ed4
0x1edd	0x1ed4
0x1f02	0x1ed4
0x1f0a	0x1ed4
0x1f0b	0x1ed4
0x1f14	0x1f10
0x1f15	0x1f10
0x1f17	0x1f10
0x1f1a	0x1f19
0x1f43	0x1f1b
0x1f4c	0x1f48
0x1f4d	0x1f48
0x1f4f	0x1f48
0x1f89	0x1f48
0x1f91	0x1f48
0x1f92	0x1f48
0x1f93	0x1f48
0x1f9c	0x1f98
0x1f9d	0x1f98
0x1f9f	0x1f98
0x1fe0	0x1f98
0x1fe1	0x1f98
0x1fea	0x1fe6
0x1feb	0x1fe6
0x1fed	0x1fe6
0x2013	0x1fe6
0x201b	0x1fe6
0x2024	0x2020
0x2025	0x2020
0x2027	0x2020
0x202a	0x2029
0x2063	0x2029
0x206c	0x2029
0x206d	0x2029
0x206e	0x2029
0x2077	0x2073
0x2078	0x2073
0x207a	0x2073
0x20a5	0x2073
0x20a6	0x2073
0x20af	0x20ab
0x20b0	0x20ab
0x20b2	0x20ab
0x20f5	0x20b4
0x20f6	0x20b4
0x20ff	0x20fb
0x2100	0x20fb
0x2102	0x20fb
0x2104	0x20fb
0x2105	0x20fb
0x2106	0x20fb
0x2107	0x20fb
0x2108	0x20fb
0x2109	0x20fb
0x210a	0x20fb
0x210b	0x20fb
0x210c	0x20fb
0x210d	0x20fb
0x210e	0x20fb
0x210f	0x20fb
0x2110	0x20fb
0x2128	0x2112
0x2141	0x212aB0x2149B0x215aB0x2169B0x149
0x2141	0x212aB0x2149B0x215aB0x2169B0x173
0x2141	0x212aB0x2149B0x215aB0x2443B0x381
0x2141	0x212aB0x2149B0x215aB0x2169B0x219
0x2141	0x212aB0x2149B0x215aB0x2757B0x872
0x2141	0x212aB0x2149B0x215aB0x276aB0x872
0x2141	0x212aB0x2149B0x215aB0x2777B0x872
0x2141	0x212aB0x2149B0x215aB0x2169B0x411
0x2141	0x212aB0x2149B0x215aB0x2169B0x5d8
0x2141	0x212aB0x2149B0x215aB0x2677B0x675
0x2141	0x212aB0x2149B0x215aB0x27edB0x8bc
0x2141	0x212aB0x2149B0x215aB0x2863B0x8f3
0x2141	0x212aB0x2149B0x215aB0x28d9B0x92a
0x2141	0x212aB0x2149B0x215aB0x294fB0x961
0x2141	0x212aB0x2149B0x215aB0x2169B0xb35
0x2141	0x212aB0x2149B0x215aB0x2169B0xe22
0x2141	0x212aB0x2149B0x215aB0x2169B0x1897
0x2141	0x212aB0x2149B0x215aB0x3522B0x197f
0x2141	0x212aB0x2149B0x215aB0x2443B0x1d4a
0x2141	0x212aB0x21a0B0x21acB0x21bdB0x21ceB0x19d
0x2141	0x212aB0x218bB0x21acB0x21bdB0x21ceB0x19d
0x2141	0x212aB0x2149B0x2203B0x2219B0x22b0B0x1d4
0x2141	0x212aB0x2149B0x2203B0x2219B0x23b6B0x23a
0x2141	0x212aB0x2149B0x2203B0x2219B0x23c7B0x23a
0x2141	0x212aB0x2149B0x2203B0x2219B0x23d8B0x23a
0x2141	0x212aB0x21a0B0x21acB0x240aB0x241bB0x26b
0x2141	0x212aB0x218bB0x21acB0x240aB0x241bB0x26b
0x2141	0x212aB0x2515B0x25c4B0x49f
0x2141	0x212aB0x2149B0x24e8B0x2539B0x25c4B0x49f
0x2141	0x212aB0x2149B0x24e8B0x255fB0x25c4B0x49f
0x2141	0x212aB0x2149B0x24e8B0x2524B0x25c4B0x49f
0x2143	0x212aB0x2149B0x215aB0x2169B0x149
0x2143	0x212aB0x2149B0x215aB0x2169B0x173
0x2143	0x212aB0x2149B0x215aB0x2443B0x381
0x2143	0x212aB0x2149B0x215aB0x2169B0x219
0x2143	0x212aB0x2149B0x215aB0x2757B0x872
0x2143	0x212aB0x2149B0x215aB0x276aB0x872
0x2143	0x212aB0x2149B0x215aB0x2777B0x872
0x2143	0x212aB0x2149B0x215aB0x2169B0x411
0x2143	0x212aB0x2149B0x215aB0x2169B0x5d8
0x2143	0x212aB0x2149B0x215aB0x2677B0x675
0x2143	0x212aB0x2149B0x215aB0x27edB0x8bc
0x2143	0x212aB0x2149B0x215aB0x2863B0x8f3
0x2143	0x212aB0x2149B0x215aB0x28d9B0x92a
0x2143	0x212aB0x2149B0x215aB0x294fB0x961
0x2143	0x212aB0x2149B0x215aB0x2169B0xb35
0x2143	0x212aB0x2149B0x215aB0x2169B0xe22
0x2143	0x212aB0x2149B0x215aB0x2169B0x1897
0x2143	0x212aB0x2149B0x215aB0x3522B0x197f
0x2143	0x212aB0x2149B0x215aB0x2443B0x1d4a
0x2143	0x212aB0x21a0B0x21acB0x21bdB0x21ceB0x19d
0x2143	0x212aB0x218bB0x21acB0x21bdB0x21ceB0x19d
0x2143	0x212aB0x2149B0x2203B0x2219B0x22b0B0x1d4
0x2143	0x212aB0x2149B0x2203B0x2219B0x23b6B0x23a
0x2143	0x212aB0x2149B0x2203B0x2219B0x23c7B0x23a
0x2143	0x212aB0x2149B0x2203B0x2219B0x23d8B0x23a
0x2143	0x212aB0x21a0B0x21acB0x240aB0x241bB0x26b
0x2143	0x212aB0x218bB0x21acB0x240aB0x241bB0x26b
0x2143	0x212aB0x2515B0x25c4B0x49f
0x2143	0x212aB0x2149B0x24e8B0x2539B0x25c4B0x49f
0x2143	0x212aB0x2149B0x24e8B0x255fB0x25c4B0x49f
0x2143	0x212aB0x2149B0x24e8B0x2524B0x25c4B0x49f
0x2144	0x212aB0x2149B0x215aB0x2169B0x149
0x2144	0x212aB0x2149B0x215aB0x2169B0x173
0x2144	0x212aB0x2149B0x215aB0x2443B0x381
0x2144	0x212aB0x2149B0x215aB0x2169B0x219
0x2144	0x212aB0x2149B0x215aB0x2757B0x872
0x2144	0x212aB0x2149B0x215aB0x276aB0x872
0x2144	0x212aB0x2149B0x215aB0x2777B0x872
0x2144	0x212aB0x2149B0x215aB0x2169B0x411
0x2144	0x212aB0x2149B0x215aB0x2169B0x5d8
0x2144	0x212aB0x2149B0x215aB0x2677B0x675
0x2144	0x212aB0x2149B0x215aB0x27edB0x8bc
0x2144	0x212aB0x2149B0x215aB0x2863B0x8f3
0x2144	0x212aB0x2149B0x215aB0x28d9B0x92a
0x2144	0x212aB0x2149B0x215aB0x294fB0x961
0x2144	0x212aB0x2149B0x215aB0x2169B0xb35
0x2144	0x212aB0x2149B0x215aB0x2169B0xe22
0x2144	0x212aB0x2149B0x215aB0x2169B0x1897
0x2144	0x212aB0x2149B0x215aB0x3522B0x197f
0x2144	0x212aB0x2149B0x215aB0x2443B0x1d4a
0x2144	0x212aB0x21a0B0x21acB0x21bdB0x21ceB0x19d
0x2144	0x212aB0x218bB0x21acB0x21bdB0x21ceB0x19d
0x2144	0x212aB0x2149B0x2203B0x2219B0x22b0B0x1d4
0x2144	0x212aB0x2149B0x2203B0x2219B0x23b6B0x23a
0x2144	0x212aB0x2149B0x2203B0x2219B0x23c7B0x23a
0x2144	0x212aB0x2149B0x2203B0x2219B0x23d8B0x23a
0x2144	0x212aB0x21a0B0x21acB0x240aB0x241bB0x26b
0x2144	0x212aB0x218bB0x21acB0x240aB0x241bB0x26b
0x2144	0x212aB0x2515B0x25c4B0x49f
0x2144	0x212aB0x2149B0x24e8B0x2539B0x25c4B0x49f
0x2144	0x212aB0x2149B0x24e8B0x255fB0x25c4B0x49f
0x2144	0x212aB0x2149B0x24e8B0x2524B0x25c4B0x49f
0x2145	0x212aB0x2149B0x215aB0x2169B0x149
0x2145	0x212aB0x2149B0x215aB0x2169B0x173
0x2145	0x212aB0x2149B0x215aB0x2443B0x381
0x2145	0x212aB0x2149B0x215aB0x2169B0x219
0x2145	0x212aB0x2149B0x215aB0x2757B0x872
0x2145	0x212aB0x2149B0x215aB0x276aB0x872
0x2145	0x212aB0x2149B0x215aB0x2777B0x872
0x2145	0x212aB0x2149B0x215aB0x2169B0x411
0x2145	0x212aB0x2149B0x215aB0x2169B0x5d8
0x2145	0x212aB0x2149B0x215aB0x2677B0x675
0x2145	0x212aB0x2149B0x215aB0x27edB0x8bc
0x2145	0x212aB0x2149B0x215aB0x2863B0x8f3
0x2145	0x212aB0x2149B0x215aB0x28d9B0x92a
0x2145	0x212aB0x2149B0x215aB0x294fB0x961
0x2145	0x212aB0x2149B0x215aB0x2169B0xb35
0x2145	0x212aB0x2149B0x215aB0x2169B0xe22
0x2145	0x212aB0x2149B0x215aB0x2169B0x1897
0x2145	0x212aB0x2149B0x215aB0x3522B0x197f
0x2145	0x212aB0x2149B0x215aB0x2443B0x1d4a
0x2145	0x212aB0x21a0B0x21acB0x21bdB0x21ceB0x19d
0x2145	0x212aB0x218bB0x21acB0x21bdB0x21ceB0x19d
0x2145	0x212aB0x2149B0x2203B0x2219B0x22b0B0x1d4
0x2145	0x212aB0x2149B0x2203B0x2219B0x23b6B0x23a
0x2145	0x212aB0x2149B0x2203B0x2219B0x23c7B0x23a
0x2145	0x212aB0x2149B0x2203B0x2219B0x23d8B0x23a
0x2145	0x212aB0x21a0B0x21acB0x240aB0x241bB0x26b
0x2145	0x212aB0x218bB0x21acB0x240aB0x241bB0x26b
0x2145	0x212aB0x2515B0x25c4B0x49f
0x2145	0x212aB0x2149B0x24e8B0x2539B0x25c4B0x49f
0x2145	0x212aB0x2149B0x24e8B0x255fB0x25c4B0x49f
0x2145	0x212aB0x2149B0x24e8B0x2524B0x25c4B0x49f
0x2146	0x212aB0x2149B0x215aB0x2169B0x149
0x2146	0x212aB0x2149B0x215aB0x2169B0x173
0x2146	0x212aB0x2149B0x215aB0x2443B0x381
0x2146	0x212aB0x2149B0x215aB0x2169B0x219
0x2146	0x212aB0x2149B0x215aB0x2757B0x872
0x2146	0x212aB0x2149B0x215aB0x276aB0x872
0x2146	0x212aB0x2149B0x215aB0x2777B0x872
0x2146	0x212aB0x2149B0x215aB0x2169B0x411
0x2146	0x212aB0x2149B0x215aB0x2169B0x5d8
0x2146	0x212aB0x2149B0x215aB0x2677B0x675
0x2146	0x212aB0x2149B0x215aB0x27edB0x8bc
0x2146	0x212aB0x2149B0x215aB0x2863B0x8f3
0x2146	0x212aB0x2149B0x215aB0x28d9B0x92a
0x2146	0x212aB0x2149B0x215aB0x294fB0x961
0x2146	0x212aB0x2149B0x215aB0x2169B0xb35
0x2146	0x212aB0x2149B0x215aB0x2169B0xe22
0x2146	0x212aB0x2149B0x215aB0x2169B0x1897
0x2146	0x212aB0x2149B0x215aB0x3522B0x197f
0x2146	0x212aB0x2149B0x215aB0x2443B0x1d4a
0x2146	0x212aB0x21a0B0x21acB0x21bdB0x21ceB0x19d
0x2146	0x212aB0x218bB0x21acB0x21bdB0x21ceB0x19d
0x2146	0x212aB0x2149B0x2203B0x2219B0x22b0B0x1d4
0x2146	0x212aB0x2149B0x2203B0x2219B0x23b6B0x23a
0x2146	0x212aB0x2149B0x2203B0x2219B0x23c7B0x23a
0x2146	0x212aB0x2149B0x2203B0x2219B0x23d8B0x23a
0x2146	0x212aB0x21a0B0x21acB0x240aB0x241bB0x26b
0x2146	0x212aB0x218bB0x21acB0x240aB0x241bB0x26b
0x2146	0x212aB0x2515B0x25c4B0x49f
0x2146	0x212aB0x2149B0x24e8B0x2539B0x25c4B0x49f
0x2146	0x212aB0x2149B0x24e8B0x255fB0x25c4B0x49f
0x2146	0x212aB0x2149B0x24e8B0x2524B0x25c4B0x49f
0x2147	0x212aB0x2149B0x215aB0x2169B0x149
0x2147	0x212aB0x2149B0x215aB0x2169B0x173
0x2147	0x212aB0x2149B0x215aB0x2443B0x381
0x2147	0x212aB0x2149B0x215aB0x2169B0x219
0x2147	0x212aB0x2149B0x215aB0x2757B0x872
0x2147	0x212aB0x2149B0x215aB0x276aB0x872
0x2147	0x212aB0x2149B0x215aB0x2777B0x872
0x2147	0x212aB0x2149B0x215aB0x2169B0x411
0x2147	0x212aB0x2149B0x215aB0x2169B0x5d8
0x2147	0x212aB0x2149B0x215aB0x2677B0x675
0x2147	0x212aB0x2149B0x215aB0x27edB0x8bc
0x2147	0x212aB0x2149B0x215aB0x2863B0x8f3
0x2147	0x212aB0x2149B0x215aB0x28d9B0x92a
0x2147	0x212aB0x2149B0x215aB0x294fB0x961
0x2147	0x212aB0x2149B0x215aB0x2169B0xb35
0x2147	0x212aB0x2149B0x215aB0x2169B0xe22
0x2147	0x212aB0x2149B0x215aB0x2169B0x1897
0x2147	0x212aB0x2149B0x215aB0x3522B0x197f
0x2147	0x212aB0x2149B0x215aB0x2443B0x1d4a
0x2147	0x212aB0x21a0B0x21acB0x21bdB0x21ceB0x19d
0x2147	0x212aB0x218bB0x21acB0x21bdB0x21ceB0x19d
0x2147	0x212aB0x2149B0x2203B0x2219B0x22b0B0x1d4
0x2147	0x212aB0x2149B0x2203B0x2219B0x23b6B0x23a
0x2147	0x212aB0x2149B0x2203B0x2219B0x23c7B0x23a
0x2147	0x212aB0x2149B0x2203B0x2219B0x23d8B0x23a
0x2147	0x212aB0x21a0B0x21acB0x240aB0x241bB0x26b
0x2147	0x212aB0x218bB0x21acB0x240aB0x241bB0x26b
0x2147	0x212aB0x2515B0x25c4B0x49f
0x2147	0x212aB0x2149B0x24e8B0x2539B0x25c4B0x49f
0x2147	0x212aB0x2149B0x24e8B0x255fB0x25c4B0x49f
0x2147	0x212aB0x2149B0x24e8B0x2524B0x25c4B0x49f
0x214e	0x2149B0x215aB0x2169B0x149
0x214e	0x2149B0x215aB0x2169B0x173
0x214e	0x2149B0x215aB0x2443B0x381
0x214e	0x2149B0x215aB0x2169B0x219
0x214e	0x2149B0x215aB0x2757B0x872
0x214e	0x2149B0x215aB0x276aB0x872
0x214e	0x2149B0x215aB0x2777B0x872
0x214e	0x2149B0x215aB0x2169B0x411
0x214e	0x2149B0x215aB0x2169B0x5d8
0x214e	0x2149B0x215aB0x2677B0x675
0x214e	0x2149B0x215aB0x27edB0x8bc
0x214e	0x2149B0x215aB0x2863B0x8f3
0x214e	0x2149B0x215aB0x28d9B0x92a
0x214e	0x2149B0x215aB0x294fB0x961
0x214e	0x2149B0x215aB0x2169B0xb35
0x214e	0x2149B0x215aB0x2169B0xe22
0x214e	0x2149B0x215aB0x2169B0x1897
0x214e	0x2149B0x215aB0x3522B0x197f
0x214e	0x2149B0x215aB0x2443B0x1d4a
0x214e	0x2149B0x2203B0x2219B0x22b0B0x1d4
0x214e	0x2149B0x2203B0x2219B0x23b6B0x23a
0x214e	0x2149B0x2203B0x2219B0x23c7B0x23a
0x214e	0x2149B0x2203B0x2219B0x23d8B0x23a
0x214e	0x2149B0x24e8B0x2539B0x25c4B0x49f
0x214e	0x2149B0x24e8B0x255fB0x25c4B0x49f
0x214e	0x2149B0x24e8B0x2524B0x25c4B0x49f
0x2154	0x2153B0x215aB0x2169B0x149
0x2154	0x2153B0x215aB0x2169B0x173
0x2154	0x2153B0x215aB0x2443B0x381
0x2154	0x2153B0x215aB0x2169B0x219
0x2154	0x2153B0x215aB0x2757B0x872
0x2154	0x2153B0x215aB0x276aB0x872
0x2154	0x2153B0x215aB0x2777B0x872
0x2154	0x2153B0x215aB0x2169B0x411
0x2154	0x2153B0x215aB0x2169B0x5d8
0x2154	0x2153B0x215aB0x2677B0x675
0x2154	0x2153B0x215aB0x27edB0x8bc
0x2154	0x2153B0x215aB0x2863B0x8f3
0x2154	0x2153B0x215aB0x28d9B0x92a
0x2154	0x2153B0x215aB0x294fB0x961
0x2154	0x2153B0x215aB0x2169B0xb35
0x2154	0x2153B0x215aB0x2169B0xe22
0x2154	0x2153B0x215aB0x2169B0x1897
0x2154	0x2153B0x215aB0x3522B0x197f
0x2154	0x2153B0x215aB0x2443B0x1d4a
0x2154	0x2153B0x2203B0x2219B0x22b0B0x1d4
0x2154	0x2153B0x2203B0x2219B0x23b6B0x23a
0x2154	0x2153B0x2203B0x2219B0x23c7B0x23a
0x2154	0x2153B0x2203B0x2219B0x23d8B0x23a
0x2154	0x2153B0x24e8B0x2539B0x25c4B0x49f
0x2154	0x2153B0x24e8B0x255fB0x25c4B0x49f
0x2154	0x2153B0x24e8B0x2524B0x25c4B0x49f
0x2155	0x2153B0x215aB0x2169B0x149
0x2155	0x2153B0x215aB0x2169B0x173
0x2155	0x2153B0x215aB0x2443B0x381
0x2155	0x2153B0x215aB0x2169B0x219
0x2155	0x2153B0x215aB0x2757B0x872
0x2155	0x2153B0x215aB0x276aB0x872
0x2155	0x2153B0x215aB0x2777B0x872
0x2155	0x2153B0x215aB0x2169B0x411
0x2155	0x2153B0x215aB0x2169B0x5d8
0x2155	0x2153B0x215aB0x2677B0x675
0x2155	0x2153B0x215aB0x27edB0x8bc
0x2155	0x2153B0x215aB0x2863B0x8f3
0x2155	0x2153B0x215aB0x28d9B0x92a
0x2155	0x2153B0x215aB0x294fB0x961
0x2155	0x2153B0x215aB0x2169B0xb35
0x2155	0x2153B0x215aB0x2169B0xe22
0x2155	0x2153B0x215aB0x2169B0x1897
0x2155	0x2153B0x215aB0x3522B0x197f
0x2155	0x2153B0x215aB0x2443B0x1d4a
0x2155	0x2153B0x2203B0x2219B0x22b0B0x1d4
0x2155	0x2153B0x2203B0x2219B0x23b6B0x23a
0x2155	0x2153B0x2203B0x2219B0x23c7B0x23a
0x2155	0x2153B0x2203B0x2219B0x23d8B0x23a
0x2155	0x2153B0x24e8B0x2539B0x25c4B0x49f
0x2155	0x2153B0x24e8B0x255fB0x25c4B0x49f
0x2155	0x2153B0x24e8B0x2524B0x25c4B0x49f
0x2156	0x2153B0x215aB0x2169B0x149
0x2156	0x2153B0x215aB0x2169B0x173
0x2156	0x2153B0x215aB0x2443B0x381
0x2156	0x2153B0x215aB0x2169B0x219
0x2156	0x2153B0x215aB0x2757B0x872
0x2156	0x2153B0x215aB0x276aB0x872
0x2156	0x2153B0x215aB0x2777B0x872
0x2156	0x2153B0x215aB0x2169B0x411
0x2156	0x2153B0x215aB0x2169B0x5d8
0x2156	0x2153B0x215aB0x2677B0x675
0x2156	0x2153B0x215aB0x27edB0x8bc
0x2156	0x2153B0x215aB0x2863B0x8f3
0x2156	0x2153B0x215aB0x28d9B0x92a
0x2156	0x2153B0x215aB0x294fB0x961
0x2156	0x2153B0x215aB0x2169B0xb35
0x2156	0x2153B0x215aB0x2169B0xe22
0x2156	0x2153B0x215aB0x2169B0x1897
0x2156	0x2153B0x215aB0x3522B0x197f
0x2156	0x2153B0x215aB0x2443B0x1d4a
0x2156	0x2153B0x2203B0x2219B0x22b0B0x1d4
0x2156	0x2153B0x2203B0x2219B0x23b6B0x23a
0x2156	0x2153B0x2203B0x2219B0x23c7B0x23a
0x2156	0x2153B0x2203B0x2219B0x23d8B0x23a
0x2156	0x2153B0x24e8B0x2539B0x25c4B0x49f
0x2156	0x2153B0x24e8B0x255fB0x25c4B0x49f
0x2156	0x2153B0x24e8B0x2524B0x25c4B0x49f
0x2157	0x2153B0x215aB0x2169B0x149
0x2157	0x2153B0x215aB0x2169B0x173
0x2157	0x2153B0x215aB0x2443B0x381
0x2157	0x2153B0x215aB0x2169B0x219
0x2157	0x2153B0x215aB0x2757B0x872
0x2157	0x2153B0x215aB0x276aB0x872
0x2157	0x2153B0x215aB0x2777B0x872
0x2157	0x2153B0x215aB0x2169B0x411
0x2157	0x2153B0x215aB0x2169B0x5d8
0x2157	0x2153B0x215aB0x2677B0x675
0x2157	0x2153B0x215aB0x27edB0x8bc
0x2157	0x2153B0x215aB0x2863B0x8f3
0x2157	0x2153B0x215aB0x28d9B0x92a
0x2157	0x2153B0x215aB0x294fB0x961
0x2157	0x2153B0x215aB0x2169B0xb35
0x2157	0x2153B0x215aB0x2169B0xe22
0x2157	0x2153B0x215aB0x2169B0x1897
0x2157	0x2153B0x215aB0x3522B0x197f
0x2157	0x2153B0x215aB0x2443B0x1d4a
0x2157	0x2153B0x2203B0x2219B0x22b0B0x1d4
0x2157	0x2153B0x2203B0x2219B0x23b6B0x23a
0x2157	0x2153B0x2203B0x2219B0x23c7B0x23a
0x2157	0x2153B0x2203B0x2219B0x23d8B0x23a
0x2157	0x2153B0x24e8B0x2539B0x25c4B0x49f
0x2157	0x2153B0x24e8B0x255fB0x25c4B0x49f
0x2157	0x2153B0x24e8B0x2524B0x25c4B0x49f
0x2158	0x2153B0x215aB0x2169B0x149
0x2158	0x2153B0x215aB0x2169B0x173
0x2158	0x2153B0x215aB0x2443B0x381
0x2158	0x2153B0x215aB0x2169B0x219
0x2158	0x2153B0x215aB0x2757B0x872
0x2158	0x2153B0x215aB0x276aB0x872
0x2158	0x2153B0x215aB0x2777B0x872
0x2158	0x2153B0x215aB0x2169B0x411
0x2158	0x2153B0x215aB0x2169B0x5d8
0x2158	0x2153B0x215aB0x2677B0x675
0x2158	0x2153B0x215aB0x27edB0x8bc
0x2158	0x2153B0x215aB0x2863B0x8f3
0x2158	0x2153B0x215aB0x28d9B0x92a
0x2158	0x2153B0x215aB0x294fB0x961
0x2158	0x2153B0x215aB0x2169B0xb35
0x2158	0x2153B0x215aB0x2169B0xe22
0x2158	0x2153B0x215aB0x2169B0x1897
0x2158	0x2153B0x215aB0x3522B0x197f
0x2158	0x2153B0x215aB0x2443B0x1d4a
0x2158	0x2153B0x2203B0x2219B0x22b0B0x1d4
0x2158	0x2153B0x2203B0x2219B0x23b6B0x23a
0x2158	0x2153B0x2203B0x2219B0x23c7B0x23a
0x2158	0x2153B0x2203B0x2219B0x23d8B0x23a
0x2158	0x2153B0x24e8B0x2539B0x25c4B0x49f
0x2158	0x2153B0x24e8B0x255fB0x25c4B0x49f
0x2158	0x2153B0x24e8B0x2524B0x25c4B0x49f
0x215e	0x215aB0x2169B0x149
0x215e	0x215aB0x2169B0x173
0x215e	0x215aB0x2443B0x381
0x215e	0x215aB0x2169B0x219
0x215e	0x215aB0x2757B0x872
0x215e	0x215aB0x276aB0x872
0x215e	0x215aB0x2777B0x872
0x215e	0x215aB0x2169B0x411
0x215e	0x215aB0x2169B0x5d8
0x215e	0x215aB0x2677B0x675
0x215e	0x215aB0x27edB0x8bc
0x215e	0x215aB0x2863B0x8f3
0x215e	0x215aB0x28d9B0x92a
0x215e	0x215aB0x294fB0x961
0x215e	0x215aB0x2169B0xb35
0x215e	0x215aB0x2169B0xe22
0x215e	0x215aB0x2169B0x1897
0x215e	0x215aB0x3522B0x197f
0x215e	0x215aB0x2443B0x1d4a
0x2164	0x2163B0x2169B0x149
0x2164	0x2163B0x2169B0x173
0x2164	0x2163B0x2443B0x381
0x2164	0x2163B0x2169B0x219
0x2164	0x2163B0x2757B0x872
0x2164	0x2163B0x276aB0x872
0x2164	0x2163B0x2777B0x872
0x2164	0x2163B0x2169B0x411
0x2164	0x2163B0x2169B0x5d8
0x2164	0x2163B0x2677B0x675
0x2164	0x2163B0x27edB0x8bc
0x2164	0x2163B0x2863B0x8f3
0x2164	0x2163B0x28d9B0x92a
0x2164	0x2163B0x294fB0x961
0x2164	0x2163B0x2169B0xb35
0x2164	0x2163B0x2169B0xe22
0x2164	0x2163B0x2169B0x1897
0x2164	0x2163B0x3522B0x197f
0x2164	0x2163B0x2443B0x1d4a
0x2166	0x2163B0x2169B0x149
0x2166	0x2163B0x2169B0x173
0x2166	0x2163B0x2443B0x381
0x2166	0x2163B0x2169B0x219
0x2166	0x2163B0x2757B0x872
0x2166	0x2163B0x276aB0x872
0x2166	0x2163B0x2777B0x872
0x2166	0x2163B0x2169B0x411
0x2166	0x2163B0x2169B0x5d8
0x2166	0x2163B0x2677B0x675
0x2166	0x2163B0x27edB0x8bc
0x2166	0x2163B0x2863B0x8f3
0x2166	0x2163B0x28d9B0x92a
0x2166	0x2163B0x294fB0x961
0x2166	0x2163B0x2169B0xb35
0x2166	0x2163B0x2169B0xe22
0x2166	0x2163B0x2169B0x1897
0x2166	0x2163B0x3522B0x197f
0x2166	0x2163B0x2443B0x1d4a
0x2167	0x2163B0x2169B0x149
0x2167	0x2163B0x2169B0x173
0x2167	0x2163B0x2443B0x381
0x2167	0x2163B0x2169B0x219
0x2167	0x2163B0x2757B0x872
0x2167	0x2163B0x276aB0x872
0x2167	0x2163B0x2777B0x872
0x2167	0x2163B0x2169B0x411
0x2167	0x2163B0x2169B0x5d8
0x2167	0x2163B0x2677B0x675
0x2167	0x2163B0x27edB0x8bc
0x2167	0x2163B0x2863B0x8f3
0x2167	0x2163B0x28d9B0x92a
0x2167	0x2163B0x294fB0x961
0x2167	0x2163B0x2169B0xb35
0x2167	0x2163B0x2169B0xe22
0x2167	0x2163B0x2169B0x1897
0x2167	0x2163B0x3522B0x197f
0x2167	0x2163B0x2443B0x1d4a
0x216d	0x2169B0x149
0x216d	0x2169B0x173
0x216d	0x2169B0x219
0x216d	0x2169B0x411
0x216d	0x2169B0x5d8
0x216d	0x2169B0xb35
0x216d	0x2169B0xe22
0x216d	0x2169B0x1897
0x216f	0x2169B0x149
0x216f	0x2169B0x173
0x216f	0x2169B0x219
0x216f	0x2169B0x411
0x216f	0x2169B0x5d8
0x216f	0x2169B0xb35
0x216f	0x2169B0xe22
0x216f	0x2169B0x1897
0x2170	0x2169B0x149
0x2170	0x2169B0x173
0x2170	0x2169B0x219
0x2170	0x2169B0x411
0x2170	0x2169B0x5d8
0x2170	0x2169B0xb35
0x2170	0x2169B0xe22
0x2170	0x2169B0x1897
0x2175	0x2169B0x149
0x2175	0x2169B0x173
0x2175	0x2169B0x219
0x2175	0x2169B0x411
0x2175	0x2169B0x5d8
0x2175	0x2169B0xb35
0x2175	0x2169B0xe22
0x2175	0x2169B0x1897
0x2177	0x2169B0x149
0x2177	0x2169B0x173
0x2177	0x2169B0x219
0x2177	0x2169B0x411
0x2177	0x2169B0x5d8
0x2177	0x2169B0xb35
0x2177	0x2169B0xe22
0x2177	0x2169B0x1897
0x217d	0x217cB0x149
0x217d	0x217cB0x173
0x217d	0x217cB0x219
0x217d	0x217cB0x411
0x217d	0x217cB0x5d8
0x217d	0x217cB0xb35
0x217d	0x217cB0xe22
0x217d	0x217cB0x1897
0x217e	0x217cB0x149
0x217e	0x217cB0x173
0x217e	0x217cB0x219
0x217e	0x217cB0x411
0x217e	0x217cB0x5d8
0x217e	0x217cB0xb35
0x217e	0x217cB0xe22
0x217e	0x217cB0x1897
0x217f	0x217cB0x149
0x217f	0x217cB0x173
0x217f	0x217cB0x219
0x217f	0x217cB0x411
0x217f	0x217cB0x5d8
0x217f	0x217cB0xb35
0x217f	0x217cB0xe22
0x217f	0x217cB0x1897
0x2180	0x217cB0x149
0x2180	0x217cB0x173
0x2180	0x217cB0x219
0x2180	0x217cB0x411
0x2180	0x217cB0x5d8
0x2180	0x217cB0xb35
0x2180	0x217cB0xe22
0x2180	0x217cB0x1897
0x2184	0x2182B0x2657B0x2668B0x268aB0x675
0x2184	0x2182B0x2657B0x2668B0x35f5B0x1a5b
0x2184	0x2182B0x2657B0x2668B0x35f5B0x1b6f
0x2184	0x2182B0x219bB0x21acB0x21bdB0x21ceB0x19d
0x2184	0x2182B0x219bB0x21acB0x240aB0x241bB0x26b
0x2185	0x2182B0x2657B0x2668B0x268aB0x675
0x2185	0x2182B0x2657B0x2668B0x35f5B0x1a5b
0x2185	0x2182B0x2657B0x2668B0x35f5B0x1b6f
0x2185	0x2182B0x219bB0x21acB0x21bdB0x21ceB0x19d
0x2185	0x2182B0x219bB0x21acB0x240aB0x241bB0x26b
0x2186	0x2182B0x2657B0x2668B0x268aB0x675
0x2186	0x2182B0x2657B0x2668B0x35f5B0x1a5b
0x2186	0x2182B0x2657B0x2668B0x35f5B0x1b6f
0x2186	0x2182B0x219bB0x21acB0x21bdB0x21ceB0x19d
0x2186	0x2182B0x219bB0x21acB0x240aB0x241bB0x26b
0x2187	0x2182B0x2657B0x2668B0x268aB0x675
0x2187	0x2182B0x2657B0x2668B0x35f5B0x1a5b
0x2187	0x2182B0x2657B0x2668B0x35f5B0x1b6f
0x2187	0x2182B0x219bB0x21acB0x21bdB0x21ceB0x19d
0x2187	0x2182B0x219bB0x21acB0x240aB0x241bB0x26b
0x2188	0x2182B0x2657B0x2668B0x268aB0x675
0x2188	0x2182B0x2657B0x2668B0x35f5B0x1a5b
0x2188	0x2182B0x2657B0x2668B0x35f5B0x1b6f
0x2188	0x2182B0x219bB0x21acB0x21bdB0x21ceB0x19d
0x2188	0x2182B0x219bB0x21acB0x240aB0x241bB0x26b
0x2189	0x2182B0x2657B0x2668B0x268aB0x675
0x2189	0x2182B0x2657B0x2668B0x35f5B0x1a5b
0x2189	0x2182B0x2657B0x2668B0x35f5B0x1b6f
0x2189	0x2182B0x219bB0x21acB0x21bdB0x21ceB0x19d
0x2189	0x2182B0x219bB0x21acB0x240aB0x241bB0x26b
0x2196	0x218bB0x21acB0x21bdB0x21ceB0x19d
0x2196	0x218bB0x21acB0x240aB0x241bB0x26b
0x21a6	0x21a5B0x21acB0x21bdB0x21ceB0x19d
0x21a6	0x21a5B0x21acB0x240aB0x241bB0x26b
0x21a7	0x21a5B0x21acB0x21bdB0x21ceB0x19d
0x21a7	0x21a5B0x21acB0x240aB0x241bB0x26b
0x21a8	0x21a5B0x21acB0x21bdB0x21ceB0x19d
0x21a8	0x21a5B0x21acB0x240aB0x241bB0x26b
0x21a9	0x21a5B0x21acB0x21bdB0x21ceB0x19d
0x21a9	0x21a5B0x21acB0x240aB0x241bB0x26b
0x21aa	0x21a5B0x21acB0x21bdB0x21ceB0x19d
0x21aa	0x21a5B0x21acB0x240aB0x241bB0x26b
0x21b1	0x21acB0x21bdB0x21ceB0x19d
0x21b1	0x21acB0x240aB0x241bB0x26b
0x21b7	0x21b6B0x21bdB0x21ceB0x19d
0x21b7	0x21b6B0x240aB0x241bB0x26b
0x21b8	0x21b6B0x21bdB0x21ceB0x19d
0x21b8	0x21b6B0x240aB0x241bB0x26b
0x21b9	0x21b6B0x21bdB0x21ceB0x19d
0x21b9	0x21b6B0x240aB0x241bB0x26b
0x21ba	0x21b6B0x21bdB0x21ceB0x19d
0x21ba	0x21b6B0x240aB0x241bB0x26b
0x21bb	0x21b6B0x21bdB0x21ceB0x19d
0x21bb	0x21b6B0x240aB0x241bB0x26b
0x21c2	0x21bdB0x21ceB0x19d
0x21c8	0x21c7B0x21ceB0x19d
0x21c9	0x21c7B0x21ceB0x19d
0x21ca	0x21c7B0x21ceB0x19d
0x21cb	0x21c7B0x21ceB0x19d
0x21cc	0x21c7B0x21ceB0x19d
0x21d2	0x21ceB0x19d
0x21d8	0x21d7B0x19d
0x21da	0x21d7B0x19d
0x21db	0x21d7B0x19d
0x21e1	0x21ddB0x19d
0x21e3	0x21ddB0x19d
0x21e4	0x21ddB0x19d
0x21e9	0x21ddB0x19d
0x21eb	0x21ddB0x19d
0x21f1	0x21f0B0x19d
0x21f2	0x21f0B0x19d
0x21f3	0x21f0B0x19d
0x21f4	0x21f0B0x19d
0x21fb	0x21f6B0xbd4
0x21fb	0x21f6B0xf14
0x21fb	0x21f6B0x1279
0x21fb	0x21f6B0x15de
0x21fb	0x21f6B0x1a19
0x21fb	0x21f6B0x1df4
0x21fc	0x21f6B0xbd4
0x21fc	0x21f6B0xf14
0x21fc	0x21f6B0x1279
0x21fc	0x21f6B0x15de
0x21fc	0x21f6B0x1a19
0x21fc	0x21f6B0x1df4
0x21fd	0x21f6B0xbd4
0x21fd	0x21f6B0xf14
0x21fd	0x21f6B0x1279
0x21fd	0x21f6B0x15de
0x21fd	0x21f6B0x1a19
0x21fd	0x21f6B0x1df4
0x2207	0x2203B0x2219B0x22b0B0x1d4
0x2207	0x2203B0x2219B0x23b6B0x23a
0x2207	0x2203B0x2219B0x23c7B0x23a
0x2207	0x2203B0x2219B0x23d8B0x23a
0x220d	0x220cB0x2219B0x22b0B0x1d4
0x220d	0x220cB0x2219B0x23b6B0x23a
0x220d	0x220cB0x2219B0x23c7B0x23a
0x220d	0x220cB0x2219B0x23d8B0x23a
0x2214	0x2213B0x2219B0x22b0B0x1d4
0x2214	0x2213B0x2219B0x23b6B0x23a
0x2214	0x2213B0x2219B0x23c7B0x23a
0x2214	0x2213B0x2219B0x23d8B0x23a
0x2217	0x2216B0x2219B0x22b0B0x1d4
0x2217	0x2216B0x2219B0x23b6B0x23a
0x2217	0x2216B0x2219B0x23c7B0x23a
0x2217	0x2216B0x2219B0x23d8B0x23a
0x221b	0x2219B0x22b0B0x1d4
0x221b	0x2219B0x23b6B0x23a
0x221b	0x2219B0x23c7B0x23a
0x221b	0x2219B0x23d8B0x23a
0x221d	0x2219B0x22b0B0x1d4
0x221d	0x2219B0x23b6B0x23a
0x221d	0x2219B0x23c7B0x23a
0x221d	0x2219B0x23d8B0x23a
0x221e	0x2219B0x22b0B0x1d4
0x221e	0x2219B0x23b6B0x23a
0x221e	0x2219B0x23c7B0x23a
0x221e	0x2219B0x23d8B0x23a
0x2222	0x2219B0x22b0B0x1d4
0x2222	0x2219B0x23b6B0x23a
0x2222	0x2219B0x23c7B0x23a
0x2222	0x2219B0x23d8B0x23a
0x2228	0x2227B0x22b0B0x1d4
0x2228	0x2227B0x23b6B0x23a
0x2228	0x2227B0x23c7B0x23a
0x2228	0x2227B0x23d8B0x23a
0x2229	0x2227B0x22b0B0x1d4
0x2229	0x2227B0x23b6B0x23a
0x2229	0x2227B0x23c7B0x23a
0x2229	0x2227B0x23d8B0x23a
0x222a	0x2227B0x22b0B0x1d4
0x222a	0x2227B0x23b6B0x23a
0x222a	0x2227B0x23c7B0x23a
0x222a	0x2227B0x23d8B0x23a
0x222b	0x2227B0x22b0B0x1d4
0x222b	0x2227B0x23b6B0x23a
0x222b	0x2227B0x23c7B0x23a
0x222b	0x2227B0x23d8B0x23a
0x222f	0x222dB0x22fcB0x230bB0x1ef
0x222f	0x222dB0x2236B0x24a9B0x24d2B0x47b
0x222f	0x222dB0x2236B0x24a9B0x24d2B0x5b4
0x222f	0x222dB0x2236B0x24a9B0x24d2B0x642
0x222f	0x222dB0x22fcB0x230bB0x706
0x222f	0x222dB0x22fcB0x2ae5B0xb04
0x222f	0x222dB0x2236B0x24a9B0x24d2B0x18ec
0x222f	0x222dB0x22fcB0x3488B0x1910
0x222f	0x222dB0x22fcB0x36b0B0x1c52
0x222f	0x222dB0x22fcB0x36c3B0x1c52
0x222f	0x222dB0x22fcB0x3772B0x1cd5
0x222f	0x222dB0x22fcB0x387aB0x2029
0x222f	0x222dB0x22fcB0x387aB0x1e36
0x222f	0x222dB0x22fcB0x387aB0x1f48
0x222f	0x222dB0x2236B0x24a9B0x24d2B0x19de
0x222f	0x222dB0x22fcB0x2456B0x381
0x222f	0x222dB0x265cB0x2668B0x268aB0x675
0x222f	0x222dB0x22fcB0x3535B0x197f
0x222f	0x222dB0x22fcB0x3542B0x197f
0x222f	0x222dB0x22fcB0x35e2B0x1a5b
0x222f	0x222dB0x265cB0x2668B0x35f5B0x1a5b
0x222f	0x222dB0x22fcB0x35e2B0x1b6f
0x222f	0x222dB0x265cB0x2668B0x35f5B0x1b6f
0x222f	0x222dB0x22fcB0x2456B0x1d4a
0x222f	0x222dB0x2236B0x224cB0x22bdB0x1d4
0x222f	0x222dB0x2236B0x224cB0x22ceB0x1d4
0x222f	0x222dB0x2506B0x2572B0x25c4B0x49f
0x222f	0x222dB0x2506B0x2585B0x25c4B0x49f
0x222f	0x222dB0x2506B0x2598B0x25c4B0x49f
0x222f	0x222dB0x260bB0x666
0x222f	0x222dB0x2615B0x666
0x222f	0x222dB0x2a51B0xaf5
0x222f	0x222dB0x2a5bB0xaf5
0x2230	0x222dB0x22fcB0x230bB0x1ef
0x2230	0x222dB0x2236B0x24a9B0x24d2B0x47b
0x2230	0x222dB0x2236B0x24a9B0x24d2B0x5b4
0x2230	0x222dB0x2236B0x24a9B0x24d2B0x642
0x2230	0x222dB0x22fcB0x230bB0x706
0x2230	0x222dB0x22fcB0x2ae5B0xb04
0x2230	0x222dB0x2236B0x24a9B0x24d2B0x18ec
0x2230	0x222dB0x22fcB0x3488B0x1910
0x2230	0x222dB0x22fcB0x36b0B0x1c52
0x2230	0x222dB0x22fcB0x36c3B0x1c52
0x2230	0x222dB0x22fcB0x3772B0x1cd5
0x2230	0x222dB0x22fcB0x387aB0x2029
0x2230	0x222dB0x22fcB0x387aB0x1e36
0x2230	0x222dB0x22fcB0x387aB0x1f48
0x2230	0x222dB0x2236B0x24a9B0x24d2B0x19de
0x2230	0x222dB0x22fcB0x2456B0x381
0x2230	0x222dB0x265cB0x2668B0x268aB0x675
0x2230	0x222dB0x22fcB0x3535B0x197f
0x2230	0x222dB0x22fcB0x3542B0x197f
0x2230	0x222dB0x22fcB0x35e2B0x1a5b
0x2230	0x222dB0x265cB0x2668B0x35f5B0x1a5b
0x2230	0x222dB0x22fcB0x35e2B0x1b6f
0x2230	0x222dB0x265cB0x2668B0x35f5B0x1b6f
0x2230	0x222dB0x22fcB0x2456B0x1d4a
0x2230	0x222dB0x2236B0x224cB0x22bdB0x1d4
0x2230	0x222dB0x2236B0x224cB0x22ceB0x1d4
0x2230	0x222dB0x2506B0x2572B0x25c4B0x49f
0x2230	0x222dB0x2506B0x2585B0x25c4B0x49f
0x2230	0x222dB0x2506B0x2598B0x25c4B0x49f
0x2230	0x222dB0x260bB0x666
0x2230	0x222dB0x2615B0x666
0x2230	0x222dB0x2a51B0xaf5
0x2230	0x222dB0x2a5bB0xaf5
0x2231	0x222dB0x22fcB0x230bB0x1ef
0x2231	0x222dB0x2236B0x24a9B0x24d2B0x47b
0x2231	0x222dB0x2236B0x24a9B0x24d2B0x5b4
0x2231	0x222dB0x2236B0x24a9B0x24d2B0x642
0x2231	0x222dB0x22fcB0x230bB0x706
0x2231	0x222dB0x22fcB0x2ae5B0xb04
0x2231	0x222dB0x2236B0x24a9B0x24d2B0x18ec
0x2231	0x222dB0x22fcB0x3488B0x1910
0x2231	0x222dB0x22fcB0x36b0B0x1c52
0x2231	0x222dB0x22fcB0x36c3B0x1c52
0x2231	0x222dB0x22fcB0x3772B0x1cd5
0x2231	0x222dB0x22fcB0x387aB0x2029
0x2231	0x222dB0x22fcB0x387aB0x1e36
0x2231	0x222dB0x22fcB0x387aB0x1f48
0x2231	0x222dB0x2236B0x24a9B0x24d2B0x19de
0x2231	0x222dB0x22fcB0x2456B0x381
0x2231	0x222dB0x265cB0x2668B0x268aB0x675
0x2231	0x222dB0x22fcB0x3535B0x197f
0x2231	0x222dB0x22fcB0x3542B0x197f
0x2231	0x222dB0x22fcB0x35e2B0x1a5b
0x2231	0x222dB0x265cB0x2668B0x35f5B0x1a5b
0x2231	0x222dB0x22fcB0x35e2B0x1b6f
0x2231	0x222dB0x265cB0x2668B0x35f5B0x1b6f
0x2231	0x222dB0x22fcB0x2456B0x1d4a
0x2231	0x222dB0x2236B0x224cB0x22bdB0x1d4
0x2231	0x222dB0x2236B0x224cB0x22ceB0x1d4
0x2231	0x222dB0x2506B0x2572B0x25c4B0x49f
0x2231	0x222dB0x2506B0x2585B0x25c4B0x49f
0x2231	0x222dB0x2506B0x2598B0x25c4B0x49f
0x2231	0x222dB0x260bB0x666
0x2231	0x222dB0x2615B0x666
0x2231	0x222dB0x2a51B0xaf5
0x2231	0x222dB0x2a5bB0xaf5
0x2232	0x222dB0x22fcB0x230bB0x1ef
0x2232	0x222dB0x2236B0x24a9B0x24d2B0x47b
0x2232	0x222dB0x2236B0x24a9B0x24d2B0x5b4
0x2232	0x222dB0x2236B0x24a9B0x24d2B0x642
0x2232	0x222dB0x22fcB0x230bB0x706
0x2232	0x222dB0x22fcB0x2ae5B0xb04
0x2232	0x222dB0x2236B0x24a9B0x24d2B0x18ec
0x2232	0x222dB0x22fcB0x3488B0x1910
0x2232	0x222dB0x22fcB0x36b0B0x1c52
0x2232	0x222dB0x22fcB0x36c3B0x1c52
0x2232	0x222dB0x22fcB0x3772B0x1cd5
0x2232	0x222dB0x22fcB0x387aB0x2029
0x2232	0x222dB0x22fcB0x387aB0x1e36
0x2232	0x222dB0x22fcB0x387aB0x1f48
0x2232	0x222dB0x2236B0x24a9B0x24d2B0x19de
0x2232	0x222dB0x22fcB0x2456B0x381
0x2232	0x222dB0x265cB0x2668B0x268aB0x675
0x2232	0x222dB0x22fcB0x3535B0x197f
0x2232	0x222dB0x22fcB0x3542B0x197f
0x2232	0x222dB0x22fcB0x35e2B0x1a5b
0x2232	0x222dB0x265cB0x2668B0x35f5B0x1a5b
0x2232	0x222dB0x22fcB0x35e2B0x1b6f
0x2232	0x222dB0x265cB0x2668B0x35f5B0x1b6f
0x2232	0x222dB0x22fcB0x2456B0x1d4a
0x2232	0x222dB0x2236B0x224cB0x22bdB0x1d4
0x2232	0x222dB0x2236B0x224cB0x22ceB0x1d4
0x2232	0x222dB0x2506B0x2572B0x25c4B0x49f
0x2232	0x222dB0x2506B0x2585B0x25c4B0x49f
0x2232	0x222dB0x2506B0x2598B0x25c4B0x49f
0x2232	0x222dB0x260bB0x666
0x2232	0x222dB0x2615B0x666
0x2232	0x222dB0x2a51B0xaf5
0x2232	0x222dB0x2a5bB0xaf5
0x2233	0x222dB0x22fcB0x230bB0x1ef
0x2233	0x222dB0x2236B0x24a9B0x24d2B0x47b
0x2233	0x222dB0x2236B0x24a9B0x24d2B0x5b4
0x2233	0x222dB0x2236B0x24a9B0x24d2B0x642
0x2233	0x222dB0x22fcB0x230bB0x706
0x2233	0x222dB0x22fcB0x2ae5B0xb04
0x2233	0x222dB0x2236B0x24a9B0x24d2B0x18ec
0x2233	0x222dB0x22fcB0x3488B0x1910
0x2233	0x222dB0x22fcB0x36b0B0x1c52
0x2233	0x222dB0x22fcB0x36c3B0x1c52
0x2233	0x222dB0x22fcB0x3772B0x1cd5
0x2233	0x222dB0x22fcB0x387aB0x2029
0x2233	0x222dB0x22fcB0x387aB0x1e36
0x2233	0x222dB0x22fcB0x387aB0x1f48
0x2233	0x222dB0x2236B0x24a9B0x24d2B0x19de
0x2233	0x222dB0x22fcB0x2456B0x381
0x2233	0x222dB0x265cB0x2668B0x268aB0x675
0x2233	0x222dB0x22fcB0x3535B0x197f
0x2233	0x222dB0x22fcB0x3542B0x197f
0x2233	0x222dB0x22fcB0x35e2B0x1a5b
0x2233	0x222dB0x265cB0x2668B0x35f5B0x1a5b
0x2233	0x222dB0x22fcB0x35e2B0x1b6f
0x2233	0x222dB0x265cB0x2668B0x35f5B0x1b6f
0x2233	0x222dB0x22fcB0x2456B0x1d4a
0x2233	0x222dB0x2236B0x224cB0x22bdB0x1d4
0x2233	0x222dB0x2236B0x224cB0x22ceB0x1d4
0x2233	0x222dB0x2506B0x2572B0x25c4B0x49f
0x2233	0x222dB0x2506B0x2585B0x25c4B0x49f
0x2233	0x222dB0x2506B0x2598B0x25c4B0x49f
0x2233	0x222dB0x260bB0x666
0x2233	0x222dB0x2615B0x666
0x2233	0x222dB0x2a51B0xaf5
0x2233	0x222dB0x2a5bB0xaf5
0x2234	0x222dB0x22fcB0x230bB0x1ef
0x2234	0x222dB0x2236B0x24a9B0x24d2B0x47b
0x2234	0x222dB0x2236B0x24a9B0x24d2B0x5b4
0x2234	0x222dB0x2236B0x24a9B0x24d2B0x642
0x2234	0x222dB0x22fcB0x230bB0x706
0x2234	0x222dB0x22fcB0x2ae5B0xb04
0x2234	0x222dB0x2236B0x24a9B0x24d2B0x18ec
0x2234	0x222dB0x22fcB0x3488B0x1910
0x2234	0x222dB0x22fcB0x36b0B0x1c52
0x2234	0x222dB0x22fcB0x36c3B0x1c52
0x2234	0x222dB0x22fcB0x3772B0x1cd5
0x2234	0x222dB0x22fcB0x387aB0x2029
0x2234	0x222dB0x22fcB0x387aB0x1e36
0x2234	0x222dB0x22fcB0x387aB0x1f48
0x2234	0x222dB0x2236B0x24a9B0x24d2B0x19de
0x2234	0x222dB0x22fcB0x2456B0x381
0x2234	0x222dB0x265cB0x2668B0x268aB0x675
0x2234	0x222dB0x22fcB0x3535B0x197f
0x2234	0x222dB0x22fcB0x3542B0x197f
0x2234	0x222dB0x22fcB0x35e2B0x1a5b
0x2234	0x222dB0x265cB0x2668B0x35f5B0x1a5b
0x2234	0x222dB0x22fcB0x35e2B0x1b6f
0x2234	0x222dB0x265cB0x2668B0x35f5B0x1b6f
0x2234	0x222dB0x22fcB0x2456B0x1d4a
0x2234	0x222dB0x2236B0x224cB0x22bdB0x1d4
0x2234	0x222dB0x2236B0x224cB0x22ceB0x1d4
0x2234	0x222dB0x2506B0x2572B0x25c4B0x49f
0x2234	0x222dB0x2506B0x2585B0x25c4B0x49f
0x2234	0x222dB0x2506B0x2598B0x25c4B0x49f
0x2234	0x222dB0x260bB0x666
0x2234	0x222dB0x2615B0x666
0x2234	0x222dB0x2a51B0xaf5
0x2234	0x222dB0x2a5bB0xaf5
0x223a	0x2236B0x24a9B0x24d2B0x47b
0x223a	0x2236B0x24a9B0x24d2B0x5b4
0x223a	0x2236B0x24a9B0x24d2B0x642
0x223a	0x2236B0x24a9B0x24d2B0x18ec
0x223a	0x2236B0x24a9B0x24d2B0x19de
0x223a	0x2236B0x224cB0x22bdB0x1d4
0x223a	0x2236B0x224cB0x22ceB0x1d4
0x2240	0x223fB0x24a9B0x24d2B0x47b
0x2240	0x223fB0x24a9B0x24d2B0x5b4
0x2240	0x223fB0x24a9B0x24d2B0x642
0x2240	0x223fB0x24a9B0x24d2B0x18ec
0x2240	0x223fB0x24a9B0x24d2B0x19de
0x2240	0x223fB0x224cB0x22bdB0x1d4
0x2240	0x223fB0x224cB0x22ceB0x1d4
0x2247	0x2246B0x24a9B0x24d2B0x47b
0x2247	0x2246B0x24a9B0x24d2B0x5b4
0x2247	0x2246B0x24a9B0x24d2B0x642
0x2247	0x2246B0x24a9B0x24d2B0x18ec
0x2247	0x2246B0x24a9B0x24d2B0x19de
0x2247	0x2246B0x224cB0x22bdB0x1d4
0x2247	0x2246B0x224cB0x22ceB0x1d4
0x224a	0x2249B0x24a9B0x24d2B0x47b
0x224a	0x2249B0x24a9B0x24d2B0x5b4
0x224a	0x2249B0x24a9B0x24d2B0x642
0x224a	0x2249B0x24a9B0x24d2B0x18ec
0x224a	0x2249B0x24a9B0x24d2B0x19de
0x224a	0x2249B0x224cB0x22bdB0x1d4
0x224a	0x2249B0x224cB0x22ceB0x1d4
0x224e	0x224cB0x22bdB0x1d4
0x224e	0x224cB0x22ceB0x1d4
0x2250	0x224cB0x22bdB0x1d4
0x2250	0x224cB0x22ceB0x1d4
0x2251	0x224cB0x22bdB0x1d4
0x2251	0x224cB0x22ceB0x1d4
0x2255	0x224cB0x22bdB0x1d4
0x2255	0x224cB0x22ceB0x1d4
0x225b	0x225aB0x22bdB0x1d4
0x225b	0x225aB0x22ceB0x1d4
0x225c	0x225aB0x22bdB0x1d4
0x225c	0x225aB0x22ceB0x1d4
0x225d	0x225aB0x22bdB0x1d4
0x225d	0x225aB0x22ceB0x1d4
0x225e	0x225aB0x22bdB0x1d4
0x225e	0x225aB0x22ceB0x1d4
0x2266	0x2260B0x3513B0x197f
0x2266	0x2260B0x226eB0x2284B0x22dfB0x1d4
0x2266	0x2260B0x226eB0x2284B0x23e9B0x23a
0x2266	0x2260B0x24f7B0x25c4B0x49f
0x2268	0x2260B0x3513B0x197f
0x2268	0x2260B0x226eB0x2284B0x22dfB0x1d4
0x2268	0x2260B0x226eB0x2284B0x23e9B0x23a
0x2268	0x2260B0x24f7B0x25c4B0x49f
0x2269	0x2260B0x3513B0x197f
0x2269	0x2260B0x226eB0x2284B0x22dfB0x1d4
0x2269	0x2260B0x226eB0x2284B0x23e9B0x23a
0x2269	0x2260B0x24f7B0x25c4B0x49f
0x226a	0x2260B0x3513B0x197f
0x226a	0x2260B0x226eB0x2284B0x22dfB0x1d4
0x226a	0x2260B0x226eB0x2284B0x23e9B0x23a
0x226a	0x2260B0x24f7B0x25c4B0x49f
0x226b	0x2260B0x3513B0x197f
0x226b	0x2260B0x226eB0x2284B0x22dfB0x1d4
0x226b	0x2260B0x226eB0x2284B0x23e9B0x23a
0x226b	0x2260B0x24f7B0x25c4B0x49f
0x226c	0x2260B0x3513B0x197f
0x226c	0x2260B0x226eB0x2284B0x22dfB0x1d4
0x226c	0x2260B0x226eB0x2284B0x23e9B0x23a
0x226c	0x2260B0x24f7B0x25c4B0x49f
0x2272	0x226eB0x2284B0x22dfB0x1d4
0x2272	0x226eB0x2284B0x23e9B0x23a
0x2278	0x2277B0x2284B0x22dfB0x1d4
0x2278	0x2277B0x2284B0x23e9B0x23a
0x227f	0x227eB0x2284B0x22dfB0x1d4
0x227f	0x227eB0x2284B0x23e9B0x23a
0x2282	0x2281B0x2284B0x22dfB0x1d4
0x2282	0x2281B0x2284B0x23e9B0x23a
0x2286	0x2284B0x22dfB0x1d4
0x2286	0x2284B0x23e9B0x23a
0x2288	0x2284B0x22dfB0x1d4
0x2288	0x2284B0x23e9B0x23a
0x2289	0x2284B0x22dfB0x1d4
0x2289	0x2284B0x23e9B0x23a
0x228d	0x2284B0x22dfB0x1d4
0x228d	0x2284B0x23e9B0x23a
0x2293	0x2292B0x22dfB0x1d4
0x2293	0x2292B0x23e9B0x23a
0x2294	0x2292B0x22dfB0x1d4
0x2294	0x2292B0x23e9B0x23a
0x2295	0x2292B0x22dfB0x1d4
0x2295	0x2292B0x23e9B0x23a
0x2296	0x2292B0x22dfB0x1d4
0x2296	0x2292B0x23e9B0x23a
0x229a	0x2298B0x1d4
0x229c	0x2298B0x1d4
0x229f	0x2298B0x1d4
0x22a0	0x2298B0x1d4
0x22b5	0x22b0B0x1d4
0x22b6	0x22b0B0x1d4
0x22b7	0x22b0B0x1d4
0x22be	0x22bdB0x1d4
0x22bf	0x22bdB0x1d4
0x22c0	0x22bdB0x1d4
0x22c6	0x22bdB0x1d4
0x22c7	0x22bdB0x1d4
0x22c8	0x22bdB0x1d4
0x22cf	0x22ceB0x1d4
0x22d0	0x22ceB0x1d4
0x22d1	0x22ceB0x1d4
0x22d7	0x22ceB0x1d4
0x22d8	0x22ceB0x1d4
0x22d9	0x22ceB0x1d4
0x22e0	0x22dfB0x1d4
0x22e1	0x22dfB0x1d4
0x22e2	0x22dfB0x1d4
0x22e8	0x22dfB0x1d4
0x22e9	0x22dfB0x1d4
0x22ea	0x22dfB0x1d4
0x22f1	0x22f0B0x1d4
0x22f2	0x22f0B0x1d4
0x22f3	0x22f0B0x1d4
0x22f4	0x22f0B0x1d4
0x22f5	0x22f0B0x1d4
0x22f6	0x22f0B0x1d4
0x22f7	0x22f0B0x1d4
0x22f8	0x22f0B0x1d4
0x22f9	0x22f0B0x1d4
0x22fa	0x22f0B0x1d4
0x2300	0x22fcB0x230bB0x1ef
0x2300	0x22fcB0x230bB0x706
0x2300	0x22fcB0x2ae5B0xb04
0x2300	0x22fcB0x3488B0x1910
0x2300	0x22fcB0x36b0B0x1c52
0x2300	0x22fcB0x36c3B0x1c52
0x2300	0x22fcB0x3772B0x1cd5
0x2300	0x22fcB0x387aB0x2029
0x2300	0x22fcB0x387aB0x1e36
0x2300	0x22fcB0x387aB0x1f48
0x2300	0x22fcB0x2456B0x381
0x2300	0x22fcB0x3535B0x197f
0x2300	0x22fcB0x3542B0x197f
0x2300	0x22fcB0x35e2B0x1a5b
0x2300	0x22fcB0x35e2B0x1b6f
0x2300	0x22fcB0x2456B0x1d4a
0x2306	0x2305B0x230bB0x1ef
0x2306	0x2305B0x230bB0x706
0x2306	0x2305B0x2ae5B0xb04
0x2306	0x2305B0x3488B0x1910
0x2306	0x2305B0x36b0B0x1c52
0x2306	0x2305B0x36c3B0x1c52
0x2306	0x2305B0x3772B0x1cd5
0x2306	0x2305B0x387aB0x2029
0x2306	0x2305B0x387aB0x1e36
0x2306	0x2305B0x387aB0x1f48
0x2306	0x2305B0x2456B0x381
0x2306	0x2305B0x3535B0x197f
0x2306	0x2305B0x3542B0x197f
0x2306	0x2305B0x35e2B0x1a5b
0x2306	0x2305B0x35e2B0x1b6f
0x2306	0x2305B0x2456B0x1d4a
0x2308	0x2305B0x230bB0x1ef
0x2308	0x2305B0x230bB0x706
0x2308	0x2305B0x2ae5B0xb04
0x2308	0x2305B0x3488B0x1910
0x2308	0x2305B0x36b0B0x1c52
0x2308	0x2305B0x36c3B0x1c52
0x2308	0x2305B0x3772B0x1cd5
0x2308	0x2305B0x387aB0x2029
0x2308	0x2305B0x387aB0x1e36
0x2308	0x2305B0x387aB0x1f48
0x2308	0x2305B0x2456B0x381
0x2308	0x2305B0x3535B0x197f
0x2308	0x2305B0x3542B0x197f
0x2308	0x2305B0x35e2B0x1a5b
0x2308	0x2305B0x35e2B0x1b6f
0x2308	0x2305B0x2456B0x1d4a
0x2309	0x2305B0x230bB0x1ef
0x2309	0x2305B0x230bB0x706
0x2309	0x2305B0x2ae5B0xb04
0x2309	0x2305B0x3488B0x1910
0x2309	0x2305B0x36b0B0x1c52
0x2309	0x2305B0x36c3B0x1c52
0x2309	0x2305B0x3772B0x1cd5
0x2309	0x2305B0x387aB0x2029
0x2309	0x2305B0x387aB0x1e36
0x2309	0x2305B0x387aB0x1f48
0x2309	0x2305B0x2456B0x381
0x2309	0x2305B0x3535B0x197f
0x2309	0x2305B0x3542B0x197f
0x2309	0x2305B0x35e2B0x1a5b
0x2309	0x2305B0x35e2B0x1b6f
0x2309	0x2305B0x2456B0x1d4a
0x230f	0x230bB0x1ef
0x230f	0x230bB0x706
0x2311	0x230bB0x1ef
0x2311	0x230bB0x706
0x2312	0x230bB0x1ef
0x2312	0x230bB0x706
0x2317	0x230bB0x1ef
0x2317	0x230bB0x706
0x2319	0x230bB0x1ef
0x2319	0x230bB0x706
0x231f	0x231eB0x1ef
0x231f	0x231eB0x706
0x2320	0x231eB0x1ef
0x2320	0x231eB0x706
0x2321	0x231eB0x1ef
0x2321	0x231eB0x706
0x2322	0x231eB0x1ef
0x2322	0x231eB0x706
0x2326	0x2324B0x2a29B0x2f14B0xe6f
0x2326	0x2324B0x2a29B0x30ccB0x11d4
0x2326	0x2324B0x2a29B0x32aaB0x1539
0x2326	0x2324B0x2a29B0x34feB0x1950
0x2326	0x2324B0x232fB0x246aB0x2493B0x3ed
0x2326	0x2324B0x232fB0x246aB0x2493B0x6e2
0x2326	0x2324B0x2a29B0x2a38B0xa6d
0x2326	0x2324B0x2a29B0x2e23B0xd69
0x2326	0x2324B0x2a29B0x2a38B0xc16
0x2326	0x2324B0x2a29B0x2a38B0xcd8
0x2326	0x2324B0x2a29B0x2a38B0xdd4
0x2326	0x2324B0x2a29B0x2a38B0x1145
0x2326	0x2324B0x2a29B0x2a38B0xf56
0x2326	0x2324B0x2a29B0x2a38B0xfa4
0x2326	0x2324B0x2a29B0x2a38B0x1066
0x2326	0x2324B0x2a29B0x2a38B0x10b4
0x2326	0x2324B0x2a29B0x3056B0x118c
0x2326	0x2324B0x2a29B0x2a38B0x14aa
0x2326	0x2324B0x2a29B0x2a38B0x12bb
0x2326	0x2324B0x2a29B0x2a38B0x1309
0x2326	0x2324B0x2a29B0x2a38B0x13cb
0x2326	0x2324B0x2a29B0x2a38B0x1419
0x2326	0x2324B0x2a29B0x3234B0x14f1
0x2326	0x2324B0x2a29B0x2a38B0x180f
0x2326	0x2324B0x2a29B0x2a38B0x1620
0x2326	0x2324B0x2a29B0x2a38B0x166e
0x2326	0x2324B0x2a29B0x2a38B0x1730
0x2326	0x2324B0x2a29B0x2a38B0x177e
0x2326	0x2324B0x2a29B0x3412B0x1856
0x2326	0x2324B0x2a29B0x37e8B0x1d1a
0x2326	0x2324B0x2a29B0x36d0B0x1c52
0x2326	0x2324B0x2a29B0x2a38B0x1aad
0x2326	0x2324B0x2a29B0x2a38B0x1bc1
0x2326	0x2324B0x2a29B0x36fcB0x1c9d
0x2326	0x2324B0x2a29B0x2a38B0x20b4
0x2326	0x2324B0x2a29B0x388dB0x2029
0x2326	0x2324B0x2a29B0x388dB0x1e36
0x2326	0x2324B0x2a29B0x2a38B0x1e86
0x2326	0x2324B0x2a29B0x388dB0x1f48
0x2326	0x2324B0x2a29B0x2a38B0x1f98
0x2326	0x2324B0x2a29B0x3977B0x2073
0x2326	0x2324B0x232fB0x246aB0x2493B0xb99
0x2326	0x2324B0x232fB0x246aB0x2493B0x1db9
0x2326	0x2324B0x2a29B0x3602B0x1a5b
0x2326	0x2324B0x2a29B0x3602B0x1b6f
0x2326	0x2324B0x232fB0x2345B0x2376B0x23a
0x2326	0x2324B0x232fB0x2345B0x2383B0x23a
0x2326	0x2324B0x232fB0x2345B0x2394B0x23a
0x2326	0x2324B0x232fB0x2345B0x23a5B0x23a
0x2329	0x2324B0x2a29B0x2f14B0xe6f
0x2329	0x2324B0x2a29B0x30ccB0x11d4
0x2329	0x2324B0x2a29B0x32aaB0x1539
0x2329	0x2324B0x2a29B0x34feB0x1950
0x2329	0x2324B0x232fB0x246aB0x2493B0x3ed
0x2329	0x2324B0x232fB0x246aB0x2493B0x6e2
0x2329	0x2324B0x2a29B0x2a38B0xa6d
0x2329	0x2324B0x2a29B0x2e23B0xd69
0x2329	0x2324B0x2a29B0x2a38B0xc16
0x2329	0x2324B0x2a29B0x2a38B0xcd8
0x2329	0x2324B0x2a29B0x2a38B0xdd4
0x2329	0x2324B0x2a29B0x2a38B0x1145
0x2329	0x2324B0x2a29B0x2a38B0xf56
0x2329	0x2324B0x2a29B0x2a38B0xfa4
0x2329	0x2324B0x2a29B0x2a38B0x1066
0x2329	0x2324B0x2a29B0x2a38B0x10b4
0x2329	0x2324B0x2a29B0x3056B0x118c
0x2329	0x2324B0x2a29B0x2a38B0x14aa
0x2329	0x2324B0x2a29B0x2a38B0x12bb
0x2329	0x2324B0x2a29B0x2a38B0x1309
0x2329	0x2324B0x2a29B0x2a38B0x13cb
0x2329	0x2324B0x2a29B0x2a38B0x1419
0x2329	0x2324B0x2a29B0x3234B0x14f1
0x2329	0x2324B0x2a29B0x2a38B0x180f
0x2329	0x2324B0x2a29B0x2a38B0x1620
0x2329	0x2324B0x2a29B0x2a38B0x166e
0x2329	0x2324B0x2a29B0x2a38B0x1730
0x2329	0x2324B0x2a29B0x2a38B0x177e
0x2329	0x2324B0x2a29B0x3412B0x1856
0x2329	0x2324B0x2a29B0x37e8B0x1d1a
0x2329	0x2324B0x2a29B0x36d0B0x1c52
0x2329	0x2324B0x2a29B0x2a38B0x1aad
0x2329	0x2324B0x2a29B0x2a38B0x1bc1
0x2329	0x2324B0x2a29B0x36fcB0x1c9d
0x2329	0x2324B0x2a29B0x2a38B0x20b4
0x2329	0x2324B0x2a29B0x388dB0x2029
0x2329	0x2324B0x2a29B0x388dB0x1e36
0x2329	0x2324B0x2a29B0x2a38B0x1e86
0x2329	0x2324B0x2a29B0x388dB0x1f48
0x2329	0x2324B0x2a29B0x2a38B0x1f98
0x2329	0x2324B0x2a29B0x3977B0x2073
0x2329	0x2324B0x232fB0x246aB0x2493B0xb99
0x2329	0x2324B0x232fB0x246aB0x2493B0x1db9
0x2329	0x2324B0x2a29B0x3602B0x1a5b
0x2329	0x2324B0x2a29B0x3602B0x1b6f
0x2329	0x2324B0x232fB0x2345B0x2376B0x23a
0x2329	0x2324B0x232fB0x2345B0x2383B0x23a
0x2329	0x2324B0x232fB0x2345B0x2394B0x23a
0x2329	0x2324B0x232fB0x2345B0x23a5B0x23a
0x232a	0x2324B0x2a29B0x2f14B0xe6f
0x232a	0x2324B0x2a29B0x30ccB0x11d4
0x232a	0x2324B0x2a29B0x32aaB0x1539
0x232a	0x2324B0x2a29B0x34feB0x1950
0x232a	0x2324B0x232fB0x246aB0x2493B0x3ed
0x232a	0x2324B0x232fB0x246aB0x2493B0x6e2
0x232a	0x2324B0x2a29B0x2a38B0xa6d
0x232a	0x2324B0x2a29B0x2e23B0xd69
0x232a	0x2324B0x2a29B0x2a38B0xc16
0x232a	0x2324B0x2a29B0x2a38B0xcd8
0x232a	0x2324B0x2a29B0x2a38B0xdd4
0x232a	0x2324B0x2a29B0x2a38B0x1145
0x232a	0x2324B0x2a29B0x2a38B0xf56
0x232a	0x2324B0x2a29B0x2a38B0xfa4
0x232a	0x2324B0x2a29B0x2a38B0x1066
0x232a	0x2324B0x2a29B0x2a38B0x10b4
0x232a	0x2324B0x2a29B0x3056B0x118c
0x232a	0x2324B0x2a29B0x2a38B0x14aa
0x232a	0x2324B0x2a29B0x2a38B0x12bb
0x232a	0x2324B0x2a29B0x2a38B0x1309
0x232a	0x2324B0x2a29B0x2a38B0x13cb
0x232a	0x2324B0x2a29B0x2a38B0x1419
0x232a	0x2324B0x2a29B0x3234B0x14f1
0x232a	0x2324B0x2a29B0x2a38B0x180f
0x232a	0x2324B0x2a29B0x2a38B0x1620
0x232a	0x2324B0x2a29B0x2a38B0x166e
0x232a	0x2324B0x2a29B0x2a38B0x1730
0x232a	0x2324B0x2a29B0x2a38B0x177e
0x232a	0x2324B0x2a29B0x3412B0x1856
0x232a	0x2324B0x2a29B0x37e8B0x1d1a
0x232a	0x2324B0x2a29B0x36d0B0x1c52
0x232a	0x2324B0x2a29B0x2a38B0x1aad
0x232a	0x2324B0x2a29B0x2a38B0x1bc1
0x232a	0x2324B0x2a29B0x36fcB0x1c9d
0x232a	0x2324B0x2a29B0x2a38B0x20b4
0x232a	0x2324B0x2a29B0x388dB0x2029
0x232a	0x2324B0x2a29B0x388dB0x1e36
0x232a	0x2324B0x2a29B0x2a38B0x1e86
0x232a	0x2324B0x2a29B0x388dB0x1f48
0x232a	0x2324B0x2a29B0x2a38B0x1f98
0x232a	0x2324B0x2a29B0x3977B0x2073
0x232a	0x2324B0x232fB0x246aB0x2493B0xb99
0x232a	0x2324B0x232fB0x246aB0x2493B0x1db9
0x232a	0x2324B0x2a29B0x3602B0x1a5b
0x232a	0x2324B0x2a29B0x3602B0x1b6f
0x232a	0x2324B0x232fB0x2345B0x2376B0x23a
0x232a	0x2324B0x232fB0x2345B0x2383B0x23a
0x232a	0x2324B0x232fB0x2345B0x2394B0x23a
0x232a	0x2324B0x232fB0x2345B0x23a5B0x23a
0x232b	0x2324B0x2a29B0x2f14B0xe6f
0x232b	0x2324B0x2a29B0x30ccB0x11d4
0x232b	0x2324B0x2a29B0x32aaB0x1539
0x232b	0x2324B0x2a29B0x34feB0x1950
0x232b	0x2324B0x232fB0x246aB0x2493B0x3ed
0x232b	0x2324B0x232fB0x246aB0x2493B0x6e2
0x232b	0x2324B0x2a29B0x2a38B0xa6d
0x232b	0x2324B0x2a29B0x2e23B0xd69
0x232b	0x2324B0x2a29B0x2a38B0xc16
0x232b	0x2324B0x2a29B0x2a38B0xcd8
0x232b	0x2324B0x2a29B0x2a38B0xdd4
0x232b	0x2324B0x2a29B0x2a38B0x1145
0x232b	0x2324B0x2a29B0x2a38B0xf56
0x232b	0x2324B0x2a29B0x2a38B0xfa4
0x232b	0x2324B0x2a29B0x2a38B0x1066
0x232b	0x2324B0x2a29B0x2a38B0x10b4
0x232b	0x2324B0x2a29B0x3056B0x118c
0x232b	0x2324B0x2a29B0x2a38B0x14aa
0x232b	0x2324B0x2a29B0x2a38B0x12bb
0x232b	0x2324B0x2a29B0x2a38B0x1309
0x232b	0x2324B0x2a29B0x2a38B0x13cb
0x232b	0x2324B0x2a29B0x2a38B0x1419
0x232b	0x2324B0x2a29B0x3234B0x14f1
0x232b	0x2324B0x2a29B0x2a38B0x180f
0x232b	0x2324B0x2a29B0x2a38B0x1620
0x232b	0x2324B0x2a29B0x2a38B0x166e
0x232b	0x2324B0x2a29B0x2a38B0x1730
0x232b	0x2324B0x2a29B0x2a38B0x177e
0x232b	0x2324B0x2a29B0x3412B0x1856
0x232b	0x2324B0x2a29B0x37e8B0x1d1a
0x232b	0x2324B0x2a29B0x36d0B0x1c52
0x232b	0x2324B0x2a29B0x2a38B0x1aad
0x232b	0x2324B0x2a29B0x2a38B0x1bc1
0x232b	0x2324B0x2a29B0x36fcB0x1c9d
0x232b	0x2324B0x2a29B0x2a38B0x20b4
0x232b	0x2324B0x2a29B0x388dB0x2029
0x232b	0x2324B0x2a29B0x388dB0x1e36
0x232b	0x2324B0x2a29B0x2a38B0x1e86
0x232b	0x2324B0x2a29B0x388dB0x1f48
0x232b	0x2324B0x2a29B0x2a38B0x1f98
0x232b	0x2324B0x2a29B0x3977B0x2073
0x232b	0x2324B0x232fB0x246aB0x2493B0xb99
0x232b	0x2324B0x232fB0x246aB0x2493B0x1db9
0x232b	0x2324B0x2a29B0x3602B0x1a5b
0x232b	0x2324B0x2a29B0x3602B0x1b6f
0x232b	0x2324B0x232fB0x2345B0x2376B0x23a
0x232b	0x2324B0x232fB0x2345B0x2383B0x23a
0x232b	0x2324B0x232fB0x2345B0x2394B0x23a
0x232b	0x2324B0x232fB0x2345B0x23a5B0x23a
0x232c	0x2324B0x2a29B0x2f14B0xe6f
0x232c	0x2324B0x2a29B0x30ccB0x11d4
0x232c	0x2324B0x2a29B0x32aaB0x1539
0x232c	0x2324B0x2a29B0x34feB0x1950
0x232c	0x2324B0x232fB0x246aB0x2493B0x3ed
0x232c	0x2324B0x232fB0x246aB0x2493B0x6e2
0x232c	0x2324B0x2a29B0x2a38B0xa6d
0x232c	0x2324B0x2a29B0x2e23B0xd69
0x232c	0x2324B0x2a29B0x2a38B0xc16
0x232c	0x2324B0x2a29B0x2a38B0xcd8
0x232c	0x2324B0x2a29B0x2a38B0xdd4
0x232c	0x2324B0x2a29B0x2a38B0x1145
0x232c	0x2324B0x2a29B0x2a38B0xf56
0x232c	0x2324B0x2a29B0x2a38B0xfa4
0x232c	0x2324B0x2a29B0x2a38B0x1066
0x232c	0x2324B0x2a29B0x2a38B0x10b4
0x232c	0x2324B0x2a29B0x3056B0x118c
0x232c	0x2324B0x2a29B0x2a38B0x14aa
0x232c	0x2324B0x2a29B0x2a38B0x12bb
0x232c	0x2324B0x2a29B0x2a38B0x1309
0x232c	0x2324B0x2a29B0x2a38B0x13cb
0x232c	0x2324B0x2a29B0x2a38B0x1419
0x232c	0x2324B0x2a29B0x3234B0x14f1
0x232c	0x2324B0x2a29B0x2a38B0x180f
0x232c	0x2324B0x2a29B0x2a38B0x1620
0x232c	0x2324B0x2a29B0x2a38B0x166e
0x232c	0x2324B0x2a29B0x2a38B0x1730
0x232c	0x2324B0x2a29B0x2a38B0x177e
0x232c	0x2324B0x2a29B0x3412B0x1856
0x232c	0x2324B0x2a29B0x37e8B0x1d1a
0x232c	0x2324B0x2a29B0x36d0B0x1c52
0x232c	0x2324B0x2a29B0x2a38B0x1aad
0x232c	0x2324B0x2a29B0x2a38B0x1bc1
0x232c	0x2324B0x2a29B0x36fcB0x1c9d
0x232c	0x2324B0x2a29B0x2a38B0x20b4
0x232c	0x2324B0x2a29B0x388dB0x2029
0x232c	0x2324B0x2a29B0x388dB0x1e36
0x232c	0x2324B0x2a29B0x2a38B0x1e86
0x232c	0x2324B0x2a29B0x388dB0x1f48
0x232c	0x2324B0x2a29B0x2a38B0x1f98
0x232c	0x2324B0x2a29B0x3977B0x2073
0x232c	0x2324B0x232fB0x246aB0x2493B0xb99
0x232c	0x2324B0x232fB0x246aB0x2493B0x1db9
0x232c	0x2324B0x2a29B0x3602B0x1a5b
0x232c	0x2324B0x2a29B0x3602B0x1b6f
0x232c	0x2324B0x232fB0x2345B0x2376B0x23a
0x232c	0x2324B0x232fB0x2345B0x2383B0x23a
0x232c	0x2324B0x232fB0x2345B0x2394B0x23a
0x232c	0x2324B0x232fB0x2345B0x23a5B0x23a
0x232d	0x2324B0x2a29B0x2f14B0xe6f
0x232d	0x2324B0x2a29B0x30ccB0x11d4
0x232d	0x2324B0x2a29B0x32aaB0x1539
0x232d	0x2324B0x2a29B0x34feB0x1950
0x232d	0x2324B0x232fB0x246aB0x2493B0x3ed
0x232d	0x2324B0x232fB0x246aB0x2493B0x6e2
0x232d	0x2324B0x2a29B0x2a38B0xa6d
0x232d	0x2324B0x2a29B0x2e23B0xd69
0x232d	0x2324B0x2a29B0x2a38B0xc16
0x232d	0x2324B0x2a29B0x2a38B0xcd8
0x232d	0x2324B0x2a29B0x2a38B0xdd4
0x232d	0x2324B0x2a29B0x2a38B0x1145
0x232d	0x2324B0x2a29B0x2a38B0xf56
0x232d	0x2324B0x2a29B0x2a38B0xfa4
0x232d	0x2324B0x2a29B0x2a38B0x1066
0x232d	0x2324B0x2a29B0x2a38B0x10b4
0x232d	0x2324B0x2a29B0x3056B0x118c
0x232d	0x2324B0x2a29B0x2a38B0x14aa
0x232d	0x2324B0x2a29B0x2a38B0x12bb
0x232d	0x2324B0x2a29B0x2a38B0x1309
0x232d	0x2324B0x2a29B0x2a38B0x13cb
0x232d	0x2324B0x2a29B0x2a38B0x1419
0x232d	0x2324B0x2a29B0x3234B0x14f1
0x232d	0x2324B0x2a29B0x2a38B0x180f
0x232d	0x2324B0x2a29B0x2a38B0x1620
0x232d	0x2324B0x2a29B0x2a38B0x166e
0x232d	0x2324B0x2a29B0x2a38B0x1730
0x232d	0x2324B0x2a29B0x2a38B0x177e
0x232d	0x2324B0x2a29B0x3412B0x1856
0x232d	0x2324B0x2a29B0x37e8B0x1d1a
0x232d	0x2324B0x2a29B0x36d0B0x1c52
0x232d	0x2324B0x2a29B0x2a38B0x1aad
0x232d	0x2324B0x2a29B0x2a38B0x1bc1
0x232d	0x2324B0x2a29B0x36fcB0x1c9d
0x232d	0x2324B0x2a29B0x2a38B0x20b4
0x232d	0x2324B0x2a29B0x388dB0x2029
0x232d	0x2324B0x2a29B0x388dB0x1e36
0x232d	0x2324B0x2a29B0x2a38B0x1e86
0x232d	0x2324B0x2a29B0x388dB0x1f48
0x232d	0x2324B0x2a29B0x2a38B0x1f98
0x232d	0x2324B0x2a29B0x3977B0x2073
0x232d	0x2324B0x232fB0x246aB0x2493B0xb99
0x232d	0x2324B0x232fB0x246aB0x2493B0x1db9
0x232d	0x2324B0x2a29B0x3602B0x1a5b
0x232d	0x2324B0x2a29B0x3602B0x1b6f
0x232d	0x2324B0x232fB0x2345B0x2376B0x23a
0x232d	0x2324B0x232fB0x2345B0x2383B0x23a
0x232d	0x2324B0x232fB0x2345B0x2394B0x23a
0x232d	0x2324B0x232fB0x2345B0x23a5B0x23a
0x2333	0x232fB0x246aB0x2493B0x3ed
0x2333	0x232fB0x246aB0x2493B0x6e2
0x2333	0x232fB0x246aB0x2493B0xb99
0x2333	0x232fB0x246aB0x2493B0x1db9
0x2333	0x232fB0x2345B0x2376B0x23a
0x2333	0x232fB0x2345B0x2383B0x23a
0x2333	0x232fB0x2345B0x2394B0x23a
0x2333	0x232fB0x2345B0x23a5B0x23a
0x2339	0x2338B0x246aB0x2493B0x3ed
0x2339	0x2338B0x246aB0x2493B0x6e2
0x2339	0x2338B0x246aB0x2493B0xb99
0x2339	0x2338B0x246aB0x2493B0x1db9
0x2339	0x2338B0x2345B0x2376B0x23a
0x2339	0x2338B0x2345B0x2383B0x23a
0x2339	0x2338B0x2345B0x2394B0x23a
0x2339	0x2338B0x2345B0x23a5B0x23a
0x2340	0x233fB0x246aB0x2493B0x3ed
0x2340	0x233fB0x246aB0x2493B0x6e2
0x2340	0x233fB0x246aB0x2493B0xb99
0x2340	0x233fB0x246aB0x2493B0x1db9
0x2340	0x233fB0x2345B0x2376B0x23a
0x2340	0x233fB0x2345B0x2383B0x23a
0x2340	0x233fB0x2345B0x2394B0x23a
0x2340	0x233fB0x2345B0x23a5B0x23a
0x2343	0x2342B0x246aB0x2493B0x3ed
0x2343	0x2342B0x246aB0x2493B0x6e2
0x2343	0x2342B0x246aB0x2493B0xb99
0x2343	0x2342B0x246aB0x2493B0x1db9
0x2343	0x2342B0x2345B0x2376B0x23a
0x2343	0x2342B0x2345B0x2383B0x23a
0x2343	0x2342B0x2345B0x2394B0x23a
0x2343	0x2342B0x2345B0x23a5B0x23a
0x2347	0x2345B0x2376B0x23a
0x2347	0x2345B0x2383B0x23a
0x2347	0x2345B0x2394B0x23a
0x2347	0x2345B0x23a5B0x23a
0x2349	0x2345B0x2376B0x23a
0x2349	0x2345B0x2383B0x23a
0x2349	0x2345B0x2394B0x23a
0x2349	0x2345B0x23a5B0x23a
0x234a	0x2345B0x2376B0x23a
0x234a	0x2345B0x2383B0x23a
0x234a	0x2345B0x2394B0x23a
0x234a	0x2345B0x23a5B0x23a
0x234e	0x2345B0x2376B0x23a
0x234e	0x2345B0x2383B0x23a
0x234e	0x2345B0x2394B0x23a
0x234e	0x2345B0x23a5B0x23a
0x2354	0x2353B0x2376B0x23a
0x2354	0x2353B0x2383B0x23a
0x2354	0x2353B0x2394B0x23a
0x2354	0x2353B0x23a5B0x23a
0x2355	0x2353B0x2376B0x23a
0x2355	0x2353B0x2383B0x23a
0x2355	0x2353B0x2394B0x23a
0x2355	0x2353B0x23a5B0x23a
0x2356	0x2353B0x2376B0x23a
0x2356	0x2353B0x2383B0x23a
0x2356	0x2353B0x2394B0x23a
0x2356	0x2353B0x23a5B0x23a
0x2357	0x2353B0x2376B0x23a
0x2357	0x2353B0x2383B0x23a
0x2357	0x2353B0x2394B0x23a
0x2357	0x2353B0x23a5B0x23a
0x235b	0x2359B0x23a
0x235d	0x2359B0x23a
0x235f	0x2359B0x23a
0x2361	0x2359B0x23a
0x2365	0x2359B0x23a
0x2366	0x2359B0x23a
0x237b	0x2376B0x23a
0x237c	0x2376B0x23a
0x237d	0x2376B0x23a
0x2384	0x2383B0x23a
0x2385	0x2383B0x23a
0x2386	0x2383B0x23a
0x238c	0x2383B0x23a
0x238d	0x2383B0x23a
0x238e	0x2383B0x23a
0x2395	0x2394B0x23a
0x2396	0x2394B0x23a
0x2397	0x2394B0x23a
0x239d	0x2394B0x23a
0x239e	0x2394B0x23a
0x239f	0x2394B0x23a
0x23a6	0x23a5B0x23a
0x23a7	0x23a5B0x23a
0x23a8	0x23a5B0x23a
0x23ae	0x23a5B0x23a
0x23af	0x23a5B0x23a
0x23b0	0x23a5B0x23a
0x23b7	0x23b6B0x23a
0x23b8	0x23b6B0x23a
0x23b9	0x23b6B0x23a
0x23bf	0x23b6B0x23a
0x23c0	0x23b6B0x23a
0x23c1	0x23b6B0x23a
0x23c8	0x23c7B0x23a
0x23c9	0x23c7B0x23a
0x23ca	0x23c7B0x23a
0x23d0	0x23c7B0x23a
0x23d1	0x23c7B0x23a
0x23d2	0x23c7B0x23a
0x23d9	0x23d8B0x23a
0x23da	0x23d8B0x23a
0x23db	0x23d8B0x23a
0x23e1	0x23d8B0x23a
0x23e2	0x23d8B0x23a
0x23e3	0x23d8B0x23a
0x23ea	0x23e9B0x23a
0x23eb	0x23e9B0x23a
0x23ec	0x23e9B0x23a
0x23f2	0x23e9B0x23a
0x23f3	0x23e9B0x23a
0x23f4	0x23e9B0x23a
0x23fb	0x23faB0x23a
0x23fc	0x23faB0x23a
0x23fd	0x23faB0x23a
0x23fe	0x23faB0x23a
0x23ff	0x23faB0x23a
0x2400	0x23faB0x23a
0x2401	0x23faB0x23a
0x2402	0x23faB0x23a
0x2403	0x23faB0x23a
0x2404	0x23faB0x23a
0x2405	0x23faB0x23a
0x2406	0x23faB0x23a
0x2407	0x23faB0x23a
0x2408	0x23faB0x23a
0x240f	0x240aB0x241bB0x26b
0x2415	0x2414B0x241bB0x26b
0x2416	0x2414B0x241bB0x26b
0x2417	0x2414B0x241bB0x26b
0x2418	0x2414B0x241bB0x26b
0x2419	0x2414B0x241bB0x26b
0x241f	0x241bB0x26b
0x2425	0x2424B0x26b
0x2427	0x2424B0x26b
0x2428	0x2424B0x26b
0x242e	0x242aB0x26b
0x2430	0x242aB0x26b
0x2431	0x242aB0x26b
0x2436	0x242aB0x26b
0x2438	0x242aB0x26b
0x243e	0x243dB0x26b
0x243f	0x243dB0x26b
0x2440	0x243dB0x26b
0x2441	0x243dB0x26b
0x2447	0x2443B0x381
0x2447	0x2443B0x1d4a
0x2449	0x2443B0x381
0x2449	0x2443B0x1d4a
0x244a	0x2443B0x381
0x244a	0x2443B0x1d4a
0x244f	0x2443B0x381
0x244f	0x2443B0x1d4a
0x2451	0x2443B0x381
0x2451	0x2443B0x1d4a
0x245c	0x2456B0x381
0x245c	0x2456B0x1d4a
0x245e	0x2456B0x381
0x245e	0x2456B0x1d4a
0x2464	0x2463B0x381
0x2464	0x2463B0x1d4a
0x2465	0x2463B0x381
0x2465	0x2463B0x1d4a
0x2466	0x2463B0x381
0x2466	0x2463B0x1d4a
0x2467	0x2463B0x381
0x2467	0x2463B0x1d4a
0x2468	0x2463B0x381
0x2468	0x2463B0x1d4a
0x246c	0x246aB0x2493B0x3ed
0x246c	0x246aB0x2493B0x6e2
0x246c	0x246aB0x2493B0xb99
0x246c	0x246aB0x2493B0x1db9
0x246e	0x246aB0x2493B0x3ed
0x246e	0x246aB0x2493B0x6e2
0x246e	0x246aB0x2493B0xb99
0x246e	0x246aB0x2493B0x1db9
0x246f	0x246aB0x2493B0x3ed
0x246f	0x246aB0x2493B0x6e2
0x246f	0x246aB0x2493B0xb99
0x246f	0x246aB0x2493B0x1db9
0x2473	0x246aB0x2493B0x3ed
0x2473	0x246aB0x2493B0x6e2
0x2473	0x246aB0x2493B0xb99
0x2473	0x246aB0x2493B0x1db9
0x2479	0x2478B0x2493B0x3ed
0x2479	0x2478B0x2493B0x6e2
0x2479	0x2478B0x2493B0xb99
0x2479	0x2478B0x2493B0x1db9
0x247a	0x2478B0x2493B0x3ed
0x247a	0x2478B0x2493B0x6e2
0x247a	0x2478B0x2493B0xb99
0x247a	0x2478B0x2493B0x1db9
0x247b	0x2478B0x2493B0x3ed
0x247b	0x2478B0x2493B0x6e2
0x247b	0x2478B0x2493B0xb99
0x247b	0x2478B0x2493B0x1db9
0x247c	0x2478B0x2493B0x3ed
0x247c	0x2478B0x2493B0x6e2
0x247c	0x2478B0x2493B0xb99
0x247c	0x2478B0x2493B0x1db9
0x2482	0x247eB0x3ed
0x2482	0x247eB0x6e2
0x2482	0x247eB0xb99
0x2482	0x247eB0x1db9
0x2483	0x247eB0x3ed
0x2483	0x247eB0x6e2
0x2483	0x247eB0xb99
0x2483	0x247eB0x1db9
0x2498	0x2493B0x3ed
0x2498	0x2493B0x6e2
0x2498	0x2493B0xb99
0x2498	0x2493B0x1db9
0x2499	0x2493B0x3ed
0x2499	0x2493B0x6e2
0x2499	0x2493B0xb99
0x2499	0x2493B0x1db9
0x249a	0x2493B0x3ed
0x249a	0x2493B0x6e2
0x249a	0x2493B0xb99
0x249a	0x2493B0x1db9
0x24a1	0x24a0B0x3ed
0x24a1	0x24a0B0x6e2
0x24a1	0x24a0B0xb99
0x24a1	0x24a0B0x1db9
0x24a2	0x24a0B0x3ed
0x24a2	0x24a0B0x6e2
0x24a2	0x24a0B0xb99
0x24a2	0x24a0B0x1db9
0x24a3	0x24a0B0x3ed
0x24a3	0x24a0B0x6e2
0x24a3	0x24a0B0xb99
0x24a3	0x24a0B0x1db9
0x24a4	0x24a0B0x3ed
0x24a4	0x24a0B0x6e2
0x24a4	0x24a0B0xb99
0x24a4	0x24a0B0x1db9
0x24a5	0x24a0B0x3ed
0x24a5	0x24a0B0x6e2
0x24a5	0x24a0B0xb99
0x24a5	0x24a0B0x1db9
0x24a6	0x24a0B0x3ed
0x24a6	0x24a0B0x6e2
0x24a6	0x24a0B0xb99
0x24a6	0x24a0B0x1db9
0x24a7	0x24a0B0x3ed
0x24a7	0x24a0B0x6e2
0x24a7	0x24a0B0xb99
0x24a7	0x24a0B0x1db9
0x24ab	0x24a9B0x24d2B0x47b
0x24ab	0x24a9B0x24d2B0x5b4
0x24ab	0x24a9B0x24d2B0x642
0x24ab	0x24a9B0x24d2B0x18ec
0x24ab	0x24a9B0x24d2B0x19de
0x24ad	0x24a9B0x24d2B0x47b
0x24ad	0x24a9B0x24d2B0x5b4
0x24ad	0x24a9B0x24d2B0x642
0x24ad	0x24a9B0x24d2B0x18ec
0x24ad	0x24a9B0x24d2B0x19de
0x24ae	0x24a9B0x24d2B0x47b
0x24ae	0x24a9B0x24d2B0x5b4
0x24ae	0x24a9B0x24d2B0x642
0x24ae	0x24a9B0x24d2B0x18ec
0x24ae	0x24a9B0x24d2B0x19de
0x24b2	0x24a9B0x24d2B0x47b
0x24b2	0x24a9B0x24d2B0x5b4
0x24b2	0x24a9B0x24d2B0x642
0x24b2	0x24a9B0x24d2B0x18ec
0x24b2	0x24a9B0x24d2B0x19de
0x24b8	0x24b7B0x24d2B0x47b
0x24b8	0x24b7B0x24d2B0x5b4
0x24b8	0x24b7B0x24d2B0x642
0x24b8	0x24b7B0x24d2B0x18ec
0x24b8	0x24b7B0x24d2B0x19de
0x24b9	0x24b7B0x24d2B0x47b
0x24b9	0x24b7B0x24d2B0x5b4
0x24b9	0x24b7B0x24d2B0x642
0x24b9	0x24b7B0x24d2B0x18ec
0x24b9	0x24b7B0x24d2B0x19de
0x24ba	0x24b7B0x24d2B0x47b
0x24ba	0x24b7B0x24d2B0x5b4
0x24ba	0x24b7B0x24d2B0x642
0x24ba	0x24b7B0x24d2B0x18ec
0x24ba	0x24b7B0x24d2B0x19de
0x24bb	0x24b7B0x24d2B0x47b
0x24bb	0x24b7B0x24d2B0x5b4
0x24bb	0x24b7B0x24d2B0x642
0x24bb	0x24b7B0x24d2B0x18ec
0x24bb	0x24b7B0x24d2B0x19de
0x24c1	0x24bdB0x47b
0x24c1	0x24bdB0x5b4
0x24c1	0x24bdB0x642
0x24c1	0x24bdB0x18ec
0x24c1	0x24bdB0x19de
0x24c2	0x24bdB0x47b
0x24c2	0x24bdB0x5b4
0x24c2	0x24bdB0x642
0x24c2	0x24bdB0x18ec
0x24c2	0x24bdB0x19de
0x24d7	0x24d2B0x47b
0x24d7	0x24d2B0x5b4
0x24d7	0x24d2B0x642
0x24d7	0x24d2B0x18ec
0x24d7	0x24d2B0x19de
0x24d8	0x24d2B0x47b
0x24d8	0x24d2B0x5b4
0x24d8	0x24d2B0x642
0x24d8	0x24d2B0x18ec
0x24d8	0x24d2B0x19de
0x24d9	0x24d2B0x47b
0x24d9	0x24d2B0x5b4
0x24d9	0x24d2B0x642
0x24d9	0x24d2B0x18ec
0x24d9	0x24d2B0x19de
0x24e0	0x24dfB0x47b
0x24e0	0x24dfB0x5b4
0x24e0	0x24dfB0x642
0x24e0	0x24dfB0x18ec
0x24e0	0x24dfB0x19de
0x24e1	0x24dfB0x47b
0x24e1	0x24dfB0x5b4
0x24e1	0x24dfB0x642
0x24e1	0x24dfB0x18ec
0x24e1	0x24dfB0x19de
0x24e2	0x24dfB0x47b
0x24e2	0x24dfB0x5b4
0x24e2	0x24dfB0x642
0x24e2	0x24dfB0x18ec
0x24e2	0x24dfB0x19de
0x24e3	0x24dfB0x47b
0x24e3	0x24dfB0x5b4
0x24e3	0x24dfB0x642
0x24e3	0x24dfB0x18ec
0x24e3	0x24dfB0x19de
0x24e4	0x24dfB0x47b
0x24e4	0x24dfB0x5b4
0x24e4	0x24dfB0x642
0x24e4	0x24dfB0x18ec
0x24e4	0x24dfB0x19de
0x24e5	0x24dfB0x47b
0x24e5	0x24dfB0x5b4
0x24e5	0x24dfB0x642
0x24e5	0x24dfB0x18ec
0x24e5	0x24dfB0x19de
0x24e6	0x24dfB0x47b
0x24e6	0x24dfB0x5b4
0x24e6	0x24dfB0x642
0x24e6	0x24dfB0x18ec
0x24e6	0x24dfB0x19de
0x24ec	0x24e8B0x2539B0x25c4B0x49f
0x24ec	0x24e8B0x255fB0x25c4B0x49f
0x24ec	0x24e8B0x2524B0x25c4B0x49f
0x24f2	0x24f1B0x2539B0x25c4B0x49f
0x24f2	0x24f1B0x255fB0x25c4B0x49f
0x24f2	0x24f1B0x2524B0x25c4B0x49f
0x24f4	0x24f1B0x2539B0x25c4B0x49f
0x24f4	0x24f1B0x255fB0x25c4B0x49f
0x24f4	0x24f1B0x2524B0x25c4B0x49f
0x24f5	0x24f1B0x2539B0x25c4B0x49f
0x24f5	0x24f1B0x255fB0x25c4B0x49f
0x24f5	0x24f1B0x2524B0x25c4B0x49f
0x24fb	0x24f7B0x25c4B0x49f
0x2501	0x2500B0x25c4B0x49f
0x2503	0x2500B0x25c4B0x49f
0x2504	0x2500B0x25c4B0x49f
0x250a	0x2506B0x2572B0x25c4B0x49f
0x250a	0x2506B0x2585B0x25c4B0x49f
0x250a	0x2506B0x2598B0x25c4B0x49f
0x2510	0x250fB0x2572B0x25c4B0x49f
0x2510	0x250fB0x2585B0x25c4B0x49f
0x2510	0x250fB0x2598B0x25c4B0x49f
0x2512	0x250fB0x2572B0x25c4B0x49f
0x2512	0x250fB0x2585B0x25c4B0x49f
0x2512	0x250fB0x2598B0x25c4B0x49f
0x2513	0x250fB0x2572B0x25c4B0x49f
0x2513	0x250fB0x2585B0x25c4B0x49f
0x2513	0x250fB0x2598B0x25c4B0x49f
0x2519	0x2515B0x25c4B0x49f
0x251f	0x251eB0x25c4B0x49f
0x2521	0x251eB0x25c4B0x49f
0x2522	0x251eB0x25c4B0x49f
0x2528	0x2524B0x25c4B0x49f
0x252b	0x2524B0x25c4B0x49f
0x2532	0x2524B0x25c4B0x49f
0x2534	0x2524B0x25c4B0x49f
0x253a	0x2539B0x25c4B0x49f
0x253d	0x2539B0x25c4B0x49f
0x2545	0x2539B0x25c4B0x49f
0x2547	0x2539B0x25c4B0x49f
0x254d	0x254cB0x25c4B0x49f
0x2550	0x254cB0x25c4B0x49f
0x2558	0x254cB0x25c4B0x49f
0x255a	0x254cB0x25c4B0x49f
0x2560	0x255fB0x25c4B0x49f
0x2563	0x255fB0x25c4B0x49f
0x256b	0x255fB0x25c4B0x49f
0x256d	0x255fB0x25c4B0x49f
0x2573	0x2572B0x25c4B0x49f
0x2576	0x2572B0x25c4B0x49f
0x257e	0x2572B0x25c4B0x49f
0x2580	0x2572B0x25c4B0x49f
0x2586	0x2585B0x25c4B0x49f
0x2589	0x2585B0x25c4B0x49f
0x2591	0x2585B0x25c4B0x49f
0x2593	0x2585B0x25c4B0x49f
0x2599	0x2598B0x25c4B0x49f
0x259c	0x2598B0x25c4B0x49f
0x25a4	0x2598B0x25c4B0x49f
0x25a6	0x2598B0x25c4B0x49f
0x25ac	0x25abB0x25c4B0x49f
0x25af	0x25abB0x25c4B0x49f
0x25b7	0x25abB0x25c4B0x49f
0x25b9	0x25abB0x25c4B0x49f
0x25bf	0x25beB0x25c4B0x49f
0x25c0	0x25beB0x25c4B0x49f
0x25c1	0x25beB0x25c4B0x49f
0x25c2	0x25beB0x25c4B0x49f
0x25c9	0x25c4B0x49f
0x25cb	0x25c4B0x49f
0x25cc	0x25c4B0x49f
0x25d1	0x25c4B0x49f
0x25d3	0x25c4B0x49f
0x25d9	0x25d8B0x49f
0x25da	0x25d8B0x49f
0x25db	0x25d8B0x49f
0x25dc	0x25d8B0x49f
0x2610	0x260bB0x666
0x2616	0x2615B0x666
0x2617	0x2615B0x666
0x261b	0x2615B0x666
0x2621	0x2620B0x666
0x2622	0x2620B0x666
0x2623	0x2620B0x666
0x2624	0x2620B0x666
0x2626	0x2620B0x666
0x2627	0x2620B0x666
0x2628	0x2620B0x666
0x2629	0x2620B0x666
0x2639	0x2638B0x666
0x263a	0x2638B0x666
0x263b	0x2638B0x666
0x263c	0x2638B0x666
0x2640	0x263eB0x2668B0x268aB0x675
0x2640	0x263eB0x2668B0x35f5B0x1a5b
0x2640	0x263eB0x2668B0x35f5B0x1b6f
0x2641	0x263eB0x2668B0x268aB0x675
0x2641	0x263eB0x2668B0x35f5B0x1a5b
0x2641	0x263eB0x2668B0x35f5B0x1b6f
0x2642	0x263eB0x2668B0x268aB0x675
0x2642	0x263eB0x2668B0x35f5B0x1a5b
0x2642	0x263eB0x2668B0x35f5B0x1b6f
0x2643	0x263eB0x2668B0x268aB0x675
0x2643	0x263eB0x2668B0x35f5B0x1a5b
0x2643	0x263eB0x2668B0x35f5B0x1b6f
0x2644	0x263eB0x2668B0x268aB0x675
0x2644	0x263eB0x2668B0x35f5B0x1a5b
0x2644	0x263eB0x2668B0x35f5B0x1b6f
0x2645	0x263eB0x2668B0x268aB0x675
0x2645	0x263eB0x2668B0x35f5B0x1a5b
0x2645	0x263eB0x2668B0x35f5B0x1b6f
0x2652	0x2647B0x2668B0x268aB0x675
0x2652	0x2647B0x2668B0x35f5B0x1a5b
0x2652	0x2647B0x2668B0x35f5B0x1b6f
0x2662	0x2661B0x2668B0x268aB0x675
0x2662	0x2661B0x2668B0x35f5B0x1a5b
0x2662	0x2661B0x2668B0x35f5B0x1b6f
0x2663	0x2661B0x2668B0x268aB0x675
0x2663	0x2661B0x2668B0x35f5B0x1a5b
0x2663	0x2661B0x2668B0x35f5B0x1b6f
0x2664	0x2661B0x2668B0x268aB0x675
0x2664	0x2661B0x2668B0x35f5B0x1a5b
0x2664	0x2661B0x2668B0x35f5B0x1b6f
0x2665	0x2661B0x2668B0x268aB0x675
0x2665	0x2661B0x2668B0x35f5B0x1a5b
0x2665	0x2661B0x2668B0x35f5B0x1b6f
0x2666	0x2661B0x2668B0x268aB0x675
0x2666	0x2661B0x2668B0x35f5B0x1a5b
0x2666	0x2661B0x2668B0x35f5B0x1b6f
0x266c	0x2668B0x268aB0x675
0x266c	0x2668B0x35f5B0x1a5b
0x266c	0x2668B0x35f5B0x1b6f
0x2672	0x2671B0x268aB0x675
0x2672	0x2671B0x35f5B0x1a5b
0x2672	0x2671B0x35f5B0x1b6f
0x2674	0x2671B0x268aB0x675
0x2674	0x2671B0x35f5B0x1a5b
0x2674	0x2671B0x35f5B0x1b6f
0x2675	0x2671B0x268aB0x675
0x2675	0x2671B0x35f5B0x1a5b
0x2675	0x2671B0x35f5B0x1b6f
0x267b	0x2677B0x675
0x267d	0x2677B0x675
0x267e	0x2677B0x675
0x2683	0x2677B0x675
0x2685	0x2677B0x675
0x2690	0x268aB0x675
0x2692	0x268aB0x675
0x2698	0x2697B0x675
0x2699	0x2697B0x675
0x269a	0x2697B0x675
0x269b	0x2697B0x675
0x269c	0x2697B0x675
0x26a0	0x269eB0x78e
0x26a1	0x269eB0x78e
0x26a2	0x269eB0x78e
0x26a3	0x269eB0x78e
0x26a4	0x269eB0x78e
0x26a5	0x269eB0x78e
0x26a6	0x269eB0x78e
0x26a9	0x26a8B0x26b6B0x78e
0x26b1	0x26abB0x78e
0x26b7	0x26b6B0x78e
0x26b8	0x26b6B0x78e
0x26bc	0x26b6B0x78e
0x26c3	0x26c1B0x78e
0x26c5	0x26c1B0x78e
0x26c6	0x26c1B0x78e
0x26c7	0x26c1B0x78e
0x26c8	0x26c1B0x78e
0x26c9	0x26c1B0x78e
0x26d0	0x26cbB0x78e
0x26d6	0x26d5B0x78e
0x26d7	0x26d5B0x78e
0x26d8	0x26d5B0x78e
0x26d9	0x26d5B0x78e
0x26da	0x26d5B0x78e
0x26db	0x26d5B0x78e
0x26dc	0x26d5B0x78e
0x26dd	0x26d5B0x78e
0x26e1	0x26dfB0x2717B0x80f
0x26e1	0x26dfB0x298cB0xa41
0x26e1	0x26dfB0x29d6B0xa41
0x26e1	0x26dfB0x2dccB0xd26
0x26e1	0x26dfB0x2fffB0x1102
0x26e1	0x26dfB0x31ddB0x1467
0x26e1	0x26dfB0x33bbB0x17cc
0x26e1	0x26dfB0x3670B0x1c0f
0x26e1	0x26dfB0x3920B0x1fe6
0x26e1	0x26dfB0x2e60B0xda8
0x26e1	0x26dfB0x2c4aB0x2e82B0xda8
0x26e1	0x26dfB0x2edbB0xe6f
0x26e1	0x26dfB0x3093B0x11d4
0x26e1	0x26dfB0x3271B0x1539
0x26e1	0x26dfB0x34c5B0x1950
0x26e1	0x26dfB0x2aacB0xb04
0x26e1	0x26dfB0x2c4aB0x2e0cB0xd69
0x26e1	0x26dfB0x2c4aB0x2cd6B0xbe7
0x26e1	0x26dfB0x2ca8B0x2cedB0xbe7
0x26e1	0x26dfB0x2c4aB0x2d73B0xcab
0x26e1	0x26dfB0x2d51B0x2d8aB0xcab
0x26e1	0x26dfB0x2ca8B0x2d09B0xc64
0x26e1	0x26dfB0x2f51B0x2f73B0xf27
0x26e1	0x26dfB0x2ca8B0x2f8aB0xf27
0x26e1	0x26dfB0x2f51B0x2fa6B0x1039
0x26e1	0x26dfB0x2d51B0x2fbdB0x1039
0x26e1	0x26dfB0x2ca8B0x2d09B0xff2
0x26e1	0x26dfB0x2f51B0x303fB0x118c
0x26e1	0x26dfB0x3109B0x312bB0x128c
0x26e1	0x26dfB0x2ca8B0x3142B0x128c
0x26e1	0x26dfB0x3109B0x315eB0x139e
0x26e1	0x26dfB0x2d51B0x3175B0x139e
0x26e1	0x26dfB0x2ca8B0x2d09B0x1357
0x26e1	0x26dfB0x3109B0x321dB0x14f1
0x26e1	0x26dfB0x32e7B0x3309B0x15f1
0x26e1	0x26dfB0x2ca8B0x3320B0x15f1
0x26e1	0x26dfB0x32e7B0x333cB0x1703
0x26e1	0x26dfB0x2d51B0x3353B0x1703
0x26e1	0x26dfB0x2ca8B0x2d09B0x16bc
0x26e1	0x26dfB0x32e7B0x33fbB0x1856
0x26e1	0x26dfB0x344fB0x1910
0x26e1	0x26dfB0x37afB0x1d1a
0x26e1	0x26dfB0x358dB0x35afB0x1a2c
0x26e1	0x26dfB0x2ca8B0x35c6B0x1a2c
0x26e1	0x26dfB0x358dB0x3617B0x1b42
0x26e1	0x26dfB0x2d51B0x362eB0x1b42
0x26e1	0x26dfB0x2ca8B0x2d09B0x1afb
0x26e1	0x26dfB0x358dB0x36e5B0x1c9d
0x26e1	0x26dfB0x3739B0x1cd5
0x26e1	0x26dfB0x3825B0x3847B0x1e07
0x26e1	0x26dfB0x2ca8B0x385eB0x1e07
0x26e1	0x26dfB0x3825B0x38a1B0x1f1b
0x26e1	0x26dfB0x2d51B0x38b8B0x1f1b
0x26e1	0x26dfB0x2ca8B0x2d09B0x1ed4
0x26e1	0x26dfB0x3825B0x3960B0x2073
0x26e1	0x26dfB0x27b4B0x8bc
0x26e1	0x26dfB0x282aB0x8f3
0x26e1	0x26dfB0x28a0B0x92a
0x26e1	0x26dfB0x2916B0x961
0x26e2	0x26dfB0x2717B0x80f
0x26e2	0x26dfB0x298cB0xa41
0x26e2	0x26dfB0x29d6B0xa41
0x26e2	0x26dfB0x2dccB0xd26
0x26e2	0x26dfB0x2fffB0x1102
0x26e2	0x26dfB0x31ddB0x1467
0x26e2	0x26dfB0x33bbB0x17cc
0x26e2	0x26dfB0x3670B0x1c0f
0x26e2	0x26dfB0x3920B0x1fe6
0x26e2	0x26dfB0x2e60B0xda8
0x26e2	0x26dfB0x2c4aB0x2e82B0xda8
0x26e2	0x26dfB0x2edbB0xe6f
0x26e2	0x26dfB0x3093B0x11d4
0x26e2	0x26dfB0x3271B0x1539
0x26e2	0x26dfB0x34c5B0x1950
0x26e2	0x26dfB0x2aacB0xb04
0x26e2	0x26dfB0x2c4aB0x2e0cB0xd69
0x26e2	0x26dfB0x2c4aB0x2cd6B0xbe7
0x26e2	0x26dfB0x2ca8B0x2cedB0xbe7
0x26e2	0x26dfB0x2c4aB0x2d73B0xcab
0x26e2	0x26dfB0x2d51B0x2d8aB0xcab
0x26e2	0x26dfB0x2ca8B0x2d09B0xc64
0x26e2	0x26dfB0x2f51B0x2f73B0xf27
0x26e2	0x26dfB0x2ca8B0x2f8aB0xf27
0x26e2	0x26dfB0x2f51B0x2fa6B0x1039
0x26e2	0x26dfB0x2d51B0x2fbdB0x1039
0x26e2	0x26dfB0x2ca8B0x2d09B0xff2
0x26e2	0x26dfB0x2f51B0x303fB0x118c
0x26e2	0x26dfB0x3109B0x312bB0x128c
0x26e2	0x26dfB0x2ca8B0x3142B0x128c
0x26e2	0x26dfB0x3109B0x315eB0x139e
0x26e2	0x26dfB0x2d51B0x3175B0x139e
0x26e2	0x26dfB0x2ca8B0x2d09B0x1357
0x26e2	0x26dfB0x3109B0x321dB0x14f1
0x26e2	0x26dfB0x32e7B0x3309B0x15f1
0x26e2	0x26dfB0x2ca8B0x3320B0x15f1
0x26e2	0x26dfB0x32e7B0x333cB0x1703
0x26e2	0x26dfB0x2d51B0x3353B0x1703
0x26e2	0x26dfB0x2ca8B0x2d09B0x16bc
0x26e2	0x26dfB0x32e7B0x33fbB0x1856
0x26e2	0x26dfB0x344fB0x1910
0x26e2	0x26dfB0x37afB0x1d1a
0x26e2	0x26dfB0x358dB0x35afB0x1a2c
0x26e2	0x26dfB0x2ca8B0x35c6B0x1a2c
0x26e2	0x26dfB0x358dB0x3617B0x1b42
0x26e2	0x26dfB0x2d51B0x362eB0x1b42
0x26e2	0x26dfB0x2ca8B0x2d09B0x1afb
0x26e2	0x26dfB0x358dB0x36e5B0x1c9d
0x26e2	0x26dfB0x3739B0x1cd5
0x26e2	0x26dfB0x3825B0x3847B0x1e07
0x26e2	0x26dfB0x2ca8B0x385eB0x1e07
0x26e2	0x26dfB0x3825B0x38a1B0x1f1b
0x26e2	0x26dfB0x2d51B0x38b8B0x1f1b
0x26e2	0x26dfB0x2ca8B0x2d09B0x1ed4
0x26e2	0x26dfB0x3825B0x3960B0x2073
0x26e2	0x26dfB0x27b4B0x8bc
0x26e2	0x26dfB0x282aB0x8f3
0x26e2	0x26dfB0x28a0B0x92a
0x26e2	0x26dfB0x2916B0x961
0x26e6	0x26dfB0x2717B0x80f
0x26e6	0x26dfB0x298cB0xa41
0x26e6	0x26dfB0x29d6B0xa41
0x26e6	0x26dfB0x2dccB0xd26
0x26e6	0x26dfB0x2fffB0x1102
0x26e6	0x26dfB0x31ddB0x1467
0x26e6	0x26dfB0x33bbB0x17cc
0x26e6	0x26dfB0x3670B0x1c0f
0x26e6	0x26dfB0x3920B0x1fe6
0x26e6	0x26dfB0x2e60B0xda8
0x26e6	0x26dfB0x2c4aB0x2e82B0xda8
0x26e6	0x26dfB0x2edbB0xe6f
0x26e6	0x26dfB0x3093B0x11d4
0x26e6	0x26dfB0x3271B0x1539
0x26e6	0x26dfB0x34c5B0x1950
0x26e6	0x26dfB0x2aacB0xb04
0x26e6	0x26dfB0x2c4aB0x2e0cB0xd69
0x26e6	0x26dfB0x2c4aB0x2cd6B0xbe7
0x26e6	0x26dfB0x2ca8B0x2cedB0xbe7
0x26e6	0x26dfB0x2c4aB0x2d73B0xcab
0x26e6	0x26dfB0x2d51B0x2d8aB0xcab
0x26e6	0x26dfB0x2ca8B0x2d09B0xc64
0x26e6	0x26dfB0x2f51B0x2f73B0xf27
0x26e6	0x26dfB0x2ca8B0x2f8aB0xf27
0x26e6	0x26dfB0x2f51B0x2fa6B0x1039
0x26e6	0x26dfB0x2d51B0x2fbdB0x1039
0x26e6	0x26dfB0x2ca8B0x2d09B0xff2
0x26e6	0x26dfB0x2f51B0x303fB0x118c
0x26e6	0x26dfB0x3109B0x312bB0x128c
0x26e6	0x26dfB0x2ca8B0x3142B0x128c
0x26e6	0x26dfB0x3109B0x315eB0x139e
0x26e6	0x26dfB0x2d51B0x3175B0x139e
0x26e6	0x26dfB0x2ca8B0x2d09B0x1357
0x26e6	0x26dfB0x3109B0x321dB0x14f1
0x26e6	0x26dfB0x32e7B0x3309B0x15f1
0x26e6	0x26dfB0x2ca8B0x3320B0x15f1
0x26e6	0x26dfB0x32e7B0x333cB0x1703
0x26e6	0x26dfB0x2d51B0x3353B0x1703
0x26e6	0x26dfB0x2ca8B0x2d09B0x16bc
0x26e6	0x26dfB0x32e7B0x33fbB0x1856
0x26e6	0x26dfB0x344fB0x1910
0x26e6	0x26dfB0x37afB0x1d1a
0x26e6	0x26dfB0x358dB0x35afB0x1a2c
0x26e6	0x26dfB0x2ca8B0x35c6B0x1a2c
0x26e6	0x26dfB0x358dB0x3617B0x1b42
0x26e6	0x26dfB0x2d51B0x362eB0x1b42
0x26e6	0x26dfB0x2ca8B0x2d09B0x1afb
0x26e6	0x26dfB0x358dB0x36e5B0x1c9d
0x26e6	0x26dfB0x3739B0x1cd5
0x26e6	0x26dfB0x3825B0x3847B0x1e07
0x26e6	0x26dfB0x2ca8B0x385eB0x1e07
0x26e6	0x26dfB0x3825B0x38a1B0x1f1b
0x26e6	0x26dfB0x2d51B0x38b8B0x1f1b
0x26e6	0x26dfB0x2ca8B0x2d09B0x1ed4
0x26e6	0x26dfB0x3825B0x3960B0x2073
0x26e6	0x26dfB0x27b4B0x8bc
0x26e6	0x26dfB0x282aB0x8f3
0x26e6	0x26dfB0x28a0B0x92a
0x26e6	0x26dfB0x2916B0x961
0x26e8	0x26dfB0x2717B0x80f
0x26e8	0x26dfB0x298cB0xa41
0x26e8	0x26dfB0x29d6B0xa41
0x26e8	0x26dfB0x2dccB0xd26
0x26e8	0x26dfB0x2fffB0x1102
0x26e8	0x26dfB0x31ddB0x1467
0x26e8	0x26dfB0x33bbB0x17cc
0x26e8	0x26dfB0x3670B0x1c0f
0x26e8	0x26dfB0x3920B0x1fe6
0x26e8	0x26dfB0x2e60B0xda8
0x26e8	0x26dfB0x2c4aB0x2e82B0xda8
0x26e8	0x26dfB0x2edbB0xe6f
0x26e8	0x26dfB0x3093B0x11d4
0x26e8	0x26dfB0x3271B0x1539
0x26e8	0x26dfB0x34c5B0x1950
0x26e8	0x26dfB0x2aacB0xb04
0x26e8	0x26dfB0x2c4aB0x2e0cB0xd69
0x26e8	0x26dfB0x2c4aB0x2cd6B0xbe7
0x26e8	0x26dfB0x2ca8B0x2cedB0xbe7
0x26e8	0x26dfB0x2c4aB0x2d73B0xcab
0x26e8	0x26dfB0x2d51B0x2d8aB0xcab
0x26e8	0x26dfB0x2ca8B0x2d09B0xc64
0x26e8	0x26dfB0x2f51B0x2f73B0xf27
0x26e8	0x26dfB0x2ca8B0x2f8aB0xf27
0x26e8	0x26dfB0x2f51B0x2fa6B0x1039
0x26e8	0x26dfB0x2d51B0x2fbdB0x1039
0x26e8	0x26dfB0x2ca8B0x2d09B0xff2
0x26e8	0x26dfB0x2f51B0x303fB0x118c
0x26e8	0x26dfB0x3109B0x312bB0x128c
0x26e8	0x26dfB0x2ca8B0x3142B0x128c
0x26e8	0x26dfB0x3109B0x315eB0x139e
0x26e8	0x26dfB0x2d51B0x3175B0x139e
0x26e8	0x26dfB0x2ca8B0x2d09B0x1357
0x26e8	0x26dfB0x3109B0x321dB0x14f1
0x26e8	0x26dfB0x32e7B0x3309B0x15f1
0x26e8	0x26dfB0x2ca8B0x3320B0x15f1
0x26e8	0x26dfB0x32e7B0x333cB0x1703
0x26e8	0x26dfB0x2d51B0x3353B0x1703
0x26e8	0x26dfB0x2ca8B0x2d09B0x16bc
0x26e8	0x26dfB0x32e7B0x33fbB0x1856
0x26e8	0x26dfB0x344fB0x1910
0x26e8	0x26dfB0x37afB0x1d1a
0x26e8	0x26dfB0x358dB0x35afB0x1a2c
0x26e8	0x26dfB0x2ca8B0x35c6B0x1a2c
0x26e8	0x26dfB0x358dB0x3617B0x1b42
0x26e8	0x26dfB0x2d51B0x362eB0x1b42
0x26e8	0x26dfB0x2ca8B0x2d09B0x1afb
0x26e8	0x26dfB0x358dB0x36e5B0x1c9d
0x26e8	0x26dfB0x3739B0x1cd5
0x26e8	0x26dfB0x3825B0x3847B0x1e07
0x26e8	0x26dfB0x2ca8B0x385eB0x1e07
0x26e8	0x26dfB0x3825B0x38a1B0x1f1b
0x26e8	0x26dfB0x2d51B0x38b8B0x1f1b
0x26e8	0x26dfB0x2ca8B0x2d09B0x1ed4
0x26e8	0x26dfB0x3825B0x3960B0x2073
0x26e8	0x26dfB0x27b4B0x8bc
0x26e8	0x26dfB0x282aB0x8f3
0x26e8	0x26dfB0x28a0B0x92a
0x26e8	0x26dfB0x2916B0x961
0x26e9	0x26dfB0x2717B0x80f
0x26e9	0x26dfB0x298cB0xa41
0x26e9	0x26dfB0x29d6B0xa41
0x26e9	0x26dfB0x2dccB0xd26
0x26e9	0x26dfB0x2fffB0x1102
0x26e9	0x26dfB0x31ddB0x1467
0x26e9	0x26dfB0x33bbB0x17cc
0x26e9	0x26dfB0x3670B0x1c0f
0x26e9	0x26dfB0x3920B0x1fe6
0x26e9	0x26dfB0x2e60B0xda8
0x26e9	0x26dfB0x2c4aB0x2e82B0xda8
0x26e9	0x26dfB0x2edbB0xe6f
0x26e9	0x26dfB0x3093B0x11d4
0x26e9	0x26dfB0x3271B0x1539
0x26e9	0x26dfB0x34c5B0x1950
0x26e9	0x26dfB0x2aacB0xb04
0x26e9	0x26dfB0x2c4aB0x2e0cB0xd69
0x26e9	0x26dfB0x2c4aB0x2cd6B0xbe7
0x26e9	0x26dfB0x2ca8B0x2cedB0xbe7
0x26e9	0x26dfB0x2c4aB0x2d73B0xcab
0x26e9	0x26dfB0x2d51B0x2d8aB0xcab
0x26e9	0x26dfB0x2ca8B0x2d09B0xc64
0x26e9	0x26dfB0x2f51B0x2f73B0xf27
0x26e9	0x26dfB0x2ca8B0x2f8aB0xf27
0x26e9	0x26dfB0x2f51B0x2fa6B0x1039
0x26e9	0x26dfB0x2d51B0x2fbdB0x1039
0x26e9	0x26dfB0x2ca8B0x2d09B0xff2
0x26e9	0x26dfB0x2f51B0x303fB0x118c
0x26e9	0x26dfB0x3109B0x312bB0x128c
0x26e9	0x26dfB0x2ca8B0x3142B0x128c
0x26e9	0x26dfB0x3109B0x315eB0x139e
0x26e9	0x26dfB0x2d51B0x3175B0x139e
0x26e9	0x26dfB0x2ca8B0x2d09B0x1357
0x26e9	0x26dfB0x3109B0x321dB0x14f1
0x26e9	0x26dfB0x32e7B0x3309B0x15f1
0x26e9	0x26dfB0x2ca8B0x3320B0x15f1
0x26e9	0x26dfB0x32e7B0x333cB0x1703
0x26e9	0x26dfB0x2d51B0x3353B0x1703
0x26e9	0x26dfB0x2ca8B0x2d09B0x16bc
0x26e9	0x26dfB0x32e7B0x33fbB0x1856
0x26e9	0x26dfB0x344fB0x1910
0x26e9	0x26dfB0x37afB0x1d1a
0x26e9	0x26dfB0x358dB0x35afB0x1a2c
0x26e9	0x26dfB0x2ca8B0x35c6B0x1a2c
0x26e9	0x26dfB0x358dB0x3617B0x1b42
0x26e9	0x26dfB0x2d51B0x362eB0x1b42
0x26e9	0x26dfB0x2ca8B0x2d09B0x1afb
0x26e9	0x26dfB0x358dB0x36e5B0x1c9d
0x26e9	0x26dfB0x3739B0x1cd5
0x26e9	0x26dfB0x3825B0x3847B0x1e07
0x26e9	0x26dfB0x2ca8B0x385eB0x1e07
0x26e9	0x26dfB0x3825B0x38a1B0x1f1b
0x26e9	0x26dfB0x2d51B0x38b8B0x1f1b
0x26e9	0x26dfB0x2ca8B0x2d09B0x1ed4
0x26e9	0x26dfB0x3825B0x3960B0x2073
0x26e9	0x26dfB0x27b4B0x8bc
0x26e9	0x26dfB0x282aB0x8f3
0x26e9	0x26dfB0x28a0B0x92a
0x26e9	0x26dfB0x2916B0x961
0x26ea	0x26dfB0x2717B0x80f
0x26ea	0x26dfB0x298cB0xa41
0x26ea	0x26dfB0x29d6B0xa41
0x26ea	0x26dfB0x2dccB0xd26
0x26ea	0x26dfB0x2fffB0x1102
0x26ea	0x26dfB0x31ddB0x1467
0x26ea	0x26dfB0x33bbB0x17cc
0x26ea	0x26dfB0x3670B0x1c0f
0x26ea	0x26dfB0x3920B0x1fe6
0x26ea	0x26dfB0x2e60B0xda8
0x26ea	0x26dfB0x2c4aB0x2e82B0xda8
0x26ea	0x26dfB0x2edbB0xe6f
0x26ea	0x26dfB0x3093B0x11d4
0x26ea	0x26dfB0x3271B0x1539
0x26ea	0x26dfB0x34c5B0x1950
0x26ea	0x26dfB0x2aacB0xb04
0x26ea	0x26dfB0x2c4aB0x2e0cB0xd69
0x26ea	0x26dfB0x2c4aB0x2cd6B0xbe7
0x26ea	0x26dfB0x2ca8B0x2cedB0xbe7
0x26ea	0x26dfB0x2c4aB0x2d73B0xcab
0x26ea	0x26dfB0x2d51B0x2d8aB0xcab
0x26ea	0x26dfB0x2ca8B0x2d09B0xc64
0x26ea	0x26dfB0x2f51B0x2f73B0xf27
0x26ea	0x26dfB0x2ca8B0x2f8aB0xf27
0x26ea	0x26dfB0x2f51B0x2fa6B0x1039
0x26ea	0x26dfB0x2d51B0x2fbdB0x1039
0x26ea	0x26dfB0x2ca8B0x2d09B0xff2
0x26ea	0x26dfB0x2f51B0x303fB0x118c
0x26ea	0x26dfB0x3109B0x312bB0x128c
0x26ea	0x26dfB0x2ca8B0x3142B0x128c
0x26ea	0x26dfB0x3109B0x315eB0x139e
0x26ea	0x26dfB0x2d51B0x3175B0x139e
0x26ea	0x26dfB0x2ca8B0x2d09B0x1357
0x26ea	0x26dfB0x3109B0x321dB0x14f1
0x26ea	0x26dfB0x32e7B0x3309B0x15f1
0x26ea	0x26dfB0x2ca8B0x3320B0x15f1
0x26ea	0x26dfB0x32e7B0x333cB0x1703
0x26ea	0x26dfB0x2d51B0x3353B0x1703
0x26ea	0x26dfB0x2ca8B0x2d09B0x16bc
0x26ea	0x26dfB0x32e7B0x33fbB0x1856
0x26ea	0x26dfB0x344fB0x1910
0x26ea	0x26dfB0x37afB0x1d1a
0x26ea	0x26dfB0x358dB0x35afB0x1a2c
0x26ea	0x26dfB0x2ca8B0x35c6B0x1a2c
0x26ea	0x26dfB0x358dB0x3617B0x1b42
0x26ea	0x26dfB0x2d51B0x362eB0x1b42
0x26ea	0x26dfB0x2ca8B0x2d09B0x1afb
0x26ea	0x26dfB0x358dB0x36e5B0x1c9d
0x26ea	0x26dfB0x3739B0x1cd5
0x26ea	0x26dfB0x3825B0x3847B0x1e07
0x26ea	0x26dfB0x2ca8B0x385eB0x1e07
0x26ea	0x26dfB0x3825B0x38a1B0x1f1b
0x26ea	0x26dfB0x2d51B0x38b8B0x1f1b
0x26ea	0x26dfB0x2ca8B0x2d09B0x1ed4
0x26ea	0x26dfB0x3825B0x3960B0x2073
0x26ea	0x26dfB0x27b4B0x8bc
0x26ea	0x26dfB0x282aB0x8f3
0x26ea	0x26dfB0x28a0B0x92a
0x26ea	0x26dfB0x2916B0x961
0x26eb	0x26dfB0x2717B0x80f
0x26eb	0x26dfB0x298cB0xa41
0x26eb	0x26dfB0x29d6B0xa41
0x26eb	0x26dfB0x2dccB0xd26
0x26eb	0x26dfB0x2fffB0x1102
0x26eb	0x26dfB0x31ddB0x1467
0x26eb	0x26dfB0x33bbB0x17cc
0x26eb	0x26dfB0x3670B0x1c0f
0x26eb	0x26dfB0x3920B0x1fe6
0x26eb	0x26dfB0x2e60B0xda8
0x26eb	0x26dfB0x2c4aB0x2e82B0xda8
0x26eb	0x26dfB0x2edbB0xe6f
0x26eb	0x26dfB0x3093B0x11d4
0x26eb	0x26dfB0x3271B0x1539
0x26eb	0x26dfB0x34c5B0x1950
0x26eb	0x26dfB0x2aacB0xb04
0x26eb	0x26dfB0x2c4aB0x2e0cB0xd69
0x26eb	0x26dfB0x2c4aB0x2cd6B0xbe7
0x26eb	0x26dfB0x2ca8B0x2cedB0xbe7
0x26eb	0x26dfB0x2c4aB0x2d73B0xcab
0x26eb	0x26dfB0x2d51B0x2d8aB0xcab
0x26eb	0x26dfB0x2ca8B0x2d09B0xc64
0x26eb	0x26dfB0x2f51B0x2f73B0xf27
0x26eb	0x26dfB0x2ca8B0x2f8aB0xf27
0x26eb	0x26dfB0x2f51B0x2fa6B0x1039
0x26eb	0x26dfB0x2d51B0x2fbdB0x1039
0x26eb	0x26dfB0x2ca8B0x2d09B0xff2
0x26eb	0x26dfB0x2f51B0x303fB0x118c
0x26eb	0x26dfB0x3109B0x312bB0x128c
0x26eb	0x26dfB0x2ca8B0x3142B0x128c
0x26eb	0x26dfB0x3109B0x315eB0x139e
0x26eb	0x26dfB0x2d51B0x3175B0x139e
0x26eb	0x26dfB0x2ca8B0x2d09B0x1357
0x26eb	0x26dfB0x3109B0x321dB0x14f1
0x26eb	0x26dfB0x32e7B0x3309B0x15f1
0x26eb	0x26dfB0x2ca8B0x3320B0x15f1
0x26eb	0x26dfB0x32e7B0x333cB0x1703
0x26eb	0x26dfB0x2d51B0x3353B0x1703
0x26eb	0x26dfB0x2ca8B0x2d09B0x16bc
0x26eb	0x26dfB0x32e7B0x33fbB0x1856
0x26eb	0x26dfB0x344fB0x1910
0x26eb	0x26dfB0x37afB0x1d1a
0x26eb	0x26dfB0x358dB0x35afB0x1a2c
0x26eb	0x26dfB0x2ca8B0x35c6B0x1a2c
0x26eb	0x26dfB0x358dB0x3617B0x1b42
0x26eb	0x26dfB0x2d51B0x362eB0x1b42
0x26eb	0x26dfB0x2ca8B0x2d09B0x1afb
0x26eb	0x26dfB0x358dB0x36e5B0x1c9d
0x26eb	0x26dfB0x3739B0x1cd5
0x26eb	0x26dfB0x3825B0x3847B0x1e07
0x26eb	0x26dfB0x2ca8B0x385eB0x1e07
0x26eb	0x26dfB0x3825B0x38a1B0x1f1b
0x26eb	0x26dfB0x2d51B0x38b8B0x1f1b
0x26eb	0x26dfB0x2ca8B0x2d09B0x1ed4
0x26eb	0x26dfB0x3825B0x3960B0x2073
0x26eb	0x26dfB0x27b4B0x8bc
0x26eb	0x26dfB0x282aB0x8f3
0x26eb	0x26dfB0x28a0B0x92a
0x26eb	0x26dfB0x2916B0x961
0x26ec	0x26dfB0x2717B0x80f
0x26ec	0x26dfB0x298cB0xa41
0x26ec	0x26dfB0x29d6B0xa41
0x26ec	0x26dfB0x2dccB0xd26
0x26ec	0x26dfB0x2fffB0x1102
0x26ec	0x26dfB0x31ddB0x1467
0x26ec	0x26dfB0x33bbB0x17cc
0x26ec	0x26dfB0x3670B0x1c0f
0x26ec	0x26dfB0x3920B0x1fe6
0x26ec	0x26dfB0x2e60B0xda8
0x26ec	0x26dfB0x2c4aB0x2e82B0xda8
0x26ec	0x26dfB0x2edbB0xe6f
0x26ec	0x26dfB0x3093B0x11d4
0x26ec	0x26dfB0x3271B0x1539
0x26ec	0x26dfB0x34c5B0x1950
0x26ec	0x26dfB0x2aacB0xb04
0x26ec	0x26dfB0x2c4aB0x2e0cB0xd69
0x26ec	0x26dfB0x2c4aB0x2cd6B0xbe7
0x26ec	0x26dfB0x2ca8B0x2cedB0xbe7
0x26ec	0x26dfB0x2c4aB0x2d73B0xcab
0x26ec	0x26dfB0x2d51B0x2d8aB0xcab
0x26ec	0x26dfB0x2ca8B0x2d09B0xc64
0x26ec	0x26dfB0x2f51B0x2f73B0xf27
0x26ec	0x26dfB0x2ca8B0x2f8aB0xf27
0x26ec	0x26dfB0x2f51B0x2fa6B0x1039
0x26ec	0x26dfB0x2d51B0x2fbdB0x1039
0x26ec	0x26dfB0x2ca8B0x2d09B0xff2
0x26ec	0x26dfB0x2f51B0x303fB0x118c
0x26ec	0x26dfB0x3109B0x312bB0x128c
0x26ec	0x26dfB0x2ca8B0x3142B0x128c
0x26ec	0x26dfB0x3109B0x315eB0x139e
0x26ec	0x26dfB0x2d51B0x3175B0x139e
0x26ec	0x26dfB0x2ca8B0x2d09B0x1357
0x26ec	0x26dfB0x3109B0x321dB0x14f1
0x26ec	0x26dfB0x32e7B0x3309B0x15f1
0x26ec	0x26dfB0x2ca8B0x3320B0x15f1
0x26ec	0x26dfB0x32e7B0x333cB0x1703
0x26ec	0x26dfB0x2d51B0x3353B0x1703
0x26ec	0x26dfB0x2ca8B0x2d09B0x16bc
0x26ec	0x26dfB0x32e7B0x33fbB0x1856
0x26ec	0x26dfB0x344fB0x1910
0x26ec	0x26dfB0x37afB0x1d1a
0x26ec	0x26dfB0x358dB0x35afB0x1a2c
0x26ec	0x26dfB0x2ca8B0x35c6B0x1a2c
0x26ec	0x26dfB0x358dB0x3617B0x1b42
0x26ec	0x26dfB0x2d51B0x362eB0x1b42
0x26ec	0x26dfB0x2ca8B0x2d09B0x1afb
0x26ec	0x26dfB0x358dB0x36e5B0x1c9d
0x26ec	0x26dfB0x3739B0x1cd5
0x26ec	0x26dfB0x3825B0x3847B0x1e07
0x26ec	0x26dfB0x2ca8B0x385eB0x1e07
0x26ec	0x26dfB0x3825B0x38a1B0x1f1b
0x26ec	0x26dfB0x2d51B0x38b8B0x1f1b
0x26ec	0x26dfB0x2ca8B0x2d09B0x1ed4
0x26ec	0x26dfB0x3825B0x3960B0x2073
0x26ec	0x26dfB0x27b4B0x8bc
0x26ec	0x26dfB0x282aB0x8f3
0x26ec	0x26dfB0x28a0B0x92a
0x26ec	0x26dfB0x2916B0x961
0x26ed	0x26dfB0x2717B0x80f
0x26ed	0x26dfB0x298cB0xa41
0x26ed	0x26dfB0x29d6B0xa41
0x26ed	0x26dfB0x2dccB0xd26
0x26ed	0x26dfB0x2fffB0x1102
0x26ed	0x26dfB0x31ddB0x1467
0x26ed	0x26dfB0x33bbB0x17cc
0x26ed	0x26dfB0x3670B0x1c0f
0x26ed	0x26dfB0x3920B0x1fe6
0x26ed	0x26dfB0x2e60B0xda8
0x26ed	0x26dfB0x2c4aB0x2e82B0xda8
0x26ed	0x26dfB0x2edbB0xe6f
0x26ed	0x26dfB0x3093B0x11d4
0x26ed	0x26dfB0x3271B0x1539
0x26ed	0x26dfB0x34c5B0x1950
0x26ed	0x26dfB0x2aacB0xb04
0x26ed	0x26dfB0x2c4aB0x2e0cB0xd69
0x26ed	0x26dfB0x2c4aB0x2cd6B0xbe7
0x26ed	0x26dfB0x2ca8B0x2cedB0xbe7
0x26ed	0x26dfB0x2c4aB0x2d73B0xcab
0x26ed	0x26dfB0x2d51B0x2d8aB0xcab
0x26ed	0x26dfB0x2ca8B0x2d09B0xc64
0x26ed	0x26dfB0x2f51B0x2f73B0xf27
0x26ed	0x26dfB0x2ca8B0x2f8aB0xf27
0x26ed	0x26dfB0x2f51B0x2fa6B0x1039
0x26ed	0x26dfB0x2d51B0x2fbdB0x1039
0x26ed	0x26dfB0x2ca8B0x2d09B0xff2
0x26ed	0x26dfB0x2f51B0x303fB0x118c
0x26ed	0x26dfB0x3109B0x312bB0x128c
0x26ed	0x26dfB0x2ca8B0x3142B0x128c
0x26ed	0x26dfB0x3109B0x315eB0x139e
0x26ed	0x26dfB0x2d51B0x3175B0x139e
0x26ed	0x26dfB0x2ca8B0x2d09B0x1357
0x26ed	0x26dfB0x3109B0x321dB0x14f1
0x26ed	0x26dfB0x32e7B0x3309B0x15f1
0x26ed	0x26dfB0x2ca8B0x3320B0x15f1
0x26ed	0x26dfB0x32e7B0x333cB0x1703
0x26ed	0x26dfB0x2d51B0x3353B0x1703
0x26ed	0x26dfB0x2ca8B0x2d09B0x16bc
0x26ed	0x26dfB0x32e7B0x33fbB0x1856
0x26ed	0x26dfB0x344fB0x1910
0x26ed	0x26dfB0x37afB0x1d1a
0x26ed	0x26dfB0x358dB0x35afB0x1a2c
0x26ed	0x26dfB0x2ca8B0x35c6B0x1a2c
0x26ed	0x26dfB0x358dB0x3617B0x1b42
0x26ed	0x26dfB0x2d51B0x362eB0x1b42
0x26ed	0x26dfB0x2ca8B0x2d09B0x1afb
0x26ed	0x26dfB0x358dB0x36e5B0x1c9d
0x26ed	0x26dfB0x3739B0x1cd5
0x26ed	0x26dfB0x3825B0x3847B0x1e07
0x26ed	0x26dfB0x2ca8B0x385eB0x1e07
0x26ed	0x26dfB0x3825B0x38a1B0x1f1b
0x26ed	0x26dfB0x2d51B0x38b8B0x1f1b
0x26ed	0x26dfB0x2ca8B0x2d09B0x1ed4
0x26ed	0x26dfB0x3825B0x3960B0x2073
0x26ed	0x26dfB0x27b4B0x8bc
0x26ed	0x26dfB0x282aB0x8f3
0x26ed	0x26dfB0x28a0B0x92a
0x26ed	0x26dfB0x2916B0x961
0x2712	0x26efB0x80f
0x2715	0x26efB0x80f
0x271e	0x2717B0x80f
0x2724	0x2723B0x80f
0x2725	0x2723B0x80f
0x2729	0x2723B0x80f
0x2731	0x272eB0x80f
0x2733	0x272eB0x80f
0x2734	0x272eB0x80f
0x2735	0x272eB0x80f
0x2736	0x272eB0x80f
0x2737	0x272eB0x80f
0x273d	0x2739B0x80f
0x273f	0x2739B0x80f
0x2740	0x2739B0x80f
0x2741	0x2739B0x80f
0x2742	0x2739B0x80f
0x2745	0x2739B0x80f
0x274b	0x2739B0x80f
0x2751	0x2750B0x80f
0x2752	0x2750B0x80f
0x2753	0x2750B0x80f
0x2754	0x2750B0x80f
0x2755	0x2750B0x80f
0x275b	0x2757B0x872
0x275d	0x2757B0x872
0x275e	0x2757B0x872
0x2763	0x2757B0x872
0x2765	0x2757B0x872
0x2770	0x276aB0x872
0x2772	0x276aB0x872
0x277d	0x2777B0x872
0x277f	0x2777B0x872
0x2785	0x2784B0x872
0x2786	0x2784B0x872
0x2787	0x2784B0x872
0x2788	0x2784B0x872
0x2789	0x2784B0x872
0x278a	0x2784B0x872
0x27af	0x278cB0x8bc
0x27b2	0x278cB0x8bc
0x27bb	0x27b4B0x8bc
0x27c1	0x27c0B0x8bc
0x27c2	0x27c0B0x8bc
0x27c6	0x27c0B0x8bc
0x27ce	0x27cbB0x8bc
0x27d0	0x27cbB0x8bc
0x27d1	0x27cbB0x8bc
0x27d2	0x27cbB0x8bc
0x27d3	0x27cbB0x8bc
0x27d4	0x27cbB0x8bc
0x27da	0x27d6B0x8bc
0x27dc	0x27d6B0x8bc
0x27dd	0x27d6B0x8bc
0x27de	0x27d6B0x8bc
0x27df	0x27d6B0x8bc
0x27e2	0x27d6B0x8bc
0x27e8	0x27d6B0x8bc
0x27ee	0x27edB0x8bc
0x27ef	0x27edB0x8bc
0x27f5	0x27edB0x8bc
0x27f7	0x27edB0x8bc
0x27fd	0x27fcB0x8bc
0x27fe	0x27fcB0x8bc
0x27ff	0x27fcB0x8bc
0x2800	0x27fcB0x8bc
0x2825	0x2802B0x8f3
0x2828	0x2802B0x8f3
0x2831	0x282aB0x8f3
0x2837	0x2836B0x8f3
0x2838	0x2836B0x8f3
0x283c	0x2836B0x8f3
0x2844	0x2841B0x8f3
0x2846	0x2841B0x8f3
0x2847	0x2841B0x8f3
0x2848	0x2841B0x8f3
0x2849	0x2841B0x8f3
0x284a	0x2841B0x8f3
0x2850	0x284cB0x8f3
0x2852	0x284cB0x8f3
0x2853	0x284cB0x8f3
0x2854	0x284cB0x8f3
0x2855	0x284cB0x8f3
0x2858	0x284cB0x8f3
0x285e	0x284cB0x8f3
0x2864	0x2863B0x8f3
0x2865	0x2863B0x8f3
0x286b	0x2863B0x8f3
0x286d	0x2863B0x8f3
0x2873	0x2872B0x8f3
0x2874	0x2872B0x8f3
0x2875	0x2872B0x8f3
0x2876	0x2872B0x8f3
0x289b	0x2878B0x92a
0x289e	0x2878B0x92a
0x28a7	0x28a0B0x92a
0x28ad	0x28acB0x92a
0x28ae	0x28acB0x92a
0x28b2	0x28acB0x92a
0x28ba	0x28b7B0x92a
0x28bc	0x28b7B0x92a
0x28bd	0x28b7B0x92a
0x28be	0x28b7B0x92a
0x28bf	0x28b7B0x92a
0x28c0	0x28b7B0x92a
0x28c6	0x28c2B0x92a
0x28c8	0x28c2B0x92a
0x28c9	0x28c2B0x92a
0x28ca	0x28c2B0x92a
0x28cb	0x28c2B0x92a
0x28ce	0x28c2B0x92a
0x28d4	0x28c2B0x92a
0x28da	0x28d9B0x92a
0x28db	0x28d9B0x92a
0x28e1	0x28d9B0x92a
0x28e3	0x28d9B0x92a
0x28e9	0x28e8B0x92a
0x28ea	0x28e8B0x92a
0x28eb	0x28e8B0x92a
0x28ec	0x28e8B0x92a
0x2911	0x28eeB0x961
0x2914	0x28eeB0x961
0x291d	0x2916B0x961
0x2923	0x2922B0x961
0x2924	0x2922B0x961
0x2928	0x2922B0x961
0x2930	0x292dB0x961
0x2932	0x292dB0x961
0x2933	0x292dB0x961
0x2934	0x292dB0x961
0x2935	0x292dB0x961
0x2936	0x292dB0x961
0x293c	0x2938B0x961
0x293e	0x2938B0x961
0x293f	0x2938B0x961
0x2940	0x2938B0x961
0x2941	0x2938B0x961
0x2944	0x2938B0x961
0x294a	0x2938B0x961
0x2950	0x294fB0x961
0x2951	0x294fB0x961
0x2957	0x294fB0x961
0x2959	0x294fB0x961
0x295f	0x295eB0x961
0x2960	0x295eB0x961
0x2961	0x295eB0x961
0x2962	0x295eB0x961
0x2987	0x2964B0xa41
0x298a	0x2964B0xa41
0x2993	0x298cB0xa41
0x2999	0x2998B0xa41
0x299a	0x2998B0xa41
0x299e	0x2998B0xa41
0x29a6	0x29a3B0xa41
0x29a8	0x29a3B0xa41
0x29a9	0x29a3B0xa41
0x29aa	0x29a3B0xa41
0x29ab	0x29a3B0xa41
0x29ac	0x29a3B0xa41
0x29d1	0x29aeB0xa41
0x29d4	0x29aeB0xa41
0x29dd	0x29d6B0xa41
0x29e3	0x29e2B0xa41
0x29e4	0x29e2B0xa41
0x29e8	0x29e2B0xa41
0x29f0	0x29edB0xa41
0x29f2	0x29edB0xa41
0x29f3	0x29edB0xa41
0x29f4	0x29edB0xa41
0x29f5	0x29edB0xa41
0x29f6	0x29edB0xa41
0x29fc	0x29f8B0xa41
0x29fe	0x29f8B0xa41
0x29ff	0x29f8B0xa41
0x2a00	0x29f8B0xa41
0x2a01	0x29f8B0xa41
0x2a04	0x29f8B0xa41
0x2a0a	0x29f8B0xa41
0x2a10	0x2a0fB0xa41
0x2a11	0x2a0fB0xa41
0x2a12	0x2a0fB0xa41
0x2a13	0x2a0fB0xa41
0x2a17	0x2a0fB0xa41
0x2a1d	0x2a0fB0xa41
0x2a23	0x2a22B0xa41
0x2a24	0x2a22B0xa41
0x2a25	0x2a22B0xa41
0x2a26	0x2a22B0xa41
0x2a27	0x2a22B0xa41
0x2a2d	0x2a29B0x2f14B0xe6f
0x2a2d	0x2a29B0x30ccB0x11d4
0x2a2d	0x2a29B0x32aaB0x1539
0x2a2d	0x2a29B0x34feB0x1950
0x2a2d	0x2a29B0x2a38B0xa6d
0x2a2d	0x2a29B0x2e23B0xd69
0x2a2d	0x2a29B0x2a38B0xc16
0x2a2d	0x2a29B0x2a38B0xcd8
0x2a2d	0x2a29B0x2a38B0xdd4
0x2a2d	0x2a29B0x2a38B0x1145
0x2a2d	0x2a29B0x2a38B0xf56
0x2a2d	0x2a29B0x2a38B0xfa4
0x2a2d	0x2a29B0x2a38B0x1066
0x2a2d	0x2a29B0x2a38B0x10b4
0x2a2d	0x2a29B0x3056B0x118c
0x2a2d	0x2a29B0x2a38B0x14aa
0x2a2d	0x2a29B0x2a38B0x12bb
0x2a2d	0x2a29B0x2a38B0x1309
0x2a2d	0x2a29B0x2a38B0x13cb
0x2a2d	0x2a29B0x2a38B0x1419
0x2a2d	0x2a29B0x3234B0x14f1
0x2a2d	0x2a29B0x2a38B0x180f
0x2a2d	0x2a29B0x2a38B0x1620
0x2a2d	0x2a29B0x2a38B0x166e
0x2a2d	0x2a29B0x2a38B0x1730
0x2a2d	0x2a29B0x2a38B0x177e
0x2a2d	0x2a29B0x3412B0x1856
0x2a2d	0x2a29B0x37e8B0x1d1a
0x2a2d	0x2a29B0x36d0B0x1c52
0x2a2d	0x2a29B0x2a38B0x1aad
0x2a2d	0x2a29B0x2a38B0x1bc1
0x2a2d	0x2a29B0x36fcB0x1c9d
0x2a2d	0x2a29B0x2a38B0x20b4
0x2a2d	0x2a29B0x388dB0x2029
0x2a2d	0x2a29B0x388dB0x1e36
0x2a2d	0x2a29B0x2a38B0x1e86
0x2a2d	0x2a29B0x388dB0x1f48
0x2a2d	0x2a29B0x2a38B0x1f98
0x2a2d	0x2a29B0x3977B0x2073
0x2a2d	0x2a29B0x3602B0x1a5b
0x2a2d	0x2a29B0x3602B0x1b6f
0x2a33	0x2a32B0x2f14B0xe6f
0x2a33	0x2a32B0x30ccB0x11d4
0x2a33	0x2a32B0x32aaB0x1539
0x2a33	0x2a32B0x34feB0x1950
0x2a33	0x2a32B0x2a38B0xa6d
0x2a33	0x2a32B0x2e23B0xd69
0x2a33	0x2a32B0x2a38B0xc16
0x2a33	0x2a32B0x2a38B0xcd8
0x2a33	0x2a32B0x2a38B0xdd4
0x2a33	0x2a32B0x2a38B0x1145
0x2a33	0x2a32B0x2a38B0xf56
0x2a33	0x2a32B0x2a38B0xfa4
0x2a33	0x2a32B0x2a38B0x1066
0x2a33	0x2a32B0x2a38B0x10b4
0x2a33	0x2a32B0x3056B0x118c
0x2a33	0x2a32B0x2a38B0x14aa
0x2a33	0x2a32B0x2a38B0x12bb
0x2a33	0x2a32B0x2a38B0x1309
0x2a33	0x2a32B0x2a38B0x13cb
0x2a33	0x2a32B0x2a38B0x1419
0x2a33	0x2a32B0x3234B0x14f1
0x2a33	0x2a32B0x2a38B0x180f
0x2a33	0x2a32B0x2a38B0x1620
0x2a33	0x2a32B0x2a38B0x166e
0x2a33	0x2a32B0x2a38B0x1730
0x2a33	0x2a32B0x2a38B0x177e
0x2a33	0x2a32B0x3412B0x1856
0x2a33	0x2a32B0x37e8B0x1d1a
0x2a33	0x2a32B0x36d0B0x1c52
0x2a33	0x2a32B0x2a38B0x1aad
0x2a33	0x2a32B0x2a38B0x1bc1
0x2a33	0x2a32B0x36fcB0x1c9d
0x2a33	0x2a32B0x2a38B0x20b4
0x2a33	0x2a32B0x388dB0x2029
0x2a33	0x2a32B0x388dB0x1e36
0x2a33	0x2a32B0x2a38B0x1e86
0x2a33	0x2a32B0x388dB0x1f48
0x2a33	0x2a32B0x2a38B0x1f98
0x2a33	0x2a32B0x3977B0x2073
0x2a33	0x2a32B0x3602B0x1a5b
0x2a33	0x2a32B0x3602B0x1b6f
0x2a35	0x2a32B0x2f14B0xe6f
0x2a35	0x2a32B0x30ccB0x11d4
0x2a35	0x2a32B0x32aaB0x1539
0x2a35	0x2a32B0x34feB0x1950
0x2a35	0x2a32B0x2a38B0xa6d
0x2a35	0x2a32B0x2e23B0xd69
0x2a35	0x2a32B0x2a38B0xc16
0x2a35	0x2a32B0x2a38B0xcd8
0x2a35	0x2a32B0x2a38B0xdd4
0x2a35	0x2a32B0x2a38B0x1145
0x2a35	0x2a32B0x2a38B0xf56
0x2a35	0x2a32B0x2a38B0xfa4
0x2a35	0x2a32B0x2a38B0x1066
0x2a35	0x2a32B0x2a38B0x10b4
0x2a35	0x2a32B0x3056B0x118c
0x2a35	0x2a32B0x2a38B0x14aa
0x2a35	0x2a32B0x2a38B0x12bb
0x2a35	0x2a32B0x2a38B0x1309
0x2a35	0x2a32B0x2a38B0x13cb
0x2a35	0x2a32B0x2a38B0x1419
0x2a35	0x2a32B0x3234B0x14f1
0x2a35	0x2a32B0x2a38B0x180f
0x2a35	0x2a32B0x2a38B0x1620
0x2a35	0x2a32B0x2a38B0x166e
0x2a35	0x2a32B0x2a38B0x1730
0x2a35	0x2a32B0x2a38B0x177e
0x2a35	0x2a32B0x3412B0x1856
0x2a35	0x2a32B0x37e8B0x1d1a
0x2a35	0x2a32B0x36d0B0x1c52
0x2a35	0x2a32B0x2a38B0x1aad
0x2a35	0x2a32B0x2a38B0x1bc1
0x2a35	0x2a32B0x36fcB0x1c9d
0x2a35	0x2a32B0x2a38B0x20b4
0x2a35	0x2a32B0x388dB0x2029
0x2a35	0x2a32B0x388dB0x1e36
0x2a35	0x2a32B0x2a38B0x1e86
0x2a35	0x2a32B0x388dB0x1f48
0x2a35	0x2a32B0x2a38B0x1f98
0x2a35	0x2a32B0x3977B0x2073
0x2a35	0x2a32B0x3602B0x1a5b
0x2a35	0x2a32B0x3602B0x1b6f
0x2a36	0x2a32B0x2f14B0xe6f
0x2a36	0x2a32B0x30ccB0x11d4
0x2a36	0x2a32B0x32aaB0x1539
0x2a36	0x2a32B0x34feB0x1950
0x2a36	0x2a32B0x2a38B0xa6d
0x2a36	0x2a32B0x2e23B0xd69
0x2a36	0x2a32B0x2a38B0xc16
0x2a36	0x2a32B0x2a38B0xcd8
0x2a36	0x2a32B0x2a38B0xdd4
0x2a36	0x2a32B0x2a38B0x1145
0x2a36	0x2a32B0x2a38B0xf56
0x2a36	0x2a32B0x2a38B0xfa4
0x2a36	0x2a32B0x2a38B0x1066
0x2a36	0x2a32B0x2a38B0x10b4
0x2a36	0x2a32B0x3056B0x118c
0x2a36	0x2a32B0x2a38B0x14aa
0x2a36	0x2a32B0x2a38B0x12bb
0x2a36	0x2a32B0x2a38B0x1309
0x2a36	0x2a32B0x2a38B0x13cb
0x2a36	0x2a32B0x2a38B0x1419
0x2a36	0x2a32B0x3234B0x14f1
0x2a36	0x2a32B0x2a38B0x180f
0x2a36	0x2a32B0x2a38B0x1620
0x2a36	0x2a32B0x2a38B0x166e
0x2a36	0x2a32B0x2a38B0x1730
0x2a36	0x2a32B0x2a38B0x177e
0x2a36	0x2a32B0x3412B0x1856
0x2a36	0x2a32B0x37e8B0x1d1a
0x2a36	0x2a32B0x36d0B0x1c52
0x2a36	0x2a32B0x2a38B0x1aad
0x2a36	0x2a32B0x2a38B0x1bc1
0x2a36	0x2a32B0x36fcB0x1c9d
0x2a36	0x2a32B0x2a38B0x20b4
0x2a36	0x2a32B0x388dB0x2029
0x2a36	0x2a32B0x388dB0x1e36
0x2a36	0x2a32B0x2a38B0x1e86
0x2a36	0x2a32B0x388dB0x1f48
0x2a36	0x2a32B0x2a38B0x1f98
0x2a36	0x2a32B0x3977B0x2073
0x2a36	0x2a32B0x3602B0x1a5b
0x2a36	0x2a32B0x3602B0x1b6f
0x2a3c	0x2a38B0xa6d
0x2a3c	0x2a38B0xc16
0x2a3c	0x2a38B0xcd8
0x2a3c	0x2a38B0xdd4
0x2a3c	0x2a38B0x1145
0x2a3c	0x2a38B0xf56
0x2a3c	0x2a38B0xfa4
0x2a3c	0x2a38B0x1066
0x2a3c	0x2a38B0x10b4
0x2a3c	0x2a38B0x14aa
0x2a3c	0x2a38B0x12bb
0x2a3c	0x2a38B0x1309
0x2a3c	0x2a38B0x13cb
0x2a3c	0x2a38B0x1419
0x2a3c	0x2a38B0x180f
0x2a3c	0x2a38B0x1620
0x2a3c	0x2a38B0x166e
0x2a3c	0x2a38B0x1730
0x2a3c	0x2a38B0x177e
0x2a3c	0x2a38B0x1aad
0x2a3c	0x2a38B0x1bc1
0x2a3c	0x2a38B0x20b4
0x2a3c	0x2a38B0x1e86
0x2a3c	0x2a38B0x1f98
0x2a3e	0x2a38B0xa6d
0x2a3e	0x2a38B0xc16
0x2a3e	0x2a38B0xcd8
0x2a3e	0x2a38B0xdd4
0x2a3e	0x2a38B0x1145
0x2a3e	0x2a38B0xf56
0x2a3e	0x2a38B0xfa4
0x2a3e	0x2a38B0x1066
0x2a3e	0x2a38B0x10b4
0x2a3e	0x2a38B0x14aa
0x2a3e	0x2a38B0x12bb
0x2a3e	0x2a38B0x1309
0x2a3e	0x2a38B0x13cb
0x2a3e	0x2a38B0x1419
0x2a3e	0x2a38B0x180f
0x2a3e	0x2a38B0x1620
0x2a3e	0x2a38B0x166e
0x2a3e	0x2a38B0x1730
0x2a3e	0x2a38B0x177e
0x2a3e	0x2a38B0x1aad
0x2a3e	0x2a38B0x1bc1
0x2a3e	0x2a38B0x20b4
0x2a3e	0x2a38B0x1e86
0x2a3e	0x2a38B0x1f98
0x2a3f	0x2a38B0xa6d
0x2a3f	0x2a38B0xc16
0x2a3f	0x2a38B0xcd8
0x2a3f	0x2a38B0xdd4
0x2a3f	0x2a38B0x1145
0x2a3f	0x2a38B0xf56
0x2a3f	0x2a38B0xfa4
0x2a3f	0x2a38B0x1066
0x2a3f	0x2a38B0x10b4
0x2a3f	0x2a38B0x14aa
0x2a3f	0x2a38B0x12bb
0x2a3f	0x2a38B0x1309
0x2a3f	0x2a38B0x13cb
0x2a3f	0x2a38B0x1419
0x2a3f	0x2a38B0x180f
0x2a3f	0x2a38B0x1620
0x2a3f	0x2a38B0x166e
0x2a3f	0x2a38B0x1730
0x2a3f	0x2a38B0x177e
0x2a3f	0x2a38B0x1aad
0x2a3f	0x2a38B0x1bc1
0x2a3f	0x2a38B0x20b4
0x2a3f	0x2a38B0x1e86
0x2a3f	0x2a38B0x1f98
0x2a44	0x2a38B0xa6d
0x2a44	0x2a38B0xc16
0x2a44	0x2a38B0xcd8
0x2a44	0x2a38B0xdd4
0x2a44	0x2a38B0x1145
0x2a44	0x2a38B0xf56
0x2a44	0x2a38B0xfa4
0x2a44	0x2a38B0x1066
0x2a44	0x2a38B0x10b4
0x2a44	0x2a38B0x14aa
0x2a44	0x2a38B0x12bb
0x2a44	0x2a38B0x1309
0x2a44	0x2a38B0x13cb
0x2a44	0x2a38B0x1419
0x2a44	0x2a38B0x180f
0x2a44	0x2a38B0x1620
0x2a44	0x2a38B0x166e
0x2a44	0x2a38B0x1730
0x2a44	0x2a38B0x177e
0x2a44	0x2a38B0x1aad
0x2a44	0x2a38B0x1bc1
0x2a44	0x2a38B0x20b4
0x2a44	0x2a38B0x1e86
0x2a44	0x2a38B0x1f98
0x2a46	0x2a38B0xa6d
0x2a46	0x2a38B0xc16
0x2a46	0x2a38B0xcd8
0x2a46	0x2a38B0xdd4
0x2a46	0x2a38B0x1145
0x2a46	0x2a38B0xf56
0x2a46	0x2a38B0xfa4
0x2a46	0x2a38B0x1066
0x2a46	0x2a38B0x10b4
0x2a46	0x2a38B0x14aa
0x2a46	0x2a38B0x12bb
0x2a46	0x2a38B0x1309
0x2a46	0x2a38B0x13cb
0x2a46	0x2a38B0x1419
0x2a46	0x2a38B0x180f
0x2a46	0x2a38B0x1620
0x2a46	0x2a38B0x166e
0x2a46	0x2a38B0x1730
0x2a46	0x2a38B0x177e
0x2a46	0x2a38B0x1aad
0x2a46	0x2a38B0x1bc1
0x2a46	0x2a38B0x20b4
0x2a46	0x2a38B0x1e86
0x2a46	0x2a38B0x1f98
0x2a4c	0x2a4bB0xa6d
0x2a4c	0x2a4bB0xc16
0x2a4c	0x2a4bB0xcd8
0x2a4c	0x2a4bB0xdd4
0x2a4c	0x2a4bB0x1145
0x2a4c	0x2a4bB0xf56
0x2a4c	0x2a4bB0xfa4
0x2a4c	0x2a4bB0x1066
0x2a4c	0x2a4bB0x10b4
0x2a4c	0x2a4bB0x14aa
0x2a4c	0x2a4bB0x12bb
0x2a4c	0x2a4bB0x1309
0x2a4c	0x2a4bB0x13cb
0x2a4c	0x2a4bB0x1419
0x2a4c	0x2a4bB0x180f
0x2a4c	0x2a4bB0x1620
0x2a4c	0x2a4bB0x166e
0x2a4c	0x2a4bB0x1730
0x2a4c	0x2a4bB0x177e
0x2a4c	0x2a4bB0x1aad
0x2a4c	0x2a4bB0x1bc1
0x2a4c	0x2a4bB0x20b4
0x2a4c	0x2a4bB0x1e86
0x2a4c	0x2a4bB0x1f98
0x2a4d	0x2a4bB0xa6d
0x2a4d	0x2a4bB0xc16
0x2a4d	0x2a4bB0xcd8
0x2a4d	0x2a4bB0xdd4
0x2a4d	0x2a4bB0x1145
0x2a4d	0x2a4bB0xf56
0x2a4d	0x2a4bB0xfa4
0x2a4d	0x2a4bB0x1066
0x2a4d	0x2a4bB0x10b4
0x2a4d	0x2a4bB0x14aa
0x2a4d	0x2a4bB0x12bb
0x2a4d	0x2a4bB0x1309
0x2a4d	0x2a4bB0x13cb
0x2a4d	0x2a4bB0x1419
0x2a4d	0x2a4bB0x180f
0x2a4d	0x2a4bB0x1620
0x2a4d	0x2a4bB0x166e
0x2a4d	0x2a4bB0x1730
0x2a4d	0x2a4bB0x177e
0x2a4d	0x2a4bB0x1aad
0x2a4d	0x2a4bB0x1bc1
0x2a4d	0x2a4bB0x20b4
0x2a4d	0x2a4bB0x1e86
0x2a4d	0x2a4bB0x1f98
0x2a4e	0x2a4bB0xa6d
0x2a4e	0x2a4bB0xc16
0x2a4e	0x2a4bB0xcd8
0x2a4e	0x2a4bB0xdd4
0x2a4e	0x2a4bB0x1145
0x2a4e	0x2a4bB0xf56
0x2a4e	0x2a4bB0xfa4
0x2a4e	0x2a4bB0x1066
0x2a4e	0x2a4bB0x10b4
0x2a4e	0x2a4bB0x14aa
0x2a4e	0x2a4bB0x12bb
0x2a4e	0x2a4bB0x1309
0x2a4e	0x2a4bB0x13cb
0x2a4e	0x2a4bB0x1419
0x2a4e	0x2a4bB0x180f
0x2a4e	0x2a4bB0x1620
0x2a4e	0x2a4bB0x166e
0x2a4e	0x2a4bB0x1730
0x2a4e	0x2a4bB0x177e
0x2a4e	0x2a4bB0x1aad
0x2a4e	0x2a4bB0x1bc1
0x2a4e	0x2a4bB0x20b4
0x2a4e	0x2a4bB0x1e86
0x2a4e	0x2a4bB0x1f98
0x2a4f	0x2a4bB0xa6d
0x2a4f	0x2a4bB0xc16
0x2a4f	0x2a4bB0xcd8
0x2a4f	0x2a4bB0xdd4
0x2a4f	0x2a4bB0x1145
0x2a4f	0x2a4bB0xf56
0x2a4f	0x2a4bB0xfa4
0x2a4f	0x2a4bB0x1066
0x2a4f	0x2a4bB0x10b4
0x2a4f	0x2a4bB0x14aa
0x2a4f	0x2a4bB0x12bb
0x2a4f	0x2a4bB0x1309
0x2a4f	0x2a4bB0x13cb
0x2a4f	0x2a4bB0x1419
0x2a4f	0x2a4bB0x180f
0x2a4f	0x2a4bB0x1620
0x2a4f	0x2a4bB0x166e
0x2a4f	0x2a4bB0x1730
0x2a4f	0x2a4bB0x177e
0x2a4f	0x2a4bB0x1aad
0x2a4f	0x2a4bB0x1bc1
0x2a4f	0x2a4bB0x20b4
0x2a4f	0x2a4bB0x1e86
0x2a4f	0x2a4bB0x1f98
0x2a56	0x2a51B0xaf5
0x2a5c	0x2a5bB0xaf5
0x2a5d	0x2a5bB0xaf5
0x2a61	0x2a5bB0xaf5
0x2a67	0x2a66B0xaf5
0x2a68	0x2a66B0xaf5
0x2a69	0x2a66B0xaf5
0x2a6a	0x2a66B0xaf5
0x2a6c	0x2a66B0xaf5
0x2a6d	0x2a66B0xaf5
0x2a6e	0x2a66B0xaf5
0x2a6f	0x2a66B0xaf5
0x2a7f	0x2a7eB0xaf5
0x2a80	0x2a7eB0xaf5
0x2a81	0x2a7eB0xaf5
0x2a82	0x2a7eB0xaf5
0x2aa7	0x2a84B0xb04
0x2aaa	0x2a84B0xb04
0x2ab3	0x2aacB0xb04
0x2ab9	0x2ab8B0xb04
0x2aba	0x2ab8B0xb04
0x2abe	0x2ab8B0xb04
0x2ac6	0x2ac3B0xb04
0x2ac8	0x2ac3B0xb04
0x2ac9	0x2ac3B0xb04
0x2aca	0x2ac3B0xb04
0x2acb	0x2ac3B0xb04
0x2acc	0x2ac3B0xb04
0x2ad2	0x2aceB0xb04
0x2ad4	0x2aceB0xb04
0x2ad5	0x2aceB0xb04
0x2ad6	0x2aceB0xb04
0x2ad7	0x2aceB0xb04
0x2ada	0x2aceB0xb04
0x2ae0	0x2aceB0xb04
0x2ae6	0x2ae5B0xb04
0x2ae7	0x2ae5B0xb04
0x2aed	0x2ae5B0xb04
0x2aef	0x2ae5B0xb04
0x2af5	0x2af4B0xb04
0x2af6	0x2af4B0xb04
0x2af7	0x2af4B0xb04
0x2af8	0x2af4B0xb04
0x2afc	0x2afaB0xbc1
0x2afc	0x2afaB0xf01
0x2afc	0x2afaB0x1266
0x2afc	0x2afaB0x15cb
0x2afc	0x2afaB0x1a06
0x2afc	0x2afaB0x1de1
0x2b00	0x2afaB0xbc1
0x2b00	0x2afaB0xf01
0x2b00	0x2afaB0x1266
0x2b00	0x2afaB0x15cb
0x2b00	0x2afaB0x1a06
0x2b00	0x2afaB0x1de1
0x2b01	0x2afaB0xbc1
0x2b01	0x2afaB0xf01
0x2b01	0x2afaB0x1266
0x2b01	0x2afaB0x15cb
0x2b01	0x2afaB0x1a06
0x2b01	0x2afaB0x1de1
0x2b02	0x2afaB0xbc1
0x2b02	0x2afaB0xf01
0x2b02	0x2afaB0x1266
0x2b02	0x2afaB0x15cb
0x2b02	0x2afaB0x1a06
0x2b02	0x2afaB0x1de1
0x2b03	0x2afaB0xbc1
0x2b03	0x2afaB0xf01
0x2b03	0x2afaB0x1266
0x2b03	0x2afaB0x15cb
0x2b03	0x2afaB0x1a06
0x2b03	0x2afaB0x1de1
0x2b04	0x2afaB0xbc1
0x2b04	0x2afaB0xf01
0x2b04	0x2afaB0x1266
0x2b04	0x2afaB0x15cb
0x2b04	0x2afaB0x1a06
0x2b04	0x2afaB0x1de1
0x2b14	0x2b11B0xbc1
0x2b14	0x2b11B0xf01
0x2b14	0x2b11B0x1266
0x2b14	0x2b11B0x15cb
0x2b14	0x2b11B0x1a06
0x2b14	0x2b11B0x1de1
0x2b20	0x2b1fB0xbc1
0x2b20	0x2b1fB0xf01
0x2b20	0x2b1fB0x1266
0x2b20	0x2b1fB0x15cb
0x2b20	0x2b1fB0x1a06
0x2b20	0x2b1fB0x1de1
0x2b21	0x2b1fB0xbc1
0x2b21	0x2b1fB0xf01
0x2b21	0x2b1fB0x1266
0x2b21	0x2b1fB0x15cb
0x2b21	0x2b1fB0x1a06
0x2b21	0x2b1fB0x1de1
0x2b23	0x2b22B0xbc1
0x2b23	0x2b22B0xf01
0x2b23	0x2b22B0x1266
0x2b23	0x2b22B0x15cb
0x2b23	0x2b22B0x1a06
0x2b23	0x2b22B0x1de1
0x2b2c	0x2b25B0x2b62B0xbd4
0x2b2c	0x2b25B0x2b62B0xf14
0x2b2c	0x2b25B0x2b62B0x1279
0x2b2c	0x2b25B0x2b62B0x15de
0x2b2c	0x2b25B0x2b62B0x1a19
0x2b2c	0x2b25B0x2b62B0x1df4
0x2b2c	0x2b25B0x2cc2B0x2cedB0xbe7
0x2b2c	0x2b25B0x2cc2B0x2d09B0xc64
0x2b2c	0x2b25B0x2cc2B0x2f8aB0xf27
0x2b2c	0x2b25B0x2cc2B0x2d09B0xff2
0x2b2c	0x2b25B0x2cc2B0x3142B0x128c
0x2b2c	0x2b25B0x2cc2B0x2d09B0x1357
0x2b2c	0x2b25B0x2cc2B0x3320B0x15f1
0x2b2c	0x2b25B0x2cc2B0x2d09B0x16bc
0x2b2c	0x2b25B0x2cc2B0x35c6B0x1a2c
0x2b2c	0x2b25B0x2cc2B0x2d09B0x1afb
0x2b2c	0x2b25B0x2cc2B0x385eB0x1e07
0x2b2c	0x2b25B0x2cc2B0x2d09B0x1ed4
0x2b2f	0x2b25B0x2b62B0xbd4
0x2b2f	0x2b25B0x2b62B0xf14
0x2b2f	0x2b25B0x2b62B0x1279
0x2b2f	0x2b25B0x2b62B0x15de
0x2b2f	0x2b25B0x2b62B0x1a19
0x2b2f	0x2b25B0x2b62B0x1df4
0x2b2f	0x2b25B0x2cc2B0x2cedB0xbe7
0x2b2f	0x2b25B0x2cc2B0x2d09B0xc64
0x2b2f	0x2b25B0x2cc2B0x2f8aB0xf27
0x2b2f	0x2b25B0x2cc2B0x2d09B0xff2
0x2b2f	0x2b25B0x2cc2B0x3142B0x128c
0x2b2f	0x2b25B0x2cc2B0x2d09B0x1357
0x2b2f	0x2b25B0x2cc2B0x3320B0x15f1
0x2b2f	0x2b25B0x2cc2B0x2d09B0x16bc
0x2b2f	0x2b25B0x2cc2B0x35c6B0x1a2c
0x2b2f	0x2b25B0x2cc2B0x2d09B0x1afb
0x2b2f	0x2b25B0x2cc2B0x385eB0x1e07
0x2b2f	0x2b25B0x2cc2B0x2d09B0x1ed4
0x2b30	0x2b25B0x2b62B0xbd4
0x2b30	0x2b25B0x2b62B0xf14
0x2b30	0x2b25B0x2b62B0x1279
0x2b30	0x2b25B0x2b62B0x15de
0x2b30	0x2b25B0x2b62B0x1a19
0x2b30	0x2b25B0x2b62B0x1df4
0x2b30	0x2b25B0x2cc2B0x2cedB0xbe7
0x2b30	0x2b25B0x2cc2B0x2d09B0xc64
0x2b30	0x2b25B0x2cc2B0x2f8aB0xf27
0x2b30	0x2b25B0x2cc2B0x2d09B0xff2
0x2b30	0x2b25B0x2cc2B0x3142B0x128c
0x2b30	0x2b25B0x2cc2B0x2d09B0x1357
0x2b30	0x2b25B0x2cc2B0x3320B0x15f1
0x2b30	0x2b25B0x2cc2B0x2d09B0x16bc
0x2b30	0x2b25B0x2cc2B0x35c6B0x1a2c
0x2b30	0x2b25B0x2cc2B0x2d09B0x1afb
0x2b30	0x2b25B0x2cc2B0x385eB0x1e07
0x2b30	0x2b25B0x2cc2B0x2d09B0x1ed4
0x2b31	0x2b25B0x2b62B0xbd4
0x2b31	0x2b25B0x2b62B0xf14
0x2b31	0x2b25B0x2b62B0x1279
0x2b31	0x2b25B0x2b62B0x15de
0x2b31	0x2b25B0x2b62B0x1a19
0x2b31	0x2b25B0x2b62B0x1df4
0x2b31	0x2b25B0x2cc2B0x2cedB0xbe7
0x2b31	0x2b25B0x2cc2B0x2d09B0xc64
0x2b31	0x2b25B0x2cc2B0x2f8aB0xf27
0x2b31	0x2b25B0x2cc2B0x2d09B0xff2
0x2b31	0x2b25B0x2cc2B0x3142B0x128c
0x2b31	0x2b25B0x2cc2B0x2d09B0x1357
0x2b31	0x2b25B0x2cc2B0x3320B0x15f1
0x2b31	0x2b25B0x2cc2B0x2d09B0x16bc
0x2b31	0x2b25B0x2cc2B0x35c6B0x1a2c
0x2b31	0x2b25B0x2cc2B0x2d09B0x1afb
0x2b31	0x2b25B0x2cc2B0x385eB0x1e07
0x2b31	0x2b25B0x2cc2B0x2d09B0x1ed4
0x2b32	0x2b25B0x2b62B0xbd4
0x2b32	0x2b25B0x2b62B0xf14
0x2b32	0x2b25B0x2b62B0x1279
0x2b32	0x2b25B0x2b62B0x15de
0x2b32	0x2b25B0x2b62B0x1a19
0x2b32	0x2b25B0x2b62B0x1df4
0x2b32	0x2b25B0x2cc2B0x2cedB0xbe7
0x2b32	0x2b25B0x2cc2B0x2d09B0xc64
0x2b32	0x2b25B0x2cc2B0x2f8aB0xf27
0x2b32	0x2b25B0x2cc2B0x2d09B0xff2
0x2b32	0x2b25B0x2cc2B0x3142B0x128c
0x2b32	0x2b25B0x2cc2B0x2d09B0x1357
0x2b32	0x2b25B0x2cc2B0x3320B0x15f1
0x2b32	0x2b25B0x2cc2B0x2d09B0x16bc
0x2b32	0x2b25B0x2cc2B0x35c6B0x1a2c
0x2b32	0x2b25B0x2cc2B0x2d09B0x1afb
0x2b32	0x2b25B0x2cc2B0x385eB0x1e07
0x2b32	0x2b25B0x2cc2B0x2d09B0x1ed4
0x2b33	0x2b25B0x2b62B0xbd4
0x2b33	0x2b25B0x2b62B0xf14
0x2b33	0x2b25B0x2b62B0x1279
0x2b33	0x2b25B0x2b62B0x15de
0x2b33	0x2b25B0x2b62B0x1a19
0x2b33	0x2b25B0x2b62B0x1df4
0x2b33	0x2b25B0x2cc2B0x2cedB0xbe7
0x2b33	0x2b25B0x2cc2B0x2d09B0xc64
0x2b33	0x2b25B0x2cc2B0x2f8aB0xf27
0x2b33	0x2b25B0x2cc2B0x2d09B0xff2
0x2b33	0x2b25B0x2cc2B0x3142B0x128c
0x2b33	0x2b25B0x2cc2B0x2d09B0x1357
0x2b33	0x2b25B0x2cc2B0x3320B0x15f1
0x2b33	0x2b25B0x2cc2B0x2d09B0x16bc
0x2b33	0x2b25B0x2cc2B0x35c6B0x1a2c
0x2b33	0x2b25B0x2cc2B0x2d09B0x1afb
0x2b33	0x2b25B0x2cc2B0x385eB0x1e07
0x2b33	0x2b25B0x2cc2B0x2d09B0x1ed4
0x2b66	0x2b62B0xbd4
0x2b66	0x2b62B0xf14
0x2b66	0x2b62B0x1279
0x2b66	0x2b62B0x15de
0x2b66	0x2b62B0x1a19
0x2b66	0x2b62B0x1df4
0x2b6c	0x2b6bB0xbd4
0x2b6c	0x2b6bB0xf14
0x2b6c	0x2b6bB0x1279
0x2b6c	0x2b6bB0x15de
0x2b6c	0x2b6bB0x1a19
0x2b6c	0x2b6bB0x1df4
0x2b6e	0x2b6bB0xbd4
0x2b6e	0x2b6bB0xf14
0x2b6e	0x2b6bB0x1279
0x2b6e	0x2b6bB0x15de
0x2b6e	0x2b6bB0x1a19
0x2b6e	0x2b6bB0x1df4
0x2b6f	0x2b6bB0xbd4
0x2b6f	0x2b6bB0xf14
0x2b6f	0x2b6bB0x1279
0x2b6f	0x2b6bB0x15de
0x2b6f	0x2b6bB0x1a19
0x2b6f	0x2b6bB0x1df4
0x2b7a	0x2b6bB0xbd4
0x2b7a	0x2b6bB0xf14
0x2b7a	0x2b6bB0x1279
0x2b7a	0x2b6bB0x15de
0x2b7a	0x2b6bB0x1a19
0x2b7a	0x2b6bB0x1df4
0x2b8b	0x2b8aB0xbd4
0x2b8b	0x2b8aB0xf14
0x2b8b	0x2b8aB0x1279
0x2b8b	0x2b8aB0x15de
0x2b8b	0x2b8aB0x1a19
0x2b8b	0x2b8aB0x1df4
0x2b8f	0x2b8aB0xbd4
0x2b8f	0x2b8aB0xf14
0x2b8f	0x2b8aB0x1279
0x2b8f	0x2b8aB0x15de
0x2b8f	0x2b8aB0x1a19
0x2b8f	0x2b8aB0x1df4
0x2b90	0x2b8aB0xbd4
0x2b90	0x2b8aB0xf14
0x2b90	0x2b8aB0x1279
0x2b90	0x2b8aB0x15de
0x2b90	0x2b8aB0x1a19
0x2b90	0x2b8aB0x1df4
0x2b91	0x2b8aB0xbd4
0x2b91	0x2b8aB0xf14
0x2b91	0x2b8aB0x1279
0x2b91	0x2b8aB0x15de
0x2b91	0x2b8aB0x1a19
0x2b91	0x2b8aB0x1df4
0x2bab	0x2ba4B0xbd4
0x2bab	0x2ba4B0xf14
0x2bab	0x2ba4B0x1279
0x2bab	0x2ba4B0x15de
0x2bab	0x2ba4B0x1a19
0x2bab	0x2ba4B0x1df4
0x2bad	0x2ba4B0xbd4
0x2bad	0x2ba4B0xf14
0x2bad	0x2ba4B0x1279
0x2bad	0x2ba4B0x15de
0x2bad	0x2ba4B0x1a19
0x2bad	0x2ba4B0x1df4
0x2bb2	0x2ba4B0xbd4
0x2bb2	0x2ba4B0xf14
0x2bb2	0x2ba4B0x1279
0x2bb2	0x2ba4B0x15de
0x2bb2	0x2ba4B0x1a19
0x2bb2	0x2ba4B0x1df4
0x2bbe	0x2ba4B0xbd4
0x2bbe	0x2ba4B0xf14
0x2bbe	0x2ba4B0x1279
0x2bbe	0x2ba4B0x15de
0x2bbe	0x2ba4B0x1a19
0x2bbe	0x2ba4B0x1df4
0x2bc7	0x2bc6B0xbd4
0x2bc7	0x2bc6B0xf14
0x2bc7	0x2bc6B0x1279
0x2bc7	0x2bc6B0x15de
0x2bc7	0x2bc6B0x1a19
0x2bc7	0x2bc6B0x1df4
0x2bcd	0x2bccB0xbd4
0x2bcd	0x2bccB0xf14
0x2bcd	0x2bccB0x1279
0x2bcd	0x2bccB0x15de
0x2bcd	0x2bccB0x1a19
0x2bcd	0x2bccB0x1df4
0x2bce	0x2bccB0xbd4
0x2bce	0x2bccB0xf14
0x2bce	0x2bccB0x1279
0x2bce	0x2bccB0x15de
0x2bce	0x2bccB0x1a19
0x2bce	0x2bccB0x1df4
0x2bd0	0x2bccB0xbd4
0x2bd0	0x2bccB0xf14
0x2bd0	0x2bccB0x1279
0x2bd0	0x2bccB0x15de
0x2bd0	0x2bccB0x1a19
0x2bd0	0x2bccB0x1df4
0x2bdb	0x2bccB0xbd4
0x2bdb	0x2bccB0xf14
0x2bdb	0x2bccB0x1279
0x2bdb	0x2bccB0x15de
0x2bdb	0x2bccB0x1a19
0x2bdb	0x2bccB0x1df4
0x2be3	0x2be2B0xbd4
0x2be3	0x2be2B0xf14
0x2be3	0x2be2B0x1279
0x2be3	0x2be2B0x15de
0x2be3	0x2be2B0x1a19
0x2be3	0x2be2B0x1df4
0x2be4	0x2be2B0xbd4
0x2be4	0x2be2B0xf14
0x2be4	0x2be2B0x1279
0x2be4	0x2be2B0x15de
0x2be4	0x2be2B0x1a19
0x2be4	0x2be2B0x1df4
0x2be5	0x2be2B0xbd4
0x2be5	0x2be2B0xf14
0x2be5	0x2be2B0x1279
0x2be5	0x2be2B0x15de
0x2be5	0x2be2B0x1a19
0x2be5	0x2be2B0x1df4
0x2beb	0x2beaB0xbd4
0x2beb	0x2beaB0xf14
0x2beb	0x2beaB0x1279
0x2beb	0x2beaB0x15de
0x2beb	0x2beaB0x1a19
0x2beb	0x2beaB0x1df4
0x2bee	0x2beaB0xbd4
0x2bee	0x2beaB0xf14
0x2bee	0x2beaB0x1279
0x2bee	0x2beaB0x15de
0x2bee	0x2beaB0x1a19
0x2bee	0x2beaB0x1df4
0x2bf5	0x2beaB0xbd4
0x2bf5	0x2beaB0xf14
0x2bf5	0x2beaB0x1279
0x2bf5	0x2beaB0x15de
0x2bf5	0x2beaB0x1a19
0x2bf5	0x2beaB0x1df4
0x2bf7	0x2beaB0xbd4
0x2bf7	0x2beaB0xf14
0x2bf7	0x2beaB0x1279
0x2bf7	0x2beaB0x15de
0x2bf7	0x2beaB0x1a19
0x2bf7	0x2beaB0x1df4
0x2bff	0x2bfeB0xbd4
0x2bff	0x2bfeB0xf14
0x2bff	0x2bfeB0x1279
0x2bff	0x2bfeB0x15de
0x2bff	0x2bfeB0x1a19
0x2bff	0x2bfeB0x1df4
0x2c00	0x2bfeB0xbd4
0x2c00	0x2bfeB0xf14
0x2c00	0x2bfeB0x1279
0x2c00	0x2bfeB0x15de
0x2c00	0x2bfeB0x1a19
0x2c00	0x2bfeB0x1df4
0x2c01	0x2bfeB0xbd4
0x2c01	0x2bfeB0xf14
0x2c01	0x2bfeB0x1279
0x2c01	0x2bfeB0x15de
0x2c01	0x2bfeB0x1a19
0x2c01	0x2bfeB0x1df4
0x2c02	0x2bfeB0xbd4
0x2c02	0x2bfeB0xf14
0x2c02	0x2bfeB0x1279
0x2c02	0x2bfeB0x15de
0x2c02	0x2bfeB0x1a19
0x2c02	0x2bfeB0x1df4
0x2c0b	0x2c07B0xbd4
0x2c0b	0x2c07B0xf14
0x2c0b	0x2c07B0x1279
0x2c0b	0x2c07B0x15de
0x2c0b	0x2c07B0x1a19
0x2c0b	0x2c07B0x1df4
0x2c0f	0x2c07B0xbd4
0x2c0f	0x2c07B0xf14
0x2c0f	0x2c07B0x1279
0x2c0f	0x2c07B0x15de
0x2c0f	0x2c07B0x1a19
0x2c0f	0x2c07B0x1df4
0x2c11	0x2c07B0xbd4
0x2c11	0x2c07B0xf14
0x2c11	0x2c07B0x1279
0x2c11	0x2c07B0x15de
0x2c11	0x2c07B0x1a19
0x2c11	0x2c07B0x1df4
0x2c17	0x2c16B0xbd4
0x2c17	0x2c16B0xf14
0x2c17	0x2c16B0x1279
0x2c17	0x2c16B0x15de
0x2c17	0x2c16B0x1a19
0x2c17	0x2c16B0x1df4
0x2c18	0x2c16B0xbd4
0x2c18	0x2c16B0xf14
0x2c18	0x2c16B0x1279
0x2c18	0x2c16B0x15de
0x2c18	0x2c16B0x1a19
0x2c18	0x2c16B0x1df4
0x2c19	0x2c16B0xbd4
0x2c19	0x2c16B0xf14
0x2c19	0x2c16B0x1279
0x2c19	0x2c16B0x15de
0x2c19	0x2c16B0x1a19
0x2c19	0x2c16B0x1df4
0x2c1a	0x2c16B0xbd4
0x2c1a	0x2c16B0xf14
0x2c1a	0x2c16B0x1279
0x2c1a	0x2c16B0x15de
0x2c1a	0x2c16B0x1a19
0x2c1a	0x2c16B0x1df4
0x2c1b	0x2c16B0xbd4
0x2c1b	0x2c16B0xf14
0x2c1b	0x2c16B0x1279
0x2c1b	0x2c16B0x15de
0x2c1b	0x2c16B0x1a19
0x2c1b	0x2c16B0x1df4
0x2c1c	0x2c16B0xbd4
0x2c1c	0x2c16B0xf14
0x2c1c	0x2c16B0x1279
0x2c1c	0x2c16B0x15de
0x2c1c	0x2c16B0x1a19
0x2c1c	0x2c16B0x1df4
0x2c1d	0x2c16B0xbd4
0x2c1d	0x2c16B0xf14
0x2c1d	0x2c16B0x1279
0x2c1d	0x2c16B0x15de
0x2c1d	0x2c16B0x1a19
0x2c1d	0x2c16B0x1df4
0x2c1e	0x2c16B0xbd4
0x2c1e	0x2c16B0xf14
0x2c1e	0x2c16B0x1279
0x2c1e	0x2c16B0x15de
0x2c1e	0x2c16B0x1a19
0x2c1e	0x2c16B0x1df4
0x2c20	0x2c1fB0xbd4
0x2c20	0x2c1fB0xf14
0x2c20	0x2c1fB0x1279
0x2c20	0x2c1fB0x15de
0x2c20	0x2c1fB0x1a19
0x2c20	0x2c1fB0x1df4
0x2c45	0x2c22B0x2e82B0xda8
0x2c45	0x2c22B0x2e0cB0xd69
0x2c45	0x2c22B0x2cd6B0xbe7
0x2c45	0x2c22B0x2d73B0xcab
0x2c48	0x2c22B0x2e82B0xda8
0x2c48	0x2c22B0x2e0cB0xd69
0x2c48	0x2c22B0x2cd6B0xbe7
0x2c48	0x2c22B0x2d73B0xcab
0x2c51	0x2c4aB0x2e82B0xda8
0x2c51	0x2c4aB0x2e0cB0xd69
0x2c51	0x2c4aB0x2cd6B0xbe7
0x2c51	0x2c4aB0x2d73B0xcab
0x2c57	0x2c56B0x2e82B0xda8
0x2c57	0x2c56B0x2e0cB0xd69
0x2c57	0x2c56B0x2cd6B0xbe7
0x2c57	0x2c56B0x2d73B0xcab
0x2c58	0x2c56B0x2e82B0xda8
0x2c58	0x2c56B0x2e0cB0xd69
0x2c58	0x2c56B0x2cd6B0xbe7
0x2c58	0x2c56B0x2d73B0xcab
0x2c5c	0x2c56B0x2e82B0xda8
0x2c5c	0x2c56B0x2e0cB0xd69
0x2c5c	0x2c56B0x2cd6B0xbe7
0x2c5c	0x2c56B0x2d73B0xcab
0x2c64	0x2c61B0x2e82B0xda8
0x2c64	0x2c61B0x2e0cB0xd69
0x2c64	0x2c61B0x2cd6B0xbe7
0x2c64	0x2c61B0x2d73B0xcab
0x2c66	0x2c61B0x2e82B0xda8
0x2c66	0x2c61B0x2e0cB0xd69
0x2c66	0x2c61B0x2cd6B0xbe7
0x2c66	0x2c61B0x2d73B0xcab
0x2c67	0x2c61B0x2e82B0xda8
0x2c67	0x2c61B0x2e0cB0xd69
0x2c67	0x2c61B0x2cd6B0xbe7
0x2c67	0x2c61B0x2d73B0xcab
0x2c68	0x2c61B0x2e82B0xda8
0x2c68	0x2c61B0x2e0cB0xd69
0x2c68	0x2c61B0x2cd6B0xbe7
0x2c68	0x2c61B0x2d73B0xcab
0x2c69	0x2c61B0x2e82B0xda8
0x2c69	0x2c61B0x2e0cB0xd69
0x2c69	0x2c61B0x2cd6B0xbe7
0x2c69	0x2c61B0x2d73B0xcab
0x2c6a	0x2c61B0x2e82B0xda8
0x2c6a	0x2c61B0x2e0cB0xd69
0x2c6a	0x2c61B0x2cd6B0xbe7
0x2c6a	0x2c61B0x2d73B0xcab
0x2c6e	0x2c6cB0x2cedB0xbe7
0x2c6e	0x2c6cB0x2d09B0xc64
0x2c6e	0x2c6cB0x2f8aB0xf27
0x2c6e	0x2c6cB0x2d09B0xff2
0x2c6e	0x2c6cB0x3142B0x128c
0x2c6e	0x2c6cB0x2d09B0x1357
0x2c6e	0x2c6cB0x3320B0x15f1
0x2c6e	0x2c6cB0x2d09B0x16bc
0x2c6e	0x2c6cB0x35c6B0x1a2c
0x2c6e	0x2c6cB0x2d09B0x1afb
0x2c6e	0x2c6cB0x385eB0x1e07
0x2c6e	0x2c6cB0x2d09B0x1ed4
0x2c70	0x2c6cB0x2cedB0xbe7
0x2c70	0x2c6cB0x2d09B0xc64
0x2c70	0x2c6cB0x2f8aB0xf27
0x2c70	0x2c6cB0x2d09B0xff2
0x2c70	0x2c6cB0x3142B0x128c
0x2c70	0x2c6cB0x2d09B0x1357
0x2c70	0x2c6cB0x3320B0x15f1
0x2c70	0x2c6cB0x2d09B0x16bc
0x2c70	0x2c6cB0x35c6B0x1a2c
0x2c70	0x2c6cB0x2d09B0x1afb
0x2c70	0x2c6cB0x385eB0x1e07
0x2c70	0x2c6cB0x2d09B0x1ed4
0x2c71	0x2c6cB0x2cedB0xbe7
0x2c71	0x2c6cB0x2d09B0xc64
0x2c71	0x2c6cB0x2f8aB0xf27
0x2c71	0x2c6cB0x2d09B0xff2
0x2c71	0x2c6cB0x3142B0x128c
0x2c71	0x2c6cB0x2d09B0x1357
0x2c71	0x2c6cB0x3320B0x15f1
0x2c71	0x2c6cB0x2d09B0x16bc
0x2c71	0x2c6cB0x35c6B0x1a2c
0x2c71	0x2c6cB0x2d09B0x1afb
0x2c71	0x2c6cB0x385eB0x1e07
0x2c71	0x2c6cB0x2d09B0x1ed4
0x2c72	0x2c6cB0x2cedB0xbe7
0x2c72	0x2c6cB0x2d09B0xc64
0x2c72	0x2c6cB0x2f8aB0xf27
0x2c72	0x2c6cB0x2d09B0xff2
0x2c72	0x2c6cB0x3142B0x128c
0x2c72	0x2c6cB0x2d09B0x1357
0x2c72	0x2c6cB0x3320B0x15f1
0x2c72	0x2c6cB0x2d09B0x16bc
0x2c72	0x2c6cB0x35c6B0x1a2c
0x2c72	0x2c6cB0x2d09B0x1afb
0x2c72	0x2c6cB0x385eB0x1e07
0x2c72	0x2c6cB0x2d09B0x1ed4
0x2c73	0x2c6cB0x2cedB0xbe7
0x2c73	0x2c6cB0x2d09B0xc64
0x2c73	0x2c6cB0x2f8aB0xf27
0x2c73	0x2c6cB0x2d09B0xff2
0x2c73	0x2c6cB0x3142B0x128c
0x2c73	0x2c6cB0x2d09B0x1357
0x2c73	0x2c6cB0x3320B0x15f1
0x2c73	0x2c6cB0x2d09B0x16bc
0x2c73	0x2c6cB0x35c6B0x1a2c
0x2c73	0x2c6cB0x2d09B0x1afb
0x2c73	0x2c6cB0x385eB0x1e07
0x2c73	0x2c6cB0x2d09B0x1ed4
0x2c74	0x2c6cB0x2cedB0xbe7
0x2c74	0x2c6cB0x2d09B0xc64
0x2c74	0x2c6cB0x2f8aB0xf27
0x2c74	0x2c6cB0x2d09B0xff2
0x2c74	0x2c6cB0x3142B0x128c
0x2c74	0x2c6cB0x2d09B0x1357
0x2c74	0x2c6cB0x3320B0x15f1
0x2c74	0x2c6cB0x2d09B0x16bc
0x2c74	0x2c6cB0x35c6B0x1a2c
0x2c74	0x2c6cB0x2d09B0x1afb
0x2c74	0x2c6cB0x385eB0x1e07
0x2c74	0x2c6cB0x2d09B0x1ed4
0x2c79	0x2c78B0x2cedB0xbe7
0x2c79	0x2c78B0x2d09B0xc64
0x2c79	0x2c78B0x2f8aB0xf27
0x2c79	0x2c78B0x2d09B0xff2
0x2c79	0x2c78B0x3142B0x128c
0x2c79	0x2c78B0x2d09B0x1357
0x2c79	0x2c78B0x3320B0x15f1
0x2c79	0x2c78B0x2d09B0x16bc
0x2c79	0x2c78B0x35c6B0x1a2c
0x2c79	0x2c78B0x2d09B0x1afb
0x2c79	0x2c78B0x385eB0x1e07
0x2c79	0x2c78B0x2d09B0x1ed4
0x2c7a	0x2c78B0x2cedB0xbe7
0x2c7a	0x2c78B0x2d09B0xc64
0x2c7a	0x2c78B0x2f8aB0xf27
0x2c7a	0x2c78B0x2d09B0xff2
0x2c7a	0x2c78B0x3142B0x128c
0x2c7a	0x2c78B0x2d09B0x1357
0x2c7a	0x2c78B0x3320B0x15f1
0x2c7a	0x2c78B0x2d09B0x16bc
0x2c7a	0x2c78B0x35c6B0x1a2c
0x2c7a	0x2c78B0x2d09B0x1afb
0x2c7a	0x2c78B0x385eB0x1e07
0x2c7a	0x2c78B0x2d09B0x1ed4
0x2c82	0x2c81B0x2cedB0xbe7
0x2c82	0x2c81B0x2d09B0xc64
0x2c82	0x2c81B0x2f8aB0xf27
0x2c82	0x2c81B0x2d09B0xff2
0x2c82	0x2c81B0x3142B0x128c
0x2c82	0x2c81B0x2d09B0x1357
0x2c82	0x2c81B0x3320B0x15f1
0x2c82	0x2c81B0x2d09B0x16bc
0x2c82	0x2c81B0x35c6B0x1a2c
0x2c82	0x2c81B0x2d09B0x1afb
0x2c82	0x2c81B0x385eB0x1e07
0x2c82	0x2c81B0x2d09B0x1ed4
0x2c85	0x2c81B0x2cedB0xbe7
0x2c85	0x2c81B0x2d09B0xc64
0x2c85	0x2c81B0x2f8aB0xf27
0x2c85	0x2c81B0x2d09B0xff2
0x2c85	0x2c81B0x3142B0x128c
0x2c85	0x2c81B0x2d09B0x1357
0x2c85	0x2c81B0x3320B0x15f1
0x2c85	0x2c81B0x2d09B0x16bc
0x2c85	0x2c81B0x35c6B0x1a2c
0x2c85	0x2c81B0x2d09B0x1afb
0x2c85	0x2c81B0x385eB0x1e07
0x2c85	0x2c81B0x2d09B0x1ed4
0x2c86	0x2c81B0x2cedB0xbe7
0x2c86	0x2c81B0x2d09B0xc64
0x2c86	0x2c81B0x2f8aB0xf27
0x2c86	0x2c81B0x2d09B0xff2
0x2c86	0x2c81B0x3142B0x128c
0x2c86	0x2c81B0x2d09B0x1357
0x2c86	0x2c81B0x3320B0x15f1
0x2c86	0x2c81B0x2d09B0x16bc
0x2c86	0x2c81B0x35c6B0x1a2c
0x2c86	0x2c81B0x2d09B0x1afb
0x2c86	0x2c81B0x385eB0x1e07
0x2c86	0x2c81B0x2d09B0x1ed4
0x2c8b	0x2c81B0x2cedB0xbe7
0x2c8b	0x2c81B0x2d09B0xc64
0x2c8b	0x2c81B0x2f8aB0xf27
0x2c8b	0x2c81B0x2d09B0xff2
0x2c8b	0x2c81B0x3142B0x128c
0x2c8b	0x2c81B0x2d09B0x1357
0x2c8b	0x2c81B0x3320B0x15f1
0x2c8b	0x2c81B0x2d09B0x16bc
0x2c8b	0x2c81B0x35c6B0x1a2c
0x2c8b	0x2c81B0x2d09B0x1afb
0x2c8b	0x2c81B0x385eB0x1e07
0x2c8b	0x2c81B0x2d09B0x1ed4
0x2c8d	0x2c81B0x2cedB0xbe7
0x2c8d	0x2c81B0x2d09B0xc64
0x2c8d	0x2c81B0x2f8aB0xf27
0x2c8d	0x2c81B0x2d09B0xff2
0x2c8d	0x2c81B0x3142B0x128c
0x2c8d	0x2c81B0x2d09B0x1357
0x2c8d	0x2c81B0x3320B0x15f1
0x2c8d	0x2c81B0x2d09B0x16bc
0x2c8d	0x2c81B0x35c6B0x1a2c
0x2c8d	0x2c81B0x2d09B0x1afb
0x2c8d	0x2c81B0x385eB0x1e07
0x2c8d	0x2c81B0x2d09B0x1ed4
0x2c8e	0x2c81B0x2cedB0xbe7
0x2c8e	0x2c81B0x2d09B0xc64
0x2c8e	0x2c81B0x2f8aB0xf27
0x2c8e	0x2c81B0x2d09B0xff2
0x2c8e	0x2c81B0x3142B0x128c
0x2c8e	0x2c81B0x2d09B0x1357
0x2c8e	0x2c81B0x3320B0x15f1
0x2c8e	0x2c81B0x2d09B0x16bc
0x2c8e	0x2c81B0x35c6B0x1a2c
0x2c8e	0x2c81B0x2d09B0x1afb
0x2c8e	0x2c81B0x385eB0x1e07
0x2c8e	0x2c81B0x2d09B0x1ed4
0x2c95	0x2c93B0x2cedB0xbe7
0x2c95	0x2c93B0x2d09B0xc64
0x2c95	0x2c93B0x2f8aB0xf27
0x2c95	0x2c93B0x2d09B0xff2
0x2c95	0x2c93B0x3142B0x128c
0x2c95	0x2c93B0x2d09B0x1357
0x2c95	0x2c93B0x3320B0x15f1
0x2c95	0x2c93B0x2d09B0x16bc
0x2c95	0x2c93B0x35c6B0x1a2c
0x2c95	0x2c93B0x2d09B0x1afb
0x2c95	0x2c93B0x385eB0x1e07
0x2c95	0x2c93B0x2d09B0x1ed4
0x2c96	0x2c93B0x2cedB0xbe7
0x2c96	0x2c93B0x2d09B0xc64
0x2c96	0x2c93B0x2f8aB0xf27
0x2c96	0x2c93B0x2d09B0xff2
0x2c96	0x2c93B0x3142B0x128c
0x2c96	0x2c93B0x2d09B0x1357
0x2c96	0x2c93B0x3320B0x15f1
0x2c96	0x2c93B0x2d09B0x16bc
0x2c96	0x2c93B0x35c6B0x1a2c
0x2c96	0x2c93B0x2d09B0x1afb
0x2c96	0x2c93B0x385eB0x1e07
0x2c96	0x2c93B0x2d09B0x1ed4
0x2c99	0x2c93B0x2cedB0xbe7
0x2c99	0x2c93B0x2d09B0xc64
0x2c99	0x2c93B0x2f8aB0xf27
0x2c99	0x2c93B0x2d09B0xff2
0x2c99	0x2c93B0x3142B0x128c
0x2c99	0x2c93B0x2d09B0x1357
0x2c99	0x2c93B0x3320B0x15f1
0x2c99	0x2c93B0x2d09B0x16bc
0x2c99	0x2c93B0x35c6B0x1a2c
0x2c99	0x2c93B0x2d09B0x1afb
0x2c99	0x2c93B0x385eB0x1e07
0x2c99	0x2c93B0x2d09B0x1ed4
0x2c9a	0x2c93B0x2cedB0xbe7
0x2c9a	0x2c93B0x2d09B0xc64
0x2c9a	0x2c93B0x2f8aB0xf27
0x2c9a	0x2c93B0x2d09B0xff2
0x2c9a	0x2c93B0x3142B0x128c
0x2c9a	0x2c93B0x2d09B0x1357
0x2c9a	0x2c93B0x3320B0x15f1
0x2c9a	0x2c93B0x2d09B0x16bc
0x2c9a	0x2c93B0x35c6B0x1a2c
0x2c9a	0x2c93B0x2d09B0x1afb
0x2c9a	0x2c93B0x385eB0x1e07
0x2c9a	0x2c93B0x2d09B0x1ed4
0x2c9b	0x2c93B0x2cedB0xbe7
0x2c9b	0x2c93B0x2d09B0xc64
0x2c9b	0x2c93B0x2f8aB0xf27
0x2c9b	0x2c93B0x2d09B0xff2
0x2c9b	0x2c93B0x3142B0x128c
0x2c9b	0x2c93B0x2d09B0x1357
0x2c9b	0x2c93B0x3320B0x15f1
0x2c9b	0x2c93B0x2d09B0x16bc
0x2c9b	0x2c93B0x35c6B0x1a2c
0x2c9b	0x2c93B0x2d09B0x1afb
0x2c9b	0x2c93B0x385eB0x1e07
0x2c9b	0x2c93B0x2d09B0x1ed4
0x2c9c	0x2c93B0x2cedB0xbe7
0x2c9c	0x2c93B0x2d09B0xc64
0x2c9c	0x2c93B0x2f8aB0xf27
0x2c9c	0x2c93B0x2d09B0xff2
0x2c9c	0x2c93B0x3142B0x128c
0x2c9c	0x2c93B0x2d09B0x1357
0x2c9c	0x2c93B0x3320B0x15f1
0x2c9c	0x2c93B0x2d09B0x16bc
0x2c9c	0x2c93B0x35c6B0x1a2c
0x2c9c	0x2c93B0x2d09B0x1afb
0x2c9c	0x2c93B0x385eB0x1e07
0x2c9c	0x2c93B0x2d09B0x1ed4
0x2ca3	0x2c9eB0x2cedB0xbe7
0x2ca3	0x2c9eB0x2d09B0xc64
0x2ca3	0x2c9eB0x2f8aB0xf27
0x2ca3	0x2c9eB0x2d09B0xff2
0x2ca3	0x2c9eB0x3142B0x128c
0x2ca3	0x2c9eB0x2d09B0x1357
0x2ca3	0x2c9eB0x3320B0x15f1
0x2ca3	0x2c9eB0x2d09B0x16bc
0x2ca3	0x2c9eB0x35c6B0x1a2c
0x2ca3	0x2c9eB0x2d09B0x1afb
0x2ca3	0x2c9eB0x385eB0x1e07
0x2ca3	0x2c9eB0x2d09B0x1ed4
0x2cac	0x2ca8B0x2cedB0xbe7
0x2cac	0x2ca8B0x2d09B0xc64
0x2cac	0x2ca8B0x2f8aB0xf27
0x2cac	0x2ca8B0x2d09B0xff2
0x2cac	0x2ca8B0x3142B0x128c
0x2cac	0x2ca8B0x2d09B0x1357
0x2cac	0x2ca8B0x3320B0x15f1
0x2cac	0x2ca8B0x2d09B0x16bc
0x2cac	0x2ca8B0x35c6B0x1a2c
0x2cac	0x2ca8B0x2d09B0x1afb
0x2cac	0x2ca8B0x385eB0x1e07
0x2cac	0x2ca8B0x2d09B0x1ed4
0x2cad	0x2ca8B0x2cedB0xbe7
0x2cad	0x2ca8B0x2d09B0xc64
0x2cad	0x2ca8B0x2f8aB0xf27
0x2cad	0x2ca8B0x2d09B0xff2
0x2cad	0x2ca8B0x3142B0x128c
0x2cad	0x2ca8B0x2d09B0x1357
0x2cad	0x2ca8B0x3320B0x15f1
0x2cad	0x2ca8B0x2d09B0x16bc
0x2cad	0x2ca8B0x35c6B0x1a2c
0x2cad	0x2ca8B0x2d09B0x1afb
0x2cad	0x2ca8B0x385eB0x1e07
0x2cad	0x2ca8B0x2d09B0x1ed4
0x2cb3	0x2cb2B0x2cedB0xbe7
0x2cb3	0x2cb2B0x2d09B0xc64
0x2cb3	0x2cb2B0x2f8aB0xf27
0x2cb3	0x2cb2B0x2d09B0xff2
0x2cb3	0x2cb2B0x3142B0x128c
0x2cb3	0x2cb2B0x2d09B0x1357
0x2cb3	0x2cb2B0x3320B0x15f1
0x2cb3	0x2cb2B0x2d09B0x16bc
0x2cb3	0x2cb2B0x35c6B0x1a2c
0x2cb3	0x2cb2B0x2d09B0x1afb
0x2cb3	0x2cb2B0x385eB0x1e07
0x2cb3	0x2cb2B0x2d09B0x1ed4
0x2cb4	0x2cb2B0x2cedB0xbe7
0x2cb4	0x2cb2B0x2d09B0xc64
0x2cb4	0x2cb2B0x2f8aB0xf27
0x2cb4	0x2cb2B0x2d09B0xff2
0x2cb4	0x2cb2B0x3142B0x128c
0x2cb4	0x2cb2B0x2d09B0x1357
0x2cb4	0x2cb2B0x3320B0x15f1
0x2cb4	0x2cb2B0x2d09B0x16bc
0x2cb4	0x2cb2B0x35c6B0x1a2c
0x2cb4	0x2cb2B0x2d09B0x1afb
0x2cb4	0x2cb2B0x385eB0x1e07
0x2cb4	0x2cb2B0x2d09B0x1ed4
0x2cb8	0x2cb2B0x2cedB0xbe7
0x2cb8	0x2cb2B0x2d09B0xc64
0x2cb8	0x2cb2B0x2f8aB0xf27
0x2cb8	0x2cb2B0x2d09B0xff2
0x2cb8	0x2cb2B0x3142B0x128c
0x2cb8	0x2cb2B0x2d09B0x1357
0x2cb8	0x2cb2B0x3320B0x15f1
0x2cb8	0x2cb2B0x2d09B0x16bc
0x2cb8	0x2cb2B0x35c6B0x1a2c
0x2cb8	0x2cb2B0x2d09B0x1afb
0x2cb8	0x2cb2B0x385eB0x1e07
0x2cb8	0x2cb2B0x2d09B0x1ed4
0x2cb9	0x2cb2B0x2cedB0xbe7
0x2cb9	0x2cb2B0x2d09B0xc64
0x2cb9	0x2cb2B0x2f8aB0xf27
0x2cb9	0x2cb2B0x2d09B0xff2
0x2cb9	0x2cb2B0x3142B0x128c
0x2cb9	0x2cb2B0x2d09B0x1357
0x2cb9	0x2cb2B0x3320B0x15f1
0x2cb9	0x2cb2B0x2d09B0x16bc
0x2cb9	0x2cb2B0x35c6B0x1a2c
0x2cb9	0x2cb2B0x2d09B0x1afb
0x2cb9	0x2cb2B0x385eB0x1e07
0x2cb9	0x2cb2B0x2d09B0x1ed4
0x2cbc	0x2cb2B0x2cedB0xbe7
0x2cbc	0x2cb2B0x2d09B0xc64
0x2cbc	0x2cb2B0x2f8aB0xf27
0x2cbc	0x2cb2B0x2d09B0xff2
0x2cbc	0x2cb2B0x3142B0x128c
0x2cbc	0x2cb2B0x2d09B0x1357
0x2cbc	0x2cb2B0x3320B0x15f1
0x2cbc	0x2cb2B0x2d09B0x16bc
0x2cbc	0x2cb2B0x35c6B0x1a2c
0x2cbc	0x2cb2B0x2d09B0x1afb
0x2cbc	0x2cb2B0x385eB0x1e07
0x2cbc	0x2cb2B0x2d09B0x1ed4
0x2cc6	0x2cc2B0x2cedB0xbe7
0x2cc6	0x2cc2B0x2d09B0xc64
0x2cc6	0x2cc2B0x2f8aB0xf27
0x2cc6	0x2cc2B0x2d09B0xff2
0x2cc6	0x2cc2B0x3142B0x128c
0x2cc6	0x2cc2B0x2d09B0x1357
0x2cc6	0x2cc2B0x3320B0x15f1
0x2cc6	0x2cc2B0x2d09B0x16bc
0x2cc6	0x2cc2B0x35c6B0x1a2c
0x2cc6	0x2cc2B0x2d09B0x1afb
0x2cc6	0x2cc2B0x385eB0x1e07
0x2cc6	0x2cc2B0x2d09B0x1ed4
0x2ccc	0x2ccbB0x2cedB0xbe7
0x2ccc	0x2ccbB0x2d09B0xc64
0x2ccc	0x2ccbB0x2f8aB0xf27
0x2ccc	0x2ccbB0x2d09B0xff2
0x2ccc	0x2ccbB0x3142B0x128c
0x2ccc	0x2ccbB0x2d09B0x1357
0x2ccc	0x2ccbB0x3320B0x15f1
0x2ccc	0x2ccbB0x2d09B0x16bc
0x2ccc	0x2ccbB0x35c6B0x1a2c
0x2ccc	0x2ccbB0x2d09B0x1afb
0x2ccc	0x2ccbB0x385eB0x1e07
0x2ccc	0x2ccbB0x2d09B0x1ed4
0x2cce	0x2ccbB0x2cedB0xbe7
0x2cce	0x2ccbB0x2d09B0xc64
0x2cce	0x2ccbB0x2f8aB0xf27
0x2cce	0x2ccbB0x2d09B0xff2
0x2cce	0x2ccbB0x3142B0x128c
0x2cce	0x2ccbB0x2d09B0x1357
0x2cce	0x2ccbB0x3320B0x15f1
0x2cce	0x2ccbB0x2d09B0x16bc
0x2cce	0x2ccbB0x35c6B0x1a2c
0x2cce	0x2ccbB0x2d09B0x1afb
0x2cce	0x2ccbB0x385eB0x1e07
0x2cce	0x2ccbB0x2d09B0x1ed4
0x2ccf	0x2ccbB0x2cedB0xbe7
0x2ccf	0x2ccbB0x2d09B0xc64
0x2ccf	0x2ccbB0x2f8aB0xf27
0x2ccf	0x2ccbB0x2d09B0xff2
0x2ccf	0x2ccbB0x3142B0x128c
0x2ccf	0x2ccbB0x2d09B0x1357
0x2ccf	0x2ccbB0x3320B0x15f1
0x2ccf	0x2ccbB0x2d09B0x16bc
0x2ccf	0x2ccbB0x35c6B0x1a2c
0x2ccf	0x2ccbB0x2d09B0x1afb
0x2ccf	0x2ccbB0x385eB0x1e07
0x2ccf	0x2ccbB0x2d09B0x1ed4
0x2cd0	0x2ccbB0x2cedB0xbe7
0x2cd0	0x2ccbB0x2d09B0xc64
0x2cd0	0x2ccbB0x2f8aB0xf27
0x2cd0	0x2ccbB0x2d09B0xff2
0x2cd0	0x2ccbB0x3142B0x128c
0x2cd0	0x2ccbB0x2d09B0x1357
0x2cd0	0x2ccbB0x3320B0x15f1
0x2cd0	0x2ccbB0x2d09B0x16bc
0x2cd0	0x2ccbB0x35c6B0x1a2c
0x2cd0	0x2ccbB0x2d09B0x1afb
0x2cd0	0x2ccbB0x385eB0x1e07
0x2cd0	0x2ccbB0x2d09B0x1ed4
0x2cd1	0x2ccbB0x2cedB0xbe7
0x2cd1	0x2ccbB0x2d09B0xc64
0x2cd1	0x2ccbB0x2f8aB0xf27
0x2cd1	0x2ccbB0x2d09B0xff2
0x2cd1	0x2ccbB0x3142B0x128c
0x2cd1	0x2ccbB0x2d09B0x1357
0x2cd1	0x2ccbB0x3320B0x15f1
0x2cd1	0x2ccbB0x2d09B0x16bc
0x2cd1	0x2ccbB0x35c6B0x1a2c
0x2cd1	0x2ccbB0x2d09B0x1afb
0x2cd1	0x2ccbB0x385eB0x1e07
0x2cd1	0x2ccbB0x2d09B0x1ed4
0x2cd2	0x2ccbB0x2cedB0xbe7
0x2cd2	0x2ccbB0x2d09B0xc64
0x2cd2	0x2ccbB0x2f8aB0xf27
0x2cd2	0x2ccbB0x2d09B0xff2
0x2cd2	0x2ccbB0x3142B0x128c
0x2cd2	0x2ccbB0x2d09B0x1357
0x2cd2	0x2ccbB0x3320B0x15f1
0x2cd2	0x2ccbB0x2d09B0x16bc
0x2cd2	0x2ccbB0x35c6B0x1a2c
0x2cd2	0x2ccbB0x2d09B0x1afb
0x2cd2	0x2ccbB0x385eB0x1e07
0x2cd2	0x2ccbB0x2d09B0x1ed4
0x2cd3	0x2ccbB0x2cedB0xbe7
0x2cd3	0x2ccbB0x2d09B0xc64
0x2cd3	0x2ccbB0x2f8aB0xf27
0x2cd3	0x2ccbB0x2d09B0xff2
0x2cd3	0x2ccbB0x3142B0x128c
0x2cd3	0x2ccbB0x2d09B0x1357
0x2cd3	0x2ccbB0x3320B0x15f1
0x2cd3	0x2ccbB0x2d09B0x16bc
0x2cd3	0x2ccbB0x35c6B0x1a2c
0x2cd3	0x2ccbB0x2d09B0x1afb
0x2cd3	0x2ccbB0x385eB0x1e07
0x2cd3	0x2ccbB0x2d09B0x1ed4
0x2cd4	0x2ccbB0x2cedB0xbe7
0x2cd4	0x2ccbB0x2d09B0xc64
0x2cd4	0x2ccbB0x2f8aB0xf27
0x2cd4	0x2ccbB0x2d09B0xff2
0x2cd4	0x2ccbB0x3142B0x128c
0x2cd4	0x2ccbB0x2d09B0x1357
0x2cd4	0x2ccbB0x3320B0x15f1
0x2cd4	0x2ccbB0x2d09B0x16bc
0x2cd4	0x2ccbB0x35c6B0x1a2c
0x2cd4	0x2ccbB0x2d09B0x1afb
0x2cd4	0x2ccbB0x385eB0x1e07
0x2cd4	0x2ccbB0x2d09B0x1ed4
0x2cda	0x2cd6B0xbe7
0x2cdc	0x2cd6B0xbe7
0x2cdd	0x2cd6B0xbe7
0x2cde	0x2cd6B0xbe7
0x2cdf	0x2cd6B0xbe7
0x2ce2	0x2cd6B0xbe7
0x2ce8	0x2cd6B0xbe7
0x2cee	0x2cedB0xbe7
0x2cef	0x2cedB0xbe7
0x2cf0	0x2cedB0xbe7
0x2cf1	0x2cedB0xbe7
0x2cf5	0x2cedB0xbe7
0x2cfb	0x2cedB0xbe7
0x2cfc	0x2cedB0xbe7
0x2d02	0x2d01B0xbe7
0x2d03	0x2d01B0xbe7
0x2d04	0x2d01B0xbe7
0x2d05	0x2d01B0xbe7
0x2d06	0x2d01B0xbe7
0x2d07	0x2d01B0xbe7
0x2d0d	0x2d09B0xc64
0x2d0d	0x2d09B0xff2
0x2d0d	0x2d09B0x1357
0x2d0d	0x2d09B0x16bc
0x2d0d	0x2d09B0x1afb
0x2d0d	0x2d09B0x1ed4
0x2d0f	0x2d09B0xc64
0x2d0f	0x2d09B0xff2
0x2d0f	0x2d09B0x1357
0x2d0f	0x2d09B0x16bc
0x2d0f	0x2d09B0x1afb
0x2d0f	0x2d09B0x1ed4
0x2d10	0x2d09B0xc64
0x2d10	0x2d09B0xff2
0x2d10	0x2d09B0x1357
0x2d10	0x2d09B0x16bc
0x2d10	0x2d09B0x1afb
0x2d10	0x2d09B0x1ed4
0x2d11	0x2d09B0xc64
0x2d11	0x2d09B0xff2
0x2d11	0x2d09B0x1357
0x2d11	0x2d09B0x16bc
0x2d11	0x2d09B0x1afb
0x2d11	0x2d09B0x1ed4
0x2d12	0x2d09B0xc64
0x2d12	0x2d09B0xff2
0x2d12	0x2d09B0x1357
0x2d12	0x2d09B0x16bc
0x2d12	0x2d09B0x1afb
0x2d12	0x2d09B0x1ed4
0x2d15	0x2d09B0xc64
0x2d15	0x2d09B0xff2
0x2d15	0x2d09B0x1357
0x2d15	0x2d09B0x16bc
0x2d15	0x2d09B0x1afb
0x2d15	0x2d09B0x1ed4
0x2d1b	0x2d09B0xc64
0x2d1b	0x2d09B0xff2
0x2d1b	0x2d09B0x1357
0x2d1b	0x2d09B0x16bc
0x2d1b	0x2d09B0x1afb
0x2d1b	0x2d09B0x1ed4
0x2d1c	0x2d09B0xc64
0x2d1c	0x2d09B0xff2
0x2d1c	0x2d09B0x1357
0x2d1c	0x2d09B0x16bc
0x2d1c	0x2d09B0x1afb
0x2d1c	0x2d09B0x1ed4
0x2d22	0x2d21B0xc64
0x2d22	0x2d21B0xff2
0x2d22	0x2d21B0x1357
0x2d22	0x2d21B0x16bc
0x2d22	0x2d21B0x1afb
0x2d22	0x2d21B0x1ed4
0x2d23	0x2d21B0xc64
0x2d23	0x2d21B0xff2
0x2d23	0x2d21B0x1357
0x2d23	0x2d21B0x16bc
0x2d23	0x2d21B0x1afb
0x2d23	0x2d21B0x1ed4
0x2d24	0x2d21B0xc64
0x2d24	0x2d21B0xff2
0x2d24	0x2d21B0x1357
0x2d24	0x2d21B0x16bc
0x2d24	0x2d21B0x1afb
0x2d24	0x2d21B0x1ed4
0x2d25	0x2d21B0xc64
0x2d25	0x2d21B0xff2
0x2d25	0x2d21B0x1357
0x2d25	0x2d21B0x16bc
0x2d25	0x2d21B0x1afb
0x2d25	0x2d21B0x1ed4
0x2d26	0x2d21B0xc64
0x2d26	0x2d21B0xff2
0x2d26	0x2d21B0x1357
0x2d26	0x2d21B0x16bc
0x2d26	0x2d21B0x1afb
0x2d26	0x2d21B0x1ed4
0x2d27	0x2d21B0xc64
0x2d27	0x2d21B0xff2
0x2d27	0x2d21B0x1357
0x2d27	0x2d21B0x16bc
0x2d27	0x2d21B0x1afb
0x2d27	0x2d21B0x1ed4
0x2d4c	0x2d29B0x2d8aB0xcab
0x2d4c	0x2d29B0x2fbdB0x1039
0x2d4c	0x2d29B0x3175B0x139e
0x2d4c	0x2d29B0x3353B0x1703
0x2d4c	0x2d29B0x362eB0x1b42
0x2d4c	0x2d29B0x38b8B0x1f1b
0x2d4f	0x2d29B0x2d8aB0xcab
0x2d4f	0x2d29B0x2fbdB0x1039
0x2d4f	0x2d29B0x3175B0x139e
0x2d4f	0x2d29B0x3353B0x1703
0x2d4f	0x2d29B0x362eB0x1b42
0x2d4f	0x2d29B0x38b8B0x1f1b
0x2d58	0x2d51B0x2d8aB0xcab
0x2d58	0x2d51B0x2fbdB0x1039
0x2d58	0x2d51B0x3175B0x139e
0x2d58	0x2d51B0x3353B0x1703
0x2d58	0x2d51B0x362eB0x1b42
0x2d58	0x2d51B0x38b8B0x1f1b
0x2d5e	0x2d5dB0x2d8aB0xcab
0x2d5e	0x2d5dB0x2fbdB0x1039
0x2d5e	0x2d5dB0x3175B0x139e
0x2d5e	0x2d5dB0x3353B0x1703
0x2d5e	0x2d5dB0x362eB0x1b42
0x2d5e	0x2d5dB0x38b8B0x1f1b
0x2d5f	0x2d5dB0x2d8aB0xcab
0x2d5f	0x2d5dB0x2fbdB0x1039
0x2d5f	0x2d5dB0x3175B0x139e
0x2d5f	0x2d5dB0x3353B0x1703
0x2d5f	0x2d5dB0x362eB0x1b42
0x2d5f	0x2d5dB0x38b8B0x1f1b
0x2d63	0x2d5dB0x2d8aB0xcab
0x2d63	0x2d5dB0x2fbdB0x1039
0x2d63	0x2d5dB0x3175B0x139e
0x2d63	0x2d5dB0x3353B0x1703
0x2d63	0x2d5dB0x362eB0x1b42
0x2d63	0x2d5dB0x38b8B0x1f1b
0x2d6b	0x2d68B0x2d8aB0xcab
0x2d6b	0x2d68B0x2fbdB0x1039
0x2d6b	0x2d68B0x3175B0x139e
0x2d6b	0x2d68B0x3353B0x1703
0x2d6b	0x2d68B0x362eB0x1b42
0x2d6b	0x2d68B0x38b8B0x1f1b
0x2d6d	0x2d68B0x2d8aB0xcab
0x2d6d	0x2d68B0x2fbdB0x1039
0x2d6d	0x2d68B0x3175B0x139e
0x2d6d	0x2d68B0x3353B0x1703
0x2d6d	0x2d68B0x362eB0x1b42
0x2d6d	0x2d68B0x38b8B0x1f1b
0x2d6e	0x2d68B0x2d8aB0xcab
0x2d6e	0x2d68B0x2fbdB0x1039
0x2d6e	0x2d68B0x3175B0x139e
0x2d6e	0x2d68B0x3353B0x1703
0x2d6e	0x2d68B0x362eB0x1b42
0x2d6e	0x2d68B0x38b8B0x1f1b
0x2d6f	0x2d68B0x2d8aB0xcab
0x2d6f	0x2d68B0x2fbdB0x1039
0x2d6f	0x2d68B0x3175B0x139e
0x2d6f	0x2d68B0x3353B0x1703
0x2d6f	0x2d68B0x362eB0x1b42
0x2d6f	0x2d68B0x38b8B0x1f1b
0x2d70	0x2d68B0x2d8aB0xcab
0x2d70	0x2d68B0x2fbdB0x1039
0x2d70	0x2d68B0x3175B0x139e
0x2d70	0x2d68B0x3353B0x1703
0x2d70	0x2d68B0x362eB0x1b42
0x2d70	0x2d68B0x38b8B0x1f1b
0x2d71	0x2d68B0x2d8aB0xcab
0x2d71	0x2d68B0x2fbdB0x1039
0x2d71	0x2d68B0x3175B0x139e
0x2d71	0x2d68B0x3353B0x1703
0x2d71	0x2d68B0x362eB0x1b42
0x2d71	0x2d68B0x38b8B0x1f1b
0x2d77	0x2d73B0xcab
0x2d79	0x2d73B0xcab
0x2d7a	0x2d73B0xcab
0x2d7b	0x2d73B0xcab
0x2d7c	0x2d73B0xcab
0x2d7f	0x2d73B0xcab
0x2d85	0x2d73B0xcab
0x2d8b	0x2d8aB0xcab
0x2d8c	0x2d8aB0xcab
0x2d8d	0x2d8aB0xcab
0x2d8e	0x2d8aB0xcab
0x2d92	0x2d8aB0xcab
0x2d98	0x2d8aB0xcab
0x2d9e	0x2d9dB0xcab
0x2d9f	0x2d9dB0xcab
0x2da0	0x2d9dB0xcab
0x2da1	0x2d9dB0xcab
0x2da2	0x2d9dB0xcab
0x2dc7	0x2da4B0xd26
0x2dca	0x2da4B0xd26
0x2dd3	0x2dccB0xd26
0x2dd9	0x2dd8B0xd26
0x2dda	0x2dd8B0xd26
0x2dde	0x2dd8B0xd26
0x2de6	0x2de3B0xd26
0x2de8	0x2de3B0xd26
0x2de9	0x2de3B0xd26
0x2dea	0x2de3B0xd26
0x2deb	0x2de3B0xd26
0x2dec	0x2de3B0xd26
0x2df2	0x2deeB0xd26
0x2df4	0x2deeB0xd26
0x2df5	0x2deeB0xd26
0x2df6	0x2deeB0xd26
0x2df7	0x2deeB0xd26
0x2dfa	0x2deeB0xd26
0x2e00	0x2deeB0xd26
0x2e06	0x2e05B0xd26
0x2e07	0x2e05B0xd26
0x2e08	0x2e05B0xd26
0x2e09	0x2e05B0xd26
0x2e0a	0x2e05B0xd26
0x2e10	0x2e0cB0xd69
0x2e12	0x2e0cB0xd69
0x2e13	0x2e0cB0xd69
0x2e14	0x2e0cB0xd69
0x2e15	0x2e0cB0xd69
0x2e18	0x2e0cB0xd69
0x2e1e	0x2e0cB0xd69
0x2e24	0x2e23B0xd69
0x2e25	0x2e23B0xd69
0x2e2b	0x2e23B0xd69
0x2e2d	0x2e23B0xd69
0x2e33	0x2e32B0xd69
0x2e34	0x2e32B0xd69
0x2e35	0x2e32B0xd69
0x2e36	0x2e32B0xd69
0x2e5b	0x2e38B0xda8
0x2e5e	0x2e38B0xda8
0x2e67	0x2e60B0xda8
0x2e6d	0x2e6cB0xda8
0x2e6e	0x2e6cB0xda8
0x2e72	0x2e6cB0xda8
0x2e7a	0x2e77B0xda8
0x2e7c	0x2e77B0xda8
0x2e7d	0x2e77B0xda8
0x2e7e	0x2e77B0xda8
0x2e7f	0x2e77B0xda8
0x2e80	0x2e77B0xda8
0x2e86	0x2e82B0xda8
0x2e88	0x2e82B0xda8
0x2e89	0x2e82B0xda8
0x2e8a	0x2e82B0xda8
0x2e8b	0x2e82B0xda8
0x2e8e	0x2e82B0xda8
0x2e94	0x2e82B0xda8
0x2e9a	0x2e99B0xda8
0x2e9b	0x2e99B0xda8
0x2e9c	0x2e99B0xda8
0x2e9d	0x2e99B0xda8
0x2ea1	0x2e99B0xda8
0x2ea7	0x2e99B0xda8
0x2ead	0x2eacB0xda8
0x2eae	0x2eacB0xda8
0x2eaf	0x2eacB0xda8
0x2eb0	0x2eacB0xda8
0x2eb1	0x2eacB0xda8
0x2ed6	0x2eb3B0xe6f
0x2ed9	0x2eb3B0xe6f
0x2ee2	0x2edbB0xe6f
0x2ee8	0x2ee7B0xe6f
0x2ee9	0x2ee7B0xe6f
0x2eed	0x2ee7B0xe6f
0x2ef5	0x2ef2B0xe6f
0x2ef7	0x2ef2B0xe6f
0x2ef8	0x2ef2B0xe6f
0x2ef9	0x2ef2B0xe6f
0x2efa	0x2ef2B0xe6f
0x2efb	0x2ef2B0xe6f
0x2f01	0x2efdB0xe6f
0x2f03	0x2efdB0xe6f
0x2f04	0x2efdB0xe6f
0x2f05	0x2efdB0xe6f
0x2f06	0x2efdB0xe6f
0x2f09	0x2efdB0xe6f
0x2f0f	0x2efdB0xe6f
0x2f15	0x2f14B0xe6f
0x2f16	0x2f14B0xe6f
0x2f1c	0x2f14B0xe6f
0x2f1e	0x2f14B0xe6f
0x2f24	0x2f23B0xe6f
0x2f25	0x2f23B0xe6f
0x2f26	0x2f23B0xe6f
0x2f27	0x2f23B0xe6f
0x2f4c	0x2f29B0x2f73B0xf27
0x2f4c	0x2f29B0x2fa6B0x1039
0x2f4c	0x2f29B0x303fB0x118c
0x2f4f	0x2f29B0x2f73B0xf27
0x2f4f	0x2f29B0x2fa6B0x1039
0x2f4f	0x2f29B0x303fB0x118c
0x2f58	0x2f51B0x2f73B0xf27
0x2f58	0x2f51B0x2fa6B0x1039
0x2f58	0x2f51B0x303fB0x118c
0x2f5e	0x2f5dB0x2f73B0xf27
0x2f5e	0x2f5dB0x2fa6B0x1039
0x2f5e	0x2f5dB0x303fB0x118c
0x2f5f	0x2f5dB0x2f73B0xf27
0x2f5f	0x2f5dB0x2fa6B0x1039
0x2f5f	0x2f5dB0x303fB0x118c
0x2f63	0x2f5dB0x2f73B0xf27
0x2f63	0x2f5dB0x2fa6B0x1039
0x2f63	0x2f5dB0x303fB0x118c
0x2f6b	0x2f68B0x2f73B0xf27
0x2f6b	0x2f68B0x2fa6B0x1039
0x2f6b	0x2f68B0x303fB0x118c
0x2f6d	0x2f68B0x2f73B0xf27
0x2f6d	0x2f68B0x2fa6B0x1039
0x2f6d	0x2f68B0x303fB0x118c
0x2f6e	0x2f68B0x2f73B0xf27
0x2f6e	0x2f68B0x2fa6B0x1039
0x2f6e	0x2f68B0x303fB0x118c
0x2f6f	0x2f68B0x2f73B0xf27
0x2f6f	0x2f68B0x2fa6B0x1039
0x2f6f	0x2f68B0x303fB0x118c
0x2f70	0x2f68B0x2f73B0xf27
0x2f70	0x2f68B0x2fa6B0x1039
0x2f70	0x2f68B0x303fB0x118c
0x2f71	0x2f68B0x2f73B0xf27
0x2f71	0x2f68B0x2fa6B0x1039
0x2f71	0x2f68B0x303fB0x118c
0x2f77	0x2f73B0xf27
0x2f79	0x2f73B0xf27
0x2f7a	0x2f73B0xf27
0x2f7b	0x2f73B0xf27
0x2f7c	0x2f73B0xf27
0x2f7f	0x2f73B0xf27
0x2f85	0x2f73B0xf27
0x2f8b	0x2f8aB0xf27
0x2f8c	0x2f8aB0xf27
0x2f8d	0x2f8aB0xf27
0x2f8e	0x2f8aB0xf27
0x2f92	0x2f8aB0xf27
0x2f98	0x2f8aB0xf27
0x2f99	0x2f8aB0xf27
0x2f9f	0x2f9eB0xf27
0x2fa0	0x2f9eB0xf27
0x2fa1	0x2f9eB0xf27
0x2fa2	0x2f9eB0xf27
0x2fa3	0x2f9eB0xf27
0x2fa4	0x2f9eB0xf27
0x2faa	0x2fa6B0x1039
0x2fac	0x2fa6B0x1039
0x2fad	0x2fa6B0x1039
0x2fae	0x2fa6B0x1039
0x2faf	0x2fa6B0x1039
0x2fb2	0x2fa6B0x1039
0x2fb8	0x2fa6B0x1039
0x2fbe	0x2fbdB0x1039
0x2fbf	0x2fbdB0x1039
0x2fc0	0x2fbdB0x1039
0x2fc1	0x2fbdB0x1039
0x2fc5	0x2fbdB0x1039
0x2fcb	0x2fbdB0x1039
0x2fd1	0x2fd0B0x1039
0x2fd2	0x2fd0B0x1039
0x2fd3	0x2fd0B0x1039
0x2fd4	0x2fd0B0x1039
0x2fd5	0x2fd0B0x1039
0x2ffa	0x2fd7B0x1102
0x2ffd	0x2fd7B0x1102
0x3006	0x2fffB0x1102
0x300c	0x300bB0x1102
0x300d	0x300bB0x1102
0x3011	0x300bB0x1102
0x3019	0x3016B0x1102
0x301b	0x3016B0x1102
0x301c	0x3016B0x1102
0x301d	0x3016B0x1102
0x301e	0x3016B0x1102
0x301f	0x3016B0x1102
0x3025	0x3021B0x1102
0x3027	0x3021B0x1102
0x3028	0x3021B0x1102
0x3029	0x3021B0x1102
0x302a	0x3021B0x1102
0x302d	0x3021B0x1102
0x3033	0x3021B0x1102
0x3039	0x3038B0x1102
0x303a	0x3038B0x1102
0x303b	0x3038B0x1102
0x303c	0x3038B0x1102
0x303d	0x3038B0x1102
0x3043	0x303fB0x118c
0x3045	0x303fB0x118c
0x3046	0x303fB0x118c
0x3047	0x303fB0x118c
0x3048	0x303fB0x118c
0x304b	0x303fB0x118c
0x3051	0x303fB0x118c
0x3057	0x3056B0x118c
0x3058	0x3056B0x118c
0x305e	0x3056B0x118c
0x3060	0x3056B0x118c
0x3066	0x3065B0x118c
0x3067	0x3065B0x118c
0x3068	0x3065B0x118c
0x3069	0x3065B0x118c
0x308e	0x306bB0x11d4
0x3091	0x306bB0x11d4
0x309a	0x3093B0x11d4
0x30a0	0x309fB0x11d4
0x30a1	0x309fB0x11d4
0x30a5	0x309fB0x11d4
0x30ad	0x30aaB0x11d4
0x30af	0x30aaB0x11d4
0x30b0	0x30aaB0x11d4
0x30b1	0x30aaB0x11d4
0x30b2	0x30aaB0x11d4
0x30b3	0x30aaB0x11d4
0x30b9	0x30b5B0x11d4
0x30bb	0x30b5B0x11d4
0x30bc	0x30b5B0x11d4
0x30bd	0x30b5B0x11d4
0x30be	0x30b5B0x11d4
0x30c1	0x30b5B0x11d4
0x30c7	0x30b5B0x11d4
0x30cd	0x30ccB0x11d4
0x30ce	0x30ccB0x11d4
0x30d4	0x30ccB0x11d4
0x30d6	0x30ccB0x11d4
0x30dc	0x30dbB0x11d4
0x30dd	0x30dbB0x11d4
0x30de	0x30dbB0x11d4
0x30df	0x30dbB0x11d4
0x3104	0x30e1B0x312bB0x128c
0x3104	0x30e1B0x315eB0x139e
0x3104	0x30e1B0x321dB0x14f1
0x3107	0x30e1B0x312bB0x128c
0x3107	0x30e1B0x315eB0x139e
0x3107	0x30e1B0x321dB0x14f1
0x3110	0x3109B0x312bB0x128c
0x3110	0x3109B0x315eB0x139e
0x3110	0x3109B0x321dB0x14f1
0x3116	0x3115B0x312bB0x128c
0x3116	0x3115B0x315eB0x139e
0x3116	0x3115B0x321dB0x14f1
0x3117	0x3115B0x312bB0x128c
0x3117	0x3115B0x315eB0x139e
0x3117	0x3115B0x321dB0x14f1
0x311b	0x3115B0x312bB0x128c
0x311b	0x3115B0x315eB0x139e
0x311b	0x3115B0x321dB0x14f1
0x3123	0x3120B0x312bB0x128c
0x3123	0x3120B0x315eB0x139e
0x3123	0x3120B0x321dB0x14f1
0x3125	0x3120B0x312bB0x128c
0x3125	0x3120B0x315eB0x139e
0x3125	0x3120B0x321dB0x14f1
0x3126	0x3120B0x312bB0x128c
0x3126	0x3120B0x315eB0x139e
0x3126	0x3120B0x321dB0x14f1
0x3127	0x3120B0x312bB0x128c
0x3127	0x3120B0x315eB0x139e
0x3127	0x3120B0x321dB0x14f1
0x3128	0x3120B0x312bB0x128c
0x3128	0x3120B0x315eB0x139e
0x3128	0x3120B0x321dB0x14f1
0x3129	0x3120B0x312bB0x128c
0x3129	0x3120B0x315eB0x139e
0x3129	0x3120B0x321dB0x14f1
0x312f	0x312bB0x128c
0x3131	0x312bB0x128c
0x3132	0x312bB0x128c
0x3133	0x312bB0x128c
0x3134	0x312bB0x128c
0x3137	0x312bB0x128c
0x313d	0x312bB0x128c
0x3143	0x3142B0x128c
0x3144	0x3142B0x128c
0x3145	0x3142B0x128c
0x3146	0x3142B0x128c
0x314a	0x3142B0x128c
0x3150	0x3142B0x128c
0x3151	0x3142B0x128c
0x3157	0x3156B0x128c
0x3158	0x3156B0x128c
0x3159	0x3156B0x128c
0x315a	0x3156B0x128c
0x315b	0x3156B0x128c
0x315c	0x3156B0x128c
0x3162	0x315eB0x139e
0x3164	0x315eB0x139e
0x3165	0x315eB0x139e
0x3166	0x315eB0x139e
0x3167	0x315eB0x139e
0x316a	0x315eB0x139e
0x3170	0x315eB0x139e
0x3176	0x3175B0x139e
0x3177	0x3175B0x139e
0x3178	0x3175B0x139e
0x3179	0x3175B0x139e
0x317d	0x3175B0x139e
0x3183	0x3175B0x139e
0x3189	0x3188B0x139e
0x318a	0x3188B0x139e
0x318b	0x3188B0x139e
0x318c	0x3188B0x139e
0x318d	0x3188B0x139e
0x31b2	0x318fB0x1467
0x31d8	0x318fB0x1467
0x31db	0x318fB0x1467
0x31e4	0x31ddB0x1467
0x31ea	0x31e9B0x1467
0x31eb	0x31e9B0x1467
0x31ef	0x31e9B0x1467
0x31f7	0x31f4B0x1467
0x31f9	0x31f4B0x1467
0x31fa	0x31f4B0x1467
0x31fb	0x31f4B0x1467
0x31fc	0x31f4B0x1467
0x31fd	0x31f4B0x1467
0x3203	0x31ffB0x1467
0x3205	0x31ffB0x1467
0x3206	0x31ffB0x1467
0x3207	0x31ffB0x1467
0x3208	0x31ffB0x1467
0x320b	0x31ffB0x1467
0x3211	0x31ffB0x1467
0x3217	0x3216B0x1467
0x3218	0x3216B0x1467
0x3219	0x3216B0x1467
0x321a	0x3216B0x1467
0x321b	0x3216B0x1467
0x3221	0x321dB0x14f1
0x3223	0x321dB0x14f1
0x3224	0x321dB0x14f1
0x3225	0x321dB0x14f1
0x3226	0x321dB0x14f1
0x3229	0x321dB0x14f1
0x322f	0x321dB0x14f1
0x3235	0x3234B0x14f1
0x3236	0x3234B0x14f1
0x323c	0x3234B0x14f1
0x323e	0x3234B0x14f1
0x3244	0x3243B0x14f1
0x3245	0x3243B0x14f1
0x3246	0x3243B0x14f1
0x3247	0x3243B0x14f1
0x326c	0x3249B0x1539
0x326f	0x3249B0x1539
0x3278	0x3271B0x1539
0x327e	0x327dB0x1539
0x327f	0x327dB0x1539
0x3283	0x327dB0x1539
0x328b	0x3288B0x1539
0x328d	0x3288B0x1539
0x328e	0x3288B0x1539
0x328f	0x3288B0x1539
0x3290	0x3288B0x1539
0x3291	0x3288B0x1539
0x3297	0x3293B0x1539
0x3299	0x3293B0x1539
0x329a	0x3293B0x1539
0x329b	0x3293B0x1539
0x329c	0x3293B0x1539
0x329f	0x3293B0x1539
0x32a5	0x3293B0x1539
0x32ab	0x32aaB0x1539
0x32ac	0x32aaB0x1539
0x32b2	0x32aaB0x1539
0x32b4	0x32aaB0x1539
0x32ba	0x32b9B0x1539
0x32bb	0x32b9B0x1539
0x32bc	0x32b9B0x1539
0x32bd	0x32b9B0x1539
0x32e2	0x32bfB0x3309B0x15f1
0x32e2	0x32bfB0x333cB0x1703
0x32e2	0x32bfB0x33fbB0x1856
0x32e5	0x32bfB0x3309B0x15f1
0x32e5	0x32bfB0x333cB0x1703
0x32e5	0x32bfB0x33fbB0x1856
0x32ee	0x32e7B0x3309B0x15f1
0x32ee	0x32e7B0x333cB0x1703
0x32ee	0x32e7B0x33fbB0x1856
0x32f4	0x32f3B0x3309B0x15f1
0x32f4	0x32f3B0x333cB0x1703
0x32f4	0x32f3B0x33fbB0x1856
0x32f5	0x32f3B0x3309B0x15f1
0x32f5	0x32f3B0x333cB0x1703
0x32f5	0x32f3B0x33fbB0x1856
0x32f9	0x32f3B0x3309B0x15f1
0x32f9	0x32f3B0x333cB0x1703
0x32f9	0x32f3B0x33fbB0x1856
0x3301	0x32feB0x3309B0x15f1
0x3301	0x32feB0x333cB0x1703
0x3301	0x32feB0x33fbB0x1856
0x3303	0x32feB0x3309B0x15f1
0x3303	0x32feB0x333cB0x1703
0x3303	0x32feB0x33fbB0x1856
0x3304	0x32feB0x3309B0x15f1
0x3304	0x32feB0x333cB0x1703
0x3304	0x32feB0x33fbB0x1856
0x3305	0x32feB0x3309B0x15f1
0x3305	0x32feB0x333cB0x1703
0x3305	0x32feB0x33fbB0x1856
0x3306	0x32feB0x3309B0x15f1
0x3306	0x32feB0x333cB0x1703
0x3306	0x32feB0x33fbB0x1856
0x3307	0x32feB0x3309B0x15f1
0x3307	0x32feB0x333cB0x1703
0x3307	0x32feB0x33fbB0x1856
0x330d	0x3309B0x15f1
0x330f	0x3309B0x15f1
0x3310	0x3309B0x15f1
0x3311	0x3309B0x15f1
0x3312	0x3309B0x15f1
0x3315	0x3309B0x15f1
0x331b	0x3309B0x15f1
0x3321	0x3320B0x15f1
0x3322	0x3320B0x15f1
0x3323	0x3320B0x15f1
0x3324	0x3320B0x15f1
0x3328	0x3320B0x15f1
0x332e	0x3320B0x15f1
0x332f	0x3320B0x15f1
0x3335	0x3334B0x15f1
0x3336	0x3334B0x15f1
0x3337	0x3334B0x15f1
0x3338	0x3334B0x15f1
0x3339	0x3334B0x15f1
0x333a	0x3334B0x15f1
0x3340	0x333cB0x1703
0x3342	0x333cB0x1703
0x3343	0x333cB0x1703
0x3344	0x333cB0x1703
0x3345	0x333cB0x1703
0x3348	0x333cB0x1703
0x334e	0x333cB0x1703
0x3354	0x3353B0x1703
0x3355	0x3353B0x1703
0x3356	0x3353B0x1703
0x3357	0x3353B0x1703
0x335b	0x3353B0x1703
0x3361	0x3353B0x1703
0x3367	0x3366B0x1703
0x3368	0x3366B0x1703
0x3369	0x3366B0x1703
0x336a	0x3366B0x1703
0x336b	0x3366B0x1703
0x3390	0x336dB0x17cc
0x33b6	0x336dB0x17cc
0x33b9	0x336dB0x17cc
0x33c2	0x33bbB0x17cc
0x33c8	0x33c7B0x17cc
0x33c9	0x33c7B0x17cc
0x33cd	0x33c7B0x17cc
0x33d5	0x33d2B0x17cc
0x33d7	0x33d2B0x17cc
0x33d8	0x33d2B0x17cc
0x33d9	0x33d2B0x17cc
0x33da	0x33d2B0x17cc
0x33db	0x33d2B0x17cc
0x33e1	0x33ddB0x17cc
0x33e3	0x33ddB0x17cc
0x33e4	0x33ddB0x17cc
0x33e5	0x33ddB0x17cc
0x33e6	0x33ddB0x17cc
0x33e9	0x33ddB0x17cc
0x33ef	0x33ddB0x17cc
0x33f5	0x33f4B0x17cc
0x33f6	0x33f4B0x17cc
0x33f7	0x33f4B0x17cc
0x33f8	0x33f4B0x17cc
0x33f9	0x33f4B0x17cc
0x33ff	0x33fbB0x1856
0x3401	0x33fbB0x1856
0x3402	0x33fbB0x1856
0x3403	0x33fbB0x1856
0x3404	0x33fbB0x1856
0x3407	0x33fbB0x1856
0x340d	0x33fbB0x1856
0x3413	0x3412B0x1856
0x3414	0x3412B0x1856
0x341a	0x3412B0x1856
0x341c	0x3412B0x1856
0x3422	0x3421B0x1856
0x3423	0x3421B0x1856
0x3424	0x3421B0x1856
0x3425	0x3421B0x1856
0x344a	0x3427B0x1910
0x344d	0x3427B0x1910
0x3456	0x344fB0x1910
0x345c	0x345bB0x1910
0x345d	0x345bB0x1910
0x3461	0x345bB0x1910
0x3469	0x3466B0x1910
0x346b	0x3466B0x1910
0x346c	0x3466B0x1910
0x346d	0x3466B0x1910
0x346e	0x3466B0x1910
0x346f	0x3466B0x1910
0x3475	0x3471B0x1910
0x3477	0x3471B0x1910
0x3478	0x3471B0x1910
0x3479	0x3471B0x1910
0x347a	0x3471B0x1910
0x347d	0x3471B0x1910
0x3483	0x3471B0x1910
0x3489	0x3488B0x1910
0x348a	0x3488B0x1910
0x3490	0x3488B0x1910
0x3492	0x3488B0x1910
0x3498	0x3497B0x1910
0x3499	0x3497B0x1910
0x349a	0x3497B0x1910
0x349b	0x3497B0x1910
0x34c0	0x349dB0x1950
0x34c3	0x349dB0x1950
0x34cc	0x34c5B0x1950
0x34d2	0x34d1B0x1950
0x34d3	0x34d1B0x1950
0x34d7	0x34d1B0x1950
0x34df	0x34dcB0x1950
0x34e1	0x34dcB0x1950
0x34e2	0x34dcB0x1950
0x34e3	0x34dcB0x1950
0x34e4	0x34dcB0x1950
0x34e5	0x34dcB0x1950
0x34eb	0x34e7B0x1950
0x34ed	0x34e7B0x1950
0x34ee	0x34e7B0x1950
0x34ef	0x34e7B0x1950
0x34f0	0x34e7B0x1950
0x34f3	0x34e7B0x1950
0x34f9	0x34e7B0x1950
0x34ff	0x34feB0x1950
0x3500	0x34feB0x1950
0x3506	0x34feB0x1950
0x3508	0x34feB0x1950
0x350e	0x350dB0x1950
0x350f	0x350dB0x1950
0x3510	0x350dB0x1950
0x3511	0x350dB0x1950
0x3517	0x3513B0x197f
0x351d	0x351cB0x197f
0x351f	0x351cB0x197f
0x3520	0x351cB0x197f
0x3526	0x3522B0x197f
0x3528	0x3522B0x197f
0x3529	0x3522B0x197f
0x352e	0x3522B0x197f
0x3530	0x3522B0x197f
0x353b	0x3535B0x197f
0x353d	0x3535B0x197f
0x3548	0x3542B0x197f
0x354a	0x3542B0x197f
0x3555	0x354fB0x197f
0x3557	0x354fB0x197f
0x355d	0x355cB0x197f
0x355e	0x355cB0x197f
0x355f	0x355cB0x197f
0x3560	0x355cB0x197f
0x3561	0x355cB0x197f
0x3562	0x355cB0x197f
0x3563	0x355cB0x197f
0x3588	0x3565B0x35afB0x1a2c
0x3588	0x3565B0x3617B0x1b42
0x3588	0x3565B0x36e5B0x1c9d
0x358b	0x3565B0x35afB0x1a2c
0x358b	0x3565B0x3617B0x1b42
0x358b	0x3565B0x36e5B0x1c9d
0x3594	0x358dB0x35afB0x1a2c
0x3594	0x358dB0x3617B0x1b42
0x3594	0x358dB0x36e5B0x1c9d
0x359a	0x3599B0x35afB0x1a2c
0x359a	0x3599B0x3617B0x1b42
0x359a	0x3599B0x36e5B0x1c9d
0x359b	0x3599B0x35afB0x1a2c
0x359b	0x3599B0x3617B0x1b42
0x359b	0x3599B0x36e5B0x1c9d
0x359f	0x3599B0x35afB0x1a2c
0x359f	0x3599B0x3617B0x1b42
0x359f	0x3599B0x36e5B0x1c9d
0x35a7	0x35a4B0x35afB0x1a2c
0x35a7	0x35a4B0x3617B0x1b42
0x35a7	0x35a4B0x36e5B0x1c9d
0x35a9	0x35a4B0x35afB0x1a2c
0x35a9	0x35a4B0x3617B0x1b42
0x35a9	0x35a4B0x36e5B0x1c9d
0x35aa	0x35a4B0x35afB0x1a2c
0x35aa	0x35a4B0x3617B0x1b42
0x35aa	0x35a4B0x36e5B0x1c9d
0x35ab	0x35a4B0x35afB0x1a2c
0x35ab	0x35a4B0x3617B0x1b42
0x35ab	0x35a4B0x36e5B0x1c9d
0x35ac	0x35a4B0x35afB0x1a2c
0x35ac	0x35a4B0x3617B0x1b42
0x35ac	0x35a4B0x36e5B0x1c9d
0x35ad	0x35a4B0x35afB0x1a2c
0x35ad	0x35a4B0x3617B0x1b42
0x35ad	0x35a4B0x36e5B0x1c9d
0x35b3	0x35afB0x1a2c
0x35b5	0x35afB0x1a2c
0x35b6	0x35afB0x1a2c
0x35b7	0x35afB0x1a2c
0x35b8	0x35afB0x1a2c
0x35bb	0x35afB0x1a2c
0x35c1	0x35afB0x1a2c
0x35c7	0x35c6B0x1a2c
0x35c8	0x35c6B0x1a2c
0x35c9	0x35c6B0x1a2c
0x35ca	0x35c6B0x1a2c
0x35ce	0x35c6B0x1a2c
0x35d4	0x35c6B0x1a2c
0x35d5	0x35c6B0x1a2c
0x35db	0x35daB0x1a2c
0x35dc	0x35daB0x1a2c
0x35dd	0x35daB0x1a2c
0x35de	0x35daB0x1a2c
0x35df	0x35daB0x1a2c
0x35e0	0x35daB0x1a2c
0x35e6	0x35e2B0x1a5b
0x35e6	0x35e2B0x1b6f
0x35e8	0x35e2B0x1a5b
0x35e8	0x35e2B0x1b6f
0x35e9	0x35e2B0x1a5b
0x35e9	0x35e2B0x1b6f
0x35ee	0x35e2B0x1a5b
0x35ee	0x35e2B0x1b6f
0x35f0	0x35e2B0x1a5b
0x35f0	0x35e2B0x1b6f
0x35fb	0x35f5B0x1a5b
0x35fb	0x35f5B0x1b6f
0x35fd	0x35f5B0x1a5b
0x35fd	0x35f5B0x1b6f
0x3608	0x3602B0x1a5b
0x3608	0x3602B0x1b6f
0x360a	0x3602B0x1a5b
0x360a	0x3602B0x1b6f
0x3610	0x360fB0x1a5b
0x3610	0x360fB0x1b6f
0x3611	0x360fB0x1a5b
0x3611	0x360fB0x1b6f
0x3612	0x360fB0x1a5b
0x3612	0x360fB0x1b6f
0x3613	0x360fB0x1a5b
0x3613	0x360fB0x1b6f
0x3614	0x360fB0x1a5b
0x3614	0x360fB0x1b6f
0x3615	0x360fB0x1a5b
0x3615	0x360fB0x1b6f
0x361b	0x3617B0x1b42
0x361d	0x3617B0x1b42
0x361e	0x3617B0x1b42
0x361f	0x3617B0x1b42
0x3620	0x3617B0x1b42
0x3623	0x3617B0x1b42
0x3629	0x3617B0x1b42
0x362f	0x362eB0x1b42
0x3630	0x362eB0x1b42
0x3631	0x362eB0x1b42
0x3632	0x362eB0x1b42
0x3636	0x362eB0x1b42
0x363c	0x362eB0x1b42
0x3642	0x3641B0x1b42
0x3643	0x3641B0x1b42
0x3644	0x3641B0x1b42
0x3645	0x3641B0x1b42
0x3646	0x3641B0x1b42
0x366b	0x3648B0x1c0f
0x366e	0x3648B0x1c0f
0x3677	0x3670B0x1c0f
0x367d	0x367cB0x1c0f
0x367e	0x367cB0x1c0f
0x3682	0x367cB0x1c0f
0x368a	0x3687B0x1c0f
0x368c	0x3687B0x1c0f
0x368d	0x3687B0x1c0f
0x368e	0x3687B0x1c0f
0x368f	0x3687B0x1c0f
0x3690	0x3687B0x1c0f
0x3696	0x3692B0x1c0f
0x3698	0x3692B0x1c0f
0x3699	0x3692B0x1c0f
0x369a	0x3692B0x1c0f
0x369b	0x3692B0x1c0f
0x369e	0x3692B0x1c0f
0x36a4	0x3692B0x1c0f
0x36aa	0x36a9B0x1c0f
0x36ab	0x36a9B0x1c0f
0x36ac	0x36a9B0x1c0f
0x36ad	0x36a9B0x1c0f
0x36ae	0x36a9B0x1c0f
0x36b4	0x36b0B0x1c52
0x36b6	0x36b0B0x1c52
0x36b7	0x36b0B0x1c52
0x36bc	0x36b0B0x1c52
0x36be	0x36b0B0x1c52
0x36c9	0x36c3B0x1c52
0x36cb	0x36c3B0x1c52
0x36d6	0x36d0B0x1c52
0x36d8	0x36d0B0x1c52
0x36de	0x36ddB0x1c52
0x36df	0x36ddB0x1c52
0x36e0	0x36ddB0x1c52
0x36e1	0x36ddB0x1c52
0x36e2	0x36ddB0x1c52
0x36e3	0x36ddB0x1c52
0x36e9	0x36e5B0x1c9d
0x36eb	0x36e5B0x1c9d
0x36ec	0x36e5B0x1c9d
0x36ed	0x36e5B0x1c9d
0x36ee	0x36e5B0x1c9d
0x36f1	0x36e5B0x1c9d
0x36f7	0x36e5B0x1c9d
0x36fd	0x36fcB0x1c9d
0x36fe	0x36fcB0x1c9d
0x3704	0x36fcB0x1c9d
0x3706	0x36fcB0x1c9d
0x370c	0x370bB0x1c9d
0x370d	0x370bB0x1c9d
0x370e	0x370bB0x1c9d
0x370f	0x370bB0x1c9d
0x3734	0x3711B0x1cd5
0x3737	0x3711B0x1cd5
0x3740	0x3739B0x1cd5
0x3746	0x3745B0x1cd5
0x3747	0x3745B0x1cd5
0x374b	0x3745B0x1cd5
0x3753	0x3750B0x1cd5
0x3755	0x3750B0x1cd5
0x3756	0x3750B0x1cd5
0x3757	0x3750B0x1cd5
0x3758	0x3750B0x1cd5
0x3759	0x3750B0x1cd5
0x375f	0x375bB0x1cd5
0x3761	0x375bB0x1cd5
0x3762	0x375bB0x1cd5
0x3763	0x375bB0x1cd5
0x3764	0x375bB0x1cd5
0x3767	0x375bB0x1cd5
0x376d	0x375bB0x1cd5
0x3773	0x3772B0x1cd5
0x3774	0x3772B0x1cd5
0x377a	0x3772B0x1cd5
0x377c	0x3772B0x1cd5
0x3782	0x3781B0x1cd5
0x3783	0x3781B0x1cd5
0x3784	0x3781B0x1cd5
0x3785	0x3781B0x1cd5
0x37aa	0x3787B0x1d1a
0x37ad	0x3787B0x1d1a
0x37b6	0x37afB0x1d1a
0x37bc	0x37bbB0x1d1a
0x37bd	0x37bbB0x1d1a
0x37c1	0x37bbB0x1d1a
0x37c9	0x37c6B0x1d1a
0x37cb	0x37c6B0x1d1a
0x37cc	0x37c6B0x1d1a
0x37cd	0x37c6B0x1d1a
0x37ce	0x37c6B0x1d1a
0x37cf	0x37c6B0x1d1a
0x37d5	0x37d1B0x1d1a
0x37d7	0x37d1B0x1d1a
0x37d8	0x37d1B0x1d1a
0x37d9	0x37d1B0x1d1a
0x37da	0x37d1B0x1d1a
0x37dd	0x37d1B0x1d1a
0x37e3	0x37d1B0x1d1a
0x37e9	0x37e8B0x1d1a
0x37ea	0x37e8B0x1d1a
0x37f0	0x37e8B0x1d1a
0x37f2	0x37e8B0x1d1a
0x37f8	0x37f7B0x1d1a
0x37f9	0x37f7B0x1d1a
0x37fa	0x37f7B0x1d1a
0x37fb	0x37f7B0x1d1a
0x3820	0x37fdB0x3847B0x1e07
0x3820	0x37fdB0x38a1B0x1f1b
0x3820	0x37fdB0x3960B0x2073
0x3823	0x37fdB0x3847B0x1e07
0x3823	0x37fdB0x38a1B0x1f1b
0x3823	0x37fdB0x3960B0x2073
0x382c	0x3825B0x3847B0x1e07
0x382c	0x3825B0x38a1B0x1f1b
0x382c	0x3825B0x3960B0x2073
0x3832	0x3831B0x3847B0x1e07
0x3832	0x3831B0x38a1B0x1f1b
0x3832	0x3831B0x3960B0x2073
0x3833	0x3831B0x3847B0x1e07
0x3833	0x3831B0x38a1B0x1f1b
0x3833	0x3831B0x3960B0x2073
0x3837	0x3831B0x3847B0x1e07
0x3837	0x3831B0x38a1B0x1f1b
0x3837	0x3831B0x3960B0x2073
0x383f	0x383cB0x3847B0x1e07
0x383f	0x383cB0x38a1B0x1f1b
0x383f	0x383cB0x3960B0x2073
0x3841	0x383cB0x3847B0x1e07
0x3841	0x383cB0x38a1B0x1f1b
0x3841	0x383cB0x3960B0x2073
0x3842	0x383cB0x3847B0x1e07
0x3842	0x383cB0x38a1B0x1f1b
0x3842	0x383cB0x3960B0x2073
0x3843	0x383cB0x3847B0x1e07
0x3843	0x383cB0x38a1B0x1f1b
0x3843	0x383cB0x3960B0x2073
0x3844	0x383cB0x3847B0x1e07
0x3844	0x383cB0x38a1B0x1f1b
0x3844	0x383cB0x3960B0x2073
0x3845	0x383cB0x3847B0x1e07
0x3845	0x383cB0x38a1B0x1f1b
0x3845	0x383cB0x3960B0x2073
0x384b	0x3847B0x1e07
0x384d	0x3847B0x1e07
0x384e	0x3847B0x1e07
0x384f	0x3847B0x1e07
0x3850	0x3847B0x1e07
0x3853	0x3847B0x1e07
0x3859	0x3847B0x1e07
0x385f	0x385eB0x1e07
0x3860	0x385eB0x1e07
0x3861	0x385eB0x1e07
0x3862	0x385eB0x1e07
0x3866	0x385eB0x1e07
0x386c	0x385eB0x1e07
0x386d	0x385eB0x1e07
0x3873	0x3872B0x1e07
0x3874	0x3872B0x1e07
0x3875	0x3872B0x1e07
0x3876	0x3872B0x1e07
0x3877	0x3872B0x1e07
0x3878	0x3872B0x1e07
0x387e	0x387aB0x2029
0x387e	0x387aB0x1e36
0x387e	0x387aB0x1f48
0x3880	0x387aB0x2029
0x3880	0x387aB0x1e36
0x3880	0x387aB0x1f48
0x3881	0x387aB0x2029
0x3881	0x387aB0x1e36
0x3881	0x387aB0x1f48
0x3886	0x387aB0x2029
0x3886	0x387aB0x1e36
0x3886	0x387aB0x1f48
0x3888	0x387aB0x2029
0x3888	0x387aB0x1e36
0x3888	0x387aB0x1f48
0x3893	0x388dB0x2029
0x3893	0x388dB0x1e36
0x3893	0x388dB0x1f48
0x3895	0x388dB0x2029
0x3895	0x388dB0x1e36
0x3895	0x388dB0x1f48
0x389b	0x389aB0x2029
0x389b	0x389aB0x1e36
0x389b	0x389aB0x1f48
0x389c	0x389aB0x2029
0x389c	0x389aB0x1e36
0x389c	0x389aB0x1f48
0x389d	0x389aB0x2029
0x389d	0x389aB0x1e36
0x389d	0x389aB0x1f48
0x389e	0x389aB0x2029
0x389e	0x389aB0x1e36
0x389e	0x389aB0x1f48
0x389f	0x389aB0x2029
0x389f	0x389aB0x1e36
0x389f	0x389aB0x1f48
0x38a5	0x38a1B0x1f1b
0x38a7	0x38a1B0x1f1b
0x38a8	0x38a1B0x1f1b
0x38a9	0x38a1B0x1f1b
0x38aa	0x38a1B0x1f1b
0x38ad	0x38a1B0x1f1b
0x38b3	0x38a1B0x1f1b
0x38b9	0x38b8B0x1f1b
0x38ba	0x38b8B0x1f1b
0x38bb	0x38b8B0x1f1b
0x38bc	0x38b8B0x1f1b
0x38c0	0x38b8B0x1f1b
0x38c6	0x38b8B0x1f1b
0x38cc	0x38cbB0x1f1b
0x38cd	0x38cbB0x1f1b
0x38ce	0x38cbB0x1f1b
0x38cf	0x38cbB0x1f1b
0x38d0	0x38cbB0x1f1b
0x38f5	0x38d2B0x1fe6
0x391b	0x38d2B0x1fe6
0x391e	0x38d2B0x1fe6
0x3927	0x3920B0x1fe6
0x392d	0x392cB0x1fe6
0x392e	0x392cB0x1fe6
0x3932	0x392cB0x1fe6
0x393a	0x3937B0x1fe6
0x393c	0x3937B0x1fe6
0x393d	0x3937B0x1fe6
0x393e	0x3937B0x1fe6
0x393f	0x3937B0x1fe6
0x3940	0x3937B0x1fe6
0x3946	0x3942B0x1fe6
0x3948	0x3942B0x1fe6
0x3949	0x3942B0x1fe6
0x394a	0x3942B0x1fe6
0x394b	0x3942B0x1fe6
0x394e	0x3942B0x1fe6
0x3954	0x3942B0x1fe6
0x395a	0x3959B0x1fe6
0x395b	0x3959B0x1fe6
0x395c	0x3959B0x1fe6
0x395d	0x3959B0x1fe6
0x395e	0x3959B0x1fe6
0x3964	0x3960B0x2073
0x3966	0x3960B0x2073
0x3967	0x3960B0x2073
0x3968	0x3960B0x2073
0x3969	0x3960B0x2073
0x396c	0x3960B0x2073
0x3972	0x3960B0x2073
0x3978	0x3977B0x2073
0x3979	0x3977B0x2073
0x397f	0x3977B0x2073
0x3981	0x3977B0x2073
0x3987	0x3986B0x2073
0x3988	0x3986B0x2073
0x3989	0x3986B0x2073
0x398a	0x3986B0x2073
0x7394	0x7392B0x1d4
0x73b7	0x73b5B0x23a
0x73da	0x73d8B0x3ed
0x73da	0x73d8B0x6e2
0x73da	0x73d8B0xb99
0x73da	0x73d8B0x1db9
0x73fd	0x73fbB0x47b
0x73fd	0x73fbB0x5b4
0x73fd	0x73fbB0x642
0x73fd	0x73fbB0x18ec
0x73fd	0x73fbB0x19de
0xe94d	0xe94cB0xbd4
0xe94d	0xe94cB0xf14
0xe94d	0xe94cB0x1279
0xe94d	0xe94cB0x15de
0xe94d	0xe94cB0x1a19
0xe94d	0xe94cB0x1df4
0xe96f	0xe96eB0xbd4
0xe96f	0xe96eB0xf14
0xe96f	0xe96eB0x1279
0xe96f	0xe96eB0x15de
0xe96f	0xe96eB0x1a19
0xe96f	0xe96eB0x1df4
0xe991	0xe990B0xbd4
0xe991	0xe990B0xf14
0xe991	0xe990B0x1279
0xe991	0xe990B0x15de
0xe991	0xe990B0x1a19
0xe991	0xe990B0x1df4
0xe9b3	0xe9b2B0xbd4
0xe9b3	0xe9b2B0xf14
0xe9b3	0xe9b2B0x1279
0xe9b3	0xe9b2B0x15de
0xe9b3	0xe9b2B0x1a19
0xe9b3	0xe9b2B0x1df4
