0x0	CONST
0xf	CONST
0x4	MSTORE
0x8	LT
0x3f	CONST
0x2	CONST
0x5	CONST
0x7	CALLDATASIZE
0x9	CONST
0xd	CONST
0xe	CALLDATALOAD
0x11	SHR
0x13	CONST
0x18	GT
0x19	CONST
0x1e	CONST
0x23	EQ
0x29	CONST
0x2e	EQ
0x34	CONST
0x39	EQ
0x44	EQ
0x49	CONST
0x4f	CONST
0x54	EQ
0x5a	CONST
0x5f	EQ
0x65	CONST
0x6a	EQ
0x70	CONST
0x75	EQ
0x7a	CONST
0x7f	CALLDATASIZE
0x80	CONST
0x84	CONST
0x99	CONST
0xae	AND
0xaf	CONST
0xb2	CALLVALUE
0xb5	ISZERO
0xb6	MUL
0xb8	CONST
0xba	MLOAD
0xbb	CONST
0xbc	CONST
0xbe	MLOAD
0xc1	SUB
0xc6	CALL
0xcc	ISZERO
0xce	ISZERO
0xcf	CONST
0xd3	RETURNDATASIZE
0xd4	CONST
0xd7	RETURNDATASIZE
0xd8	CONST
0xdd	CONST
0xf2	CONST
0x107	AND
0x108	CONST
0x10b	CALLVALUE
0x10e	ISZERO
0x10f	MUL
0x111	CONST
0x113	MLOAD
0x114	CONST
0x115	CONST
0x117	MLOAD
0x11a	SUB
0x11f	CALL
0x125	ISZERO
0x127	ISZERO
0x128	CONST
0x12c	RETURNDATASIZE
0x12d	CONST
0x130	RETURNDATASIZE
0x131	CONST
0x136	CALLVALUE
0x138	ISZERO
0x139	CONST
0x13d	CONST
0x142	CONST
0x145	CONST
0x14a	CONST
0x14c	MLOAD
0x14d	CONST
0x152	CONST
0x157	CONST
0x159	MLOAD
0x15c	SUB
0x160	CALLVALUE
0x162	ISZERO
0x163	CONST
0x167	CONST
0x16c	CONST
0x16f	CONST
0x174	CONST
0x176	MLOAD
0x177	CONST
0x17c	CONST
0x181	CONST
0x183	MLOAD
0x186	SUB
0x18a	CALLVALUE
0x18c	ISZERO
0x18d	CONST
0x191	CONST
0x196	CONST
0x199	CONST
0x19e	CONST
0x1a0	MLOAD
0x1a1	CONST
0x1a6	CONST
0x1ab	CONST
0x1ad	MLOAD
0x1b0	SUB
0x1b4	CALLVALUE
0x1b6	ISZERO
0x1b7	CONST
0x1bb	CONST
0x1c0	CONST
0x1c3	CONST
0x1ca	CALLVALUE
0x1cc	ISZERO
0x1cd	CONST
0x1d1	CONST
0x1d6	CONST
0x1d9	CONST
0x1dc	CALLDATASIZE
0x1dd	SUB
0x1df	ADD
0x1e1	CONST
0x1e6	CONST
0x1eb	CONST
0x1f0	CONST
0x1f2	MLOAD
0x1f3	CONST
0x1f8	CONST
0x1fd	CONST
0x1ff	MLOAD
0x202	SUB
0x206	CALLVALUE
0x208	ISZERO
0x209	CONST
0x20d	CONST
0x212	CONST
0x215	CONST
0x21a	CONST
0x21c	MLOAD
0x21d	CONST
0x222	CONST
0x227	CONST
0x229	MLOAD
0x22c	SUB
0x230	CALLVALUE
0x232	ISZERO
0x233	CONST
0x237	CONST
0x23c	CONST
0x23f	CONST
0x242	CALLDATASIZE
0x243	SUB
0x245	ADD
0x247	CONST
0x24c	CONST
0x251	CONST
0x258	CALLVALUE
0x25a	ISZERO
0x25b	CONST
0x25f	CONST
0x264	CONST
0x267	CONST
0x26c	CONST
0x26e	MLOAD
0x26f	CONST
0x274	CONST
0x279	CONST
0x27b	MLOAD
0x27e	SUB
0x282	CONST
0x29a	CONST
0x2b2	CONST
0x382	CONST
0x384	CONST
0x399	AND
0x39a	CONST
0x39f	CONST
0x3b5	CONST
0x3b7	MLOAD
0x3b9	CONST
0x3be	AND
0x3bf	CONST
0x3c1	SHL
0x3c4	CONST
0x3c6	ADD
0x3c7	CONST
0x3cd	CONST
0x3d2	CONST
0x3d4	CONST
0x3d6	MLOAD
0x3d9	SUB
0x3db	CONST
0x3dd	GAS
0x3de	CALL
0x3df	ISZERO
0x3e1	ISZERO
0x3e2	CONST
0x3e6	RETURNDATASIZE
0x3e7	CONST
0x3ea	RETURNDATASIZE
0x3eb	CONST
0x3f2	CONST
0x3f4	MLOAD
0x3f5	RETURNDATASIZE
0x3f6	CONST
0x3f8	NOT
0x3f9	CONST
0x3fc	ADD
0x3fd	AND
0x3ff	ADD
0x401	CONST
0x406	ADD
0x408	CONST
0x40d	CONST
0x413	CONST
0x414	CONST
0x429	CONST
0x43e	AND
0x43f	CONST
0x444	ADDRESS
0x445	CONST
0x447	MLOAD
0x449	CONST
0x44e	AND
0x44f	CONST
0x451	SHL
0x454	CONST
0x456	ADD
0x457	CONST
0x45c	CONST
0x461	CONST
0x463	CONST
0x465	MLOAD
0x468	SUB
0x46b	GAS
0x46c	STATICCALL
0x46d	ISZERO
0x46f	ISZERO
0x470	CONST
0x474	RETURNDATASIZE
0x475	CONST
0x478	RETURNDATASIZE
0x479	CONST
0x480	CONST
0x482	MLOAD
0x483	RETURNDATASIZE
0x484	CONST
0x486	NOT
0x487	CONST
0x48a	ADD
0x48b	AND
0x48d	ADD
0x48f	CONST
0x494	ADD
0x496	CONST
0x49b	CONST
0x4a2	CONST
0x4b7	CONST
0x4cc	AND
0x4cd	CONST
0x4d2	CONST
0x4d4	MLOAD
0x4d6	CONST
0x4d9	ADD
0x4da	CONST
0x4df	CONST
0x4f4	AND
0x4f7	CONST
0x4f9	ADD
0x4fa	CONST
0x50f	CONST
0x524	AND
0x527	CONST
0x529	ADD
0x52b	CONST
0x52f	AND
0x532	CONST
0x534	ADD
0x535	ADDRESS
0x536	CONST
0x54b	AND
0x54e	CONST
0x550	ADD
0x554	CONST
0x556	ADD
0x55a	CONST
0x55c	ADD
0x55d	CONST
0x560	CONST
0x562	ADD
0x563	CONST
0x564	CONST
0x579	AND
0x57d	CONST
0x57f	MLOAD
0x581	CONST
0x586	AND
0x587	CONST
0x589	SHL
0x58c	CONST
0x58e	ADD
0x58f	CONST
0x594	CONST
0x599	CONST
0x59b	CONST
0x59d	MLOAD
0x5a0	SUB
0x5a2	CONST
0x5a4	GAS
0x5a5	CALL
0x5a6	ISZERO
0x5a8	ISZERO
0x5a9	CONST
0x5ad	RETURNDATASIZE
0x5ae	CONST
0x5b1	RETURNDATASIZE
0x5b2	CONST
0x5b9	CONST
0x5bb	MLOAD
0x5bc	RETURNDATASIZE
0x5bd	CONST
0x5bf	NOT
0x5c0	CONST
0x5c3	ADD
0x5c4	AND
0x5c6	ADD
0x5c8	CONST
0x5cd	ADD
0x5cf	CONST
0x5d4	CONST
0x5da	CONST
0x5db	CONST
0x5f0	CONST
0x605	AND
0x606	CONST
0x60b	ADDRESS
0x60c	CONST
0x60e	MLOAD
0x610	CONST
0x615	AND
0x616	CONST
0x618	SHL
0x61b	CONST
0x61d	ADD
0x61e	CONST
0x623	CONST
0x628	CONST
0x62a	CONST
0x62c	MLOAD
0x62f	SUB
0x632	GAS
0x633	STATICCALL
0x634	ISZERO
0x636	ISZERO
0x637	CONST
0x63b	RETURNDATASIZE
0x63c	CONST
0x63f	RETURNDATASIZE
0x640	CONST
0x647	CONST
0x649	MLOAD
0x64a	RETURNDATASIZE
0x64b	CONST
0x64d	NOT
0x64e	CONST
0x651	ADD
0x652	AND
0x654	ADD
0x656	CONST
0x65b	ADD
0x65d	CONST
0x662	CONST
0x669	CONST
0x66c	CONST
0x671	CONST
0x679	CONST
0x68e	AND
0x68f	CONST
0x694	CONST
0x6a9	CONST
0x6aa	CONST
0x6ac	MLOAD
0x6ae	CONST
0x6b3	AND
0x6b4	CONST
0x6b6	SHL
0x6b9	CONST
0x6bb	ADD
0x6bc	CONST
0x6c2	CONST
0x6c7	CONST
0x6c9	CONST
0x6cb	MLOAD
0x6ce	SUB
0x6d0	CONST
0x6d2	GAS
0x6d3	CALL
0x6d4	ISZERO
0x6d6	ISZERO
0x6d7	CONST
0x6db	RETURNDATASIZE
0x6dc	CONST
0x6df	RETURNDATASIZE
0x6e0	CONST
0x6e7	CONST
0x6e9	MLOAD
0x6ea	RETURNDATASIZE
0x6eb	CONST
0x6ed	NOT
0x6ee	CONST
0x6f1	ADD
0x6f2	AND
0x6f4	ADD
0x6f6	CONST
0x6fb	ADD
0x6fd	CONST
0x702	CONST
0x708	CONST
0x71d	CONST
0x732	AND
0x733	CONST
0x739	CONST
0x73b	MLOAD
0x73d	CONST
0x742	AND
0x743	CONST
0x745	SHL
0x748	CONST
0x74a	ADD
0x74b	CONST
0x750	CONST
0x755	CONST
0x756	CONST
0x758	MLOAD
0x75b	SUB
0x75d	CONST
0x760	EXTCODESIZE
0x761	ISZERO
0x763	ISZERO
0x764	CONST
0x768	CONST
0x76d	GAS
0x76e	CALL
0x76f	ISZERO
0x771	ISZERO
0x772	CONST
0x776	RETURNDATASIZE
0x777	CONST
0x77a	RETURNDATASIZE
0x77b	CONST
0x782	CONST
0x783	SELFBALANCE
0x786	CONST
0x788	GT
0x789	ISZERO
0x78a	CONST
0x78e	CONST
0x78f	CONST
0x7a4	CONST
0x7b9	AND
0x7bb	CONST
0x7bd	MLOAD
0x7be	CONST
0x7c2	CONST
0x7c7	CONST
0x7c8	CONST
0x7ca	MLOAD
0x7cd	SUB
0x7d1	GAS
0x7d2	CALL
0x7d7	RETURNDATASIZE
0x7d9	CONST
0x7db	EQ
0x7dc	CONST
0x7e0	CONST
0x7e2	MLOAD
0x7e5	CONST
0x7e7	NOT
0x7e8	CONST
0x7ea	RETURNDATASIZE
0x7eb	ADD
0x7ec	AND
0x7ee	ADD
0x7ef	CONST
0x7f2	RETURNDATASIZE
0x7f5	RETURNDATASIZE
0x7f6	CONST
0x7f7	CONST
0x7fa	ADD
0x7fc	CONST
0x801	CONST
0x80b	CONST
0x80f	CONST
0x811	MLOAD
0x812	CONST
0x835	CONST
0x837	ADD
0x838	CONST
0x83c	CONST
0x841	CONST
0x843	MLOAD
0x846	SUB
0x85b	CONST
0x873	CALLER
0x874	CONST
0x889	AND
0x88a	CONST
0x8ae	CONST
0x8b0	MLOAD
0x8b1	CONST
0x8b8	CONST
0x8bd	CONST
0x8bf	MLOAD
0x8c2	SUB
0x8c5	CONST
0x8e6	CALLER
0x8e7	CONST
0x8e9	MLOAD
0x8ea	CONST
0x8ef	CONST
0x8f4	CONST
0x8f6	MLOAD
0x8f9	SUB
0x8fc	CONST
0x91e	CONST
0x920	MLOAD
0x921	CONST
0x926	CONST
0x92b	CONST
0x92d	MLOAD
0x930	SUB
0x933	CONST
0x955	CONST
0x957	MLOAD
0x958	CONST
0x95d	CONST
0x962	CONST
0x964	MLOAD
0x967	SUB
0x96a	CONST
0x98c	CONST
0x98e	MLOAD
0x98f	CONST
0x994	CONST
0x999	CONST
0x99b	MLOAD
0x99e	SUB
0x9a1	CONST
0x9a2	CONST
0x9b7	AND
0x9b9	CONST
0x9ce	AND
0x9cf	EQ
0x9d1	CONST
0x9d6	CONST
0x9d7	CONST
0x9ec	AND
0x9ee	CONST
0xa03	AND
0xa04	EQ
0xa07	CONST
0xa0c	CONST
0xa0d	CONST
0xa22	AND
0xa24	CONST
0xa39	AND
0xa3a	EQ
0xa3c	ISZERO
0xa3d	CONST
0xa41	CONST
0xa62	CONST
0xa64	MLOAD
0xa65	CONST
0xa69	CONST
0xa6e	CONST
0xa70	MLOAD
0xa73	SUB
0xa76	CALLER
0xa77	CONST
0xa8c	AND
0xa8d	CONST
0xaae	CONST
0xaaf	CONST
0xab1	MLOAD
0xab2	CONST
0xab7	CONST
0xabc	CONST
0xabe	MLOAD
0xac1	SUB
0xac4	CONST
0xac6	MLOAD
0xac7	CONST
0xaea	CONST
0xaec	ADD
0xaed	CONST
0xaef	MLOAD
0xaf2	SUB
0xaf6	CONST
0xaf7	CONST
0xafa	TIMESTAMP
0xafb	CONST
0xb00	CONST
0xb07	CONST
0xb29	CONST
0xb2b	MLOAD
0xb2c	CONST
0xb31	CONST
0xb36	CONST
0xb38	MLOAD
0xb3b	SUB
0xb3e	CONST
0xb42	CONST
0xb46	CONST
0xb4b	CONST
0xb60	AND
0xb61	CONST
0xb66	CALLER
0xb67	CONST
0xb69	MLOAD
0xb6b	CONST
0xb70	AND
0xb71	CONST
0xb73	SHL
0xb76	CONST
0xb78	ADD
0xb79	CONST
0xb7e	CONST
0xb83	CONST
0xb85	CONST
0xb87	MLOAD
0xb8a	SUB
0xb8d	GAS
0xb8e	STATICCALL
0xb94	ISZERO
0xb95	CONST
0xb9a	CONST
0xb9c	MLOAD
0xb9d	RETURNDATASIZE
0xb9e	CONST
0xba0	NOT
0xba1	CONST
0xba4	ADD
0xba5	AND
0xba7	ADD
0xba9	CONST
0xbae	ADD
0xbb0	CONST
0xbb5	CONST
0xbba	CONST
0xbbd	CONST
0xbc1	CONST
0xbc4	CONST
0xbca	CONST
0xbcf	SUB
0xbd0	CONST
0xbd5	CONST
0xbd8	CONST
0xbde	CONST
0xbe3	CONST
0xbe8	CONST
0xc0a	CONST
0xc0c	MLOAD
0xc0d	CONST
0xc12	CONST
0xc17	CONST
0xc19	MLOAD
0xc1c	SUB
0xc1f	CALLER
0xc20	CONST
0xc35	AND
0xc36	CONST
0xc57	CONST
0xc58	CONST
0xc5a	MLOAD
0xc5b	CONST
0xc60	CONST
0xc65	CONST
0xc67	MLOAD
0xc6a	SUB
0xc6e	CONST
0xc70	MLOAD
0xc71	CONST
0xc94	CONST
0xc96	ADD
0xc97	CONST
0xc9c	CONST
0xca1	CONST
0xca3	MLOAD
0xca6	SUB
0xcac	CONST
0xccd	CONST
0xccf	MLOAD
0xcd0	CONST
0xcd4	CONST
0xcd9	CONST
0xcdb	MLOAD
0xcde	SUB
0xce1	CALLER
0xce2	CONST
0xcf7	AND
0xcf8	CONST
0xd19	CONST
0xd1a	CONST
0xd1c	MLOAD
0xd1d	CONST
0xd22	CONST
0xd27	CONST
0xd29	MLOAD
0xd2c	SUB
0xd2f	CONST
0xd31	MLOAD
0xd32	CONST
0xd55	CONST
0xd57	ADD
0xd58	CONST
0xd5c	CONST
0xd61	CONST
0xd63	MLOAD
0xd66	SUB
0xd6a	CONST
0xd8c	ISZERO
0xd8d	CONST
0xd8f	MLOAD
0xd90	CONST
0xd95	CONST
0xd9a	CONST
0xd9c	MLOAD
0xd9f	SUB
0xda3	ISZERO
0xda4	CONST
0xda8	CONST
0xdc9	CONST
0xdcb	MLOAD
0xdcc	CONST
0xdd0	CONST
0xdd5	CONST
0xdd7	MLOAD
0xdda	SUB
0xddd	CALLER
0xdde	CONST
0xdf3	AND
0xdf4	CONST
0xe15	CONST
0xe16	CONST
0xe18	MLOAD
0xe19	CONST
0xe1e	CONST
0xe23	CONST
0xe25	MLOAD
0xe28	SUB
0xe2b	CALLER
0xe2c	CONST
0xe2e	MLOAD
0xe2f	CONST
0xe52	CONST
0xe54	ADD
0xe55	CONST
0xe5a	CONST
0xe5f	CONST
0xe61	MLOAD
0xe64	SUB
0xe6a	ISZERO
0xe6b	CONST
0xe6f	CONST
0xe90	CONST
0xe92	CONST
0xe94	MLOAD
0xe95	CONST
0xe9a	CONST
0xe9f	CONST
0xea1	MLOAD
0xea4	SUB
0xea8	CONST
0xebd	AND
0xebe	CONST
0xec3	CONST
0xec5	MLOAD
0xec7	CONST
0xecc	AND
0xecd	CONST
0xecf	SHL
0xed2	CONST
0xed4	ADD
0xed5	CONST
0xed6	CONST
0xed8	MLOAD
0xedb	SUB
0xedd	CONST
0xee0	EXTCODESIZE
0xee1	ISZERO
0xee3	ISZERO
0xee4	CONST
0xee8	CONST
0xeed	GAS
0xeee	CALL
0xef4	ISZERO
0xef5	CONST
0xefa	CONST
0xefd	CONST
0xf01	CONST
0xf04	CONST
0xf0a	CONST
0xf0f	SUB
0xf10	CONST
0xf15	CONST
0xf18	CONST
0xf1e	CONST
0xf23	CONST
0xf28	CONST
0xf4a	CONST
0xf4c	MLOAD
0xf4d	CONST
0xf52	CONST
0xf57	CONST
0xf59	MLOAD
0xf5c	SUB
0xf5f	CALLER
0xf60	CONST
0xf75	AND
0xf76	CONST
0xf97	CONST
0xf98	CONST
0xf9a	MLOAD
0xf9b	CONST
0xfa0	CONST
0xfa5	CONST
0xfa7	MLOAD
0xfaa	SUB
0xfad	CALLER
0xfae	CONST
0xfc3	AND
0xfc4	CONST
0xfe5	CONST
0xfe6	CONST
0xfe8	MLOAD
0xfe9	CONST
0xfee	CONST
0xff3	CONST
0xff5	MLOAD
0xff8	SUB
0xffc	CONST
0xffe	MLOAD
0xfff	CONST
0x1022	CONST
0x1024	ADD
0x1025	CONST
0x102a	CONST
0x102f	CONST
0x1031	MLOAD
0x1034	SUB
0x103a	CONST
0x105b	CONST
0x105d	MLOAD
0x105e	CONST
0x1062	CONST
0x1067	CONST
0x1069	MLOAD
0x106c	SUB
0x106f	CALLER
0x1070	CONST
0x1085	AND
0x1086	CONST
0x10a7	CONST
0x10a8	CONST
0x10aa	MLOAD
0x10ab	CONST
0x10b0	CONST
0x10b5	CONST
0x10b7	MLOAD
0x10ba	SUB
0x10bd	CALLER
0x10be	CONST
0x10d3	AND
0x10d4	CONST
0x10f5	CONST
0x10f6	CONST
0x10f8	MLOAD
0x10f9	CONST
0x10fe	CONST
0x1103	CONST
0x1105	MLOAD
0x1108	SUB
0x110b	CONST
0x110d	MLOAD
0x110e	CONST
0x1131	CONST
0x1133	ADD
0x1134	CONST
0x1138	CONST
0x113d	CONST
0x113f	MLOAD
0x1142	SUB
0x1146	CALLER
0x1147	CONST
0x115c	AND
0x115d	CONST
0x117e	CONST
0x1180	CONST
0x1182	MLOAD
0x1183	CONST
0x1188	CONST
0x118d	CONST
0x118f	MLOAD
0x1192	SUB
0x1195	CONST
0x11b6	CONST
0x11b8	CONST
0x11ba	MLOAD
0x11bb	CONST
0x11c0	CONST
0x11c5	CONST
0x11c7	MLOAD
0x11ca	SUB
0x11cf	ISZERO
0x11d0	CONST
0x11d4	CONST
0x11f5	CONST
0x11f7	CONST
0x11f9	MLOAD
0x11fa	CONST
0x11ff	CONST
0x1204	CONST
0x1206	MLOAD
0x1209	SUB
0x120d	CONST
0x1222	AND
0x1223	CONST
0x1228	CONST
0x122a	MLOAD
0x122c	CONST
0x1231	AND
0x1232	CONST
0x1234	SHL
0x1237	CONST
0x1239	ADD
0x123a	CONST
0x123b	CONST
0x123d	MLOAD
0x1240	SUB
0x1242	CONST
0x1245	EXTCODESIZE
0x1246	ISZERO
0x1248	ISZERO
0x1249	CONST
0x124d	CONST
0x1252	GAS
0x1253	CALL
0x1259	ISZERO
0x125a	CONST
0x125f	CONST
0x1262	CONST
0x1266	CONST
0x1269	CONST
0x126f	CONST
0x1274	SUB
0x1275	CONST
0x127a	CONST
0x127d	CONST
0x1283	CONST
0x1288	CONST
0x128d	CONST
0x12af	CONST
0x12b1	MLOAD
0x12b2	CONST
0x12b7	CONST
0x12bc	CONST
0x12be	MLOAD
0x12c1	SUB
0x12c4	CALLER
0x12c5	CONST
0x12da	AND
0x12db	CONST
0x12fc	CONST
0x12fd	CONST
0x12ff	MLOAD
0x1300	CONST
0x1305	CONST
0x130a	CONST
0x130c	MLOAD
0x130f	SUB
0x1312	CALLER
0x1313	CONST
0x1328	AND
0x1329	CONST
0x134a	CONST
0x134b	CONST
0x134d	MLOAD
0x134e	CONST
0x1353	CONST
0x1358	CONST
0x135a	MLOAD
0x135d	SUB
0x1361	CONST
0x1363	MLOAD
0x1364	CONST
0x1387	CONST
0x1389	ADD
0x138a	CONST
0x138f	CONST
0x1394	CONST
0x1396	MLOAD
0x1399	SUB
0x139f	CONST
0x13c0	CONST
0x13c2	MLOAD
0x13c3	CONST
0x13c7	CONST
0x13cc	CONST
0x13ce	MLOAD
0x13d1	SUB
0x13d4	CALLER
0x13d5	CONST
0x13ea	AND
0x13eb	CONST
0x140c	CONST
0x140d	CONST
0x140f	MLOAD
0x1410	CONST
0x1415	CONST
0x141a	CONST
0x141c	MLOAD
0x141f	SUB
0x1422	CALLER
0x1423	CONST
0x1438	AND
0x1439	CONST
0x145a	CONST
0x145b	CONST
0x145d	MLOAD
0x145e	CONST
0x1463	CONST
0x1468	CONST
0x146a	MLOAD
0x146d	SUB
0x1470	CONST
0x1472	MLOAD
0x1473	CONST
0x1496	CONST
0x1498	ADD
0x1499	CONST
0x149d	CONST
0x14a2	CONST
0x14a4	MLOAD
0x14a7	SUB
0x14ab	CALLER
0x14ac	CONST
0x14c1	AND
0x14c2	CONST
0x14e3	CONST
0x14e5	CONST
0x14e7	MLOAD
0x14e8	CONST
0x14ed	CONST
0x14f2	CONST
0x14f4	MLOAD
0x14f7	SUB
0x14fa	CONST
0x151b	CONST
0x151d	CONST
0x151f	MLOAD
0x1520	CONST
0x1525	CONST
0x152a	CONST
0x152c	MLOAD
0x152f	SUB
0x1534	ISZERO
0x1535	CONST
0x1539	CONST
0x155a	CONST
0x155c	CONST
0x155e	MLOAD
0x155f	CONST
0x1564	CONST
0x1569	CONST
0x156b	MLOAD
0x156e	SUB
0x1572	CONST
0x1587	AND
0x1588	CONST
0x158d	CONST
0x158f	MLOAD
0x1591	CONST
0x1596	AND
0x1597	CONST
0x1599	SHL
0x159c	CONST
0x159e	ADD
0x159f	CONST
0x15a0	CONST
0x15a2	MLOAD
0x15a5	SUB
0x15a7	CONST
0x15aa	EXTCODESIZE
0x15ab	ISZERO
0x15ad	ISZERO
0x15ae	CONST
0x15b2	CONST
0x15b7	GAS
0x15b8	CALL
0x15be	ISZERO
0x15bf	CONST
0x15c4	CONST
0x15c7	CONST
0x15cb	CONST
0x15ce	CONST
0x15d4	CONST
0x15d9	SUB
0x15da	CONST
0x15df	CONST
0x15e2	CONST
0x15e8	CONST
0x15ed	CONST
0x15f2	CONST
0x1614	CONST
0x1616	MLOAD
0x1617	CONST
0x161c	CONST
0x1621	CONST
0x1623	MLOAD
0x1626	SUB
0x1629	CALLER
0x162a	CONST
0x163f	AND
0x1640	CONST
0x1661	CONST
0x1662	CONST
0x1664	MLOAD
0x1665	CONST
0x166a	CONST
0x166f	CONST
0x1671	MLOAD
0x1674	SUB
0x1677	CALLER
0x1678	CONST
0x168d	AND
0x168e	CONST
0x16af	CONST
0x16b0	CONST
0x16b2	MLOAD
0x16b3	CONST
0x16b8	CONST
0x16bd	CONST
0x16bf	MLOAD
0x16c2	SUB
0x16c6	CONST
0x16c8	MLOAD
0x16c9	CONST
0x16ec	CONST
0x16ee	ADD
0x16ef	CONST
0x16f4	CONST
0x16f9	CONST
0x16fb	MLOAD
0x16fe	SUB
0x1704	CONST
0x1725	CONST
0x1727	MLOAD
0x1728	CONST
0x172c	CONST
0x1731	CONST
0x1733	MLOAD
0x1736	SUB
0x1739	CALLER
0x173a	CONST
0x174f	AND
0x1750	CONST
0x1771	CONST
0x1772	CONST
0x1774	MLOAD
0x1775	CONST
0x177a	CONST
0x177f	CONST
0x1781	MLOAD
0x1784	SUB
0x1787	CALLER
0x1788	CONST
0x179d	AND
0x179e	CONST
0x17bf	CONST
0x17c0	CONST
0x17c2	MLOAD
0x17c3	CONST
0x17c8	CONST
0x17cd	CONST
0x17cf	MLOAD
0x17d2	SUB
0x17d5	CONST
0x17d7	MLOAD
0x17d8	CONST
0x17fb	CONST
0x17fd	ADD
0x17fe	CONST
0x1802	CONST
0x1807	CONST
0x1809	MLOAD
0x180c	SUB
0x1810	CALLER
0x1811	CONST
0x1826	AND
0x1827	CONST
0x1848	CONST
0x184a	CONST
0x184c	MLOAD
0x184d	CONST
0x1852	CONST
0x1857	CONST
0x1859	MLOAD
0x185c	SUB
0x185f	CONST
0x1880	CONST
0x1882	CONST
0x1884	MLOAD
0x1885	CONST
0x188a	CONST
0x188f	CONST
0x1891	MLOAD
0x1894	SUB
0x1898	CONST
0x189a	CONST
0x18af	AND
0x18b0	CONST
0x18b5	ADDRESS
0x18b6	CONST
0x18b8	MLOAD
0x18ba	CONST
0x18bf	AND
0x18c0	CONST
0x18c2	SHL
0x18c5	CONST
0x18c7	ADD
0x18c8	CONST
0x18cd	CONST
0x18d2	CONST
0x18d4	CONST
0x18d6	MLOAD
0x18d9	SUB
0x18dc	GAS
0x18dd	STATICCALL
0x18de	ISZERO
0x18e0	ISZERO
0x18e1	CONST
0x18e5	RETURNDATASIZE
0x18e6	CONST
0x18e9	RETURNDATASIZE
0x18ea	CONST
0x18f1	CONST
0x18f3	MLOAD
0x18f4	RETURNDATASIZE
0x18f5	CONST
0x18f7	NOT
0x18f8	CONST
0x18fb	ADD
0x18fc	AND
0x18fe	ADD
0x1900	CONST
0x1905	ADD
0x1907	CONST
0x190c	CONST
0x1913	CONST
0x1935	CONST
0x1937	MLOAD
0x1938	CONST
0x193d	CONST
0x1942	CONST
0x1944	MLOAD
0x1947	SUB
0x194b	ISZERO
0x194c	CONST
0x1950	CONST
0x1971	CONST
0x1973	CONST
0x1975	MLOAD
0x1976	CONST
0x197b	CONST
0x1980	CONST
0x1982	MLOAD
0x1985	SUB
0x1988	ADDRESS
0x1989	CONST
0x199e	AND
0x199f	CONST
0x19a8	CONST
0x19aa	MLOAD
0x19ac	CONST
0x19b1	AND
0x19b2	CONST
0x19b4	SHL
0x19b7	CONST
0x19b9	ADD
0x19ba	CONST
0x19c2	CONST
0x19c7	CONST
0x19c9	CONST
0x19cb	MLOAD
0x19ce	SUB
0x19d0	CONST
0x19d2	GAS
0x19d3	CALL
0x19d9	ISZERO
0x19da	CONST
0x19df	CONST
0x19e1	MLOAD
0x19e2	RETURNDATASIZE
0x19e3	CONST
0x19e5	NOT
0x19e6	CONST
0x19e9	ADD
0x19ea	AND
0x19ec	ADD
0x19ee	CONST
0x19f3	ADD
0x19f5	CONST
0x19fa	CONST
0x19ff	CONST
0x1a02	CONST
0x1a06	CONST
0x1a09	CONST
0x1a0f	CONST
0x1a14	SUB
0x1a15	CONST
0x1a1a	CONST
0x1a1d	CONST
0x1a23	CONST
0x1a28	CONST
0x1a2d	CONST
0x1a4f	CONST
0x1a51	MLOAD
0x1a52	CONST
0x1a57	CONST
0x1a5c	CONST
0x1a5e	MLOAD
0x1a61	SUB
0x1a64	CALLER
0x1a65	CONST
0x1a7a	AND
0x1a7b	CONST
0x1a9d	CONST
0x1a9f	CONST
0x1aa1	MLOAD
0x1aa2	CONST
0x1aa9	CONST
0x1aae	CONST
0x1ab0	MLOAD
0x1ab3	SUB
0x1ab6	CALLER
0x1ab7	CONST
0x1acc	AND
0x1acd	CONST
0x1aee	CONST
0x1aef	CONST
0x1af1	MLOAD
0x1af2	CONST
0x1af7	CONST
0x1afc	CONST
0x1afe	MLOAD
0x1b01	SUB
0x1b05	CONST
0x1b07	MLOAD
0x1b08	CONST
0x1b2b	CONST
0x1b2d	ADD
0x1b2e	CONST
0x1b33	CONST
0x1b38	CONST
0x1b3a	MLOAD
0x1b3d	SUB
0x1b43	CONST
0x1b64	CONST
0x1b66	MLOAD
0x1b67	CONST
0x1b6b	CONST
0x1b70	CONST
0x1b72	MLOAD
0x1b75	SUB
0x1b78	CALLER
0x1b79	CONST
0x1b8e	AND
0x1b8f	CONST
0x1bb1	CONST
0x1bb3	CONST
0x1bb5	MLOAD
0x1bb6	CONST
0x1bbd	CONST
0x1bc2	CONST
0x1bc4	MLOAD
0x1bc7	SUB
0x1bca	CALLER
0x1bcb	CONST
0x1be0	AND
0x1be1	CONST
0x1c02	CONST
0x1c03	CONST
0x1c05	MLOAD
0x1c06	CONST
0x1c0b	CONST
0x1c10	CONST
0x1c12	MLOAD
0x1c15	SUB
0x1c18	CONST
0x1c1a	MLOAD
0x1c1b	CONST
0x1c3e	CONST
0x1c40	ADD
0x1c41	CONST
0x1c45	CONST
0x1c4a	CONST
0x1c4c	MLOAD
0x1c4f	SUB
0x1c53	CALLER
0x1c54	CONST
0x1c69	AND
0x1c6a	CONST
0x1c8d	CONST
0x1c8f	CONST
0x1c91	MLOAD
0x1c92	CONST
0x1c99	CONST
0x1c9e	CONST
0x1ca0	MLOAD
0x1ca3	SUB
0x1ca6	CONST
0x1cc7	CONST
0x1cc9	CONST
0x1ccb	MLOAD
0x1ccc	CONST
0x1cd1	CONST
0x1cd6	CONST
0x1cd8	MLOAD
0x1cdb	SUB
0x1cde	CONST
0x1d00	CONST
0x1d02	MLOAD
0x1d03	CONST
0x1d08	CONST
0x1d0d	CONST
0x1d0f	MLOAD
0x1d12	SUB
0x1d16	CONST
0x1d1b	CONST
0x1d3c	CONST
0x1d3e	CONST
0x1d40	MLOAD
0x1d41	CONST
0x1d46	CONST
0x1d4b	CONST
0x1d4d	MLOAD
0x1d50	SUB
0x1d54	CONST
0x1d69	AND
0x1d6a	CONST
0x1d6f	CONST
0x1d85	CONST
0x1d87	MLOAD
0x1d89	CONST
0x1d8e	AND
0x1d8f	CONST
0x1d91	SHL
0x1d94	CONST
0x1d96	ADD
0x1d97	CONST
0x1d9d	CONST
0x1da2	CONST
0x1da4	CONST
0x1da6	MLOAD
0x1da9	SUB
0x1dab	CONST
0x1dad	GAS
0x1dae	CALL
0x1db4	ISZERO
0x1db5	CONST
0x1dba	CONST
0x1dbc	MLOAD
0x1dbd	RETURNDATASIZE
0x1dbe	CONST
0x1dc0	NOT
0x1dc1	CONST
0x1dc4	ADD
0x1dc5	AND
0x1dc7	ADD
0x1dc9	CONST
0x1dce	ADD
0x1dd0	CONST
0x1dd5	CONST
0x1dda	CONST
0x1ddd	CONST
0x1de1	CONST
0x1de4	CONST
0x1dea	CONST
0x1def	SUB
0x1df0	CONST
0x1df5	CONST
0x1df8	CONST
0x1dfe	CONST
0x1e03	CONST
0x1e08	CONST
0x1e2a	CONST
0x1e2c	MLOAD
0x1e2d	CONST
0x1e32	CONST
0x1e37	CONST
0x1e39	MLOAD
0x1e3c	SUB
0x1e3f	CALLER
0x1e40	CONST
0x1e55	AND
0x1e56	CONST
0x1e78	CONST
0x1e79	CONST
0x1e7b	MLOAD
0x1e7c	CONST
0x1e82	CONST
0x1e87	CONST
0x1e89	MLOAD
0x1e8c	SUB
0x1e8f	CALLER
0x1e90	CONST
0x1ea5	AND
0x1ea6	CONST
0x1ec7	CONST
0x1ec8	CONST
0x1eca	MLOAD
0x1ecb	CONST
0x1ed0	CONST
0x1ed5	CONST
0x1ed7	MLOAD
0x1eda	SUB
0x1ede	CONST
0x1ee0	MLOAD
0x1ee1	CONST
0x1f04	CONST
0x1f06	ADD
0x1f07	CONST
0x1f0c	CONST
0x1f11	CONST
0x1f13	MLOAD
0x1f16	SUB
0x1f1c	CONST
0x1f3d	CONST
0x1f3f	MLOAD
0x1f40	CONST
0x1f44	CONST
0x1f49	CONST
0x1f4b	MLOAD
0x1f4e	SUB
0x1f51	CALLER
0x1f52	CONST
0x1f67	AND
0x1f68	CONST
0x1f8a	CONST
0x1f8b	CONST
0x1f8d	MLOAD
0x1f8e	CONST
0x1f94	CONST
0x1f99	CONST
0x1f9b	MLOAD
0x1f9e	SUB
0x1fa1	CALLER
0x1fa2	CONST
0x1fb7	AND
0x1fb8	CONST
0x1fd9	CONST
0x1fda	CONST
0x1fdc	MLOAD
0x1fdd	CONST
0x1fe2	CONST
0x1fe7	CONST
0x1fe9	MLOAD
0x1fec	SUB
0x1fef	CONST
0x1ff1	MLOAD
0x1ff2	CONST
0x2015	CONST
0x2017	ADD
0x2018	CONST
0x201c	CONST
0x2021	CONST
0x2023	MLOAD
0x2026	SUB
0x202b	CALLER
0x202c	CONST
0x2041	AND
0x2042	CONST
0x2064	CONST
0x2066	CONST
0x2068	MLOAD
0x2069	CONST
0x206f	CONST
0x2074	CONST
0x2076	MLOAD
0x2079	SUB
0x207c	CONST
0x209d	CONST
0x209f	CONST
0x20a1	MLOAD
0x20a2	CONST
0x20a7	CONST
0x20ac	CONST
0x20ae	MLOAD
0x20b1	SUB
0x20b5	CALLER
0x20b6	CONST
0x20cb	AND
0x20cc	CONST
0x20ed	CONST
0x20ef	CONST
0x20f1	MLOAD
0x20f2	CONST
0x20f7	CONST
0x20fc	CONST
0x20fe	MLOAD
0x2101	SUB
0x2113	CONST
0xe9b5	CONST
0xe9b7	CONST
0xe9b9	CONST
0xe9bb	CONST
0xe9bd	CONST
0xe9bf	CONST
0xe9c1	CONST
0xe9c3	CONST
0xe9c5	CONST
0xe9c9	CONST
0xe9cc	CONST
0xe9cf	CONST
0xe9d2	CONST
0xe9d5	CONST
0xe9d8	CONST
0xe9db	CONST
0xe9de	CONST
0x1ee	CALLPRIVATE
0x674	JUMP
0xb03	JUMP
0xa05_0x0	PHI
0xa3b_0x0	PHI
0xbbc_0x0	PHI
0xd69_0x0	PHI
0xd99_0x2	PHI
0xe67_0xc	PHI
0xe9e_0x4	PHI
0xefc_0x0	PHI
0x11cd_0xa	PHI
0x1203_0x3	PHI
0x1261_0x0	PHI
0x1532_0x9	PHI
0x1568_0x3	PHI
0x15c6_0x0	PHI
0x1897_0x0	PHI
0x1941_0xb	PHI
0x197f_0x6	PHI
0x197f_0x7	PHI
0x197f_0x8	PHI
0x1a01_0x0	PHI
0x1a5b_0x3	PHI
0x1b6f_0x2	PHI
0x1c52_0x0	PHI
0x1c52_0x1	PHI
0x1cd5_0x2	PHI
0x1d4a_0x3	PHI
0x1ddc_0x0	PHI
0x1e36_0x3	PHI
0x1f48_0x2	PHI
0x2029_0x1	PHI
0x2b11S0xbc1	CONST
0x2b13S0xbc1	CONST
0x2b16S0xbc1	CONST
0x2b19S0xbc1	CONST
0x2b1aS0xbc1	MLOAD
0x2b1bS0xbc1	CONST
0x2b07S0xbc1	CONST
0x2b08S0xbc1	CONST
0x2b0aS0xbc1	RETURNDATASIZE
0x2b0bS0xbc1	GT
0x2b0cS0xbc1	ISZERO
0x2b0dS0xbc1	CONST
0x2b22_0x0S0xbc1	PHI
0x2afbS0xbc1	CONST
0x2afdS0xbc1	CONST
0x2affS0xbc1	SHR
0x2b11S0xf01	CONST
0x2b13S0xf01	CONST
0x2b16S0xf01	CONST
0x2b19S0xf01	CONST
0x2b1aS0xf01	MLOAD
0x2b1bS0xf01	CONST
0x2b07S0xf01	CONST
0x2b08S0xf01	CONST
0x2b0aS0xf01	RETURNDATASIZE
0x2b0bS0xf01	GT
0x2b0cS0xf01	ISZERO
0x2b0dS0xf01	CONST
0x2b22_0x0S0xf01	PHI
0x2afbS0xf01	CONST
0x2afdS0xf01	CONST
0x2affS0xf01	SHR
0x2b11S0x1266	CONST
0x2b13S0x1266	CONST
0x2b16S0x1266	CONST
0x2b19S0x1266	CONST
0x2b1aS0x1266	MLOAD
0x2b1bS0x1266	CONST
0x2b07S0x1266	CONST
0x2b08S0x1266	CONST
0x2b0aS0x1266	RETURNDATASIZE
0x2b0bS0x1266	GT
0x2b0cS0x1266	ISZERO
0x2b0dS0x1266	CONST
0x2b22_0x0S0x1266	PHI
0x2afbS0x1266	CONST
0x2afdS0x1266	CONST
0x2affS0x1266	SHR
0x2b11S0x15cb	CONST
0x2b13S0x15cb	CONST
0x2b16S0x15cb	CONST
0x2b19S0x15cb	CONST
0x2b1aS0x15cb	MLOAD
0x2b1bS0x15cb	CONST
0x2b07S0x15cb	CONST
0x2b08S0x15cb	CONST
0x2b0aS0x15cb	RETURNDATASIZE
0x2b0bS0x15cb	GT
0x2b0cS0x15cb	ISZERO
0x2b0dS0x15cb	CONST
0x2b22_0x0S0x15cb	PHI
0x2afbS0x15cb	CONST
0x2afdS0x15cb	CONST
0x2affS0x15cb	SHR
0x2b11S0x1a06	CONST
0x2b13S0x1a06	CONST
0x2b16S0x1a06	CONST
0x2b19S0x1a06	CONST
0x2b1aS0x1a06	MLOAD
0x2b1bS0x1a06	CONST
0x2b07S0x1a06	CONST
0x2b08S0x1a06	CONST
0x2b0aS0x1a06	RETURNDATASIZE
0x2b0bS0x1a06	GT
0x2b0cS0x1a06	ISZERO
0x2b0dS0x1a06	CONST
0x2b22_0x0S0x1a06	PHI
0x2afbS0x1a06	CONST
0x2afdS0x1a06	CONST
0x2affS0x1a06	SHR
0x2b11S0x1de1	CONST
0x2b13S0x1de1	CONST
0x2b16S0x1de1	CONST
0x2b19S0x1de1	CONST
0x2b1aS0x1de1	MLOAD
0x2b1bS0x1de1	CONST
0x2b07S0x1de1	CONST
0x2b08S0x1de1	CONST
0x2b0aS0x1de1	RETURNDATASIZE
0x2b0bS0x1de1	GT
0x2b0cS0x1de1	ISZERO
0x2b0dS0x1de1	CONST
0x2b22_0x0S0x1de1	PHI
0x2afbS0x1de1	CONST
0x2afdS0x1de1	CONST
0x2affS0x1de1	SHR
0x2ddS0x1be	CONST
0x2f2S0x1be	CONST
0x307S0x1be	AND
0x308S0x1be	CONST
0x30eS0x1be	ISZERO
0x30fS0x1be	MUL
0x311S0x1be	CONST
0x313S0x1be	MLOAD
0x314S0x1be	CONST
0x315S0x1be	CONST
0x317S0x1be	MLOAD
0x31aS0x1be	SUB
0x31fS0x1be	CALL
0x325S0x1be	ISZERO
0x327S0x1be	ISZERO
0x328S0x1be	CONST
0x32cS0x1be	RETURNDATASIZE
0x32dS0x1be	CONST
0x330S0x1be	RETURNDATASIZE
0x331S0x1be	CONST
0x375S0x1be	RETURNDATASIZE
0x376S0x1be	CONST
0x379S0x1be	RETURNDATASIZE
0x37aS0x1be	CONST
0x2caS0x1be	CONST
0x2cbS0x1be	SELFBALANCE
0x2ceS0x1be	CONST
0x2d7S0x1be	GT
0x2d8S0x1be	ISZERO
0x2d9S0x1be	CONST
0x33aS0x1be	COINBASE
0x33bS0x1be	CONST
0x350S0x1be	AND
0x351S0x1be	CONST
0x357S0x1be	ISZERO
0x358S0x1be	MUL
0x35aS0x1be	CONST
0x35cS0x1be	MLOAD
0x35dS0x1be	CONST
0x35eS0x1be	CONST
0x360S0x1be	MLOAD
0x363S0x1be	SUB
0x368S0x1be	CALL
0x36eS0x1be	ISZERO
0x370S0x1be	ISZERO
0x371S0x1be	CONST
0x335S0x1be	CONST
0x26ccS0x78e	CONST
0x26cdS0x78e	CONST
0x26d1S0x78e	CONST
0x26b9S0x78e	CONST
0x26bdS0x78e	CONST
0x269fS0x78e	CONST
0x26c2S0x78e	CONST
0x26c4S0x78e	ADD
0x26acS0x78e	CONST
0x26adS0x78e	CONST
0x26b0S0x78e	CONST
0x26b2S0x78e	CONST
0x273aS0x80f	CONST
0x273bS0x80f	CONST
0x273eS0x80f	ADD
0x2743S0x80f	SUB
0x2744S0x80f	CONST
0x2746S0x80f	ADD
0x2748S0x80f	CONST
0x274cS0x80f	CONST
0x2726S0x80f	CONST
0x272aS0x80f	CONST
0x272fS0x80f	CONST
0x2732S0x80f	ADD
0x26f0S0x80f	CONST
0x2711S0x80f	CONST
0x2713S0x80f	ADD
0x2718S0x80f	CONST
0x2719S0x80f	CONST
0x271cS0x80f	CONST
0x271fS0x80f	CONST
0x26e0S0x2717S0x80f	CONST
0x26e4S0x2717S0x80f	CONST
0x26e7S0x2717S0x80f	ADD
0x29f9S0xa41	CONST
0x29faS0xa41	CONST
0x29fdS0xa41	ADD
0x2a02S0xa41	SUB
0x2a03S0xa41	CONST
0x2a05S0xa41	ADD
0x2a07S0xa41	CONST
0x2a0bS0xa41	CONST
0x299bS0xa41	CONST
0x299fS0xa41	CONST
0x29a4S0xa41	CONST
0x29a7S0xa41	ADD
0x2965S0xa41	CONST
0x2986S0xa41	CONST
0x2988S0xa41	ADD
0x29e5S0xa41	CONST
0x29e9S0xa41	CONST
0x29eeS0xa41	CONST
0x29f1S0xa41	ADD
0x29afS0xa41	CONST
0x29d0S0xa41	CONST
0x29d2S0xa41	ADD
0x2a14S0xa41	SUB
0x2a15S0xa41	CONST
0x2a18S0xa41	ADD
0x2a1aS0xa41	CONST
0x2a1eS0xa41	CONST
0x298dS0xa41	CONST
0x298eS0xa41	CONST
0x2991S0xa41	CONST
0x2994S0xa41	CONST
0x29d7S0xa41	CONST
0x29d8S0xa41	CONST
0x29dbS0xa41	CONST
0x29deS0xa41	CONST
0x26e0S0x298cS0xa41	CONST
0x26e4S0x298cS0xa41	CONST
0x26e7S0x298cS0xa41	ADD
0x26e0S0x29d6S0xa41	CONST
0x26e4S0x29d6S0xa41	CONST
0x26e7S0x29d6S0xa41	ADD
0x2defS0xd26	CONST
0x2df0S0xd26	CONST
0x2df3S0xd26	ADD
0x2df8S0xd26	SUB
0x2df9S0xd26	CONST
0x2dfbS0xd26	ADD
0x2dfdS0xd26	CONST
0x2e01S0xd26	CONST
0x2ddbS0xd26	CONST
0x2ddfS0xd26	CONST
0x2de4S0xd26	CONST
0x2de7S0xd26	ADD
0x2da5S0xd26	CONST
0x2dc6S0xd26	CONST
0x2dc8S0xd26	ADD
0x2dcdS0xd26	CONST
0x2dceS0xd26	CONST
0x2dd1S0xd26	CONST
0x2dd4S0xd26	CONST
0x26e0S0x2dccS0xd26	CONST
0x26e4S0x2dccS0xd26	CONST
0x26e7S0x2dccS0xd26	ADD
0x3022S0x1102	CONST
0x3023S0x1102	CONST
0x3026S0x1102	ADD
0x302bS0x1102	SUB
0x302cS0x1102	CONST
0x302eS0x1102	ADD
0x3030S0x1102	CONST
0x3034S0x1102	CONST
0x300eS0x1102	CONST
0x3012S0x1102	CONST
0x3017S0x1102	CONST
0x301aS0x1102	ADD
0x2fd8S0x1102	CONST
0x2ff9S0x1102	CONST
0x2ffbS0x1102	ADD
0x3000S0x1102	CONST
0x3001S0x1102	CONST
0x3004S0x1102	CONST
0x3007S0x1102	CONST
0x26e0S0x2fffS0x1102	CONST
0x26e4S0x2fffS0x1102	CONST
0x26e7S0x2fffS0x1102	ADD
0x3200S0x1467	CONST
0x3201S0x1467	CONST
0x3204S0x1467	ADD
0x3209S0x1467	SUB
0x320aS0x1467	CONST
0x320cS0x1467	ADD
0x320eS0x1467	CONST
0x3212S0x1467	CONST
0x31ecS0x1467	CONST
0x31f0S0x1467	CONST
0x31f5S0x1467	CONST
0x31f8S0x1467	ADD
0x3190S0x1467	CONST
0x31b1S0x1467	CONST
0x31b3S0x1467	ADD
0x31b5S0x1467	CONST
0x31d6S0x1467	CONST
0x31d9S0x1467	ADD
0x31deS0x1467	CONST
0x31dfS0x1467	CONST
0x31e2S0x1467	CONST
0x31e5S0x1467	CONST
0x26e0S0x31ddS0x1467	CONST
0x26e4S0x31ddS0x1467	CONST
0x26e7S0x31ddS0x1467	ADD
0x33deS0x17cc	CONST
0x33dfS0x17cc	CONST
0x33e2S0x17cc	ADD
0x33e7S0x17cc	SUB
0x33e8S0x17cc	CONST
0x33eaS0x17cc	ADD
0x33ecS0x17cc	CONST
0x33f0S0x17cc	CONST
0x33caS0x17cc	CONST
0x33ceS0x17cc	CONST
0x33d3S0x17cc	CONST
0x33d6S0x17cc	ADD
0x336eS0x17cc	CONST
0x338fS0x17cc	CONST
0x3391S0x17cc	ADD
0x3393S0x17cc	CONST
0x33b4S0x17cc	CONST
0x33b7S0x17cc	ADD
0x33bcS0x17cc	CONST
0x33bdS0x17cc	CONST
0x33c0S0x17cc	CONST
0x33c3S0x17cc	CONST
0x26e0S0x33bbS0x17cc	CONST
0x26e4S0x33bbS0x17cc	CONST
0x26e7S0x33bbS0x17cc	ADD
0x3693S0x1c0f	CONST
0x3694S0x1c0f	CONST
0x3697S0x1c0f	ADD
0x369cS0x1c0f	SUB
0x369dS0x1c0f	CONST
0x369fS0x1c0f	ADD
0x36a1S0x1c0f	CONST
0x36a5S0x1c0f	CONST
0x367fS0x1c0f	CONST
0x3683S0x1c0f	CONST
0x3688S0x1c0f	CONST
0x368bS0x1c0f	ADD
0x3649S0x1c0f	CONST
0x366aS0x1c0f	CONST
0x366cS0x1c0f	ADD
0x3671S0x1c0f	CONST
0x3672S0x1c0f	CONST
0x3675S0x1c0f	CONST
0x3678S0x1c0f	CONST
0x26e0S0x3670S0x1c0f	CONST
0x26e4S0x3670S0x1c0f	CONST
0x26e7S0x3670S0x1c0f	ADD
0x3943S0x1fe6	CONST
0x3944S0x1fe6	CONST
0x3947S0x1fe6	ADD
0x394cS0x1fe6	SUB
0x394dS0x1fe6	CONST
0x394fS0x1fe6	ADD
0x3951S0x1fe6	CONST
0x3955S0x1fe6	CONST
0x392fS0x1fe6	CONST
0x3933S0x1fe6	CONST
0x3938S0x1fe6	CONST
0x393bS0x1fe6	ADD
0x38d3S0x1fe6	CONST
0x38f4S0x1fe6	CONST
0x38f6S0x1fe6	ADD
0x38f8S0x1fe6	CONST
0x3919S0x1fe6	CONST
0x391cS0x1fe6	ADD
0x3921S0x1fe6	CONST
0x3922S0x1fe6	CONST
0x3925S0x1fe6	CONST
0x3928S0x1fe6	CONST
0x26e0S0x3920S0x1fe6	CONST
0x26e4S0x3920S0x1fe6	CONST
0x26e7S0x3920S0x1fe6	ADD
0x2b82S0xbd4	CONST
0x2b85S0xbd4	CONST
0x2b9dS0xbd4	CONST
0x2ba0S0xbd4	CONST
0x2b94S0xbd4	CONST
0x2b95S0xbd4	CONST
0x2b97S0xbd4	RETURNDATASIZE
0x2b98S0xbd4	LT
0x2b99S0xbd4	CONST
0x2b6dS0xbd4	ADD
0x2b70S0xbd4	LT
0x2b71S0xbd4	CONST
0x2b7bS0xbd4	GT
0x2b7cS0xbd4	OR
0x2b7dS0xbd4	ISZERO
0x2b7eS0xbd4	CONST
0x2b8cS0xbd4	CONST
0x2b36S0xbd4	CONST
0x2b57S0xbd4	CONST
0x2b59S0xbd4	CONST
0x2b5bS0xbd4	CONST
0x2b5eS0xbd4	CONST
0x2b60S0xbd4	CONST
0x2ba5S0xbd4	CONST
0x2ba7S0xbd4	RETURNDATASIZE
0x2ba8S0xbd4	SUB
0x2ba9S0xbd4	CONST
0x2baeS0xbd4	MLOAD
0x2bafS0xbd4	RETURNDATASIZE
0x2bb0S0xbd4	CONST
0x2bb3S0xbd4	ADD
0x2bb4S0xbd4	GT
0x2bb5S0xbd4	CONST
0x2bbfS0xbd4	GT
0x2bc0S0xbd4	OR
0x2bc1S0xbd4	ISZERO
0x2bc2S0xbd4	CONST
0x21f7S0xbd4	CONST
0x21f8S0xbd4	CONST
0x21faS0xbd4	MLOAD
0x2bcfS0xbd4	ADD
0x2bd1S0xbd4	MLOAD
0x2bd2S0xbd4	CONST
0x2bdcS0xbd4	GT
0x2bddS0xbd4	ISZERO
0x2bdeS0xbd4	CONST
0x2becS0xbd4	CONST
0x2befS0xbd4	ADD
0x2bf0S0xbd4	ADD
0x2bf1S0xbd4	CONST
0x2bf3S0xbd4	RETURNDATASIZE
0x2bf4S0xbd4	SUB
0x2bf6S0xbd4	ADD
0x2bf8S0xbd4	GT
0x2bf9S0xbd4	ISZERO
0x2bfaS0xbd4	CONST
0x2c08S0xbd4	CONST
0x2c0cS0xbd4	CONST
0x2c0eS0xbd4	ADD
0x2c10S0xbd4	ADD
0x2c12S0xbd4	CONST
0x2b63S0xbd4	CONST
0x2b67S0xbd4	CONST
0x2bc8S0xbd4	CONST
0x2be6S0xbd4	CONST
0x2c03S0xbd4	CONST
0x2b26S0x2b62S0xbd4	CONST
0x2b27S0x2b62S0xbd4	CONST
0x2b29S0x2b62S0xbd4	NOT
0x2b2aS0x2b62S0xbd4	CONST
0x2b2dS0x2b62S0xbd4	ADD
0x2b2eS0x2b62S0xbd4	AND
0x2b82S0xf14	CONST
0x2b85S0xf14	CONST
0x2b9dS0xf14	CONST
0x2ba0S0xf14	CONST
0x2b94S0xf14	CONST
0x2b95S0xf14	CONST
0x2b97S0xf14	RETURNDATASIZE
0x2b98S0xf14	LT
0x2b99S0xf14	CONST
0x2b6dS0xf14	ADD
0x2b70S0xf14	LT
0x2b71S0xf14	CONST
0x2b7bS0xf14	GT
0x2b7cS0xf14	OR
0x2b7dS0xf14	ISZERO
0x2b7eS0xf14	CONST
0x2b8cS0xf14	CONST
0x2b36S0xf14	CONST
0x2b57S0xf14	CONST
0x2b59S0xf14	CONST
0x2b5bS0xf14	CONST
0x2b5eS0xf14	CONST
0x2b60S0xf14	CONST
0x2ba5S0xf14	CONST
0x2ba7S0xf14	RETURNDATASIZE
0x2ba8S0xf14	SUB
0x2ba9S0xf14	CONST
0x2baeS0xf14	MLOAD
0x2bafS0xf14	RETURNDATASIZE
0x2bb0S0xf14	CONST
0x2bb3S0xf14	ADD
0x2bb4S0xf14	GT
0x2bb5S0xf14	CONST
0x2bbfS0xf14	GT
0x2bc0S0xf14	OR
0x2bc1S0xf14	ISZERO
0x2bc2S0xf14	CONST
0x21f7S0xf14	CONST
0x21f8S0xf14	CONST
0x21faS0xf14	MLOAD
0x2bcfS0xf14	ADD
0x2bd1S0xf14	MLOAD
0x2bd2S0xf14	CONST
0x2bdcS0xf14	GT
0x2bddS0xf14	ISZERO
0x2bdeS0xf14	CONST
0x2becS0xf14	CONST
0x2befS0xf14	ADD
0x2bf0S0xf14	ADD
0x2bf1S0xf14	CONST
0x2bf3S0xf14	RETURNDATASIZE
0x2bf4S0xf14	SUB
0x2bf6S0xf14	ADD
0x2bf8S0xf14	GT
0x2bf9S0xf14	ISZERO
0x2bfaS0xf14	CONST
0x2c08S0xf14	CONST
0x2c0cS0xf14	CONST
0x2c0eS0xf14	ADD
0x2c10S0xf14	ADD
0x2c12S0xf14	CONST
0x2b63S0xf14	CONST
0x2b67S0xf14	CONST
0x2bc8S0xf14	CONST
0x2be6S0xf14	CONST
0x2c03S0xf14	CONST
0x2b26S0x2b62S0xf14	CONST
0x2b27S0x2b62S0xf14	CONST
0x2b29S0x2b62S0xf14	NOT
0x2b2aS0x2b62S0xf14	CONST
0x2b2dS0x2b62S0xf14	ADD
0x2b2eS0x2b62S0xf14	AND
0x2b82S0x1279	CONST
0x2b85S0x1279	CONST
0x2b9dS0x1279	CONST
0x2ba0S0x1279	CONST
0x2b94S0x1279	CONST
0x2b95S0x1279	CONST
0x2b97S0x1279	RETURNDATASIZE
0x2b98S0x1279	LT
0x2b99S0x1279	CONST
0x2b6dS0x1279	ADD
0x2b70S0x1279	LT
0x2b71S0x1279	CONST
0x2b7bS0x1279	GT
0x2b7cS0x1279	OR
0x2b7dS0x1279	ISZERO
0x2b7eS0x1279	CONST
0x2b8cS0x1279	CONST
0x2b36S0x1279	CONST
0x2b57S0x1279	CONST
0x2b59S0x1279	CONST
0x2b5bS0x1279	CONST
0x2b5eS0x1279	CONST
0x2b60S0x1279	CONST
0x2ba5S0x1279	CONST
0x2ba7S0x1279	RETURNDATASIZE
0x2ba8S0x1279	SUB
0x2ba9S0x1279	CONST
0x2baeS0x1279	MLOAD
0x2bafS0x1279	RETURNDATASIZE
0x2bb0S0x1279	CONST
0x2bb3S0x1279	ADD
0x2bb4S0x1279	GT
0x2bb5S0x1279	CONST
0x2bbfS0x1279	GT
0x2bc0S0x1279	OR
0x2bc1S0x1279	ISZERO
0x2bc2S0x1279	CONST
0x21f7S0x1279	CONST
0x21f8S0x1279	CONST
0x21faS0x1279	MLOAD
0x2bcfS0x1279	ADD
0x2bd1S0x1279	MLOAD
0x2bd2S0x1279	CONST
0x2bdcS0x1279	GT
0x2bddS0x1279	ISZERO
0x2bdeS0x1279	CONST
0x2becS0x1279	CONST
0x2befS0x1279	ADD
0x2bf0S0x1279	ADD
0x2bf1S0x1279	CONST
0x2bf3S0x1279	RETURNDATASIZE
0x2bf4S0x1279	SUB
0x2bf6S0x1279	ADD
0x2bf8S0x1279	GT
0x2bf9S0x1279	ISZERO
0x2bfaS0x1279	CONST
0x2c08S0x1279	CONST
0x2c0cS0x1279	CONST
0x2c0eS0x1279	ADD
0x2c10S0x1279	ADD
0x2c12S0x1279	CONST
0x2b63S0x1279	CONST
0x2b67S0x1279	CONST
0x2bc8S0x1279	CONST
0x2be6S0x1279	CONST
0x2c03S0x1279	CONST
0x2b26S0x2b62S0x1279	CONST
0x2b27S0x2b62S0x1279	CONST
0x2b29S0x2b62S0x1279	NOT
0x2b2aS0x2b62S0x1279	CONST
0x2b2dS0x2b62S0x1279	ADD
0x2b2eS0x2b62S0x1279	AND
0x2b82S0x15de	CONST
0x2b85S0x15de	CONST
0x2b9dS0x15de	CONST
0x2ba0S0x15de	CONST
0x2b94S0x15de	CONST
0x2b95S0x15de	CONST
0x2b97S0x15de	RETURNDATASIZE
0x2b98S0x15de	LT
0x2b99S0x15de	CONST
0x2b6dS0x15de	ADD
0x2b70S0x15de	LT
0x2b71S0x15de	CONST
0x2b7bS0x15de	GT
0x2b7cS0x15de	OR
0x2b7dS0x15de	ISZERO
0x2b7eS0x15de	CONST
0x2b8cS0x15de	CONST
0x2b36S0x15de	CONST
0x2b57S0x15de	CONST
0x2b59S0x15de	CONST
0x2b5bS0x15de	CONST
0x2b5eS0x15de	CONST
0x2b60S0x15de	CONST
0x2ba5S0x15de	CONST
0x2ba7S0x15de	RETURNDATASIZE
0x2ba8S0x15de	SUB
0x2ba9S0x15de	CONST
0x2baeS0x15de	MLOAD
0x2bafS0x15de	RETURNDATASIZE
0x2bb0S0x15de	CONST
0x2bb3S0x15de	ADD
0x2bb4S0x15de	GT
0x2bb5S0x15de	CONST
0x2bbfS0x15de	GT
0x2bc0S0x15de	OR
0x2bc1S0x15de	ISZERO
0x2bc2S0x15de	CONST
0x21f7S0x15de	CONST
0x21f8S0x15de	CONST
0x21faS0x15de	MLOAD
0x2bcfS0x15de	ADD
0x2bd1S0x15de	MLOAD
0x2bd2S0x15de	CONST
0x2bdcS0x15de	GT
0x2bddS0x15de	ISZERO
0x2bdeS0x15de	CONST
0x2becS0x15de	CONST
0x2befS0x15de	ADD
0x2bf0S0x15de	ADD
0x2bf1S0x15de	CONST
0x2bf3S0x15de	RETURNDATASIZE
0x2bf4S0x15de	SUB
0x2bf6S0x15de	ADD
0x2bf8S0x15de	GT
0x2bf9S0x15de	ISZERO
0x2bfaS0x15de	CONST
0x2c08S0x15de	CONST
0x2c0cS0x15de	CONST
0x2c0eS0x15de	ADD
0x2c10S0x15de	ADD
0x2c12S0x15de	CONST
0x2b63S0x15de	CONST
0x2b67S0x15de	CONST
0x2bc8S0x15de	CONST
0x2be6S0x15de	CONST
0x2c03S0x15de	CONST
0x2b26S0x2b62S0x15de	CONST
0x2b27S0x2b62S0x15de	CONST
0x2b29S0x2b62S0x15de	NOT
0x2b2aS0x2b62S0x15de	CONST
0x2b2dS0x2b62S0x15de	ADD
0x2b2eS0x2b62S0x15de	AND
0x2b82S0x1a19	CONST
0x2b85S0x1a19	CONST
0x2b9dS0x1a19	CONST
0x2ba0S0x1a19	CONST
0x2b94S0x1a19	CONST
0x2b95S0x1a19	CONST
0x2b97S0x1a19	RETURNDATASIZE
0x2b98S0x1a19	LT
0x2b99S0x1a19	CONST
0x2b6dS0x1a19	ADD
0x2b70S0x1a19	LT
0x2b71S0x1a19	CONST
0x2b7bS0x1a19	GT
0x2b7cS0x1a19	OR
0x2b7dS0x1a19	ISZERO
0x2b7eS0x1a19	CONST
0x2b8cS0x1a19	CONST
0x2b36S0x1a19	CONST
0x2b57S0x1a19	CONST
0x2b59S0x1a19	CONST
0x2b5bS0x1a19	CONST
0x2b5eS0x1a19	CONST
0x2b60S0x1a19	CONST
0x2ba5S0x1a19	CONST
0x2ba7S0x1a19	RETURNDATASIZE
0x2ba8S0x1a19	SUB
0x2ba9S0x1a19	CONST
0x2baeS0x1a19	MLOAD
0x2bafS0x1a19	RETURNDATASIZE
0x2bb0S0x1a19	CONST
0x2bb3S0x1a19	ADD
0x2bb4S0x1a19	GT
0x2bb5S0x1a19	CONST
0x2bbfS0x1a19	GT
0x2bc0S0x1a19	OR
0x2bc1S0x1a19	ISZERO
0x2bc2S0x1a19	CONST
0x21f7S0x1a19	CONST
0x21f8S0x1a19	CONST
0x21faS0x1a19	MLOAD
0x2bcfS0x1a19	ADD
0x2bd1S0x1a19	MLOAD
0x2bd2S0x1a19	CONST
0x2bdcS0x1a19	GT
0x2bddS0x1a19	ISZERO
0x2bdeS0x1a19	CONST
0x2becS0x1a19	CONST
0x2befS0x1a19	ADD
0x2bf0S0x1a19	ADD
0x2bf1S0x1a19	CONST
0x2bf3S0x1a19	RETURNDATASIZE
0x2bf4S0x1a19	SUB
0x2bf6S0x1a19	ADD
0x2bf8S0x1a19	GT
0x2bf9S0x1a19	ISZERO
0x2bfaS0x1a19	CONST
0x2c08S0x1a19	CONST
0x2c0cS0x1a19	CONST
0x2c0eS0x1a19	ADD
0x2c10S0x1a19	ADD
0x2c12S0x1a19	CONST
0x2b63S0x1a19	CONST
0x2b67S0x1a19	CONST
0x2bc8S0x1a19	CONST
0x2be6S0x1a19	CONST
0x2c03S0x1a19	CONST
0x2b26S0x2b62S0x1a19	CONST
0x2b27S0x2b62S0x1a19	CONST
0x2b29S0x2b62S0x1a19	NOT
0x2b2aS0x2b62S0x1a19	CONST
0x2b2dS0x2b62S0x1a19	ADD
0x2b2eS0x2b62S0x1a19	AND
0x2b82S0x1df4	CONST
0x2b85S0x1df4	CONST
0x2b9dS0x1df4	CONST
0x2ba0S0x1df4	CONST
0x2b94S0x1df4	CONST
0x2b95S0x1df4	CONST
0x2b97S0x1df4	RETURNDATASIZE
0x2b98S0x1df4	LT
0x2b99S0x1df4	CONST
0x2b6dS0x1df4	ADD
0x2b70S0x1df4	LT
0x2b71S0x1df4	CONST
0x2b7bS0x1df4	GT
0x2b7cS0x1df4	OR
0x2b7dS0x1df4	ISZERO
0x2b7eS0x1df4	CONST
0x2b8cS0x1df4	CONST
0x2b36S0x1df4	CONST
0x2b57S0x1df4	CONST
0x2b59S0x1df4	CONST
0x2b5bS0x1df4	CONST
0x2b5eS0x1df4	CONST
0x2b60S0x1df4	CONST
0x2ba5S0x1df4	CONST
0x2ba7S0x1df4	RETURNDATASIZE
0x2ba8S0x1df4	SUB
0x2ba9S0x1df4	CONST
0x2baeS0x1df4	MLOAD
0x2bafS0x1df4	RETURNDATASIZE
0x2bb0S0x1df4	CONST
0x2bb3S0x1df4	ADD
0x2bb4S0x1df4	GT
0x2bb5S0x1df4	CONST
0x2bbfS0x1df4	GT
0x2bc0S0x1df4	OR
0x2bc1S0x1df4	ISZERO
0x2bc2S0x1df4	CONST
0x21f7S0x1df4	CONST
0x21f8S0x1df4	CONST
0x21faS0x1df4	MLOAD
0x2bcfS0x1df4	ADD
0x2bd1S0x1df4	MLOAD
0x2bd2S0x1df4	CONST
0x2bdcS0x1df4	GT
0x2bddS0x1df4	ISZERO
0x2bdeS0x1df4	CONST
0x2becS0x1df4	CONST
0x2befS0x1df4	ADD
0x2bf0S0x1df4	ADD
0x2bf1S0x1df4	CONST
0x2bf3S0x1df4	RETURNDATASIZE
0x2bf4S0x1df4	SUB
0x2bf6S0x1df4	ADD
0x2bf8S0x1df4	GT
0x2bf9S0x1df4	ISZERO
0x2bfaS0x1df4	CONST
0x2c08S0x1df4	CONST
0x2c0cS0x1df4	CONST
0x2c0eS0x1df4	ADD
0x2c10S0x1df4	ADD
0x2c12S0x1df4	CONST
0x2b63S0x1df4	CONST
0x2b67S0x1df4	CONST
0x2bc8S0x1df4	CONST
0x2be6S0x1df4	CONST
0x2c03S0x1df4	CONST
0x2b26S0x2b62S0x1df4	CONST
0x2b27S0x2b62S0x1df4	CONST
0x2b29S0x2b62S0x1df4	NOT
0x2b2aS0x2b62S0x1df4	CONST
0x2b2dS0x2b62S0x1df4	ADD
0x2b2eS0x2b62S0x1df4	AND
0xbd4S0xbdc_0	PHI
0xf14S0xf1c_0	PHI
0x1279S0x1281_0	PHI
0x15deS0x15e6_0	PHI
0x1a19S0x1a21_0	PHI
0x1df4S0x1dfc_0	PHI
0x2e83S0xda8	CONST
0x2e84S0xda8	CONST
0x2e87S0xda8	ADD
0x2e8cS0xda8	SUB
0x2e8dS0xda8	CONST
0x2e8fS0xda8	ADD
0x2e91S0xda8	CONST
0x2e95S0xda8	CONST
0x2e6fS0xda8	CONST
0x2e73S0xda8	CONST
0x2e78S0xda8	CONST
0x2e7bS0xda8	ADD
0x2e39S0xda8	CONST
0x2e5aS0xda8	CONST
0x2e5cS0xda8	ADD
0x2e9eS0xda8	SUB
0x2e9fS0xda8	CONST
0x2ea2S0xda8	ADD
0x2ea4S0xda8	CONST
0x2ea8S0xda8	CONST
0x2e61S0xda8	CONST
0x2e62S0xda8	CONST
0x2e65S0xda8	CONST
0x2e68S0xda8	CONST
0x26e0S0x2e60S0xda8	CONST
0x26e4S0x2e60S0xda8	CONST
0x26e7S0x2e60S0xda8	ADD
0x2c59S0x2e82S0xda8	CONST
0x2c5dS0x2e82S0xda8	CONST
0x2c62S0x2e82S0xda8	CONST
0x2c65S0x2e82S0xda8	ADD
0x2c23S0x2e82S0xda8	CONST
0x2c44S0x2e82S0xda8	CONST
0x2c46S0x2e82S0xda8	ADD
0x2c4bS0x2e82S0xda8	CONST
0x2c4cS0x2e82S0xda8	CONST
0x2c4fS0x2e82S0xda8	CONST
0x2c52S0x2e82S0xda8	CONST
0x26e0S0x2c4aS0x2e82S0xda8	CONST
0x26e4S0x2c4aS0x2e82S0xda8	CONST
0x26e7S0x2c4aS0x2e82S0xda8	ADD
0x2efeS0xe6f	CONST
0x2effS0xe6f	CONST
0x2f02S0xe6f	ADD
0x2f07S0xe6f	SUB
0x2f08S0xe6f	CONST
0x2f0aS0xe6f	ADD
0x2f0cS0xe6f	CONST
0x2f10S0xe6f	CONST
0x2eeaS0xe6f	CONST
0x2eeeS0xe6f	CONST
0x2ef3S0xe6f	CONST
0x2ef6S0xe6f	ADD
0x2eb4S0xe6f	CONST
0x2ed5S0xe6f	CONST
0x2ed7S0xe6f	ADD
0x2f17S0xe6f	CONST
0x2f1aS0xe6f	CONST
0x2f1dS0xe6f	ADD
0x2f1fS0xe6f	CONST
0x2edcS0xe6f	CONST
0x2eddS0xe6f	CONST
0x2ee0S0xe6f	CONST
0x2ee3S0xe6f	CONST
0x26e0S0x2edbS0xe6f	CONST
0x26e4S0x2edbS0xe6f	CONST
0x26e7S0x2edbS0xe6f	ADD
0x2a2aS0x2f14S0xe6f	CONST
0x2a2eS0x2f14S0xe6f	CONST
0x2325S0x2a29S0x2f14S0xe6f	CONST
0x2327S0x2a29S0x2f14S0xe6f	ISZERO
0x2328S0x2a29S0x2f14S0xe6f	ISZERO
0x30b6S0x11d4	CONST
0x30b7S0x11d4	CONST
0x30baS0x11d4	ADD
0x30bfS0x11d4	SUB
0x30c0S0x11d4	CONST
0x30c2S0x11d4	ADD
0x30c4S0x11d4	CONST
0x30c8S0x11d4	CONST
0x30a2S0x11d4	CONST
0x30a6S0x11d4	CONST
0x30abS0x11d4	CONST
0x30aeS0x11d4	ADD
0x306cS0x11d4	CONST
0x308dS0x11d4	CONST
0x308fS0x11d4	ADD
0x30cfS0x11d4	CONST
0x30d2S0x11d4	CONST
0x30d5S0x11d4	ADD
0x30d7S0x11d4	CONST
0x3094S0x11d4	CONST
0x3095S0x11d4	CONST
0x3098S0x11d4	CONST
0x309bS0x11d4	CONST
0x26e0S0x3093S0x11d4	CONST
0x26e4S0x3093S0x11d4	CONST
0x26e7S0x3093S0x11d4	ADD
0x2a2aS0x30ccS0x11d4	CONST
0x2a2eS0x30ccS0x11d4	CONST
0x2325S0x2a29S0x30ccS0x11d4	CONST
0x2327S0x2a29S0x30ccS0x11d4	ISZERO
0x2328S0x2a29S0x30ccS0x11d4	ISZERO
0x3294S0x1539	CONST
0x3295S0x1539	CONST
0x3298S0x1539	ADD
0x329dS0x1539	SUB
0x329eS0x1539	CONST
0x32a0S0x1539	ADD
0x32a2S0x1539	CONST
0x32a6S0x1539	CONST
0x3280S0x1539	CONST
0x3284S0x1539	CONST
0x3289S0x1539	CONST
0x328cS0x1539	ADD
0x324aS0x1539	CONST
0x326bS0x1539	CONST
0x326dS0x1539	ADD
0x32adS0x1539	CONST
0x32b0S0x1539	CONST
0x32b3S0x1539	ADD
0x32b5S0x1539	CONST
0x3272S0x1539	CONST
0x3273S0x1539	CONST
0x3276S0x1539	CONST
0x3279S0x1539	CONST
0x26e0S0x3271S0x1539	CONST
0x26e4S0x3271S0x1539	CONST
0x26e7S0x3271S0x1539	ADD
0x2a2aS0x32aaS0x1539	CONST
0x2a2eS0x32aaS0x1539	CONST
0x2325S0x2a29S0x32aaS0x1539	CONST
0x2327S0x2a29S0x32aaS0x1539	ISZERO
0x2328S0x2a29S0x32aaS0x1539	ISZERO
0x34e8S0x1950	CONST
0x34e9S0x1950	CONST
0x34ecS0x1950	ADD
0x34f1S0x1950	SUB
0x34f2S0x1950	CONST
0x34f4S0x1950	ADD
0x34f6S0x1950	CONST
0x34faS0x1950	CONST
0x34d4S0x1950	CONST
0x34d8S0x1950	CONST
0x34ddS0x1950	CONST
0x34e0S0x1950	ADD
0x349eS0x1950	CONST
0x34bfS0x1950	CONST
0x34c1S0x1950	ADD
0x3501S0x1950	CONST
0x3504S0x1950	CONST
0x3507S0x1950	ADD
0x3509S0x1950	CONST
0x34c6S0x1950	CONST
0x34c7S0x1950	CONST
0x34caS0x1950	CONST
0x34cdS0x1950	CONST
0x26e0S0x34c5S0x1950	CONST
0x26e4S0x34c5S0x1950	CONST
0x26e7S0x34c5S0x1950	ADD
0x2a2aS0x34feS0x1950	CONST
0x2a2eS0x34feS0x1950	CONST
0x2325S0x2a29S0x34feS0x1950	CONST
0x2327S0x2a29S0x34feS0x1950	ISZERO
0x2328S0x2a29S0x34feS0x1950	ISZERO
0x230cS0x1ef	CONST
0x230dS0x1ef	CONST
0x2310S0x1ef	ADD
0x2313S0x1ef	CONST
0x2316S0x1ef	CONST
0x2318S0x1ef	ADD
0x231aS0x1ef	CONST
0x22fdS0x230bS0x1ef	CONST
0x2301S0x230bS0x1ef	CONST
0x222eS0x22fcS0x230bS0x1ef	CONST
0x248bS0x3ed	CONST
0x248eS0x3ed	CONST
0x247fS0x3ed	CONST
0x2480S0x3ed	CONST
0x2484S0x3ed	SUB
0x2485S0x3ed	SLT
0x2486S0x3ed	ISZERO
0x2487S0x3ed	CONST
0x2494S0x3ed	CONST
0x2495S0x3ed	CONST
0x249bS0x3ed	ADD
0x249cS0x3ed	CONST
0x73d9S0x3ed	CONST
0x246bS0x2493S0x3ed	CONST
0x246dS0x2493S0x3ed	MLOAD
0x2470S0x2493S0x3ed	CONST
0x2474S0x2493S0x3ed	CONST
0x233fS0x246aB0x2493S0x3ed	CONST
0x233aS0x246aB0x2493S0x3ed	EQ
0x233bS0x246aB0x2493S0x3ed	CONST
0x2330S0x246aB0x2493S0x3ed	CONST
0x2334S0x246aB0x2493S0x3ed	CONST
0x2325S0x232fS0x246aB0x2493S0x3ed	CONST
0x2327S0x232fS0x246aB0x2493S0x3ed	ISZERO
0x2328S0x232fS0x246aB0x2493S0x3ed	ISZERO
0x24caS0x47b	CONST
0x24cdS0x47b	CONST
0x24beS0x47b	CONST
0x24bfS0x47b	CONST
0x24c3S0x47b	SUB
0x24c4S0x47b	SLT
0x24c5S0x47b	ISZERO
0x24c6S0x47b	CONST
0x24d3S0x47b	CONST
0x24d4S0x47b	CONST
0x24daS0x47b	ADD
0x24dbS0x47b	CONST
0x73fcS0x47b	CONST
0x24aaS0x24d2S0x47b	CONST
0x24acS0x24d2S0x47b	MLOAD
0x24afS0x24d2S0x47b	CONST
0x24b3S0x24d2S0x47b	CONST
0x2246S0x24a9B0x24d2S0x47b	CONST
0x2241S0x24a9B0x24d2S0x47b	EQ
0x2242S0x24a9B0x24d2S0x47b	CONST
0x2237S0x24a9B0x24d2S0x47b	CONST
0x223bS0x24a9B0x24d2S0x47b	CONST
0x222eS0x2236S0x24a9B0x24d2S0x47b	CONST
0x24caS0x5b4	CONST
0x24cdS0x5b4	CONST
0x24beS0x5b4	CONST
0x24bfS0x5b4	CONST
0x24c3S0x5b4	SUB
0x24c4S0x5b4	SLT
0x24c5S0x5b4	ISZERO
0x24c6S0x5b4	CONST
0x24d3S0x5b4	CONST
0x24d4S0x5b4	CONST
0x24daS0x5b4	ADD
0x24dbS0x5b4	CONST
0x73fcS0x5b4	CONST
0x24aaS0x24d2S0x5b4	CONST
0x24acS0x24d2S0x5b4	MLOAD
0x24afS0x24d2S0x5b4	CONST
0x24b3S0x24d2S0x5b4	CONST
0x2246S0x24a9B0x24d2S0x5b4	CONST
0x2241S0x24a9B0x24d2S0x5b4	EQ
0x2242S0x24a9B0x24d2S0x5b4	CONST
0x2237S0x24a9B0x24d2S0x5b4	CONST
0x223bS0x24a9B0x24d2S0x5b4	CONST
0x222eS0x2236S0x24a9B0x24d2S0x5b4	CONST
0x24caS0x642	CONST
0x24cdS0x642	CONST
0x24beS0x642	CONST
0x24bfS0x642	CONST
0x24c3S0x642	SUB
0x24c4S0x642	SLT
0x24c5S0x642	ISZERO
0x24c6S0x642	CONST
0x24d3S0x642	CONST
0x24d4S0x642	CONST
0x24daS0x642	ADD
0x24dbS0x642	CONST
0x73fcS0x642	CONST
0x24aaS0x24d2S0x642	CONST
0x24acS0x24d2S0x642	MLOAD
0x24afS0x24d2S0x642	CONST
0x24b3S0x24d2S0x642	CONST
0x2246S0x24a9B0x24d2S0x642	CONST
0x2241S0x24a9B0x24d2S0x642	EQ
0x2242S0x24a9B0x24d2S0x642	CONST
0x2237S0x24a9B0x24d2S0x642	CONST
0x223bS0x24a9B0x24d2S0x642	CONST
0x222eS0x2236S0x24a9B0x24d2S0x642	CONST
0x248bS0x6e2	CONST
0x248eS0x6e2	CONST
0x247fS0x6e2	CONST
0x2480S0x6e2	CONST
0x2484S0x6e2	SUB
0x2485S0x6e2	SLT
0x2486S0x6e2	ISZERO
0x2487S0x6e2	CONST
0x2494S0x6e2	CONST
0x2495S0x6e2	CONST
0x249bS0x6e2	ADD
0x249cS0x6e2	CONST
0x73d9S0x6e2	CONST
0x246bS0x2493S0x6e2	CONST
0x246dS0x2493S0x6e2	MLOAD
0x2470S0x2493S0x6e2	CONST
0x2474S0x2493S0x6e2	CONST
0x233fS0x246aB0x2493S0x6e2	CONST
0x233aS0x246aB0x2493S0x6e2	EQ
0x233bS0x246aB0x2493S0x6e2	CONST
0x2330S0x246aB0x2493S0x6e2	CONST
0x2334S0x246aB0x2493S0x6e2	CONST
0x2325S0x232fS0x246aB0x2493S0x6e2	CONST
0x2327S0x232fS0x246aB0x2493S0x6e2	ISZERO
0x2328S0x232fS0x246aB0x2493S0x6e2	ISZERO
0x230cS0x706	CONST
0x230dS0x706	CONST
0x2310S0x706	ADD
0x2313S0x706	CONST
0x2316S0x706	CONST
0x2318S0x706	ADD
0x231aS0x706	CONST
0x22fdS0x230bS0x706	CONST
0x2301S0x230bS0x706	CONST
0x222eS0x22fcS0x230bS0x706	CONST
0x2a39S0xa6d	CONST
0x2a3aS0xa6d	CONST
0x2a3dS0xa6d	ADD
0x2a40S0xa6d	CONST
0x2a43S0xa6d	CONST
0x2a45S0xa6d	ADD
0x2a47S0xa6d	CONST
0x2a2aS0x2a38S0xa6d	CONST
0x2a2eS0x2a38S0xa6d	CONST
0x2325S0x2a29S0x2a38S0xa6d	CONST
0x2327S0x2a29S0x2a38S0xa6d	ISZERO
0x2328S0x2a29S0x2a38S0xa6d	ISZERO
0x2acfS0xb04	CONST
0x2ad0S0xb04	CONST
0x2ad3S0xb04	ADD
0x2ad8S0xb04	SUB
0x2ad9S0xb04	CONST
0x2adbS0xb04	ADD
0x2addS0xb04	CONST
0x2ae1S0xb04	CONST
0x2abbS0xb04	CONST
0x2abfS0xb04	CONST
0x2ac4S0xb04	CONST
0x2ac7S0xb04	ADD
0x2a85S0xb04	CONST
0x2aa6S0xb04	CONST
0x2aa8S0xb04	ADD
0x2ae8S0xb04	CONST
0x2aebS0xb04	CONST
0x2aeeS0xb04	ADD
0x2af0S0xb04	CONST
0x2aadS0xb04	CONST
0x2aaeS0xb04	CONST
0x2ab1S0xb04	CONST
0x2ab4S0xb04	CONST
0x26e0S0x2aacS0xb04	CONST
0x26e4S0x2aacS0xb04	CONST
0x26e7S0x2aacS0xb04	ADD
0x22fdS0x2ae5S0xb04	CONST
0x2301S0x2ae5S0xb04	CONST
0x222eS0x22fcS0x2ae5S0xb04	CONST
0x2e0dS0xd69	CONST
0x2e0eS0xd69	CONST
0x2e11S0xd69	ADD
0x2e16S0xd69	SUB
0x2e17S0xd69	CONST
0x2e19S0xd69	ADD
0x2e1bS0xd69	CONST
0x2e1fS0xd69	CONST
0x2e26S0xd69	CONST
0x2e29S0xd69	CONST
0x2e2cS0xd69	ADD
0x2e2eS0xd69	CONST
0x2c59S0x2e0cS0xd69	CONST
0x2c5dS0x2e0cS0xd69	CONST
0x2c62S0x2e0cS0xd69	CONST
0x2c65S0x2e0cS0xd69	ADD
0x2c23S0x2e0cS0xd69	CONST
0x2c44S0x2e0cS0xd69	CONST
0x2c46S0x2e0cS0xd69	ADD
0x2c4bS0x2e0cS0xd69	CONST
0x2c4cS0x2e0cS0xd69	CONST
0x2c4fS0x2e0cS0xd69	CONST
0x2c52S0x2e0cS0xd69	CONST
0x26e0S0x2c4aS0x2e0cS0xd69	CONST
0x26e4S0x2c4aS0x2e0cS0xd69	CONST
0x26e7S0x2c4aS0x2e0cS0xd69	ADD
0x2a2aS0x2e23S0xd69	CONST
0x2a2eS0x2e23S0xd69	CONST
0x2325S0x2a29S0x2e23S0xd69	CONST
0x2327S0x2a29S0x2e23S0xd69	ISZERO
0x2328S0x2a29S0x2e23S0xd69	ISZERO
0x2cd7S0xbe7	CONST
0x2cd8S0xbe7	CONST
0x2cdbS0xbe7	ADD
0x2ce0S0xbe7	SUB
0x2ce1S0xbe7	CONST
0x2ce3S0xbe7	ADD
0x2ce5S0xbe7	CONST
0x2ce9S0xbe7	CONST
0x2cf2S0xbe7	SUB
0x2cf3S0xbe7	CONST
0x2cf6S0xbe7	ADD
0x2cf8S0xbe7	CONST
0x2cfdS0xbe7	CONST
0x2c59S0x2cd6S0xbe7	CONST
0x2c5dS0x2cd6S0xbe7	CONST
0x2c62S0x2cd6S0xbe7	CONST
0x2c65S0x2cd6S0xbe7	ADD
0x2c23S0x2cd6S0xbe7	CONST
0x2c44S0x2cd6S0xbe7	CONST
0x2c46S0x2cd6S0xbe7	ADD
0x2c4bS0x2cd6S0xbe7	CONST
0x2c4cS0x2cd6S0xbe7	CONST
0x2c4fS0x2cd6S0xbe7	CONST
0x2c52S0x2cd6S0xbe7	CONST
0x26e0S0x2c4aS0x2cd6S0xbe7	CONST
0x26e4S0x2c4aS0x2cd6S0xbe7	CONST
0x26e7S0x2c4aS0x2cd6S0xbe7	ADD
0x2c94S0x2cedS0xbe7	CONST
0x2c97S0x2cedS0xbe7	ADD
0x2c7bS0x2cedS0xbe7	LT
0x2c7cS0x2cedS0xbe7	ISZERO
0x2c7dS0x2cedS0xbe7	CONST
0x2c78_0x0S0x2cedS0xbe7	PHI
0x2ca9S0x2cedS0xbe7	CONST
0x2caeS0x2cedS0xbe7	CONST
0x2c6dS0x2cedS0xbe7	CONST
0x2c6fS0x2cedS0xbe7	MLOAD
0x2cb5S0x2cedS0xbe7	CONST
0x2cbaS0x2cedS0xbe7	CONST
0x2cbdS0x2cedS0xbe7	ADD
0x2cbeS0x2cedS0xbe7	CONST
0x2cc3S0x2cedS0xbe7	CONST
0x2cc7S0x2cedS0xbe7	CONST
0x2c77S0x2cedS0xbe7	CONST
0x2ccdS0x2cedS0xbe7	ADD
0x2c9fS0x2cedS0xbe7	CONST
0x2ca0S0x2cedS0xbe7	CONST
0x2ca4S0x2cedS0xbe7	CONST
0x2c83S0x2cedS0xbe7	ADD
0x2c84S0x2cedS0xbe7	MLOAD
0x2c87S0x2cedS0xbe7	ADD
0x2c89S0x2cedS0xbe7	CONST
0x2c8cS0x2cedS0xbe7	ADD
0x2c8fS0x2cedS0xbe7	CONST
0x2c81_0x0S0x2cedS0xbe7	PHI
0x26e0S0x2ca8S0x2cedS0xbe7	CONST
0x26e4S0x2ca8S0x2cedS0xbe7	CONST
0x26e7S0x2ca8S0x2cedS0xbe7	ADD
0x2b26S0x2cc2S0x2cedS0xbe7	CONST
0x2b27S0x2cc2S0x2cedS0xbe7	CONST
0x2b29S0x2cc2S0x2cedS0xbe7	NOT
0x2b2aS0x2cc2S0x2cedS0xbe7	CONST
0x2b2dS0x2cc2S0x2cedS0xbe7	ADD
0x2b2eS0x2cc2S0x2cedS0xbe7	AND
0x2d74S0xcab	CONST
0x2d75S0xcab	CONST
0x2d78S0xcab	ADD
0x2d7dS0xcab	SUB
0x2d7eS0xcab	CONST
0x2d80S0xcab	ADD
0x2d82S0xcab	CONST
0x2d86S0xcab	CONST
0x2d8fS0xcab	SUB
0x2d90S0xcab	CONST
0x2d93S0xcab	ADD
0x2d95S0xcab	CONST
0x2d99S0xcab	CONST
0x2c59S0x2d73S0xcab	CONST
0x2c5dS0x2d73S0xcab	CONST
0x2c62S0x2d73S0xcab	CONST
0x2c65S0x2d73S0xcab	ADD
0x2c23S0x2d73S0xcab	CONST
0x2c44S0x2d73S0xcab	CONST
0x2c46S0x2d73S0xcab	ADD
0x2c4bS0x2d73S0xcab	CONST
0x2c4cS0x2d73S0xcab	CONST
0x2c4fS0x2d73S0xcab	CONST
0x2c52S0x2d73S0xcab	CONST
0x26e0S0x2c4aS0x2d73S0xcab	CONST
0x26e4S0x2c4aS0x2d73S0xcab	CONST
0x26e7S0x2c4aS0x2d73S0xcab	ADD
0x2d60S0x2d8aS0xcab	CONST
0x2d64S0x2d8aS0xcab	CONST
0x2d69S0x2d8aS0xcab	CONST
0x2d6cS0x2d8aS0xcab	ADD
0x2d2aS0x2d8aS0xcab	CONST
0x2d4bS0x2d8aS0xcab	CONST
0x2d4dS0x2d8aS0xcab	ADD
0x2d52S0x2d8aS0xcab	CONST
0x2d53S0x2d8aS0xcab	CONST
0x2d56S0x2d8aS0xcab	CONST
0x2d59S0x2d8aS0xcab	CONST
0x26e0S0x2d51S0x2d8aS0xcab	CONST
0x26e4S0x2d51S0x2d8aS0xcab	CONST
0x26e7S0x2d51S0x2d8aS0xcab	ADD
0x2a39S0xc16	CONST
0x2a3aS0xc16	CONST
0x2a3dS0xc16	ADD
0x2a40S0xc16	CONST
0x2a43S0xc16	CONST
0x2a45S0xc16	ADD
0x2a47S0xc16	CONST
0x2a2aS0x2a38S0xc16	CONST
0x2a2eS0x2a38S0xc16	CONST
0x2325S0x2a29S0x2a38S0xc16	CONST
0x2327S0x2a29S0x2a38S0xc16	ISZERO
0x2328S0x2a29S0x2a38S0xc16	ISZERO
0x2d0aS0xc64	CONST
0x2d0bS0xc64	CONST
0x2d0eS0xc64	ADD
0x2d13S0xc64	SUB
0x2d14S0xc64	CONST
0x2d16S0xc64	ADD
0x2d18S0xc64	CONST
0x2d1dS0xc64	CONST
0x2c94S0x2d09S0xc64	CONST
0x2c97S0x2d09S0xc64	ADD
0x2c7bS0x2d09S0xc64	LT
0x2c7cS0x2d09S0xc64	ISZERO
0x2c7dS0x2d09S0xc64	CONST
0x2c78_0x0S0x2d09S0xc64	PHI
0x2ca9S0x2d09S0xc64	CONST
0x2caeS0x2d09S0xc64	CONST
0x2c6dS0x2d09S0xc64	CONST
0x2c6fS0x2d09S0xc64	MLOAD
0x2cb5S0x2d09S0xc64	CONST
0x2cbaS0x2d09S0xc64	CONST
0x2cbdS0x2d09S0xc64	ADD
0x2cbeS0x2d09S0xc64	CONST
0x2cc3S0x2d09S0xc64	CONST
0x2cc7S0x2d09S0xc64	CONST
0x2c77S0x2d09S0xc64	CONST
0x2ccdS0x2d09S0xc64	ADD
0x2c9fS0x2d09S0xc64	CONST
0x2ca0S0x2d09S0xc64	CONST
0x2ca4S0x2d09S0xc64	CONST
0x2c83S0x2d09S0xc64	ADD
0x2c84S0x2d09S0xc64	MLOAD
0x2c87S0x2d09S0xc64	ADD
0x2c89S0x2d09S0xc64	CONST
0x2c8cS0x2d09S0xc64	ADD
0x2c8fS0x2d09S0xc64	CONST
0x2c81_0x0S0x2d09S0xc64	PHI
0x26e0S0x2ca8S0x2d09S0xc64	CONST
0x26e4S0x2ca8S0x2d09S0xc64	CONST
0x26e7S0x2ca8S0x2d09S0xc64	ADD
0x2b26S0x2cc2S0x2d09S0xc64	CONST
0x2b27S0x2cc2S0x2d09S0xc64	CONST
0x2b29S0x2cc2S0x2d09S0xc64	NOT
0x2b2aS0x2cc2S0x2d09S0xc64	CONST
0x2b2dS0x2cc2S0x2d09S0xc64	ADD
0x2b2eS0x2cc2S0x2d09S0xc64	AND
0x2a39S0xcd8	CONST
0x2a3aS0xcd8	CONST
0x2a3dS0xcd8	ADD
0x2a40S0xcd8	CONST
0x2a43S0xcd8	CONST
0x2a45S0xcd8	ADD
0x2a47S0xcd8	CONST
0x2a2aS0x2a38S0xcd8	CONST
0x2a2eS0x2a38S0xcd8	CONST
0x2325S0x2a29S0x2a38S0xcd8	CONST
0x2327S0x2a29S0x2a38S0xcd8	ISZERO
0x2328S0x2a29S0x2a38S0xcd8	ISZERO
0x2a39S0xdd4	CONST
0x2a3aS0xdd4	CONST
0x2a3dS0xdd4	ADD
0x2a40S0xdd4	CONST
0x2a43S0xdd4	CONST
0x2a45S0xdd4	ADD
0x2a47S0xdd4	CONST
0x2a2aS0x2a38S0xdd4	CONST
0x2a2eS0x2a38S0xdd4	CONST
0x2325S0x2a29S0x2a38S0xdd4	CONST
0x2327S0x2a29S0x2a38S0xdd4	ISZERO
0x2328S0x2a29S0x2a38S0xdd4	ISZERO
0x2a39S0x1145	CONST
0x2a3aS0x1145	CONST
0x2a3dS0x1145	ADD
0x2a40S0x1145	CONST
0x2a43S0x1145	CONST
0x2a45S0x1145	ADD
0x2a47S0x1145	CONST
0x2a2aS0x2a38S0x1145	CONST
0x2a2eS0x2a38S0x1145	CONST
0x2325S0x2a29S0x2a38S0x1145	CONST
0x2327S0x2a29S0x2a38S0x1145	ISZERO
0x2328S0x2a29S0x2a38S0x1145	ISZERO
0x2f74S0xf27	CONST
0x2f75S0xf27	CONST
0x2f78S0xf27	ADD
0x2f7dS0xf27	SUB
0x2f7eS0xf27	CONST
0x2f80S0xf27	ADD
0x2f82S0xf27	CONST
0x2f86S0xf27	CONST
0x2f8fS0xf27	SUB
0x2f90S0xf27	CONST
0x2f93S0xf27	ADD
0x2f95S0xf27	CONST
0x2f9aS0xf27	CONST
0x2f60S0x2f73S0xf27	CONST
0x2f64S0x2f73S0xf27	CONST
0x2f69S0x2f73S0xf27	CONST
0x2f6cS0x2f73S0xf27	ADD
0x2f2aS0x2f73S0xf27	CONST
0x2f4bS0x2f73S0xf27	CONST
0x2f4dS0x2f73S0xf27	ADD
0x2f52S0x2f73S0xf27	CONST
0x2f53S0x2f73S0xf27	CONST
0x2f56S0x2f73S0xf27	CONST
0x2f59S0x2f73S0xf27	CONST
0x26e0S0x2f51S0x2f73S0xf27	CONST
0x26e4S0x2f51S0x2f73S0xf27	CONST
0x26e7S0x2f51S0x2f73S0xf27	ADD
0x2c94S0x2f8aS0xf27	CONST
0x2c97S0x2f8aS0xf27	ADD
0x2c7bS0x2f8aS0xf27	LT
0x2c7cS0x2f8aS0xf27	ISZERO
0x2c7dS0x2f8aS0xf27	CONST
0x2c78_0x0S0x2f8aS0xf27	PHI
0x2ca9S0x2f8aS0xf27	CONST
0x2caeS0x2f8aS0xf27	CONST
0x2c6dS0x2f8aS0xf27	CONST
0x2c6fS0x2f8aS0xf27	MLOAD
0x2cb5S0x2f8aS0xf27	CONST
0x2cbaS0x2f8aS0xf27	CONST
0x2cbdS0x2f8aS0xf27	ADD
0x2cbeS0x2f8aS0xf27	CONST
0x2cc3S0x2f8aS0xf27	CONST
0x2cc7S0x2f8aS0xf27	CONST
0x2c77S0x2f8aS0xf27	CONST
0x2ccdS0x2f8aS0xf27	ADD
0x2c9fS0x2f8aS0xf27	CONST
0x2ca0S0x2f8aS0xf27	CONST
0x2ca4S0x2f8aS0xf27	CONST
0x2c83S0x2f8aS0xf27	ADD
0x2c84S0x2f8aS0xf27	MLOAD
0x2c87S0x2f8aS0xf27	ADD
0x2c89S0x2f8aS0xf27	CONST
0x2c8cS0x2f8aS0xf27	ADD
0x2c8fS0x2f8aS0xf27	CONST
0x2c81_0x0S0x2f8aS0xf27	PHI
0x26e0S0x2ca8S0x2f8aS0xf27	CONST
0x26e4S0x2ca8S0x2f8aS0xf27	CONST
0x26e7S0x2ca8S0x2f8aS0xf27	ADD
0x2b26S0x2cc2S0x2f8aS0xf27	CONST
0x2b27S0x2cc2S0x2f8aS0xf27	CONST
0x2b29S0x2cc2S0x2f8aS0xf27	NOT
0x2b2aS0x2cc2S0x2f8aS0xf27	CONST
0x2b2dS0x2cc2S0x2f8aS0xf27	ADD
0x2b2eS0x2cc2S0x2f8aS0xf27	AND
0x2fa7S0x1039	CONST
0x2fa8S0x1039	CONST
0x2fabS0x1039	ADD
0x2fb0S0x1039	SUB
0x2fb1S0x1039	CONST
0x2fb3S0x1039	ADD
0x2fb5S0x1039	CONST
0x2fb9S0x1039	CONST
0x2fc2S0x1039	SUB
0x2fc3S0x1039	CONST
0x2fc6S0x1039	ADD
0x2fc8S0x1039	CONST
0x2fccS0x1039	CONST
0x2f60S0x2fa6S0x1039	CONST
0x2f64S0x2fa6S0x1039	CONST
0x2f69S0x2fa6S0x1039	CONST
0x2f6cS0x2fa6S0x1039	ADD
0x2f2aS0x2fa6S0x1039	CONST
0x2f4bS0x2fa6S0x1039	CONST
0x2f4dS0x2fa6S0x1039	ADD
0x2f52S0x2fa6S0x1039	CONST
0x2f53S0x2fa6S0x1039	CONST
0x2f56S0x2fa6S0x1039	CONST
0x2f59S0x2fa6S0x1039	CONST
0x26e0S0x2f51S0x2fa6S0x1039	CONST
0x26e4S0x2f51S0x2fa6S0x1039	CONST
0x26e7S0x2f51S0x2fa6S0x1039	ADD
0x2d60S0x2fbdS0x1039	CONST
0x2d64S0x2fbdS0x1039	CONST
0x2d69S0x2fbdS0x1039	CONST
0x2d6cS0x2fbdS0x1039	ADD
0x2d2aS0x2fbdS0x1039	CONST
0x2d4bS0x2fbdS0x1039	CONST
0x2d4dS0x2fbdS0x1039	ADD
0x2d52S0x2fbdS0x1039	CONST
0x2d53S0x2fbdS0x1039	CONST
0x2d56S0x2fbdS0x1039	CONST
0x2d59S0x2fbdS0x1039	CONST
0x26e0S0x2d51S0x2fbdS0x1039	CONST
0x26e4S0x2d51S0x2fbdS0x1039	CONST
0x26e7S0x2d51S0x2fbdS0x1039	ADD
0x2a39S0xf56	CONST
0x2a3aS0xf56	CONST
0x2a3dS0xf56	ADD
0x2a40S0xf56	CONST
0x2a43S0xf56	CONST
0x2a45S0xf56	ADD
0x2a47S0xf56	CONST
0x2a2aS0x2a38S0xf56	CONST
0x2a2eS0x2a38S0xf56	CONST
0x2325S0x2a29S0x2a38S0xf56	CONST
0x2327S0x2a29S0x2a38S0xf56	ISZERO
0x2328S0x2a29S0x2a38S0xf56	ISZERO
0x2a39S0xfa4	CONST
0x2a3aS0xfa4	CONST
0x2a3dS0xfa4	ADD
0x2a40S0xfa4	CONST
0x2a43S0xfa4	CONST
0x2a45S0xfa4	ADD
0x2a47S0xfa4	CONST
0x2a2aS0x2a38S0xfa4	CONST
0x2a2eS0x2a38S0xfa4	CONST
0x2325S0x2a29S0x2a38S0xfa4	CONST
0x2327S0x2a29S0x2a38S0xfa4	ISZERO
0x2328S0x2a29S0x2a38S0xfa4	ISZERO
0x2d0aS0xff2	CONST
0x2d0bS0xff2	CONST
0x2d0eS0xff2	ADD
0x2d13S0xff2	SUB
0x2d14S0xff2	CONST
0x2d16S0xff2	ADD
0x2d18S0xff2	CONST
0x2d1dS0xff2	CONST
0x2c94S0x2d09S0xff2	CONST
0x2c97S0x2d09S0xff2	ADD
0x2c7bS0x2d09S0xff2	LT
0x2c7cS0x2d09S0xff2	ISZERO
0x2c7dS0x2d09S0xff2	CONST
0x2c78_0x0S0x2d09S0xff2	PHI
0x2ca9S0x2d09S0xff2	CONST
0x2caeS0x2d09S0xff2	CONST
0x2c6dS0x2d09S0xff2	CONST
0x2c6fS0x2d09S0xff2	MLOAD
0x2cb5S0x2d09S0xff2	CONST
0x2cbaS0x2d09S0xff2	CONST
0x2cbdS0x2d09S0xff2	ADD
0x2cbeS0x2d09S0xff2	CONST
0x2cc3S0x2d09S0xff2	CONST
0x2cc7S0x2d09S0xff2	CONST
0x2c77S0x2d09S0xff2	CONST
0x2ccdS0x2d09S0xff2	ADD
0x2c9fS0x2d09S0xff2	CONST
0x2ca0S0x2d09S0xff2	CONST
0x2ca4S0x2d09S0xff2	CONST
0x2c83S0x2d09S0xff2	ADD
0x2c84S0x2d09S0xff2	MLOAD
0x2c87S0x2d09S0xff2	ADD
0x2c89S0x2d09S0xff2	CONST
0x2c8cS0x2d09S0xff2	ADD
0x2c8fS0x2d09S0xff2	CONST
0x2c81_0x0S0x2d09S0xff2	PHI
0x26e0S0x2ca8S0x2d09S0xff2	CONST
0x26e4S0x2ca8S0x2d09S0xff2	CONST
0x26e7S0x2ca8S0x2d09S0xff2	ADD
0x2b26S0x2cc2S0x2d09S0xff2	CONST
0x2b27S0x2cc2S0x2d09S0xff2	CONST
0x2b29S0x2cc2S0x2d09S0xff2	NOT
0x2b2aS0x2cc2S0x2d09S0xff2	CONST
0x2b2dS0x2cc2S0x2d09S0xff2	ADD
0x2b2eS0x2cc2S0x2d09S0xff2	AND
0x2a39S0x1066	CONST
0x2a3aS0x1066	CONST
0x2a3dS0x1066	ADD
0x2a40S0x1066	CONST
0x2a43S0x1066	CONST
0x2a45S0x1066	ADD
0x2a47S0x1066	CONST
0x2a2aS0x2a38S0x1066	CONST
0x2a2eS0x2a38S0x1066	CONST
0x2325S0x2a29S0x2a38S0x1066	CONST
0x2327S0x2a29S0x2a38S0x1066	ISZERO
0x2328S0x2a29S0x2a38S0x1066	ISZERO
0x2a39S0x10b4	CONST
0x2a3aS0x10b4	CONST
0x2a3dS0x10b4	ADD
0x2a40S0x10b4	CONST
0x2a43S0x10b4	CONST
0x2a45S0x10b4	ADD
0x2a47S0x10b4	CONST
0x2a2aS0x2a38S0x10b4	CONST
0x2a2eS0x2a38S0x10b4	CONST
0x2325S0x2a29S0x2a38S0x10b4	CONST
0x2327S0x2a29S0x2a38S0x10b4	ISZERO
0x2328S0x2a29S0x2a38S0x10b4	ISZERO
0x3040S0x118c	CONST
0x3041S0x118c	CONST
0x3044S0x118c	ADD
0x3049S0x118c	SUB
0x304aS0x118c	CONST
0x304cS0x118c	ADD
0x304eS0x118c	CONST
0x3052S0x118c	CONST
0x3059S0x118c	CONST
0x305cS0x118c	CONST
0x305fS0x118c	ADD
0x3061S0x118c	CONST
0x2f60S0x303fS0x118c	CONST
0x2f64S0x303fS0x118c	CONST
0x2f69S0x303fS0x118c	CONST
0x2f6cS0x303fS0x118c	ADD
0x2f2aS0x303fS0x118c	CONST
0x2f4bS0x303fS0x118c	CONST
0x2f4dS0x303fS0x118c	ADD
0x2f52S0x303fS0x118c	CONST
0x2f53S0x303fS0x118c	CONST
0x2f56S0x303fS0x118c	CONST
0x2f59S0x303fS0x118c	CONST
0x26e0S0x2f51S0x303fS0x118c	CONST
0x26e4S0x2f51S0x303fS0x118c	CONST
0x26e7S0x2f51S0x303fS0x118c	ADD
0x2a2aS0x3056S0x118c	CONST
0x2a2eS0x3056S0x118c	CONST
0x2325S0x2a29S0x3056S0x118c	CONST
0x2327S0x2a29S0x3056S0x118c	ISZERO
0x2328S0x2a29S0x3056S0x118c	ISZERO
0x2a39S0x14aa	CONST
0x2a3aS0x14aa	CONST
0x2a3dS0x14aa	ADD
0x2a40S0x14aa	CONST
0x2a43S0x14aa	CONST
0x2a45S0x14aa	ADD
0x2a47S0x14aa	CONST
0x2a2aS0x2a38S0x14aa	CONST
0x2a2eS0x2a38S0x14aa	CONST
0x2325S0x2a29S0x2a38S0x14aa	CONST
0x2327S0x2a29S0x2a38S0x14aa	ISZERO
0x2328S0x2a29S0x2a38S0x14aa	ISZERO
0x312cS0x128c	CONST
0x312dS0x128c	CONST
0x3130S0x128c	ADD
0x3135S0x128c	SUB
0x3136S0x128c	CONST
0x3138S0x128c	ADD
0x313aS0x128c	CONST
0x313eS0x128c	CONST
0x3147S0x128c	SUB
0x3148S0x128c	CONST
0x314bS0x128c	ADD
0x314dS0x128c	CONST
0x3152S0x128c	CONST
0x3118S0x312bS0x128c	CONST
0x311cS0x312bS0x128c	CONST
0x3121S0x312bS0x128c	CONST
0x3124S0x312bS0x128c	ADD
0x30e2S0x312bS0x128c	CONST
0x3103S0x312bS0x128c	CONST
0x3105S0x312bS0x128c	ADD
0x310aS0x312bS0x128c	CONST
0x310bS0x312bS0x128c	CONST
0x310eS0x312bS0x128c	CONST
0x3111S0x312bS0x128c	CONST
0x26e0S0x3109S0x312bS0x128c	CONST
0x26e4S0x3109S0x312bS0x128c	CONST
0x26e7S0x3109S0x312bS0x128c	ADD
0x2c94S0x3142S0x128c	CONST
0x2c97S0x3142S0x128c	ADD
0x2c7bS0x3142S0x128c	LT
0x2c7cS0x3142S0x128c	ISZERO
0x2c7dS0x3142S0x128c	CONST
0x2c78_0x0S0x3142S0x128c	PHI
0x2ca9S0x3142S0x128c	CONST
0x2caeS0x3142S0x128c	CONST
0x2c6dS0x3142S0x128c	CONST
0x2c6fS0x3142S0x128c	MLOAD
0x2cb5S0x3142S0x128c	CONST
0x2cbaS0x3142S0x128c	CONST
0x2cbdS0x3142S0x128c	ADD
0x2cbeS0x3142S0x128c	CONST
0x2cc3S0x3142S0x128c	CONST
0x2cc7S0x3142S0x128c	CONST
0x2c77S0x3142S0x128c	CONST
0x2ccdS0x3142S0x128c	ADD
0x2c9fS0x3142S0x128c	CONST
0x2ca0S0x3142S0x128c	CONST
0x2ca4S0x3142S0x128c	CONST
0x2c83S0x3142S0x128c	ADD
0x2c84S0x3142S0x128c	MLOAD
0x2c87S0x3142S0x128c	ADD
0x2c89S0x3142S0x128c	CONST
0x2c8cS0x3142S0x128c	ADD
0x2c8fS0x3142S0x128c	CONST
0x2c81_0x0S0x3142S0x128c	PHI
0x26e0S0x2ca8S0x3142S0x128c	CONST
0x26e4S0x2ca8S0x3142S0x128c	CONST
0x26e7S0x2ca8S0x3142S0x128c	ADD
0x2b26S0x2cc2S0x3142S0x128c	CONST
0x2b27S0x2cc2S0x3142S0x128c	CONST
0x2b29S0x2cc2S0x3142S0x128c	NOT
0x2b2aS0x2cc2S0x3142S0x128c	CONST
0x2b2dS0x2cc2S0x3142S0x128c	ADD
0x2b2eS0x2cc2S0x3142S0x128c	AND
0x315fS0x139e	CONST
0x3160S0x139e	CONST
0x3163S0x139e	ADD
0x3168S0x139e	SUB
0x3169S0x139e	CONST
0x316bS0x139e	ADD
0x316dS0x139e	CONST
0x3171S0x139e	CONST
0x317aS0x139e	SUB
0x317bS0x139e	CONST
0x317eS0x139e	ADD
0x3180S0x139e	CONST
0x3184S0x139e	CONST
0x3118S0x315eS0x139e	CONST
0x311cS0x315eS0x139e	CONST
0x3121S0x315eS0x139e	CONST
0x3124S0x315eS0x139e	ADD
0x30e2S0x315eS0x139e	CONST
0x3103S0x315eS0x139e	CONST
0x3105S0x315eS0x139e	ADD
0x310aS0x315eS0x139e	CONST
0x310bS0x315eS0x139e	CONST
0x310eS0x315eS0x139e	CONST
0x3111S0x315eS0x139e	CONST
0x26e0S0x3109S0x315eS0x139e	CONST
0x26e4S0x3109S0x315eS0x139e	CONST
0x26e7S0x3109S0x315eS0x139e	ADD
0x2d60S0x3175S0x139e	CONST
0x2d64S0x3175S0x139e	CONST
0x2d69S0x3175S0x139e	CONST
0x2d6cS0x3175S0x139e	ADD
0x2d2aS0x3175S0x139e	CONST
0x2d4bS0x3175S0x139e	CONST
0x2d4dS0x3175S0x139e	ADD
0x2d52S0x3175S0x139e	CONST
0x2d53S0x3175S0x139e	CONST
0x2d56S0x3175S0x139e	CONST
0x2d59S0x3175S0x139e	CONST
0x26e0S0x2d51S0x3175S0x139e	CONST
0x26e4S0x2d51S0x3175S0x139e	CONST
0x26e7S0x2d51S0x3175S0x139e	ADD
0x2a39S0x12bb	CONST
0x2a3aS0x12bb	CONST
0x2a3dS0x12bb	ADD
0x2a40S0x12bb	CONST
0x2a43S0x12bb	CONST
0x2a45S0x12bb	ADD
0x2a47S0x12bb	CONST
0x2a2aS0x2a38S0x12bb	CONST
0x2a2eS0x2a38S0x12bb	CONST
0x2325S0x2a29S0x2a38S0x12bb	CONST
0x2327S0x2a29S0x2a38S0x12bb	ISZERO
0x2328S0x2a29S0x2a38S0x12bb	ISZERO
0x2a39S0x1309	CONST
0x2a3aS0x1309	CONST
0x2a3dS0x1309	ADD
0x2a40S0x1309	CONST
0x2a43S0x1309	CONST
0x2a45S0x1309	ADD
0x2a47S0x1309	CONST
0x2a2aS0x2a38S0x1309	CONST
0x2a2eS0x2a38S0x1309	CONST
0x2325S0x2a29S0x2a38S0x1309	CONST
0x2327S0x2a29S0x2a38S0x1309	ISZERO
0x2328S0x2a29S0x2a38S0x1309	ISZERO
0x2d0aS0x1357	CONST
0x2d0bS0x1357	CONST
0x2d0eS0x1357	ADD
0x2d13S0x1357	SUB
0x2d14S0x1357	CONST
0x2d16S0x1357	ADD
0x2d18S0x1357	CONST
0x2d1dS0x1357	CONST
0x2c94S0x2d09S0x1357	CONST
0x2c97S0x2d09S0x1357	ADD
0x2c7bS0x2d09S0x1357	LT
0x2c7cS0x2d09S0x1357	ISZERO
0x2c7dS0x2d09S0x1357	CONST
0x2c78_0x0S0x2d09S0x1357	PHI
0x2ca9S0x2d09S0x1357	CONST
0x2caeS0x2d09S0x1357	CONST
0x2c6dS0x2d09S0x1357	CONST
0x2c6fS0x2d09S0x1357	MLOAD
0x2cb5S0x2d09S0x1357	CONST
0x2cbaS0x2d09S0x1357	CONST
0x2cbdS0x2d09S0x1357	ADD
0x2cbeS0x2d09S0x1357	CONST
0x2cc3S0x2d09S0x1357	CONST
0x2cc7S0x2d09S0x1357	CONST
0x2c77S0x2d09S0x1357	CONST
0x2ccdS0x2d09S0x1357	ADD
0x2c9fS0x2d09S0x1357	CONST
0x2ca0S0x2d09S0x1357	CONST
0x2ca4S0x2d09S0x1357	CONST
0x2c83S0x2d09S0x1357	ADD
0x2c84S0x2d09S0x1357	MLOAD
0x2c87S0x2d09S0x1357	ADD
0x2c89S0x2d09S0x1357	CONST
0x2c8cS0x2d09S0x1357	ADD
0x2c8fS0x2d09S0x1357	CONST
0x2c81_0x0S0x2d09S0x1357	PHI
0x26e0S0x2ca8S0x2d09S0x1357	CONST
0x26e4S0x2ca8S0x2d09S0x1357	CONST
0x26e7S0x2ca8S0x2d09S0x1357	ADD
0x2b26S0x2cc2S0x2d09S0x1357	CONST
0x2b27S0x2cc2S0x2d09S0x1357	CONST
0x2b29S0x2cc2S0x2d09S0x1357	NOT
0x2b2aS0x2cc2S0x2d09S0x1357	CONST
0x2b2dS0x2cc2S0x2d09S0x1357	ADD
0x2b2eS0x2cc2S0x2d09S0x1357	AND
0x2a39S0x13cb	CONST
0x2a3aS0x13cb	CONST
0x2a3dS0x13cb	ADD
0x2a40S0x13cb	CONST
0x2a43S0x13cb	CONST
0x2a45S0x13cb	ADD
0x2a47S0x13cb	CONST
0x2a2aS0x2a38S0x13cb	CONST
0x2a2eS0x2a38S0x13cb	CONST
0x2325S0x2a29S0x2a38S0x13cb	CONST
0x2327S0x2a29S0x2a38S0x13cb	ISZERO
0x2328S0x2a29S0x2a38S0x13cb	ISZERO
0x2a39S0x1419	CONST
0x2a3aS0x1419	CONST
0x2a3dS0x1419	ADD
0x2a40S0x1419	CONST
0x2a43S0x1419	CONST
0x2a45S0x1419	ADD
0x2a47S0x1419	CONST
0x2a2aS0x2a38S0x1419	CONST
0x2a2eS0x2a38S0x1419	CONST
0x2325S0x2a29S0x2a38S0x1419	CONST
0x2327S0x2a29S0x2a38S0x1419	ISZERO
0x2328S0x2a29S0x2a38S0x1419	ISZERO
0x321eS0x14f1	CONST
0x321fS0x14f1	CONST
0x3222S0x14f1	ADD
0x3227S0x14f1	SUB
0x3228S0x14f1	CONST
0x322aS0x14f1	ADD
0x322cS0x14f1	CONST
0x3230S0x14f1	CONST
0x3237S0x14f1	CONST
0x323aS0x14f1	CONST
0x323dS0x14f1	ADD
0x323fS0x14f1	CONST
0x3118S0x321dS0x14f1	CONST
0x311cS0x321dS0x14f1	CONST
0x3121S0x321dS0x14f1	CONST
0x3124S0x321dS0x14f1	ADD
0x30e2S0x321dS0x14f1	CONST
0x3103S0x321dS0x14f1	CONST
0x3105S0x321dS0x14f1	ADD
0x310aS0x321dS0x14f1	CONST
0x310bS0x321dS0x14f1	CONST
0x310eS0x321dS0x14f1	CONST
0x3111S0x321dS0x14f1	CONST
0x26e0S0x3109S0x321dS0x14f1	CONST
0x26e4S0x3109S0x321dS0x14f1	CONST
0x26e7S0x3109S0x321dS0x14f1	ADD
0x2a2aS0x3234S0x14f1	CONST
0x2a2eS0x3234S0x14f1	CONST
0x2325S0x2a29S0x3234S0x14f1	CONST
0x2327S0x2a29S0x3234S0x14f1	ISZERO
0x2328S0x2a29S0x3234S0x14f1	ISZERO
0x2a39S0x180f	CONST
0x2a3aS0x180f	CONST
0x2a3dS0x180f	ADD
0x2a40S0x180f	CONST
0x2a43S0x180f	CONST
0x2a45S0x180f	ADD
0x2a47S0x180f	CONST
0x2a2aS0x2a38S0x180f	CONST
0x2a2eS0x2a38S0x180f	CONST
0x2325S0x2a29S0x2a38S0x180f	CONST
0x2327S0x2a29S0x2a38S0x180f	ISZERO
0x2328S0x2a29S0x2a38S0x180f	ISZERO
0x330aS0x15f1	CONST
0x330bS0x15f1	CONST
0x330eS0x15f1	ADD
0x3313S0x15f1	SUB
0x3314S0x15f1	CONST
0x3316S0x15f1	ADD
0x3318S0x15f1	CONST
0x331cS0x15f1	CONST
0x3325S0x15f1	SUB
0x3326S0x15f1	CONST
0x3329S0x15f1	ADD
0x332bS0x15f1	CONST
0x3330S0x15f1	CONST
0x32f6S0x3309S0x15f1	CONST
0x32faS0x3309S0x15f1	CONST
0x32ffS0x3309S0x15f1	CONST
0x3302S0x3309S0x15f1	ADD
0x32c0S0x3309S0x15f1	CONST
0x32e1S0x3309S0x15f1	CONST
0x32e3S0x3309S0x15f1	ADD
0x32e8S0x3309S0x15f1	CONST
0x32e9S0x3309S0x15f1	CONST
0x32ecS0x3309S0x15f1	CONST
0x32efS0x3309S0x15f1	CONST
0x26e0S0x32e7S0x3309S0x15f1	CONST
0x26e4S0x32e7S0x3309S0x15f1	CONST
0x26e7S0x32e7S0x3309S0x15f1	ADD
0x2c94S0x3320S0x15f1	CONST
0x2c97S0x3320S0x15f1	ADD
0x2c7bS0x3320S0x15f1	LT
0x2c7cS0x3320S0x15f1	ISZERO
0x2c7dS0x3320S0x15f1	CONST
0x2c78_0x0S0x3320S0x15f1	PHI
0x2ca9S0x3320S0x15f1	CONST
0x2caeS0x3320S0x15f1	CONST
0x2c6dS0x3320S0x15f1	CONST
0x2c6fS0x3320S0x15f1	MLOAD
0x2cb5S0x3320S0x15f1	CONST
0x2cbaS0x3320S0x15f1	CONST
0x2cbdS0x3320S0x15f1	ADD
0x2cbeS0x3320S0x15f1	CONST
0x2cc3S0x3320S0x15f1	CONST
0x2cc7S0x3320S0x15f1	CONST
0x2c77S0x3320S0x15f1	CONST
0x2ccdS0x3320S0x15f1	ADD
0x2c9fS0x3320S0x15f1	CONST
0x2ca0S0x3320S0x15f1	CONST
0x2ca4S0x3320S0x15f1	CONST
0x2c83S0x3320S0x15f1	ADD
0x2c84S0x3320S0x15f1	MLOAD
0x2c87S0x3320S0x15f1	ADD
0x2c89S0x3320S0x15f1	CONST
0x2c8cS0x3320S0x15f1	ADD
0x2c8fS0x3320S0x15f1	CONST
0x2c81_0x0S0x3320S0x15f1	PHI
0x26e0S0x2ca8S0x3320S0x15f1	CONST
0x26e4S0x2ca8S0x3320S0x15f1	CONST
0x26e7S0x2ca8S0x3320S0x15f1	ADD
0x2b26S0x2cc2S0x3320S0x15f1	CONST
0x2b27S0x2cc2S0x3320S0x15f1	CONST
0x2b29S0x2cc2S0x3320S0x15f1	NOT
0x2b2aS0x2cc2S0x3320S0x15f1	CONST
0x2b2dS0x2cc2S0x3320S0x15f1	ADD
0x2b2eS0x2cc2S0x3320S0x15f1	AND
0x333dS0x1703	CONST
0x333eS0x1703	CONST
0x3341S0x1703	ADD
0x3346S0x1703	SUB
0x3347S0x1703	CONST
0x3349S0x1703	ADD
0x334bS0x1703	CONST
0x334fS0x1703	CONST
0x3358S0x1703	SUB
0x3359S0x1703	CONST
0x335cS0x1703	ADD
0x335eS0x1703	CONST
0x3362S0x1703	CONST
0x32f6S0x333cS0x1703	CONST
0x32faS0x333cS0x1703	CONST
0x32ffS0x333cS0x1703	CONST
0x3302S0x333cS0x1703	ADD
0x32c0S0x333cS0x1703	CONST
0x32e1S0x333cS0x1703	CONST
0x32e3S0x333cS0x1703	ADD
0x32e8S0x333cS0x1703	CONST
0x32e9S0x333cS0x1703	CONST
0x32ecS0x333cS0x1703	CONST
0x32efS0x333cS0x1703	CONST
0x26e0S0x32e7S0x333cS0x1703	CONST
0x26e4S0x32e7S0x333cS0x1703	CONST
0x26e7S0x32e7S0x333cS0x1703	ADD
0x2d60S0x3353S0x1703	CONST
0x2d64S0x3353S0x1703	CONST
0x2d69S0x3353S0x1703	CONST
0x2d6cS0x3353S0x1703	ADD
0x2d2aS0x3353S0x1703	CONST
0x2d4bS0x3353S0x1703	CONST
0x2d4dS0x3353S0x1703	ADD
0x2d52S0x3353S0x1703	CONST
0x2d53S0x3353S0x1703	CONST
0x2d56S0x3353S0x1703	CONST
0x2d59S0x3353S0x1703	CONST
0x26e0S0x2d51S0x3353S0x1703	CONST
0x26e4S0x2d51S0x3353S0x1703	CONST
0x26e7S0x2d51S0x3353S0x1703	ADD
0x2a39S0x1620	CONST
0x2a3aS0x1620	CONST
0x2a3dS0x1620	ADD
0x2a40S0x1620	CONST
0x2a43S0x1620	CONST
0x2a45S0x1620	ADD
0x2a47S0x1620	CONST
0x2a2aS0x2a38S0x1620	CONST
0x2a2eS0x2a38S0x1620	CONST
0x2325S0x2a29S0x2a38S0x1620	CONST
0x2327S0x2a29S0x2a38S0x1620	ISZERO
0x2328S0x2a29S0x2a38S0x1620	ISZERO
0x2a39S0x166e	CONST
0x2a3aS0x166e	CONST
0x2a3dS0x166e	ADD
0x2a40S0x166e	CONST
0x2a43S0x166e	CONST
0x2a45S0x166e	ADD
0x2a47S0x166e	CONST
0x2a2aS0x2a38S0x166e	CONST
0x2a2eS0x2a38S0x166e	CONST
0x2325S0x2a29S0x2a38S0x166e	CONST
0x2327S0x2a29S0x2a38S0x166e	ISZERO
0x2328S0x2a29S0x2a38S0x166e	ISZERO
0x2d0aS0x16bc	CONST
0x2d0bS0x16bc	CONST
0x2d0eS0x16bc	ADD
0x2d13S0x16bc	SUB
0x2d14S0x16bc	CONST
0x2d16S0x16bc	ADD
0x2d18S0x16bc	CONST
0x2d1dS0x16bc	CONST
0x2c94S0x2d09S0x16bc	CONST
0x2c97S0x2d09S0x16bc	ADD
0x2c7bS0x2d09S0x16bc	LT
0x2c7cS0x2d09S0x16bc	ISZERO
0x2c7dS0x2d09S0x16bc	CONST
0x2c78_0x0S0x2d09S0x16bc	PHI
0x2ca9S0x2d09S0x16bc	CONST
0x2caeS0x2d09S0x16bc	CONST
0x2c6dS0x2d09S0x16bc	CONST
0x2c6fS0x2d09S0x16bc	MLOAD
0x2cb5S0x2d09S0x16bc	CONST
0x2cbaS0x2d09S0x16bc	CONST
0x2cbdS0x2d09S0x16bc	ADD
0x2cbeS0x2d09S0x16bc	CONST
0x2cc3S0x2d09S0x16bc	CONST
0x2cc7S0x2d09S0x16bc	CONST
0x2c77S0x2d09S0x16bc	CONST
0x2ccdS0x2d09S0x16bc	ADD
0x2c9fS0x2d09S0x16bc	CONST
0x2ca0S0x2d09S0x16bc	CONST
0x2ca4S0x2d09S0x16bc	CONST
0x2c83S0x2d09S0x16bc	ADD
0x2c84S0x2d09S0x16bc	MLOAD
0x2c87S0x2d09S0x16bc	ADD
0x2c89S0x2d09S0x16bc	CONST
0x2c8cS0x2d09S0x16bc	ADD
0x2c8fS0x2d09S0x16bc	CONST
0x2c81_0x0S0x2d09S0x16bc	PHI
0x26e0S0x2ca8S0x2d09S0x16bc	CONST
0x26e4S0x2ca8S0x2d09S0x16bc	CONST
0x26e7S0x2ca8S0x2d09S0x16bc	ADD
0x2b26S0x2cc2S0x2d09S0x16bc	CONST
0x2b27S0x2cc2S0x2d09S0x16bc	CONST
0x2b29S0x2cc2S0x2d09S0x16bc	NOT
0x2b2aS0x2cc2S0x2d09S0x16bc	CONST
0x2b2dS0x2cc2S0x2d09S0x16bc	ADD
0x2b2eS0x2cc2S0x2d09S0x16bc	AND
0x2a39S0x1730	CONST
0x2a3aS0x1730	CONST
0x2a3dS0x1730	ADD
0x2a40S0x1730	CONST
0x2a43S0x1730	CONST
0x2a45S0x1730	ADD
0x2a47S0x1730	CONST
0x2a2aS0x2a38S0x1730	CONST
0x2a2eS0x2a38S0x1730	CONST
0x2325S0x2a29S0x2a38S0x1730	CONST
0x2327S0x2a29S0x2a38S0x1730	ISZERO
0x2328S0x2a29S0x2a38S0x1730	ISZERO
0x2a39S0x177e	CONST
0x2a3aS0x177e	CONST
0x2a3dS0x177e	ADD
0x2a40S0x177e	CONST
0x2a43S0x177e	CONST
0x2a45S0x177e	ADD
0x2a47S0x177e	CONST
0x2a2aS0x2a38S0x177e	CONST
0x2a2eS0x2a38S0x177e	CONST
0x2325S0x2a29S0x2a38S0x177e	CONST
0x2327S0x2a29S0x2a38S0x177e	ISZERO
0x2328S0x2a29S0x2a38S0x177e	ISZERO
0x33fcS0x1856	CONST
0x33fdS0x1856	CONST
0x3400S0x1856	ADD
0x3405S0x1856	SUB
0x3406S0x1856	CONST
0x3408S0x1856	ADD
0x340aS0x1856	CONST
0x340eS0x1856	CONST
0x3415S0x1856	CONST
0x3418S0x1856	CONST
0x341bS0x1856	ADD
0x341dS0x1856	CONST
0x32f6S0x33fbS0x1856	CONST
0x32faS0x33fbS0x1856	CONST
0x32ffS0x33fbS0x1856	CONST
0x3302S0x33fbS0x1856	ADD
0x32c0S0x33fbS0x1856	CONST
0x32e1S0x33fbS0x1856	CONST
0x32e3S0x33fbS0x1856	ADD
0x32e8S0x33fbS0x1856	CONST
0x32e9S0x33fbS0x1856	CONST
0x32ecS0x33fbS0x1856	CONST
0x32efS0x33fbS0x1856	CONST
0x26e0S0x32e7S0x33fbS0x1856	CONST
0x26e4S0x32e7S0x33fbS0x1856	CONST
0x26e7S0x32e7S0x33fbS0x1856	ADD
0x2a2aS0x3412S0x1856	CONST
0x2a2eS0x3412S0x1856	CONST
0x2325S0x2a29S0x3412S0x1856	CONST
0x2327S0x2a29S0x3412S0x1856	ISZERO
0x2328S0x2a29S0x3412S0x1856	ISZERO
0x24caS0x18ec	CONST
0x24cdS0x18ec	CONST
0x24beS0x18ec	CONST
0x24bfS0x18ec	CONST
0x24c3S0x18ec	SUB
0x24c4S0x18ec	SLT
0x24c5S0x18ec	ISZERO
0x24c6S0x18ec	CONST
0x24d3S0x18ec	CONST
0x24d4S0x18ec	CONST
0x24daS0x18ec	ADD
0x24dbS0x18ec	CONST
0x73fcS0x18ec	CONST
0x24aaS0x24d2S0x18ec	CONST
0x24acS0x24d2S0x18ec	MLOAD
0x24afS0x24d2S0x18ec	CONST
0x24b3S0x24d2S0x18ec	CONST
0x2246S0x24a9B0x24d2S0x18ec	CONST
0x2241S0x24a9B0x24d2S0x18ec	EQ
0x2242S0x24a9B0x24d2S0x18ec	CONST
0x2237S0x24a9B0x24d2S0x18ec	CONST
0x223bS0x24a9B0x24d2S0x18ec	CONST
0x222eS0x2236S0x24a9B0x24d2S0x18ec	CONST
0x3472S0x1910	CONST
0x3473S0x1910	CONST
0x3476S0x1910	ADD
0x347bS0x1910	SUB
0x347cS0x1910	CONST
0x347eS0x1910	ADD
0x3480S0x1910	CONST
0x3484S0x1910	CONST
0x345eS0x1910	CONST
0x3462S0x1910	CONST
0x3467S0x1910	CONST
0x346aS0x1910	ADD
0x3428S0x1910	CONST
0x3449S0x1910	CONST
0x344bS0x1910	ADD
0x348bS0x1910	CONST
0x348eS0x1910	CONST
0x3491S0x1910	ADD
0x3493S0x1910	CONST
0x3450S0x1910	CONST
0x3451S0x1910	CONST
0x3454S0x1910	CONST
0x3457S0x1910	CONST
0x26e0S0x344fS0x1910	CONST
0x26e4S0x344fS0x1910	CONST
0x26e7S0x344fS0x1910	ADD
0x22fdS0x3488S0x1910	CONST
0x2301S0x3488S0x1910	CONST
0x222eS0x22fcS0x3488S0x1910	CONST
0x37d2S0x1d1a	CONST
0x37d3S0x1d1a	CONST
0x37d6S0x1d1a	ADD
0x37dbS0x1d1a	SUB
0x37dcS0x1d1a	CONST
0x37deS0x1d1a	ADD
0x37e0S0x1d1a	CONST
0x37e4S0x1d1a	CONST
0x37beS0x1d1a	CONST
0x37c2S0x1d1a	CONST
0x37c7S0x1d1a	CONST
0x37caS0x1d1a	ADD
0x3788S0x1d1a	CONST
0x37a9S0x1d1a	CONST
0x37abS0x1d1a	ADD
0x37ebS0x1d1a	CONST
0x37eeS0x1d1a	CONST
0x37f1S0x1d1a	ADD
0x37f3S0x1d1a	CONST
0x37b0S0x1d1a	CONST
0x37b1S0x1d1a	CONST
0x37b4S0x1d1a	CONST
0x37b7S0x1d1a	CONST
0x26e0S0x37afS0x1d1a	CONST
0x26e4S0x37afS0x1d1a	CONST
0x26e7S0x37afS0x1d1a	ADD
0x2a2aS0x37e8S0x1d1a	CONST
0x2a2eS0x37e8S0x1d1a	CONST
0x2325S0x2a29S0x37e8S0x1d1a	CONST
0x2327S0x2a29S0x37e8S0x1d1a	ISZERO
0x2328S0x2a29S0x37e8S0x1d1a	ISZERO
0x36b1S0x1c52	CONST
0x36b2S0x1c52	CONST
0x36b5S0x1c52	ADD
0x36b8S0x1c52	CONST
0x36bbS0x1c52	CONST
0x36bdS0x1c52	ADD
0x36bfS0x1c52	CONST
0x36c4S0x1c52	CONST
0x36c7S0x1c52	CONST
0x36caS0x1c52	ADD
0x36ccS0x1c52	CONST
0x36d1S0x1c52	CONST
0x36d4S0x1c52	CONST
0x36d7S0x1c52	ADD
0x36d9S0x1c52	CONST
0x22fdS0x36b0S0x1c52	CONST
0x2301S0x36b0S0x1c52	CONST
0x222eS0x22fcS0x36b0S0x1c52	CONST
0x22fdS0x36c3S0x1c52	CONST
0x2301S0x36c3S0x1c52	CONST
0x222eS0x22fcS0x36c3S0x1c52	CONST
0x2a2aS0x36d0S0x1c52	CONST
0x2a2eS0x36d0S0x1c52	CONST
0x2325S0x2a29S0x36d0S0x1c52	CONST
0x2327S0x2a29S0x36d0S0x1c52	ISZERO
0x2328S0x2a29S0x36d0S0x1c52	ISZERO
0x35b0S0x1a2c	CONST
0x35b1S0x1a2c	CONST
0x35b4S0x1a2c	ADD
0x35b9S0x1a2c	SUB
0x35baS0x1a2c	CONST
0x35bcS0x1a2c	ADD
0x35beS0x1a2c	CONST
0x35c2S0x1a2c	CONST
0x35cbS0x1a2c	SUB
0x35ccS0x1a2c	CONST
0x35cfS0x1a2c	ADD
0x35d1S0x1a2c	CONST
0x35d6S0x1a2c	CONST
0x359cS0x35afS0x1a2c	CONST
0x35a0S0x35afS0x1a2c	CONST
0x35a5S0x35afS0x1a2c	CONST
0x35a8S0x35afS0x1a2c	ADD
0x3566S0x35afS0x1a2c	CONST
0x3587S0x35afS0x1a2c	CONST
0x3589S0x35afS0x1a2c	ADD
0x358eS0x35afS0x1a2c	CONST
0x358fS0x35afS0x1a2c	CONST
0x3592S0x35afS0x1a2c	CONST
0x3595S0x35afS0x1a2c	CONST
0x26e0S0x358dS0x35afS0x1a2c	CONST
0x26e4S0x358dS0x35afS0x1a2c	CONST
0x26e7S0x358dS0x35afS0x1a2c	ADD
0x2c94S0x35c6S0x1a2c	CONST
0x2c97S0x35c6S0x1a2c	ADD
0x2c7bS0x35c6S0x1a2c	LT
0x2c7cS0x35c6S0x1a2c	ISZERO
0x2c7dS0x35c6S0x1a2c	CONST
0x2c78_0x0S0x35c6S0x1a2c	PHI
0x2ca9S0x35c6S0x1a2c	CONST
0x2caeS0x35c6S0x1a2c	CONST
0x2c6dS0x35c6S0x1a2c	CONST
0x2c6fS0x35c6S0x1a2c	MLOAD
0x2cb5S0x35c6S0x1a2c	CONST
0x2cbaS0x35c6S0x1a2c	CONST
0x2cbdS0x35c6S0x1a2c	ADD
0x2cbeS0x35c6S0x1a2c	CONST
0x2cc3S0x35c6S0x1a2c	CONST
0x2cc7S0x35c6S0x1a2c	CONST
0x2c77S0x35c6S0x1a2c	CONST
0x2ccdS0x35c6S0x1a2c	ADD
0x2c9fS0x35c6S0x1a2c	CONST
0x2ca0S0x35c6S0x1a2c	CONST
0x2ca4S0x35c6S0x1a2c	CONST
0x2c83S0x35c6S0x1a2c	ADD
0x2c84S0x35c6S0x1a2c	MLOAD
0x2c87S0x35c6S0x1a2c	ADD
0x2c89S0x35c6S0x1a2c	CONST
0x2c8cS0x35c6S0x1a2c	ADD
0x2c8fS0x35c6S0x1a2c	CONST
0x2c81_0x0S0x35c6S0x1a2c	PHI
0x26e0S0x2ca8S0x35c6S0x1a2c	CONST
0x26e4S0x2ca8S0x35c6S0x1a2c	CONST
0x26e7S0x2ca8S0x35c6S0x1a2c	ADD
0x2b26S0x2cc2S0x35c6S0x1a2c	CONST
0x2b27S0x2cc2S0x35c6S0x1a2c	CONST
0x2b29S0x2cc2S0x35c6S0x1a2c	NOT
0x2b2aS0x2cc2S0x35c6S0x1a2c	CONST
0x2b2dS0x2cc2S0x35c6S0x1a2c	ADD
0x2b2eS0x2cc2S0x35c6S0x1a2c	AND
0x3618S0x1b42	CONST
0x3619S0x1b42	CONST
0x361cS0x1b42	ADD
0x3621S0x1b42	SUB
0x3622S0x1b42	CONST
0x3624S0x1b42	ADD
0x3626S0x1b42	CONST
0x362aS0x1b42	CONST
0x3633S0x1b42	SUB
0x3634S0x1b42	CONST
0x3637S0x1b42	ADD
0x3639S0x1b42	CONST
0x363dS0x1b42	CONST
0x359cS0x3617S0x1b42	CONST
0x35a0S0x3617S0x1b42	CONST
0x35a5S0x3617S0x1b42	CONST
0x35a8S0x3617S0x1b42	ADD
0x3566S0x3617S0x1b42	CONST
0x3587S0x3617S0x1b42	CONST
0x3589S0x3617S0x1b42	ADD
0x358eS0x3617S0x1b42	CONST
0x358fS0x3617S0x1b42	CONST
0x3592S0x3617S0x1b42	CONST
0x3595S0x3617S0x1b42	CONST
0x26e0S0x358dS0x3617S0x1b42	CONST
0x26e4S0x358dS0x3617S0x1b42	CONST
0x26e7S0x358dS0x3617S0x1b42	ADD
0x2d60S0x362eS0x1b42	CONST
0x2d64S0x362eS0x1b42	CONST
0x2d69S0x362eS0x1b42	CONST
0x2d6cS0x362eS0x1b42	ADD
0x2d2aS0x362eS0x1b42	CONST
0x2d4bS0x362eS0x1b42	CONST
0x2d4dS0x362eS0x1b42	ADD
0x2d52S0x362eS0x1b42	CONST
0x2d53S0x362eS0x1b42	CONST
0x2d56S0x362eS0x1b42	CONST
0x2d59S0x362eS0x1b42	CONST
0x26e0S0x2d51S0x362eS0x1b42	CONST
0x26e4S0x2d51S0x362eS0x1b42	CONST
0x26e7S0x2d51S0x362eS0x1b42	ADD
0x2a39S0x1aad	CONST
0x2a3aS0x1aad	CONST
0x2a3dS0x1aad	ADD
0x2a40S0x1aad	CONST
0x2a43S0x1aad	CONST
0x2a45S0x1aad	ADD
0x2a47S0x1aad	CONST
0x2a2aS0x2a38S0x1aad	CONST
0x2a2eS0x2a38S0x1aad	CONST
0x2325S0x2a29S0x2a38S0x1aad	CONST
0x2327S0x2a29S0x2a38S0x1aad	ISZERO
0x2328S0x2a29S0x2a38S0x1aad	ISZERO
0x2d0aS0x1afb	CONST
0x2d0bS0x1afb	CONST
0x2d0eS0x1afb	ADD
0x2d13S0x1afb	SUB
0x2d14S0x1afb	CONST
0x2d16S0x1afb	ADD
0x2d18S0x1afb	CONST
0x2d1dS0x1afb	CONST
0x2c94S0x2d09S0x1afb	CONST
0x2c97S0x2d09S0x1afb	ADD
0x2c7bS0x2d09S0x1afb	LT
0x2c7cS0x2d09S0x1afb	ISZERO
0x2c7dS0x2d09S0x1afb	CONST
0x2c78_0x0S0x2d09S0x1afb	PHI
0x2ca9S0x2d09S0x1afb	CONST
0x2caeS0x2d09S0x1afb	CONST
0x2c6dS0x2d09S0x1afb	CONST
0x2c6fS0x2d09S0x1afb	MLOAD
0x2cb5S0x2d09S0x1afb	CONST
0x2cbaS0x2d09S0x1afb	CONST
0x2cbdS0x2d09S0x1afb	ADD
0x2cbeS0x2d09S0x1afb	CONST
0x2cc3S0x2d09S0x1afb	CONST
0x2cc7S0x2d09S0x1afb	CONST
0x2c77S0x2d09S0x1afb	CONST
0x2ccdS0x2d09S0x1afb	ADD
0x2c9fS0x2d09S0x1afb	CONST
0x2ca0S0x2d09S0x1afb	CONST
0x2ca4S0x2d09S0x1afb	CONST
0x2c83S0x2d09S0x1afb	ADD
0x2c84S0x2d09S0x1afb	MLOAD
0x2c87S0x2d09S0x1afb	ADD
0x2c89S0x2d09S0x1afb	CONST
0x2c8cS0x2d09S0x1afb	ADD
0x2c8fS0x2d09S0x1afb	CONST
0x2c81_0x0S0x2d09S0x1afb	PHI
0x26e0S0x2ca8S0x2d09S0x1afb	CONST
0x26e4S0x2ca8S0x2d09S0x1afb	CONST
0x26e7S0x2ca8S0x2d09S0x1afb	ADD
0x2b26S0x2cc2S0x2d09S0x1afb	CONST
0x2b27S0x2cc2S0x2d09S0x1afb	CONST
0x2b29S0x2cc2S0x2d09S0x1afb	NOT
0x2b2aS0x2cc2S0x2d09S0x1afb	CONST
0x2b2dS0x2cc2S0x2d09S0x1afb	ADD
0x2b2eS0x2cc2S0x2d09S0x1afb	AND
0x2a39S0x1bc1	CONST
0x2a3aS0x1bc1	CONST
0x2a3dS0x1bc1	ADD
0x2a40S0x1bc1	CONST
0x2a43S0x1bc1	CONST
0x2a45S0x1bc1	ADD
0x2a47S0x1bc1	CONST
0x2a2aS0x2a38S0x1bc1	CONST
0x2a2eS0x2a38S0x1bc1	CONST
0x2325S0x2a29S0x2a38S0x1bc1	CONST
0x2327S0x2a29S0x2a38S0x1bc1	ISZERO
0x2328S0x2a29S0x2a38S0x1bc1	ISZERO
0x36e6S0x1c9d	CONST
0x36e7S0x1c9d	CONST
0x36eaS0x1c9d	ADD
0x36efS0x1c9d	SUB
0x36f0S0x1c9d	CONST
0x36f2S0x1c9d	ADD
0x36f4S0x1c9d	CONST
0x36f8S0x1c9d	CONST
0x36ffS0x1c9d	CONST
0x3702S0x1c9d	CONST
0x3705S0x1c9d	ADD
0x3707S0x1c9d	CONST
0x359cS0x36e5S0x1c9d	CONST
0x35a0S0x36e5S0x1c9d	CONST
0x35a5S0x36e5S0x1c9d	CONST
0x35a8S0x36e5S0x1c9d	ADD
0x3566S0x36e5S0x1c9d	CONST
0x3587S0x36e5S0x1c9d	CONST
0x3589S0x36e5S0x1c9d	ADD
0x358eS0x36e5S0x1c9d	CONST
0x358fS0x36e5S0x1c9d	CONST
0x3592S0x36e5S0x1c9d	CONST
0x3595S0x36e5S0x1c9d	CONST
0x26e0S0x358dS0x36e5S0x1c9d	CONST
0x26e4S0x358dS0x36e5S0x1c9d	CONST
0x26e7S0x358dS0x36e5S0x1c9d	ADD
0x2a2aS0x36fcS0x1c9d	CONST
0x2a2eS0x36fcS0x1c9d	CONST
0x2325S0x2a29S0x36fcS0x1c9d	CONST
0x2327S0x2a29S0x36fcS0x1c9d	ISZERO
0x2328S0x2a29S0x36fcS0x1c9d	ISZERO
0x375cS0x1cd5	CONST
0x375dS0x1cd5	CONST
0x3760S0x1cd5	ADD
0x3765S0x1cd5	SUB
0x3766S0x1cd5	CONST
0x3768S0x1cd5	ADD
0x376aS0x1cd5	CONST
0x376eS0x1cd5	CONST
0x3748S0x1cd5	CONST
0x374cS0x1cd5	CONST
0x3751S0x1cd5	CONST
0x3754S0x1cd5	ADD
0x3712S0x1cd5	CONST
0x3733S0x1cd5	CONST
0x3735S0x1cd5	ADD
0x3775S0x1cd5	CONST
0x3778S0x1cd5	CONST
0x377bS0x1cd5	ADD
0x377dS0x1cd5	CONST
0x373aS0x1cd5	CONST
0x373bS0x1cd5	CONST
0x373eS0x1cd5	CONST
0x3741S0x1cd5	CONST
0x26e0S0x3739S0x1cd5	CONST
0x26e4S0x3739S0x1cd5	CONST
0x26e7S0x3739S0x1cd5	ADD
0x22fdS0x3772S0x1cd5	CONST
0x2301S0x3772S0x1cd5	CONST
0x222eS0x22fcS0x3772S0x1cd5	CONST
0x2a39S0x20b4	CONST
0x2a3aS0x20b4	CONST
0x2a3dS0x20b4	ADD
0x2a40S0x20b4	CONST
0x2a43S0x20b4	CONST
0x2a45S0x20b4	ADD
0x2a47S0x20b4	CONST
0x2a2aS0x2a38S0x20b4	CONST
0x2a2eS0x2a38S0x20b4	CONST
0x2325S0x2a29S0x2a38S0x20b4	CONST
0x2327S0x2a29S0x2a38S0x20b4	ISZERO
0x2328S0x2a29S0x2a38S0x20b4	ISZERO
0x387bS0x2029	CONST
0x387cS0x2029	CONST
0x387fS0x2029	ADD
0x3882S0x2029	CONST
0x3885S0x2029	CONST
0x3887S0x2029	ADD
0x3889S0x2029	CONST
0x388eS0x2029	CONST
0x3891S0x2029	CONST
0x3894S0x2029	ADD
0x3896S0x2029	CONST
0x22fdS0x387aS0x2029	CONST
0x2301S0x387aS0x2029	CONST
0x222eS0x22fcS0x387aS0x2029	CONST
0x2a2aS0x388dS0x2029	CONST
0x2a2eS0x388dS0x2029	CONST
0x2325S0x2a29S0x388dS0x2029	CONST
0x2327S0x2a29S0x388dS0x2029	ISZERO
0x2328S0x2a29S0x388dS0x2029	ISZERO
0x3848S0x1e07	CONST
0x3849S0x1e07	CONST
0x384cS0x1e07	ADD
0x3851S0x1e07	SUB
0x3852S0x1e07	CONST
0x3854S0x1e07	ADD
0x3856S0x1e07	CONST
0x385aS0x1e07	CONST
0x3863S0x1e07	SUB
0x3864S0x1e07	CONST
0x3867S0x1e07	ADD
0x3869S0x1e07	CONST
0x386eS0x1e07	CONST
0x3834S0x3847S0x1e07	CONST
0x3838S0x3847S0x1e07	CONST
0x383dS0x3847S0x1e07	CONST
0x3840S0x3847S0x1e07	ADD
0x37feS0x3847S0x1e07	CONST
0x381fS0x3847S0x1e07	CONST
0x3821S0x3847S0x1e07	ADD
0x3826S0x3847S0x1e07	CONST
0x3827S0x3847S0x1e07	CONST
0x382aS0x3847S0x1e07	CONST
0x382dS0x3847S0x1e07	CONST
0x26e0S0x3825S0x3847S0x1e07	CONST
0x26e4S0x3825S0x3847S0x1e07	CONST
0x26e7S0x3825S0x3847S0x1e07	ADD
0x2c94S0x385eS0x1e07	CONST
0x2c97S0x385eS0x1e07	ADD
0x2c7bS0x385eS0x1e07	LT
0x2c7cS0x385eS0x1e07	ISZERO
0x2c7dS0x385eS0x1e07	CONST
0x2c78_0x0S0x385eS0x1e07	PHI
0x2ca9S0x385eS0x1e07	CONST
0x2caeS0x385eS0x1e07	CONST
0x2c6dS0x385eS0x1e07	CONST
0x2c6fS0x385eS0x1e07	MLOAD
0x2cb5S0x385eS0x1e07	CONST
0x2cbaS0x385eS0x1e07	CONST
0x2cbdS0x385eS0x1e07	ADD
0x2cbeS0x385eS0x1e07	CONST
0x2cc3S0x385eS0x1e07	CONST
0x2cc7S0x385eS0x1e07	CONST
0x2c77S0x385eS0x1e07	CONST
0x2ccdS0x385eS0x1e07	ADD
0x2c9fS0x385eS0x1e07	CONST
0x2ca0S0x385eS0x1e07	CONST
0x2ca4S0x385eS0x1e07	CONST
0x2c83S0x385eS0x1e07	ADD
0x2c84S0x385eS0x1e07	MLOAD
0x2c87S0x385eS0x1e07	ADD
0x2c89S0x385eS0x1e07	CONST
0x2c8cS0x385eS0x1e07	ADD
0x2c8fS0x385eS0x1e07	CONST
0x2c81_0x0S0x385eS0x1e07	PHI
0x26e0S0x2ca8S0x385eS0x1e07	CONST
0x26e4S0x2ca8S0x385eS0x1e07	CONST
0x26e7S0x2ca8S0x385eS0x1e07	ADD
0x2b26S0x2cc2S0x385eS0x1e07	CONST
0x2b27S0x2cc2S0x385eS0x1e07	CONST
0x2b29S0x2cc2S0x385eS0x1e07	NOT
0x2b2aS0x2cc2S0x385eS0x1e07	CONST
0x2b2dS0x2cc2S0x385eS0x1e07	ADD
0x2b2eS0x2cc2S0x385eS0x1e07	AND
0x38a2S0x1f1b	CONST
0x38a3S0x1f1b	CONST
0x38a6S0x1f1b	ADD
0x38abS0x1f1b	SUB
0x38acS0x1f1b	CONST
0x38aeS0x1f1b	ADD
0x38b0S0x1f1b	CONST
0x38b4S0x1f1b	CONST
0x38bdS0x1f1b	SUB
0x38beS0x1f1b	CONST
0x38c1S0x1f1b	ADD
0x38c3S0x1f1b	CONST
0x38c7S0x1f1b	CONST
0x3834S0x38a1S0x1f1b	CONST
0x3838S0x38a1S0x1f1b	CONST
0x383dS0x38a1S0x1f1b	CONST
0x3840S0x38a1S0x1f1b	ADD
0x37feS0x38a1S0x1f1b	CONST
0x381fS0x38a1S0x1f1b	CONST
0x3821S0x38a1S0x1f1b	ADD
0x3826S0x38a1S0x1f1b	CONST
0x3827S0x38a1S0x1f1b	CONST
0x382aS0x38a1S0x1f1b	CONST
0x382dS0x38a1S0x1f1b	CONST
0x26e0S0x3825S0x38a1S0x1f1b	CONST
0x26e4S0x3825S0x38a1S0x1f1b	CONST
0x26e7S0x3825S0x38a1S0x1f1b	ADD
0x2d60S0x38b8S0x1f1b	CONST
0x2d64S0x38b8S0x1f1b	CONST
0x2d69S0x38b8S0x1f1b	CONST
0x2d6cS0x38b8S0x1f1b	ADD
0x2d2aS0x38b8S0x1f1b	CONST
0x2d4bS0x38b8S0x1f1b	CONST
0x2d4dS0x38b8S0x1f1b	ADD
0x2d52S0x38b8S0x1f1b	CONST
0x2d53S0x38b8S0x1f1b	CONST
0x2d56S0x38b8S0x1f1b	CONST
0x2d59S0x38b8S0x1f1b	CONST
0x26e0S0x2d51S0x38b8S0x1f1b	CONST
0x26e4S0x2d51S0x38b8S0x1f1b	CONST
0x26e7S0x2d51S0x38b8S0x1f1b	ADD
0x387bS0x1e36	CONST
0x387cS0x1e36	CONST
0x387fS0x1e36	ADD
0x3882S0x1e36	CONST
0x3885S0x1e36	CONST
0x3887S0x1e36	ADD
0x3889S0x1e36	CONST
0x388eS0x1e36	CONST
0x3891S0x1e36	CONST
0x3894S0x1e36	ADD
0x3896S0x1e36	CONST
0x22fdS0x387aS0x1e36	CONST
0x2301S0x387aS0x1e36	CONST
0x222eS0x22fcS0x387aS0x1e36	CONST
0x2a2aS0x388dS0x1e36	CONST
0x2a2eS0x388dS0x1e36	CONST
0x2325S0x2a29S0x388dS0x1e36	CONST
0x2327S0x2a29S0x388dS0x1e36	ISZERO
0x2328S0x2a29S0x388dS0x1e36	ISZERO
0x2a39S0x1e86	CONST
0x2a3aS0x1e86	CONST
0x2a3dS0x1e86	ADD
0x2a40S0x1e86	CONST
0x2a43S0x1e86	CONST
0x2a45S0x1e86	ADD
0x2a47S0x1e86	CONST
0x2a2aS0x2a38S0x1e86	CONST
0x2a2eS0x2a38S0x1e86	CONST
0x2325S0x2a29S0x2a38S0x1e86	CONST
0x2327S0x2a29S0x2a38S0x1e86	ISZERO
0x2328S0x2a29S0x2a38S0x1e86	ISZERO
0x2d0aS0x1ed4	CONST
0x2d0bS0x1ed4	CONST
0x2d0eS0x1ed4	ADD
0x2d13S0x1ed4	SUB
0x2d14S0x1ed4	CONST
0x2d16S0x1ed4	ADD
0x2d18S0x1ed4	CONST
0x2d1dS0x1ed4	CONST
0x2c94S0x2d09S0x1ed4	CONST
0x2c97S0x2d09S0x1ed4	ADD
0x2c7bS0x2d09S0x1ed4	LT
0x2c7cS0x2d09S0x1ed4	ISZERO
0x2c7dS0x2d09S0x1ed4	CONST
0x2c78_0x0S0x2d09S0x1ed4	PHI
0x2ca9S0x2d09S0x1ed4	CONST
0x2caeS0x2d09S0x1ed4	CONST
0x2c6dS0x2d09S0x1ed4	CONST
0x2c6fS0x2d09S0x1ed4	MLOAD
0x2cb5S0x2d09S0x1ed4	CONST
0x2cbaS0x2d09S0x1ed4	CONST
0x2cbdS0x2d09S0x1ed4	ADD
0x2cbeS0x2d09S0x1ed4	CONST
0x2cc3S0x2d09S0x1ed4	CONST
0x2cc7S0x2d09S0x1ed4	CONST
0x2c77S0x2d09S0x1ed4	CONST
0x2ccdS0x2d09S0x1ed4	ADD
0x2c9fS0x2d09S0x1ed4	CONST
0x2ca0S0x2d09S0x1ed4	CONST
0x2ca4S0x2d09S0x1ed4	CONST
0x2c83S0x2d09S0x1ed4	ADD
0x2c84S0x2d09S0x1ed4	MLOAD
0x2c87S0x2d09S0x1ed4	ADD
0x2c89S0x2d09S0x1ed4	CONST
0x2c8cS0x2d09S0x1ed4	ADD
0x2c8fS0x2d09S0x1ed4	CONST
0x2c81_0x0S0x2d09S0x1ed4	PHI
0x26e0S0x2ca8S0x2d09S0x1ed4	CONST
0x26e4S0x2ca8S0x2d09S0x1ed4	CONST
0x26e7S0x2ca8S0x2d09S0x1ed4	ADD
0x2b26S0x2cc2S0x2d09S0x1ed4	CONST
0x2b27S0x2cc2S0x2d09S0x1ed4	CONST
0x2b29S0x2cc2S0x2d09S0x1ed4	NOT
0x2b2aS0x2cc2S0x2d09S0x1ed4	CONST
0x2b2dS0x2cc2S0x2d09S0x1ed4	ADD
0x2b2eS0x2cc2S0x2d09S0x1ed4	AND
0x387bS0x1f48	CONST
0x387cS0x1f48	CONST
0x387fS0x1f48	ADD
0x3882S0x1f48	CONST
0x3885S0x1f48	CONST
0x3887S0x1f48	ADD
0x3889S0x1f48	CONST
0x388eS0x1f48	CONST
0x3891S0x1f48	CONST
0x3894S0x1f48	ADD
0x3896S0x1f48	CONST
0x22fdS0x387aS0x1f48	CONST
0x2301S0x387aS0x1f48	CONST
0x222eS0x22fcS0x387aS0x1f48	CONST
0x2a2aS0x388dS0x1f48	CONST
0x2a2eS0x388dS0x1f48	CONST
0x2325S0x2a29S0x388dS0x1f48	CONST
0x2327S0x2a29S0x388dS0x1f48	ISZERO
0x2328S0x2a29S0x388dS0x1f48	ISZERO
0x2a39S0x1f98	CONST
0x2a3aS0x1f98	CONST
0x2a3dS0x1f98	ADD
0x2a40S0x1f98	CONST
0x2a43S0x1f98	CONST
0x2a45S0x1f98	ADD
0x2a47S0x1f98	CONST
0x2a2aS0x2a38S0x1f98	CONST
0x2a2eS0x2a38S0x1f98	CONST
0x2325S0x2a29S0x2a38S0x1f98	CONST
0x2327S0x2a29S0x2a38S0x1f98	ISZERO
0x2328S0x2a29S0x2a38S0x1f98	ISZERO
0x3961S0x2073	CONST
0x3962S0x2073	CONST
0x3965S0x2073	ADD
0x396aS0x2073	SUB
0x396bS0x2073	CONST
0x396dS0x2073	ADD
0x396fS0x2073	CONST
0x3973S0x2073	CONST
0x397aS0x2073	CONST
0x397dS0x2073	CONST
0x3980S0x2073	ADD
0x3982S0x2073	CONST
0x3834S0x3960S0x2073	CONST
0x3838S0x3960S0x2073	CONST
0x383dS0x3960S0x2073	CONST
0x3840S0x3960S0x2073	ADD
0x37feS0x3960S0x2073	CONST
0x381fS0x3960S0x2073	CONST
0x3821S0x3960S0x2073	ADD
0x3826S0x3960S0x2073	CONST
0x3827S0x3960S0x2073	CONST
0x382aS0x3960S0x2073	CONST
0x382dS0x3960S0x2073	CONST
0x26e0S0x3825S0x3960S0x2073	CONST
0x26e4S0x3825S0x3960S0x2073	CONST
0x26e7S0x3825S0x3960S0x2073	ADD
0x2a2aS0x3977S0x2073	CONST
0x2a2eS0x3977S0x2073	CONST
0x2325S0x2a29S0x3977S0x2073	CONST
0x2327S0x2a29S0x3977S0x2073	ISZERO
0x2328S0x2a29S0x3977S0x2073	ISZERO
0x248bS0xb99	CONST
0x248eS0xb99	CONST
0x247fS0xb99	CONST
0x2480S0xb99	CONST
0x2484S0xb99	SUB
0x2485S0xb99	SLT
0x2486S0xb99	ISZERO
0x2487S0xb99	CONST
0x2494S0xb99	CONST
0x2495S0xb99	CONST
0x249bS0xb99	ADD
0x249cS0xb99	CONST
0x73d9S0xb99	CONST
0x246bS0x2493S0xb99	CONST
0x246dS0x2493S0xb99	MLOAD
0x2470S0x2493S0xb99	CONST
0x2474S0x2493S0xb99	CONST
0x233fS0x246aB0x2493S0xb99	CONST
0x233aS0x246aB0x2493S0xb99	EQ
0x233bS0x246aB0x2493S0xb99	CONST
0x2330S0x246aB0x2493S0xb99	CONST
0x2334S0x246aB0x2493S0xb99	CONST
0x2325S0x232fS0x246aB0x2493S0xb99	CONST
0x2327S0x232fS0x246aB0x2493S0xb99	ISZERO
0x2328S0x232fS0x246aB0x2493S0xb99	ISZERO
0x24caS0x19de	CONST
0x24cdS0x19de	CONST
0x24beS0x19de	CONST
0x24bfS0x19de	CONST
0x24c3S0x19de	SUB
0x24c4S0x19de	SLT
0x24c5S0x19de	ISZERO
0x24c6S0x19de	CONST
0x24d3S0x19de	CONST
0x24d4S0x19de	CONST
0x24daS0x19de	ADD
0x24dbS0x19de	CONST
0x73fcS0x19de	CONST
0x24aaS0x24d2S0x19de	CONST
0x24acS0x24d2S0x19de	MLOAD
0x24afS0x24d2S0x19de	CONST
0x24b3S0x24d2S0x19de	CONST
0x2246S0x24a9B0x24d2S0x19de	CONST
0x2241S0x24a9B0x24d2S0x19de	EQ
0x2242S0x24a9B0x24d2S0x19de	CONST
0x2237S0x24a9B0x24d2S0x19de	CONST
0x223bS0x24a9B0x24d2S0x19de	CONST
0x222eS0x2236S0x24a9B0x24d2S0x19de	CONST
0x248bS0x1db9	CONST
0x248eS0x1db9	CONST
0x247fS0x1db9	CONST
0x2480S0x1db9	CONST
0x2484S0x1db9	SUB
0x2485S0x1db9	SLT
0x2486S0x1db9	ISZERO
0x2487S0x1db9	CONST
0x2494S0x1db9	CONST
0x2495S0x1db9	CONST
0x249bS0x1db9	ADD
0x249cS0x1db9	CONST
0x73d9S0x1db9	CONST
0x246bS0x2493S0x1db9	CONST
0x246dS0x2493S0x1db9	MLOAD
0x2470S0x2493S0x1db9	CONST
0x2474S0x2493S0x1db9	CONST
0x233fS0x246aB0x2493S0x1db9	CONST
0x233aS0x246aB0x2493S0x1db9	EQ
0x233bS0x246aB0x2493S0x1db9	CONST
0x2330S0x246aB0x2493S0x1db9	CONST
0x2334S0x246aB0x2493S0x1db9	CONST
0x2325S0x232fS0x246aB0x2493S0x1db9	CONST
0x2327S0x232fS0x246aB0x2493S0x1db9	ISZERO
0x2328S0x232fS0x246aB0x2493S0x1db9	ISZERO
0x216aS0x149	CONST
0x216bS0x149	CONST
0x216eS0x149	ADD
0x2171S0x149	CONST
0x2174S0x149	CONST
0x2176S0x149	ADD
0x2178S0x149	CONST
0x215bS0x2169S0x149	CONST
0x215fS0x2169S0x149	CONST
0x214aS0x215aS0x2169S0x149	CONST
0x214bS0x215aS0x2169S0x149	CONST
0x214fS0x215aS0x2169S0x149	CONST
0x212bS0x2149S0x215aS0x2169S0x149	CONST
0x212cS0x2149S0x215aS0x2169S0x149	CONST
0x2142S0x2149S0x215aS0x2169S0x149	AND
0x216aS0x173	CONST
0x216bS0x173	CONST
0x216eS0x173	ADD
0x2171S0x173	CONST
0x2174S0x173	CONST
0x2176S0x173	ADD
0x2178S0x173	CONST
0x215bS0x2169S0x173	CONST
0x215fS0x2169S0x173	CONST
0x214aS0x215aS0x2169S0x173	CONST
0x214bS0x215aS0x2169S0x173	CONST
0x214fS0x215aS0x2169S0x173	CONST
0x212bS0x2149S0x215aS0x2169S0x173	CONST
0x212cS0x2149S0x215aS0x2169S0x173	CONST
0x2142S0x2149S0x215aS0x2169S0x173	AND
0x2444S0x381	CONST
0x2445S0x381	CONST
0x2448S0x381	ADD
0x244bS0x381	CONST
0x244eS0x381	CONST
0x2450S0x381	ADD
0x2452S0x381	CONST
0x2457S0x381	CONST
0x245aS0x381	CONST
0x245dS0x381	ADD
0x245fS0x381	CONST
0x22fdS0x2456S0x381	CONST
0x2301S0x2456S0x381	CONST
0x222eS0x22fcS0x2456S0x381	CONST
0x215bS0x2443S0x381	CONST
0x215fS0x2443S0x381	CONST
0x214aS0x215aS0x2443S0x381	CONST
0x214bS0x215aS0x2443S0x381	CONST
0x214fS0x215aS0x2443S0x381	CONST
0x212bS0x2149S0x215aS0x2443S0x381	CONST
0x212cS0x2149S0x215aS0x2443S0x381	CONST
0x2142S0x2149S0x215aS0x2443S0x381	AND
0x216aS0x219	CONST
0x216bS0x219	CONST
0x216eS0x219	ADD
0x2171S0x219	CONST
0x2174S0x219	CONST
0x2176S0x219	ADD
0x2178S0x219	CONST
0x215bS0x2169S0x219	CONST
0x215fS0x2169S0x219	CONST
0x214aS0x215aS0x2169S0x219	CONST
0x214bS0x215aS0x2169S0x219	CONST
0x214fS0x215aS0x2169S0x219	CONST
0x212bS0x2149S0x215aS0x2169S0x219	CONST
0x212cS0x2149S0x215aS0x2169S0x219	CONST
0x2142S0x2149S0x215aS0x2169S0x219	AND
0x2758S0x872	CONST
0x2759S0x872	CONST
0x275cS0x872	ADD
0x275fS0x872	CONST
0x2762S0x872	CONST
0x2764S0x872	ADD
0x2766S0x872	CONST
0x276bS0x872	CONST
0x276eS0x872	CONST
0x2771S0x872	ADD
0x2773S0x872	CONST
0x2778S0x872	CONST
0x277bS0x872	CONST
0x277eS0x872	ADD
0x2780S0x872	CONST
0x215bS0x2757S0x872	CONST
0x215fS0x2757S0x872	CONST
0x214aS0x215aS0x2757S0x872	CONST
0x214bS0x215aS0x2757S0x872	CONST
0x214fS0x215aS0x2757S0x872	CONST
0x212bS0x2149S0x215aS0x2757S0x872	CONST
0x212cS0x2149S0x215aS0x2757S0x872	CONST
0x2142S0x2149S0x215aS0x2757S0x872	AND
0x215bS0x276aS0x872	CONST
0x215fS0x276aS0x872	CONST
0x214aS0x215aS0x276aS0x872	CONST
0x214bS0x215aS0x276aS0x872	CONST
0x214fS0x215aS0x276aS0x872	CONST
0x212bS0x2149S0x215aS0x276aS0x872	CONST
0x212cS0x2149S0x215aS0x276aS0x872	CONST
0x2142S0x2149S0x215aS0x276aS0x872	AND
0x215bS0x2777S0x872	CONST
0x215fS0x2777S0x872	CONST
0x214aS0x215aS0x2777S0x872	CONST
0x214bS0x215aS0x2777S0x872	CONST
0x214fS0x215aS0x2777S0x872	CONST
0x212bS0x2149S0x215aS0x2777S0x872	CONST
0x212cS0x2149S0x215aS0x2777S0x872	CONST
0x2142S0x2149S0x215aS0x2777S0x872	AND
0x216aS0x411	CONST
0x216bS0x411	CONST
0x216eS0x411	ADD
0x2171S0x411	CONST
0x2174S0x411	CONST
0x2176S0x411	ADD
0x2178S0x411	CONST
0x215bS0x2169S0x411	CONST
0x215fS0x2169S0x411	CONST
0x214aS0x215aS0x2169S0x411	CONST
0x214bS0x215aS0x2169S0x411	CONST
0x214fS0x215aS0x2169S0x411	CONST
0x212bS0x2149S0x215aS0x2169S0x411	CONST
0x212cS0x2149S0x215aS0x2169S0x411	CONST
0x2142S0x2149S0x215aS0x2169S0x411	AND
0x216aS0x5d8	CONST
0x216bS0x5d8	CONST
0x216eS0x5d8	ADD
0x2171S0x5d8	CONST
0x2174S0x5d8	CONST
0x2176S0x5d8	ADD
0x2178S0x5d8	CONST
0x215bS0x2169S0x5d8	CONST
0x215fS0x2169S0x5d8	CONST
0x214aS0x215aS0x2169S0x5d8	CONST
0x214bS0x215aS0x2169S0x5d8	CONST
0x214fS0x215aS0x2169S0x5d8	CONST
0x212bS0x2149S0x215aS0x2169S0x5d8	CONST
0x212cS0x2149S0x215aS0x2169S0x5d8	CONST
0x2142S0x2149S0x215aS0x2169S0x5d8	AND
0x2678S0x675	CONST
0x2679S0x675	CONST
0x267cS0x675	ADD
0x267fS0x675	CONST
0x2682S0x675	CONST
0x2684S0x675	ADD
0x2686S0x675	CONST
0x268bS0x675	CONST
0x268eS0x675	CONST
0x2691S0x675	ADD
0x2693S0x675	CONST
0x215bS0x2677S0x675	CONST
0x215fS0x2677S0x675	CONST
0x214aS0x215aS0x2677S0x675	CONST
0x214bS0x215aS0x2677S0x675	CONST
0x214fS0x215aS0x2677S0x675	CONST
0x212bS0x2149S0x215aS0x2677S0x675	CONST
0x212cS0x2149S0x215aS0x2677S0x675	CONST
0x2142S0x2149S0x215aS0x2677S0x675	AND
0x2669S0x268aS0x675	CONST
0x266dS0x268aS0x675	CONST
0x265dS0x2668S0x268aS0x675	CONST
0x2658S0x2668S0x268aS0x675	CONST
0x263fS0x2668S0x268aS0x675	CONST
0x2648S0x2668S0x268aS0x675	CONST
0x2649S0x2668S0x268aS0x675	CONST
0x264cS0x2668S0x268aS0x675	CONST
0x264fS0x2668S0x268aS0x675	CONST
0x2653S0x2668S0x268aS0x675	CONST
0x222eS0x265cS0x2668S0x268aS0x675	CONST
0x2183S0x2657S0x2668S0x268aS0x675	CONST
0x27d7S0x8bc	CONST
0x27d8S0x8bc	CONST
0x27dbS0x8bc	ADD
0x27e0S0x8bc	SUB
0x27e1S0x8bc	CONST
0x27e3S0x8bc	ADD
0x27e5S0x8bc	CONST
0x27e9S0x8bc	CONST
0x27c3S0x8bc	CONST
0x27c7S0x8bc	CONST
0x27ccS0x8bc	CONST
0x27cfS0x8bc	ADD
0x278dS0x8bc	CONST
0x27aeS0x8bc	CONST
0x27b0S0x8bc	ADD
0x27f0S0x8bc	CONST
0x27f3S0x8bc	CONST
0x27f6S0x8bc	ADD
0x27f8S0x8bc	CONST
0x27b5S0x8bc	CONST
0x27b6S0x8bc	CONST
0x27b9S0x8bc	CONST
0x27bcS0x8bc	CONST
0x26e0S0x27b4S0x8bc	CONST
0x26e4S0x27b4S0x8bc	CONST
0x26e7S0x27b4S0x8bc	ADD
0x215bS0x27edS0x8bc	CONST
0x215fS0x27edS0x8bc	CONST
0x214aS0x215aS0x27edS0x8bc	CONST
0x214bS0x215aS0x27edS0x8bc	CONST
0x214fS0x215aS0x27edS0x8bc	CONST
0x212bS0x2149S0x215aS0x27edS0x8bc	CONST
0x212cS0x2149S0x215aS0x27edS0x8bc	CONST
0x2142S0x2149S0x215aS0x27edS0x8bc	AND
0x284dS0x8f3	CONST
0x284eS0x8f3	CONST
0x2851S0x8f3	ADD
0x2856S0x8f3	SUB
0x2857S0x8f3	CONST
0x2859S0x8f3	ADD
0x285bS0x8f3	CONST
0x285fS0x8f3	CONST
0x2839S0x8f3	CONST
0x283dS0x8f3	CONST
0x2842S0x8f3	CONST
0x2845S0x8f3	ADD
0x2803S0x8f3	CONST
0x2824S0x8f3	CONST
0x2826S0x8f3	ADD
0x2866S0x8f3	CONST
0x2869S0x8f3	CONST
0x286cS0x8f3	ADD
0x286eS0x8f3	CONST
0x282bS0x8f3	CONST
0x282cS0x8f3	CONST
0x282fS0x8f3	CONST
0x2832S0x8f3	CONST
0x26e0S0x282aS0x8f3	CONST
0x26e4S0x282aS0x8f3	CONST
0x26e7S0x282aS0x8f3	ADD
0x215bS0x2863S0x8f3	CONST
0x215fS0x2863S0x8f3	CONST
0x214aS0x215aS0x2863S0x8f3	CONST
0x214bS0x215aS0x2863S0x8f3	CONST
0x214fS0x215aS0x2863S0x8f3	CONST
0x212bS0x2149S0x215aS0x2863S0x8f3	CONST
0x212cS0x2149S0x215aS0x2863S0x8f3	CONST
0x2142S0x2149S0x215aS0x2863S0x8f3	AND
0x28c3S0x92a	CONST
0x28c4S0x92a	CONST
0x28c7S0x92a	ADD
0x28ccS0x92a	SUB
0x28cdS0x92a	CONST
0x28cfS0x92a	ADD
0x28d1S0x92a	CONST
0x28d5S0x92a	CONST
0x28afS0x92a	CONST
0x28b3S0x92a	CONST
0x28b8S0x92a	CONST
0x28bbS0x92a	ADD
0x2879S0x92a	CONST
0x289aS0x92a	CONST
0x289cS0x92a	ADD
0x28dcS0x92a	CONST
0x28dfS0x92a	CONST
0x28e2S0x92a	ADD
0x28e4S0x92a	CONST
0x28a1S0x92a	CONST
0x28a2S0x92a	CONST
0x28a5S0x92a	CONST
0x28a8S0x92a	CONST
0x26e0S0x28a0S0x92a	CONST
0x26e4S0x28a0S0x92a	CONST
0x26e7S0x28a0S0x92a	ADD
0x215bS0x28d9S0x92a	CONST
0x215fS0x28d9S0x92a	CONST
0x214aS0x215aS0x28d9S0x92a	CONST
0x214bS0x215aS0x28d9S0x92a	CONST
0x214fS0x215aS0x28d9S0x92a	CONST
0x212bS0x2149S0x215aS0x28d9S0x92a	CONST
0x212cS0x2149S0x215aS0x28d9S0x92a	CONST
0x2142S0x2149S0x215aS0x28d9S0x92a	AND
0x2939S0x961	CONST
0x293aS0x961	CONST
0x293dS0x961	ADD
0x2942S0x961	SUB
0x2943S0x961	CONST
0x2945S0x961	ADD
0x2947S0x961	CONST
0x294bS0x961	CONST
0x2925S0x961	CONST
0x2929S0x961	CONST
0x292eS0x961	CONST
0x2931S0x961	ADD
0x28efS0x961	CONST
0x2910S0x961	CONST
0x2912S0x961	ADD
0x2952S0x961	CONST
0x2955S0x961	CONST
0x2958S0x961	ADD
0x295aS0x961	CONST
0x2917S0x961	CONST
0x2918S0x961	CONST
0x291bS0x961	CONST
0x291eS0x961	CONST
0x26e0S0x2916S0x961	CONST
0x26e4S0x2916S0x961	CONST
0x26e7S0x2916S0x961	ADD
0x215bS0x294fS0x961	CONST
0x215fS0x294fS0x961	CONST
0x214aS0x215aS0x294fS0x961	CONST
0x214bS0x215aS0x294fS0x961	CONST
0x214fS0x215aS0x294fS0x961	CONST
0x212bS0x2149S0x215aS0x294fS0x961	CONST
0x212cS0x2149S0x215aS0x294fS0x961	CONST
0x2142S0x2149S0x215aS0x294fS0x961	AND
0x216aS0xb35	CONST
0x216bS0xb35	CONST
0x216eS0xb35	ADD
0x2171S0xb35	CONST
0x2174S0xb35	CONST
0x2176S0xb35	ADD
0x2178S0xb35	CONST
0x215bS0x2169S0xb35	CONST
0x215fS0x2169S0xb35	CONST
0x214aS0x215aS0x2169S0xb35	CONST
0x214bS0x215aS0x2169S0xb35	CONST
0x214fS0x215aS0x2169S0xb35	CONST
0x212bS0x2149S0x215aS0x2169S0xb35	CONST
0x212cS0x2149S0x215aS0x2169S0xb35	CONST
0x2142S0x2149S0x215aS0x2169S0xb35	AND
0x216aS0xe22	CONST
0x216bS0xe22	CONST
0x216eS0xe22	ADD
0x2171S0xe22	CONST
0x2174S0xe22	CONST
0x2176S0xe22	ADD
0x2178S0xe22	CONST
0x215bS0x2169S0xe22	CONST
0x215fS0x2169S0xe22	CONST
0x214aS0x215aS0x2169S0xe22	CONST
0x214bS0x215aS0x2169S0xe22	CONST
0x214fS0x215aS0x2169S0xe22	CONST
0x212bS0x2149S0x215aS0x2169S0xe22	CONST
0x212cS0x2149S0x215aS0x2169S0xe22	CONST
0x2142S0x2149S0x215aS0x2169S0xe22	AND
0x216aS0x1897	CONST
0x216bS0x1897	CONST
0x216eS0x1897	ADD
0x2171S0x1897	CONST
0x2174S0x1897	CONST
0x2176S0x1897	ADD
0x2178S0x1897	CONST
0x215bS0x2169S0x1897	CONST
0x215fS0x2169S0x1897	CONST
0x214aS0x215aS0x2169S0x1897	CONST
0x214bS0x215aS0x2169S0x1897	CONST
0x214fS0x215aS0x2169S0x1897	CONST
0x212bS0x2149S0x215aS0x2169S0x1897	CONST
0x212cS0x2149S0x215aS0x2169S0x1897	CONST
0x2142S0x2149S0x215aS0x2169S0x1897	AND
0x3523S0x197f	CONST
0x3524S0x197f	CONST
0x3527S0x197f	ADD
0x352aS0x197f	CONST
0x352dS0x197f	CONST
0x352fS0x197f	ADD
0x3531S0x197f	CONST
0x3536S0x197f	CONST
0x3539S0x197f	CONST
0x353cS0x197f	ADD
0x353eS0x197f	CONST
0x3543S0x197f	CONST
0x3546S0x197f	CONST
0x3549S0x197f	ADD
0x354bS0x197f	CONST
0x3550S0x197f	CONST
0x3553S0x197f	CONST
0x3556S0x197f	ADD
0x3558S0x197f	CONST
0x3514S0x197f	CONST
0x3518S0x197f	CONST
0x2261S0x3513S0x197f	CONST
0x2262S0x3513S0x197f	CONST
0x2267S0x3513S0x197f	AND
0x22fdS0x3535S0x197f	CONST
0x2301S0x3535S0x197f	CONST
0x222eS0x22fcS0x3535S0x197f	CONST
0x22fdS0x3542S0x197f	CONST
0x2301S0x3542S0x197f	CONST
0x222eS0x22fcS0x3542S0x197f	CONST
0x215bS0x3522S0x197f	CONST
0x215fS0x3522S0x197f	CONST
0x214aS0x215aS0x3522S0x197f	CONST
0x214bS0x215aS0x3522S0x197f	CONST
0x214fS0x215aS0x3522S0x197f	CONST
0x212bS0x2149S0x215aS0x3522S0x197f	CONST
0x212cS0x2149S0x215aS0x3522S0x197f	CONST
0x2142S0x2149S0x215aS0x3522S0x197f	AND
0x35e3S0x1a5b	CONST
0x35e4S0x1a5b	CONST
0x35e7S0x1a5b	ADD
0x35eaS0x1a5b	CONST
0x35edS0x1a5b	CONST
0x35efS0x1a5b	ADD
0x35f1S0x1a5b	CONST
0x35f6S0x1a5b	CONST
0x35f9S0x1a5b	CONST
0x35fcS0x1a5b	ADD
0x35feS0x1a5b	CONST
0x3603S0x1a5b	CONST
0x3606S0x1a5b	CONST
0x3609S0x1a5b	ADD
0x360bS0x1a5b	CONST
0x22fdS0x35e2S0x1a5b	CONST
0x2301S0x35e2S0x1a5b	CONST
0x222eS0x22fcS0x35e2S0x1a5b	CONST
0x2a2aS0x3602S0x1a5b	CONST
0x2a2eS0x3602S0x1a5b	CONST
0x2325S0x2a29S0x3602S0x1a5b	CONST
0x2327S0x2a29S0x3602S0x1a5b	ISZERO
0x2328S0x2a29S0x3602S0x1a5b	ISZERO
0x2669S0x35f5S0x1a5b	CONST
0x266dS0x35f5S0x1a5b	CONST
0x265dS0x2668S0x35f5S0x1a5b	CONST
0x2658S0x2668S0x35f5S0x1a5b	CONST
0x263fS0x2668S0x35f5S0x1a5b	CONST
0x2648S0x2668S0x35f5S0x1a5b	CONST
0x2649S0x2668S0x35f5S0x1a5b	CONST
0x264cS0x2668S0x35f5S0x1a5b	CONST
0x264fS0x2668S0x35f5S0x1a5b	CONST
0x2653S0x2668S0x35f5S0x1a5b	CONST
0x222eS0x265cS0x2668S0x35f5S0x1a5b	CONST
0x2183S0x2657S0x2668S0x35f5S0x1a5b	CONST
0x35e3S0x1b6f	CONST
0x35e4S0x1b6f	CONST
0x35e7S0x1b6f	ADD
0x35eaS0x1b6f	CONST
0x35edS0x1b6f	CONST
0x35efS0x1b6f	ADD
0x35f1S0x1b6f	CONST
0x35f6S0x1b6f	CONST
0x35f9S0x1b6f	CONST
0x35fcS0x1b6f	ADD
0x35feS0x1b6f	CONST
0x3603S0x1b6f	CONST
0x3606S0x1b6f	CONST
0x3609S0x1b6f	ADD
0x360bS0x1b6f	CONST
0x22fdS0x35e2S0x1b6f	CONST
0x2301S0x35e2S0x1b6f	CONST
0x222eS0x22fcS0x35e2S0x1b6f	CONST
0x2a2aS0x3602S0x1b6f	CONST
0x2a2eS0x3602S0x1b6f	CONST
0x2325S0x2a29S0x3602S0x1b6f	CONST
0x2327S0x2a29S0x3602S0x1b6f	ISZERO
0x2328S0x2a29S0x3602S0x1b6f	ISZERO
0x2669S0x35f5S0x1b6f	CONST
0x266dS0x35f5S0x1b6f	CONST
0x265dS0x2668S0x35f5S0x1b6f	CONST
0x2658S0x2668S0x35f5S0x1b6f	CONST
0x263fS0x2668S0x35f5S0x1b6f	CONST
0x2648S0x2668S0x35f5S0x1b6f	CONST
0x2649S0x2668S0x35f5S0x1b6f	CONST
0x264cS0x2668S0x35f5S0x1b6f	CONST
0x264fS0x2668S0x35f5S0x1b6f	CONST
0x2653S0x2668S0x35f5S0x1b6f	CONST
0x222eS0x265cS0x2668S0x35f5S0x1b6f	CONST
0x2183S0x2657S0x2668S0x35f5S0x1b6f	CONST
0x2444S0x1d4a	CONST
0x2445S0x1d4a	CONST
0x2448S0x1d4a	ADD
0x244bS0x1d4a	CONST
0x244eS0x1d4a	CONST
0x2450S0x1d4a	ADD
0x2452S0x1d4a	CONST
0x2457S0x1d4a	CONST
0x245aS0x1d4a	CONST
0x245dS0x1d4a	ADD
0x245fS0x1d4a	CONST
0x22fdS0x2456S0x1d4a	CONST
0x2301S0x2456S0x1d4a	CONST
0x222eS0x22fcS0x2456S0x1d4a	CONST
0x215bS0x2443S0x1d4a	CONST
0x215fS0x2443S0x1d4a	CONST
0x214aS0x215aS0x2443S0x1d4a	CONST
0x214bS0x215aS0x2443S0x1d4a	CONST
0x214fS0x215aS0x2443S0x1d4a	CONST
0x212bS0x2149S0x215aS0x2443S0x1d4a	CONST
0x212cS0x2149S0x215aS0x2443S0x1d4a	CONST
0x2142S0x2149S0x215aS0x2443S0x1d4a	AND
0x21deS0x19d	CONST
0x21dfS0x19d	CONST
0x21e2S0x19d	ADD
0x21e5S0x19d	CONST
0x21e8S0x19d	CONST
0x21eaS0x19d	ADD
0x21ecS0x19d	CONST
0x21cfS0x19d	CONST
0x21d3S0x19d	CONST
0x21beS0x21ceS0x19d	CONST
0x21bfS0x21ceS0x19d	CONST
0x21c3S0x21ceS0x19d	CONST
0x21adS0x21bdS0x21ceS0x19d	CONST
0x21aeS0x21bdS0x21ceS0x19d	CONST
0x21b2S0x21bdS0x21ceS0x19d	CONST
0x21a1S0x21acS0x21bdS0x21ceS0x19d	CONST
0x219cS0x21acS0x21bdS0x21ceS0x19d	CONST
0x218cS0x21acS0x21bdS0x21ceS0x19d	CONST
0x218dS0x21acS0x21bdS0x21ceS0x19d	CONST
0x2190S0x21acS0x21bdS0x21ceS0x19d	CONST
0x2193S0x21acS0x21bdS0x21ceS0x19d	CONST
0x2197S0x21acS0x21bdS0x21ceS0x19d	CONST
0x212bS0x21a0S0x21acS0x21bdS0x21ceS0x19d	CONST
0x212cS0x21a0S0x21acS0x21bdS0x21ceS0x19d	CONST
0x2142S0x21a0S0x21acS0x21bdS0x21ceS0x19d	AND
0x2183S0x219bS0x21acS0x21bdS0x21ceS0x19d	CONST
0x212bS0x218bS0x21acS0x21bdS0x21ceS0x19d	CONST
0x212cS0x218bS0x21acS0x21bdS0x21ceS0x19d	CONST
0x2142S0x218bS0x21acS0x21bdS0x21ceS0x19d	AND
0x22a8S0x1d4	CONST
0x22abS0x1d4	CONST
0x2299S0x1d4	CONST
0x229bS0x1d4	CONST
0x229dS0x1d4	CONST
0x22a1S0x1d4	SUB
0x22a2S0x1d4	SLT
0x22a3S0x1d4	ISZERO
0x22a4S0x1d4	CONST
0x22b1S0x1d4	CONST
0x22b2S0x1d4	CONST
0x22b8S0x1d4	ADD
0x22b9S0x1d4	CONST
0x7393S0x1d4	CONST
0x22c1S0x1d4	CONST
0x22c3S0x1d4	CONST
0x22c9S0x1d4	ADD
0x22caS0x1d4	CONST
0x22d2S0x1d4	CONST
0x22d4S0x1d4	CONST
0x22daS0x1d4	ADD
0x22dbS0x1d4	CONST
0x22e3S0x1d4	CONST
0x22e5S0x1d4	CONST
0x22ebS0x1d4	ADD
0x22ecS0x1d4	CONST
0x224dS0x22bdS0x1d4	CONST
0x224fS0x22bdS0x1d4	CALLDATALOAD
0x2252S0x22bdS0x1d4	CONST
0x2256S0x22bdS0x1d4	CONST
0x224dS0x22ceS0x1d4	CONST
0x224fS0x22ceS0x1d4	CALLDATALOAD
0x2252S0x22ceS0x1d4	CONST
0x2256S0x22ceS0x1d4	CONST
0x2246S0x224cB0x22bdS0x1d4	CONST
0x2241S0x224cB0x22bdS0x1d4	EQ
0x2242S0x224cB0x22bdS0x1d4	CONST
0x2237S0x224cB0x22bdS0x1d4	CONST
0x223bS0x224cB0x22bdS0x1d4	CONST
0x222eS0x2236S0x224cB0x22bdS0x1d4	CONST
0x2246S0x224cB0x22ceS0x1d4	CONST
0x2241S0x224cB0x22ceS0x1d4	EQ
0x2242S0x224cB0x22ceS0x1d4	CONST
0x2237S0x224cB0x22ceS0x1d4	CONST
0x223bS0x224cB0x22ceS0x1d4	CONST
0x222eS0x2236S0x224cB0x22ceS0x1d4	CONST
0x2285S0x22dfS0x1d4	CONST
0x2287S0x22dfS0x1d4	CALLDATALOAD
0x228aS0x22dfS0x1d4	CONST
0x228eS0x22dfS0x1d4	CONST
0x227eS0x2284S0x22dfS0x1d4	CONST
0x2279S0x2284S0x22dfS0x1d4	EQ
0x227aS0x2284S0x22dfS0x1d4	CONST
0x226fS0x2284S0x22dfS0x1d4	CONST
0x2273S0x2284S0x22dfS0x1d4	CONST
0x2261S0x226eS0x2284S0x22dfS0x1d4	CONST
0x2262S0x226eS0x2284S0x22dfS0x1d4	CONST
0x2267S0x226eS0x2284S0x22dfS0x1d4	AND
0x221aS0x22b0S0x1d4	CONST
0x221cS0x22b0S0x1d4	CALLDATALOAD
0x221fS0x22b0S0x1d4	CONST
0x2223S0x22b0S0x1d4	CONST
0x2213S0x2219S0x22b0S0x1d4	CONST
0x220eS0x2219S0x22b0S0x1d4	EQ
0x220fS0x2219S0x22b0S0x1d4	CONST
0x2204S0x2219S0x22b0S0x1d4	CONST
0x2208S0x2219S0x22b0S0x1d4	CONST
0x214aS0x2203S0x2219S0x22b0S0x1d4	CONST
0x214bS0x2203S0x2219S0x22b0S0x1d4	CONST
0x214fS0x2203S0x2219S0x22b0S0x1d4	CONST
0x212bS0x2149S0x2203S0x2219S0x22b0S0x1d4	CONST
0x212cS0x2149S0x2203S0x2219S0x22b0S0x1d4	CONST
0x2142S0x2149S0x2203S0x2219S0x22b0S0x1d4	AND
0x236eS0x23a	CONST
0x2371S0x23a	CONST
0x235aS0x23a	CONST
0x235cS0x23a	CONST
0x235eS0x23a	CONST
0x2360S0x23a	CONST
0x2362S0x23a	CONST
0x2367S0x23a	SUB
0x2368S0x23a	SLT
0x2369S0x23a	ISZERO
0x236aS0x23a	CONST
0x2377S0x23a	CONST
0x2378S0x23a	CONST
0x237eS0x23a	ADD
0x237fS0x23a	CONST
0x73b6S0x23a	CONST
0x2387S0x23a	CONST
0x2389S0x23a	CONST
0x238fS0x23a	ADD
0x2390S0x23a	CONST
0x2398S0x23a	CONST
0x239aS0x23a	CONST
0x23a0S0x23a	ADD
0x23a1S0x23a	CONST
0x23a9S0x23a	CONST
0x23abS0x23a	CONST
0x23b1S0x23a	ADD
0x23b2S0x23a	CONST
0x23baS0x23a	CONST
0x23bcS0x23a	CONST
0x23c2S0x23a	ADD
0x23c3S0x23a	CONST
0x23cbS0x23a	CONST
0x23cdS0x23a	CONST
0x23d3S0x23a	ADD
0x23d4S0x23a	CONST
0x23dcS0x23a	CONST
0x23deS0x23a	CONST
0x23e4S0x23a	ADD
0x23e5S0x23a	CONST
0x23edS0x23a	CONST
0x23efS0x23a	CONST
0x23f5S0x23a	ADD
0x23f6S0x23a	CONST
0x2346S0x2376S0x23a	CONST
0x2348S0x2376S0x23a	CALLDATALOAD
0x234bS0x2376S0x23a	CONST
0x234fS0x2376S0x23a	CONST
0x2346S0x2383S0x23a	CONST
0x2348S0x2383S0x23a	CALLDATALOAD
0x234bS0x2383S0x23a	CONST
0x234fS0x2383S0x23a	CONST
0x2346S0x2394S0x23a	CONST
0x2348S0x2394S0x23a	CALLDATALOAD
0x234bS0x2394S0x23a	CONST
0x234fS0x2394S0x23a	CONST
0x2346S0x23a5S0x23a	CONST
0x2348S0x23a5S0x23a	CALLDATALOAD
0x234bS0x23a5S0x23a	CONST
0x234fS0x23a5S0x23a	CONST
0x233fS0x2345B0x2376S0x23a	CONST
0x233aS0x2345B0x2376S0x23a	EQ
0x233bS0x2345B0x2376S0x23a	CONST
0x2330S0x2345B0x2376S0x23a	CONST
0x2334S0x2345B0x2376S0x23a	CONST
0x2325S0x232fS0x2345B0x2376S0x23a	CONST
0x2327S0x232fS0x2345B0x2376S0x23a	ISZERO
0x2328S0x232fS0x2345B0x2376S0x23a	ISZERO
0x233fS0x2345B0x2383S0x23a	CONST
0x233aS0x2345B0x2383S0x23a	EQ
0x233bS0x2345B0x2383S0x23a	CONST
0x2330S0x2345B0x2383S0x23a	CONST
0x2334S0x2345B0x2383S0x23a	CONST
0x2325S0x232fS0x2345B0x2383S0x23a	CONST
0x2327S0x232fS0x2345B0x2383S0x23a	ISZERO
0x2328S0x232fS0x2345B0x2383S0x23a	ISZERO
0x233fS0x2345B0x2394S0x23a	CONST
0x233aS0x2345B0x2394S0x23a	EQ
0x233bS0x2345B0x2394S0x23a	CONST
0x2330S0x2345B0x2394S0x23a	CONST
0x2334S0x2345B0x2394S0x23a	CONST
0x2325S0x232fS0x2345B0x2394S0x23a	CONST
0x2327S0x232fS0x2345B0x2394S0x23a	ISZERO
0x2328S0x232fS0x2345B0x2394S0x23a	ISZERO
0x233fS0x2345B0x23a5S0x23a	CONST
0x233aS0x2345B0x23a5S0x23a	EQ
0x233bS0x2345B0x23a5S0x23a	CONST
0x2330S0x2345B0x23a5S0x23a	CONST
0x2334S0x2345B0x23a5S0x23a	CONST
0x2325S0x232fS0x2345B0x23a5S0x23a	CONST
0x2327S0x232fS0x2345B0x23a5S0x23a	ISZERO
0x2328S0x232fS0x2345B0x23a5S0x23a	ISZERO
0x2285S0x23e9S0x23a	CONST
0x2287S0x23e9S0x23a	CALLDATALOAD
0x228aS0x23e9S0x23a	CONST
0x228eS0x23e9S0x23a	CONST
0x227eS0x2284S0x23e9S0x23a	CONST
0x2279S0x2284S0x23e9S0x23a	EQ
0x227aS0x2284S0x23e9S0x23a	CONST
0x226fS0x2284S0x23e9S0x23a	CONST
0x2273S0x2284S0x23e9S0x23a	CONST
0x2261S0x226eS0x2284S0x23e9S0x23a	CONST
0x2262S0x226eS0x2284S0x23e9S0x23a	CONST
0x2267S0x226eS0x2284S0x23e9S0x23a	AND
0x221aS0x23b6S0x23a	CONST
0x221cS0x23b6S0x23a	CALLDATALOAD
0x221fS0x23b6S0x23a	CONST
0x2223S0x23b6S0x23a	CONST
0x2213S0x2219S0x23b6S0x23a	CONST
0x220eS0x2219S0x23b6S0x23a	EQ
0x220fS0x2219S0x23b6S0x23a	CONST
0x2204S0x2219S0x23b6S0x23a	CONST
0x2208S0x2219S0x23b6S0x23a	CONST
0x214aS0x2203S0x2219S0x23b6S0x23a	CONST
0x214bS0x2203S0x2219S0x23b6S0x23a	CONST
0x214fS0x2203S0x2219S0x23b6S0x23a	CONST
0x212bS0x2149S0x2203S0x2219S0x23b6S0x23a	CONST
0x212cS0x2149S0x2203S0x2219S0x23b6S0x23a	CONST
0x2142S0x2149S0x2203S0x2219S0x23b6S0x23a	AND
0x221aS0x23c7S0x23a	CONST
0x221cS0x23c7S0x23a	CALLDATALOAD
0x221fS0x23c7S0x23a	CONST
0x2223S0x23c7S0x23a	CONST
0x2213S0x2219S0x23c7S0x23a	CONST
0x220eS0x2219S0x23c7S0x23a	EQ
0x220fS0x2219S0x23c7S0x23a	CONST
0x2204S0x2219S0x23c7S0x23a	CONST
0x2208S0x2219S0x23c7S0x23a	CONST
0x214aS0x2203S0x2219S0x23c7S0x23a	CONST
0x214bS0x2203S0x2219S0x23c7S0x23a	CONST
0x214fS0x2203S0x2219S0x23c7S0x23a	CONST
0x212bS0x2149S0x2203S0x2219S0x23c7S0x23a	CONST
0x212cS0x2149S0x2203S0x2219S0x23c7S0x23a	CONST
0x2142S0x2149S0x2203S0x2219S0x23c7S0x23a	AND
0x221aS0x23d8S0x23a	CONST
0x221cS0x23d8S0x23a	CALLDATALOAD
0x221fS0x23d8S0x23a	CONST
0x2223S0x23d8S0x23a	CONST
0x2213S0x2219S0x23d8S0x23a	CONST
0x220eS0x2219S0x23d8S0x23a	EQ
0x220fS0x2219S0x23d8S0x23a	CONST
0x2204S0x2219S0x23d8S0x23a	CONST
0x2208S0x2219S0x23d8S0x23a	CONST
0x214aS0x2203S0x2219S0x23d8S0x23a	CONST
0x214bS0x2203S0x2219S0x23d8S0x23a	CONST
0x214fS0x2203S0x2219S0x23d8S0x23a	CONST
0x212bS0x2149S0x2203S0x2219S0x23d8S0x23a	CONST
0x212cS0x2149S0x2203S0x2219S0x23d8S0x23a	CONST
0x2142S0x2149S0x2203S0x2219S0x23d8S0x23a	AND
0x242bS0x26b	CONST
0x242cS0x26b	CONST
0x242fS0x26b	ADD
0x2432S0x26b	CONST
0x2435S0x26b	CONST
0x2437S0x26b	ADD
0x2439S0x26b	CONST
0x241cS0x26b	CONST
0x2420S0x26b	CONST
0x240bS0x241bS0x26b	CONST
0x240cS0x241bS0x26b	CONST
0x2410S0x241bS0x26b	CONST
0x21adS0x240aS0x241bS0x26b	CONST
0x21aeS0x240aS0x241bS0x26b	CONST
0x21b2S0x240aS0x241bS0x26b	CONST
0x21a1S0x21acS0x240aS0x241bS0x26b	CONST
0x219cS0x21acS0x240aS0x241bS0x26b	CONST
0x218cS0x21acS0x240aS0x241bS0x26b	CONST
0x218dS0x21acS0x240aS0x241bS0x26b	CONST
0x2190S0x21acS0x240aS0x241bS0x26b	CONST
0x2193S0x21acS0x240aS0x241bS0x26b	CONST
0x2197S0x21acS0x240aS0x241bS0x26b	CONST
0x212bS0x21a0S0x21acS0x240aS0x241bS0x26b	CONST
0x212cS0x21a0S0x21acS0x240aS0x241bS0x26b	CONST
0x2142S0x21a0S0x21acS0x240aS0x241bS0x26b	AND
0x2183S0x219bS0x21acS0x240aS0x241bS0x26b	CONST
0x212bS0x218bS0x21acS0x240aS0x241bS0x26b	CONST
0x212cS0x218bS0x21acS0x240aS0x241bS0x26b	CONST
0x2142S0x218bS0x21acS0x240aS0x241bS0x26b	AND
0x25c5S0x49f	CONST
0x25c6S0x49f	CONST
0x25caS0x49f	ADD
0x25cdS0x49f	CONST
0x25d0S0x49f	CONST
0x25d2S0x49f	ADD
0x25d4S0x49f	CONST
0x253bS0x25c4S0x49f	CONST
0x253eS0x25c4S0x49f	ADD
0x253fS0x25c4S0x49f	MLOAD
0x2540S0x25c4S0x49f	CONST
0x2543S0x25c4S0x49f	CONST
0x2546S0x25c4S0x49f	ADD
0x2548S0x25c4S0x49f	CONST
0x254eS0x25c4S0x49f	CONST
0x2551S0x25c4S0x49f	ADD
0x2552S0x25c4S0x49f	MLOAD
0x2553S0x25c4S0x49f	CONST
0x2556S0x25c4S0x49f	CONST
0x2559S0x25c4S0x49f	ADD
0x255bS0x25c4S0x49f	CONST
0x2561S0x25c4S0x49f	CONST
0x2564S0x25c4S0x49f	ADD
0x2565S0x25c4S0x49f	MLOAD
0x2566S0x25c4S0x49f	CONST
0x2569S0x25c4S0x49f	CONST
0x256cS0x25c4S0x49f	ADD
0x256eS0x25c4S0x49f	CONST
0x24f8S0x25c4S0x49f	CONST
0x24fcS0x25c4S0x49f	CONST
0x2574S0x25c4S0x49f	CONST
0x2577S0x25c4S0x49f	ADD
0x2578S0x25c4S0x49f	MLOAD
0x2579S0x25c4S0x49f	CONST
0x257cS0x25c4S0x49f	CONST
0x257fS0x25c4S0x49f	ADD
0x2581S0x25c4S0x49f	CONST
0x2587S0x25c4S0x49f	CONST
0x258aS0x25c4S0x49f	ADD
0x258bS0x25c4S0x49f	MLOAD
0x258cS0x25c4S0x49f	CONST
0x258fS0x25c4S0x49f	CONST
0x2592S0x25c4S0x49f	ADD
0x2594S0x25c4S0x49f	CONST
0x259aS0x25c4S0x49f	CONST
0x259dS0x25c4S0x49f	ADD
0x259eS0x25c4S0x49f	MLOAD
0x259fS0x25c4S0x49f	CONST
0x25a2S0x25c4S0x49f	CONST
0x25a5S0x25c4S0x49f	ADD
0x25a7S0x25c4S0x49f	CONST
0x25adS0x25c4S0x49f	CONST
0x25b0S0x25c4S0x49f	ADD
0x25b1S0x25c4S0x49f	MLOAD
0x25b2S0x25c4S0x49f	CONST
0x25b5S0x25c4S0x49f	CONST
0x25b8S0x25c4S0x49f	ADD
0x25baS0x25c4S0x49f	CONST
0x2516S0x25c4S0x49f	CONST
0x251aS0x25c4S0x49f	CONST
0x2525S0x25c4S0x49f	CONST
0x2529S0x25c4S0x49f	ADD
0x252aS0x25c4S0x49f	CONST
0x252cS0x25c4S0x49f	ADD
0x252dS0x25c4S0x49f	MLOAD
0x252eS0x25c4S0x49f	CONST
0x2531S0x25c4S0x49f	CONST
0x2533S0x25c4S0x49f	ADD
0x2535S0x25c4S0x49f	CONST
0x2261S0x24f7S0x25c4S0x49f	CONST
0x2262S0x24f7S0x25c4S0x49f	CONST
0x2267S0x24f7S0x25c4S0x49f	AND
0x212bS0x2515S0x25c4S0x49f	CONST
0x212cS0x2515S0x25c4S0x49f	CONST
0x2142S0x2515S0x25c4S0x49f	AND
0x2507S0x2572S0x25c4S0x49f	CONST
0x250bS0x2572S0x25c4S0x49f	CONST
0x222eS0x2506S0x2572S0x25c4S0x49f	CONST
0x2507S0x2585S0x25c4S0x49f	CONST
0x250bS0x2585S0x25c4S0x49f	CONST
0x222eS0x2506S0x2585S0x25c4S0x49f	CONST
0x2507S0x2598S0x25c4S0x49f	CONST
0x250bS0x2598S0x25c4S0x49f	CONST
0x222eS0x2506S0x2598S0x25c4S0x49f	CONST
0x24e9S0x2539S0x25c4S0x49f	CONST
0x24edS0x2539S0x25c4S0x49f	CONST
0x214aS0x24e8S0x2539S0x25c4S0x49f	CONST
0x214bS0x24e8S0x2539S0x25c4S0x49f	CONST
0x214fS0x24e8S0x2539S0x25c4S0x49f	CONST
0x212bS0x2149S0x24e8S0x2539S0x25c4S0x49f	CONST
0x212cS0x2149S0x24e8S0x2539S0x25c4S0x49f	CONST
0x2142S0x2149S0x24e8S0x2539S0x25c4S0x49f	AND
0x24e9S0x255fS0x25c4S0x49f	CONST
0x24edS0x255fS0x25c4S0x49f	CONST
0x214aS0x24e8S0x255fS0x25c4S0x49f	CONST
0x214bS0x24e8S0x255fS0x25c4S0x49f	CONST
0x214fS0x24e8S0x255fS0x25c4S0x49f	CONST
0x212bS0x2149S0x24e8S0x255fS0x25c4S0x49f	CONST
0x212cS0x2149S0x24e8S0x255fS0x25c4S0x49f	CONST
0x2142S0x2149S0x24e8S0x255fS0x25c4S0x49f	AND
0x24e9S0x2524S0x25c4S0x49f	CONST
0x24edS0x2524S0x25c4S0x49f	CONST
0x214aS0x24e8S0x2524S0x25c4S0x49f	CONST
0x214bS0x24e8S0x2524S0x25c4S0x49f	CONST
0x214fS0x24e8S0x2524S0x25c4S0x49f	CONST
0x212bS0x2149S0x24e8S0x2524S0x25c4S0x49f	CONST
0x212cS0x2149S0x24e8S0x2524S0x25c4S0x49f	CONST
0x2142S0x2149S0x24e8S0x2524S0x25c4S0x49f	AND
0x1a9	JUMP
0x1e9	JUMP
0x24f	JUMP
0x277	JUMP
0x597	JUMP
0x155	JUMP
0x17f	JUMP
0x225	JUMP
0x45f	JUMP
0x626	JUMP
0xb81	JUMP
0xe5d	JUMP
0x18d0	JUMP
0x3d0	JUMP
0x1da0	JUMP
0x6c5	JUMP
0x8bb	JUMP
0x8f2	JUMP
0x929	JUMP
0x960	JUMP
0x997	JUMP
0x19c5	JUMP
0x1aac	JUMP
0x1bc0	JUMP
0x1fb	JUMP
0x753	JUMP
0x410	JUMP
0x705	JUMP
0xbb8	JUMP
0x1dd8	JUMP
0x49e	JUMP
0x5d7	JUMP
0x665	JUMP
0x190f	JUMP
0x19fd	JUMP
0xaba	JUMP
0xc63	JUMP
0xd25	JUMP
0xe21	JUMP
0xfa3	JUMP
0xff1	JUMP
0x10b3	JUMP
0x1101	JUMP
0x118b	JUMP
0x1308	JUMP
0x1356	JUMP
0x1418	JUMP
0x1466	JUMP
0x14f0	JUMP
0x166d	JUMP
0x16bb	JUMP
0x177d	JUMP
0x17cb	JUMP
0x1855	JUMP
0x1afa	JUMP
0x1c0e	JUMP
0x1ed3	JUMP
0x1fe5	JUMP
0x20fa	JUMP
0xb34	JUMP
0xc15	JUMP
0xc9f	JUMP
0x102d	JUMP
0x1392	JUMP
0x16f7	JUMP
0x1b36	JUMP
0x1f0f	JUMP
0xcd7	JUMP
0xd98	JUMP
0xdd3	JUMP
0xe9d	JUMP
0xf55	JUMP
0x1065	JUMP
0x11c3	JUMP
0x1202	JUMP
0x12ba	JUMP
0x13ca	JUMP
0x1528	JUMP
0x1567	JUMP
0x161f	JUMP
0x172f	JUMP
0x188d	JUMP
0x1940	JUMP
0x197e	JUMP
0x1a5a	JUMP
0x1b6e	JUMP
0x1c9c	JUMP
0x1cd4	JUMP
0x1d0b	JUMP
0x1d49	JUMP
0x1e35	JUMP
0x1e85	JUMP
0x1f97	JUMP
0x2072	JUMP
0x1f47	JUMP
0x20aa	JUMP
0x7c5	JUMP
0x83f	JUMP
0xa6c	JUMP
0xbdb	JUMP
0xf1b	JUMP
0x1280	JUMP
0x15e5	JUMP
0x1a20	JUMP
0x1dfb	JUMP
0xd5f	JUMP
0x113b	JUMP
0x14a0	JUMP
0x1805	JUMP
0x1c48	JUMP
0x201f	JUMP
0xbc7	JUMP
0xf07	JUMP
0x126c	JUMP
0x15d1	JUMP
0x1a0c	JUMP
0x1de7	JUMP
0x1c6	JUMP
0xe9c6	CALLPRIVATE
0xe9ca	CALLPRIVATE
0xe9cd	CALLPRIVATE
0xe9d0	CALLPRIVATE
0xe9d3	CALLPRIVATE
0xe9d6	CALLPRIVATE
0xe9d9	CALLPRIVATE
0xe9dc	CALLPRIVATE
0xe9df	CALLPRIVATE
0x4c	JUMP
0x7d	JUMP
0x148	JUMP
0x172	JUMP
0x19c	JUMP
0x218	JUMP
0x254	JUMP
0x26a	JUMP
0x298	JUMP
0x2b0	JUMP
0x2c8	JUMP
0x7ff	JUMP
0x871	JUMP
0xbe6	JUMP
0xf26	JUMP
0x128b	JUMP
0x15f0	JUMP
0x1a2b	JUMP
0x1d19	JUMP
0x1e06	JUMP
0x2111	JUMP
0x2129	JUMP
0xc	JUMPI
0x1c	JUMPI
0x83	JUMPI
0xd2	JUMPI
0x12b	JUMPI
0x13c	JUMPI
0x166	JUMPI
0x190	JUMPI
0x1ba	JUMPI
0x1d0	JUMPI
0x20c	JUMPI
0x236	JUMPI
0x25e	JUMPI
0x3e5	JUMPI
0x473	JUMPI
0x5ac	JUMPI
0x63a	JUMPI
0x6da	JUMPI
0x767	JUMPI
0x775	JUMPI
0x78d	JUMPI
0x7df	JUMPI
0x80e	JUMPI
0x9d4	JUMPI
0xa0a	JUMPI
0xa40	JUMPI
0xb98	JUMPI
0xbc0	JUMPI
0xbd3	JUMPI
0xbe1	JUMPI
0xda7	JUMPI
0xe6e	JUMPI
0xee7	JUMPI
0xef8	JUMPI
0xf00	JUMPI
0xf13	JUMPI
0xf21	JUMPI
0x11d3	JUMPI
0x124c	JUMPI
0x125d	JUMPI
0x1265	JUMPI
0x1278	JUMPI
0x1286	JUMPI
0x1538	JUMPI
0x15b1	JUMPI
0x15c2	JUMPI
0x15ca	JUMPI
0x15dd	JUMPI
0x15eb	JUMPI
0x18e4	JUMPI
0x194f	JUMPI
0x19dd	JUMPI
0x1a05	JUMPI
0x1a18	JUMPI
0x1a26	JUMPI
0x1db8	JUMPI
0x1de0	JUMPI
0x1df3	JUMPI
0x1e01	JUMPI
0xe9b6	JUMPI
0xe9b8	JUMPI
0xe9ba	JUMPI
0xe9bc	JUMPI
0xe9be	JUMPI
0xe9c0	JUMPI
0xe9c2	JUMPI
0xe9c4	JUMPI
0x859	RETURNPRIVATE
0x8fb	LOG1
0x932	LOG1
0x969	LOG1
0x9a0	LOG1
0xa75	LOG1
0xb3d	LOG1
0xc1e	LOG1
0xce0	LOG1
0xda1	LOG1
0xddc	LOG1
0xea6	LOG1
0xf5e	LOG1
0x106e	LOG1
0x11cc	LOG1
0x120b	LOG1
0x12c3	LOG1
0x13d3	LOG1
0x1531	LOG1
0x1570	LOG1
0x1628	LOG1
0x1738	LOG1
0x1896	LOG1
0x1949	LOG1
0x1987	LOG1
0x1a63	LOG1
0x1b77	LOG1
0x1cdd	LOG1
0x1d14	LOG1
0x1d52	LOG1
0x1e3e	LOG1
0x1f50	LOG1
0x20b3	LOG1
0x8c4	LOG2
0xac3	LOG2
0xc6c	LOG2
0xd2e	LOG2
0xe2a	LOG2
0xfac	LOG2
0xffa	LOG2
0x10bc	LOG2
0x110a	LOG2
0x1194	LOG2
0x1311	LOG2
0x135f	LOG2
0x1421	LOG2
0x146f	LOG2
0x14f9	LOG2
0x1676	LOG2
0x16c4	LOG2
0x1786	LOG2
0x17d4	LOG2
0x185e	LOG2
0x1ab5	LOG2
0x1b03	LOG2
0x1bc9	LOG2
0x1c17	LOG2
0x1ca5	LOG2
0x1e8e	LOG2
0x1edc	LOG2
0x1fa0	LOG2
0x1fee	LOG2
0x207b	LOG2
0x2103	LOG2
0xdb	STOP
0x134	STOP
0x1c8	STOP
0x256	STOP
0x15e	RETURN
0x188	RETURN
0x1b2	RETURN
0x204	RETURN
0x22e	RETURN
0x280	RETURN
0xd9	REVERT
0x132	REVERT
0x13f	REVERT
0x169	REVERT
0x193	REVERT
0x1bd	REVERT
0x1d3	REVERT
0x20f	REVERT
0x239	REVERT
0x261	REVERT
0x3ec	REVERT
0x47a	REVERT
0x5b3	REVERT
0x641	REVERT
0x6e1	REVERT
0x76a	REVERT
0x77c	REVERT
0x848	REVERT
0xaf4	REVERT
0xca8	REVERT
0xd68	REVERT
0xe66	REVERT
0xeea	REVERT
0x1036	REVERT
0x1144	REVERT
0x124f	REVERT
0x139b	REVERT
0x14a9	REVERT
0x15b4	REVERT
0x1700	REVERT
0x180e	REVERT
0x18eb	REVERT
0x1b3f	REVERT
0x1c51	REVERT
0x1f18	REVERT
0x2028	REVERT
0x3c3	MSTORE
0x403	MSTORE
0x453	MSTORE
0x491	MSTORE
0x4dc	MSTORE
0x4f6	MSTORE
0x526	MSTORE
0x531	MSTORE
0x54d	MSTORE
0x553	MSTORE
0x559	MSTORE
0x55f	MSTORE
0x57b	MSTORE
0x58b	MSTORE
0x5ca	MSTORE
0x61a	MSTORE
0x658	MSTORE
0x6b8	MSTORE
0x6f8	MSTORE
0x747	MSTORE
0x7f1	MSTORE
0x7f4	MSTORE
0x834	MSTORE
0xae9	MSTORE
0xb75	MSTORE
0xbab	MSTORE
0xc93	MSTORE
0xd54	MSTORE
0xe51	MSTORE
0xed1	MSTORE
0x1021	MSTORE
0x1130	MSTORE
0x1236	MSTORE
0x1386	MSTORE
0x1495	MSTORE
0x159b	MSTORE
0x16eb	MSTORE
0x17fa	MSTORE
0x18c4	MSTORE
0x1902	MSTORE
0x19b6	MSTORE
0x19f0	MSTORE
0x1b2a	MSTORE
0x1c3d	MSTORE
0x1d93	MSTORE
0x1dcb	MSTORE
0x1f03	MSTORE
0x2014	MSTORE
0xd6	RETURNDATACOPY
0x12f	RETURNDATACOPY
0x3e9	RETURNDATACOPY
0x477	RETURNDATACOPY
0x5b0	RETURNDATACOPY
0x63e	RETURNDATACOPY
0x6de	RETURNDATACOPY
0x779	RETURNDATACOPY
0x7fb	RETURNDATACOPY
0x18e8	RETURNDATACOPY
0x2b1eS0xbc1	JUMP
0x2b15S0xbc1	RETURNDATACOPY
0x2b10S0xbc1	JUMPI
0x2b24S0xbc1	JUMP
0x2b05S0xbc1	JUMP
0x2b1eS0xf01	JUMP
0x2b15S0xf01	RETURNDATACOPY
0x2b10S0xf01	JUMPI
0x2b24S0xf01	JUMP
0x2b05S0xf01	JUMP
0x2b1eS0x1266	JUMP
0x2b15S0x1266	RETURNDATACOPY
0x2b10S0x1266	JUMPI
0x2b24S0x1266	JUMP
0x2b05S0x1266	JUMP
0x2b1eS0x15cb	JUMP
0x2b15S0x15cb	RETURNDATACOPY
0x2b10S0x15cb	JUMPI
0x2b24S0x15cb	JUMP
0x2b05S0x15cb	JUMP
0x2b1eS0x1a06	JUMP
0x2b15S0x1a06	RETURNDATACOPY
0x2b10S0x1a06	JUMPI
0x2b24S0x1a06	JUMP
0x2b05S0x1a06	JUMP
0x2b1eS0x1de1	JUMP
0x2b15S0x1de1	RETURNDATACOPY
0x2b10S0x1de1	JUMPI
0x2b24S0x1de1	JUMP
0x2b05S0x1de1	JUMP
0x32bS0x1be	JUMPI
0x332S0x1be	REVERT
0x32fS0x1be	RETURNDATACOPY
0x37bS0x1be	REVERT
0x378S0x1be	RETURNDATACOPY
0x2dcS0x1be	JUMPI
0x374S0x1be	JUMPI
0x338S0x1be	JUMP
0x380S0x1be	JUMP
0x26d4S0x78e	JUMP
0x26c0S0x78e	JUMP
0x26a7S0x78e	JUMP
0x26caS0x78e	JUMP
0x26deS0x78e	JUMP
0x26b5S0x78e	JUMP
0x26aaS0x26b6S0x78e	JUMP
0x274fS0x80f	JUMP
0x2747S0x80f	MSTORE
0x272dS0x80f	JUMP
0x2738S0x80f	JUMP
0x2716S0x80f	JUMP
0x2714S0x80f	MSTORE
0x2756S0x80f	JUMP
0x2722S0x80f	JUMP
0x26eeS0x2717S0x80f	JUMP
0x26e3S0x2717S0x80f	MSTORE
0x2a0eS0xa41	JUMP
0x2a06S0xa41	MSTORE
0x29a2S0xa41	JUMP
0x29adS0xa41	JUMP
0x298bS0xa41	JUMP
0x2989S0xa41	MSTORE
0x29ecS0xa41	JUMP
0x29f7S0xa41	JUMP
0x29d5S0xa41	JUMP
0x29d3S0xa41	MSTORE
0x2a21S0xa41	JUMP
0x2a19S0xa41	MSTORE
0x2997S0xa41	JUMP
0x2a28S0xa41	JUMP
0x29e1S0xa41	JUMP
0x26eeS0x298cS0xa41	JUMP
0x26e3S0x298cS0xa41	MSTORE
0x26eeS0x29d6S0xa41	JUMP
0x26e3S0x29d6S0xa41	MSTORE
0x2e04S0xd26	JUMP
0x2dfcS0xd26	MSTORE
0x2de2S0xd26	JUMP
0x2dedS0xd26	JUMP
0x2dcbS0xd26	JUMP
0x2dc9S0xd26	MSTORE
0x2e0bS0xd26	JUMP
0x2dd7S0xd26	JUMP
0x26eeS0x2dccS0xd26	JUMP
0x26e3S0x2dccS0xd26	MSTORE
0x3037S0x1102	JUMP
0x302fS0x1102	MSTORE
0x3015S0x1102	JUMP
0x3020S0x1102	JUMP
0x2ffeS0x1102	JUMP
0x2ffcS0x1102	MSTORE
0x303eS0x1102	JUMP
0x300aS0x1102	JUMP
0x26eeS0x2fffS0x1102	JUMP
0x26e3S0x2fffS0x1102	MSTORE
0x3215S0x1467	JUMP
0x320dS0x1467	MSTORE
0x31f3S0x1467	JUMP
0x31feS0x1467	JUMP
0x31dcS0x1467	JUMP
0x31b4S0x1467	MSTORE
0x31daS0x1467	MSTORE
0x321cS0x1467	JUMP
0x31e8S0x1467	JUMP
0x26eeS0x31ddS0x1467	JUMP
0x26e3S0x31ddS0x1467	MSTORE
0x33f3S0x17cc	JUMP
0x33ebS0x17cc	MSTORE
0x33d1S0x17cc	JUMP
0x33dcS0x17cc	JUMP
0x33baS0x17cc	JUMP
0x3392S0x17cc	MSTORE
0x33b8S0x17cc	MSTORE
0x33faS0x17cc	JUMP
0x33c6S0x17cc	JUMP
0x26eeS0x33bbS0x17cc	JUMP
0x26e3S0x33bbS0x17cc	MSTORE
0x36a8S0x1c0f	JUMP
0x36a0S0x1c0f	MSTORE
0x3686S0x1c0f	JUMP
0x3691S0x1c0f	JUMP
0x366fS0x1c0f	JUMP
0x366dS0x1c0f	MSTORE
0x36afS0x1c0f	JUMP
0x367bS0x1c0f	JUMP
0x26eeS0x3670S0x1c0f	JUMP
0x26e3S0x3670S0x1c0f	MSTORE
0x3958S0x1fe6	JUMP
0x3950S0x1fe6	MSTORE
0x3936S0x1fe6	JUMP
0x3941S0x1fe6	JUMP
0x391fS0x1fe6	JUMP
0x38f7S0x1fe6	MSTORE
0x391dS0x1fe6	MSTORE
0x395fS0x1fe6	JUMP
0x392bS0x1fe6	JUMP
0x26eeS0x3920S0x1fe6	JUMP
0x26e3S0x3920S0x1fe6	MSTORE
0x2b88S0xbd4	JUMP
0x2ba3S0xbd4	JUMP
0x2b9cS0xbd4	JUMPI
0x2b81S0xbd4	JUMPI
0x2b92S0xbd4	JUMP
0x2b8eS0xbd4	MSTORE
0x2b61S0xbd4	REVERT
0x2b58S0xbd4	MSTORE
0x2b5dS0xbd4	MSTORE
0xe94eS0xbd4	JUMP
0x2bc5S0xbd4	JUMPI
0x2bacS0xbd4	RETURNDATACOPY
0x21feS0xbd4	JUMP
0x2be1S0xbd4	JUMPI
0xe970S0xbd4	JUMP
0x2bfdS0xbd4	JUMPI
0xe992S0xbd4	JUMP
0x2c15S0xbd4	JUMP
0xe9b4S0xbd4	JUMP
0x2b6aS0xbd4	JUMP
0x2bcbS0xbd4	JUMP
0x2be9S0xbd4	JUMP
0x2c06S0xbd4	JUMP
0x2c21S0xbd4	JUMP
0x2b34S0x2b62S0xbd4	JUMP
0x2b88S0xf14	JUMP
0x2ba3S0xf14	JUMP
0x2b9cS0xf14	JUMPI
0x2b81S0xf14	JUMPI
0x2b92S0xf14	JUMP
0x2b8eS0xf14	MSTORE
0x2b61S0xf14	REVERT
0x2b58S0xf14	MSTORE
0x2b5dS0xf14	MSTORE
0xe94eS0xf14	JUMP
0x2bc5S0xf14	JUMPI
0x2bacS0xf14	RETURNDATACOPY
0x21feS0xf14	JUMP
0x2be1S0xf14	JUMPI
0xe970S0xf14	JUMP
0x2bfdS0xf14	JUMPI
0xe992S0xf14	JUMP
0x2c15S0xf14	JUMP
0xe9b4S0xf14	JUMP
0x2b6aS0xf14	JUMP
0x2bcbS0xf14	JUMP
0x2be9S0xf14	JUMP
0x2c06S0xf14	JUMP
0x2c21S0xf14	JUMP
0x2b34S0x2b62S0xf14	JUMP
0x2b88S0x1279	JUMP
0x2ba3S0x1279	JUMP
0x2b9cS0x1279	JUMPI
0x2b81S0x1279	JUMPI
0x2b92S0x1279	JUMP
0x2b8eS0x1279	MSTORE
0x2b61S0x1279	REVERT
0x2b58S0x1279	MSTORE
0x2b5dS0x1279	MSTORE
0xe94eS0x1279	JUMP
0x2bc5S0x1279	JUMPI
0x2bacS0x1279	RETURNDATACOPY
0x21feS0x1279	JUMP
0x2be1S0x1279	JUMPI
0xe970S0x1279	JUMP
0x2bfdS0x1279	JUMPI
0xe992S0x1279	JUMP
0x2c15S0x1279	JUMP
0xe9b4S0x1279	JUMP
0x2b6aS0x1279	JUMP
0x2bcbS0x1279	JUMP
0x2be9S0x1279	JUMP
0x2c06S0x1279	JUMP
0x2c21S0x1279	JUMP
0x2b34S0x2b62S0x1279	JUMP
0x2b88S0x15de	JUMP
0x2ba3S0x15de	JUMP
0x2b9cS0x15de	JUMPI
0x2b81S0x15de	JUMPI
0x2b92S0x15de	JUMP
0x2b8eS0x15de	MSTORE
0x2b61S0x15de	REVERT
0x2b58S0x15de	MSTORE
0x2b5dS0x15de	MSTORE
0xe94eS0x15de	JUMP
0x2bc5S0x15de	JUMPI
0x2bacS0x15de	RETURNDATACOPY
0x21feS0x15de	JUMP
0x2be1S0x15de	JUMPI
0xe970S0x15de	JUMP
0x2bfdS0x15de	JUMPI
0xe992S0x15de	JUMP
0x2c15S0x15de	JUMP
0xe9b4S0x15de	JUMP
0x2b6aS0x15de	JUMP
0x2bcbS0x15de	JUMP
0x2be9S0x15de	JUMP
0x2c06S0x15de	JUMP
0x2c21S0x15de	JUMP
0x2b34S0x2b62S0x15de	JUMP
0x2b88S0x1a19	JUMP
0x2ba3S0x1a19	JUMP
0x2b9cS0x1a19	JUMPI
0x2b81S0x1a19	JUMPI
0x2b92S0x1a19	JUMP
0x2b8eS0x1a19	MSTORE
0x2b61S0x1a19	REVERT
0x2b58S0x1a19	MSTORE
0x2b5dS0x1a19	MSTORE
0xe94eS0x1a19	JUMP
0x2bc5S0x1a19	JUMPI
0x2bacS0x1a19	RETURNDATACOPY
0x21feS0x1a19	JUMP
0x2be1S0x1a19	JUMPI
0xe970S0x1a19	JUMP
0x2bfdS0x1a19	JUMPI
0xe992S0x1a19	JUMP
0x2c15S0x1a19	JUMP
0xe9b4S0x1a19	JUMP
0x2b6aS0x1a19	JUMP
0x2bcbS0x1a19	JUMP
0x2be9S0x1a19	JUMP
0x2c06S0x1a19	JUMP
0x2c21S0x1a19	JUMP
0x2b34S0x2b62S0x1a19	JUMP
0x2b88S0x1df4	JUMP
0x2ba3S0x1df4	JUMP
0x2b9cS0x1df4	JUMPI
0x2b81S0x1df4	JUMPI
0x2b92S0x1df4	JUMP
0x2b8eS0x1df4	MSTORE
0x2b61S0x1df4	REVERT
0x2b58S0x1df4	MSTORE
0x2b5dS0x1df4	MSTORE
0xe94eS0x1df4	JUMP
0x2bc5S0x1df4	JUMPI
0x2bacS0x1df4	RETURNDATACOPY
0x21feS0x1df4	JUMP
0x2be1S0x1df4	JUMPI
0xe970S0x1df4	JUMP
0x2bfdS0x1df4	JUMPI
0xe992S0x1df4	JUMP
0x2c15S0x1df4	JUMP
0xe9b4S0x1df4	JUMP
0x2b6aS0x1df4	JUMP
0x2bcbS0x1df4	JUMP
0x2be9S0x1df4	JUMP
0x2c06S0x1df4	JUMP
0x2c21S0x1df4	JUMP
0x2b34S0x2b62S0x1df4	JUMP
0x2e98S0xda8	JUMP
0x2e90S0xda8	MSTORE
0x2e76S0xda8	JUMP
0x2e81S0xda8	JUMP
0x2e5fS0xda8	JUMP
0x2e5dS0xda8	MSTORE
0x2eabS0xda8	JUMP
0x2ea3S0xda8	MSTORE
0x2eb2S0xda8	JUMP
0x2e6bS0xda8	JUMP
0x26eeS0x2e60S0xda8	JUMP
0x26e3S0x2e60S0xda8	MSTORE
0x2c60S0x2e82S0xda8	JUMP
0x2c6bS0x2e82S0xda8	JUMP
0x2c49S0x2e82S0xda8	JUMP
0x2c47S0x2e82S0xda8	MSTORE
0x2c55S0x2e82S0xda8	JUMP
0x26eeS0x2c4aS0x2e82S0xda8	JUMP
0x26e3S0x2c4aS0x2e82S0xda8	MSTORE
0x2f13S0xe6f	JUMP
0x2f0bS0xe6f	MSTORE
0x2ef1S0xe6f	JUMP
0x2efcS0xe6f	JUMP
0x2edaS0xe6f	JUMP
0x2ed8S0xe6f	MSTORE
0x2f22S0xe6f	JUMP
0x2ee6S0xe6f	JUMP
0x2f28S0xe6f	JUMP
0x26eeS0x2edbS0xe6f	JUMP
0x26e3S0x2edbS0xe6f	MSTORE
0x2a37S0x2f14S0xe6f	JUMP
0x2a34S0x2f14S0xe6f	MSTORE
0x2a31S0x2f14S0xe6f	JUMP
0x232eS0x2a29S0x2f14S0xe6f	JUMP
0x30cbS0x11d4	JUMP
0x30c3S0x11d4	MSTORE
0x30a9S0x11d4	JUMP
0x30b4S0x11d4	JUMP
0x3092S0x11d4	JUMP
0x3090S0x11d4	MSTORE
0x30daS0x11d4	JUMP
0x309eS0x11d4	JUMP
0x30e0S0x11d4	JUMP
0x26eeS0x3093S0x11d4	JUMP
0x26e3S0x3093S0x11d4	MSTORE
0x2a37S0x30ccS0x11d4	JUMP
0x2a34S0x30ccS0x11d4	MSTORE
0x2a31S0x30ccS0x11d4	JUMP
0x232eS0x2a29S0x30ccS0x11d4	JUMP
0x32a9S0x1539	JUMP
0x32a1S0x1539	MSTORE
0x3287S0x1539	JUMP
0x3292S0x1539	JUMP
0x3270S0x1539	JUMP
0x326eS0x1539	MSTORE
0x32b8S0x1539	JUMP
0x327cS0x1539	JUMP
0x32beS0x1539	JUMP
0x26eeS0x3271S0x1539	JUMP
0x26e3S0x3271S0x1539	MSTORE
0x2a37S0x32aaS0x1539	JUMP
0x2a34S0x32aaS0x1539	MSTORE
0x2a31S0x32aaS0x1539	JUMP
0x232eS0x2a29S0x32aaS0x1539	JUMP
0x34fdS0x1950	JUMP
0x34f5S0x1950	MSTORE
0x34dbS0x1950	JUMP
0x34e6S0x1950	JUMP
0x34c4S0x1950	JUMP
0x34c2S0x1950	MSTORE
0x350cS0x1950	JUMP
0x34d0S0x1950	JUMP
0x3512S0x1950	JUMP
0x26eeS0x34c5S0x1950	JUMP
0x26e3S0x34c5S0x1950	MSTORE
0x2a37S0x34feS0x1950	JUMP
0x2a34S0x34feS0x1950	MSTORE
0x2a31S0x34feS0x1950	JUMP
0x232eS0x2a29S0x34feS0x1950	JUMP
0x231dS0x1ef	JUMP
0x2323S0x1ef	JUMP
0x230aS0x230bS0x1ef	JUMP
0x2307S0x230bS0x1ef	MSTORE
0x2304S0x230bS0x1ef	JUMP
0x2235S0x22fcS0x230bS0x1ef	JUMP
0x2491S0x3ed	JUMP
0x248aS0x3ed	JUMPI
0x249fS0x3ed	JUMP
0x73dbS0x3ed	REVERT
0x24a8S0x3ed	JUMP
0x2477S0x2493S0x3ed	JUMP
0x247dS0x2493S0x3ed	JUMP
0x2341S0x246aB0x2493S0x3ed	REVERT
0x233eS0x246aB0x2493S0x3ed	JUMPI
0x2344S0x246aB0x2493S0x3ed	JUMP
0x2337S0x246aB0x2493S0x3ed	JUMP
0x232eS0x232fS0x246aB0x2493S0x3ed	JUMP
0x24d0S0x47b	JUMP
0x24c9S0x47b	JUMPI
0x24deS0x47b	JUMP
0x73feS0x47b	REVERT
0x24e7S0x47b	JUMP
0x24b6S0x24d2S0x47b	JUMP
0x24bcS0x24d2S0x47b	JUMP
0x2248S0x24a9B0x24d2S0x47b	REVERT
0x2245S0x24a9B0x24d2S0x47b	JUMPI
0x224bS0x24a9B0x24d2S0x47b	JUMP
0x223eS0x24a9B0x24d2S0x47b	JUMP
0x2235S0x2236S0x24a9B0x24d2S0x47b	JUMP
0x24d0S0x5b4	JUMP
0x24c9S0x5b4	JUMPI
0x24deS0x5b4	JUMP
0x73feS0x5b4	REVERT
0x24e7S0x5b4	JUMP
0x24b6S0x24d2S0x5b4	JUMP
0x24bcS0x24d2S0x5b4	JUMP
0x2248S0x24a9B0x24d2S0x5b4	REVERT
0x2245S0x24a9B0x24d2S0x5b4	JUMPI
0x224bS0x24a9B0x24d2S0x5b4	JUMP
0x223eS0x24a9B0x24d2S0x5b4	JUMP
0x2235S0x2236S0x24a9B0x24d2S0x5b4	JUMP
0x24d0S0x642	JUMP
0x24c9S0x642	JUMPI
0x24deS0x642	JUMP
0x73feS0x642	REVERT
0x24e7S0x642	JUMP
0x24b6S0x24d2S0x642	JUMP
0x24bcS0x24d2S0x642	JUMP
0x2248S0x24a9B0x24d2S0x642	REVERT
0x2245S0x24a9B0x24d2S0x642	JUMPI
0x224bS0x24a9B0x24d2S0x642	JUMP
0x223eS0x24a9B0x24d2S0x642	JUMP
0x2235S0x2236S0x24a9B0x24d2S0x642	JUMP
0x2491S0x6e2	JUMP
0x248aS0x6e2	JUMPI
0x249fS0x6e2	JUMP
0x73dbS0x6e2	REVERT
0x24a8S0x6e2	JUMP
0x2477S0x2493S0x6e2	JUMP
0x247dS0x2493S0x6e2	JUMP
0x2341S0x246aB0x2493S0x6e2	REVERT
0x233eS0x246aB0x2493S0x6e2	JUMPI
0x2344S0x246aB0x2493S0x6e2	JUMP
0x2337S0x246aB0x2493S0x6e2	JUMP
0x232eS0x232fS0x246aB0x2493S0x6e2	JUMP
0x231dS0x706	JUMP
0x2323S0x706	JUMP
0x230aS0x230bS0x706	JUMP
0x2307S0x230bS0x706	MSTORE
0x2304S0x230bS0x706	JUMP
0x2235S0x22fcS0x230bS0x706	JUMP
0x2a4aS0xa6d	JUMP
0x2a50S0xa6d	JUMP
0x2a37S0x2a38S0xa6d	JUMP
0x2a34S0x2a38S0xa6d	MSTORE
0x2a31S0x2a38S0xa6d	JUMP
0x232eS0x2a29S0x2a38S0xa6d	JUMP
0x2ae4S0xb04	JUMP
0x2adcS0xb04	MSTORE
0x2ac2S0xb04	JUMP
0x2acdS0xb04	JUMP
0x2aabS0xb04	JUMP
0x2aa9S0xb04	MSTORE
0x2af3S0xb04	JUMP
0x2ab7S0xb04	JUMP
0x2af9S0xb04	JUMP
0x26eeS0x2aacS0xb04	JUMP
0x26e3S0x2aacS0xb04	MSTORE
0x230aS0x2ae5S0xb04	JUMP
0x2307S0x2ae5S0xb04	MSTORE
0x2304S0x2ae5S0xb04	JUMP
0x2235S0x22fcS0x2ae5S0xb04	JUMP
0x2e22S0xd69	JUMP
0x2e1aS0xd69	MSTORE
0x2e31S0xd69	JUMP
0x2e37S0xd69	JUMP
0x2c60S0x2e0cS0xd69	JUMP
0x2c6bS0x2e0cS0xd69	JUMP
0x2c49S0x2e0cS0xd69	JUMP
0x2c47S0x2e0cS0xd69	MSTORE
0x2c55S0x2e0cS0xd69	JUMP
0x26eeS0x2c4aS0x2e0cS0xd69	JUMP
0x26e3S0x2c4aS0x2e0cS0xd69	MSTORE
0x2a37S0x2e23S0xd69	JUMP
0x2a34S0x2e23S0xd69	MSTORE
0x2a31S0x2e23S0xd69	JUMP
0x232eS0x2a29S0x2e23S0xd69	JUMP
0x2cecS0xbe7	JUMP
0x2ce4S0xbe7	MSTORE
0x2d00S0xbe7	JUMP
0x2cf7S0xbe7	MSTORE
0x2d08S0xbe7	JUMP
0x2c60S0x2cd6S0xbe7	JUMP
0x2c6bS0x2cd6S0xbe7	JUMP
0x2c49S0x2cd6S0xbe7	JUMP
0x2c47S0x2cd6S0xbe7	MSTORE
0x2c55S0x2cd6S0xbe7	JUMP
0x26eeS0x2c4aS0x2cd6S0xbe7	JUMP
0x26e3S0x2c4aS0x2cd6S0xbe7	MSTORE
0x2c9dS0x2cedS0xbe7	JUMP
0x2c98S0x2cedS0xbe7	MSTORE
0x2c80S0x2cedS0xbe7	JUMPI
0x2cb1S0x2cedS0xbe7	JUMP
0x2c75S0x2cedS0xbe7	JUMP
0x2cc1S0x2cedS0xbe7	JUMP
0x2ccaS0x2cedS0xbe7	JUMP
0x2cd5S0x2cedS0xbe7	JUMP
0x2ca7S0x2cedS0xbe7	JUMP
0x2c92S0x2cedS0xbe7	JUMP
0x2c88S0x2cedS0xbe7	MSTORE
0x26eeS0x2ca8S0x2cedS0xbe7	JUMP
0x26e3S0x2ca8S0x2cedS0xbe7	MSTORE
0x2b34S0x2cc2S0x2cedS0xbe7	JUMP
0x2d89S0xcab	JUMP
0x2d81S0xcab	MSTORE
0x2d9cS0xcab	JUMP
0x2d94S0xcab	MSTORE
0x2da3S0xcab	JUMP
0x2c60S0x2d73S0xcab	JUMP
0x2c6bS0x2d73S0xcab	JUMP
0x2c49S0x2d73S0xcab	JUMP
0x2c47S0x2d73S0xcab	MSTORE
0x2c55S0x2d73S0xcab	JUMP
0x26eeS0x2c4aS0x2d73S0xcab	JUMP
0x26e3S0x2c4aS0x2d73S0xcab	MSTORE
0x2d67S0x2d8aS0xcab	JUMP
0x2d72S0x2d8aS0xcab	JUMP
0x2d50S0x2d8aS0xcab	JUMP
0x2d4eS0x2d8aS0xcab	MSTORE
0x2d5cS0x2d8aS0xcab	JUMP
0x26eeS0x2d51S0x2d8aS0xcab	JUMP
0x26e3S0x2d51S0x2d8aS0xcab	MSTORE
0x2a4aS0xc16	JUMP
0x2a50S0xc16	JUMP
0x2a37S0x2a38S0xc16	JUMP
0x2a34S0x2a38S0xc16	MSTORE
0x2a31S0x2a38S0xc16	JUMP
0x232eS0x2a29S0x2a38S0xc16	JUMP
0x2d20S0xc64	JUMP
0x2d17S0xc64	MSTORE
0x2d28S0xc64	JUMP
0x2c9dS0x2d09S0xc64	JUMP
0x2c98S0x2d09S0xc64	MSTORE
0x2c80S0x2d09S0xc64	JUMPI
0x2cb1S0x2d09S0xc64	JUMP
0x2c75S0x2d09S0xc64	JUMP
0x2cc1S0x2d09S0xc64	JUMP
0x2ccaS0x2d09S0xc64	JUMP
0x2cd5S0x2d09S0xc64	JUMP
0x2ca7S0x2d09S0xc64	JUMP
0x2c92S0x2d09S0xc64	JUMP
0x2c88S0x2d09S0xc64	MSTORE
0x26eeS0x2ca8S0x2d09S0xc64	JUMP
0x26e3S0x2ca8S0x2d09S0xc64	MSTORE
0x2b34S0x2cc2S0x2d09S0xc64	JUMP
0x2a4aS0xcd8	JUMP
0x2a50S0xcd8	JUMP
0x2a37S0x2a38S0xcd8	JUMP
0x2a34S0x2a38S0xcd8	MSTORE
0x2a31S0x2a38S0xcd8	JUMP
0x232eS0x2a29S0x2a38S0xcd8	JUMP
0x2a4aS0xdd4	JUMP
0x2a50S0xdd4	JUMP
0x2a37S0x2a38S0xdd4	JUMP
0x2a34S0x2a38S0xdd4	MSTORE
0x2a31S0x2a38S0xdd4	JUMP
0x232eS0x2a29S0x2a38S0xdd4	JUMP
0x2a4aS0x1145	JUMP
0x2a50S0x1145	JUMP
0x2a37S0x2a38S0x1145	JUMP
0x2a34S0x2a38S0x1145	MSTORE
0x2a31S0x2a38S0x1145	JUMP
0x232eS0x2a29S0x2a38S0x1145	JUMP
0x2f89S0xf27	JUMP
0x2f81S0xf27	MSTORE
0x2f9dS0xf27	JUMP
0x2f94S0xf27	MSTORE
0x2fa5S0xf27	JUMP
0x2f67S0x2f73S0xf27	JUMP
0x2f72S0x2f73S0xf27	JUMP
0x2f50S0x2f73S0xf27	JUMP
0x2f4eS0x2f73S0xf27	MSTORE
0x2f5cS0x2f73S0xf27	JUMP
0x26eeS0x2f51S0x2f73S0xf27	JUMP
0x26e3S0x2f51S0x2f73S0xf27	MSTORE
0x2c9dS0x2f8aS0xf27	JUMP
0x2c98S0x2f8aS0xf27	MSTORE
0x2c80S0x2f8aS0xf27	JUMPI
0x2cb1S0x2f8aS0xf27	JUMP
0x2c75S0x2f8aS0xf27	JUMP
0x2cc1S0x2f8aS0xf27	JUMP
0x2ccaS0x2f8aS0xf27	JUMP
0x2cd5S0x2f8aS0xf27	JUMP
0x2ca7S0x2f8aS0xf27	JUMP
0x2c92S0x2f8aS0xf27	JUMP
0x2c88S0x2f8aS0xf27	MSTORE
0x26eeS0x2ca8S0x2f8aS0xf27	JUMP
0x26e3S0x2ca8S0x2f8aS0xf27	MSTORE
0x2b34S0x2cc2S0x2f8aS0xf27	JUMP
0x2fbcS0x1039	JUMP
0x2fb4S0x1039	MSTORE
0x2fcfS0x1039	JUMP
0x2fc7S0x1039	MSTORE
0x2fd6S0x1039	JUMP
0x2f67S0x2fa6S0x1039	JUMP
0x2f72S0x2fa6S0x1039	JUMP
0x2f50S0x2fa6S0x1039	JUMP
0x2f4eS0x2fa6S0x1039	MSTORE
0x2f5cS0x2fa6S0x1039	JUMP
0x26eeS0x2f51S0x2fa6S0x1039	JUMP
0x26e3S0x2f51S0x2fa6S0x1039	MSTORE
0x2d67S0x2fbdS0x1039	JUMP
0x2d72S0x2fbdS0x1039	JUMP
0x2d50S0x2fbdS0x1039	JUMP
0x2d4eS0x2fbdS0x1039	MSTORE
0x2d5cS0x2fbdS0x1039	JUMP
0x26eeS0x2d51S0x2fbdS0x1039	JUMP
0x26e3S0x2d51S0x2fbdS0x1039	MSTORE
0x2a4aS0xf56	JUMP
0x2a50S0xf56	JUMP
0x2a37S0x2a38S0xf56	JUMP
0x2a34S0x2a38S0xf56	MSTORE
0x2a31S0x2a38S0xf56	JUMP
0x232eS0x2a29S0x2a38S0xf56	JUMP
0x2a4aS0xfa4	JUMP
0x2a50S0xfa4	JUMP
0x2a37S0x2a38S0xfa4	JUMP
0x2a34S0x2a38S0xfa4	MSTORE
0x2a31S0x2a38S0xfa4	JUMP
0x232eS0x2a29S0x2a38S0xfa4	JUMP
0x2d20S0xff2	JUMP
0x2d17S0xff2	MSTORE
0x2d28S0xff2	JUMP
0x2c9dS0x2d09S0xff2	JUMP
0x2c98S0x2d09S0xff2	MSTORE
0x2c80S0x2d09S0xff2	JUMPI
0x2cb1S0x2d09S0xff2	JUMP
0x2c75S0x2d09S0xff2	JUMP
0x2cc1S0x2d09S0xff2	JUMP
0x2ccaS0x2d09S0xff2	JUMP
0x2cd5S0x2d09S0xff2	JUMP
0x2ca7S0x2d09S0xff2	JUMP
0x2c92S0x2d09S0xff2	JUMP
0x2c88S0x2d09S0xff2	MSTORE
0x26eeS0x2ca8S0x2d09S0xff2	JUMP
0x26e3S0x2ca8S0x2d09S0xff2	MSTORE
0x2b34S0x2cc2S0x2d09S0xff2	JUMP
0x2a4aS0x1066	JUMP
0x2a50S0x1066	JUMP
0x2a37S0x2a38S0x1066	JUMP
0x2a34S0x2a38S0x1066	MSTORE
0x2a31S0x2a38S0x1066	JUMP
0x232eS0x2a29S0x2a38S0x1066	JUMP
0x2a4aS0x10b4	JUMP
0x2a50S0x10b4	JUMP
0x2a37S0x2a38S0x10b4	JUMP
0x2a34S0x2a38S0x10b4	MSTORE
0x2a31S0x2a38S0x10b4	JUMP
0x232eS0x2a29S0x2a38S0x10b4	JUMP
0x3055S0x118c	JUMP
0x304dS0x118c	MSTORE
0x3064S0x118c	JUMP
0x306aS0x118c	JUMP
0x2f67S0x303fS0x118c	JUMP
0x2f72S0x303fS0x118c	JUMP
0x2f50S0x303fS0x118c	JUMP
0x2f4eS0x303fS0x118c	MSTORE
0x2f5cS0x303fS0x118c	JUMP
0x26eeS0x2f51S0x303fS0x118c	JUMP
0x26e3S0x2f51S0x303fS0x118c	MSTORE
0x2a37S0x3056S0x118c	JUMP
0x2a34S0x3056S0x118c	MSTORE
0x2a31S0x3056S0x118c	JUMP
0x232eS0x2a29S0x3056S0x118c	JUMP
0x2a4aS0x14aa	JUMP
0x2a50S0x14aa	JUMP
0x2a37S0x2a38S0x14aa	JUMP
0x2a34S0x2a38S0x14aa	MSTORE
0x2a31S0x2a38S0x14aa	JUMP
0x232eS0x2a29S0x2a38S0x14aa	JUMP
0x3141S0x128c	JUMP
0x3139S0x128c	MSTORE
0x3155S0x128c	JUMP
0x314cS0x128c	MSTORE
0x315dS0x128c	JUMP
0x311fS0x312bS0x128c	JUMP
0x312aS0x312bS0x128c	JUMP
0x3108S0x312bS0x128c	JUMP
0x3106S0x312bS0x128c	MSTORE
0x3114S0x312bS0x128c	JUMP
0x26eeS0x3109S0x312bS0x128c	JUMP
0x26e3S0x3109S0x312bS0x128c	MSTORE
0x2c9dS0x3142S0x128c	JUMP
0x2c98S0x3142S0x128c	MSTORE
0x2c80S0x3142S0x128c	JUMPI
0x2cb1S0x3142S0x128c	JUMP
0x2c75S0x3142S0x128c	JUMP
0x2cc1S0x3142S0x128c	JUMP
0x2ccaS0x3142S0x128c	JUMP
0x2cd5S0x3142S0x128c	JUMP
0x2ca7S0x3142S0x128c	JUMP
0x2c92S0x3142S0x128c	JUMP
0x2c88S0x3142S0x128c	MSTORE
0x26eeS0x2ca8S0x3142S0x128c	JUMP
0x26e3S0x2ca8S0x3142S0x128c	MSTORE
0x2b34S0x2cc2S0x3142S0x128c	JUMP
0x3174S0x139e	JUMP
0x316cS0x139e	MSTORE
0x3187S0x139e	JUMP
0x317fS0x139e	MSTORE
0x318eS0x139e	JUMP
0x311fS0x315eS0x139e	JUMP
0x312aS0x315eS0x139e	JUMP
0x3108S0x315eS0x139e	JUMP
0x3106S0x315eS0x139e	MSTORE
0x3114S0x315eS0x139e	JUMP
0x26eeS0x3109S0x315eS0x139e	JUMP
0x26e3S0x3109S0x315eS0x139e	MSTORE
0x2d67S0x3175S0x139e	JUMP
0x2d72S0x3175S0x139e	JUMP
0x2d50S0x3175S0x139e	JUMP
0x2d4eS0x3175S0x139e	MSTORE
0x2d5cS0x3175S0x139e	JUMP
0x26eeS0x2d51S0x3175S0x139e	JUMP
0x26e3S0x2d51S0x3175S0x139e	MSTORE
0x2a4aS0x12bb	JUMP
0x2a50S0x12bb	JUMP
0x2a37S0x2a38S0x12bb	JUMP
0x2a34S0x2a38S0x12bb	MSTORE
0x2a31S0x2a38S0x12bb	JUMP
0x232eS0x2a29S0x2a38S0x12bb	JUMP
0x2a4aS0x1309	JUMP
0x2a50S0x1309	JUMP
0x2a37S0x2a38S0x1309	JUMP
0x2a34S0x2a38S0x1309	MSTORE
0x2a31S0x2a38S0x1309	JUMP
0x232eS0x2a29S0x2a38S0x1309	JUMP
0x2d20S0x1357	JUMP
0x2d17S0x1357	MSTORE
0x2d28S0x1357	JUMP
0x2c9dS0x2d09S0x1357	JUMP
0x2c98S0x2d09S0x1357	MSTORE
0x2c80S0x2d09S0x1357	JUMPI
0x2cb1S0x2d09S0x1357	JUMP
0x2c75S0x2d09S0x1357	JUMP
0x2cc1S0x2d09S0x1357	JUMP
0x2ccaS0x2d09S0x1357	JUMP
0x2cd5S0x2d09S0x1357	JUMP
0x2ca7S0x2d09S0x1357	JUMP
0x2c92S0x2d09S0x1357	JUMP
0x2c88S0x2d09S0x1357	MSTORE
0x26eeS0x2ca8S0x2d09S0x1357	JUMP
0x26e3S0x2ca8S0x2d09S0x1357	MSTORE
0x2b34S0x2cc2S0x2d09S0x1357	JUMP
0x2a4aS0x13cb	JUMP
0x2a50S0x13cb	JUMP
0x2a37S0x2a38S0x13cb	JUMP
0x2a34S0x2a38S0x13cb	MSTORE
0x2a31S0x2a38S0x13cb	JUMP
0x232eS0x2a29S0x2a38S0x13cb	JUMP
0x2a4aS0x1419	JUMP
0x2a50S0x1419	JUMP
0x2a37S0x2a38S0x1419	JUMP
0x2a34S0x2a38S0x1419	MSTORE
0x2a31S0x2a38S0x1419	JUMP
0x232eS0x2a29S0x2a38S0x1419	JUMP
0x3233S0x14f1	JUMP
0x322bS0x14f1	MSTORE
0x3242S0x14f1	JUMP
0x3248S0x14f1	JUMP
0x311fS0x321dS0x14f1	JUMP
0x312aS0x321dS0x14f1	JUMP
0x3108S0x321dS0x14f1	JUMP
0x3106S0x321dS0x14f1	MSTORE
0x3114S0x321dS0x14f1	JUMP
0x26eeS0x3109S0x321dS0x14f1	JUMP
0x26e3S0x3109S0x321dS0x14f1	MSTORE
0x2a37S0x3234S0x14f1	JUMP
0x2a34S0x3234S0x14f1	MSTORE
0x2a31S0x3234S0x14f1	JUMP
0x232eS0x2a29S0x3234S0x14f1	JUMP
0x2a4aS0x180f	JUMP
0x2a50S0x180f	JUMP
0x2a37S0x2a38S0x180f	JUMP
0x2a34S0x2a38S0x180f	MSTORE
0x2a31S0x2a38S0x180f	JUMP
0x232eS0x2a29S0x2a38S0x180f	JUMP
0x331fS0x15f1	JUMP
0x3317S0x15f1	MSTORE
0x3333S0x15f1	JUMP
0x332aS0x15f1	MSTORE
0x333bS0x15f1	JUMP
0x32fdS0x3309S0x15f1	JUMP
0x3308S0x3309S0x15f1	JUMP
0x32e6S0x3309S0x15f1	JUMP
0x32e4S0x3309S0x15f1	MSTORE
0x32f2S0x3309S0x15f1	JUMP
0x26eeS0x32e7S0x3309S0x15f1	JUMP
0x26e3S0x32e7S0x3309S0x15f1	MSTORE
0x2c9dS0x3320S0x15f1	JUMP
0x2c98S0x3320S0x15f1	MSTORE
0x2c80S0x3320S0x15f1	JUMPI
0x2cb1S0x3320S0x15f1	JUMP
0x2c75S0x3320S0x15f1	JUMP
0x2cc1S0x3320S0x15f1	JUMP
0x2ccaS0x3320S0x15f1	JUMP
0x2cd5S0x3320S0x15f1	JUMP
0x2ca7S0x3320S0x15f1	JUMP
0x2c92S0x3320S0x15f1	JUMP
0x2c88S0x3320S0x15f1	MSTORE
0x26eeS0x2ca8S0x3320S0x15f1	JUMP
0x26e3S0x2ca8S0x3320S0x15f1	MSTORE
0x2b34S0x2cc2S0x3320S0x15f1	JUMP
0x3352S0x1703	JUMP
0x334aS0x1703	MSTORE
0x3365S0x1703	JUMP
0x335dS0x1703	MSTORE
0x336cS0x1703	JUMP
0x32fdS0x333cS0x1703	JUMP
0x3308S0x333cS0x1703	JUMP
0x32e6S0x333cS0x1703	JUMP
0x32e4S0x333cS0x1703	MSTORE
0x32f2S0x333cS0x1703	JUMP
0x26eeS0x32e7S0x333cS0x1703	JUMP
0x26e3S0x32e7S0x333cS0x1703	MSTORE
0x2d67S0x3353S0x1703	JUMP
0x2d72S0x3353S0x1703	JUMP
0x2d50S0x3353S0x1703	JUMP
0x2d4eS0x3353S0x1703	MSTORE
0x2d5cS0x3353S0x1703	JUMP
0x26eeS0x2d51S0x3353S0x1703	JUMP
0x26e3S0x2d51S0x3353S0x1703	MSTORE
0x2a4aS0x1620	JUMP
0x2a50S0x1620	JUMP
0x2a37S0x2a38S0x1620	JUMP
0x2a34S0x2a38S0x1620	MSTORE
0x2a31S0x2a38S0x1620	JUMP
0x232eS0x2a29S0x2a38S0x1620	JUMP
0x2a4aS0x166e	JUMP
0x2a50S0x166e	JUMP
0x2a37S0x2a38S0x166e	JUMP
0x2a34S0x2a38S0x166e	MSTORE
0x2a31S0x2a38S0x166e	JUMP
0x232eS0x2a29S0x2a38S0x166e	JUMP
0x2d20S0x16bc	JUMP
0x2d17S0x16bc	MSTORE
0x2d28S0x16bc	JUMP
0x2c9dS0x2d09S0x16bc	JUMP
0x2c98S0x2d09S0x16bc	MSTORE
0x2c80S0x2d09S0x16bc	JUMPI
0x2cb1S0x2d09S0x16bc	JUMP
0x2c75S0x2d09S0x16bc	JUMP
0x2cc1S0x2d09S0x16bc	JUMP
0x2ccaS0x2d09S0x16bc	JUMP
0x2cd5S0x2d09S0x16bc	JUMP
0x2ca7S0x2d09S0x16bc	JUMP
0x2c92S0x2d09S0x16bc	JUMP
0x2c88S0x2d09S0x16bc	MSTORE
0x26eeS0x2ca8S0x2d09S0x16bc	JUMP
0x26e3S0x2ca8S0x2d09S0x16bc	MSTORE
0x2b34S0x2cc2S0x2d09S0x16bc	JUMP
0x2a4aS0x1730	JUMP
0x2a50S0x1730	JUMP
0x2a37S0x2a38S0x1730	JUMP
0x2a34S0x2a38S0x1730	MSTORE
0x2a31S0x2a38S0x1730	JUMP
0x232eS0x2a29S0x2a38S0x1730	JUMP
0x2a4aS0x177e	JUMP
0x2a50S0x177e	JUMP
0x2a37S0x2a38S0x177e	JUMP
0x2a34S0x2a38S0x177e	MSTORE
0x2a31S0x2a38S0x177e	JUMP
0x232eS0x2a29S0x2a38S0x177e	JUMP
0x3411S0x1856	JUMP
0x3409S0x1856	MSTORE
0x3420S0x1856	JUMP
0x3426S0x1856	JUMP
0x32fdS0x33fbS0x1856	JUMP
0x3308S0x33fbS0x1856	JUMP
0x32e6S0x33fbS0x1856	JUMP
0x32e4S0x33fbS0x1856	MSTORE
0x32f2S0x33fbS0x1856	JUMP
0x26eeS0x32e7S0x33fbS0x1856	JUMP
0x26e3S0x32e7S0x33fbS0x1856	MSTORE
0x2a37S0x3412S0x1856	JUMP
0x2a34S0x3412S0x1856	MSTORE
0x2a31S0x3412S0x1856	JUMP
0x232eS0x2a29S0x3412S0x1856	JUMP
0x24d0S0x18ec	JUMP
0x24c9S0x18ec	JUMPI
0x24deS0x18ec	JUMP
0x73feS0x18ec	REVERT
0x24e7S0x18ec	JUMP
0x24b6S0x24d2S0x18ec	JUMP
0x24bcS0x24d2S0x18ec	JUMP
0x2248S0x24a9B0x24d2S0x18ec	REVERT
0x2245S0x24a9B0x24d2S0x18ec	JUMPI
0x224bS0x24a9B0x24d2S0x18ec	JUMP
0x223eS0x24a9B0x24d2S0x18ec	JUMP
0x2235S0x2236S0x24a9B0x24d2S0x18ec	JUMP
0x3487S0x1910	JUMP
0x347fS0x1910	MSTORE
0x3465S0x1910	JUMP
0x3470S0x1910	JUMP
0x344eS0x1910	JUMP
0x344cS0x1910	MSTORE
0x3496S0x1910	JUMP
0x345aS0x1910	JUMP
0x349cS0x1910	JUMP
0x26eeS0x344fS0x1910	JUMP
0x26e3S0x344fS0x1910	MSTORE
0x230aS0x3488S0x1910	JUMP
0x2307S0x3488S0x1910	MSTORE
0x2304S0x3488S0x1910	JUMP
0x2235S0x22fcS0x3488S0x1910	JUMP
0x37e7S0x1d1a	JUMP
0x37dfS0x1d1a	MSTORE
0x37c5S0x1d1a	JUMP
0x37d0S0x1d1a	JUMP
0x37aeS0x1d1a	JUMP
0x37acS0x1d1a	MSTORE
0x37f6S0x1d1a	JUMP
0x37baS0x1d1a	JUMP
0x37fcS0x1d1a	JUMP
0x26eeS0x37afS0x1d1a	JUMP
0x26e3S0x37afS0x1d1a	MSTORE
0x2a37S0x37e8S0x1d1a	JUMP
0x2a34S0x37e8S0x1d1a	MSTORE
0x2a31S0x37e8S0x1d1a	JUMP
0x232eS0x2a29S0x37e8S0x1d1a	JUMP
0x36c2S0x1c52	JUMP
0x36cfS0x1c52	JUMP
0x36dcS0x1c52	JUMP
0x36e4S0x1c52	JUMP
0x230aS0x36b0S0x1c52	JUMP
0x2307S0x36b0S0x1c52	MSTORE
0x2304S0x36b0S0x1c52	JUMP
0x2235S0x22fcS0x36b0S0x1c52	JUMP
0x230aS0x36c3S0x1c52	JUMP
0x2307S0x36c3S0x1c52	MSTORE
0x2304S0x36c3S0x1c52	JUMP
0x2235S0x22fcS0x36c3S0x1c52	JUMP
0x2a37S0x36d0S0x1c52	JUMP
0x2a34S0x36d0S0x1c52	MSTORE
0x2a31S0x36d0S0x1c52	JUMP
0x232eS0x2a29S0x36d0S0x1c52	JUMP
0x35c5S0x1a2c	JUMP
0x35bdS0x1a2c	MSTORE
0x35d9S0x1a2c	JUMP
0x35d0S0x1a2c	MSTORE
0x35e1S0x1a2c	JUMP
0x35a3S0x35afS0x1a2c	JUMP
0x35aeS0x35afS0x1a2c	JUMP
0x358cS0x35afS0x1a2c	JUMP
0x358aS0x35afS0x1a2c	MSTORE
0x3598S0x35afS0x1a2c	JUMP
0x26eeS0x358dS0x35afS0x1a2c	JUMP
0x26e3S0x358dS0x35afS0x1a2c	MSTORE
0x2c9dS0x35c6S0x1a2c	JUMP
0x2c98S0x35c6S0x1a2c	MSTORE
0x2c80S0x35c6S0x1a2c	JUMPI
0x2cb1S0x35c6S0x1a2c	JUMP
0x2c75S0x35c6S0x1a2c	JUMP
0x2cc1S0x35c6S0x1a2c	JUMP
0x2ccaS0x35c6S0x1a2c	JUMP
0x2cd5S0x35c6S0x1a2c	JUMP
0x2ca7S0x35c6S0x1a2c	JUMP
0x2c92S0x35c6S0x1a2c	JUMP
0x2c88S0x35c6S0x1a2c	MSTORE
0x26eeS0x2ca8S0x35c6S0x1a2c	JUMP
0x26e3S0x2ca8S0x35c6S0x1a2c	MSTORE
0x2b34S0x2cc2S0x35c6S0x1a2c	JUMP
0x362dS0x1b42	JUMP
0x3625S0x1b42	MSTORE
0x3640S0x1b42	JUMP
0x3638S0x1b42	MSTORE
0x3647S0x1b42	JUMP
0x35a3S0x3617S0x1b42	JUMP
0x35aeS0x3617S0x1b42	JUMP
0x358cS0x3617S0x1b42	JUMP
0x358aS0x3617S0x1b42	MSTORE
0x3598S0x3617S0x1b42	JUMP
0x26eeS0x358dS0x3617S0x1b42	JUMP
0x26e3S0x358dS0x3617S0x1b42	MSTORE
0x2d67S0x362eS0x1b42	JUMP
0x2d72S0x362eS0x1b42	JUMP
0x2d50S0x362eS0x1b42	JUMP
0x2d4eS0x362eS0x1b42	MSTORE
0x2d5cS0x362eS0x1b42	JUMP
0x26eeS0x2d51S0x362eS0x1b42	JUMP
0x26e3S0x2d51S0x362eS0x1b42	MSTORE
0x2a4aS0x1aad	JUMP
0x2a50S0x1aad	JUMP
0x2a37S0x2a38S0x1aad	JUMP
0x2a34S0x2a38S0x1aad	MSTORE
0x2a31S0x2a38S0x1aad	JUMP
0x232eS0x2a29S0x2a38S0x1aad	JUMP
0x2d20S0x1afb	JUMP
0x2d17S0x1afb	MSTORE
0x2d28S0x1afb	JUMP
0x2c9dS0x2d09S0x1afb	JUMP
0x2c98S0x2d09S0x1afb	MSTORE
0x2c80S0x2d09S0x1afb	JUMPI
0x2cb1S0x2d09S0x1afb	JUMP
0x2c75S0x2d09S0x1afb	JUMP
0x2cc1S0x2d09S0x1afb	JUMP
0x2ccaS0x2d09S0x1afb	JUMP
0x2cd5S0x2d09S0x1afb	JUMP
0x2ca7S0x2d09S0x1afb	JUMP
0x2c92S0x2d09S0x1afb	JUMP
0x2c88S0x2d09S0x1afb	MSTORE
0x26eeS0x2ca8S0x2d09S0x1afb	JUMP
0x26e3S0x2ca8S0x2d09S0x1afb	MSTORE
0x2b34S0x2cc2S0x2d09S0x1afb	JUMP
0x2a4aS0x1bc1	JUMP
0x2a50S0x1bc1	JUMP
0x2a37S0x2a38S0x1bc1	JUMP
0x2a34S0x2a38S0x1bc1	MSTORE
0x2a31S0x2a38S0x1bc1	JUMP
0x232eS0x2a29S0x2a38S0x1bc1	JUMP
0x36fbS0x1c9d	JUMP
0x36f3S0x1c9d	MSTORE
0x370aS0x1c9d	JUMP
0x3710S0x1c9d	JUMP
0x35a3S0x36e5S0x1c9d	JUMP
0x35aeS0x36e5S0x1c9d	JUMP
0x358cS0x36e5S0x1c9d	JUMP
0x358aS0x36e5S0x1c9d	MSTORE
0x3598S0x36e5S0x1c9d	JUMP
0x26eeS0x358dS0x36e5S0x1c9d	JUMP
0x26e3S0x358dS0x36e5S0x1c9d	MSTORE
0x2a37S0x36fcS0x1c9d	JUMP
0x2a34S0x36fcS0x1c9d	MSTORE
0x2a31S0x36fcS0x1c9d	JUMP
0x232eS0x2a29S0x36fcS0x1c9d	JUMP
0x3771S0x1cd5	JUMP
0x3769S0x1cd5	MSTORE
0x374fS0x1cd5	JUMP
0x375aS0x1cd5	JUMP
0x3738S0x1cd5	JUMP
0x3736S0x1cd5	MSTORE
0x3780S0x1cd5	JUMP
0x3744S0x1cd5	JUMP
0x3786S0x1cd5	JUMP
0x26eeS0x3739S0x1cd5	JUMP
0x26e3S0x3739S0x1cd5	MSTORE
0x230aS0x3772S0x1cd5	JUMP
0x2307S0x3772S0x1cd5	MSTORE
0x2304S0x3772S0x1cd5	JUMP
0x2235S0x22fcS0x3772S0x1cd5	JUMP
0x2a4aS0x20b4	JUMP
0x2a50S0x20b4	JUMP
0x2a37S0x2a38S0x20b4	JUMP
0x2a34S0x2a38S0x20b4	MSTORE
0x2a31S0x2a38S0x20b4	JUMP
0x232eS0x2a29S0x2a38S0x20b4	JUMP
0x388cS0x2029	JUMP
0x3899S0x2029	JUMP
0x38a0S0x2029	JUMP
0x230aS0x387aS0x2029	JUMP
0x2307S0x387aS0x2029	MSTORE
0x2304S0x387aS0x2029	JUMP
0x2235S0x22fcS0x387aS0x2029	JUMP
0x2a37S0x388dS0x2029	JUMP
0x2a34S0x388dS0x2029	MSTORE
0x2a31S0x388dS0x2029	JUMP
0x232eS0x2a29S0x388dS0x2029	JUMP
0x385dS0x1e07	JUMP
0x3855S0x1e07	MSTORE
0x3871S0x1e07	JUMP
0x3868S0x1e07	MSTORE
0x3879S0x1e07	JUMP
0x383bS0x3847S0x1e07	JUMP
0x3846S0x3847S0x1e07	JUMP
0x3824S0x3847S0x1e07	JUMP
0x3822S0x3847S0x1e07	MSTORE
0x3830S0x3847S0x1e07	JUMP
0x26eeS0x3825S0x3847S0x1e07	JUMP
0x26e3S0x3825S0x3847S0x1e07	MSTORE
0x2c9dS0x385eS0x1e07	JUMP
0x2c98S0x385eS0x1e07	MSTORE
0x2c80S0x385eS0x1e07	JUMPI
0x2cb1S0x385eS0x1e07	JUMP
0x2c75S0x385eS0x1e07	JUMP
0x2cc1S0x385eS0x1e07	JUMP
0x2ccaS0x385eS0x1e07	JUMP
0x2cd5S0x385eS0x1e07	JUMP
0x2ca7S0x385eS0x1e07	JUMP
0x2c92S0x385eS0x1e07	JUMP
0x2c88S0x385eS0x1e07	MSTORE
0x26eeS0x2ca8S0x385eS0x1e07	JUMP
0x26e3S0x2ca8S0x385eS0x1e07	MSTORE
0x2b34S0x2cc2S0x385eS0x1e07	JUMP
0x38b7S0x1f1b	JUMP
0x38afS0x1f1b	MSTORE
0x38caS0x1f1b	JUMP
0x38c2S0x1f1b	MSTORE
0x38d1S0x1f1b	JUMP
0x383bS0x38a1S0x1f1b	JUMP
0x3846S0x38a1S0x1f1b	JUMP
0x3824S0x38a1S0x1f1b	JUMP
0x3822S0x38a1S0x1f1b	MSTORE
0x3830S0x38a1S0x1f1b	JUMP
0x26eeS0x3825S0x38a1S0x1f1b	JUMP
0x26e3S0x3825S0x38a1S0x1f1b	MSTORE
0x2d67S0x38b8S0x1f1b	JUMP
0x2d72S0x38b8S0x1f1b	JUMP
0x2d50S0x38b8S0x1f1b	JUMP
0x2d4eS0x38b8S0x1f1b	MSTORE
0x2d5cS0x38b8S0x1f1b	JUMP
0x26eeS0x2d51S0x38b8S0x1f1b	JUMP
0x26e3S0x2d51S0x38b8S0x1f1b	MSTORE
0x388cS0x1e36	JUMP
0x3899S0x1e36	JUMP
0x38a0S0x1e36	JUMP
0x230aS0x387aS0x1e36	JUMP
0x2307S0x387aS0x1e36	MSTORE
0x2304S0x387aS0x1e36	JUMP
0x2235S0x22fcS0x387aS0x1e36	JUMP
0x2a37S0x388dS0x1e36	JUMP
0x2a34S0x388dS0x1e36	MSTORE
0x2a31S0x388dS0x1e36	JUMP
0x232eS0x2a29S0x388dS0x1e36	JUMP
0x2a4aS0x1e86	JUMP
0x2a50S0x1e86	JUMP
0x2a37S0x2a38S0x1e86	JUMP
0x2a34S0x2a38S0x1e86	MSTORE
0x2a31S0x2a38S0x1e86	JUMP
0x232eS0x2a29S0x2a38S0x1e86	JUMP
0x2d20S0x1ed4	JUMP
0x2d17S0x1ed4	MSTORE
0x2d28S0x1ed4	JUMP
0x2c9dS0x2d09S0x1ed4	JUMP
0x2c98S0x2d09S0x1ed4	MSTORE
0x2c80S0x2d09S0x1ed4	JUMPI
0x2cb1S0x2d09S0x1ed4	JUMP
0x2c75S0x2d09S0x1ed4	JUMP
0x2cc1S0x2d09S0x1ed4	JUMP
0x2ccaS0x2d09S0x1ed4	JUMP
0x2cd5S0x2d09S0x1ed4	JUMP
0x2ca7S0x2d09S0x1ed4	JUMP
0x2c92S0x2d09S0x1ed4	JUMP
0x2c88S0x2d09S0x1ed4	MSTORE
0x26eeS0x2ca8S0x2d09S0x1ed4	JUMP
0x26e3S0x2ca8S0x2d09S0x1ed4	MSTORE
0x2b34S0x2cc2S0x2d09S0x1ed4	JUMP
0x388cS0x1f48	JUMP
0x3899S0x1f48	JUMP
0x38a0S0x1f48	JUMP
0x230aS0x387aS0x1f48	JUMP
0x2307S0x387aS0x1f48	MSTORE
0x2304S0x387aS0x1f48	JUMP
0x2235S0x22fcS0x387aS0x1f48	JUMP
0x2a37S0x388dS0x1f48	JUMP
0x2a34S0x388dS0x1f48	MSTORE
0x2a31S0x388dS0x1f48	JUMP
0x232eS0x2a29S0x388dS0x1f48	JUMP
0x2a4aS0x1f98	JUMP
0x2a50S0x1f98	JUMP
0x2a37S0x2a38S0x1f98	JUMP
0x2a34S0x2a38S0x1f98	MSTORE
0x2a31S0x2a38S0x1f98	JUMP
0x232eS0x2a29S0x2a38S0x1f98	JUMP
0x3976S0x2073	JUMP
0x396eS0x2073	MSTORE
0x3985S0x2073	JUMP
0x398bS0x2073	JUMP
0x383bS0x3960S0x2073	JUMP
0x3846S0x3960S0x2073	JUMP
0x3824S0x3960S0x2073	JUMP
0x3822S0x3960S0x2073	MSTORE
0x3830S0x3960S0x2073	JUMP
0x26eeS0x3825S0x3960S0x2073	JUMP
0x26e3S0x3825S0x3960S0x2073	MSTORE
0x2a37S0x3977S0x2073	JUMP
0x2a34S0x3977S0x2073	MSTORE
0x2a31S0x3977S0x2073	JUMP
0x232eS0x2a29S0x3977S0x2073	JUMP
0x2491S0xb99	JUMP
0x248aS0xb99	JUMPI
0x249fS0xb99	JUMP
0x73dbS0xb99	REVERT
0x24a8S0xb99	JUMP
0x2477S0x2493S0xb99	JUMP
0x247dS0x2493S0xb99	JUMP
0x2341S0x246aB0x2493S0xb99	REVERT
0x233eS0x246aB0x2493S0xb99	JUMPI
0x2344S0x246aB0x2493S0xb99	JUMP
0x2337S0x246aB0x2493S0xb99	JUMP
0x232eS0x232fS0x246aB0x2493S0xb99	JUMP
0x24d0S0x19de	JUMP
0x24c9S0x19de	JUMPI
0x24deS0x19de	JUMP
0x73feS0x19de	REVERT
0x24e7S0x19de	JUMP
0x24b6S0x24d2S0x19de	JUMP
0x24bcS0x24d2S0x19de	JUMP
0x2248S0x24a9B0x24d2S0x19de	REVERT
0x2245S0x24a9B0x24d2S0x19de	JUMPI
0x224bS0x24a9B0x24d2S0x19de	JUMP
0x223eS0x24a9B0x24d2S0x19de	JUMP
0x2235S0x2236S0x24a9B0x24d2S0x19de	JUMP
0x2491S0x1db9	JUMP
0x248aS0x1db9	JUMPI
0x249fS0x1db9	JUMP
0x73dbS0x1db9	REVERT
0x24a8S0x1db9	JUMP
0x2477S0x2493S0x1db9	JUMP
0x247dS0x2493S0x1db9	JUMP
0x2341S0x246aB0x2493S0x1db9	REVERT
0x233eS0x246aB0x2493S0x1db9	JUMPI
0x2344S0x246aB0x2493S0x1db9	JUMP
0x2337S0x246aB0x2493S0x1db9	JUMP
0x232eS0x232fS0x246aB0x2493S0x1db9	JUMP
0x217bS0x149	JUMP
0x2181S0x149	JUMP
0x2168S0x2169S0x149	JUMP
0x2165S0x2169S0x149	MSTORE
0x2162S0x2169S0x149	JUMP
0x2159S0x215aS0x2169S0x149	JUMP
0x2152S0x215aS0x2169S0x149	JUMP
0x2148S0x2149S0x215aS0x2169S0x149	JUMP
0x217bS0x173	JUMP
0x2181S0x173	JUMP
0x2168S0x2169S0x173	JUMP
0x2165S0x2169S0x173	MSTORE
0x2162S0x2169S0x173	JUMP
0x2159S0x215aS0x2169S0x173	JUMP
0x2152S0x215aS0x2169S0x173	JUMP
0x2148S0x2149S0x215aS0x2169S0x173	JUMP
0x2455S0x381	JUMP
0x2462S0x381	JUMP
0x2469S0x381	JUMP
0x2304S0x2456S0x381	JUMP
0x2235S0x22fcS0x2456S0x381	JUMP
0x230aS0x2456S0x381	JUMP
0x2307S0x2456S0x381	MSTORE
0x2168S0x2443S0x381	JUMP
0x2165S0x2443S0x381	MSTORE
0x2162S0x2443S0x381	JUMP
0x2159S0x215aS0x2443S0x381	JUMP
0x2152S0x215aS0x2443S0x381	JUMP
0x2148S0x2149S0x215aS0x2443S0x381	JUMP
0x217bS0x219	JUMP
0x2181S0x219	JUMP
0x2168S0x2169S0x219	JUMP
0x2165S0x2169S0x219	MSTORE
0x2162S0x2169S0x219	JUMP
0x2159S0x215aS0x2169S0x219	JUMP
0x2152S0x215aS0x2169S0x219	JUMP
0x2148S0x2149S0x215aS0x2169S0x219	JUMP
0x2769S0x872	JUMP
0x2776S0x872	JUMP
0x2783S0x872	JUMP
0x278bS0x872	JUMP
0x2168S0x2757S0x872	JUMP
0x2165S0x2757S0x872	MSTORE
0x2162S0x2757S0x872	JUMP
0x2159S0x215aS0x2757S0x872	JUMP
0x2152S0x215aS0x2757S0x872	JUMP
0x2148S0x2149S0x215aS0x2757S0x872	JUMP
0x2168S0x276aS0x872	JUMP
0x2165S0x276aS0x872	MSTORE
0x2162S0x276aS0x872	JUMP
0x2159S0x215aS0x276aS0x872	JUMP
0x2152S0x215aS0x276aS0x872	JUMP
0x2148S0x2149S0x215aS0x276aS0x872	JUMP
0x2168S0x2777S0x872	JUMP
0x2165S0x2777S0x872	MSTORE
0x2162S0x2777S0x872	JUMP
0x2159S0x215aS0x2777S0x872	JUMP
0x2152S0x215aS0x2777S0x872	JUMP
0x2148S0x2149S0x215aS0x2777S0x872	JUMP
0x217bS0x411	JUMP
0x2181S0x411	JUMP
0x2168S0x2169S0x411	JUMP
0x2165S0x2169S0x411	MSTORE
0x2162S0x2169S0x411	JUMP
0x2159S0x215aS0x2169S0x411	JUMP
0x2152S0x215aS0x2169S0x411	JUMP
0x2148S0x2149S0x215aS0x2169S0x411	JUMP
0x217bS0x5d8	JUMP
0x2181S0x5d8	JUMP
0x2168S0x2169S0x5d8	JUMP
0x2165S0x2169S0x5d8	MSTORE
0x2162S0x2169S0x5d8	JUMP
0x2159S0x215aS0x2169S0x5d8	JUMP
0x2152S0x215aS0x2169S0x5d8	JUMP
0x2148S0x2149S0x215aS0x2169S0x5d8	JUMP
0x2689S0x675	JUMP
0x2696S0x675	JUMP
0x269dS0x675	JUMP
0x2168S0x2677S0x675	JUMP
0x2165S0x2677S0x675	MSTORE
0x2162S0x2677S0x675	JUMP
0x2159S0x215aS0x2677S0x675	JUMP
0x2152S0x215aS0x2677S0x675	JUMP
0x2148S0x2149S0x215aS0x2677S0x675	JUMP
0x2676S0x268aS0x675	JUMP
0x2673S0x268aS0x675	MSTORE
0x2670S0x268aS0x675	JUMP
0x2667S0x2668S0x268aS0x675	JUMP
0x2660S0x2668S0x268aS0x675	JUMP
0x265bS0x2668S0x268aS0x675	JUMP
0x2646S0x2668S0x268aS0x675	JUMP
0x2656S0x2668S0x268aS0x675	JUMP
0x2235S0x265cS0x2668S0x268aS0x675	JUMP
0x218aS0x2657S0x2668S0x268aS0x675	JUMP
0x27ecS0x8bc	JUMP
0x27e4S0x8bc	MSTORE
0x27caS0x8bc	JUMP
0x27d5S0x8bc	JUMP
0x27b3S0x8bc	JUMP
0x27b1S0x8bc	MSTORE
0x27fbS0x8bc	JUMP
0x27bfS0x8bc	JUMP
0x2801S0x8bc	JUMP
0x26eeS0x27b4S0x8bc	JUMP
0x26e3S0x27b4S0x8bc	MSTORE
0x2168S0x27edS0x8bc	JUMP
0x2165S0x27edS0x8bc	MSTORE
0x2162S0x27edS0x8bc	JUMP
0x2159S0x215aS0x27edS0x8bc	JUMP
0x2152S0x215aS0x27edS0x8bc	JUMP
0x2148S0x2149S0x215aS0x27edS0x8bc	JUMP
0x2862S0x8f3	JUMP
0x285aS0x8f3	MSTORE
0x2840S0x8f3	JUMP
0x284bS0x8f3	JUMP
0x2829S0x8f3	JUMP
0x2827S0x8f3	MSTORE
0x2871S0x8f3	JUMP
0x2835S0x8f3	JUMP
0x2877S0x8f3	JUMP
0x26eeS0x282aS0x8f3	JUMP
0x26e3S0x282aS0x8f3	MSTORE
0x2168S0x2863S0x8f3	JUMP
0x2165S0x2863S0x8f3	MSTORE
0x2162S0x2863S0x8f3	JUMP
0x2159S0x215aS0x2863S0x8f3	JUMP
0x2152S0x215aS0x2863S0x8f3	JUMP
0x2148S0x2149S0x215aS0x2863S0x8f3	JUMP
0x28d8S0x92a	JUMP
0x28d0S0x92a	MSTORE
0x28b6S0x92a	JUMP
0x28c1S0x92a	JUMP
0x289fS0x92a	JUMP
0x289dS0x92a	MSTORE
0x28e7S0x92a	JUMP
0x28abS0x92a	JUMP
0x28edS0x92a	JUMP
0x26eeS0x28a0S0x92a	JUMP
0x26e3S0x28a0S0x92a	MSTORE
0x2168S0x28d9S0x92a	JUMP
0x2165S0x28d9S0x92a	MSTORE
0x2162S0x28d9S0x92a	JUMP
0x2159S0x215aS0x28d9S0x92a	JUMP
0x2152S0x215aS0x28d9S0x92a	JUMP
0x2148S0x2149S0x215aS0x28d9S0x92a	JUMP
0x294eS0x961	JUMP
0x2946S0x961	MSTORE
0x292cS0x961	JUMP
0x2937S0x961	JUMP
0x2915S0x961	JUMP
0x2913S0x961	MSTORE
0x295dS0x961	JUMP
0x2921S0x961	JUMP
0x2963S0x961	JUMP
0x26eeS0x2916S0x961	JUMP
0x26e3S0x2916S0x961	MSTORE
0x2168S0x294fS0x961	JUMP
0x2165S0x294fS0x961	MSTORE
0x2162S0x294fS0x961	JUMP
0x2159S0x215aS0x294fS0x961	JUMP
0x2152S0x215aS0x294fS0x961	JUMP
0x2148S0x2149S0x215aS0x294fS0x961	JUMP
0x217bS0xb35	JUMP
0x2181S0xb35	JUMP
0x2168S0x2169S0xb35	JUMP
0x2165S0x2169S0xb35	MSTORE
0x2162S0x2169S0xb35	JUMP
0x2159S0x215aS0x2169S0xb35	JUMP
0x2152S0x215aS0x2169S0xb35	JUMP
0x2148S0x2149S0x215aS0x2169S0xb35	JUMP
0x217bS0xe22	JUMP
0x2181S0xe22	JUMP
0x2168S0x2169S0xe22	JUMP
0x2165S0x2169S0xe22	MSTORE
0x2162S0x2169S0xe22	JUMP
0x2159S0x215aS0x2169S0xe22	JUMP
0x2152S0x215aS0x2169S0xe22	JUMP
0x2148S0x2149S0x215aS0x2169S0xe22	JUMP
0x217bS0x1897	JUMP
0x2181S0x1897	JUMP
0x2168S0x2169S0x1897	JUMP
0x2165S0x2169S0x1897	MSTORE
0x2162S0x2169S0x1897	JUMP
0x2159S0x215aS0x2169S0x1897	JUMP
0x2152S0x215aS0x2169S0x1897	JUMP
0x2148S0x2149S0x215aS0x2169S0x1897	JUMP
0x3534S0x197f	JUMP
0x3521S0x197f	JUMP
0x351eS0x197f	MSTORE
0x3541S0x197f	JUMP
0x354eS0x197f	JUMP
0x355bS0x197f	JUMP
0x3564S0x197f	JUMP
0x351bS0x197f	JUMP
0x226dS0x3513S0x197f	JUMP
0x2304S0x3535S0x197f	JUMP
0x2235S0x22fcS0x3535S0x197f	JUMP
0x2304S0x3542S0x197f	JUMP
0x2235S0x22fcS0x3542S0x197f	JUMP
0x230aS0x3535S0x197f	JUMP
0x2307S0x3535S0x197f	MSTORE
0x230aS0x3542S0x197f	JUMP
0x2307S0x3542S0x197f	MSTORE
0x2168S0x3522S0x197f	JUMP
0x2165S0x3522S0x197f	MSTORE
0x2162S0x3522S0x197f	JUMP
0x2159S0x215aS0x3522S0x197f	JUMP
0x2152S0x215aS0x3522S0x197f	JUMP
0x2148S0x2149S0x215aS0x3522S0x197f	JUMP
0x35f4S0x1a5b	JUMP
0x3601S0x1a5b	JUMP
0x360eS0x1a5b	JUMP
0x3616S0x1a5b	JUMP
0x2304S0x35e2S0x1a5b	JUMP
0x2235S0x22fcS0x35e2S0x1a5b	JUMP
0x2a31S0x3602S0x1a5b	JUMP
0x232eS0x2a29S0x3602S0x1a5b	JUMP
0x230aS0x35e2S0x1a5b	JUMP
0x2307S0x35e2S0x1a5b	MSTORE
0x2a37S0x3602S0x1a5b	JUMP
0x2a34S0x3602S0x1a5b	MSTORE
0x2676S0x35f5S0x1a5b	JUMP
0x2673S0x35f5S0x1a5b	MSTORE
0x2670S0x35f5S0x1a5b	JUMP
0x2667S0x2668S0x35f5S0x1a5b	JUMP
0x2660S0x2668S0x35f5S0x1a5b	JUMP
0x265bS0x2668S0x35f5S0x1a5b	JUMP
0x2646S0x2668S0x35f5S0x1a5b	JUMP
0x2656S0x2668S0x35f5S0x1a5b	JUMP
0x2235S0x265cS0x2668S0x35f5S0x1a5b	JUMP
0x218aS0x2657S0x2668S0x35f5S0x1a5b	JUMP
0x35f4S0x1b6f	JUMP
0x3601S0x1b6f	JUMP
0x360eS0x1b6f	JUMP
0x3616S0x1b6f	JUMP
0x2304S0x35e2S0x1b6f	JUMP
0x2235S0x22fcS0x35e2S0x1b6f	JUMP
0x2a31S0x3602S0x1b6f	JUMP
0x232eS0x2a29S0x3602S0x1b6f	JUMP
0x230aS0x35e2S0x1b6f	JUMP
0x2307S0x35e2S0x1b6f	MSTORE
0x2a37S0x3602S0x1b6f	JUMP
0x2a34S0x3602S0x1b6f	MSTORE
0x2676S0x35f5S0x1b6f	JUMP
0x2673S0x35f5S0x1b6f	MSTORE
0x2670S0x35f5S0x1b6f	JUMP
0x2667S0x2668S0x35f5S0x1b6f	JUMP
0x2660S0x2668S0x35f5S0x1b6f	JUMP
0x265bS0x2668S0x35f5S0x1b6f	JUMP
0x2646S0x2668S0x35f5S0x1b6f	JUMP
0x2656S0x2668S0x35f5S0x1b6f	JUMP
0x2235S0x265cS0x2668S0x35f5S0x1b6f	JUMP
0x218aS0x2657S0x2668S0x35f5S0x1b6f	JUMP
0x2455S0x1d4a	JUMP
0x2462S0x1d4a	JUMP
0x2469S0x1d4a	JUMP
0x2304S0x2456S0x1d4a	JUMP
0x2235S0x22fcS0x2456S0x1d4a	JUMP
0x230aS0x2456S0x1d4a	JUMP
0x2307S0x2456S0x1d4a	MSTORE
0x2168S0x2443S0x1d4a	JUMP
0x2165S0x2443S0x1d4a	MSTORE
0x2162S0x2443S0x1d4a	JUMP
0x2159S0x215aS0x2443S0x1d4a	JUMP
0x2152S0x215aS0x2443S0x1d4a	JUMP
0x2148S0x2149S0x215aS0x2443S0x1d4a	JUMP
0x21efS0x19d	JUMP
0x21dcS0x19d	JUMP
0x21d9S0x19d	MSTORE
0x21f5S0x19d	JUMP
0x21d6S0x19d	JUMP
0x21cdS0x21ceS0x19d	JUMP
0x21c6S0x21ceS0x19d	JUMP
0x21bcS0x21bdS0x21ceS0x19d	JUMP
0x21b5S0x21bdS0x21ceS0x19d	JUMP
0x21abS0x21acS0x21bdS0x21ceS0x19d	JUMP
0x21a4S0x21acS0x21bdS0x21ceS0x19d	JUMP
0x219fS0x21acS0x21bdS0x21ceS0x19d	JUMP
0x219aS0x21acS0x21bdS0x21ceS0x19d	JUMP
0x2148S0x21a0S0x21acS0x21bdS0x21ceS0x19d	JUMP
0x218aS0x219bS0x21acS0x21bdS0x21ceS0x19d	JUMP
0x2148S0x218bS0x21acS0x21bdS0x21ceS0x19d	JUMP
0x22aeS0x1d4	JUMP
0x22a7S0x1d4	JUMPI
0x22bcS0x1d4	JUMP
0x7395S0x1d4	REVERT
0x22cdS0x1d4	JUMP
0x22deS0x1d4	JUMP
0x22efS0x1d4	JUMP
0x22fbS0x1d4	JUMP
0x2259S0x22bdS0x1d4	JUMP
0x2259S0x22ceS0x1d4	JUMP
0x2248S0x224cB0x22bdS0x1d4	REVERT
0x2245S0x224cB0x22bdS0x1d4	JUMPI
0x223eS0x224cB0x22bdS0x1d4	JUMP
0x2235S0x2236S0x224cB0x22bdS0x1d4	JUMP
0x2248S0x224cB0x22ceS0x1d4	REVERT
0x2245S0x224cB0x22ceS0x1d4	JUMPI
0x223eS0x224cB0x22ceS0x1d4	JUMP
0x2235S0x2236S0x224cB0x22ceS0x1d4	JUMP
0x2291S0x22dfS0x1d4	JUMP
0x2280S0x2284S0x22dfS0x1d4	REVERT
0x227dS0x2284S0x22dfS0x1d4	JUMPI
0x2276S0x2284S0x22dfS0x1d4	JUMP
0x226dS0x226eS0x2284S0x22dfS0x1d4	JUMP
0x225fS0x22bdS0x1d4	JUMP
0x225fS0x22ceS0x1d4	JUMP
0x224bS0x224cB0x22bdS0x1d4	JUMP
0x224bS0x224cB0x22ceS0x1d4	JUMP
0x2297S0x22dfS0x1d4	JUMP
0x2283S0x2284S0x22dfS0x1d4	JUMP
0x222cS0x22b0S0x1d4	JUMP
0x2226S0x22b0S0x1d4	JUMP
0x2215S0x2219S0x22b0S0x1d4	REVERT
0x2212S0x2219S0x22b0S0x1d4	JUMPI
0x2218S0x2219S0x22b0S0x1d4	JUMP
0x220bS0x2219S0x22b0S0x1d4	JUMP
0x2159S0x2203S0x2219S0x22b0S0x1d4	JUMP
0x2152S0x2203S0x2219S0x22b0S0x1d4	JUMP
0x2148S0x2149S0x2203S0x2219S0x22b0S0x1d4	JUMP
0x2374S0x23a	JUMP
0x236dS0x23a	JUMPI
0x2382S0x23a	JUMP
0x73b8S0x23a	REVERT
0x2393S0x23a	JUMP
0x23a4S0x23a	JUMP
0x23b5S0x23a	JUMP
0x23c6S0x23a	JUMP
0x23d7S0x23a	JUMP
0x23e8S0x23a	JUMP
0x23f9S0x23a	JUMP
0x2409S0x23a	JUMP
0x2352S0x2376S0x23a	JUMP
0x2352S0x2383S0x23a	JUMP
0x2352S0x2394S0x23a	JUMP
0x2352S0x23a5S0x23a	JUMP
0x2341S0x2345B0x2376S0x23a	REVERT
0x233eS0x2345B0x2376S0x23a	JUMPI
0x2337S0x2345B0x2376S0x23a	JUMP
0x232eS0x232fS0x2345B0x2376S0x23a	JUMP
0x2341S0x2345B0x2383S0x23a	REVERT
0x233eS0x2345B0x2383S0x23a	JUMPI
0x2337S0x2345B0x2383S0x23a	JUMP
0x232eS0x232fS0x2345B0x2383S0x23a	JUMP
0x2341S0x2345B0x2394S0x23a	REVERT
0x233eS0x2345B0x2394S0x23a	JUMPI
0x2337S0x2345B0x2394S0x23a	JUMP
0x232eS0x232fS0x2345B0x2394S0x23a	JUMP
0x2341S0x2345B0x23a5S0x23a	REVERT
0x233eS0x2345B0x23a5S0x23a	JUMPI
0x2337S0x2345B0x23a5S0x23a	JUMP
0x232eS0x232fS0x2345B0x23a5S0x23a	JUMP
0x2291S0x23e9S0x23a	JUMP
0x2280S0x2284S0x23e9S0x23a	REVERT
0x227dS0x2284S0x23e9S0x23a	JUMPI
0x2276S0x2284S0x23e9S0x23a	JUMP
0x226dS0x226eS0x2284S0x23e9S0x23a	JUMP
0x2358S0x2376S0x23a	JUMP
0x2358S0x2383S0x23a	JUMP
0x2358S0x2394S0x23a	JUMP
0x2358S0x23a5S0x23a	JUMP
0x2344S0x2345B0x2376S0x23a	JUMP
0x2344S0x2345B0x2383S0x23a	JUMP
0x2344S0x2345B0x2394S0x23a	JUMP
0x2344S0x2345B0x23a5S0x23a	JUMP
0x2297S0x23e9S0x23a	JUMP
0x2283S0x2284S0x23e9S0x23a	JUMP
0x222cS0x23b6S0x23a	JUMP
0x2226S0x23b6S0x23a	JUMP
0x2215S0x2219S0x23b6S0x23a	REVERT
0x2212S0x2219S0x23b6S0x23a	JUMPI
0x2218S0x2219S0x23b6S0x23a	JUMP
0x220bS0x2219S0x23b6S0x23a	JUMP
0x2159S0x2203S0x2219S0x23b6S0x23a	JUMP
0x2152S0x2203S0x2219S0x23b6S0x23a	JUMP
0x2148S0x2149S0x2203S0x2219S0x23b6S0x23a	JUMP
0x222cS0x23c7S0x23a	JUMP
0x2226S0x23c7S0x23a	JUMP
0x2215S0x2219S0x23c7S0x23a	REVERT
0x2212S0x2219S0x23c7S0x23a	JUMPI
0x2218S0x2219S0x23c7S0x23a	JUMP
0x220bS0x2219S0x23c7S0x23a	JUMP
0x2159S0x2203S0x2219S0x23c7S0x23a	JUMP
0x2152S0x2203S0x2219S0x23c7S0x23a	JUMP
0x2148S0x2149S0x2203S0x2219S0x23c7S0x23a	JUMP
0x222cS0x23d8S0x23a	JUMP
0x2226S0x23d8S0x23a	JUMP
0x2215S0x2219S0x23d8S0x23a	REVERT
0x2212S0x2219S0x23d8S0x23a	JUMPI
0x2218S0x2219S0x23d8S0x23a	JUMP
0x220bS0x2219S0x23d8S0x23a	JUMP
0x2159S0x2203S0x2219S0x23d8S0x23a	JUMP
0x2152S0x2203S0x2219S0x23d8S0x23a	JUMP
0x2148S0x2149S0x2203S0x2219S0x23d8S0x23a	JUMP
0x243cS0x26b	JUMP
0x2429S0x26b	JUMP
0x2426S0x26b	MSTORE
0x2442S0x26b	JUMP
0x2423S0x26b	JUMP
0x241aS0x241bS0x26b	JUMP
0x2413S0x241bS0x26b	JUMP
0x21bcS0x240aS0x241bS0x26b	JUMP
0x21b5S0x240aS0x241bS0x26b	JUMP
0x21abS0x21acS0x240aS0x241bS0x26b	JUMP
0x21a4S0x21acS0x240aS0x241bS0x26b	JUMP
0x219fS0x21acS0x240aS0x241bS0x26b	JUMP
0x219aS0x21acS0x240aS0x241bS0x26b	JUMP
0x2148S0x21a0S0x21acS0x240aS0x241bS0x26b	JUMP
0x218aS0x219bS0x21acS0x240aS0x241bS0x26b	JUMP
0x2148S0x218bS0x21acS0x240aS0x241bS0x26b	JUMP
0x25d7S0x49f	JUMP
0x25ddS0x49f	JUMP
0x2505S0x25c4S0x49f	JUMP
0x2502S0x25c4S0x49f	MSTORE
0x2523S0x25c4S0x49f	JUMP
0x2520S0x25c4S0x49f	MSTORE
0x254bS0x25c4S0x49f	JUMP
0x255eS0x25c4S0x49f	JUMP
0x2571S0x25c4S0x49f	JUMP
0x24ffS0x25c4S0x49f	JUMP
0x2584S0x25c4S0x49f	JUMP
0x2597S0x25c4S0x49f	JUMP
0x25aaS0x25c4S0x49f	JUMP
0x25bdS0x25c4S0x49f	JUMP
0x25c3S0x25c4S0x49f	JUMP
0x251dS0x25c4S0x49f	JUMP
0x2538S0x25c4S0x49f	JUMP
0x226dS0x24f7S0x25c4S0x49f	JUMP
0x2148S0x2515S0x25c4S0x49f	JUMP
0x250eS0x2572S0x25c4S0x49f	JUMP
0x2235S0x2506S0x2572S0x25c4S0x49f	JUMP
0x250eS0x2585S0x25c4S0x49f	JUMP
0x2235S0x2506S0x2585S0x25c4S0x49f	JUMP
0x250eS0x2598S0x25c4S0x49f	JUMP
0x2235S0x2506S0x2598S0x25c4S0x49f	JUMP
0x2514S0x2572S0x25c4S0x49f	JUMP
0x2511S0x2572S0x25c4S0x49f	MSTORE
0x2514S0x2585S0x25c4S0x49f	JUMP
0x2511S0x2585S0x25c4S0x49f	MSTORE
0x2514S0x2598S0x25c4S0x49f	JUMP
0x2511S0x2598S0x25c4S0x49f	MSTORE
0x24f6S0x2539S0x25c4S0x49f	JUMP
0x24f3S0x2539S0x25c4S0x49f	MSTORE
0x24f0S0x2539S0x25c4S0x49f	JUMP
0x2159S0x24e8S0x2539S0x25c4S0x49f	JUMP
0x2152S0x24e8S0x2539S0x25c4S0x49f	JUMP
0x2148S0x2149S0x24e8S0x2539S0x25c4S0x49f	JUMP
0x24f6S0x255fS0x25c4S0x49f	JUMP
0x24f3S0x255fS0x25c4S0x49f	MSTORE
0x24f0S0x255fS0x25c4S0x49f	JUMP
0x2159S0x24e8S0x255fS0x25c4S0x49f	JUMP
0x2152S0x24e8S0x255fS0x25c4S0x49f	JUMP
0x2148S0x2149S0x24e8S0x255fS0x25c4S0x49f	JUMP
0x24f6S0x2524S0x25c4S0x49f	JUMP
0x24f3S0x2524S0x25c4S0x49f	MSTORE
0x24f0S0x2524S0x25c4S0x49f	JUMP
0x2159S0x24e8S0x2524S0x25c4S0x49f	JUMP
0x2152S0x24e8S0x2524S0x25c4S0x49f	JUMP
0x2148S0x2149S0x24e8S0x2524S0x25c4S0x49f	JUMP
0x2630S0x666	CONST
0x2633S0x666	CONST
0x2636S0x666	JUMP
0x260cS0x666	CONST
0x260dS0x666	CONST
0x2611S0x666	CONST
0x2614S0x666	JUMP
0x2618S0x666	CONST
0x261cS0x666	CONST
0x261fS0x666	JUMP
0x2625S0x666	SUB
0x262aS0x666	GT
0x262bS0x666	ISZERO
0x262cS0x666	CONST
0x262fS0x666	JUMPI
0x263dS0x666	JUMP
0x741fS0x666	CONST
0x7440S0x666	CONST
0x7442S0x666	CONST
0x7444S0x666	CONST
0x7447S0x666	CONST
0x7449S0x666	CONST
0x744aS0x666	REVERT
0x7441S0x666	MSTORE
0x7446S0x666	MSTORE
0x222eS0x260bS0x666	CONST
0x2235S0x260bS0x666	JUMP
0x222eS0x2615S0x666	CONST
0x2235S0x2615S0x666	JUMP
0x2a76S0xaf5	CONST
0x2a79S0xaf5	CONST
0x2a7cS0xaf5	JUMP
0x2a52S0xaf5	CONST
0x2a53S0xaf5	CONST
0x2a57S0xaf5	CONST
0x2a5aS0xaf5	JUMP
0x2a5eS0xaf5	CONST
0x2a62S0xaf5	CONST
0x2a65S0xaf5	JUMP
0x2a6bS0xaf5	ADD
0x2a70S0xaf5	GT
0x2a71S0xaf5	ISZERO
0x2a72S0xaf5	CONST
0x2a75S0xaf5	JUMPI
0x2a83S0xaf5	JUMP
0x746bS0xaf5	CONST
0x748cS0xaf5	CONST
0x748eS0xaf5	CONST
0x7490S0xaf5	CONST
0x7493S0xaf5	CONST
0x7495S0xaf5	CONST
0x7496S0xaf5	REVERT
0x748dS0xaf5	MSTORE
0x7492S0xaf5	MSTORE
0x222eS0x2a51S0xaf5	CONST
0x2235S0x2a51S0xaf5	JUMP
0x222eS0x2a5bS0xaf5	CONST
0x2235S0x2a5bS0xaf5	JUMP
