{
  "strongest_baseline": "opcode_xgb",
  "note": "AUPRC computed pooled/weighted or via family bootstrap; never averaged across per-family AUPRCs.",
  "models": {
    "authguard": {
      "observation_weighted": {
        "AUPRC": 0.8671767559919858,
        "recall": 0.8005502063273727,
        "FPR": 0.10109465550547328,
        "precision": 0.7875507442489851
      },
      "inverse_family_size_weighted": {
        "AUPRC": 0.8382825870570967,
        "recall": 0.8691078917470466,
        "FPR": 0.10618777585103184,
        "precision": 0.7237985728099223
      },
      "one_vote_per_exact_bytecode": {
        "AUPRC": 0.8443998351528482,
        "recall": 0.7941712204007286,
        "FPR": 0.102803738317757,
        "precision": 0.7827648114901257
      },
      "family_macro_recall": 0.8547175354654579,
      "family_macro_FPR": 0.11394768835713717,
      "family_clustered_pooled_AUPRC": {
        "point": 0.8671767559919858,
        "CI95": [
          0.8046586746267597,
          0.9206414607980752
        ]
      },
      "n_obs": 2280,
      "n_unique_bytecode": 1726
    },
    "opcode_xgb": {
      "observation_weighted": {
        "AUPRC": 0.7759495877300101,
        "recall": 0.7716643741403026,
        "FPR": 0.16033483580167418,
        "precision": 0.6925925925925925
      },
      "inverse_family_size_weighted": {
        "AUPRC": 0.7532064610870985,
        "recall": 0.8248000710025508,
        "FPR": 0.17720740252089084,
        "precision": 0.5984340772151642
      },
      "one_vote_per_exact_bytecode": {
        "AUPRC": 0.7443678810325607,
        "recall": 0.7540983606557377,
        "FPR": 0.16822429906542055,
        "precision": 0.6764705882352942
      },
      "family_macro_recall": 0.8133831388679034,
      "family_macro_FPR": 0.1845243662723978,
      "family_clustered_pooled_AUPRC": {
        "point": 0.7759495877300101,
        "CI95": [
          0.6828315546558573,
          0.8614381275714378
        ]
      },
      "n_obs": 2280,
      "n_unique_bytecode": 1726
    }
  }
}