{
  "opcode_rf": 0.39172619047619067,
  "opcode_xgb": 0.5792364478111267,
  "authguard": 0.4918324649333954,
  "selector_lr": 0.268767774105072
}