0x0	0x0
0xf	0xd
0x4	0x0
0x8	0x0
0x60	0x5f
0x3f	0x3e
0x2	0x0
0x5	0x0
0x7	0x0
0x9	0x0
0xd	0xd
0xe	0xd
0x11	0xd
0x13	0xd
0x18	0xd
0x19	0xd
0x1e	0x1d
0x23	0x1d
0x24	0x1d
0x29	0x28
0x2e	0x28
0x2f	0x28
0x34	0x33
0x39	0x33
0x44	0x3e
0x4a	0x49
0x4f	0x49
0x55	0x54
0x5a	0x54
0x5f	0x5f
0x64	0x62
0x69	0x62
0x6f	0x6e
0x74	0x6e
0x7a	0x79
0x7f	0x79
0x84	0x84
0x85	0x84
0x89	0x87
0x8e	0x87
0x8f	0x87
0x94	0x93
0x99	0x93
0x9f	0x9e
0xa4	0x9e
0xaa	0xa9
0xaf	0xa9
0xb5	0xb4
0xba	0xb4
0xbf	0xbf
0xc0	0xbf
0xc4	0xc2
0xc9	0xc2
0xcf	0xce
0xd4	0xce
0xda	0xd9
0xdf	0xd9
0xe4	0xe4
0xe5	0xe4
0xe9	0xe7
0xee	0xe7
0xef	0xe7
0xf4	0xf3
0xf9	0xf3
0xfa	0xf3
0xff	0xfe
0x104	0xfe
0x10a	0x109
0x10f	0x109
0x115	0x114
0x11a	0x114
0x120	0x11f
0x125	0x11f
0x12a	0x12a
0x12b	0x12a
0x12f	0x12d
0x134	0x12d
0x13a	0x139
0x13f	0x139
0x145	0x144
0x14a	0x144
0x14f	0x14f
0x150	0x14f
0x154	0x152
0x159	0x152
0x15f	0x15e
0x164	0x15e
0x16a	0x169
0x16f	0x169
0x175	0x174
0x17a	0x174
0x180	0x17f
0x185	0x17f
0x18b	0x18a
0x190	0x18a
0x195	0x195
0x196	0x195
0x199	0x198
0x19a	0x198
0x19e	0x9417
0x19f	0x9417
0x1a0	0x9417
0x1a2	0x9417
0x1a4	0x9417
0x1a6	0x9417
0x1a7	0x9417
0x1a9	0x9417
0x1aa	0x9417
0x1ab	0x9417
0x1af	0x1af
0x1b1	0x1af
0x1b2	0x1af
0x1b7	0x1af
0x1b9	0x1af
0x1bc	0x1af
0x1be	0x1af
0x1bf	0x1af
0x1c1	0x1af
0x1c4	0x1af
0x1c8	0x1c7
0x1c9	0x1c7
0x1ca	0x1c7
0x1cc	0x1c7
0x1ce	0x1c7
0x1d0	0x1c7
0x1d1	0x1c7
0x1d3	0x1c7
0x1d4	0x1c7
0x1d5	0x1c7
0x1d9	0x1d9
0x1db	0x1d9
0x1dc	0x1d9
0x1e1	0x1d9
0x1e3	0x1d9
0x1e6	0x1d9
0x1e8	0x1d9
0x1e9	0x1d9
0x1eb	0x1d9
0x1ee	0x1d9
0x1f2	0x1f1
0x1f4	0x1f1
0x1f5	0x1f1
0x1f7	0x1f1
0x1f9	0x1f1
0x1fa	0x1f1
0x1fb	0x1f1
0x1fc	0x1f1
0x1fe	0x1f1
0x200	0x1f1
0x201	0x1f1
0x204	0x1f1
0x208	0x1f1
0x20a	0x1f1
0x20c	0x1f1
0x20e	0x1f1
0x210	0x1f1
0x215	0x214
0x218	0x214
0x21d	0x21c
0x21f	0x21c
0x220	0x21c
0x222	0x21c
0x224	0x21c
0x225	0x21c
0x226	0x21c
0x22b	0x22a
0x22c	0x22a
0x22f	0x22e
0x231	0x22e
0x232	0x22e
0x236	0x236
0x237	0x236
0x23b	0x239
0x23c	0x239
0x23d	0x239
0x241	0x239
0x243	0x239
0x245	0x239
0x247	0x239
0x248	0x239
0x249	0x239
0x26a	0x269
0x26c	0x269
0x26d	0x269
0x271	0x271
0x272	0x271
0x276	0x274
0x279	0x274
0x280	0x27f
0x283	0x27f
0x286	0x27f
0x287	0x27f
0x289	0x27f
0x28e	0x28d
0x293	0x292
0x295	0x292
0x296	0x292
0x29a	0x29a
0x29b	0x29a
0x29f	0x29d
0x2a2	0x29d
0x2a5	0x29d
0x2a6	0x29d
0x2a8	0x29d
0x2ad	0x2ac
0x2af	0x2ac
0x2b2	0x2ac
0x2b6	0x2ac
0x2b9	0x2ac
0x2ba	0x2ac
0x2bb	0x2ac
0x2bd	0x2ac
0x2d1	0x2d0
0x2d3	0x2d0
0x2d4	0x2d0
0x2d8	0x2d8
0x2d9	0x2d8
0x2dd	0x2db
0x2e0	0x2db
0x2e3	0x2db
0x2e4	0x2db
0x2e6	0x2db
0x2eb	0x2ea
0x2f0	0x2ef
0x2f3	0x2ef
0x2f8	0x2f7
0x2fa	0x2f7
0x2fb	0x2f7
0x2ff	0x2ff
0x300	0x2ff
0x304	0x302
0x307	0x302
0x30c	0x30b
0x30e	0x30b
0x30f	0x30b
0x313	0x313
0x314	0x313
0x318	0x316
0x31b	0x316
0x31e	0x316
0x31f	0x316
0x321	0x316
0x326	0x325
0x339	0x338
0x33b	0x338
0x33c	0x338
0x340	0x340
0x341	0x340
0x345	0x343
0x348	0x343
0x34d	0x34c
0x350	0x34c
0x353	0x34c
0x354	0x34c
0x356	0x34c
0x35b	0x35a
0x360	0x35f
0x362	0x35f
0x363	0x35f
0x369	0x35f
0x36e	0x36d
0x370	0x36d
0x371	0x36d
0x375	0x375
0x376	0x375
0x37a	0x378
0x37b	0x378
0x37c	0x378
0x380	0x378
0x382	0x378
0x384	0x378
0x386	0x378
0x387	0x378
0x389	0x378
0x38d	0x38c
0x38f	0x38c
0x390	0x38c
0x394	0x394
0x395	0x394
0x399	0x397
0x39c	0x397
0x39f	0x397
0x3a0	0x397
0x3a2	0x397
0x3a7	0x3a6
0x3ac	0x3ab
0x3ae	0x3ab
0x3af	0x3ab
0x3b3	0x3b3
0x3b4	0x3b3
0x3b8	0x3b6
0x3b9	0x3b6
0x3be	0x3bd
0x3c0	0x3bd
0x3c1	0x3bd
0x3c5	0x3c5
0x3c6	0x3c5
0x3ca	0x3c8
0x3cd	0x3c8
0x3d0	0x3c8
0x3d1	0x3c8
0x3d3	0x3c8
0x3d8	0x3d7
0x3dd	0x3dc
0x3df	0x3dc
0x3e0	0x3dc
0x3e4	0x3e4
0x3e5	0x3e4
0x3e9	0x3e7
0x3ec	0x3e7
0x3ef	0x3e7
0x3f0	0x3e7
0x3f3	0x3e7
0x3f6	0x3e7
0x3fa	0x3e7
0x3fd	0x3e7
0x403	0x3e7
0x407	0x3e7
0x40a	0x3e7
0x40e	0x3e7
0x411	0x3e7
0x415	0x3e7
0x418	0x3e7
0x41e	0x3e7
0x421	0x3e7
0x422	0x3e7
0x425	0x3e7
0x428	0x3e7
0x42a	0x3e7
0x42b	0x3e7
0x42d	0x3e7
0x42f	0x3e7
0x431	0x3e7
0x432	0x3e7
0x435	0x3e7
0x438	0x3e7
0x43a	0x3e7
0x43c	0x3e7
0x43d	0x3e7
0x440	0x3e7
0x442	0x3e7
0x444	0x3e7
0x445	0x3e7
0x448	0x3e7
0x44d	0x3e7
0x44f	0x3e7
0x450	0x3e7
0x453	0x3e7
0x455	0x3e7
0x457	0x3e7
0x458	0x3e7
0x45a	0x3e7
0x45b	0x3e7
0x45d	0x3e7
0x45f	0x3e7
0x461	0x3e7
0x462	0x3e7
0x463	0x3e7
0x464	0x3e7
0x465	0x3e7
0x468	0x3e7
0x46a	0x3e7
0x46c	0x3e7
0x46d	0x3e7
0x470	0x3e7
0x475	0x474
0x478	0x474
0x47a	0x474
0x47b	0x474
0x47d	0x474
0x47f	0x474
0x481	0x474
0x482	0x474
0x485	0x474
0x488	0x474
0x48c	0x474
0x48d	0x474
0x48f	0x474
0x492	0x474
0x496	0x474
0x497	0x474
0x498	0x474
0x49b	0x474
0x4a0	0x474
0x4a4	0x474
0x4a5	0x474
0x4a8	0x474
0x4aa	0x474
0x4ae	0x474
0x4af	0x474
0x4b0	0x474
0x4b2	0x474
0x4b4	0x474
0x4b6	0x474
0x4b7	0x474
0x4b8	0x474
0x4b9	0x474
0x4bc	0x474
0x4be	0x474
0x4c2	0x474
0x4c3	0x474
0x4c6	0x474
0x4cb	0x474
0x4cd	0x474
0x4ce	0x474
0x4d3	0x4d2
0x4d5	0x4d2
0x4d6	0x4d2
0x4da	0x4da
0x4db	0x4da
0x4df	0x4dd
0x4e2	0x4dd
0x4e7	0x4e6
0x4e9	0x4e6
0x4ea	0x4e6
0x4ee	0x4ee
0x4ef	0x4ee
0x4f3	0x4f1
0x4f6	0x4f1
0x4fb	0x4fa
0x4fd	0x4fa
0x4fe	0x4fa
0x502	0x502
0x503	0x502
0x507	0x505
0x528	0x505
0x52d	0x52c
0x52f	0x52c
0x530	0x52c
0x534	0x534
0x535	0x534
0x539	0x537
0x53c	0x537
0x53f	0x537
0x540	0x537
0x542	0x537
0x547	0x546
0x54c	0x54b
0x54e	0x54b
0x54f	0x54b
0x553	0x553
0x554	0x553
0x558	0x556
0x55b	0x556
0x55e	0x556
0x55f	0x556
0x561	0x556
0x566	0x565
0x56b	0x56a
0x56d	0x56a
0x56e	0x56a
0x572	0x572
0x573	0x572
0x577	0x575
0x579	0x575
0x57a	0x575
0x57c	0x575
0x57d	0x575
0x57f	0x575
0x580	0x575
0x582	0x575
0x583	0x575
0x585	0x575
0x586	0x575
0x588	0x575
0x589	0x575
0x58d	0x575
0x58f	0x575
0x591	0x575
0x593	0x575
0x594	0x575
0x597	0x575
0x59a	0x575
0x59c	0x575
0x59f	0x575
0x5a1	0x575
0x5a6	0x5a5
0x5a9	0x5a5
0x5aa	0x5a5
0x5ac	0x5a5
0x5ae	0x5a5
0x5b0	0x5a5
0x5b1	0x5a5
0x5b4	0x5a5
0x5b9	0x5a5
0x5ba	0x5a5
0x5bd	0x5a5
0x5c2	0x5a5
0x5c5	0x5a5
0x5ca	0x5a5
0x5cd	0x5a5
0x5cf	0x5a5
0x5d1	0x5a5
0x5d3	0x5a5
0x5d5	0x5a5
0x5d6	0x5a5
0x5d7	0x5a5
0x5d8	0x5a5
0x5d9	0x5a5
0x5dc	0x5a5
0x5de	0x5a5
0x5e1	0x5a5
0x5e6	0x5a5
0x5e8	0x5a5
0x5e9	0x5a5
0x5ee	0x5ed
0x5f1	0x5ed
0x5f4	0x5ed
0x5f5	0x5ed
0x5f7	0x5ed
0x5fc	0x5fb
0x601	0x600
0x603	0x600
0x604	0x600
0x608	0x608
0x609	0x608
0x60d	0x60b
0x610	0x60b
0x613	0x60b
0x614	0x60b
0x616	0x60b
0x61b	0x61a
0x620	0x61f
0x623	0x61f
0x626	0x61f
0x627	0x61f
0x629	0x61f
0x62e	0x62d
0x633	0x632
0x635	0x632
0x636	0x632
0x63a	0x63a
0x63b	0x63a
0x63f	0x63d
0x642	0x63d
0x645	0x63d
0x646	0x63d
0x648	0x63d
0x64d	0x64c
0x652	0x651
0x654	0x651
0x655	0x651
0x659	0x659
0x65a	0x659
0x65e	0x65c
0x661	0x65c
0x664	0x65c
0x665	0x65c
0x667	0x65c
0x66c	0x66b
0x671	0x670
0x673	0x670
0x674	0x670
0x678	0x678
0x679	0x678
0x67d	0x67b
0x680	0x67b
0x683	0x67b
0x684	0x67b
0x686	0x67b
0x68b	0x68a
0x7c0	0x7bf
0x7c1	0x7bf
0x7c3	0x7bf
0x7c5	0x7bf
0x7c7	0x7bf
0x7c8	0x7bf
0x7c9	0x7bf
0x7ea	0x7bf
0x7eb	0x7bf
0x7ec	0x7bf
0x7f0	0x7f0
0x7f2	0x7f0
0x7f3	0x7f0
0x7f8	0x7f0
0x7fa	0x7f0
0x7fd	0x7f0
0x7ff	0x7f0
0x800	0x7f0
0x802	0x7f0
0x805	0x7f0
0x809	0x808
0x80c	0x808
0x80d	0x808
0x80e	0x808
0x80f	0x808
0x810	0x808
0x815	0x808
0x817	0x808
0x818	0x808
0x81d	0x81c
0x83e	0x81c
0x840	0x81c
0x842	0x81c
0x844	0x81c
0x845	0x81c
0x846	0x81c
0x849	0x848
0x84a	0x848
0x84b	0x848
0x84d	0x848
0x84f	0x848
0x851	0x848
0x852	0x848
0x854	0x848
0x855	0x848
0x856	0x848
0x85a	0x85a
0x85c	0x85a
0x85d	0x85a
0x862	0x85a
0x864	0x85a
0x867	0x85a
0x869	0x85a
0x86a	0x85a
0x86c	0x85a
0x86f	0x85a
0x873	0x872
0x874	0x872
0x875	0x872
0x877	0x872
0x879	0x872
0x87b	0x872
0x87c	0x872
0x87e	0x872
0x87f	0x872
0x880	0x872
0x884	0x884
0x886	0x884
0x887	0x884
0x88c	0x884
0x88e	0x884
0x891	0x884
0x893	0x884
0x894	0x884
0x896	0x884
0x899	0x884
0x89d	0x89c
0x89f	0x89c
0x8a0	0x89c
0x8a2	0x89c
0x8a4	0x89c
0x8a5	0x89c
0x8a6	0x89c
0x8a7	0x89c
0x8a9	0x89c
0x8ab	0x89c
0x8ac	0x89c
0x8af	0x89c
0x8b2	0x89c
0x8b3	0x89c
0x8b4	0x89c
0x8b5	0x89c
0x8b6	0x89c
0x8bb	0x89c
0x8bd	0x89c
0x8be	0x89c
0x8c3	0x8c2
0x8c7	0x8c2
0x8db	0x8da
0x8dc	0x8da
0x8de	0x8da
0x8e0	0x8da
0x8e2	0x8da
0x8e3	0x8da
0x8e4	0x8da
0x905	0x8da
0x906	0x8da
0x907	0x8da
0x90b	0x90b
0x90d	0x90b
0x90e	0x90b
0x913	0x90b
0x915	0x90b
0x918	0x90b
0x91a	0x90b
0x91b	0x90b
0x91d	0x90b
0x920	0x90b
0x924	0x923
0x926	0x923
0x927	0x923
0x92c	0x923
0x92e	0x923
0x931	0x923
0x932	0x923
0x935	0x923
0x937	0x923
0x939	0x923
0x93b	0x923
0x93d	0x923
0x93f	0x923
0x940	0x923
0x942	0x923
0x944	0x923
0x94a	0x923
0x94c	0x923
0x94d	0x923
0x94f	0x923
0x951	0x923
0x954	0x923
0x957	0x923
0x958	0x923
0x959	0x923
0x95b	0x923
0x95c	0x923
0x960	0x960
0x961	0x960
0x962	0x960
0x964	0x960
0x965	0x960
0x96c	0x967
0x96e	0x967
0x96f	0x967
0x970	0x967
0x972	0x967
0x973	0x967
0x976	0x967
0x977	0x967
0x979	0x967
0x97b	0x967
0x980	0x967
0x982	0x967
0x987	0x967
0x98f	0x98b
0x990	0x98b
0x991	0x98b
0x995	0x995
0x997	0x995
0x998	0x995
0x99d	0x995
0x99f	0x995
0x9a2	0x995
0x9a4	0x995
0x9a5	0x995
0x9a7	0x995
0x9aa	0x995
0x9ae	0x9ad
0x9b0	0x9ad
0x9b1	0x9ad
0x9b6	0x9ad
0x9b8	0x9ad
0x9bb	0x9ad
0x9bd	0x9ad
0x9bf	0x9ad
0x9c1	0x9ad
0x9c2	0x9ad
0x9c3	0x9ad
0x9e5	0x9ad
0x9e6	0x9ad
0x9e9	0x9ad
0x9eb	0x9ad
0x9ee	0x9ad
0x9f2	0x9ad
0x9f6	0x9ad
0x9f8	0x9ad
0x9fe	0x9ad
0xa00	0x9ad
0xa01	0x9ad
0xa03	0x9ad
0xa05	0x9ad
0xa08	0x9ad
0xa0a	0x9ad
0xa0c	0x9ad
0xa0d	0x9ad
0xa0e	0x9ad
0xa10	0x9ad
0xa11	0x9ad
0xa15	0xa15
0xa16	0xa15
0xa17	0xa15
0xa19	0xa15
0xa1a	0xa15
0xa21	0xa1c
0xa23	0xa1c
0xa24	0xa1c
0xa25	0xa1c
0xa27	0xa1c
0xa28	0xa1c
0xa2b	0xa1c
0xa2c	0xa1c
0xa2e	0xa1c
0xa30	0xa1c
0xa35	0xa1c
0xa37	0xa1c
0xa3c	0xa1c
0xa44	0xa40
0xa48	0xa48
0xa4a	0xa48
0xa4b	0xa48
0xa50	0xa48
0xa52	0xa48
0xa55	0xa48
0xa57	0xa48
0xa58	0xa48
0xa5a	0xa48
0xa5d	0xa48
0xa63	0xa60
0xa65	0xa60
0xa67	0xa60
0xa69	0xa60
0xa6a	0xa60
0xa6b	0xa60
0xa6c	0xa60
0xa8d	0xa60
0xa8f	0xa60
0xa91	0xa60
0xa93	0xa60
0xa94	0xa60
0xa95	0xa60
0xa96	0xa60
0xab7	0xa60
0xab9	0xa60
0xaba	0xa60
0xabc	0xa60
0xabf	0xa60
0xac7	0xac6
0xac8	0xac6
0xac9	0xac6
0xacb	0xac6
0xacd	0xac6
0xacf	0xac6
0xad0	0xac6
0xad2	0xac6
0xad3	0xac6
0xad4	0xac6
0xad8	0xad8
0xada	0xad8
0xadb	0xad8
0xae0	0xad8
0xae2	0xad8
0xae5	0xad8
0xae7	0xad8
0xae8	0xad8
0xaea	0xad8
0xaed	0xad8
0xaf1	0xaf0
0xaf2	0xaf0
0xaf3	0xaf0
0xaf5	0xaf0
0xaf7	0xaf0
0xaf9	0xaf0
0xafa	0xaf0
0xafc	0xaf0
0xafd	0xaf0
0xafe	0xaf0
0xb02	0xb02
0xb04	0xb02
0xb05	0xb02
0xb0a	0xb02
0xb0c	0xb02
0xb0f	0xb02
0xb11	0xb02
0xb12	0xb02
0xb14	0xb02
0xb17	0xb02
0xb1b	0xb1a
0xb1d	0xb1a
0xb1e	0xb1a
0xb20	0xb1a
0xb22	0xb1a
0xb23	0xb1a
0xb24	0xb1a
0xb25	0xb1a
0xb27	0xb1a
0xb29	0xb1a
0xb2a	0xb1a
0xb2d	0xb1a
0xb30	0xb1a
0xb31	0xb1a
0xb32	0xb1a
0xb33	0xb1a
0xb34	0xb1a
0xb39	0xb1a
0xb3b	0xb1a
0xb3c	0xb1a
0xb41	0xb40
0xb44	0xb40
0xb57	0xb56
0xb58	0xb56
0xb59	0xb56
0xb5b	0xb56
0xb5d	0xb56
0xb5f	0xb56
0xb60	0xb56
0xb62	0xb56
0xb63	0xb56
0xb64	0xb56
0xb68	0xb68
0xb6a	0xb68
0xb6b	0xb68
0xb70	0xb68
0xb72	0xb68
0xb75	0xb68
0xb77	0xb68
0xb78	0xb68
0xb7a	0xb68
0xb7d	0xb68
0xb81	0xb80
0xb82	0xb80
0xb83	0xb80
0xb85	0xb80
0xb87	0xb80
0xb89	0xb80
0xb8a	0xb80
0xb8c	0xb80
0xb8d	0xb80
0xb8e	0xb80
0xb92	0xb92
0xb94	0xb92
0xb95	0xb92
0xb9a	0xb92
0xb9c	0xb92
0xb9f	0xb92
0xba1	0xb92
0xba2	0xb92
0xba4	0xb92
0xba7	0xb92
0xbab	0xbaa
0xbad	0xbaa
0xbae	0xbaa
0xbb0	0xbaa
0xbb2	0xbaa
0xbb3	0xbaa
0xbb4	0xbaa
0xbb5	0xbaa
0xbb7	0xbaa
0xbb9	0xbaa
0xbba	0xbaa
0xbbd	0xbaa
0xbc0	0xbaa
0xbc1	0xbaa
0xbc2	0xbaa
0xbc3	0xbaa
0xbc4	0xbaa
0xbc9	0xbaa
0xbcb	0xbaa
0xbcc	0xbaa
0xbd1	0xbd0
0xbd2	0xbd0
0xbd3	0xbd0
0xbd7	0xbd0
0xbd9	0xbd0
0xbdb	0xbd0
0xbdd	0xbd0
0xbde	0xbd0
0xbdf	0xbd0
0xbe0	0xbd0
0xc53	0xc52
0xc54	0xc52
0xc56	0xc52
0xc58	0xc52
0xc5a	0xc52
0xc5b	0xc52
0xc5c	0xc52
0xc7d	0xc52
0xc7e	0xc52
0xc7f	0xc52
0xc83	0xc83
0xc85	0xc83
0xc86	0xc83
0xc8b	0xc83
0xc8d	0xc83
0xc90	0xc83
0xc92	0xc83
0xc93	0xc83
0xc95	0xc83
0xc98	0xc83
0xc9c	0xc9b
0xc9e	0xc9b
0xc9f	0xc9b
0xca1	0xc9b
0xca3	0xc9b
0xca4	0xc9b
0xca5	0xc9b
0xca8	0xc9b
0xcaa	0xc9b
0xcab	0xc9b
0xcad	0xc9b
0xcd2	0xcd1
0xcd3	0xcd1
0xcd4	0xcd1
0xcd9	0xcd1
0xcdb	0xcd1
0xcdd	0xcd1
0xcdf	0xcd1
0xce0	0xcd1
0xce2	0xcd1
0xce3	0xcd1
0xce4	0xcd1
0xce8	0xce8
0xcea	0xce8
0xceb	0xce8
0xcf0	0xce8
0xcf2	0xce8
0xcf5	0xce8
0xcf7	0xce8
0xcf8	0xce8
0xcfa	0xce8
0xcfd	0xce8
0xd01	0xd00
0xd02	0xd00
0xd03	0xd00
0xd05	0xd00
0xd07	0xd00
0xd09	0xd00
0xd0a	0xd00
0xd0c	0xd00
0xd0d	0xd00
0xd0e	0xd00
0xd12	0xd12
0xd14	0xd12
0xd15	0xd12
0xd1a	0xd12
0xd1c	0xd12
0xd1f	0xd12
0xd21	0xd12
0xd22	0xd12
0xd24	0xd12
0xd27	0xd12
0xd2b	0xd2a
0xd2d	0xd2a
0xd2e	0xd2a
0xd30	0xd2a
0xd32	0xd2a
0xd33	0xd2a
0xd34	0xd2a
0xd35	0xd2a
0xd37	0xd2a
0xd39	0xd2a
0xd3a	0xd2a
0xd3d	0xd2a
0xd40	0xd2a
0xd41	0xd2a
0xd42	0xd2a
0xd43	0xd2a
0xd44	0xd2a
0xd49	0xd2a
0xd4b	0xd2a
0xd4c	0xd2a
0xd53	0xd50
0xd54	0xd50
0xd58	0xd58
0xd5a	0xd58
0xd5b	0xd58
0xd60	0xd58
0xd62	0xd58
0xd65	0xd58
0xd67	0xd58
0xd68	0xd58
0xd6a	0xd58
0xd6d	0xd58
0xd73	0xd70
0xd7d	0xd70
0xd7e	0xd70
0xd7f	0xd70
0xd83	0xd83
0xd86	0xd83
0xd8b	0xd8a
0xd8d	0xd8a
0xd93	0xd8a
0xd95	0xd8a
0xd96	0xd8a
0xd98	0xd8a
0xd9a	0xd8a
0xd9b	0xd8a
0xd9f	0xd8a
0xda0	0xd8a
0xda5	0xda4
0xda7	0xda4
0xda8	0xda4
0xdab	0xda4
0xdad	0xda4
0xdb0	0xda4
0xdb8	0xdb3
0xdc2	0xdb3
0xdc3	0xdb3
0xdc4	0xdb3
0xdc8	0xdc8
0xdcb	0xdc8
0xdd0	0xdcf
0xdd2	0xdcf
0xdd8	0xdcf
0xdda	0xdcf
0xddb	0xdcf
0xddd	0xdcf
0xddf	0xdcf
0xde0	0xdcf
0xde4	0xdcf
0xde5	0xdcf
0xdea	0xde9
0xdec	0xde9
0xdee	0xded
0xdf2	0xded
0xdf4	0xded
0xdf6	0xded
0xdf9	0xded
0xdfc	0xded
0xe06	0xe02
0xe0a	0xe07
0xe0b	0xe07
0xe0c	0xe07
0xe15	0xe10
0xe16	0xe10
0xe1a	0xe1a
0xe1d	0xe1a
0xe24	0xe21
0xe26	0xe21
0xe27	0xe21
0xe28	0xe21
0xe2b	0xe21
0xe2d	0xe21
0xe32	0xe21
0xe37	0xe36
0xe39	0xe36
0xe3b	0xe36
0xe3d	0xe36
0xe3e	0xe36
0xe3f	0xe36
0xe45	0xe36
0xe46	0xe36
0xe4a	0xe4a
0xe4d	0xe4a
0xe54	0xe51
0xe56	0xe51
0xe58	0xe51
0xe5a	0xe51
0xe5f	0xe51
0xe64	0xe63
0xe66	0xe63
0xe67	0xe63
0xe6d	0xe63
0xe72	0xe71
0xe73	0xe71
0xe75	0xe71
0xe78	0xe71
0xe7a	0xe71
0xe7c	0xe71
0xe7d	0xe71
0xe81	0xe71
0xe83	0xe71
0xe85	0xe71
0xe86	0xe71
0xe8a	0xe8a
0xe8c	0xe8a
0xe8f	0xe8a
0xe91	0xe8a
0xe92	0xe8a
0xe94	0xe8a
0xe95	0xe8a
0xe96	0xe8a
0xe98	0xe8a
0xe99	0xe8a
0xe9c	0xe8a
0xe9f	0xe8a
0xea0	0xe8a
0xea1	0xe8a
0xea4	0xe8a
0xea6	0xe8a
0xeab	0xeaa
0xeb4	0xeaf
0xeb6	0xeaf
0xeb7	0xeaf
0xebb	0xebb
0xebe	0xebb
0xec3	0xec2
0xec5	0xec2
0xec6	0xec2
0xec8	0xec2
0xec9	0xec2
0xecd	0xec2
0xecf	0xec2
0xed0	0xec2
0xed4	0xed4
0xed7	0xed4
0xedc	0xedb
0xede	0xedb
0xedf	0xedb
0xee1	0xedb
0xee2	0xedb
0xee7	0xedb
0xee8	0xedb
0xee9	0xedb
0xeea	0xedb
0xef0	0xedb
0xef4	0xedb
0xef6	0xedb
0xef7	0xedb
0xefb	0xefb
0xefe	0xefb
0xf03	0xf02
0xf05	0xf02
0xf06	0xf02
0xf08	0xf02
0xf09	0xf02
0xf0a	0xf02
0xf0b	0xf02
0xf0c	0xf02
0xf12	0xf02
0xf13	0xf02
0xf17	0xf17
0xf1a	0xf17
0xf21	0xf1e
0xf23	0xf1e
0xf24	0xf1e
0xf25	0xf1e
0xf28	0xf1e
0xf2a	0xf1e
0xf2f	0xf1e
0xf34	0xf33
0xf36	0xf33
0xf38	0xf33
0xf3a	0xf33
0xf3b	0xf33
0xf3c	0xf33
0xf3d	0xf33
0xf63	0xf33
0xf64	0xf33
0xf68	0xf68
0xf6b	0xf68
0xf72	0xf6f
0xf74	0xf6f
0xf76	0xf6f
0xf78	0xf6f
0xf7d	0xf6f
0xf82	0xf81
0xf84	0xf81
0xf85	0xf81
0xf8b	0xf81
0xf90	0xf8f
0xf92	0xf8f
0xf95	0xf8f
0xf98	0xf8f
0xf9a	0xf8f
0xf9b	0xf8f
0xfa2	0xf9f
0xfa4	0xf9f
0xfa5	0xf9f
0xfa7	0xf9f
0xfa9	0xf9f
0xfaa	0xf9f
0xfab	0xf9f
0x1015	0x1014
0x1016	0x1014
0x1017	0x1014
0x1019	0x1014
0x101b	0x1014
0x101d	0x1014
0x101e	0x1014
0x1020	0x1014
0x1021	0x1014
0x1022	0x1014
0x1026	0x1026
0x1028	0x1026
0x1029	0x1026
0x102e	0x1026
0x1030	0x1026
0x1033	0x1026
0x1035	0x1026
0x1036	0x1026
0x1038	0x1026
0x103b	0x1026
0x103f	0x103e
0x1040	0x103e
0x1041	0x103e
0x1043	0x103e
0x1045	0x103e
0x1047	0x103e
0x1048	0x103e
0x104a	0x103e
0x104b	0x103e
0x104c	0x103e
0x1050	0x1050
0x1052	0x1050
0x1053	0x1050
0x1058	0x1050
0x105a	0x1050
0x105d	0x1050
0x105f	0x1050
0x1060	0x1050
0x1062	0x1050
0x1065	0x1050
0x1069	0x1068
0x106b	0x1068
0x106c	0x1068
0x106e	0x1068
0x1070	0x1068
0x1071	0x1068
0x1072	0x1068
0x1073	0x1068
0x1075	0x1068
0x1077	0x1068
0x1078	0x1068
0x107b	0x1068
0x107e	0x1068
0x107f	0x1068
0x1080	0x1068
0x1081	0x1068
0x1082	0x1068
0x1087	0x1068
0x1089	0x1068
0x108a	0x1068
0x1090	0x108e
0x1094	0x1091
0x1095	0x1091
0x1096	0x1091
0x109a	0x109a
0x10a3	0x109a
0x10a4	0x109a
0x10a8	0x10a8
0x10ab	0x10a8
0x10b2	0x10af
0x10b4	0x10af
0x10b5	0x10af
0x10b6	0x10af
0x10b9	0x10af
0x10bb	0x10af
0x10c0	0x10af
0x10c5	0x10c4
0x10ca	0x10c9
0x10cc	0x10c9
0x10cd	0x10c9
0x10d4	0x10d1
0x10d6	0x10d1
0x10d7	0x10d1
0x10d9	0x10d1
0x10db	0x10d1
0x10dc	0x10d1
0x10dd	0x10d1
0x10e5	0x10e4
0x10e6	0x10e4
0x10e8	0x10e4
0x10ea	0x10e4
0x10ec	0x10e4
0x10ed	0x10e4
0x10ee	0x10e4
0x110f	0x10e4
0x1110	0x10e4
0x1111	0x10e4
0x1115	0x1115
0x1117	0x1115
0x1118	0x1115
0x111d	0x1115
0x111f	0x1115
0x1122	0x1115
0x1124	0x1115
0x1125	0x1115
0x1127	0x1115
0x112a	0x1115
0x112e	0x112d
0x112f	0x112d
0x1132	0x112d
0x1133	0x112d
0x1137	0x1137
0x1139	0x1137
0x113a	0x1137
0x113f	0x1137
0x1141	0x1137
0x1144	0x1137
0x1146	0x1137
0x1147	0x1137
0x1149	0x1137
0x114c	0x1137
0x1150	0x114f
0x1171	0x114f
0x1178	0x114f
0x1179	0x114f
0x117d	0x114f
0x1181	0x1181
0x1183	0x1181
0x1184	0x1181
0x1189	0x1181
0x118b	0x1181
0x118e	0x1181
0x1190	0x1181
0x1191	0x1181
0x1193	0x1181
0x1196	0x1181
0x119a	0x1199
0x119c	0x1199
0x119f	0x1199
0x11a1	0x1199
0x11a3	0x1199
0x11a5	0x1199
0x11a6	0x1199
0x11a8	0x1199
0x11aa	0x1199
0x11cc	0x1199
0x11d4	0x11d3
0x11d5	0x11d3
0x11d7	0x11d3
0x11d9	0x11d3
0x11db	0x11d3
0x11dc	0x11d3
0x11dd	0x11d3
0x11fe	0x11d3
0x11ff	0x11d3
0x1200	0x11d3
0x1204	0x1204
0x1206	0x1204
0x1207	0x1204
0x120c	0x1204
0x120e	0x1204
0x1211	0x1204
0x1213	0x1204
0x1214	0x1204
0x1216	0x1204
0x1219	0x1204
0x121d	0x121c
0x121f	0x121c
0x1220	0x121c
0x1222	0x121c
0x1224	0x121c
0x1225	0x121c
0x1226	0x121c
0x1227	0x121c
0x1229	0x121c
0x122b	0x121c
0x122c	0x121c
0x122f	0x121c
0x1231	0x121c
0x1232	0x121c
0x1234	0x121c
0x1259	0x1258
0x125a	0x1258
0x125b	0x1258
0x125d	0x1258
0x125f	0x1258
0x1261	0x1258
0x1262	0x1258
0x1264	0x1258
0x1265	0x1258
0x1266	0x1258
0x126a	0x126a
0x126c	0x126a
0x126d	0x126a
0x1272	0x126a
0x1274	0x126a
0x1277	0x126a
0x1279	0x126a
0x127a	0x126a
0x127c	0x126a
0x127f	0x126a
0x1283	0x1282
0x1284	0x1282
0x1285	0x1282
0x1287	0x1282
0x1289	0x1282
0x128b	0x1282
0x128c	0x1282
0x128e	0x1282
0x128f	0x1282
0x1290	0x1282
0x1294	0x1294
0x1296	0x1294
0x1297	0x1294
0x129c	0x1294
0x129e	0x1294
0x12a1	0x1294
0x12a3	0x1294
0x12a4	0x1294
0x12a6	0x1294
0x12a9	0x1294
0x12ad	0x12ac
0x12af	0x12ac
0x12b0	0x12ac
0x12b2	0x12ac
0x12b4	0x12ac
0x12b5	0x12ac
0x12b6	0x12ac
0x12b7	0x12ac
0x12b9	0x12ac
0x12bb	0x12ac
0x12bc	0x12ac
0x12bf	0x12ac
0x12c1	0x12ac
0x12c3	0x12ac
0x12c5	0x12ac
0x12c6	0x12ac
0x12c8	0x12ac
0x12c9	0x12ac
0x12cd	0x12cd
0x12cf	0x12cd
0x12d0	0x12cd
0x12d5	0x12cd
0x12d7	0x12cd
0x12da	0x12cd
0x12dc	0x12cd
0x12dd	0x12cd
0x12df	0x12cd
0x12e2	0x12cd
0x12e6	0x12e5
0x12e9	0x12e5
0x12ea	0x12e5
0x12eb	0x12e5
0x12ec	0x12e5
0x12ed	0x12e5
0x12f2	0x12e5
0x12f4	0x12e5
0x12f5	0x12e5
0x12fa	0x12f9
0x12fe	0x12f9
0x1303	0x1302
0x1304	0x1302
0x1306	0x1302
0x1308	0x1302
0x130a	0x1302
0x130b	0x1302
0x130c	0x1302
0x132d	0x1302
0x132e	0x1302
0x132f	0x1302
0x1333	0x1333
0x1335	0x1333
0x1336	0x1333
0x133b	0x1333
0x133d	0x1333
0x1340	0x1333
0x1342	0x1333
0x1343	0x1333
0x1345	0x1333
0x1348	0x1333
0x134c	0x134b
0x134e	0x134b
0x1350	0x134b
0x1352	0x134b
0x1353	0x134b
0x1355	0x134b
0x1356	0x134b
0x135a	0x135a
0x135c	0x135a
0x135d	0x135a
0x1362	0x135a
0x1364	0x135a
0x1367	0x135a
0x1369	0x135a
0x136a	0x135a
0x136c	0x135a
0x136f	0x135a
0x1373	0x1372
0x1375	0x1372
0x1377	0x1372
0x1379	0x1372
0x137a	0x1372
0x137c	0x1372
0x137d	0x1372
0x1381	0x1372
0x1383	0x1372
0x1388	0x1372
0x138c	0x1372
0x138e	0x1372
0x138f	0x1372
0x1391	0x1372
0x1392	0x1372
0x1395	0x1372
0x1399	0x1372
0x139a	0x1372
0x1459	0x1458
0x145a	0x1458
0x145c	0x1458
0x145e	0x1458
0x1460	0x1458
0x1461	0x1458
0x1462	0x1458
0x1483	0x1458
0x1484	0x1458
0x1485	0x1458
0x1489	0x1489
0x148b	0x1489
0x148c	0x1489
0x1491	0x1489
0x1493	0x1489
0x1496	0x1489
0x1498	0x1489
0x1499	0x1489
0x149b	0x1489
0x149e	0x1489
0x14a2	0x14a1
0x14a4	0x14a1
0x14a6	0x14a1
0x14a8	0x14a1
0x14a9	0x14a1
0x14ab	0x14a1
0x14ac	0x14a1
0x14b0	0x14a1
0x14b2	0x14a1
0x14b5	0x14a1
0x14b9	0x14a1
0x14bb	0x14a1
0x14bc	0x14a1
0x14be	0x14a1
0x14bf	0x14a1
0x14c2	0x14a1
0x14c3	0x14a1
0x14ea	0x14e9
0x14eb	0x14e9
0x14ec	0x14e9
0x14ee	0x14e9
0x14f0	0x14e9
0x14f2	0x14e9
0x14f3	0x14e9
0x14f5	0x14e9
0x14f6	0x14e9
0x14f7	0x14e9
0x14fb	0x14fb
0x14fd	0x14fb
0x14fe	0x14fb
0x1503	0x14fb
0x1505	0x14fb
0x1508	0x14fb
0x150a	0x14fb
0x150b	0x14fb
0x150d	0x14fb
0x1510	0x14fb
0x1514	0x1513
0x1515	0x1513
0x1516	0x1513
0x1518	0x1513
0x151a	0x1513
0x151c	0x1513
0x151d	0x1513
0x151f	0x1513
0x1520	0x1513
0x1521	0x1513
0x1525	0x1525
0x1527	0x1525
0x1528	0x1525
0x152d	0x1525
0x152f	0x1525
0x1532	0x1525
0x1534	0x1525
0x1535	0x1525
0x1537	0x1525
0x153a	0x1525
0x153e	0x153d
0x1540	0x153d
0x1541	0x153d
0x1543	0x153d
0x1545	0x153d
0x1546	0x153d
0x1547	0x153d
0x1548	0x153d
0x154a	0x153d
0x154c	0x153d
0x154d	0x153d
0x1550	0x153d
0x1553	0x153d
0x1554	0x153d
0x1555	0x153d
0x1556	0x153d
0x1557	0x153d
0x155c	0x153d
0x155e	0x153d
0x155f	0x153d
0x1564	0x1563
0x156a	0x1563
0x1571	0x156e
0x1573	0x156e
0x1574	0x156e
0x1576	0x156e
0x1578	0x156e
0x1579	0x156e
0x157a	0x156e
0x1580	0x157f
0x1581	0x157f
0x1582	0x157f
0x1584	0x157f
0x1586	0x157f
0x1588	0x157f
0x1589	0x157f
0x158b	0x157f
0x158c	0x157f
0x158d	0x157f
0x1591	0x1591
0x1593	0x1591
0x1594	0x1591
0x1599	0x1591
0x159b	0x1591
0x159e	0x1591
0x15a0	0x1591
0x15a1	0x1591
0x15a3	0x1591
0x15a6	0x1591
0x15aa	0x15a9
0x15ab	0x15a9
0x15ac	0x15a9
0x15ae	0x15a9
0x15b0	0x15a9
0x15b2	0x15a9
0x15b3	0x15a9
0x15b5	0x15a9
0x15b6	0x15a9
0x15b7	0x15a9
0x15bb	0x15bb
0x15bd	0x15bb
0x15be	0x15bb
0x15c3	0x15bb
0x15c5	0x15bb
0x15c8	0x15bb
0x15ca	0x15bb
0x15cb	0x15bb
0x15cd	0x15bb
0x15d0	0x15bb
0x15d4	0x15d3
0x15d6	0x15d3
0x15d7	0x15d3
0x15d9	0x15d3
0x15db	0x15d3
0x15dc	0x15d3
0x15dd	0x15d3
0x15de	0x15d3
0x15e0	0x15d3
0x15e2	0x15d3
0x15e3	0x15d3
0x15e6	0x15d3
0x15e9	0x15d3
0x15ea	0x15d3
0x15eb	0x15d3
0x15ec	0x15d3
0x15ed	0x15d3
0x15f2	0x15d3
0x15f4	0x15d3
0x15f5	0x15d3
0x15fa	0x15f9
0x15ff	0x15f9
0x1606	0x1603
0x1608	0x1603
0x1609	0x1603
0x160b	0x1603
0x160d	0x1603
0x160e	0x1603
0x160f	0x1603
0x16d0	0x16cf
0x16d1	0x16cf
0x16d3	0x16cf
0x16d5	0x16cf
0x16d7	0x16cf
0x16d8	0x16cf
0x16d9	0x16cf
0x16fa	0x16cf
0x16fb	0x16cf
0x16fc	0x16cf
0x1700	0x1700
0x1702	0x1700
0x1703	0x1700
0x1708	0x1700
0x170a	0x1700
0x170d	0x1700
0x170f	0x1700
0x1710	0x1700
0x1712	0x1700
0x1715	0x1700
0x1719	0x1718
0x171b	0x1718
0x171d	0x1718
0x171f	0x1718
0x1720	0x1718
0x1722	0x1718
0x1723	0x1718
0x1727	0x1727
0x1729	0x1727
0x172a	0x1727
0x172f	0x1727
0x1731	0x1727
0x1734	0x1727
0x1736	0x1727
0x1737	0x1727
0x1739	0x1727
0x173c	0x1727
0x1740	0x173f
0x1742	0x173f
0x1743	0x173f
0x1745	0x173f
0x1746	0x173f
0x1748	0x173f
0x174a	0x173f
0x174c	0x173f
0x174d	0x173f
0x1750	0x173f
0x1753	0x173f
0x1755	0x173f
0x1778	0x173f
0x177a	0x173f
0x177b	0x173f
0x177d	0x173f
0x177f	0x173f
0x1781	0x173f
0x1782	0x173f
0x1783	0x173f
0x1784	0x173f
0x1785	0x173f
0x1787	0x173f
0x1789	0x173f
0x178b	0x173f
0x178c	0x173f
0x1790	0x173f
0x1794	0x173f
0x1799	0x1798
0x179b	0x1798
0x179c	0x1798
0x17a1	0x1798
0x17a3	0x1798
0x17a6	0x1798
0x17a7	0x1798
0x17aa	0x1798
0x17ac	0x1798
0x17ae	0x1798
0x17b0	0x1798
0x17b2	0x1798
0x17b4	0x1798
0x17b5	0x1798
0x17b7	0x1798
0x17b9	0x1798
0x17bf	0x1798
0x17c1	0x1798
0x17c2	0x1798
0x17c4	0x1798
0x17c6	0x1798
0x17c9	0x1798
0x17cc	0x1798
0x17cd	0x1798
0x17ce	0x1798
0x17d0	0x1798
0x17d1	0x1798
0x17d5	0x17d5
0x17d6	0x17d5
0x17d7	0x17d5
0x17d9	0x17d5
0x17da	0x17d5
0x17e1	0x17dc
0x17e3	0x17dc
0x17e4	0x17dc
0x17e5	0x17dc
0x17e7	0x17dc
0x17e8	0x17dc
0x17eb	0x17dc
0x17ec	0x17dc
0x17ee	0x17dc
0x17f0	0x17dc
0x17f5	0x17dc
0x17f7	0x17dc
0x17fc	0x17dc
0x1804	0x1800
0x1805	0x1800
0x1806	0x1800
0x180a	0x180a
0x180c	0x180a
0x180d	0x180a
0x180f	0x180a
0x1810	0x180a
0x1814	0x180a
0x1819	0x1818
0x181b	0x1818
0x181c	0x1818
0x1820	0x1818
0x1821	0x1818
0x1825	0x1818
0x1829	0x1818
0x182b	0x1818
0x182d	0x1818
0x182e	0x1818
0x182f	0x1818
0x1850	0x1818
0x1852	0x1818
0x1853	0x1818
0x1857	0x1818
0x185c	0x1818
0x1860	0x1818
0x1862	0x1818
0x1878	0x1818
0x187a	0x1818
0x187b	0x1818
0x187e	0x1818
0x1880	0x1818
0x1882	0x1818
0x1892	0x1891
0x1894	0x1891
0x1895	0x1891
0x1897	0x1891
0x1898	0x1891
0x189d	0x1891
0x189f	0x1891
0x18a2	0x1891
0x18a4	0x1891
0x18a6	0x1891
0x18a8	0x1891
0x18a9	0x1891
0x18ac	0x1891
0x18ad	0x1891
0x18b0	0x1891
0x18b2	0x1891
0x18b5	0x1891
0x18bb	0x1891
0x18bd	0x1891
0x18c3	0x1891
0x18c5	0x1891
0x18c6	0x1891
0x18c8	0x1891
0x18ca	0x1891
0x18cd	0x1891
0x18cf	0x1891
0x18d1	0x1891
0x18d2	0x1891
0x18d3	0x1891
0x18d5	0x1891
0x18d6	0x1891
0x18da	0x18da
0x18db	0x18da
0x18dc	0x18da
0x18de	0x18da
0x18df	0x18da
0x18e6	0x18e1
0x18e8	0x18e1
0x18e9	0x18e1
0x18ea	0x18e1
0x18ec	0x18e1
0x18ed	0x18e1
0x18f0	0x18e1
0x18f1	0x18e1
0x18f3	0x18e1
0x18f5	0x18e1
0x18fa	0x18e1
0x18fc	0x18e1
0x1901	0x18e1
0x190a	0x1905
0x190c	0x1905
0x190e	0x1905
0x1910	0x1905
0x1911	0x1905
0x1912	0x1905
0x1913	0x1905
0x1915	0x1905
0x1916	0x1905
0x1918	0x1905
0x1919	0x1905
0x191d	0x1905
0x1922	0x1921
0x1925	0x1921
0x1928	0x1921
0x1929	0x1921
0x192b	0x1921
0x192c	0x1921
0x1933	0x1921
0x1934	0x1921
0x1938	0x1921
0x1939	0x1921
0x193a	0x1921
0x193b	0x1921
0x193d	0x1921
0x193e	0x1921
0x1941	0x1921
0x1944	0x1921
0x1949	0x1921
0x194b	0x1921
0x194d	0x1921
0x194f	0x1921
0x1950	0x1921
0x1953	0x1921
0x1956	0x1921
0x195c	0x1921
0x197e	0x1921
0x1980	0x1921
0x1981	0x1921
0x1a78	0x1a77
0x1a7a	0x1a77
0x1a7b	0x1a77
0x1a80	0x1a77
0x1a82	0x1a77
0x1a85	0x1a77
0x1a87	0x1a77
0x1a89	0x1a77
0x1a8b	0x1a77
0x1a8c	0x1a77
0x1a8f	0x1a77
0x1a90	0x1a77
0x1a93	0x1a77
0x1a95	0x1a77
0x1a96	0x1a77
0x1a99	0x1a77
0x1a9b	0x1a77
0x1a9f	0x1a77
0x1aa1	0x1a77
0x1aa7	0x1a77
0x1aa9	0x1a77
0x1aaa	0x1a77
0x1aac	0x1a77
0x1aae	0x1a77
0x1ab1	0x1a77
0x1ab4	0x1a77
0x1ab5	0x1a77
0x1ab6	0x1a77
0x1ab8	0x1a77
0x1ab9	0x1a77
0x1abd	0x1abd
0x1abe	0x1abd
0x1abf	0x1abd
0x1ac1	0x1abd
0x1ac2	0x1abd
0x1ac9	0x1ac4
0x1acb	0x1ac4
0x1acc	0x1ac4
0x1acd	0x1ac4
0x1acf	0x1ac4
0x1ad0	0x1ac4
0x1ad3	0x1ac4
0x1ad4	0x1ac4
0x1ad6	0x1ac4
0x1ad8	0x1ac4
0x1add	0x1ac4
0x1adf	0x1ac4
0x1ae4	0x1ac4
0x1ae9	0x1ae8
0x1aeb	0x1ae8
0x1aec	0x1ae8
0x1af1	0x1ae8
0x1af3	0x1ae8
0x1af6	0x1ae8
0x1af8	0x1ae8
0x1afa	0x1ae8
0x1afc	0x1ae8
0x1afd	0x1ae8
0x1b00	0x1ae8
0x1b01	0x1ae8
0x1b04	0x1ae8
0x1b09	0x1ae8
0x1b0c	0x1ae8
0x1b0e	0x1ae8
0x1b14	0x1ae8
0x1b16	0x1ae8
0x1b17	0x1ae8
0x1b19	0x1ae8
0x1b1b	0x1ae8
0x1b1e	0x1ae8
0x1b21	0x1ae8
0x1b22	0x1ae8
0x1b23	0x1ae8
0x1b25	0x1ae8
0x1b26	0x1ae8
0x1b2a	0x1b2a
0x1b2b	0x1b2a
0x1b2c	0x1b2a
0x1b2e	0x1b2a
0x1b2f	0x1b2a
0x1b36	0x1b31
0x1b38	0x1b31
0x1b39	0x1b31
0x1b3a	0x1b31
0x1b3c	0x1b31
0x1b3d	0x1b31
0x1b40	0x1b31
0x1b41	0x1b31
0x1b43	0x1b31
0x1b45	0x1b31
0x1b4a	0x1b31
0x1b4c	0x1b31
0x1b51	0x1b31
0x1b58	0x1b55
0x1b5b	0x1b55
0x1b5c	0x1b55
0x1b61	0x1b60
0x1b6b	0x1b67
0x1b6c	0x1b67
0x1b6d	0x1b67
0x1b71	0x1b71
0x1b73	0x1b71
0x1b74	0x1b71
0x1b76	0x1b71
0x1b77	0x1b71
0x1b7b	0x1b71
0x1b80	0x1b7f
0x1b82	0x1b7f
0x1b83	0x1b7f
0x1b87	0x1b7f
0x1b88	0x1b7f
0x1b8c	0x1b7f
0x1b90	0x1b7f
0x1b92	0x1b7f
0x1b94	0x1b7f
0x1b95	0x1b7f
0x1b96	0x1b7f
0x1bb7	0x1b7f
0x1bb9	0x1b7f
0x1bba	0x1b7f
0x1bbe	0x1b7f
0x1bc3	0x1b7f
0x1bc7	0x1b7f
0x1bc9	0x1b7f
0x1bea	0x1b7f
0x1bed	0x1b7f
0x1bef	0x1b7f
0x1bf1	0x1b7f
0x1bf5	0x1bf4
0x1bf7	0x1bf4
0x1bfa	0x1bf4
0x1c04	0x1c03
0x1c06	0x1c03
0x1c07	0x1c03
0x1c09	0x1c03
0x1c0a	0x1c03
0x1c0f	0x1c03
0x1c11	0x1c03
0x1c14	0x1c03
0x1c16	0x1c03
0x1c18	0x1c03
0x1c1a	0x1c03
0x1c1b	0x1c03
0x1c1e	0x1c03
0x1c1f	0x1c03
0x1c22	0x1c03
0x1c26	0x1c03
0x1c27	0x1c03
0x1c2a	0x1c03
0x1c2c	0x1c03
0x1c2f	0x1c03
0x1c35	0x1c03
0x1c37	0x1c03
0x1c3d	0x1c03
0x1c3f	0x1c03
0x1c40	0x1c03
0x1c42	0x1c03
0x1c44	0x1c03
0x1c47	0x1c03
0x1c49	0x1c03
0x1c4b	0x1c03
0x1c4c	0x1c03
0x1c4d	0x1c03
0x1c4f	0x1c03
0x1c50	0x1c03
0x1c54	0x1c54
0x1c55	0x1c54
0x1c56	0x1c54
0x1c58	0x1c54
0x1c59	0x1c54
0x1c60	0x1c5b
0x1c62	0x1c5b
0x1c63	0x1c5b
0x1c64	0x1c5b
0x1c66	0x1c5b
0x1c67	0x1c5b
0x1c6a	0x1c5b
0x1c6b	0x1c5b
0x1c6d	0x1c5b
0x1c6f	0x1c5b
0x1c74	0x1c5b
0x1c76	0x1c5b
0x1c7b	0x1c5b
0x1c84	0x1c7f
0x1c86	0x1c7f
0x1c88	0x1c7f
0x1c8a	0x1c7f
0x1c8b	0x1c7f
0x1c8c	0x1c7f
0x1c8d	0x1c7f
0x1c8f	0x1c7f
0x1c90	0x1c7f
0x1c92	0x1c7f
0x1c93	0x1c7f
0x1c97	0x1c7f
0x1c9c	0x1c9b
0x1c9f	0x1c9b
0x1ca2	0x1c9b
0x1ca3	0x1c9b
0x1ca5	0x1c9b
0x1ca6	0x1c9b
0x1cad	0x1c9b
0x1cae	0x1c9b
0x1cb2	0x1c9b
0x1cb3	0x1c9b
0x1cb4	0x1c9b
0x1cb5	0x1c9b
0x1cb7	0x1c9b
0x1cb8	0x1c9b
0x1cbb	0x1c9b
0x1cbd	0x1c9b
0x1cbf	0x1c9b
0x1cc1	0x1c9b
0x1cc2	0x1c9b
0x1cc5	0x1c9b
0x1cc8	0x1c9b
0x1cd0	0x1c9b
0x1cd3	0x1c9b
0x1cd9	0x1c9b
0x1cfb	0x1c9b
0x1cfd	0x1c9b
0x204b	0x204a
0x204c	0x204a
0x204d	0x204a
0x204e	0x204a
0x2052	0x204a
0x2053	0x204a
0x2054	0x204a
0x2055	0x204a
0x2059	0x2059
0x205a	0x2059
0x205d	0x205c
0x2061	0x205c
0x2068	0x2065
0x206b	0x2065
0x206c	0x2065
0x206d	0x2065
0x2077	0x2065
0x2078	0x2065
0x2079	0x2065
0x207d	0x207d
0x207e	0x207d
0x2082	0x2080
0x2083	0x2080
0x2086	0x2080
0x2088	0x2080
0x2089	0x2080
0x208d	0x208d
0x208e	0x208d
0x2092	0x2090
0x2093	0x2090
0x209d	0x2090
0x209e	0x2090
0x209f	0x2090
0x20a3	0x20a3
0x20a4	0x20a3
0x20a8	0x20a6
0x20ac	0x20a6
0x20ad	0x20a6
0x20ae	0x20a6
0x20af	0x20a6
0x20b0	0x20a6
0x20b4	0x20b4
0x20b5	0x20b4
0x20ba	0x20b7
0x20bf	0x20b7
0x2237	0x2234
0x223a	0x2234
0x223b	0x2234
0x223c	0x2234
0x2240	0x2240
0x2245	0x2240
0x2247	0x2240
0x2248	0x2240
0x224a	0x2240
0x224c	0x2240
0x224f	0x2240
0x2251	0x2240
0x4521	0x4520
0x4526	0x4520
0x4528	0x4520
0x4529	0x4520
0x452b	0x4520
0x452d	0x4520
0x4530	0x4520
0x4532	0x4520
0x4554	0x4553
0x4559	0x4553
0x455b	0x4553
0x455c	0x4553
0x455e	0x4553
0x4560	0x4553
0x4563	0x4553
0x4565	0x4553
0x4587	0x4586
0x458c	0x4586
0x458e	0x4586
0x458f	0x4586
0x4591	0x4586
0x4593	0x4586
0x4596	0x4586
0x4598	0x4586
0x45ba	0x45b9
0x45bf	0x45b9
0x45c1	0x45b9
0x45c2	0x45b9
0x45c4	0x45b9
0x45c6	0x45b9
0x45c9	0x45b9
0x45cb	0x45b9
0x45ed	0x45ec
0x45f2	0x45ec
0x45f4	0x45ec
0x45f5	0x45ec
0x45f7	0x45ec
0x45f9	0x45ec
0x45fc	0x45ec
0x45fe	0x45ec
0x4620	0x461f
0x4625	0x461f
0x4627	0x461f
0x4628	0x461f
0x462a	0x461f
0x462c	0x461f
0x462f	0x461f
0x4631	0x461f
0x4653	0x4652
0x4658	0x4652
0x465a	0x4652
0x465b	0x4652
0x465d	0x4652
0x465f	0x4652
0x4662	0x4652
0x4664	0x4652
0x4686	0x4685
0x468b	0x4685
0x468d	0x4685
0x468e	0x4685
0x4690	0x4685
0x4692	0x4685
0x4695	0x4685
0x4697	0x4685
0x46b9	0x46b8
0x46be	0x46b8
0x46c0	0x46b8
0x46c1	0x46b8
0x46c3	0x46b8
0x46c5	0x46b8
0x46c8	0x46b8
0x46ca	0x46b8
0x46ec	0x46eb
0x46f1	0x46eb
0x46f3	0x46eb
0x46f4	0x46eb
0x46f6	0x46eb
0x46f8	0x46eb
0x46fb	0x46eb
0x46fd	0x46eb
0x4798	0x239
0x4799	0x378
0x479a	0x575
0x8f97	0x8f96
0x8f99	0x8f96
0x8f9b	0x8f96
0x8f9c	0x8f96
0x8f9f	0x8f96
0x8fa1	0x8f96
0x8fa2	0x8f96
0x9079	0x9078
0x907b	0x9078
0x907d	0x9078
0x907e	0x9078
0x9081	0x9078
0x9083	0x9078
0x9084	0x9078
0x9214	0x9212
0x9216	0x9212
0x9217	0x9212
0x9219	0x9212
0x921b	0x9212
0x921c	0x9212
0x921d	0x9212
0x9241	0x9240
0x9243	0x9240
0x9244	0x9240
0x9246	0x9240
0x9248	0x9240
0x9249	0x9240
0x924a	0x9240
0x926e	0x926d
0x9270	0x926d
0x9271	0x926d
0x9273	0x926d
0x9275	0x926d
0x9276	0x926d
0x9277	0x926d
0x92e6	0x92e4
0x92e8	0x92e4
0x92e9	0x92e4
0x92eb	0x92e4
0x92ed	0x92e4
0x92ee	0x92e4
0x92ef	0x92e4
0x93d0	0x93cf
0x93d2	0x93cf
0x93d4	0x93cf
0x93d5	0x93cf
0x93d8	0x93cf
0x93da	0x93cf
0x93db	0x93cf
0x329	0x325
0x3aa	0x3a6
0x28c	0x27f
0x2ab	0x29d
0x2e9	0x2db
0x324	0x316
0x3a5	0x397
0x545	0x537
0x564	0x556
0x619	0x60b
0x689	0x67b
0xe35	0xe21
0xf32	0xf1e
0x10c3	0x10af
0x359	0x34c
0x5fa	0x5ed
0x3d6	0x3c8
0x64b	0x63d
0x66a	0x65c
0x2064	0x205c
0x36c	0x35f
0x1817	0x180a
0x1920	0x1905
0x1b7e	0x1b71
0x1c9a	0x1c7f
0x98a	0x967
0x17ff	0x17dc
0x1ae7	0x1ac4
0x1b54	0x1b31
0xa3f	0xa1c
0x1904	0x18e1
0x1c7e	0x1c5b
0xe62	0xe51
0xf80	0xf6f
0xe70	0xe63
0xf8e	0xf81
0x213	0x1f1
0x21b	0x214
0x5ff	0x5fb
0x66f	0x66b
0x81b	0x808
0x8c1	0x89c
0x8ca	0x8c2
0xb3f	0xb1a
0xb47	0xb40
0xbcf	0xbaa
0xbe3	0xbd0
0xd4f	0xd2a
0x108d	0x1068
0x10c8	0x10c4
0x12f8	0x12e5
0x1301	0x12f9
0x1562	0x153d
0x156d	0x1563
0x15f8	0x15d3
0x1602	0x15f9
0x24b	0x239
0x27c	0x274
0x291	0x28d
0x2bf	0x2ac
0x2ee	0x2ea
0x2f6	0x2ef
0x30a	0x302
0x34b	0x343
0x35e	0x35a
0x38b	0x378
0x3bc	0x3b6
0x3db	0x3d7
0x473	0x3e7
0x4d1	0x474
0x4e5	0x4dd
0x4f9	0x4f1
0x52b	0x505
0x54a	0x546
0x569	0x565
0x5a4	0x575
0x5ec	0x5a5
0x61e	0x61a
0x62c	0x61f
0x631	0x62d
0x650	0x64c
0x68e	0x68a
0xac5	0xa60
0xcd0	0xc9b
0xd89	0xd83
0xdce	0xdc8
0xe20	0xe1a
0xe50	0xe4a
0xea9	0xe8a
0xec1	0xebb
0xeda	0xed4
0xf01	0xefb
0xf1d	0xf17
0xf6e	0xf68
0xf9e	0xf8f
0xfb7	0xf9f
0x10ae	0x10a8
0x10d0	0x10c9
0x10e3	0x10d1
0x11d2	0x1199
0x1257	0x121c
0x13bf	0x1372
0x14e8	0x14a1
0x157e	0x156e
0x1612	0x1603
0x1797	0x173f
0x1884	0x1818
0x1984	0x1921
0x1b64	0x1b60
0x1bf3	0x1b7f
0x20c7	0x20b7
0x8fa5	0x8f96
0x9087	0x9078
0x9220	0x9212
0x924d	0x9240
0x927a	0x926d
0x92f2	0x92e4
0x93de	0x93cf
0xc	0x0
0x1c	0xd
0x27	0x1d
0x32	0x28
0x92	0x87
0xf2	0xe7
0xfd	0xf3
0x19d	0x198
0x1ae	0x9417
0x1d8	0x1c7
0x235	0x22e
0x270	0x269
0x299	0x292
0x2d7	0x2d0
0x2fe	0x2f7
0x312	0x30b
0x33f	0x338
0x374	0x36d
0x393	0x38c
0x3b2	0x3ab
0x3c4	0x3bd
0x3e3	0x3dc
0x4d9	0x4d2
0x4ed	0x4e6
0x501	0x4fa
0x533	0x52c
0x552	0x54b
0x571	0x56a
0x607	0x600
0x639	0x632
0x658	0x651
0x677	0x670
0x7ef	0x7bf
0x859	0x848
0x883	0x872
0x90a	0x8da
0x95f	0x923
0x994	0x98b
0xa14	0x9ad
0xa47	0xa40
0xad7	0xac6
0xb01	0xaf0
0xb67	0xb56
0xb91	0xb80
0xc82	0xc52
0xce7	0xcd1
0xd11	0xd00
0xd57	0xd50
0xd82	0xd70
0xda3	0xd8a
0xdc7	0xdb3
0xde8	0xdcf
0xdff	0xded
0xe0f	0xe07
0xe19	0xe10
0xe49	0xe36
0xe89	0xe71
0xeba	0xeaf
0xed3	0xec2
0xefa	0xedb
0xf16	0xf02
0xf67	0xf33
0x1025	0x1014
0x104f	0x103e
0x1099	0x1091
0x10a7	0x109a
0x1114	0x10e4
0x1136	0x112d
0x1180	0x114f
0x1203	0x11d3
0x1269	0x1258
0x1293	0x1282
0x12cc	0x12ac
0x1332	0x1302
0x1359	0x134b
0x1488	0x1458
0x14fa	0x14e9
0x1524	0x1513
0x1590	0x157f
0x15ba	0x15a9
0x16ff	0x16cf
0x1726	0x1718
0x17d4	0x1798
0x1809	0x1800
0x18d9	0x1891
0x1abc	0x1a77
0x1b29	0x1ae8
0x1b5f	0x1b55
0x1b70	0x1b67
0x1c53	0x1c03
0x2058	0x204a
0x207c	0x2065
0x208c	0x2080
0x20a2	0x2090
0x20b3	0x20a6
0x223f	0x2234
0x1c02	0x1bf4
0x93af	0x93aa
0xccf	0xc9b
0x1256	0x121c
0x13bd	0x1372
0x14e6	0x14a1
0x1bfc	0x1bf4
0x11ce	0x1199
0x1777	0x173f
0xac1	0xa60
0xf97	0xf8f
0x229	0x21c
0x8f76	0x8f75
0x8fc6	0x8fc5
0x8fe7	0x8fe6
0x9008	0x9007
0x9029	0x9028
0x90a8	0x90a7
0x90c9	0x90c8
0x90ea	0x90e9
0x910b	0x910a
0x912c	0x912b
0x914d	0x914c
0x916e	0x916d
0x918f	0x918e
0x91b0	0x91af
0x91d1	0x91d0
0x91f2	0x91f1
0x847	0x81c
0x61	0x5f
0x86	0x84
0xc1	0xbf
0xe6	0xe4
0x12c	0x12a
0x151	0x14f
0x197	0x195
0x1c6	0x1af
0x1f0	0x1d9
0x22d	0x22a
0x238	0x236
0x273	0x271
0x29c	0x29a
0x2da	0x2d8
0x301	0x2ff
0x315	0x313
0x342	0x340
0x377	0x375
0x396	0x394
0x3b5	0x3b3
0x3c7	0x3c5
0x3e6	0x3e4
0x4dc	0x4da
0x4f0	0x4ee
0x504	0x502
0x536	0x534
0x555	0x553
0x574	0x572
0x60a	0x608
0x63c	0x63a
0x65b	0x659
0x67a	0x678
0x807	0x7f0
0x871	0x85a
0x89b	0x884
0x922	0x90b
0x966	0x960
0x9ac	0x995
0xa1b	0xa15
0xa5f	0xa48
0xaef	0xad8
0xb19	0xb02
0xb7f	0xb68
0xba9	0xb92
0xc9a	0xc83
0xcff	0xce8
0xd29	0xd12
0xd6f	0xd58
0x103d	0x1026
0x1067	0x1050
0x112c	0x1115
0x114e	0x1137
0x1198	0x1181
0x121b	0x1204
0x1281	0x126a
0x12ab	0x1294
0x12e4	0x12cd
0x134a	0x1333
0x1371	0x135a
0x14a0	0x1489
0x1512	0x14fb
0x153c	0x1525
0x15a8	0x1591
0x15d2	0x15bb
0x1717	0x1700
0x173e	0x1727
0x17db	0x17d5
0x18e0	0x18da
0x1ac3	0x1abd
0x1b30	0x1b2a
0x1c5a	0x1c54
0x205b	0x2059
0x207f	0x207d
0x208f	0x208d
0x20a5	0x20a3
0x20b6	0x20b4
0x2252	0x2240
0x4533	0x4520
0x4566	0x4553
0x4599	0x4586
0x45cc	0x45b9
0x45ff	0x45ec
0x4632	0x461f
0x4665	0x4652
0x4698	0x4685
0x46cb	0x46b8
0x46fe	0x46eb
0xdaf	0xda4
0x1bb	0x1af
0x1e5	0x1d9
0x2b1	0x2ac
0x2b5	0x2ac
0x3f5	0x3e7
0x3f9	0x3e7
0x400	0x3e7
0x406	0x3e7
0x40d	0x3e7
0x414	0x3e7
0x41c	0x3e7
0x427	0x3e7
0x437	0x3e7
0x441	0x3e7
0x44c	0x3e7
0x454	0x3e7
0x469	0x3e7
0x471	0x3e7
0x487	0x474
0x493	0x474
0x49f	0x474
0x4a9	0x474
0x4bd	0x474
0x4ca	0x474
0x5b6	0x5a5
0x5be	0x5a5
0x5c9	0x5a5
0x5ce	0x5a5
0x5dd	0x5a5
0x5e5	0x5a5
0x7fc	0x7f0
0x866	0x85a
0x890	0x884
0x917	0x90b
0x930	0x923
0x936	0x923
0x97d	0x967
0x9a1	0x995
0x9ba	0x9ad
0x9ea	0x9ad
0x9f1	0x9ad
0xa32	0xa1c
0xa54	0xa48
0xae4	0xad8
0xb0e	0xb02
0xb74	0xb68
0xb9e	0xb92
0xc8f	0xc83
0xcf4	0xce8
0xd1e	0xd12
0xd64	0xd58
0xd91	0xd8a
0xd9d	0xd8a
0xdd6	0xdcf
0xde2	0xdcf
0xdf1	0xded
0xe9b	0xe8a
0xe9e	0xe8a
0xee5	0xedb
0xeec	0xedb
0x1032	0x1026
0x105c	0x1050
0x1121	0x1115
0x1143	0x1137
0x118d	0x1181
0x1210	0x1204
0x1276	0x126a
0x12a0	0x1294
0x12d9	0x12cd
0x133f	0x1333
0x1366	0x135a
0x1380	0x1372
0x1387	0x1372
0x1495	0x1489
0x14af	0x14a1
0x14b4	0x14a1
0x1507	0x14fb
0x1531	0x1525
0x159d	0x1591
0x15c7	0x15bb
0x170c	0x1700
0x1733	0x1727
0x17a5	0x1798
0x17ab	0x1798
0x17f2	0x17dc
0x1823	0x1818
0x1827	0x1818
0x185b	0x1818
0x1861	0x1818
0x187f	0x1818
0x18a1	0x1891
0x18b1	0x1891
0x18b8	0x1891
0x18f7	0x18e1
0x192e	0x1921
0x1931	0x1921
0x1940	0x1921
0x1948	0x1921
0x195a	0x1921
0x1a84	0x1a77
0x1a94	0x1a77
0x1a9a	0x1a77
0x1ada	0x1ac4
0x1af5	0x1ae8
0x1b05	0x1ae8
0x1b47	0x1b31
0x1b8a	0x1b7f
0x1b8e	0x1b7f
0x1bc2	0x1b7f
0x1bc8	0x1b7f
0x1bee	0x1b7f
0x1c13	0x1c03
0x1c23	0x1c03
0x1c2b	0x1c03
0x1c32	0x1c03
0x1c71	0x1c5b
0x1ca8	0x1c9b
0x1cab	0x1c9b
0x1cba	0x1c9b
0x1ccc	0x1c9b
0x1cd7	0x1c9b
0x2249	0x2240
0x224e	0x2240
0x452a	0x4520
0x452f	0x4520
0x455d	0x4553
0x4562	0x4553
0x4590	0x4586
0x4595	0x4586
0x45c3	0x45b9
0x45c8	0x45b9
0x45f6	0x45ec
0x45fb	0x45ec
0x4629	0x461f
0x462e	0x461f
0x465c	0x4652
0x4661	0x4652
0x468f	0x4685
0x4694	0x4685
0x46c2	0x46b8
0x46c7	0x46b8
0x46f5	0x46eb
0x46fa	0x46eb
0x8f9e	0x8f96
0x9080	0x9078
0x93d7	0x93cf
0x203	0x1f1
0x228	0x21c
0x8ae	0x89c
0xb2c	0xb1a
0xbbc	0xbaa
0xca7	0xc9b
0xd3c	0xd2a
0xfad	0xf9f
0x107a	0x1068
0x10df	0x10d1
0x122e	0x121c
0x12be	0x12ac
0x1398	0x1372
0x14c1	0x14a1
0x154f	0x153d
0x157c	0x156e
0x15e5	0x15d3
0x1611	0x1603
0x1796	0x173f
0x921f	0x9212
0x924c	0x9240
0x9279	0x926d
0x92f1	0x92e4
0x963	0x960
0xa18	0xa15
0xea5	0xe8a
0x17d8	0x17d5
0x18dd	0x18da
0x1ac0	0x1abd
0x1b2d	0x1b2a
0x1c57	0x1c54
0x80	0x79
0xe0	0xd9
0x198	0x198
0xe7	0xe7
0x87	0x87
0x62	0x62
0xc2	0xc2
0x152	0x152
0x12d	0x12d
0x22a	0x22a
0xa8	0x9e
0x1c7	0x1c7
0x1f1	0x1f1
0xe3	0xd9
0x214	0x214
0x68f	0x68fB0x1f1
0x68f	0x68fB0x808
0x68f	0x68fB0x89c
0x68f	0x68fB0xb1a
0x68f	0x68fB0xbaa
0x68f	0x68fB0xd2a
0x68f	0x68fB0x1068
0x68f	0x68fB0x12e5
0x68f	0x68fB0x153d
0x68f	0x68fB0x15d3
0x68f	0x68fB0x1667B0x66b
0x68f	0x68fB0x1414B0x5fb
0x21c	0x21c
0x72b	0x72bB0x214
0x72b	0x72bB0xb40
0x239	0x239
0x24c	0x24c0x22e
0x24c	0x24c0x4fa
0x274	0x274
0x7bf	0x7bf
0x8f75	0x8f75
0x28d	0x28d
0x1e65	0x1e65B0x29d
0x1e65	0x1e65B0x2db
0x1e65	0x1e65B0x316
0x1e65	0x1e65B0x397
0x1e65	0x1e65B0x537
0x1e65	0x1e65B0x556
0x1e65	0x1e65B0x60b
0x1e65	0x1e65B0x67b
0x1e65	0x1e65B0xe21
0x1e65	0x1e65B0xf1e
0x1e65	0x1e65B0x10af
0x1e65	0x1e65B0x27f
0x1e65	0x1e65B0x16adB0x66b
0x1e65	0x1e65B0x1d4eB0x143aB0x5fb
0x848	0x848
0x29d	0x29d
0x8f96	0x8f96
0x2ac	0x2ac
0x2db	0x2db
0x8fc5	0x8fc5
0x2ea	0x2ea
0x8da	0x8da
0x8fe6	0x8fe6
0xac6	0xac6
0x302	0x302
0x9007	0x9007
0xb56	0xb56
0x316	0x316
0x32a	0x32a0x30b
0x32a	0x32a0x3ab
0x325	0x325
0xbe4	0xbe4B0x325
0x343	0x343
0x9028	0x9028
0xc52	0xc52
0x35f	0x35f
0x35a	0x35a
0x1ecd	0x1ecdB0x34c
0x1ecd	0x1ecdB0x5ed
0xcd1	0xcd1
0x260	0x2600x22e
0x260	0x2600x292
0x260	0x2600x30b
0x260	0x2600x34c
0x260	0x2600x36d
0x260	0x2600x38c
0x260	0x2600x3ab
0x260	0x2600x3dc
0x260	0x2600x4fa
0x260	0x2600x56a
0x1f39	0x1f39B0x35f
0x378	0x378
0x397	0x397
0x9078	0x9078
0x3a6	0x3a6
0xfb8	0xfb8B0x3a6
0x3b6	0x3b6
0x3c8	0x3c8
0x90a7	0x90a7
0x3d7	0x3d7
0x1ffb	0x1ffbB0x3c8
0x1014	0x1014
0x3e7	0x3e7
0x474	0x474
0x4dd	0x4dd
0x90c8	0x90c8
0x10e4	0x10e4
0x4f1	0x4f1
0x90e9	0x90e9
0x11d3	0x11d3
0x505	0x505
0x537	0x537
0x910a	0x910a
0x546	0x546
0x1258	0x1258
0x556	0x556
0x912b	0x912b
0x565	0x565
0x1302	0x1302
0x575	0x575
0x5a5	0x5a5
0x914c	0x914c
0x5fb	0x5fb
0x13c0	0x13c0B0x5fb
0x60b	0x60b
0x916d	0x916d
0x61a	0x61a
0x1458	0x1458
0x918e	0x918e
0x62d	0x62d
0x204a	0x204a
0x14e9	0x14e9
0x63d	0x63d
0x91af	0x91af
0x64c	0x64c
0x20c8	0x20c8B0x63d
0x157f	0x157f
0x65c	0x65c
0x91d0	0x91d0
0x66b	0x66b
0x20f9	0x20f9B0x65c
0x1613	0x1613B0x66b
0x67b	0x67b
0x91f1	0x91f1
0x68a	0x68a
0x16cf	0x16cf
0x808	0x808
0x81c	0x81c
0x872	0x872
0x89c	0x89c
0x8c2	0x8c2
0x9212	0x9212
0x1798	0x1798
0x923	0x923
0x967	0x967
0x98b	0x98b
0x2156	0x2156B0x967
0x2156	0x2156B0x17dc
0x2156	0x2156B0x1ac4
0x2156	0x2156B0x1b31
0x2156	0x2156B0xc28B0x325
0x9ad	0x9ad
0xa1c	0xa1c
0xa40	0xa40
0x216d	0x216dB0xa1c
0x216d	0x216dB0x18e1
0x216d	0x216dB0x1c5b
0xa60	0xa60
0xaf0	0xaf0
0xb1a	0xb1a
0xb40	0xb40
0x9240	0x9240
0xb80	0xb80
0xbaa	0xbaa
0xbd0	0xbd0
0x926d	0x926d
0x1985	0x1985B0xbd0
0x1985	0x1985B0x12f9
0xc9b	0xc9b
0xd00	0xd00
0xd2a	0xd2a
0xd50	0xd50
0xd70	0xd70
0xd8a	0xd8a
0x4520	0x4520
0xdb3	0xdb3
0xdcf	0xdcf
0x4553	0x4553
0xe02	0xe02
0xded	0xded
0xf9f	0xf9f
0xe21	0xe21
0x4586	0x4586
0xe36	0xe36
0xe51	0xe51
0x45b9	0x45b9
0xe63	0xe63
0x21b4	0x21b4B0xe51
0x21b4	0x21b4B0xf6f
0x21b4	0x21b4B0x1d75B0x143aB0x5fb
0xe71	0xe71
0x21f7	0x21f7B0xe63
0x21f7	0x21f7B0x1d9cB0x1563
0x21f7	0x21f7B0x1d9c0x1d0eB0x143aB0x5fb
0xeaa	0xeaa
0xeaf	0xeaf
0xec2	0xec2
0x45ec	0x45ec
0xedb	0xedb
0x461f	0x461f
0xf02	0xf02
0x4652	0x4652
0xf1e	0xf1e
0x4685	0x4685
0xf33	0xf33
0xf6f	0xf6f
0x46b8	0x46b8
0xf81	0xf81
0xf8f	0xf8f
0x2206	0x2206B0xf81
0x2206	0x2206B0x1e090x1d9cB0x1563
0x2206	0x2206B0x1e090x1d0eB0x143aB0x5fb
0xe07	0xe07
0x103e	0x103e
0x1068	0x1068
0x108e	0x108e
0x10d1	0x10d1
0x10c9	0x10c9
0x10af	0x10af
0x46eb	0x46eb
0x10c4	0x10c4
0x1a77	0x1a77
0x1091	0x1091
0x112d	0x112d
0x114f	0x114f
0x1199	0x1199
0x121c	0x121c
0x1282	0x1282
0x12ac	0x12ac
0x12e5	0x12e5
0x12f9	0x12f9
0x92e4	0x92e4
0x134b	0x134b
0x1372	0x1372
0x14a1	0x14a1
0x1513	0x1513
0x153d	0x153d
0x1563	0x1563
0x156e	0x156e
0x1d9c	0x1d9cB0x1563
0x1d9c	0x1d9c0x1d0eB0x143aB0x5fb
0x15a9	0x15a9
0x15d3	0x15d3
0x15f9	0x15f9
0x1603	0x1603
0x1718	0x1718
0x173f	0x173f
0x17dc	0x17dc
0x1800	0x1800
0x1891	0x1891
0x1818	0x1818
0x2138	0x2138B0x180a
0x2138	0x2138B0x1b71
0x2138	0x2138B0x1905
0x2138	0x2138B0x1c7f
0x2138	0x2138B0x737B0x214
0x2138	0x2138B0x737B0xb40
0x2138	0x2138B0x198fB0xbd0
0x2138	0x2138B0x1a04B0xbd0
0x2138	0x2138B0x198fB0x12f9
0x2138	0x2138B0x1a04B0x12f9
0x12	0xd
0x1885	0x18850x1798
0x1885	0x18850x1985B0xbd0
0x1885	0x18850x1985B0x12f9
0x18e1	0x18e1
0x1905	0x1905
0x1921	0x1921
0x7b2	0x7b20x1798
0x7b2	0x7b20x72bB0x214
0x7b2	0x7b20x72bB0xb40
0x7b2	0x7b20x1985B0xbd0
0x7b2	0x7b20x1985B0x12f9
0x1ac4	0x1ac4
0x1ae8	0x1ae8
0x1b31	0x1b31
0x1b55	0x1b55
0x1b65	0x1b65
0x1b67	0x1b67
0x1c03	0x1c03
0x1b7f	0x1b7f
0x1bf4	0x1bf4
0x1c5b	0x1c5b
0x1c7f	0x1c7f
0x1c9b	0x1c9b
0x205c	0x205c
0x2065	0x2065
0x1e4a	0x1e4aB0x205c
0x1e4a	0x1e4aB0x1e75B0x29d
0x1e4a	0x1e4aB0x1e75B0x2db
0x1e4a	0x1e4aB0x1e75B0x316
0x1e4a	0x1e4aB0x1e75B0x397
0x1e4a	0x1e4aB0x200dB0x3c8
0x1e4a	0x1e4aB0x1e75B0x537
0x1e4a	0x1e4aB0x1e75B0x556
0x1e4a	0x1e4aB0x1e75B0x60b
0x1e4a	0x1e4aB0x20d9B0x63d
0x1e4a	0x1e4aB0x20e2B0x63d
0x1e4a	0x1e4aB0x1e75B0x67b
0x1e4a	0x1e4aB0x1e75B0xe21
0x1e4a	0x1e4aB0x1e75B0xf1e
0x1e4a	0x1e4aB0x1e75B0x10af
0x1e4a	0x1e4aB0x1e75B0x27f
0x1e4a	0x1e4aB0x1e75B0x16adB0x66b
0x1e4a	0x1e4aB0x1e75B0x1d4eB0x143aB0x5fb
0x2080	0x2080
0x2090	0x2090
0x20a6	0x20a6
0x20b7	0x20b7
0x93aa	0x93aa
0x93cf	0x93cf
0x22e	0x22e
0x269	0x269
0x27f	0x27f
0x292	0x292
0x2d0	0x2d0
0x2ef	0x2ef
0x2f7	0x2f7
0x30b	0x30b
0x338	0x338
0x34c	0x34c
0x36d	0x36d
0x38c	0x38c
0x3ab	0x3ab
0x3bd	0x3bd
0x3dc	0x3dc
0x4d2	0x4d2
0x4e6	0x4e6
0x4fa	0x4fa
0x52c	0x52c
0x54b	0x54b
0x56a	0x56a
0x5ed	0x5ed
0x600	0x600
0x61f	0x61f
0x632	0x632
0x651	0x651
0x670	0x670
0x1f9b	0x1f9bB0x35f
0x1f74	0x1f74B0x35f
0x1fed	0x1fedB0x35f
0x1f54	0x1f54B0x35f
0x2166	0x2166B0x967
0x2166	0x2166B0x17dc
0x2166	0x2166B0x1ac4
0x2166	0x2166B0x1b31
0x2166	0x2166B0xc28B0x325
0x217d	0x217dB0xa1c
0x217d	0x217dB0x18e1
0x217d	0x217dB0x1c5b
0x935e	0x935eB0xa1c
0x935e	0x935eB0x18e1
0x935e	0x935eB0x1c5b
0x21c9	0x21c9B0xe51
0x21c9	0x21c9B0xf6f
0x21c9	0x21c9B0x1d75B0x143aB0x5fb
0x21e3	0x21e3B0xe51
0x21e3	0x21e3B0xf6f
0x21e3	0x21e3B0x1d75B0x143aB0x5fb
0x9384	0x9384B0xe51
0x9384	0x9384B0xf6f
0x9384	0x9384B0x1d75B0x143aB0x5fb
0x1e60	0x1e60B0x205c
0x1e60	0x1e60B0x1e75B0x29d
0x1e60	0x1e60B0x1e75B0x2db
0x1e60	0x1e60B0x1e75B0x316
0x1e60	0x1e60B0x1e75B0x397
0x1e60	0x1e60B0x200dB0x3c8
0x1e60	0x1e60B0x1e75B0x537
0x1e60	0x1e60B0x1e75B0x556
0x1e60	0x1e60B0x1e75B0x60b
0x1e60	0x1e60B0x20d9B0x63d
0x1e60	0x1e60B0x20e2B0x63d
0x1e60	0x1e60B0x1e75B0x67b
0x1e60	0x1e60B0x1e75B0xe21
0x1e60	0x1e60B0x1e75B0xf1e
0x1e60	0x1e60B0x1e75B0x10af
0x1e60	0x1e60B0x1e75B0x27f
0x1e60	0x1e60B0x1e75B0x16adB0x66b
0x1e60	0x1e60B0x1e75B0x1d4eB0x143aB0x5fb
0x737	0x737B0x214
0x737	0x737B0xb40
0x761	0x761B0x214
0x761	0x761B0xb40
0x1e75	0x1e75B0x29d
0x1e75	0x1e75B0x2db
0x1e75	0x1e75B0x316
0x1e75	0x1e75B0x397
0x1e75	0x1e75B0x537
0x1e75	0x1e75B0x556
0x1e75	0x1e75B0x60b
0x1e75	0x1e75B0x67b
0x1e75	0x1e75B0xe21
0x1e75	0x1e75B0xf1e
0x1e75	0x1e75B0x10af
0x1e75	0x1e75B0x27f
0x1e75	0x1e75B0x16adB0x66b
0x1e75	0x1e75B0x1d4eB0x143aB0x5fb
0x9312	0x9312B0x29d
0x9312	0x9312B0x2db
0x9312	0x9312B0x316
0x9312	0x9312B0x397
0x9312	0x9312B0x537
0x9312	0x9312B0x556
0x9312	0x9312B0x60b
0x9312	0x9312B0x67b
0x9312	0x9312B0xe21
0x9312	0x9312B0xf1e
0x9312	0x9312B0x10af
0x9312	0x9312B0x27f
0x9312	0x9312B0x16adB0x66b
0x9312	0x9312B0x1d4eB0x143aB0x5fb
0x200d	0x200dB0x3c8
0x2016	0x2016B0x3c8
0x2031	0x2031B0x3c8
0x203d	0x203dB0x3c8
0x1e85	0x1e85B0x2031B0x3c8
0x1e85	0x1e85B0x2120B0x65c
0x1e85	0x1e85B0x1ef6B0x34c
0x1e85	0x1e85B0x1f21B0x34c
0x1e85	0x1e85B0x1ef6B0x5ed
0x1e85	0x1e85B0x1f21B0x5ed
0x1eac	0x1eacB0x2031B0x3c8
0x1eac	0x1eacB0x2120B0x65c
0x1eac	0x1eacB0x1ef6B0x34c
0x1eac	0x1eacB0x1f21B0x34c
0x1eac	0x1eacB0x1ef6B0x5ed
0x1eac	0x1eacB0x1f21B0x5ed
0x9338	0x9338B0x2031B0x3c8
0x9338	0x9338B0x2120B0x65c
0x9338	0x9338B0x1ef6B0x34c
0x9338	0x9338B0x1f21B0x34c
0x9338	0x9338B0x1ef6B0x5ed
0x9338	0x9338B0x1f21B0x5ed
0x1e95	0x1e95B0x2031B0x3c8
0x1e95	0x1e95B0x2120B0x65c
0x1e95	0x1e95B0x1ef6B0x34c
0x1e95	0x1e95B0x1f21B0x34c
0x1e95	0x1e95B0x1ef6B0x5ed
0x1e95	0x1e95B0x1f21B0x5ed
0x20d9	0x20d9B0x63d
0x20e2	0x20e2B0x63d
0x20f0	0x20f0B0x63d
0x210a	0x210aB0x65c
0x2120	0x2120B0x65c
0x212c	0x212cB0x65c
0x199d	0x199dB0xbd0
0x199d	0x199dB0x12f9
0x1a04	0x1a04B0xbd0
0x1a04	0x1a04B0x12f9
0x1a22	0x1a22B0xbd0
0x1a22	0x1a22B0x12f9
0x1df9	0x1df90x1d9cB0x1563
0x1df9	0x1df90x1d0eB0x143aB0x5fb
0x1dbb	0x1dbb0x1d9cB0x1563
0x1dbb	0x1dbb0x1d0eB0x143aB0x5fb
0x1e09	0x1e090x1d9cB0x1563
0x1e09	0x1e090x1d0eB0x143aB0x5fb
0x2234	0x2234
0x1cfe	0x1cfe0x1a77
0x1cfe	0x1cfe0x1d9cB0x1563
0x1cfe	0x1cfe0x1d0eB0x143aB0x5fb
0x1df4	0x1df40x1d9cB0x1563
0x1df4	0x1df40x1d0eB0x143aB0x5fb
0x1ee0	0x1ee0B0x34c
0x1ee0	0x1ee0B0x5ed
0x1ef6	0x1ef6B0x34c
0x1ef6	0x1ef6B0x5ed
0x1f02	0x1f02B0x34c
0x1f02	0x1f02B0x5ed
0x1f21	0x1f21B0x34c
0x1f21	0x1f21B0x5ed
0x1f2d	0x1f2dB0x34c
0x1f2d	0x1f2dB0x5ed
0xc28	0xc28B0x325
0x929a	0x929aB0x325
0x92bf	0x92bfB0x3a6
0x16c7	0x16c7B0x66b
0x16ad	0x16adB0x66b
0x471e	0x471eB0x66b
0x163d	0x163dB0x66b
0x1667	0x1667B0x66b
0x168d	0x168dB0x66b
0x1690	0x1690B0x66b
0x16c2	0x16c2B0x66b
0x1446	0x14460x1613B0x66b
0x1446	0x14460x13c0B0x5fb
0x13ea	0x13eaB0x5fb
0x1414	0x1414B0x5fb
0x143a	0x143aB0x5fb
0x1d0e	0x1d0eB0x143aB0x5fb
0x1d8c	0x1d8cB0x143aB0x5fb
0x1d4e	0x1d4eB0x143aB0x5fb
0x4751	0x4751B0x143aB0x5fb
0x1d75	0x1d75B0x143aB0x5fb
0x4784	0x4784B0x143aB0x5fb
0x1d2e	0x1d2eB0x143aB0x5fb
0x1d31	0x1d31B0x143aB0x5fb
0x1d63	0x1d63B0x143aB0x5fb
0x1d87	0x1d87B0x143aB0x5fb
0x1d94	0x1d94B0x143aB0x5fb
0x3e	0x3e
0x1d	0x1d
0x28	0x28
0x33	0x33
0x49	0x49
0x54	0x54
0x6e	0x6e
0x79	0x79
0x93	0x93
0x9e	0x9e
0xa9	0xa9
0xb4	0xb4
0xce	0xce
0xd9	0xd9
0xf3	0xf3
0xfe	0xfe
0x109	0x109
0x114	0x114
0x11f	0x11f
0x139	0x139
0x144	0x144
0x15e	0x15e
0x169	0x169
0x174	0x174
0x17f	0x17f
0x18a	0x18a
0xda4	0xda4
0xde9	0xde9
0xe10	0xe10
0x1b60	0x1b60
0xe00	0xe00
0x3ff	0x3e7
0xfff	0xfd9B0x3a6
0x1fff	0x1ffbB0x3c8
0x13c1	0x13c0B0x5fb
0x13c2	0x13c0B0x5fb
0x13c3	0x13c0B0x5fb
0x13c5	0x13c0B0x5fb
0x13c7	0x13c0B0x5fb
0x13c9	0x13c0B0x5fb
0x13ca	0x13c0B0x5fb
0x13cc	0x13c0B0x5fb
0x13cd	0x13c0B0x5fb
0x13ce	0x13c0B0x5fb
0x13d2	0x13d2B0x5fb
0x13d4	0x13d2B0x5fb
0x13d5	0x13d2B0x5fb
0x13da	0x13d2B0x5fb
0x13dc	0x13d2B0x5fb
0x13df	0x13d2B0x5fb
0x13e1	0x13d2B0x5fb
0x13e2	0x13d2B0x5fb
0x13e4	0x13d2B0x5fb
0x13e7	0x13d2B0x5fb
0x13eb	0x13eaB0x5fb
0x13ec	0x13eaB0x5fb
0x13ed	0x13eaB0x5fb
0x13ef	0x13eaB0x5fb
0x13f1	0x13eaB0x5fb
0x13f3	0x13eaB0x5fb
0x13f4	0x13eaB0x5fb
0x13f6	0x13eaB0x5fb
0x13f7	0x13eaB0x5fb
0x13f8	0x13eaB0x5fb
0x13fc	0x13fcB0x5fb
0x13fe	0x13fcB0x5fb
0x13ff	0x13fcB0x5fb
0x1404	0x13fcB0x5fb
0x1406	0x13fcB0x5fb
0x1409	0x13fcB0x5fb
0x140b	0x13fcB0x5fb
0x140c	0x13fcB0x5fb
0x140e	0x13fcB0x5fb
0x1411	0x13fcB0x5fb
0x1415	0x1414B0x5fb
0x1417	0x1414B0x5fb
0x1418	0x1414B0x5fb
0x141a	0x1414B0x5fb
0x141c	0x1414B0x5fb
0x141d	0x1414B0x5fb
0x141e	0x1414B0x5fb
0x141f	0x1414B0x5fb
0x1421	0x1414B0x5fb
0x1423	0x1414B0x5fb
0x1424	0x1414B0x5fb
0x1427	0x1414B0x5fb
0x142a	0x1414B0x5fb
0x142b	0x1414B0x5fb
0x142c	0x1414B0x5fb
0x142d	0x1414B0x5fb
0x142e	0x1414B0x5fb
0x1433	0x1414B0x5fb
0x1435	0x1414B0x5fb
0x1436	0x1414B0x5fb
0x143b	0x143aB0x5fb
0x1442	0x143aB0x5fb
0x1439	0x1414B0x5fb
0x1445	0x143aB0x5fb
0x13d1	0x13c0B0x5fb
0x13fb	0x13eaB0x5fb
0x13e9	0x13d2B0x5fb
0x1413	0x13fcB0x5fb
0x13de	0x13d2B0x5fb
0x1408	0x13fcB0x5fb
0x1426	0x1414B0x5fb
0xbe5	0xbe4B0x325
0xbe7	0xbe4B0x325
0xbe8	0xbe4B0x325
0xbed	0xbe4B0x325
0xbef	0xbe4B0x325
0xbf2	0xbe4B0x325
0xbf3	0xbe4B0x325
0xbf6	0xbe4B0x325
0xbf8	0xbe4B0x325
0xbfa	0xbe4B0x325
0xbfc	0xbe4B0x325
0xbfe	0xbe4B0x325
0xc00	0xbe4B0x325
0xc01	0xbe4B0x325
0xc03	0xbe4B0x325
0xc05	0xbe4B0x325
0xc0b	0xbe4B0x325
0xc0d	0xbe4B0x325
0xc0e	0xbe4B0x325
0xc10	0xbe4B0x325
0xc12	0xbe4B0x325
0xc15	0xbe4B0x325
0xc18	0xbe4B0x325
0xc19	0xbe4B0x325
0xc1a	0xbe4B0x325
0xc1c	0xbe4B0x325
0xc1d	0xbe4B0x325
0xc21	0xc21B0x325
0xc22	0xc21B0x325
0xc23	0xc21B0x325
0xc25	0xc21B0x325
0xc26	0xc21B0x325
0xc2d	0xc28B0x325
0xc2f	0xc28B0x325
0xc30	0xc28B0x325
0xc31	0xc28B0x325
0xc33	0xc28B0x325
0xc34	0xc28B0x325
0xc37	0xc28B0x325
0xc38	0xc28B0x325
0xc3a	0xc28B0x325
0xc3c	0xc28B0x325
0xc41	0xc28B0x325
0xc43	0xc28B0x325
0xc48	0xc28B0x325
0xfb9	0xfb8B0x3a6
0xfbb	0xfb8B0x3a6
0xfbd	0xfb8B0x3a6
0xfbf	0xfb8B0x3a6
0xfc0	0xfb8B0x3a6
0xfc2	0xfb8B0x3a6
0xfc3	0xfb8B0x3a6
0xfc7	0xfb8B0x3a6
0xfc9	0xfb8B0x3a6
0xfcc	0xfb8B0x3a6
0xfcf	0xfb8B0x3a6
0xfd0	0xfb8B0x3a6
0xfd1	0xfb8B0x3a6
0xfd3	0xfb8B0x3a6
0xfd5	0xfb8B0x3a6
0xfda	0xfd9B0x3a6
0xffb	0xfd9B0x3a6
0xffd	0xfd9B0x3a6
0x1001	0xfd9B0x3a6
0x1002	0xfd9B0x3a6
0x1003	0xfd9B0x3a6
0x1005	0xfd9B0x3a6
0x1007	0xfd9B0x3a6
0x1009	0xfd9B0x3a6
0x100b	0xfd9B0x3a6
0x100c	0xfd9B0x3a6
0x100d	0xfd9B0x3a6
0x100e	0xfd9B0x3a6
0x1614	0x1613B0x66b
0x1615	0x1613B0x66b
0x1616	0x1613B0x66b
0x1618	0x1613B0x66b
0x161a	0x1613B0x66b
0x161c	0x1613B0x66b
0x161d	0x1613B0x66b
0x161f	0x1613B0x66b
0x1620	0x1613B0x66b
0x1621	0x1613B0x66b
0x1625	0x1625B0x66b
0x1627	0x1625B0x66b
0x1628	0x1625B0x66b
0x162d	0x1625B0x66b
0x162f	0x1625B0x66b
0x1632	0x1625B0x66b
0x1634	0x1625B0x66b
0x1635	0x1625B0x66b
0x1637	0x1625B0x66b
0x163a	0x1625B0x66b
0x163e	0x163dB0x66b
0x163f	0x163dB0x66b
0x1640	0x163dB0x66b
0x1642	0x163dB0x66b
0x1644	0x163dB0x66b
0x1646	0x163dB0x66b
0x1647	0x163dB0x66b
0x1649	0x163dB0x66b
0x164a	0x163dB0x66b
0x164b	0x163dB0x66b
0x164f	0x164fB0x66b
0x1651	0x164fB0x66b
0x1652	0x164fB0x66b
0x1657	0x164fB0x66b
0x1659	0x164fB0x66b
0x165c	0x164fB0x66b
0x165e	0x164fB0x66b
0x165f	0x164fB0x66b
0x1661	0x164fB0x66b
0x1664	0x164fB0x66b
0x1668	0x1667B0x66b
0x166a	0x1667B0x66b
0x166b	0x1667B0x66b
0x166d	0x1667B0x66b
0x166f	0x1667B0x66b
0x1670	0x1667B0x66b
0x1671	0x1667B0x66b
0x1672	0x1667B0x66b
0x1674	0x1667B0x66b
0x1676	0x1667B0x66b
0x1677	0x1667B0x66b
0x167a	0x1667B0x66b
0x167d	0x1667B0x66b
0x167e	0x1667B0x66b
0x167f	0x1667B0x66b
0x1680	0x1667B0x66b
0x1681	0x1667B0x66b
0x1686	0x1667B0x66b
0x1688	0x1667B0x66b
0x1689	0x1667B0x66b
0x168f	0x168dB0x66b
0x1693	0x1690B0x66b
0x1694	0x1690B0x66b
0x1695	0x1690B0x66b
0x1699	0x1699B0x66b
0x16a1	0x1699B0x66b
0x16a2	0x1699B0x66b
0x16a6	0x16a6B0x66b
0x16a9	0x16a6B0x66b
0x16b0	0x16adB0x66b
0x16b2	0x16adB0x66b
0x16b3	0x16adB0x66b
0x16b4	0x16adB0x66b
0x16b7	0x16adB0x66b
0x16b9	0x16adB0x66b
0x16be	0x16adB0x66b
0x16c3	0x16c2B0x66b
0x16c8	0x16c7B0x66b
0x16ca	0x16c7B0x66b
0x16cb	0x16c7B0x66b
0x1d11	0x1d0eB0x143aB0x5fb
0x1d12	0x1d0eB0x143aB0x5fb
0x1d16	0x1d16B0x143aB0x5fb
0x1d18	0x1d16B0x143aB0x5fb
0x1d19	0x1d16B0x143aB0x5fb
0x1d1e	0x1d16B0x143aB0x5fb
0x1d20	0x1d16B0x143aB0x5fb
0x1d23	0x1d16B0x143aB0x5fb
0x1d25	0x1d16B0x143aB0x5fb
0x1d26	0x1d16B0x143aB0x5fb
0x1d28	0x1d16B0x143aB0x5fb
0x1d2b	0x1d16B0x143aB0x5fb
0x1d30	0x1d2eB0x143aB0x5fb
0x1d34	0x1d31B0x143aB0x5fb
0x1d35	0x1d31B0x143aB0x5fb
0x1d36	0x1d31B0x143aB0x5fb
0x1d3a	0x1d3aB0x143aB0x5fb
0x1d42	0x1d3aB0x143aB0x5fb
0x1d43	0x1d3aB0x143aB0x5fb
0x1d47	0x1d47B0x143aB0x5fb
0x1d4a	0x1d47B0x143aB0x5fb
0x1d51	0x1d4eB0x143aB0x5fb
0x1d53	0x1d4eB0x143aB0x5fb
0x1d54	0x1d4eB0x143aB0x5fb
0x1d55	0x1d4eB0x143aB0x5fb
0x1d58	0x1d4eB0x143aB0x5fb
0x1d5a	0x1d4eB0x143aB0x5fb
0x1d5f	0x1d4eB0x143aB0x5fb
0x1d69	0x1d63B0x143aB0x5fb
0x1d6a	0x1d63B0x143aB0x5fb
0x1d6e	0x1d6eB0x143aB0x5fb
0x1d71	0x1d6eB0x143aB0x5fb
0x1d78	0x1d75B0x143aB0x5fb
0x1d7a	0x1d75B0x143aB0x5fb
0x1d7c	0x1d75B0x143aB0x5fb
0x1d7e	0x1d75B0x143aB0x5fb
0x1d83	0x1d75B0x143aB0x5fb
0x1d88	0x1d87B0x143aB0x5fb
0x1d8d	0x1d8cB0x143aB0x5fb
0x1d8f	0x1d8cB0x143aB0x5fb
0x1d90	0x1d8cB0x143aB0x5fb
0x471f	0x471eB0x66b
0x4724	0x471eB0x66b
0x4726	0x471eB0x66b
0x4727	0x471eB0x66b
0x4729	0x471eB0x66b
0x472b	0x471eB0x66b
0x472e	0x471eB0x66b
0x4730	0x471eB0x66b
0x4752	0x4751B0x143aB0x5fb
0x4757	0x4751B0x143aB0x5fb
0x4759	0x4751B0x143aB0x5fb
0x475a	0x4751B0x143aB0x5fb
0x475c	0x4751B0x143aB0x5fb
0x475e	0x4751B0x143aB0x5fb
0x4761	0x4751B0x143aB0x5fb
0x4763	0x4751B0x143aB0x5fb
0x4785	0x4784B0x143aB0x5fb
0x478a	0x4784B0x143aB0x5fb
0x478c	0x4784B0x143aB0x5fb
0x478d	0x4784B0x143aB0x5fb
0x478f	0x4784B0x143aB0x5fb
0x4791	0x4784B0x143aB0x5fb
0x4794	0x4784B0x143aB0x5fb
0x4796	0x4784B0x143aB0x5fb
0x16c1	0x16adB0x66b
0x1d62	0x1d4eB0x143aB0x5fb
0xc4b	0xc28B0x325
0x1d86	0x1d75B0x143aB0x5fb
0x168c	0x1667B0x66b
0x16c6	0x16c2B0x66b
0x16ac	0x16a6B0x66b
0x16ce	0x16c7B0x66b
0x1d4d	0x1d47B0x143aB0x5fb
0x1d74	0x1d6eB0x143aB0x5fb
0x1d8b	0x1d87B0x143aB0x5fb
0x1d93	0x1d8cB0x143aB0x5fb
0xc20	0xbe4B0x325
0xfd8	0xfb8B0x3a6
0x1624	0x1613B0x66b
0x164e	0x163dB0x66b
0x1698	0x1690B0x66b
0x16a5	0x1699B0x66b
0x1d15	0x1d0eB0x143aB0x5fb
0x1d39	0x1d31B0x143aB0x5fb
0x1d46	0x1d3aB0x143aB0x5fb
0x1d6d	0x1d63B0x143aB0x5fb
0x1013	0xfd9B0x3a6
0x1d9b	0x1d94B0x143aB0x5fb
0x929f	0x929aB0x325
0x92c4	0x92bfB0x3a6
0xc27	0xc21B0x325
0x163c	0x1625B0x66b
0x1666	0x164fB0x66b
0x1d2d	0x1d16B0x143aB0x5fb
0x4731	0x471eB0x66b
0x4764	0x4751B0x143aB0x5fb
0x4797	0x4784B0x143aB0x5fb
0xbf1	0xbe4B0x325
0xbf7	0xbe4B0x325
0xc3e	0xc28B0x325
0xfc6	0xfb8B0x3a6
0xfcb	0xfb8B0x3a6
0x1631	0x1625B0x66b
0x165b	0x164fB0x66b
0x1d22	0x1d16B0x143aB0x5fb
0x4728	0x471eB0x66b
0x472d	0x471eB0x66b
0x475b	0x4751B0x143aB0x5fb
0x4760	0x4751B0x143aB0x5fb
0x478e	0x4784B0x143aB0x5fb
0x4793	0x4784B0x143aB0x5fb
0x1679	0x1667B0x66b
0xc24	0xc21B0x325
0xfd9	0xfd9B0x3a6
0x72c	0x72bB0x214
0x72c	0x72bB0xb40
0x72d	0x72bB0x214
0x72d	0x72bB0xb40
0x730	0x72bB0x214
0x730	0x72bB0xb40
0x731	0x72bB0x214
0x731	0x72bB0xb40
0x738	0x737B0x214
0x738	0x737B0xb40
0x73a	0x737B0x214
0x73a	0x737B0xb40
0x73b	0x737B0x214
0x73b	0x737B0xb40
0x73d	0x737B0x214
0x73d	0x737B0xb40
0x73f	0x737B0x214
0x73f	0x737B0xb40
0x741	0x737B0x214
0x741	0x737B0xb40
0x742	0x737B0x214
0x742	0x737B0xb40
0x743	0x737B0x214
0x743	0x737B0xb40
0x74b	0x737B0x214
0x74b	0x737B0xb40
0x74c	0x737B0x214
0x74c	0x737B0xb40
0x750	0x737B0x214
0x750	0x737B0xb40
0x751	0x737B0x214
0x751	0x737B0xb40
0x753	0x737B0x214
0x753	0x737B0xb40
0x755	0x737B0x214
0x755	0x737B0xb40
0x756	0x737B0x214
0x756	0x737B0xb40
0x758	0x737B0x214
0x758	0x737B0xb40
0x759	0x737B0x214
0x759	0x737B0xb40
0x75d	0x737B0x214
0x75d	0x737B0xb40
0x762	0x761B0x214
0x762	0x761B0xb40
0x765	0x761B0x214
0x765	0x761B0xb40
0x766	0x761B0x214
0x766	0x761B0xb40
0x768	0x761B0x214
0x768	0x761B0xb40
0x76b	0x761B0x214
0x76b	0x761B0xb40
0x76c	0x761B0x214
0x76c	0x761B0xb40
0x773	0x761B0x214
0x773	0x761B0xb40
0x774	0x761B0x214
0x774	0x761B0xb40
0x778	0x761B0x214
0x778	0x761B0xb40
0x779	0x761B0x214
0x779	0x761B0xb40
0x77a	0x761B0x214
0x77a	0x761B0xb40
0x77d	0x761B0x214
0x77d	0x761B0xb40
0x77f	0x761B0x214
0x77f	0x761B0xb40
0x781	0x761B0x214
0x781	0x761B0xb40
0x783	0x761B0x214
0x783	0x761B0xb40
0x784	0x761B0x214
0x784	0x761B0xb40
0x786	0x761B0x214
0x786	0x761B0xb40
0x789	0x761B0x214
0x789	0x761B0xb40
0x78f	0x761B0x214
0x78f	0x761B0xb40
0x7b1	0x761B0x214
0x7b1	0x761B0xb40
0x1986	0x1985B0xbd0
0x1986	0x1985B0x12f9
0x1987	0x1985B0xbd0
0x1987	0x1985B0x12f9
0x198a	0x1985B0xbd0
0x198a	0x1985B0x12f9
0x198b	0x1985B0xbd0
0x198b	0x1985B0x12f9
0x198f	0x198fB0xbd0
0x198f	0x198fB0x12f9
0x1991	0x198fB0xbd0
0x1991	0x198fB0x12f9
0x1992	0x198fB0xbd0
0x1992	0x198fB0x12f9
0x1994	0x198fB0xbd0
0x1994	0x198fB0x12f9
0x1995	0x198fB0xbd0
0x1995	0x198fB0x12f9
0x1999	0x198fB0xbd0
0x1999	0x198fB0x12f9
0x199e	0x199dB0xbd0
0x199e	0x199dB0x12f9
0x19a0	0x199dB0xbd0
0x19a0	0x199dB0x12f9
0x19a1	0x199dB0xbd0
0x19a1	0x199dB0x12f9
0x19a5	0x199dB0xbd0
0x19a5	0x199dB0x12f9
0x19a6	0x199dB0xbd0
0x19a6	0x199dB0x12f9
0x19aa	0x199dB0xbd0
0x19aa	0x199dB0x12f9
0x19ae	0x199dB0xbd0
0x19ae	0x199dB0x12f9
0x19b0	0x199dB0xbd0
0x19b0	0x199dB0x12f9
0x19b2	0x199dB0xbd0
0x19b2	0x199dB0x12f9
0x19b3	0x199dB0xbd0
0x19b3	0x199dB0x12f9
0x19b4	0x199dB0xbd0
0x19b4	0x199dB0x12f9
0x19d5	0x199dB0xbd0
0x19d5	0x199dB0x12f9
0x19d7	0x199dB0xbd0
0x19d7	0x199dB0x12f9
0x19d8	0x199dB0xbd0
0x19d8	0x199dB0x12f9
0x19dc	0x199dB0xbd0
0x19dc	0x199dB0x12f9
0x19e1	0x199dB0xbd0
0x19e1	0x199dB0x12f9
0x19e5	0x199dB0xbd0
0x19e5	0x199dB0x12f9
0x19e7	0x199dB0xbd0
0x19e7	0x199dB0x12f9
0x19f7	0x199dB0xbd0
0x19f7	0x199dB0x12f9
0x19f9	0x199dB0xbd0
0x19f9	0x199dB0x12f9
0x19fa	0x199dB0xbd0
0x19fa	0x199dB0x12f9
0x19fd	0x199dB0xbd0
0x19fd	0x199dB0x12f9
0x19ff	0x199dB0xbd0
0x19ff	0x199dB0x12f9
0x1a01	0x199dB0xbd0
0x1a01	0x199dB0x12f9
0x1a05	0x1a04B0xbd0
0x1a05	0x1a04B0x12f9
0x1a06	0x1a04B0xbd0
0x1a06	0x1a04B0x12f9
0x1a07	0x1a04B0xbd0
0x1a07	0x1a04B0x12f9
0x1a08	0x1a04B0xbd0
0x1a08	0x1a04B0x12f9
0x1a09	0x1a04B0xbd0
0x1a09	0x1a04B0x12f9
0x1a0c	0x1a04B0xbd0
0x1a0c	0x1a04B0x12f9
0x1a0d	0x1a04B0xbd0
0x1a0d	0x1a04B0x12f9
0x1a11	0x1a04B0xbd0
0x1a11	0x1a04B0x12f9
0x1a12	0x1a04B0xbd0
0x1a12	0x1a04B0x12f9
0x1a14	0x1a04B0xbd0
0x1a14	0x1a04B0x12f9
0x1a16	0x1a04B0xbd0
0x1a16	0x1a04B0x12f9
0x1a17	0x1a04B0xbd0
0x1a17	0x1a04B0x12f9
0x1a19	0x1a04B0xbd0
0x1a19	0x1a04B0x12f9
0x1a1a	0x1a04B0xbd0
0x1a1a	0x1a04B0x12f9
0x1a1e	0x1a04B0xbd0
0x1a1e	0x1a04B0x12f9
0x1a23	0x1a22B0xbd0
0x1a23	0x1a22B0x12f9
0x1a26	0x1a22B0xbd0
0x1a26	0x1a22B0x12f9
0x1a27	0x1a22B0xbd0
0x1a27	0x1a22B0x12f9
0x1a29	0x1a22B0xbd0
0x1a29	0x1a22B0x12f9
0x1a2c	0x1a22B0xbd0
0x1a2c	0x1a22B0x12f9
0x1a2d	0x1a22B0xbd0
0x1a2d	0x1a22B0x12f9
0x1a34	0x1a22B0xbd0
0x1a34	0x1a22B0x12f9
0x1a35	0x1a22B0xbd0
0x1a35	0x1a22B0x12f9
0x1a39	0x1a22B0xbd0
0x1a39	0x1a22B0x12f9
0x1a3a	0x1a22B0xbd0
0x1a3a	0x1a22B0x12f9
0x1a3b	0x1a22B0xbd0
0x1a3b	0x1a22B0x12f9
0x1a3e	0x1a22B0xbd0
0x1a3e	0x1a22B0x12f9
0x1a40	0x1a22B0xbd0
0x1a40	0x1a22B0x12f9
0x1a42	0x1a22B0xbd0
0x1a42	0x1a22B0x12f9
0x1a44	0x1a22B0xbd0
0x1a44	0x1a22B0x12f9
0x1a45	0x1a22B0xbd0
0x1a45	0x1a22B0x12f9
0x1a47	0x1a22B0xbd0
0x1a47	0x1a22B0x12f9
0x1a4a	0x1a22B0xbd0
0x1a4a	0x1a22B0x12f9
0x1a50	0x1a22B0xbd0
0x1a50	0x1a22B0x12f9
0x1a72	0x1a22B0xbd0
0x1a72	0x1a22B0x12f9
0x1a73	0x1a22B0xbd0
0x1a73	0x1a22B0x12f9
0x1d9d	0x1d9cB0x1563
0x1d9d	0x1d9c0x1d0eB0x143aB0x5fb
0x1d9e	0x1d9cB0x1563
0x1d9e	0x1d9c0x1d0eB0x143aB0x5fb
0x1da1	0x1d9cB0x1563
0x1da1	0x1d9c0x1d0eB0x143aB0x5fb
0x1da3	0x1d9cB0x1563
0x1da3	0x1d9c0x1d0eB0x143aB0x5fb
0x1da5	0x1d9cB0x1563
0x1da5	0x1d9c0x1d0eB0x143aB0x5fb
0x1da7	0x1d9cB0x1563
0x1da7	0x1d9c0x1d0eB0x143aB0x5fb
0x1da9	0x1d9cB0x1563
0x1da9	0x1d9c0x1d0eB0x143aB0x5fb
0x1daa	0x1d9cB0x1563
0x1daa	0x1d9c0x1d0eB0x143aB0x5fb
0x1dab	0x1d9cB0x1563
0x1dab	0x1d9c0x1d0eB0x143aB0x5fb
0x1dae	0x1d9cB0x1563
0x1dae	0x1d9c0x1d0eB0x143aB0x5fb
0x1db0	0x1d9cB0x1563
0x1db0	0x1d9c0x1d0eB0x143aB0x5fb
0x1db1	0x1d9cB0x1563
0x1db1	0x1d9c0x1d0eB0x143aB0x5fb
0x1db7	0x1d9cB0x1563
0x1db7	0x1d9c0x1d0eB0x143aB0x5fb
0x1e66	0x1e65B0x29d
0x1e66	0x1e65B0x2db
0x1e66	0x1e65B0x316
0x1e66	0x1e65B0x397
0x1e66	0x1e65B0x537
0x1e66	0x1e65B0x556
0x1e66	0x1e65B0x60b
0x1e66	0x1e65B0x67b
0x1e66	0x1e65B0xe21
0x1e66	0x1e65B0xf1e
0x1e66	0x1e65B0x10af
0x1e66	0x1e65B0x27f
0x1e66	0x1e65B0x16adB0x66b
0x1e66	0x1e65B0x1d4eB0x143aB0x5fb
0x1e67	0x1e65B0x29d
0x1e67	0x1e65B0x2db
0x1e67	0x1e65B0x316
0x1e67	0x1e65B0x397
0x1e67	0x1e65B0x537
0x1e67	0x1e65B0x556
0x1e67	0x1e65B0x60b
0x1e67	0x1e65B0x67b
0x1e67	0x1e65B0xe21
0x1e67	0x1e65B0xf1e
0x1e67	0x1e65B0x10af
0x1e67	0x1e65B0x27f
0x1e67	0x1e65B0x16adB0x66b
0x1e67	0x1e65B0x1d4eB0x143aB0x5fb
0x1e6b	0x1e65B0x29d
0x1e6b	0x1e65B0x2db
0x1e6b	0x1e65B0x316
0x1e6b	0x1e65B0x397
0x1e6b	0x1e65B0x537
0x1e6b	0x1e65B0x556
0x1e6b	0x1e65B0x60b
0x1e6b	0x1e65B0x67b
0x1e6b	0x1e65B0xe21
0x1e6b	0x1e65B0xf1e
0x1e6b	0x1e65B0x10af
0x1e6b	0x1e65B0x27f
0x1e6b	0x1e65B0x16adB0x66b
0x1e6b	0x1e65B0x1d4eB0x143aB0x5fb
0x1e6c	0x1e65B0x29d
0x1e6c	0x1e65B0x2db
0x1e6c	0x1e65B0x316
0x1e6c	0x1e65B0x397
0x1e6c	0x1e65B0x537
0x1e6c	0x1e65B0x556
0x1e6c	0x1e65B0x60b
0x1e6c	0x1e65B0x67b
0x1e6c	0x1e65B0xe21
0x1e6c	0x1e65B0xf1e
0x1e6c	0x1e65B0x10af
0x1e6c	0x1e65B0x27f
0x1e6c	0x1e65B0x16adB0x66b
0x1e6c	0x1e65B0x1d4eB0x143aB0x5fb
0x1e6d	0x1e65B0x29d
0x1e6d	0x1e65B0x2db
0x1e6d	0x1e65B0x316
0x1e6d	0x1e65B0x397
0x1e6d	0x1e65B0x537
0x1e6d	0x1e65B0x556
0x1e6d	0x1e65B0x60b
0x1e6d	0x1e65B0x67b
0x1e6d	0x1e65B0xe21
0x1e6d	0x1e65B0xf1e
0x1e6d	0x1e65B0x10af
0x1e6d	0x1e65B0x27f
0x1e6d	0x1e65B0x16adB0x66b
0x1e6d	0x1e65B0x1d4eB0x143aB0x5fb
0x1e6e	0x1e65B0x29d
0x1e6e	0x1e65B0x2db
0x1e6e	0x1e65B0x316
0x1e6e	0x1e65B0x397
0x1e6e	0x1e65B0x537
0x1e6e	0x1e65B0x556
0x1e6e	0x1e65B0x60b
0x1e6e	0x1e65B0x67b
0x1e6e	0x1e65B0xe21
0x1e6e	0x1e65B0xf1e
0x1e6e	0x1e65B0x10af
0x1e6e	0x1e65B0x27f
0x1e6e	0x1e65B0x16adB0x66b
0x1e6e	0x1e65B0x1d4eB0x143aB0x5fb
0x1e72	0x1e72B0x29d
0x1e72	0x1e72B0x2db
0x1e72	0x1e72B0x316
0x1e72	0x1e72B0x397
0x1e72	0x1e72B0x537
0x1e72	0x1e72B0x556
0x1e72	0x1e72B0x60b
0x1e72	0x1e72B0x67b
0x1e72	0x1e72B0xe21
0x1e72	0x1e72B0xf1e
0x1e72	0x1e72B0x10af
0x1e72	0x1e72B0x27f
0x1e72	0x1e72B0x16adB0x66b
0x1e72	0x1e72B0x1d4eB0x143aB0x5fb
0x1e73	0x1e72B0x29d
0x1e73	0x1e72B0x2db
0x1e73	0x1e72B0x316
0x1e73	0x1e72B0x397
0x1e73	0x1e72B0x537
0x1e73	0x1e72B0x556
0x1e73	0x1e72B0x60b
0x1e73	0x1e72B0x67b
0x1e73	0x1e72B0xe21
0x1e73	0x1e72B0xf1e
0x1e73	0x1e72B0x10af
0x1e73	0x1e72B0x27f
0x1e73	0x1e72B0x16adB0x66b
0x1e73	0x1e72B0x1d4eB0x143aB0x5fb
0x1e76	0x1e75B0x29d
0x1e76	0x1e75B0x2db
0x1e76	0x1e75B0x316
0x1e76	0x1e75B0x397
0x1e76	0x1e75B0x537
0x1e76	0x1e75B0x556
0x1e76	0x1e75B0x60b
0x1e76	0x1e75B0x67b
0x1e76	0x1e75B0xe21
0x1e76	0x1e75B0xf1e
0x1e76	0x1e75B0x10af
0x1e76	0x1e75B0x27f
0x1e76	0x1e75B0x16adB0x66b
0x1e76	0x1e75B0x1d4eB0x143aB0x5fb
0x1e7a	0x1e75B0x29d
0x1e7a	0x1e75B0x2db
0x1e7a	0x1e75B0x316
0x1e7a	0x1e75B0x397
0x1e7a	0x1e75B0x537
0x1e7a	0x1e75B0x556
0x1e7a	0x1e75B0x60b
0x1e7a	0x1e75B0x67b
0x1e7a	0x1e75B0xe21
0x1e7a	0x1e75B0xf1e
0x1e7a	0x1e75B0x10af
0x1e7a	0x1e75B0x27f
0x1e7a	0x1e75B0x16adB0x66b
0x1e7a	0x1e75B0x1d4eB0x143aB0x5fb
0x1ece	0x1ecdB0x34c
0x1ece	0x1ecdB0x5ed
0x1ecf	0x1ecdB0x34c
0x1ecf	0x1ecdB0x5ed
0x1ed0	0x1ecdB0x34c
0x1ed0	0x1ecdB0x5ed
0x1ed1	0x1ecdB0x34c
0x1ed1	0x1ecdB0x5ed
0x1ed2	0x1ecdB0x34c
0x1ed2	0x1ecdB0x5ed
0x1ed6	0x1ecdB0x34c
0x1ed6	0x1ecdB0x5ed
0x1ed7	0x1ecdB0x34c
0x1ed7	0x1ecdB0x5ed
0x1ed8	0x1ecdB0x34c
0x1ed8	0x1ecdB0x5ed
0x1ed9	0x1ecdB0x34c
0x1ed9	0x1ecdB0x5ed
0x1edd	0x1eddB0x34c
0x1edd	0x1eddB0x5ed
0x1ede	0x1eddB0x34c
0x1ede	0x1eddB0x5ed
0x1ee2	0x1ee0B0x34c
0x1ee2	0x1ee0B0x5ed
0x1ee3	0x1ee0B0x34c
0x1ee3	0x1ee0B0x5ed
0x1eed	0x1ee0B0x34c
0x1eed	0x1ee0B0x5ed
0x1eee	0x1ee0B0x34c
0x1eee	0x1ee0B0x5ed
0x1eef	0x1ee0B0x34c
0x1eef	0x1ee0B0x5ed
0x1ef3	0x1ef3B0x34c
0x1ef3	0x1ef3B0x5ed
0x1ef4	0x1ef3B0x34c
0x1ef4	0x1ef3B0x5ed
0x1ef7	0x1ef6B0x34c
0x1ef7	0x1ef6B0x5ed
0x1efd	0x1ef6B0x34c
0x1efd	0x1ef6B0x5ed
0x1efe	0x1ef6B0x34c
0x1efe	0x1ef6B0x5ed
0x1f09	0x1f02B0x34c
0x1f09	0x1f02B0x5ed
0x1f0c	0x1f02B0x34c
0x1f0c	0x1f02B0x5ed
0x1f0d	0x1f02B0x34c
0x1f0d	0x1f02B0x5ed
0x1f0e	0x1f02B0x34c
0x1f0e	0x1f02B0x5ed
0x1f18	0x1f02B0x34c
0x1f18	0x1f02B0x5ed
0x1f19	0x1f02B0x34c
0x1f19	0x1f02B0x5ed
0x1f1a	0x1f02B0x34c
0x1f1a	0x1f02B0x5ed
0x1f1e	0x1f1eB0x34c
0x1f1e	0x1f1eB0x5ed
0x1f1f	0x1f1eB0x34c
0x1f1f	0x1f1eB0x5ed
0x1f22	0x1f21B0x34c
0x1f22	0x1f21B0x5ed
0x1f28	0x1f21B0x34c
0x1f28	0x1f21B0x5ed
0x1f29	0x1f21B0x34c
0x1f29	0x1f21B0x5ed
0x1ffc	0x1ffbB0x3c8
0x1ffd	0x1ffbB0x3c8
0x1ffe	0x1ffbB0x3c8
0x2003	0x1ffbB0x3c8
0x2004	0x1ffbB0x3c8
0x2005	0x1ffbB0x3c8
0x2006	0x1ffbB0x3c8
0x200a	0x200aB0x3c8
0x200b	0x200aB0x3c8
0x200e	0x200dB0x3c8
0x2012	0x200dB0x3c8
0x2019	0x2016B0x3c8
0x201c	0x2016B0x3c8
0x201d	0x2016B0x3c8
0x201e	0x2016B0x3c8
0x2028	0x2016B0x3c8
0x2029	0x2016B0x3c8
0x202a	0x2016B0x3c8
0x202e	0x202eB0x3c8
0x202f	0x202eB0x3c8
0x2032	0x2031B0x3c8
0x2038	0x2031B0x3c8
0x2039	0x2031B0x3c8
0x20c9	0x20c8B0x63d
0x20ca	0x20c8B0x63d
0x20cb	0x20c8B0x63d
0x20cf	0x20c8B0x63d
0x20d0	0x20c8B0x63d
0x20d1	0x20c8B0x63d
0x20d2	0x20c8B0x63d
0x20d6	0x20d6B0x63d
0x20d7	0x20d6B0x63d
0x20da	0x20d9B0x63d
0x20de	0x20d9B0x63d
0x20e5	0x20e2B0x63d
0x20e8	0x20e2B0x63d
0x20eb	0x20e2B0x63d
0x20ec	0x20e2B0x63d
0x20fa	0x20f9B0x65c
0x20fb	0x20f9B0x65c
0x20fc	0x20f9B0x65c
0x2100	0x20f9B0x65c
0x2101	0x20f9B0x65c
0x2102	0x20f9B0x65c
0x2103	0x20f9B0x65c
0x2107	0x2107B0x65c
0x2108	0x2107B0x65c
0x210c	0x210aB0x65c
0x210d	0x210aB0x65c
0x2117	0x210aB0x65c
0x2118	0x210aB0x65c
0x2119	0x210aB0x65c
0x211d	0x211dB0x65c
0x211e	0x211dB0x65c
0x2121	0x2120B0x65c
0x2127	0x2120B0x65c
0x2128	0x2120B0x65c
0x1e7d	0x1e75B0x29d
0x1e7d	0x1e75B0x2db
0x1e7d	0x1e75B0x316
0x1e7d	0x1e75B0x397
0x1e7d	0x1e75B0x537
0x1e7d	0x1e75B0x556
0x1e7d	0x1e75B0x60b
0x1e7d	0x1e75B0x67b
0x1e7d	0x1e75B0xe21
0x1e7d	0x1e75B0xf1e
0x1e7d	0x1e75B0x10af
0x1e7d	0x1e75B0x27f
0x1e7d	0x1e75B0x16adB0x66b
0x1e7d	0x1e75B0x1d4eB0x143aB0x5fb
0x2015	0x200dB0x3c8
0x20e1	0x20d9B0x63d
0x20ef	0x20e2B0x63d
0x1f01	0x1ef6B0x34c
0x1f01	0x1ef6B0x5ed
0x1f2c	0x1f21B0x34c
0x1f2c	0x1f21B0x5ed
0x203c	0x2031B0x3c8
0x212b	0x2120B0x65c
0x760	0x737B0x214
0x760	0x737B0xb40
0x199c	0x198fB0xbd0
0x199c	0x198fB0x12f9
0x1a21	0x1a04B0xbd0
0x1a21	0x1a04B0x12f9
0x1dba	0x1d9cB0x1563
0x1dba	0x1d9c0x1d0eB0x143aB0x5fb
0x1a03	0x199dB0xbd0
0x1a03	0x199dB0x12f9
0x1a76	0x1a22B0xbd0
0x1a76	0x1a22B0x12f9
0x734	0x72bB0x214
0x734	0x72bB0xb40
0x198e	0x1985B0xbd0
0x198e	0x1985B0x12f9
0x1e71	0x1e65B0x29d
0x1e71	0x1e65B0x2db
0x1e71	0x1e65B0x316
0x1e71	0x1e65B0x397
0x1e71	0x1e65B0x537
0x1e71	0x1e65B0x556
0x1e71	0x1e65B0x60b
0x1e71	0x1e65B0x67b
0x1e71	0x1e65B0xe21
0x1e71	0x1e65B0xf1e
0x1e71	0x1e65B0x10af
0x1e71	0x1e65B0x27f
0x1e71	0x1e65B0x16adB0x66b
0x1e71	0x1e65B0x1d4eB0x143aB0x5fb
0x1edc	0x1ecdB0x34c
0x1edc	0x1ecdB0x5ed
0x1ef2	0x1ee0B0x34c
0x1ef2	0x1ee0B0x5ed
0x1f1d	0x1f02B0x34c
0x1f1d	0x1f02B0x5ed
0x2009	0x1ffbB0x3c8
0x202d	0x2016B0x3c8
0x20d5	0x20c8B0x63d
0x2106	0x20f9B0x65c
0x211c	0x210aB0x65c
0x736	0x735B0x214
0x736	0x735B0xb40
0x1f38	0x1f2dB0x34c
0x1f38	0x1f2dB0x5ed
0x2049	0x203dB0x3c8
0x20f8	0x20f0B0x63d
0x2137	0x212cB0x65c
0x9318	0x9312B0x29d
0x9318	0x9312B0x2db
0x9318	0x9312B0x316
0x9318	0x9312B0x397
0x9318	0x9312B0x537
0x9318	0x9312B0x556
0x9318	0x9312B0x60b
0x9318	0x9312B0x67b
0x9318	0x9312B0xe21
0x9318	0x9312B0xf1e
0x9318	0x9312B0x10af
0x9318	0x9312B0x27f
0x9318	0x9312B0x16adB0x66b
0x9318	0x9312B0x1d4eB0x143aB0x5fb
0x1e74	0x1e72B0x29d
0x1e74	0x1e72B0x2db
0x1e74	0x1e72B0x316
0x1e74	0x1e72B0x397
0x1e74	0x1e72B0x537
0x1e74	0x1e72B0x556
0x1e74	0x1e72B0x60b
0x1e74	0x1e72B0x67b
0x1e74	0x1e72B0xe21
0x1e74	0x1e72B0xf1e
0x1e74	0x1e72B0x10af
0x1e74	0x1e72B0x27f
0x1e74	0x1e72B0x16adB0x66b
0x1e74	0x1e72B0x1d4eB0x143aB0x5fb
0x1edf	0x1eddB0x34c
0x1edf	0x1eddB0x5ed
0x1ef5	0x1ef3B0x34c
0x1ef5	0x1ef3B0x5ed
0x1f20	0x1f1eB0x34c
0x1f20	0x1f1eB0x5ed
0x200c	0x200aB0x3c8
0x2030	0x202eB0x3c8
0x20d8	0x20d6B0x63d
0x2109	0x2107B0x65c
0x211f	0x211dB0x65c
0x76e	0x761B0x214
0x76e	0x761B0xb40
0x771	0x761B0x214
0x771	0x761B0xb40
0x77c	0x761B0x214
0x77c	0x761B0xb40
0x78d	0x761B0x214
0x78d	0x761B0xb40
0x19a8	0x199dB0xbd0
0x19a8	0x199dB0x12f9
0x19ac	0x199dB0xbd0
0x19ac	0x199dB0x12f9
0x19e0	0x199dB0xbd0
0x19e0	0x199dB0x12f9
0x19e6	0x199dB0xbd0
0x19e6	0x199dB0x12f9
0x19fe	0x199dB0xbd0
0x19fe	0x199dB0x12f9
0x1a2f	0x1a22B0xbd0
0x1a2f	0x1a22B0x12f9
0x1a32	0x1a22B0xbd0
0x1a32	0x1a22B0x12f9
0x1a3d	0x1a22B0xbd0
0x1a3d	0x1a22B0x12f9
0x1a4e	0x1a22B0xbd0
0x1a4e	0x1a22B0x12f9
0x735	0x735B0x214
0x735	0x735B0xb40
0x690	0x68fB0x1f1
0x690	0x68fB0x808
0x690	0x68fB0x89c
0x690	0x68fB0xb1a
0x690	0x68fB0xbaa
0x690	0x68fB0xd2a
0x690	0x68fB0x1068
0x690	0x68fB0x12e5
0x690	0x68fB0x153d
0x690	0x68fB0x15d3
0x690	0x68fB0x1667B0x66b
0x690	0x68fB0x1414B0x5fb
0x693	0x68fB0x1f1
0x693	0x68fB0x808
0x693	0x68fB0x89c
0x693	0x68fB0xb1a
0x693	0x68fB0xbaa
0x693	0x68fB0xd2a
0x693	0x68fB0x1068
0x693	0x68fB0x12e5
0x693	0x68fB0x153d
0x693	0x68fB0x15d3
0x693	0x68fB0x1667B0x66b
0x693	0x68fB0x1414B0x5fb
0x694	0x68fB0x1f1
0x694	0x68fB0x808
0x694	0x68fB0x89c
0x694	0x68fB0xb1a
0x694	0x68fB0xbaa
0x694	0x68fB0xd2a
0x694	0x68fB0x1068
0x694	0x68fB0x12e5
0x694	0x68fB0x153d
0x694	0x68fB0x15d3
0x694	0x68fB0x1667B0x66b
0x694	0x68fB0x1414B0x5fb
0x697	0x68fB0x1f1
0x697	0x68fB0x808
0x697	0x68fB0x89c
0x697	0x68fB0xb1a
0x697	0x68fB0xbaa
0x697	0x68fB0xd2a
0x697	0x68fB0x1068
0x697	0x68fB0x12e5
0x697	0x68fB0x153d
0x697	0x68fB0x15d3
0x697	0x68fB0x1667B0x66b
0x697	0x68fB0x1414B0x5fb
0x69a	0x68fB0x1f1
0x69a	0x68fB0x808
0x69a	0x68fB0x89c
0x69a	0x68fB0xb1a
0x69a	0x68fB0xbaa
0x69a	0x68fB0xd2a
0x69a	0x68fB0x1068
0x69a	0x68fB0x12e5
0x69a	0x68fB0x153d
0x69a	0x68fB0x15d3
0x69a	0x68fB0x1667B0x66b
0x69a	0x68fB0x1414B0x5fb
0x69c	0x68fB0x1f1
0x69c	0x68fB0x808
0x69c	0x68fB0x89c
0x69c	0x68fB0xb1a
0x69c	0x68fB0xbaa
0x69c	0x68fB0xd2a
0x69c	0x68fB0x1068
0x69c	0x68fB0x12e5
0x69c	0x68fB0x153d
0x69c	0x68fB0x15d3
0x69c	0x68fB0x1667B0x66b
0x69c	0x68fB0x1414B0x5fb
0x69e	0x68fB0x1f1
0x69e	0x68fB0x808
0x69e	0x68fB0x89c
0x69e	0x68fB0xb1a
0x69e	0x68fB0xbaa
0x69e	0x68fB0xd2a
0x69e	0x68fB0x1068
0x69e	0x68fB0x12e5
0x69e	0x68fB0x153d
0x69e	0x68fB0x15d3
0x69e	0x68fB0x1667B0x66b
0x69e	0x68fB0x1414B0x5fb
0x6a0	0x68fB0x1f1
0x6a0	0x68fB0x808
0x6a0	0x68fB0x89c
0x6a0	0x68fB0xb1a
0x6a0	0x68fB0xbaa
0x6a0	0x68fB0xd2a
0x6a0	0x68fB0x1068
0x6a0	0x68fB0x12e5
0x6a0	0x68fB0x153d
0x6a0	0x68fB0x15d3
0x6a0	0x68fB0x1667B0x66b
0x6a0	0x68fB0x1414B0x5fb
0x6a1	0x68fB0x1f1
0x6a1	0x68fB0x808
0x6a1	0x68fB0x89c
0x6a1	0x68fB0xb1a
0x6a1	0x68fB0xbaa
0x6a1	0x68fB0xd2a
0x6a1	0x68fB0x1068
0x6a1	0x68fB0x12e5
0x6a1	0x68fB0x153d
0x6a1	0x68fB0x15d3
0x6a1	0x68fB0x1667B0x66b
0x6a1	0x68fB0x1414B0x5fb
0x6a4	0x68fB0x1f1
0x6a4	0x68fB0x808
0x6a4	0x68fB0x89c
0x6a4	0x68fB0xb1a
0x6a4	0x68fB0xbaa
0x6a4	0x68fB0xd2a
0x6a4	0x68fB0x1068
0x6a4	0x68fB0x12e5
0x6a4	0x68fB0x153d
0x6a4	0x68fB0x15d3
0x6a4	0x68fB0x1667B0x66b
0x6a4	0x68fB0x1414B0x5fb
0x6aa	0x68fB0x1f1
0x6aa	0x68fB0x808
0x6aa	0x68fB0x89c
0x6aa	0x68fB0xb1a
0x6aa	0x68fB0xbaa
0x6aa	0x68fB0xd2a
0x6aa	0x68fB0x1068
0x6aa	0x68fB0x12e5
0x6aa	0x68fB0x153d
0x6aa	0x68fB0x15d3
0x6aa	0x68fB0x1667B0x66b
0x6aa	0x68fB0x1414B0x5fb
0x6ab	0x68fB0x1f1
0x6ab	0x68fB0x808
0x6ab	0x68fB0x89c
0x6ab	0x68fB0xb1a
0x6ab	0x68fB0xbaa
0x6ab	0x68fB0xd2a
0x6ab	0x68fB0x1068
0x6ab	0x68fB0x12e5
0x6ab	0x68fB0x153d
0x6ab	0x68fB0x15d3
0x6ab	0x68fB0x1667B0x66b
0x6ab	0x68fB0x1414B0x5fb
0x6ae	0x68fB0x1f1
0x6ae	0x68fB0x808
0x6ae	0x68fB0x89c
0x6ae	0x68fB0xb1a
0x6ae	0x68fB0xbaa
0x6ae	0x68fB0xd2a
0x6ae	0x68fB0x1068
0x6ae	0x68fB0x12e5
0x6ae	0x68fB0x153d
0x6ae	0x68fB0x15d3
0x6ae	0x68fB0x1667B0x66b
0x6ae	0x68fB0x1414B0x5fb
0x6b5	0x68fB0x1f1
0x6b5	0x68fB0x808
0x6b5	0x68fB0x89c
0x6b5	0x68fB0xb1a
0x6b5	0x68fB0xbaa
0x6b5	0x68fB0xd2a
0x6b5	0x68fB0x1068
0x6b5	0x68fB0x12e5
0x6b5	0x68fB0x153d
0x6b5	0x68fB0x15d3
0x6b5	0x68fB0x1667B0x66b
0x6b5	0x68fB0x1414B0x5fb
0x6b8	0x68fB0x1f1
0x6b8	0x68fB0x808
0x6b8	0x68fB0x89c
0x6b8	0x68fB0xb1a
0x6b8	0x68fB0xbaa
0x6b8	0x68fB0xd2a
0x6b8	0x68fB0x1068
0x6b8	0x68fB0x12e5
0x6b8	0x68fB0x153d
0x6b8	0x68fB0x15d3
0x6b8	0x68fB0x1667B0x66b
0x6b8	0x68fB0x1414B0x5fb
0x6bc	0x68fB0x1f1
0x6bc	0x68fB0x808
0x6bc	0x68fB0x89c
0x6bc	0x68fB0xb1a
0x6bc	0x68fB0xbaa
0x6bc	0x68fB0xd2a
0x6bc	0x68fB0x1068
0x6bc	0x68fB0x12e5
0x6bc	0x68fB0x153d
0x6bc	0x68fB0x15d3
0x6bc	0x68fB0x1667B0x66b
0x6bc	0x68fB0x1414B0x5fb
0x6bf	0x68fB0x1f1
0x6bf	0x68fB0x808
0x6bf	0x68fB0x89c
0x6bf	0x68fB0xb1a
0x6bf	0x68fB0xbaa
0x6bf	0x68fB0xd2a
0x6bf	0x68fB0x1068
0x6bf	0x68fB0x12e5
0x6bf	0x68fB0x153d
0x6bf	0x68fB0x15d3
0x6bf	0x68fB0x1667B0x66b
0x6bf	0x68fB0x1414B0x5fb
0x6c3	0x68fB0x1f1
0x6c3	0x68fB0x808
0x6c3	0x68fB0x89c
0x6c3	0x68fB0xb1a
0x6c3	0x68fB0xbaa
0x6c3	0x68fB0xd2a
0x6c3	0x68fB0x1068
0x6c3	0x68fB0x12e5
0x6c3	0x68fB0x153d
0x6c3	0x68fB0x15d3
0x6c3	0x68fB0x1667B0x66b
0x6c3	0x68fB0x1414B0x5fb
0x6c5	0x68fB0x1f1
0x6c5	0x68fB0x808
0x6c5	0x68fB0x89c
0x6c5	0x68fB0xb1a
0x6c5	0x68fB0xbaa
0x6c5	0x68fB0xd2a
0x6c5	0x68fB0x1068
0x6c5	0x68fB0x12e5
0x6c5	0x68fB0x153d
0x6c5	0x68fB0x15d3
0x6c5	0x68fB0x1667B0x66b
0x6c5	0x68fB0x1414B0x5fb
0x6c7	0x68fB0x1f1
0x6c7	0x68fB0x808
0x6c7	0x68fB0x89c
0x6c7	0x68fB0xb1a
0x6c7	0x68fB0xbaa
0x6c7	0x68fB0xd2a
0x6c7	0x68fB0x1068
0x6c7	0x68fB0x12e5
0x6c7	0x68fB0x153d
0x6c7	0x68fB0x15d3
0x6c7	0x68fB0x1667B0x66b
0x6c7	0x68fB0x1414B0x5fb
0x6c9	0x68fB0x1f1
0x6c9	0x68fB0x808
0x6c9	0x68fB0x89c
0x6c9	0x68fB0xb1a
0x6c9	0x68fB0xbaa
0x6c9	0x68fB0xd2a
0x6c9	0x68fB0x1068
0x6c9	0x68fB0x12e5
0x6c9	0x68fB0x153d
0x6c9	0x68fB0x15d3
0x6c9	0x68fB0x1667B0x66b
0x6c9	0x68fB0x1414B0x5fb
0x6ca	0x68fB0x1f1
0x6ca	0x68fB0x808
0x6ca	0x68fB0x89c
0x6ca	0x68fB0xb1a
0x6ca	0x68fB0xbaa
0x6ca	0x68fB0xd2a
0x6ca	0x68fB0x1068
0x6ca	0x68fB0x12e5
0x6ca	0x68fB0x153d
0x6ca	0x68fB0x15d3
0x6ca	0x68fB0x1667B0x66b
0x6ca	0x68fB0x1414B0x5fb
0x6cb	0x68fB0x1f1
0x6cb	0x68fB0x808
0x6cb	0x68fB0x89c
0x6cb	0x68fB0xb1a
0x6cb	0x68fB0xbaa
0x6cb	0x68fB0xd2a
0x6cb	0x68fB0x1068
0x6cb	0x68fB0x12e5
0x6cb	0x68fB0x153d
0x6cb	0x68fB0x15d3
0x6cb	0x68fB0x1667B0x66b
0x6cb	0x68fB0x1414B0x5fb
0x6cd	0x68fB0x1f1
0x6cd	0x68fB0x808
0x6cd	0x68fB0x89c
0x6cd	0x68fB0xb1a
0x6cd	0x68fB0xbaa
0x6cd	0x68fB0xd2a
0x6cd	0x68fB0x1068
0x6cd	0x68fB0x12e5
0x6cd	0x68fB0x153d
0x6cd	0x68fB0x15d3
0x6cd	0x68fB0x1667B0x66b
0x6cd	0x68fB0x1414B0x5fb
0x6ce	0x68fB0x1f1
0x6ce	0x68fB0x808
0x6ce	0x68fB0x89c
0x6ce	0x68fB0xb1a
0x6ce	0x68fB0xbaa
0x6ce	0x68fB0xd2a
0x6ce	0x68fB0x1068
0x6ce	0x68fB0x12e5
0x6ce	0x68fB0x153d
0x6ce	0x68fB0x15d3
0x6ce	0x68fB0x1667B0x66b
0x6ce	0x68fB0x1414B0x5fb
0x6d1	0x68fB0x1f1
0x6d1	0x68fB0x808
0x6d1	0x68fB0x89c
0x6d1	0x68fB0xb1a
0x6d1	0x68fB0xbaa
0x6d1	0x68fB0xd2a
0x6d1	0x68fB0x1068
0x6d1	0x68fB0x12e5
0x6d1	0x68fB0x153d
0x6d1	0x68fB0x15d3
0x6d1	0x68fB0x1667B0x66b
0x6d1	0x68fB0x1414B0x5fb
0x6d3	0x68fB0x1f1
0x6d3	0x68fB0x808
0x6d3	0x68fB0x89c
0x6d3	0x68fB0xb1a
0x6d3	0x68fB0xbaa
0x6d3	0x68fB0xd2a
0x6d3	0x68fB0x1068
0x6d3	0x68fB0x12e5
0x6d3	0x68fB0x153d
0x6d3	0x68fB0x15d3
0x6d3	0x68fB0x1667B0x66b
0x6d3	0x68fB0x1414B0x5fb
0x6d4	0x68fB0x1f1
0x6d4	0x68fB0x808
0x6d4	0x68fB0x89c
0x6d4	0x68fB0xb1a
0x6d4	0x68fB0xbaa
0x6d4	0x68fB0xd2a
0x6d4	0x68fB0x1068
0x6d4	0x68fB0x12e5
0x6d4	0x68fB0x153d
0x6d4	0x68fB0x15d3
0x6d4	0x68fB0x1667B0x66b
0x6d4	0x68fB0x1414B0x5fb
0x6d8	0x68fB0x1f1
0x6d8	0x68fB0x808
0x6d8	0x68fB0x89c
0x6d8	0x68fB0xb1a
0x6d8	0x68fB0xbaa
0x6d8	0x68fB0xd2a
0x6d8	0x68fB0x1068
0x6d8	0x68fB0x12e5
0x6d8	0x68fB0x153d
0x6d8	0x68fB0x15d3
0x6d8	0x68fB0x1667B0x66b
0x6d8	0x68fB0x1414B0x5fb
0x6dc	0x68fB0x1f1
0x6dc	0x68fB0x808
0x6dc	0x68fB0x89c
0x6dc	0x68fB0xb1a
0x6dc	0x68fB0xbaa
0x6dc	0x68fB0xd2a
0x6dc	0x68fB0x1068
0x6dc	0x68fB0x12e5
0x6dc	0x68fB0x153d
0x6dc	0x68fB0x15d3
0x6dc	0x68fB0x1667B0x66b
0x6dc	0x68fB0x1414B0x5fb
0x6df	0x68fB0x1f1
0x6df	0x68fB0x808
0x6df	0x68fB0x89c
0x6df	0x68fB0xb1a
0x6df	0x68fB0xbaa
0x6df	0x68fB0xd2a
0x6df	0x68fB0x1068
0x6df	0x68fB0x12e5
0x6df	0x68fB0x153d
0x6df	0x68fB0x15d3
0x6df	0x68fB0x1667B0x66b
0x6df	0x68fB0x1414B0x5fb
0x6e0	0x68fB0x1f1
0x6e0	0x68fB0x808
0x6e0	0x68fB0x89c
0x6e0	0x68fB0xb1a
0x6e0	0x68fB0xbaa
0x6e0	0x68fB0xd2a
0x6e0	0x68fB0x1068
0x6e0	0x68fB0x12e5
0x6e0	0x68fB0x153d
0x6e0	0x68fB0x15d3
0x6e0	0x68fB0x1667B0x66b
0x6e0	0x68fB0x1414B0x5fb
0x6e2	0x68fB0x1f1
0x6e2	0x68fB0x808
0x6e2	0x68fB0x89c
0x6e2	0x68fB0xb1a
0x6e2	0x68fB0xbaa
0x6e2	0x68fB0xd2a
0x6e2	0x68fB0x1068
0x6e2	0x68fB0x12e5
0x6e2	0x68fB0x153d
0x6e2	0x68fB0x15d3
0x6e2	0x68fB0x1667B0x66b
0x6e2	0x68fB0x1414B0x5fb
0x6e4	0x68fB0x1f1
0x6e4	0x68fB0x808
0x6e4	0x68fB0x89c
0x6e4	0x68fB0xb1a
0x6e4	0x68fB0xbaa
0x6e4	0x68fB0xd2a
0x6e4	0x68fB0x1068
0x6e4	0x68fB0x12e5
0x6e4	0x68fB0x153d
0x6e4	0x68fB0x15d3
0x6e4	0x68fB0x1667B0x66b
0x6e4	0x68fB0x1414B0x5fb
0x6e6	0x68fB0x1f1
0x6e6	0x68fB0x808
0x6e6	0x68fB0x89c
0x6e6	0x68fB0xb1a
0x6e6	0x68fB0xbaa
0x6e6	0x68fB0xd2a
0x6e6	0x68fB0x1068
0x6e6	0x68fB0x12e5
0x6e6	0x68fB0x153d
0x6e6	0x68fB0x15d3
0x6e6	0x68fB0x1667B0x66b
0x6e6	0x68fB0x1414B0x5fb
0x6e7	0x68fB0x1f1
0x6e7	0x68fB0x808
0x6e7	0x68fB0x89c
0x6e7	0x68fB0xb1a
0x6e7	0x68fB0xbaa
0x6e7	0x68fB0xd2a
0x6e7	0x68fB0x1068
0x6e7	0x68fB0x12e5
0x6e7	0x68fB0x153d
0x6e7	0x68fB0x15d3
0x6e7	0x68fB0x1667B0x66b
0x6e7	0x68fB0x1414B0x5fb
0x6e8	0x68fB0x1f1
0x6e8	0x68fB0x808
0x6e8	0x68fB0x89c
0x6e8	0x68fB0xb1a
0x6e8	0x68fB0xbaa
0x6e8	0x68fB0xd2a
0x6e8	0x68fB0x1068
0x6e8	0x68fB0x12e5
0x6e8	0x68fB0x153d
0x6e8	0x68fB0x15d3
0x6e8	0x68fB0x1667B0x66b
0x6e8	0x68fB0x1414B0x5fb
0x6eb	0x68fB0x1f1
0x6eb	0x68fB0x808
0x6eb	0x68fB0x89c
0x6eb	0x68fB0xb1a
0x6eb	0x68fB0xbaa
0x6eb	0x68fB0xd2a
0x6eb	0x68fB0x1068
0x6eb	0x68fB0x12e5
0x6eb	0x68fB0x153d
0x6eb	0x68fB0x15d3
0x6eb	0x68fB0x1667B0x66b
0x6eb	0x68fB0x1414B0x5fb
0x6ee	0x68fB0x1f1
0x6ee	0x68fB0x808
0x6ee	0x68fB0x89c
0x6ee	0x68fB0xb1a
0x6ee	0x68fB0xbaa
0x6ee	0x68fB0xd2a
0x6ee	0x68fB0x1068
0x6ee	0x68fB0x12e5
0x6ee	0x68fB0x153d
0x6ee	0x68fB0x15d3
0x6ee	0x68fB0x1667B0x66b
0x6ee	0x68fB0x1414B0x5fb
0x6f1	0x68fB0x1f1
0x6f1	0x68fB0x808
0x6f1	0x68fB0x89c
0x6f1	0x68fB0xb1a
0x6f1	0x68fB0xbaa
0x6f1	0x68fB0xd2a
0x6f1	0x68fB0x1068
0x6f1	0x68fB0x12e5
0x6f1	0x68fB0x153d
0x6f1	0x68fB0x15d3
0x6f1	0x68fB0x1667B0x66b
0x6f1	0x68fB0x1414B0x5fb
0x6f4	0x68fB0x1f1
0x6f4	0x68fB0x808
0x6f4	0x68fB0x89c
0x6f4	0x68fB0xb1a
0x6f4	0x68fB0xbaa
0x6f4	0x68fB0xd2a
0x6f4	0x68fB0x1068
0x6f4	0x68fB0x12e5
0x6f4	0x68fB0x153d
0x6f4	0x68fB0x15d3
0x6f4	0x68fB0x1667B0x66b
0x6f4	0x68fB0x1414B0x5fb
0x6f6	0x68fB0x1f1
0x6f6	0x68fB0x808
0x6f6	0x68fB0x89c
0x6f6	0x68fB0xb1a
0x6f6	0x68fB0xbaa
0x6f6	0x68fB0xd2a
0x6f6	0x68fB0x1068
0x6f6	0x68fB0x12e5
0x6f6	0x68fB0x153d
0x6f6	0x68fB0x15d3
0x6f6	0x68fB0x1667B0x66b
0x6f6	0x68fB0x1414B0x5fb
0x6f9	0x68fB0x1f1
0x6f9	0x68fB0x808
0x6f9	0x68fB0x89c
0x6f9	0x68fB0xb1a
0x6f9	0x68fB0xbaa
0x6f9	0x68fB0xd2a
0x6f9	0x68fB0x1068
0x6f9	0x68fB0x12e5
0x6f9	0x68fB0x153d
0x6f9	0x68fB0x15d3
0x6f9	0x68fB0x1667B0x66b
0x6f9	0x68fB0x1414B0x5fb
0x6fd	0x68fB0x1f1
0x6fd	0x68fB0x808
0x6fd	0x68fB0x89c
0x6fd	0x68fB0xb1a
0x6fd	0x68fB0xbaa
0x6fd	0x68fB0xd2a
0x6fd	0x68fB0x1068
0x6fd	0x68fB0x12e5
0x6fd	0x68fB0x153d
0x6fd	0x68fB0x15d3
0x6fd	0x68fB0x1667B0x66b
0x6fd	0x68fB0x1414B0x5fb
0x700	0x68fB0x1f1
0x700	0x68fB0x808
0x700	0x68fB0x89c
0x700	0x68fB0xb1a
0x700	0x68fB0xbaa
0x700	0x68fB0xd2a
0x700	0x68fB0x1068
0x700	0x68fB0x12e5
0x700	0x68fB0x153d
0x700	0x68fB0x15d3
0x700	0x68fB0x1667B0x66b
0x700	0x68fB0x1414B0x5fb
0x703	0x68fB0x1f1
0x703	0x68fB0x808
0x703	0x68fB0x89c
0x703	0x68fB0xb1a
0x703	0x68fB0xbaa
0x703	0x68fB0xd2a
0x703	0x68fB0x1068
0x703	0x68fB0x12e5
0x703	0x68fB0x153d
0x703	0x68fB0x15d3
0x703	0x68fB0x1667B0x66b
0x703	0x68fB0x1414B0x5fb
0x706	0x68fB0x1f1
0x706	0x68fB0x808
0x706	0x68fB0x89c
0x706	0x68fB0xb1a
0x706	0x68fB0xbaa
0x706	0x68fB0xd2a
0x706	0x68fB0x1068
0x706	0x68fB0x12e5
0x706	0x68fB0x153d
0x706	0x68fB0x15d3
0x706	0x68fB0x1667B0x66b
0x706	0x68fB0x1414B0x5fb
0x70a	0x68fB0x1f1
0x70a	0x68fB0x808
0x70a	0x68fB0x89c
0x70a	0x68fB0xb1a
0x70a	0x68fB0xbaa
0x70a	0x68fB0xd2a
0x70a	0x68fB0x1068
0x70a	0x68fB0x12e5
0x70a	0x68fB0x153d
0x70a	0x68fB0x15d3
0x70a	0x68fB0x1667B0x66b
0x70a	0x68fB0x1414B0x5fb
0x710	0x68fB0x1f1
0x710	0x68fB0x808
0x710	0x68fB0x89c
0x710	0x68fB0xb1a
0x710	0x68fB0xbaa
0x710	0x68fB0xd2a
0x710	0x68fB0x1068
0x710	0x68fB0x12e5
0x710	0x68fB0x153d
0x710	0x68fB0x15d3
0x710	0x68fB0x1667B0x66b
0x710	0x68fB0x1414B0x5fb
0x713	0x68fB0x1f1
0x713	0x68fB0x808
0x713	0x68fB0x89c
0x713	0x68fB0xb1a
0x713	0x68fB0xbaa
0x713	0x68fB0xd2a
0x713	0x68fB0x1068
0x713	0x68fB0x12e5
0x713	0x68fB0x153d
0x713	0x68fB0x15d3
0x713	0x68fB0x1667B0x66b
0x713	0x68fB0x1414B0x5fb
0x714	0x68fB0x1f1
0x714	0x68fB0x808
0x714	0x68fB0x89c
0x714	0x68fB0xb1a
0x714	0x68fB0xbaa
0x714	0x68fB0xd2a
0x714	0x68fB0x1068
0x714	0x68fB0x12e5
0x714	0x68fB0x153d
0x714	0x68fB0x15d3
0x714	0x68fB0x1667B0x66b
0x714	0x68fB0x1414B0x5fb
0x719	0x68fB0x1f1
0x719	0x68fB0x808
0x719	0x68fB0x89c
0x719	0x68fB0xb1a
0x719	0x68fB0xbaa
0x719	0x68fB0xd2a
0x719	0x68fB0x1068
0x719	0x68fB0x12e5
0x719	0x68fB0x153d
0x719	0x68fB0x15d3
0x719	0x68fB0x1667B0x66b
0x719	0x68fB0x1414B0x5fb
0x71a	0x68fB0x1f1
0x71a	0x68fB0x808
0x71a	0x68fB0x89c
0x71a	0x68fB0xb1a
0x71a	0x68fB0xbaa
0x71a	0x68fB0xd2a
0x71a	0x68fB0x1068
0x71a	0x68fB0x12e5
0x71a	0x68fB0x153d
0x71a	0x68fB0x15d3
0x71a	0x68fB0x1667B0x66b
0x71a	0x68fB0x1414B0x5fb
0x71b	0x68fB0x1f1
0x71b	0x68fB0x808
0x71b	0x68fB0x89c
0x71b	0x68fB0xb1a
0x71b	0x68fB0xbaa
0x71b	0x68fB0xd2a
0x71b	0x68fB0x1068
0x71b	0x68fB0x12e5
0x71b	0x68fB0x153d
0x71b	0x68fB0x15d3
0x71b	0x68fB0x1667B0x66b
0x71b	0x68fB0x1414B0x5fb
0x720	0x68fB0x1f1
0x720	0x68fB0x808
0x720	0x68fB0x89c
0x720	0x68fB0xb1a
0x720	0x68fB0xbaa
0x720	0x68fB0xd2a
0x720	0x68fB0x1068
0x720	0x68fB0x12e5
0x720	0x68fB0x153d
0x720	0x68fB0x15d3
0x720	0x68fB0x1667B0x66b
0x720	0x68fB0x1414B0x5fb
0x724	0x68fB0x1f1
0x724	0x68fB0x808
0x724	0x68fB0x89c
0x724	0x68fB0xb1a
0x724	0x68fB0xbaa
0x724	0x68fB0xd2a
0x724	0x68fB0x1068
0x724	0x68fB0x12e5
0x724	0x68fB0x153d
0x724	0x68fB0x15d3
0x724	0x68fB0x1667B0x66b
0x724	0x68fB0x1414B0x5fb
0x727	0x68fB0x1f1
0x727	0x68fB0x808
0x727	0x68fB0x89c
0x727	0x68fB0xb1a
0x727	0x68fB0xbaa
0x727	0x68fB0xd2a
0x727	0x68fB0x1068
0x727	0x68fB0x12e5
0x727	0x68fB0x153d
0x727	0x68fB0x15d3
0x727	0x68fB0x1667B0x66b
0x727	0x68fB0x1414B0x5fb
0x1e4c	0x1e4aB0x205c
0x1e4c	0x1e4aB0x1e75B0x29d
0x1e4c	0x1e4aB0x1e75B0x2db
0x1e4c	0x1e4aB0x1e75B0x316
0x1e4c	0x1e4aB0x1e75B0x397
0x1e4c	0x1e4aB0x200dB0x3c8
0x1e4c	0x1e4aB0x1e75B0x537
0x1e4c	0x1e4aB0x1e75B0x556
0x1e4c	0x1e4aB0x1e75B0x60b
0x1e4c	0x1e4aB0x20d9B0x63d
0x1e4c	0x1e4aB0x20e2B0x63d
0x1e4c	0x1e4aB0x1e75B0x67b
0x1e4c	0x1e4aB0x1e75B0xe21
0x1e4c	0x1e4aB0x1e75B0xf1e
0x1e4c	0x1e4aB0x1e75B0x10af
0x1e4c	0x1e4aB0x1e75B0x27f
0x1e4c	0x1e4aB0x1e75B0x16adB0x66b
0x1e4c	0x1e4aB0x1e75B0x1d4eB0x143aB0x5fb
0x1e4d	0x1e4aB0x205c
0x1e4d	0x1e4aB0x1e75B0x29d
0x1e4d	0x1e4aB0x1e75B0x2db
0x1e4d	0x1e4aB0x1e75B0x316
0x1e4d	0x1e4aB0x1e75B0x397
0x1e4d	0x1e4aB0x200dB0x3c8
0x1e4d	0x1e4aB0x1e75B0x537
0x1e4d	0x1e4aB0x1e75B0x556
0x1e4d	0x1e4aB0x1e75B0x60b
0x1e4d	0x1e4aB0x20d9B0x63d
0x1e4d	0x1e4aB0x20e2B0x63d
0x1e4d	0x1e4aB0x1e75B0x67b
0x1e4d	0x1e4aB0x1e75B0xe21
0x1e4d	0x1e4aB0x1e75B0xf1e
0x1e4d	0x1e4aB0x1e75B0x10af
0x1e4d	0x1e4aB0x1e75B0x27f
0x1e4d	0x1e4aB0x1e75B0x16adB0x66b
0x1e4d	0x1e4aB0x1e75B0x1d4eB0x143aB0x5fb
0x1e4f	0x1e4aB0x205c
0x1e4f	0x1e4aB0x1e75B0x29d
0x1e4f	0x1e4aB0x1e75B0x2db
0x1e4f	0x1e4aB0x1e75B0x316
0x1e4f	0x1e4aB0x1e75B0x397
0x1e4f	0x1e4aB0x200dB0x3c8
0x1e4f	0x1e4aB0x1e75B0x537
0x1e4f	0x1e4aB0x1e75B0x556
0x1e4f	0x1e4aB0x1e75B0x60b
0x1e4f	0x1e4aB0x20d9B0x63d
0x1e4f	0x1e4aB0x20e2B0x63d
0x1e4f	0x1e4aB0x1e75B0x67b
0x1e4f	0x1e4aB0x1e75B0xe21
0x1e4f	0x1e4aB0x1e75B0xf1e
0x1e4f	0x1e4aB0x1e75B0x10af
0x1e4f	0x1e4aB0x1e75B0x27f
0x1e4f	0x1e4aB0x1e75B0x16adB0x66b
0x1e4f	0x1e4aB0x1e75B0x1d4eB0x143aB0x5fb
0x1e51	0x1e4aB0x205c
0x1e51	0x1e4aB0x1e75B0x29d
0x1e51	0x1e4aB0x1e75B0x2db
0x1e51	0x1e4aB0x1e75B0x316
0x1e51	0x1e4aB0x1e75B0x397
0x1e51	0x1e4aB0x200dB0x3c8
0x1e51	0x1e4aB0x1e75B0x537
0x1e51	0x1e4aB0x1e75B0x556
0x1e51	0x1e4aB0x1e75B0x60b
0x1e51	0x1e4aB0x20d9B0x63d
0x1e51	0x1e4aB0x20e2B0x63d
0x1e51	0x1e4aB0x1e75B0x67b
0x1e51	0x1e4aB0x1e75B0xe21
0x1e51	0x1e4aB0x1e75B0xf1e
0x1e51	0x1e4aB0x1e75B0x10af
0x1e51	0x1e4aB0x1e75B0x27f
0x1e51	0x1e4aB0x1e75B0x16adB0x66b
0x1e51	0x1e4aB0x1e75B0x1d4eB0x143aB0x5fb
0x1e53	0x1e4aB0x205c
0x1e53	0x1e4aB0x1e75B0x29d
0x1e53	0x1e4aB0x1e75B0x2db
0x1e53	0x1e4aB0x1e75B0x316
0x1e53	0x1e4aB0x1e75B0x397
0x1e53	0x1e4aB0x200dB0x3c8
0x1e53	0x1e4aB0x1e75B0x537
0x1e53	0x1e4aB0x1e75B0x556
0x1e53	0x1e4aB0x1e75B0x60b
0x1e53	0x1e4aB0x20d9B0x63d
0x1e53	0x1e4aB0x20e2B0x63d
0x1e53	0x1e4aB0x1e75B0x67b
0x1e53	0x1e4aB0x1e75B0xe21
0x1e53	0x1e4aB0x1e75B0xf1e
0x1e53	0x1e4aB0x1e75B0x10af
0x1e53	0x1e4aB0x1e75B0x27f
0x1e53	0x1e4aB0x1e75B0x16adB0x66b
0x1e53	0x1e4aB0x1e75B0x1d4eB0x143aB0x5fb
0x1e54	0x1e4aB0x205c
0x1e54	0x1e4aB0x1e75B0x29d
0x1e54	0x1e4aB0x1e75B0x2db
0x1e54	0x1e4aB0x1e75B0x316
0x1e54	0x1e4aB0x1e75B0x397
0x1e54	0x1e4aB0x200dB0x3c8
0x1e54	0x1e4aB0x1e75B0x537
0x1e54	0x1e4aB0x1e75B0x556
0x1e54	0x1e4aB0x1e75B0x60b
0x1e54	0x1e4aB0x20d9B0x63d
0x1e54	0x1e4aB0x20e2B0x63d
0x1e54	0x1e4aB0x1e75B0x67b
0x1e54	0x1e4aB0x1e75B0xe21
0x1e54	0x1e4aB0x1e75B0xf1e
0x1e54	0x1e4aB0x1e75B0x10af
0x1e54	0x1e4aB0x1e75B0x27f
0x1e54	0x1e4aB0x1e75B0x16adB0x66b
0x1e54	0x1e4aB0x1e75B0x1d4eB0x143aB0x5fb
0x1e56	0x1e4aB0x205c
0x1e56	0x1e4aB0x1e75B0x29d
0x1e56	0x1e4aB0x1e75B0x2db
0x1e56	0x1e4aB0x1e75B0x316
0x1e56	0x1e4aB0x1e75B0x397
0x1e56	0x1e4aB0x200dB0x3c8
0x1e56	0x1e4aB0x1e75B0x537
0x1e56	0x1e4aB0x1e75B0x556
0x1e56	0x1e4aB0x1e75B0x60b
0x1e56	0x1e4aB0x20d9B0x63d
0x1e56	0x1e4aB0x20e2B0x63d
0x1e56	0x1e4aB0x1e75B0x67b
0x1e56	0x1e4aB0x1e75B0xe21
0x1e56	0x1e4aB0x1e75B0xf1e
0x1e56	0x1e4aB0x1e75B0x10af
0x1e56	0x1e4aB0x1e75B0x27f
0x1e56	0x1e4aB0x1e75B0x16adB0x66b
0x1e56	0x1e4aB0x1e75B0x1d4eB0x143aB0x5fb
0x1e58	0x1e4aB0x205c
0x1e58	0x1e4aB0x1e75B0x29d
0x1e58	0x1e4aB0x1e75B0x2db
0x1e58	0x1e4aB0x1e75B0x316
0x1e58	0x1e4aB0x1e75B0x397
0x1e58	0x1e4aB0x200dB0x3c8
0x1e58	0x1e4aB0x1e75B0x537
0x1e58	0x1e4aB0x1e75B0x556
0x1e58	0x1e4aB0x1e75B0x60b
0x1e58	0x1e4aB0x20d9B0x63d
0x1e58	0x1e4aB0x20e2B0x63d
0x1e58	0x1e4aB0x1e75B0x67b
0x1e58	0x1e4aB0x1e75B0xe21
0x1e58	0x1e4aB0x1e75B0xf1e
0x1e58	0x1e4aB0x1e75B0x10af
0x1e58	0x1e4aB0x1e75B0x27f
0x1e58	0x1e4aB0x1e75B0x16adB0x66b
0x1e58	0x1e4aB0x1e75B0x1d4eB0x143aB0x5fb
0x1e59	0x1e4aB0x205c
0x1e59	0x1e4aB0x1e75B0x29d
0x1e59	0x1e4aB0x1e75B0x2db
0x1e59	0x1e4aB0x1e75B0x316
0x1e59	0x1e4aB0x1e75B0x397
0x1e59	0x1e4aB0x200dB0x3c8
0x1e59	0x1e4aB0x1e75B0x537
0x1e59	0x1e4aB0x1e75B0x556
0x1e59	0x1e4aB0x1e75B0x60b
0x1e59	0x1e4aB0x20d9B0x63d
0x1e59	0x1e4aB0x20e2B0x63d
0x1e59	0x1e4aB0x1e75B0x67b
0x1e59	0x1e4aB0x1e75B0xe21
0x1e59	0x1e4aB0x1e75B0xf1e
0x1e59	0x1e4aB0x1e75B0x10af
0x1e59	0x1e4aB0x1e75B0x27f
0x1e59	0x1e4aB0x1e75B0x16adB0x66b
0x1e59	0x1e4aB0x1e75B0x1d4eB0x143aB0x5fb
0x1e5d	0x1e5dB0x205c
0x1e5d	0x1e5dB0x1e75B0x29d
0x1e5d	0x1e5dB0x1e75B0x2db
0x1e5d	0x1e5dB0x1e75B0x316
0x1e5d	0x1e5dB0x1e75B0x397
0x1e5d	0x1e5dB0x200dB0x3c8
0x1e5d	0x1e5dB0x1e75B0x537
0x1e5d	0x1e5dB0x1e75B0x556
0x1e5d	0x1e5dB0x1e75B0x60b
0x1e5d	0x1e5dB0x20d9B0x63d
0x1e5d	0x1e5dB0x20e2B0x63d
0x1e5d	0x1e5dB0x1e75B0x67b
0x1e5d	0x1e5dB0x1e75B0xe21
0x1e5d	0x1e5dB0x1e75B0xf1e
0x1e5d	0x1e5dB0x1e75B0x10af
0x1e5d	0x1e5dB0x1e75B0x27f
0x1e5d	0x1e5dB0x1e75B0x16adB0x66b
0x1e5d	0x1e5dB0x1e75B0x1d4eB0x143aB0x5fb
0x1e5e	0x1e5dB0x205c
0x1e5e	0x1e5dB0x1e75B0x29d
0x1e5e	0x1e5dB0x1e75B0x2db
0x1e5e	0x1e5dB0x1e75B0x316
0x1e5e	0x1e5dB0x1e75B0x397
0x1e5e	0x1e5dB0x200dB0x3c8
0x1e5e	0x1e5dB0x1e75B0x537
0x1e5e	0x1e5dB0x1e75B0x556
0x1e5e	0x1e5dB0x1e75B0x60b
0x1e5e	0x1e5dB0x20d9B0x63d
0x1e5e	0x1e5dB0x20e2B0x63d
0x1e5e	0x1e5dB0x1e75B0x67b
0x1e5e	0x1e5dB0x1e75B0xe21
0x1e5e	0x1e5dB0x1e75B0xf1e
0x1e5e	0x1e5dB0x1e75B0x10af
0x1e5e	0x1e5dB0x1e75B0x27f
0x1e5e	0x1e5dB0x1e75B0x16adB0x66b
0x1e5e	0x1e5dB0x1e75B0x1d4eB0x143aB0x5fb
0x1e86	0x1e85B0x2031B0x3c8
0x1e86	0x1e85B0x2120B0x65c
0x1e86	0x1e85B0x1ef6B0x34c
0x1e86	0x1e85B0x1f21B0x34c
0x1e86	0x1e85B0x1ef6B0x5ed
0x1e86	0x1e85B0x1f21B0x5ed
0x1e87	0x1e85B0x2031B0x3c8
0x1e87	0x1e85B0x2120B0x65c
0x1e87	0x1e85B0x1ef6B0x34c
0x1e87	0x1e85B0x1f21B0x34c
0x1e87	0x1e85B0x1ef6B0x5ed
0x1e87	0x1e85B0x1f21B0x5ed
0x1e89	0x1e85B0x2031B0x3c8
0x1e89	0x1e85B0x2120B0x65c
0x1e89	0x1e85B0x1ef6B0x34c
0x1e89	0x1e85B0x1f21B0x34c
0x1e89	0x1e85B0x1ef6B0x5ed
0x1e89	0x1e85B0x1f21B0x5ed
0x1e8c	0x1e85B0x2031B0x3c8
0x1e8c	0x1e85B0x2120B0x65c
0x1e8c	0x1e85B0x1ef6B0x34c
0x1e8c	0x1e85B0x1f21B0x34c
0x1e8c	0x1e85B0x1ef6B0x5ed
0x1e8c	0x1e85B0x1f21B0x5ed
0x1e8d	0x1e85B0x2031B0x3c8
0x1e8d	0x1e85B0x2120B0x65c
0x1e8d	0x1e85B0x1ef6B0x34c
0x1e8d	0x1e85B0x1f21B0x34c
0x1e8d	0x1e85B0x1ef6B0x5ed
0x1e8d	0x1e85B0x1f21B0x5ed
0x1e8e	0x1e85B0x2031B0x3c8
0x1e8e	0x1e85B0x2120B0x65c
0x1e8e	0x1e85B0x1ef6B0x34c
0x1e8e	0x1e85B0x1f21B0x34c
0x1e8e	0x1e85B0x1ef6B0x5ed
0x1e8e	0x1e85B0x1f21B0x5ed
0x1e92	0x1e92B0x2031B0x3c8
0x1e92	0x1e92B0x2120B0x65c
0x1e92	0x1e92B0x1ef6B0x34c
0x1e92	0x1e92B0x1f21B0x34c
0x1e92	0x1e92B0x1ef6B0x5ed
0x1e92	0x1e92B0x1f21B0x5ed
0x1e93	0x1e92B0x2031B0x3c8
0x1e93	0x1e92B0x2120B0x65c
0x1e93	0x1e92B0x1ef6B0x34c
0x1e93	0x1e92B0x1f21B0x34c
0x1e93	0x1e92B0x1ef6B0x5ed
0x1e93	0x1e92B0x1f21B0x5ed
0x1e98	0x1e95B0x2031B0x3c8
0x1e98	0x1e95B0x2120B0x65c
0x1e98	0x1e95B0x1ef6B0x34c
0x1e98	0x1e95B0x1f21B0x34c
0x1e98	0x1e95B0x1ef6B0x5ed
0x1e98	0x1e95B0x1f21B0x5ed
0x1e99	0x1e95B0x2031B0x3c8
0x1e99	0x1e95B0x2120B0x65c
0x1e99	0x1e95B0x1ef6B0x34c
0x1e99	0x1e95B0x1f21B0x34c
0x1e99	0x1e95B0x1ef6B0x5ed
0x1e99	0x1e95B0x1f21B0x5ed
0x1ea3	0x1e95B0x2031B0x3c8
0x1ea3	0x1e95B0x2120B0x65c
0x1ea3	0x1e95B0x1ef6B0x34c
0x1ea3	0x1e95B0x1f21B0x34c
0x1ea3	0x1e95B0x1ef6B0x5ed
0x1ea3	0x1e95B0x1f21B0x5ed
0x1ea4	0x1e95B0x2031B0x3c8
0x1ea4	0x1e95B0x2120B0x65c
0x1ea4	0x1e95B0x1ef6B0x34c
0x1ea4	0x1e95B0x1f21B0x34c
0x1ea4	0x1e95B0x1ef6B0x5ed
0x1ea4	0x1e95B0x1f21B0x5ed
0x1ea5	0x1e95B0x2031B0x3c8
0x1ea5	0x1e95B0x2120B0x65c
0x1ea5	0x1e95B0x1ef6B0x34c
0x1ea5	0x1e95B0x1f21B0x34c
0x1ea5	0x1e95B0x1ef6B0x5ed
0x1ea5	0x1e95B0x1f21B0x5ed
0x1ea9	0x1ea9B0x2031B0x3c8
0x1ea9	0x1ea9B0x2120B0x65c
0x1ea9	0x1ea9B0x1ef6B0x34c
0x1ea9	0x1ea9B0x1f21B0x34c
0x1ea9	0x1ea9B0x1ef6B0x5ed
0x1ea9	0x1ea9B0x1f21B0x5ed
0x1eaa	0x1ea9B0x2031B0x3c8
0x1eaa	0x1ea9B0x2120B0x65c
0x1eaa	0x1ea9B0x1ef6B0x34c
0x1eaa	0x1ea9B0x1f21B0x34c
0x1eaa	0x1ea9B0x1ef6B0x5ed
0x1eaa	0x1ea9B0x1f21B0x5ed
0x1ead	0x1eacB0x2031B0x3c8
0x1ead	0x1eacB0x2120B0x65c
0x1ead	0x1eacB0x1ef6B0x34c
0x1ead	0x1eacB0x1f21B0x34c
0x1ead	0x1eacB0x1ef6B0x5ed
0x1ead	0x1eacB0x1f21B0x5ed
0x1eb0	0x1eacB0x2031B0x3c8
0x1eb0	0x1eacB0x2120B0x65c
0x1eb0	0x1eacB0x1ef6B0x34c
0x1eb0	0x1eacB0x1f21B0x34c
0x1eb0	0x1eacB0x1ef6B0x5ed
0x1eb0	0x1eacB0x1f21B0x5ed
0x1eb4	0x1eacB0x2031B0x3c8
0x1eb4	0x1eacB0x2120B0x65c
0x1eb4	0x1eacB0x1ef6B0x34c
0x1eb4	0x1eacB0x1f21B0x34c
0x1eb4	0x1eacB0x1ef6B0x5ed
0x1eb4	0x1eacB0x1f21B0x5ed
0x1eb7	0x1eacB0x2031B0x3c8
0x1eb7	0x1eacB0x2120B0x65c
0x1eb7	0x1eacB0x1ef6B0x34c
0x1eb7	0x1eacB0x1f21B0x34c
0x1eb7	0x1eacB0x1ef6B0x5ed
0x1eb7	0x1eacB0x1f21B0x5ed
0x1eb9	0x1eacB0x2031B0x3c8
0x1eb9	0x1eacB0x2120B0x65c
0x1eb9	0x1eacB0x1ef6B0x34c
0x1eb9	0x1eacB0x1f21B0x34c
0x1eb9	0x1eacB0x1ef6B0x5ed
0x1eb9	0x1eacB0x1f21B0x5ed
0x1ebb	0x1eacB0x2031B0x3c8
0x1ebb	0x1eacB0x2120B0x65c
0x1ebb	0x1eacB0x1ef6B0x34c
0x1ebb	0x1eacB0x1f21B0x34c
0x1ebb	0x1eacB0x1ef6B0x5ed
0x1ebb	0x1eacB0x1f21B0x5ed
0x1ebc	0x1eacB0x2031B0x3c8
0x1ebc	0x1eacB0x2120B0x65c
0x1ebc	0x1eacB0x1ef6B0x34c
0x1ebc	0x1eacB0x1f21B0x34c
0x1ebc	0x1eacB0x1ef6B0x5ed
0x1ebc	0x1eacB0x1f21B0x5ed
0x1ebd	0x1eacB0x2031B0x3c8
0x1ebd	0x1eacB0x2120B0x65c
0x1ebd	0x1eacB0x1ef6B0x34c
0x1ebd	0x1eacB0x1f21B0x34c
0x1ebd	0x1eacB0x1ef6B0x5ed
0x1ebd	0x1eacB0x1f21B0x5ed
0x1ebe	0x1eacB0x2031B0x3c8
0x1ebe	0x1eacB0x2120B0x65c
0x1ebe	0x1eacB0x1ef6B0x34c
0x1ebe	0x1eacB0x1f21B0x34c
0x1ebe	0x1eacB0x1ef6B0x5ed
0x1ebe	0x1eacB0x1f21B0x5ed
0x1ebf	0x1eacB0x2031B0x3c8
0x1ebf	0x1eacB0x2120B0x65c
0x1ebf	0x1eacB0x1ef6B0x34c
0x1ebf	0x1eacB0x1f21B0x34c
0x1ebf	0x1eacB0x1ef6B0x5ed
0x1ebf	0x1eacB0x1f21B0x5ed
0x1ec3	0x1ec3B0x2031B0x3c8
0x1ec3	0x1ec3B0x2120B0x65c
0x1ec3	0x1ec3B0x1ef6B0x34c
0x1ec3	0x1ec3B0x1f21B0x34c
0x1ec3	0x1ec3B0x1ef6B0x5ed
0x1ec3	0x1ec3B0x1f21B0x5ed
0x1ec4	0x1ec3B0x2031B0x3c8
0x1ec4	0x1ec3B0x2120B0x65c
0x1ec4	0x1ec3B0x1ef6B0x34c
0x1ec4	0x1ec3B0x1f21B0x34c
0x1ec4	0x1ec3B0x1ef6B0x5ed
0x1ec4	0x1ec3B0x1f21B0x5ed
0x1f3a	0x1f39B0x35f
0x1f40	0x1f39B0x35f
0x1f43	0x1f39B0x35f
0x1f47	0x1f39B0x35f
0x1f49	0x1f39B0x35f
0x1f4c	0x1f39B0x35f
0x1f4e	0x1f39B0x35f
0x1f51	0x1f39B0x35f
0x1f57	0x1f54B0x35f
0x1f58	0x1f54B0x35f
0x1f59	0x1f54B0x35f
0x1f5e	0x1f5dB0x35f
0x1f5f	0x1f5dB0x35f
0x1f60	0x1f5dB0x35f
0x1f63	0x1f5dB0x35f
0x1f67	0x1f5dB0x35f
0x1f6b	0x1f5dB0x35f
0x1f6d	0x1f5dB0x35f
0x1f6f	0x1f5dB0x35f
0x1f70	0x1f5dB0x35f
0x1f79	0x1f74B0x35f
0x1f7a	0x1f74B0x35f
0x1f7d	0x1f74B0x35f
0x1f83	0x1f74B0x35f
0x1f87	0x1f74B0x35f
0x1f8a	0x1f74B0x35f
0x1f8d	0x1f74B0x35f
0x1f90	0x1f74B0x35f
0x1f92	0x1f74B0x35f
0x1f94	0x1f74B0x35f
0x1f95	0x1f74B0x35f
0x1f96	0x1f74B0x35f
0x1f99	0x1f74B0x35f
0x1f9a	0x1f74B0x35f
0x1f9e	0x1f9bB0x35f
0x1f9f	0x1f9bB0x35f
0x1fa0	0x1f9bB0x35f
0x1fa4	0x1fa4B0x35f
0x1fa6	0x1fa4B0x35f
0x1fa9	0x1fa4B0x35f
0x1faa	0x1fa4B0x35f
0x1fae	0x1fa4B0x35f
0x1fb0	0x1fa4B0x35f
0x1fb5	0x1fa4B0x35f
0x1fb8	0x1fa4B0x35f
0x1fb9	0x1fa4B0x35f
0x1fbc	0x1fa4B0x35f
0x1fbe	0x1fa4B0x35f
0x1fbf	0x1fa4B0x35f
0x1fc3	0x1fa4B0x35f
0x1fc4	0x1fa4B0x35f
0x1fc6	0x1fa4B0x35f
0x1fc8	0x1fa4B0x35f
0x1fca	0x1fa4B0x35f
0x1fcb	0x1fa4B0x35f
0x1fce	0x1fa4B0x35f
0x1fcf	0x1fa4B0x35f
0x1fd1	0x1fa4B0x35f
0x1fd2	0x1fa4B0x35f
0x1fd7	0x1fa4B0x35f
0x1fda	0x1fa4B0x35f
0x1fdd	0x1fa4B0x35f
0x1fe0	0x1fa4B0x35f
0x1fe3	0x1fa4B0x35f
0x1fe6	0x1fa4B0x35f
0x1fe9	0x1fa4B0x35f
0x2139	0x2138B0x180a
0x2139	0x2138B0x1b71
0x2139	0x2138B0x1905
0x2139	0x2138B0x1c7f
0x2139	0x2138B0x737B0x214
0x2139	0x2138B0x737B0xb40
0x2139	0x2138B0x198fB0xbd0
0x2139	0x2138B0x1a04B0xbd0
0x2139	0x2138B0x198fB0x12f9
0x2139	0x2138B0x1a04B0x12f9
0x214c	0x2138B0x180a
0x214c	0x2138B0x1b71
0x214c	0x2138B0x1905
0x214c	0x2138B0x1c7f
0x214c	0x2138B0x737B0x214
0x214c	0x2138B0x737B0xb40
0x214c	0x2138B0x198fB0xbd0
0x214c	0x2138B0x1a04B0xbd0
0x214c	0x2138B0x198fB0x12f9
0x214c	0x2138B0x1a04B0x12f9
0x214e	0x2138B0x180a
0x214e	0x2138B0x1b71
0x214e	0x2138B0x1905
0x214e	0x2138B0x1c7f
0x214e	0x2138B0x737B0x214
0x214e	0x2138B0x737B0xb40
0x214e	0x2138B0x198fB0xbd0
0x214e	0x2138B0x1a04B0xbd0
0x214e	0x2138B0x198fB0x12f9
0x214e	0x2138B0x1a04B0x12f9
0x2151	0x2138B0x180a
0x2151	0x2138B0x1b71
0x2151	0x2138B0x1905
0x2151	0x2138B0x1c7f
0x2151	0x2138B0x737B0x214
0x2151	0x2138B0x737B0xb40
0x2151	0x2138B0x198fB0xbd0
0x2151	0x2138B0x1a04B0xbd0
0x2151	0x2138B0x198fB0x12f9
0x2151	0x2138B0x1a04B0x12f9
0x2153	0x2138B0x180a
0x2153	0x2138B0x1b71
0x2153	0x2138B0x1905
0x2153	0x2138B0x1c7f
0x2153	0x2138B0x737B0x214
0x2153	0x2138B0x737B0xb40
0x2153	0x2138B0x198fB0xbd0
0x2153	0x2138B0x1a04B0xbd0
0x2153	0x2138B0x198fB0x12f9
0x2153	0x2138B0x1a04B0x12f9
0x2157	0x2156B0x967
0x2157	0x2156B0x17dc
0x2157	0x2156B0x1ac4
0x2157	0x2156B0x1b31
0x2157	0x2156B0xc28B0x325
0x2158	0x2156B0x967
0x2158	0x2156B0x17dc
0x2158	0x2156B0x1ac4
0x2158	0x2156B0x1b31
0x2158	0x2156B0xc28B0x325
0x215c	0x2156B0x967
0x215c	0x2156B0x17dc
0x215c	0x2156B0x1ac4
0x215c	0x2156B0x1b31
0x215c	0x2156B0xc28B0x325
0x215d	0x2156B0x967
0x215d	0x2156B0x17dc
0x215d	0x2156B0x1ac4
0x215d	0x2156B0x1b31
0x215d	0x2156B0xc28B0x325
0x215e	0x2156B0x967
0x215e	0x2156B0x17dc
0x215e	0x2156B0x1ac4
0x215e	0x2156B0x1b31
0x215e	0x2156B0xc28B0x325
0x215f	0x2156B0x967
0x215f	0x2156B0x17dc
0x215f	0x2156B0x1ac4
0x215f	0x2156B0x1b31
0x215f	0x2156B0xc28B0x325
0x2163	0x2163B0x967
0x2163	0x2163B0x17dc
0x2163	0x2163B0x1ac4
0x2163	0x2163B0x1b31
0x2163	0x2163B0xc28B0x325
0x2164	0x2163B0x967
0x2164	0x2163B0x17dc
0x2164	0x2163B0x1ac4
0x2164	0x2163B0x1b31
0x2164	0x2163B0xc28B0x325
0x2168	0x2166B0x967
0x2168	0x2166B0x17dc
0x2168	0x2166B0x1ac4
0x2168	0x2166B0x1b31
0x2168	0x2166B0xc28B0x325
0x216e	0x216dB0xa1c
0x216e	0x216dB0x18e1
0x216e	0x216dB0x1c5b
0x216f	0x216dB0xa1c
0x216f	0x216dB0x18e1
0x216f	0x216dB0x1c5b
0x2173	0x216dB0xa1c
0x2173	0x216dB0x18e1
0x2173	0x216dB0x1c5b
0x2174	0x216dB0xa1c
0x2174	0x216dB0x18e1
0x2174	0x216dB0x1c5b
0x2175	0x216dB0xa1c
0x2175	0x216dB0x18e1
0x2175	0x216dB0x1c5b
0x2176	0x216dB0xa1c
0x2176	0x216dB0x18e1
0x2176	0x216dB0x1c5b
0x217a	0x217aB0xa1c
0x217a	0x217aB0x18e1
0x217a	0x217aB0x1c5b
0x217b	0x217aB0xa1c
0x217b	0x217aB0x18e1
0x217b	0x217aB0x1c5b
0x217f	0x217dB0xa1c
0x217f	0x217dB0x18e1
0x217f	0x217dB0x1c5b
0x2181	0x217dB0xa1c
0x2181	0x217dB0x18e1
0x2181	0x217dB0x1c5b
0x2182	0x217dB0xa1c
0x2182	0x217dB0x18e1
0x2182	0x217dB0x1c5b
0x2184	0x217dB0xa1c
0x2184	0x217dB0x18e1
0x2184	0x217dB0x1c5b
0x2185	0x217dB0xa1c
0x2185	0x217dB0x18e1
0x2185	0x217dB0x1c5b
0x2189	0x2189B0xa1c
0x2189	0x2189B0x18e1
0x2189	0x2189B0x1c5b
0x218a	0x2189B0xa1c
0x218a	0x2189B0x18e1
0x218a	0x2189B0x1c5b
0x21b5	0x21b4B0xe51
0x21b5	0x21b4B0xf6f
0x21b5	0x21b4B0x1d75B0x143aB0x5fb
0x21b6	0x21b4B0xe51
0x21b6	0x21b4B0xf6f
0x21b6	0x21b4B0x1d75B0x143aB0x5fb
0x21b8	0x21b4B0xe51
0x21b8	0x21b4B0xf6f
0x21b8	0x21b4B0x1d75B0x143aB0x5fb
0x21b9	0x21b4B0xe51
0x21b9	0x21b4B0xf6f
0x21b9	0x21b4B0x1d75B0x143aB0x5fb
0x21bb	0x21b4B0xe51
0x21bb	0x21b4B0xf6f
0x21bb	0x21b4B0x1d75B0x143aB0x5fb
0x21bd	0x21b4B0xe51
0x21bd	0x21b4B0xf6f
0x21bd	0x21b4B0x1d75B0x143aB0x5fb
0x21be	0x21b4B0xe51
0x21be	0x21b4B0xf6f
0x21be	0x21b4B0x1d75B0x143aB0x5fb
0x21bf	0x21b4B0xe51
0x21bf	0x21b4B0xf6f
0x21bf	0x21b4B0x1d75B0x143aB0x5fb
0x21c1	0x21b4B0xe51
0x21c1	0x21b4B0xf6f
0x21c1	0x21b4B0x1d75B0x143aB0x5fb
0x21c2	0x21b4B0xe51
0x21c2	0x21b4B0xf6f
0x21c2	0x21b4B0x1d75B0x143aB0x5fb
0x21c6	0x21c6B0xe51
0x21c6	0x21c6B0xf6f
0x21c6	0x21c6B0x1d75B0x143aB0x5fb
0x21c7	0x21c6B0xe51
0x21c7	0x21c6B0xf6f
0x21c7	0x21c6B0x1d75B0x143aB0x5fb
0x21cb	0x21c9B0xe51
0x21cb	0x21c9B0xf6f
0x21cb	0x21c9B0x1d75B0x143aB0x5fb
0x21cd	0x21c9B0xe51
0x21cd	0x21c9B0xf6f
0x21cd	0x21c9B0x1d75B0x143aB0x5fb
0x21d0	0x21c9B0xe51
0x21d0	0x21c9B0xf6f
0x21d0	0x21c9B0x1d75B0x143aB0x5fb
0x21da	0x21c9B0xe51
0x21da	0x21c9B0xf6f
0x21da	0x21c9B0x1d75B0x143aB0x5fb
0x21db	0x21c9B0xe51
0x21db	0x21c9B0xf6f
0x21db	0x21c9B0x1d75B0x143aB0x5fb
0x21dc	0x21c9B0xe51
0x21dc	0x21c9B0xf6f
0x21dc	0x21c9B0x1d75B0x143aB0x5fb
0x21e0	0x21e0B0xe51
0x21e0	0x21e0B0xf6f
0x21e0	0x21e0B0x1d75B0x143aB0x5fb
0x21e1	0x21e0B0xe51
0x21e1	0x21e0B0xf6f
0x21e1	0x21e0B0x1d75B0x143aB0x5fb
0x21e4	0x21e3B0xe51
0x21e4	0x21e3B0xf6f
0x21e4	0x21e3B0x1d75B0x143aB0x5fb
0x21e6	0x21e3B0xe51
0x21e6	0x21e3B0xf6f
0x21e6	0x21e3B0x1d75B0x143aB0x5fb
0x21e9	0x21e3B0xe51
0x21e9	0x21e3B0xf6f
0x21e9	0x21e3B0x1d75B0x143aB0x5fb
0x21ec	0x21e3B0xe51
0x21ec	0x21e3B0xf6f
0x21ec	0x21e3B0x1d75B0x143aB0x5fb
0x21ee	0x21e3B0xe51
0x21ee	0x21e3B0xf6f
0x21ee	0x21e3B0x1d75B0x143aB0x5fb
0x21ef	0x21e3B0xe51
0x21ef	0x21e3B0xf6f
0x21ef	0x21e3B0x1d75B0x143aB0x5fb
0x21f0	0x21e3B0xe51
0x21f0	0x21e3B0xf6f
0x21f0	0x21e3B0x1d75B0x143aB0x5fb
0x21f4	0x21f4B0xe51
0x21f4	0x21f4B0xf6f
0x21f4	0x21f4B0x1d75B0x143aB0x5fb
0x21f5	0x21f4B0xe51
0x21f5	0x21f4B0xf6f
0x21f5	0x21f4B0x1d75B0x143aB0x5fb
0x21fc	0x21f7B0xe63
0x21fc	0x21f7B0x1d9cB0x1563
0x21fc	0x21f7B0x1d9c0x1d0eB0x143aB0x5fb
0x21fe	0x21f7B0xe63
0x21fe	0x21f7B0x1d9cB0x1563
0x21fe	0x21f7B0x1d9c0x1d0eB0x143aB0x5fb
0x2207	0x2206B0xf81
0x2207	0x2206B0x1e090x1d9cB0x1563
0x2207	0x2206B0x1e090x1d0eB0x143aB0x5fb
0x220c	0x2206B0xf81
0x220c	0x2206B0x1e090x1d9cB0x1563
0x220c	0x2206B0x1e090x1d0eB0x143aB0x5fb
0x220f	0x2206B0xf81
0x220f	0x2206B0x1e090x1d9cB0x1563
0x220f	0x2206B0x1e090x1d0eB0x143aB0x5fb
0x2213	0x2206B0xf81
0x2213	0x2206B0x1e090x1d9cB0x1563
0x2213	0x2206B0x1e090x1d0eB0x143aB0x5fb
0x2216	0x2206B0xf81
0x2216	0x2206B0x1e090x1d9cB0x1563
0x2216	0x2206B0x1e090x1d0eB0x143aB0x5fb
0x2218	0x2206B0xf81
0x2218	0x2206B0x1e090x1d9cB0x1563
0x2218	0x2206B0x1e090x1d0eB0x143aB0x5fb
0x221b	0x2206B0xf81
0x221b	0x2206B0x1e090x1d9cB0x1563
0x221b	0x2206B0x1e090x1d0eB0x143aB0x5fb
0x221c	0x2206B0xf81
0x221c	0x2206B0x1e090x1d9cB0x1563
0x221c	0x2206B0x1e090x1d0eB0x143aB0x5fb
0x2220	0x2206B0xf81
0x2220	0x2206B0x1e090x1d9cB0x1563
0x2220	0x2206B0x1e090x1d0eB0x143aB0x5fb
0x2225	0x2206B0xf81
0x2225	0x2206B0x1e090x1d9cB0x1563
0x2225	0x2206B0x1e090x1d0eB0x143aB0x5fb
0x2229	0x2206B0xf81
0x2229	0x2206B0x1e090x1d9cB0x1563
0x2229	0x2206B0x1e090x1d0eB0x143aB0x5fb
0x222a	0x2206B0xf81
0x222a	0x2206B0x1e090x1d9cB0x1563
0x222a	0x2206B0x1e090x1d0eB0x143aB0x5fb
0x222c	0x2206B0xf81
0x222c	0x2206B0x1e090x1d9cB0x1563
0x222c	0x2206B0x1e090x1d0eB0x143aB0x5fb
0x222d	0x2206B0xf81
0x222d	0x2206B0x1e090x1d9cB0x1563
0x222d	0x2206B0x1e090x1d0eB0x143aB0x5fb
0x222e	0x2206B0xf81
0x222e	0x2206B0x1e090x1d9cB0x1563
0x222e	0x2206B0x1e090x1d0eB0x143aB0x5fb
0x222f	0x2206B0xf81
0x222f	0x2206B0x1e090x1d9cB0x1563
0x222f	0x2206B0x1e090x1d0eB0x143aB0x5fb
0x1f73	0x1f5dB0x35f
0x1fec	0x1fa4B0x35f
0x1e5c	0x1e4aB0x205c
0x1e5c	0x1e4aB0x1e75B0x29d
0x1e5c	0x1e4aB0x1e75B0x2db
0x1e5c	0x1e4aB0x1e75B0x316
0x1e5c	0x1e4aB0x1e75B0x397
0x1e5c	0x1e4aB0x200dB0x3c8
0x1e5c	0x1e4aB0x1e75B0x537
0x1e5c	0x1e4aB0x1e75B0x556
0x1e5c	0x1e4aB0x1e75B0x60b
0x1e5c	0x1e4aB0x20d9B0x63d
0x1e5c	0x1e4aB0x20e2B0x63d
0x1e5c	0x1e4aB0x1e75B0x67b
0x1e5c	0x1e4aB0x1e75B0xe21
0x1e5c	0x1e4aB0x1e75B0xf1e
0x1e5c	0x1e4aB0x1e75B0x10af
0x1e5c	0x1e4aB0x1e75B0x27f
0x1e5c	0x1e4aB0x1e75B0x16adB0x66b
0x1e5c	0x1e4aB0x1e75B0x1d4eB0x143aB0x5fb
0x1e91	0x1e85B0x2031B0x3c8
0x1e91	0x1e85B0x2120B0x65c
0x1e91	0x1e85B0x1ef6B0x34c
0x1e91	0x1e85B0x1f21B0x34c
0x1e91	0x1e85B0x1ef6B0x5ed
0x1e91	0x1e85B0x1f21B0x5ed
0x1ea8	0x1e95B0x2031B0x3c8
0x1ea8	0x1e95B0x2120B0x65c
0x1ea8	0x1e95B0x1ef6B0x34c
0x1ea8	0x1e95B0x1f21B0x34c
0x1ea8	0x1e95B0x1ef6B0x5ed
0x1ea8	0x1e95B0x1f21B0x5ed
0x1ec2	0x1eacB0x2031B0x3c8
0x1ec2	0x1eacB0x2120B0x65c
0x1ec2	0x1eacB0x1ef6B0x34c
0x1ec2	0x1eacB0x1f21B0x34c
0x1ec2	0x1eacB0x1ef6B0x5ed
0x1ec2	0x1eacB0x1f21B0x5ed
0x1f5c	0x1f54B0x35f
0x1fa3	0x1f9bB0x35f
0x2162	0x2156B0x967
0x2162	0x2156B0x17dc
0x2162	0x2156B0x1ac4
0x2162	0x2156B0x1b31
0x2162	0x2156B0xc28B0x325
0x2179	0x216dB0xa1c
0x2179	0x216dB0x18e1
0x2179	0x216dB0x1c5b
0x2188	0x217dB0xa1c
0x2188	0x217dB0x18e1
0x2188	0x217dB0x1c5b
0x21c5	0x21b4B0xe51
0x21c5	0x21b4B0xf6f
0x21c5	0x21b4B0x1d75B0x143aB0x5fb
0x21df	0x21c9B0xe51
0x21df	0x21c9B0xf6f
0x21df	0x21c9B0x1d75B0x143aB0x5fb
0x21f3	0x21e3B0xe51
0x21f3	0x21e3B0xf6f
0x21f3	0x21e3B0x1d75B0x143aB0x5fb
0x72a	0x68fB0x1f1
0x72a	0x68fB0x808
0x72a	0x68fB0x89c
0x72a	0x68fB0xb1a
0x72a	0x68fB0xbaa
0x72a	0x68fB0xd2a
0x72a	0x68fB0x1068
0x72a	0x68fB0x12e5
0x72a	0x68fB0x153d
0x72a	0x68fB0x15d3
0x72a	0x68fB0x1667B0x66b
0x72a	0x68fB0x1414B0x5fb
0x1e64	0x1e60B0x205c
0x1e64	0x1e60B0x1e75B0x29d
0x1e64	0x1e60B0x1e75B0x2db
0x1e64	0x1e60B0x1e75B0x316
0x1e64	0x1e60B0x1e75B0x397
0x1e64	0x1e60B0x200dB0x3c8
0x1e64	0x1e60B0x1e75B0x537
0x1e64	0x1e60B0x1e75B0x556
0x1e64	0x1e60B0x1e75B0x60b
0x1e64	0x1e60B0x20d9B0x63d
0x1e64	0x1e60B0x20e2B0x63d
0x1e64	0x1e60B0x1e75B0x67b
0x1e64	0x1e60B0x1e75B0xe21
0x1e64	0x1e60B0x1e75B0xf1e
0x1e64	0x1e60B0x1e75B0x10af
0x1e64	0x1e60B0x1e75B0x27f
0x1e64	0x1e60B0x1e75B0x16adB0x66b
0x1e64	0x1e60B0x1e75B0x1d4eB0x143aB0x5fb
0x1ffa	0x1fedB0x35f
0x2155	0x2138B0x180a
0x2155	0x2138B0x1b71
0x2155	0x2138B0x1905
0x2155	0x2138B0x1c7f
0x2155	0x2138B0x737B0x214
0x2155	0x2138B0x737B0xb40
0x2155	0x2138B0x198fB0xbd0
0x2155	0x2138B0x1a04B0xbd0
0x2155	0x2138B0x198fB0x12f9
0x2155	0x2138B0x1a04B0x12f9
0x216c	0x2166B0x967
0x216c	0x2166B0x17dc
0x216c	0x2166B0x1ac4
0x216c	0x2166B0x1b31
0x216c	0x2166B0xc28B0x325
0x2205	0x21f7B0xe63
0x2205	0x21f7B0x1d9cB0x1563
0x2205	0x21f7B0x1d9c0x1d0eB0x143aB0x5fb
0x2233	0x2206B0xf81
0x2233	0x2206B0x1e090x1d9cB0x1563
0x2233	0x2206B0x1e090x1d0eB0x143aB0x5fb
0x933e	0x9338B0x2031B0x3c8
0x933e	0x9338B0x2120B0x65c
0x933e	0x9338B0x1ef6B0x34c
0x933e	0x9338B0x1f21B0x34c
0x933e	0x9338B0x1ef6B0x5ed
0x933e	0x9338B0x1f21B0x5ed
0x9364	0x935eB0xa1c
0x9364	0x935eB0x18e1
0x9364	0x935eB0x1c5b
0x938a	0x9384B0xe51
0x938a	0x9384B0xf6f
0x938a	0x9384B0x1d75B0x143aB0x5fb
0x1e5f	0x1e5dB0x205c
0x1e5f	0x1e5dB0x1e75B0x29d
0x1e5f	0x1e5dB0x1e75B0x2db
0x1e5f	0x1e5dB0x1e75B0x316
0x1e5f	0x1e5dB0x1e75B0x397
0x1e5f	0x1e5dB0x200dB0x3c8
0x1e5f	0x1e5dB0x1e75B0x537
0x1e5f	0x1e5dB0x1e75B0x556
0x1e5f	0x1e5dB0x1e75B0x60b
0x1e5f	0x1e5dB0x20d9B0x63d
0x1e5f	0x1e5dB0x20e2B0x63d
0x1e5f	0x1e5dB0x1e75B0x67b
0x1e5f	0x1e5dB0x1e75B0xe21
0x1e5f	0x1e5dB0x1e75B0xf1e
0x1e5f	0x1e5dB0x1e75B0x10af
0x1e5f	0x1e5dB0x1e75B0x27f
0x1e5f	0x1e5dB0x1e75B0x16adB0x66b
0x1e5f	0x1e5dB0x1e75B0x1d4eB0x143aB0x5fb
0x1e94	0x1e92B0x2031B0x3c8
0x1e94	0x1e92B0x2120B0x65c
0x1e94	0x1e92B0x1ef6B0x34c
0x1e94	0x1e92B0x1f21B0x34c
0x1e94	0x1e92B0x1ef6B0x5ed
0x1e94	0x1e92B0x1f21B0x5ed
0x1eab	0x1ea9B0x2031B0x3c8
0x1eab	0x1ea9B0x2120B0x65c
0x1eab	0x1ea9B0x1ef6B0x34c
0x1eab	0x1ea9B0x1f21B0x34c
0x1eab	0x1ea9B0x1ef6B0x5ed
0x1eab	0x1ea9B0x1f21B0x5ed
0x1ec5	0x1ec3B0x2031B0x3c8
0x1ec5	0x1ec3B0x2120B0x65c
0x1ec5	0x1ec3B0x1ef6B0x34c
0x1ec5	0x1ec3B0x1f21B0x34c
0x1ec5	0x1ec3B0x1ef6B0x5ed
0x1ec5	0x1ec3B0x1f21B0x5ed
0x2165	0x2163B0x967
0x2165	0x2163B0x17dc
0x2165	0x2163B0x1ac4
0x2165	0x2163B0x1b31
0x2165	0x2163B0xc28B0x325
0x217c	0x217aB0xa1c
0x217c	0x217aB0x18e1
0x217c	0x217aB0x1c5b
0x218b	0x2189B0xa1c
0x218b	0x2189B0x18e1
0x218b	0x2189B0x1c5b
0x21c8	0x21c6B0xe51
0x21c8	0x21c6B0xf6f
0x21c8	0x21c6B0x1d75B0x143aB0x5fb
0x21e2	0x21e0B0xe51
0x21e2	0x21e0B0xf6f
0x21e2	0x21e0B0x1d75B0x143aB0x5fb
0x21f6	0x21f4B0xe51
0x21f6	0x21f4B0xf6f
0x21f6	0x21f4B0x1d75B0x143aB0x5fb
0x21fb	0x21f7B0xe63
0x21fb	0x21f7B0x1d9cB0x1563
0x21fb	0x21f7B0x1d9c0x1d0eB0x143aB0x5fb
0x2217	0x2206B0xf81
0x2217	0x2206B0x1e090x1d9cB0x1563
0x2217	0x2206B0x1e090x1d0eB0x143aB0x5fb
0x699	0x68fB0x1f1
0x699	0x68fB0x808
0x699	0x68fB0x89c
0x699	0x68fB0xb1a
0x699	0x68fB0xbaa
0x699	0x68fB0xd2a
0x699	0x68fB0x1068
0x699	0x68fB0x12e5
0x699	0x68fB0x153d
0x699	0x68fB0x15d3
0x699	0x68fB0x1667B0x66b
0x699	0x68fB0x1414B0x5fb
0x6a7	0x68fB0x1f1
0x6a7	0x68fB0x808
0x6a7	0x68fB0x89c
0x6a7	0x68fB0xb1a
0x6a7	0x68fB0xbaa
0x6a7	0x68fB0xd2a
0x6a7	0x68fB0x1068
0x6a7	0x68fB0x12e5
0x6a7	0x68fB0x153d
0x6a7	0x68fB0x15d3
0x6a7	0x68fB0x1667B0x66b
0x6a7	0x68fB0x1414B0x5fb
0x6b1	0x68fB0x1f1
0x6b1	0x68fB0x808
0x6b1	0x68fB0x89c
0x6b1	0x68fB0xb1a
0x6b1	0x68fB0xbaa
0x6b1	0x68fB0xd2a
0x6b1	0x68fB0x1068
0x6b1	0x68fB0x12e5
0x6b1	0x68fB0x153d
0x6b1	0x68fB0x15d3
0x6b1	0x68fB0x1667B0x66b
0x6b1	0x68fB0x1414B0x5fb
0x6bb	0x68fB0x1f1
0x6bb	0x68fB0x808
0x6bb	0x68fB0x89c
0x6bb	0x68fB0xb1a
0x6bb	0x68fB0xbaa
0x6bb	0x68fB0xd2a
0x6bb	0x68fB0x1068
0x6bb	0x68fB0x12e5
0x6bb	0x68fB0x153d
0x6bb	0x68fB0x15d3
0x6bb	0x68fB0x1667B0x66b
0x6bb	0x68fB0x1414B0x5fb
0x6c2	0x68fB0x1f1
0x6c2	0x68fB0x808
0x6c2	0x68fB0x89c
0x6c2	0x68fB0xb1a
0x6c2	0x68fB0xbaa
0x6c2	0x68fB0xd2a
0x6c2	0x68fB0x1068
0x6c2	0x68fB0x12e5
0x6c2	0x68fB0x153d
0x6c2	0x68fB0x15d3
0x6c2	0x68fB0x1667B0x66b
0x6c2	0x68fB0x1414B0x5fb
0x6d2	0x68fB0x1f1
0x6d2	0x68fB0x808
0x6d2	0x68fB0x89c
0x6d2	0x68fB0xb1a
0x6d2	0x68fB0xbaa
0x6d2	0x68fB0xd2a
0x6d2	0x68fB0x1068
0x6d2	0x68fB0x12e5
0x6d2	0x68fB0x153d
0x6d2	0x68fB0x15d3
0x6d2	0x68fB0x1667B0x66b
0x6d2	0x68fB0x1414B0x5fb
0x6db	0x68fB0x1f1
0x6db	0x68fB0x808
0x6db	0x68fB0x89c
0x6db	0x68fB0xb1a
0x6db	0x68fB0xbaa
0x6db	0x68fB0xd2a
0x6db	0x68fB0x1068
0x6db	0x68fB0x12e5
0x6db	0x68fB0x153d
0x6db	0x68fB0x15d3
0x6db	0x68fB0x1667B0x66b
0x6db	0x68fB0x1414B0x5fb
0x1f3e	0x1f39B0x35f
0x1f46	0x1f39B0x35f
0x1f62	0x1f5dB0x35f
0x1f7e	0x1f74B0x35f
0x1f86	0x1f74B0x35f
0x1fac	0x1fa4B0x35f
0x1fb3	0x1fa4B0x35f
0x1fc5	0x1fa4B0x35f
0x2150	0x2138B0x180a
0x2150	0x2138B0x1b71
0x2150	0x2138B0x1905
0x2150	0x2138B0x1c7f
0x2150	0x2138B0x737B0x214
0x2150	0x2138B0x737B0xb40
0x2150	0x2138B0x198fB0xbd0
0x2150	0x2138B0x1a04B0xbd0
0x2150	0x2138B0x198fB0x12f9
0x2150	0x2138B0x1a04B0x12f9
0x2201	0x21f7B0xe63
0x2201	0x21f7B0x1d9cB0x1563
0x2201	0x21f7B0x1d9c0x1d0eB0x143aB0x5fb
0x220a	0x2206B0xf81
0x220a	0x2206B0x1e090x1d9cB0x1563
0x220a	0x2206B0x1e090x1d0eB0x143aB0x5fb
0x2210	0x2206B0xf81
0x2210	0x2206B0x1e090x1d9cB0x1563
0x2210	0x2206B0x1e090x1d0eB0x143aB0x5fb
0x2224	0x2206B0xf81
0x2224	0x2206B0x1e090x1d9cB0x1563
0x2224	0x2206B0x1e090x1d0eB0x143aB0x5fb
0x6f0	0x68fB0x1f1
0x6f0	0x68fB0x808
0x6f0	0x68fB0x89c
0x6f0	0x68fB0xb1a
0x6f0	0x68fB0xbaa
0x6f0	0x68fB0xd2a
0x6f0	0x68fB0x1068
0x6f0	0x68fB0x12e5
0x6f0	0x68fB0x153d
0x6f0	0x68fB0x15d3
0x6f0	0x68fB0x1667B0x66b
0x6f0	0x68fB0x1414B0x5fb
0x6fc	0x68fB0x1f1
0x6fc	0x68fB0x808
0x6fc	0x68fB0x89c
0x6fc	0x68fB0xb1a
0x6fc	0x68fB0xbaa
0x6fc	0x68fB0xd2a
0x6fc	0x68fB0x1068
0x6fc	0x68fB0x12e5
0x6fc	0x68fB0x153d
0x6fc	0x68fB0x15d3
0x6fc	0x68fB0x1667B0x66b
0x6fc	0x68fB0x1414B0x5fb
0x709	0x68fB0x1f1
0x709	0x68fB0x808
0x709	0x68fB0x89c
0x709	0x68fB0xb1a
0x709	0x68fB0xbaa
0x709	0x68fB0xd2a
0x709	0x68fB0x1068
0x709	0x68fB0x12e5
0x709	0x68fB0x153d
0x709	0x68fB0x15d3
0x709	0x68fB0x1667B0x66b
0x709	0x68fB0x1414B0x5fb
0x70f	0x68fB0x1f1
0x70f	0x68fB0x808
0x70f	0x68fB0x89c
0x70f	0x68fB0xb1a
0x70f	0x68fB0xbaa
0x70f	0x68fB0xd2a
0x70f	0x68fB0x1068
0x70f	0x68fB0x12e5
0x70f	0x68fB0x153d
0x70f	0x68fB0x15d3
0x70f	0x68fB0x1667B0x66b
0x70f	0x68fB0x1414B0x5fb
0x726	0x68fB0x1f1
0x726	0x68fB0x808
0x726	0x68fB0x89c
0x726	0x68fB0xb1a
0x726	0x68fB0xbaa
0x726	0x68fB0xd2a
0x726	0x68fB0x1068
0x726	0x68fB0x12e5
0x726	0x68fB0x153d
0x726	0x68fB0x15d3
0x726	0x68fB0x1667B0x66b
0x726	0x68fB0x1414B0x5fb
0x729	0x68fB0x1f1
0x729	0x68fB0x808
0x729	0x68fB0x89c
0x729	0x68fB0xb1a
0x729	0x68fB0xbaa
0x729	0x68fB0xd2a
0x729	0x68fB0x1068
0x729	0x68fB0x12e5
0x729	0x68fB0x153d
0x729	0x68fB0x15d3
0x729	0x68fB0x1667B0x66b
0x729	0x68fB0x1414B0x5fb
0x1fbd	0x1fa4B0x35f
0x1f5d	0x1f5dB0x35f
0x3a	0x33
0x3d	0x33
0x45	0x3e
0x48	0x3e
0x50	0x49
0x53	0x49
0x5b	0x54
0x5e	0x54
0x63	0x62
0x6a	0x62
0x6d	0x62
0x75	0x6e
0x78	0x6e
0x83	0x79
0x88	0x87
0x9a	0x93
0x9d	0x93
0xa5	0x9e
0xb0	0xa9
0xb3	0xa9
0xbb	0xb4
0xbe	0xb4
0xc3	0xc2
0xca	0xc2
0xcd	0xc2
0xd5	0xce
0xd8	0xce
0xe8	0xe7
0x105	0xfe
0x108	0xfe
0x110	0x109
0x113	0x109
0x11b	0x114
0x11e	0x114
0x126	0x11f
0x129	0x11f
0x12e	0x12d
0x135	0x12d
0x138	0x12d
0x140	0x139
0x143	0x139
0x14b	0x144
0x14e	0x144
0x153	0x152
0x15a	0x152
0x15d	0x152
0x165	0x15e
0x168	0x15e
0x170	0x169
0x173	0x169
0x17b	0x174
0x17e	0x174
0x186	0x17f
0x189	0x17f
0x191	0x18a
0x194	0x18a
0x1a5	0x9417
0x1ba	0x1af
0x1c2	0x1af
0x1c3	0x1af
0x1c5	0x1af
0x1cf	0x1c7
0x1e4	0x1d9
0x1ec	0x1d9
0x1ed	0x1d9
0x1ef	0x1d9
0x1f3	0x1f1
0x202	0x1f1
0x207	0x1f1
0x209	0x1f1
0x20b	0x1f1
0x20d	0x1f1
0x20f	0x1f1
0x21e	0x21c
0x227	0x21c
0x230	0x22e
0x23a	0x239
0x240	0x239
0x24d	0x24c0x22e
0x24d	0x24c0x4fa
0x24f	0x24c0x22e
0x24f	0x24c0x4fa
0x250	0x24c0x22e
0x250	0x24c0x4fa
0x252	0x24c0x22e
0x252	0x24c0x4fa
0x254	0x24c0x22e
0x254	0x24c0x4fa
0x256	0x24c0x22e
0x256	0x24c0x4fa
0x257	0x24c0x22e
0x257	0x24c0x4fa
0x258	0x24c0x22e
0x258	0x24c0x4fa
0x259	0x24c0x22e
0x259	0x24c0x4fa
0x25a	0x24c0x22e
0x25a	0x24c0x4fa
0x25b	0x24c0x22e
0x25b	0x24c0x4fa
0x25c	0x24c0x22e
0x25c	0x24c0x4fa
0x25d	0x24c0x22e
0x25d	0x24c0x4fa
0x25f	0x24c0x22e
0x25f	0x24c0x4fa
0x261	0x2600x22e
0x261	0x2600x292
0x261	0x2600x30b
0x261	0x2600x34c
0x261	0x2600x36d
0x261	0x2600x38c
0x261	0x2600x3ab
0x261	0x2600x3dc
0x261	0x2600x4fa
0x261	0x2600x56a
0x263	0x2600x22e
0x263	0x2600x292
0x263	0x2600x30b
0x263	0x2600x34c
0x263	0x2600x36d
0x263	0x2600x38c
0x263	0x2600x3ab
0x263	0x2600x3dc
0x263	0x2600x4fa
0x263	0x2600x56a
0x264	0x2600x22e
0x264	0x2600x292
0x264	0x2600x30b
0x264	0x2600x34c
0x264	0x2600x36d
0x264	0x2600x38c
0x264	0x2600x3ab
0x264	0x2600x3dc
0x264	0x2600x4fa
0x264	0x2600x56a
0x265	0x2600x22e
0x265	0x2600x292
0x265	0x2600x30b
0x265	0x2600x34c
0x265	0x2600x36d
0x265	0x2600x38c
0x265	0x2600x3ab
0x265	0x2600x3dc
0x265	0x2600x4fa
0x265	0x2600x56a
0x266	0x2600x22e
0x266	0x2600x292
0x266	0x2600x30b
0x266	0x2600x34c
0x266	0x2600x36d
0x266	0x2600x38c
0x266	0x2600x3ab
0x266	0x2600x3dc
0x266	0x2600x4fa
0x266	0x2600x56a
0x267	0x2600x22e
0x267	0x2600x292
0x267	0x2600x30b
0x267	0x2600x34c
0x267	0x2600x36d
0x267	0x2600x38c
0x267	0x2600x3ab
0x267	0x2600x3dc
0x267	0x2600x4fa
0x267	0x2600x56a
0x268	0x2600x22e
0x268	0x2600x292
0x268	0x2600x30b
0x268	0x2600x34c
0x268	0x2600x36d
0x268	0x2600x38c
0x268	0x2600x3ab
0x268	0x2600x3dc
0x268	0x2600x4fa
0x268	0x2600x56a
0x26b	0x269
0x275	0x274
0x294	0x292
0x29e	0x29d
0x2b3	0x2ac
0x2b4	0x2ac
0x2b8	0x2ac
0x2be	0x2ac
0x2d2	0x2d0
0x2dc	0x2db
0x2f9	0x2f7
0x303	0x302
0x30d	0x30b
0x317	0x316
0x32b	0x32a0x30b
0x32b	0x32a0x3ab
0x32d	0x32a0x30b
0x32d	0x32a0x3ab
0x32e	0x32a0x30b
0x32e	0x32a0x3ab
0x32f	0x32a0x30b
0x32f	0x32a0x3ab
0x330	0x32a0x30b
0x330	0x32a0x3ab
0x331	0x32a0x30b
0x331	0x32a0x3ab
0x333	0x32a0x30b
0x333	0x32a0x3ab
0x334	0x32a0x30b
0x334	0x32a0x3ab
0x337	0x32a0x30b
0x337	0x32a0x3ab
0x33a	0x338
0x344	0x343
0x366	0x35f
0x367	0x35f
0x368	0x35f
0x36f	0x36d
0x379	0x378
0x37f	0x378
0x385	0x378
0x38e	0x38c
0x398	0x397
0x3ad	0x3ab
0x3b7	0x3b6
0x3bf	0x3bd
0x3c9	0x3c8
0x3de	0x3dc
0x3e8	0x3e7
0x3ee	0x3e7
0x3f2	0x3e7
0x3f4	0x3e7
0x3f7	0x3e7
0x3f8	0x3e7
0x3fc	0x3e7
0x3fe	0x3e7
0x401	0x3e7
0x402	0x3e7
0x404	0x3e7
0x405	0x3e7
0x409	0x3e7
0x40b	0x3e7
0x40c	0x3e7
0x410	0x3e7
0x412	0x3e7
0x413	0x3e7
0x417	0x3e7
0x419	0x3e7
0x41a	0x3e7
0x41b	0x3e7
0x41d	0x3e7
0x420	0x3e7
0x424	0x3e7
0x426	0x3e7
0x433	0x3e7
0x434	0x3e7
0x436	0x3e7
0x43b	0x3e7
0x43f	0x3e7
0x446	0x3e7
0x447	0x3e7
0x449	0x3e7
0x44a	0x3e7
0x44b	0x3e7
0x452	0x3e7
0x467	0x3e7
0x46f	0x3e7
0x472	0x3e7
0x477	0x474
0x479	0x474
0x483	0x474
0x484	0x474
0x486	0x474
0x48a	0x474
0x48b	0x474
0x48e	0x474
0x490	0x474
0x491	0x474
0x494	0x474
0x495	0x474
0x499	0x474
0x49a	0x474
0x49c	0x474
0x49d	0x474
0x49e	0x474
0x4a2	0x474
0x4a3	0x474
0x4a6	0x474
0x4a7	0x474
0x4ac	0x474
0x4ad	0x474
0x4ba	0x474
0x4bb	0x474
0x4c0	0x474
0x4c1	0x474
0x4c4	0x474
0x4c5	0x474
0x4c7	0x474
0x4c8	0x474
0x4c9	0x474
0x4d4	0x4d2
0x4de	0x4dd
0x4e8	0x4e6
0x4f2	0x4f1
0x4fc	0x4fa
0x506	0x505
0x52e	0x52c
0x538	0x537
0x54d	0x54b
0x557	0x556
0x56c	0x56a
0x576	0x575
0x58c	0x575
0x595	0x575
0x596	0x575
0x598	0x575
0x599	0x575
0x59b	0x575
0x59d	0x575
0x59e	0x575
0x5a2	0x575
0x5a8	0x5a5
0x5b2	0x5a5
0x5b3	0x5a5
0x5b5	0x5a5
0x5b7	0x5a5
0x5b8	0x5a5
0x5bc	0x5a5
0x5bf	0x5a5
0x5c0	0x5a5
0x5c1	0x5a5
0x5c3	0x5a5
0x5c4	0x5a5
0x5c6	0x5a5
0x5c7	0x5a5
0x5c8	0x5a5
0x5cc	0x5a5
0x5db	0x5a5
0x5e0	0x5a5
0x5e2	0x5a5
0x5e3	0x5a5
0x5e4	0x5a5
0x602	0x600
0x60c	0x60b
0x634	0x632
0x63e	0x63d
0x653	0x651
0x65d	0x65c
0x672	0x670
0x67c	0x67b
0x692	0x68fB0x1f1
0x692	0x68fB0x808
0x692	0x68fB0x89c
0x692	0x68fB0xb1a
0x692	0x68fB0xbaa
0x692	0x68fB0xd2a
0x692	0x68fB0x1068
0x692	0x68fB0x12e5
0x692	0x68fB0x153d
0x692	0x68fB0x15d3
0x692	0x68fB0x1667B0x66b
0x692	0x68fB0x1414B0x5fb
0x696	0x68fB0x1f1
0x696	0x68fB0x808
0x696	0x68fB0x89c
0x696	0x68fB0xb1a
0x696	0x68fB0xbaa
0x696	0x68fB0xd2a
0x696	0x68fB0x1068
0x696	0x68fB0x12e5
0x696	0x68fB0x153d
0x696	0x68fB0x15d3
0x696	0x68fB0x1667B0x66b
0x696	0x68fB0x1414B0x5fb
0x698	0x68fB0x1f1
0x698	0x68fB0x808
0x698	0x68fB0x89c
0x698	0x68fB0xb1a
0x698	0x68fB0xbaa
0x698	0x68fB0xd2a
0x698	0x68fB0x1068
0x698	0x68fB0x12e5
0x698	0x68fB0x153d
0x698	0x68fB0x15d3
0x698	0x68fB0x1667B0x66b
0x698	0x68fB0x1414B0x5fb
0x6a2	0x68fB0x1f1
0x6a2	0x68fB0x808
0x6a2	0x68fB0x89c
0x6a2	0x68fB0xb1a
0x6a2	0x68fB0xbaa
0x6a2	0x68fB0xd2a
0x6a2	0x68fB0x1068
0x6a2	0x68fB0x12e5
0x6a2	0x68fB0x153d
0x6a2	0x68fB0x15d3
0x6a2	0x68fB0x1667B0x66b
0x6a2	0x68fB0x1414B0x5fb
0x6a3	0x68fB0x1f1
0x6a3	0x68fB0x808
0x6a3	0x68fB0x89c
0x6a3	0x68fB0xb1a
0x6a3	0x68fB0xbaa
0x6a3	0x68fB0xd2a
0x6a3	0x68fB0x1068
0x6a3	0x68fB0x12e5
0x6a3	0x68fB0x153d
0x6a3	0x68fB0x15d3
0x6a3	0x68fB0x1667B0x66b
0x6a3	0x68fB0x1414B0x5fb
0x6a5	0x68fB0x1f1
0x6a5	0x68fB0x808
0x6a5	0x68fB0x89c
0x6a5	0x68fB0xb1a
0x6a5	0x68fB0xbaa
0x6a5	0x68fB0xd2a
0x6a5	0x68fB0x1068
0x6a5	0x68fB0x12e5
0x6a5	0x68fB0x153d
0x6a5	0x68fB0x15d3
0x6a5	0x68fB0x1667B0x66b
0x6a5	0x68fB0x1414B0x5fb
0x6a6	0x68fB0x1f1
0x6a6	0x68fB0x808
0x6a6	0x68fB0x89c
0x6a6	0x68fB0xb1a
0x6a6	0x68fB0xbaa
0x6a6	0x68fB0xd2a
0x6a6	0x68fB0x1068
0x6a6	0x68fB0x12e5
0x6a6	0x68fB0x153d
0x6a6	0x68fB0x15d3
0x6a6	0x68fB0x1667B0x66b
0x6a6	0x68fB0x1414B0x5fb
0x6a8	0x68fB0x1f1
0x6a8	0x68fB0x808
0x6a8	0x68fB0x89c
0x6a8	0x68fB0xb1a
0x6a8	0x68fB0xbaa
0x6a8	0x68fB0xd2a
0x6a8	0x68fB0x1068
0x6a8	0x68fB0x12e5
0x6a8	0x68fB0x153d
0x6a8	0x68fB0x15d3
0x6a8	0x68fB0x1667B0x66b
0x6a8	0x68fB0x1414B0x5fb
0x6a9	0x68fB0x1f1
0x6a9	0x68fB0x808
0x6a9	0x68fB0x89c
0x6a9	0x68fB0xb1a
0x6a9	0x68fB0xbaa
0x6a9	0x68fB0xd2a
0x6a9	0x68fB0x1068
0x6a9	0x68fB0x12e5
0x6a9	0x68fB0x153d
0x6a9	0x68fB0x15d3
0x6a9	0x68fB0x1667B0x66b
0x6a9	0x68fB0x1414B0x5fb
0x6ad	0x68fB0x1f1
0x6ad	0x68fB0x808
0x6ad	0x68fB0x89c
0x6ad	0x68fB0xb1a
0x6ad	0x68fB0xbaa
0x6ad	0x68fB0xd2a
0x6ad	0x68fB0x1068
0x6ad	0x68fB0x12e5
0x6ad	0x68fB0x153d
0x6ad	0x68fB0x15d3
0x6ad	0x68fB0x1667B0x66b
0x6ad	0x68fB0x1414B0x5fb
0x6af	0x68fB0x1f1
0x6af	0x68fB0x808
0x6af	0x68fB0x89c
0x6af	0x68fB0xb1a
0x6af	0x68fB0xbaa
0x6af	0x68fB0xd2a
0x6af	0x68fB0x1068
0x6af	0x68fB0x12e5
0x6af	0x68fB0x153d
0x6af	0x68fB0x15d3
0x6af	0x68fB0x1667B0x66b
0x6af	0x68fB0x1414B0x5fb
0x6b0	0x68fB0x1f1
0x6b0	0x68fB0x808
0x6b0	0x68fB0x89c
0x6b0	0x68fB0xb1a
0x6b0	0x68fB0xbaa
0x6b0	0x68fB0xd2a
0x6b0	0x68fB0x1068
0x6b0	0x68fB0x12e5
0x6b0	0x68fB0x153d
0x6b0	0x68fB0x15d3
0x6b0	0x68fB0x1667B0x66b
0x6b0	0x68fB0x1414B0x5fb
0x6b2	0x68fB0x1f1
0x6b2	0x68fB0x808
0x6b2	0x68fB0x89c
0x6b2	0x68fB0xb1a
0x6b2	0x68fB0xbaa
0x6b2	0x68fB0xd2a
0x6b2	0x68fB0x1068
0x6b2	0x68fB0x12e5
0x6b2	0x68fB0x153d
0x6b2	0x68fB0x15d3
0x6b2	0x68fB0x1667B0x66b
0x6b2	0x68fB0x1414B0x5fb
0x6b3	0x68fB0x1f1
0x6b3	0x68fB0x808
0x6b3	0x68fB0x89c
0x6b3	0x68fB0xb1a
0x6b3	0x68fB0xbaa
0x6b3	0x68fB0xd2a
0x6b3	0x68fB0x1068
0x6b3	0x68fB0x12e5
0x6b3	0x68fB0x153d
0x6b3	0x68fB0x15d3
0x6b3	0x68fB0x1667B0x66b
0x6b3	0x68fB0x1414B0x5fb
0x6b4	0x68fB0x1f1
0x6b4	0x68fB0x808
0x6b4	0x68fB0x89c
0x6b4	0x68fB0xb1a
0x6b4	0x68fB0xbaa
0x6b4	0x68fB0xd2a
0x6b4	0x68fB0x1068
0x6b4	0x68fB0x12e5
0x6b4	0x68fB0x153d
0x6b4	0x68fB0x15d3
0x6b4	0x68fB0x1667B0x66b
0x6b4	0x68fB0x1414B0x5fb
0x6b6	0x68fB0x1f1
0x6b6	0x68fB0x808
0x6b6	0x68fB0x89c
0x6b6	0x68fB0xb1a
0x6b6	0x68fB0xbaa
0x6b6	0x68fB0xd2a
0x6b6	0x68fB0x1068
0x6b6	0x68fB0x12e5
0x6b6	0x68fB0x153d
0x6b6	0x68fB0x15d3
0x6b6	0x68fB0x1667B0x66b
0x6b6	0x68fB0x1414B0x5fb
0x6b7	0x68fB0x1f1
0x6b7	0x68fB0x808
0x6b7	0x68fB0x89c
0x6b7	0x68fB0xb1a
0x6b7	0x68fB0xbaa
0x6b7	0x68fB0xd2a
0x6b7	0x68fB0x1068
0x6b7	0x68fB0x12e5
0x6b7	0x68fB0x153d
0x6b7	0x68fB0x15d3
0x6b7	0x68fB0x1667B0x66b
0x6b7	0x68fB0x1414B0x5fb
0x6b9	0x68fB0x1f1
0x6b9	0x68fB0x808
0x6b9	0x68fB0x89c
0x6b9	0x68fB0xb1a
0x6b9	0x68fB0xbaa
0x6b9	0x68fB0xd2a
0x6b9	0x68fB0x1068
0x6b9	0x68fB0x12e5
0x6b9	0x68fB0x153d
0x6b9	0x68fB0x15d3
0x6b9	0x68fB0x1667B0x66b
0x6b9	0x68fB0x1414B0x5fb
0x6ba	0x68fB0x1f1
0x6ba	0x68fB0x808
0x6ba	0x68fB0x89c
0x6ba	0x68fB0xb1a
0x6ba	0x68fB0xbaa
0x6ba	0x68fB0xd2a
0x6ba	0x68fB0x1068
0x6ba	0x68fB0x12e5
0x6ba	0x68fB0x153d
0x6ba	0x68fB0x15d3
0x6ba	0x68fB0x1667B0x66b
0x6ba	0x68fB0x1414B0x5fb
0x6be	0x68fB0x1f1
0x6be	0x68fB0x808
0x6be	0x68fB0x89c
0x6be	0x68fB0xb1a
0x6be	0x68fB0xbaa
0x6be	0x68fB0xd2a
0x6be	0x68fB0x1068
0x6be	0x68fB0x12e5
0x6be	0x68fB0x153d
0x6be	0x68fB0x15d3
0x6be	0x68fB0x1667B0x66b
0x6be	0x68fB0x1414B0x5fb
0x6c0	0x68fB0x1f1
0x6c0	0x68fB0x808
0x6c0	0x68fB0x89c
0x6c0	0x68fB0xb1a
0x6c0	0x68fB0xbaa
0x6c0	0x68fB0xd2a
0x6c0	0x68fB0x1068
0x6c0	0x68fB0x12e5
0x6c0	0x68fB0x153d
0x6c0	0x68fB0x15d3
0x6c0	0x68fB0x1667B0x66b
0x6c0	0x68fB0x1414B0x5fb
0x6c1	0x68fB0x1f1
0x6c1	0x68fB0x808
0x6c1	0x68fB0x89c
0x6c1	0x68fB0xb1a
0x6c1	0x68fB0xbaa
0x6c1	0x68fB0xd2a
0x6c1	0x68fB0x1068
0x6c1	0x68fB0x12e5
0x6c1	0x68fB0x153d
0x6c1	0x68fB0x15d3
0x6c1	0x68fB0x1667B0x66b
0x6c1	0x68fB0x1414B0x5fb
0x6cc	0x68fB0x1f1
0x6cc	0x68fB0x808
0x6cc	0x68fB0x89c
0x6cc	0x68fB0xb1a
0x6cc	0x68fB0xbaa
0x6cc	0x68fB0xd2a
0x6cc	0x68fB0x1068
0x6cc	0x68fB0x12e5
0x6cc	0x68fB0x153d
0x6cc	0x68fB0x15d3
0x6cc	0x68fB0x1667B0x66b
0x6cc	0x68fB0x1414B0x5fb
0x6d0	0x68fB0x1f1
0x6d0	0x68fB0x808
0x6d0	0x68fB0x89c
0x6d0	0x68fB0xb1a
0x6d0	0x68fB0xbaa
0x6d0	0x68fB0xd2a
0x6d0	0x68fB0x1068
0x6d0	0x68fB0x12e5
0x6d0	0x68fB0x153d
0x6d0	0x68fB0x15d3
0x6d0	0x68fB0x1667B0x66b
0x6d0	0x68fB0x1414B0x5fb
0x6d6	0x68fB0x1f1
0x6d6	0x68fB0x808
0x6d6	0x68fB0x89c
0x6d6	0x68fB0xb1a
0x6d6	0x68fB0xbaa
0x6d6	0x68fB0xd2a
0x6d6	0x68fB0x1068
0x6d6	0x68fB0x12e5
0x6d6	0x68fB0x153d
0x6d6	0x68fB0x15d3
0x6d6	0x68fB0x1667B0x66b
0x6d6	0x68fB0x1414B0x5fb
0x6d7	0x68fB0x1f1
0x6d7	0x68fB0x808
0x6d7	0x68fB0x89c
0x6d7	0x68fB0xb1a
0x6d7	0x68fB0xbaa
0x6d7	0x68fB0xd2a
0x6d7	0x68fB0x1068
0x6d7	0x68fB0x12e5
0x6d7	0x68fB0x153d
0x6d7	0x68fB0x15d3
0x6d7	0x68fB0x1667B0x66b
0x6d7	0x68fB0x1414B0x5fb
0x6d9	0x68fB0x1f1
0x6d9	0x68fB0x808
0x6d9	0x68fB0x89c
0x6d9	0x68fB0xb1a
0x6d9	0x68fB0xbaa
0x6d9	0x68fB0xd2a
0x6d9	0x68fB0x1068
0x6d9	0x68fB0x12e5
0x6d9	0x68fB0x153d
0x6d9	0x68fB0x15d3
0x6d9	0x68fB0x1667B0x66b
0x6d9	0x68fB0x1414B0x5fb
0x6da	0x68fB0x1f1
0x6da	0x68fB0x808
0x6da	0x68fB0x89c
0x6da	0x68fB0xb1a
0x6da	0x68fB0xbaa
0x6da	0x68fB0xd2a
0x6da	0x68fB0x1068
0x6da	0x68fB0x12e5
0x6da	0x68fB0x153d
0x6da	0x68fB0x15d3
0x6da	0x68fB0x1667B0x66b
0x6da	0x68fB0x1414B0x5fb
0x6de	0x68fB0x1f1
0x6de	0x68fB0x808
0x6de	0x68fB0x89c
0x6de	0x68fB0xb1a
0x6de	0x68fB0xbaa
0x6de	0x68fB0xd2a
0x6de	0x68fB0x1068
0x6de	0x68fB0x12e5
0x6de	0x68fB0x153d
0x6de	0x68fB0x15d3
0x6de	0x68fB0x1667B0x66b
0x6de	0x68fB0x1414B0x5fb
0x6e9	0x68fB0x1f1
0x6e9	0x68fB0x808
0x6e9	0x68fB0x89c
0x6e9	0x68fB0xb1a
0x6e9	0x68fB0xbaa
0x6e9	0x68fB0xd2a
0x6e9	0x68fB0x1068
0x6e9	0x68fB0x12e5
0x6e9	0x68fB0x153d
0x6e9	0x68fB0x15d3
0x6e9	0x68fB0x1667B0x66b
0x6e9	0x68fB0x1414B0x5fb
0x6ea	0x68fB0x1f1
0x6ea	0x68fB0x808
0x6ea	0x68fB0x89c
0x6ea	0x68fB0xb1a
0x6ea	0x68fB0xbaa
0x6ea	0x68fB0xd2a
0x6ea	0x68fB0x1068
0x6ea	0x68fB0x12e5
0x6ea	0x68fB0x153d
0x6ea	0x68fB0x15d3
0x6ea	0x68fB0x1667B0x66b
0x6ea	0x68fB0x1414B0x5fb
0x6ec	0x68fB0x1f1
0x6ec	0x68fB0x808
0x6ec	0x68fB0x89c
0x6ec	0x68fB0xb1a
0x6ec	0x68fB0xbaa
0x6ec	0x68fB0xd2a
0x6ec	0x68fB0x1068
0x6ec	0x68fB0x12e5
0x6ec	0x68fB0x153d
0x6ec	0x68fB0x15d3
0x6ec	0x68fB0x1667B0x66b
0x6ec	0x68fB0x1414B0x5fb
0x6ed	0x68fB0x1f1
0x6ed	0x68fB0x808
0x6ed	0x68fB0x89c
0x6ed	0x68fB0xb1a
0x6ed	0x68fB0xbaa
0x6ed	0x68fB0xd2a
0x6ed	0x68fB0x1068
0x6ed	0x68fB0x12e5
0x6ed	0x68fB0x153d
0x6ed	0x68fB0x15d3
0x6ed	0x68fB0x1667B0x66b
0x6ed	0x68fB0x1414B0x5fb
0x6ef	0x68fB0x1f1
0x6ef	0x68fB0x808
0x6ef	0x68fB0x89c
0x6ef	0x68fB0xb1a
0x6ef	0x68fB0xbaa
0x6ef	0x68fB0xd2a
0x6ef	0x68fB0x1068
0x6ef	0x68fB0x12e5
0x6ef	0x68fB0x153d
0x6ef	0x68fB0x15d3
0x6ef	0x68fB0x1667B0x66b
0x6ef	0x68fB0x1414B0x5fb
0x6f3	0x68fB0x1f1
0x6f3	0x68fB0x808
0x6f3	0x68fB0x89c
0x6f3	0x68fB0xb1a
0x6f3	0x68fB0xbaa
0x6f3	0x68fB0xd2a
0x6f3	0x68fB0x1068
0x6f3	0x68fB0x12e5
0x6f3	0x68fB0x153d
0x6f3	0x68fB0x15d3
0x6f3	0x68fB0x1667B0x66b
0x6f3	0x68fB0x1414B0x5fb
0x6f5	0x68fB0x1f1
0x6f5	0x68fB0x808
0x6f5	0x68fB0x89c
0x6f5	0x68fB0xb1a
0x6f5	0x68fB0xbaa
0x6f5	0x68fB0xd2a
0x6f5	0x68fB0x1068
0x6f5	0x68fB0x12e5
0x6f5	0x68fB0x153d
0x6f5	0x68fB0x15d3
0x6f5	0x68fB0x1667B0x66b
0x6f5	0x68fB0x1414B0x5fb
0x6f7	0x68fB0x1f1
0x6f7	0x68fB0x808
0x6f7	0x68fB0x89c
0x6f7	0x68fB0xb1a
0x6f7	0x68fB0xbaa
0x6f7	0x68fB0xd2a
0x6f7	0x68fB0x1068
0x6f7	0x68fB0x12e5
0x6f7	0x68fB0x153d
0x6f7	0x68fB0x15d3
0x6f7	0x68fB0x1667B0x66b
0x6f7	0x68fB0x1414B0x5fb
0x6f8	0x68fB0x1f1
0x6f8	0x68fB0x808
0x6f8	0x68fB0x89c
0x6f8	0x68fB0xb1a
0x6f8	0x68fB0xbaa
0x6f8	0x68fB0xd2a
0x6f8	0x68fB0x1068
0x6f8	0x68fB0x12e5
0x6f8	0x68fB0x153d
0x6f8	0x68fB0x15d3
0x6f8	0x68fB0x1667B0x66b
0x6f8	0x68fB0x1414B0x5fb
0x6fa	0x68fB0x1f1
0x6fa	0x68fB0x808
0x6fa	0x68fB0x89c
0x6fa	0x68fB0xb1a
0x6fa	0x68fB0xbaa
0x6fa	0x68fB0xd2a
0x6fa	0x68fB0x1068
0x6fa	0x68fB0x12e5
0x6fa	0x68fB0x153d
0x6fa	0x68fB0x15d3
0x6fa	0x68fB0x1667B0x66b
0x6fa	0x68fB0x1414B0x5fb
0x6fb	0x68fB0x1f1
0x6fb	0x68fB0x808
0x6fb	0x68fB0x89c
0x6fb	0x68fB0xb1a
0x6fb	0x68fB0xbaa
0x6fb	0x68fB0xd2a
0x6fb	0x68fB0x1068
0x6fb	0x68fB0x12e5
0x6fb	0x68fB0x153d
0x6fb	0x68fB0x15d3
0x6fb	0x68fB0x1667B0x66b
0x6fb	0x68fB0x1414B0x5fb
0x6ff	0x68fB0x1f1
0x6ff	0x68fB0x808
0x6ff	0x68fB0x89c
0x6ff	0x68fB0xb1a
0x6ff	0x68fB0xbaa
0x6ff	0x68fB0xd2a
0x6ff	0x68fB0x1068
0x6ff	0x68fB0x12e5
0x6ff	0x68fB0x153d
0x6ff	0x68fB0x15d3
0x6ff	0x68fB0x1667B0x66b
0x6ff	0x68fB0x1414B0x5fb
0x701	0x68fB0x1f1
0x701	0x68fB0x808
0x701	0x68fB0x89c
0x701	0x68fB0xb1a
0x701	0x68fB0xbaa
0x701	0x68fB0xd2a
0x701	0x68fB0x1068
0x701	0x68fB0x12e5
0x701	0x68fB0x153d
0x701	0x68fB0x15d3
0x701	0x68fB0x1667B0x66b
0x701	0x68fB0x1414B0x5fb
0x702	0x68fB0x1f1
0x702	0x68fB0x808
0x702	0x68fB0x89c
0x702	0x68fB0xb1a
0x702	0x68fB0xbaa
0x702	0x68fB0xd2a
0x702	0x68fB0x1068
0x702	0x68fB0x12e5
0x702	0x68fB0x153d
0x702	0x68fB0x15d3
0x702	0x68fB0x1667B0x66b
0x702	0x68fB0x1414B0x5fb
0x704	0x68fB0x1f1
0x704	0x68fB0x808
0x704	0x68fB0x89c
0x704	0x68fB0xb1a
0x704	0x68fB0xbaa
0x704	0x68fB0xd2a
0x704	0x68fB0x1068
0x704	0x68fB0x12e5
0x704	0x68fB0x153d
0x704	0x68fB0x15d3
0x704	0x68fB0x1667B0x66b
0x704	0x68fB0x1414B0x5fb
0x705	0x68fB0x1f1
0x705	0x68fB0x808
0x705	0x68fB0x89c
0x705	0x68fB0xb1a
0x705	0x68fB0xbaa
0x705	0x68fB0xd2a
0x705	0x68fB0x1068
0x705	0x68fB0x12e5
0x705	0x68fB0x153d
0x705	0x68fB0x15d3
0x705	0x68fB0x1667B0x66b
0x705	0x68fB0x1414B0x5fb
0x707	0x68fB0x1f1
0x707	0x68fB0x808
0x707	0x68fB0x89c
0x707	0x68fB0xb1a
0x707	0x68fB0xbaa
0x707	0x68fB0xd2a
0x707	0x68fB0x1068
0x707	0x68fB0x12e5
0x707	0x68fB0x153d
0x707	0x68fB0x15d3
0x707	0x68fB0x1667B0x66b
0x707	0x68fB0x1414B0x5fb
0x708	0x68fB0x1f1
0x708	0x68fB0x808
0x708	0x68fB0x89c
0x708	0x68fB0xb1a
0x708	0x68fB0xbaa
0x708	0x68fB0xd2a
0x708	0x68fB0x1068
0x708	0x68fB0x12e5
0x708	0x68fB0x153d
0x708	0x68fB0x15d3
0x708	0x68fB0x1667B0x66b
0x708	0x68fB0x1414B0x5fb
0x70c	0x68fB0x1f1
0x70c	0x68fB0x808
0x70c	0x68fB0x89c
0x70c	0x68fB0xb1a
0x70c	0x68fB0xbaa
0x70c	0x68fB0xd2a
0x70c	0x68fB0x1068
0x70c	0x68fB0x12e5
0x70c	0x68fB0x153d
0x70c	0x68fB0x15d3
0x70c	0x68fB0x1667B0x66b
0x70c	0x68fB0x1414B0x5fb
0x70d	0x68fB0x1f1
0x70d	0x68fB0x808
0x70d	0x68fB0x89c
0x70d	0x68fB0xb1a
0x70d	0x68fB0xbaa
0x70d	0x68fB0xd2a
0x70d	0x68fB0x1068
0x70d	0x68fB0x12e5
0x70d	0x68fB0x153d
0x70d	0x68fB0x15d3
0x70d	0x68fB0x1667B0x66b
0x70d	0x68fB0x1414B0x5fb
0x70e	0x68fB0x1f1
0x70e	0x68fB0x808
0x70e	0x68fB0x89c
0x70e	0x68fB0xb1a
0x70e	0x68fB0xbaa
0x70e	0x68fB0xd2a
0x70e	0x68fB0x1068
0x70e	0x68fB0x12e5
0x70e	0x68fB0x153d
0x70e	0x68fB0x15d3
0x70e	0x68fB0x1667B0x66b
0x70e	0x68fB0x1414B0x5fb
0x712	0x68fB0x1f1
0x712	0x68fB0x808
0x712	0x68fB0x89c
0x712	0x68fB0xb1a
0x712	0x68fB0xbaa
0x712	0x68fB0xd2a
0x712	0x68fB0x1068
0x712	0x68fB0x12e5
0x712	0x68fB0x153d
0x712	0x68fB0x15d3
0x712	0x68fB0x1667B0x66b
0x712	0x68fB0x1414B0x5fb
0x71d	0x68fB0x1f1
0x71d	0x68fB0x808
0x71d	0x68fB0x89c
0x71d	0x68fB0xb1a
0x71d	0x68fB0xbaa
0x71d	0x68fB0xd2a
0x71d	0x68fB0x1068
0x71d	0x68fB0x12e5
0x71d	0x68fB0x153d
0x71d	0x68fB0x15d3
0x71d	0x68fB0x1667B0x66b
0x71d	0x68fB0x1414B0x5fb
0x71e	0x68fB0x1f1
0x71e	0x68fB0x808
0x71e	0x68fB0x89c
0x71e	0x68fB0xb1a
0x71e	0x68fB0xbaa
0x71e	0x68fB0xd2a
0x71e	0x68fB0x1068
0x71e	0x68fB0x12e5
0x71e	0x68fB0x153d
0x71e	0x68fB0x15d3
0x71e	0x68fB0x1667B0x66b
0x71e	0x68fB0x1414B0x5fb
0x71f	0x68fB0x1f1
0x71f	0x68fB0x808
0x71f	0x68fB0x89c
0x71f	0x68fB0xb1a
0x71f	0x68fB0xbaa
0x71f	0x68fB0xd2a
0x71f	0x68fB0x1068
0x71f	0x68fB0x12e5
0x71f	0x68fB0x153d
0x71f	0x68fB0x15d3
0x71f	0x68fB0x1667B0x66b
0x71f	0x68fB0x1414B0x5fb
0x721	0x68fB0x1f1
0x721	0x68fB0x808
0x721	0x68fB0x89c
0x721	0x68fB0xb1a
0x721	0x68fB0xbaa
0x721	0x68fB0xd2a
0x721	0x68fB0x1068
0x721	0x68fB0x12e5
0x721	0x68fB0x153d
0x721	0x68fB0x15d3
0x721	0x68fB0x1667B0x66b
0x721	0x68fB0x1414B0x5fb
0x722	0x68fB0x1f1
0x722	0x68fB0x808
0x722	0x68fB0x89c
0x722	0x68fB0xb1a
0x722	0x68fB0xbaa
0x722	0x68fB0xd2a
0x722	0x68fB0x1068
0x722	0x68fB0x12e5
0x722	0x68fB0x153d
0x722	0x68fB0x15d3
0x722	0x68fB0x1667B0x66b
0x722	0x68fB0x1414B0x5fb
0x723	0x68fB0x1f1
0x723	0x68fB0x808
0x723	0x68fB0x89c
0x723	0x68fB0xb1a
0x723	0x68fB0xbaa
0x723	0x68fB0xd2a
0x723	0x68fB0x1068
0x723	0x68fB0x12e5
0x723	0x68fB0x153d
0x723	0x68fB0x15d3
0x723	0x68fB0x1667B0x66b
0x723	0x68fB0x1414B0x5fb
0x725	0x68fB0x1f1
0x725	0x68fB0x808
0x725	0x68fB0x89c
0x725	0x68fB0xb1a
0x725	0x68fB0xbaa
0x725	0x68fB0xd2a
0x725	0x68fB0x1068
0x725	0x68fB0x12e5
0x725	0x68fB0x153d
0x725	0x68fB0x15d3
0x725	0x68fB0x1667B0x66b
0x725	0x68fB0x1414B0x5fb
0x72e	0x72bB0x214
0x72e	0x72bB0xb40
0x72f	0x72bB0x214
0x72f	0x72bB0xb40
0x739	0x737B0x214
0x739	0x737B0xb40
0x744	0x737B0x214
0x744	0x737B0xb40
0x745	0x737B0x214
0x745	0x737B0xb40
0x746	0x737B0x214
0x746	0x737B0xb40
0x747	0x737B0x214
0x747	0x737B0xb40
0x748	0x737B0x214
0x748	0x737B0xb40
0x749	0x737B0x214
0x749	0x737B0xb40
0x74a	0x737B0x214
0x74a	0x737B0xb40
0x74d	0x737B0x214
0x74d	0x737B0xb40
0x74e	0x737B0x214
0x74e	0x737B0xb40
0x74f	0x737B0x214
0x74f	0x737B0xb40
0x752	0x737B0x214
0x752	0x737B0xb40
0x75c	0x737B0x214
0x75c	0x737B0xb40
0x764	0x761B0x214
0x764	0x761B0xb40
0x769	0x761B0x214
0x769	0x761B0xb40
0x76a	0x761B0x214
0x76a	0x761B0xb40
0x76d	0x761B0x214
0x76d	0x761B0xb40
0x76f	0x761B0x214
0x76f	0x761B0xb40
0x770	0x761B0x214
0x770	0x761B0xb40
0x772	0x761B0x214
0x772	0x761B0xb40
0x776	0x761B0x214
0x776	0x761B0xb40
0x777	0x761B0x214
0x777	0x761B0xb40
0x77b	0x761B0x214
0x77b	0x761B0xb40
0x785	0x761B0x214
0x785	0x761B0xb40
0x787	0x761B0x214
0x787	0x761B0xb40
0x788	0x761B0x214
0x788	0x761B0xb40
0x78a	0x761B0x214
0x78a	0x761B0xb40
0x78b	0x761B0x214
0x78b	0x761B0xb40
0x78c	0x761B0x214
0x78c	0x761B0xb40
0x78e	0x761B0x214
0x78e	0x761B0xb40
0x7b0	0x761B0x214
0x7b0	0x761B0xb40
0x7b3	0x7b20x1798
0x7b3	0x7b20x72bB0x214
0x7b3	0x7b20x72bB0xb40
0x7b3	0x7b20x1985B0xbd0
0x7b3	0x7b20x1985B0x12f9
0x7b5	0x7b20x1798
0x7b5	0x7b20x72bB0x214
0x7b5	0x7b20x72bB0xb40
0x7b5	0x7b20x1985B0xbd0
0x7b5	0x7b20x1985B0x12f9
0x7b6	0x7b20x1798
0x7b6	0x7b20x72bB0x214
0x7b6	0x7b20x72bB0xb40
0x7b6	0x7b20x1985B0xbd0
0x7b6	0x7b20x1985B0x12f9
0x7b7	0x7b20x1798
0x7b7	0x7b20x72bB0x214
0x7b7	0x7b20x72bB0xb40
0x7b7	0x7b20x1985B0xbd0
0x7b7	0x7b20x1985B0x12f9
0x7b8	0x7b20x1798
0x7b8	0x7b20x72bB0x214
0x7b8	0x7b20x72bB0xb40
0x7b8	0x7b20x1985B0xbd0
0x7b8	0x7b20x1985B0x12f9
0x7b9	0x7b20x1798
0x7b9	0x7b20x72bB0x214
0x7b9	0x7b20x72bB0xb40
0x7b9	0x7b20x1985B0xbd0
0x7b9	0x7b20x1985B0x12f9
0x7ba	0x7b20x1798
0x7ba	0x7b20x72bB0x214
0x7ba	0x7b20x72bB0xb40
0x7ba	0x7b20x1985B0xbd0
0x7ba	0x7b20x1985B0x12f9
0x7bb	0x7b20x1798
0x7bb	0x7b20x72bB0x214
0x7bb	0x7b20x72bB0xb40
0x7bb	0x7b20x1985B0xbd0
0x7bb	0x7b20x1985B0x12f9
0x7bc	0x7b20x1798
0x7bc	0x7b20x72bB0x214
0x7bc	0x7b20x72bB0xb40
0x7bc	0x7b20x1985B0xbd0
0x7bc	0x7b20x1985B0x12f9
0x7bd	0x7b20x1798
0x7bd	0x7b20x72bB0x214
0x7bd	0x7b20x72bB0xb40
0x7bd	0x7b20x1985B0xbd0
0x7bd	0x7b20x1985B0x12f9
0x7be	0x7b20x1798
0x7be	0x7b20x72bB0x214
0x7be	0x7b20x72bB0xb40
0x7be	0x7b20x1985B0xbd0
0x7be	0x7b20x1985B0x12f9
0x7fb	0x7f0
0x803	0x7f0
0x804	0x7f0
0x806	0x7f0
0x850	0x848
0x865	0x85a
0x86d	0x85a
0x86e	0x85a
0x870	0x85a
0x87a	0x872
0x88f	0x884
0x897	0x884
0x898	0x884
0x89a	0x884
0x89e	0x89c
0x8ad	0x89c
0x8c6	0x8c2
0x916	0x90b
0x91e	0x90b
0x91f	0x90b
0x921	0x90b
0x92f	0x923
0x934	0x923
0x938	0x923
0x941	0x923
0x943	0x923
0x949	0x923
0x952	0x923
0x953	0x923
0x955	0x923
0x956	0x923
0x95a	0x923
0x968	0x967
0x969	0x967
0x96a	0x967
0x96b	0x967
0x975	0x967
0x978	0x967
0x97a	0x967
0x97e	0x967
0x97f	0x967
0x981	0x967
0x985	0x967
0x986	0x967
0x98c	0x98b
0x98d	0x98b
0x98e	0x98b
0x9a0	0x995
0x9a8	0x995
0x9a9	0x995
0x9ab	0x995
0x9b9	0x9ad
0x9e4	0x9ad
0x9e8	0x9ad
0x9ed	0x9ad
0x9ef	0x9ad
0x9f0	0x9ad
0x9f3	0x9ad
0x9f4	0x9ad
0x9f5	0x9ad
0x9f7	0x9ad
0x9fd	0x9ad
0xa06	0x9ad
0xa07	0x9ad
0xa09	0x9ad
0xa0b	0x9ad
0xa0f	0x9ad
0xa1d	0xa1c
0xa1e	0xa1c
0xa1f	0xa1c
0xa20	0xa1c
0xa2a	0xa1c
0xa2d	0xa1c
0xa2f	0xa1c
0xa33	0xa1c
0xa34	0xa1c
0xa36	0xa1c
0xa3a	0xa1c
0xa3b	0xa1c
0xa41	0xa40
0xa42	0xa40
0xa43	0xa40
0xa53	0xa48
0xa5b	0xa48
0xa5c	0xa48
0xa5e	0xa48
0xa61	0xa60
0xa62	0xa60
0xabd	0xa60
0xabe	0xa60
0xac0	0xa60
0xac2	0xa60
0xac3	0xa60
0xac4	0xa60
0xace	0xac6
0xae3	0xad8
0xaeb	0xad8
0xaec	0xad8
0xaee	0xad8
0xaf8	0xaf0
0xb0d	0xb02
0xb15	0xb02
0xb16	0xb02
0xb18	0xb02
0xb1c	0xb1a
0xb2b	0xb1a
0xb5e	0xb56
0xb73	0xb68
0xb7b	0xb68
0xb7c	0xb68
0xb7e	0xb68
0xb88	0xb80
0xb9d	0xb92
0xba5	0xb92
0xba6	0xb92
0xba8	0xb92
0xbac	0xbaa
0xbbb	0xbaa
0xbd6	0xbd0
0xbf0	0xbe4B0x325
0xbf5	0xbe4B0x325
0xbf9	0xbe4B0x325
0xc02	0xbe4B0x325
0xc04	0xbe4B0x325
0xc0a	0xbe4B0x325
0xc13	0xbe4B0x325
0xc14	0xbe4B0x325
0xc16	0xbe4B0x325
0xc17	0xbe4B0x325
0xc1b	0xbe4B0x325
0xc29	0xc28B0x325
0xc2a	0xc28B0x325
0xc2b	0xc28B0x325
0xc2c	0xc28B0x325
0xc36	0xc28B0x325
0xc39	0xc28B0x325
0xc3b	0xc28B0x325
0xc3f	0xc28B0x325
0xc40	0xc28B0x325
0xc42	0xc28B0x325
0xc46	0xc28B0x325
0xc47	0xc28B0x325
0xc8e	0xc83
0xc96	0xc83
0xc97	0xc83
0xc99	0xc83
0xc9d	0xc9b
0xca6	0xc9b
0xcac	0xc9b
0xcce	0xc9b
0xcd6	0xcd1
0xcd7	0xcd1
0xcd8	0xcd1
0xcde	0xcd1
0xcf3	0xce8
0xcfb	0xce8
0xcfc	0xce8
0xcfe	0xce8
0xd08	0xd00
0xd1d	0xd12
0xd25	0xd12
0xd26	0xd12
0xd28	0xd12
0xd2c	0xd2a
0xd3b	0xd2a
0xd51	0xd50
0xd52	0xd50
0xd63	0xd58
0xd6b	0xd58
0xd6c	0xd58
0xd6e	0xd58
0xd71	0xd70
0xd72	0xd70
0xd7c	0xd70
0xd8e	0xd8a
0xd8f	0xd8a
0xd90	0xd8a
0xd92	0xd8a
0xd99	0xd8a
0xd9e	0xd8a
0xdaa	0xda4
0xdac	0xda4
0xdae	0xda4
0xdb1	0xda4
0xdb2	0xda4
0xdb4	0xdb3
0xdb5	0xdb3
0xdb6	0xdb3
0xdb7	0xdb3
0xdc1	0xdb3
0xdd3	0xdcf
0xdd4	0xdcf
0xdd5	0xdcf
0xdd7	0xdcf
0xdde	0xdcf
0xde3	0xdcf
0xdf0	0xded
0xdf5	0xded
0xdf8	0xded
0xdfa	0xded
0xdfb	0xded
0xe01	0xe00
0xe03	0xe02
0xe04	0xe02
0xe05	0xe02
0xe08	0xe07
0xe09	0xe07
0xe11	0xe10
0xe12	0xe10
0xe13	0xe10
0xe14	0xe10
0xe22	0xe21
0xe23	0xe21
0xe2a	0xe21
0xe2c	0xe21
0xe30	0xe21
0xe31	0xe21
0xe40	0xe36
0xe41	0xe36
0xe42	0xe36
0xe43	0xe36
0xe44	0xe36
0xe52	0xe51
0xe53	0xe51
0xe57	0xe51
0xe59	0xe51
0xe5d	0xe51
0xe5e	0xe51
0xe6a	0xe63
0xe6b	0xe63
0xe6c	0xe63
0xe76	0xe71
0xe77	0xe71
0xe79	0xe71
0xe7b	0xe71
0xe7e	0xe71
0xe7f	0xe71
0xe80	0xe71
0xe82	0xe71
0xe84	0xe71
0xe8d	0xe8a
0xe8e	0xe8a
0xe97	0xe8a
0xe9d	0xe8a
0xea3	0xe8a
0xead	0xeaa
0xeae	0xeaa
0xeb0	0xeaf
0xeb1	0xeaf
0xeb2	0xeaf
0xeb3	0xeaf
0xeb5	0xeaf
0xeca	0xec2
0xecb	0xec2
0xecc	0xec2
0xece	0xec2
0xee3	0xedb
0xee4	0xedb
0xee6	0xedb
0xeeb	0xedb
0xeed	0xedb
0xeee	0xedb
0xeef	0xedb
0xef1	0xedb
0xef2	0xedb
0xef3	0xedb
0xef5	0xedb
0xf0d	0xf02
0xf0e	0xf02
0xf0f	0xf02
0xf10	0xf02
0xf11	0xf02
0xf1f	0xf1e
0xf20	0xf1e
0xf27	0xf1e
0xf29	0xf1e
0xf2d	0xf1e
0xf2e	0xf1e
0xf5e	0xf33
0xf5f	0xf33
0xf60	0xf33
0xf61	0xf33
0xf62	0xf33
0xf70	0xf6f
0xf71	0xf6f
0xf75	0xf6f
0xf77	0xf6f
0xf7b	0xf6f
0xf7c	0xf6f
0xf88	0xf81
0xf89	0xf81
0xf8a	0xf81
0xf93	0xf8f
0xf94	0xf8f
0xf96	0xf8f
0xfa0	0xf9f
0xfa1	0xf9f
0xfa3	0xf9f
0xfac	0xf9f
0xfae	0xf9f
0xfaf	0xf9f
0xfb0	0xf9f
0xfb1	0xf9f
0xfb2	0xf9f
0xfb3	0xf9f
0xfb4	0xf9f
0xfb5	0xf9f
0xfb6	0xf9f
0xfc1	0xfb8B0x3a6
0xfc4	0xfb8B0x3a6
0xfc5	0xfb8B0x3a6
0xfce	0xfb8B0x3a6
0xfd4	0xfb8B0x3a6
0x1004	0xfd9B0x3a6
0x100f	0xfd9B0x3a6
0x1010	0xfd9B0x3a6
0x1011	0xfd9B0x3a6
0x1012	0xfd9B0x3a6
0x101c	0x1014
0x1031	0x1026
0x1039	0x1026
0x103a	0x1026
0x103c	0x1026
0x1046	0x103e
0x105b	0x1050
0x1063	0x1050
0x1064	0x1050
0x1066	0x1050
0x106a	0x1068
0x1079	0x1068
0x108f	0x108e
0x1092	0x1091
0x1093	0x1091
0x109d	0x109a
0x109e	0x109a
0x109f	0x109a
0x10a0	0x109a
0x10a1	0x109a
0x10a2	0x109a
0x10b0	0x10af
0x10b1	0x10af
0x10b8	0x10af
0x10ba	0x10af
0x10be	0x10af
0x10bf	0x10af
0x10d2	0x10d1
0x10d3	0x10d1
0x10d5	0x10d1
0x10de	0x10d1
0x10e0	0x10d1
0x10e1	0x10d1
0x10e2	0x10d1
0x1120	0x1115
0x1128	0x1115
0x1129	0x1115
0x112b	0x1115
0x1130	0x112d
0x1131	0x112d
0x1142	0x1137
0x114a	0x1137
0x114b	0x1137
0x114d	0x1137
0x1172	0x114f
0x1173	0x114f
0x1174	0x114f
0x1175	0x114f
0x1176	0x114f
0x1177	0x114f
0x117a	0x114f
0x117b	0x114f
0x117c	0x114f
0x118c	0x1181
0x1194	0x1181
0x1195	0x1181
0x1197	0x1181
0x119d	0x1199
0x119e	0x1199
0x11a7	0x1199
0x11a9	0x1199
0x11cb	0x1199
0x11cd	0x1199
0x11cf	0x1199
0x11d0	0x1199
0x11d1	0x1199
0x120f	0x1204
0x1217	0x1204
0x1218	0x1204
0x121a	0x1204
0x121e	0x121c
0x122d	0x121c
0x1233	0x121c
0x1255	0x121c
0x1260	0x1258
0x1275	0x126a
0x127d	0x126a
0x127e	0x126a
0x1280	0x126a
0x128a	0x1282
0x129f	0x1294
0x12a7	0x1294
0x12a8	0x1294
0x12aa	0x1294
0x12ae	0x12ac
0x12bd	0x12ac
0x12c7	0x12ac
0x12d8	0x12cd
0x12e0	0x12cd
0x12e1	0x12cd
0x12e3	0x12cd
0x12fd	0x12f9
0x133e	0x1333
0x1346	0x1333
0x1347	0x1333
0x1349	0x1333
0x1354	0x134b
0x1365	0x135a
0x136d	0x135a
0x136e	0x135a
0x1370	0x135a
0x137b	0x1372
0x137e	0x1372
0x137f	0x1372
0x1385	0x1372
0x1386	0x1372
0x138a	0x1372
0x138b	0x1372
0x138d	0x1372
0x1393	0x1372
0x1394	0x1372
0x1396	0x1372
0x1397	0x1372
0x13bb	0x1372
0x13bc	0x1372
0x13be	0x1372
0x13c8	0x13c0B0x5fb
0x13dd	0x13d2B0x5fb
0x13e5	0x13d2B0x5fb
0x13e6	0x13d2B0x5fb
0x13e8	0x13d2B0x5fb
0x13f2	0x13eaB0x5fb
0x1407	0x13fcB0x5fb
0x140f	0x13fcB0x5fb
0x1410	0x13fcB0x5fb
0x1412	0x13fcB0x5fb
0x1416	0x1414B0x5fb
0x1425	0x1414B0x5fb
0x143e	0x143aB0x5fb
0x143f	0x143aB0x5fb
0x1440	0x143aB0x5fb
0x1441	0x143aB0x5fb
0x1447	0x14460x1613B0x66b
0x1447	0x14460x13c0B0x5fb
0x1448	0x14460x1613B0x66b
0x1448	0x14460x13c0B0x5fb
0x1449	0x14460x1613B0x66b
0x1449	0x14460x13c0B0x5fb
0x144a	0x14460x1613B0x66b
0x144a	0x14460x13c0B0x5fb
0x144b	0x14460x1613B0x66b
0x144b	0x14460x13c0B0x5fb
0x144c	0x14460x1613B0x66b
0x144c	0x14460x13c0B0x5fb
0x144e	0x14460x1613B0x66b
0x144e	0x14460x13c0B0x5fb
0x1450	0x14460x1613B0x66b
0x1450	0x14460x13c0B0x5fb
0x1451	0x14460x1613B0x66b
0x1451	0x14460x13c0B0x5fb
0x1452	0x14460x1613B0x66b
0x1452	0x14460x13c0B0x5fb
0x1453	0x14460x1613B0x66b
0x1453	0x14460x13c0B0x5fb
0x1454	0x14460x1613B0x66b
0x1454	0x14460x13c0B0x5fb
0x1455	0x14460x1613B0x66b
0x1455	0x14460x13c0B0x5fb
0x1456	0x14460x1613B0x66b
0x1456	0x14460x13c0B0x5fb
0x1457	0x14460x1613B0x66b
0x1457	0x14460x13c0B0x5fb
0x1494	0x1489
0x149c	0x1489
0x149d	0x1489
0x149f	0x1489
0x14aa	0x14a1
0x14ad	0x14a1
0x14ae	0x14a1
0x14b7	0x14a1
0x14b8	0x14a1
0x14ba	0x14a1
0x14c0	0x14a1
0x14e4	0x14a1
0x14e5	0x14a1
0x14e7	0x14a1
0x14f1	0x14e9
0x1506	0x14fb
0x150e	0x14fb
0x150f	0x14fb
0x1511	0x14fb
0x151b	0x1513
0x1530	0x1525
0x1538	0x1525
0x1539	0x1525
0x153b	0x1525
0x153f	0x153d
0x154e	0x153d
0x1567	0x1563
0x1568	0x1563
0x1569	0x1563
0x156f	0x156e
0x1570	0x156e
0x1572	0x156e
0x157b	0x156e
0x157d	0x156e
0x1587	0x157f
0x159c	0x1591
0x15a4	0x1591
0x15a5	0x1591
0x15a7	0x1591
0x15b1	0x15a9
0x15c6	0x15bb
0x15ce	0x15bb
0x15cf	0x15bb
0x15d1	0x15bb
0x15d5	0x15d3
0x15e4	0x15d3
0x15fd	0x15f9
0x15fe	0x15f9
0x1604	0x1603
0x1605	0x1603
0x1607	0x1603
0x1610	0x1603
0x161b	0x1613B0x66b
0x1630	0x1625B0x66b
0x1638	0x1625B0x66b
0x1639	0x1625B0x66b
0x163b	0x1625B0x66b
0x1645	0x163dB0x66b
0x165a	0x164fB0x66b
0x1662	0x164fB0x66b
0x1663	0x164fB0x66b
0x1665	0x164fB0x66b
0x1669	0x1667B0x66b
0x1678	0x1667B0x66b
0x168e	0x168dB0x66b
0x1691	0x1690B0x66b
0x1692	0x1690B0x66b
0x169c	0x1699B0x66b
0x169d	0x1699B0x66b
0x169e	0x1699B0x66b
0x169f	0x1699B0x66b
0x16a0	0x1699B0x66b
0x16ae	0x16adB0x66b
0x16af	0x16adB0x66b
0x16b6	0x16adB0x66b
0x16b8	0x16adB0x66b
0x16bc	0x16adB0x66b
0x16bd	0x16adB0x66b
0x170b	0x1700
0x1713	0x1700
0x1714	0x1700
0x1716	0x1700
0x1721	0x1718
0x1732	0x1727
0x173a	0x1727
0x173b	0x1727
0x173d	0x1727
0x1741	0x173f
0x174e	0x173f
0x174f	0x173f
0x1751	0x173f
0x1752	0x173f
0x1754	0x173f
0x1776	0x173f
0x1779	0x173f
0x178d	0x173f
0x178e	0x173f
0x178f	0x173f
0x1791	0x173f
0x1792	0x173f
0x1793	0x173f
0x1795	0x173f
0x17a4	0x1798
0x17a9	0x1798
0x17ad	0x1798
0x17b6	0x1798
0x17b8	0x1798
0x17be	0x1798
0x17c7	0x1798
0x17c8	0x1798
0x17ca	0x1798
0x17cb	0x1798
0x17cf	0x1798
0x17dd	0x17dc
0x17de	0x17dc
0x17df	0x17dc
0x17e0	0x17dc
0x17ea	0x17dc
0x17ed	0x17dc
0x17ef	0x17dc
0x17f3	0x17dc
0x17f4	0x17dc
0x17f6	0x17dc
0x17fa	0x17dc
0x17fb	0x17dc
0x1801	0x1800
0x1802	0x1800
0x1803	0x1800
0x1813	0x180a
0x181e	0x1818
0x181f	0x1818
0x1822	0x1818
0x1824	0x1818
0x1828	0x1818
0x182a	0x1818
0x1856	0x1818
0x1859	0x1818
0x185a	0x1818
0x185e	0x1818
0x185f	0x1818
0x187d	0x1818
0x1883	0x1818
0x1886	0x18850x1798
0x1886	0x18850x1985B0xbd0
0x1886	0x18850x1985B0x12f9
0x1888	0x18850x1798
0x1888	0x18850x1985B0xbd0
0x1888	0x18850x1985B0x12f9
0x1889	0x18850x1798
0x1889	0x18850x1985B0xbd0
0x1889	0x18850x1985B0x12f9
0x188a	0x18850x1798
0x188a	0x18850x1985B0xbd0
0x188a	0x18850x1985B0x12f9
0x188b	0x18850x1798
0x188b	0x18850x1985B0xbd0
0x188b	0x18850x1985B0x12f9
0x188c	0x18850x1798
0x188c	0x18850x1985B0xbd0
0x188c	0x18850x1985B0x12f9
0x188d	0x18850x1798
0x188d	0x18850x1985B0xbd0
0x188d	0x18850x1985B0x12f9
0x188e	0x18850x1798
0x188e	0x18850x1985B0xbd0
0x188e	0x18850x1985B0x12f9
0x188f	0x18850x1798
0x188f	0x18850x1985B0xbd0
0x188f	0x18850x1985B0x12f9
0x1890	0x18850x1798
0x1890	0x18850x1985B0xbd0
0x1890	0x18850x1985B0x12f9
0x1893	0x1891
0x18a0	0x1891
0x18aa	0x1891
0x18ab	0x1891
0x18af	0x1891
0x18b4	0x1891
0x18b6	0x1891
0x18b7	0x1891
0x18b9	0x1891
0x18ba	0x1891
0x18bc	0x1891
0x18c2	0x1891
0x18cb	0x1891
0x18cc	0x1891
0x18ce	0x1891
0x18d0	0x1891
0x18d4	0x1891
0x18e2	0x18e1
0x18e3	0x18e1
0x18e4	0x18e1
0x18e5	0x18e1
0x18ef	0x18e1
0x18f2	0x18e1
0x18f4	0x18e1
0x18f8	0x18e1
0x18f9	0x18e1
0x18fb	0x18e1
0x18ff	0x18e1
0x1900	0x18e1
0x1906	0x1905
0x1907	0x1905
0x1908	0x1905
0x1909	0x1905
0x191c	0x1905
0x1924	0x1921
0x1926	0x1921
0x1927	0x1921
0x192d	0x1921
0x192f	0x1921
0x1930	0x1921
0x1932	0x1921
0x1936	0x1921
0x1937	0x1921
0x193c	0x1921
0x193f	0x1921
0x1942	0x1921
0x1943	0x1921
0x1945	0x1921
0x1946	0x1921
0x1947	0x1921
0x1951	0x1921
0x1952	0x1921
0x1954	0x1921
0x1955	0x1921
0x1957	0x1921
0x1958	0x1921
0x1959	0x1921
0x195b	0x1921
0x197d	0x1921
0x1988	0x1985B0xbd0
0x1988	0x1985B0x12f9
0x1989	0x1985B0xbd0
0x1989	0x1985B0x12f9
0x1998	0x198fB0xbd0
0x1998	0x198fB0x12f9
0x19a3	0x199dB0xbd0
0x19a3	0x199dB0x12f9
0x19a4	0x199dB0xbd0
0x19a4	0x199dB0x12f9
0x19a7	0x199dB0xbd0
0x19a7	0x199dB0x12f9
0x19a9	0x199dB0xbd0
0x19a9	0x199dB0x12f9
0x19ad	0x199dB0xbd0
0x19ad	0x199dB0x12f9
0x19af	0x199dB0xbd0
0x19af	0x199dB0x12f9
0x19db	0x199dB0xbd0
0x19db	0x199dB0x12f9
0x19de	0x199dB0xbd0
0x19de	0x199dB0x12f9
0x19df	0x199dB0xbd0
0x19df	0x199dB0x12f9
0x19e3	0x199dB0xbd0
0x19e3	0x199dB0x12f9
0x19e4	0x199dB0xbd0
0x19e4	0x199dB0x12f9
0x19fc	0x199dB0xbd0
0x19fc	0x199dB0x12f9
0x1a02	0x199dB0xbd0
0x1a02	0x199dB0x12f9
0x1a0a	0x1a04B0xbd0
0x1a0a	0x1a04B0x12f9
0x1a0b	0x1a04B0xbd0
0x1a0b	0x1a04B0x12f9
0x1a0e	0x1a04B0xbd0
0x1a0e	0x1a04B0x12f9
0x1a0f	0x1a04B0xbd0
0x1a0f	0x1a04B0x12f9
0x1a10	0x1a04B0xbd0
0x1a10	0x1a04B0x12f9
0x1a13	0x1a04B0xbd0
0x1a13	0x1a04B0x12f9
0x1a1d	0x1a04B0xbd0
0x1a1d	0x1a04B0x12f9
0x1a25	0x1a22B0xbd0
0x1a25	0x1a22B0x12f9
0x1a2a	0x1a22B0xbd0
0x1a2a	0x1a22B0x12f9
0x1a2b	0x1a22B0xbd0
0x1a2b	0x1a22B0x12f9
0x1a2e	0x1a22B0xbd0
0x1a2e	0x1a22B0x12f9
0x1a30	0x1a22B0xbd0
0x1a30	0x1a22B0x12f9
0x1a31	0x1a22B0xbd0
0x1a31	0x1a22B0x12f9
0x1a33	0x1a22B0xbd0
0x1a33	0x1a22B0x12f9
0x1a37	0x1a22B0xbd0
0x1a37	0x1a22B0x12f9
0x1a38	0x1a22B0xbd0
0x1a38	0x1a22B0x12f9
0x1a3c	0x1a22B0xbd0
0x1a3c	0x1a22B0x12f9
0x1a46	0x1a22B0xbd0
0x1a46	0x1a22B0x12f9
0x1a48	0x1a22B0xbd0
0x1a48	0x1a22B0x12f9
0x1a49	0x1a22B0xbd0
0x1a49	0x1a22B0x12f9
0x1a4b	0x1a22B0xbd0
0x1a4b	0x1a22B0x12f9
0x1a4c	0x1a22B0xbd0
0x1a4c	0x1a22B0x12f9
0x1a4d	0x1a22B0xbd0
0x1a4d	0x1a22B0x12f9
0x1a4f	0x1a22B0xbd0
0x1a4f	0x1a22B0x12f9
0x1a71	0x1a22B0xbd0
0x1a71	0x1a22B0x12f9
0x1a83	0x1a77
0x1a8d	0x1a77
0x1a8e	0x1a77
0x1a92	0x1a77
0x1a98	0x1a77
0x1a9c	0x1a77
0x1a9d	0x1a77
0x1a9e	0x1a77
0x1aa0	0x1a77
0x1aa6	0x1a77
0x1aaf	0x1a77
0x1ab0	0x1a77
0x1ab2	0x1a77
0x1ab3	0x1a77
0x1ab7	0x1a77
0x1ac5	0x1ac4
0x1ac6	0x1ac4
0x1ac7	0x1ac4
0x1ac8	0x1ac4
0x1ad2	0x1ac4
0x1ad5	0x1ac4
0x1ad7	0x1ac4
0x1adb	0x1ac4
0x1adc	0x1ac4
0x1ade	0x1ac4
0x1ae2	0x1ac4
0x1ae3	0x1ac4
0x1af4	0x1ae8
0x1afe	0x1ae8
0x1aff	0x1ae8
0x1b03	0x1ae8
0x1b06	0x1ae8
0x1b07	0x1ae8
0x1b08	0x1ae8
0x1b0a	0x1ae8
0x1b0b	0x1ae8
0x1b0d	0x1ae8
0x1b13	0x1ae8
0x1b1c	0x1ae8
0x1b1d	0x1ae8
0x1b1f	0x1ae8
0x1b20	0x1ae8
0x1b24	0x1ae8
0x1b32	0x1b31
0x1b33	0x1b31
0x1b34	0x1b31
0x1b35	0x1b31
0x1b3f	0x1b31
0x1b42	0x1b31
0x1b44	0x1b31
0x1b48	0x1b31
0x1b49	0x1b31
0x1b4b	0x1b31
0x1b4f	0x1b31
0x1b50	0x1b31
0x1b56	0x1b55
0x1b57	0x1b55
0x1b59	0x1b55
0x1b5a	0x1b55
0x1b66	0x1b65
0x1b68	0x1b67
0x1b69	0x1b67
0x1b6a	0x1b67
0x1b7a	0x1b71
0x1b85	0x1b7f
0x1b86	0x1b7f
0x1b89	0x1b7f
0x1b8b	0x1b7f
0x1b8f	0x1b7f
0x1b91	0x1b7f
0x1bbd	0x1b7f
0x1bc0	0x1b7f
0x1bc1	0x1b7f
0x1bc5	0x1b7f
0x1bc6	0x1b7f
0x1bec	0x1b7f
0x1bf2	0x1b7f
0x1bf8	0x1bf4
0x1bf9	0x1bf4
0x1bfb	0x1bf4
0x1bfd	0x1bf4
0x1bfe	0x1bf4
0x1bff	0x1bf4
0x1c00	0x1bf4
0x1c01	0x1bf4
0x1c05	0x1c03
0x1c12	0x1c03
0x1c1c	0x1c03
0x1c1d	0x1c03
0x1c21	0x1c03
0x1c24	0x1c03
0x1c25	0x1c03
0x1c29	0x1c03
0x1c2e	0x1c03
0x1c30	0x1c03
0x1c31	0x1c03
0x1c33	0x1c03
0x1c34	0x1c03
0x1c36	0x1c03
0x1c3c	0x1c03
0x1c45	0x1c03
0x1c46	0x1c03
0x1c48	0x1c03
0x1c4a	0x1c03
0x1c4e	0x1c03
0x1c5c	0x1c5b
0x1c5d	0x1c5b
0x1c5e	0x1c5b
0x1c5f	0x1c5b
0x1c69	0x1c5b
0x1c6c	0x1c5b
0x1c6e	0x1c5b
0x1c72	0x1c5b
0x1c73	0x1c5b
0x1c75	0x1c5b
0x1c79	0x1c5b
0x1c7a	0x1c5b
0x1c80	0x1c7f
0x1c81	0x1c7f
0x1c82	0x1c7f
0x1c83	0x1c7f
0x1c96	0x1c7f
0x1c9e	0x1c9b
0x1ca0	0x1c9b
0x1ca1	0x1c9b
0x1ca7	0x1c9b
0x1ca9	0x1c9b
0x1caa	0x1c9b
0x1cac	0x1c9b
0x1cb0	0x1c9b
0x1cb1	0x1c9b
0x1cb6	0x1c9b
0x1cb9	0x1c9b
0x1cc3	0x1c9b
0x1cc4	0x1c9b
0x1cc6	0x1c9b
0x1cc7	0x1c9b
0x1cc9	0x1c9b
0x1cca	0x1c9b
0x1ccb	0x1c9b
0x1ccd	0x1c9b
0x1cce	0x1c9b
0x1ccf	0x1c9b
0x1cd1	0x1c9b
0x1cd2	0x1c9b
0x1cd4	0x1c9b
0x1cd5	0x1c9b
0x1cd6	0x1c9b
0x1cd8	0x1c9b
0x1cfa	0x1c9b
0x1cff	0x1cfe0x1a77
0x1cff	0x1cfe0x1d9cB0x1563
0x1cff	0x1cfe0x1d0eB0x143aB0x5fb
0x1d01	0x1cfe0x1a77
0x1d01	0x1cfe0x1d9cB0x1563
0x1d01	0x1cfe0x1d0eB0x143aB0x5fb
0x1d02	0x1cfe0x1a77
0x1d02	0x1cfe0x1d9cB0x1563
0x1d02	0x1cfe0x1d0eB0x143aB0x5fb
0x1d03	0x1cfe0x1a77
0x1d03	0x1cfe0x1d9cB0x1563
0x1d03	0x1cfe0x1d0eB0x143aB0x5fb
0x1d04	0x1cfe0x1a77
0x1d04	0x1cfe0x1d9cB0x1563
0x1d04	0x1cfe0x1d0eB0x143aB0x5fb
0x1d05	0x1cfe0x1a77
0x1d05	0x1cfe0x1d9cB0x1563
0x1d05	0x1cfe0x1d0eB0x143aB0x5fb
0x1d06	0x1cfe0x1a77
0x1d06	0x1cfe0x1d9cB0x1563
0x1d06	0x1cfe0x1d0eB0x143aB0x5fb
0x1d07	0x1cfe0x1a77
0x1d07	0x1cfe0x1d9cB0x1563
0x1d07	0x1cfe0x1d0eB0x143aB0x5fb
0x1d08	0x1cfe0x1a77
0x1d08	0x1cfe0x1d9cB0x1563
0x1d08	0x1cfe0x1d0eB0x143aB0x5fb
0x1d09	0x1cfe0x1a77
0x1d09	0x1cfe0x1d9cB0x1563
0x1d09	0x1cfe0x1d0eB0x143aB0x5fb
0x1d0a	0x1cfe0x1a77
0x1d0a	0x1cfe0x1d9cB0x1563
0x1d0a	0x1cfe0x1d0eB0x143aB0x5fb
0x1d0b	0x1cfe0x1a77
0x1d0b	0x1cfe0x1d9cB0x1563
0x1d0b	0x1cfe0x1d0eB0x143aB0x5fb
0x1d0c	0x1cfe0x1a77
0x1d0c	0x1cfe0x1d9cB0x1563
0x1d0c	0x1cfe0x1d0eB0x143aB0x5fb
0x1d0d	0x1cfe0x1a77
0x1d0d	0x1cfe0x1d9cB0x1563
0x1d0d	0x1cfe0x1d0eB0x143aB0x5fb
0x1d0f	0x1d0eB0x143aB0x5fb
0x1d10	0x1d0eB0x143aB0x5fb
0x1d21	0x1d16B0x143aB0x5fb
0x1d29	0x1d16B0x143aB0x5fb
0x1d2a	0x1d16B0x143aB0x5fb
0x1d2c	0x1d16B0x143aB0x5fb
0x1d2f	0x1d2eB0x143aB0x5fb
0x1d32	0x1d31B0x143aB0x5fb
0x1d33	0x1d31B0x143aB0x5fb
0x1d3d	0x1d3aB0x143aB0x5fb
0x1d3e	0x1d3aB0x143aB0x5fb
0x1d3f	0x1d3aB0x143aB0x5fb
0x1d40	0x1d3aB0x143aB0x5fb
0x1d41	0x1d3aB0x143aB0x5fb
0x1d4f	0x1d4eB0x143aB0x5fb
0x1d50	0x1d4eB0x143aB0x5fb
0x1d57	0x1d4eB0x143aB0x5fb
0x1d59	0x1d4eB0x143aB0x5fb
0x1d5d	0x1d4eB0x143aB0x5fb
0x1d5e	0x1d4eB0x143aB0x5fb
0x1d64	0x1d63B0x143aB0x5fb
0x1d65	0x1d63B0x143aB0x5fb
0x1d66	0x1d63B0x143aB0x5fb
0x1d67	0x1d63B0x143aB0x5fb
0x1d68	0x1d63B0x143aB0x5fb
0x1d76	0x1d75B0x143aB0x5fb
0x1d77	0x1d75B0x143aB0x5fb
0x1d7b	0x1d75B0x143aB0x5fb
0x1d7d	0x1d75B0x143aB0x5fb
0x1d81	0x1d75B0x143aB0x5fb
0x1d82	0x1d75B0x143aB0x5fb
0x1d95	0x1d94B0x143aB0x5fb
0x1d96	0x1d94B0x143aB0x5fb
0x1d97	0x1d94B0x143aB0x5fb
0x1d98	0x1d94B0x143aB0x5fb
0x1d99	0x1d94B0x143aB0x5fb
0x1d9a	0x1d94B0x143aB0x5fb
0x1d9f	0x1d9cB0x1563
0x1d9f	0x1d9c0x1d0eB0x143aB0x5fb
0x1da0	0x1d9cB0x1563
0x1da0	0x1d9c0x1d0eB0x143aB0x5fb
0x1da2	0x1d9cB0x1563
0x1da2	0x1d9c0x1d0eB0x143aB0x5fb
0x1dac	0x1d9cB0x1563
0x1dac	0x1d9c0x1d0eB0x143aB0x5fb
0x1dad	0x1d9cB0x1563
0x1dad	0x1d9c0x1d0eB0x143aB0x5fb
0x1db4	0x1d9cB0x1563
0x1db4	0x1d9c0x1d0eB0x143aB0x5fb
0x1db5	0x1d9cB0x1563
0x1db5	0x1d9c0x1d0eB0x143aB0x5fb
0x1db6	0x1d9cB0x1563
0x1db6	0x1d9c0x1d0eB0x143aB0x5fb
0x1dbc	0x1dbb0x1d9cB0x1563
0x1dbc	0x1dbb0x1d0eB0x143aB0x5fb
0x1dbd	0x1dbb0x1d9cB0x1563
0x1dbd	0x1dbb0x1d0eB0x143aB0x5fb
0x1dbf	0x1dbb0x1d9cB0x1563
0x1dbf	0x1dbb0x1d0eB0x143aB0x5fb
0x1dc0	0x1dbb0x1d9cB0x1563
0x1dc0	0x1dbb0x1d0eB0x143aB0x5fb
0x1dc1	0x1dbb0x1d9cB0x1563
0x1dc1	0x1dbb0x1d0eB0x143aB0x5fb
0x1dc2	0x1dbb0x1d9cB0x1563
0x1dc2	0x1dbb0x1d0eB0x143aB0x5fb
0x1dc3	0x1dbb0x1d9cB0x1563
0x1dc3	0x1dbb0x1d0eB0x143aB0x5fb
0x1dc4	0x1dbb0x1d9cB0x1563
0x1dc4	0x1dbb0x1d0eB0x143aB0x5fb
0x1dc5	0x1dbb0x1d9cB0x1563
0x1dc5	0x1dbb0x1d0eB0x143aB0x5fb
0x1dc6	0x1dbb0x1d9cB0x1563
0x1dc6	0x1dbb0x1d0eB0x143aB0x5fb
0x1dc7	0x1dbb0x1d9cB0x1563
0x1dc7	0x1dbb0x1d0eB0x143aB0x5fb
0x1dc8	0x1dbb0x1d9cB0x1563
0x1dc8	0x1dbb0x1d0eB0x143aB0x5fb
0x1dc9	0x1dbb0x1d9cB0x1563
0x1dc9	0x1dbb0x1d0eB0x143aB0x5fb
0x1dca	0x1dbb0x1d9cB0x1563
0x1dca	0x1dbb0x1d0eB0x143aB0x5fb
0x1dcb	0x1dbb0x1d9cB0x1563
0x1dcb	0x1dbb0x1d0eB0x143aB0x5fb
0x1dcc	0x1dbb0x1d9cB0x1563
0x1dcc	0x1dbb0x1d0eB0x143aB0x5fb
0x1dcd	0x1dbb0x1d9cB0x1563
0x1dcd	0x1dbb0x1d0eB0x143aB0x5fb
0x1dce	0x1dbb0x1d9cB0x1563
0x1dce	0x1dbb0x1d0eB0x143aB0x5fb
0x1dcf	0x1dbb0x1d9cB0x1563
0x1dcf	0x1dbb0x1d0eB0x143aB0x5fb
0x1dd0	0x1dbb0x1d9cB0x1563
0x1dd0	0x1dbb0x1d0eB0x143aB0x5fb
0x1dd3	0x1dbb0x1d9cB0x1563
0x1dd3	0x1dbb0x1d0eB0x143aB0x5fb
0x1dd4	0x1dd40x1d9cB0x1563
0x1dd4	0x1dd40x1d0eB0x143aB0x5fb
0x1dd6	0x1dd40x1d9cB0x1563
0x1dd6	0x1dd40x1d0eB0x143aB0x5fb
0x1dd7	0x1dd40x1d9cB0x1563
0x1dd7	0x1dd40x1d0eB0x143aB0x5fb
0x1dd8	0x1dd40x1d9cB0x1563
0x1dd8	0x1dd40x1d0eB0x143aB0x5fb
0x1dd9	0x1dd40x1d9cB0x1563
0x1dd9	0x1dd40x1d0eB0x143aB0x5fb
0x1ddb	0x1dd40x1d9cB0x1563
0x1ddb	0x1dd40x1d0eB0x143aB0x5fb
0x1ddc	0x1dd40x1d9cB0x1563
0x1ddc	0x1dd40x1d0eB0x143aB0x5fb
0x1dde	0x1dd40x1d9cB0x1563
0x1dde	0x1dd40x1d0eB0x143aB0x5fb
0x1ddf	0x1dd40x1d9cB0x1563
0x1ddf	0x1dd40x1d0eB0x143aB0x5fb
0x1de0	0x1dd40x1d9cB0x1563
0x1de0	0x1dd40x1d0eB0x143aB0x5fb
0x1de1	0x1dd40x1d9cB0x1563
0x1de1	0x1dd40x1d0eB0x143aB0x5fb
0x1de2	0x1dd40x1d9cB0x1563
0x1de2	0x1dd40x1d0eB0x143aB0x5fb
0x1de3	0x1dd40x1d9cB0x1563
0x1de3	0x1dd40x1d0eB0x143aB0x5fb
0x1de5	0x1dd40x1d9cB0x1563
0x1de5	0x1dd40x1d0eB0x143aB0x5fb
0x1de6	0x1dd40x1d9cB0x1563
0x1de6	0x1dd40x1d0eB0x143aB0x5fb
0x1de7	0x1dd40x1d9cB0x1563
0x1de7	0x1dd40x1d0eB0x143aB0x5fb
0x1de8	0x1dd40x1d9cB0x1563
0x1de8	0x1dd40x1d0eB0x143aB0x5fb
0x1de9	0x1dd40x1d9cB0x1563
0x1de9	0x1dd40x1d0eB0x143aB0x5fb
0x1dea	0x1dd40x1d9cB0x1563
0x1dea	0x1dd40x1d0eB0x143aB0x5fb
0x1deb	0x1dd40x1d9cB0x1563
0x1deb	0x1dd40x1d0eB0x143aB0x5fb
0x1ded	0x1dd40x1d9cB0x1563
0x1ded	0x1dd40x1d0eB0x143aB0x5fb
0x1dee	0x1dd40x1d9cB0x1563
0x1dee	0x1dd40x1d0eB0x143aB0x5fb
0x1def	0x1dd40x1d9cB0x1563
0x1def	0x1dd40x1d0eB0x143aB0x5fb
0x1df0	0x1dd40x1d9cB0x1563
0x1df0	0x1dd40x1d0eB0x143aB0x5fb
0x1df3	0x1dd40x1d9cB0x1563
0x1df3	0x1dd40x1d0eB0x143aB0x5fb
0x1df5	0x1df40x1d9cB0x1563
0x1df5	0x1df40x1d0eB0x143aB0x5fb
0x1df7	0x1df40x1d9cB0x1563
0x1df7	0x1df40x1d0eB0x143aB0x5fb
0x1df8	0x1df40x1d9cB0x1563
0x1df8	0x1df40x1d0eB0x143aB0x5fb
0x1dfa	0x1df90x1d9cB0x1563
0x1dfa	0x1df90x1d0eB0x143aB0x5fb
0x1dfb	0x1df90x1d9cB0x1563
0x1dfb	0x1df90x1d0eB0x143aB0x5fb
0x1dfc	0x1df90x1d9cB0x1563
0x1dfc	0x1df90x1d0eB0x143aB0x5fb
0x1dfd	0x1df90x1d9cB0x1563
0x1dfd	0x1df90x1d0eB0x143aB0x5fb
0x1dfe	0x1df90x1d9cB0x1563
0x1dfe	0x1df90x1d0eB0x143aB0x5fb
0x1dff	0x1df90x1d9cB0x1563
0x1dff	0x1df90x1d0eB0x143aB0x5fb
0x1e00	0x1df90x1d9cB0x1563
0x1e00	0x1df90x1d0eB0x143aB0x5fb
0x1e03	0x1df90x1d9cB0x1563
0x1e03	0x1df90x1d0eB0x143aB0x5fb
0x1e04	0x1df90x1d9cB0x1563
0x1e04	0x1df90x1d0eB0x143aB0x5fb
0x1e05	0x1df90x1d9cB0x1563
0x1e05	0x1df90x1d0eB0x143aB0x5fb
0x1e08	0x1df90x1d9cB0x1563
0x1e08	0x1df90x1d0eB0x143aB0x5fb
0x1e0a	0x1e090x1d9cB0x1563
0x1e0a	0x1e090x1d0eB0x143aB0x5fb
0x1e0b	0x1e090x1d9cB0x1563
0x1e0b	0x1e090x1d0eB0x143aB0x5fb
0x1e0c	0x1e090x1d9cB0x1563
0x1e0c	0x1e090x1d0eB0x143aB0x5fb
0x1e0d	0x1e090x1d9cB0x1563
0x1e0d	0x1e090x1d0eB0x143aB0x5fb
0x1e0e	0x1e090x1d9cB0x1563
0x1e0e	0x1e090x1d0eB0x143aB0x5fb
0x1e0f	0x1e090x1d9cB0x1563
0x1e0f	0x1e090x1d0eB0x143aB0x5fb
0x1e10	0x1e090x1d9cB0x1563
0x1e10	0x1e090x1d0eB0x143aB0x5fb
0x1e11	0x1e090x1d9cB0x1563
0x1e11	0x1e090x1d0eB0x143aB0x5fb
0x1e13	0x1e090x1d9cB0x1563
0x1e13	0x1e090x1d0eB0x143aB0x5fb
0x1e15	0x1e090x1d9cB0x1563
0x1e15	0x1e090x1d0eB0x143aB0x5fb
0x1e17	0x1e090x1d9cB0x1563
0x1e17	0x1e090x1d0eB0x143aB0x5fb
0x1e18	0x1e090x1d9cB0x1563
0x1e18	0x1e090x1d0eB0x143aB0x5fb
0x1e19	0x1e090x1d9cB0x1563
0x1e19	0x1e090x1d0eB0x143aB0x5fb
0x1e1a	0x1e090x1d9cB0x1563
0x1e1a	0x1e090x1d0eB0x143aB0x5fb
0x1e3b	0x1e090x1d9cB0x1563
0x1e3b	0x1e090x1d0eB0x143aB0x5fb
0x1e3c	0x1e090x1d9cB0x1563
0x1e3c	0x1e090x1d0eB0x143aB0x5fb
0x1e3d	0x1e090x1d9cB0x1563
0x1e3d	0x1e090x1d0eB0x143aB0x5fb
0x1e3f	0x1e090x1d9cB0x1563
0x1e3f	0x1e090x1d0eB0x143aB0x5fb
0x1e40	0x1e090x1d9cB0x1563
0x1e40	0x1e090x1d0eB0x143aB0x5fb
0x1e43	0x1e090x1d9cB0x1563
0x1e43	0x1e090x1d0eB0x143aB0x5fb
0x1e44	0x1e090x1d9cB0x1563
0x1e44	0x1e090x1d0eB0x143aB0x5fb
0x1e45	0x1e090x1d9cB0x1563
0x1e45	0x1e090x1d0eB0x143aB0x5fb
0x1e46	0x1e090x1d9cB0x1563
0x1e46	0x1e090x1d0eB0x143aB0x5fb
0x1e49	0x1e090x1d9cB0x1563
0x1e49	0x1e090x1d0eB0x143aB0x5fb
0x1e4b	0x1e4aB0x205c
0x1e4b	0x1e4aB0x1e75B0x29d
0x1e4b	0x1e4aB0x1e75B0x2db
0x1e4b	0x1e4aB0x1e75B0x316
0x1e4b	0x1e4aB0x1e75B0x397
0x1e4b	0x1e4aB0x200dB0x3c8
0x1e4b	0x1e4aB0x1e75B0x537
0x1e4b	0x1e4aB0x1e75B0x556
0x1e4b	0x1e4aB0x1e75B0x60b
0x1e4b	0x1e4aB0x20d9B0x63d
0x1e4b	0x1e4aB0x20e2B0x63d
0x1e4b	0x1e4aB0x1e75B0x67b
0x1e4b	0x1e4aB0x1e75B0xe21
0x1e4b	0x1e4aB0x1e75B0xf1e
0x1e4b	0x1e4aB0x1e75B0x10af
0x1e4b	0x1e4aB0x1e75B0x27f
0x1e4b	0x1e4aB0x1e75B0x16adB0x66b
0x1e4b	0x1e4aB0x1e75B0x1d4eB0x143aB0x5fb
0x1e55	0x1e4aB0x205c
0x1e55	0x1e4aB0x1e75B0x29d
0x1e55	0x1e4aB0x1e75B0x2db
0x1e55	0x1e4aB0x1e75B0x316
0x1e55	0x1e4aB0x1e75B0x397
0x1e55	0x1e4aB0x200dB0x3c8
0x1e55	0x1e4aB0x1e75B0x537
0x1e55	0x1e4aB0x1e75B0x556
0x1e55	0x1e4aB0x1e75B0x60b
0x1e55	0x1e4aB0x20d9B0x63d
0x1e55	0x1e4aB0x20e2B0x63d
0x1e55	0x1e4aB0x1e75B0x67b
0x1e55	0x1e4aB0x1e75B0xe21
0x1e55	0x1e4aB0x1e75B0xf1e
0x1e55	0x1e4aB0x1e75B0x10af
0x1e55	0x1e4aB0x1e75B0x27f
0x1e55	0x1e4aB0x1e75B0x16adB0x66b
0x1e55	0x1e4aB0x1e75B0x1d4eB0x143aB0x5fb
0x1e57	0x1e4aB0x205c
0x1e57	0x1e4aB0x1e75B0x29d
0x1e57	0x1e4aB0x1e75B0x2db
0x1e57	0x1e4aB0x1e75B0x316
0x1e57	0x1e4aB0x1e75B0x397
0x1e57	0x1e4aB0x200dB0x3c8
0x1e57	0x1e4aB0x1e75B0x537
0x1e57	0x1e4aB0x1e75B0x556
0x1e57	0x1e4aB0x1e75B0x60b
0x1e57	0x1e4aB0x20d9B0x63d
0x1e57	0x1e4aB0x20e2B0x63d
0x1e57	0x1e4aB0x1e75B0x67b
0x1e57	0x1e4aB0x1e75B0xe21
0x1e57	0x1e4aB0x1e75B0xf1e
0x1e57	0x1e4aB0x1e75B0x10af
0x1e57	0x1e4aB0x1e75B0x27f
0x1e57	0x1e4aB0x1e75B0x16adB0x66b
0x1e57	0x1e4aB0x1e75B0x1d4eB0x143aB0x5fb
0x1e61	0x1e60B0x205c
0x1e61	0x1e60B0x1e75B0x29d
0x1e61	0x1e60B0x1e75B0x2db
0x1e61	0x1e60B0x1e75B0x316
0x1e61	0x1e60B0x1e75B0x397
0x1e61	0x1e60B0x200dB0x3c8
0x1e61	0x1e60B0x1e75B0x537
0x1e61	0x1e60B0x1e75B0x556
0x1e61	0x1e60B0x1e75B0x60b
0x1e61	0x1e60B0x20d9B0x63d
0x1e61	0x1e60B0x20e2B0x63d
0x1e61	0x1e60B0x1e75B0x67b
0x1e61	0x1e60B0x1e75B0xe21
0x1e61	0x1e60B0x1e75B0xf1e
0x1e61	0x1e60B0x1e75B0x10af
0x1e61	0x1e60B0x1e75B0x27f
0x1e61	0x1e60B0x1e75B0x16adB0x66b
0x1e61	0x1e60B0x1e75B0x1d4eB0x143aB0x5fb
0x1e62	0x1e60B0x205c
0x1e62	0x1e60B0x1e75B0x29d
0x1e62	0x1e60B0x1e75B0x2db
0x1e62	0x1e60B0x1e75B0x316
0x1e62	0x1e60B0x1e75B0x397
0x1e62	0x1e60B0x200dB0x3c8
0x1e62	0x1e60B0x1e75B0x537
0x1e62	0x1e60B0x1e75B0x556
0x1e62	0x1e60B0x1e75B0x60b
0x1e62	0x1e60B0x20d9B0x63d
0x1e62	0x1e60B0x20e2B0x63d
0x1e62	0x1e60B0x1e75B0x67b
0x1e62	0x1e60B0x1e75B0xe21
0x1e62	0x1e60B0x1e75B0xf1e
0x1e62	0x1e60B0x1e75B0x10af
0x1e62	0x1e60B0x1e75B0x27f
0x1e62	0x1e60B0x1e75B0x16adB0x66b
0x1e62	0x1e60B0x1e75B0x1d4eB0x143aB0x5fb
0x1e63	0x1e60B0x205c
0x1e63	0x1e60B0x1e75B0x29d
0x1e63	0x1e60B0x1e75B0x2db
0x1e63	0x1e60B0x1e75B0x316
0x1e63	0x1e60B0x1e75B0x397
0x1e63	0x1e60B0x200dB0x3c8
0x1e63	0x1e60B0x1e75B0x537
0x1e63	0x1e60B0x1e75B0x556
0x1e63	0x1e60B0x1e75B0x60b
0x1e63	0x1e60B0x20d9B0x63d
0x1e63	0x1e60B0x20e2B0x63d
0x1e63	0x1e60B0x1e75B0x67b
0x1e63	0x1e60B0x1e75B0xe21
0x1e63	0x1e60B0x1e75B0xf1e
0x1e63	0x1e60B0x1e75B0x10af
0x1e63	0x1e60B0x1e75B0x27f
0x1e63	0x1e60B0x1e75B0x16adB0x66b
0x1e63	0x1e60B0x1e75B0x1d4eB0x143aB0x5fb
0x1e69	0x1e65B0x29d
0x1e69	0x1e65B0x2db
0x1e69	0x1e65B0x316
0x1e69	0x1e65B0x397
0x1e69	0x1e65B0x537
0x1e69	0x1e65B0x556
0x1e69	0x1e65B0x60b
0x1e69	0x1e65B0x67b
0x1e69	0x1e65B0xe21
0x1e69	0x1e65B0xf1e
0x1e69	0x1e65B0x10af
0x1e69	0x1e65B0x27f
0x1e69	0x1e65B0x16adB0x66b
0x1e69	0x1e65B0x1d4eB0x143aB0x5fb
0x1e6a	0x1e65B0x29d
0x1e6a	0x1e65B0x2db
0x1e6a	0x1e65B0x316
0x1e6a	0x1e65B0x397
0x1e6a	0x1e65B0x537
0x1e6a	0x1e65B0x556
0x1e6a	0x1e65B0x60b
0x1e6a	0x1e65B0x67b
0x1e6a	0x1e65B0xe21
0x1e6a	0x1e65B0xf1e
0x1e6a	0x1e65B0x10af
0x1e6a	0x1e65B0x27f
0x1e6a	0x1e65B0x16adB0x66b
0x1e6a	0x1e65B0x1d4eB0x143aB0x5fb
0x1e79	0x1e75B0x29d
0x1e79	0x1e75B0x2db
0x1e79	0x1e75B0x316
0x1e79	0x1e75B0x397
0x1e79	0x1e75B0x537
0x1e79	0x1e75B0x556
0x1e79	0x1e75B0x60b
0x1e79	0x1e75B0x67b
0x1e79	0x1e75B0xe21
0x1e79	0x1e75B0xf1e
0x1e79	0x1e75B0x10af
0x1e79	0x1e75B0x27f
0x1e79	0x1e75B0x16adB0x66b
0x1e79	0x1e75B0x1d4eB0x143aB0x5fb
0x1e88	0x1e85B0x2031B0x3c8
0x1e88	0x1e85B0x2120B0x65c
0x1e88	0x1e85B0x1ef6B0x34c
0x1e88	0x1e85B0x1f21B0x34c
0x1e88	0x1e85B0x1ef6B0x5ed
0x1e88	0x1e85B0x1f21B0x5ed
0x1e8b	0x1e85B0x2031B0x3c8
0x1e8b	0x1e85B0x2120B0x65c
0x1e8b	0x1e85B0x1ef6B0x34c
0x1e8b	0x1e85B0x1f21B0x34c
0x1e8b	0x1e85B0x1ef6B0x5ed
0x1e8b	0x1e85B0x1f21B0x5ed
0x1e96	0x1e95B0x2031B0x3c8
0x1e96	0x1e95B0x2120B0x65c
0x1e96	0x1e95B0x1ef6B0x34c
0x1e96	0x1e95B0x1f21B0x34c
0x1e96	0x1e95B0x1ef6B0x5ed
0x1e96	0x1e95B0x1f21B0x5ed
0x1e97	0x1e95B0x2031B0x3c8
0x1e97	0x1e95B0x2120B0x65c
0x1e97	0x1e95B0x1ef6B0x34c
0x1e97	0x1e95B0x1f21B0x34c
0x1e97	0x1e95B0x1ef6B0x5ed
0x1e97	0x1e95B0x1f21B0x5ed
0x1ea2	0x1e95B0x2031B0x3c8
0x1ea2	0x1e95B0x2120B0x65c
0x1ea2	0x1e95B0x1ef6B0x34c
0x1ea2	0x1e95B0x1f21B0x34c
0x1ea2	0x1e95B0x1ef6B0x5ed
0x1ea2	0x1e95B0x1f21B0x5ed
0x1eaf	0x1eacB0x2031B0x3c8
0x1eaf	0x1eacB0x2120B0x65c
0x1eaf	0x1eacB0x1ef6B0x34c
0x1eaf	0x1eacB0x1f21B0x34c
0x1eaf	0x1eacB0x1ef6B0x5ed
0x1eaf	0x1eacB0x1f21B0x5ed
0x1eb1	0x1eacB0x2031B0x3c8
0x1eb1	0x1eacB0x2120B0x65c
0x1eb1	0x1eacB0x1ef6B0x34c
0x1eb1	0x1eacB0x1f21B0x34c
0x1eb1	0x1eacB0x1ef6B0x5ed
0x1eb1	0x1eacB0x1f21B0x5ed
0x1eb2	0x1eacB0x2031B0x3c8
0x1eb2	0x1eacB0x2120B0x65c
0x1eb2	0x1eacB0x1ef6B0x34c
0x1eb2	0x1eacB0x1f21B0x34c
0x1eb2	0x1eacB0x1ef6B0x5ed
0x1eb2	0x1eacB0x1f21B0x5ed
0x1eb3	0x1eacB0x2031B0x3c8
0x1eb3	0x1eacB0x2120B0x65c
0x1eb3	0x1eacB0x1ef6B0x34c
0x1eb3	0x1eacB0x1f21B0x34c
0x1eb3	0x1eacB0x1ef6B0x5ed
0x1eb3	0x1eacB0x1f21B0x5ed
0x1eb6	0x1eacB0x2031B0x3c8
0x1eb6	0x1eacB0x2120B0x65c
0x1eb6	0x1eacB0x1ef6B0x34c
0x1eb6	0x1eacB0x1f21B0x34c
0x1eb6	0x1eacB0x1ef6B0x5ed
0x1eb6	0x1eacB0x1f21B0x5ed
0x1eba	0x1eacB0x2031B0x3c8
0x1eba	0x1eacB0x2120B0x65c
0x1eba	0x1eacB0x1ef6B0x34c
0x1eba	0x1eacB0x1f21B0x34c
0x1eba	0x1eacB0x1ef6B0x5ed
0x1eba	0x1eacB0x1f21B0x5ed
0x1ed4	0x1ecdB0x34c
0x1ed4	0x1ecdB0x5ed
0x1ed5	0x1ecdB0x34c
0x1ed5	0x1ecdB0x5ed
0x1ee1	0x1ee0B0x34c
0x1ee1	0x1ee0B0x5ed
0x1eec	0x1ee0B0x34c
0x1eec	0x1ee0B0x5ed
0x1efa	0x1ef6B0x34c
0x1efa	0x1ef6B0x5ed
0x1efb	0x1ef6B0x34c
0x1efb	0x1ef6B0x5ed
0x1efc	0x1ef6B0x34c
0x1efc	0x1ef6B0x5ed
0x1f03	0x1f02B0x34c
0x1f03	0x1f02B0x5ed
0x1f04	0x1f02B0x34c
0x1f04	0x1f02B0x5ed
0x1f05	0x1f02B0x34c
0x1f05	0x1f02B0x5ed
0x1f06	0x1f02B0x34c
0x1f06	0x1f02B0x5ed
0x1f07	0x1f02B0x34c
0x1f07	0x1f02B0x5ed
0x1f08	0x1f02B0x34c
0x1f08	0x1f02B0x5ed
0x1f0b	0x1f02B0x34c
0x1f0b	0x1f02B0x5ed
0x1f17	0x1f02B0x34c
0x1f17	0x1f02B0x5ed
0x1f25	0x1f21B0x34c
0x1f25	0x1f21B0x5ed
0x1f26	0x1f21B0x34c
0x1f26	0x1f21B0x5ed
0x1f27	0x1f21B0x34c
0x1f27	0x1f21B0x5ed
0x1f2e	0x1f2dB0x34c
0x1f2e	0x1f2dB0x5ed
0x1f2f	0x1f2dB0x34c
0x1f2f	0x1f2dB0x5ed
0x1f30	0x1f2dB0x34c
0x1f30	0x1f2dB0x5ed
0x1f31	0x1f2dB0x34c
0x1f31	0x1f2dB0x5ed
0x1f32	0x1f2dB0x34c
0x1f32	0x1f2dB0x5ed
0x1f33	0x1f2dB0x34c
0x1f33	0x1f2dB0x5ed
0x1f34	0x1f2dB0x34c
0x1f34	0x1f2dB0x5ed
0x1f35	0x1f2dB0x34c
0x1f35	0x1f2dB0x5ed
0x1f36	0x1f2dB0x34c
0x1f36	0x1f2dB0x5ed
0x1f37	0x1f2dB0x34c
0x1f37	0x1f2dB0x5ed
0x1f3c	0x1f39B0x35f
0x1f3d	0x1f39B0x35f
0x1f3f	0x1f39B0x35f
0x1f41	0x1f39B0x35f
0x1f42	0x1f39B0x35f
0x1f44	0x1f39B0x35f
0x1f45	0x1f39B0x35f
0x1f48	0x1f39B0x35f
0x1f4b	0x1f39B0x35f
0x1f4d	0x1f39B0x35f
0x1f50	0x1f39B0x35f
0x1f52	0x1f39B0x35f
0x1f53	0x1f39B0x35f
0x1f55	0x1f54B0x35f
0x1f56	0x1f54B0x35f
0x1f61	0x1f5dB0x35f
0x1f65	0x1f5dB0x35f
0x1f66	0x1f5dB0x35f
0x1f68	0x1f5dB0x35f
0x1f69	0x1f5dB0x35f
0x1f6a	0x1f5dB0x35f
0x1f6c	0x1f5dB0x35f
0x1f75	0x1f74B0x35f
0x1f76	0x1f74B0x35f
0x1f77	0x1f74B0x35f
0x1f78	0x1f74B0x35f
0x1f7c	0x1f74B0x35f
0x1f7f	0x1f74B0x35f
0x1f80	0x1f74B0x35f
0x1f81	0x1f74B0x35f
0x1f82	0x1f74B0x35f
0x1f84	0x1f74B0x35f
0x1f85	0x1f74B0x35f
0x1f89	0x1f74B0x35f
0x1f8b	0x1f74B0x35f
0x1f8c	0x1f74B0x35f
0x1f8f	0x1f74B0x35f
0x1f93	0x1f74B0x35f
0x1f98	0x1f74B0x35f
0x1f9c	0x1f9bB0x35f
0x1f9d	0x1f9bB0x35f
0x1fa7	0x1fa4B0x35f
0x1fa8	0x1fa4B0x35f
0x1fab	0x1fa4B0x35f
0x1fad	0x1fa4B0x35f
0x1faf	0x1fa4B0x35f
0x1fb1	0x1fa4B0x35f
0x1fb2	0x1fa4B0x35f
0x1fb4	0x1fa4B0x35f
0x1fb7	0x1fa4B0x35f
0x1fbb	0x1fa4B0x35f
0x1fc1	0x1fa4B0x35f
0x1fc2	0x1fa4B0x35f
0x1fcd	0x1fa4B0x35f
0x1fd0	0x1fa4B0x35f
0x1fd3	0x1fa4B0x35f
0x1fd4	0x1fa4B0x35f
0x1fd5	0x1fa4B0x35f
0x1fd6	0x1fa4B0x35f
0x1fd9	0x1fa4B0x35f
0x1fdb	0x1fa4B0x35f
0x1fdc	0x1fa4B0x35f
0x1fdf	0x1fa4B0x35f
0x1fe1	0x1fa4B0x35f
0x1fe2	0x1fa4B0x35f
0x1fe5	0x1fa4B0x35f
0x1fe7	0x1fa4B0x35f
0x1fe8	0x1fa4B0x35f
0x1fee	0x1fedB0x35f
0x1fef	0x1fedB0x35f
0x1ff0	0x1fedB0x35f
0x1ff1	0x1fedB0x35f
0x1ff2	0x1fedB0x35f
0x1ff3	0x1fedB0x35f
0x1ff4	0x1fedB0x35f
0x1ff5	0x1fedB0x35f
0x1ff6	0x1fedB0x35f
0x1ff7	0x1fedB0x35f
0x1ff8	0x1fedB0x35f
0x1ff9	0x1fedB0x35f
0x2001	0x1ffbB0x3c8
0x2002	0x1ffbB0x3c8
0x2011	0x200dB0x3c8
0x2017	0x2016B0x3c8
0x2018	0x2016B0x3c8
0x201b	0x2016B0x3c8
0x2027	0x2016B0x3c8
0x2035	0x2031B0x3c8
0x2036	0x2031B0x3c8
0x2037	0x2031B0x3c8
0x203e	0x203dB0x3c8
0x203f	0x203dB0x3c8
0x2040	0x203dB0x3c8
0x2041	0x203dB0x3c8
0x2042	0x203dB0x3c8
0x2043	0x203dB0x3c8
0x2044	0x203dB0x3c8
0x2045	0x203dB0x3c8
0x2046	0x203dB0x3c8
0x2047	0x203dB0x3c8
0x2048	0x203dB0x3c8
0x2050	0x204a
0x2051	0x204a
0x2060	0x205c
0x2066	0x2065
0x2067	0x2065
0x206a	0x2065
0x2076	0x2065
0x2081	0x2080
0x2085	0x2080
0x2087	0x2080
0x2091	0x2090
0x209c	0x2090
0x20a7	0x20a6
0x20aa	0x20a6
0x20ab	0x20a6
0x20b8	0x20b7
0x20b9	0x20b7
0x20bc	0x20b7
0x20bd	0x20b7
0x20be	0x20b7
0x20c0	0x20b7
0x20c1	0x20b7
0x20c2	0x20b7
0x20c3	0x20b7
0x20c4	0x20b7
0x20c5	0x20b7
0x20c6	0x20b7
0x20cd	0x20c8B0x63d
0x20ce	0x20c8B0x63d
0x20dd	0x20d9B0x63d
0x20e3	0x20e2B0x63d
0x20e4	0x20e2B0x63d
0x20ea	0x20e2B0x63d
0x20f1	0x20f0B0x63d
0x20f2	0x20f0B0x63d
0x20f3	0x20f0B0x63d
0x20f4	0x20f0B0x63d
0x20f5	0x20f0B0x63d
0x20f6	0x20f0B0x63d
0x20f7	0x20f0B0x63d
0x20fe	0x20f9B0x65c
0x20ff	0x20f9B0x65c
0x210b	0x210aB0x65c
0x2116	0x210aB0x65c
0x2124	0x2120B0x65c
0x2125	0x2120B0x65c
0x2126	0x2120B0x65c
0x212d	0x212cB0x65c
0x212e	0x212cB0x65c
0x212f	0x212cB0x65c
0x2130	0x212cB0x65c
0x2131	0x212cB0x65c
0x2132	0x212cB0x65c
0x2133	0x212cB0x65c
0x2134	0x212cB0x65c
0x2135	0x212cB0x65c
0x2136	0x212cB0x65c
0x214f	0x2138B0x180a
0x214f	0x2138B0x1b71
0x214f	0x2138B0x1905
0x214f	0x2138B0x1c7f
0x214f	0x2138B0x737B0x214
0x214f	0x2138B0x737B0xb40
0x214f	0x2138B0x198fB0xbd0
0x214f	0x2138B0x1a04B0xbd0
0x214f	0x2138B0x198fB0x12f9
0x214f	0x2138B0x1a04B0x12f9
0x2154	0x2138B0x180a
0x2154	0x2138B0x1b71
0x2154	0x2138B0x1905
0x2154	0x2138B0x1c7f
0x2154	0x2138B0x737B0x214
0x2154	0x2138B0x737B0xb40
0x2154	0x2138B0x198fB0xbd0
0x2154	0x2138B0x1a04B0xbd0
0x2154	0x2138B0x198fB0x12f9
0x2154	0x2138B0x1a04B0x12f9
0x215a	0x2156B0x967
0x215a	0x2156B0x17dc
0x215a	0x2156B0x1ac4
0x215a	0x2156B0x1b31
0x215a	0x2156B0xc28B0x325
0x215b	0x2156B0x967
0x215b	0x2156B0x17dc
0x215b	0x2156B0x1ac4
0x215b	0x2156B0x1b31
0x215b	0x2156B0xc28B0x325
0x2167	0x2166B0x967
0x2167	0x2166B0x17dc
0x2167	0x2166B0x1ac4
0x2167	0x2166B0x1b31
0x2167	0x2166B0xc28B0x325
0x2169	0x2166B0x967
0x2169	0x2166B0x17dc
0x2169	0x2166B0x1ac4
0x2169	0x2166B0x1b31
0x2169	0x2166B0xc28B0x325
0x216a	0x2166B0x967
0x216a	0x2166B0x17dc
0x216a	0x2166B0x1ac4
0x216a	0x2166B0x1b31
0x216a	0x2166B0xc28B0x325
0x216b	0x2166B0x967
0x216b	0x2166B0x17dc
0x216b	0x2166B0x1ac4
0x216b	0x2166B0x1b31
0x216b	0x2166B0xc28B0x325
0x2171	0x216dB0xa1c
0x2171	0x216dB0x18e1
0x2171	0x216dB0x1c5b
0x2172	0x216dB0xa1c
0x2172	0x216dB0x18e1
0x2172	0x216dB0x1c5b
0x217e	0x217dB0xa1c
0x217e	0x217dB0x18e1
0x217e	0x217dB0x1c5b
0x2180	0x217dB0xa1c
0x2180	0x217dB0x18e1
0x2180	0x217dB0x1c5b
0x2183	0x217dB0xa1c
0x2183	0x217dB0x18e1
0x2183	0x217dB0x1c5b
0x21b7	0x21b4B0xe51
0x21b7	0x21b4B0xf6f
0x21b7	0x21b4B0x1d75B0x143aB0x5fb
0x21bc	0x21b4B0xe51
0x21bc	0x21b4B0xf6f
0x21bc	0x21b4B0x1d75B0x143aB0x5fb
0x21c0	0x21b4B0xe51
0x21c0	0x21b4B0xf6f
0x21c0	0x21b4B0x1d75B0x143aB0x5fb
0x21ca	0x21c9B0xe51
0x21ca	0x21c9B0xf6f
0x21ca	0x21c9B0x1d75B0x143aB0x5fb
0x21cc	0x21c9B0xe51
0x21cc	0x21c9B0xf6f
0x21cc	0x21c9B0x1d75B0x143aB0x5fb
0x21ce	0x21c9B0xe51
0x21ce	0x21c9B0xf6f
0x21ce	0x21c9B0x1d75B0x143aB0x5fb
0x21cf	0x21c9B0xe51
0x21cf	0x21c9B0xf6f
0x21cf	0x21c9B0x1d75B0x143aB0x5fb
0x21d9	0x21c9B0xe51
0x21d9	0x21c9B0xf6f
0x21d9	0x21c9B0x1d75B0x143aB0x5fb
0x21e7	0x21e3B0xe51
0x21e7	0x21e3B0xf6f
0x21e7	0x21e3B0x1d75B0x143aB0x5fb
0x21e8	0x21e3B0xe51
0x21e8	0x21e3B0xf6f
0x21e8	0x21e3B0x1d75B0x143aB0x5fb
0x21ea	0x21e3B0xe51
0x21ea	0x21e3B0xf6f
0x21ea	0x21e3B0x1d75B0x143aB0x5fb
0x21eb	0x21e3B0xe51
0x21eb	0x21e3B0xf6f
0x21eb	0x21e3B0x1d75B0x143aB0x5fb
0x21ed	0x21e3B0xe51
0x21ed	0x21e3B0xf6f
0x21ed	0x21e3B0x1d75B0x143aB0x5fb
0x21f8	0x21f7B0xe63
0x21f8	0x21f7B0x1d9cB0x1563
0x21f8	0x21f7B0x1d9c0x1d0eB0x143aB0x5fb
0x21f9	0x21f7B0xe63
0x21f9	0x21f7B0x1d9cB0x1563
0x21f9	0x21f7B0x1d9c0x1d0eB0x143aB0x5fb
0x21fa	0x21f7B0xe63
0x21fa	0x21f7B0x1d9cB0x1563
0x21fa	0x21f7B0x1d9c0x1d0eB0x143aB0x5fb
0x21fd	0x21f7B0xe63
0x21fd	0x21f7B0x1d9cB0x1563
0x21fd	0x21f7B0x1d9c0x1d0eB0x143aB0x5fb
0x21ff	0x21f7B0xe63
0x21ff	0x21f7B0x1d9cB0x1563
0x21ff	0x21f7B0x1d9c0x1d0eB0x143aB0x5fb
0x2200	0x21f7B0xe63
0x2200	0x21f7B0x1d9cB0x1563
0x2200	0x21f7B0x1d9c0x1d0eB0x143aB0x5fb
0x2202	0x21f7B0xe63
0x2202	0x21f7B0x1d9cB0x1563
0x2202	0x21f7B0x1d9c0x1d0eB0x143aB0x5fb
0x2203	0x21f7B0xe63
0x2203	0x21f7B0x1d9cB0x1563
0x2203	0x21f7B0x1d9c0x1d0eB0x143aB0x5fb
0x2204	0x21f7B0xe63
0x2204	0x21f7B0x1d9cB0x1563
0x2204	0x21f7B0x1d9c0x1d0eB0x143aB0x5fb
0x2209	0x2206B0xf81
0x2209	0x2206B0x1e090x1d9cB0x1563
0x2209	0x2206B0x1e090x1d0eB0x143aB0x5fb
0x220b	0x2206B0xf81
0x220b	0x2206B0x1e090x1d9cB0x1563
0x220b	0x2206B0x1e090x1d0eB0x143aB0x5fb
0x220e	0x2206B0xf81
0x220e	0x2206B0x1e090x1d9cB0x1563
0x220e	0x2206B0x1e090x1d0eB0x143aB0x5fb
0x2211	0x2206B0xf81
0x2211	0x2206B0x1e090x1d9cB0x1563
0x2211	0x2206B0x1e090x1d0eB0x143aB0x5fb
0x2212	0x2206B0xf81
0x2212	0x2206B0x1e090x1d9cB0x1563
0x2212	0x2206B0x1e090x1d0eB0x143aB0x5fb
0x2215	0x2206B0xf81
0x2215	0x2206B0x1e090x1d9cB0x1563
0x2215	0x2206B0x1e090x1d0eB0x143aB0x5fb
0x2219	0x2206B0xf81
0x2219	0x2206B0x1e090x1d9cB0x1563
0x2219	0x2206B0x1e090x1d0eB0x143aB0x5fb
0x221a	0x2206B0xf81
0x221a	0x2206B0x1e090x1d9cB0x1563
0x221a	0x2206B0x1e090x1d0eB0x143aB0x5fb
0x221e	0x2206B0xf81
0x221e	0x2206B0x1e090x1d9cB0x1563
0x221e	0x2206B0x1e090x1d0eB0x143aB0x5fb
0x221f	0x2206B0xf81
0x221f	0x2206B0x1e090x1d9cB0x1563
0x221f	0x2206B0x1e090x1d0eB0x143aB0x5fb
0x2221	0x2206B0xf81
0x2221	0x2206B0x1e090x1d9cB0x1563
0x2221	0x2206B0x1e090x1d0eB0x143aB0x5fb
0x2222	0x2206B0xf81
0x2222	0x2206B0x1e090x1d9cB0x1563
0x2222	0x2206B0x1e090x1d0eB0x143aB0x5fb
0x2223	0x2206B0xf81
0x2223	0x2206B0x1e090x1d9cB0x1563
0x2223	0x2206B0x1e090x1d0eB0x143aB0x5fb
0x2227	0x2206B0xf81
0x2227	0x2206B0x1e090x1d9cB0x1563
0x2227	0x2206B0x1e090x1d0eB0x143aB0x5fb
0x2228	0x2206B0xf81
0x2228	0x2206B0x1e090x1d9cB0x1563
0x2228	0x2206B0x1e090x1d0eB0x143aB0x5fb
0x2230	0x2206B0xf81
0x2230	0x2206B0x1e090x1d9cB0x1563
0x2230	0x2206B0x1e090x1d0eB0x143aB0x5fb
0x2231	0x2206B0xf81
0x2231	0x2206B0x1e090x1d9cB0x1563
0x2231	0x2206B0x1e090x1d0eB0x143aB0x5fb
0x2232	0x2206B0xf81
0x2232	0x2206B0x1e090x1d9cB0x1563
0x2232	0x2206B0x1e090x1d0eB0x143aB0x5fb
0x2235	0x2234
0x2236	0x2234
0x2238	0x2234
0x2239	0x2234
0x8f9a	0x8f96
0x8f9d	0x8f96
0x907c	0x9078
0x907f	0x9078
0x9213	0x9212
0x9215	0x9212
0x921e	0x9212
0x9242	0x9240
0x924b	0x9240
0x926f	0x926d
0x9278	0x926d
0x929b	0x929aB0x325
0x929c	0x929aB0x325
0x929d	0x929aB0x325
0x929e	0x929aB0x325
0x92c0	0x92bfB0x3a6
0x92c1	0x92bfB0x3a6
0x92c2	0x92bfB0x3a6
0x92c3	0x92bfB0x3a6
0x92e5	0x92e4
0x92e7	0x92e4
0x92f0	0x92e4
0x9313	0x9312B0x29d
0x9313	0x9312B0x2db
0x9313	0x9312B0x316
0x9313	0x9312B0x397
0x9313	0x9312B0x537
0x9313	0x9312B0x556
0x9313	0x9312B0x60b
0x9313	0x9312B0x67b
0x9313	0x9312B0xe21
0x9313	0x9312B0xf1e
0x9313	0x9312B0x10af
0x9313	0x9312B0x27f
0x9313	0x9312B0x16adB0x66b
0x9313	0x9312B0x1d4eB0x143aB0x5fb
0x9314	0x9312B0x29d
0x9314	0x9312B0x2db
0x9314	0x9312B0x316
0x9314	0x9312B0x397
0x9314	0x9312B0x537
0x9314	0x9312B0x556
0x9314	0x9312B0x60b
0x9314	0x9312B0x67b
0x9314	0x9312B0xe21
0x9314	0x9312B0xf1e
0x9314	0x9312B0x10af
0x9314	0x9312B0x27f
0x9314	0x9312B0x16adB0x66b
0x9314	0x9312B0x1d4eB0x143aB0x5fb
0x9315	0x9312B0x29d
0x9315	0x9312B0x2db
0x9315	0x9312B0x316
0x9315	0x9312B0x397
0x9315	0x9312B0x537
0x9315	0x9312B0x556
0x9315	0x9312B0x60b
0x9315	0x9312B0x67b
0x9315	0x9312B0xe21
0x9315	0x9312B0xf1e
0x9315	0x9312B0x10af
0x9315	0x9312B0x27f
0x9315	0x9312B0x16adB0x66b
0x9315	0x9312B0x1d4eB0x143aB0x5fb
0x9316	0x9312B0x29d
0x9316	0x9312B0x2db
0x9316	0x9312B0x316
0x9316	0x9312B0x397
0x9316	0x9312B0x537
0x9316	0x9312B0x556
0x9316	0x9312B0x60b
0x9316	0x9312B0x67b
0x9316	0x9312B0xe21
0x9316	0x9312B0xf1e
0x9316	0x9312B0x10af
0x9316	0x9312B0x27f
0x9316	0x9312B0x16adB0x66b
0x9316	0x9312B0x1d4eB0x143aB0x5fb
0x9317	0x9312B0x29d
0x9317	0x9312B0x2db
0x9317	0x9312B0x316
0x9317	0x9312B0x397
0x9317	0x9312B0x537
0x9317	0x9312B0x556
0x9317	0x9312B0x60b
0x9317	0x9312B0x67b
0x9317	0x9312B0xe21
0x9317	0x9312B0xf1e
0x9317	0x9312B0x10af
0x9317	0x9312B0x27f
0x9317	0x9312B0x16adB0x66b
0x9317	0x9312B0x1d4eB0x143aB0x5fb
0x9339	0x9338B0x2031B0x3c8
0x9339	0x9338B0x2120B0x65c
0x9339	0x9338B0x1ef6B0x34c
0x9339	0x9338B0x1f21B0x34c
0x9339	0x9338B0x1ef6B0x5ed
0x9339	0x9338B0x1f21B0x5ed
0x933a	0x9338B0x2031B0x3c8
0x933a	0x9338B0x2120B0x65c
0x933a	0x9338B0x1ef6B0x34c
0x933a	0x9338B0x1f21B0x34c
0x933a	0x9338B0x1ef6B0x5ed
0x933a	0x9338B0x1f21B0x5ed
0x933b	0x9338B0x2031B0x3c8
0x933b	0x9338B0x2120B0x65c
0x933b	0x9338B0x1ef6B0x34c
0x933b	0x9338B0x1f21B0x34c
0x933b	0x9338B0x1ef6B0x5ed
0x933b	0x9338B0x1f21B0x5ed
0x933c	0x9338B0x2031B0x3c8
0x933c	0x9338B0x2120B0x65c
0x933c	0x9338B0x1ef6B0x34c
0x933c	0x9338B0x1f21B0x34c
0x933c	0x9338B0x1ef6B0x5ed
0x933c	0x9338B0x1f21B0x5ed
0x933d	0x9338B0x2031B0x3c8
0x933d	0x9338B0x2120B0x65c
0x933d	0x9338B0x1ef6B0x34c
0x933d	0x9338B0x1f21B0x34c
0x933d	0x9338B0x1ef6B0x5ed
0x933d	0x9338B0x1f21B0x5ed
0x935f	0x935eB0xa1c
0x935f	0x935eB0x18e1
0x935f	0x935eB0x1c5b
0x9360	0x935eB0xa1c
0x9360	0x935eB0x18e1
0x9360	0x935eB0x1c5b
0x9361	0x935eB0xa1c
0x9361	0x935eB0x18e1
0x9361	0x935eB0x1c5b
0x9362	0x935eB0xa1c
0x9362	0x935eB0x18e1
0x9362	0x935eB0x1c5b
0x9363	0x935eB0xa1c
0x9363	0x935eB0x18e1
0x9363	0x935eB0x1c5b
0x9385	0x9384B0xe51
0x9385	0x9384B0xf6f
0x9385	0x9384B0x1d75B0x143aB0x5fb
0x9386	0x9384B0xe51
0x9386	0x9384B0xf6f
0x9386	0x9384B0x1d75B0x143aB0x5fb
0x9387	0x9384B0xe51
0x9387	0x9384B0xf6f
0x9387	0x9384B0x1d75B0x143aB0x5fb
0x9388	0x9384B0xe51
0x9388	0x9384B0xf6f
0x9388	0x9384B0x1d75B0x143aB0x5fb
0x9389	0x9384B0xe51
0x9389	0x9384B0xf6f
0x9389	0x9384B0x1d75B0x143aB0x5fb
0x93ab	0x93aa
0x93ac	0x93aa
0x93ad	0x93aa
0x93ae	0x93aa
0x93d3	0x93cf
0x93d6	0x93cf
