0x0	[0x0, nil]
0xf	[0xf, nil]
0x4	[0x4, nil]
0x8	[0x8, nil]
0x3f	[0x3f, nil]
0x1f	[0x1f, nil]
0x2	[0x2, nil]
0x5	[0x5, nil]
0x7	[0x7, nil]
0x9	[0x9, nil]
0xd	[0xd, nil]
0x10	[0x10, nil]
0x12	[0x12, nil]
0x14	[0x14, nil]
0x19	[0x19, nil]
0x24	[0x24, nil]
0x2a	[0x2a, nil]
0x2f	[0x2f, nil]
0x35	[0x35, nil]
0x3a	[0x3a, nil]
0x44	[0x44, nil]
0x45	[0x45, nil]
0x4b	[0x4b, nil]
0x50	[0x50, nil]
0x53	[0x53, nil]
0x56	[0x56, nil]
0x57	[0x57, nil]
0x59	[0x59, nil]
0x5e	[0x5e, nil]
0x65	[0x65, nil]
0x68	[0x68, nil]
0x6b	[0x6b, nil]
0x6c	[0x6c, nil]
0x6e	[0x6e, nil]
0x73	[0x73, nil]
0x78	[0x78, nil]
0x7a	[0x7a, nil]
0x7b	[0x7b, nil]
0x7f	[0x7f, nil]
0x85	[0x85, nil]
0x88	[0x88, nil]
0x8b	[0x8b, nil]
0x8c	[0x8c, nil]
0x8e	[0x8e, nil]
0x93	[0x93, nil]
0x98	[0x98, nil]
0x9a	[0x9a, nil]
0x9b	[0x9b, nil]
0x9f	[0x9f, nil]
0xa5	[0xa5, nil]
0xa8	[0xa8, nil]
0xab	[0xab, nil]
0xac	[0xac, nil]
0xae	[0xae, nil]
0xb3	[0xb3, nil]
0xb8	[0xb8, nil]
0xba	[0xba, nil]
0xbe	[0xbe, nil]
0xc0	[0xc0, nil]
0xc1	[0xc1, nil]
0xc3	[0xc3, nil]
0xc6	[0xc6, nil]
0x15be	[0x15be, nil]
0x15c1	[0x15c1, nil]
0x15c4	[0x15c4, nil]
0x15c5	[0x15c5, nil]
0x15c6	[0x15c6, nil]
0x15ca	[0x15ca, nil]
0x15d0	[0x15d0, nil]
0x15d1	[0x15d1, nil]
0x15d3	[0x15d3, nil]
0x15d6	[0x15d6, nil]
0x15da	[0x15da, nil]
0x15e7	[0x15e7, nil]
0x15ec	[0x15ec, nil]
0x15ee	[0x15ee, nil]
0x15f0	[0x15f0, nil]
0x15f4	[0x15f4, nil]
0x15f8	[0x15f8, nil]
0x15f9	[0x15f9, nil]
0x15fa	[0x15fa, nil]
0x15fe	[0x15fe, nil]
0x1605	[0x1605, nil]
0x1609	[0x1609, nil]
0x160a	[0x160a, nil]
0x160b	[0x160b, nil]
0x1610	[0x1610, nil]
0x1615	[0x1615, nil]
0x1618	[0x1618, nil]
0x1619	[0x1619, nil]
0x182e	[0x182e, nil]
0x1831	[0x1831, nil]
0x1834	[0x1834, nil]
0x1835	[0x1835, nil]
0x1836	[0x1836, nil]
0x183a	[0x183a, nil]
0x1840	[0x1840, nil]
0x1841	[0x1841, nil]
0x1843	[0x1843, nil]
0x1846	[0x1846, nil]
0x184a	[0x184a, nil]
0x1852	[0x1852, nil]
0x1857	[0x1857, nil]
0x1859	[0x1859, nil]
0x185b	[0x185b, nil]
0x185f	[0x185f, nil]
0x1863	[0x1863, nil]
0x1864	[0x1864, nil]
0x1865	[0x1865, nil]
0x1869	[0x1869, nil]
0x1870	[0x1870, nil]
0x1874	[0x1874, nil]
0x1875	[0x1875, nil]
0x1876	[0x1876, nil]
0x187b	[0x187b, nil]
0x187c	[0x187c, nil]
0x1882	[0x1882, nil]
0x1884	[0x1884, nil]
0x1885	[0x1885, nil]
0x1889	[0x1889, nil]
0x1893	[0x1893, nil]
0x1896	[0x1896, nil]
0x1897	[0x1897, nil]
0x6d67	[0x15df, nil]
0x6e71	[0x15df, nil]
0x6ee8	[0x1a, nil]
0x6eea	[0x25, nil]
0x6eec	[0x30, nil]
0x6eee	[0x3b, nil]
0x6ef0	[0x49, nil]
0x6ef4	[0x4f, nil]
0x6ef7	[0x64, nil]
0x6efa	[0x77, nil]
0x6efd	[0x97, nil]
0x158aS0x6d66	[0x15e2, [0x158a, nil]]
0x158dS0x6d66	[0x15e2, [0x158d, nil]]
0x1592S0x6d66	[0x15e2, [0x1592, nil]]
0x35b9S0x6d66	[0x15e2, [0x149a, nil]]
0x35beS0x6d66	[0x15e2, [0x149f, nil]]
0x35c0S0x6d66	[0x15e2, [0x14a1, nil]]
0x35c1S0x6d66	[0x15e2, [0x14a2, nil]]
0x35c4S0x6d66	[0x15e2, [0x14a5, nil]]
0x35c6S0x6d66	[0x15e2, [0x14a7, nil]]
0x35c9S0x6d66	[0x15e2, [0x14aa, nil]]
0x35cbS0x6d66	[0x15e2, [0x14ac, nil]]
0x1569S0x6d66	[0x15e2, [0x1569, nil]]
0x156bS0x6d66	[0x15e2, [0x156b, nil]]
0x156cS0x6d66	[0x15e2, [0x156c, nil]]
0x156fS0x6d66	[0x15e2, [0x156f, nil]]
0x1570S0x6d66	[0x15e2, [0x1570, nil]]
0x1572S0x6d66	[0x15e2, [0x1572, nil]]
0x1573S0x6d66	[0x15e2, [0x1573, nil]]
0x1575S0x6d66	[0x15e2, [0x1575, nil]]
0x1576S0x6d66	[0x15e2, [0x1576, nil]]
0x1580S0x6d66	[0x15e2, [0x1580, nil]]
0x1583S0x6d66	[0x15e2, [0x1583, nil]]
0x1584S0x6d66	[0x15e2, [0x1584, nil]]
0x1585S0x6d66	[0x15e2, [0x1585, nil]]
0x1586S0x6d66	[0x15e2, [0x1586, nil]]
0x158aS0x6e70	[0x15e2, [0x158a, nil]]
0x158dS0x6e70	[0x15e2, [0x158d, nil]]
0x1592S0x6e70	[0x15e2, [0x1592, nil]]
0x35b9S0x6e70	[0x15e2, [0x149a, nil]]
0x35beS0x6e70	[0x15e2, [0x149f, nil]]
0x35c0S0x6e70	[0x15e2, [0x14a1, nil]]
0x35c1S0x6e70	[0x15e2, [0x14a2, nil]]
0x35c4S0x6e70	[0x15e2, [0x14a5, nil]]
0x35c6S0x6e70	[0x15e2, [0x14a7, nil]]
0x35c9S0x6e70	[0x15e2, [0x14aa, nil]]
0x35cbS0x6e70	[0x15e2, [0x14ac, nil]]
0x1569S0x6e70	[0x15e2, [0x1569, nil]]
0x156bS0x6e70	[0x15e2, [0x156b, nil]]
0x156cS0x6e70	[0x15e2, [0x156c, nil]]
0x156fS0x6e70	[0x15e2, [0x156f, nil]]
0x1570S0x6e70	[0x15e2, [0x1570, nil]]
0x1572S0x6e70	[0x15e2, [0x1572, nil]]
0x1573S0x6e70	[0x15e2, [0x1573, nil]]
0x1575S0x6e70	[0x15e2, [0x1575, nil]]
0x1576S0x6e70	[0x15e2, [0x1576, nil]]
0x1580S0x6e70	[0x15e2, [0x1580, nil]]
0x1583S0x6e70	[0x15e2, [0x1583, nil]]
0x1584S0x6e70	[0x15e2, [0x1584, nil]]
0x1585S0x6e70	[0x15e2, [0x1585, nil]]
0x1586S0x6e70	[0x15e2, [0x1586, nil]]
0x1373S0x83	[0x91, [0x1373, nil]]
0x1365S0x83	[0x91, [0x1365, nil]]
0x1368S0x83	[0x91, [0x1368, nil]]
0x136cS0x83	[0x91, [0x136c, nil]]
0x136dS0x83	[0x91, [0x136d, nil]]
0x136eS0x83	[0x91, [0x136e, nil]]
0x136fS0x83	[0x91, [0x136f, nil]]
0x1379S0x83	[0x91, [0x1379, nil]]
0x137aS0x83	[0x91, [0x137a, nil]]
0x137eS0x83	[0x91, [0x137e, nil]]
0x1384S0x83	[0x91, [0x1384, nil]]
0x1389S0x83	[0x91, [0x1389, nil]]
0x138aS0x83	[0x91, [0x138a, nil]]
0x12e9S0x1377S0x83	[0x91, [0x1381, [0x12e9, nil]]]
0x12d9S0x1377S0x83	[0x91, [0x1381, [0x12d9, nil]]]
0x12dbS0x1377S0x83	[0x91, [0x1381, [0x12db, nil]]]
0x12ddS0x1377S0x83	[0x91, [0x1381, [0x12dd, nil]]]
0x12dfS0x1377S0x83	[0x91, [0x1381, [0x12df, nil]]]
0x12e0S0x1377S0x83	[0x91, [0x1381, [0x12e0, nil]]]
0x12e2S0x1377S0x83	[0x91, [0x1381, [0x12e2, nil]]]
0x12e4S0x1377S0x83	[0x91, [0x1381, [0x12e4, nil]]]
0x12e5S0x1377S0x83	[0x91, [0x1381, [0x12e5, nil]]]
0x1373S0xa3	[0xb1, [0x1373, nil]]
0x1365S0xa3	[0xb1, [0x1365, nil]]
0x1368S0xa3	[0xb1, [0x1368, nil]]
0x136cS0xa3	[0xb1, [0x136c, nil]]
0x136dS0xa3	[0xb1, [0x136d, nil]]
0x136eS0xa3	[0xb1, [0x136e, nil]]
0x136fS0xa3	[0xb1, [0x136f, nil]]
0x1379S0xa3	[0xb1, [0x1379, nil]]
0x137aS0xa3	[0xb1, [0x137a, nil]]
0x137eS0xa3	[0xb1, [0x137e, nil]]
0x1384S0xa3	[0xb1, [0x1384, nil]]
0x1389S0xa3	[0xb1, [0x1389, nil]]
0x138aS0xa3	[0xb1, [0x138a, nil]]
0x12e9S0x1377S0xa3	[0xb1, [0x1381, [0x12e9, nil]]]
0x12d9S0x1377S0xa3	[0xb1, [0x1381, [0x12d9, nil]]]
0x12dbS0x1377S0xa3	[0xb1, [0x1381, [0x12db, nil]]]
0x12ddS0x1377S0xa3	[0xb1, [0x1381, [0x12dd, nil]]]
0x12dfS0x1377S0xa3	[0xb1, [0x1381, [0x12df, nil]]]
0x12e0S0x1377S0xa3	[0xb1, [0x1381, [0x12e0, nil]]]
0x12e2S0x1377S0xa3	[0xb1, [0x1381, [0x12e2, nil]]]
0x12e4S0x1377S0xa3	[0xb1, [0x1381, [0x12e4, nil]]]
0x12e5S0x1377S0xa3	[0xb1, [0x1381, [0x12e5, nil]]]
0x134eS0x64	[0x71, [0x134e, nil]]
0x1341S0x64	[0x71, [0x1341, nil]]
0x1343S0x64	[0x71, [0x1343, nil]]
0x1347S0x64	[0x71, [0x1347, nil]]
0x1348S0x64	[0x71, [0x1348, nil]]
0x1349S0x64	[0x71, [0x1349, nil]]
0x134aS0x64	[0x71, [0x134a, nil]]
0x1354S0x64	[0x71, [0x1354, nil]]
0x1355S0x64	[0x71, [0x1355, nil]]
0x1359S0x64	[0x71, [0x1359, nil]]
0x12e9S0x1352S0x64	[0x71, [0x135c, [0x12e9, nil]]]
0x12d9S0x1352S0x64	[0x71, [0x135c, [0x12d9, nil]]]
0x12dbS0x1352S0x64	[0x71, [0x135c, [0x12db, nil]]]
0x12ddS0x1352S0x64	[0x71, [0x135c, [0x12dd, nil]]]
0x12dfS0x1352S0x64	[0x71, [0x135c, [0x12df, nil]]]
0x12e0S0x1352S0x64	[0x71, [0x135c, [0x12e0, nil]]]
0x12e2S0x1352S0x64	[0x71, [0x135c, [0x12e2, nil]]]
0x12e4S0x1352S0x64	[0x71, [0x135c, [0x12e4, nil]]]
0x12e5S0x1352S0x64	[0x71, [0x135c, [0x12e5, nil]]]
0x15acS0x15ce	[0x15dd, [0x15ac, nil]]
0x15afS0x15ce	[0x15dd, [0x15af, nil]]
0x15b5S0x15ce	[0x15dd, [0x15b5, nil]]
0x15b7S0x15ce	[0x15dd, [0x15b7, nil]]
0x15b8S0x15ce	[0x15dd, [0x15b8, nil]]
0x15baS0x15ce	[0x15dd, [0x15ba, nil]]
0x35eeS0x15ce	[0x15dd, [0x149a, nil]]
0x35f3S0x15ce	[0x15dd, [0x149f, nil]]
0x35f5S0x15ce	[0x15dd, [0x14a1, nil]]
0x35f6S0x15ce	[0x15dd, [0x14a2, nil]]
0x35f9S0x15ce	[0x15dd, [0x14a5, nil]]
0x35fbS0x15ce	[0x15dd, [0x14a7, nil]]
0x35feS0x15ce	[0x15dd, [0x14aa, nil]]
0x3600S0x15ce	[0x15dd, [0x14ac, nil]]
0x159aS0x15ce	[0x15dd, [0x159a, nil]]
0x159cS0x15ce	[0x15dd, [0x159c, nil]]
0x15a6S0x15ce	[0x15dd, [0x15a6, nil]]
0x15a7S0x15ce	[0x15dd, [0x15a7, nil]]
0x15a8S0x15ce	[0x15dd, [0x15a8, nil]]
0x15acS0x183e	[0x184d, [0x15ac, nil]]
0x15afS0x183e	[0x184d, [0x15af, nil]]
0x15b5S0x183e	[0x184d, [0x15b5, nil]]
0x15b7S0x183e	[0x184d, [0x15b7, nil]]
0x15b8S0x183e	[0x184d, [0x15b8, nil]]
0x15baS0x183e	[0x184d, [0x15ba, nil]]
0x35eeS0x183e	[0x184d, [0x149a, nil]]
0x35f3S0x183e	[0x184d, [0x149f, nil]]
0x35f5S0x183e	[0x184d, [0x14a1, nil]]
0x35f6S0x183e	[0x184d, [0x14a2, nil]]
0x35f9S0x183e	[0x184d, [0x14a5, nil]]
0x35fbS0x183e	[0x184d, [0x14a7, nil]]
0x35feS0x183e	[0x184d, [0x14aa, nil]]
0x3600S0x183e	[0x184d, [0x14ac, nil]]
0x159aS0x183e	[0x184d, [0x159a, nil]]
0x159cS0x183e	[0x184d, [0x159c, nil]]
0x15a6S0x183e	[0x184d, [0x15a6, nil]]
0x15a7S0x183e	[0x184d, [0x15a7, nil]]
0x15a8S0x183e	[0x184d, [0x15a8, nil]]
0x130fS0x4f	[0x5c, [0x130f, nil]]
0x12ffS0x4f	[0x5c, [0x12ff, nil]]
0x1302S0x4f	[0x5c, [0x1302, nil]]
0x1304S0x4f	[0x5c, [0x1304, nil]]
0x1308S0x4f	[0x5c, [0x1308, nil]]
0x1309S0x4f	[0x5c, [0x1309, nil]]
0x130aS0x4f	[0x5c, [0x130a, nil]]
0x130bS0x4f	[0x5c, [0x130b, nil]]
0x1315S0x4f	[0x5c, [0x1315, nil]]
0x1316S0x4f	[0x5c, [0x1316, nil]]
0x131aS0x4f	[0x5c, [0x131a, nil]]
0x1321S0x4f	[0x5c, [0x1321, nil]]
0x1324S0x4f	[0x5c, [0x1324, nil]]
0x1325S0x4f	[0x5c, [0x1325, nil]]
0x1328S0x4f	[0x5c, [0x1328, nil]]
0x132bS0x4f	[0x5c, [0x132b, nil]]
0x132cS0x4f	[0x5c, [0x132c, nil]]
0x132dS0x4f	[0x5c, [0x132d, nil]]
0x1331S0x4f	[0x5c, [0x1331, nil]]
0x12e9S0x1313S0x4f	[0x5c, [0x131d, [0x12e9, nil]]]
0x12d9S0x1313S0x4f	[0x5c, [0x131d, [0x12d9, nil]]]
0x12dbS0x1313S0x4f	[0x5c, [0x131d, [0x12db, nil]]]
0x12ddS0x1313S0x4f	[0x5c, [0x131d, [0x12dd, nil]]]
0x12dfS0x1313S0x4f	[0x5c, [0x131d, [0x12df, nil]]]
0x12e0S0x1313S0x4f	[0x5c, [0x131d, [0x12e0, nil]]]
0x12e2S0x1313S0x4f	[0x5c, [0x131d, [0x12e2, nil]]]
0x12e4S0x1313S0x4f	[0x5c, [0x131d, [0x12e4, nil]]]
0x12e5S0x1313S0x4f	[0x5c, [0x131d, [0x12e5, nil]]]
0x12faS0x131eS0x4f	[0x5c, [0x1334, [0x12fa, nil]]]
0x12f2S0x131eS0x4f	[0x5c, [0x1334, [0x12f2, nil]]]
0x12f3S0x131eS0x4f	[0x5c, [0x1334, [0x12f3, nil]]]
0x12f5S0x131eS0x4f	[0x5c, [0x1334, [0x12f5, nil]]]
0x12f6S0x131eS0x4f	[0x5c, [0x1334, [0x12f6, nil]]]
0xd0S0x5d	[0x61, [0xd0, nil]]
0xd2S0x5d	[0x61, [0xd2, nil]]
0xe7S0x5d	[0x61, [0xe7, nil]]
0xeaS0x5d	[0x61, [0xea, nil]]
0xffS0x5d	[0x61, [0xff, nil]]
0x102S0x5d	[0x61, [0x102, nil]]
0x104S0x5d	[0x61, [0x104, nil]]
0x105S0x5d	[0x61, [0x105, nil]]
0x107S0x5d	[0x61, [0x107, nil]]
0x108S0x5d	[0x61, [0x108, nil]]
0x111S0x5d	[0x61, [0x111, nil]]
0x193S0x5d	[0x61, [0x193, nil]]
0x194S0x5d	[0x61, [0x194, nil]]
0x198S0x5d	[0x61, [0x198, nil]]
0x199S0x5d	[0x61, [0x199, nil]]
0x20aS0x5d	[0x61, [0x20a, nil]]
0x20dS0x5d	[0x61, [0x20d, nil]]
0x23eS0x5d	[0x61, [0x23e, nil]]
0x241S0x5d	[0x61, [0x241, nil]]
0x2b1S0x5d	[0x61, [0x2b1, nil]]
0x2b2S0x5d	[0x61, [0x2b2, nil]]
0x2b6S0x5d	[0x61, [0x2b6, nil]]
0x2b7S0x5d	[0x61, [0x2b7, nil]]
0xcbS0x5d	[0x61, [0xcb, nil]]
0xccS0x5d	[0x61, [0xcc, nil]]
0x1c9S0x5d	[0x61, [0x1c9, nil]]
0x1ccS0x5d	[0x61, [0x1cc, nil]]
0x1cdS0x5d	[0x61, [0x1cd, nil]]
0x1d2S0x5d	[0x61, [0x1d2, nil]]
0x1d5S0x5d	[0x61, [0x1d5, nil]]
0x1d8S0x5d	[0x61, [0x1d8, nil]]
0x1dbS0x5d	[0x61, [0x1db, nil]]
0x1deS0x5d	[0x61, [0x1de, nil]]
0x1e1S0x5d	[0x61, [0x1e1, nil]]
0x1e4S0x5d	[0x61, [0x1e4, nil]]
0x1eaS0x5d	[0x61, [0x1ea, nil]]
0x200S0x5d	[0x61, [0x200, nil]]
0x203S0x5d	[0x61, [0x203, nil]]
0x205S0x5d	[0x61, [0x205, nil]]
0x206S0x5d	[0x61, [0x206, nil]]
0x116S0x5d	[0x61, [0x116, nil]]
0x119S0x5d	[0x61, [0x119, nil]]
0x11aS0x5d	[0x61, [0x11a, nil]]
0x11cS0x5d	[0x61, [0x11c, nil]]
0x11fS0x5d	[0x61, [0x11f, nil]]
0x120S0x5d	[0x61, [0x120, nil]]
0x123S0x5d	[0x61, [0x123, nil]]
0x126S0x5d	[0x61, [0x126, nil]]
0x12cS0x5d	[0x61, [0x12c, nil]]
0x12dS0x5d	[0x61, [0x12d, nil]]
0x130S0x5d	[0x61, [0x130, nil]]
0x132S0x5d	[0x61, [0x132, nil]]
0x135S0x5d	[0x61, [0x135, nil]]
0x137S0x5d	[0x61, [0x137, nil]]
0x138S0x5d	[0x61, [0x138, nil]]
0x13bS0x5d	[0x61, [0x13b, nil]]
0x13fS0x5d	[0x61, [0x13f, nil]]
0x142S0x5d	[0x61, [0x142, nil]]
0x147S0x5d	[0x61, [0x147, nil]]
0x148S0x5d	[0x61, [0x148, nil]]
0x14dS0x5d	[0x61, [0x14d, nil]]
0x14fS0x5d	[0x61, [0x14f, nil]]
0x155S0x5d	[0x61, [0x155, nil]]
0x16bS0x5d	[0x61, [0x16b, nil]]
0x172S0x5d	[0x61, [0x172, nil]]
0x177S0x5d	[0x61, [0x177, nil]]
0x179S0x5d	[0x61, [0x179, nil]]
0x17aS0x5d	[0x61, [0x17a, nil]]
0x17fS0x5d	[0x61, [0x17f, nil]]
0x181S0x5d	[0x61, [0x181, nil]]
0x183S0x5d	[0x61, [0x183, nil]]
0x186S0x5d	[0x61, [0x186, nil]]
0x18aS0x5d	[0x61, [0x18a, nil]]
0x18bS0x5d	[0x61, [0x18b, nil]]
0x18cS0x5d	[0x61, [0x18c, nil]]
0x18eS0x5d	[0x61, [0x18e, nil]]
0x18fS0x5d	[0x61, [0x18f, nil]]
0x1a2S0x5d	[0x61, [0x1a2, nil]]
0x1a4S0x5d	[0x61, [0x1a4, nil]]
0x1a5S0x5d	[0x61, [0x1a5, nil]]
0x1a6S0x5d	[0x61, [0x1a6, nil]]
0x1a8S0x5d	[0x61, [0x1a8, nil]]
0x1a9S0x5d	[0x61, [0x1a9, nil]]
0x1acS0x5d	[0x61, [0x1ac, nil]]
0x1adS0x5d	[0x61, [0x1ad, nil]]
0x1afS0x5d	[0x61, [0x1af, nil]]
0x1b1S0x5d	[0x61, [0x1b1, nil]]
0x1b6S0x5d	[0x61, [0x1b6, nil]]
0x1b8S0x5d	[0x61, [0x1b8, nil]]
0x1bdS0x5d	[0x61, [0x1bd, nil]]
0x212S0x5d	[0x61, [0x212, nil]]
0x214S0x5d	[0x61, [0x214, nil]]
0x215S0x5d	[0x61, [0x215, nil]]
0x217S0x5d	[0x61, [0x217, nil]]
0x218S0x5d	[0x61, [0x218, nil]]
0x21aS0x5d	[0x61, [0x21a, nil]]
0x21cS0x5d	[0x61, [0x21c, nil]]
0x21eS0x5d	[0x61, [0x21e, nil]]
0x220S0x5d	[0x61, [0x220, nil]]
0x221S0x5d	[0x61, [0x221, nil]]
0x222S0x5d	[0x61, [0x222, nil]]
0x225S0x5d	[0x61, [0x225, nil]]
0x227S0x5d	[0x61, [0x227, nil]]
0x229S0x5d	[0x61, [0x229, nil]]
0x22bS0x5d	[0x61, [0x22b, nil]]
0x22cS0x5d	[0x61, [0x22c, nil]]
0x22dS0x5d	[0x61, [0x22d, nil]]
0x234S0x5d	[0x61, [0x234, nil]]
0x237S0x5d	[0x61, [0x237, nil]]
0x239S0x5d	[0x61, [0x239, nil]]
0x23aS0x5d	[0x61, [0x23a, nil]]
0x33a7S0x5d	[0x61, [0x14b0, nil]]
0x33acS0x5d	[0x61, [0x14b5, nil]]
0x33aeS0x5d	[0x61, [0x14b7, nil]]
0x33afS0x5d	[0x61, [0x14b8, nil]]
0x33b2S0x5d	[0x61, [0x14bb, nil]]
0x33b4S0x5d	[0x61, [0x14bd, nil]]
0x33b7S0x5d	[0x61, [0x14c0, nil]]
0x33b9S0x5d	[0x61, [0x14c2, nil]]
0x246S0x5d	[0x61, [0x246, nil]]
0x248S0x5d	[0x61, [0x248, nil]]
0x24aS0x5d	[0x61, [0x24a, nil]]
0x24cS0x5d	[0x61, [0x24c, nil]]
0x24dS0x5d	[0x61, [0x24d, nil]]
0x250S0x5d	[0x61, [0x250, nil]]
0x251S0x5d	[0x61, [0x251, nil]]
0x255S0x5d	[0x61, [0x255, nil]]
0x259S0x5d	[0x61, [0x259, nil]]
0x25cS0x5d	[0x61, [0x25c, nil]]
0x25eS0x5d	[0x61, [0x25e, nil]]
0x260S0x5d	[0x61, [0x260, nil]]
0x261S0x5d	[0x61, [0x261, nil]]
0x266S0x5d	[0x61, [0x266, nil]]
0x268S0x5d	[0x61, [0x268, nil]]
0x26bS0x5d	[0x61, [0x26b, nil]]
0x281S0x5d	[0x61, [0x281, nil]]
0x287S0x5d	[0x61, [0x287, nil]]
0x289S0x5d	[0x61, [0x289, nil]]
0x291S0x5d	[0x61, [0x291, nil]]
0x293S0x5d	[0x61, [0x293, nil]]
0x295S0x5d	[0x61, [0x295, nil]]
0x297S0x5d	[0x61, [0x297, nil]]
0x298S0x5d	[0x61, [0x298, nil]]
0x33dcS0x5d	[0x61, [0x14b0, nil]]
0x33e1S0x5d	[0x61, [0x14b5, nil]]
0x33e3S0x5d	[0x61, [0x14b7, nil]]
0x33e4S0x5d	[0x61, [0x14b8, nil]]
0x33e7S0x5d	[0x61, [0x14bb, nil]]
0x33e9S0x5d	[0x61, [0x14bd, nil]]
0x33ecS0x5d	[0x61, [0x14c0, nil]]
0x33eeS0x5d	[0x61, [0x14c2, nil]]
0x29dS0x5d	[0x61, [0x29d, nil]]
0x29fS0x5d	[0x61, [0x29f, nil]]
0x2a1S0x5d	[0x61, [0x2a1, nil]]
0x2a4S0x5d	[0x61, [0x2a4, nil]]
0x2a8S0x5d	[0x61, [0x2a8, nil]]
0x2a9S0x5d	[0x61, [0x2a9, nil]]
0x2aaS0x5d	[0x61, [0x2aa, nil]]
0x2acS0x5d	[0x61, [0x2ac, nil]]
0x2adS0x5d	[0x61, [0x2ad, nil]]
0x2c0S0x5d	[0x61, [0x2c0, nil]]
0x2c2S0x5d	[0x61, [0x2c2, nil]]
0x2c3S0x5d	[0x61, [0x2c3, nil]]
0x2c4S0x5d	[0x61, [0x2c4, nil]]
0x2c8S0x5d	[0x61, [0x2c8, nil]]
0x2caS0x5d	[0x61, [0x2ca, nil]]
0x2cdS0x5d	[0x61, [0x2cd, nil]]
0x2ceS0x5d	[0x61, [0x2ce, nil]]
0x2d0S0x5d	[0x61, [0x2d0, nil]]
0x2d1S0x5d	[0x61, [0x2d1, nil]]
0x2d3S0x5d	[0x61, [0x2d3, nil]]
0x2d4S0x5d	[0x61, [0x2d4, nil]]
0x2d7S0x5d	[0x61, [0x2d7, nil]]
0x2ddS0x5d	[0x61, [0x2dd, nil]]
0x2dfS0x5d	[0x61, [0x2df, nil]]
0x1391S0xd0S0x5d	[0x61, [0x114, [0x1391, nil]]]
0x139eS0xd0S0x5d	[0x61, [0x114, [0x139e, nil]]]
0x139fS0xd0S0x5d	[0x61, [0x114, [0x139f, nil]]]
0x13a3S0xd0S0x5d	[0x61, [0x114, [0x13a3, nil]]]
0x13a5S0xd0S0x5d	[0x61, [0x114, [0x13a5, nil]]]
0x13a8S0xd0S0x5d	[0x61, [0x114, [0x13a8, nil]]]
0x13aaS0xd0S0x5d	[0x61, [0x114, [0x13aa, nil]]]
0x13acS0xd0S0x5d	[0x61, [0x114, [0x13ac, nil]]]
0x13aeS0xd0S0x5d	[0x61, [0x114, [0x13ae, nil]]]
0x13afS0xd0S0x5d	[0x61, [0x114, [0x13af, nil]]]
0x13b0S0xd0S0x5d	[0x61, [0x114, [0x13b0, nil]]]
0x13b1S0xd0S0x5d	[0x61, [0x114, [0x13b1, nil]]]
0x13b5S0xd0S0x5d	[0x61, [0x114, [0x13b5, nil]]]
0x13b7S0xd0S0x5d	[0x61, [0x114, [0x13b7, nil]]]
0x13b8S0xd0S0x5d	[0x61, [0x114, [0x13b8, nil]]]
0x13bbS0xd0S0x5d	[0x61, [0x114, [0x13bb, nil]]]
0x13bfS0xd0S0x5d	[0x61, [0x114, [0x13bf, nil]]]
0x13c1S0xd0S0x5d	[0x61, [0x114, [0x13c1, nil]]]
0x13c2S0xd0S0x5d	[0x61, [0x114, [0x13c2, nil]]]
0x13c5S0xd0S0x5d	[0x61, [0x114, [0x13c5, nil]]]
0x13caS0xd0S0x5d	[0x61, [0x114, [0x13ca, nil]]]
0x13cdS0xd0S0x5d	[0x61, [0x114, [0x13cd, nil]]]
0x13ceS0xd0S0x5d	[0x61, [0x114, [0x13ce, nil]]]
0x13d1S0xd0S0x5d	[0x61, [0x114, [0x13d1, nil]]]
0x13d4S0xd0S0x5d	[0x61, [0x114, [0x13d4, nil]]]
0x13d7S0xd0S0x5d	[0x61, [0x114, [0x13d7, nil]]]
0x13d8S0xd0S0x5d	[0x61, [0x114, [0x13d8, nil]]]
0x13dbS0xd0S0x5d	[0x61, [0x114, [0x13db, nil]]]
0x13ddS0xd0S0x5d	[0x61, [0x114, [0x13dd, nil]]]
0x13dfS0xd0S0x5d	[0x61, [0x114, [0x13df, nil]]]
0x148eS0x19cS0x5d	[0x61, [0x1c0, [0x148e, nil]]]
0x1481S0x19cS0x5d	[0x61, [0x1c0, [0x1481, nil]]]
0x1483S0x19cS0x5d	[0x61, [0x1c0, [0x1483, nil]]]
0x1487S0x19cS0x5d	[0x61, [0x1c0, [0x1487, nil]]]
0x1488S0x19cS0x5d	[0x61, [0x1c0, [0x1488, nil]]]
0x1489S0x19cS0x5d	[0x61, [0x1c0, [0x1489, nil]]]
0x148aS0x19cS0x5d	[0x61, [0x1c0, [0x148a, nil]]]
0x1494S0x19cS0x5d	[0x61, [0x1c0, [0x1494, nil]]]
0x1636S0x2baS0x5d	[0x61, [0x2e2, [0x1636, nil]]]
0x164dS0x2baS0x5d	[0x61, [0x2e2, [0x164d, nil]]]
0x1629S0x2baS0x5d	[0x61, [0x2e2, [0x1629, nil]]]
0x162bS0x2baS0x5d	[0x61, [0x2e2, [0x162b, nil]]]
0x162fS0x2baS0x5d	[0x61, [0x2e2, [0x162f, nil]]]
0x1630S0x2baS0x5d	[0x61, [0x2e2, [0x1630, nil]]]
0x1631S0x2baS0x5d	[0x61, [0x2e2, [0x1631, nil]]]
0x1632S0x2baS0x5d	[0x61, [0x2e2, [0x1632, nil]]]
0x163cS0x2baS0x5d	[0x61, [0x2e2, [0x163c, nil]]]
0x163dS0x2baS0x5d	[0x61, [0x2e2, [0x163d, nil]]]
0x1647S0x2baS0x5d	[0x61, [0x2e2, [0x1647, nil]]]
0x1648S0x2baS0x5d	[0x61, [0x2e2, [0x1648, nil]]]
0x1649S0x2baS0x5d	[0x61, [0x2e2, [0x1649, nil]]]
0x1652S0x2baS0x5d	[0x61, [0x2e2, [0x1652, nil]]]
0x1658S0x2baS0x5d	[0x61, [0x2e2, [0x1658, nil]]]
0x1659S0x2baS0x5d	[0x61, [0x2e2, [0x1659, nil]]]
0x165cS0x2baS0x5d	[0x61, [0x2e2, [0x165c, nil]]]
0x1429S0x115S0x5d	[0x61, [0x17d, [0x1429, nil]]]
0x142dS0x115S0x5d	[0x61, [0x17d, [0x142d, nil]]]
0x1430S0x115S0x5d	[0x61, [0x17d, [0x1430, nil]]]
0x1431S0x115S0x5d	[0x61, [0x17d, [0x1431, nil]]]
0x1433S0x115S0x5d	[0x61, [0x17d, [0x1433, nil]]]
0x1436S0x115S0x5d	[0x61, [0x17d, [0x1436, nil]]]
0x1438S0x115S0x5d	[0x61, [0x17d, [0x1438, nil]]]
0x143bS0x115S0x5d	[0x61, [0x17d, [0x143b, nil]]]
0x143eS0x115S0x5d	[0x61, [0x17d, [0x143e, nil]]]
0x1440S0x115S0x5d	[0x61, [0x17d, [0x1440, nil]]]
0x1447S0x115S0x5d	[0x61, [0x17d, [0x1447, nil]]]
0x144aS0x115S0x5d	[0x61, [0x17d, [0x144a, nil]]]
0x144cS0x115S0x5d	[0x61, [0x17d, [0x144c, nil]]]
0x144dS0x115S0x5d	[0x61, [0x17d, [0x144d, nil]]]
0x144eS0x115S0x5d	[0x61, [0x17d, [0x144e, nil]]]
0x1451S0x115S0x5d	[0x61, [0x17d, [0x1451, nil]]]
0x1452S0x115S0x5d	[0x61, [0x17d, [0x1452, nil]]]
0x1453S0x115S0x5d	[0x61, [0x17d, [0x1453, nil]]]
0x1454S0x115S0x5d	[0x61, [0x17d, [0x1454, nil]]]
0x1457S0x115S0x5d	[0x61, [0x17d, [0x1457, nil]]]
0x1459S0x115S0x5d	[0x61, [0x17d, [0x1459, nil]]]
0x145cS0x115S0x5d	[0x61, [0x17d, [0x145c, nil]]]
0x145dS0x115S0x5d	[0x61, [0x17d, [0x145d, nil]]]
0x145eS0x115S0x5d	[0x61, [0x17d, [0x145e, nil]]]
0x1461S0x115S0x5d	[0x61, [0x17d, [0x1461, nil]]]
0x1463S0x115S0x5d	[0x61, [0x17d, [0x1463, nil]]]
0x1466S0x115S0x5d	[0x61, [0x17d, [0x1466, nil]]]
0x1467S0x115S0x5d	[0x61, [0x17d, [0x1467, nil]]]
0x1468S0x115S0x5d	[0x61, [0x17d, [0x1468, nil]]]
0x146bS0x115S0x5d	[0x61, [0x17d, [0x146b, nil]]]
0x146dS0x115S0x5d	[0x61, [0x17d, [0x146d, nil]]]
0x1470S0x115S0x5d	[0x61, [0x17d, [0x1470, nil]]]
0x1471S0x115S0x5d	[0x61, [0x17d, [0x1471, nil]]]
0x1472S0x115S0x5d	[0x61, [0x17d, [0x1472, nil]]]
0x1475S0x115S0x5d	[0x61, [0x17d, [0x1475, nil]]]
0x13f5S0x1428S0x115S0x5d	[0x61, [0x17d, [0x1443, [0x13f5, nil]]]]
0x13f9S0x1428S0x115S0x5d	[0x61, [0x17d, [0x1443, [0x13f9, nil]]]]
0x13fbS0x1428S0x115S0x5d	[0x61, [0x17d, [0x1443, [0x13fb, nil]]]]
0x13fcS0x1428S0x115S0x5d	[0x61, [0x17d, [0x1443, [0x13fc, nil]]]]
0x13ffS0x1428S0x115S0x5d	[0x61, [0x17d, [0x1443, [0x13ff, nil]]]]
0x1401S0x1428S0x115S0x5d	[0x61, [0x17d, [0x1443, [0x1401, nil]]]]
0x1403S0x1428S0x115S0x5d	[0x61, [0x17d, [0x1443, [0x1403, nil]]]]
0x1404S0x1428S0x115S0x5d	[0x61, [0x17d, [0x1443, [0x1404, nil]]]]
0x140aS0x1428S0x115S0x5d	[0x61, [0x17d, [0x1443, [0x140a, nil]]]]
0x140cS0x1428S0x115S0x5d	[0x61, [0x17d, [0x1443, [0x140c, nil]]]]
0x1410S0x1428S0x115S0x5d	[0x61, [0x17d, [0x1443, [0x1410, nil]]]]
0x1411S0x1428S0x115S0x5d	[0x61, [0x17d, [0x1443, [0x1411, nil]]]]
0x1413S0x1428S0x115S0x5d	[0x61, [0x17d, [0x1443, [0x1413, nil]]]]
0x1415S0x1428S0x115S0x5d	[0x61, [0x17d, [0x1443, [0x1415, nil]]]]
0x1417S0x1428S0x115S0x5d	[0x61, [0x17d, [0x1443, [0x1417, nil]]]]
0x1418S0x1428S0x115S0x5d	[0x61, [0x17d, [0x1443, [0x1418, nil]]]]
0x141bS0x1428S0x115S0x5d	[0x61, [0x17d, [0x1443, [0x141b, nil]]]]
0x141cS0x1428S0x115S0x5d	[0x61, [0x17d, [0x1443, [0x141c, nil]]]]
0x141eS0x1428S0x115S0x5d	[0x61, [0x17d, [0x1443, [0x141e, nil]]]]
0x141fS0x1428S0x115S0x5d	[0x61, [0x17d, [0x1443, [0x141f, nil]]]]
0x13efS0x1428S0x115S0x5d	[0x61, [0x17d, [0x1443, [0x13ef, nil]]]]
0x13f0S0x1428S0x115S0x5d	[0x61, [0x17d, [0x1443, [0x13f0, nil]]]]
0x13f1S0x1428S0x115S0x5d	[0x61, [0x17d, [0x1443, [0x13f1, nil]]]]
0x13e3S0x1428S0x115S0x5d	[0x61, [0x17d, [0x1443, [0x13e3, nil]]]]
0x13e6S0x1428S0x115S0x5d	[0x61, [0x17d, [0x1443, [0x13e6, nil]]]]
0x13eaS0x1428S0x115S0x5d	[0x61, [0x17d, [0x1443, [0x13ea, nil]]]]
0x150dS0x245S0x5d	[0x61, [0x29b, [0x150d, nil]]]
0x150fS0x245S0x5d	[0x61, [0x29b, [0x150f, nil]]]
0x1512S0x245S0x5d	[0x61, [0x29b, [0x1512, nil]]]
0x1514S0x245S0x5d	[0x61, [0x29b, [0x1514, nil]]]
0x1516S0x245S0x5d	[0x61, [0x29b, [0x1516, nil]]]
0x1519S0x245S0x5d	[0x61, [0x29b, [0x1519, nil]]]
0x151cS0x245S0x5d	[0x61, [0x29b, [0x151c, nil]]]
0x151eS0x245S0x5d	[0x61, [0x29b, [0x151e, nil]]]
0x1523S0x245S0x5d	[0x61, [0x29b, [0x1523, nil]]]
0x1525S0x245S0x5d	[0x61, [0x29b, [0x1525, nil]]]
0x1527S0x245S0x5d	[0x61, [0x29b, [0x1527, nil]]]
0x1529S0x245S0x5d	[0x61, [0x29b, [0x1529, nil]]]
0x152aS0x245S0x5d	[0x61, [0x29b, [0x152a, nil]]]
0x152eS0x245S0x5d	[0x61, [0x29b, [0x152e, nil]]]
0x152fS0x245S0x5d	[0x61, [0x29b, [0x152f, nil]]]
0x1532S0x245S0x5d	[0x61, [0x29b, [0x1532, nil]]]
0x1535S0x245S0x5d	[0x61, [0x29b, [0x1535, nil]]]
0x1537S0x245S0x5d	[0x61, [0x29b, [0x1537, nil]]]
0x14dcS0x1509S0x245S0x5d	[0x61, [0x29b, [0x1521, [0x14dc, nil]]]]
0x14ddS0x1509S0x245S0x5d	[0x61, [0x29b, [0x1521, [0x14dd, nil]]]]
0x14deS0x1509S0x245S0x5d	[0x61, [0x29b, [0x1521, [0x14de, nil]]]]
0x14c6S0x1509S0x245S0x5d	[0x61, [0x29b, [0x1521, [0x14c6, nil]]]]
0x14c9S0x1509S0x245S0x5d	[0x61, [0x29b, [0x1521, [0x14c9, nil]]]]
0x14cdS0x1509S0x245S0x5d	[0x61, [0x29b, [0x1521, [0x14cd, nil]]]]
0x14d1S0x1509S0x245S0x5d	[0x61, [0x29b, [0x1521, [0x14d1, nil]]]]
0x14d6S0x1509S0x245S0x5d	[0x61, [0x29b, [0x1521, [0x14d6, nil]]]]
0x14d7S0x1509S0x245S0x5d	[0x61, [0x29b, [0x1521, [0x14d7, nil]]]]
0x14e3S0x1509S0x245S0x5d	[0x61, [0x29b, [0x1521, [0x14e3, nil]]]]
0x14e4S0x1509S0x245S0x5d	[0x61, [0x29b, [0x1521, [0x14e4, nil]]]]
0x14e6S0x1509S0x245S0x5d	[0x61, [0x29b, [0x1521, [0x14e6, nil]]]]
0x14e8S0x1509S0x245S0x5d	[0x61, [0x29b, [0x1521, [0x14e8, nil]]]]
0x14eaS0x1509S0x245S0x5d	[0x61, [0x29b, [0x1521, [0x14ea, nil]]]]
0x14ebS0x1509S0x245S0x5d	[0x61, [0x29b, [0x1521, [0x14eb, nil]]]]
0x14ecS0x1509S0x245S0x5d	[0x61, [0x29b, [0x1521, [0x14ec, nil]]]]
0x14f1S0x1509S0x245S0x5d	[0x61, [0x29b, [0x1521, [0x14f1, nil]]]]
0x14f5S0x1509S0x245S0x5d	[0x61, [0x29b, [0x1521, [0x14f5, nil]]]]
0x14f7S0x1509S0x245S0x5d	[0x61, [0x29b, [0x1521, [0x14f7, nil]]]]
0x14f9S0x1509S0x245S0x5d	[0x61, [0x29b, [0x1521, [0x14f9, nil]]]]
0x14faS0x1509S0x245S0x5d	[0x61, [0x29b, [0x1521, [0x14fa, nil]]]]
0x319S0x72	[0x76, [0x319, nil]]
0x31bS0x72	[0x76, [0x31b, nil]]
0x31cS0x72	[0x76, [0x31c, nil]]
0x320S0x72	[0x76, [0x320, nil]]
0x322S0x72	[0x76, [0x322, nil]]
0x325S0x72	[0x76, [0x325, nil]]
0x327S0x72	[0x76, [0x327, nil]]
0x32aS0x72	[0x76, [0x32a, nil]]
0x32cS0x72	[0x76, [0x32c, nil]]
0x32eS0x72	[0x76, [0x32e, nil]]
0x331S0x72	[0x76, [0x331, nil]]
0x333S0x72	[0x76, [0x333, nil]]
0x335S0x72	[0x76, [0x335, nil]]
0x337S0x72	[0x76, [0x337, nil]]
0x338S0x72	[0x76, [0x338, nil]]
0x33bS0x72	[0x76, [0x33b, nil]]
0x33dS0x72	[0x76, [0x33d, nil]]
0x33fS0x72	[0x76, [0x33f, nil]]
0x39cS0x72	[0x76, [0x39c, nil]]
0x39dS0x72	[0x76, [0x39d, nil]]
0x3a1S0x72	[0x76, [0x3a1, nil]]
0x3a2S0x72	[0x76, [0x3a2, nil]]
0x3dfS0x72	[0x76, [0x3df, nil]]
0x3e3S0x72	[0x76, [0x3e3, nil]]
0x3e4S0x72	[0x76, [0x3e4, nil]]
0x3e5S0x72	[0x76, [0x3e5, nil]]
0x3e6S0x72	[0x76, [0x3e6, nil]]
0x3e7S0x72	[0x76, [0x3e7, nil]]
0x3e9S0x72	[0x76, [0x3e9, nil]]
0x3eaS0x72	[0x76, [0x3ea, nil]]
0x3eeS0x72	[0x76, [0x3ee, nil]]
0x3f0S0x72	[0x76, [0x3f0, nil]]
0x3f1S0x72	[0x76, [0x3f1, nil]]
0x3f6S0x72	[0x76, [0x3f6, nil]]
0x3f8S0x72	[0x76, [0x3f8, nil]]
0x3fbS0x72	[0x76, [0x3fb, nil]]
0x3fdS0x72	[0x76, [0x3fd, nil]]
0x3ffS0x72	[0x76, [0x3ff, nil]]
0x401S0x72	[0x76, [0x401, nil]]
0x402S0x72	[0x76, [0x402, nil]]
0x404S0x72	[0x76, [0x404, nil]]
0x405S0x72	[0x76, [0x405, nil]]
0x408S0x72	[0x76, [0x408, nil]]
0x40aS0x72	[0x76, [0x40a, nil]]
0x40bS0x72	[0x76, [0x40b, nil]]
0x40eS0x72	[0x76, [0x40e, nil]]
0x412S0x72	[0x76, [0x412, nil]]
0x414S0x72	[0x76, [0x414, nil]]
0x417S0x72	[0x76, [0x417, nil]]
0x419S0x72	[0x76, [0x419, nil]]
0x42fS0x72	[0x76, [0x42f, nil]]
0x436S0x72	[0x76, [0x436, nil]]
0x438S0x72	[0x76, [0x438, nil]]
0x439S0x72	[0x76, [0x439, nil]]
0x43bS0x72	[0x76, [0x43b, nil]]
0x43dS0x72	[0x76, [0x43d, nil]]
0x440S0x72	[0x76, [0x440, nil]]
0x445S0x72	[0x76, [0x445, nil]]
0x446S0x72	[0x76, [0x446, nil]]
0x448S0x72	[0x76, [0x448, nil]]
0x449S0x72	[0x76, [0x449, nil]]
0x44dS0x72	[0x76, [0x44d, nil]]
0x4b0S0x72	[0x76, [0x4b0, nil]]
0x4b3S0x72	[0x76, [0x4b3, nil]]
0x4e4S0x72	[0x76, [0x4e4, nil]]
0x4e7S0x72	[0x76, [0x4e7, nil]]
0x558S0x72	[0x76, [0x558, nil]]
0x5acS0x72	[0x76, [0x5ac, nil]]
0x5afS0x72	[0x76, [0x5af, nil]]
0x5b0S0x72	[0x76, [0x5b0, nil]]
0x5b4S0x72	[0x76, [0x5b4, nil]]
0x5b7S0x72	[0x76, [0x5b7, nil]]
0x5ceS0x72	[0x76, [0x5ce, nil]]
0x5e3S0x72	[0x76, [0x5e3, nil]]
0x5e6S0x72	[0x76, [0x5e6, nil]]
0x5e8S0x72	[0x76, [0x5e8, nil]]
0x5edS0x72	[0x76, [0x5ed, nil]]
0x5efS0x72	[0x76, [0x5ef, nil]]
0x5f0S0x72	[0x76, [0x5f0, nil]]
0x5f3S0x72	[0x76, [0x5f3, nil]]
0x5f5S0x72	[0x76, [0x5f5, nil]]
0x5f6S0x72	[0x76, [0x5f6, nil]]
0x5f9S0x72	[0x76, [0x5f9, nil]]
0x5fbS0x72	[0x76, [0x5fb, nil]]
0x5fcS0x72	[0x76, [0x5fc, nil]]
0x5ffS0x72	[0x76, [0x5ff, nil]]
0x603S0x72	[0x76, [0x603, nil]]
0x605S0x72	[0x76, [0x605, nil]]
0x608S0x72	[0x76, [0x608, nil]]
0x60cS0x72	[0x76, [0x60c, nil]]
0x60fS0x72	[0x76, [0x60f, nil]]
0x612S0x72	[0x76, [0x612, nil]]
0x613S0x72	[0x76, [0x613, nil]]
0x618S0x72	[0x76, [0x618, nil]]
0x61aS0x72	[0x76, [0x61a, nil]]
0x61dS0x72	[0x76, [0x61d, nil]]
0x633S0x72	[0x76, [0x633, nil]]
0x63bS0x72	[0x76, [0x63b, nil]]
0x640S0x72	[0x76, [0x640, nil]]
0x642S0x72	[0x76, [0x642, nil]]
0x643S0x72	[0x76, [0x643, nil]]
0x65cS0x72	[0x76, [0x65c, nil]]
0x65dS0x72	[0x76, [0x65d, nil]]
0x661S0x72	[0x76, [0x661, nil]]
0x662S0x72	[0x76, [0x662, nil]]
0x6d4S0x72	[0x76, [0x6d4, nil]]
0x6d5S0x72	[0x76, [0x6d5, nil]]
0x6d9S0x72	[0x76, [0x6d9, nil]]
0x6daS0x72	[0x76, [0x6da, nil]]
0x714S0x72	[0x76, [0x714, nil]]
0x716S0x72	[0x76, [0x716, nil]]
0x717S0x72	[0x76, [0x717, nil]]
0x71cS0x72	[0x76, [0x71c, nil]]
0x71eS0x72	[0x76, [0x71e, nil]]
0x721S0x72	[0x76, [0x721, nil]]
0x723S0x72	[0x76, [0x723, nil]]
0x725S0x72	[0x76, [0x725, nil]]
0x727S0x72	[0x76, [0x727, nil]]
0x728S0x72	[0x76, [0x728, nil]]
0x72aS0x72	[0x76, [0x72a, nil]]
0x72bS0x72	[0x76, [0x72b, nil]]
0x72eS0x72	[0x76, [0x72e, nil]]
0x730S0x72	[0x76, [0x730, nil]]
0x733S0x72	[0x76, [0x733, nil]]
0x737S0x72	[0x76, [0x737, nil]]
0x739S0x72	[0x76, [0x739, nil]]
0x73cS0x72	[0x76, [0x73c, nil]]
0x73eS0x72	[0x76, [0x73e, nil]]
0x754S0x72	[0x76, [0x754, nil]]
0x75aS0x72	[0x76, [0x75a, nil]]
0x75cS0x72	[0x76, [0x75c, nil]]
0x81aS0x72	[0x76, [0x81a, nil]]
0x81bS0x72	[0x76, [0x81b, nil]]
0x81fS0x72	[0x76, [0x81f, nil]]
0x820S0x72	[0x76, [0x820, nil]]
0x7730x2e8S0x72	[0x76, [0x773, nil]]
0x56d0x2e8S0x72	[0x76, [0x56d, nil]]
0x56c0x2e8S0x72	[0x76, [0x56c, nil]]
0x5680x2e8S0x72	[0x76, [0x568, nil]]
0x5670x2e8S0x72	[0x76, [0x567, nil]]
0x4620x2e8S0x72	[0x76, [0x462, nil]]
0x4610x2e8S0x72	[0x76, [0x461, nil]]
0x45d0x2e8S0x72	[0x76, [0x45d, nil]]
0x45c0x2e8S0x72	[0x76, [0x45c, nil]]
0x2e9S0x72	[0x76, [0x2e9, nil]]
0x2eaS0x72	[0x76, [0x2ea, nil]]
0x2ecS0x72	[0x76, [0x2ec, nil]]
0x2eeS0x72	[0x76, [0x2ee, nil]]
0x2f0S0x72	[0x76, [0x2f0, nil]]
0x2f1S0x72	[0x76, [0x2f1, nil]]
0x2f2S0x72	[0x76, [0x2f2, nil]]
0x313S0x72	[0x76, [0x313, nil]]
0x314S0x72	[0x76, [0x314, nil]]
0x315S0x72	[0x76, [0x315, nil]]
0x34aS0x72	[0x76, [0x34a, nil]]
0x34cS0x72	[0x76, [0x34c, nil]]
0x34dS0x72	[0x76, [0x34d, nil]]
0x352S0x72	[0x76, [0x352, nil]]
0x354S0x72	[0x76, [0x354, nil]]
0x357S0x72	[0x76, [0x357, nil]]
0x359S0x72	[0x76, [0x359, nil]]
0x35bS0x72	[0x76, [0x35b, nil]]
0x35dS0x72	[0x76, [0x35d, nil]]
0x35eS0x72	[0x76, [0x35e, nil]]
0x360S0x72	[0x76, [0x360, nil]]
0x361S0x72	[0x76, [0x361, nil]]
0x364S0x72	[0x76, [0x364, nil]]
0x366S0x72	[0x76, [0x366, nil]]
0x369S0x72	[0x76, [0x369, nil]]
0x37fS0x72	[0x76, [0x37f, nil]]
0x385S0x72	[0x76, [0x385, nil]]
0x387S0x72	[0x76, [0x387, nil]]
0x388S0x72	[0x76, [0x388, nil]]
0x38bS0x72	[0x76, [0x38b, nil]]
0x38dS0x72	[0x76, [0x38d, nil]]
0x390S0x72	[0x76, [0x390, nil]]
0x393S0x72	[0x76, [0x393, nil]]
0x394S0x72	[0x76, [0x394, nil]]
0x395S0x72	[0x76, [0x395, nil]]
0x397S0x72	[0x76, [0x397, nil]]
0x398S0x72	[0x76, [0x398, nil]]
0x3aaS0x72	[0x76, [0x3aa, nil]]
0x3acS0x72	[0x76, [0x3ac, nil]]
0x3adS0x72	[0x76, [0x3ad, nil]]
0x3aeS0x72	[0x76, [0x3ae, nil]]
0x3b0S0x72	[0x76, [0x3b0, nil]]
0x3b1S0x72	[0x76, [0x3b1, nil]]
0x3b4S0x72	[0x76, [0x3b4, nil]]
0x3b5S0x72	[0x76, [0x3b5, nil]]
0x3b7S0x72	[0x76, [0x3b7, nil]]
0x3b9S0x72	[0x76, [0x3b9, nil]]
0x3beS0x72	[0x76, [0x3be, nil]]
0x3c0S0x72	[0x76, [0x3c0, nil]]
0x3c5S0x72	[0x76, [0x3c5, nil]]
0x3caS0x72	[0x76, [0x3ca, nil]]
0x3cdS0x72	[0x76, [0x3cd, nil]]
0x3ceS0x72	[0x76, [0x3ce, nil]]
0x3d2S0x72	[0x76, [0x3d2, nil]]
0x3d4S0x72	[0x76, [0x3d4, nil]]
0x3d6S0x72	[0x76, [0x3d6, nil]]
0x3d8S0x72	[0x76, [0x3d8, nil]]
0x3d9S0x72	[0x76, [0x3d9, nil]]
0x3daS0x72	[0x76, [0x3da, nil]]
0x3dbS0x72	[0x76, [0x3db, nil]]
0x57bS0x72	[0x76, [0x57b, nil]]
0x590S0x72	[0x76, [0x590, nil]]
0x592S0x72	[0x76, [0x592, nil]]
0x594S0x72	[0x76, [0x594, nil]]
0x596S0x72	[0x76, [0x596, nil]]
0x597S0x72	[0x76, [0x597, nil]]
0x598S0x72	[0x76, [0x598, nil]]
0x59aS0x72	[0x76, [0x59a, nil]]
0x59cS0x72	[0x76, [0x59c, nil]]
0x59dS0x72	[0x76, [0x59d, nil]]
0x59eS0x72	[0x76, [0x59e, nil]]
0x5a0S0x72	[0x76, [0x5a0, nil]]
0x5a2S0x72	[0x76, [0x5a2, nil]]
0x5a4S0x72	[0x76, [0x5a4, nil]]
0x5a5S0x72	[0x76, [0x5a5, nil]]
0x5a6S0x72	[0x76, [0x5a6, nil]]
0x5a7S0x72	[0x76, [0x5a7, nil]]
0x5a8S0x72	[0x76, [0x5a8, nil]]
0x46fS0x72	[0x76, [0x46f, nil]]
0x472S0x72	[0x76, [0x472, nil]]
0x473S0x72	[0x76, [0x473, nil]]
0x478S0x72	[0x76, [0x478, nil]]
0x47bS0x72	[0x76, [0x47b, nil]]
0x47eS0x72	[0x76, [0x47e, nil]]
0x481S0x72	[0x76, [0x481, nil]]
0x484S0x72	[0x76, [0x484, nil]]
0x487S0x72	[0x76, [0x487, nil]]
0x48aS0x72	[0x76, [0x48a, nil]]
0x490S0x72	[0x76, [0x490, nil]]
0x4a6S0x72	[0x76, [0x4a6, nil]]
0x4a9S0x72	[0x76, [0x4a9, nil]]
0x4abS0x72	[0x76, [0x4ab, nil]]
0x4acS0x72	[0x76, [0x4ac, nil]]
0x4b8S0x72	[0x76, [0x4b8, nil]]
0x4baS0x72	[0x76, [0x4ba, nil]]
0x4bbS0x72	[0x76, [0x4bb, nil]]
0x4bdS0x72	[0x76, [0x4bd, nil]]
0x4beS0x72	[0x76, [0x4be, nil]]
0x4c0S0x72	[0x76, [0x4c0, nil]]
0x4c2S0x72	[0x76, [0x4c2, nil]]
0x4c4S0x72	[0x76, [0x4c4, nil]]
0x4c6S0x72	[0x76, [0x4c6, nil]]
0x4c7S0x72	[0x76, [0x4c7, nil]]
0x4c8S0x72	[0x76, [0x4c8, nil]]
0x4cbS0x72	[0x76, [0x4cb, nil]]
0x4cdS0x72	[0x76, [0x4cd, nil]]
0x4cfS0x72	[0x76, [0x4cf, nil]]
0x4d1S0x72	[0x76, [0x4d1, nil]]
0x4d2S0x72	[0x76, [0x4d2, nil]]
0x4d3S0x72	[0x76, [0x4d3, nil]]
0x4daS0x72	[0x76, [0x4da, nil]]
0x4ddS0x72	[0x76, [0x4dd, nil]]
0x4dfS0x72	[0x76, [0x4df, nil]]
0x4e0S0x72	[0x76, [0x4e0, nil]]
0x3411S0x72	[0x76, [0x14b0, nil]]
0x3416S0x72	[0x76, [0x14b5, nil]]
0x3418S0x72	[0x76, [0x14b7, nil]]
0x3419S0x72	[0x76, [0x14b8, nil]]
0x341cS0x72	[0x76, [0x14bb, nil]]
0x341eS0x72	[0x76, [0x14bd, nil]]
0x3421S0x72	[0x76, [0x14c0, nil]]
0x3423S0x72	[0x76, [0x14c2, nil]]
0x4ecS0x72	[0x76, [0x4ec, nil]]
0x4eeS0x72	[0x76, [0x4ee, nil]]
0x4f0S0x72	[0x76, [0x4f0, nil]]
0x4f2S0x72	[0x76, [0x4f2, nil]]
0x4f3S0x72	[0x76, [0x4f3, nil]]
0x4f6S0x72	[0x76, [0x4f6, nil]]
0x4f7S0x72	[0x76, [0x4f7, nil]]
0x4fbS0x72	[0x76, [0x4fb, nil]]
0x4ffS0x72	[0x76, [0x4ff, nil]]
0x502S0x72	[0x76, [0x502, nil]]
0x504S0x72	[0x76, [0x504, nil]]
0x506S0x72	[0x76, [0x506, nil]]
0x507S0x72	[0x76, [0x507, nil]]
0x50cS0x72	[0x76, [0x50c, nil]]
0x50eS0x72	[0x76, [0x50e, nil]]
0x511S0x72	[0x76, [0x511, nil]]
0x527S0x72	[0x76, [0x527, nil]]
0x52dS0x72	[0x76, [0x52d, nil]]
0x52fS0x72	[0x76, [0x52f, nil]]
0x533S0x72	[0x76, [0x533, nil]]
0x538S0x72	[0x76, [0x538, nil]]
0x53aS0x72	[0x76, [0x53a, nil]]
0x53cS0x72	[0x76, [0x53c, nil]]
0x53eS0x72	[0x76, [0x53e, nil]]
0x53fS0x72	[0x76, [0x53f, nil]]
0x3446S0x72	[0x76, [0x14b0, nil]]
0x344bS0x72	[0x76, [0x14b5, nil]]
0x344dS0x72	[0x76, [0x14b7, nil]]
0x344eS0x72	[0x76, [0x14b8, nil]]
0x3451S0x72	[0x76, [0x14bb, nil]]
0x3453S0x72	[0x76, [0x14bd, nil]]
0x3456S0x72	[0x76, [0x14c0, nil]]
0x3458S0x72	[0x76, [0x14c2, nil]]
0x544S0x72	[0x76, [0x544, nil]]
0x546S0x72	[0x76, [0x546, nil]]
0x548S0x72	[0x76, [0x548, nil]]
0x54bS0x72	[0x76, [0x54b, nil]]
0x550S0x72	[0x76, [0x550, nil]]
0x551S0x72	[0x76, [0x551, nil]]
0x553S0x72	[0x76, [0x553, nil]]
0x554S0x72	[0x76, [0x554, nil]]
0x648S0x72	[0x76, [0x648, nil]]
0x64aS0x72	[0x76, [0x64a, nil]]
0x64cS0x72	[0x76, [0x64c, nil]]
0x64fS0x72	[0x76, [0x64f, nil]]
0x653S0x72	[0x76, [0x653, nil]]
0x654S0x72	[0x76, [0x654, nil]]
0x655S0x72	[0x76, [0x655, nil]]
0x657S0x72	[0x76, [0x657, nil]]
0x658S0x72	[0x76, [0x658, nil]]
0x66bS0x72	[0x76, [0x66b, nil]]
0x66dS0x72	[0x76, [0x66d, nil]]
0x66eS0x72	[0x76, [0x66e, nil]]
0x66fS0x72	[0x76, [0x66f, nil]]
0x671S0x72	[0x76, [0x671, nil]]
0x672S0x72	[0x76, [0x672, nil]]
0x675S0x72	[0x76, [0x675, nil]]
0x676S0x72	[0x76, [0x676, nil]]
0x678S0x72	[0x76, [0x678, nil]]
0x67aS0x72	[0x76, [0x67a, nil]]
0x67fS0x72	[0x76, [0x67f, nil]]
0x681S0x72	[0x76, [0x681, nil]]
0x686S0x72	[0x76, [0x686, nil]]
0x68cS0x72	[0x76, [0x68c, nil]]
0x68eS0x72	[0x76, [0x68e, nil]]
0x68fS0x72	[0x76, [0x68f, nil]]
0x694S0x72	[0x76, [0x694, nil]]
0x696S0x72	[0x76, [0x696, nil]]
0x699S0x72	[0x76, [0x699, nil]]
0x69aS0x72	[0x76, [0x69a, nil]]
0x69dS0x72	[0x76, [0x69d, nil]]
0x69fS0x72	[0x76, [0x69f, nil]]
0x6a2S0x72	[0x76, [0x6a2, nil]]
0x6b8S0x72	[0x76, [0x6b8, nil]]
0x6beS0x72	[0x76, [0x6be, nil]]
0x6c0S0x72	[0x76, [0x6c0, nil]]
0x6c1S0x72	[0x76, [0x6c1, nil]]
0x6c3S0x72	[0x76, [0x6c3, nil]]
0x6c5S0x72	[0x76, [0x6c5, nil]]
0x6c8S0x72	[0x76, [0x6c8, nil]]
0x6cbS0x72	[0x76, [0x6cb, nil]]
0x6ccS0x72	[0x76, [0x6cc, nil]]
0x6cdS0x72	[0x76, [0x6cd, nil]]
0x6cfS0x72	[0x76, [0x6cf, nil]]
0x6d0S0x72	[0x76, [0x6d0, nil]]
0x6e2S0x72	[0x76, [0x6e2, nil]]
0x6e4S0x72	[0x76, [0x6e4, nil]]
0x6e5S0x72	[0x76, [0x6e5, nil]]
0x6e6S0x72	[0x76, [0x6e6, nil]]
0x6e8S0x72	[0x76, [0x6e8, nil]]
0x6e9S0x72	[0x76, [0x6e9, nil]]
0x6ecS0x72	[0x76, [0x6ec, nil]]
0x6edS0x72	[0x76, [0x6ed, nil]]
0x6efS0x72	[0x76, [0x6ef, nil]]
0x6f1S0x72	[0x76, [0x6f1, nil]]
0x6f6S0x72	[0x76, [0x6f6, nil]]
0x6f8S0x72	[0x76, [0x6f8, nil]]
0x6fdS0x72	[0x76, [0x6fd, nil]]
0x702S0x72	[0x76, [0x702, nil]]
0x706S0x72	[0x76, [0x706, nil]]
0x707S0x72	[0x76, [0x707, nil]]
0x70bS0x72	[0x76, [0x70b, nil]]
0x70cS0x72	[0x76, [0x70c, nil]]
0x70dS0x72	[0x76, [0x70d, nil]]
0x70fS0x72	[0x76, [0x70f, nil]]
0x710S0x72	[0x76, [0x710, nil]]
0x778S0x72	[0x76, [0x778, nil]]
0x77bS0x72	[0x76, [0x77b, nil]]
0x77cS0x72	[0x76, [0x77c, nil]]
0x780S0x72	[0x76, [0x780, nil]]
0x783S0x72	[0x76, [0x783, nil]]
0x79aS0x72	[0x76, [0x79a, nil]]
0x79cS0x72	[0x76, [0x79c, nil]]
0x79eS0x72	[0x76, [0x79e, nil]]
0x7a0S0x72	[0x76, [0x7a0, nil]]
0x7a1S0x72	[0x76, [0x7a1, nil]]
0x7a3S0x72	[0x76, [0x7a3, nil]]
0x7a4S0x72	[0x76, [0x7a4, nil]]
0x7a7S0x72	[0x76, [0x7a7, nil]]
0x7a9S0x72	[0x76, [0x7a9, nil]]
0x7adS0x72	[0x76, [0x7ad, nil]]
0x7afS0x72	[0x76, [0x7af, nil]]
0x7b0S0x72	[0x76, [0x7b0, nil]]
0x7b3S0x72	[0x76, [0x7b3, nil]]
0x7b5S0x72	[0x76, [0x7b5, nil]]
0x7b6S0x72	[0x76, [0x7b6, nil]]
0x7b9S0x72	[0x76, [0x7b9, nil]]
0x7bbS0x72	[0x76, [0x7bb, nil]]
0x7beS0x72	[0x76, [0x7be, nil]]
0x7c2S0x72	[0x76, [0x7c2, nil]]
0x7c4S0x72	[0x76, [0x7c4, nil]]
0x7c7S0x72	[0x76, [0x7c7, nil]]
0x7cbS0x72	[0x76, [0x7cb, nil]]
0x7ceS0x72	[0x76, [0x7ce, nil]]
0x7d1S0x72	[0x76, [0x7d1, nil]]
0x7d2S0x72	[0x76, [0x7d2, nil]]
0x7d7S0x72	[0x76, [0x7d7, nil]]
0x7d9S0x72	[0x76, [0x7d9, nil]]
0x7dcS0x72	[0x76, [0x7dc, nil]]
0x7f2S0x72	[0x76, [0x7f2, nil]]
0x7f8S0x72	[0x76, [0x7f8, nil]]
0x7fdS0x72	[0x76, [0x7fd, nil]]
0x7ffS0x72	[0x76, [0x7ff, nil]]
0x800S0x72	[0x76, [0x800, nil]]
0x805S0x72	[0x76, [0x805, nil]]
0x807S0x72	[0x76, [0x807, nil]]
0x809S0x72	[0x76, [0x809, nil]]
0x80cS0x72	[0x76, [0x80c, nil]]
0x80eS0x72	[0x76, [0x80e, nil]]
0x811S0x72	[0x76, [0x811, nil]]
0x812S0x72	[0x76, [0x812, nil]]
0x813S0x72	[0x76, [0x813, nil]]
0x815S0x72	[0x76, [0x815, nil]]
0x816S0x72	[0x76, [0x816, nil]]
0x828S0x72	[0x76, [0x828, nil]]
0x82aS0x72	[0x76, [0x82a, nil]]
0x82bS0x72	[0x76, [0x82b, nil]]
0x82cS0x72	[0x76, [0x82c, nil]]
0x82eS0x72	[0x76, [0x82e, nil]]
0x82fS0x72	[0x76, [0x82f, nil]]
0x832S0x72	[0x76, [0x832, nil]]
0x833S0x72	[0x76, [0x833, nil]]
0x835S0x72	[0x76, [0x835, nil]]
0x837S0x72	[0x76, [0x837, nil]]
0x83cS0x72	[0x76, [0x83c, nil]]
0x83eS0x72	[0x76, [0x83e, nil]]
0x843S0x72	[0x76, [0x843, nil]]
0x76f0x2e8S0x72	[0x76, [0x76f, nil]]
0x76e0x2e8S0x72	[0x76, [0x76e, nil]]
0x76c0x2e8S0x72	[0x76, [0x76c, nil]]
0x76b0x2e8S0x72	[0x76, [0x76b, nil]]
0x7670x2e8S0x72	[0x76, [0x767, nil]]
0x7650x2e8S0x72	[0x76, [0x765, nil]]
0x7620x2e8S0x72	[0x76, [0x762, nil]]
0x7600x2e8S0x72	[0x76, [0x760, nil]]
0x75e0x2e8S0x72	[0x76, [0x75e, nil]]
0x5630x2e8S0x72	[0x76, [0x563, nil]]
0x5620x2e8S0x72	[0x76, [0x562, nil]]
0x5600x2e8S0x72	[0x76, [0x560, nil]]
0x55f0x2e8S0x72	[0x76, [0x55f, nil]]
0x55e0x2e8S0x72	[0x76, [0x55e, nil]]
0x4580x2e8S0x72	[0x76, [0x458, nil]]
0x4570x2e8S0x72	[0x76, [0x457, nil]]
0x4550x2e8S0x72	[0x76, [0x455, nil]]
0x4540x2e8S0x72	[0x76, [0x454, nil]]
0x4530x2e8S0x72	[0x76, [0x453, nil]]
0x3460x2e8S0x72	[0x76, [0x346, nil]]
0x3430x2e8S0x72	[0x76, [0x343, nil]]
0x3410x2e8S0x72	[0x76, [0x341, nil]]
0x1732S0x5acS0x72	[0x76, [0x646, [0x1732, nil]]]
0x1733S0x5acS0x72	[0x76, [0x646, [0x1733, nil]]]
0x1735S0x5acS0x72	[0x76, [0x646, [0x1735, nil]]]
0x1737S0x5acS0x72	[0x76, [0x646, [0x1737, nil]]]
0x1739S0x5acS0x72	[0x76, [0x646, [0x1739, nil]]]
0x173aS0x5acS0x72	[0x76, [0x646, [0x173a, nil]]]
0x173dS0x5acS0x72	[0x76, [0x646, [0x173d, nil]]]
0x1740S0x5acS0x72	[0x76, [0x646, [0x1740, nil]]]
0x1744S0x5acS0x72	[0x76, [0x646, [0x1744, nil]]]
0x1745S0x5acS0x72	[0x76, [0x646, [0x1745, nil]]]
0x1747S0x5acS0x72	[0x76, [0x646, [0x1747, nil]]]
0x174aS0x5acS0x72	[0x76, [0x646, [0x174a, nil]]]
0x174cS0x5acS0x72	[0x76, [0x646, [0x174c, nil]]]
0x1750S0x5acS0x72	[0x76, [0x646, [0x1750, nil]]]
0x1751S0x5acS0x72	[0x76, [0x646, [0x1751, nil]]]
0x1752S0x5acS0x72	[0x76, [0x646, [0x1752, nil]]]
0x1756S0x5acS0x72	[0x76, [0x646, [0x1756, nil]]]
0x1759S0x5acS0x72	[0x76, [0x646, [0x1759, nil]]]
0x175bS0x5acS0x72	[0x76, [0x646, [0x175b, nil]]]
0x175fS0x5acS0x72	[0x76, [0x646, [0x175f, nil]]]
0x1760S0x5acS0x72	[0x76, [0x646, [0x1760, nil]]]
0x1762S0x5acS0x72	[0x76, [0x646, [0x1762, nil]]]
0x1765S0x5acS0x72	[0x76, [0x646, [0x1765, nil]]]
0x1767S0x5acS0x72	[0x76, [0x646, [0x1767, nil]]]
0x176bS0x5acS0x72	[0x76, [0x646, [0x176b, nil]]]
0x176cS0x5acS0x72	[0x76, [0x646, [0x176c, nil]]]
0x176fS0x5acS0x72	[0x76, [0x646, [0x176f, nil]]]
0x1771S0x5acS0x72	[0x76, [0x646, [0x1771, nil]]]
0x1775S0x5acS0x72	[0x76, [0x646, [0x1775, nil]]]
0x1776S0x5acS0x72	[0x76, [0x646, [0x1776, nil]]]
0x1779S0x5acS0x72	[0x76, [0x646, [0x1779, nil]]]
0x177bS0x5acS0x72	[0x76, [0x646, [0x177b, nil]]]
0x177fS0x5acS0x72	[0x76, [0x646, [0x177f, nil]]]
0x1780S0x5acS0x72	[0x76, [0x646, [0x1780, nil]]]
0x1783S0x5acS0x72	[0x76, [0x646, [0x1783, nil]]]
0x1785S0x5acS0x72	[0x76, [0x646, [0x1785, nil]]]
0x1789S0x5acS0x72	[0x76, [0x646, [0x1789, nil]]]
0x178aS0x5acS0x72	[0x76, [0x646, [0x178a, nil]]]
0x178bS0x5acS0x72	[0x76, [0x646, [0x178b, nil]]]
0x178eS0x5acS0x72	[0x76, [0x646, [0x178e, nil]]]
0x1793S0x5acS0x72	[0x76, [0x646, [0x1793, nil]]]
0x1796S0x5acS0x72	[0x76, [0x646, [0x1796, nil]]]
0x148eS0x665S0x72	[0x76, [0x689, [0x148e, nil]]]
0x1481S0x665S0x72	[0x76, [0x689, [0x1481, nil]]]
0x1483S0x665S0x72	[0x76, [0x689, [0x1483, nil]]]
0x1487S0x665S0x72	[0x76, [0x689, [0x1487, nil]]]
0x1488S0x665S0x72	[0x76, [0x689, [0x1488, nil]]]
0x1489S0x665S0x72	[0x76, [0x689, [0x1489, nil]]]
0x148aS0x665S0x72	[0x76, [0x689, [0x148a, nil]]]
0x1494S0x665S0x72	[0x76, [0x689, [0x1494, nil]]]
0x148eS0x6ddS0x72	[0x76, [0x700, [0x148e, nil]]]
0x1481S0x6ddS0x72	[0x76, [0x700, [0x1481, nil]]]
0x1483S0x6ddS0x72	[0x76, [0x700, [0x1483, nil]]]
0x1487S0x6ddS0x72	[0x76, [0x700, [0x1487, nil]]]
0x1488S0x6ddS0x72	[0x76, [0x700, [0x1488, nil]]]
0x1489S0x6ddS0x72	[0x76, [0x700, [0x1489, nil]]]
0x148aS0x6ddS0x72	[0x76, [0x700, [0x148a, nil]]]
0x1494S0x6ddS0x72	[0x76, [0x700, [0x1494, nil]]]
0x1732S0x777S0x72	[0x76, [0x803, [0x1732, nil]]]
0x1733S0x777S0x72	[0x76, [0x803, [0x1733, nil]]]
0x1735S0x777S0x72	[0x76, [0x803, [0x1735, nil]]]
0x1737S0x777S0x72	[0x76, [0x803, [0x1737, nil]]]
0x1739S0x777S0x72	[0x76, [0x803, [0x1739, nil]]]
0x173aS0x777S0x72	[0x76, [0x803, [0x173a, nil]]]
0x173dS0x777S0x72	[0x76, [0x803, [0x173d, nil]]]
0x1740S0x777S0x72	[0x76, [0x803, [0x1740, nil]]]
0x1744S0x777S0x72	[0x76, [0x803, [0x1744, nil]]]
0x1745S0x777S0x72	[0x76, [0x803, [0x1745, nil]]]
0x1747S0x777S0x72	[0x76, [0x803, [0x1747, nil]]]
0x174aS0x777S0x72	[0x76, [0x803, [0x174a, nil]]]
0x174cS0x777S0x72	[0x76, [0x803, [0x174c, nil]]]
0x1750S0x777S0x72	[0x76, [0x803, [0x1750, nil]]]
0x1751S0x777S0x72	[0x76, [0x803, [0x1751, nil]]]
0x1752S0x777S0x72	[0x76, [0x803, [0x1752, nil]]]
0x1756S0x777S0x72	[0x76, [0x803, [0x1756, nil]]]
0x1759S0x777S0x72	[0x76, [0x803, [0x1759, nil]]]
0x175bS0x777S0x72	[0x76, [0x803, [0x175b, nil]]]
0x175fS0x777S0x72	[0x76, [0x803, [0x175f, nil]]]
0x1760S0x777S0x72	[0x76, [0x803, [0x1760, nil]]]
0x1762S0x777S0x72	[0x76, [0x803, [0x1762, nil]]]
0x1765S0x777S0x72	[0x76, [0x803, [0x1765, nil]]]
0x1767S0x777S0x72	[0x76, [0x803, [0x1767, nil]]]
0x176bS0x777S0x72	[0x76, [0x803, [0x176b, nil]]]
0x176cS0x777S0x72	[0x76, [0x803, [0x176c, nil]]]
0x176fS0x777S0x72	[0x76, [0x803, [0x176f, nil]]]
0x1771S0x777S0x72	[0x76, [0x803, [0x1771, nil]]]
0x1775S0x777S0x72	[0x76, [0x803, [0x1775, nil]]]
0x1776S0x777S0x72	[0x76, [0x803, [0x1776, nil]]]
0x1779S0x777S0x72	[0x76, [0x803, [0x1779, nil]]]
0x177bS0x777S0x72	[0x76, [0x803, [0x177b, nil]]]
0x177fS0x777S0x72	[0x76, [0x803, [0x177f, nil]]]
0x1780S0x777S0x72	[0x76, [0x803, [0x1780, nil]]]
0x1783S0x777S0x72	[0x76, [0x803, [0x1783, nil]]]
0x1785S0x777S0x72	[0x76, [0x803, [0x1785, nil]]]
0x1789S0x777S0x72	[0x76, [0x803, [0x1789, nil]]]
0x178aS0x777S0x72	[0x76, [0x803, [0x178a, nil]]]
0x178bS0x777S0x72	[0x76, [0x803, [0x178b, nil]]]
0x178eS0x777S0x72	[0x76, [0x803, [0x178e, nil]]]
0x1793S0x777S0x72	[0x76, [0x803, [0x1793, nil]]]
0x1796S0x777S0x72	[0x76, [0x803, [0x1796, nil]]]
0x148eS0x823S0x72	[0x76, [0x846, [0x148e, nil]]]
0x1481S0x823S0x72	[0x76, [0x846, [0x1481, nil]]]
0x1483S0x823S0x72	[0x76, [0x846, [0x1483, nil]]]
0x1487S0x823S0x72	[0x76, [0x846, [0x1487, nil]]]
0x1488S0x823S0x72	[0x76, [0x846, [0x1488, nil]]]
0x1489S0x823S0x72	[0x76, [0x846, [0x1489, nil]]]
0x148aS0x823S0x72	[0x76, [0x846, [0x148a, nil]]]
0x1494S0x823S0x72	[0x76, [0x846, [0x1494, nil]]]
0x150dS0x4ebS0x72	[0x76, [0x542, [0x150d, nil]]]
0x150fS0x4ebS0x72	[0x76, [0x542, [0x150f, nil]]]
0x1512S0x4ebS0x72	[0x76, [0x542, [0x1512, nil]]]
0x1514S0x4ebS0x72	[0x76, [0x542, [0x1514, nil]]]
0x1516S0x4ebS0x72	[0x76, [0x542, [0x1516, nil]]]
0x1519S0x4ebS0x72	[0x76, [0x542, [0x1519, nil]]]
0x151cS0x4ebS0x72	[0x76, [0x542, [0x151c, nil]]]
0x151eS0x4ebS0x72	[0x76, [0x542, [0x151e, nil]]]
0x1523S0x4ebS0x72	[0x76, [0x542, [0x1523, nil]]]
0x1525S0x4ebS0x72	[0x76, [0x542, [0x1525, nil]]]
0x1527S0x4ebS0x72	[0x76, [0x542, [0x1527, nil]]]
0x1529S0x4ebS0x72	[0x76, [0x542, [0x1529, nil]]]
0x152aS0x4ebS0x72	[0x76, [0x542, [0x152a, nil]]]
0x152eS0x4ebS0x72	[0x76, [0x542, [0x152e, nil]]]
0x152fS0x4ebS0x72	[0x76, [0x542, [0x152f, nil]]]
0x1532S0x4ebS0x72	[0x76, [0x542, [0x1532, nil]]]
0x1535S0x4ebS0x72	[0x76, [0x542, [0x1535, nil]]]
0x1537S0x4ebS0x72	[0x76, [0x542, [0x1537, nil]]]
0x14dcS0x1509S0x4ebS0x72	[0x76, [0x542, [0x1521, [0x14dc, nil]]]]
0x14ddS0x1509S0x4ebS0x72	[0x76, [0x542, [0x1521, [0x14dd, nil]]]]
0x14deS0x1509S0x4ebS0x72	[0x76, [0x542, [0x1521, [0x14de, nil]]]]
0x14c6S0x1509S0x4ebS0x72	[0x76, [0x542, [0x1521, [0x14c6, nil]]]]
0x14c9S0x1509S0x4ebS0x72	[0x76, [0x542, [0x1521, [0x14c9, nil]]]]
0x14cdS0x1509S0x4ebS0x72	[0x76, [0x542, [0x1521, [0x14cd, nil]]]]
0x14d1S0x1509S0x4ebS0x72	[0x76, [0x542, [0x1521, [0x14d1, nil]]]]
0x14d6S0x1509S0x4ebS0x72	[0x76, [0x542, [0x1521, [0x14d6, nil]]]]
0x14d7S0x1509S0x4ebS0x72	[0x76, [0x542, [0x1521, [0x14d7, nil]]]]
0x14e3S0x1509S0x4ebS0x72	[0x76, [0x542, [0x1521, [0x14e3, nil]]]]
0x14e4S0x1509S0x4ebS0x72	[0x76, [0x542, [0x1521, [0x14e4, nil]]]]
0x14e6S0x1509S0x4ebS0x72	[0x76, [0x542, [0x1521, [0x14e6, nil]]]]
0x14e8S0x1509S0x4ebS0x72	[0x76, [0x542, [0x1521, [0x14e8, nil]]]]
0x14eaS0x1509S0x4ebS0x72	[0x76, [0x542, [0x1521, [0x14ea, nil]]]]
0x14ebS0x1509S0x4ebS0x72	[0x76, [0x542, [0x1521, [0x14eb, nil]]]]
0x14ecS0x1509S0x4ebS0x72	[0x76, [0x542, [0x1521, [0x14ec, nil]]]]
0x14f1S0x1509S0x4ebS0x72	[0x76, [0x542, [0x1521, [0x14f1, nil]]]]
0x14f5S0x1509S0x4ebS0x72	[0x76, [0x542, [0x1521, [0x14f5, nil]]]]
0x14f7S0x1509S0x4ebS0x72	[0x76, [0x542, [0x1521, [0x14f7, nil]]]]
0x14f9S0x1509S0x4ebS0x72	[0x76, [0x542, [0x1521, [0x14f9, nil]]]]
0x14faS0x1509S0x4ebS0x72	[0x76, [0x542, [0x1521, [0x14fa, nil]]]]
0x155bS0x3a5S0x72	[0x76, [0x3c8, [0x155b, nil]]]
0x155eS0x3a5S0x72	[0x76, [0x3c8, [0x155e, nil]]]
0x168fS0x3a5S0x72	[0x76, [0x3c8, [0x168f, nil]]]
0x1681S0x3a5S0x72	[0x76, [0x3c8, [0x1681, nil]]]
0x1683S0x3a5S0x72	[0x76, [0x3c8, [0x1683, nil]]]
0x1688S0x3a5S0x72	[0x76, [0x3c8, [0x1688, nil]]]
0x1689S0x3a5S0x72	[0x76, [0x3c8, [0x1689, nil]]]
0x168aS0x3a5S0x72	[0x76, [0x3c8, [0x168a, nil]]]
0x168bS0x3a5S0x72	[0x76, [0x3c8, [0x168b, nil]]]
0x1563S0x3a5S0x72	[0x76, [0x3c8, [0x1563, nil]]]
0x3584S0x3a5S0x72	[0x76, [0x3c8, [0x149a, nil]]]
0x3589S0x3a5S0x72	[0x76, [0x3c8, [0x149f, nil]]]
0x358bS0x3a5S0x72	[0x76, [0x3c8, [0x14a1, nil]]]
0x358cS0x3a5S0x72	[0x76, [0x3c8, [0x14a2, nil]]]
0x358fS0x3a5S0x72	[0x76, [0x3c8, [0x14a5, nil]]]
0x3591S0x3a5S0x72	[0x76, [0x3c8, [0x14a7, nil]]]
0x3594S0x3a5S0x72	[0x76, [0x3c8, [0x14aa, nil]]]
0x3596S0x3a5S0x72	[0x76, [0x3c8, [0x14ac, nil]]]
0x1694S0x3a5S0x72	[0x76, [0x3c8, [0x1694, nil]]]
0x1697S0x3a5S0x72	[0x76, [0x3c8, [0x1697, nil]]]
0x169dS0x3a5S0x72	[0x76, [0x3c8, [0x169d, nil]]]
0x16a0S0x3a5S0x72	[0x76, [0x3c8, [0x16a0, nil]]]
0x16a3S0x3a5S0x72	[0x76, [0x3c8, [0x16a3, nil]]]
0x16a6S0x3a5S0x72	[0x76, [0x3c8, [0x16a6, nil]]]
0x16a7S0x3a5S0x72	[0x76, [0x3c8, [0x16a7, nil]]]
0x153fS0x3a5S0x72	[0x76, [0x3c8, [0x153f, nil]]]
0x1541S0x3a5S0x72	[0x76, [0x3c8, [0x1541, nil]]]
0x1542S0x3a5S0x72	[0x76, [0x3c8, [0x1542, nil]]]
0x1546S0x3a5S0x72	[0x76, [0x3c8, [0x1546, nil]]]
0x1547S0x3a5S0x72	[0x76, [0x3c8, [0x1547, nil]]]
0x1551S0x3a5S0x72	[0x76, [0x3c8, [0x1551, nil]]]
0x1554S0x3a5S0x72	[0x76, [0x3c8, [0x1554, nil]]]
0x1555S0x3a5S0x72	[0x76, [0x3c8, [0x1555, nil]]]
0x1556S0x3a5S0x72	[0x76, [0x3c8, [0x1556, nil]]]
0x1557S0x3a5S0x72	[0x76, [0x3c8, [0x1557, nil]]]
0x16acS0x3a5S0x72	[0x76, [0x3c8, [0x16ac, nil]]]
0x16afS0x3a5S0x72	[0x76, [0x3c8, [0x16af, nil]]]
0x16b1S0x3a5S0x72	[0x76, [0x3c8, [0x16b1, nil]]]
0x16b4S0x3a5S0x72	[0x76, [0x3c8, [0x16b4, nil]]]
0x16b7S0x3a5S0x72	[0x76, [0x3c8, [0x16b7, nil]]]
0x16b8S0x3a5S0x72	[0x76, [0x3c8, [0x16b8, nil]]]
0x16bdS0x3a5S0x72	[0x76, [0x3c8, [0x16bd, nil]]]
0x16c0S0x3a5S0x72	[0x76, [0x3c8, [0x16c0, nil]]]
0x16c2S0x3a5S0x72	[0x76, [0x3c8, [0x16c2, nil]]]
0x16c5S0x3a5S0x72	[0x76, [0x3c8, [0x16c5, nil]]]
0x16c6S0x3a5S0x72	[0x76, [0x3c8, [0x16c6, nil]]]
0x16c7S0x3a5S0x72	[0x76, [0x3c8, [0x16c7, nil]]]
0x16caS0x3a5S0x72	[0x76, [0x3c8, [0x16ca, nil]]]
0x16ccS0x3a5S0x72	[0x76, [0x3c8, [0x16cc, nil]]]
0x16cfS0x3a5S0x72	[0x76, [0x3c8, [0x16cf, nil]]]
0x16d0S0x3a5S0x72	[0x76, [0x3c8, [0x16d0, nil]]]
0x16d1S0x3a5S0x72	[0x76, [0x3c8, [0x16d1, nil]]]
0x16d4S0x3a5S0x72	[0x76, [0x3c8, [0x16d4, nil]]]
0x16d6S0x3a5S0x72	[0x76, [0x3c8, [0x16d6, nil]]]
0x16d9S0x3a5S0x72	[0x76, [0x3c8, [0x16d9, nil]]]
0x16daS0x3a5S0x72	[0x76, [0x3c8, [0x16da, nil]]]
0x16dbS0x3a5S0x72	[0x76, [0x3c8, [0x16db, nil]]]
0x16deS0x3a5S0x72	[0x76, [0x3c8, [0x16de, nil]]]
0x16e0S0x3a5S0x72	[0x76, [0x3c8, [0x16e0, nil]]]
0x16e3S0x3a5S0x72	[0x76, [0x3c8, [0x16e3, nil]]]
0x16e4S0x3a5S0x72	[0x76, [0x3c8, [0x16e4, nil]]]
0x16e5S0x3a5S0x72	[0x76, [0x3c8, [0x16e5, nil]]]
0x16e8S0x3a5S0x72	[0x76, [0x3c8, [0x16e8, nil]]]
0x16eaS0x3a5S0x72	[0x76, [0x3c8, [0x16ea, nil]]]
0x16edS0x3a5S0x72	[0x76, [0x3c8, [0x16ed, nil]]]
0x16eeS0x3a5S0x72	[0x76, [0x3c8, [0x16ee, nil]]]
0x16efS0x3a5S0x72	[0x76, [0x3c8, [0x16ef, nil]]]
0x16f2S0x3a5S0x72	[0x76, [0x3c8, [0x16f2, nil]]]
0x16f4S0x3a5S0x72	[0x76, [0x3c8, [0x16f4, nil]]]
0x16f9S0x3a5S0x72	[0x76, [0x3c8, [0x16f9, nil]]]
0x16faS0x3a5S0x72	[0x76, [0x3c8, [0x16fa, nil]]]
0x16fdS0x3a5S0x72	[0x76, [0x3c8, [0x16fd, nil]]]
0x1700S0x3a5S0x72	[0x76, [0x3c8, [0x1700, nil]]]
0x1705S0x3a5S0x72	[0x76, [0x3c8, [0x1705, nil]]]
0x1706S0x3a5S0x72	[0x76, [0x3c8, [0x1706, nil]]]
0x1709S0x3a5S0x72	[0x76, [0x3c8, [0x1709, nil]]]
0x170cS0x3a5S0x72	[0x76, [0x3c8, [0x170c, nil]]]
0x1711S0x3a5S0x72	[0x76, [0x3c8, [0x1711, nil]]]
0x1712S0x3a5S0x72	[0x76, [0x3c8, [0x1712, nil]]]
0x1715S0x3a5S0x72	[0x76, [0x3c8, [0x1715, nil]]]
0x1718S0x3a5S0x72	[0x76, [0x3c8, [0x1718, nil]]]
0x171bS0x3a5S0x72	[0x76, [0x3c8, [0x171b, nil]]]
0x1720S0x3a5S0x72	[0x76, [0x3c8, [0x1720, nil]]]
0x1721S0x3a5S0x72	[0x76, [0x3c8, [0x1721, nil]]]
0x1728S0x3a5S0x72	[0x76, [0x3c8, [0x1728, nil]]]
0x1667S0x169bS0x3a5S0x72	[0x76, [0x3c8, [0x16aa, [0x1667, nil]]]]
0x1668S0x169bS0x3a5S0x72	[0x76, [0x3c8, [0x16aa, [0x1668, nil]]]]
0x166cS0x169bS0x3a5S0x72	[0x76, [0x3c8, [0x16aa, [0x166c, nil]]]]
0x12e9S0x1665S0x169bS0x3a5S0x72	[0x76, [0x3c8, [0x16aa, [0x166f, [0x12e9, nil]]]]]
0x12d9S0x1665S0x169bS0x3a5S0x72	[0x76, [0x3c8, [0x16aa, [0x166f, [0x12d9, nil]]]]]
0x12dbS0x1665S0x169bS0x3a5S0x72	[0x76, [0x3c8, [0x16aa, [0x166f, [0x12db, nil]]]]]
0x12ddS0x1665S0x169bS0x3a5S0x72	[0x76, [0x3c8, [0x16aa, [0x166f, [0x12dd, nil]]]]]
0x12dfS0x1665S0x169bS0x3a5S0x72	[0x76, [0x3c8, [0x16aa, [0x166f, [0x12df, nil]]]]]
0x12e0S0x1665S0x169bS0x3a5S0x72	[0x76, [0x3c8, [0x16aa, [0x166f, [0x12e0, nil]]]]]
0x12e2S0x1665S0x169bS0x3a5S0x72	[0x76, [0x3c8, [0x16aa, [0x166f, [0x12e2, nil]]]]]
0x12e4S0x1665S0x169bS0x3a5S0x72	[0x76, [0x3c8, [0x16aa, [0x166f, [0x12e4, nil]]]]]
0x12e5S0x1665S0x169bS0x3a5S0x72	[0x76, [0x3c8, [0x16aa, [0x166f, [0x12e5, nil]]]]]
0x1667S0x16abS0x3a5S0x72	[0x76, [0x3c8, [0x16bb, [0x1667, nil]]]]
0x1668S0x16abS0x3a5S0x72	[0x76, [0x3c8, [0x16bb, [0x1668, nil]]]]
0x166cS0x16abS0x3a5S0x72	[0x76, [0x3c8, [0x16bb, [0x166c, nil]]]]
0x12e9S0x1665S0x16abS0x3a5S0x72	[0x76, [0x3c8, [0x16bb, [0x166f, [0x12e9, nil]]]]]
0x12d9S0x1665S0x16abS0x3a5S0x72	[0x76, [0x3c8, [0x16bb, [0x166f, [0x12d9, nil]]]]]
0x12dbS0x1665S0x16abS0x3a5S0x72	[0x76, [0x3c8, [0x16bb, [0x166f, [0x12db, nil]]]]]
0x12ddS0x1665S0x16abS0x3a5S0x72	[0x76, [0x3c8, [0x16bb, [0x166f, [0x12dd, nil]]]]]
0x12dfS0x1665S0x16abS0x3a5S0x72	[0x76, [0x3c8, [0x16bb, [0x166f, [0x12df, nil]]]]]
0x12e0S0x1665S0x16abS0x3a5S0x72	[0x76, [0x3c8, [0x16bb, [0x166f, [0x12e0, nil]]]]]
0x12e2S0x1665S0x16abS0x3a5S0x72	[0x76, [0x3c8, [0x16bb, [0x166f, [0x12e2, nil]]]]]
0x12e4S0x1665S0x16abS0x3a5S0x72	[0x76, [0x3c8, [0x16bb, [0x166f, [0x12e4, nil]]]]]
0x12e5S0x1665S0x16abS0x3a5S0x72	[0x76, [0x3c8, [0x16bb, [0x166f, [0x12e5, nil]]]]]
0x1677S0x16bcS0x3a5S0x72	[0x76, [0x3c8, [0x1724, [0x1677, nil]]]]
0x1678S0x16bcS0x3a5S0x72	[0x76, [0x3c8, [0x1724, [0x1678, nil]]]]
0x167cS0x16bcS0x3a5S0x72	[0x76, [0x3c8, [0x1724, [0x167c, nil]]]]
0x12faS0x1675S0x16bcS0x3a5S0x72	[0x76, [0x3c8, [0x1724, [0x167f, [0x12fa, nil]]]]]
0x12f2S0x1675S0x16bcS0x3a5S0x72	[0x76, [0x3c8, [0x1724, [0x167f, [0x12f2, nil]]]]]
0x12f3S0x1675S0x16bcS0x3a5S0x72	[0x76, [0x3c8, [0x1724, [0x167f, [0x12f3, nil]]]]]
0x12f5S0x1675S0x16bcS0x3a5S0x72	[0x76, [0x3c8, [0x1724, [0x167f, [0x12f5, nil]]]]]
0x12f6S0x1675S0x16bcS0x3a5S0x72	[0x76, [0x3c8, [0x1724, [0x167f, [0x12f6, nil]]]]]
0x87fS0x92	[0x96, [0x87f, nil]]
0x881S0x92	[0x96, [0x881, nil]]
0x882S0x92	[0x96, [0x882, nil]]
0x886S0x92	[0x96, [0x886, nil]]
0x888S0x92	[0x96, [0x888, nil]]
0x88bS0x92	[0x96, [0x88b, nil]]
0x88dS0x92	[0x96, [0x88d, nil]]
0x890S0x92	[0x96, [0x890, nil]]
0x892S0x92	[0x96, [0x892, nil]]
0x894S0x92	[0x96, [0x894, nil]]
0x897S0x92	[0x96, [0x897, nil]]
0x899S0x92	[0x96, [0x899, nil]]
0x89bS0x92	[0x96, [0x89b, nil]]
0x89dS0x92	[0x96, [0x89d, nil]]
0x89eS0x92	[0x96, [0x89e, nil]]
0x8a1S0x92	[0x96, [0x8a1, nil]]
0x8a3S0x92	[0x96, [0x8a3, nil]]
0x8a5S0x92	[0x96, [0x8a5, nil]]
0x8a6S0x92	[0x96, [0x8a6, nil]]
0x8fdS0x92	[0x96, [0x8fd, nil]]
0x8feS0x92	[0x96, [0x8fe, nil]]
0x902S0x92	[0x96, [0x902, nil]]
0x903S0x92	[0x96, [0x903, nil]]
0x940S0x92	[0x96, [0x940, nil]]
0x944S0x92	[0x96, [0x944, nil]]
0x945S0x92	[0x96, [0x945, nil]]
0x946S0x92	[0x96, [0x946, nil]]
0x947S0x92	[0x96, [0x947, nil]]
0x948S0x92	[0x96, [0x948, nil]]
0x94aS0x92	[0x96, [0x94a, nil]]
0x94bS0x92	[0x96, [0x94b, nil]]
0x94fS0x92	[0x96, [0x94f, nil]]
0x951S0x92	[0x96, [0x951, nil]]
0x952S0x92	[0x96, [0x952, nil]]
0x957S0x92	[0x96, [0x957, nil]]
0x959S0x92	[0x96, [0x959, nil]]
0x95cS0x92	[0x96, [0x95c, nil]]
0x971S0x92	[0x96, [0x971, nil]]
0x974S0x92	[0x96, [0x974, nil]]
0x976S0x92	[0x96, [0x976, nil]]
0x978S0x92	[0x96, [0x978, nil]]
0x979S0x92	[0x96, [0x979, nil]]
0x97cS0x92	[0x96, [0x97c, nil]]
0x97eS0x92	[0x96, [0x97e, nil]]
0x980S0x92	[0x96, [0x980, nil]]
0x982S0x92	[0x96, [0x982, nil]]
0x984S0x92	[0x96, [0x984, nil]]
0x985S0x92	[0x96, [0x985, nil]]
0x987S0x92	[0x96, [0x987, nil]]
0x989S0x92	[0x96, [0x989, nil]]
0x98fS0x92	[0x96, [0x98f, nil]]
0x991S0x92	[0x96, [0x991, nil]]
0x992S0x92	[0x96, [0x992, nil]]
0x994S0x92	[0x96, [0x994, nil]]
0x996S0x92	[0x96, [0x996, nil]]
0x999S0x92	[0x96, [0x999, nil]]
0x99bS0x92	[0x96, [0x99b, nil]]
0x99eS0x92	[0x96, [0x99e, nil]]
0x99fS0x92	[0x96, [0x99f, nil]]
0x9a0S0x92	[0x96, [0x9a0, nil]]
0x9a2S0x92	[0x96, [0x9a2, nil]]
0x9a3S0x92	[0x96, [0x9a3, nil]]
0x9a7S0x92	[0x96, [0x9a7, nil]]
0x9a8S0x92	[0x96, [0x9a8, nil]]
0x9acS0x92	[0x96, [0x9ac, nil]]
0x9adS0x92	[0x96, [0x9ad, nil]]
0xa4aS0x92	[0x96, [0xa4a, nil]]
0xa4dS0x92	[0x96, [0xa4d, nil]]
0xa92S0x92	[0x96, [0xa92, nil]]
0xa95S0x92	[0x96, [0xa95, nil]]
0xb01S0x92	[0x96, [0xb01, nil]]
0xb02S0x92	[0x96, [0xb02, nil]]
0xb06S0x92	[0x96, [0xb06, nil]]
0xb07S0x92	[0x96, [0xb07, nil]]
0xb85S0x92	[0x96, [0xb85, nil]]
0xbbbS0x92	[0x96, [0xbbb, nil]]
0xbbfS0x92	[0x96, [0xbbf, nil]]
0xbc0S0x92	[0x96, [0xbc0, nil]]
0xbc1S0x92	[0x96, [0xbc1, nil]]
0xbc2S0x92	[0x96, [0xbc2, nil]]
0xbc3S0x92	[0x96, [0xbc3, nil]]
0xbc5S0x92	[0x96, [0xbc5, nil]]
0xbc6S0x92	[0x96, [0xbc6, nil]]
0xbcaS0x92	[0x96, [0xbca, nil]]
0xbccS0x92	[0x96, [0xbcc, nil]]
0xbcdS0x92	[0x96, [0xbcd, nil]]
0xbd2S0x92	[0x96, [0xbd2, nil]]
0xbd4S0x92	[0x96, [0xbd4, nil]]
0xbd7S0x92	[0x96, [0xbd7, nil]]
0xbecS0x92	[0x96, [0xbec, nil]]
0xbefS0x92	[0x96, [0xbef, nil]]
0xbf1S0x92	[0x96, [0xbf1, nil]]
0xbf3S0x92	[0x96, [0xbf3, nil]]
0xbf4S0x92	[0x96, [0xbf4, nil]]
0xbf7S0x92	[0x96, [0xbf7, nil]]
0xbf9S0x92	[0x96, [0xbf9, nil]]
0xbfbS0x92	[0x96, [0xbfb, nil]]
0xbfdS0x92	[0x96, [0xbfd, nil]]
0xbffS0x92	[0x96, [0xbff, nil]]
0xc00S0x92	[0x96, [0xc00, nil]]
0xc02S0x92	[0x96, [0xc02, nil]]
0xc04S0x92	[0x96, [0xc04, nil]]
0xc0aS0x92	[0x96, [0xc0a, nil]]
0xc0cS0x92	[0x96, [0xc0c, nil]]
0xc0dS0x92	[0x96, [0xc0d, nil]]
0xc0fS0x92	[0x96, [0xc0f, nil]]
0xc11S0x92	[0x96, [0xc11, nil]]
0xc14S0x92	[0x96, [0xc14, nil]]
0xc16S0x92	[0x96, [0xc16, nil]]
0xc19S0x92	[0x96, [0xc19, nil]]
0xc1aS0x92	[0x96, [0xc1a, nil]]
0xc1bS0x92	[0x96, [0xc1b, nil]]
0xc1dS0x92	[0x96, [0xc1d, nil]]
0xc1eS0x92	[0x96, [0xc1e, nil]]
0xc22S0x92	[0x96, [0xc22, nil]]
0xc23S0x92	[0x96, [0xc23, nil]]
0xc27S0x92	[0x96, [0xc27, nil]]
0xc28S0x92	[0x96, [0xc28, nil]]
0xca8S0x92	[0x96, [0xca8, nil]]
0xcb7S0x92	[0x96, [0xcb7, nil]]
0xcb8S0x92	[0x96, [0xcb8, nil]]
0xcbcS0x92	[0x96, [0xcbc, nil]]
0xcbdS0x92	[0x96, [0xcbd, nil]]
0xd0dS0x92	[0x96, [0xd0d, nil]]
0xd0eS0x92	[0x96, [0xd0e, nil]]
0xd12S0x92	[0x96, [0xd12, nil]]
0xd13S0x92	[0x96, [0xd13, nil]]
0xd43S0x92	[0x96, [0xd43, nil]]
0xd46S0x92	[0x96, [0xd46, nil]]
0xd47S0x92	[0x96, [0xd47, nil]]
0xd4bS0x92	[0x96, [0xd4b, nil]]
0xd4eS0x92	[0x96, [0xd4e, nil]]
0xd65S0x92	[0x96, [0xd65, nil]]
0xd7aS0x92	[0x96, [0xd7a, nil]]
0xd7dS0x92	[0x96, [0xd7d, nil]]
0xd7fS0x92	[0x96, [0xd7f, nil]]
0xd84S0x92	[0x96, [0xd84, nil]]
0xd86S0x92	[0x96, [0xd86, nil]]
0xd87S0x92	[0x96, [0xd87, nil]]
0xd8aS0x92	[0x96, [0xd8a, nil]]
0xd8cS0x92	[0x96, [0xd8c, nil]]
0xd8dS0x92	[0x96, [0xd8d, nil]]
0xd90S0x92	[0x96, [0xd90, nil]]
0xd92S0x92	[0x96, [0xd92, nil]]
0xd95S0x92	[0x96, [0xd95, nil]]
0xd99S0x92	[0x96, [0xd99, nil]]
0xd9bS0x92	[0x96, [0xd9b, nil]]
0xd9eS0x92	[0x96, [0xd9e, nil]]
0xda2S0x92	[0x96, [0xda2, nil]]
0xda5S0x92	[0x96, [0xda5, nil]]
0xda8S0x92	[0x96, [0xda8, nil]]
0xda9S0x92	[0x96, [0xda9, nil]]
0xdaeS0x92	[0x96, [0xdae, nil]]
0xdb0S0x92	[0x96, [0xdb0, nil]]
0xdb3S0x92	[0x96, [0xdb3, nil]]
0xdc9S0x92	[0x96, [0xdc9, nil]]
0xdcfS0x92	[0x96, [0xdcf, nil]]
0xdd4S0x92	[0x96, [0xdd4, nil]]
0xdd6S0x92	[0x96, [0xdd6, nil]]
0xdd7S0x92	[0x96, [0xdd7, nil]]
0xdf1S0x92	[0x96, [0xdf1, nil]]
0xdf2S0x92	[0x96, [0xdf2, nil]]
0xdf6S0x92	[0x96, [0xdf6, nil]]
0xdf7S0x92	[0x96, [0xdf7, nil]]
0xe6eS0x92	[0x96, [0xe6e, nil]]
0xe6fS0x92	[0x96, [0xe6f, nil]]
0xe73S0x92	[0x96, [0xe73, nil]]
0xe74S0x92	[0x96, [0xe74, nil]]
0xf12S0x92	[0x96, [0xf12, nil]]
0xf13S0x92	[0x96, [0xf13, nil]]
0xf17S0x92	[0x96, [0xf17, nil]]
0xf18S0x92	[0x96, [0xf18, nil]]
0x7730x84eS0x92	[0x96, [0x773, nil]]
0x56d0x84eS0x92	[0x96, [0x56d, nil]]
0x56c0x84eS0x92	[0x96, [0x56c, nil]]
0x5680x84eS0x92	[0x96, [0x568, nil]]
0x5670x84eS0x92	[0x96, [0x567, nil]]
0x4620x84eS0x92	[0x96, [0x462, nil]]
0x4610x84eS0x92	[0x96, [0x461, nil]]
0x45d0x84eS0x92	[0x96, [0x45d, nil]]
0x45c0x84eS0x92	[0x96, [0x45c, nil]]
0x84fS0x92	[0x96, [0x84f, nil]]
0x850S0x92	[0x96, [0x850, nil]]
0x852S0x92	[0x96, [0x852, nil]]
0x854S0x92	[0x96, [0x854, nil]]
0x856S0x92	[0x96, [0x856, nil]]
0x857S0x92	[0x96, [0x857, nil]]
0x858S0x92	[0x96, [0x858, nil]]
0x879S0x92	[0x96, [0x879, nil]]
0x87aS0x92	[0x96, [0x87a, nil]]
0x87bS0x92	[0x96, [0x87b, nil]]
0x8abS0x92	[0x96, [0x8ab, nil]]
0x8adS0x92	[0x96, [0x8ad, nil]]
0x8aeS0x92	[0x96, [0x8ae, nil]]
0x8b3S0x92	[0x96, [0x8b3, nil]]
0x8b5S0x92	[0x96, [0x8b5, nil]]
0x8b8S0x92	[0x96, [0x8b8, nil]]
0x8baS0x92	[0x96, [0x8ba, nil]]
0x8bcS0x92	[0x96, [0x8bc, nil]]
0x8beS0x92	[0x96, [0x8be, nil]]
0x8bfS0x92	[0x96, [0x8bf, nil]]
0x8c1S0x92	[0x96, [0x8c1, nil]]
0x8c2S0x92	[0x96, [0x8c2, nil]]
0x8c5S0x92	[0x96, [0x8c5, nil]]
0x8c7S0x92	[0x96, [0x8c7, nil]]
0x8caS0x92	[0x96, [0x8ca, nil]]
0x8e0S0x92	[0x96, [0x8e0, nil]]
0x8e6S0x92	[0x96, [0x8e6, nil]]
0x8e8S0x92	[0x96, [0x8e8, nil]]
0x8e9S0x92	[0x96, [0x8e9, nil]]
0x8ecS0x92	[0x96, [0x8ec, nil]]
0x8eeS0x92	[0x96, [0x8ee, nil]]
0x8f1S0x92	[0x96, [0x8f1, nil]]
0x8f4S0x92	[0x96, [0x8f4, nil]]
0x8f5S0x92	[0x96, [0x8f5, nil]]
0x8f6S0x92	[0x96, [0x8f6, nil]]
0x8f8S0x92	[0x96, [0x8f8, nil]]
0x8f9S0x92	[0x96, [0x8f9, nil]]
0x90bS0x92	[0x96, [0x90b, nil]]
0x90dS0x92	[0x96, [0x90d, nil]]
0x90eS0x92	[0x96, [0x90e, nil]]
0x90fS0x92	[0x96, [0x90f, nil]]
0x911S0x92	[0x96, [0x911, nil]]
0x912S0x92	[0x96, [0x912, nil]]
0x915S0x92	[0x96, [0x915, nil]]
0x916S0x92	[0x96, [0x916, nil]]
0x918S0x92	[0x96, [0x918, nil]]
0x91aS0x92	[0x96, [0x91a, nil]]
0x91fS0x92	[0x96, [0x91f, nil]]
0x921S0x92	[0x96, [0x921, nil]]
0x926S0x92	[0x96, [0x926, nil]]
0x92bS0x92	[0x96, [0x92b, nil]]
0x92eS0x92	[0x96, [0x92e, nil]]
0x92fS0x92	[0x96, [0x92f, nil]]
0x933S0x92	[0x96, [0x933, nil]]
0x935S0x92	[0x96, [0x935, nil]]
0x937S0x92	[0x96, [0x937, nil]]
0x939S0x92	[0x96, [0x939, nil]]
0x93aS0x92	[0x96, [0x93a, nil]]
0x93bS0x92	[0x96, [0x93b, nil]]
0x93cS0x92	[0x96, [0x93c, nil]]
0xb8aS0x92	[0x96, [0xb8a, nil]]
0xb9fS0x92	[0x96, [0xb9f, nil]]
0xba1S0x92	[0x96, [0xba1, nil]]
0xba3S0x92	[0x96, [0xba3, nil]]
0xba5S0x92	[0x96, [0xba5, nil]]
0xba6S0x92	[0x96, [0xba6, nil]]
0xba7S0x92	[0x96, [0xba7, nil]]
0xba9S0x92	[0x96, [0xba9, nil]]
0xbabS0x92	[0x96, [0xbab, nil]]
0xbacS0x92	[0x96, [0xbac, nil]]
0xbadS0x92	[0x96, [0xbad, nil]]
0xbafS0x92	[0x96, [0xbaf, nil]]
0xbb1S0x92	[0x96, [0xbb1, nil]]
0xbb3S0x92	[0x96, [0xbb3, nil]]
0xbb4S0x92	[0x96, [0xbb4, nil]]
0xbb5S0x92	[0x96, [0xbb5, nil]]
0xbb6S0x92	[0x96, [0xbb6, nil]]
0xbb7S0x92	[0x96, [0xbb7, nil]]
0xa1dS0x92	[0x96, [0xa1d, nil]]
0xa20S0x92	[0x96, [0xa20, nil]]
0xa21S0x92	[0x96, [0xa21, nil]]
0xa26S0x92	[0x96, [0xa26, nil]]
0xa29S0x92	[0x96, [0xa29, nil]]
0xa2cS0x92	[0x96, [0xa2c, nil]]
0xa2fS0x92	[0x96, [0xa2f, nil]]
0xa32S0x92	[0x96, [0xa32, nil]]
0xa35S0x92	[0x96, [0xa35, nil]]
0xa38S0x92	[0x96, [0xa38, nil]]
0xa40S0x92	[0x96, [0xa40, nil]]
0xa43S0x92	[0x96, [0xa43, nil]]
0xa45S0x92	[0x96, [0xa45, nil]]
0xa46S0x92	[0x96, [0xa46, nil]]
0x9b5S0x92	[0x96, [0x9b5, nil]]
0x9b7S0x92	[0x96, [0x9b7, nil]]
0x9b8S0x92	[0x96, [0x9b8, nil]]
0x9b9S0x92	[0x96, [0x9b9, nil]]
0x9bbS0x92	[0x96, [0x9bb, nil]]
0x9bcS0x92	[0x96, [0x9bc, nil]]
0x9bfS0x92	[0x96, [0x9bf, nil]]
0x9c0S0x92	[0x96, [0x9c0, nil]]
0x9c2S0x92	[0x96, [0x9c2, nil]]
0x9c4S0x92	[0x96, [0x9c4, nil]]
0x9c9S0x92	[0x96, [0x9c9, nil]]
0x9cbS0x92	[0x96, [0x9cb, nil]]
0x9d0S0x92	[0x96, [0x9d0, nil]]
0x9d6S0x92	[0x96, [0x9d6, nil]]
0x9d8S0x92	[0x96, [0x9d8, nil]]
0x9d9S0x92	[0x96, [0x9d9, nil]]
0x9deS0x92	[0x96, [0x9de, nil]]
0x9e0S0x92	[0x96, [0x9e0, nil]]
0x9e3S0x92	[0x96, [0x9e3, nil]]
0x9e5S0x92	[0x96, [0x9e5, nil]]
0x9e7S0x92	[0x96, [0x9e7, nil]]
0x9e9S0x92	[0x96, [0x9e9, nil]]
0x9eaS0x92	[0x96, [0x9ea, nil]]
0x9ecS0x92	[0x96, [0x9ec, nil]]
0x9edS0x92	[0x96, [0x9ed, nil]]
0x9f0S0x92	[0x96, [0x9f0, nil]]
0x9f2S0x92	[0x96, [0x9f2, nil]]
0x9f5S0x92	[0x96, [0x9f5, nil]]
0x9f9S0x92	[0x96, [0x9f9, nil]]
0xa0fS0x92	[0x96, [0xa0f, nil]]
0xa15S0x92	[0x96, [0xa15, nil]]
0xa17S0x92	[0x96, [0xa17, nil]]
0xa18S0x92	[0x96, [0xa18, nil]]
0xa52S0x92	[0x96, [0xa52, nil]]
0xa54S0x92	[0x96, [0xa54, nil]]
0xa55S0x92	[0x96, [0xa55, nil]]
0xa57S0x92	[0x96, [0xa57, nil]]
0xa58S0x92	[0x96, [0xa58, nil]]
0xa5aS0x92	[0x96, [0xa5a, nil]]
0xa5cS0x92	[0x96, [0xa5c, nil]]
0xa5eS0x92	[0x96, [0xa5e, nil]]
0xa60S0x92	[0x96, [0xa60, nil]]
0xa61S0x92	[0x96, [0xa61, nil]]
0xa62S0x92	[0x96, [0xa62, nil]]
0xa65S0x92	[0x96, [0xa65, nil]]
0xa67S0x92	[0x96, [0xa67, nil]]
0xa69S0x92	[0x96, [0xa69, nil]]
0xa6bS0x92	[0x96, [0xa6b, nil]]
0xa6cS0x92	[0x96, [0xa6c, nil]]
0xa6dS0x92	[0x96, [0xa6d, nil]]
0xa72S0x92	[0x96, [0xa72, nil]]
0xa88S0x92	[0x96, [0xa88, nil]]
0xa8bS0x92	[0x96, [0xa8b, nil]]
0xa8dS0x92	[0x96, [0xa8d, nil]]
0xa8eS0x92	[0x96, [0xa8e, nil]]
0x347bS0x92	[0x96, [0x14b0, nil]]
0x3480S0x92	[0x96, [0x14b5, nil]]
0x3482S0x92	[0x96, [0x14b7, nil]]
0x3483S0x92	[0x96, [0x14b8, nil]]
0x3486S0x92	[0x96, [0x14bb, nil]]
0x3488S0x92	[0x96, [0x14bd, nil]]
0x348bS0x92	[0x96, [0x14c0, nil]]
0x348dS0x92	[0x96, [0x14c2, nil]]
0xa9aS0x92	[0x96, [0xa9a, nil]]
0xa9cS0x92	[0x96, [0xa9c, nil]]
0xa9eS0x92	[0x96, [0xa9e, nil]]
0xaa0S0x92	[0x96, [0xaa0, nil]]
0xaa1S0x92	[0x96, [0xaa1, nil]]
0xaa4S0x92	[0x96, [0xaa4, nil]]
0xaa5S0x92	[0x96, [0xaa5, nil]]
0xaa9S0x92	[0x96, [0xaa9, nil]]
0xaadS0x92	[0x96, [0xaad, nil]]
0xaaeS0x92	[0x96, [0xaae, nil]]
0xab0S0x92	[0x96, [0xab0, nil]]
0xab2S0x92	[0x96, [0xab2, nil]]
0xab3S0x92	[0x96, [0xab3, nil]]
0xab8S0x92	[0x96, [0xab8, nil]]
0xabaS0x92	[0x96, [0xaba, nil]]
0xabdS0x92	[0x96, [0xabd, nil]]
0xad2S0x92	[0x96, [0xad2, nil]]
0xad5S0x92	[0x96, [0xad5, nil]]
0xad7S0x92	[0x96, [0xad7, nil]]
0xad9S0x92	[0x96, [0xad9, nil]]
0xadaS0x92	[0x96, [0xada, nil]]
0xaddS0x92	[0x96, [0xadd, nil]]
0xae1S0x92	[0x96, [0xae1, nil]]
0xae3S0x92	[0x96, [0xae3, nil]]
0xae9S0x92	[0x96, [0xae9, nil]]
0xaebS0x92	[0x96, [0xaeb, nil]]
0xaecS0x92	[0x96, [0xaec, nil]]
0xaeeS0x92	[0x96, [0xaee, nil]]
0xaf0S0x92	[0x96, [0xaf0, nil]]
0xaf3S0x92	[0x96, [0xaf3, nil]]
0xaf5S0x92	[0x96, [0xaf5, nil]]
0xaf8S0x92	[0x96, [0xaf8, nil]]
0xaf9S0x92	[0x96, [0xaf9, nil]]
0xafaS0x92	[0x96, [0xafa, nil]]
0xafcS0x92	[0x96, [0xafc, nil]]
0xafdS0x92	[0x96, [0xafd, nil]]
0x34b0S0x92	[0x96, [0x14b0, nil]]
0x34b5S0x92	[0x96, [0x14b5, nil]]
0x34b7S0x92	[0x96, [0x14b7, nil]]
0x34b8S0x92	[0x96, [0x14b8, nil]]
0x34bbS0x92	[0x96, [0x14bb, nil]]
0x34bdS0x92	[0x96, [0x14bd, nil]]
0x34c0S0x92	[0x96, [0x14c0, nil]]
0x34c2S0x92	[0x96, [0x14c2, nil]]
0xb0fS0x92	[0x96, [0xb0f, nil]]
0xb11S0x92	[0x96, [0xb11, nil]]
0xb12S0x92	[0x96, [0xb12, nil]]
0xb13S0x92	[0x96, [0xb13, nil]]
0xb15S0x92	[0x96, [0xb15, nil]]
0xb16S0x92	[0x96, [0xb16, nil]]
0xb19S0x92	[0x96, [0xb19, nil]]
0xb1aS0x92	[0x96, [0xb1a, nil]]
0xb1cS0x92	[0x96, [0xb1c, nil]]
0xb1eS0x92	[0x96, [0xb1e, nil]]
0xb23S0x92	[0x96, [0xb23, nil]]
0xb25S0x92	[0x96, [0xb25, nil]]
0xb2aS0x92	[0x96, [0xb2a, nil]]
0xb30S0x92	[0x96, [0xb30, nil]]
0xb32S0x92	[0x96, [0xb32, nil]]
0xb33S0x92	[0x96, [0xb33, nil]]
0xb38S0x92	[0x96, [0xb38, nil]]
0xb3aS0x92	[0x96, [0xb3a, nil]]
0xb3dS0x92	[0x96, [0xb3d, nil]]
0xb53S0x92	[0x96, [0xb53, nil]]
0xb59S0x92	[0x96, [0xb59, nil]]
0xb5fS0x92	[0x96, [0xb5f, nil]]
0xb64S0x92	[0x96, [0xb64, nil]]
0xb66S0x92	[0x96, [0xb66, nil]]
0xb68S0x92	[0x96, [0xb68, nil]]
0xb6aS0x92	[0x96, [0xb6a, nil]]
0xb6bS0x92	[0x96, [0xb6b, nil]]
0xb70S0x92	[0x96, [0xb70, nil]]
0xb72S0x92	[0x96, [0xb72, nil]]
0xb74S0x92	[0x96, [0xb74, nil]]
0xb77S0x92	[0x96, [0xb77, nil]]
0xb79S0x92	[0x96, [0xb79, nil]]
0xb7dS0x92	[0x96, [0xb7d, nil]]
0xb7eS0x92	[0x96, [0xb7e, nil]]
0xb80S0x92	[0x96, [0xb80, nil]]
0xb81S0x92	[0x96, [0xb81, nil]]
0x17bbS0x92	[0x96, [0x17bb, nil]]
0x17beS0x92	[0x96, [0x17be, nil]]
0x17c0S0x92	[0x96, [0x17c0, nil]]
0x17c2S0x92	[0x96, [0x17c2, nil]]
0x17c5S0x92	[0x96, [0x17c5, nil]]
0x17c7S0x92	[0x96, [0x17c7, nil]]
0x17c9S0x92	[0x96, [0x17c9, nil]]
0x17ccS0x92	[0x96, [0x17cc, nil]]
0x17cfS0x92	[0x96, [0x17cf, nil]]
0x17d1S0x92	[0x96, [0x17d1, nil]]
0xebaS0x92	[0x96, [0xeba, nil]]
0xebcS0x92	[0x96, [0xebc, nil]]
0xebdS0x92	[0x96, [0xebd, nil]]
0xec2S0x92	[0x96, [0xec2, nil]]
0xec4S0x92	[0x96, [0xec4, nil]]
0xec7S0x92	[0x96, [0xec7, nil]]
0xedcS0x92	[0x96, [0xedc, nil]]
0xedfS0x92	[0x96, [0xedf, nil]]
0xee1S0x92	[0x96, [0xee1, nil]]
0xee3S0x92	[0x96, [0xee3, nil]]
0xee4S0x92	[0x96, [0xee4, nil]]
0xee7S0x92	[0x96, [0xee7, nil]]
0xee9S0x92	[0x96, [0xee9, nil]]
0xeebS0x92	[0x96, [0xeeb, nil]]
0xeedS0x92	[0x96, [0xeed, nil]]
0xeefS0x92	[0x96, [0xeef, nil]]
0xef0S0x92	[0x96, [0xef0, nil]]
0xef2S0x92	[0x96, [0xef2, nil]]
0xef4S0x92	[0x96, [0xef4, nil]]
0xefaS0x92	[0x96, [0xefa, nil]]
0xefcS0x92	[0x96, [0xefc, nil]]
0xefdS0x92	[0x96, [0xefd, nil]]
0xeffS0x92	[0x96, [0xeff, nil]]
0xf01S0x92	[0x96, [0xf01, nil]]
0xf04S0x92	[0x96, [0xf04, nil]]
0xf06S0x92	[0x96, [0xf06, nil]]
0xf09S0x92	[0x96, [0xf09, nil]]
0xf0aS0x92	[0x96, [0xf0a, nil]]
0xf0bS0x92	[0x96, [0xf0b, nil]]
0xf0dS0x92	[0x96, [0xf0d, nil]]
0xf0eS0x92	[0x96, [0xf0e, nil]]
0xc30S0x92	[0x96, [0xc30, nil]]
0xc32S0x92	[0x96, [0xc32, nil]]
0xc33S0x92	[0x96, [0xc33, nil]]
0xc34S0x92	[0x96, [0xc34, nil]]
0xc36S0x92	[0x96, [0xc36, nil]]
0xc37S0x92	[0x96, [0xc37, nil]]
0xc3aS0x92	[0x96, [0xc3a, nil]]
0xc3bS0x92	[0x96, [0xc3b, nil]]
0xc3dS0x92	[0x96, [0xc3d, nil]]
0xc3fS0x92	[0x96, [0xc3f, nil]]
0xc44S0x92	[0x96, [0xc44, nil]]
0xc46S0x92	[0x96, [0xc46, nil]]
0xc4bS0x92	[0x96, [0xc4b, nil]]
0xc51S0x92	[0x96, [0xc51, nil]]
0xc53S0x92	[0x96, [0xc53, nil]]
0xc54S0x92	[0x96, [0xc54, nil]]
0xc59S0x92	[0x96, [0xc59, nil]]
0xc5bS0x92	[0x96, [0xc5b, nil]]
0xc5eS0x92	[0x96, [0xc5e, nil]]
0xc60S0x92	[0x96, [0xc60, nil]]
0xc62S0x92	[0x96, [0xc62, nil]]
0xc64S0x92	[0x96, [0xc64, nil]]
0xc65S0x92	[0x96, [0xc65, nil]]
0xc67S0x92	[0x96, [0xc67, nil]]
0xc68S0x92	[0x96, [0xc68, nil]]
0xc6bS0x92	[0x96, [0xc6b, nil]]
0xc6dS0x92	[0x96, [0xc6d, nil]]
0xc70S0x92	[0x96, [0xc70, nil]]
0xc74S0x92	[0x96, [0xc74, nil]]
0xc8aS0x92	[0x96, [0xc8a, nil]]
0xc90S0x92	[0x96, [0xc90, nil]]
0xc92S0x92	[0x96, [0xc92, nil]]
0xc93S0x92	[0x96, [0xc93, nil]]
0xc95S0x92	[0x96, [0xc95, nil]]
0xc97S0x92	[0x96, [0xc97, nil]]
0xc9aS0x92	[0x96, [0xc9a, nil]]
0xc9cS0x92	[0x96, [0xc9c, nil]]
0xca0S0x92	[0x96, [0xca0, nil]]
0xca1S0x92	[0x96, [0xca1, nil]]
0xca3S0x92	[0x96, [0xca3, nil]]
0xca4S0x92	[0x96, [0xca4, nil]]
0xcaeS0x92	[0x96, [0xcae, nil]]
0xcafS0x92	[0x96, [0xcaf, nil]]
0xcb0S0x92	[0x96, [0xcb0, nil]]
0xcb2S0x92	[0x96, [0xcb2, nil]]
0xcb3S0x92	[0x96, [0xcb3, nil]]
0xcc3S0x92	[0x96, [0xcc3, nil]]
0xcc5S0x92	[0x96, [0xcc5, nil]]
0xcc6S0x92	[0x96, [0xcc6, nil]]
0xccbS0x92	[0x96, [0xccb, nil]]
0xccdS0x92	[0x96, [0xccd, nil]]
0xcd0S0x92	[0x96, [0xcd0, nil]]
0xcd1S0x92	[0x96, [0xcd1, nil]]
0xcd4S0x92	[0x96, [0xcd4, nil]]
0xcd6S0x92	[0x96, [0xcd6, nil]]
0xcdaS0x92	[0x96, [0xcda, nil]]
0xcf1S0x92	[0x96, [0xcf1, nil]]
0xcf7S0x92	[0x96, [0xcf7, nil]]
0xcf9S0x92	[0x96, [0xcf9, nil]]
0xcfaS0x92	[0x96, [0xcfa, nil]]
0xcfcS0x92	[0x96, [0xcfc, nil]]
0xcfeS0x92	[0x96, [0xcfe, nil]]
0xd01S0x92	[0x96, [0xd01, nil]]
0xd04S0x92	[0x96, [0xd04, nil]]
0xd05S0x92	[0x96, [0xd05, nil]]
0xd06S0x92	[0x96, [0xd06, nil]]
0xd08S0x92	[0x96, [0xd08, nil]]
0xd09S0x92	[0x96, [0xd09, nil]]
0xd1bS0x92	[0x96, [0xd1b, nil]]
0xd1dS0x92	[0x96, [0xd1d, nil]]
0xd1eS0x92	[0x96, [0xd1e, nil]]
0xd1fS0x92	[0x96, [0xd1f, nil]]
0xd21S0x92	[0x96, [0xd21, nil]]
0xd22S0x92	[0x96, [0xd22, nil]]
0xd25S0x92	[0x96, [0xd25, nil]]
0xd26S0x92	[0x96, [0xd26, nil]]
0xd28S0x92	[0x96, [0xd28, nil]]
0xd2aS0x92	[0x96, [0xd2a, nil]]
0xd2fS0x92	[0x96, [0xd2f, nil]]
0xd31S0x92	[0x96, [0xd31, nil]]
0xd36S0x92	[0x96, [0xd36, nil]]
0xd3eS0x92	[0x96, [0xd3e, nil]]
0xd3fS0x92	[0x96, [0xd3f, nil]]
0xe21S0x92	[0x96, [0xe21, nil]]
0xe23S0x92	[0x96, [0xe23, nil]]
0xe24S0x92	[0x96, [0xe24, nil]]
0xe29S0x92	[0x96, [0xe29, nil]]
0xe2bS0x92	[0x96, [0xe2b, nil]]
0xe2eS0x92	[0x96, [0xe2e, nil]]
0xe2fS0x92	[0x96, [0xe2f, nil]]
0xe32S0x92	[0x96, [0xe32, nil]]
0xe34S0x92	[0x96, [0xe34, nil]]
0xe4aS0x92	[0x96, [0xe4a, nil]]
0xe52S0x92	[0x96, [0xe52, nil]]
0xe58S0x92	[0x96, [0xe58, nil]]
0xe5aS0x92	[0x96, [0xe5a, nil]]
0xe5bS0x92	[0x96, [0xe5b, nil]]
0xe5dS0x92	[0x96, [0xe5d, nil]]
0xe5fS0x92	[0x96, [0xe5f, nil]]
0xe62S0x92	[0x96, [0xe62, nil]]
0xe65S0x92	[0x96, [0xe65, nil]]
0xe66S0x92	[0x96, [0xe66, nil]]
0xe67S0x92	[0x96, [0xe67, nil]]
0xe69S0x92	[0x96, [0xe69, nil]]
0xe6aS0x92	[0x96, [0xe6a, nil]]
0xddcS0x92	[0x96, [0xddc, nil]]
0xddeS0x92	[0x96, [0xdde, nil]]
0xde0S0x92	[0x96, [0xde0, nil]]
0xde3S0x92	[0x96, [0xde3, nil]]
0xde5S0x92	[0x96, [0xde5, nil]]
0xde8S0x92	[0x96, [0xde8, nil]]
0xde9S0x92	[0x96, [0xde9, nil]]
0xdeaS0x92	[0x96, [0xdea, nil]]
0xdecS0x92	[0x96, [0xdec, nil]]
0xdedS0x92	[0x96, [0xded, nil]]
0xdffS0x92	[0x96, [0xdff, nil]]
0xe01S0x92	[0x96, [0xe01, nil]]
0xe02S0x92	[0x96, [0xe02, nil]]
0xe03S0x92	[0x96, [0xe03, nil]]
0xe05S0x92	[0x96, [0xe05, nil]]
0xe06S0x92	[0x96, [0xe06, nil]]
0xe09S0x92	[0x96, [0xe09, nil]]
0xe0aS0x92	[0x96, [0xe0a, nil]]
0xe0cS0x92	[0x96, [0xe0c, nil]]
0xe0eS0x92	[0x96, [0xe0e, nil]]
0xe13S0x92	[0x96, [0xe13, nil]]
0xe15S0x92	[0x96, [0xe15, nil]]
0xe1aS0x92	[0x96, [0xe1a, nil]]
0xe7cS0x92	[0x96, [0xe7c, nil]]
0xe7eS0x92	[0x96, [0xe7e, nil]]
0xe7fS0x92	[0x96, [0xe7f, nil]]
0xe80S0x92	[0x96, [0xe80, nil]]
0xe82S0x92	[0x96, [0xe82, nil]]
0xe83S0x92	[0x96, [0xe83, nil]]
0xe86S0x92	[0x96, [0xe86, nil]]
0xe87S0x92	[0x96, [0xe87, nil]]
0xe89S0x92	[0x96, [0xe89, nil]]
0xe8bS0x92	[0x96, [0xe8b, nil]]
0xe90S0x92	[0x96, [0xe90, nil]]
0xe92S0x92	[0x96, [0xe92, nil]]
0xe97S0x92	[0x96, [0xe97, nil]]
0xe9cS0x92	[0x96, [0xe9c, nil]]
0xe9eS0x92	[0x96, [0xe9e, nil]]
0xea0S0x92	[0x96, [0xea0, nil]]
0xea5S0x92	[0x96, [0xea5, nil]]
0xea6S0x92	[0x96, [0xea6, nil]]
0xea8S0x92	[0x96, [0xea8, nil]]
0xeabS0x92	[0x96, [0xeab, nil]]
0xeadS0x92	[0x96, [0xead, nil]]
0xeaeS0x92	[0x96, [0xeae, nil]]
0xeb4S0x92	[0x96, [0xeb4, nil]]
0xeb6S0x92	[0x96, [0xeb6, nil]]
0xf20S0x92	[0x96, [0xf20, nil]]
0xf22S0x92	[0x96, [0xf22, nil]]
0xf23S0x92	[0x96, [0xf23, nil]]
0xf24S0x92	[0x96, [0xf24, nil]]
0xf26S0x92	[0x96, [0xf26, nil]]
0xf27S0x92	[0x96, [0xf27, nil]]
0xf2aS0x92	[0x96, [0xf2a, nil]]
0xf2bS0x92	[0x96, [0xf2b, nil]]
0xf2dS0x92	[0x96, [0xf2d, nil]]
0xf2fS0x92	[0x96, [0xf2f, nil]]
0xf34S0x92	[0x96, [0xf34, nil]]
0xf36S0x92	[0x96, [0xf36, nil]]
0xf3bS0x92	[0x96, [0xf3b, nil]]
0xf41S0x92	[0x96, [0xf41, nil]]
0xf44S0x92	[0x96, [0xf44, nil]]
0xf46S0x92	[0x96, [0xf46, nil]]
0xf5bS0x92	[0x96, [0xf5b, nil]]
0xf5eS0x92	[0x96, [0xf5e, nil]]
0xf73S0x92	[0x96, [0xf73, nil]]
0xf75S0x92	[0x96, [0xf75, nil]]
0xf76S0x92	[0x96, [0xf76, nil]]
0xf78S0x92	[0x96, [0xf78, nil]]
0xf79S0x92	[0x96, [0xf79, nil]]
0xf82S0x92	[0x96, [0xf82, nil]]
0xf87S0x92	[0x96, [0xf87, nil]]
0xf8aS0x92	[0x96, [0xf8a, nil]]
0xf8bS0x92	[0x96, [0xf8b, nil]]
0xf8dS0x92	[0x96, [0xf8d, nil]]
0xf90S0x92	[0x96, [0xf90, nil]]
0xf91S0x92	[0x96, [0xf91, nil]]
0xf94S0x92	[0x96, [0xf94, nil]]
0xf97S0x92	[0x96, [0xf97, nil]]
0xf9dS0x92	[0x96, [0xf9d, nil]]
0xf9eS0x92	[0x96, [0xf9e, nil]]
0xfa1S0x92	[0x96, [0xfa1, nil]]
0xfa3S0x92	[0x96, [0xfa3, nil]]
0xfa6S0x92	[0x96, [0xfa6, nil]]
0xfa8S0x92	[0x96, [0xfa8, nil]]
0xfabS0x92	[0x96, [0xfab, nil]]
0xfafS0x92	[0x96, [0xfaf, nil]]
0xfb1S0x92	[0x96, [0xfb1, nil]]
0xfb4S0x92	[0x96, [0xfb4, nil]]
0xfb7S0x92	[0x96, [0xfb7, nil]]
0xfb8S0x92	[0x96, [0xfb8, nil]]
0xfbdS0x92	[0x96, [0xfbd, nil]]
0xfbfS0x92	[0x96, [0xfbf, nil]]
0xfc5S0x92	[0x96, [0xfc5, nil]]
0xfdbS0x92	[0x96, [0xfdb, nil]]
0xfe1S0x92	[0x96, [0xfe1, nil]]
0xfe6S0x92	[0x96, [0xfe6, nil]]
0xfe8S0x92	[0x96, [0xfe8, nil]]
0xfe9S0x92	[0x96, [0xfe9, nil]]
0x17d6S0x92	[0x96, [0x17d6, nil]]
0x17d8S0x92	[0x96, [0x17d8, nil]]
0x17daS0x92	[0x96, [0x17da, nil]]
0x17dcS0x92	[0x96, [0x17dc, nil]]
0x17ddS0x92	[0x96, [0x17dd, nil]]
0x17e1S0x92	[0x96, [0x17e1, nil]]
0x17e2S0x92	[0x96, [0x17e2, nil]]
0x17e5S0x92	[0x96, [0x17e5, nil]]
0x17e8S0x92	[0x96, [0x17e8, nil]]
0x17eaS0x92	[0x96, [0x17ea, nil]]
0x76f0x84eS0x92	[0x96, [0x76f, nil]]
0x76e0x84eS0x92	[0x96, [0x76e, nil]]
0x76c0x84eS0x92	[0x96, [0x76c, nil]]
0x76b0x84eS0x92	[0x96, [0x76b, nil]]
0x7670x84eS0x92	[0x96, [0x767, nil]]
0x7650x84eS0x92	[0x96, [0x765, nil]]
0x7620x84eS0x92	[0x96, [0x762, nil]]
0x7600x84eS0x92	[0x96, [0x760, nil]]
0x75e0x84eS0x92	[0x96, [0x75e, nil]]
0x5630x84eS0x92	[0x96, [0x563, nil]]
0x5620x84eS0x92	[0x96, [0x562, nil]]
0x5600x84eS0x92	[0x96, [0x560, nil]]
0x55f0x84eS0x92	[0x96, [0x55f, nil]]
0x55e0x84eS0x92	[0x96, [0x55e, nil]]
0x4580x84eS0x92	[0x96, [0x458, nil]]
0x4570x84eS0x92	[0x96, [0x457, nil]]
0x4550x84eS0x92	[0x96, [0x455, nil]]
0x4540x84eS0x92	[0x96, [0x454, nil]]
0x4530x84eS0x92	[0x96, [0x453, nil]]
0x3460x84eS0x92	[0x96, [0x346, nil]]
0x3430x84eS0x92	[0x96, [0x343, nil]]
0x3410x84eS0x92	[0x96, [0x341, nil]]
0x1732S0xd43S0x92	[0x96, [0xdda, [0x1732, nil]]]
0x1733S0xd43S0x92	[0x96, [0xdda, [0x1733, nil]]]
0x1735S0xd43S0x92	[0x96, [0xdda, [0x1735, nil]]]
0x1737S0xd43S0x92	[0x96, [0xdda, [0x1737, nil]]]
0x1739S0xd43S0x92	[0x96, [0xdda, [0x1739, nil]]]
0x173aS0xd43S0x92	[0x96, [0xdda, [0x173a, nil]]]
0x173dS0xd43S0x92	[0x96, [0xdda, [0x173d, nil]]]
0x1740S0xd43S0x92	[0x96, [0xdda, [0x1740, nil]]]
0x1744S0xd43S0x92	[0x96, [0xdda, [0x1744, nil]]]
0x1745S0xd43S0x92	[0x96, [0xdda, [0x1745, nil]]]
0x1747S0xd43S0x92	[0x96, [0xdda, [0x1747, nil]]]
0x174aS0xd43S0x92	[0x96, [0xdda, [0x174a, nil]]]
0x174cS0xd43S0x92	[0x96, [0xdda, [0x174c, nil]]]
0x1750S0xd43S0x92	[0x96, [0xdda, [0x1750, nil]]]
0x1751S0xd43S0x92	[0x96, [0xdda, [0x1751, nil]]]
0x1752S0xd43S0x92	[0x96, [0xdda, [0x1752, nil]]]
0x1756S0xd43S0x92	[0x96, [0xdda, [0x1756, nil]]]
0x1759S0xd43S0x92	[0x96, [0xdda, [0x1759, nil]]]
0x175bS0xd43S0x92	[0x96, [0xdda, [0x175b, nil]]]
0x175fS0xd43S0x92	[0x96, [0xdda, [0x175f, nil]]]
0x1760S0xd43S0x92	[0x96, [0xdda, [0x1760, nil]]]
0x1762S0xd43S0x92	[0x96, [0xdda, [0x1762, nil]]]
0x1765S0xd43S0x92	[0x96, [0xdda, [0x1765, nil]]]
0x1767S0xd43S0x92	[0x96, [0xdda, [0x1767, nil]]]
0x176bS0xd43S0x92	[0x96, [0xdda, [0x176b, nil]]]
0x176cS0xd43S0x92	[0x96, [0xdda, [0x176c, nil]]]
0x176fS0xd43S0x92	[0x96, [0xdda, [0x176f, nil]]]
0x1771S0xd43S0x92	[0x96, [0xdda, [0x1771, nil]]]
0x1775S0xd43S0x92	[0x96, [0xdda, [0x1775, nil]]]
0x1776S0xd43S0x92	[0x96, [0xdda, [0x1776, nil]]]
0x1779S0xd43S0x92	[0x96, [0xdda, [0x1779, nil]]]
0x177bS0xd43S0x92	[0x96, [0xdda, [0x177b, nil]]]
0x177fS0xd43S0x92	[0x96, [0xdda, [0x177f, nil]]]
0x1780S0xd43S0x92	[0x96, [0xdda, [0x1780, nil]]]
0x1783S0xd43S0x92	[0x96, [0xdda, [0x1783, nil]]]
0x1785S0xd43S0x92	[0x96, [0xdda, [0x1785, nil]]]
0x1789S0xd43S0x92	[0x96, [0xdda, [0x1789, nil]]]
0x178aS0xd43S0x92	[0x96, [0xdda, [0x178a, nil]]]
0x178bS0xd43S0x92	[0x96, [0xdda, [0x178b, nil]]]
0x178eS0xd43S0x92	[0x96, [0xdda, [0x178e, nil]]]
0x1793S0xd43S0x92	[0x96, [0xdda, [0x1793, nil]]]
0x1796S0xd43S0x92	[0x96, [0xdda, [0x1796, nil]]]
0x14dcS0x17b6S0x92	[0x96, [0x17d4, [0x14dc, nil]]]
0x14ddS0x17b6S0x92	[0x96, [0x17d4, [0x14dd, nil]]]
0x14deS0x17b6S0x92	[0x96, [0x17d4, [0x14de, nil]]]
0x14c6S0x17b6S0x92	[0x96, [0x17d4, [0x14c6, nil]]]
0x14c9S0x17b6S0x92	[0x96, [0x17d4, [0x14c9, nil]]]
0x14cdS0x17b6S0x92	[0x96, [0x17d4, [0x14cd, nil]]]
0x14d1S0x17b6S0x92	[0x96, [0x17d4, [0x14d1, nil]]]
0x14d6S0x17b6S0x92	[0x96, [0x17d4, [0x14d6, nil]]]
0x14d7S0x17b6S0x92	[0x96, [0x17d4, [0x14d7, nil]]]
0x14e3S0x17b6S0x92	[0x96, [0x17d4, [0x14e3, nil]]]
0x14e4S0x17b6S0x92	[0x96, [0x17d4, [0x14e4, nil]]]
0x14e6S0x17b6S0x92	[0x96, [0x17d4, [0x14e6, nil]]]
0x14e8S0x17b6S0x92	[0x96, [0x17d4, [0x14e8, nil]]]
0x14eaS0x17b6S0x92	[0x96, [0x17d4, [0x14ea, nil]]]
0x14ebS0x17b6S0x92	[0x96, [0x17d4, [0x14eb, nil]]]
0x14ecS0x17b6S0x92	[0x96, [0x17d4, [0x14ec, nil]]]
0x14f1S0x17b6S0x92	[0x96, [0x17d4, [0x14f1, nil]]]
0x14f5S0x17b6S0x92	[0x96, [0x17d4, [0x14f5, nil]]]
0x14f7S0x17b6S0x92	[0x96, [0x17d4, [0x14f7, nil]]]
0x14f9S0x17b6S0x92	[0x96, [0x17d4, [0x14f9, nil]]]
0x14faS0x17b6S0x92	[0x96, [0x17d4, [0x14fa, nil]]]
0x148eS0xd16S0x92	[0x96, [0xd39, [0x148e, nil]]]
0x1481S0xd16S0x92	[0x96, [0xd39, [0x1481, nil]]]
0x1483S0xd16S0x92	[0x96, [0xd39, [0x1483, nil]]]
0x1487S0xd16S0x92	[0x96, [0xd39, [0x1487, nil]]]
0x1488S0xd16S0x92	[0x96, [0xd39, [0x1488, nil]]]
0x1489S0xd16S0x92	[0x96, [0xd39, [0x1489, nil]]]
0x148aS0xd16S0x92	[0x96, [0xd39, [0x148a, nil]]]
0x1494S0xd16S0x92	[0x96, [0xd39, [0x1494, nil]]]
0x148eS0xdfaS0x92	[0x96, [0xe1d, [0x148e, nil]]]
0x1481S0xdfaS0x92	[0x96, [0xe1d, [0x1481, nil]]]
0x1483S0xdfaS0x92	[0x96, [0xe1d, [0x1483, nil]]]
0x1487S0xdfaS0x92	[0x96, [0xe1d, [0x1487, nil]]]
0x1488S0xdfaS0x92	[0x96, [0xe1d, [0x1488, nil]]]
0x1489S0xdfaS0x92	[0x96, [0xe1d, [0x1489, nil]]]
0x148aS0xdfaS0x92	[0x96, [0xe1d, [0x148a, nil]]]
0x1494S0xdfaS0x92	[0x96, [0xe1d, [0x1494, nil]]]
0x148eS0xe77S0x92	[0x96, [0xe9a, [0x148e, nil]]]
0x1481S0xe77S0x92	[0x96, [0xe9a, [0x1481, nil]]]
0x1483S0xe77S0x92	[0x96, [0xe9a, [0x1483, nil]]]
0x1487S0xe77S0x92	[0x96, [0xe9a, [0x1487, nil]]]
0x1488S0xe77S0x92	[0x96, [0xe9a, [0x1488, nil]]]
0x1489S0xe77S0x92	[0x96, [0xe9a, [0x1489, nil]]]
0x148aS0xe77S0x92	[0x96, [0xe9a, [0x148a, nil]]]
0x1494S0xe77S0x92	[0x96, [0xe9a, [0x1494, nil]]]
0x1391S0xf3fS0x92	[0x96, [0xf85, [0x1391, nil]]]
0x139eS0xf3fS0x92	[0x96, [0xf85, [0x139e, nil]]]
0x139fS0xf3fS0x92	[0x96, [0xf85, [0x139f, nil]]]
0x13a3S0xf3fS0x92	[0x96, [0xf85, [0x13a3, nil]]]
0x13a5S0xf3fS0x92	[0x96, [0xf85, [0x13a5, nil]]]
0x13a8S0xf3fS0x92	[0x96, [0xf85, [0x13a8, nil]]]
0x13aaS0xf3fS0x92	[0x96, [0xf85, [0x13aa, nil]]]
0x13acS0xf3fS0x92	[0x96, [0xf85, [0x13ac, nil]]]
0x13aeS0xf3fS0x92	[0x96, [0xf85, [0x13ae, nil]]]
0x13afS0xf3fS0x92	[0x96, [0xf85, [0x13af, nil]]]
0x13b0S0xf3fS0x92	[0x96, [0xf85, [0x13b0, nil]]]
0x13b1S0xf3fS0x92	[0x96, [0xf85, [0x13b1, nil]]]
0x13b5S0xf3fS0x92	[0x96, [0xf85, [0x13b5, nil]]]
0x13b7S0xf3fS0x92	[0x96, [0xf85, [0x13b7, nil]]]
0x13b8S0xf3fS0x92	[0x96, [0xf85, [0x13b8, nil]]]
0x13bbS0xf3fS0x92	[0x96, [0xf85, [0x13bb, nil]]]
0x13bfS0xf3fS0x92	[0x96, [0xf85, [0x13bf, nil]]]
0x13c1S0xf3fS0x92	[0x96, [0xf85, [0x13c1, nil]]]
0x13c2S0xf3fS0x92	[0x96, [0xf85, [0x13c2, nil]]]
0x13c5S0xf3fS0x92	[0x96, [0xf85, [0x13c5, nil]]]
0x13caS0xf3fS0x92	[0x96, [0xf85, [0x13ca, nil]]]
0x13cdS0xf3fS0x92	[0x96, [0xf85, [0x13cd, nil]]]
0x13ceS0xf3fS0x92	[0x96, [0xf85, [0x13ce, nil]]]
0x13d1S0xf3fS0x92	[0x96, [0xf85, [0x13d1, nil]]]
0x13d4S0xf3fS0x92	[0x96, [0xf85, [0x13d4, nil]]]
0x13d7S0xf3fS0x92	[0x96, [0xf85, [0x13d7, nil]]]
0x13d8S0xf3fS0x92	[0x96, [0xf85, [0x13d8, nil]]]
0x13dbS0xf3fS0x92	[0x96, [0xf85, [0x13db, nil]]]
0x13ddS0xf3fS0x92	[0x96, [0xf85, [0x13dd, nil]]]
0x13dfS0xf3fS0x92	[0x96, [0xf85, [0x13df, nil]]]
0x17a7S0x9b0S0x92	[0x96, [0x9d3, [0x17a7, nil]]]
0x179aS0x9b0S0x92	[0x96, [0x9d3, [0x179a, nil]]]
0x179cS0x9b0S0x92	[0x96, [0x9d3, [0x179c, nil]]]
0x17a0S0x9b0S0x92	[0x96, [0x9d3, [0x17a0, nil]]]
0x17a1S0x9b0S0x92	[0x96, [0x9d3, [0x17a1, nil]]]
0x17a2S0x9b0S0x92	[0x96, [0x9d3, [0x17a2, nil]]]
0x17a3S0x9b0S0x92	[0x96, [0x9d3, [0x17a3, nil]]]
0x17adS0x9b0S0x92	[0x96, [0x9d3, [0x17ad, nil]]]
0x17aeS0x9b0S0x92	[0x96, [0x9d3, [0x17ae, nil]]]
0x17b2S0x9b0S0x92	[0x96, [0x9d3, [0x17b2, nil]]]
0x12faS0x17abS0x9b0S0x92	[0x96, [0x9d3, [0x17b5, [0x12fa, nil]]]]
0x12f2S0x17abS0x9b0S0x92	[0x96, [0x9d3, [0x17b5, [0x12f2, nil]]]]
0x12f3S0x17abS0x9b0S0x92	[0x96, [0x9d3, [0x17b5, [0x12f3, nil]]]]
0x12f5S0x17abS0x9b0S0x92	[0x96, [0x9d3, [0x17b5, [0x12f5, nil]]]]
0x12f6S0x17abS0x9b0S0x92	[0x96, [0x9d3, [0x17b5, [0x12f6, nil]]]]
0x17a7S0xb0aS0x92	[0x96, [0xb2d, [0x17a7, nil]]]
0x179aS0xb0aS0x92	[0x96, [0xb2d, [0x179a, nil]]]
0x179cS0xb0aS0x92	[0x96, [0xb2d, [0x179c, nil]]]
0x17a0S0xb0aS0x92	[0x96, [0xb2d, [0x17a0, nil]]]
0x17a1S0xb0aS0x92	[0x96, [0xb2d, [0x17a1, nil]]]
0x17a2S0xb0aS0x92	[0x96, [0xb2d, [0x17a2, nil]]]
0x17a3S0xb0aS0x92	[0x96, [0xb2d, [0x17a3, nil]]]
0x17adS0xb0aS0x92	[0x96, [0xb2d, [0x17ad, nil]]]
0x17aeS0xb0aS0x92	[0x96, [0xb2d, [0x17ae, nil]]]
0x17b2S0xb0aS0x92	[0x96, [0xb2d, [0x17b2, nil]]]
0x12faS0x17abS0xb0aS0x92	[0x96, [0xb2d, [0x17b5, [0x12fa, nil]]]]
0x12f2S0x17abS0xb0aS0x92	[0x96, [0xb2d, [0x17b5, [0x12f2, nil]]]]
0x12f3S0x17abS0xb0aS0x92	[0x96, [0xb2d, [0x17b5, [0x12f3, nil]]]]
0x12f5S0x17abS0xb0aS0x92	[0x96, [0xb2d, [0x17b5, [0x12f5, nil]]]]
0x12f6S0x17abS0xb0aS0x92	[0x96, [0xb2d, [0x17b5, [0x12f6, nil]]]]
0x17a7S0xc2bS0x92	[0x96, [0xc4e, [0x17a7, nil]]]
0x179aS0xc2bS0x92	[0x96, [0xc4e, [0x179a, nil]]]
0x179cS0xc2bS0x92	[0x96, [0xc4e, [0x179c, nil]]]
0x17a0S0xc2bS0x92	[0x96, [0xc4e, [0x17a0, nil]]]
0x17a1S0xc2bS0x92	[0x96, [0xc4e, [0x17a1, nil]]]
0x17a2S0xc2bS0x92	[0x96, [0xc4e, [0x17a2, nil]]]
0x17a3S0xc2bS0x92	[0x96, [0xc4e, [0x17a3, nil]]]
0x17adS0xc2bS0x92	[0x96, [0xc4e, [0x17ad, nil]]]
0x17aeS0xc2bS0x92	[0x96, [0xc4e, [0x17ae, nil]]]
0x17b2S0xc2bS0x92	[0x96, [0xc4e, [0x17b2, nil]]]
0x12faS0x17abS0xc2bS0x92	[0x96, [0xc4e, [0x17b5, [0x12fa, nil]]]]
0x12f2S0x17abS0xc2bS0x92	[0x96, [0xc4e, [0x17b5, [0x12f2, nil]]]]
0x12f3S0x17abS0xc2bS0x92	[0x96, [0xc4e, [0x17b5, [0x12f3, nil]]]]
0x12f5S0x17abS0xc2bS0x92	[0x96, [0xc4e, [0x17b5, [0x12f5, nil]]]]
0x12f6S0x17abS0xc2bS0x92	[0x96, [0xc4e, [0x17b5, [0x12f6, nil]]]]
0x17a7S0xf1bS0x92	[0x96, [0xf3e, [0x17a7, nil]]]
0x179aS0xf1bS0x92	[0x96, [0xf3e, [0x179a, nil]]]
0x179cS0xf1bS0x92	[0x96, [0xf3e, [0x179c, nil]]]
0x17a0S0xf1bS0x92	[0x96, [0xf3e, [0x17a0, nil]]]
0x17a1S0xf1bS0x92	[0x96, [0xf3e, [0x17a1, nil]]]
0x17a2S0xf1bS0x92	[0x96, [0xf3e, [0x17a2, nil]]]
0x17a3S0xf1bS0x92	[0x96, [0xf3e, [0x17a3, nil]]]
0x17adS0xf1bS0x92	[0x96, [0xf3e, [0x17ad, nil]]]
0x17aeS0xf1bS0x92	[0x96, [0xf3e, [0x17ae, nil]]]
0x17b2S0xf1bS0x92	[0x96, [0xf3e, [0x17b2, nil]]]
0x12faS0x17abS0xf1bS0x92	[0x96, [0xf3e, [0x17b5, [0x12fa, nil]]]]
0x12f2S0x17abS0xf1bS0x92	[0x96, [0xf3e, [0x17b5, [0x12f2, nil]]]]
0x12f3S0x17abS0xf1bS0x92	[0x96, [0xf3e, [0x17b5, [0x12f3, nil]]]]
0x12f5S0x17abS0xf1bS0x92	[0x96, [0xf3e, [0x17b5, [0x12f5, nil]]]]
0x12f6S0x17abS0xf1bS0x92	[0x96, [0xf3e, [0x17b5, [0x12f6, nil]]]]
0x1429S0xf86S0x92	[0x96, [0xfec, [0x1429, nil]]]
0x142dS0xf86S0x92	[0x96, [0xfec, [0x142d, nil]]]
0x1430S0xf86S0x92	[0x96, [0xfec, [0x1430, nil]]]
0x1431S0xf86S0x92	[0x96, [0xfec, [0x1431, nil]]]
0x1433S0xf86S0x92	[0x96, [0xfec, [0x1433, nil]]]
0x1436S0xf86S0x92	[0x96, [0xfec, [0x1436, nil]]]
0x1438S0xf86S0x92	[0x96, [0xfec, [0x1438, nil]]]
0x143bS0xf86S0x92	[0x96, [0xfec, [0x143b, nil]]]
0x143eS0xf86S0x92	[0x96, [0xfec, [0x143e, nil]]]
0x1440S0xf86S0x92	[0x96, [0xfec, [0x1440, nil]]]
0x1447S0xf86S0x92	[0x96, [0xfec, [0x1447, nil]]]
0x144aS0xf86S0x92	[0x96, [0xfec, [0x144a, nil]]]
0x144cS0xf86S0x92	[0x96, [0xfec, [0x144c, nil]]]
0x144dS0xf86S0x92	[0x96, [0xfec, [0x144d, nil]]]
0x144eS0xf86S0x92	[0x96, [0xfec, [0x144e, nil]]]
0x1451S0xf86S0x92	[0x96, [0xfec, [0x1451, nil]]]
0x1452S0xf86S0x92	[0x96, [0xfec, [0x1452, nil]]]
0x1453S0xf86S0x92	[0x96, [0xfec, [0x1453, nil]]]
0x1454S0xf86S0x92	[0x96, [0xfec, [0x1454, nil]]]
0x1457S0xf86S0x92	[0x96, [0xfec, [0x1457, nil]]]
0x1459S0xf86S0x92	[0x96, [0xfec, [0x1459, nil]]]
0x145cS0xf86S0x92	[0x96, [0xfec, [0x145c, nil]]]
0x145dS0xf86S0x92	[0x96, [0xfec, [0x145d, nil]]]
0x145eS0xf86S0x92	[0x96, [0xfec, [0x145e, nil]]]
0x1461S0xf86S0x92	[0x96, [0xfec, [0x1461, nil]]]
0x1463S0xf86S0x92	[0x96, [0xfec, [0x1463, nil]]]
0x1466S0xf86S0x92	[0x96, [0xfec, [0x1466, nil]]]
0x1467S0xf86S0x92	[0x96, [0xfec, [0x1467, nil]]]
0x1468S0xf86S0x92	[0x96, [0xfec, [0x1468, nil]]]
0x146bS0xf86S0x92	[0x96, [0xfec, [0x146b, nil]]]
0x146dS0xf86S0x92	[0x96, [0xfec, [0x146d, nil]]]
0x1470S0xf86S0x92	[0x96, [0xfec, [0x1470, nil]]]
0x1471S0xf86S0x92	[0x96, [0xfec, [0x1471, nil]]]
0x1472S0xf86S0x92	[0x96, [0xfec, [0x1472, nil]]]
0x1475S0xf86S0x92	[0x96, [0xfec, [0x1475, nil]]]
0x13f5S0x1428S0xf86S0x92	[0x96, [0xfec, [0x1443, [0x13f5, nil]]]]
0x13f9S0x1428S0xf86S0x92	[0x96, [0xfec, [0x1443, [0x13f9, nil]]]]
0x13fbS0x1428S0xf86S0x92	[0x96, [0xfec, [0x1443, [0x13fb, nil]]]]
0x13fcS0x1428S0xf86S0x92	[0x96, [0xfec, [0x1443, [0x13fc, nil]]]]
0x13ffS0x1428S0xf86S0x92	[0x96, [0xfec, [0x1443, [0x13ff, nil]]]]
0x1401S0x1428S0xf86S0x92	[0x96, [0xfec, [0x1443, [0x1401, nil]]]]
0x1403S0x1428S0xf86S0x92	[0x96, [0xfec, [0x1443, [0x1403, nil]]]]
0x1404S0x1428S0xf86S0x92	[0x96, [0xfec, [0x1443, [0x1404, nil]]]]
0x140aS0x1428S0xf86S0x92	[0x96, [0xfec, [0x1443, [0x140a, nil]]]]
0x140cS0x1428S0xf86S0x92	[0x96, [0xfec, [0x1443, [0x140c, nil]]]]
0x1410S0x1428S0xf86S0x92	[0x96, [0xfec, [0x1443, [0x1410, nil]]]]
0x1411S0x1428S0xf86S0x92	[0x96, [0xfec, [0x1443, [0x1411, nil]]]]
0x1413S0x1428S0xf86S0x92	[0x96, [0xfec, [0x1443, [0x1413, nil]]]]
0x1415S0x1428S0xf86S0x92	[0x96, [0xfec, [0x1443, [0x1415, nil]]]]
0x1417S0x1428S0xf86S0x92	[0x96, [0xfec, [0x1443, [0x1417, nil]]]]
0x1418S0x1428S0xf86S0x92	[0x96, [0xfec, [0x1443, [0x1418, nil]]]]
0x141bS0x1428S0xf86S0x92	[0x96, [0xfec, [0x1443, [0x141b, nil]]]]
0x141cS0x1428S0xf86S0x92	[0x96, [0xfec, [0x1443, [0x141c, nil]]]]
0x141eS0x1428S0xf86S0x92	[0x96, [0xfec, [0x1443, [0x141e, nil]]]]
0x141fS0x1428S0xf86S0x92	[0x96, [0xfec, [0x1443, [0x141f, nil]]]]
0x13efS0x1428S0xf86S0x92	[0x96, [0xfec, [0x1443, [0x13ef, nil]]]]
0x13f0S0x1428S0xf86S0x92	[0x96, [0xfec, [0x1443, [0x13f0, nil]]]]
0x13f1S0x1428S0xf86S0x92	[0x96, [0xfec, [0x1443, [0x13f1, nil]]]]
0x13e3S0x1428S0xf86S0x92	[0x96, [0xfec, [0x1443, [0x13e3, nil]]]]
0x13e6S0x1428S0xf86S0x92	[0x96, [0xfec, [0x1443, [0x13e6, nil]]]]
0x13eaS0x1428S0xf86S0x92	[0x96, [0xfec, [0x1443, [0x13ea, nil]]]]
0x155bS0x906S0x92	[0x96, [0x929, [0x155b, nil]]]
0x155eS0x906S0x92	[0x96, [0x929, [0x155e, nil]]]
0x168fS0x906S0x92	[0x96, [0x929, [0x168f, nil]]]
0x1681S0x906S0x92	[0x96, [0x929, [0x1681, nil]]]
0x1683S0x906S0x92	[0x96, [0x929, [0x1683, nil]]]
0x1688S0x906S0x92	[0x96, [0x929, [0x1688, nil]]]
0x1689S0x906S0x92	[0x96, [0x929, [0x1689, nil]]]
0x168aS0x906S0x92	[0x96, [0x929, [0x168a, nil]]]
0x168bS0x906S0x92	[0x96, [0x929, [0x168b, nil]]]
0x1563S0x906S0x92	[0x96, [0x929, [0x1563, nil]]]
0x3584S0x906S0x92	[0x96, [0x929, [0x149a, nil]]]
0x3589S0x906S0x92	[0x96, [0x929, [0x149f, nil]]]
0x358bS0x906S0x92	[0x96, [0x929, [0x14a1, nil]]]
0x358cS0x906S0x92	[0x96, [0x929, [0x14a2, nil]]]
0x358fS0x906S0x92	[0x96, [0x929, [0x14a5, nil]]]
0x3591S0x906S0x92	[0x96, [0x929, [0x14a7, nil]]]
0x3594S0x906S0x92	[0x96, [0x929, [0x14aa, nil]]]
0x3596S0x906S0x92	[0x96, [0x929, [0x14ac, nil]]]
0x1694S0x906S0x92	[0x96, [0x929, [0x1694, nil]]]
0x1697S0x906S0x92	[0x96, [0x929, [0x1697, nil]]]
0x169dS0x906S0x92	[0x96, [0x929, [0x169d, nil]]]
0x16a0S0x906S0x92	[0x96, [0x929, [0x16a0, nil]]]
0x16a3S0x906S0x92	[0x96, [0x929, [0x16a3, nil]]]
0x16a6S0x906S0x92	[0x96, [0x929, [0x16a6, nil]]]
0x16a7S0x906S0x92	[0x96, [0x929, [0x16a7, nil]]]
0x153fS0x906S0x92	[0x96, [0x929, [0x153f, nil]]]
0x1541S0x906S0x92	[0x96, [0x929, [0x1541, nil]]]
0x1542S0x906S0x92	[0x96, [0x929, [0x1542, nil]]]
0x1546S0x906S0x92	[0x96, [0x929, [0x1546, nil]]]
0x1547S0x906S0x92	[0x96, [0x929, [0x1547, nil]]]
0x1551S0x906S0x92	[0x96, [0x929, [0x1551, nil]]]
0x1554S0x906S0x92	[0x96, [0x929, [0x1554, nil]]]
0x1555S0x906S0x92	[0x96, [0x929, [0x1555, nil]]]
0x1556S0x906S0x92	[0x96, [0x929, [0x1556, nil]]]
0x1557S0x906S0x92	[0x96, [0x929, [0x1557, nil]]]
0x16acS0x906S0x92	[0x96, [0x929, [0x16ac, nil]]]
0x16afS0x906S0x92	[0x96, [0x929, [0x16af, nil]]]
0x16b1S0x906S0x92	[0x96, [0x929, [0x16b1, nil]]]
0x16b4S0x906S0x92	[0x96, [0x929, [0x16b4, nil]]]
0x16b7S0x906S0x92	[0x96, [0x929, [0x16b7, nil]]]
0x16b8S0x906S0x92	[0x96, [0x929, [0x16b8, nil]]]
0x16bdS0x906S0x92	[0x96, [0x929, [0x16bd, nil]]]
0x16c0S0x906S0x92	[0x96, [0x929, [0x16c0, nil]]]
0x16c2S0x906S0x92	[0x96, [0x929, [0x16c2, nil]]]
0x16c5S0x906S0x92	[0x96, [0x929, [0x16c5, nil]]]
0x16c6S0x906S0x92	[0x96, [0x929, [0x16c6, nil]]]
0x16c7S0x906S0x92	[0x96, [0x929, [0x16c7, nil]]]
0x16caS0x906S0x92	[0x96, [0x929, [0x16ca, nil]]]
0x16ccS0x906S0x92	[0x96, [0x929, [0x16cc, nil]]]
0x16cfS0x906S0x92	[0x96, [0x929, [0x16cf, nil]]]
0x16d0S0x906S0x92	[0x96, [0x929, [0x16d0, nil]]]
0x16d1S0x906S0x92	[0x96, [0x929, [0x16d1, nil]]]
0x16d4S0x906S0x92	[0x96, [0x929, [0x16d4, nil]]]
0x16d6S0x906S0x92	[0x96, [0x929, [0x16d6, nil]]]
0x16d9S0x906S0x92	[0x96, [0x929, [0x16d9, nil]]]
0x16daS0x906S0x92	[0x96, [0x929, [0x16da, nil]]]
0x16dbS0x906S0x92	[0x96, [0x929, [0x16db, nil]]]
0x16deS0x906S0x92	[0x96, [0x929, [0x16de, nil]]]
0x16e0S0x906S0x92	[0x96, [0x929, [0x16e0, nil]]]
0x16e3S0x906S0x92	[0x96, [0x929, [0x16e3, nil]]]
0x16e4S0x906S0x92	[0x96, [0x929, [0x16e4, nil]]]
0x16e5S0x906S0x92	[0x96, [0x929, [0x16e5, nil]]]
0x16e8S0x906S0x92	[0x96, [0x929, [0x16e8, nil]]]
0x16eaS0x906S0x92	[0x96, [0x929, [0x16ea, nil]]]
0x16edS0x906S0x92	[0x96, [0x929, [0x16ed, nil]]]
0x16eeS0x906S0x92	[0x96, [0x929, [0x16ee, nil]]]
0x16efS0x906S0x92	[0x96, [0x929, [0x16ef, nil]]]
0x16f2S0x906S0x92	[0x96, [0x929, [0x16f2, nil]]]
0x16f4S0x906S0x92	[0x96, [0x929, [0x16f4, nil]]]
0x16f9S0x906S0x92	[0x96, [0x929, [0x16f9, nil]]]
0x16faS0x906S0x92	[0x96, [0x929, [0x16fa, nil]]]
0x16fdS0x906S0x92	[0x96, [0x929, [0x16fd, nil]]]
0x1700S0x906S0x92	[0x96, [0x929, [0x1700, nil]]]
0x1705S0x906S0x92	[0x96, [0x929, [0x1705, nil]]]
0x1706S0x906S0x92	[0x96, [0x929, [0x1706, nil]]]
0x1709S0x906S0x92	[0x96, [0x929, [0x1709, nil]]]
0x170cS0x906S0x92	[0x96, [0x929, [0x170c, nil]]]
0x1711S0x906S0x92	[0x96, [0x929, [0x1711, nil]]]
0x1712S0x906S0x92	[0x96, [0x929, [0x1712, nil]]]
0x1715S0x906S0x92	[0x96, [0x929, [0x1715, nil]]]
0x1718S0x906S0x92	[0x96, [0x929, [0x1718, nil]]]
0x171bS0x906S0x92	[0x96, [0x929, [0x171b, nil]]]
0x1720S0x906S0x92	[0x96, [0x929, [0x1720, nil]]]
0x1721S0x906S0x92	[0x96, [0x929, [0x1721, nil]]]
0x1728S0x906S0x92	[0x96, [0x929, [0x1728, nil]]]
0x1667S0x169bS0x906S0x92	[0x96, [0x929, [0x16aa, [0x1667, nil]]]]
0x1668S0x169bS0x906S0x92	[0x96, [0x929, [0x16aa, [0x1668, nil]]]]
0x166cS0x169bS0x906S0x92	[0x96, [0x929, [0x16aa, [0x166c, nil]]]]
0x12e9S0x1665S0x169bS0x906S0x92	[0x96, [0x929, [0x16aa, [0x166f, [0x12e9, nil]]]]]
0x12d9S0x1665S0x169bS0x906S0x92	[0x96, [0x929, [0x16aa, [0x166f, [0x12d9, nil]]]]]
0x12dbS0x1665S0x169bS0x906S0x92	[0x96, [0x929, [0x16aa, [0x166f, [0x12db, nil]]]]]
0x12ddS0x1665S0x169bS0x906S0x92	[0x96, [0x929, [0x16aa, [0x166f, [0x12dd, nil]]]]]
0x12dfS0x1665S0x169bS0x906S0x92	[0x96, [0x929, [0x16aa, [0x166f, [0x12df, nil]]]]]
0x12e0S0x1665S0x169bS0x906S0x92	[0x96, [0x929, [0x16aa, [0x166f, [0x12e0, nil]]]]]
0x12e2S0x1665S0x169bS0x906S0x92	[0x96, [0x929, [0x16aa, [0x166f, [0x12e2, nil]]]]]
0x12e4S0x1665S0x169bS0x906S0x92	[0x96, [0x929, [0x16aa, [0x166f, [0x12e4, nil]]]]]
0x12e5S0x1665S0x169bS0x906S0x92	[0x96, [0x929, [0x16aa, [0x166f, [0x12e5, nil]]]]]
0x1667S0x16abS0x906S0x92	[0x96, [0x929, [0x16bb, [0x1667, nil]]]]
0x1668S0x16abS0x906S0x92	[0x96, [0x929, [0x16bb, [0x1668, nil]]]]
0x166cS0x16abS0x906S0x92	[0x96, [0x929, [0x16bb, [0x166c, nil]]]]
0x12e9S0x1665S0x16abS0x906S0x92	[0x96, [0x929, [0x16bb, [0x166f, [0x12e9, nil]]]]]
0x12d9S0x1665S0x16abS0x906S0x92	[0x96, [0x929, [0x16bb, [0x166f, [0x12d9, nil]]]]]
0x12dbS0x1665S0x16abS0x906S0x92	[0x96, [0x929, [0x16bb, [0x166f, [0x12db, nil]]]]]
0x12ddS0x1665S0x16abS0x906S0x92	[0x96, [0x929, [0x16bb, [0x166f, [0x12dd, nil]]]]]
0x12dfS0x1665S0x16abS0x906S0x92	[0x96, [0x929, [0x16bb, [0x166f, [0x12df, nil]]]]]
0x12e0S0x1665S0x16abS0x906S0x92	[0x96, [0x929, [0x16bb, [0x166f, [0x12e0, nil]]]]]
0x12e2S0x1665S0x16abS0x906S0x92	[0x96, [0x929, [0x16bb, [0x166f, [0x12e2, nil]]]]]
0x12e4S0x1665S0x16abS0x906S0x92	[0x96, [0x929, [0x16bb, [0x166f, [0x12e4, nil]]]]]
0x12e5S0x1665S0x16abS0x906S0x92	[0x96, [0x929, [0x16bb, [0x166f, [0x12e5, nil]]]]]
0x1677S0x16bcS0x906S0x92	[0x96, [0x929, [0x1724, [0x1677, nil]]]]
0x1678S0x16bcS0x906S0x92	[0x96, [0x929, [0x1724, [0x1678, nil]]]]
0x167cS0x16bcS0x906S0x92	[0x96, [0x929, [0x1724, [0x167c, nil]]]]
0x12faS0x1675S0x16bcS0x906S0x92	[0x96, [0x929, [0x1724, [0x167f, [0x12fa, nil]]]]]
0x12f2S0x1675S0x16bcS0x906S0x92	[0x96, [0x929, [0x1724, [0x167f, [0x12f2, nil]]]]]
0x12f3S0x1675S0x16bcS0x906S0x92	[0x96, [0x929, [0x1724, [0x167f, [0x12f3, nil]]]]]
0x12f5S0x1675S0x16bcS0x906S0x92	[0x96, [0x929, [0x1724, [0x167f, [0x12f5, nil]]]]]
0x12f6S0x1675S0x16bcS0x906S0x92	[0x96, [0x929, [0x1724, [0x167f, [0x12f6, nil]]]]]
0x1042S0xb2	[0xb6, [0x1042, nil]]
0x1043S0xb2	[0xb6, [0x1043, nil]]
0x1047S0xb2	[0xb6, [0x1047, nil]]
0x1048S0xb2	[0xb6, [0x1048, nil]]
0x1085S0xb2	[0xb6, [0x1085, nil]]
0x1088S0xb2	[0xb6, [0x1088, nil]]
0x1089S0xb2	[0xb6, [0x1089, nil]]
0x108eS0xb2	[0xb6, [0x108e, nil]]
0x1091S0xb2	[0xb6, [0x1091, nil]]
0x1094S0xb2	[0xb6, [0x1094, nil]]
0x1097S0xb2	[0xb6, [0x1097, nil]]
0x109aS0xb2	[0xb6, [0x109a, nil]]
0x109dS0xb2	[0xb6, [0x109d, nil]]
0x10a0S0xb2	[0xb6, [0x10a0, nil]]
0x10a6S0xb2	[0xb6, [0x10a6, nil]]
0x10bcS0xb2	[0xb6, [0x10bc, nil]]
0x10bfS0xb2	[0xb6, [0x10bf, nil]]
0x10c1S0xb2	[0xb6, [0x10c1, nil]]
0x10c2S0xb2	[0xb6, [0x10c2, nil]]
0x10c6S0xb2	[0xb6, [0x10c6, nil]]
0x10c9S0xb2	[0xb6, [0x10c9, nil]]
0x10faS0xb2	[0xb6, [0x10fa, nil]]
0x10fdS0xb2	[0xb6, [0x10fd, nil]]
0x1169S0xb2	[0xb6, [0x1169, nil]]
0x116aS0xb2	[0xb6, [0x116a, nil]]
0x116eS0xb2	[0xb6, [0x116e, nil]]
0x116fS0xb2	[0xb6, [0x116f, nil]]
0x11a8S0xb2	[0xb6, [0x11a8, nil]]
0x11abS0xb2	[0xb6, [0x11ab, nil]]
0x11f3S0xb2	[0xb6, [0x11f3, nil]]
0x11f5S0xb2	[0xb6, [0x11f5, nil]]
0x120aS0xb2	[0xb6, [0x120a, nil]]
0x120dS0xb2	[0xb6, [0x120d, nil]]
0x1222S0xb2	[0xb6, [0x1222, nil]]
0x1225S0xb2	[0xb6, [0x1225, nil]]
0x1227S0xb2	[0xb6, [0x1227, nil]]
0x1228S0xb2	[0xb6, [0x1228, nil]]
0x122aS0xb2	[0xb6, [0x122a, nil]]
0x122bS0xb2	[0xb6, [0x122b, nil]]
0x1234S0xb2	[0xb6, [0x1234, nil]]
0x1297S0xb2	[0xb6, [0x1297, nil]]
0x1298S0xb2	[0xb6, [0x1298, nil]]
0x129cS0xb2	[0xb6, [0x129c, nil]]
0x129dS0xb2	[0xb6, [0x129d, nil]]
0xfeeS0xb2	[0xb6, [0xfee, nil]]
0xff0S0xb2	[0xb6, [0xff0, nil]]
0xff1S0xb2	[0xb6, [0xff1, nil]]
0xff6S0xb2	[0xb6, [0xff6, nil]]
0xff8S0xb2	[0xb6, [0xff8, nil]]
0xffbS0xb2	[0xb6, [0xffb, nil]]
0xffdS0xb2	[0xb6, [0xffd, nil]]
0xfffS0xb2	[0xb6, [0xfff, nil]]
0x1001S0xb2	[0xb6, [0x1001, nil]]
0x1002S0xb2	[0xb6, [0x1002, nil]]
0x1004S0xb2	[0xb6, [0x1004, nil]]
0x1005S0xb2	[0xb6, [0x1005, nil]]
0x1008S0xb2	[0xb6, [0x1008, nil]]
0x100aS0xb2	[0xb6, [0x100a, nil]]
0x100fS0xb2	[0xb6, [0x100f, nil]]
0x1025S0xb2	[0xb6, [0x1025, nil]]
0x102bS0xb2	[0xb6, [0x102b, nil]]
0x102dS0xb2	[0xb6, [0x102d, nil]]
0x102eS0xb2	[0xb6, [0x102e, nil]]
0x1031S0xb2	[0xb6, [0x1031, nil]]
0x1033S0xb2	[0xb6, [0x1033, nil]]
0x1036S0xb2	[0xb6, [0x1036, nil]]
0x1039S0xb2	[0xb6, [0x1039, nil]]
0x103aS0xb2	[0xb6, [0x103a, nil]]
0x103bS0xb2	[0xb6, [0x103b, nil]]
0x103dS0xb2	[0xb6, [0x103d, nil]]
0x103eS0xb2	[0xb6, [0x103e, nil]]
0x1050S0xb2	[0xb6, [0x1050, nil]]
0x1052S0xb2	[0xb6, [0x1052, nil]]
0x1053S0xb2	[0xb6, [0x1053, nil]]
0x1054S0xb2	[0xb6, [0x1054, nil]]
0x1056S0xb2	[0xb6, [0x1056, nil]]
0x1057S0xb2	[0xb6, [0x1057, nil]]
0x105aS0xb2	[0xb6, [0x105a, nil]]
0x105bS0xb2	[0xb6, [0x105b, nil]]
0x105dS0xb2	[0xb6, [0x105d, nil]]
0x105fS0xb2	[0xb6, [0x105f, nil]]
0x1064S0xb2	[0xb6, [0x1064, nil]]
0x1066S0xb2	[0xb6, [0x1066, nil]]
0x106bS0xb2	[0xb6, [0x106b, nil]]
0x1070S0xb2	[0xb6, [0x1070, nil]]
0x1073S0xb2	[0xb6, [0x1073, nil]]
0x1074S0xb2	[0xb6, [0x1074, nil]]
0x1078S0xb2	[0xb6, [0x1078, nil]]
0x107aS0xb2	[0xb6, [0x107a, nil]]
0x107cS0xb2	[0xb6, [0x107c, nil]]
0x107eS0xb2	[0xb6, [0x107e, nil]]
0x107fS0xb2	[0xb6, [0x107f, nil]]
0x1080S0xb2	[0xb6, [0x1080, nil]]
0x1081S0xb2	[0xb6, [0x1081, nil]]
0x11c2S0xb2	[0xb6, [0x11c2, nil]]
0x11d7S0xb2	[0xb6, [0x11d7, nil]]
0x11d9S0xb2	[0xb6, [0x11d9, nil]]
0x11dbS0xb2	[0xb6, [0x11db, nil]]
0x11ddS0xb2	[0xb6, [0x11dd, nil]]
0x11deS0xb2	[0xb6, [0x11de, nil]]
0x11dfS0xb2	[0xb6, [0x11df, nil]]
0x11e1S0xb2	[0xb6, [0x11e1, nil]]
0x11e3S0xb2	[0xb6, [0x11e3, nil]]
0x11e4S0xb2	[0xb6, [0x11e4, nil]]
0x11e5S0xb2	[0xb6, [0x11e5, nil]]
0x11e7S0xb2	[0xb6, [0x11e7, nil]]
0x11e9S0xb2	[0xb6, [0x11e9, nil]]
0x11ebS0xb2	[0xb6, [0x11eb, nil]]
0x11ecS0xb2	[0xb6, [0x11ec, nil]]
0x11edS0xb2	[0xb6, [0x11ed, nil]]
0x11eeS0xb2	[0xb6, [0x11ee, nil]]
0x11efS0xb2	[0xb6, [0x11ef, nil]]
0x10ceS0xb2	[0xb6, [0x10ce, nil]]
0x10d0S0xb2	[0xb6, [0x10d0, nil]]
0x10d1S0xb2	[0xb6, [0x10d1, nil]]
0x10d3S0xb2	[0xb6, [0x10d3, nil]]
0x10d4S0xb2	[0xb6, [0x10d4, nil]]
0x10d6S0xb2	[0xb6, [0x10d6, nil]]
0x10d8S0xb2	[0xb6, [0x10d8, nil]]
0x10daS0xb2	[0xb6, [0x10da, nil]]
0x10dcS0xb2	[0xb6, [0x10dc, nil]]
0x10ddS0xb2	[0xb6, [0x10dd, nil]]
0x10deS0xb2	[0xb6, [0x10de, nil]]
0x10e1S0xb2	[0xb6, [0x10e1, nil]]
0x10e3S0xb2	[0xb6, [0x10e3, nil]]
0x10e5S0xb2	[0xb6, [0x10e5, nil]]
0x10e7S0xb2	[0xb6, [0x10e7, nil]]
0x10e8S0xb2	[0xb6, [0x10e8, nil]]
0x10e9S0xb2	[0xb6, [0x10e9, nil]]
0x10f0S0xb2	[0xb6, [0x10f0, nil]]
0x10f3S0xb2	[0xb6, [0x10f3, nil]]
0x10f5S0xb2	[0xb6, [0x10f5, nil]]
0x10f6S0xb2	[0xb6, [0x10f6, nil]]
0x34e5S0xb2	[0xb6, [0x14b0, nil]]
0x34eaS0xb2	[0xb6, [0x14b5, nil]]
0x34ecS0xb2	[0xb6, [0x14b7, nil]]
0x34edS0xb2	[0xb6, [0x14b8, nil]]
0x34f0S0xb2	[0xb6, [0x14bb, nil]]
0x34f2S0xb2	[0xb6, [0x14bd, nil]]
0x34f5S0xb2	[0xb6, [0x14c0, nil]]
0x34f7S0xb2	[0xb6, [0x14c2, nil]]
0x1102S0xb2	[0xb6, [0x1102, nil]]
0x1104S0xb2	[0xb6, [0x1104, nil]]
0x1106S0xb2	[0xb6, [0x1106, nil]]
0x1108S0xb2	[0xb6, [0x1108, nil]]
0x1109S0xb2	[0xb6, [0x1109, nil]]
0x110cS0xb2	[0xb6, [0x110c, nil]]
0x110dS0xb2	[0xb6, [0x110d, nil]]
0x1111S0xb2	[0xb6, [0x1111, nil]]
0x1115S0xb2	[0xb6, [0x1115, nil]]
0x1118S0xb2	[0xb6, [0x1118, nil]]
0x111aS0xb2	[0xb6, [0x111a, nil]]
0x111cS0xb2	[0xb6, [0x111c, nil]]
0x111dS0xb2	[0xb6, [0x111d, nil]]
0x1122S0xb2	[0xb6, [0x1122, nil]]
0x1124S0xb2	[0xb6, [0x1124, nil]]
0x1127S0xb2	[0xb6, [0x1127, nil]]
0x112aS0xb2	[0xb6, [0x112a, nil]]
0x1140S0xb2	[0xb6, [0x1140, nil]]
0x1146S0xb2	[0xb6, [0x1146, nil]]
0x114eS0xb2	[0xb6, [0x114e, nil]]
0x1150S0xb2	[0xb6, [0x1150, nil]]
0x1151S0xb2	[0xb6, [0x1151, nil]]
0x351aS0xb2	[0xb6, [0x14b0, nil]]
0x351fS0xb2	[0xb6, [0x14b5, nil]]
0x3521S0xb2	[0xb6, [0x14b7, nil]]
0x3522S0xb2	[0xb6, [0x14b8, nil]]
0x3525S0xb2	[0xb6, [0x14bb, nil]]
0x3527S0xb2	[0xb6, [0x14bd, nil]]
0x352aS0xb2	[0xb6, [0x14c0, nil]]
0x352cS0xb2	[0xb6, [0x14c2, nil]]
0x1156S0xb2	[0xb6, [0x1156, nil]]
0x1158S0xb2	[0xb6, [0x1158, nil]]
0x115aS0xb2	[0xb6, [0x115a, nil]]
0x115dS0xb2	[0xb6, [0x115d, nil]]
0x1160S0xb2	[0xb6, [0x1160, nil]]
0x1161S0xb2	[0xb6, [0x1161, nil]]
0x1162S0xb2	[0xb6, [0x1162, nil]]
0x1164S0xb2	[0xb6, [0x1164, nil]]
0x1165S0xb2	[0xb6, [0x1165, nil]]
0x1177S0xb2	[0xb6, [0x1177, nil]]
0x1179S0xb2	[0xb6, [0x1179, nil]]
0x117aS0xb2	[0xb6, [0x117a, nil]]
0x117bS0xb2	[0xb6, [0x117b, nil]]
0x117fS0xb2	[0xb6, [0x117f, nil]]
0x1181S0xb2	[0xb6, [0x1181, nil]]
0x1184S0xb2	[0xb6, [0x1184, nil]]
0x1185S0xb2	[0xb6, [0x1185, nil]]
0x1187S0xb2	[0xb6, [0x1187, nil]]
0x1188S0xb2	[0xb6, [0x1188, nil]]
0x118aS0xb2	[0xb6, [0x118a, nil]]
0x118bS0xb2	[0xb6, [0x118b, nil]]
0x118eS0xb2	[0xb6, [0x118e, nil]]
0x1194S0xb2	[0xb6, [0x1194, nil]]
0x1196S0xb2	[0xb6, [0x1196, nil]]
0x119eS0xb2	[0xb6, [0x119e, nil]]
0x11a1S0xb2	[0xb6, [0x11a1, nil]]
0x11a3S0xb2	[0xb6, [0x11a3, nil]]
0x11a4S0xb2	[0xb6, [0x11a4, nil]]
0x11b0S0xb2	[0xb6, [0x11b0, nil]]
0x11b2S0xb2	[0xb6, [0x11b2, nil]]
0x11b3S0xb2	[0xb6, [0x11b3, nil]]
0x11b5S0xb2	[0xb6, [0x11b5, nil]]
0x11b6S0xb2	[0xb6, [0x11b6, nil]]
0x11b7S0xb2	[0xb6, [0x11b7, nil]]
0x11bdS0xb2	[0xb6, [0x11bd, nil]]
0x354fS0xb2	[0xb6, [0x14b0, nil]]
0x3554S0xb2	[0xb6, [0x14b5, nil]]
0x3556S0xb2	[0xb6, [0x14b7, nil]]
0x3557S0xb2	[0xb6, [0x14b8, nil]]
0x355aS0xb2	[0xb6, [0x14bb, nil]]
0x355cS0xb2	[0xb6, [0x14bd, nil]]
0x355fS0xb2	[0xb6, [0x14c0, nil]]
0x3561S0xb2	[0xb6, [0x14c2, nil]]
0x1239S0xb2	[0xb6, [0x1239, nil]]
0x123cS0xb2	[0xb6, [0x123c, nil]]
0x123dS0xb2	[0xb6, [0x123d, nil]]
0x123fS0xb2	[0xb6, [0x123f, nil]]
0x1242S0xb2	[0xb6, [0x1242, nil]]
0x1243S0xb2	[0xb6, [0x1243, nil]]
0x124aS0xb2	[0xb6, [0x124a, nil]]
0x124fS0xb2	[0xb6, [0x124f, nil]]
0x1251S0xb2	[0xb6, [0x1251, nil]]
0x1256S0xb2	[0xb6, [0x1256, nil]]
0x126cS0xb2	[0xb6, [0x126c, nil]]
0x1272S0xb2	[0xb6, [0x1272, nil]]
0x127aS0xb2	[0xb6, [0x127a, nil]]
0x127cS0xb2	[0xb6, [0x127c, nil]]
0x127dS0xb2	[0xb6, [0x127d, nil]]
0x1282S0xb2	[0xb6, [0x1282, nil]]
0x1284S0xb2	[0xb6, [0x1284, nil]]
0x1286S0xb2	[0xb6, [0x1286, nil]]
0x1289S0xb2	[0xb6, [0x1289, nil]]
0x128bS0xb2	[0xb6, [0x128b, nil]]
0x128eS0xb2	[0xb6, [0x128e, nil]]
0x128fS0xb2	[0xb6, [0x128f, nil]]
0x1290S0xb2	[0xb6, [0x1290, nil]]
0x1292S0xb2	[0xb6, [0x1292, nil]]
0x1293S0xb2	[0xb6, [0x1293, nil]]
0x180cS0xb2	[0xb6, [0x180c, nil]]
0x1810S0xb2	[0xb6, [0x1810, nil]]
0x1812S0xb2	[0xb6, [0x1812, nil]]
0x1815S0xb2	[0xb6, [0x1815, nil]]
0x1818S0xb2	[0xb6, [0x1818, nil]]
0x181aS0xb2	[0xb6, [0x181a, nil]]
0x12a5S0xb2	[0xb6, [0x12a5, nil]]
0x12a7S0xb2	[0xb6, [0x12a7, nil]]
0x12a8S0xb2	[0xb6, [0x12a8, nil]]
0x12a9S0xb2	[0xb6, [0x12a9, nil]]
0x12adS0xb2	[0xb6, [0x12ad, nil]]
0x12afS0xb2	[0xb6, [0x12af, nil]]
0x12b2S0xb2	[0xb6, [0x12b2, nil]]
0x12b3S0xb2	[0xb6, [0x12b3, nil]]
0x12b5S0xb2	[0xb6, [0x12b5, nil]]
0x12b6S0xb2	[0xb6, [0x12b6, nil]]
0x12b8S0xb2	[0xb6, [0x12b8, nil]]
0x12b9S0xb2	[0xb6, [0x12b9, nil]]
0x12bcS0xb2	[0xb6, [0x12bc, nil]]
0x12c2S0xb2	[0xb6, [0x12c2, nil]]
0x12c4S0xb2	[0xb6, [0x12c4, nil]]
0x1822S0xb2	[0xb6, [0x1822, nil]]
0x1825S0xb2	[0xb6, [0x1825, nil]]
0x1391S0x11f3S0xb2	[0xb6, [0x1237, [0x1391, nil]]]
0x139eS0x11f3S0xb2	[0xb6, [0x1237, [0x139e, nil]]]
0x139fS0x11f3S0xb2	[0xb6, [0x1237, [0x139f, nil]]]
0x13a3S0x11f3S0xb2	[0xb6, [0x1237, [0x13a3, nil]]]
0x13a5S0x11f3S0xb2	[0xb6, [0x1237, [0x13a5, nil]]]
0x13a8S0x11f3S0xb2	[0xb6, [0x1237, [0x13a8, nil]]]
0x13aaS0x11f3S0xb2	[0xb6, [0x1237, [0x13aa, nil]]]
0x13acS0x11f3S0xb2	[0xb6, [0x1237, [0x13ac, nil]]]
0x13aeS0x11f3S0xb2	[0xb6, [0x1237, [0x13ae, nil]]]
0x13afS0x11f3S0xb2	[0xb6, [0x1237, [0x13af, nil]]]
0x13b0S0x11f3S0xb2	[0xb6, [0x1237, [0x13b0, nil]]]
0x13b1S0x11f3S0xb2	[0xb6, [0x1237, [0x13b1, nil]]]
0x13b5S0x11f3S0xb2	[0xb6, [0x1237, [0x13b5, nil]]]
0x13b7S0x11f3S0xb2	[0xb6, [0x1237, [0x13b7, nil]]]
0x13b8S0x11f3S0xb2	[0xb6, [0x1237, [0x13b8, nil]]]
0x13bbS0x11f3S0xb2	[0xb6, [0x1237, [0x13bb, nil]]]
0x13bfS0x11f3S0xb2	[0xb6, [0x1237, [0x13bf, nil]]]
0x13c1S0x11f3S0xb2	[0xb6, [0x1237, [0x13c1, nil]]]
0x13c2S0x11f3S0xb2	[0xb6, [0x1237, [0x13c2, nil]]]
0x13c5S0x11f3S0xb2	[0xb6, [0x1237, [0x13c5, nil]]]
0x13caS0x11f3S0xb2	[0xb6, [0x1237, [0x13ca, nil]]]
0x13cdS0x11f3S0xb2	[0xb6, [0x1237, [0x13cd, nil]]]
0x13ceS0x11f3S0xb2	[0xb6, [0x1237, [0x13ce, nil]]]
0x13d1S0x11f3S0xb2	[0xb6, [0x1237, [0x13d1, nil]]]
0x13d4S0x11f3S0xb2	[0xb6, [0x1237, [0x13d4, nil]]]
0x13d7S0x11f3S0xb2	[0xb6, [0x1237, [0x13d7, nil]]]
0x13d8S0x11f3S0xb2	[0xb6, [0x1237, [0x13d8, nil]]]
0x13dbS0x11f3S0xb2	[0xb6, [0x1237, [0x13db, nil]]]
0x13ddS0x11f3S0xb2	[0xb6, [0x1237, [0x13dd, nil]]]
0x13dfS0x11f3S0xb2	[0xb6, [0x1237, [0x13df, nil]]]
0x1636S0x1172S0xb2	[0xb6, [0x1199, [0x1636, nil]]]
0x164dS0x1172S0xb2	[0xb6, [0x1199, [0x164d, nil]]]
0x1629S0x1172S0xb2	[0xb6, [0x1199, [0x1629, nil]]]
0x162bS0x1172S0xb2	[0xb6, [0x1199, [0x162b, nil]]]
0x162fS0x1172S0xb2	[0xb6, [0x1199, [0x162f, nil]]]
0x1630S0x1172S0xb2	[0xb6, [0x1199, [0x1630, nil]]]
0x1631S0x1172S0xb2	[0xb6, [0x1199, [0x1631, nil]]]
0x1632S0x1172S0xb2	[0xb6, [0x1199, [0x1632, nil]]]
0x163cS0x1172S0xb2	[0xb6, [0x1199, [0x163c, nil]]]
0x163dS0x1172S0xb2	[0xb6, [0x1199, [0x163d, nil]]]
0x1647S0x1172S0xb2	[0xb6, [0x1199, [0x1647, nil]]]
0x1648S0x1172S0xb2	[0xb6, [0x1199, [0x1648, nil]]]
0x1649S0x1172S0xb2	[0xb6, [0x1199, [0x1649, nil]]]
0x1652S0x1172S0xb2	[0xb6, [0x1199, [0x1652, nil]]]
0x1658S0x1172S0xb2	[0xb6, [0x1199, [0x1658, nil]]]
0x1659S0x1172S0xb2	[0xb6, [0x1199, [0x1659, nil]]]
0x165cS0x1172S0xb2	[0xb6, [0x1199, [0x165c, nil]]]
0x13f5S0x180bS0xb2	[0xb6, [0x181d, [0x13f5, nil]]]
0x13f9S0x180bS0xb2	[0xb6, [0x181d, [0x13f9, nil]]]
0x13fbS0x180bS0xb2	[0xb6, [0x181d, [0x13fb, nil]]]
0x13fcS0x180bS0xb2	[0xb6, [0x181d, [0x13fc, nil]]]
0x13ffS0x180bS0xb2	[0xb6, [0x181d, [0x13ff, nil]]]
0x1401S0x180bS0xb2	[0xb6, [0x181d, [0x1401, nil]]]
0x1403S0x180bS0xb2	[0xb6, [0x181d, [0x1403, nil]]]
0x1404S0x180bS0xb2	[0xb6, [0x181d, [0x1404, nil]]]
0x140aS0x180bS0xb2	[0xb6, [0x181d, [0x140a, nil]]]
0x140cS0x180bS0xb2	[0xb6, [0x181d, [0x140c, nil]]]
0x1410S0x180bS0xb2	[0xb6, [0x181d, [0x1410, nil]]]
0x1411S0x180bS0xb2	[0xb6, [0x181d, [0x1411, nil]]]
0x1413S0x180bS0xb2	[0xb6, [0x181d, [0x1413, nil]]]
0x1415S0x180bS0xb2	[0xb6, [0x181d, [0x1415, nil]]]
0x1417S0x180bS0xb2	[0xb6, [0x181d, [0x1417, nil]]]
0x1418S0x180bS0xb2	[0xb6, [0x181d, [0x1418, nil]]]
0x141bS0x180bS0xb2	[0xb6, [0x181d, [0x141b, nil]]]
0x141cS0x180bS0xb2	[0xb6, [0x181d, [0x141c, nil]]]
0x141eS0x180bS0xb2	[0xb6, [0x181d, [0x141e, nil]]]
0x141fS0x180bS0xb2	[0xb6, [0x181d, [0x141f, nil]]]
0x13efS0x180bS0xb2	[0xb6, [0x181d, [0x13ef, nil]]]
0x13f0S0x180bS0xb2	[0xb6, [0x181d, [0x13f0, nil]]]
0x13f1S0x180bS0xb2	[0xb6, [0x181d, [0x13f1, nil]]]
0x13e3S0x180bS0xb2	[0xb6, [0x181d, [0x13e3, nil]]]
0x13e6S0x180bS0xb2	[0xb6, [0x181d, [0x13e6, nil]]]
0x13eaS0x180bS0xb2	[0xb6, [0x181d, [0x13ea, nil]]]
0x17f6S0x1101S0xb2	[0xb6, [0x1154, [0x17f6, nil]]]
0x17f8S0x1101S0xb2	[0xb6, [0x1154, [0x17f8, nil]]]
0x17fbS0x1101S0xb2	[0xb6, [0x1154, [0x17fb, nil]]]
0x17fdS0x1101S0xb2	[0xb6, [0x1154, [0x17fd, nil]]]
0x17ffS0x1101S0xb2	[0xb6, [0x1154, [0x17ff, nil]]]
0x1802S0x1101S0xb2	[0xb6, [0x1154, [0x1802, nil]]]
0x1805S0x1101S0xb2	[0xb6, [0x1154, [0x1805, nil]]]
0x1807S0x1101S0xb2	[0xb6, [0x1154, [0x1807, nil]]]
0x14dcS0x17f2S0x1101S0xb2	[0xb6, [0x1154, [0x180a, [0x14dc, nil]]]]
0x14ddS0x17f2S0x1101S0xb2	[0xb6, [0x1154, [0x180a, [0x14dd, nil]]]]
0x14deS0x17f2S0x1101S0xb2	[0xb6, [0x1154, [0x180a, [0x14de, nil]]]]
0x14c6S0x17f2S0x1101S0xb2	[0xb6, [0x1154, [0x180a, [0x14c6, nil]]]]
0x14c9S0x17f2S0x1101S0xb2	[0xb6, [0x1154, [0x180a, [0x14c9, nil]]]]
0x14cdS0x17f2S0x1101S0xb2	[0xb6, [0x1154, [0x180a, [0x14cd, nil]]]]
0x14d1S0x17f2S0x1101S0xb2	[0xb6, [0x1154, [0x180a, [0x14d1, nil]]]]
0x14d6S0x17f2S0x1101S0xb2	[0xb6, [0x1154, [0x180a, [0x14d6, nil]]]]
0x14d7S0x17f2S0x1101S0xb2	[0xb6, [0x1154, [0x180a, [0x14d7, nil]]]]
0x14e3S0x17f2S0x1101S0xb2	[0xb6, [0x1154, [0x180a, [0x14e3, nil]]]]
0x14e4S0x17f2S0x1101S0xb2	[0xb6, [0x1154, [0x180a, [0x14e4, nil]]]]
0x14e6S0x17f2S0x1101S0xb2	[0xb6, [0x1154, [0x180a, [0x14e6, nil]]]]
0x14e8S0x17f2S0x1101S0xb2	[0xb6, [0x1154, [0x180a, [0x14e8, nil]]]]
0x14eaS0x17f2S0x1101S0xb2	[0xb6, [0x1154, [0x180a, [0x14ea, nil]]]]
0x14ebS0x17f2S0x1101S0xb2	[0xb6, [0x1154, [0x180a, [0x14eb, nil]]]]
0x14ecS0x17f2S0x1101S0xb2	[0xb6, [0x1154, [0x180a, [0x14ec, nil]]]]
0x14f1S0x17f2S0x1101S0xb2	[0xb6, [0x1154, [0x180a, [0x14f1, nil]]]]
0x14f5S0x17f2S0x1101S0xb2	[0xb6, [0x1154, [0x180a, [0x14f5, nil]]]]
0x14f7S0x17f2S0x1101S0xb2	[0xb6, [0x1154, [0x180a, [0x14f7, nil]]]]
0x14f9S0x17f2S0x1101S0xb2	[0xb6, [0x1154, [0x180a, [0x14f9, nil]]]]
0x14faS0x17f2S0x1101S0xb2	[0xb6, [0x1154, [0x180a, [0x14fa, nil]]]]
0x155bS0x104bS0xb2	[0xb6, [0x106e, [0x155b, nil]]]
0x155eS0x104bS0xb2	[0xb6, [0x106e, [0x155e, nil]]]
0x168fS0x104bS0xb2	[0xb6, [0x106e, [0x168f, nil]]]
0x1681S0x104bS0xb2	[0xb6, [0x106e, [0x1681, nil]]]
0x1683S0x104bS0xb2	[0xb6, [0x106e, [0x1683, nil]]]
0x1688S0x104bS0xb2	[0xb6, [0x106e, [0x1688, nil]]]
0x1689S0x104bS0xb2	[0xb6, [0x106e, [0x1689, nil]]]
0x168aS0x104bS0xb2	[0xb6, [0x106e, [0x168a, nil]]]
0x168bS0x104bS0xb2	[0xb6, [0x106e, [0x168b, nil]]]
0x1563S0x104bS0xb2	[0xb6, [0x106e, [0x1563, nil]]]
0x3584S0x104bS0xb2	[0xb6, [0x106e, [0x149a, nil]]]
0x3589S0x104bS0xb2	[0xb6, [0x106e, [0x149f, nil]]]
0x358bS0x104bS0xb2	[0xb6, [0x106e, [0x14a1, nil]]]
0x358cS0x104bS0xb2	[0xb6, [0x106e, [0x14a2, nil]]]
0x358fS0x104bS0xb2	[0xb6, [0x106e, [0x14a5, nil]]]
0x3591S0x104bS0xb2	[0xb6, [0x106e, [0x14a7, nil]]]
0x3594S0x104bS0xb2	[0xb6, [0x106e, [0x14aa, nil]]]
0x3596S0x104bS0xb2	[0xb6, [0x106e, [0x14ac, nil]]]
0x1694S0x104bS0xb2	[0xb6, [0x106e, [0x1694, nil]]]
0x1697S0x104bS0xb2	[0xb6, [0x106e, [0x1697, nil]]]
0x169dS0x104bS0xb2	[0xb6, [0x106e, [0x169d, nil]]]
0x16a0S0x104bS0xb2	[0xb6, [0x106e, [0x16a0, nil]]]
0x16a3S0x104bS0xb2	[0xb6, [0x106e, [0x16a3, nil]]]
0x16a6S0x104bS0xb2	[0xb6, [0x106e, [0x16a6, nil]]]
0x16a7S0x104bS0xb2	[0xb6, [0x106e, [0x16a7, nil]]]
0x153fS0x104bS0xb2	[0xb6, [0x106e, [0x153f, nil]]]
0x1541S0x104bS0xb2	[0xb6, [0x106e, [0x1541, nil]]]
0x1542S0x104bS0xb2	[0xb6, [0x106e, [0x1542, nil]]]
0x1546S0x104bS0xb2	[0xb6, [0x106e, [0x1546, nil]]]
0x1547S0x104bS0xb2	[0xb6, [0x106e, [0x1547, nil]]]
0x1551S0x104bS0xb2	[0xb6, [0x106e, [0x1551, nil]]]
0x1554S0x104bS0xb2	[0xb6, [0x106e, [0x1554, nil]]]
0x1555S0x104bS0xb2	[0xb6, [0x106e, [0x1555, nil]]]
0x1556S0x104bS0xb2	[0xb6, [0x106e, [0x1556, nil]]]
0x1557S0x104bS0xb2	[0xb6, [0x106e, [0x1557, nil]]]
0x16acS0x104bS0xb2	[0xb6, [0x106e, [0x16ac, nil]]]
0x16afS0x104bS0xb2	[0xb6, [0x106e, [0x16af, nil]]]
0x16b1S0x104bS0xb2	[0xb6, [0x106e, [0x16b1, nil]]]
0x16b4S0x104bS0xb2	[0xb6, [0x106e, [0x16b4, nil]]]
0x16b7S0x104bS0xb2	[0xb6, [0x106e, [0x16b7, nil]]]
0x16b8S0x104bS0xb2	[0xb6, [0x106e, [0x16b8, nil]]]
0x16bdS0x104bS0xb2	[0xb6, [0x106e, [0x16bd, nil]]]
0x16c0S0x104bS0xb2	[0xb6, [0x106e, [0x16c0, nil]]]
0x16c2S0x104bS0xb2	[0xb6, [0x106e, [0x16c2, nil]]]
0x16c5S0x104bS0xb2	[0xb6, [0x106e, [0x16c5, nil]]]
0x16c6S0x104bS0xb2	[0xb6, [0x106e, [0x16c6, nil]]]
0x16c7S0x104bS0xb2	[0xb6, [0x106e, [0x16c7, nil]]]
0x16caS0x104bS0xb2	[0xb6, [0x106e, [0x16ca, nil]]]
0x16ccS0x104bS0xb2	[0xb6, [0x106e, [0x16cc, nil]]]
0x16cfS0x104bS0xb2	[0xb6, [0x106e, [0x16cf, nil]]]
0x16d0S0x104bS0xb2	[0xb6, [0x106e, [0x16d0, nil]]]
0x16d1S0x104bS0xb2	[0xb6, [0x106e, [0x16d1, nil]]]
0x16d4S0x104bS0xb2	[0xb6, [0x106e, [0x16d4, nil]]]
0x16d6S0x104bS0xb2	[0xb6, [0x106e, [0x16d6, nil]]]
0x16d9S0x104bS0xb2	[0xb6, [0x106e, [0x16d9, nil]]]
0x16daS0x104bS0xb2	[0xb6, [0x106e, [0x16da, nil]]]
0x16dbS0x104bS0xb2	[0xb6, [0x106e, [0x16db, nil]]]
0x16deS0x104bS0xb2	[0xb6, [0x106e, [0x16de, nil]]]
0x16e0S0x104bS0xb2	[0xb6, [0x106e, [0x16e0, nil]]]
0x16e3S0x104bS0xb2	[0xb6, [0x106e, [0x16e3, nil]]]
0x16e4S0x104bS0xb2	[0xb6, [0x106e, [0x16e4, nil]]]
0x16e5S0x104bS0xb2	[0xb6, [0x106e, [0x16e5, nil]]]
0x16e8S0x104bS0xb2	[0xb6, [0x106e, [0x16e8, nil]]]
0x16eaS0x104bS0xb2	[0xb6, [0x106e, [0x16ea, nil]]]
0x16edS0x104bS0xb2	[0xb6, [0x106e, [0x16ed, nil]]]
0x16eeS0x104bS0xb2	[0xb6, [0x106e, [0x16ee, nil]]]
0x16efS0x104bS0xb2	[0xb6, [0x106e, [0x16ef, nil]]]
0x16f2S0x104bS0xb2	[0xb6, [0x106e, [0x16f2, nil]]]
0x16f4S0x104bS0xb2	[0xb6, [0x106e, [0x16f4, nil]]]
0x16f9S0x104bS0xb2	[0xb6, [0x106e, [0x16f9, nil]]]
0x16faS0x104bS0xb2	[0xb6, [0x106e, [0x16fa, nil]]]
0x16fdS0x104bS0xb2	[0xb6, [0x106e, [0x16fd, nil]]]
0x1700S0x104bS0xb2	[0xb6, [0x106e, [0x1700, nil]]]
0x1705S0x104bS0xb2	[0xb6, [0x106e, [0x1705, nil]]]
0x1706S0x104bS0xb2	[0xb6, [0x106e, [0x1706, nil]]]
0x1709S0x104bS0xb2	[0xb6, [0x106e, [0x1709, nil]]]
0x170cS0x104bS0xb2	[0xb6, [0x106e, [0x170c, nil]]]
0x1711S0x104bS0xb2	[0xb6, [0x106e, [0x1711, nil]]]
0x1712S0x104bS0xb2	[0xb6, [0x106e, [0x1712, nil]]]
0x1715S0x104bS0xb2	[0xb6, [0x106e, [0x1715, nil]]]
0x1718S0x104bS0xb2	[0xb6, [0x106e, [0x1718, nil]]]
0x171bS0x104bS0xb2	[0xb6, [0x106e, [0x171b, nil]]]
0x1720S0x104bS0xb2	[0xb6, [0x106e, [0x1720, nil]]]
0x1721S0x104bS0xb2	[0xb6, [0x106e, [0x1721, nil]]]
0x1728S0x104bS0xb2	[0xb6, [0x106e, [0x1728, nil]]]
0x1667S0x169bS0x104bS0xb2	[0xb6, [0x106e, [0x16aa, [0x1667, nil]]]]
0x1668S0x169bS0x104bS0xb2	[0xb6, [0x106e, [0x16aa, [0x1668, nil]]]]
0x166cS0x169bS0x104bS0xb2	[0xb6, [0x106e, [0x16aa, [0x166c, nil]]]]
0x12e9S0x1665S0x169bS0x104bS0xb2	[0xb6, [0x106e, [0x16aa, [0x166f, [0x12e9, nil]]]]]
0x12d9S0x1665S0x169bS0x104bS0xb2	[0xb6, [0x106e, [0x16aa, [0x166f, [0x12d9, nil]]]]]
0x12dbS0x1665S0x169bS0x104bS0xb2	[0xb6, [0x106e, [0x16aa, [0x166f, [0x12db, nil]]]]]
0x12ddS0x1665S0x169bS0x104bS0xb2	[0xb6, [0x106e, [0x16aa, [0x166f, [0x12dd, nil]]]]]
0x12dfS0x1665S0x169bS0x104bS0xb2	[0xb6, [0x106e, [0x16aa, [0x166f, [0x12df, nil]]]]]
0x12e0S0x1665S0x169bS0x104bS0xb2	[0xb6, [0x106e, [0x16aa, [0x166f, [0x12e0, nil]]]]]
0x12e2S0x1665S0x169bS0x104bS0xb2	[0xb6, [0x106e, [0x16aa, [0x166f, [0x12e2, nil]]]]]
0x12e4S0x1665S0x169bS0x104bS0xb2	[0xb6, [0x106e, [0x16aa, [0x166f, [0x12e4, nil]]]]]
0x12e5S0x1665S0x169bS0x104bS0xb2	[0xb6, [0x106e, [0x16aa, [0x166f, [0x12e5, nil]]]]]
0x1667S0x16abS0x104bS0xb2	[0xb6, [0x106e, [0x16bb, [0x1667, nil]]]]
0x1668S0x16abS0x104bS0xb2	[0xb6, [0x106e, [0x16bb, [0x1668, nil]]]]
0x166cS0x16abS0x104bS0xb2	[0xb6, [0x106e, [0x16bb, [0x166c, nil]]]]
0x12e9S0x1665S0x16abS0x104bS0xb2	[0xb6, [0x106e, [0x16bb, [0x166f, [0x12e9, nil]]]]]
0x12d9S0x1665S0x16abS0x104bS0xb2	[0xb6, [0x106e, [0x16bb, [0x166f, [0x12d9, nil]]]]]
0x12dbS0x1665S0x16abS0x104bS0xb2	[0xb6, [0x106e, [0x16bb, [0x166f, [0x12db, nil]]]]]
0x12ddS0x1665S0x16abS0x104bS0xb2	[0xb6, [0x106e, [0x16bb, [0x166f, [0x12dd, nil]]]]]
0x12dfS0x1665S0x16abS0x104bS0xb2	[0xb6, [0x106e, [0x16bb, [0x166f, [0x12df, nil]]]]]
0x12e0S0x1665S0x16abS0x104bS0xb2	[0xb6, [0x106e, [0x16bb, [0x166f, [0x12e0, nil]]]]]
0x12e2S0x1665S0x16abS0x104bS0xb2	[0xb6, [0x106e, [0x16bb, [0x166f, [0x12e2, nil]]]]]
0x12e4S0x1665S0x16abS0x104bS0xb2	[0xb6, [0x106e, [0x16bb, [0x166f, [0x12e4, nil]]]]]
0x12e5S0x1665S0x16abS0x104bS0xb2	[0xb6, [0x106e, [0x16bb, [0x166f, [0x12e5, nil]]]]]
0x1677S0x16bcS0x104bS0xb2	[0xb6, [0x106e, [0x1724, [0x1677, nil]]]]
0x1678S0x16bcS0x104bS0xb2	[0xb6, [0x106e, [0x1724, [0x1678, nil]]]]
0x167cS0x16bcS0x104bS0xb2	[0xb6, [0x106e, [0x1724, [0x167c, nil]]]]
0x12faS0x1675S0x16bcS0x104bS0xb2	[0xb6, [0x106e, [0x1724, [0x167f, [0x12fa, nil]]]]]
0x12f2S0x1675S0x16bcS0x104bS0xb2	[0xb6, [0x106e, [0x1724, [0x167f, [0x12f2, nil]]]]]
0x12f3S0x1675S0x16bcS0x104bS0xb2	[0xb6, [0x106e, [0x1724, [0x167f, [0x12f3, nil]]]]]
0x12f5S0x1675S0x16bcS0x104bS0xb2	[0xb6, [0x106e, [0x1724, [0x167f, [0x12f5, nil]]]]]
0x12f6S0x1675S0x16bcS0x104bS0xb2	[0xb6, [0x106e, [0x1724, [0x167f, [0x12f6, nil]]]]]
0x18adS0x12a0S0xb2	[0xb6, [0x12c7, [0x18ad, nil]]]
0x18cdS0x12a0S0xb2	[0xb6, [0x12c7, [0x18cd, nil]]]
0x18e1S0x12a0S0xb2	[0xb6, [0x12c7, [0x18e1, nil]]]
0x190eS0x12a0S0xb2	[0xb6, [0x12c7, [0x190e, nil]]]
0x194eS0x12a0S0xb2	[0xb6, [0x12c7, [0x194e, nil]]]
0x1970S0x12a0S0xb2	[0xb6, [0x12c7, [0x1970, nil]]]
0x189cS0x12a0S0xb2	[0xb6, [0x12c7, [0x189c, nil]]]
0x189fS0x12a0S0xb2	[0xb6, [0x12c7, [0x189f, nil]]]
0x18a2S0x12a0S0xb2	[0xb6, [0x12c7, [0x18a2, nil]]]
0x18a6S0x12a0S0xb2	[0xb6, [0x12c7, [0x18a6, nil]]]
0x18a7S0x12a0S0xb2	[0xb6, [0x12c7, [0x18a7, nil]]]
0x18a8S0x12a0S0xb2	[0xb6, [0x12c7, [0x18a8, nil]]]
0x18a9S0x12a0S0xb2	[0xb6, [0x12c7, [0x18a9, nil]]]
0x18b3S0x12a0S0xb2	[0xb6, [0x12c7, [0x18b3, nil]]]
0x18b6S0x12a0S0xb2	[0xb6, [0x12c7, [0x18b6, nil]]]
0x18baS0x12a0S0xb2	[0xb6, [0x12c7, [0x18ba, nil]]]
0x18bbS0x12a0S0xb2	[0xb6, [0x12c7, [0x18bb, nil]]]
0x18bcS0x12a0S0xb2	[0xb6, [0x12c7, [0x18bc, nil]]]
0x18c7S0x12a0S0xb2	[0xb6, [0x12c7, [0x18c7, nil]]]
0x18c8S0x12a0S0xb2	[0xb6, [0x12c7, [0x18c8, nil]]]
0x18c9S0x12a0S0xb2	[0xb6, [0x12c7, [0x18c9, nil]]]
0x18d4S0x12a0S0xb2	[0xb6, [0x12c7, [0x18d4, nil]]]
0x18d8S0x12a0S0xb2	[0xb6, [0x12c7, [0x18d8, nil]]]
0x18dbS0x12a0S0xb2	[0xb6, [0x12c7, [0x18db, nil]]]
0x18dcS0x12a0S0xb2	[0xb6, [0x12c7, [0x18dc, nil]]]
0x18ddS0x12a0S0xb2	[0xb6, [0x12c7, [0x18dd, nil]]]
0x18e7S0x12a0S0xb2	[0xb6, [0x12c7, [0x18e7, nil]]]
0x18e8S0x12a0S0xb2	[0xb6, [0x12c7, [0x18e8, nil]]]
0x18ebS0x12a0S0xb2	[0xb6, [0x12c7, [0x18eb, nil]]]
0x18efS0x12a0S0xb2	[0xb6, [0x12c7, [0x18ef, nil]]]
0x18f7S0x12a0S0xb2	[0xb6, [0x12c7, [0x18f7, nil]]]
0x18fcS0x12a0S0xb2	[0xb6, [0x12c7, [0x18fc, nil]]]
0x18feS0x12a0S0xb2	[0xb6, [0x12c7, [0x18fe, nil]]]
0x1900S0x12a0S0xb2	[0xb6, [0x12c7, [0x1900, nil]]]
0x1904S0x12a0S0xb2	[0xb6, [0x12c7, [0x1904, nil]]]
0x1908S0x12a0S0xb2	[0xb6, [0x12c7, [0x1908, nil]]]
0x1909S0x12a0S0xb2	[0xb6, [0x12c7, [0x1909, nil]]]
0x190aS0x12a0S0xb2	[0xb6, [0x12c7, [0x190a, nil]]]
0x6ebfS0x12a0S0xb2	[0xb6, [0x12c7, [0x15df, nil]]]
0x1915S0x12a0S0xb2	[0xb6, [0x12c7, [0x1915, nil]]]
0x193aS0x12a0S0xb2	[0xb6, [0x12c7, [0x193a, nil]]]
0x193dS0x12a0S0xb2	[0xb6, [0x12c7, [0x193d, nil]]]
0x193eS0x12a0S0xb2	[0xb6, [0x12c7, [0x193e, nil]]]
0x1948S0x12a0S0xb2	[0xb6, [0x12c7, [0x1948, nil]]]
0x1949S0x12a0S0xb2	[0xb6, [0x12c7, [0x1949, nil]]]
0x194aS0x12a0S0xb2	[0xb6, [0x12c7, [0x194a, nil]]]
0x192fS0x12a0S0xb2	[0xb6, [0x12c7, [0x192f, nil]]]
0x1933S0x12a0S0xb2	[0xb6, [0x12c7, [0x1933, nil]]]
0x1935S0x12a0S0xb2	[0xb6, [0x12c7, [0x1935, nil]]]
0x191aS0x12a0S0xb2	[0xb6, [0x12c7, [0x191a, nil]]]
0x191bS0x12a0S0xb2	[0xb6, [0x12c7, [0x191b, nil]]]
0x191cS0x12a0S0xb2	[0xb6, [0x12c7, [0x191c, nil]]]
0x1953S0x12a0S0xb2	[0xb6, [0x12c7, [0x1953, nil]]]
0x1959S0x12a0S0xb2	[0xb6, [0x12c7, [0x1959, nil]]]
0x195aS0x12a0S0xb2	[0xb6, [0x12c7, [0x195a, nil]]]
0x195dS0x12a0S0xb2	[0xb6, [0x12c7, [0x195d, nil]]]
0x1961S0x12a0S0xb2	[0xb6, [0x12c7, [0x1961, nil]]]
0x1964S0x12a0S0xb2	[0xb6, [0x12c7, [0x1964, nil]]]
0x1965S0x12a0S0xb2	[0xb6, [0x12c7, [0x1965, nil]]]
0x196aS0x12a0S0xb2	[0xb6, [0x12c7, [0x196a, nil]]]
0x196bS0x12a0S0xb2	[0xb6, [0x12c7, [0x196b, nil]]]
0x196cS0x12a0S0xb2	[0xb6, [0x12c7, [0x196c, nil]]]
0x1977S0x12a0S0xb2	[0xb6, [0x12c7, [0x1977, nil]]]
0x197dS0x12a0S0xb2	[0xb6, [0x12c7, [0x197d, nil]]]
0x197eS0x12a0S0xb2	[0xb6, [0x12c7, [0x197e, nil]]]
0x1981S0x12a0S0xb2	[0xb6, [0x12c7, [0x1981, nil]]]
0x1921S0x12a0S0xb2	[0xb6, [0x12c7, [0x1921, nil]]]
0x1922S0x12a0S0xb2	[0xb6, [0x12c7, [0x1922, nil]]]
0x1926S0x12a0S0xb2	[0xb6, [0x12c7, [0x1926, nil]]]
0x158aS0x6ebeS0x12a0S0xb2	[0xb6, [0x12c7, [0x15e2, [0x158a, nil]]]]
0x158dS0x6ebeS0x12a0S0xb2	[0xb6, [0x12c7, [0x15e2, [0x158d, nil]]]]
0x1592S0x6ebeS0x12a0S0xb2	[0xb6, [0x12c7, [0x15e2, [0x1592, nil]]]]
0x35b9S0x6ebeS0x12a0S0xb2	[0xb6, [0x12c7, [0x15e2, [0x149a, nil]]]]
0x35beS0x6ebeS0x12a0S0xb2	[0xb6, [0x12c7, [0x15e2, [0x149f, nil]]]]
0x35c0S0x6ebeS0x12a0S0xb2	[0xb6, [0x12c7, [0x15e2, [0x14a1, nil]]]]
0x35c1S0x6ebeS0x12a0S0xb2	[0xb6, [0x12c7, [0x15e2, [0x14a2, nil]]]]
0x35c4S0x6ebeS0x12a0S0xb2	[0xb6, [0x12c7, [0x15e2, [0x14a5, nil]]]]
0x35c6S0x6ebeS0x12a0S0xb2	[0xb6, [0x12c7, [0x15e2, [0x14a7, nil]]]]
0x35c9S0x6ebeS0x12a0S0xb2	[0xb6, [0x12c7, [0x15e2, [0x14aa, nil]]]]
0x35cbS0x6ebeS0x12a0S0xb2	[0xb6, [0x12c7, [0x15e2, [0x14ac, nil]]]]
0x1569S0x6ebeS0x12a0S0xb2	[0xb6, [0x12c7, [0x15e2, [0x1569, nil]]]]
0x156bS0x6ebeS0x12a0S0xb2	[0xb6, [0x12c7, [0x15e2, [0x156b, nil]]]]
0x156cS0x6ebeS0x12a0S0xb2	[0xb6, [0x12c7, [0x15e2, [0x156c, nil]]]]
0x156fS0x6ebeS0x12a0S0xb2	[0xb6, [0x12c7, [0x15e2, [0x156f, nil]]]]
0x1570S0x6ebeS0x12a0S0xb2	[0xb6, [0x12c7, [0x15e2, [0x1570, nil]]]]
0x1572S0x6ebeS0x12a0S0xb2	[0xb6, [0x12c7, [0x15e2, [0x1572, nil]]]]
0x1573S0x6ebeS0x12a0S0xb2	[0xb6, [0x12c7, [0x15e2, [0x1573, nil]]]]
0x1575S0x6ebeS0x12a0S0xb2	[0xb6, [0x12c7, [0x15e2, [0x1575, nil]]]]
0x1576S0x6ebeS0x12a0S0xb2	[0xb6, [0x12c7, [0x15e2, [0x1576, nil]]]]
0x1580S0x6ebeS0x12a0S0xb2	[0xb6, [0x12c7, [0x15e2, [0x1580, nil]]]]
0x1583S0x6ebeS0x12a0S0xb2	[0xb6, [0x12c7, [0x15e2, [0x1583, nil]]]]
0x1584S0x6ebeS0x12a0S0xb2	[0xb6, [0x12c7, [0x15e2, [0x1584, nil]]]]
0x1585S0x6ebeS0x12a0S0xb2	[0xb6, [0x12c7, [0x15e2, [0x1585, nil]]]]
0x1586S0x6ebeS0x12a0S0xb2	[0xb6, [0x12c7, [0x15e2, [0x1586, nil]]]]
0x12e9S0x1920S0x12a0S0xb2	[0xb6, [0x12c7, [0x1929, [0x12e9, nil]]]]
0x12d9S0x1920S0x12a0S0xb2	[0xb6, [0x12c7, [0x1929, [0x12d9, nil]]]]
0x12dbS0x1920S0x12a0S0xb2	[0xb6, [0x12c7, [0x1929, [0x12db, nil]]]]
0x12ddS0x1920S0x12a0S0xb2	[0xb6, [0x12c7, [0x1929, [0x12dd, nil]]]]
0x12dfS0x1920S0x12a0S0xb2	[0xb6, [0x12c7, [0x1929, [0x12df, nil]]]]
0x12e0S0x1920S0x12a0S0xb2	[0xb6, [0x12c7, [0x1929, [0x12e0, nil]]]]
0x12e2S0x1920S0x12a0S0xb2	[0xb6, [0x12c7, [0x1929, [0x12e2, nil]]]]
0x12e4S0x1920S0x12a0S0xb2	[0xb6, [0x12c7, [0x1929, [0x12e4, nil]]]]
0x12e5S0x1920S0x12a0S0xb2	[0xb6, [0x12c7, [0x1929, [0x12e5, nil]]]]
0x15acS0x18e5S0x12a0S0xb2	[0xb6, [0x12c7, [0x18f2, [0x15ac, nil]]]]
0x15afS0x18e5S0x12a0S0xb2	[0xb6, [0x12c7, [0x18f2, [0x15af, nil]]]]
0x15b5S0x18e5S0x12a0S0xb2	[0xb6, [0x12c7, [0x18f2, [0x15b5, nil]]]]
0x15b7S0x18e5S0x12a0S0xb2	[0xb6, [0x12c7, [0x18f2, [0x15b7, nil]]]]
0x15b8S0x18e5S0x12a0S0xb2	[0xb6, [0x12c7, [0x18f2, [0x15b8, nil]]]]
0x15baS0x18e5S0x12a0S0xb2	[0xb6, [0x12c7, [0x18f2, [0x15ba, nil]]]]
0x35eeS0x18e5S0x12a0S0xb2	[0xb6, [0x12c7, [0x18f2, [0x149a, nil]]]]
0x35f3S0x18e5S0x12a0S0xb2	[0xb6, [0x12c7, [0x18f2, [0x149f, nil]]]]
0x35f5S0x18e5S0x12a0S0xb2	[0xb6, [0x12c7, [0x18f2, [0x14a1, nil]]]]
0x35f6S0x18e5S0x12a0S0xb2	[0xb6, [0x12c7, [0x18f2, [0x14a2, nil]]]]
0x35f9S0x18e5S0x12a0S0xb2	[0xb6, [0x12c7, [0x18f2, [0x14a5, nil]]]]
0x35fbS0x18e5S0x12a0S0xb2	[0xb6, [0x12c7, [0x18f2, [0x14a7, nil]]]]
0x35feS0x18e5S0x12a0S0xb2	[0xb6, [0x12c7, [0x18f2, [0x14aa, nil]]]]
0x3600S0x18e5S0x12a0S0xb2	[0xb6, [0x12c7, [0x18f2, [0x14ac, nil]]]]
0x159aS0x18e5S0x12a0S0xb2	[0xb6, [0x12c7, [0x18f2, [0x159a, nil]]]]
0x159cS0x18e5S0x12a0S0xb2	[0xb6, [0x12c7, [0x18f2, [0x159c, nil]]]]
0x15a6S0x18e5S0x12a0S0xb2	[0xb6, [0x12c7, [0x18f2, [0x15a6, nil]]]]
0x15a7S0x18e5S0x12a0S0xb2	[0xb6, [0x12c7, [0x18f2, [0x15a7, nil]]]]
0x15a8S0x18e5S0x12a0S0xb2	[0xb6, [0x12c7, [0x18f2, [0x15a8, nil]]]]
0xb6	[0xb6, nil]
0x5c	[0x5c, nil]
0x71	[0x71, nil]
0x91	[0x91, nil]
0xb1	[0xb1, nil]
0x15dd	[0x15dd, nil]
0x184d	[0x184d, nil]
0x6d6a	[0x15e2, nil]
0x6e74	[0x15e2, nil]
0x61	[0x61, nil]
0x76	[0x76, nil]
0x96	[0x96, nil]
0x6ef1	[0x49, nil]
0x6ef5	[0x4f, nil]
0x6ef8	[0x64, nil]
0x6efb	[0x77, nil]
0x6efe	[0x97, nil]
0x161c	[0x161c, nil]
0x189a	[0x189a, nil]
0xc	[0xc, nil]
0x48	[0x48, nil]
0x7e	[0x7e, nil]
0x9e	[0x9e, nil]
0x15c9	[0x15c9, nil]
0x15fd	[0x15fd, nil]
0x160e	[0x160e, nil]
0x1839	[0x1839, nil]
0x1868	[0x1868, nil]
0x1879	[0x1879, nil]
0x1888	[0x1888, nil]
0x6ee9	[0x1a, nil]
0x6eeb	[0x25, nil]
0x6eed	[0x30, nil]
0x6eef	[0x3b, nil]
0x6d94	[0x1627, nil]
0x6e9e	[0x1627, nil]
0x49	[0x49, nil]
0x6c29	[0x63, nil]
0x6c4a	[0x63, nil]
0x6c6b	[0x63, nil]
0xc8	[0xc8, nil]
0x42	[0x42, nil]
0x4e	[0x4e, nil]
0x82	[0x82, nil]
0xa2	[0xa2, nil]
0x15cd	[0x15cd, nil]
0x1601	[0x1601, nil]
0x183d	[0x183d, nil]
0x186c	[0x186c, nil]
0x188d	[0x188d, nil]
0xbd	[0xbd, nil]
0x15e6	[0x15e6, nil]
0x1612	[0x1612, nil]
0x1851	[0x1851, nil]
0x1890	[0x1890, nil]
0x1590S0x6d66	[0x15e2, [0x1590, nil]]
0x1598S0x6d66	[0x15e2, [0x1598, nil]]
0x1594S0x6d66	[0x15e2, [0x1594, nil]]
0x35cdS0x6d66	[0x15e2, [0x14ae, nil]]
0x35c3S0x6d66	[0x15e2, [0x14a4, nil]]
0x35c8S0x6d66	[0x15e2, [0x14a9, nil]]
0x1589S0x6d66	[0x15e2, [0x1589, nil]]
0x1590S0x6e70	[0x15e2, [0x1590, nil]]
0x1598S0x6e70	[0x15e2, [0x1598, nil]]
0x1594S0x6e70	[0x15e2, [0x1594, nil]]
0x35cdS0x6e70	[0x15e2, [0x14ae, nil]]
0x35c3S0x6e70	[0x15e2, [0x14a4, nil]]
0x35c8S0x6e70	[0x15e2, [0x14a9, nil]]
0x1589S0x6e70	[0x15e2, [0x1589, nil]]
0x1376S0x83	[0x91, [0x1376, nil]]
0x1372S0x83	[0x91, [0x1372, nil]]
0x1381S0x83	[0x91, [0x1381, nil]]
0x138fS0x83	[0x91, [0x138f, nil]]
0x12ecS0x1377S0x83	[0x91, [0x1381, [0x12ec, nil]]]
0x6cfeS0x1377S0x83	[0x91, [0x1381, [0x12ef, nil]]]
0x12e8S0x1377S0x83	[0x91, [0x1381, [0x12e8, nil]]]
0x1376S0xa3	[0xb1, [0x1376, nil]]
0x1372S0xa3	[0xb1, [0x1372, nil]]
0x1381S0xa3	[0xb1, [0x1381, nil]]
0x138fS0xa3	[0xb1, [0x138f, nil]]
0x12ecS0x1377S0xa3	[0xb1, [0x1381, [0x12ec, nil]]]
0x6cfeS0x1377S0xa3	[0xb1, [0x1381, [0x12ef, nil]]]
0x12e8S0x1377S0xa3	[0xb1, [0x1381, [0x12e8, nil]]]
0x1351S0x64	[0x71, [0x1351, nil]]
0x134dS0x64	[0x71, [0x134d, nil]]
0x135cS0x64	[0x71, [0x135c, nil]]
0x6d46S0x64	[0x71, [0x1363, nil]]
0x12ecS0x1352S0x64	[0x71, [0x135c, [0x12ec, nil]]]
0x6cfeS0x1352S0x64	[0x71, [0x135c, [0x12ef, nil]]]
0x12e8S0x1352S0x64	[0x71, [0x135c, [0x12e8, nil]]]
0x15b2S0x15ce	[0x15dd, [0x15b2, nil]]
0x15bcS0x15ce	[0x15dd, [0x15bc, nil]]
0x3602S0x15ce	[0x15dd, [0x14ae, nil]]
0x35f8S0x15ce	[0x15dd, [0x14a4, nil]]
0x35fdS0x15ce	[0x15dd, [0x14a9, nil]]
0x15abS0x15ce	[0x15dd, [0x15ab, nil]]
0x15b2S0x183e	[0x184d, [0x15b2, nil]]
0x15bcS0x183e	[0x184d, [0x15bc, nil]]
0x3602S0x183e	[0x184d, [0x14ae, nil]]
0x35f8S0x183e	[0x184d, [0x14a4, nil]]
0x35fdS0x183e	[0x184d, [0x14a9, nil]]
0x15abS0x183e	[0x184d, [0x15ab, nil]]
0x1312S0x4f	[0x5c, [0x1312, nil]]
0x130eS0x4f	[0x5c, [0x130e, nil]]
0x131dS0x4f	[0x5c, [0x131d, nil]]
0x1334S0x4f	[0x5c, [0x1334, nil]]
0x133fS0x4f	[0x5c, [0x133f, nil]]
0x12ecS0x1313S0x4f	[0x5c, [0x131d, [0x12ec, nil]]]
0x6cfeS0x1313S0x4f	[0x5c, [0x131d, [0x12ef, nil]]]
0x12e8S0x1313S0x4f	[0x5c, [0x131d, [0x12e8, nil]]]
0x12fdS0x131eS0x4f	[0x5c, [0x1334, [0x12fd, nil]]]
0x6d20S0x131eS0x4f	[0x5c, [0x1334, [0x12ef, nil]]]
0x12f9S0x131eS0x4f	[0x5c, [0x1334, [0x12f9, nil]]]
0x114S0x5d	[0x61, [0x114, nil]]
0x19bS0x5d	[0x61, [0x19b, nil]]
0x197S0x5d	[0x61, [0x197, nil]]
0x210S0x5d	[0x61, [0x210, nil]]
0x244S0x5d	[0x61, [0x244, nil]]
0x2b9S0x5d	[0x61, [0x2b9, nil]]
0x2b5S0x5d	[0x61, [0x2b5, nil]]
0xcfS0x5d	[0x61, [0xcf, nil]]
0x209S0x5d	[0x61, [0x209, nil]]
0x1e3S0x5d	[0x61, [0x1e3, nil]]
0x1d1S0x5d	[0x61, [0x1d1, nil]]
0x1d7S0x5d	[0x61, [0x1d7, nil]]
0x17dS0x5d	[0x61, [0x17d, nil]]
0x122S0x5d	[0x61, [0x122, nil]]
0x128S0x5d	[0x61, [0x128, nil]]
0x12bS0x5d	[0x61, [0x12b, nil]]
0x131S0x5d	[0x61, [0x131, nil]]
0x136S0x5d	[0x61, [0x136, nil]]
0x13eS0x5d	[0x61, [0x13e, nil]]
0x145S0x5d	[0x61, [0x145, nil]]
0x151S0x5d	[0x61, [0x151, nil]]
0x192S0x5d	[0x61, [0x192, nil]]
0x1c0S0x5d	[0x61, [0x1c0, nil]]
0x1b3S0x5d	[0x61, [0x1b3, nil]]
0x6c91S0x5d	[0x61, [0x1c7, nil]]
0x23dS0x5d	[0x61, [0x23d, nil]]
0x22fS0x5d	[0x61, [0x22f, nil]]
0x33bbS0x5d	[0x61, [0x14c4, nil]]
0x33b1S0x5d	[0x61, [0x14ba, nil]]
0x33b6S0x5d	[0x61, [0x14bf, nil]]
0x29bS0x5d	[0x61, [0x29b, nil]]
0x25dS0x5d	[0x61, [0x25d, nil]]
0x26aS0x5d	[0x61, [0x26a, nil]]
0x33f0S0x5d	[0x61, [0x14c4, nil]]
0x33e6S0x5d	[0x61, [0x14ba, nil]]
0x33ebS0x5d	[0x61, [0x14bf, nil]]
0x2b0S0x5d	[0x61, [0x2b0, nil]]
0x2e2S0x5d	[0x61, [0x2e2, nil]]
0x2d6S0x5d	[0x61, [0x2d6, nil]]
0x2c7S0x5d	[0x61, [0x2c7, nil]]
0x6cb7S0x5d	[0x61, [0x1c7, nil]]
0x13e1S0xd0S0x5d	[0x61, [0x114, [0x13e1, nil]]]
0x13a7S0xd0S0x5d	[0x61, [0x114, [0x13a7, nil]]]
0x13bcS0xd0S0x5d	[0x61, [0x114, [0x13bc, nil]]]
0x13c6S0xd0S0x5d	[0x61, [0x114, [0x13c6, nil]]]
0x13d2S0xd0S0x5d	[0x61, [0x114, [0x13d2, nil]]]
0x13dcS0xd0S0x5d	[0x61, [0x114, [0x13dc, nil]]]
0x1491S0x19cS0x5d	[0x61, [0x1c0, [0x1491, nil]]]
0x148dS0x19cS0x5d	[0x61, [0x1c0, [0x148d, nil]]]
0x1498S0x19cS0x5d	[0x61, [0x1c0, [0x1498, nil]]]
0x1639S0x2baS0x5d	[0x61, [0x2e2, [0x1639, nil]]]
0x1650S0x2baS0x5d	[0x61, [0x2e2, [0x1650, nil]]]
0x1635S0x2baS0x5d	[0x61, [0x2e2, [0x1635, nil]]]
0x164cS0x2baS0x5d	[0x61, [0x2e2, [0x164c, nil]]]
0x6dbbS0x2baS0x5d	[0x61, [0x2e2, [0x1664, nil]]]
0x1443S0x115S0x5d	[0x61, [0x17d, [0x1443, nil]]]
0x142cS0x115S0x5d	[0x61, [0x17d, [0x142c, nil]]]
0x1437S0x115S0x5d	[0x61, [0x17d, [0x1437, nil]]]
0x147fS0x115S0x5d	[0x61, [0x17d, [0x147f, nil]]]
0x1458S0x115S0x5d	[0x61, [0x17d, [0x1458, nil]]]
0x1462S0x115S0x5d	[0x61, [0x17d, [0x1462, nil]]]
0x146cS0x115S0x5d	[0x61, [0x17d, [0x146c, nil]]]
0x1476S0x115S0x5d	[0x61, [0x17d, [0x1476, nil]]]
0x1407S0x1428S0x115S0x5d	[0x61, [0x17d, [0x1443, [0x1407, nil]]]]
0x1402S0x1428S0x115S0x5d	[0x61, [0x17d, [0x1443, [0x1402, nil]]]]
0x1427S0x1428S0x115S0x5d	[0x61, [0x17d, [0x1443, [0x1427, nil]]]]
0x1412S0x1428S0x115S0x5d	[0x61, [0x17d, [0x1443, [0x1412, nil]]]]
0x13f4S0x1428S0x115S0x5d	[0x61, [0x17d, [0x1443, [0x13f4, nil]]]]
0x13e9S0x1428S0x115S0x5d	[0x61, [0x17d, [0x1443, [0x13e9, nil]]]]
0x1521S0x245S0x5d	[0x61, [0x29b, [0x1521, nil]]]
0x150cS0x245S0x5d	[0x61, [0x29b, [0x150c, nil]]]
0x1513S0x245S0x5d	[0x61, [0x29b, [0x1513, nil]]]
0x153dS0x245S0x5d	[0x61, [0x29b, [0x153d, nil]]]
0x1533S0x245S0x5d	[0x61, [0x29b, [0x1533, nil]]]
0x1538S0x245S0x5d	[0x61, [0x29b, [0x1538, nil]]]
0x1508S0x1509S0x245S0x5d	[0x61, [0x29b, [0x1521, [0x1508, nil]]]]
0x14e1S0x1509S0x245S0x5d	[0x61, [0x29b, [0x1521, [0x14e1, nil]]]]
0x14ccS0x1509S0x245S0x5d	[0x61, [0x29b, [0x1521, [0x14cc, nil]]]]
0x14fdS0x1509S0x245S0x5d	[0x61, [0x29b, [0x1521, [0x14fd, nil]]]]
0x14eeS0x1509S0x245S0x5d	[0x61, [0x29b, [0x1521, [0x14ee, nil]]]]
0x324S0x72	[0x76, [0x324, nil]]
0x32bS0x72	[0x76, [0x32b, nil]]
0x332S0x72	[0x76, [0x332, nil]]
0x33cS0x72	[0x76, [0x33c, nil]]
0x3a4S0x72	[0x76, [0x3a4, nil]]
0x3a0S0x72	[0x76, [0x3a0, nil]]
0x3edS0x72	[0x76, [0x3ed, nil]]
0x44cS0x72	[0x76, [0x44c, nil]]
0x3faS0x72	[0x76, [0x3fa, nil]]
0x409S0x72	[0x76, [0x409, nil]]
0x411S0x72	[0x76, [0x411, nil]]
0x418S0x72	[0x76, [0x418, nil]]
0x450S0x72	[0x76, [0x450, nil]]
0x4b6S0x72	[0x76, [0x4b6, nil]]
0x4eaS0x72	[0x76, [0x4ea, nil]]
0x55bS0x72	[0x76, [0x55b, nil]]
0x646S0x72	[0x76, [0x646, nil]]
0x5b6S0x72	[0x76, [0x5b6, nil]]
0x5cdS0x72	[0x76, [0x5cd, nil]]
0x5e7S0x72	[0x76, [0x5e7, nil]]
0x5eeS0x72	[0x76, [0x5ee, nil]]
0x5f4S0x72	[0x76, [0x5f4, nil]]
0x5faS0x72	[0x76, [0x5fa, nil]]
0x602S0x72	[0x76, [0x602, nil]]
0x60bS0x72	[0x76, [0x60b, nil]]
0x610S0x72	[0x76, [0x610, nil]]
0x61cS0x72	[0x76, [0x61c, nil]]
0x664S0x72	[0x76, [0x664, nil]]
0x660S0x72	[0x76, [0x660, nil]]
0x6dcS0x72	[0x76, [0x6dc, nil]]
0x6d8S0x72	[0x76, [0x6d8, nil]]
0x720S0x72	[0x76, [0x720, nil]]
0x72fS0x72	[0x76, [0x72f, nil]]
0x736S0x72	[0x76, [0x736, nil]]
0x73dS0x72	[0x76, [0x73d, nil]]
0x822S0x72	[0x76, [0x822, nil]]
0x81eS0x72	[0x76, [0x81e, nil]]
0x7760x2e8S0x72	[0x76, [0x776, nil]]
0x56f0x2e8S0x72	[0x76, [0x56f, nil]]
0x56b0x2e8S0x72	[0x76, [0x56b, nil]]
0x4640x2e8S0x72	[0x76, [0x464, nil]]
0x4600x2e8S0x72	[0x76, [0x460, nil]]
0x318S0x72	[0x76, [0x318, nil]]
0x39bS0x72	[0x76, [0x39b, nil]]
0x356S0x72	[0x76, [0x356, nil]]
0x365S0x72	[0x76, [0x365, nil]]
0x3c8S0x72	[0x76, [0x3c8, nil]]
0x3bbS0x72	[0x76, [0x3bb, nil]]
0x3deS0x72	[0x76, [0x3de, nil]]
0x5abS0x72	[0x76, [0x5ab, nil]]
0x4afS0x72	[0x76, [0x4af, nil]]
0x489S0x72	[0x76, [0x489, nil]]
0x477S0x72	[0x76, [0x477, nil]]
0x47dS0x72	[0x76, [0x47d, nil]]
0x4e3S0x72	[0x76, [0x4e3, nil]]
0x4d5S0x72	[0x76, [0x4d5, nil]]
0x3425S0x72	[0x76, [0x14c4, nil]]
0x341bS0x72	[0x76, [0x14ba, nil]]
0x3420S0x72	[0x76, [0x14bf, nil]]
0x542S0x72	[0x76, [0x542, nil]]
0x503S0x72	[0x76, [0x503, nil]]
0x510S0x72	[0x76, [0x510, nil]]
0x345aS0x72	[0x76, [0x14c4, nil]]
0x3450S0x72	[0x76, [0x14ba, nil]]
0x3455S0x72	[0x76, [0x14bf, nil]]
0x557S0x72	[0x76, [0x557, nil]]
0x84dS0x72	[0x76, [0x84d, nil]]
0x65bS0x72	[0x76, [0x65b, nil]]
0x689S0x72	[0x76, [0x689, nil]]
0x67cS0x72	[0x76, [0x67c, nil]]
0x6d3S0x72	[0x76, [0x6d3, nil]]
0x698S0x72	[0x76, [0x698, nil]]
0x69eS0x72	[0x76, [0x69e, nil]]
0x700S0x72	[0x76, [0x700, nil]]
0x6f3S0x72	[0x76, [0x6f3, nil]]
0x713S0x72	[0x76, [0x713, nil]]
0x803S0x72	[0x76, [0x803, nil]]
0x782S0x72	[0x76, [0x782, nil]]
0x799S0x72	[0x76, [0x799, nil]]
0x7a8S0x72	[0x76, [0x7a8, nil]]
0x7aeS0x72	[0x76, [0x7ae, nil]]
0x7b4S0x72	[0x76, [0x7b4, nil]]
0x7baS0x72	[0x76, [0x7ba, nil]]
0x7c1S0x72	[0x76, [0x7c1, nil]]
0x7caS0x72	[0x76, [0x7ca, nil]]
0x7cfS0x72	[0x76, [0x7cf, nil]]
0x7dbS0x72	[0x76, [0x7db, nil]]
0x819S0x72	[0x76, [0x819, nil]]
0x846S0x72	[0x76, [0x846, nil]]
0x839S0x72	[0x76, [0x839, nil]]
0x7720x2e8S0x72	[0x76, [0x772, nil]]
0x5660x2e8S0x72	[0x76, [0x566, nil]]
0x45b0x2e8S0x72	[0x76, [0x45b, nil]]
0x3480x2e8S0x72	[0x76, [0x348, nil]]
0x1798S0x5acS0x72	[0x76, [0x646, [0x1798, nil]]]
0x173fS0x5acS0x72	[0x76, [0x646, [0x173f, nil]]]
0x174bS0x5acS0x72	[0x76, [0x646, [0x174b, nil]]]
0x175aS0x5acS0x72	[0x76, [0x646, [0x175a, nil]]]
0x1766S0x5acS0x72	[0x76, [0x646, [0x1766, nil]]]
0x1770S0x5acS0x72	[0x76, [0x646, [0x1770, nil]]]
0x177aS0x5acS0x72	[0x76, [0x646, [0x177a, nil]]]
0x1784S0x5acS0x72	[0x76, [0x646, [0x1784, nil]]]
0x1792S0x5acS0x72	[0x76, [0x646, [0x1792, nil]]]
0x1491S0x665S0x72	[0x76, [0x689, [0x1491, nil]]]
0x148dS0x665S0x72	[0x76, [0x689, [0x148d, nil]]]
0x1498S0x665S0x72	[0x76, [0x689, [0x1498, nil]]]
0x1491S0x6ddS0x72	[0x76, [0x700, [0x1491, nil]]]
0x148dS0x6ddS0x72	[0x76, [0x700, [0x148d, nil]]]
0x1498S0x6ddS0x72	[0x76, [0x700, [0x1498, nil]]]
0x1798S0x777S0x72	[0x76, [0x803, [0x1798, nil]]]
0x173fS0x777S0x72	[0x76, [0x803, [0x173f, nil]]]
0x174bS0x777S0x72	[0x76, [0x803, [0x174b, nil]]]
0x175aS0x777S0x72	[0x76, [0x803, [0x175a, nil]]]
0x1766S0x777S0x72	[0x76, [0x803, [0x1766, nil]]]
0x1770S0x777S0x72	[0x76, [0x803, [0x1770, nil]]]
0x177aS0x777S0x72	[0x76, [0x803, [0x177a, nil]]]
0x1784S0x777S0x72	[0x76, [0x803, [0x1784, nil]]]
0x1792S0x777S0x72	[0x76, [0x803, [0x1792, nil]]]
0x1491S0x823S0x72	[0x76, [0x846, [0x1491, nil]]]
0x148dS0x823S0x72	[0x76, [0x846, [0x148d, nil]]]
0x1498S0x823S0x72	[0x76, [0x846, [0x1498, nil]]]
0x1521S0x4ebS0x72	[0x76, [0x542, [0x1521, nil]]]
0x150cS0x4ebS0x72	[0x76, [0x542, [0x150c, nil]]]
0x1513S0x4ebS0x72	[0x76, [0x542, [0x1513, nil]]]
0x153dS0x4ebS0x72	[0x76, [0x542, [0x153d, nil]]]
0x1533S0x4ebS0x72	[0x76, [0x542, [0x1533, nil]]]
0x1538S0x4ebS0x72	[0x76, [0x542, [0x1538, nil]]]
0x1508S0x1509S0x4ebS0x72	[0x76, [0x542, [0x1521, [0x1508, nil]]]]
0x14e1S0x1509S0x4ebS0x72	[0x76, [0x542, [0x1521, [0x14e1, nil]]]]
0x14ccS0x1509S0x4ebS0x72	[0x76, [0x542, [0x1521, [0x14cc, nil]]]]
0x14fdS0x1509S0x4ebS0x72	[0x76, [0x542, [0x1521, [0x14fd, nil]]]]
0x14eeS0x1509S0x4ebS0x72	[0x76, [0x542, [0x1521, [0x14ee, nil]]]]
0x46d0x2e8S0x72	[0x76, [0x46d, nil]]
0x5790x2e8S0x72	[0x76, [0x579, nil]]
0x1561S0x3a5S0x72	[0x76, [0x3c8, [0x1561, nil]]]
0x1692S0x3a5S0x72	[0x76, [0x3c8, [0x1692, nil]]]
0x168eS0x3a5S0x72	[0x76, [0x3c8, [0x168e, nil]]]
0x1567S0x3a5S0x72	[0x76, [0x3c8, [0x1567, nil]]]
0x1565S0x3a5S0x72	[0x76, [0x3c8, [0x1565, nil]]]
0x3598S0x3a5S0x72	[0x76, [0x3c8, [0x14ae, nil]]]
0x358eS0x3a5S0x72	[0x76, [0x3c8, [0x14a4, nil]]]
0x3593S0x3a5S0x72	[0x76, [0x3c8, [0x14a9, nil]]]
0x169aS0x3a5S0x72	[0x76, [0x3c8, [0x169a, nil]]]
0x16aaS0x3a5S0x72	[0x76, [0x3c8, [0x16aa, nil]]]
0x169fS0x3a5S0x72	[0x76, [0x3c8, [0x169f, nil]]]
0x155aS0x3a5S0x72	[0x76, [0x3c8, [0x155a, nil]]]
0x16bbS0x3a5S0x72	[0x76, [0x3c8, [0x16bb, nil]]]
0x16b0S0x3a5S0x72	[0x76, [0x3c8, [0x16b0, nil]]]
0x1724S0x3a5S0x72	[0x76, [0x3c8, [0x1724, nil]]]
0x16c1S0x3a5S0x72	[0x76, [0x3c8, [0x16c1, nil]]]
0x16cbS0x3a5S0x72	[0x76, [0x3c8, [0x16cb, nil]]]
0x16d5S0x3a5S0x72	[0x76, [0x3c8, [0x16d5, nil]]]
0x16dfS0x3a5S0x72	[0x76, [0x3c8, [0x16df, nil]]]
0x16e9S0x3a5S0x72	[0x76, [0x3c8, [0x16e9, nil]]]
0x16f3S0x3a5S0x72	[0x76, [0x3c8, [0x16f3, nil]]]
0x16feS0x3a5S0x72	[0x76, [0x3c8, [0x16fe, nil]]]
0x170aS0x3a5S0x72	[0x76, [0x3c8, [0x170a, nil]]]
0x1716S0x3a5S0x72	[0x76, [0x3c8, [0x1716, nil]]]
0x172fS0x3a5S0x72	[0x76, [0x3c8, [0x172f, nil]]]
0x1729S0x3a5S0x72	[0x76, [0x3c8, [0x1729, nil]]]
0x6ddfS0x169bS0x3a5S0x72	[0x76, [0x3c8, [0x16aa, [0x1674, nil]]]]
0x166fS0x169bS0x3a5S0x72	[0x76, [0x3c8, [0x16aa, [0x166f, nil]]]]
0x12ecS0x1665S0x169bS0x3a5S0x72	[0x76, [0x3c8, [0x16aa, [0x166f, [0x12ec, nil]]]]]
0x6cfeS0x1665S0x169bS0x3a5S0x72	[0x76, [0x3c8, [0x16aa, [0x166f, [0x12ef, nil]]]]]
0x12e8S0x1665S0x169bS0x3a5S0x72	[0x76, [0x3c8, [0x16aa, [0x166f, [0x12e8, nil]]]]]
0x6ddfS0x16abS0x3a5S0x72	[0x76, [0x3c8, [0x16bb, [0x1674, nil]]]]
0x166fS0x16abS0x3a5S0x72	[0x76, [0x3c8, [0x16bb, [0x166f, nil]]]]
0x12ecS0x1665S0x16abS0x3a5S0x72	[0x76, [0x3c8, [0x16bb, [0x166f, [0x12ec, nil]]]]]
0x6cfeS0x1665S0x16abS0x3a5S0x72	[0x76, [0x3c8, [0x16bb, [0x166f, [0x12ef, nil]]]]]
0x12e8S0x1665S0x16abS0x3a5S0x72	[0x76, [0x3c8, [0x16bb, [0x166f, [0x12e8, nil]]]]]
0x6e03S0x16bcS0x3a5S0x72	[0x76, [0x3c8, [0x1724, [0x1674, nil]]]]
0x167fS0x16bcS0x3a5S0x72	[0x76, [0x3c8, [0x1724, [0x167f, nil]]]]
0x12fdS0x1675S0x16bcS0x3a5S0x72	[0x76, [0x3c8, [0x1724, [0x167f, [0x12fd, nil]]]]]
0x6d20S0x1675S0x16bcS0x3a5S0x72	[0x76, [0x3c8, [0x1724, [0x167f, [0x12ef, nil]]]]]
0x12f9S0x1675S0x16bcS0x3a5S0x72	[0x76, [0x3c8, [0x1724, [0x167f, [0x12f9, nil]]]]]
0x8a9S0x92	[0x96, [0x8a9, nil]]
0x88aS0x92	[0x96, [0x88a, nil]]
0x891S0x92	[0x96, [0x891, nil]]
0x898S0x92	[0x96, [0x898, nil]]
0x8a2S0x92	[0x96, [0x8a2, nil]]
0x905S0x92	[0x96, [0x905, nil]]
0x901S0x92	[0x96, [0x901, nil]]
0x94eS0x92	[0x96, [0x94e, nil]]
0x9a6S0x92	[0x96, [0x9a6, nil]]
0x95bS0x92	[0x96, [0x95b, nil]]
0x975S0x92	[0x96, [0x975, nil]]
0x97dS0x92	[0x96, [0x97d, nil]]
0x9afS0x92	[0x96, [0x9af, nil]]
0x9abS0x92	[0x96, [0x9ab, nil]]
0xa50S0x92	[0x96, [0xa50, nil]]
0xa98S0x92	[0x96, [0xa98, nil]]
0xb09S0x92	[0x96, [0xb09, nil]]
0xb05S0x92	[0x96, [0xb05, nil]]
0xb88S0x92	[0x96, [0xb88, nil]]
0xbc9S0x92	[0x96, [0xbc9, nil]]
0xc21S0x92	[0x96, [0xc21, nil]]
0xbd6S0x92	[0x96, [0xbd6, nil]]
0xbf0S0x92	[0x96, [0xbf0, nil]]
0xbf8S0x92	[0x96, [0xbf8, nil]]
0xc2aS0x92	[0x96, [0xc2a, nil]]
0xc26S0x92	[0x96, [0xc26, nil]]
0xcabS0x92	[0x96, [0xcab, nil]]
0xcbfS0x92	[0x96, [0xcbf, nil]]
0xcbbS0x92	[0x96, [0xcbb, nil]]
0xd15S0x92	[0x96, [0xd15, nil]]
0xd11S0x92	[0x96, [0xd11, nil]]
0xddaS0x92	[0x96, [0xdda, nil]]
0xd4dS0x92	[0x96, [0xd4d, nil]]
0xd64S0x92	[0x96, [0xd64, nil]]
0xd7eS0x92	[0x96, [0xd7e, nil]]
0xd85S0x92	[0x96, [0xd85, nil]]
0xd8bS0x92	[0x96, [0xd8b, nil]]
0xd91S0x92	[0x96, [0xd91, nil]]
0xd98S0x92	[0x96, [0xd98, nil]]
0xda1S0x92	[0x96, [0xda1, nil]]
0xda6S0x92	[0x96, [0xda6, nil]]
0xdb2S0x92	[0x96, [0xdb2, nil]]
0xdf9S0x92	[0x96, [0xdf9, nil]]
0xdf5S0x92	[0x96, [0xdf5, nil]]
0xe76S0x92	[0x96, [0xe76, nil]]
0xe72S0x92	[0x96, [0xe72, nil]]
0xf1aS0x92	[0x96, [0xf1a, nil]]
0xf16S0x92	[0x96, [0xf16, nil]]
0x7760x84eS0x92	[0x96, [0x776, nil]]
0x56f0x84eS0x92	[0x96, [0x56f, nil]]
0x56b0x84eS0x92	[0x96, [0x56b, nil]]
0x4640x84eS0x92	[0x96, [0x464, nil]]
0x4600x84eS0x92	[0x96, [0x460, nil]]
0x87eS0x92	[0x96, [0x87e, nil]]
0x8fcS0x92	[0x96, [0x8fc, nil]]
0x8b7S0x92	[0x96, [0x8b7, nil]]
0x8c6S0x92	[0x96, [0x8c6, nil]]
0x929S0x92	[0x96, [0x929, nil]]
0x91cS0x92	[0x96, [0x91c, nil]]
0x93fS0x92	[0x96, [0x93f, nil]]
0xbbaS0x92	[0x96, [0xbba, nil]]
0xa49S0x92	[0x96, [0xa49, nil]]
0xa37S0x92	[0x96, [0xa37, nil]]
0xa25S0x92	[0x96, [0xa25, nil]]
0xa2bS0x92	[0x96, [0xa2b, nil]]
0x9d3S0x92	[0x96, [0x9d3, nil]]
0x9c6S0x92	[0x96, [0x9c6, nil]]
0xa1bS0x92	[0x96, [0xa1b, nil]]
0x9e2S0x92	[0x96, [0x9e2, nil]]
0x9f1S0x92	[0x96, [0x9f1, nil]]
0x9f8S0x92	[0x96, [0x9f8, nil]]
0xa91S0x92	[0x96, [0xa91, nil]]
0xa6fS0x92	[0x96, [0xa6f, nil]]
0x348fS0x92	[0x96, [0x14c4, nil]]
0x3485S0x92	[0x96, [0x14ba, nil]]
0x348aS0x92	[0x96, [0x14bf, nil]]
0xb00S0x92	[0x96, [0xb00, nil]]
0xaafS0x92	[0x96, [0xaaf, nil]]
0xabcS0x92	[0x96, [0xabc, nil]]
0xad6S0x92	[0x96, [0xad6, nil]]
0xadeS0x92	[0x96, [0xade, nil]]
0x34c4S0x92	[0x96, [0x14c4, nil]]
0x34baS0x92	[0x96, [0x14ba, nil]]
0x34bfS0x92	[0x96, [0x14bf, nil]]
0xb2dS0x92	[0x96, [0xb2d, nil]]
0xb20S0x92	[0x96, [0xb20, nil]]
0xb6eS0x92	[0x96, [0xb6e, nil]]
0xb3cS0x92	[0x96, [0xb3c, nil]]
0xb84S0x92	[0x96, [0xb84, nil]]
0x17d4S0x92	[0x96, [0x17d4, nil]]
0x17b9S0x92	[0x96, [0x17b9, nil]]
0x17bfS0x92	[0x96, [0x17bf, nil]]
0x17c6S0x92	[0x96, [0x17c6, nil]]
0x2e7S0x92	[0x96, [0x2e7, nil]]
0xf11S0x92	[0x96, [0xf11, nil]]
0xec6S0x92	[0x96, [0xec6, nil]]
0xee0S0x92	[0x96, [0xee0, nil]]
0xee8S0x92	[0x96, [0xee8, nil]]
0xc4eS0x92	[0x96, [0xc4e, nil]]
0xc41S0x92	[0x96, [0xc41, nil]]
0xca7S0x92	[0x96, [0xca7, nil]]
0xc5dS0x92	[0x96, [0xc5d, nil]]
0xc6cS0x92	[0x96, [0xc6c, nil]]
0xc73S0x92	[0x96, [0xc73, nil]]
0xcb6S0x92	[0x96, [0xcb6, nil]]
0xd0cS0x92	[0x96, [0xd0c, nil]]
0xccfS0x92	[0x96, [0xccf, nil]]
0xcd5S0x92	[0x96, [0xcd5, nil]]
0xd39S0x92	[0x96, [0xd39, nil]]
0xd2cS0x92	[0x96, [0xd2c, nil]]
0xd42S0x92	[0x96, [0xd42, nil]]
0xe6dS0x92	[0x96, [0xe6d, nil]]
0xe2dS0x92	[0x96, [0xe2d, nil]]
0xe33S0x92	[0x96, [0xe33, nil]]
0xdf0S0x92	[0x96, [0xdf0, nil]]
0xe1dS0x92	[0x96, [0xe1d, nil]]
0xe10S0x92	[0x96, [0xe10, nil]]
0xe9aS0x92	[0x96, [0xe9a, nil]]
0xe8dS0x92	[0x96, [0xe8d, nil]]
0xeb8S0x92	[0x96, [0xeb8, nil]]
0xeaaS0x92	[0x96, [0xeaa, nil]]
0xeb3S0x92	[0x96, [0xeb3, nil]]
0xf3eS0x92	[0x96, [0xf3e, nil]]
0xf31S0x92	[0x96, [0xf31, nil]]
0xf85S0x92	[0x96, [0xf85, nil]]
0xfecS0x92	[0x96, [0xfec, nil]]
0xf93S0x92	[0x96, [0xf93, nil]]
0xf99S0x92	[0x96, [0xf99, nil]]
0xf9cS0x92	[0x96, [0xf9c, nil]]
0xfa2S0x92	[0x96, [0xfa2, nil]]
0xfa7S0x92	[0x96, [0xfa7, nil]]
0xfaeS0x92	[0x96, [0xfae, nil]]
0xfb5S0x92	[0x96, [0xfb5, nil]]
0xfc1S0x92	[0x96, [0xfc1, nil]]
0x17f1S0x92	[0x96, [0x17f1, nil]]
0x17e6S0x92	[0x96, [0x17e6, nil]]
0x17ebS0x92	[0x96, [0x17eb, nil]]
0x7720x84eS0x92	[0x96, [0x772, nil]]
0x5660x84eS0x92	[0x96, [0x566, nil]]
0x45b0x84eS0x92	[0x96, [0x45b, nil]]
0x3480x84eS0x92	[0x96, [0x348, nil]]
0x1798S0xd43S0x92	[0x96, [0xdda, [0x1798, nil]]]
0x173fS0xd43S0x92	[0x96, [0xdda, [0x173f, nil]]]
0x174bS0xd43S0x92	[0x96, [0xdda, [0x174b, nil]]]
0x175aS0xd43S0x92	[0x96, [0xdda, [0x175a, nil]]]
0x1766S0xd43S0x92	[0x96, [0xdda, [0x1766, nil]]]
0x1770S0xd43S0x92	[0x96, [0xdda, [0x1770, nil]]]
0x177aS0xd43S0x92	[0x96, [0xdda, [0x177a, nil]]]
0x1784S0xd43S0x92	[0x96, [0xdda, [0x1784, nil]]]
0x1792S0xd43S0x92	[0x96, [0xdda, [0x1792, nil]]]
0x1508S0x17b6S0x92	[0x96, [0x17d4, [0x1508, nil]]]
0x14e1S0x17b6S0x92	[0x96, [0x17d4, [0x14e1, nil]]]
0x14ccS0x17b6S0x92	[0x96, [0x17d4, [0x14cc, nil]]]
0x14fdS0x17b6S0x92	[0x96, [0x17d4, [0x14fd, nil]]]
0x14eeS0x17b6S0x92	[0x96, [0x17d4, [0x14ee, nil]]]
0x1491S0xd16S0x92	[0x96, [0xd39, [0x1491, nil]]]
0x148dS0xd16S0x92	[0x96, [0xd39, [0x148d, nil]]]
0x1498S0xd16S0x92	[0x96, [0xd39, [0x1498, nil]]]
0x1491S0xdfaS0x92	[0x96, [0xe1d, [0x1491, nil]]]
0x148dS0xdfaS0x92	[0x96, [0xe1d, [0x148d, nil]]]
0x1498S0xdfaS0x92	[0x96, [0xe1d, [0x1498, nil]]]
0x1491S0xe77S0x92	[0x96, [0xe9a, [0x1491, nil]]]
0x148dS0xe77S0x92	[0x96, [0xe9a, [0x148d, nil]]]
0x1498S0xe77S0x92	[0x96, [0xe9a, [0x1498, nil]]]
0x13e1S0xf3fS0x92	[0x96, [0xf85, [0x13e1, nil]]]
0x13a7S0xf3fS0x92	[0x96, [0xf85, [0x13a7, nil]]]
0x13bcS0xf3fS0x92	[0x96, [0xf85, [0x13bc, nil]]]
0x13c6S0xf3fS0x92	[0x96, [0xf85, [0x13c6, nil]]]
0x13d2S0xf3fS0x92	[0x96, [0xf85, [0x13d2, nil]]]
0x13dcS0xf3fS0x92	[0x96, [0xf85, [0x13dc, nil]]]
0x17aaS0x9b0S0x92	[0x96, [0x9d3, [0x17aa, nil]]]
0x17a6S0x9b0S0x92	[0x96, [0x9d3, [0x17a6, nil]]]
0x17b5S0x9b0S0x92	[0x96, [0x9d3, [0x17b5, nil]]]
0x12fdS0x17abS0x9b0S0x92	[0x96, [0x9d3, [0x17b5, [0x12fd, nil]]]]
0x12f9S0x17abS0x9b0S0x92	[0x96, [0x9d3, [0x17b5, [0x12f9, nil]]]]
0x17aaS0xb0aS0x92	[0x96, [0xb2d, [0x17aa, nil]]]
0x17a6S0xb0aS0x92	[0x96, [0xb2d, [0x17a6, nil]]]
0x17b5S0xb0aS0x92	[0x96, [0xb2d, [0x17b5, nil]]]
0x12fdS0x17abS0xb0aS0x92	[0x96, [0xb2d, [0x17b5, [0x12fd, nil]]]]
0x12f9S0x17abS0xb0aS0x92	[0x96, [0xb2d, [0x17b5, [0x12f9, nil]]]]
0x17aaS0xc2bS0x92	[0x96, [0xc4e, [0x17aa, nil]]]
0x17a6S0xc2bS0x92	[0x96, [0xc4e, [0x17a6, nil]]]
0x17b5S0xc2bS0x92	[0x96, [0xc4e, [0x17b5, nil]]]
0x12fdS0x17abS0xc2bS0x92	[0x96, [0xc4e, [0x17b5, [0x12fd, nil]]]]
0x12f9S0x17abS0xc2bS0x92	[0x96, [0xc4e, [0x17b5, [0x12f9, nil]]]]
0x17aaS0xf1bS0x92	[0x96, [0xf3e, [0x17aa, nil]]]
0x17a6S0xf1bS0x92	[0x96, [0xf3e, [0x17a6, nil]]]
0x17b5S0xf1bS0x92	[0x96, [0xf3e, [0x17b5, nil]]]
0x12fdS0x17abS0xf1bS0x92	[0x96, [0xf3e, [0x17b5, [0x12fd, nil]]]]
0x12f9S0x17abS0xf1bS0x92	[0x96, [0xf3e, [0x17b5, [0x12f9, nil]]]]
0x1443S0xf86S0x92	[0x96, [0xfec, [0x1443, nil]]]
0x142cS0xf86S0x92	[0x96, [0xfec, [0x142c, nil]]]
0x1437S0xf86S0x92	[0x96, [0xfec, [0x1437, nil]]]
0x147fS0xf86S0x92	[0x96, [0xfec, [0x147f, nil]]]
0x1458S0xf86S0x92	[0x96, [0xfec, [0x1458, nil]]]
0x1462S0xf86S0x92	[0x96, [0xfec, [0x1462, nil]]]
0x146cS0xf86S0x92	[0x96, [0xfec, [0x146c, nil]]]
0x1476S0xf86S0x92	[0x96, [0xfec, [0x1476, nil]]]
0x1407S0x1428S0xf86S0x92	[0x96, [0xfec, [0x1443, [0x1407, nil]]]]
0x1402S0x1428S0xf86S0x92	[0x96, [0xfec, [0x1443, [0x1402, nil]]]]
0x1427S0x1428S0xf86S0x92	[0x96, [0xfec, [0x1443, [0x1427, nil]]]]
0x1412S0x1428S0xf86S0x92	[0x96, [0xfec, [0x1443, [0x1412, nil]]]]
0x13f4S0x1428S0xf86S0x92	[0x96, [0xfec, [0x1443, [0x13f4, nil]]]]
0x13e9S0x1428S0xf86S0x92	[0x96, [0xfec, [0x1443, [0x13e9, nil]]]]
0x46d0x84eS0x92	[0x96, [0x46d, nil]]
0x5790x84eS0x92	[0x96, [0x579, nil]]
0x6e29S0x9b0S0x92	[0x96, [0x9d3, [0x1363, nil]]]
0x6d20S0x17abS0x9b0S0x92	[0x96, [0x9d3, [0x17b5, [0x12ef, nil]]]]
0x6e29S0xb0aS0x92	[0x96, [0xb2d, [0x1363, nil]]]
0x6d20S0x17abS0xb0aS0x92	[0x96, [0xb2d, [0x17b5, [0x12ef, nil]]]]
0x6e29S0xc2bS0x92	[0x96, [0xc4e, [0x1363, nil]]]
0x6d20S0x17abS0xc2bS0x92	[0x96, [0xc4e, [0x17b5, [0x12ef, nil]]]]
0x6e29S0xf1bS0x92	[0x96, [0xf3e, [0x1363, nil]]]
0x6d20S0x17abS0xf1bS0x92	[0x96, [0xf3e, [0x17b5, [0x12ef, nil]]]]
0x1561S0x906S0x92	[0x96, [0x929, [0x1561, nil]]]
0x1692S0x906S0x92	[0x96, [0x929, [0x1692, nil]]]
0x168eS0x906S0x92	[0x96, [0x929, [0x168e, nil]]]
0x1567S0x906S0x92	[0x96, [0x929, [0x1567, nil]]]
0x1565S0x906S0x92	[0x96, [0x929, [0x1565, nil]]]
0x3598S0x906S0x92	[0x96, [0x929, [0x14ae, nil]]]
0x358eS0x906S0x92	[0x96, [0x929, [0x14a4, nil]]]
0x3593S0x906S0x92	[0x96, [0x929, [0x14a9, nil]]]
0x169aS0x906S0x92	[0x96, [0x929, [0x169a, nil]]]
0x16aaS0x906S0x92	[0x96, [0x929, [0x16aa, nil]]]
0x169fS0x906S0x92	[0x96, [0x929, [0x169f, nil]]]
0x155aS0x906S0x92	[0x96, [0x929, [0x155a, nil]]]
0x16bbS0x906S0x92	[0x96, [0x929, [0x16bb, nil]]]
0x16b0S0x906S0x92	[0x96, [0x929, [0x16b0, nil]]]
0x1724S0x906S0x92	[0x96, [0x929, [0x1724, nil]]]
0x16c1S0x906S0x92	[0x96, [0x929, [0x16c1, nil]]]
0x16cbS0x906S0x92	[0x96, [0x929, [0x16cb, nil]]]
0x16d5S0x906S0x92	[0x96, [0x929, [0x16d5, nil]]]
0x16dfS0x906S0x92	[0x96, [0x929, [0x16df, nil]]]
0x16e9S0x906S0x92	[0x96, [0x929, [0x16e9, nil]]]
0x16f3S0x906S0x92	[0x96, [0x929, [0x16f3, nil]]]
0x16feS0x906S0x92	[0x96, [0x929, [0x16fe, nil]]]
0x170aS0x906S0x92	[0x96, [0x929, [0x170a, nil]]]
0x1716S0x906S0x92	[0x96, [0x929, [0x1716, nil]]]
0x172fS0x906S0x92	[0x96, [0x929, [0x172f, nil]]]
0x1729S0x906S0x92	[0x96, [0x929, [0x1729, nil]]]
0x6ddfS0x169bS0x906S0x92	[0x96, [0x929, [0x16aa, [0x1674, nil]]]]
0x166fS0x169bS0x906S0x92	[0x96, [0x929, [0x16aa, [0x166f, nil]]]]
0x12ecS0x1665S0x169bS0x906S0x92	[0x96, [0x929, [0x16aa, [0x166f, [0x12ec, nil]]]]]
0x6cfeS0x1665S0x169bS0x906S0x92	[0x96, [0x929, [0x16aa, [0x166f, [0x12ef, nil]]]]]
0x12e8S0x1665S0x169bS0x906S0x92	[0x96, [0x929, [0x16aa, [0x166f, [0x12e8, nil]]]]]
0x6ddfS0x16abS0x906S0x92	[0x96, [0x929, [0x16bb, [0x1674, nil]]]]
0x166fS0x16abS0x906S0x92	[0x96, [0x929, [0x16bb, [0x166f, nil]]]]
0x12ecS0x1665S0x16abS0x906S0x92	[0x96, [0x929, [0x16bb, [0x166f, [0x12ec, nil]]]]]
0x6cfeS0x1665S0x16abS0x906S0x92	[0x96, [0x929, [0x16bb, [0x166f, [0x12ef, nil]]]]]
0x12e8S0x1665S0x16abS0x906S0x92	[0x96, [0x929, [0x16bb, [0x166f, [0x12e8, nil]]]]]
0x6e03S0x16bcS0x906S0x92	[0x96, [0x929, [0x1724, [0x1674, nil]]]]
0x167fS0x16bcS0x906S0x92	[0x96, [0x929, [0x1724, [0x167f, nil]]]]
0x12fdS0x1675S0x16bcS0x906S0x92	[0x96, [0x929, [0x1724, [0x167f, [0x12fd, nil]]]]]
0x6d20S0x1675S0x16bcS0x906S0x92	[0x96, [0x929, [0x1724, [0x167f, [0x12ef, nil]]]]]
0x12f9S0x1675S0x16bcS0x906S0x92	[0x96, [0x929, [0x1724, [0x167f, [0x12f9, nil]]]]]
0x104aS0xb2	[0xb6, [0x104a, nil]]
0x1046S0xb2	[0xb6, [0x1046, nil]]
0x10c5S0xb2	[0xb6, [0x10c5, nil]]
0x109fS0xb2	[0xb6, [0x109f, nil]]
0x108dS0xb2	[0xb6, [0x108d, nil]]
0x1093S0xb2	[0xb6, [0x1093, nil]]
0x10ccS0xb2	[0xb6, [0x10cc, nil]]
0x1100S0xb2	[0xb6, [0x1100, nil]]
0x1171S0xb2	[0xb6, [0x1171, nil]]
0x116dS0xb2	[0xb6, [0x116d, nil]]
0x11aeS0xb2	[0xb6, [0x11ae, nil]]
0x1237S0xb2	[0xb6, [0x1237, nil]]
0x129fS0xb2	[0xb6, [0x129f, nil]]
0x129bS0xb2	[0xb6, [0x129b, nil]]
0x1041S0xb2	[0xb6, [0x1041, nil]]
0xffaS0xb2	[0xb6, [0xffa, nil]]
0x1009S0xb2	[0xb6, [0x1009, nil]]
0x106eS0xb2	[0xb6, [0x106e, nil]]
0x1061S0xb2	[0xb6, [0x1061, nil]]
0x1084S0xb2	[0xb6, [0x1084, nil]]
0x11f2S0xb2	[0xb6, [0x11f2, nil]]
0x10f9S0xb2	[0xb6, [0x10f9, nil]]
0x10ebS0xb2	[0xb6, [0x10eb, nil]]
0x34f9S0xb2	[0xb6, [0x14c4, nil]]
0x34efS0xb2	[0xb6, [0x14ba, nil]]
0x34f4S0xb2	[0xb6, [0x14bf, nil]]
0x1154S0xb2	[0xb6, [0x1154, nil]]
0x1119S0xb2	[0xb6, [0x1119, nil]]
0x1126S0xb2	[0xb6, [0x1126, nil]]
0x352eS0xb2	[0xb6, [0x14c4, nil]]
0x3524S0xb2	[0xb6, [0x14ba, nil]]
0x3529S0xb2	[0xb6, [0x14bf, nil]]
0x1168S0xb2	[0xb6, [0x1168, nil]]
0x1199S0xb2	[0xb6, [0x1199, nil]]
0x118dS0xb2	[0xb6, [0x118d, nil]]
0x117eS0xb2	[0xb6, [0x117e, nil]]
0x11a7S0xb2	[0xb6, [0x11a7, nil]]
0x11c0S0xb2	[0xb6, [0x11c0, nil]]
0x3563S0xb2	[0xb6, [0x14c4, nil]]
0x3559S0xb2	[0xb6, [0x14ba, nil]]
0x355eS0xb2	[0xb6, [0x14bf, nil]]
0x6cdcS0xb2	[0xb6, [0x12d7, nil]]
0x1280S0xb2	[0xb6, [0x1280, nil]]
0x1245S0xb2	[0xb6, [0x1245, nil]]
0x1249S0xb2	[0xb6, [0x1249, nil]]
0x1253S0xb2	[0xb6, [0x1253, nil]]
0x1296S0xb2	[0xb6, [0x1296, nil]]
0x181dS0xb2	[0xb6, [0x181d, nil]]
0x180fS0xb2	[0xb6, [0x180f, nil]]
0x12c7S0xb2	[0xb6, [0x12c7, nil]]
0x12bbS0xb2	[0xb6, [0x12bb, nil]]
0x12acS0xb2	[0xb6, [0x12ac, nil]]
0x182cS0xb2	[0xb6, [0x182c, nil]]
0x1826S0xb2	[0xb6, [0x1826, nil]]
0x6ee7S0xb2	[0xb6, [0x12d7, nil]]
0x13e1S0x11f3S0xb2	[0xb6, [0x1237, [0x13e1, nil]]]
0x13a7S0x11f3S0xb2	[0xb6, [0x1237, [0x13a7, nil]]]
0x13bcS0x11f3S0xb2	[0xb6, [0x1237, [0x13bc, nil]]]
0x13c6S0x11f3S0xb2	[0xb6, [0x1237, [0x13c6, nil]]]
0x13d2S0x11f3S0xb2	[0xb6, [0x1237, [0x13d2, nil]]]
0x13dcS0x11f3S0xb2	[0xb6, [0x1237, [0x13dc, nil]]]
0x1639S0x1172S0xb2	[0xb6, [0x1199, [0x1639, nil]]]
0x1650S0x1172S0xb2	[0xb6, [0x1199, [0x1650, nil]]]
0x1635S0x1172S0xb2	[0xb6, [0x1199, [0x1635, nil]]]
0x164cS0x1172S0xb2	[0xb6, [0x1199, [0x164c, nil]]]
0x1407S0x180bS0xb2	[0xb6, [0x181d, [0x1407, nil]]]
0x1402S0x180bS0xb2	[0xb6, [0x181d, [0x1402, nil]]]
0x1427S0x180bS0xb2	[0xb6, [0x181d, [0x1427, nil]]]
0x1412S0x180bS0xb2	[0xb6, [0x181d, [0x1412, nil]]]
0x13f4S0x180bS0xb2	[0xb6, [0x181d, [0x13f4, nil]]]
0x13e9S0x180bS0xb2	[0xb6, [0x181d, [0x13e9, nil]]]
0x180aS0x1101S0xb2	[0xb6, [0x1154, [0x180a, nil]]]
0x17f5S0x1101S0xb2	[0xb6, [0x1154, [0x17f5, nil]]]
0x17fcS0x1101S0xb2	[0xb6, [0x1154, [0x17fc, nil]]]
0x1508S0x17f2S0x1101S0xb2	[0xb6, [0x1154, [0x180a, [0x1508, nil]]]]
0x14e1S0x17f2S0x1101S0xb2	[0xb6, [0x1154, [0x180a, [0x14e1, nil]]]]
0x14ccS0x17f2S0x1101S0xb2	[0xb6, [0x1154, [0x180a, [0x14cc, nil]]]]
0x14fdS0x17f2S0x1101S0xb2	[0xb6, [0x1154, [0x180a, [0x14fd, nil]]]]
0x14eeS0x17f2S0x1101S0xb2	[0xb6, [0x1154, [0x180a, [0x14ee, nil]]]]
0x6dbbS0x1172S0xb2	[0xb6, [0x1199, [0x1664, nil]]]
0x6e50S0x1101S0xb2	[0xb6, [0x1154, [0x1664, nil]]]
0x1561S0x104bS0xb2	[0xb6, [0x106e, [0x1561, nil]]]
0x1692S0x104bS0xb2	[0xb6, [0x106e, [0x1692, nil]]]
0x168eS0x104bS0xb2	[0xb6, [0x106e, [0x168e, nil]]]
0x1567S0x104bS0xb2	[0xb6, [0x106e, [0x1567, nil]]]
0x1565S0x104bS0xb2	[0xb6, [0x106e, [0x1565, nil]]]
0x3598S0x104bS0xb2	[0xb6, [0x106e, [0x14ae, nil]]]
0x358eS0x104bS0xb2	[0xb6, [0x106e, [0x14a4, nil]]]
0x3593S0x104bS0xb2	[0xb6, [0x106e, [0x14a9, nil]]]
0x169aS0x104bS0xb2	[0xb6, [0x106e, [0x169a, nil]]]
0x16aaS0x104bS0xb2	[0xb6, [0x106e, [0x16aa, nil]]]
0x169fS0x104bS0xb2	[0xb6, [0x106e, [0x169f, nil]]]
0x155aS0x104bS0xb2	[0xb6, [0x106e, [0x155a, nil]]]
0x16bbS0x104bS0xb2	[0xb6, [0x106e, [0x16bb, nil]]]
0x16b0S0x104bS0xb2	[0xb6, [0x106e, [0x16b0, nil]]]
0x1724S0x104bS0xb2	[0xb6, [0x106e, [0x1724, nil]]]
0x16c1S0x104bS0xb2	[0xb6, [0x106e, [0x16c1, nil]]]
0x16cbS0x104bS0xb2	[0xb6, [0x106e, [0x16cb, nil]]]
0x16d5S0x104bS0xb2	[0xb6, [0x106e, [0x16d5, nil]]]
0x16dfS0x104bS0xb2	[0xb6, [0x106e, [0x16df, nil]]]
0x16e9S0x104bS0xb2	[0xb6, [0x106e, [0x16e9, nil]]]
0x16f3S0x104bS0xb2	[0xb6, [0x106e, [0x16f3, nil]]]
0x16feS0x104bS0xb2	[0xb6, [0x106e, [0x16fe, nil]]]
0x170aS0x104bS0xb2	[0xb6, [0x106e, [0x170a, nil]]]
0x1716S0x104bS0xb2	[0xb6, [0x106e, [0x1716, nil]]]
0x172fS0x104bS0xb2	[0xb6, [0x106e, [0x172f, nil]]]
0x1729S0x104bS0xb2	[0xb6, [0x106e, [0x1729, nil]]]
0x6ddfS0x169bS0x104bS0xb2	[0xb6, [0x106e, [0x16aa, [0x1674, nil]]]]
0x166fS0x169bS0x104bS0xb2	[0xb6, [0x106e, [0x16aa, [0x166f, nil]]]]
0x12ecS0x1665S0x169bS0x104bS0xb2	[0xb6, [0x106e, [0x16aa, [0x166f, [0x12ec, nil]]]]]
0x6cfeS0x1665S0x169bS0x104bS0xb2	[0xb6, [0x106e, [0x16aa, [0x166f, [0x12ef, nil]]]]]
0x12e8S0x1665S0x169bS0x104bS0xb2	[0xb6, [0x106e, [0x16aa, [0x166f, [0x12e8, nil]]]]]
0x6ddfS0x16abS0x104bS0xb2	[0xb6, [0x106e, [0x16bb, [0x1674, nil]]]]
0x166fS0x16abS0x104bS0xb2	[0xb6, [0x106e, [0x16bb, [0x166f, nil]]]]
0x12ecS0x1665S0x16abS0x104bS0xb2	[0xb6, [0x106e, [0x16bb, [0x166f, [0x12ec, nil]]]]]
0x6cfeS0x1665S0x16abS0x104bS0xb2	[0xb6, [0x106e, [0x16bb, [0x166f, [0x12ef, nil]]]]]
0x12e8S0x1665S0x16abS0x104bS0xb2	[0xb6, [0x106e, [0x16bb, [0x166f, [0x12e8, nil]]]]]
0x6e03S0x16bcS0x104bS0xb2	[0xb6, [0x106e, [0x1724, [0x1674, nil]]]]
0x167fS0x16bcS0x104bS0xb2	[0xb6, [0x106e, [0x1724, [0x167f, nil]]]]
0x12fdS0x1675S0x16bcS0x104bS0xb2	[0xb6, [0x106e, [0x1724, [0x167f, [0x12fd, nil]]]]]
0x6d20S0x1675S0x16bcS0x104bS0xb2	[0xb6, [0x106e, [0x1724, [0x167f, [0x12ef, nil]]]]]
0x12f9S0x1675S0x16bcS0x104bS0xb2	[0xb6, [0x106e, [0x1724, [0x167f, [0x12f9, nil]]]]]
0x18b0S0x12a0S0xb2	[0xb6, [0x12c7, [0x18b0, nil]]]
0x18d0S0x12a0S0xb2	[0xb6, [0x12c7, [0x18d0, nil]]]
0x18e4S0x12a0S0xb2	[0xb6, [0x12c7, [0x18e4, nil]]]
0x1911S0x12a0S0xb2	[0xb6, [0x12c7, [0x1911, nil]]]
0x1951S0x12a0S0xb2	[0xb6, [0x12c7, [0x1951, nil]]]
0x1973S0x12a0S0xb2	[0xb6, [0x12c7, [0x1973, nil]]]
0x18acS0x12a0S0xb2	[0xb6, [0x12c7, [0x18ac, nil]]]
0x18ccS0x12a0S0xb2	[0xb6, [0x12c7, [0x18cc, nil]]]
0x18e0S0x12a0S0xb2	[0xb6, [0x12c7, [0x18e0, nil]]]
0x18f2S0x12a0S0xb2	[0xb6, [0x12c7, [0x18f2, nil]]]
0x190dS0x12a0S0xb2	[0xb6, [0x12c7, [0x190d, nil]]]
0x18f6S0x12a0S0xb2	[0xb6, [0x12c7, [0x18f6, nil]]]
0x6ec2S0x12a0S0xb2	[0xb6, [0x12c7, [0x15e2, nil]]]
0x194dS0x12a0S0xb2	[0xb6, [0x12c7, [0x194d, nil]]]
0x1938S0x12a0S0xb2	[0xb6, [0x12c7, [0x1938, nil]]]
0x192cS0x12a0S0xb2	[0xb6, [0x12c7, [0x192c, nil]]]
0x191fS0x12a0S0xb2	[0xb6, [0x12c7, [0x191f, nil]]]
0x196fS0x12a0S0xb2	[0xb6, [0x12c7, [0x196f, nil]]]
0x198dS0x12a0S0xb2	[0xb6, [0x12c7, [0x198d, nil]]]
0x1929S0x12a0S0xb2	[0xb6, [0x12c7, [0x1929, nil]]]
0x1590S0x6ebeS0x12a0S0xb2	[0xb6, [0x12c7, [0x15e2, [0x1590, nil]]]]
0x1598S0x6ebeS0x12a0S0xb2	[0xb6, [0x12c7, [0x15e2, [0x1598, nil]]]]
0x1594S0x6ebeS0x12a0S0xb2	[0xb6, [0x12c7, [0x15e2, [0x1594, nil]]]]
0x35cdS0x6ebeS0x12a0S0xb2	[0xb6, [0x12c7, [0x15e2, [0x14ae, nil]]]]
0x35c3S0x6ebeS0x12a0S0xb2	[0xb6, [0x12c7, [0x15e2, [0x14a4, nil]]]]
0x35c8S0x6ebeS0x12a0S0xb2	[0xb6, [0x12c7, [0x15e2, [0x14a9, nil]]]]
0x1589S0x6ebeS0x12a0S0xb2	[0xb6, [0x12c7, [0x15e2, [0x1589, nil]]]]
0x12ecS0x1920S0x12a0S0xb2	[0xb6, [0x12c7, [0x1929, [0x12ec, nil]]]]
0x12e8S0x1920S0x12a0S0xb2	[0xb6, [0x12c7, [0x1929, [0x12e8, nil]]]]
0x6cfeS0x1920S0x12a0S0xb2	[0xb6, [0x12c7, [0x1929, [0x12ef, nil]]]]
0x15b2S0x18e5S0x12a0S0xb2	[0xb6, [0x12c7, [0x18f2, [0x15b2, nil]]]]
0x15bcS0x18e5S0x12a0S0xb2	[0xb6, [0x12c7, [0x18f2, [0x15bc, nil]]]]
0x3602S0x18e5S0x12a0S0xb2	[0xb6, [0x12c7, [0x18f2, [0x14ae, nil]]]]
0x35f8S0x18e5S0x12a0S0xb2	[0xb6, [0x12c7, [0x18f2, [0x14a4, nil]]]]
0x35fdS0x18e5S0x12a0S0xb2	[0xb6, [0x12c7, [0x18f2, [0x14a9, nil]]]]
0x15abS0x18e5S0x12a0S0xb2	[0xb6, [0x12c7, [0x18f2, [0x15ab, nil]]]]
