0x0	0x0
0xf	0xd
0x4	0x0
0x8	0x0
0x2	0x0
0x5	0x0
0x7	0x0
0x9	0x0
0xd	0xd
0xe	0xd
0x11	0xd
0x13	0xd
0x18	0xd
0x1e	0x1d
0x23	0x1d
0x29	0x28
0x2e	0x28
0x33	0x33
0x38	0x37
0x39	0x37
0x43	0x42
0x45	0x42
0x46	0x42
0x4a	0x4a
0x4f	0x4d
0x52	0x4d
0x55	0x4d
0x56	0x4d
0x58	0x4d
0x5a	0x4d
0x5f	0x4d
0x64	0x63
0x6b	0x6a
0x6d	0x6a
0x6e	0x6a
0x72	0x72
0x77	0x75
0x7a	0x75
0x7d	0x75
0x7e	0x75
0x80	0x75
0x82	0x75
0x87	0x75
0x8c	0x8b
0x93	0x92
0x95	0x92
0x96	0x92
0x9a	0x9a
0x9f	0x9d
0xa2	0x9d
0xa5	0x9d
0xa6	0x9d
0xa8	0x9d
0xaa	0x9d
0xaf	0x9d
0xb4	0xb3
0x111	0x110B0x8b
0x112	0x110B0x8b
0x127	0x110B0x8b
0x128	0x110B0x8b
0x129	0x110B0x8b
0x13e	0x110B0x8b
0x13f	0x110B0x8b
0x140	0x110B0x8b
0x144	0x144B0x8b
0x146	0x144B0x8b
0x147	0x144B0x8b
0x16a	0x144B0x8b
0x16c	0x144B0x8b
0x16d	0x144B0x8b
0x171	0x144B0x8b
0x176	0x175B0x8b
0x178	0x175B0x8b
0x17b	0x175B0x8b
0x17f	0x17eB0x8b
0x194	0x17eB0x8b
0x1a9	0x17eB0x8b
0x1aa	0x17eB0x8b
0x1ab	0x17eB0x8b
0x1c0	0x17eB0x8b
0x1c1	0x17eB0x8b
0x1c2	0x17eB0x8b
0x1c6	0x1c6B0x8b
0x1c8	0x1c6B0x8b
0x1c9	0x1c6B0x8b
0x1ec	0x1c6B0x8b
0x1ee	0x1c6B0x8b
0x1ef	0x1c6B0x8b
0x1f3	0x1c6B0x8b
0x1f8	0x1f7B0x8b
0x1fa	0x1f7B0x8b
0x1fd	0x1f7B0x8b
0x201	0x200B0x8b
0x202	0x200B0x8b
0x217	0x200B0x8b
0x22c	0x200B0x8b
0x22d	0x200B0x8b
0x22f	0x200B0x8b
0x244	0x200B0x8b
0x259	0x200B0x8b
0x25a	0x200B0x8b
0x25f	0x200B0x8b
0x274	0x200B0x8b
0x276	0x200B0x8b
0x278	0x200B0x8b
0x27d	0x200B0x8b
0x27e	0x200B0x8b
0x280	0x200B0x8b
0x283	0x200B0x8b
0x285	0x200B0x8b
0x286	0x200B0x8b
0x28b	0x200B0x8b
0x290	0x28fB0x8b
0x292	0x28fB0x8b
0x294	0x28fB0x8b
0x297	0x28fB0x8b
0x29a	0x28fB0x8b
0x29b	0x28fB0x8b
0x29c	0x28fB0x8b
0x29e	0x28fB0x8b
0x29f	0x28fB0x8b
0x2a3	0x2a3B0x8b
0x2a4	0x2a3B0x8b
0x2a7	0x2a3B0x8b
0x2a8	0x2a3B0x8b
0x2af	0x2aaB0x8b
0x2b1	0x2aaB0x8b
0x2b2	0x2aaB0x8b
0x2b3	0x2aaB0x8b
0x2b5	0x2aaB0x8b
0x2b6	0x2aaB0x8b
0x2b9	0x2aaB0x8b
0x2ba	0x2aaB0x8b
0x2bc	0x2aaB0x8b
0x2be	0x2aaB0x8b
0x2c3	0x2aaB0x8b
0x2c5	0x2aaB0x8b
0x2ca	0x2aaB0x8b
0x2cf	0x2ceB0x8b
0x2d4	0x2ceB0x8b
0x2d9	0x2d8B0x8b
0x2da	0x2d8B0x8b
0x2dd	0x2d8B0x8b
0x2df	0x2d8B0x8b
0x2e0	0x2d8B0x8b
0x2e2	0x2d8B0x8b
0x2e3	0x2d8B0x8b
0x2e9	0x2d8B0x8b
0x2ee	0x2edB0x8b
0x2f0	0x2edB0x8b
0x2f1	0x2edB0x8b
0x2f5	0x2edB0x8b
0x2f6	0x2edB0x8b
0x2fa	0x2edB0x8b
0x2fd	0x2edB0x8b
0x2ff	0x2edB0x8b
0x300	0x2edB0x8b
0x302	0x2edB0x8b
0x303	0x2edB0x8b
0x30b	0x2edB0x8b
0x310	0x30fB0x8b
0x312	0x30fB0x8b
0x313	0x30fB0x8b
0x317	0x30fB0x8b
0x318	0x30fB0x8b
0x31c	0x30fB0x8b
0x31f	0x30fB0x8b
0x340	0x30fB0x8b
0x35d	0x30fB0x8b
0x35e	0x30fB0x8b
0x35f	0x30fB0x8b
0x362	0x30fB0x8b
0x364	0x30fB0x8b
0x365	0x30fB0x8b
0x385	0x30fB0x8b
0x386	0x30fB0x8b
0x38d	0x30fB0x8b
0x38f	0x30fB0x8b
0x390	0x30fB0x8b
0x395	0x30fB0x8b
0x39a	0x399B0x8b
0x39b	0x399B0x8b
0x39d	0x399B0x8b
0x3a0	0x399B0x8b
0x3a2	0x399B0x8b
0x3a4	0x399B0x8b
0x3a5	0x399B0x8b
0x3a9	0x399B0x8b
0x3ab	0x399B0x8b
0x3ad	0x399B0x8b
0x3ae	0x399B0x8b
0x3b2	0x3b2B0x8b
0x3b4	0x3b2B0x8b
0x3b7	0x3b2B0x8b
0x3b9	0x3b2B0x8b
0x3ba	0x3b2B0x8b
0x3bc	0x3b2B0x8b
0x3bd	0x3b2B0x8b
0x3be	0x3b2B0x8b
0x3c0	0x3b2B0x8b
0x3c1	0x3b2B0x8b
0x3c4	0x3b2B0x8b
0x3c7	0x3b2B0x8b
0x3c8	0x3b2B0x8b
0x3c9	0x3b2B0x8b
0x3cc	0x3b2B0x8b
0x3ce	0x3b2B0x8b
0x3d3	0x3d2B0x8b
0x3dc	0x3d7B0x8b
0x3dd	0x3d7B0x8b
0x3f2	0x3d7B0x8b
0x407	0x3d7B0x8b
0x408	0x3d7B0x8b
0x40d	0x3d7B0x8b
0x40e	0x3d7B0x8b
0x410	0x3d7B0x8b
0x412	0x3d7B0x8b
0x417	0x3d7B0x8b
0x418	0x3d7B0x8b
0x41a	0x3d7B0x8b
0x41d	0x3d7B0x8b
0x41f	0x3d7B0x8b
0x420	0x3d7B0x8b
0x425	0x3d7B0x8b
0x42a	0x429B0x8b
0x42c	0x429B0x8b
0x42e	0x429B0x8b
0x431	0x429B0x8b
0x434	0x429B0x8b
0x435	0x429B0x8b
0x436	0x429B0x8b
0x438	0x429B0x8b
0x439	0x429B0x8b
0x43d	0x43dB0x8b
0x43e	0x43dB0x8b
0x441	0x43dB0x8b
0x442	0x43dB0x8b
0x449	0x444B0x8b
0x44b	0x444B0x8b
0x44c	0x444B0x8b
0x44d	0x444B0x8b
0x44f	0x444B0x8b
0x450	0x444B0x8b
0x453	0x444B0x8b
0x454	0x444B0x8b
0x456	0x444B0x8b
0x458	0x444B0x8b
0x45d	0x444B0x8b
0x45f	0x444B0x8b
0x464	0x444B0x8b
0x469	0x468B0x8b
0x46a	0x468B0x8b
0x46e	0x46eB0x8b
0x470	0x46eB0x8b
0x471	0x46eB0x8b
0x494	0x46eB0x8b
0x496	0x46eB0x8b
0x497	0x46eB0x8b
0x49b	0x46eB0x8b
0x4a0	0x49fB0x8b
0x4a2	0x49fB0x8b
0x4a5	0x49fB0x8b
0x504	0x503
0x508	0x503
0x50a	0x503
0x50c	0x503
0x50e	0x503
0x510	0x503
0x515	0x503
0x51e	0x519
0x51f	0x519
0x536	0x519
0x539	0x519
0x53e	0x53d
0x540	0x53f
0x543	0x53f
0x544	0x53f
0x545	0x53f
0x549	0x549
0x54b	0x549
0x560	0x549
0x562	0x549
0x564	0x549
0x565	0x549
0x567	0x549
0x568	0x549
0x56a	0x549
0x56b	0x549
0x56f	0x549
0x570	0x549
0x574	0x549
0x578	0x549
0x595	0x549
0x596	0x549
0x597	0x549
0x59a	0x549
0x59c	0x549
0x59d	0x549
0x5bd	0x549
0x5be	0x549
0x5c5	0x549
0x5c7	0x549
0x5c8	0x549
0x5cd	0x549
0x5d2	0x5d1
0x5d3	0x5d1
0x5d5	0x5d1
0x5d8	0x5d1
0x5da	0x5d1
0x5dc	0x5d1
0x5dd	0x5d1
0x5e1	0x5d1
0x5e3	0x5d1
0x5e5	0x5d1
0x5e6	0x5d1
0x5ea	0x5ea
0x5ec	0x5ea
0x5ef	0x5ea
0x5f1	0x5ea
0x5f2	0x5ea
0x5f4	0x5ea
0x5f5	0x5ea
0x5f6	0x5ea
0x5f8	0x5ea
0x5f9	0x5ea
0x5fc	0x5ea
0x5ff	0x5ea
0x600	0x5ea
0x601	0x5ea
0x604	0x5ea
0x606	0x5ea
0x60b	0x60a
0x617	0x60f
0x619	0x60f
0x61d	0x60f
0x623	0x621
0x626	0x621
0x62b	0x62a
0x640	0x62a
0x655	0x62a
0x656	0x62a
0x65b	0x62a
0x65d	0x62a
0x65f	0x62a
0x661	0x62a
0x666	0x62a
0x667	0x62a
0x669	0x62a
0x66c	0x62a
0x66e	0x62a
0x66f	0x62a
0x675	0x62a
0x67a	0x679
0x67c	0x679
0x67e	0x679
0x681	0x679
0x683	0x679
0x685	0x679
0x686	0x679
0x687	0x679
0x689	0x679
0x68a	0x679
0x68e	0x68e
0x68f	0x68e
0x692	0x68e
0x693	0x68e
0x69a	0x695
0x69c	0x695
0x69d	0x695
0x69e	0x695
0x6a0	0x695
0x6a1	0x695
0x6a4	0x695
0x6a5	0x695
0x6a7	0x695
0x6a9	0x695
0x6ae	0x695
0x6b0	0x695
0x6b5	0x695
0x6c4	0x6c3
0x6c5	0x6c3
0x6dc	0x6c3
0x6dd	0x6c3
0x6f4	0x6c3
0x6f5	0x6c3
0x70d	0x6c3
0x722	0x6c3
0x723	0x6c3
0x729	0x6c3
0x72b	0x6c3
0x74c	0x6c3
0x751	0x6c3
0x756	0x755
0x758	0x755
0x75a	0x755
0x75f	0x755
0x760	0x755
0x762	0x755
0x765	0x755
0x767	0x755
0x768	0x755
0x76e	0x755
0x773	0x772
0x775	0x772
0x777	0x772
0x77a	0x772
0x77c	0x772
0x77e	0x772
0x77f	0x772
0x780	0x772
0x782	0x772
0x783	0x772
0x787	0x787
0x788	0x787
0x78b	0x787
0x78c	0x787
0x793	0x78e
0x795	0x78e
0x796	0x78e
0x797	0x78e
0x799	0x78e
0x79a	0x78e
0x79d	0x78e
0x79e	0x78e
0x7a0	0x78e
0x7a2	0x78e
0x7a7	0x78e
0x7a9	0x78e
0x7ae	0x78e
0x7b4	0x7b2
0x7b7	0x7b2
0x7be	0x7bb
0x7bf	0x7bb
0x7c1	0x7bb
0x7d6	0x7bb
0x7d9	0x7bb
0x7ee	0x7bb
0x7f5	0x7bb
0x7f7	0x7bb
0x7f9	0x7bb
0x80e	0x7bb
0x811	0x7bb
0x826	0x7bb
0x82b	0x7bb
0x82e	0x7bb
0x830	0x7bb
0x832	0x7bb
0x836	0x7bb
0x839	0x7bb
0x83d	0x7bb
0x842	0x7bb
0x844	0x7bb
0x846	0x7bb
0x848	0x7bb
0x85d	0x7bb
0x860	0x7bb
0x875	0x7bb
0x87b	0x7bb
0x890	0x7bb
0x891	0x7bb
0x896	0x7bb
0x897	0x7bb
0x899	0x7bb
0x89b	0x7bb
0x8a0	0x7bb
0x8a1	0x7bb
0x8a3	0x7bb
0x8a6	0x7bb
0x8a8	0x7bb
0x8a9	0x7bb
0x8ae	0x7bb
0x8b3	0x8b2
0x8b5	0x8b2
0x8b7	0x8b2
0x8ba	0x8b2
0x8bd	0x8b2
0x8be	0x8b2
0x8bf	0x8b2
0x8c1	0x8b2
0x8c2	0x8b2
0x8c6	0x8c6
0x8c7	0x8c6
0x8ca	0x8c6
0x8cb	0x8c6
0x8d2	0x8cd
0x8d4	0x8cd
0x8d5	0x8cd
0x8d6	0x8cd
0x8d8	0x8cd
0x8d9	0x8cd
0x8dc	0x8cd
0x8dd	0x8cd
0x8df	0x8cd
0x8e1	0x8cd
0x8e6	0x8cd
0x8e8	0x8cd
0x8ed	0x8cd
0x8f3	0x8f1
0x8f5	0x8f1
0x8fb	0x8f1
0x8fd	0x8f1
0x8ff	0x8f1
0x905	0x8f1
0x907	0x8f1
0x909	0x8f1
0x90b	0x8f1
0x920	0x8f1
0x923	0x8f1
0x938	0x8f1
0x93e	0x8f1
0x953	0x8f1
0x954	0x8f1
0x95a	0x8f1
0x95c	0x8f1
0x95e	0x8f1
0x963	0x8f1
0x964	0x8f1
0x966	0x8f1
0x969	0x8f1
0x96b	0x8f1
0x96c	0x8f1
0x971	0x8f1
0x976	0x975
0x978	0x975
0x97a	0x975
0x97d	0x975
0x97f	0x975
0x981	0x975
0x982	0x975
0x983	0x975
0x985	0x975
0x986	0x975
0x98a	0x98a
0x98b	0x98a
0x98e	0x98a
0x98f	0x98a
0x996	0x991
0x998	0x991
0x999	0x991
0x99a	0x991
0x99c	0x991
0x99d	0x991
0x9a0	0x991
0x9a1	0x991
0x9a3	0x991
0x9a5	0x991
0x9aa	0x991
0x9ac	0x991
0x9b1	0x991
0x9bd	0x9bc
0x9be	0x9bc
0x9d5	0x9bc
0x9d6	0x9bc
0x9ed	0x9bc
0x9ee	0x9bc
0xa06	0x9bc
0xa1b	0x9bc
0xa1c	0x9bc
0xa22	0x9bc
0xa24	0x9bc
0xa45	0x9bc
0xa4a	0x9bc
0xa4f	0xa4e
0xa51	0xa4e
0xa53	0xa4e
0xa58	0xa4e
0xa59	0xa4e
0xa5b	0xa4e
0xa5e	0xa4e
0xa60	0xa4e
0xa61	0xa4e
0xa67	0xa4e
0xa6c	0xa6b
0xa6e	0xa6b
0xa70	0xa6b
0xa73	0xa6b
0xa75	0xa6b
0xa77	0xa6b
0xa78	0xa6b
0xa79	0xa6b
0xa7b	0xa6b
0xa7c	0xa6b
0xa80	0xa80
0xa81	0xa80
0xa84	0xa80
0xa85	0xa80
0xa8c	0xa87
0xa8e	0xa87
0xa8f	0xa87
0xa90	0xa87
0xa92	0xa87
0xa93	0xa87
0xa96	0xa87
0xa97	0xa87
0xa99	0xa87
0xa9b	0xa87
0xaa0	0xa87
0xaa2	0xa87
0xaa7	0xa87
0xaad	0xaab
0xab0	0xaab
0xab7	0xab4
0xab8	0xab4
0xaba	0xab4
0xacf	0xab4
0xad2	0xab4
0xae7	0xab4
0xaee	0xab4
0xaf0	0xab4
0xaf2	0xab4
0xb07	0xab4
0xb0a	0xab4
0xb1f	0xab4
0xb24	0xab4
0xb27	0xab4
0xb29	0xab4
0xb2b	0xab4
0xb2f	0xab4
0xb32	0xab4
0xb36	0xab4
0xb3b	0xab4
0xb3d	0xab4
0xb3f	0xab4
0xb41	0xab4
0xb56	0xab4
0xb59	0xab4
0xb6e	0xab4
0xb74	0xab4
0xb89	0xab4
0xb8a	0xab4
0xb8f	0xab4
0xb90	0xab4
0xb92	0xab4
0xb94	0xab4
0xb99	0xab4
0xb9a	0xab4
0xb9c	0xab4
0xb9f	0xab4
0xba1	0xab4
0xba2	0xab4
0xba7	0xab4
0xbac	0xbab
0xbae	0xbab
0xbb0	0xbab
0xbb3	0xbab
0xbb6	0xbab
0xbb7	0xbab
0xbb8	0xbab
0xbba	0xbab
0xbbb	0xbab
0xbbf	0xbbf
0xbc0	0xbbf
0xbc3	0xbbf
0xbc4	0xbbf
0xbcb	0xbc6
0xbcd	0xbc6
0xbce	0xbc6
0xbcf	0xbc6
0xbd1	0xbc6
0xbd2	0xbc6
0xbd5	0xbc6
0xbd6	0xbc6
0xbd8	0xbc6
0xbda	0xbc6
0xbdf	0xbc6
0xbe1	0xbc6
0xbe6	0xbc6
0xbec	0xbea
0xbee	0xbea
0xbf4	0xbea
0xbf6	0xbea
0xbf8	0xbea
0xbfe	0xbea
0xc00	0xbea
0xc02	0xbea
0xc04	0xbea
0xc19	0xbea
0xc1c	0xbea
0xc31	0xbea
0xc37	0xbea
0xc4c	0xbea
0xc4d	0xbea
0xc53	0xbea
0xc55	0xbea
0xc57	0xbea
0xc5c	0xbea
0xc5d	0xbea
0xc5f	0xbea
0xc62	0xbea
0xc64	0xbea
0xc65	0xbea
0xc6a	0xbea
0xc6f	0xc6e
0xc71	0xc6e
0xc73	0xc6e
0xc76	0xc6e
0xc78	0xc6e
0xc7a	0xc6e
0xc7b	0xc6e
0xc7c	0xc6e
0xc7e	0xc6e
0xc7f	0xc6e
0xc83	0xc83
0xc84	0xc83
0xc87	0xc83
0xc88	0xc83
0xc8f	0xc8a
0xc91	0xc8a
0xc92	0xc8a
0xc93	0xc8a
0xc95	0xc8a
0xc96	0xc8a
0xc99	0xc8a
0xc9a	0xc8a
0xc9c	0xc8a
0xc9e	0xc8a
0xca3	0xc8a
0xca5	0xc8a
0xcaa	0xc8a
0x109d	0x109c
0x10be	0x109c
0x10c0	0x109c
0x10c2	0x109c
0x10c5	0x109c
0x10c7	0x109c
0x10ca	0x10c9
0x10cb	0x10c9
0x10cf	0x10c9
0x10d6	0x10d3
0x10da	0x10d3
0x10e3	0x10de
0x10e8	0x10de
0x10e9	0x10de
0x10ea	0x10de
0x10ee	0x10ee
0x10f1	0x10ee
0x2ab1	0x2ab0
0x2ad4	0x2ad3
0x2d7	0x2ceB0x8b
0x754	0x6c3
0xa4d	0x9bc
0x62	0x4d
0xb2	0x9d
0x8a	0x75
0x518	0x503
0x974	0x8f1
0xc6d	0xbea
0x28e	0x200B0x8b
0x428	0x3d7B0x8b
0x8b1	0x7bb
0xbaa	0xab4
0x2ec	0x2d8B0x8b
0x30e	0x2edB0x8b
0x678	0x62a
0x771	0x755
0xa6a	0xa4e
0x2cd	0x2aaB0x8b
0x467	0x444B0x8b
0x8f0	0x8cd
0x9b4	0x991
0xbe9	0xbc6
0xcad	0xc8a
0x6b8	0x695
0x7b1	0x78e
0xaaa	0xa87
0x174	0x144B0x8b
0x1f6	0x1c6B0x8b
0x398	0x30fB0x8b
0x5d0	0x549
0x49e	0x46eB0x8b
0x7ba	0x7b2
0xab3	0xaab
0x10d2	0x10c9
0x10dd	0x10d3
0x67	0x63
0x8f	0x8b
0xb7	0xb3
0x53c	0x519
0x629	0x621
0x36	0x33
0x3d1	0x3b2B0x8b
0x609	0x5ea
0x620	0x60f
0x10f4	0x10ee
0xc	0x0
0x3c	0x37
0x49	0x42
0x71	0x6a
0x99	0x92
0x143	0x110B0x8b
0x1c5	0x17eB0x8b
0x2a2	0x28fB0x8b
0x3b1	0x399B0x8b
0x43c	0x429B0x8b
0x46d	0x468B0x8b
0x548	0x53f
0x5e9	0x5d1
0x68d	0x679
0x786	0x772
0x8c5	0x8b2
0x989	0x975
0xa7f	0xa6b
0xbbe	0xbab
0xc82	0xc6e
0x10ed	0x10de
0x4ac	0x4a8B0x8b
0x6c2	0x6b9
0x9bb	0x9b5
0xcb4	0xcae
0x10fb	0x10f6
0x3d	0x2b8e
0x69	0x68
0x91	0x90
0xb9	0xb8
0x4c	0x4a
0x74	0x72
0x9c	0x9a
0x17d	0x175B0x8b
0x1ff	0x1f7B0x8b
0x2a9	0x2a3B0x8b
0x443	0x43dB0x8b
0x4a7	0x49fB0x8b
0x694	0x68e
0x78d	0x787
0x8cc	0x8c6
0x990	0x98a
0xa86	0xa80
0xbc5	0xbbf
0xc89	0xc83
0x10c8	0x109c
0x2ab3	0x2ab0
0x2ad6	0x2ad3
0x169	0x144B0x8b
0x1eb	0x1c6B0x8b
0x282	0x200B0x8b
0x2c0	0x2aaB0x8b
0x2f8	0x2edB0x8b
0x2fc	0x2edB0x8b
0x31a	0x30fB0x8b
0x31e	0x30fB0x8b
0x388	0x30fB0x8b
0x3c3	0x3b2B0x8b
0x3c6	0x3b2B0x8b
0x41c	0x3d7B0x8b
0x45a	0x444B0x8b
0x493	0x46eB0x8b
0x572	0x549
0x576	0x549
0x5c0	0x549
0x5fb	0x5ea
0x5fe	0x5ea
0x66b	0x62a
0x6ab	0x695
0x764	0x755
0x7a4	0x78e
0x7f0	0x7bb
0x828	0x7bb
0x83f	0x7bb
0x877	0x7bb
0x8a5	0x7bb
0x8e3	0x8cd
0x8f8	0x8f1
0x902	0x8f1
0x93a	0x8f1
0x968	0x8f1
0x9a7	0x991
0xa5d	0xa4e
0xa9d	0xa87
0xae9	0xab4
0xb21	0xab4
0xb38	0xab4
0xb70	0xab4
0xb9e	0xab4
0xbdc	0xbc6
0xbf1	0xbea
0xbfb	0xbea
0xc33	0xbea
0xc61	0xbea
0xca0	0xc8a
0x10bf	0x109c
0x10c4	0x109c
0x2a6	0x2a3B0x8b
0x3cd	0x3b2B0x8b
0x440	0x43dB0x8b
0x605	0x5ea
0x691	0x68e
0x78a	0x787
0x8c9	0x8c6
0x98d	0x98a
0xa83	0xa80
0xbc2	0xbbf
0xc86	0xc83
0xe0	0xbaB0x63
0x37	0x37
0x2ab0	0x2ab0
0x2ad3	0x2ad3
0x4d	0x4d
0x68	0x68
0x63	0x63
0xe3e	0xe3eB0x4d
0xe3e	0xe3eB0x9d
0xba	0xbaB0x63
0x75	0x75
0x90	0x90
0x8b	0x8b
0xf17	0xf17B0x75
0x110	0x110B0x8b
0x9d	0x9d
0xb8	0xb8
0xb3	0xb3
0x4ad	0x4adB0xb3
0x17e	0x17eB0x8b
0x175	0x175B0x8b
0xfaf	0xfafB0x144B0x8b
0x200	0x200B0x8b
0x1f7	0x1f7B0x8b
0x1017	0x1017B0x1c6B0x8b
0x28f	0x28fB0x8b
0x1044	0x1044B0x7bb
0x1044	0x1044B0xab4
0x1044	0x1044B0x200B0x8b
0x1044	0x1044B0x3d7B0x8b
0x24	0x1d
0x2aa	0x2aaB0x8b
0x2ce	0x2ceB0x8b
0x1071	0x1071B0x8cd
0x1071	0x1071B0x991
0x1071	0x1071B0xbc6
0x1071	0x1071B0xc8a
0x1071	0x1071B0x2aaB0x8b
0x1071	0x1071B0x444B0x8b
0x2d8	0x2d8B0x8b
0x10c9	0x10c9
0x2ed	0x2edB0x8b
0x110b	0x110bB0x2d8B0x8b
0x30f	0x30fB0x8b
0x1219	0x1219B0x2edB0x8b
0x104	0xbaB0x63
0xe4	0xbaB0x63
0x399	0x399B0x8b
0x129d	0x129dB0x549
0x129d	0x129dB0x30fB0x8b
0x3d2	0x3d2B0x8b
0x3d7	0x3d7B0x8b
0x429	0x429B0x8b
0x444	0x444B0x8b
0x468	0x468B0x8b
0x4a8	0x4a8B0x8b
0x49f	0x49fB0x8b
0x12fd	0x12fdB0x46eB0x8b
0x519	0x519
0x136a	0x136aB0x503
0x53d	0x53d
0x6c3	0x6c3
0x621	0x621
0x5d1	0x5d1
0x60a	0x60a
0x60f	0x60f
0x53f	0x53f
0x62a	0x62a
0x9bc	0x9bc
0x679	0x679
0x13a8	0x13a8B0x62a
0x13a8	0x13a8B0x755
0x13a8	0x13a8B0xa4e
0x44	0x42
0x695	0x695
0x6b9	0x6b9
0x1404	0x1404B0x695
0x1404	0x1404B0x78e
0x1404	0x1404B0xa87
0x755	0x755
0x772	0x772
0x78e	0x78e
0x7b2	0x7b2
0x7bb	0x7bb
0xcb5	0xcb5B0x7b2
0xcb5	0xcb5B0xaab
0x8b2	0x8b2
0x8cd	0x8cd
0x8f1	0x8f1
0xc0	0xbaB0x63
0x975	0x975
0x1505	0x1505B0x8f1
0x1505	0x1505B0xbea
0x991	0x991
0x9b5	0x9b5
0xa4e	0xa4e
0xa6b	0xa6b
0xa87	0xa87
0xaab	0xaab
0xab4	0xab4
0xbab	0xbab
0xbc6	0xbc6
0xbea	0xbea
0xc6e	0xc6e
0xc8a	0xc8a
0xcae	0xcae
0x10d3	0x10d3
0xdaa	0xdaaB0x10c9
0xdaa	0xdaaB0x10d3
0xdaa	0xdaaB0xdb3B0x105dB0x1086B0x8cd
0xdaa	0xdaaB0xdb3B0x105dB0x1086B0x991
0xdaa	0xdaaB0xdb3B0x105dB0x1086B0xbc6
0xdaa	0xdaaB0xdb3B0x105dB0x1086B0xc8a
0xdaa	0xdaaB0x1132B0x13bbB0x62a
0xdaa	0xdaaB0x1132B0x13bbB0x755
0xdaa	0xdaaB0x1132B0x13bbB0xa4e
0xdaa	0xdaaB0xdb3B0xdc9B0xe64B0x4d
0xdaa	0xdaaB0xdb3B0xdc9B0xe75B0x4d
0xdaa	0xdaaB0xdb3B0xdc9B0xe64B0x9d
0xdaa	0xdaaB0xdb3B0xdc9B0xe75B0x9d
0xdaa	0xdaaB0x145bB0x14c6B0x1505B0x8f1
0xdaa	0xdaaB0x145bB0x14d9B0x1505B0x8f1
0xdaa	0xdaaB0x145bB0x14c6B0x1505B0xbea
0xdaa	0xdaaB0x145bB0x14d9B0x1505B0xbea
0xdaa	0xdaaB0xdb3B0x105dB0x1086B0x2aaB0x8b
0xdaa	0xdaaB0xdb3B0x105dB0x1086B0x444B0x8b
0xdaa	0xdaaB0x1132B0x1219B0x2edB0x8b
0x10de	0x10de
0x10f6	0x10f6
0x109c	0x109c
0x42	0x42
0x6a	0x6a
0x92	0x92
0xfc6	0xfc6B0x144B0x8b
0xf8d	0xf8dB0x144B0x8b
0xfa4	0xfa4B0x144B0x8b
0xf65	0xf65B0x144B0x8b
0xf99	0xf99B0x144B0x8b
0xf55	0xf55B0xf8dB0x144B0x8b
0xf55	0xf55B0xff5B0x1c6B0x8b
0xf55	0xf55B0x12dbB0x46eB0x8b
0x102e	0x102eB0x1c6B0x8b
0xff5	0xff5B0x1c6B0x8b
0x100c	0x100cB0x1c6B0x8b
0xfcd	0xfcdB0x1c6B0x8b
0x1001	0x1001B0x1c6B0x8b
0x1314	0x1314B0x46eB0x8b
0x12db	0x12dbB0x46eB0x8b
0x12f2	0x12f2B0x46eB0x8b
0x12b3	0x12b3B0x46eB0x8b
0x12e7	0x12e7B0x46eB0x8b
0x12a8	0x12a8B0x549
0x12a8	0x12a8B0x30fB0x8b
0x126d	0x126dB0x549
0x126d	0x126dB0x30fB0x8b
0x1281	0x1281B0x549
0x1281	0x1281B0x30fB0x8b
0x1263	0x1263B0x549
0x1263	0x1263B0x30fB0x8b
0x1291	0x1291B0x549
0x1291	0x1291B0x30fB0x8b
0x11a9	0x11a9B0x1281B0x549
0x11a9	0x11a9B0x1281B0x30fB0x8b
0x11a9	0x11a9B0x11f5B0x2edB0x8b
0x1277	0x1277B0x549
0x1277	0x1277B0x30fB0x8b
0x118f	0x118fB0x126dB0x549
0x118f	0x118fB0x126dB0x30fB0x8b
0x118f	0x118fB0x11e1B0x2edB0x8b
0x11c6	0x11c6B0x1281B0x549
0x11c6	0x11c6B0x1281B0x30fB0x8b
0x11c6	0x11c6B0x11f5B0x2edB0x8b
0x11ab	0x11abB0x1281B0x549
0x11ab	0x11abB0x1281B0x30fB0x8b
0x11ab	0x11abB0x11f5B0x2edB0x8b
0x109	0x109B0x63
0x503	0x503
0x4fc	0x4fcB0xb3
0x2b3c	0x2b3cB0x8cd
0x2b3c	0x2b3cB0x991
0x2b3c	0x2b3cB0xbc6
0x2b3c	0x2b3cB0xc8a
0x2b3c	0x2b3cB0x2aaB0x8b
0x2b3c	0x2b3cB0x444B0x8b
0x1086	0x1086B0x8cd
0x1086	0x1086B0x991
0x1086	0x1086B0xbc6
0x1086	0x1086B0xc8a
0x1086	0x1086B0x2aaB0x8b
0x1086	0x1086B0x444B0x8b
0x1093	0x1093B0x8cd
0x1093	0x1093B0x991
0x1093	0x1093B0xbc6
0x1093	0x1093B0xc8a
0x1093	0x1093B0x2aaB0x8b
0x1093	0x1093B0x444B0x8b
0x105d	0x105dB0x1086B0x8cd
0x105d	0x105dB0x1086B0x991
0x105d	0x105dB0x1086B0xbc6
0x105d	0x105dB0x1086B0xc8a
0x105d	0x105dB0x1086B0x2aaB0x8b
0x105d	0x105dB0x1086B0x444B0x8b
0x106b	0x106bB0x1086B0x8cd
0x106b	0x106bB0x1086B0x991
0x106b	0x106bB0x1086B0xbc6
0x106b	0x106bB0x1086B0xc8a
0x106b	0x106bB0x1086B0x2aaB0x8b
0x106b	0x106bB0x1086B0x444B0x8b
0xdb3	0xdb3B0x105dB0x1086B0x8cd
0xdb3	0xdb3B0x105dB0x1086B0x991
0xdb3	0xdb3B0x105dB0x1086B0xbc6
0xdb3	0xdb3B0x105dB0x1086B0xc8a
0xdb3	0xdb3B0xdc9B0xe64B0x4d
0xdb3	0xdb3B0xdc9B0xe75B0x4d
0xdb3	0xdb3B0xdc9B0xe64B0x9d
0xdb3	0xdb3B0xdc9B0xe75B0x9d
0xdb3	0xdb3B0x105dB0x1086B0x2aaB0x8b
0xdb3	0xdb3B0x105dB0x1086B0x444B0x8b
0xdc6	0xdc6B0x105dB0x1086B0x8cd
0xdc6	0xdc6B0x105dB0x1086B0x991
0xdc6	0xdc6B0x105dB0x1086B0xbc6
0xdc6	0xdc6B0x105dB0x1086B0xc8a
0xdc6	0xdc6B0xdc9B0xe64B0x4d
0xdc6	0xdc6B0xdc9B0xe75B0x4d
0xdc6	0xdc6B0xdc9B0xe64B0x9d
0xdc6	0xdc6B0xdc9B0xe75B0x9d
0xdc6	0xdc6B0x105dB0x1086B0x2aaB0x8b
0xdc6	0xdc6B0x105dB0x1086B0x444B0x8b
0xdbc	0xdbcB0x105dB0x1086B0x8cd
0xdbc	0xdbcB0x105dB0x1086B0x991
0xdbc	0xdbcB0x105dB0x1086B0xbc6
0xdbc	0xdbcB0x105dB0x1086B0xc8a
0xdbc	0xdbcB0xdc9B0xe64B0x4d
0xdbc	0xdbcB0xdc9B0xe75B0x4d
0xdbc	0xdbcB0xdc9B0xe64B0x9d
0xdbc	0xdbcB0xdc9B0xe75B0x9d
0xdbc	0xdbcB0x105dB0x1086B0x2aaB0x8b
0xdbc	0xdbcB0x105dB0x1086B0x444B0x8b
0x2b82	0x2b82B0x695
0x2b82	0x2b82B0x78e
0x2b82	0x2b82B0xa87
0x1419	0x1419B0x695
0x1419	0x1419B0x78e
0x1419	0x1419B0xa87
0x1426	0x1426B0x695
0x1426	0x1426B0x78e
0x1426	0x1426B0xa87
0x13f0	0x13f0B0x1419B0x695
0x13f0	0x13f0B0x1419B0x78e
0x13f0	0x13f0B0x1419B0xa87
0x13fe	0x13feB0x1419B0x695
0x13fe	0x13feB0x1419B0x78e
0x13fe	0x13feB0x1419B0xa87
0x13da	0x13daB0x13f0B0x1419B0x695
0x13da	0x13daB0x13f0B0x1419B0x78e
0x13da	0x13daB0x13f0B0x1419B0xa87
0x13ed	0x13edB0x13f0B0x1419B0x695
0x13ed	0x13edB0x13f0B0x1419B0x78e
0x13ed	0x13edB0x13f0B0x1419B0xa87
0x13e3	0x13e3B0x13f0B0x1419B0x695
0x13e3	0x13e3B0x13f0B0x1419B0x78e
0x13e3	0x13e3B0x13f0B0x1419B0xa87
0x13cf	0x13cfB0x13f0B0x1419B0x695
0x13cf	0x13cfB0x13f0B0x1419B0x78e
0x13cf	0x13cfB0x13f0B0x1419B0xa87
0x1057	0x1057B0x7bb
0x1057	0x1057B0xab4
0x1057	0x1057B0x200B0x8b
0x1057	0x1057B0x3d7B0x8b
0x1035	0x1035B0x13a8B0x62a
0x1035	0x1035B0x13a8B0x755
0x1035	0x1035B0x1044B0x7bb
0x1035	0x1035B0x13a8B0xa4e
0x1035	0x1035B0x1044B0xab4
0x1035	0x1035B0x1044B0x200B0x8b
0x1035	0x1035B0x111eB0x2d8B0x8b
0x1035	0x1035B0x1239B0x2edB0x8b
0x1035	0x1035B0x1044B0x3d7B0x8b
0x103e	0x103eB0x13a8B0x62a
0x103e	0x103eB0x13a8B0x755
0x103e	0x103eB0x1044B0x7bb
0x103e	0x103eB0x13a8B0xa4e
0x103e	0x103eB0x1044B0xab4
0x103e	0x103eB0x1044B0x200B0x8b
0x103e	0x103eB0x111eB0x2d8B0x8b
0x103e	0x103eB0x1239B0x2edB0x8b
0x103e	0x103eB0x1044B0x3d7B0x8b
0xd6f	0xd6fB0x1035B0x13a8B0x62a
0xd6f	0xd6fB0x1035B0x13a8B0x755
0xd6f	0xd6fB0x1035B0x1044B0x7bb
0xd6f	0xd6fB0x1035B0x13a8B0xa4e
0xd6f	0xd6fB0x1035B0x1044B0xab4
0xd6f	0xd6fB0xd80B0xd96B0xe57B0x4d
0xd6f	0xd6fB0xd80B0xd96B0xf3aB0x75
0xd6f	0xd6fB0xd80B0xd96B0xe57B0x9d
0xd6f	0xd6fB0x142fB0x148dB0x1505B0x8f1
0xd6f	0xd6fB0x142fB0x14b3B0x1505B0x8f1
0xd6f	0xd6fB0x142fB0x1479B0x1505B0x8f1
0xd6f	0xd6fB0x142fB0x148dB0x1505B0xbea
0xd6f	0xd6fB0x142fB0x14b3B0x1505B0xbea
0xd6f	0xd6fB0x142fB0x1479B0x1505B0xbea
0xd6f	0xd6fB0x1035B0x1044B0x200B0x8b
0xd6f	0xd6fB0x1035B0x111eB0x2d8B0x8b
0xd6f	0xd6fB0x1035B0x1239B0x2edB0x8b
0xd6f	0xd6fB0x1035B0x1044B0x3d7B0x8b
0xd79	0xd79B0x1035B0x13a8B0x62a
0xd79	0xd79B0x1035B0x13a8B0x755
0xd79	0xd79B0x1035B0x1044B0x7bb
0xd79	0xd79B0x1035B0x13a8B0xa4e
0xd79	0xd79B0x1035B0x1044B0xab4
0xd79	0xd79B0xd80B0xd96B0xe57B0x4d
0xd79	0xd79B0xd80B0xd96B0xf3aB0x75
0xd79	0xd79B0xd80B0xd96B0xe57B0x9d
0xd79	0xd79B0x142fB0x148dB0x1505B0x8f1
0xd79	0xd79B0x142fB0x14b3B0x1505B0x8f1
0xd79	0xd79B0x142fB0x1479B0x1505B0x8f1
0xd79	0xd79B0x142fB0x148dB0x1505B0xbea
0xd79	0xd79B0x142fB0x14b3B0x1505B0xbea
0xd79	0xd79B0x142fB0x1479B0x1505B0xbea
0xd79	0xd79B0x1035B0x1044B0x200B0x8b
0xd79	0xd79B0x1035B0x111eB0x2d8B0x8b
0xd79	0xd79B0x1035B0x1239B0x2edB0x8b
0xd79	0xd79B0x1035B0x1044B0x3d7B0x8b
0xd50	0xd50B0xd6fB0x1035B0x13a8B0x62a
0xd50	0xd50B0xd6fB0x1035B0x13a8B0x755
0xd50	0xd50B0xd6fB0x1035B0x1044B0x7bb
0xd50	0xd50B0xd6fB0x1035B0x13a8B0xa4e
0xd50	0xd50B0xd6fB0x1035B0x1044B0xab4
0xd50	0xd50B0xd6fB0xd80B0xd96B0xe57B0x4d
0xd50	0xd50B0xd6fB0xd80B0xd96B0xf3aB0x75
0xd50	0xd50B0xd6fB0xd80B0xd96B0xe57B0x9d
0xd50	0xd50B0x146aB0x1505B0x8f1
0xd50	0xd50B0xd6fB0x142fB0x148dB0x1505B0x8f1
0xd50	0xd50B0xd6fB0x142fB0x14b3B0x1505B0x8f1
0xd50	0xd50B0xd6fB0x142fB0x1479B0x1505B0x8f1
0xd50	0xd50B0x146aB0x1505B0xbea
0xd50	0xd50B0xd6fB0x142fB0x148dB0x1505B0xbea
0xd50	0xd50B0xd6fB0x142fB0x14b3B0x1505B0xbea
0xd50	0xd50B0xd6fB0x142fB0x1479B0x1505B0xbea
0xd50	0xd50B0x132fB0x1340B0x1356B0x138dB0x503
0xd50	0xd50B0xd6fB0x1035B0x1044B0x200B0x8b
0xd50	0xd50B0xd6fB0x1035B0x111eB0x2d8B0x8b
0xd50	0xd50B0xd6fB0x1035B0x1239B0x2edB0x8b
0xd50	0xd50B0xd6fB0x1035B0x1044B0x3d7B0x8b
0x111e	0x111eB0x2d8B0x8b
0x10fc	0x10fcB0x2d8B0x8b
0x112b	0x112bB0x2d8B0x8b
0x1105	0x1105B0x2d8B0x8b
0xec2	0xec2B0xeedB0xf03B0xf2dB0x75
0xec2	0xec2B0xeedB0x131bB0x1380B0x503
0xec2	0xec2B0x10fcB0x2d8B0x8b
0x122c	0x122cB0x2edB0x8b
0x1132	0x1132B0x13bbB0x62a
0x1132	0x1132B0x13bbB0x755
0x1132	0x1132B0x13bbB0xa4e
0x1132	0x1132B0x1219B0x2edB0x8b
0x11f5	0x11f5B0x2edB0x8b
0x1199	0x1199B0x2edB0x8b
0x1205	0x1205B0x2edB0x8b
0x120e	0x120eB0x2edB0x8b
0x11d1	0x11d1B0x2edB0x8b
0x1239	0x1239B0x2edB0x8b
0x1180	0x1180B0x2edB0x8b
0x1246	0x1246B0x2edB0x8b
0x1189	0x1189B0x2edB0x8b
0x115f	0x115fB0x1180B0x2edB0x8b
0x1258	0x1258B0x2edB0x8b
0x11e1	0x11e1B0x2edB0x8b
0x11eb	0x11ebB0x2edB0x8b
0x114a	0x114aB0x1180B0x2edB0x8b
0x1156	0x1156B0x1180B0x2edB0x8b
0xff	0xbaB0x63
0x1179	0x1179B0x1180B0x2edB0x8b
0x1174	0x1174B0x1180B0x2edB0x8b
0x116f	0x116fB0x1180B0x2edB0x8b
0x1141	0x1141B0x1180B0x2edB0x8b
0x113b	0x113bB0x13bbB0x62a
0x113b	0x113bB0x13bbB0x755
0x113b	0x113bB0x13bbB0xa4e
0x113b	0x113bB0x1219B0x2edB0x8b
0x13bb	0x13bbB0x62a
0x13bb	0x13bbB0x755
0x13bb	0x13bbB0xa4e
0x13c8	0x13c8B0x62a
0x13c8	0x13c8B0x755
0x13c8	0x13c8B0xa4e
0xe57	0xe57B0x4d
0xe57	0xe57B0x9d
0x2af6	0x2af6B0x4d
0x2af6	0x2af6B0x9d
0xe64	0xe64B0x4d
0xe64	0xe64B0x9d
0xd96	0xd96B0xe57B0x4d
0xd96	0xd96B0xf3aB0x75
0xd96	0xd96B0xe57B0x9d
0xe75	0xe75B0x4d
0xe75	0xe75B0x9d
0xdc9	0xdc9B0xe64B0x4d
0xdc9	0xdc9B0xe75B0x4d
0xdc9	0xdc9B0xe64B0x9d
0xdc9	0xdc9B0xe75B0x9d
0xe86	0xe86B0x4d
0xe86	0xe86B0x9d
0xea7	0xea7B0x4d
0xea7	0xea7B0x9d
0xd4c	0xd4cB0x4d
0xd4c	0xd4cB0x9d
0xeb3	0xeb3B0x4d
0xeb3	0xeb3B0x9d
0xde9	0xde9B0xea7B0x4d
0xde9	0xde9B0xea7B0x9d
0xf2d	0xf2dB0x75
0x2b19	0x2b19B0x75
0xf3a	0xf3aB0x75
0xf03	0xf03B0xf2dB0x75
0xf4b	0xf4bB0x75
0x1380	0x1380B0x503
0x2b5f	0x2b5fB0x503
0x138d	0x138dB0x503
0x131b	0x131bB0x1380B0x503
0x139e	0x139eB0x503
0x1356	0x1356B0x138dB0x503
0x1518	0x1518B0x8f1
0x1518	0x1518B0xbea
0x1479	0x1479B0x1505B0x8f1
0x1479	0x1479B0x1505B0xbea
0xdd7	0xdd7B0xe64B0x4d
0xdd7	0xdd7B0xe75B0x4d
0xdd7	0xdd7B0xe64B0x9d
0xdd7	0xdd7B0xe75B0x9d
0xddd	0xdddB0xea7B0x4d
0xddd	0xdddB0xea7B0x9d
0xde1	0xde1B0xea7B0x4d
0xde1	0xde1B0xea7B0x9d
0xde5	0xde5B0xea7B0x4d
0xde5	0xde5B0xea7B0x9d
0xe1b	0xe1bB0xea7B0x4d
0xe1b	0xe1bB0xea7B0x9d
0xe37	0xe37B0xea7B0x4d
0xe37	0xe37B0xea7B0x9d
0xdfe	0xdfeB0xea7B0x4d
0xdfe	0xdfeB0xea7B0x9d
0xf11	0xf11B0xf2dB0x75
0xeed	0xeedB0xf03B0xf2dB0x75
0xeed	0xeedB0x131bB0x1380B0x503
0x1329	0x1329B0x1380B0x503
0xf00	0xf00B0xf03B0xf2dB0x75
0xf00	0xf00B0x131bB0x1380B0x503
0xef6	0xef6B0xf03B0xf2dB0x75
0xef6	0xef6B0x131bB0x1380B0x503
0x14a0	0x14a0B0x1505B0x8f1
0x14a0	0x14a0B0x1505B0xbea
0x142f	0x142fB0x148dB0x1505B0x8f1
0x142f	0x142fB0x14b3B0x1505B0x8f1
0x142f	0x142fB0x1479B0x1505B0x8f1
0x142f	0x142fB0x148dB0x1505B0xbea
0x142f	0x142fB0x14b3B0x1505B0xbea
0x142f	0x142fB0x1479B0x1505B0xbea
0x14b3	0x14b3B0x1505B0x8f1
0x14b3	0x14b3B0x1505B0xbea
0x144c	0x144cB0x1505B0x8f1
0x144c	0x144cB0x1505B0xbea
0x14c6	0x14c6B0x1505B0x8f1
0x14c6	0x14c6B0x1505B0xbea
0x1455	0x1455B0x1505B0x8f1
0x1455	0x1455B0x1505B0xbea
0x143e	0x143eB0x1505B0x8f1
0x143e	0x143eB0x1505B0xbea
0x14d9	0x14d9B0x1505B0x8f1
0x14d9	0x14d9B0x1505B0xbea
0x145b	0x145bB0x14c6B0x1505B0x8f1
0x145b	0x145bB0x14d9B0x1505B0x8f1
0x145b	0x145bB0x14c6B0x1505B0xbea
0x145b	0x145bB0x14d9B0x1505B0xbea
0x14ec	0x14ecB0x1505B0x8f1
0x14ec	0x14ecB0x1505B0xbea
0x14ff	0x14ffB0x1505B0x8f1
0x14ff	0x14ffB0x1505B0xbea
0x146a	0x146aB0x1505B0x8f1
0x146a	0x146aB0x1505B0xbea
0x1473	0x1473B0x1505B0x8f1
0x1473	0x1473B0x1505B0xbea
0x148d	0x148dB0x1505B0x8f1
0x148d	0x148dB0x1505B0xbea
0x1464	0x1464B0x14c6B0x1505B0x8f1
0x1464	0x1464B0x14d9B0x1505B0x8f1
0x1464	0x1464B0x14c6B0x1505B0xbea
0x1464	0x1464B0x14d9B0x1505B0xbea
0x1438	0x1438B0x148dB0x1505B0x8f1
0x1438	0x1438B0x14b3B0x1505B0x8f1
0x1438	0x1438B0x1479B0x1505B0x8f1
0x1438	0x1438B0x148dB0x1505B0xbea
0x1438	0x1438B0x14b3B0x1505B0xbea
0x1438	0x1438B0x1479B0x1505B0xbea
0xda4	0xda4B0xe57B0x4d
0xda4	0xda4B0xf3aB0x75
0xda4	0xda4B0xe57B0x9d
0xd80	0xd80B0xd96B0xe57B0x4d
0xd80	0xd80B0xd96B0xf3aB0x75
0xd80	0xd80B0xd96B0xe57B0x9d
0xd93	0xd93B0xd96B0xe57B0x4d
0xd93	0xd93B0xd96B0xf3aB0x75
0xd93	0xd93B0xd96B0xe57B0x9d
0xd89	0xd89B0xd96B0xe57B0x4d
0xd89	0xd89B0xd96B0xf3aB0x75
0xd89	0xd89B0xd96B0xe57B0x9d
0x1364	0x1364B0x138dB0x503
0x1340	0x1340B0x1356B0x138dB0x503
0x1353	0x1353B0x1356B0x138dB0x503
0x1349	0x1349B0x1356B0x138dB0x503
0x132f	0x132fB0x1340B0x1356B0x138dB0x503
0x1339	0x1339B0x1340B0x1356B0x138dB0x503
0x1d	0x1d
0x28	0x28
0x7f	0x75
0x100	0xbaB0x63
0xd4d	0xd4cB0x4d
0xd4d	0xd4cB0x9d
0xe3f	0xe3eB0x4d
0xe3f	0xe3eB0x9d
0xe41	0xe3eB0x4d
0xe41	0xe3eB0x9d
0xe43	0xe3eB0x4d
0xe43	0xe3eB0x9d
0xe44	0xe3eB0x4d
0xe44	0xe3eB0x9d
0xe48	0xe3eB0x4d
0xe48	0xe3eB0x9d
0xe49	0xe3eB0x4d
0xe49	0xe3eB0x9d
0xe4a	0xe3eB0x4d
0xe4a	0xe3eB0x9d
0xe4b	0xe3eB0x4d
0xe4b	0xe3eB0x9d
0xe4f	0xe4fB0x4d
0xe4f	0xe4fB0x9d
0xe52	0xe4fB0x4d
0xe52	0xe4fB0x9d
0xe58	0xe57B0x4d
0xe58	0xe57B0x9d
0xe59	0xe57B0x4d
0xe59	0xe57B0x9d
0xe5f	0xe57B0x4d
0xe5f	0xe57B0x9d
0xe60	0xe57B0x4d
0xe60	0xe57B0x9d
0xe68	0xe64B0x4d
0xe68	0xe64B0x9d
0xe6a	0xe64B0x4d
0xe6a	0xe64B0x9d
0xe70	0xe64B0x4d
0xe70	0xe64B0x9d
0xe71	0xe64B0x4d
0xe71	0xe64B0x9d
0xe79	0xe75B0x4d
0xe79	0xe75B0x9d
0xe7b	0xe75B0x4d
0xe7b	0xe75B0x9d
0xe81	0xe75B0x4d
0xe81	0xe75B0x9d
0xe82	0xe75B0x4d
0xe82	0xe75B0x9d
0xe8a	0xe86B0x4d
0xe8a	0xe86B0x9d
0xe8d	0xe86B0x4d
0xe8d	0xe86B0x9d
0xe8e	0xe86B0x4d
0xe8e	0xe86B0x9d
0xe8f	0xe86B0x4d
0xe8f	0xe86B0x9d
0xe99	0xe86B0x4d
0xe99	0xe86B0x9d
0xe9a	0xe86B0x4d
0xe9a	0xe86B0x9d
0xe9b	0xe86B0x4d
0xe9b	0xe86B0x9d
0xe9f	0xe9fB0x4d
0xe9f	0xe9fB0x9d
0xea2	0xe9fB0x4d
0xea2	0xe9fB0x9d
0xea8	0xea7B0x4d
0xea8	0xea7B0x9d
0xeae	0xea7B0x4d
0xeae	0xea7B0x9d
0xeaf	0xea7B0x4d
0xeaf	0xea7B0x9d
0xf18	0xf17B0x75
0xf1a	0xf17B0x75
0xf1e	0xf17B0x75
0xf1f	0xf17B0x75
0xf20	0xf17B0x75
0xf21	0xf17B0x75
0xf25	0xf25B0x75
0xf28	0xf25B0x75
0xf2e	0xf2dB0x75
0xf2f	0xf2dB0x75
0xf35	0xf2dB0x75
0xf36	0xf2dB0x75
0xf3e	0xf3aB0x75
0xf40	0xf3aB0x75
0xf46	0xf3aB0x75
0xf47	0xf3aB0x75
0x136b	0x136aB0x503
0x136d	0x136aB0x503
0x1371	0x136aB0x503
0x1372	0x136aB0x503
0x1373	0x136aB0x503
0x1374	0x136aB0x503
0x1378	0x1378B0x503
0x137b	0x1378B0x503
0x1381	0x1380B0x503
0x1382	0x1380B0x503
0x1388	0x1380B0x503
0x1389	0x1380B0x503
0x1391	0x138dB0x503
0x1393	0x138dB0x503
0x1399	0x138dB0x503
0x139a	0x138dB0x503
0x1506	0x1505B0x8f1
0x1506	0x1505B0xbea
0x1507	0x1505B0x8f1
0x1507	0x1505B0xbea
0x150a	0x1505B0x8f1
0x150a	0x1505B0xbea
0x150d	0x1505B0x8f1
0x150d	0x1505B0xbea
0x1510	0x1505B0x8f1
0x1510	0x1505B0xbea
0x1512	0x1505B0x8f1
0x1512	0x1505B0xbea
0x1514	0x1505B0x8f1
0x1514	0x1505B0xbea
0x2af7	0x2af6B0x4d
0x2af7	0x2af6B0x9d
0x2b1a	0x2b19B0x75
0x2b60	0x2b5fB0x503
0xe63	0xe57B0x4d
0xe63	0xe57B0x9d
0xf4a	0xf3aB0x75
0x139d	0x138dB0x503
0xe74	0xe64B0x4d
0xe74	0xe64B0x9d
0xe85	0xe75B0x4d
0xe85	0xe75B0x9d
0xeb2	0xea7B0x4d
0xeb2	0xea7B0x9d
0xf39	0xf2dB0x75
0x138c	0x1380B0x503
0x1517	0x1505B0x8f1
0x1517	0x1505B0xbea
0xe55	0xe4fB0x4d
0xe55	0xe4fB0x9d
0xea5	0xe9fB0x4d
0xea5	0xe9fB0x9d
0xf2b	0xf25B0x75
0x137e	0x1378B0x503
0xe4e	0xe3eB0x4d
0xe4e	0xe3eB0x9d
0xe9e	0xe86B0x4d
0xe9e	0xe86B0x9d
0xf24	0xf17B0x75
0x1377	0x136aB0x503
0xec1	0xeb3B0x4d
0xec1	0xeb3B0x9d
0xf54	0xf4bB0x75
0x13a7	0x139eB0x503
0x151d	0x1518B0x8f1
0x151d	0x1518B0xbea
0xd4f	0xd4cB0x4d
0xd4f	0xd4cB0x9d
0x2af9	0x2af6B0x4d
0x2af9	0x2af6B0x9d
0x2b1c	0x2b19B0x75
0x2b62	0x2b5fB0x503
0xd97	0xd96B0xe57B0x4d
0xd97	0xd96B0xf3aB0x75
0xd97	0xd96B0xe57B0x9d
0xd99	0xd96B0xe57B0x4d
0xd99	0xd96B0xf3aB0x75
0xd99	0xd96B0xe57B0x9d
0xd9c	0xd96B0xe57B0x4d
0xd9c	0xd96B0xf3aB0x75
0xd9c	0xd96B0xe57B0x9d
0xda0	0xd96B0xe57B0x4d
0xda0	0xd96B0xf3aB0x75
0xda0	0xd96B0xe57B0x9d
0x1045	0x1044B0x7bb
0x1045	0x1044B0xab4
0x1045	0x1044B0x200B0x8b
0x1045	0x1044B0x3d7B0x8b
0x1046	0x1044B0x7bb
0x1046	0x1044B0xab4
0x1046	0x1044B0x200B0x8b
0x1046	0x1044B0x3d7B0x8b
0x1049	0x1044B0x7bb
0x1049	0x1044B0xab4
0x1049	0x1044B0x200B0x8b
0x1049	0x1044B0x3d7B0x8b
0x104c	0x1044B0x7bb
0x104c	0x1044B0xab4
0x104c	0x1044B0x200B0x8b
0x104c	0x1044B0x3d7B0x8b
0x104f	0x1044B0x7bb
0x104f	0x1044B0xab4
0x104f	0x1044B0x200B0x8b
0x104f	0x1044B0x3d7B0x8b
0x1051	0x1044B0x7bb
0x1051	0x1044B0xab4
0x1051	0x1044B0x200B0x8b
0x1051	0x1044B0x3d7B0x8b
0x1053	0x1044B0x7bb
0x1053	0x1044B0xab4
0x1053	0x1044B0x200B0x8b
0x1053	0x1044B0x3d7B0x8b
0x10fd	0x10fcB0x2d8B0x8b
0x1101	0x10fcB0x2d8B0x8b
0x110c	0x110bB0x2d8B0x8b
0x110d	0x110bB0x2d8B0x8b
0x1110	0x110bB0x2d8B0x8b
0x1113	0x110bB0x2d8B0x8b
0x1116	0x110bB0x2d8B0x8b
0x1118	0x110bB0x2d8B0x8b
0x111a	0x110bB0x2d8B0x8b
0x111f	0x111eB0x2d8B0x8b
0x1122	0x111eB0x2d8B0x8b
0x1125	0x111eB0x2d8B0x8b
0x1127	0x111eB0x2d8B0x8b
0x1181	0x1180B0x2edB0x8b
0x1185	0x1180B0x2edB0x8b
0x119a	0x1199B0x2edB0x8b
0x119e	0x1199B0x2edB0x8b
0x11a1	0x1199B0x2edB0x8b
0x11d2	0x11d1B0x2edB0x8b
0x11d3	0x11d1B0x2edB0x8b
0x11d5	0x11d1B0x2edB0x8b
0x11d6	0x11d1B0x2edB0x8b
0x11d9	0x11d1B0x2edB0x8b
0x11da	0x11d1B0x2edB0x8b
0x11e2	0x11e1B0x2edB0x8b
0x11e3	0x11e1B0x2edB0x8b
0x11e7	0x11e1B0x2edB0x8b
0x11ec	0x11ebB0x2edB0x8b
0x11f1	0x11ebB0x2edB0x8b
0x11f8	0x11f5B0x2edB0x8b
0x11fd	0x11f5B0x2edB0x8b
0x1200	0x11f5B0x2edB0x8b
0x1201	0x11f5B0x2edB0x8b
0x1206	0x1205B0x2edB0x8b
0x120a	0x1205B0x2edB0x8b
0x1210	0x120eB0x2edB0x8b
0x121a	0x1219B0x2edB0x8b
0x121b	0x1219B0x2edB0x8b
0x121e	0x1219B0x2edB0x8b
0x1221	0x1219B0x2edB0x8b
0x1224	0x1219B0x2edB0x8b
0x1226	0x1219B0x2edB0x8b
0x1228	0x1219B0x2edB0x8b
0x122d	0x122cB0x2edB0x8b
0x1230	0x122cB0x2edB0x8b
0x1233	0x122cB0x2edB0x8b
0x1235	0x122cB0x2edB0x8b
0x123a	0x1239B0x2edB0x8b
0x123d	0x1239B0x2edB0x8b
0x1240	0x1239B0x2edB0x8b
0x1242	0x1239B0x2edB0x8b
0x1249	0x1246B0x2edB0x8b
0x124a	0x1246B0x2edB0x8b
0x124d	0x1246B0x2edB0x8b
0x124f	0x1246B0x2edB0x8b
0x1254	0x1246B0x2edB0x8b
0x1357	0x1356B0x138dB0x503
0x1359	0x1356B0x138dB0x503
0x135c	0x1356B0x138dB0x503
0x1360	0x1356B0x138dB0x503
0x13a9	0x13a8B0x62a
0x13a9	0x13a8B0x755
0x13a9	0x13a8B0xa4e
0x13aa	0x13a8B0x62a
0x13aa	0x13a8B0x755
0x13aa	0x13a8B0xa4e
0x13ad	0x13a8B0x62a
0x13ad	0x13a8B0x755
0x13ad	0x13a8B0xa4e
0x13b0	0x13a8B0x62a
0x13b0	0x13a8B0x755
0x13b0	0x13a8B0xa4e
0x13b3	0x13a8B0x62a
0x13b3	0x13a8B0x755
0x13b3	0x13a8B0xa4e
0x13b5	0x13a8B0x62a
0x13b5	0x13a8B0x755
0x13b5	0x13a8B0xa4e
0x13b7	0x13a8B0x62a
0x13b7	0x13a8B0x755
0x13b7	0x13a8B0xa4e
0x13bc	0x13bbB0x62a
0x13bc	0x13bbB0x755
0x13bc	0x13bbB0xa4e
0x13bf	0x13bbB0x62a
0x13bf	0x13bbB0x755
0x13bf	0x13bbB0xa4e
0x13c2	0x13bbB0x62a
0x13c2	0x13bbB0x755
0x13c2	0x13bbB0xa4e
0x13c4	0x13bbB0x62a
0x13c4	0x13bbB0x755
0x13c4	0x13bbB0xa4e
0x143f	0x143eB0x1505B0x8f1
0x143f	0x143eB0x1505B0xbea
0x1440	0x143eB0x1505B0x8f1
0x1440	0x143eB0x1505B0xbea
0x1445	0x143eB0x1505B0x8f1
0x1445	0x143eB0x1505B0xbea
0x144d	0x144cB0x1505B0x8f1
0x144d	0x144cB0x1505B0xbea
0x1451	0x144cB0x1505B0x8f1
0x1451	0x144cB0x1505B0xbea
0x146b	0x146aB0x1505B0x8f1
0x146b	0x146aB0x1505B0xbea
0x146f	0x146aB0x1505B0x8f1
0x146f	0x146aB0x1505B0xbea
0x147a	0x1479B0x1505B0x8f1
0x147a	0x1479B0x1505B0xbea
0x147d	0x1479B0x1505B0x8f1
0x147d	0x1479B0x1505B0xbea
0x147e	0x1479B0x1505B0x8f1
0x147e	0x1479B0x1505B0xbea
0x1480	0x1479B0x1505B0x8f1
0x1480	0x1479B0x1505B0xbea
0x1481	0x1479B0x1505B0x8f1
0x1481	0x1479B0x1505B0xbea
0x1482	0x1479B0x1505B0x8f1
0x1482	0x1479B0x1505B0xbea
0x1485	0x1479B0x1505B0x8f1
0x1485	0x1479B0x1505B0xbea
0x1487	0x1479B0x1505B0x8f1
0x1487	0x1479B0x1505B0xbea
0x1489	0x1479B0x1505B0x8f1
0x1489	0x1479B0x1505B0xbea
0x148f	0x148dB0x1505B0x8f1
0x148f	0x148dB0x1505B0xbea
0x1492	0x148dB0x1505B0x8f1
0x1492	0x148dB0x1505B0xbea
0x1493	0x148dB0x1505B0x8f1
0x1493	0x148dB0x1505B0xbea
0x1494	0x148dB0x1505B0x8f1
0x1494	0x148dB0x1505B0xbea
0x1497	0x148dB0x1505B0x8f1
0x1497	0x148dB0x1505B0xbea
0x149a	0x148dB0x1505B0x8f1
0x149a	0x148dB0x1505B0xbea
0x149c	0x148dB0x1505B0x8f1
0x149c	0x148dB0x1505B0xbea
0x14a2	0x14a0B0x1505B0x8f1
0x14a2	0x14a0B0x1505B0xbea
0x14a5	0x14a0B0x1505B0x8f1
0x14a5	0x14a0B0x1505B0xbea
0x14a6	0x14a0B0x1505B0x8f1
0x14a6	0x14a0B0x1505B0xbea
0x14a7	0x14a0B0x1505B0x8f1
0x14a7	0x14a0B0x1505B0xbea
0x14aa	0x14a0B0x1505B0x8f1
0x14aa	0x14a0B0x1505B0xbea
0x14ad	0x14a0B0x1505B0x8f1
0x14ad	0x14a0B0x1505B0xbea
0x14af	0x14a0B0x1505B0x8f1
0x14af	0x14a0B0x1505B0xbea
0x14b5	0x14b3B0x1505B0x8f1
0x14b5	0x14b3B0x1505B0xbea
0x14b8	0x14b3B0x1505B0x8f1
0x14b8	0x14b3B0x1505B0xbea
0x14b9	0x14b3B0x1505B0x8f1
0x14b9	0x14b3B0x1505B0xbea
0x14ba	0x14b3B0x1505B0x8f1
0x14ba	0x14b3B0x1505B0xbea
0x14bd	0x14b3B0x1505B0x8f1
0x14bd	0x14b3B0x1505B0xbea
0x14c0	0x14b3B0x1505B0x8f1
0x14c0	0x14b3B0x1505B0xbea
0x14c2	0x14b3B0x1505B0x8f1
0x14c2	0x14b3B0x1505B0xbea
0x14c8	0x14c6B0x1505B0x8f1
0x14c8	0x14c6B0x1505B0xbea
0x14cb	0x14c6B0x1505B0x8f1
0x14cb	0x14c6B0x1505B0xbea
0x14cc	0x14c6B0x1505B0x8f1
0x14cc	0x14c6B0x1505B0xbea
0x14cd	0x14c6B0x1505B0x8f1
0x14cd	0x14c6B0x1505B0xbea
0x14d0	0x14c6B0x1505B0x8f1
0x14d0	0x14c6B0x1505B0xbea
0x14d3	0x14c6B0x1505B0x8f1
0x14d3	0x14c6B0x1505B0xbea
0x14d5	0x14c6B0x1505B0x8f1
0x14d5	0x14c6B0x1505B0xbea
0x14db	0x14d9B0x1505B0x8f1
0x14db	0x14d9B0x1505B0xbea
0x14de	0x14d9B0x1505B0x8f1
0x14de	0x14d9B0x1505B0xbea
0x14df	0x14d9B0x1505B0x8f1
0x14df	0x14d9B0x1505B0xbea
0x14e0	0x14d9B0x1505B0x8f1
0x14e0	0x14d9B0x1505B0xbea
0x14e3	0x14d9B0x1505B0x8f1
0x14e3	0x14d9B0x1505B0xbea
0x14e6	0x14d9B0x1505B0x8f1
0x14e6	0x14d9B0x1505B0xbea
0x14e8	0x14d9B0x1505B0x8f1
0x14e8	0x14d9B0x1505B0xbea
0x14ee	0x14ecB0x1505B0x8f1
0x14ee	0x14ecB0x1505B0xbea
0x14f1	0x14ecB0x1505B0x8f1
0x14f1	0x14ecB0x1505B0xbea
0x14f2	0x14ecB0x1505B0x8f1
0x14f2	0x14ecB0x1505B0xbea
0x14f3	0x14ecB0x1505B0x8f1
0x14f3	0x14ecB0x1505B0xbea
0x14f6	0x14ecB0x1505B0x8f1
0x14f6	0x14ecB0x1505B0xbea
0x14f9	0x14ecB0x1505B0x8f1
0x14f9	0x14ecB0x1505B0xbea
0x14fb	0x14ecB0x1505B0x8f1
0x14fb	0x14ecB0x1505B0xbea
0x1472	0x146aB0x1505B0x8f1
0x1472	0x146aB0x1505B0xbea
0x1104	0x10fcB0x2d8B0x8b
0x1188	0x1180B0x2edB0x8b
0x11ea	0x11e1B0x2edB0x8b
0xda3	0xd96B0xe57B0x4d
0xda3	0xd96B0xf3aB0x75
0xda3	0xd96B0xe57B0x9d
0x1056	0x1044B0x7bb
0x1056	0x1044B0xab4
0x1056	0x1044B0x200B0x8b
0x1056	0x1044B0x3d7B0x8b
0x112a	0x111eB0x2d8B0x8b
0x1204	0x11f5B0x2edB0x8b
0x122b	0x1219B0x2edB0x8b
0x1245	0x1239B0x2edB0x8b
0x1363	0x1356B0x138dB0x503
0x13ba	0x13a8B0x62a
0x13ba	0x13a8B0x755
0x13ba	0x13a8B0xa4e
0x13c7	0x13bbB0x62a
0x13c7	0x13bbB0x755
0x13c7	0x13bbB0xa4e
0x148c	0x1479B0x1505B0x8f1
0x148c	0x1479B0x1505B0xbea
0x149f	0x148dB0x1505B0x8f1
0x149f	0x148dB0x1505B0xbea
0x14c5	0x14b3B0x1505B0x8f1
0x14c5	0x14b3B0x1505B0xbea
0x14d8	0x14c6B0x1505B0x8f1
0x14d8	0x14c6B0x1505B0xbea
0x14eb	0x14d9B0x1505B0x8f1
0x14eb	0x14d9B0x1505B0xbea
0x110a	0x1105B0x2d8B0x8b
0x111d	0x110bB0x2d8B0x8b
0x118e	0x1189B0x2edB0x8b
0x11a8	0x1199B0x2edB0x8b
0x11e0	0x11d1B0x2edB0x8b
0x11f4	0x11ebB0x2edB0x8b
0x120d	0x1205B0x2edB0x8b
0x1218	0x120eB0x2edB0x8b
0x1238	0x122cB0x2edB0x8b
0x1257	0x1246B0x2edB0x8b
0x144b	0x143eB0x1505B0x8f1
0x144b	0x143eB0x1505B0xbea
0x1454	0x144cB0x1505B0x8f1
0x1454	0x144cB0x1505B0xbea
0x145a	0x1455B0x1505B0x8f1
0x145a	0x1455B0x1505B0xbea
0x1478	0x1473B0x1505B0x8f1
0x1478	0x1473B0x1505B0xbea
0x14b2	0x14a0B0x1505B0x8f1
0x14b2	0x14a0B0x1505B0xbea
0x14fe	0x14ecB0x1505B0x8f1
0x14fe	0x14ecB0x1505B0xbea
0xda9	0xda4B0xe57B0x4d
0xda9	0xda4B0xf3aB0x75
0xda9	0xda4B0xe57B0x9d
0x105c	0x1057B0x7bb
0x105c	0x1057B0xab4
0x105c	0x1057B0x200B0x8b
0x105c	0x1057B0x3d7B0x8b
0x1131	0x112bB0x2d8B0x8b
0x1262	0x1258B0x2edB0x8b
0x1369	0x1364B0x138dB0x503
0x13ce	0x13c8B0x62a
0x13ce	0x13c8B0x755
0x13ce	0x13c8B0xa4e
0x1504	0x14ffB0x1505B0x8f1
0x1504	0x14ffB0x1505B0xbea
0x1107	0x1105B0x2d8B0x8b
0x118b	0x1189B0x2edB0x8b
0x119d	0x1199B0x2edB0x8b
0x124e	0x1246B0x2edB0x8b
0x1457	0x1455B0x1505B0x8f1
0x1457	0x1455B0x1505B0xbea
0x1475	0x1473B0x1505B0x8f1
0x1475	0x1473B0x1505B0xbea
0xbb	0xbaB0x63
0xc5	0xbaB0x63
0xc7	0xbaB0x63
0xc8	0xbaB0x63
0xcc	0xbaB0x63
0xcd	0xbaB0x63
0xce	0xbaB0x63
0xd0	0xbaB0x63
0xd1	0xbaB0x63
0xd3	0xbaB0x63
0xd6	0xbaB0x63
0xd7	0xbaB0x63
0xe2	0xbaB0x63
0xeb	0xbaB0x63
0xee	0xbaB0x63
0xf0	0xbaB0x63
0xf2	0xbaB0x63
0xf3	0xbaB0x63
0xf6	0xbaB0x63
0xf7	0xbaB0x63
0xfc	0xbaB0x63
0x105	0xbaB0x63
0x4ae	0x4adB0xb3
0x4b8	0x4adB0xb3
0x4ba	0x4adB0xb3
0x4bb	0x4adB0xb3
0x4bf	0x4adB0xb3
0x4c0	0x4adB0xb3
0x4c1	0x4adB0xb3
0x4c3	0x4adB0xb3
0x4c4	0x4adB0xb3
0x4c6	0x4adB0xb3
0x4c9	0x4adB0xb3
0x4ca	0x4adB0xb3
0x4d5	0x4adB0xb3
0x4d7	0x4adB0xb3
0x4de	0x4adB0xb3
0x4e1	0x4adB0xb3
0x4e3	0x4adB0xb3
0x4e5	0x4adB0xb3
0x4e6	0x4adB0xb3
0x4e9	0x4adB0xb3
0x4ea	0x4adB0xb3
0x4ef	0x4adB0xb3
0x4f8	0x4adB0xb3
0xd81	0xd80B0xd96B0xe57B0x4d
0xd81	0xd80B0xd96B0xf3aB0x75
0xd81	0xd80B0xd96B0xe57B0x9d
0xd85	0xd80B0xd96B0xe57B0x4d
0xd85	0xd80B0xd96B0xf3aB0x75
0xd85	0xd80B0xd96B0xe57B0x9d
0xd8b	0xd89B0xd96B0xe57B0x4d
0xd8b	0xd89B0xd96B0xf3aB0x75
0xd8b	0xd89B0xd96B0xe57B0x9d
0xd8c	0xd89B0xd96B0xe57B0x4d
0xd8c	0xd89B0xd96B0xf3aB0x75
0xd8c	0xd89B0xd96B0xe57B0x9d
0xd90	0xd90B0xd96B0xe57B0x4d
0xd90	0xd90B0xd96B0xf3aB0x75
0xd90	0xd90B0xd96B0xe57B0x9d
0x1036	0x1035B0x13a8B0x62a
0x1036	0x1035B0x13a8B0x755
0x1036	0x1035B0x1044B0x7bb
0x1036	0x1035B0x13a8B0xa4e
0x1036	0x1035B0x1044B0xab4
0x1036	0x1035B0x1044B0x200B0x8b
0x1036	0x1035B0x111eB0x2d8B0x8b
0x1036	0x1035B0x1239B0x2edB0x8b
0x1036	0x1035B0x1044B0x3d7B0x8b
0x103a	0x1035B0x13a8B0x62a
0x103a	0x1035B0x13a8B0x755
0x103a	0x1035B0x1044B0x7bb
0x103a	0x1035B0x13a8B0xa4e
0x103a	0x1035B0x1044B0xab4
0x103a	0x1035B0x1044B0x200B0x8b
0x103a	0x1035B0x111eB0x2d8B0x8b
0x103a	0x1035B0x1239B0x2edB0x8b
0x103a	0x1035B0x1044B0x3d7B0x8b
0x1072	0x1071B0x8cd
0x1072	0x1071B0x991
0x1072	0x1071B0xbc6
0x1072	0x1071B0xc8a
0x1072	0x1071B0x2aaB0x8b
0x1072	0x1071B0x444B0x8b
0x1073	0x1071B0x8cd
0x1073	0x1071B0x991
0x1073	0x1071B0xbc6
0x1073	0x1071B0xc8a
0x1073	0x1071B0x2aaB0x8b
0x1073	0x1071B0x444B0x8b
0x1077	0x1071B0x8cd
0x1077	0x1071B0x991
0x1077	0x1071B0xbc6
0x1077	0x1071B0xc8a
0x1077	0x1071B0x2aaB0x8b
0x1077	0x1071B0x444B0x8b
0x1078	0x1071B0x8cd
0x1078	0x1071B0x991
0x1078	0x1071B0xbc6
0x1078	0x1071B0xc8a
0x1078	0x1071B0x2aaB0x8b
0x1078	0x1071B0x444B0x8b
0x1079	0x1071B0x8cd
0x1079	0x1071B0x991
0x1079	0x1071B0xbc6
0x1079	0x1071B0xc8a
0x1079	0x1071B0x2aaB0x8b
0x1079	0x1071B0x444B0x8b
0x107a	0x1071B0x8cd
0x107a	0x1071B0x991
0x107a	0x1071B0xbc6
0x107a	0x1071B0xc8a
0x107a	0x1071B0x2aaB0x8b
0x107a	0x1071B0x444B0x8b
0x107e	0x107eB0x8cd
0x107e	0x107eB0x991
0x107e	0x107eB0xbc6
0x107e	0x107eB0xc8a
0x107e	0x107eB0x2aaB0x8b
0x107e	0x107eB0x444B0x8b
0x1081	0x107eB0x8cd
0x1081	0x107eB0x991
0x1081	0x107eB0xbc6
0x1081	0x107eB0xc8a
0x1081	0x107eB0x2aaB0x8b
0x1081	0x107eB0x444B0x8b
0x1087	0x1086B0x8cd
0x1087	0x1086B0x991
0x1087	0x1086B0xbc6
0x1087	0x1086B0xc8a
0x1087	0x1086B0x2aaB0x8b
0x1087	0x1086B0x444B0x8b
0x1088	0x1086B0x8cd
0x1088	0x1086B0x991
0x1088	0x1086B0xbc6
0x1088	0x1086B0xc8a
0x1088	0x1086B0x2aaB0x8b
0x1088	0x1086B0x444B0x8b
0x108e	0x1086B0x8cd
0x108e	0x1086B0x991
0x108e	0x1086B0xbc6
0x108e	0x1086B0xc8a
0x108e	0x1086B0x2aaB0x8b
0x108e	0x1086B0x444B0x8b
0x108f	0x1086B0x8cd
0x108f	0x1086B0x991
0x108f	0x1086B0xbc6
0x108f	0x1086B0xc8a
0x108f	0x1086B0x2aaB0x8b
0x108f	0x1086B0x444B0x8b
0x1341	0x1340B0x1356B0x138dB0x503
0x1345	0x1340B0x1356B0x138dB0x503
0x134b	0x1349B0x1356B0x138dB0x503
0x134c	0x1349B0x1356B0x138dB0x503
0x1350	0x1350B0x1356B0x138dB0x503
0x1405	0x1404B0x695
0x1405	0x1404B0x78e
0x1405	0x1404B0xa87
0x1406	0x1404B0x695
0x1406	0x1404B0x78e
0x1406	0x1404B0xa87
0x140a	0x1404B0x695
0x140a	0x1404B0x78e
0x140a	0x1404B0xa87
0x140b	0x1404B0x695
0x140b	0x1404B0x78e
0x140b	0x1404B0xa87
0x140c	0x1404B0x695
0x140c	0x1404B0x78e
0x140c	0x1404B0xa87
0x140d	0x1404B0x695
0x140d	0x1404B0x78e
0x140d	0x1404B0xa87
0x1411	0x1411B0x695
0x1411	0x1411B0x78e
0x1411	0x1411B0xa87
0x1414	0x1411B0x695
0x1414	0x1411B0x78e
0x1414	0x1411B0xa87
0x141a	0x1419B0x695
0x141a	0x1419B0x78e
0x141a	0x1419B0xa87
0x141b	0x1419B0x695
0x141b	0x1419B0x78e
0x141b	0x1419B0xa87
0x1421	0x1419B0x695
0x1421	0x1419B0x78e
0x1421	0x1419B0xa87
0x1422	0x1419B0x695
0x1422	0x1419B0x78e
0x1422	0x1419B0xa87
0x1430	0x142fB0x148dB0x1505B0x8f1
0x1430	0x142fB0x14b3B0x1505B0x8f1
0x1430	0x142fB0x1479B0x1505B0x8f1
0x1430	0x142fB0x148dB0x1505B0xbea
0x1430	0x142fB0x14b3B0x1505B0xbea
0x1430	0x142fB0x1479B0x1505B0xbea
0x1434	0x142fB0x148dB0x1505B0x8f1
0x1434	0x142fB0x14b3B0x1505B0x8f1
0x1434	0x142fB0x1479B0x1505B0x8f1
0x1434	0x142fB0x148dB0x1505B0xbea
0x1434	0x142fB0x14b3B0x1505B0xbea
0x1434	0x142fB0x1479B0x1505B0xbea
0x2b3d	0x2b3cB0x8cd
0x2b3d	0x2b3cB0x991
0x2b3d	0x2b3cB0xbc6
0x2b3d	0x2b3cB0xc8a
0x2b3d	0x2b3cB0x2aaB0x8b
0x2b3d	0x2b3cB0x444B0x8b
0x2b83	0x2b82B0x695
0x2b83	0x2b82B0x78e
0x2b83	0x2b82B0xa87
0xd88	0xd80B0xd96B0xe57B0x4d
0xd88	0xd80B0xd96B0xf3aB0x75
0xd88	0xd80B0xd96B0xe57B0x9d
0x103d	0x1035B0x13a8B0x62a
0x103d	0x1035B0x13a8B0x755
0x103d	0x1035B0x1044B0x7bb
0x103d	0x1035B0x13a8B0xa4e
0x103d	0x1035B0x1044B0xab4
0x103d	0x1035B0x1044B0x200B0x8b
0x103d	0x1035B0x111eB0x2d8B0x8b
0x103d	0x1035B0x1239B0x2edB0x8b
0x103d	0x1035B0x1044B0x3d7B0x8b
0x1437	0x142fB0x148dB0x1505B0x8f1
0x1437	0x142fB0x14b3B0x1505B0x8f1
0x1437	0x142fB0x1479B0x1505B0x8f1
0x1437	0x142fB0x148dB0x1505B0xbea
0x1437	0x142fB0x14b3B0x1505B0xbea
0x1437	0x142fB0x1479B0x1505B0xbea
0x1348	0x1340B0x1356B0x138dB0x503
0x1425	0x1419B0x695
0x1425	0x1419B0x78e
0x1425	0x1419B0xa87
0x1092	0x1086B0x8cd
0x1092	0x1086B0x991
0x1092	0x1086B0xbc6
0x1092	0x1086B0xc8a
0x1092	0x1086B0x2aaB0x8b
0x1092	0x1086B0x444B0x8b
0x108	0xbaB0x63
0x4fb	0x4adB0xb3
0x1084	0x107eB0x8cd
0x1084	0x107eB0x991
0x1084	0x107eB0xbc6
0x1084	0x107eB0xc8a
0x1084	0x107eB0x2aaB0x8b
0x1084	0x107eB0x444B0x8b
0x1417	0x1411B0x695
0x1417	0x1411B0x78e
0x1417	0x1411B0xa87
0xd8f	0xd89B0xd96B0xe57B0x4d
0xd8f	0xd89B0xd96B0xf3aB0x75
0xd8f	0xd89B0xd96B0xe57B0x9d
0x107d	0x1071B0x8cd
0x107d	0x1071B0x991
0x107d	0x1071B0xbc6
0x107d	0x1071B0xc8a
0x107d	0x1071B0x2aaB0x8b
0x107d	0x1071B0x444B0x8b
0x134f	0x1349B0x1356B0x138dB0x503
0x1410	0x1404B0x695
0x1410	0x1404B0x78e
0x1410	0x1404B0xa87
0x10f	0x109B0x63
0x502	0x4fcB0xb3
0xd95	0xd93B0xd96B0xe57B0x4d
0xd95	0xd93B0xd96B0xf3aB0x75
0xd95	0xd93B0xd96B0xe57B0x9d
0x1043	0x103eB0x13a8B0x62a
0x1043	0x103eB0x13a8B0x755
0x1043	0x103eB0x1044B0x7bb
0x1043	0x103eB0x13a8B0xa4e
0x1043	0x103eB0x1044B0xab4
0x1043	0x103eB0x1044B0x200B0x8b
0x1043	0x103eB0x111eB0x2d8B0x8b
0x1043	0x103eB0x1239B0x2edB0x8b
0x1043	0x103eB0x1044B0x3d7B0x8b
0x109b	0x1093B0x8cd
0x109b	0x1093B0x991
0x109b	0x1093B0xbc6
0x109b	0x1093B0xc8a
0x109b	0x1093B0x2aaB0x8b
0x109b	0x1093B0x444B0x8b
0x1355	0x1353B0x1356B0x138dB0x503
0x142e	0x1426B0x695
0x142e	0x1426B0x78e
0x142e	0x1426B0xa87
0x143d	0x1438B0x148dB0x1505B0x8f1
0x143d	0x1438B0x14b3B0x1505B0x8f1
0x143d	0x1438B0x1479B0x1505B0x8f1
0x143d	0x1438B0x148dB0x1505B0xbea
0x143d	0x1438B0x14b3B0x1505B0xbea
0x143d	0x1438B0x1479B0x1505B0xbea
0xd92	0xd90B0xd96B0xe57B0x4d
0xd92	0xd90B0xd96B0xf3aB0x75
0xd92	0xd90B0xd96B0xe57B0x9d
0x1352	0x1350B0x1356B0x138dB0x503
0x2b3f	0x2b3cB0x8cd
0x2b3f	0x2b3cB0x991
0x2b3f	0x2b3cB0xbc6
0x2b3f	0x2b3cB0xc8a
0x2b3f	0x2b3cB0x2aaB0x8b
0x2b3f	0x2b3cB0x444B0x8b
0x2b85	0x2b82B0x695
0x2b85	0x2b82B0x78e
0x2b85	0x2b82B0xa87
0xea	0xbaB0x63
0x4dd	0x4adB0xb3
0xd9	0xbaB0x63
0xe1	0xbaB0x63
0xef	0xbaB0x63
0x4cc	0x4adB0xb3
0x4d4	0x4adB0xb3
0x4e2	0x4adB0xb3
0x1040	0x103eB0x13a8B0x62a
0x1040	0x103eB0x13a8B0x755
0x1040	0x103eB0x1044B0x7bb
0x1040	0x103eB0x13a8B0xa4e
0x1040	0x103eB0x1044B0xab4
0x1040	0x103eB0x1044B0x200B0x8b
0x1040	0x103eB0x111eB0x2d8B0x8b
0x1040	0x103eB0x1239B0x2edB0x8b
0x1040	0x103eB0x1044B0x3d7B0x8b
0x143a	0x1438B0x148dB0x1505B0x8f1
0x143a	0x1438B0x14b3B0x1505B0x8f1
0x143a	0x1438B0x1479B0x1505B0x8f1
0x143a	0x1438B0x148dB0x1505B0xbea
0x143a	0x1438B0x14b3B0x1505B0xbea
0x143a	0x1438B0x1479B0x1505B0xbea
0xd70	0xd6fB0x1035B0x13a8B0x62a
0xd70	0xd6fB0x1035B0x13a8B0x755
0xd70	0xd6fB0x1035B0x1044B0x7bb
0xd70	0xd6fB0x1035B0x13a8B0xa4e
0xd70	0xd6fB0x1035B0x1044B0xab4
0xd70	0xd6fB0xd80B0xd96B0xe57B0x4d
0xd70	0xd6fB0xd80B0xd96B0xf3aB0x75
0xd70	0xd6fB0xd80B0xd96B0xe57B0x9d
0xd70	0xd6fB0x142fB0x148dB0x1505B0x8f1
0xd70	0xd6fB0x142fB0x14b3B0x1505B0x8f1
0xd70	0xd6fB0x142fB0x1479B0x1505B0x8f1
0xd70	0xd6fB0x142fB0x148dB0x1505B0xbea
0xd70	0xd6fB0x142fB0x14b3B0x1505B0xbea
0xd70	0xd6fB0x142fB0x1479B0x1505B0xbea
0xd70	0xd6fB0x1035B0x1044B0x200B0x8b
0xd70	0xd6fB0x1035B0x111eB0x2d8B0x8b
0xd70	0xd6fB0x1035B0x1239B0x2edB0x8b
0xd70	0xd6fB0x1035B0x1044B0x3d7B0x8b
0xd71	0xd6fB0x1035B0x13a8B0x62a
0xd71	0xd6fB0x1035B0x13a8B0x755
0xd71	0xd6fB0x1035B0x1044B0x7bb
0xd71	0xd6fB0x1035B0x13a8B0xa4e
0xd71	0xd6fB0x1035B0x1044B0xab4
0xd71	0xd6fB0xd80B0xd96B0xe57B0x4d
0xd71	0xd6fB0xd80B0xd96B0xf3aB0x75
0xd71	0xd6fB0xd80B0xd96B0xe57B0x9d
0xd71	0xd6fB0x142fB0x148dB0x1505B0x8f1
0xd71	0xd6fB0x142fB0x14b3B0x1505B0x8f1
0xd71	0xd6fB0x142fB0x1479B0x1505B0x8f1
0xd71	0xd6fB0x142fB0x148dB0x1505B0xbea
0xd71	0xd6fB0x142fB0x14b3B0x1505B0xbea
0xd71	0xd6fB0x142fB0x1479B0x1505B0xbea
0xd71	0xd6fB0x1035B0x1044B0x200B0x8b
0xd71	0xd6fB0x1035B0x111eB0x2d8B0x8b
0xd71	0xd6fB0x1035B0x1239B0x2edB0x8b
0xd71	0xd6fB0x1035B0x1044B0x3d7B0x8b
0xd75	0xd6fB0x1035B0x13a8B0x62a
0xd75	0xd6fB0x1035B0x13a8B0x755
0xd75	0xd6fB0x1035B0x1044B0x7bb
0xd75	0xd6fB0x1035B0x13a8B0xa4e
0xd75	0xd6fB0x1035B0x1044B0xab4
0xd75	0xd6fB0xd80B0xd96B0xe57B0x4d
0xd75	0xd6fB0xd80B0xd96B0xf3aB0x75
0xd75	0xd6fB0xd80B0xd96B0xe57B0x9d
0xd75	0xd6fB0x142fB0x148dB0x1505B0x8f1
0xd75	0xd6fB0x142fB0x14b3B0x1505B0x8f1
0xd75	0xd6fB0x142fB0x1479B0x1505B0x8f1
0xd75	0xd6fB0x142fB0x148dB0x1505B0xbea
0xd75	0xd6fB0x142fB0x14b3B0x1505B0xbea
0xd75	0xd6fB0x142fB0x1479B0x1505B0xbea
0xd75	0xd6fB0x1035B0x1044B0x200B0x8b
0xd75	0xd6fB0x1035B0x111eB0x2d8B0x8b
0xd75	0xd6fB0x1035B0x1239B0x2edB0x8b
0xd75	0xd6fB0x1035B0x1044B0x3d7B0x8b
0xdb4	0xdb3B0x105dB0x1086B0x8cd
0xdb4	0xdb3B0x105dB0x1086B0x991
0xdb4	0xdb3B0x105dB0x1086B0xbc6
0xdb4	0xdb3B0x105dB0x1086B0xc8a
0xdb4	0xdb3B0xdc9B0xe64B0x4d
0xdb4	0xdb3B0xdc9B0xe75B0x4d
0xdb4	0xdb3B0xdc9B0xe64B0x9d
0xdb4	0xdb3B0xdc9B0xe75B0x9d
0xdb4	0xdb3B0x105dB0x1086B0x2aaB0x8b
0xdb4	0xdb3B0x105dB0x1086B0x444B0x8b
0xdb8	0xdb3B0x105dB0x1086B0x8cd
0xdb8	0xdb3B0x105dB0x1086B0x991
0xdb8	0xdb3B0x105dB0x1086B0xbc6
0xdb8	0xdb3B0x105dB0x1086B0xc8a
0xdb8	0xdb3B0xdc9B0xe64B0x4d
0xdb8	0xdb3B0xdc9B0xe75B0x4d
0xdb8	0xdb3B0xdc9B0xe64B0x9d
0xdb8	0xdb3B0xdc9B0xe75B0x9d
0xdb8	0xdb3B0x105dB0x1086B0x2aaB0x8b
0xdb8	0xdb3B0x105dB0x1086B0x444B0x8b
0xdbe	0xdbcB0x105dB0x1086B0x8cd
0xdbe	0xdbcB0x105dB0x1086B0x991
0xdbe	0xdbcB0x105dB0x1086B0xbc6
0xdbe	0xdbcB0x105dB0x1086B0xc8a
0xdbe	0xdbcB0xdc9B0xe64B0x4d
0xdbe	0xdbcB0xdc9B0xe75B0x4d
0xdbe	0xdbcB0xdc9B0xe64B0x9d
0xdbe	0xdbcB0xdc9B0xe75B0x9d
0xdbe	0xdbcB0x105dB0x1086B0x2aaB0x8b
0xdbe	0xdbcB0x105dB0x1086B0x444B0x8b
0xdbf	0xdbcB0x105dB0x1086B0x8cd
0xdbf	0xdbcB0x105dB0x1086B0x991
0xdbf	0xdbcB0x105dB0x1086B0xbc6
0xdbf	0xdbcB0x105dB0x1086B0xc8a
0xdbf	0xdbcB0xdc9B0xe64B0x4d
0xdbf	0xdbcB0xdc9B0xe75B0x4d
0xdbf	0xdbcB0xdc9B0xe64B0x9d
0xdbf	0xdbcB0xdc9B0xe75B0x9d
0xdbf	0xdbcB0x105dB0x1086B0x2aaB0x8b
0xdbf	0xdbcB0x105dB0x1086B0x444B0x8b
0xdc3	0xdc3B0x105dB0x1086B0x8cd
0xdc3	0xdc3B0x105dB0x1086B0x991
0xdc3	0xdc3B0x105dB0x1086B0xbc6
0xdc3	0xdc3B0x105dB0x1086B0xc8a
0xdc3	0xdc3B0xdc9B0xe64B0x4d
0xdc3	0xdc3B0xdc9B0xe75B0x4d
0xdc3	0xdc3B0xdc9B0xe64B0x9d
0xdc3	0xdc3B0xdc9B0xe75B0x9d
0xdc3	0xdc3B0x105dB0x1086B0x2aaB0x8b
0xdc3	0xdc3B0x105dB0x1086B0x444B0x8b
0xeee	0xeedB0xf03B0xf2dB0x75
0xeee	0xeedB0x131bB0x1380B0x503
0xef2	0xeedB0xf03B0xf2dB0x75
0xef2	0xeedB0x131bB0x1380B0x503
0xef8	0xef6B0xf03B0xf2dB0x75
0xef8	0xef6B0x131bB0x1380B0x503
0xef9	0xef6B0xf03B0xf2dB0x75
0xef9	0xef6B0x131bB0x1380B0x503
0xefd	0xefdB0xf03B0xf2dB0x75
0xefd	0xefdB0x131bB0x1380B0x503
0xf66	0xf65B0x144B0x8b
0xf87	0xf65B0x144B0x8b
0xf89	0xf65B0x144B0x8b
0xf8e	0xf8dB0x144B0x8b
0xf8f	0xf8dB0x144B0x8b
0xf92	0xf8dB0x144B0x8b
0xf95	0xf8dB0x144B0x8b
0xf9c	0xf99B0x144B0x8b
0xfa0	0xf99B0x144B0x8b
0xfa5	0xfa4B0x144B0x8b
0xfa8	0xfa4B0x144B0x8b
0xfb0	0xfafB0x144B0x8b
0xfb1	0xfafB0x144B0x8b
0xfb4	0xfafB0x144B0x8b
0xfb9	0xfafB0x144B0x8b
0xfba	0xfafB0x144B0x8b
0xfbc	0xfafB0x144B0x8b
0xfbe	0xfafB0x144B0x8b
0xfc2	0xfafB0x144B0x8b
0xfce	0xfcdB0x1c6B0x8b
0xfef	0xfcdB0x1c6B0x8b
0xff1	0xfcdB0x1c6B0x8b
0xff6	0xff5B0x1c6B0x8b
0xff7	0xff5B0x1c6B0x8b
0xffa	0xff5B0x1c6B0x8b
0xffd	0xff5B0x1c6B0x8b
0x1004	0x1001B0x1c6B0x8b
0x1008	0x1001B0x1c6B0x8b
0x100d	0x100cB0x1c6B0x8b
0x1010	0x100cB0x1c6B0x8b
0x1018	0x1017B0x1c6B0x8b
0x1019	0x1017B0x1c6B0x8b
0x101c	0x1017B0x1c6B0x8b
0x1021	0x1017B0x1c6B0x8b
0x1022	0x1017B0x1c6B0x8b
0x1024	0x1017B0x1c6B0x8b
0x1026	0x1017B0x1c6B0x8b
0x102a	0x1017B0x1c6B0x8b
0x1133	0x1132B0x13bbB0x62a
0x1133	0x1132B0x13bbB0x755
0x1133	0x1132B0x13bbB0xa4e
0x1133	0x1132B0x1219B0x2edB0x8b
0x1137	0x1132B0x13bbB0x62a
0x1137	0x1132B0x13bbB0x755
0x1137	0x1132B0x13bbB0xa4e
0x1137	0x1132B0x1219B0x2edB0x8b
0x1264	0x1263B0x549
0x1264	0x1263B0x30fB0x8b
0x126e	0x126dB0x549
0x126e	0x126dB0x30fB0x8b
0x126f	0x126dB0x549
0x126f	0x126dB0x30fB0x8b
0x1273	0x126dB0x549
0x1273	0x126dB0x30fB0x8b
0x1278	0x1277B0x549
0x1278	0x1277B0x30fB0x8b
0x127d	0x1277B0x549
0x127d	0x1277B0x30fB0x8b
0x1284	0x1281B0x549
0x1284	0x1281B0x30fB0x8b
0x1289	0x1281B0x549
0x1289	0x1281B0x30fB0x8b
0x128c	0x1281B0x549
0x128c	0x1281B0x30fB0x8b
0x128d	0x1281B0x549
0x128d	0x1281B0x30fB0x8b
0x1294	0x1291B0x549
0x1294	0x1291B0x30fB0x8b
0x129e	0x129dB0x549
0x129e	0x129dB0x30fB0x8b
0x129f	0x129dB0x549
0x129f	0x129dB0x30fB0x8b
0x12a4	0x129dB0x549
0x12a4	0x129dB0x30fB0x8b
0x12b4	0x12b3B0x46eB0x8b
0x12d5	0x12b3B0x46eB0x8b
0x12d7	0x12b3B0x46eB0x8b
0x12dc	0x12dbB0x46eB0x8b
0x12dd	0x12dbB0x46eB0x8b
0x12e0	0x12dbB0x46eB0x8b
0x12e3	0x12dbB0x46eB0x8b
0x12ea	0x12e7B0x46eB0x8b
0x12ee	0x12e7B0x46eB0x8b
0x12f3	0x12f2B0x46eB0x8b
0x12f6	0x12f2B0x46eB0x8b
0x12fe	0x12fdB0x46eB0x8b
0x12ff	0x12fdB0x46eB0x8b
0x1302	0x12fdB0x46eB0x8b
0x1307	0x12fdB0x46eB0x8b
0x1308	0x12fdB0x46eB0x8b
0x130a	0x12fdB0x46eB0x8b
0x130c	0x12fdB0x46eB0x8b
0x1310	0x12fdB0x46eB0x8b
0x1330	0x132fB0x1340B0x1356B0x138dB0x503
0x1331	0x132fB0x1340B0x1356B0x138dB0x503
0x1335	0x132fB0x1340B0x1356B0x138dB0x503
0x13f1	0x13f0B0x1419B0x695
0x13f1	0x13f0B0x1419B0x78e
0x13f1	0x13f0B0x1419B0xa87
0x13f3	0x13f0B0x1419B0x695
0x13f3	0x13f0B0x1419B0x78e
0x13f3	0x13f0B0x1419B0xa87
0x13f6	0x13f0B0x1419B0x695
0x13f6	0x13f0B0x1419B0x78e
0x13f6	0x13f0B0x1419B0xa87
0x13fa	0x13f0B0x1419B0x695
0x13fa	0x13f0B0x1419B0x78e
0x13fa	0x13f0B0x1419B0xa87
0x145c	0x145bB0x14c6B0x1505B0x8f1
0x145c	0x145bB0x14d9B0x1505B0x8f1
0x145c	0x145bB0x14c6B0x1505B0xbea
0x145c	0x145bB0x14d9B0x1505B0xbea
0x1460	0x145bB0x14c6B0x1505B0x8f1
0x1460	0x145bB0x14d9B0x1505B0x8f1
0x1460	0x145bB0x14c6B0x1505B0xbea
0x1460	0x145bB0x14d9B0x1505B0xbea
0xd78	0xd6fB0x1035B0x13a8B0x62a
0xd78	0xd6fB0x1035B0x13a8B0x755
0xd78	0xd6fB0x1035B0x1044B0x7bb
0xd78	0xd6fB0x1035B0x13a8B0xa4e
0xd78	0xd6fB0x1035B0x1044B0xab4
0xd78	0xd6fB0xd80B0xd96B0xe57B0x4d
0xd78	0xd6fB0xd80B0xd96B0xf3aB0x75
0xd78	0xd6fB0xd80B0xd96B0xe57B0x9d
0xd78	0xd6fB0x142fB0x148dB0x1505B0x8f1
0xd78	0xd6fB0x142fB0x14b3B0x1505B0x8f1
0xd78	0xd6fB0x142fB0x1479B0x1505B0x8f1
0xd78	0xd6fB0x142fB0x148dB0x1505B0xbea
0xd78	0xd6fB0x142fB0x14b3B0x1505B0xbea
0xd78	0xd6fB0x142fB0x1479B0x1505B0xbea
0xd78	0xd6fB0x1035B0x1044B0x200B0x8b
0xd78	0xd6fB0x1035B0x111eB0x2d8B0x8b
0xd78	0xd6fB0x1035B0x1239B0x2edB0x8b
0xd78	0xd6fB0x1035B0x1044B0x3d7B0x8b
0x1338	0x132fB0x1340B0x1356B0x138dB0x503
0xdbb	0xdb3B0x105dB0x1086B0x8cd
0xdbb	0xdb3B0x105dB0x1086B0x991
0xdbb	0xdb3B0x105dB0x1086B0xbc6
0xdbb	0xdb3B0x105dB0x1086B0xc8a
0xdbb	0xdb3B0xdc9B0xe64B0x4d
0xdbb	0xdb3B0xdc9B0xe75B0x4d
0xdbb	0xdb3B0xdc9B0xe64B0x9d
0xdbb	0xdb3B0xdc9B0xe75B0x9d
0xdbb	0xdb3B0x105dB0x1086B0x2aaB0x8b
0xdbb	0xdb3B0x105dB0x1086B0x444B0x8b
0x113a	0x1132B0x13bbB0x62a
0x113a	0x1132B0x13bbB0x755
0x113a	0x1132B0x13bbB0xa4e
0x113a	0x1132B0x1219B0x2edB0x8b
0x1463	0x145bB0x14c6B0x1505B0x8f1
0x1463	0x145bB0x14d9B0x1505B0x8f1
0x1463	0x145bB0x14c6B0x1505B0xbea
0x1463	0x145bB0x14d9B0x1505B0xbea
0xef5	0xeedB0xf03B0xf2dB0x75
0xef5	0xeedB0x131bB0x1380B0x503
0xf98	0xf8dB0x144B0x8b
0x1000	0xff5B0x1c6B0x8b
0x12e6	0x12dbB0x46eB0x8b
0x1276	0x126dB0x549
0x1276	0x126dB0x30fB0x8b
0x1290	0x1281B0x549
0x1290	0x1281B0x30fB0x8b
0x13fd	0x13f0B0x1419B0x695
0x13fd	0x13f0B0x1419B0x78e
0x13fd	0x13f0B0x1419B0xa87
0xf8c	0xf65B0x144B0x8b
0xfa3	0xf99B0x144B0x8b
0xfae	0xfa4B0x144B0x8b
0xfc5	0xfafB0x144B0x8b
0xff4	0xfcdB0x1c6B0x8b
0x100b	0x1001B0x1c6B0x8b
0x1016	0x100cB0x1c6B0x8b
0x102d	0x1017B0x1c6B0x8b
0x126c	0x1263B0x549
0x126c	0x1263B0x30fB0x8b
0x1280	0x1277B0x549
0x1280	0x1277B0x30fB0x8b
0x129c	0x1291B0x549
0x129c	0x1291B0x30fB0x8b
0x12a7	0x129dB0x549
0x12a7	0x129dB0x30fB0x8b
0x12da	0x12b3B0x46eB0x8b
0x12f1	0x12e7B0x46eB0x8b
0x12fc	0x12f2B0x46eB0x8b
0x1313	0x12fdB0x46eB0x8b
0xdc2	0xdbcB0x105dB0x1086B0x8cd
0xdc2	0xdbcB0x105dB0x1086B0x991
0xdc2	0xdbcB0x105dB0x1086B0xbc6
0xdc2	0xdbcB0x105dB0x1086B0xc8a
0xdc2	0xdbcB0xdc9B0xe64B0x4d
0xdc2	0xdbcB0xdc9B0xe75B0x4d
0xdc2	0xdbcB0xdc9B0xe64B0x9d
0xdc2	0xdbcB0xdc9B0xe75B0x9d
0xdc2	0xdbcB0x105dB0x1086B0x2aaB0x8b
0xdc2	0xdbcB0x105dB0x1086B0x444B0x8b
0xefc	0xef6B0xf03B0xf2dB0x75
0xefc	0xef6B0x131bB0x1380B0x503
0xd7f	0xd79B0x1035B0x13a8B0x62a
0xd7f	0xd79B0x1035B0x13a8B0x755
0xd7f	0xd79B0x1035B0x1044B0x7bb
0xd7f	0xd79B0x1035B0x13a8B0xa4e
0xd7f	0xd79B0x1035B0x1044B0xab4
0xd7f	0xd79B0xd80B0xd96B0xe57B0x4d
0xd7f	0xd79B0xd80B0xd96B0xf3aB0x75
0xd7f	0xd79B0xd80B0xd96B0xe57B0x9d
0xd7f	0xd79B0x142fB0x148dB0x1505B0x8f1
0xd7f	0xd79B0x142fB0x14b3B0x1505B0x8f1
0xd7f	0xd79B0x142fB0x1479B0x1505B0x8f1
0xd7f	0xd79B0x142fB0x148dB0x1505B0xbea
0xd7f	0xd79B0x142fB0x14b3B0x1505B0xbea
0xd7f	0xd79B0x142fB0x1479B0x1505B0xbea
0xd7f	0xd79B0x1035B0x1044B0x200B0x8b
0xd7f	0xd79B0x1035B0x111eB0x2d8B0x8b
0xd7f	0xd79B0x1035B0x1239B0x2edB0x8b
0xd7f	0xd79B0x1035B0x1044B0x3d7B0x8b
0xdc8	0xdc6B0x105dB0x1086B0x8cd
0xdc8	0xdc6B0x105dB0x1086B0x991
0xdc8	0xdc6B0x105dB0x1086B0xbc6
0xdc8	0xdc6B0x105dB0x1086B0xc8a
0xdc8	0xdc6B0xdc9B0xe64B0x4d
0xdc8	0xdc6B0xdc9B0xe75B0x4d
0xdc8	0xdc6B0xdc9B0xe64B0x9d
0xdc8	0xdc6B0xdc9B0xe75B0x9d
0xdc8	0xdc6B0x105dB0x1086B0x2aaB0x8b
0xdc8	0xdc6B0x105dB0x1086B0x444B0x8b
0xf02	0xf00B0xf03B0xf2dB0x75
0xf02	0xf00B0x131bB0x1380B0x503
0xfcc	0xfc6B0x144B0x8b
0x1034	0x102eB0x1c6B0x8b
0x1140	0x113bB0x13bbB0x62a
0x1140	0x113bB0x13bbB0x755
0x1140	0x113bB0x13bbB0xa4e
0x1140	0x113bB0x1219B0x2edB0x8b
0x12b2	0x12a8B0x549
0x12b2	0x12a8B0x30fB0x8b
0x131a	0x1314B0x46eB0x8b
0x133f	0x1339B0x1340B0x1356B0x138dB0x503
0x1403	0x13feB0x1419B0x695
0x1403	0x13feB0x1419B0x78e
0x1403	0x13feB0x1419B0xa87
0x1469	0x1464B0x14c6B0x1505B0x8f1
0x1469	0x1464B0x14d9B0x1505B0x8f1
0x1469	0x1464B0x14c6B0x1505B0xbea
0x1469	0x1464B0x14d9B0x1505B0xbea
0xdc5	0xdc3B0x105dB0x1086B0x8cd
0xdc5	0xdc3B0x105dB0x1086B0x991
0xdc5	0xdc3B0x105dB0x1086B0xbc6
0xdc5	0xdc3B0x105dB0x1086B0xc8a
0xdc5	0xdc3B0xdc9B0xe64B0x4d
0xdc5	0xdc3B0xdc9B0xe75B0x4d
0xdc5	0xdc3B0xdc9B0xe64B0x9d
0xdc5	0xdc3B0xdc9B0xe75B0x9d
0xdc5	0xdc3B0x105dB0x1086B0x2aaB0x8b
0xdc5	0xdc3B0x105dB0x1086B0x444B0x8b
0xeff	0xefdB0xf03B0xf2dB0x75
0xeff	0xefdB0x131bB0x1380B0x503
0xf8a	0xf65B0x144B0x8b
0xfbd	0xfafB0x144B0x8b
0xff2	0xfcdB0x1c6B0x8b
0x1025	0x1017B0x1c6B0x8b
0x113d	0x113bB0x13bbB0x62a
0x113d	0x113bB0x13bbB0x755
0x113d	0x113bB0x13bbB0xa4e
0x113d	0x113bB0x1219B0x2edB0x8b
0x12d8	0x12b3B0x46eB0x8b
0x130b	0x12fdB0x46eB0x8b
0x1466	0x1464B0x14c6B0x1505B0x8f1
0x1466	0x1464B0x14d9B0x1505B0x8f1
0x1466	0x1464B0x14c6B0x1505B0xbea
0x1466	0x1464B0x14d9B0x1505B0xbea
0xcb6	0xcb5B0x7b2
0xcb6	0xcb5B0xaab
0xcb8	0xcb5B0x7b2
0xcb8	0xcb5B0xaab
0xcba	0xcb5B0x7b2
0xcba	0xcb5B0xaab
0xcbc	0xcb5B0x7b2
0xcbc	0xcb5B0xaab
0xcbd	0xcb5B0x7b2
0xcbd	0xcb5B0xaab
0xcc1	0xcb5B0x7b2
0xcc1	0xcb5B0xaab
0xcc2	0xcb5B0x7b2
0xcc2	0xcb5B0xaab
0xcd7	0xcb5B0x7b2
0xcd7	0xcb5B0xaab
0xcda	0xcb5B0x7b2
0xcda	0xcb5B0xaab
0xcdc	0xcb5B0x7b2
0xcdc	0xcb5B0xaab
0xcdd	0xcb5B0x7b2
0xcdd	0xcb5B0xaab
0xcde	0xcb5B0x7b2
0xcde	0xcb5B0xaab
0xcf3	0xcb5B0x7b2
0xcf3	0xcb5B0xaab
0xcf6	0xcb5B0x7b2
0xcf6	0xcb5B0xaab
0xcf8	0xcb5B0x7b2
0xcf8	0xcb5B0xaab
0xcf9	0xcb5B0x7b2
0xcf9	0xcb5B0xaab
0xcfa	0xcb5B0x7b2
0xcfa	0xcb5B0xaab
0xcfe	0xcb5B0x7b2
0xcfe	0xcb5B0xaab
0xd01	0xcb5B0x7b2
0xd01	0xcb5B0xaab
0xd03	0xcb5B0x7b2
0xd03	0xcb5B0xaab
0xd04	0xcb5B0x7b2
0xd04	0xcb5B0xaab
0xd05	0xcb5B0x7b2
0xd05	0xcb5B0xaab
0xd1a	0xcb5B0x7b2
0xd1a	0xcb5B0xaab
0xd1d	0xcb5B0x7b2
0xd1d	0xcb5B0xaab
0xd1f	0xcb5B0x7b2
0xd1f	0xcb5B0xaab
0xd20	0xcb5B0x7b2
0xd20	0xcb5B0xaab
0xd23	0xcb5B0x7b2
0xd23	0xcb5B0xaab
0xd25	0xcb5B0x7b2
0xd25	0xcb5B0xaab
0xd26	0xcb5B0x7b2
0xd26	0xcb5B0xaab
0xd29	0xcb5B0x7b2
0xd29	0xcb5B0xaab
0xd2b	0xcb5B0x7b2
0xd2b	0xcb5B0xaab
0xd2c	0xcb5B0x7b2
0xd2c	0xcb5B0xaab
0xd2d	0xcb5B0x7b2
0xd2d	0xcb5B0xaab
0xd42	0xcb5B0x7b2
0xd42	0xcb5B0xaab
0xd51	0xd50B0xd6fB0x1035B0x13a8B0x62a
0xd51	0xd50B0xd6fB0x1035B0x13a8B0x755
0xd51	0xd50B0xd6fB0x1035B0x1044B0x7bb
0xd51	0xd50B0xd6fB0x1035B0x13a8B0xa4e
0xd51	0xd50B0xd6fB0x1035B0x1044B0xab4
0xd51	0xd50B0xd6fB0xd80B0xd96B0xe57B0x4d
0xd51	0xd50B0xd6fB0xd80B0xd96B0xf3aB0x75
0xd51	0xd50B0xd6fB0xd80B0xd96B0xe57B0x9d
0xd51	0xd50B0x146aB0x1505B0x8f1
0xd51	0xd50B0xd6fB0x142fB0x148dB0x1505B0x8f1
0xd51	0xd50B0xd6fB0x142fB0x14b3B0x1505B0x8f1
0xd51	0xd50B0xd6fB0x142fB0x1479B0x1505B0x8f1
0xd51	0xd50B0x146aB0x1505B0xbea
0xd51	0xd50B0xd6fB0x142fB0x148dB0x1505B0xbea
0xd51	0xd50B0xd6fB0x142fB0x14b3B0x1505B0xbea
0xd51	0xd50B0xd6fB0x142fB0x1479B0x1505B0xbea
0xd51	0xd50B0x132fB0x1340B0x1356B0x138dB0x503
0xd51	0xd50B0xd6fB0x1035B0x1044B0x200B0x8b
0xd51	0xd50B0xd6fB0x1035B0x111eB0x2d8B0x8b
0xd51	0xd50B0xd6fB0x1035B0x1239B0x2edB0x8b
0xd51	0xd50B0xd6fB0x1035B0x1044B0x3d7B0x8b
0xd52	0xd50B0xd6fB0x1035B0x13a8B0x62a
0xd52	0xd50B0xd6fB0x1035B0x13a8B0x755
0xd52	0xd50B0xd6fB0x1035B0x1044B0x7bb
0xd52	0xd50B0xd6fB0x1035B0x13a8B0xa4e
0xd52	0xd50B0xd6fB0x1035B0x1044B0xab4
0xd52	0xd50B0xd6fB0xd80B0xd96B0xe57B0x4d
0xd52	0xd50B0xd6fB0xd80B0xd96B0xf3aB0x75
0xd52	0xd50B0xd6fB0xd80B0xd96B0xe57B0x9d
0xd52	0xd50B0x146aB0x1505B0x8f1
0xd52	0xd50B0xd6fB0x142fB0x148dB0x1505B0x8f1
0xd52	0xd50B0xd6fB0x142fB0x14b3B0x1505B0x8f1
0xd52	0xd50B0xd6fB0x142fB0x1479B0x1505B0x8f1
0xd52	0xd50B0x146aB0x1505B0xbea
0xd52	0xd50B0xd6fB0x142fB0x148dB0x1505B0xbea
0xd52	0xd50B0xd6fB0x142fB0x14b3B0x1505B0xbea
0xd52	0xd50B0xd6fB0x142fB0x1479B0x1505B0xbea
0xd52	0xd50B0x132fB0x1340B0x1356B0x138dB0x503
0xd52	0xd50B0xd6fB0x1035B0x1044B0x200B0x8b
0xd52	0xd50B0xd6fB0x1035B0x111eB0x2d8B0x8b
0xd52	0xd50B0xd6fB0x1035B0x1239B0x2edB0x8b
0xd52	0xd50B0xd6fB0x1035B0x1044B0x3d7B0x8b
0xd68	0xd50B0xd6fB0x1035B0x13a8B0x62a
0xd68	0xd50B0xd6fB0x1035B0x13a8B0x755
0xd68	0xd50B0xd6fB0x1035B0x1044B0x7bb
0xd68	0xd50B0xd6fB0x1035B0x13a8B0xa4e
0xd68	0xd50B0xd6fB0x1035B0x1044B0xab4
0xd68	0xd50B0xd6fB0xd80B0xd96B0xe57B0x4d
0xd68	0xd50B0xd6fB0xd80B0xd96B0xf3aB0x75
0xd68	0xd50B0xd6fB0xd80B0xd96B0xe57B0x9d
0xd68	0xd50B0x146aB0x1505B0x8f1
0xd68	0xd50B0xd6fB0x142fB0x148dB0x1505B0x8f1
0xd68	0xd50B0xd6fB0x142fB0x14b3B0x1505B0x8f1
0xd68	0xd50B0xd6fB0x142fB0x1479B0x1505B0x8f1
0xd68	0xd50B0x146aB0x1505B0xbea
0xd68	0xd50B0xd6fB0x142fB0x148dB0x1505B0xbea
0xd68	0xd50B0xd6fB0x142fB0x14b3B0x1505B0xbea
0xd68	0xd50B0xd6fB0x142fB0x1479B0x1505B0xbea
0xd68	0xd50B0x132fB0x1340B0x1356B0x138dB0x503
0xd68	0xd50B0xd6fB0x1035B0x1044B0x200B0x8b
0xd68	0xd50B0xd6fB0x1035B0x111eB0x2d8B0x8b
0xd68	0xd50B0xd6fB0x1035B0x1239B0x2edB0x8b
0xd68	0xd50B0xd6fB0x1035B0x1044B0x3d7B0x8b
0xdab	0xdaaB0x10c9
0xdab	0xdaaB0x10d3
0xdab	0xdaaB0xdb3B0x105dB0x1086B0x8cd
0xdab	0xdaaB0xdb3B0x105dB0x1086B0x991
0xdab	0xdaaB0xdb3B0x105dB0x1086B0xbc6
0xdab	0xdaaB0xdb3B0x105dB0x1086B0xc8a
0xdab	0xdaaB0x1132B0x13bbB0x62a
0xdab	0xdaaB0x1132B0x13bbB0x755
0xdab	0xdaaB0x1132B0x13bbB0xa4e
0xdab	0xdaaB0xdb3B0xdc9B0xe64B0x4d
0xdab	0xdaaB0xdb3B0xdc9B0xe75B0x4d
0xdab	0xdaaB0xdb3B0xdc9B0xe64B0x9d
0xdab	0xdaaB0xdb3B0xdc9B0xe75B0x9d
0xdab	0xdaaB0x145bB0x14c6B0x1505B0x8f1
0xdab	0xdaaB0x145bB0x14d9B0x1505B0x8f1
0xdab	0xdaaB0x145bB0x14c6B0x1505B0xbea
0xdab	0xdaaB0x145bB0x14d9B0x1505B0xbea
0xdab	0xdaaB0xdb3B0x105dB0x1086B0x2aaB0x8b
0xdab	0xdaaB0xdb3B0x105dB0x1086B0x444B0x8b
0xdab	0xdaaB0x1132B0x1219B0x2edB0x8b
0xdca	0xdc9B0xe64B0x4d
0xdca	0xdc9B0xe75B0x4d
0xdca	0xdc9B0xe64B0x9d
0xdca	0xdc9B0xe75B0x9d
0xdcc	0xdc9B0xe64B0x4d
0xdcc	0xdc9B0xe75B0x4d
0xdcc	0xdc9B0xe64B0x9d
0xdcc	0xdc9B0xe75B0x9d
0xdcf	0xdc9B0xe64B0x4d
0xdcf	0xdc9B0xe75B0x4d
0xdcf	0xdc9B0xe64B0x9d
0xdcf	0xdc9B0xe75B0x9d
0xdd3	0xdc9B0xe64B0x4d
0xdd3	0xdc9B0xe75B0x4d
0xdd3	0xdc9B0xe64B0x9d
0xdd3	0xdc9B0xe75B0x9d
0xdde	0xdddB0xea7B0x4d
0xdde	0xdddB0xea7B0x9d
0xde2	0xde1B0xea7B0x4d
0xde2	0xde1B0xea7B0x9d
0xde6	0xde5B0xea7B0x4d
0xde6	0xde5B0xea7B0x9d
0xdea	0xde9B0xea7B0x4d
0xdea	0xde9B0xea7B0x9d
0xded	0xde9B0xea7B0x4d
0xded	0xde9B0xea7B0x9d
0xdf0	0xde9B0xea7B0x4d
0xdf0	0xde9B0xea7B0x9d
0xdf1	0xde9B0xea7B0x4d
0xdf1	0xde9B0xea7B0x9d
0xdf2	0xde9B0xea7B0x4d
0xdf2	0xde9B0xea7B0x9d
0xdf6	0xdf6B0xea7B0x4d
0xdf6	0xdf6B0xea7B0x9d
0xdf9	0xdf6B0xea7B0x4d
0xdf9	0xdf6B0xea7B0x9d
0xe00	0xdfeB0xea7B0x4d
0xe00	0xdfeB0xea7B0x9d
0xe03	0xdfeB0xea7B0x4d
0xe03	0xdfeB0xea7B0x9d
0xe0d	0xdfeB0xea7B0x4d
0xe0d	0xdfeB0xea7B0x9d
0xe0e	0xdfeB0xea7B0x4d
0xe0e	0xdfeB0xea7B0x9d
0xe0f	0xdfeB0xea7B0x4d
0xe0f	0xdfeB0xea7B0x9d
0xe13	0xe13B0xea7B0x4d
0xe13	0xe13B0xea7B0x9d
0xe16	0xe13B0xea7B0x4d
0xe16	0xe13B0xea7B0x9d
0xe1c	0xe1bB0xea7B0x4d
0xe1c	0xe1bB0xea7B0x9d
0xe1f	0xe1bB0xea7B0x4d
0xe1f	0xe1bB0xea7B0x9d
0xe23	0xe1bB0xea7B0x4d
0xe23	0xe1bB0xea7B0x9d
0xe26	0xe1bB0xea7B0x4d
0xe26	0xe1bB0xea7B0x9d
0xe28	0xe1bB0xea7B0x4d
0xe28	0xe1bB0xea7B0x9d
0xe29	0xe1bB0xea7B0x4d
0xe29	0xe1bB0xea7B0x9d
0xe2a	0xe1bB0xea7B0x4d
0xe2a	0xe1bB0xea7B0x9d
0xe2b	0xe1bB0xea7B0x4d
0xe2b	0xe1bB0xea7B0x9d
0xe2f	0xe2fB0xea7B0x4d
0xe2f	0xe2fB0xea7B0x9d
0xe32	0xe2fB0xea7B0x4d
0xe32	0xe2fB0xea7B0x9d
0xec3	0xec2B0xeedB0xf03B0xf2dB0x75
0xec3	0xec2B0xeedB0x131bB0x1380B0x503
0xec3	0xec2B0x10fcB0x2d8B0x8b
0xec4	0xec2B0xeedB0xf03B0xf2dB0x75
0xec4	0xec2B0xeedB0x131bB0x1380B0x503
0xec4	0xec2B0x10fcB0x2d8B0x8b
0xee6	0xec2B0xeedB0xf03B0xf2dB0x75
0xee6	0xec2B0xeedB0x131bB0x1380B0x503
0xee6	0xec2B0x10fcB0x2d8B0x8b
0xf04	0xf03B0xf2dB0x75
0xf06	0xf03B0xf2dB0x75
0xf09	0xf03B0xf2dB0x75
0xf0d	0xf03B0xf2dB0x75
0xf56	0xf55B0xf8dB0x144B0x8b
0xf56	0xf55B0xff5B0x1c6B0x8b
0xf56	0xf55B0x12dbB0x46eB0x8b
0xf5a	0xf55B0xf8dB0x144B0x8b
0xf5a	0xf55B0xff5B0x1c6B0x8b
0xf5a	0xf55B0x12dbB0x46eB0x8b
0xf5d	0xf55B0xf8dB0x144B0x8b
0xf5d	0xf55B0xff5B0x1c6B0x8b
0xf5d	0xf55B0x12dbB0x46eB0x8b
0x105e	0x105dB0x1086B0x8cd
0x105e	0x105dB0x1086B0x991
0x105e	0x105dB0x1086B0xbc6
0x105e	0x105dB0x1086B0xc8a
0x105e	0x105dB0x1086B0x2aaB0x8b
0x105e	0x105dB0x1086B0x444B0x8b
0x1060	0x105dB0x1086B0x8cd
0x1060	0x105dB0x1086B0x991
0x1060	0x105dB0x1086B0xbc6
0x1060	0x105dB0x1086B0xc8a
0x1060	0x105dB0x1086B0x2aaB0x8b
0x1060	0x105dB0x1086B0x444B0x8b
0x1063	0x105dB0x1086B0x8cd
0x1063	0x105dB0x1086B0x991
0x1063	0x105dB0x1086B0xbc6
0x1063	0x105dB0x1086B0xc8a
0x1063	0x105dB0x1086B0x2aaB0x8b
0x1063	0x105dB0x1086B0x444B0x8b
0x1067	0x105dB0x1086B0x8cd
0x1067	0x105dB0x1086B0x991
0x1067	0x105dB0x1086B0xbc6
0x1067	0x105dB0x1086B0xc8a
0x1067	0x105dB0x1086B0x2aaB0x8b
0x1067	0x105dB0x1086B0x444B0x8b
0x1142	0x1141B0x1180B0x2edB0x8b
0x114b	0x114aB0x1180B0x2edB0x8b
0x114c	0x114aB0x1180B0x2edB0x8b
0x114f	0x114aB0x1180B0x2edB0x8b
0x1157	0x1156B0x1180B0x2edB0x8b
0x1160	0x115fB0x1180B0x2edB0x8b
0x1161	0x115fB0x1180B0x2edB0x8b
0x1164	0x115fB0x1180B0x2edB0x8b
0x1167	0x115fB0x1180B0x2edB0x8b
0x116b	0x115fB0x1180B0x2edB0x8b
0x1170	0x116fB0x1180B0x2edB0x8b
0x1175	0x1174B0x1180B0x2edB0x8b
0x1190	0x118fB0x126dB0x549
0x1190	0x118fB0x126dB0x30fB0x8b
0x1190	0x118fB0x11e1B0x2edB0x8b
0x1192	0x118fB0x126dB0x549
0x1192	0x118fB0x126dB0x30fB0x8b
0x1192	0x118fB0x11e1B0x2edB0x8b
0x11aa	0x11a9B0x1281B0x549
0x11aa	0x11a9B0x1281B0x30fB0x8b
0x11aa	0x11a9B0x11f5B0x2edB0x8b
0x11ae	0x11abB0x1281B0x549
0x11ae	0x11abB0x1281B0x30fB0x8b
0x11ae	0x11abB0x11f5B0x2edB0x8b
0x11af	0x11abB0x1281B0x549
0x11af	0x11abB0x1281B0x30fB0x8b
0x11af	0x11abB0x11f5B0x2edB0x8b
0x11b0	0x11abB0x1281B0x549
0x11b0	0x11abB0x1281B0x30fB0x8b
0x11b0	0x11abB0x11f5B0x2edB0x8b
0x11b6	0x11b4B0x1281B0x549
0x11b6	0x11b4B0x1281B0x30fB0x8b
0x11b6	0x11b4B0x11f5B0x2edB0x8b
0x11b7	0x11b4B0x1281B0x549
0x11b7	0x11b4B0x1281B0x30fB0x8b
0x11b7	0x11b4B0x11f5B0x2edB0x8b
0x11ba	0x11b4B0x1281B0x549
0x11ba	0x11b4B0x1281B0x30fB0x8b
0x11ba	0x11b4B0x11f5B0x2edB0x8b
0x11bc	0x11b4B0x1281B0x549
0x11bc	0x11b4B0x1281B0x30fB0x8b
0x11bc	0x11b4B0x11f5B0x2edB0x8b
0x11bf	0x11b4B0x1281B0x549
0x11bf	0x11b4B0x1281B0x30fB0x8b
0x11bf	0x11b4B0x11f5B0x2edB0x8b
0x11c2	0x11b4B0x1281B0x549
0x11c2	0x11b4B0x1281B0x30fB0x8b
0x11c2	0x11b4B0x11f5B0x2edB0x8b
0x11c7	0x11c6B0x1281B0x549
0x11c7	0x11c6B0x1281B0x30fB0x8b
0x11c7	0x11c6B0x11f5B0x2edB0x8b
0x11ca	0x11c6B0x1281B0x549
0x11ca	0x11c6B0x1281B0x30fB0x8b
0x11ca	0x11c6B0x11f5B0x2edB0x8b
0x131c	0x131bB0x1380B0x503
0x131e	0x131bB0x1380B0x503
0x1321	0x131bB0x1380B0x503
0x1325	0x131bB0x1380B0x503
0x13d0	0x13cfB0x13f0B0x1419B0x695
0x13d0	0x13cfB0x13f0B0x1419B0x78e
0x13d0	0x13cfB0x13f0B0x1419B0xa87
0x13d2	0x13cfB0x13f0B0x1419B0x695
0x13d2	0x13cfB0x13f0B0x1419B0x78e
0x13d2	0x13cfB0x13f0B0x1419B0xa87
0x13d3	0x13cfB0x13f0B0x1419B0x695
0x13d3	0x13cfB0x13f0B0x1419B0x78e
0x13d3	0x13cfB0x13f0B0x1419B0xa87
0x13db	0x13daB0x13f0B0x1419B0x695
0x13db	0x13daB0x13f0B0x1419B0x78e
0x13db	0x13daB0x13f0B0x1419B0xa87
0x13df	0x13daB0x13f0B0x1419B0x695
0x13df	0x13daB0x13f0B0x1419B0x78e
0x13df	0x13daB0x13f0B0x1419B0xa87
0x13e5	0x13e3B0x13f0B0x1419B0x695
0x13e5	0x13e3B0x13f0B0x1419B0x78e
0x13e5	0x13e3B0x13f0B0x1419B0xa87
0x13e6	0x13e3B0x13f0B0x1419B0x695
0x13e6	0x13e3B0x13f0B0x1419B0x78e
0x13e6	0x13e3B0x13f0B0x1419B0xa87
0x13ea	0x13eaB0x13f0B0x1419B0x695
0x13ea	0x13eaB0x13f0B0x1419B0x78e
0x13ea	0x13eaB0x13f0B0x1419B0xa87
0xdd6	0xdc9B0xe64B0x4d
0xdd6	0xdc9B0xe75B0x4d
0xdd6	0xdc9B0xe64B0x9d
0xdd6	0xdc9B0xe75B0x9d
0xf10	0xf03B0xf2dB0x75
0x106a	0x105dB0x1086B0x8cd
0x106a	0x105dB0x1086B0x991
0x106a	0x105dB0x1086B0xbc6
0x106a	0x105dB0x1086B0xc8a
0x106a	0x105dB0x1086B0x2aaB0x8b
0x106a	0x105dB0x1086B0x444B0x8b
0x1328	0x131bB0x1380B0x503
0xdfc	0xdf6B0xea7B0x4d
0xdfc	0xdf6B0xea7B0x9d
0xe19	0xe13B0xea7B0x4d
0xe19	0xe13B0xea7B0x9d
0xe35	0xe2fB0xea7B0x4d
0xe35	0xe2fB0xea7B0x9d
0x1149	0x1141B0x1180B0x2edB0x8b
0x1155	0x114aB0x1180B0x2edB0x8b
0x115e	0x1156B0x1180B0x2edB0x8b
0x116e	0x115fB0x1180B0x2edB0x8b
0x1173	0x116fB0x1180B0x2edB0x8b
0x1178	0x1174B0x1180B0x2edB0x8b
0x11c5	0x11b4B0x1281B0x549
0x11c5	0x11b4B0x1281B0x30fB0x8b
0x11c5	0x11b4B0x11f5B0x2edB0x8b
0x13d9	0x13cfB0x13f0B0x1419B0x695
0x13d9	0x13cfB0x13f0B0x1419B0x78e
0x13d9	0x13cfB0x13f0B0x1419B0xa87
0x13e2	0x13daB0x13f0B0x1419B0x695
0x13e2	0x13daB0x13f0B0x1419B0x78e
0x13e2	0x13daB0x13f0B0x1419B0xa87
0xdf5	0xde9B0xea7B0x4d
0xdf5	0xde9B0xea7B0x9d
0xe12	0xdfeB0xea7B0x4d
0xe12	0xdfeB0xea7B0x9d
0xe2e	0xe1bB0xea7B0x4d
0xe2e	0xe1bB0xea7B0x9d
0x11b3	0x11abB0x1281B0x549
0x11b3	0x11abB0x1281B0x30fB0x8b
0x11b3	0x11abB0x11f5B0x2edB0x8b
0x13e9	0x13e3B0x13f0B0x1419B0x695
0x13e9	0x13e3B0x13f0B0x1419B0x78e
0x13e9	0x13e3B0x13f0B0x1419B0xa87
0xd47	0xcb5B0x7b2
0xd47	0xcb5B0xaab
0xd6e	0xd50B0xd6fB0x1035B0x13a8B0x62a
0xd6e	0xd50B0xd6fB0x1035B0x13a8B0x755
0xd6e	0xd50B0xd6fB0x1035B0x1044B0x7bb
0xd6e	0xd50B0xd6fB0x1035B0x13a8B0xa4e
0xd6e	0xd50B0xd6fB0x1035B0x1044B0xab4
0xd6e	0xd50B0xd6fB0xd80B0xd96B0xe57B0x4d
0xd6e	0xd50B0xd6fB0xd80B0xd96B0xf3aB0x75
0xd6e	0xd50B0xd6fB0xd80B0xd96B0xe57B0x9d
0xd6e	0xd50B0x146aB0x1505B0x8f1
0xd6e	0xd50B0xd6fB0x142fB0x148dB0x1505B0x8f1
0xd6e	0xd50B0xd6fB0x142fB0x14b3B0x1505B0x8f1
0xd6e	0xd50B0xd6fB0x142fB0x1479B0x1505B0x8f1
0xd6e	0xd50B0x146aB0x1505B0xbea
0xd6e	0xd50B0xd6fB0x142fB0x148dB0x1505B0xbea
0xd6e	0xd50B0xd6fB0x142fB0x14b3B0x1505B0xbea
0xd6e	0xd50B0xd6fB0x142fB0x1479B0x1505B0xbea
0xd6e	0xd50B0x132fB0x1340B0x1356B0x138dB0x503
0xd6e	0xd50B0xd6fB0x1035B0x1044B0x200B0x8b
0xd6e	0xd50B0xd6fB0x1035B0x111eB0x2d8B0x8b
0xd6e	0xd50B0xd6fB0x1035B0x1239B0x2edB0x8b
0xd6e	0xd50B0xd6fB0x1035B0x1044B0x3d7B0x8b
0xdb2	0xdaaB0x10c9
0xdb2	0xdaaB0x10d3
0xdb2	0xdaaB0xdb3B0x105dB0x1086B0x8cd
0xdb2	0xdaaB0xdb3B0x105dB0x1086B0x991
0xdb2	0xdaaB0xdb3B0x105dB0x1086B0xbc6
0xdb2	0xdaaB0xdb3B0x105dB0x1086B0xc8a
0xdb2	0xdaaB0x1132B0x13bbB0x62a
0xdb2	0xdaaB0x1132B0x13bbB0x755
0xdb2	0xdaaB0x1132B0x13bbB0xa4e
0xdb2	0xdaaB0xdb3B0xdc9B0xe64B0x4d
0xdb2	0xdaaB0xdb3B0xdc9B0xe75B0x4d
0xdb2	0xdaaB0xdb3B0xdc9B0xe64B0x9d
0xdb2	0xdaaB0xdb3B0xdc9B0xe75B0x9d
0xdb2	0xdaaB0x145bB0x14c6B0x1505B0x8f1
0xdb2	0xdaaB0x145bB0x14d9B0x1505B0x8f1
0xdb2	0xdaaB0x145bB0x14c6B0x1505B0xbea
0xdb2	0xdaaB0x145bB0x14d9B0x1505B0xbea
0xdb2	0xdaaB0xdb3B0x105dB0x1086B0x2aaB0x8b
0xdb2	0xdaaB0xdb3B0x105dB0x1086B0x444B0x8b
0xdb2	0xdaaB0x1132B0x1219B0x2edB0x8b
0xddc	0xdd7B0xe64B0x4d
0xddc	0xdd7B0xe75B0x4d
0xddc	0xdd7B0xe64B0x9d
0xddc	0xdd7B0xe75B0x9d
0xe3d	0xe37B0xea7B0x4d
0xe3d	0xe37B0xea7B0x9d
0xeec	0xec2B0xeedB0xf03B0xf2dB0x75
0xeec	0xec2B0xeedB0x131bB0x1380B0x503
0xeec	0xec2B0x10fcB0x2d8B0x8b
0xf16	0xf11B0xf2dB0x75
0xf64	0xf55B0xf8dB0x144B0x8b
0xf64	0xf55B0xff5B0x1c6B0x8b
0xf64	0xf55B0x12dbB0x46eB0x8b
0x1070	0x106bB0x1086B0x8cd
0x1070	0x106bB0x1086B0x991
0x1070	0x106bB0x1086B0xbc6
0x1070	0x106bB0x1086B0xc8a
0x1070	0x106bB0x1086B0x2aaB0x8b
0x1070	0x106bB0x1086B0x444B0x8b
0x117f	0x1179B0x1180B0x2edB0x8b
0x1198	0x118fB0x126dB0x549
0x1198	0x118fB0x126dB0x30fB0x8b
0x1198	0x118fB0x11e1B0x2edB0x8b
0x11d0	0x11c6B0x1281B0x549
0x11d0	0x11c6B0x1281B0x30fB0x8b
0x11d0	0x11c6B0x11f5B0x2edB0x8b
0x132e	0x1329B0x1380B0x503
0x13ef	0x13edB0x13f0B0x1419B0x695
0x13ef	0x13edB0x13f0B0x1419B0x78e
0x13ef	0x13edB0x13f0B0x1419B0xa87
0xde0	0xdddB0xea7B0x4d
0xde0	0xdddB0xea7B0x9d
0xde4	0xde1B0xea7B0x4d
0xde4	0xde1B0xea7B0x9d
0xde8	0xde5B0xea7B0x4d
0xde8	0xde5B0xea7B0x9d
0x13ec	0x13eaB0x13f0B0x1419B0x695
0x13ec	0x13eaB0x13f0B0x1419B0x78e
0x13ec	0x13eaB0x13f0B0x1419B0xa87
0xcbf	0xcb5B0x7b2
0xcbf	0xcb5B0xaab
0xcd9	0xcb5B0x7b2
0xcd9	0xcb5B0xaab
0xcf5	0xcb5B0x7b2
0xcf5	0xcb5B0xaab
0xd00	0xcb5B0x7b2
0xd00	0xcb5B0xaab
0xd1c	0xcb5B0x7b2
0xd1c	0xcb5B0xaab
0xd22	0xcb5B0x7b2
0xd22	0xcb5B0xaab
0xd28	0xcb5B0x7b2
0xd28	0xcb5B0xaab
0xd44	0xcb5B0x7b2
0xd44	0xcb5B0xaab
0xf59	0xf55B0xf8dB0x144B0x8b
0xf59	0xf55B0xff5B0x1c6B0x8b
0xf59	0xf55B0x12dbB0x46eB0x8b
0x11bb	0x11b4B0x1281B0x549
0x11bb	0x11b4B0x1281B0x30fB0x8b
0x11bb	0x11b4B0x11f5B0x2edB0x8b
0x11cb	0x11c6B0x1281B0x549
0x11cb	0x11c6B0x1281B0x30fB0x8b
0x11cb	0x11c6B0x11f5B0x2edB0x8b
0x11b4	0x11b4B0x1281B0x549
0x11b4	0x11b4B0x1281B0x30fB0x8b
0x11b4	0x11b4B0x11f5B0x2edB0x8b
0x12	0xd
0x19	0xd
0x1c	0xd
0x27	0x1d
0x2f	0x28
0x32	0x28
0x4b	0x4a
0x4e	0x4d
0x54	0x4d
0x57	0x4d
0x59	0x4d
0x5d	0x4d
0x5e	0x4d
0x6c	0x6a
0x73	0x72
0x76	0x75
0x7c	0x75
0x81	0x75
0x85	0x75
0x86	0x75
0x94	0x92
0x9b	0x9a
0x9e	0x9d
0xa4	0x9d
0xa7	0x9d
0xa9	0x9d
0xad	0x9d
0xae	0x9d
0xbe	0xbaB0x63
0xbf	0xbaB0x63
0xc1	0xbaB0x63
0xc2	0xbaB0x63
0xc3	0xbaB0x63
0xc4	0xbaB0x63
0xca	0xbaB0x63
0xcb	0xbaB0x63
0xd4	0xbaB0x63
0xd5	0xbaB0x63
0xda	0xbaB0x63
0xdb	0xbaB0x63
0xdc	0xbaB0x63
0xdd	0xbaB0x63
0xde	0xbaB0x63
0xdf	0xbaB0x63
0xe5	0xbaB0x63
0xe6	0xbaB0x63
0xe7	0xbaB0x63
0xe8	0xbaB0x63
0xe9	0xbaB0x63
0xec	0xbaB0x63
0xed	0xbaB0x63
0xf5	0xbaB0x63
0xf8	0xbaB0x63
0xf9	0xbaB0x63
0xfa	0xbaB0x63
0xfb	0xbaB0x63
0xfd	0xbaB0x63
0xfe	0xbaB0x63
0x101	0xbaB0x63
0x102	0xbaB0x63
0x103	0xbaB0x63
0x10a	0x109B0x63
0x10b	0x109B0x63
0x10c	0x109B0x63
0x10d	0x109B0x63
0x10e	0x109B0x63
0x168	0x144B0x8b
0x170	0x144B0x8b
0x179	0x175B0x8b
0x17a	0x175B0x8b
0x17c	0x175B0x8b
0x1ea	0x1c6B0x8b
0x1f2	0x1c6B0x8b
0x1fb	0x1f7B0x8b
0x1fc	0x1f7B0x8b
0x1fe	0x1f7B0x8b
0x277	0x200B0x8b
0x281	0x200B0x8b
0x289	0x200B0x8b
0x28a	0x200B0x8b
0x295	0x28fB0x8b
0x296	0x28fB0x8b
0x298	0x28fB0x8b
0x299	0x28fB0x8b
0x29d	0x28fB0x8b
0x2a5	0x2a3B0x8b
0x2ab	0x2aaB0x8b
0x2ac	0x2aaB0x8b
0x2ad	0x2aaB0x8b
0x2ae	0x2aaB0x8b
0x2b8	0x2aaB0x8b
0x2bb	0x2aaB0x8b
0x2bd	0x2aaB0x8b
0x2c1	0x2aaB0x8b
0x2c2	0x2aaB0x8b
0x2c4	0x2aaB0x8b
0x2c8	0x2aaB0x8b
0x2c9	0x2aaB0x8b
0x2d2	0x2ceB0x8b
0x2d3	0x2ceB0x8b
0x2db	0x2d8B0x8b
0x2dc	0x2d8B0x8b
0x2e6	0x2d8B0x8b
0x2e7	0x2d8B0x8b
0x2e8	0x2d8B0x8b
0x2f3	0x2edB0x8b
0x2f4	0x2edB0x8b
0x2f7	0x2edB0x8b
0x2f9	0x2edB0x8b
0x306	0x2edB0x8b
0x307	0x2edB0x8b
0x308	0x2edB0x8b
0x309	0x2edB0x8b
0x30a	0x2edB0x8b
0x315	0x30fB0x8b
0x316	0x30fB0x8b
0x319	0x30fB0x8b
0x31b	0x30fB0x8b
0x361	0x30fB0x8b
0x363	0x30fB0x8b
0x382	0x30fB0x8b
0x383	0x30fB0x8b
0x384	0x30fB0x8b
0x387	0x30fB0x8b
0x389	0x30fB0x8b
0x38a	0x30fB0x8b
0x38b	0x30fB0x8b
0x38c	0x30fB0x8b
0x393	0x30fB0x8b
0x394	0x30fB0x8b
0x39e	0x399B0x8b
0x39f	0x399B0x8b
0x3a1	0x399B0x8b
0x3a3	0x399B0x8b
0x3a6	0x399B0x8b
0x3a7	0x399B0x8b
0x3a8	0x399B0x8b
0x3aa	0x399B0x8b
0x3ac	0x399B0x8b
0x3b5	0x3b2B0x8b
0x3b6	0x3b2B0x8b
0x3bf	0x3b2B0x8b
0x3c5	0x3b2B0x8b
0x3cb	0x3b2B0x8b
0x3d5	0x3d2B0x8b
0x3d6	0x3d2B0x8b
0x3d8	0x3d7B0x8b
0x3d9	0x3d7B0x8b
0x3da	0x3d7B0x8b
0x3db	0x3d7B0x8b
0x411	0x3d7B0x8b
0x41b	0x3d7B0x8b
0x423	0x3d7B0x8b
0x424	0x3d7B0x8b
0x42f	0x429B0x8b
0x430	0x429B0x8b
0x432	0x429B0x8b
0x433	0x429B0x8b
0x437	0x429B0x8b
0x43f	0x43dB0x8b
0x445	0x444B0x8b
0x446	0x444B0x8b
0x447	0x444B0x8b
0x448	0x444B0x8b
0x452	0x444B0x8b
0x455	0x444B0x8b
0x457	0x444B0x8b
0x45b	0x444B0x8b
0x45c	0x444B0x8b
0x45e	0x444B0x8b
0x462	0x444B0x8b
0x463	0x444B0x8b
0x492	0x46eB0x8b
0x49a	0x46eB0x8b
0x4a3	0x49fB0x8b
0x4a4	0x49fB0x8b
0x4a6	0x49fB0x8b
0x4a9	0x4a8B0x8b
0x4aa	0x4a8B0x8b
0x4ab	0x4a8B0x8b
0x4b1	0x4adB0xb3
0x4b2	0x4adB0xb3
0x4b3	0x4adB0xb3
0x4b4	0x4adB0xb3
0x4b5	0x4adB0xb3
0x4b6	0x4adB0xb3
0x4b7	0x4adB0xb3
0x4bd	0x4adB0xb3
0x4be	0x4adB0xb3
0x4c7	0x4adB0xb3
0x4c8	0x4adB0xb3
0x4cd	0x4adB0xb3
0x4ce	0x4adB0xb3
0x4cf	0x4adB0xb3
0x4d0	0x4adB0xb3
0x4d1	0x4adB0xb3
0x4d2	0x4adB0xb3
0x4d3	0x4adB0xb3
0x4d8	0x4adB0xb3
0x4d9	0x4adB0xb3
0x4da	0x4adB0xb3
0x4db	0x4adB0xb3
0x4dc	0x4adB0xb3
0x4df	0x4adB0xb3
0x4e0	0x4adB0xb3
0x4e8	0x4adB0xb3
0x4eb	0x4adB0xb3
0x4ec	0x4adB0xb3
0x4ed	0x4adB0xb3
0x4ee	0x4adB0xb3
0x4f0	0x4adB0xb3
0x4f1	0x4adB0xb3
0x4f2	0x4adB0xb3
0x4f3	0x4adB0xb3
0x4f4	0x4adB0xb3
0x4f5	0x4adB0xb3
0x4f6	0x4adB0xb3
0x4f7	0x4adB0xb3
0x4fd	0x4fcB0xb3
0x4fe	0x4fcB0xb3
0x4ff	0x4fcB0xb3
0x500	0x4fcB0xb3
0x501	0x4fcB0xb3
0x505	0x503
0x506	0x503
0x507	0x503
0x50b	0x503
0x50d	0x503
0x50f	0x503
0x513	0x503
0x514	0x503
0x51a	0x519
0x51b	0x519
0x51c	0x519
0x51d	0x519
0x534	0x519
0x535	0x519
0x542	0x53f
0x54a	0x549
0x561	0x549
0x56d	0x549
0x56e	0x549
0x571	0x549
0x573	0x549
0x577	0x549
0x599	0x549
0x59b	0x549
0x5ba	0x549
0x5bb	0x549
0x5bc	0x549
0x5bf	0x549
0x5c1	0x549
0x5c2	0x549
0x5c3	0x549
0x5c4	0x549
0x5cb	0x549
0x5cc	0x549
0x5d6	0x5d1
0x5d7	0x5d1
0x5d9	0x5d1
0x5db	0x5d1
0x5de	0x5d1
0x5df	0x5d1
0x5e0	0x5d1
0x5e2	0x5d1
0x5e4	0x5d1
0x5ed	0x5ea
0x5ee	0x5ea
0x5f7	0x5ea
0x5fd	0x5ea
0x603	0x5ea
0x60d	0x60a
0x60e	0x60a
0x610	0x60f
0x611	0x60f
0x612	0x60f
0x613	0x60f
0x614	0x60f
0x615	0x60f
0x616	0x60f
0x61a	0x60f
0x61b	0x60f
0x61c	0x60f
0x622	0x621
0x65c	0x62a
0x660	0x62a
0x66a	0x62a
0x672	0x62a
0x673	0x62a
0x674	0x62a
0x67f	0x679
0x680	0x679
0x682	0x679
0x684	0x679
0x688	0x679
0x690	0x68e
0x696	0x695
0x697	0x695
0x698	0x695
0x699	0x695
0x6a3	0x695
0x6a6	0x695
0x6a8	0x695
0x6ac	0x695
0x6ad	0x695
0x6af	0x695
0x6b3	0x695
0x6b4	0x695
0x6ba	0x6b9
0x6bb	0x6b9
0x6bc	0x6b9
0x6bd	0x6b9
0x6be	0x6b9
0x6bf	0x6b9
0x6c0	0x6b9
0x6c1	0x6b9
0x6da	0x6c3
0x6db	0x6c3
0x6f2	0x6c3
0x6f3	0x6c3
0x70a	0x6c3
0x70b	0x6c3
0x70c	0x6c3
0x728	0x6c3
0x74f	0x6c3
0x750	0x6c3
0x759	0x755
0x763	0x755
0x76b	0x755
0x76c	0x755
0x76d	0x755
0x778	0x772
0x779	0x772
0x77b	0x772
0x77d	0x772
0x781	0x772
0x789	0x787
0x78f	0x78e
0x790	0x78e
0x791	0x78e
0x792	0x78e
0x79c	0x78e
0x79f	0x78e
0x7a1	0x78e
0x7a5	0x78e
0x7a6	0x78e
0x7a8	0x78e
0x7ac	0x78e
0x7ad	0x78e
0x7b3	0x7b2
0x7bc	0x7bb
0x7bd	0x7bb
0x7c0	0x7bb
0x7d7	0x7bb
0x7d8	0x7bb
0x7ef	0x7bb
0x7f1	0x7bb
0x7f2	0x7bb
0x7f3	0x7bb
0x7f4	0x7bb
0x7f8	0x7bb
0x80f	0x7bb
0x810	0x7bb
0x827	0x7bb
0x829	0x7bb
0x82a	0x7bb
0x82d	0x7bb
0x831	0x7bb
0x837	0x7bb
0x838	0x7bb
0x83e	0x7bb
0x840	0x7bb
0x841	0x7bb
0x843	0x7bb
0x847	0x7bb
0x85e	0x7bb
0x85f	0x7bb
0x876	0x7bb
0x878	0x7bb
0x879	0x7bb
0x87a	0x7bb
0x89a	0x7bb
0x8a4	0x7bb
0x8ac	0x7bb
0x8ad	0x7bb
0x8b8	0x8b2
0x8b9	0x8b2
0x8bb	0x8b2
0x8bc	0x8b2
0x8c0	0x8b2
0x8c8	0x8c6
0x8ce	0x8cd
0x8cf	0x8cd
0x8d0	0x8cd
0x8d1	0x8cd
0x8db	0x8cd
0x8de	0x8cd
0x8e0	0x8cd
0x8e4	0x8cd
0x8e5	0x8cd
0x8e7	0x8cd
0x8eb	0x8cd
0x8ec	0x8cd
0x8f2	0x8f1
0x8f6	0x8f1
0x8f7	0x8f1
0x8f9	0x8f1
0x8fa	0x8f1
0x8fc	0x8f1
0x900	0x8f1
0x901	0x8f1
0x903	0x8f1
0x904	0x8f1
0x906	0x8f1
0x90a	0x8f1
0x921	0x8f1
0x922	0x8f1
0x939	0x8f1
0x93b	0x8f1
0x93c	0x8f1
0x93d	0x8f1
0x959	0x8f1
0x95d	0x8f1
0x967	0x8f1
0x96f	0x8f1
0x970	0x8f1
0x97b	0x975
0x97c	0x975
0x97e	0x975
0x980	0x975
0x984	0x975
0x98c	0x98a
0x992	0x991
0x993	0x991
0x994	0x991
0x995	0x991
0x99f	0x991
0x9a2	0x991
0x9a4	0x991
0x9a8	0x991
0x9a9	0x991
0x9ab	0x991
0x9af	0x991
0x9b0	0x991
0x9b6	0x9b5
0x9b7	0x9b5
0x9b8	0x9b5
0x9b9	0x9b5
0x9ba	0x9b5
0x9d3	0x9bc
0x9d4	0x9bc
0x9eb	0x9bc
0x9ec	0x9bc
0xa03	0x9bc
0xa04	0x9bc
0xa05	0x9bc
0xa21	0x9bc
0xa48	0x9bc
0xa49	0x9bc
0xa52	0xa4e
0xa5c	0xa4e
0xa64	0xa4e
0xa65	0xa4e
0xa66	0xa4e
0xa71	0xa6b
0xa72	0xa6b
0xa74	0xa6b
0xa76	0xa6b
0xa7a	0xa6b
0xa82	0xa80
0xa88	0xa87
0xa89	0xa87
0xa8a	0xa87
0xa8b	0xa87
0xa95	0xa87
0xa98	0xa87
0xa9a	0xa87
0xa9e	0xa87
0xa9f	0xa87
0xaa1	0xa87
0xaa5	0xa87
0xaa6	0xa87
0xaac	0xaab
0xab5	0xab4
0xab6	0xab4
0xab9	0xab4
0xad0	0xab4
0xad1	0xab4
0xae8	0xab4
0xaea	0xab4
0xaeb	0xab4
0xaec	0xab4
0xaed	0xab4
0xaf1	0xab4
0xb08	0xab4
0xb09	0xab4
0xb20	0xab4
0xb22	0xab4
0xb23	0xab4
0xb26	0xab4
0xb2a	0xab4
0xb30	0xab4
0xb31	0xab4
0xb37	0xab4
0xb39	0xab4
0xb3a	0xab4
0xb3c	0xab4
0xb40	0xab4
0xb57	0xab4
0xb58	0xab4
0xb6f	0xab4
0xb71	0xab4
0xb72	0xab4
0xb73	0xab4
0xb93	0xab4
0xb9d	0xab4
0xba5	0xab4
0xba6	0xab4
0xbb1	0xbab
0xbb2	0xbab
0xbb4	0xbab
0xbb5	0xbab
0xbb9	0xbab
0xbc1	0xbbf
0xbc7	0xbc6
0xbc8	0xbc6
0xbc9	0xbc6
0xbca	0xbc6
0xbd4	0xbc6
0xbd7	0xbc6
0xbd9	0xbc6
0xbdd	0xbc6
0xbde	0xbc6
0xbe0	0xbc6
0xbe4	0xbc6
0xbe5	0xbc6
0xbeb	0xbea
0xbef	0xbea
0xbf0	0xbea
0xbf2	0xbea
0xbf3	0xbea
0xbf5	0xbea
0xbf9	0xbea
0xbfa	0xbea
0xbfc	0xbea
0xbfd	0xbea
0xbff	0xbea
0xc03	0xbea
0xc1a	0xbea
0xc1b	0xbea
0xc32	0xbea
0xc34	0xbea
0xc35	0xbea
0xc36	0xbea
0xc52	0xbea
0xc56	0xbea
0xc60	0xbea
0xc68	0xbea
0xc69	0xbea
0xc74	0xc6e
0xc75	0xc6e
0xc77	0xc6e
0xc79	0xc6e
0xc7d	0xc6e
0xc85	0xc83
0xc8b	0xc8a
0xc8c	0xc8a
0xc8d	0xc8a
0xc8e	0xc8a
0xc98	0xc8a
0xc9b	0xc8a
0xc9d	0xc8a
0xca1	0xc8a
0xca2	0xc8a
0xca4	0xc8a
0xca8	0xc8a
0xca9	0xc8a
0xcaf	0xcae
0xcb0	0xcae
0xcb1	0xcae
0xcb2	0xcae
0xcb3	0xcae
0xcb9	0xcb5B0x7b2
0xcb9	0xcb5B0xaab
0xcc0	0xcb5B0x7b2
0xcc0	0xcb5B0xaab
0xcd8	0xcb5B0x7b2
0xcd8	0xcb5B0xaab
0xcf4	0xcb5B0x7b2
0xcf4	0xcb5B0xaab
0xcff	0xcb5B0x7b2
0xcff	0xcb5B0xaab
0xd1b	0xcb5B0x7b2
0xd1b	0xcb5B0xaab
0xd21	0xcb5B0x7b2
0xd21	0xcb5B0xaab
0xd27	0xcb5B0x7b2
0xd27	0xcb5B0xaab
0xd43	0xcb5B0x7b2
0xd43	0xcb5B0xaab
0xd45	0xcb5B0x7b2
0xd45	0xcb5B0xaab
0xd46	0xcb5B0x7b2
0xd46	0xcb5B0xaab
0xd4e	0xd4cB0x4d
0xd4e	0xd4cB0x9d
0xd67	0xd50B0xd6fB0x1035B0x13a8B0x62a
0xd67	0xd50B0xd6fB0x1035B0x13a8B0x755
0xd67	0xd50B0xd6fB0x1035B0x1044B0x7bb
0xd67	0xd50B0xd6fB0x1035B0x13a8B0xa4e
0xd67	0xd50B0xd6fB0x1035B0x1044B0xab4
0xd67	0xd50B0xd6fB0xd80B0xd96B0xe57B0x4d
0xd67	0xd50B0xd6fB0xd80B0xd96B0xf3aB0x75
0xd67	0xd50B0xd6fB0xd80B0xd96B0xe57B0x9d
0xd67	0xd50B0x146aB0x1505B0x8f1
0xd67	0xd50B0xd6fB0x142fB0x148dB0x1505B0x8f1
0xd67	0xd50B0xd6fB0x142fB0x14b3B0x1505B0x8f1
0xd67	0xd50B0xd6fB0x142fB0x1479B0x1505B0x8f1
0xd67	0xd50B0x146aB0x1505B0xbea
0xd67	0xd50B0xd6fB0x142fB0x148dB0x1505B0xbea
0xd67	0xd50B0xd6fB0x142fB0x14b3B0x1505B0xbea
0xd67	0xd50B0xd6fB0x142fB0x1479B0x1505B0xbea
0xd67	0xd50B0x132fB0x1340B0x1356B0x138dB0x503
0xd67	0xd50B0xd6fB0x1035B0x1044B0x200B0x8b
0xd67	0xd50B0xd6fB0x1035B0x111eB0x2d8B0x8b
0xd67	0xd50B0xd6fB0x1035B0x1239B0x2edB0x8b
0xd67	0xd50B0xd6fB0x1035B0x1044B0x3d7B0x8b
0xd69	0xd50B0xd6fB0x1035B0x13a8B0x62a
0xd69	0xd50B0xd6fB0x1035B0x13a8B0x755
0xd69	0xd50B0xd6fB0x1035B0x1044B0x7bb
0xd69	0xd50B0xd6fB0x1035B0x13a8B0xa4e
0xd69	0xd50B0xd6fB0x1035B0x1044B0xab4
0xd69	0xd50B0xd6fB0xd80B0xd96B0xe57B0x4d
0xd69	0xd50B0xd6fB0xd80B0xd96B0xf3aB0x75
0xd69	0xd50B0xd6fB0xd80B0xd96B0xe57B0x9d
0xd69	0xd50B0x146aB0x1505B0x8f1
0xd69	0xd50B0xd6fB0x142fB0x148dB0x1505B0x8f1
0xd69	0xd50B0xd6fB0x142fB0x14b3B0x1505B0x8f1
0xd69	0xd50B0xd6fB0x142fB0x1479B0x1505B0x8f1
0xd69	0xd50B0x146aB0x1505B0xbea
0xd69	0xd50B0xd6fB0x142fB0x148dB0x1505B0xbea
0xd69	0xd50B0xd6fB0x142fB0x14b3B0x1505B0xbea
0xd69	0xd50B0xd6fB0x142fB0x1479B0x1505B0xbea
0xd69	0xd50B0x132fB0x1340B0x1356B0x138dB0x503
0xd69	0xd50B0xd6fB0x1035B0x1044B0x200B0x8b
0xd69	0xd50B0xd6fB0x1035B0x111eB0x2d8B0x8b
0xd69	0xd50B0xd6fB0x1035B0x1239B0x2edB0x8b
0xd69	0xd50B0xd6fB0x1035B0x1044B0x3d7B0x8b
0xd6a	0xd50B0xd6fB0x1035B0x13a8B0x62a
0xd6a	0xd50B0xd6fB0x1035B0x13a8B0x755
0xd6a	0xd50B0xd6fB0x1035B0x1044B0x7bb
0xd6a	0xd50B0xd6fB0x1035B0x13a8B0xa4e
0xd6a	0xd50B0xd6fB0x1035B0x1044B0xab4
0xd6a	0xd50B0xd6fB0xd80B0xd96B0xe57B0x4d
0xd6a	0xd50B0xd6fB0xd80B0xd96B0xf3aB0x75
0xd6a	0xd50B0xd6fB0xd80B0xd96B0xe57B0x9d
0xd6a	0xd50B0x146aB0x1505B0x8f1
0xd6a	0xd50B0xd6fB0x142fB0x148dB0x1505B0x8f1
0xd6a	0xd50B0xd6fB0x142fB0x14b3B0x1505B0x8f1
0xd6a	0xd50B0xd6fB0x142fB0x1479B0x1505B0x8f1
0xd6a	0xd50B0x146aB0x1505B0xbea
0xd6a	0xd50B0xd6fB0x142fB0x148dB0x1505B0xbea
0xd6a	0xd50B0xd6fB0x142fB0x14b3B0x1505B0xbea
0xd6a	0xd50B0xd6fB0x142fB0x1479B0x1505B0xbea
0xd6a	0xd50B0x132fB0x1340B0x1356B0x138dB0x503
0xd6a	0xd50B0xd6fB0x1035B0x1044B0x200B0x8b
0xd6a	0xd50B0xd6fB0x1035B0x111eB0x2d8B0x8b
0xd6a	0xd50B0xd6fB0x1035B0x1239B0x2edB0x8b
0xd6a	0xd50B0xd6fB0x1035B0x1044B0x3d7B0x8b
0xd6b	0xd50B0xd6fB0x1035B0x13a8B0x62a
0xd6b	0xd50B0xd6fB0x1035B0x13a8B0x755
0xd6b	0xd50B0xd6fB0x1035B0x1044B0x7bb
0xd6b	0xd50B0xd6fB0x1035B0x13a8B0xa4e
0xd6b	0xd50B0xd6fB0x1035B0x1044B0xab4
0xd6b	0xd50B0xd6fB0xd80B0xd96B0xe57B0x4d
0xd6b	0xd50B0xd6fB0xd80B0xd96B0xf3aB0x75
0xd6b	0xd50B0xd6fB0xd80B0xd96B0xe57B0x9d
0xd6b	0xd50B0x146aB0x1505B0x8f1
0xd6b	0xd50B0xd6fB0x142fB0x148dB0x1505B0x8f1
0xd6b	0xd50B0xd6fB0x142fB0x14b3B0x1505B0x8f1
0xd6b	0xd50B0xd6fB0x142fB0x1479B0x1505B0x8f1
0xd6b	0xd50B0x146aB0x1505B0xbea
0xd6b	0xd50B0xd6fB0x142fB0x148dB0x1505B0xbea
0xd6b	0xd50B0xd6fB0x142fB0x14b3B0x1505B0xbea
0xd6b	0xd50B0xd6fB0x142fB0x1479B0x1505B0xbea
0xd6b	0xd50B0x132fB0x1340B0x1356B0x138dB0x503
0xd6b	0xd50B0xd6fB0x1035B0x1044B0x200B0x8b
0xd6b	0xd50B0xd6fB0x1035B0x111eB0x2d8B0x8b
0xd6b	0xd50B0xd6fB0x1035B0x1239B0x2edB0x8b
0xd6b	0xd50B0xd6fB0x1035B0x1044B0x3d7B0x8b
0xd6c	0xd50B0xd6fB0x1035B0x13a8B0x62a
0xd6c	0xd50B0xd6fB0x1035B0x13a8B0x755
0xd6c	0xd50B0xd6fB0x1035B0x1044B0x7bb
0xd6c	0xd50B0xd6fB0x1035B0x13a8B0xa4e
0xd6c	0xd50B0xd6fB0x1035B0x1044B0xab4
0xd6c	0xd50B0xd6fB0xd80B0xd96B0xe57B0x4d
0xd6c	0xd50B0xd6fB0xd80B0xd96B0xf3aB0x75
0xd6c	0xd50B0xd6fB0xd80B0xd96B0xe57B0x9d
0xd6c	0xd50B0x146aB0x1505B0x8f1
0xd6c	0xd50B0xd6fB0x142fB0x148dB0x1505B0x8f1
0xd6c	0xd50B0xd6fB0x142fB0x14b3B0x1505B0x8f1
0xd6c	0xd50B0xd6fB0x142fB0x1479B0x1505B0x8f1
0xd6c	0xd50B0x146aB0x1505B0xbea
0xd6c	0xd50B0xd6fB0x142fB0x148dB0x1505B0xbea
0xd6c	0xd50B0xd6fB0x142fB0x14b3B0x1505B0xbea
0xd6c	0xd50B0xd6fB0x142fB0x1479B0x1505B0xbea
0xd6c	0xd50B0x132fB0x1340B0x1356B0x138dB0x503
0xd6c	0xd50B0xd6fB0x1035B0x1044B0x200B0x8b
0xd6c	0xd50B0xd6fB0x1035B0x111eB0x2d8B0x8b
0xd6c	0xd50B0xd6fB0x1035B0x1239B0x2edB0x8b
0xd6c	0xd50B0xd6fB0x1035B0x1044B0x3d7B0x8b
0xd6d	0xd50B0xd6fB0x1035B0x13a8B0x62a
0xd6d	0xd50B0xd6fB0x1035B0x13a8B0x755
0xd6d	0xd50B0xd6fB0x1035B0x1044B0x7bb
0xd6d	0xd50B0xd6fB0x1035B0x13a8B0xa4e
0xd6d	0xd50B0xd6fB0x1035B0x1044B0xab4
0xd6d	0xd50B0xd6fB0xd80B0xd96B0xe57B0x4d
0xd6d	0xd50B0xd6fB0xd80B0xd96B0xf3aB0x75
0xd6d	0xd50B0xd6fB0xd80B0xd96B0xe57B0x9d
0xd6d	0xd50B0x146aB0x1505B0x8f1
0xd6d	0xd50B0xd6fB0x142fB0x148dB0x1505B0x8f1
0xd6d	0xd50B0xd6fB0x142fB0x14b3B0x1505B0x8f1
0xd6d	0xd50B0xd6fB0x142fB0x1479B0x1505B0x8f1
0xd6d	0xd50B0x146aB0x1505B0xbea
0xd6d	0xd50B0xd6fB0x142fB0x148dB0x1505B0xbea
0xd6d	0xd50B0xd6fB0x142fB0x14b3B0x1505B0xbea
0xd6d	0xd50B0xd6fB0x142fB0x1479B0x1505B0xbea
0xd6d	0xd50B0x132fB0x1340B0x1356B0x138dB0x503
0xd6d	0xd50B0xd6fB0x1035B0x1044B0x200B0x8b
0xd6d	0xd50B0xd6fB0x1035B0x111eB0x2d8B0x8b
0xd6d	0xd50B0xd6fB0x1035B0x1239B0x2edB0x8b
0xd6d	0xd50B0xd6fB0x1035B0x1044B0x3d7B0x8b
0xd74	0xd6fB0x1035B0x13a8B0x62a
0xd74	0xd6fB0x1035B0x13a8B0x755
0xd74	0xd6fB0x1035B0x1044B0x7bb
0xd74	0xd6fB0x1035B0x13a8B0xa4e
0xd74	0xd6fB0x1035B0x1044B0xab4
0xd74	0xd6fB0xd80B0xd96B0xe57B0x4d
0xd74	0xd6fB0xd80B0xd96B0xf3aB0x75
0xd74	0xd6fB0xd80B0xd96B0xe57B0x9d
0xd74	0xd6fB0x142fB0x148dB0x1505B0x8f1
0xd74	0xd6fB0x142fB0x14b3B0x1505B0x8f1
0xd74	0xd6fB0x142fB0x1479B0x1505B0x8f1
0xd74	0xd6fB0x142fB0x148dB0x1505B0xbea
0xd74	0xd6fB0x142fB0x14b3B0x1505B0xbea
0xd74	0xd6fB0x142fB0x1479B0x1505B0xbea
0xd74	0xd6fB0x1035B0x1044B0x200B0x8b
0xd74	0xd6fB0x1035B0x111eB0x2d8B0x8b
0xd74	0xd6fB0x1035B0x1239B0x2edB0x8b
0xd74	0xd6fB0x1035B0x1044B0x3d7B0x8b
0xd7a	0xd79B0x1035B0x13a8B0x62a
0xd7a	0xd79B0x1035B0x13a8B0x755
0xd7a	0xd79B0x1035B0x1044B0x7bb
0xd7a	0xd79B0x1035B0x13a8B0xa4e
0xd7a	0xd79B0x1035B0x1044B0xab4
0xd7a	0xd79B0xd80B0xd96B0xe57B0x4d
0xd7a	0xd79B0xd80B0xd96B0xf3aB0x75
0xd7a	0xd79B0xd80B0xd96B0xe57B0x9d
0xd7a	0xd79B0x142fB0x148dB0x1505B0x8f1
0xd7a	0xd79B0x142fB0x14b3B0x1505B0x8f1
0xd7a	0xd79B0x142fB0x1479B0x1505B0x8f1
0xd7a	0xd79B0x142fB0x148dB0x1505B0xbea
0xd7a	0xd79B0x142fB0x14b3B0x1505B0xbea
0xd7a	0xd79B0x142fB0x1479B0x1505B0xbea
0xd7a	0xd79B0x1035B0x1044B0x200B0x8b
0xd7a	0xd79B0x1035B0x111eB0x2d8B0x8b
0xd7a	0xd79B0x1035B0x1239B0x2edB0x8b
0xd7a	0xd79B0x1035B0x1044B0x3d7B0x8b
0xd7b	0xd79B0x1035B0x13a8B0x62a
0xd7b	0xd79B0x1035B0x13a8B0x755
0xd7b	0xd79B0x1035B0x1044B0x7bb
0xd7b	0xd79B0x1035B0x13a8B0xa4e
0xd7b	0xd79B0x1035B0x1044B0xab4
0xd7b	0xd79B0xd80B0xd96B0xe57B0x4d
0xd7b	0xd79B0xd80B0xd96B0xf3aB0x75
0xd7b	0xd79B0xd80B0xd96B0xe57B0x9d
0xd7b	0xd79B0x142fB0x148dB0x1505B0x8f1
0xd7b	0xd79B0x142fB0x14b3B0x1505B0x8f1
0xd7b	0xd79B0x142fB0x1479B0x1505B0x8f1
0xd7b	0xd79B0x142fB0x148dB0x1505B0xbea
0xd7b	0xd79B0x142fB0x14b3B0x1505B0xbea
0xd7b	0xd79B0x142fB0x1479B0x1505B0xbea
0xd7b	0xd79B0x1035B0x1044B0x200B0x8b
0xd7b	0xd79B0x1035B0x111eB0x2d8B0x8b
0xd7b	0xd79B0x1035B0x1239B0x2edB0x8b
0xd7b	0xd79B0x1035B0x1044B0x3d7B0x8b
0xd7c	0xd79B0x1035B0x13a8B0x62a
0xd7c	0xd79B0x1035B0x13a8B0x755
0xd7c	0xd79B0x1035B0x1044B0x7bb
0xd7c	0xd79B0x1035B0x13a8B0xa4e
0xd7c	0xd79B0x1035B0x1044B0xab4
0xd7c	0xd79B0xd80B0xd96B0xe57B0x4d
0xd7c	0xd79B0xd80B0xd96B0xf3aB0x75
0xd7c	0xd79B0xd80B0xd96B0xe57B0x9d
0xd7c	0xd79B0x142fB0x148dB0x1505B0x8f1
0xd7c	0xd79B0x142fB0x14b3B0x1505B0x8f1
0xd7c	0xd79B0x142fB0x1479B0x1505B0x8f1
0xd7c	0xd79B0x142fB0x148dB0x1505B0xbea
0xd7c	0xd79B0x142fB0x14b3B0x1505B0xbea
0xd7c	0xd79B0x142fB0x1479B0x1505B0xbea
0xd7c	0xd79B0x1035B0x1044B0x200B0x8b
0xd7c	0xd79B0x1035B0x111eB0x2d8B0x8b
0xd7c	0xd79B0x1035B0x1239B0x2edB0x8b
0xd7c	0xd79B0x1035B0x1044B0x3d7B0x8b
0xd7d	0xd79B0x1035B0x13a8B0x62a
0xd7d	0xd79B0x1035B0x13a8B0x755
0xd7d	0xd79B0x1035B0x1044B0x7bb
0xd7d	0xd79B0x1035B0x13a8B0xa4e
0xd7d	0xd79B0x1035B0x1044B0xab4
0xd7d	0xd79B0xd80B0xd96B0xe57B0x4d
0xd7d	0xd79B0xd80B0xd96B0xf3aB0x75
0xd7d	0xd79B0xd80B0xd96B0xe57B0x9d
0xd7d	0xd79B0x142fB0x148dB0x1505B0x8f1
0xd7d	0xd79B0x142fB0x14b3B0x1505B0x8f1
0xd7d	0xd79B0x142fB0x1479B0x1505B0x8f1
0xd7d	0xd79B0x142fB0x148dB0x1505B0xbea
0xd7d	0xd79B0x142fB0x14b3B0x1505B0xbea
0xd7d	0xd79B0x142fB0x1479B0x1505B0xbea
0xd7d	0xd79B0x1035B0x1044B0x200B0x8b
0xd7d	0xd79B0x1035B0x111eB0x2d8B0x8b
0xd7d	0xd79B0x1035B0x1239B0x2edB0x8b
0xd7d	0xd79B0x1035B0x1044B0x3d7B0x8b
0xd7e	0xd79B0x1035B0x13a8B0x62a
0xd7e	0xd79B0x1035B0x13a8B0x755
0xd7e	0xd79B0x1035B0x1044B0x7bb
0xd7e	0xd79B0x1035B0x13a8B0xa4e
0xd7e	0xd79B0x1035B0x1044B0xab4
0xd7e	0xd79B0xd80B0xd96B0xe57B0x4d
0xd7e	0xd79B0xd80B0xd96B0xf3aB0x75
0xd7e	0xd79B0xd80B0xd96B0xe57B0x9d
0xd7e	0xd79B0x142fB0x148dB0x1505B0x8f1
0xd7e	0xd79B0x142fB0x14b3B0x1505B0x8f1
0xd7e	0xd79B0x142fB0x1479B0x1505B0x8f1
0xd7e	0xd79B0x142fB0x148dB0x1505B0xbea
0xd7e	0xd79B0x142fB0x14b3B0x1505B0xbea
0xd7e	0xd79B0x142fB0x1479B0x1505B0xbea
0xd7e	0xd79B0x1035B0x1044B0x200B0x8b
0xd7e	0xd79B0x1035B0x111eB0x2d8B0x8b
0xd7e	0xd79B0x1035B0x1239B0x2edB0x8b
0xd7e	0xd79B0x1035B0x1044B0x3d7B0x8b
0xd84	0xd80B0xd96B0xe57B0x4d
0xd84	0xd80B0xd96B0xf3aB0x75
0xd84	0xd80B0xd96B0xe57B0x9d
0xd8a	0xd89B0xd96B0xe57B0x4d
0xd8a	0xd89B0xd96B0xf3aB0x75
0xd8a	0xd89B0xd96B0xe57B0x9d
0xd91	0xd90B0xd96B0xe57B0x4d
0xd91	0xd90B0xd96B0xf3aB0x75
0xd91	0xd90B0xd96B0xe57B0x9d
0xd94	0xd93B0xd96B0xe57B0x4d
0xd94	0xd93B0xd96B0xf3aB0x75
0xd94	0xd93B0xd96B0xe57B0x9d
0xd98	0xd96B0xe57B0x4d
0xd98	0xd96B0xf3aB0x75
0xd98	0xd96B0xe57B0x9d
0xd9a	0xd96B0xe57B0x4d
0xd9a	0xd96B0xf3aB0x75
0xd9a	0xd96B0xe57B0x9d
0xd9b	0xd96B0xe57B0x4d
0xd9b	0xd96B0xf3aB0x75
0xd9b	0xd96B0xe57B0x9d
0xd9f	0xd96B0xe57B0x4d
0xd9f	0xd96B0xf3aB0x75
0xd9f	0xd96B0xe57B0x9d
0xda5	0xda4B0xe57B0x4d
0xda5	0xda4B0xf3aB0x75
0xda5	0xda4B0xe57B0x9d
0xda6	0xda4B0xe57B0x4d
0xda6	0xda4B0xf3aB0x75
0xda6	0xda4B0xe57B0x9d
0xda7	0xda4B0xe57B0x4d
0xda7	0xda4B0xf3aB0x75
0xda7	0xda4B0xe57B0x9d
0xda8	0xda4B0xe57B0x4d
0xda8	0xda4B0xf3aB0x75
0xda8	0xda4B0xe57B0x9d
0xdac	0xdaaB0x10c9
0xdac	0xdaaB0x10d3
0xdac	0xdaaB0xdb3B0x105dB0x1086B0x8cd
0xdac	0xdaaB0xdb3B0x105dB0x1086B0x991
0xdac	0xdaaB0xdb3B0x105dB0x1086B0xbc6
0xdac	0xdaaB0xdb3B0x105dB0x1086B0xc8a
0xdac	0xdaaB0x1132B0x13bbB0x62a
0xdac	0xdaaB0x1132B0x13bbB0x755
0xdac	0xdaaB0x1132B0x13bbB0xa4e
0xdac	0xdaaB0xdb3B0xdc9B0xe64B0x4d
0xdac	0xdaaB0xdb3B0xdc9B0xe75B0x4d
0xdac	0xdaaB0xdb3B0xdc9B0xe64B0x9d
0xdac	0xdaaB0xdb3B0xdc9B0xe75B0x9d
0xdac	0xdaaB0x145bB0x14c6B0x1505B0x8f1
0xdac	0xdaaB0x145bB0x14d9B0x1505B0x8f1
0xdac	0xdaaB0x145bB0x14c6B0x1505B0xbea
0xdac	0xdaaB0x145bB0x14d9B0x1505B0xbea
0xdac	0xdaaB0xdb3B0x105dB0x1086B0x2aaB0x8b
0xdac	0xdaaB0xdb3B0x105dB0x1086B0x444B0x8b
0xdac	0xdaaB0x1132B0x1219B0x2edB0x8b
0xdad	0xdaaB0x10c9
0xdad	0xdaaB0x10d3
0xdad	0xdaaB0xdb3B0x105dB0x1086B0x8cd
0xdad	0xdaaB0xdb3B0x105dB0x1086B0x991
0xdad	0xdaaB0xdb3B0x105dB0x1086B0xbc6
0xdad	0xdaaB0xdb3B0x105dB0x1086B0xc8a
0xdad	0xdaaB0x1132B0x13bbB0x62a
0xdad	0xdaaB0x1132B0x13bbB0x755
0xdad	0xdaaB0x1132B0x13bbB0xa4e
0xdad	0xdaaB0xdb3B0xdc9B0xe64B0x4d
0xdad	0xdaaB0xdb3B0xdc9B0xe75B0x4d
0xdad	0xdaaB0xdb3B0xdc9B0xe64B0x9d
0xdad	0xdaaB0xdb3B0xdc9B0xe75B0x9d
0xdad	0xdaaB0x145bB0x14c6B0x1505B0x8f1
0xdad	0xdaaB0x145bB0x14d9B0x1505B0x8f1
0xdad	0xdaaB0x145bB0x14c6B0x1505B0xbea
0xdad	0xdaaB0x145bB0x14d9B0x1505B0xbea
0xdad	0xdaaB0xdb3B0x105dB0x1086B0x2aaB0x8b
0xdad	0xdaaB0xdb3B0x105dB0x1086B0x444B0x8b
0xdad	0xdaaB0x1132B0x1219B0x2edB0x8b
0xdae	0xdaaB0x10c9
0xdae	0xdaaB0x10d3
0xdae	0xdaaB0xdb3B0x105dB0x1086B0x8cd
0xdae	0xdaaB0xdb3B0x105dB0x1086B0x991
0xdae	0xdaaB0xdb3B0x105dB0x1086B0xbc6
0xdae	0xdaaB0xdb3B0x105dB0x1086B0xc8a
0xdae	0xdaaB0x1132B0x13bbB0x62a
0xdae	0xdaaB0x1132B0x13bbB0x755
0xdae	0xdaaB0x1132B0x13bbB0xa4e
0xdae	0xdaaB0xdb3B0xdc9B0xe64B0x4d
0xdae	0xdaaB0xdb3B0xdc9B0xe75B0x4d
0xdae	0xdaaB0xdb3B0xdc9B0xe64B0x9d
0xdae	0xdaaB0xdb3B0xdc9B0xe75B0x9d
0xdae	0xdaaB0x145bB0x14c6B0x1505B0x8f1
0xdae	0xdaaB0x145bB0x14d9B0x1505B0x8f1
0xdae	0xdaaB0x145bB0x14c6B0x1505B0xbea
0xdae	0xdaaB0x145bB0x14d9B0x1505B0xbea
0xdae	0xdaaB0xdb3B0x105dB0x1086B0x2aaB0x8b
0xdae	0xdaaB0xdb3B0x105dB0x1086B0x444B0x8b
0xdae	0xdaaB0x1132B0x1219B0x2edB0x8b
0xdaf	0xdaaB0x10c9
0xdaf	0xdaaB0x10d3
0xdaf	0xdaaB0xdb3B0x105dB0x1086B0x8cd
0xdaf	0xdaaB0xdb3B0x105dB0x1086B0x991
0xdaf	0xdaaB0xdb3B0x105dB0x1086B0xbc6
0xdaf	0xdaaB0xdb3B0x105dB0x1086B0xc8a
0xdaf	0xdaaB0x1132B0x13bbB0x62a
0xdaf	0xdaaB0x1132B0x13bbB0x755
0xdaf	0xdaaB0x1132B0x13bbB0xa4e
0xdaf	0xdaaB0xdb3B0xdc9B0xe64B0x4d
0xdaf	0xdaaB0xdb3B0xdc9B0xe75B0x4d
0xdaf	0xdaaB0xdb3B0xdc9B0xe64B0x9d
0xdaf	0xdaaB0xdb3B0xdc9B0xe75B0x9d
0xdaf	0xdaaB0x145bB0x14c6B0x1505B0x8f1
0xdaf	0xdaaB0x145bB0x14d9B0x1505B0x8f1
0xdaf	0xdaaB0x145bB0x14c6B0x1505B0xbea
0xdaf	0xdaaB0x145bB0x14d9B0x1505B0xbea
0xdaf	0xdaaB0xdb3B0x105dB0x1086B0x2aaB0x8b
0xdaf	0xdaaB0xdb3B0x105dB0x1086B0x444B0x8b
0xdaf	0xdaaB0x1132B0x1219B0x2edB0x8b
0xdb0	0xdaaB0x10c9
0xdb0	0xdaaB0x10d3
0xdb0	0xdaaB0xdb3B0x105dB0x1086B0x8cd
0xdb0	0xdaaB0xdb3B0x105dB0x1086B0x991
0xdb0	0xdaaB0xdb3B0x105dB0x1086B0xbc6
0xdb0	0xdaaB0xdb3B0x105dB0x1086B0xc8a
0xdb0	0xdaaB0x1132B0x13bbB0x62a
0xdb0	0xdaaB0x1132B0x13bbB0x755
0xdb0	0xdaaB0x1132B0x13bbB0xa4e
0xdb0	0xdaaB0xdb3B0xdc9B0xe64B0x4d
0xdb0	0xdaaB0xdb3B0xdc9B0xe75B0x4d
0xdb0	0xdaaB0xdb3B0xdc9B0xe64B0x9d
0xdb0	0xdaaB0xdb3B0xdc9B0xe75B0x9d
0xdb0	0xdaaB0x145bB0x14c6B0x1505B0x8f1
0xdb0	0xdaaB0x145bB0x14d9B0x1505B0x8f1
0xdb0	0xdaaB0x145bB0x14c6B0x1505B0xbea
0xdb0	0xdaaB0x145bB0x14d9B0x1505B0xbea
0xdb0	0xdaaB0xdb3B0x105dB0x1086B0x2aaB0x8b
0xdb0	0xdaaB0xdb3B0x105dB0x1086B0x444B0x8b
0xdb0	0xdaaB0x1132B0x1219B0x2edB0x8b
0xdb1	0xdaaB0x10c9
0xdb1	0xdaaB0x10d3
0xdb1	0xdaaB0xdb3B0x105dB0x1086B0x8cd
0xdb1	0xdaaB0xdb3B0x105dB0x1086B0x991
0xdb1	0xdaaB0xdb3B0x105dB0x1086B0xbc6
0xdb1	0xdaaB0xdb3B0x105dB0x1086B0xc8a
0xdb1	0xdaaB0x1132B0x13bbB0x62a
0xdb1	0xdaaB0x1132B0x13bbB0x755
0xdb1	0xdaaB0x1132B0x13bbB0xa4e
0xdb1	0xdaaB0xdb3B0xdc9B0xe64B0x4d
0xdb1	0xdaaB0xdb3B0xdc9B0xe75B0x4d
0xdb1	0xdaaB0xdb3B0xdc9B0xe64B0x9d
0xdb1	0xdaaB0xdb3B0xdc9B0xe75B0x9d
0xdb1	0xdaaB0x145bB0x14c6B0x1505B0x8f1
0xdb1	0xdaaB0x145bB0x14d9B0x1505B0x8f1
0xdb1	0xdaaB0x145bB0x14c6B0x1505B0xbea
0xdb1	0xdaaB0x145bB0x14d9B0x1505B0xbea
0xdb1	0xdaaB0xdb3B0x105dB0x1086B0x2aaB0x8b
0xdb1	0xdaaB0xdb3B0x105dB0x1086B0x444B0x8b
0xdb1	0xdaaB0x1132B0x1219B0x2edB0x8b
0xdb7	0xdb3B0x105dB0x1086B0x8cd
0xdb7	0xdb3B0x105dB0x1086B0x991
0xdb7	0xdb3B0x105dB0x1086B0xbc6
0xdb7	0xdb3B0x105dB0x1086B0xc8a
0xdb7	0xdb3B0xdc9B0xe64B0x4d
0xdb7	0xdb3B0xdc9B0xe75B0x4d
0xdb7	0xdb3B0xdc9B0xe64B0x9d
0xdb7	0xdb3B0xdc9B0xe75B0x9d
0xdb7	0xdb3B0x105dB0x1086B0x2aaB0x8b
0xdb7	0xdb3B0x105dB0x1086B0x444B0x8b
0xdbd	0xdbcB0x105dB0x1086B0x8cd
0xdbd	0xdbcB0x105dB0x1086B0x991
0xdbd	0xdbcB0x105dB0x1086B0xbc6
0xdbd	0xdbcB0x105dB0x1086B0xc8a
0xdbd	0xdbcB0xdc9B0xe64B0x4d
0xdbd	0xdbcB0xdc9B0xe75B0x4d
0xdbd	0xdbcB0xdc9B0xe64B0x9d
0xdbd	0xdbcB0xdc9B0xe75B0x9d
0xdbd	0xdbcB0x105dB0x1086B0x2aaB0x8b
0xdbd	0xdbcB0x105dB0x1086B0x444B0x8b
0xdc4	0xdc3B0x105dB0x1086B0x8cd
0xdc4	0xdc3B0x105dB0x1086B0x991
0xdc4	0xdc3B0x105dB0x1086B0xbc6
0xdc4	0xdc3B0x105dB0x1086B0xc8a
0xdc4	0xdc3B0xdc9B0xe64B0x4d
0xdc4	0xdc3B0xdc9B0xe75B0x4d
0xdc4	0xdc3B0xdc9B0xe64B0x9d
0xdc4	0xdc3B0xdc9B0xe75B0x9d
0xdc4	0xdc3B0x105dB0x1086B0x2aaB0x8b
0xdc4	0xdc3B0x105dB0x1086B0x444B0x8b
0xdc7	0xdc6B0x105dB0x1086B0x8cd
0xdc7	0xdc6B0x105dB0x1086B0x991
0xdc7	0xdc6B0x105dB0x1086B0xbc6
0xdc7	0xdc6B0x105dB0x1086B0xc8a
0xdc7	0xdc6B0xdc9B0xe64B0x4d
0xdc7	0xdc6B0xdc9B0xe75B0x4d
0xdc7	0xdc6B0xdc9B0xe64B0x9d
0xdc7	0xdc6B0xdc9B0xe75B0x9d
0xdc7	0xdc6B0x105dB0x1086B0x2aaB0x8b
0xdc7	0xdc6B0x105dB0x1086B0x444B0x8b
0xdcb	0xdc9B0xe64B0x4d
0xdcb	0xdc9B0xe75B0x4d
0xdcb	0xdc9B0xe64B0x9d
0xdcb	0xdc9B0xe75B0x9d
0xdcd	0xdc9B0xe64B0x4d
0xdcd	0xdc9B0xe75B0x4d
0xdcd	0xdc9B0xe64B0x9d
0xdcd	0xdc9B0xe75B0x9d
0xdce	0xdc9B0xe64B0x4d
0xdce	0xdc9B0xe75B0x4d
0xdce	0xdc9B0xe64B0x9d
0xdce	0xdc9B0xe75B0x9d
0xdd2	0xdc9B0xe64B0x4d
0xdd2	0xdc9B0xe75B0x4d
0xdd2	0xdc9B0xe64B0x9d
0xdd2	0xdc9B0xe75B0x9d
0xdd8	0xdd7B0xe64B0x4d
0xdd8	0xdd7B0xe75B0x4d
0xdd8	0xdd7B0xe64B0x9d
0xdd8	0xdd7B0xe75B0x9d
0xdd9	0xdd7B0xe64B0x4d
0xdd9	0xdd7B0xe75B0x4d
0xdd9	0xdd7B0xe64B0x9d
0xdd9	0xdd7B0xe75B0x9d
0xdda	0xdd7B0xe64B0x4d
0xdda	0xdd7B0xe75B0x4d
0xdda	0xdd7B0xe64B0x9d
0xdda	0xdd7B0xe75B0x9d
0xddb	0xdd7B0xe64B0x4d
0xddb	0xdd7B0xe75B0x4d
0xddb	0xdd7B0xe64B0x9d
0xddb	0xdd7B0xe75B0x9d
0xddf	0xdddB0xea7B0x4d
0xddf	0xdddB0xea7B0x9d
0xde3	0xde1B0xea7B0x4d
0xde3	0xde1B0xea7B0x9d
0xde7	0xde5B0xea7B0x4d
0xde7	0xde5B0xea7B0x9d
0xdeb	0xde9B0xea7B0x4d
0xdeb	0xde9B0xea7B0x9d
0xdec	0xde9B0xea7B0x4d
0xdec	0xde9B0xea7B0x9d
0xdef	0xde9B0xea7B0x4d
0xdef	0xde9B0xea7B0x9d
0xdff	0xdfeB0xea7B0x4d
0xdff	0xdfeB0xea7B0x9d
0xe01	0xdfeB0xea7B0x4d
0xe01	0xdfeB0xea7B0x9d
0xe02	0xdfeB0xea7B0x4d
0xe02	0xdfeB0xea7B0x9d
0xe0c	0xdfeB0xea7B0x4d
0xe0c	0xdfeB0xea7B0x9d
0xe1e	0xe1bB0xea7B0x4d
0xe1e	0xe1bB0xea7B0x9d
0xe20	0xe1bB0xea7B0x4d
0xe20	0xe1bB0xea7B0x9d
0xe21	0xe1bB0xea7B0x4d
0xe21	0xe1bB0xea7B0x9d
0xe22	0xe1bB0xea7B0x4d
0xe22	0xe1bB0xea7B0x9d
0xe25	0xe1bB0xea7B0x4d
0xe25	0xe1bB0xea7B0x9d
0xe27	0xe1bB0xea7B0x4d
0xe27	0xe1bB0xea7B0x9d
0xe38	0xe37B0xea7B0x4d
0xe38	0xe37B0xea7B0x9d
0xe39	0xe37B0xea7B0x4d
0xe39	0xe37B0xea7B0x9d
0xe3a	0xe37B0xea7B0x4d
0xe3a	0xe37B0xea7B0x9d
0xe3b	0xe37B0xea7B0x4d
0xe3b	0xe37B0xea7B0x9d
0xe3c	0xe37B0xea7B0x4d
0xe3c	0xe37B0xea7B0x9d
0xe40	0xe3eB0x4d
0xe40	0xe3eB0x9d
0xe42	0xe3eB0x4d
0xe42	0xe3eB0x9d
0xe46	0xe3eB0x4d
0xe46	0xe3eB0x9d
0xe47	0xe3eB0x4d
0xe47	0xe3eB0x9d
0xe5c	0xe57B0x4d
0xe5c	0xe57B0x9d
0xe5d	0xe57B0x4d
0xe5d	0xe57B0x9d
0xe5e	0xe57B0x4d
0xe5e	0xe57B0x9d
0xe65	0xe64B0x4d
0xe65	0xe64B0x9d
0xe66	0xe64B0x4d
0xe66	0xe64B0x9d
0xe67	0xe64B0x4d
0xe67	0xe64B0x9d
0xe6d	0xe64B0x4d
0xe6d	0xe64B0x9d
0xe6e	0xe64B0x4d
0xe6e	0xe64B0x9d
0xe6f	0xe64B0x4d
0xe6f	0xe64B0x9d
0xe76	0xe75B0x4d
0xe76	0xe75B0x9d
0xe77	0xe75B0x4d
0xe77	0xe75B0x9d
0xe78	0xe75B0x4d
0xe78	0xe75B0x9d
0xe7e	0xe75B0x4d
0xe7e	0xe75B0x9d
0xe7f	0xe75B0x4d
0xe7f	0xe75B0x9d
0xe80	0xe75B0x4d
0xe80	0xe75B0x9d
0xe87	0xe86B0x4d
0xe87	0xe86B0x9d
0xe88	0xe86B0x4d
0xe88	0xe86B0x9d
0xe89	0xe86B0x4d
0xe89	0xe86B0x9d
0xe8c	0xe86B0x4d
0xe8c	0xe86B0x9d
0xe98	0xe86B0x4d
0xe98	0xe86B0x9d
0xeab	0xea7B0x4d
0xeab	0xea7B0x9d
0xeac	0xea7B0x4d
0xeac	0xea7B0x9d
0xead	0xea7B0x4d
0xead	0xea7B0x9d
0xeb4	0xeb3B0x4d
0xeb4	0xeb3B0x9d
0xeb5	0xeb3B0x4d
0xeb5	0xeb3B0x9d
0xeb6	0xeb3B0x4d
0xeb6	0xeb3B0x9d
0xeb7	0xeb3B0x4d
0xeb7	0xeb3B0x9d
0xeb8	0xeb3B0x4d
0xeb8	0xeb3B0x9d
0xeb9	0xeb3B0x4d
0xeb9	0xeb3B0x9d
0xeba	0xeb3B0x4d
0xeba	0xeb3B0x9d
0xebb	0xeb3B0x4d
0xebb	0xeb3B0x9d
0xebc	0xeb3B0x4d
0xebc	0xeb3B0x9d
0xebd	0xeb3B0x4d
0xebd	0xeb3B0x9d
0xebe	0xeb3B0x4d
0xebe	0xeb3B0x9d
0xebf	0xeb3B0x4d
0xebf	0xeb3B0x9d
0xec0	0xeb3B0x4d
0xec0	0xeb3B0x9d
0xee5	0xec2B0xeedB0xf03B0xf2dB0x75
0xee5	0xec2B0xeedB0x131bB0x1380B0x503
0xee5	0xec2B0x10fcB0x2d8B0x8b
0xee7	0xec2B0xeedB0xf03B0xf2dB0x75
0xee7	0xec2B0xeedB0x131bB0x1380B0x503
0xee7	0xec2B0x10fcB0x2d8B0x8b
0xee8	0xec2B0xeedB0xf03B0xf2dB0x75
0xee8	0xec2B0xeedB0x131bB0x1380B0x503
0xee8	0xec2B0x10fcB0x2d8B0x8b
0xee9	0xec2B0xeedB0xf03B0xf2dB0x75
0xee9	0xec2B0xeedB0x131bB0x1380B0x503
0xee9	0xec2B0x10fcB0x2d8B0x8b
0xeea	0xec2B0xeedB0xf03B0xf2dB0x75
0xeea	0xec2B0xeedB0x131bB0x1380B0x503
0xeea	0xec2B0x10fcB0x2d8B0x8b
0xeeb	0xec2B0xeedB0xf03B0xf2dB0x75
0xeeb	0xec2B0xeedB0x131bB0x1380B0x503
0xeeb	0xec2B0x10fcB0x2d8B0x8b
0xef1	0xeedB0xf03B0xf2dB0x75
0xef1	0xeedB0x131bB0x1380B0x503
0xef7	0xef6B0xf03B0xf2dB0x75
0xef7	0xef6B0x131bB0x1380B0x503
0xefe	0xefdB0xf03B0xf2dB0x75
0xefe	0xefdB0x131bB0x1380B0x503
0xf01	0xf00B0xf03B0xf2dB0x75
0xf01	0xf00B0x131bB0x1380B0x503
0xf05	0xf03B0xf2dB0x75
0xf07	0xf03B0xf2dB0x75
0xf08	0xf03B0xf2dB0x75
0xf0c	0xf03B0xf2dB0x75
0xf12	0xf11B0xf2dB0x75
0xf13	0xf11B0xf2dB0x75
0xf14	0xf11B0xf2dB0x75
0xf15	0xf11B0xf2dB0x75
0xf19	0xf17B0x75
0xf1c	0xf17B0x75
0xf1d	0xf17B0x75
0xf32	0xf2dB0x75
0xf33	0xf2dB0x75
0xf34	0xf2dB0x75
0xf3b	0xf3aB0x75
0xf3c	0xf3aB0x75
0xf3d	0xf3aB0x75
0xf43	0xf3aB0x75
0xf44	0xf3aB0x75
0xf45	0xf3aB0x75
0xf4c	0xf4bB0x75
0xf4d	0xf4bB0x75
0xf4e	0xf4bB0x75
0xf4f	0xf4bB0x75
0xf50	0xf4bB0x75
0xf51	0xf4bB0x75
0xf52	0xf4bB0x75
0xf53	0xf4bB0x75
0xf57	0xf55B0xf8dB0x144B0x8b
0xf57	0xf55B0xff5B0x1c6B0x8b
0xf57	0xf55B0x12dbB0x46eB0x8b
0xf58	0xf55B0xf8dB0x144B0x8b
0xf58	0xf55B0xff5B0x1c6B0x8b
0xf58	0xf55B0x12dbB0x46eB0x8b
0xf5c	0xf55B0xf8dB0x144B0x8b
0xf5c	0xf55B0xff5B0x1c6B0x8b
0xf5c	0xf55B0x12dbB0x46eB0x8b
0xf5e	0xf55B0xf8dB0x144B0x8b
0xf5e	0xf55B0xff5B0x1c6B0x8b
0xf5e	0xf55B0x12dbB0x46eB0x8b
0xf5f	0xf55B0xf8dB0x144B0x8b
0xf5f	0xf55B0xff5B0x1c6B0x8b
0xf5f	0xf55B0x12dbB0x46eB0x8b
0xf60	0xf55B0xf8dB0x144B0x8b
0xf60	0xf55B0xff5B0x1c6B0x8b
0xf60	0xf55B0x12dbB0x46eB0x8b
0xf61	0xf55B0xf8dB0x144B0x8b
0xf61	0xf55B0xff5B0x1c6B0x8b
0xf61	0xf55B0x12dbB0x46eB0x8b
0xf62	0xf55B0xf8dB0x144B0x8b
0xf62	0xf55B0xff5B0x1c6B0x8b
0xf62	0xf55B0x12dbB0x46eB0x8b
0xf63	0xf55B0xf8dB0x144B0x8b
0xf63	0xf55B0xff5B0x1c6B0x8b
0xf63	0xf55B0x12dbB0x46eB0x8b
0xf88	0xf65B0x144B0x8b
0xf8b	0xf65B0x144B0x8b
0xf94	0xf8dB0x144B0x8b
0xf9a	0xf99B0x144B0x8b
0xf9b	0xf99B0x144B0x8b
0xf9f	0xf99B0x144B0x8b
0xfa7	0xfa4B0x144B0x8b
0xfa9	0xfa4B0x144B0x8b
0xfaa	0xfa4B0x144B0x8b
0xfab	0xfa4B0x144B0x8b
0xfac	0xfa4B0x144B0x8b
0xfad	0xfa4B0x144B0x8b
0xfb3	0xfafB0x144B0x8b
0xfb5	0xfafB0x144B0x8b
0xfb6	0xfafB0x144B0x8b
0xfb7	0xfafB0x144B0x8b
0xfb8	0xfafB0x144B0x8b
0xfbb	0xfafB0x144B0x8b
0xfc1	0xfafB0x144B0x8b
0xfc7	0xfc6B0x144B0x8b
0xfc8	0xfc6B0x144B0x8b
0xfc9	0xfc6B0x144B0x8b
0xfca	0xfc6B0x144B0x8b
0xfcb	0xfc6B0x144B0x8b
0xff0	0xfcdB0x1c6B0x8b
0xff3	0xfcdB0x1c6B0x8b
0xffc	0xff5B0x1c6B0x8b
0x1002	0x1001B0x1c6B0x8b
0x1003	0x1001B0x1c6B0x8b
0x1007	0x1001B0x1c6B0x8b
0x100f	0x100cB0x1c6B0x8b
0x1011	0x100cB0x1c6B0x8b
0x1012	0x100cB0x1c6B0x8b
0x1013	0x100cB0x1c6B0x8b
0x1014	0x100cB0x1c6B0x8b
0x1015	0x100cB0x1c6B0x8b
0x101b	0x1017B0x1c6B0x8b
0x101d	0x1017B0x1c6B0x8b
0x101e	0x1017B0x1c6B0x8b
0x101f	0x1017B0x1c6B0x8b
0x1020	0x1017B0x1c6B0x8b
0x1023	0x1017B0x1c6B0x8b
0x1029	0x1017B0x1c6B0x8b
0x102f	0x102eB0x1c6B0x8b
0x1030	0x102eB0x1c6B0x8b
0x1031	0x102eB0x1c6B0x8b
0x1032	0x102eB0x1c6B0x8b
0x1033	0x102eB0x1c6B0x8b
0x1039	0x1035B0x13a8B0x62a
0x1039	0x1035B0x13a8B0x755
0x1039	0x1035B0x1044B0x7bb
0x1039	0x1035B0x13a8B0xa4e
0x1039	0x1035B0x1044B0xab4
0x1039	0x1035B0x1044B0x200B0x8b
0x1039	0x1035B0x111eB0x2d8B0x8b
0x1039	0x1035B0x1239B0x2edB0x8b
0x1039	0x1035B0x1044B0x3d7B0x8b
0x103f	0x103eB0x13a8B0x62a
0x103f	0x103eB0x13a8B0x755
0x103f	0x103eB0x1044B0x7bb
0x103f	0x103eB0x13a8B0xa4e
0x103f	0x103eB0x1044B0xab4
0x103f	0x103eB0x1044B0x200B0x8b
0x103f	0x103eB0x111eB0x2d8B0x8b
0x103f	0x103eB0x1239B0x2edB0x8b
0x103f	0x103eB0x1044B0x3d7B0x8b
0x1041	0x103eB0x13a8B0x62a
0x1041	0x103eB0x13a8B0x755
0x1041	0x103eB0x1044B0x7bb
0x1041	0x103eB0x13a8B0xa4e
0x1041	0x103eB0x1044B0xab4
0x1041	0x103eB0x1044B0x200B0x8b
0x1041	0x103eB0x111eB0x2d8B0x8b
0x1041	0x103eB0x1239B0x2edB0x8b
0x1041	0x103eB0x1044B0x3d7B0x8b
0x1042	0x103eB0x13a8B0x62a
0x1042	0x103eB0x13a8B0x755
0x1042	0x103eB0x1044B0x7bb
0x1042	0x103eB0x13a8B0xa4e
0x1042	0x103eB0x1044B0xab4
0x1042	0x103eB0x1044B0x200B0x8b
0x1042	0x103eB0x111eB0x2d8B0x8b
0x1042	0x103eB0x1239B0x2edB0x8b
0x1042	0x103eB0x1044B0x3d7B0x8b
0x1048	0x1044B0x7bb
0x1048	0x1044B0xab4
0x1048	0x1044B0x200B0x8b
0x1048	0x1044B0x3d7B0x8b
0x104a	0x1044B0x7bb
0x104a	0x1044B0xab4
0x104a	0x1044B0x200B0x8b
0x104a	0x1044B0x3d7B0x8b
0x104b	0x1044B0x7bb
0x104b	0x1044B0xab4
0x104b	0x1044B0x200B0x8b
0x104b	0x1044B0x3d7B0x8b
0x1050	0x1044B0x7bb
0x1050	0x1044B0xab4
0x1050	0x1044B0x200B0x8b
0x1050	0x1044B0x3d7B0x8b
0x1052	0x1044B0x7bb
0x1052	0x1044B0xab4
0x1052	0x1044B0x200B0x8b
0x1052	0x1044B0x3d7B0x8b
0x1058	0x1057B0x7bb
0x1058	0x1057B0xab4
0x1058	0x1057B0x200B0x8b
0x1058	0x1057B0x3d7B0x8b
0x1059	0x1057B0x7bb
0x1059	0x1057B0xab4
0x1059	0x1057B0x200B0x8b
0x1059	0x1057B0x3d7B0x8b
0x105a	0x1057B0x7bb
0x105a	0x1057B0xab4
0x105a	0x1057B0x200B0x8b
0x105a	0x1057B0x3d7B0x8b
0x105b	0x1057B0x7bb
0x105b	0x1057B0xab4
0x105b	0x1057B0x200B0x8b
0x105b	0x1057B0x3d7B0x8b
0x105f	0x105dB0x1086B0x8cd
0x105f	0x105dB0x1086B0x991
0x105f	0x105dB0x1086B0xbc6
0x105f	0x105dB0x1086B0xc8a
0x105f	0x105dB0x1086B0x2aaB0x8b
0x105f	0x105dB0x1086B0x444B0x8b
0x1061	0x105dB0x1086B0x8cd
0x1061	0x105dB0x1086B0x991
0x1061	0x105dB0x1086B0xbc6
0x1061	0x105dB0x1086B0xc8a
0x1061	0x105dB0x1086B0x2aaB0x8b
0x1061	0x105dB0x1086B0x444B0x8b
0x1062	0x105dB0x1086B0x8cd
0x1062	0x105dB0x1086B0x991
0x1062	0x105dB0x1086B0xbc6
0x1062	0x105dB0x1086B0xc8a
0x1062	0x105dB0x1086B0x2aaB0x8b
0x1062	0x105dB0x1086B0x444B0x8b
0x1066	0x105dB0x1086B0x8cd
0x1066	0x105dB0x1086B0x991
0x1066	0x105dB0x1086B0xbc6
0x1066	0x105dB0x1086B0xc8a
0x1066	0x105dB0x1086B0x2aaB0x8b
0x1066	0x105dB0x1086B0x444B0x8b
0x106c	0x106bB0x1086B0x8cd
0x106c	0x106bB0x1086B0x991
0x106c	0x106bB0x1086B0xbc6
0x106c	0x106bB0x1086B0xc8a
0x106c	0x106bB0x1086B0x2aaB0x8b
0x106c	0x106bB0x1086B0x444B0x8b
0x106d	0x106bB0x1086B0x8cd
0x106d	0x106bB0x1086B0x991
0x106d	0x106bB0x1086B0xbc6
0x106d	0x106bB0x1086B0xc8a
0x106d	0x106bB0x1086B0x2aaB0x8b
0x106d	0x106bB0x1086B0x444B0x8b
0x106e	0x106bB0x1086B0x8cd
0x106e	0x106bB0x1086B0x991
0x106e	0x106bB0x1086B0xbc6
0x106e	0x106bB0x1086B0xc8a
0x106e	0x106bB0x1086B0x2aaB0x8b
0x106e	0x106bB0x1086B0x444B0x8b
0x106f	0x106bB0x1086B0x8cd
0x106f	0x106bB0x1086B0x991
0x106f	0x106bB0x1086B0xbc6
0x106f	0x106bB0x1086B0xc8a
0x106f	0x106bB0x1086B0x2aaB0x8b
0x106f	0x106bB0x1086B0x444B0x8b
0x1075	0x1071B0x8cd
0x1075	0x1071B0x991
0x1075	0x1071B0xbc6
0x1075	0x1071B0xc8a
0x1075	0x1071B0x2aaB0x8b
0x1075	0x1071B0x444B0x8b
0x1076	0x1071B0x8cd
0x1076	0x1071B0x991
0x1076	0x1071B0xbc6
0x1076	0x1071B0xc8a
0x1076	0x1071B0x2aaB0x8b
0x1076	0x1071B0x444B0x8b
0x108b	0x1086B0x8cd
0x108b	0x1086B0x991
0x108b	0x1086B0xbc6
0x108b	0x1086B0xc8a
0x108b	0x1086B0x2aaB0x8b
0x108b	0x1086B0x444B0x8b
0x108c	0x1086B0x8cd
0x108c	0x1086B0x991
0x108c	0x1086B0xbc6
0x108c	0x1086B0xc8a
0x108c	0x1086B0x2aaB0x8b
0x108c	0x1086B0x444B0x8b
0x108d	0x1086B0x8cd
0x108d	0x1086B0x991
0x108d	0x1086B0xbc6
0x108d	0x1086B0xc8a
0x108d	0x1086B0x2aaB0x8b
0x108d	0x1086B0x444B0x8b
0x1094	0x1093B0x8cd
0x1094	0x1093B0x991
0x1094	0x1093B0xbc6
0x1094	0x1093B0xc8a
0x1094	0x1093B0x2aaB0x8b
0x1094	0x1093B0x444B0x8b
0x1095	0x1093B0x8cd
0x1095	0x1093B0x991
0x1095	0x1093B0xbc6
0x1095	0x1093B0xc8a
0x1095	0x1093B0x2aaB0x8b
0x1095	0x1093B0x444B0x8b
0x1096	0x1093B0x8cd
0x1096	0x1093B0x991
0x1096	0x1093B0xbc6
0x1096	0x1093B0xc8a
0x1096	0x1093B0x2aaB0x8b
0x1096	0x1093B0x444B0x8b
0x1097	0x1093B0x8cd
0x1097	0x1093B0x991
0x1097	0x1093B0xbc6
0x1097	0x1093B0xc8a
0x1097	0x1093B0x2aaB0x8b
0x1097	0x1093B0x444B0x8b
0x1098	0x1093B0x8cd
0x1098	0x1093B0x991
0x1098	0x1093B0xbc6
0x1098	0x1093B0xc8a
0x1098	0x1093B0x2aaB0x8b
0x1098	0x1093B0x444B0x8b
0x1099	0x1093B0x8cd
0x1099	0x1093B0x991
0x1099	0x1093B0xbc6
0x1099	0x1093B0xc8a
0x1099	0x1093B0x2aaB0x8b
0x1099	0x1093B0x444B0x8b
0x109a	0x1093B0x8cd
0x109a	0x1093B0x991
0x109a	0x1093B0xbc6
0x109a	0x1093B0xc8a
0x109a	0x1093B0x2aaB0x8b
0x109a	0x1093B0x444B0x8b
0x10ce	0x10c9
0x10d4	0x10d3
0x10d5	0x10d3
0x10d9	0x10d3
0x10df	0x10de
0x10e0	0x10de
0x10e1	0x10de
0x10e2	0x10de
0x10e4	0x10de
0x10e5	0x10de
0x10e6	0x10de
0x10e7	0x10de
0x10f7	0x10f6
0x10f8	0x10f6
0x10f9	0x10f6
0x10fa	0x10f6
0x1100	0x10fcB0x2d8B0x8b
0x1106	0x1105B0x2d8B0x8b
0x1108	0x1105B0x2d8B0x8b
0x1109	0x1105B0x2d8B0x8b
0x110f	0x110bB0x2d8B0x8b
0x1111	0x110bB0x2d8B0x8b
0x1112	0x110bB0x2d8B0x8b
0x1117	0x110bB0x2d8B0x8b
0x1119	0x110bB0x2d8B0x8b
0x1124	0x111eB0x2d8B0x8b
0x1126	0x111eB0x2d8B0x8b
0x112c	0x112bB0x2d8B0x8b
0x112d	0x112bB0x2d8B0x8b
0x112e	0x112bB0x2d8B0x8b
0x112f	0x112bB0x2d8B0x8b
0x1130	0x112bB0x2d8B0x8b
0x1136	0x1132B0x13bbB0x62a
0x1136	0x1132B0x13bbB0x755
0x1136	0x1132B0x13bbB0xa4e
0x1136	0x1132B0x1219B0x2edB0x8b
0x113c	0x113bB0x13bbB0x62a
0x113c	0x113bB0x13bbB0x755
0x113c	0x113bB0x13bbB0xa4e
0x113c	0x113bB0x1219B0x2edB0x8b
0x113e	0x113bB0x13bbB0x62a
0x113e	0x113bB0x13bbB0x755
0x113e	0x113bB0x13bbB0xa4e
0x113e	0x113bB0x1219B0x2edB0x8b
0x113f	0x113bB0x13bbB0x62a
0x113f	0x113bB0x13bbB0x755
0x113f	0x113bB0x13bbB0xa4e
0x113f	0x113bB0x1219B0x2edB0x8b
0x1143	0x1141B0x1180B0x2edB0x8b
0x1144	0x1141B0x1180B0x2edB0x8b
0x1145	0x1141B0x1180B0x2edB0x8b
0x1146	0x1141B0x1180B0x2edB0x8b
0x1147	0x1141B0x1180B0x2edB0x8b
0x1148	0x1141B0x1180B0x2edB0x8b
0x114e	0x114aB0x1180B0x2edB0x8b
0x1150	0x114aB0x1180B0x2edB0x8b
0x1151	0x114aB0x1180B0x2edB0x8b
0x1152	0x114aB0x1180B0x2edB0x8b
0x1153	0x114aB0x1180B0x2edB0x8b
0x1154	0x114aB0x1180B0x2edB0x8b
0x1158	0x1156B0x1180B0x2edB0x8b
0x1159	0x1156B0x1180B0x2edB0x8b
0x115a	0x1156B0x1180B0x2edB0x8b
0x115b	0x1156B0x1180B0x2edB0x8b
0x115c	0x1156B0x1180B0x2edB0x8b
0x115d	0x1156B0x1180B0x2edB0x8b
0x116a	0x115fB0x1180B0x2edB0x8b
0x117a	0x1179B0x1180B0x2edB0x8b
0x117b	0x1179B0x1180B0x2edB0x8b
0x117c	0x1179B0x1180B0x2edB0x8b
0x117d	0x1179B0x1180B0x2edB0x8b
0x117e	0x1179B0x1180B0x2edB0x8b
0x1184	0x1180B0x2edB0x8b
0x118a	0x1189B0x2edB0x8b
0x118c	0x1189B0x2edB0x8b
0x118d	0x1189B0x2edB0x8b
0x1191	0x118fB0x126dB0x549
0x1191	0x118fB0x126dB0x30fB0x8b
0x1191	0x118fB0x11e1B0x2edB0x8b
0x1193	0x118fB0x126dB0x549
0x1193	0x118fB0x126dB0x30fB0x8b
0x1193	0x118fB0x11e1B0x2edB0x8b
0x1194	0x118fB0x126dB0x549
0x1194	0x118fB0x126dB0x30fB0x8b
0x1194	0x118fB0x11e1B0x2edB0x8b
0x1195	0x118fB0x126dB0x549
0x1195	0x118fB0x126dB0x30fB0x8b
0x1195	0x118fB0x11e1B0x2edB0x8b
0x1196	0x118fB0x126dB0x549
0x1196	0x118fB0x126dB0x30fB0x8b
0x1196	0x118fB0x11e1B0x2edB0x8b
0x1197	0x118fB0x126dB0x549
0x1197	0x118fB0x126dB0x30fB0x8b
0x1197	0x118fB0x11e1B0x2edB0x8b
0x119b	0x1199B0x2edB0x8b
0x119c	0x1199B0x2edB0x8b
0x11a0	0x1199B0x2edB0x8b
0x11a2	0x1199B0x2edB0x8b
0x11a3	0x1199B0x2edB0x8b
0x11a4	0x1199B0x2edB0x8b
0x11a5	0x1199B0x2edB0x8b
0x11a6	0x1199B0x2edB0x8b
0x11a7	0x1199B0x2edB0x8b
0x11ac	0x11abB0x1281B0x549
0x11ac	0x11abB0x1281B0x30fB0x8b
0x11ac	0x11abB0x11f5B0x2edB0x8b
0x11ad	0x11abB0x1281B0x549
0x11ad	0x11abB0x1281B0x30fB0x8b
0x11ad	0x11abB0x11f5B0x2edB0x8b
0x11b5	0x11b4B0x1281B0x549
0x11b5	0x11b4B0x1281B0x30fB0x8b
0x11b5	0x11b4B0x11f5B0x2edB0x8b
0x11b8	0x11b4B0x1281B0x549
0x11b8	0x11b4B0x1281B0x30fB0x8b
0x11b8	0x11b4B0x11f5B0x2edB0x8b
0x11b9	0x11b4B0x1281B0x549
0x11b9	0x11b4B0x1281B0x30fB0x8b
0x11b9	0x11b4B0x11f5B0x2edB0x8b
0x11be	0x11b4B0x1281B0x549
0x11be	0x11b4B0x1281B0x30fB0x8b
0x11be	0x11b4B0x11f5B0x2edB0x8b
0x11c0	0x11b4B0x1281B0x549
0x11c0	0x11b4B0x1281B0x30fB0x8b
0x11c0	0x11b4B0x11f5B0x2edB0x8b
0x11c1	0x11b4B0x1281B0x549
0x11c1	0x11b4B0x1281B0x30fB0x8b
0x11c1	0x11b4B0x11f5B0x2edB0x8b
0x11c8	0x11c6B0x1281B0x549
0x11c8	0x11c6B0x1281B0x30fB0x8b
0x11c8	0x11c6B0x11f5B0x2edB0x8b
0x11c9	0x11c6B0x1281B0x549
0x11c9	0x11c6B0x1281B0x30fB0x8b
0x11c9	0x11c6B0x11f5B0x2edB0x8b
0x11cc	0x11c6B0x1281B0x549
0x11cc	0x11c6B0x1281B0x30fB0x8b
0x11cc	0x11c6B0x11f5B0x2edB0x8b
0x11cd	0x11c6B0x1281B0x549
0x11cd	0x11c6B0x1281B0x30fB0x8b
0x11cd	0x11c6B0x11f5B0x2edB0x8b
0x11ce	0x11c6B0x1281B0x549
0x11ce	0x11c6B0x1281B0x30fB0x8b
0x11ce	0x11c6B0x11f5B0x2edB0x8b
0x11cf	0x11c6B0x1281B0x549
0x11cf	0x11c6B0x1281B0x30fB0x8b
0x11cf	0x11c6B0x11f5B0x2edB0x8b
0x11d8	0x11d1B0x2edB0x8b
0x11db	0x11d1B0x2edB0x8b
0x11dc	0x11d1B0x2edB0x8b
0x11dd	0x11d1B0x2edB0x8b
0x11de	0x11d1B0x2edB0x8b
0x11df	0x11d1B0x2edB0x8b
0x11e6	0x11e1B0x2edB0x8b
0x11ef	0x11ebB0x2edB0x8b
0x11f0	0x11ebB0x2edB0x8b
0x11f6	0x11f5B0x2edB0x8b
0x11f7	0x11f5B0x2edB0x8b
0x11fb	0x11f5B0x2edB0x8b
0x11fc	0x11f5B0x2edB0x8b
0x11ff	0x11f5B0x2edB0x8b
0x1209	0x1205B0x2edB0x8b
0x120f	0x120eB0x2edB0x8b
0x1211	0x120eB0x2edB0x8b
0x1212	0x120eB0x2edB0x8b
0x1213	0x120eB0x2edB0x8b
0x1214	0x120eB0x2edB0x8b
0x1215	0x120eB0x2edB0x8b
0x1216	0x120eB0x2edB0x8b
0x1217	0x120eB0x2edB0x8b
0x121d	0x1219B0x2edB0x8b
0x121f	0x1219B0x2edB0x8b
0x1220	0x1219B0x2edB0x8b
0x1225	0x1219B0x2edB0x8b
0x1227	0x1219B0x2edB0x8b
0x1232	0x122cB0x2edB0x8b
0x1234	0x122cB0x2edB0x8b
0x123f	0x1239B0x2edB0x8b
0x1241	0x1239B0x2edB0x8b
0x1247	0x1246B0x2edB0x8b
0x1248	0x1246B0x2edB0x8b
0x124c	0x1246B0x2edB0x8b
0x1252	0x1246B0x2edB0x8b
0x1253	0x1246B0x2edB0x8b
0x1259	0x1258B0x2edB0x8b
0x125a	0x1258B0x2edB0x8b
0x125b	0x1258B0x2edB0x8b
0x125c	0x1258B0x2edB0x8b
0x125d	0x1258B0x2edB0x8b
0x125e	0x1258B0x2edB0x8b
0x125f	0x1258B0x2edB0x8b
0x1260	0x1258B0x2edB0x8b
0x1261	0x1258B0x2edB0x8b
0x1265	0x1263B0x549
0x1265	0x1263B0x30fB0x8b
0x1266	0x1263B0x549
0x1266	0x1263B0x30fB0x8b
0x1267	0x1263B0x549
0x1267	0x1263B0x30fB0x8b
0x1268	0x1263B0x549
0x1268	0x1263B0x30fB0x8b
0x1269	0x1263B0x549
0x1269	0x1263B0x30fB0x8b
0x126a	0x1263B0x549
0x126a	0x1263B0x30fB0x8b
0x126b	0x1263B0x549
0x126b	0x1263B0x30fB0x8b
0x1272	0x126dB0x549
0x1272	0x126dB0x30fB0x8b
0x127b	0x1277B0x549
0x127b	0x1277B0x30fB0x8b
0x127c	0x1277B0x549
0x127c	0x1277B0x30fB0x8b
0x1282	0x1281B0x549
0x1282	0x1281B0x30fB0x8b
0x1283	0x1281B0x549
0x1283	0x1281B0x30fB0x8b
0x1287	0x1281B0x549
0x1287	0x1281B0x30fB0x8b
0x1288	0x1281B0x549
0x1288	0x1281B0x30fB0x8b
0x128b	0x1281B0x549
0x128b	0x1281B0x30fB0x8b
0x1292	0x1291B0x549
0x1292	0x1291B0x30fB0x8b
0x1293	0x1291B0x549
0x1293	0x1291B0x30fB0x8b
0x1295	0x1291B0x549
0x1295	0x1291B0x30fB0x8b
0x1296	0x1291B0x549
0x1296	0x1291B0x30fB0x8b
0x1297	0x1291B0x549
0x1297	0x1291B0x30fB0x8b
0x1298	0x1291B0x549
0x1298	0x1291B0x30fB0x8b
0x1299	0x1291B0x549
0x1299	0x1291B0x30fB0x8b
0x129a	0x1291B0x549
0x129a	0x1291B0x30fB0x8b
0x129b	0x1291B0x549
0x129b	0x1291B0x30fB0x8b
0x12a2	0x129dB0x549
0x12a2	0x129dB0x30fB0x8b
0x12a3	0x129dB0x549
0x12a3	0x129dB0x30fB0x8b
0x12a9	0x12a8B0x549
0x12a9	0x12a8B0x30fB0x8b
0x12aa	0x12a8B0x549
0x12aa	0x12a8B0x30fB0x8b
0x12ab	0x12a8B0x549
0x12ab	0x12a8B0x30fB0x8b
0x12ac	0x12a8B0x549
0x12ac	0x12a8B0x30fB0x8b
0x12ad	0x12a8B0x549
0x12ad	0x12a8B0x30fB0x8b
0x12ae	0x12a8B0x549
0x12ae	0x12a8B0x30fB0x8b
0x12af	0x12a8B0x549
0x12af	0x12a8B0x30fB0x8b
0x12b0	0x12a8B0x549
0x12b0	0x12a8B0x30fB0x8b
0x12b1	0x12a8B0x549
0x12b1	0x12a8B0x30fB0x8b
0x12d6	0x12b3B0x46eB0x8b
0x12d9	0x12b3B0x46eB0x8b
0x12e2	0x12dbB0x46eB0x8b
0x12e8	0x12e7B0x46eB0x8b
0x12e9	0x12e7B0x46eB0x8b
0x12ed	0x12e7B0x46eB0x8b
0x12f5	0x12f2B0x46eB0x8b
0x12f7	0x12f2B0x46eB0x8b
0x12f8	0x12f2B0x46eB0x8b
0x12f9	0x12f2B0x46eB0x8b
0x12fa	0x12f2B0x46eB0x8b
0x12fb	0x12f2B0x46eB0x8b
0x1301	0x12fdB0x46eB0x8b
0x1303	0x12fdB0x46eB0x8b
0x1304	0x12fdB0x46eB0x8b
0x1305	0x12fdB0x46eB0x8b
0x1306	0x12fdB0x46eB0x8b
0x1309	0x12fdB0x46eB0x8b
0x130f	0x12fdB0x46eB0x8b
0x1315	0x1314B0x46eB0x8b
0x1316	0x1314B0x46eB0x8b
0x1317	0x1314B0x46eB0x8b
0x1318	0x1314B0x46eB0x8b
0x1319	0x1314B0x46eB0x8b
0x131d	0x131bB0x1380B0x503
0x131f	0x131bB0x1380B0x503
0x1320	0x131bB0x1380B0x503
0x1324	0x131bB0x1380B0x503
0x132a	0x1329B0x1380B0x503
0x132b	0x1329B0x1380B0x503
0x132c	0x1329B0x1380B0x503
0x132d	0x1329B0x1380B0x503
0x1334	0x132fB0x1340B0x1356B0x138dB0x503
0x133a	0x1339B0x1340B0x1356B0x138dB0x503
0x133b	0x1339B0x1340B0x1356B0x138dB0x503
0x133c	0x1339B0x1340B0x1356B0x138dB0x503
0x133d	0x1339B0x1340B0x1356B0x138dB0x503
0x133e	0x1339B0x1340B0x1356B0x138dB0x503
0x1344	0x1340B0x1356B0x138dB0x503
0x134a	0x1349B0x1356B0x138dB0x503
0x1351	0x1350B0x1356B0x138dB0x503
0x1354	0x1353B0x1356B0x138dB0x503
0x1358	0x1356B0x138dB0x503
0x135a	0x1356B0x138dB0x503
0x135b	0x1356B0x138dB0x503
0x135f	0x1356B0x138dB0x503
0x1365	0x1364B0x138dB0x503
0x1366	0x1364B0x138dB0x503
0x1367	0x1364B0x138dB0x503
0x1368	0x1364B0x138dB0x503
0x136c	0x136aB0x503
0x136f	0x136aB0x503
0x1370	0x136aB0x503
0x1385	0x1380B0x503
0x1386	0x1380B0x503
0x1387	0x1380B0x503
0x138e	0x138dB0x503
0x138f	0x138dB0x503
0x1390	0x138dB0x503
0x1396	0x138dB0x503
0x1397	0x138dB0x503
0x1398	0x138dB0x503
0x139f	0x139eB0x503
0x13a0	0x139eB0x503
0x13a1	0x139eB0x503
0x13a2	0x139eB0x503
0x13a3	0x139eB0x503
0x13a4	0x139eB0x503
0x13a5	0x139eB0x503
0x13a6	0x139eB0x503
0x13ac	0x13a8B0x62a
0x13ac	0x13a8B0x755
0x13ac	0x13a8B0xa4e
0x13ae	0x13a8B0x62a
0x13ae	0x13a8B0x755
0x13ae	0x13a8B0xa4e
0x13af	0x13a8B0x62a
0x13af	0x13a8B0x755
0x13af	0x13a8B0xa4e
0x13b4	0x13a8B0x62a
0x13b4	0x13a8B0x755
0x13b4	0x13a8B0xa4e
0x13b6	0x13a8B0x62a
0x13b6	0x13a8B0x755
0x13b6	0x13a8B0xa4e
0x13c1	0x13bbB0x62a
0x13c1	0x13bbB0x755
0x13c1	0x13bbB0xa4e
0x13c3	0x13bbB0x62a
0x13c3	0x13bbB0x755
0x13c3	0x13bbB0xa4e
0x13c9	0x13c8B0x62a
0x13c9	0x13c8B0x755
0x13c9	0x13c8B0xa4e
0x13ca	0x13c8B0x62a
0x13ca	0x13c8B0x755
0x13ca	0x13c8B0xa4e
0x13cb	0x13c8B0x62a
0x13cb	0x13c8B0x755
0x13cb	0x13c8B0xa4e
0x13cc	0x13c8B0x62a
0x13cc	0x13c8B0x755
0x13cc	0x13c8B0xa4e
0x13cd	0x13c8B0x62a
0x13cd	0x13c8B0x755
0x13cd	0x13c8B0xa4e
0x13d1	0x13cfB0x13f0B0x1419B0x695
0x13d1	0x13cfB0x13f0B0x1419B0x78e
0x13d1	0x13cfB0x13f0B0x1419B0xa87
0x13d4	0x13cfB0x13f0B0x1419B0x695
0x13d4	0x13cfB0x13f0B0x1419B0x78e
0x13d4	0x13cfB0x13f0B0x1419B0xa87
0x13d5	0x13cfB0x13f0B0x1419B0x695
0x13d5	0x13cfB0x13f0B0x1419B0x78e
0x13d5	0x13cfB0x13f0B0x1419B0xa87
0x13d6	0x13cfB0x13f0B0x1419B0x695
0x13d6	0x13cfB0x13f0B0x1419B0x78e
0x13d6	0x13cfB0x13f0B0x1419B0xa87
0x13d7	0x13cfB0x13f0B0x1419B0x695
0x13d7	0x13cfB0x13f0B0x1419B0x78e
0x13d7	0x13cfB0x13f0B0x1419B0xa87
0x13d8	0x13cfB0x13f0B0x1419B0x695
0x13d8	0x13cfB0x13f0B0x1419B0x78e
0x13d8	0x13cfB0x13f0B0x1419B0xa87
0x13de	0x13daB0x13f0B0x1419B0x695
0x13de	0x13daB0x13f0B0x1419B0x78e
0x13de	0x13daB0x13f0B0x1419B0xa87
0x13e4	0x13e3B0x13f0B0x1419B0x695
0x13e4	0x13e3B0x13f0B0x1419B0x78e
0x13e4	0x13e3B0x13f0B0x1419B0xa87
0x13eb	0x13eaB0x13f0B0x1419B0x695
0x13eb	0x13eaB0x13f0B0x1419B0x78e
0x13eb	0x13eaB0x13f0B0x1419B0xa87
0x13ee	0x13edB0x13f0B0x1419B0x695
0x13ee	0x13edB0x13f0B0x1419B0x78e
0x13ee	0x13edB0x13f0B0x1419B0xa87
0x13f2	0x13f0B0x1419B0x695
0x13f2	0x13f0B0x1419B0x78e
0x13f2	0x13f0B0x1419B0xa87
0x13f4	0x13f0B0x1419B0x695
0x13f4	0x13f0B0x1419B0x78e
0x13f4	0x13f0B0x1419B0xa87
0x13f5	0x13f0B0x1419B0x695
0x13f5	0x13f0B0x1419B0x78e
0x13f5	0x13f0B0x1419B0xa87
0x13f9	0x13f0B0x1419B0x695
0x13f9	0x13f0B0x1419B0x78e
0x13f9	0x13f0B0x1419B0xa87
0x13ff	0x13feB0x1419B0x695
0x13ff	0x13feB0x1419B0x78e
0x13ff	0x13feB0x1419B0xa87
0x1400	0x13feB0x1419B0x695
0x1400	0x13feB0x1419B0x78e
0x1400	0x13feB0x1419B0xa87
0x1401	0x13feB0x1419B0x695
0x1401	0x13feB0x1419B0x78e
0x1401	0x13feB0x1419B0xa87
0x1402	0x13feB0x1419B0x695
0x1402	0x13feB0x1419B0x78e
0x1402	0x13feB0x1419B0xa87
0x1408	0x1404B0x695
0x1408	0x1404B0x78e
0x1408	0x1404B0xa87
0x1409	0x1404B0x695
0x1409	0x1404B0x78e
0x1409	0x1404B0xa87
0x141e	0x1419B0x695
0x141e	0x1419B0x78e
0x141e	0x1419B0xa87
0x141f	0x1419B0x695
0x141f	0x1419B0x78e
0x141f	0x1419B0xa87
0x1420	0x1419B0x695
0x1420	0x1419B0x78e
0x1420	0x1419B0xa87
0x1427	0x1426B0x695
0x1427	0x1426B0x78e
0x1427	0x1426B0xa87
0x1428	0x1426B0x695
0x1428	0x1426B0x78e
0x1428	0x1426B0xa87
0x1429	0x1426B0x695
0x1429	0x1426B0x78e
0x1429	0x1426B0xa87
0x142a	0x1426B0x695
0x142a	0x1426B0x78e
0x142a	0x1426B0xa87
0x142b	0x1426B0x695
0x142b	0x1426B0x78e
0x142b	0x1426B0xa87
0x142c	0x1426B0x695
0x142c	0x1426B0x78e
0x142c	0x1426B0xa87
0x142d	0x1426B0x695
0x142d	0x1426B0x78e
0x142d	0x1426B0xa87
0x1433	0x142fB0x148dB0x1505B0x8f1
0x1433	0x142fB0x14b3B0x1505B0x8f1
0x1433	0x142fB0x1479B0x1505B0x8f1
0x1433	0x142fB0x148dB0x1505B0xbea
0x1433	0x142fB0x14b3B0x1505B0xbea
0x1433	0x142fB0x1479B0x1505B0xbea
0x1439	0x1438B0x148dB0x1505B0x8f1
0x1439	0x1438B0x14b3B0x1505B0x8f1
0x1439	0x1438B0x1479B0x1505B0x8f1
0x1439	0x1438B0x148dB0x1505B0xbea
0x1439	0x1438B0x14b3B0x1505B0xbea
0x1439	0x1438B0x1479B0x1505B0xbea
0x143b	0x1438B0x148dB0x1505B0x8f1
0x143b	0x1438B0x14b3B0x1505B0x8f1
0x143b	0x1438B0x1479B0x1505B0x8f1
0x143b	0x1438B0x148dB0x1505B0xbea
0x143b	0x1438B0x14b3B0x1505B0xbea
0x143b	0x1438B0x1479B0x1505B0xbea
0x143c	0x1438B0x148dB0x1505B0x8f1
0x143c	0x1438B0x14b3B0x1505B0x8f1
0x143c	0x1438B0x1479B0x1505B0x8f1
0x143c	0x1438B0x148dB0x1505B0xbea
0x143c	0x1438B0x14b3B0x1505B0xbea
0x143c	0x1438B0x1479B0x1505B0xbea
0x1444	0x143eB0x1505B0x8f1
0x1444	0x143eB0x1505B0xbea
0x1446	0x143eB0x1505B0x8f1
0x1446	0x143eB0x1505B0xbea
0x1447	0x143eB0x1505B0x8f1
0x1447	0x143eB0x1505B0xbea
0x1448	0x143eB0x1505B0x8f1
0x1448	0x143eB0x1505B0xbea
0x1449	0x143eB0x1505B0x8f1
0x1449	0x143eB0x1505B0xbea
0x144a	0x143eB0x1505B0x8f1
0x144a	0x143eB0x1505B0xbea
0x1450	0x144cB0x1505B0x8f1
0x1450	0x144cB0x1505B0xbea
0x1456	0x1455B0x1505B0x8f1
0x1456	0x1455B0x1505B0xbea
0x1458	0x1455B0x1505B0x8f1
0x1458	0x1455B0x1505B0xbea
0x1459	0x1455B0x1505B0x8f1
0x1459	0x1455B0x1505B0xbea
0x145f	0x145bB0x14c6B0x1505B0x8f1
0x145f	0x145bB0x14d9B0x1505B0x8f1
0x145f	0x145bB0x14c6B0x1505B0xbea
0x145f	0x145bB0x14d9B0x1505B0xbea
0x1465	0x1464B0x14c6B0x1505B0x8f1
0x1465	0x1464B0x14d9B0x1505B0x8f1
0x1465	0x1464B0x14c6B0x1505B0xbea
0x1465	0x1464B0x14d9B0x1505B0xbea
0x1467	0x1464B0x14c6B0x1505B0x8f1
0x1467	0x1464B0x14d9B0x1505B0x8f1
0x1467	0x1464B0x14c6B0x1505B0xbea
0x1467	0x1464B0x14d9B0x1505B0xbea
0x1468	0x1464B0x14c6B0x1505B0x8f1
0x1468	0x1464B0x14d9B0x1505B0x8f1
0x1468	0x1464B0x14c6B0x1505B0xbea
0x1468	0x1464B0x14d9B0x1505B0xbea
0x146e	0x146aB0x1505B0x8f1
0x146e	0x146aB0x1505B0xbea
0x1474	0x1473B0x1505B0x8f1
0x1474	0x1473B0x1505B0xbea
0x1476	0x1473B0x1505B0x8f1
0x1476	0x1473B0x1505B0xbea
0x1477	0x1473B0x1505B0x8f1
0x1477	0x1473B0x1505B0xbea
0x147c	0x1479B0x1505B0x8f1
0x147c	0x1479B0x1505B0xbea
0x147f	0x1479B0x1505B0x8f1
0x147f	0x1479B0x1505B0xbea
0x1486	0x1479B0x1505B0x8f1
0x1486	0x1479B0x1505B0xbea
0x1488	0x1479B0x1505B0x8f1
0x1488	0x1479B0x1505B0xbea
0x148e	0x148dB0x1505B0x8f1
0x148e	0x148dB0x1505B0xbea
0x1491	0x148dB0x1505B0x8f1
0x1491	0x148dB0x1505B0xbea
0x1499	0x148dB0x1505B0x8f1
0x1499	0x148dB0x1505B0xbea
0x149b	0x148dB0x1505B0x8f1
0x149b	0x148dB0x1505B0xbea
0x14a1	0x14a0B0x1505B0x8f1
0x14a1	0x14a0B0x1505B0xbea
0x14a4	0x14a0B0x1505B0x8f1
0x14a4	0x14a0B0x1505B0xbea
0x14ac	0x14a0B0x1505B0x8f1
0x14ac	0x14a0B0x1505B0xbea
0x14ae	0x14a0B0x1505B0x8f1
0x14ae	0x14a0B0x1505B0xbea
0x14b4	0x14b3B0x1505B0x8f1
0x14b4	0x14b3B0x1505B0xbea
0x14b7	0x14b3B0x1505B0x8f1
0x14b7	0x14b3B0x1505B0xbea
0x14bf	0x14b3B0x1505B0x8f1
0x14bf	0x14b3B0x1505B0xbea
0x14c1	0x14b3B0x1505B0x8f1
0x14c1	0x14b3B0x1505B0xbea
0x14c7	0x14c6B0x1505B0x8f1
0x14c7	0x14c6B0x1505B0xbea
0x14ca	0x14c6B0x1505B0x8f1
0x14ca	0x14c6B0x1505B0xbea
0x14d2	0x14c6B0x1505B0x8f1
0x14d2	0x14c6B0x1505B0xbea
0x14d4	0x14c6B0x1505B0x8f1
0x14d4	0x14c6B0x1505B0xbea
0x14da	0x14d9B0x1505B0x8f1
0x14da	0x14d9B0x1505B0xbea
0x14dd	0x14d9B0x1505B0x8f1
0x14dd	0x14d9B0x1505B0xbea
0x14e5	0x14d9B0x1505B0x8f1
0x14e5	0x14d9B0x1505B0xbea
0x14e7	0x14d9B0x1505B0x8f1
0x14e7	0x14d9B0x1505B0xbea
0x14ed	0x14ecB0x1505B0x8f1
0x14ed	0x14ecB0x1505B0xbea
0x14f0	0x14ecB0x1505B0x8f1
0x14f0	0x14ecB0x1505B0xbea
0x14f8	0x14ecB0x1505B0x8f1
0x14f8	0x14ecB0x1505B0xbea
0x14fa	0x14ecB0x1505B0x8f1
0x14fa	0x14ecB0x1505B0xbea
0x1500	0x14ffB0x1505B0x8f1
0x1500	0x14ffB0x1505B0xbea
0x1501	0x14ffB0x1505B0x8f1
0x1501	0x14ffB0x1505B0xbea
0x1502	0x14ffB0x1505B0x8f1
0x1502	0x14ffB0x1505B0xbea
0x1503	0x14ffB0x1505B0x8f1
0x1503	0x14ffB0x1505B0xbea
0x1509	0x1505B0x8f1
0x1509	0x1505B0xbea
0x150b	0x1505B0x8f1
0x150b	0x1505B0xbea
0x150c	0x1505B0x8f1
0x150c	0x1505B0xbea
0x1511	0x1505B0x8f1
0x1511	0x1505B0xbea
0x1513	0x1505B0x8f1
0x1513	0x1505B0xbea
0x1519	0x1518B0x8f1
0x1519	0x1518B0xbea
0x151a	0x1518B0x8f1
0x151a	0x1518B0xbea
0x151b	0x1518B0x8f1
0x151b	0x1518B0xbea
0x151c	0x1518B0x8f1
0x151c	0x1518B0xbea
0x2ab2	0x2ab0
0x2ad5	0x2ad3
0x2af8	0x2af6B0x4d
0x2af8	0x2af6B0x9d
0x2b1b	0x2b19B0x75
0x2b3e	0x2b3cB0x8cd
0x2b3e	0x2b3cB0x991
0x2b3e	0x2b3cB0xbc6
0x2b3e	0x2b3cB0xc8a
0x2b3e	0x2b3cB0x2aaB0x8b
0x2b3e	0x2b3cB0x444B0x8b
0x2b61	0x2b5fB0x503
0x2b84	0x2b82B0x695
0x2b84	0x2b82B0x78e
0x2b84	0x2b82B0xa87
