{
  "usenix_name_rule": {
    "M0": {
      "mean": 0.03780909437975973,
      "std": 0.03359968984275803,
      "folds": [
        0.013157894736842105,
        0.025974025974025976,
        0.03870967741935484,
        0.009433962264150943,
        0.10176991150442478
      ]
    },
    "M1": {
      "mean": 0.03780909437975973,
      "std": 0.03359968984275803,
      "folds": [
        0.013157894736842105,
        0.025974025974025976,
        0.03870967741935484,
        0.009433962264150943,
        0.10176991150442478
      ]
    },
    "M2": {
      "mean": 0.03780909437975973,
      "std": 0.03359968984275803,
      "folds": [
        0.013157894736842105,
        0.025974025974025976,
        0.03870967741935484,
        0.009433962264150943,
        0.10176991150442478
      ]
    },
    "M3": {
      "mean": 0.0,
      "std": 0.0,
      "folds": [
        0.0,
        0.0,
        0.0,
        0.0,
        0.0
      ]
    }
  },
  "usenix_struct_rule": {
    "M0": {
      "mean": 1.0,
      "std": 0.0,
      "folds": [
        1.0,
        1.0,
        1.0,
        1.0,
        1.0
      ]
    },
    "M1": {
      "mean": 1.0,
      "std": 0.0,
      "folds": [
        1.0,
        1.0,
        1.0,
        1.0,
        1.0
      ]
    },
    "M2": {
      "mean": 1.0,
      "std": 0.0,
      "folds": [
        1.0,
        1.0,
        1.0,
        1.0,
        1.0
      ]
    },
    "M3": {
      "mean": 1.0,
      "std": 0.0,
      "folds": [
        1.0,
        1.0,
        1.0,
        1.0,
        1.0
      ]
    }
  },
  "blocklist": {
    "M0": {
      "mean": 0.0,
      "std": 0.0,
      "folds": [
        0.0,
        0.0,
        0.0,
        0.0,
        0.0
      ]
    },
    "M1": {
      "mean": 0.0,
      "std": 0.0,
      "folds": [
        0.0,
        0.0,
        0.0,
        0.0,
        0.0
      ]
    },
    "M2": {
      "mean": 0.0,
      "std": 0.0,
      "folds": [
        0.0,
        0.0,
        0.0,
        0.0,
        0.0
      ]
    },
    "M3": {
      "mean": 0.0,
      "std": 0.0,
      "folds": [
        0.0,
        0.0,
        0.0,
        0.0,
        0.0
      ]
    }
  },
  "opcode_xgb": {
    "M0": {
      "mean": 0.6563059509172913,
      "std": 0.10464657506470584,
      "folds": [
        0.4868421052631579,
        0.6428571428571429,
        0.7354838709677419,
        0.7924528301886793,
        0.6238938053097345
      ]
    },
    "M1": {
      "mean": 0.6593284789302956,
      "std": 0.10515132680818333,
      "folds": [
        0.47368421052631576,
        0.7077922077922078,
        0.7548387096774194,
        0.7452830188679245,
        0.6150442477876106
      ]
    },
    "M2": {
      "mean": 0.518018970310547,
      "std": 0.11257714853968175,
      "folds": [
        0.3618421052631579,
        0.44805194805194803,
        0.5870967741935483,
        0.6886792452830188,
        0.504424778761062
      ]
    },
    "M3": {
      "mean": 0.518018970310547,
      "std": 0.11257714853968175,
      "folds": [
        0.3618421052631579,
        0.44805194805194803,
        0.5870967741935483,
        0.6886792452830188,
        0.504424778761062
      ]
    }
  },
  "selector_model": {
    "M0": {
      "mean": 0.6166613577313117,
      "std": 0.0897331750966904,
      "folds": [
        0.506578947368421,
        0.6428571428571429,
        0.7419354838709677,
        0.6698113207547169,
        0.5221238938053098
      ]
    },
    "M1": {
      "mean": 0.621268071771988,
      "std": 0.09164653874435039,
      "folds": [
        0.506578947368421,
        0.6753246753246753,
        0.7419354838709677,
        0.660377358490566,
        0.5221238938053098
      ]
    },
    "M2": {
      "mean": 0.6225032309673549,
      "std": 0.10538434878563241,
      "folds": [
        0.4407894736842105,
        0.6753246753246753,
        0.7419354838709677,
        0.6792452830188679,
        0.5752212389380531
      ]
    },
    "M3": {
      "mean": 0.6207333194629301,
      "std": 0.10623446333085779,
      "folds": [
        0.4407894736842105,
        0.6753246753246753,
        0.7419354838709677,
        0.6792452830188679,
        0.5663716814159292
      ]
    }
  },
  "authguard": {
    "M0": {
      "mean": 0.6410477652057163,
      "std": 0.13460395816945078,
      "folds": [
        0.42105263157894735,
        0.6103896103896104,
        0.7612903225806451,
        0.8018867924528302,
        0.6106194690265486
      ]
    },
    "M1": {
      "mean": 0.6677195043491728,
      "std": 0.14148023951052333,
      "folds": [
        0.4276315789473684,
        0.6688311688311688,
        0.7741935483870968,
        0.839622641509434,
        0.6283185840707964
      ]
    },
    "M2": {
      "mean": 0.5878156957928702,
      "std": 0.11064219379211013,
      "folds": [
        0.4342105263157895,
        0.564935064935065,
        0.7096774193548387,
        0.7169811320754716,
        0.5132743362831859
      ]
    },
    "M3": {
      "mean": 0.5878156957928702,
      "std": 0.11064219379211013,
      "folds": [
        0.4342105263157895,
        0.564935064935065,
        0.7096774193548387,
        0.7169811320754716,
        0.5132743362831859
      ]
    }
  }
}