{
  "opcode_xgb": {
    "0.0": {
      "mean": 0.6593284789302956,
      "std": 0.10515132680818333
    },
    "0.25": {
      "mean": 0.5227988435917049,
      "std": 0.12516760783019648
    },
    "0.5": {
      "mean": 0.49750943229816924,
      "std": 0.12429641582351625
    },
    "1.0": {
      "mean": 0.47328855599291264,
      "std": 0.16490994542089865
    },
    "2.0": {
      "mean": 0.48538463564771844,
      "std": 0.15880741304526666
    }
  },
  "authguard": {
    "0.0": {
      "mean": 0.6677195043491728,
      "std": 0.14148023951052333
    },
    "0.25": {
      "mean": 0.5667573034816986,
      "std": 0.13366684594495495
    },
    "0.5": {
      "mean": 0.5004941770906354,
      "std": 0.1369727635732703
    },
    "1.0": {
      "mean": 0.31034907180336646,
      "std": 0.12761959355719038
    },
    "2.0": {
      "mean": 0.1387687130283985,
      "std": 0.0988596914119634
    }
  },
  "usenix_struct_rule": {
    "0.0": {
      "mean": 1.0,
      "std": 0.0
    },
    "0.25": {
      "mean": 1.0,
      "std": 0.0
    },
    "0.5": {
      "mean": 1.0,
      "std": 0.0
    },
    "1.0": {
      "mean": 1.0,
      "std": 0.0
    },
    "2.0": {
      "mean": 1.0,
      "std": 0.0
    }
  },
  "usenix_name_rule": {
    "0.0": {
      "mean": 0.0,
      "std": 0.0
    },
    "0.25": {
      "mean": 0.0,
      "std": 0.0
    },
    "0.5": {
      "mean": 0.0,
      "std": 0.0
    },
    "1.0": {
      "mean": 0.0,
      "std": 0.0
    },
    "2.0": {
      "mean": 0.0,
      "std": 0.0
    }
  }
}