0x0	CONST
0xf	CONST
0x4	MSTORE
0x8	LT
0x3f	CONST
0x2	CONST
0x5	CONST
0x7	CALLDATASIZE
0x9	CONST
0xd	CONST
0xe	CALLDATALOAD
0x11	SHR
0x13	CONST
0x18	GT
0x19	CONST
0x1e	CONST
0x23	GT
0x24	CONST
0x29	CONST
0x2e	EQ
0x34	CONST
0x39	EQ
0x44	EQ
0x4a	CONST
0x4f	EQ
0x54	CONST
0x5a	CONST
0x5f	EQ
0x65	CONST
0x6a	EQ
0x70	CONST
0x75	EQ
0x7b	CONST
0x80	EQ
0x85	CONST
0x8b	CONST
0x90	GT
0x91	CONST
0x96	CONST
0x9b	EQ
0xa1	CONST
0xa6	EQ
0xac	CONST
0xb1	EQ
0xb7	CONST
0xbc	EQ
0xc1	CONST
0xc7	CONST
0xcc	EQ
0xd2	CONST
0xd7	EQ
0xdd	CONST
0xe2	EQ
0xe7	CONST
0xec	CALLDATASIZE
0xed	CONST
0xf1	CONST
0xf4	CONST
0xfb	CONST
0xfe	CONST
0x105	CALLVALUE
0x107	ISZERO
0x108	CONST
0x10c	CONST
0x10d	CONST
0x111	CONST
0x114	CONST
0x119	CONST
0x11b	MLOAD
0x11c	CONST
0x121	CONST
0x126	CONST
0x128	MLOAD
0x12b	SUB
0x12f	CALLVALUE
0x131	ISZERO
0x132	CONST
0x136	CONST
0x137	CONST
0x13b	CONST
0x13e	CONST
0x141	CALLDATASIZE
0x142	SUB
0x144	ADD
0x146	CONST
0x14b	CONST
0x150	CONST
0x155	CONST
0x157	MLOAD
0x158	CONST
0x160	CONST
0x165	CONST
0x167	MLOAD
0x16a	SUB
0x16e	CALLVALUE
0x170	ISZERO
0x171	CONST
0x175	CONST
0x176	CONST
0x17a	CONST
0x17d	CONST
0x180	CALLDATASIZE
0x181	SUB
0x183	ADD
0x185	CONST
0x18a	CONST
0x18f	CONST
0x196	CALLVALUE
0x198	ISZERO
0x199	CONST
0x19d	CONST
0x19e	CONST
0x1a2	CONST
0x1a5	CONST
0x1a8	CALLDATASIZE
0x1a9	SUB
0x1ab	ADD
0x1ad	CONST
0x1b2	CONST
0x1b7	CONST
0x1bc	CONST
0x1be	MLOAD
0x1bf	CONST
0x1c6	CONST
0x1cb	CONST
0x1cd	MLOAD
0x1d0	SUB
0x1d4	CALLVALUE
0x1d6	ISZERO
0x1d7	CONST
0x1db	CONST
0x1dc	CONST
0x1e0	CONST
0x1e3	CONST
0x1e8	CONST
0x1ea	MLOAD
0x1eb	CONST
0x1f0	CONST
0x1f5	CONST
0x1f7	MLOAD
0x1fa	SUB
0x1fe	CALLVALUE
0x200	ISZERO
0x201	CONST
0x205	CONST
0x206	CONST
0x20a	CONST
0x20d	CONST
0x210	CALLDATASIZE
0x211	SUB
0x213	ADD
0x215	CONST
0x21a	CONST
0x21f	CONST
0x224	CONST
0x226	MLOAD
0x227	CONST
0x22e	CONST
0x233	CONST
0x235	MLOAD
0x238	SUB
0x23c	CALLVALUE
0x23e	ISZERO
0x23f	CONST
0x243	CONST
0x244	CONST
0x248	CONST
0x24b	CONST
0x250	CONST
0x252	MLOAD
0x253	CONST
0x258	CONST
0x25d	CONST
0x25f	MLOAD
0x262	SUB
0x266	CALLVALUE
0x268	ISZERO
0x269	CONST
0x26d	CONST
0x26e	CONST
0x272	CONST
0x275	CONST
0x278	CALLDATASIZE
0x279	SUB
0x27b	ADD
0x27d	CONST
0x282	CONST
0x287	CONST
0x28c	CONST
0x28e	MLOAD
0x28f	CONST
0x294	CONST
0x299	CONST
0x29b	MLOAD
0x29e	SUB
0x2a2	CALLVALUE
0x2a4	ISZERO
0x2a5	CONST
0x2a9	CONST
0x2aa	CONST
0x2ae	CONST
0x2b1	CONST
0x2b6	CONST
0x2b8	MLOAD
0x2b9	CONST
0x2be	CONST
0x2c3	CONST
0x2c5	MLOAD
0x2c8	SUB
0x2cc	CALLVALUE
0x2ce	ISZERO
0x2cf	CONST
0x2d3	CONST
0x2d4	CONST
0x2d8	CONST
0x2db	CONST
0x2e0	CONST
0x2e2	MLOAD
0x2e3	CONST
0x2eb	CONST
0x2f0	CONST
0x2f2	MLOAD
0x2f5	SUB
0x2f9	CALLVALUE
0x2fb	ISZERO
0x2fc	CONST
0x300	CONST
0x301	CONST
0x305	CONST
0x308	CONST
0x30b	CALLDATASIZE
0x30c	SUB
0x30e	ADD
0x310	CONST
0x315	CONST
0x31a	CONST
0x321	CALLVALUE
0x323	ISZERO
0x324	CONST
0x328	CONST
0x329	CONST
0x32d	CONST
0x330	CONST
0x337	CALLVALUE
0x339	ISZERO
0x33a	CONST
0x33e	CONST
0x33f	CONST
0x343	CONST
0x346	CONST
0x34b	CONST
0x34d	MLOAD
0x34e	CONST
0x353	CONST
0x358	CONST
0x35a	MLOAD
0x35d	SUB
0x361	CALLVALUE
0x363	ISZERO
0x364	CONST
0x368	CONST
0x369	CONST
0x36d	CONST
0x370	CONST
0x373	CALLDATASIZE
0x374	SUB
0x376	ADD
0x378	CONST
0x37d	CONST
0x382	CONST
0x389	CALLVALUE
0x38b	ISZERO
0x38c	CONST
0x390	CONST
0x391	CONST
0x395	CONST
0x398	CONST
0x39d	CONST
0x39f	MLOAD
0x3a0	CONST
0x3a5	CONST
0x3aa	CONST
0x3ac	MLOAD
0x3af	SUB
0x3b3	CONST
0x3b4	CONST
0x3b5	CONST
0x3ca	CONST
0x3df	AND
0x3e0	SELFBALANCE
0x3e1	GAS
0x3e3	CONST
0x3e5	MLOAD
0x3e6	CONST
0x3ea	CONST
0x3ef	CONST
0x3f0	CONST
0x3f2	MLOAD
0x3f5	SUB
0x3fa	CALL
0x400	RETURNDATASIZE
0x402	CONST
0x404	EQ
0x405	CONST
0x409	CONST
0x40b	MLOAD
0x40e	CONST
0x410	NOT
0x411	CONST
0x413	RETURNDATASIZE
0x414	ADD
0x415	AND
0x417	ADD
0x418	CONST
0x41b	RETURNDATASIZE
0x41e	RETURNDATASIZE
0x41f	CONST
0x420	CONST
0x423	ADD
0x425	CONST
0x42a	CONST
0x434	CONST
0x435	CONST
0x437	MLOAD
0x438	GT
0x439	CONST
0x43d	CONST
0x43f	MLOAD
0x441	CONST
0x443	ADD
0x444	CONST
0x448	CONST
0x44c	CONST
0x44e	ADD
0x44f	CONST
0x473	CONST
0x47f	CONST
0x483	CONST
0x485	MLOAD
0x486	CONST
0x4a9	CONST
0x4ab	ADD
0x4ac	CONST
0x4b1	CONST
0x4b6	CONST
0x4b8	MLOAD
0x4bb	SUB
0x4c5	CONST
0x955	CONST
0x956	CONST
0x958	SLOAD
0x95a	CONST
0x95d	EXP
0x95f	DIV
0x960	CONST
0x975	AND
0x976	CONST
0x98b	AND
0x98c	CALLER
0x98d	CONST
0x9a2	AND
0x9a3	EQ
0x9a4	CONST
0x9a8	CONST
0x9aa	MLOAD
0x9ab	CONST
0x9ce	CONST
0x9d0	ADD
0x9d1	CONST
0x9d5	CONST
0x9da	CONST
0x9dc	MLOAD
0x9df	SUB
0x9e4	CONST
0x9f9	AND
0x9fc	CONST
0x9fd	CONST
0x9fe	CONST
0x9ff	CONST
0xa14	CONST
0xa29	AND
0xa2a	CALLER
0xa2b	CONST
0xa40	AND
0xa41	EQ
0xa43	CONST
0xa48	CONST
0xa5d	CONST
0xa72	AND
0xa73	CALLER
0xa74	CONST
0xa89	AND
0xa8a	EQ
0xa8d	CONST
0xa92	CONST
0xaa7	CONST
0xabc	AND
0xabd	CALLER
0xabe	CONST
0xad3	AND
0xad4	EQ
0xad7	CONST
0xadc	CONST
0xaf1	CONST
0xb06	AND
0xb07	CALLER
0xb08	CONST
0xb1d	AND
0xb1e	EQ
0xb21	CONST
0xb26	CONST
0xb3b	CONST
0xb50	AND
0xb51	CALLER
0xb52	CONST
0xb67	AND
0xb68	EQ
0xb6b	CONST
0xb70	CONST
0xb85	CONST
0xb9a	AND
0xb9b	CALLER
0xb9c	CONST
0xbb1	AND
0xbb2	EQ
0xbb4	CONST
0xbb8	CONST
0xbba	MLOAD
0xbbb	CONST
0xbde	CONST
0xbe0	ADD
0xbe1	CONST
0xbe5	CONST
0xbea	CONST
0xbec	MLOAD
0xbef	SUB
0xbf3	CONST
0xbf4	CONST
0xbf7	SLOAD
0xbf9	CONST
0xbfc	EXP
0xbfe	DIV
0xbff	CONST
0xc01	AND
0xc02	ISZERO
0xc03	CONST
0xc07	CONST
0xc09	MLOAD
0xc0a	CONST
0xc2d	CONST
0xc2f	ADD
0xc30	CONST
0xc34	CONST
0xc39	CONST
0xc3b	MLOAD
0xc3e	SUB
0xc42	CONST
0xc43	CONST
0xc58	AND
0xc5a	CONST
0xc6f	AND
0xc70	SUB
0xc71	CONST
0xc75	CONST
0xc77	MLOAD
0xc78	CONST
0xc9b	CONST
0xc9d	ADD
0xc9e	CONST
0xca2	CONST
0xca7	CONST
0xca9	MLOAD
0xcac	SUB
0xcb0	CONST
0xcb1	CONST
0xcc6	AND
0xcc8	CONST
0xcdd	AND
0xcde	SUB
0xcdf	CONST
0xce3	CONST
0xce5	MLOAD
0xce6	CONST
0xd09	CONST
0xd0b	ADD
0xd0c	CONST
0xd10	CONST
0xd15	CONST
0xd17	MLOAD
0xd1a	SUB
0xd1e	CONST
0xd22	CONST
0xd24	CONST
0xd39	AND
0xd3a	CONST
0xd40	CONST
0xd42	MLOAD
0xd44	CONST
0xd49	AND
0xd4a	CONST
0xd4c	SHL
0xd4f	CONST
0xd51	ADD
0xd52	CONST
0xd57	CONST
0xd5c	CONST
0xd5e	CONST
0xd60	MLOAD
0xd63	SUB
0xd66	GAS
0xd67	STATICCALL
0xd68	ISZERO
0xd6a	ISZERO
0xd6b	CONST
0xd6f	RETURNDATASIZE
0xd70	CONST
0xd71	CONST
0xd73	RETURNDATASIZE
0xd74	CONST
0xd7b	CONST
0xd7d	MLOAD
0xd7e	RETURNDATASIZE
0xd7f	CONST
0xd81	NOT
0xd82	CONST
0xd85	ADD
0xd86	AND
0xd88	ADD
0xd8a	CONST
0xd8f	ADD
0xd91	CONST
0xd96	CONST
0xd9d	CONST
0xd9f	GT
0xda0	CONST
0xda4	CONST
0xda6	MLOAD
0xda7	CONST
0xdca	CONST
0xdcc	ADD
0xdcd	CONST
0xdd1	CONST
0xdd6	CONST
0xdd8	MLOAD
0xddb	SUB
0xddf	CONST
0xde1	CONST
0xde4	CONST
0xde9	CONST
0xdee	CONST
0xdf3	CONST
0xdfc	CONST
0xe01	CONST
0xe08	CONST
0xe0a	GT
0xe0b	ISZERO
0xe0c	CONST
0xe10	CONST
0xe12	CONST
0xe27	AND
0xe28	CONST
0xe2d	CONST
0xe43	CONST
0xe45	MLOAD
0xe47	CONST
0xe4c	AND
0xe4d	CONST
0xe4f	SHL
0xe52	CONST
0xe54	ADD
0xe55	CONST
0xe5b	CONST
0xe60	CONST
0xe62	CONST
0xe64	MLOAD
0xe67	SUB
0xe69	CONST
0xe6b	GAS
0xe6c	CALL
0xe6d	ISZERO
0xe6f	ISZERO
0xe70	CONST
0xe74	RETURNDATASIZE
0xe75	CONST
0xe76	CONST
0xe78	RETURNDATASIZE
0xe79	CONST
0xe80	CONST
0xe82	MLOAD
0xe83	RETURNDATASIZE
0xe84	CONST
0xe86	NOT
0xe87	CONST
0xe8a	ADD
0xe8b	AND
0xe8d	ADD
0xe8f	CONST
0xe94	ADD
0xe96	CONST
0xe9b	CONST
0xea3	CONST
0xea7	CONST
0xea9	MLOAD
0xeaa	CONST
0xecd	CONST
0xecf	ADD
0xed0	CONST
0xed4	CONST
0xed9	CONST
0xedb	MLOAD
0xede	SUB
0xee4	CONST
0xee6	GT
0xee7	ISZERO
0xee8	CONST
0xeec	CONST
0xeee	CONST
0xf03	AND
0xf04	CONST
0xf09	CONST
0xf1f	CONST
0xf21	MLOAD
0xf23	CONST
0xf28	AND
0xf29	CONST
0xf2b	SHL
0xf2e	CONST
0xf30	ADD
0xf31	CONST
0xf37	CONST
0xf3c	CONST
0xf3e	CONST
0xf40	MLOAD
0xf43	SUB
0xf45	CONST
0xf47	GAS
0xf48	CALL
0xf49	ISZERO
0xf4b	ISZERO
0xf4c	CONST
0xf50	RETURNDATASIZE
0xf51	CONST
0xf52	CONST
0xf54	RETURNDATASIZE
0xf55	CONST
0xf5c	CONST
0xf5e	MLOAD
0xf5f	RETURNDATASIZE
0xf60	CONST
0xf62	NOT
0xf63	CONST
0xf66	ADD
0xf67	AND
0xf69	ADD
0xf6b	CONST
0xf70	ADD
0xf72	CONST
0xf77	CONST
0xf7f	CONST
0xf83	CONST
0xf85	MLOAD
0xf86	CONST
0xfa9	CONST
0xfab	ADD
0xfac	CONST
0xfb0	CONST
0xfb5	CONST
0xfb7	MLOAD
0xfba	SUB
0xfc0	CONST
0xfc3	CONST
0xfd8	AND
0xfd9	CONST
0xfde	CONST
0xfe0	MLOAD
0xfe2	CONST
0xfe7	AND
0xfe8	CONST
0xfea	SHL
0xfed	CONST
0xfef	ADD
0xff0	CONST
0xff1	CONST
0xff3	MLOAD
0xff6	SUB
0xff9	GAS
0xffa	STATICCALL
0x1000	ISZERO
0x1001	CONST
0x1006	CONST
0x1008	MLOAD
0x1009	RETURNDATASIZE
0x100a	CONST
0x100d	RETURNDATASIZE
0x100e	CONST
0x1010	NOT
0x1011	CONST
0x1014	ADD
0x1015	AND
0x1017	ADD
0x1019	CONST
0x101e	ADD
0x1020	CONST
0x1025	CONST
0x102a	CONST
0x102d	CONST
0x1031	CONST
0x1033	MLOAD
0x1035	CONST
0x1037	ADD
0x1038	CONST
0x103c	CONST
0x1040	CONST
0x1042	ADD
0x1043	CONST
0x1069	CONST
0x1074	CONST
0x1089	AND
0x108b	CONST
0x10a0	AND
0x10a1	CONST
0x10c6	CONST
0x10c8	MLOAD
0x10c9	CONST
0x10d1	CONST
0x10d6	CONST
0x10d8	MLOAD
0x10db	SUB
0x10eb	CONST
0x10ec	CONST
0x10ef	SLOAD
0x10f1	CONST
0x10f4	EXP
0x10f6	DIV
0x10f7	CONST
0x10f9	AND
0x10fd	CONST
0x1100	CONST
0x1102	CONST
0x1117	CONST
0x112c	AND
0x112d	CALLER
0x112e	CONST
0x1143	AND
0x1144	EQ
0x1146	CONST
0x114b	CONST
0x1160	CONST
0x1175	AND
0x1176	CALLER
0x1177	CONST
0x118c	AND
0x118d	EQ
0x1190	CONST
0x1195	CONST
0x11aa	CONST
0x11bf	AND
0x11c0	CALLER
0x11c1	CONST
0x11d6	AND
0x11d7	EQ
0x11da	CONST
0x11df	CONST
0x11f4	CONST
0x1209	AND
0x120a	CALLER
0x120b	CONST
0x1220	AND
0x1221	EQ
0x1224	CONST
0x1229	CONST
0x123e	CONST
0x1253	AND
0x1254	CALLER
0x1255	CONST
0x126a	AND
0x126b	EQ
0x126e	CONST
0x1273	CONST
0x1288	CONST
0x129d	AND
0x129e	CALLER
0x129f	CONST
0x12b4	AND
0x12b5	EQ
0x12b7	CONST
0x12bb	CONST
0x12bd	MLOAD
0x12be	CONST
0x12e1	CONST
0x12e3	ADD
0x12e4	CONST
0x12e8	CONST
0x12ed	CONST
0x12ef	MLOAD
0x12f2	SUB
0x12f6	CONST
0x12f7	CONST
0x12fa	SLOAD
0x12fc	CONST
0x12ff	EXP
0x1301	DIV
0x1302	CONST
0x1304	AND
0x1305	ISZERO
0x1306	CONST
0x130a	CONST
0x130c	MLOAD
0x130d	CONST
0x1330	CONST
0x1332	ADD
0x1333	CONST
0x1337	CONST
0x133c	CONST
0x133e	MLOAD
0x1341	SUB
0x1345	CONST
0x1346	CONST
0x135b	AND
0x135d	CONST
0x1372	AND
0x1373	SUB
0x1374	CONST
0x1378	CONST
0x137a	MLOAD
0x137b	CONST
0x139e	CONST
0x13a0	ADD
0x13a1	CONST
0x13a5	CONST
0x13aa	CONST
0x13ac	MLOAD
0x13af	SUB
0x13b7	CONST
0x13c1	GT
0x13c2	ISZERO
0x13c3	CONST
0x13c7	CONST
0x13ca	CONST
0x13d0	CONST
0x13d2	MLOAD
0x13d8	CONST
0x13da	MUL
0x13db	CONST
0x13dd	ADD
0x13df	ADD
0x13e0	CONST
0x13e4	ISZERO
0x13e5	CONST
0x13ea	CONST
0x13ec	ADD
0x13ed	CONST
0x13f0	MUL
0x13f2	CALLDATASIZE
0x13f7	ADD
0x1405	CONST
0x140f	GT
0x1410	ISZERO
0x1411	CONST
0x1415	CONST
0x1418	CONST
0x141e	CONST
0x1420	MLOAD
0x1426	CONST
0x1428	MUL
0x1429	CONST
0x142b	ADD
0x142d	ADD
0x142e	CONST
0x1432	ISZERO
0x1433	CONST
0x1438	CONST
0x143a	ADD
0x143b	CONST
0x143e	MUL
0x1440	CALLDATASIZE
0x1445	ADD
0x1453	CONST
0x145d	GT
0x145e	ISZERO
0x145f	CONST
0x1463	CONST
0x1466	CONST
0x146c	CONST
0x146e	MLOAD
0x1474	CONST
0x1476	MUL
0x1477	CONST
0x1479	ADD
0x147b	ADD
0x147c	CONST
0x1480	ISZERO
0x1481	CONST
0x1486	CONST
0x1488	ADD
0x1489	CONST
0x148c	MUL
0x148e	CALLDATASIZE
0x1493	ADD
0x149d	CONST
0x149e	CONST
0x14a7	LT
0x14a8	ISZERO
0x14a9	CONST
0x14ad	CONST
0x14ae	CONST
0x14c3	AND
0x14c9	LT
0x14ca	CONST
0x14ce	CONST
0x14d1	CONST
0x14d9	CONST
0x14db	MUL
0x14dc	ADD
0x14dd	CONST
0x14e0	ADD
0x14e2	CONST
0x14e7	CONST
0x14ec	CONST
0x1501	AND
0x1502	SUB
0x1503	ISZERO
0x1504	CONST
0x1508	ADDRESS
0x1509	CONST
0x151e	AND
0x151f	CONST
0x152a	LT
0x152b	CONST
0x152f	CONST
0x1532	CONST
0x153a	CONST
0x153c	MUL
0x153d	ADD
0x153e	CONST
0x1541	ADD
0x1543	CONST
0x1548	CONST
0x154d	CONST
0x154f	MLOAD
0x1551	CONST
0x1556	AND
0x1557	CONST
0x1559	SHL
0x155c	CONST
0x155e	ADD
0x155f	CONST
0x1565	CONST
0x156a	CONST
0x156c	CONST
0x156e	MLOAD
0x1571	SUB
0x1573	CONST
0x1575	GAS
0x1576	CALL
0x157c	ISZERO
0x157d	CONST
0x1582	CONST
0x1584	MLOAD
0x1585	RETURNDATASIZE
0x1586	CONST
0x1588	NOT
0x1589	CONST
0x158c	ADD
0x158d	AND
0x158f	ADD
0x1591	CONST
0x1596	ADD
0x1598	CONST
0x159d	CONST
0x15a2	CONST
0x15a5	CONST
0x15a9	CONST
0x15ad	MLOAD
0x15af	LT
0x15b0	CONST
0x15b4	CONST
0x15b7	CONST
0x15bd	CONST
0x15bf	MUL
0x15c0	CONST
0x15c2	ADD
0x15c3	ADD
0x15c9	CONST
0x15cd	MLOAD
0x15cf	LT
0x15d0	CONST
0x15d4	CONST
0x15d7	CONST
0x15dd	CONST
0x15df	MUL
0x15e0	CONST
0x15e2	ADD
0x15e3	ADD
0x15e9	CONST
0x15ed	MLOAD
0x15ef	LT
0x15f0	CONST
0x15f4	CONST
0x15f7	CONST
0x15fd	CONST
0x15ff	MUL
0x1600	CONST
0x1602	ADD
0x1603	ADD
0x1609	CONST
0x1612	MLOAD
0x1614	LT
0x1615	CONST
0x1619	CONST
0x161c	CONST
0x1622	CONST
0x1624	MUL
0x1625	CONST
0x1627	ADD
0x1628	ADD
0x1632	MLOAD
0x1634	LT
0x1635	CONST
0x1639	CONST
0x163c	CONST
0x1642	CONST
0x1644	MUL
0x1645	CONST
0x1647	ADD
0x1648	ADD
0x1652	MLOAD
0x1654	LT
0x1655	CONST
0x1659	CONST
0x165c	CONST
0x1662	CONST
0x1664	MUL
0x1665	CONST
0x1667	ADD
0x1668	ADD
0x1675	CONST
0x1677	ADD
0x167b	CONST
0x1682	CONST
0x1697	AND
0x1698	CONST
0x16bd	CONST
0x16bf	MLOAD
0x16c0	CONST
0x16c5	CONST
0x16ca	CONST
0x16cc	MLOAD
0x16cf	SUB
0x16db	CONST
0x170e	CONST
0x170f	CONST
0x1711	SLOAD
0x1713	CONST
0x1716	EXP
0x1718	DIV
0x1719	CONST
0x172e	AND
0x1732	CONST
0x1733	CONST
0x1734	CONST
0x1735	CONST
0x1736	CONST
0x174b	CONST
0x1760	CONST
0x1762	CONST
0x1772	CONST
0x1773	CONST
0x1775	SLOAD
0x1777	CONST
0x177a	EXP
0x177c	DIV
0x177d	CONST
0x1792	AND
0x1793	CONST
0x17a8	AND
0x17a9	CALLER
0x17aa	CONST
0x17bf	AND
0x17c0	EQ
0x17c1	CONST
0x17c5	CONST
0x17c7	MLOAD
0x17c8	CONST
0x17eb	CONST
0x17ed	ADD
0x17ee	CONST
0x17f2	CONST
0x17f7	CONST
0x17f9	MLOAD
0x17fc	SUB
0x1801	CONST
0x1802	CONST
0x1804	CONST
0x1807	EXP
0x1809	SLOAD
0x180b	CONST
0x180d	MUL
0x180e	NOT
0x180f	AND
0x1812	ISZERO
0x1813	ISZERO
0x1814	MUL
0x1815	OR
0x1826	CONST
0x183e	CONST
0x183f	CONST
0x1841	SLOAD
0x1843	CONST
0x1846	EXP
0x1848	DIV
0x1849	CONST
0x185e	AND
0x185f	CONST
0x1874	AND
0x1875	CALLER
0x1876	CONST
0x188b	AND
0x188c	EQ
0x188d	CONST
0x1891	CONST
0x1893	MLOAD
0x1894	CONST
0x18b7	CONST
0x18b9	ADD
0x18ba	CONST
0x18be	CONST
0x18c3	CONST
0x18c5	MLOAD
0x18c8	SUB
0x18cc	CONST
0x18cd	CONST
0x18e2	AND
0x18e4	CONST
0x18f9	AND
0x18fa	SUB
0x18fb	CONST
0x18ff	CONST
0x1901	MLOAD
0x1902	CONST
0x1925	CONST
0x1927	ADD
0x1928	CONST
0x192c	CONST
0x1931	CONST
0x1933	MLOAD
0x1936	SUB
0x193b	CONST
0x193c	CONST
0x193d	CONST
0x1940	EXP
0x1942	SLOAD
0x1944	CONST
0x1959	MUL
0x195a	NOT
0x195b	AND
0x195e	CONST
0x1973	AND
0x1974	MUL
0x1975	OR
0x197c	CONST
0x2121	CONST
0x2122	CONST
0x2126	CONST
0x212d	CONST
0x2131	CONST
0x213a	MUL
0x213b	CONST
0x213f	CONST
0x2148	DIV
0x214a	EQ
0x214c	ISZERO
0x214d	OR
0x214e	CONST
0x2152	CONST
0x2155	CONST
0x2162	CONST
0x2183	CONST
0x2185	CONST
0x2187	CONST
0x218a	CONST
0x218c	CONST
0x218f	CONST
0x2190	CONST
0x2194	CONST
0x219b	CONST
0x219f	CONST
0x21a7	CONST
0x21ab	CONST
0x21ae	CONST
0x21b6	DIV
0x21bf	CONST
0x21c0	CONST
0x21c4	CONST
0x21cb	CONST
0x21cf	CONST
0x21d8	SUB
0x21dd	GT
0x21de	ISZERO
0x21df	CONST
0x21e3	CONST
0x21e6	CONST
0x27d9	CONST
0x27da	CONST
0x27de	CONST
0x27e5	CONST
0x27e9	CONST
0x27f2	ADD
0x27f7	GT
0x27f8	ISZERO
0x27f9	CONST
0x27fd	CONST
0x2800	CONST
0x5623	CONST
0x5644	CONST
0x5646	CONST
0x5648	CONST
0x564b	CONST
0x564d	CONST
0x566f	CONST
0x5690	CONST
0x5692	CONST
0x5694	CONST
0x5697	CONST
0x5699	CONST
0x56bb	CONST
0x56dc	CONST
0x56de	CONST
0x56e0	CONST
0x56e3	CONST
0x56e5	CONST
0x5707	CONST
0x5728	CONST
0x572a	CONST
0x572c	CONST
0x572f	CONST
0x5731	CONST
0x5753	CONST
0x5774	CONST
0x5776	CONST
0x5778	CONST
0x577b	CONST
0x577d	CONST
0x579f	CONST
0x57c0	CONST
0x57c2	CONST
0x57c4	CONST
0x57c7	CONST
0x57c9	CONST
0x57eb	CONST
0x580c	CONST
0x580e	CONST
0x5810	CONST
0x5813	CONST
0x5815	CONST
0x5837	CONST
0x5858	CONST
0x585a	CONST
0x585c	CONST
0x585f	CONST
0x5861	CONST
0x5883	CONST
0x58a4	CONST
0x58a6	CONST
0x58a8	CONST
0x58ab	CONST
0x58ad	CONST
0x58cf	CONST
0x58f0	CONST
0x58f2	CONST
0x58f4	CONST
0x58f7	CONST
0x58f9	CONST
0x591b	CONST
0x593c	CONST
0x593e	CONST
0x5940	CONST
0x5943	CONST
0x5945	CONST
0x5aa2	CONST
0x5ac3	CONST
0x5ac5	CONST
0x5ac7	CONST
0x5aca	CONST
0x5acc	CONST
0x5aee	CONST
0x5b0f	CONST
0x5b11	CONST
0x5b13	CONST
0x5b16	CONST
0x5b18	CONST
0x5c81	CONST
0x5ca2	CONST
0x5ca4	CONST
0x5ca6	CONST
0x5ca9	CONST
0x5cab	CONST
0x5cad	CONST
0x5caf	CONST
0x5cb1	CONST
0x5cb3	CONST
0x5cb5	CONST
0x5cb7	CONST
0x5cb9	CONST
0x5cbb	CONST
0x5cbd	CONST
0x5cbf	CONST
0x5cc1	CONST
0x5cc3	CONST
0x5cc5	CONST
0x5cc7	CONST
0x5cc9	CONST
0x5ccb	CONST
0x5ccf	CONST
0x5cd2	CONST
0x5cd5	CONST
0x5cd8	CONST
0x5cdb	CONST
0x5cde	CONST
0x5ce1	CONST
0x5ce4	CONST
0x5ce7	CONST
0x5cea	CONST
0x5ced	CONST
0x5cf0	CONST
0x5cf3	CONST
0x5cf6	CONST
0x5cf9	CONST
0x153	JUMP
0xdec	CALLPRIVATE
0xdf6	CALLPRIVATE
0xe04	CALLPRIVATE
0x1bb_0x0	PHI
0x1bb_0x1	PHI
0x1bb_0x2	PHI
0x223_0x0	PHI
0x223_0x1	PHI
0x223_0x2	PHI
0x42e_0x1	PHI
0x483_0x0	PHI
0xa8b_0x0	PHI
0xad5_0x0	PHI
0xb1f_0x0	PHI
0xb69_0x0	PHI
0xbb3_0x0	PHI
0x102c_0x0	PHI
0x1072_0x0	PHI
0x1072_0x1	PHI
0x1072_0x3	PHI
0x1072_0x4	PHI
0x1072_0x6	PHI
0x1072_0x7	PHI
0x10d5_0xc	PHI
0x118e_0x0	PHI
0x11d8_0x0	PHI
0x1222_0x0	PHI
0x126c_0x0	PHI
0x12b6_0x0	PHI
0x14a1_0x0	PHI
0x14a1_0x4	PHI
0x14ad_0x0	PHI
0x14ad_0x4	PHI
0x14d6_0x0	PHI
0x14d6_0x2	PHI
0x1508_0x0	PHI
0x1508_0x4	PHI
0x1537_0x0	PHI
0x1537_0x2	PHI
0x154c_0x1	PHI
0x15a4_0x0	PHI
0x15a9_0x0	PHI
0x15a9_0x3	PHI
0x15bc_0x0	PHI
0x15bc_0x1	PHI
0x15bc_0x3	PHI
0x15bc_0x5	PHI
0x15dc_0x0	PHI
0x15dc_0x1	PHI
0x15dc_0x3	PHI
0x15dc_0x4	PHI
0x15fc_0x0	PHI
0x15fc_0x1	PHI
0x160d_0x3	PHI
0x160d_0x6	PHI
0x1621_0x0	PHI
0x1621_0x1	PHI
0x1621_0x2	PHI
0x1621_0x6	PHI
0x1621_0x8	PHI
0x1641_0x0	PHI
0x1641_0x1	PHI
0x1641_0x2	PHI
0x1641_0x6	PHI
0x1641_0x7	PHI
0x1661_0x0	PHI
0x1661_0x1	PHI
0x1661_0x2	PHI
0x1672_0x0	PHI
0x167f_0x4	PHI
0x167f_0x6	PHI
0x16c9_0x9	PHI
0x203bS0x483	CONST
0x203cS0x483	CONST
0x203fS0x483	ADD
0x2044S0x483	SUB
0x2045S0x483	CONST
0x2047S0x483	ADD
0x2049S0x483	CONST
0x204eS0x483	CONST
0x1afbS0x2120	CONST
0x1afbS0x218e	CONST
0x1afbS0x21be	CONST
0x1afbS0x27d8	CONST
0x1afbS0x212a	CONST
0x1afbS0x2135	CONST
0x1afbS0x2198	CONST
0x1afbS0x21c8	CONST
0x1afbS0x27e2	CONST
0x2370S0x9a8	CONST
0x2371S0x9a8	CONST
0x2374S0x9a8	ADD
0x2379S0x9a8	SUB
0x237aS0x9a8	CONST
0x237cS0x9a8	ADD
0x237eS0x9a8	CONST
0x2382S0x9a8	CONST
0x235cS0x9a8	CONST
0x2360S0x9a8	CONST
0x2365S0x9a8	CONST
0x2368S0x9a8	ADD
0x2326S0x9a8	CONST
0x2347S0x9a8	CONST
0x2349S0x9a8	ADD
0x234eS0x9a8	CONST
0x234fS0x9a8	CONST
0x2352S0x9a8	CONST
0x2355S0x9a8	CONST
0x1ff3S0x234dS0x9a8	CONST
0x1ff7S0x234dS0x9a8	CONST
0x1ffaS0x234dS0x9a8	ADD
0x23d8S0xbb8	CONST
0x23d9S0xbb8	CONST
0x23dcS0xbb8	ADD
0x23e1S0xbb8	SUB
0x23e2S0xbb8	CONST
0x23e4S0xbb8	ADD
0x23e6S0xbb8	CONST
0x23eaS0xbb8	CONST
0x23c4S0xbb8	CONST
0x23c8S0xbb8	CONST
0x23cdS0xbb8	CONST
0x23d0S0xbb8	ADD
0x238eS0xbb8	CONST
0x23afS0xbb8	CONST
0x23b1S0xbb8	ADD
0x23b6S0xbb8	CONST
0x23b7S0xbb8	CONST
0x23baS0xbb8	CONST
0x23bdS0xbb8	CONST
0x1ff3S0x23b5S0xbb8	CONST
0x1ff7S0x23b5S0xbb8	CONST
0x1ffaS0x23b5S0xbb8	ADD
0x2440S0xc07	CONST
0x2441S0xc07	CONST
0x2444S0xc07	ADD
0x2449S0xc07	SUB
0x244aS0xc07	CONST
0x244cS0xc07	ADD
0x244eS0xc07	CONST
0x2452S0xc07	CONST
0x242cS0xc07	CONST
0x2430S0xc07	CONST
0x2435S0xc07	CONST
0x2438S0xc07	ADD
0x23f6S0xc07	CONST
0x2417S0xc07	CONST
0x2419S0xc07	ADD
0x241eS0xc07	CONST
0x241fS0xc07	CONST
0x2422S0xc07	CONST
0x2425S0xc07	CONST
0x1ff3S0x241dS0xc07	CONST
0x1ff7S0x241dS0xc07	CONST
0x1ffaS0x241dS0xc07	ADD
0x24a8S0xc75	CONST
0x24a9S0xc75	CONST
0x24acS0xc75	ADD
0x24b1S0xc75	SUB
0x24b2S0xc75	CONST
0x24b4S0xc75	ADD
0x24b6S0xc75	CONST
0x24baS0xc75	CONST
0x2494S0xc75	CONST
0x2498S0xc75	CONST
0x249dS0xc75	CONST
0x24a0S0xc75	ADD
0x245eS0xc75	CONST
0x247fS0xc75	CONST
0x2481S0xc75	ADD
0x2486S0xc75	CONST
0x2487S0xc75	CONST
0x248aS0xc75	CONST
0x248dS0xc75	CONST
0x1ff3S0x2485S0xc75	CONST
0x1ff7S0x2485S0xc75	CONST
0x1ffaS0x2485S0xc75	ADD
0x2510S0xce3	CONST
0x2511S0xce3	CONST
0x2514S0xce3	ADD
0x2519S0xce3	SUB
0x251aS0xce3	CONST
0x251cS0xce3	ADD
0x251eS0xce3	CONST
0x2522S0xce3	CONST
0x24fcS0xce3	CONST
0x2500S0xce3	CONST
0x2505S0xce3	CONST
0x2508S0xce3	ADD
0x24c6S0xce3	CONST
0x24e7S0xce3	CONST
0x24e9S0xce3	ADD
0x24eeS0xce3	CONST
0x24efS0xce3	CONST
0x24f2S0xce3	CONST
0x24f5S0xce3	CONST
0x1ff3S0x24edS0xce3	CONST
0x1ff7S0x24edS0xce3	CONST
0x1ffaS0x24edS0xce3	ADD
0x2578S0xda4	CONST
0x2579S0xda4	CONST
0x257cS0xda4	ADD
0x2581S0xda4	SUB
0x2582S0xda4	CONST
0x2584S0xda4	ADD
0x2586S0xda4	CONST
0x258aS0xda4	CONST
0x2564S0xda4	CONST
0x2568S0xda4	CONST
0x256dS0xda4	CONST
0x2570S0xda4	ADD
0x252eS0xda4	CONST
0x254fS0xda4	CONST
0x2551S0xda4	ADD
0x2556S0xda4	CONST
0x2557S0xda4	CONST
0x255aS0xda4	CONST
0x255dS0xda4	CONST
0x1ff3S0x2555S0xda4	CONST
0x1ff7S0x2555S0xda4	CONST
0x1ffaS0x2555S0xda4	ADD
0x266cS0xea7	CONST
0x266dS0xea7	CONST
0x2670S0xea7	ADD
0x2675S0xea7	SUB
0x2676S0xea7	CONST
0x2678S0xea7	ADD
0x267aS0xea7	CONST
0x267eS0xea7	CONST
0x2658S0xea7	CONST
0x265cS0xea7	CONST
0x2661S0xea7	CONST
0x2664S0xea7	ADD
0x25fcS0xea7	CONST
0x261dS0xea7	CONST
0x261fS0xea7	ADD
0x2621S0xea7	CONST
0x2642S0xea7	CONST
0x2645S0xea7	ADD
0x264aS0xea7	CONST
0x264bS0xea7	CONST
0x264eS0xea7	CONST
0x2651S0xea7	CONST
0x1ff3S0x2649S0xea7	CONST
0x1ff7S0x2649S0xea7	CONST
0x1ffaS0x2649S0xea7	ADD
0x26faS0xf83	CONST
0x26fbS0xf83	CONST
0x26feS0xf83	ADD
0x2703S0xf83	SUB
0x2704S0xf83	CONST
0x2706S0xf83	ADD
0x2708S0xf83	CONST
0x270cS0xf83	CONST
0x26e6S0xf83	CONST
0x26eaS0xf83	CONST
0x26efS0xf83	CONST
0x26f2S0xf83	ADD
0x268aS0xf83	CONST
0x26abS0xf83	CONST
0x26adS0xf83	ADD
0x26afS0xf83	CONST
0x26d0S0xf83	CONST
0x26d3S0xf83	ADD
0x26d8S0xf83	CONST
0x26d9S0xf83	CONST
0x26dcS0xf83	CONST
0x26dfS0xf83	CONST
0x1ff3S0x26d7S0xf83	CONST
0x1ff7S0x26d7S0xf83	CONST
0x1ffaS0x26d7S0xf83	ADD
0x23d8S0x12bb	CONST
0x23d9S0x12bb	CONST
0x23dcS0x12bb	ADD
0x23e1S0x12bb	SUB
0x23e2S0x12bb	CONST
0x23e4S0x12bb	ADD
0x23e6S0x12bb	CONST
0x23eaS0x12bb	CONST
0x23c4S0x12bb	CONST
0x23c8S0x12bb	CONST
0x23cdS0x12bb	CONST
0x23d0S0x12bb	ADD
0x238eS0x12bb	CONST
0x23afS0x12bb	CONST
0x23b1S0x12bb	ADD
0x23b6S0x12bb	CONST
0x23b7S0x12bb	CONST
0x23baS0x12bb	CONST
0x23bdS0x12bb	CONST
0x1ff3S0x23b5S0x12bb	CONST
0x1ff7S0x23b5S0x12bb	CONST
0x1ffaS0x23b5S0x12bb	ADD
0x2440S0x130a	CONST
0x2441S0x130a	CONST
0x2444S0x130a	ADD
0x2449S0x130a	SUB
0x244aS0x130a	CONST
0x244cS0x130a	ADD
0x244eS0x130a	CONST
0x2452S0x130a	CONST
0x242cS0x130a	CONST
0x2430S0x130a	CONST
0x2435S0x130a	CONST
0x2438S0x130a	ADD
0x23f6S0x130a	CONST
0x2417S0x130a	CONST
0x2419S0x130a	ADD
0x241eS0x130a	CONST
0x241fS0x130a	CONST
0x2422S0x130a	CONST
0x2425S0x130a	CONST
0x1ff3S0x241dS0x130a	CONST
0x1ff7S0x241dS0x130a	CONST
0x1ffaS0x241dS0x130a	ADD
0x24a8S0x1378	CONST
0x24a9S0x1378	CONST
0x24acS0x1378	ADD
0x24b1S0x1378	SUB
0x24b2S0x1378	CONST
0x24b4S0x1378	ADD
0x24b6S0x1378	CONST
0x24baS0x1378	CONST
0x2494S0x1378	CONST
0x2498S0x1378	CONST
0x249dS0x1378	CONST
0x24a0S0x1378	ADD
0x245eS0x1378	CONST
0x247fS0x1378	CONST
0x2481S0x1378	ADD
0x2486S0x1378	CONST
0x2487S0x1378	CONST
0x248aS0x1378	CONST
0x248dS0x1378	CONST
0x1ff3S0x2485S0x1378	CONST
0x1ff7S0x2485S0x1378	CONST
0x1ffaS0x2485S0x1378	ADD
0x2370S0x17c5	CONST
0x2371S0x17c5	CONST
0x2374S0x17c5	ADD
0x2379S0x17c5	SUB
0x237aS0x17c5	CONST
0x237cS0x17c5	ADD
0x237eS0x17c5	CONST
0x2382S0x17c5	CONST
0x235cS0x17c5	CONST
0x2360S0x17c5	CONST
0x2365S0x17c5	CONST
0x2368S0x17c5	ADD
0x2326S0x17c5	CONST
0x2347S0x17c5	CONST
0x2349S0x17c5	ADD
0x234eS0x17c5	CONST
0x234fS0x17c5	CONST
0x2352S0x17c5	CONST
0x2355S0x17c5	CONST
0x1ff3S0x234dS0x17c5	CONST
0x1ff7S0x234dS0x17c5	CONST
0x1ffaS0x234dS0x17c5	ADD
0x2370S0x1891	CONST
0x2371S0x1891	CONST
0x2374S0x1891	ADD
0x2379S0x1891	SUB
0x237aS0x1891	CONST
0x237cS0x1891	ADD
0x237eS0x1891	CONST
0x2382S0x1891	CONST
0x235cS0x1891	CONST
0x2360S0x1891	CONST
0x2365S0x1891	CONST
0x2368S0x1891	ADD
0x2326S0x1891	CONST
0x2347S0x1891	CONST
0x2349S0x1891	ADD
0x234eS0x1891	CONST
0x234fS0x1891	CONST
0x2352S0x1891	CONST
0x2355S0x1891	CONST
0x1ff3S0x234dS0x1891	CONST
0x1ff7S0x234dS0x1891	CONST
0x1ffaS0x234dS0x1891	ADD
0x2856S0x18ff	CONST
0x2857S0x18ff	CONST
0x285aS0x18ff	ADD
0x285fS0x18ff	SUB
0x2860S0x18ff	CONST
0x2862S0x18ff	ADD
0x2864S0x18ff	CONST
0x2868S0x18ff	CONST
0x2842S0x18ff	CONST
0x2846S0x18ff	CONST
0x284bS0x18ff	CONST
0x284eS0x18ff	ADD
0x280cS0x18ff	CONST
0x282dS0x18ff	CONST
0x282fS0x18ff	ADD
0x2834S0x18ff	CONST
0x2835S0x18ff	CONST
0x2838S0x18ff	CONST
0x283bS0x18ff	CONST
0x1ff3S0x2833S0x18ff	CONST
0x1ff7S0x2833S0x18ff	CONST
0x1ffaS0x2833S0x18ff	ADD
0x1fdfS0x3b2	CONST
0x1fe0S0x3b2	CONST
0x1fe4S0x3b2	CONST
0x1fccS0x3b2	CONST
0x1fd0S0x3b2	CONST
0x1fb2S0x3b2	CONST
0x1fd5S0x3b2	CONST
0x1fd7S0x3b2	ADD
0x1fbfS0x3b2	CONST
0x1fc0S0x3b2	CONST
0x1fc3S0x3b2	CONST
0x1fc5S0x3b2	CONST
0x1e1eS0x1e7	CONST
0x1e1fS0x1e7	CONST
0x1e22S0x1e7	ADD
0x1e25S0x1e7	CONST
0x1e28S0x1e7	CONST
0x1e2aS0x1e7	ADD
0x1e2cS0x1e7	CONST
0x1e0fS0x1e7	CONST
0x1e13S0x1e7	CONST
0x1e04S0x1e0eS0x1e7	CONST
0x1e06S0x1e0eS0x1e7	ISZERO
0x1e07S0x1e0eS0x1e7	ISZERO
0x200dS0x203aB0x483	CONST
0x2012S0x203aB0x483	CONST
0x2019S0x203aB0x483	CONST
0x201eS0x203aB0x483	CONST
0x2021S0x203aB0x483	ADD
0x2022S0x203aB0x483	CONST
0x2027S0x203aB0x483	CONST
0x202bS0x203aB0x483	CONST
0x2031S0x203aB0x483	ADD
0x2003S0x203aB0x483	CONST
0x2004S0x203aB0x483	CONST
0x2008S0x203aB0x483	CONST
0x1ff3S0x200cS0x203aB0x483	CONST
0x1ff7S0x200cS0x203aB0x483	CONST
0x1ffaS0x200cS0x203aB0x483	ADD
0x1bd9S0x2016S0x203aB0x483	CONST
0x1bdcS0x2016S0x203aB0x483	ADD
0x1be3S0x2026S0x203aB0x483	CONST
0x1be4S0x2026S0x203aB0x483	CONST
0x1be6S0x2026S0x203aB0x483	NOT
0x1be7S0x2026S0x203aB0x483	CONST
0x1beaS0x2026S0x203aB0x483	ADD
0x1bebS0x2026S0x203aB0x483	AND
0x1bbbS0x2002S0x203aB0x483	CONST
0x1bbdS0x2002S0x203aB0x483	MLOAD
0x1dcfS0x1bb	CONST
0x1dd0S0x1bb	CONST
0x1dd3S0x1bb	ADD
0x1dd6S0x1bb	CONST
0x1dd9S0x1bb	CONST
0x1ddbS0x1bb	ADD
0x1dddS0x1bb	CONST
0x1de2S0x1bb	CONST
0x1de5S0x1bb	CONST
0x1de8S0x1bb	ADD
0x1deaS0x1bb	CONST
0x1defS0x1bb	CONST
0x1df2S0x1bb	CONST
0x1df5S0x1bb	ADD
0x1df7S0x1bb	CONST
0x1dc0S0x1dceS0x1bb	CONST
0x1dc4S0x1dceS0x1bb	CONST
0x1afbS0x1dbfS0x1dceS0x1bb	CONST
0x1dc0S0x1de1S0x1bb	CONST
0x1dc4S0x1de1S0x1bb	CONST
0x1afbS0x1dbfS0x1de1S0x1bb	CONST
0x1dc0S0x1deeS0x1bb	CONST
0x1dc4S0x1deeS0x1bb	CONST
0x1afbS0x1dbfS0x1deeS0x1bb	CONST
0x1e37S0x223	CONST
0x1e38S0x223	CONST
0x1e3bS0x223	ADD
0x1e40S0x223	SUB
0x1e41S0x223	CONST
0x1e43S0x223	ADD
0x1e45S0x223	CONST
0x1e4aS0x223	CONST
0x1e53S0x223	SUB
0x1e54S0x223	CONST
0x1e57S0x223	ADD
0x1e59S0x223	CONST
0x1e5eS0x223	CONST
0x1e67S0x223	SUB
0x1e68S0x223	CONST
0x1e6bS0x223	ADD
0x1e6dS0x223	CONST
0x1e72S0x223	CONST
0x1b0c_0x2S0x1e36S0x223	PHI
0x1b1eS0x1e36S0x223	CONST
0x1b21S0x1e36S0x223	ADD
0x1b1d_0x2S0x1e36S0x223	PHI
0x1b04S0x1e36S0x223	CONST
0x1b08S0x1e36S0x223	CONST
0x1b40S0x1e36S0x223	CONST
0x1b45S0x1e36S0x223	CONST
0x1ad2S0x1e36S0x223	CONST
0x1ad4S0x1e36S0x223	MLOAD
0x1b4cS0x1e36S0x223	CONST
0x1b50S0x1e36S0x223	CONST
0x1adcS0x1e36S0x223	CONST
0x1ae0S0x1e36S0x223	CONST
0x1ae3S0x1e36S0x223	ADD
0x1b56S0x1e36S0x223	CONST
0x1aecS0x1e36S0x223	CONST
0x1af0S0x1e36S0x223	CONST
0x1af3S0x1e36S0x223	ADD
0x1b84_0x6S0x1e36S0x223	PHI
0x1b6eS0x1e36S0x223	CONST
0x1b72S0x1e36S0x223	CONST
0x1b13S0x1e36S0x223	CONST
0x1b14S0x1e36S0x223	CONST
0x1b19S0x1e36S0x223	CONST
0x1b7aS0x1e36S0x223	CONST
0x1b7dS0x1e36S0x223	ADD
0x1b80S0x1e36S0x223	CONST
0x1b76_0x2S0x1e36S0x223	PHI
0x1b2aS0x1e36S0x223	CONST
0x1b2bS0x1e36S0x223	CONST
0x1b2eS0x1e36S0x223	ADD
0x1b29_0x0S0x1e36S0x223	PHI
0x1b5aS0x1e36S0x223	LT
0x1b5bS0x1e36S0x223	ISZERO
0x1b5cS0x1e36S0x223	CONST
0x1b57_0x0S0x1e36S0x223	PHI
0x1b36S0x1e36S0x223	CONST
0x1b37S0x1e36S0x223	CONST
0x1b3bS0x1e36S0x223	CONST
0x1b61S0x1e36S0x223	MLOAD
0x1b62S0x1e36S0x223	CONST
0x1b67S0x1e36S0x223	CONST
0x1b60_0x1S0x1e36S0x223	PHI
0x1afbS0x1b03S0x1e36S0x223	CONST
0x1b0c_0x2S0x1e4eS0x223	PHI
0x1b1eS0x1e4eS0x223	CONST
0x1b21S0x1e4eS0x223	ADD
0x1b1d_0x2S0x1e4eS0x223	PHI
0x1b04S0x1e4eS0x223	CONST
0x1b08S0x1e4eS0x223	CONST
0x1b40S0x1e4eS0x223	CONST
0x1b45S0x1e4eS0x223	CONST
0x1ad2S0x1e4eS0x223	CONST
0x1ad4S0x1e4eS0x223	MLOAD
0x1b4cS0x1e4eS0x223	CONST
0x1b50S0x1e4eS0x223	CONST
0x1adcS0x1e4eS0x223	CONST
0x1ae0S0x1e4eS0x223	CONST
0x1ae3S0x1e4eS0x223	ADD
0x1b56S0x1e4eS0x223	CONST
0x1aecS0x1e4eS0x223	CONST
0x1af0S0x1e4eS0x223	CONST
0x1af3S0x1e4eS0x223	ADD
0x1b84_0x6S0x1e4eS0x223	PHI
0x1b6eS0x1e4eS0x223	CONST
0x1b72S0x1e4eS0x223	CONST
0x1b13S0x1e4eS0x223	CONST
0x1b14S0x1e4eS0x223	CONST
0x1b19S0x1e4eS0x223	CONST
0x1b7aS0x1e4eS0x223	CONST
0x1b7dS0x1e4eS0x223	ADD
0x1b80S0x1e4eS0x223	CONST
0x1b76_0x2S0x1e4eS0x223	PHI
0x1b2aS0x1e4eS0x223	CONST
0x1b2bS0x1e4eS0x223	CONST
0x1b2eS0x1e4eS0x223	ADD
0x1b29_0x0S0x1e4eS0x223	PHI
0x1b5aS0x1e4eS0x223	LT
0x1b5bS0x1e4eS0x223	ISZERO
0x1b5cS0x1e4eS0x223	CONST
0x1b57_0x0S0x1e4eS0x223	PHI
0x1b36S0x1e4eS0x223	CONST
0x1b37S0x1e4eS0x223	CONST
0x1b3bS0x1e4eS0x223	CONST
0x1b61S0x1e4eS0x223	MLOAD
0x1b62S0x1e4eS0x223	CONST
0x1b67S0x1e4eS0x223	CONST
0x1b60_0x1S0x1e4eS0x223	PHI
0x1afbS0x1b03S0x1e4eS0x223	CONST
0x1b0c_0x2S0x1e62S0x223	PHI
0x1b1eS0x1e62S0x223	CONST
0x1b21S0x1e62S0x223	ADD
0x1b1d_0x2S0x1e62S0x223	PHI
0x1b04S0x1e62S0x223	CONST
0x1b08S0x1e62S0x223	CONST
0x1b40S0x1e62S0x223	CONST
0x1b45S0x1e62S0x223	CONST
0x1ad2S0x1e62S0x223	CONST
0x1ad4S0x1e62S0x223	MLOAD
0x1b4cS0x1e62S0x223	CONST
0x1b50S0x1e62S0x223	CONST
0x1adcS0x1e62S0x223	CONST
0x1ae0S0x1e62S0x223	CONST
0x1ae3S0x1e62S0x223	ADD
0x1b56S0x1e62S0x223	CONST
0x1aecS0x1e62S0x223	CONST
0x1af0S0x1e62S0x223	CONST
0x1af3S0x1e62S0x223	ADD
0x1b84_0x6S0x1e62S0x223	PHI
0x1b6eS0x1e62S0x223	CONST
0x1b72S0x1e62S0x223	CONST
0x1b13S0x1e62S0x223	CONST
0x1b14S0x1e62S0x223	CONST
0x1b19S0x1e62S0x223	CONST
0x1b7aS0x1e62S0x223	CONST
0x1b7dS0x1e62S0x223	ADD
0x1b80S0x1e62S0x223	CONST
0x1b76_0x2S0x1e62S0x223	PHI
0x1b2aS0x1e62S0x223	CONST
0x1b2bS0x1e62S0x223	CONST
0x1b2eS0x1e62S0x223	ADD
0x1b29_0x0S0x1e62S0x223	PHI
0x1b5aS0x1e62S0x223	LT
0x1b5bS0x1e62S0x223	ISZERO
0x1b5cS0x1e62S0x223	CONST
0x1b57_0x0S0x1e62S0x223	PHI
0x1b36S0x1e62S0x223	CONST
0x1b37S0x1e62S0x223	CONST
0x1b3bS0x1e62S0x223	CONST
0x1b61S0x1e62S0x223	MLOAD
0x1b62S0x1e62S0x223	CONST
0x1b67S0x1e62S0x223	CONST
0x1b60_0x1S0x1e62S0x223	PHI
0x1afbS0x1b03S0x1e62S0x223	CONST
0x1e81S0x24f	CONST
0x1e82S0x24f	CONST
0x1e85S0x24f	ADD
0x1e88S0x24f	CONST
0x1e8bS0x24f	CONST
0x1e8dS0x24f	ADD
0x1e8fS0x24f	CONST
0x1dc0S0x1e80S0x24f	CONST
0x1dc4S0x1e80S0x24f	CONST
0x1afbS0x1dbfS0x1e80S0x24f	CONST
0x1ed0S0x270	CONST
0x1ed3S0x270	CONST
0x1ec4S0x270	CONST
0x1ec5S0x270	CONST
0x1ec9S0x270	SUB
0x1ecaS0x270	SLT
0x1ecbS0x270	ISZERO
0x1eccS0x270	CONST
0x1ed9S0x270	CONST
0x1edaS0x270	CONST
0x1ee0S0x270	ADD
0x1ee1S0x270	CONST
0x5a16S0x270	CONST
0x5a17S0x270	CONST
0x1eb0S0x1ed8S0x270	CONST
0x1eb2S0x1ed8S0x270	CALLDATALOAD
0x1eb5S0x1ed8S0x270	CONST
0x1eb9S0x1ed8S0x270	CONST
0x1ea9S0x1eafB0x1ed8S0x270	CONST
0x1eaaS0x1eafB0x1ed8S0x270	CONST
0x1ea4S0x1eafB0x1ed8S0x270	EQ
0x1ea5S0x1eafB0x1ed8S0x270	CONST
0x1e9aS0x1eafB0x1ed8S0x270	CONST
0x1e9eS0x1eafB0x1ed8S0x270	CONST
0x1afbS0x1e99S0x1eafB0x1ed8S0x270	CONST
0x1e81S0x28b	CONST
0x1e82S0x28b	CONST
0x1e85S0x28b	ADD
0x1e88S0x28b	CONST
0x1e8bS0x28b	CONST
0x1e8dS0x28b	ADD
0x1e8fS0x28b	CONST
0x1dc0S0x1e80S0x28b	CONST
0x1dc4S0x1e80S0x28b	CONST
0x1afbS0x1dbfS0x1e80S0x28b	CONST
0x1f68S0x303	CONST
0x1f6bS0x303	CONST
0x1f5cS0x303	CONST
0x1f5dS0x303	CONST
0x1f61S0x303	SUB
0x1f62S0x303	SLT
0x1f63S0x303	ISZERO
0x1f64S0x303	CONST
0x1f71S0x303	CONST
0x1f72S0x303	CONST
0x1f78S0x303	ADD
0x1f79S0x303	CONST
0x5a39S0x303	CONST
0x5a3aS0x303	CONST
0x1f48S0x1f70S0x303	CONST
0x1f4aS0x1f70S0x303	CALLDATALOAD
0x1f4dS0x1f70S0x303	CONST
0x1f51S0x1f70S0x303	CONST
0x1f41S0x1f47B0x1f70S0x303	CONST
0x1f42S0x1f47B0x1f70S0x303	CONST
0x1f3cS0x1f47B0x1f70S0x303	EQ
0x1f3dS0x1f47B0x1f70S0x303	CONST
0x1f32S0x1f47B0x1f70S0x303	CONST
0x1f36S0x1f47B0x1f70S0x303	CONST
0x1e04S0x1f31S0x1f47B0x1f70S0x303	CONST
0x1e06S0x1f31S0x1f47B0x1f70S0x303	ISZERO
0x1e07S0x1f31S0x1f47B0x1f70S0x303	ISZERO
0x181cS0x32b	CONST
0x181fS0x32b	CONST
0x1e81S0x39c	CONST
0x1e82S0x39c	CONST
0x1e85S0x39c	ADD
0x1e88S0x39c	CONST
0x1e8bS0x39c	CONST
0x1e8dS0x39c	ADD
0x1e8fS0x39c	CONST
0x1dc0S0x1e80S0x39c	CONST
0x1dc4S0x1e80S0x39c	CONST
0x1afbS0x1dbfS0x1e80S0x39c	CONST
0x20d5S0xd76	CONST
0x20d8S0xd76	CONST
0x20c9S0xd76	CONST
0x20caS0xd76	CONST
0x20ceS0xd76	SUB
0x20cfS0xd76	SLT
0x20d0S0xd76	ISZERO
0x20d1S0xd76	CONST
0x20deS0xd76	CONST
0x20dfS0xd76	CONST
0x20e5S0xd76	ADD
0x20e6S0xd76	CONST
0x5a7fS0xd76	CONST
0x5a80S0xd76	CONST
0x20b5S0x20ddS0xd76	CONST
0x20b7S0x20ddS0xd76	MLOAD
0x20baS0x20ddS0xd76	CONST
0x20beS0x20ddS0xd76	CONST
0x1ea9S0x20b4B0x20ddS0xd76	CONST
0x1eaaS0x20b4B0x20ddS0xd76	CONST
0x1ea4S0x20b4B0x20ddS0xd76	EQ
0x1ea5S0x20b4B0x20ddS0xd76	CONST
0x1e9aS0x20b4B0x20ddS0xd76	CONST
0x1e9eS0x20b4B0x20ddS0xd76	CONST
0x1afbS0x1e99S0x20b4B0x20ddS0xd76	CONST
0x25ddS0xe7b	CONST
0x25e0S0xe7b	CONST
0x25d1S0xe7b	CONST
0x25d2S0xe7b	CONST
0x25d6S0xe7b	SUB
0x25d7S0xe7b	SLT
0x25d8S0xe7b	ISZERO
0x25d9S0xe7b	CONST
0x25e6S0xe7b	CONST
0x25e7S0xe7b	CONST
0x25edS0xe7b	ADD
0x25eeS0xe7b	CONST
0x5c3bS0xe7b	CONST
0x5c3cS0xe7b	CONST
0x25bdS0x25e5S0xe7b	CONST
0x25bfS0x25e5S0xe7b	MLOAD
0x25c2S0x25e5S0xe7b	CONST
0x25c6S0x25e5S0xe7b	CONST
0x1f41S0x25bcB0x25e5S0xe7b	CONST
0x1f42S0x25bcB0x25e5S0xe7b	CONST
0x1f3cS0x25bcB0x25e5S0xe7b	EQ
0x1f3dS0x25bcB0x25e5S0xe7b	CONST
0x1f32S0x25bcB0x25e5S0xe7b	CONST
0x1f36S0x25bcB0x25e5S0xe7b	CONST
0x1e04S0x1f31S0x25bcB0x25e5S0xe7b	CONST
0x1e06S0x1f31S0x25bcB0x25e5S0xe7b	ISZERO
0x1e07S0x1f31S0x25bcB0x25e5S0xe7b	ISZERO
0x25ddS0xf57	CONST
0x25e0S0xf57	CONST
0x25d1S0xf57	CONST
0x25d2S0xf57	CONST
0x25d6S0xf57	SUB
0x25d7S0xf57	SLT
0x25d8S0xf57	ISZERO
0x25d9S0xf57	CONST
0x25e6S0xf57	CONST
0x25e7S0xf57	CONST
0x25edS0xf57	ADD
0x25eeS0xf57	CONST
0x5c3bS0xf57	CONST
0x5c3cS0xf57	CONST
0x25bdS0x25e5S0xf57	CONST
0x25bfS0x25e5S0xf57	MLOAD
0x25c2S0x25e5S0xf57	CONST
0x25c6S0x25e5S0xf57	CONST
0x1f41S0x25bcB0x25e5S0xf57	CONST
0x1f42S0x25bcB0x25e5S0xf57	CONST
0x1f3cS0x25bcB0x25e5S0xf57	EQ
0x1f3dS0x25bcB0x25e5S0xf57	CONST
0x1f32S0x25bcB0x25e5S0xf57	CONST
0x1f36S0x25bcB0x25e5S0xf57	CONST
0x1e04S0x1f31S0x25bcB0x25e5S0xf57	CONST
0x1e06S0x1f31S0x25bcB0x25e5S0xf57	ISZERO
0x1e07S0x1f31S0x25bcB0x25e5S0xf57	ISZERO
0x2718S0x1072	CONST
0x2719S0x1072	CONST
0x271cS0x1072	ADD
0x271fS0x1072	CONST
0x2722S0x1072	CONST
0x2724S0x1072	ADD
0x2726S0x1072	CONST
0x272bS0x1072	CONST
0x272eS0x1072	CONST
0x2731S0x1072	ADD
0x2733S0x1072	CONST
0x2738S0x1072	CONST
0x273bS0x1072	CONST
0x273eS0x1072	ADD
0x2740S0x1072	CONST
0x2747S0x1072	SUB
0x2748S0x1072	CONST
0x274bS0x1072	ADD
0x274dS0x1072	CONST
0x2752S0x1072	CONST
0x1dc0S0x2717S0x1072	CONST
0x1dc4S0x2717S0x1072	CONST
0x1afbS0x1dbfS0x2717S0x1072	CONST
0x1dc0S0x272aS0x1072	CONST
0x1dc4S0x272aS0x1072	CONST
0x1afbS0x1dbfS0x272aS0x1072	CONST
0x1dc0S0x2737S0x1072	CONST
0x1dc4S0x2737S0x1072	CONST
0x1afbS0x1dbfS0x2737S0x1072	CONST
0x200dS0x2744S0x1072	CONST
0x2012S0x2744S0x1072	CONST
0x2019S0x2744S0x1072	CONST
0x201eS0x2744S0x1072	CONST
0x2021S0x2744S0x1072	ADD
0x2022S0x2744S0x1072	CONST
0x2027S0x2744S0x1072	CONST
0x202bS0x2744S0x1072	CONST
0x2031S0x2744S0x1072	ADD
0x2003S0x2744S0x1072	CONST
0x2004S0x2744S0x1072	CONST
0x2008S0x2744S0x1072	CONST
0x1ff3S0x200cS0x2744S0x1072	CONST
0x1ff7S0x200cS0x2744S0x1072	CONST
0x1ffaS0x200cS0x2744S0x1072	ADD
0x1bd9S0x2016S0x2744S0x1072	CONST
0x1bdcS0x2016S0x2744S0x1072	ADD
0x1be3S0x2026S0x2744S0x1072	CONST
0x1be4S0x2026S0x2744S0x1072	CONST
0x1be6S0x2026S0x2744S0x1072	NOT
0x1be7S0x2026S0x2744S0x1072	CONST
0x1beaS0x2026S0x2744S0x1072	ADD
0x1bebS0x2026S0x2744S0x1072	AND
0x1bbbS0x2002S0x2744S0x1072	CONST
0x1bbdS0x2002S0x2744S0x1072	MLOAD
0x1e81S0x167f	CONST
0x1e82S0x167f	CONST
0x1e85S0x167f	ADD
0x1e88S0x167f	CONST
0x1e8bS0x167f	CONST
0x1e8dS0x167f	ADD
0x1e8fS0x167f	CONST
0x1dc0S0x1e80S0x167f	CONST
0x1dc4S0x1e80S0x167f	CONST
0x1afbS0x1dbfS0x1e80S0x167f	CONST
0x2797S0x1581	CONST
0x279aS0x1581	CONST
0x2789S0x1581	CONST
0x278aS0x1581	CONST
0x278bS0x1581	CONST
0x278cS0x1581	CONST
0x2790S0x1581	SUB
0x2791S0x1581	SLT
0x2792S0x1581	ISZERO
0x2793S0x1581	CONST
0x27a0S0x1581	CONST
0x27a1S0x1581	CONST
0x27a7S0x1581	ADD
0x27a8S0x1581	CONST
0x5c5eS0x1581	CONST
0x5c5fS0x1581	CONST
0x27b0S0x1581	CONST
0x27b2S0x1581	CONST
0x27b8S0x1581	ADD
0x27b9S0x1581	CONST
0x27c1S0x1581	CONST
0x27c3S0x1581	CONST
0x27c9S0x1581	ADD
0x27caS0x1581	CONST
0x20b5S0x279fS0x1581	CONST
0x20b7S0x279fS0x1581	MLOAD
0x20baS0x279fS0x1581	CONST
0x20beS0x279fS0x1581	CONST
0x20b5S0x27acS0x1581	CONST
0x20b7S0x27acS0x1581	MLOAD
0x20baS0x27acS0x1581	CONST
0x20beS0x27acS0x1581	CONST
0x20b5S0x27bdS0x1581	CONST
0x20b7S0x27bdS0x1581	MLOAD
0x20baS0x27bdS0x1581	CONST
0x20beS0x27bdS0x1581	CONST
0x1ea9S0x20b4B0x279fS0x1581	CONST
0x1eaaS0x20b4B0x279fS0x1581	CONST
0x1ea4S0x20b4B0x279fS0x1581	EQ
0x1ea5S0x20b4B0x279fS0x1581	CONST
0x1e9aS0x20b4B0x279fS0x1581	CONST
0x1e9eS0x20b4B0x279fS0x1581	CONST
0x1afbS0x1e99S0x20b4B0x279fS0x1581	CONST
0x1ea9S0x20b4B0x27acS0x1581	CONST
0x1eaaS0x20b4B0x27acS0x1581	CONST
0x1ea4S0x20b4B0x27acS0x1581	EQ
0x1ea5S0x20b4B0x27acS0x1581	CONST
0x1e9aS0x20b4B0x27acS0x1581	CONST
0x1e9eS0x20b4B0x27acS0x1581	CONST
0x1afbS0x1e99S0x20b4B0x27acS0x1581	CONST
0x1ea9S0x20b4B0x27bdS0x1581	CONST
0x1eaaS0x20b4B0x27bdS0x1581	CONST
0x1ea4S0x20b4B0x27bdS0x1581	EQ
0x1ea5S0x20b4B0x27bdS0x1581	CONST
0x1e9aS0x20b4B0x27bdS0x1581	CONST
0x1e9eS0x20b4B0x27bdS0x1581	CONST
0x1afbS0x1e99S0x20b4B0x27bdS0x1581	CONST
0x2596S0xe10	CONST
0x2597S0xe10	CONST
0x259aS0xe10	ADD
0x259dS0xe10	CONST
0x25a0S0xe10	CONST
0x25a2S0xe10	ADD
0x25a4S0xe10	CONST
0x25a9S0xe10	CONST
0x25acS0xe10	CONST
0x25afS0xe10	ADD
0x25b1S0xe10	CONST
0x1dc0S0x25a8S0xe10	CONST
0x1dc4S0x25a8S0xe10	CONST
0x1afbS0x1dbfS0x25a8S0xe10	CONST
0x19b1S0x2595S0xe10	CONST
0x19b5S0x2595S0xe10	CONST
0x19a0S0x19b0S0x2595S0xe10	CONST
0x19a1S0x19b0S0x2595S0xe10	CONST
0x19a5S0x19b0S0x2595S0xe10	CONST
0x1981S0x199fS0x19b0S0x2595S0xe10	CONST
0x1982S0x199fS0x19b0S0x2595S0xe10	CONST
0x1998S0x199fS0x19b0S0x2595S0xe10	AND
0x2596S0xeec	CONST
0x2597S0xeec	CONST
0x259aS0xeec	ADD
0x259dS0xeec	CONST
0x25a0S0xeec	CONST
0x25a2S0xeec	ADD
0x25a4S0xeec	CONST
0x25a9S0xeec	CONST
0x25acS0xeec	CONST
0x25afS0xeec	ADD
0x25b1S0xeec	CONST
0x1dc0S0x25a8S0xeec	CONST
0x1dc4S0x25a8S0xeec	CONST
0x1afbS0x1dbfS0x25a8S0xeec	CONST
0x19b1S0x2595S0xeec	CONST
0x19b5S0x2595S0xeec	CONST
0x19a0S0x19b0S0x2595S0xeec	CONST
0x19a1S0x19b0S0x2595S0xeec	CONST
0x19a5S0x19b0S0x2595S0xeec	CONST
0x1981S0x199fS0x19b0S0x2595S0xeec	CONST
0x1982S0x199fS0x19b0S0x2595S0xeec	CONST
0x1998S0x199fS0x19b0S0x2595S0xeec	AND
0x19c0S0x118	CONST
0x19c1S0x118	CONST
0x19c4S0x118	ADD
0x19c7S0x118	CONST
0x19caS0x118	CONST
0x19ccS0x118	ADD
0x19ceS0x118	CONST
0x19b1S0x19bfS0x118	CONST
0x19b5S0x19bfS0x118	CONST
0x19a0S0x19b0S0x19bfS0x118	CONST
0x19a1S0x19b0S0x19bfS0x118	CONST
0x19a5S0x19b0S0x19bfS0x118	CONST
0x1981S0x199fS0x19b0S0x19bfS0x118	CONST
0x1982S0x199fS0x19b0S0x19bfS0x118	CONST
0x1998S0x199fS0x19b0S0x19bfS0x118	AND
0x1cbdS0x154	CONST
0x1cbeS0x154	CONST
0x1cc1S0x154	ADD
0x1cc6S0x154	SUB
0x1cc7S0x154	CONST
0x1cc9S0x154	ADD
0x1ccbS0x154	CONST
0x1cd0S0x154	CONST
0x1cd9S0x154	SUB
0x1cdaS0x154	CONST
0x1cddS0x154	ADD
0x1cdfS0x154	CONST
0x1ce4S0x154	CONST
0x1cedS0x154	SUB
0x1ceeS0x154	CONST
0x1cf1S0x154	ADD
0x1cf3S0x154	CONST
0x1cf8S0x154	CONST
0x1d01S0x154	SUB
0x1d02S0x154	CONST
0x1d05S0x154	ADD
0x1d07S0x154	CONST
0x1d0cS0x154	CONST
0x1b0c_0x2S0x1cbcS0x154	PHI
0x1b1eS0x1cbcS0x154	CONST
0x1b21S0x1cbcS0x154	ADD
0x1b1d_0x2S0x1cbcS0x154	PHI
0x1b04S0x1cbcS0x154	CONST
0x1b08S0x1cbcS0x154	CONST
0x1b40S0x1cbcS0x154	CONST
0x1b45S0x1cbcS0x154	CONST
0x1ad2S0x1cbcS0x154	CONST
0x1ad4S0x1cbcS0x154	MLOAD
0x1b4cS0x1cbcS0x154	CONST
0x1b50S0x1cbcS0x154	CONST
0x1adcS0x1cbcS0x154	CONST
0x1ae0S0x1cbcS0x154	CONST
0x1ae3S0x1cbcS0x154	ADD
0x1b56S0x1cbcS0x154	CONST
0x1aecS0x1cbcS0x154	CONST
0x1af0S0x1cbcS0x154	CONST
0x1af3S0x1cbcS0x154	ADD
0x1b84_0x6S0x1cbcS0x154	PHI
0x1b6eS0x1cbcS0x154	CONST
0x1b72S0x1cbcS0x154	CONST
0x1b13S0x1cbcS0x154	CONST
0x1b14S0x1cbcS0x154	CONST
0x1b19S0x1cbcS0x154	CONST
0x1b7aS0x1cbcS0x154	CONST
0x1b7dS0x1cbcS0x154	ADD
0x1b80S0x1cbcS0x154	CONST
0x1b76_0x2S0x1cbcS0x154	PHI
0x1b2aS0x1cbcS0x154	CONST
0x1b2bS0x1cbcS0x154	CONST
0x1b2eS0x1cbcS0x154	ADD
0x1b29_0x0S0x1cbcS0x154	PHI
0x1b5aS0x1cbcS0x154	LT
0x1b5bS0x1cbcS0x154	ISZERO
0x1b5cS0x1cbcS0x154	CONST
0x1b57_0x0S0x1cbcS0x154	PHI
0x1b36S0x1cbcS0x154	CONST
0x1b37S0x1cbcS0x154	CONST
0x1b3bS0x1cbcS0x154	CONST
0x1b61S0x1cbcS0x154	MLOAD
0x1b62S0x1cbcS0x154	CONST
0x1b67S0x1cbcS0x154	CONST
0x1b60_0x1S0x1cbcS0x154	PHI
0x1afbS0x1b03S0x1cbcS0x154	CONST
0x1b0c_0x2S0x1ce8S0x154	PHI
0x1b1eS0x1ce8S0x154	CONST
0x1b21S0x1ce8S0x154	ADD
0x1b1d_0x2S0x1ce8S0x154	PHI
0x1b04S0x1ce8S0x154	CONST
0x1b08S0x1ce8S0x154	CONST
0x1b40S0x1ce8S0x154	CONST
0x1b45S0x1ce8S0x154	CONST
0x1ad2S0x1ce8S0x154	CONST
0x1ad4S0x1ce8S0x154	MLOAD
0x1b4cS0x1ce8S0x154	CONST
0x1b50S0x1ce8S0x154	CONST
0x1adcS0x1ce8S0x154	CONST
0x1ae0S0x1ce8S0x154	CONST
0x1ae3S0x1ce8S0x154	ADD
0x1b56S0x1ce8S0x154	CONST
0x1aecS0x1ce8S0x154	CONST
0x1af0S0x1ce8S0x154	CONST
0x1af3S0x1ce8S0x154	ADD
0x1b84_0x6S0x1ce8S0x154	PHI
0x1b6eS0x1ce8S0x154	CONST
0x1b72S0x1ce8S0x154	CONST
0x1b13S0x1ce8S0x154	CONST
0x1b14S0x1ce8S0x154	CONST
0x1b19S0x1ce8S0x154	CONST
0x1b7aS0x1ce8S0x154	CONST
0x1b7dS0x1ce8S0x154	ADD
0x1b80S0x1ce8S0x154	CONST
0x1b76_0x2S0x1ce8S0x154	PHI
0x1b2aS0x1ce8S0x154	CONST
0x1b2bS0x1ce8S0x154	CONST
0x1b2eS0x1ce8S0x154	ADD
0x1b29_0x0S0x1ce8S0x154	PHI
0x1b5aS0x1ce8S0x154	LT
0x1b5bS0x1ce8S0x154	ISZERO
0x1b5cS0x1ce8S0x154	CONST
0x1b57_0x0S0x1ce8S0x154	PHI
0x1b36S0x1ce8S0x154	CONST
0x1b37S0x1ce8S0x154	CONST
0x1b3bS0x1ce8S0x154	CONST
0x1b61S0x1ce8S0x154	MLOAD
0x1b62S0x1ce8S0x154	CONST
0x1b67S0x1ce8S0x154	CONST
0x1b60_0x1S0x1ce8S0x154	PHI
0x1afbS0x1b03S0x1ce8S0x154	CONST
0x1b0c_0x2S0x1cfcS0x154	PHI
0x1b1eS0x1cfcS0x154	CONST
0x1b21S0x1cfcS0x154	ADD
0x1b1d_0x2S0x1cfcS0x154	PHI
0x1b04S0x1cfcS0x154	CONST
0x1b08S0x1cfcS0x154	CONST
0x1b40S0x1cfcS0x154	CONST
0x1b45S0x1cfcS0x154	CONST
0x1ad2S0x1cfcS0x154	CONST
0x1ad4S0x1cfcS0x154	MLOAD
0x1b4cS0x1cfcS0x154	CONST
0x1b50S0x1cfcS0x154	CONST
0x1adcS0x1cfcS0x154	CONST
0x1ae0S0x1cfcS0x154	CONST
0x1ae3S0x1cfcS0x154	ADD
0x1b56S0x1cfcS0x154	CONST
0x1aecS0x1cfcS0x154	CONST
0x1af0S0x1cfcS0x154	CONST
0x1af3S0x1cfcS0x154	ADD
0x1b84_0x6S0x1cfcS0x154	PHI
0x1b6eS0x1cfcS0x154	CONST
0x1b72S0x1cfcS0x154	CONST
0x1b13S0x1cfcS0x154	CONST
0x1b14S0x1cfcS0x154	CONST
0x1b19S0x1cfcS0x154	CONST
0x1b7aS0x1cfcS0x154	CONST
0x1b7dS0x1cfcS0x154	ADD
0x1b80S0x1cfcS0x154	CONST
0x1b76_0x2S0x1cfcS0x154	PHI
0x1b2aS0x1cfcS0x154	CONST
0x1b2bS0x1cfcS0x154	CONST
0x1b2eS0x1cfcS0x154	ADD
0x1b29_0x0S0x1cfcS0x154	PHI
0x1b5aS0x1cfcS0x154	LT
0x1b5bS0x1cfcS0x154	ISZERO
0x1b5cS0x1cfcS0x154	CONST
0x1b57_0x0S0x1cfcS0x154	PHI
0x1b36S0x1cfcS0x154	CONST
0x1b37S0x1cfcS0x154	CONST
0x1b3bS0x1cfcS0x154	CONST
0x1b61S0x1cfcS0x154	MLOAD
0x1b62S0x1cfcS0x154	CONST
0x1b67S0x1cfcS0x154	CONST
0x1b60_0x1S0x1cfcS0x154	PHI
0x1afbS0x1b03S0x1cfcS0x154	CONST
0x1c54S0x1cd4S0x154	CONST
0x1c59S0x1cd4S0x154	CONST
0x1b92S0x1cd4S0x154	CONST
0x1b94S0x1cd4S0x154	MLOAD
0x1c61S0x1cd4S0x154	CONST
0x1c64S0x1cd4S0x154	MUL
0x1c66S0x1cd4S0x154	ADD
0x1c67S0x1cd4S0x154	CONST
0x1c6bS0x1cd4S0x154	CONST
0x1b9cS0x1cd4S0x154	CONST
0x1ba0S0x1cd4S0x154	CONST
0x1ba3S0x1cd4S0x154	ADD
0x1c71S0x1cd4S0x154	CONST
0x1bacS0x1cd4S0x154	CONST
0x1bb0S0x1cd4S0x154	CONST
0x1bb3S0x1cd4S0x154	ADD
0x1caa_0x3S0x1cd4S0x154	PHI
0x1c8eS0x1cd4S0x154	CONST
0x1c92S0x1cd4S0x154	CONST
0x1c99S0x1cd4S0x154	CONST
0x1c9cS0x1cd4S0x154	ADD
0x1ca0S0x1cd4S0x154	CONST
0x1ca3S0x1cd4S0x154	ADD
0x1ca6S0x1cd4S0x154	CONST
0x1c96_0x2S0x1cd4S0x154	PHI
0x1c96_0xaS0x1cd4S0x154	PHI
0x1c3eS0x1cd4S0x154	CONST
0x1c3fS0x1cd4S0x154	CONST
0x1c42S0x1cd4S0x154	ADD
0x1c3d_0x0S0x1cd4S0x154	PHI
0x1c75S0x1cd4S0x154	LT
0x1c76S0x1cd4S0x154	ISZERO
0x1c77S0x1cd4S0x154	CONST
0x1c72_0x0S0x1cd4S0x154	PHI
0x1c4aS0x1cd4S0x154	CONST
0x1c4bS0x1cd4S0x154	CONST
0x1c4fS0x1cd4S0x154	CONST
0x1c7dS0x1cd4S0x154	SUB
0x1c81S0x1cd4S0x154	MLOAD
0x1c82S0x1cd4S0x154	CONST
0x1c87S0x1cd4S0x154	CONST
0x1c7b_0x1S0x1cd4S0x154	PHI
0x1c7b_0x3S0x1cd4S0x154	PHI
0x1c7b_0x8S0x1cd4S0x154	PHI
0x1bfdS0x1c7bS0x1cd4S0x154	CONST
0x1c02S0x1c7bS0x1cd4S0x154	CONST
0x1c09S0x1c7bS0x1cd4S0x154	CONST
0x1c0eS0x1c7bS0x1cd4S0x154	CONST
0x1c11S0x1c7bS0x1cd4S0x154	ADD
0x1c12S0x1c7bS0x1cd4S0x154	CONST
0x1bc5S0x1c7bS0x1cd4S0x154	CONST
0x1bc9S0x1c7bS0x1cd4S0x154	CONST
0x1bccS0x1c7bS0x1cd4S0x154	ADD
0x1c17S0x1c7bS0x1cd4S0x154	CONST
0x1c1bS0x1c7bS0x1cd4S0x154	CONST
0x1c21S0x1c7bS0x1cd4S0x154	ADD
0x1bf3S0x1c7bS0x1cd4S0x154	CONST
0x1bf4S0x1c7bS0x1cd4S0x154	CONST
0x1bf8S0x1c7bS0x1cd4S0x154	CONST
0x1c2bS0x1c7bS0x1cd4S0x154	CONST
0x1c2cS0x1c7bS0x1cd4S0x154	CONST
0x1c31S0x1c7bS0x1cd4S0x154	CONST
0x1bd9S0x1c06S0x1c7bS0x1cd4S0x154	CONST
0x1bdcS0x1c06S0x1c7bS0x1cd4S0x154	ADD
0x1be3S0x1c16S0x1c7bS0x1cd4S0x154	CONST
0x1be4S0x1c16S0x1c7bS0x1cd4S0x154	CONST
0x1be6S0x1c16S0x1c7bS0x1cd4S0x154	NOT
0x1be7S0x1c16S0x1c7bS0x1cd4S0x154	CONST
0x1beaS0x1c16S0x1c7bS0x1cd4S0x154	ADD
0x1bebS0x1c16S0x1c7bS0x1cd4S0x154	AND
0x1bbbS0x1bf2S0x1c7bS0x1cd4S0x154	CONST
0x1bbdS0x1bf2S0x1c7bS0x1cd4S0x154	MLOAD
0x16e0S0x286	CONST
0x16e1S0x286	CONST
0x16e2S0x286	CONST
0x16e7S0x286	CONST
0x16e8S0x286	CONST
0x16f0S0x286	CONST
0x16f5S0x286	CONST
0x16f8S0x286	CALLPRIVATE
0x16fbS0x286	CONST
0x1700S0x286	CONST
0x1703S0x286	CALLPRIVATE
0x19c0S0x2b5	CONST
0x19c1S0x2b5	CONST
0x19c4S0x2b5	ADD
0x19c7S0x2b5	CONST
0x19caS0x2b5	CONST
0x19ccS0x2b5	ADD
0x19ceS0x2b5	CONST
0x19b1S0x19bfS0x2b5	CONST
0x19b5S0x19bfS0x2b5	CONST
0x19a0S0x19b0S0x19bfS0x2b5	CONST
0x19a1S0x19b0S0x19bfS0x2b5	CONST
0x19a5S0x19b0S0x19bfS0x2b5	CONST
0x1981S0x199fS0x19b0S0x19bfS0x2b5	CONST
0x1982S0x199fS0x19b0S0x19bfS0x2b5	CONST
0x1998S0x199fS0x19b0S0x19bfS0x2b5	AND
0x1eefS0x2df	CONST
0x1ef0S0x2df	CONST
0x1ef3S0x2df	ADD
0x1ef6S0x2df	CONST
0x1ef9S0x2df	CONST
0x1efbS0x2df	ADD
0x1efdS0x2df	CONST
0x1f02S0x2df	CONST
0x1f05S0x2df	CONST
0x1f08S0x2df	ADD
0x1f0aS0x2df	CONST
0x1f0fS0x2df	CONST
0x1f12S0x2df	CONST
0x1f15S0x2df	ADD
0x1f17S0x2df	CONST
0x1f1cS0x2df	CONST
0x1f1fS0x2df	CONST
0x1f22S0x2df	ADD
0x1f24S0x2df	CONST
0x1dc0S0x1f0eS0x2df	CONST
0x1dc4S0x1f0eS0x2df	CONST
0x1afbS0x1dbfS0x1f0eS0x2df	CONST
0x1dc0S0x1f1bS0x2df	CONST
0x1dc4S0x1f1bS0x2df	CONST
0x1afbS0x1dbfS0x1f1bS0x2df	CONST
0x19b1S0x1eeeS0x2df	CONST
0x19b5S0x1eeeS0x2df	CONST
0x19a0S0x19b0S0x1eeeS0x2df	CONST
0x19a1S0x19b0S0x1eeeS0x2df	CONST
0x19a5S0x19b0S0x1eeeS0x2df	CONST
0x1981S0x199fS0x19b0S0x1eeeS0x2df	CONST
0x1982S0x199fS0x19b0S0x1eeeS0x2df	CONST
0x1998S0x199fS0x19b0S0x1eeeS0x2df	AND
0x19b1S0x1f01S0x2df	CONST
0x19b5S0x1f01S0x2df	CONST
0x19a0S0x19b0S0x1f01S0x2df	CONST
0x19a1S0x19b0S0x1f01S0x2df	CONST
0x19a5S0x19b0S0x1f01S0x2df	CONST
0x1981S0x199fS0x19b0S0x1f01S0x2df	CONST
0x1982S0x199fS0x19b0S0x1f01S0x2df	CONST
0x1998S0x199fS0x19b0S0x1f01S0x2df	AND
0x19c0S0x34a	CONST
0x19c1S0x34a	CONST
0x19c4S0x34a	ADD
0x19c7S0x34a	CONST
0x19caS0x34a	CONST
0x19ccS0x34a	ADD
0x19ceS0x34a	CONST
0x19b1S0x19bfS0x34a	CONST
0x19b5S0x19bfS0x34a	CONST
0x19a0S0x19b0S0x19bfS0x34a	CONST
0x19a1S0x19b0S0x19bfS0x34a	CONST
0x19a5S0x19b0S0x19bfS0x34a	CONST
0x1981S0x199fS0x19b0S0x19bfS0x34a	CONST
0x1982S0x199fS0x19b0S0x19bfS0x34a	CONST
0x1998S0x199fS0x19b0S0x19bfS0x34a	AND
0x19c0S0xd1d	CONST
0x19c1S0xd1d	CONST
0x19c4S0xd1d	ADD
0x19c7S0xd1d	CONST
0x19caS0xd1d	CONST
0x19ccS0xd1d	ADD
0x19ceS0xd1d	CONST
0x19b1S0x19bfS0xd1d	CONST
0x19b5S0x19bfS0xd1d	CONST
0x19a0S0x19b0S0x19bfS0xd1d	CONST
0x19a1S0x19b0S0x19bfS0xd1d	CONST
0x19a5S0x19b0S0x19bfS0xd1d	CONST
0x1981S0x199fS0x19b0S0x19bfS0xd1d	CONST
0x1982S0x199fS0x19b0S0x19bfS0xd1d	CONST
0x1998S0x199fS0x19b0S0x19bfS0xd1d	AND
0x2762S0x154c	CONST
0x2763S0x154c	CONST
0x2766S0x154c	ADD
0x2769S0x154c	CONST
0x276cS0x154c	CONST
0x276eS0x154c	ADD
0x2770S0x154c	CONST
0x2775S0x154c	CONST
0x2778S0x154c	CONST
0x277bS0x154c	ADD
0x277dS0x154c	CONST
0x19b1S0x2761S0x154c	CONST
0x19b5S0x2761S0x154c	CONST
0x19a0S0x19b0S0x2761S0x154c	CONST
0x19a1S0x19b0S0x2761S0x154c	CONST
0x19a5S0x19b0S0x2761S0x154c	CONST
0x1981S0x199fS0x19b0S0x2761S0x154c	CONST
0x1982S0x199fS0x19b0S0x2761S0x154c	CONST
0x1998S0x199fS0x19b0S0x2761S0x154c	AND
0x19b1S0x2774S0x154c	CONST
0x19b5S0x2774S0x154c	CONST
0x19a0S0x19b0S0x2774S0x154c	CONST
0x19a1S0x19b0S0x2774S0x154c	CONST
0x19a5S0x19b0S0x2774S0x154c	CONST
0x1981S0x199fS0x19b0S0x2774S0x154c	CONST
0x1982S0x199fS0x19b0S0x2774S0x154c	CONST
0x1998S0x199fS0x19b0S0x2774S0x154c	AND
0x1a83S0x139	CONST
0x1a86S0x139	CONST
0x1ab1S0x139	CONST
0x1ab4S0x139	CONST
0x1a75S0x139	CONST
0x1a76S0x139	CONST
0x1a77S0x139	CONST
0x1a78S0x139	CONST
0x1a7cS0x139	SUB
0x1a7dS0x139	SLT
0x1a7eS0x139	ISZERO
0x1a7fS0x139	CONST
0x1a8cS0x139	CONST
0x1a8dS0x139	CONST
0x1a93S0x139	ADD
0x1a94S0x139	CONST
0x598aS0x139	CONST
0x598bS0x139	CONST
0x1a9cS0x139	CONST
0x1a9fS0x139	ADD
0x1aa0S0x139	CALLDATALOAD
0x1aa1S0x139	CONST
0x1aabS0x139	GT
0x1aacS0x139	ISZERO
0x1aadS0x139	CONST
0x1abaS0x139	CONST
0x1ac0S0x139	ADD
0x1ac1S0x139	CONST
0x59adS0x139	CONST
0x59aeS0x139	CONST
0x1a2cS0x1ab9S0x139	CONST
0x1a2fS0x1ab9S0x139	CONST
0x1a49S0x1ab9S0x139	CONST
0x1a4cS0x1ab9S0x139	CONST
0x1a65S0x1ab9S0x139	CONST
0x1a68S0x1ab9S0x139	CONST
0x1a36S0x1ab9S0x139	CALLDATALOAD
0x1a39S0x1ab9S0x139	CONST
0x1a43S0x1ab9S0x139	GT
0x1a44S0x1ab9S0x139	ISZERO
0x1a45S0x1ab9S0x139	CONST
0x5967S0x1ab9S0x139	CONST
0x5968S0x1ab9S0x139	CONST
0x1a52S0x1ab9S0x139	CONST
0x1a55S0x1ab9S0x139	ADD
0x1a59S0x1ab9S0x139	CONST
0x1a5cS0x1ab9S0x139	MUL
0x1a5eS0x1ab9S0x139	ADD
0x1a5fS0x1ab9S0x139	GT
0x1a60S0x1ab9S0x139	ISZERO
0x1a61S0x1ab9S0x139	CONST
0x1a18S0x1ab9S0x139	CONST
0x1a19S0x1ab9S0x139	CONST
0x1a1cS0x1ab9S0x139	CONST
0x1a1dS0x1ab9S0x139	CONST
0x1a20S0x1ab9S0x139	CONST
0x1a21S0x1ab9S0x139	CONST
0x1a23S0x1ab9S0x139	CONST
0x1a26S0x1ab9S0x139	ADD
0x1a27S0x1ab9S0x139	SLT
0x1a28S0x1ab9S0x139	CONST
0x1a00S0x1a8bS0x139	CONST
0x1a02S0x1a8bS0x139	CALLDATALOAD
0x1a05S0x1a8bS0x139	CONST
0x1a09S0x1a8bS0x139	CONST
0x19f9S0x19ffS0x1a8bS0x139	CONST
0x19faS0x19ffS0x1a8bS0x139	CONST
0x19f4S0x19ffS0x1a8bS0x139	EQ
0x19f5S0x19ffS0x1a8bS0x139	CONST
0x19eaS0x19ffS0x1a8bS0x139	CONST
0x19eeS0x19ffS0x1a8bS0x139	CONST
0x19a0S0x19e9S0x19ffS0x1a8bS0x139	CONST
0x19a1S0x19e9S0x19ffS0x1a8bS0x139	CONST
0x19a5S0x19e9S0x19ffS0x1a8bS0x139	CONST
0x1981S0x199fS0x19e9S0x19ffS0x1a8bS0x139	CONST
0x1982S0x199fS0x19e9S0x19ffS0x1a8bS0x139	CONST
0x1998S0x199fS0x19e9S0x19ffS0x1a8bS0x139	AND
0x1d63S0x178	CONST
0x1d66S0x178	CONST
0x1d57S0x178	CONST
0x1d58S0x178	CONST
0x1d5cS0x178	SUB
0x1d5dS0x178	SLT
0x1d5eS0x178	ISZERO
0x1d5fS0x178	CONST
0x1d6cS0x178	CONST
0x1d6dS0x178	CONST
0x1d73S0x178	ADD
0x1d74S0x178	CONST
0x59d0S0x178	CONST
0x59d1S0x178	CONST
0x1d43S0x1d6bS0x178	CONST
0x1d45S0x1d6bS0x178	CALLDATALOAD
0x1d48S0x1d6bS0x178	CONST
0x1d4cS0x1d6bS0x178	CONST
0x1d3cS0x1d42S0x1d6bS0x178	CONST
0x1d3dS0x1d42S0x1d6bS0x178	CONST
0x1d37S0x1d42S0x1d6bS0x178	EQ
0x1d38S0x1d42S0x1d6bS0x178	CONST
0x1d2dS0x1d42S0x1d6bS0x178	CONST
0x1d31S0x1d42S0x1d6bS0x178	CONST
0x1d1cS0x1d2cS0x1d42S0x1d6bS0x178	CONST
0x1d1dS0x1d2cS0x1d42S0x1d6bS0x178	CONST
0x1d21S0x1d2cS0x1d42S0x1d6bS0x178	CONST
0x1981S0x1d1bS0x1d2cS0x1d42S0x1d6bS0x178	CONST
0x1982S0x1d1bS0x1d2cS0x1d42S0x1d6bS0x178	CONST
0x1998S0x1d1bS0x1d2cS0x1d42S0x1d6bS0x178	AND
0x1d8fS0x1a0	CONST
0x1d92S0x1a0	CONST
0x1d82S0x1a0	CONST
0x1d83S0x1a0	CONST
0x1d84S0x1a0	CONST
0x1d88S0x1a0	SUB
0x1d89S0x1a0	SLT
0x1d8aS0x1a0	ISZERO
0x1d8bS0x1a0	CONST
0x1d98S0x1a0	CONST
0x1d99S0x1a0	CONST
0x1d9fS0x1a0	ADD
0x1da0S0x1a0	CONST
0x59f3S0x1a0	CONST
0x59f4S0x1a0	CONST
0x1da8S0x1a0	CONST
0x1daaS0x1a0	CONST
0x1db0S0x1a0	ADD
0x1db1S0x1a0	CONST
0x1a00S0x1d97S0x1a0	CONST
0x1a02S0x1d97S0x1a0	CALLDATALOAD
0x1a05S0x1d97S0x1a0	CONST
0x1a09S0x1d97S0x1a0	CONST
0x19f9S0x19ffS0x1d97S0x1a0	CONST
0x19faS0x19ffS0x1d97S0x1a0	CONST
0x19f4S0x19ffS0x1d97S0x1a0	EQ
0x19f5S0x19ffS0x1d97S0x1a0	CONST
0x19eaS0x19ffS0x1d97S0x1a0	CONST
0x19eeS0x19ffS0x1d97S0x1a0	CONST
0x19a0S0x19e9S0x19ffS0x1d97S0x1a0	CONST
0x19a1S0x19e9S0x19ffS0x1d97S0x1a0	CONST
0x19a5S0x19e9S0x19ffS0x1d97S0x1a0	CONST
0x1981S0x199fS0x19e9S0x19ffS0x1d97S0x1a0	CONST
0x1982S0x199fS0x19e9S0x19ffS0x1d97S0x1a0	CONST
0x1998S0x199fS0x19e9S0x19ffS0x1d97S0x1a0	AND
0x1a00S0x1da4S0x1a0	CONST
0x1a02S0x1da4S0x1a0	CALLDATALOAD
0x1a05S0x1da4S0x1a0	CONST
0x1a09S0x1da4S0x1a0	CONST
0x19f9S0x19ffS0x1da4S0x1a0	CONST
0x19faS0x19ffS0x1da4S0x1a0	CONST
0x19f4S0x19ffS0x1da4S0x1a0	EQ
0x19f5S0x19ffS0x1da4S0x1a0	CONST
0x19eaS0x19ffS0x1da4S0x1a0	CONST
0x19eeS0x19ffS0x1da4S0x1a0	CONST
0x19a0S0x19e9S0x19ffS0x1da4S0x1a0	CONST
0x19a1S0x19e9S0x19ffS0x1da4S0x1a0	CONST
0x19a5S0x19e9S0x19ffS0x1da4S0x1a0	CONST
0x1981S0x199fS0x19e9S0x19ffS0x1da4S0x1a0	CONST
0x1982S0x199fS0x19e9S0x19ffS0x1da4S0x1a0	CONST
0x1998S0x199fS0x19e9S0x19ffS0x1da4S0x1a0	AND
0x1a83S0x208	CONST
0x1a86S0x208	CONST
0x1ab1S0x208	CONST
0x1ab4S0x208	CONST
0x1a75S0x208	CONST
0x1a76S0x208	CONST
0x1a77S0x208	CONST
0x1a78S0x208	CONST
0x1a7cS0x208	SUB
0x1a7dS0x208	SLT
0x1a7eS0x208	ISZERO
0x1a7fS0x208	CONST
0x1a8cS0x208	CONST
0x1a8dS0x208	CONST
0x1a93S0x208	ADD
0x1a94S0x208	CONST
0x598aS0x208	CONST
0x598bS0x208	CONST
0x1a9cS0x208	CONST
0x1a9fS0x208	ADD
0x1aa0S0x208	CALLDATALOAD
0x1aa1S0x208	CONST
0x1aabS0x208	GT
0x1aacS0x208	ISZERO
0x1aadS0x208	CONST
0x1abaS0x208	CONST
0x1ac0S0x208	ADD
0x1ac1S0x208	CONST
0x59adS0x208	CONST
0x59aeS0x208	CONST
0x1a2cS0x1ab9S0x208	CONST
0x1a2fS0x1ab9S0x208	CONST
0x1a49S0x1ab9S0x208	CONST
0x1a4cS0x1ab9S0x208	CONST
0x1a65S0x1ab9S0x208	CONST
0x1a68S0x1ab9S0x208	CONST
0x1a36S0x1ab9S0x208	CALLDATALOAD
0x1a39S0x1ab9S0x208	CONST
0x1a43S0x1ab9S0x208	GT
0x1a44S0x1ab9S0x208	ISZERO
0x1a45S0x1ab9S0x208	CONST
0x5967S0x1ab9S0x208	CONST
0x5968S0x1ab9S0x208	CONST
0x1a52S0x1ab9S0x208	CONST
0x1a55S0x1ab9S0x208	ADD
0x1a59S0x1ab9S0x208	CONST
0x1a5cS0x1ab9S0x208	MUL
0x1a5eS0x1ab9S0x208	ADD
0x1a5fS0x1ab9S0x208	GT
0x1a60S0x1ab9S0x208	ISZERO
0x1a61S0x1ab9S0x208	CONST
0x1a18S0x1ab9S0x208	CONST
0x1a19S0x1ab9S0x208	CONST
0x1a1cS0x1ab9S0x208	CONST
0x1a1dS0x1ab9S0x208	CONST
0x1a20S0x1ab9S0x208	CONST
0x1a21S0x1ab9S0x208	CONST
0x1a23S0x1ab9S0x208	CONST
0x1a26S0x1ab9S0x208	ADD
0x1a27S0x1ab9S0x208	SLT
0x1a28S0x1ab9S0x208	CONST
0x1a00S0x1a8bS0x208	CONST
0x1a02S0x1a8bS0x208	CALLDATALOAD
0x1a05S0x1a8bS0x208	CONST
0x1a09S0x1a8bS0x208	CONST
0x19f9S0x19ffS0x1a8bS0x208	CONST
0x19faS0x19ffS0x1a8bS0x208	CONST
0x19f4S0x19ffS0x1a8bS0x208	EQ
0x19f5S0x19ffS0x1a8bS0x208	CONST
0x19eaS0x19ffS0x1a8bS0x208	CONST
0x19eeS0x19ffS0x1a8bS0x208	CONST
0x19a0S0x19e9S0x19ffS0x1a8bS0x208	CONST
0x19a1S0x19e9S0x19ffS0x1a8bS0x208	CONST
0x19a5S0x19e9S0x19ffS0x1a8bS0x208	CONST
0x1981S0x199fS0x19e9S0x19ffS0x1a8bS0x208	CONST
0x1982S0x199fS0x19e9S0x19ffS0x1a8bS0x208	CONST
0x1998S0x199fS0x19e9S0x19ffS0x1a8bS0x208	AND
0x1f93S0x36b	CONST
0x1f96S0x36b	CONST
0x1f87S0x36b	CONST
0x1f88S0x36b	CONST
0x1f8cS0x36b	SUB
0x1f8dS0x36b	SLT
0x1f8eS0x36b	ISZERO
0x1f8fS0x36b	CONST
0x1f9cS0x36b	CONST
0x1f9dS0x36b	CONST
0x1fa3S0x36b	ADD
0x1fa4S0x36b	CONST
0x5a5cS0x36b	CONST
0x5a5dS0x36b	CONST
0x1a00S0x1f9bS0x36b	CONST
0x1a02S0x1f9bS0x36b	CALLDATALOAD
0x1a05S0x1f9bS0x36b	CONST
0x1a09S0x1f9bS0x36b	CONST
0x19f9S0x19ffS0x1f9bS0x36b	CONST
0x19faS0x19ffS0x1f9bS0x36b	CONST
0x19f4S0x19ffS0x1f9bS0x36b	EQ
0x19f5S0x19ffS0x1f9bS0x36b	CONST
0x19eaS0x19ffS0x1f9bS0x36b	CONST
0x19eeS0x19ffS0x1f9bS0x36b	CONST
0x19a0S0x19e9S0x19ffS0x1f9bS0x36b	CONST
0x19a1S0x19e9S0x19ffS0x1f9bS0x36b	CONST
0x19a5S0x19e9S0x19ffS0x1f9bS0x36b	CONST
0x1981S0x199fS0x19e9S0x19ffS0x1f9bS0x36b	CONST
0x1982S0x199fS0x19e9S0x19ffS0x1f9bS0x36b	CONST
0x1998S0x199fS0x19e9S0x19ffS0x1f9bS0x36b	AND
0x1f93S0x14d6	CONST
0x1f96S0x14d6	CONST
0x1f87S0x14d6	CONST
0x1f88S0x14d6	CONST
0x1f8cS0x14d6	SUB
0x1f8dS0x14d6	SLT
0x1f8eS0x14d6	ISZERO
0x1f8fS0x14d6	CONST
0x1f9cS0x14d6	CONST
0x1f9dS0x14d6	CONST
0x1fa3S0x14d6	ADD
0x1fa4S0x14d6	CONST
0x5a5cS0x14d6	CONST
0x5a5dS0x14d6	CONST
0x1a00S0x1f9bS0x14d6	CONST
0x1a02S0x1f9bS0x14d6	CALLDATALOAD
0x1a05S0x1f9bS0x14d6	CONST
0x1a09S0x1f9bS0x14d6	CONST
0x19f9S0x19ffS0x1f9bS0x14d6	CONST
0x19faS0x19ffS0x1f9bS0x14d6	CONST
0x19f4S0x19ffS0x1f9bS0x14d6	EQ
0x19f5S0x19ffS0x1f9bS0x14d6	CONST
0x19eaS0x19ffS0x1f9bS0x14d6	CONST
0x19eeS0x19ffS0x1f9bS0x14d6	CONST
0x19a0S0x19e9S0x19ffS0x1f9bS0x14d6	CONST
0x19a1S0x19e9S0x19ffS0x1f9bS0x14d6	CONST
0x19a5S0x19e9S0x19ffS0x1f9bS0x14d6	CONST
0x1981S0x199fS0x19e9S0x19ffS0x1f9bS0x14d6	CONST
0x1982S0x199fS0x19e9S0x19ffS0x1f9bS0x14d6	CONST
0x1998S0x199fS0x19e9S0x19ffS0x1f9bS0x14d6	AND
0x1f93S0x1537	CONST
0x1f96S0x1537	CONST
0x1f87S0x1537	CONST
0x1f88S0x1537	CONST
0x1f8cS0x1537	SUB
0x1f8dS0x1537	SLT
0x1f8eS0x1537	ISZERO
0x1f8fS0x1537	CONST
0x1f9cS0x1537	CONST
0x1f9dS0x1537	CONST
0x1fa3S0x1537	ADD
0x1fa4S0x1537	CONST
0x5a5cS0x1537	CONST
0x5a5dS0x1537	CONST
0x1a00S0x1f9bS0x1537	CONST
0x1a02S0x1f9bS0x1537	CALLDATALOAD
0x1a05S0x1f9bS0x1537	CONST
0x1a09S0x1f9bS0x1537	CONST
0x19f9S0x19ffS0x1f9bS0x1537	CONST
0x19faS0x19ffS0x1f9bS0x1537	CONST
0x19f4S0x19ffS0x1f9bS0x1537	EQ
0x19f5S0x19ffS0x1f9bS0x1537	CONST
0x19eaS0x19ffS0x1f9bS0x1537	CONST
0x19eeS0x19ffS0x1f9bS0x1537	CONST
0x19a0S0x19e9S0x19ffS0x1f9bS0x1537	CONST
0x19a1S0x19e9S0x19ffS0x1f9bS0x1537	CONST
0x19a5S0x19e9S0x19ffS0x1f9bS0x1537	CONST
0x1981S0x199fS0x19e9S0x19ffS0x1f9bS0x1537	CONST
0x1982S0x199fS0x19e9S0x19ffS0x1f9bS0x1537	CONST
0x1998S0x199fS0x19e9S0x19ffS0x1f9bS0x1537	AND
0x22ebS0x1005	CONST
0x22eeS0x1005	CONST
0x2308S0x1005	CONST
0x230bS0x1005	CONST
0x22dfS0x1005	CONST
0x22e0S0x1005	CONST
0x22e4S0x1005	SUB
0x22e5S0x1005	SLT
0x22e6S0x1005	ISZERO
0x22e7S0x1005	CONST
0x22f4S0x1005	CONST
0x22f6S0x1005	ADD
0x22f7S0x1005	MLOAD
0x22f8S0x1005	CONST
0x2302S0x1005	GT
0x2303S0x1005	ISZERO
0x2304S0x1005	CONST
0x5bf5S0x1005	CONST
0x5bf6S0x1005	CONST
0x2311S0x1005	CONST
0x2317S0x1005	ADD
0x2318S0x1005	CONST
0x5c18S0x1005	CONST
0x5c19S0x1005	CONST
0x22bdS0x2310S0x1005	CONST
0x22c0S0x2310S0x1005	CONST
0x22c7S0x2310S0x1005	MLOAD
0x22c8S0x2310S0x1005	CONST
0x22cdS0x2310S0x1005	CONST
0x22d0S0x2310S0x1005	ADD
0x22d1S0x2310S0x1005	CONST
0x5bd2S0x2310S0x1005	CONST
0x5bd3S0x2310S0x1005	CONST
0x22b2S0x2310S0x1005	CONST
0x22b4S0x2310S0x1005	CONST
0x22b7S0x2310S0x1005	ADD
0x22b8S0x2310S0x1005	SLT
0x22b9S0x2310S0x1005	CONST
0x2252S0x22c5S0x2310S0x1005	CONST
0x2255S0x22c5S0x2310S0x1005	CONST
0x2296S0x22c5S0x2310S0x1005	CONST
0x2299S0x22c5S0x2310S0x1005	CONST
0x225bS0x22c5S0x2310S0x1005	CONST
0x225fS0x22c5S0x2310S0x1005	CONST
0x5b86S0x22c5S0x2310S0x1005	CONST
0x5ba7S0x22c5S0x2310S0x1005	CONST
0x5ba9S0x22c5S0x2310S0x1005	CONST
0x5babS0x22c5S0x2310S0x1005	CONST
0x5baeS0x22c5S0x2310S0x1005	CONST
0x5bb0S0x22c5S0x2310S0x1005	CONST
0x2266S0x22c5S0x2310S0x1005	CONST
0x2269S0x22c5S0x2310S0x1005	ADD
0x2288S0x22c5S0x2310S0x1005	CONST
0x228bS0x22c5S0x2310S0x1005	ADD
0x228fS0x22c5S0x2310S0x1005	ADD
0x2290S0x22c5S0x2310S0x1005	GT
0x2291S0x22c5S0x2310S0x1005	ISZERO
0x2292S0x22c5S0x2310S0x1005	CONST
0x227eS0x22c5S0x2310S0x1005	CONST
0x2241S0x22c5S0x2310S0x1005	CONST
0x2242S0x22c5S0x2310S0x1005	CONST
0x224cS0x22c5S0x2310S0x1005	GT
0x224dS0x22c5S0x2310S0x1005	ISZERO
0x224eS0x22c5S0x2310S0x1005	CONST
0x229fS0x22c5S0x2310S0x1005	CONST
0x22a5S0x22c5S0x2310S0x1005	CONST
0x21f2S0x22c5S0x2310S0x1005	CONST
0x21f3S0x22c5S0x2310S0x1005	CONST
0x2271S0x22c5S0x2310S0x1005	CONST
0x2272S0x22c5S0x2310S0x1005	CONST
0x2275S0x22c5S0x2310S0x1005	CONST
0x2279S0x22c5S0x2310S0x1005	CONST
0x1be3S0x225aS0x22c5S0x2310S0x1005	CONST
0x1be4S0x225aS0x22c5S0x2310S0x1005	CONST
0x1be6S0x225aS0x22c5S0x2310S0x1005	NOT
0x1be7S0x225aS0x22c5S0x2310S0x1005	CONST
0x1beaS0x225aS0x22c5S0x2310S0x1005	ADD
0x1bebS0x225aS0x22c5S0x2310S0x1005	AND
0x1bd9S0x229eS0x22c5S0x2310S0x1005	CONST
0x1bdcS0x229eS0x22c5S0x2310S0x1005	ADD
0x2215S0x227dS0x22c5S0x2310S0x1005	CONST
0x2218S0x227dS0x22c5S0x2310S0x1005	CONST
0x2200S0x227dS0x22c5S0x2310S0x1005	ADD
0x2203S0x227dS0x22c5S0x2310S0x1005	LT
0x2204S0x227dS0x22c5S0x2310S0x1005	CONST
0x220eS0x227dS0x22c5S0x2310S0x1005	GT
0x220fS0x227dS0x22c5S0x2310S0x1005	OR
0x2210S0x227dS0x22c5S0x2310S0x1005	ISZERO
0x2211S0x227dS0x22c5S0x2310S0x1005	CONST
0x221fS0x227dS0x22c5S0x2310S0x1005	CONST
0x5b3aS0x227dS0x22c5S0x2310S0x1005	CONST
0x5b5bS0x227dS0x22c5S0x2310S0x1005	CONST
0x5b5dS0x227dS0x22c5S0x2310S0x1005	CONST
0x5b5fS0x227dS0x22c5S0x2310S0x1005	CONST
0x5b62S0x227dS0x22c5S0x2310S0x1005	CONST
0x5b64S0x227dS0x22c5S0x2310S0x1005	CONST
0x2232S0x227dS0x22c5S0x2310S0x1005	CONST
0x2237S0x227dS0x22c5S0x2310S0x1005	CONST
0x19d9S0x227dS0x22c5S0x2310S0x1005	CONST
0x19daS0x227dS0x22c5S0x2310S0x1005	CONST
0x19dcS0x227dS0x22c5S0x2310S0x1005	MLOAD
0x21f6S0x227dS0x22c5S0x2310S0x1005	CONST
0x21faS0x227dS0x22c5S0x2310S0x1005	CONST
0x2227S0x227dS0x22c5S0x2310S0x1005	CONST
0x2228S0x227dS0x22c5S0x2310S0x1005	CONST
0x222bS0x227dS0x22c5S0x2310S0x1005	CONST
0x1be3S0x21f5S0x227dS0x22c5S0x2310S0x1005	CONST
0x1be4S0x21f5S0x227dS0x22c5S0x2310S0x1005	CONST
0x1be6S0x21f5S0x227dS0x22c5S0x2310S0x1005	NOT
0x1be7S0x21f5S0x227dS0x22c5S0x2310S0x1005	CONST
0x1beaS0x21f5S0x227dS0x22c5S0x2310S0x1005	ADD
0x1bebS0x21f5S0x227dS0x22c5S0x2310S0x1005	AND
0x14e	JUMP
0x21d	JUMP
0x18d	JUMP
0x1b5	JUMP
0x380	JUMP
0x14ea	JUMP
0x154b	JUMP
0x1028	JUMP
0x28a	JUMP
0x124	JUMP
0x2c1	JUMP
0x356	JUMP
0xd5a	JUMP
0x163	JUMP
0x2ee	JUMP
0xe5e	JUMP
0xf3a	JUMP
0x1568	JUMP
0x1c9	JUMP
0x231	JUMP
0x25b	JUMP
0x297	JUMP
0x3a8	JUMP
0x16c8	JUMP
0x285	JUMP
0x318	JUMP
0xd99	JUMP
0xe9e	JUMP
0xf7a	JUMP
0x10d4	JUMP
0x15a0	JUMP
0x1f3	JUMP
0x3ed	JUMP
0x9d8	JUMP
0x17f5	JUMP
0x18c1	JUMP
0xbe8	JUMP
0x12eb	JUMP
0xc37	JUMP
0x133a	JUMP
0xca5	JUMP
0x13a8	JUMP
0xd13	JUMP
0xdd4	JUMP
0xed7	JUMP
0xfb3	JUMP
0x192f	JUMP
0x2051S0x483	JUMP
0x2129	JUMP
0x2134	JUMP
0x2142	JUMP
0x2197	JUMP
0x21a2	JUMP
0x21c7	JUMP
0x21d2	JUMP
0x27e1	JUMP
0x27ec	JUMP
0x4b4	JUMP
0xf7	CALLPRIVATE
0x101	CALLPRIVATE
0x333	JUMP
0x5ccc	CALLPRIVATE
0x5cd0	CALLPRIVATE
0x5cd3	CALLPRIVATE
0x5cd6	CALLPRIVATE
0x5cd9	CALLPRIVATE
0x5cdc	CALLPRIVATE
0x5cdf	CALLPRIVATE
0x5ce2	CALLPRIVATE
0x5ce5	CALLPRIVATE
0x5ce8	CALLPRIVATE
0x5ceb	CALLPRIVATE
0x5cee	CALLPRIVATE
0x5cf1	CALLPRIVATE
0x5cf4	CALLPRIVATE
0x5cf7	CALLPRIVATE
0x5cfa	CALLPRIVATE
0x57	JUMP
0x88	JUMP
0xc4	JUMP
0xea	JUMP
0x117	JUMP
0x192	JUMP
0x1ba	JUMP
0x1e6	JUMP
0x222	JUMP
0x24e	JUMP
0x2b4	JUMP
0x2de	JUMP
0x31d	JUMP
0x349	JUMP
0x385	JUMP
0x39b	JUMP
0x428	JUMP
0x476	JUMP
0x4db	JUMP
0x106c	JUMP
0x10e9	JUMP
0x10fb	JUMP
0x13cd	JUMP
0x141b	JUMP
0x1469	JUMP
0x14d4	JUMP
0x1535	JUMP
0x15ba	JUMP
0x15da	JUMP
0x15fa	JUMP
0x160c	JUMP
0x161f	JUMP
0x163f	JUMP
0x165f	JUMP
0x167e	JUMP
0x16d9	JUMP
0x16de	JUMP
0x1730	JUMP
0x1770	JUMP
0x181a	JUMP
0x183c	JUMP
0x197a	JUMP
0x197f	JUMP
0x2158	JUMP
0x21b1	JUMP
0x21e9	JUMP
0x2803	JUMP
0xc	JUMPI
0x1c	JUMPI
0x27	JUMPI
0x94	JUMPI
0xf0	JUMPI
0x10b	JUMPI
0x135	JUMPI
0x174	JUMPI
0x19c	JUMPI
0x1da	JUMPI
0x204	JUMPI
0x242	JUMPI
0x26c	JUMPI
0x2a8	JUMPI
0x2d2	JUMPI
0x2ff	JUMPI
0x327	JUMPI
0x33d	JUMPI
0x367	JUMPI
0x38f	JUMPI
0x408	JUMPI
0x43c	JUMPI
0x482	JUMPI
0x9a7	JUMPI
0xa46	JUMPI
0xa90	JUMPI
0xada	JUMPI
0xb24	JUMPI
0xb6e	JUMPI
0xbb7	JUMPI
0xc06	JUMPI
0xc74	JUMPI
0xce2	JUMPI
0xd6e	JUMPI
0xda3	JUMPI
0xe0f	JUMPI
0xe73	JUMPI
0xea6	JUMPI
0xeeb	JUMPI
0xf4f	JUMPI
0xf82	JUMPI
0x1004	JUMPI
0x1030	JUMPI
0x1149	JUMPI
0x1193	JUMPI
0x11dd	JUMPI
0x1227	JUMPI
0x1271	JUMPI
0x12ba	JUMPI
0x1309	JUMPI
0x1377	JUMPI
0x13c6	JUMPI
0x13e8	JUMPI
0x1414	JUMPI
0x1436	JUMPI
0x1462	JUMPI
0x1484	JUMPI
0x14ac	JUMPI
0x14cd	JUMPI
0x1507	JUMPI
0x152e	JUMPI
0x1580	JUMPI
0x15a8	JUMPI
0x15b3	JUMPI
0x15d3	JUMPI
0x15f3	JUMPI
0x1618	JUMPI
0x1638	JUMPI
0x1658	JUMPI
0x17c4	JUMPI
0x1890	JUMPI
0x18fe	JUMPI
0x2151	JUMPI
0x21aa	JUMPI
0x21e2	JUMPI
0x27fc	JUMPI
0x5cae	JUMPI
0x5cb0	JUMPI
0x5cb2	JUMPI
0x5cb4	JUMPI
0x5cb6	JUMPI
0x5cb8	JUMPI
0x5cba	JUMPI
0x5cbc	JUMPI
0x5cbe	JUMPI
0x5cc0	JUMPI
0x5cc2	JUMPI
0x5cc4	JUMPI
0x5cc6	JUMPI
0x5cc8	JUMPI
0x5cca	JUMPI
0x4c3	RETURNPRIVATE
0x2160	RETURNPRIVATE
0x21bd	RETURNPRIVATE
0x21f0	RETURNPRIVATE
0x280a	RETURNPRIVATE
0x16d1	LOG2
0x10dd	LOG3
0xf9	STOP
0x103	STOP
0x31f	STOP
0x335	STOP
0x387	STOP
0x12d	RETURN
0x16c	RETURN
0x1d2	RETURN
0x1fc	RETURN
0x23a	RETURN
0x264	RETURN
0x2a0	RETURN
0x2ca	RETURN
0x2f7	RETURN
0x35f	RETURN
0x3b1	RETURN
0x9fa	SELFDESTRUCT
0x10e	REVERT
0x138	REVERT
0x177	REVERT
0x19f	REVERT
0x1dd	REVERT
0x207	REVERT
0x245	REVERT
0x26f	REVERT
0x2ab	REVERT
0x2d5	REVERT
0x302	REVERT
0x32a	REVERT
0x340	REVERT
0x36a	REVERT
0x392	REVERT
0x4bd	REVERT
0x9e1	REVERT
0xbf1	REVERT
0xc40	REVERT
0xcae	REVERT
0xd1c	REVERT
0xd75	REVERT
0xddd	REVERT
0xe7a	REVERT
0xee0	REVERT
0xf56	REVERT
0xfbc	REVERT
0x12f4	REVERT
0x1343	REVERT
0x13b1	REVERT
0x17fe	REVERT
0x18ca	REVERT
0x1938	REVERT
0x218d	REVERT
0x564e	REVERT
0x569a	REVERT
0x56e6	REVERT
0x5732	REVERT
0x577e	REVERT
0x57ca	REVERT
0x5816	REVERT
0x5862	REVERT
0x58ae	REVERT
0x58fa	REVERT
0x5946	REVERT
0x5acd	REVERT
0x5b19	REVERT
0x5cac	REVERT
0x13f4	CALLDATACOPY
0x1442	CALLDATACOPY
0x1490	CALLDATACOPY
0x41a	MSTORE
0x41d	MSTORE
0x446	MSTORE
0x44b	MSTORE
0x471	MSTORE
0x4a8	MSTORE
0x9cd	MSTORE
0xbdd	MSTORE
0xc2c	MSTORE
0xc9a	MSTORE
0xd08	MSTORE
0xd4e	MSTORE
0xd8c	MSTORE
0xdc9	MSTORE
0xe51	MSTORE
0xe91	MSTORE
0xecc	MSTORE
0xf2d	MSTORE
0xf6d	MSTORE
0xfa8	MSTORE
0xfec	MSTORE
0x101b	MSTORE
0x103a	MSTORE
0x103f	MSTORE
0x1065	MSTORE
0x12e0	MSTORE
0x132f	MSTORE
0x139d	MSTORE
0x13d6	MSTORE
0x13e2	MSTORE
0x1424	MSTORE
0x1430	MSTORE
0x1472	MSTORE
0x147e	MSTORE
0x155b	MSTORE
0x1593	MSTORE
0x15c6	MSTORE
0x15e6	MSTORE
0x1606	MSTORE
0x162b	MSTORE
0x164b	MSTORE
0x166b	MSTORE
0x17ea	MSTORE
0x18b6	MSTORE
0x1924	MSTORE
0x2184	MSTORE
0x2189	MSTORE
0x5645	MSTORE
0x564a	MSTORE
0x5691	MSTORE
0x5696	MSTORE
0x56dd	MSTORE
0x56e2	MSTORE
0x5729	MSTORE
0x572e	MSTORE
0x5775	MSTORE
0x577a	MSTORE
0x57c1	MSTORE
0x57c6	MSTORE
0x580d	MSTORE
0x5812	MSTORE
0x5859	MSTORE
0x585e	MSTORE
0x58a5	MSTORE
0x58aa	MSTORE
0x58f1	MSTORE
0x58f6	MSTORE
0x593d	MSTORE
0x5942	MSTORE
0x5ac4	MSTORE
0x5ac9	MSTORE
0x5b10	MSTORE
0x5b15	MSTORE
0x5ca3	MSTORE
0x5ca8	MSTORE
0x1817	SSTORE
0x1977	SSTORE
0x424	RETURNDATACOPY
0xd72	RETURNDATACOPY
0xe77	RETURNDATACOPY
0xf53	RETURNDATACOPY
0x100c	RETURNDATACOPY
0x2048S0x483	MSTORE
0x2059S0x483	JUMP
0x1b02S0x2120	JUMP
0x1b02S0x218e	JUMP
0x1b02S0x21be	JUMP
0x1b02S0x27d8	JUMP
0x1b02S0x212a	JUMP
0x1b02S0x2135	JUMP
0x1b02S0x2198	JUMP
0x1b02S0x21c8	JUMP
0x1b02S0x27e2	JUMP
0x2385S0x9a8	JUMP
0x237dS0x9a8	MSTORE
0x2363S0x9a8	JUMP
0x236eS0x9a8	JUMP
0x234cS0x9a8	JUMP
0x234aS0x9a8	MSTORE
0x238cS0x9a8	JUMP
0x2358S0x9a8	JUMP
0x2001S0x234dS0x9a8	JUMP
0x1ff6S0x234dS0x9a8	MSTORE
0x23edS0xbb8	JUMP
0x23e5S0xbb8	MSTORE
0x23cbS0xbb8	JUMP
0x23d6S0xbb8	JUMP
0x23b4S0xbb8	JUMP
0x23b2S0xbb8	MSTORE
0x23f4S0xbb8	JUMP
0x23c0S0xbb8	JUMP
0x2001S0x23b5S0xbb8	JUMP
0x1ff6S0x23b5S0xbb8	MSTORE
0x2455S0xc07	JUMP
0x244dS0xc07	MSTORE
0x2433S0xc07	JUMP
0x243eS0xc07	JUMP
0x241cS0xc07	JUMP
0x241aS0xc07	MSTORE
0x245cS0xc07	JUMP
0x2428S0xc07	JUMP
0x2001S0x241dS0xc07	JUMP
0x1ff6S0x241dS0xc07	MSTORE
0x24bdS0xc75	JUMP
0x24b5S0xc75	MSTORE
0x249bS0xc75	JUMP
0x24a6S0xc75	JUMP
0x2484S0xc75	JUMP
0x2482S0xc75	MSTORE
0x24c4S0xc75	JUMP
0x2490S0xc75	JUMP
0x2001S0x2485S0xc75	JUMP
0x1ff6S0x2485S0xc75	MSTORE
0x2525S0xce3	JUMP
0x251dS0xce3	MSTORE
0x2503S0xce3	JUMP
0x250eS0xce3	JUMP
0x24ecS0xce3	JUMP
0x24eaS0xce3	MSTORE
0x252cS0xce3	JUMP
0x24f8S0xce3	JUMP
0x2001S0x24edS0xce3	JUMP
0x1ff6S0x24edS0xce3	MSTORE
0x258dS0xda4	JUMP
0x2585S0xda4	MSTORE
0x256bS0xda4	JUMP
0x2576S0xda4	JUMP
0x2554S0xda4	JUMP
0x2552S0xda4	MSTORE
0x2594S0xda4	JUMP
0x2560S0xda4	JUMP
0x2001S0x2555S0xda4	JUMP
0x1ff6S0x2555S0xda4	MSTORE
0x2681S0xea7	JUMP
0x2679S0xea7	MSTORE
0x265fS0xea7	JUMP
0x266aS0xea7	JUMP
0x2648S0xea7	JUMP
0x2620S0xea7	MSTORE
0x2646S0xea7	MSTORE
0x2688S0xea7	JUMP
0x2654S0xea7	JUMP
0x2001S0x2649S0xea7	JUMP
0x1ff6S0x2649S0xea7	MSTORE
0x270fS0xf83	JUMP
0x2707S0xf83	MSTORE
0x26edS0xf83	JUMP
0x26f8S0xf83	JUMP
0x26d6S0xf83	JUMP
0x26aeS0xf83	MSTORE
0x26d4S0xf83	MSTORE
0x2716S0xf83	JUMP
0x26e2S0xf83	JUMP
0x2001S0x26d7S0xf83	JUMP
0x1ff6S0x26d7S0xf83	MSTORE
0x23edS0x12bb	JUMP
0x23e5S0x12bb	MSTORE
0x23cbS0x12bb	JUMP
0x23d6S0x12bb	JUMP
0x23b4S0x12bb	JUMP
0x23b2S0x12bb	MSTORE
0x23f4S0x12bb	JUMP
0x23c0S0x12bb	JUMP
0x2001S0x23b5S0x12bb	JUMP
0x1ff6S0x23b5S0x12bb	MSTORE
0x2455S0x130a	JUMP
0x244dS0x130a	MSTORE
0x2433S0x130a	JUMP
0x243eS0x130a	JUMP
0x241cS0x130a	JUMP
0x241aS0x130a	MSTORE
0x245cS0x130a	JUMP
0x2428S0x130a	JUMP
0x2001S0x241dS0x130a	JUMP
0x1ff6S0x241dS0x130a	MSTORE
0x24bdS0x1378	JUMP
0x24b5S0x1378	MSTORE
0x249bS0x1378	JUMP
0x24a6S0x1378	JUMP
0x2484S0x1378	JUMP
0x2482S0x1378	MSTORE
0x24c4S0x1378	JUMP
0x2490S0x1378	JUMP
0x2001S0x2485S0x1378	JUMP
0x1ff6S0x2485S0x1378	MSTORE
0x2385S0x17c5	JUMP
0x237dS0x17c5	MSTORE
0x2363S0x17c5	JUMP
0x236eS0x17c5	JUMP
0x234cS0x17c5	JUMP
0x234aS0x17c5	MSTORE
0x238cS0x17c5	JUMP
0x2358S0x17c5	JUMP
0x2001S0x234dS0x17c5	JUMP
0x1ff6S0x234dS0x17c5	MSTORE
0x2385S0x1891	JUMP
0x237dS0x1891	MSTORE
0x2363S0x1891	JUMP
0x236eS0x1891	JUMP
0x234cS0x1891	JUMP
0x234aS0x1891	MSTORE
0x238cS0x1891	JUMP
0x2358S0x1891	JUMP
0x2001S0x234dS0x1891	JUMP
0x1ff6S0x234dS0x1891	MSTORE
0x286bS0x18ff	JUMP
0x2863S0x18ff	MSTORE
0x2849S0x18ff	JUMP
0x2854S0x18ff	JUMP
0x2832S0x18ff	JUMP
0x2830S0x18ff	MSTORE
0x2872S0x18ff	JUMP
0x283eS0x18ff	JUMP
0x2001S0x2833S0x18ff	JUMP
0x1ff6S0x2833S0x18ff	MSTORE
0x1fe7S0x3b2	JUMP
0x1fd3S0x3b2	JUMP
0x1fbaS0x3b2	JUMP
0x1fddS0x3b2	JUMP
0x1ff1S0x3b2	JUMP
0x1fc8S0x3b2	JUMP
0x1fbdS0x1fc9S0x3b2	JUMP
0x1e2fS0x1e7	JUMP
0x1e1cS0x1e7	JUMP
0x1e19S0x1e7	MSTORE
0x1e35S0x1e7	JUMP
0x1e16S0x1e7	JUMP
0x1e0dS0x1e0eS0x1e7	JUMP
0x2015S0x203aB0x483	JUMP
0x2025S0x203aB0x483	JUMP
0x202eS0x203aB0x483	JUMP
0x2039S0x203aB0x483	JUMP
0x200bS0x203aB0x483	JUMP
0x2001S0x200cS0x203aB0x483	JUMP
0x1ff6S0x200cS0x203aB0x483	MSTORE
0x1be1S0x2016S0x203aB0x483	JUMP
0x1bddS0x2016S0x203aB0x483	MSTORE
0x1bd8S0x2016S0x203aB0x483	MCOPY
0x1bf1S0x2026S0x203aB0x483	JUMP
0x1bc3S0x2002S0x203aB0x483	JUMP
0x1de0S0x1bb	JUMP
0x1dedS0x1bb	JUMP
0x1dfaS0x1bb	JUMP
0x1e02S0x1bb	JUMP
0x1dcdS0x1dceS0x1bb	JUMP
0x1dcaS0x1dceS0x1bb	MSTORE
0x1dc7S0x1dceS0x1bb	JUMP
0x1b02S0x1dbfS0x1dceS0x1bb	JUMP
0x1dcdS0x1de1S0x1bb	JUMP
0x1dcaS0x1de1S0x1bb	MSTORE
0x1dc7S0x1de1S0x1bb	JUMP
0x1b02S0x1dbfS0x1de1S0x1bb	JUMP
0x1dcdS0x1deeS0x1bb	JUMP
0x1dcaS0x1deeS0x1bb	MSTORE
0x1dc7S0x1deeS0x1bb	JUMP
0x1b02S0x1dbfS0x1deeS0x1bb	JUMP
0x1e4dS0x223	JUMP
0x1e44S0x223	MSTORE
0x1e61S0x223	JUMP
0x1e58S0x223	MSTORE
0x1e75S0x223	JUMP
0x1e6cS0x223	MSTORE
0x1e7fS0x223	JUMP
0x1b11S0x1e36S0x223	JUMP
0x1b0eS0x1e36S0x223	MSTORE
0x1b28S0x1e36S0x223	JUMP
0x1b0bS0x1e36S0x223	JUMP
0x1b48S0x1e36S0x223	JUMP
0x1adaS0x1e36S0x223	JUMP
0x1b53S0x1e36S0x223	JUMP
0x1aeaS0x1e36S0x223	JUMP
0x1adfS0x1e36S0x223	MSTORE
0x1af9S0x1e36S0x223	JUMP
0x1b90S0x1e36S0x223	JUMP
0x1b75S0x1e36S0x223	JUMP
0x1b1cS0x1e36S0x223	JUMP
0x1b83S0x1e36S0x223	JUMP
0x1b34S0x1e36S0x223	JUMP
0x1b5fS0x1e36S0x223	JUMPI
0x1b3eS0x1e36S0x223	JUMP
0x1b6aS0x1e36S0x223	JUMP
0x1b02S0x1b03S0x1e36S0x223	JUMP
0x1b11S0x1e4eS0x223	JUMP
0x1b0eS0x1e4eS0x223	MSTORE
0x1b28S0x1e4eS0x223	JUMP
0x1b0bS0x1e4eS0x223	JUMP
0x1b48S0x1e4eS0x223	JUMP
0x1adaS0x1e4eS0x223	JUMP
0x1b53S0x1e4eS0x223	JUMP
0x1aeaS0x1e4eS0x223	JUMP
0x1adfS0x1e4eS0x223	MSTORE
0x1af9S0x1e4eS0x223	JUMP
0x1b90S0x1e4eS0x223	JUMP
0x1b75S0x1e4eS0x223	JUMP
0x1b1cS0x1e4eS0x223	JUMP
0x1b83S0x1e4eS0x223	JUMP
0x1b34S0x1e4eS0x223	JUMP
0x1b5fS0x1e4eS0x223	JUMPI
0x1b3eS0x1e4eS0x223	JUMP
0x1b6aS0x1e4eS0x223	JUMP
0x1b02S0x1b03S0x1e4eS0x223	JUMP
0x1b11S0x1e62S0x223	JUMP
0x1b0eS0x1e62S0x223	MSTORE
0x1b28S0x1e62S0x223	JUMP
0x1b0bS0x1e62S0x223	JUMP
0x1b48S0x1e62S0x223	JUMP
0x1adaS0x1e62S0x223	JUMP
0x1b53S0x1e62S0x223	JUMP
0x1aeaS0x1e62S0x223	JUMP
0x1adfS0x1e62S0x223	MSTORE
0x1af9S0x1e62S0x223	JUMP
0x1b90S0x1e62S0x223	JUMP
0x1b75S0x1e62S0x223	JUMP
0x1b1cS0x1e62S0x223	JUMP
0x1b83S0x1e62S0x223	JUMP
0x1b34S0x1e62S0x223	JUMP
0x1b5fS0x1e62S0x223	JUMPI
0x1b3eS0x1e62S0x223	JUMP
0x1b6aS0x1e62S0x223	JUMP
0x1b02S0x1b03S0x1e62S0x223	JUMP
0x1e92S0x24f	JUMP
0x1e98S0x24f	JUMP
0x1dcdS0x1e80S0x24f	JUMP
0x1dcaS0x1e80S0x24f	MSTORE
0x1dc7S0x1e80S0x24f	JUMP
0x1b02S0x1dbfS0x1e80S0x24f	JUMP
0x1ed6S0x270	JUMP
0x1ecfS0x270	JUMPI
0x1ee4S0x270	JUMP
0x5a18S0x270	REVERT
0x1eedS0x270	JUMP
0x1ebcS0x1ed8S0x270	JUMP
0x1ec2S0x1ed8S0x270	JUMP
0x1eabS0x1eafB0x1ed8S0x270	REVERT
0x1ea8S0x1eafB0x1ed8S0x270	JUMPI
0x1eaeS0x1eafB0x1ed8S0x270	JUMP
0x1ea1S0x1eafB0x1ed8S0x270	JUMP
0x1b02S0x1e99S0x1eafB0x1ed8S0x270	JUMP
0x1e92S0x28b	JUMP
0x1e98S0x28b	JUMP
0x1dcdS0x1e80S0x28b	JUMP
0x1dcaS0x1e80S0x28b	MSTORE
0x1dc7S0x1e80S0x28b	JUMP
0x1b02S0x1dbfS0x1e80S0x28b	JUMP
0x1f6eS0x303	JUMP
0x1f67S0x303	JUMPI
0x1f7cS0x303	JUMP
0x5a3bS0x303	REVERT
0x1f85S0x303	JUMP
0x1f54S0x1f70S0x303	JUMP
0x1f5aS0x1f70S0x303	JUMP
0x1f43S0x1f47B0x1f70S0x303	REVERT
0x1f40S0x1f47B0x1f70S0x303	JUMPI
0x1f46S0x1f47B0x1f70S0x303	JUMP
0x1f39S0x1f47B0x1f70S0x303	JUMP
0x1e0dS0x1f31S0x1f47B0x1f70S0x303	JUMP
0x1822S0x32b	CALLPRIVATE
0x1824S0x32b	JUMP
0x1e92S0x39c	JUMP
0x1e98S0x39c	JUMP
0x1dcdS0x1e80S0x39c	JUMP
0x1dcaS0x1e80S0x39c	MSTORE
0x1dc7S0x1e80S0x39c	JUMP
0x1b02S0x1dbfS0x1e80S0x39c	JUMP
0x20dbS0xd76	JUMP
0x20d4S0xd76	JUMPI
0x20e9S0xd76	JUMP
0x5a81S0xd76	REVERT
0x20f2S0xd76	JUMP
0x20c1S0x20ddS0xd76	JUMP
0x20c7S0x20ddS0xd76	JUMP
0x1eabS0x20b4B0x20ddS0xd76	REVERT
0x1ea8S0x20b4B0x20ddS0xd76	JUMPI
0x1eaeS0x20b4B0x20ddS0xd76	JUMP
0x1ea1S0x20b4B0x20ddS0xd76	JUMP
0x1b02S0x1e99S0x20b4B0x20ddS0xd76	JUMP
0x25e3S0xe7b	JUMP
0x25dcS0xe7b	JUMPI
0x25f1S0xe7b	JUMP
0x5c3dS0xe7b	REVERT
0x25faS0xe7b	JUMP
0x25c9S0x25e5S0xe7b	JUMP
0x25cfS0x25e5S0xe7b	JUMP
0x1f43S0x25bcB0x25e5S0xe7b	REVERT
0x1f40S0x25bcB0x25e5S0xe7b	JUMPI
0x1f46S0x25bcB0x25e5S0xe7b	JUMP
0x1f39S0x25bcB0x25e5S0xe7b	JUMP
0x1e0dS0x1f31S0x25bcB0x25e5S0xe7b	JUMP
0x25e3S0xf57	JUMP
0x25dcS0xf57	JUMPI
0x25f1S0xf57	JUMP
0x5c3dS0xf57	REVERT
0x25faS0xf57	JUMP
0x25c9S0x25e5S0xf57	JUMP
0x25cfS0x25e5S0xf57	JUMP
0x1f43S0x25bcB0x25e5S0xf57	REVERT
0x1f40S0x25bcB0x25e5S0xf57	JUMPI
0x1f46S0x25bcB0x25e5S0xf57	JUMP
0x1f39S0x25bcB0x25e5S0xf57	JUMP
0x1e0dS0x1f31S0x25bcB0x25e5S0xf57	JUMP
0x2729S0x1072	JUMP
0x2736S0x1072	JUMP
0x2743S0x1072	JUMP
0x2755S0x1072	JUMP
0x274cS0x1072	MSTORE
0x2760S0x1072	JUMP
0x1dcdS0x2717S0x1072	JUMP
0x1dcaS0x2717S0x1072	MSTORE
0x1dc7S0x2717S0x1072	JUMP
0x1b02S0x1dbfS0x2717S0x1072	JUMP
0x1dcdS0x272aS0x1072	JUMP
0x1dcaS0x272aS0x1072	MSTORE
0x1dc7S0x272aS0x1072	JUMP
0x1b02S0x1dbfS0x272aS0x1072	JUMP
0x1dcdS0x2737S0x1072	JUMP
0x1dcaS0x2737S0x1072	MSTORE
0x1dc7S0x2737S0x1072	JUMP
0x1b02S0x1dbfS0x2737S0x1072	JUMP
0x2015S0x2744S0x1072	JUMP
0x2025S0x2744S0x1072	JUMP
0x202eS0x2744S0x1072	JUMP
0x2039S0x2744S0x1072	JUMP
0x200bS0x2744S0x1072	JUMP
0x2001S0x200cS0x2744S0x1072	JUMP
0x1ff6S0x200cS0x2744S0x1072	MSTORE
0x1be1S0x2016S0x2744S0x1072	JUMP
0x1bddS0x2016S0x2744S0x1072	MSTORE
0x1bd8S0x2016S0x2744S0x1072	MCOPY
0x1bf1S0x2026S0x2744S0x1072	JUMP
0x1bc3S0x2002S0x2744S0x1072	JUMP
0x1e92S0x167f	JUMP
0x1e98S0x167f	JUMP
0x1dcdS0x1e80S0x167f	JUMP
0x1dcaS0x1e80S0x167f	MSTORE
0x1dc7S0x1e80S0x167f	JUMP
0x1b02S0x1dbfS0x1e80S0x167f	JUMP
0x279dS0x1581	JUMP
0x2796S0x1581	JUMPI
0x27abS0x1581	JUMP
0x5c60S0x1581	REVERT
0x27bcS0x1581	JUMP
0x27cdS0x1581	JUMP
0x27d7S0x1581	JUMP
0x20c1S0x279fS0x1581	JUMP
0x20c1S0x27acS0x1581	JUMP
0x20c1S0x27bdS0x1581	JUMP
0x20c7S0x279fS0x1581	JUMP
0x20c7S0x27acS0x1581	JUMP
0x20c7S0x27bdS0x1581	JUMP
0x1eabS0x20b4B0x279fS0x1581	REVERT
0x1ea8S0x20b4B0x279fS0x1581	JUMPI
0x1eaeS0x20b4B0x279fS0x1581	JUMP
0x1ea1S0x20b4B0x279fS0x1581	JUMP
0x1b02S0x1e99S0x20b4B0x279fS0x1581	JUMP
0x1eabS0x20b4B0x27acS0x1581	REVERT
0x1ea8S0x20b4B0x27acS0x1581	JUMPI
0x1eaeS0x20b4B0x27acS0x1581	JUMP
0x1ea1S0x20b4B0x27acS0x1581	JUMP
0x1b02S0x1e99S0x20b4B0x27acS0x1581	JUMP
0x1eabS0x20b4B0x27bdS0x1581	REVERT
0x1ea8S0x20b4B0x27bdS0x1581	JUMPI
0x1eaeS0x20b4B0x27bdS0x1581	JUMP
0x1ea1S0x20b4B0x27bdS0x1581	JUMP
0x1b02S0x1e99S0x20b4B0x27bdS0x1581	JUMP
0x25a7S0xe10	JUMP
0x25b4S0xe10	JUMP
0x25bbS0xe10	JUMP
0x1dc7S0x25a8S0xe10	JUMP
0x1b02S0x1dbfS0x25a8S0xe10	JUMP
0x1dcdS0x25a8S0xe10	JUMP
0x1dcaS0x25a8S0xe10	MSTORE
0x19beS0x2595S0xe10	JUMP
0x19bbS0x2595S0xe10	MSTORE
0x19b8S0x2595S0xe10	JUMP
0x19afS0x19b0S0x2595S0xe10	JUMP
0x19a8S0x19b0S0x2595S0xe10	JUMP
0x199eS0x199fS0x19b0S0x2595S0xe10	JUMP
0x25a7S0xeec	JUMP
0x25b4S0xeec	JUMP
0x25bbS0xeec	JUMP
0x1dc7S0x25a8S0xeec	JUMP
0x1b02S0x1dbfS0x25a8S0xeec	JUMP
0x1dcdS0x25a8S0xeec	JUMP
0x1dcaS0x25a8S0xeec	MSTORE
0x19beS0x2595S0xeec	JUMP
0x19bbS0x2595S0xeec	MSTORE
0x19b8S0x2595S0xeec	JUMP
0x19afS0x19b0S0x2595S0xeec	JUMP
0x19a8S0x19b0S0x2595S0xeec	JUMP
0x199eS0x199fS0x19b0S0x2595S0xeec	JUMP
0x19d1S0x118	JUMP
0x19d7S0x118	JUMP
0x19beS0x19bfS0x118	JUMP
0x19bbS0x19bfS0x118	MSTORE
0x19b8S0x19bfS0x118	JUMP
0x19afS0x19b0S0x19bfS0x118	JUMP
0x19a8S0x19b0S0x19bfS0x118	JUMP
0x199eS0x199fS0x19b0S0x19bfS0x118	JUMP
0x1cd3S0x154	JUMP
0x1ccaS0x154	MSTORE
0x1ce7S0x154	JUMP
0x1cdeS0x154	MSTORE
0x1cfbS0x154	JUMP
0x1cf2S0x154	MSTORE
0x1d0fS0x154	JUMP
0x1d06S0x154	MSTORE
0x1d1aS0x154	JUMP
0x1b11S0x1cbcS0x154	JUMP
0x1b0eS0x1cbcS0x154	MSTORE
0x1b28S0x1cbcS0x154	JUMP
0x1b0bS0x1cbcS0x154	JUMP
0x1b48S0x1cbcS0x154	JUMP
0x1adaS0x1cbcS0x154	JUMP
0x1b53S0x1cbcS0x154	JUMP
0x1aeaS0x1cbcS0x154	JUMP
0x1adfS0x1cbcS0x154	MSTORE
0x1af9S0x1cbcS0x154	JUMP
0x1b90S0x1cbcS0x154	JUMP
0x1b75S0x1cbcS0x154	JUMP
0x1b1cS0x1cbcS0x154	JUMP
0x1b83S0x1cbcS0x154	JUMP
0x1b34S0x1cbcS0x154	JUMP
0x1b5fS0x1cbcS0x154	JUMPI
0x1b3eS0x1cbcS0x154	JUMP
0x1b6aS0x1cbcS0x154	JUMP
0x1b02S0x1b03S0x1cbcS0x154	JUMP
0x1b11S0x1ce8S0x154	JUMP
0x1b0eS0x1ce8S0x154	MSTORE
0x1b28S0x1ce8S0x154	JUMP
0x1b0bS0x1ce8S0x154	JUMP
0x1b48S0x1ce8S0x154	JUMP
0x1adaS0x1ce8S0x154	JUMP
0x1b53S0x1ce8S0x154	JUMP
0x1aeaS0x1ce8S0x154	JUMP
0x1adfS0x1ce8S0x154	MSTORE
0x1af9S0x1ce8S0x154	JUMP
0x1b90S0x1ce8S0x154	JUMP
0x1b75S0x1ce8S0x154	JUMP
0x1b1cS0x1ce8S0x154	JUMP
0x1b83S0x1ce8S0x154	JUMP
0x1b34S0x1ce8S0x154	JUMP
0x1b5fS0x1ce8S0x154	JUMPI
0x1b3eS0x1ce8S0x154	JUMP
0x1b6aS0x1ce8S0x154	JUMP
0x1b02S0x1b03S0x1ce8S0x154	JUMP
0x1b11S0x1cfcS0x154	JUMP
0x1b0eS0x1cfcS0x154	MSTORE
0x1b28S0x1cfcS0x154	JUMP
0x1b0bS0x1cfcS0x154	JUMP
0x1b48S0x1cfcS0x154	JUMP
0x1adaS0x1cfcS0x154	JUMP
0x1b53S0x1cfcS0x154	JUMP
0x1aeaS0x1cfcS0x154	JUMP
0x1adfS0x1cfcS0x154	MSTORE
0x1af9S0x1cfcS0x154	JUMP
0x1b90S0x1cfcS0x154	JUMP
0x1b75S0x1cfcS0x154	JUMP
0x1b1cS0x1cfcS0x154	JUMP
0x1b83S0x1cfcS0x154	JUMP
0x1b34S0x1cfcS0x154	JUMP
0x1b5fS0x1cfcS0x154	JUMPI
0x1b3eS0x1cfcS0x154	JUMP
0x1b6aS0x1cfcS0x154	JUMP
0x1b02S0x1b03S0x1cfcS0x154	JUMP
0x1c5cS0x1cd4S0x154	JUMP
0x1b9aS0x1cd4S0x154	JUMP
0x1c6eS0x1cd4S0x154	JUMP
0x1baaS0x1cd4S0x154	JUMP
0x1b9fS0x1cd4S0x154	MSTORE
0x1bb9S0x1cd4S0x154	JUMP
0x1cbbS0x1cd4S0x154	JUMP
0x1c95S0x1cd4S0x154	JUMP
0x1ca9S0x1cd4S0x154	JUMP
0x1c48S0x1cd4S0x154	JUMP
0x1c7aS0x1cd4S0x154	JUMPI
0x1c52S0x1cd4S0x154	JUMP
0x1c8aS0x1cd4S0x154	JUMP
0x1c7fS0x1cd4S0x154	MSTORE
0x1c05S0x1c7bS0x1cd4S0x154	JUMP
0x1c15S0x1c7bS0x1cd4S0x154	JUMP
0x1bd3S0x1c7bS0x1cd4S0x154	JUMP
0x1bc8S0x1c7bS0x1cd4S0x154	MSTORE
0x1c1eS0x1c7bS0x1cd4S0x154	JUMP
0x1c29S0x1c7bS0x1cd4S0x154	JUMP
0x1c3cS0x1c7bS0x1cd4S0x154	JUMP
0x1bfbS0x1c7bS0x1cd4S0x154	JUMP
0x1c34S0x1c7bS0x1cd4S0x154	JUMP
0x1be1S0x1c06S0x1c7bS0x1cd4S0x154	JUMP
0x1bddS0x1c06S0x1c7bS0x1cd4S0x154	MSTORE
0x1bd8S0x1c06S0x1c7bS0x1cd4S0x154	MCOPY
0x1bf1S0x1c16S0x1c7bS0x1cd4S0x154	JUMP
0x1bc3S0x1bf2S0x1c7bS0x1cd4S0x154	JUMP
0x170cS0x286	JUMP
0x19d1S0x2b5	JUMP
0x19d7S0x2b5	JUMP
0x19beS0x19bfS0x2b5	JUMP
0x19bbS0x19bfS0x2b5	MSTORE
0x19b8S0x19bfS0x2b5	JUMP
0x19afS0x19b0S0x19bfS0x2b5	JUMP
0x19a8S0x19b0S0x19bfS0x2b5	JUMP
0x199eS0x199fS0x19b0S0x19bfS0x2b5	JUMP
0x1f00S0x2df	JUMP
0x1f0dS0x2df	JUMP
0x1f1aS0x2df	JUMP
0x1f27S0x2df	JUMP
0x1f30S0x2df	JUMP
0x1dc7S0x1f0eS0x2df	JUMP
0x1b02S0x1dbfS0x1f0eS0x2df	JUMP
0x1dc7S0x1f1bS0x2df	JUMP
0x1b02S0x1dbfS0x1f1bS0x2df	JUMP
0x1dcdS0x1f0eS0x2df	JUMP
0x1dcaS0x1f0eS0x2df	MSTORE
0x1dcdS0x1f1bS0x2df	JUMP
0x1dcaS0x1f1bS0x2df	MSTORE
0x19beS0x1eeeS0x2df	JUMP
0x19bbS0x1eeeS0x2df	MSTORE
0x19b8S0x1eeeS0x2df	JUMP
0x19afS0x19b0S0x1eeeS0x2df	JUMP
0x19a8S0x19b0S0x1eeeS0x2df	JUMP
0x199eS0x199fS0x19b0S0x1eeeS0x2df	JUMP
0x19beS0x1f01S0x2df	JUMP
0x19bbS0x1f01S0x2df	MSTORE
0x19b8S0x1f01S0x2df	JUMP
0x19afS0x19b0S0x1f01S0x2df	JUMP
0x19a8S0x19b0S0x1f01S0x2df	JUMP
0x199eS0x199fS0x19b0S0x1f01S0x2df	JUMP
0x19d1S0x34a	JUMP
0x19d7S0x34a	JUMP
0x19beS0x19bfS0x34a	JUMP
0x19bbS0x19bfS0x34a	MSTORE
0x19b8S0x19bfS0x34a	JUMP
0x19afS0x19b0S0x19bfS0x34a	JUMP
0x19a8S0x19b0S0x19bfS0x34a	JUMP
0x199eS0x199fS0x19b0S0x19bfS0x34a	JUMP
0x19d1S0xd1d	JUMP
0x19d7S0xd1d	JUMP
0x19beS0x19bfS0xd1d	JUMP
0x19bbS0x19bfS0xd1d	MSTORE
0x19b8S0x19bfS0xd1d	JUMP
0x19afS0x19b0S0x19bfS0xd1d	JUMP
0x19a8S0x19b0S0x19bfS0xd1d	JUMP
0x199eS0x199fS0x19b0S0x19bfS0xd1d	JUMP
0x2773S0x154c	JUMP
0x2780S0x154c	JUMP
0x2787S0x154c	JUMP
0x19beS0x2761S0x154c	JUMP
0x19bbS0x2761S0x154c	MSTORE
0x19b8S0x2761S0x154c	JUMP
0x19afS0x19b0S0x2761S0x154c	JUMP
0x19a8S0x19b0S0x2761S0x154c	JUMP
0x199eS0x199fS0x19b0S0x2761S0x154c	JUMP
0x19beS0x2774S0x154c	JUMP
0x19bbS0x2774S0x154c	MSTORE
0x19b8S0x2774S0x154c	JUMP
0x19afS0x19b0S0x2774S0x154c	JUMP
0x19a8S0x19b0S0x2774S0x154c	JUMP
0x199eS0x199fS0x19b0S0x2774S0x154c	JUMP
0x1a89S0x139	JUMP
0x1ab7S0x139	JUMP
0x1a82S0x139	JUMPI
0x1a97S0x139	JUMP
0x598cS0x139	REVERT
0x1ab0S0x139	JUMPI
0x1ac4S0x139	JUMP
0x59afS0x139	REVERT
0x1ad0S0x139	JUMP
0x1a32S0x1ab9S0x139	JUMP
0x1a4fS0x1ab9S0x139	JUMP
0x1a6bS0x1ab9S0x139	JUMP
0x1a48S0x1ab9S0x139	JUMPI
0x5969S0x1ab9S0x139	REVERT
0x1a64S0x1ab9S0x139	JUMPI
0x1a1aS0x1ab9S0x139	REVERT
0x1a1eS0x1ab9S0x139	REVERT
0x1a2bS0x1ab9S0x139	JUMPI
0x1a73S0x1ab9S0x139	JUMP
0x1a12S0x1a8bS0x139	JUMP
0x1a0cS0x1a8bS0x139	JUMP
0x19fbS0x19ffS0x1a8bS0x139	REVERT
0x19f8S0x19ffS0x1a8bS0x139	JUMPI
0x19feS0x19ffS0x1a8bS0x139	JUMP
0x19f1S0x19ffS0x1a8bS0x139	JUMP
0x19afS0x19e9S0x19ffS0x1a8bS0x139	JUMP
0x19a8S0x19e9S0x19ffS0x1a8bS0x139	JUMP
0x199eS0x199fS0x19e9S0x19ffS0x1a8bS0x139	JUMP
0x1d69S0x178	JUMP
0x1d62S0x178	JUMPI
0x1d77S0x178	JUMP
0x59d2S0x178	REVERT
0x1d80S0x178	JUMP
0x1d55S0x1d6bS0x178	JUMP
0x1d4fS0x1d6bS0x178	JUMP
0x1d3eS0x1d42S0x1d6bS0x178	REVERT
0x1d3bS0x1d42S0x1d6bS0x178	JUMPI
0x1d41S0x1d42S0x1d6bS0x178	JUMP
0x1d34S0x1d42S0x1d6bS0x178	JUMP
0x1d2bS0x1d2cS0x1d42S0x1d6bS0x178	JUMP
0x1d24S0x1d2cS0x1d42S0x1d6bS0x178	JUMP
0x199eS0x1d1bS0x1d2cS0x1d42S0x1d6bS0x178	JUMP
0x1d95S0x1a0	JUMP
0x1d8eS0x1a0	JUMPI
0x1da3S0x1a0	JUMP
0x59f5S0x1a0	REVERT
0x1db4S0x1a0	JUMP
0x1dbeS0x1a0	JUMP
0x1a12S0x1d97S0x1a0	JUMP
0x1a0cS0x1d97S0x1a0	JUMP
0x19fbS0x19ffS0x1d97S0x1a0	REVERT
0x19f8S0x19ffS0x1d97S0x1a0	JUMPI
0x19feS0x19ffS0x1d97S0x1a0	JUMP
0x19f1S0x19ffS0x1d97S0x1a0	JUMP
0x19afS0x19e9S0x19ffS0x1d97S0x1a0	JUMP
0x19a8S0x19e9S0x19ffS0x1d97S0x1a0	JUMP
0x199eS0x199fS0x19e9S0x19ffS0x1d97S0x1a0	JUMP
0x1a12S0x1da4S0x1a0	JUMP
0x1a0cS0x1da4S0x1a0	JUMP
0x19fbS0x19ffS0x1da4S0x1a0	REVERT
0x19f8S0x19ffS0x1da4S0x1a0	JUMPI
0x19feS0x19ffS0x1da4S0x1a0	JUMP
0x19f1S0x19ffS0x1da4S0x1a0	JUMP
0x19afS0x19e9S0x19ffS0x1da4S0x1a0	JUMP
0x19a8S0x19e9S0x19ffS0x1da4S0x1a0	JUMP
0x199eS0x199fS0x19e9S0x19ffS0x1da4S0x1a0	JUMP
0x1a89S0x208	JUMP
0x1ab7S0x208	JUMP
0x1a82S0x208	JUMPI
0x1a97S0x208	JUMP
0x598cS0x208	REVERT
0x1ab0S0x208	JUMPI
0x1ac4S0x208	JUMP
0x59afS0x208	REVERT
0x1ad0S0x208	JUMP
0x1a32S0x1ab9S0x208	JUMP
0x1a4fS0x1ab9S0x208	JUMP
0x1a6bS0x1ab9S0x208	JUMP
0x1a48S0x1ab9S0x208	JUMPI
0x5969S0x1ab9S0x208	REVERT
0x1a64S0x1ab9S0x208	JUMPI
0x1a1aS0x1ab9S0x208	REVERT
0x1a1eS0x1ab9S0x208	REVERT
0x1a2bS0x1ab9S0x208	JUMPI
0x1a73S0x1ab9S0x208	JUMP
0x1a12S0x1a8bS0x208	JUMP
0x1a0cS0x1a8bS0x208	JUMP
0x19fbS0x19ffS0x1a8bS0x208	REVERT
0x19f8S0x19ffS0x1a8bS0x208	JUMPI
0x19feS0x19ffS0x1a8bS0x208	JUMP
0x19f1S0x19ffS0x1a8bS0x208	JUMP
0x19afS0x19e9S0x19ffS0x1a8bS0x208	JUMP
0x19a8S0x19e9S0x19ffS0x1a8bS0x208	JUMP
0x199eS0x199fS0x19e9S0x19ffS0x1a8bS0x208	JUMP
0x1f99S0x36b	JUMP
0x1f92S0x36b	JUMPI
0x1fa7S0x36b	JUMP
0x5a5eS0x36b	REVERT
0x1fb0S0x36b	JUMP
0x1a12S0x1f9bS0x36b	JUMP
0x1a0cS0x1f9bS0x36b	JUMP
0x19fbS0x19ffS0x1f9bS0x36b	REVERT
0x19f8S0x19ffS0x1f9bS0x36b	JUMPI
0x19feS0x19ffS0x1f9bS0x36b	JUMP
0x19f1S0x19ffS0x1f9bS0x36b	JUMP
0x19afS0x19e9S0x19ffS0x1f9bS0x36b	JUMP
0x19a8S0x19e9S0x19ffS0x1f9bS0x36b	JUMP
0x199eS0x199fS0x19e9S0x19ffS0x1f9bS0x36b	JUMP
0x1f99S0x14d6	JUMP
0x1f92S0x14d6	JUMPI
0x1fa7S0x14d6	JUMP
0x5a5eS0x14d6	REVERT
0x1fb0S0x14d6	JUMP
0x1a12S0x1f9bS0x14d6	JUMP
0x1a0cS0x1f9bS0x14d6	JUMP
0x19fbS0x19ffS0x1f9bS0x14d6	REVERT
0x19f8S0x19ffS0x1f9bS0x14d6	JUMPI
0x19feS0x19ffS0x1f9bS0x14d6	JUMP
0x19f1S0x19ffS0x1f9bS0x14d6	JUMP
0x19afS0x19e9S0x19ffS0x1f9bS0x14d6	JUMP
0x19a8S0x19e9S0x19ffS0x1f9bS0x14d6	JUMP
0x199eS0x199fS0x19e9S0x19ffS0x1f9bS0x14d6	JUMP
0x1f99S0x1537	JUMP
0x1f92S0x1537	JUMPI
0x1fa7S0x1537	JUMP
0x5a5eS0x1537	REVERT
0x1fb0S0x1537	JUMP
0x1a12S0x1f9bS0x1537	JUMP
0x1a0cS0x1f9bS0x1537	JUMP
0x19fbS0x19ffS0x1f9bS0x1537	REVERT
0x19f8S0x19ffS0x1f9bS0x1537	JUMPI
0x19feS0x19ffS0x1f9bS0x1537	JUMP
0x19f1S0x19ffS0x1f9bS0x1537	JUMP
0x19afS0x19e9S0x19ffS0x1f9bS0x1537	JUMP
0x19a8S0x19e9S0x19ffS0x1f9bS0x1537	JUMP
0x199eS0x199fS0x19e9S0x19ffS0x1f9bS0x1537	JUMP
0x22f1S0x1005	JUMP
0x230eS0x1005	JUMP
0x22eaS0x1005	JUMPI
0x2307S0x1005	JUMPI
0x5bf7S0x1005	REVERT
0x231bS0x1005	JUMP
0x5c1aS0x1005	REVERT
0x2324S0x1005	JUMP
0x22c3S0x2310S0x1005	JUMP
0x22d4S0x2310S0x1005	JUMP
0x5bd4S0x2310S0x1005	REVERT
0x22ddS0x2310S0x1005	JUMP
0x22bcS0x2310S0x1005	JUMPI
0x2258S0x22c5S0x2310S0x1005	JUMP
0x229cS0x22c5S0x2310S0x1005	JUMP
0x2262S0x22c5S0x2310S0x1005	JUMP
0x5bb1S0x22c5S0x2310S0x1005	REVERT
0x5ba8S0x22c5S0x2310S0x1005	MSTORE
0x5badS0x22c5S0x2310S0x1005	MSTORE
0x226fS0x22c5S0x2310S0x1005	JUMP
0x2295S0x22c5S0x2310S0x1005	JUMPI
0x2287S0x22c5S0x2310S0x1005	MSTORE
0x2281S0x22c5S0x2310S0x1005	JUMP
0x2251S0x22c5S0x2310S0x1005	JUMPI
0x22a8S0x22c5S0x2310S0x1005	JUMP
0x21f4S0x22c5S0x2310S0x1005	REVERT
0x22b0S0x22c5S0x2310S0x1005	JUMP
0x227cS0x22c5S0x2310S0x1005	JUMP
0x1bf1S0x225aS0x22c5S0x2310S0x1005	JUMP
0x1be1S0x229eS0x22c5S0x2310S0x1005	JUMP
0x1bddS0x229eS0x22c5S0x2310S0x1005	MSTORE
0x1bd8S0x229eS0x22c5S0x2310S0x1005	MCOPY
0x221bS0x227dS0x22c5S0x2310S0x1005	JUMP
0x2214S0x227dS0x22c5S0x2310S0x1005	JUMPI
0x2225S0x227dS0x22c5S0x2310S0x1005	JUMP
0x2221S0x227dS0x22c5S0x2310S0x1005	MSTORE
0x5b65S0x227dS0x22c5S0x2310S0x1005	REVERT
0x5b5cS0x227dS0x22c5S0x2310S0x1005	MSTORE
0x5b61S0x227dS0x22c5S0x2310S0x1005	MSTORE
0x223aS0x227dS0x22c5S0x2310S0x1005	JUMP
0x19e0S0x227dS0x22c5S0x2310S0x1005	JUMP
0x223fS0x227dS0x22c5S0x2310S0x1005	JUMP
0x21fdS0x227dS0x22c5S0x2310S0x1005	JUMP
0x222eS0x227dS0x22c5S0x2310S0x1005	JUMP
0x1bf1S0x21f5S0x227dS0x22c5S0x2310S0x1005	JUMP
0x4f7S0x14f	CONST
0x4faS0x14f	CONST
0x4fdS0x14f	JUMP
0x545S0x14f	CONST
0x548S0x14f	CONST
0x54bS0x14f	JUMP
0x598S0x14f	CONST
0x59bS0x14f	CONST
0x59eS0x14f	JUMP
0x5e6S0x14f	CONST
0x5e9S0x14f	CONST
0x5ecS0x14f	JUMP
0x630S0x14f	CONST
0x631S0x14f	CONST
0x646S0x14f	AND
0x64cS0x14f	LT
0x64dS0x14f	CONST
0x630_0x0S0x14f	PHI
0x630_0x5S0x14f	PHI
0x650S0x14f	JUMPI
0x651S0x14f	CONST
0x654S0x14f	CONST
0x657S0x14f	JUMP
0x695S0x14f	CONST
0x698S0x14f	CONST
0x69bS0x14f	JUMP
0x729S0x14f	CONST
0x72dS0x14f	MLOAD
0x72fS0x14f	LT
0x730S0x14f	CONST
0x729_0x0S0x14f	PHI
0x729_0x4S0x14f	PHI
0x733S0x14f	JUMPI
0x734S0x14f	CONST
0x737S0x14f	CONST
0x73aS0x14f	JUMP
0x754S0x14f	CONST
0x757S0x14f	CONST
0x75aS0x14f	JUMP
0x774S0x14f	CONST
0x777S0x14f	CONST
0x77aS0x14f	JUMP
0x799S0x14f	CONST
0x79cS0x14f	CONST
0x79fS0x14f	JUMP
0x7d1S0x14f	CONST
0x7d4S0x14f	CONST
0x7d7S0x14f	JUMP
0x7f0S0x14f	CONST
0x7f3S0x14f	CONST
0x7f6S0x14f	JUMP
0x816S0x14f	CONST
0x819S0x14f	CONST
0x81cS0x14f	JUMP
0x837S0x14f	CONST
0x83aS0x14f	CONST
0x83dS0x14f	JUMP
0x8c3S0x14f	CONST
0x8c5S0x14f	MLOAD
0x8c7S0x14f	CONST
0x8c9S0x14f	ADD
0x8caS0x14f	CONST
0x8ceS0x14f	CONST
0x8d2S0x14f	CONST
0x8d4S0x14f	ADD
0x8d5S0x14f	CONST
0x8fcS0x14f	MLOAD
0x8feS0x14f	LT
0x8ffS0x14f	CONST
0x8c3_0x0S0x14f	PHI
0x8c3_0x3S0x14f	PHI
0x902S0x14f	JUMPI
0x8ccS0x14f	MSTORE
0x8d1S0x14f	MSTORE
0x8f7S0x14f	MSTORE
0x903S0x14f	CONST
0x906S0x14f	CONST
0x909S0x14f	JUMP
0x927S0x14f	CONST
0x92aS0x14f	CONST
0x92dS0x14f	JUMP
0x4ddS0x14f	CONST
0x4e0S0x14f	CONST
0x4e7S0x14f	CONST
0x4f1S0x14f	GT
0x4f2S0x14f	ISZERO
0x4f3S0x14f	CONST
0x4f6S0x14f	JUMPI
0x500S0x14f	CONST
0x502S0x14f	MLOAD
0x508S0x14f	CONST
0x50aS0x14f	MUL
0x50bS0x14f	CONST
0x50dS0x14f	ADD
0x50fS0x14f	ADD
0x510S0x14f	CONST
0x514S0x14f	ISZERO
0x515S0x14f	CONST
0x518S0x14f	JUMPI
0x506S0x14f	MSTORE
0x512S0x14f	MSTORE
0x5163S0x14f	CONST
0x5184S0x14f	CONST
0x5186S0x14f	CONST
0x5188S0x14f	CONST
0x518bS0x14f	CONST
0x518dS0x14f	CONST
0x518eS0x14f	REVERT
0x5185S0x14f	MSTORE
0x518aS0x14f	MSTORE
0x535S0x14f	CONST
0x53fS0x14f	GT
0x540S0x14f	ISZERO
0x541S0x14f	CONST
0x544S0x14f	JUMPI
0x54eS0x14f	CONST
0x550S0x14f	MLOAD
0x556S0x14f	CONST
0x558S0x14f	MUL
0x559S0x14f	CONST
0x55bS0x14f	ADD
0x55dS0x14f	ADD
0x55eS0x14f	CONST
0x562S0x14f	ISZERO
0x563S0x14f	CONST
0x566S0x14f	JUMPI
0x554S0x14f	MSTORE
0x560S0x14f	MSTORE
0x51afS0x14f	CONST
0x51d0S0x14f	CONST
0x51d2S0x14f	CONST
0x51d4S0x14f	CONST
0x51d7S0x14f	CONST
0x51d9S0x14f	CONST
0x51daS0x14f	REVERT
0x51d1S0x14f	MSTORE
0x51d6S0x14f	MSTORE
0x588S0x14f	CONST
0x592S0x14f	GT
0x593S0x14f	ISZERO
0x594S0x14f	CONST
0x597S0x14f	JUMPI
0x56cS0x14f	CONST
0x570S0x14f	CONST
0x572S0x14f	ADD
0x574S0x14f	CONST
0x577S0x14f	SUB
0x57aS0x14f	CONST
0x56b_0x0S0x14f	PHI
0x56b_0x1S0x14f	PHI
0x57dS0x14f	JUMPI
0x56fS0x14f	MSTORE
0x5a1S0x14f	CONST
0x5a3S0x14f	MLOAD
0x5a9S0x14f	CONST
0x5abS0x14f	MUL
0x5acS0x14f	CONST
0x5aeS0x14f	ADD
0x5b0S0x14f	ADD
0x5b1S0x14f	CONST
0x5b5S0x14f	ISZERO
0x5b6S0x14f	CONST
0x5b9S0x14f	JUMPI
0x5a7S0x14f	MSTORE
0x5b3S0x14f	MSTORE
0x51fbS0x14f	CONST
0x521cS0x14f	CONST
0x521eS0x14f	CONST
0x5220S0x14f	CONST
0x5223S0x14f	CONST
0x5225S0x14f	CONST
0x5226S0x14f	REVERT
0x521dS0x14f	MSTORE
0x5222S0x14f	MSTORE
0x5d6S0x14f	CONST
0x5e0S0x14f	GT
0x5e1S0x14f	ISZERO
0x5e2S0x14f	CONST
0x5e5S0x14f	JUMPI
0x5efS0x14f	CONST
0x5f1S0x14f	MLOAD
0x5f7S0x14f	CONST
0x5f9S0x14f	MUL
0x5faS0x14f	CONST
0x5fcS0x14f	ADD
0x5feS0x14f	ADD
0x5ffS0x14f	CONST
0x603S0x14f	ISZERO
0x604S0x14f	CONST
0x607S0x14f	JUMPI
0x5f5S0x14f	MSTORE
0x601S0x14f	MSTORE
0x5247S0x14f	CONST
0x5268S0x14f	CONST
0x526aS0x14f	CONST
0x526cS0x14f	CONST
0x526fS0x14f	CONST
0x5271S0x14f	CONST
0x5272S0x14f	REVERT
0x5269S0x14f	MSTORE
0x526eS0x14f	MSTORE
0x620S0x14f	CONST
0x621S0x14f	CONST
0x94a_0x1S0x14f	PHI
0x94a_0x2S0x14f	PHI
0x94a_0x3S0x14f	PHI
0x94a_0x4S0x14f	PHI
0x94a_0x8S0x14f	PHI
0x953S0x14f	JUMP
0x65cS0x14f	CONST
0x65eS0x14f	MUL
0x65fS0x14f	ADD
0x660S0x14f	CONST
0x663S0x14f	ADD
0x665S0x14f	CONST
0x66aS0x14f	CONST
0x659_0x0S0x14f	PHI
0x659_0x2S0x14f	PHI
0x66dS0x14f	JUMP
0x5293S0x14f	CONST
0x52b4S0x14f	CONST
0x52b6S0x14f	CONST
0x52b8S0x14f	CONST
0x52bbS0x14f	CONST
0x52bdS0x14f	CONST
0x52beS0x14f	REVERT
0x52b5S0x14f	MSTORE
0x52baS0x14f	MSTORE
0x66fS0x14f	CONST
0x684S0x14f	AND
0x685S0x14f	SUB
0x686S0x14f	ISZERO
0x687S0x14f	CONST
0x68aS0x14f	JUMPI
0x940S0x14f	CONST
0x942S0x14f	ADD
0x946S0x14f	CONST
0x93d_0x0S0x14f	PHI
0x949S0x14f	JUMP
0x6a0S0x14f	CONST
0x6a2S0x14f	MUL
0x6a3S0x14f	ADD
0x6a4S0x14f	CONST
0x6a7S0x14f	ADD
0x6a9S0x14f	CONST
0x6aeS0x14f	CONST
0x69d_0x0S0x14f	PHI
0x69d_0x2S0x14f	PHI
0x6b1S0x14f	JUMP
0x52dfS0x14f	CONST
0x5300S0x14f	CONST
0x5302S0x14f	CONST
0x5304S0x14f	CONST
0x5307S0x14f	CONST
0x5309S0x14f	CONST
0x530aS0x14f	REVERT
0x5301S0x14f	MSTORE
0x5306S0x14f	MSTORE
0x6b3S0x14f	CONST
0x6c8S0x14f	AND
0x6c9S0x14f	CONST
0x6cfS0x14f	CONST
0x6d1S0x14f	MLOAD
0x6d3S0x14f	CONST
0x6d8S0x14f	AND
0x6d9S0x14f	CONST
0x6dbS0x14f	SHL
0x6deS0x14f	CONST
0x6e0S0x14f	ADD
0x6e1S0x14f	CONST
0x6e6S0x14f	CONST
0x6b2_0x8S0x14f	PHI
0x6e9S0x14f	JUMP
0x6ddS0x14f	MSTORE
0x6ebS0x14f	CONST
0x6edS0x14f	CONST
0x6efS0x14f	MLOAD
0x6f2S0x14f	SUB
0x6f5S0x14f	GAS
0x6f6S0x14f	STATICCALL
0x6fcS0x14f	ISZERO
0x6fdS0x14f	CONST
0x700S0x14f	JUMPI
0x725S0x14f	CONST
0x724_0x0S0x14f	PHI
0x728S0x14f	JUMPI
0x722S0x14f	CONST
0x792S0x14f	MLOAD
0x794S0x14f	LT
0x795S0x14f	CONST
0x78d_0x1S0x14f	PHI
0x78d_0x5S0x14f	PHI
0x798S0x14f	JUMPI
0x73dS0x14f	CONST
0x73fS0x14f	MUL
0x740S0x14f	CONST
0x742S0x14f	ADD
0x743S0x14f	ADD
0x749S0x14f	CONST
0x74dS0x14f	MLOAD
0x74fS0x14f	LT
0x750S0x14f	CONST
0x73c_0x0S0x14f	PHI
0x73c_0x1S0x14f	PHI
0x73c_0x3S0x14f	PHI
0x73c_0x5S0x14f	PHI
0x753S0x14f	JUMPI
0x746S0x14f	MSTORE
0x532bS0x14f	CONST
0x534cS0x14f	CONST
0x534eS0x14f	CONST
0x5350S0x14f	CONST
0x5353S0x14f	CONST
0x5355S0x14f	CONST
0x5356S0x14f	REVERT
0x534dS0x14f	MSTORE
0x5352S0x14f	MSTORE
0x75dS0x14f	CONST
0x75fS0x14f	MUL
0x760S0x14f	CONST
0x762S0x14f	ADD
0x763S0x14f	ADD
0x769S0x14f	CONST
0x76dS0x14f	MLOAD
0x76fS0x14f	LT
0x770S0x14f	CONST
0x75c_0x0S0x14f	PHI
0x75c_0x1S0x14f	PHI
0x75c_0x3S0x14f	PHI
0x75c_0x4S0x14f	PHI
0x773S0x14f	JUMPI
0x766S0x14f	MSTORE
0x5377S0x14f	CONST
0x5398S0x14f	CONST
0x539aS0x14f	CONST
0x539cS0x14f	CONST
0x539fS0x14f	CONST
0x53a1S0x14f	CONST
0x53a2S0x14f	REVERT
0x5399S0x14f	MSTORE
0x539eS0x14f	MSTORE
0x77dS0x14f	CONST
0x77fS0x14f	MUL
0x780S0x14f	CONST
0x782S0x14f	ADD
0x783S0x14f	ADD
0x789S0x14f	CONST
0x77c_0x0S0x14f	PHI
0x77c_0x1S0x14f	PHI
0x78cS0x14f	JUMP
0x786S0x14f	MSTORE
0x53c3S0x14f	CONST
0x53e4S0x14f	CONST
0x53e6S0x14f	CONST
0x53e8S0x14f	CONST
0x53ebS0x14f	CONST
0x53edS0x14f	CONST
0x53eeS0x14f	REVERT
0x53e5S0x14f	MSTORE
0x53eaS0x14f	MSTORE
0x832S0x14f	LT
0x833S0x14f	CONST
0x82c_0x0S0x14f	PHI
0x82c_0x5S0x14f	PHI
0x836S0x14f	JUMPI
0x7a2S0x14f	CONST
0x7a4S0x14f	MUL
0x7a5S0x14f	CONST
0x7a7S0x14f	ADD
0x7a8S0x14f	ADD
0x7aeS0x14f	CONST
0x7b0S0x14f	CONST
0x7b3S0x14f	CONST
0x7b8S0x14f	CONST
0x7bbS0x14f	CALLPRIVATE
0x7a1_0x0S0x14f	PHI
0x7a1_0x1S0x14f	PHI
0x7a1_0x2S0x14f	PHI
0x7a1_0x3S0x14f	PHI
0x7abS0x14f	MSTORE
0x540fS0x14f	CONST
0x5430S0x14f	CONST
0x5432S0x14f	CONST
0x5434S0x14f	CONST
0x5437S0x14f	CONST
0x5439S0x14f	CONST
0x543aS0x14f	REVERT
0x5431S0x14f	MSTORE
0x5436S0x14f	MSTORE
0x7bdS0x14f	CONST
0x7c2S0x14f	CONST
0x7c5S0x14f	CALLPRIVATE
0x7caS0x14f	MLOAD
0x7ccS0x14f	LT
0x7cdS0x14f	CONST
0x7c6_0x2S0x14f	PHI
0x7c6_0x4S0x14f	PHI
0x7d0S0x14f	JUMPI
0x7daS0x14f	CONST
0x7dcS0x14f	MUL
0x7ddS0x14f	CONST
0x7dfS0x14f	ADD
0x7e0S0x14f	ADD
0x7e9S0x14f	MLOAD
0x7ebS0x14f	LT
0x7ecS0x14f	CONST
0x7d9_0x0S0x14f	PHI
0x7d9_0x1S0x14f	PHI
0x7d9_0x4S0x14f	PHI
0x7d9_0x6S0x14f	PHI
0x7efS0x14f	JUMPI
0x7e3S0x14f	MSTORE
0x545bS0x14f	CONST
0x547cS0x14f	CONST
0x547eS0x14f	CONST
0x5480S0x14f	CONST
0x5483S0x14f	CONST
0x5485S0x14f	CONST
0x5486S0x14f	REVERT
0x547dS0x14f	MSTORE
0x5482S0x14f	MSTORE
0x7f9S0x14f	CONST
0x7fbS0x14f	MUL
0x7fcS0x14f	CONST
0x7feS0x14f	ADD
0x7ffS0x14f	ADD
0x800S0x14f	MLOAD
0x802S0x14f	CONST
0x807S0x14f	CONST
0x80aS0x14f	CALLPRIVATE
0x7f8_0x0S0x14f	PHI
0x7f8_0x1S0x14f	PHI
0x7f8_0x2S0x14f	PHI
0x54a7S0x14f	CONST
0x54c8S0x14f	CONST
0x54caS0x14f	CONST
0x54ccS0x14f	CONST
0x54cfS0x14f	CONST
0x54d1S0x14f	CONST
0x54d2S0x14f	REVERT
0x54c9S0x14f	MSTORE
0x54ceS0x14f	MSTORE
0x80fS0x14f	MLOAD
0x811S0x14f	LT
0x812S0x14f	CONST
0x80b_0x2S0x14f	PHI
0x80b_0x3S0x14f	PHI
0x815S0x14f	JUMPI
0x81fS0x14f	CONST
0x821S0x14f	MUL
0x822S0x14f	CONST
0x824S0x14f	ADD
0x825S0x14f	ADD
0x81e_0x0S0x14f	PHI
0x81e_0x1S0x14f	PHI
0x828S0x14f	MSTORE
0x54f3S0x14f	CONST
0x5514S0x14f	CONST
0x5516S0x14f	CONST
0x5518S0x14f	CONST
0x551bS0x14f	CONST
0x551dS0x14f	CONST
0x551eS0x14f	REVERT
0x5515S0x14f	MSTORE
0x551aS0x14f	MSTORE
0x842S0x14f	CONST
0x844S0x14f	MUL
0x845S0x14f	ADD
0x846S0x14f	CONST
0x849S0x14f	ADD
0x84bS0x14f	CONST
0x850S0x14f	CONST
0x83f_0x0S0x14f	PHI
0x83f_0x2S0x14f	PHI
0x853S0x14f	JUMP
0x553fS0x14f	CONST
0x5560S0x14f	CONST
0x5562S0x14f	CONST
0x5564S0x14f	CONST
0x5567S0x14f	CONST
0x5569S0x14f	CONST
0x556aS0x14f	REVERT
0x5561S0x14f	MSTORE
0x5566S0x14f	MSTORE
0x855S0x14f	CONST
0x86aS0x14f	AND
0x86bS0x14f	CONST
0x870S0x14f	CONST
0x872S0x14f	MLOAD
0x874S0x14f	CONST
0x879S0x14f	AND
0x87aS0x14f	CONST
0x87cS0x14f	SHL
0x87fS0x14f	CONST
0x881S0x14f	ADD
0x882S0x14f	CONST
0x883S0x14f	CONST
0x885S0x14f	MLOAD
0x888S0x14f	SUB
0x88bS0x14f	GAS
0x88cS0x14f	STATICCALL
0x892S0x14f	ISZERO
0x893S0x14f	CONST
0x896S0x14f	JUMPI
0x87eS0x14f	MSTORE
0x8bfS0x14f	CONST
0x8be_0x0S0x14f	PHI
0x8c2S0x14f	JUMPI
0x8bcS0x14f	CONST
0x920S0x14f	MLOAD
0x922S0x14f	LT
0x923S0x14f	CONST
0x91b_0x1S0x14f	PHI
0x91b_0x4S0x14f	PHI
0x926S0x14f	JUMPI
0x90cS0x14f	CONST
0x90eS0x14f	MUL
0x90fS0x14f	CONST
0x911S0x14f	ADD
0x912S0x14f	ADD
0x917S0x14f	CONST
0x90b_0x0S0x14f	PHI
0x90b_0x1S0x14f	PHI
0x91aS0x14f	JUMP
0x915S0x14f	MSTORE
0x558bS0x14f	CONST
0x55acS0x14f	CONST
0x55aeS0x14f	CONST
0x55b0S0x14f	CONST
0x55b3S0x14f	CONST
0x55b5S0x14f	CONST
0x55b6S0x14f	REVERT
0x55adS0x14f	MSTORE
0x55b2S0x14f	MSTORE
0x930S0x14f	CONST
0x932S0x14f	MUL
0x933S0x14f	CONST
0x935S0x14f	ADD
0x936S0x14f	ADD
0x92f_0x0S0x14f	PHI
0x92f_0x1S0x14f	PHI
0x92f_0x2S0x14f	PHI
0x939S0x14f	MSTORE
0x55d7S0x14f	CONST
0x55f8S0x14f	CONST
0x55faS0x14f	CONST
0x55fcS0x14f	CONST
0x55ffS0x14f	CONST
0x5601S0x14f	CONST
0x5602S0x14f	REVERT
0x55f9S0x14f	MSTORE
0x55feS0x14f	MSTORE
0x62aS0x14f	LT
0x62bS0x14f	ISZERO
0x62cS0x14f	CONST
0x624_0x0S0x14f	PHI
0x624_0x5S0x14f	PHI
0x62fS0x14f	JUMPI
0x51aS0x14f	CONST
0x51cS0x14f	ADD
0x51dS0x14f	CONST
0x520S0x14f	MUL
0x522S0x14f	CALLDATASIZE
0x527S0x14f	ADD
0x524S0x14f	CALLDATACOPY
0x568S0x14f	CONST
0x56aS0x14f	ADD
0x5bbS0x14f	CONST
0x5bdS0x14f	ADD
0x5beS0x14f	CONST
0x5c1S0x14f	MUL
0x5c3S0x14f	CALLDATASIZE
0x5c8S0x14f	ADD
0x5c5S0x14f	CALLDATACOPY
0x609S0x14f	CONST
0x60bS0x14f	ADD
0x60cS0x14f	CONST
0x60fS0x14f	MUL
0x611S0x14f	CALLDATASIZE
0x616S0x14f	ADD
0x613S0x14f	CALLDATACOPY
0x690S0x14f	LT
0x691S0x14f	CONST
0x68b_0x0S0x14f	PHI
0x68b_0x5S0x14f	PHI
0x694S0x14f	JUMPI
0x702S0x14f	CONST
0x704S0x14f	MLOAD
0x705S0x14f	RETURNDATASIZE
0x706S0x14f	CONST
0x708S0x14f	NOT
0x709S0x14f	CONST
0x70cS0x14f	ADD
0x70dS0x14f	AND
0x70fS0x14f	ADD
0x711S0x14f	CONST
0x716S0x14f	ADD
0x718S0x14f	CONST
0x71dS0x14f	CONST
0x720S0x14f	JUMP
0x713S0x14f	MSTORE
0x898S0x14f	CONST
0x89aS0x14f	MLOAD
0x89bS0x14f	RETURNDATASIZE
0x89cS0x14f	CONST
0x89fS0x14f	RETURNDATASIZE
0x8a0S0x14f	CONST
0x8a2S0x14f	NOT
0x8a3S0x14f	CONST
0x8a6S0x14f	ADD
0x8a7S0x14f	AND
0x8a9S0x14f	ADD
0x8abS0x14f	CONST
0x8b0S0x14f	ADD
0x8b2S0x14f	CONST
0x8b7S0x14f	CONST
0x8baS0x14f	JUMP
0x8adS0x14f	MSTORE
0x89eS0x14f	RETURNDATACOPY
0x20d5S0x701S0x14f	CONST
0x20d8S0x701S0x14f	CONST
0x20dbS0x701S0x14f	JUMP
0x20c9S0x701S0x14f	CONST
0x20caS0x701S0x14f	CONST
0x20ceS0x701S0x14f	SUB
0x20cfS0x701S0x14f	SLT
0x20d0S0x701S0x14f	ISZERO
0x20d1S0x701S0x14f	CONST
0x20d4S0x701S0x14f	JUMPI
0x20deS0x701S0x14f	CONST
0x20dfS0x701S0x14f	CONST
0x20e5S0x701S0x14f	ADD
0x20e6S0x701S0x14f	CONST
0x20e9S0x701S0x14f	JUMP
0x5a7fS0x701S0x14f	CONST
0x5a80S0x701S0x14f	CONST
0x5a81S0x701S0x14f	REVERT
0x20b5S0x20ddS0x701S0x14f	CONST
0x20b7S0x20ddS0x701S0x14f	MLOAD
0x20baS0x20ddS0x701S0x14f	CONST
0x20beS0x20ddS0x701S0x14f	CONST
0x20c1S0x20ddS0x701S0x14f	JUMP
0x1ea9S0x20b4B0x20ddS0x701S0x14f	CONST
0x1eaaS0x20b4B0x20ddS0x701S0x14f	CONST
0x1eabS0x20b4B0x20ddS0x701S0x14f	REVERT
0x1ea4S0x20b4B0x20ddS0x701S0x14f	EQ
0x1ea5S0x20b4B0x20ddS0x701S0x14f	CONST
0x1ea8S0x20b4B0x20ddS0x701S0x14f	JUMPI
0x1e9aS0x20b4B0x20ddS0x701S0x14f	CONST
0x1e9eS0x20b4B0x20ddS0x701S0x14f	CONST
0x1ea1S0x20b4B0x20ddS0x701S0x14f	JUMP
0x1afbS0x1e99S0x20b4B0x20ddS0x701S0x14f	CONST
0x1b02S0x1e99S0x20b4B0x20ddS0x701S0x14f	JUMP
0x19c0S0x6b2S0x14f	CONST
0x19c1S0x6b2S0x14f	CONST
0x19c4S0x6b2S0x14f	ADD
0x19c7S0x6b2S0x14f	CONST
0x19caS0x6b2S0x14f	CONST
0x19ccS0x6b2S0x14f	ADD
0x19ceS0x6b2S0x14f	CONST
0x19d1S0x6b2S0x14f	JUMP
0x19b1S0x19bfS0x6b2S0x14f	CONST
0x19b5S0x19bfS0x6b2S0x14f	CONST
0x19b8S0x19bfS0x6b2S0x14f	JUMP
0x19a0S0x19b0S0x19bfS0x6b2S0x14f	CONST
0x19a1S0x19b0S0x19bfS0x6b2S0x14f	CONST
0x19a5S0x19b0S0x19bfS0x6b2S0x14f	CONST
0x19a8S0x19b0S0x19bfS0x6b2S0x14f	JUMP
0x1981S0x199fS0x19b0S0x19bfS0x6b2S0x14f	CONST
0x1982S0x199fS0x19b0S0x19bfS0x6b2S0x14f	CONST
0x1998S0x199fS0x19b0S0x19bfS0x6b2S0x14f	AND
0x199eS0x199fS0x19b0S0x19bfS0x6b2S0x14f	JUMP
0x20f2S0x701S0x14f	JUMP
0x20c7S0x20ddS0x701S0x14f	JUMP
0x1eaeS0x20b4B0x20ddS0x701S0x14f	JUMP
0x19d7S0x6b2S0x14f	JUMP
0x19beS0x19bfS0x6b2S0x14f	JUMP
0x19bbS0x19bfS0x6b2S0x14f	MSTORE
0x19afS0x19b0S0x19bfS0x6b2S0x14f	JUMP
0x1f93S0x659S0x14f	CONST
0x1f96S0x659S0x14f	CONST
0x1f99S0x659S0x14f	JUMP
0x1f87S0x659S0x14f	CONST
0x1f88S0x659S0x14f	CONST
0x1f8cS0x659S0x14f	SUB
0x1f8dS0x659S0x14f	SLT
0x1f8eS0x659S0x14f	ISZERO
0x1f8fS0x659S0x14f	CONST
0x1f92S0x659S0x14f	JUMPI
0x1f9cS0x659S0x14f	CONST
0x1f9dS0x659S0x14f	CONST
0x1fa3S0x659S0x14f	ADD
0x1fa4S0x659S0x14f	CONST
0x1fa7S0x659S0x14f	JUMP
0x5a5cS0x659S0x14f	CONST
0x5a5dS0x659S0x14f	CONST
0x5a5eS0x659S0x14f	REVERT
0x1fb0S0x659S0x14f	JUMP
0x1a12S0x1f9bS0x659S0x14f	JUMP
0x1a00S0x1f9bS0x659S0x14f	CONST
0x1a02S0x1f9bS0x659S0x14f	CALLDATALOAD
0x1a05S0x1f9bS0x659S0x14f	CONST
0x1a09S0x1f9bS0x659S0x14f	CONST
0x1a0cS0x1f9bS0x659S0x14f	JUMP
0x19f9S0x19ffS0x1f9bS0x659S0x14f	CONST
0x19faS0x19ffS0x1f9bS0x659S0x14f	CONST
0x19fbS0x19ffS0x1f9bS0x659S0x14f	REVERT
0x19f4S0x19ffS0x1f9bS0x659S0x14f	EQ
0x19f5S0x19ffS0x1f9bS0x659S0x14f	CONST
0x19f8S0x19ffS0x1f9bS0x659S0x14f	JUMPI
0x19feS0x19ffS0x1f9bS0x659S0x14f	JUMP
0x19eaS0x19ffS0x1f9bS0x659S0x14f	CONST
0x19eeS0x19ffS0x1f9bS0x659S0x14f	CONST
0x19f1S0x19ffS0x1f9bS0x659S0x14f	JUMP
0x19afS0x19e9S0x19ffS0x1f9bS0x659S0x14f	JUMP
0x19a0S0x19e9S0x19ffS0x1f9bS0x659S0x14f	CONST
0x19a1S0x19e9S0x19ffS0x1f9bS0x659S0x14f	CONST
0x19a5S0x19e9S0x19ffS0x1f9bS0x659S0x14f	CONST
0x19a8S0x19e9S0x19ffS0x1f9bS0x659S0x14f	JUMP
0x1981S0x199fS0x19e9S0x19ffS0x1f9bS0x659S0x14f	CONST
0x1982S0x199fS0x19e9S0x19ffS0x1f9bS0x659S0x14f	CONST
0x1998S0x199fS0x19e9S0x19ffS0x1f9bS0x659S0x14f	AND
0x199eS0x199fS0x19e9S0x19ffS0x1f9bS0x659S0x14f	JUMP
0x1f93S0x69dS0x14f	CONST
0x1f96S0x69dS0x14f	CONST
0x1f99S0x69dS0x14f	JUMP
0x1f87S0x69dS0x14f	CONST
0x1f88S0x69dS0x14f	CONST
0x1f8cS0x69dS0x14f	SUB
0x1f8dS0x69dS0x14f	SLT
0x1f8eS0x69dS0x14f	ISZERO
0x1f8fS0x69dS0x14f	CONST
0x1f92S0x69dS0x14f	JUMPI
0x1f9cS0x69dS0x14f	CONST
0x1f9dS0x69dS0x14f	CONST
0x1fa3S0x69dS0x14f	ADD
0x1fa4S0x69dS0x14f	CONST
0x1fa7S0x69dS0x14f	JUMP
0x5a5cS0x69dS0x14f	CONST
0x5a5dS0x69dS0x14f	CONST
0x5a5eS0x69dS0x14f	REVERT
0x1fb0S0x69dS0x14f	JUMP
0x1a12S0x1f9bS0x69dS0x14f	JUMP
0x1a00S0x1f9bS0x69dS0x14f	CONST
0x1a02S0x1f9bS0x69dS0x14f	CALLDATALOAD
0x1a05S0x1f9bS0x69dS0x14f	CONST
0x1a09S0x1f9bS0x69dS0x14f	CONST
0x1a0cS0x1f9bS0x69dS0x14f	JUMP
0x19f9S0x19ffS0x1f9bS0x69dS0x14f	CONST
0x19faS0x19ffS0x1f9bS0x69dS0x14f	CONST
0x19fbS0x19ffS0x1f9bS0x69dS0x14f	REVERT
0x19f4S0x19ffS0x1f9bS0x69dS0x14f	EQ
0x19f5S0x19ffS0x1f9bS0x69dS0x14f	CONST
0x19f8S0x19ffS0x1f9bS0x69dS0x14f	JUMPI
0x19feS0x19ffS0x1f9bS0x69dS0x14f	JUMP
0x19eaS0x19ffS0x1f9bS0x69dS0x14f	CONST
0x19eeS0x19ffS0x1f9bS0x69dS0x14f	CONST
0x19f1S0x19ffS0x1f9bS0x69dS0x14f	JUMP
0x19afS0x19e9S0x19ffS0x1f9bS0x69dS0x14f	JUMP
0x19a0S0x19e9S0x19ffS0x1f9bS0x69dS0x14f	CONST
0x19a1S0x19e9S0x19ffS0x1f9bS0x69dS0x14f	CONST
0x19a5S0x19e9S0x19ffS0x1f9bS0x69dS0x14f	CONST
0x19a8S0x19e9S0x19ffS0x1f9bS0x69dS0x14f	JUMP
0x1981S0x199fS0x19e9S0x19ffS0x1f9bS0x69dS0x14f	CONST
0x1982S0x199fS0x19e9S0x19ffS0x1f9bS0x69dS0x14f	CONST
0x1998S0x199fS0x19e9S0x19ffS0x1f9bS0x69dS0x14f	AND
0x199eS0x199fS0x19e9S0x19ffS0x1f9bS0x69dS0x14f	JUMP
0x1f93S0x83fS0x14f	CONST
0x1f96S0x83fS0x14f	CONST
0x1f99S0x83fS0x14f	JUMP
0x1f87S0x83fS0x14f	CONST
0x1f88S0x83fS0x14f	CONST
0x1f8cS0x83fS0x14f	SUB
0x1f8dS0x83fS0x14f	SLT
0x1f8eS0x83fS0x14f	ISZERO
0x1f8fS0x83fS0x14f	CONST
0x1f92S0x83fS0x14f	JUMPI
0x1f9cS0x83fS0x14f	CONST
0x1f9dS0x83fS0x14f	CONST
0x1fa3S0x83fS0x14f	ADD
0x1fa4S0x83fS0x14f	CONST
0x1fa7S0x83fS0x14f	JUMP
0x5a5cS0x83fS0x14f	CONST
0x5a5dS0x83fS0x14f	CONST
0x5a5eS0x83fS0x14f	REVERT
0x1fb0S0x83fS0x14f	JUMP
0x1a12S0x1f9bS0x83fS0x14f	JUMP
0x1a00S0x1f9bS0x83fS0x14f	CONST
0x1a02S0x1f9bS0x83fS0x14f	CALLDATALOAD
0x1a05S0x1f9bS0x83fS0x14f	CONST
0x1a09S0x1f9bS0x83fS0x14f	CONST
0x1a0cS0x1f9bS0x83fS0x14f	JUMP
0x19f9S0x19ffS0x1f9bS0x83fS0x14f	CONST
0x19faS0x19ffS0x1f9bS0x83fS0x14f	CONST
0x19fbS0x19ffS0x1f9bS0x83fS0x14f	REVERT
0x19f4S0x19ffS0x1f9bS0x83fS0x14f	EQ
0x19f5S0x19ffS0x1f9bS0x83fS0x14f	CONST
0x19f8S0x19ffS0x1f9bS0x83fS0x14f	JUMPI
0x19feS0x19ffS0x1f9bS0x83fS0x14f	JUMP
0x19eaS0x19ffS0x1f9bS0x83fS0x14f	CONST
0x19eeS0x19ffS0x1f9bS0x83fS0x14f	CONST
0x19f1S0x19ffS0x1f9bS0x83fS0x14f	JUMP
0x19afS0x19e9S0x19ffS0x1f9bS0x83fS0x14f	JUMP
0x19a0S0x19e9S0x19ffS0x1f9bS0x83fS0x14f	CONST
0x19a1S0x19e9S0x19ffS0x1f9bS0x83fS0x14f	CONST
0x19a5S0x19e9S0x19ffS0x1f9bS0x83fS0x14f	CONST
0x19a8S0x19e9S0x19ffS0x1f9bS0x83fS0x14f	JUMP
0x1981S0x199fS0x19e9S0x19ffS0x1f9bS0x83fS0x14f	CONST
0x1982S0x199fS0x19e9S0x19ffS0x1f9bS0x83fS0x14f	CONST
0x1998S0x199fS0x19e9S0x19ffS0x1f9bS0x83fS0x14f	AND
0x199eS0x199fS0x19e9S0x19ffS0x1f9bS0x83fS0x14f	JUMP
0x22ebS0x897S0x14f	CONST
0x22eeS0x897S0x14f	CONST
0x22f1S0x897S0x14f	JUMP
0x2308S0x897S0x14f	CONST
0x230bS0x897S0x14f	CONST
0x230eS0x897S0x14f	JUMP
0x22dfS0x897S0x14f	CONST
0x22e0S0x897S0x14f	CONST
0x22e4S0x897S0x14f	SUB
0x22e5S0x897S0x14f	SLT
0x22e6S0x897S0x14f	ISZERO
0x22e7S0x897S0x14f	CONST
0x22eaS0x897S0x14f	JUMPI
0x22f4S0x897S0x14f	CONST
0x22f6S0x897S0x14f	ADD
0x22f7S0x897S0x14f	MLOAD
0x22f8S0x897S0x14f	CONST
0x2302S0x897S0x14f	GT
0x2303S0x897S0x14f	ISZERO
0x2304S0x897S0x14f	CONST
0x2307S0x897S0x14f	JUMPI
0x5bf5S0x897S0x14f	CONST
0x5bf6S0x897S0x14f	CONST
0x5bf7S0x897S0x14f	REVERT
0x2311S0x897S0x14f	CONST
0x2317S0x897S0x14f	ADD
0x2318S0x897S0x14f	CONST
0x231bS0x897S0x14f	JUMP
0x5c18S0x897S0x14f	CONST
0x5c19S0x897S0x14f	CONST
0x5c1aS0x897S0x14f	REVERT
0x2324S0x897S0x14f	JUMP
0x22bdS0x2310S0x897S0x14f	CONST
0x22c0S0x2310S0x897S0x14f	CONST
0x22c3S0x2310S0x897S0x14f	JUMP
0x22c7S0x2310S0x897S0x14f	MLOAD
0x22c8S0x2310S0x897S0x14f	CONST
0x22cdS0x2310S0x897S0x14f	CONST
0x22d0S0x2310S0x897S0x14f	ADD
0x22d1S0x2310S0x897S0x14f	CONST
0x22d4S0x2310S0x897S0x14f	JUMP
0x5bd2S0x2310S0x897S0x14f	CONST
0x5bd3S0x2310S0x897S0x14f	CONST
0x5bd4S0x2310S0x897S0x14f	REVERT
0x22ddS0x2310S0x897S0x14f	JUMP
0x22b2S0x2310S0x897S0x14f	CONST
0x22b4S0x2310S0x897S0x14f	CONST
0x22b7S0x2310S0x897S0x14f	ADD
0x22b8S0x2310S0x897S0x14f	SLT
0x22b9S0x2310S0x897S0x14f	CONST
0x22bcS0x2310S0x897S0x14f	JUMPI
0x2252S0x22c5S0x2310S0x897S0x14f	CONST
0x2255S0x22c5S0x2310S0x897S0x14f	CONST
0x2258S0x22c5S0x2310S0x897S0x14f	JUMP
0x2296S0x22c5S0x2310S0x897S0x14f	CONST
0x2299S0x22c5S0x2310S0x897S0x14f	CONST
0x229cS0x22c5S0x2310S0x897S0x14f	JUMP
0x225bS0x22c5S0x2310S0x897S0x14f	CONST
0x225fS0x22c5S0x2310S0x897S0x14f	CONST
0x2262S0x22c5S0x2310S0x897S0x14f	JUMP
0x5b86S0x22c5S0x2310S0x897S0x14f	CONST
0x5ba7S0x22c5S0x2310S0x897S0x14f	CONST
0x5ba9S0x22c5S0x2310S0x897S0x14f	CONST
0x5babS0x22c5S0x2310S0x897S0x14f	CONST
0x5baeS0x22c5S0x2310S0x897S0x14f	CONST
0x5bb0S0x22c5S0x2310S0x897S0x14f	CONST
0x5bb1S0x22c5S0x2310S0x897S0x14f	REVERT
0x5ba8S0x22c5S0x2310S0x897S0x14f	MSTORE
0x5badS0x22c5S0x2310S0x897S0x14f	MSTORE
0x2266S0x22c5S0x2310S0x897S0x14f	CONST
0x2269S0x22c5S0x2310S0x897S0x14f	ADD
0x226fS0x22c5S0x2310S0x897S0x14f	JUMP
0x2288S0x22c5S0x2310S0x897S0x14f	CONST
0x228bS0x22c5S0x2310S0x897S0x14f	ADD
0x228fS0x22c5S0x2310S0x897S0x14f	ADD
0x2290S0x22c5S0x2310S0x897S0x14f	GT
0x2291S0x22c5S0x2310S0x897S0x14f	ISZERO
0x2292S0x22c5S0x2310S0x897S0x14f	CONST
0x2295S0x22c5S0x2310S0x897S0x14f	JUMPI
0x2287S0x22c5S0x2310S0x897S0x14f	MSTORE
0x227eS0x22c5S0x2310S0x897S0x14f	CONST
0x2281S0x22c5S0x2310S0x897S0x14f	JUMP
0x2241S0x22c5S0x2310S0x897S0x14f	CONST
0x2242S0x22c5S0x2310S0x897S0x14f	CONST
0x224cS0x22c5S0x2310S0x897S0x14f	GT
0x224dS0x22c5S0x2310S0x897S0x14f	ISZERO
0x224eS0x22c5S0x2310S0x897S0x14f	CONST
0x2251S0x22c5S0x2310S0x897S0x14f	JUMPI
0x229fS0x22c5S0x2310S0x897S0x14f	CONST
0x22a5S0x22c5S0x2310S0x897S0x14f	CONST
0x22a8S0x22c5S0x2310S0x897S0x14f	JUMP
0x21f2S0x22c5S0x2310S0x897S0x14f	CONST
0x21f3S0x22c5S0x2310S0x897S0x14f	CONST
0x21f4S0x22c5S0x2310S0x897S0x14f	REVERT
0x22b0S0x22c5S0x2310S0x897S0x14f	JUMP
0x2271S0x22c5S0x2310S0x897S0x14f	CONST
0x2272S0x22c5S0x2310S0x897S0x14f	CONST
0x2275S0x22c5S0x2310S0x897S0x14f	CONST
0x2279S0x22c5S0x2310S0x897S0x14f	CONST
0x227cS0x22c5S0x2310S0x897S0x14f	JUMP
0x1be3S0x225aS0x22c5S0x2310S0x897S0x14f	CONST
0x1be4S0x225aS0x22c5S0x2310S0x897S0x14f	CONST
0x1be6S0x225aS0x22c5S0x2310S0x897S0x14f	NOT
0x1be7S0x225aS0x22c5S0x2310S0x897S0x14f	CONST
0x1beaS0x225aS0x22c5S0x2310S0x897S0x14f	ADD
0x1bebS0x225aS0x22c5S0x2310S0x897S0x14f	AND
0x1bf1S0x225aS0x22c5S0x2310S0x897S0x14f	JUMP
0x1bd9S0x229eS0x22c5S0x2310S0x897S0x14f	CONST
0x1bdcS0x229eS0x22c5S0x2310S0x897S0x14f	ADD
0x1be1S0x229eS0x22c5S0x2310S0x897S0x14f	JUMP
0x1bddS0x229eS0x22c5S0x2310S0x897S0x14f	MSTORE
0x1bd8S0x229eS0x22c5S0x2310S0x897S0x14f	MCOPY
0x2215S0x227dS0x22c5S0x2310S0x897S0x14f	CONST
0x2218S0x227dS0x22c5S0x2310S0x897S0x14f	CONST
0x221bS0x227dS0x22c5S0x2310S0x897S0x14f	JUMP
0x2200S0x227dS0x22c5S0x2310S0x897S0x14f	ADD
0x2203S0x227dS0x22c5S0x2310S0x897S0x14f	LT
0x2204S0x227dS0x22c5S0x2310S0x897S0x14f	CONST
0x220eS0x227dS0x22c5S0x2310S0x897S0x14f	GT
0x220fS0x227dS0x22c5S0x2310S0x897S0x14f	OR
0x2210S0x227dS0x22c5S0x2310S0x897S0x14f	ISZERO
0x2211S0x227dS0x22c5S0x2310S0x897S0x14f	CONST
0x2214S0x227dS0x22c5S0x2310S0x897S0x14f	JUMPI
0x221fS0x227dS0x22c5S0x2310S0x897S0x14f	CONST
0x2225S0x227dS0x22c5S0x2310S0x897S0x14f	JUMP
0x2221S0x227dS0x22c5S0x2310S0x897S0x14f	MSTORE
0x5b3aS0x227dS0x22c5S0x2310S0x897S0x14f	CONST
0x5b5bS0x227dS0x22c5S0x2310S0x897S0x14f	CONST
0x5b5dS0x227dS0x22c5S0x2310S0x897S0x14f	CONST
0x5b5fS0x227dS0x22c5S0x2310S0x897S0x14f	CONST
0x5b62S0x227dS0x22c5S0x2310S0x897S0x14f	CONST
0x5b64S0x227dS0x22c5S0x2310S0x897S0x14f	CONST
0x5b65S0x227dS0x22c5S0x2310S0x897S0x14f	REVERT
0x5b5cS0x227dS0x22c5S0x2310S0x897S0x14f	MSTORE
0x5b61S0x227dS0x22c5S0x2310S0x897S0x14f	MSTORE
0x2232S0x227dS0x22c5S0x2310S0x897S0x14f	CONST
0x2237S0x227dS0x22c5S0x2310S0x897S0x14f	CONST
0x223aS0x227dS0x22c5S0x2310S0x897S0x14f	JUMP
0x19d9S0x227dS0x22c5S0x2310S0x897S0x14f	CONST
0x19daS0x227dS0x22c5S0x2310S0x897S0x14f	CONST
0x19dcS0x227dS0x22c5S0x2310S0x897S0x14f	MLOAD
0x19e0S0x227dS0x22c5S0x2310S0x897S0x14f	JUMP
0x223fS0x227dS0x22c5S0x2310S0x897S0x14f	JUMP
0x21f6S0x227dS0x22c5S0x2310S0x897S0x14f	CONST
0x21faS0x227dS0x22c5S0x2310S0x897S0x14f	CONST
0x21fdS0x227dS0x22c5S0x2310S0x897S0x14f	JUMP
0x2227S0x227dS0x22c5S0x2310S0x897S0x14f	CONST
0x2228S0x227dS0x22c5S0x2310S0x897S0x14f	CONST
0x222bS0x227dS0x22c5S0x2310S0x897S0x14f	CONST
0x222eS0x227dS0x22c5S0x2310S0x897S0x14f	JUMP
0x1be3S0x21f5S0x227dS0x22c5S0x2310S0x897S0x14f	CONST
0x1be4S0x21f5S0x227dS0x22c5S0x2310S0x897S0x14f	CONST
0x1be6S0x21f5S0x227dS0x22c5S0x2310S0x897S0x14f	NOT
0x1be7S0x21f5S0x227dS0x22c5S0x2310S0x897S0x14f	CONST
0x1beaS0x21f5S0x227dS0x22c5S0x2310S0x897S0x14f	ADD
0x1bebS0x21f5S0x227dS0x22c5S0x2310S0x897S0x14f	AND
0x1bf1S0x21f5S0x227dS0x22c5S0x2310S0x897S0x14f	JUMP
