{
  "candidate": "fusion_consistent",
  "baseline": "hist_ngram_xgb",
  "seed": 7702,
  "conditions": {
    "F200": {
      "rows": 2280,
      "families": 819,
      "metrics": {
        "AUPRC": {
          "candidate": 0.6938595112895908,
          "baseline": 0.5513468983620404,
          "delta": 0.14251261292755035,
          "CI95": [
            0.07855524679954562,
            0.20302313418462822
          ],
          "excludes_zero": true,
          "replicates": 1000
        },
        "FPR_05": {
          "candidate": 0.08692852543464263,
          "baseline": 0.0437862202189311,
          "delta": 0.04314230521571153,
          "CI95": [
            0.023587400925769945,
            0.06446025048975712
          ],
          "excludes_zero": true,
          "replicates": 1000
        },
        "Recall_05": {
          "candidate": 0.5570839064649243,
          "baseline": 0.1733149931224209,
          "delta": 0.3837689133425034,
          "CI95": [
            0.28149571502609855,
            0.4904325772311352
          ],
          "excludes_zero": true,
          "replicates": 1000
        }
      }
    },
    "M3F200": {
      "rows": 2280,
      "families": 819,
      "metrics": {
        "AUPRC": {
          "candidate": 0.6992908691823608,
          "baseline": 0.5439177464784886,
          "delta": 0.15537312270387227,
          "CI95": [
            0.10061694257674678,
            0.21527693970344122
          ],
          "excludes_zero": true,
          "replicates": 1000
        },
        "FPR_05": {
          "candidate": 0.08113329040566646,
          "baseline": 0.0360592401802962,
          "delta": 0.045074050225370255,
          "CI95": [
            0.025483902831380134,
            0.06597938457125203
          ],
          "excludes_zero": true,
          "replicates": 1000
        },
        "Recall_05": {
          "candidate": 0.5818431911966988,
          "baseline": 0.20907840440165062,
          "delta": 0.3727647867950482,
          "CI95": [
            0.2771694478464993,
            0.4820933151462184
          ],
          "excludes_zero": true,
          "replicates": 1000
        }
      }
    },
    "benign_general": {
      "rows": 797,
      "families": 437,
      "metrics": {
        "FPR_05": {
          "candidate": 0.05269761606022585,
          "baseline": 0.037641154328732745,
          "delta": 0.015056461731493102,
          "CI95": [
            -0.009915703108772423,
            0.04306875504439062
          ],
          "excludes_zero": false,
          "replicates": 1000
        }
      }
    },
    "cleanM0": {
      "rows": 2280,
      "families": 819,
      "metrics": {
        "AUPRC": {
          "candidate": 0.8391756579880324,
          "baseline": 0.8338988380657222,
          "delta": 0.005276819922310216,
          "CI95": [
            -0.059506070564276065,
            0.0655825303713309
          ],
          "excludes_zero": false,
          "replicates": 1000
        },
        "FPR_05": {
          "candidate": 0.0669671603348358,
          "baseline": 0.05859626529298133,
          "delta": 0.008370895041854468,
          "CI95": [
            -0.02249124250326684,
            0.05063315714299662
          ],
          "excludes_zero": false,
          "replicates": 1000
        },
        "Recall_05": {
          "candidate": 0.7867950481430537,
          "baseline": 0.6272352132049519,
          "delta": 0.15955983493810177,
          "CI95": [
            0.06532030151728149,
            0.2791403356600994
          ],
          "excludes_zero": true,
          "replicates": 1000
        }
      }
    }
  },
  "claim_policy": "Performance superiority requires a practically relevant positive delta whose paired family-clustered 95% interval excludes zero."
}