{
  "pass": true,
  "tolerance": 1e-06,
  "results": {
    "authguard": {
      "v2_harness": [
        0.8670663303009029,
        0.8505733438187442,
        0.926627963029394,
        0.8613809244489856,
        0.901182088467238
      ],
      "v1_frozen": [
        0.8670663303009029,
        0.8505733438187442,
        0.926627963029394,
        0.8613809244489856,
        0.901182088467238
      ],
      "max_abs_diff": 0.0
    },
    "opcode_xgb": {
      "v2_harness": [
        0.6395552871864627,
        0.7726951490411152,
        0.8508564197631769,
        0.7873184110742932,
        0.8688336754635612
      ],
      "v1_frozen": [
        0.6395552871864627,
        0.7726951490411152,
        0.8508564197631769,
        0.7873184110742932,
        0.8688336754635612
      ],
      "max_abs_diff": 0.0
    }
  }
}