{
  "pass": false,
  "tolerance": 1e-06,
  "results": {
    "authguard": {
      "v2_harness": [
        0.8833126895483062,
        0.8411704347888362,
        0.9161517029459272,
        0.8832772618349142,
        0.9021017987383408
      ],
      "v1_frozen": [
        0.8670663303009029,
        0.8505733438187442,
        0.926627963029394,
        0.8613809244489856,
        0.901182088467238
      ],
      "max_abs_diff": 0.021896337385928555
    },
    "opcode_xgb": {
      "v2_harness": [
        0.636154027872671,
        0.7503162332893742,
        0.8533642943978392,
        0.7318573002520196,
        0.8657852924644771
      ],
      "v1_frozen": [
        0.6395552871864627,
        0.7726951490411152,
        0.8508564197631769,
        0.7873184110742932,
        0.8688336754635612
      ],
      "max_abs_diff": 0.055461110822273674
    }
  }
}