0x0	0x2
0x40	0x45
0xf	0x10
0x4	0x5
0x8	0x9
0x60	0x63
0x1f	0x24
0x2	0x4
0x5	0x7
0x7	0x8
0x9	0xc
0xd	0xf
0x10	0x12
0x12	0x14
0x14	0x19
0x19	0x1a
0x1a	0x1d
0x24	0x915d
0x2a	0x2f
0x2f	0x915f
0x35	0x3a
0x3a	0x9161
0x45	0x9163
0x4b	0x50
0x50	0x9165
0x56	0x5b
0x5b	0x9167
0x66	0x6b
0x6b	0x9169
0x71	0x76
0x76	0x916b
0x7c	0x81
0x81	0x916d
0x87	0x8c
0x8c	0x916f
0x92	0x97
0x97	0x9171
0x9c	0x9f
0xa1	0xa2
0xa2	0xa5
0xa6	0xa9
0xa9	0xac
0xb0	0xb3
0xb3	0xb6
0xba	0xbc
0xbc	0xbd
0xbd	0xc0
0xc1	0xc4
0xc7	0xca
0xca	0xcd
0xcd	0xce
0xce	0xd0
0xd0	0xd2
0xd2	0xd7
0xd7	0xda
0xdc	0xdf
0xe1	0xe3
0xe3	0xe4
0xe4	0xe9
0xe9	0xec
0xee	0xf0
0xf0	0xf3
0xf3	0xf5
0xf7	0xf9
0xf9	0xfa
0xfa	0xfd
0xfe	0x101
0x104	0x107
0x107	0x10a
0x10a	0x10b
0x10b	0x10d
0x10d	0x10f
0x10f	0x114
0x114	0x117
0x119	0x11c
0x11e	0x120
0x120	0x121
0x121	0x126
0x126	0x129
0x12b	0x12d
0x12d	0x130
0x130	0x132
0x134	0x136
0x136	0x137
0x137	0x13a
0x13b	0x13e
0x141	0x144
0x144	0x147
0x147	0x148
0x148	0x14a
0x14a	0x14c
0x14c	0x151
0x151	0x154
0x156	0x159
0x15d	0x15f
0x15f	0x160
0x160	0x163
0x164	0x167
0x16a	0x16d
0x16d	0x170
0x172	0x174
0x174	0x175
0x175	0x17a
0x17a	0x17d
0x17f	0x181
0x181	0x184
0x184	0x186
0x188	0x18a
0x18a	0x18b
0x18b	0x18e
0x18f	0x192
0x195	0x198
0x198	0x19b
0x19b	0x19c
0x19c	0x19e
0x19e	0x1a0
0x1a0	0x1a5
0x1a5	0x1a8
0x1aa	0x1ad
0x1b1	0x1b3
0x1b3	0x1b4
0x1b4	0x1b7
0x1b8	0x1bb
0x1be	0x1c1
0x1c1	0x1c4
0x1c4	0x1c5
0x1c5	0x1c7
0x1c7	0x1c9
0x1c9	0x1ce
0x1ce	0x1d1
0x1d3	0x1d6
0x1da	0x1dc
0x1dc	0x1dd
0x1dd	0x1e0
0x1e1	0x1e4
0x1e7	0x1ea
0x1ea	0x1ed
0x1ed	0x1ee
0x1ee	0x1f0
0x1f0	0x1f2
0x1f2	0x1f7
0x1f7	0x1fa
0x1fc	0x1ff
0x201	0x203
0x203	0x204
0x204	0x209
0x209	0x20c
0x20e	0x210
0x210	0x213
0x213	0x215
0x217	0x219
0x219	0x21a
0x21a	0x21d
0x21e	0x221
0x224	0x227
0x227	0x22a
0x22c	0x22e
0x22e	0x22f
0x22f	0x234
0x234	0x237
0x239	0x23b
0x23b	0x23e
0x23e	0x240
0x242	0x244
0x244	0x245
0x245	0x248
0x249	0x24c
0x24f	0x252
0x252	0x255
0x255	0x256
0x256	0x258
0x258	0x25a
0x25a	0x25f
0x25f	0x262
0x264	0x267
0x26b	0x26d
0x26d	0x26e
0x26e	0x271
0x272	0x275
0x278	0x27b
0x27b	0x27e
0x27e	0x27f
0x27f	0x281
0x281	0x283
0x283	0x288
0x288	0x28b
0x28d	0x290
0x292	0x294
0x294	0x295
0x295	0x29a
0x29a	0x29d
0x29f	0x2a1
0x2a1	0x2a4
0x2a4	0x2a6
0x2a8	0x2aa
0x2aa	0x2ab
0x2ab	0x2ae
0x2af	0x2b2
0x2b5	0x2b8
0x2b8	0x2bb
0x2bb	0x2bc
0x2bc	0x2be
0x2be	0x2c0
0x2c0	0x2c5
0x2c5	0x2c8
0x2ca	0x2cd
0x2d1	0x2d3
0x2d3	0x2d4
0x2d4	0x2d5
0x2d5	0x2d6
0x2d6	0x2d9
0x2da	0x2dc
0x2dc	0x2dd
0x2dd	0x2f2
0x2f2	0x2f3
0x2f3	0x2f8
0x2f8	0x2fa
0x2fa	0x2fc
0x2fc	0x301
0x301	0x302
0x302	0x304
0x304	0x306
0x307	0x309
0x309	0x30a
0x30a	0x30c
0x30c	0x30e
0x30e	0x311
0x311	0x314
0x314	0x315
0x315	0x316
0x316	0x318
0x318	0x319
0x319	0x31c
0x31d	0x31e
0x31e	0x321
0x322	0x323
0x323	0x325
0x32b	0x32d
0x32d	0x32e
0x32e	0x32f
0x32f	0x331
0x331	0x332
0x332	0x335
0x335	0x336
0x336	0x338
0x338	0x33a
0x33a	0x33c
0x33f	0x341
0x341	0x346
0x346	0x349
0x34b	0x360
0x360	0x361
0x361	0x362
0x362	0x364
0x364	0x365
0x365	0x369
0x369	0x36c
0x36e	0x370
0x370	0x372
0x372	0x375
0x375	0x379
0x379	0x37a
0x37a	0x37f
0x37f	0x381
0x381	0x384
0x384	0x385
0x385	0x388
0x389	0x38b
0x38b	0x38e
0x38e	0x390
0x390	0x391
0x391	0x393
0x393	0x394
0x394	0x395
0x395	0x397
0x397	0x398
0x398	0x39a
0x39b	0x39d
0x39e	0x39f
0x39f	0x3a1
0x3a1	0x3a4
0x3a4	0x3a5
0x3a6	0x3a9
0x3ab	0x3b5
0x3b5	0x3b8
0x3b9	0x3bb
0x3bb	0x3bc
0x3bc	0x3de
0x3df	0x3e1
0x3e1	0x3e2
0x3e2	0x3e6
0x3e6	0x3e9
0x3eb	0x3ed
0x3ed	0x3f0
0x3f0	0x3f2
0x4ca	0x4cc
0x4cc	0x4cd
0x4cd	0x4e2
0x4e2	0x4e3
0x4e3	0x4e8
0x4e8	0x4e9
0x4e9	0x4ea
0x4ea	0x4ff
0x4ff	0x500
0x500	0x505
0x505	0x507
0x507	0x509
0x509	0x50e
0x50e	0x50f
0x50f	0x511
0x511	0x513
0x514	0x516
0x516	0x517
0x517	0x519
0x519	0x51b
0x51b	0x51e
0x51e	0x521
0x521	0x522
0x522	0x523
0x523	0x525
0x525	0x526
0x526	0x529
0x52a	0x52b
0x52b	0x52e
0x52f	0x530
0x530	0x532
0x538	0x53a
0x53a	0x53b
0x53b	0x53c
0x53c	0x53e
0x53e	0x53f
0x53f	0x542
0x542	0x543
0x543	0x545
0x545	0x547
0x547	0x549
0x54c	0x54e
0x54e	0x553
0x553	0x556
0x559	0x55b
0x55b	0x55d
0x55d	0x562
0x562	0x563
0x563	0x565
0x565	0x567
0x568	0x56a
0x56a	0x56b
0x56b	0x572
0x572	0x575
0x577	0x579
0x579	0x57b
0x57b	0x57e
0x57e	0x580
0x580	0x584
0x584	0x585
0x585	0x587
0x587	0x588
0x588	0x58b
0x58c	0x58f
0x592	0x593
0x593	0x594
0x594	0x596
0x596	0x597
0x597	0x59a
0x59b	0x59c
0x59c	0x59f
0x5a0	0x5a1
0x5a1	0x5a3
0x5a9	0x5ae
0x5ae	0x5b0
0x5b0	0x5ba
0x6e0	0x6e3
0x6e3	0x6e5
0x6e5	0x6e8
0x6e8	0x6ea
0x6ea	0x6eb
0x6eb	0x700
0x700	0x702
0x921	0x924
0x924	0x926
0x926	0x929
0x929	0x92b
0x92b	0x92c
0x92c	0x941
0x941	0x942
0x942	0x957
0x957	0x958
0x958	0x959
0x959	0x96e
0x96e	0x96f
0x96f	0x970
0x970	0x973
0x974	0x976
0x976	0x977
0x977	0x999
0x99a	0x99c
0x99c	0x99d
0x99d	0x9a1
0x9a1	0x9a4
0x9a6	0x9a8
0x9a8	0x9ab
0x9ab	0x9ad
0x9af	0x9b1
0x9b1	0x9c6
0x9c6	0x9c8
0x9c8	0x9dd
0x9dd	0x9de
0x9de	0x9df
0x9df	0x9e2
0x9e3	0x9e5
0x9e5	0x9e6
0x9e6	0xa08
0xa09	0xa0b
0xa0b	0xa0c
0xa0c	0xa10
0xa10	0xa13
0xa15	0xa17
0xa17	0xa1a
0xa1a	0xa1c
0xa1f	0xa22
0xa22	0xa25
0xa25	0xa27
0xa27	0xa29
0xa29	0xa3e
0xa3e	0xa3f
0xa3f	0xa40
0xa40	0xa43
0xa43	0xa58
0xa58	0xa59
0xa59	0xa5a
0xa5a	0xa5c
0xa61	0xa63
0xa63	0xa64
0xa64	0xa79
0xa79	0xa7a
0xa7a	0xa7f
0xa7f	0xa80
0xa80	0xa81
0xa81	0xa96
0xa96	0xa97
0xa97	0xa9c
0xa9c	0xa9e
0xa9e	0xaa0
0xaa0	0xaa5
0xaa5	0xaa6
0xaa6	0xaa8
0xaa8	0xaaa
0xaab	0xaad
0xaad	0xaae
0xaae	0xab0
0xab0	0xab2
0xab2	0xab5
0xab5	0xab8
0xab8	0xab9
0xab9	0xaba
0xaba	0xabc
0xabc	0xabd
0xabd	0xac0
0xac1	0xac2
0xac2	0xac5
0xac6	0xac7
0xac7	0xac9
0xacf	0xad1
0xad1	0xad2
0xad2	0xad3
0xad3	0xad5
0xad5	0xad6
0xad6	0xad9
0xad9	0xada
0xada	0xadc
0xadc	0xade
0xade	0xae0
0xae3	0xae5
0xae5	0xaea
0xaea	0xaed
0xaf3	0xaf5
0xaf5	0xaf7
0xaf7	0xafc
0xafc	0xafd
0xafd	0xaff
0xaff	0xb01
0xb02	0xb04
0xb04	0xb05
0xb05	0xb0f
0xb0f	0xb12
0xb14	0xb16
0xb16	0xb18
0xb18	0xb1b
0xb1b	0xb1d
0xb1d	0xb21
0xb21	0xb22
0xb22	0xb24
0xb24	0xb25
0xb25	0xb28
0xb29	0xb2c
0xb2f	0xb30
0xb30	0xb31
0xb31	0xb33
0xb33	0xb34
0xb34	0xb37
0xb38	0xb39
0xb39	0xb3c
0xb3d	0xb3e
0xb3e	0xb40
0xb46	0xb4b
0xb4b	0xb4d
0xb4d	0xb5a
0xb5c	0xb5f
0xb5f	0xb62
0xb62	0xb64
0xb64	0xb67
0xb67	0xb69
0xb69	0xb6a
0xb6a	0xb7f
0xb7f	0xb83
0xd75	0xd77
0xd77	0xd78
0xd78	0xd8d
0xd8d	0xd8e
0xd8e	0xd93
0xd93	0xd94
0xd94	0xd95
0xd95	0xdaa
0xdaa	0xdab
0xdab	0xdb0
0xdb0	0xdb2
0xdb2	0xdb4
0xdb4	0xdb9
0xdb9	0xdba
0xdba	0xdbc
0xdbc	0xdbe
0xdbf	0xdc1
0xdc1	0xdc2
0xdc2	0xdc4
0xdc4	0xdc6
0xdc6	0xdc9
0xdc9	0xdcc
0xdcc	0xdcd
0xdcd	0xdce
0xdce	0xdd0
0xdd0	0xdd1
0xdd1	0xdd4
0xdd5	0xdd6
0xdd6	0xdd9
0xdda	0xddb
0xddb	0xddd
0xde3	0xde5
0xde5	0xde6
0xde6	0xde7
0xde7	0xde9
0xde9	0xdea
0xdea	0xded
0xded	0xdee
0xdee	0xdf0
0xdf0	0xdf2
0xdf2	0xdf4
0xdf7	0xdf9
0xdf9	0xdfe
0xdfe	0xe01
0xe05	0xe07
0xe07	0xe09
0xe09	0xe0e
0xe0e	0xe0f
0xe0f	0xe11
0xe11	0xe13
0xe14	0xe16
0xe16	0xe17
0xe17	0xe1f
0xe1f	0xe22
0xe24	0xe26
0xe26	0xe28
0xe28	0xe2b
0xe2b	0xe2d
0xe2d	0xe31
0xe31	0xe32
0xe32	0xe34
0xe34	0xe35
0xe35	0xe38
0xe39	0xe3c
0xe3f	0xe40
0xe40	0xe41
0xe41	0xe43
0xe43	0xe44
0xe44	0xe47
0xe48	0xe49
0xe49	0xe4c
0xe4d	0xe4e
0xe4e	0xe50
0xe56	0xe5b
0xe5b	0xe5d
0xe5d	0xe68
0x915d	0x915e
0x915f	0x9160
0x9161	0x9162
0x9163	0x9164
0x9165	0x9166
0x9167	0x9168
0x9169	0x916a
0x916b	0x916c
0x916d	0x916e
0x916f	0x9170
0x9171	0x9172
0x9173	0x9174
0x9177	0x9178
0x917a	0x917b
0x917d	0x917e
0x9180	0x9181
0x9183	0x9184
0x9186	0x9187
0x9189	0x918a
0x918c	0x918d
0x918f	0x9190
0x9192	0x9193
0x9195	0x9196
0x3f8S0xdb	0x3faS0xdb
0x3faS0xdb	0x41bS0xdb
0x41bS0xdb	0x438S0xdb
0x438S0xdb	0x439S0xdb
0x439S0xdb	0x43bS0xdb
0x43bS0xdb	0x458S0xdb
0x458S0xdb	0x459S0xdb
0x459S0xdb	0x45aS0xdb
0x45aS0xdb	0x45cS0xdb
0x45cS0xdb	0x45fS0xdb
0x461S0xdb	0x482S0xdb
0x482S0xdb	0x49fS0xdb
0x49fS0xdb	0x4a0S0xdb
0x4a0S0xdb	0x4a2S0xdb
0x4a2S0xdb	0x4bfS0xdb
0x4bfS0xdb	0x4c0S0xdb
0x4c0S0xdb	0x4c1S0xdb
0x4c1S0xdb	0x4c8S0xdb
0x189fS0x3b9	0x18a1S0x3b9
0x18a1S0x3b9	0x18a4S0x3b9
0x18a4S0x3b9	0x18a9S0x3b9
0x18a9S0x3b9	0x18aaS0x3b9
0x18aaS0x3b9	0x18adS0x3b9
0x18adS0x3b9	0x18aeS0x3b9
0x18afS0x3b9	0x18b3S0x3b9
0x18b3S0x3b9	0x18b6S0x3b9
0x188bS0x3b9	0x188fS0x3b9
0x188fS0x3b9	0x1892S0x3b9
0x1894S0x3b9	0x1897S0x3b9
0x1897S0x3b9	0x189dS0x3b9
0x1853S0x3b9	0x1874S0x3b9
0x1874S0x3b9	0x1877S0x3b9
0x1877S0x3b9	0x1878S0x3b9
0x187cS0x3b9	0x187eS0x3b9
0x187eS0x3b9	0x1881S0x3b9
0x1881S0x3b9	0x1884S0x3b9
0x1884S0x3b9	0x1887S0x3b9
0x1842S0x187bS0x3b9	0x1846S0x187bS0x3b9
0x1847S0x187bS0x3b9	0x184aS0x187bS0x3b9
0x184aS0x187bS0x3b9	0x1851S0x187bS0x3b9
0x1cc2S0x974	0x1cc4S0x974
0x1cc4S0x974	0x1cc7S0x974
0x1cc7S0x974	0x1cccS0x974
0x1cccS0x974	0x1ccdS0x974
0x1ccdS0x974	0x1cd0S0x974
0x1cd0S0x974	0x1cd1S0x974
0x1cd2S0x974	0x1cd6S0x974
0x1cd6S0x974	0x1cd9S0x974
0x1caeS0x974	0x1cb2S0x974
0x1cb2S0x974	0x1cb5S0x974
0x1cb7S0x974	0x1cbaS0x974
0x1cbaS0x974	0x1cc0S0x974
0x1c76S0x974	0x1c97S0x974
0x1c97S0x974	0x1c9aS0x974
0x1c9aS0x974	0x1c9bS0x974
0x1c9fS0x974	0x1ca1S0x974
0x1ca1S0x974	0x1ca4S0x974
0x1ca4S0x974	0x1ca7S0x974
0x1ca7S0x974	0x1caaS0x974
0x1842S0x1c9eS0x974	0x1846S0x1c9eS0x974
0x1847S0x1c9eS0x974	0x184aS0x1c9eS0x974
0x184aS0x1c9eS0x974	0x1851S0x1c9eS0x974
0x1d2eS0x9e3	0x1d30S0x9e3
0x1d30S0x9e3	0x1d33S0x9e3
0x1d33S0x9e3	0x1d38S0x9e3
0x1d38S0x9e3	0x1d39S0x9e3
0x1d39S0x9e3	0x1d3cS0x9e3
0x1d3cS0x9e3	0x1d3dS0x9e3
0x1d3eS0x9e3	0x1d42S0x9e3
0x1d42S0x9e3	0x1d45S0x9e3
0x1d1aS0x9e3	0x1d1eS0x9e3
0x1d1eS0x9e3	0x1d21S0x9e3
0x1d23S0x9e3	0x1d26S0x9e3
0x1d26S0x9e3	0x1d2cS0x9e3
0x1ce2S0x9e3	0x1d03S0x9e3
0x1d03S0x9e3	0x1d06S0x9e3
0x1d06S0x9e3	0x1d07S0x9e3
0x1d0bS0x9e3	0x1d0dS0x9e3
0x1d0dS0x9e3	0x1d10S0x9e3
0x1d10S0x9e3	0x1d13S0x9e3
0x1d13S0x9e3	0x1d16S0x9e3
0x1842S0x1d0aS0x9e3	0x1846S0x1d0aS0x9e3
0x1847S0x1d0aS0x9e3	0x184aS0x1d0aS0x9e3
0x184aS0x1d0aS0x9e3	0x1851S0x1d0aS0x9e3
0x1136S0xe0	0x1138S0xe0
0x1138S0xe0	0x113bS0xe0
0x113bS0xe0	0x113eS0xe0
0x113eS0xe0	0x1141S0xe0
0x1141S0xe0	0x1144S0xe0
0x1144S0xe0	0x1146S0xe0
0x1146S0xe0	0x1149S0xe0
0x1127S0xe0	0x112bS0xe0
0x112bS0xe0	0x112eS0xe0
0x111bS0x1126S0xe0	0x111eS0x1126S0xe0
0x111eS0x1126S0xe0	0x111fS0x1126S0xe0
0x111fS0x1126S0xe0	0x1125S0x1126S0xe0
0x12e1S0x11d	0x12e3S0x11d
0x12e3S0x11d	0x12e6S0x11d
0x12e6S0x11d	0x12e9S0x11d
0x12e9S0x11d	0x12ecS0x11d
0x12ecS0x11d	0x12efS0x11d
0x12efS0x11d	0x12f1S0x11d
0x12f1S0x11d	0x12f4S0x11d
0x12d2S0x11d	0x12d6S0x11d
0x12d6S0x11d	0x12d9S0x11d
0x1096S0x12d1S0x11d	0x1098S0x12d1S0x11d
0x1098S0x12d1S0x11d	0x10baS0x12d1S0x11d
0x10baS0x12d1S0x11d	0x10c0S0x12d1S0x11d
0x1443S0x193	0x1446S0x193
0x1446S0x193	0x1449S0x193
0x1461S0x193	0x1464S0x193
0x1464S0x193	0x1467S0x193
0x1490S0x193	0x1493S0x193
0x1493S0x193	0x1496S0x193
0x1432S0x193	0x1435S0x193
0x1435S0x193	0x1438S0x193
0x1438S0x193	0x143cS0x193
0x143cS0x193	0x143dS0x193
0x143dS0x193	0x143eS0x193
0x143eS0x193	0x143fS0x193
0x143fS0x193	0x1442S0x193
0x144cS0x193	0x144fS0x193
0x144fS0x193	0x1450S0x193
0x1450S0x193	0x1451S0x193
0x1451S0x193	0x145bS0x193
0x145bS0x193	0x145cS0x193
0x145cS0x193	0x145dS0x193
0x145dS0x193	0x1460S0x193
0x4595S0x193	0x4598S0x193
0x146aS0x193	0x1470S0x193
0x1470S0x193	0x1471S0x193
0x1471S0x193	0x1474S0x193
0x45b9S0x193	0x45bcS0x193
0x147bS0x193	0x147eS0x193
0x147eS0x193	0x147fS0x193
0x147fS0x193	0x1480S0x193
0x1480S0x193	0x148aS0x193
0x148aS0x193	0x148bS0x193
0x148bS0x193	0x148cS0x193
0x148cS0x193	0x148fS0x193
0x1499S0x193	0x149fS0x193
0x149fS0x193	0x14a0S0x193
0x14a0S0x193	0x14a3S0x193
0x45ddS0x193	0x45e0S0x193
0x1393S0x1469S0x193	0x1396S0x1469S0x193
0x1396S0x1469S0x193	0x1399S0x1469S0x193
0x13b0S0x1469S0x193	0x13b3S0x1469S0x193
0x13b3S0x1469S0x193	0x13b6S0x1469S0x193
0x13ccS0x1469S0x193	0x13cfS0x1469S0x193
0x13cfS0x1469S0x193	0x13d2S0x1469S0x193
0x139dS0x1469S0x193	0x13a0S0x1469S0x193
0x13a0S0x1469S0x193	0x13aaS0x1469S0x193
0x13aaS0x1469S0x193	0x13abS0x1469S0x193
0x13abS0x1469S0x193	0x13acS0x1469S0x193
0x13acS0x1469S0x193	0x13afS0x1469S0x193
0x44bdS0x1469S0x193	0x44c0S0x1469S0x193
0x13b9S0x1469S0x193	0x13bcS0x1469S0x193
0x13bcS0x1469S0x193	0x13c0S0x1469S0x193
0x13c0S0x1469S0x193	0x13c3S0x1469S0x193
0x13c3S0x1469S0x193	0x13c5S0x1469S0x193
0x13c5S0x1469S0x193	0x13c6S0x1469S0x193
0x13c6S0x1469S0x193	0x13c7S0x1469S0x193
0x13c7S0x1469S0x193	0x13c8S0x1469S0x193
0x13c8S0x1469S0x193	0x13cbS0x1469S0x193
0x44e1S0x1469S0x193	0x44e4S0x1469S0x193
0x4505S0x1469S0x193	0x4508S0x1469S0x193
0x1386S0x1469S0x193	0x138aS0x1469S0x193
0x138aS0x1469S0x193	0x138dS0x1469S0x193
0x138dS0x1469S0x193	0x138eS0x1469S0x193
0x138eS0x1469S0x193	0x138fS0x1469S0x193
0x138fS0x1469S0x193	0x1392S0x1469S0x193
0x13e9S0x1498S0x193	0x13ecS0x1498S0x193
0x13ecS0x1498S0x193	0x13efS0x1498S0x193
0x1406S0x1498S0x193	0x1409S0x1498S0x193
0x1409S0x1498S0x193	0x140cS0x1498S0x193
0x1422S0x1498S0x193	0x1425S0x1498S0x193
0x1425S0x1498S0x193	0x1428S0x1498S0x193
0x13f3S0x1498S0x193	0x13f6S0x1498S0x193
0x13f6S0x1498S0x193	0x1400S0x1498S0x193
0x1400S0x1498S0x193	0x1401S0x1498S0x193
0x1401S0x1498S0x193	0x1402S0x1498S0x193
0x1402S0x1498S0x193	0x1405S0x1498S0x193
0x4529S0x1498S0x193	0x452cS0x1498S0x193
0x140fS0x1498S0x193	0x1412S0x1498S0x193
0x1412S0x1498S0x193	0x1416S0x1498S0x193
0x1416S0x1498S0x193	0x1419S0x1498S0x193
0x1419S0x1498S0x193	0x141bS0x1498S0x193
0x141bS0x1498S0x193	0x141cS0x1498S0x193
0x141cS0x1498S0x193	0x141dS0x1498S0x193
0x141dS0x1498S0x193	0x141eS0x1498S0x193
0x141eS0x1498S0x193	0x1421S0x1498S0x193
0x454dS0x1498S0x193	0x4550S0x1498S0x193
0x4571S0x1498S0x193	0x4574S0x1498S0x193
0x13dcS0x1498S0x193	0x13e0S0x1498S0x193
0x13e0S0x1498S0x193	0x13e3S0x1498S0x193
0x13e3S0x1498S0x193	0x13e4S0x1498S0x193
0x13e4S0x1498S0x193	0x13e5S0x1498S0x193
0x13e5S0x1498S0x193	0x13e8S0x1498S0x193
0x12e1S0x200	0x12e3S0x200
0x12e3S0x200	0x12e6S0x200
0x12e6S0x200	0x12e9S0x200
0x12e9S0x200	0x12ecS0x200
0x12ecS0x200	0x12efS0x200
0x12efS0x200	0x12f1S0x200
0x12f1S0x200	0x12f4S0x200
0x12d2S0x200	0x12d6S0x200
0x12d6S0x200	0x12d9S0x200
0x1096S0x12d1S0x200	0x1098S0x12d1S0x200
0x1098S0x12d1S0x200	0x10baS0x12d1S0x200
0x10baS0x12d1S0x200	0x10c0S0x12d1S0x200
0x12e1S0x291	0x12e3S0x291
0x12e3S0x291	0x12e6S0x291
0x12e6S0x291	0x12e9S0x291
0x12e9S0x291	0x12ecS0x291
0x12ecS0x291	0x12efS0x291
0x12efS0x291	0x12f1S0x291
0x12f1S0x291	0x12f4S0x291
0x12d2S0x291	0x12d6S0x291
0x12d6S0x291	0x12d9S0x291
0x1096S0x12d1S0x291	0x1098S0x12d1S0x291
0x1098S0x12d1S0x291	0x10baS0x12d1S0x291
0x10baS0x12d1S0x291	0x10c0S0x12d1S0x291
0x177bS0x2b3	0x177eS0x2b3
0x177eS0x2b3	0x1781S0x2b3
0x1799S0x2b3	0x179cS0x2b3
0x179cS0x2b3	0x179fS0x2b3
0x176dS0x2b3	0x1770S0x2b3
0x1770S0x2b3	0x1774S0x2b3
0x1774S0x2b3	0x1775S0x2b3
0x1775S0x2b3	0x1776S0x2b3
0x1776S0x2b3	0x1777S0x2b3
0x1777S0x2b3	0x177aS0x2b3
0x1784S0x2b3	0x1787S0x2b3
0x1787S0x2b3	0x1788S0x2b3
0x1788S0x2b3	0x1789S0x2b3
0x1789S0x2b3	0x1793S0x2b3
0x1793S0x2b3	0x1794S0x2b3
0x1794S0x2b3	0x1795S0x2b3
0x1795S0x2b3	0x1798S0x2b3
0x47f9S0x2b3	0x47fcS0x2b3
0x17a2S0x2b3	0x17a8S0x2b3
0x17a8S0x2b3	0x17a9S0x2b3
0x17a9S0x2b3	0x17acS0x2b3
0x481dS0x2b3	0x4820S0x2b3
0x1724S0x17a1S0x2b3	0x1727S0x17a1S0x2b3
0x1727S0x17a1S0x2b3	0x172aS0x17a1S0x2b3
0x1741S0x17a1S0x2b3	0x1744S0x17a1S0x2b3
0x1744S0x17a1S0x2b3	0x1747S0x17a1S0x2b3
0x175dS0x17a1S0x2b3	0x1760S0x17a1S0x2b3
0x1760S0x17a1S0x2b3	0x1763S0x17a1S0x2b3
0x172eS0x17a1S0x2b3	0x1731S0x17a1S0x2b3
0x1731S0x17a1S0x2b3	0x173bS0x17a1S0x2b3
0x173bS0x17a1S0x2b3	0x173cS0x17a1S0x2b3
0x173cS0x17a1S0x2b3	0x173dS0x17a1S0x2b3
0x173dS0x17a1S0x2b3	0x1740S0x17a1S0x2b3
0x478dS0x17a1S0x2b3	0x4790S0x17a1S0x2b3
0x174aS0x17a1S0x2b3	0x174dS0x17a1S0x2b3
0x174dS0x17a1S0x2b3	0x1751S0x17a1S0x2b3
0x1751S0x17a1S0x2b3	0x1754S0x17a1S0x2b3
0x1754S0x17a1S0x2b3	0x1756S0x17a1S0x2b3
0x1756S0x17a1S0x2b3	0x1757S0x17a1S0x2b3
0x1757S0x17a1S0x2b3	0x1758S0x17a1S0x2b3
0x1758S0x17a1S0x2b3	0x1759S0x17a1S0x2b3
0x1759S0x17a1S0x2b3	0x175cS0x17a1S0x2b3
0x47b1S0x17a1S0x2b3	0x47b4S0x17a1S0x2b3
0x47d5S0x17a1S0x2b3	0x47d8S0x17a1S0x2b3
0x1717S0x17a1S0x2b3	0x171bS0x17a1S0x2b3
0x171bS0x17a1S0x2b3	0x171eS0x17a1S0x2b3
0x171eS0x17a1S0x2b3	0x171fS0x17a1S0x2b3
0x171fS0x17a1S0x2b3	0x1720S0x17a1S0x2b3
0x1720S0x17a1S0x2b3	0x1723S0x17a1S0x2b3
0x182dS0x34a	0x182fS0x34a
0x182fS0x34a	0x1833S0x34a
0x1833S0x34a	0x1836S0x34a
0x1819S0x34a	0x181dS0x34a
0x181dS0x34a	0x1820S0x34a
0x1822S0x34a	0x1825S0x34a
0x1825S0x34a	0x182bS0x34a
0x180aS0x34a	0x180cS0x34a
0x180cS0x34a	0x180fS0x34a
0x180fS0x34a	0x1812S0x34a
0x1812S0x34a	0x1815S0x34a
0x17fcS0x1809S0x34a	0x1805S0x1809S0x34a
0x125dS0x102	0x1260S0x102
0x1260S0x102	0x1263S0x102
0x12aeS0x102	0x12b1S0x102
0x12b1S0x102	0x12b4S0x102
0x124aS0x102	0x124dS0x102
0x124dS0x102	0x1250S0x102
0x1250S0x102	0x1252S0x102
0x1252S0x102	0x1256S0x102
0x1256S0x102	0x1257S0x102
0x1257S0x102	0x1258S0x102
0x1258S0x102	0x1259S0x102
0x1259S0x102	0x125cS0x102
0x1266S0x102	0x1268S0x102
0x1268S0x102	0x126eS0x102
0x126eS0x102	0x126fS0x102
0x126fS0x102	0x1272S0x102
0x442dS0x102	0x4430S0x102
0x1277S0x102	0x1279S0x102
0x1279S0x102	0x127fS0x102
0x127fS0x102	0x1280S0x102
0x1280S0x102	0x1283S0x102
0x1288S0x102	0x128aS0x102
0x128aS0x102	0x1290S0x102
0x1290S0x102	0x1291S0x102
0x1291S0x102	0x1294S0x102
0x1299S0x102	0x129cS0x102
0x129cS0x102	0x129dS0x102
0x129dS0x102	0x129eS0x102
0x129eS0x102	0x12a8S0x102
0x12a8S0x102	0x12a9S0x102
0x12a9S0x102	0x12aaS0x102
0x12aaS0x102	0x12adS0x102
0x12b7S0x102	0x12bdS0x102
0x12bdS0x102	0x12beS0x102
0x12beS0x102	0x12c1S0x102
0x4451S0x102	0x4454S0x102
0x119aS0x1265S0x102	0x119dS0x1265S0x102
0x119dS0x1265S0x102	0x11a0S0x1265S0x102
0x11a0S0x1265S0x102	0x11a4S0x1265S0x102
0x11a4S0x1265S0x102	0x11a7S0x1265S0x102
0x119aS0x1273S0x102	0x119dS0x1273S0x102
0x119dS0x1273S0x102	0x11a0S0x1273S0x102
0x11a0S0x1273S0x102	0x11a4S0x1273S0x102
0x11a4S0x1273S0x102	0x11a7S0x1273S0x102
0x11d0S0x1284S0x102	0x11d3S0x1284S0x102
0x11d3S0x1284S0x102	0x11d6S0x1284S0x102
0x11d6S0x1284S0x102	0x11daS0x1284S0x102
0x11daS0x1284S0x102	0x11ddS0x1284S0x102
0x1201S0x12b6S0x102	0x1204S0x12b6S0x102
0x1204S0x12b6S0x102	0x1207S0x12b6S0x102
0x121eS0x12b6S0x102	0x1221S0x12b6S0x102
0x1221S0x12b6S0x102	0x1224S0x12b6S0x102
0x123aS0x12b6S0x102	0x123dS0x12b6S0x102
0x123dS0x12b6S0x102	0x1240S0x12b6S0x102
0x120bS0x12b6S0x102	0x120eS0x12b6S0x102
0x120eS0x12b6S0x102	0x1218S0x12b6S0x102
0x1218S0x12b6S0x102	0x1219S0x12b6S0x102
0x1219S0x12b6S0x102	0x121aS0x12b6S0x102
0x121aS0x12b6S0x102	0x121dS0x12b6S0x102
0x43c1S0x12b6S0x102	0x43c4S0x12b6S0x102
0x1227S0x12b6S0x102	0x122aS0x12b6S0x102
0x122aS0x12b6S0x102	0x122eS0x12b6S0x102
0x122eS0x12b6S0x102	0x1231S0x12b6S0x102
0x1231S0x12b6S0x102	0x1233S0x12b6S0x102
0x1233S0x12b6S0x102	0x1234S0x12b6S0x102
0x1234S0x12b6S0x102	0x1235S0x12b6S0x102
0x1235S0x12b6S0x102	0x1236S0x12b6S0x102
0x1236S0x12b6S0x102	0x1239S0x12b6S0x102
0x43e5S0x12b6S0x102	0x43e8S0x12b6S0x102
0x4409S0x12b6S0x102	0x440cS0x12b6S0x102
0x11f4S0x12b6S0x102	0x11f8S0x12b6S0x102
0x11f8S0x12b6S0x102	0x11fbS0x12b6S0x102
0x11fbS0x12b6S0x102	0x11fcS0x12b6S0x102
0x11fcS0x12b6S0x102	0x11fdS0x12b6S0x102
0x11fdS0x12b6S0x102	0x1200S0x12b6S0x102
0x1192S0x1199B0x1265S0x102	0x1195S0x1199B0x1265S0x102
0x118dS0x1199B0x1265S0x102	0x118eS0x1199B0x1265S0x102
0x118eS0x1199B0x1265S0x102	0x1191S0x1199B0x1265S0x102
0x1183S0x1199B0x1265S0x102	0x1187S0x1199B0x1265S0x102
0x1187S0x1199B0x1265S0x102	0x118aS0x1199B0x1265S0x102
0x1151S0x1182S0x1199B0x1265S0x102	0x1153S0x1182S0x1199B0x1265S0x102
0x1153S0x1182S0x1199B0x1265S0x102	0x1169S0x1182S0x1199B0x1265S0x102
0x1169S0x1182S0x1199B0x1265S0x102	0x116fS0x1182S0x1199B0x1265S0x102
0x1171S0x1182S0x1199B0x1265S0x102	0x1173S0x1182S0x1199B0x1265S0x102
0x1173S0x1182S0x1199B0x1265S0x102	0x1177S0x1182S0x1199B0x1265S0x102
0x1177S0x1182S0x1199B0x1265S0x102	0x117aS0x1182S0x1199B0x1265S0x102
0x1192S0x1199B0x1273S0x102	0x1195S0x1199B0x1273S0x102
0x118dS0x1199B0x1273S0x102	0x118eS0x1199B0x1273S0x102
0x118eS0x1199B0x1273S0x102	0x1191S0x1199B0x1273S0x102
0x1183S0x1199B0x1273S0x102	0x1187S0x1199B0x1273S0x102
0x1187S0x1199B0x1273S0x102	0x118aS0x1199B0x1273S0x102
0x1151S0x1182S0x1199B0x1273S0x102	0x1153S0x1182S0x1199B0x1273S0x102
0x1153S0x1182S0x1199B0x1273S0x102	0x1169S0x1182S0x1199B0x1273S0x102
0x1169S0x1182S0x1199B0x1273S0x102	0x116fS0x1182S0x1199B0x1273S0x102
0x1171S0x1182S0x1199B0x1273S0x102	0x1173S0x1182S0x1199B0x1273S0x102
0x1173S0x1182S0x1199B0x1273S0x102	0x1177S0x1182S0x1199B0x1273S0x102
0x1177S0x1182S0x1199B0x1273S0x102	0x117aS0x1182S0x1199B0x1273S0x102
0x11c8S0x11cfB0x1284S0x102	0x11cbS0x11cfB0x1284S0x102
0x11c3S0x11cfB0x1284S0x102	0x11c4S0x11cfB0x1284S0x102
0x11c4S0x11cfB0x1284S0x102	0x11c7S0x11cfB0x1284S0x102
0x11b9S0x11cfB0x1284S0x102	0x11bdS0x11cfB0x1284S0x102
0x11bdS0x11cfB0x1284S0x102	0x11c0S0x11cfB0x1284S0x102
0x11afS0x11b8S0x11cfB0x1284S0x102	0x11b7S0x11b8S0x11cfB0x1284S0x102
0x130cS0x13f	0x130fS0x13f
0x130fS0x13f	0x1312S0x13f
0x133bS0x13f	0x133eS0x13f
0x133eS0x13f	0x1341S0x13f
0x12fcS0x13f	0x12ffS0x13f
0x12ffS0x13f	0x1301S0x13f
0x1301S0x13f	0x1305S0x13f
0x1305S0x13f	0x1306S0x13f
0x1306S0x13f	0x1307S0x13f
0x1307S0x13f	0x1308S0x13f
0x1308S0x13f	0x130bS0x13f
0x1315S0x13f	0x1317S0x13f
0x1317S0x13f	0x131dS0x13f
0x131dS0x13f	0x131eS0x13f
0x131eS0x13f	0x1321S0x13f
0x4475S0x13f	0x4478S0x13f
0x1326S0x13f	0x1329S0x13f
0x1329S0x13f	0x132aS0x13f
0x132aS0x13f	0x132bS0x13f
0x132bS0x13f	0x1335S0x13f
0x1335S0x13f	0x1336S0x13f
0x1336S0x13f	0x1337S0x13f
0x1337S0x13f	0x133aS0x13f
0x1344S0x13f	0x134aS0x13f
0x134aS0x13f	0x134bS0x13f
0x134bS0x13f	0x134eS0x13f
0x4499S0x13f	0x449cS0x13f
0x119aS0x1314S0x13f	0x119dS0x1314S0x13f
0x119dS0x1314S0x13f	0x11a0S0x1314S0x13f
0x11a0S0x1314S0x13f	0x11a4S0x1314S0x13f
0x11a4S0x1314S0x13f	0x11a7S0x1314S0x13f
0x1201S0x1343S0x13f	0x1204S0x1343S0x13f
0x1204S0x1343S0x13f	0x1207S0x1343S0x13f
0x121eS0x1343S0x13f	0x1221S0x1343S0x13f
0x1221S0x1343S0x13f	0x1224S0x1343S0x13f
0x123aS0x1343S0x13f	0x123dS0x1343S0x13f
0x123dS0x1343S0x13f	0x1240S0x1343S0x13f
0x120bS0x1343S0x13f	0x120eS0x1343S0x13f
0x120eS0x1343S0x13f	0x1218S0x1343S0x13f
0x1218S0x1343S0x13f	0x1219S0x1343S0x13f
0x1219S0x1343S0x13f	0x121aS0x1343S0x13f
0x121aS0x1343S0x13f	0x121dS0x1343S0x13f
0x43c1S0x1343S0x13f	0x43c4S0x1343S0x13f
0x1227S0x1343S0x13f	0x122aS0x1343S0x13f
0x122aS0x1343S0x13f	0x122eS0x1343S0x13f
0x122eS0x1343S0x13f	0x1231S0x1343S0x13f
0x1231S0x1343S0x13f	0x1233S0x1343S0x13f
0x1233S0x1343S0x13f	0x1234S0x1343S0x13f
0x1234S0x1343S0x13f	0x1235S0x1343S0x13f
0x1235S0x1343S0x13f	0x1236S0x1343S0x13f
0x1236S0x1343S0x13f	0x1239S0x1343S0x13f
0x43e5S0x1343S0x13f	0x43e8S0x1343S0x13f
0x4409S0x1343S0x13f	0x440cS0x1343S0x13f
0x11f4S0x1343S0x13f	0x11f8S0x1343S0x13f
0x11f8S0x1343S0x13f	0x11fbS0x1343S0x13f
0x11fbS0x1343S0x13f	0x11fcS0x1343S0x13f
0x11fcS0x1343S0x13f	0x11fdS0x1343S0x13f
0x11fdS0x1343S0x13f	0x1200S0x1343S0x13f
0x1192S0x1199B0x1314S0x13f	0x1195S0x1199B0x1314S0x13f
0x118dS0x1199B0x1314S0x13f	0x118eS0x1199B0x1314S0x13f
0x118eS0x1199B0x1314S0x13f	0x1191S0x1199B0x1314S0x13f
0x1183S0x1199B0x1314S0x13f	0x1187S0x1199B0x1314S0x13f
0x1187S0x1199B0x1314S0x13f	0x118aS0x1199B0x1314S0x13f
0x1151S0x1182S0x1199B0x1314S0x13f	0x1153S0x1182S0x1199B0x1314S0x13f
0x1153S0x1182S0x1199B0x1314S0x13f	0x1169S0x1182S0x1199B0x1314S0x13f
0x1169S0x1182S0x1199B0x1314S0x13f	0x116fS0x1182S0x1199B0x1314S0x13f
0x1171S0x1182S0x1199B0x1314S0x13f	0x1173S0x1182S0x1199B0x1314S0x13f
0x1173S0x1182S0x1199B0x1314S0x13f	0x1177S0x1182S0x1199B0x1314S0x13f
0x1177S0x1182S0x1199B0x1314S0x13f	0x117aS0x1182S0x1199B0x1314S0x13f
0x5f0S0x155	0x5f2S0x155
0x5f2S0x155	0x5f3S0x155
0x5f3S0x155	0x615S0x155
0x616S0x155	0x618S0x155
0x618S0x155	0x619S0x155
0x619S0x155	0x61dS0x155
0x61dS0x155	0x620S0x155
0x66fS0x155	0x671S0x155
0x671S0x155	0x674S0x155
0x674S0x155	0x676S0x155
0x676S0x155	0x677S0x155
0x677S0x155	0x679S0x155
0x679S0x155	0x67aS0x155
0x67aS0x155	0x67bS0x155
0x67bS0x155	0x67dS0x155
0x67dS0x155	0x67eS0x155
0x67eS0x155	0x680S0x155
0x681S0x155	0x683S0x155
0x684S0x155	0x685S0x155
0x685S0x155	0x687S0x155
0x687S0x155	0x68aS0x155
0x68aS0x155	0x68bS0x155
0x68cS0x155	0x68fS0x155
0x69fS0x155	0x6a1S0x155
0x6a1S0x155	0x6a2S0x155
0x6a2S0x155	0x6c4S0x155
0x6c5S0x155	0x6c7S0x155
0x6c7S0x155	0x6c8S0x155
0x6c8S0x155	0x6ccS0x155
0x6ccS0x155	0x6cfS0x155
0x5bcS0x155	0x5beS0x155
0x5beS0x155	0x5d3S0x155
0x5d3S0x155	0x5d5S0x155
0x5d5S0x155	0x5eaS0x155
0x5eaS0x155	0x5ebS0x155
0x5ebS0x155	0x5ecS0x155
0x5ecS0x155	0x5efS0x155
0x62bS0x155	0x62eS0x155
0x62eS0x155	0x643S0x155
0x643S0x155	0x646S0x155
0x646S0x155	0x648S0x155
0x648S0x155	0x649S0x155
0x649S0x155	0x64fS0x155
0x64fS0x155	0x652S0x155
0x622S0x155	0x624S0x155
0x624S0x155	0x627S0x155
0x627S0x155	0x629S0x155
0x654S0x155	0x656S0x155
0x656S0x155	0x658S0x155
0x658S0x155	0x65bS0x155
0x65bS0x155	0x65dS0x155
0x65dS0x155	0x660S0x155
0x660S0x155	0x661S0x155
0x661S0x155	0x665S0x155
0x665S0x155	0x667S0x155
0x667S0x155	0x66aS0x155
0x66aS0x155	0x66bS0x155
0x66bS0x155	0x66eS0x155
0x691S0x155	0x69bS0x155
0x69bS0x155	0x69eS0x155
0x6d1S0x155	0x6d3S0x155
0x6d3S0x155	0x6d6S0x155
0x6d6S0x155	0x6d8S0x155
0x1951S0x5f0S0x155	0x1953S0x5f0S0x155
0x1953S0x5f0S0x155	0x1956S0x5f0S0x155
0x1956S0x5f0S0x155	0x195bS0x5f0S0x155
0x195bS0x5f0S0x155	0x195cS0x5f0S0x155
0x195cS0x5f0S0x155	0x195fS0x5f0S0x155
0x195fS0x5f0S0x155	0x1960S0x5f0S0x155
0x1961S0x5f0S0x155	0x1965S0x5f0S0x155
0x1965S0x5f0S0x155	0x1968S0x5f0S0x155
0x193dS0x5f0S0x155	0x1941S0x5f0S0x155
0x1941S0x5f0S0x155	0x1944S0x5f0S0x155
0x1946S0x5f0S0x155	0x1949S0x5f0S0x155
0x1949S0x5f0S0x155	0x194fS0x5f0S0x155
0x1905S0x5f0S0x155	0x1926S0x5f0S0x155
0x1926S0x5f0S0x155	0x1929S0x5f0S0x155
0x1929S0x5f0S0x155	0x192aS0x5f0S0x155
0x192eS0x5f0S0x155	0x1930S0x5f0S0x155
0x1930S0x5f0S0x155	0x1933S0x5f0S0x155
0x1933S0x5f0S0x155	0x1936S0x5f0S0x155
0x1936S0x5f0S0x155	0x1939S0x5f0S0x155
0x1842S0x192dS0x5f0S0x155	0x1846S0x192dS0x5f0S0x155
0x1847S0x192dS0x5f0S0x155	0x184aS0x192dS0x5f0S0x155
0x184aS0x192dS0x5f0S0x155	0x1851S0x192dS0x5f0S0x155
0x1a0aS0x69fS0x155	0x1a0cS0x69fS0x155
0x1a0cS0x69fS0x155	0x1a0fS0x69fS0x155
0x1a0fS0x69fS0x155	0x1a14S0x69fS0x155
0x1a14S0x69fS0x155	0x1a15S0x69fS0x155
0x1a15S0x69fS0x155	0x1a18S0x69fS0x155
0x1a18S0x69fS0x155	0x1a19S0x69fS0x155
0x1a1aS0x69fS0x155	0x1a1eS0x69fS0x155
0x1a1eS0x69fS0x155	0x1a21S0x69fS0x155
0x19f6S0x69fS0x155	0x19faS0x69fS0x155
0x19faS0x69fS0x155	0x19fdS0x69fS0x155
0x19ffS0x69fS0x155	0x1a02S0x69fS0x155
0x1a02S0x69fS0x155	0x1a08S0x69fS0x155
0x19beS0x69fS0x155	0x19dfS0x69fS0x155
0x19dfS0x69fS0x155	0x19e2S0x69fS0x155
0x19e2S0x69fS0x155	0x19e3S0x69fS0x155
0x19e7S0x69fS0x155	0x19e9S0x69fS0x155
0x19e9S0x69fS0x155	0x19ecS0x69fS0x155
0x19ecS0x69fS0x155	0x19efS0x69fS0x155
0x19efS0x69fS0x155	0x19f2S0x69fS0x155
0x1842S0x19e6S0x69fS0x155	0x1846S0x19e6S0x69fS0x155
0x1847S0x19e6S0x69fS0x155	0x184aS0x19e6S0x69fS0x155
0x184aS0x19e6S0x69fS0x155	0x1851S0x19e6S0x69fS0x155
0x19a5S0x62aS0x155	0x19a7S0x62aS0x155
0x19a7S0x62aS0x155	0x19adS0x62aS0x155
0x19adS0x62aS0x155	0x19b0S0x62aS0x155
0x198eS0x62aS0x155	0x1994S0x62aS0x155
0x1994S0x62aS0x155	0x1997S0x62aS0x155
0x199bS0x62aS0x155	0x19a3S0x62aS0x155
0x1975S0x62aS0x155	0x1979S0x62aS0x155
0x1979S0x62aS0x155	0x197aS0x62aS0x155
0x1980S0x62aS0x155	0x1982S0x62aS0x155
0x1982S0x62aS0x155	0x1987S0x62aS0x155
0x1987S0x62aS0x155	0x198aS0x62aS0x155
0x17fcS0x197fS0x62aS0x155	0x1805S0x197fS0x62aS0x155
0x136bS0x171	0x136dS0x171
0x136dS0x171	0x1370S0x171
0x1370S0x171	0x1373S0x171
0x1373S0x171	0x1376S0x171
0x1376S0x171	0x1379S0x171
0x1379S0x171	0x137bS0x171
0x137bS0x171	0x137eS0x171
0x135cS0x136aS0x171	0x1360S0x136aS0x171
0x1360S0x136aS0x171	0x1363S0x136aS0x171
0x1151S0x135bS0x136aS0x171	0x1153S0x135bS0x136aS0x171
0x1153S0x135bS0x136aS0x171	0x1169S0x135bS0x136aS0x171
0x1169S0x135bS0x136aS0x171	0x116fS0x135bS0x136aS0x171
0x1171S0x135bS0x136aS0x171	0x1173S0x135bS0x136aS0x171
0x1173S0x135bS0x136aS0x171	0x1177S0x135bS0x136aS0x171
0x1177S0x135bS0x136aS0x171	0x117aS0x135bS0x136aS0x171
0x14c0S0x1bc	0x14c3S0x1bc
0x14c3S0x1bc	0x14c6S0x1bc
0x14b3S0x1bc	0x14b5S0x1bc
0x14b5S0x1bc	0x14b9S0x1bc
0x14b9S0x1bc	0x14baS0x1bc
0x14baS0x1bc	0x14bbS0x1bc
0x14bbS0x1bc	0x14bcS0x1bc
0x14bcS0x1bc	0x14bfS0x1bc
0x14c9S0x1bc	0x14cbS0x1bc
0x14cbS0x1bc	0x14d1S0x1bc
0x14d1S0x1bc	0x14d2S0x1bc
0x14d2S0x1bc	0x14d5S0x1bc
0x4601S0x1bc	0x4604S0x1bc
0x119aS0x14c8S0x1bc	0x119dS0x14c8S0x1bc
0x119dS0x14c8S0x1bc	0x11a0S0x14c8S0x1bc
0x11a0S0x14c8S0x1bc	0x11a4S0x14c8S0x1bc
0x11a4S0x14c8S0x1bc	0x11a7S0x14c8S0x1bc
0x1192S0x1199B0x14c8S0x1bc	0x1195S0x1199B0x14c8S0x1bc
0x118dS0x1199B0x14c8S0x1bc	0x118eS0x1199B0x14c8S0x1bc
0x118eS0x1199B0x14c8S0x1bc	0x1191S0x1199B0x14c8S0x1bc
0x1183S0x1199B0x14c8S0x1bc	0x1187S0x1199B0x14c8S0x1bc
0x1187S0x1199B0x14c8S0x1bc	0x118aS0x1199B0x14c8S0x1bc
0x1151S0x1182S0x1199B0x14c8S0x1bc	0x1153S0x1182S0x1199B0x14c8S0x1bc
0x1153S0x1182S0x1199B0x14c8S0x1bc	0x1169S0x1182S0x1199B0x14c8S0x1bc
0x1169S0x1182S0x1199B0x14c8S0x1bc	0x116fS0x1182S0x1199B0x14c8S0x1bc
0x1171S0x1182S0x1199B0x14c8S0x1bc	0x1173S0x1182S0x1199B0x14c8S0x1bc
0x1173S0x1182S0x1199B0x14c8S0x1bc	0x1177S0x1182S0x1199B0x14c8S0x1bc
0x1177S0x1182S0x1199B0x14c8S0x1bc	0x117aS0x1182S0x1199B0x14c8S0x1bc
0x154dS0x1e5	0x1550S0x1e5
0x1550S0x1e5	0x1553S0x1e5
0x158dS0x1e5	0x1590S0x1e5
0x1590S0x1e5	0x1593S0x1e5
0x15bcS0x1e5	0x15bfS0x1e5
0x15bfS0x1e5	0x15c2S0x1e5
0x15ebS0x1e5	0x15eeS0x1e5
0x15eeS0x1e5	0x15f1S0x1e5
0x1536S0x1e5	0x1539S0x1e5
0x1539S0x1e5	0x153cS0x1e5
0x153cS0x1e5	0x153fS0x1e5
0x153fS0x1e5	0x1542S0x1e5
0x1542S0x1e5	0x1546S0x1e5
0x1546S0x1e5	0x1547S0x1e5
0x1547S0x1e5	0x1548S0x1e5
0x1548S0x1e5	0x1549S0x1e5
0x1549S0x1e5	0x154cS0x1e5
0x1556S0x1e5	0x1558S0x1e5
0x1558S0x1e5	0x155eS0x1e5
0x155eS0x1e5	0x155fS0x1e5
0x155fS0x1e5	0x1562S0x1e5
0x4691S0x1e5	0x4694S0x1e5
0x1567S0x1e5	0x1569S0x1e5
0x1569S0x1e5	0x156fS0x1e5
0x156fS0x1e5	0x1570S0x1e5
0x1570S0x1e5	0x1573S0x1e5
0x1578S0x1e5	0x157bS0x1e5
0x157bS0x1e5	0x157cS0x1e5
0x157cS0x1e5	0x157dS0x1e5
0x157dS0x1e5	0x1587S0x1e5
0x1587S0x1e5	0x1588S0x1e5
0x1588S0x1e5	0x1589S0x1e5
0x1589S0x1e5	0x158cS0x1e5
0x1596S0x1e5	0x159cS0x1e5
0x159cS0x1e5	0x159dS0x1e5
0x159dS0x1e5	0x15a0S0x1e5
0x46b5S0x1e5	0x46b8S0x1e5
0x15a7S0x1e5	0x15aaS0x1e5
0x15aaS0x1e5	0x15abS0x1e5
0x15abS0x1e5	0x15acS0x1e5
0x15acS0x1e5	0x15b6S0x1e5
0x15b6S0x1e5	0x15b7S0x1e5
0x15b7S0x1e5	0x15b8S0x1e5
0x15b8S0x1e5	0x15bbS0x1e5
0x15c5S0x1e5	0x15cbS0x1e5
0x15cbS0x1e5	0x15ccS0x1e5
0x15ccS0x1e5	0x15cfS0x1e5
0x46d9S0x1e5	0x46dcS0x1e5
0x15d6S0x1e5	0x15d9S0x1e5
0x15d9S0x1e5	0x15daS0x1e5
0x15daS0x1e5	0x15dbS0x1e5
0x15dbS0x1e5	0x15e5S0x1e5
0x15e5S0x1e5	0x15e6S0x1e5
0x15e6S0x1e5	0x15e7S0x1e5
0x15e7S0x1e5	0x15eaS0x1e5
0x15f4S0x1e5	0x15faS0x1e5
0x15faS0x1e5	0x15fbS0x1e5
0x15fbS0x1e5	0x15feS0x1e5
0x46fdS0x1e5	0x4700S0x1e5
0x119aS0x1555S0x1e5	0x119dS0x1555S0x1e5
0x119dS0x1555S0x1e5	0x11a0S0x1555S0x1e5
0x11a0S0x1555S0x1e5	0x11a4S0x1555S0x1e5
0x11a4S0x1555S0x1e5	0x11a7S0x1555S0x1e5
0x119aS0x1563S0x1e5	0x119dS0x1563S0x1e5
0x119dS0x1563S0x1e5	0x11a0S0x1563S0x1e5
0x11a0S0x1563S0x1e5	0x11a4S0x1563S0x1e5
0x11a4S0x1563S0x1e5	0x11a7S0x1563S0x1e5
0x14edS0x1595S0x1e5	0x14f0S0x1595S0x1e5
0x14f0S0x1595S0x1e5	0x14f3S0x1595S0x1e5
0x150aS0x1595S0x1e5	0x150dS0x1595S0x1e5
0x150dS0x1595S0x1e5	0x1510S0x1595S0x1e5
0x1526S0x1595S0x1e5	0x1529S0x1595S0x1e5
0x1529S0x1595S0x1e5	0x152cS0x1595S0x1e5
0x14f7S0x1595S0x1e5	0x14faS0x1595S0x1e5
0x14faS0x1595S0x1e5	0x1504S0x1595S0x1e5
0x1504S0x1595S0x1e5	0x1505S0x1595S0x1e5
0x1505S0x1595S0x1e5	0x1506S0x1595S0x1e5
0x1506S0x1595S0x1e5	0x1509S0x1595S0x1e5
0x4625S0x1595S0x1e5	0x4628S0x1595S0x1e5
0x1513S0x1595S0x1e5	0x1516S0x1595S0x1e5
0x1516S0x1595S0x1e5	0x151aS0x1595S0x1e5
0x151aS0x1595S0x1e5	0x151dS0x1595S0x1e5
0x151dS0x1595S0x1e5	0x151fS0x1595S0x1e5
0x151fS0x1595S0x1e5	0x1520S0x1595S0x1e5
0x1520S0x1595S0x1e5	0x1521S0x1595S0x1e5
0x1521S0x1595S0x1e5	0x1522S0x1595S0x1e5
0x1522S0x1595S0x1e5	0x1525S0x1595S0x1e5
0x4649S0x1595S0x1e5	0x464cS0x1595S0x1e5
0x466dS0x1595S0x1e5	0x4670S0x1595S0x1e5
0x14e0S0x1595S0x1e5	0x14e4S0x1595S0x1e5
0x14e4S0x1595S0x1e5	0x14e7S0x1595S0x1e5
0x14e7S0x1595S0x1e5	0x14e8S0x1595S0x1e5
0x14e8S0x1595S0x1e5	0x14e9S0x1595S0x1e5
0x14e9S0x1595S0x1e5	0x14ecS0x1595S0x1e5
0x14edS0x15c4S0x1e5	0x14f0S0x15c4S0x1e5
0x14f0S0x15c4S0x1e5	0x14f3S0x15c4S0x1e5
0x150aS0x15c4S0x1e5	0x150dS0x15c4S0x1e5
0x150dS0x15c4S0x1e5	0x1510S0x15c4S0x1e5
0x1526S0x15c4S0x1e5	0x1529S0x15c4S0x1e5
0x1529S0x15c4S0x1e5	0x152cS0x15c4S0x1e5
0x14f7S0x15c4S0x1e5	0x14faS0x15c4S0x1e5
0x14faS0x15c4S0x1e5	0x1504S0x15c4S0x1e5
0x1504S0x15c4S0x1e5	0x1505S0x15c4S0x1e5
0x1505S0x15c4S0x1e5	0x1506S0x15c4S0x1e5
0x1506S0x15c4S0x1e5	0x1509S0x15c4S0x1e5
0x4625S0x15c4S0x1e5	0x4628S0x15c4S0x1e5
0x1513S0x15c4S0x1e5	0x1516S0x15c4S0x1e5
0x1516S0x15c4S0x1e5	0x151aS0x15c4S0x1e5
0x151aS0x15c4S0x1e5	0x151dS0x15c4S0x1e5
0x151dS0x15c4S0x1e5	0x151fS0x15c4S0x1e5
0x151fS0x15c4S0x1e5	0x1520S0x15c4S0x1e5
0x1520S0x15c4S0x1e5	0x1521S0x15c4S0x1e5
0x1521S0x15c4S0x1e5	0x1522S0x15c4S0x1e5
0x1522S0x15c4S0x1e5	0x1525S0x15c4S0x1e5
0x4649S0x15c4S0x1e5	0x464cS0x15c4S0x1e5
0x466dS0x15c4S0x1e5	0x4670S0x15c4S0x1e5
0x14e0S0x15c4S0x1e5	0x14e4S0x15c4S0x1e5
0x14e4S0x15c4S0x1e5	0x14e7S0x15c4S0x1e5
0x14e7S0x15c4S0x1e5	0x14e8S0x15c4S0x1e5
0x14e8S0x15c4S0x1e5	0x14e9S0x15c4S0x1e5
0x14e9S0x15c4S0x1e5	0x14ecS0x15c4S0x1e5
0x1201S0x15f3S0x1e5	0x1204S0x15f3S0x1e5
0x1204S0x15f3S0x1e5	0x1207S0x15f3S0x1e5
0x121eS0x15f3S0x1e5	0x1221S0x15f3S0x1e5
0x1221S0x15f3S0x1e5	0x1224S0x15f3S0x1e5
0x123aS0x15f3S0x1e5	0x123dS0x15f3S0x1e5
0x123dS0x15f3S0x1e5	0x1240S0x15f3S0x1e5
0x120bS0x15f3S0x1e5	0x120eS0x15f3S0x1e5
0x120eS0x15f3S0x1e5	0x1218S0x15f3S0x1e5
0x1218S0x15f3S0x1e5	0x1219S0x15f3S0x1e5
0x1219S0x15f3S0x1e5	0x121aS0x15f3S0x1e5
0x121aS0x15f3S0x1e5	0x121dS0x15f3S0x1e5
0x43c1S0x15f3S0x1e5	0x43c4S0x15f3S0x1e5
0x1227S0x15f3S0x1e5	0x122aS0x15f3S0x1e5
0x122aS0x15f3S0x1e5	0x122eS0x15f3S0x1e5
0x122eS0x15f3S0x1e5	0x1231S0x15f3S0x1e5
0x1231S0x15f3S0x1e5	0x1233S0x15f3S0x1e5
0x1233S0x15f3S0x1e5	0x1234S0x15f3S0x1e5
0x1234S0x15f3S0x1e5	0x1235S0x15f3S0x1e5
0x1235S0x15f3S0x1e5	0x1236S0x15f3S0x1e5
0x1236S0x15f3S0x1e5	0x1239S0x15f3S0x1e5
0x43e5S0x15f3S0x1e5	0x43e8S0x15f3S0x1e5
0x4409S0x15f3S0x1e5	0x440cS0x15f3S0x1e5
0x11f4S0x15f3S0x1e5	0x11f8S0x15f3S0x1e5
0x11f8S0x15f3S0x1e5	0x11fbS0x15f3S0x1e5
0x11fbS0x15f3S0x1e5	0x11fcS0x15f3S0x1e5
0x11fcS0x15f3S0x1e5	0x11fdS0x15f3S0x1e5
0x11fdS0x15f3S0x1e5	0x1200S0x15f3S0x1e5
0x1192S0x1199B0x1555S0x1e5	0x1195S0x1199B0x1555S0x1e5
0x118dS0x1199B0x1555S0x1e5	0x118eS0x1199B0x1555S0x1e5
0x118eS0x1199B0x1555S0x1e5	0x1191S0x1199B0x1555S0x1e5
0x1183S0x1199B0x1555S0x1e5	0x1187S0x1199B0x1555S0x1e5
0x1187S0x1199B0x1555S0x1e5	0x118aS0x1199B0x1555S0x1e5
0x1151S0x1182S0x1199B0x1555S0x1e5	0x1153S0x1182S0x1199B0x1555S0x1e5
0x1153S0x1182S0x1199B0x1555S0x1e5	0x1169S0x1182S0x1199B0x1555S0x1e5
0x1169S0x1182S0x1199B0x1555S0x1e5	0x116fS0x1182S0x1199B0x1555S0x1e5
0x1171S0x1182S0x1199B0x1555S0x1e5	0x1173S0x1182S0x1199B0x1555S0x1e5
0x1173S0x1182S0x1199B0x1555S0x1e5	0x1177S0x1182S0x1199B0x1555S0x1e5
0x1177S0x1182S0x1199B0x1555S0x1e5	0x117aS0x1182S0x1199B0x1555S0x1e5
0x1192S0x1199B0x1563S0x1e5	0x1195S0x1199B0x1563S0x1e5
0x118dS0x1199B0x1563S0x1e5	0x118eS0x1199B0x1563S0x1e5
0x118eS0x1199B0x1563S0x1e5	0x1191S0x1199B0x1563S0x1e5
0x1183S0x1199B0x1563S0x1e5	0x1187S0x1199B0x1563S0x1e5
0x1187S0x1199B0x1563S0x1e5	0x118aS0x1199B0x1563S0x1e5
0x1151S0x1182S0x1199B0x1563S0x1e5	0x1153S0x1182S0x1199B0x1563S0x1e5
0x1153S0x1182S0x1199B0x1563S0x1e5	0x1169S0x1182S0x1199B0x1563S0x1e5
0x1169S0x1182S0x1199B0x1563S0x1e5	0x116fS0x1182S0x1199B0x1563S0x1e5
0x1171S0x1182S0x1199B0x1563S0x1e5	0x1173S0x1182S0x1199B0x1563S0x1e5
0x1173S0x1182S0x1199B0x1563S0x1e5	0x1177S0x1182S0x1199B0x1563S0x1e5
0x1177S0x1182S0x1199B0x1563S0x1e5	0x117aS0x1182S0x1199B0x1563S0x1e5
0x136bS0x22b	0x136dS0x22b
0x136dS0x22b	0x1370S0x22b
0x1370S0x22b	0x1373S0x22b
0x1373S0x22b	0x1376S0x22b
0x1376S0x22b	0x1379S0x22b
0x1379S0x22b	0x137bS0x22b
0x137bS0x22b	0x137eS0x22b
0x135cS0x136aS0x22b	0x1360S0x136aS0x22b
0x1360S0x136aS0x22b	0x1363S0x136aS0x22b
0x1151S0x135bS0x136aS0x22b	0x1153S0x135bS0x136aS0x22b
0x1153S0x135bS0x136aS0x22b	0x1169S0x135bS0x136aS0x22b
0x1169S0x135bS0x136aS0x22b	0x116fS0x135bS0x136aS0x22b
0x1171S0x135bS0x136aS0x22b	0x1173S0x135bS0x136aS0x22b
0x1173S0x135bS0x136aS0x22b	0x1177S0x135bS0x136aS0x22b
0x1177S0x135bS0x136aS0x22b	0x117aS0x135bS0x136aS0x22b
0x1691S0x276	0x1694S0x276
0x1694S0x276	0x1697S0x276
0x16f3S0x276	0x16f6S0x276
0x16f6S0x276	0x16f9S0x276
0x167dS0x276	0x1680S0x276
0x1680S0x276	0x1683S0x276
0x1683S0x276	0x1686S0x276
0x1686S0x276	0x168aS0x276
0x168aS0x276	0x168bS0x276
0x168bS0x276	0x168cS0x276
0x168cS0x276	0x168dS0x276
0x168dS0x276	0x1690S0x276
0x169aS0x276	0x169cS0x276
0x169cS0x276	0x16a2S0x276
0x16a2S0x276	0x16a3S0x276
0x16a3S0x276	0x16a6S0x276
0x4745S0x276	0x4748S0x276
0x16abS0x276	0x16adS0x276
0x16adS0x276	0x16b3S0x276
0x16b3S0x276	0x16b4S0x276
0x16b4S0x276	0x16b7S0x276
0x16bcS0x276	0x16beS0x276
0x16beS0x276	0x16c4S0x276
0x16c4S0x276	0x16c5S0x276
0x16c5S0x276	0x16c8S0x276
0x16cdS0x276	0x16cfS0x276
0x16cfS0x276	0x16d5S0x276
0x16d5S0x276	0x16d6S0x276
0x16d6S0x276	0x16d9S0x276
0x16deS0x276	0x16e1S0x276
0x16e1S0x276	0x16e2S0x276
0x16e2S0x276	0x16e3S0x276
0x16e3S0x276	0x16edS0x276
0x16edS0x276	0x16eeS0x276
0x16eeS0x276	0x16efS0x276
0x16efS0x276	0x16f2S0x276
0x16fcS0x276	0x1702S0x276
0x1702S0x276	0x1703S0x276
0x1703S0x276	0x1706S0x276
0x4769S0x276	0x476cS0x276
0x119aS0x1699S0x276	0x119dS0x1699S0x276
0x119dS0x1699S0x276	0x11a0S0x1699S0x276
0x11a0S0x1699S0x276	0x11a4S0x1699S0x276
0x11a4S0x1699S0x276	0x11a7S0x1699S0x276
0x119aS0x16a7S0x276	0x119dS0x16a7S0x276
0x119dS0x16a7S0x276	0x11a0S0x16a7S0x276
0x11a0S0x16a7S0x276	0x11a4S0x16a7S0x276
0x11a4S0x16a7S0x276	0x11a7S0x16a7S0x276
0x11d0S0x16b8S0x276	0x11d3S0x16b8S0x276
0x11d3S0x16b8S0x276	0x11d6S0x16b8S0x276
0x11d6S0x16b8S0x276	0x11daS0x16b8S0x276
0x11daS0x16b8S0x276	0x11ddS0x16b8S0x276
0x11d0S0x16c9S0x276	0x11d3S0x16c9S0x276
0x11d3S0x16c9S0x276	0x11d6S0x16c9S0x276
0x11d6S0x16c9S0x276	0x11daS0x16c9S0x276
0x11daS0x16c9S0x276	0x11ddS0x16c9S0x276
0x1201S0x16fbS0x276	0x1204S0x16fbS0x276
0x1204S0x16fbS0x276	0x1207S0x16fbS0x276
0x121eS0x16fbS0x276	0x1221S0x16fbS0x276
0x1221S0x16fbS0x276	0x1224S0x16fbS0x276
0x123aS0x16fbS0x276	0x123dS0x16fbS0x276
0x123dS0x16fbS0x276	0x1240S0x16fbS0x276
0x120bS0x16fbS0x276	0x120eS0x16fbS0x276
0x120eS0x16fbS0x276	0x1218S0x16fbS0x276
0x1218S0x16fbS0x276	0x1219S0x16fbS0x276
0x1219S0x16fbS0x276	0x121aS0x16fbS0x276
0x121aS0x16fbS0x276	0x121dS0x16fbS0x276
0x43c1S0x16fbS0x276	0x43c4S0x16fbS0x276
0x1227S0x16fbS0x276	0x122aS0x16fbS0x276
0x122aS0x16fbS0x276	0x122eS0x16fbS0x276
0x122eS0x16fbS0x276	0x1231S0x16fbS0x276
0x1231S0x16fbS0x276	0x1233S0x16fbS0x276
0x1233S0x16fbS0x276	0x1234S0x16fbS0x276
0x1234S0x16fbS0x276	0x1235S0x16fbS0x276
0x1235S0x16fbS0x276	0x1236S0x16fbS0x276
0x1236S0x16fbS0x276	0x1239S0x16fbS0x276
0x43e5S0x16fbS0x276	0x43e8S0x16fbS0x276
0x4409S0x16fbS0x276	0x440cS0x16fbS0x276
0x11f4S0x16fbS0x276	0x11f8S0x16fbS0x276
0x11f8S0x16fbS0x276	0x11fbS0x16fbS0x276
0x11fbS0x16fbS0x276	0x11fcS0x16fbS0x276
0x11fcS0x16fbS0x276	0x11fdS0x16fbS0x276
0x11fdS0x16fbS0x276	0x1200S0x16fbS0x276
0x1192S0x1199B0x1699S0x276	0x1195S0x1199B0x1699S0x276
0x118dS0x1199B0x1699S0x276	0x118eS0x1199B0x1699S0x276
0x118eS0x1199B0x1699S0x276	0x1191S0x1199B0x1699S0x276
0x1183S0x1199B0x1699S0x276	0x1187S0x1199B0x1699S0x276
0x1187S0x1199B0x1699S0x276	0x118aS0x1199B0x1699S0x276
0x1151S0x1182S0x1199B0x1699S0x276	0x1153S0x1182S0x1199B0x1699S0x276
0x1153S0x1182S0x1199B0x1699S0x276	0x1169S0x1182S0x1199B0x1699S0x276
0x1169S0x1182S0x1199B0x1699S0x276	0x116fS0x1182S0x1199B0x1699S0x276
0x1171S0x1182S0x1199B0x1699S0x276	0x1173S0x1182S0x1199B0x1699S0x276
0x1173S0x1182S0x1199B0x1699S0x276	0x1177S0x1182S0x1199B0x1699S0x276
0x1177S0x1182S0x1199B0x1699S0x276	0x117aS0x1182S0x1199B0x1699S0x276
0x1192S0x1199B0x16a7S0x276	0x1195S0x1199B0x16a7S0x276
0x118dS0x1199B0x16a7S0x276	0x118eS0x1199B0x16a7S0x276
0x118eS0x1199B0x16a7S0x276	0x1191S0x1199B0x16a7S0x276
0x1183S0x1199B0x16a7S0x276	0x1187S0x1199B0x16a7S0x276
0x1187S0x1199B0x16a7S0x276	0x118aS0x1199B0x16a7S0x276
0x1151S0x1182S0x1199B0x16a7S0x276	0x1153S0x1182S0x1199B0x16a7S0x276
0x1153S0x1182S0x1199B0x16a7S0x276	0x1169S0x1182S0x1199B0x16a7S0x276
0x1169S0x1182S0x1199B0x16a7S0x276	0x116fS0x1182S0x1199B0x16a7S0x276
0x1171S0x1182S0x1199B0x16a7S0x276	0x1173S0x1182S0x1199B0x16a7S0x276
0x1173S0x1182S0x1199B0x16a7S0x276	0x1177S0x1182S0x1199B0x16a7S0x276
0x1177S0x1182S0x1199B0x16a7S0x276	0x117aS0x1182S0x1199B0x16a7S0x276
0x11c8S0x11cfB0x16b8S0x276	0x11cbS0x11cfB0x16b8S0x276
0x11c3S0x11cfB0x16b8S0x276	0x11c4S0x11cfB0x16b8S0x276
0x11c4S0x11cfB0x16b8S0x276	0x11c7S0x11cfB0x16b8S0x276
0x11b9S0x11cfB0x16b8S0x276	0x11bdS0x11cfB0x16b8S0x276
0x11bdS0x11cfB0x16b8S0x276	0x11c0S0x11cfB0x16b8S0x276
0x11afS0x11b8S0x11cfB0x16b8S0x276	0x11b7S0x11b8S0x11cfB0x16b8S0x276
0x11c8S0x11cfB0x16c9S0x276	0x11cbS0x11cfB0x16c9S0x276
0x11c3S0x11cfB0x16c9S0x276	0x11c4S0x11cfB0x16c9S0x276
0x11c4S0x11cfB0x16c9S0x276	0x11c7S0x11cfB0x16c9S0x276
0x11b9S0x11cfB0x16c9S0x276	0x11bdS0x11cfB0x16c9S0x276
0x11bdS0x11cfB0x16c9S0x276	0x11c0S0x11cfB0x16c9S0x276
0x11afS0x11b8S0x11cfB0x16c9S0x276	0x11b7S0x11b8S0x11cfB0x16c9S0x276
0x17dcS0x326	0x17dfS0x326
0x17dfS0x326	0x17e2S0x326
0x17cfS0x326	0x17d1S0x326
0x17d1S0x326	0x17d5S0x326
0x17d5S0x326	0x17d6S0x326
0x17d6S0x326	0x17d7S0x326
0x17d7S0x326	0x17d8S0x326
0x17d8S0x326	0x17dbS0x326
0x17e5S0x326	0x17e7S0x326
0x17e7S0x326	0x17edS0x326
0x17edS0x326	0x17eeS0x326
0x17eeS0x326	0x17f1S0x326
0x4841S0x326	0x4844S0x326
0x17baS0x17e4S0x326	0x17bdS0x17e4S0x326
0x17bdS0x17e4S0x326	0x17c0S0x17e4S0x326
0x17c0S0x17e4S0x326	0x17c4S0x17e4S0x326
0x17c4S0x17e4S0x326	0x17c7S0x17e4S0x326
0x1192S0x17b9B0x17e4S0x326	0x1195S0x17b9B0x17e4S0x326
0x118dS0x17b9B0x17e4S0x326	0x118eS0x17b9B0x17e4S0x326
0x118eS0x17b9B0x17e4S0x326	0x1191S0x17b9B0x17e4S0x326
0x1183S0x17b9B0x17e4S0x326	0x1187S0x17b9B0x17e4S0x326
0x1187S0x17b9B0x17e4S0x326	0x118aS0x17b9B0x17e4S0x326
0x1151S0x1182S0x17b9B0x17e4S0x326	0x1153S0x1182S0x17b9B0x17e4S0x326
0x1153S0x1182S0x17b9B0x17e4S0x326	0x1169S0x1182S0x17b9B0x17e4S0x326
0x1169S0x1182S0x17b9B0x17e4S0x326	0x116fS0x1182S0x17b9B0x17e4S0x326
0x1171S0x1182S0x17b9B0x17e4S0x326	0x1173S0x1182S0x17b9B0x17e4S0x326
0x1173S0x1182S0x17b9B0x17e4S0x326	0x1177S0x1182S0x17b9B0x17e4S0x326
0x1177S0x1182S0x17b9B0x17e4S0x326	0x117aS0x1182S0x17b9B0x17e4S0x326
0x17dcS0x533	0x17dfS0x533
0x17dfS0x533	0x17e2S0x533
0x17cfS0x533	0x17d1S0x533
0x17d1S0x533	0x17d5S0x533
0x17d5S0x533	0x17d6S0x533
0x17d6S0x533	0x17d7S0x533
0x17d7S0x533	0x17d8S0x533
0x17d8S0x533	0x17dbS0x533
0x17e5S0x533	0x17e7S0x533
0x17e7S0x533	0x17edS0x533
0x17edS0x533	0x17eeS0x533
0x17eeS0x533	0x17f1S0x533
0x4841S0x533	0x4844S0x533
0x17baS0x17e4S0x533	0x17bdS0x17e4S0x533
0x17bdS0x17e4S0x533	0x17c0S0x17e4S0x533
0x17c0S0x17e4S0x533	0x17c4S0x17e4S0x533
0x17c4S0x17e4S0x533	0x17c7S0x17e4S0x533
0x1192S0x17b9B0x17e4S0x533	0x1195S0x17b9B0x17e4S0x533
0x118dS0x17b9B0x17e4S0x533	0x118eS0x17b9B0x17e4S0x533
0x118eS0x17b9B0x17e4S0x533	0x1191S0x17b9B0x17e4S0x533
0x1183S0x17b9B0x17e4S0x533	0x1187S0x17b9B0x17e4S0x533
0x1187S0x17b9B0x17e4S0x533	0x118aS0x17b9B0x17e4S0x533
0x1151S0x1182S0x17b9B0x17e4S0x533	0x1153S0x1182S0x17b9B0x17e4S0x533
0x1153S0x1182S0x17b9B0x17e4S0x533	0x1169S0x1182S0x17b9B0x17e4S0x533
0x1169S0x1182S0x17b9B0x17e4S0x533	0x116fS0x1182S0x17b9B0x17e4S0x533
0x1171S0x1182S0x17b9B0x17e4S0x533	0x1173S0x1182S0x17b9B0x17e4S0x533
0x1173S0x1182S0x17b9B0x17e4S0x533	0x1177S0x1182S0x17b9B0x17e4S0x533
0x1177S0x1182S0x17b9B0x17e4S0x533	0x117aS0x1182S0x17b9B0x17e4S0x533
0x18ceS0x557	0x18d0S0x557
0x18d0S0x557	0x18d3S0x557
0x18d3S0x557	0x18d6S0x557
0x18d6S0x557	0x18d9S0x557
0x18d9S0x557	0x18dcS0x557
0x18dcS0x557	0x18deS0x557
0x18deS0x557	0x18e1S0x557
0x18e3S0x557	0x18e6S0x557
0x18e6S0x557	0x18e9S0x557
0x18e9S0x557	0x18ebS0x557
0x18ebS0x557	0x18eeS0x557
0x18f0S0x557	0x18f3S0x557
0x18f3S0x557	0x18f6S0x557
0x18f6S0x557	0x18f8S0x557
0x18f8S0x557	0x18fbS0x557
0x135cS0x18cdS0x557	0x1360S0x18cdS0x557
0x1360S0x18cdS0x557	0x1363S0x18cdS0x557
0x1151S0x135bS0x18cdS0x557	0x1153S0x135bS0x18cdS0x557
0x1153S0x135bS0x18cdS0x557	0x1169S0x135bS0x18cdS0x557
0x1169S0x135bS0x18cdS0x557	0x116fS0x135bS0x18cdS0x557
0x1171S0x135bS0x18cdS0x557	0x1173S0x135bS0x18cdS0x557
0x1173S0x135bS0x18cdS0x557	0x1177S0x135bS0x18cdS0x557
0x1177S0x135bS0x18cdS0x557	0x117aS0x135bS0x18cdS0x557
0x135cS0x18e2S0x557	0x1360S0x18e2S0x557
0x1360S0x18e2S0x557	0x1363S0x18e2S0x557
0x1151S0x135bS0x18e2S0x557	0x1153S0x135bS0x18e2S0x557
0x1153S0x135bS0x18e2S0x557	0x1169S0x135bS0x18e2S0x557
0x1169S0x135bS0x18e2S0x557	0x116fS0x135bS0x18e2S0x557
0x1171S0x135bS0x18e2S0x557	0x1173S0x135bS0x18e2S0x557
0x1173S0x135bS0x18e2S0x557	0x1177S0x135bS0x18e2S0x557
0x1177S0x135bS0x18e2S0x557	0x117aS0x135bS0x18e2S0x557
0x18bfS0x18efS0x557	0x18c3S0x18efS0x557
0x18c3S0x18efS0x557	0x18c6S0x18efS0x557
0x11afS0x18beS0x18efS0x557	0x11b7S0x18beS0x18efS0x557
0x17dcS0xaca	0x17dfS0xaca
0x17dfS0xaca	0x17e2S0xaca
0x17cfS0xaca	0x17d1S0xaca
0x17d1S0xaca	0x17d5S0xaca
0x17d5S0xaca	0x17d6S0xaca
0x17d6S0xaca	0x17d7S0xaca
0x17d7S0xaca	0x17d8S0xaca
0x17d8S0xaca	0x17dbS0xaca
0x17e5S0xaca	0x17e7S0xaca
0x17e7S0xaca	0x17edS0xaca
0x17edS0xaca	0x17eeS0xaca
0x17eeS0xaca	0x17f1S0xaca
0x4841S0xaca	0x4844S0xaca
0x17baS0x17e4S0xaca	0x17bdS0x17e4S0xaca
0x17bdS0x17e4S0xaca	0x17c0S0x17e4S0xaca
0x17c0S0x17e4S0xaca	0x17c4S0x17e4S0xaca
0x17c4S0x17e4S0xaca	0x17c7S0x17e4S0xaca
0x1192S0x17b9B0x17e4S0xaca	0x1195S0x17b9B0x17e4S0xaca
0x118dS0x17b9B0x17e4S0xaca	0x118eS0x17b9B0x17e4S0xaca
0x118eS0x17b9B0x17e4S0xaca	0x1191S0x17b9B0x17e4S0xaca
0x1183S0x17b9B0x17e4S0xaca	0x1187S0x17b9B0x17e4S0xaca
0x1187S0x17b9B0x17e4S0xaca	0x118aS0x17b9B0x17e4S0xaca
0x1151S0x1182S0x17b9B0x17e4S0xaca	0x1153S0x1182S0x17b9B0x17e4S0xaca
0x1153S0x1182S0x17b9B0x17e4S0xaca	0x1169S0x1182S0x17b9B0x17e4S0xaca
0x1169S0x1182S0x17b9B0x17e4S0xaca	0x116fS0x1182S0x17b9B0x17e4S0xaca
0x1171S0x1182S0x17b9B0x17e4S0xaca	0x1173S0x1182S0x17b9B0x17e4S0xaca
0x1173S0x1182S0x17b9B0x17e4S0xaca	0x1177S0x1182S0x17b9B0x17e4S0xaca
0x1177S0x1182S0x17b9B0x17e4S0xaca	0x117aS0x1182S0x17b9B0x17e4S0xaca
0x1dfdS0xaee	0x1dffS0xaee
0x1dffS0xaee	0x1e02S0xaee
0x1e02S0xaee	0x1e05S0xaee
0x1e05S0xaee	0x1e08S0xaee
0x1e08S0xaee	0x1e0bS0xaee
0x1e0bS0xaee	0x1e0dS0xaee
0x1e0dS0xaee	0x1e10S0xaee
0x1e12S0xaee	0x1e15S0xaee
0x1e15S0xaee	0x1e18S0xaee
0x1e18S0xaee	0x1e1aS0xaee
0x1e1aS0xaee	0x1e1dS0xaee
0x1e21S0xaee	0x1e22S0xaee
0x1e22S0xaee	0x1e25S0xaee
0x1e25S0xaee	0x1e26S0xaee
0x1e27S0xaee	0x1e2dS0xaee
0x1e2dS0xaee	0x1e30S0xaee
0x1e36S0xaee	0x1e37S0xaee
0x1e37S0xaee	0x1e3aS0xaee
0x1e3aS0xaee	0x1e3bS0xaee
0x1e3cS0xaee	0x1e42S0xaee
0x1e42S0xaee	0x1e45S0xaee
0x1e4bS0xaee	0x1e4cS0xaee
0x1e4cS0xaee	0x1e4fS0xaee
0x1e4fS0xaee	0x1e50S0xaee
0x1e51S0xaee	0x1e55S0xaee
0x1e55S0xaee	0x1e58S0xaee
0x1da3S0x1e1eS0xaee	0x1da6S0x1e1eS0xaee
0x1da6S0x1e1eS0xaee	0x1da9S0x1e1eS0xaee
0x1d7bS0x1e1eS0xaee	0x1d9dS0x1e1eS0xaee
0x1d9dS0x1e1eS0xaee	0x1d9eS0x1e1eS0xaee
0x1d9eS0x1e1eS0xaee	0x1d9fS0x1e1eS0xaee
0x1d9fS0x1e1eS0xaee	0x1da2S0x1e1eS0xaee
0x1d4eS0x1e1eS0xaee	0x1d52S0x1e1eS0xaee
0x1d53S0x1e1eS0xaee	0x1d56S0x1e1eS0xaee
0x1d56S0x1e1eS0xaee	0x1d5dS0x1e1eS0xaee
0x1dacS0x1e1eS0xaee	0x1dafS0x1e1eS0xaee
0x1dafS0x1e1eS0xaee	0x1db2S0x1e1eS0xaee
0x1db2S0x1e1eS0xaee	0x1db8S0x1e1eS0xaee
0x1db8S0x1e1eS0xaee	0x1dbbS0x1e1eS0xaee
0x1d5fS0x1e1eS0xaee	0x1d62S0x1e1eS0xaee
0x1dbfS0x1e1eS0xaee	0x1dc7S0x1e1eS0xaee
0x1d6dS0x1e1eS0xaee	0x1d6fS0x1e1eS0xaee
0x1d6fS0x1e1eS0xaee	0x1d74S0x1e1eS0xaee
0x1d74S0x1e1eS0xaee	0x1d77S0x1e1eS0xaee
0x1da3S0x1e31S0xaee	0x1da6S0x1e31S0xaee
0x1da6S0x1e31S0xaee	0x1da9S0x1e31S0xaee
0x1d7bS0x1e31S0xaee	0x1d9dS0x1e31S0xaee
0x1d9dS0x1e31S0xaee	0x1d9eS0x1e31S0xaee
0x1d9eS0x1e31S0xaee	0x1d9fS0x1e31S0xaee
0x1d9fS0x1e31S0xaee	0x1da2S0x1e31S0xaee
0x1d4eS0x1e31S0xaee	0x1d52S0x1e31S0xaee
0x1d53S0x1e31S0xaee	0x1d56S0x1e31S0xaee
0x1d56S0x1e31S0xaee	0x1d5dS0x1e31S0xaee
0x1dacS0x1e31S0xaee	0x1dafS0x1e31S0xaee
0x1dafS0x1e31S0xaee	0x1db2S0x1e31S0xaee
0x1db2S0x1e31S0xaee	0x1db8S0x1e31S0xaee
0x1db8S0x1e31S0xaee	0x1dbbS0x1e31S0xaee
0x1d5fS0x1e31S0xaee	0x1d62S0x1e31S0xaee
0x1dbfS0x1e31S0xaee	0x1dc7S0x1e31S0xaee
0x1d6dS0x1e31S0xaee	0x1d6fS0x1e31S0xaee
0x1d6fS0x1e31S0xaee	0x1d74S0x1e31S0xaee
0x1d74S0x1e31S0xaee	0x1d77S0x1e31S0xaee
0x135cS0x1dfcS0xaee	0x1360S0x1dfcS0xaee
0x1360S0x1dfcS0xaee	0x1363S0x1dfcS0xaee
0x1151S0x135bS0x1dfcS0xaee	0x1153S0x135bS0x1dfcS0xaee
0x1153S0x135bS0x1dfcS0xaee	0x1169S0x135bS0x1dfcS0xaee
0x1169S0x135bS0x1dfcS0xaee	0x116fS0x135bS0x1dfcS0xaee
0x1171S0x135bS0x1dfcS0xaee	0x1173S0x135bS0x1dfcS0xaee
0x1173S0x135bS0x1dfcS0xaee	0x1177S0x135bS0x1dfcS0xaee
0x1177S0x135bS0x1dfcS0xaee	0x117aS0x135bS0x1dfcS0xaee
0x135cS0x1e11S0xaee	0x1360S0x1e11S0xaee
0x1360S0x1e11S0xaee	0x1363S0x1e11S0xaee
0x1151S0x135bS0x1e11S0xaee	0x1153S0x135bS0x1e11S0xaee
0x1153S0x135bS0x1e11S0xaee	0x1169S0x135bS0x1e11S0xaee
0x1169S0x135bS0x1e11S0xaee	0x116fS0x135bS0x1e11S0xaee
0x1171S0x135bS0x1e11S0xaee	0x1173S0x135bS0x1e11S0xaee
0x1173S0x135bS0x1e11S0xaee	0x1177S0x135bS0x1e11S0xaee
0x1177S0x135bS0x1e11S0xaee	0x117aS0x135bS0x1e11S0xaee
0x1de9S0x1e46S0xaee	0x1dedS0x1e46S0xaee
0x1dedS0x1e46S0xaee	0x1df0S0x1e46S0xaee
0x1dc9S0x1e46S0xaee	0x1dcdS0x1e46S0xaee
0x1dceS0x1e46S0xaee	0x1dd1S0x1e46S0xaee
0x1dd1S0x1e46S0xaee	0x1dd8S0x1e46S0xaee
0x1df2S0x1e46S0xaee	0x1df5S0x1e46S0xaee
0x1df5S0x1e46S0xaee	0x1dfbS0x1e46S0xaee
0x1ddaS0x1e46S0xaee	0x1ddcS0x1e46S0xaee
0x1ddcS0x1e46S0xaee	0x1ddfS0x1e46S0xaee
0x1ddfS0x1e46S0xaee	0x1de2S0x1e46S0xaee
0x1de2S0x1e46S0xaee	0x1de5S0x1e46S0xaee
0x17dcS0xdde	0x17dfS0xdde
0x17dfS0xdde	0x17e2S0xdde
0x17cfS0xdde	0x17d1S0xdde
0x17d1S0xdde	0x17d5S0xdde
0x17d5S0xdde	0x17d6S0xdde
0x17d6S0xdde	0x17d7S0xdde
0x17d7S0xdde	0x17d8S0xdde
0x17d8S0xdde	0x17dbS0xdde
0x17e5S0xdde	0x17e7S0xdde
0x17e7S0xdde	0x17edS0xdde
0x17edS0xdde	0x17eeS0xdde
0x17eeS0xdde	0x17f1S0xdde
0x4841S0xdde	0x4844S0xdde
0x17baS0x17e4S0xdde	0x17bdS0x17e4S0xdde
0x17bdS0x17e4S0xdde	0x17c0S0x17e4S0xdde
0x17c0S0x17e4S0xdde	0x17c4S0x17e4S0xdde
0x17c4S0x17e4S0xdde	0x17c7S0x17e4S0xdde
0x1192S0x17b9B0x17e4S0xdde	0x1195S0x17b9B0x17e4S0xdde
0x118dS0x17b9B0x17e4S0xdde	0x118eS0x17b9B0x17e4S0xdde
0x118eS0x17b9B0x17e4S0xdde	0x1191S0x17b9B0x17e4S0xdde
0x1183S0x17b9B0x17e4S0xdde	0x1187S0x17b9B0x17e4S0xdde
0x1187S0x17b9B0x17e4S0xdde	0x118aS0x17b9B0x17e4S0xdde
0x1151S0x1182S0x17b9B0x17e4S0xdde	0x1153S0x1182S0x17b9B0x17e4S0xdde
0x1153S0x1182S0x17b9B0x17e4S0xdde	0x1169S0x1182S0x17b9B0x17e4S0xdde
0x1169S0x1182S0x17b9B0x17e4S0xdde	0x116fS0x1182S0x17b9B0x17e4S0xdde
0x1171S0x1182S0x17b9B0x17e4S0xdde	0x1173S0x1182S0x17b9B0x17e4S0xdde
0x1173S0x1182S0x17b9B0x17e4S0xdde	0x1177S0x1182S0x17b9B0x17e4S0xdde
0x1177S0x1182S0x17b9B0x17e4S0xdde	0x117aS0x1182S0x17b9B0x17e4S0xdde
0x2003S0xe02	0x2005S0xe02
0x2005S0xe02	0x2008S0xe02
0x2008S0xe02	0x200bS0xe02
0x200bS0xe02	0x200eS0xe02
0x200eS0xe02	0x2011S0xe02
0x2011S0xe02	0x2013S0xe02
0x2013S0xe02	0x2016S0xe02
0x2018S0xe02	0x201bS0xe02
0x201bS0xe02	0x201eS0xe02
0x201eS0xe02	0x2020S0xe02
0x2020S0xe02	0x2023S0xe02
0x2025S0xe02	0x2028S0xe02
0x2028S0xe02	0x202bS0xe02
0x202bS0xe02	0x202dS0xe02
0x202dS0xe02	0x2030S0xe02
0x2032S0xe02	0x2035S0xe02
0x2035S0xe02	0x2038S0xe02
0x2038S0xe02	0x203aS0xe02
0x203aS0xe02	0x203dS0xe02
0x2041S0xe02	0x2042S0xe02
0x2042S0xe02	0x2045S0xe02
0x2045S0xe02	0x2046S0xe02
0x2047S0xe02	0x204bS0xe02
0x204bS0xe02	0x204eS0xe02
0x135cS0x2002S0xe02	0x1360S0x2002S0xe02
0x1360S0x2002S0xe02	0x1363S0x2002S0xe02
0x1151S0x135bS0x2002S0xe02	0x1153S0x135bS0x2002S0xe02
0x1153S0x135bS0x2002S0xe02	0x1169S0x135bS0x2002S0xe02
0x1169S0x135bS0x2002S0xe02	0x116fS0x135bS0x2002S0xe02
0x1171S0x135bS0x2002S0xe02	0x1173S0x135bS0x2002S0xe02
0x1173S0x135bS0x2002S0xe02	0x1177S0x135bS0x2002S0xe02
0x1177S0x135bS0x2002S0xe02	0x117aS0x135bS0x2002S0xe02
0x135cS0x2017S0xe02	0x1360S0x2017S0xe02
0x1360S0x2017S0xe02	0x1363S0x2017S0xe02
0x1151S0x135bS0x2017S0xe02	0x1153S0x135bS0x2017S0xe02
0x1153S0x135bS0x2017S0xe02	0x1169S0x135bS0x2017S0xe02
0x1169S0x135bS0x2017S0xe02	0x116fS0x135bS0x2017S0xe02
0x1171S0x135bS0x2017S0xe02	0x1173S0x135bS0x2017S0xe02
0x1173S0x135bS0x2017S0xe02	0x1177S0x135bS0x2017S0xe02
0x1177S0x135bS0x2017S0xe02	0x117aS0x135bS0x2017S0xe02
0x18bfS0x2024S0xe02	0x18c3S0x2024S0xe02
0x18c3S0x2024S0xe02	0x18c6S0x2024S0xe02
0x11afS0x18beS0x2024S0xe02	0x11b7S0x18beS0x2024S0xe02
0x18bfS0x2031S0xe02	0x18c3S0x2031S0xe02
0x18c3S0x2031S0xe02	0x18c6S0x2031S0xe02
0x11afS0x18beS0x2031S0xe02	0x11b7S0x18beS0x2031S0xe02
0x1de9S0x203eS0xe02	0x1dedS0x203eS0xe02
0x1dedS0x203eS0xe02	0x1df0S0x203eS0xe02
0x1dc9S0x203eS0xe02	0x1dcdS0x203eS0xe02
0x1dceS0x203eS0xe02	0x1dd1S0x203eS0xe02
0x1dd1S0x203eS0xe02	0x1dd8S0x203eS0xe02
0x1df2S0x203eS0xe02	0x1df5S0x203eS0xe02
0x1df5S0x203eS0xe02	0x1dfbS0x203eS0xe02
0x1ddaS0x203eS0xe02	0x1ddcS0x203eS0xe02
0x1ddcS0x203eS0xe02	0x1ddfS0x203eS0xe02
0x1ddfS0x203eS0xe02	0x1de2S0x203eS0xe02
0x1de2S0x203eS0xe02	0x1de5S0x203eS0xe02
0x10fbS0xc5	0x10feS0xc5
0x10feS0xc5	0x1101S0xc5
0x10eeS0xc5	0x10f0S0xc5
0x10f0S0xc5	0x10f4S0xc5
0x10f4S0xc5	0x10f5S0xc5
0x10f5S0xc5	0x10f6S0xc5
0x10f6S0xc5	0x10f7S0xc5
0x10f7S0xc5	0x10faS0xc5
0x1104S0xc5	0x1106S0xc5
0x1106S0xc5	0x110cS0xc5
0x110cS0xc5	0x110dS0xc5
0x110dS0xc5	0x1110S0xc5
0x439dS0xc5	0x43a0S0xc5
0x10d9S0x1103S0xc5	0x10dcS0x1103S0xc5
0x10dcS0x1103S0xc5	0x10dfS0x1103S0xc5
0x10dfS0x1103S0xc5	0x10e3S0x1103S0xc5
0x10e3S0x1103S0xc5	0x10e6S0x1103S0xc5
0x10d1S0x10d8S0x1103S0xc5	0x10d4S0x10d8S0x1103S0xc5
0x10ccS0x10d8S0x1103S0xc5	0x10cdS0x10d8S0x1103S0xc5
0x10cdS0x10d8S0x1103S0xc5	0x10d0S0x10d8S0x1103S0xc5
0x10c2S0x10d8S0x1103S0xc5	0x10c6S0x10d8S0x1103S0xc5
0x10c6S0x10d8S0x1103S0xc5	0x10c9S0x10d8S0x1103S0xc5
0x1096S0x10c1S0x10d8S0x1103S0xc5	0x1098S0x10c1S0x10d8S0x1103S0xc5
0x1098S0x10c1S0x10d8S0x1103S0xc5	0x10baS0x10c1S0x10d8S0x1103S0xc5
0x10baS0x10c1S0x10d8S0x1103S0xc5	0x10c0S0x10c1S0x10d8S0x1103S0xc5
0x711S0x1a9	0x713S0x1a9
0x713S0x1a9	0x714S0x1a9
0x714S0x1a9	0x736S0x1a9
0x737S0x1a9	0x739S0x1a9
0x739S0x1a9	0x73aS0x1a9
0x73aS0x1a9	0x73eS0x1a9
0x73eS0x1a9	0x741S0x1a9
0x75aS0x1a9	0x75cS0x1a9
0x75cS0x1a9	0x771S0x1a9
0x771S0x1a9	0x777S0x1a9
0x777S0x1a9	0x778S0x1a9
0x778S0x1a9	0x77bS0x1a9
0x77cS0x1a9	0x77fS0x1a9
0x77fS0x1a9	0x782S0x1a9
0x7b5S0x1a9	0x7b7S0x1a9
0x7b7S0x1a9	0x7b8S0x1a9
0x7b8S0x1a9	0x7daS0x1a9
0x7dbS0x1a9	0x7ddS0x1a9
0x7ddS0x1a9	0x7deS0x1a9
0x7deS0x1a9	0x7e2S0x1a9
0x7e2S0x1a9	0x7e5S0x1a9
0x7fcS0x1a9	0x7ffS0x1a9
0x7ffS0x1a9	0x802S0x1a9
0x83aS0x1a9	0x83dS0x1a9
0x83dS0x1a9	0x840S0x1a9
0x87eS0x1a9	0x880S0x1a9
0x880S0x1a9	0x883S0x1a9
0x883S0x1a9	0x885S0x1a9
0x885S0x1a9	0x886S0x1a9
0x886S0x1a9	0x888S0x1a9
0x888S0x1a9	0x889S0x1a9
0x889S0x1a9	0x88aS0x1a9
0x88aS0x1a9	0x88cS0x1a9
0x88cS0x1a9	0x88dS0x1a9
0x88dS0x1a9	0x88fS0x1a9
0x890S0x1a9	0x892S0x1a9
0x893S0x1a9	0x894S0x1a9
0x894S0x1a9	0x896S0x1a9
0x896S0x1a9	0x899S0x1a9
0x899S0x1a9	0x89aS0x1a9
0x89bS0x1a9	0x89eS0x1a9
0x8cfS0x1a9	0x8d1S0x1a9
0x8d1S0x1a9	0x8d2S0x1a9
0x8d2S0x1a9	0x8f4S0x1a9
0x8f5S0x1a9	0x8f7S0x1a9
0x8f7S0x1a9	0x8f8S0x1a9
0x8f8S0x1a9	0x8fdS0x1a9
0x8fdS0x1a9	0x900S0x1a9
0x70cS0x1a9	0x70dS0x1a9
0x70dS0x1a9	0x710S0x1a9
0x74cS0x1a9	0x754S0x1a9
0x743S0x1a9	0x745S0x1a9
0x745S0x1a9	0x748S0x1a9
0x748S0x1a9	0x74aS0x1a9
0x787S0x1a9	0x789S0x1a9
0x789S0x1a9	0x78aS0x1a9
0x78aS0x1a9	0x78bS0x1a9
0x78bS0x1a9	0x78eS0x1a9
0x78eS0x1a9	0x790S0x1a9
0x790S0x1a9	0x795S0x1a9
0x795S0x1a9	0x798S0x1a9
0x4217S0x1a9	0x4238S0x1a9
0x4238S0x1a9	0x423aS0x1a9
0x423bS0x1a9	0x423dS0x1a9
0x423dS0x1a9	0x423fS0x1a9
0x4240S0x1a9	0x4242S0x1a9
0x4242S0x1a9	0x4244S0x1a9
0x79aS0x1a9	0x7afS0x1a9
0x7afS0x1a9	0x7b0S0x1a9
0x7b0S0x1a9	0x7b1S0x1a9
0x7b1S0x1a9	0x7b4S0x1a9
0x7f0S0x1a9	0x7f7S0x1a9
0x7f7S0x1a9	0x7f8S0x1a9
0x7f8S0x1a9	0x7fbS0x1a9
0x7e7S0x1a9	0x7e9S0x1a9
0x7e9S0x1a9	0x7ecS0x1a9
0x7ecS0x1a9	0x7eeS0x1a9
0x807S0x1a9	0x809S0x1a9
0x809S0x1a9	0x80aS0x1a9
0x80aS0x1a9	0x80bS0x1a9
0x80bS0x1a9	0x80eS0x1a9
0x80eS0x1a9	0x810S0x1a9
0x810S0x1a9	0x815S0x1a9
0x815S0x1a9	0x818S0x1a9
0x4265S0x1a9	0x4286S0x1a9
0x4286S0x1a9	0x4288S0x1a9
0x4289S0x1a9	0x428bS0x1a9
0x428bS0x1a9	0x428dS0x1a9
0x428eS0x1a9	0x4290S0x1a9
0x4290S0x1a9	0x4292S0x1a9
0x81aS0x1a9	0x82fS0x1a9
0x82fS0x1a9	0x835S0x1a9
0x835S0x1a9	0x836S0x1a9
0x836S0x1a9	0x839S0x1a9
0x845S0x1a9	0x847S0x1a9
0x847S0x1a9	0x849S0x1a9
0x849S0x1a9	0x84bS0x1a9
0x84bS0x1a9	0x850S0x1a9
0x850S0x1a9	0x853S0x1a9
0x42b3S0x1a9	0x42d4S0x1a9
0x42d4S0x1a9	0x42d6S0x1a9
0x42d7S0x1a9	0x42d9S0x1a9
0x42d9S0x1a9	0x42dbS0x1a9
0x42dcS0x1a9	0x42deS0x1a9
0x42deS0x1a9	0x42e0S0x1a9
0x855S0x1a9	0x857S0x1a9
0x857S0x1a9	0x858S0x1a9
0x858S0x1a9	0x85eS0x1a9
0x85eS0x1a9	0x861S0x1a9
0x863S0x1a9	0x865S0x1a9
0x865S0x1a9	0x867S0x1a9
0x867S0x1a9	0x86aS0x1a9
0x86aS0x1a9	0x86cS0x1a9
0x86cS0x1a9	0x86fS0x1a9
0x86fS0x1a9	0x870S0x1a9
0x870S0x1a9	0x874S0x1a9
0x874S0x1a9	0x876S0x1a9
0x876S0x1a9	0x879S0x1a9
0x879S0x1a9	0x87aS0x1a9
0x87aS0x1a9	0x87dS0x1a9
0x8a0S0x1a9	0x8abS0x1a9
0x8abS0x1a9	0x8adS0x1a9
0x8adS0x1a9	0x8aeS0x1a9
0x8aeS0x1a9	0x8b0S0x1a9
0x8b0S0x1a9	0x8b1S0x1a9
0x8b1S0x1a9	0x8b6S0x1a9
0x8b6S0x1a9	0x8b9S0x1a9
0x8bbS0x1a9	0x8bdS0x1a9
0x8bdS0x1a9	0x8beS0x1a9
0x8beS0x1a9	0x8c2S0x1a9
0x8c2S0x1a9	0x8c3S0x1a9
0x8c3S0x1a9	0x8c5S0x1a9
0x8c7S0x1a9	0x8c9S0x1a9
0x8cbS0x1a9	0x8ceS0x1a9
0x1bafS0x1a9	0x1bb1S0x1a9
0x1bb1S0x1a9	0x1bb5S0x1a9
0x1bb5S0x1a9	0x1bb8S0x1a9
0x90fS0x1a9	0x911S0x1a9
0x911S0x1a9	0x915S0x1a9
0x915S0x1a9	0x918S0x1a9
0x902S0x1a9	0x904S0x1a9
0x904S0x1a9	0x907S0x1a9
0x907S0x1a9	0x909S0x1a9
0x754S0x1a9	0x755S0x1a9
0x755S0x1a9	0x756S0x1a9
0x756S0x1a9	0x759S0x1a9
0x1b7aS0x1a9	0x1b7eS0x1a9
0x1b7eS0x1a9	0x1b81S0x1a9
0x1b37S0x1a9	0x1b40S0x1a9
0x1b83S0x1a9	0x1b86S0x1a9
0x1b86S0x1a9	0x1b8cS0x1a9
0x1b42S0x1a9	0x1b63S0x1a9
0x1b63S0x1a9	0x1b66S0x1a9
0x1b66S0x1a9	0x1b67S0x1a9
0x1ba4S0x1a9	0x1ba7S0x1a9
0x1b8eS0x1a9	0x1b96S0x1a9
0x1bbcS0x1a9	0x1bc1S0x1a9
0x1bc1S0x1a9	0x1bc4S0x1a9
0x1b6bS0x1a9	0x1b6dS0x1a9
0x1b6dS0x1a9	0x1b70S0x1a9
0x1b70S0x1a9	0x1b73S0x1a9
0x1b73S0x1a9	0x1b76S0x1a9
0x1bc6S0x1a9	0x1bc9S0x1a9
0x1bc9S0x1a9	0x1bd3S0x1a9
0x1b98S0x1a9	0x1b9bS0x1a9
0x1b9bS0x1a9	0x1b9fS0x1a9
0x1b9fS0x1a9	0x1ba2S0x1a9
0x1ae8S0x842S0x1a9	0x1aebS0x842S0x1a9
0x1aebS0x842S0x1a9	0x1aeeS0x842S0x1a9
0x1b0aS0x842S0x1a9	0x1b0dS0x842S0x1a9
0x1b0dS0x842S0x1a9	0x1b10S0x842S0x1a9
0x1b26S0x842S0x1a9	0x1b29S0x842S0x1a9
0x1b29S0x842S0x1a9	0x1b2cS0x842S0x1a9
0x1ad4S0x842S0x1a9	0x1ad8S0x842S0x1a9
0x1ad8S0x842S0x1a9	0x1ad9S0x842S0x1a9
0x1ad9S0x842S0x1a9	0x1adbS0x842S0x1a9
0x1adbS0x842S0x1a9	0x1addS0x842S0x1a9
0x1addS0x842S0x1a9	0x1adfS0x842S0x1a9
0x1adfS0x842S0x1a9	0x1ae0S0x842S0x1a9
0x1ae0S0x842S0x1a9	0x1ae1S0x842S0x1a9
0x1ae1S0x842S0x1a9	0x1ae3S0x842S0x1a9
0x1ae3S0x842S0x1a9	0x1ae4S0x842S0x1a9
0x1ae4S0x842S0x1a9	0x1ae7S0x842S0x1a9
0x1af3S0x842S0x1a9	0x1af7S0x842S0x1a9
0x1af7S0x842S0x1a9	0x1afaS0x842S0x1a9
0x1afaS0x842S0x1a9	0x1b04S0x842S0x1a9
0x1b04S0x842S0x1a9	0x1b05S0x842S0x1a9
0x1b05S0x842S0x1a9	0x1b06S0x842S0x1a9
0x1b06S0x842S0x1a9	0x1b09S0x842S0x1a9
0x1ac5S0x842S0x1a9	0x1ac8S0x842S0x1a9
0x1b13S0x842S0x1a9	0x1b16S0x842S0x1a9
0x1b16S0x842S0x1a9	0x1b19S0x842S0x1a9
0x1b19S0x842S0x1a9	0x1b1cS0x842S0x1a9
0x1b1cS0x842S0x1a9	0x1b1dS0x842S0x1a9
0x1b1dS0x842S0x1a9	0x1b1eS0x842S0x1a9
0x1b1eS0x842S0x1a9	0x1b20S0x842S0x1a9
0x1b20S0x842S0x1a9	0x1b21S0x842S0x1a9
0x1b21S0x842S0x1a9	0x1b22S0x842S0x1a9
0x1b22S0x842S0x1a9	0x1b25S0x842S0x1a9
0x1acaS0x842S0x1a9	0x1acdS0x842S0x1a9
0x1acfS0x842S0x1a9	0x1ad2S0x842S0x1a9
0x11afS0x1b97S0x1a9	0x11b7S0x1b97S0x1a9
0x1a76S0x711S0x1a9	0x1a78S0x711S0x1a9
0x1a78S0x711S0x1a9	0x1a7bS0x711S0x1a9
0x1a7bS0x711S0x1a9	0x1a80S0x711S0x1a9
0x1a80S0x711S0x1a9	0x1a81S0x711S0x1a9
0x1a81S0x711S0x1a9	0x1a84S0x711S0x1a9
0x1a84S0x711S0x1a9	0x1a85S0x711S0x1a9
0x1a86S0x711S0x1a9	0x1a8aS0x711S0x1a9
0x1a8aS0x711S0x1a9	0x1a8dS0x711S0x1a9
0x1a62S0x711S0x1a9	0x1a66S0x711S0x1a9
0x1a66S0x711S0x1a9	0x1a69S0x711S0x1a9
0x1a6bS0x711S0x1a9	0x1a6eS0x711S0x1a9
0x1a6eS0x711S0x1a9	0x1a74S0x711S0x1a9
0x1a2aS0x711S0x1a9	0x1a4bS0x711S0x1a9
0x1a4bS0x711S0x1a9	0x1a4eS0x711S0x1a9
0x1a4eS0x711S0x1a9	0x1a4fS0x711S0x1a9
0x1a53S0x711S0x1a9	0x1a55S0x711S0x1a9
0x1a55S0x711S0x1a9	0x1a58S0x711S0x1a9
0x1a58S0x711S0x1a9	0x1a5bS0x711S0x1a9
0x1a5bS0x711S0x1a9	0x1a5eS0x711S0x1a9
0x1842S0x1a52S0x711S0x1a9	0x1846S0x1a52S0x711S0x1a9
0x1847S0x1a52S0x711S0x1a9	0x184aS0x1a52S0x711S0x1a9
0x184aS0x1a52S0x711S0x1a9	0x1851S0x1a52S0x711S0x1a9
0x1951S0x7b5S0x1a9	0x1953S0x7b5S0x1a9
0x1953S0x7b5S0x1a9	0x1956S0x7b5S0x1a9
0x1956S0x7b5S0x1a9	0x195bS0x7b5S0x1a9
0x195bS0x7b5S0x1a9	0x195cS0x7b5S0x1a9
0x195cS0x7b5S0x1a9	0x195fS0x7b5S0x1a9
0x195fS0x7b5S0x1a9	0x1960S0x7b5S0x1a9
0x1961S0x7b5S0x1a9	0x1965S0x7b5S0x1a9
0x1965S0x7b5S0x1a9	0x1968S0x7b5S0x1a9
0x193dS0x7b5S0x1a9	0x1941S0x7b5S0x1a9
0x1941S0x7b5S0x1a9	0x1944S0x7b5S0x1a9
0x1946S0x7b5S0x1a9	0x1949S0x7b5S0x1a9
0x1949S0x7b5S0x1a9	0x194fS0x7b5S0x1a9
0x1905S0x7b5S0x1a9	0x1926S0x7b5S0x1a9
0x1926S0x7b5S0x1a9	0x1929S0x7b5S0x1a9
0x1929S0x7b5S0x1a9	0x192aS0x7b5S0x1a9
0x192eS0x7b5S0x1a9	0x1930S0x7b5S0x1a9
0x1930S0x7b5S0x1a9	0x1933S0x7b5S0x1a9
0x1933S0x7b5S0x1a9	0x1936S0x7b5S0x1a9
0x1936S0x7b5S0x1a9	0x1939S0x7b5S0x1a9
0x1842S0x192dS0x7b5S0x1a9	0x1846S0x192dS0x7b5S0x1a9
0x1847S0x192dS0x7b5S0x1a9	0x184aS0x192dS0x7b5S0x1a9
0x184aS0x192dS0x7b5S0x1a9	0x1851S0x192dS0x7b5S0x1a9
0x1c54S0x8cfS0x1a9	0x1c56S0x8cfS0x1a9
0x1c56S0x8cfS0x1a9	0x1c59S0x8cfS0x1a9
0x1c59S0x8cfS0x1a9	0x1c5eS0x8cfS0x1a9
0x1c5eS0x8cfS0x1a9	0x1c5fS0x8cfS0x1a9
0x1c5fS0x8cfS0x1a9	0x1c62S0x8cfS0x1a9
0x1c62S0x8cfS0x1a9	0x1c63S0x8cfS0x1a9
0x1c64S0x8cfS0x1a9	0x1c69S0x8cfS0x1a9
0x1c69S0x8cfS0x1a9	0x1c6cS0x8cfS0x1a9
0x1bfeS0x8cfS0x1a9	0x1c02S0x8cfS0x1a9
0x1c02S0x8cfS0x1a9	0x1c03S0x8cfS0x1a9
0x1be5S0x8cfS0x1a9	0x1be6S0x8cfS0x1a9
0x1be6S0x8cfS0x1a9	0x1be7S0x8cfS0x1a9
0x1be7S0x8cfS0x1a9	0x1beaS0x8cfS0x1a9
0x1c26S0x8cfS0x1a9	0x1c2bS0x8cfS0x1a9
0x1c2bS0x8cfS0x1a9	0x1c2eS0x8cfS0x1a9
0x1bd5S0x8cfS0x1a9	0x1bd8S0x8cfS0x1a9
0x1bd8S0x8cfS0x1a9	0x1bdeS0x8cfS0x1a9
0x1c32S0x8cfS0x1a9	0x1c37S0x8cfS0x1a9
0x1c37S0x8cfS0x1a9	0x1c3aS0x8cfS0x1a9
0x1c3aS0x8cfS0x1a9	0x1c3bS0x8cfS0x1a9
0x1c3bS0x8cfS0x1a9	0x1c3eS0x8cfS0x1a9
0x1c40S0x8cfS0x1a9	0x1c44S0x8cfS0x1a9
0x1c44S0x8cfS0x1a9	0x1c47S0x8cfS0x1a9
0x1be0S0x8cfS0x1a9	0x1be5S0x8cfS0x1a9
0x1c4aS0x8cfS0x1a9	0x1c52S0x8cfS0x1a9
0x1c0aS0x8cfS0x1a9	0x1c0cS0x8cfS0x1a9
0x1c0cS0x8cfS0x1a9	0x1c0eS0x8cfS0x1a9
0x1c0eS0x8cfS0x1a9	0x1c0fS0x8cfS0x1a9
0x1c0fS0x8cfS0x1a9	0x1c12S0x8cfS0x1a9
0x1c12S0x8cfS0x1a9	0x1c13S0x8cfS0x1a9
0x1c13S0x8cfS0x1a9	0x1c19S0x8cfS0x1a9
0x1c1bS0x8cfS0x1a9	0x1c1dS0x8cfS0x1a9
0x1c1dS0x8cfS0x1a9	0x1c21S0x8cfS0x1a9
0x1c21S0x8cfS0x1a9	0x1c24S0x8cfS0x1a9
0x1bedS0x8cfS0x1a9	0x1beeS0x8cfS0x1a9
0x1beeS0x8cfS0x1a9	0x1bf1S0x8cfS0x1a9
0x1bf1S0x8cfS0x1a9	0x1bf2S0x8cfS0x1a9
0x1bf3S0x8cfS0x1a9	0x1bf6S0x8cfS0x1a9
0x1bf6S0x8cfS0x1a9	0x1bf9S0x8cfS0x1a9
0x1bf9S0x8cfS0x1a9	0x1bfcS0x8cfS0x1a9
0x1842S0x1c25S0x8cfS0x1a9	0x1846S0x1c25S0x8cfS0x1a9
0x1847S0x1c25S0x8cfS0x1a9	0x184aS0x1c25S0x8cfS0x1a9
0x184aS0x1c25S0x8cfS0x1a9	0x1851S0x1c25S0x8cfS0x1a9
0x19a5S0x854S0x1a9	0x19a7S0x854S0x1a9
0x19a7S0x854S0x1a9	0x19adS0x854S0x1a9
0x19adS0x854S0x1a9	0x19b0S0x854S0x1a9
0x198eS0x854S0x1a9	0x1994S0x854S0x1a9
0x1994S0x854S0x1a9	0x1997S0x854S0x1a9
0x199bS0x854S0x1a9	0x19a3S0x854S0x1a9
0x1975S0x854S0x1a9	0x1979S0x854S0x1a9
0x1979S0x854S0x1a9	0x197aS0x854S0x1a9
0x1980S0x854S0x1a9	0x1982S0x854S0x1a9
0x1982S0x854S0x1a9	0x1987S0x854S0x1a9
0x1987S0x854S0x1a9	0x198aS0x854S0x1a9
0x17fcS0x197fS0x854S0x1a9	0x1805S0x197fS0x854S0x1a9
0x14c0S0x784S0x1a9	0x14c3S0x784S0x1a9
0x14c3S0x784S0x1a9	0x14c6S0x784S0x1a9
0x14b3S0x784S0x1a9	0x14b5S0x784S0x1a9
0x14b5S0x784S0x1a9	0x14b9S0x784S0x1a9
0x14b9S0x784S0x1a9	0x14baS0x784S0x1a9
0x14baS0x784S0x1a9	0x14bbS0x784S0x1a9
0x14bbS0x784S0x1a9	0x14bcS0x784S0x1a9
0x14bcS0x784S0x1a9	0x14bfS0x784S0x1a9
0x14c9S0x784S0x1a9	0x14cbS0x784S0x1a9
0x14cbS0x784S0x1a9	0x14d1S0x784S0x1a9
0x14d1S0x784S0x1a9	0x14d2S0x784S0x1a9
0x14d2S0x784S0x1a9	0x14d5S0x784S0x1a9
0x4601S0x784S0x1a9	0x4604S0x784S0x1a9
0x119aS0x14c8S0x784S0x1a9	0x119dS0x14c8S0x784S0x1a9
0x119dS0x14c8S0x784S0x1a9	0x11a0S0x14c8S0x784S0x1a9
0x11a0S0x14c8S0x784S0x1a9	0x11a4S0x14c8S0x784S0x1a9
0x11a4S0x14c8S0x784S0x1a9	0x11a7S0x14c8S0x784S0x1a9
0x1192S0x1199B0x14c8S0x784S0x1a9	0x1195S0x1199B0x14c8S0x784S0x1a9
0x118dS0x1199B0x14c8S0x784S0x1a9	0x118eS0x1199B0x14c8S0x784S0x1a9
0x118eS0x1199B0x14c8S0x784S0x1a9	0x1191S0x1199B0x14c8S0x784S0x1a9
0x1183S0x1199B0x14c8S0x784S0x1a9	0x1187S0x1199B0x14c8S0x784S0x1a9
0x1187S0x1199B0x14c8S0x784S0x1a9	0x118aS0x1199B0x14c8S0x784S0x1a9
0x1151S0x1182S0x1199B0x14c8S0x784S0x1a9	0x1153S0x1182S0x1199B0x14c8S0x784S0x1a9
0x1153S0x1182S0x1199B0x14c8S0x784S0x1a9	0x1169S0x1182S0x1199B0x14c8S0x784S0x1a9
0x1169S0x1182S0x1199B0x14c8S0x784S0x1a9	0x116fS0x1182S0x1199B0x14c8S0x784S0x1a9
0x1171S0x1182S0x1199B0x14c8S0x784S0x1a9	0x1173S0x1182S0x1199B0x14c8S0x784S0x1a9
0x1173S0x1182S0x1199B0x14c8S0x784S0x1a9	0x1177S0x1182S0x1199B0x14c8S0x784S0x1a9
0x1177S0x1182S0x1199B0x14c8S0x784S0x1a9	0x117aS0x1182S0x1199B0x14c8S0x784S0x1a9
0x14c0S0x804S0x1a9	0x14c3S0x804S0x1a9
0x14c3S0x804S0x1a9	0x14c6S0x804S0x1a9
0x14b3S0x804S0x1a9	0x14b5S0x804S0x1a9
0x14b5S0x804S0x1a9	0x14b9S0x804S0x1a9
0x14b9S0x804S0x1a9	0x14baS0x804S0x1a9
0x14baS0x804S0x1a9	0x14bbS0x804S0x1a9
0x14bbS0x804S0x1a9	0x14bcS0x804S0x1a9
0x14bcS0x804S0x1a9	0x14bfS0x804S0x1a9
0x14c9S0x804S0x1a9	0x14cbS0x804S0x1a9
0x14cbS0x804S0x1a9	0x14d1S0x804S0x1a9
0x14d1S0x804S0x1a9	0x14d2S0x804S0x1a9
0x14d2S0x804S0x1a9	0x14d5S0x804S0x1a9
0x4601S0x804S0x1a9	0x4604S0x804S0x1a9
0x119aS0x14c8S0x804S0x1a9	0x119dS0x14c8S0x804S0x1a9
0x119dS0x14c8S0x804S0x1a9	0x11a0S0x14c8S0x804S0x1a9
0x11a0S0x14c8S0x804S0x1a9	0x11a4S0x14c8S0x804S0x1a9
0x11a4S0x14c8S0x804S0x1a9	0x11a7S0x14c8S0x804S0x1a9
0x1192S0x1199B0x14c8S0x804S0x1a9	0x1195S0x1199B0x14c8S0x804S0x1a9
0x118dS0x1199B0x14c8S0x804S0x1a9	0x118eS0x1199B0x14c8S0x804S0x1a9
0x118eS0x1199B0x14c8S0x804S0x1a9	0x1191S0x1199B0x14c8S0x804S0x1a9
0x1183S0x1199B0x14c8S0x804S0x1a9	0x1187S0x1199B0x14c8S0x804S0x1a9
0x1187S0x1199B0x14c8S0x804S0x1a9	0x118aS0x1199B0x14c8S0x804S0x1a9
0x1151S0x1182S0x1199B0x14c8S0x804S0x1a9	0x1153S0x1182S0x1199B0x14c8S0x804S0x1a9
0x1153S0x1182S0x1199B0x14c8S0x804S0x1a9	0x1169S0x1182S0x1199B0x14c8S0x804S0x1a9
0x1169S0x1182S0x1199B0x14c8S0x804S0x1a9	0x116fS0x1182S0x1199B0x14c8S0x804S0x1a9
0x1171S0x1182S0x1199B0x14c8S0x804S0x1a9	0x1173S0x1182S0x1199B0x14c8S0x804S0x1a9
0x1173S0x1182S0x1199B0x14c8S0x804S0x1a9	0x1177S0x1182S0x1199B0x14c8S0x804S0x1a9
0x1177S0x1182S0x1199B0x14c8S0x804S0x1a9	0x117aS0x1182S0x1199B0x14c8S0x804S0x1a9
0x165dS0x24d	0x1660S0x24d
0x1660S0x24d	0x1663S0x24d
0x1650S0x24d	0x1652S0x24d
0x1652S0x24d	0x1656S0x24d
0x1656S0x24d	0x1657S0x24d
0x1657S0x24d	0x1658S0x24d
0x1658S0x24d	0x1659S0x24d
0x1659S0x24d	0x165cS0x24d
0x1666S0x24d	0x1668S0x24d
0x1668S0x24d	0x166eS0x24d
0x166eS0x24d	0x166fS0x24d
0x166fS0x24d	0x1672S0x24d
0x4721S0x24d	0x4724S0x24d
0x163bS0x1665S0x24d	0x163eS0x1665S0x24d
0x163eS0x1665S0x24d	0x1641S0x1665S0x24d
0x1641S0x1665S0x24d	0x1645S0x1665S0x24d
0x1645S0x1665S0x24d	0x1648S0x1665S0x24d
0x1633S0x163aS0x1665S0x24d	0x1636S0x163aS0x1665S0x24d
0x162eS0x163aS0x1665S0x24d	0x162fS0x163aS0x1665S0x24d
0x162fS0x163aS0x1665S0x24d	0x1632S0x163aS0x1665S0x24d
0x1624S0x163aS0x1665S0x24d	0x1628S0x163aS0x1665S0x24d
0x1628S0x163aS0x1665S0x24d	0x162bS0x163aS0x1665S0x24d
0x1612S0x1623S0x163aS0x1665S0x24d	0x1614S0x1623S0x163aS0x1665S0x24d
0x1614S0x1623S0x163aS0x1665S0x24d	0x1618S0x1623S0x163aS0x1665S0x24d
0x1618S0x1623S0x163aS0x1665S0x24d	0x161bS0x1623S0x163aS0x1665S0x24d
0x1151S0x1611S0x1623S0x163aS0x1665S0x24d	0x1153S0x1611S0x1623S0x163aS0x1665S0x24d
0x1153S0x1611S0x1623S0x163aS0x1665S0x24d	0x1169S0x1611S0x1623S0x163aS0x1665S0x24d
0x1169S0x1611S0x1623S0x163aS0x1665S0x24d	0x116fS0x1611S0x1623S0x163aS0x1665S0x24d
0x1171S0x1611S0x1623S0x163aS0x1665S0x24d	0x1173S0x1611S0x1623S0x163aS0x1665S0x24d
0x1173S0x1611S0x1623S0x163aS0x1665S0x24d	0x1177S0x1611S0x1623S0x163aS0x1665S0x24d
0x1177S0x1611S0x1623S0x163aS0x1665S0x24d	0x117aS0x1611S0x1623S0x163aS0x1665S0x24d
0x262	0x1650S0x24d
0xda	0x10eeS0xc5
0x117	0x124aS0x102
0x154	0x12fcS0x13f
0x17d	0x136bS0x171
0x237	0x136bS0x22b
0x1d1	0x14b3S0x1bc
0x1fa	0x1536S0x1e5
0x28b	0x167dS0x276
0x349	0x17cfS0x326
0x556	0x17cfS0x533
0xaed	0x17cfS0xaca
0xe01	0x17cfS0xdde
0x575	0x18ceS0x557
0xb12	0x1dfdS0xaee
0xe22	0x2003S0xe02
0x1a8	0x1432S0x193
0x2c8	0x176dS0x2b3
0xdf	0x3f8S0xdb
0xac	0xae
0xb6	0xb8
0x159	0x5bcS0x155
0x1ad	0x70cS0x1a9
0x267	0xb85S0x263
0x2cd	0xe6aS0x2c9
0x63	0x66
0x9f	0xa1
0x11c	0x11e
0x170	0x172
0x1d6	0x1d8
0x1ff	0x201
0x22a	0x22c
0x290	0x292
0x3a9	0x3ab
0xc	0xd
0x1d	0x1f
0xa5	0x9173
0xc0	0xc1
0xfd	0xfe
0x13a	0x13b
0x163	0x164
0x18e	0x18f
0x1b7	0x1b8
0x1e0	0x1e1
0x21d	0x21e
0x248	0x249
0x271	0x272
0x2ae	0x2af
0x2d9	0x2da
0x31c	0x31d
0x388	0x389
0x3b8	0x3b9
0x529	0x52a
0x58b	0x58c
0x59a	0x59b
0x973	0x974
0x9e2	0x9e3
0xac0	0xac1
0xb28	0xb29
0xb37	0xb38
0xdd4	0xdd5
0xe38	0xe39
0xe47	0xe48
0x915e	0x2a
0x9160	0x35
0x9162	0x40
0x9164	0x4b
0x9166	0x56
0x9168	0x60
0x916a	0x71
0x916c	0x7c
0x916e	0x87
0x9170	0x92
0x9172	0x9c
0xb8	0x9177
0xc4	0xc7
0x101	0x104
0x13e	0x141
0x167	0x16a
0x192	0x195
0x1bb	0x1be
0x1e4	0x1e7
0x221	0x224
0x24c	0x24f
0x275	0x278
0x2b2	0x2b5
0x325	0x32b
0x3f2	0x3f6
0x532	0x538
0x58f	0x592
0x5a3	0x5a9
0x9ad	0x9af
0xa1c	0xa1f
0xac9	0xacf
0xb2c	0xb2f
0xb40	0xb46
0xddd	0xde3
0xe3c	0xe3f
0xe50	0xe56
0x306	0x307
0x33c	0x33f
0x39a	0x39b
0x39d	0x39e
0x3de	0x3df
0x513	0x514
0x549	0x54c
0x567	0x568
0x999	0x99a
0xa08	0xa09
0xaaa	0xaab
0xae0	0xae3
0xb01	0xb02
0xdbe	0xdbf
0xdf4	0xdf7
0xe13	0xe14
0xa5c	0xa5f
0x321	0x322
0x3a5	0x3a6
0x52e	0x52f
0x59f	0x5a0
0xac5	0xac6
0xb3c	0xb3d
0xdd9	0xdda
0xe4c	0xe4d
0x45fS0xdb	0x461S0xdb
0x4c8S0xdb	0xe1
0x18b6S0x3b9	0x18bdS0x3b9
0x18aeS0x3b9	0x18afS0x3b9
0x1892S0x3b9	0x1894S0x3b9
0x189dS0x3b9	0x189fS0x3b9
0x187aS0x3b9	0x187cS0x3b9
0x1878S0x3b9	0x187aS0x3b9
0x18bdS0x3b9	0x3eb
0x1887S0x3b9	0x1842S0x187bS0x3b9
0x1851S0x187bS0x3b9	0x188bS0x3b9
0x1846S0x187bS0x3b9	0x1847S0x187bS0x3b9
0x1cd9S0x974	0x1ce0S0x974
0x1cd1S0x974	0x1cd2S0x974
0x1cb5S0x974	0x1cb7S0x974
0x1cc0S0x974	0x1cc2S0x974
0x1c9dS0x974	0x1c9fS0x974
0x1c9bS0x974	0x1c9dS0x974
0x1ce0S0x974	0x9a6
0x1caaS0x974	0x1842S0x1c9eS0x974
0x1851S0x1c9eS0x974	0x1caeS0x974
0x1846S0x1c9eS0x974	0x1847S0x1c9eS0x974
0x1d45S0x9e3	0x1d4cS0x9e3
0x1d3dS0x9e3	0x1d3eS0x9e3
0x1d21S0x9e3	0x1d23S0x9e3
0x1d2cS0x9e3	0x1d2eS0x9e3
0x1d09S0x9e3	0x1d0bS0x9e3
0x1d07S0x9e3	0x1d09S0x9e3
0x1d4cS0x9e3	0xa15
0x1d16S0x9e3	0x1842S0x1d0aS0x9e3
0x1851S0x1d0aS0x9e3	0x1d1aS0x9e3
0x1846S0x1d0aS0x9e3	0x1847S0x1d0aS0x9e3
0x1149S0xe0	0x114fS0xe0
0x1134S0xe0	0x1136S0xe0
0x1131S0xe0	0x1134S0xe0
0x114fS0xe0	0xee
0x112eS0xe0	0x111bS0x1126S0xe0
0x1125S0x1126S0xe0	0x1131S0xe0
0x12f4S0x11d	0x12faS0x11d
0x12dfS0x11d	0x12e1S0x11d
0x12dcS0x11d	0x12dfS0x11d
0x12faS0x11d	0x12b
0x12d9S0x11d	0x1096S0x12d1S0x11d
0x10c0S0x12d1S0x11d	0x12dcS0x11d
0x1449S0x193	0x144cS0x193
0x1467S0x193	0x146aS0x193
0x1496S0x193	0x1499S0x193
0x1442S0x193	0x1443S0x193
0x1460S0x193	0x1461S0x193
0x4598S0x193	0x45b9S0x193
0x1474S0x193	0x1386S0x1469S0x193
0x45bcS0x193	0x45ddS0x193
0x148fS0x193	0x1490S0x193
0x14a3S0x193	0x13dcS0x1498S0x193
0x14b1S0x193	0x1aa
0x1399S0x1469S0x193	0x139dS0x1469S0x193
0x13b6S0x1469S0x193	0x13b9S0x1469S0x193
0x13d2S0x1469S0x193	0x13daS0x1469S0x193
0x13afS0x1469S0x193	0x13b0S0x1469S0x193
0x44c0S0x1469S0x193	0x44e1S0x1469S0x193
0x13cbS0x1469S0x193	0x13ccS0x1469S0x193
0x44e4S0x1469S0x193	0x4505S0x1469S0x193
0x13daS0x1469S0x193	0x147bS0x193
0x1392S0x1469S0x193	0x1393S0x1469S0x193
0x13efS0x1498S0x193	0x13f3S0x1498S0x193
0x140cS0x1498S0x193	0x140fS0x1498S0x193
0x1428S0x1498S0x193	0x1430S0x1498S0x193
0x1405S0x1498S0x193	0x1406S0x1498S0x193
0x452cS0x1498S0x193	0x454dS0x1498S0x193
0x1421S0x1498S0x193	0x1422S0x1498S0x193
0x4550S0x1498S0x193	0x4571S0x1498S0x193
0x1430S0x1498S0x193	0x14b1S0x193
0x13e8S0x1498S0x193	0x13e9S0x1498S0x193
0x12f4S0x200	0x12faS0x200
0x12dfS0x200	0x12e1S0x200
0x12dcS0x200	0x12dfS0x200
0x12faS0x200	0x20e
0x12d9S0x200	0x1096S0x12d1S0x200
0x10c0S0x12d1S0x200	0x12dcS0x200
0x12f4S0x291	0x12faS0x291
0x12dfS0x291	0x12e1S0x291
0x12dcS0x291	0x12dfS0x291
0x12faS0x291	0x29f
0x12d9S0x291	0x1096S0x12d1S0x291
0x10c0S0x12d1S0x291	0x12dcS0x291
0x1781S0x2b3	0x1784S0x2b3
0x179fS0x2b3	0x17a2S0x2b3
0x177aS0x2b3	0x177bS0x2b3
0x1798S0x2b3	0x1799S0x2b3
0x47fcS0x2b3	0x481dS0x2b3
0x17acS0x2b3	0x1717S0x17a1S0x2b3
0x17b8S0x2b3	0x2ca
0x172aS0x17a1S0x2b3	0x172eS0x17a1S0x2b3
0x1747S0x17a1S0x2b3	0x174aS0x17a1S0x2b3
0x1763S0x17a1S0x2b3	0x176bS0x17a1S0x2b3
0x1740S0x17a1S0x2b3	0x1741S0x17a1S0x2b3
0x4790S0x17a1S0x2b3	0x47b1S0x17a1S0x2b3
0x175cS0x17a1S0x2b3	0x175dS0x17a1S0x2b3
0x47b4S0x17a1S0x2b3	0x47d5S0x17a1S0x2b3
0x176bS0x17a1S0x2b3	0x17b8S0x2b3
0x1723S0x17a1S0x2b3	0x1724S0x17a1S0x2b3
0x1836S0x34a	0x1840S0x34a
0x1820S0x34a	0x913aS0x1816S0x34a
0x182bS0x34a	0x182dS0x34a
0x1840S0x34a	0x36e
0x1815S0x34a	0x17fcS0x1809S0x34a
0x1805S0x1809S0x34a	0x1819S0x34a
0x1263S0x102	0x1266S0x102
0x12b4S0x102	0x12b7S0x102
0x125cS0x102	0x125dS0x102
0x1272S0x102	0x119aS0x1265S0x102
0x4430S0x102	0x4451S0x102
0x1283S0x102	0x119aS0x1273S0x102
0x1294S0x102	0x11d0S0x1284S0x102
0x12adS0x102	0x12aeS0x102
0x12c1S0x102	0x11f4S0x12b6S0x102
0x12d0S0x102	0x119
0x11a7S0x1265S0x102	0x1183S0x1199B0x1265S0x102
0x11a7S0x1273S0x102	0x1183S0x1199B0x1273S0x102
0x11ddS0x1284S0x102	0x11b9S0x11cfB0x1284S0x102
0x1207S0x12b6S0x102	0x120bS0x12b6S0x102
0x1224S0x12b6S0x102	0x1227S0x12b6S0x102
0x1240S0x12b6S0x102	0x1248S0x12b6S0x102
0x121dS0x12b6S0x102	0x121eS0x12b6S0x102
0x43c4S0x12b6S0x102	0x43e5S0x12b6S0x102
0x1239S0x12b6S0x102	0x123aS0x12b6S0x102
0x43e8S0x12b6S0x102	0x4409S0x12b6S0x102
0x1200S0x12b6S0x102	0x1201S0x12b6S0x102
0x11adS0x1265S0x102	0x1277S0x102
0x11adS0x1273S0x102	0x1288S0x102
0x11e3S0x1284S0x102	0x1299S0x102
0x1248S0x12b6S0x102	0x12d0S0x102
0x1195S0x1199B0x1265S0x102	0x1198S0x1199B0x1265S0x102
0x1191S0x1199B0x1265S0x102	0x1192S0x1199B0x1265S0x102
0x1181S0x1182S0x1199B0x1265S0x102	0x118dS0x1199B0x1265S0x102
0x116fS0x1182S0x1199B0x1265S0x102	0x1171S0x1182S0x1199B0x1265S0x102
0x117aS0x1182S0x1199B0x1265S0x102	0x1181S0x1182S0x1199B0x1265S0x102
0x1195S0x1199B0x1273S0x102	0x1198S0x1199B0x1273S0x102
0x1191S0x1199B0x1273S0x102	0x1192S0x1199B0x1273S0x102
0x1181S0x1182S0x1199B0x1273S0x102	0x118dS0x1199B0x1273S0x102
0x116fS0x1182S0x1199B0x1273S0x102	0x1171S0x1182S0x1199B0x1273S0x102
0x117aS0x1182S0x1199B0x1273S0x102	0x1181S0x1182S0x1199B0x1273S0x102
0x11cbS0x11cfB0x1284S0x102	0x11ceS0x11cfB0x1284S0x102
0x11c7S0x11cfB0x1284S0x102	0x11c8S0x11cfB0x1284S0x102
0x11c0S0x11cfB0x1284S0x102	0x11afS0x11b8S0x11cfB0x1284S0x102
0x11b7S0x11b8S0x11cfB0x1284S0x102	0x11c3S0x11cfB0x1284S0x102
0x1312S0x13f	0x1315S0x13f
0x1341S0x13f	0x1344S0x13f
0x130bS0x13f	0x130cS0x13f
0x1321S0x13f	0x119aS0x1314S0x13f
0x4478S0x13f	0x4499S0x13f
0x133aS0x13f	0x133bS0x13f
0x134eS0x13f	0x11f4S0x1343S0x13f
0x135aS0x13f	0x156
0x11a7S0x1314S0x13f	0x1183S0x1199B0x1314S0x13f
0x1207S0x1343S0x13f	0x120bS0x1343S0x13f
0x1224S0x1343S0x13f	0x1227S0x1343S0x13f
0x1240S0x1343S0x13f	0x1248S0x1343S0x13f
0x121dS0x1343S0x13f	0x121eS0x1343S0x13f
0x43c4S0x1343S0x13f	0x43e5S0x1343S0x13f
0x1239S0x1343S0x13f	0x123aS0x1343S0x13f
0x43e8S0x1343S0x13f	0x4409S0x1343S0x13f
0x1200S0x1343S0x13f	0x1201S0x1343S0x13f
0x11adS0x1314S0x13f	0x1326S0x13f
0x1248S0x1343S0x13f	0x135aS0x13f
0x1195S0x1199B0x1314S0x13f	0x1198S0x1199B0x1314S0x13f
0x1191S0x1199B0x1314S0x13f	0x1192S0x1199B0x1314S0x13f
0x1181S0x1182S0x1199B0x1314S0x13f	0x118dS0x1199B0x1314S0x13f
0x116fS0x1182S0x1199B0x1314S0x13f	0x1171S0x1182S0x1199B0x1314S0x13f
0x117aS0x1182S0x1199B0x1314S0x13f	0x1181S0x1182S0x1199B0x1314S0x13f
0x615S0x155	0x616S0x155
0x68fS0x155	0x691S0x155
0x680S0x155	0x681S0x155
0x683S0x155	0x684S0x155
0x68bS0x155	0x68cS0x155
0x6c4S0x155	0x6c5S0x155
0x5efS0x155	0x5f0S0x155
0x629S0x155	0x62bS0x155
0x66eS0x155	0x66fS0x155
0x69eS0x155	0x69fS0x155
0x6d8S0x155	0x6deS0x155
0x1968S0x5f0S0x155	0x196fS0x5f0S0x155
0x1960S0x5f0S0x155	0x1961S0x5f0S0x155
0x1944S0x5f0S0x155	0x1946S0x5f0S0x155
0x194fS0x5f0S0x155	0x1951S0x5f0S0x155
0x192cS0x5f0S0x155	0x192eS0x5f0S0x155
0x192aS0x5f0S0x155	0x192cS0x5f0S0x155
0x196fS0x5f0S0x155	0x622S0x155
0x1939S0x5f0S0x155	0x1842S0x192dS0x5f0S0x155
0x1851S0x192dS0x5f0S0x155	0x193dS0x5f0S0x155
0x1846S0x192dS0x5f0S0x155	0x1847S0x192dS0x5f0S0x155
0x1a21S0x69fS0x155	0x1a28S0x69fS0x155
0x1a19S0x69fS0x155	0x1a1aS0x69fS0x155
0x19fdS0x69fS0x155	0x19ffS0x69fS0x155
0x1a08S0x69fS0x155	0x1a0aS0x69fS0x155
0x19e5S0x69fS0x155	0x19e7S0x69fS0x155
0x19e3S0x69fS0x155	0x19e5S0x69fS0x155
0x1a28S0x69fS0x155	0x6d1S0x155
0x19f2S0x69fS0x155	0x1842S0x19e6S0x69fS0x155
0x1851S0x19e6S0x69fS0x155	0x19f6S0x69fS0x155
0x1846S0x19e6S0x69fS0x155	0x1847S0x19e6S0x69fS0x155
0x19b0S0x62aS0x155	0x19bcS0x62aS0x155
0x1997S0x62aS0x155	0x199bS0x62aS0x155
0x19a3S0x62aS0x155	0x19a5S0x62aS0x155
0x197eS0x62aS0x155	0x1980S0x62aS0x155
0x1974S0x62aS0x155	0x1975S0x62aS0x155
0x197aS0x62aS0x155	0x197eS0x62aS0x155
0x19bcS0x62aS0x155	0x654S0x155
0x198aS0x62aS0x155	0x17fcS0x197fS0x62aS0x155
0x1805S0x197fS0x62aS0x155	0x198eS0x62aS0x155
0x137eS0x171	0x135cS0x136aS0x171
0x1384S0x171	0x17f
0x1366S0x136aS0x171	0x1369S0x136aS0x171
0x1181S0x135bS0x136aS0x171	0x1366S0x136aS0x171
0x116fS0x135bS0x136aS0x171	0x1171S0x135bS0x136aS0x171
0x117aS0x135bS0x136aS0x171	0x1181S0x135bS0x136aS0x171
0x14c6S0x1bc	0x14c9S0x1bc
0x14bfS0x1bc	0x14c0S0x1bc
0x14d5S0x1bc	0x119aS0x14c8S0x1bc
0x14deS0x1bc	0x1d3
0x11a7S0x14c8S0x1bc	0x1183S0x1199B0x14c8S0x1bc
0x11adS0x14c8S0x1bc	0x14deS0x1bc
0x1195S0x1199B0x14c8S0x1bc	0x1198S0x1199B0x14c8S0x1bc
0x1191S0x1199B0x14c8S0x1bc	0x1192S0x1199B0x14c8S0x1bc
0x1181S0x1182S0x1199B0x14c8S0x1bc	0x118dS0x1199B0x14c8S0x1bc
0x116fS0x1182S0x1199B0x14c8S0x1bc	0x1171S0x1182S0x1199B0x14c8S0x1bc
0x117aS0x1182S0x1199B0x14c8S0x1bc	0x1181S0x1182S0x1199B0x14c8S0x1bc
0x1553S0x1e5	0x1556S0x1e5
0x1593S0x1e5	0x1596S0x1e5
0x15c2S0x1e5	0x15c5S0x1e5
0x15f1S0x1e5	0x15f4S0x1e5
0x154cS0x1e5	0x154dS0x1e5
0x1562S0x1e5	0x119aS0x1555S0x1e5
0x4694S0x1e5	0x46b5S0x1e5
0x1573S0x1e5	0x119aS0x1563S0x1e5
0x158cS0x1e5	0x158dS0x1e5
0x15a0S0x1e5	0x14e0S0x1595S0x1e5
0x46b8S0x1e5	0x46d9S0x1e5
0x15bbS0x1e5	0x15bcS0x1e5
0x15cfS0x1e5	0x14e0S0x15c4S0x1e5
0x46dcS0x1e5	0x46fdS0x1e5
0x15eaS0x1e5	0x15ebS0x1e5
0x15feS0x1e5	0x11f4S0x15f3S0x1e5
0x1610S0x1e5	0x1fc
0x11a7S0x1555S0x1e5	0x1183S0x1199B0x1555S0x1e5
0x11a7S0x1563S0x1e5	0x1183S0x1199B0x1563S0x1e5
0x14f3S0x1595S0x1e5	0x14f7S0x1595S0x1e5
0x1510S0x1595S0x1e5	0x1513S0x1595S0x1e5
0x152cS0x1595S0x1e5	0x1534S0x1595S0x1e5
0x1509S0x1595S0x1e5	0x150aS0x1595S0x1e5
0x4628S0x1595S0x1e5	0x4649S0x1595S0x1e5
0x1525S0x1595S0x1e5	0x1526S0x1595S0x1e5
0x464cS0x1595S0x1e5	0x466dS0x1595S0x1e5
0x14ecS0x1595S0x1e5	0x14edS0x1595S0x1e5
0x14f3S0x15c4S0x1e5	0x14f7S0x15c4S0x1e5
0x1510S0x15c4S0x1e5	0x1513S0x15c4S0x1e5
0x152cS0x15c4S0x1e5	0x1534S0x15c4S0x1e5
0x1509S0x15c4S0x1e5	0x150aS0x15c4S0x1e5
0x4628S0x15c4S0x1e5	0x4649S0x15c4S0x1e5
0x1525S0x15c4S0x1e5	0x1526S0x15c4S0x1e5
0x464cS0x15c4S0x1e5	0x466dS0x15c4S0x1e5
0x14ecS0x15c4S0x1e5	0x14edS0x15c4S0x1e5
0x1207S0x15f3S0x1e5	0x120bS0x15f3S0x1e5
0x1224S0x15f3S0x1e5	0x1227S0x15f3S0x1e5
0x1240S0x15f3S0x1e5	0x1248S0x15f3S0x1e5
0x121dS0x15f3S0x1e5	0x121eS0x15f3S0x1e5
0x43c4S0x15f3S0x1e5	0x43e5S0x15f3S0x1e5
0x1239S0x15f3S0x1e5	0x123aS0x15f3S0x1e5
0x43e8S0x15f3S0x1e5	0x4409S0x15f3S0x1e5
0x1200S0x15f3S0x1e5	0x1201S0x15f3S0x1e5
0x11adS0x1555S0x1e5	0x1567S0x1e5
0x11adS0x1563S0x1e5	0x1578S0x1e5
0x1534S0x1595S0x1e5	0x15a7S0x1e5
0x1534S0x15c4S0x1e5	0x15d6S0x1e5
0x1248S0x15f3S0x1e5	0x1610S0x1e5
0x1195S0x1199B0x1555S0x1e5	0x1198S0x1199B0x1555S0x1e5
0x1191S0x1199B0x1555S0x1e5	0x1192S0x1199B0x1555S0x1e5
0x1181S0x1182S0x1199B0x1555S0x1e5	0x118dS0x1199B0x1555S0x1e5
0x116fS0x1182S0x1199B0x1555S0x1e5	0x1171S0x1182S0x1199B0x1555S0x1e5
0x117aS0x1182S0x1199B0x1555S0x1e5	0x1181S0x1182S0x1199B0x1555S0x1e5
0x1195S0x1199B0x1563S0x1e5	0x1198S0x1199B0x1563S0x1e5
0x1191S0x1199B0x1563S0x1e5	0x1192S0x1199B0x1563S0x1e5
0x1181S0x1182S0x1199B0x1563S0x1e5	0x118dS0x1199B0x1563S0x1e5
0x116fS0x1182S0x1199B0x1563S0x1e5	0x1171S0x1182S0x1199B0x1563S0x1e5
0x117aS0x1182S0x1199B0x1563S0x1e5	0x1181S0x1182S0x1199B0x1563S0x1e5
0x137eS0x22b	0x135cS0x136aS0x22b
0x1384S0x22b	0x239
0x1366S0x136aS0x22b	0x1369S0x136aS0x22b
0x1181S0x135bS0x136aS0x22b	0x1366S0x136aS0x22b
0x116fS0x135bS0x136aS0x22b	0x1171S0x135bS0x136aS0x22b
0x117aS0x135bS0x136aS0x22b	0x1181S0x135bS0x136aS0x22b
0x1697S0x276	0x169aS0x276
0x16f9S0x276	0x16fcS0x276
0x1690S0x276	0x1691S0x276
0x16a6S0x276	0x119aS0x1699S0x276
0x4748S0x276	0x4769S0x276
0x16b7S0x276	0x119aS0x16a7S0x276
0x16c8S0x276	0x11d0S0x16b8S0x276
0x16d9S0x276	0x11d0S0x16c9S0x276
0x16f2S0x276	0x16f3S0x276
0x1706S0x276	0x11f4S0x16fbS0x276
0x1715S0x276	0x28d
0x11a7S0x1699S0x276	0x1183S0x1199B0x1699S0x276
0x11a7S0x16a7S0x276	0x1183S0x1199B0x16a7S0x276
0x11ddS0x16b8S0x276	0x11b9S0x11cfB0x16b8S0x276
0x11ddS0x16c9S0x276	0x11b9S0x11cfB0x16c9S0x276
0x1207S0x16fbS0x276	0x120bS0x16fbS0x276
0x1224S0x16fbS0x276	0x1227S0x16fbS0x276
0x1240S0x16fbS0x276	0x1248S0x16fbS0x276
0x121dS0x16fbS0x276	0x121eS0x16fbS0x276
0x43c4S0x16fbS0x276	0x43e5S0x16fbS0x276
0x1239S0x16fbS0x276	0x123aS0x16fbS0x276
0x43e8S0x16fbS0x276	0x4409S0x16fbS0x276
0x1200S0x16fbS0x276	0x1201S0x16fbS0x276
0x11adS0x1699S0x276	0x16abS0x276
0x11adS0x16a7S0x276	0x16bcS0x276
0x11e3S0x16b8S0x276	0x16cdS0x276
0x11e3S0x16c9S0x276	0x16deS0x276
0x1248S0x16fbS0x276	0x1715S0x276
0x1195S0x1199B0x1699S0x276	0x1198S0x1199B0x1699S0x276
0x1191S0x1199B0x1699S0x276	0x1192S0x1199B0x1699S0x276
0x1181S0x1182S0x1199B0x1699S0x276	0x118dS0x1199B0x1699S0x276
0x116fS0x1182S0x1199B0x1699S0x276	0x1171S0x1182S0x1199B0x1699S0x276
0x117aS0x1182S0x1199B0x1699S0x276	0x1181S0x1182S0x1199B0x1699S0x276
0x1195S0x1199B0x16a7S0x276	0x1198S0x1199B0x16a7S0x276
0x1191S0x1199B0x16a7S0x276	0x1192S0x1199B0x16a7S0x276
0x1181S0x1182S0x1199B0x16a7S0x276	0x118dS0x1199B0x16a7S0x276
0x116fS0x1182S0x1199B0x16a7S0x276	0x1171S0x1182S0x1199B0x16a7S0x276
0x117aS0x1182S0x1199B0x16a7S0x276	0x1181S0x1182S0x1199B0x16a7S0x276
0x11cbS0x11cfB0x16b8S0x276	0x11ceS0x11cfB0x16b8S0x276
0x11c7S0x11cfB0x16b8S0x276	0x11c8S0x11cfB0x16b8S0x276
0x11c0S0x11cfB0x16b8S0x276	0x11afS0x11b8S0x11cfB0x16b8S0x276
0x11b7S0x11b8S0x11cfB0x16b8S0x276	0x11c3S0x11cfB0x16b8S0x276
0x11cbS0x11cfB0x16c9S0x276	0x11ceS0x11cfB0x16c9S0x276
0x11c7S0x11cfB0x16c9S0x276	0x11c8S0x11cfB0x16c9S0x276
0x11c0S0x11cfB0x16c9S0x276	0x11afS0x11b8S0x11cfB0x16c9S0x276
0x11b7S0x11b8S0x11cfB0x16c9S0x276	0x11c3S0x11cfB0x16c9S0x276
0x17e2S0x326	0x17e5S0x326
0x17dbS0x326	0x17dcS0x326
0x17f1S0x326	0x17baS0x17e4S0x326
0x17faS0x326	0x34b
0x17c7S0x17e4S0x326	0x1183S0x17b9B0x17e4S0x326
0x17cdS0x17e4S0x326	0x17faS0x326
0x1195S0x17b9B0x17e4S0x326	0x1198S0x17b9B0x17e4S0x326
0x1191S0x17b9B0x17e4S0x326	0x1192S0x17b9B0x17e4S0x326
0x1181S0x1182S0x17b9B0x17e4S0x326	0x118dS0x17b9B0x17e4S0x326
0x116fS0x1182S0x17b9B0x17e4S0x326	0x1171S0x1182S0x17b9B0x17e4S0x326
0x117aS0x1182S0x17b9B0x17e4S0x326	0x1181S0x1182S0x17b9B0x17e4S0x326
0x17e2S0x533	0x17e5S0x533
0x17dbS0x533	0x17dcS0x533
0x17f1S0x533	0x17baS0x17e4S0x533
0x17faS0x533	0x559
0x17c7S0x17e4S0x533	0x1183S0x17b9B0x17e4S0x533
0x17cdS0x17e4S0x533	0x17faS0x533
0x1195S0x17b9B0x17e4S0x533	0x1198S0x17b9B0x17e4S0x533
0x1191S0x17b9B0x17e4S0x533	0x1192S0x17b9B0x17e4S0x533
0x1181S0x1182S0x17b9B0x17e4S0x533	0x118dS0x17b9B0x17e4S0x533
0x116fS0x1182S0x17b9B0x17e4S0x533	0x1171S0x1182S0x17b9B0x17e4S0x533
0x117aS0x1182S0x17b9B0x17e4S0x533	0x1181S0x1182S0x17b9B0x17e4S0x533
0x18e1S0x557	0x135cS0x18cdS0x557
0x18eeS0x557	0x135cS0x18e2S0x557
0x18fbS0x557	0x18bfS0x18efS0x557
0x1903S0x557	0x577
0x1366S0x18cdS0x557	0x1369S0x18cdS0x557
0x1181S0x135bS0x18cdS0x557	0x1366S0x18cdS0x557
0x116fS0x135bS0x18cdS0x557	0x1171S0x135bS0x18cdS0x557
0x117aS0x135bS0x18cdS0x557	0x1181S0x135bS0x18cdS0x557
0x1366S0x18e2S0x557	0x1369S0x18e2S0x557
0x1181S0x135bS0x18e2S0x557	0x1366S0x18e2S0x557
0x116fS0x135bS0x18e2S0x557	0x1171S0x135bS0x18e2S0x557
0x117aS0x135bS0x18e2S0x557	0x1181S0x135bS0x18e2S0x557
0x18c9S0x18efS0x557	0x18ccS0x18efS0x557
0x18c6S0x18efS0x557	0x11afS0x18beS0x18efS0x557
0x11b7S0x18beS0x18efS0x557	0x18c9S0x18efS0x557
0x17e2S0xaca	0x17e5S0xaca
0x17dbS0xaca	0x17dcS0xaca
0x17f1S0xaca	0x17baS0x17e4S0xaca
0x17faS0xaca	0xaf3
0x17c7S0x17e4S0xaca	0x1183S0x17b9B0x17e4S0xaca
0x17cdS0x17e4S0xaca	0x17faS0xaca
0x1195S0x17b9B0x17e4S0xaca	0x1198S0x17b9B0x17e4S0xaca
0x1191S0x17b9B0x17e4S0xaca	0x1192S0x17b9B0x17e4S0xaca
0x1181S0x1182S0x17b9B0x17e4S0xaca	0x118dS0x17b9B0x17e4S0xaca
0x116fS0x1182S0x17b9B0x17e4S0xaca	0x1171S0x1182S0x17b9B0x17e4S0xaca
0x117aS0x1182S0x17b9B0x17e4S0xaca	0x1181S0x1182S0x17b9B0x17e4S0xaca
0x1e10S0xaee	0x135cS0x1dfcS0xaee
0x1e1dS0xaee	0x135cS0x1e11S0xaee
0x1e26S0xaee	0x1e27S0xaee
0x1e3bS0xaee	0x1e3cS0xaee
0x1e50S0xaee	0x1e51S0xaee
0x1e65S0xaee	0xb14
0x1da9S0x1e1eS0xaee	0x1dacS0x1e1eS0xaee
0x1da2S0x1e1eS0xaee	0x1da3S0x1e1eS0xaee
0x1d5dS0x1e1eS0xaee	0x1d5fS0x1e1eS0xaee
0x1d52S0x1e1eS0xaee	0x1d53S0x1e1eS0xaee
0x1dbbS0x1e1eS0xaee	0x1dbfS0x1e1eS0xaee
0x1d62S0x1e1eS0xaee	0x1d67S0x1e1eS0xaee
0x1dc7S0x1e1eS0xaee	0x1e36S0xaee
0x1d77S0x1e1eS0xaee	0x1d7bS0x1e1eS0xaee
0x1da9S0x1e31S0xaee	0x1dacS0x1e31S0xaee
0x1da2S0x1e31S0xaee	0x1da3S0x1e31S0xaee
0x1d5dS0x1e31S0xaee	0x1d5fS0x1e31S0xaee
0x1d52S0x1e31S0xaee	0x1d53S0x1e31S0xaee
0x1dbbS0x1e31S0xaee	0x1dbfS0x1e31S0xaee
0x1d62S0x1e31S0xaee	0x1d67S0x1e31S0xaee
0x1dc7S0x1e31S0xaee	0x1e4bS0xaee
0x1d77S0x1e31S0xaee	0x1d7bS0x1e31S0xaee
0x1d6bS0x1e1eS0xaee	0x1d6dS0x1e1eS0xaee
0x1d67S0x1e1eS0xaee	0x1d6bS0x1e1eS0xaee
0x1d6bS0x1e31S0xaee	0x1d6dS0x1e31S0xaee
0x1d67S0x1e31S0xaee	0x1d6bS0x1e31S0xaee
0x1366S0x1dfcS0xaee	0x1369S0x1dfcS0xaee
0x1181S0x135bS0x1dfcS0xaee	0x1366S0x1dfcS0xaee
0x116fS0x135bS0x1dfcS0xaee	0x1171S0x135bS0x1dfcS0xaee
0x117aS0x135bS0x1dfcS0xaee	0x1181S0x135bS0x1dfcS0xaee
0x1366S0x1e11S0xaee	0x1369S0x1e11S0xaee
0x1181S0x135bS0x1e11S0xaee	0x1366S0x1e11S0xaee
0x116fS0x135bS0x1e11S0xaee	0x1171S0x135bS0x1e11S0xaee
0x117aS0x135bS0x1e11S0xaee	0x1181S0x135bS0x1e11S0xaee
0x1df0S0x1e46S0xaee	0x915cS0x1de6S0x1e46S0xaee
0x1dd8S0x1e46S0xaee	0x1ddaS0x1e46S0xaee
0x1dcdS0x1e46S0xaee	0x1dceS0x1e46S0xaee
0x1dfbS0x1e46S0xaee	0x1e65S0xaee
0x1de5S0x1e46S0xaee	0x1de9S0x1e46S0xaee
0x17e2S0xdde	0x17e5S0xdde
0x17dbS0xdde	0x17dcS0xdde
0x17f1S0xdde	0x17baS0x17e4S0xdde
0x17faS0xdde	0xe05
0x17c7S0x17e4S0xdde	0x1183S0x17b9B0x17e4S0xdde
0x17cdS0x17e4S0xdde	0x17faS0xdde
0x1195S0x17b9B0x17e4S0xdde	0x1198S0x17b9B0x17e4S0xdde
0x1191S0x17b9B0x17e4S0xdde	0x1192S0x17b9B0x17e4S0xdde
0x1181S0x1182S0x17b9B0x17e4S0xdde	0x118dS0x17b9B0x17e4S0xdde
0x116fS0x1182S0x17b9B0x17e4S0xdde	0x1171S0x1182S0x17b9B0x17e4S0xdde
0x117aS0x1182S0x17b9B0x17e4S0xdde	0x1181S0x1182S0x17b9B0x17e4S0xdde
0x2016S0xe02	0x135cS0x2002S0xe02
0x2023S0xe02	0x135cS0x2017S0xe02
0x2030S0xe02	0x18bfS0x2024S0xe02
0x203dS0xe02	0x18bfS0x2031S0xe02
0x2046S0xe02	0x2047S0xe02
0x2059S0xe02	0xe24
0x1366S0x2002S0xe02	0x1369S0x2002S0xe02
0x1181S0x135bS0x2002S0xe02	0x1366S0x2002S0xe02
0x116fS0x135bS0x2002S0xe02	0x1171S0x135bS0x2002S0xe02
0x117aS0x135bS0x2002S0xe02	0x1181S0x135bS0x2002S0xe02
0x1366S0x2017S0xe02	0x1369S0x2017S0xe02
0x1181S0x135bS0x2017S0xe02	0x1366S0x2017S0xe02
0x116fS0x135bS0x2017S0xe02	0x1171S0x135bS0x2017S0xe02
0x117aS0x135bS0x2017S0xe02	0x1181S0x135bS0x2017S0xe02
0x18c9S0x2024S0xe02	0x18ccS0x2024S0xe02
0x18c6S0x2024S0xe02	0x11afS0x18beS0x2024S0xe02
0x11b7S0x18beS0x2024S0xe02	0x18c9S0x2024S0xe02
0x18c9S0x2031S0xe02	0x18ccS0x2031S0xe02
0x18c6S0x2031S0xe02	0x11afS0x18beS0x2031S0xe02
0x11b7S0x18beS0x2031S0xe02	0x18c9S0x2031S0xe02
0x1df0S0x203eS0xe02	0x915cS0x1de6S0x203eS0xe02
0x1dd8S0x203eS0xe02	0x1ddaS0x203eS0xe02
0x1dcdS0x203eS0xe02	0x1dceS0x203eS0xe02
0x1dfbS0x203eS0xe02	0x2059S0xe02
0x1de5S0x203eS0xe02	0x1de9S0x203eS0xe02
0x1101S0xc5	0x1104S0xc5
0x10faS0xc5	0x10fbS0xc5
0x1110S0xc5	0x10d9S0x1103S0xc5
0x1119S0xc5	0xdc
0x10ecS0x1103S0xc5	0x1119S0xc5
0x10e6S0x1103S0xc5	0x10c2S0x10d8S0x1103S0xc5
0x10d4S0x10d8S0x1103S0xc5	0x10d7S0x10d8S0x1103S0xc5
0x10d0S0x10d8S0x1103S0xc5	0x10d1S0x10d8S0x1103S0xc5
0x10c9S0x10d8S0x1103S0xc5	0x1096S0x10c1S0x10d8S0x1103S0xc5
0x10c0S0x10c1S0x10d8S0x1103S0xc5	0x10ccS0x10d8S0x1103S0xc5
0x736S0x1a9	0x737S0x1a9
0x77bS0x1a9	0x77cS0x1a9
0x782S0x1a9	0x787S0x1a9
0x7daS0x1a9	0x7dbS0x1a9
0x802S0x1a9	0x807S0x1a9
0x840S0x1a9	0x845S0x1a9
0x89eS0x1a9	0x8a0S0x1a9
0x88fS0x1a9	0x890S0x1a9
0x892S0x1a9	0x893S0x1a9
0x89aS0x1a9	0x89bS0x1a9
0x8f4S0x1a9	0x8f5S0x1a9
0x710S0x1a9	0x711S0x1a9
0x74aS0x1a9	0x74cS0x1a9
0x798S0x1a9	0x14b3S0x784S0x1a9
0x4244S0x1a9	0x4265S0x1a9
0x423aS0x1a9	0x423bS0x1a9
0x423fS0x1a9	0x4240S0x1a9
0x7b4S0x1a9	0x7b5S0x1a9
0x7fbS0x1a9	0x7fcS0x1a9
0x7eeS0x1a9	0x7f0S0x1a9
0x818S0x1a9	0x14b3S0x804S0x1a9
0x4292S0x1a9	0x42b3S0x1a9
0x4288S0x1a9	0x4289S0x1a9
0x428dS0x1a9	0x428eS0x1a9
0x839S0x1a9	0x83aS0x1a9
0x42d6S0x1a9	0x42d7S0x1a9
0x42dbS0x1a9	0x42dcS0x1a9
0x87dS0x1a9	0x87eS0x1a9
0x8b9S0x1a9	0x8bbS0x1a9
0x8ceS0x1a9	0x8cfS0x1a9
0x8c5S0x1a9	0x8c7S0x1a9
0x8c9S0x1a9	0x8cbS0x1a9
0x1bb8S0x1a9	0x1bbcS0x1a9
0x918S0x1a9	0x91fS0x1a9
0x909S0x1a9	0x90fS0x1a9
0x759S0x1a9	0x75aS0x1a9
0x1b81S0x1a9	0x1b83S0x1a9
0x1b40S0x1a9	0x1b42S0x1a9
0x1b8cS0x1a9	0x1b8eS0x1a9
0x1b69S0x1a9	0x1b6bS0x1a9
0x1b67S0x1a9	0x1b69S0x1a9
0x1badS0x1a9	0x1bafS0x1a9
0x1baaS0x1a9	0x1badS0x1a9
0x1ba7S0x1a9	0x1baaS0x1a9
0x1b96S0x1a9	0x1b98S0x1a9
0x1bc4S0x1a9	0x1bc6S0x1a9
0x1b76S0x1a9	0x1b7aS0x1a9
0x1ba2S0x1a9	0x11afS0x1b97S0x1a9
0x1aeeS0x842S0x1a9	0x1af3S0x842S0x1a9
0x1b10S0x842S0x1a9	0x1b13S0x842S0x1a9
0x1b2cS0x842S0x1a9	0x1b35S0x842S0x1a9
0x1ae7S0x842S0x1a9	0x1ae8S0x842S0x1a9
0x1b09S0x842S0x1a9	0x1b0aS0x842S0x1a9
0x1ac8S0x842S0x1a9	0x1acaS0x842S0x1a9
0x1b25S0x842S0x1a9	0x1b26S0x842S0x1a9
0x1acdS0x842S0x1a9	0x1acfS0x842S0x1a9
0x1ad2S0x842S0x1a9	0x1ad4S0x842S0x1a9
0x11b7S0x1b97S0x1a9	0x1ba4S0x1a9
0x1a8dS0x711S0x1a9	0x1a94S0x711S0x1a9
0x1a85S0x711S0x1a9	0x1a86S0x711S0x1a9
0x1a69S0x711S0x1a9	0x1a6bS0x711S0x1a9
0x1a74S0x711S0x1a9	0x1a76S0x711S0x1a9
0x1a51S0x711S0x1a9	0x1a53S0x711S0x1a9
0x1a4fS0x711S0x1a9	0x1a51S0x711S0x1a9
0x1a5eS0x711S0x1a9	0x1842S0x1a52S0x711S0x1a9
0x1851S0x1a52S0x711S0x1a9	0x1a62S0x711S0x1a9
0x1846S0x1a52S0x711S0x1a9	0x1847S0x1a52S0x711S0x1a9
0x1968S0x7b5S0x1a9	0x196fS0x7b5S0x1a9
0x1960S0x7b5S0x1a9	0x1961S0x7b5S0x1a9
0x1944S0x7b5S0x1a9	0x1946S0x7b5S0x1a9
0x194fS0x7b5S0x1a9	0x1951S0x7b5S0x1a9
0x192cS0x7b5S0x1a9	0x192eS0x7b5S0x1a9
0x192aS0x7b5S0x1a9	0x192cS0x7b5S0x1a9
0x1939S0x7b5S0x1a9	0x1842S0x192dS0x7b5S0x1a9
0x1851S0x192dS0x7b5S0x1a9	0x193dS0x7b5S0x1a9
0x1846S0x192dS0x7b5S0x1a9	0x1847S0x192dS0x7b5S0x1a9
0x1c6cS0x8cfS0x1a9	0x1c74S0x8cfS0x1a9
0x1c63S0x8cfS0x1a9	0x1c64S0x8cfS0x1a9
0x1c08S0x8cfS0x1a9	0x1c0aS0x8cfS0x1a9
0x1c03S0x8cfS0x1a9	0x1c08S0x8cfS0x1a9
0x1beaS0x8cfS0x1a9	0x1bedS0x8cfS0x1a9
0x1c2eS0x8cfS0x1a9	0x1842S0x1c25S0x8cfS0x1a9
0x1bdeS0x8cfS0x1a9	0x1be0S0x8cfS0x1a9
0x1c3eS0x8cfS0x1a9	0x1c40S0x8cfS0x1a9
0x1c47S0x8cfS0x1a9	0x1c4aS0x8cfS0x1a9
0x1c52S0x8cfS0x1a9	0x1c54S0x8cfS0x1a9
0x1c19S0x8cfS0x1a9	0x1c1bS0x8cfS0x1a9
0x1c24S0x8cfS0x1a9	0x1c26S0x8cfS0x1a9
0x1bfcS0x8cfS0x1a9	0x1bfeS0x8cfS0x1a9
0x1bf2S0x8cfS0x1a9	0x1bf3S0x8cfS0x1a9
0x1851S0x1c25S0x8cfS0x1a9	0x1c32S0x8cfS0x1a9
0x1846S0x1c25S0x8cfS0x1a9	0x1847S0x1c25S0x8cfS0x1a9
0x19b0S0x854S0x1a9	0x19bcS0x854S0x1a9
0x1997S0x854S0x1a9	0x199bS0x854S0x1a9
0x19a3S0x854S0x1a9	0x19a5S0x854S0x1a9
0x197eS0x854S0x1a9	0x1980S0x854S0x1a9
0x1974S0x854S0x1a9	0x1975S0x854S0x1a9
0x197aS0x854S0x1a9	0x197eS0x854S0x1a9
0x198aS0x854S0x1a9	0x17fcS0x197fS0x854S0x1a9
0x1805S0x197fS0x854S0x1a9	0x198eS0x854S0x1a9
0x1b35S0x842S0x1a9	0x855S0x1a9
0x1a94S0x711S0x1a9	0x743S0x1a9
0x196fS0x7b5S0x1a9	0x7e7S0x1a9
0x1c74S0x8cfS0x1a9	0x902S0x1a9
0x19bcS0x854S0x1a9	0x863S0x1a9
0x14c6S0x784S0x1a9	0x14c9S0x784S0x1a9
0x14bfS0x784S0x1a9	0x14c0S0x784S0x1a9
0x14d5S0x784S0x1a9	0x119aS0x14c8S0x784S0x1a9
0x14deS0x784S0x1a9	0x79aS0x1a9
0x11a7S0x14c8S0x784S0x1a9	0x1183S0x1199B0x14c8S0x784S0x1a9
0x11adS0x14c8S0x784S0x1a9	0x14deS0x784S0x1a9
0x1195S0x1199B0x14c8S0x784S0x1a9	0x1198S0x1199B0x14c8S0x784S0x1a9
0x1191S0x1199B0x14c8S0x784S0x1a9	0x1192S0x1199B0x14c8S0x784S0x1a9
0x1181S0x1182S0x1199B0x14c8S0x784S0x1a9	0x118dS0x1199B0x14c8S0x784S0x1a9
0x116fS0x1182S0x1199B0x14c8S0x784S0x1a9	0x1171S0x1182S0x1199B0x14c8S0x784S0x1a9
0x117aS0x1182S0x1199B0x14c8S0x784S0x1a9	0x1181S0x1182S0x1199B0x14c8S0x784S0x1a9
0x14c6S0x804S0x1a9	0x14c9S0x804S0x1a9
0x14bfS0x804S0x1a9	0x14c0S0x804S0x1a9
0x14d5S0x804S0x1a9	0x119aS0x14c8S0x804S0x1a9
0x14deS0x804S0x1a9	0x81aS0x1a9
0x11a7S0x14c8S0x804S0x1a9	0x1183S0x1199B0x14c8S0x804S0x1a9
0x11adS0x14c8S0x804S0x1a9	0x14deS0x804S0x1a9
0x1195S0x1199B0x14c8S0x804S0x1a9	0x1198S0x1199B0x14c8S0x804S0x1a9
0x1191S0x1199B0x14c8S0x804S0x1a9	0x1192S0x1199B0x14c8S0x804S0x1a9
0x1181S0x1182S0x1199B0x14c8S0x804S0x1a9	0x118dS0x1199B0x14c8S0x804S0x1a9
0x116fS0x1182S0x1199B0x14c8S0x804S0x1a9	0x1171S0x1182S0x1199B0x14c8S0x804S0x1a9
0x117aS0x1182S0x1199B0x14c8S0x804S0x1a9	0x1181S0x1182S0x1199B0x14c8S0x804S0x1a9
0x1663S0x24d	0x1666S0x24d
0x165cS0x24d	0x165dS0x24d
0x1672S0x24d	0x163bS0x1665S0x24d
0x167bS0x24d	0x264
0x164eS0x1665S0x24d	0x167bS0x24d
0x1648S0x1665S0x24d	0x1624S0x163aS0x1665S0x24d
0x1636S0x163aS0x1665S0x24d	0x1639S0x163aS0x1665S0x24d
0x1632S0x163aS0x1665S0x24d	0x1633S0x163aS0x1665S0x24d
0x162bS0x163aS0x1665S0x24d	0x1612S0x1623S0x163aS0x1665S0x24d
0x1622S0x1623S0x163aS0x1665S0x24d	0x162eS0x163aS0x1665S0x24d
0x1181S0x1611S0x1623S0x163aS0x1665S0x24d	0x1622S0x1623S0x163aS0x1665S0x24d
0x116fS0x1611S0x1623S0x163aS0x1665S0x24d	0x1171S0x1611S0x1623S0x163aS0x1665S0x24d
0x117aS0x1611S0x1623S0x163aS0x1665S0x24d	0x1181S0x1611S0x1623S0x163aS0x1665S0x24d
0xbd3S0x263	0xbd4S0x263
0xbd4S0x263	0xbd7S0x263
0xbd8S0x263	0xbd9S0x263
0xbd9S0x263	0xbdbS0x263
0xbdbS0x263	0xbe1S0x263
0xbd7S0x263	0xbd8S0x263
0xc0bS0x263	0xc0dS0x263
0xc0dS0x263	0xc0eS0x263
0xc0eS0x263	0xc30S0x263
0xc31S0x263	0xc33S0x263
0xc33S0x263	0xc34S0x263
0xc34S0x263	0xc38S0x263
0xc38S0x263	0xc3bS0x263
0xc30S0x263	0xc31S0x263
0xca3S0x263	0xca4S0x263
0xca4S0x263	0xca7S0x263
0xca8S0x263	0xca9S0x263
0xca9S0x263	0xcabS0x263
0xcabS0x263	0xcb1S0x263
0xca7S0x263	0xca8S0x263
0xd04S0x263	0xd05S0x263
0xd05S0x263	0xd08S0x263
0xd09S0x263	0xd0aS0x263
0xd0aS0x263	0xd0cS0x263
0xd0cS0x263	0xd12S0x263
0xd08S0x263	0xd09S0x263
0xd36S0x263	0xd38S0x263
0xd38S0x263	0xd39S0x263
0xd39S0x263	0xd5bS0x263
0xd5cS0x263	0xd5eS0x263
0xd5eS0x263	0xd5fS0x263
0xd5fS0x263	0xd63S0x263
0xd63S0x263	0xd66S0x263
0xd5bS0x263	0xd5cS0x263
0xb85S0x263	0xb88S0x263
0xb88S0x263	0xb9dS0x263
0xb9dS0x263	0xb9eS0x263
0xb9eS0x263	0xba3S0x263
0xba3S0x263	0xba4S0x263
0xba4S0x263	0xba6S0x263
0xba6S0x263	0xba8S0x263
0xba8S0x263	0xbadS0x263
0xbadS0x263	0xbaeS0x263
0xbaeS0x263	0xbb0S0x263
0xbb0S0x263	0xbb2S0x263
0xbb3S0x263	0xbb5S0x263
0xbb5S0x263	0xbb6S0x263
0xbb6S0x263	0xbbbS0x263
0xbbbS0x263	0xbbeS0x263
0xbbeS0x263	0x136bS0xb84S0x263
0xbb2S0x263	0xbb3S0x263
0xbc0S0x263	0xbc2S0x263
0xbc2S0x263	0xbc4S0x263
0xbc4S0x263	0xbc7S0x263
0xbc7S0x263	0xbcaS0x263
0xbcaS0x263	0xbcbS0x263
0xbcbS0x263	0xbccS0x263
0xbccS0x263	0xbceS0x263
0xbceS0x263	0xbcfS0x263
0xbcfS0x263	0xbd2S0x263
0xbd2S0x263	0xbd3S0x263
0xbe1S0x263	0xbe3S0x263
0xbe3S0x263	0xbe4S0x263
0xbe4S0x263	0xbe5S0x263
0xbe5S0x263	0xbe7S0x263
0xbe7S0x263	0xbe8S0x263
0xbe8S0x263	0xbebS0x263
0xbebS0x263	0xbecS0x263
0xbecS0x263	0xbeeS0x263
0xbeeS0x263	0xbf0S0x263
0xbf0S0x263	0xbf2S0x263
0xbf5S0x263	0xbf7S0x263
0xbf7S0x263	0xbfcS0x263
0xbfcS0x263	0xbffS0x263
0xbffS0x263	0x1e7cS0xbdcS0x263
0xbf2S0x263	0xbf5S0x263
0xc03S0x263	0xc06S0x263
0xc06S0x263	0xc07S0x263
0xc07S0x263	0xc0aS0x263
0xc0aS0x263	0xc0bS0x263
0xc47S0x263	0xc5cS0x263
0xc5cS0x263	0xc5dS0x263
0xc5dS0x263	0xc62S0x263
0xc62S0x263	0xc63S0x263
0xc63S0x263	0xc78S0x263
0xc78S0x263	0xc79S0x263
0xc79S0x263	0xc7eS0x263
0xc7eS0x263	0xc80S0x263
0xc80S0x263	0xc82S0x263
0xc82S0x263	0xc87S0x263
0xc87S0x263	0xc88S0x263
0xc88S0x263	0xc8aS0x263
0xc8aS0x263	0xc8cS0x263
0xc8dS0x263	0xc8fS0x263
0xc8fS0x263	0xc90S0x263
0xc90S0x263	0xc92S0x263
0xc92S0x263	0xc94S0x263
0xc94S0x263	0xc97S0x263
0xc97S0x263	0xc9aS0x263
0xc9aS0x263	0xc9bS0x263
0xc9bS0x263	0xc9cS0x263
0xc9cS0x263	0xc9eS0x263
0xc9eS0x263	0xc9fS0x263
0xc9fS0x263	0xca2S0x263
0xca2S0x263	0xca3S0x263
0xc8cS0x263	0xc8dS0x263
0xc3dS0x263	0xc3fS0x263
0xc3fS0x263	0xc42S0x263
0xc42S0x263	0xc44S0x263
0xc44S0x263	0xc47S0x263
0xcb1S0x263	0xcb3S0x263
0xcb3S0x263	0xcb4S0x263
0xcb4S0x263	0xcb5S0x263
0xcb5S0x263	0xcb7S0x263
0xcb7S0x263	0xcb8S0x263
0xcb8S0x263	0xcbbS0x263
0xcbbS0x263	0xcbcS0x263
0xcbcS0x263	0xcbeS0x263
0xcbeS0x263	0xcc0S0x263
0xcc0S0x263	0xcc2S0x263
0xcc5S0x263	0xcc7S0x263
0xcc7S0x263	0xcccS0x263
0xcccS0x263	0xccfS0x263
0xccfS0x263	0x17cfS0xcacS0x263
0xcc2S0x263	0xcc5S0x263
0xcd2S0x263	0xcd4S0x263
0xcd4S0x263	0xcd6S0x263
0xcd6S0x263	0xcdbS0x263
0xcdbS0x263	0xcdcS0x263
0xcdcS0x263	0xcdeS0x263
0xcdeS0x263	0xce0S0x263
0xce1S0x263	0xce3S0x263
0xce3S0x263	0xce4S0x263
0xce4S0x263	0xceaS0x263
0xceaS0x263	0xcedS0x263
0xcedS0x263	0x1f15S0xcd0S0x263
0xce0S0x263	0xce1S0x263
0xcefS0x263	0xcf1S0x263
0xcf1S0x263	0xcf3S0x263
0xcf3S0x263	0xcf6S0x263
0xcf6S0x263	0xcf8S0x263
0xcf8S0x263	0xcfbS0x263
0xcfbS0x263	0xcfcS0x263
0xcfcS0x263	0xcfdS0x263
0xcfdS0x263	0xcffS0x263
0xcffS0x263	0xd00S0x263
0xd00S0x263	0xd03S0x263
0xd03S0x263	0xd04S0x263
0xd12S0x263	0xd14S0x263
0xd14S0x263	0xd15S0x263
0xd15S0x263	0xd16S0x263
0xd16S0x263	0xd18S0x263
0xd18S0x263	0xd19S0x263
0xd19S0x263	0xd1cS0x263
0xd1cS0x263	0xd1dS0x263
0xd1dS0x263	0xd1fS0x263
0xd1fS0x263	0xd21S0x263
0xd21S0x263	0xd23S0x263
0xd26S0x263	0xd28S0x263
0xd28S0x263	0xd2dS0x263
0xd2dS0x263	0xd30S0x263
0xd30S0x263	0x1f6aS0xd0dS0x263
0xd23S0x263	0xd26S0x263
0xd32S0x263	0xd35S0x263
0xd35S0x263	0xd36S0x263
0xd68S0x263	0xd6aS0x263
0xd6aS0x263	0xd6dS0x263
0xd6dS0x263	0xd6fS0x263
0xd6fS0x263	0xd73S0x263
0x1ef5S0xc0bS0x263	0x1ef7S0xc0bS0x263
0x1ef7S0xc0bS0x263	0x1efaS0xc0bS0x263
0x1efaS0xc0bS0x263	0x1effS0xc0bS0x263
0x1effS0xc0bS0x263	0x1f00S0xc0bS0x263
0x1f00S0xc0bS0x263	0x1f03S0xc0bS0x263
0x1f03S0xc0bS0x263	0x1f04S0xc0bS0x263
0x1f05S0xc0bS0x263	0x1f09S0xc0bS0x263
0x1f09S0xc0bS0x263	0x1f0cS0xc0bS0x263
0x1f0cS0xc0bS0x263	0x1f13S0xc0bS0x263
0x1f04S0xc0bS0x263	0x1f05S0xc0bS0x263
0x1ee1S0xc0bS0x263	0x1ee5S0xc0bS0x263
0x1ee5S0xc0bS0x263	0x1ee8S0xc0bS0x263
0x1ee8S0xc0bS0x263	0x1eeaS0xc0bS0x263
0x1eeaS0xc0bS0x263	0x1eedS0xc0bS0x263
0x1eedS0xc0bS0x263	0x1ef3S0xc0bS0x263
0x1ef3S0xc0bS0x263	0x1ef5S0xc0bS0x263
0x1ea9S0xc0bS0x263	0x1ecaS0xc0bS0x263
0x1ecaS0xc0bS0x263	0x1ecdS0xc0bS0x263
0x1ecdS0xc0bS0x263	0x1eceS0xc0bS0x263
0x1ed0S0xc0bS0x263	0x1ed2S0xc0bS0x263
0x1eceS0xc0bS0x263	0x1ed0S0xc0bS0x263
0x1ed2S0xc0bS0x263	0x1ed4S0xc0bS0x263
0x1ed4S0xc0bS0x263	0x1ed7S0xc0bS0x263
0x1ed7S0xc0bS0x263	0x1edaS0xc0bS0x263
0x1edaS0xc0bS0x263	0x1eddS0xc0bS0x263
0x1eddS0xc0bS0x263	0x1842S0x1ed1S0xc0bS0x263
0x1842S0x1ed1S0xc0bS0x263	0x1846S0x1ed1S0xc0bS0x263
0x1847S0x1ed1S0xc0bS0x263	0x184aS0x1ed1S0xc0bS0x263
0x184aS0x1ed1S0xc0bS0x263	0x1851S0x1ed1S0xc0bS0x263
0x1851S0x1ed1S0xc0bS0x263	0x1ee1S0xc0bS0x263
0x1846S0x1ed1S0xc0bS0x263	0x1847S0x1ed1S0xc0bS0x263
0x1fe3S0xd36S0x263	0x1fe5S0xd36S0x263
0x1fe5S0xd36S0x263	0x1fe8S0xd36S0x263
0x1fe8S0xd36S0x263	0x1fedS0xd36S0x263
0x1fedS0xd36S0x263	0x1feeS0xd36S0x263
0x1feeS0xd36S0x263	0x1ff1S0xd36S0x263
0x1ff1S0xd36S0x263	0x1ff2S0xd36S0x263
0x1ff3S0xd36S0x263	0x1ff7S0xd36S0x263
0x1ff7S0xd36S0x263	0x1ffaS0xd36S0x263
0x1ffaS0xd36S0x263	0x2001S0xd36S0x263
0x1ff2S0xd36S0x263	0x1ff3S0xd36S0x263
0x1fcfS0xd36S0x263	0x1fd3S0xd36S0x263
0x1fd3S0xd36S0x263	0x1fd6S0xd36S0x263
0x1fd6S0xd36S0x263	0x1fd8S0xd36S0x263
0x1fd8S0xd36S0x263	0x1fdbS0xd36S0x263
0x1fdbS0xd36S0x263	0x1fe1S0xd36S0x263
0x1fe1S0xd36S0x263	0x1fe3S0xd36S0x263
0x1f97S0xd36S0x263	0x1fb8S0xd36S0x263
0x1fb8S0xd36S0x263	0x1fbbS0xd36S0x263
0x1fbbS0xd36S0x263	0x1fbcS0xd36S0x263
0x1fbeS0xd36S0x263	0x1fc0S0xd36S0x263
0x1fbcS0xd36S0x263	0x1fbeS0xd36S0x263
0x1fc0S0xd36S0x263	0x1fc2S0xd36S0x263
0x1fc2S0xd36S0x263	0x1fc5S0xd36S0x263
0x1fc5S0xd36S0x263	0x1fc8S0xd36S0x263
0x1fc8S0xd36S0x263	0x1fcbS0xd36S0x263
0x1fcbS0xd36S0x263	0x1842S0x1fbfS0xd36S0x263
0x1842S0x1fbfS0xd36S0x263	0x1846S0x1fbfS0xd36S0x263
0x1847S0x1fbfS0xd36S0x263	0x184aS0x1fbfS0xd36S0x263
0x184aS0x1fbfS0xd36S0x263	0x1851S0x1fbfS0xd36S0x263
0x1851S0x1fbfS0xd36S0x263	0x1fcfS0xd36S0x263
0x1846S0x1fbfS0xd36S0x263	0x1847S0x1fbfS0xd36S0x263
0x136bS0xb84S0x263	0x136dS0xb84S0x263
0x136dS0xb84S0x263	0x1370S0xb84S0x263
0x1370S0xb84S0x263	0x1373S0xb84S0x263
0x1373S0xb84S0x263	0x1376S0xb84S0x263
0x1376S0xb84S0x263	0x1379S0xb84S0x263
0x1379S0xb84S0x263	0x137bS0xb84S0x263
0x137bS0xb84S0x263	0x137eS0xb84S0x263
0x137eS0xb84S0x263	0x135cS0x136aS0xb84S0x263
0x135cS0x136aS0xb84S0x263	0x1360S0x136aS0xb84S0x263
0x1360S0x136aS0xb84S0x263	0x1363S0x136aS0xb84S0x263
0x1151S0x135bS0x136aS0xb84S0x263	0x1153S0x135bS0x136aS0xb84S0x263
0x1153S0x135bS0x136aS0xb84S0x263	0x1169S0x135bS0x136aS0xb84S0x263
0x1169S0x135bS0x136aS0xb84S0x263	0x116fS0x135bS0x136aS0xb84S0x263
0x116fS0x135bS0x136aS0xb84S0x263	0x1171S0x135bS0x136aS0xb84S0x263
0x1171S0x135bS0x136aS0xb84S0x263	0x1173S0x135bS0x136aS0xb84S0x263
0x1173S0x135bS0x136aS0xb84S0x263	0x1177S0x135bS0x136aS0xb84S0x263
0x1177S0x135bS0x136aS0xb84S0x263	0x117aS0x135bS0x136aS0xb84S0x263
0x117aS0x135bS0x136aS0xb84S0x263	0x1181S0x135bS0x136aS0xb84S0x263
0x1e89S0xbdcS0x263	0x1e8cS0xbdcS0x263
0x1e8cS0xbdcS0x263	0x1e8fS0xbdcS0x263
0x1e8fS0xbdcS0x263	0x1e92S0xbdcS0x263
0x1e7cS0xbdcS0x263	0x1e7eS0xbdcS0x263
0x1e7eS0xbdcS0x263	0x1e82S0xbdcS0x263
0x1e82S0xbdcS0x263	0x1e83S0xbdcS0x263
0x1e83S0xbdcS0x263	0x1e84S0xbdcS0x263
0x1e84S0xbdcS0x263	0x1e85S0xbdcS0x263
0x1e85S0xbdcS0x263	0x1e88S0xbdcS0x263
0x1e88S0xbdcS0x263	0x1e89S0xbdcS0x263
0x1e92S0xbdcS0x263	0x1e94S0xbdcS0x263
0x1e94S0xbdcS0x263	0x1e9aS0xbdcS0x263
0x1e9aS0xbdcS0x263	0x1e9bS0xbdcS0x263
0x1e9bS0xbdcS0x263	0x1e9eS0xbdcS0x263
0x1e9eS0xbdcS0x263	0x1e67S0x1e91S0xbdcS0x263
0x4865S0xbdcS0x263	0x4868S0xbdcS0x263
0x1e67S0x1e91S0xbdcS0x263	0x1e6aS0x1e91S0xbdcS0x263
0x1e6aS0x1e91S0xbdcS0x263	0x1e6dS0x1e91S0xbdcS0x263
0x1e6dS0x1e91S0xbdcS0x263	0x1e71S0x1e91S0xbdcS0x263
0x1e71S0x1e91S0xbdcS0x263	0x1e74S0x1e91S0xbdcS0x263
0x1e74S0x1e91S0xbdcS0x263	0x11b9S0x1e66B0x1e91S0xbdcS0x263
0x11c8S0x1e66B0x1e91S0xbdcS0x263	0x11cbS0x1e66B0x1e91S0xbdcS0x263
0x11cbS0x1e66B0x1e91S0xbdcS0x263	0x11ceS0x1e66B0x1e91S0xbdcS0x263
0x11c3S0x1e66B0x1e91S0xbdcS0x263	0x11c4S0x1e66B0x1e91S0xbdcS0x263
0x11c4S0x1e66B0x1e91S0xbdcS0x263	0x11c7S0x1e66B0x1e91S0xbdcS0x263
0x11c7S0x1e66B0x1e91S0xbdcS0x263	0x11c8S0x1e66B0x1e91S0xbdcS0x263
0x11b9S0x1e66B0x1e91S0xbdcS0x263	0x11bdS0x1e66B0x1e91S0xbdcS0x263
0x11bdS0x1e66B0x1e91S0xbdcS0x263	0x11c0S0x1e66B0x1e91S0xbdcS0x263
0x11c0S0x1e66B0x1e91S0xbdcS0x263	0x11afS0x11b8S0x1e66B0x1e91S0xbdcS0x263
0x11afS0x11b8S0x1e66B0x1e91S0xbdcS0x263	0x11b7S0x11b8S0x1e66B0x1e91S0xbdcS0x263
0x11b7S0x11b8S0x1e66B0x1e91S0xbdcS0x263	0x11c3S0x1e66B0x1e91S0xbdcS0x263
0x17dcS0xcacS0x263	0x17dfS0xcacS0x263
0x17dfS0xcacS0x263	0x17e2S0xcacS0x263
0x17e2S0xcacS0x263	0x17e5S0xcacS0x263
0x17cfS0xcacS0x263	0x17d1S0xcacS0x263
0x17d1S0xcacS0x263	0x17d5S0xcacS0x263
0x17d5S0xcacS0x263	0x17d6S0xcacS0x263
0x17d6S0xcacS0x263	0x17d7S0xcacS0x263
0x17d7S0xcacS0x263	0x17d8S0xcacS0x263
0x17d8S0xcacS0x263	0x17dbS0xcacS0x263
0x17dbS0xcacS0x263	0x17dcS0xcacS0x263
0x17e5S0xcacS0x263	0x17e7S0xcacS0x263
0x17e7S0xcacS0x263	0x17edS0xcacS0x263
0x17edS0xcacS0x263	0x17eeS0xcacS0x263
0x17eeS0xcacS0x263	0x17f1S0xcacS0x263
0x17f1S0xcacS0x263	0x17baS0x17e4S0xcacS0x263
0x4841S0xcacS0x263	0x4844S0xcacS0x263
0x17baS0x17e4S0xcacS0x263	0x17bdS0x17e4S0xcacS0x263
0x17bdS0x17e4S0xcacS0x263	0x17c0S0x17e4S0xcacS0x263
0x17c0S0x17e4S0xcacS0x263	0x17c4S0x17e4S0xcacS0x263
0x17c4S0x17e4S0xcacS0x263	0x17c7S0x17e4S0xcacS0x263
0x17c7S0x17e4S0xcacS0x263	0x1183S0x17b9B0x17e4S0xcacS0x263
0x1192S0x17b9B0x17e4S0xcacS0x263	0x1195S0x17b9B0x17e4S0xcacS0x263
0x1195S0x17b9B0x17e4S0xcacS0x263	0x1198S0x17b9B0x17e4S0xcacS0x263
0x118dS0x17b9B0x17e4S0xcacS0x263	0x118eS0x17b9B0x17e4S0xcacS0x263
0x118eS0x17b9B0x17e4S0xcacS0x263	0x1191S0x17b9B0x17e4S0xcacS0x263
0x1191S0x17b9B0x17e4S0xcacS0x263	0x1192S0x17b9B0x17e4S0xcacS0x263
0x1183S0x17b9B0x17e4S0xcacS0x263	0x1187S0x17b9B0x17e4S0xcacS0x263
0x1187S0x17b9B0x17e4S0xcacS0x263	0x118aS0x17b9B0x17e4S0xcacS0x263
0x1151S0x1182S0x17b9B0x17e4S0xcacS0x263	0x1153S0x1182S0x17b9B0x17e4S0xcacS0x263
0x1153S0x1182S0x17b9B0x17e4S0xcacS0x263	0x1169S0x1182S0x17b9B0x17e4S0xcacS0x263
0x1169S0x1182S0x17b9B0x17e4S0xcacS0x263	0x116fS0x1182S0x17b9B0x17e4S0xcacS0x263
0x116fS0x1182S0x17b9B0x17e4S0xcacS0x263	0x1171S0x1182S0x17b9B0x17e4S0xcacS0x263
0x1171S0x1182S0x17b9B0x17e4S0xcacS0x263	0x1173S0x1182S0x17b9B0x17e4S0xcacS0x263
0x1173S0x1182S0x17b9B0x17e4S0xcacS0x263	0x1177S0x1182S0x17b9B0x17e4S0xcacS0x263
0x1177S0x1182S0x17b9B0x17e4S0xcacS0x263	0x117aS0x1182S0x17b9B0x17e4S0xcacS0x263
0x117aS0x1182S0x17b9B0x17e4S0xcacS0x263	0x1181S0x1182S0x17b9B0x17e4S0xcacS0x263
0x1f15S0xcd0S0x263	0x1f17S0xcd0S0x263
0x1f17S0xcd0S0x263	0x1f1aS0xcd0S0x263
0x1f1aS0xcd0S0x263	0x1f1dS0xcd0S0x263
0x1f1dS0xcd0S0x263	0x1f20S0xcd0S0x263
0x1f20S0xcd0S0x263	0x1f23S0xcd0S0x263
0x1f23S0xcd0S0x263	0x1f25S0xcd0S0x263
0x1f25S0xcd0S0x263	0x1f28S0xcd0S0x263
0x1f28S0xcd0S0x263	0x135cS0x1f14S0xcd0S0x263
0x1f2aS0xcd0S0x263	0x1f2dS0xcd0S0x263
0x1f2dS0xcd0S0x263	0x1f30S0xcd0S0x263
0x1f30S0xcd0S0x263	0x1f32S0xcd0S0x263
0x1f32S0xcd0S0x263	0x1f35S0xcd0S0x263
0x1f35S0xcd0S0x263	0x18bfS0x1f29S0xcd0S0x263
0x135cS0x1f14S0xcd0S0x263	0x1360S0x1f14S0xcd0S0x263
0x1360S0x1f14S0xcd0S0x263	0x1363S0x1f14S0xcd0S0x263
0x1151S0x135bS0x1f14S0xcd0S0x263	0x1153S0x135bS0x1f14S0xcd0S0x263
0x1153S0x135bS0x1f14S0xcd0S0x263	0x1169S0x135bS0x1f14S0xcd0S0x263
0x1169S0x135bS0x1f14S0xcd0S0x263	0x116fS0x135bS0x1f14S0xcd0S0x263
0x116fS0x135bS0x1f14S0xcd0S0x263	0x1171S0x135bS0x1f14S0xcd0S0x263
0x1171S0x135bS0x1f14S0xcd0S0x263	0x1173S0x135bS0x1f14S0xcd0S0x263
0x1173S0x135bS0x1f14S0xcd0S0x263	0x1177S0x135bS0x1f14S0xcd0S0x263
0x1177S0x135bS0x1f14S0xcd0S0x263	0x117aS0x135bS0x1f14S0xcd0S0x263
0x117aS0x135bS0x1f14S0xcd0S0x263	0x1181S0x135bS0x1f14S0xcd0S0x263
0x18bfS0x1f29S0xcd0S0x263	0x18c3S0x1f29S0xcd0S0x263
0x18c3S0x1f29S0xcd0S0x263	0x18c6S0x1f29S0xcd0S0x263
0x18c6S0x1f29S0xcd0S0x263	0x11afS0x18beS0x1f29S0xcd0S0x263
0x11afS0x18beS0x1f29S0xcd0S0x263	0x11b7S0x18beS0x1f29S0xcd0S0x263
0x11b7S0x18beS0x1f29S0xcd0S0x263	0x18c9S0x1f29S0xcd0S0x263
0x1f77S0xd0dS0x263	0x1f7aS0xd0dS0x263
0x1f7aS0xd0dS0x263	0x1f7dS0xd0dS0x263
0x1f7dS0xd0dS0x263	0x1f80S0xd0dS0x263
0x1f6aS0xd0dS0x263	0x1f6cS0xd0dS0x263
0x1f6cS0xd0dS0x263	0x1f70S0xd0dS0x263
0x1f70S0xd0dS0x263	0x1f71S0xd0dS0x263
0x1f71S0xd0dS0x263	0x1f72S0xd0dS0x263
0x1f72S0xd0dS0x263	0x1f73S0xd0dS0x263
0x1f73S0xd0dS0x263	0x1f76S0xd0dS0x263
0x1f76S0xd0dS0x263	0x1f77S0xd0dS0x263
0x1f80S0xd0dS0x263	0x1f82S0xd0dS0x263
0x1f82S0xd0dS0x263	0x1f88S0xd0dS0x263
0x1f88S0xd0dS0x263	0x1f89S0xd0dS0x263
0x1f89S0xd0dS0x263	0x1f8cS0xd0dS0x263
0x1f8cS0xd0dS0x263	0x1f55S0x1f7fS0xd0dS0x263
0x4889S0xd0dS0x263	0x488cS0xd0dS0x263
0x1f55S0x1f7fS0xd0dS0x263	0x1f58S0x1f7fS0xd0dS0x263
0x1f58S0x1f7fS0xd0dS0x263	0x1f5bS0x1f7fS0xd0dS0x263
0x1f5bS0x1f7fS0xd0dS0x263	0x1f5fS0x1f7fS0xd0dS0x263
0x1f5fS0x1f7fS0xd0dS0x263	0x1f62S0x1f7fS0xd0dS0x263
0x1f62S0x1f7fS0xd0dS0x263	0x1f3eS0x1f54S0x1f7fS0xd0dS0x263
0x1f4dS0x1f54S0x1f7fS0xd0dS0x263	0x1f50S0x1f54S0x1f7fS0xd0dS0x263
0x1f50S0x1f54S0x1f7fS0xd0dS0x263	0x1f53S0x1f54S0x1f7fS0xd0dS0x263
0x1f48S0x1f54S0x1f7fS0xd0dS0x263	0x1f49S0x1f54S0x1f7fS0xd0dS0x263
0x1f49S0x1f54S0x1f7fS0xd0dS0x263	0x1f4cS0x1f54S0x1f7fS0xd0dS0x263
0x1f4cS0x1f54S0x1f7fS0xd0dS0x263	0x1f4dS0x1f54S0x1f7fS0xd0dS0x263
0x1f3eS0x1f54S0x1f7fS0xd0dS0x263	0x1f42S0x1f54S0x1f7fS0xd0dS0x263
0x1f42S0x1f54S0x1f7fS0xd0dS0x263	0x1f45S0x1f54S0x1f7fS0xd0dS0x263
0x1f45S0x1f54S0x1f7fS0xd0dS0x263	0x111bS0x1f3dS0x1f54S0x1f7fS0xd0dS0x263
0x111bS0x1f3dS0x1f54S0x1f7fS0xd0dS0x263	0x111eS0x1f3dS0x1f54S0x1f7fS0xd0dS0x263
0x111eS0x1f3dS0x1f54S0x1f7fS0xd0dS0x263	0x111fS0x1f3dS0x1f54S0x1f7fS0xd0dS0x263
0x111fS0x1f3dS0x1f54S0x1f7fS0xd0dS0x263	0x1125S0x1f3dS0x1f54S0x1f7fS0xd0dS0x263
0x1125S0x1f3dS0x1f54S0x1f7fS0xd0dS0x263	0x1f48S0x1f54S0x1f7fS0xd0dS0x263
0x1f13S0xc0bS0x263	0xc3dS0x263
0x2001S0xd36S0x263	0xd68S0x263
0x1384S0xb84S0x263	0xbc0S0x263
0x1366S0x136aS0xb84S0x263	0x1369S0x136aS0xb84S0x263
0x1181S0x135bS0x136aS0xb84S0x263	0x1366S0x136aS0xb84S0x263
0x1ea7S0xbdcS0x263	0xc03S0x263
0x1e7aS0x1e91S0xbdcS0x263	0x1ea7S0xbdcS0x263
0x17faS0xcacS0x263	0xcd2S0x263
0x17cdS0x17e4S0xcacS0x263	0x17faS0xcacS0x263
0x1181S0x1182S0x17b9B0x17e4S0xcacS0x263	0x118dS0x17b9B0x17e4S0xcacS0x263
0x1f3cS0xcd0S0x263	0xcefS0x263
0x1366S0x1f14S0xcd0S0x263	0x1369S0x1f14S0xcd0S0x263
0x1181S0x135bS0x1f14S0xcd0S0x263	0x1366S0x1f14S0xcd0S0x263
0x18c9S0x1f29S0xcd0S0x263	0x18ccS0x1f29S0xcd0S0x263
0x1f95S0xd0dS0x263	0xd32S0x263
0x1f68S0x1f7fS0xd0dS0x263	0x1f95S0xd0dS0x263
0xe78S0x2c9	0xe7fS0x2c9
0xe7fS0x2c9	0xe80S0x2c9
0xe80S0x2c9	0xe83S0x2c9
0xe83S0x2c9	0xe84S0x2c9
0xe84S0x2c9	0xe87S0x2c9
0xe87S0x2c9	0xe8aS0x2c9
0xe8aS0x2c9	0xe8fS0x2c9
0xeedS0x2c9	0xeeeS0x2c9
0xeeeS0x2c9	0xef1S0x2c9
0xef2S0x2c9	0xef3S0x2c9
0xef3S0x2c9	0xef5S0x2c9
0xef5S0x2c9	0xefbS0x2c9
0xef1S0x2c9	0xef2S0x2c9
0xf30S0x2c9	0xf33S0x2c9
0xf33S0x2c9	0xf36S0x2c9
0xf36S0x2c9	0xf3bS0x2c9
0xfaaS0x2c9	0xfabS0x2c9
0xfabS0x2c9	0xfaeS0x2c9
0xfafS0x2c9	0xfb0S0x2c9
0xfb0S0x2c9	0xfb2S0x2c9
0xfb2S0x2c9	0xfb8S0x2c9
0xfaeS0x2c9	0xfafS0x2c9
0x100bS0x2c9	0x100cS0x2c9
0x100cS0x2c9	0x100fS0x2c9
0x1010S0x2c9	0x1011S0x2c9
0x1011S0x2c9	0x1013S0x2c9
0x1013S0x2c9	0x1019S0x2c9
0x100fS0x2c9	0x1010S0x2c9
0x103dS0x2c9	0x103fS0x2c9
0x103fS0x2c9	0x1040S0x2c9
0x1040S0x2c9	0x1062S0x2c9
0x1063S0x2c9	0x1065S0x2c9
0x1065S0x2c9	0x1066S0x2c9
0x1066S0x2c9	0x106aS0x2c9
0x106aS0x2c9	0x106dS0x2c9
0x1062S0x2c9	0x1063S0x2c9
0xe6aS0x2c9	0xe72S0x2c9
0xe8fS0x2c9	0xe91S0x2c9
0xe91S0x2c9	0xe92S0x2c9
0xe92S0x2c9	0xe93S0x2c9
0xe93S0x2c9	0xe96S0x2c9
0xe96S0x2c9	0xe98S0x2c9
0xe98S0x2c9	0xe9dS0x2c9
0xe9dS0x2c9	0xea0S0x2c9
0xea0S0x2c9	0x1650S0xe8cS0x2c9
0x4301S0x2c9	0x4322S0x2c9
0x4322S0x2c9	0x4324S0x2c9
0x4325S0x2c9	0x4327S0x2c9
0x4327S0x2c9	0x4329S0x2c9
0x432aS0x2c9	0x432cS0x2c9
0x432cS0x2c9	0x432eS0x2c9
0x432eS0x2c9	0x434fS0x2c9
0x4324S0x2c9	0x4325S0x2c9
0x4329S0x2c9	0x432aS0x2c9
0xea2S0x2c9	0xeb7S0x2c9
0xeb7S0x2c9	0xeb8S0x2c9
0xeb8S0x2c9	0xebdS0x2c9
0xebdS0x2c9	0xebeS0x2c9
0xebeS0x2c9	0xec0S0x2c9
0xec0S0x2c9	0xec2S0x2c9
0xec2S0x2c9	0xec7S0x2c9
0xec7S0x2c9	0xec8S0x2c9
0xec8S0x2c9	0xecaS0x2c9
0xecaS0x2c9	0xeccS0x2c9
0xecdS0x2c9	0xecfS0x2c9
0xecfS0x2c9	0xed0S0x2c9
0xed0S0x2c9	0xed5S0x2c9
0xed5S0x2c9	0xed8S0x2c9
0xed8S0x2c9	0x136bS0xea1S0x2c9
0xeccS0x2c9	0xecdS0x2c9
0xedaS0x2c9	0xedcS0x2c9
0xedcS0x2c9	0xedeS0x2c9
0xedeS0x2c9	0xee1S0x2c9
0xee1S0x2c9	0xee4S0x2c9
0xee4S0x2c9	0xee5S0x2c9
0xee5S0x2c9	0xee6S0x2c9
0xee6S0x2c9	0xee8S0x2c9
0xee8S0x2c9	0xee9S0x2c9
0xee9S0x2c9	0xeecS0x2c9
0xeecS0x2c9	0xeedS0x2c9
0xefbS0x2c9	0xefdS0x2c9
0xefdS0x2c9	0xefeS0x2c9
0xefeS0x2c9	0xeffS0x2c9
0xeffS0x2c9	0xf01S0x2c9
0xf01S0x2c9	0xf02S0x2c9
0xf02S0x2c9	0xf05S0x2c9
0xf05S0x2c9	0xf06S0x2c9
0xf06S0x2c9	0xf08S0x2c9
0xf08S0x2c9	0xf0aS0x2c9
0xf0aS0x2c9	0xf0cS0x2c9
0xf0fS0x2c9	0xf11S0x2c9
0xf11S0x2c9	0xf16S0x2c9
0xf16S0x2c9	0xf19S0x2c9
0xf19S0x2c9	0x1e7cS0xef6S0x2c9
0xf0cS0x2c9	0xf0fS0x2c9
0xf1dS0x2c9	0xf20S0x2c9
0xf20S0x2c9	0xf21S0x2c9
0xf21S0x2c9	0xf22S0x2c9
0xf22S0x2c9	0xf25S0x2c9
0xf25S0x2c9	0xf2bS0x2c9
0x107cS0x2c9	0x107eS0x2c9
0x107eS0x2c9	0x1082S0x2c9
0x1082S0x2c9	0x1085S0x2c9
0x1085S0x2c9	0x108aS0x2c9
0xf3bS0x2c9	0xf3dS0x2c9
0xf3dS0x2c9	0xf3eS0x2c9
0xf3eS0x2c9	0xf3fS0x2c9
0xf3fS0x2c9	0xf42S0x2c9
0xf42S0x2c9	0xf44S0x2c9
0xf44S0x2c9	0xf49S0x2c9
0xf49S0x2c9	0xf4cS0x2c9
0xf4cS0x2c9	0x1650S0xf38S0x2c9
0x434fS0x2c9	0x4370S0x2c9
0x4370S0x2c9	0x4372S0x2c9
0x4373S0x2c9	0x4375S0x2c9
0x4375S0x2c9	0x4377S0x2c9
0x4378S0x2c9	0x437aS0x2c9
0x437aS0x2c9	0x437cS0x2c9
0x4372S0x2c9	0x4373S0x2c9
0x4377S0x2c9	0x4378S0x2c9
0xf4eS0x2c9	0xf63S0x2c9
0xf63S0x2c9	0xf64S0x2c9
0xf64S0x2c9	0xf69S0x2c9
0xf69S0x2c9	0xf6aS0x2c9
0xf6aS0x2c9	0xf7fS0x2c9
0xf7fS0x2c9	0xf80S0x2c9
0xf80S0x2c9	0xf85S0x2c9
0xf85S0x2c9	0xf87S0x2c9
0xf87S0x2c9	0xf89S0x2c9
0xf89S0x2c9	0xf8eS0x2c9
0xf8eS0x2c9	0xf8fS0x2c9
0xf8fS0x2c9	0xf91S0x2c9
0xf91S0x2c9	0xf93S0x2c9
0xf94S0x2c9	0xf96S0x2c9
0xf96S0x2c9	0xf97S0x2c9
0xf97S0x2c9	0xf99S0x2c9
0xf99S0x2c9	0xf9bS0x2c9
0xf9bS0x2c9	0xf9eS0x2c9
0xf9eS0x2c9	0xfa1S0x2c9
0xfa1S0x2c9	0xfa2S0x2c9
0xfa2S0x2c9	0xfa3S0x2c9
0xfa3S0x2c9	0xfa5S0x2c9
0xfa5S0x2c9	0xfa6S0x2c9
0xfa6S0x2c9	0xfa9S0x2c9
0xfa9S0x2c9	0xfaaS0x2c9
0xf93S0x2c9	0xf94S0x2c9
0xfb8S0x2c9	0xfbaS0x2c9
0xfbaS0x2c9	0xfbbS0x2c9
0xfbbS0x2c9	0xfbcS0x2c9
0xfbcS0x2c9	0xfbeS0x2c9
0xfbeS0x2c9	0xfbfS0x2c9
0xfbfS0x2c9	0xfc2S0x2c9
0xfc2S0x2c9	0xfc3S0x2c9
0xfc3S0x2c9	0xfc5S0x2c9
0xfc5S0x2c9	0xfc7S0x2c9
0xfc7S0x2c9	0xfc9S0x2c9
0xfccS0x2c9	0xfceS0x2c9
0xfceS0x2c9	0xfd3S0x2c9
0xfd3S0x2c9	0xfd6S0x2c9
0xfd6S0x2c9	0x17cfS0xfb3S0x2c9
0xfc9S0x2c9	0xfccS0x2c9
0xfd9S0x2c9	0xfdbS0x2c9
0xfdbS0x2c9	0xfddS0x2c9
0xfddS0x2c9	0xfe2S0x2c9
0xfe2S0x2c9	0xfe3S0x2c9
0xfe3S0x2c9	0xfe5S0x2c9
0xfe5S0x2c9	0xfe7S0x2c9
0xfe8S0x2c9	0xfeaS0x2c9
0xfeaS0x2c9	0xfebS0x2c9
0xfebS0x2c9	0xff1S0x2c9
0xff1S0x2c9	0xff4S0x2c9
0xff4S0x2c9	0x1f15S0xfd7S0x2c9
0xfe7S0x2c9	0xfe8S0x2c9
0xff6S0x2c9	0xff8S0x2c9
0xff8S0x2c9	0xffaS0x2c9
0xffaS0x2c9	0xffdS0x2c9
0xffdS0x2c9	0xfffS0x2c9
0xfffS0x2c9	0x1002S0x2c9
0x1002S0x2c9	0x1003S0x2c9
0x1003S0x2c9	0x1004S0x2c9
0x1004S0x2c9	0x1006S0x2c9
0x1006S0x2c9	0x1007S0x2c9
0x1007S0x2c9	0x100aS0x2c9
0x100aS0x2c9	0x100bS0x2c9
0x1019S0x2c9	0x101bS0x2c9
0x101bS0x2c9	0x101cS0x2c9
0x101cS0x2c9	0x101dS0x2c9
0x101dS0x2c9	0x101fS0x2c9
0x101fS0x2c9	0x1020S0x2c9
0x1020S0x2c9	0x1023S0x2c9
0x1023S0x2c9	0x1024S0x2c9
0x1024S0x2c9	0x1026S0x2c9
0x1026S0x2c9	0x1028S0x2c9
0x1028S0x2c9	0x102aS0x2c9
0x102dS0x2c9	0x102fS0x2c9
0x102fS0x2c9	0x1034S0x2c9
0x1034S0x2c9	0x1037S0x2c9
0x1037S0x2c9	0x1f6aS0x1014S0x2c9
0x102aS0x2c9	0x102dS0x2c9
0x1039S0x2c9	0x103cS0x2c9
0x103cS0x2c9	0x103dS0x2c9
0x106fS0x2c9	0x1071S0x2c9
0x1071S0x2c9	0x1074S0x2c9
0x1074S0x2c9	0x1076S0x2c9
0x1076S0x2c9	0x107cS0x2c9
0xe72S0x2c9	0xe73S0x2c9
0xe73S0x2c9	0xe74S0x2c9
0xe74S0x2c9	0xe77S0x2c9
0xe77S0x2c9	0xe78S0x2c9
0xf2bS0x2c9	0xf2cS0x2c9
0xf2cS0x2c9	0xf2fS0x2c9
0xf2fS0x2c9	0xf30S0x2c9
0x20a7S0x103dS0x2c9	0x20a9S0x103dS0x2c9
0x20a9S0x103dS0x2c9	0x20acS0x103dS0x2c9
0x20acS0x103dS0x2c9	0x20b1S0x103dS0x2c9
0x20b1S0x103dS0x2c9	0x20b2S0x103dS0x2c9
0x20b2S0x103dS0x2c9	0x20b5S0x103dS0x2c9
0x20b5S0x103dS0x2c9	0x20b6S0x103dS0x2c9
0x20b7S0x103dS0x2c9	0x20bbS0x103dS0x2c9
0x20bbS0x103dS0x2c9	0x20beS0x103dS0x2c9
0x20beS0x103dS0x2c9	0x20c5S0x103dS0x2c9
0x20b6S0x103dS0x2c9	0x20b7S0x103dS0x2c9
0x2093S0x103dS0x2c9	0x2097S0x103dS0x2c9
0x2097S0x103dS0x2c9	0x209aS0x103dS0x2c9
0x209aS0x103dS0x2c9	0x209cS0x103dS0x2c9
0x209cS0x103dS0x2c9	0x209fS0x103dS0x2c9
0x209fS0x103dS0x2c9	0x20a5S0x103dS0x2c9
0x20a5S0x103dS0x2c9	0x20a7S0x103dS0x2c9
0x205bS0x103dS0x2c9	0x207cS0x103dS0x2c9
0x207cS0x103dS0x2c9	0x207fS0x103dS0x2c9
0x207fS0x103dS0x2c9	0x2080S0x103dS0x2c9
0x2082S0x103dS0x2c9	0x2084S0x103dS0x2c9
0x2080S0x103dS0x2c9	0x2082S0x103dS0x2c9
0x2084S0x103dS0x2c9	0x2086S0x103dS0x2c9
0x2086S0x103dS0x2c9	0x2089S0x103dS0x2c9
0x2089S0x103dS0x2c9	0x208cS0x103dS0x2c9
0x208cS0x103dS0x2c9	0x208fS0x103dS0x2c9
0x208fS0x103dS0x2c9	0x1842S0x2083S0x103dS0x2c9
0x1842S0x2083S0x103dS0x2c9	0x1846S0x2083S0x103dS0x2c9
0x1847S0x2083S0x103dS0x2c9	0x184aS0x2083S0x103dS0x2c9
0x184aS0x2083S0x103dS0x2c9	0x1851S0x2083S0x103dS0x2c9
0x1851S0x2083S0x103dS0x2c9	0x2093S0x103dS0x2c9
0x1846S0x2083S0x103dS0x2c9	0x1847S0x2083S0x103dS0x2c9
0x136bS0xea1S0x2c9	0x136dS0xea1S0x2c9
0x136dS0xea1S0x2c9	0x1370S0xea1S0x2c9
0x1370S0xea1S0x2c9	0x1373S0xea1S0x2c9
0x1373S0xea1S0x2c9	0x1376S0xea1S0x2c9
0x1376S0xea1S0x2c9	0x1379S0xea1S0x2c9
0x1379S0xea1S0x2c9	0x137bS0xea1S0x2c9
0x137bS0xea1S0x2c9	0x137eS0xea1S0x2c9
0x137eS0xea1S0x2c9	0x135cS0x136aS0xea1S0x2c9
0x135cS0x136aS0xea1S0x2c9	0x1360S0x136aS0xea1S0x2c9
0x1360S0x136aS0xea1S0x2c9	0x1363S0x136aS0xea1S0x2c9
0x1151S0x135bS0x136aS0xea1S0x2c9	0x1153S0x135bS0x136aS0xea1S0x2c9
0x1153S0x135bS0x136aS0xea1S0x2c9	0x1169S0x135bS0x136aS0xea1S0x2c9
0x1169S0x135bS0x136aS0xea1S0x2c9	0x116fS0x135bS0x136aS0xea1S0x2c9
0x116fS0x135bS0x136aS0xea1S0x2c9	0x1171S0x135bS0x136aS0xea1S0x2c9
0x1171S0x135bS0x136aS0xea1S0x2c9	0x1173S0x135bS0x136aS0xea1S0x2c9
0x1173S0x135bS0x136aS0xea1S0x2c9	0x1177S0x135bS0x136aS0xea1S0x2c9
0x1177S0x135bS0x136aS0xea1S0x2c9	0x117aS0x135bS0x136aS0xea1S0x2c9
0x117aS0x135bS0x136aS0xea1S0x2c9	0x1181S0x135bS0x136aS0xea1S0x2c9
0x1e89S0xef6S0x2c9	0x1e8cS0xef6S0x2c9
0x1e8cS0xef6S0x2c9	0x1e8fS0xef6S0x2c9
0x1e8fS0xef6S0x2c9	0x1e92S0xef6S0x2c9
0x1e7cS0xef6S0x2c9	0x1e7eS0xef6S0x2c9
0x1e7eS0xef6S0x2c9	0x1e82S0xef6S0x2c9
0x1e82S0xef6S0x2c9	0x1e83S0xef6S0x2c9
0x1e83S0xef6S0x2c9	0x1e84S0xef6S0x2c9
0x1e84S0xef6S0x2c9	0x1e85S0xef6S0x2c9
0x1e85S0xef6S0x2c9	0x1e88S0xef6S0x2c9
0x1e88S0xef6S0x2c9	0x1e89S0xef6S0x2c9
0x1e92S0xef6S0x2c9	0x1e94S0xef6S0x2c9
0x1e94S0xef6S0x2c9	0x1e9aS0xef6S0x2c9
0x1e9aS0xef6S0x2c9	0x1e9bS0xef6S0x2c9
0x1e9bS0xef6S0x2c9	0x1e9eS0xef6S0x2c9
0x1e9eS0xef6S0x2c9	0x1e67S0x1e91S0xef6S0x2c9
0x4865S0xef6S0x2c9	0x4868S0xef6S0x2c9
0x1e67S0x1e91S0xef6S0x2c9	0x1e6aS0x1e91S0xef6S0x2c9
0x1e6aS0x1e91S0xef6S0x2c9	0x1e6dS0x1e91S0xef6S0x2c9
0x1e6dS0x1e91S0xef6S0x2c9	0x1e71S0x1e91S0xef6S0x2c9
0x1e71S0x1e91S0xef6S0x2c9	0x1e74S0x1e91S0xef6S0x2c9
0x1e74S0x1e91S0xef6S0x2c9	0x11b9S0x1e66B0x1e91S0xef6S0x2c9
0x11c8S0x1e66B0x1e91S0xef6S0x2c9	0x11cbS0x1e66B0x1e91S0xef6S0x2c9
0x11cbS0x1e66B0x1e91S0xef6S0x2c9	0x11ceS0x1e66B0x1e91S0xef6S0x2c9
0x11c3S0x1e66B0x1e91S0xef6S0x2c9	0x11c4S0x1e66B0x1e91S0xef6S0x2c9
0x11c4S0x1e66B0x1e91S0xef6S0x2c9	0x11c7S0x1e66B0x1e91S0xef6S0x2c9
0x11c7S0x1e66B0x1e91S0xef6S0x2c9	0x11c8S0x1e66B0x1e91S0xef6S0x2c9
0x11b9S0x1e66B0x1e91S0xef6S0x2c9	0x11bdS0x1e66B0x1e91S0xef6S0x2c9
0x11bdS0x1e66B0x1e91S0xef6S0x2c9	0x11c0S0x1e66B0x1e91S0xef6S0x2c9
0x11c0S0x1e66B0x1e91S0xef6S0x2c9	0x11afS0x11b8S0x1e66B0x1e91S0xef6S0x2c9
0x11afS0x11b8S0x1e66B0x1e91S0xef6S0x2c9	0x11b7S0x11b8S0x1e66B0x1e91S0xef6S0x2c9
0x11b7S0x11b8S0x1e66B0x1e91S0xef6S0x2c9	0x11c3S0x1e66B0x1e91S0xef6S0x2c9
0x17dcS0xfb3S0x2c9	0x17dfS0xfb3S0x2c9
0x17dfS0xfb3S0x2c9	0x17e2S0xfb3S0x2c9
0x17e2S0xfb3S0x2c9	0x17e5S0xfb3S0x2c9
0x17cfS0xfb3S0x2c9	0x17d1S0xfb3S0x2c9
0x17d1S0xfb3S0x2c9	0x17d5S0xfb3S0x2c9
0x17d5S0xfb3S0x2c9	0x17d6S0xfb3S0x2c9
0x17d6S0xfb3S0x2c9	0x17d7S0xfb3S0x2c9
0x17d7S0xfb3S0x2c9	0x17d8S0xfb3S0x2c9
0x17d8S0xfb3S0x2c9	0x17dbS0xfb3S0x2c9
0x17dbS0xfb3S0x2c9	0x17dcS0xfb3S0x2c9
0x17e5S0xfb3S0x2c9	0x17e7S0xfb3S0x2c9
0x17e7S0xfb3S0x2c9	0x17edS0xfb3S0x2c9
0x17edS0xfb3S0x2c9	0x17eeS0xfb3S0x2c9
0x17eeS0xfb3S0x2c9	0x17f1S0xfb3S0x2c9
0x17f1S0xfb3S0x2c9	0x17baS0x17e4S0xfb3S0x2c9
0x4841S0xfb3S0x2c9	0x4844S0xfb3S0x2c9
0x17baS0x17e4S0xfb3S0x2c9	0x17bdS0x17e4S0xfb3S0x2c9
0x17bdS0x17e4S0xfb3S0x2c9	0x17c0S0x17e4S0xfb3S0x2c9
0x17c0S0x17e4S0xfb3S0x2c9	0x17c4S0x17e4S0xfb3S0x2c9
0x17c4S0x17e4S0xfb3S0x2c9	0x17c7S0x17e4S0xfb3S0x2c9
0x17c7S0x17e4S0xfb3S0x2c9	0x1183S0x17b9B0x17e4S0xfb3S0x2c9
0x1192S0x17b9B0x17e4S0xfb3S0x2c9	0x1195S0x17b9B0x17e4S0xfb3S0x2c9
0x1195S0x17b9B0x17e4S0xfb3S0x2c9	0x1198S0x17b9B0x17e4S0xfb3S0x2c9
0x118dS0x17b9B0x17e4S0xfb3S0x2c9	0x118eS0x17b9B0x17e4S0xfb3S0x2c9
0x118eS0x17b9B0x17e4S0xfb3S0x2c9	0x1191S0x17b9B0x17e4S0xfb3S0x2c9
0x1191S0x17b9B0x17e4S0xfb3S0x2c9	0x1192S0x17b9B0x17e4S0xfb3S0x2c9
0x1183S0x17b9B0x17e4S0xfb3S0x2c9	0x1187S0x17b9B0x17e4S0xfb3S0x2c9
0x1187S0x17b9B0x17e4S0xfb3S0x2c9	0x118aS0x17b9B0x17e4S0xfb3S0x2c9
0x1151S0x1182S0x17b9B0x17e4S0xfb3S0x2c9	0x1153S0x1182S0x17b9B0x17e4S0xfb3S0x2c9
0x1153S0x1182S0x17b9B0x17e4S0xfb3S0x2c9	0x1169S0x1182S0x17b9B0x17e4S0xfb3S0x2c9
0x1169S0x1182S0x17b9B0x17e4S0xfb3S0x2c9	0x116fS0x1182S0x17b9B0x17e4S0xfb3S0x2c9
0x116fS0x1182S0x17b9B0x17e4S0xfb3S0x2c9	0x1171S0x1182S0x17b9B0x17e4S0xfb3S0x2c9
0x1171S0x1182S0x17b9B0x17e4S0xfb3S0x2c9	0x1173S0x1182S0x17b9B0x17e4S0xfb3S0x2c9
0x1173S0x1182S0x17b9B0x17e4S0xfb3S0x2c9	0x1177S0x1182S0x17b9B0x17e4S0xfb3S0x2c9
0x1177S0x1182S0x17b9B0x17e4S0xfb3S0x2c9	0x117aS0x1182S0x17b9B0x17e4S0xfb3S0x2c9
0x117aS0x1182S0x17b9B0x17e4S0xfb3S0x2c9	0x1181S0x1182S0x17b9B0x17e4S0xfb3S0x2c9
0x1f15S0xfd7S0x2c9	0x1f17S0xfd7S0x2c9
0x1f17S0xfd7S0x2c9	0x1f1aS0xfd7S0x2c9
0x1f1aS0xfd7S0x2c9	0x1f1dS0xfd7S0x2c9
0x1f1dS0xfd7S0x2c9	0x1f20S0xfd7S0x2c9
0x1f20S0xfd7S0x2c9	0x1f23S0xfd7S0x2c9
0x1f23S0xfd7S0x2c9	0x1f25S0xfd7S0x2c9
0x1f25S0xfd7S0x2c9	0x1f28S0xfd7S0x2c9
0x1f28S0xfd7S0x2c9	0x135cS0x1f14S0xfd7S0x2c9
0x1f2aS0xfd7S0x2c9	0x1f2dS0xfd7S0x2c9
0x1f2dS0xfd7S0x2c9	0x1f30S0xfd7S0x2c9
0x1f30S0xfd7S0x2c9	0x1f32S0xfd7S0x2c9
0x1f32S0xfd7S0x2c9	0x1f35S0xfd7S0x2c9
0x1f35S0xfd7S0x2c9	0x18bfS0x1f29S0xfd7S0x2c9
0x135cS0x1f14S0xfd7S0x2c9	0x1360S0x1f14S0xfd7S0x2c9
0x1360S0x1f14S0xfd7S0x2c9	0x1363S0x1f14S0xfd7S0x2c9
0x1151S0x135bS0x1f14S0xfd7S0x2c9	0x1153S0x135bS0x1f14S0xfd7S0x2c9
0x1153S0x135bS0x1f14S0xfd7S0x2c9	0x1169S0x135bS0x1f14S0xfd7S0x2c9
0x1169S0x135bS0x1f14S0xfd7S0x2c9	0x116fS0x135bS0x1f14S0xfd7S0x2c9
0x116fS0x135bS0x1f14S0xfd7S0x2c9	0x1171S0x135bS0x1f14S0xfd7S0x2c9
0x1171S0x135bS0x1f14S0xfd7S0x2c9	0x1173S0x135bS0x1f14S0xfd7S0x2c9
0x1173S0x135bS0x1f14S0xfd7S0x2c9	0x1177S0x135bS0x1f14S0xfd7S0x2c9
0x1177S0x135bS0x1f14S0xfd7S0x2c9	0x117aS0x135bS0x1f14S0xfd7S0x2c9
0x117aS0x135bS0x1f14S0xfd7S0x2c9	0x1181S0x135bS0x1f14S0xfd7S0x2c9
0x18bfS0x1f29S0xfd7S0x2c9	0x18c3S0x1f29S0xfd7S0x2c9
0x18c3S0x1f29S0xfd7S0x2c9	0x18c6S0x1f29S0xfd7S0x2c9
0x18c6S0x1f29S0xfd7S0x2c9	0x11afS0x18beS0x1f29S0xfd7S0x2c9
0x11afS0x18beS0x1f29S0xfd7S0x2c9	0x11b7S0x18beS0x1f29S0xfd7S0x2c9
0x11b7S0x18beS0x1f29S0xfd7S0x2c9	0x18c9S0x1f29S0xfd7S0x2c9
0x1f77S0x1014S0x2c9	0x1f7aS0x1014S0x2c9
0x1f7aS0x1014S0x2c9	0x1f7dS0x1014S0x2c9
0x1f7dS0x1014S0x2c9	0x1f80S0x1014S0x2c9
0x1f6aS0x1014S0x2c9	0x1f6cS0x1014S0x2c9
0x1f6cS0x1014S0x2c9	0x1f70S0x1014S0x2c9
0x1f70S0x1014S0x2c9	0x1f71S0x1014S0x2c9
0x1f71S0x1014S0x2c9	0x1f72S0x1014S0x2c9
0x1f72S0x1014S0x2c9	0x1f73S0x1014S0x2c9
0x1f73S0x1014S0x2c9	0x1f76S0x1014S0x2c9
0x1f76S0x1014S0x2c9	0x1f77S0x1014S0x2c9
0x1f80S0x1014S0x2c9	0x1f82S0x1014S0x2c9
0x1f82S0x1014S0x2c9	0x1f88S0x1014S0x2c9
0x1f88S0x1014S0x2c9	0x1f89S0x1014S0x2c9
0x1f89S0x1014S0x2c9	0x1f8cS0x1014S0x2c9
0x1f8cS0x1014S0x2c9	0x1f55S0x1f7fS0x1014S0x2c9
0x4889S0x1014S0x2c9	0x488cS0x1014S0x2c9
0x1f55S0x1f7fS0x1014S0x2c9	0x1f58S0x1f7fS0x1014S0x2c9
0x1f58S0x1f7fS0x1014S0x2c9	0x1f5bS0x1f7fS0x1014S0x2c9
0x1f5bS0x1f7fS0x1014S0x2c9	0x1f5fS0x1f7fS0x1014S0x2c9
0x1f5fS0x1f7fS0x1014S0x2c9	0x1f62S0x1f7fS0x1014S0x2c9
0x1f62S0x1f7fS0x1014S0x2c9	0x1f3eS0x1f54S0x1f7fS0x1014S0x2c9
0x1f4dS0x1f54S0x1f7fS0x1014S0x2c9	0x1f50S0x1f54S0x1f7fS0x1014S0x2c9
0x1f50S0x1f54S0x1f7fS0x1014S0x2c9	0x1f53S0x1f54S0x1f7fS0x1014S0x2c9
0x1f48S0x1f54S0x1f7fS0x1014S0x2c9	0x1f49S0x1f54S0x1f7fS0x1014S0x2c9
0x1f49S0x1f54S0x1f7fS0x1014S0x2c9	0x1f4cS0x1f54S0x1f7fS0x1014S0x2c9
0x1f4cS0x1f54S0x1f7fS0x1014S0x2c9	0x1f4dS0x1f54S0x1f7fS0x1014S0x2c9
0x1f3eS0x1f54S0x1f7fS0x1014S0x2c9	0x1f42S0x1f54S0x1f7fS0x1014S0x2c9
0x1f42S0x1f54S0x1f7fS0x1014S0x2c9	0x1f45S0x1f54S0x1f7fS0x1014S0x2c9
0x1f45S0x1f54S0x1f7fS0x1014S0x2c9	0x111bS0x1f3dS0x1f54S0x1f7fS0x1014S0x2c9
0x111bS0x1f3dS0x1f54S0x1f7fS0x1014S0x2c9	0x111eS0x1f3dS0x1f54S0x1f7fS0x1014S0x2c9
0x111eS0x1f3dS0x1f54S0x1f7fS0x1014S0x2c9	0x111fS0x1f3dS0x1f54S0x1f7fS0x1014S0x2c9
0x111fS0x1f3dS0x1f54S0x1f7fS0x1014S0x2c9	0x1125S0x1f3dS0x1f54S0x1f7fS0x1014S0x2c9
0x1125S0x1f3dS0x1f54S0x1f7fS0x1014S0x2c9	0x1f48S0x1f54S0x1f7fS0x1014S0x2c9
0x20c5S0x103dS0x2c9	0x106fS0x2c9
0x1384S0xea1S0x2c9	0xedaS0x2c9
0x1366S0x136aS0xea1S0x2c9	0x1369S0x136aS0xea1S0x2c9
0x1181S0x135bS0x136aS0xea1S0x2c9	0x1366S0x136aS0xea1S0x2c9
0x1ea7S0xef6S0x2c9	0xf1dS0x2c9
0x1e7aS0x1e91S0xef6S0x2c9	0x1ea7S0xef6S0x2c9
0x17faS0xfb3S0x2c9	0xfd9S0x2c9
0x17cdS0x17e4S0xfb3S0x2c9	0x17faS0xfb3S0x2c9
0x1181S0x1182S0x17b9B0x17e4S0xfb3S0x2c9	0x118dS0x17b9B0x17e4S0xfb3S0x2c9
0x1f3cS0xfd7S0x2c9	0xff6S0x2c9
0x1366S0x1f14S0xfd7S0x2c9	0x1369S0x1f14S0xfd7S0x2c9
0x1181S0x135bS0x1f14S0xfd7S0x2c9	0x1366S0x1f14S0xfd7S0x2c9
0x18c9S0x1f29S0xfd7S0x2c9	0x18ccS0x1f29S0xfd7S0x2c9
0x1f95S0x1014S0x2c9	0x1039S0x2c9
0x1f68S0x1f7fS0x1014S0x2c9	0x1f95S0x1014S0x2c9
0x165dS0xe8cS0x2c9	0x1660S0xe8cS0x2c9
0x1660S0xe8cS0x2c9	0x1663S0xe8cS0x2c9
0x1663S0xe8cS0x2c9	0x1666S0xe8cS0x2c9
0x1650S0xe8cS0x2c9	0x1652S0xe8cS0x2c9
0x1652S0xe8cS0x2c9	0x1656S0xe8cS0x2c9
0x1656S0xe8cS0x2c9	0x1657S0xe8cS0x2c9
0x1657S0xe8cS0x2c9	0x1658S0xe8cS0x2c9
0x1658S0xe8cS0x2c9	0x1659S0xe8cS0x2c9
0x1659S0xe8cS0x2c9	0x165cS0xe8cS0x2c9
0x165cS0xe8cS0x2c9	0x165dS0xe8cS0x2c9
0x1666S0xe8cS0x2c9	0x1668S0xe8cS0x2c9
0x1668S0xe8cS0x2c9	0x166eS0xe8cS0x2c9
0x166eS0xe8cS0x2c9	0x166fS0xe8cS0x2c9
0x166fS0xe8cS0x2c9	0x1672S0xe8cS0x2c9
0x1672S0xe8cS0x2c9	0x163bS0x1665S0xe8cS0x2c9
0x4721S0xe8cS0x2c9	0x4724S0xe8cS0x2c9
0x167bS0xe8cS0x2c9	0xea2S0x2c9
0x164eS0x1665S0xe8cS0x2c9	0x167bS0xe8cS0x2c9
0x163bS0x1665S0xe8cS0x2c9	0x163eS0x1665S0xe8cS0x2c9
0x163eS0x1665S0xe8cS0x2c9	0x1641S0x1665S0xe8cS0x2c9
0x1641S0x1665S0xe8cS0x2c9	0x1645S0x1665S0xe8cS0x2c9
0x1645S0x1665S0xe8cS0x2c9	0x1648S0x1665S0xe8cS0x2c9
0x1648S0x1665S0xe8cS0x2c9	0x1624S0x163aS0x1665S0xe8cS0x2c9
0x1633S0x163aS0x1665S0xe8cS0x2c9	0x1636S0x163aS0x1665S0xe8cS0x2c9
0x1636S0x163aS0x1665S0xe8cS0x2c9	0x1639S0x163aS0x1665S0xe8cS0x2c9
0x162eS0x163aS0x1665S0xe8cS0x2c9	0x162fS0x163aS0x1665S0xe8cS0x2c9
0x162fS0x163aS0x1665S0xe8cS0x2c9	0x1632S0x163aS0x1665S0xe8cS0x2c9
0x1632S0x163aS0x1665S0xe8cS0x2c9	0x1633S0x163aS0x1665S0xe8cS0x2c9
0x1624S0x163aS0x1665S0xe8cS0x2c9	0x1628S0x163aS0x1665S0xe8cS0x2c9
0x1628S0x163aS0x1665S0xe8cS0x2c9	0x162bS0x163aS0x1665S0xe8cS0x2c9
0x162bS0x163aS0x1665S0xe8cS0x2c9	0x1612S0x1623S0x163aS0x1665S0xe8cS0x2c9
0x1622S0x1623S0x163aS0x1665S0xe8cS0x2c9	0x162eS0x163aS0x1665S0xe8cS0x2c9
0x1612S0x1623S0x163aS0x1665S0xe8cS0x2c9	0x1614S0x1623S0x163aS0x1665S0xe8cS0x2c9
0x1614S0x1623S0x163aS0x1665S0xe8cS0x2c9	0x1618S0x1623S0x163aS0x1665S0xe8cS0x2c9
0x1618S0x1623S0x163aS0x1665S0xe8cS0x2c9	0x161bS0x1623S0x163aS0x1665S0xe8cS0x2c9
0x1181S0x1611S0x1623S0x163aS0x1665S0xe8cS0x2c9	0x1622S0x1623S0x163aS0x1665S0xe8cS0x2c9
0x1151S0x1611S0x1623S0x163aS0x1665S0xe8cS0x2c9	0x1153S0x1611S0x1623S0x163aS0x1665S0xe8cS0x2c9
0x1153S0x1611S0x1623S0x163aS0x1665S0xe8cS0x2c9	0x1169S0x1611S0x1623S0x163aS0x1665S0xe8cS0x2c9
0x1169S0x1611S0x1623S0x163aS0x1665S0xe8cS0x2c9	0x116fS0x1611S0x1623S0x163aS0x1665S0xe8cS0x2c9
0x116fS0x1611S0x1623S0x163aS0x1665S0xe8cS0x2c9	0x1171S0x1611S0x1623S0x163aS0x1665S0xe8cS0x2c9
0x1171S0x1611S0x1623S0x163aS0x1665S0xe8cS0x2c9	0x1173S0x1611S0x1623S0x163aS0x1665S0xe8cS0x2c9
0x1173S0x1611S0x1623S0x163aS0x1665S0xe8cS0x2c9	0x1177S0x1611S0x1623S0x163aS0x1665S0xe8cS0x2c9
0x1177S0x1611S0x1623S0x163aS0x1665S0xe8cS0x2c9	0x117aS0x1611S0x1623S0x163aS0x1665S0xe8cS0x2c9
0x117aS0x1611S0x1623S0x163aS0x1665S0xe8cS0x2c9	0x1181S0x1611S0x1623S0x163aS0x1665S0xe8cS0x2c9
0x165dS0xf38S0x2c9	0x1660S0xf38S0x2c9
0x1660S0xf38S0x2c9	0x1663S0xf38S0x2c9
0x1663S0xf38S0x2c9	0x1666S0xf38S0x2c9
0x1650S0xf38S0x2c9	0x1652S0xf38S0x2c9
0x1652S0xf38S0x2c9	0x1656S0xf38S0x2c9
0x1656S0xf38S0x2c9	0x1657S0xf38S0x2c9
0x1657S0xf38S0x2c9	0x1658S0xf38S0x2c9
0x1658S0xf38S0x2c9	0x1659S0xf38S0x2c9
0x1659S0xf38S0x2c9	0x165cS0xf38S0x2c9
0x165cS0xf38S0x2c9	0x165dS0xf38S0x2c9
0x1666S0xf38S0x2c9	0x1668S0xf38S0x2c9
0x1668S0xf38S0x2c9	0x166eS0xf38S0x2c9
0x166eS0xf38S0x2c9	0x166fS0xf38S0x2c9
0x166fS0xf38S0x2c9	0x1672S0xf38S0x2c9
0x1672S0xf38S0x2c9	0x163bS0x1665S0xf38S0x2c9
0x4721S0xf38S0x2c9	0x4724S0xf38S0x2c9
0x167bS0xf38S0x2c9	0xf4eS0x2c9
0x164eS0x1665S0xf38S0x2c9	0x167bS0xf38S0x2c9
0x163bS0x1665S0xf38S0x2c9	0x163eS0x1665S0xf38S0x2c9
0x163eS0x1665S0xf38S0x2c9	0x1641S0x1665S0xf38S0x2c9
0x1641S0x1665S0xf38S0x2c9	0x1645S0x1665S0xf38S0x2c9
0x1645S0x1665S0xf38S0x2c9	0x1648S0x1665S0xf38S0x2c9
0x1648S0x1665S0xf38S0x2c9	0x1624S0x163aS0x1665S0xf38S0x2c9
0x1633S0x163aS0x1665S0xf38S0x2c9	0x1636S0x163aS0x1665S0xf38S0x2c9
0x1636S0x163aS0x1665S0xf38S0x2c9	0x1639S0x163aS0x1665S0xf38S0x2c9
0x162eS0x163aS0x1665S0xf38S0x2c9	0x162fS0x163aS0x1665S0xf38S0x2c9
0x162fS0x163aS0x1665S0xf38S0x2c9	0x1632S0x163aS0x1665S0xf38S0x2c9
0x1632S0x163aS0x1665S0xf38S0x2c9	0x1633S0x163aS0x1665S0xf38S0x2c9
0x1624S0x163aS0x1665S0xf38S0x2c9	0x1628S0x163aS0x1665S0xf38S0x2c9
0x1628S0x163aS0x1665S0xf38S0x2c9	0x162bS0x163aS0x1665S0xf38S0x2c9
0x162bS0x163aS0x1665S0xf38S0x2c9	0x1612S0x1623S0x163aS0x1665S0xf38S0x2c9
0x1622S0x1623S0x163aS0x1665S0xf38S0x2c9	0x162eS0x163aS0x1665S0xf38S0x2c9
0x1612S0x1623S0x163aS0x1665S0xf38S0x2c9	0x1614S0x1623S0x163aS0x1665S0xf38S0x2c9
0x1614S0x1623S0x163aS0x1665S0xf38S0x2c9	0x1618S0x1623S0x163aS0x1665S0xf38S0x2c9
0x1618S0x1623S0x163aS0x1665S0xf38S0x2c9	0x161bS0x1623S0x163aS0x1665S0xf38S0x2c9
0x1181S0x1611S0x1623S0x163aS0x1665S0xf38S0x2c9	0x1622S0x1623S0x163aS0x1665S0xf38S0x2c9
0x1151S0x1611S0x1623S0x163aS0x1665S0xf38S0x2c9	0x1153S0x1611S0x1623S0x163aS0x1665S0xf38S0x2c9
0x1153S0x1611S0x1623S0x163aS0x1665S0xf38S0x2c9	0x1169S0x1611S0x1623S0x163aS0x1665S0xf38S0x2c9
0x1169S0x1611S0x1623S0x163aS0x1665S0xf38S0x2c9	0x116fS0x1611S0x1623S0x163aS0x1665S0xf38S0x2c9
0x116fS0x1611S0x1623S0x163aS0x1665S0xf38S0x2c9	0x1171S0x1611S0x1623S0x163aS0x1665S0xf38S0x2c9
0x1171S0x1611S0x1623S0x163aS0x1665S0xf38S0x2c9	0x1173S0x1611S0x1623S0x163aS0x1665S0xf38S0x2c9
0x1173S0x1611S0x1623S0x163aS0x1665S0xf38S0x2c9	0x1177S0x1611S0x1623S0x163aS0x1665S0xf38S0x2c9
0x1177S0x1611S0x1623S0x163aS0x1665S0xf38S0x2c9	0x117aS0x1611S0x1623S0x163aS0x1665S0xf38S0x2c9
0x117aS0x1611S0x1623S0x163aS0x1665S0xf38S0x2c9	0x1181S0x1611S0x1623S0x163aS0x1665S0xf38S0x2c9
