0x0	0x80
0xf	0xe0
0x3f	0xf58b8f78
0x2	0x40
0x5	0x4
0x9	0x58
0xd	0x0
0x13	0x239ea3b
0x1e	0x23a69e75
0x29	0x96fc3511
0x34	0x978c64d0
0x4a	0xfa461e33
0x54	0x7d70
0x5a	0x7d93
0x67	0x6e
0x6b	0x0
0x6c	0x0
0x70	0x89
0x73	0x4
0x7b	0x84
0x80	0x27e8
0x85	0x183
0x8a	0x40
0x8d	0x96
0x92	0x2850
0x97	0x40
0x9c	0x20
0xa3	0xaa
0xa7	0x0
0xa8	0x0
0xac	0xc5
0xaf	0x4
0xb7	0xc0
0xbc	0x28fd
0xc1	0x377
0xcb	0xd2
0xcf	0x0
0xd0	0x0
0xd4	0xed
0xd7	0x4
0xdf	0xe8
0xe4	0x29a1
0xe9	0x56c
0xee	0x40
0xf1	0xfa
0xf6	0x29db
0xfb	0x40
0x100	0x20
0x107	0x10e
0x10b	0x0
0x10c	0x0
0x110	0x129
0x113	0x4
0x11b	0x124
0x120	0x2d78
0x125	0x593
0x12a	0x40
0x12d	0x136
0x132	0x2ed3
0x137	0x40
0x140	0x159
0x143	0x4
0x14b	0x154
0x150	0x2f6a
0x155	0x948
0x15f	0x166
0x163	0x0
0x164	0x0
0x168	0x181
0x16b	0x4
0x173	0x17c
0x178	0x28fd
0x17d	0xb0d
0x184	0x0
0x185	0x0
0x186	0x0
0x188	0xffffffffffffffffffffffffffffffffffffffff
0x19e	0x902f1ac
0x1a3	0x40
0x1a7	0xffffffff
0x1ac	0x902f1ac
0x1ad	0xe0
0x1af	0x902f1ac00000000000000000000000000000000000000000000000000000000
0x1b2	0x4
0x1b5	0x60
0x1b7	0x40
0x1bc	0x4
0x1c4	0x1cf
0x1c9	0x0
0x1ca	0x0
0x1cd	0x0
0x1d4	0x40
0x1d8	0x1f
0x1da	0xffffffffffffffffffffffffffffffffffffffffffffffffffffffffffffffe0
0x1db	0x1f
0x1e3	0x40
0x1ea	0x1f3
0x1ef	0x305f
0x1f9	0x0
0x1fb	0xffffffffffffffffffffffffffff
0x20e	0x226
0x213	0x0
0x215	0xffffffffffffffffffffffffffff
0x227	0x25c
0x22b	0x40
0x22e	0x2c5211c600000000000000000000000000000000000000000000000000000000
0x251	0x4
0x254	0x40
0x259	0x4
0x25d	0x0
0x25e	0x0
0x25f	0x268
0x264	0xd02
0x269	0x273
0x26f	0x276
0x277	0xffffffffffffffffffffffffffff
0x289	0xffffffffffffffffffffffffffff
0x29b	0x0
0x29e	0xffffffffffffffffffffffffffffffffffffffff
0x2b4	0x70a08231
0x2ba	0x40
0x2be	0xffffffff
0x2c3	0x70a08231
0x2c4	0xe0
0x2c6	0x70a0823100000000000000000000000000000000000000000000000000000000
0x2c9	0x4
0x2cc	0x2d5
0x2d1	0x30be
0x2d6	0x20
0x2d8	0x40
0x2dd	0x24
0x2e5	0x2f0
0x2ea	0x0
0x2eb	0x0
0x2ee	0x0
0x2f5	0x40
0x2f9	0x1f
0x2fb	0xffffffffffffffffffffffffffffffffffffffffffffffffffffffffffffffe0
0x2fc	0x1f
0x304	0x40
0x30b	0x314
0x310	0x30eb
0x315	0x31e
0x31a	0x3143
0x321	0x3e5
0x325	0x32e
0x32a	0x3176
0x32f	0x3e8
0x333	0x33c
0x338	0x3176
0x33d	0x346
0x342	0x31b7
0x348	0x3e5
0x34c	0x355
0x351	0x3176
0x356	0x35f
0x35b	0x3176
0x360	0x369
0x365	0x3217
0x594	0x60
0x598	0xffffffffffffffff
0x5a4	0x5b0
0x5a8	0x5af
0x5ab	0x7db6
0x5b1	0x40
0x5b9	0x20
0x5bc	0x20
0x5c1	0x40
0x5c6	0x5de
0x5cb	0x20
0x5ce	0x20
0x5e3	0x0
0x5e8	0x5f4
0x5ec	0x5f3
0x5ef	0x7e02
0x5f5	0x20
0x5f7	0x0
0x5f8	0x20
0x5fa	0x20
0x5fe	0x0
0x603	0x60f
0x607	0x60e
0x60a	0x7e4e
0x610	0x20
0x612	0x0
0x613	0x20
0x615	0x20
0x61c	0x0
0x61d	0x0
0x626	0x940
0x62a	0x0
0x631	0x63d
0x635	0x63c
0x638	0x7e9a
0x63e	0x20
0x641	0x20
0x648	0x0
0x64f	0x65b
0x653	0x65a
0x656	0x7ee6
0x65c	0x20
0x65f	0x20
0x666	0x2
0x669	0x20
0x66d	0xffffffffffffffffffffffff
0x67c	0x8de
0x680	0x0
0x681	0x0
0x683	0x0
0x686	0xffffffffffffffffffffffffffffffffffffffff
0x69c	0x902f1ac
0x6a1	0x40
0x6a5	0xffffffff
0x6aa	0x902f1ac
0x6ab	0xe0
0x6ad	0x902f1ac00000000000000000000000000000000000000000000000000000000
0x6b0	0x4
0x6b3	0x60
0x6b5	0x40
0x6ba	0x4
0x6c2	0x6cd
0x6c7	0x0
0x6c8	0x0
0x6cb	0x0
0x6d2	0x40
0x6d6	0x1f
0x6d8	0xffffffffffffffffffffffffffffffffffffffffffffffffffffffffffffffe0
0x6d9	0x1f
0x6e1	0x40
0x6e8	0x6f1
0x6ed	0x305f
0x6f7	0x0
0x6f9	0xffffffffffffffffffffffffffff
0x70c	0x724
0x711	0x0
0x713	0xffffffffffffffffffffffffffff
0x725	0x75a
0x729	0x40
0x72c	0x2c5211c600000000000000000000000000000000000000000000000000000000
0x74f	0x4
0x752	0x40
0x757	0x4
0x75b	0x7a4
0x764	0x770
0x768	0x76f
0x76b	0x7f32
0x771	0x20
0x774	0x20
0x77a	0x1
0x77d	0x786
0x782	0x31b7
0x78b	0x797
0x78f	0x796
0x792	0x7f7e
0x798	0x20
0x79b	0x20
0x7a0	0xd02
0x7a6	0x842
0x7aa	0x3e5
0x7ae	0x7b7
0x7b3	0x3176
0x7b8	0x3e8
0x7bc	0x7c5
0x7c1	0x32b3
0x7c6	0xffffffffffffffffffffffffffff
0x7d6	0x7df
0x7db	0x31b7
0x7e1	0xffffffffffffffffffffffffffff
0x7f1	0x3e5
0x7f5	0x7fe
0x7fa	0x3176
0x7ff	0x808
0x804	0x3176
0x809	0x812
0x80e	0x3217
0x814	0x1
0x817	0x820
0x81c	0x31b7
0x825	0x831
0x829	0x830
0x82c	0x7fca
0x832	0x20
0x835	0x20
0x83e	0x8d7
0x843	0x3e5
0x847	0x850
0x84c	0x3176
0x851	0x3e8
0x855	0x85e
0x85a	0x32b3
0x85f	0xffffffffffffffffffffffffffff
0x86f	0x878
0x874	0x31b7
0x87a	0xffffffffffffffffffffffffffff
0x88a	0x3e5
0x88e	0x897
0x893	0x3176
0x898	0x8a1
0x89d	0x3176
0x8a2	0x8ab
0x8a7	0x3217
0x8ad	0x1
0x8b0	0x8b9
0x8b5	0x31b7
0x8be	0x8ca
0x8c2	0x8c9
0x8c5	0x8016
0x8cb	0x20
0x8ce	0x20
0x8da	0x931
0x8e0	0x1
0x8e3	0x8ec
0x8e8	0x31b7
0x8f1	0x8fd
0x8f5	0x8fc
0x8f8	0x8062
0x8fe	0x20
0x901	0x20
0x907	0x1
0x90a	0x913
0x90f	0x31b7
0x918	0x924
0x91c	0x923
0x91f	0x80ae
0x925	0x20
0x928	0x20
0x936	0x1
0x93c	0x620
0x949	0x953
0x94f	0xe88
0x954	0x989
0x958	0x40
0x95b	0x8baa579f00000000000000000000000000000000000000000000000000000000
0x97e	0x4
0x981	0x40
0x986	0x4
0x98a	0x0
0x98b	0x0
0x996	0xb07
0x9a1	0x9ad
0x9a5	0x9ac
0x9a8	0x80fa
0x9b0	0x20
0x9b6	0x9bf
0x9bb	0x32fb
0x9c2	0x0
0x9c3	0x2
0x9c6	0x0
0x9c7	0x1
0x9c8	0x9d4
0x9cc	0x9d3
0x9cf	0x8146
0x9d6	0x0
0x9d8	0x20
0x9dd	0x9e6
0x9e2	0x3372
0x9e7	0x2
0x9ec	0x9f8
0x9f0	0x9f7
0x9f3	0x8192
0x9fa	0xa4d
0x9fe	0x0
0x9ff	0x0
0xa00	0x0
0xa01	0x0
0xa04	0x40
0xa08	0xa11
0xa0d	0x339d
0xa15	0xa1e
0xa1a	0x343a
0xa27	0xa44
0xa2f	0x0
0xa31	0x20
0xa36	0xa3f
0xa3b	0x349e
0xa40	0x1153
0xa49	0xafb
0xa4e	0x1
0xa50	0x2
0xa53	0x0
0xa54	0x1
0xa55	0xa61
0xa59	0xa60
0xa5c	0x81de
0xa63	0x0
0xa65	0x20
0xa6a	0xa73
0xa6f	0x3372
0xa74	0x2
0xa79	0xa85
0xa7d	0xa84
0xa80	0x822a
0xa87	0xac8
0xa8b	0x0
0xa8c	0x0
0xa8d	0x0
0xa8e	0x0
0xa91	0x40
0xa95	0xa9e
0xa9a	0x339d
0xaa2	0xaab
0xaa7	0x35a6
0xab4	0xabf
0xabb	0x133c
0xac4	0xafa
0xac9	0x40
0xacc	0x8baa579f00000000000000000000000000000000000000000000000000000000
0xaef	0x4
0xaf2	0x40
0xaf7	0x4
0xafd	0x1
0xb03	0x98e
0xe89	0x0
0xe8b	0x40
0xe91	0x40
0xe94	0x20
0xe97	0xea1
0xe9d	0x39b0
0xea2	0x40
0xea5	0x20
0xeae	0x40
0xeb4	0x20
0xeb9	0xef7
0xebd	0x40
0xec0	0x8c379a000000000000000000000000000000000000000000000000000000000
0xee3	0x4
0xee6	0xeee
0xeea	0x3a2c
0xeef	0x40
0xef4	0x64
0xefa	0x80
0xf00	0xf3e
0xf04	0x40
0xf07	0x8c379a000000000000000000000000000000000000000000000000000000000
0xf2a	0x4
0xf2d	0xf35
0xf31	0x3a94
0xf36	0x40
0xf3b	0x64
0xf3f	0x0
0xf40	0xf4a
0xf43	0x0
0xf44	0x0
0xf45	0x0
0xf46	0x56c
0xf4d	0x0
0xf4e	0x1
0xf52	0x0
0xf53	0x1
0xf54	0xf60
0xf58	0xf5f
0xf5b	0x8276
0xf62	0x20
0xf65	0x20
0xf6a	0xf73
0xf6f	0x3ad5
0xf74	0x1
0xf79	0xf85
0xf7d	0xf84
0xf80	0x82c2
0xf89	0x0
0xf8b	0xf94
0xf90	0xf9a
0xf96	0x60
0xf9d	0x0
0xf9f	0x0
0xfa1	0x20
0xfa6	0xfaf
0xfab	0x349e
0xfb1	0x40
0xfb7	0x80
0xfbb	0x40
0xfbe	0x20
0xfc1	0xfcd
0xfc9	0x3b00
0xfce	0x40
0xfd1	0x20
0xfd5	0xa0
0xfd6	0x80
0xfda	0x40
0xfde	0x80
0xfe0	0x20
0xfe6	0x0
0xfe7	0xfef
0xfeb	0x20b4
0xff2	0x0
0xff3	0x104d
0xff9	0xa0
0xffd	0x1006
0x1002	0x339d
0x1009	0x1f
0x100c	0x20
0x1012	0x20
0x1015	0x40
0x101b	0x40
0x1026	0x20
0x102f	0x0
0x1034	0x1f
0x1036	0xffffffffffffffffffffffffffffffffffffffffffffffffffffffffffffffe0
0x1037	0x1f
0x1049	0x20e7
0x1051	0xffffffffffffffffffffffffffffffffffffffff
0x1068	0xffffffffffffffffffffffffffffffffffffffff
0x107f	0x10bd
0x1083	0x40
0x1086	0x8c379a000000000000000000000000000000000000000000000000000000000
0x10a9	0x4
0x10ac	0x10b4
0x10b0	0x3b8d
0x10b5	0x40
0x10ba	0x64
0x10be	0x0
0x10c1	0xa0
0x10c5	0x10ce
0x10ca	0x339d
0x10cf	0x40
0x10d2	0x10dc
0x10d8	0x3bcf
0x10dd	0x40
0x10e7	0x0
0x10e8	0x10ef
0x10eb	0xe61
0x10f4	0x1116
0x10f8	0x1
0x10fa	0x0
0x10fb	0x1
0x10fd	0x0
0x10fe	0xf63006830011fe3ab565a55b23ad69c71bacfdf6525fac1274cfae5d71121e00
0x10ff	0x0
0x1103	0x20
0x1105	0x20
0x1109	0x20
0x110b	0x40
0x110c	0x0
0x1112	0x1140
0x1117	0x1
0x111a	0x0
0x111c	0x1125
0x1121	0x31b7
0x1126	0x0
0x1129	0x0
0x112a	0xf63006830011fe3ab565a55b23ad69c71bacfdf6525fac1274cfae5d71121e00
0x112b	0x0
0x112c	0x0
0x112d	0x0
0x112e	0x0
0x1131	0x20
0x1133	0x20
0x1137	0x20
0x1139	0x40
0x113a	0x0
0x1141	0x1
0x1154	0x0
0x1157	0x1160
0x115c	0x3176
0x1163	0x0
0x1164	0xffffffffffffffffffffffffffffffffffffffff
0x1179	0x0
0x117b	0xffffffffffffffffffffffffffffffffffffffff
0x1192	0x127f
0x119a	0x11cf
0x119e	0x40
0x11a1	0xb4fa3fb300000000000000000000000000000000000000000000000000000000
0x11c4	0x4
0x11c7	0x40
0x11cc	0x4
0x11d0	0x0
0x11d2	0xffffffffffffffffffffffffffffffffffffffff
0x11ea	0x11f3
0x11ef	0x3143
0x11f4	0x40
0x11f7	0x11ff
0x11fb	0x3c0a
0x1200	0x0
0x1201	0x40
0x1206	0x0
0x1212	0x0
0x1215	0x1239
0x1219	0x40
0x121e	0x1f
0x1220	0xffffffffffffffffffffffffffffffffffffffffffffffffffffffffffffffe0
0x1221	0x3f
0x1228	0x40
0x122f	0x0
0x1230	0x20
0x1235	0x123e
0x123a	0x60
0x1244	0x1279
0x1248	0x40
0x124b	0x2f35253100000000000000000000000000000000000000000000000000000000
0x126e	0x4
0x1271	0x40
0x1276	0x4
0x127b	0x128b
0x1280	0x128a
0x1286	0x2111
0x128c	0x0
0x1290	0x1334
0x1294	0x0
0x1296	0xffffffffffffffffffffffffffffffffffffffff
0x12ad	0x40
0x12b0	0x12b8
0x12b4	0x3c0a
0x12b9	0x0
0x12ba	0x40
0x12bf	0x0
0x12cb	0x0
0x12ce	0x12f2
0x12d2	0x40
0x12d7	0x1f
0x12d9	0xffffffffffffffffffffffffffffffffffffffffffffffffffffffffffffffe0
0x12da	0x3f
0x12e1	0x40
0x12e8	0x0
0x12e9	0x20
0x12ee	0x12f7
0x12f3	0x60
0x12fd	0x1332
0x1301	0x40
0x1304	0x2f35253100000000000000000000000000000000000000000000000000000000
0x1327	0x4
0x132a	0x40
0x132f	0x4
0x133f	0xe0
0x1345	0x137a
0x1349	0x40
0x134c	0x1ab7da6b00000000000000000000000000000000000000000000000000000000
0x136f	0x4
0x1372	0x40
0x1377	0x4
0x137c	0x1
0x1380	0x1389
0x1385	0x3143
0x138e	0x139a
0x1392	0x1399
0x1395	0x830e
0x139b	0x20
0x139e	0x20
0x13a3	0xffffffffffffffffffffffffffffffffffffffff
0x13ba	0x0
0x13bf	0x13cb
0x13c3	0x13ca
0x13c6	0x835a
0x13cc	0x20
0x13ce	0x0
0x13cf	0x20
0x13d1	0x20
0x13d4	0xffffffffffffffffffffffffffffffffffffffff
0x13eb	0x1420
0x13ef	0x40
0x13f2	0xb4fa3fb300000000000000000000000000000000000000000000000000000000
0x1415	0x4
0x1418	0x40
0x141d	0x4
0x1421	0x0
0x1423	0xa0
0x142a	0x1438
0x142f	0x3e8
0x1433	0xa0
0x1439	0x146e
0x143d	0x40
0x1440	0xb4fa3fb300000000000000000000000000000000000000000000000000000000
0x1463	0x4
0x1466	0x40
0x146b	0x4
0x146f	0x6
0x1472	0x80
0x1477	0x14ce
0x147b	0x0
0x1481	0x1497
0x1486	0x1
0x148a	0x1493
0x148f	0x31b7
0x1498	0x14cd
0x149c	0x40
0x149f	0xb4fa3fb300000000000000000000000000000000000000000000000000000000
0x14c2	0x4
0x14c5	0x40
0x14ca	0x4
0x14cf	0x32
0x14d2	0x100
0x14d9	0x150e
0x14dd	0x40
0x14e0	0xb4fa3fb300000000000000000000000000000000000000000000000000000000
0x1503	0x4
0x1506	0x40
0x150b	0x4
0x150f	0x0
0x1510	0x2710
0x1514	0x100
0x151a	0x0
0x151f	0x152b
0x1523	0x152a
0x1526	0x83a6
0x152c	0x20
0x152e	0x0
0x152f	0x20
0x1531	0x20
0x1534	0x153d
0x1539	0x3176
0x153e	0x1547
0x1543	0x3217
0x154a	0x0
0x154d	0xc0
0x1551	0x155a
0x1556	0x3176
0x155d	0x0
0x155f	0x20
0x1563	0xffffffffffffffffffffffffffffffffffffffff
0x1579	0x70a08231
0x157f	0x40
0x1583	0xffffffff
0x1588	0x70a08231
0x1589	0xe0
0x158b	0x70a0823100000000000000000000000000000000000000000000000000000000
0x158e	0x4
0x1591	0x159a
0x1596	0x30be
0x159b	0x20
0x159d	0x40
0x15a2	0x24
0x15aa	0x15b5
0x15af	0x0
0x15b0	0x0
0x15b3	0x0
0x15ba	0x40
0x15be	0x1f
0x15c0	0xffffffffffffffffffffffffffffffffffffffffffffffffffffffffffffffe0
0x15c1	0x1f
0x15c9	0x40
0x15d0	0x15d9
0x15d5	0x30eb
0x15dc	0x0
0x15dd	0x0
0x15e0	0x0
0x15e1	0x1621
0x15e6	0x0
0x15eb	0x15f7
0x15ef	0x15f6
0x15f2	0x83f2
0x15f8	0x20
0x15fa	0x0
0x15fb	0x20
0x15fd	0x20
0x1601	0x0
0x1606	0x1612
0x160a	0x1611
0x160d	0x843e
0x1613	0x20
0x1615	0x0
0x1616	0x20
0x1618	0x20
0x161d	0x2190
0x1624	0x0
0x1627	0xffffffffffffffff
0x1633	0x163f
0x1637	0x163e
0x163a	0x848a
0x1640	0x40
0x1648	0x20
0x164b	0x20
0x1650	0x40
0x1655	0x166d
0x165a	0x20
0x165d	0x20
0x1671	0x0
0x1672	0x0
0x167b	0x173c
0x1685	0x1691
0x1689	0x1690
0x168c	0x84d6
0x1692	0x20
0x1695	0x20
0x169a	0xffffffffffffffffffffffffffffffffffffffff
0x16b0	0x70a08231
0x16b6	0x40
0x16ba	0xffffffff
0x16bf	0x70a08231
0x16c0	0xe0
0x16c2	0x70a0823100000000000000000000000000000000000000000000000000000000
0x16c5	0x4
0x16c8	0x16d1
0x16cd	0x30be
0x16d2	0x20
0x16d4	0x40
0x16d9	0x24
0x16e1	0x16ec
0x16e6	0x0
0x16e7	0x0
0x16ea	0x0
0x16f1	0x40
0x16f5	0x1f
0x16f7	0xffffffffffffffffffffffffffffffffffffffffffffffffffffffffffffffe0
0x16f8	0x1f
0x1700	0x40
0x1707	0x1710
0x170c	0x30eb
0x1717	0x1723
0x171b	0x1722
0x171e	0x8522
0x1724	0x20
0x1727	0x20
0x1732	0x1
0x1738	0x1675
0x173e	0x0
0x173f	0x0
0x1748	0x1f7a
0x174c	0x0
0x1753	0x175f
0x1757	0x175e
0x175a	0x856e
0x1760	0x20
0x1763	0x20
0x176b	0x0
0x176e	0x1
0x1770	0x0
0x1771	0x100
0x1774	0x1
0x1778	0xffffffffffffffffffffffffffffffffffffffff
0x178d	0xffffffffffffffffffffffffffffffffffffffff
0x178e	0xffffffffffffffffffffffff0000000000000000000000000000000000000000
0x1792	0xffffffffffffffffffffffffffffffffffffffff
0x17ad	0x0
0x17b4	0x17c0
0x17b8	0x17bf
0x17bb	0x85ba
0x17c1	0x20
0x17c4	0x20
0x17cb	0x0
0x17cd	0x1
0x17d0	0x17d9
0x17d5	0x31b7
0x17de	0x17ea
0x17e2	0x17e9
0x17e5	0x8606
0x17eb	0x20
0x17ee	0x20
0x17f5	0x0
0x17f8	0x186e
0x17fd	0x0
0x1802	0x180e
0x1806	0x180d
0x1809	0x8652
0x180f	0x20
0x1811	0x0
0x1812	0x20
0x1814	0x20
0x181a	0x20
0x181e	0xffffffffffffffffffffffffffffffffffffffff
0x1835	0xffffffffffffffffffffffffffffffffffffffff
0x184c	0x1869
0x1852	0x185b
0x1857	0x31b7
0x185d	0x1866
0x1862	0x3143
0x186a	0x190e
0x1875	0x1881
0x1879	0x1880
0x187c	0x869e
0x1882	0x20
0x1885	0x20
0x188b	0xffffffffffffffffffffffffffffffffffffffff
0x18a1	0x70a08231
0x18a7	0x40
0x18ab	0xffffffff
0x18b0	0x70a08231
0x18b1	0xe0
0x18b3	0x70a0823100000000000000000000000000000000000000000000000000000000
0x18b6	0x4
0x18b9	0x18c2
0x18be	0x30be
0x18c3	0x20
0x18c5	0x40
0x18d2	0x18dd
0x18d7	0x0
0x18d8	0x0
0x18db	0x0
0x18e2	0x40
0x18e6	0x1f
0x18e8	0xffffffffffffffffffffffffffffffffffffffffffffffffffffffffffffffe0
0x18e9	0x1f
0x18f1	0x40
0x18f8	0x1901
0x18fd	0x30eb
0x1902	0x190b
0x1907	0x3143
0x190f	0x0
0x1910	0x1
0x1914	0x191d
0x1919	0x3143
0x1922	0x0
0x1925	0x1930
0x192c	0x19e6
0x1931	0x2
0x1934	0x1
0x1937	0x1940
0x193c	0x31b7
0x1945	0x1951
0x1949	0x1950
0x194c	0x86ea
0x1952	0x20
0x1955	0x20
0x195a	0x20
0x195e	0xffffffffffffffffffffffff
0x196d	0x19e1
0x1972	0x20
0x1976	0xffffffffffffffffffffffffffffffffffffffff
0x198d	0xffffffffffffffffffffffffffffffffffffffff
0x19a4	0x19af
0x19ab	0x19dc
0x19b1	0x1
0x19b4	0x19bd
0x19b9	0x31b7
0x19c2	0x19ce
0x19c6	0x19cd
0x19c9	0x8736
0x19cf	0x20
0x19d2	0x20
0x19d7	0x0
0x19dd	0x19e5
0x19e7	0x2
0x19ea	0x20
0x19ee	0xffffffffffffffffffffffff
0x19fd	0x1b09
0x1a01	0x0
0x1a05	0x1a17
0x1a09	0x1a16
0x1a0e	0x0
0x1a12	0xd3a
0x1a18	0x0
0x1a19	0x1a26
0x1a1d	0x0
0x1a22	0x183
0x1a29	0x0
0x1a2a	0x0
0x1a2b	0x1a34
0x1a30	0xd02
0x1a35	0x1a3f
0x1a3a	0x0
0x1a3b	0x1a42
0x1a40	0x0
0x1a48	0x0
0x1a4b	0xffffffffffffffffffffffffffffffffffffffff
0x1a61	0x22c0d9f
0x1a69	0x0
0x1a6a	0xffffffffffffffff
0x1a74	0x0
0x1a75	0x1
0x1a76	0x1a82
0x1a7a	0x1a81
0x1a7d	0x8782
0x1a83	0x40
0x1a8b	0x1f
0x1a8d	0x1f
0x1a8e	0x1f
0x1a90	0xffffffffffffffffffffffffffffffffffffffffffffffffffffffffffffffe0
0x1a91	0x0
0x1a92	0x20
0x1a94	0x20
0x1a97	0x40
0x1a9b	0x1
0x1a9c	0x1ab4
0x1aa1	0x20
0x1aa4	0x1
0x1aa7	0x0
0x1ab6	0x40
0x1aba	0xffffffff
0x1abf	0x22c0d9f
0x1ac0	0xe0
0x1ac2	0x22c0d9f00000000000000000000000000000000000000000000000000000000
0x1ac5	0x4
0x1ac8	0x1ad4
0x1ad0	0x3c66
0x1ad5	0x0
0x1ad6	0x40
0x1add	0x0
0x1ae4	0x1aeb
0x1ae8	0x0
0x1ae9	0x0
0x1af2	0x1afd
0x1af7	0x0
0x1af8	0x0
0x1afb	0x0
0x1b05	0x1cd8
0x1b0b	0x0
0x1b0e	0xffffffffffffffffffffffffffffffffffffffff
0x1b24	0xc45a0155
0x1b29	0x40
0x1b2d	0xffffffff
0x1b32	0xc45a0155
0x1b33	0xe0
0x1b35	0xc45a015500000000000000000000000000000000000000000000000000000000
0x1b38	0x4
0x1b3b	0x20
0x1b3d	0x40
0x1b42	0x4
0x1b4a	0x1b55
0x1b4f	0x0
0x1b50	0x0
0x1b53	0x0
0x1b5a	0x40
0x1b5e	0x1f
0x1b60	0xffffffffffffffffffffffffffffffffffffffffffffffffffffffffffffffe0
0x1b61	0x1f
0x1b69	0x40
0x1b70	0x1b79
0x1b75	0x325b
0x1b7a	0x0
0x1b7b	0x0
0x1b7c	0x100
0x1b7f	0x1
0x1b83	0xffffffffffffffffffffffffffffffffffffffff
0x1b98	0xffffffffffffffffffffffffffffffffffffffff
0x1b99	0xffffffffffffffffffffffff0000000000000000000000000000000000000000
0x1b9d	0xffffffffffffffffffffffffffffffffffffffff
0x1bb9	0x0
0x1bbc	0xffffffffffffffffffffffffffffffffffffffff
0x1bd2	0x128acb08
0x1bd8	0x1be1
0x1bdd	0xd02
0x1be3	0x1bec
0x1be8	0xd02
0x1bed	0x1c16
0x1bf1	0x1
0x1bf3	0xfffd8963efd1fc6a506488495d951d5263988d26
0x1c08	0x1c11
0x1c0d	0x3cb0
0x1c12	0x1c29
0x1c17	0x1
0x1c19	0x1000276a3
0x1c1f	0x1c28
0x1c24	0x3cf7
0x1c2a	0x0
0x1c2b	0xffffffffffffffff
0x1c35	0x0
0x1c36	0x1
0x1c37	0x1c43
0x1c3b	0x1c42
0x1c3e	0x87ce
0x1c44	0x40
0x1c4c	0x1f
0x1c4e	0x1f
0x1c4f	0x1f
0x1c51	0xffffffffffffffffffffffffffffffffffffffffffffffffffffffffffffffe0
0x1c52	0x0
0x1c53	0x20
0x1c55	0x20
0x1c58	0x40
0x1c5c	0x1
0x1c5d	0x1c75
0x1c62	0x20
0x1c65	0x1
0x1c68	0x0
0x1c77	0x40
0x1c7b	0xffffffff
0x1c80	0x128acb08
0x1c81	0xe0
0x1c83	0x128acb0800000000000000000000000000000000000000000000000000000000
0x1c86	0x4
0x1c89	0x1c96
0x1c92	0x3d6b
0x1c97	0x40
0x1c9f	0x0
0x1ca6	0x1cb1
0x1cab	0x0
0x1cac	0x0
0x1caf	0x0
0x1cb6	0x40
0x1cba	0x1f
0x1cbc	0xffffffffffffffffffffffffffffffffffffffffffffffffffffffffffffffe0
0x1cbd	0x1f
0x1cc5	0x40
0x1ccc	0x1cd5
0x1cd1	0x3dd7
0x1cda	0x1f68
0x1ce0	0x20
0x1ce4	0xffffffffffffffffffffffffffffffffffffffff
0x1cfa	0x70a08231
0x1d00	0x40
0x1d04	0xffffffff
0x1d09	0x70a08231
0x1d0a	0xe0
0x1d0c	0x70a0823100000000000000000000000000000000000000000000000000000000
0x1d0f	0x4
0x1d12	0x1d1b
0x1d17	0x30be
0x1d1c	0x20
0x1d1e	0x40
0x1d2b	0x1d36
0x1d30	0x0
0x1d31	0x0
0x1d34	0x0
0x1d3b	0x40
0x1d3f	0x1f
0x1d41	0xffffffffffffffffffffffffffffffffffffffffffffffffffffffffffffffe0
0x1d42	0x1f
0x1d4a	0x40
0x1d51	0x1d5a
0x1d56	0x30eb
0x1d5b	0x1d64
0x1d60	0x3143
0x1d67	0x2710
0x1d6b	0x100
0x1d71	0x1d7a
0x1d76	0x3176
0x1d7b	0x1d84
0x1d80	0x3217
0x1d89	0x1d92
0x1d8e	0x31b7
0x1d95	0x1f67
0x1d99	0x3
0x1d9c	0x80
0x1da2	0x1e3a
0x1da7	0x20
0x1dab	0xffffffffffffffffffffffffffffffffffffffff
0x1dc1	0x2e1a7d4d
0x1dc8	0x1dd1
0x1dcd	0x31b7
0x1dd2	0x40
0x1dd6	0xffffffff
0x1ddb	0x2e1a7d4d
0x1ddc	0xe0
0x1dde	0x2e1a7d4d00000000000000000000000000000000000000000000000000000000
0x1de1	0x4
0x1de4	0x1ded
0x1de9	0x2850
0x1dee	0x0
0x1def	0x40
0x1df6	0x0
0x1dfd	0x1e04
0x1e01	0x0
0x1e02	0x0
0x1e0b	0x1e16
0x1e10	0x0
0x1e11	0x0
0x1e14	0x0
0x1e1b	0x1e27
0x1e1f	0x0
0x1e23	0x2352
0x1e28	0x1e35
0x1e2c	0x40
0x1e31	0x2352
0x1e36	0x1
0x1e3c	0x1ed3
0x1e40	0x2
0x1e43	0x1
0x1e46	0x1e4f
0x1e4b	0x31b7
0x1e54	0x1e60
0x1e58	0x1e5f
0x1e5b	0x881a
0x1e61	0x20
0x1e64	0x20
0x1e69	0x20
0x1e6d	0xffffffffffffffffffffffff
0x1e7c	0x1ece
0x1e80	0x1ecd
0x1e84	0x20
0x1e89	0x1
0x1e8c	0x1e95
0x1e91	0x31b7
0x1e9a	0x1ea6
0x1e9e	0x1ea5
0x1ea1	0x8866
0x1ea7	0x20
0x1eaa	0x20
0x1eaf	0x0
0x1eb4	0x1ebd
0x1eb9	0x31b7
0x1ebf	0x1ec8
0x1ec4	0x3143
0x1ec9	0xd3a
0x1ecf	0x1f66
0x1ed4	0x2
0x1ed7	0x80
0x1edc	0x1f65
0x1ee1	0x20
0x1ee5	0xffffffffffffffffffffffffffffffffffffffff
0x1efb	0x2e1a7d4d
0x1f01	0x40
0x1f05	0xffffffff
0x1f0a	0x2e1a7d4d
0x1f0b	0xe0
0x1f0d	0x2e1a7d4d00000000000000000000000000000000000000000000000000000000
0x1f10	0x4
0x1f13	0x1f1c
0x1f18	0x2850
0x1f1d	0x0
0x1f1e	0x40
0x1f25	0x0
0x1f2c	0x1f33
0x1f30	0x0
0x1f31	0x0
0x1f3a	0x1f45
0x1f3f	0x0
0x1f40	0x0
0x1f43	0x0
0x1f4a	0x1f56
0x1f4e	0x0
0x1f52	0x2352
0x1f57	0x1f64
0x1f5b	0x40
0x1f60	0x2352
0x1f70	0x1
0x1f76	0x1742
0x1f7c	0x0
0x1f7d	0x3e8
0x1f81	0xa0
0x1f86	0x1
0x1f8a	0x1f93
0x1f8f	0x3143
0x1f98	0x1fa4
0x1f9c	0x1fa3
0x1f9f	0x88b2
0x1fa5	0x20
0x1fa8	0x20
0x1fad	0x1fb6
0x1fb2	0x3176
0x1fb7	0x1fc0
0x1fbc	0x3217
0x1fc3	0x6
0x1fc6	0x80
0x1fcb	0x20a7
0x1fd1	0x1
0x1fd5	0x1fde
0x1fda	0x3143
0x1fe3	0x1fef
0x1fe7	0x1fee
0x1fea	0x88fe
0x1ff0	0x20
0x1ff3	0x20
0x1ff8	0xffffffffffffffffffffffffffffffffffffffff
0x200e	0x70a08231
0x2014	0x40
0x2018	0xffffffff
0x201d	0x70a08231
0x201e	0xe0
0x2020	0x70a0823100000000000000000000000000000000000000000000000000000000
0x2023	0x4
0x2026	0x202f
0x202b	0x30be
0x2030	0x20
0x2032	0x40
0x2037	0x24
0x203f	0x204a
0x2044	0x0
0x2045	0x0
0x2048	0x0
0x204f	0x40
0x2053	0x1f
0x2055	0xffffffffffffffffffffffffffffffffffffffffffffffffffffffffffffffe0
0x2056	0x1f
0x205e	0x40
0x2065	0x206e
0x206a	0x30eb
0x2071	0x20a6
0x2075	0x40
0x2078	0xbb2875c300000000000000000000000000000000000000000000000000000000
0x209b	0x4
0x209e	0x40
0x20a3	0x4
0x20b5	0x0
0x20b6	0x19457468657265756d205369676e6564204d6573736167653a0a333200000000
0x20d7	0x0
0x20da	0x1c
0x20dd	0x3c
0x20df	0x0
0x20e8	0x0
0x20e9	0x0
0x20ea	0x0
0x20eb	0x0
0x20ec	0x20f5
0x20f1	0x2444
0x20fc	0x2105
0x2101	0x2499
0x2112	0x218b
0x2117	0xffffffffffffffffffffffffffffffffffffffff
0x212d	0xa9059cbb
0x2134	0x40
0x2137	0x24
0x213a	0x2144
0x2140	0x365f
0x2145	0x40
0x2148	0x20
0x214c	0x64
0x214d	0x44
0x2151	0x40
0x2156	0xe0
0x2158	0xa9059cbb00000000000000000000000000000000000000000000000000000000
0x2159	0x20
0x215f	0xffffffffffffffffffffffffffffffffffffffffffffffffffffffff
0x2187	0x25fb
0x2191	0x0
0x2192	0x0
0x2194	0x0
0x2199	0x0
0x219b	0x20
0x21a1	0x1
0x21a4	0x60
0x21a9	0x227c
0x21b1	0x21e6
0x21b5	0x40
0x21b8	0xb4fa3fb300000000000000000000000000000000000000000000000000000000
0x21db	0x4
0x21de	0x40
0x21e3	0x4
0x21e8	0xffffffffffffffffffffffffffffffffffffffff
0x21fe	0xd0e30db0
0x2205	0x220e
0x220a	0x31b7
0x2210	0x2219
0x2215	0x3143
0x221a	0x40
0x221e	0xffffffff
0x2223	0xd0e30db0
0x2224	0xe0
0x2226	0xd0e30db000000000000000000000000000000000000000000000000000000000
0x2229	0x4
0x222c	0x0
0x222d	0x40
0x2232	0x4
0x223b	0x2242
0x223f	0x0
0x2240	0x0
0x2249	0x2254
0x224e	0x0
0x224f	0x0
0x2252	0x0
0x225a	0x2267
0x225e	0x40
0x2263	0x2352
0x2268	0x2271
0x226d	0x2352
0x2272	0x1
0x2278	0x129d0
0x227e	0xffffffffffffffffffffffffffffffffffffffff
0x2295	0xffffffffffffffffffffffffffffffffffffffff
0x22ac	0x2343
0x22b1	0xffffffffffffffffffffffffffffffffffffffff
0x22c7	0x2e1a7d4d
0x22ce	0x22d7
0x22d3	0x31b7
0x22d8	0x40
0x22dc	0xffffffff
0x22e1	0x2e1a7d4d
0x22e2	0xe0
0x22e4	0x2e1a7d4d00000000000000000000000000000000000000000000000000000000
0x22e7	0x4
0x22ea	0x22f3
0x22ef	0x2850
0x22f4	0x0
0x22f5	0x40
0x22fa	0x24
0x22fc	0x0
0x2303	0x230a
0x2307	0x0
0x2308	0x0
0x2311	0x231c
0x2316	0x0
0x2317	0x0
0x231a	0x0
0x2321	0x232e
0x2325	0x40
0x232a	0x2352
0x232f	0x2338
0x2334	0x2352
0x2339	0x1
0x233f	0x129f8
0x2344	0x0
0x2353	0x0
0x2355	0xffffffffffffffffffffffffffffffffffffffff
0x236c	0x0
0x236d	0xffffffffffffffff
0x2377	0x0
0x2378	0x1
0x2379	0x2385
0x237d	0x2384
0x2380	0x894a
0x2386	0x40
0x238e	0x1f
0x2390	0x1f
0x2391	0x1f
0x2393	0xffffffffffffffffffffffffffffffffffffffffffffffffffffffffffffffe0
0x2394	0x0
0x2395	0x20
0x2397	0x20
0x239a	0x40
0x239e	0x1
0x239f	0x23b7
0x23a4	0x20
0x23a7	0x1
0x23aa	0x0
0x23b9	0x40
0x23bc	0x23c5
0x23c1	0x36d8
0x23c6	0x0
0x23c7	0x40
0x23cc	0x0
0x23d8	0x0
0x23db	0x23ff
0x23df	0x40
0x23e4	0x1f
0x23e6	0xffffffffffffffffffffffffffffffffffffffffffffffffffffffffffffffe0
0x23e7	0x3f
0x23ee	0x40
0x23f5	0x0
0x23f6	0x20
0x23fb	0x2404
0x2400	0x60
0x240a	0x243f
0x240e	0x40
0x2411	0x89a360eb00000000000000000000000000000000000000000000000000000000
0x2434	0x4
0x2437	0x40
0x243c	0x4
0x2445	0x0
0x2446	0x0
0x2447	0x0
0x2448	0x41
0x244d	0x2484
0x2451	0x0
0x2452	0x0
0x2453	0x0
0x2454	0x20
0x245b	0x40
0x2462	0x60
0x2467	0x0
0x246b	0x2476
0x2472	0x2696
0x2480	0x2492
0x2485	0x0
0x2486	0x2
0x248a	0x0
0x249a	0x0
0x249b	0x3
0x249e	0x0
0x249f	0x1
0x24a0	0x24ac
0x24a4	0x24ab
0x24a7	0x8996
0x24ae	0x3
0x24b3	0x24bf
0x24b7	0x24be
0x24ba	0x89e2
0x24c2	0x25f7
0x24c6	0x1
0x24c8	0x3
0x24cb	0x0
0x24cc	0x1
0x24cd	0x24d9
0x24d1	0x24d8
0x24d4	0x8a2e
0x24db	0x3
0x24e0	0x24ec
0x24e4	0x24eb
0x24e7	0x8a7a
0x24ee	0x2523
0x24f2	0x40
0x24f5	0xf645eedf00000000000000000000000000000000000000000000000000000000
0x2518	0x4
0x251b	0x40
0x2520	0x4
0x2524	0x2
0x2526	0x3
0x2529	0x0
0x252a	0x1
0x252b	0x2537
0x252f	0x2536
0x2532	0x8ac6
0x2539	0x3
0x253e	0x254a
0x2542	0x2549
0x2545	0x8b12
0x254c	0x258e
0x2551	0x0
0x2553	0x40
0x2556	0xfce698f700000000000000000000000000000000000000000000000000000000
0x2579	0x4
0x257c	0x2585
0x2581	0x2850
0x2586	0x40
0x258b	0x24
0x258f	0x3
0x2593	0x0
0x2594	0x1
0x2595	0x25a1
0x2599	0x25a0
0x259c	0x8b5e
0x25a3	0x3
0x25a8	0x25b4
0x25ac	0x25b3
0x25af	0x8baa
0x25b6	0x25f6
0x25bb	0x40
0x25be	0xd78bce0c00000000000000000000000000000000000000000000000000000000
0x25e1	0x4
0x25e4	0x25ed
0x25e9	0x29db
0x25ee	0x40
0x25f3	0x24
0x3144	0x0
0x3145	0x314d
0x3149	0x2838
0x3150	0x3158
0x3154	0x2838
0x3164	0x3170
0x3168	0x316f
0x316b	0x90b4
0x3177	0x0
0x3178	0x3180
0x317c	0x2838
0x3183	0x318b
0x3187	0x2838
0x3191	0x3199
0x3195	0x2838
0x31a4	0x31b0
0x31a8	0x31af
0x31ab	0x9100
0x31b8	0x0
0x31b9	0x31c1
0x31bd	0x2838
0x31c4	0x31cc
0x31c8	0x2838
0x31d8	0x31e4
0x31dc	0x31e3
0x31df	0x914c
0x31eb	0x4e487b7100000000000000000000000000000000000000000000000000000000
0x320c	0x0
0x320e	0x12
0x3210	0x4
0x3213	0x24
0x3215	0x0
0x3218	0x0
0x3219	0x3221
0x321d	0x2838
0x3224	0x322c
0x3228	0x2838
0x3230	0x323c
0x3234	0x323b
0x3237	0x31ea
0x32b4	0x0
0x32b5	0x32bd
0x32b9	0x2fe3
0x32c0	0x32c8
0x32c4	0x2fe3
0x32ce	0x32d6
0x32d2	0x2fe3
0x32dc	0x32e8
0x32e0	0x32e7
0x32e3	0x91bb
0x32fc	0x0
0x32ff	0x1
0x3301	0x60
0x3303	0x5f
0x330a	0x3316
0x330e	0x3315
0x3311	0x9207
0x374f	0x0
0x3753	0x20
0x375f	0x0
0x390c	0x0
0x390f	0x1
0x3911	0x60
0x3913	0x5f
0x391a	0x3926
0x391e	0x3925
0x3921	0x93f7
0x3933	0x0
0x3934	0x20
0x393f	0x0
0x3940	0x3949
0x3945	0x374e
0x394d	0x20
0x3953	0x395b
0x3957	0x375e
0x395d	0x0
0x3963	0x399e
0x396c	0x3975
0x3971	0x390b
0x3976	0x397f
0x397b	0x38f8
0x3982	0x398a
0x3986	0x3932
0x398d	0x20
0x3994	0x1
0x399a	0x395e
0x39b1	0x0
0x39b2	0x20
0x39bb	0x0
0x39bf	0x39c9
0x39c5	0x393e
0x3cb1	0x0
0x3cb2	0x3cba
0x3cb6	0x278e
0x3cbd	0x3cc5
0x3cc1	0x278e
0x3ccd	0xffffffffffffffffffffffffffffffffffffffff
0x3ce5	0x3cf1
0x3ce9	0x3cf0
0x3cec	0x943d
0x3cf8	0x0
0x3cf9	0x3d01
0x3cfd	0x278e
0x3d04	0x3d0c
0x3d08	0x278e
0x3d14	0xffffffffffffffffffffffffffffffffffffffff
0x3d2c	0x3d38
0x3d30	0x3d37
0x3d33	0x9489
0x7d71	0x0
0x7d72	0x0
0x7d94	0x0
0x7d95	0x0
0x7db7	0x4e487b7100000000000000000000000000000000000000000000000000000000
0x7dd8	0x0
0x7dda	0x41
0x7ddc	0x4
0x7ddf	0x24
0x7de1	0x0
0x7e03	0x4e487b7100000000000000000000000000000000000000000000000000000000
0x7e24	0x0
0x7e26	0x32
0x7e28	0x4
0x7e2b	0x24
0x7e2d	0x0
0x7e4f	0x4e487b7100000000000000000000000000000000000000000000000000000000
0x7e70	0x0
0x7e72	0x32
0x7e74	0x4
0x7e77	0x24
0x7e79	0x0
0x7e9b	0x4e487b7100000000000000000000000000000000000000000000000000000000
0x7ebc	0x0
0x7ebe	0x32
0x7ec0	0x4
0x7ec3	0x24
0x7ec5	0x0
0x7ee7	0x4e487b7100000000000000000000000000000000000000000000000000000000
0x7f08	0x0
0x7f0a	0x32
0x7f0c	0x4
0x7f0f	0x24
0x7f11	0x0
0x7f33	0x4e487b7100000000000000000000000000000000000000000000000000000000
0x7f54	0x0
0x7f56	0x32
0x7f58	0x4
0x7f5b	0x24
0x7f5d	0x0
0x7f7f	0x4e487b7100000000000000000000000000000000000000000000000000000000
0x7fa0	0x0
0x7fa2	0x32
0x7fa4	0x4
0x7fa7	0x24
0x7fa9	0x0
0x7fcb	0x4e487b7100000000000000000000000000000000000000000000000000000000
0x7fec	0x0
0x7fee	0x32
0x7ff0	0x4
0x7ff3	0x24
0x7ff5	0x0
0x8017	0x4e487b7100000000000000000000000000000000000000000000000000000000
0x8038	0x0
0x803a	0x32
0x803c	0x4
0x803f	0x24
0x8041	0x0
0x8063	0x4e487b7100000000000000000000000000000000000000000000000000000000
0x8084	0x0
0x8086	0x32
0x8088	0x4
0x808b	0x24
0x808d	0x0
0x80af	0x4e487b7100000000000000000000000000000000000000000000000000000000
0x80d0	0x0
0x80d2	0x32
0x80d4	0x4
0x80d7	0x24
0x80d9	0x0
0x80fb	0x4e487b7100000000000000000000000000000000000000000000000000000000
0x811c	0x0
0x811e	0x32
0x8120	0x4
0x8123	0x24
0x8125	0x0
0x8147	0x4e487b7100000000000000000000000000000000000000000000000000000000
0x8168	0x0
0x816a	0x21
0x816c	0x4
0x816f	0x24
0x8171	0x0
0x8193	0x4e487b7100000000000000000000000000000000000000000000000000000000
0x81b4	0x0
0x81b6	0x21
0x81b8	0x4
0x81bb	0x24
0x81bd	0x0
0x81df	0x4e487b7100000000000000000000000000000000000000000000000000000000
0x8200	0x0
0x8202	0x21
0x8204	0x4
0x8207	0x24
0x8209	0x0
0x822b	0x4e487b7100000000000000000000000000000000000000000000000000000000
0x824c	0x0
0x824e	0x21
0x8250	0x4
0x8253	0x24
0x8255	0x0
0x8277	0x4e487b7100000000000000000000000000000000000000000000000000000000
0x8298	0x0
0x829a	0x21
0x829c	0x4
0x829f	0x24
0x82a1	0x0
0x82c3	0x4e487b7100000000000000000000000000000000000000000000000000000000
0x82e4	0x0
0x82e6	0x21
0x82e8	0x4
0x82eb	0x24
0x82ed	0x0
0x830f	0x4e487b7100000000000000000000000000000000000000000000000000000000
0x8330	0x0
0x8332	0x32
0x8334	0x4
0x8337	0x24
0x8339	0x0
0x835b	0x4e487b7100000000000000000000000000000000000000000000000000000000
0x837c	0x0
0x837e	0x32
0x8380	0x4
0x8383	0x24
0x8385	0x0
0x83a7	0x4e487b7100000000000000000000000000000000000000000000000000000000
0x83c8	0x0
0x83ca	0x32
0x83cc	0x4
0x83cf	0x24
0x83d1	0x0
0x83f3	0x4e487b7100000000000000000000000000000000000000000000000000000000
0x8414	0x0
0x8416	0x32
0x8418	0x4
0x841b	0x24
0x841d	0x0
0x843f	0x4e487b7100000000000000000000000000000000000000000000000000000000
0x8460	0x0
0x8462	0x32
0x8464	0x4
0x8467	0x24
0x8469	0x0
0x848b	0x4e487b7100000000000000000000000000000000000000000000000000000000
0x84ac	0x0
0x84ae	0x41
0x84b0	0x4
0x84b3	0x24
0x84b5	0x0
0x84d7	0x4e487b7100000000000000000000000000000000000000000000000000000000
0x84f8	0x0
0x84fa	0x32
0x84fc	0x4
0x84ff	0x24
0x8501	0x0
0x8523	0x4e487b7100000000000000000000000000000000000000000000000000000000
0x8544	0x0
0x8546	0x32
0x8548	0x4
0x854b	0x24
0x854d	0x0
0x856f	0x4e487b7100000000000000000000000000000000000000000000000000000000
0x8590	0x0
0x8592	0x32
0x8594	0x4
0x8597	0x24
0x8599	0x0
0x85bb	0x4e487b7100000000000000000000000000000000000000000000000000000000
0x85dc	0x0
0x85de	0x32
0x85e0	0x4
0x85e3	0x24
0x85e5	0x0
0x8607	0x4e487b7100000000000000000000000000000000000000000000000000000000
0x8628	0x0
0x862a	0x32
0x862c	0x4
0x862f	0x24
0x8631	0x0
0x8653	0x4e487b7100000000000000000000000000000000000000000000000000000000
0x8674	0x0
0x8676	0x32
0x8678	0x4
0x867b	0x24
0x867d	0x0
0x869f	0x4e487b7100000000000000000000000000000000000000000000000000000000
0x86c0	0x0
0x86c2	0x32
0x86c4	0x4
0x86c7	0x24
0x86c9	0x0
0x86eb	0x4e487b7100000000000000000000000000000000000000000000000000000000
0x870c	0x0
0x870e	0x32
0x8710	0x4
0x8713	0x24
0x8715	0x0
0x8737	0x4e487b7100000000000000000000000000000000000000000000000000000000
0x8758	0x0
0x875a	0x32
0x875c	0x4
0x875f	0x24
0x8761	0x0
0x8783	0x4e487b7100000000000000000000000000000000000000000000000000000000
0x87a4	0x0
0x87a6	0x41
0x87a8	0x4
0x87ab	0x24
0x87ad	0x0
0x87cf	0x4e487b7100000000000000000000000000000000000000000000000000000000
0x87f0	0x0
0x87f2	0x41
0x87f4	0x4
0x87f7	0x24
0x87f9	0x0
0x881b	0x4e487b7100000000000000000000000000000000000000000000000000000000
0x883c	0x0
0x883e	0x32
0x8840	0x4
0x8843	0x24
0x8845	0x0
0x8867	0x4e487b7100000000000000000000000000000000000000000000000000000000
0x8888	0x0
0x888a	0x32
0x888c	0x4
0x888f	0x24
0x8891	0x0
0x88b3	0x4e487b7100000000000000000000000000000000000000000000000000000000
0x88d4	0x0
0x88d6	0x32
0x88d8	0x4
0x88db	0x24
0x88dd	0x0
0x88ff	0x4e487b7100000000000000000000000000000000000000000000000000000000
0x8920	0x0
0x8922	0x32
0x8924	0x4
0x8927	0x24
0x8929	0x0
0x894b	0x4e487b7100000000000000000000000000000000000000000000000000000000
0x896c	0x0
0x896e	0x41
0x8970	0x4
0x8973	0x24
0x8975	0x0
0x8997	0x4e487b7100000000000000000000000000000000000000000000000000000000
0x89b8	0x0
0x89ba	0x21
0x89bc	0x4
0x89bf	0x24
0x89c1	0x0
0x89e3	0x4e487b7100000000000000000000000000000000000000000000000000000000
0x8a04	0x0
0x8a06	0x21
0x8a08	0x4
0x8a0b	0x24
0x8a0d	0x0
0x8a2f	0x4e487b7100000000000000000000000000000000000000000000000000000000
0x8a50	0x0
0x8a52	0x21
0x8a54	0x4
0x8a57	0x24
0x8a59	0x0
0x8a7b	0x4e487b7100000000000000000000000000000000000000000000000000000000
0x8a9c	0x0
0x8a9e	0x21
0x8aa0	0x4
0x8aa3	0x24
0x8aa5	0x0
0x8ac7	0x4e487b7100000000000000000000000000000000000000000000000000000000
0x8ae8	0x0
0x8aea	0x21
0x8aec	0x4
0x8aef	0x24
0x8af1	0x0
0x8b13	0x4e487b7100000000000000000000000000000000000000000000000000000000
0x8b34	0x0
0x8b36	0x21
0x8b38	0x4
0x8b3b	0x24
0x8b3d	0x0
0x8b5f	0x4e487b7100000000000000000000000000000000000000000000000000000000
0x8b80	0x0
0x8b82	0x21
0x8b84	0x4
0x8b87	0x24
0x8b89	0x0
0x8bab	0x4e487b7100000000000000000000000000000000000000000000000000000000
0x8bcc	0x0
0x8bce	0x21
0x8bd0	0x4
0x8bd3	0x24
0x8bd5	0x0
0x90b5	0x4e487b7100000000000000000000000000000000000000000000000000000000
0x90d6	0x0
0x90d8	0x11
0x90da	0x4
0x90dd	0x24
0x90df	0x0
0x9101	0x4e487b7100000000000000000000000000000000000000000000000000000000
0x9122	0x0
0x9124	0x11
0x9126	0x4
0x9129	0x24
0x912b	0x0
0x914d	0x4e487b7100000000000000000000000000000000000000000000000000000000
0x916e	0x0
0x9170	0x11
0x9172	0x4
0x9175	0x24
0x9177	0x0
0x91bc	0x4e487b7100000000000000000000000000000000000000000000000000000000
0x91dd	0x0
0x91df	0x11
0x91e1	0x4
0x91e4	0x24
0x91e6	0x0
0x9208	0x0
0x9209	0x0
0x93f8	0x0
0x93f9	0x0
0x943e	0x4e487b7100000000000000000000000000000000000000000000000000000000
0x945f	0x0
0x9461	0x11
0x9463	0x4
0x9466	0x24
0x9468	0x0
0x948a	0x4e487b7100000000000000000000000000000000000000000000000000000000
0x94ab	0x0
0x94ad	0x11
0x94af	0x4
0x94b2	0x24
0x94b4	0x0
0x12a53	0x12a62
0x12a55	0x12a65
0x12a57	0x12a68
0x12a59	0x12a6b
0x12a5b	0x12a6e
0x12a5d	0x12a71
0x12a5f	0x12a61
0x12a63	0x63
0x12a66	0x9f
0x12a69	0xc7
0x12a6c	0x103
0x12a6f	0x13f
0x12a72	0x15b
0x133c0xe25	0xe5a
0x133c0xe19	0xe22
0x133c0xe0a	0xe23
0x133c0xe00	0xe24
0x133c0xdee	0xdf7
0x133c0xdce	0xdf2
0x133c0xdb0	0xdb9
0x133c0xd61	0xd6b
0x133c0xe57	0x4
0x133c0xe52	0x40
0x133c0xe4f	0x4
0x133c0xe2c	0x90b8ec1800000000000000000000000000000000000000000000000000000000
0x133c0xe29	0x40
0x133c0xe1e	0x3723
0x133c0xe11	0x20
0x133c0xe05	0x0
0x133c0xdf3	0x60
0x133c0xde9	0x20
0x133c0xde8	0x0
0x133c0xde1	0x40
0x133c0xdda	0x3f
0x133c0xdd9	0xffffffffffffffffffffffffffffffffffffffffffffffffffffffffffffffe0
0x133c0xdd7	0x1f
0x133c0xdd2	0x40
0x133c0xdcb	0x0
0x133c0xdc2	0x0
0x133c0xdbb	0x40
0x133c0xdba	0x0
0x133c0xdb5	0x36d8
0x133c0xdad	0x40
0x133c0xd85	0xffffffffffffffffffffffffffffffffffffffffffffffffffffffff
0x133c0xd7f	0x20
0x133c0xd7e	0xa9059cbb00000000000000000000000000000000000000000000000000000000
0x133c0xd7c	0xe0
0x133c0xd78	0x40
0x133c0xd6f	0x20
0x133c0xd6c	0x40
0x133c0xd67	0x365f
0x133c0xd5e	0x24
0x133c0xd5b	0x40
0x133c0xd54	0xa9059cbb
0x133c0xd3e	0xffffffffffffffffffffffffffffffffffffffff
0x133c0xd3c	0x0
0x133c0xd3b	0x0
0x5930xd1c	0xffffffffffffffffffffffffffffffffffffffff
0x5930xd05	0xffffffffffffffffffffffffffffffffffffffff
0x5930xd03	0x0
0x33b1V0x9fe	0x33b8
0x33b4V0x9fe	0x924d
0x33d3V0x9fe	0x33da
0x33d6V0x9fe	0x32f3
0x33efV0x9fe	0x33f6
0x33f2V0x9fe	0x32f7
0x339eV0x9fe	0x0
0x339fV0x9fe	0x0
0x33a2V0x9fe	0x1
0x33a4V0x9fe	0x20
0x33a6V0x9fe	0x1f
0x33adV0x9fe	0x33b9
0x33c3V0x9fe	0xffffffffffffffff
0x33cfV0x9fe	0x33db
0x924eV0x9fe	0x0
0x924fV0x9fe	0x0
0x33dcV0x9fe	0x20
0x33e2V0x9fe	0x1
0x33ebV0x9fe	0x33f7
0x32f4V0x9fe	0x0
0x32f5V0x9fe	0x0
0x32f8V0x9fe	0x0
0x32f9V0x9fe	0x0
0x33b1V0xa8b	0x33b8
0x33b4V0xa8b	0x924d
0x33d3V0xa8b	0x33da
0x33d6V0xa8b	0x32f3
0x33efV0xa8b	0x33f6
0x33f2V0xa8b	0x32f7
0x339eV0xa8b	0x0
0x339fV0xa8b	0x0
0x33a2V0xa8b	0x1
0x33a4V0xa8b	0x20
0x33a6V0xa8b	0x1f
0x33adV0xa8b	0x33b9
0x33c3V0xa8b	0xffffffffffffffff
0x33cfV0xa8b	0x33db
0x924eV0xa8b	0x0
0x924fV0xa8b	0x0
0x33dcV0xa8b	0x20
0x33e2V0xa8b	0x1
0x33ebV0xa8b	0x33f7
0x32f4V0xa8b	0x0
0x32f5V0xa8b	0x0
0x32f8V0xa8b	0x0
0x32f9V0xa8b	0x0
0xd03V0x25c	0x0
0xd05V0x25c	0xffffffffffffffffffffffffffffffffffffffff
0xd1cV0x25c	0xffffffffffffffffffffffffffffffffffffffff
0x2839V0x3143	0x0
0x2839V0x3176	0x0
0x2839V0x31b7	0x0
0x2839V0x3217	0x0
0x2fe4V0x32b3	0x0
0x2fe5V0x32b3	0xffffffffffffffffffffffffffff
0x33b1V0xfef	0x33b8
0x33b4V0xfef	0x924d
0x33d3V0xfef	0x33da
0x33d6V0xfef	0x32f3
0x33efV0xfef	0x33f6
0x33f2V0xfef	0x32f7
0x339eV0xfef	0x0
0x339fV0xfef	0x0
0x33a2V0xfef	0x1
0x33a4V0xfef	0x20
0x33a6V0xfef	0x1f
0x33adV0xfef	0x33b9
0x33c3V0xfef	0xffffffffffffffff
0x33cfV0xfef	0x33db
0x924eV0xfef	0x0
0x924fV0xfef	0x0
0x33dcV0xfef	0x20
0x33e2V0xfef	0x1
0x33ebV0xfef	0x33f7
0x32f4V0xfef	0x0
0x32f5V0xfef	0x0
0x32f8V0xfef	0x0
0x32f9V0xfef	0x0
0x33b1V0x10bd	0x33b8
0x33b4V0x10bd	0x924d
0x33d3V0x10bd	0x33da
0x33d6V0x10bd	0x32f3
0x33efV0x10bd	0x33f6
0x33f2V0x10bd	0x32f7
0x339eV0x10bd	0x0
0x339fV0x10bd	0x0
0x33a2V0x10bd	0x1
0x33a4V0x10bd	0x20
0x33a6V0x10bd	0x1f
0x33adV0x10bd	0x33b9
0x33c3V0x10bd	0xffffffffffffffff
0x33cfV0x10bd	0x33db
0x924eV0x10bd	0x0
0x924fV0x10bd	0x0
0x33dcV0x10bd	0x20
0x33e2V0x10bd	0x1
0x33ebV0x10bd	0x33f7
0x32f4V0x10bd	0x0
0x32f5V0x10bd	0x0
0x32f8V0x10bd	0x0
0x32f9V0x10bd	0x0
0xe62V0x10dc	0x0
0xe63V0x10dc	0xf63006830011fe3ab565a55b23ad69c71bacfdf6525fac1274cfae5d71121e00
0xd03V0x1a26	0x0
0xd05V0x1a26	0xffffffffffffffffffffffffffffffffffffffff
0xd1cV0x1a26	0xffffffffffffffffffffffffffffffffffffffff
0xd03V0x1b79	0x0
0xd05V0x1b79	0xffffffffffffffffffffffffffffffffffffffff
0xd1cV0x1b79	0xffffffffffffffffffffffffffffffffffffffff
0xd03V0x1be1	0x0
0xd05V0x1be1	0xffffffffffffffffffffffffffffffffffffffff
0xd1cV0x1be1	0xffffffffffffffffffffffffffffffffffffffff
0x278fV0x3cb0	0x0
0x2790V0x3cb0	0xffffffffffffffffffffffffffffffffffffffff
0x278fV0x3cf7	0x0
0x2790V0x3cf7	0xffffffffffffffffffffffffffffffffffffffff
0x2839V0x314d	0x0
0x2839V0x3180	0x0
0x2839V0x318b	0x0
0x2839V0x31c1	0x0
0x2839V0x3221	0x0
0x2fe4V0x32bd	0x0
0x2fe5V0x32bd	0xffffffffffffffffffffffffffff
0x2fe4V0x32c8	0x0
0x2fe5V0x32c8	0xffffffffffffffffffffffffffff
0x278fV0x3cba	0x0
0x2790V0x3cba	0xffffffffffffffffffffffffffffffffffffffff
0x278fV0x3d01	0x0
0x2790V0x3d01	0xffffffffffffffffffffffffffffffffffffffff
0x3a2dV0xebd	0x0
0x3a2eV0xebd	0x20
0x3a36V0xebd	0x20
0x3a37V0xebd	0x0
0x3a3bV0xebd	0x3a43
0x3a3fV0xebd	0x3a0a
0x3a19V0xebd	0x3a21
0x3a1dV0xebd	0x39e2
0x3a22V0xebd	0x20
0x39e3V0xebd	0x496e76616c696443616c6c734861736800000000000000000000000000000000
0x3a04V0xebd	0x0
0x3a0bV0xebd	0x0
0x3a0cV0xebd	0x3a16
0x3a0fV0xebd	0x10
0x3a12V0xebd	0x39d2
0x39d3V0x3a0aV0xebd	0x0
0x39d7V0x3a0aV0xebd	0x20
0x3a95V0xf04	0x0
0x3a96V0xf04	0x20
0x3a9eV0xf04	0x20
0x3a9fV0xf04	0x0
0x3aa3V0xf04	0x3aab
0x3aa7V0xf04	0x3a72
0x3a81V0xf04	0x3a89
0x3a85V0xf04	0x3a4a
0x3a8aV0xf04	0x20
0x3a4bV0xf04	0x446561646c696e65457870697265640000000000000000000000000000000000
0x3a6cV0xf04	0x0
0x3a73V0xf04	0x0
0x3a74V0xf04	0x3a7e
0x3a77V0xf04	0xf
0x3a7aV0xf04	0x39d2
0x39d3V0x3a72V0xf04	0x0
0x39d7V0x3a72V0xf04	0x20
0x3b8eV0x1083	0x0
0x3b8fV0x1083	0x20
0x3b97V0x1083	0x20
0x3b98V0x1083	0x0
0x3b9cV0x1083	0x3ba4
0x3ba0V0x1083	0x3b6b
0x3b7aV0x1083	0x3b82
0x3b7eV0x1083	0x3b43
0x3b83V0x1083	0x20
0x3b44V0x1083	0x496e76616c69645369676e657200000000000000000000000000000000000000
0x3b65V0x1083	0x0
0x3b6cV0x1083	0x0
0x3b6dV0x1083	0x3b77
0x3b70V0x1083	0xd
0x3b73V0x1083	0x39d2
0x39d3V0x3b6bV0x1083	0x0
0x39d7V0x3b6bV0x1083	0x20
0x3c0bV0x1294	0x0
0x3c0cV0x1294	0x3c14
0x3c10V0x1294	0x3bea
0x3bf8V0x1294	0x3c00
0x3bfcV0x1294	0x3be7
0x3c01V0x1294	0x0
0x3bebV0x1294	0x0
0x3becV0x1294	0x3bf5
0x3befV0x1294	0x0
0x3bf1V0x1294	0x3690
0x3691V0x3beaV0x1294	0x0
0x27f7V0x6e	0x27fe
0x27faV0x6e	0x8bf6
0x27e9V0x6e	0x0
0x27eaV0x6e	0x0
0x27ebV0x6e	0x0
0x27ecV0x6e	0x60
0x27f3V0x6e	0x27ff
0x2800V0x6e	0x0
0x2801V0x6e	0x280c
0x2807V0x6e	0x4
0x2808V0x6e	0x27d4
0x8bf7V0x6e	0x0
0x8bf8V0x6e	0x0
0x2810V0x6e	0x20
0x2812V0x6e	0x281d
0x2818V0x6e	0x24
0x2819V0x6e	0x27d4
0x2821V0x6e	0x40
0x2823V0x6e	0x282e
0x2829V0x6e	0x44
0x282aV0x6e	0x27d4
0x27d5V0x27ffV0x6e	0x0
0x27daV0x27ffV0x6e	0x27e2
0x27deV0x27ffV0x6e	0x27be
0x27d5V0x280cV0x6e	0x0
0x27daV0x280cV0x6e	0x27e2
0x27deV0x280cV0x6e	0x27be
0x27d5V0x281dV0x6e	0x0
0x27daV0x281dV0x6e	0x27e2
0x27deV0x281dV0x6e	0x27be
0x56dV0xe8	0x0
0x56eV0xe8	0x0
0x56fV0xe8	0x576
0x572V0xe8	0xe61
0x57aV0xe8	0x0
0x57bV0xe8	0xf63006830011fe3ab565a55b23ad69c71bacfdf6525fac1274cfae5d71121e00
0x57cV0xe8	0x0
0x580V0xe8	0x20
0x582V0xe8	0x20
0x586V0xe8	0x20
0x588V0xe8	0x40
0x589V0xe8	0x0
0xe62V0x56cV0xe8	0x0
0xe63V0x56cV0xe8	0xf63006830011fe3ab565a55b23ad69c71bacfdf6525fac1274cfae5d71121e00
0x34abV0xa1e	0x34b2
0x34aeV0xa1e	0x9293
0x349fV0xa1e	0x0
0x34a0V0xa1e	0x20
0x34a7V0xa1e	0x34b3
0x34b4V0xa1e	0x0
0x34b5V0xa1e	0x34c0
0x34bcV0xa1e	0x27d4
0x9294V0xa1e	0x0
0x9295V0xa1e	0x0
0x27d5V0x34b3V0xa1e	0x0
0x27daV0x34b3V0xa1e	0x27e2
0x27deV0x34b3V0xa1e	0x27be
0x56dV0xf3e	0x0
0x56eV0xf3e	0x0
0x56fV0xf3e	0x576
0x572V0xf3e	0xe61
0x57aV0xf3e	0x0
0x57bV0xf3e	0xf63006830011fe3ab565a55b23ad69c71bacfdf6525fac1274cfae5d71121e00
0x57cV0xf3e	0x0
0x580V0xf3e	0x20
0x582V0xf3e	0x20
0x586V0xf3e	0x20
0x588V0xf3e	0x40
0x589V0xf3e	0x0
0xe62V0x56cV0xf3e	0x0
0xe63V0x56cV0xf3e	0xf63006830011fe3ab565a55b23ad69c71bacfdf6525fac1274cfae5d71121e00
0x34abV0xf9a	0x34b2
0x34aeV0xf9a	0x9293
0x349fV0xf9a	0x0
0x34a0V0xf9a	0x20
0x34a7V0xf9a	0x34b3
0x34b4V0xf9a	0x0
0x34b5V0xf9a	0x34c0
0x34bcV0xf9a	0x27d4
0x9294V0xf9a	0x0
0x9295V0xf9a	0x0
0x27d5V0x34b3V0xf9a	0x0
0x27daV0x34b3V0xf9a	0x27e2
0x27deV0x34b3V0xf9a	0x27be
0x3bd0V0x10ce	0x0
0x3bd1V0x10ce	0x3bdb
0x3bd7V0x10ce	0x3bab
0x3bb9V0x10ce	0x3bc3
0x3bbfV0x10ce	0x3857
0x3bacV0x10ce	0x0
0x3badV0x10ce	0x3bb6
0x3bb2V0x10ce	0x3690
0x385cV0x3bb6V0x10ce	0x0
0x3691V0x3babV0x10ce	0x0
0x3c0bV0x11f3	0x0
0x3c0cV0x11f3	0x3c14
0x3c10V0x11f3	0x3bea
0x3bf8V0x11f3	0x3c00
0x3bfcV0x11f3	0x3be7
0x3c01V0x11f3	0x0
0x3bebV0x11f3	0x0
0x3becV0x11f3	0x3bf5
0x3befV0x11f3	0x0
0x3bf1V0x11f3	0x3690
0x3691V0x3beaV0x11f3	0x0
0x3268V0x1b55	0x326f
0x326bV0x1b55	0x9198
0x325cV0x1b55	0x0
0x325dV0x1b55	0x20
0x3264V0x1b55	0x3270
0x3271V0x1b55	0x0
0x3272V0x1b55	0x327d
0x3279V0x1b55	0x3247
0x9199V0x1b55	0x0
0x919aV0x1b55	0x0
0x3248V0x3270V0x1b55	0x0
0x324dV0x3270V0x1b55	0x3255
0x3251V0x3270V0x1b55	0x27be
0x36d9V0x23b7	0x0
0x36daV0x23b7	0x36e3
0x36dfV0x23b7	0x36a8
0x36b3V0x23b7	0x36bc
0x36b8V0x23b7	0x3690
0x36bfV0x23b7	0x36cc
0x36c4V0x23b7	0x20
0x36c8V0x23b7	0x369a
0x36a9V0x23b7	0x0
0x36aaV0x23b7	0x36b2
0x36aeV0x23b7	0x3686
0x3691V0x36b2V0x23b7	0x0
0x369fV0x36bcV0x23b7	0x0
0x3687V0x36a8V0x23b7	0x0
0x3689V0x36a8V0x23b7	0x0
0x36d9V0xd6b0x133c	0x0
0x36daV0xd6b0x133c	0x36e3
0x36dfV0xd6b0x133c	0x36a8
0x36b3V0xd6b0x133c	0x36bc
0x36b8V0xd6b0x133c	0x3690
0x36bfV0xd6b0x133c	0x36cc
0x36c4V0xd6b0x133c	0x20
0x36c8V0xd6b0x133c	0x369a
0x36a9V0xd6b0x133c	0x0
0x36aaV0xd6b0x133c	0x36b2
0x36aeV0xd6b0x133c	0x3686
0x3691V0x36b2V0xd6b0x133c	0x0
0x369fV0x36bcV0xd6b0x133c	0x0
0x3687V0x36a8V0xd6b0x133c	0x0
0x2851V0x89	0x0
0x2852V0x89	0x20
0x2858V0x89	0x2863
0x285bV0x89	0x0
0x285fV0x89	0x2841
0x2842V0x2850V0x89	0x284a
0x2846V0x2850V0x89	0x2838
0x2839V0x2841V0x2850V0x89	0x0
0x290dV0xaa	0x2914
0x2910V0xaa	0x8c82
0x294cV0xaa	0x2953
0x294fV0xaa	0x8ca5
0x28feV0xaa	0x0
0x28ffV0xaa	0x0
0x2900V0xaa	0x0
0x2901V0xaa	0x0
0x2902V0xaa	0x60
0x2909V0xaa	0x2915
0x2916V0xaa	0x0
0x2917V0xaa	0x2922
0x291dV0xaa	0x4
0x291eV0xaa	0x2888
0x8c83V0xaa	0x0
0x8c84V0xaa	0x0
0x2926V0xaa	0x20
0x2928V0xaa	0x2933
0x292eV0xaa	0x24
0x292fV0xaa	0x2888
0x2937V0xaa	0x40
0x293aV0xaa	0x44
0x293cV0xaa	0xffffffffffffffff
0x2948V0xaa	0x2954
0x2955V0xaa	0x2960
0x295cV0xaa	0x28a8
0x8ca6V0xaa	0x0
0x8ca7V0xaa	0x0
0x2889V0x2915V0xaa	0x0
0x288eV0x2915V0xaa	0x2896
0x2892V0x2915V0xaa	0x2872
0x2889V0x2922V0xaa	0x0
0x288eV0x2922V0xaa	0x2896
0x2892V0x2922V0xaa	0x2872
0x28b5V0x2954V0xaa	0x28bc
0x28b8V0x2954V0xaa	0x8c19
0x28d2V0x2954V0xaa	0x28d9
0x28d5V0x2954V0xaa	0x8c3c
0x28eeV0x2954V0xaa	0x28f5
0x28f1V0x2954V0xaa	0x8c5f
0x28c2V0x2954V0xaa	0xffffffffffffffff
0x28ceV0x2954V0xaa	0x28da
0x8c1aV0x2954V0xaa	0x0
0x8c1bV0x2954V0xaa	0x0
0x28dbV0x2954V0xaa	0x20
0x28e2V0x2954V0xaa	0x1
0x28eaV0x2954V0xaa	0x28f6
0x8c3dV0x2954V0xaa	0x0
0x8c3eV0x2954V0xaa	0x0
0x8c60V0x2954V0xaa	0x0
0x8c61V0x2954V0xaa	0x0
0x28a9V0x2954V0xaa	0x0
0x28aaV0x2954V0xaa	0x0
0x28acV0x2954V0xaa	0x1f
0x28b1V0x2954V0xaa	0x28bd
0x2882V0x2888B0x2915V0xaa	0x0
0x2883V0x2888B0x2915V0xaa	0x0
0x287eV0x2888B0x2915V0xaa	0x2885
0x2873V0x2888B0x2915V0xaa	0x287b
0x2877V0x2888B0x2915V0xaa	0x2869
0x286aV0x2872V0x2888B0x2915V0xaa	0x0
0x2882V0x2888B0x2922V0xaa	0x0
0x2883V0x2888B0x2922V0xaa	0x0
0x287eV0x2888B0x2922V0xaa	0x2885
0x2873V0x2888B0x2922V0xaa	0x287b
0x2877V0x2888B0x2922V0xaa	0x2869
0x286aV0x2872V0x2888B0x2922V0xaa	0x0
0x29dcV0xed	0x0
0x29ddV0xed	0x20
0x29e3V0xed	0x29ee
0x29e6V0xed	0x0
0x29eaV0xed	0x29cc
0x29cdV0x29dbV0xed	0x29d5
0x29d1V0x29dbV0xed	0x296e
0x296fV0x29ccV0x29dbV0xed	0x0
0x290dV0x166	0x2914
0x2910V0x166	0x8c82
0x294cV0x166	0x2953
0x294fV0x166	0x8ca5
0x28feV0x166	0x0
0x28ffV0x166	0x0
0x2900V0x166	0x0
0x2901V0x166	0x0
0x2902V0x166	0x60
0x2909V0x166	0x2915
0x2916V0x166	0x0
0x2917V0x166	0x2922
0x291dV0x166	0x4
0x291eV0x166	0x2888
0x8c83V0x166	0x0
0x8c84V0x166	0x0
0x2926V0x166	0x20
0x2928V0x166	0x2933
0x292eV0x166	0x24
0x292fV0x166	0x2888
0x2937V0x166	0x40
0x293aV0x166	0x44
0x293cV0x166	0xffffffffffffffff
0x2948V0x166	0x2954
0x2955V0x166	0x2960
0x295cV0x166	0x28a8
0x8ca6V0x166	0x0
0x8ca7V0x166	0x0
0x2889V0x2915V0x166	0x0
0x288eV0x2915V0x166	0x2896
0x2892V0x2915V0x166	0x2872
0x2889V0x2922V0x166	0x0
0x288eV0x2922V0x166	0x2896
0x2892V0x2922V0x166	0x2872
0x28b5V0x2954V0x166	0x28bc
0x28b8V0x2954V0x166	0x8c19
0x28d2V0x2954V0x166	0x28d9
0x28d5V0x2954V0x166	0x8c3c
0x28eeV0x2954V0x166	0x28f5
0x28f1V0x2954V0x166	0x8c5f
0x28c2V0x2954V0x166	0xffffffffffffffff
0x28ceV0x2954V0x166	0x28da
0x8c1aV0x2954V0x166	0x0
0x8c1bV0x2954V0x166	0x0
0x28dbV0x2954V0x166	0x20
0x28e2V0x2954V0x166	0x1
0x28eaV0x2954V0x166	0x28f6
0x8c3dV0x2954V0x166	0x0
0x8c3eV0x2954V0x166	0x0
0x8c60V0x2954V0x166	0x0
0x8c61V0x2954V0x166	0x0
0x28a9V0x2954V0x166	0x0
0x28aaV0x2954V0x166	0x0
0x28acV0x2954V0x166	0x1f
0x28b1V0x2954V0x166	0x28bd
0x2882V0x2888B0x2915V0x166	0x0
0x2883V0x2888B0x2915V0x166	0x0
0x287eV0x2888B0x2915V0x166	0x2885
0x2873V0x2888B0x2915V0x166	0x287b
0x2877V0x2888B0x2915V0x166	0x2869
0x286aV0x2872V0x2888B0x2915V0x166	0x0
0x2882V0x2888B0x2922V0x166	0x0
0x2883V0x2888B0x2922V0x166	0x0
0x287eV0x2888B0x2922V0x166	0x2885
0x2873V0x2888B0x2922V0x166	0x287b
0x2877V0x2888B0x2922V0x166	0x2869
0x286aV0x2872V0x2888B0x2922V0x166	0x0
0x30f8V0x2f0	0x30ff
0x30fbV0x2f0	0x9091
0x30ecV0x2f0	0x0
0x30edV0x2f0	0x20
0x30f4V0x2f0	0x3100
0x3101V0x2f0	0x0
0x3102V0x2f0	0x310d
0x3109V0x2f0	0x30d7
0x9092V0x2f0	0x0
0x9093V0x2f0	0x0
0x30d8V0x3100V0x2f0	0x0
0x30ddV0x3100V0x2f0	0x30e5
0x30e1V0x3100V0x2f0	0x2aa7
0x2ab7V0x30d7B0x3100V0x2f0	0x0
0x2ab8V0x30d7B0x3100V0x2f0	0x0
0x2ab3V0x30d7B0x3100V0x2f0	0x2aba
0x2aa8V0x30d7B0x3100V0x2f0	0x2ab0
0x2aacV0x30d7B0x3100V0x2f0	0x2838
0x2839V0x2aa7V0x30d7B0x3100V0x2f0	0x0
0x337fV0x9d4	0x3386
0x3382V0x9d4	0x922a
0x3373V0x9d4	0x0
0x3374V0x9d4	0x20
0x337bV0x9d4	0x3387
0x3388V0x9d4	0x0
0x3389V0x9d4	0x3394
0x3390V0x9d4	0x335e
0x922bV0x9d4	0x0
0x922cV0x9d4	0x0
0x335fV0x3387V0x9d4	0x0
0x3364V0x3387V0x9d4	0x336c
0x3368V0x3387V0x9d4	0x334f
0x3358V0x335eV0x3387V0x9d4	0x0
0x3359V0x335eV0x3387V0x9d4	0x0
0x3350V0x335eV0x3387V0x9d4	0x3
0x3354V0x335eV0x3387V0x9d4	0x335b
0x337fV0xa61	0x3386
0x3382V0xa61	0x922a
0x3373V0xa61	0x0
0x3374V0xa61	0x20
0x337bV0xa61	0x3387
0x3388V0xa61	0x0
0x3389V0xa61	0x3394
0x3390V0xa61	0x335e
0x922bV0xa61	0x0
0x922cV0xa61	0x0
0x335fV0x3387V0xa61	0x0
0x3364V0x3387V0xa61	0x336c
0x3368V0x3387V0xa61	0x334f
0x3358V0x335eV0x3387V0xa61	0x0
0x3359V0x335eV0x3387V0xa61	0x0
0x3350V0x335eV0x3387V0xa61	0x3
0x3354V0x335eV0x3387V0xa61	0x335b
0x3ae2V0xf60	0x3ae9
0x3ae5V0xf60	0x941a
0x3ad6V0xf60	0x0
0x3ad7V0xf60	0x20
0x3adeV0xf60	0x3aea
0x3aebV0xf60	0x0
0x3aecV0xf60	0x3af7
0x3af3V0xf60	0x3ac1
0x941bV0xf60	0x0
0x941cV0xf60	0x0
0x3ac2V0x3aeaV0xf60	0x0
0x3ac7V0x3aeaV0xf60	0x3acf
0x3acbV0x3aeaV0xf60	0x3ab2
0x3abbV0x3ac1V0x3aeaV0xf60	0x0
0x3abcV0x3ac1V0x3aeaV0xf60	0x0
0x3ab3V0x3ac1V0x3aeaV0xf60	0x2
0x3ab7V0x3ac1V0x3aeaV0xf60	0x3abe
0x30f8V0x15b5	0x30ff
0x30fbV0x15b5	0x9091
0x30ecV0x15b5	0x0
0x30edV0x15b5	0x20
0x30f4V0x15b5	0x3100
0x3101V0x15b5	0x0
0x3102V0x15b5	0x310d
0x3109V0x15b5	0x30d7
0x9092V0x15b5	0x0
0x9093V0x15b5	0x0
0x30d8V0x3100V0x15b5	0x0
0x30ddV0x3100V0x15b5	0x30e5
0x30e1V0x3100V0x15b5	0x2aa7
0x2ab7V0x30d7B0x3100V0x15b5	0x0
0x2ab8V0x30d7B0x3100V0x15b5	0x0
0x2ab3V0x30d7B0x3100V0x15b5	0x2aba
0x2aa8V0x30d7B0x3100V0x15b5	0x2ab0
0x2aacV0x30d7B0x3100V0x15b5	0x2838
0x2839V0x2aa7V0x30d7B0x3100V0x15b5	0x0
0x30f8V0x16ec	0x30ff
0x30fbV0x16ec	0x9091
0x30ecV0x16ec	0x0
0x30edV0x16ec	0x20
0x30f4V0x16ec	0x3100
0x3101V0x16ec	0x0
0x3102V0x16ec	0x310d
0x3109V0x16ec	0x30d7
0x9092V0x16ec	0x0
0x9093V0x16ec	0x0
0x30d8V0x3100V0x16ec	0x0
0x30ddV0x3100V0x16ec	0x30e5
0x30e1V0x3100V0x16ec	0x2aa7
0x2ab7V0x30d7B0x3100V0x16ec	0x0
0x2ab8V0x30d7B0x3100V0x16ec	0x0
0x2ab3V0x30d7B0x3100V0x16ec	0x2aba
0x2aa8V0x30d7B0x3100V0x16ec	0x2ab0
0x2aacV0x30d7B0x3100V0x16ec	0x2838
0x2839V0x2aa7V0x30d7B0x3100V0x16ec	0x0
0x30f8V0x18dd	0x30ff
0x30fbV0x18dd	0x9091
0x30ecV0x18dd	0x0
0x30edV0x18dd	0x20
0x30f4V0x18dd	0x3100
0x3101V0x18dd	0x0
0x3102V0x18dd	0x310d
0x3109V0x18dd	0x30d7
0x9092V0x18dd	0x0
0x9093V0x18dd	0x0
0x30d8V0x3100V0x18dd	0x0
0x30ddV0x3100V0x18dd	0x30e5
0x30e1V0x3100V0x18dd	0x2aa7
0x2ab7V0x30d7B0x3100V0x18dd	0x0
0x2ab8V0x30d7B0x3100V0x18dd	0x0
0x2ab3V0x30d7B0x3100V0x18dd	0x2aba
0x2aa8V0x30d7B0x3100V0x18dd	0x2ab0
0x2aacV0x30d7B0x3100V0x18dd	0x2838
0x2839V0x2aa7V0x30d7B0x3100V0x18dd	0x0
0x3de5V0x1cb1	0x3dec
0x3de8V0x1cb1	0x94d5
0x3dd8V0x1cb1	0x0
0x3dd9V0x1cb1	0x0
0x3ddaV0x1cb1	0x40
0x3de1V0x1cb1	0x3ded
0x3deeV0x1cb1	0x0
0x3defV0x1cb1	0x3dfa
0x3df6V0x1cb1	0x3dc3
0x94d6V0x1cb1	0x0
0x94d7V0x1cb1	0x0
0x3dfeV0x1cb1	0x20
0x3e00V0x1cb1	0x3e0b
0x3e07V0x1cb1	0x3dc3
0x3dc4V0x3dedV0x1cb1	0x0
0x3dc9V0x3dedV0x1cb1	0x3dd1
0x3dcdV0x3dedV0x1cb1	0x2872
0x3dc4V0x3dfaV0x1cb1	0x0
0x3dc9V0x3dfaV0x1cb1	0x3dd1
0x3dcdV0x3dfaV0x1cb1	0x2872
0x2882V0x3dc3B0x3dedV0x1cb1	0x0
0x2883V0x3dc3B0x3dedV0x1cb1	0x0
0x287eV0x3dc3B0x3dedV0x1cb1	0x2885
0x2873V0x3dc3B0x3dedV0x1cb1	0x287b
0x2877V0x3dc3B0x3dedV0x1cb1	0x2869
0x286aV0x2872V0x3dc3B0x3dedV0x1cb1	0x0
0x2882V0x3dc3B0x3dfaV0x1cb1	0x0
0x2883V0x3dc3B0x3dfaV0x1cb1	0x0
0x287eV0x3dc3B0x3dfaV0x1cb1	0x2885
0x2873V0x3dc3B0x3dfaV0x1cb1	0x287b
0x2877V0x3dc3B0x3dfaV0x1cb1	0x2869
0x286aV0x2872V0x3dc3B0x3dfaV0x1cb1	0x0
0x30f8V0x1d36	0x30ff
0x30fbV0x1d36	0x9091
0x30ecV0x1d36	0x0
0x30edV0x1d36	0x20
0x30f4V0x1d36	0x3100
0x3101V0x1d36	0x0
0x3102V0x1d36	0x310d
0x3109V0x1d36	0x30d7
0x9092V0x1d36	0x0
0x9093V0x1d36	0x0
0x30d8V0x3100V0x1d36	0x0
0x30ddV0x3100V0x1d36	0x30e5
0x30e1V0x3100V0x1d36	0x2aa7
0x2ab7V0x30d7B0x3100V0x1d36	0x0
0x2ab8V0x30d7B0x3100V0x1d36	0x0
0x2ab3V0x30d7B0x3100V0x1d36	0x2aba
0x2aa8V0x30d7B0x3100V0x1d36	0x2ab0
0x2aacV0x30d7B0x3100V0x1d36	0x2838
0x2839V0x2aa7V0x30d7B0x3100V0x1d36	0x0
0x2851V0x1dd1	0x0
0x2852V0x1dd1	0x20
0x2858V0x1dd1	0x2863
0x285bV0x1dd1	0x0
0x285fV0x1dd1	0x2841
0x2842V0x2850V0x1dd1	0x284a
0x2846V0x2850V0x1dd1	0x2838
0x2839V0x2841V0x2850V0x1dd1	0x0
0x30f8V0x204a	0x30ff
0x30fbV0x204a	0x9091
0x30ecV0x204a	0x0
0x30edV0x204a	0x20
0x30f4V0x204a	0x3100
0x3101V0x204a	0x0
0x3102V0x204a	0x310d
0x3109V0x204a	0x30d7
0x9092V0x204a	0x0
0x9093V0x204a	0x0
0x30d8V0x3100V0x204a	0x0
0x30ddV0x3100V0x204a	0x30e5
0x30e1V0x3100V0x204a	0x2aa7
0x2ab7V0x30d7B0x3100V0x204a	0x0
0x2ab8V0x30d7B0x3100V0x204a	0x0
0x2ab3V0x30d7B0x3100V0x204a	0x2aba
0x2aa8V0x30d7B0x3100V0x204a	0x2ab0
0x2aacV0x30d7B0x3100V0x204a	0x2838
0x2839V0x2aa7V0x30d7B0x3100V0x204a	0x0
0x2851V0x22d7	0x0
0x2852V0x22d7	0x20
0x2858V0x22d7	0x2863
0x285bV0x22d7	0x0
0x285fV0x22d7	0x2841
0x2842V0x2850V0x22d7	0x284a
0x2846V0x2850V0x22d7	0x2838
0x2839V0x2841V0x2850V0x22d7	0x0
0x2f79V0x13f	0x2f80
0x2f7cV0x13f	0x9005
0x2f96V0x13f	0x2f9d
0x2f99V0x13f	0x9028
0x2fc5V0x13f	0x2fcc
0x2fc8V0x13f	0x904b
0x2f6bV0x13f	0x0
0x2f6cV0x13f	0x0
0x2f6dV0x13f	0x0
0x2f6eV0x13f	0x40
0x2f75V0x13f	0x2f81
0x2f82V0x13f	0x0
0x2f84V0x13f	0x4
0x2f86V0x13f	0xffffffffffffffff
0x2f92V0x13f	0x2f9e
0x9006V0x13f	0x0
0x9007V0x13f	0x0
0x2f9fV0x13f	0x2faa
0x2fa6V0x13f	0x2ef3
0x9029V0x13f	0x0
0x902aV0x13f	0x0
0x2fb0V0x13f	0x20
0x2fb3V0x13f	0x24
0x2fb5V0x13f	0xffffffffffffffff
0x2fc1V0x13f	0x2fcd
0x2fceV0x13f	0x2fd9
0x2fd5V0x13f	0x2f4c
0x904cV0x13f	0x0
0x904dV0x13f	0x0
0x2f00V0x2f9eV0x13f	0x2f07
0x2f03V0x2f9eV0x13f	0x8f9c
0x2f1dV0x2f9eV0x13f	0x2f24
0x2f20V0x2f9eV0x13f	0x8fbf
0x2f39V0x2f9eV0x13f	0x2f40
0x2f3cV0x2f9eV0x13f	0x8fe2
0x2f0dV0x2f9eV0x13f	0xffffffffffffffff
0x2f19V0x2f9eV0x13f	0x2f25
0x8f9dV0x2f9eV0x13f	0x0
0x8f9eV0x2f9eV0x13f	0x0
0x2f26V0x2f9eV0x13f	0x20
0x2f2dV0x2f9eV0x13f	0x20
0x2f35V0x2f9eV0x13f	0x2f41
0x8fc0V0x2f9eV0x13f	0x0
0x8fc1V0x2f9eV0x13f	0x0
0x8fe3V0x2f9eV0x13f	0x0
0x8fe4V0x2f9eV0x13f	0x0
0x2ef4V0x2f9eV0x13f	0x0
0x2ef5V0x2f9eV0x13f	0x0
0x2ef7V0x2f9eV0x13f	0x1f
0x2efcV0x2f9eV0x13f	0x2f08
0x2f59V0x2fcdV0x13f	0x2f60
0x2f5cV0x2fcdV0x13f	0x2f48
0x2f49V0x2fcdV0x13f	0x0
0x2f4aV0x2fcdV0x13f	0x0
0x2f4dV0x2fcdV0x13f	0x0
0x2f4eV0x2fcdV0x13f	0xc0
0x2f55V0x2fcdV0x13f	0x2f61
0x2851V0x1ee0	0x0
0x2852V0x1ee0	0x20
0x2858V0x1ee0	0x2863
0x285bV0x1ee0	0x0
0x285fV0x1ee0	0x2841
0x2842V0x2850V0x1ee0	0x284a
0x2846V0x2850V0x1ee0	0x2838
0x2839V0x2841V0x2850V0x1ee0	0x0
0x2851V0x2550	0x0
0x2852V0x2550	0x20
0x2858V0x2550	0x2863
0x285bV0x2550	0x0
0x285fV0x2550	0x2841
0x2842V0x2850V0x2550	0x284a
0x2846V0x2850V0x2550	0x2838
0x2839V0x2841V0x2850V0x2550	0x0
0x29dcV0x25ba	0x0
0x29ddV0x25ba	0x20
0x29e3V0x25ba	0x29ee
0x29e6V0x25ba	0x0
0x29eaV0x25ba	0x29cc
0x29cdV0x29dbV0x25ba	0x29d5
0x29d1V0x29dbV0x25ba	0x296e
0x296fV0x29ccV0x29dbV0x25ba	0x0
0x27ceV0x27d4B0x27ffB0x6e	0x0
0x27cfV0x27d4B0x27ffB0x6e	0x0
0x27caV0x27d4B0x27ffB0x6e	0x27d1
0x27bfV0x27d4B0x27ffB0x6e	0x27c7
0x27c3V0x27d4B0x27ffB0x6e	0x27ad
0x27aeV0x27beV0x27d4B0x27ffB0x6e	0x0
0x27afV0x27beV0x27d4B0x27ffB0x6e	0x27b7
0x27b3V0x27beV0x27d4B0x27ffB0x6e	0x278e
0x278fV0x27adV0x27beV0x27d4B0x27ffB0x6e	0x0
0x2790V0x27adV0x27beV0x27d4B0x27ffB0x6e	0xffffffffffffffffffffffffffffffffffffffff
0x27ceV0x27d4B0x280cB0x6e	0x0
0x27cfV0x27d4B0x280cB0x6e	0x0
0x27caV0x27d4B0x280cB0x6e	0x27d1
0x27bfV0x27d4B0x280cB0x6e	0x27c7
0x27c3V0x27d4B0x280cB0x6e	0x27ad
0x27aeV0x27beV0x27d4B0x280cB0x6e	0x0
0x27afV0x27beV0x27d4B0x280cB0x6e	0x27b7
0x27b3V0x27beV0x27d4B0x280cB0x6e	0x278e
0x278fV0x27adV0x27beV0x27d4B0x280cB0x6e	0x0
0x2790V0x27adV0x27beV0x27d4B0x280cB0x6e	0xffffffffffffffffffffffffffffffffffffffff
0x27ceV0x27d4B0x281dB0x6e	0x0
0x27cfV0x27d4B0x281dB0x6e	0x0
0x27caV0x27d4B0x281dB0x6e	0x27d1
0x27bfV0x27d4B0x281dB0x6e	0x27c7
0x27c3V0x27d4B0x281dB0x6e	0x27ad
0x27aeV0x27beV0x27d4B0x281dB0x6e	0x0
0x27afV0x27beV0x27d4B0x281dB0x6e	0x27b7
0x27b3V0x27beV0x27d4B0x281dB0x6e	0x278e
0x278fV0x27adV0x27beV0x27d4B0x281dB0x6e	0x0
0x2790V0x27adV0x27beV0x27d4B0x281dB0x6e	0xffffffffffffffffffffffffffffffffffffffff
0x27ceV0x27d4B0x34b3B0xa1e	0x0
0x27cfV0x27d4B0x34b3B0xa1e	0x0
0x27caV0x27d4B0x34b3B0xa1e	0x27d1
0x27bfV0x27d4B0x34b3B0xa1e	0x27c7
0x27c3V0x27d4B0x34b3B0xa1e	0x27ad
0x27aeV0x27beV0x27d4B0x34b3B0xa1e	0x0
0x27afV0x27beV0x27d4B0x34b3B0xa1e	0x27b7
0x27b3V0x27beV0x27d4B0x34b3B0xa1e	0x278e
0x278fV0x27adV0x27beV0x27d4B0x34b3B0xa1e	0x0
0x2790V0x27adV0x27beV0x27d4B0x34b3B0xa1e	0xffffffffffffffffffffffffffffffffffffffff
0x27ceV0x27d4B0x34b3B0xf9a	0x0
0x27cfV0x27d4B0x34b3B0xf9a	0x0
0x27caV0x27d4B0x34b3B0xf9a	0x27d1
0x27bfV0x27d4B0x34b3B0xf9a	0x27c7
0x27c3V0x27d4B0x34b3B0xf9a	0x27ad
0x27aeV0x27beV0x27d4B0x34b3B0xf9a	0x0
0x27afV0x27beV0x27d4B0x34b3B0xf9a	0x27b7
0x27b3V0x27beV0x27d4B0x34b3B0xf9a	0x278e
0x278fV0x27adV0x27beV0x27d4B0x34b3B0xf9a	0x0
0x2790V0x27adV0x27beV0x27d4B0x34b3B0xf9a	0xffffffffffffffffffffffffffffffffffffffff
0x27ceV0x3247B0x3270B0x1b55	0x0
0x27cfV0x3247B0x3270B0x1b55	0x0
0x27caV0x3247B0x3270B0x1b55	0x27d1
0x27bfV0x3247B0x3270B0x1b55	0x27c7
0x27c3V0x3247B0x3270B0x1b55	0x27ad
0x27aeV0x27beV0x3247B0x3270B0x1b55	0x0
0x27afV0x27beV0x3247B0x3270B0x1b55	0x27b7
0x27b3V0x27beV0x3247B0x3270B0x1b55	0x278e
0x278fV0x27adV0x27beV0x3247B0x3270B0x1b55	0x0
0x2790V0x27adV0x27beV0x3247B0x3270B0x1b55	0xffffffffffffffffffffffffffffffffffffffff
0x26c4V0x2451	0x0
0x26c5V0x2451	0x3
0x26ceV0x2451	0x12a20
0x270fV0x2451	0x0
0x2710V0x2451	0x0
0x2713V0x2451	0x0
0x2755V0x2451	0x0
0x2756V0x2451	0x1
0x2758V0x2451	0x0
0x2759V0x2451	0x0
0x275aV0x2451	0x0
0x2762V0x2451	0x12a49
0x2697V0x2451	0x0
0x2698V0x2451	0x0
0x2699V0x2451	0x0
0x269aV0x2451	0x7fffffffffffffffffffffffffffffff5d576e7357a4501ddfe92f46681b20a0
0x26bcV0x2451	0x0
0x26c0V0x2451	0x26d2
0x26d3V0x2451	0x0
0x26d4V0x2451	0x1
0x26daV0x2451	0x40
0x26ddV0x2451	0x0
0x26e0V0x2451	0x20
0x26e3V0x2451	0x40
0x26e6V0x2451	0x40
0x26e9V0x2451	0x26f5
0x26f1V0x2451	0x3e30
0x26f6V0x2451	0x20
0x26f8V0x2451	0x40
0x26fbV0x2451	0x20
0x2702V0x2451	0x80
0x270aV0x2451	0x2715
0x2719V0x2451	0x20
0x271bV0x2451	0x40
0x2722V0x2451	0x0
0x2723V0x2451	0xffffffffffffffffffffffffffffffffffffffff
0x2738V0x2451	0x0
0x273aV0x2451	0xffffffffffffffffffffffffffffffffffffffff
0x2751V0x2451	0x2766
0x2768V0x2451	0x0
0x2769V0x2451	0x0
0x276aV0x2451	0x0
0x276bV0x2451	0x0
0x3e31V0x26d2V0x2451	0x0
0x3e32V0x26d2V0x2451	0x80
0x3e38V0x26d2V0x2451	0x3e43
0x3e3bV0x26d2V0x2451	0x0
0x3e3fV0x26d2V0x2451	0x29cc
0x3e16V0x26d2V0x2451	0x0
0x3e17V0x26d2V0x2451	0xff
0x3e44V0x26d2V0x2451	0x3e50
0x3e47V0x26d2V0x2451	0x20
0x3e4cV0x26d2V0x2451	0x3e21
0x3e51V0x26d2V0x2451	0x3e5d
0x3e54V0x26d2V0x2451	0x40
0x3e59V0x26d2V0x2451	0x29cc
0x3e22V0x26d2V0x2451	0x3e2a
0x3e26V0x26d2V0x2451	0x3e15
0x3e5eV0x26d2V0x2451	0x3e6a
0x3e61V0x26d2V0x2451	0x60
0x3e66V0x26d2V0x2451	0x29cc
0x29cdV0x3e30V0x26d2V0x2451	0x29d5
0x29d1V0x3e30V0x26d2V0x2451	0x296e
0x296fV0x29ccV0x3e30V0x26d2V0x2451	0x0
0x29cdV0x3e50V0x26d2V0x2451	0x29d5
0x29d1V0x3e50V0x26d2V0x2451	0x296e
0x296fV0x29ccV0x3e50V0x26d2V0x2451	0x0
0x29cdV0x3e5dV0x26d2V0x2451	0x29d5
0x29d1V0x3e5dV0x26d2V0x2451	0x296e
0x296fV0x29ccV0x3e5dV0x26d2V0x2451	0x0
0x29aeV0xd2	0x29b5
0x29b1V0xd2	0x8cc8
0x29a2V0xd2	0x0
0x29a3V0xd2	0x20
0x29aaV0xd2	0x29b6
0x29b7V0xd2	0x0
0x29b8V0xd2	0x29c3
0x29beV0xd2	0x4
0x29bfV0xd2	0x298d
0x8cc9V0xd2	0x0
0x8ccaV0xd2	0x0
0x298eV0x29b6V0xd2	0x0
0x2993V0x29b6V0xd2	0x299b
0x2997V0x29b6V0xd2	0x2977
0x2987V0x298dV0x29b6V0xd2	0x0
0x2988V0x298dV0x29b6V0xd2	0x0
0x2983V0x298dV0x29b6V0xd2	0x298a
0x2978V0x298dV0x29b6V0xd2	0x2980
0x297cV0x298dV0x29b6V0xd2	0x296e
0x296fV0x2977V0x298dV0x29b6V0xd2	0x0
0x2ed4V0x129	0x0
0x2ed5V0x129	0x20
0x2eddV0x129	0x20
0x2edeV0x129	0x0
0x2ee2V0x129	0x2eeb
0x2ee7V0x129	0x2e77
0x2e60V0x2ed3V0x129	0x20
0x2e82V0x2ed3V0x129	0x2e8b
0x2e87V0x2ed3V0x129	0x2e26
0x2e1dV0x2ed3V0x129	0x0
0x2e8eV0x2ed3V0x129	0x2e96
0x2e92V0x2ed3V0x129	0x2e36
0x2e27V0x2ed3V0x129	0x0
0x2e2bV0x2ed3V0x129	0x20
0x2e98V0x2ed3V0x129	0x0
0x2e37V0x2ed3V0x129	0x0
0x2e3bV0x2ed3V0x129	0x20
0x2eb0V0x2ed3V0x129	0x2eb8
0x2eb4V0x2ed3V0x129	0x2e6b
0x2e55V0x2ed3V0x129	0x0
0x2e56V0x2ed3V0x129	0x2e5f
0x2e5bV0x2ed3V0x129	0x2e45
0x2ebcV0x2ed3V0x129	0x1
0x2ec2V0x2ed3V0x129	0x2e99
0x2e6cV0x2ed3V0x129	0x0
0x2e6dV0x2ed3V0x129	0x20
0x2e9eV0x2ed3V0x129	0x2ec6
0x2e78V0x2ed3V0x129	0x0
0x2e79V0x2ed3V0x129	0x2e81
0x2e7dV0x2ed3V0x129	0x2e1c
0x2ea4V0x2ed3V0x129	0x2ead
0x2ea9V0x2ed3V0x129	0x2e54
0x2e46V0x2e54V0x2ed3V0x129	0x2e4e
0x2e4aV0x2e54V0x2ed3V0x129	0x2838
0x2839V0x2e45V0x2e54V0x2ed3V0x129	0x0
0x306eV0x1cf	0x3075
0x3071V0x1cf	0x906e
0x3060V0x1cf	0x0
0x3061V0x1cf	0x0
0x3062V0x1cf	0x0
0x3063V0x1cf	0x60
0x306aV0x1cf	0x3076
0x3077V0x1cf	0x0
0x3078V0x1cf	0x3083
0x307fV0x1cf	0x3012
0x906fV0x1cf	0x0
0x9070V0x1cf	0x0
0x3087V0x1cf	0x20
0x3089V0x1cf	0x3094
0x3090V0x1cf	0x3012
0x3098V0x1cf	0x40
0x309aV0x1cf	0x30a5
0x30a1V0x1cf	0x304b
0x304cV0x3094V0x1cf	0x0
0x3051V0x3094V0x1cf	0x3059
0x3055V0x3094V0x1cf	0x3035
0x3045V0x304bV0x3094V0x1cf	0x0
0x3046V0x304bV0x3094V0x1cf	0x0
0x3041V0x304bV0x3094V0x1cf	0x3048
0x3027V0x304bV0x3094V0x1cf	0x0
0x3028V0x304bV0x3094V0x1cf	0xffffffff
0x3036V0x304bV0x3094V0x1cf	0x303e
0x303aV0x304bV0x3094V0x1cf	0x3026
0x3013V0x3076V0x1cf	0x0
0x3018V0x3076V0x1cf	0x3020
0x301cV0x3076V0x1cf	0x2ffc
0x300cV0x3012V0x3076V0x1cf	0x0
0x300dV0x3012V0x3076V0x1cf	0x0
0x3008V0x3012V0x3076V0x1cf	0x300f
0x2ffdV0x3012V0x3076V0x1cf	0x3005
0x3001V0x3012V0x3076V0x1cf	0x2fe3
0x2fe4V0x2ffcV0x3012V0x3076V0x1cf	0x0
0x2fe5V0x2ffcV0x3012V0x3076V0x1cf	0xffffffffffffffffffffffffffff
0x3013V0x3083V0x1cf	0x0
0x3018V0x3083V0x1cf	0x3020
0x301cV0x3083V0x1cf	0x2ffc
0x300cV0x3012V0x3083V0x1cf	0x0
0x300dV0x3012V0x3083V0x1cf	0x0
0x3008V0x3012V0x3083V0x1cf	0x300f
0x2ffdV0x3012V0x3083V0x1cf	0x3005
0x3001V0x3012V0x3083V0x1cf	0x2fe3
0x2fe4V0x2ffcV0x3012V0x3083V0x1cf	0x0
0x2fe5V0x2ffcV0x3012V0x3083V0x1cf	0xffffffffffffffffffffffffffff
0x30bfV0x276	0x0
0x30c0V0x276	0x20
0x30c6V0x276	0x30d1
0x30c9V0x276	0x0
0x30cdV0x276	0x30af
0x30b0V0x30beV0x276	0x30b8
0x30b4V0x30beV0x276	0x27ad
0x27aeV0x30afV0x30beV0x276	0x0
0x27afV0x30afV0x30beV0x276	0x27b7
0x27b3V0x30afV0x30beV0x276	0x278e
0x278fV0x27adV0x30afV0x30beV0x276	0x0
0x2790V0x27adV0x30afV0x30beV0x276	0xffffffffffffffffffffffffffffffffffffffff
0x306eV0x6cd	0x3075
0x3071V0x6cd	0x906e
0x3060V0x6cd	0x0
0x3061V0x6cd	0x0
0x3062V0x6cd	0x0
0x3063V0x6cd	0x60
0x306aV0x6cd	0x3076
0x3077V0x6cd	0x0
0x3078V0x6cd	0x3083
0x307fV0x6cd	0x3012
0x906fV0x6cd	0x0
0x9070V0x6cd	0x0
0x3087V0x6cd	0x20
0x3089V0x6cd	0x3094
0x3090V0x6cd	0x3012
0x3098V0x6cd	0x40
0x309aV0x6cd	0x30a5
0x30a1V0x6cd	0x304b
0x304cV0x3094V0x6cd	0x0
0x3051V0x3094V0x6cd	0x3059
0x3055V0x3094V0x6cd	0x3035
0x3045V0x304bV0x3094V0x6cd	0x0
0x3046V0x304bV0x3094V0x6cd	0x0
0x3041V0x304bV0x3094V0x6cd	0x3048
0x3027V0x304bV0x3094V0x6cd	0x0
0x3028V0x304bV0x3094V0x6cd	0xffffffff
0x3036V0x304bV0x3094V0x6cd	0x303e
0x303aV0x304bV0x3094V0x6cd	0x3026
0x3013V0x3076V0x6cd	0x0
0x3018V0x3076V0x6cd	0x3020
0x301cV0x3076V0x6cd	0x2ffc
0x300cV0x3012V0x3076V0x6cd	0x0
0x300dV0x3012V0x3076V0x6cd	0x0
0x3008V0x3012V0x3076V0x6cd	0x300f
0x2ffdV0x3012V0x3076V0x6cd	0x3005
0x3001V0x3012V0x3076V0x6cd	0x2fe3
0x2fe4V0x2ffcV0x3012V0x3076V0x6cd	0x0
0x2fe5V0x2ffcV0x3012V0x3076V0x6cd	0xffffffffffffffffffffffffffff
0x3013V0x3083V0x6cd	0x0
0x3018V0x3083V0x6cd	0x3020
0x301cV0x3083V0x6cd	0x2ffc
0x300cV0x3012V0x3083V0x6cd	0x0
0x300dV0x3012V0x3083V0x6cd	0x0
0x3008V0x3012V0x3083V0x6cd	0x300f
0x2ffdV0x3012V0x3083V0x6cd	0x3005
0x3001V0x3012V0x3083V0x6cd	0x2fe3
0x2fe4V0x2ffcV0x3012V0x3083V0x6cd	0x0
0x2fe5V0x2ffcV0x3012V0x3083V0x6cd	0xffffffffffffffffffffffffffff
0x3b01V0xfaf	0x0
0x3b02V0xfaf	0x80
0x3b08V0xfaf	0x3b13
0x3b0bV0xfaf	0x0
0x3b0fV0xfaf	0x30af
0x3b14V0xfaf	0x3b20
0x3b17V0xfaf	0x20
0x3b1cV0xfaf	0x29cc
0x3b21V0xfaf	0x3b2d
0x3b24V0xfaf	0x40
0x3b29V0xfaf	0x29cc
0x3b2eV0xfaf	0x3b3a
0x3b31V0xfaf	0x60
0x3b36V0xfaf	0x2841
0x29cdV0x3b13V0xfaf	0x29d5
0x29d1V0x3b13V0xfaf	0x296e
0x296fV0x29ccV0x3b13V0xfaf	0x0
0x29cdV0x3b20V0xfaf	0x29d5
0x29d1V0x3b20V0xfaf	0x296e
0x296fV0x29ccV0x3b20V0xfaf	0x0
0x2842V0x3b2dV0xfaf	0x284a
0x2846V0x3b2dV0xfaf	0x2838
0x2839V0x2841V0x3b2dV0xfaf	0x0
0x30b0V0x3b00V0xfaf	0x30b8
0x30b4V0x3b00V0xfaf	0x27ad
0x27aeV0x30afV0x3b00V0xfaf	0x0
0x27afV0x30afV0x3b00V0xfaf	0x27b7
0x27b3V0x30afV0x3b00V0xfaf	0x278e
0x278fV0x27adV0x30afV0x3b00V0xfaf	0x0
0x2790V0x27adV0x30afV0x3b00V0xfaf	0xffffffffffffffffffffffffffffffffffffffff
0x3660V0x2111	0x0
0x3661V0x2111	0x40
0x3667V0x2111	0x3672
0x366aV0x2111	0x0
0x366eV0x2111	0x30af
0x3673V0x2111	0x367f
0x3676V0x2111	0x20
0x367bV0x2111	0x2841
0x2842V0x3672V0x2111	0x284a
0x2846V0x3672V0x2111	0x2838
0x2839V0x2841V0x3672V0x2111	0x0
0x30b0V0x365fV0x2111	0x30b8
0x30b4V0x365fV0x2111	0x27ad
0x27aeV0x30afV0x365fV0x2111	0x0
0x27afV0x30afV0x365fV0x2111	0x27b7
0x27b3V0x30afV0x365fV0x2111	0x278e
0x278fV0x27adV0x30afV0x365fV0x2111	0x0
0x2790V0x27adV0x30afV0x365fV0x2111	0xffffffffffffffffffffffffffffffffffffffff
0x30bfV0x155a	0x0
0x30c0V0x155a	0x20
0x30c6V0x155a	0x30d1
0x30c9V0x155a	0x0
0x30cdV0x155a	0x30af
0x30b0V0x30beV0x155a	0x30b8
0x30b4V0x30beV0x155a	0x27ad
0x27aeV0x30afV0x30beV0x155a	0x0
0x27afV0x30afV0x30beV0x155a	0x27b7
0x27b3V0x30afV0x30beV0x155a	0x278e
0x278fV0x27adV0x30afV0x30beV0x155a	0x0
0x2790V0x27adV0x30afV0x30beV0x155a	0xffffffffffffffffffffffffffffffffffffffff
0x30bfV0x1691	0x0
0x30c0V0x1691	0x20
0x30c6V0x1691	0x30d1
0x30c9V0x1691	0x0
0x30cdV0x1691	0x30af
0x30b0V0x30beV0x1691	0x30b8
0x30b4V0x30beV0x1691	0x27ad
0x27aeV0x30afV0x30beV0x1691	0x0
0x27afV0x30afV0x30beV0x1691	0x27b7
0x27b3V0x30afV0x30beV0x1691	0x278e
0x278fV0x27adV0x30afV0x30beV0x1691	0x0
0x2790V0x27adV0x30afV0x30beV0x1691	0xffffffffffffffffffffffffffffffffffffffff
0x30bfV0x1881	0x0
0x30c0V0x1881	0x20
0x30c6V0x1881	0x30d1
0x30c9V0x1881	0x0
0x30cdV0x1881	0x30af
0x30b0V0x30beV0x1881	0x30b8
0x30b4V0x30beV0x1881	0x27ad
0x27aeV0x30afV0x30beV0x1881	0x0
0x27afV0x30afV0x30beV0x1881	0x27b7
0x27b3V0x30afV0x30beV0x1881	0x278e
0x278fV0x27adV0x30afV0x30beV0x1881	0x0
0x2790V0x27adV0x30afV0x30beV0x1881	0xffffffffffffffffffffffffffffffffffffffff
0x3c67V0x1ab4	0x0
0x3c68V0x1ab4	0x80
0x3c6eV0x1ab4	0x3c79
0x3c71V0x1ab4	0x0
0x3c75V0x1ab4	0x2841
0x3c7aV0x1ab4	0x3c86
0x3c7dV0x1ab4	0x20
0x3c82V0x1ab4	0x2841
0x3c87V0x1ab4	0x3c93
0x3c8aV0x1ab4	0x40
0x3c8fV0x1ab4	0x30af
0x3c96V0x1ab4	0x80
0x3c97V0x1ab4	0x60
0x3c9cV0x1ab4	0x3ca5
0x3ca1V0x1ab4	0x3c2e
0x2842V0x3c66V0x1ab4	0x284a
0x2846V0x3c66V0x1ab4	0x2838
0x2839V0x2841V0x3c66V0x1ab4	0x0
0x2842V0x3c79V0x1ab4	0x284a
0x2846V0x3c79V0x1ab4	0x2838
0x2839V0x2841V0x3c79V0x1ab4	0x0
0x3c39V0x3c93V0x1ab4	0x3c42
0x3c3eV0x3c93V0x1ab4	0x3c1e
0x3c45V0x3c93V0x1ab4	0x3c52
0x3c4aV0x3c93V0x1ab4	0x20
0x3c4eV0x3c93V0x1ab4	0x369a
0x3c1fV0x3c93V0x1ab4	0x0
0x3c23V0x3c93V0x1ab4	0x20
0x3c53V0x3c93V0x1ab4	0x3c5b
0x3c57V0x3c93V0x1ab4	0x29f4
0x3c2fV0x3c93V0x1ab4	0x0
0x3c30V0x3c93V0x1ab4	0x3c38
0x3c34V0x3c93V0x1ab4	0x3686
0x369fV0x3c42V0x3c93V0x1ab4	0x0
0x29f5V0x3c52V0x3c93V0x1ab4	0x0
0x29f6V0x3c52V0x3c93V0x1ab4	0x1f
0x29f8V0x3c52V0x3c93V0x1ab4	0xffffffffffffffffffffffffffffffffffffffffffffffffffffffffffffffe0
0x29f9V0x3c52V0x3c93V0x1ab4	0x1f
0x29fcV0x3c52V0x3c93V0x1ab4	0x1f
0x29fdV0x3c52V0x3c93V0x1ab4	0x0
0x3687V0x3c2eV0x3c93V0x1ab4	0x0
0x3689V0x3c2eV0x3c93V0x1ab4	0x0
0x30b0V0x3c86V0x1ab4	0x30b8
0x30b4V0x3c86V0x1ab4	0x27ad
0x27aeV0x30afV0x3c86V0x1ab4	0x0
0x27afV0x30afV0x3c86V0x1ab4	0x27b7
0x27b3V0x30afV0x3c86V0x1ab4	0x278e
0x278fV0x27adV0x30afV0x3c86V0x1ab4	0x0
0x2790V0x27adV0x30afV0x3c86V0x1ab4	0xffffffffffffffffffffffffffffffffffffffff
0x3d6cV0x1c75	0x0
0x3d6dV0x1c75	0xa0
0x3d73V0x1c75	0x3d7e
0x3d76V0x1c75	0x0
0x3d7aV0x1c75	0x30af
0x3d7fV0x1c75	0x3d8b
0x3d82V0x1c75	0x20
0x3d87V0x1c75	0x3d3e
0x3d8cV0x1c75	0x3d98
0x3d8fV0x1c75	0x40
0x3d94V0x1c75	0x3d4d
0x3d3fV0x1c75	0x3d47
0x3d43V0x1c75	0x36ee
0x3d99V0x1c75	0x3da5
0x3d9cV0x1c75	0x60
0x3da1V0x1c75	0x3d5c
0x3d4eV0x1c75	0x3d56
0x3d52V0x1c75	0x2869
0x3da8V0x1c75	0xa0
0x3da9V0x1c75	0x80
0x3daeV0x1c75	0x3db7
0x3db3V0x1c75	0x3c2e
0x3d5dV0x1c75	0x3d65
0x3d61V0x1c75	0x278e
0x36efV0x3d3eV0x1c75	0x0
0x286aV0x3d4dV0x1c75	0x0
0x278fV0x3d5cV0x1c75	0x0
0x2790V0x3d5cV0x1c75	0xffffffffffffffffffffffffffffffffffffffff
0x3c39V0x3da5V0x1c75	0x3c42
0x3c3eV0x3da5V0x1c75	0x3c1e
0x3c45V0x3da5V0x1c75	0x3c52
0x3c4aV0x3da5V0x1c75	0x20
0x3c4eV0x3da5V0x1c75	0x369a
0x3c1fV0x3da5V0x1c75	0x0
0x3c23V0x3da5V0x1c75	0x20
0x3c53V0x3da5V0x1c75	0x3c5b
0x3c57V0x3da5V0x1c75	0x29f4
0x3c2fV0x3da5V0x1c75	0x0
0x3c30V0x3da5V0x1c75	0x3c38
0x3c34V0x3da5V0x1c75	0x3686
0x369fV0x3c42V0x3da5V0x1c75	0x0
0x29f5V0x3c52V0x3da5V0x1c75	0x0
0x29f6V0x3c52V0x3da5V0x1c75	0x1f
0x29f8V0x3c52V0x3da5V0x1c75	0xffffffffffffffffffffffffffffffffffffffffffffffffffffffffffffffe0
0x29f9V0x3c52V0x3da5V0x1c75	0x1f
0x29fcV0x3c52V0x3da5V0x1c75	0x1f
0x29fdV0x3c52V0x3da5V0x1c75	0x0
0x3687V0x3c2eV0x3da5V0x1c75	0x0
0x3689V0x3c2eV0x3da5V0x1c75	0x0
0x30b0V0x3d6bV0x1c75	0x30b8
0x30b4V0x3d6bV0x1c75	0x27ad
0x27aeV0x30afV0x3d6bV0x1c75	0x0
0x27afV0x30afV0x3d6bV0x1c75	0x27b7
0x27b3V0x30afV0x3d6bV0x1c75	0x278e
0x278fV0x27adV0x30afV0x3d6bV0x1c75	0x0
0x2790V0x27adV0x30afV0x3d6bV0x1c75	0xffffffffffffffffffffffffffffffffffffffff
0x30bfV0x1fef	0x0
0x30c0V0x1fef	0x20
0x30c6V0x1fef	0x30d1
0x30c9V0x1fef	0x0
0x30cdV0x1fef	0x30af
0x30b0V0x30beV0x1fef	0x30b8
0x30b4V0x30beV0x1fef	0x27ad
0x27aeV0x30afV0x30beV0x1fef	0x0
0x27afV0x30afV0x30beV0x1fef	0x27b7
0x27b3V0x30afV0x30beV0x1fef	0x278e
0x278fV0x27adV0x30afV0x30beV0x1fef	0x0
0x2790V0x27adV0x30afV0x30beV0x1fef	0xffffffffffffffffffffffffffffffffffffffff
0x30bfV0x1cde	0x0
0x30c0V0x1cde	0x20
0x30c6V0x1cde	0x30d1
0x30c9V0x1cde	0x0
0x30cdV0x1cde	0x30af
0x30b0V0x30beV0x1cde	0x30b8
0x30b4V0x30beV0x1cde	0x27ad
0x27aeV0x30afV0x30beV0x1cde	0x0
0x27afV0x30afV0x30beV0x1cde	0x27b7
0x27b3V0x30afV0x30beV0x1cde	0x278e
0x278fV0x27adV0x30afV0x30beV0x1cde	0x0
0x2790V0x27adV0x30afV0x30beV0x1cde	0xffffffffffffffffffffffffffffffffffffffff
0x3660V0xd3a0x133c	0x0
0x3661V0xd3a0x133c	0x40
0x3667V0xd3a0x133c	0x3672
0x366aV0xd3a0x133c	0x0
0x366eV0xd3a0x133c	0x30af
0x3673V0xd3a0x133c	0x367f
0x3676V0xd3a0x133c	0x20
0x367bV0xd3a0x133c	0x2841
0x2842V0x3672V0xd3a0x133c	0x284a
0x2846V0x3672V0xd3a0x133c	0x2838
0x2839V0x2841V0x3672V0xd3a0x133c	0x0
0x30b0V0x365fV0xd3a0x133c	0x30b8
0x30b4V0x365fV0xd3a0x133c	0x27ad
0x27aeV0x30afV0x365fV0xd3a0x133c	0x0
0x27afV0x30afV0x365fV0xd3a0x133c	0x27b7
0x27b3V0x30afV0x365fV0xd3a0x133c	0x278e
0x278fV0x27adV0x30afV0x365fV0xd3a0x133c	0x0
0x2790V0x27adV0x30afV0x365fV0xd3a0x133c	0xffffffffffffffffffffffffffffffffffffffff
0x3730V0xe0e0x133c	0x3737
0x3733V0xe0e0x133c	0x9365
0x3739V0xe0e0x133c	0x0
0x373aV0xe0e0x133c	0x3745
0x3741V0xe0e0x133c	0x370f
0x9366V0xe0e0x133c	0x0
0x9367V0xe0e0x133c	0x0
0x3724V0xe0e0x133c	0x0
0x3725V0xe0e0x133c	0x20
0x372cV0xe0e0x133c	0x3738
0x3710V0x3738V0xe0e0x133c	0x0
0x3715V0x3738V0xe0e0x133c	0x371d
0x3719V0x3738V0xe0e0x133c	0x36f9
0x3709V0x370fV0x3738V0xe0e0x133c	0x0
0x370aV0x370fV0x3738V0xe0e0x133c	0x0
0x3705V0x370fV0x3738V0xe0e0x133c	0x370c
0x36faV0x370fV0x3738V0xe0e0x133c	0x3702
0x36feV0x370fV0x3738V0xe0e0x133c	0x36ee
0x36efV0x36f9V0x370fV0x3738V0xe0e0x133c	0x0
0xd3a0xe57V0x1a09	0x4
0xd3a0xe52V0x1a09	0x40
0xd3a0xe4fV0x1a09	0x4
0xd3a0xe2cV0x1a09	0x90b8ec1800000000000000000000000000000000000000000000000000000000
0xd3a0xe29V0x1a09	0x40
0xd3a0xdeeV0x1a09	0xdf7
0xd3a0xde9V0x1a09	0x20
0xd3a0xde8V0x1a09	0x0
0xd3a0xde1V0x1a09	0x40
0xd3a0xddaV0x1a09	0x3f
0xd3a0xdd9V0x1a09	0xffffffffffffffffffffffffffffffffffffffffffffffffffffffffffffffe0
0xd3a0xdd7V0x1a09	0x1f
0xd3a0xdd2V0x1a09	0x40
0xd3bV0x1a09	0x0
0xd3cV0x1a09	0x0
0xd3eV0x1a09	0xffffffffffffffffffffffffffffffffffffffff
0xd54V0x1a09	0xa9059cbb
0xd5bV0x1a09	0x40
0xd5eV0x1a09	0x24
0xd61V0x1a09	0xd6b
0xd67V0x1a09	0x365f
0xd3a0xe19V0x1a09	0xe22
0xd3a0xe1eV0x1a09	0x3723
0xd3a0xe11V0x1a09	0x20
0xd3a0xe25V0x1a09	0xe5a
0xd3a0xe0aV0x1a09	0xe23
0xd3a0xe05V0x1a09	0x0
0xd3a0xe00V0x1a09	0xe24
0xd3a0xdceV0x1a09	0xdf2
0xd3a0xdcbV0x1a09	0x0
0xd3a0xdc2V0x1a09	0x0
0xd3a0xdc0V0x1a09	0x44
0xd3a0xdbbV0x1a09	0x40
0xd3a0xdbaV0x1a09	0x0
0xd3a0xdb0V0x1a09	0xdb9
0xd3a0xdb5V0x1a09	0x36d8
0xd3a0xdadV0x1a09	0x40
0xd3a0xd85V0x1a09	0xffffffffffffffffffffffffffffffffffffffffffffffffffffffff
0xd3a0xd7fV0x1a09	0x20
0xd3a0xd7eV0x1a09	0xa9059cbb00000000000000000000000000000000000000000000000000000000
0xd3a0xd7cV0x1a09	0xe0
0xd3a0xd78V0x1a09	0x40
0xd3a0xd74V0x1a09	0x44
0xd3a0xd73V0x1a09	0x64
0xd3a0xd6fV0x1a09	0x20
0xd3a0xd6cV0x1a09	0x40
0xd3a0xdf3V0x1a09	0x60
0x36d9V0xd6b0xd3aV0x1a09	0x0
0x36daV0xd6b0xd3aV0x1a09	0x36e3
0x36dfV0xd6b0xd3aV0x1a09	0x36a8
0x36b3V0xd6b0xd3aV0x1a09	0x36bc
0x36b8V0xd6b0xd3aV0x1a09	0x3690
0x36bfV0xd6b0xd3aV0x1a09	0x36cc
0x36c4V0xd6b0xd3aV0x1a09	0x20
0x36c8V0xd6b0xd3aV0x1a09	0x369a
0x36a9V0xd6b0xd3aV0x1a09	0x0
0x36aaV0xd6b0xd3aV0x1a09	0x36b2
0x36aeV0xd6b0xd3aV0x1a09	0x3686
0x3691V0x36b2V0xd6b0xd3aV0x1a09	0x0
0x369fV0x36bcV0xd6b0xd3aV0x1a09	0x0
0x3687V0x36a8V0xd6b0xd3aV0x1a09	0x0
0x3689V0x36a8V0xd6b0xd3aV0x1a09	0x44
0x3660V0xd3aV0x1a09	0x0
0x3661V0xd3aV0x1a09	0x40
0x3667V0xd3aV0x1a09	0x3672
0x366aV0xd3aV0x1a09	0x0
0x366eV0xd3aV0x1a09	0x30af
0x3673V0xd3aV0x1a09	0x367f
0x3676V0xd3aV0x1a09	0x20
0x367bV0xd3aV0x1a09	0x2841
0x2842V0x3672V0xd3aV0x1a09	0x284a
0x2846V0x3672V0xd3aV0x1a09	0x2838
0x2839V0x2841V0x3672V0xd3aV0x1a09	0x0
0x30b0V0x365fV0xd3aV0x1a09	0x30b8
0x30b4V0x365fV0xd3aV0x1a09	0x27ad
0x27aeV0x30afV0x365fV0xd3aV0x1a09	0x0
0x27afV0x30afV0x365fV0xd3aV0x1a09	0x27b7
0x27b3V0x30afV0x365fV0xd3aV0x1a09	0x278e
0x278fV0x27adV0x30afV0x365fV0xd3aV0x1a09	0x0
0x2790V0x27adV0x30afV0x365fV0xd3aV0x1a09	0xffffffffffffffffffffffffffffffffffffffff
0x3730V0xe0e0xd3aV0x1a09	0x3737
0x3733V0xe0e0xd3aV0x1a09	0x9365
0x3739V0xe0e0xd3aV0x1a09	0x0
0x373aV0xe0e0xd3aV0x1a09	0x3745
0x3741V0xe0e0xd3aV0x1a09	0x370f
0x9366V0xe0e0xd3aV0x1a09	0x0
0x9367V0xe0e0xd3aV0x1a09	0x0
0x3724V0xe0e0xd3aV0x1a09	0x0
0x3725V0xe0e0xd3aV0x1a09	0x20
0x372cV0xe0e0xd3aV0x1a09	0x3738
0x3710V0x3738V0xe0e0xd3aV0x1a09	0x0
0x3715V0x3738V0xe0e0xd3aV0x1a09	0x371d
0x3719V0x3738V0xe0e0xd3aV0x1a09	0x36f9
0x3709V0x370fV0x3738V0xe0e0xd3aV0x1a09	0x0
0x370aV0x370fV0x3738V0xe0e0xd3aV0x1a09	0x0
0x3705V0x370fV0x3738V0xe0e0xd3aV0x1a09	0x370c
0x36faV0x370fV0x3738V0xe0e0xd3aV0x1a09	0x3702
0x36feV0x370fV0x3738V0xe0e0xd3aV0x1a09	0x36ee
0x36efV0x36f9V0x370fV0x3738V0xe0e0xd3aV0x1a09	0x0
0x344aV0xa11	0x3451
0x344dV0xa11	0x9270
0x343bV0xa11	0x0
0x343cV0xa11	0x0
0x343dV0xa11	0x0
0x343eV0xa11	0x0
0x343fV0xa11	0x80
0x3446V0xa11	0x3452
0x3453V0xa11	0x0
0x3454V0xa11	0x345f
0x345bV0xa11	0x3426
0x9271V0xa11	0x0
0x9272V0xa11	0x0
0x3463V0xa11	0x20
0x3465V0xa11	0x3470
0x346cV0xa11	0x3426
0x3474V0xa11	0x40
0x3476V0xa11	0x3481
0x347dV0xa11	0x2abd
0x3485V0xa11	0x60
0x3487V0xa11	0x3492
0x348eV0xa11	0x2abd
0x2abeV0x3470V0xa11	0x0
0x2ac3V0x3470V0xa11	0x2acb
0x2ac7V0x3470V0xa11	0x2aa7
0x2abeV0x3481V0xa11	0x0
0x2ac3V0x3481V0xa11	0x2acb
0x2ac7V0x3481V0xa11	0x2aa7
0x2ab7V0x2abdB0x3470V0xa11	0x0
0x2ab8V0x2abdB0x3470V0xa11	0x0
0x2ab3V0x2abdB0x3470V0xa11	0x2aba
0x2aa8V0x2abdB0x3470V0xa11	0x2ab0
0x2aacV0x2abdB0x3470V0xa11	0x2838
0x2839V0x2aa7V0x2abdB0x3470V0xa11	0x0
0x2ab7V0x2abdB0x3481V0xa11	0x0
0x2ab8V0x2abdB0x3481V0xa11	0x0
0x2ab3V0x2abdB0x3481V0xa11	0x2aba
0x2aa8V0x2abdB0x3481V0xa11	0x2ab0
0x2aacV0x2abdB0x3481V0xa11	0x2838
0x2839V0x2aa7V0x2abdB0x3481V0xa11	0x0
0x3427V0x3452V0xa11	0x0
0x342cV0x3452V0xa11	0x3434
0x3430V0x3452V0xa11	0x3410
0x3420V0x3426V0x3452V0xa11	0x0
0x3421V0x3426V0x3452V0xa11	0x0
0x341cV0x3426V0x3452V0xa11	0x3423
0x3411V0x3426V0x3452V0xa11	0x3419
0x3415V0x3426V0x3452V0xa11	0x33ff
0x3400V0x3410V0x3426V0x3452V0xa11	0x0
0x3401V0x3410V0x3426V0x3452V0xa11	0x3409
0x3405V0x3410V0x3426V0x3452V0xa11	0x278e
0x278fV0x33ffV0x3410V0x3426V0x3452V0xa11	0x0
0x2790V0x33ffV0x3410V0x3426V0x3452V0xa11	0xffffffffffffffffffffffffffffffffffffffff
0x3427V0x345fV0xa11	0x0
0x342cV0x345fV0xa11	0x3434
0x3430V0x345fV0xa11	0x3410
0x3420V0x3426V0x345fV0xa11	0x0
0x3421V0x3426V0x345fV0xa11	0x0
0x341cV0x3426V0x345fV0xa11	0x3423
0x3411V0x3426V0x345fV0xa11	0x3419
0x3415V0x3426V0x345fV0xa11	0x33ff
0x3400V0x3410V0x3426V0x345fV0xa11	0x0
0x3401V0x3410V0x3426V0x345fV0xa11	0x3409
0x3405V0x3410V0x3426V0x345fV0xa11	0x278e
0x278fV0x33ffV0x3410V0x3426V0x345fV0xa11	0x0
0x2790V0x33ffV0x3410V0x3426V0x345fV0xa11	0xffffffffffffffffffffffffffffffffffffffff
0x2610V0x2144	0x40
0x2614V0x2144	0x0
0x262aV0x2144	0x1
0x262fV0x2144	0x264e
0x25fcV0x2144	0x0
0x25fdV0x2144	0x0
0x25feV0x2144	0x20
0x2600V0x2144	0x0
0x2602V0x2144	0x44
0x2603V0x2144	0x20
0x2607V0x2144	0x0
0x260cV0x2144	0x261a
0x261eV0x2144	0x0
0x2623V0x2144	0x0
0x2626V0x2144	0x2633
0x2634V0x2144	0x0
0x2636V0x2144	0xffffffffffffffffffffffffffffffffffffffff
0x2650V0x2144	0x2690
0x2688V0x2144	0x40
0x268dV0x2144	0x24
0x2655V0x2144	0x40
0x2658V0x2144	0x5274afe700000000000000000000000000000000000000000000000000000000
0x267bV0x2144	0x4
0x267eV0x2144	0x2687
0x2683V0x2144	0x30be
0x30bfV0x2654V0x2144	0x0
0x30c0V0x2654V0x2144	0x20
0x30c6V0x2654V0x2144	0x30d1
0x30c9V0x2654V0x2144	0x0
0x30cdV0x2654V0x2144	0x30af
0x30b0V0x30beV0x2654V0x2144	0x30b8
0x30b4V0x30beV0x2654V0x2144	0x27ad
0x27aeV0x30afV0x30beV0x2654V0x2144	0x0
0x27afV0x30afV0x30beV0x2654V0x2144	0x27b7
0x27b3V0x30afV0x30beV0x2654V0x2144	0x278e
0x278fV0x27adV0x30afV0x30beV0x2654V0x2144	0x0
0x2790V0x27adV0x30afV0x30beV0x2654V0x2144	0xffffffffffffffffffffffffffffffffffffffff
0x378V0xc0	0x0
0x37cV0xc0	0x384
0x381V0xc0	0x0
0x385V0xc0	0x3ba
0x389V0xc0	0x40
0x38cV0xc0	0xb4fa3fb300000000000000000000000000000000000000000000000000000000
0x3afV0xc0	0x4
0x3b2V0xc0	0x40
0x3b7V0xc0	0x4
0x3bbV0xc0	0x1
0x3bdV0xc0	0x0
0x3c1V0xc0	0x100
0x3c4V0xc0	0x1
0x3c7V0xc0	0xffffffffffffffffffffffffffffffffffffffff
0x3ddV0xc0	0xffffffffffffffffffffffffffffffffffffffff
0x3f4V0xc0	0xffffffffffffffffffffffffffffffffffffffff
0x40bV0xc0	0x440
0x40fV0xc0	0x40
0x412V0xc0	0xf7a632f500000000000000000000000000000000000000000000000000000000
0x435V0xc0	0x4
0x438V0xc0	0x40
0x43dV0xc0	0x4
0x441V0xc0	0x0
0x442V0xc0	0x1
0x444V0xc0	0x0
0x448V0xc0	0x100
0x44bV0xc0	0x1
0x44eV0xc0	0xffffffffffffffffffffffffffffffffffffffff
0x466V0xc0	0x0
0x46aV0xc0	0x4e5
0x46eV0xc0	0x4e4
0x472V0xc0	0xffffffffffffffffffffffffffffffffffffffff
0x488V0xc0	0xdfe1681
0x48dV0xc0	0x40
0x491V0xc0	0xffffffff
0x496V0xc0	0xdfe1681
0x497V0xc0	0xe0
0x499V0xc0	0xdfe168100000000000000000000000000000000000000000000000000000000
0x49cV0xc0	0x4
0x49fV0xc0	0x20
0x4a1V0xc0	0x40
0x4a6V0xc0	0x4
0x4aeV0xc0	0x4b9
0x4b3V0xc0	0x0
0x4b4V0xc0	0x0
0x4b7V0xc0	0x0
0x4beV0xc0	0x40
0x4c2V0xc0	0x1f
0x4c4V0xc0	0xffffffffffffffffffffffffffffffffffffffffffffffffffffffffffffffe0
0x4c5V0xc0	0x1f
0x4cdV0xc0	0x40
0x4d4V0xc0	0x4dd
0x4d9V0xc0	0x325b
0x4e0V0xc0	0xd3a
0x4e6V0xc0	0x0
0x4eaV0xc0	0x565
0x4eeV0xc0	0x564
0x4f2V0xc0	0xffffffffffffffffffffffffffffffffffffffff
0x508V0xc0	0xd21220a7
0x50dV0xc0	0x40
0x511V0xc0	0xffffffff
0x516V0xc0	0xd21220a7
0x517V0xc0	0xe0
0x519V0xc0	0xd21220a700000000000000000000000000000000000000000000000000000000
0x51cV0xc0	0x4
0x51fV0xc0	0x20
0x521V0xc0	0x40
0x526V0xc0	0x4
0x52eV0xc0	0x539
0x533V0xc0	0x0
0x534V0xc0	0x0
0x537V0xc0	0x0
0x53eV0xc0	0x40
0x542V0xc0	0x1f
0x544V0xc0	0xffffffffffffffffffffffffffffffffffffffffffffffffffffffffffffffe0
0x545V0xc0	0x1f
0x54dV0xc0	0x40
0x554V0xc0	0x55d
0x559V0xc0	0x325b
0x560V0xc0	0xd3a
0xb0eV0x17c	0x0
0xb12V0x17c	0xb1a
0xb17V0x17c	0x0
0xb1bV0x17c	0xb50
0xb1fV0x17c	0x40
0xb22V0x17c	0xb4fa3fb300000000000000000000000000000000000000000000000000000000
0xb45V0x17c	0x4
0xb48V0x17c	0x40
0xb4dV0x17c	0x4
0xb51V0x17c	0x1
0xb53V0x17c	0x0
0xb57V0x17c	0x100
0xb5aV0x17c	0x1
0xb5dV0x17c	0xffffffffffffffffffffffffffffffffffffffff
0xb73V0x17c	0xffffffffffffffffffffffffffffffffffffffff
0xb8aV0x17c	0xffffffffffffffffffffffffffffffffffffffff
0xba1V0x17c	0xbd6
0xba5V0x17c	0x40
0xba8V0x17c	0xf7a632f500000000000000000000000000000000000000000000000000000000
0xbcbV0x17c	0x4
0xbceV0x17c	0x40
0xbd3V0x17c	0x4
0xbd7V0x17c	0x0
0xbd8V0x17c	0x1
0xbdaV0x17c	0x0
0xbdeV0x17c	0x100
0xbe1V0x17c	0x1
0xbe4V0x17c	0xffffffffffffffffffffffffffffffffffffffff
0xbfcV0x17c	0x0
0xc00V0x17c	0xc7b
0xc04V0x17c	0xc7a
0xc08V0x17c	0xffffffffffffffffffffffffffffffffffffffff
0xc1eV0x17c	0xdfe1681
0xc23V0x17c	0x40
0xc27V0x17c	0xffffffff
0xc2cV0x17c	0xdfe1681
0xc2dV0x17c	0xe0
0xc2fV0x17c	0xdfe168100000000000000000000000000000000000000000000000000000000
0xc32V0x17c	0x4
0xc35V0x17c	0x20
0xc37V0x17c	0x40
0xc3cV0x17c	0x4
0xc44V0x17c	0xc4f
0xc49V0x17c	0x0
0xc4aV0x17c	0x0
0xc4dV0x17c	0x0
0xc54V0x17c	0x40
0xc58V0x17c	0x1f
0xc5aV0x17c	0xffffffffffffffffffffffffffffffffffffffffffffffffffffffffffffffe0
0xc5bV0x17c	0x1f
0xc63V0x17c	0x40
0xc6aV0x17c	0xc73
0xc6fV0x17c	0x325b
0xc76V0x17c	0xd3a
0xc7cV0x17c	0x0
0xc80V0x17c	0xcfb
0xc84V0x17c	0xcfa
0xc88V0x17c	0xffffffffffffffffffffffffffffffffffffffff
0xc9eV0x17c	0xd21220a7
0xca3V0x17c	0x40
0xca7V0x17c	0xffffffff
0xcacV0x17c	0xd21220a7
0xcadV0x17c	0xe0
0xcafV0x17c	0xd21220a700000000000000000000000000000000000000000000000000000000
0xcb2V0x17c	0x4
0xcb5V0x17c	0x20
0xcb7V0x17c	0x40
0xcbcV0x17c	0x4
0xcc4V0x17c	0xccf
0xcc9V0x17c	0x0
0xccaV0x17c	0x0
0xccdV0x17c	0x0
0xcd4V0x17c	0x40
0xcd8V0x17c	0x1f
0xcdaV0x17c	0xffffffffffffffffffffffffffffffffffffffffffffffffffffffffffffffe0
0xcdbV0x17c	0x1f
0xce3V0x17c	0x40
0xceaV0x17c	0xcf3
0xcefV0x17c	0x325b
0xcf6V0x17c	0xd3a
0x2d79V0x10e	0x0
0x2d7aV0x10e	0x0
0x2d7bV0x10e	0x0
0x2d7cV0x10e	0x60
0x2d83V0x10e	0x2d8f
0x2d87V0x10e	0x2d8e
0x2d8aV0x10e	0x8f10
0x2d90V0x10e	0x0
0x2d94V0x10e	0xffffffffffffffff
0x2da0V0x10e	0x2dac
0x2da4V0x10e	0x2dab
0x2da7V0x10e	0x8f33
0x2dadV0x10e	0x2db8
0x2db4V0x10e	0x2b39
0x2dbcV0x10e	0x20
0x2dc1V0x10e	0xffffffffffffffff
0x2dcdV0x10e	0x2dd9
0x2dd1V0x10e	0x2dd8
0x2dd4V0x10e	0x8f56
0x2ddaV0x10e	0x2de5
0x2de1V0x10e	0x2bf9
0x2de9V0x10e	0x40
0x2deeV0x10e	0xffffffffffffffff
0x2dfaV0x10e	0x2e06
0x2dfeV0x10e	0x2e05
0x2e01V0x10e	0x8f79
0x2e07V0x10e	0x2e12
0x2e0eV0x10e	0x2d4b
0x34caV0xa9e	0x0
0x34cbV0xa9e	0x120
0x34d3V0xa9e	0x34df
0x34d7V0xa9e	0x34de
0x34daV0xa9e	0x92b6
0x34e0V0xa9e	0x34ea
0x34e3V0xa9e	0x120
0x34e6V0xa9e	0x2a62
0x34edV0xa9e	0x0
0x34eeV0xa9e	0x34f9
0x34f5V0xa9e	0x27d4
0x34faV0xa9e	0x0
0x34ffV0xa9e	0x20
0x3501V0xa9e	0x350c
0x3508V0xa9e	0x27d4
0x350dV0xa9e	0x20
0x3513V0xa9e	0x40
0x3515V0xa9e	0x3520
0x351cV0xa9e	0x27d4
0x3521V0xa9e	0x40
0x3527V0xa9e	0x60
0x3529V0xa9e	0x3534
0x3530V0xa9e	0x2abd
0x3535V0xa9e	0x60
0x353bV0xa9e	0x80
0x353dV0xa9e	0x3548
0x3544V0xa9e	0x2abd
0x3549V0xa9e	0x80
0x354fV0xa9e	0xa0
0x3551V0xa9e	0x355c
0x3558V0xa9e	0x2abd
0x355dV0xa9e	0xa0
0x3563V0xa9e	0xc0
0x3565V0xa9e	0x3570
0x356cV0xa9e	0x2abd
0x3571V0xa9e	0xc0
0x3577V0xa9e	0xe0
0x3579V0xa9e	0x3584
0x3580V0xa9e	0x2abd
0x3585V0xa9e	0xe0
0x358bV0xa9e	0x100
0x358eV0xa9e	0x3599
0x3595V0xa9e	0x2abd
0x359aV0xa9e	0x100
0x35a7V0xa9e	0x0
0x35a8V0xa9e	0x0
0x35a9V0xa9e	0x0
0x35aaV0xa9e	0x0
0x35abV0xa9e	0x180
0x35b3V0xa9e	0x35bf
0x35b7V0xa9e	0x35be
0x35baV0xa9e	0x92d9
0x35c0V0xa9e	0x0
0x35c4V0xa9e	0xffffffffffffffff
0x35d0V0xa9e	0x35dc
0x35d4V0xa9e	0x35db
0x35d7V0xa9e	0x92fc
0x35ddV0xa9e	0x35e8
0x35e4V0xa9e	0x2b39
0x35ecV0xa9e	0x20
0x35f1V0xa9e	0xffffffffffffffff
0x35fdV0xa9e	0x3609
0x3601V0xa9e	0x3608
0x3604V0xa9e	0x931f
0x360aV0xa9e	0x3615
0x3611V0xa9e	0x2bf9
0x3619V0xa9e	0x40
0x361eV0xa9e	0xffffffffffffffff
0x362aV0xa9e	0x3636
0x362eV0xa9e	0x3635
0x3631V0xa9e	0x9342
0x3637V0xa9e	0x3642
0x363eV0xa9e	0x2d4b
0x3646V0xa9e	0x60
0x3648V0xa9e	0x3653
0x364fV0xa9e	0x34c9
0x38f9V0x3975	0x0
0x38faV0x3975	0x3903
0x38ffV0x3975	0x3891
0x8f11V0x10e	0x0
0x8f12V0x10e	0x0
0x8f34V0x10e	0x0
0x8f35V0x10e	0x0
0x8f57V0x10e	0x0
0x8f58V0x10e	0x0
0x8f7aV0x10e	0x0
0x8f7bV0x10e	0x0
0x92b7V0xa9e	0x0
0x92b8V0xa9e	0x0
0x92daV0xa9e	0x0
0x92dbV0xa9e	0x0
0x92fdV0xa9e	0x0
0x92feV0xa9e	0x0
0x9320V0xa9e	0x0
0x9321V0xa9e	0x0
0x9343V0xa9e	0x0
0x9344V0xa9e	0x0
0x27d5V0x34eaV0xa9e	0x0
0x27daV0x34eaV0xa9e	0x27e2
0x27deV0x34eaV0xa9e	0x27be
0x27d5V0x34f9V0xa9e	0x0
0x27daV0x34f9V0xa9e	0x27e2
0x27deV0x34f9V0xa9e	0x27be
0x27d5V0x350cV0xa9e	0x0
0x27daV0x350cV0xa9e	0x27e2
0x27deV0x350cV0xa9e	0x27be
0x2abeV0x3520V0xa9e	0x0
0x2ac3V0x3520V0xa9e	0x2acb
0x2ac7V0x3520V0xa9e	0x2aa7
0x2abeV0x3534V0xa9e	0x0
0x2ac3V0x3534V0xa9e	0x2acb
0x2ac7V0x3534V0xa9e	0x2aa7
0x2abeV0x3548V0xa9e	0x0
0x2ac3V0x3548V0xa9e	0x2acb
0x2ac7V0x3548V0xa9e	0x2aa7
0x2abeV0x355cV0xa9e	0x0
0x2ac3V0x355cV0xa9e	0x2acb
0x2ac7V0x355cV0xa9e	0x2aa7
0x2abeV0x3570V0xa9e	0x0
0x2ac3V0x3570V0xa9e	0x2acb
0x2ac7V0x3570V0xa9e	0x2aa7
0x2abeV0x3584V0xa9e	0x0
0x2ac3V0x3584V0xa9e	0x2acb
0x2ac7V0x3584V0xa9e	0x2aa7
0x3268V0x4b9V0xc0	0x326f
0x326bV0x4b9V0xc0	0x9198
0x325cV0x4b9V0xc0	0x0
0x325dV0x4b9V0xc0	0x20
0x3264V0x4b9V0xc0	0x3270
0x3271V0x4b9V0xc0	0x0
0x3272V0x4b9V0xc0	0x327d
0x3279V0x4b9V0xc0	0x3247
0x9199V0x4b9V0xc0	0x0
0x919aV0x4b9V0xc0	0x0
0x3248V0x3270V0x4b9V0xc0	0x0
0x324dV0x3270V0x4b9V0xc0	0x3255
0x3251V0x3270V0x4b9V0xc0	0x27be
0x3268V0x539V0xc0	0x326f
0x326bV0x539V0xc0	0x9198
0x325cV0x539V0xc0	0x0
0x325dV0x539V0xc0	0x20
0x3264V0x539V0xc0	0x3270
0x3271V0x539V0xc0	0x0
0x3272V0x539V0xc0	0x327d
0x3279V0x539V0xc0	0x3247
0x9199V0x539V0xc0	0x0
0x919aV0x539V0xc0	0x0
0x3248V0x3270V0x539V0xc0	0x0
0x324dV0x3270V0x539V0xc0	0x3255
0x3251V0x3270V0x539V0xc0	0x27be
0x3268V0xc4fV0x17c	0x326f
0x326bV0xc4fV0x17c	0x9198
0x325cV0xc4fV0x17c	0x0
0x325dV0xc4fV0x17c	0x20
0x3264V0xc4fV0x17c	0x3270
0x3271V0xc4fV0x17c	0x0
0x3272V0xc4fV0x17c	0x327d
0x3279V0xc4fV0x17c	0x3247
0x9199V0xc4fV0x17c	0x0
0x919aV0xc4fV0x17c	0x0
0x3248V0x3270V0xc4fV0x17c	0x0
0x324dV0x3270V0xc4fV0x17c	0x3255
0x3251V0x3270V0xc4fV0x17c	0x27be
0x3268V0xccfV0x17c	0x326f
0x326bV0xccfV0x17c	0x9198
0x325cV0xccfV0x17c	0x0
0x325dV0xccfV0x17c	0x20
0x3264V0xccfV0x17c	0x3270
0x3271V0xccfV0x17c	0x0
0x3272V0xccfV0x17c	0x327d
0x3279V0xccfV0x17c	0x3247
0x9199V0xccfV0x17c	0x0
0x919aV0xccfV0x17c	0x0
0x3248V0x3270V0xccfV0x17c	0x0
0x324dV0x3270V0xccfV0x17c	0x3255
0x3251V0x3270V0xccfV0x17c	0x27be
0x2a51V0x34dfV0xa9e	0x2a58
0x2a54V0x34dfV0xa9e	0x8ceb
0x2a40V0x34dfV0xa9e	0xffffffffffffffff
0x2a4dV0x34dfV0xa9e	0x2a59
0x2a5bV0x34dfV0xa9e	0x40
0x8cecV0x34dfV0xa9e	0x4e487b7100000000000000000000000000000000000000000000000000000000
0x8d0dV0x34dfV0xa9e	0x0
0x8d0fV0x34dfV0xa9e	0x41
0x8d11V0x34dfV0xa9e	0x4
0x8d14V0x34dfV0xa9e	0x24
0x8d16V0x34dfV0xa9e	0x0
0x2a6eV0x34dfV0xa9e	0x2a77
0x2a73V0x34dfV0xa9e	0x2a31
0x277eV0x34dfV0xa9e	0x0
0x277fV0x34dfV0xa9e	0x40
0x2a32V0x34dfV0xa9e	0x2a3a
0x2a36V0x34dfV0xa9e	0x29f4
0x2a63V0x34dfV0xa9e	0x0
0x2a64V0x34dfV0xa9e	0x2a6b
0x2a67V0x34dfV0xa9e	0x277d
0x29f5V0x2a31V0x34dfV0xa9e	0x0
0x29f6V0x2a31V0x34dfV0xa9e	0x1f
0x29f8V0x2a31V0x34dfV0xa9e	0xffffffffffffffffffffffffffffffffffffffffffffffffffffffffffffffe0
0x29f9V0x2a31V0x34dfV0xa9e	0x1f
0x29fcV0x2a31V0x34dfV0xa9e	0x13f
0x29fdV0x2a31V0x34dfV0xa9e	0x120
0x2ab7V0x2abdB0x3520V0xa9e	0x0
0x2ab8V0x2abdB0x3520V0xa9e	0x0
0x2ab3V0x2abdB0x3520V0xa9e	0x2aba
0x2aa8V0x2abdB0x3520V0xa9e	0x2ab0
0x2aacV0x2abdB0x3520V0xa9e	0x2838
0x2839V0x2aa7V0x2abdB0x3520V0xa9e	0x0
0x2ab7V0x2abdB0x3534V0xa9e	0x0
0x2ab8V0x2abdB0x3534V0xa9e	0x0
0x2ab3V0x2abdB0x3534V0xa9e	0x2aba
0x2aa8V0x2abdB0x3534V0xa9e	0x2ab0
0x2aacV0x2abdB0x3534V0xa9e	0x2838
0x2839V0x2aa7V0x2abdB0x3534V0xa9e	0x0
0x2ab7V0x2abdB0x3548V0xa9e	0x0
0x2ab8V0x2abdB0x3548V0xa9e	0x0
0x2ab3V0x2abdB0x3548V0xa9e	0x2aba
0x2aa8V0x2abdB0x3548V0xa9e	0x2ab0
0x2aacV0x2abdB0x3548V0xa9e	0x2838
0x2839V0x2aa7V0x2abdB0x3548V0xa9e	0x0
0x2ab7V0x2abdB0x355cV0xa9e	0x0
0x2ab8V0x2abdB0x355cV0xa9e	0x0
0x2ab3V0x2abdB0x355cV0xa9e	0x2aba
0x2aa8V0x2abdB0x355cV0xa9e	0x2ab0
0x2aacV0x2abdB0x355cV0xa9e	0x2838
0x2839V0x2aa7V0x2abdB0x355cV0xa9e	0x0
0x2ab7V0x2abdB0x3570V0xa9e	0x0
0x2ab8V0x2abdB0x3570V0xa9e	0x0
0x2ab3V0x2abdB0x3570V0xa9e	0x2aba
0x2aa8V0x2abdB0x3570V0xa9e	0x2ab0
0x2aacV0x2abdB0x3570V0xa9e	0x2838
0x2839V0x2aa7V0x2abdB0x3570V0xa9e	0x0
0x2ab7V0x2abdB0x3584V0xa9e	0x0
0x2ab8V0x2abdB0x3584V0xa9e	0x0
0x2ab3V0x2abdB0x3584V0xa9e	0x2aba
0x2aa8V0x2abdB0x3584V0xa9e	0x2ab0
0x2aacV0x2abdB0x3584V0xa9e	0x2838
0x2839V0x2aa7V0x2abdB0x3584V0xa9e	0x0
0x27ceV0x27d4B0x34eaV0xa9e	0x0
0x27cfV0x27d4B0x34eaV0xa9e	0x0
0x27caV0x27d4B0x34eaV0xa9e	0x27d1
0x27bfV0x27d4B0x34eaV0xa9e	0x27c7
0x27c3V0x27d4B0x34eaV0xa9e	0x27ad
0x27aeV0x27beV0x27d4B0x34eaV0xa9e	0x0
0x27afV0x27beV0x27d4B0x34eaV0xa9e	0x27b7
0x27b3V0x27beV0x27d4B0x34eaV0xa9e	0x278e
0x278fV0x27adV0x27beV0x27d4B0x34eaV0xa9e	0x0
0x2790V0x27adV0x27beV0x27d4B0x34eaV0xa9e	0xffffffffffffffffffffffffffffffffffffffff
0x27ceV0x27d4B0x34f9V0xa9e	0x0
0x27cfV0x27d4B0x34f9V0xa9e	0x0
0x27caV0x27d4B0x34f9V0xa9e	0x27d1
0x27bfV0x27d4B0x34f9V0xa9e	0x27c7
0x27c3V0x27d4B0x34f9V0xa9e	0x27ad
0x27aeV0x27beV0x27d4B0x34f9V0xa9e	0x0
0x27afV0x27beV0x27d4B0x34f9V0xa9e	0x27b7
0x27b3V0x27beV0x27d4B0x34f9V0xa9e	0x278e
0x278fV0x27adV0x27beV0x27d4B0x34f9V0xa9e	0x0
0x2790V0x27adV0x27beV0x27d4B0x34f9V0xa9e	0xffffffffffffffffffffffffffffffffffffffff
0x27ceV0x27d4B0x350cV0xa9e	0x0
0x27cfV0x27d4B0x350cV0xa9e	0x0
0x27caV0x27d4B0x350cV0xa9e	0x27d1
0x27bfV0x27d4B0x350cV0xa9e	0x27c7
0x27c3V0x27d4B0x350cV0xa9e	0x27ad
0x27aeV0x27beV0x27d4B0x350cV0xa9e	0x0
0x27afV0x27beV0x27d4B0x350cV0xa9e	0x27b7
0x27b3V0x27beV0x27d4B0x350cV0xa9e	0x278e
0x278fV0x27adV0x27beV0x27d4B0x350cV0xa9e	0x0
0x2790V0x27adV0x27beV0x27d4B0x350cV0xa9e	0xffffffffffffffffffffffffffffffffffffffff
0x27ceV0x3247B0x3270B0x4b9V0xc0	0x0
0x27cfV0x3247B0x3270B0x4b9V0xc0	0x0
0x27caV0x3247B0x3270B0x4b9V0xc0	0x27d1
0x27bfV0x3247B0x3270B0x4b9V0xc0	0x27c7
0x27c3V0x3247B0x3270B0x4b9V0xc0	0x27ad
0x27aeV0x27beV0x3247B0x3270B0x4b9V0xc0	0x0
0x27afV0x27beV0x3247B0x3270B0x4b9V0xc0	0x27b7
0x27b3V0x27beV0x3247B0x3270B0x4b9V0xc0	0x278e
0x278fV0x27adV0x27beV0x3247B0x3270B0x4b9V0xc0	0x0
0x2790V0x27adV0x27beV0x3247B0x3270B0x4b9V0xc0	0xffffffffffffffffffffffffffffffffffffffff
0x27ceV0x3247B0x3270B0x539V0xc0	0x0
0x27cfV0x3247B0x3270B0x539V0xc0	0x0
0x27caV0x3247B0x3270B0x539V0xc0	0x27d1
0x27bfV0x3247B0x3270B0x539V0xc0	0x27c7
0x27c3V0x3247B0x3270B0x539V0xc0	0x27ad
0x27aeV0x27beV0x3247B0x3270B0x539V0xc0	0x0
0x27afV0x27beV0x3247B0x3270B0x539V0xc0	0x27b7
0x27b3V0x27beV0x3247B0x3270B0x539V0xc0	0x278e
0x278fV0x27adV0x27beV0x3247B0x3270B0x539V0xc0	0x0
0x2790V0x27adV0x27beV0x3247B0x3270B0x539V0xc0	0xffffffffffffffffffffffffffffffffffffffff
0x27ceV0x3247B0x3270B0xc4fV0x17c	0x0
0x27cfV0x3247B0x3270B0xc4fV0x17c	0x0
0x27caV0x3247B0x3270B0xc4fV0x17c	0x27d1
0x27bfV0x3247B0x3270B0xc4fV0x17c	0x27c7
0x27c3V0x3247B0x3270B0xc4fV0x17c	0x27ad
0x27aeV0x27beV0x3247B0x3270B0xc4fV0x17c	0x0
0x27afV0x27beV0x3247B0x3270B0xc4fV0x17c	0x27b7
0x27b3V0x27beV0x3247B0x3270B0xc4fV0x17c	0x278e
0x278fV0x27adV0x27beV0x3247B0x3270B0xc4fV0x17c	0x0
0x2790V0x27adV0x27beV0x3247B0x3270B0xc4fV0x17c	0xffffffffffffffffffffffffffffffffffffffff
0x27ceV0x3247B0x3270B0xccfV0x17c	0x0
0x27cfV0x3247B0x3270B0xccfV0x17c	0x0
0x27caV0x3247B0x3270B0xccfV0x17c	0x27d1
0x27bfV0x3247B0x3270B0xccfV0x17c	0x27c7
0x27c3V0x3247B0x3270B0xccfV0x17c	0x27ad
0x27aeV0x27beV0x3247B0x3270B0xccfV0x17c	0x0
0x27afV0x27beV0x3247B0x3270B0xccfV0x17c	0x27b7
0x27b3V0x27beV0x3247B0x3270B0xccfV0x17c	0x278e
0x278fV0x27adV0x27beV0x3247B0x3270B0xccfV0x17c	0x0
0x2790V0x27adV0x27beV0x3247B0x3270B0xccfV0x17c	0xffffffffffffffffffffffffffffffffffffffff
0x2b45V0x2dacV0x10e	0x2b4c
0x2b48V0x2dacV0x10e	0x8da6
0x2b50V0x2dacV0x10e	0x2b5d
0x2b55V0x2dacV0x10e	0x20
0x2b59V0x2dacV0x10e	0x2ad1
0x8da7V0x2dacV0x10e	0x0
0x8da8V0x2dacV0x10e	0x0
0x2b3aV0x2dacV0x10e	0x0
0x2b3cV0x2dacV0x10e	0x1f
0x2b41V0x2dacV0x10e	0x2b4d
0x2a8eV0x2b4dV0x2dacV0x10e	0x2a95
0x2a91V0x2b4dV0x2dacV0x10e	0x8d37
0x2afeV0x2b4dV0x2dacV0x10e	0x2b05
0x2b01V0x2b4dV0x2dacV0x10e	0x8d83
0x2a97V0x2b4dV0x2dacV0x10e	0x20
0x2a9dV0x2b4dV0x2dacV0x10e	0x20
0x8d38V0x2b4dV0x2dacV0x10e	0x4e487b7100000000000000000000000000000000000000000000000000000000
0x8d59V0x2b4dV0x2dacV0x10e	0x0
0x8d5bV0x2b4dV0x2dacV0x10e	0x41
0x8d5dV0x2b4dV0x2dacV0x10e	0x4
0x8d60V0x2b4dV0x2dacV0x10e	0x24
0x8d62V0x2b4dV0x2dacV0x10e	0x0
0x2aeaV0x2b4dV0x2dacV0x10e	0x20
0x2af0V0x2b4dV0x2dacV0x10e	0x20
0x2afaV0x2b4dV0x2dacV0x10e	0x2b06
0x2adfV0x2b4dV0x2dacV0x10e	0x2a62
0x2a7dV0x2b4dV0x2dacV0x10e	0x0
0x2a7eV0x2b4dV0x2dacV0x10e	0xffffffffffffffff
0x2a8aV0x2b4dV0x2dacV0x10e	0x2a96
0x8d84V0x2b4dV0x2dacV0x10e	0x0
0x8d85V0x2b4dV0x2dacV0x10e	0x0
0x2b1eV0x2b4dV0x2dacV0x10e	0x20
0x2b25V0x2b4dV0x2dacV0x10e	0x20
0x2b2bV0x2b4dV0x2dacV0x10e	0x2b08
0x2b0dV0x2b4dV0x2dacV0x10e	0x2b2f
0x2ad2V0x2b4dV0x2dacV0x10e	0x0
0x2ad3V0x2b4dV0x2dacV0x10e	0x2ae3
0x2ad6V0x2b4dV0x2dacV0x10e	0x2ade
0x2adaV0x2b4dV0x2dacV0x10e	0x2a7c
0x2b12V0x2b4dV0x2dacV0x10e	0x2b1b
0x2b17V0x2b4dV0x2dacV0x10e	0x2abd
0x2abeV0x2b11V0x2b4dV0x2dacV0x10e	0x0
0x2ac3V0x2b11V0x2b4dV0x2dacV0x10e	0x2acb
0x2ac7V0x2b11V0x2b4dV0x2dacV0x10e	0x2aa7
0x2a51V0x2adeV0x2b4dV0x2dacV0x10e	0x2a58
0x2a54V0x2adeV0x2b4dV0x2dacV0x10e	0x8ceb
0x2a40V0x2adeV0x2b4dV0x2dacV0x10e	0xffffffffffffffff
0x2a4dV0x2adeV0x2b4dV0x2dacV0x10e	0x2a59
0x2a5bV0x2adeV0x2b4dV0x2dacV0x10e	0x40
0x8cecV0x2adeV0x2b4dV0x2dacV0x10e	0x4e487b7100000000000000000000000000000000000000000000000000000000
0x8d0dV0x2adeV0x2b4dV0x2dacV0x10e	0x0
0x8d0fV0x2adeV0x2b4dV0x2dacV0x10e	0x41
0x8d11V0x2adeV0x2b4dV0x2dacV0x10e	0x4
0x8d14V0x2adeV0x2b4dV0x2dacV0x10e	0x24
0x8d16V0x2adeV0x2b4dV0x2dacV0x10e	0x0
0x2a6eV0x2adeV0x2b4dV0x2dacV0x10e	0x2a77
0x2a73V0x2adeV0x2b4dV0x2dacV0x10e	0x2a31
0x277eV0x2adeV0x2b4dV0x2dacV0x10e	0x0
0x277fV0x2adeV0x2b4dV0x2dacV0x10e	0x40
0x2a32V0x2adeV0x2b4dV0x2dacV0x10e	0x2a3a
0x2a36V0x2adeV0x2b4dV0x2dacV0x10e	0x29f4
0x2a63V0x2adeV0x2b4dV0x2dacV0x10e	0x0
0x2a64V0x2adeV0x2b4dV0x2dacV0x10e	0x2a6b
0x2a67V0x2adeV0x2b4dV0x2dacV0x10e	0x277d
0x29f5V0x2a31V0x2adeV0x2b4dV0x2dacV0x10e	0x0
0x29f6V0x2a31V0x2adeV0x2b4dV0x2dacV0x10e	0x1f
0x29f8V0x2a31V0x2adeV0x2b4dV0x2dacV0x10e	0xffffffffffffffffffffffffffffffffffffffffffffffffffffffffffffffe0
0x29f9V0x2a31V0x2adeV0x2b4dV0x2dacV0x10e	0x1f
0x2ab7V0x2abdB0x2b11V0x2b4dV0x2dacV0x10e	0x0
0x2ab8V0x2abdB0x2b11V0x2b4dV0x2dacV0x10e	0x0
0x2ab3V0x2abdB0x2b11V0x2b4dV0x2dacV0x10e	0x2aba
0x2aa8V0x2abdB0x2b11V0x2b4dV0x2dacV0x10e	0x2ab0
0x2aacV0x2abdB0x2b11V0x2b4dV0x2dacV0x10e	0x2838
0x2839V0x2aa7V0x2abdB0x2b11V0x2b4dV0x2dacV0x10e	0x0
0x2b45V0x35dcV0xa9e	0x2b4c
0x2b48V0x35dcV0xa9e	0x8da6
0x2b50V0x35dcV0xa9e	0x2b5d
0x2b55V0x35dcV0xa9e	0x20
0x2b59V0x35dcV0xa9e	0x2ad1
0x8da7V0x35dcV0xa9e	0x0
0x8da8V0x35dcV0xa9e	0x0
0x2b3aV0x35dcV0xa9e	0x0
0x2b3cV0x35dcV0xa9e	0x1f
0x2b41V0x35dcV0xa9e	0x2b4d
0x2a8eV0x2b4dV0x35dcV0xa9e	0x2a95
0x2a91V0x2b4dV0x35dcV0xa9e	0x8d37
0x2afeV0x2b4dV0x35dcV0xa9e	0x2b05
0x2b01V0x2b4dV0x35dcV0xa9e	0x8d83
0x2a97V0x2b4dV0x35dcV0xa9e	0x20
0x2a9dV0x2b4dV0x35dcV0xa9e	0x20
0x8d38V0x2b4dV0x35dcV0xa9e	0x4e487b7100000000000000000000000000000000000000000000000000000000
0x8d59V0x2b4dV0x35dcV0xa9e	0x0
0x8d5bV0x2b4dV0x35dcV0xa9e	0x41
0x8d5dV0x2b4dV0x35dcV0xa9e	0x4
0x8d60V0x2b4dV0x35dcV0xa9e	0x24
0x8d62V0x2b4dV0x35dcV0xa9e	0x0
0x2aeaV0x2b4dV0x35dcV0xa9e	0x20
0x2af0V0x2b4dV0x35dcV0xa9e	0x20
0x2afaV0x2b4dV0x35dcV0xa9e	0x2b06
0x2adfV0x2b4dV0x35dcV0xa9e	0x2a62
0x2a7dV0x2b4dV0x35dcV0xa9e	0x0
0x2a7eV0x2b4dV0x35dcV0xa9e	0xffffffffffffffff
0x2a8aV0x2b4dV0x35dcV0xa9e	0x2a96
0x8d84V0x2b4dV0x35dcV0xa9e	0x0
0x8d85V0x2b4dV0x35dcV0xa9e	0x0
0x2b1eV0x2b4dV0x35dcV0xa9e	0x20
0x2b25V0x2b4dV0x35dcV0xa9e	0x20
0x2b2bV0x2b4dV0x35dcV0xa9e	0x2b08
0x2b0dV0x2b4dV0x35dcV0xa9e	0x2b2f
0x2ad2V0x2b4dV0x35dcV0xa9e	0x0
0x2ad3V0x2b4dV0x35dcV0xa9e	0x2ae3
0x2ad6V0x2b4dV0x35dcV0xa9e	0x2ade
0x2adaV0x2b4dV0x35dcV0xa9e	0x2a7c
0x2b12V0x2b4dV0x35dcV0xa9e	0x2b1b
0x2b17V0x2b4dV0x35dcV0xa9e	0x2abd
0x2abeV0x2b11V0x2b4dV0x35dcV0xa9e	0x0
0x2ac3V0x2b11V0x2b4dV0x35dcV0xa9e	0x2acb
0x2ac7V0x2b11V0x2b4dV0x35dcV0xa9e	0x2aa7
0x2a51V0x2adeV0x2b4dV0x35dcV0xa9e	0x2a58
0x2a54V0x2adeV0x2b4dV0x35dcV0xa9e	0x8ceb
0x2a40V0x2adeV0x2b4dV0x35dcV0xa9e	0xffffffffffffffff
0x2a4dV0x2adeV0x2b4dV0x35dcV0xa9e	0x2a59
0x2a5bV0x2adeV0x2b4dV0x35dcV0xa9e	0x40
0x8cecV0x2adeV0x2b4dV0x35dcV0xa9e	0x4e487b7100000000000000000000000000000000000000000000000000000000
0x8d0dV0x2adeV0x2b4dV0x35dcV0xa9e	0x0
0x8d0fV0x2adeV0x2b4dV0x35dcV0xa9e	0x41
0x8d11V0x2adeV0x2b4dV0x35dcV0xa9e	0x4
0x8d14V0x2adeV0x2b4dV0x35dcV0xa9e	0x24
0x8d16V0x2adeV0x2b4dV0x35dcV0xa9e	0x0
0x2a6eV0x2adeV0x2b4dV0x35dcV0xa9e	0x2a77
0x2a73V0x2adeV0x2b4dV0x35dcV0xa9e	0x2a31
0x277eV0x2adeV0x2b4dV0x35dcV0xa9e	0x0
0x277fV0x2adeV0x2b4dV0x35dcV0xa9e	0x40
0x2a32V0x2adeV0x2b4dV0x35dcV0xa9e	0x2a3a
0x2a36V0x2adeV0x2b4dV0x35dcV0xa9e	0x29f4
0x2a63V0x2adeV0x2b4dV0x35dcV0xa9e	0x0
0x2a64V0x2adeV0x2b4dV0x35dcV0xa9e	0x2a6b
0x2a67V0x2adeV0x2b4dV0x35dcV0xa9e	0x277d
0x29f5V0x2a31V0x2adeV0x2b4dV0x35dcV0xa9e	0x0
0x29f6V0x2a31V0x2adeV0x2b4dV0x35dcV0xa9e	0x1f
0x29f8V0x2a31V0x2adeV0x2b4dV0x35dcV0xa9e	0xffffffffffffffffffffffffffffffffffffffffffffffffffffffffffffffe0
0x29f9V0x2a31V0x2adeV0x2b4dV0x35dcV0xa9e	0x1f
0x2ab7V0x2abdB0x2b11V0x2b4dV0x35dcV0xa9e	0x0
0x2ab8V0x2abdB0x2b11V0x2b4dV0x35dcV0xa9e	0x0
0x2ab3V0x2abdB0x2b11V0x2b4dV0x35dcV0xa9e	0x2aba
0x2aa8V0x2abdB0x2b11V0x2b4dV0x35dcV0xa9e	0x2ab0
0x2aacV0x2abdB0x2b11V0x2b4dV0x35dcV0xa9e	0x2838
0x2839V0x2aa7V0x2abdB0x2b11V0x2b4dV0x35dcV0xa9e	0x0
0xd3a0xe57V0x4ddV0xc0	0x4
0xd3a0xe52V0x4ddV0xc0	0x40
0xd3a0xe4fV0x4ddV0xc0	0x4
0xd3a0xe2cV0x4ddV0xc0	0x90b8ec1800000000000000000000000000000000000000000000000000000000
0xd3a0xe29V0x4ddV0xc0	0x40
0xd3a0xdeeV0x4ddV0xc0	0xdf7
0xd3a0xde9V0x4ddV0xc0	0x20
0xd3a0xde8V0x4ddV0xc0	0x0
0xd3a0xde1V0x4ddV0xc0	0x40
0xd3a0xddaV0x4ddV0xc0	0x3f
0xd3a0xdd9V0x4ddV0xc0	0xffffffffffffffffffffffffffffffffffffffffffffffffffffffffffffffe0
0xd3a0xdd7V0x4ddV0xc0	0x1f
0xd3a0xdd2V0x4ddV0xc0	0x40
0xd3bV0x4ddV0xc0	0x0
0xd3cV0x4ddV0xc0	0x0
0xd3eV0x4ddV0xc0	0xffffffffffffffffffffffffffffffffffffffff
0xd54V0x4ddV0xc0	0xa9059cbb
0xd5bV0x4ddV0xc0	0x40
0xd5eV0x4ddV0xc0	0x24
0xd61V0x4ddV0xc0	0xd6b
0xd67V0x4ddV0xc0	0x365f
0xd3a0xe19V0x4ddV0xc0	0xe22
0xd3a0xe1eV0x4ddV0xc0	0x3723
0xd3a0xe11V0x4ddV0xc0	0x20
0xd3a0xe25V0x4ddV0xc0	0xe5a
0xd3a0xe0aV0x4ddV0xc0	0xe23
0xd3a0xe05V0x4ddV0xc0	0x0
0xd3a0xe00V0x4ddV0xc0	0xe24
0xd3a0xdceV0x4ddV0xc0	0xdf2
0xd3a0xdcbV0x4ddV0xc0	0x0
0xd3a0xdc2V0x4ddV0xc0	0x0
0xd3a0xdc0V0x4ddV0xc0	0x44
0xd3a0xdbbV0x4ddV0xc0	0x40
0xd3a0xdbaV0x4ddV0xc0	0x0
0xd3a0xdb0V0x4ddV0xc0	0xdb9
0xd3a0xdb5V0x4ddV0xc0	0x36d8
0xd3a0xdadV0x4ddV0xc0	0x40
0xd3a0xd85V0x4ddV0xc0	0xffffffffffffffffffffffffffffffffffffffffffffffffffffffff
0xd3a0xd7fV0x4ddV0xc0	0x20
0xd3a0xd7eV0x4ddV0xc0	0xa9059cbb00000000000000000000000000000000000000000000000000000000
0xd3a0xd7cV0x4ddV0xc0	0xe0
0xd3a0xd78V0x4ddV0xc0	0x40
0xd3a0xd74V0x4ddV0xc0	0x44
0xd3a0xd73V0x4ddV0xc0	0x64
0xd3a0xd6fV0x4ddV0xc0	0x20
0xd3a0xd6cV0x4ddV0xc0	0x40
0xd3a0xdf3V0x4ddV0xc0	0x60
0x36d9V0xd6b0xd3aV0x4ddV0xc0	0x0
0x36daV0xd6b0xd3aV0x4ddV0xc0	0x36e3
0x36dfV0xd6b0xd3aV0x4ddV0xc0	0x36a8
0x36b3V0xd6b0xd3aV0x4ddV0xc0	0x36bc
0x36b8V0xd6b0xd3aV0x4ddV0xc0	0x3690
0x36bfV0xd6b0xd3aV0x4ddV0xc0	0x36cc
0x36c4V0xd6b0xd3aV0x4ddV0xc0	0x20
0x36c8V0xd6b0xd3aV0x4ddV0xc0	0x369a
0x36a9V0xd6b0xd3aV0x4ddV0xc0	0x0
0x36aaV0xd6b0xd3aV0x4ddV0xc0	0x36b2
0x36aeV0xd6b0xd3aV0x4ddV0xc0	0x3686
0x3691V0x36b2V0xd6b0xd3aV0x4ddV0xc0	0x0
0x369fV0x36bcV0xd6b0xd3aV0x4ddV0xc0	0x0
0x3687V0x36a8V0xd6b0xd3aV0x4ddV0xc0	0x0
0x3689V0x36a8V0xd6b0xd3aV0x4ddV0xc0	0x44
0x3660V0xd3aV0x4ddV0xc0	0x0
0x3661V0xd3aV0x4ddV0xc0	0x40
0x3667V0xd3aV0x4ddV0xc0	0x3672
0x366aV0xd3aV0x4ddV0xc0	0x0
0x366eV0xd3aV0x4ddV0xc0	0x30af
0x3673V0xd3aV0x4ddV0xc0	0x367f
0x3676V0xd3aV0x4ddV0xc0	0x20
0x367bV0xd3aV0x4ddV0xc0	0x2841
0x2842V0x3672V0xd3aV0x4ddV0xc0	0x284a
0x2846V0x3672V0xd3aV0x4ddV0xc0	0x2838
0x2839V0x2841V0x3672V0xd3aV0x4ddV0xc0	0x0
0x30b0V0x365fV0xd3aV0x4ddV0xc0	0x30b8
0x30b4V0x365fV0xd3aV0x4ddV0xc0	0x27ad
0x27aeV0x30afV0x365fV0xd3aV0x4ddV0xc0	0x0
0x27afV0x30afV0x365fV0xd3aV0x4ddV0xc0	0x27b7
0x27b3V0x30afV0x365fV0xd3aV0x4ddV0xc0	0x278e
0x278fV0x27adV0x30afV0x365fV0xd3aV0x4ddV0xc0	0x0
0x2790V0x27adV0x30afV0x365fV0xd3aV0x4ddV0xc0	0xffffffffffffffffffffffffffffffffffffffff
0x3730V0xe0e0xd3aV0x4ddV0xc0	0x3737
0x3733V0xe0e0xd3aV0x4ddV0xc0	0x9365
0x3739V0xe0e0xd3aV0x4ddV0xc0	0x0
0x373aV0xe0e0xd3aV0x4ddV0xc0	0x3745
0x3741V0xe0e0xd3aV0x4ddV0xc0	0x370f
0x9366V0xe0e0xd3aV0x4ddV0xc0	0x0
0x9367V0xe0e0xd3aV0x4ddV0xc0	0x0
0x3724V0xe0e0xd3aV0x4ddV0xc0	0x0
0x3725V0xe0e0xd3aV0x4ddV0xc0	0x20
0x372cV0xe0e0xd3aV0x4ddV0xc0	0x3738
0x3710V0x3738V0xe0e0xd3aV0x4ddV0xc0	0x0
0x3715V0x3738V0xe0e0xd3aV0x4ddV0xc0	0x371d
0x3719V0x3738V0xe0e0xd3aV0x4ddV0xc0	0x36f9
0x3709V0x370fV0x3738V0xe0e0xd3aV0x4ddV0xc0	0x0
0x370aV0x370fV0x3738V0xe0e0xd3aV0x4ddV0xc0	0x0
0x3705V0x370fV0x3738V0xe0e0xd3aV0x4ddV0xc0	0x370c
0x36faV0x370fV0x3738V0xe0e0xd3aV0x4ddV0xc0	0x3702
0x36feV0x370fV0x3738V0xe0e0xd3aV0x4ddV0xc0	0x36ee
0x36efV0x36f9V0x370fV0x3738V0xe0e0xd3aV0x4ddV0xc0	0x0
0xd3a0xe57V0x55dV0xc0	0x4
0xd3a0xe52V0x55dV0xc0	0x40
0xd3a0xe4fV0x55dV0xc0	0x4
0xd3a0xe2cV0x55dV0xc0	0x90b8ec1800000000000000000000000000000000000000000000000000000000
0xd3a0xe29V0x55dV0xc0	0x40
0xd3a0xdeeV0x55dV0xc0	0xdf7
0xd3a0xde9V0x55dV0xc0	0x20
0xd3a0xde8V0x55dV0xc0	0x0
0xd3a0xde1V0x55dV0xc0	0x40
0xd3a0xddaV0x55dV0xc0	0x3f
0xd3a0xdd9V0x55dV0xc0	0xffffffffffffffffffffffffffffffffffffffffffffffffffffffffffffffe0
0xd3a0xdd7V0x55dV0xc0	0x1f
0xd3a0xdd2V0x55dV0xc0	0x40
0xd3bV0x55dV0xc0	0x0
0xd3cV0x55dV0xc0	0x0
0xd3eV0x55dV0xc0	0xffffffffffffffffffffffffffffffffffffffff
0xd54V0x55dV0xc0	0xa9059cbb
0xd5bV0x55dV0xc0	0x40
0xd5eV0x55dV0xc0	0x24
0xd61V0x55dV0xc0	0xd6b
0xd67V0x55dV0xc0	0x365f
0xd3a0xe19V0x55dV0xc0	0xe22
0xd3a0xe1eV0x55dV0xc0	0x3723
0xd3a0xe11V0x55dV0xc0	0x20
0xd3a0xe25V0x55dV0xc0	0xe5a
0xd3a0xe0aV0x55dV0xc0	0xe23
0xd3a0xe05V0x55dV0xc0	0x0
0xd3a0xe00V0x55dV0xc0	0xe24
0xd3a0xdceV0x55dV0xc0	0xdf2
0xd3a0xdcbV0x55dV0xc0	0x0
0xd3a0xdc2V0x55dV0xc0	0x0
0xd3a0xdc0V0x55dV0xc0	0x44
0xd3a0xdbbV0x55dV0xc0	0x40
0xd3a0xdbaV0x55dV0xc0	0x0
0xd3a0xdb0V0x55dV0xc0	0xdb9
0xd3a0xdb5V0x55dV0xc0	0x36d8
0xd3a0xdadV0x55dV0xc0	0x40
0xd3a0xd85V0x55dV0xc0	0xffffffffffffffffffffffffffffffffffffffffffffffffffffffff
0xd3a0xd7fV0x55dV0xc0	0x20
0xd3a0xd7eV0x55dV0xc0	0xa9059cbb00000000000000000000000000000000000000000000000000000000
0xd3a0xd7cV0x55dV0xc0	0xe0
0xd3a0xd78V0x55dV0xc0	0x40
0xd3a0xd74V0x55dV0xc0	0x44
0xd3a0xd73V0x55dV0xc0	0x64
0xd3a0xd6fV0x55dV0xc0	0x20
0xd3a0xd6cV0x55dV0xc0	0x40
0xd3a0xdf3V0x55dV0xc0	0x60
0x36d9V0xd6b0xd3aV0x55dV0xc0	0x0
0x36daV0xd6b0xd3aV0x55dV0xc0	0x36e3
0x36dfV0xd6b0xd3aV0x55dV0xc0	0x36a8
0x36b3V0xd6b0xd3aV0x55dV0xc0	0x36bc
0x36b8V0xd6b0xd3aV0x55dV0xc0	0x3690
0x36bfV0xd6b0xd3aV0x55dV0xc0	0x36cc
0x36c4V0xd6b0xd3aV0x55dV0xc0	0x20
0x36c8V0xd6b0xd3aV0x55dV0xc0	0x369a
0x36a9V0xd6b0xd3aV0x55dV0xc0	0x0
0x36aaV0xd6b0xd3aV0x55dV0xc0	0x36b2
0x36aeV0xd6b0xd3aV0x55dV0xc0	0x3686
0x3691V0x36b2V0xd6b0xd3aV0x55dV0xc0	0x0
0x369fV0x36bcV0xd6b0xd3aV0x55dV0xc0	0x0
0x3687V0x36a8V0xd6b0xd3aV0x55dV0xc0	0x0
0x3689V0x36a8V0xd6b0xd3aV0x55dV0xc0	0x44
0x3660V0xd3aV0x55dV0xc0	0x0
0x3661V0xd3aV0x55dV0xc0	0x40
0x3667V0xd3aV0x55dV0xc0	0x3672
0x366aV0xd3aV0x55dV0xc0	0x0
0x366eV0xd3aV0x55dV0xc0	0x30af
0x3673V0xd3aV0x55dV0xc0	0x367f
0x3676V0xd3aV0x55dV0xc0	0x20
0x367bV0xd3aV0x55dV0xc0	0x2841
0x2842V0x3672V0xd3aV0x55dV0xc0	0x284a
0x2846V0x3672V0xd3aV0x55dV0xc0	0x2838
0x2839V0x2841V0x3672V0xd3aV0x55dV0xc0	0x0
0x30b0V0x365fV0xd3aV0x55dV0xc0	0x30b8
0x30b4V0x365fV0xd3aV0x55dV0xc0	0x27ad
0x27aeV0x30afV0x365fV0xd3aV0x55dV0xc0	0x0
0x27afV0x30afV0x365fV0xd3aV0x55dV0xc0	0x27b7
0x27b3V0x30afV0x365fV0xd3aV0x55dV0xc0	0x278e
0x278fV0x27adV0x30afV0x365fV0xd3aV0x55dV0xc0	0x0
0x2790V0x27adV0x30afV0x365fV0xd3aV0x55dV0xc0	0xffffffffffffffffffffffffffffffffffffffff
0x3730V0xe0e0xd3aV0x55dV0xc0	0x3737
0x3733V0xe0e0xd3aV0x55dV0xc0	0x9365
0x3739V0xe0e0xd3aV0x55dV0xc0	0x0
0x373aV0xe0e0xd3aV0x55dV0xc0	0x3745
0x3741V0xe0e0xd3aV0x55dV0xc0	0x370f
0x9366V0xe0e0xd3aV0x55dV0xc0	0x0
0x9367V0xe0e0xd3aV0x55dV0xc0	0x0
0x3724V0xe0e0xd3aV0x55dV0xc0	0x0
0x3725V0xe0e0xd3aV0x55dV0xc0	0x20
0x372cV0xe0e0xd3aV0x55dV0xc0	0x3738
0x3710V0x3738V0xe0e0xd3aV0x55dV0xc0	0x0
0x3715V0x3738V0xe0e0xd3aV0x55dV0xc0	0x371d
0x3719V0x3738V0xe0e0xd3aV0x55dV0xc0	0x36f9
0x3709V0x370fV0x3738V0xe0e0xd3aV0x55dV0xc0	0x0
0x370aV0x370fV0x3738V0xe0e0xd3aV0x55dV0xc0	0x0
0x3705V0x370fV0x3738V0xe0e0xd3aV0x55dV0xc0	0x370c
0x36faV0x370fV0x3738V0xe0e0xd3aV0x55dV0xc0	0x3702
0x36feV0x370fV0x3738V0xe0e0xd3aV0x55dV0xc0	0x36ee
0x36efV0x36f9V0x370fV0x3738V0xe0e0xd3aV0x55dV0xc0	0x0
0xd3a0xe57V0xc73V0x17c	0x4
0xd3a0xe52V0xc73V0x17c	0x40
0xd3a0xe4fV0xc73V0x17c	0x4
0xd3a0xe2cV0xc73V0x17c	0x90b8ec1800000000000000000000000000000000000000000000000000000000
0xd3a0xe29V0xc73V0x17c	0x40
0xd3a0xdeeV0xc73V0x17c	0xdf7
0xd3a0xde9V0xc73V0x17c	0x20
0xd3a0xde8V0xc73V0x17c	0x0
0xd3a0xde1V0xc73V0x17c	0x40
0xd3a0xddaV0xc73V0x17c	0x3f
0xd3a0xdd9V0xc73V0x17c	0xffffffffffffffffffffffffffffffffffffffffffffffffffffffffffffffe0
0xd3a0xdd7V0xc73V0x17c	0x1f
0xd3a0xdd2V0xc73V0x17c	0x40
0xd3bV0xc73V0x17c	0x0
0xd3cV0xc73V0x17c	0x0
0xd3eV0xc73V0x17c	0xffffffffffffffffffffffffffffffffffffffff
0xd54V0xc73V0x17c	0xa9059cbb
0xd5bV0xc73V0x17c	0x40
0xd5eV0xc73V0x17c	0x24
0xd61V0xc73V0x17c	0xd6b
0xd67V0xc73V0x17c	0x365f
0xd3a0xe19V0xc73V0x17c	0xe22
0xd3a0xe1eV0xc73V0x17c	0x3723
0xd3a0xe11V0xc73V0x17c	0x20
0xd3a0xe25V0xc73V0x17c	0xe5a
0xd3a0xe0aV0xc73V0x17c	0xe23
0xd3a0xe05V0xc73V0x17c	0x0
0xd3a0xe00V0xc73V0x17c	0xe24
0xd3a0xdceV0xc73V0x17c	0xdf2
0xd3a0xdcbV0xc73V0x17c	0x0
0xd3a0xdc2V0xc73V0x17c	0x0
0xd3a0xdc0V0xc73V0x17c	0x44
0xd3a0xdbbV0xc73V0x17c	0x40
0xd3a0xdbaV0xc73V0x17c	0x0
0xd3a0xdb0V0xc73V0x17c	0xdb9
0xd3a0xdb5V0xc73V0x17c	0x36d8
0xd3a0xdadV0xc73V0x17c	0x40
0xd3a0xd85V0xc73V0x17c	0xffffffffffffffffffffffffffffffffffffffffffffffffffffffff
0xd3a0xd7fV0xc73V0x17c	0x20
0xd3a0xd7eV0xc73V0x17c	0xa9059cbb00000000000000000000000000000000000000000000000000000000
0xd3a0xd7cV0xc73V0x17c	0xe0
0xd3a0xd78V0xc73V0x17c	0x40
0xd3a0xd74V0xc73V0x17c	0x44
0xd3a0xd73V0xc73V0x17c	0x64
0xd3a0xd6fV0xc73V0x17c	0x20
0xd3a0xd6cV0xc73V0x17c	0x40
0xd3a0xdf3V0xc73V0x17c	0x60
0x36d9V0xd6b0xd3aV0xc73V0x17c	0x0
0x36daV0xd6b0xd3aV0xc73V0x17c	0x36e3
0x36dfV0xd6b0xd3aV0xc73V0x17c	0x36a8
0x36b3V0xd6b0xd3aV0xc73V0x17c	0x36bc
0x36b8V0xd6b0xd3aV0xc73V0x17c	0x3690
0x36bfV0xd6b0xd3aV0xc73V0x17c	0x36cc
0x36c4V0xd6b0xd3aV0xc73V0x17c	0x20
0x36c8V0xd6b0xd3aV0xc73V0x17c	0x369a
0x36a9V0xd6b0xd3aV0xc73V0x17c	0x0
0x36aaV0xd6b0xd3aV0xc73V0x17c	0x36b2
0x36aeV0xd6b0xd3aV0xc73V0x17c	0x3686
0x3691V0x36b2V0xd6b0xd3aV0xc73V0x17c	0x0
0x369fV0x36bcV0xd6b0xd3aV0xc73V0x17c	0x0
0x3687V0x36a8V0xd6b0xd3aV0xc73V0x17c	0x0
0x3689V0x36a8V0xd6b0xd3aV0xc73V0x17c	0x44
0x3660V0xd3aV0xc73V0x17c	0x0
0x3661V0xd3aV0xc73V0x17c	0x40
0x3667V0xd3aV0xc73V0x17c	0x3672
0x366aV0xd3aV0xc73V0x17c	0x0
0x366eV0xd3aV0xc73V0x17c	0x30af
0x3673V0xd3aV0xc73V0x17c	0x367f
0x3676V0xd3aV0xc73V0x17c	0x20
0x367bV0xd3aV0xc73V0x17c	0x2841
0x2842V0x3672V0xd3aV0xc73V0x17c	0x284a
0x2846V0x3672V0xd3aV0xc73V0x17c	0x2838
0x2839V0x2841V0x3672V0xd3aV0xc73V0x17c	0x0
0x30b0V0x365fV0xd3aV0xc73V0x17c	0x30b8
0x30b4V0x365fV0xd3aV0xc73V0x17c	0x27ad
0x27aeV0x30afV0x365fV0xd3aV0xc73V0x17c	0x0
0x27afV0x30afV0x365fV0xd3aV0xc73V0x17c	0x27b7
0x27b3V0x30afV0x365fV0xd3aV0xc73V0x17c	0x278e
0x278fV0x27adV0x30afV0x365fV0xd3aV0xc73V0x17c	0x0
0x2790V0x27adV0x30afV0x365fV0xd3aV0xc73V0x17c	0xffffffffffffffffffffffffffffffffffffffff
0x3730V0xe0e0xd3aV0xc73V0x17c	0x3737
0x3733V0xe0e0xd3aV0xc73V0x17c	0x9365
0x3739V0xe0e0xd3aV0xc73V0x17c	0x0
0x373aV0xe0e0xd3aV0xc73V0x17c	0x3745
0x3741V0xe0e0xd3aV0xc73V0x17c	0x370f
0x9366V0xe0e0xd3aV0xc73V0x17c	0x0
0x9367V0xe0e0xd3aV0xc73V0x17c	0x0
0x3724V0xe0e0xd3aV0xc73V0x17c	0x0
0x3725V0xe0e0xd3aV0xc73V0x17c	0x20
0x372cV0xe0e0xd3aV0xc73V0x17c	0x3738
0x3710V0x3738V0xe0e0xd3aV0xc73V0x17c	0x0
0x3715V0x3738V0xe0e0xd3aV0xc73V0x17c	0x371d
0x3719V0x3738V0xe0e0xd3aV0xc73V0x17c	0x36f9
0x3709V0x370fV0x3738V0xe0e0xd3aV0xc73V0x17c	0x0
0x370aV0x370fV0x3738V0xe0e0xd3aV0xc73V0x17c	0x0
0x3705V0x370fV0x3738V0xe0e0xd3aV0xc73V0x17c	0x370c
0x36faV0x370fV0x3738V0xe0e0xd3aV0xc73V0x17c	0x3702
0x36feV0x370fV0x3738V0xe0e0xd3aV0xc73V0x17c	0x36ee
0x36efV0x36f9V0x370fV0x3738V0xe0e0xd3aV0xc73V0x17c	0x0
0xd3a0xe57V0xcf3V0x17c	0x4
0xd3a0xe52V0xcf3V0x17c	0x40
0xd3a0xe4fV0xcf3V0x17c	0x4
0xd3a0xe2cV0xcf3V0x17c	0x90b8ec1800000000000000000000000000000000000000000000000000000000
0xd3a0xe29V0xcf3V0x17c	0x40
0xd3a0xdeeV0xcf3V0x17c	0xdf7
0xd3a0xde9V0xcf3V0x17c	0x20
0xd3a0xde8V0xcf3V0x17c	0x0
0xd3a0xde1V0xcf3V0x17c	0x40
0xd3a0xddaV0xcf3V0x17c	0x3f
0xd3a0xdd9V0xcf3V0x17c	0xffffffffffffffffffffffffffffffffffffffffffffffffffffffffffffffe0
0xd3a0xdd7V0xcf3V0x17c	0x1f
0xd3a0xdd2V0xcf3V0x17c	0x40
0xd3bV0xcf3V0x17c	0x0
0xd3cV0xcf3V0x17c	0x0
0xd3eV0xcf3V0x17c	0xffffffffffffffffffffffffffffffffffffffff
0xd54V0xcf3V0x17c	0xa9059cbb
0xd5bV0xcf3V0x17c	0x40
0xd5eV0xcf3V0x17c	0x24
0xd61V0xcf3V0x17c	0xd6b
0xd67V0xcf3V0x17c	0x365f
0xd3a0xe19V0xcf3V0x17c	0xe22
0xd3a0xe1eV0xcf3V0x17c	0x3723
0xd3a0xe11V0xcf3V0x17c	0x20
0xd3a0xe25V0xcf3V0x17c	0xe5a
0xd3a0xe0aV0xcf3V0x17c	0xe23
0xd3a0xe05V0xcf3V0x17c	0x0
0xd3a0xe00V0xcf3V0x17c	0xe24
0xd3a0xdceV0xcf3V0x17c	0xdf2
0xd3a0xdcbV0xcf3V0x17c	0x0
0xd3a0xdc2V0xcf3V0x17c	0x0
0xd3a0xdc0V0xcf3V0x17c	0x44
0xd3a0xdbbV0xcf3V0x17c	0x40
0xd3a0xdbaV0xcf3V0x17c	0x0
0xd3a0xdb0V0xcf3V0x17c	0xdb9
0xd3a0xdb5V0xcf3V0x17c	0x36d8
0xd3a0xdadV0xcf3V0x17c	0x40
0xd3a0xd85V0xcf3V0x17c	0xffffffffffffffffffffffffffffffffffffffffffffffffffffffff
0xd3a0xd7fV0xcf3V0x17c	0x20
0xd3a0xd7eV0xcf3V0x17c	0xa9059cbb00000000000000000000000000000000000000000000000000000000
0xd3a0xd7cV0xcf3V0x17c	0xe0
0xd3a0xd78V0xcf3V0x17c	0x40
0xd3a0xd74V0xcf3V0x17c	0x44
0xd3a0xd73V0xcf3V0x17c	0x64
0xd3a0xd6fV0xcf3V0x17c	0x20
0xd3a0xd6cV0xcf3V0x17c	0x40
0xd3a0xdf3V0xcf3V0x17c	0x60
0x36d9V0xd6b0xd3aV0xcf3V0x17c	0x0
0x36daV0xd6b0xd3aV0xcf3V0x17c	0x36e3
0x36dfV0xd6b0xd3aV0xcf3V0x17c	0x36a8
0x36b3V0xd6b0xd3aV0xcf3V0x17c	0x36bc
0x36b8V0xd6b0xd3aV0xcf3V0x17c	0x3690
0x36bfV0xd6b0xd3aV0xcf3V0x17c	0x36cc
0x36c4V0xd6b0xd3aV0xcf3V0x17c	0x20
0x36c8V0xd6b0xd3aV0xcf3V0x17c	0x369a
0x36a9V0xd6b0xd3aV0xcf3V0x17c	0x0
0x36aaV0xd6b0xd3aV0xcf3V0x17c	0x36b2
0x36aeV0xd6b0xd3aV0xcf3V0x17c	0x3686
0x3691V0x36b2V0xd6b0xd3aV0xcf3V0x17c	0x0
0x369fV0x36bcV0xd6b0xd3aV0xcf3V0x17c	0x0
0x3687V0x36a8V0xd6b0xd3aV0xcf3V0x17c	0x0
0x3689V0x36a8V0xd6b0xd3aV0xcf3V0x17c	0x44
0x3660V0xd3aV0xcf3V0x17c	0x0
0x3661V0xd3aV0xcf3V0x17c	0x40
0x3667V0xd3aV0xcf3V0x17c	0x3672
0x366aV0xd3aV0xcf3V0x17c	0x0
0x366eV0xd3aV0xcf3V0x17c	0x30af
0x3673V0xd3aV0xcf3V0x17c	0x367f
0x3676V0xd3aV0xcf3V0x17c	0x20
0x367bV0xd3aV0xcf3V0x17c	0x2841
0x2842V0x3672V0xd3aV0xcf3V0x17c	0x284a
0x2846V0x3672V0xd3aV0xcf3V0x17c	0x2838
0x2839V0x2841V0x3672V0xd3aV0xcf3V0x17c	0x0
0x30b0V0x365fV0xd3aV0xcf3V0x17c	0x30b8
0x30b4V0x365fV0xd3aV0xcf3V0x17c	0x27ad
0x27aeV0x30afV0x365fV0xd3aV0xcf3V0x17c	0x0
0x27afV0x30afV0x365fV0xd3aV0xcf3V0x17c	0x27b7
0x27b3V0x30afV0x365fV0xd3aV0xcf3V0x17c	0x278e
0x278fV0x27adV0x30afV0x365fV0xd3aV0xcf3V0x17c	0x0
0x2790V0x27adV0x30afV0x365fV0xd3aV0xcf3V0x17c	0xffffffffffffffffffffffffffffffffffffffff
0x3730V0xe0e0xd3aV0xcf3V0x17c	0x3737
0x3733V0xe0e0xd3aV0xcf3V0x17c	0x9365
0x3739V0xe0e0xd3aV0xcf3V0x17c	0x0
0x373aV0xe0e0xd3aV0xcf3V0x17c	0x3745
0x3741V0xe0e0xd3aV0xcf3V0x17c	0x370f
0x9366V0xe0e0xd3aV0xcf3V0x17c	0x0
0x9367V0xe0e0xd3aV0xcf3V0x17c	0x0
0x3724V0xe0e0xd3aV0xcf3V0x17c	0x0
0x3725V0xe0e0xd3aV0xcf3V0x17c	0x20
0x372cV0xe0e0xd3aV0xcf3V0x17c	0x3738
0x3710V0x3738V0xe0e0xd3aV0xcf3V0x17c	0x0
0x3715V0x3738V0xe0e0xd3aV0xcf3V0x17c	0x371d
0x3719V0x3738V0xe0e0xd3aV0xcf3V0x17c	0x36f9
0x3709V0x370fV0x3738V0xe0e0xd3aV0xcf3V0x17c	0x0
0x370aV0x370fV0x3738V0xe0e0xd3aV0xcf3V0x17c	0x0
0x3705V0x370fV0x3738V0xe0e0xd3aV0xcf3V0x17c	0x370c
0x36faV0x370fV0x3738V0xe0e0xd3aV0xcf3V0x17c	0x3702
0x36feV0x370fV0x3738V0xe0e0xd3aV0xcf3V0x17c	0x36ee
0x36efV0x36f9V0x370fV0x3738V0xe0e0xd3aV0xcf3V0x17c	0x0
0x2c05V0x2dd9V0x10e	0x2c0c
0x2c08V0x2dd9V0x10e	0x8e38
0x2c10V0x2dd9V0x10e	0x2c1d
0x2c15V0x2dd9V0x10e	0x20
0x2c19V0x2dd9V0x10e	0x2b91
0x8e39V0x2dd9V0x10e	0x0
0x8e3aV0x2dd9V0x10e	0x0
0x2bfaV0x2dd9V0x10e	0x0
0x2bfcV0x2dd9V0x10e	0x1f
0x2c01V0x2dd9V0x10e	0x2c0d
0x2b78V0x2c0dV0x2dd9V0x10e	0x2b7f
0x2b7bV0x2c0dV0x2dd9V0x10e	0x8dc9
0x2bbeV0x2c0dV0x2dd9V0x10e	0x2bc5
0x2bc1V0x2c0dV0x2dd9V0x10e	0x8e15
0x2b81V0x2c0dV0x2dd9V0x10e	0x20
0x2b87V0x2c0dV0x2dd9V0x10e	0x20
0x8dcaV0x2c0dV0x2dd9V0x10e	0x4e487b7100000000000000000000000000000000000000000000000000000000
0x8debV0x2c0dV0x2dd9V0x10e	0x0
0x8dedV0x2c0dV0x2dd9V0x10e	0x41
0x8defV0x2c0dV0x2dd9V0x10e	0x4
0x8df2V0x2c0dV0x2dd9V0x10e	0x24
0x8df4V0x2c0dV0x2dd9V0x10e	0x0
0x2baaV0x2c0dV0x2dd9V0x10e	0x20
0x2bb0V0x2c0dV0x2dd9V0x10e	0x20
0x2bbaV0x2c0dV0x2dd9V0x10e	0x2bc6
0x2b9fV0x2c0dV0x2dd9V0x10e	0x2a62
0x2b67V0x2c0dV0x2dd9V0x10e	0x0
0x2b68V0x2c0dV0x2dd9V0x10e	0xffffffffffffffff
0x2b74V0x2c0dV0x2dd9V0x10e	0x2b80
0x8e16V0x2c0dV0x2dd9V0x10e	0x0
0x8e17V0x2c0dV0x2dd9V0x10e	0x0
0x2bdeV0x2c0dV0x2dd9V0x10e	0x20
0x2be5V0x2c0dV0x2dd9V0x10e	0x20
0x2bebV0x2c0dV0x2dd9V0x10e	0x2bc8
0x2bcdV0x2c0dV0x2dd9V0x10e	0x2bef
0x2b92V0x2c0dV0x2dd9V0x10e	0x0
0x2b93V0x2c0dV0x2dd9V0x10e	0x2ba3
0x2b96V0x2c0dV0x2dd9V0x10e	0x2b9e
0x2b9aV0x2c0dV0x2dd9V0x10e	0x2b66
0x2bd2V0x2c0dV0x2dd9V0x10e	0x2bdb
0x2bd7V0x2c0dV0x2dd9V0x10e	0x27d4
0x27d5V0x2bd1V0x2c0dV0x2dd9V0x10e	0x0
0x27daV0x2bd1V0x2c0dV0x2dd9V0x10e	0x27e2
0x27deV0x2bd1V0x2c0dV0x2dd9V0x10e	0x27be
0x2a51V0x2b9eV0x2c0dV0x2dd9V0x10e	0x2a58
0x2a54V0x2b9eV0x2c0dV0x2dd9V0x10e	0x8ceb
0x2a40V0x2b9eV0x2c0dV0x2dd9V0x10e	0xffffffffffffffff
0x2a4dV0x2b9eV0x2c0dV0x2dd9V0x10e	0x2a59
0x2a5bV0x2b9eV0x2c0dV0x2dd9V0x10e	0x40
0x8cecV0x2b9eV0x2c0dV0x2dd9V0x10e	0x4e487b7100000000000000000000000000000000000000000000000000000000
0x8d0dV0x2b9eV0x2c0dV0x2dd9V0x10e	0x0
0x8d0fV0x2b9eV0x2c0dV0x2dd9V0x10e	0x41
0x8d11V0x2b9eV0x2c0dV0x2dd9V0x10e	0x4
0x8d14V0x2b9eV0x2c0dV0x2dd9V0x10e	0x24
0x8d16V0x2b9eV0x2c0dV0x2dd9V0x10e	0x0
0x2a6eV0x2b9eV0x2c0dV0x2dd9V0x10e	0x2a77
0x2a73V0x2b9eV0x2c0dV0x2dd9V0x10e	0x2a31
0x277eV0x2b9eV0x2c0dV0x2dd9V0x10e	0x0
0x277fV0x2b9eV0x2c0dV0x2dd9V0x10e	0x40
0x2a32V0x2b9eV0x2c0dV0x2dd9V0x10e	0x2a3a
0x2a36V0x2b9eV0x2c0dV0x2dd9V0x10e	0x29f4
0x2a63V0x2b9eV0x2c0dV0x2dd9V0x10e	0x0
0x2a64V0x2b9eV0x2c0dV0x2dd9V0x10e	0x2a6b
0x2a67V0x2b9eV0x2c0dV0x2dd9V0x10e	0x277d
0x29f5V0x2a31V0x2b9eV0x2c0dV0x2dd9V0x10e	0x0
0x29f6V0x2a31V0x2b9eV0x2c0dV0x2dd9V0x10e	0x1f
0x29f8V0x2a31V0x2b9eV0x2c0dV0x2dd9V0x10e	0xffffffffffffffffffffffffffffffffffffffffffffffffffffffffffffffe0
0x29f9V0x2a31V0x2b9eV0x2c0dV0x2dd9V0x10e	0x1f
0x27ceV0x27d4B0x2bd1V0x2c0dV0x2dd9V0x10e	0x0
0x27cfV0x27d4B0x2bd1V0x2c0dV0x2dd9V0x10e	0x0
0x27caV0x27d4B0x2bd1V0x2c0dV0x2dd9V0x10e	0x27d1
0x27bfV0x27d4B0x2bd1V0x2c0dV0x2dd9V0x10e	0x27c7
0x27c3V0x27d4B0x2bd1V0x2c0dV0x2dd9V0x10e	0x27ad
0x27aeV0x27beV0x27d4B0x2bd1V0x2c0dV0x2dd9V0x10e	0x0
0x27afV0x27beV0x27d4B0x2bd1V0x2c0dV0x2dd9V0x10e	0x27b7
0x27b3V0x27beV0x27d4B0x2bd1V0x2c0dV0x2dd9V0x10e	0x278e
0x278fV0x27adV0x27beV0x27d4B0x2bd1V0x2c0dV0x2dd9V0x10e	0x0
0x2790V0x27adV0x27beV0x27d4B0x2bd1V0x2c0dV0x2dd9V0x10e	0xffffffffffffffffffffffffffffffffffffffff
0x2d57V0x2e06V0x10e	0x2d5e
0x2d5aV0x2e06V0x10e	0x8eed
0x2d62V0x2e06V0x10e	0x2d6f
0x2d67V0x2e06V0x10e	0x20
0x2d6bV0x2e06V0x10e	0x2ce3
0x8eeeV0x2e06V0x10e	0x0
0x8eefV0x2e06V0x10e	0x0
0x2d4cV0x2e06V0x10e	0x0
0x2d4eV0x2e06V0x10e	0x1f
0x2d53V0x2e06V0x10e	0x2d5f
0x2c38V0x2d5fV0x2e06V0x10e	0x2c3f
0x2c3bV0x2d5fV0x2e06V0x10e	0x8e5b
0x2ca3V0x2d5fV0x2e06V0x10e	0x2caa
0x2ca6V0x2d5fV0x2e06V0x10e	0x8ea7
0x2d10V0x2d5fV0x2e06V0x10e	0x2d17
0x2d13V0x2d5fV0x2e06V0x10e	0x8eca
0x2c41V0x2d5fV0x2e06V0x10e	0x20
0x2c47V0x2d5fV0x2e06V0x10e	0x20
0x8e5cV0x2d5fV0x2e06V0x10e	0x4e487b7100000000000000000000000000000000000000000000000000000000
0x8e7dV0x2d5fV0x2e06V0x10e	0x0
0x8e7fV0x2d5fV0x2e06V0x10e	0x41
0x8e81V0x2d5fV0x2e06V0x10e	0x4
0x8e84V0x2d5fV0x2e06V0x10e	0x24
0x8e86V0x2d5fV0x2e06V0x10e	0x0
0x2cacV0x2d5fV0x2e06V0x10e	0x2cb5
0x2cafV0x2d5fV0x2e06V0x10e	0x40
0x2cb1V0x2d5fV0x2e06V0x10e	0x2a62
0x8ea8V0x2d5fV0x2e06V0x10e	0x0
0x8ea9V0x2d5fV0x2e06V0x10e	0x0
0x2cb8V0x2d5fV0x2e06V0x10e	0x0
0x2cb9V0x2d5fV0x2e06V0x10e	0x2cc4
0x2cc0V0x2d5fV0x2e06V0x10e	0x27d4
0x2cc5V0x2d5fV0x2e06V0x10e	0x0
0x2ccaV0x2d5fV0x2e06V0x10e	0x20
0x2cccV0x2d5fV0x2e06V0x10e	0x2cd7
0x2cd3V0x2d5fV0x2e06V0x10e	0x2c82
0x2cd8V0x2d5fV0x2e06V0x10e	0x20
0x2cfcV0x2d5fV0x2e06V0x10e	0x20
0x2d02V0x2d5fV0x2e06V0x10e	0x40
0x2d0cV0x2d5fV0x2e06V0x10e	0x2d18
0x2cf1V0x2d5fV0x2e06V0x10e	0x2a62
0x2c27V0x2d5fV0x2e06V0x10e	0x0
0x2c28V0x2d5fV0x2e06V0x10e	0xffffffffffffffff
0x2c34V0x2d5fV0x2e06V0x10e	0x2c40
0x8ecbV0x2d5fV0x2e06V0x10e	0x0
0x8eccV0x2d5fV0x2e06V0x10e	0x0
0x2d30V0x2d5fV0x2e06V0x10e	0x20
0x2d37V0x2d5fV0x2e06V0x10e	0x40
0x2d3dV0x2d5fV0x2e06V0x10e	0x2d1a
0x2c97V0x2d5fV0x2e06V0x10e	0x0
0x2c98V0x2d5fV0x2e06V0x10e	0x40
0x2c9fV0x2d5fV0x2e06V0x10e	0x2cab
0x2d1fV0x2d5fV0x2e06V0x10e	0x2d41
0x2ce4V0x2d5fV0x2e06V0x10e	0x0
0x2ce5V0x2d5fV0x2e06V0x10e	0x2cf5
0x2ce8V0x2d5fV0x2e06V0x10e	0x2cf0
0x2cecV0x2d5fV0x2e06V0x10e	0x2c26
0x2d24V0x2d5fV0x2e06V0x10e	0x2d2d
0x2d29V0x2d5fV0x2e06V0x10e	0x2c96
0x27d5V0x2cb5V0x2d5fV0x2e06V0x10e	0x0
0x27daV0x2cb5V0x2d5fV0x2e06V0x10e	0x27e2
0x27deV0x2cb5V0x2d5fV0x2e06V0x10e	0x27be
0x2a51V0x2cabV0x2d5fV0x2e06V0x10e	0x2a58
0x2a54V0x2cabV0x2d5fV0x2e06V0x10e	0x8ceb
0x2a40V0x2cabV0x2d5fV0x2e06V0x10e	0xffffffffffffffff
0x2a4dV0x2cabV0x2d5fV0x2e06V0x10e	0x2a59
0x2a5bV0x2cabV0x2d5fV0x2e06V0x10e	0x40
0x8cecV0x2cabV0x2d5fV0x2e06V0x10e	0x4e487b7100000000000000000000000000000000000000000000000000000000
0x8d0dV0x2cabV0x2d5fV0x2e06V0x10e	0x0
0x8d0fV0x2cabV0x2d5fV0x2e06V0x10e	0x41
0x8d11V0x2cabV0x2d5fV0x2e06V0x10e	0x4
0x8d14V0x2cabV0x2d5fV0x2e06V0x10e	0x24
0x8d16V0x2cabV0x2d5fV0x2e06V0x10e	0x0
0x2a6eV0x2cabV0x2d5fV0x2e06V0x10e	0x2a77
0x2a73V0x2cabV0x2d5fV0x2e06V0x10e	0x2a31
0x277eV0x2cabV0x2d5fV0x2e06V0x10e	0x0
0x277fV0x2cabV0x2d5fV0x2e06V0x10e	0x40
0x2a32V0x2cabV0x2d5fV0x2e06V0x10e	0x2a3a
0x2a36V0x2cabV0x2d5fV0x2e06V0x10e	0x29f4
0x2a63V0x2cabV0x2d5fV0x2e06V0x10e	0x0
0x2a64V0x2cabV0x2d5fV0x2e06V0x10e	0x2a6b
0x2a67V0x2cabV0x2d5fV0x2e06V0x10e	0x277d
0x29f5V0x2a31V0x2cabV0x2d5fV0x2e06V0x10e	0x0
0x29f6V0x2a31V0x2cabV0x2d5fV0x2e06V0x10e	0x1f
0x29f8V0x2a31V0x2cabV0x2d5fV0x2e06V0x10e	0xffffffffffffffffffffffffffffffffffffffffffffffffffffffffffffffe0
0x29f9V0x2a31V0x2cabV0x2d5fV0x2e06V0x10e	0x1f
0x29fcV0x2a31V0x2cabV0x2d5fV0x2e06V0x10e	0x5f
0x29fdV0x2a31V0x2cabV0x2d5fV0x2e06V0x10e	0x40
0x2c83V0x2cc4V0x2d5fV0x2e06V0x10e	0x0
0x2c88V0x2cc4V0x2d5fV0x2e06V0x10e	0x2c90
0x2c8cV0x2cc4V0x2d5fV0x2e06V0x10e	0x2c6c
0x2c7cV0x2c82V0x2cc4V0x2d5fV0x2e06V0x10e	0x0
0x2c7dV0x2c82V0x2cc4V0x2d5fV0x2e06V0x10e	0x0
0x2c78V0x2c82V0x2cc4V0x2d5fV0x2e06V0x10e	0x2c7f
0x2c56V0x2c82V0x2cc4V0x2d5fV0x2e06V0x10e	0x0
0x2c57V0x2c82V0x2cc4V0x2d5fV0x2e06V0x10e	0xffffffffffffffffffffffff
0x2c6dV0x2c82V0x2cc4V0x2d5fV0x2e06V0x10e	0x2c75
0x2c71V0x2c82V0x2cc4V0x2d5fV0x2e06V0x10e	0x2c55
0x2a51V0x2cf0V0x2d5fV0x2e06V0x10e	0x2a58
0x2a54V0x2cf0V0x2d5fV0x2e06V0x10e	0x8ceb
0x2a40V0x2cf0V0x2d5fV0x2e06V0x10e	0xffffffffffffffff
0x2a4dV0x2cf0V0x2d5fV0x2e06V0x10e	0x2a59
0x2a5bV0x2cf0V0x2d5fV0x2e06V0x10e	0x40
0x8cecV0x2cf0V0x2d5fV0x2e06V0x10e	0x4e487b7100000000000000000000000000000000000000000000000000000000
0x8d0dV0x2cf0V0x2d5fV0x2e06V0x10e	0x0
0x8d0fV0x2cf0V0x2d5fV0x2e06V0x10e	0x41
0x8d11V0x2cf0V0x2d5fV0x2e06V0x10e	0x4
0x8d14V0x2cf0V0x2d5fV0x2e06V0x10e	0x24
0x8d16V0x2cf0V0x2d5fV0x2e06V0x10e	0x0
0x2a6eV0x2cf0V0x2d5fV0x2e06V0x10e	0x2a77
0x2a73V0x2cf0V0x2d5fV0x2e06V0x10e	0x2a31
0x277eV0x2cf0V0x2d5fV0x2e06V0x10e	0x0
0x277fV0x2cf0V0x2d5fV0x2e06V0x10e	0x40
0x2a32V0x2cf0V0x2d5fV0x2e06V0x10e	0x2a3a
0x2a36V0x2cf0V0x2d5fV0x2e06V0x10e	0x29f4
0x2a63V0x2cf0V0x2d5fV0x2e06V0x10e	0x0
0x2a64V0x2cf0V0x2d5fV0x2e06V0x10e	0x2a6b
0x2a67V0x2cf0V0x2d5fV0x2e06V0x10e	0x277d
0x29f5V0x2a31V0x2cf0V0x2d5fV0x2e06V0x10e	0x0
0x29f6V0x2a31V0x2cf0V0x2d5fV0x2e06V0x10e	0x1f
0x29f8V0x2a31V0x2cf0V0x2d5fV0x2e06V0x10e	0xffffffffffffffffffffffffffffffffffffffffffffffffffffffffffffffe0
0x29f9V0x2a31V0x2cf0V0x2d5fV0x2e06V0x10e	0x1f
0x27ceV0x27d4B0x2cb5V0x2d5fV0x2e06V0x10e	0x0
0x27cfV0x27d4B0x2cb5V0x2d5fV0x2e06V0x10e	0x0
0x27caV0x27d4B0x2cb5V0x2d5fV0x2e06V0x10e	0x27d1
0x27bfV0x27d4B0x2cb5V0x2d5fV0x2e06V0x10e	0x27c7
0x27c3V0x27d4B0x2cb5V0x2d5fV0x2e06V0x10e	0x27ad
0x27aeV0x27beV0x27d4B0x2cb5V0x2d5fV0x2e06V0x10e	0x0
0x27afV0x27beV0x27d4B0x2cb5V0x2d5fV0x2e06V0x10e	0x27b7
0x27b3V0x27beV0x27d4B0x2cb5V0x2d5fV0x2e06V0x10e	0x278e
0x278fV0x27adV0x27beV0x27d4B0x2cb5V0x2d5fV0x2e06V0x10e	0x0
0x2790V0x27adV0x27beV0x27d4B0x2cb5V0x2d5fV0x2e06V0x10e	0xffffffffffffffffffffffffffffffffffffffff
0x2c05V0x3609V0xa9e	0x2c0c
0x2c08V0x3609V0xa9e	0x8e38
0x2c10V0x3609V0xa9e	0x2c1d
0x2c15V0x3609V0xa9e	0x20
0x2c19V0x3609V0xa9e	0x2b91
0x8e39V0x3609V0xa9e	0x0
0x8e3aV0x3609V0xa9e	0x0
0x2bfaV0x3609V0xa9e	0x0
0x2bfcV0x3609V0xa9e	0x1f
0x2c01V0x3609V0xa9e	0x2c0d
0x2b78V0x2c0dV0x3609V0xa9e	0x2b7f
0x2b7bV0x2c0dV0x3609V0xa9e	0x8dc9
0x2bbeV0x2c0dV0x3609V0xa9e	0x2bc5
0x2bc1V0x2c0dV0x3609V0xa9e	0x8e15
0x2b81V0x2c0dV0x3609V0xa9e	0x20
0x2b87V0x2c0dV0x3609V0xa9e	0x20
0x8dcaV0x2c0dV0x3609V0xa9e	0x4e487b7100000000000000000000000000000000000000000000000000000000
0x8debV0x2c0dV0x3609V0xa9e	0x0
0x8dedV0x2c0dV0x3609V0xa9e	0x41
0x8defV0x2c0dV0x3609V0xa9e	0x4
0x8df2V0x2c0dV0x3609V0xa9e	0x24
0x8df4V0x2c0dV0x3609V0xa9e	0x0
0x2baaV0x2c0dV0x3609V0xa9e	0x20
0x2bb0V0x2c0dV0x3609V0xa9e	0x20
0x2bbaV0x2c0dV0x3609V0xa9e	0x2bc6
0x2b9fV0x2c0dV0x3609V0xa9e	0x2a62
0x2b67V0x2c0dV0x3609V0xa9e	0x0
0x2b68V0x2c0dV0x3609V0xa9e	0xffffffffffffffff
0x2b74V0x2c0dV0x3609V0xa9e	0x2b80
0x8e16V0x2c0dV0x3609V0xa9e	0x0
0x8e17V0x2c0dV0x3609V0xa9e	0x0
0x2bdeV0x2c0dV0x3609V0xa9e	0x20
0x2be5V0x2c0dV0x3609V0xa9e	0x20
0x2bebV0x2c0dV0x3609V0xa9e	0x2bc8
0x2bcdV0x2c0dV0x3609V0xa9e	0x2bef
0x2b92V0x2c0dV0x3609V0xa9e	0x0
0x2b93V0x2c0dV0x3609V0xa9e	0x2ba3
0x2b96V0x2c0dV0x3609V0xa9e	0x2b9e
0x2b9aV0x2c0dV0x3609V0xa9e	0x2b66
0x2bd2V0x2c0dV0x3609V0xa9e	0x2bdb
0x2bd7V0x2c0dV0x3609V0xa9e	0x27d4
0x27d5V0x2bd1V0x2c0dV0x3609V0xa9e	0x0
0x27daV0x2bd1V0x2c0dV0x3609V0xa9e	0x27e2
0x27deV0x2bd1V0x2c0dV0x3609V0xa9e	0x27be
0x2a51V0x2b9eV0x2c0dV0x3609V0xa9e	0x2a58
0x2a54V0x2b9eV0x2c0dV0x3609V0xa9e	0x8ceb
0x2a40V0x2b9eV0x2c0dV0x3609V0xa9e	0xffffffffffffffff
0x2a4dV0x2b9eV0x2c0dV0x3609V0xa9e	0x2a59
0x2a5bV0x2b9eV0x2c0dV0x3609V0xa9e	0x40
0x8cecV0x2b9eV0x2c0dV0x3609V0xa9e	0x4e487b7100000000000000000000000000000000000000000000000000000000
0x8d0dV0x2b9eV0x2c0dV0x3609V0xa9e	0x0
0x8d0fV0x2b9eV0x2c0dV0x3609V0xa9e	0x41
0x8d11V0x2b9eV0x2c0dV0x3609V0xa9e	0x4
0x8d14V0x2b9eV0x2c0dV0x3609V0xa9e	0x24
0x8d16V0x2b9eV0x2c0dV0x3609V0xa9e	0x0
0x2a6eV0x2b9eV0x2c0dV0x3609V0xa9e	0x2a77
0x2a73V0x2b9eV0x2c0dV0x3609V0xa9e	0x2a31
0x277eV0x2b9eV0x2c0dV0x3609V0xa9e	0x0
0x277fV0x2b9eV0x2c0dV0x3609V0xa9e	0x40
0x2a32V0x2b9eV0x2c0dV0x3609V0xa9e	0x2a3a
0x2a36V0x2b9eV0x2c0dV0x3609V0xa9e	0x29f4
0x2a63V0x2b9eV0x2c0dV0x3609V0xa9e	0x0
0x2a64V0x2b9eV0x2c0dV0x3609V0xa9e	0x2a6b
0x2a67V0x2b9eV0x2c0dV0x3609V0xa9e	0x277d
0x29f5V0x2a31V0x2b9eV0x2c0dV0x3609V0xa9e	0x0
0x29f6V0x2a31V0x2b9eV0x2c0dV0x3609V0xa9e	0x1f
0x29f8V0x2a31V0x2b9eV0x2c0dV0x3609V0xa9e	0xffffffffffffffffffffffffffffffffffffffffffffffffffffffffffffffe0
0x29f9V0x2a31V0x2b9eV0x2c0dV0x3609V0xa9e	0x1f
0x27ceV0x27d4B0x2bd1V0x2c0dV0x3609V0xa9e	0x0
0x27cfV0x27d4B0x2bd1V0x2c0dV0x3609V0xa9e	0x0
0x27caV0x27d4B0x2bd1V0x2c0dV0x3609V0xa9e	0x27d1
0x27bfV0x27d4B0x2bd1V0x2c0dV0x3609V0xa9e	0x27c7
0x27c3V0x27d4B0x2bd1V0x2c0dV0x3609V0xa9e	0x27ad
0x27aeV0x27beV0x27d4B0x2bd1V0x2c0dV0x3609V0xa9e	0x0
0x27afV0x27beV0x27d4B0x2bd1V0x2c0dV0x3609V0xa9e	0x27b7
0x27b3V0x27beV0x27d4B0x2bd1V0x2c0dV0x3609V0xa9e	0x278e
0x278fV0x27adV0x27beV0x27d4B0x2bd1V0x2c0dV0x3609V0xa9e	0x0
0x2790V0x27adV0x27beV0x27d4B0x2bd1V0x2c0dV0x3609V0xa9e	0xffffffffffffffffffffffffffffffffffffffff
0x2d57V0x3636V0xa9e	0x2d5e
0x2d5aV0x3636V0xa9e	0x8eed
0x2d62V0x3636V0xa9e	0x2d6f
0x2d67V0x3636V0xa9e	0x20
0x2d6bV0x3636V0xa9e	0x2ce3
0x8eeeV0x3636V0xa9e	0x0
0x8eefV0x3636V0xa9e	0x0
0x2d4cV0x3636V0xa9e	0x0
0x2d4eV0x3636V0xa9e	0x1f
0x2d53V0x3636V0xa9e	0x2d5f
0x2c38V0x2d5fV0x3636V0xa9e	0x2c3f
0x2c3bV0x2d5fV0x3636V0xa9e	0x8e5b
0x2ca3V0x2d5fV0x3636V0xa9e	0x2caa
0x2ca6V0x2d5fV0x3636V0xa9e	0x8ea7
0x2d10V0x2d5fV0x3636V0xa9e	0x2d17
0x2d13V0x2d5fV0x3636V0xa9e	0x8eca
0x2c41V0x2d5fV0x3636V0xa9e	0x20
0x2c47V0x2d5fV0x3636V0xa9e	0x20
0x8e5cV0x2d5fV0x3636V0xa9e	0x4e487b7100000000000000000000000000000000000000000000000000000000
0x8e7dV0x2d5fV0x3636V0xa9e	0x0
0x8e7fV0x2d5fV0x3636V0xa9e	0x41
0x8e81V0x2d5fV0x3636V0xa9e	0x4
0x8e84V0x2d5fV0x3636V0xa9e	0x24
0x8e86V0x2d5fV0x3636V0xa9e	0x0
0x2cacV0x2d5fV0x3636V0xa9e	0x2cb5
0x2cafV0x2d5fV0x3636V0xa9e	0x40
0x2cb1V0x2d5fV0x3636V0xa9e	0x2a62
0x8ea8V0x2d5fV0x3636V0xa9e	0x0
0x8ea9V0x2d5fV0x3636V0xa9e	0x0
0x2cb8V0x2d5fV0x3636V0xa9e	0x0
0x2cb9V0x2d5fV0x3636V0xa9e	0x2cc4
0x2cc0V0x2d5fV0x3636V0xa9e	0x27d4
0x2cc5V0x2d5fV0x3636V0xa9e	0x0
0x2ccaV0x2d5fV0x3636V0xa9e	0x20
0x2cccV0x2d5fV0x3636V0xa9e	0x2cd7
0x2cd3V0x2d5fV0x3636V0xa9e	0x2c82
0x2cd8V0x2d5fV0x3636V0xa9e	0x20
0x2cfcV0x2d5fV0x3636V0xa9e	0x20
0x2d02V0x2d5fV0x3636V0xa9e	0x40
0x2d0cV0x2d5fV0x3636V0xa9e	0x2d18
0x2cf1V0x2d5fV0x3636V0xa9e	0x2a62
0x2c27V0x2d5fV0x3636V0xa9e	0x0
0x2c28V0x2d5fV0x3636V0xa9e	0xffffffffffffffff
0x2c34V0x2d5fV0x3636V0xa9e	0x2c40
0x8ecbV0x2d5fV0x3636V0xa9e	0x0
0x8eccV0x2d5fV0x3636V0xa9e	0x0
0x2d30V0x2d5fV0x3636V0xa9e	0x20
0x2d37V0x2d5fV0x3636V0xa9e	0x40
0x2d3dV0x2d5fV0x3636V0xa9e	0x2d1a
0x2c97V0x2d5fV0x3636V0xa9e	0x0
0x2c98V0x2d5fV0x3636V0xa9e	0x40
0x2c9fV0x2d5fV0x3636V0xa9e	0x2cab
0x2d1fV0x2d5fV0x3636V0xa9e	0x2d41
0x2ce4V0x2d5fV0x3636V0xa9e	0x0
0x2ce5V0x2d5fV0x3636V0xa9e	0x2cf5
0x2ce8V0x2d5fV0x3636V0xa9e	0x2cf0
0x2cecV0x2d5fV0x3636V0xa9e	0x2c26
0x2d24V0x2d5fV0x3636V0xa9e	0x2d2d
0x2d29V0x2d5fV0x3636V0xa9e	0x2c96
0x27d5V0x2cb5V0x2d5fV0x3636V0xa9e	0x0
0x27daV0x2cb5V0x2d5fV0x3636V0xa9e	0x27e2
0x27deV0x2cb5V0x2d5fV0x3636V0xa9e	0x27be
0x2a51V0x2cabV0x2d5fV0x3636V0xa9e	0x2a58
0x2a54V0x2cabV0x2d5fV0x3636V0xa9e	0x8ceb
0x2a40V0x2cabV0x2d5fV0x3636V0xa9e	0xffffffffffffffff
0x2a4dV0x2cabV0x2d5fV0x3636V0xa9e	0x2a59
0x2a5bV0x2cabV0x2d5fV0x3636V0xa9e	0x40
0x8cecV0x2cabV0x2d5fV0x3636V0xa9e	0x4e487b7100000000000000000000000000000000000000000000000000000000
0x8d0dV0x2cabV0x2d5fV0x3636V0xa9e	0x0
0x8d0fV0x2cabV0x2d5fV0x3636V0xa9e	0x41
0x8d11V0x2cabV0x2d5fV0x3636V0xa9e	0x4
0x8d14V0x2cabV0x2d5fV0x3636V0xa9e	0x24
0x8d16V0x2cabV0x2d5fV0x3636V0xa9e	0x0
0x2a6eV0x2cabV0x2d5fV0x3636V0xa9e	0x2a77
0x2a73V0x2cabV0x2d5fV0x3636V0xa9e	0x2a31
0x277eV0x2cabV0x2d5fV0x3636V0xa9e	0x0
0x277fV0x2cabV0x2d5fV0x3636V0xa9e	0x40
0x2a32V0x2cabV0x2d5fV0x3636V0xa9e	0x2a3a
0x2a36V0x2cabV0x2d5fV0x3636V0xa9e	0x29f4
0x2a63V0x2cabV0x2d5fV0x3636V0xa9e	0x0
0x2a64V0x2cabV0x2d5fV0x3636V0xa9e	0x2a6b
0x2a67V0x2cabV0x2d5fV0x3636V0xa9e	0x277d
0x29f5V0x2a31V0x2cabV0x2d5fV0x3636V0xa9e	0x0
0x29f6V0x2a31V0x2cabV0x2d5fV0x3636V0xa9e	0x1f
0x29f8V0x2a31V0x2cabV0x2d5fV0x3636V0xa9e	0xffffffffffffffffffffffffffffffffffffffffffffffffffffffffffffffe0
0x29f9V0x2a31V0x2cabV0x2d5fV0x3636V0xa9e	0x1f
0x29fcV0x2a31V0x2cabV0x2d5fV0x3636V0xa9e	0x5f
0x29fdV0x2a31V0x2cabV0x2d5fV0x3636V0xa9e	0x40
0x2c83V0x2cc4V0x2d5fV0x3636V0xa9e	0x0
0x2c88V0x2cc4V0x2d5fV0x3636V0xa9e	0x2c90
0x2c8cV0x2cc4V0x2d5fV0x3636V0xa9e	0x2c6c
0x2c7cV0x2c82V0x2cc4V0x2d5fV0x3636V0xa9e	0x0
0x2c7dV0x2c82V0x2cc4V0x2d5fV0x3636V0xa9e	0x0
0x2c78V0x2c82V0x2cc4V0x2d5fV0x3636V0xa9e	0x2c7f
0x2c56V0x2c82V0x2cc4V0x2d5fV0x3636V0xa9e	0x0
0x2c57V0x2c82V0x2cc4V0x2d5fV0x3636V0xa9e	0xffffffffffffffffffffffff
0x2c6dV0x2c82V0x2cc4V0x2d5fV0x3636V0xa9e	0x2c75
0x2c71V0x2c82V0x2cc4V0x2d5fV0x3636V0xa9e	0x2c55
0x2a51V0x2cf0V0x2d5fV0x3636V0xa9e	0x2a58
0x2a54V0x2cf0V0x2d5fV0x3636V0xa9e	0x8ceb
0x2a40V0x2cf0V0x2d5fV0x3636V0xa9e	0xffffffffffffffff
0x2a4dV0x2cf0V0x2d5fV0x3636V0xa9e	0x2a59
0x2a5bV0x2cf0V0x2d5fV0x3636V0xa9e	0x40
0x8cecV0x2cf0V0x2d5fV0x3636V0xa9e	0x4e487b7100000000000000000000000000000000000000000000000000000000
0x8d0dV0x2cf0V0x2d5fV0x3636V0xa9e	0x0
0x8d0fV0x2cf0V0x2d5fV0x3636V0xa9e	0x41
0x8d11V0x2cf0V0x2d5fV0x3636V0xa9e	0x4
0x8d14V0x2cf0V0x2d5fV0x3636V0xa9e	0x24
0x8d16V0x2cf0V0x2d5fV0x3636V0xa9e	0x0
0x2a6eV0x2cf0V0x2d5fV0x3636V0xa9e	0x2a77
0x2a73V0x2cf0V0x2d5fV0x3636V0xa9e	0x2a31
0x277eV0x2cf0V0x2d5fV0x3636V0xa9e	0x0
0x277fV0x2cf0V0x2d5fV0x3636V0xa9e	0x40
0x2a32V0x2cf0V0x2d5fV0x3636V0xa9e	0x2a3a
0x2a36V0x2cf0V0x2d5fV0x3636V0xa9e	0x29f4
0x2a63V0x2cf0V0x2d5fV0x3636V0xa9e	0x0
0x2a64V0x2cf0V0x2d5fV0x3636V0xa9e	0x2a6b
0x2a67V0x2cf0V0x2d5fV0x3636V0xa9e	0x277d
0x29f5V0x2a31V0x2cf0V0x2d5fV0x3636V0xa9e	0x0
0x29f6V0x2a31V0x2cf0V0x2d5fV0x3636V0xa9e	0x1f
0x29f8V0x2a31V0x2cf0V0x2d5fV0x3636V0xa9e	0xffffffffffffffffffffffffffffffffffffffffffffffffffffffffffffffe0
0x29f9V0x2a31V0x2cf0V0x2d5fV0x3636V0xa9e	0x1f
0x27ceV0x27d4B0x2cb5V0x2d5fV0x3636V0xa9e	0x0
0x27cfV0x27d4B0x2cb5V0x2d5fV0x3636V0xa9e	0x0
0x27caV0x27d4B0x2cb5V0x2d5fV0x3636V0xa9e	0x27d1
0x27bfV0x27d4B0x2cb5V0x2d5fV0x3636V0xa9e	0x27c7
0x27c3V0x27d4B0x2cb5V0x2d5fV0x3636V0xa9e	0x27ad
0x27aeV0x27beV0x27d4B0x2cb5V0x2d5fV0x3636V0xa9e	0x0
0x27afV0x27beV0x27d4B0x2cb5V0x2d5fV0x3636V0xa9e	0x27b7
0x27b3V0x27beV0x27d4B0x2cb5V0x2d5fV0x3636V0xa9e	0x278e
0x278fV0x27adV0x27beV0x27d4B0x2cb5V0x2d5fV0x3636V0xa9e	0x0
0x2790V0x27adV0x27beV0x27d4B0x2cb5V0x2d5fV0x3636V0xa9e	0xffffffffffffffffffffffffffffffffffffffff
0x3873V0x38f8V0x3975	0x387d
0x3879V0x38f8V0x3975	0x3857
0x3848V0x38f8V0x3975	0x0
0x384cV0x38f8V0x3975	0x20
0x387eV0x38f8V0x3975	0x3886
0x3882V0x38f8V0x3975	0x29f4
0x38a3V0x38f8V0x3975	0x38ae
0x38a6V0x38f8V0x3975	0x0
0x38aaV0x38f8V0x3975	0x37b4
0x38b0V0x38f8V0x3975	0x38bc
0x38b3V0x38f8V0x3975	0x20
0x38b8V0x38f8V0x3975	0x37c3
0x37b5V0x38f8V0x3975	0x37bd
0x37b9V0x38f8V0x3975	0x37a3
0x38bdV0x38f8V0x3975	0x38c9
0x38c0V0x38f8V0x3975	0x20
0x38c5V0x38f8V0x3975	0x2e45
0x38cbV0x38f8V0x3975	0x38d7
0x38ceV0x38f8V0x3975	0x40
0x38d3V0x38f8V0x3975	0x37e5
0x38dbV0x38f8V0x3975	0x40
0x38e0V0x38f8V0x3975	0x38ea
0x38e6V0x38f8V0x3975	0x3865
0x3866V0x38f8V0x3975	0x0
0x3867V0x38f8V0x3975	0x3870
0x386cV0x38f8V0x3975	0x3847
0x3892V0x38f8V0x3975	0x0
0x3893V0x38f8V0x3975	0x60
0x3897V0x38f8V0x3975	0x38a2
0x389aV0x38f8V0x3975	0x0
0x389eV0x38f8V0x3975	0x3767
0x385cV0x3870V0x38f8V0x3975	0x0
0x29f5V0x387dV0x38f8V0x3975	0x0
0x29f6V0x387dV0x38f8V0x3975	0x1f
0x29f8V0x387dV0x38f8V0x3975	0xffffffffffffffffffffffffffffffffffffffffffffffffffffffffffffffe0
0x29f9V0x387dV0x38f8V0x3975	0x1f
0x37f9V0x38c9V0x38f8V0x3975	0x3800
0x37fcV0x38c9V0x38f8V0x3975	0x93d4
0x3821V0x38c9V0x38f8V0x3975	0x3828
0x3824V0x38c9V0x38f8V0x3975	0x37d9
0x3837V0x38c9V0x38f8V0x3975	0x383e
0x383aV0x38c9V0x38f8V0x3975	0x37dd
0x380bV0x38c9V0x38f8V0x3975	0x20
0x3811V0x38c9V0x38f8V0x3975	0xffffffffffffffff
0x381dV0x38c9V0x38f8V0x3975	0x3829
0x93d5V0x38c9V0x38f8V0x3975	0x0
0x93d6V0x38c9V0x38f8V0x3975	0x0
0x382aV0x38c9V0x38f8V0x3975	0x1
0x3833V0x38c9V0x38f8V0x3975	0x383f
0x37daV0x38c9V0x38f8V0x3975	0x0
0x37dbV0x38c9V0x38f8V0x3975	0x0
0x37deV0x38c9V0x38f8V0x3975	0x0
0x37dfV0x38c9V0x38f8V0x3975	0x0
0x37e6V0x38c9V0x38f8V0x3975	0x0
0x37e7V0x38c9V0x38f8V0x3975	0x0
0x37eaV0x38c9V0x38f8V0x3975	0x1
0x37ecV0x38c9V0x38f8V0x3975	0x20
0x37eeV0x38c9V0x38f8V0x3975	0x1f
0x37f5V0x38c9V0x38f8V0x3975	0x3801
0x2e46V0x38bcV0x38f8V0x3975	0x2e4e
0x2e4aV0x38bcV0x38f8V0x3975	0x2838
0x2839V0x2e45V0x38bcV0x38f8V0x3975	0x0
0x37c4V0x38aeV0x38f8V0x3975	0x0
0x37c5V0x38aeV0x38f8V0x3975	0x37d1
0x37c8V0x38aeV0x38f8V0x3975	0x20
0x37cdV0x38aeV0x38f8V0x3975	0x2abd
0x2abeV0x37c3V0x38aeV0x38f8V0x3975	0x0
0x2ac3V0x37c3V0x38aeV0x38f8V0x3975	0x2acb
0x2ac7V0x37c3V0x38aeV0x38f8V0x3975	0x2aa7
0x2ab7V0x2abdB0x37c3V0x38aeV0x38f8V0x3975	0x0
0x2ab8V0x2abdB0x37c3V0x38aeV0x38f8V0x3975	0x0
0x2ab3V0x2abdB0x37c3V0x38aeV0x38f8V0x3975	0x2aba
0x2aa8V0x2abdB0x37c3V0x38aeV0x38f8V0x3975	0x2ab0
0x2aacV0x2abdB0x37c3V0x38aeV0x38f8V0x3975	0x2838
0x2839V0x2aa7V0x2abdB0x37c3V0x38aeV0x38f8V0x3975	0x0
0x3768V0x3891V0x38f8V0x3975	0x0
0x3769V0x3891V0x38f8V0x3975	0x3775
0x376cV0x3891V0x38f8V0x3975	0x20
0x3771V0x3891V0x38f8V0x3975	0x335e
0x335fV0x3767V0x3891V0x38f8V0x3975	0x0
0x3364V0x3767V0x3891V0x38f8V0x3975	0x336c
0x3368V0x3767V0x3891V0x38f8V0x3975	0x334f
0x3358V0x335eV0x3767V0x3891V0x38f8V0x3975	0x0
0x3359V0x335eV0x3767V0x3891V0x38f8V0x3975	0x0
0x3350V0x335eV0x3767V0x3891V0x38f8V0x3975	0x3
0x3354V0x335eV0x3767V0x3891V0x38f8V0x3975	0x335b
0x37a4V0x37b4V0x38f8V0x3975	0x0
0x37a5V0x37b4V0x38f8V0x3975	0x37ad
0x37a9V0x37b4V0x38f8V0x3975	0x3791
0x3792V0x37a3V0x37b4V0x38f8V0x3975	0x0
0x3796V0x37a3V0x37b4V0x38f8V0x3975	0x379e
0x379aV0x37a3V0x37b4V0x38f8V0x3975	0x377d
0x3786V0x3791V0x37a3V0x37b4V0x38f8V0x3975	0x378d
0x3789V0x3791V0x37a3V0x37b4V0x38f8V0x3975	0x9388
0x9389V0x3791V0x37a3V0x37b4V0x38f8V0x3975	0x4e487b7100000000000000000000000000000000000000000000000000000000
0x93aaV0x3791V0x37a3V0x37b4V0x38f8V0x3975	0x0
0x93acV0x3791V0x37a3V0x37b4V0x38f8V0x3975	0x21
0x93aeV0x3791V0x37a3V0x37b4V0x38f8V0x3975	0x4
0x93b1V0x3791V0x37a3V0x37b4V0x38f8V0x3975	0x24
0x93b3V0x3791V0x37a3V0x37b4V0x38f8V0x3975	0x0
0x377eV0x3791V0x37a3V0x37b4V0x38f8V0x3975	0x3
0x3782V0x3791V0x37a3V0x37b4V0x38f8V0x3975	0x378e
