{
  "usenix_name_rule": {
    "M0": {
      "mean": 0.042621200339044915,
      "std": 0.04042146235419057,
      "folds": [
        0.013157894736842105,
        0.0273972602739726,
        0.041379310344827586,
        0.010752688172043012,
        0.12041884816753927
      ]
    },
    "M1": {
      "mean": 0.042621200339044915,
      "std": 0.04042146235419057,
      "folds": [
        0.013157894736842105,
        0.0273972602739726,
        0.041379310344827586,
        0.010752688172043012,
        0.12041884816753927
      ]
    },
    "M2": {
      "mean": 0.042621200339044915,
      "std": 0.04042146235419057,
      "folds": [
        0.013157894736842105,
        0.0273972602739726,
        0.041379310344827586,
        0.010752688172043012,
        0.12041884816753927
      ]
    },
    "M3": {
      "mean": 0.0,
      "std": 0.0,
      "folds": [
        0.0,
        0.0,
        0.0,
        0.0,
        0.0
      ]
    }
  },
  "usenix_struct_rule": {
    "M0": {
      "mean": 1.0,
      "std": 0.0,
      "folds": [
        1.0,
        1.0,
        1.0,
        1.0,
        1.0
      ]
    },
    "M1": {
      "mean": 1.0,
      "std": 0.0,
      "folds": [
        1.0,
        1.0,
        1.0,
        1.0,
        1.0
      ]
    },
    "M2": {
      "mean": 1.0,
      "std": 0.0,
      "folds": [
        1.0,
        1.0,
        1.0,
        1.0,
        1.0
      ]
    },
    "M3": {
      "mean": 1.0,
      "std": 0.0,
      "folds": [
        1.0,
        1.0,
        1.0,
        1.0,
        1.0
      ]
    }
  },
  "blocklist": {
    "M0": {
      "mean": 0.0,
      "std": 0.0,
      "folds": [
        0.0,
        0.0,
        0.0,
        0.0,
        0.0
      ]
    },
    "M1": {
      "mean": 0.0,
      "std": 0.0,
      "folds": [
        0.0,
        0.0,
        0.0,
        0.0,
        0.0
      ]
    },
    "M2": {
      "mean": 0.0,
      "std": 0.0,
      "folds": [
        0.0,
        0.0,
        0.0,
        0.0,
        0.0
      ]
    },
    "M3": {
      "mean": 0.0,
      "std": 0.0,
      "folds": [
        0.0,
        0.0,
        0.0,
        0.0,
        0.0
      ]
    }
  },
  "opcode_xgb": {
    "M0": {
      "mean": 0.5436879991847062,
      "std": 0.14415312971580438,
      "folds": [
        0.40131578947368424,
        0.6164383561643836,
        0.5655172413793104,
        0.7634408602150538,
        0.3717277486910995
      ]
    },
    "M1": {
      "mean": 0.6030432977315682,
      "std": 0.1605425892678711,
      "folds": [
        0.42105263157894735,
        0.678082191780822,
        0.7172413793103448,
        0.7956989247311828,
        0.4031413612565445
      ]
    },
    "M2": {
      "mean": 0.46301436285339975,
      "std": 0.1490959968914894,
      "folds": [
        0.29605263157894735,
        0.4178082191780822,
        0.6206896551724138,
        0.6559139784946236,
        0.32460732984293195
      ]
    },
    "M3": {
      "mean": 0.46301436285339975,
      "std": 0.1490959968914894,
      "folds": [
        0.29605263157894735,
        0.4178082191780822,
        0.6206896551724138,
        0.6559139784946236,
        0.32460732984293195
      ]
    }
  },
  "selector_model": {
    "M0": {
      "mean": 0.6179495159990568,
      "std": 0.10748369498851802,
      "folds": [
        0.506578947368421,
        0.6232876712328768,
        0.7310344827586207,
        0.7419354838709677,
        0.4869109947643979
      ]
    },
    "M1": {
      "mean": 0.6187957028590547,
      "std": 0.10107032840200744,
      "folds": [
        0.506578947368421,
        0.6506849315068494,
        0.7241379310344828,
        0.7204301075268817,
        0.49214659685863876
      ]
    },
    "M2": {
      "mean": 0.613910546294903,
      "std": 0.12073862302502388,
      "folds": [
        0.42105263157894735,
        0.6643835616438356,
        0.7241379310344828,
        0.7311827956989247,
        0.5287958115183246
      ]
    },
    "M3": {
      "mean": 0.6128634258760548,
      "std": 0.12149259931421297,
      "folds": [
        0.42105263157894735,
        0.6643835616438356,
        0.7241379310344828,
        0.7311827956989247,
        0.5235602094240838
      ]
    }
  },
  "authguard": {
    "M0": {
      "mean": 0.5757475117723504,
      "std": 0.14721099033212406,
      "folds": [
        0.46710526315789475,
        0.6438356164383562,
        0.7448275862068966,
        0.6774193548387096,
        0.34554973821989526
      ]
    },
    "M1": {
      "mean": 0.6075550236385593,
      "std": 0.1619186015553999,
      "folds": [
        0.4605263157894737,
        0.6575342465753424,
        0.7793103448275862,
        0.7634408602150538,
        0.3769633507853403
      ]
    },
    "M2": {
      "mean": 0.5300218388616996,
      "std": 0.1729036483485806,
      "folds": [
        0.4407894736842105,
        0.5958904109589042,
        0.6896551724137931,
        0.6881720430107527,
        0.2356020942408377
      ]
    },
    "M3": {
      "mean": 0.5300218388616996,
      "std": 0.1729036483485806,
      "folds": [
        0.4407894736842105,
        0.5958904109589042,
        0.6896551724137931,
        0.6881720430107527,
        0.2356020942408377
      ]
    }
  }
}