{
  "opcode_xgb": {
    "0.0": {
      "mean": 0.6030432977315682,
      "std": 0.1605425892678711,
      "folds": [
        0.42105263157894735,
        0.678082191780822,
        0.7172413793103448,
        0.7956989247311828,
        0.4031413612565445
      ]
    },
    "0.25": {
      "mean": 0.4264115139026572,
      "std": 0.1813434507663794,
      "folds": [
        0.21052631578947367,
        0.4520547945205479,
        0.6206896551724138,
        0.6236559139784946,
        0.225130890052356
      ]
    },
    "0.5": {
      "mean": 0.4095819542889017,
      "std": 0.14590481732318825,
      "folds": [
        0.27631578947368424,
        0.3972602739726027,
        0.5793103448275863,
        0.5698924731182796,
        0.225130890052356
      ]
    },
    "1.0": {
      "mean": 0.34170563225734596,
      "std": 0.11762929697592289,
      "folds": [
        0.29605263157894735,
        0.2328767123287671,
        0.42758620689655175,
        0.5268817204301075,
        0.225130890052356
      ]
    },
    "2.0": {
      "mean": 0.27859859721785324,
      "std": 0.11760097190604551,
      "folds": [
        0.25,
        0.2191780821917808,
        0.4482758620689655,
        0.3655913978494624,
        0.1099476439790576
      ]
    }
  },
  "authguard": {
    "0.0": {
      "mean": 0.6075550236385593,
      "std": 0.1619186015553999,
      "folds": [
        0.4605263157894737,
        0.6575342465753424,
        0.7793103448275862,
        0.7634408602150538,
        0.3769633507853403
      ]
    },
    "0.25": {
      "mean": 0.5265670449200333,
      "std": 0.1791887271969691,
      "folds": [
        0.39473684210526316,
        0.5821917808219178,
        0.7379310344827587,
        0.6666666666666666,
        0.2513089005235602
      ]
    },
    "0.5": {
      "mean": 0.4737400592916132,
      "std": 0.20077869195804346,
      "folds": [
        0.35526315789473684,
        0.4931506849315068,
        0.696551724137931,
        0.6666666666666666,
        0.15706806282722513
      ]
    },
    "1.0": {
      "mean": 0.2911720204741189,
      "std": 0.1296472817779438,
      "folds": [
        0.3092105263157895,
        0.3424657534246575,
        0.43448275862068964,
        0.3225806451612903,
        0.04712041884816754
      ]
    },
    "2.0": {
      "mean": 0.12953952659848272,
      "std": 0.08503957973931267,
      "folds": [
        0.07236842105263158,
        0.1643835616438356,
        0.25517241379310346,
        0.15053763440860216,
        0.005235602094240838
      ]
    }
  },
  "usenix_struct_rule": {
    "0.0": {
      "mean": 1.0,
      "std": 0.0,
      "folds": [
        1.0,
        1.0,
        1.0,
        1.0,
        1.0
      ]
    },
    "0.25": {
      "mean": 1.0,
      "std": 0.0,
      "folds": [
        1.0,
        1.0,
        1.0,
        1.0,
        1.0
      ]
    },
    "0.5": {
      "mean": 1.0,
      "std": 0.0,
      "folds": [
        1.0,
        1.0,
        1.0,
        1.0,
        1.0
      ]
    },
    "1.0": {
      "mean": 1.0,
      "std": 0.0,
      "folds": [
        1.0,
        1.0,
        1.0,
        1.0,
        1.0
      ]
    },
    "2.0": {
      "mean": 1.0,
      "std": 0.0,
      "folds": [
        1.0,
        1.0,
        1.0,
        1.0,
        1.0
      ]
    }
  },
  "usenix_name_rule": {
    "0.0": {
      "mean": 0.0,
      "std": 0.0,
      "folds": [
        0.0,
        0.0,
        0.0,
        0.0,
        0.0
      ]
    },
    "0.25": {
      "mean": 0.0,
      "std": 0.0,
      "folds": [
        0.0,
        0.0,
        0.0,
        0.0,
        0.0
      ]
    },
    "0.5": {
      "mean": 0.0,
      "std": 0.0,
      "folds": [
        0.0,
        0.0,
        0.0,
        0.0,
        0.0
      ]
    },
    "1.0": {
      "mean": 0.0,
      "std": 0.0,
      "folds": [
        0.0,
        0.0,
        0.0,
        0.0,
        0.0
      ]
    },
    "2.0": {
      "mean": 0.0,
      "std": 0.0,
      "folds": [
        0.0,
        0.0,
        0.0,
        0.0,
        0.0
      ]
    }
  }
}