0x0	0x0
0xf	0xd
0x4	0x0
0x8	0x0
0x3f	0x3e
0x2	0x0
0x5	0x0
0x7	0x0
0x9	0x0
0xd	0xd
0xe	0xd
0x11	0xd
0x13	0xd
0x18	0xd
0x19	0xd
0x1e	0x1d
0x23	0x1d
0x29	0x28
0x2e	0x28
0x34	0x33
0x39	0x33
0x44	0x3e
0x4a	0x49
0x4f	0x49
0x54	0x54
0x5a	0x58
0x5f	0x58
0x65	0x64
0x6a	0x64
0x70	0x6f
0x75	0x6f
0x7b	0x7a
0x80	0x7a
0x86	0x85
0x8b	0x85
0x90	0x90
0x95	0x94
0x96	0x94
0x9a	0x81e3
0x9d	0x81e3
0xa2	0xa1
0xa6	0xa6
0xa9	0xa6
0xb1	0xb0
0xb4	0xb0
0xb9	0xb8
0xbd	0xbd
0xc0	0xbd
0xc8	0xc7
0xcb	0xc7
0xce	0xc7
0xcf	0xc7
0xd1	0xc7
0xd3	0xc7
0xd8	0xc7
0xdd	0xdc
0xe4	0xe3
0xe7	0xe3
0xee	0xed
0xf0	0xed
0xf1	0xed
0xf5	0xf5
0xf6	0xf5
0xfa	0xf8
0xfd	0xf8
0x102	0x101
0x104	0x101
0x105	0x101
0x10a	0x101
0x10f	0x10e
0x111	0x10e
0x114	0x10e
0x118	0x117
0x11a	0x117
0x11b	0x117
0x11f	0x11f
0x120	0x11f
0x124	0x122
0x127	0x122
0x12e	0x12d
0x130	0x12d
0x131	0x12d
0x135	0x135
0x136	0x135
0x13a	0x138
0x13d	0x138
0x140	0x138
0x141	0x138
0x143	0x138
0x145	0x138
0x14a	0x138
0x14f	0x14e
0x156	0x155
0x158	0x155
0x159	0x155
0x15d	0x15d
0x15e	0x15d
0x162	0x160
0x165	0x160
0x168	0x160
0x169	0x160
0x16b	0x160
0x16d	0x160
0x172	0x160
0x177	0x176
0x17e	0x17d
0x180	0x17d
0x181	0x17d
0x185	0x185
0x186	0x185
0x18a	0x188
0x18d	0x188
0x192	0x191
0x194	0x191
0x195	0x191
0x19a	0x191
0x19f	0x19e
0x1a1	0x19e
0x1a4	0x19e
0x1a8	0x1a7
0x1aa	0x1a7
0x1ab	0x1a7
0x1af	0x1af
0x1b0	0x1af
0x1b4	0x1b2
0x1b7	0x1b2
0x1be	0x1bd
0x1c0	0x1bd
0x1c1	0x1bd
0x1c5	0x1c5
0x1c6	0x1c5
0x1ca	0x1c8
0x1cd	0x1c8
0x1d4	0x1d3
0x1d7	0x1d3
0x1da	0x1d3
0x1db	0x1d3
0x1dd	0x1d3
0x1df	0x1d3
0x1e4	0x1d3
0x1e9	0x1e8
0x205	0x204
0x206	0x204
0x21b	0x204
0x21c	0x204
0x23d	0x204
0x252	0x204
0x253	0x204
0x254	0x204
0x258	0x258
0x259	0x258
0x25c	0x258
0x25e	0x258
0x25f	0x258
0x260	0x258
0x264	0x264
0x265	0x264
0x286	0x264
0x29b	0x264
0x29d	0x264
0x29f	0x264
0x2a0	0x264
0x2a4	0x264
0x2a9	0x2a8
0x2aa	0x2a8
0x2ac	0x2a8
0x2af	0x2a8
0x2b3	0x2a8
0x2b4	0x2a8
0x2b9	0x2a8
0x2bb	0x2a8
0x2bd	0x2a8
0x2be	0x2a8
0x2c2	0x2c2
0x2c4	0x2c2
0x2c7	0x2c2
0x2c9	0x2c2
0x2ca	0x2c2
0x2cc	0x2c2
0x2cd	0x2c2
0x2ce	0x2c2
0x2d0	0x2c2
0x2d1	0x2c2
0x2d4	0x2c2
0x2d7	0x2c2
0x2d8	0x2c2
0x2d9	0x2c2
0x2dc	0x2c2
0x2de	0x2c2
0x2e3	0x2e2
0x2ec	0x2e7
0x30f	0x2e7
0x311	0x2e7
0x312	0x2e7
0x318	0x2e7
0x31d	0x31c
0x31f	0x31c
0x322	0x31c
0x74e	0x74d
0x74f	0x74d
0x775	0x774
0x796	0x774
0x7ab	0x774
0x7ac	0x774
0x7ad	0x774
0x7c2	0x774
0x7c3	0x774
0x7c4	0x774
0x7c8	0x7c8
0x7ca	0x7c8
0x7cb	0x7c8
0x7ee	0x7c8
0x7f0	0x7c8
0x7f1	0x7c8
0x7f5	0x7c8
0x7fa	0x7f9
0x7fc	0x7f9
0x7ff	0x7f9
0x803	0x802
0x806	0x802
0x80b	0x80a
0x82c	0x80a
0x82d	0x80a
0x82f	0x80a
0x830	0x80a
0x835	0x80a
0x83a	0x839
0x83c	0x839
0x83f	0x839
0x842	0x839
0x863	0x839
0x864	0x839
0x866	0x839
0x867	0x839
0x86c	0x839
0x871	0x870
0x873	0x870
0x876	0x870
0xcf0	0xcef
0xd11	0xcef
0xd26	0xcef
0xd27	0xcef
0xd28	0xcef
0xd3d	0xcef
0xd3e	0xcef
0xd3f	0xcef
0xd43	0xd43
0xd45	0xd43
0xd46	0xd43
0xd69	0xd43
0xd6b	0xd43
0xd6c	0xd43
0xd70	0xd43
0xd75	0xd74
0xd77	0xd74
0xd7a	0xd74
0xd7e	0xd7d
0xd81	0xd7d
0xd86	0xd85
0xda7	0xd85
0xda8	0xd85
0xdaa	0xd85
0xdab	0xd85
0xdb0	0xd85
0xdb5	0xdb4
0xdb7	0xdb4
0xdba	0xdb4
0xdbd	0xdb4
0xdde	0xdb4
0xddf	0xdb4
0xde1	0xdb4
0xde2	0xdb4
0xde7	0xdb4
0xdec	0xdeb
0xdee	0xdeb
0xdf1	0xdeb
0x1226	0x1225
0x1228	0x1225
0x1229	0x1225
0x122a	0x1225
0x122b	0x1225
0x122f	0x122f
0x1231	0x122f
0x1232	0x122f
0x1255	0x122f
0x1257	0x122f
0x1258	0x122f
0x125a	0x122f
0x125d	0x122f
0x1261	0x1260
0x1263	0x1260
0x1273	0x1272
0x1276	0x1272
0x127b	0x127a
0x127c	0x127a
0x127e	0x127a
0x127f	0x127a
0x1282	0x127a
0x1284	0x127a
0x1286	0x127a
0x1288	0x127a
0x1289	0x127a
0x128a	0x127a
0x128d	0x127a
0x128e	0x127a
0x128f	0x127a
0x1290	0x127a
0x1294	0x127a
0x12b5	0x127a
0x12b8	0x127a
0x12bd	0x12bc
0x12bf	0x12bc
0x12c0	0x12bc
0x12c5	0x12bc
0x12ca	0x12c9
0x12cc	0x12c9
0x12cf	0x12c9
0x12d4	0x12d3
0x12d9	0x12d3
0x12ee	0x12d3
0x12ef	0x12d3
0x12f6	0x12d3
0x12f8	0x12d3
0x12f9	0x12d3
0x12fb	0x12d3
0x12fc	0x12d3
0x1302	0x12d3
0x1307	0x1306
0x1309	0x1306
0x130a	0x1306
0x130e	0x1306
0x130f	0x1306
0x1313	0x1306
0x1318	0x1306
0x131a	0x1306
0x131b	0x1306
0x131e	0x1306
0x1320	0x1306
0x1321	0x1306
0x1341	0x1306
0x1342	0x1306
0x1349	0x1306
0x1353	0x1352
0x1356	0x1352
0x135b	0x135a
0x135e	0x135a
0x135f	0x135a
0x1362	0x135a
0x1364	0x135a
0x1366	0x135a
0x1368	0x135a
0x1369	0x135a
0x136a	0x135a
0x136d	0x135a
0x136e	0x135a
0x136f	0x135a
0x1370	0x135a
0x1374	0x135a
0x1395	0x135a
0x1398	0x135a
0x139d	0x139c
0x139f	0x139c
0x13a0	0x139c
0x13a5	0x139c
0x13aa	0x13a9
0x13ac	0x13a9
0x13af	0x13a9
0x40c4	0x326
0x81cd	0x1d
0x81cf	0x28
0x81d1	0x33
0x81d3	0x3e
0x81d5	0x49
0x81d7	0x58
0x81d9	0x64
0x81db	0x6f
0x81dd	0x7a
0x81df	0x85
0x81e1	0x81e1
0x81e5	0x81e4
0x81e8	0x81e7
0x81eb	0x81ea
0x81ee	0x81ed
0x81f1	0x81f0
0x81f4	0x81f3
0x81f7	0x81f6
0x81fa	0x81f9
0x81fd	0x81fc
0x8200	0x81ff
0x1f0S0xb0	0x1efB0xb0
0x1f1S0xb0	0x1efB0xb0
0x1f3S0xb0	0x1efB0xb0
0x1f5S0xb0	0x1efB0xb0
0x1f7S0xb0	0x1efB0xb0
0x1faS0xb0	0x1efB0xb0
0x1fcS0xb0	0x1efB0xb0
0x1fdS0xb0	0x1efB0xb0
0x1ffS0xb0	0x1efB0xb0
0x1f0S0x188	0x1efB0x188
0x1f1S0x188	0x1efB0x188
0x1f3S0x188	0x1efB0x188
0x1f5S0x188	0x1efB0x188
0x1f7S0x188	0x1efB0x188
0x1faS0x188	0x1efB0x188
0x1fcS0x188	0x1efB0x188
0x1fdS0x188	0x1efB0x188
0x1ffS0x188	0x1efB0x188
0x13f4S0x127a	0x13f3B0x127a
0x13f5S0x127a	0x13f3B0x127a
0x13f4S0x135a	0x13f3B0x135a
0x13f5S0x135a	0x13f3B0x135a
0x1f0S0x81e3	0x1efB0x81e3
0x1f1S0x81e3	0x1efB0x81e3
0x1f3S0x81e3	0x1efB0x81e3
0x1f5S0x81e3	0x1efB0x81e3
0x1f7S0x81e3	0x1efB0x81e3
0x1faS0x81e3	0x1efB0x81e3
0x1fcS0x81e3	0x1efB0x81e3
0x1fdS0x81e3	0x1efB0x81e3
0x1ffS0x81e3	0x1efB0x81e3
0x17cfS0x264	0x17ceB0x264
0x17d0S0x264	0x17ceB0x264
0x17d4S0x264	0x17ceB0x264
0x17bcS0x264	0x17b9B0x264
0x17c0S0x264	0x17b9B0x264
0x17c5S0x264	0x17c4B0x264
0x17c7S0x264	0x17c4B0x264
0x17afS0x264	0x17aeB0x264
0x17b0S0x264	0x17aeB0x264
0x17b3S0x264	0x17aeB0x264
0x17b5S0x264	0x17aeB0x264
0x17a2S0x17aeS0x264	0x17a1B0x17aeB0x264
0x18a2S0x7c8	0x18a1B0x7c8
0x18a3S0x7c8	0x18a1B0x7c8
0x18a6S0x7c8	0x18a1B0x7c8
0x18abS0x7c8	0x18a1B0x7c8
0x18acS0x7c8	0x18a1B0x7c8
0x18aeS0x7c8	0x18a1B0x7c8
0x18b0S0x7c8	0x18a1B0x7c8
0x18b4S0x7c8	0x18a1B0x7c8
0x188eS0x7c8	0x188bB0x7c8
0x1892S0x7c8	0x188bB0x7c8
0x1897S0x7c8	0x1896B0x7c8
0x189aS0x7c8	0x1896B0x7c8
0x1832S0x7c8	0x1831B0x7c8
0x1853S0x7c8	0x1831B0x7c8
0x1855S0x7c8	0x1831B0x7c8
0x1857S0x7c8	0x1831B0x7c8
0x1878S0x7c8	0x1831B0x7c8
0x187bS0x7c8	0x1831B0x7c8
0x1880S0x7c8	0x187fB0x7c8
0x1881S0x7c8	0x187fB0x7c8
0x1884S0x7c8	0x187fB0x7c8
0x1887S0x7c8	0x187fB0x7c8
0x1822S0x187fS0x7c8	0x1821B0x187fB0x7c8
0x1826S0x187fS0x7c8	0x1821B0x187fB0x7c8
0x1829S0x187fS0x7c8	0x1821B0x187fB0x7c8
0x18a2S0xd43	0x18a1B0xd43
0x18a3S0xd43	0x18a1B0xd43
0x18a6S0xd43	0x18a1B0xd43
0x18abS0xd43	0x18a1B0xd43
0x18acS0xd43	0x18a1B0xd43
0x18aeS0xd43	0x18a1B0xd43
0x18b0S0xd43	0x18a1B0xd43
0x18b4S0xd43	0x18a1B0xd43
0x188eS0xd43	0x188bB0xd43
0x1892S0xd43	0x188bB0xd43
0x1897S0xd43	0x1896B0xd43
0x189aS0xd43	0x1896B0xd43
0x1832S0xd43	0x1831B0xd43
0x1853S0xd43	0x1831B0xd43
0x1855S0xd43	0x1831B0xd43
0x1857S0xd43	0x1831B0xd43
0x1878S0xd43	0x1831B0xd43
0x187bS0xd43	0x1831B0xd43
0x1880S0xd43	0x187fB0xd43
0x1881S0xd43	0x187fB0xd43
0x1884S0xd43	0x187fB0xd43
0x1887S0xd43	0x187fB0xd43
0x1822S0x187fS0xd43	0x1821B0x187fB0xd43
0x1826S0x187fS0xd43	0x1821B0x187fB0xd43
0x1829S0x187fS0xd43	0x1821B0x187fB0xd43
0x16d7S0x191	0x16d6B0x191
0x16d8S0x191	0x16d6B0x191
0x16dbS0x191	0x16d6B0x191
0x16deS0x191	0x16d6B0x191
0x16e1S0x191	0x16d6B0x191
0x16e3S0x191	0x16d6B0x191
0x16e5S0x191	0x16d6B0x191
0x16bdS0x16d6S0x191	0x16bcB0x16d6B0x191
0x16bfS0x16d6S0x191	0x16bcB0x16d6B0x191
0x16c0S0x16d6S0x191	0x16bcB0x16d6B0x191
0x16c8S0x16d6S0x191	0x16c7B0x16d6B0x191
0x16ccS0x16d6S0x191	0x16c7B0x16d6B0x191
0x13c0S0x1272	0x13c0B0x1272
0x13c2S0x1272	0x13c0B0x1272
0x13c3S0x1272	0x13c0B0x1272
0x13e6S0x1272	0x13c0B0x1272
0x13e8S0x1272	0x13c0B0x1272
0x13e9S0x1272	0x13c0B0x1272
0x13ebS0x1272	0x13c0B0x1272
0x13eeS0x1272	0x13c0B0x1272
0x13b4S0x1272	0x13b3B0x1272
0x13b7S0x1272	0x13b3B0x1272
0x13bcS0x1272	0x13bbB0x1272
0x1f0S0x13b3S0x1272	0x1efB0x13b3B0x1272
0x1f1S0x13b3S0x1272	0x1efB0x13b3B0x1272
0x1f3S0x13b3S0x1272	0x1efB0x13b3B0x1272
0x1f5S0x13b3S0x1272	0x1efB0x13b3B0x1272
0x1f7S0x13b3S0x1272	0x1efB0x13b3B0x1272
0x1faS0x13b3S0x1272	0x1efB0x13b3B0x1272
0x1fcS0x13b3S0x1272	0x1efB0x13b3B0x1272
0x1fdS0x13b3S0x1272	0x1efB0x13b3B0x1272
0x1ffS0x13b3S0x1272	0x1efB0x13b3B0x1272
0x11f2S0x1352	0x11f2B0x1352
0x11f4S0x1352	0x11f2B0x1352
0x11f5S0x1352	0x11f2B0x1352
0x1218S0x1352	0x11f2B0x1352
0x121aS0x1352	0x11f2B0x1352
0x121bS0x1352	0x11f2B0x1352
0x121dS0x1352	0x11f2B0x1352
0x1220S0x1352	0x11f2B0x1352
0x11e5S0x1352	0x11e4B0x1352
0x11e8S0x1352	0x11e4B0x1352
0x11edS0x1352	0x11ecB0x1352
0x11eeS0x1352	0x11ecB0x1352
0x1f0S0x11e4S0x1352	0x1efB0x11e4B0x1352
0x1f1S0x11e4S0x1352	0x1efB0x11e4B0x1352
0x1f3S0x11e4S0x1352	0x1efB0x11e4B0x1352
0x1f5S0x11e4S0x1352	0x1efB0x11e4B0x1352
0x1f7S0x11e4S0x1352	0x1efB0x11e4B0x1352
0x1faS0x11e4S0x1352	0x1efB0x11e4B0x1352
0x1fcS0x11e4S0x1352	0x1efB0x11e4B0x1352
0x1fdS0x11e4S0x1352	0x1efB0x11e4B0x1352
0x1ffS0x11e4S0x1352	0x1efB0x11e4B0x1352
0x1563S0xc7	0x1563B0xc7
0x1566S0xc7	0x1563B0xc7
0x1580S0xc7	0x1580B0xc7
0x1583S0xc7	0x1580B0xc7
0x15afS0xc7	0x15afB0xc7
0x15b2S0xc7	0x15afB0xc7
0x1554S0xc7	0x1553B0xc7
0x1555S0xc7	0x1553B0xc7
0x1556S0xc7	0x1553B0xc7
0x1557S0xc7	0x1553B0xc7
0x1558S0xc7	0x1553B0xc7
0x155cS0xc7	0x1553B0xc7
0x155dS0xc7	0x1553B0xc7
0x155eS0xc7	0x1553B0xc7
0x155fS0xc7	0x1553B0xc7
0x156cS0xc7	0x156bB0xc7
0x156eS0xc7	0x156bB0xc7
0x156fS0xc7	0x156bB0xc7
0x1570S0xc7	0x156bB0xc7
0x157aS0xc7	0x156bB0xc7
0x157bS0xc7	0x156bB0xc7
0x157cS0xc7	0x156bB0xc7
0x3f63S0xc7	0x3f62B0xc7
0x3f64S0xc7	0x3f62B0xc7
0x1589S0xc7	0x1588B0xc7
0x158fS0xc7	0x1588B0xc7
0x1590S0xc7	0x1588B0xc7
0x3f86S0xc7	0x3f85B0xc7
0x3f87S0xc7	0x3f85B0xc7
0x159aS0xc7	0x1594B0xc7
0x159dS0xc7	0x1594B0xc7
0x159eS0xc7	0x1594B0xc7
0x159fS0xc7	0x1594B0xc7
0x15a9S0xc7	0x1594B0xc7
0x15aaS0xc7	0x1594B0xc7
0x15abS0xc7	0x1594B0xc7
0x15b8S0xc7	0x15b7B0xc7
0x15beS0xc7	0x15b7B0xc7
0x15bfS0xc7	0x15b7B0xc7
0x3fa9S0xc7	0x3fa8B0xc7
0x3faaS0xc7	0x3fa8B0xc7
0x14b6S0x1588S0xc7	0x14b6B0x1588B0xc7
0x14b9S0x1588S0xc7	0x14b6B0x1588B0xc7
0x14d3S0x1588S0xc7	0x14d3B0x1588B0xc7
0x14d6S0x1588S0xc7	0x14d3B0x1588B0xc7
0x14efS0x1588S0xc7	0x14efB0x1588B0xc7
0x14f2S0x1588S0xc7	0x14efB0x1588B0xc7
0x14c0S0x1588S0xc7	0x14beB0x1588B0xc7
0x14c3S0x1588S0xc7	0x14beB0x1588B0xc7
0x14cdS0x1588S0xc7	0x14beB0x1588B0xc7
0x14ceS0x1588S0xc7	0x14beB0x1588B0xc7
0x14cfS0x1588S0xc7	0x14beB0x1588B0xc7
0x3e91S0x1588S0xc7	0x3e90B0x1588B0xc7
0x3e92S0x1588S0xc7	0x3e90B0x1588B0xc7
0x14dcS0x1588S0xc7	0x14dbB0x1588B0xc7
0x14dfS0x1588S0xc7	0x14dbB0x1588B0xc7
0x14e3S0x1588S0xc7	0x14dbB0x1588B0xc7
0x14e6S0x1588S0xc7	0x14dbB0x1588B0xc7
0x14e8S0x1588S0xc7	0x14dbB0x1588B0xc7
0x14e9S0x1588S0xc7	0x14dbB0x1588B0xc7
0x14eaS0x1588S0xc7	0x14dbB0x1588B0xc7
0x14ebS0x1588S0xc7	0x14dbB0x1588B0xc7
0x3eb4S0x1588S0xc7	0x3eb3B0x1588B0xc7
0x3eb5S0x1588S0xc7	0x3eb3B0x1588B0xc7
0x3ed7S0x1588S0xc7	0x3ed6B0x1588B0xc7
0x3ed8S0x1588S0xc7	0x3ed6B0x1588B0xc7
0x14aaS0x1588S0xc7	0x14a9B0x1588B0xc7
0x14abS0x1588S0xc7	0x14a9B0x1588B0xc7
0x14adS0x1588S0xc7	0x14a9B0x1588B0xc7
0x14b0S0x1588S0xc7	0x14a9B0x1588B0xc7
0x14b1S0x1588S0xc7	0x14a9B0x1588B0xc7
0x14b2S0x1588S0xc7	0x14a9B0x1588B0xc7
0x150bS0x15b7S0xc7	0x150bB0x15b7B0xc7
0x150eS0x15b7S0xc7	0x150bB0x15b7B0xc7
0x1528S0x15b7S0xc7	0x1528B0x15b7B0xc7
0x152bS0x15b7S0xc7	0x1528B0x15b7B0xc7
0x1544S0x15b7S0xc7	0x1544B0x15b7B0xc7
0x1547S0x15b7S0xc7	0x1544B0x15b7B0xc7
0x1515S0x15b7S0xc7	0x1513B0x15b7B0xc7
0x1518S0x15b7S0xc7	0x1513B0x15b7B0xc7
0x1522S0x15b7S0xc7	0x1513B0x15b7B0xc7
0x1523S0x15b7S0xc7	0x1513B0x15b7B0xc7
0x1524S0x15b7S0xc7	0x1513B0x15b7B0xc7
0x3efaS0x15b7S0xc7	0x3ef9B0x15b7B0xc7
0x3efbS0x15b7S0xc7	0x3ef9B0x15b7B0xc7
0x1531S0x15b7S0xc7	0x1530B0x15b7B0xc7
0x1534S0x15b7S0xc7	0x1530B0x15b7B0xc7
0x1538S0x15b7S0xc7	0x1530B0x15b7B0xc7
0x153bS0x15b7S0xc7	0x1530B0x15b7B0xc7
0x153dS0x15b7S0xc7	0x1530B0x15b7B0xc7
0x153eS0x15b7S0xc7	0x1530B0x15b7B0xc7
0x153fS0x15b7S0xc7	0x1530B0x15b7B0xc7
0x1540S0x15b7S0xc7	0x1530B0x15b7B0xc7
0x3f1dS0x15b7S0xc7	0x3f1cB0x15b7B0xc7
0x3f1eS0x15b7S0xc7	0x3f1cB0x15b7B0xc7
0x3f40S0x15b7S0xc7	0x3f3fB0x15b7B0xc7
0x3f41S0x15b7S0xc7	0x3f3fB0x15b7B0xc7
0x14ffS0x15b7S0xc7	0x14feB0x15b7B0xc7
0x1500S0x15b7S0xc7	0x14feB0x15b7B0xc7
0x1502S0x15b7S0xc7	0x14feB0x15b7B0xc7
0x1505S0x15b7S0xc7	0x14feB0x15b7B0xc7
0x1506S0x15b7S0xc7	0x14feB0x15b7B0xc7
0x1507S0x15b7S0xc7	0x14feB0x15b7B0xc7
0x1611S0x101	0x1610B0x101
0x1612S0x101	0x1610B0x101
0x1615S0x101	0x1610B0x101
0x1618S0x101	0x1610B0x101
0x161bS0x101	0x1610B0x101
0x161dS0x101	0x1610B0x101
0x161fS0x101	0x1610B0x101
0x1602S0x1610S0x101	0x1601B0x1610B0x101
0x1606S0x1610S0x101	0x1601B0x1610B0x101
0x15d2S0x1601S0x1610S0x101	0x15d1B0x1601B0x1610B0x101
0x15d3S0x1601S0x1610S0x101	0x15d1B0x1601B0x1610B0x101
0x15e9S0x1601S0x1610S0x101	0x15d1B0x1601B0x1610B0x101
0x15f1S0x1601S0x1610S0x101	0x15f0B0x1601B0x1610B0x101
0x15f2S0x1601S0x1610S0x101	0x15f0B0x1601B0x1610B0x101
0x15f6S0x1601S0x1610S0x101	0x15f0B0x1601B0x1610B0x101
0x17fbS0x2e7	0x17faB0x2e7
0x17fcS0x2e7	0x17faB0x2e7
0x17ffS0x2e7	0x17faB0x2e7
0x1802S0x2e7	0x17faB0x2e7
0x1805S0x2e7	0x17faB0x2e7
0x1807S0x2e7	0x17faB0x2e7
0x1809S0x2e7	0x17faB0x2e7
0x180eS0x2e7	0x180dB0x2e7
0x1811S0x2e7	0x180dB0x2e7
0x1814S0x2e7	0x180dB0x2e7
0x1816S0x2e7	0x180dB0x2e7
0x16bdS0x180dS0x2e7	0x16bcB0x180dB0x2e7
0x16bfS0x180dS0x2e7	0x16bcB0x180dB0x2e7
0x16c0S0x180dS0x2e7	0x16bcB0x180dB0x2e7
0x16c8S0x180dS0x2e7	0x16c7B0x180dB0x2e7
0x16ccS0x180dS0x2e7	0x16c7B0x180dB0x2e7
0x17ecS0x17faS0x2e7	0x17ebB0x17faB0x2e7
0x17f0S0x17faS0x2e7	0x17ebB0x17faB0x2e7
0x17e3S0x17ebS0x17faS0x2e7	0x17e2B0x17ebB0x17faB0x2e7
0x1611S0x80a	0x1610B0x80a
0x1612S0x80a	0x1610B0x80a
0x1615S0x80a	0x1610B0x80a
0x1618S0x80a	0x1610B0x80a
0x161bS0x80a	0x1610B0x80a
0x161dS0x80a	0x1610B0x80a
0x161fS0x80a	0x1610B0x80a
0x1602S0x1610S0x80a	0x1601B0x1610B0x80a
0x1606S0x1610S0x80a	0x1601B0x1610B0x80a
0x15d2S0x1601S0x1610S0x80a	0x15d1B0x1601B0x1610B0x80a
0x15d3S0x1601S0x1610S0x80a	0x15d1B0x1601B0x1610B0x80a
0x15e9S0x1601S0x1610S0x80a	0x15d1B0x1601B0x1610B0x80a
0x15f1S0x1601S0x1610S0x80a	0x15f0B0x1601B0x1610B0x80a
0x15f2S0x1601S0x1610S0x80a	0x15f0B0x1601B0x1610B0x80a
0x15f6S0x1601S0x1610S0x80a	0x15f0B0x1601B0x1610B0x80a
0x1611S0x839	0x1610B0x839
0x1612S0x839	0x1610B0x839
0x1615S0x839	0x1610B0x839
0x1618S0x839	0x1610B0x839
0x161bS0x839	0x1610B0x839
0x161dS0x839	0x1610B0x839
0x161fS0x839	0x1610B0x839
0x1602S0x1610S0x839	0x1601B0x1610B0x839
0x1606S0x1610S0x839	0x1601B0x1610B0x839
0x15d2S0x1601S0x1610S0x839	0x15d1B0x1601B0x1610B0x839
0x15d3S0x1601S0x1610S0x839	0x15d1B0x1601B0x1610B0x839
0x15e9S0x1601S0x1610S0x839	0x15d1B0x1601B0x1610B0x839
0x15f1S0x1601S0x1610S0x839	0x15f0B0x1601B0x1610B0x839
0x15f2S0x1601S0x1610S0x839	0x15f0B0x1601B0x1610B0x839
0x15f6S0x1601S0x1610S0x839	0x15f0B0x1601B0x1610B0x839
0x1df9S0x12d3	0x1df8B0x12d3
0x1dfaS0x12d3	0x1df8B0x12d3
0x1dfdS0x12d3	0x1df8B0x12d3
0x1e00S0x12d3	0x1df8B0x12d3
0x1e03S0x12d3	0x1df8B0x12d3
0x1e05S0x12d3	0x1df8B0x12d3
0x1e07S0x12d3	0x1df8B0x12d3
0x1e0cS0x12d3	0x1e0bB0x12d3
0x1e0fS0x12d3	0x1e0bB0x12d3
0x1e12S0x12d3	0x1e0bB0x12d3
0x1e14S0x12d3	0x1e0bB0x12d3
0x1602S0x1df8S0x12d3	0x1601B0x1df8B0x12d3
0x1606S0x1df8S0x12d3	0x1601B0x1df8B0x12d3
0x15d2S0x1601S0x1df8S0x12d3	0x15d1B0x1601B0x1df8B0x12d3
0x15d3S0x1601S0x1df8S0x12d3	0x15d1B0x1601B0x1df8B0x12d3
0x15e9S0x1601S0x1df8S0x12d3	0x15d1B0x1601B0x1df8B0x12d3
0x15f1S0x1601S0x1df8S0x12d3	0x15f0B0x1601B0x1df8B0x12d3
0x15f2S0x1601S0x1df8S0x12d3	0x15f0B0x1601B0x1df8B0x12d3
0x15f6S0x1601S0x1df8S0x12d3	0x15f0B0x1601B0x1df8B0x12d3
0x17ecS0x1e0bS0x12d3	0x17ebB0x1e0bB0x12d3
0x17f0S0x1e0bS0x12d3	0x17ebB0x1e0bB0x12d3
0x17e3S0x17ebS0x1e0bS0x12d3	0x17e2B0x17ebB0x1e0bB0x12d3
0x1611S0xd85	0x1610B0xd85
0x1612S0xd85	0x1610B0xd85
0x1615S0xd85	0x1610B0xd85
0x1618S0xd85	0x1610B0xd85
0x161bS0xd85	0x1610B0xd85
0x161dS0xd85	0x1610B0xd85
0x161fS0xd85	0x1610B0xd85
0x1602S0x1610S0xd85	0x1601B0x1610B0xd85
0x1606S0x1610S0xd85	0x1601B0x1610B0xd85
0x15d2S0x1601S0x1610S0xd85	0x15d1B0x1601B0x1610B0xd85
0x15d3S0x1601S0x1610S0xd85	0x15d1B0x1601B0x1610B0xd85
0x15e9S0x1601S0x1610S0xd85	0x15d1B0x1601B0x1610B0xd85
0x15f1S0x1601S0x1610S0xd85	0x15f0B0x1601B0x1610B0xd85
0x15f2S0x1601S0x1610S0xd85	0x15f0B0x1601B0x1610B0xd85
0x15f6S0x1601S0x1610S0xd85	0x15f0B0x1601B0x1610B0xd85
0x1611S0xdb4	0x1610B0xdb4
0x1612S0xdb4	0x1610B0xdb4
0x1615S0xdb4	0x1610B0xdb4
0x1618S0xdb4	0x1610B0xdb4
0x161bS0xdb4	0x1610B0xdb4
0x161dS0xdb4	0x1610B0xdb4
0x161fS0xdb4	0x1610B0xdb4
0x1602S0x1610S0xdb4	0x1601B0x1610B0xdb4
0x1606S0x1610S0xdb4	0x1601B0x1610B0xdb4
0x15d2S0x1601S0x1610S0xdb4	0x15d1B0x1601B0x1610B0xdb4
0x15d3S0x1601S0x1610S0xdb4	0x15d1B0x1601B0x1610B0xdb4
0x15e9S0x1601S0x1610S0xdb4	0x15d1B0x1601B0x1610B0xdb4
0x15f1S0x1601S0x1610S0xdb4	0x15f0B0x1601B0x1610B0xdb4
0x15f2S0x1601S0x1610S0xdb4	0x15f0B0x1601B0x1610B0xdb4
0x15f6S0x1601S0x1610S0xdb4	0x15f0B0x1601B0x1610B0xdb4
0x1611S0x12bc	0x1610B0x12bc
0x1612S0x12bc	0x1610B0x12bc
0x1615S0x12bc	0x1610B0x12bc
0x1618S0x12bc	0x1610B0x12bc
0x161bS0x12bc	0x1610B0x12bc
0x161dS0x12bc	0x1610B0x12bc
0x161fS0x12bc	0x1610B0x12bc
0x1602S0x1610S0x12bc	0x1601B0x1610B0x12bc
0x1606S0x1610S0x12bc	0x1601B0x1610B0x12bc
0x15d2S0x1601S0x1610S0x12bc	0x15d1B0x1601B0x1610B0x12bc
0x15d3S0x1601S0x1610S0x12bc	0x15d1B0x1601B0x1610B0x12bc
0x15e9S0x1601S0x1610S0x12bc	0x15d1B0x1601B0x1610B0x12bc
0x15f1S0x1601S0x1610S0x12bc	0x15f0B0x1601B0x1610B0x12bc
0x15f2S0x1601S0x1610S0x12bc	0x15f0B0x1601B0x1610B0x12bc
0x15f6S0x1601S0x1610S0x12bc	0x15f0B0x1601B0x1610B0x12bc
0x1611S0x139c	0x1610B0x139c
0x1612S0x139c	0x1610B0x139c
0x1615S0x139c	0x1610B0x139c
0x1618S0x139c	0x1610B0x139c
0x161bS0x139c	0x1610B0x139c
0x161dS0x139c	0x1610B0x139c
0x161fS0x139c	0x1610B0x139c
0x1602S0x1610S0x139c	0x1601B0x1610B0x139c
0x1606S0x1610S0x139c	0x1601B0x1610B0x139c
0x15d2S0x1601S0x1610S0x139c	0x15d1B0x1601B0x1610B0x139c
0x15d3S0x1601S0x1610S0x139c	0x15d1B0x1601B0x1610B0x139c
0x15e9S0x1601S0x1610S0x139c	0x15d1B0x1601B0x1610B0x139c
0x15f1S0x1601S0x1610S0x139c	0x15f0B0x1601B0x1610B0x139c
0x15f2S0x1601S0x1610S0x139c	0x15f0B0x1601B0x1610B0x139c
0x15f6S0x1601S0x1610S0x139c	0x15f0B0x1601B0x1610B0x139c
0x1661S0x138	0x1661B0x138
0x1664S0x138	0x1661B0x138
0x1654S0x138	0x1653B0x138
0x1655S0x138	0x1653B0x138
0x1656S0x138	0x1653B0x138
0x165aS0x138	0x1653B0x138
0x165bS0x138	0x1653B0x138
0x165cS0x138	0x1653B0x138
0x165dS0x138	0x1653B0x138
0x166aS0x138	0x1669B0x138
0x166bS0x138	0x1669B0x138
0x1671S0x138	0x1669B0x138
0x1672S0x138	0x1669B0x138
0x3fccS0x138	0x3fcbB0x138
0x3fcdS0x138	0x3fcbB0x138
0x167aS0x138	0x1676B0x138
0x167cS0x138	0x1676B0x138
0x1682S0x138	0x1676B0x138
0x1683S0x138	0x1676B0x138
0x1640S0x1669S0x138	0x163fB0x1669B0x138
0x1642S0x1669S0x138	0x163fB0x1669B0x138
0x1645S0x1669S0x138	0x163fB0x1669B0x138
0x1649S0x1669S0x138	0x163fB0x1669B0x138
0x1639S0x163fS0x1669S0x138	0x1639B0x163fB0x1669B0x138
0x163aS0x163fS0x1669S0x138	0x1639B0x163fB0x1669B0x138
0x1634S0x163fS0x1669S0x138	0x1632B0x163fB0x1669B0x138
0x1635S0x163fS0x1669S0x138	0x1632B0x163fB0x1669B0x138
0x162aS0x163fS0x1669S0x138	0x1629B0x163fB0x1669B0x138
0x162eS0x163fS0x1669S0x138	0x1629B0x163fB0x1669B0x138
0x15d2S0x1629S0x163fS0x1669S0x138	0x15d1B0x1629B0x163fB0x1669B0x138
0x15d3S0x1629S0x163fS0x1669S0x138	0x15d1B0x1629B0x163fB0x1669B0x138
0x15e9S0x1629S0x163fS0x1669S0x138	0x15d1B0x1629B0x163fB0x1669B0x138
0x15f1S0x1629S0x163fS0x1669S0x138	0x15f0B0x1629B0x163fB0x1669B0x138
0x15f2S0x1629S0x163fS0x1669S0x138	0x15f0B0x1629B0x163fB0x1669B0x138
0x15f6S0x1629S0x163fS0x1669S0x138	0x15f0B0x1629B0x163fB0x1669B0x138
0x1640S0x1676S0x138	0x163fB0x1676B0x138
0x1642S0x1676S0x138	0x163fB0x1676B0x138
0x1645S0x1676S0x138	0x163fB0x1676B0x138
0x1649S0x1676S0x138	0x163fB0x1676B0x138
0x1639S0x163fS0x1676S0x138	0x1639B0x163fB0x1676B0x138
0x163aS0x163fS0x1676S0x138	0x1639B0x163fB0x1676B0x138
0x1634S0x163fS0x1676S0x138	0x1632B0x163fB0x1676B0x138
0x1635S0x163fS0x1676S0x138	0x1632B0x163fB0x1676B0x138
0x162aS0x163fS0x1676S0x138	0x1629B0x163fB0x1676B0x138
0x162eS0x163fS0x1676S0x138	0x1629B0x163fB0x1676B0x138
0x15d2S0x1629S0x163fS0x1676S0x138	0x15d1B0x1629B0x163fB0x1676B0x138
0x15d3S0x1629S0x163fS0x1676S0x138	0x15d1B0x1629B0x163fB0x1676B0x138
0x15e9S0x1629S0x163fS0x1676S0x138	0x15d1B0x1629B0x163fB0x1676B0x138
0x15f1S0x1629S0x163fS0x1676S0x138	0x15f0B0x1629B0x163fB0x1676B0x138
0x15f2S0x1629S0x163fS0x1676S0x138	0x15f0B0x1629B0x163fB0x1676B0x138
0x15f6S0x1629S0x163fS0x1676S0x138	0x15f0B0x1629B0x163fB0x1676B0x138
0x169eS0x160	0x169eB0x160
0x16a1S0x160	0x169eB0x160
0x1692S0x160	0x1691B0x160
0x1693S0x160	0x1691B0x160
0x1697S0x160	0x1691B0x160
0x1698S0x160	0x1691B0x160
0x1699S0x160	0x1691B0x160
0x169aS0x160	0x1691B0x160
0x16a7S0x160	0x16a6B0x160
0x16a8S0x160	0x16a6B0x160
0x16aeS0x160	0x16a6B0x160
0x16afS0x160	0x16a6B0x160
0x3fefS0x160	0x3feeB0x160
0x3ff0S0x160	0x3feeB0x160
0x1640S0x16a6S0x160	0x163fB0x16a6B0x160
0x1642S0x16a6S0x160	0x163fB0x16a6B0x160
0x1645S0x16a6S0x160	0x163fB0x16a6B0x160
0x1649S0x16a6S0x160	0x163fB0x16a6B0x160
0x1639S0x163fS0x16a6S0x160	0x1639B0x163fB0x16a6B0x160
0x163aS0x163fS0x16a6S0x160	0x1639B0x163fB0x16a6B0x160
0x1634S0x163fS0x16a6S0x160	0x1632B0x163fB0x16a6B0x160
0x1635S0x163fS0x16a6S0x160	0x1632B0x163fB0x16a6B0x160
0x162aS0x163fS0x16a6S0x160	0x1629B0x163fB0x16a6B0x160
0x162eS0x163fS0x16a6S0x160	0x1629B0x163fB0x16a6B0x160
0x15d2S0x1629S0x163fS0x16a6S0x160	0x15d1B0x1629B0x163fB0x16a6B0x160
0x15d3S0x1629S0x163fS0x16a6S0x160	0x15d1B0x1629B0x163fB0x16a6B0x160
0x15e9S0x1629S0x163fS0x16a6S0x160	0x15d1B0x1629B0x163fB0x16a6B0x160
0x15f1S0x1629S0x163fS0x16a6S0x160	0x15f0B0x1629B0x163fB0x16a6B0x160
0x15f2S0x1629S0x163fS0x16a6S0x160	0x15f0B0x1629B0x163fB0x16a6B0x160
0x15f6S0x1629S0x163fS0x16a6S0x160	0x15f0B0x1629B0x163fB0x16a6B0x160
0xe49S0x1c8	0xe49B0x1c8
0xe4bS0x1c8	0xe49B0x1c8
0xe4cS0x1c8	0xe49B0x1c8
0xe6fS0x1c8	0xe49B0x1c8
0xe71S0x1c8	0xe49B0x1c8
0xe72S0x1c8	0xe49B0x1c8
0xe76S0x1c8	0xe49B0x1c8
0xea0S0x1c8	0xea0B0x1c8
0xea1S0x1c8	0xea0B0x1c8
0xec2S0x1c8	0xea0B0x1c8
0xed7S0x1c8	0xea0B0x1c8
0xed9S0x1c8	0xea0B0x1c8
0xedbS0x1c8	0xea0B0x1c8
0xedcS0x1c8	0xea0B0x1c8
0xee0S0x1c8	0xea0B0x1c8
0xefeS0x1c8	0xefeB0x1c8
0xf00S0x1c8	0xefeB0x1c8
0xf03S0x1c8	0xefeB0x1c8
0xf05S0x1c8	0xefeB0x1c8
0xf06S0x1c8	0xefeB0x1c8
0xf08S0x1c8	0xefeB0x1c8
0xf09S0x1c8	0xefeB0x1c8
0xf0aS0x1c8	0xefeB0x1c8
0xf0cS0x1c8	0xefeB0x1c8
0xf0dS0x1c8	0xefeB0x1c8
0xf10S0x1c8	0xefeB0x1c8
0xf13S0x1c8	0xefeB0x1c8
0xf14S0x1c8	0xefeB0x1c8
0xf15S0x1c8	0xefeB0x1c8
0xf18S0x1c8	0xefeB0x1c8
0xf1aS0x1c8	0xefeB0x1c8
0xf66S0x1c8	0xf66B0x1c8
0xf68S0x1c8	0xf66B0x1c8
0xf69S0x1c8	0xf66B0x1c8
0xf8cS0x1c8	0xf66B0x1c8
0xf8eS0x1c8	0xf66B0x1c8
0xf8fS0x1c8	0xf66B0x1c8
0xf93S0x1c8	0xf66B0x1c8
0xdf6S0x1c8	0xdf5B0x1c8
0xe17S0x1c8	0xdf5B0x1c8
0xe2cS0x1c8	0xdf5B0x1c8
0xe2dS0x1c8	0xdf5B0x1c8
0xe2eS0x1c8	0xdf5B0x1c8
0xe43S0x1c8	0xdf5B0x1c8
0xe44S0x1c8	0xdf5B0x1c8
0xe45S0x1c8	0xdf5B0x1c8
0xe84S0x1c8	0xe83B0x1c8
0xe87S0x1c8	0xe83B0x1c8
0xe7bS0x1c8	0xe7aB0x1c8
0xe7dS0x1c8	0xe7aB0x1c8
0xe80S0x1c8	0xe7aB0x1c8
0xe8cS0x1c8	0xe8bB0x1c8
0xe8fS0x1c8	0xe8bB0x1c8
0xe94S0x1c8	0xe93B0x1c8
0xe95S0x1c8	0xe93B0x1c8
0xe98S0x1c8	0xe93B0x1c8
0xe9aS0x1c8	0xe93B0x1c8
0xe9bS0x1c8	0xe93B0x1c8
0xe9cS0x1c8	0xe93B0x1c8
0xfa4S0x1c8	0xfa2B0x1c8
0xfa7S0x1c8	0xfa2B0x1c8
0xee5S0x1c8	0xee4B0x1c8
0xee6S0x1c8	0xee4B0x1c8
0xee8S0x1c8	0xee4B0x1c8
0xeebS0x1c8	0xee4B0x1c8
0xeefS0x1c8	0xee4B0x1c8
0xef0S0x1c8	0xee4B0x1c8
0xef5S0x1c8	0xee4B0x1c8
0xef7S0x1c8	0xee4B0x1c8
0xef9S0x1c8	0xee4B0x1c8
0xefaS0x1c8	0xee4B0x1c8
0xf1fS0x1c8	0xf1eB0x1c8
0xf28S0x1c8	0xf23B0x1c8
0xf4bS0x1c8	0xf23B0x1c8
0xf4dS0x1c8	0xf23B0x1c8
0xf4eS0x1c8	0xf23B0x1c8
0xf54S0x1c8	0xf23B0x1c8
0xf59S0x1c8	0xf58B0x1c8
0xf5bS0x1c8	0xf58B0x1c8
0xf5eS0x1c8	0xf58B0x1c8
0xf62S0x1c8	0xf58B0x1c8
0xf98S0x1c8	0xf97B0x1c8
0xf9aS0x1c8	0xf97B0x1c8
0xf9dS0x1c8	0xf97B0x1c8
0x126aS0xfa2S0x1c8	0x1269B0xfa2B0x1c8
0x126cS0xfa2S0x1c8	0x1269B0xfa2B0x1c8
0x18a2S0xe49S0x1c8	0x18a1B0xe49B0x1c8
0x18a3S0xe49S0x1c8	0x18a1B0xe49B0x1c8
0x18a6S0xe49S0x1c8	0x18a1B0xe49B0x1c8
0x18abS0xe49S0x1c8	0x18a1B0xe49B0x1c8
0x18acS0xe49S0x1c8	0x18a1B0xe49B0x1c8
0x18aeS0xe49S0x1c8	0x18a1B0xe49B0x1c8
0x18b0S0xe49S0x1c8	0x18a1B0xe49B0x1c8
0x18b4S0xe49S0x1c8	0x18a1B0xe49B0x1c8
0x188eS0xe49S0x1c8	0x188bB0xe49B0x1c8
0x1892S0xe49S0x1c8	0x188bB0xe49B0x1c8
0x1897S0xe49S0x1c8	0x1896B0xe49B0x1c8
0x189aS0xe49S0x1c8	0x1896B0xe49B0x1c8
0x1832S0xe49S0x1c8	0x1831B0xe49B0x1c8
0x1853S0xe49S0x1c8	0x1831B0xe49B0x1c8
0x1855S0xe49S0x1c8	0x1831B0xe49B0x1c8
0x1857S0xe49S0x1c8	0x1831B0xe49B0x1c8
0x1878S0xe49S0x1c8	0x1831B0xe49B0x1c8
0x187bS0xe49S0x1c8	0x1831B0xe49B0x1c8
0x1880S0xe49S0x1c8	0x187fB0xe49B0x1c8
0x1881S0xe49S0x1c8	0x187fB0xe49B0x1c8
0x1884S0xe49S0x1c8	0x187fB0xe49B0x1c8
0x1887S0xe49S0x1c8	0x187fB0xe49B0x1c8
0x1822S0x187fS0xe49S0x1c8	0x1821B0x187fB0xe49B0x1c8
0x1826S0x187fS0xe49S0x1c8	0x1821B0x187fB0xe49B0x1c8
0x1829S0x187fS0xe49S0x1c8	0x1821B0x187fB0xe49B0x1c8
0x17cfS0xea0S0x1c8	0x17ceB0xea0B0x1c8
0x17d0S0xea0S0x1c8	0x17ceB0xea0B0x1c8
0x17d4S0xea0S0x1c8	0x17ceB0xea0B0x1c8
0x17bcS0xea0S0x1c8	0x17b9B0xea0B0x1c8
0x17c0S0xea0S0x1c8	0x17b9B0xea0B0x1c8
0x17c5S0xea0S0x1c8	0x17c4B0xea0B0x1c8
0x17c7S0xea0S0x1c8	0x17c4B0xea0B0x1c8
0x17afS0xea0S0x1c8	0x17aeB0xea0B0x1c8
0x17b0S0xea0S0x1c8	0x17aeB0xea0B0x1c8
0x17b3S0xea0S0x1c8	0x17aeB0xea0B0x1c8
0x17b5S0xea0S0x1c8	0x17aeB0xea0B0x1c8
0x17a2S0x17aeS0xea0S0x1c8	0x17a1B0x17aeB0xea0B0x1c8
0x1ddbS0xf66S0x1c8	0x1ddaB0xf66B0x1c8
0x1ddcS0xf66S0x1c8	0x1ddaB0xf66B0x1c8
0x1ddfS0xf66S0x1c8	0x1ddaB0xf66B0x1c8
0x1de4S0xf66S0x1c8	0x1ddaB0xf66B0x1c8
0x1de5S0xf66S0x1c8	0x1ddaB0xf66B0x1c8
0x1de7S0xf66S0x1c8	0x1ddaB0xf66B0x1c8
0x1de9S0xf66S0x1c8	0x1ddaB0xf66B0x1c8
0x1dedS0xf66S0x1c8	0x1ddaB0xf66B0x1c8
0x1dc7S0xf66S0x1c8	0x1dc4B0xf66B0x1c8
0x1dcbS0xf66S0x1c8	0x1dc4B0xf66B0x1c8
0x1dd0S0xf66S0x1c8	0x1dcfB0xf66B0x1c8
0x1dd3S0xf66S0x1c8	0x1dcfB0xf66B0x1c8
0x1d91S0xf66S0x1c8	0x1d90B0xf66B0x1c8
0x1db2S0xf66S0x1c8	0x1d90B0xf66B0x1c8
0x1db4S0xf66S0x1c8	0x1d90B0xf66B0x1c8
0x1db9S0xf66S0x1c8	0x1db8B0xf66B0x1c8
0x1dbaS0xf66S0x1c8	0x1db8B0xf66B0x1c8
0x1dbdS0xf66S0x1c8	0x1db8B0xf66B0x1c8
0x1dc0S0xf66S0x1c8	0x1db8B0xf66B0x1c8
0x1822S0x1db8S0xf66S0x1c8	0x1821B0x1db8B0xf66B0x1c8
0x1826S0x1db8S0xf66S0x1c8	0x1821B0x1db8B0xf66B0x1c8
0x1829S0x1db8S0xf66S0x1c8	0x1821B0x1db8B0xf66B0x1c8
0x11f2S0xe83S0x1c8	0x11f2B0xe83B0x1c8
0x11f4S0xe83S0x1c8	0x11f2B0xe83B0x1c8
0x11f5S0xe83S0x1c8	0x11f2B0xe83B0x1c8
0x1218S0xe83S0x1c8	0x11f2B0xe83B0x1c8
0x121aS0xe83S0x1c8	0x11f2B0xe83B0x1c8
0x121bS0xe83S0x1c8	0x11f2B0xe83B0x1c8
0x121dS0xe83S0x1c8	0x11f2B0xe83B0x1c8
0x1220S0xe83S0x1c8	0x11f2B0xe83B0x1c8
0x11e5S0xe83S0x1c8	0x11e4B0xe83B0x1c8
0x11e8S0xe83S0x1c8	0x11e4B0xe83B0x1c8
0x11edS0xe83S0x1c8	0x11ecB0xe83B0x1c8
0x11eeS0xe83S0x1c8	0x11ecB0xe83B0x1c8
0x1f0S0x11e4S0xe83S0x1c8	0x1efB0x11e4B0xe83B0x1c8
0x1f1S0x11e4S0xe83S0x1c8	0x1efB0x11e4B0xe83B0x1c8
0x1f3S0x11e4S0xe83S0x1c8	0x1efB0x11e4B0xe83B0x1c8
0x1f5S0x11e4S0xe83S0x1c8	0x1efB0x11e4B0xe83B0x1c8
0x1f7S0x11e4S0xe83S0x1c8	0x1efB0x11e4B0xe83B0x1c8
0x1faS0x11e4S0xe83S0x1c8	0x1efB0x11e4B0xe83B0x1c8
0x1fcS0x11e4S0xe83S0x1c8	0x1efB0x11e4B0xe83B0x1c8
0x1fdS0x11e4S0xe83S0x1c8	0x1efB0x11e4B0xe83B0x1c8
0x1ffS0x11e4S0xe83S0x1c8	0x1efB0x11e4B0xe83B0x1c8
0x17fbS0xf23S0x1c8	0x17faB0xf23B0x1c8
0x17fcS0xf23S0x1c8	0x17faB0xf23B0x1c8
0x17ffS0xf23S0x1c8	0x17faB0xf23B0x1c8
0x1802S0xf23S0x1c8	0x17faB0xf23B0x1c8
0x1805S0xf23S0x1c8	0x17faB0xf23B0x1c8
0x1807S0xf23S0x1c8	0x17faB0xf23B0x1c8
0x1809S0xf23S0x1c8	0x17faB0xf23B0x1c8
0x180eS0xf23S0x1c8	0x180dB0xf23B0x1c8
0x1811S0xf23S0x1c8	0x180dB0xf23B0x1c8
0x1814S0xf23S0x1c8	0x180dB0xf23B0x1c8
0x1816S0xf23S0x1c8	0x180dB0xf23B0x1c8
0x16bdS0x180dS0xf23S0x1c8	0x16bcB0x180dB0xf23B0x1c8
0x16bfS0x180dS0xf23S0x1c8	0x16bcB0x180dB0xf23B0x1c8
0x16c0S0x180dS0xf23S0x1c8	0x16bcB0x180dB0xf23B0x1c8
0x16c8S0x180dS0xf23S0x1c8	0x16c7B0x180dB0xf23B0x1c8
0x16ccS0x180dS0xf23S0x1c8	0x16c7B0x180dB0xf23B0x1c8
0x17ecS0x17faS0xf23S0x1c8	0x17ebB0x17faB0xf23B0x1c8
0x17f0S0x17faS0xf23S0x1c8	0x17ebB0x17faB0xf23B0x1c8
0x17e3S0x17ebS0x17faS0xf23S0x1c8	0x17e2B0x17ebB0x17faB0xf23B0x1c8
0x1001S0x1e8	0x1001B0x1e8
0x1003S0x1e8	0x1001B0x1e8
0x1004S0x1e8	0x1001B0x1e8
0x1027S0x1e8	0x1001B0x1e8
0x1029S0x1e8	0x1001B0x1e8
0x102aS0x1e8	0x1001B0x1e8
0x102eS0x1e8	0x1001B0x1e8
0x107fS0x1e8	0x107fB0x1e8
0x1081S0x1e8	0x107fB0x1e8
0x1082S0x1e8	0x107fB0x1e8
0x10a5S0x1e8	0x107fB0x1e8
0x10a7S0x1e8	0x107fB0x1e8
0x10a8S0x1e8	0x107fB0x1e8
0x10acS0x1e8	0x107fB0x1e8
0x10edS0x1e8	0x10edB0x1e8
0x10efS0x1e8	0x10edB0x1e8
0x10f0S0x1e8	0x10edB0x1e8
0x1113S0x1e8	0x10edB0x1e8
0x1115S0x1e8	0x10edB0x1e8
0x1116S0x1e8	0x10edB0x1e8
0x111aS0x1e8	0x10edB0x1e8
0x1168S0x1e8	0x1168B0x1e8
0x116aS0x1e8	0x1168B0x1e8
0x116dS0x1e8	0x1168B0x1e8
0x116fS0x1e8	0x1168B0x1e8
0x1170S0x1e8	0x1168B0x1e8
0x1172S0x1e8	0x1168B0x1e8
0x1173S0x1e8	0x1168B0x1e8
0x1174S0x1e8	0x1168B0x1e8
0x1176S0x1e8	0x1168B0x1e8
0x1177S0x1e8	0x1168B0x1e8
0x117aS0x1e8	0x1168B0x1e8
0x117dS0x1e8	0x1168B0x1e8
0x117eS0x1e8	0x1168B0x1e8
0x117fS0x1e8	0x1168B0x1e8
0x1182S0x1e8	0x1168B0x1e8
0x1184S0x1e8	0x1168B0x1e8
0xfaeS0x1e8	0xfadB0x1e8
0xfcfS0x1e8	0xfadB0x1e8
0xfe4S0x1e8	0xfadB0x1e8
0xfe5S0x1e8	0xfadB0x1e8
0xfe6S0x1e8	0xfadB0x1e8
0xffbS0x1e8	0xfadB0x1e8
0xffcS0x1e8	0xfadB0x1e8
0xffdS0x1e8	0xfadB0x1e8
0x103cS0x1e8	0x103bB0x1e8
0x103fS0x1e8	0x103bB0x1e8
0x1033S0x1e8	0x1032B0x1e8
0x1035S0x1e8	0x1032B0x1e8
0x1038S0x1e8	0x1032B0x1e8
0x1044S0x1e8	0x1043B0x1e8
0x1047S0x1e8	0x1043B0x1e8
0x104cS0x1e8	0x104bB0x1e8
0x104dS0x1e8	0x104bB0x1e8
0x1062S0x1e8	0x104bB0x1e8
0x1064S0x1e8	0x104bB0x1e8
0x1079S0x1e8	0x104bB0x1e8
0x107aS0x1e8	0x104bB0x1e8
0x107bS0x1e8	0x104bB0x1e8
0x10baS0x1e8	0x10b9B0x1e8
0x10bbS0x1e8	0x10b9B0x1e8
0x10d0S0x1e8	0x10b9B0x1e8
0x10d2S0x1e8	0x10b9B0x1e8
0x10e7S0x1e8	0x10b9B0x1e8
0x10e8S0x1e8	0x10b9B0x1e8
0x10e9S0x1e8	0x10b9B0x1e8
0x10b1S0x1e8	0x10b0B0x1e8
0x10b3S0x1e8	0x10b0B0x1e8
0x10b6S0x1e8	0x10b0B0x1e8
0x1128S0x1e8	0x1127B0x1e8
0x112aS0x1e8	0x1127B0x1e8
0x113fS0x1e8	0x1127B0x1e8
0x1142S0x1e8	0x1127B0x1e8
0x1144S0x1e8	0x1127B0x1e8
0x1145S0x1e8	0x1127B0x1e8
0x114bS0x1e8	0x1127B0x1e8
0x111fS0x1e8	0x111eB0x1e8
0x1121S0x1e8	0x111eB0x1e8
0x1124S0x1e8	0x111eB0x1e8
0x1150S0x1e8	0x114fB0x1e8
0x1151S0x1e8	0x114fB0x1e8
0x1153S0x1e8	0x114fB0x1e8
0x1156S0x1e8	0x114fB0x1e8
0x1158S0x1e8	0x114fB0x1e8
0x115aS0x1e8	0x114fB0x1e8
0x115bS0x1e8	0x114fB0x1e8
0x115fS0x1e8	0x114fB0x1e8
0x1161S0x1e8	0x114fB0x1e8
0x1163S0x1e8	0x114fB0x1e8
0x1164S0x1e8	0x114fB0x1e8
0x1189S0x1e8	0x1188B0x1e8
0x1192S0x1e8	0x118dB0x1e8
0x11b7S0x1e8	0x118dB0x1e8
0x11b9S0x1e8	0x118dB0x1e8
0x11baS0x1e8	0x118dB0x1e8
0x11c2S0x1e8	0x118dB0x1e8
0x11c7S0x1e8	0x11c6B0x1e8
0x11c9S0x1e8	0x11c6B0x1e8
0x11ccS0x1e8	0x11c6B0x1e8
0x11cfS0x1e8	0x11c6B0x1e8
0x11d2S0x1e8	0x11c6B0x1e8
0x11d8S0x1e8	0x11d6B0x1e8
0x11dbS0x1e8	0x11d6B0x1e8
0x126aS0x11d6S0x1e8	0x1269B0x11d6B0x1e8
0x126cS0x11d6S0x1e8	0x1269B0x11d6B0x1e8
0x18a2S0x1001S0x1e8	0x18a1B0x1001B0x1e8
0x18a3S0x1001S0x1e8	0x18a1B0x1001B0x1e8
0x18a6S0x1001S0x1e8	0x18a1B0x1001B0x1e8
0x18abS0x1001S0x1e8	0x18a1B0x1001B0x1e8
0x18acS0x1001S0x1e8	0x18a1B0x1001B0x1e8
0x18aeS0x1001S0x1e8	0x18a1B0x1001B0x1e8
0x18b0S0x1001S0x1e8	0x18a1B0x1001B0x1e8
0x18b4S0x1001S0x1e8	0x18a1B0x1001B0x1e8
0x188eS0x1001S0x1e8	0x188bB0x1001B0x1e8
0x1892S0x1001S0x1e8	0x188bB0x1001B0x1e8
0x1897S0x1001S0x1e8	0x1896B0x1001B0x1e8
0x189aS0x1001S0x1e8	0x1896B0x1001B0x1e8
0x1832S0x1001S0x1e8	0x1831B0x1001B0x1e8
0x1853S0x1001S0x1e8	0x1831B0x1001B0x1e8
0x1855S0x1001S0x1e8	0x1831B0x1001B0x1e8
0x1857S0x1001S0x1e8	0x1831B0x1001B0x1e8
0x1878S0x1001S0x1e8	0x1831B0x1001B0x1e8
0x187bS0x1001S0x1e8	0x1831B0x1001B0x1e8
0x1880S0x1001S0x1e8	0x187fB0x1001B0x1e8
0x1881S0x1001S0x1e8	0x187fB0x1001B0x1e8
0x1884S0x1001S0x1e8	0x187fB0x1001B0x1e8
0x1887S0x1001S0x1e8	0x187fB0x1001B0x1e8
0x1822S0x187fS0x1001S0x1e8	0x1821B0x187fB0x1001B0x1e8
0x1826S0x187fS0x1001S0x1e8	0x1821B0x187fB0x1001B0x1e8
0x1829S0x187fS0x1001S0x1e8	0x1821B0x187fB0x1001B0x1e8
0x1a6fS0x107fS0x1e8	0x1a6eB0x107fB0x1e8
0x1a70S0x107fS0x1e8	0x1a6eB0x107fB0x1e8
0x1a73S0x107fS0x1e8	0x1a6eB0x107fB0x1e8
0x1a78S0x107fS0x1e8	0x1a6eB0x107fB0x1e8
0x1a79S0x107fS0x1e8	0x1a6eB0x107fB0x1e8
0x1a7bS0x107fS0x1e8	0x1a6eB0x107fB0x1e8
0x1a7dS0x107fS0x1e8	0x1a6eB0x107fB0x1e8
0x1a81S0x107fS0x1e8	0x1a6eB0x107fB0x1e8
0x1a5bS0x107fS0x1e8	0x1a58B0x107fB0x1e8
0x1a5fS0x107fS0x1e8	0x1a58B0x107fB0x1e8
0x1a64S0x107fS0x1e8	0x1a63B0x107fB0x1e8
0x1a67S0x107fS0x1e8	0x1a63B0x107fB0x1e8
0x1a25S0x107fS0x1e8	0x1a24B0x107fB0x1e8
0x1a46S0x107fS0x1e8	0x1a24B0x107fB0x1e8
0x1a48S0x107fS0x1e8	0x1a24B0x107fB0x1e8
0x1a4dS0x107fS0x1e8	0x1a4cB0x107fB0x1e8
0x1a4eS0x107fS0x1e8	0x1a4cB0x107fB0x1e8
0x1a51S0x107fS0x1e8	0x1a4cB0x107fB0x1e8
0x1a54S0x107fS0x1e8	0x1a4cB0x107fB0x1e8
0x1822S0x1a4cS0x107fS0x1e8	0x1821B0x1a4cB0x107fB0x1e8
0x1826S0x1a4cS0x107fS0x1e8	0x1821B0x1a4cB0x107fB0x1e8
0x1829S0x1a4cS0x107fS0x1e8	0x1821B0x1a4cB0x107fB0x1e8
0x1ad7S0x10edS0x1e8	0x1ad6B0x10edB0x1e8
0x1ad8S0x10edS0x1e8	0x1ad6B0x10edB0x1e8
0x1adbS0x10edS0x1e8	0x1ad6B0x10edB0x1e8
0x1ae0S0x10edS0x1e8	0x1ad6B0x10edB0x1e8
0x1ae1S0x10edS0x1e8	0x1ad6B0x10edB0x1e8
0x1ae3S0x10edS0x1e8	0x1ad6B0x10edB0x1e8
0x1ae5S0x10edS0x1e8	0x1ad6B0x10edB0x1e8
0x1ae9S0x10edS0x1e8	0x1ad6B0x10edB0x1e8
0x1ac3S0x10edS0x1e8	0x1ac0B0x10edB0x1e8
0x1ac7S0x10edS0x1e8	0x1ac0B0x10edB0x1e8
0x1accS0x10edS0x1e8	0x1acbB0x10edB0x1e8
0x1acfS0x10edS0x1e8	0x1acbB0x10edB0x1e8
0x1a8dS0x10edS0x1e8	0x1a8cB0x10edB0x1e8
0x1aaeS0x10edS0x1e8	0x1a8cB0x10edB0x1e8
0x1ab0S0x10edS0x1e8	0x1a8cB0x10edB0x1e8
0x1ab5S0x10edS0x1e8	0x1ab4B0x10edB0x1e8
0x1ab6S0x10edS0x1e8	0x1ab4B0x10edB0x1e8
0x1ab9S0x10edS0x1e8	0x1ab4B0x10edB0x1e8
0x1abcS0x10edS0x1e8	0x1ab4B0x10edB0x1e8
0x1822S0x1ab4S0x10edS0x1e8	0x1821B0x1ab4B0x10edB0x1e8
0x1826S0x1ab4S0x10edS0x1e8	0x1821B0x1ab4B0x10edB0x1e8
0x1829S0x1ab4S0x10edS0x1e8	0x1821B0x1ab4B0x10edB0x1e8
0x11f2S0x103bS0x1e8	0x11f2B0x103bB0x1e8
0x11f4S0x103bS0x1e8	0x11f2B0x103bB0x1e8
0x11f5S0x103bS0x1e8	0x11f2B0x103bB0x1e8
0x1218S0x103bS0x1e8	0x11f2B0x103bB0x1e8
0x121aS0x103bS0x1e8	0x11f2B0x103bB0x1e8
0x121bS0x103bS0x1e8	0x11f2B0x103bB0x1e8
0x121dS0x103bS0x1e8	0x11f2B0x103bB0x1e8
0x1220S0x103bS0x1e8	0x11f2B0x103bB0x1e8
0x11e5S0x103bS0x1e8	0x11e4B0x103bB0x1e8
0x11e8S0x103bS0x1e8	0x11e4B0x103bB0x1e8
0x11edS0x103bS0x1e8	0x11ecB0x103bB0x1e8
0x11eeS0x103bS0x1e8	0x11ecB0x103bB0x1e8
0x1f0S0x11e4S0x103bS0x1e8	0x1efB0x11e4B0x103bB0x1e8
0x1f1S0x11e4S0x103bS0x1e8	0x1efB0x11e4B0x103bB0x1e8
0x1f3S0x11e4S0x103bS0x1e8	0x1efB0x11e4B0x103bB0x1e8
0x1f5S0x11e4S0x103bS0x1e8	0x1efB0x11e4B0x103bB0x1e8
0x1f7S0x11e4S0x103bS0x1e8	0x1efB0x11e4B0x103bB0x1e8
0x1faS0x11e4S0x103bS0x1e8	0x1efB0x11e4B0x103bB0x1e8
0x1fcS0x11e4S0x103bS0x1e8	0x1efB0x11e4B0x103bB0x1e8
0x1fdS0x11e4S0x103bS0x1e8	0x1efB0x11e4B0x103bB0x1e8
0x1ffS0x11e4S0x103bS0x1e8	0x1efB0x11e4B0x103bB0x1e8
0x1b95S0x1127S0x1e8	0x1b94B0x1127B0x1e8
0x1b96S0x1127S0x1e8	0x1b94B0x1127B0x1e8
0x1b9cS0x1127S0x1e8	0x1b94B0x1127B0x1e8
0x1b7eS0x1127S0x1e8	0x1b7bB0x1127B0x1e8
0x1b84S0x1127S0x1e8	0x1b7bB0x1127B0x1e8
0x1b8bS0x1127S0x1e8	0x1b88B0x1127B0x1e8
0x1b71S0x1127S0x1e8	0x1b70B0x1127B0x1e8
0x1b72S0x1127S0x1e8	0x1b70B0x1127B0x1e8
0x1b77S0x1127S0x1e8	0x1b70B0x1127B0x1e8
0x1b67S0x1b7bS0x1127S0x1e8	0x1b62B0x1b7bB0x1127B0x1e8
0x1b6aS0x1b7bS0x1127S0x1e8	0x1b62B0x1b7bB0x1127B0x1e8
0x17a2S0x1b70S0x1127S0x1e8	0x17a1B0x1b70B0x1127B0x1e8
0x1bf9S0x118dS0x1e8	0x1bf8B0x118dB0x1e8
0x1bfaS0x118dS0x1e8	0x1bf8B0x118dB0x1e8
0x1bfdS0x118dS0x1e8	0x1bf8B0x118dB0x1e8
0x1c00S0x118dS0x1e8	0x1bf8B0x118dB0x1e8
0x1c03S0x118dS0x1e8	0x1bf8B0x118dB0x1e8
0x1c05S0x118dS0x1e8	0x1bf8B0x118dB0x1e8
0x1c07S0x118dS0x1e8	0x1bf8B0x118dB0x1e8
0x1bdaS0x118dS0x1e8	0x1bd7B0x118dB0x1e8
0x1be0S0x118dS0x1e8	0x1bd7B0x118dB0x1e8
0x1badS0x118dS0x1e8	0x1bacB0x118dB0x1e8
0x1bb1S0x118dS0x1e8	0x1bacB0x118dB0x1e8
0x1bb4S0x118dS0x1e8	0x1bacB0x118dB0x1e8
0x1be5S0x118dS0x1e8	0x1be4B0x118dB0x1e8
0x1be9S0x118dS0x1e8	0x1be4B0x118dB0x1e8
0x1befS0x118dS0x1e8	0x1bedB0x118dB0x1e8
0x1bbdS0x118dS0x1e8	0x1bbcB0x118dB0x1e8
0x1bbeS0x118dS0x1e8	0x1bbcB0x118dB0x1e8
0x1bc0S0x118dS0x1e8	0x1bbcB0x118dB0x1e8
0x1bc1S0x118dS0x1e8	0x1bbcB0x118dB0x1e8
0x1bc4S0x118dS0x1e8	0x1bbcB0x118dB0x1e8
0x1bc5S0x118dS0x1e8	0x1bbcB0x118dB0x1e8
0x1c0eS0x118dS0x1e8	0x1c0bB0x118dB0x1e8
0x1c0fS0x118dS0x1e8	0x1c0bB0x118dB0x1e8
0x1c12S0x118dS0x1e8	0x1c0bB0x118dB0x1e8
0x1c14S0x118dS0x1e8	0x1c0bB0x118dB0x1e8
0x1c1aS0x118dS0x1e8	0x1c0bB0x118dB0x1e8
0x1c21S0x118dS0x1e8	0x1c1eB0x118dB0x1e8
0x1c24S0x118dS0x1e8	0x1c1eB0x118dB0x1e8
0x1c27S0x118dS0x1e8	0x1c1eB0x118dB0x1e8
0x1c29S0x118dS0x1e8	0x1c1eB0x118dB0x1e8
0x1bcdS0x118dS0x1e8	0x1bccB0x118dB0x1e8
0x1bceS0x118dS0x1e8	0x1bccB0x118dB0x1e8
0x1bd3S0x118dS0x1e8	0x1bccB0x118dB0x1e8
0x1b67S0x1bd7S0x118dS0x1e8	0x1b62B0x1bd7B0x118dB0x1e8
0x1b6aS0x1bd7S0x118dS0x1e8	0x1b62B0x1bd7B0x118dB0x1e8
0x16bdS0x1c1eS0x118dS0x1e8	0x16bcB0x1c1eB0x118dB0x1e8
0x16bfS0x1c1eS0x118dS0x1e8	0x16bcB0x1c1eB0x118dB0x1e8
0x16c0S0x1c1eS0x118dS0x1e8	0x16bcB0x1c1eB0x118dB0x1e8
0x16c8S0x1c1eS0x118dS0x1e8	0x16c7B0x1c1eB0x118dB0x1e8
0x16ccS0x1c1eS0x118dS0x1e8	0x16c7B0x1c1eB0x118dB0x1e8
0x1602S0x1bf8S0x118dS0x1e8	0x1601B0x1bf8B0x118dB0x1e8
0x1606S0x1bf8S0x118dS0x1e8	0x1601B0x1bf8B0x118dB0x1e8
0x15d2S0x1601S0x1bf8S0x118dS0x1e8	0x15d1B0x1601B0x1bf8B0x118dB0x1e8
0x15d3S0x1601S0x1bf8S0x118dS0x1e8	0x15d1B0x1601B0x1bf8B0x118dB0x1e8
0x15e9S0x1601S0x1bf8S0x118dS0x1e8	0x15d1B0x1601B0x1bf8B0x118dB0x1e8
0x15f1S0x1601S0x1bf8S0x118dS0x1e8	0x15f0B0x1601B0x1bf8B0x118dB0x1e8
0x15f2S0x1601S0x1bf8S0x118dS0x1e8	0x15f0B0x1601B0x1bf8B0x118dB0x1e8
0x15f6S0x1601S0x1bf8S0x118dS0x1e8	0x15f0B0x1601B0x1bf8B0x118dB0x1e8
0x140fS0x1306	0x140fB0x1306
0x1411S0x1306	0x140fB0x1306
0x1412S0x1306	0x140fB0x1306
0x1413S0x1306	0x140fB0x1306
0x1416S0x1306	0x140fB0x1306
0x1429S0x1306	0x1429B0x1306
0x142cS0x1306	0x1429B0x1306
0x142dS0x1306	0x1429B0x1306
0x142eS0x1306	0x1429B0x1306
0x13fbS0x1306	0x13faB0x1306
0x13fcS0x1306	0x13faB0x1306
0x13fdS0x1306	0x13faB0x1306
0x13ffS0x1306	0x13faB0x1306
0x1401S0x1306	0x13faB0x1306
0x1402S0x1306	0x13faB0x1306
0x1405S0x1306	0x13faB0x1306
0x1406S0x1306	0x13faB0x1306
0x1408S0x1306	0x13faB0x1306
0x1409S0x1306	0x13faB0x1306
0x140bS0x1306	0x13faB0x1306
0x141aS0x1306	0x1419B0x1306
0x141dS0x1306	0x1419B0x1306
0x141eS0x1306	0x1419B0x1306
0x1422S0x1306	0x1419B0x1306
0x1424S0x1306	0x1419B0x1306
0x1425S0x1306	0x1419B0x1306
0x1433S0x1306	0x1432B0x1306
0x1435S0x1306	0x1432B0x1306
0x144aS0x1306	0x1432B0x1306
0x144bS0x1306	0x1432B0x1306
0x144cS0x1306	0x1432B0x1306
0x144eS0x1306	0x144dB0x1306
0x144fS0x1306	0x144dB0x1306
0x144d_0x0S0x1306	0x144dB0x1306
0x1487S0x1306	0x1486B0x1306
0x1489S0x1306	0x1486B0x1306
0x148cS0x1306	0x1486B0x1306
0x1454S0x1306	0x1453B0x1306
0x1456S0x1306	0x1453B0x1306
0x1457S0x1306	0x1453B0x1306
0x147aS0x1306	0x1453B0x1306
0x147cS0x1306	0x1453B0x1306
0x147dS0x1306	0x1453B0x1306
0x1482S0x1306	0x1453B0x1306
0x1611S0x1453S0x1306	0x1610B0x1453B0x1306
0x1612S0x1453S0x1306	0x1610B0x1453B0x1306
0x1615S0x1453S0x1306	0x1610B0x1453B0x1306
0x1618S0x1453S0x1306	0x1610B0x1453B0x1306
0x161bS0x1453S0x1306	0x1610B0x1453B0x1306
0x161dS0x1453S0x1306	0x1610B0x1453B0x1306
0x161fS0x1453S0x1306	0x1610B0x1453B0x1306
0x1602S0x1610S0x1453S0x1306	0x1601B0x1610B0x1453B0x1306
0x1606S0x1610S0x1453S0x1306	0x1601B0x1610B0x1453B0x1306
0x15d2S0x1601S0x1610S0x1453S0x1306	0x15d1B0x1601B0x1610B0x1453B0x1306
0x15d3S0x1601S0x1610S0x1453S0x1306	0x15d1B0x1601B0x1610B0x1453B0x1306
0x15e9S0x1601S0x1610S0x1453S0x1306	0x15d1B0x1601B0x1610B0x1453B0x1306
0x15f1S0x1601S0x1610S0x1453S0x1306	0x15f0B0x1601B0x1610B0x1453B0x1306
0x15f2S0x1601S0x1610S0x1453S0x1306	0x15f0B0x1601B0x1610B0x1453B0x1306
0x15f6S0x1601S0x1610S0x1453S0x1306	0x15f0B0x1601B0x1610B0x1453B0x1306
0x743S0xe3	0x743B0xe3
0x746S0xe3	0x743B0xe3
0x737S0xe3	0x736B0xe3
0x73aS0xe3	0x736B0xe3
0x73fS0xe3	0x73eB0xe3
0x1f0S0x736S0xe3	0x1efB0x736B0xe3
0x1f1S0x736S0xe3	0x1efB0x736B0xe3
0x1f3S0x736S0xe3	0x1efB0x736B0xe3
0x1f5S0x736S0xe3	0x1efB0x736B0xe3
0x1f7S0x736S0xe3	0x1efB0x736B0xe3
0x1faS0x736S0xe3	0x1efB0x736B0xe3
0x1fcS0x736S0xe3	0x1efB0x736B0xe3
0x1fdS0x736S0xe3	0x1efB0x736B0xe3
0x1ffS0x736S0xe3	0x1efB0x736B0xe3
0x1753S0x1d3	0x1753B0x1d3
0x1756S0x1d3	0x1753B0x1d3
0x1781S0x1d3	0x1781B0x1d3
0x1784S0x1d3	0x1781B0x1d3
0x1745S0x1d3	0x1744B0x1d3
0x1746S0x1d3	0x1744B0x1d3
0x1747S0x1d3	0x1744B0x1d3
0x1748S0x1d3	0x1744B0x1d3
0x174cS0x1d3	0x1744B0x1d3
0x174dS0x1d3	0x1744B0x1d3
0x174eS0x1d3	0x1744B0x1d3
0x174fS0x1d3	0x1744B0x1d3
0x175cS0x1d3	0x175bB0x1d3
0x175dS0x1d3	0x175bB0x1d3
0x1763S0x1d3	0x175bB0x1d3
0x1764S0x1d3	0x175bB0x1d3
0x407bS0x1d3	0x407aB0x1d3
0x407cS0x1d3	0x407aB0x1d3
0x176cS0x1d3	0x1768B0x1d3
0x176fS0x1d3	0x1768B0x1d3
0x1770S0x1d3	0x1768B0x1d3
0x1771S0x1d3	0x1768B0x1d3
0x177bS0x1d3	0x1768B0x1d3
0x177cS0x1d3	0x1768B0x1d3
0x177dS0x1d3	0x1768B0x1d3
0x178aS0x1d3	0x1789B0x1d3
0x1790S0x1d3	0x1789B0x1d3
0x1791S0x1d3	0x1789B0x1d3
0x409eS0x1d3	0x409dB0x1d3
0x409fS0x1d3	0x409dB0x1d3
0x16fcS0x1789S0x1d3	0x16fcB0x1789B0x1d3
0x16ffS0x1789S0x1d3	0x16fcB0x1789B0x1d3
0x1719S0x1789S0x1d3	0x1719B0x1789B0x1d3
0x171cS0x1789S0x1d3	0x1719B0x1789B0x1d3
0x1735S0x1789S0x1d3	0x1735B0x1789B0x1d3
0x1738S0x1789S0x1d3	0x1735B0x1789B0x1d3
0x1706S0x1789S0x1d3	0x1704B0x1789B0x1d3
0x1709S0x1789S0x1d3	0x1704B0x1789B0x1d3
0x1713S0x1789S0x1d3	0x1704B0x1789B0x1d3
0x1714S0x1789S0x1d3	0x1704B0x1789B0x1d3
0x1715S0x1789S0x1d3	0x1704B0x1789B0x1d3
0x4012S0x1789S0x1d3	0x4011B0x1789B0x1d3
0x4013S0x1789S0x1d3	0x4011B0x1789B0x1d3
0x1722S0x1789S0x1d3	0x1721B0x1789B0x1d3
0x1725S0x1789S0x1d3	0x1721B0x1789B0x1d3
0x1729S0x1789S0x1d3	0x1721B0x1789B0x1d3
0x172cS0x1789S0x1d3	0x1721B0x1789B0x1d3
0x172eS0x1789S0x1d3	0x1721B0x1789B0x1d3
0x172fS0x1789S0x1d3	0x1721B0x1789B0x1d3
0x1730S0x1789S0x1d3	0x1721B0x1789B0x1d3
0x1731S0x1789S0x1d3	0x1721B0x1789B0x1d3
0x4035S0x1789S0x1d3	0x4034B0x1789B0x1d3
0x4036S0x1789S0x1d3	0x4034B0x1789B0x1d3
0x4058S0x1789S0x1d3	0x4057B0x1789B0x1d3
0x4059S0x1789S0x1d3	0x4057B0x1789B0x1d3
0x16f0S0x1789S0x1d3	0x16efB0x1789B0x1d3
0x16f1S0x1789S0x1d3	0x16efB0x1789B0x1d3
0x16f3S0x1789S0x1d3	0x16efB0x1789B0x1d3
0x16f6S0x1789S0x1d3	0x16efB0x1789B0x1d3
0x16f7S0x1789S0x1d3	0x16efB0x1789B0x1d3
0x16f8S0x1789S0x1d3	0x16efB0x1789B0x1d3
0x1640S0x175bS0x1d3	0x163fB0x175bB0x1d3
0x1642S0x175bS0x1d3	0x163fB0x175bB0x1d3
0x1645S0x175bS0x1d3	0x163fB0x175bB0x1d3
0x1649S0x175bS0x1d3	0x163fB0x175bB0x1d3
0x1639S0x163fS0x175bS0x1d3	0x1639B0x163fB0x175bB0x1d3
0x163aS0x163fS0x175bS0x1d3	0x1639B0x163fB0x175bB0x1d3
0x1634S0x163fS0x175bS0x1d3	0x1632B0x163fB0x175bB0x1d3
0x1635S0x163fS0x175bS0x1d3	0x1632B0x163fB0x175bB0x1d3
0x162aS0x163fS0x175bS0x1d3	0x1629B0x163fB0x175bB0x1d3
0x162eS0x163fS0x175bS0x1d3	0x1629B0x163fB0x175bB0x1d3
0x15d2S0x1629S0x163fS0x175bS0x1d3	0x15d1B0x1629B0x163fB0x175bB0x1d3
0x15d3S0x1629S0x163fS0x175bS0x1d3	0x15d1B0x1629B0x163fB0x175bB0x1d3
0x15e9S0x1629S0x163fS0x175bS0x1d3	0x15d1B0x1629B0x163fB0x175bB0x1d3
0x15f1S0x1629S0x163fS0x175bS0x1d3	0x15f0B0x1629B0x163fB0x175bB0x1d3
0x15f2S0x1629S0x163fS0x175bS0x1d3	0x15f0B0x1629B0x163fB0x175bB0x1d3
0x15f6S0x1629S0x163fS0x175bS0x1d3	0x15f0B0x1629B0x163fB0x175bB0x1d3
0x37eS0xdc	0x37eB0xdc
0x380S0xdc	0x37eB0xdc
0x381S0xdc	0x37eB0xdc
0x3a4S0xdc	0x37eB0xdc
0x3a6S0xdc	0x37eB0xdc
0x3a7S0xdc	0x37eB0xdc
0x3abS0xdc	0x37eB0xdc
0x3d6S0xdc	0x3d6B0xdc
0x3d8S0xdc	0x3d6B0xdc
0x3d9S0xdc	0x3d6B0xdc
0x3fcS0xdc	0x3d6B0xdc
0x3feS0xdc	0x3d6B0xdc
0x3ffS0xdc	0x3d6B0xdc
0x403S0xdc	0x3d6B0xdc
0x41bS0xdc	0x41bB0xdc
0x41dS0xdc	0x41bB0xdc
0x41eS0xdc	0x41bB0xdc
0x441S0xdc	0x41bB0xdc
0x443S0xdc	0x41bB0xdc
0x444S0xdc	0x41bB0xdc
0x448S0xdc	0x41bB0xdc
0x462S0xdc	0x462B0xdc
0x464S0xdc	0x462B0xdc
0x465S0xdc	0x462B0xdc
0x488S0xdc	0x462B0xdc
0x48aS0xdc	0x462B0xdc
0x48bS0xdc	0x462B0xdc
0x48fS0xdc	0x462B0xdc
0x4adS0xdc	0x4adB0xdc
0x4aeS0xdc	0x4adB0xdc
0x4c3S0xdc	0x4adB0xdc
0x4c9S0xdc	0x4adB0xdc
0x4caS0xdc	0x4adB0xdc
0x4ad_0x0S0xdc	0x4adB0xdc
0x4ceS0xdc	0x4ceB0xdc
0x4d1S0xdc	0x4ceB0xdc
0x507S0xdc	0x507B0xdc
0x509S0xdc	0x507B0xdc
0x50aS0xdc	0x507B0xdc
0x52dS0xdc	0x507B0xdc
0x52fS0xdc	0x507B0xdc
0x530S0xdc	0x507B0xdc
0x534S0xdc	0x507B0xdc
0x563S0xdc	0x563B0xdc
0x566S0xdc	0x563B0xdc
0x59cS0xdc	0x59cB0xdc
0x59eS0xdc	0x59cB0xdc
0x59fS0xdc	0x59cB0xdc
0x5c2S0xdc	0x59cB0xdc
0x5c4S0xdc	0x59cB0xdc
0x5c5S0xdc	0x59cB0xdc
0x5c9S0xdc	0x59cB0xdc
0x5e2S0xdc	0x5e2B0xdc
0x5e5S0xdc	0x5e2B0xdc
0x620S0xdc	0x620B0xdc
0x623S0xdc	0x620B0xdc
0x661S0xdc	0x661B0xdc
0x663S0xdc	0x661B0xdc
0x666S0xdc	0x661B0xdc
0x668S0xdc	0x661B0xdc
0x669S0xdc	0x661B0xdc
0x66bS0xdc	0x661B0xdc
0x66cS0xdc	0x661B0xdc
0x66dS0xdc	0x661B0xdc
0x66fS0xdc	0x661B0xdc
0x670S0xdc	0x661B0xdc
0x673S0xdc	0x661B0xdc
0x676S0xdc	0x661B0xdc
0x677S0xdc	0x661B0xdc
0x678S0xdc	0x661B0xdc
0x67bS0xdc	0x661B0xdc
0x67dS0xdc	0x661B0xdc
0x6b6S0xdc	0x6b6B0xdc
0x6b9S0xdc	0x6b6B0xdc
0x6deS0xdc	0x6deB0xdc
0x6e1S0xdc	0x6deB0xdc
0x32bS0xdc	0x32aB0xdc
0x34cS0xdc	0x32aB0xdc
0x361S0xdc	0x32aB0xdc
0x362S0xdc	0x32aB0xdc
0x363S0xdc	0x32aB0xdc
0x378S0xdc	0x32aB0xdc
0x379S0xdc	0x32aB0xdc
0x37aS0xdc	0x32aB0xdc
0x3b9S0xdc	0x3b8B0xdc
0x3bcS0xdc	0x3b8B0xdc
0x3b0S0xdc	0x3afB0xdc
0x3b2S0xdc	0x3afB0xdc
0x3b5S0xdc	0x3afB0xdc
0x3c1S0xdc	0x3c0B0xdc
0x3c4S0xdc	0x3c0B0xdc
0x3d1S0xdc	0x3c8B0xdc
0x3d2S0xdc	0x3c8B0xdc
0x411S0xdc	0x410B0xdc
0x416S0xdc	0x410B0xdc
0x417S0xdc	0x410B0xdc
0x408S0xdc	0x407B0xdc
0x40aS0xdc	0x407B0xdc
0x40dS0xdc	0x407B0xdc
0x456S0xdc	0x455B0xdc
0x45cS0xdc	0x455B0xdc
0x45dS0xdc	0x455B0xdc
0x45eS0xdc	0x455B0xdc
0x44dS0xdc	0x44cB0xdc
0x44fS0xdc	0x44cB0xdc
0x452S0xdc	0x44cB0xdc
0x49dS0xdc	0x49cB0xdc
0x49eS0xdc	0x49cB0xdc
0x494S0xdc	0x493B0xdc
0x496S0xdc	0x493B0xdc
0x499S0xdc	0x493B0xdc
0x721S0xdc	0x71fB0xdc
0x724S0xdc	0x71fB0xdc
0x4d9S0xdc	0x4d6B0xdc
0x4dbS0xdc	0x4d6B0xdc
0x4dcS0xdc	0x4d6B0xdc
0x4ddS0xdc	0x4d6B0xdc
0x4e0S0xdc	0x4d6B0xdc
0x4e2S0xdc	0x4d6B0xdc
0x4e7S0xdc	0x4d6B0xdc
0x4d6_0x0S0xdc	0x4d6B0xdc
0x3cc9S0xdc	0x3cc8B0xdc
0x3ceaS0xdc	0x3cc8B0xdc
0x3cecS0xdc	0x3cc8B0xdc
0x3ceeS0xdc	0x3cc8B0xdc
0x3cf1S0xdc	0x3cc8B0xdc
0x3cf3S0xdc	0x3cc8B0xdc
0x4ecS0xdc	0x4ebB0xdc
0x501S0xdc	0x4ebB0xdc
0x502S0xdc	0x4ebB0xdc
0x503S0xdc	0x4ebB0xdc
0x542S0xdc	0x541B0xdc
0x543S0xdc	0x541B0xdc
0x558S0xdc	0x541B0xdc
0x55eS0xdc	0x541B0xdc
0x55fS0xdc	0x541B0xdc
0x541_0x0S0xdc	0x541B0xdc
0x539S0xdc	0x538B0xdc
0x53bS0xdc	0x538B0xdc
0x53eS0xdc	0x538B0xdc
0x56eS0xdc	0x56bB0xdc
0x570S0xdc	0x56bB0xdc
0x571S0xdc	0x56bB0xdc
0x572S0xdc	0x56bB0xdc
0x575S0xdc	0x56bB0xdc
0x577S0xdc	0x56bB0xdc
0x57cS0xdc	0x56bB0xdc
0x56b_0x0S0xdc	0x56bB0xdc
0x3d15S0xdc	0x3d14B0xdc
0x3d36S0xdc	0x3d14B0xdc
0x3d38S0xdc	0x3d14B0xdc
0x3d3aS0xdc	0x3d14B0xdc
0x3d3dS0xdc	0x3d14B0xdc
0x3d3fS0xdc	0x3d14B0xdc
0x581S0xdc	0x580B0xdc
0x596S0xdc	0x580B0xdc
0x597S0xdc	0x580B0xdc
0x598S0xdc	0x580B0xdc
0x5d7S0xdc	0x5d6B0xdc
0x5ddS0xdc	0x5d6B0xdc
0x5deS0xdc	0x5d6B0xdc
0x5d6_0x0S0xdc	0x5d6B0xdc
0x5ceS0xdc	0x5cdB0xdc
0x5d0S0xdc	0x5cdB0xdc
0x5d3S0xdc	0x5cdB0xdc
0x5edS0xdc	0x5eaB0xdc
0x5efS0xdc	0x5eaB0xdc
0x5f0S0xdc	0x5eaB0xdc
0x5f1S0xdc	0x5eaB0xdc
0x5f4S0xdc	0x5eaB0xdc
0x5f6S0xdc	0x5eaB0xdc
0x5fbS0xdc	0x5eaB0xdc
0x5ea_0x0S0xdc	0x5eaB0xdc
0x3d61S0xdc	0x3d60B0xdc
0x3d82S0xdc	0x3d60B0xdc
0x3d84S0xdc	0x3d60B0xdc
0x3d86S0xdc	0x3d60B0xdc
0x3d89S0xdc	0x3d60B0xdc
0x3d8bS0xdc	0x3d60B0xdc
0x600S0xdc	0x5ffB0xdc
0x615S0xdc	0x5ffB0xdc
0x61bS0xdc	0x5ffB0xdc
0x61cS0xdc	0x5ffB0xdc
0x5ff_0x2S0xdc	0x5ffB0xdc
0x62bS0xdc	0x628B0xdc
0x62dS0xdc	0x628B0xdc
0x62fS0xdc	0x628B0xdc
0x631S0xdc	0x628B0xdc
0x636S0xdc	0x628B0xdc
0x628_0x0S0xdc	0x628B0xdc
0x3dadS0xdc	0x3dacB0xdc
0x3dceS0xdc	0x3dacB0xdc
0x3dd0S0xdc	0x3dacB0xdc
0x3dd2S0xdc	0x3dacB0xdc
0x3dd5S0xdc	0x3dacB0xdc
0x3dd7S0xdc	0x3dacB0xdc
0x63bS0xdc	0x63aB0xdc
0x63dS0xdc	0x63aB0xdc
0x63eS0xdc	0x63aB0xdc
0x644S0xdc	0x63aB0xdc
0x649S0xdc	0x648B0xdc
0x64aS0xdc	0x648B0xdc
0x64cS0xdc	0x648B0xdc
0x64fS0xdc	0x648B0xdc
0x651S0xdc	0x648B0xdc
0x653S0xdc	0x648B0xdc
0x654S0xdc	0x648B0xdc
0x658S0xdc	0x648B0xdc
0x65aS0xdc	0x648B0xdc
0x65cS0xdc	0x648B0xdc
0x65dS0xdc	0x648B0xdc
0x682S0xdc	0x681B0xdc
0x68bS0xdc	0x686B0xdc
0x6b1S0xdc	0x686B0xdc
0x6b2S0xdc	0x686B0xdc
0x686_0x4S0xdc	0x686B0xdc
0x6c1S0xdc	0x6beB0xdc
0x6c3S0xdc	0x6beB0xdc
0x6c4S0xdc	0x6beB0xdc
0x6c5S0xdc	0x6beB0xdc
0x6c8S0xdc	0x6beB0xdc
0x6caS0xdc	0x6beB0xdc
0x6cfS0xdc	0x6beB0xdc
0x6be_0x0S0xdc	0x6beB0xdc
0x3df9S0xdc	0x3df8B0xdc
0x3e1aS0xdc	0x3df8B0xdc
0x3e1cS0xdc	0x3df8B0xdc
0x3e1eS0xdc	0x3df8B0xdc
0x3e21S0xdc	0x3df8B0xdc
0x3e23S0xdc	0x3df8B0xdc
0x6d9S0xdc	0x6d3B0xdc
0x6daS0xdc	0x6d3B0xdc
0x6d3_0x3S0xdc	0x6d3B0xdc
0x6e9S0xdc	0x6e6B0xdc
0x6ebS0xdc	0x6e6B0xdc
0x6edS0xdc	0x6e6B0xdc
0x6efS0xdc	0x6e6B0xdc
0x6f4S0xdc	0x6e6B0xdc
0x6e6_0x0S0xdc	0x6e6B0xdc
0x3e45S0xdc	0x3e44B0xdc
0x3e66S0xdc	0x3e44B0xdc
0x3e68S0xdc	0x3e44B0xdc
0x3e6aS0xdc	0x3e44B0xdc
0x3e6dS0xdc	0x3e44B0xdc
0x3e6fS0xdc	0x3e44B0xdc
0x6faS0xdc	0x6f8B0xdc
0x6fcS0xdc	0x6f8B0xdc
0x6fdS0xdc	0x6f8B0xdc
0x705S0xdc	0x6f8B0xdc
0x70aS0xdc	0x709B0xdc
0x70cS0xdc	0x709B0xdc
0x70fS0xdc	0x709B0xdc
0x715S0xdc	0x709B0xdc
0x717S0xdc	0x709B0xdc
0x71bS0xdc	0x709B0xdc
0x709_0x3S0xdc	0x709B0xdc
0x4a7S0xdc	0x4a1B0xdc
0x4a8S0xdc	0x4a1B0xdc
0x4a9S0xdc	0x4a1B0xdc
0x4a1_0x0S0xdc	0x4a1B0xdc
0x729S0xdc	0x728B0xdc
0x72cS0xdc	0x728B0xdc
0x1b14S0x628S0xdc	0x1b14B0x628B0xdc
0x1b17S0x628S0xdc	0x1b14B0x628B0xdc
0x1b36S0x628S0xdc	0x1b36B0x628B0xdc
0x1b39S0x628S0xdc	0x1b36B0x628B0xdc
0x1b52S0x628S0xdc	0x1b52B0x628B0xdc
0x1b55S0x628S0xdc	0x1b52B0x628B0xdc
0x1b01S0x628S0xdc	0x1b00B0x628B0xdc
0x1b02S0x628S0xdc	0x1b00B0x628B0xdc
0x1b04S0x628S0xdc	0x1b00B0x628B0xdc
0x1b05S0x628S0xdc	0x1b00B0x628B0xdc
0x1b07S0x628S0xdc	0x1b00B0x628B0xdc
0x1b09S0x628S0xdc	0x1b00B0x628B0xdc
0x1b0bS0x628S0xdc	0x1b00B0x628B0xdc
0x1b0cS0x628S0xdc	0x1b00B0x628B0xdc
0x1b0dS0x628S0xdc	0x1b00B0x628B0xdc
0x1b0fS0x628S0xdc	0x1b00B0x628B0xdc
0x1b10S0x628S0xdc	0x1b00B0x628B0xdc
0x1b1fS0x628S0xdc	0x1b1cB0x628B0xdc
0x1b23S0x628S0xdc	0x1b1cB0x628B0xdc
0x1b26S0x628S0xdc	0x1b1cB0x628B0xdc
0x1b30S0x628S0xdc	0x1b1cB0x628B0xdc
0x1b31S0x628S0xdc	0x1b1cB0x628B0xdc
0x1b32S0x628S0xdc	0x1b1cB0x628B0xdc
0x1af5S0x628S0xdc	0x1af4B0x628B0xdc
0x1af6S0x628S0xdc	0x1af4B0x628B0xdc
0x1b3fS0x628S0xdc	0x1b3eB0x628B0xdc
0x1b42S0x628S0xdc	0x1b3eB0x628B0xdc
0x1b45S0x628S0xdc	0x1b3eB0x628B0xdc
0x1b48S0x628S0xdc	0x1b3eB0x628B0xdc
0x1b49S0x628S0xdc	0x1b3eB0x628B0xdc
0x1b4aS0x628S0xdc	0x1b3eB0x628B0xdc
0x1b4cS0x628S0xdc	0x1b3eB0x628B0xdc
0x1b4dS0x628S0xdc	0x1b3eB0x628B0xdc
0x1b4eS0x628S0xdc	0x1b3eB0x628B0xdc
0x1af9S0x628S0xdc	0x1af8B0x628B0xdc
0x1afaS0x628S0xdc	0x1af8B0x628B0xdc
0x1afdS0x628S0xdc	0x1afcB0x628B0xdc
0x1afeS0x628S0xdc	0x1afcB0x628B0xdc
0x1b14S0x6e6S0xdc	0x1b14B0x6e6B0xdc
0x1b17S0x6e6S0xdc	0x1b14B0x6e6B0xdc
0x1b36S0x6e6S0xdc	0x1b36B0x6e6B0xdc
0x1b39S0x6e6S0xdc	0x1b36B0x6e6B0xdc
0x1b52S0x6e6S0xdc	0x1b52B0x6e6B0xdc
0x1b55S0x6e6S0xdc	0x1b52B0x6e6B0xdc
0x1b01S0x6e6S0xdc	0x1b00B0x6e6B0xdc
0x1b02S0x6e6S0xdc	0x1b00B0x6e6B0xdc
0x1b04S0x6e6S0xdc	0x1b00B0x6e6B0xdc
0x1b05S0x6e6S0xdc	0x1b00B0x6e6B0xdc
0x1b07S0x6e6S0xdc	0x1b00B0x6e6B0xdc
0x1b09S0x6e6S0xdc	0x1b00B0x6e6B0xdc
0x1b0bS0x6e6S0xdc	0x1b00B0x6e6B0xdc
0x1b0cS0x6e6S0xdc	0x1b00B0x6e6B0xdc
0x1b0dS0x6e6S0xdc	0x1b00B0x6e6B0xdc
0x1b0fS0x6e6S0xdc	0x1b00B0x6e6B0xdc
0x1b10S0x6e6S0xdc	0x1b00B0x6e6B0xdc
0x1b1fS0x6e6S0xdc	0x1b1cB0x6e6B0xdc
0x1b23S0x6e6S0xdc	0x1b1cB0x6e6B0xdc
0x1b26S0x6e6S0xdc	0x1b1cB0x6e6B0xdc
0x1b30S0x6e6S0xdc	0x1b1cB0x6e6B0xdc
0x1b31S0x6e6S0xdc	0x1b1cB0x6e6B0xdc
0x1b32S0x6e6S0xdc	0x1b1cB0x6e6B0xdc
0x1af5S0x6e6S0xdc	0x1af4B0x6e6B0xdc
0x1af6S0x6e6S0xdc	0x1af4B0x6e6B0xdc
0x1b3fS0x6e6S0xdc	0x1b3eB0x6e6B0xdc
0x1b42S0x6e6S0xdc	0x1b3eB0x6e6B0xdc
0x1b45S0x6e6S0xdc	0x1b3eB0x6e6B0xdc
0x1b48S0x6e6S0xdc	0x1b3eB0x6e6B0xdc
0x1b49S0x6e6S0xdc	0x1b3eB0x6e6B0xdc
0x1b4aS0x6e6S0xdc	0x1b3eB0x6e6B0xdc
0x1b4cS0x6e6S0xdc	0x1b3eB0x6e6B0xdc
0x1b4dS0x6e6S0xdc	0x1b3eB0x6e6B0xdc
0x1b4eS0x6e6S0xdc	0x1b3eB0x6e6B0xdc
0x1af9S0x6e6S0xdc	0x1af8B0x6e6B0xdc
0x1afaS0x6e6S0xdc	0x1af8B0x6e6B0xdc
0x1afdS0x6e6S0xdc	0x1afcB0x6e6B0xdc
0x1afeS0x6e6S0xdc	0x1afcB0x6e6B0xdc
0x126aS0x728S0xdc	0x1269B0x728B0xdc
0x126cS0x728S0xdc	0x1269B0x728B0xdc
0x18a2S0x37eS0xdc	0x18a1B0x37eB0xdc
0x18a3S0x37eS0xdc	0x18a1B0x37eB0xdc
0x18a6S0x37eS0xdc	0x18a1B0x37eB0xdc
0x18abS0x37eS0xdc	0x18a1B0x37eB0xdc
0x18acS0x37eS0xdc	0x18a1B0x37eB0xdc
0x18aeS0x37eS0xdc	0x18a1B0x37eB0xdc
0x18b0S0x37eS0xdc	0x18a1B0x37eB0xdc
0x18b4S0x37eS0xdc	0x18a1B0x37eB0xdc
0x188eS0x37eS0xdc	0x188bB0x37eB0xdc
0x1892S0x37eS0xdc	0x188bB0x37eB0xdc
0x1897S0x37eS0xdc	0x1896B0x37eB0xdc
0x189aS0x37eS0xdc	0x1896B0x37eB0xdc
0x1832S0x37eS0xdc	0x1831B0x37eB0xdc
0x1853S0x37eS0xdc	0x1831B0x37eB0xdc
0x1855S0x37eS0xdc	0x1831B0x37eB0xdc
0x1857S0x37eS0xdc	0x1831B0x37eB0xdc
0x1878S0x37eS0xdc	0x1831B0x37eB0xdc
0x187bS0x37eS0xdc	0x1831B0x37eB0xdc
0x1880S0x37eS0xdc	0x187fB0x37eB0xdc
0x1881S0x37eS0xdc	0x187fB0x37eB0xdc
0x1884S0x37eS0xdc	0x187fB0x37eB0xdc
0x1887S0x37eS0xdc	0x187fB0x37eB0xdc
0x1822S0x187fS0x37eS0xdc	0x1821B0x187fB0x37eB0xdc
0x1826S0x187fS0x37eS0xdc	0x1821B0x187fB0x37eB0xdc
0x1829S0x187fS0x37eS0xdc	0x1821B0x187fB0x37eB0xdc
0x190aS0x3d6S0xdc	0x1909B0x3d6B0xdc
0x190bS0x3d6S0xdc	0x1909B0x3d6B0xdc
0x190eS0x3d6S0xdc	0x1909B0x3d6B0xdc
0x1913S0x3d6S0xdc	0x1909B0x3d6B0xdc
0x1914S0x3d6S0xdc	0x1909B0x3d6B0xdc
0x1916S0x3d6S0xdc	0x1909B0x3d6B0xdc
0x1918S0x3d6S0xdc	0x1909B0x3d6B0xdc
0x191cS0x3d6S0xdc	0x1909B0x3d6B0xdc
0x18f6S0x3d6S0xdc	0x18f3B0x3d6B0xdc
0x18faS0x3d6S0xdc	0x18f3B0x3d6B0xdc
0x18ffS0x3d6S0xdc	0x18feB0x3d6B0xdc
0x1902S0x3d6S0xdc	0x18feB0x3d6B0xdc
0x18c0S0x3d6S0xdc	0x18bfB0x3d6B0xdc
0x18e1S0x3d6S0xdc	0x18bfB0x3d6B0xdc
0x18e3S0x3d6S0xdc	0x18bfB0x3d6B0xdc
0x18e8S0x3d6S0xdc	0x18e7B0x3d6B0xdc
0x18e9S0x3d6S0xdc	0x18e7B0x3d6B0xdc
0x18ecS0x3d6S0xdc	0x18e7B0x3d6B0xdc
0x18efS0x3d6S0xdc	0x18e7B0x3d6B0xdc
0x1822S0x18e7S0x3d6S0xdc	0x1821B0x18e7B0x3d6B0xdc
0x1826S0x18e7S0x3d6S0xdc	0x1821B0x18e7B0x3d6B0xdc
0x1829S0x18e7S0x3d6S0xdc	0x1821B0x18e7B0x3d6B0xdc
0x1972S0x41bS0xdc	0x1971B0x41bB0xdc
0x1973S0x41bS0xdc	0x1971B0x41bB0xdc
0x1976S0x41bS0xdc	0x1971B0x41bB0xdc
0x197bS0x41bS0xdc	0x1971B0x41bB0xdc
0x197cS0x41bS0xdc	0x1971B0x41bB0xdc
0x197eS0x41bS0xdc	0x1971B0x41bB0xdc
0x1980S0x41bS0xdc	0x1971B0x41bB0xdc
0x1984S0x41bS0xdc	0x1971B0x41bB0xdc
0x195eS0x41bS0xdc	0x195bB0x41bB0xdc
0x1962S0x41bS0xdc	0x195bB0x41bB0xdc
0x1967S0x41bS0xdc	0x1966B0x41bB0xdc
0x196aS0x41bS0xdc	0x1966B0x41bB0xdc
0x1928S0x41bS0xdc	0x1927B0x41bB0xdc
0x1949S0x41bS0xdc	0x1927B0x41bB0xdc
0x194bS0x41bS0xdc	0x1927B0x41bB0xdc
0x1950S0x41bS0xdc	0x194fB0x41bB0xdc
0x1951S0x41bS0xdc	0x194fB0x41bB0xdc
0x1954S0x41bS0xdc	0x194fB0x41bB0xdc
0x1957S0x41bS0xdc	0x194fB0x41bB0xdc
0x1822S0x194fS0x41bS0xdc	0x1821B0x194fB0x41bB0xdc
0x1826S0x194fS0x41bS0xdc	0x1821B0x194fB0x41bB0xdc
0x1829S0x194fS0x41bS0xdc	0x1821B0x194fB0x41bB0xdc
0x19daS0x462S0xdc	0x19d9B0x462B0xdc
0x19dbS0x462S0xdc	0x19d9B0x462B0xdc
0x19deS0x462S0xdc	0x19d9B0x462B0xdc
0x19e3S0x462S0xdc	0x19d9B0x462B0xdc
0x19e4S0x462S0xdc	0x19d9B0x462B0xdc
0x19e6S0x462S0xdc	0x19d9B0x462B0xdc
0x19e8S0x462S0xdc	0x19d9B0x462B0xdc
0x19ecS0x462S0xdc	0x19d9B0x462B0xdc
0x19c6S0x462S0xdc	0x19c3B0x462B0xdc
0x19caS0x462S0xdc	0x19c3B0x462B0xdc
0x19cfS0x462S0xdc	0x19ceB0x462B0xdc
0x19d2S0x462S0xdc	0x19ceB0x462B0xdc
0x1990S0x462S0xdc	0x198fB0x462B0xdc
0x19b1S0x462S0xdc	0x198fB0x462B0xdc
0x19b3S0x462S0xdc	0x198fB0x462B0xdc
0x19b8S0x462S0xdc	0x19b7B0x462B0xdc
0x19b9S0x462S0xdc	0x19b7B0x462B0xdc
0x19bcS0x462S0xdc	0x19b7B0x462B0xdc
0x19bfS0x462S0xdc	0x19b7B0x462B0xdc
0x1822S0x19b7S0x462S0xdc	0x1821B0x19b7B0x462B0xdc
0x1826S0x19b7S0x462S0xdc	0x1821B0x19b7B0x462B0xdc
0x1829S0x19b7S0x462S0xdc	0x1821B0x19b7B0x462B0xdc
0x1a6fS0x507S0xdc	0x1a6eB0x507B0xdc
0x1a70S0x507S0xdc	0x1a6eB0x507B0xdc
0x1a73S0x507S0xdc	0x1a6eB0x507B0xdc
0x1a78S0x507S0xdc	0x1a6eB0x507B0xdc
0x1a79S0x507S0xdc	0x1a6eB0x507B0xdc
0x1a7bS0x507S0xdc	0x1a6eB0x507B0xdc
0x1a7dS0x507S0xdc	0x1a6eB0x507B0xdc
0x1a81S0x507S0xdc	0x1a6eB0x507B0xdc
0x1a5bS0x507S0xdc	0x1a58B0x507B0xdc
0x1a5fS0x507S0xdc	0x1a58B0x507B0xdc
0x1a64S0x507S0xdc	0x1a63B0x507B0xdc
0x1a67S0x507S0xdc	0x1a63B0x507B0xdc
0x1a25S0x507S0xdc	0x1a24B0x507B0xdc
0x1a46S0x507S0xdc	0x1a24B0x507B0xdc
0x1a48S0x507S0xdc	0x1a24B0x507B0xdc
0x1a4dS0x507S0xdc	0x1a4cB0x507B0xdc
0x1a4eS0x507S0xdc	0x1a4cB0x507B0xdc
0x1a51S0x507S0xdc	0x1a4cB0x507B0xdc
0x1a54S0x507S0xdc	0x1a4cB0x507B0xdc
0x1822S0x1a4cS0x507S0xdc	0x1821B0x1a4cB0x507B0xdc
0x1826S0x1a4cS0x507S0xdc	0x1821B0x1a4cB0x507B0xdc
0x1829S0x1a4cS0x507S0xdc	0x1821B0x1a4cB0x507B0xdc
0x1ad7S0x59cS0xdc	0x1ad6B0x59cB0xdc
0x1ad8S0x59cS0xdc	0x1ad6B0x59cB0xdc
0x1adbS0x59cS0xdc	0x1ad6B0x59cB0xdc
0x1ae0S0x59cS0xdc	0x1ad6B0x59cB0xdc
0x1ae1S0x59cS0xdc	0x1ad6B0x59cB0xdc
0x1ae3S0x59cS0xdc	0x1ad6B0x59cB0xdc
0x1ae5S0x59cS0xdc	0x1ad6B0x59cB0xdc
0x1ae9S0x59cS0xdc	0x1ad6B0x59cB0xdc
0x1ac3S0x59cS0xdc	0x1ac0B0x59cB0xdc
0x1ac7S0x59cS0xdc	0x1ac0B0x59cB0xdc
0x1accS0x59cS0xdc	0x1acbB0x59cB0xdc
0x1acfS0x59cS0xdc	0x1acbB0x59cB0xdc
0x1a8dS0x59cS0xdc	0x1a8cB0x59cB0xdc
0x1aaeS0x59cS0xdc	0x1a8cB0x59cB0xdc
0x1ab0S0x59cS0xdc	0x1a8cB0x59cB0xdc
0x1ab5S0x59cS0xdc	0x1ab4B0x59cB0xdc
0x1ab6S0x59cS0xdc	0x1ab4B0x59cB0xdc
0x1ab9S0x59cS0xdc	0x1ab4B0x59cB0xdc
0x1abcS0x59cS0xdc	0x1ab4B0x59cB0xdc
0x1822S0x1ab4S0x59cS0xdc	0x1821B0x1ab4B0x59cB0xdc
0x1826S0x1ab4S0x59cS0xdc	0x1821B0x1ab4B0x59cB0xdc
0x1829S0x1ab4S0x59cS0xdc	0x1821B0x1ab4B0x59cB0xdc
0x11f2S0x3b8S0xdc	0x11f2B0x3b8B0xdc
0x11f4S0x3b8S0xdc	0x11f2B0x3b8B0xdc
0x11f5S0x3b8S0xdc	0x11f2B0x3b8B0xdc
0x1218S0x3b8S0xdc	0x11f2B0x3b8B0xdc
0x121aS0x3b8S0xdc	0x11f2B0x3b8B0xdc
0x121bS0x3b8S0xdc	0x11f2B0x3b8B0xdc
0x121dS0x3b8S0xdc	0x11f2B0x3b8B0xdc
0x1220S0x3b8S0xdc	0x11f2B0x3b8B0xdc
0x11e5S0x3b8S0xdc	0x11e4B0x3b8B0xdc
0x11e8S0x3b8S0xdc	0x11e4B0x3b8B0xdc
0x11edS0x3b8S0xdc	0x11ecB0x3b8B0xdc
0x11eeS0x3b8S0xdc	0x11ecB0x3b8B0xdc
0x1f0S0x11e4S0x3b8S0xdc	0x1efB0x11e4B0x3b8B0xdc
0x1f1S0x11e4S0x3b8S0xdc	0x1efB0x11e4B0x3b8B0xdc
0x1f3S0x11e4S0x3b8S0xdc	0x1efB0x11e4B0x3b8B0xdc
0x1f5S0x11e4S0x3b8S0xdc	0x1efB0x11e4B0x3b8B0xdc
0x1f7S0x11e4S0x3b8S0xdc	0x1efB0x11e4B0x3b8B0xdc
0x1faS0x11e4S0x3b8S0xdc	0x1efB0x11e4B0x3b8B0xdc
0x1fcS0x11e4S0x3b8S0xdc	0x1efB0x11e4B0x3b8B0xdc
0x1fdS0x11e4S0x3b8S0xdc	0x1efB0x11e4B0x3b8B0xdc
0x1ffS0x11e4S0x3b8S0xdc	0x1efB0x11e4B0x3b8B0xdc
0x1b95S0x63aS0xdc	0x1b94B0x63aB0xdc
0x1b96S0x63aS0xdc	0x1b94B0x63aB0xdc
0x1b9cS0x63aS0xdc	0x1b94B0x63aB0xdc
0x1b7eS0x63aS0xdc	0x1b7bB0x63aB0xdc
0x1b84S0x63aS0xdc	0x1b7bB0x63aB0xdc
0x1b8bS0x63aS0xdc	0x1b88B0x63aB0xdc
0x1b71S0x63aS0xdc	0x1b70B0x63aB0xdc
0x1b72S0x63aS0xdc	0x1b70B0x63aB0xdc
0x1b77S0x63aS0xdc	0x1b70B0x63aB0xdc
0x1b67S0x1b7bS0x63aS0xdc	0x1b62B0x1b7bB0x63aB0xdc
0x1b6aS0x1b7bS0x63aS0xdc	0x1b62B0x1b7bB0x63aB0xdc
0x17a2S0x1b70S0x63aS0xdc	0x17a1B0x1b70B0x63aB0xdc
0x1bf9S0x6f8S0xdc	0x1bf8B0x6f8B0xdc
0x1bfaS0x6f8S0xdc	0x1bf8B0x6f8B0xdc
0x1bfdS0x6f8S0xdc	0x1bf8B0x6f8B0xdc
0x1c00S0x6f8S0xdc	0x1bf8B0x6f8B0xdc
0x1c03S0x6f8S0xdc	0x1bf8B0x6f8B0xdc
0x1c05S0x6f8S0xdc	0x1bf8B0x6f8B0xdc
0x1c07S0x6f8S0xdc	0x1bf8B0x6f8B0xdc
0x1bdaS0x6f8S0xdc	0x1bd7B0x6f8B0xdc
0x1be0S0x6f8S0xdc	0x1bd7B0x6f8B0xdc
0x1badS0x6f8S0xdc	0x1bacB0x6f8B0xdc
0x1bb1S0x6f8S0xdc	0x1bacB0x6f8B0xdc
0x1bb4S0x6f8S0xdc	0x1bacB0x6f8B0xdc
0x1be5S0x6f8S0xdc	0x1be4B0x6f8B0xdc
0x1be9S0x6f8S0xdc	0x1be4B0x6f8B0xdc
0x1befS0x6f8S0xdc	0x1bedB0x6f8B0xdc
0x1bbdS0x6f8S0xdc	0x1bbcB0x6f8B0xdc
0x1bbeS0x6f8S0xdc	0x1bbcB0x6f8B0xdc
0x1bc0S0x6f8S0xdc	0x1bbcB0x6f8B0xdc
0x1bc1S0x6f8S0xdc	0x1bbcB0x6f8B0xdc
0x1bc4S0x6f8S0xdc	0x1bbcB0x6f8B0xdc
0x1bc5S0x6f8S0xdc	0x1bbcB0x6f8B0xdc
0x1c0eS0x6f8S0xdc	0x1c0bB0x6f8B0xdc
0x1c0fS0x6f8S0xdc	0x1c0bB0x6f8B0xdc
0x1c12S0x6f8S0xdc	0x1c0bB0x6f8B0xdc
0x1c14S0x6f8S0xdc	0x1c0bB0x6f8B0xdc
0x1c1aS0x6f8S0xdc	0x1c0bB0x6f8B0xdc
0x1c21S0x6f8S0xdc	0x1c1eB0x6f8B0xdc
0x1c24S0x6f8S0xdc	0x1c1eB0x6f8B0xdc
0x1c27S0x6f8S0xdc	0x1c1eB0x6f8B0xdc
0x1c29S0x6f8S0xdc	0x1c1eB0x6f8B0xdc
0x1bcdS0x6f8S0xdc	0x1bccB0x6f8B0xdc
0x1bceS0x6f8S0xdc	0x1bccB0x6f8B0xdc
0x1bd3S0x6f8S0xdc	0x1bccB0x6f8B0xdc
0x1b67S0x1bd7S0x6f8S0xdc	0x1b62B0x1bd7B0x6f8B0xdc
0x1b6aS0x1bd7S0x6f8S0xdc	0x1b62B0x1bd7B0x6f8B0xdc
0x16bdS0x1c1eS0x6f8S0xdc	0x16bcB0x1c1eB0x6f8B0xdc
0x16bfS0x1c1eS0x6f8S0xdc	0x16bcB0x1c1eB0x6f8B0xdc
0x16c0S0x1c1eS0x6f8S0xdc	0x16bcB0x1c1eB0x6f8B0xdc
0x16c8S0x1c1eS0x6f8S0xdc	0x16c7B0x1c1eB0x6f8B0xdc
0x16ccS0x1c1eS0x6f8S0xdc	0x16c7B0x1c1eB0x6f8B0xdc
0x1602S0x1bf8S0x6f8S0xdc	0x1601B0x1bf8B0x6f8B0xdc
0x1606S0x1bf8S0x6f8S0xdc	0x1601B0x1bf8B0x6f8B0xdc
0x15d2S0x1601S0x1bf8S0x6f8S0xdc	0x15d1B0x1601B0x1bf8B0x6f8B0xdc
0x15d3S0x1601S0x1bf8S0x6f8S0xdc	0x15d1B0x1601B0x1bf8B0x6f8B0xdc
0x15e9S0x1601S0x1bf8S0x6f8S0xdc	0x15d1B0x1601B0x1bf8B0x6f8B0xdc
0x15f1S0x1601S0x1bf8S0x6f8S0xdc	0x15f0B0x1601B0x1bf8B0x6f8B0xdc
0x15f2S0x1601S0x1bf8S0x6f8S0xdc	0x15f0B0x1601B0x1bf8B0x6f8B0xdc
0x15f6S0x1601S0x1bf8S0x6f8S0xdc	0x15f0B0x1601B0x1bf8B0x6f8B0xdc
0x169eS0x4d6S0xdc	0x169eB0x4d6B0xdc
0x16a1S0x4d6S0xdc	0x169eB0x4d6B0xdc
0x1692S0x4d6S0xdc	0x1691B0x4d6B0xdc
0x1693S0x4d6S0xdc	0x1691B0x4d6B0xdc
0x1697S0x4d6S0xdc	0x1691B0x4d6B0xdc
0x1698S0x4d6S0xdc	0x1691B0x4d6B0xdc
0x1699S0x4d6S0xdc	0x1691B0x4d6B0xdc
0x169aS0x4d6S0xdc	0x1691B0x4d6B0xdc
0x16a7S0x4d6S0xdc	0x16a6B0x4d6B0xdc
0x16a8S0x4d6S0xdc	0x16a6B0x4d6B0xdc
0x16aeS0x4d6S0xdc	0x16a6B0x4d6B0xdc
0x16afS0x4d6S0xdc	0x16a6B0x4d6B0xdc
0x3fefS0x4d6S0xdc	0x3feeB0x4d6B0xdc
0x3ff0S0x4d6S0xdc	0x3feeB0x4d6B0xdc
0x1640S0x16a6S0x4d6S0xdc	0x163fB0x16a6B0x4d6B0xdc
0x1642S0x16a6S0x4d6S0xdc	0x163fB0x16a6B0x4d6B0xdc
0x1645S0x16a6S0x4d6S0xdc	0x163fB0x16a6B0x4d6B0xdc
0x1649S0x16a6S0x4d6S0xdc	0x163fB0x16a6B0x4d6B0xdc
0x1639S0x163fS0x16a6S0x4d6S0xdc	0x1639B0x163fB0x16a6B0x4d6B0xdc
0x163aS0x163fS0x16a6S0x4d6S0xdc	0x1639B0x163fB0x16a6B0x4d6B0xdc
0x1634S0x163fS0x16a6S0x4d6S0xdc	0x1632B0x163fB0x16a6B0x4d6B0xdc
0x1635S0x163fS0x16a6S0x4d6S0xdc	0x1632B0x163fB0x16a6B0x4d6B0xdc
0x162aS0x163fS0x16a6S0x4d6S0xdc	0x1629B0x163fB0x16a6B0x4d6B0xdc
0x162eS0x163fS0x16a6S0x4d6S0xdc	0x1629B0x163fB0x16a6B0x4d6B0xdc
0x15d2S0x1629S0x163fS0x16a6S0x4d6S0xdc	0x15d1B0x1629B0x163fB0x16a6B0x4d6B0xdc
0x15d3S0x1629S0x163fS0x16a6S0x4d6S0xdc	0x15d1B0x1629B0x163fB0x16a6B0x4d6B0xdc
0x15e9S0x1629S0x163fS0x16a6S0x4d6S0xdc	0x15d1B0x1629B0x163fB0x16a6B0x4d6B0xdc
0x15f1S0x1629S0x163fS0x16a6S0x4d6S0xdc	0x15f0B0x1629B0x163fB0x16a6B0x4d6B0xdc
0x15f2S0x1629S0x163fS0x16a6S0x4d6S0xdc	0x15f0B0x1629B0x163fB0x16a6B0x4d6B0xdc
0x15f6S0x1629S0x163fS0x16a6S0x4d6S0xdc	0x15f0B0x1629B0x163fB0x16a6B0x4d6B0xdc
0x169eS0x56bS0xdc	0x169eB0x56bB0xdc
0x16a1S0x56bS0xdc	0x169eB0x56bB0xdc
0x1692S0x56bS0xdc	0x1691B0x56bB0xdc
0x1693S0x56bS0xdc	0x1691B0x56bB0xdc
0x1697S0x56bS0xdc	0x1691B0x56bB0xdc
0x1698S0x56bS0xdc	0x1691B0x56bB0xdc
0x1699S0x56bS0xdc	0x1691B0x56bB0xdc
0x169aS0x56bS0xdc	0x1691B0x56bB0xdc
0x16a7S0x56bS0xdc	0x16a6B0x56bB0xdc
0x16a8S0x56bS0xdc	0x16a6B0x56bB0xdc
0x16aeS0x56bS0xdc	0x16a6B0x56bB0xdc
0x16afS0x56bS0xdc	0x16a6B0x56bB0xdc
0x3fefS0x56bS0xdc	0x3feeB0x56bB0xdc
0x3ff0S0x56bS0xdc	0x3feeB0x56bB0xdc
0x1640S0x16a6S0x56bS0xdc	0x163fB0x16a6B0x56bB0xdc
0x1642S0x16a6S0x56bS0xdc	0x163fB0x16a6B0x56bB0xdc
0x1645S0x16a6S0x56bS0xdc	0x163fB0x16a6B0x56bB0xdc
0x1649S0x16a6S0x56bS0xdc	0x163fB0x16a6B0x56bB0xdc
0x1639S0x163fS0x16a6S0x56bS0xdc	0x1639B0x163fB0x16a6B0x56bB0xdc
0x163aS0x163fS0x16a6S0x56bS0xdc	0x1639B0x163fB0x16a6B0x56bB0xdc
0x1634S0x163fS0x16a6S0x56bS0xdc	0x1632B0x163fB0x16a6B0x56bB0xdc
0x1635S0x163fS0x16a6S0x56bS0xdc	0x1632B0x163fB0x16a6B0x56bB0xdc
0x162aS0x163fS0x16a6S0x56bS0xdc	0x1629B0x163fB0x16a6B0x56bB0xdc
0x162eS0x163fS0x16a6S0x56bS0xdc	0x1629B0x163fB0x16a6B0x56bB0xdc
0x15d2S0x1629S0x163fS0x16a6S0x56bS0xdc	0x15d1B0x1629B0x163fB0x16a6B0x56bB0xdc
0x15d3S0x1629S0x163fS0x16a6S0x56bS0xdc	0x15d1B0x1629B0x163fB0x16a6B0x56bB0xdc
0x15e9S0x1629S0x163fS0x16a6S0x56bS0xdc	0x15d1B0x1629B0x163fB0x16a6B0x56bB0xdc
0x15f1S0x1629S0x163fS0x16a6S0x56bS0xdc	0x15f0B0x1629B0x163fB0x16a6B0x56bB0xdc
0x15f2S0x1629S0x163fS0x16a6S0x56bS0xdc	0x15f0B0x1629B0x163fB0x16a6B0x56bB0xdc
0x15f6S0x1629S0x163fS0x16a6S0x56bS0xdc	0x15f0B0x1629B0x163fB0x16a6B0x56bB0xdc
0x169eS0x5eaS0xdc	0x169eB0x5eaB0xdc
0x16a1S0x5eaS0xdc	0x169eB0x5eaB0xdc
0x1692S0x5eaS0xdc	0x1691B0x5eaB0xdc
0x1693S0x5eaS0xdc	0x1691B0x5eaB0xdc
0x1697S0x5eaS0xdc	0x1691B0x5eaB0xdc
0x1698S0x5eaS0xdc	0x1691B0x5eaB0xdc
0x1699S0x5eaS0xdc	0x1691B0x5eaB0xdc
0x169aS0x5eaS0xdc	0x1691B0x5eaB0xdc
0x16a7S0x5eaS0xdc	0x16a6B0x5eaB0xdc
0x16a8S0x5eaS0xdc	0x16a6B0x5eaB0xdc
0x16aeS0x5eaS0xdc	0x16a6B0x5eaB0xdc
0x16afS0x5eaS0xdc	0x16a6B0x5eaB0xdc
0x3fefS0x5eaS0xdc	0x3feeB0x5eaB0xdc
0x3ff0S0x5eaS0xdc	0x3feeB0x5eaB0xdc
0x1640S0x16a6S0x5eaS0xdc	0x163fB0x16a6B0x5eaB0xdc
0x1642S0x16a6S0x5eaS0xdc	0x163fB0x16a6B0x5eaB0xdc
0x1645S0x16a6S0x5eaS0xdc	0x163fB0x16a6B0x5eaB0xdc
0x1649S0x16a6S0x5eaS0xdc	0x163fB0x16a6B0x5eaB0xdc
0x1639S0x163fS0x16a6S0x5eaS0xdc	0x1639B0x163fB0x16a6B0x5eaB0xdc
0x163aS0x163fS0x16a6S0x5eaS0xdc	0x1639B0x163fB0x16a6B0x5eaB0xdc
0x1634S0x163fS0x16a6S0x5eaS0xdc	0x1632B0x163fB0x16a6B0x5eaB0xdc
0x1635S0x163fS0x16a6S0x5eaS0xdc	0x1632B0x163fB0x16a6B0x5eaB0xdc
0x162aS0x163fS0x16a6S0x5eaS0xdc	0x1629B0x163fB0x16a6B0x5eaB0xdc
0x162eS0x163fS0x16a6S0x5eaS0xdc	0x1629B0x163fB0x16a6B0x5eaB0xdc
0x15d2S0x1629S0x163fS0x16a6S0x5eaS0xdc	0x15d1B0x1629B0x163fB0x16a6B0x5eaB0xdc
0x15d3S0x1629S0x163fS0x16a6S0x5eaS0xdc	0x15d1B0x1629B0x163fB0x16a6B0x5eaB0xdc
0x15e9S0x1629S0x163fS0x16a6S0x5eaS0xdc	0x15d1B0x1629B0x163fB0x16a6B0x5eaB0xdc
0x15f1S0x1629S0x163fS0x16a6S0x5eaS0xdc	0x15f0B0x1629B0x163fB0x16a6B0x5eaB0xdc
0x15f2S0x1629S0x163fS0x16a6S0x5eaS0xdc	0x15f0B0x1629B0x163fB0x16a6B0x5eaB0xdc
0x15f6S0x1629S0x163fS0x16a6S0x5eaS0xdc	0x15f0B0x1629B0x163fB0x16a6B0x5eaB0xdc
0x169eS0x6beS0xdc	0x169eB0x6beB0xdc
0x16a1S0x6beS0xdc	0x169eB0x6beB0xdc
0x1692S0x6beS0xdc	0x1691B0x6beB0xdc
0x1693S0x6beS0xdc	0x1691B0x6beB0xdc
0x1697S0x6beS0xdc	0x1691B0x6beB0xdc
0x1698S0x6beS0xdc	0x1691B0x6beB0xdc
0x1699S0x6beS0xdc	0x1691B0x6beB0xdc
0x169aS0x6beS0xdc	0x1691B0x6beB0xdc
0x16a7S0x6beS0xdc	0x16a6B0x6beB0xdc
0x16a8S0x6beS0xdc	0x16a6B0x6beB0xdc
0x16aeS0x6beS0xdc	0x16a6B0x6beB0xdc
0x16afS0x6beS0xdc	0x16a6B0x6beB0xdc
0x3fefS0x6beS0xdc	0x3feeB0x6beB0xdc
0x3ff0S0x6beS0xdc	0x3feeB0x6beB0xdc
0x1640S0x16a6S0x6beS0xdc	0x163fB0x16a6B0x6beB0xdc
0x1642S0x16a6S0x6beS0xdc	0x163fB0x16a6B0x6beB0xdc
0x1645S0x16a6S0x6beS0xdc	0x163fB0x16a6B0x6beB0xdc
0x1649S0x16a6S0x6beS0xdc	0x163fB0x16a6B0x6beB0xdc
0x1639S0x163fS0x16a6S0x6beS0xdc	0x1639B0x163fB0x16a6B0x6beB0xdc
0x163aS0x163fS0x16a6S0x6beS0xdc	0x1639B0x163fB0x16a6B0x6beB0xdc
0x1634S0x163fS0x16a6S0x6beS0xdc	0x1632B0x163fB0x16a6B0x6beB0xdc
0x1635S0x163fS0x16a6S0x6beS0xdc	0x1632B0x163fB0x16a6B0x6beB0xdc
0x162aS0x163fS0x16a6S0x6beS0xdc	0x1629B0x163fB0x16a6B0x6beB0xdc
0x162eS0x163fS0x16a6S0x6beS0xdc	0x1629B0x163fB0x16a6B0x6beB0xdc
0x15d2S0x1629S0x163fS0x16a6S0x6beS0xdc	0x15d1B0x1629B0x163fB0x16a6B0x6beB0xdc
0x15d3S0x1629S0x163fS0x16a6S0x6beS0xdc	0x15d1B0x1629B0x163fB0x16a6B0x6beB0xdc
0x15e9S0x1629S0x163fS0x16a6S0x6beS0xdc	0x15d1B0x1629B0x163fB0x16a6B0x6beB0xdc
0x15f1S0x1629S0x163fS0x16a6S0x6beS0xdc	0x15f0B0x1629B0x163fB0x16a6B0x6beB0xdc
0x15f2S0x1629S0x163fS0x16a6S0x6beS0xdc	0x15f0B0x1629B0x163fB0x16a6B0x6beB0xdc
0x15f6S0x1629S0x163fS0x16a6S0x6beS0xdc	0x15f0B0x1629B0x163fB0x16a6B0x6beB0xdc
0x8ceS0x14e	0x8ceB0x14e
0x8d0S0x14e	0x8ceB0x14e
0x8d1S0x14e	0x8ceB0x14e
0x8f4S0x14e	0x8ceB0x14e
0x8f6S0x14e	0x8ceB0x14e
0x8f7S0x14e	0x8ceB0x14e
0x8fbS0x14e	0x8ceB0x14e
0x944S0x14e	0x944B0x14e
0x946S0x14e	0x944B0x14e
0x947S0x14e	0x944B0x14e
0x96aS0x14e	0x944B0x14e
0x96cS0x14e	0x944B0x14e
0x96dS0x14e	0x944B0x14e
0x971S0x14e	0x944B0x14e
0x9b2S0x14e	0x9b2B0x14e
0x9b4S0x14e	0x9b2B0x14e
0x9b5S0x14e	0x9b2B0x14e
0x9d8S0x14e	0x9b2B0x14e
0x9daS0x14e	0x9b2B0x14e
0x9dbS0x14e	0x9b2B0x14e
0x9dfS0x14e	0x9b2B0x14e
0xa3aS0x14e	0xa3aB0x14e
0xa3bS0x14e	0xa3aB0x14e
0xa3cS0x14e	0xa3aB0x14e
0xa3eS0x14e	0xa3aB0x14e
0xa3fS0x14e	0xa3aB0x14e
0xa70S0x14e	0xa70B0x14e
0xa76S0x14e	0xa70B0x14e
0xa8bS0x14e	0xa70B0x14e
0xa8cS0x14e	0xa70B0x14e
0xa93S0x14e	0xa70B0x14e
0xa98S0x14e	0xa70B0x14e
0x87bS0x14e	0x87aB0x14e
0x89cS0x14e	0x87aB0x14e
0x8b1S0x14e	0x87aB0x14e
0x8b2S0x14e	0x87aB0x14e
0x8b3S0x14e	0x87aB0x14e
0x8c8S0x14e	0x87aB0x14e
0x8c9S0x14e	0x87aB0x14e
0x8caS0x14e	0x87aB0x14e
0x909S0x14e	0x908B0x14e
0x90cS0x14e	0x908B0x14e
0x900S0x14e	0x8ffB0x14e
0x902S0x14e	0x8ffB0x14e
0x905S0x14e	0x8ffB0x14e
0x911S0x14e	0x910B0x14e
0x912S0x14e	0x910B0x14e
0x927S0x14e	0x910B0x14e
0x929S0x14e	0x910B0x14e
0x93eS0x14e	0x910B0x14e
0x93fS0x14e	0x910B0x14e
0x940S0x14e	0x910B0x14e
0x97fS0x14e	0x97eB0x14e
0x980S0x14e	0x97eB0x14e
0x995S0x14e	0x97eB0x14e
0x997S0x14e	0x97eB0x14e
0x9acS0x14e	0x97eB0x14e
0x9adS0x14e	0x97eB0x14e
0x9aeS0x14e	0x97eB0x14e
0x976S0x14e	0x975B0x14e
0x978S0x14e	0x975B0x14e
0x97bS0x14e	0x975B0x14e
0x9edS0x14e	0x9ecB0x14e
0x9efS0x14e	0x9ecB0x14e
0xa04S0x14e	0x9ecB0x14e
0xa05S0x14e	0x9ecB0x14e
0xa0aS0x14e	0x9ecB0x14e
0xa0bS0x14e	0x9ecB0x14e
0xa0dS0x14e	0x9ecB0x14e
0xa0fS0x14e	0x9ecB0x14e
0xa14S0x14e	0x9ecB0x14e
0xa15S0x14e	0x9ecB0x14e
0xa17S0x14e	0x9ecB0x14e
0xa1aS0x14e	0x9ecB0x14e
0xa1cS0x14e	0x9ecB0x14e
0xa1dS0x14e	0x9ecB0x14e
0xa22S0x14e	0x9ecB0x14e
0x9e4S0x14e	0x9e3B0x14e
0x9e6S0x14e	0x9e3B0x14e
0x9e9S0x14e	0x9e3B0x14e
0xa27S0x14e	0xa26B0x14e
0xa29S0x14e	0xa26B0x14e
0xa2bS0x14e	0xa26B0x14e
0xa2eS0x14e	0xa26B0x14e
0xa31S0x14e	0xa26B0x14e
0xa32S0x14e	0xa26B0x14e
0xa33S0x14e	0xa26B0x14e
0xa35S0x14e	0xa26B0x14e
0xa36S0x14e	0xa26B0x14e
0xa46S0x14e	0xa41B0x14e
0xa48S0x14e	0xa41B0x14e
0xa49S0x14e	0xa41B0x14e
0xa4aS0x14e	0xa41B0x14e
0xa4cS0x14e	0xa41B0x14e
0xa4dS0x14e	0xa41B0x14e
0xa50S0x14e	0xa41B0x14e
0xa51S0x14e	0xa41B0x14e
0xa53S0x14e	0xa41B0x14e
0xa55S0x14e	0xa41B0x14e
0xa5aS0x14e	0xa41B0x14e
0xa5cS0x14e	0xa41B0x14e
0xa61S0x14e	0xa41B0x14e
0xa68S0x14e	0xa65B0x14e
0xa6aS0x14e	0xa65B0x14e
0xa6bS0x14e	0xa65B0x14e
0xa6cS0x14e	0xa65B0x14e
0xa9bS0x14e	0xa9aB0x14e
0xabeS0x14e	0xa9aB0x14e
0xac0S0x14e	0xa9aB0x14e
0xac2S0x14e	0xa9aB0x14e
0xac3S0x14e	0xa9aB0x14e
0xacaS0x14e	0xa9aB0x14e
0xacfS0x14e	0xaceB0x14e
0xad1S0x14e	0xaceB0x14e
0xad4S0x14e	0xaceB0x14e
0x18a2S0x8ceS0x14e	0x18a1B0x8ceB0x14e
0x18a3S0x8ceS0x14e	0x18a1B0x8ceB0x14e
0x18a6S0x8ceS0x14e	0x18a1B0x8ceB0x14e
0x18abS0x8ceS0x14e	0x18a1B0x8ceB0x14e
0x18acS0x8ceS0x14e	0x18a1B0x8ceB0x14e
0x18aeS0x8ceS0x14e	0x18a1B0x8ceB0x14e
0x18b0S0x8ceS0x14e	0x18a1B0x8ceB0x14e
0x18b4S0x8ceS0x14e	0x18a1B0x8ceB0x14e
0x188eS0x8ceS0x14e	0x188bB0x8ceB0x14e
0x1892S0x8ceS0x14e	0x188bB0x8ceB0x14e
0x1897S0x8ceS0x14e	0x1896B0x8ceB0x14e
0x189aS0x8ceS0x14e	0x1896B0x8ceB0x14e
0x1832S0x8ceS0x14e	0x1831B0x8ceB0x14e
0x1853S0x8ceS0x14e	0x1831B0x8ceB0x14e
0x1855S0x8ceS0x14e	0x1831B0x8ceB0x14e
0x1857S0x8ceS0x14e	0x1831B0x8ceB0x14e
0x1878S0x8ceS0x14e	0x1831B0x8ceB0x14e
0x187bS0x8ceS0x14e	0x1831B0x8ceB0x14e
0x1880S0x8ceS0x14e	0x187fB0x8ceB0x14e
0x1881S0x8ceS0x14e	0x187fB0x8ceB0x14e
0x1884S0x8ceS0x14e	0x187fB0x8ceB0x14e
0x1887S0x8ceS0x14e	0x187fB0x8ceB0x14e
0x1822S0x187fS0x8ceS0x14e	0x1821B0x187fB0x8ceB0x14e
0x1826S0x187fS0x8ceS0x14e	0x1821B0x187fB0x8ceB0x14e
0x1829S0x187fS0x8ceS0x14e	0x1821B0x187fB0x8ceB0x14e
0x1c81S0x944S0x14e	0x1c80B0x944B0x14e
0x1c82S0x944S0x14e	0x1c80B0x944B0x14e
0x1c85S0x944S0x14e	0x1c80B0x944B0x14e
0x1c8aS0x944S0x14e	0x1c80B0x944B0x14e
0x1c8bS0x944S0x14e	0x1c80B0x944B0x14e
0x1c8dS0x944S0x14e	0x1c80B0x944B0x14e
0x1c8fS0x944S0x14e	0x1c80B0x944B0x14e
0x1c93S0x944S0x14e	0x1c80B0x944B0x14e
0x1c6dS0x944S0x14e	0x1c6aB0x944B0x14e
0x1c71S0x944S0x14e	0x1c6aB0x944B0x14e
0x1c76S0x944S0x14e	0x1c75B0x944B0x14e
0x1c79S0x944S0x14e	0x1c75B0x944B0x14e
0x1c37S0x944S0x14e	0x1c36B0x944B0x14e
0x1c58S0x944S0x14e	0x1c36B0x944B0x14e
0x1c5aS0x944S0x14e	0x1c36B0x944B0x14e
0x1c5fS0x944S0x14e	0x1c5eB0x944B0x14e
0x1c60S0x944S0x14e	0x1c5eB0x944B0x14e
0x1c63S0x944S0x14e	0x1c5eB0x944B0x14e
0x1c66S0x944S0x14e	0x1c5eB0x944B0x14e
0x1822S0x1c5eS0x944S0x14e	0x1821B0x1c5eB0x944B0x14e
0x1826S0x1c5eS0x944S0x14e	0x1821B0x1c5eB0x944B0x14e
0x1829S0x1c5eS0x944S0x14e	0x1821B0x1c5eB0x944B0x14e
0x1ce9S0x9b2S0x14e	0x1ce8B0x9b2B0x14e
0x1ceaS0x9b2S0x14e	0x1ce8B0x9b2B0x14e
0x1cedS0x9b2S0x14e	0x1ce8B0x9b2B0x14e
0x1cf2S0x9b2S0x14e	0x1ce8B0x9b2B0x14e
0x1cf3S0x9b2S0x14e	0x1ce8B0x9b2B0x14e
0x1cf5S0x9b2S0x14e	0x1ce8B0x9b2B0x14e
0x1cf7S0x9b2S0x14e	0x1ce8B0x9b2B0x14e
0x1cfbS0x9b2S0x14e	0x1ce8B0x9b2B0x14e
0x1cd5S0x9b2S0x14e	0x1cd2B0x9b2B0x14e
0x1cd9S0x9b2S0x14e	0x1cd2B0x9b2B0x14e
0x1cdeS0x9b2S0x14e	0x1cddB0x9b2B0x14e
0x1ce1S0x9b2S0x14e	0x1cddB0x9b2B0x14e
0x1c9fS0x9b2S0x14e	0x1c9eB0x9b2B0x14e
0x1cc0S0x9b2S0x14e	0x1c9eB0x9b2B0x14e
0x1cc2S0x9b2S0x14e	0x1c9eB0x9b2B0x14e
0x1cc7S0x9b2S0x14e	0x1cc6B0x9b2B0x14e
0x1cc8S0x9b2S0x14e	0x1cc6B0x9b2B0x14e
0x1ccbS0x9b2S0x14e	0x1cc6B0x9b2B0x14e
0x1cceS0x9b2S0x14e	0x1cc6B0x9b2B0x14e
0x1822S0x1cc6S0x9b2S0x14e	0x1821B0x1cc6B0x9b2B0x14e
0x1826S0x1cc6S0x9b2S0x14e	0x1821B0x1cc6B0x9b2B0x14e
0x1829S0x1cc6S0x9b2S0x14e	0x1821B0x1cc6B0x9b2B0x14e
0x11f2S0x908S0x14e	0x11f2B0x908B0x14e
0x11f4S0x908S0x14e	0x11f2B0x908B0x14e
0x11f5S0x908S0x14e	0x11f2B0x908B0x14e
0x1218S0x908S0x14e	0x11f2B0x908B0x14e
0x121aS0x908S0x14e	0x11f2B0x908B0x14e
0x121bS0x908S0x14e	0x11f2B0x908B0x14e
0x121dS0x908S0x14e	0x11f2B0x908B0x14e
0x1220S0x908S0x14e	0x11f2B0x908B0x14e
0x11e5S0x908S0x14e	0x11e4B0x908B0x14e
0x11e8S0x908S0x14e	0x11e4B0x908B0x14e
0x11edS0x908S0x14e	0x11ecB0x908B0x14e
0x11eeS0x908S0x14e	0x11ecB0x908B0x14e
0x1f0S0x11e4S0x908S0x14e	0x1efB0x11e4B0x908B0x14e
0x1f1S0x11e4S0x908S0x14e	0x1efB0x11e4B0x908B0x14e
0x1f3S0x11e4S0x908S0x14e	0x1efB0x11e4B0x908B0x14e
0x1f5S0x11e4S0x908S0x14e	0x1efB0x11e4B0x908B0x14e
0x1f7S0x11e4S0x908S0x14e	0x1efB0x11e4B0x908B0x14e
0x1faS0x11e4S0x908S0x14e	0x1efB0x11e4B0x908B0x14e
0x1fcS0x11e4S0x908S0x14e	0x1efB0x11e4B0x908B0x14e
0x1fdS0x11e4S0x908S0x14e	0x1efB0x11e4B0x908B0x14e
0x1ffS0x11e4S0x908S0x14e	0x1efB0x11e4B0x908B0x14e
0x1611S0x9ecS0x14e	0x1610B0x9ecB0x14e
0x1612S0x9ecS0x14e	0x1610B0x9ecB0x14e
0x1615S0x9ecS0x14e	0x1610B0x9ecB0x14e
0x1618S0x9ecS0x14e	0x1610B0x9ecB0x14e
0x161bS0x9ecS0x14e	0x1610B0x9ecB0x14e
0x161dS0x9ecS0x14e	0x1610B0x9ecB0x14e
0x161fS0x9ecS0x14e	0x1610B0x9ecB0x14e
0x1602S0x1610S0x9ecS0x14e	0x1601B0x1610B0x9ecB0x14e
0x1606S0x1610S0x9ecS0x14e	0x1601B0x1610B0x9ecB0x14e
0x15d2S0x1601S0x1610S0x9ecS0x14e	0x15d1B0x1601B0x1610B0x9ecB0x14e
0x15d3S0x1601S0x1610S0x9ecS0x14e	0x15d1B0x1601B0x1610B0x9ecB0x14e
0x15e9S0x1601S0x1610S0x9ecS0x14e	0x15d1B0x1601B0x1610B0x9ecB0x14e
0x15f1S0x1601S0x1610S0x9ecS0x14e	0x15f0B0x1601B0x1610B0x9ecB0x14e
0x15f2S0x1601S0x1610S0x9ecS0x14e	0x15f0B0x1601B0x1610B0x9ecB0x14e
0x15f6S0x1601S0x1610S0x9ecS0x14e	0x15f0B0x1601B0x1610B0x9ecB0x14e
0x1d5cS0xa9aS0x14e	0x1d5bB0xa9aB0x14e
0x1d5dS0xa9aS0x14e	0x1d5bB0xa9aB0x14e
0x1d60S0xa9aS0x14e	0x1d5bB0xa9aB0x14e
0x1d63S0xa9aS0x14e	0x1d5bB0xa9aB0x14e
0x1d66S0xa9aS0x14e	0x1d5bB0xa9aB0x14e
0x1d68S0xa9aS0x14e	0x1d5bB0xa9aB0x14e
0x1d6aS0xa9aS0x14e	0x1d5bB0xa9aB0x14e
0x1d6fS0xa9aS0x14e	0x1d6eB0xa9aB0x14e
0x1d72S0xa9aS0x14e	0x1d6eB0xa9aB0x14e
0x1d75S0xa9aS0x14e	0x1d6eB0xa9aB0x14e
0x1d77S0xa9aS0x14e	0x1d6eB0xa9aB0x14e
0x1d7cS0xa9aS0x14e	0x1d7bB0xa9aB0x14e
0x1d7fS0xa9aS0x14e	0x1d7bB0xa9aB0x14e
0x1d82S0xa9aS0x14e	0x1d7bB0xa9aB0x14e
0x1d84S0xa9aS0x14e	0x1d7bB0xa9aB0x14e
0x16bdS0x1d7bS0xa9aS0x14e	0x16bcB0x1d7bB0xa9aB0x14e
0x16bfS0x1d7bS0xa9aS0x14e	0x16bcB0x1d7bB0xa9aB0x14e
0x16c0S0x1d7bS0xa9aS0x14e	0x16bcB0x1d7bB0xa9aB0x14e
0x16c8S0x1d7bS0xa9aS0x14e	0x16c7B0x1d7bB0xa9aB0x14e
0x16ccS0x1d7bS0xa9aS0x14e	0x16c7B0x1d7bB0xa9aB0x14e
0x1602S0x1d5bS0xa9aS0x14e	0x1601B0x1d5bB0xa9aB0x14e
0x1606S0x1d5bS0xa9aS0x14e	0x1601B0x1d5bB0xa9aB0x14e
0x15d2S0x1601S0x1d5bS0xa9aS0x14e	0x15d1B0x1601B0x1d5bB0xa9aB0x14e
0x15d3S0x1601S0x1d5bS0xa9aS0x14e	0x15d1B0x1601B0x1d5bB0xa9aB0x14e
0x15e9S0x1601S0x1d5bS0xa9aS0x14e	0x15d1B0x1601B0x1d5bB0xa9aB0x14e
0x15f1S0x1601S0x1d5bS0xa9aS0x14e	0x15f0B0x1601B0x1d5bB0xa9aB0x14e
0x15f2S0x1601S0x1d5bS0xa9aS0x14e	0x15f0B0x1601B0x1d5bB0xa9aB0x14e
0x15f6S0x1601S0x1d5bS0xa9aS0x14e	0x15f0B0x1601B0x1d5bB0xa9aB0x14e
0x17ecS0x1d6eS0xa9aS0x14e	0x17ebB0x1d6eB0xa9aB0x14e
0x17f0S0x1d6eS0xa9aS0x14e	0x17ebB0x1d6eB0xa9aB0x14e
0x17e3S0x17ebS0x1d6eS0xa9aS0x14e	0x17e2B0x17ebB0x1d6eB0xa9aB0x14e
0x1d3dS0xa41S0x14e	0x1d3dB0xa41B0x14e
0x1d40S0xa41S0x14e	0x1d3dB0xa41B0x14e
0x1d31S0xa41S0x14e	0x1d30B0xa41B0x14e
0x1d32S0xa41S0x14e	0x1d30B0xa41B0x14e
0x1d36S0xa41S0x14e	0x1d30B0xa41B0x14e
0x1d37S0xa41S0x14e	0x1d30B0xa41B0x14e
0x1d38S0xa41S0x14e	0x1d30B0xa41B0x14e
0x1d39S0xa41S0x14e	0x1d30B0xa41B0x14e
0x1d46S0xa41S0x14e	0x1d45B0xa41B0x14e
0x1d47S0xa41S0x14e	0x1d45B0xa41B0x14e
0x1d4dS0xa41S0x14e	0x1d45B0xa41B0x14e
0x1d4eS0xa41S0x14e	0x1d45B0xa41B0x14e
0x40c1S0xa41S0x14e	0x40c0B0xa41B0x14e
0x40c2S0xa41S0x14e	0x40c0B0xa41B0x14e
0x1d1dS0x1d45S0xa41S0x14e	0x1d1cB0x1d45B0xa41B0x14e
0x1d1fS0x1d45S0xa41S0x14e	0x1d1cB0x1d45B0xa41B0x14e
0x1d22S0x1d45S0xa41S0x14e	0x1d1cB0x1d45B0xa41B0x14e
0x1d26S0x1d45S0xa41S0x14e	0x1d1cB0x1d45B0xa41B0x14e
0x1d16S0x1d1cS0x1d45S0xa41S0x14e	0x1d16B0x1d1cB0x1d45B0xa41B0x14e
0x1d17S0x1d1cS0x1d45S0xa41S0x14e	0x1d16B0x1d1cB0x1d45B0xa41B0x14e
0x1d11S0x1d1cS0x1d45S0xa41S0x14e	0x1d0fB0x1d1cB0x1d45B0xa41B0x14e
0x1d12S0x1d1cS0x1d45S0xa41S0x14e	0x1d0fB0x1d1cB0x1d45B0xa41B0x14e
0x1d07S0x1d1cS0x1d45S0xa41S0x14e	0x1d06B0x1d1cB0x1d45B0xa41B0x14e
0x1d0bS0x1d1cS0x1d45S0xa41S0x14e	0x1d06B0x1d1cB0x1d45B0xa41B0x14e
0x17e3S0x1d06S0x1d1cS0x1d45S0xa41S0x14e	0x17e2B0x1d06B0x1d1cB0x1d45B0xa41B0x14e
0xb30S0x176	0xb30B0x176
0xb32S0x176	0xb30B0x176
0xb33S0x176	0xb30B0x176
0xb56S0x176	0xb30B0x176
0xb58S0x176	0xb30B0x176
0xb59S0x176	0xb30B0x176
0xb5dS0x176	0xb30B0x176
0xba6S0x176	0xba6B0x176
0xba8S0x176	0xba6B0x176
0xba9S0x176	0xba6B0x176
0xbccS0x176	0xba6B0x176
0xbceS0x176	0xba6B0x176
0xbcfS0x176	0xba6B0x176
0xbd3S0x176	0xba6B0x176
0xc2eS0x176	0xc2eB0x176
0xc2fS0x176	0xc2eB0x176
0xc30S0x176	0xc2eB0x176
0xc32S0x176	0xc2eB0x176
0xc33S0x176	0xc2eB0x176
0xc64S0x176	0xc64B0x176
0xc67S0x176	0xc64B0x176
0xc8aS0x176	0xc64B0x176
0xc9fS0x176	0xc64B0x176
0xca0S0x176	0xc64B0x176
0xca7S0x176	0xc64B0x176
0xcacS0x176	0xc64B0x176
0xaddS0x176	0xadcB0x176
0xafeS0x176	0xadcB0x176
0xb13S0x176	0xadcB0x176
0xb14S0x176	0xadcB0x176
0xb15S0x176	0xadcB0x176
0xb2aS0x176	0xadcB0x176
0xb2bS0x176	0xadcB0x176
0xb2cS0x176	0xadcB0x176
0xb6bS0x176	0xb6aB0x176
0xb6eS0x176	0xb6aB0x176
0xb62S0x176	0xb61B0x176
0xb64S0x176	0xb61B0x176
0xb67S0x176	0xb61B0x176
0xb73S0x176	0xb72B0x176
0xb74S0x176	0xb72B0x176
0xb89S0x176	0xb72B0x176
0xb8bS0x176	0xb72B0x176
0xba0S0x176	0xb72B0x176
0xba1S0x176	0xb72B0x176
0xba2S0x176	0xb72B0x176
0xbe1S0x176	0xbe0B0x176
0xbe3S0x176	0xbe0B0x176
0xbf8S0x176	0xbe0B0x176
0xbf9S0x176	0xbe0B0x176
0xbfeS0x176	0xbe0B0x176
0xbffS0x176	0xbe0B0x176
0xc01S0x176	0xbe0B0x176
0xc03S0x176	0xbe0B0x176
0xc08S0x176	0xbe0B0x176
0xc09S0x176	0xbe0B0x176
0xc0bS0x176	0xbe0B0x176
0xc0eS0x176	0xbe0B0x176
0xc10S0x176	0xbe0B0x176
0xc11S0x176	0xbe0B0x176
0xc16S0x176	0xbe0B0x176
0xbd8S0x176	0xbd7B0x176
0xbdaS0x176	0xbd7B0x176
0xbddS0x176	0xbd7B0x176
0xc1bS0x176	0xc1aB0x176
0xc1dS0x176	0xc1aB0x176
0xc1fS0x176	0xc1aB0x176
0xc22S0x176	0xc1aB0x176
0xc25S0x176	0xc1aB0x176
0xc26S0x176	0xc1aB0x176
0xc27S0x176	0xc1aB0x176
0xc29S0x176	0xc1aB0x176
0xc2aS0x176	0xc1aB0x176
0xc3aS0x176	0xc35B0x176
0xc3cS0x176	0xc35B0x176
0xc3dS0x176	0xc35B0x176
0xc3eS0x176	0xc35B0x176
0xc40S0x176	0xc35B0x176
0xc41S0x176	0xc35B0x176
0xc44S0x176	0xc35B0x176
0xc45S0x176	0xc35B0x176
0xc47S0x176	0xc35B0x176
0xc49S0x176	0xc35B0x176
0xc4eS0x176	0xc35B0x176
0xc50S0x176	0xc35B0x176
0xc55S0x176	0xc35B0x176
0xc5cS0x176	0xc59B0x176
0xc5eS0x176	0xc59B0x176
0xc5fS0x176	0xc59B0x176
0xc60S0x176	0xc59B0x176
0xcafS0x176	0xcaeB0x176
0xcd2S0x176	0xcaeB0x176
0xcd4S0x176	0xcaeB0x176
0xcd6S0x176	0xcaeB0x176
0xcd7S0x176	0xcaeB0x176
0xcdeS0x176	0xcaeB0x176
0xce3S0x176	0xce2B0x176
0xce5S0x176	0xce2B0x176
0xce8S0x176	0xce2B0x176
0x18a2S0xb30S0x176	0x18a1B0xb30B0x176
0x18a3S0xb30S0x176	0x18a1B0xb30B0x176
0x18a6S0xb30S0x176	0x18a1B0xb30B0x176
0x18abS0xb30S0x176	0x18a1B0xb30B0x176
0x18acS0xb30S0x176	0x18a1B0xb30B0x176
0x18aeS0xb30S0x176	0x18a1B0xb30B0x176
0x18b0S0xb30S0x176	0x18a1B0xb30B0x176
0x18b4S0xb30S0x176	0x18a1B0xb30B0x176
0x188eS0xb30S0x176	0x188bB0xb30B0x176
0x1892S0xb30S0x176	0x188bB0xb30B0x176
0x1897S0xb30S0x176	0x1896B0xb30B0x176
0x189aS0xb30S0x176	0x1896B0xb30B0x176
0x1832S0xb30S0x176	0x1831B0xb30B0x176
0x1853S0xb30S0x176	0x1831B0xb30B0x176
0x1855S0xb30S0x176	0x1831B0xb30B0x176
0x1857S0xb30S0x176	0x1831B0xb30B0x176
0x1878S0xb30S0x176	0x1831B0xb30B0x176
0x187bS0xb30S0x176	0x1831B0xb30B0x176
0x1880S0xb30S0x176	0x187fB0xb30B0x176
0x1881S0xb30S0x176	0x187fB0xb30B0x176
0x1884S0xb30S0x176	0x187fB0xb30B0x176
0x1887S0xb30S0x176	0x187fB0xb30B0x176
0x1822S0x187fS0xb30S0x176	0x1821B0x187fB0xb30B0x176
0x1826S0x187fS0xb30S0x176	0x1821B0x187fB0xb30B0x176
0x1829S0x187fS0xb30S0x176	0x1821B0x187fB0xb30B0x176
0x1c81S0xba6S0x176	0x1c80B0xba6B0x176
0x1c82S0xba6S0x176	0x1c80B0xba6B0x176
0x1c85S0xba6S0x176	0x1c80B0xba6B0x176
0x1c8aS0xba6S0x176	0x1c80B0xba6B0x176
0x1c8bS0xba6S0x176	0x1c80B0xba6B0x176
0x1c8dS0xba6S0x176	0x1c80B0xba6B0x176
0x1c8fS0xba6S0x176	0x1c80B0xba6B0x176
0x1c93S0xba6S0x176	0x1c80B0xba6B0x176
0x1c6dS0xba6S0x176	0x1c6aB0xba6B0x176
0x1c71S0xba6S0x176	0x1c6aB0xba6B0x176
0x1c76S0xba6S0x176	0x1c75B0xba6B0x176
0x1c79S0xba6S0x176	0x1c75B0xba6B0x176
0x1c37S0xba6S0x176	0x1c36B0xba6B0x176
0x1c58S0xba6S0x176	0x1c36B0xba6B0x176
0x1c5aS0xba6S0x176	0x1c36B0xba6B0x176
0x1c5fS0xba6S0x176	0x1c5eB0xba6B0x176
0x1c60S0xba6S0x176	0x1c5eB0xba6B0x176
0x1c63S0xba6S0x176	0x1c5eB0xba6B0x176
0x1c66S0xba6S0x176	0x1c5eB0xba6B0x176
0x1822S0x1c5eS0xba6S0x176	0x1821B0x1c5eB0xba6B0x176
0x1826S0x1c5eS0xba6S0x176	0x1821B0x1c5eB0xba6B0x176
0x1829S0x1c5eS0xba6S0x176	0x1821B0x1c5eB0xba6B0x176
0x11f2S0xb6aS0x176	0x11f2B0xb6aB0x176
0x11f4S0xb6aS0x176	0x11f2B0xb6aB0x176
0x11f5S0xb6aS0x176	0x11f2B0xb6aB0x176
0x1218S0xb6aS0x176	0x11f2B0xb6aB0x176
0x121aS0xb6aS0x176	0x11f2B0xb6aB0x176
0x121bS0xb6aS0x176	0x11f2B0xb6aB0x176
0x121dS0xb6aS0x176	0x11f2B0xb6aB0x176
0x1220S0xb6aS0x176	0x11f2B0xb6aB0x176
0x11e5S0xb6aS0x176	0x11e4B0xb6aB0x176
0x11e8S0xb6aS0x176	0x11e4B0xb6aB0x176
0x11edS0xb6aS0x176	0x11ecB0xb6aB0x176
0x11eeS0xb6aS0x176	0x11ecB0xb6aB0x176
0x1f0S0x11e4S0xb6aS0x176	0x1efB0x11e4B0xb6aB0x176
0x1f1S0x11e4S0xb6aS0x176	0x1efB0x11e4B0xb6aB0x176
0x1f3S0x11e4S0xb6aS0x176	0x1efB0x11e4B0xb6aB0x176
0x1f5S0x11e4S0xb6aS0x176	0x1efB0x11e4B0xb6aB0x176
0x1f7S0x11e4S0xb6aS0x176	0x1efB0x11e4B0xb6aB0x176
0x1faS0x11e4S0xb6aS0x176	0x1efB0x11e4B0xb6aB0x176
0x1fcS0x11e4S0xb6aS0x176	0x1efB0x11e4B0xb6aB0x176
0x1fdS0x11e4S0xb6aS0x176	0x1efB0x11e4B0xb6aB0x176
0x1ffS0x11e4S0xb6aS0x176	0x1efB0x11e4B0xb6aB0x176
0x1611S0xbe0S0x176	0x1610B0xbe0B0x176
0x1612S0xbe0S0x176	0x1610B0xbe0B0x176
0x1615S0xbe0S0x176	0x1610B0xbe0B0x176
0x1618S0xbe0S0x176	0x1610B0xbe0B0x176
0x161bS0xbe0S0x176	0x1610B0xbe0B0x176
0x161dS0xbe0S0x176	0x1610B0xbe0B0x176
0x161fS0xbe0S0x176	0x1610B0xbe0B0x176
0x1602S0x1610S0xbe0S0x176	0x1601B0x1610B0xbe0B0x176
0x1606S0x1610S0xbe0S0x176	0x1601B0x1610B0xbe0B0x176
0x15d2S0x1601S0x1610S0xbe0S0x176	0x15d1B0x1601B0x1610B0xbe0B0x176
0x15d3S0x1601S0x1610S0xbe0S0x176	0x15d1B0x1601B0x1610B0xbe0B0x176
0x15e9S0x1601S0x1610S0xbe0S0x176	0x15d1B0x1601B0x1610B0xbe0B0x176
0x15f1S0x1601S0x1610S0xbe0S0x176	0x15f0B0x1601B0x1610B0xbe0B0x176
0x15f2S0x1601S0x1610S0xbe0S0x176	0x15f0B0x1601B0x1610B0xbe0B0x176
0x15f6S0x1601S0x1610S0xbe0S0x176	0x15f0B0x1601B0x1610B0xbe0B0x176
0x1d5cS0xcaeS0x176	0x1d5bB0xcaeB0x176
0x1d5dS0xcaeS0x176	0x1d5bB0xcaeB0x176
0x1d60S0xcaeS0x176	0x1d5bB0xcaeB0x176
0x1d63S0xcaeS0x176	0x1d5bB0xcaeB0x176
0x1d66S0xcaeS0x176	0x1d5bB0xcaeB0x176
0x1d68S0xcaeS0x176	0x1d5bB0xcaeB0x176
0x1d6aS0xcaeS0x176	0x1d5bB0xcaeB0x176
0x1d6fS0xcaeS0x176	0x1d6eB0xcaeB0x176
0x1d72S0xcaeS0x176	0x1d6eB0xcaeB0x176
0x1d75S0xcaeS0x176	0x1d6eB0xcaeB0x176
0x1d77S0xcaeS0x176	0x1d6eB0xcaeB0x176
0x1d7cS0xcaeS0x176	0x1d7bB0xcaeB0x176
0x1d7fS0xcaeS0x176	0x1d7bB0xcaeB0x176
0x1d82S0xcaeS0x176	0x1d7bB0xcaeB0x176
0x1d84S0xcaeS0x176	0x1d7bB0xcaeB0x176
0x16bdS0x1d7bS0xcaeS0x176	0x16bcB0x1d7bB0xcaeB0x176
0x16bfS0x1d7bS0xcaeS0x176	0x16bcB0x1d7bB0xcaeB0x176
0x16c0S0x1d7bS0xcaeS0x176	0x16bcB0x1d7bB0xcaeB0x176
0x16c8S0x1d7bS0xcaeS0x176	0x16c7B0x1d7bB0xcaeB0x176
0x16ccS0x1d7bS0xcaeS0x176	0x16c7B0x1d7bB0xcaeB0x176
0x1602S0x1d5bS0xcaeS0x176	0x1601B0x1d5bB0xcaeB0x176
0x1606S0x1d5bS0xcaeS0x176	0x1601B0x1d5bB0xcaeB0x176
0x15d2S0x1601S0x1d5bS0xcaeS0x176	0x15d1B0x1601B0x1d5bB0xcaeB0x176
0x15d3S0x1601S0x1d5bS0xcaeS0x176	0x15d1B0x1601B0x1d5bB0xcaeB0x176
0x15e9S0x1601S0x1d5bS0xcaeS0x176	0x15d1B0x1601B0x1d5bB0xcaeB0x176
0x15f1S0x1601S0x1d5bS0xcaeS0x176	0x15f0B0x1601B0x1d5bB0xcaeB0x176
0x15f2S0x1601S0x1d5bS0xcaeS0x176	0x15f0B0x1601B0x1d5bB0xcaeB0x176
0x15f6S0x1601S0x1d5bS0xcaeS0x176	0x15f0B0x1601B0x1d5bB0xcaeB0x176
0x17ecS0x1d6eS0xcaeS0x176	0x17ebB0x1d6eB0xcaeB0x176
0x17f0S0x1d6eS0xcaeS0x176	0x17ebB0x1d6eB0xcaeB0x176
0x17e3S0x17ebS0x1d6eS0xcaeS0x176	0x17e2B0x17ebB0x1d6eB0xcaeB0x176
0x1d3dS0xc35S0x176	0x1d3dB0xc35B0x176
0x1d40S0xc35S0x176	0x1d3dB0xc35B0x176
0x1d31S0xc35S0x176	0x1d30B0xc35B0x176
0x1d32S0xc35S0x176	0x1d30B0xc35B0x176
0x1d36S0xc35S0x176	0x1d30B0xc35B0x176
0x1d37S0xc35S0x176	0x1d30B0xc35B0x176
0x1d38S0xc35S0x176	0x1d30B0xc35B0x176
0x1d39S0xc35S0x176	0x1d30B0xc35B0x176
0x1d46S0xc35S0x176	0x1d45B0xc35B0x176
0x1d47S0xc35S0x176	0x1d45B0xc35B0x176
0x1d4dS0xc35S0x176	0x1d45B0xc35B0x176
0x1d4eS0xc35S0x176	0x1d45B0xc35B0x176
0x40c1S0xc35S0x176	0x40c0B0xc35B0x176
0x40c2S0xc35S0x176	0x40c0B0xc35B0x176
0x1d1dS0x1d45S0xc35S0x176	0x1d1cB0x1d45B0xc35B0x176
0x1d1fS0x1d45S0xc35S0x176	0x1d1cB0x1d45B0xc35B0x176
0x1d22S0x1d45S0xc35S0x176	0x1d1cB0x1d45B0xc35B0x176
0x1d26S0x1d45S0xc35S0x176	0x1d1cB0x1d45B0xc35B0x176
0x1d16S0x1d1cS0x1d45S0xc35S0x176	0x1d16B0x1d1cB0x1d45B0xc35B0x176
0x1d17S0x1d1cS0x1d45S0xc35S0x176	0x1d16B0x1d1cB0x1d45B0xc35B0x176
0x1d11S0x1d1cS0x1d45S0xc35S0x176	0x1d0fB0x1d1cB0x1d45B0xc35B0x176
0x1d12S0x1d1cS0x1d45S0xc35S0x176	0x1d0fB0x1d1cB0x1d45B0xc35B0x176
0x1d07S0x1d1cS0x1d45S0xc35S0x176	0x1d06B0x1d1cB0x1d45B0xc35B0x176
0x1d0bS0x1d1cS0x1d45S0xc35S0x176	0x1d06B0x1d1cB0x1d45B0xc35B0x176
0x17e3S0x1d06S0x1d1cS0x1d45S0xc35S0x176	0x17e2B0x1d06B0x1d1cB0x1d45B0xc35B0x176
0x14d	0x138
0x175	0x160
0x1e7	0x1d3
0x10d	0x101
0x838	0x80a
0x86f	0x839
0xdb3	0xd85
0xdea	0xdb4
0x12c8	0x12bc
0x13a8	0x139c
0x31b	0x2e7
0x1305	0x12d3
0xdb	0xc7
0x19d	0x191
0x2a7	0x264
0x7f8	0x7c8
0xd73	0xd43
0xb7	0xb0
0x190	0x188
0xa0	0x81e3
0x12bb	0x127a
0x139b	0x135a
0xe0	0xdc
0xac	0xa6
0xc3	0xbd
0xea	0xe3
0x152	0x14e
0x17a	0x176
0x1d0	0x1c8
0x1ec	0x1e8
0x1279	0x1272
0x134c	0x1306
0x1359	0x1352
0x81e2	0x81e1
0x81e6	0x81e4
0x81e9	0x81e7
0x81ec	0x81ea
0x81ef	0x81ed
0x81f2	0x81f0
0x81f5	0x81f3
0x81f8	0x81f6
0x81fb	0x81f9
0x81fe	0x81fc
0x8201	0x81ff
0x57	0x54
0x93	0x90
0x100	0xf8
0x12a	0x122
0x1ba	0x1b2
0x2e1	0x2c2
0x773	0x74d
0x809	0x802
0x879	0x870
0xd84	0xd7d
0xdf4	0xdeb
0x12d2	0x12c9
0x13b2	0x13a9
0x40c5	0x326
0xc	0x0
0x1c	0xd
0x99	0x94
0xa5	0xa1
0xbc	0xb8
0xf4	0xed
0x11e	0x117
0x134	0x12d
0x15c	0x155
0x184	0x17d
0x1ae	0x1a7
0x1c4	0x1bd
0x257	0x204
0x263	0x258
0x2c1	0x2a8
0x7c7	0x774
0xd42	0xcef
0x122e	0x1225
0x81ce	0x1d
0x81d0	0x28
0x81d2	0x33
0x81d4	0x3e
0x81d6	0x49
0x81d8	0x58
0x81da	0x64
0x81dc	0x6f
0x81de	0x7a
0x81e0	0x85
0x1268	0x1260
0x1351	0x134d
0x81ab	0x81aa
0x81cc	0x81cb
0x324	0x31c
0x841	0x839
0x878	0x870
0xdbc	0xdb4
0xdf3	0xdeb
0x12d1	0x12c9
0x13b1	0x13a9
0xaf	0xae
0xc6	0xc5
0xe2	0xe1
0xec	0xeb
0x12c	0x12b
0x154	0x153
0x17c	0x17b
0x1bc	0x1bb
0x1d2	0x1d1
0x1ee	0x1ed
0x116	0x10e
0x1a6	0x19e
0xf7	0xf5
0x121	0x11f
0x137	0x135
0x15f	0x15d
0x187	0x185
0x1b1	0x1af
0x1c7	0x1c5
0x801	0x7f9
0xd7c	0xd74
0x125f	0x122f
0x2d3	0x2c2
0x2d6	0x2c2
0x7ed	0x7c8
0xd68	0xd43
0x1254	0x122f
0x1311	0x1306
0x1315	0x1306
0x1344	0x1306
0x1266	0x1260
0x1292	0x127a
0x1372	0x135a
0x2dd	0x2c2
0x203S0xb0	0x1efB0xb0
0x203S0x188	0x1efB0x188
0x13f9S0x127a	0x13f3B0x127a
0x13f9S0x135a	0x13f3B0x135a
0x203S0x81e3	0x1efB0x81e3
0x17d7S0x264	0x17ceB0x264
0x17c3S0x264	0x17b9B0x264
0x17cdS0x264	0x17c4B0x264
0x17e1S0x264	0x17d8B0x264
0x17b8S0x264	0x17aeB0x264
0x17adS0x17b9S0x264	0x17abB0x17b9B0x264
0x17aaS0x17aeS0x264	0x17a1B0x17aeB0x264
0x18b7S0x7c8	0x18a1B0x7c8
0x18afS0x7c8	0x18a1B0x7c8
0x1895S0x7c8	0x188bB0x7c8
0x18a0S0x7c8	0x1896B0x7c8
0x187eS0x7c8	0x1831B0x7c8
0x1856S0x7c8	0x1831B0x7c8
0x187cS0x7c8	0x1831B0x7c8
0x18beS0x7c8	0x18b8B0x7c8
0x188aS0x7c8	0x187fB0x7c8
0x1830S0x187fS0x7c8	0x1821B0x187fB0x7c8
0x1825S0x187fS0x7c8	0x1821B0x187fB0x7c8
0x18b7S0xd43	0x18a1B0xd43
0x18afS0xd43	0x18a1B0xd43
0x1895S0xd43	0x188bB0xd43
0x18a0S0xd43	0x1896B0xd43
0x187eS0xd43	0x1831B0xd43
0x1856S0xd43	0x1831B0xd43
0x187cS0xd43	0x1831B0xd43
0x18beS0xd43	0x18b8B0xd43
0x188aS0xd43	0x187fB0xd43
0x1830S0x187fS0xd43	0x1821B0x187fB0xd43
0x1825S0x187fS0xd43	0x1821B0x187fB0xd43
0x16e8S0x191	0x16d6B0x191
0x16eeS0x191	0x16e9B0x191
0x16d5S0x16d6S0x191	0x16d0B0x16d6B0x191
0x16d2S0x16d6S0x191	0x16d0B0x16d6B0x191
0x16c6S0x16d6S0x191	0x16bcB0x16d6B0x191
0x16cfS0x16d6S0x191	0x16c7B0x16d6B0x191
0x13f0S0x1272	0x13c0B0x1272
0x13e5S0x1272	0x13c0B0x1272
0x13baS0x1272	0x13b3B0x1272
0x13bfS0x1272	0x13bbB0x1272
0x13f2S0x1272	0x13f1B0x1272
0x203S0x13b3S0x1272	0x1efB0x13b3B0x1272
0x1222S0x1352	0x11f2B0x1352
0x1217S0x1352	0x11f2B0x1352
0x11ebS0x1352	0x11e4B0x1352
0x11f1S0x1352	0x11ecB0x1352
0x1224S0x1352	0x1223B0x1352
0x203S0x11e4S0x1352	0x1efB0x11e4B0x1352
0x1569S0xc7	0x1563B0xc7
0x1586S0xc7	0x1580B0xc7
0x15b5S0xc7	0x15afB0xc7
0x1562S0xc7	0x1553B0xc7
0x157fS0xc7	0x156bB0xc7
0x3f65S0xc7	0x3f62B0xc7
0x1593S0xc7	0x1588B0xc7
0x3f88S0xc7	0x3f85B0xc7
0x15aeS0xc7	0x1594B0xc7
0x15c2S0xc7	0x15b7B0xc7
0x3fabS0xc7	0x3fa8B0xc7
0x15d0S0xc7	0x15c3B0xc7
0x14bcS0x1588S0xc7	0x14b6B0x1588B0xc7
0x14d9S0x1588S0xc7	0x14d3B0x1588B0xc7
0x14f5S0x1588S0xc7	0x14efB0x1588B0xc7
0x14d2S0x1588S0xc7	0x14beB0x1588B0xc7
0x3e93S0x1588S0xc7	0x3e90B0x1588B0xc7
0x14eeS0x1588S0xc7	0x14dbB0x1588B0xc7
0x3eb6S0x1588S0xc7	0x3eb3B0x1588B0xc7
0x14fdS0x1588S0xc7	0x14f7B0x1588B0xc7
0x3ed9S0x1588S0xc7	0x3ed6B0x1588B0xc7
0x14b5S0x1588S0xc7	0x14a9B0x1588B0xc7
0x1511S0x15b7S0xc7	0x150bB0x15b7B0xc7
0x152eS0x15b7S0xc7	0x1528B0x15b7B0xc7
0x154aS0x15b7S0xc7	0x1544B0x15b7B0xc7
0x1527S0x15b7S0xc7	0x1513B0x15b7B0xc7
0x3efcS0x15b7S0xc7	0x3ef9B0x15b7B0xc7
0x1543S0x15b7S0xc7	0x1530B0x15b7B0xc7
0x3f1fS0x15b7S0xc7	0x3f1cB0x15b7B0xc7
0x1552S0x15b7S0xc7	0x154cB0x15b7B0xc7
0x3f42S0x15b7S0xc7	0x3f3fB0x15b7B0xc7
0x150aS0x15b7S0xc7	0x14feB0x15b7B0xc7
0x1622S0x101	0x1610B0x101
0x1628S0x101	0x1623B0x101
0x160fS0x1610S0x101	0x160aB0x1610B0x101
0x160cS0x1610S0x101	0x160aB0x1610B0x101
0x1609S0x1610S0x101	0x1601B0x1610B0x101
0x1600S0x1601S0x1610S0x101	0x15faB0x1601B0x1610B0x101
0x15efS0x1601S0x1610S0x101	0x15d1B0x1601B0x1610B0x101
0x15f9S0x1601S0x1610S0x101	0x15f0B0x1601B0x1610B0x101
0x180cS0x2e7	0x17faB0x2e7
0x1819S0x2e7	0x180dB0x2e7
0x1820S0x2e7	0x181aB0x2e7
0x16c6S0x180dS0x2e7	0x16bcB0x180dB0x2e7
0x16cfS0x180dS0x2e7	0x16c7B0x180dB0x2e7
0x16d5S0x180dS0x2e7	0x16d0B0x180dB0x2e7
0x16d2S0x180dS0x2e7	0x16d0B0x180dB0x2e7
0x17f9S0x17faS0x2e7	0x17f4B0x17faB0x2e7
0x17f6S0x17faS0x2e7	0x17f4B0x17faB0x2e7
0x17f3S0x17faS0x2e7	0x17ebB0x17faB0x2e7
0x17eaS0x17ebS0x17faS0x2e7	0x17e2B0x17ebB0x17faB0x2e7
0x1622S0x80a	0x1610B0x80a
0x1628S0x80a	0x1623B0x80a
0x160fS0x1610S0x80a	0x160aB0x1610B0x80a
0x160cS0x1610S0x80a	0x160aB0x1610B0x80a
0x1609S0x1610S0x80a	0x1601B0x1610B0x80a
0x1600S0x1601S0x1610S0x80a	0x15faB0x1601B0x1610B0x80a
0x15efS0x1601S0x1610S0x80a	0x15d1B0x1601B0x1610B0x80a
0x15f9S0x1601S0x1610S0x80a	0x15f0B0x1601B0x1610B0x80a
0x1622S0x839	0x1610B0x839
0x1628S0x839	0x1623B0x839
0x160fS0x1610S0x839	0x160aB0x1610B0x839
0x160cS0x1610S0x839	0x160aB0x1610B0x839
0x1609S0x1610S0x839	0x1601B0x1610B0x839
0x1600S0x1601S0x1610S0x839	0x15faB0x1601B0x1610B0x839
0x15efS0x1601S0x1610S0x839	0x15d1B0x1601B0x1610B0x839
0x15f9S0x1601S0x1610S0x839	0x15f0B0x1601B0x1610B0x839
0x1e0aS0x12d3	0x1df8B0x12d3
0x1e17S0x12d3	0x1e0bB0x12d3
0x1e1eS0x12d3	0x1e18B0x12d3
0x160fS0x1df8S0x12d3	0x160aB0x1df8B0x12d3
0x160cS0x1df8S0x12d3	0x160aB0x1df8B0x12d3
0x1609S0x1df8S0x12d3	0x1601B0x1df8B0x12d3
0x1600S0x1601S0x1df8S0x12d3	0x15faB0x1601B0x1df8B0x12d3
0x15efS0x1601S0x1df8S0x12d3	0x15d1B0x1601B0x1df8B0x12d3
0x15f9S0x1601S0x1df8S0x12d3	0x15f0B0x1601B0x1df8B0x12d3
0x17f9S0x1e0bS0x12d3	0x17f4B0x1e0bB0x12d3
0x17f6S0x1e0bS0x12d3	0x17f4B0x1e0bB0x12d3
0x17f3S0x1e0bS0x12d3	0x17ebB0x1e0bB0x12d3
0x17eaS0x17ebS0x1e0bS0x12d3	0x17e2B0x17ebB0x1e0bB0x12d3
0x1622S0xd85	0x1610B0xd85
0x1628S0xd85	0x1623B0xd85
0x160fS0x1610S0xd85	0x160aB0x1610B0xd85
0x160cS0x1610S0xd85	0x160aB0x1610B0xd85
0x1609S0x1610S0xd85	0x1601B0x1610B0xd85
0x1600S0x1601S0x1610S0xd85	0x15faB0x1601B0x1610B0xd85
0x15efS0x1601S0x1610S0xd85	0x15d1B0x1601B0x1610B0xd85
0x15f9S0x1601S0x1610S0xd85	0x15f0B0x1601B0x1610B0xd85
0x1622S0xdb4	0x1610B0xdb4
0x1628S0xdb4	0x1623B0xdb4
0x160fS0x1610S0xdb4	0x160aB0x1610B0xdb4
0x160cS0x1610S0xdb4	0x160aB0x1610B0xdb4
0x1609S0x1610S0xdb4	0x1601B0x1610B0xdb4
0x1600S0x1601S0x1610S0xdb4	0x15faB0x1601B0x1610B0xdb4
0x15efS0x1601S0x1610S0xdb4	0x15d1B0x1601B0x1610B0xdb4
0x15f9S0x1601S0x1610S0xdb4	0x15f0B0x1601B0x1610B0xdb4
0x1622S0x12bc	0x1610B0x12bc
0x1628S0x12bc	0x1623B0x12bc
0x160fS0x1610S0x12bc	0x160aB0x1610B0x12bc
0x160cS0x1610S0x12bc	0x160aB0x1610B0x12bc
0x1609S0x1610S0x12bc	0x1601B0x1610B0x12bc
0x1600S0x1601S0x1610S0x12bc	0x15faB0x1601B0x1610B0x12bc
0x15efS0x1601S0x1610S0x12bc	0x15d1B0x1601B0x1610B0x12bc
0x15f9S0x1601S0x1610S0x12bc	0x15f0B0x1601B0x1610B0x12bc
0x1622S0x139c	0x1610B0x139c
0x1628S0x139c	0x1623B0x139c
0x160fS0x1610S0x139c	0x160aB0x1610B0x139c
0x160cS0x1610S0x139c	0x160aB0x1610B0x139c
0x1609S0x1610S0x139c	0x1601B0x1610B0x139c
0x1600S0x1601S0x1610S0x139c	0x15faB0x1601B0x1610B0x139c
0x15efS0x1601S0x1610S0x139c	0x15d1B0x1601B0x1610B0x139c
0x15f9S0x1601S0x1610S0x139c	0x15f0B0x1601B0x1610B0x139c
0x1667S0x138	0x1661B0x138
0x1660S0x138	0x1653B0x138
0x1675S0x138	0x1669B0x138
0x3fceS0x138	0x3fcbB0x138
0x1686S0x138	0x1676B0x138
0x1690S0x138	0x1687B0x138
0x1652S0x1669S0x138	0x164dB0x1669B0x138
0x164cS0x1669S0x138	0x163fB0x1669B0x138
0x163bS0x163fS0x1669S0x138	0x1639B0x163fB0x1669B0x138
0x1638S0x163fS0x1669S0x138	0x1632B0x163fB0x1669B0x138
0x163eS0x163fS0x1669S0x138	0x163cB0x163fB0x1669B0x138
0x1631S0x163fS0x1669S0x138	0x1629B0x163fB0x1669B0x138
0x1600S0x1629S0x163fS0x1669S0x138	0x15faB0x1629B0x163fB0x1669B0x138
0x15efS0x1629S0x163fS0x1669S0x138	0x15d1B0x1629B0x163fB0x1669B0x138
0x15f9S0x1629S0x163fS0x1669S0x138	0x15f0B0x1629B0x163fB0x1669B0x138
0x1652S0x1676S0x138	0x164dB0x1676B0x138
0x164cS0x1676S0x138	0x163fB0x1676B0x138
0x163bS0x163fS0x1676S0x138	0x1639B0x163fB0x1676B0x138
0x1638S0x163fS0x1676S0x138	0x1632B0x163fB0x1676B0x138
0x163eS0x163fS0x1676S0x138	0x163cB0x163fB0x1676B0x138
0x1631S0x163fS0x1676S0x138	0x1629B0x163fB0x1676B0x138
0x1600S0x1629S0x163fS0x1676S0x138	0x15faB0x1629B0x163fB0x1676B0x138
0x15efS0x1629S0x163fS0x1676S0x138	0x15d1B0x1629B0x163fB0x1676B0x138
0x15f9S0x1629S0x163fS0x1676S0x138	0x15f0B0x1629B0x163fB0x1676B0x138
0x16a4S0x160	0x169eB0x160
0x169dS0x160	0x1691B0x160
0x16b2S0x160	0x16a6B0x160
0x3ff1S0x160	0x3feeB0x160
0x16bbS0x160	0x16b3B0x160
0x1652S0x16a6S0x160	0x164dB0x16a6B0x160
0x164cS0x16a6S0x160	0x163fB0x16a6B0x160
0x163bS0x163fS0x16a6S0x160	0x1639B0x163fB0x16a6B0x160
0x1638S0x163fS0x16a6S0x160	0x1632B0x163fB0x16a6B0x160
0x163eS0x163fS0x16a6S0x160	0x163cB0x163fB0x16a6B0x160
0x1631S0x163fS0x16a6S0x160	0x1629B0x163fB0x16a6B0x160
0x1600S0x1629S0x163fS0x16a6S0x160	0x15faB0x1629B0x163fB0x16a6B0x160
0x15efS0x1629S0x163fS0x16a6S0x160	0x15d1B0x1629B0x163fB0x16a6B0x160
0x15f9S0x1629S0x163fS0x16a6S0x160	0x15f0B0x1629B0x163fB0x16a6B0x160
0xe79S0x1c8	0xe49B0x1c8
0xe6eS0x1c8	0xe49B0x1c8
0xee3S0x1c8	0xea0B0x1c8
0xf1dS0x1c8	0xefeB0x1c8
0xf0fS0x1c8	0xefeB0x1c8
0xf12S0x1c8	0xefeB0x1c8
0xf19S0x1c8	0xefeB0x1c8
0xf96S0x1c8	0xf66B0x1c8
0xf8bS0x1c8	0xf66B0x1c8
0xe48S0x1c8	0xdf5B0x1c8
0xe8aS0x1c8	0xe83B0x1c8
0xe82S0x1c8	0xe7aB0x1c8
0xe92S0x1c8	0xe8bB0x1c8
0xe9fS0x1c8	0xe93B0x1c8
0xfaaS0x1c8	0xfa2B0x1c8
0xefdS0x1c8	0xee4B0x1c8
0xf57S0x1c8	0xf23B0x1c8
0xf65S0x1c8	0xf58B0x1c8
0xf60S0x1c8	0xf58B0x1c8
0xf9fS0x1c8	0xf97B0x1c8
0xfacS0x1c8	0xfabB0x1c8
0x1271S0xfa2S0x1c8	0x1269B0xfa2B0x1c8
0x126fS0xfa2S0x1c8	0x1269B0xfa2B0x1c8
0x18b7S0xe49S0x1c8	0x18a1B0xe49B0x1c8
0x18afS0xe49S0x1c8	0x18a1B0xe49B0x1c8
0x1895S0xe49S0x1c8	0x188bB0xe49B0x1c8
0x18a0S0xe49S0x1c8	0x1896B0xe49B0x1c8
0x187eS0xe49S0x1c8	0x1831B0xe49B0x1c8
0x1856S0xe49S0x1c8	0x1831B0xe49B0x1c8
0x187cS0xe49S0x1c8	0x1831B0xe49B0x1c8
0x188aS0xe49S0x1c8	0x187fB0xe49B0x1c8
0x1830S0x187fS0xe49S0x1c8	0x1821B0x187fB0xe49B0x1c8
0x1825S0x187fS0xe49S0x1c8	0x1821B0x187fB0xe49B0x1c8
0x17d7S0xea0S0x1c8	0x17ceB0xea0B0x1c8
0x17c3S0xea0S0x1c8	0x17b9B0xea0B0x1c8
0x17cdS0xea0S0x1c8	0x17c4B0xea0B0x1c8
0x17b8S0xea0S0x1c8	0x17aeB0xea0B0x1c8
0x17aaS0x17aeS0xea0S0x1c8	0x17a1B0x17aeB0xea0B0x1c8
0x1df0S0xf66S0x1c8	0x1ddaB0xf66B0x1c8
0x1de8S0xf66S0x1c8	0x1ddaB0xf66B0x1c8
0x1dceS0xf66S0x1c8	0x1dc4B0xf66B0x1c8
0x1dd9S0xf66S0x1c8	0x1dcfB0xf66B0x1c8
0x1db7S0xf66S0x1c8	0x1d90B0xf66B0x1c8
0x1db5S0xf66S0x1c8	0x1d90B0xf66B0x1c8
0x1dc3S0xf66S0x1c8	0x1db8B0xf66B0x1c8
0x1830S0x1db8S0xf66S0x1c8	0x1821B0x1db8B0xf66B0x1c8
0x1825S0x1db8S0xf66S0x1c8	0x1821B0x1db8B0xf66B0x1c8
0x1222S0xe83S0x1c8	0x11f2B0xe83B0x1c8
0x1217S0xe83S0x1c8	0x11f2B0xe83B0x1c8
0x11ebS0xe83S0x1c8	0x11e4B0xe83B0x1c8
0x11f1S0xe83S0x1c8	0x11ecB0xe83B0x1c8
0x203S0x11e4S0xe83S0x1c8	0x1efB0x11e4B0xe83B0x1c8
0x18beS0xe49S0x1c8	0x18b8B0xe49B0x1c8
0x17e1S0xea0S0x1c8	0x17d8B0xea0B0x1c8
0x17adS0x17b9S0xea0S0x1c8	0x17abB0x17b9B0xea0B0x1c8
0x1df7S0xf66S0x1c8	0x1df1B0xf66B0x1c8
0x1224S0xe83S0x1c8	0x1223B0xe83B0x1c8
0x180cS0xf23S0x1c8	0x17faB0xf23B0x1c8
0x1819S0xf23S0x1c8	0x180dB0xf23B0x1c8
0x1820S0xf23S0x1c8	0x181aB0xf23B0x1c8
0x16c6S0x180dS0xf23S0x1c8	0x16bcB0x180dB0xf23B0x1c8
0x16cfS0x180dS0xf23S0x1c8	0x16c7B0x180dB0xf23B0x1c8
0x16d5S0x180dS0xf23S0x1c8	0x16d0B0x180dB0xf23B0x1c8
0x16d2S0x180dS0xf23S0x1c8	0x16d0B0x180dB0xf23B0x1c8
0x17f9S0x17faS0xf23S0x1c8	0x17f4B0x17faB0xf23B0x1c8
0x17f6S0x17faS0xf23S0x1c8	0x17f4B0x17faB0xf23B0x1c8
0x17f3S0x17faS0xf23S0x1c8	0x17ebB0x17faB0xf23B0x1c8
0x17eaS0x17ebS0x17faS0xf23S0x1c8	0x17e2B0x17ebB0x17faB0xf23B0x1c8
0x1031S0x1e8	0x1001B0x1e8
0x1026S0x1e8	0x1001B0x1e8
0x10afS0x1e8	0x107fB0x1e8
0x10a4S0x1e8	0x107fB0x1e8
0x111dS0x1e8	0x10edB0x1e8
0x1112S0x1e8	0x10edB0x1e8
0x1187S0x1e8	0x1168B0x1e8
0x1179S0x1e8	0x1168B0x1e8
0x117cS0x1e8	0x1168B0x1e8
0x1183S0x1e8	0x1168B0x1e8
0x1000S0x1e8	0xfadB0x1e8
0x1042S0x1e8	0x103bB0x1e8
0x103aS0x1e8	0x1032B0x1e8
0x104aS0x1e8	0x1043B0x1e8
0x107eS0x1e8	0x104bB0x1e8
0x10ecS0x1e8	0x10b9B0x1e8
0x10b8S0x1e8	0x10b0B0x1e8
0x114eS0x1e8	0x1127B0x1e8
0x1126S0x1e8	0x111eB0x1e8
0x1167S0x1e8	0x114fB0x1e8
0x11c5S0x1e8	0x118dB0x1e8
0x11d5S0x1e8	0x11c6B0x1e8
0x11ceS0x1e8	0x11c6B0x1e8
0x11deS0x1e8	0x11d6B0x1e8
0x11e3S0x1e8	0x11dfB0x1e8
0x1271S0x11d6S0x1e8	0x1269B0x11d6B0x1e8
0x126fS0x11d6S0x1e8	0x1269B0x11d6B0x1e8
0x18b7S0x1001S0x1e8	0x18a1B0x1001B0x1e8
0x18afS0x1001S0x1e8	0x18a1B0x1001B0x1e8
0x1895S0x1001S0x1e8	0x188bB0x1001B0x1e8
0x18a0S0x1001S0x1e8	0x1896B0x1001B0x1e8
0x187eS0x1001S0x1e8	0x1831B0x1001B0x1e8
0x1856S0x1001S0x1e8	0x1831B0x1001B0x1e8
0x187cS0x1001S0x1e8	0x1831B0x1001B0x1e8
0x188aS0x1001S0x1e8	0x187fB0x1001B0x1e8
0x1830S0x187fS0x1001S0x1e8	0x1821B0x187fB0x1001B0x1e8
0x1825S0x187fS0x1001S0x1e8	0x1821B0x187fB0x1001B0x1e8
0x1a84S0x107fS0x1e8	0x1a6eB0x107fB0x1e8
0x1a7cS0x107fS0x1e8	0x1a6eB0x107fB0x1e8
0x1a62S0x107fS0x1e8	0x1a58B0x107fB0x1e8
0x1a6dS0x107fS0x1e8	0x1a63B0x107fB0x1e8
0x1a4bS0x107fS0x1e8	0x1a24B0x107fB0x1e8
0x1a49S0x107fS0x1e8	0x1a24B0x107fB0x1e8
0x1a57S0x107fS0x1e8	0x1a4cB0x107fB0x1e8
0x1830S0x1a4cS0x107fS0x1e8	0x1821B0x1a4cB0x107fB0x1e8
0x1825S0x1a4cS0x107fS0x1e8	0x1821B0x1a4cB0x107fB0x1e8
0x1aecS0x10edS0x1e8	0x1ad6B0x10edB0x1e8
0x1ae4S0x10edS0x1e8	0x1ad6B0x10edB0x1e8
0x1acaS0x10edS0x1e8	0x1ac0B0x10edB0x1e8
0x1ad5S0x10edS0x1e8	0x1acbB0x10edB0x1e8
0x1ab3S0x10edS0x1e8	0x1a8cB0x10edB0x1e8
0x1ab1S0x10edS0x1e8	0x1a8cB0x10edB0x1e8
0x1abfS0x10edS0x1e8	0x1ab4B0x10edB0x1e8
0x1830S0x1ab4S0x10edS0x1e8	0x1821B0x1ab4B0x10edB0x1e8
0x1825S0x1ab4S0x10edS0x1e8	0x1821B0x1ab4B0x10edB0x1e8
0x1222S0x103bS0x1e8	0x11f2B0x103bB0x1e8
0x1217S0x103bS0x1e8	0x11f2B0x103bB0x1e8
0x11ebS0x103bS0x1e8	0x11e4B0x103bB0x1e8
0x11f1S0x103bS0x1e8	0x11ecB0x103bB0x1e8
0x203S0x11e4S0x103bS0x1e8	0x1efB0x11e4B0x103bB0x1e8
0x1b9fS0x1127S0x1e8	0x1b94B0x1127B0x1e8
0x1b87S0x1127S0x1e8	0x1b7bB0x1127B0x1e8
0x1b93S0x1127S0x1e8	0x1b88B0x1127B0x1e8
0x1b7aS0x1127S0x1e8	0x1b70B0x1127B0x1e8
0x1b6fS0x1b7bS0x1127S0x1e8	0x1b62B0x1b7bB0x1127B0x1e8
0x1b66S0x1b7bS0x1127S0x1e8	0x1b62B0x1b7bB0x1127B0x1e8
0x1b6bS0x1b7bS0x1127S0x1e8	0x1b62B0x1b7bB0x1127B0x1e8
0x17aaS0x1b70S0x1127S0x1e8	0x17a1B0x1b70B0x1127B0x1e8
0x18beS0x1001S0x1e8	0x18b8B0x1001B0x1e8
0x1a8bS0x107fS0x1e8	0x1a85B0x107fB0x1e8
0x1af3S0x10edS0x1e8	0x1aedB0x10edB0x1e8
0x1224S0x103bS0x1e8	0x1223B0x103bB0x1e8
0x1babS0x1127S0x1e8	0x1ba0B0x1127B0x1e8
0x1c0aS0x118dS0x1e8	0x1bf8B0x118dB0x1e8
0x1be3S0x118dS0x1e8	0x1bd7B0x118dB0x1e8
0x1bbbS0x118dS0x1e8	0x1bacB0x118dB0x1e8
0x1bb0S0x118dS0x1e8	0x1bacB0x118dB0x1e8
0x1becS0x118dS0x1e8	0x1be4B0x118dB0x1e8
0x1bf7S0x118dS0x1e8	0x1bedB0x118dB0x1e8
0x1bcbS0x118dS0x1e8	0x1bbcB0x118dB0x1e8
0x1c1dS0x118dS0x1e8	0x1c0bB0x118dB0x1e8
0x1c13S0x118dS0x1e8	0x1c0bB0x118dB0x1e8
0x1c2cS0x118dS0x1e8	0x1c1eB0x118dB0x1e8
0x1bd6S0x118dS0x1e8	0x1bccB0x118dB0x1e8
0x1c35S0x118dS0x1e8	0x1c2dB0x118dB0x1e8
0x1b6fS0x1bd7S0x118dS0x1e8	0x1b62B0x1bd7B0x118dB0x1e8
0x1b66S0x1bd7S0x118dS0x1e8	0x1b62B0x1bd7B0x118dB0x1e8
0x1b6bS0x1bd7S0x118dS0x1e8	0x1b62B0x1bd7B0x118dB0x1e8
0x16c6S0x1c1eS0x118dS0x1e8	0x16bcB0x1c1eB0x118dB0x1e8
0x16cfS0x1c1eS0x118dS0x1e8	0x16c7B0x1c1eB0x118dB0x1e8
0x16d5S0x1c1eS0x118dS0x1e8	0x16d0B0x1c1eB0x118dB0x1e8
0x16d2S0x1c1eS0x118dS0x1e8	0x16d0B0x1c1eB0x118dB0x1e8
0x160fS0x1bf8S0x118dS0x1e8	0x160aB0x1bf8B0x118dB0x1e8
0x160cS0x1bf8S0x118dS0x1e8	0x160aB0x1bf8B0x118dB0x1e8
0x1609S0x1bf8S0x118dS0x1e8	0x1601B0x1bf8B0x118dB0x1e8
0x1600S0x1601S0x1bf8S0x118dS0x1e8	0x15faB0x1601B0x1bf8B0x118dB0x1e8
0x15efS0x1601S0x1bf8S0x118dS0x1e8	0x15d1B0x1601B0x1bf8B0x118dB0x1e8
0x15f9S0x1601S0x1bf8S0x118dS0x1e8	0x15f0B0x1601B0x1bf8B0x118dB0x1e8
0x1418S0x1306	0x140fB0x1306
0x1415S0x1306	0x140fB0x1306
0x1431S0x1306	0x1429B0x1306
0x140eS0x1306	0x13faB0x1306
0x1428S0x1306	0x1419B0x1306
0x1452S0x1306	0x144dB0x1306
0x1494S0x1306	0x148fB0x1306
0x148eS0x1306	0x1486B0x1306
0x1485S0x1306	0x1453B0x1306
0x1479S0x1306	0x1453B0x1306
0x1622S0x1453S0x1306	0x1610B0x1453B0x1306
0x1628S0x1453S0x1306	0x1623B0x1453B0x1306
0x160fS0x1610S0x1453S0x1306	0x160aB0x1610B0x1453B0x1306
0x160cS0x1610S0x1453S0x1306	0x160aB0x1610B0x1453B0x1306
0x1609S0x1610S0x1453S0x1306	0x1601B0x1610B0x1453B0x1306
0x1600S0x1601S0x1610S0x1453S0x1306	0x15faB0x1601B0x1610B0x1453B0x1306
0x15efS0x1601S0x1610S0x1453S0x1306	0x15d1B0x1601B0x1610B0x1453B0x1306
0x15f9S0x1601S0x1610S0x1453S0x1306	0x15f0B0x1601B0x1610B0x1453B0x1306
0x749S0xe3	0x743B0xe3
0x73dS0xe3	0x736B0xe3
0x742S0xe3	0x73eB0xe3
0x74cS0xe3	0x74bB0xe3
0x203S0x736S0xe3	0x1efB0x736B0xe3
0x1759S0x1d3	0x1753B0x1d3
0x1787S0x1d3	0x1781B0x1d3
0x1752S0x1d3	0x1744B0x1d3
0x1767S0x1d3	0x175bB0x1d3
0x407dS0x1d3	0x407aB0x1d3
0x1780S0x1d3	0x1768B0x1d3
0x1794S0x1d3	0x1789B0x1d3
0x40a0S0x1d3	0x409dB0x1d3
0x17a0S0x1d3	0x1795B0x1d3
0x1702S0x1789S0x1d3	0x16fcB0x1789B0x1d3
0x171fS0x1789S0x1d3	0x1719B0x1789B0x1d3
0x173bS0x1789S0x1d3	0x1735B0x1789B0x1d3
0x1718S0x1789S0x1d3	0x1704B0x1789B0x1d3
0x4014S0x1789S0x1d3	0x4011B0x1789B0x1d3
0x1734S0x1789S0x1d3	0x1721B0x1789B0x1d3
0x4037S0x1789S0x1d3	0x4034B0x1789B0x1d3
0x405aS0x1789S0x1d3	0x4057B0x1789B0x1d3
0x16fbS0x1789S0x1d3	0x16efB0x1789B0x1d3
0x1743S0x1789S0x1d3	0x173dB0x1789B0x1d3
0x1652S0x175bS0x1d3	0x164dB0x175bB0x1d3
0x164cS0x175bS0x1d3	0x163fB0x175bB0x1d3
0x163bS0x163fS0x175bS0x1d3	0x1639B0x163fB0x175bB0x1d3
0x1638S0x163fS0x175bS0x1d3	0x1632B0x163fB0x175bB0x1d3
0x163eS0x163fS0x175bS0x1d3	0x163cB0x163fB0x175bB0x1d3
0x1631S0x163fS0x175bS0x1d3	0x1629B0x163fB0x175bB0x1d3
0x1600S0x1629S0x163fS0x175bS0x1d3	0x15faB0x1629B0x163fB0x175bB0x1d3
0x15efS0x1629S0x163fS0x175bS0x1d3	0x15d1B0x1629B0x163fB0x175bB0x1d3
0x15f9S0x1629S0x163fS0x175bS0x1d3	0x15f0B0x1629B0x163fB0x175bB0x1d3
0x3aeS0xdc	0x37eB0xdc
0x3a3S0xdc	0x37eB0xdc
0x406S0xdc	0x3d6B0xdc
0x3fbS0xdc	0x3d6B0xdc
0x44bS0xdc	0x41bB0xdc
0x440S0xdc	0x41bB0xdc
0x492S0xdc	0x462B0xdc
0x487S0xdc	0x462B0xdc
0x4cdS0xdc	0x4adB0xdc
0x4d4S0xdc	0x4ceB0xdc
0x537S0xdc	0x507B0xdc
0x52cS0xdc	0x507B0xdc
0x569S0xdc	0x563B0xdc
0x5ccS0xdc	0x59cB0xdc
0x5c1S0xdc	0x59cB0xdc
0x5e8S0xdc	0x5e2B0xdc
0x626S0xdc	0x620B0xdc
0x680S0xdc	0x661B0xdc
0x672S0xdc	0x661B0xdc
0x675S0xdc	0x661B0xdc
0x67cS0xdc	0x661B0xdc
0x6bcS0xdc	0x6b6B0xdc
0x6e4S0xdc	0x6deB0xdc
0x37dS0xdc	0x32aB0xdc
0x3bfS0xdc	0x3b8B0xdc
0x3b7S0xdc	0x3afB0xdc
0x3c7S0xdc	0x3c0B0xdc
0x3d5S0xdc	0x3c8B0xdc
0x41aS0xdc	0x410B0xdc
0x40fS0xdc	0x407B0xdc
0x461S0xdc	0x455B0xdc
0x454S0xdc	0x44cB0xdc
0x49bS0xdc	0x493B0xdc
0x727S0xdc	0x71fB0xdc
0x4eaS0xdc	0x4d6B0xdc
0x3cf4S0xdc	0x3cc8B0xdc
0x3cebS0xdc	0x3cc8B0xdc
0x3cf0S0xdc	0x3cc8B0xdc
0x506S0xdc	0x4ebB0xdc
0x562S0xdc	0x541B0xdc
0x540S0xdc	0x538B0xdc
0x57fS0xdc	0x56bB0xdc
0x3d40S0xdc	0x3d14B0xdc
0x3d37S0xdc	0x3d14B0xdc
0x3d3cS0xdc	0x3d14B0xdc
0x59bS0xdc	0x580B0xdc
0x5e1S0xdc	0x5d6B0xdc
0x5d5S0xdc	0x5cdB0xdc
0x5feS0xdc	0x5eaB0xdc
0x3d8cS0xdc	0x3d60B0xdc
0x3d83S0xdc	0x3d60B0xdc
0x3d88S0xdc	0x3d60B0xdc
0x61fS0xdc	0x5ffB0xdc
0x639S0xdc	0x628B0xdc
0x3dd8S0xdc	0x3dacB0xdc
0x3dcfS0xdc	0x3dacB0xdc
0x3dd4S0xdc	0x3dacB0xdc
0x647S0xdc	0x63aB0xdc
0x660S0xdc	0x648B0xdc
0x6b5S0xdc	0x686B0xdc
0x6d2S0xdc	0x6beB0xdc
0x3e24S0xdc	0x3df8B0xdc
0x3e1bS0xdc	0x3df8B0xdc
0x3e20S0xdc	0x3df8B0xdc
0x6ddS0xdc	0x6d3B0xdc
0x6f7S0xdc	0x6e6B0xdc
0x3e70S0xdc	0x3e44B0xdc
0x3e67S0xdc	0x3e44B0xdc
0x3e6cS0xdc	0x3e44B0xdc
0x708S0xdc	0x6f8B0xdc
0x71eS0xdc	0x709B0xdc
0x711S0xdc	0x709B0xdc
0x4acS0xdc	0x4a1B0xdc
0x72fS0xdc	0x728B0xdc
0x735S0xdc	0x730B0xdc
0x1b1aS0x628S0xdc	0x1b14B0x628B0xdc
0x1b3cS0x628S0xdc	0x1b36B0x628B0xdc
0x1b58S0x628S0xdc	0x1b52B0x628B0xdc
0x1b13S0x628S0xdc	0x1b00B0x628B0xdc
0x1b35S0x628S0xdc	0x1b1cB0x628B0xdc
0x1af7S0x628S0xdc	0x1af4B0x628B0xdc
0x1b51S0x628S0xdc	0x1b3eB0x628B0xdc
0x1afbS0x628S0xdc	0x1af8B0x628B0xdc
0x1affS0x628S0xdc	0x1afcB0x628B0xdc
0x1b1aS0x6e6S0xdc	0x1b14B0x6e6B0xdc
0x1b3cS0x6e6S0xdc	0x1b36B0x6e6B0xdc
0x1b58S0x6e6S0xdc	0x1b52B0x6e6B0xdc
0x1b13S0x6e6S0xdc	0x1b00B0x6e6B0xdc
0x1b35S0x6e6S0xdc	0x1b1cB0x6e6B0xdc
0x1af7S0x6e6S0xdc	0x1af4B0x6e6B0xdc
0x1b51S0x6e6S0xdc	0x1b3eB0x6e6B0xdc
0x1afbS0x6e6S0xdc	0x1af8B0x6e6B0xdc
0x1affS0x6e6S0xdc	0x1afcB0x6e6B0xdc
0x1271S0x728S0xdc	0x1269B0x728B0xdc
0x126fS0x728S0xdc	0x1269B0x728B0xdc
0x18b7S0x37eS0xdc	0x18a1B0x37eB0xdc
0x18afS0x37eS0xdc	0x18a1B0x37eB0xdc
0x1895S0x37eS0xdc	0x188bB0x37eB0xdc
0x18a0S0x37eS0xdc	0x1896B0x37eB0xdc
0x187eS0x37eS0xdc	0x1831B0x37eB0xdc
0x1856S0x37eS0xdc	0x1831B0x37eB0xdc
0x187cS0x37eS0xdc	0x1831B0x37eB0xdc
0x188aS0x37eS0xdc	0x187fB0x37eB0xdc
0x1830S0x187fS0x37eS0xdc	0x1821B0x187fB0x37eB0xdc
0x1825S0x187fS0x37eS0xdc	0x1821B0x187fB0x37eB0xdc
0x191fS0x3d6S0xdc	0x1909B0x3d6B0xdc
0x1917S0x3d6S0xdc	0x1909B0x3d6B0xdc
0x18fdS0x3d6S0xdc	0x18f3B0x3d6B0xdc
0x1908S0x3d6S0xdc	0x18feB0x3d6B0xdc
0x18e6S0x3d6S0xdc	0x18bfB0x3d6B0xdc
0x18e4S0x3d6S0xdc	0x18bfB0x3d6B0xdc
0x18f2S0x3d6S0xdc	0x18e7B0x3d6B0xdc
0x1830S0x18e7S0x3d6S0xdc	0x1821B0x18e7B0x3d6B0xdc
0x1825S0x18e7S0x3d6S0xdc	0x1821B0x18e7B0x3d6B0xdc
0x1987S0x41bS0xdc	0x1971B0x41bB0xdc
0x197fS0x41bS0xdc	0x1971B0x41bB0xdc
0x1965S0x41bS0xdc	0x195bB0x41bB0xdc
0x1970S0x41bS0xdc	0x1966B0x41bB0xdc
0x194eS0x41bS0xdc	0x1927B0x41bB0xdc
0x194cS0x41bS0xdc	0x1927B0x41bB0xdc
0x195aS0x41bS0xdc	0x194fB0x41bB0xdc
0x1830S0x194fS0x41bS0xdc	0x1821B0x194fB0x41bB0xdc
0x1825S0x194fS0x41bS0xdc	0x1821B0x194fB0x41bB0xdc
0x19efS0x462S0xdc	0x19d9B0x462B0xdc
0x19e7S0x462S0xdc	0x19d9B0x462B0xdc
0x19cdS0x462S0xdc	0x19c3B0x462B0xdc
0x19d8S0x462S0xdc	0x19ceB0x462B0xdc
0x19b6S0x462S0xdc	0x198fB0x462B0xdc
0x19b4S0x462S0xdc	0x198fB0x462B0xdc
0x19c2S0x462S0xdc	0x19b7B0x462B0xdc
0x1830S0x19b7S0x462S0xdc	0x1821B0x19b7B0x462B0xdc
0x1825S0x19b7S0x462S0xdc	0x1821B0x19b7B0x462B0xdc
0x1a84S0x507S0xdc	0x1a6eB0x507B0xdc
0x1a7cS0x507S0xdc	0x1a6eB0x507B0xdc
0x1a62S0x507S0xdc	0x1a58B0x507B0xdc
0x1a6dS0x507S0xdc	0x1a63B0x507B0xdc
0x1a4bS0x507S0xdc	0x1a24B0x507B0xdc
0x1a49S0x507S0xdc	0x1a24B0x507B0xdc
0x1a57S0x507S0xdc	0x1a4cB0x507B0xdc
0x1830S0x1a4cS0x507S0xdc	0x1821B0x1a4cB0x507B0xdc
0x1825S0x1a4cS0x507S0xdc	0x1821B0x1a4cB0x507B0xdc
0x1aecS0x59cS0xdc	0x1ad6B0x59cB0xdc
0x1ae4S0x59cS0xdc	0x1ad6B0x59cB0xdc
0x1acaS0x59cS0xdc	0x1ac0B0x59cB0xdc
0x1ad5S0x59cS0xdc	0x1acbB0x59cB0xdc
0x1ab3S0x59cS0xdc	0x1a8cB0x59cB0xdc
0x1ab1S0x59cS0xdc	0x1a8cB0x59cB0xdc
0x1abfS0x59cS0xdc	0x1ab4B0x59cB0xdc
0x1830S0x1ab4S0x59cS0xdc	0x1821B0x1ab4B0x59cB0xdc
0x1825S0x1ab4S0x59cS0xdc	0x1821B0x1ab4B0x59cB0xdc
0x1222S0x3b8S0xdc	0x11f2B0x3b8B0xdc
0x1217S0x3b8S0xdc	0x11f2B0x3b8B0xdc
0x11ebS0x3b8S0xdc	0x11e4B0x3b8B0xdc
0x11f1S0x3b8S0xdc	0x11ecB0x3b8B0xdc
0x203S0x11e4S0x3b8S0xdc	0x1efB0x11e4B0x3b8B0xdc
0x1b9fS0x63aS0xdc	0x1b94B0x63aB0xdc
0x1b87S0x63aS0xdc	0x1b7bB0x63aB0xdc
0x1b93S0x63aS0xdc	0x1b88B0x63aB0xdc
0x1b7aS0x63aS0xdc	0x1b70B0x63aB0xdc
0x1b6fS0x1b7bS0x63aS0xdc	0x1b62B0x1b7bB0x63aB0xdc
0x1b66S0x1b7bS0x63aS0xdc	0x1b62B0x1b7bB0x63aB0xdc
0x1b6bS0x1b7bS0x63aS0xdc	0x1b62B0x1b7bB0x63aB0xdc
0x17aaS0x1b70S0x63aS0xdc	0x17a1B0x1b70B0x63aB0xdc
0x1c0aS0x6f8S0xdc	0x1bf8B0x6f8B0xdc
0x1be3S0x6f8S0xdc	0x1bd7B0x6f8B0xdc
0x1bbbS0x6f8S0xdc	0x1bacB0x6f8B0xdc
0x1bb0S0x6f8S0xdc	0x1bacB0x6f8B0xdc
0x1becS0x6f8S0xdc	0x1be4B0x6f8B0xdc
0x1bf7S0x6f8S0xdc	0x1bedB0x6f8B0xdc
0x1bcbS0x6f8S0xdc	0x1bbcB0x6f8B0xdc
0x1c1dS0x6f8S0xdc	0x1c0bB0x6f8B0xdc
0x1c13S0x6f8S0xdc	0x1c0bB0x6f8B0xdc
0x1c2cS0x6f8S0xdc	0x1c1eB0x6f8B0xdc
0x1bd6S0x6f8S0xdc	0x1bccB0x6f8B0xdc
0x1b6fS0x1bd7S0x6f8S0xdc	0x1b62B0x1bd7B0x6f8B0xdc
0x1b66S0x1bd7S0x6f8S0xdc	0x1b62B0x1bd7B0x6f8B0xdc
0x1b6bS0x1bd7S0x6f8S0xdc	0x1b62B0x1bd7B0x6f8B0xdc
0x16c6S0x1c1eS0x6f8S0xdc	0x16bcB0x1c1eB0x6f8B0xdc
0x16cfS0x1c1eS0x6f8S0xdc	0x16c7B0x1c1eB0x6f8B0xdc
0x1609S0x1bf8S0x6f8S0xdc	0x1601B0x1bf8B0x6f8B0xdc
0x15efS0x1601S0x1bf8S0x6f8S0xdc	0x15d1B0x1601B0x1bf8B0x6f8B0xdc
0x15f9S0x1601S0x1bf8S0x6f8S0xdc	0x15f0B0x1601B0x1bf8B0x6f8B0xdc
0x1b61S0x628S0xdc	0x1b5aB0x628B0xdc
0x1b61S0x6e6S0xdc	0x1b5aB0x6e6B0xdc
0x18beS0x37eS0xdc	0x18b8B0x37eB0xdc
0x1926S0x3d6S0xdc	0x1920B0x3d6B0xdc
0x198eS0x41bS0xdc	0x1988B0x41bB0xdc
0x19f6S0x462S0xdc	0x19f0B0x462B0xdc
0x1a8bS0x507S0xdc	0x1a85B0x507B0xdc
0x1af3S0x59cS0xdc	0x1aedB0x59cB0xdc
0x1224S0x3b8S0xdc	0x1223B0x3b8B0xdc
0x1babS0x63aS0xdc	0x1ba0B0x63aB0xdc
0x1c35S0x6f8S0xdc	0x1c2dB0x6f8B0xdc
0x16d5S0x1c1eS0x6f8S0xdc	0x16d0B0x1c1eB0x6f8B0xdc
0x16d2S0x1c1eS0x6f8S0xdc	0x16d0B0x1c1eB0x6f8B0xdc
0x160fS0x1bf8S0x6f8S0xdc	0x160aB0x1bf8B0x6f8B0xdc
0x160cS0x1bf8S0x6f8S0xdc	0x160aB0x1bf8B0x6f8B0xdc
0x1600S0x1601S0x1bf8S0x6f8S0xdc	0x15faB0x1601B0x1bf8B0x6f8B0xdc
0x16a4S0x4d6S0xdc	0x169eB0x4d6B0xdc
0x169dS0x4d6S0xdc	0x1691B0x4d6B0xdc
0x16b2S0x4d6S0xdc	0x16a6B0x4d6B0xdc
0x3ff1S0x4d6S0xdc	0x3feeB0x4d6B0xdc
0x16bbS0x4d6S0xdc	0x16b3B0x4d6B0xdc
0x1652S0x16a6S0x4d6S0xdc	0x164dB0x16a6B0x4d6B0xdc
0x164cS0x16a6S0x4d6S0xdc	0x163fB0x16a6B0x4d6B0xdc
0x163bS0x163fS0x16a6S0x4d6S0xdc	0x1639B0x163fB0x16a6B0x4d6B0xdc
0x1638S0x163fS0x16a6S0x4d6S0xdc	0x1632B0x163fB0x16a6B0x4d6B0xdc
0x163eS0x163fS0x16a6S0x4d6S0xdc	0x163cB0x163fB0x16a6B0x4d6B0xdc
0x1631S0x163fS0x16a6S0x4d6S0xdc	0x1629B0x163fB0x16a6B0x4d6B0xdc
0x1600S0x1629S0x163fS0x16a6S0x4d6S0xdc	0x15faB0x1629B0x163fB0x16a6B0x4d6B0xdc
0x15efS0x1629S0x163fS0x16a6S0x4d6S0xdc	0x15d1B0x1629B0x163fB0x16a6B0x4d6B0xdc
0x15f9S0x1629S0x163fS0x16a6S0x4d6S0xdc	0x15f0B0x1629B0x163fB0x16a6B0x4d6B0xdc
0x16a4S0x56bS0xdc	0x169eB0x56bB0xdc
0x169dS0x56bS0xdc	0x1691B0x56bB0xdc
0x16b2S0x56bS0xdc	0x16a6B0x56bB0xdc
0x3ff1S0x56bS0xdc	0x3feeB0x56bB0xdc
0x16bbS0x56bS0xdc	0x16b3B0x56bB0xdc
0x1652S0x16a6S0x56bS0xdc	0x164dB0x16a6B0x56bB0xdc
0x164cS0x16a6S0x56bS0xdc	0x163fB0x16a6B0x56bB0xdc
0x163bS0x163fS0x16a6S0x56bS0xdc	0x1639B0x163fB0x16a6B0x56bB0xdc
0x1638S0x163fS0x16a6S0x56bS0xdc	0x1632B0x163fB0x16a6B0x56bB0xdc
0x163eS0x163fS0x16a6S0x56bS0xdc	0x163cB0x163fB0x16a6B0x56bB0xdc
0x1631S0x163fS0x16a6S0x56bS0xdc	0x1629B0x163fB0x16a6B0x56bB0xdc
0x1600S0x1629S0x163fS0x16a6S0x56bS0xdc	0x15faB0x1629B0x163fB0x16a6B0x56bB0xdc
0x15efS0x1629S0x163fS0x16a6S0x56bS0xdc	0x15d1B0x1629B0x163fB0x16a6B0x56bB0xdc
0x15f9S0x1629S0x163fS0x16a6S0x56bS0xdc	0x15f0B0x1629B0x163fB0x16a6B0x56bB0xdc
0x16a4S0x5eaS0xdc	0x169eB0x5eaB0xdc
0x169dS0x5eaS0xdc	0x1691B0x5eaB0xdc
0x16b2S0x5eaS0xdc	0x16a6B0x5eaB0xdc
0x3ff1S0x5eaS0xdc	0x3feeB0x5eaB0xdc
0x16bbS0x5eaS0xdc	0x16b3B0x5eaB0xdc
0x1652S0x16a6S0x5eaS0xdc	0x164dB0x16a6B0x5eaB0xdc
0x164cS0x16a6S0x5eaS0xdc	0x163fB0x16a6B0x5eaB0xdc
0x163bS0x163fS0x16a6S0x5eaS0xdc	0x1639B0x163fB0x16a6B0x5eaB0xdc
0x1638S0x163fS0x16a6S0x5eaS0xdc	0x1632B0x163fB0x16a6B0x5eaB0xdc
0x163eS0x163fS0x16a6S0x5eaS0xdc	0x163cB0x163fB0x16a6B0x5eaB0xdc
0x1631S0x163fS0x16a6S0x5eaS0xdc	0x1629B0x163fB0x16a6B0x5eaB0xdc
0x1600S0x1629S0x163fS0x16a6S0x5eaS0xdc	0x15faB0x1629B0x163fB0x16a6B0x5eaB0xdc
0x15efS0x1629S0x163fS0x16a6S0x5eaS0xdc	0x15d1B0x1629B0x163fB0x16a6B0x5eaB0xdc
0x15f9S0x1629S0x163fS0x16a6S0x5eaS0xdc	0x15f0B0x1629B0x163fB0x16a6B0x5eaB0xdc
0x16a4S0x6beS0xdc	0x169eB0x6beB0xdc
0x169dS0x6beS0xdc	0x1691B0x6beB0xdc
0x16b2S0x6beS0xdc	0x16a6B0x6beB0xdc
0x3ff1S0x6beS0xdc	0x3feeB0x6beB0xdc
0x16bbS0x6beS0xdc	0x16b3B0x6beB0xdc
0x1652S0x16a6S0x6beS0xdc	0x164dB0x16a6B0x6beB0xdc
0x164cS0x16a6S0x6beS0xdc	0x163fB0x16a6B0x6beB0xdc
0x163bS0x163fS0x16a6S0x6beS0xdc	0x1639B0x163fB0x16a6B0x6beB0xdc
0x1638S0x163fS0x16a6S0x6beS0xdc	0x1632B0x163fB0x16a6B0x6beB0xdc
0x163eS0x163fS0x16a6S0x6beS0xdc	0x163cB0x163fB0x16a6B0x6beB0xdc
0x1631S0x163fS0x16a6S0x6beS0xdc	0x1629B0x163fB0x16a6B0x6beB0xdc
0x1600S0x1629S0x163fS0x16a6S0x6beS0xdc	0x15faB0x1629B0x163fB0x16a6B0x6beB0xdc
0x15efS0x1629S0x163fS0x16a6S0x6beS0xdc	0x15d1B0x1629B0x163fB0x16a6B0x6beB0xdc
0x15f9S0x1629S0x163fS0x16a6S0x6beS0xdc	0x15f0B0x1629B0x163fB0x16a6B0x6beB0xdc
0x8feS0x14e	0x8ceB0x14e
0x8f3S0x14e	0x8ceB0x14e
0x974S0x14e	0x944B0x14e
0x969S0x14e	0x944B0x14e
0x9e2S0x14e	0x9b2B0x14e
0x9d7S0x14e	0x9b2B0x14e
0xa40S0x14e	0xa3aB0x14e
0xa3dS0x14e	0xa3aB0x14e
0xa99S0x14e	0xa70B0x14e
0x8cdS0x14e	0x87aB0x14e
0x90fS0x14e	0x908B0x14e
0x907S0x14e	0x8ffB0x14e
0x943S0x14e	0x910B0x14e
0x9b1S0x14e	0x97eB0x14e
0x97dS0x14e	0x975B0x14e
0xa25S0x14e	0x9ecB0x14e
0xa19S0x14e	0x9ecB0x14e
0x9ebS0x14e	0x9e3B0x14e
0xa39S0x14e	0xa26B0x14e
0xa64S0x14e	0xa41B0x14e
0xa57S0x14e	0xa41B0x14e
0xa6fS0x14e	0xa65B0x14e
0xadbS0x14e	0xad7B0x14e
0xacdS0x14e	0xa9aB0x14e
0xad6S0x14e	0xaceB0x14e
0x18b7S0x8ceS0x14e	0x18a1B0x8ceB0x14e
0x18afS0x8ceS0x14e	0x18a1B0x8ceB0x14e
0x1895S0x8ceS0x14e	0x188bB0x8ceB0x14e
0x18a0S0x8ceS0x14e	0x1896B0x8ceB0x14e
0x187eS0x8ceS0x14e	0x1831B0x8ceB0x14e
0x1856S0x8ceS0x14e	0x1831B0x8ceB0x14e
0x187cS0x8ceS0x14e	0x1831B0x8ceB0x14e
0x188aS0x8ceS0x14e	0x187fB0x8ceB0x14e
0x1830S0x187fS0x8ceS0x14e	0x1821B0x187fB0x8ceB0x14e
0x1825S0x187fS0x8ceS0x14e	0x1821B0x187fB0x8ceB0x14e
0x1c96S0x944S0x14e	0x1c80B0x944B0x14e
0x1c8eS0x944S0x14e	0x1c80B0x944B0x14e
0x1c74S0x944S0x14e	0x1c6aB0x944B0x14e
0x1c7fS0x944S0x14e	0x1c75B0x944B0x14e
0x1c5dS0x944S0x14e	0x1c36B0x944B0x14e
0x1c5bS0x944S0x14e	0x1c36B0x944B0x14e
0x1c69S0x944S0x14e	0x1c5eB0x944B0x14e
0x1830S0x1c5eS0x944S0x14e	0x1821B0x1c5eB0x944B0x14e
0x1825S0x1c5eS0x944S0x14e	0x1821B0x1c5eB0x944B0x14e
0x1cfeS0x9b2S0x14e	0x1ce8B0x9b2B0x14e
0x1cf6S0x9b2S0x14e	0x1ce8B0x9b2B0x14e
0x1cdcS0x9b2S0x14e	0x1cd2B0x9b2B0x14e
0x1ce7S0x9b2S0x14e	0x1cddB0x9b2B0x14e
0x1cc5S0x9b2S0x14e	0x1c9eB0x9b2B0x14e
0x1cc3S0x9b2S0x14e	0x1c9eB0x9b2B0x14e
0x1cd1S0x9b2S0x14e	0x1cc6B0x9b2B0x14e
0x1830S0x1cc6S0x9b2S0x14e	0x1821B0x1cc6B0x9b2B0x14e
0x1825S0x1cc6S0x9b2S0x14e	0x1821B0x1cc6B0x9b2B0x14e
0x1222S0x908S0x14e	0x11f2B0x908B0x14e
0x1217S0x908S0x14e	0x11f2B0x908B0x14e
0x11ebS0x908S0x14e	0x11e4B0x908B0x14e
0x11f1S0x908S0x14e	0x11ecB0x908B0x14e
0x203S0x11e4S0x908S0x14e	0x1efB0x11e4B0x908B0x14e
0x1622S0x9ecS0x14e	0x1610B0x9ecB0x14e
0x1609S0x1610S0x9ecS0x14e	0x1601B0x1610B0x9ecB0x14e
0x15efS0x1601S0x1610S0x9ecS0x14e	0x15d1B0x1601B0x1610B0x9ecB0x14e
0x15f9S0x1601S0x1610S0x9ecS0x14e	0x15f0B0x1601B0x1610B0x9ecB0x14e
0x1d6dS0xa9aS0x14e	0x1d5bB0xa9aB0x14e
0x1d7aS0xa9aS0x14e	0x1d6eB0xa9aB0x14e
0x1d87S0xa9aS0x14e	0x1d7bB0xa9aB0x14e
0x16c6S0x1d7bS0xa9aS0x14e	0x16bcB0x1d7bB0xa9aB0x14e
0x16cfS0x1d7bS0xa9aS0x14e	0x16c7B0x1d7bB0xa9aB0x14e
0x1609S0x1d5bS0xa9aS0x14e	0x1601B0x1d5bB0xa9aB0x14e
0x15efS0x1601S0x1d5bS0xa9aS0x14e	0x15d1B0x1601B0x1d5bB0xa9aB0x14e
0x15f9S0x1601S0x1d5bS0xa9aS0x14e	0x15f0B0x1601B0x1d5bB0xa9aB0x14e
0x17f3S0x1d6eS0xa9aS0x14e	0x17ebB0x1d6eB0xa9aB0x14e
0x17eaS0x17ebS0x1d6eS0xa9aS0x14e	0x17e2B0x17ebB0x1d6eB0xa9aB0x14e
0x18beS0x8ceS0x14e	0x18b8B0x8ceB0x14e
0x1c9dS0x944S0x14e	0x1c97B0x944B0x14e
0x1d05S0x9b2S0x14e	0x1cffB0x9b2B0x14e
0x1224S0x908S0x14e	0x1223B0x908B0x14e
0x1628S0x9ecS0x14e	0x1623B0x9ecB0x14e
0x160fS0x1610S0x9ecS0x14e	0x160aB0x1610B0x9ecB0x14e
0x160cS0x1610S0x9ecS0x14e	0x160aB0x1610B0x9ecB0x14e
0x1600S0x1601S0x1610S0x9ecS0x14e	0x15faB0x1601B0x1610B0x9ecB0x14e
0x1d8fS0xa9aS0x14e	0x1d88B0xa9aB0x14e
0x16d5S0x1d7bS0xa9aS0x14e	0x16d0B0x1d7bB0xa9aB0x14e
0x16d2S0x1d7bS0xa9aS0x14e	0x16d0B0x1d7bB0xa9aB0x14e
0x160fS0x1d5bS0xa9aS0x14e	0x160aB0x1d5bB0xa9aB0x14e
0x160cS0x1d5bS0xa9aS0x14e	0x160aB0x1d5bB0xa9aB0x14e
0x1600S0x1601S0x1d5bS0xa9aS0x14e	0x15faB0x1601B0x1d5bB0xa9aB0x14e
0x17f9S0x1d6eS0xa9aS0x14e	0x17f4B0x1d6eB0xa9aB0x14e
0x17f6S0x1d6eS0xa9aS0x14e	0x17f4B0x1d6eB0xa9aB0x14e
0x1d43S0xa41S0x14e	0x1d3dB0xa41B0x14e
0x1d3cS0xa41S0x14e	0x1d30B0xa41B0x14e
0x1d51S0xa41S0x14e	0x1d45B0xa41B0x14e
0x40c3S0xa41S0x14e	0x40c0B0xa41B0x14e
0x1d5aS0xa41S0x14e	0x1d52B0xa41B0x14e
0x1d2fS0x1d45S0xa41S0x14e	0x1d2aB0x1d45B0xa41B0x14e
0x1d29S0x1d45S0xa41S0x14e	0x1d1cB0x1d45B0xa41B0x14e
0x1d18S0x1d1cS0x1d45S0xa41S0x14e	0x1d16B0x1d1cB0x1d45B0xa41B0x14e
0x1d15S0x1d1cS0x1d45S0xa41S0x14e	0x1d0fB0x1d1cB0x1d45B0xa41B0x14e
0x1d1bS0x1d1cS0x1d45S0xa41S0x14e	0x1d19B0x1d1cB0x1d45B0xa41B0x14e
0x1d0eS0x1d1cS0x1d45S0xa41S0x14e	0x1d06B0x1d1cB0x1d45B0xa41B0x14e
0x17eaS0x1d06S0x1d1cS0x1d45S0xa41S0x14e	0x17e2B0x1d06B0x1d1cB0x1d45B0xa41B0x14e
0xb60S0x176	0xb30B0x176
0xb55S0x176	0xb30B0x176
0xbd6S0x176	0xba6B0x176
0xbcbS0x176	0xba6B0x176
0xc34S0x176	0xc2eB0x176
0xc31S0x176	0xc2eB0x176
0xcadS0x176	0xc64B0x176
0xb2fS0x176	0xadcB0x176
0xb71S0x176	0xb6aB0x176
0xb69S0x176	0xb61B0x176
0xba5S0x176	0xb72B0x176
0xc19S0x176	0xbe0B0x176
0xc0dS0x176	0xbe0B0x176
0xbdfS0x176	0xbd7B0x176
0xc2dS0x176	0xc1aB0x176
0xc58S0x176	0xc35B0x176
0xc4bS0x176	0xc35B0x176
0xc63S0x176	0xc59B0x176
0xceeS0x176	0xcebB0x176
0xce1S0x176	0xcaeB0x176
0xceaS0x176	0xce2B0x176
0x18b7S0xb30S0x176	0x18a1B0xb30B0x176
0x18afS0xb30S0x176	0x18a1B0xb30B0x176
0x1895S0xb30S0x176	0x188bB0xb30B0x176
0x18a0S0xb30S0x176	0x1896B0xb30B0x176
0x187eS0xb30S0x176	0x1831B0xb30B0x176
0x1856S0xb30S0x176	0x1831B0xb30B0x176
0x187cS0xb30S0x176	0x1831B0xb30B0x176
0x188aS0xb30S0x176	0x187fB0xb30B0x176
0x1830S0x187fS0xb30S0x176	0x1821B0x187fB0xb30B0x176
0x1825S0x187fS0xb30S0x176	0x1821B0x187fB0xb30B0x176
0x1c96S0xba6S0x176	0x1c80B0xba6B0x176
0x1c8eS0xba6S0x176	0x1c80B0xba6B0x176
0x1c74S0xba6S0x176	0x1c6aB0xba6B0x176
0x1c7fS0xba6S0x176	0x1c75B0xba6B0x176
0x1c5dS0xba6S0x176	0x1c36B0xba6B0x176
0x1c5bS0xba6S0x176	0x1c36B0xba6B0x176
0x1c69S0xba6S0x176	0x1c5eB0xba6B0x176
0x1830S0x1c5eS0xba6S0x176	0x1821B0x1c5eB0xba6B0x176
0x1825S0x1c5eS0xba6S0x176	0x1821B0x1c5eB0xba6B0x176
0x1222S0xb6aS0x176	0x11f2B0xb6aB0x176
0x1217S0xb6aS0x176	0x11f2B0xb6aB0x176
0x11ebS0xb6aS0x176	0x11e4B0xb6aB0x176
0x11f1S0xb6aS0x176	0x11ecB0xb6aB0x176
0x203S0x11e4S0xb6aS0x176	0x1efB0x11e4B0xb6aB0x176
0x1622S0xbe0S0x176	0x1610B0xbe0B0x176
0x1609S0x1610S0xbe0S0x176	0x1601B0x1610B0xbe0B0x176
0x15efS0x1601S0x1610S0xbe0S0x176	0x15d1B0x1601B0x1610B0xbe0B0x176
0x15f9S0x1601S0x1610S0xbe0S0x176	0x15f0B0x1601B0x1610B0xbe0B0x176
0x1d6dS0xcaeS0x176	0x1d5bB0xcaeB0x176
0x1d7aS0xcaeS0x176	0x1d6eB0xcaeB0x176
0x1d87S0xcaeS0x176	0x1d7bB0xcaeB0x176
0x16c6S0x1d7bS0xcaeS0x176	0x16bcB0x1d7bB0xcaeB0x176
0x16cfS0x1d7bS0xcaeS0x176	0x16c7B0x1d7bB0xcaeB0x176
0x1609S0x1d5bS0xcaeS0x176	0x1601B0x1d5bB0xcaeB0x176
0x15efS0x1601S0x1d5bS0xcaeS0x176	0x15d1B0x1601B0x1d5bB0xcaeB0x176
0x15f9S0x1601S0x1d5bS0xcaeS0x176	0x15f0B0x1601B0x1d5bB0xcaeB0x176
0x17f3S0x1d6eS0xcaeS0x176	0x17ebB0x1d6eB0xcaeB0x176
0x17eaS0x17ebS0x1d6eS0xcaeS0x176	0x17e2B0x17ebB0x1d6eB0xcaeB0x176
0x18beS0xb30S0x176	0x18b8B0xb30B0x176
0x1c9dS0xba6S0x176	0x1c97B0xba6B0x176
0x1224S0xb6aS0x176	0x1223B0xb6aB0x176
0x1628S0xbe0S0x176	0x1623B0xbe0B0x176
0x160fS0x1610S0xbe0S0x176	0x160aB0x1610B0xbe0B0x176
0x160cS0x1610S0xbe0S0x176	0x160aB0x1610B0xbe0B0x176
0x1600S0x1601S0x1610S0xbe0S0x176	0x15faB0x1601B0x1610B0xbe0B0x176
0x1d8fS0xcaeS0x176	0x1d88B0xcaeB0x176
0x16d5S0x1d7bS0xcaeS0x176	0x16d0B0x1d7bB0xcaeB0x176
0x16d2S0x1d7bS0xcaeS0x176	0x16d0B0x1d7bB0xcaeB0x176
0x160fS0x1d5bS0xcaeS0x176	0x160aB0x1d5bB0xcaeB0x176
0x160cS0x1d5bS0xcaeS0x176	0x160aB0x1d5bB0xcaeB0x176
0x1600S0x1601S0x1d5bS0xcaeS0x176	0x15faB0x1601B0x1d5bB0xcaeB0x176
0x17f9S0x1d6eS0xcaeS0x176	0x17f4B0x1d6eB0xcaeB0x176
0x17f6S0x1d6eS0xcaeS0x176	0x17f4B0x1d6eB0xcaeB0x176
0x1d43S0xc35S0x176	0x1d3dB0xc35B0x176
0x1d3cS0xc35S0x176	0x1d30B0xc35B0x176
0x1d51S0xc35S0x176	0x1d45B0xc35B0x176
0x40c3S0xc35S0x176	0x40c0B0xc35B0x176
0x1d5aS0xc35S0x176	0x1d52B0xc35B0x176
0x1d2fS0x1d45S0xc35S0x176	0x1d2aB0x1d45B0xc35B0x176
0x1d29S0x1d45S0xc35S0x176	0x1d1cB0x1d45B0xc35B0x176
0x1d18S0x1d1cS0x1d45S0xc35S0x176	0x1d16B0x1d1cB0x1d45B0xc35B0x176
0x1d15S0x1d1cS0x1d45S0xc35S0x176	0x1d0fB0x1d1cB0x1d45B0xc35B0x176
0x1d1bS0x1d1cS0x1d45S0xc35S0x176	0x1d19B0x1d1cB0x1d45B0xc35B0x176
0x1d0eS0x1d1cS0x1d45S0xc35S0x176	0x1d06B0x1d1cB0x1d45B0xc35B0x176
0x17eaS0x1d06S0x1d1cS0x1d45S0xc35S0x176	0x17e2B0x1d06B0x1d1cB0x1d45B0xc35B0x176
