0x0	[0x0, nil]
0xf	[0xf, nil]
0x4	[0x4, nil]
0x8	[0x8, nil]
0x3f	[0x3f, nil]
0x2	[0x2, nil]
0x5	[0x5, nil]
0x7	[0x7, nil]
0x9	[0x9, nil]
0xd	[0xd, nil]
0xe	[0xe, nil]
0x11	[0x11, nil]
0x13	[0x13, nil]
0x18	[0x18, nil]
0x19	[0x19, nil]
0x1e	[0x1e, nil]
0x23	[0x23, nil]
0x29	[0x29, nil]
0x2e	[0x2e, nil]
0x34	[0x34, nil]
0x39	[0x39, nil]
0x44	[0x44, nil]
0x4a	[0x4a, nil]
0x4f	[0x4f, nil]
0x54	[0x54, nil]
0x5a	[0x5a, nil]
0x5f	[0x5f, nil]
0x65	[0x65, nil]
0x6a	[0x6a, nil]
0x70	[0x70, nil]
0x75	[0x75, nil]
0x7b	[0x7b, nil]
0x80	[0x80, nil]
0x86	[0x86, nil]
0x8b	[0x8b, nil]
0x90	[0x90, nil]
0x95	[0x95, nil]
0x96	[0x96, nil]
0x9a	[0x9a, nil]
0x9d	[0x9d, nil]
0xa2	[0xa2, nil]
0xa6	[0xa6, nil]
0xa9	[0xa9, nil]
0xb1	[0xb1, nil]
0xb4	[0xb4, nil]
0xb9	[0xb9, nil]
0xbd	[0xbd, nil]
0xc0	[0xc0, nil]
0xc8	[0xc8, nil]
0xcb	[0xcb, nil]
0xce	[0xce, nil]
0xcf	[0xcf, nil]
0xd1	[0xd1, nil]
0xd3	[0xd3, nil]
0xd8	[0xd8, nil]
0xdd	[0xdd, nil]
0xe4	[0xe4, nil]
0xe7	[0xe7, nil]
0xee	[0xee, nil]
0xf0	[0xf0, nil]
0xf1	[0xf1, nil]
0xf5	[0xf5, nil]
0xf6	[0xf6, nil]
0xfa	[0xfa, nil]
0xfd	[0xfd, nil]
0x102	[0x102, nil]
0x104	[0x104, nil]
0x105	[0x105, nil]
0x10a	[0x10a, nil]
0x10f	[0x10f, nil]
0x111	[0x111, nil]
0x114	[0x114, nil]
0x118	[0x118, nil]
0x11a	[0x11a, nil]
0x11b	[0x11b, nil]
0x11f	[0x11f, nil]
0x120	[0x120, nil]
0x124	[0x124, nil]
0x127	[0x127, nil]
0x12e	[0x12e, nil]
0x130	[0x130, nil]
0x131	[0x131, nil]
0x135	[0x135, nil]
0x136	[0x136, nil]
0x13a	[0x13a, nil]
0x13d	[0x13d, nil]
0x140	[0x140, nil]
0x141	[0x141, nil]
0x143	[0x143, nil]
0x145	[0x145, nil]
0x14a	[0x14a, nil]
0x14f	[0x14f, nil]
0x156	[0x156, nil]
0x158	[0x158, nil]
0x159	[0x159, nil]
0x15d	[0x15d, nil]
0x15e	[0x15e, nil]
0x162	[0x162, nil]
0x165	[0x165, nil]
0x168	[0x168, nil]
0x169	[0x169, nil]
0x16b	[0x16b, nil]
0x16d	[0x16d, nil]
0x172	[0x172, nil]
0x177	[0x177, nil]
0x17e	[0x17e, nil]
0x180	[0x180, nil]
0x181	[0x181, nil]
0x185	[0x185, nil]
0x186	[0x186, nil]
0x18a	[0x18a, nil]
0x18d	[0x18d, nil]
0x192	[0x192, nil]
0x194	[0x194, nil]
0x195	[0x195, nil]
0x19a	[0x19a, nil]
0x19f	[0x19f, nil]
0x1a1	[0x1a1, nil]
0x1a4	[0x1a4, nil]
0x1a8	[0x1a8, nil]
0x1aa	[0x1aa, nil]
0x1ab	[0x1ab, nil]
0x1af	[0x1af, nil]
0x1b0	[0x1b0, nil]
0x1b4	[0x1b4, nil]
0x1b7	[0x1b7, nil]
0x1be	[0x1be, nil]
0x1c0	[0x1c0, nil]
0x1c1	[0x1c1, nil]
0x1c5	[0x1c5, nil]
0x1c6	[0x1c6, nil]
0x1ca	[0x1ca, nil]
0x1cd	[0x1cd, nil]
0x1d4	[0x1d4, nil]
0x1d7	[0x1d7, nil]
0x1da	[0x1da, nil]
0x1db	[0x1db, nil]
0x1dd	[0x1dd, nil]
0x1df	[0x1df, nil]
0x1e4	[0x1e4, nil]
0x1e9	[0x1e9, nil]
0x205	[0x205, nil]
0x206	[0x206, nil]
0x21b	[0x21b, nil]
0x21c	[0x21c, nil]
0x23d	[0x23d, nil]
0x252	[0x252, nil]
0x253	[0x253, nil]
0x254	[0x254, nil]
0x258	[0x258, nil]
0x259	[0x259, nil]
0x25c	[0x25c, nil]
0x25e	[0x25e, nil]
0x25f	[0x25f, nil]
0x260	[0x260, nil]
0x264	[0x264, nil]
0x265	[0x265, nil]
0x286	[0x286, nil]
0x29b	[0x29b, nil]
0x29d	[0x29d, nil]
0x29f	[0x29f, nil]
0x2a0	[0x2a0, nil]
0x2a4	[0x2a4, nil]
0x2a9	[0x2a9, nil]
0x2aa	[0x2aa, nil]
0x2ac	[0x2ac, nil]
0x2af	[0x2af, nil]
0x2b3	[0x2b3, nil]
0x2b4	[0x2b4, nil]
0x2b9	[0x2b9, nil]
0x2bb	[0x2bb, nil]
0x2bd	[0x2bd, nil]
0x2be	[0x2be, nil]
0x2c2	[0x2c2, nil]
0x2c4	[0x2c4, nil]
0x2c7	[0x2c7, nil]
0x2c9	[0x2c9, nil]
0x2ca	[0x2ca, nil]
0x2cc	[0x2cc, nil]
0x2cd	[0x2cd, nil]
0x2ce	[0x2ce, nil]
0x2d0	[0x2d0, nil]
0x2d1	[0x2d1, nil]
0x2d4	[0x2d4, nil]
0x2d7	[0x2d7, nil]
0x2d8	[0x2d8, nil]
0x2d9	[0x2d9, nil]
0x2dc	[0x2dc, nil]
0x2de	[0x2de, nil]
0x2e3	[0x2e3, nil]
0x2ec	[0x2ec, nil]
0x30f	[0x30f, nil]
0x311	[0x311, nil]
0x312	[0x312, nil]
0x318	[0x318, nil]
0x31d	[0x31d, nil]
0x31f	[0x31f, nil]
0x322	[0x322, nil]
0x74e	[0x74e, nil]
0x74f	[0x74f, nil]
0x775	[0x775, nil]
0x796	[0x796, nil]
0x7ab	[0x7ab, nil]
0x7ac	[0x7ac, nil]
0x7ad	[0x7ad, nil]
0x7c2	[0x7c2, nil]
0x7c3	[0x7c3, nil]
0x7c4	[0x7c4, nil]
0x7c8	[0x7c8, nil]
0x7ca	[0x7ca, nil]
0x7cb	[0x7cb, nil]
0x7ee	[0x7ee, nil]
0x7f0	[0x7f0, nil]
0x7f1	[0x7f1, nil]
0x7f5	[0x7f5, nil]
0x7fa	[0x7fa, nil]
0x7fc	[0x7fc, nil]
0x7ff	[0x7ff, nil]
0x803	[0x803, nil]
0x806	[0x806, nil]
0x80b	[0x80b, nil]
0x82c	[0x82c, nil]
0x82d	[0x82d, nil]
0x82f	[0x82f, nil]
0x830	[0x830, nil]
0x835	[0x835, nil]
0x83a	[0x83a, nil]
0x83c	[0x83c, nil]
0x83f	[0x83f, nil]
0x842	[0x842, nil]
0x863	[0x863, nil]
0x864	[0x864, nil]
0x866	[0x866, nil]
0x867	[0x867, nil]
0x86c	[0x86c, nil]
0x871	[0x871, nil]
0x873	[0x873, nil]
0x876	[0x876, nil]
0xcf0	[0xcf0, nil]
0xd11	[0xd11, nil]
0xd26	[0xd26, nil]
0xd27	[0xd27, nil]
0xd28	[0xd28, nil]
0xd3d	[0xd3d, nil]
0xd3e	[0xd3e, nil]
0xd3f	[0xd3f, nil]
0xd43	[0xd43, nil]
0xd45	[0xd45, nil]
0xd46	[0xd46, nil]
0xd69	[0xd69, nil]
0xd6b	[0xd6b, nil]
0xd6c	[0xd6c, nil]
0xd70	[0xd70, nil]
0xd75	[0xd75, nil]
0xd77	[0xd77, nil]
0xd7a	[0xd7a, nil]
0xd7e	[0xd7e, nil]
0xd81	[0xd81, nil]
0xd86	[0xd86, nil]
0xda7	[0xda7, nil]
0xda8	[0xda8, nil]
0xdaa	[0xdaa, nil]
0xdab	[0xdab, nil]
0xdb0	[0xdb0, nil]
0xdb5	[0xdb5, nil]
0xdb7	[0xdb7, nil]
0xdba	[0xdba, nil]
0xdbd	[0xdbd, nil]
0xdde	[0xdde, nil]
0xddf	[0xddf, nil]
0xde1	[0xde1, nil]
0xde2	[0xde2, nil]
0xde7	[0xde7, nil]
0xdec	[0xdec, nil]
0xdee	[0xdee, nil]
0xdf1	[0xdf1, nil]
0x1226	[0x1226, nil]
0x1228	[0x1228, nil]
0x1229	[0x1229, nil]
0x122a	[0x122a, nil]
0x122b	[0x122b, nil]
0x122f	[0x122f, nil]
0x1231	[0x1231, nil]
0x1232	[0x1232, nil]
0x1255	[0x1255, nil]
0x1257	[0x1257, nil]
0x1258	[0x1258, nil]
0x125a	[0x125a, nil]
0x125d	[0x125d, nil]
0x1261	[0x1261, nil]
0x1263	[0x1263, nil]
0x1273	[0x1273, nil]
0x1276	[0x1276, nil]
0x127b	[0x127b, nil]
0x127c	[0x127c, nil]
0x127e	[0x127e, nil]
0x127f	[0x127f, nil]
0x1282	[0x1282, nil]
0x1284	[0x1284, nil]
0x1286	[0x1286, nil]
0x1288	[0x1288, nil]
0x1289	[0x1289, nil]
0x128a	[0x128a, nil]
0x128d	[0x128d, nil]
0x128e	[0x128e, nil]
0x128f	[0x128f, nil]
0x1290	[0x1290, nil]
0x1294	[0x1294, nil]
0x12b5	[0x12b5, nil]
0x12b8	[0x12b8, nil]
0x12bd	[0x12bd, nil]
0x12bf	[0x12bf, nil]
0x12c0	[0x12c0, nil]
0x12c5	[0x12c5, nil]
0x12ca	[0x12ca, nil]
0x12cc	[0x12cc, nil]
0x12cf	[0x12cf, nil]
0x12d4	[0x12d4, nil]
0x12d9	[0x12d9, nil]
0x12ee	[0x12ee, nil]
0x12ef	[0x12ef, nil]
0x12f6	[0x12f6, nil]
0x12f8	[0x12f8, nil]
0x12f9	[0x12f9, nil]
0x12fb	[0x12fb, nil]
0x12fc	[0x12fc, nil]
0x1302	[0x1302, nil]
0x1307	[0x1307, nil]
0x1309	[0x1309, nil]
0x130a	[0x130a, nil]
0x130e	[0x130e, nil]
0x130f	[0x130f, nil]
0x1313	[0x1313, nil]
0x1318	[0x1318, nil]
0x131a	[0x131a, nil]
0x131b	[0x131b, nil]
0x131e	[0x131e, nil]
0x1320	[0x1320, nil]
0x1321	[0x1321, nil]
0x1341	[0x1341, nil]
0x1342	[0x1342, nil]
0x1349	[0x1349, nil]
0x1353	[0x1353, nil]
0x1356	[0x1356, nil]
0x135b	[0x135b, nil]
0x135e	[0x135e, nil]
0x135f	[0x135f, nil]
0x1362	[0x1362, nil]
0x1364	[0x1364, nil]
0x1366	[0x1366, nil]
0x1368	[0x1368, nil]
0x1369	[0x1369, nil]
0x136a	[0x136a, nil]
0x136d	[0x136d, nil]
0x136e	[0x136e, nil]
0x136f	[0x136f, nil]
0x1370	[0x1370, nil]
0x1374	[0x1374, nil]
0x1395	[0x1395, nil]
0x1398	[0x1398, nil]
0x139d	[0x139d, nil]
0x139f	[0x139f, nil]
0x13a0	[0x13a0, nil]
0x13a5	[0x13a5, nil]
0x13aa	[0x13aa, nil]
0x13ac	[0x13ac, nil]
0x13af	[0x13af, nil]
0x81cd	[0x24, nil]
0x81cf	[0x2f, nil]
0x81d1	[0x3a, nil]
0x81d3	[0x45, nil]
0x81d5	[0x50, nil]
0x81d7	[0x60, nil]
0x81d9	[0x6b, nil]
0x81db	[0x76, nil]
0x81dd	[0x81, nil]
0x81df	[0x8c, nil]
0x81e1	[0x9a, nil]
0x81e5	[0xc7, nil]
0x81e8	[0xe3, nil]
0x81eb	[0xed, nil]
0x81ee	[0x117, nil]
0x81f1	[0x12d, nil]
0x81f4	[0x155, nil]
0x81f7	[0x17d, nil]
0x81fa	[0x1a7, nil]
0x81fd	[0x1bd, nil]
0x8200	[0x1d3, nil]
0x1f0S0xb0	[0xb7, [0x1f0, nil]]
0x1f1S0xb0	[0xb7, [0x1f1, nil]]
0x1f3S0xb0	[0xb7, [0x1f3, nil]]
0x1f5S0xb0	[0xb7, [0x1f5, nil]]
0x1f7S0xb0	[0xb7, [0x1f7, nil]]
0x1faS0xb0	[0xb7, [0x1fa, nil]]
0x1fcS0xb0	[0xb7, [0x1fc, nil]]
0x1fdS0xb0	[0xb7, [0x1fd, nil]]
0x1ffS0xb0	[0xb7, [0x1ff, nil]]
0x1f0S0x188	[0x190, [0x1f0, nil]]
0x1f1S0x188	[0x190, [0x1f1, nil]]
0x1f3S0x188	[0x190, [0x1f3, nil]]
0x1f5S0x188	[0x190, [0x1f5, nil]]
0x1f7S0x188	[0x190, [0x1f7, nil]]
0x1faS0x188	[0x190, [0x1fa, nil]]
0x1fcS0x188	[0x190, [0x1fc, nil]]
0x1fdS0x188	[0x190, [0x1fd, nil]]
0x1ffS0x188	[0x190, [0x1ff, nil]]
0x13f4S0x127a	[0x12bb, [0x13f4, nil]]
0x13f5S0x127a	[0x12bb, [0x13f5, nil]]
0x13f4S0x135a	[0x139b, [0x13f4, nil]]
0x13f5S0x135a	[0x139b, [0x13f5, nil]]
0x1f0S0x81e3	[0xa0, [0x1f0, nil]]
0x1f1S0x81e3	[0xa0, [0x1f1, nil]]
0x1f3S0x81e3	[0xa0, [0x1f3, nil]]
0x1f5S0x81e3	[0xa0, [0x1f5, nil]]
0x1f7S0x81e3	[0xa0, [0x1f7, nil]]
0x1faS0x81e3	[0xa0, [0x1fa, nil]]
0x1fcS0x81e3	[0xa0, [0x1fc, nil]]
0x1fdS0x81e3	[0xa0, [0x1fd, nil]]
0x1ffS0x81e3	[0xa0, [0x1ff, nil]]
0x17cfS0x264	[0x2a7, [0x17cf, nil]]
0x17d0S0x264	[0x2a7, [0x17d0, nil]]
0x17d4S0x264	[0x2a7, [0x17d4, nil]]
0x17bcS0x264	[0x2a7, [0x17bc, nil]]
0x17c0S0x264	[0x2a7, [0x17c0, nil]]
0x17c5S0x264	[0x2a7, [0x17c5, nil]]
0x17c7S0x264	[0x2a7, [0x17c7, nil]]
0x17afS0x264	[0x2a7, [0x17af, nil]]
0x17b0S0x264	[0x2a7, [0x17b0, nil]]
0x17b3S0x264	[0x2a7, [0x17b3, nil]]
0x17b5S0x264	[0x2a7, [0x17b5, nil]]
0x17a2S0x17aeS0x264	[0x2a7, [0x17b8, [0x17a2, nil]]]
0x18a2S0x7c8	[0x7f8, [0x18a2, nil]]
0x18a3S0x7c8	[0x7f8, [0x18a3, nil]]
0x18a6S0x7c8	[0x7f8, [0x18a6, nil]]
0x18abS0x7c8	[0x7f8, [0x18ab, nil]]
0x18acS0x7c8	[0x7f8, [0x18ac, nil]]
0x18aeS0x7c8	[0x7f8, [0x18ae, nil]]
0x18b0S0x7c8	[0x7f8, [0x18b0, nil]]
0x18b4S0x7c8	[0x7f8, [0x18b4, nil]]
0x188eS0x7c8	[0x7f8, [0x188e, nil]]
0x1892S0x7c8	[0x7f8, [0x1892, nil]]
0x1897S0x7c8	[0x7f8, [0x1897, nil]]
0x189aS0x7c8	[0x7f8, [0x189a, nil]]
0x1832S0x7c8	[0x7f8, [0x1832, nil]]
0x1853S0x7c8	[0x7f8, [0x1853, nil]]
0x1855S0x7c8	[0x7f8, [0x1855, nil]]
0x1857S0x7c8	[0x7f8, [0x1857, nil]]
0x1878S0x7c8	[0x7f8, [0x1878, nil]]
0x187bS0x7c8	[0x7f8, [0x187b, nil]]
0x1880S0x7c8	[0x7f8, [0x1880, nil]]
0x1881S0x7c8	[0x7f8, [0x1881, nil]]
0x1884S0x7c8	[0x7f8, [0x1884, nil]]
0x1887S0x7c8	[0x7f8, [0x1887, nil]]
0x1822S0x187fS0x7c8	[0x7f8, [0x188a, [0x1822, nil]]]
0x1826S0x187fS0x7c8	[0x7f8, [0x188a, [0x1826, nil]]]
0x1829S0x187fS0x7c8	[0x7f8, [0x188a, [0x1829, nil]]]
0x18a2S0xd43	[0xd73, [0x18a2, nil]]
0x18a3S0xd43	[0xd73, [0x18a3, nil]]
0x18a6S0xd43	[0xd73, [0x18a6, nil]]
0x18abS0xd43	[0xd73, [0x18ab, nil]]
0x18acS0xd43	[0xd73, [0x18ac, nil]]
0x18aeS0xd43	[0xd73, [0x18ae, nil]]
0x18b0S0xd43	[0xd73, [0x18b0, nil]]
0x18b4S0xd43	[0xd73, [0x18b4, nil]]
0x188eS0xd43	[0xd73, [0x188e, nil]]
0x1892S0xd43	[0xd73, [0x1892, nil]]
0x1897S0xd43	[0xd73, [0x1897, nil]]
0x189aS0xd43	[0xd73, [0x189a, nil]]
0x1832S0xd43	[0xd73, [0x1832, nil]]
0x1853S0xd43	[0xd73, [0x1853, nil]]
0x1855S0xd43	[0xd73, [0x1855, nil]]
0x1857S0xd43	[0xd73, [0x1857, nil]]
0x1878S0xd43	[0xd73, [0x1878, nil]]
0x187bS0xd43	[0xd73, [0x187b, nil]]
0x1880S0xd43	[0xd73, [0x1880, nil]]
0x1881S0xd43	[0xd73, [0x1881, nil]]
0x1884S0xd43	[0xd73, [0x1884, nil]]
0x1887S0xd43	[0xd73, [0x1887, nil]]
0x1822S0x187fS0xd43	[0xd73, [0x188a, [0x1822, nil]]]
0x1826S0x187fS0xd43	[0xd73, [0x188a, [0x1826, nil]]]
0x1829S0x187fS0xd43	[0xd73, [0x188a, [0x1829, nil]]]
0x16d7S0x191	[0x19d, [0x16d7, nil]]
0x16d8S0x191	[0x19d, [0x16d8, nil]]
0x16dbS0x191	[0x19d, [0x16db, nil]]
0x16deS0x191	[0x19d, [0x16de, nil]]
0x16e1S0x191	[0x19d, [0x16e1, nil]]
0x16e3S0x191	[0x19d, [0x16e3, nil]]
0x16e5S0x191	[0x19d, [0x16e5, nil]]
0x16bdS0x16d6S0x191	[0x19d, [0x16e8, [0x16bd, nil]]]
0x16bfS0x16d6S0x191	[0x19d, [0x16e8, [0x16bf, nil]]]
0x16c0S0x16d6S0x191	[0x19d, [0x16e8, [0x16c0, nil]]]
0x16c8S0x16d6S0x191	[0x19d, [0x16e8, [0x16c8, nil]]]
0x16ccS0x16d6S0x191	[0x19d, [0x16e8, [0x16cc, nil]]]
0x13c0S0x1272	[0x1279, [0x13c0, nil]]
0x13c2S0x1272	[0x1279, [0x13c2, nil]]
0x13c3S0x1272	[0x1279, [0x13c3, nil]]
0x13e6S0x1272	[0x1279, [0x13e6, nil]]
0x13e8S0x1272	[0x1279, [0x13e8, nil]]
0x13e9S0x1272	[0x1279, [0x13e9, nil]]
0x13ebS0x1272	[0x1279, [0x13eb, nil]]
0x13eeS0x1272	[0x1279, [0x13ee, nil]]
0x13b4S0x1272	[0x1279, [0x13b4, nil]]
0x13b7S0x1272	[0x1279, [0x13b7, nil]]
0x13bcS0x1272	[0x1279, [0x13bc, nil]]
0x1f0S0x13b3S0x1272	[0x1279, [0x13ba, [0x1f0, nil]]]
0x1f1S0x13b3S0x1272	[0x1279, [0x13ba, [0x1f1, nil]]]
0x1f3S0x13b3S0x1272	[0x1279, [0x13ba, [0x1f3, nil]]]
0x1f5S0x13b3S0x1272	[0x1279, [0x13ba, [0x1f5, nil]]]
0x1f7S0x13b3S0x1272	[0x1279, [0x13ba, [0x1f7, nil]]]
0x1faS0x13b3S0x1272	[0x1279, [0x13ba, [0x1fa, nil]]]
0x1fcS0x13b3S0x1272	[0x1279, [0x13ba, [0x1fc, nil]]]
0x1fdS0x13b3S0x1272	[0x1279, [0x13ba, [0x1fd, nil]]]
0x1ffS0x13b3S0x1272	[0x1279, [0x13ba, [0x1ff, nil]]]
0x11f2S0x1352	[0x1359, [0x11f2, nil]]
0x11f4S0x1352	[0x1359, [0x11f4, nil]]
0x11f5S0x1352	[0x1359, [0x11f5, nil]]
0x1218S0x1352	[0x1359, [0x1218, nil]]
0x121aS0x1352	[0x1359, [0x121a, nil]]
0x121bS0x1352	[0x1359, [0x121b, nil]]
0x121dS0x1352	[0x1359, [0x121d, nil]]
0x1220S0x1352	[0x1359, [0x1220, nil]]
0x11e5S0x1352	[0x1359, [0x11e5, nil]]
0x11e8S0x1352	[0x1359, [0x11e8, nil]]
0x11edS0x1352	[0x1359, [0x11ed, nil]]
0x11eeS0x1352	[0x1359, [0x11ee, nil]]
0x1f0S0x11e4S0x1352	[0x1359, [0x11eb, [0x1f0, nil]]]
0x1f1S0x11e4S0x1352	[0x1359, [0x11eb, [0x1f1, nil]]]
0x1f3S0x11e4S0x1352	[0x1359, [0x11eb, [0x1f3, nil]]]
0x1f5S0x11e4S0x1352	[0x1359, [0x11eb, [0x1f5, nil]]]
0x1f7S0x11e4S0x1352	[0x1359, [0x11eb, [0x1f7, nil]]]
0x1faS0x11e4S0x1352	[0x1359, [0x11eb, [0x1fa, nil]]]
0x1fcS0x11e4S0x1352	[0x1359, [0x11eb, [0x1fc, nil]]]
0x1fdS0x11e4S0x1352	[0x1359, [0x11eb, [0x1fd, nil]]]
0x1ffS0x11e4S0x1352	[0x1359, [0x11eb, [0x1ff, nil]]]
0x1563S0xc7	[0xdb, [0x1563, nil]]
0x1566S0xc7	[0xdb, [0x1566, nil]]
0x1580S0xc7	[0xdb, [0x1580, nil]]
0x1583S0xc7	[0xdb, [0x1583, nil]]
0x15afS0xc7	[0xdb, [0x15af, nil]]
0x15b2S0xc7	[0xdb, [0x15b2, nil]]
0x1554S0xc7	[0xdb, [0x1554, nil]]
0x1555S0xc7	[0xdb, [0x1555, nil]]
0x1556S0xc7	[0xdb, [0x1556, nil]]
0x1557S0xc7	[0xdb, [0x1557, nil]]
0x1558S0xc7	[0xdb, [0x1558, nil]]
0x155cS0xc7	[0xdb, [0x155c, nil]]
0x155dS0xc7	[0xdb, [0x155d, nil]]
0x155eS0xc7	[0xdb, [0x155e, nil]]
0x155fS0xc7	[0xdb, [0x155f, nil]]
0x156cS0xc7	[0xdb, [0x156c, nil]]
0x156eS0xc7	[0xdb, [0x156e, nil]]
0x156fS0xc7	[0xdb, [0x156f, nil]]
0x1570S0xc7	[0xdb, [0x1570, nil]]
0x157aS0xc7	[0xdb, [0x157a, nil]]
0x157bS0xc7	[0xdb, [0x157b, nil]]
0x157cS0xc7	[0xdb, [0x157c, nil]]
0x3f63S0xc7	[0xdb, [0x1496, nil]]
0x3f64S0xc7	[0xdb, [0x1497, nil]]
0x1589S0xc7	[0xdb, [0x1589, nil]]
0x158fS0xc7	[0xdb, [0x158f, nil]]
0x1590S0xc7	[0xdb, [0x1590, nil]]
0x3f86S0xc7	[0xdb, [0x149a, nil]]
0x3f87S0xc7	[0xdb, [0x149b, nil]]
0x159aS0xc7	[0xdb, [0x159a, nil]]
0x159dS0xc7	[0xdb, [0x159d, nil]]
0x159eS0xc7	[0xdb, [0x159e, nil]]
0x159fS0xc7	[0xdb, [0x159f, nil]]
0x15a9S0xc7	[0xdb, [0x15a9, nil]]
0x15aaS0xc7	[0xdb, [0x15aa, nil]]
0x15abS0xc7	[0xdb, [0x15ab, nil]]
0x15b8S0xc7	[0xdb, [0x15b8, nil]]
0x15beS0xc7	[0xdb, [0x15be, nil]]
0x15bfS0xc7	[0xdb, [0x15bf, nil]]
0x3fa9S0xc7	[0xdb, [0x149a, nil]]
0x3faaS0xc7	[0xdb, [0x149b, nil]]
0x14b6S0x1588S0xc7	[0xdb, [0x1593, [0x14b6, nil]]]
0x14b9S0x1588S0xc7	[0xdb, [0x1593, [0x14b9, nil]]]
0x14d3S0x1588S0xc7	[0xdb, [0x1593, [0x14d3, nil]]]
0x14d6S0x1588S0xc7	[0xdb, [0x1593, [0x14d6, nil]]]
0x14efS0x1588S0xc7	[0xdb, [0x1593, [0x14ef, nil]]]
0x14f2S0x1588S0xc7	[0xdb, [0x1593, [0x14f2, nil]]]
0x14c0S0x1588S0xc7	[0xdb, [0x1593, [0x14c0, nil]]]
0x14c3S0x1588S0xc7	[0xdb, [0x1593, [0x14c3, nil]]]
0x14cdS0x1588S0xc7	[0xdb, [0x1593, [0x14cd, nil]]]
0x14ceS0x1588S0xc7	[0xdb, [0x1593, [0x14ce, nil]]]
0x14cfS0x1588S0xc7	[0xdb, [0x1593, [0x14cf, nil]]]
0x3e91S0x1588S0xc7	[0xdb, [0x1593, [0x149e, nil]]]
0x3e92S0x1588S0xc7	[0xdb, [0x1593, [0x149f, nil]]]
0x14dcS0x1588S0xc7	[0xdb, [0x1593, [0x14dc, nil]]]
0x14dfS0x1588S0xc7	[0xdb, [0x1593, [0x14df, nil]]]
0x14e3S0x1588S0xc7	[0xdb, [0x1593, [0x14e3, nil]]]
0x14e6S0x1588S0xc7	[0xdb, [0x1593, [0x14e6, nil]]]
0x14e8S0x1588S0xc7	[0xdb, [0x1593, [0x14e8, nil]]]
0x14e9S0x1588S0xc7	[0xdb, [0x1593, [0x14e9, nil]]]
0x14eaS0x1588S0xc7	[0xdb, [0x1593, [0x14ea, nil]]]
0x14ebS0x1588S0xc7	[0xdb, [0x1593, [0x14eb, nil]]]
0x3eb4S0x1588S0xc7	[0xdb, [0x1593, [0x14a2, nil]]]
0x3eb5S0x1588S0xc7	[0xdb, [0x1593, [0x14a3, nil]]]
0x3ed7S0x1588S0xc7	[0xdb, [0x1593, [0x14a6, nil]]]
0x3ed8S0x1588S0xc7	[0xdb, [0x1593, [0x14a7, nil]]]
0x14aaS0x1588S0xc7	[0xdb, [0x1593, [0x14aa, nil]]]
0x14abS0x1588S0xc7	[0xdb, [0x1593, [0x14ab, nil]]]
0x14adS0x1588S0xc7	[0xdb, [0x1593, [0x14ad, nil]]]
0x14b0S0x1588S0xc7	[0xdb, [0x1593, [0x14b0, nil]]]
0x14b1S0x1588S0xc7	[0xdb, [0x1593, [0x14b1, nil]]]
0x14b2S0x1588S0xc7	[0xdb, [0x1593, [0x14b2, nil]]]
0x150bS0x15b7S0xc7	[0xdb, [0x15c2, [0x150b, nil]]]
0x150eS0x15b7S0xc7	[0xdb, [0x15c2, [0x150e, nil]]]
0x1528S0x15b7S0xc7	[0xdb, [0x15c2, [0x1528, nil]]]
0x152bS0x15b7S0xc7	[0xdb, [0x15c2, [0x152b, nil]]]
0x1544S0x15b7S0xc7	[0xdb, [0x15c2, [0x1544, nil]]]
0x1547S0x15b7S0xc7	[0xdb, [0x15c2, [0x1547, nil]]]
0x1515S0x15b7S0xc7	[0xdb, [0x15c2, [0x1515, nil]]]
0x1518S0x15b7S0xc7	[0xdb, [0x15c2, [0x1518, nil]]]
0x1522S0x15b7S0xc7	[0xdb, [0x15c2, [0x1522, nil]]]
0x1523S0x15b7S0xc7	[0xdb, [0x15c2, [0x1523, nil]]]
0x1524S0x15b7S0xc7	[0xdb, [0x15c2, [0x1524, nil]]]
0x3efaS0x15b7S0xc7	[0xdb, [0x15c2, [0x149e, nil]]]
0x3efbS0x15b7S0xc7	[0xdb, [0x15c2, [0x149f, nil]]]
0x1531S0x15b7S0xc7	[0xdb, [0x15c2, [0x1531, nil]]]
0x1534S0x15b7S0xc7	[0xdb, [0x15c2, [0x1534, nil]]]
0x1538S0x15b7S0xc7	[0xdb, [0x15c2, [0x1538, nil]]]
0x153bS0x15b7S0xc7	[0xdb, [0x15c2, [0x153b, nil]]]
0x153dS0x15b7S0xc7	[0xdb, [0x15c2, [0x153d, nil]]]
0x153eS0x15b7S0xc7	[0xdb, [0x15c2, [0x153e, nil]]]
0x153fS0x15b7S0xc7	[0xdb, [0x15c2, [0x153f, nil]]]
0x1540S0x15b7S0xc7	[0xdb, [0x15c2, [0x1540, nil]]]
0x3f1dS0x15b7S0xc7	[0xdb, [0x15c2, [0x14a2, nil]]]
0x3f1eS0x15b7S0xc7	[0xdb, [0x15c2, [0x14a3, nil]]]
0x3f40S0x15b7S0xc7	[0xdb, [0x15c2, [0x14a6, nil]]]
0x3f41S0x15b7S0xc7	[0xdb, [0x15c2, [0x14a7, nil]]]
0x14ffS0x15b7S0xc7	[0xdb, [0x15c2, [0x14ff, nil]]]
0x1500S0x15b7S0xc7	[0xdb, [0x15c2, [0x1500, nil]]]
0x1502S0x15b7S0xc7	[0xdb, [0x15c2, [0x1502, nil]]]
0x1505S0x15b7S0xc7	[0xdb, [0x15c2, [0x1505, nil]]]
0x1506S0x15b7S0xc7	[0xdb, [0x15c2, [0x1506, nil]]]
0x1507S0x15b7S0xc7	[0xdb, [0x15c2, [0x1507, nil]]]
0x1611S0x101	[0x10d, [0x1611, nil]]
0x1612S0x101	[0x10d, [0x1612, nil]]
0x1615S0x101	[0x10d, [0x1615, nil]]
0x1618S0x101	[0x10d, [0x1618, nil]]
0x161bS0x101	[0x10d, [0x161b, nil]]
0x161dS0x101	[0x10d, [0x161d, nil]]
0x161fS0x101	[0x10d, [0x161f, nil]]
0x1602S0x1610S0x101	[0x10d, [0x1622, [0x1602, nil]]]
0x1606S0x1610S0x101	[0x10d, [0x1622, [0x1606, nil]]]
0x15d2S0x1601S0x1610S0x101	[0x10d, [0x1622, [0x1609, [0x15d2, nil]]]]
0x15d3S0x1601S0x1610S0x101	[0x10d, [0x1622, [0x1609, [0x15d3, nil]]]]
0x15e9S0x1601S0x1610S0x101	[0x10d, [0x1622, [0x1609, [0x15e9, nil]]]]
0x15f1S0x1601S0x1610S0x101	[0x10d, [0x1622, [0x1609, [0x15f1, nil]]]]
0x15f2S0x1601S0x1610S0x101	[0x10d, [0x1622, [0x1609, [0x15f2, nil]]]]
0x15f6S0x1601S0x1610S0x101	[0x10d, [0x1622, [0x1609, [0x15f6, nil]]]]
0x17fbS0x2e7	[0x31b, [0x17fb, nil]]
0x17fcS0x2e7	[0x31b, [0x17fc, nil]]
0x17ffS0x2e7	[0x31b, [0x17ff, nil]]
0x1802S0x2e7	[0x31b, [0x1802, nil]]
0x1805S0x2e7	[0x31b, [0x1805, nil]]
0x1807S0x2e7	[0x31b, [0x1807, nil]]
0x1809S0x2e7	[0x31b, [0x1809, nil]]
0x180eS0x2e7	[0x31b, [0x180e, nil]]
0x1811S0x2e7	[0x31b, [0x1811, nil]]
0x1814S0x2e7	[0x31b, [0x1814, nil]]
0x1816S0x2e7	[0x31b, [0x1816, nil]]
0x16bdS0x180dS0x2e7	[0x31b, [0x1819, [0x16bd, nil]]]
0x16bfS0x180dS0x2e7	[0x31b, [0x1819, [0x16bf, nil]]]
0x16c0S0x180dS0x2e7	[0x31b, [0x1819, [0x16c0, nil]]]
0x16c8S0x180dS0x2e7	[0x31b, [0x1819, [0x16c8, nil]]]
0x16ccS0x180dS0x2e7	[0x31b, [0x1819, [0x16cc, nil]]]
0x17ecS0x17faS0x2e7	[0x31b, [0x180c, [0x17ec, nil]]]
0x17f0S0x17faS0x2e7	[0x31b, [0x180c, [0x17f0, nil]]]
0x17e3S0x17ebS0x17faS0x2e7	[0x31b, [0x180c, [0x17f3, [0x17e3, nil]]]]
0x1611S0x80a	[0x838, [0x1611, nil]]
0x1612S0x80a	[0x838, [0x1612, nil]]
0x1615S0x80a	[0x838, [0x1615, nil]]
0x1618S0x80a	[0x838, [0x1618, nil]]
0x161bS0x80a	[0x838, [0x161b, nil]]
0x161dS0x80a	[0x838, [0x161d, nil]]
0x161fS0x80a	[0x838, [0x161f, nil]]
0x1602S0x1610S0x80a	[0x838, [0x1622, [0x1602, nil]]]
0x1606S0x1610S0x80a	[0x838, [0x1622, [0x1606, nil]]]
0x15d2S0x1601S0x1610S0x80a	[0x838, [0x1622, [0x1609, [0x15d2, nil]]]]
0x15d3S0x1601S0x1610S0x80a	[0x838, [0x1622, [0x1609, [0x15d3, nil]]]]
0x15e9S0x1601S0x1610S0x80a	[0x838, [0x1622, [0x1609, [0x15e9, nil]]]]
0x15f1S0x1601S0x1610S0x80a	[0x838, [0x1622, [0x1609, [0x15f1, nil]]]]
0x15f2S0x1601S0x1610S0x80a	[0x838, [0x1622, [0x1609, [0x15f2, nil]]]]
0x15f6S0x1601S0x1610S0x80a	[0x838, [0x1622, [0x1609, [0x15f6, nil]]]]
0x1611S0x839	[0x86f, [0x1611, nil]]
0x1612S0x839	[0x86f, [0x1612, nil]]
0x1615S0x839	[0x86f, [0x1615, nil]]
0x1618S0x839	[0x86f, [0x1618, nil]]
0x161bS0x839	[0x86f, [0x161b, nil]]
0x161dS0x839	[0x86f, [0x161d, nil]]
0x161fS0x839	[0x86f, [0x161f, nil]]
0x1602S0x1610S0x839	[0x86f, [0x1622, [0x1602, nil]]]
0x1606S0x1610S0x839	[0x86f, [0x1622, [0x1606, nil]]]
0x15d2S0x1601S0x1610S0x839	[0x86f, [0x1622, [0x1609, [0x15d2, nil]]]]
0x15d3S0x1601S0x1610S0x839	[0x86f, [0x1622, [0x1609, [0x15d3, nil]]]]
0x15e9S0x1601S0x1610S0x839	[0x86f, [0x1622, [0x1609, [0x15e9, nil]]]]
0x15f1S0x1601S0x1610S0x839	[0x86f, [0x1622, [0x1609, [0x15f1, nil]]]]
0x15f2S0x1601S0x1610S0x839	[0x86f, [0x1622, [0x1609, [0x15f2, nil]]]]
0x15f6S0x1601S0x1610S0x839	[0x86f, [0x1622, [0x1609, [0x15f6, nil]]]]
0x1df9S0x12d3	[0x1305, [0x1df9, nil]]
0x1dfaS0x12d3	[0x1305, [0x1dfa, nil]]
0x1dfdS0x12d3	[0x1305, [0x1dfd, nil]]
0x1e00S0x12d3	[0x1305, [0x1e00, nil]]
0x1e03S0x12d3	[0x1305, [0x1e03, nil]]
0x1e05S0x12d3	[0x1305, [0x1e05, nil]]
0x1e07S0x12d3	[0x1305, [0x1e07, nil]]
0x1e0cS0x12d3	[0x1305, [0x1e0c, nil]]
0x1e0fS0x12d3	[0x1305, [0x1e0f, nil]]
0x1e12S0x12d3	[0x1305, [0x1e12, nil]]
0x1e14S0x12d3	[0x1305, [0x1e14, nil]]
0x1602S0x1df8S0x12d3	[0x1305, [0x1e0a, [0x1602, nil]]]
0x1606S0x1df8S0x12d3	[0x1305, [0x1e0a, [0x1606, nil]]]
0x15d2S0x1601S0x1df8S0x12d3	[0x1305, [0x1e0a, [0x1609, [0x15d2, nil]]]]
0x15d3S0x1601S0x1df8S0x12d3	[0x1305, [0x1e0a, [0x1609, [0x15d3, nil]]]]
0x15e9S0x1601S0x1df8S0x12d3	[0x1305, [0x1e0a, [0x1609, [0x15e9, nil]]]]
0x15f1S0x1601S0x1df8S0x12d3	[0x1305, [0x1e0a, [0x1609, [0x15f1, nil]]]]
0x15f2S0x1601S0x1df8S0x12d3	[0x1305, [0x1e0a, [0x1609, [0x15f2, nil]]]]
0x15f6S0x1601S0x1df8S0x12d3	[0x1305, [0x1e0a, [0x1609, [0x15f6, nil]]]]
0x17ecS0x1e0bS0x12d3	[0x1305, [0x1e17, [0x17ec, nil]]]
0x17f0S0x1e0bS0x12d3	[0x1305, [0x1e17, [0x17f0, nil]]]
0x17e3S0x17ebS0x1e0bS0x12d3	[0x1305, [0x1e17, [0x17f3, [0x17e3, nil]]]]
0x1611S0xd85	[0xdb3, [0x1611, nil]]
0x1612S0xd85	[0xdb3, [0x1612, nil]]
0x1615S0xd85	[0xdb3, [0x1615, nil]]
0x1618S0xd85	[0xdb3, [0x1618, nil]]
0x161bS0xd85	[0xdb3, [0x161b, nil]]
0x161dS0xd85	[0xdb3, [0x161d, nil]]
0x161fS0xd85	[0xdb3, [0x161f, nil]]
0x1602S0x1610S0xd85	[0xdb3, [0x1622, [0x1602, nil]]]
0x1606S0x1610S0xd85	[0xdb3, [0x1622, [0x1606, nil]]]
0x15d2S0x1601S0x1610S0xd85	[0xdb3, [0x1622, [0x1609, [0x15d2, nil]]]]
0x15d3S0x1601S0x1610S0xd85	[0xdb3, [0x1622, [0x1609, [0x15d3, nil]]]]
0x15e9S0x1601S0x1610S0xd85	[0xdb3, [0x1622, [0x1609, [0x15e9, nil]]]]
0x15f1S0x1601S0x1610S0xd85	[0xdb3, [0x1622, [0x1609, [0x15f1, nil]]]]
0x15f2S0x1601S0x1610S0xd85	[0xdb3, [0x1622, [0x1609, [0x15f2, nil]]]]
0x15f6S0x1601S0x1610S0xd85	[0xdb3, [0x1622, [0x1609, [0x15f6, nil]]]]
0x1611S0xdb4	[0xdea, [0x1611, nil]]
0x1612S0xdb4	[0xdea, [0x1612, nil]]
0x1615S0xdb4	[0xdea, [0x1615, nil]]
0x1618S0xdb4	[0xdea, [0x1618, nil]]
0x161bS0xdb4	[0xdea, [0x161b, nil]]
0x161dS0xdb4	[0xdea, [0x161d, nil]]
0x161fS0xdb4	[0xdea, [0x161f, nil]]
0x1602S0x1610S0xdb4	[0xdea, [0x1622, [0x1602, nil]]]
0x1606S0x1610S0xdb4	[0xdea, [0x1622, [0x1606, nil]]]
0x15d2S0x1601S0x1610S0xdb4	[0xdea, [0x1622, [0x1609, [0x15d2, nil]]]]
0x15d3S0x1601S0x1610S0xdb4	[0xdea, [0x1622, [0x1609, [0x15d3, nil]]]]
0x15e9S0x1601S0x1610S0xdb4	[0xdea, [0x1622, [0x1609, [0x15e9, nil]]]]
0x15f1S0x1601S0x1610S0xdb4	[0xdea, [0x1622, [0x1609, [0x15f1, nil]]]]
0x15f2S0x1601S0x1610S0xdb4	[0xdea, [0x1622, [0x1609, [0x15f2, nil]]]]
0x15f6S0x1601S0x1610S0xdb4	[0xdea, [0x1622, [0x1609, [0x15f6, nil]]]]
0x1611S0x12bc	[0x12c8, [0x1611, nil]]
0x1612S0x12bc	[0x12c8, [0x1612, nil]]
0x1615S0x12bc	[0x12c8, [0x1615, nil]]
0x1618S0x12bc	[0x12c8, [0x1618, nil]]
0x161bS0x12bc	[0x12c8, [0x161b, nil]]
0x161dS0x12bc	[0x12c8, [0x161d, nil]]
0x161fS0x12bc	[0x12c8, [0x161f, nil]]
0x1602S0x1610S0x12bc	[0x12c8, [0x1622, [0x1602, nil]]]
0x1606S0x1610S0x12bc	[0x12c8, [0x1622, [0x1606, nil]]]
0x15d2S0x1601S0x1610S0x12bc	[0x12c8, [0x1622, [0x1609, [0x15d2, nil]]]]
0x15d3S0x1601S0x1610S0x12bc	[0x12c8, [0x1622, [0x1609, [0x15d3, nil]]]]
0x15e9S0x1601S0x1610S0x12bc	[0x12c8, [0x1622, [0x1609, [0x15e9, nil]]]]
0x15f1S0x1601S0x1610S0x12bc	[0x12c8, [0x1622, [0x1609, [0x15f1, nil]]]]
0x15f2S0x1601S0x1610S0x12bc	[0x12c8, [0x1622, [0x1609, [0x15f2, nil]]]]
0x15f6S0x1601S0x1610S0x12bc	[0x12c8, [0x1622, [0x1609, [0x15f6, nil]]]]
0x1611S0x139c	[0x13a8, [0x1611, nil]]
0x1612S0x139c	[0x13a8, [0x1612, nil]]
0x1615S0x139c	[0x13a8, [0x1615, nil]]
0x1618S0x139c	[0x13a8, [0x1618, nil]]
0x161bS0x139c	[0x13a8, [0x161b, nil]]
0x161dS0x139c	[0x13a8, [0x161d, nil]]
0x161fS0x139c	[0x13a8, [0x161f, nil]]
0x1602S0x1610S0x139c	[0x13a8, [0x1622, [0x1602, nil]]]
0x1606S0x1610S0x139c	[0x13a8, [0x1622, [0x1606, nil]]]
0x15d2S0x1601S0x1610S0x139c	[0x13a8, [0x1622, [0x1609, [0x15d2, nil]]]]
0x15d3S0x1601S0x1610S0x139c	[0x13a8, [0x1622, [0x1609, [0x15d3, nil]]]]
0x15e9S0x1601S0x1610S0x139c	[0x13a8, [0x1622, [0x1609, [0x15e9, nil]]]]
0x15f1S0x1601S0x1610S0x139c	[0x13a8, [0x1622, [0x1609, [0x15f1, nil]]]]
0x15f2S0x1601S0x1610S0x139c	[0x13a8, [0x1622, [0x1609, [0x15f2, nil]]]]
0x15f6S0x1601S0x1610S0x139c	[0x13a8, [0x1622, [0x1609, [0x15f6, nil]]]]
0x1661S0x138	[0x14d, [0x1661, nil]]
0x1664S0x138	[0x14d, [0x1664, nil]]
0x1654S0x138	[0x14d, [0x1654, nil]]
0x1655S0x138	[0x14d, [0x1655, nil]]
0x1656S0x138	[0x14d, [0x1656, nil]]
0x165aS0x138	[0x14d, [0x165a, nil]]
0x165bS0x138	[0x14d, [0x165b, nil]]
0x165cS0x138	[0x14d, [0x165c, nil]]
0x165dS0x138	[0x14d, [0x165d, nil]]
0x166aS0x138	[0x14d, [0x166a, nil]]
0x166bS0x138	[0x14d, [0x166b, nil]]
0x1671S0x138	[0x14d, [0x1671, nil]]
0x1672S0x138	[0x14d, [0x1672, nil]]
0x3fccS0x138	[0x14d, [0x1496, nil]]
0x3fcdS0x138	[0x14d, [0x1497, nil]]
0x167aS0x138	[0x14d, [0x167a, nil]]
0x167cS0x138	[0x14d, [0x167c, nil]]
0x1682S0x138	[0x14d, [0x1682, nil]]
0x1683S0x138	[0x14d, [0x1683, nil]]
0x1640S0x1669S0x138	[0x14d, [0x1675, [0x1640, nil]]]
0x1642S0x1669S0x138	[0x14d, [0x1675, [0x1642, nil]]]
0x1645S0x1669S0x138	[0x14d, [0x1675, [0x1645, nil]]]
0x1649S0x1669S0x138	[0x14d, [0x1675, [0x1649, nil]]]
0x1639S0x163fS0x1669S0x138	[0x14d, [0x1675, [0x164c, [0x1639, nil]]]]
0x163aS0x163fS0x1669S0x138	[0x14d, [0x1675, [0x164c, [0x163a, nil]]]]
0x1634S0x163fS0x1669S0x138	[0x14d, [0x1675, [0x164c, [0x1634, nil]]]]
0x1635S0x163fS0x1669S0x138	[0x14d, [0x1675, [0x164c, [0x1635, nil]]]]
0x162aS0x163fS0x1669S0x138	[0x14d, [0x1675, [0x164c, [0x162a, nil]]]]
0x162eS0x163fS0x1669S0x138	[0x14d, [0x1675, [0x164c, [0x162e, nil]]]]
0x15d2S0x1629S0x163fS0x1669S0x138	[0x14d, [0x1675, [0x164c, [0x1631, [0x15d2, nil]]]]]
0x15d3S0x1629S0x163fS0x1669S0x138	[0x14d, [0x1675, [0x164c, [0x1631, [0x15d3, nil]]]]]
0x15e9S0x1629S0x163fS0x1669S0x138	[0x14d, [0x1675, [0x164c, [0x1631, [0x15e9, nil]]]]]
0x15f1S0x1629S0x163fS0x1669S0x138	[0x14d, [0x1675, [0x164c, [0x1631, [0x15f1, nil]]]]]
0x15f2S0x1629S0x163fS0x1669S0x138	[0x14d, [0x1675, [0x164c, [0x1631, [0x15f2, nil]]]]]
0x15f6S0x1629S0x163fS0x1669S0x138	[0x14d, [0x1675, [0x164c, [0x1631, [0x15f6, nil]]]]]
0x1640S0x1676S0x138	[0x14d, [0x1686, [0x1640, nil]]]
0x1642S0x1676S0x138	[0x14d, [0x1686, [0x1642, nil]]]
0x1645S0x1676S0x138	[0x14d, [0x1686, [0x1645, nil]]]
0x1649S0x1676S0x138	[0x14d, [0x1686, [0x1649, nil]]]
0x1639S0x163fS0x1676S0x138	[0x14d, [0x1686, [0x164c, [0x1639, nil]]]]
0x163aS0x163fS0x1676S0x138	[0x14d, [0x1686, [0x164c, [0x163a, nil]]]]
0x1634S0x163fS0x1676S0x138	[0x14d, [0x1686, [0x164c, [0x1634, nil]]]]
0x1635S0x163fS0x1676S0x138	[0x14d, [0x1686, [0x164c, [0x1635, nil]]]]
0x162aS0x163fS0x1676S0x138	[0x14d, [0x1686, [0x164c, [0x162a, nil]]]]
0x162eS0x163fS0x1676S0x138	[0x14d, [0x1686, [0x164c, [0x162e, nil]]]]
0x15d2S0x1629S0x163fS0x1676S0x138	[0x14d, [0x1686, [0x164c, [0x1631, [0x15d2, nil]]]]]
0x15d3S0x1629S0x163fS0x1676S0x138	[0x14d, [0x1686, [0x164c, [0x1631, [0x15d3, nil]]]]]
0x15e9S0x1629S0x163fS0x1676S0x138	[0x14d, [0x1686, [0x164c, [0x1631, [0x15e9, nil]]]]]
0x15f1S0x1629S0x163fS0x1676S0x138	[0x14d, [0x1686, [0x164c, [0x1631, [0x15f1, nil]]]]]
0x15f2S0x1629S0x163fS0x1676S0x138	[0x14d, [0x1686, [0x164c, [0x1631, [0x15f2, nil]]]]]
0x15f6S0x1629S0x163fS0x1676S0x138	[0x14d, [0x1686, [0x164c, [0x1631, [0x15f6, nil]]]]]
0x169eS0x160	[0x175, [0x169e, nil]]
0x16a1S0x160	[0x175, [0x16a1, nil]]
0x1692S0x160	[0x175, [0x1692, nil]]
0x1693S0x160	[0x175, [0x1693, nil]]
0x1697S0x160	[0x175, [0x1697, nil]]
0x1698S0x160	[0x175, [0x1698, nil]]
0x1699S0x160	[0x175, [0x1699, nil]]
0x169aS0x160	[0x175, [0x169a, nil]]
0x16a7S0x160	[0x175, [0x16a7, nil]]
0x16a8S0x160	[0x175, [0x16a8, nil]]
0x16aeS0x160	[0x175, [0x16ae, nil]]
0x16afS0x160	[0x175, [0x16af, nil]]
0x3fefS0x160	[0x175, [0x1496, nil]]
0x3ff0S0x160	[0x175, [0x1497, nil]]
0x1640S0x16a6S0x160	[0x175, [0x16b2, [0x1640, nil]]]
0x1642S0x16a6S0x160	[0x175, [0x16b2, [0x1642, nil]]]
0x1645S0x16a6S0x160	[0x175, [0x16b2, [0x1645, nil]]]
0x1649S0x16a6S0x160	[0x175, [0x16b2, [0x1649, nil]]]
0x1639S0x163fS0x16a6S0x160	[0x175, [0x16b2, [0x164c, [0x1639, nil]]]]
0x163aS0x163fS0x16a6S0x160	[0x175, [0x16b2, [0x164c, [0x163a, nil]]]]
0x1634S0x163fS0x16a6S0x160	[0x175, [0x16b2, [0x164c, [0x1634, nil]]]]
0x1635S0x163fS0x16a6S0x160	[0x175, [0x16b2, [0x164c, [0x1635, nil]]]]
0x162aS0x163fS0x16a6S0x160	[0x175, [0x16b2, [0x164c, [0x162a, nil]]]]
0x162eS0x163fS0x16a6S0x160	[0x175, [0x16b2, [0x164c, [0x162e, nil]]]]
0x15d2S0x1629S0x163fS0x16a6S0x160	[0x175, [0x16b2, [0x164c, [0x1631, [0x15d2, nil]]]]]
0x15d3S0x1629S0x163fS0x16a6S0x160	[0x175, [0x16b2, [0x164c, [0x1631, [0x15d3, nil]]]]]
0x15e9S0x1629S0x163fS0x16a6S0x160	[0x175, [0x16b2, [0x164c, [0x1631, [0x15e9, nil]]]]]
0x15f1S0x1629S0x163fS0x16a6S0x160	[0x175, [0x16b2, [0x164c, [0x1631, [0x15f1, nil]]]]]
0x15f2S0x1629S0x163fS0x16a6S0x160	[0x175, [0x16b2, [0x164c, [0x1631, [0x15f2, nil]]]]]
0x15f6S0x1629S0x163fS0x16a6S0x160	[0x175, [0x16b2, [0x164c, [0x1631, [0x15f6, nil]]]]]
0xe49S0x1c8	[0x1d0, [0xe49, nil]]
0xe4bS0x1c8	[0x1d0, [0xe4b, nil]]
0xe4cS0x1c8	[0x1d0, [0xe4c, nil]]
0xe6fS0x1c8	[0x1d0, [0xe6f, nil]]
0xe71S0x1c8	[0x1d0, [0xe71, nil]]
0xe72S0x1c8	[0x1d0, [0xe72, nil]]
0xe76S0x1c8	[0x1d0, [0xe76, nil]]
0xea0S0x1c8	[0x1d0, [0xea0, nil]]
0xea1S0x1c8	[0x1d0, [0xea1, nil]]
0xec2S0x1c8	[0x1d0, [0xec2, nil]]
0xed7S0x1c8	[0x1d0, [0xed7, nil]]
0xed9S0x1c8	[0x1d0, [0xed9, nil]]
0xedbS0x1c8	[0x1d0, [0xedb, nil]]
0xedcS0x1c8	[0x1d0, [0xedc, nil]]
0xee0S0x1c8	[0x1d0, [0xee0, nil]]
0xefeS0x1c8	[0x1d0, [0xefe, nil]]
0xf00S0x1c8	[0x1d0, [0xf00, nil]]
0xf03S0x1c8	[0x1d0, [0xf03, nil]]
0xf05S0x1c8	[0x1d0, [0xf05, nil]]
0xf06S0x1c8	[0x1d0, [0xf06, nil]]
0xf08S0x1c8	[0x1d0, [0xf08, nil]]
0xf09S0x1c8	[0x1d0, [0xf09, nil]]
0xf0aS0x1c8	[0x1d0, [0xf0a, nil]]
0xf0cS0x1c8	[0x1d0, [0xf0c, nil]]
0xf0dS0x1c8	[0x1d0, [0xf0d, nil]]
0xf10S0x1c8	[0x1d0, [0xf10, nil]]
0xf13S0x1c8	[0x1d0, [0xf13, nil]]
0xf14S0x1c8	[0x1d0, [0xf14, nil]]
0xf15S0x1c8	[0x1d0, [0xf15, nil]]
0xf18S0x1c8	[0x1d0, [0xf18, nil]]
0xf1aS0x1c8	[0x1d0, [0xf1a, nil]]
0xf66S0x1c8	[0x1d0, [0xf66, nil]]
0xf68S0x1c8	[0x1d0, [0xf68, nil]]
0xf69S0x1c8	[0x1d0, [0xf69, nil]]
0xf8cS0x1c8	[0x1d0, [0xf8c, nil]]
0xf8eS0x1c8	[0x1d0, [0xf8e, nil]]
0xf8fS0x1c8	[0x1d0, [0xf8f, nil]]
0xf93S0x1c8	[0x1d0, [0xf93, nil]]
0xdf6S0x1c8	[0x1d0, [0xdf6, nil]]
0xe17S0x1c8	[0x1d0, [0xe17, nil]]
0xe2cS0x1c8	[0x1d0, [0xe2c, nil]]
0xe2dS0x1c8	[0x1d0, [0xe2d, nil]]
0xe2eS0x1c8	[0x1d0, [0xe2e, nil]]
0xe43S0x1c8	[0x1d0, [0xe43, nil]]
0xe44S0x1c8	[0x1d0, [0xe44, nil]]
0xe45S0x1c8	[0x1d0, [0xe45, nil]]
0xe84S0x1c8	[0x1d0, [0xe84, nil]]
0xe87S0x1c8	[0x1d0, [0xe87, nil]]
0xe7bS0x1c8	[0x1d0, [0xe7b, nil]]
0xe7dS0x1c8	[0x1d0, [0xe7d, nil]]
0xe80S0x1c8	[0x1d0, [0xe80, nil]]
0xe8cS0x1c8	[0x1d0, [0xe8c, nil]]
0xe8fS0x1c8	[0x1d0, [0xe8f, nil]]
0xe94S0x1c8	[0x1d0, [0xe94, nil]]
0xe95S0x1c8	[0x1d0, [0xe95, nil]]
0xe98S0x1c8	[0x1d0, [0xe98, nil]]
0xe9aS0x1c8	[0x1d0, [0xe9a, nil]]
0xe9bS0x1c8	[0x1d0, [0xe9b, nil]]
0xe9cS0x1c8	[0x1d0, [0xe9c, nil]]
0xfa4S0x1c8	[0x1d0, [0xfa4, nil]]
0xfa7S0x1c8	[0x1d0, [0xfa7, nil]]
0xee5S0x1c8	[0x1d0, [0xee5, nil]]
0xee6S0x1c8	[0x1d0, [0xee6, nil]]
0xee8S0x1c8	[0x1d0, [0xee8, nil]]
0xeebS0x1c8	[0x1d0, [0xeeb, nil]]
0xeefS0x1c8	[0x1d0, [0xeef, nil]]
0xef0S0x1c8	[0x1d0, [0xef0, nil]]
0xef5S0x1c8	[0x1d0, [0xef5, nil]]
0xef7S0x1c8	[0x1d0, [0xef7, nil]]
0xef9S0x1c8	[0x1d0, [0xef9, nil]]
0xefaS0x1c8	[0x1d0, [0xefa, nil]]
0xf1fS0x1c8	[0x1d0, [0xf1f, nil]]
0xf28S0x1c8	[0x1d0, [0xf28, nil]]
0xf4bS0x1c8	[0x1d0, [0xf4b, nil]]
0xf4dS0x1c8	[0x1d0, [0xf4d, nil]]
0xf4eS0x1c8	[0x1d0, [0xf4e, nil]]
0xf54S0x1c8	[0x1d0, [0xf54, nil]]
0xf59S0x1c8	[0x1d0, [0xf59, nil]]
0xf5bS0x1c8	[0x1d0, [0xf5b, nil]]
0xf5eS0x1c8	[0x1d0, [0xf5e, nil]]
0xf62S0x1c8	[0x1d0, [0xf62, nil]]
0xf98S0x1c8	[0x1d0, [0xf98, nil]]
0xf9aS0x1c8	[0x1d0, [0xf9a, nil]]
0xf9dS0x1c8	[0x1d0, [0xf9d, nil]]
0x126aS0xfa2S0x1c8	[0x1d0, [0xfaa, [0x126a, nil]]]
0x126cS0xfa2S0x1c8	[0x1d0, [0xfaa, [0x126c, nil]]]
0x18a2S0xe49S0x1c8	[0x1d0, [0xe79, [0x18a2, nil]]]
0x18a3S0xe49S0x1c8	[0x1d0, [0xe79, [0x18a3, nil]]]
0x18a6S0xe49S0x1c8	[0x1d0, [0xe79, [0x18a6, nil]]]
0x18abS0xe49S0x1c8	[0x1d0, [0xe79, [0x18ab, nil]]]
0x18acS0xe49S0x1c8	[0x1d0, [0xe79, [0x18ac, nil]]]
0x18aeS0xe49S0x1c8	[0x1d0, [0xe79, [0x18ae, nil]]]
0x18b0S0xe49S0x1c8	[0x1d0, [0xe79, [0x18b0, nil]]]
0x18b4S0xe49S0x1c8	[0x1d0, [0xe79, [0x18b4, nil]]]
0x188eS0xe49S0x1c8	[0x1d0, [0xe79, [0x188e, nil]]]
0x1892S0xe49S0x1c8	[0x1d0, [0xe79, [0x1892, nil]]]
0x1897S0xe49S0x1c8	[0x1d0, [0xe79, [0x1897, nil]]]
0x189aS0xe49S0x1c8	[0x1d0, [0xe79, [0x189a, nil]]]
0x1832S0xe49S0x1c8	[0x1d0, [0xe79, [0x1832, nil]]]
0x1853S0xe49S0x1c8	[0x1d0, [0xe79, [0x1853, nil]]]
0x1855S0xe49S0x1c8	[0x1d0, [0xe79, [0x1855, nil]]]
0x1857S0xe49S0x1c8	[0x1d0, [0xe79, [0x1857, nil]]]
0x1878S0xe49S0x1c8	[0x1d0, [0xe79, [0x1878, nil]]]
0x187bS0xe49S0x1c8	[0x1d0, [0xe79, [0x187b, nil]]]
0x1880S0xe49S0x1c8	[0x1d0, [0xe79, [0x1880, nil]]]
0x1881S0xe49S0x1c8	[0x1d0, [0xe79, [0x1881, nil]]]
0x1884S0xe49S0x1c8	[0x1d0, [0xe79, [0x1884, nil]]]
0x1887S0xe49S0x1c8	[0x1d0, [0xe79, [0x1887, nil]]]
0x1822S0x187fS0xe49S0x1c8	[0x1d0, [0xe79, [0x188a, [0x1822, nil]]]]
0x1826S0x187fS0xe49S0x1c8	[0x1d0, [0xe79, [0x188a, [0x1826, nil]]]]
0x1829S0x187fS0xe49S0x1c8	[0x1d0, [0xe79, [0x188a, [0x1829, nil]]]]
0x17cfS0xea0S0x1c8	[0x1d0, [0xee3, [0x17cf, nil]]]
0x17d0S0xea0S0x1c8	[0x1d0, [0xee3, [0x17d0, nil]]]
0x17d4S0xea0S0x1c8	[0x1d0, [0xee3, [0x17d4, nil]]]
0x17bcS0xea0S0x1c8	[0x1d0, [0xee3, [0x17bc, nil]]]
0x17c0S0xea0S0x1c8	[0x1d0, [0xee3, [0x17c0, nil]]]
0x17c5S0xea0S0x1c8	[0x1d0, [0xee3, [0x17c5, nil]]]
0x17c7S0xea0S0x1c8	[0x1d0, [0xee3, [0x17c7, nil]]]
0x17afS0xea0S0x1c8	[0x1d0, [0xee3, [0x17af, nil]]]
0x17b0S0xea0S0x1c8	[0x1d0, [0xee3, [0x17b0, nil]]]
0x17b3S0xea0S0x1c8	[0x1d0, [0xee3, [0x17b3, nil]]]
0x17b5S0xea0S0x1c8	[0x1d0, [0xee3, [0x17b5, nil]]]
0x17a2S0x17aeS0xea0S0x1c8	[0x1d0, [0xee3, [0x17b8, [0x17a2, nil]]]]
0x1ddbS0xf66S0x1c8	[0x1d0, [0xf96, [0x1ddb, nil]]]
0x1ddcS0xf66S0x1c8	[0x1d0, [0xf96, [0x1ddc, nil]]]
0x1ddfS0xf66S0x1c8	[0x1d0, [0xf96, [0x1ddf, nil]]]
0x1de4S0xf66S0x1c8	[0x1d0, [0xf96, [0x1de4, nil]]]
0x1de5S0xf66S0x1c8	[0x1d0, [0xf96, [0x1de5, nil]]]
0x1de7S0xf66S0x1c8	[0x1d0, [0xf96, [0x1de7, nil]]]
0x1de9S0xf66S0x1c8	[0x1d0, [0xf96, [0x1de9, nil]]]
0x1dedS0xf66S0x1c8	[0x1d0, [0xf96, [0x1ded, nil]]]
0x1dc7S0xf66S0x1c8	[0x1d0, [0xf96, [0x1dc7, nil]]]
0x1dcbS0xf66S0x1c8	[0x1d0, [0xf96, [0x1dcb, nil]]]
0x1dd0S0xf66S0x1c8	[0x1d0, [0xf96, [0x1dd0, nil]]]
0x1dd3S0xf66S0x1c8	[0x1d0, [0xf96, [0x1dd3, nil]]]
0x1d91S0xf66S0x1c8	[0x1d0, [0xf96, [0x1d91, nil]]]
0x1db2S0xf66S0x1c8	[0x1d0, [0xf96, [0x1db2, nil]]]
0x1db4S0xf66S0x1c8	[0x1d0, [0xf96, [0x1db4, nil]]]
0x1db9S0xf66S0x1c8	[0x1d0, [0xf96, [0x1db9, nil]]]
0x1dbaS0xf66S0x1c8	[0x1d0, [0xf96, [0x1dba, nil]]]
0x1dbdS0xf66S0x1c8	[0x1d0, [0xf96, [0x1dbd, nil]]]
0x1dc0S0xf66S0x1c8	[0x1d0, [0xf96, [0x1dc0, nil]]]
0x1822S0x1db8S0xf66S0x1c8	[0x1d0, [0xf96, [0x1dc3, [0x1822, nil]]]]
0x1826S0x1db8S0xf66S0x1c8	[0x1d0, [0xf96, [0x1dc3, [0x1826, nil]]]]
0x1829S0x1db8S0xf66S0x1c8	[0x1d0, [0xf96, [0x1dc3, [0x1829, nil]]]]
0x11f2S0xe83S0x1c8	[0x1d0, [0xe8a, [0x11f2, nil]]]
0x11f4S0xe83S0x1c8	[0x1d0, [0xe8a, [0x11f4, nil]]]
0x11f5S0xe83S0x1c8	[0x1d0, [0xe8a, [0x11f5, nil]]]
0x1218S0xe83S0x1c8	[0x1d0, [0xe8a, [0x1218, nil]]]
0x121aS0xe83S0x1c8	[0x1d0, [0xe8a, [0x121a, nil]]]
0x121bS0xe83S0x1c8	[0x1d0, [0xe8a, [0x121b, nil]]]
0x121dS0xe83S0x1c8	[0x1d0, [0xe8a, [0x121d, nil]]]
0x1220S0xe83S0x1c8	[0x1d0, [0xe8a, [0x1220, nil]]]
0x11e5S0xe83S0x1c8	[0x1d0, [0xe8a, [0x11e5, nil]]]
0x11e8S0xe83S0x1c8	[0x1d0, [0xe8a, [0x11e8, nil]]]
0x11edS0xe83S0x1c8	[0x1d0, [0xe8a, [0x11ed, nil]]]
0x11eeS0xe83S0x1c8	[0x1d0, [0xe8a, [0x11ee, nil]]]
0x1f0S0x11e4S0xe83S0x1c8	[0x1d0, [0xe8a, [0x11eb, [0x1f0, nil]]]]
0x1f1S0x11e4S0xe83S0x1c8	[0x1d0, [0xe8a, [0x11eb, [0x1f1, nil]]]]
0x1f3S0x11e4S0xe83S0x1c8	[0x1d0, [0xe8a, [0x11eb, [0x1f3, nil]]]]
0x1f5S0x11e4S0xe83S0x1c8	[0x1d0, [0xe8a, [0x11eb, [0x1f5, nil]]]]
0x1f7S0x11e4S0xe83S0x1c8	[0x1d0, [0xe8a, [0x11eb, [0x1f7, nil]]]]
0x1faS0x11e4S0xe83S0x1c8	[0x1d0, [0xe8a, [0x11eb, [0x1fa, nil]]]]
0x1fcS0x11e4S0xe83S0x1c8	[0x1d0, [0xe8a, [0x11eb, [0x1fc, nil]]]]
0x1fdS0x11e4S0xe83S0x1c8	[0x1d0, [0xe8a, [0x11eb, [0x1fd, nil]]]]
0x1ffS0x11e4S0xe83S0x1c8	[0x1d0, [0xe8a, [0x11eb, [0x1ff, nil]]]]
0x17fbS0xf23S0x1c8	[0x1d0, [0xf57, [0x17fb, nil]]]
0x17fcS0xf23S0x1c8	[0x1d0, [0xf57, [0x17fc, nil]]]
0x17ffS0xf23S0x1c8	[0x1d0, [0xf57, [0x17ff, nil]]]
0x1802S0xf23S0x1c8	[0x1d0, [0xf57, [0x1802, nil]]]
0x1805S0xf23S0x1c8	[0x1d0, [0xf57, [0x1805, nil]]]
0x1807S0xf23S0x1c8	[0x1d0, [0xf57, [0x1807, nil]]]
0x1809S0xf23S0x1c8	[0x1d0, [0xf57, [0x1809, nil]]]
0x180eS0xf23S0x1c8	[0x1d0, [0xf57, [0x180e, nil]]]
0x1811S0xf23S0x1c8	[0x1d0, [0xf57, [0x1811, nil]]]
0x1814S0xf23S0x1c8	[0x1d0, [0xf57, [0x1814, nil]]]
0x1816S0xf23S0x1c8	[0x1d0, [0xf57, [0x1816, nil]]]
0x16bdS0x180dS0xf23S0x1c8	[0x1d0, [0xf57, [0x1819, [0x16bd, nil]]]]
0x16bfS0x180dS0xf23S0x1c8	[0x1d0, [0xf57, [0x1819, [0x16bf, nil]]]]
0x16c0S0x180dS0xf23S0x1c8	[0x1d0, [0xf57, [0x1819, [0x16c0, nil]]]]
0x16c8S0x180dS0xf23S0x1c8	[0x1d0, [0xf57, [0x1819, [0x16c8, nil]]]]
0x16ccS0x180dS0xf23S0x1c8	[0x1d0, [0xf57, [0x1819, [0x16cc, nil]]]]
0x17ecS0x17faS0xf23S0x1c8	[0x1d0, [0xf57, [0x180c, [0x17ec, nil]]]]
0x17f0S0x17faS0xf23S0x1c8	[0x1d0, [0xf57, [0x180c, [0x17f0, nil]]]]
0x17e3S0x17ebS0x17faS0xf23S0x1c8	[0x1d0, [0xf57, [0x180c, [0x17f3, [0x17e3, nil]]]]]
0x1001S0x1e8	[0x1ec, [0x1001, nil]]
0x1003S0x1e8	[0x1ec, [0x1003, nil]]
0x1004S0x1e8	[0x1ec, [0x1004, nil]]
0x1027S0x1e8	[0x1ec, [0x1027, nil]]
0x1029S0x1e8	[0x1ec, [0x1029, nil]]
0x102aS0x1e8	[0x1ec, [0x102a, nil]]
0x102eS0x1e8	[0x1ec, [0x102e, nil]]
0x107fS0x1e8	[0x1ec, [0x107f, nil]]
0x1081S0x1e8	[0x1ec, [0x1081, nil]]
0x1082S0x1e8	[0x1ec, [0x1082, nil]]
0x10a5S0x1e8	[0x1ec, [0x10a5, nil]]
0x10a7S0x1e8	[0x1ec, [0x10a7, nil]]
0x10a8S0x1e8	[0x1ec, [0x10a8, nil]]
0x10acS0x1e8	[0x1ec, [0x10ac, nil]]
0x10edS0x1e8	[0x1ec, [0x10ed, nil]]
0x10efS0x1e8	[0x1ec, [0x10ef, nil]]
0x10f0S0x1e8	[0x1ec, [0x10f0, nil]]
0x1113S0x1e8	[0x1ec, [0x1113, nil]]
0x1115S0x1e8	[0x1ec, [0x1115, nil]]
0x1116S0x1e8	[0x1ec, [0x1116, nil]]
0x111aS0x1e8	[0x1ec, [0x111a, nil]]
0x1168S0x1e8	[0x1ec, [0x1168, nil]]
0x116aS0x1e8	[0x1ec, [0x116a, nil]]
0x116dS0x1e8	[0x1ec, [0x116d, nil]]
0x116fS0x1e8	[0x1ec, [0x116f, nil]]
0x1170S0x1e8	[0x1ec, [0x1170, nil]]
0x1172S0x1e8	[0x1ec, [0x1172, nil]]
0x1173S0x1e8	[0x1ec, [0x1173, nil]]
0x1174S0x1e8	[0x1ec, [0x1174, nil]]
0x1176S0x1e8	[0x1ec, [0x1176, nil]]
0x1177S0x1e8	[0x1ec, [0x1177, nil]]
0x117aS0x1e8	[0x1ec, [0x117a, nil]]
0x117dS0x1e8	[0x1ec, [0x117d, nil]]
0x117eS0x1e8	[0x1ec, [0x117e, nil]]
0x117fS0x1e8	[0x1ec, [0x117f, nil]]
0x1182S0x1e8	[0x1ec, [0x1182, nil]]
0x1184S0x1e8	[0x1ec, [0x1184, nil]]
0xfaeS0x1e8	[0x1ec, [0xfae, nil]]
0xfcfS0x1e8	[0x1ec, [0xfcf, nil]]
0xfe4S0x1e8	[0x1ec, [0xfe4, nil]]
0xfe5S0x1e8	[0x1ec, [0xfe5, nil]]
0xfe6S0x1e8	[0x1ec, [0xfe6, nil]]
0xffbS0x1e8	[0x1ec, [0xffb, nil]]
0xffcS0x1e8	[0x1ec, [0xffc, nil]]
0xffdS0x1e8	[0x1ec, [0xffd, nil]]
0x103cS0x1e8	[0x1ec, [0x103c, nil]]
0x103fS0x1e8	[0x1ec, [0x103f, nil]]
0x1033S0x1e8	[0x1ec, [0x1033, nil]]
0x1035S0x1e8	[0x1ec, [0x1035, nil]]
0x1038S0x1e8	[0x1ec, [0x1038, nil]]
0x1044S0x1e8	[0x1ec, [0x1044, nil]]
0x1047S0x1e8	[0x1ec, [0x1047, nil]]
0x104cS0x1e8	[0x1ec, [0x104c, nil]]
0x104dS0x1e8	[0x1ec, [0x104d, nil]]
0x1062S0x1e8	[0x1ec, [0x1062, nil]]
0x1064S0x1e8	[0x1ec, [0x1064, nil]]
0x1079S0x1e8	[0x1ec, [0x1079, nil]]
0x107aS0x1e8	[0x1ec, [0x107a, nil]]
0x107bS0x1e8	[0x1ec, [0x107b, nil]]
0x10baS0x1e8	[0x1ec, [0x10ba, nil]]
0x10bbS0x1e8	[0x1ec, [0x10bb, nil]]
0x10d0S0x1e8	[0x1ec, [0x10d0, nil]]
0x10d2S0x1e8	[0x1ec, [0x10d2, nil]]
0x10e7S0x1e8	[0x1ec, [0x10e7, nil]]
0x10e8S0x1e8	[0x1ec, [0x10e8, nil]]
0x10e9S0x1e8	[0x1ec, [0x10e9, nil]]
0x10b1S0x1e8	[0x1ec, [0x10b1, nil]]
0x10b3S0x1e8	[0x1ec, [0x10b3, nil]]
0x10b6S0x1e8	[0x1ec, [0x10b6, nil]]
0x1128S0x1e8	[0x1ec, [0x1128, nil]]
0x112aS0x1e8	[0x1ec, [0x112a, nil]]
0x113fS0x1e8	[0x1ec, [0x113f, nil]]
0x1142S0x1e8	[0x1ec, [0x1142, nil]]
0x1144S0x1e8	[0x1ec, [0x1144, nil]]
0x1145S0x1e8	[0x1ec, [0x1145, nil]]
0x114bS0x1e8	[0x1ec, [0x114b, nil]]
0x111fS0x1e8	[0x1ec, [0x111f, nil]]
0x1121S0x1e8	[0x1ec, [0x1121, nil]]
0x1124S0x1e8	[0x1ec, [0x1124, nil]]
0x1150S0x1e8	[0x1ec, [0x1150, nil]]
0x1151S0x1e8	[0x1ec, [0x1151, nil]]
0x1153S0x1e8	[0x1ec, [0x1153, nil]]
0x1156S0x1e8	[0x1ec, [0x1156, nil]]
0x1158S0x1e8	[0x1ec, [0x1158, nil]]
0x115aS0x1e8	[0x1ec, [0x115a, nil]]
0x115bS0x1e8	[0x1ec, [0x115b, nil]]
0x115fS0x1e8	[0x1ec, [0x115f, nil]]
0x1161S0x1e8	[0x1ec, [0x1161, nil]]
0x1163S0x1e8	[0x1ec, [0x1163, nil]]
0x1164S0x1e8	[0x1ec, [0x1164, nil]]
0x1189S0x1e8	[0x1ec, [0x1189, nil]]
0x1192S0x1e8	[0x1ec, [0x1192, nil]]
0x11b7S0x1e8	[0x1ec, [0x11b7, nil]]
0x11b9S0x1e8	[0x1ec, [0x11b9, nil]]
0x11baS0x1e8	[0x1ec, [0x11ba, nil]]
0x11c2S0x1e8	[0x1ec, [0x11c2, nil]]
0x11c7S0x1e8	[0x1ec, [0x11c7, nil]]
0x11c9S0x1e8	[0x1ec, [0x11c9, nil]]
0x11ccS0x1e8	[0x1ec, [0x11cc, nil]]
0x11cfS0x1e8	[0x1ec, [0x11cf, nil]]
0x11d2S0x1e8	[0x1ec, [0x11d2, nil]]
0x11d8S0x1e8	[0x1ec, [0x11d8, nil]]
0x11dbS0x1e8	[0x1ec, [0x11db, nil]]
0x126aS0x11d6S0x1e8	[0x1ec, [0x11de, [0x126a, nil]]]
0x126cS0x11d6S0x1e8	[0x1ec, [0x11de, [0x126c, nil]]]
0x18a2S0x1001S0x1e8	[0x1ec, [0x1031, [0x18a2, nil]]]
0x18a3S0x1001S0x1e8	[0x1ec, [0x1031, [0x18a3, nil]]]
0x18a6S0x1001S0x1e8	[0x1ec, [0x1031, [0x18a6, nil]]]
0x18abS0x1001S0x1e8	[0x1ec, [0x1031, [0x18ab, nil]]]
0x18acS0x1001S0x1e8	[0x1ec, [0x1031, [0x18ac, nil]]]
0x18aeS0x1001S0x1e8	[0x1ec, [0x1031, [0x18ae, nil]]]
0x18b0S0x1001S0x1e8	[0x1ec, [0x1031, [0x18b0, nil]]]
0x18b4S0x1001S0x1e8	[0x1ec, [0x1031, [0x18b4, nil]]]
0x188eS0x1001S0x1e8	[0x1ec, [0x1031, [0x188e, nil]]]
0x1892S0x1001S0x1e8	[0x1ec, [0x1031, [0x1892, nil]]]
0x1897S0x1001S0x1e8	[0x1ec, [0x1031, [0x1897, nil]]]
0x189aS0x1001S0x1e8	[0x1ec, [0x1031, [0x189a, nil]]]
0x1832S0x1001S0x1e8	[0x1ec, [0x1031, [0x1832, nil]]]
0x1853S0x1001S0x1e8	[0x1ec, [0x1031, [0x1853, nil]]]
0x1855S0x1001S0x1e8	[0x1ec, [0x1031, [0x1855, nil]]]
0x1857S0x1001S0x1e8	[0x1ec, [0x1031, [0x1857, nil]]]
0x1878S0x1001S0x1e8	[0x1ec, [0x1031, [0x1878, nil]]]
0x187bS0x1001S0x1e8	[0x1ec, [0x1031, [0x187b, nil]]]
0x1880S0x1001S0x1e8	[0x1ec, [0x1031, [0x1880, nil]]]
0x1881S0x1001S0x1e8	[0x1ec, [0x1031, [0x1881, nil]]]
0x1884S0x1001S0x1e8	[0x1ec, [0x1031, [0x1884, nil]]]
0x1887S0x1001S0x1e8	[0x1ec, [0x1031, [0x1887, nil]]]
0x1822S0x187fS0x1001S0x1e8	[0x1ec, [0x1031, [0x188a, [0x1822, nil]]]]
0x1826S0x187fS0x1001S0x1e8	[0x1ec, [0x1031, [0x188a, [0x1826, nil]]]]
0x1829S0x187fS0x1001S0x1e8	[0x1ec, [0x1031, [0x188a, [0x1829, nil]]]]
0x1a6fS0x107fS0x1e8	[0x1ec, [0x10af, [0x1a6f, nil]]]
0x1a70S0x107fS0x1e8	[0x1ec, [0x10af, [0x1a70, nil]]]
0x1a73S0x107fS0x1e8	[0x1ec, [0x10af, [0x1a73, nil]]]
0x1a78S0x107fS0x1e8	[0x1ec, [0x10af, [0x1a78, nil]]]
0x1a79S0x107fS0x1e8	[0x1ec, [0x10af, [0x1a79, nil]]]
0x1a7bS0x107fS0x1e8	[0x1ec, [0x10af, [0x1a7b, nil]]]
0x1a7dS0x107fS0x1e8	[0x1ec, [0x10af, [0x1a7d, nil]]]
0x1a81S0x107fS0x1e8	[0x1ec, [0x10af, [0x1a81, nil]]]
0x1a5bS0x107fS0x1e8	[0x1ec, [0x10af, [0x1a5b, nil]]]
0x1a5fS0x107fS0x1e8	[0x1ec, [0x10af, [0x1a5f, nil]]]
0x1a64S0x107fS0x1e8	[0x1ec, [0x10af, [0x1a64, nil]]]
0x1a67S0x107fS0x1e8	[0x1ec, [0x10af, [0x1a67, nil]]]
0x1a25S0x107fS0x1e8	[0x1ec, [0x10af, [0x1a25, nil]]]
0x1a46S0x107fS0x1e8	[0x1ec, [0x10af, [0x1a46, nil]]]
0x1a48S0x107fS0x1e8	[0x1ec, [0x10af, [0x1a48, nil]]]
0x1a4dS0x107fS0x1e8	[0x1ec, [0x10af, [0x1a4d, nil]]]
0x1a4eS0x107fS0x1e8	[0x1ec, [0x10af, [0x1a4e, nil]]]
0x1a51S0x107fS0x1e8	[0x1ec, [0x10af, [0x1a51, nil]]]
0x1a54S0x107fS0x1e8	[0x1ec, [0x10af, [0x1a54, nil]]]
0x1822S0x1a4cS0x107fS0x1e8	[0x1ec, [0x10af, [0x1a57, [0x1822, nil]]]]
0x1826S0x1a4cS0x107fS0x1e8	[0x1ec, [0x10af, [0x1a57, [0x1826, nil]]]]
0x1829S0x1a4cS0x107fS0x1e8	[0x1ec, [0x10af, [0x1a57, [0x1829, nil]]]]
0x1ad7S0x10edS0x1e8	[0x1ec, [0x111d, [0x1ad7, nil]]]
0x1ad8S0x10edS0x1e8	[0x1ec, [0x111d, [0x1ad8, nil]]]
0x1adbS0x10edS0x1e8	[0x1ec, [0x111d, [0x1adb, nil]]]
0x1ae0S0x10edS0x1e8	[0x1ec, [0x111d, [0x1ae0, nil]]]
0x1ae1S0x10edS0x1e8	[0x1ec, [0x111d, [0x1ae1, nil]]]
0x1ae3S0x10edS0x1e8	[0x1ec, [0x111d, [0x1ae3, nil]]]
0x1ae5S0x10edS0x1e8	[0x1ec, [0x111d, [0x1ae5, nil]]]
0x1ae9S0x10edS0x1e8	[0x1ec, [0x111d, [0x1ae9, nil]]]
0x1ac3S0x10edS0x1e8	[0x1ec, [0x111d, [0x1ac3, nil]]]
0x1ac7S0x10edS0x1e8	[0x1ec, [0x111d, [0x1ac7, nil]]]
0x1accS0x10edS0x1e8	[0x1ec, [0x111d, [0x1acc, nil]]]
0x1acfS0x10edS0x1e8	[0x1ec, [0x111d, [0x1acf, nil]]]
0x1a8dS0x10edS0x1e8	[0x1ec, [0x111d, [0x1a8d, nil]]]
0x1aaeS0x10edS0x1e8	[0x1ec, [0x111d, [0x1aae, nil]]]
0x1ab0S0x10edS0x1e8	[0x1ec, [0x111d, [0x1ab0, nil]]]
0x1ab5S0x10edS0x1e8	[0x1ec, [0x111d, [0x1ab5, nil]]]
0x1ab6S0x10edS0x1e8	[0x1ec, [0x111d, [0x1ab6, nil]]]
0x1ab9S0x10edS0x1e8	[0x1ec, [0x111d, [0x1ab9, nil]]]
0x1abcS0x10edS0x1e8	[0x1ec, [0x111d, [0x1abc, nil]]]
0x1822S0x1ab4S0x10edS0x1e8	[0x1ec, [0x111d, [0x1abf, [0x1822, nil]]]]
0x1826S0x1ab4S0x10edS0x1e8	[0x1ec, [0x111d, [0x1abf, [0x1826, nil]]]]
0x1829S0x1ab4S0x10edS0x1e8	[0x1ec, [0x111d, [0x1abf, [0x1829, nil]]]]
0x11f2S0x103bS0x1e8	[0x1ec, [0x1042, [0x11f2, nil]]]
0x11f4S0x103bS0x1e8	[0x1ec, [0x1042, [0x11f4, nil]]]
0x11f5S0x103bS0x1e8	[0x1ec, [0x1042, [0x11f5, nil]]]
0x1218S0x103bS0x1e8	[0x1ec, [0x1042, [0x1218, nil]]]
0x121aS0x103bS0x1e8	[0x1ec, [0x1042, [0x121a, nil]]]
0x121bS0x103bS0x1e8	[0x1ec, [0x1042, [0x121b, nil]]]
0x121dS0x103bS0x1e8	[0x1ec, [0x1042, [0x121d, nil]]]
0x1220S0x103bS0x1e8	[0x1ec, [0x1042, [0x1220, nil]]]
0x11e5S0x103bS0x1e8	[0x1ec, [0x1042, [0x11e5, nil]]]
0x11e8S0x103bS0x1e8	[0x1ec, [0x1042, [0x11e8, nil]]]
0x11edS0x103bS0x1e8	[0x1ec, [0x1042, [0x11ed, nil]]]
0x11eeS0x103bS0x1e8	[0x1ec, [0x1042, [0x11ee, nil]]]
0x1f0S0x11e4S0x103bS0x1e8	[0x1ec, [0x1042, [0x11eb, [0x1f0, nil]]]]
0x1f1S0x11e4S0x103bS0x1e8	[0x1ec, [0x1042, [0x11eb, [0x1f1, nil]]]]
0x1f3S0x11e4S0x103bS0x1e8	[0x1ec, [0x1042, [0x11eb, [0x1f3, nil]]]]
0x1f5S0x11e4S0x103bS0x1e8	[0x1ec, [0x1042, [0x11eb, [0x1f5, nil]]]]
0x1f7S0x11e4S0x103bS0x1e8	[0x1ec, [0x1042, [0x11eb, [0x1f7, nil]]]]
0x1faS0x11e4S0x103bS0x1e8	[0x1ec, [0x1042, [0x11eb, [0x1fa, nil]]]]
0x1fcS0x11e4S0x103bS0x1e8	[0x1ec, [0x1042, [0x11eb, [0x1fc, nil]]]]
0x1fdS0x11e4S0x103bS0x1e8	[0x1ec, [0x1042, [0x11eb, [0x1fd, nil]]]]
0x1ffS0x11e4S0x103bS0x1e8	[0x1ec, [0x1042, [0x11eb, [0x1ff, nil]]]]
0x1b95S0x1127S0x1e8	[0x1ec, [0x114e, [0x1b95, nil]]]
0x1b96S0x1127S0x1e8	[0x1ec, [0x114e, [0x1b96, nil]]]
0x1b9cS0x1127S0x1e8	[0x1ec, [0x114e, [0x1b9c, nil]]]
0x1b7eS0x1127S0x1e8	[0x1ec, [0x114e, [0x1b7e, nil]]]
0x1b84S0x1127S0x1e8	[0x1ec, [0x114e, [0x1b84, nil]]]
0x1b8bS0x1127S0x1e8	[0x1ec, [0x114e, [0x1b8b, nil]]]
0x1b71S0x1127S0x1e8	[0x1ec, [0x114e, [0x1b71, nil]]]
0x1b72S0x1127S0x1e8	[0x1ec, [0x114e, [0x1b72, nil]]]
0x1b77S0x1127S0x1e8	[0x1ec, [0x114e, [0x1b77, nil]]]
0x1b67S0x1b7bS0x1127S0x1e8	[0x1ec, [0x114e, [0x1b87, [0x1b67, nil]]]]
0x1b6aS0x1b7bS0x1127S0x1e8	[0x1ec, [0x114e, [0x1b87, [0x1b6a, nil]]]]
0x17a2S0x1b70S0x1127S0x1e8	[0x1ec, [0x114e, [0x1b7a, [0x17a2, nil]]]]
0x1bf9S0x118dS0x1e8	[0x1ec, [0x11c5, [0x1bf9, nil]]]
0x1bfaS0x118dS0x1e8	[0x1ec, [0x11c5, [0x1bfa, nil]]]
0x1bfdS0x118dS0x1e8	[0x1ec, [0x11c5, [0x1bfd, nil]]]
0x1c00S0x118dS0x1e8	[0x1ec, [0x11c5, [0x1c00, nil]]]
0x1c03S0x118dS0x1e8	[0x1ec, [0x11c5, [0x1c03, nil]]]
0x1c05S0x118dS0x1e8	[0x1ec, [0x11c5, [0x1c05, nil]]]
0x1c07S0x118dS0x1e8	[0x1ec, [0x11c5, [0x1c07, nil]]]
0x1bdaS0x118dS0x1e8	[0x1ec, [0x11c5, [0x1bda, nil]]]
0x1be0S0x118dS0x1e8	[0x1ec, [0x11c5, [0x1be0, nil]]]
0x1badS0x118dS0x1e8	[0x1ec, [0x11c5, [0x1bad, nil]]]
0x1bb1S0x118dS0x1e8	[0x1ec, [0x11c5, [0x1bb1, nil]]]
0x1bb4S0x118dS0x1e8	[0x1ec, [0x11c5, [0x1bb4, nil]]]
0x1be5S0x118dS0x1e8	[0x1ec, [0x11c5, [0x1be5, nil]]]
0x1be9S0x118dS0x1e8	[0x1ec, [0x11c5, [0x1be9, nil]]]
0x1befS0x118dS0x1e8	[0x1ec, [0x11c5, [0x1bef, nil]]]
0x1bbdS0x118dS0x1e8	[0x1ec, [0x11c5, [0x1bbd, nil]]]
0x1bbeS0x118dS0x1e8	[0x1ec, [0x11c5, [0x1bbe, nil]]]
0x1bc0S0x118dS0x1e8	[0x1ec, [0x11c5, [0x1bc0, nil]]]
0x1bc1S0x118dS0x1e8	[0x1ec, [0x11c5, [0x1bc1, nil]]]
0x1bc4S0x118dS0x1e8	[0x1ec, [0x11c5, [0x1bc4, nil]]]
0x1bc5S0x118dS0x1e8	[0x1ec, [0x11c5, [0x1bc5, nil]]]
0x1c0eS0x118dS0x1e8	[0x1ec, [0x11c5, [0x1c0e, nil]]]
0x1c0fS0x118dS0x1e8	[0x1ec, [0x11c5, [0x1c0f, nil]]]
0x1c12S0x118dS0x1e8	[0x1ec, [0x11c5, [0x1c12, nil]]]
0x1c14S0x118dS0x1e8	[0x1ec, [0x11c5, [0x1c14, nil]]]
0x1c1aS0x118dS0x1e8	[0x1ec, [0x11c5, [0x1c1a, nil]]]
0x1c21S0x118dS0x1e8	[0x1ec, [0x11c5, [0x1c21, nil]]]
0x1c24S0x118dS0x1e8	[0x1ec, [0x11c5, [0x1c24, nil]]]
0x1c27S0x118dS0x1e8	[0x1ec, [0x11c5, [0x1c27, nil]]]
0x1c29S0x118dS0x1e8	[0x1ec, [0x11c5, [0x1c29, nil]]]
0x1bcdS0x118dS0x1e8	[0x1ec, [0x11c5, [0x1bcd, nil]]]
0x1bceS0x118dS0x1e8	[0x1ec, [0x11c5, [0x1bce, nil]]]
0x1bd3S0x118dS0x1e8	[0x1ec, [0x11c5, [0x1bd3, nil]]]
0x1b67S0x1bd7S0x118dS0x1e8	[0x1ec, [0x11c5, [0x1be3, [0x1b67, nil]]]]
0x1b6aS0x1bd7S0x118dS0x1e8	[0x1ec, [0x11c5, [0x1be3, [0x1b6a, nil]]]]
0x16bdS0x1c1eS0x118dS0x1e8	[0x1ec, [0x11c5, [0x1c2c, [0x16bd, nil]]]]
0x16bfS0x1c1eS0x118dS0x1e8	[0x1ec, [0x11c5, [0x1c2c, [0x16bf, nil]]]]
0x16c0S0x1c1eS0x118dS0x1e8	[0x1ec, [0x11c5, [0x1c2c, [0x16c0, nil]]]]
0x16c8S0x1c1eS0x118dS0x1e8	[0x1ec, [0x11c5, [0x1c2c, [0x16c8, nil]]]]
0x16ccS0x1c1eS0x118dS0x1e8	[0x1ec, [0x11c5, [0x1c2c, [0x16cc, nil]]]]
0x1602S0x1bf8S0x118dS0x1e8	[0x1ec, [0x11c5, [0x1c0a, [0x1602, nil]]]]
0x1606S0x1bf8S0x118dS0x1e8	[0x1ec, [0x11c5, [0x1c0a, [0x1606, nil]]]]
0x15d2S0x1601S0x1bf8S0x118dS0x1e8	[0x1ec, [0x11c5, [0x1c0a, [0x1609, [0x15d2, nil]]]]]
0x15d3S0x1601S0x1bf8S0x118dS0x1e8	[0x1ec, [0x11c5, [0x1c0a, [0x1609, [0x15d3, nil]]]]]
0x15e9S0x1601S0x1bf8S0x118dS0x1e8	[0x1ec, [0x11c5, [0x1c0a, [0x1609, [0x15e9, nil]]]]]
0x15f1S0x1601S0x1bf8S0x118dS0x1e8	[0x1ec, [0x11c5, [0x1c0a, [0x1609, [0x15f1, nil]]]]]
0x15f2S0x1601S0x1bf8S0x118dS0x1e8	[0x1ec, [0x11c5, [0x1c0a, [0x1609, [0x15f2, nil]]]]]
0x15f6S0x1601S0x1bf8S0x118dS0x1e8	[0x1ec, [0x11c5, [0x1c0a, [0x1609, [0x15f6, nil]]]]]
0x140fS0x1306	[0x134c, [0x140f, nil]]
0x1411S0x1306	[0x134c, [0x1411, nil]]
0x1412S0x1306	[0x134c, [0x1412, nil]]
0x1413S0x1306	[0x134c, [0x1413, nil]]
0x1416S0x1306	[0x134c, [0x1416, nil]]
0x1429S0x1306	[0x134c, [0x1429, nil]]
0x142cS0x1306	[0x134c, [0x142c, nil]]
0x142dS0x1306	[0x134c, [0x142d, nil]]
0x142eS0x1306	[0x134c, [0x142e, nil]]
0x13fbS0x1306	[0x134c, [0x13fb, nil]]
0x13fcS0x1306	[0x134c, [0x13fc, nil]]
0x13fdS0x1306	[0x134c, [0x13fd, nil]]
0x13ffS0x1306	[0x134c, [0x13ff, nil]]
0x1401S0x1306	[0x134c, [0x1401, nil]]
0x1402S0x1306	[0x134c, [0x1402, nil]]
0x1405S0x1306	[0x134c, [0x1405, nil]]
0x1406S0x1306	[0x134c, [0x1406, nil]]
0x1408S0x1306	[0x134c, [0x1408, nil]]
0x1409S0x1306	[0x134c, [0x1409, nil]]
0x140bS0x1306	[0x134c, [0x140b, nil]]
0x141aS0x1306	[0x134c, [0x141a, nil]]
0x141dS0x1306	[0x134c, [0x141d, nil]]
0x141eS0x1306	[0x134c, [0x141e, nil]]
0x1422S0x1306	[0x134c, [0x1422, nil]]
0x1424S0x1306	[0x134c, [0x1424, nil]]
0x1425S0x1306	[0x134c, [0x1425, nil]]
0x1433S0x1306	[0x134c, [0x1433, nil]]
0x1435S0x1306	[0x134c, [0x1435, nil]]
0x144aS0x1306	[0x134c, [0x144a, nil]]
0x144bS0x1306	[0x134c, [0x144b, nil]]
0x144cS0x1306	[0x134c, [0x144c, nil]]
0x144eS0x1306	[0x134c, [0x144e, nil]]
0x144fS0x1306	[0x134c, [0x144f, nil]]
0x1487S0x1306	[0x134c, [0x1487, nil]]
0x1489S0x1306	[0x134c, [0x1489, nil]]
0x148cS0x1306	[0x134c, [0x148c, nil]]
0x1454S0x1306	[0x134c, [0x1454, nil]]
0x1456S0x1306	[0x134c, [0x1456, nil]]
0x1457S0x1306	[0x134c, [0x1457, nil]]
0x147aS0x1306	[0x134c, [0x147a, nil]]
0x147cS0x1306	[0x134c, [0x147c, nil]]
0x147dS0x1306	[0x134c, [0x147d, nil]]
0x1482S0x1306	[0x134c, [0x1482, nil]]
0x1611S0x1453S0x1306	[0x134c, [0x1485, [0x1611, nil]]]
0x1612S0x1453S0x1306	[0x134c, [0x1485, [0x1612, nil]]]
0x1615S0x1453S0x1306	[0x134c, [0x1485, [0x1615, nil]]]
0x1618S0x1453S0x1306	[0x134c, [0x1485, [0x1618, nil]]]
0x161bS0x1453S0x1306	[0x134c, [0x1485, [0x161b, nil]]]
0x161dS0x1453S0x1306	[0x134c, [0x1485, [0x161d, nil]]]
0x161fS0x1453S0x1306	[0x134c, [0x1485, [0x161f, nil]]]
0x1602S0x1610S0x1453S0x1306	[0x134c, [0x1485, [0x1622, [0x1602, nil]]]]
0x1606S0x1610S0x1453S0x1306	[0x134c, [0x1485, [0x1622, [0x1606, nil]]]]
0x15d2S0x1601S0x1610S0x1453S0x1306	[0x134c, [0x1485, [0x1622, [0x1609, [0x15d2, nil]]]]]
0x15d3S0x1601S0x1610S0x1453S0x1306	[0x134c, [0x1485, [0x1622, [0x1609, [0x15d3, nil]]]]]
0x15e9S0x1601S0x1610S0x1453S0x1306	[0x134c, [0x1485, [0x1622, [0x1609, [0x15e9, nil]]]]]
0x15f1S0x1601S0x1610S0x1453S0x1306	[0x134c, [0x1485, [0x1622, [0x1609, [0x15f1, nil]]]]]
0x15f2S0x1601S0x1610S0x1453S0x1306	[0x134c, [0x1485, [0x1622, [0x1609, [0x15f2, nil]]]]]
0x15f6S0x1601S0x1610S0x1453S0x1306	[0x134c, [0x1485, [0x1622, [0x1609, [0x15f6, nil]]]]]
0x743S0xe3	[0xea, [0x743, nil]]
0x746S0xe3	[0xea, [0x746, nil]]
0x737S0xe3	[0xea, [0x737, nil]]
0x73aS0xe3	[0xea, [0x73a, nil]]
0x73fS0xe3	[0xea, [0x73f, nil]]
0x1f0S0x736S0xe3	[0xea, [0x73d, [0x1f0, nil]]]
0x1f1S0x736S0xe3	[0xea, [0x73d, [0x1f1, nil]]]
0x1f3S0x736S0xe3	[0xea, [0x73d, [0x1f3, nil]]]
0x1f5S0x736S0xe3	[0xea, [0x73d, [0x1f5, nil]]]
0x1f7S0x736S0xe3	[0xea, [0x73d, [0x1f7, nil]]]
0x1faS0x736S0xe3	[0xea, [0x73d, [0x1fa, nil]]]
0x1fcS0x736S0xe3	[0xea, [0x73d, [0x1fc, nil]]]
0x1fdS0x736S0xe3	[0xea, [0x73d, [0x1fd, nil]]]
0x1ffS0x736S0xe3	[0xea, [0x73d, [0x1ff, nil]]]
0x1753S0x1d3	[0x1e7, [0x1753, nil]]
0x1756S0x1d3	[0x1e7, [0x1756, nil]]
0x1781S0x1d3	[0x1e7, [0x1781, nil]]
0x1784S0x1d3	[0x1e7, [0x1784, nil]]
0x1745S0x1d3	[0x1e7, [0x1745, nil]]
0x1746S0x1d3	[0x1e7, [0x1746, nil]]
0x1747S0x1d3	[0x1e7, [0x1747, nil]]
0x1748S0x1d3	[0x1e7, [0x1748, nil]]
0x174cS0x1d3	[0x1e7, [0x174c, nil]]
0x174dS0x1d3	[0x1e7, [0x174d, nil]]
0x174eS0x1d3	[0x1e7, [0x174e, nil]]
0x174fS0x1d3	[0x1e7, [0x174f, nil]]
0x175cS0x1d3	[0x1e7, [0x175c, nil]]
0x175dS0x1d3	[0x1e7, [0x175d, nil]]
0x1763S0x1d3	[0x1e7, [0x1763, nil]]
0x1764S0x1d3	[0x1e7, [0x1764, nil]]
0x407bS0x1d3	[0x1e7, [0x1496, nil]]
0x407cS0x1d3	[0x1e7, [0x1497, nil]]
0x176cS0x1d3	[0x1e7, [0x176c, nil]]
0x176fS0x1d3	[0x1e7, [0x176f, nil]]
0x1770S0x1d3	[0x1e7, [0x1770, nil]]
0x1771S0x1d3	[0x1e7, [0x1771, nil]]
0x177bS0x1d3	[0x1e7, [0x177b, nil]]
0x177cS0x1d3	[0x1e7, [0x177c, nil]]
0x177dS0x1d3	[0x1e7, [0x177d, nil]]
0x178aS0x1d3	[0x1e7, [0x178a, nil]]
0x1790S0x1d3	[0x1e7, [0x1790, nil]]
0x1791S0x1d3	[0x1e7, [0x1791, nil]]
0x409eS0x1d3	[0x1e7, [0x149a, nil]]
0x409fS0x1d3	[0x1e7, [0x149b, nil]]
0x16fcS0x1789S0x1d3	[0x1e7, [0x1794, [0x16fc, nil]]]
0x16ffS0x1789S0x1d3	[0x1e7, [0x1794, [0x16ff, nil]]]
0x1719S0x1789S0x1d3	[0x1e7, [0x1794, [0x1719, nil]]]
0x171cS0x1789S0x1d3	[0x1e7, [0x1794, [0x171c, nil]]]
0x1735S0x1789S0x1d3	[0x1e7, [0x1794, [0x1735, nil]]]
0x1738S0x1789S0x1d3	[0x1e7, [0x1794, [0x1738, nil]]]
0x1706S0x1789S0x1d3	[0x1e7, [0x1794, [0x1706, nil]]]
0x1709S0x1789S0x1d3	[0x1e7, [0x1794, [0x1709, nil]]]
0x1713S0x1789S0x1d3	[0x1e7, [0x1794, [0x1713, nil]]]
0x1714S0x1789S0x1d3	[0x1e7, [0x1794, [0x1714, nil]]]
0x1715S0x1789S0x1d3	[0x1e7, [0x1794, [0x1715, nil]]]
0x4012S0x1789S0x1d3	[0x1e7, [0x1794, [0x149e, nil]]]
0x4013S0x1789S0x1d3	[0x1e7, [0x1794, [0x149f, nil]]]
0x1722S0x1789S0x1d3	[0x1e7, [0x1794, [0x1722, nil]]]
0x1725S0x1789S0x1d3	[0x1e7, [0x1794, [0x1725, nil]]]
0x1729S0x1789S0x1d3	[0x1e7, [0x1794, [0x1729, nil]]]
0x172cS0x1789S0x1d3	[0x1e7, [0x1794, [0x172c, nil]]]
0x172eS0x1789S0x1d3	[0x1e7, [0x1794, [0x172e, nil]]]
0x172fS0x1789S0x1d3	[0x1e7, [0x1794, [0x172f, nil]]]
0x1730S0x1789S0x1d3	[0x1e7, [0x1794, [0x1730, nil]]]
0x1731S0x1789S0x1d3	[0x1e7, [0x1794, [0x1731, nil]]]
0x4035S0x1789S0x1d3	[0x1e7, [0x1794, [0x14a2, nil]]]
0x4036S0x1789S0x1d3	[0x1e7, [0x1794, [0x14a3, nil]]]
0x4058S0x1789S0x1d3	[0x1e7, [0x1794, [0x14a6, nil]]]
0x4059S0x1789S0x1d3	[0x1e7, [0x1794, [0x14a7, nil]]]
0x16f0S0x1789S0x1d3	[0x1e7, [0x1794, [0x16f0, nil]]]
0x16f1S0x1789S0x1d3	[0x1e7, [0x1794, [0x16f1, nil]]]
0x16f3S0x1789S0x1d3	[0x1e7, [0x1794, [0x16f3, nil]]]
0x16f6S0x1789S0x1d3	[0x1e7, [0x1794, [0x16f6, nil]]]
0x16f7S0x1789S0x1d3	[0x1e7, [0x1794, [0x16f7, nil]]]
0x16f8S0x1789S0x1d3	[0x1e7, [0x1794, [0x16f8, nil]]]
0x1640S0x175bS0x1d3	[0x1e7, [0x1767, [0x1640, nil]]]
0x1642S0x175bS0x1d3	[0x1e7, [0x1767, [0x1642, nil]]]
0x1645S0x175bS0x1d3	[0x1e7, [0x1767, [0x1645, nil]]]
0x1649S0x175bS0x1d3	[0x1e7, [0x1767, [0x1649, nil]]]
0x1639S0x163fS0x175bS0x1d3	[0x1e7, [0x1767, [0x164c, [0x1639, nil]]]]
0x163aS0x163fS0x175bS0x1d3	[0x1e7, [0x1767, [0x164c, [0x163a, nil]]]]
0x1634S0x163fS0x175bS0x1d3	[0x1e7, [0x1767, [0x164c, [0x1634, nil]]]]
0x1635S0x163fS0x175bS0x1d3	[0x1e7, [0x1767, [0x164c, [0x1635, nil]]]]
0x162aS0x163fS0x175bS0x1d3	[0x1e7, [0x1767, [0x164c, [0x162a, nil]]]]
0x162eS0x163fS0x175bS0x1d3	[0x1e7, [0x1767, [0x164c, [0x162e, nil]]]]
0x15d2S0x1629S0x163fS0x175bS0x1d3	[0x1e7, [0x1767, [0x164c, [0x1631, [0x15d2, nil]]]]]
0x15d3S0x1629S0x163fS0x175bS0x1d3	[0x1e7, [0x1767, [0x164c, [0x1631, [0x15d3, nil]]]]]
0x15e9S0x1629S0x163fS0x175bS0x1d3	[0x1e7, [0x1767, [0x164c, [0x1631, [0x15e9, nil]]]]]
0x15f1S0x1629S0x163fS0x175bS0x1d3	[0x1e7, [0x1767, [0x164c, [0x1631, [0x15f1, nil]]]]]
0x15f2S0x1629S0x163fS0x175bS0x1d3	[0x1e7, [0x1767, [0x164c, [0x1631, [0x15f2, nil]]]]]
0x15f6S0x1629S0x163fS0x175bS0x1d3	[0x1e7, [0x1767, [0x164c, [0x1631, [0x15f6, nil]]]]]
0x37eS0xdc	[0xe0, [0x37e, nil]]
0x380S0xdc	[0xe0, [0x380, nil]]
0x381S0xdc	[0xe0, [0x381, nil]]
0x3a4S0xdc	[0xe0, [0x3a4, nil]]
0x3a6S0xdc	[0xe0, [0x3a6, nil]]
0x3a7S0xdc	[0xe0, [0x3a7, nil]]
0x3abS0xdc	[0xe0, [0x3ab, nil]]
0x3d6S0xdc	[0xe0, [0x3d6, nil]]
0x3d8S0xdc	[0xe0, [0x3d8, nil]]
0x3d9S0xdc	[0xe0, [0x3d9, nil]]
0x3fcS0xdc	[0xe0, [0x3fc, nil]]
0x3feS0xdc	[0xe0, [0x3fe, nil]]
0x3ffS0xdc	[0xe0, [0x3ff, nil]]
0x403S0xdc	[0xe0, [0x403, nil]]
0x41bS0xdc	[0xe0, [0x41b, nil]]
0x41dS0xdc	[0xe0, [0x41d, nil]]
0x41eS0xdc	[0xe0, [0x41e, nil]]
0x441S0xdc	[0xe0, [0x441, nil]]
0x443S0xdc	[0xe0, [0x443, nil]]
0x444S0xdc	[0xe0, [0x444, nil]]
0x448S0xdc	[0xe0, [0x448, nil]]
0x462S0xdc	[0xe0, [0x462, nil]]
0x464S0xdc	[0xe0, [0x464, nil]]
0x465S0xdc	[0xe0, [0x465, nil]]
0x488S0xdc	[0xe0, [0x488, nil]]
0x48aS0xdc	[0xe0, [0x48a, nil]]
0x48bS0xdc	[0xe0, [0x48b, nil]]
0x48fS0xdc	[0xe0, [0x48f, nil]]
0x4adS0xdc	[0xe0, [0x4ad, nil]]
0x4aeS0xdc	[0xe0, [0x4ae, nil]]
0x4c3S0xdc	[0xe0, [0x4c3, nil]]
0x4c9S0xdc	[0xe0, [0x4c9, nil]]
0x4caS0xdc	[0xe0, [0x4ca, nil]]
0x4ceS0xdc	[0xe0, [0x4ce, nil]]
0x4d1S0xdc	[0xe0, [0x4d1, nil]]
0x507S0xdc	[0xe0, [0x507, nil]]
0x509S0xdc	[0xe0, [0x509, nil]]
0x50aS0xdc	[0xe0, [0x50a, nil]]
0x52dS0xdc	[0xe0, [0x52d, nil]]
0x52fS0xdc	[0xe0, [0x52f, nil]]
0x530S0xdc	[0xe0, [0x530, nil]]
0x534S0xdc	[0xe0, [0x534, nil]]
0x563S0xdc	[0xe0, [0x563, nil]]
0x566S0xdc	[0xe0, [0x566, nil]]
0x59cS0xdc	[0xe0, [0x59c, nil]]
0x59eS0xdc	[0xe0, [0x59e, nil]]
0x59fS0xdc	[0xe0, [0x59f, nil]]
0x5c2S0xdc	[0xe0, [0x5c2, nil]]
0x5c4S0xdc	[0xe0, [0x5c4, nil]]
0x5c5S0xdc	[0xe0, [0x5c5, nil]]
0x5c9S0xdc	[0xe0, [0x5c9, nil]]
0x5e2S0xdc	[0xe0, [0x5e2, nil]]
0x5e5S0xdc	[0xe0, [0x5e5, nil]]
0x620S0xdc	[0xe0, [0x620, nil]]
0x623S0xdc	[0xe0, [0x623, nil]]
0x661S0xdc	[0xe0, [0x661, nil]]
0x663S0xdc	[0xe0, [0x663, nil]]
0x666S0xdc	[0xe0, [0x666, nil]]
0x668S0xdc	[0xe0, [0x668, nil]]
0x669S0xdc	[0xe0, [0x669, nil]]
0x66bS0xdc	[0xe0, [0x66b, nil]]
0x66cS0xdc	[0xe0, [0x66c, nil]]
0x66dS0xdc	[0xe0, [0x66d, nil]]
0x66fS0xdc	[0xe0, [0x66f, nil]]
0x670S0xdc	[0xe0, [0x670, nil]]
0x673S0xdc	[0xe0, [0x673, nil]]
0x676S0xdc	[0xe0, [0x676, nil]]
0x677S0xdc	[0xe0, [0x677, nil]]
0x678S0xdc	[0xe0, [0x678, nil]]
0x67bS0xdc	[0xe0, [0x67b, nil]]
0x67dS0xdc	[0xe0, [0x67d, nil]]
0x6b6S0xdc	[0xe0, [0x6b6, nil]]
0x6b9S0xdc	[0xe0, [0x6b9, nil]]
0x6deS0xdc	[0xe0, [0x6de, nil]]
0x6e1S0xdc	[0xe0, [0x6e1, nil]]
0x32bS0xdc	[0xe0, [0x32b, nil]]
0x34cS0xdc	[0xe0, [0x34c, nil]]
0x361S0xdc	[0xe0, [0x361, nil]]
0x362S0xdc	[0xe0, [0x362, nil]]
0x363S0xdc	[0xe0, [0x363, nil]]
0x378S0xdc	[0xe0, [0x378, nil]]
0x379S0xdc	[0xe0, [0x379, nil]]
0x37aS0xdc	[0xe0, [0x37a, nil]]
0x3b9S0xdc	[0xe0, [0x3b9, nil]]
0x3bcS0xdc	[0xe0, [0x3bc, nil]]
0x3b0S0xdc	[0xe0, [0x3b0, nil]]
0x3b2S0xdc	[0xe0, [0x3b2, nil]]
0x3b5S0xdc	[0xe0, [0x3b5, nil]]
0x3c1S0xdc	[0xe0, [0x3c1, nil]]
0x3c4S0xdc	[0xe0, [0x3c4, nil]]
0x3d1S0xdc	[0xe0, [0x3d1, nil]]
0x3d2S0xdc	[0xe0, [0x3d2, nil]]
0x411S0xdc	[0xe0, [0x411, nil]]
0x416S0xdc	[0xe0, [0x416, nil]]
0x417S0xdc	[0xe0, [0x417, nil]]
0x408S0xdc	[0xe0, [0x408, nil]]
0x40aS0xdc	[0xe0, [0x40a, nil]]
0x40dS0xdc	[0xe0, [0x40d, nil]]
0x456S0xdc	[0xe0, [0x456, nil]]
0x45cS0xdc	[0xe0, [0x45c, nil]]
0x45dS0xdc	[0xe0, [0x45d, nil]]
0x45eS0xdc	[0xe0, [0x45e, nil]]
0x44dS0xdc	[0xe0, [0x44d, nil]]
0x44fS0xdc	[0xe0, [0x44f, nil]]
0x452S0xdc	[0xe0, [0x452, nil]]
0x49dS0xdc	[0xe0, [0x49d, nil]]
0x49eS0xdc	[0xe0, [0x49e, nil]]
0x494S0xdc	[0xe0, [0x494, nil]]
0x496S0xdc	[0xe0, [0x496, nil]]
0x499S0xdc	[0xe0, [0x499, nil]]
0x721S0xdc	[0xe0, [0x721, nil]]
0x724S0xdc	[0xe0, [0x724, nil]]
0x4d9S0xdc	[0xe0, [0x4d9, nil]]
0x4dbS0xdc	[0xe0, [0x4db, nil]]
0x4dcS0xdc	[0xe0, [0x4dc, nil]]
0x4ddS0xdc	[0xe0, [0x4dd, nil]]
0x4e0S0xdc	[0xe0, [0x4e0, nil]]
0x4e2S0xdc	[0xe0, [0x4e2, nil]]
0x4e7S0xdc	[0xe0, [0x4e7, nil]]
0x3cc9S0xdc	[0xe0, [0x19f8, nil]]
0x3ceaS0xdc	[0xe0, [0x1a19, nil]]
0x3cecS0xdc	[0xe0, [0x1a1b, nil]]
0x3ceeS0xdc	[0xe0, [0x1a1d, nil]]
0x3cf1S0xdc	[0xe0, [0x1a20, nil]]
0x3cf3S0xdc	[0xe0, [0x1a22, nil]]
0x4ecS0xdc	[0xe0, [0x4ec, nil]]
0x501S0xdc	[0xe0, [0x501, nil]]
0x502S0xdc	[0xe0, [0x502, nil]]
0x503S0xdc	[0xe0, [0x503, nil]]
0x542S0xdc	[0xe0, [0x542, nil]]
0x543S0xdc	[0xe0, [0x543, nil]]
0x558S0xdc	[0xe0, [0x558, nil]]
0x55eS0xdc	[0xe0, [0x55e, nil]]
0x55fS0xdc	[0xe0, [0x55f, nil]]
0x539S0xdc	[0xe0, [0x539, nil]]
0x53bS0xdc	[0xe0, [0x53b, nil]]
0x53eS0xdc	[0xe0, [0x53e, nil]]
0x56eS0xdc	[0xe0, [0x56e, nil]]
0x570S0xdc	[0xe0, [0x570, nil]]
0x571S0xdc	[0xe0, [0x571, nil]]
0x572S0xdc	[0xe0, [0x572, nil]]
0x575S0xdc	[0xe0, [0x575, nil]]
0x577S0xdc	[0xe0, [0x577, nil]]
0x57cS0xdc	[0xe0, [0x57c, nil]]
0x3d15S0xdc	[0xe0, [0x19f8, nil]]
0x3d36S0xdc	[0xe0, [0x1a19, nil]]
0x3d38S0xdc	[0xe0, [0x1a1b, nil]]
0x3d3aS0xdc	[0xe0, [0x1a1d, nil]]
0x3d3dS0xdc	[0xe0, [0x1a20, nil]]
0x3d3fS0xdc	[0xe0, [0x1a22, nil]]
0x581S0xdc	[0xe0, [0x581, nil]]
0x596S0xdc	[0xe0, [0x596, nil]]
0x597S0xdc	[0xe0, [0x597, nil]]
0x598S0xdc	[0xe0, [0x598, nil]]
0x5d7S0xdc	[0xe0, [0x5d7, nil]]
0x5ddS0xdc	[0xe0, [0x5dd, nil]]
0x5deS0xdc	[0xe0, [0x5de, nil]]
0x5ceS0xdc	[0xe0, [0x5ce, nil]]
0x5d0S0xdc	[0xe0, [0x5d0, nil]]
0x5d3S0xdc	[0xe0, [0x5d3, nil]]
0x5edS0xdc	[0xe0, [0x5ed, nil]]
0x5efS0xdc	[0xe0, [0x5ef, nil]]
0x5f0S0xdc	[0xe0, [0x5f0, nil]]
0x5f1S0xdc	[0xe0, [0x5f1, nil]]
0x5f4S0xdc	[0xe0, [0x5f4, nil]]
0x5f6S0xdc	[0xe0, [0x5f6, nil]]
0x5fbS0xdc	[0xe0, [0x5fb, nil]]
0x3d61S0xdc	[0xe0, [0x19f8, nil]]
0x3d82S0xdc	[0xe0, [0x1a19, nil]]
0x3d84S0xdc	[0xe0, [0x1a1b, nil]]
0x3d86S0xdc	[0xe0, [0x1a1d, nil]]
0x3d89S0xdc	[0xe0, [0x1a20, nil]]
0x3d8bS0xdc	[0xe0, [0x1a22, nil]]
0x600S0xdc	[0xe0, [0x600, nil]]
0x615S0xdc	[0xe0, [0x615, nil]]
0x61bS0xdc	[0xe0, [0x61b, nil]]
0x61cS0xdc	[0xe0, [0x61c, nil]]
0x62bS0xdc	[0xe0, [0x62b, nil]]
0x62dS0xdc	[0xe0, [0x62d, nil]]
0x62fS0xdc	[0xe0, [0x62f, nil]]
0x631S0xdc	[0xe0, [0x631, nil]]
0x636S0xdc	[0xe0, [0x636, nil]]
0x3dadS0xdc	[0xe0, [0x19f8, nil]]
0x3dceS0xdc	[0xe0, [0x1a19, nil]]
0x3dd0S0xdc	[0xe0, [0x1a1b, nil]]
0x3dd2S0xdc	[0xe0, [0x1a1d, nil]]
0x3dd5S0xdc	[0xe0, [0x1a20, nil]]
0x3dd7S0xdc	[0xe0, [0x1a22, nil]]
0x63bS0xdc	[0xe0, [0x63b, nil]]
0x63dS0xdc	[0xe0, [0x63d, nil]]
0x63eS0xdc	[0xe0, [0x63e, nil]]
0x644S0xdc	[0xe0, [0x644, nil]]
0x649S0xdc	[0xe0, [0x649, nil]]
0x64aS0xdc	[0xe0, [0x64a, nil]]
0x64cS0xdc	[0xe0, [0x64c, nil]]
0x64fS0xdc	[0xe0, [0x64f, nil]]
0x651S0xdc	[0xe0, [0x651, nil]]
0x653S0xdc	[0xe0, [0x653, nil]]
0x654S0xdc	[0xe0, [0x654, nil]]
0x658S0xdc	[0xe0, [0x658, nil]]
0x65aS0xdc	[0xe0, [0x65a, nil]]
0x65cS0xdc	[0xe0, [0x65c, nil]]
0x65dS0xdc	[0xe0, [0x65d, nil]]
0x682S0xdc	[0xe0, [0x682, nil]]
0x68bS0xdc	[0xe0, [0x68b, nil]]
0x6b1S0xdc	[0xe0, [0x6b1, nil]]
0x6b2S0xdc	[0xe0, [0x6b2, nil]]
0x6c1S0xdc	[0xe0, [0x6c1, nil]]
0x6c3S0xdc	[0xe0, [0x6c3, nil]]
0x6c4S0xdc	[0xe0, [0x6c4, nil]]
0x6c5S0xdc	[0xe0, [0x6c5, nil]]
0x6c8S0xdc	[0xe0, [0x6c8, nil]]
0x6caS0xdc	[0xe0, [0x6ca, nil]]
0x6cfS0xdc	[0xe0, [0x6cf, nil]]
0x3df9S0xdc	[0xe0, [0x19f8, nil]]
0x3e1aS0xdc	[0xe0, [0x1a19, nil]]
0x3e1cS0xdc	[0xe0, [0x1a1b, nil]]
0x3e1eS0xdc	[0xe0, [0x1a1d, nil]]
0x3e21S0xdc	[0xe0, [0x1a20, nil]]
0x3e23S0xdc	[0xe0, [0x1a22, nil]]
0x6d9S0xdc	[0xe0, [0x6d9, nil]]
0x6daS0xdc	[0xe0, [0x6da, nil]]
0x6e9S0xdc	[0xe0, [0x6e9, nil]]
0x6ebS0xdc	[0xe0, [0x6eb, nil]]
0x6edS0xdc	[0xe0, [0x6ed, nil]]
0x6efS0xdc	[0xe0, [0x6ef, nil]]
0x6f4S0xdc	[0xe0, [0x6f4, nil]]
0x3e45S0xdc	[0xe0, [0x19f8, nil]]
0x3e66S0xdc	[0xe0, [0x1a19, nil]]
0x3e68S0xdc	[0xe0, [0x1a1b, nil]]
0x3e6aS0xdc	[0xe0, [0x1a1d, nil]]
0x3e6dS0xdc	[0xe0, [0x1a20, nil]]
0x3e6fS0xdc	[0xe0, [0x1a22, nil]]
0x6faS0xdc	[0xe0, [0x6fa, nil]]
0x6fcS0xdc	[0xe0, [0x6fc, nil]]
0x6fdS0xdc	[0xe0, [0x6fd, nil]]
0x705S0xdc	[0xe0, [0x705, nil]]
0x70aS0xdc	[0xe0, [0x70a, nil]]
0x70cS0xdc	[0xe0, [0x70c, nil]]
0x70fS0xdc	[0xe0, [0x70f, nil]]
0x715S0xdc	[0xe0, [0x715, nil]]
0x717S0xdc	[0xe0, [0x717, nil]]
0x71bS0xdc	[0xe0, [0x71b, nil]]
0x4a7S0xdc	[0xe0, [0x4a7, nil]]
0x4a8S0xdc	[0xe0, [0x4a8, nil]]
0x4a9S0xdc	[0xe0, [0x4a9, nil]]
0x729S0xdc	[0xe0, [0x729, nil]]
0x72cS0xdc	[0xe0, [0x72c, nil]]
0x1b14S0x628S0xdc	[0xe0, [0x639, [0x1b14, nil]]]
0x1b17S0x628S0xdc	[0xe0, [0x639, [0x1b17, nil]]]
0x1b36S0x628S0xdc	[0xe0, [0x639, [0x1b36, nil]]]
0x1b39S0x628S0xdc	[0xe0, [0x639, [0x1b39, nil]]]
0x1b52S0x628S0xdc	[0xe0, [0x639, [0x1b52, nil]]]
0x1b55S0x628S0xdc	[0xe0, [0x639, [0x1b55, nil]]]
0x1b01S0x628S0xdc	[0xe0, [0x639, [0x1b01, nil]]]
0x1b02S0x628S0xdc	[0xe0, [0x639, [0x1b02, nil]]]
0x1b04S0x628S0xdc	[0xe0, [0x639, [0x1b04, nil]]]
0x1b05S0x628S0xdc	[0xe0, [0x639, [0x1b05, nil]]]
0x1b07S0x628S0xdc	[0xe0, [0x639, [0x1b07, nil]]]
0x1b09S0x628S0xdc	[0xe0, [0x639, [0x1b09, nil]]]
0x1b0bS0x628S0xdc	[0xe0, [0x639, [0x1b0b, nil]]]
0x1b0cS0x628S0xdc	[0xe0, [0x639, [0x1b0c, nil]]]
0x1b0dS0x628S0xdc	[0xe0, [0x639, [0x1b0d, nil]]]
0x1b0fS0x628S0xdc	[0xe0, [0x639, [0x1b0f, nil]]]
0x1b10S0x628S0xdc	[0xe0, [0x639, [0x1b10, nil]]]
0x1b1fS0x628S0xdc	[0xe0, [0x639, [0x1b1f, nil]]]
0x1b23S0x628S0xdc	[0xe0, [0x639, [0x1b23, nil]]]
0x1b26S0x628S0xdc	[0xe0, [0x639, [0x1b26, nil]]]
0x1b30S0x628S0xdc	[0xe0, [0x639, [0x1b30, nil]]]
0x1b31S0x628S0xdc	[0xe0, [0x639, [0x1b31, nil]]]
0x1b32S0x628S0xdc	[0xe0, [0x639, [0x1b32, nil]]]
0x1af5S0x628S0xdc	[0xe0, [0x639, [0x1af5, nil]]]
0x1af6S0x628S0xdc	[0xe0, [0x639, [0x1af6, nil]]]
0x1b3fS0x628S0xdc	[0xe0, [0x639, [0x1b3f, nil]]]
0x1b42S0x628S0xdc	[0xe0, [0x639, [0x1b42, nil]]]
0x1b45S0x628S0xdc	[0xe0, [0x639, [0x1b45, nil]]]
0x1b48S0x628S0xdc	[0xe0, [0x639, [0x1b48, nil]]]
0x1b49S0x628S0xdc	[0xe0, [0x639, [0x1b49, nil]]]
0x1b4aS0x628S0xdc	[0xe0, [0x639, [0x1b4a, nil]]]
0x1b4cS0x628S0xdc	[0xe0, [0x639, [0x1b4c, nil]]]
0x1b4dS0x628S0xdc	[0xe0, [0x639, [0x1b4d, nil]]]
0x1b4eS0x628S0xdc	[0xe0, [0x639, [0x1b4e, nil]]]
0x1af9S0x628S0xdc	[0xe0, [0x639, [0x1af9, nil]]]
0x1afaS0x628S0xdc	[0xe0, [0x639, [0x1afa, nil]]]
0x1afdS0x628S0xdc	[0xe0, [0x639, [0x1afd, nil]]]
0x1afeS0x628S0xdc	[0xe0, [0x639, [0x1afe, nil]]]
0x1b14S0x6e6S0xdc	[0xe0, [0x6f7, [0x1b14, nil]]]
0x1b17S0x6e6S0xdc	[0xe0, [0x6f7, [0x1b17, nil]]]
0x1b36S0x6e6S0xdc	[0xe0, [0x6f7, [0x1b36, nil]]]
0x1b39S0x6e6S0xdc	[0xe0, [0x6f7, [0x1b39, nil]]]
0x1b52S0x6e6S0xdc	[0xe0, [0x6f7, [0x1b52, nil]]]
0x1b55S0x6e6S0xdc	[0xe0, [0x6f7, [0x1b55, nil]]]
0x1b01S0x6e6S0xdc	[0xe0, [0x6f7, [0x1b01, nil]]]
0x1b02S0x6e6S0xdc	[0xe0, [0x6f7, [0x1b02, nil]]]
0x1b04S0x6e6S0xdc	[0xe0, [0x6f7, [0x1b04, nil]]]
0x1b05S0x6e6S0xdc	[0xe0, [0x6f7, [0x1b05, nil]]]
0x1b07S0x6e6S0xdc	[0xe0, [0x6f7, [0x1b07, nil]]]
0x1b09S0x6e6S0xdc	[0xe0, [0x6f7, [0x1b09, nil]]]
0x1b0bS0x6e6S0xdc	[0xe0, [0x6f7, [0x1b0b, nil]]]
0x1b0cS0x6e6S0xdc	[0xe0, [0x6f7, [0x1b0c, nil]]]
0x1b0dS0x6e6S0xdc	[0xe0, [0x6f7, [0x1b0d, nil]]]
0x1b0fS0x6e6S0xdc	[0xe0, [0x6f7, [0x1b0f, nil]]]
0x1b10S0x6e6S0xdc	[0xe0, [0x6f7, [0x1b10, nil]]]
0x1b1fS0x6e6S0xdc	[0xe0, [0x6f7, [0x1b1f, nil]]]
0x1b23S0x6e6S0xdc	[0xe0, [0x6f7, [0x1b23, nil]]]
0x1b26S0x6e6S0xdc	[0xe0, [0x6f7, [0x1b26, nil]]]
0x1b30S0x6e6S0xdc	[0xe0, [0x6f7, [0x1b30, nil]]]
0x1b31S0x6e6S0xdc	[0xe0, [0x6f7, [0x1b31, nil]]]
0x1b32S0x6e6S0xdc	[0xe0, [0x6f7, [0x1b32, nil]]]
0x1af5S0x6e6S0xdc	[0xe0, [0x6f7, [0x1af5, nil]]]
0x1af6S0x6e6S0xdc	[0xe0, [0x6f7, [0x1af6, nil]]]
0x1b3fS0x6e6S0xdc	[0xe0, [0x6f7, [0x1b3f, nil]]]
0x1b42S0x6e6S0xdc	[0xe0, [0x6f7, [0x1b42, nil]]]
0x1b45S0x6e6S0xdc	[0xe0, [0x6f7, [0x1b45, nil]]]
0x1b48S0x6e6S0xdc	[0xe0, [0x6f7, [0x1b48, nil]]]
0x1b49S0x6e6S0xdc	[0xe0, [0x6f7, [0x1b49, nil]]]
0x1b4aS0x6e6S0xdc	[0xe0, [0x6f7, [0x1b4a, nil]]]
0x1b4cS0x6e6S0xdc	[0xe0, [0x6f7, [0x1b4c, nil]]]
0x1b4dS0x6e6S0xdc	[0xe0, [0x6f7, [0x1b4d, nil]]]
0x1b4eS0x6e6S0xdc	[0xe0, [0x6f7, [0x1b4e, nil]]]
0x1af9S0x6e6S0xdc	[0xe0, [0x6f7, [0x1af9, nil]]]
0x1afaS0x6e6S0xdc	[0xe0, [0x6f7, [0x1afa, nil]]]
0x1afdS0x6e6S0xdc	[0xe0, [0x6f7, [0x1afd, nil]]]
0x1afeS0x6e6S0xdc	[0xe0, [0x6f7, [0x1afe, nil]]]
0x126aS0x728S0xdc	[0xe0, [0x72f, [0x126a, nil]]]
0x126cS0x728S0xdc	[0xe0, [0x72f, [0x126c, nil]]]
0x18a2S0x37eS0xdc	[0xe0, [0x3ae, [0x18a2, nil]]]
0x18a3S0x37eS0xdc	[0xe0, [0x3ae, [0x18a3, nil]]]
0x18a6S0x37eS0xdc	[0xe0, [0x3ae, [0x18a6, nil]]]
0x18abS0x37eS0xdc	[0xe0, [0x3ae, [0x18ab, nil]]]
0x18acS0x37eS0xdc	[0xe0, [0x3ae, [0x18ac, nil]]]
0x18aeS0x37eS0xdc	[0xe0, [0x3ae, [0x18ae, nil]]]
0x18b0S0x37eS0xdc	[0xe0, [0x3ae, [0x18b0, nil]]]
0x18b4S0x37eS0xdc	[0xe0, [0x3ae, [0x18b4, nil]]]
0x188eS0x37eS0xdc	[0xe0, [0x3ae, [0x188e, nil]]]
0x1892S0x37eS0xdc	[0xe0, [0x3ae, [0x1892, nil]]]
0x1897S0x37eS0xdc	[0xe0, [0x3ae, [0x1897, nil]]]
0x189aS0x37eS0xdc	[0xe0, [0x3ae, [0x189a, nil]]]
0x1832S0x37eS0xdc	[0xe0, [0x3ae, [0x1832, nil]]]
0x1853S0x37eS0xdc	[0xe0, [0x3ae, [0x1853, nil]]]
0x1855S0x37eS0xdc	[0xe0, [0x3ae, [0x1855, nil]]]
0x1857S0x37eS0xdc	[0xe0, [0x3ae, [0x1857, nil]]]
0x1878S0x37eS0xdc	[0xe0, [0x3ae, [0x1878, nil]]]
0x187bS0x37eS0xdc	[0xe0, [0x3ae, [0x187b, nil]]]
0x1880S0x37eS0xdc	[0xe0, [0x3ae, [0x1880, nil]]]
0x1881S0x37eS0xdc	[0xe0, [0x3ae, [0x1881, nil]]]
0x1884S0x37eS0xdc	[0xe0, [0x3ae, [0x1884, nil]]]
0x1887S0x37eS0xdc	[0xe0, [0x3ae, [0x1887, nil]]]
0x1822S0x187fS0x37eS0xdc	[0xe0, [0x3ae, [0x188a, [0x1822, nil]]]]
0x1826S0x187fS0x37eS0xdc	[0xe0, [0x3ae, [0x188a, [0x1826, nil]]]]
0x1829S0x187fS0x37eS0xdc	[0xe0, [0x3ae, [0x188a, [0x1829, nil]]]]
0x190aS0x3d6S0xdc	[0xe0, [0x406, [0x190a, nil]]]
0x190bS0x3d6S0xdc	[0xe0, [0x406, [0x190b, nil]]]
0x190eS0x3d6S0xdc	[0xe0, [0x406, [0x190e, nil]]]
0x1913S0x3d6S0xdc	[0xe0, [0x406, [0x1913, nil]]]
0x1914S0x3d6S0xdc	[0xe0, [0x406, [0x1914, nil]]]
0x1916S0x3d6S0xdc	[0xe0, [0x406, [0x1916, nil]]]
0x1918S0x3d6S0xdc	[0xe0, [0x406, [0x1918, nil]]]
0x191cS0x3d6S0xdc	[0xe0, [0x406, [0x191c, nil]]]
0x18f6S0x3d6S0xdc	[0xe0, [0x406, [0x18f6, nil]]]
0x18faS0x3d6S0xdc	[0xe0, [0x406, [0x18fa, nil]]]
0x18ffS0x3d6S0xdc	[0xe0, [0x406, [0x18ff, nil]]]
0x1902S0x3d6S0xdc	[0xe0, [0x406, [0x1902, nil]]]
0x18c0S0x3d6S0xdc	[0xe0, [0x406, [0x18c0, nil]]]
0x18e1S0x3d6S0xdc	[0xe0, [0x406, [0x18e1, nil]]]
0x18e3S0x3d6S0xdc	[0xe0, [0x406, [0x18e3, nil]]]
0x18e8S0x3d6S0xdc	[0xe0, [0x406, [0x18e8, nil]]]
0x18e9S0x3d6S0xdc	[0xe0, [0x406, [0x18e9, nil]]]
0x18ecS0x3d6S0xdc	[0xe0, [0x406, [0x18ec, nil]]]
0x18efS0x3d6S0xdc	[0xe0, [0x406, [0x18ef, nil]]]
0x1822S0x18e7S0x3d6S0xdc	[0xe0, [0x406, [0x18f2, [0x1822, nil]]]]
0x1826S0x18e7S0x3d6S0xdc	[0xe0, [0x406, [0x18f2, [0x1826, nil]]]]
0x1829S0x18e7S0x3d6S0xdc	[0xe0, [0x406, [0x18f2, [0x1829, nil]]]]
0x1972S0x41bS0xdc	[0xe0, [0x44b, [0x1972, nil]]]
0x1973S0x41bS0xdc	[0xe0, [0x44b, [0x1973, nil]]]
0x1976S0x41bS0xdc	[0xe0, [0x44b, [0x1976, nil]]]
0x197bS0x41bS0xdc	[0xe0, [0x44b, [0x197b, nil]]]
0x197cS0x41bS0xdc	[0xe0, [0x44b, [0x197c, nil]]]
0x197eS0x41bS0xdc	[0xe0, [0x44b, [0x197e, nil]]]
0x1980S0x41bS0xdc	[0xe0, [0x44b, [0x1980, nil]]]
0x1984S0x41bS0xdc	[0xe0, [0x44b, [0x1984, nil]]]
0x195eS0x41bS0xdc	[0xe0, [0x44b, [0x195e, nil]]]
0x1962S0x41bS0xdc	[0xe0, [0x44b, [0x1962, nil]]]
0x1967S0x41bS0xdc	[0xe0, [0x44b, [0x1967, nil]]]
0x196aS0x41bS0xdc	[0xe0, [0x44b, [0x196a, nil]]]
0x1928S0x41bS0xdc	[0xe0, [0x44b, [0x1928, nil]]]
0x1949S0x41bS0xdc	[0xe0, [0x44b, [0x1949, nil]]]
0x194bS0x41bS0xdc	[0xe0, [0x44b, [0x194b, nil]]]
0x1950S0x41bS0xdc	[0xe0, [0x44b, [0x1950, nil]]]
0x1951S0x41bS0xdc	[0xe0, [0x44b, [0x1951, nil]]]
0x1954S0x41bS0xdc	[0xe0, [0x44b, [0x1954, nil]]]
0x1957S0x41bS0xdc	[0xe0, [0x44b, [0x1957, nil]]]
0x1822S0x194fS0x41bS0xdc	[0xe0, [0x44b, [0x195a, [0x1822, nil]]]]
0x1826S0x194fS0x41bS0xdc	[0xe0, [0x44b, [0x195a, [0x1826, nil]]]]
0x1829S0x194fS0x41bS0xdc	[0xe0, [0x44b, [0x195a, [0x1829, nil]]]]
0x19daS0x462S0xdc	[0xe0, [0x492, [0x19da, nil]]]
0x19dbS0x462S0xdc	[0xe0, [0x492, [0x19db, nil]]]
0x19deS0x462S0xdc	[0xe0, [0x492, [0x19de, nil]]]
0x19e3S0x462S0xdc	[0xe0, [0x492, [0x19e3, nil]]]
0x19e4S0x462S0xdc	[0xe0, [0x492, [0x19e4, nil]]]
0x19e6S0x462S0xdc	[0xe0, [0x492, [0x19e6, nil]]]
0x19e8S0x462S0xdc	[0xe0, [0x492, [0x19e8, nil]]]
0x19ecS0x462S0xdc	[0xe0, [0x492, [0x19ec, nil]]]
0x19c6S0x462S0xdc	[0xe0, [0x492, [0x19c6, nil]]]
0x19caS0x462S0xdc	[0xe0, [0x492, [0x19ca, nil]]]
0x19cfS0x462S0xdc	[0xe0, [0x492, [0x19cf, nil]]]
0x19d2S0x462S0xdc	[0xe0, [0x492, [0x19d2, nil]]]
0x1990S0x462S0xdc	[0xe0, [0x492, [0x1990, nil]]]
0x19b1S0x462S0xdc	[0xe0, [0x492, [0x19b1, nil]]]
0x19b3S0x462S0xdc	[0xe0, [0x492, [0x19b3, nil]]]
0x19b8S0x462S0xdc	[0xe0, [0x492, [0x19b8, nil]]]
0x19b9S0x462S0xdc	[0xe0, [0x492, [0x19b9, nil]]]
0x19bcS0x462S0xdc	[0xe0, [0x492, [0x19bc, nil]]]
0x19bfS0x462S0xdc	[0xe0, [0x492, [0x19bf, nil]]]
0x1822S0x19b7S0x462S0xdc	[0xe0, [0x492, [0x19c2, [0x1822, nil]]]]
0x1826S0x19b7S0x462S0xdc	[0xe0, [0x492, [0x19c2, [0x1826, nil]]]]
0x1829S0x19b7S0x462S0xdc	[0xe0, [0x492, [0x19c2, [0x1829, nil]]]]
0x1a6fS0x507S0xdc	[0xe0, [0x537, [0x1a6f, nil]]]
0x1a70S0x507S0xdc	[0xe0, [0x537, [0x1a70, nil]]]
0x1a73S0x507S0xdc	[0xe0, [0x537, [0x1a73, nil]]]
0x1a78S0x507S0xdc	[0xe0, [0x537, [0x1a78, nil]]]
0x1a79S0x507S0xdc	[0xe0, [0x537, [0x1a79, nil]]]
0x1a7bS0x507S0xdc	[0xe0, [0x537, [0x1a7b, nil]]]
0x1a7dS0x507S0xdc	[0xe0, [0x537, [0x1a7d, nil]]]
0x1a81S0x507S0xdc	[0xe0, [0x537, [0x1a81, nil]]]
0x1a5bS0x507S0xdc	[0xe0, [0x537, [0x1a5b, nil]]]
0x1a5fS0x507S0xdc	[0xe0, [0x537, [0x1a5f, nil]]]
0x1a64S0x507S0xdc	[0xe0, [0x537, [0x1a64, nil]]]
0x1a67S0x507S0xdc	[0xe0, [0x537, [0x1a67, nil]]]
0x1a25S0x507S0xdc	[0xe0, [0x537, [0x1a25, nil]]]
0x1a46S0x507S0xdc	[0xe0, [0x537, [0x1a46, nil]]]
0x1a48S0x507S0xdc	[0xe0, [0x537, [0x1a48, nil]]]
0x1a4dS0x507S0xdc	[0xe0, [0x537, [0x1a4d, nil]]]
0x1a4eS0x507S0xdc	[0xe0, [0x537, [0x1a4e, nil]]]
0x1a51S0x507S0xdc	[0xe0, [0x537, [0x1a51, nil]]]
0x1a54S0x507S0xdc	[0xe0, [0x537, [0x1a54, nil]]]
0x1822S0x1a4cS0x507S0xdc	[0xe0, [0x537, [0x1a57, [0x1822, nil]]]]
0x1826S0x1a4cS0x507S0xdc	[0xe0, [0x537, [0x1a57, [0x1826, nil]]]]
0x1829S0x1a4cS0x507S0xdc	[0xe0, [0x537, [0x1a57, [0x1829, nil]]]]
0x1ad7S0x59cS0xdc	[0xe0, [0x5cc, [0x1ad7, nil]]]
0x1ad8S0x59cS0xdc	[0xe0, [0x5cc, [0x1ad8, nil]]]
0x1adbS0x59cS0xdc	[0xe0, [0x5cc, [0x1adb, nil]]]
0x1ae0S0x59cS0xdc	[0xe0, [0x5cc, [0x1ae0, nil]]]
0x1ae1S0x59cS0xdc	[0xe0, [0x5cc, [0x1ae1, nil]]]
0x1ae3S0x59cS0xdc	[0xe0, [0x5cc, [0x1ae3, nil]]]
0x1ae5S0x59cS0xdc	[0xe0, [0x5cc, [0x1ae5, nil]]]
0x1ae9S0x59cS0xdc	[0xe0, [0x5cc, [0x1ae9, nil]]]
0x1ac3S0x59cS0xdc	[0xe0, [0x5cc, [0x1ac3, nil]]]
0x1ac7S0x59cS0xdc	[0xe0, [0x5cc, [0x1ac7, nil]]]
0x1accS0x59cS0xdc	[0xe0, [0x5cc, [0x1acc, nil]]]
0x1acfS0x59cS0xdc	[0xe0, [0x5cc, [0x1acf, nil]]]
0x1a8dS0x59cS0xdc	[0xe0, [0x5cc, [0x1a8d, nil]]]
0x1aaeS0x59cS0xdc	[0xe0, [0x5cc, [0x1aae, nil]]]
0x1ab0S0x59cS0xdc	[0xe0, [0x5cc, [0x1ab0, nil]]]
0x1ab5S0x59cS0xdc	[0xe0, [0x5cc, [0x1ab5, nil]]]
0x1ab6S0x59cS0xdc	[0xe0, [0x5cc, [0x1ab6, nil]]]
0x1ab9S0x59cS0xdc	[0xe0, [0x5cc, [0x1ab9, nil]]]
0x1abcS0x59cS0xdc	[0xe0, [0x5cc, [0x1abc, nil]]]
0x1822S0x1ab4S0x59cS0xdc	[0xe0, [0x5cc, [0x1abf, [0x1822, nil]]]]
0x1826S0x1ab4S0x59cS0xdc	[0xe0, [0x5cc, [0x1abf, [0x1826, nil]]]]
0x1829S0x1ab4S0x59cS0xdc	[0xe0, [0x5cc, [0x1abf, [0x1829, nil]]]]
0x11f2S0x3b8S0xdc	[0xe0, [0x3bf, [0x11f2, nil]]]
0x11f4S0x3b8S0xdc	[0xe0, [0x3bf, [0x11f4, nil]]]
0x11f5S0x3b8S0xdc	[0xe0, [0x3bf, [0x11f5, nil]]]
0x1218S0x3b8S0xdc	[0xe0, [0x3bf, [0x1218, nil]]]
0x121aS0x3b8S0xdc	[0xe0, [0x3bf, [0x121a, nil]]]
0x121bS0x3b8S0xdc	[0xe0, [0x3bf, [0x121b, nil]]]
0x121dS0x3b8S0xdc	[0xe0, [0x3bf, [0x121d, nil]]]
0x1220S0x3b8S0xdc	[0xe0, [0x3bf, [0x1220, nil]]]
0x11e5S0x3b8S0xdc	[0xe0, [0x3bf, [0x11e5, nil]]]
0x11e8S0x3b8S0xdc	[0xe0, [0x3bf, [0x11e8, nil]]]
0x11edS0x3b8S0xdc	[0xe0, [0x3bf, [0x11ed, nil]]]
0x11eeS0x3b8S0xdc	[0xe0, [0x3bf, [0x11ee, nil]]]
0x1f0S0x11e4S0x3b8S0xdc	[0xe0, [0x3bf, [0x11eb, [0x1f0, nil]]]]
0x1f1S0x11e4S0x3b8S0xdc	[0xe0, [0x3bf, [0x11eb, [0x1f1, nil]]]]
0x1f3S0x11e4S0x3b8S0xdc	[0xe0, [0x3bf, [0x11eb, [0x1f3, nil]]]]
0x1f5S0x11e4S0x3b8S0xdc	[0xe0, [0x3bf, [0x11eb, [0x1f5, nil]]]]
0x1f7S0x11e4S0x3b8S0xdc	[0xe0, [0x3bf, [0x11eb, [0x1f7, nil]]]]
0x1faS0x11e4S0x3b8S0xdc	[0xe0, [0x3bf, [0x11eb, [0x1fa, nil]]]]
0x1fcS0x11e4S0x3b8S0xdc	[0xe0, [0x3bf, [0x11eb, [0x1fc, nil]]]]
0x1fdS0x11e4S0x3b8S0xdc	[0xe0, [0x3bf, [0x11eb, [0x1fd, nil]]]]
0x1ffS0x11e4S0x3b8S0xdc	[0xe0, [0x3bf, [0x11eb, [0x1ff, nil]]]]
0x1b95S0x63aS0xdc	[0xe0, [0x647, [0x1b95, nil]]]
0x1b96S0x63aS0xdc	[0xe0, [0x647, [0x1b96, nil]]]
0x1b9cS0x63aS0xdc	[0xe0, [0x647, [0x1b9c, nil]]]
0x1b7eS0x63aS0xdc	[0xe0, [0x647, [0x1b7e, nil]]]
0x1b84S0x63aS0xdc	[0xe0, [0x647, [0x1b84, nil]]]
0x1b8bS0x63aS0xdc	[0xe0, [0x647, [0x1b8b, nil]]]
0x1b71S0x63aS0xdc	[0xe0, [0x647, [0x1b71, nil]]]
0x1b72S0x63aS0xdc	[0xe0, [0x647, [0x1b72, nil]]]
0x1b77S0x63aS0xdc	[0xe0, [0x647, [0x1b77, nil]]]
0x1b67S0x1b7bS0x63aS0xdc	[0xe0, [0x647, [0x1b87, [0x1b67, nil]]]]
0x1b6aS0x1b7bS0x63aS0xdc	[0xe0, [0x647, [0x1b87, [0x1b6a, nil]]]]
0x17a2S0x1b70S0x63aS0xdc	[0xe0, [0x647, [0x1b7a, [0x17a2, nil]]]]
0x1bf9S0x6f8S0xdc	[0xe0, [0x708, [0x1bf9, nil]]]
0x1bfaS0x6f8S0xdc	[0xe0, [0x708, [0x1bfa, nil]]]
0x1bfdS0x6f8S0xdc	[0xe0, [0x708, [0x1bfd, nil]]]
0x1c00S0x6f8S0xdc	[0xe0, [0x708, [0x1c00, nil]]]
0x1c03S0x6f8S0xdc	[0xe0, [0x708, [0x1c03, nil]]]
0x1c05S0x6f8S0xdc	[0xe0, [0x708, [0x1c05, nil]]]
0x1c07S0x6f8S0xdc	[0xe0, [0x708, [0x1c07, nil]]]
0x1bdaS0x6f8S0xdc	[0xe0, [0x708, [0x1bda, nil]]]
0x1be0S0x6f8S0xdc	[0xe0, [0x708, [0x1be0, nil]]]
0x1badS0x6f8S0xdc	[0xe0, [0x708, [0x1bad, nil]]]
0x1bb1S0x6f8S0xdc	[0xe0, [0x708, [0x1bb1, nil]]]
0x1bb4S0x6f8S0xdc	[0xe0, [0x708, [0x1bb4, nil]]]
0x1be5S0x6f8S0xdc	[0xe0, [0x708, [0x1be5, nil]]]
0x1be9S0x6f8S0xdc	[0xe0, [0x708, [0x1be9, nil]]]
0x1befS0x6f8S0xdc	[0xe0, [0x708, [0x1bef, nil]]]
0x1bbdS0x6f8S0xdc	[0xe0, [0x708, [0x1bbd, nil]]]
0x1bbeS0x6f8S0xdc	[0xe0, [0x708, [0x1bbe, nil]]]
0x1bc0S0x6f8S0xdc	[0xe0, [0x708, [0x1bc0, nil]]]
0x1bc1S0x6f8S0xdc	[0xe0, [0x708, [0x1bc1, nil]]]
0x1bc4S0x6f8S0xdc	[0xe0, [0x708, [0x1bc4, nil]]]
0x1bc5S0x6f8S0xdc	[0xe0, [0x708, [0x1bc5, nil]]]
0x1c0eS0x6f8S0xdc	[0xe0, [0x708, [0x1c0e, nil]]]
0x1c0fS0x6f8S0xdc	[0xe0, [0x708, [0x1c0f, nil]]]
0x1c12S0x6f8S0xdc	[0xe0, [0x708, [0x1c12, nil]]]
0x1c14S0x6f8S0xdc	[0xe0, [0x708, [0x1c14, nil]]]
0x1c1aS0x6f8S0xdc	[0xe0, [0x708, [0x1c1a, nil]]]
0x1c21S0x6f8S0xdc	[0xe0, [0x708, [0x1c21, nil]]]
0x1c24S0x6f8S0xdc	[0xe0, [0x708, [0x1c24, nil]]]
0x1c27S0x6f8S0xdc	[0xe0, [0x708, [0x1c27, nil]]]
0x1c29S0x6f8S0xdc	[0xe0, [0x708, [0x1c29, nil]]]
0x1bcdS0x6f8S0xdc	[0xe0, [0x708, [0x1bcd, nil]]]
0x1bceS0x6f8S0xdc	[0xe0, [0x708, [0x1bce, nil]]]
0x1bd3S0x6f8S0xdc	[0xe0, [0x708, [0x1bd3, nil]]]
0x1b67S0x1bd7S0x6f8S0xdc	[0xe0, [0x708, [0x1be3, [0x1b67, nil]]]]
0x1b6aS0x1bd7S0x6f8S0xdc	[0xe0, [0x708, [0x1be3, [0x1b6a, nil]]]]
0x16bdS0x1c1eS0x6f8S0xdc	[0xe0, [0x708, [0x1c2c, [0x16bd, nil]]]]
0x16bfS0x1c1eS0x6f8S0xdc	[0xe0, [0x708, [0x1c2c, [0x16bf, nil]]]]
0x16c0S0x1c1eS0x6f8S0xdc	[0xe0, [0x708, [0x1c2c, [0x16c0, nil]]]]
0x16c8S0x1c1eS0x6f8S0xdc	[0xe0, [0x708, [0x1c2c, [0x16c8, nil]]]]
0x16ccS0x1c1eS0x6f8S0xdc	[0xe0, [0x708, [0x1c2c, [0x16cc, nil]]]]
0x1602S0x1bf8S0x6f8S0xdc	[0xe0, [0x708, [0x1c0a, [0x1602, nil]]]]
0x1606S0x1bf8S0x6f8S0xdc	[0xe0, [0x708, [0x1c0a, [0x1606, nil]]]]
0x15d2S0x1601S0x1bf8S0x6f8S0xdc	[0xe0, [0x708, [0x1c0a, [0x1609, [0x15d2, nil]]]]]
0x15d3S0x1601S0x1bf8S0x6f8S0xdc	[0xe0, [0x708, [0x1c0a, [0x1609, [0x15d3, nil]]]]]
0x15e9S0x1601S0x1bf8S0x6f8S0xdc	[0xe0, [0x708, [0x1c0a, [0x1609, [0x15e9, nil]]]]]
0x15f1S0x1601S0x1bf8S0x6f8S0xdc	[0xe0, [0x708, [0x1c0a, [0x1609, [0x15f1, nil]]]]]
0x15f2S0x1601S0x1bf8S0x6f8S0xdc	[0xe0, [0x708, [0x1c0a, [0x1609, [0x15f2, nil]]]]]
0x15f6S0x1601S0x1bf8S0x6f8S0xdc	[0xe0, [0x708, [0x1c0a, [0x1609, [0x15f6, nil]]]]]
0x169eS0x4d6S0xdc	[0xe0, [0x4ea, [0x169e, nil]]]
0x16a1S0x4d6S0xdc	[0xe0, [0x4ea, [0x16a1, nil]]]
0x1692S0x4d6S0xdc	[0xe0, [0x4ea, [0x1692, nil]]]
0x1693S0x4d6S0xdc	[0xe0, [0x4ea, [0x1693, nil]]]
0x1697S0x4d6S0xdc	[0xe0, [0x4ea, [0x1697, nil]]]
0x1698S0x4d6S0xdc	[0xe0, [0x4ea, [0x1698, nil]]]
0x1699S0x4d6S0xdc	[0xe0, [0x4ea, [0x1699, nil]]]
0x169aS0x4d6S0xdc	[0xe0, [0x4ea, [0x169a, nil]]]
0x16a7S0x4d6S0xdc	[0xe0, [0x4ea, [0x16a7, nil]]]
0x16a8S0x4d6S0xdc	[0xe0, [0x4ea, [0x16a8, nil]]]
0x16aeS0x4d6S0xdc	[0xe0, [0x4ea, [0x16ae, nil]]]
0x16afS0x4d6S0xdc	[0xe0, [0x4ea, [0x16af, nil]]]
0x3fefS0x4d6S0xdc	[0xe0, [0x4ea, [0x1496, nil]]]
0x3ff0S0x4d6S0xdc	[0xe0, [0x4ea, [0x1497, nil]]]
0x1640S0x16a6S0x4d6S0xdc	[0xe0, [0x4ea, [0x16b2, [0x1640, nil]]]]
0x1642S0x16a6S0x4d6S0xdc	[0xe0, [0x4ea, [0x16b2, [0x1642, nil]]]]
0x1645S0x16a6S0x4d6S0xdc	[0xe0, [0x4ea, [0x16b2, [0x1645, nil]]]]
0x1649S0x16a6S0x4d6S0xdc	[0xe0, [0x4ea, [0x16b2, [0x1649, nil]]]]
0x1639S0x163fS0x16a6S0x4d6S0xdc	[0xe0, [0x4ea, [0x16b2, [0x164c, [0x1639, nil]]]]]
0x163aS0x163fS0x16a6S0x4d6S0xdc	[0xe0, [0x4ea, [0x16b2, [0x164c, [0x163a, nil]]]]]
0x1634S0x163fS0x16a6S0x4d6S0xdc	[0xe0, [0x4ea, [0x16b2, [0x164c, [0x1634, nil]]]]]
0x1635S0x163fS0x16a6S0x4d6S0xdc	[0xe0, [0x4ea, [0x16b2, [0x164c, [0x1635, nil]]]]]
0x162aS0x163fS0x16a6S0x4d6S0xdc	[0xe0, [0x4ea, [0x16b2, [0x164c, [0x162a, nil]]]]]
0x162eS0x163fS0x16a6S0x4d6S0xdc	[0xe0, [0x4ea, [0x16b2, [0x164c, [0x162e, nil]]]]]
0x15d2S0x1629S0x163fS0x16a6S0x4d6S0xdc	[0xe0, [0x4ea, [0x16b2, [0x164c, [0x1631, [0x15d2, nil]]]]]]
0x15d3S0x1629S0x163fS0x16a6S0x4d6S0xdc	[0xe0, [0x4ea, [0x16b2, [0x164c, [0x1631, [0x15d3, nil]]]]]]
0x15e9S0x1629S0x163fS0x16a6S0x4d6S0xdc	[0xe0, [0x4ea, [0x16b2, [0x164c, [0x1631, [0x15e9, nil]]]]]]
0x15f1S0x1629S0x163fS0x16a6S0x4d6S0xdc	[0xe0, [0x4ea, [0x16b2, [0x164c, [0x1631, [0x15f1, nil]]]]]]
0x15f2S0x1629S0x163fS0x16a6S0x4d6S0xdc	[0xe0, [0x4ea, [0x16b2, [0x164c, [0x1631, [0x15f2, nil]]]]]]
0x15f6S0x1629S0x163fS0x16a6S0x4d6S0xdc	[0xe0, [0x4ea, [0x16b2, [0x164c, [0x1631, [0x15f6, nil]]]]]]
0x169eS0x56bS0xdc	[0xe0, [0x57f, [0x169e, nil]]]
0x16a1S0x56bS0xdc	[0xe0, [0x57f, [0x16a1, nil]]]
0x1692S0x56bS0xdc	[0xe0, [0x57f, [0x1692, nil]]]
0x1693S0x56bS0xdc	[0xe0, [0x57f, [0x1693, nil]]]
0x1697S0x56bS0xdc	[0xe0, [0x57f, [0x1697, nil]]]
0x1698S0x56bS0xdc	[0xe0, [0x57f, [0x1698, nil]]]
0x1699S0x56bS0xdc	[0xe0, [0x57f, [0x1699, nil]]]
0x169aS0x56bS0xdc	[0xe0, [0x57f, [0x169a, nil]]]
0x16a7S0x56bS0xdc	[0xe0, [0x57f, [0x16a7, nil]]]
0x16a8S0x56bS0xdc	[0xe0, [0x57f, [0x16a8, nil]]]
0x16aeS0x56bS0xdc	[0xe0, [0x57f, [0x16ae, nil]]]
0x16afS0x56bS0xdc	[0xe0, [0x57f, [0x16af, nil]]]
0x3fefS0x56bS0xdc	[0xe0, [0x57f, [0x1496, nil]]]
0x3ff0S0x56bS0xdc	[0xe0, [0x57f, [0x1497, nil]]]
0x1640S0x16a6S0x56bS0xdc	[0xe0, [0x57f, [0x16b2, [0x1640, nil]]]]
0x1642S0x16a6S0x56bS0xdc	[0xe0, [0x57f, [0x16b2, [0x1642, nil]]]]
0x1645S0x16a6S0x56bS0xdc	[0xe0, [0x57f, [0x16b2, [0x1645, nil]]]]
0x1649S0x16a6S0x56bS0xdc	[0xe0, [0x57f, [0x16b2, [0x1649, nil]]]]
0x1639S0x163fS0x16a6S0x56bS0xdc	[0xe0, [0x57f, [0x16b2, [0x164c, [0x1639, nil]]]]]
0x163aS0x163fS0x16a6S0x56bS0xdc	[0xe0, [0x57f, [0x16b2, [0x164c, [0x163a, nil]]]]]
0x1634S0x163fS0x16a6S0x56bS0xdc	[0xe0, [0x57f, [0x16b2, [0x164c, [0x1634, nil]]]]]
0x1635S0x163fS0x16a6S0x56bS0xdc	[0xe0, [0x57f, [0x16b2, [0x164c, [0x1635, nil]]]]]
0x162aS0x163fS0x16a6S0x56bS0xdc	[0xe0, [0x57f, [0x16b2, [0x164c, [0x162a, nil]]]]]
0x162eS0x163fS0x16a6S0x56bS0xdc	[0xe0, [0x57f, [0x16b2, [0x164c, [0x162e, nil]]]]]
0x15d2S0x1629S0x163fS0x16a6S0x56bS0xdc	[0xe0, [0x57f, [0x16b2, [0x164c, [0x1631, [0x15d2, nil]]]]]]
0x15d3S0x1629S0x163fS0x16a6S0x56bS0xdc	[0xe0, [0x57f, [0x16b2, [0x164c, [0x1631, [0x15d3, nil]]]]]]
0x15e9S0x1629S0x163fS0x16a6S0x56bS0xdc	[0xe0, [0x57f, [0x16b2, [0x164c, [0x1631, [0x15e9, nil]]]]]]
0x15f1S0x1629S0x163fS0x16a6S0x56bS0xdc	[0xe0, [0x57f, [0x16b2, [0x164c, [0x1631, [0x15f1, nil]]]]]]
0x15f2S0x1629S0x163fS0x16a6S0x56bS0xdc	[0xe0, [0x57f, [0x16b2, [0x164c, [0x1631, [0x15f2, nil]]]]]]
0x15f6S0x1629S0x163fS0x16a6S0x56bS0xdc	[0xe0, [0x57f, [0x16b2, [0x164c, [0x1631, [0x15f6, nil]]]]]]
0x169eS0x5eaS0xdc	[0xe0, [0x5fe, [0x169e, nil]]]
0x16a1S0x5eaS0xdc	[0xe0, [0x5fe, [0x16a1, nil]]]
0x1692S0x5eaS0xdc	[0xe0, [0x5fe, [0x1692, nil]]]
0x1693S0x5eaS0xdc	[0xe0, [0x5fe, [0x1693, nil]]]
0x1697S0x5eaS0xdc	[0xe0, [0x5fe, [0x1697, nil]]]
0x1698S0x5eaS0xdc	[0xe0, [0x5fe, [0x1698, nil]]]
0x1699S0x5eaS0xdc	[0xe0, [0x5fe, [0x1699, nil]]]
0x169aS0x5eaS0xdc	[0xe0, [0x5fe, [0x169a, nil]]]
0x16a7S0x5eaS0xdc	[0xe0, [0x5fe, [0x16a7, nil]]]
0x16a8S0x5eaS0xdc	[0xe0, [0x5fe, [0x16a8, nil]]]
0x16aeS0x5eaS0xdc	[0xe0, [0x5fe, [0x16ae, nil]]]
0x16afS0x5eaS0xdc	[0xe0, [0x5fe, [0x16af, nil]]]
0x3fefS0x5eaS0xdc	[0xe0, [0x5fe, [0x1496, nil]]]
0x3ff0S0x5eaS0xdc	[0xe0, [0x5fe, [0x1497, nil]]]
0x1640S0x16a6S0x5eaS0xdc	[0xe0, [0x5fe, [0x16b2, [0x1640, nil]]]]
0x1642S0x16a6S0x5eaS0xdc	[0xe0, [0x5fe, [0x16b2, [0x1642, nil]]]]
0x1645S0x16a6S0x5eaS0xdc	[0xe0, [0x5fe, [0x16b2, [0x1645, nil]]]]
0x1649S0x16a6S0x5eaS0xdc	[0xe0, [0x5fe, [0x16b2, [0x1649, nil]]]]
0x1639S0x163fS0x16a6S0x5eaS0xdc	[0xe0, [0x5fe, [0x16b2, [0x164c, [0x1639, nil]]]]]
0x163aS0x163fS0x16a6S0x5eaS0xdc	[0xe0, [0x5fe, [0x16b2, [0x164c, [0x163a, nil]]]]]
0x1634S0x163fS0x16a6S0x5eaS0xdc	[0xe0, [0x5fe, [0x16b2, [0x164c, [0x1634, nil]]]]]
0x1635S0x163fS0x16a6S0x5eaS0xdc	[0xe0, [0x5fe, [0x16b2, [0x164c, [0x1635, nil]]]]]
0x162aS0x163fS0x16a6S0x5eaS0xdc	[0xe0, [0x5fe, [0x16b2, [0x164c, [0x162a, nil]]]]]
0x162eS0x163fS0x16a6S0x5eaS0xdc	[0xe0, [0x5fe, [0x16b2, [0x164c, [0x162e, nil]]]]]
0x15d2S0x1629S0x163fS0x16a6S0x5eaS0xdc	[0xe0, [0x5fe, [0x16b2, [0x164c, [0x1631, [0x15d2, nil]]]]]]
0x15d3S0x1629S0x163fS0x16a6S0x5eaS0xdc	[0xe0, [0x5fe, [0x16b2, [0x164c, [0x1631, [0x15d3, nil]]]]]]
0x15e9S0x1629S0x163fS0x16a6S0x5eaS0xdc	[0xe0, [0x5fe, [0x16b2, [0x164c, [0x1631, [0x15e9, nil]]]]]]
0x15f1S0x1629S0x163fS0x16a6S0x5eaS0xdc	[0xe0, [0x5fe, [0x16b2, [0x164c, [0x1631, [0x15f1, nil]]]]]]
0x15f2S0x1629S0x163fS0x16a6S0x5eaS0xdc	[0xe0, [0x5fe, [0x16b2, [0x164c, [0x1631, [0x15f2, nil]]]]]]
0x15f6S0x1629S0x163fS0x16a6S0x5eaS0xdc	[0xe0, [0x5fe, [0x16b2, [0x164c, [0x1631, [0x15f6, nil]]]]]]
0x169eS0x6beS0xdc	[0xe0, [0x6d2, [0x169e, nil]]]
0x16a1S0x6beS0xdc	[0xe0, [0x6d2, [0x16a1, nil]]]
0x1692S0x6beS0xdc	[0xe0, [0x6d2, [0x1692, nil]]]
0x1693S0x6beS0xdc	[0xe0, [0x6d2, [0x1693, nil]]]
0x1697S0x6beS0xdc	[0xe0, [0x6d2, [0x1697, nil]]]
0x1698S0x6beS0xdc	[0xe0, [0x6d2, [0x1698, nil]]]
0x1699S0x6beS0xdc	[0xe0, [0x6d2, [0x1699, nil]]]
0x169aS0x6beS0xdc	[0xe0, [0x6d2, [0x169a, nil]]]
0x16a7S0x6beS0xdc	[0xe0, [0x6d2, [0x16a7, nil]]]
0x16a8S0x6beS0xdc	[0xe0, [0x6d2, [0x16a8, nil]]]
0x16aeS0x6beS0xdc	[0xe0, [0x6d2, [0x16ae, nil]]]
0x16afS0x6beS0xdc	[0xe0, [0x6d2, [0x16af, nil]]]
0x3fefS0x6beS0xdc	[0xe0, [0x6d2, [0x1496, nil]]]
0x3ff0S0x6beS0xdc	[0xe0, [0x6d2, [0x1497, nil]]]
0x1640S0x16a6S0x6beS0xdc	[0xe0, [0x6d2, [0x16b2, [0x1640, nil]]]]
0x1642S0x16a6S0x6beS0xdc	[0xe0, [0x6d2, [0x16b2, [0x1642, nil]]]]
0x1645S0x16a6S0x6beS0xdc	[0xe0, [0x6d2, [0x16b2, [0x1645, nil]]]]
0x1649S0x16a6S0x6beS0xdc	[0xe0, [0x6d2, [0x16b2, [0x1649, nil]]]]
0x1639S0x163fS0x16a6S0x6beS0xdc	[0xe0, [0x6d2, [0x16b2, [0x164c, [0x1639, nil]]]]]
0x163aS0x163fS0x16a6S0x6beS0xdc	[0xe0, [0x6d2, [0x16b2, [0x164c, [0x163a, nil]]]]]
0x1634S0x163fS0x16a6S0x6beS0xdc	[0xe0, [0x6d2, [0x16b2, [0x164c, [0x1634, nil]]]]]
0x1635S0x163fS0x16a6S0x6beS0xdc	[0xe0, [0x6d2, [0x16b2, [0x164c, [0x1635, nil]]]]]
0x162aS0x163fS0x16a6S0x6beS0xdc	[0xe0, [0x6d2, [0x16b2, [0x164c, [0x162a, nil]]]]]
0x162eS0x163fS0x16a6S0x6beS0xdc	[0xe0, [0x6d2, [0x16b2, [0x164c, [0x162e, nil]]]]]
0x15d2S0x1629S0x163fS0x16a6S0x6beS0xdc	[0xe0, [0x6d2, [0x16b2, [0x164c, [0x1631, [0x15d2, nil]]]]]]
0x15d3S0x1629S0x163fS0x16a6S0x6beS0xdc	[0xe0, [0x6d2, [0x16b2, [0x164c, [0x1631, [0x15d3, nil]]]]]]
0x15e9S0x1629S0x163fS0x16a6S0x6beS0xdc	[0xe0, [0x6d2, [0x16b2, [0x164c, [0x1631, [0x15e9, nil]]]]]]
0x15f1S0x1629S0x163fS0x16a6S0x6beS0xdc	[0xe0, [0x6d2, [0x16b2, [0x164c, [0x1631, [0x15f1, nil]]]]]]
0x15f2S0x1629S0x163fS0x16a6S0x6beS0xdc	[0xe0, [0x6d2, [0x16b2, [0x164c, [0x1631, [0x15f2, nil]]]]]]
0x15f6S0x1629S0x163fS0x16a6S0x6beS0xdc	[0xe0, [0x6d2, [0x16b2, [0x164c, [0x1631, [0x15f6, nil]]]]]]
0x8ceS0x14e	[0x152, [0x8ce, nil]]
0x8d0S0x14e	[0x152, [0x8d0, nil]]
0x8d1S0x14e	[0x152, [0x8d1, nil]]
0x8f4S0x14e	[0x152, [0x8f4, nil]]
0x8f6S0x14e	[0x152, [0x8f6, nil]]
0x8f7S0x14e	[0x152, [0x8f7, nil]]
0x8fbS0x14e	[0x152, [0x8fb, nil]]
0x944S0x14e	[0x152, [0x944, nil]]
0x946S0x14e	[0x152, [0x946, nil]]
0x947S0x14e	[0x152, [0x947, nil]]
0x96aS0x14e	[0x152, [0x96a, nil]]
0x96cS0x14e	[0x152, [0x96c, nil]]
0x96dS0x14e	[0x152, [0x96d, nil]]
0x971S0x14e	[0x152, [0x971, nil]]
0x9b2S0x14e	[0x152, [0x9b2, nil]]
0x9b4S0x14e	[0x152, [0x9b4, nil]]
0x9b5S0x14e	[0x152, [0x9b5, nil]]
0x9d8S0x14e	[0x152, [0x9d8, nil]]
0x9daS0x14e	[0x152, [0x9da, nil]]
0x9dbS0x14e	[0x152, [0x9db, nil]]
0x9dfS0x14e	[0x152, [0x9df, nil]]
0xa3aS0x14e	[0x152, [0xa3a, nil]]
0xa3bS0x14e	[0x152, [0xa3b, nil]]
0xa3cS0x14e	[0x152, [0xa3c, nil]]
0xa3eS0x14e	[0x152, [0xa3e, nil]]
0xa3fS0x14e	[0x152, [0xa3f, nil]]
0xa70S0x14e	[0x152, [0xa70, nil]]
0xa76S0x14e	[0x152, [0xa76, nil]]
0xa8bS0x14e	[0x152, [0xa8b, nil]]
0xa8cS0x14e	[0x152, [0xa8c, nil]]
0xa93S0x14e	[0x152, [0xa93, nil]]
0xa98S0x14e	[0x152, [0xa98, nil]]
0x87bS0x14e	[0x152, [0x87b, nil]]
0x89cS0x14e	[0x152, [0x89c, nil]]
0x8b1S0x14e	[0x152, [0x8b1, nil]]
0x8b2S0x14e	[0x152, [0x8b2, nil]]
0x8b3S0x14e	[0x152, [0x8b3, nil]]
0x8c8S0x14e	[0x152, [0x8c8, nil]]
0x8c9S0x14e	[0x152, [0x8c9, nil]]
0x8caS0x14e	[0x152, [0x8ca, nil]]
0x909S0x14e	[0x152, [0x909, nil]]
0x90cS0x14e	[0x152, [0x90c, nil]]
0x900S0x14e	[0x152, [0x900, nil]]
0x902S0x14e	[0x152, [0x902, nil]]
0x905S0x14e	[0x152, [0x905, nil]]
0x911S0x14e	[0x152, [0x911, nil]]
0x912S0x14e	[0x152, [0x912, nil]]
0x927S0x14e	[0x152, [0x927, nil]]
0x929S0x14e	[0x152, [0x929, nil]]
0x93eS0x14e	[0x152, [0x93e, nil]]
0x93fS0x14e	[0x152, [0x93f, nil]]
0x940S0x14e	[0x152, [0x940, nil]]
0x97fS0x14e	[0x152, [0x97f, nil]]
0x980S0x14e	[0x152, [0x980, nil]]
0x995S0x14e	[0x152, [0x995, nil]]
0x997S0x14e	[0x152, [0x997, nil]]
0x9acS0x14e	[0x152, [0x9ac, nil]]
0x9adS0x14e	[0x152, [0x9ad, nil]]
0x9aeS0x14e	[0x152, [0x9ae, nil]]
0x976S0x14e	[0x152, [0x976, nil]]
0x978S0x14e	[0x152, [0x978, nil]]
0x97bS0x14e	[0x152, [0x97b, nil]]
0x9edS0x14e	[0x152, [0x9ed, nil]]
0x9efS0x14e	[0x152, [0x9ef, nil]]
0xa04S0x14e	[0x152, [0xa04, nil]]
0xa05S0x14e	[0x152, [0xa05, nil]]
0xa0aS0x14e	[0x152, [0xa0a, nil]]
0xa0bS0x14e	[0x152, [0xa0b, nil]]
0xa0dS0x14e	[0x152, [0xa0d, nil]]
0xa0fS0x14e	[0x152, [0xa0f, nil]]
0xa14S0x14e	[0x152, [0xa14, nil]]
0xa15S0x14e	[0x152, [0xa15, nil]]
0xa17S0x14e	[0x152, [0xa17, nil]]
0xa1aS0x14e	[0x152, [0xa1a, nil]]
0xa1cS0x14e	[0x152, [0xa1c, nil]]
0xa1dS0x14e	[0x152, [0xa1d, nil]]
0xa22S0x14e	[0x152, [0xa22, nil]]
0x9e4S0x14e	[0x152, [0x9e4, nil]]
0x9e6S0x14e	[0x152, [0x9e6, nil]]
0x9e9S0x14e	[0x152, [0x9e9, nil]]
0xa27S0x14e	[0x152, [0xa27, nil]]
0xa29S0x14e	[0x152, [0xa29, nil]]
0xa2bS0x14e	[0x152, [0xa2b, nil]]
0xa2eS0x14e	[0x152, [0xa2e, nil]]
0xa31S0x14e	[0x152, [0xa31, nil]]
0xa32S0x14e	[0x152, [0xa32, nil]]
0xa33S0x14e	[0x152, [0xa33, nil]]
0xa35S0x14e	[0x152, [0xa35, nil]]
0xa36S0x14e	[0x152, [0xa36, nil]]
0xa46S0x14e	[0x152, [0xa46, nil]]
0xa48S0x14e	[0x152, [0xa48, nil]]
0xa49S0x14e	[0x152, [0xa49, nil]]
0xa4aS0x14e	[0x152, [0xa4a, nil]]
0xa4cS0x14e	[0x152, [0xa4c, nil]]
0xa4dS0x14e	[0x152, [0xa4d, nil]]
0xa50S0x14e	[0x152, [0xa50, nil]]
0xa51S0x14e	[0x152, [0xa51, nil]]
0xa53S0x14e	[0x152, [0xa53, nil]]
0xa55S0x14e	[0x152, [0xa55, nil]]
0xa5aS0x14e	[0x152, [0xa5a, nil]]
0xa5cS0x14e	[0x152, [0xa5c, nil]]
0xa61S0x14e	[0x152, [0xa61, nil]]
0xa68S0x14e	[0x152, [0xa68, nil]]
0xa6aS0x14e	[0x152, [0xa6a, nil]]
0xa6bS0x14e	[0x152, [0xa6b, nil]]
0xa6cS0x14e	[0x152, [0xa6c, nil]]
0xa9bS0x14e	[0x152, [0xa9b, nil]]
0xabeS0x14e	[0x152, [0xabe, nil]]
0xac0S0x14e	[0x152, [0xac0, nil]]
0xac2S0x14e	[0x152, [0xac2, nil]]
0xac3S0x14e	[0x152, [0xac3, nil]]
0xacaS0x14e	[0x152, [0xaca, nil]]
0xacfS0x14e	[0x152, [0xacf, nil]]
0xad1S0x14e	[0x152, [0xad1, nil]]
0xad4S0x14e	[0x152, [0xad4, nil]]
0x18a2S0x8ceS0x14e	[0x152, [0x8fe, [0x18a2, nil]]]
0x18a3S0x8ceS0x14e	[0x152, [0x8fe, [0x18a3, nil]]]
0x18a6S0x8ceS0x14e	[0x152, [0x8fe, [0x18a6, nil]]]
0x18abS0x8ceS0x14e	[0x152, [0x8fe, [0x18ab, nil]]]
0x18acS0x8ceS0x14e	[0x152, [0x8fe, [0x18ac, nil]]]
0x18aeS0x8ceS0x14e	[0x152, [0x8fe, [0x18ae, nil]]]
0x18b0S0x8ceS0x14e	[0x152, [0x8fe, [0x18b0, nil]]]
0x18b4S0x8ceS0x14e	[0x152, [0x8fe, [0x18b4, nil]]]
0x188eS0x8ceS0x14e	[0x152, [0x8fe, [0x188e, nil]]]
0x1892S0x8ceS0x14e	[0x152, [0x8fe, [0x1892, nil]]]
0x1897S0x8ceS0x14e	[0x152, [0x8fe, [0x1897, nil]]]
0x189aS0x8ceS0x14e	[0x152, [0x8fe, [0x189a, nil]]]
0x1832S0x8ceS0x14e	[0x152, [0x8fe, [0x1832, nil]]]
0x1853S0x8ceS0x14e	[0x152, [0x8fe, [0x1853, nil]]]
0x1855S0x8ceS0x14e	[0x152, [0x8fe, [0x1855, nil]]]
0x1857S0x8ceS0x14e	[0x152, [0x8fe, [0x1857, nil]]]
0x1878S0x8ceS0x14e	[0x152, [0x8fe, [0x1878, nil]]]
0x187bS0x8ceS0x14e	[0x152, [0x8fe, [0x187b, nil]]]
0x1880S0x8ceS0x14e	[0x152, [0x8fe, [0x1880, nil]]]
0x1881S0x8ceS0x14e	[0x152, [0x8fe, [0x1881, nil]]]
0x1884S0x8ceS0x14e	[0x152, [0x8fe, [0x1884, nil]]]
0x1887S0x8ceS0x14e	[0x152, [0x8fe, [0x1887, nil]]]
0x1822S0x187fS0x8ceS0x14e	[0x152, [0x8fe, [0x188a, [0x1822, nil]]]]
0x1826S0x187fS0x8ceS0x14e	[0x152, [0x8fe, [0x188a, [0x1826, nil]]]]
0x1829S0x187fS0x8ceS0x14e	[0x152, [0x8fe, [0x188a, [0x1829, nil]]]]
0x1c81S0x944S0x14e	[0x152, [0x974, [0x1c81, nil]]]
0x1c82S0x944S0x14e	[0x152, [0x974, [0x1c82, nil]]]
0x1c85S0x944S0x14e	[0x152, [0x974, [0x1c85, nil]]]
0x1c8aS0x944S0x14e	[0x152, [0x974, [0x1c8a, nil]]]
0x1c8bS0x944S0x14e	[0x152, [0x974, [0x1c8b, nil]]]
0x1c8dS0x944S0x14e	[0x152, [0x974, [0x1c8d, nil]]]
0x1c8fS0x944S0x14e	[0x152, [0x974, [0x1c8f, nil]]]
0x1c93S0x944S0x14e	[0x152, [0x974, [0x1c93, nil]]]
0x1c6dS0x944S0x14e	[0x152, [0x974, [0x1c6d, nil]]]
0x1c71S0x944S0x14e	[0x152, [0x974, [0x1c71, nil]]]
0x1c76S0x944S0x14e	[0x152, [0x974, [0x1c76, nil]]]
0x1c79S0x944S0x14e	[0x152, [0x974, [0x1c79, nil]]]
0x1c37S0x944S0x14e	[0x152, [0x974, [0x1c37, nil]]]
0x1c58S0x944S0x14e	[0x152, [0x974, [0x1c58, nil]]]
0x1c5aS0x944S0x14e	[0x152, [0x974, [0x1c5a, nil]]]
0x1c5fS0x944S0x14e	[0x152, [0x974, [0x1c5f, nil]]]
0x1c60S0x944S0x14e	[0x152, [0x974, [0x1c60, nil]]]
0x1c63S0x944S0x14e	[0x152, [0x974, [0x1c63, nil]]]
0x1c66S0x944S0x14e	[0x152, [0x974, [0x1c66, nil]]]
0x1822S0x1c5eS0x944S0x14e	[0x152, [0x974, [0x1c69, [0x1822, nil]]]]
0x1826S0x1c5eS0x944S0x14e	[0x152, [0x974, [0x1c69, [0x1826, nil]]]]
0x1829S0x1c5eS0x944S0x14e	[0x152, [0x974, [0x1c69, [0x1829, nil]]]]
0x1ce9S0x9b2S0x14e	[0x152, [0x9e2, [0x1ce9, nil]]]
0x1ceaS0x9b2S0x14e	[0x152, [0x9e2, [0x1cea, nil]]]
0x1cedS0x9b2S0x14e	[0x152, [0x9e2, [0x1ced, nil]]]
0x1cf2S0x9b2S0x14e	[0x152, [0x9e2, [0x1cf2, nil]]]
0x1cf3S0x9b2S0x14e	[0x152, [0x9e2, [0x1cf3, nil]]]
0x1cf5S0x9b2S0x14e	[0x152, [0x9e2, [0x1cf5, nil]]]
0x1cf7S0x9b2S0x14e	[0x152, [0x9e2, [0x1cf7, nil]]]
0x1cfbS0x9b2S0x14e	[0x152, [0x9e2, [0x1cfb, nil]]]
0x1cd5S0x9b2S0x14e	[0x152, [0x9e2, [0x1cd5, nil]]]
0x1cd9S0x9b2S0x14e	[0x152, [0x9e2, [0x1cd9, nil]]]
0x1cdeS0x9b2S0x14e	[0x152, [0x9e2, [0x1cde, nil]]]
0x1ce1S0x9b2S0x14e	[0x152, [0x9e2, [0x1ce1, nil]]]
0x1c9fS0x9b2S0x14e	[0x152, [0x9e2, [0x1c9f, nil]]]
0x1cc0S0x9b2S0x14e	[0x152, [0x9e2, [0x1cc0, nil]]]
0x1cc2S0x9b2S0x14e	[0x152, [0x9e2, [0x1cc2, nil]]]
0x1cc7S0x9b2S0x14e	[0x152, [0x9e2, [0x1cc7, nil]]]
0x1cc8S0x9b2S0x14e	[0x152, [0x9e2, [0x1cc8, nil]]]
0x1ccbS0x9b2S0x14e	[0x152, [0x9e2, [0x1ccb, nil]]]
0x1cceS0x9b2S0x14e	[0x152, [0x9e2, [0x1cce, nil]]]
0x1822S0x1cc6S0x9b2S0x14e	[0x152, [0x9e2, [0x1cd1, [0x1822, nil]]]]
0x1826S0x1cc6S0x9b2S0x14e	[0x152, [0x9e2, [0x1cd1, [0x1826, nil]]]]
0x1829S0x1cc6S0x9b2S0x14e	[0x152, [0x9e2, [0x1cd1, [0x1829, nil]]]]
0x11f2S0x908S0x14e	[0x152, [0x90f, [0x11f2, nil]]]
0x11f4S0x908S0x14e	[0x152, [0x90f, [0x11f4, nil]]]
0x11f5S0x908S0x14e	[0x152, [0x90f, [0x11f5, nil]]]
0x1218S0x908S0x14e	[0x152, [0x90f, [0x1218, nil]]]
0x121aS0x908S0x14e	[0x152, [0x90f, [0x121a, nil]]]
0x121bS0x908S0x14e	[0x152, [0x90f, [0x121b, nil]]]
0x121dS0x908S0x14e	[0x152, [0x90f, [0x121d, nil]]]
0x1220S0x908S0x14e	[0x152, [0x90f, [0x1220, nil]]]
0x11e5S0x908S0x14e	[0x152, [0x90f, [0x11e5, nil]]]
0x11e8S0x908S0x14e	[0x152, [0x90f, [0x11e8, nil]]]
0x11edS0x908S0x14e	[0x152, [0x90f, [0x11ed, nil]]]
0x11eeS0x908S0x14e	[0x152, [0x90f, [0x11ee, nil]]]
0x1f0S0x11e4S0x908S0x14e	[0x152, [0x90f, [0x11eb, [0x1f0, nil]]]]
0x1f1S0x11e4S0x908S0x14e	[0x152, [0x90f, [0x11eb, [0x1f1, nil]]]]
0x1f3S0x11e4S0x908S0x14e	[0x152, [0x90f, [0x11eb, [0x1f3, nil]]]]
0x1f5S0x11e4S0x908S0x14e	[0x152, [0x90f, [0x11eb, [0x1f5, nil]]]]
0x1f7S0x11e4S0x908S0x14e	[0x152, [0x90f, [0x11eb, [0x1f7, nil]]]]
0x1faS0x11e4S0x908S0x14e	[0x152, [0x90f, [0x11eb, [0x1fa, nil]]]]
0x1fcS0x11e4S0x908S0x14e	[0x152, [0x90f, [0x11eb, [0x1fc, nil]]]]
0x1fdS0x11e4S0x908S0x14e	[0x152, [0x90f, [0x11eb, [0x1fd, nil]]]]
0x1ffS0x11e4S0x908S0x14e	[0x152, [0x90f, [0x11eb, [0x1ff, nil]]]]
0x1611S0x9ecS0x14e	[0x152, [0xa25, [0x1611, nil]]]
0x1612S0x9ecS0x14e	[0x152, [0xa25, [0x1612, nil]]]
0x1615S0x9ecS0x14e	[0x152, [0xa25, [0x1615, nil]]]
0x1618S0x9ecS0x14e	[0x152, [0xa25, [0x1618, nil]]]
0x161bS0x9ecS0x14e	[0x152, [0xa25, [0x161b, nil]]]
0x161dS0x9ecS0x14e	[0x152, [0xa25, [0x161d, nil]]]
0x161fS0x9ecS0x14e	[0x152, [0xa25, [0x161f, nil]]]
0x1602S0x1610S0x9ecS0x14e	[0x152, [0xa25, [0x1622, [0x1602, nil]]]]
0x1606S0x1610S0x9ecS0x14e	[0x152, [0xa25, [0x1622, [0x1606, nil]]]]
0x15d2S0x1601S0x1610S0x9ecS0x14e	[0x152, [0xa25, [0x1622, [0x1609, [0x15d2, nil]]]]]
0x15d3S0x1601S0x1610S0x9ecS0x14e	[0x152, [0xa25, [0x1622, [0x1609, [0x15d3, nil]]]]]
0x15e9S0x1601S0x1610S0x9ecS0x14e	[0x152, [0xa25, [0x1622, [0x1609, [0x15e9, nil]]]]]
0x15f1S0x1601S0x1610S0x9ecS0x14e	[0x152, [0xa25, [0x1622, [0x1609, [0x15f1, nil]]]]]
0x15f2S0x1601S0x1610S0x9ecS0x14e	[0x152, [0xa25, [0x1622, [0x1609, [0x15f2, nil]]]]]
0x15f6S0x1601S0x1610S0x9ecS0x14e	[0x152, [0xa25, [0x1622, [0x1609, [0x15f6, nil]]]]]
0x1d5cS0xa9aS0x14e	[0x152, [0xacd, [0x1d5c, nil]]]
0x1d5dS0xa9aS0x14e	[0x152, [0xacd, [0x1d5d, nil]]]
0x1d60S0xa9aS0x14e	[0x152, [0xacd, [0x1d60, nil]]]
0x1d63S0xa9aS0x14e	[0x152, [0xacd, [0x1d63, nil]]]
0x1d66S0xa9aS0x14e	[0x152, [0xacd, [0x1d66, nil]]]
0x1d68S0xa9aS0x14e	[0x152, [0xacd, [0x1d68, nil]]]
0x1d6aS0xa9aS0x14e	[0x152, [0xacd, [0x1d6a, nil]]]
0x1d6fS0xa9aS0x14e	[0x152, [0xacd, [0x1d6f, nil]]]
0x1d72S0xa9aS0x14e	[0x152, [0xacd, [0x1d72, nil]]]
0x1d75S0xa9aS0x14e	[0x152, [0xacd, [0x1d75, nil]]]
0x1d77S0xa9aS0x14e	[0x152, [0xacd, [0x1d77, nil]]]
0x1d7cS0xa9aS0x14e	[0x152, [0xacd, [0x1d7c, nil]]]
0x1d7fS0xa9aS0x14e	[0x152, [0xacd, [0x1d7f, nil]]]
0x1d82S0xa9aS0x14e	[0x152, [0xacd, [0x1d82, nil]]]
0x1d84S0xa9aS0x14e	[0x152, [0xacd, [0x1d84, nil]]]
0x16bdS0x1d7bS0xa9aS0x14e	[0x152, [0xacd, [0x1d87, [0x16bd, nil]]]]
0x16bfS0x1d7bS0xa9aS0x14e	[0x152, [0xacd, [0x1d87, [0x16bf, nil]]]]
0x16c0S0x1d7bS0xa9aS0x14e	[0x152, [0xacd, [0x1d87, [0x16c0, nil]]]]
0x16c8S0x1d7bS0xa9aS0x14e	[0x152, [0xacd, [0x1d87, [0x16c8, nil]]]]
0x16ccS0x1d7bS0xa9aS0x14e	[0x152, [0xacd, [0x1d87, [0x16cc, nil]]]]
0x1602S0x1d5bS0xa9aS0x14e	[0x152, [0xacd, [0x1d6d, [0x1602, nil]]]]
0x1606S0x1d5bS0xa9aS0x14e	[0x152, [0xacd, [0x1d6d, [0x1606, nil]]]]
0x15d2S0x1601S0x1d5bS0xa9aS0x14e	[0x152, [0xacd, [0x1d6d, [0x1609, [0x15d2, nil]]]]]
0x15d3S0x1601S0x1d5bS0xa9aS0x14e	[0x152, [0xacd, [0x1d6d, [0x1609, [0x15d3, nil]]]]]
0x15e9S0x1601S0x1d5bS0xa9aS0x14e	[0x152, [0xacd, [0x1d6d, [0x1609, [0x15e9, nil]]]]]
0x15f1S0x1601S0x1d5bS0xa9aS0x14e	[0x152, [0xacd, [0x1d6d, [0x1609, [0x15f1, nil]]]]]
0x15f2S0x1601S0x1d5bS0xa9aS0x14e	[0x152, [0xacd, [0x1d6d, [0x1609, [0x15f2, nil]]]]]
0x15f6S0x1601S0x1d5bS0xa9aS0x14e	[0x152, [0xacd, [0x1d6d, [0x1609, [0x15f6, nil]]]]]
0x17ecS0x1d6eS0xa9aS0x14e	[0x152, [0xacd, [0x1d7a, [0x17ec, nil]]]]
0x17f0S0x1d6eS0xa9aS0x14e	[0x152, [0xacd, [0x1d7a, [0x17f0, nil]]]]
0x17e3S0x17ebS0x1d6eS0xa9aS0x14e	[0x152, [0xacd, [0x1d7a, [0x17f3, [0x17e3, nil]]]]]
0x1d3dS0xa41S0x14e	[0x152, [0xa64, [0x1d3d, nil]]]
0x1d40S0xa41S0x14e	[0x152, [0xa64, [0x1d40, nil]]]
0x1d31S0xa41S0x14e	[0x152, [0xa64, [0x1d31, nil]]]
0x1d32S0xa41S0x14e	[0x152, [0xa64, [0x1d32, nil]]]
0x1d36S0xa41S0x14e	[0x152, [0xa64, [0x1d36, nil]]]
0x1d37S0xa41S0x14e	[0x152, [0xa64, [0x1d37, nil]]]
0x1d38S0xa41S0x14e	[0x152, [0xa64, [0x1d38, nil]]]
0x1d39S0xa41S0x14e	[0x152, [0xa64, [0x1d39, nil]]]
0x1d46S0xa41S0x14e	[0x152, [0xa64, [0x1d46, nil]]]
0x1d47S0xa41S0x14e	[0x152, [0xa64, [0x1d47, nil]]]
0x1d4dS0xa41S0x14e	[0x152, [0xa64, [0x1d4d, nil]]]
0x1d4eS0xa41S0x14e	[0x152, [0xa64, [0x1d4e, nil]]]
0x40c1S0xa41S0x14e	[0x152, [0xa64, [0x1496, nil]]]
0x40c2S0xa41S0x14e	[0x152, [0xa64, [0x1497, nil]]]
0x1d1dS0x1d45S0xa41S0x14e	[0x152, [0xa64, [0x1d51, [0x1d1d, nil]]]]
0x1d1fS0x1d45S0xa41S0x14e	[0x152, [0xa64, [0x1d51, [0x1d1f, nil]]]]
0x1d22S0x1d45S0xa41S0x14e	[0x152, [0xa64, [0x1d51, [0x1d22, nil]]]]
0x1d26S0x1d45S0xa41S0x14e	[0x152, [0xa64, [0x1d51, [0x1d26, nil]]]]
0x1d16S0x1d1cS0x1d45S0xa41S0x14e	[0x152, [0xa64, [0x1d51, [0x1d29, [0x1d16, nil]]]]]
0x1d17S0x1d1cS0x1d45S0xa41S0x14e	[0x152, [0xa64, [0x1d51, [0x1d29, [0x1d17, nil]]]]]
0x1d11S0x1d1cS0x1d45S0xa41S0x14e	[0x152, [0xa64, [0x1d51, [0x1d29, [0x1d11, nil]]]]]
0x1d12S0x1d1cS0x1d45S0xa41S0x14e	[0x152, [0xa64, [0x1d51, [0x1d29, [0x1d12, nil]]]]]
0x1d07S0x1d1cS0x1d45S0xa41S0x14e	[0x152, [0xa64, [0x1d51, [0x1d29, [0x1d07, nil]]]]]
0x1d0bS0x1d1cS0x1d45S0xa41S0x14e	[0x152, [0xa64, [0x1d51, [0x1d29, [0x1d0b, nil]]]]]
0x17e3S0x1d06S0x1d1cS0x1d45S0xa41S0x14e	[0x152, [0xa64, [0x1d51, [0x1d29, [0x1d0e, [0x17e3, nil]]]]]]
0xb30S0x176	[0x17a, [0xb30, nil]]
0xb32S0x176	[0x17a, [0xb32, nil]]
0xb33S0x176	[0x17a, [0xb33, nil]]
0xb56S0x176	[0x17a, [0xb56, nil]]
0xb58S0x176	[0x17a, [0xb58, nil]]
0xb59S0x176	[0x17a, [0xb59, nil]]
0xb5dS0x176	[0x17a, [0xb5d, nil]]
0xba6S0x176	[0x17a, [0xba6, nil]]
0xba8S0x176	[0x17a, [0xba8, nil]]
0xba9S0x176	[0x17a, [0xba9, nil]]
0xbccS0x176	[0x17a, [0xbcc, nil]]
0xbceS0x176	[0x17a, [0xbce, nil]]
0xbcfS0x176	[0x17a, [0xbcf, nil]]
0xbd3S0x176	[0x17a, [0xbd3, nil]]
0xc2eS0x176	[0x17a, [0xc2e, nil]]
0xc2fS0x176	[0x17a, [0xc2f, nil]]
0xc30S0x176	[0x17a, [0xc30, nil]]
0xc32S0x176	[0x17a, [0xc32, nil]]
0xc33S0x176	[0x17a, [0xc33, nil]]
0xc64S0x176	[0x17a, [0xc64, nil]]
0xc67S0x176	[0x17a, [0xc67, nil]]
0xc8aS0x176	[0x17a, [0xc8a, nil]]
0xc9fS0x176	[0x17a, [0xc9f, nil]]
0xca0S0x176	[0x17a, [0xca0, nil]]
0xca7S0x176	[0x17a, [0xca7, nil]]
0xcacS0x176	[0x17a, [0xcac, nil]]
0xaddS0x176	[0x17a, [0xadd, nil]]
0xafeS0x176	[0x17a, [0xafe, nil]]
0xb13S0x176	[0x17a, [0xb13, nil]]
0xb14S0x176	[0x17a, [0xb14, nil]]
0xb15S0x176	[0x17a, [0xb15, nil]]
0xb2aS0x176	[0x17a, [0xb2a, nil]]
0xb2bS0x176	[0x17a, [0xb2b, nil]]
0xb2cS0x176	[0x17a, [0xb2c, nil]]
0xb6bS0x176	[0x17a, [0xb6b, nil]]
0xb6eS0x176	[0x17a, [0xb6e, nil]]
0xb62S0x176	[0x17a, [0xb62, nil]]
0xb64S0x176	[0x17a, [0xb64, nil]]
0xb67S0x176	[0x17a, [0xb67, nil]]
0xb73S0x176	[0x17a, [0xb73, nil]]
0xb74S0x176	[0x17a, [0xb74, nil]]
0xb89S0x176	[0x17a, [0xb89, nil]]
0xb8bS0x176	[0x17a, [0xb8b, nil]]
0xba0S0x176	[0x17a, [0xba0, nil]]
0xba1S0x176	[0x17a, [0xba1, nil]]
0xba2S0x176	[0x17a, [0xba2, nil]]
0xbe1S0x176	[0x17a, [0xbe1, nil]]
0xbe3S0x176	[0x17a, [0xbe3, nil]]
0xbf8S0x176	[0x17a, [0xbf8, nil]]
0xbf9S0x176	[0x17a, [0xbf9, nil]]
0xbfeS0x176	[0x17a, [0xbfe, nil]]
0xbffS0x176	[0x17a, [0xbff, nil]]
0xc01S0x176	[0x17a, [0xc01, nil]]
0xc03S0x176	[0x17a, [0xc03, nil]]
0xc08S0x176	[0x17a, [0xc08, nil]]
0xc09S0x176	[0x17a, [0xc09, nil]]
0xc0bS0x176	[0x17a, [0xc0b, nil]]
0xc0eS0x176	[0x17a, [0xc0e, nil]]
0xc10S0x176	[0x17a, [0xc10, nil]]
0xc11S0x176	[0x17a, [0xc11, nil]]
0xc16S0x176	[0x17a, [0xc16, nil]]
0xbd8S0x176	[0x17a, [0xbd8, nil]]
0xbdaS0x176	[0x17a, [0xbda, nil]]
0xbddS0x176	[0x17a, [0xbdd, nil]]
0xc1bS0x176	[0x17a, [0xc1b, nil]]
0xc1dS0x176	[0x17a, [0xc1d, nil]]
0xc1fS0x176	[0x17a, [0xc1f, nil]]
0xc22S0x176	[0x17a, [0xc22, nil]]
0xc25S0x176	[0x17a, [0xc25, nil]]
0xc26S0x176	[0x17a, [0xc26, nil]]
0xc27S0x176	[0x17a, [0xc27, nil]]
0xc29S0x176	[0x17a, [0xc29, nil]]
0xc2aS0x176	[0x17a, [0xc2a, nil]]
0xc3aS0x176	[0x17a, [0xc3a, nil]]
0xc3cS0x176	[0x17a, [0xc3c, nil]]
0xc3dS0x176	[0x17a, [0xc3d, nil]]
0xc3eS0x176	[0x17a, [0xc3e, nil]]
0xc40S0x176	[0x17a, [0xc40, nil]]
0xc41S0x176	[0x17a, [0xc41, nil]]
0xc44S0x176	[0x17a, [0xc44, nil]]
0xc45S0x176	[0x17a, [0xc45, nil]]
0xc47S0x176	[0x17a, [0xc47, nil]]
0xc49S0x176	[0x17a, [0xc49, nil]]
0xc4eS0x176	[0x17a, [0xc4e, nil]]
0xc50S0x176	[0x17a, [0xc50, nil]]
0xc55S0x176	[0x17a, [0xc55, nil]]
0xc5cS0x176	[0x17a, [0xc5c, nil]]
0xc5eS0x176	[0x17a, [0xc5e, nil]]
0xc5fS0x176	[0x17a, [0xc5f, nil]]
0xc60S0x176	[0x17a, [0xc60, nil]]
0xcafS0x176	[0x17a, [0xcaf, nil]]
0xcd2S0x176	[0x17a, [0xcd2, nil]]
0xcd4S0x176	[0x17a, [0xcd4, nil]]
0xcd6S0x176	[0x17a, [0xcd6, nil]]
0xcd7S0x176	[0x17a, [0xcd7, nil]]
0xcdeS0x176	[0x17a, [0xcde, nil]]
0xce3S0x176	[0x17a, [0xce3, nil]]
0xce5S0x176	[0x17a, [0xce5, nil]]
0xce8S0x176	[0x17a, [0xce8, nil]]
0x18a2S0xb30S0x176	[0x17a, [0xb60, [0x18a2, nil]]]
0x18a3S0xb30S0x176	[0x17a, [0xb60, [0x18a3, nil]]]
0x18a6S0xb30S0x176	[0x17a, [0xb60, [0x18a6, nil]]]
0x18abS0xb30S0x176	[0x17a, [0xb60, [0x18ab, nil]]]
0x18acS0xb30S0x176	[0x17a, [0xb60, [0x18ac, nil]]]
0x18aeS0xb30S0x176	[0x17a, [0xb60, [0x18ae, nil]]]
0x18b0S0xb30S0x176	[0x17a, [0xb60, [0x18b0, nil]]]
0x18b4S0xb30S0x176	[0x17a, [0xb60, [0x18b4, nil]]]
0x188eS0xb30S0x176	[0x17a, [0xb60, [0x188e, nil]]]
0x1892S0xb30S0x176	[0x17a, [0xb60, [0x1892, nil]]]
0x1897S0xb30S0x176	[0x17a, [0xb60, [0x1897, nil]]]
0x189aS0xb30S0x176	[0x17a, [0xb60, [0x189a, nil]]]
0x1832S0xb30S0x176	[0x17a, [0xb60, [0x1832, nil]]]
0x1853S0xb30S0x176	[0x17a, [0xb60, [0x1853, nil]]]
0x1855S0xb30S0x176	[0x17a, [0xb60, [0x1855, nil]]]
0x1857S0xb30S0x176	[0x17a, [0xb60, [0x1857, nil]]]
0x1878S0xb30S0x176	[0x17a, [0xb60, [0x1878, nil]]]
0x187bS0xb30S0x176	[0x17a, [0xb60, [0x187b, nil]]]
0x1880S0xb30S0x176	[0x17a, [0xb60, [0x1880, nil]]]
0x1881S0xb30S0x176	[0x17a, [0xb60, [0x1881, nil]]]
0x1884S0xb30S0x176	[0x17a, [0xb60, [0x1884, nil]]]
0x1887S0xb30S0x176	[0x17a, [0xb60, [0x1887, nil]]]
0x1822S0x187fS0xb30S0x176	[0x17a, [0xb60, [0x188a, [0x1822, nil]]]]
0x1826S0x187fS0xb30S0x176	[0x17a, [0xb60, [0x188a, [0x1826, nil]]]]
0x1829S0x187fS0xb30S0x176	[0x17a, [0xb60, [0x188a, [0x1829, nil]]]]
0x1c81S0xba6S0x176	[0x17a, [0xbd6, [0x1c81, nil]]]
0x1c82S0xba6S0x176	[0x17a, [0xbd6, [0x1c82, nil]]]
0x1c85S0xba6S0x176	[0x17a, [0xbd6, [0x1c85, nil]]]
0x1c8aS0xba6S0x176	[0x17a, [0xbd6, [0x1c8a, nil]]]
0x1c8bS0xba6S0x176	[0x17a, [0xbd6, [0x1c8b, nil]]]
0x1c8dS0xba6S0x176	[0x17a, [0xbd6, [0x1c8d, nil]]]
0x1c8fS0xba6S0x176	[0x17a, [0xbd6, [0x1c8f, nil]]]
0x1c93S0xba6S0x176	[0x17a, [0xbd6, [0x1c93, nil]]]
0x1c6dS0xba6S0x176	[0x17a, [0xbd6, [0x1c6d, nil]]]
0x1c71S0xba6S0x176	[0x17a, [0xbd6, [0x1c71, nil]]]
0x1c76S0xba6S0x176	[0x17a, [0xbd6, [0x1c76, nil]]]
0x1c79S0xba6S0x176	[0x17a, [0xbd6, [0x1c79, nil]]]
0x1c37S0xba6S0x176	[0x17a, [0xbd6, [0x1c37, nil]]]
0x1c58S0xba6S0x176	[0x17a, [0xbd6, [0x1c58, nil]]]
0x1c5aS0xba6S0x176	[0x17a, [0xbd6, [0x1c5a, nil]]]
0x1c5fS0xba6S0x176	[0x17a, [0xbd6, [0x1c5f, nil]]]
0x1c60S0xba6S0x176	[0x17a, [0xbd6, [0x1c60, nil]]]
0x1c63S0xba6S0x176	[0x17a, [0xbd6, [0x1c63, nil]]]
0x1c66S0xba6S0x176	[0x17a, [0xbd6, [0x1c66, nil]]]
0x1822S0x1c5eS0xba6S0x176	[0x17a, [0xbd6, [0x1c69, [0x1822, nil]]]]
0x1826S0x1c5eS0xba6S0x176	[0x17a, [0xbd6, [0x1c69, [0x1826, nil]]]]
0x1829S0x1c5eS0xba6S0x176	[0x17a, [0xbd6, [0x1c69, [0x1829, nil]]]]
0x11f2S0xb6aS0x176	[0x17a, [0xb71, [0x11f2, nil]]]
0x11f4S0xb6aS0x176	[0x17a, [0xb71, [0x11f4, nil]]]
0x11f5S0xb6aS0x176	[0x17a, [0xb71, [0x11f5, nil]]]
0x1218S0xb6aS0x176	[0x17a, [0xb71, [0x1218, nil]]]
0x121aS0xb6aS0x176	[0x17a, [0xb71, [0x121a, nil]]]
0x121bS0xb6aS0x176	[0x17a, [0xb71, [0x121b, nil]]]
0x121dS0xb6aS0x176	[0x17a, [0xb71, [0x121d, nil]]]
0x1220S0xb6aS0x176	[0x17a, [0xb71, [0x1220, nil]]]
0x11e5S0xb6aS0x176	[0x17a, [0xb71, [0x11e5, nil]]]
0x11e8S0xb6aS0x176	[0x17a, [0xb71, [0x11e8, nil]]]
0x11edS0xb6aS0x176	[0x17a, [0xb71, [0x11ed, nil]]]
0x11eeS0xb6aS0x176	[0x17a, [0xb71, [0x11ee, nil]]]
0x1f0S0x11e4S0xb6aS0x176	[0x17a, [0xb71, [0x11eb, [0x1f0, nil]]]]
0x1f1S0x11e4S0xb6aS0x176	[0x17a, [0xb71, [0x11eb, [0x1f1, nil]]]]
0x1f3S0x11e4S0xb6aS0x176	[0x17a, [0xb71, [0x11eb, [0x1f3, nil]]]]
0x1f5S0x11e4S0xb6aS0x176	[0x17a, [0xb71, [0x11eb, [0x1f5, nil]]]]
0x1f7S0x11e4S0xb6aS0x176	[0x17a, [0xb71, [0x11eb, [0x1f7, nil]]]]
0x1faS0x11e4S0xb6aS0x176	[0x17a, [0xb71, [0x11eb, [0x1fa, nil]]]]
0x1fcS0x11e4S0xb6aS0x176	[0x17a, [0xb71, [0x11eb, [0x1fc, nil]]]]
0x1fdS0x11e4S0xb6aS0x176	[0x17a, [0xb71, [0x11eb, [0x1fd, nil]]]]
0x1ffS0x11e4S0xb6aS0x176	[0x17a, [0xb71, [0x11eb, [0x1ff, nil]]]]
0x1611S0xbe0S0x176	[0x17a, [0xc19, [0x1611, nil]]]
0x1612S0xbe0S0x176	[0x17a, [0xc19, [0x1612, nil]]]
0x1615S0xbe0S0x176	[0x17a, [0xc19, [0x1615, nil]]]
0x1618S0xbe0S0x176	[0x17a, [0xc19, [0x1618, nil]]]
0x161bS0xbe0S0x176	[0x17a, [0xc19, [0x161b, nil]]]
0x161dS0xbe0S0x176	[0x17a, [0xc19, [0x161d, nil]]]
0x161fS0xbe0S0x176	[0x17a, [0xc19, [0x161f, nil]]]
0x1602S0x1610S0xbe0S0x176	[0x17a, [0xc19, [0x1622, [0x1602, nil]]]]
0x1606S0x1610S0xbe0S0x176	[0x17a, [0xc19, [0x1622, [0x1606, nil]]]]
0x15d2S0x1601S0x1610S0xbe0S0x176	[0x17a, [0xc19, [0x1622, [0x1609, [0x15d2, nil]]]]]
0x15d3S0x1601S0x1610S0xbe0S0x176	[0x17a, [0xc19, [0x1622, [0x1609, [0x15d3, nil]]]]]
0x15e9S0x1601S0x1610S0xbe0S0x176	[0x17a, [0xc19, [0x1622, [0x1609, [0x15e9, nil]]]]]
0x15f1S0x1601S0x1610S0xbe0S0x176	[0x17a, [0xc19, [0x1622, [0x1609, [0x15f1, nil]]]]]
0x15f2S0x1601S0x1610S0xbe0S0x176	[0x17a, [0xc19, [0x1622, [0x1609, [0x15f2, nil]]]]]
0x15f6S0x1601S0x1610S0xbe0S0x176	[0x17a, [0xc19, [0x1622, [0x1609, [0x15f6, nil]]]]]
0x1d5cS0xcaeS0x176	[0x17a, [0xce1, [0x1d5c, nil]]]
0x1d5dS0xcaeS0x176	[0x17a, [0xce1, [0x1d5d, nil]]]
0x1d60S0xcaeS0x176	[0x17a, [0xce1, [0x1d60, nil]]]
0x1d63S0xcaeS0x176	[0x17a, [0xce1, [0x1d63, nil]]]
0x1d66S0xcaeS0x176	[0x17a, [0xce1, [0x1d66, nil]]]
0x1d68S0xcaeS0x176	[0x17a, [0xce1, [0x1d68, nil]]]
0x1d6aS0xcaeS0x176	[0x17a, [0xce1, [0x1d6a, nil]]]
0x1d6fS0xcaeS0x176	[0x17a, [0xce1, [0x1d6f, nil]]]
0x1d72S0xcaeS0x176	[0x17a, [0xce1, [0x1d72, nil]]]
0x1d75S0xcaeS0x176	[0x17a, [0xce1, [0x1d75, nil]]]
0x1d77S0xcaeS0x176	[0x17a, [0xce1, [0x1d77, nil]]]
0x1d7cS0xcaeS0x176	[0x17a, [0xce1, [0x1d7c, nil]]]
0x1d7fS0xcaeS0x176	[0x17a, [0xce1, [0x1d7f, nil]]]
0x1d82S0xcaeS0x176	[0x17a, [0xce1, [0x1d82, nil]]]
0x1d84S0xcaeS0x176	[0x17a, [0xce1, [0x1d84, nil]]]
0x16bdS0x1d7bS0xcaeS0x176	[0x17a, [0xce1, [0x1d87, [0x16bd, nil]]]]
0x16bfS0x1d7bS0xcaeS0x176	[0x17a, [0xce1, [0x1d87, [0x16bf, nil]]]]
0x16c0S0x1d7bS0xcaeS0x176	[0x17a, [0xce1, [0x1d87, [0x16c0, nil]]]]
0x16c8S0x1d7bS0xcaeS0x176	[0x17a, [0xce1, [0x1d87, [0x16c8, nil]]]]
0x16ccS0x1d7bS0xcaeS0x176	[0x17a, [0xce1, [0x1d87, [0x16cc, nil]]]]
0x1602S0x1d5bS0xcaeS0x176	[0x17a, [0xce1, [0x1d6d, [0x1602, nil]]]]
0x1606S0x1d5bS0xcaeS0x176	[0x17a, [0xce1, [0x1d6d, [0x1606, nil]]]]
0x15d2S0x1601S0x1d5bS0xcaeS0x176	[0x17a, [0xce1, [0x1d6d, [0x1609, [0x15d2, nil]]]]]
0x15d3S0x1601S0x1d5bS0xcaeS0x176	[0x17a, [0xce1, [0x1d6d, [0x1609, [0x15d3, nil]]]]]
0x15e9S0x1601S0x1d5bS0xcaeS0x176	[0x17a, [0xce1, [0x1d6d, [0x1609, [0x15e9, nil]]]]]
0x15f1S0x1601S0x1d5bS0xcaeS0x176	[0x17a, [0xce1, [0x1d6d, [0x1609, [0x15f1, nil]]]]]
0x15f2S0x1601S0x1d5bS0xcaeS0x176	[0x17a, [0xce1, [0x1d6d, [0x1609, [0x15f2, nil]]]]]
0x15f6S0x1601S0x1d5bS0xcaeS0x176	[0x17a, [0xce1, [0x1d6d, [0x1609, [0x15f6, nil]]]]]
0x17ecS0x1d6eS0xcaeS0x176	[0x17a, [0xce1, [0x1d7a, [0x17ec, nil]]]]
0x17f0S0x1d6eS0xcaeS0x176	[0x17a, [0xce1, [0x1d7a, [0x17f0, nil]]]]
0x17e3S0x17ebS0x1d6eS0xcaeS0x176	[0x17a, [0xce1, [0x1d7a, [0x17f3, [0x17e3, nil]]]]]
0x1d3dS0xc35S0x176	[0x17a, [0xc58, [0x1d3d, nil]]]
0x1d40S0xc35S0x176	[0x17a, [0xc58, [0x1d40, nil]]]
0x1d31S0xc35S0x176	[0x17a, [0xc58, [0x1d31, nil]]]
0x1d32S0xc35S0x176	[0x17a, [0xc58, [0x1d32, nil]]]
0x1d36S0xc35S0x176	[0x17a, [0xc58, [0x1d36, nil]]]
0x1d37S0xc35S0x176	[0x17a, [0xc58, [0x1d37, nil]]]
0x1d38S0xc35S0x176	[0x17a, [0xc58, [0x1d38, nil]]]
0x1d39S0xc35S0x176	[0x17a, [0xc58, [0x1d39, nil]]]
0x1d46S0xc35S0x176	[0x17a, [0xc58, [0x1d46, nil]]]
0x1d47S0xc35S0x176	[0x17a, [0xc58, [0x1d47, nil]]]
0x1d4dS0xc35S0x176	[0x17a, [0xc58, [0x1d4d, nil]]]
0x1d4eS0xc35S0x176	[0x17a, [0xc58, [0x1d4e, nil]]]
0x40c1S0xc35S0x176	[0x17a, [0xc58, [0x1496, nil]]]
0x40c2S0xc35S0x176	[0x17a, [0xc58, [0x1497, nil]]]
0x1d1dS0x1d45S0xc35S0x176	[0x17a, [0xc58, [0x1d51, [0x1d1d, nil]]]]
0x1d1fS0x1d45S0xc35S0x176	[0x17a, [0xc58, [0x1d51, [0x1d1f, nil]]]]
0x1d22S0x1d45S0xc35S0x176	[0x17a, [0xc58, [0x1d51, [0x1d22, nil]]]]
0x1d26S0x1d45S0xc35S0x176	[0x17a, [0xc58, [0x1d51, [0x1d26, nil]]]]
0x1d16S0x1d1cS0x1d45S0xc35S0x176	[0x17a, [0xc58, [0x1d51, [0x1d29, [0x1d16, nil]]]]]
0x1d17S0x1d1cS0x1d45S0xc35S0x176	[0x17a, [0xc58, [0x1d51, [0x1d29, [0x1d17, nil]]]]]
0x1d11S0x1d1cS0x1d45S0xc35S0x176	[0x17a, [0xc58, [0x1d51, [0x1d29, [0x1d11, nil]]]]]
0x1d12S0x1d1cS0x1d45S0xc35S0x176	[0x17a, [0xc58, [0x1d51, [0x1d29, [0x1d12, nil]]]]]
0x1d07S0x1d1cS0x1d45S0xc35S0x176	[0x17a, [0xc58, [0x1d51, [0x1d29, [0x1d07, nil]]]]]
0x1d0bS0x1d1cS0x1d45S0xc35S0x176	[0x17a, [0xc58, [0x1d51, [0x1d29, [0x1d0b, nil]]]]]
0x17e3S0x1d06S0x1d1cS0x1d45S0xc35S0x176	[0x17a, [0xc58, [0x1d51, [0x1d29, [0x1d0e, [0x17e3, nil]]]]]]
0x14d	[0x14d, nil]
0x175	[0x175, nil]
0x1e7	[0x1e7, nil]
0x10d	[0x10d, nil]
0x838	[0x838, nil]
0x86f	[0x86f, nil]
0xdb3	[0xdb3, nil]
0xdea	[0xdea, nil]
0x12c8	[0x12c8, nil]
0x13a8	[0x13a8, nil]
0x31b	[0x31b, nil]
0x1305	[0x1305, nil]
0xdb	[0xdb, nil]
0x19d	[0x19d, nil]
0x2a7	[0x2a7, nil]
0x7f8	[0x7f8, nil]
0xd73	[0xd73, nil]
0xb7	[0xb7, nil]
0x190	[0x190, nil]
0xa0	[0xa0, nil]
0x12bb	[0x12bb, nil]
0x139b	[0x139b, nil]
0xe0	[0xe0, nil]
0xac	[0xac, nil]
0xc3	[0xc3, nil]
0xea	[0xea, nil]
0x152	[0x152, nil]
0x17a	[0x17a, nil]
0x1d0	[0x1d0, nil]
0x1ec	[0x1ec, nil]
0x1279	[0x1279, nil]
0x134c	[0x134c, nil]
0x1359	[0x1359, nil]
0x81e2	[0x9a, nil]
0x81e6	[0xc7, nil]
0x81e9	[0xe3, nil]
0x81ec	[0xed, nil]
0x81ef	[0x117, nil]
0x81f2	[0x12d, nil]
0x81f5	[0x155, nil]
0x81f8	[0x17d, nil]
0x81fb	[0x1a7, nil]
0x81fe	[0x1bd, nil]
0x8201	[0x1d3, nil]
0x57	[0x57, nil]
0x93	[0x93, nil]
0x100	[0x100, nil]
0x12a	[0x12a, nil]
0x1ba	[0x1ba, nil]
0x2e1	[0x2e1, nil]
0x773	[0x773, nil]
0x809	[0x809, nil]
0x879	[0x879, nil]
0xd84	[0xd84, nil]
0xdf4	[0xdf4, nil]
0x12d2	[0x12d2, nil]
0x13b2	[0x13b2, nil]
0xc	[0xc, nil]
0x1c	[0x1c, nil]
0x99	[0x99, nil]
0xa5	[0xa5, nil]
0xbc	[0xbc, nil]
0xf4	[0xf4, nil]
0x11e	[0x11e, nil]
0x134	[0x134, nil]
0x15c	[0x15c, nil]
0x184	[0x184, nil]
0x1ae	[0x1ae, nil]
0x1c4	[0x1c4, nil]
0x257	[0x257, nil]
0x263	[0x263, nil]
0x2c1	[0x2c1, nil]
0x7c7	[0x7c7, nil]
0xd42	[0xd42, nil]
0x122e	[0x122e, nil]
0x81ce	[0x24, nil]
0x81d0	[0x2f, nil]
0x81d2	[0x3a, nil]
0x81d4	[0x45, nil]
0x81d6	[0x50, nil]
0x81d8	[0x60, nil]
0x81da	[0x6b, nil]
0x81dc	[0x76, nil]
0x81de	[0x81, nil]
0x81e0	[0x8c, nil]
0x1268	[0x1268, nil]
0x1351	[0x1351, nil]
0x81ab	[0x329, nil]
0x81cc	[0x329, nil]
0x324	[0x324, nil]
0x841	[0x841, nil]
0x878	[0x878, nil]
0xdbc	[0xdbc, nil]
0xdf3	[0xdf3, nil]
0x12d1	[0x12d1, nil]
0x13b1	[0x13b1, nil]
0xaf	[0xaf, nil]
0xc6	[0xc6, nil]
0xe2	[0xe2, nil]
0xec	[0xec, nil]
0x12c	[0x12c, nil]
0x154	[0x154, nil]
0x17c	[0x17c, nil]
0x1bc	[0x1bc, nil]
0x1d2	[0x1d2, nil]
0x1ee	[0x1ee, nil]
0x116	[0x116, nil]
0x1a6	[0x1a6, nil]
0xf7	[0xf7, nil]
0x121	[0x121, nil]
0x137	[0x137, nil]
0x15f	[0x15f, nil]
0x187	[0x187, nil]
0x1b1	[0x1b1, nil]
0x1c7	[0x1c7, nil]
0x801	[0x801, nil]
0xd7c	[0xd7c, nil]
0x125f	[0x125f, nil]
0x2d3	[0x2d3, nil]
0x2d6	[0x2d6, nil]
0x7ed	[0x7ed, nil]
0xd68	[0xd68, nil]
0x1254	[0x1254, nil]
0x1311	[0x1311, nil]
0x1315	[0x1315, nil]
0x1344	[0x1344, nil]
0x1266	[0x1266, nil]
0x1292	[0x1292, nil]
0x1372	[0x1372, nil]
0x2dd	[0x2dd, nil]
0x203S0xb0	[0xb7, [0x203, nil]]
0x203S0x188	[0x190, [0x203, nil]]
0x13f9S0x127a	[0x12bb, [0x13f9, nil]]
0x13f9S0x135a	[0x139b, [0x13f9, nil]]
0x203S0x81e3	[0xa0, [0x203, nil]]
0x17d7S0x264	[0x2a7, [0x17d7, nil]]
0x17c3S0x264	[0x2a7, [0x17c3, nil]]
0x17cdS0x264	[0x2a7, [0x17cd, nil]]
0x17e1S0x264	[0x2a7, [0x17e1, nil]]
0x17b8S0x264	[0x2a7, [0x17b8, nil]]
0x17adS0x17b9S0x264	[0x2a7, [0x17c3, [0x17ad, nil]]]
0x17aaS0x17aeS0x264	[0x2a7, [0x17b8, [0x17aa, nil]]]
0x18b7S0x7c8	[0x7f8, [0x18b7, nil]]
0x18afS0x7c8	[0x7f8, [0x18af, nil]]
0x1895S0x7c8	[0x7f8, [0x1895, nil]]
0x18a0S0x7c8	[0x7f8, [0x18a0, nil]]
0x187eS0x7c8	[0x7f8, [0x187e, nil]]
0x1856S0x7c8	[0x7f8, [0x1856, nil]]
0x187cS0x7c8	[0x7f8, [0x187c, nil]]
0x18beS0x7c8	[0x7f8, [0x18be, nil]]
0x188aS0x7c8	[0x7f8, [0x188a, nil]]
0x1830S0x187fS0x7c8	[0x7f8, [0x188a, [0x1830, nil]]]
0x1825S0x187fS0x7c8	[0x7f8, [0x188a, [0x1825, nil]]]
0x18b7S0xd43	[0xd73, [0x18b7, nil]]
0x18afS0xd43	[0xd73, [0x18af, nil]]
0x1895S0xd43	[0xd73, [0x1895, nil]]
0x18a0S0xd43	[0xd73, [0x18a0, nil]]
0x187eS0xd43	[0xd73, [0x187e, nil]]
0x1856S0xd43	[0xd73, [0x1856, nil]]
0x187cS0xd43	[0xd73, [0x187c, nil]]
0x18beS0xd43	[0xd73, [0x18be, nil]]
0x188aS0xd43	[0xd73, [0x188a, nil]]
0x1830S0x187fS0xd43	[0xd73, [0x188a, [0x1830, nil]]]
0x1825S0x187fS0xd43	[0xd73, [0x188a, [0x1825, nil]]]
0x16e8S0x191	[0x19d, [0x16e8, nil]]
0x16eeS0x191	[0x19d, [0x16ee, nil]]
0x16d5S0x16d6S0x191	[0x19d, [0x16e8, [0x16d5, nil]]]
0x16d2S0x16d6S0x191	[0x19d, [0x16e8, [0x16d2, nil]]]
0x16c6S0x16d6S0x191	[0x19d, [0x16e8, [0x16c6, nil]]]
0x16cfS0x16d6S0x191	[0x19d, [0x16e8, [0x16cf, nil]]]
0x13f0S0x1272	[0x1279, [0x13f0, nil]]
0x13e5S0x1272	[0x1279, [0x13e5, nil]]
0x13baS0x1272	[0x1279, [0x13ba, nil]]
0x13bfS0x1272	[0x1279, [0x13bf, nil]]
0x13f2S0x1272	[0x1279, [0x13f2, nil]]
0x203S0x13b3S0x1272	[0x1279, [0x13ba, [0x203, nil]]]
0x1222S0x1352	[0x1359, [0x1222, nil]]
0x1217S0x1352	[0x1359, [0x1217, nil]]
0x11ebS0x1352	[0x1359, [0x11eb, nil]]
0x11f1S0x1352	[0x1359, [0x11f1, nil]]
0x1224S0x1352	[0x1359, [0x1224, nil]]
0x203S0x11e4S0x1352	[0x1359, [0x11eb, [0x203, nil]]]
0x1569S0xc7	[0xdb, [0x1569, nil]]
0x1586S0xc7	[0xdb, [0x1586, nil]]
0x15b5S0xc7	[0xdb, [0x15b5, nil]]
0x1562S0xc7	[0xdb, [0x1562, nil]]
0x157fS0xc7	[0xdb, [0x157f, nil]]
0x3f65S0xc7	[0xdb, [0x1498, nil]]
0x1593S0xc7	[0xdb, [0x1593, nil]]
0x3f88S0xc7	[0xdb, [0x149c, nil]]
0x15aeS0xc7	[0xdb, [0x15ae, nil]]
0x15c2S0xc7	[0xdb, [0x15c2, nil]]
0x3fabS0xc7	[0xdb, [0x149c, nil]]
0x15d0S0xc7	[0xdb, [0x15d0, nil]]
0x14bcS0x1588S0xc7	[0xdb, [0x1593, [0x14bc, nil]]]
0x14d9S0x1588S0xc7	[0xdb, [0x1593, [0x14d9, nil]]]
0x14f5S0x1588S0xc7	[0xdb, [0x1593, [0x14f5, nil]]]
0x14d2S0x1588S0xc7	[0xdb, [0x1593, [0x14d2, nil]]]
0x3e93S0x1588S0xc7	[0xdb, [0x1593, [0x14a0, nil]]]
0x14eeS0x1588S0xc7	[0xdb, [0x1593, [0x14ee, nil]]]
0x3eb6S0x1588S0xc7	[0xdb, [0x1593, [0x14a4, nil]]]
0x14fdS0x1588S0xc7	[0xdb, [0x1593, [0x14fd, nil]]]
0x3ed9S0x1588S0xc7	[0xdb, [0x1593, [0x14a8, nil]]]
0x14b5S0x1588S0xc7	[0xdb, [0x1593, [0x14b5, nil]]]
0x1511S0x15b7S0xc7	[0xdb, [0x15c2, [0x1511, nil]]]
0x152eS0x15b7S0xc7	[0xdb, [0x15c2, [0x152e, nil]]]
0x154aS0x15b7S0xc7	[0xdb, [0x15c2, [0x154a, nil]]]
0x1527S0x15b7S0xc7	[0xdb, [0x15c2, [0x1527, nil]]]
0x3efcS0x15b7S0xc7	[0xdb, [0x15c2, [0x14a0, nil]]]
0x1543S0x15b7S0xc7	[0xdb, [0x15c2, [0x1543, nil]]]
0x3f1fS0x15b7S0xc7	[0xdb, [0x15c2, [0x14a4, nil]]]
0x1552S0x15b7S0xc7	[0xdb, [0x15c2, [0x1552, nil]]]
0x3f42S0x15b7S0xc7	[0xdb, [0x15c2, [0x14a8, nil]]]
0x150aS0x15b7S0xc7	[0xdb, [0x15c2, [0x150a, nil]]]
0x1622S0x101	[0x10d, [0x1622, nil]]
0x1628S0x101	[0x10d, [0x1628, nil]]
0x160fS0x1610S0x101	[0x10d, [0x1622, [0x160f, nil]]]
0x160cS0x1610S0x101	[0x10d, [0x1622, [0x160c, nil]]]
0x1609S0x1610S0x101	[0x10d, [0x1622, [0x1609, nil]]]
0x1600S0x1601S0x1610S0x101	[0x10d, [0x1622, [0x1609, [0x1600, nil]]]]
0x15efS0x1601S0x1610S0x101	[0x10d, [0x1622, [0x1609, [0x15ef, nil]]]]
0x15f9S0x1601S0x1610S0x101	[0x10d, [0x1622, [0x1609, [0x15f9, nil]]]]
0x180cS0x2e7	[0x31b, [0x180c, nil]]
0x1819S0x2e7	[0x31b, [0x1819, nil]]
0x1820S0x2e7	[0x31b, [0x1820, nil]]
0x16c6S0x180dS0x2e7	[0x31b, [0x1819, [0x16c6, nil]]]
0x16cfS0x180dS0x2e7	[0x31b, [0x1819, [0x16cf, nil]]]
0x16d5S0x180dS0x2e7	[0x31b, [0x1819, [0x16d5, nil]]]
0x16d2S0x180dS0x2e7	[0x31b, [0x1819, [0x16d2, nil]]]
0x17f9S0x17faS0x2e7	[0x31b, [0x180c, [0x17f9, nil]]]
0x17f6S0x17faS0x2e7	[0x31b, [0x180c, [0x17f6, nil]]]
0x17f3S0x17faS0x2e7	[0x31b, [0x180c, [0x17f3, nil]]]
0x17eaS0x17ebS0x17faS0x2e7	[0x31b, [0x180c, [0x17f3, [0x17ea, nil]]]]
0x1622S0x80a	[0x838, [0x1622, nil]]
0x1628S0x80a	[0x838, [0x1628, nil]]
0x160fS0x1610S0x80a	[0x838, [0x1622, [0x160f, nil]]]
0x160cS0x1610S0x80a	[0x838, [0x1622, [0x160c, nil]]]
0x1609S0x1610S0x80a	[0x838, [0x1622, [0x1609, nil]]]
0x1600S0x1601S0x1610S0x80a	[0x838, [0x1622, [0x1609, [0x1600, nil]]]]
0x15efS0x1601S0x1610S0x80a	[0x838, [0x1622, [0x1609, [0x15ef, nil]]]]
0x15f9S0x1601S0x1610S0x80a	[0x838, [0x1622, [0x1609, [0x15f9, nil]]]]
0x1622S0x839	[0x86f, [0x1622, nil]]
0x1628S0x839	[0x86f, [0x1628, nil]]
0x160fS0x1610S0x839	[0x86f, [0x1622, [0x160f, nil]]]
0x160cS0x1610S0x839	[0x86f, [0x1622, [0x160c, nil]]]
0x1609S0x1610S0x839	[0x86f, [0x1622, [0x1609, nil]]]
0x1600S0x1601S0x1610S0x839	[0x86f, [0x1622, [0x1609, [0x1600, nil]]]]
0x15efS0x1601S0x1610S0x839	[0x86f, [0x1622, [0x1609, [0x15ef, nil]]]]
0x15f9S0x1601S0x1610S0x839	[0x86f, [0x1622, [0x1609, [0x15f9, nil]]]]
0x1e0aS0x12d3	[0x1305, [0x1e0a, nil]]
0x1e17S0x12d3	[0x1305, [0x1e17, nil]]
0x1e1eS0x12d3	[0x1305, [0x1e1e, nil]]
0x160fS0x1df8S0x12d3	[0x1305, [0x1e0a, [0x160f, nil]]]
0x160cS0x1df8S0x12d3	[0x1305, [0x1e0a, [0x160c, nil]]]
0x1609S0x1df8S0x12d3	[0x1305, [0x1e0a, [0x1609, nil]]]
0x1600S0x1601S0x1df8S0x12d3	[0x1305, [0x1e0a, [0x1609, [0x1600, nil]]]]
0x15efS0x1601S0x1df8S0x12d3	[0x1305, [0x1e0a, [0x1609, [0x15ef, nil]]]]
0x15f9S0x1601S0x1df8S0x12d3	[0x1305, [0x1e0a, [0x1609, [0x15f9, nil]]]]
0x17f9S0x1e0bS0x12d3	[0x1305, [0x1e17, [0x17f9, nil]]]
0x17f6S0x1e0bS0x12d3	[0x1305, [0x1e17, [0x17f6, nil]]]
0x17f3S0x1e0bS0x12d3	[0x1305, [0x1e17, [0x17f3, nil]]]
0x17eaS0x17ebS0x1e0bS0x12d3	[0x1305, [0x1e17, [0x17f3, [0x17ea, nil]]]]
0x1622S0xd85	[0xdb3, [0x1622, nil]]
0x1628S0xd85	[0xdb3, [0x1628, nil]]
0x160fS0x1610S0xd85	[0xdb3, [0x1622, [0x160f, nil]]]
0x160cS0x1610S0xd85	[0xdb3, [0x1622, [0x160c, nil]]]
0x1609S0x1610S0xd85	[0xdb3, [0x1622, [0x1609, nil]]]
0x1600S0x1601S0x1610S0xd85	[0xdb3, [0x1622, [0x1609, [0x1600, nil]]]]
0x15efS0x1601S0x1610S0xd85	[0xdb3, [0x1622, [0x1609, [0x15ef, nil]]]]
0x15f9S0x1601S0x1610S0xd85	[0xdb3, [0x1622, [0x1609, [0x15f9, nil]]]]
0x1622S0xdb4	[0xdea, [0x1622, nil]]
0x1628S0xdb4	[0xdea, [0x1628, nil]]
0x160fS0x1610S0xdb4	[0xdea, [0x1622, [0x160f, nil]]]
0x160cS0x1610S0xdb4	[0xdea, [0x1622, [0x160c, nil]]]
0x1609S0x1610S0xdb4	[0xdea, [0x1622, [0x1609, nil]]]
0x1600S0x1601S0x1610S0xdb4	[0xdea, [0x1622, [0x1609, [0x1600, nil]]]]
0x15efS0x1601S0x1610S0xdb4	[0xdea, [0x1622, [0x1609, [0x15ef, nil]]]]
0x15f9S0x1601S0x1610S0xdb4	[0xdea, [0x1622, [0x1609, [0x15f9, nil]]]]
0x1622S0x12bc	[0x12c8, [0x1622, nil]]
0x1628S0x12bc	[0x12c8, [0x1628, nil]]
0x160fS0x1610S0x12bc	[0x12c8, [0x1622, [0x160f, nil]]]
0x160cS0x1610S0x12bc	[0x12c8, [0x1622, [0x160c, nil]]]
0x1609S0x1610S0x12bc	[0x12c8, [0x1622, [0x1609, nil]]]
0x1600S0x1601S0x1610S0x12bc	[0x12c8, [0x1622, [0x1609, [0x1600, nil]]]]
0x15efS0x1601S0x1610S0x12bc	[0x12c8, [0x1622, [0x1609, [0x15ef, nil]]]]
0x15f9S0x1601S0x1610S0x12bc	[0x12c8, [0x1622, [0x1609, [0x15f9, nil]]]]
0x1622S0x139c	[0x13a8, [0x1622, nil]]
0x1628S0x139c	[0x13a8, [0x1628, nil]]
0x160fS0x1610S0x139c	[0x13a8, [0x1622, [0x160f, nil]]]
0x160cS0x1610S0x139c	[0x13a8, [0x1622, [0x160c, nil]]]
0x1609S0x1610S0x139c	[0x13a8, [0x1622, [0x1609, nil]]]
0x1600S0x1601S0x1610S0x139c	[0x13a8, [0x1622, [0x1609, [0x1600, nil]]]]
0x15efS0x1601S0x1610S0x139c	[0x13a8, [0x1622, [0x1609, [0x15ef, nil]]]]
0x15f9S0x1601S0x1610S0x139c	[0x13a8, [0x1622, [0x1609, [0x15f9, nil]]]]
0x1667S0x138	[0x14d, [0x1667, nil]]
0x1660S0x138	[0x14d, [0x1660, nil]]
0x1675S0x138	[0x14d, [0x1675, nil]]
0x3fceS0x138	[0x14d, [0x1498, nil]]
0x1686S0x138	[0x14d, [0x1686, nil]]
0x1690S0x138	[0x14d, [0x1690, nil]]
0x1652S0x1669S0x138	[0x14d, [0x1675, [0x1652, nil]]]
0x164cS0x1669S0x138	[0x14d, [0x1675, [0x164c, nil]]]
0x163bS0x163fS0x1669S0x138	[0x14d, [0x1675, [0x164c, [0x163b, nil]]]]
0x1638S0x163fS0x1669S0x138	[0x14d, [0x1675, [0x164c, [0x1638, nil]]]]
0x163eS0x163fS0x1669S0x138	[0x14d, [0x1675, [0x164c, [0x163e, nil]]]]
0x1631S0x163fS0x1669S0x138	[0x14d, [0x1675, [0x164c, [0x1631, nil]]]]
0x1600S0x1629S0x163fS0x1669S0x138	[0x14d, [0x1675, [0x164c, [0x1631, [0x1600, nil]]]]]
0x15efS0x1629S0x163fS0x1669S0x138	[0x14d, [0x1675, [0x164c, [0x1631, [0x15ef, nil]]]]]
0x15f9S0x1629S0x163fS0x1669S0x138	[0x14d, [0x1675, [0x164c, [0x1631, [0x15f9, nil]]]]]
0x1652S0x1676S0x138	[0x14d, [0x1686, [0x1652, nil]]]
0x164cS0x1676S0x138	[0x14d, [0x1686, [0x164c, nil]]]
0x163bS0x163fS0x1676S0x138	[0x14d, [0x1686, [0x164c, [0x163b, nil]]]]
0x1638S0x163fS0x1676S0x138	[0x14d, [0x1686, [0x164c, [0x1638, nil]]]]
0x163eS0x163fS0x1676S0x138	[0x14d, [0x1686, [0x164c, [0x163e, nil]]]]
0x1631S0x163fS0x1676S0x138	[0x14d, [0x1686, [0x164c, [0x1631, nil]]]]
0x1600S0x1629S0x163fS0x1676S0x138	[0x14d, [0x1686, [0x164c, [0x1631, [0x1600, nil]]]]]
0x15efS0x1629S0x163fS0x1676S0x138	[0x14d, [0x1686, [0x164c, [0x1631, [0x15ef, nil]]]]]
0x15f9S0x1629S0x163fS0x1676S0x138	[0x14d, [0x1686, [0x164c, [0x1631, [0x15f9, nil]]]]]
0x16a4S0x160	[0x175, [0x16a4, nil]]
0x169dS0x160	[0x175, [0x169d, nil]]
0x16b2S0x160	[0x175, [0x16b2, nil]]
0x3ff1S0x160	[0x175, [0x1498, nil]]
0x16bbS0x160	[0x175, [0x16bb, nil]]
0x1652S0x16a6S0x160	[0x175, [0x16b2, [0x1652, nil]]]
0x164cS0x16a6S0x160	[0x175, [0x16b2, [0x164c, nil]]]
0x163bS0x163fS0x16a6S0x160	[0x175, [0x16b2, [0x164c, [0x163b, nil]]]]
0x1638S0x163fS0x16a6S0x160	[0x175, [0x16b2, [0x164c, [0x1638, nil]]]]
0x163eS0x163fS0x16a6S0x160	[0x175, [0x16b2, [0x164c, [0x163e, nil]]]]
0x1631S0x163fS0x16a6S0x160	[0x175, [0x16b2, [0x164c, [0x1631, nil]]]]
0x1600S0x1629S0x163fS0x16a6S0x160	[0x175, [0x16b2, [0x164c, [0x1631, [0x1600, nil]]]]]
0x15efS0x1629S0x163fS0x16a6S0x160	[0x175, [0x16b2, [0x164c, [0x1631, [0x15ef, nil]]]]]
0x15f9S0x1629S0x163fS0x16a6S0x160	[0x175, [0x16b2, [0x164c, [0x1631, [0x15f9, nil]]]]]
0xe79S0x1c8	[0x1d0, [0xe79, nil]]
0xe6eS0x1c8	[0x1d0, [0xe6e, nil]]
0xee3S0x1c8	[0x1d0, [0xee3, nil]]
0xf1dS0x1c8	[0x1d0, [0xf1d, nil]]
0xf0fS0x1c8	[0x1d0, [0xf0f, nil]]
0xf12S0x1c8	[0x1d0, [0xf12, nil]]
0xf19S0x1c8	[0x1d0, [0xf19, nil]]
0xf96S0x1c8	[0x1d0, [0xf96, nil]]
0xf8bS0x1c8	[0x1d0, [0xf8b, nil]]
0xe48S0x1c8	[0x1d0, [0xe48, nil]]
0xe8aS0x1c8	[0x1d0, [0xe8a, nil]]
0xe82S0x1c8	[0x1d0, [0xe82, nil]]
0xe92S0x1c8	[0x1d0, [0xe92, nil]]
0xe9fS0x1c8	[0x1d0, [0xe9f, nil]]
0xfaaS0x1c8	[0x1d0, [0xfaa, nil]]
0xefdS0x1c8	[0x1d0, [0xefd, nil]]
0xf57S0x1c8	[0x1d0, [0xf57, nil]]
0xf65S0x1c8	[0x1d0, [0xf65, nil]]
0xf60S0x1c8	[0x1d0, [0xf60, nil]]
0xf9fS0x1c8	[0x1d0, [0xf9f, nil]]
0xfacS0x1c8	[0x1d0, [0xfac, nil]]
0x1271S0xfa2S0x1c8	[0x1d0, [0xfaa, [0x1271, nil]]]
0x126fS0xfa2S0x1c8	[0x1d0, [0xfaa, [0x126f, nil]]]
0x18b7S0xe49S0x1c8	[0x1d0, [0xe79, [0x18b7, nil]]]
0x18afS0xe49S0x1c8	[0x1d0, [0xe79, [0x18af, nil]]]
0x1895S0xe49S0x1c8	[0x1d0, [0xe79, [0x1895, nil]]]
0x18a0S0xe49S0x1c8	[0x1d0, [0xe79, [0x18a0, nil]]]
0x187eS0xe49S0x1c8	[0x1d0, [0xe79, [0x187e, nil]]]
0x1856S0xe49S0x1c8	[0x1d0, [0xe79, [0x1856, nil]]]
0x187cS0xe49S0x1c8	[0x1d0, [0xe79, [0x187c, nil]]]
0x188aS0xe49S0x1c8	[0x1d0, [0xe79, [0x188a, nil]]]
0x1830S0x187fS0xe49S0x1c8	[0x1d0, [0xe79, [0x188a, [0x1830, nil]]]]
0x1825S0x187fS0xe49S0x1c8	[0x1d0, [0xe79, [0x188a, [0x1825, nil]]]]
0x17d7S0xea0S0x1c8	[0x1d0, [0xee3, [0x17d7, nil]]]
0x17c3S0xea0S0x1c8	[0x1d0, [0xee3, [0x17c3, nil]]]
0x17cdS0xea0S0x1c8	[0x1d0, [0xee3, [0x17cd, nil]]]
0x17b8S0xea0S0x1c8	[0x1d0, [0xee3, [0x17b8, nil]]]
0x17aaS0x17aeS0xea0S0x1c8	[0x1d0, [0xee3, [0x17b8, [0x17aa, nil]]]]
0x1df0S0xf66S0x1c8	[0x1d0, [0xf96, [0x1df0, nil]]]
0x1de8S0xf66S0x1c8	[0x1d0, [0xf96, [0x1de8, nil]]]
0x1dceS0xf66S0x1c8	[0x1d0, [0xf96, [0x1dce, nil]]]
0x1dd9S0xf66S0x1c8	[0x1d0, [0xf96, [0x1dd9, nil]]]
0x1db7S0xf66S0x1c8	[0x1d0, [0xf96, [0x1db7, nil]]]
0x1db5S0xf66S0x1c8	[0x1d0, [0xf96, [0x1db5, nil]]]
0x1dc3S0xf66S0x1c8	[0x1d0, [0xf96, [0x1dc3, nil]]]
0x1830S0x1db8S0xf66S0x1c8	[0x1d0, [0xf96, [0x1dc3, [0x1830, nil]]]]
0x1825S0x1db8S0xf66S0x1c8	[0x1d0, [0xf96, [0x1dc3, [0x1825, nil]]]]
0x1222S0xe83S0x1c8	[0x1d0, [0xe8a, [0x1222, nil]]]
0x1217S0xe83S0x1c8	[0x1d0, [0xe8a, [0x1217, nil]]]
0x11ebS0xe83S0x1c8	[0x1d0, [0xe8a, [0x11eb, nil]]]
0x11f1S0xe83S0x1c8	[0x1d0, [0xe8a, [0x11f1, nil]]]
0x203S0x11e4S0xe83S0x1c8	[0x1d0, [0xe8a, [0x11eb, [0x203, nil]]]]
0x18beS0xe49S0x1c8	[0x1d0, [0xe79, [0x18be, nil]]]
0x17e1S0xea0S0x1c8	[0x1d0, [0xee3, [0x17e1, nil]]]
0x17adS0x17b9S0xea0S0x1c8	[0x1d0, [0xee3, [0x17c3, [0x17ad, nil]]]]
0x1df7S0xf66S0x1c8	[0x1d0, [0xf96, [0x1df7, nil]]]
0x1224S0xe83S0x1c8	[0x1d0, [0xe8a, [0x1224, nil]]]
0x180cS0xf23S0x1c8	[0x1d0, [0xf57, [0x180c, nil]]]
0x1819S0xf23S0x1c8	[0x1d0, [0xf57, [0x1819, nil]]]
0x1820S0xf23S0x1c8	[0x1d0, [0xf57, [0x1820, nil]]]
0x16c6S0x180dS0xf23S0x1c8	[0x1d0, [0xf57, [0x1819, [0x16c6, nil]]]]
0x16cfS0x180dS0xf23S0x1c8	[0x1d0, [0xf57, [0x1819, [0x16cf, nil]]]]
0x16d5S0x180dS0xf23S0x1c8	[0x1d0, [0xf57, [0x1819, [0x16d5, nil]]]]
0x16d2S0x180dS0xf23S0x1c8	[0x1d0, [0xf57, [0x1819, [0x16d2, nil]]]]
0x17f9S0x17faS0xf23S0x1c8	[0x1d0, [0xf57, [0x180c, [0x17f9, nil]]]]
0x17f6S0x17faS0xf23S0x1c8	[0x1d0, [0xf57, [0x180c, [0x17f6, nil]]]]
0x17f3S0x17faS0xf23S0x1c8	[0x1d0, [0xf57, [0x180c, [0x17f3, nil]]]]
0x17eaS0x17ebS0x17faS0xf23S0x1c8	[0x1d0, [0xf57, [0x180c, [0x17f3, [0x17ea, nil]]]]]
0x1031S0x1e8	[0x1ec, [0x1031, nil]]
0x1026S0x1e8	[0x1ec, [0x1026, nil]]
0x10afS0x1e8	[0x1ec, [0x10af, nil]]
0x10a4S0x1e8	[0x1ec, [0x10a4, nil]]
0x111dS0x1e8	[0x1ec, [0x111d, nil]]
0x1112S0x1e8	[0x1ec, [0x1112, nil]]
0x1187S0x1e8	[0x1ec, [0x1187, nil]]
0x1179S0x1e8	[0x1ec, [0x1179, nil]]
0x117cS0x1e8	[0x1ec, [0x117c, nil]]
0x1183S0x1e8	[0x1ec, [0x1183, nil]]
0x1000S0x1e8	[0x1ec, [0x1000, nil]]
0x1042S0x1e8	[0x1ec, [0x1042, nil]]
0x103aS0x1e8	[0x1ec, [0x103a, nil]]
0x104aS0x1e8	[0x1ec, [0x104a, nil]]
0x107eS0x1e8	[0x1ec, [0x107e, nil]]
0x10ecS0x1e8	[0x1ec, [0x10ec, nil]]
0x10b8S0x1e8	[0x1ec, [0x10b8, nil]]
0x114eS0x1e8	[0x1ec, [0x114e, nil]]
0x1126S0x1e8	[0x1ec, [0x1126, nil]]
0x1167S0x1e8	[0x1ec, [0x1167, nil]]
0x11c5S0x1e8	[0x1ec, [0x11c5, nil]]
0x11d5S0x1e8	[0x1ec, [0x11d5, nil]]
0x11ceS0x1e8	[0x1ec, [0x11ce, nil]]
0x11deS0x1e8	[0x1ec, [0x11de, nil]]
0x11e3S0x1e8	[0x1ec, [0x11e3, nil]]
0x1271S0x11d6S0x1e8	[0x1ec, [0x11de, [0x1271, nil]]]
0x126fS0x11d6S0x1e8	[0x1ec, [0x11de, [0x126f, nil]]]
0x18b7S0x1001S0x1e8	[0x1ec, [0x1031, [0x18b7, nil]]]
0x18afS0x1001S0x1e8	[0x1ec, [0x1031, [0x18af, nil]]]
0x1895S0x1001S0x1e8	[0x1ec, [0x1031, [0x1895, nil]]]
0x18a0S0x1001S0x1e8	[0x1ec, [0x1031, [0x18a0, nil]]]
0x187eS0x1001S0x1e8	[0x1ec, [0x1031, [0x187e, nil]]]
0x1856S0x1001S0x1e8	[0x1ec, [0x1031, [0x1856, nil]]]
0x187cS0x1001S0x1e8	[0x1ec, [0x1031, [0x187c, nil]]]
0x188aS0x1001S0x1e8	[0x1ec, [0x1031, [0x188a, nil]]]
0x1830S0x187fS0x1001S0x1e8	[0x1ec, [0x1031, [0x188a, [0x1830, nil]]]]
0x1825S0x187fS0x1001S0x1e8	[0x1ec, [0x1031, [0x188a, [0x1825, nil]]]]
0x1a84S0x107fS0x1e8	[0x1ec, [0x10af, [0x1a84, nil]]]
0x1a7cS0x107fS0x1e8	[0x1ec, [0x10af, [0x1a7c, nil]]]
0x1a62S0x107fS0x1e8	[0x1ec, [0x10af, [0x1a62, nil]]]
0x1a6dS0x107fS0x1e8	[0x1ec, [0x10af, [0x1a6d, nil]]]
0x1a4bS0x107fS0x1e8	[0x1ec, [0x10af, [0x1a4b, nil]]]
0x1a49S0x107fS0x1e8	[0x1ec, [0x10af, [0x1a49, nil]]]
0x1a57S0x107fS0x1e8	[0x1ec, [0x10af, [0x1a57, nil]]]
0x1830S0x1a4cS0x107fS0x1e8	[0x1ec, [0x10af, [0x1a57, [0x1830, nil]]]]
0x1825S0x1a4cS0x107fS0x1e8	[0x1ec, [0x10af, [0x1a57, [0x1825, nil]]]]
0x1aecS0x10edS0x1e8	[0x1ec, [0x111d, [0x1aec, nil]]]
0x1ae4S0x10edS0x1e8	[0x1ec, [0x111d, [0x1ae4, nil]]]
0x1acaS0x10edS0x1e8	[0x1ec, [0x111d, [0x1aca, nil]]]
0x1ad5S0x10edS0x1e8	[0x1ec, [0x111d, [0x1ad5, nil]]]
0x1ab3S0x10edS0x1e8	[0x1ec, [0x111d, [0x1ab3, nil]]]
0x1ab1S0x10edS0x1e8	[0x1ec, [0x111d, [0x1ab1, nil]]]
0x1abfS0x10edS0x1e8	[0x1ec, [0x111d, [0x1abf, nil]]]
0x1830S0x1ab4S0x10edS0x1e8	[0x1ec, [0x111d, [0x1abf, [0x1830, nil]]]]
0x1825S0x1ab4S0x10edS0x1e8	[0x1ec, [0x111d, [0x1abf, [0x1825, nil]]]]
0x1222S0x103bS0x1e8	[0x1ec, [0x1042, [0x1222, nil]]]
0x1217S0x103bS0x1e8	[0x1ec, [0x1042, [0x1217, nil]]]
0x11ebS0x103bS0x1e8	[0x1ec, [0x1042, [0x11eb, nil]]]
0x11f1S0x103bS0x1e8	[0x1ec, [0x1042, [0x11f1, nil]]]
0x203S0x11e4S0x103bS0x1e8	[0x1ec, [0x1042, [0x11eb, [0x203, nil]]]]
0x1b9fS0x1127S0x1e8	[0x1ec, [0x114e, [0x1b9f, nil]]]
0x1b87S0x1127S0x1e8	[0x1ec, [0x114e, [0x1b87, nil]]]
0x1b93S0x1127S0x1e8	[0x1ec, [0x114e, [0x1b93, nil]]]
0x1b7aS0x1127S0x1e8	[0x1ec, [0x114e, [0x1b7a, nil]]]
0x1b6fS0x1b7bS0x1127S0x1e8	[0x1ec, [0x114e, [0x1b87, [0x1b6f, nil]]]]
0x1b66S0x1b7bS0x1127S0x1e8	[0x1ec, [0x114e, [0x1b87, [0x1b66, nil]]]]
0x1b6bS0x1b7bS0x1127S0x1e8	[0x1ec, [0x114e, [0x1b87, [0x1b6b, nil]]]]
0x17aaS0x1b70S0x1127S0x1e8	[0x1ec, [0x114e, [0x1b7a, [0x17aa, nil]]]]
0x18beS0x1001S0x1e8	[0x1ec, [0x1031, [0x18be, nil]]]
0x1a8bS0x107fS0x1e8	[0x1ec, [0x10af, [0x1a8b, nil]]]
0x1af3S0x10edS0x1e8	[0x1ec, [0x111d, [0x1af3, nil]]]
0x1224S0x103bS0x1e8	[0x1ec, [0x1042, [0x1224, nil]]]
0x1babS0x1127S0x1e8	[0x1ec, [0x114e, [0x1bab, nil]]]
0x1c0aS0x118dS0x1e8	[0x1ec, [0x11c5, [0x1c0a, nil]]]
0x1be3S0x118dS0x1e8	[0x1ec, [0x11c5, [0x1be3, nil]]]
0x1bbbS0x118dS0x1e8	[0x1ec, [0x11c5, [0x1bbb, nil]]]
0x1bb0S0x118dS0x1e8	[0x1ec, [0x11c5, [0x1bb0, nil]]]
0x1becS0x118dS0x1e8	[0x1ec, [0x11c5, [0x1bec, nil]]]
0x1bf7S0x118dS0x1e8	[0x1ec, [0x11c5, [0x1bf7, nil]]]
0x1bcbS0x118dS0x1e8	[0x1ec, [0x11c5, [0x1bcb, nil]]]
0x1c1dS0x118dS0x1e8	[0x1ec, [0x11c5, [0x1c1d, nil]]]
0x1c13S0x118dS0x1e8	[0x1ec, [0x11c5, [0x1c13, nil]]]
0x1c2cS0x118dS0x1e8	[0x1ec, [0x11c5, [0x1c2c, nil]]]
0x1bd6S0x118dS0x1e8	[0x1ec, [0x11c5, [0x1bd6, nil]]]
0x1c35S0x118dS0x1e8	[0x1ec, [0x11c5, [0x1c35, nil]]]
0x1b6fS0x1bd7S0x118dS0x1e8	[0x1ec, [0x11c5, [0x1be3, [0x1b6f, nil]]]]
0x1b66S0x1bd7S0x118dS0x1e8	[0x1ec, [0x11c5, [0x1be3, [0x1b66, nil]]]]
0x1b6bS0x1bd7S0x118dS0x1e8	[0x1ec, [0x11c5, [0x1be3, [0x1b6b, nil]]]]
0x16c6S0x1c1eS0x118dS0x1e8	[0x1ec, [0x11c5, [0x1c2c, [0x16c6, nil]]]]
0x16cfS0x1c1eS0x118dS0x1e8	[0x1ec, [0x11c5, [0x1c2c, [0x16cf, nil]]]]
0x16d5S0x1c1eS0x118dS0x1e8	[0x1ec, [0x11c5, [0x1c2c, [0x16d5, nil]]]]
0x16d2S0x1c1eS0x118dS0x1e8	[0x1ec, [0x11c5, [0x1c2c, [0x16d2, nil]]]]
0x160fS0x1bf8S0x118dS0x1e8	[0x1ec, [0x11c5, [0x1c0a, [0x160f, nil]]]]
0x160cS0x1bf8S0x118dS0x1e8	[0x1ec, [0x11c5, [0x1c0a, [0x160c, nil]]]]
0x1609S0x1bf8S0x118dS0x1e8	[0x1ec, [0x11c5, [0x1c0a, [0x1609, nil]]]]
0x1600S0x1601S0x1bf8S0x118dS0x1e8	[0x1ec, [0x11c5, [0x1c0a, [0x1609, [0x1600, nil]]]]]
0x15efS0x1601S0x1bf8S0x118dS0x1e8	[0x1ec, [0x11c5, [0x1c0a, [0x1609, [0x15ef, nil]]]]]
0x15f9S0x1601S0x1bf8S0x118dS0x1e8	[0x1ec, [0x11c5, [0x1c0a, [0x1609, [0x15f9, nil]]]]]
0x1418S0x1306	[0x134c, [0x1418, nil]]
0x1415S0x1306	[0x134c, [0x1415, nil]]
0x1431S0x1306	[0x134c, [0x1431, nil]]
0x140eS0x1306	[0x134c, [0x140e, nil]]
0x1428S0x1306	[0x134c, [0x1428, nil]]
0x1452S0x1306	[0x134c, [0x1452, nil]]
0x1494S0x1306	[0x134c, [0x1494, nil]]
0x148eS0x1306	[0x134c, [0x148e, nil]]
0x1485S0x1306	[0x134c, [0x1485, nil]]
0x1479S0x1306	[0x134c, [0x1479, nil]]
0x1622S0x1453S0x1306	[0x134c, [0x1485, [0x1622, nil]]]
0x1628S0x1453S0x1306	[0x134c, [0x1485, [0x1628, nil]]]
0x160fS0x1610S0x1453S0x1306	[0x134c, [0x1485, [0x1622, [0x160f, nil]]]]
0x160cS0x1610S0x1453S0x1306	[0x134c, [0x1485, [0x1622, [0x160c, nil]]]]
0x1609S0x1610S0x1453S0x1306	[0x134c, [0x1485, [0x1622, [0x1609, nil]]]]
0x1600S0x1601S0x1610S0x1453S0x1306	[0x134c, [0x1485, [0x1622, [0x1609, [0x1600, nil]]]]]
0x15efS0x1601S0x1610S0x1453S0x1306	[0x134c, [0x1485, [0x1622, [0x1609, [0x15ef, nil]]]]]
0x15f9S0x1601S0x1610S0x1453S0x1306	[0x134c, [0x1485, [0x1622, [0x1609, [0x15f9, nil]]]]]
0x749S0xe3	[0xea, [0x749, nil]]
0x73dS0xe3	[0xea, [0x73d, nil]]
0x742S0xe3	[0xea, [0x742, nil]]
0x74cS0xe3	[0xea, [0x74c, nil]]
0x203S0x736S0xe3	[0xea, [0x73d, [0x203, nil]]]
0x1759S0x1d3	[0x1e7, [0x1759, nil]]
0x1787S0x1d3	[0x1e7, [0x1787, nil]]
0x1752S0x1d3	[0x1e7, [0x1752, nil]]
0x1767S0x1d3	[0x1e7, [0x1767, nil]]
0x407dS0x1d3	[0x1e7, [0x1498, nil]]
0x1780S0x1d3	[0x1e7, [0x1780, nil]]
0x1794S0x1d3	[0x1e7, [0x1794, nil]]
0x40a0S0x1d3	[0x1e7, [0x149c, nil]]
0x17a0S0x1d3	[0x1e7, [0x17a0, nil]]
0x1702S0x1789S0x1d3	[0x1e7, [0x1794, [0x1702, nil]]]
0x171fS0x1789S0x1d3	[0x1e7, [0x1794, [0x171f, nil]]]
0x173bS0x1789S0x1d3	[0x1e7, [0x1794, [0x173b, nil]]]
0x1718S0x1789S0x1d3	[0x1e7, [0x1794, [0x1718, nil]]]
0x4014S0x1789S0x1d3	[0x1e7, [0x1794, [0x14a0, nil]]]
0x1734S0x1789S0x1d3	[0x1e7, [0x1794, [0x1734, nil]]]
0x4037S0x1789S0x1d3	[0x1e7, [0x1794, [0x14a4, nil]]]
0x405aS0x1789S0x1d3	[0x1e7, [0x1794, [0x14a8, nil]]]
0x16fbS0x1789S0x1d3	[0x1e7, [0x1794, [0x16fb, nil]]]
0x1743S0x1789S0x1d3	[0x1e7, [0x1794, [0x1743, nil]]]
0x1652S0x175bS0x1d3	[0x1e7, [0x1767, [0x1652, nil]]]
0x164cS0x175bS0x1d3	[0x1e7, [0x1767, [0x164c, nil]]]
0x163bS0x163fS0x175bS0x1d3	[0x1e7, [0x1767, [0x164c, [0x163b, nil]]]]
0x1638S0x163fS0x175bS0x1d3	[0x1e7, [0x1767, [0x164c, [0x1638, nil]]]]
0x163eS0x163fS0x175bS0x1d3	[0x1e7, [0x1767, [0x164c, [0x163e, nil]]]]
0x1631S0x163fS0x175bS0x1d3	[0x1e7, [0x1767, [0x164c, [0x1631, nil]]]]
0x1600S0x1629S0x163fS0x175bS0x1d3	[0x1e7, [0x1767, [0x164c, [0x1631, [0x1600, nil]]]]]
0x15efS0x1629S0x163fS0x175bS0x1d3	[0x1e7, [0x1767, [0x164c, [0x1631, [0x15ef, nil]]]]]
0x15f9S0x1629S0x163fS0x175bS0x1d3	[0x1e7, [0x1767, [0x164c, [0x1631, [0x15f9, nil]]]]]
0x3aeS0xdc	[0xe0, [0x3ae, nil]]
0x3a3S0xdc	[0xe0, [0x3a3, nil]]
0x406S0xdc	[0xe0, [0x406, nil]]
0x3fbS0xdc	[0xe0, [0x3fb, nil]]
0x44bS0xdc	[0xe0, [0x44b, nil]]
0x440S0xdc	[0xe0, [0x440, nil]]
0x492S0xdc	[0xe0, [0x492, nil]]
0x487S0xdc	[0xe0, [0x487, nil]]
0x4cdS0xdc	[0xe0, [0x4cd, nil]]
0x4d4S0xdc	[0xe0, [0x4d4, nil]]
0x537S0xdc	[0xe0, [0x537, nil]]
0x52cS0xdc	[0xe0, [0x52c, nil]]
0x569S0xdc	[0xe0, [0x569, nil]]
0x5ccS0xdc	[0xe0, [0x5cc, nil]]
0x5c1S0xdc	[0xe0, [0x5c1, nil]]
0x5e8S0xdc	[0xe0, [0x5e8, nil]]
0x626S0xdc	[0xe0, [0x626, nil]]
0x680S0xdc	[0xe0, [0x680, nil]]
0x672S0xdc	[0xe0, [0x672, nil]]
0x675S0xdc	[0xe0, [0x675, nil]]
0x67cS0xdc	[0xe0, [0x67c, nil]]
0x6bcS0xdc	[0xe0, [0x6bc, nil]]
0x6e4S0xdc	[0xe0, [0x6e4, nil]]
0x37dS0xdc	[0xe0, [0x37d, nil]]
0x3bfS0xdc	[0xe0, [0x3bf, nil]]
0x3b7S0xdc	[0xe0, [0x3b7, nil]]
0x3c7S0xdc	[0xe0, [0x3c7, nil]]
0x3d5S0xdc	[0xe0, [0x3d5, nil]]
0x41aS0xdc	[0xe0, [0x41a, nil]]
0x40fS0xdc	[0xe0, [0x40f, nil]]
0x461S0xdc	[0xe0, [0x461, nil]]
0x454S0xdc	[0xe0, [0x454, nil]]
0x49bS0xdc	[0xe0, [0x49b, nil]]
0x727S0xdc	[0xe0, [0x727, nil]]
0x4eaS0xdc	[0xe0, [0x4ea, nil]]
0x3cf4S0xdc	[0xe0, [0x1a23, nil]]
0x3cebS0xdc	[0xe0, [0x1a1a, nil]]
0x3cf0S0xdc	[0xe0, [0x1a1f, nil]]
0x506S0xdc	[0xe0, [0x506, nil]]
0x562S0xdc	[0xe0, [0x562, nil]]
0x540S0xdc	[0xe0, [0x540, nil]]
0x57fS0xdc	[0xe0, [0x57f, nil]]
0x3d40S0xdc	[0xe0, [0x1a23, nil]]
0x3d37S0xdc	[0xe0, [0x1a1a, nil]]
0x3d3cS0xdc	[0xe0, [0x1a1f, nil]]
0x59bS0xdc	[0xe0, [0x59b, nil]]
0x5e1S0xdc	[0xe0, [0x5e1, nil]]
0x5d5S0xdc	[0xe0, [0x5d5, nil]]
0x5feS0xdc	[0xe0, [0x5fe, nil]]
0x3d8cS0xdc	[0xe0, [0x1a23, nil]]
0x3d83S0xdc	[0xe0, [0x1a1a, nil]]
0x3d88S0xdc	[0xe0, [0x1a1f, nil]]
0x61fS0xdc	[0xe0, [0x61f, nil]]
0x639S0xdc	[0xe0, [0x639, nil]]
0x3dd8S0xdc	[0xe0, [0x1a23, nil]]
0x3dcfS0xdc	[0xe0, [0x1a1a, nil]]
0x3dd4S0xdc	[0xe0, [0x1a1f, nil]]
0x647S0xdc	[0xe0, [0x647, nil]]
0x660S0xdc	[0xe0, [0x660, nil]]
0x6b5S0xdc	[0xe0, [0x6b5, nil]]
0x6d2S0xdc	[0xe0, [0x6d2, nil]]
0x3e24S0xdc	[0xe0, [0x1a23, nil]]
0x3e1bS0xdc	[0xe0, [0x1a1a, nil]]
0x3e20S0xdc	[0xe0, [0x1a1f, nil]]
0x6ddS0xdc	[0xe0, [0x6dd, nil]]
0x6f7S0xdc	[0xe0, [0x6f7, nil]]
0x3e70S0xdc	[0xe0, [0x1a23, nil]]
0x3e67S0xdc	[0xe0, [0x1a1a, nil]]
0x3e6cS0xdc	[0xe0, [0x1a1f, nil]]
0x708S0xdc	[0xe0, [0x708, nil]]
0x71eS0xdc	[0xe0, [0x71e, nil]]
0x711S0xdc	[0xe0, [0x711, nil]]
0x4acS0xdc	[0xe0, [0x4ac, nil]]
0x72fS0xdc	[0xe0, [0x72f, nil]]
0x735S0xdc	[0xe0, [0x735, nil]]
0x1b1aS0x628S0xdc	[0xe0, [0x639, [0x1b1a, nil]]]
0x1b3cS0x628S0xdc	[0xe0, [0x639, [0x1b3c, nil]]]
0x1b58S0x628S0xdc	[0xe0, [0x639, [0x1b58, nil]]]
0x1b13S0x628S0xdc	[0xe0, [0x639, [0x1b13, nil]]]
0x1b35S0x628S0xdc	[0xe0, [0x639, [0x1b35, nil]]]
0x1af7S0x628S0xdc	[0xe0, [0x639, [0x1af7, nil]]]
0x1b51S0x628S0xdc	[0xe0, [0x639, [0x1b51, nil]]]
0x1afbS0x628S0xdc	[0xe0, [0x639, [0x1afb, nil]]]
0x1affS0x628S0xdc	[0xe0, [0x639, [0x1aff, nil]]]
0x1b1aS0x6e6S0xdc	[0xe0, [0x6f7, [0x1b1a, nil]]]
0x1b3cS0x6e6S0xdc	[0xe0, [0x6f7, [0x1b3c, nil]]]
0x1b58S0x6e6S0xdc	[0xe0, [0x6f7, [0x1b58, nil]]]
0x1b13S0x6e6S0xdc	[0xe0, [0x6f7, [0x1b13, nil]]]
0x1b35S0x6e6S0xdc	[0xe0, [0x6f7, [0x1b35, nil]]]
0x1af7S0x6e6S0xdc	[0xe0, [0x6f7, [0x1af7, nil]]]
0x1b51S0x6e6S0xdc	[0xe0, [0x6f7, [0x1b51, nil]]]
0x1afbS0x6e6S0xdc	[0xe0, [0x6f7, [0x1afb, nil]]]
0x1affS0x6e6S0xdc	[0xe0, [0x6f7, [0x1aff, nil]]]
0x1271S0x728S0xdc	[0xe0, [0x72f, [0x1271, nil]]]
0x126fS0x728S0xdc	[0xe0, [0x72f, [0x126f, nil]]]
0x18b7S0x37eS0xdc	[0xe0, [0x3ae, [0x18b7, nil]]]
0x18afS0x37eS0xdc	[0xe0, [0x3ae, [0x18af, nil]]]
0x1895S0x37eS0xdc	[0xe0, [0x3ae, [0x1895, nil]]]
0x18a0S0x37eS0xdc	[0xe0, [0x3ae, [0x18a0, nil]]]
0x187eS0x37eS0xdc	[0xe0, [0x3ae, [0x187e, nil]]]
0x1856S0x37eS0xdc	[0xe0, [0x3ae, [0x1856, nil]]]
0x187cS0x37eS0xdc	[0xe0, [0x3ae, [0x187c, nil]]]
0x188aS0x37eS0xdc	[0xe0, [0x3ae, [0x188a, nil]]]
0x1830S0x187fS0x37eS0xdc	[0xe0, [0x3ae, [0x188a, [0x1830, nil]]]]
0x1825S0x187fS0x37eS0xdc	[0xe0, [0x3ae, [0x188a, [0x1825, nil]]]]
0x191fS0x3d6S0xdc	[0xe0, [0x406, [0x191f, nil]]]
0x1917S0x3d6S0xdc	[0xe0, [0x406, [0x1917, nil]]]
0x18fdS0x3d6S0xdc	[0xe0, [0x406, [0x18fd, nil]]]
0x1908S0x3d6S0xdc	[0xe0, [0x406, [0x1908, nil]]]
0x18e6S0x3d6S0xdc	[0xe0, [0x406, [0x18e6, nil]]]
0x18e4S0x3d6S0xdc	[0xe0, [0x406, [0x18e4, nil]]]
0x18f2S0x3d6S0xdc	[0xe0, [0x406, [0x18f2, nil]]]
0x1830S0x18e7S0x3d6S0xdc	[0xe0, [0x406, [0x18f2, [0x1830, nil]]]]
0x1825S0x18e7S0x3d6S0xdc	[0xe0, [0x406, [0x18f2, [0x1825, nil]]]]
0x1987S0x41bS0xdc	[0xe0, [0x44b, [0x1987, nil]]]
0x197fS0x41bS0xdc	[0xe0, [0x44b, [0x197f, nil]]]
0x1965S0x41bS0xdc	[0xe0, [0x44b, [0x1965, nil]]]
0x1970S0x41bS0xdc	[0xe0, [0x44b, [0x1970, nil]]]
0x194eS0x41bS0xdc	[0xe0, [0x44b, [0x194e, nil]]]
0x194cS0x41bS0xdc	[0xe0, [0x44b, [0x194c, nil]]]
0x195aS0x41bS0xdc	[0xe0, [0x44b, [0x195a, nil]]]
0x1830S0x194fS0x41bS0xdc	[0xe0, [0x44b, [0x195a, [0x1830, nil]]]]
0x1825S0x194fS0x41bS0xdc	[0xe0, [0x44b, [0x195a, [0x1825, nil]]]]
0x19efS0x462S0xdc	[0xe0, [0x492, [0x19ef, nil]]]
0x19e7S0x462S0xdc	[0xe0, [0x492, [0x19e7, nil]]]
0x19cdS0x462S0xdc	[0xe0, [0x492, [0x19cd, nil]]]
0x19d8S0x462S0xdc	[0xe0, [0x492, [0x19d8, nil]]]
0x19b6S0x462S0xdc	[0xe0, [0x492, [0x19b6, nil]]]
0x19b4S0x462S0xdc	[0xe0, [0x492, [0x19b4, nil]]]
0x19c2S0x462S0xdc	[0xe0, [0x492, [0x19c2, nil]]]
0x1830S0x19b7S0x462S0xdc	[0xe0, [0x492, [0x19c2, [0x1830, nil]]]]
0x1825S0x19b7S0x462S0xdc	[0xe0, [0x492, [0x19c2, [0x1825, nil]]]]
0x1a84S0x507S0xdc	[0xe0, [0x537, [0x1a84, nil]]]
0x1a7cS0x507S0xdc	[0xe0, [0x537, [0x1a7c, nil]]]
0x1a62S0x507S0xdc	[0xe0, [0x537, [0x1a62, nil]]]
0x1a6dS0x507S0xdc	[0xe0, [0x537, [0x1a6d, nil]]]
0x1a4bS0x507S0xdc	[0xe0, [0x537, [0x1a4b, nil]]]
0x1a49S0x507S0xdc	[0xe0, [0x537, [0x1a49, nil]]]
0x1a57S0x507S0xdc	[0xe0, [0x537, [0x1a57, nil]]]
0x1830S0x1a4cS0x507S0xdc	[0xe0, [0x537, [0x1a57, [0x1830, nil]]]]
0x1825S0x1a4cS0x507S0xdc	[0xe0, [0x537, [0x1a57, [0x1825, nil]]]]
0x1aecS0x59cS0xdc	[0xe0, [0x5cc, [0x1aec, nil]]]
0x1ae4S0x59cS0xdc	[0xe0, [0x5cc, [0x1ae4, nil]]]
0x1acaS0x59cS0xdc	[0xe0, [0x5cc, [0x1aca, nil]]]
0x1ad5S0x59cS0xdc	[0xe0, [0x5cc, [0x1ad5, nil]]]
0x1ab3S0x59cS0xdc	[0xe0, [0x5cc, [0x1ab3, nil]]]
0x1ab1S0x59cS0xdc	[0xe0, [0x5cc, [0x1ab1, nil]]]
0x1abfS0x59cS0xdc	[0xe0, [0x5cc, [0x1abf, nil]]]
0x1830S0x1ab4S0x59cS0xdc	[0xe0, [0x5cc, [0x1abf, [0x1830, nil]]]]
0x1825S0x1ab4S0x59cS0xdc	[0xe0, [0x5cc, [0x1abf, [0x1825, nil]]]]
0x1222S0x3b8S0xdc	[0xe0, [0x3bf, [0x1222, nil]]]
0x1217S0x3b8S0xdc	[0xe0, [0x3bf, [0x1217, nil]]]
0x11ebS0x3b8S0xdc	[0xe0, [0x3bf, [0x11eb, nil]]]
0x11f1S0x3b8S0xdc	[0xe0, [0x3bf, [0x11f1, nil]]]
0x203S0x11e4S0x3b8S0xdc	[0xe0, [0x3bf, [0x11eb, [0x203, nil]]]]
0x1b9fS0x63aS0xdc	[0xe0, [0x647, [0x1b9f, nil]]]
0x1b87S0x63aS0xdc	[0xe0, [0x647, [0x1b87, nil]]]
0x1b93S0x63aS0xdc	[0xe0, [0x647, [0x1b93, nil]]]
0x1b7aS0x63aS0xdc	[0xe0, [0x647, [0x1b7a, nil]]]
0x1b6fS0x1b7bS0x63aS0xdc	[0xe0, [0x647, [0x1b87, [0x1b6f, nil]]]]
0x1b66S0x1b7bS0x63aS0xdc	[0xe0, [0x647, [0x1b87, [0x1b66, nil]]]]
0x1b6bS0x1b7bS0x63aS0xdc	[0xe0, [0x647, [0x1b87, [0x1b6b, nil]]]]
0x17aaS0x1b70S0x63aS0xdc	[0xe0, [0x647, [0x1b7a, [0x17aa, nil]]]]
0x1c0aS0x6f8S0xdc	[0xe0, [0x708, [0x1c0a, nil]]]
0x1be3S0x6f8S0xdc	[0xe0, [0x708, [0x1be3, nil]]]
0x1bbbS0x6f8S0xdc	[0xe0, [0x708, [0x1bbb, nil]]]
0x1bb0S0x6f8S0xdc	[0xe0, [0x708, [0x1bb0, nil]]]
0x1becS0x6f8S0xdc	[0xe0, [0x708, [0x1bec, nil]]]
0x1bf7S0x6f8S0xdc	[0xe0, [0x708, [0x1bf7, nil]]]
0x1bcbS0x6f8S0xdc	[0xe0, [0x708, [0x1bcb, nil]]]
0x1c1dS0x6f8S0xdc	[0xe0, [0x708, [0x1c1d, nil]]]
0x1c13S0x6f8S0xdc	[0xe0, [0x708, [0x1c13, nil]]]
0x1c2cS0x6f8S0xdc	[0xe0, [0x708, [0x1c2c, nil]]]
0x1bd6S0x6f8S0xdc	[0xe0, [0x708, [0x1bd6, nil]]]
0x1b6fS0x1bd7S0x6f8S0xdc	[0xe0, [0x708, [0x1be3, [0x1b6f, nil]]]]
0x1b66S0x1bd7S0x6f8S0xdc	[0xe0, [0x708, [0x1be3, [0x1b66, nil]]]]
0x1b6bS0x1bd7S0x6f8S0xdc	[0xe0, [0x708, [0x1be3, [0x1b6b, nil]]]]
0x16c6S0x1c1eS0x6f8S0xdc	[0xe0, [0x708, [0x1c2c, [0x16c6, nil]]]]
0x16cfS0x1c1eS0x6f8S0xdc	[0xe0, [0x708, [0x1c2c, [0x16cf, nil]]]]
0x1609S0x1bf8S0x6f8S0xdc	[0xe0, [0x708, [0x1c0a, [0x1609, nil]]]]
0x15efS0x1601S0x1bf8S0x6f8S0xdc	[0xe0, [0x708, [0x1c0a, [0x1609, [0x15ef, nil]]]]]
0x15f9S0x1601S0x1bf8S0x6f8S0xdc	[0xe0, [0x708, [0x1c0a, [0x1609, [0x15f9, nil]]]]]
0x1b61S0x628S0xdc	[0xe0, [0x639, [0x1b61, nil]]]
0x1b61S0x6e6S0xdc	[0xe0, [0x6f7, [0x1b61, nil]]]
0x18beS0x37eS0xdc	[0xe0, [0x3ae, [0x18be, nil]]]
0x1926S0x3d6S0xdc	[0xe0, [0x406, [0x1926, nil]]]
0x198eS0x41bS0xdc	[0xe0, [0x44b, [0x198e, nil]]]
0x19f6S0x462S0xdc	[0xe0, [0x492, [0x19f6, nil]]]
0x1a8bS0x507S0xdc	[0xe0, [0x537, [0x1a8b, nil]]]
0x1af3S0x59cS0xdc	[0xe0, [0x5cc, [0x1af3, nil]]]
0x1224S0x3b8S0xdc	[0xe0, [0x3bf, [0x1224, nil]]]
0x1babS0x63aS0xdc	[0xe0, [0x647, [0x1bab, nil]]]
0x1c35S0x6f8S0xdc	[0xe0, [0x708, [0x1c35, nil]]]
0x16d5S0x1c1eS0x6f8S0xdc	[0xe0, [0x708, [0x1c2c, [0x16d5, nil]]]]
0x16d2S0x1c1eS0x6f8S0xdc	[0xe0, [0x708, [0x1c2c, [0x16d2, nil]]]]
0x160fS0x1bf8S0x6f8S0xdc	[0xe0, [0x708, [0x1c0a, [0x160f, nil]]]]
0x160cS0x1bf8S0x6f8S0xdc	[0xe0, [0x708, [0x1c0a, [0x160c, nil]]]]
0x1600S0x1601S0x1bf8S0x6f8S0xdc	[0xe0, [0x708, [0x1c0a, [0x1609, [0x1600, nil]]]]]
0x16a4S0x4d6S0xdc	[0xe0, [0x4ea, [0x16a4, nil]]]
0x169dS0x4d6S0xdc	[0xe0, [0x4ea, [0x169d, nil]]]
0x16b2S0x4d6S0xdc	[0xe0, [0x4ea, [0x16b2, nil]]]
0x3ff1S0x4d6S0xdc	[0xe0, [0x4ea, [0x1498, nil]]]
0x16bbS0x4d6S0xdc	[0xe0, [0x4ea, [0x16bb, nil]]]
0x1652S0x16a6S0x4d6S0xdc	[0xe0, [0x4ea, [0x16b2, [0x1652, nil]]]]
0x164cS0x16a6S0x4d6S0xdc	[0xe0, [0x4ea, [0x16b2, [0x164c, nil]]]]
0x163bS0x163fS0x16a6S0x4d6S0xdc	[0xe0, [0x4ea, [0x16b2, [0x164c, [0x163b, nil]]]]]
0x1638S0x163fS0x16a6S0x4d6S0xdc	[0xe0, [0x4ea, [0x16b2, [0x164c, [0x1638, nil]]]]]
0x163eS0x163fS0x16a6S0x4d6S0xdc	[0xe0, [0x4ea, [0x16b2, [0x164c, [0x163e, nil]]]]]
0x1631S0x163fS0x16a6S0x4d6S0xdc	[0xe0, [0x4ea, [0x16b2, [0x164c, [0x1631, nil]]]]]
0x1600S0x1629S0x163fS0x16a6S0x4d6S0xdc	[0xe0, [0x4ea, [0x16b2, [0x164c, [0x1631, [0x1600, nil]]]]]]
0x15efS0x1629S0x163fS0x16a6S0x4d6S0xdc	[0xe0, [0x4ea, [0x16b2, [0x164c, [0x1631, [0x15ef, nil]]]]]]
0x15f9S0x1629S0x163fS0x16a6S0x4d6S0xdc	[0xe0, [0x4ea, [0x16b2, [0x164c, [0x1631, [0x15f9, nil]]]]]]
0x16a4S0x56bS0xdc	[0xe0, [0x57f, [0x16a4, nil]]]
0x169dS0x56bS0xdc	[0xe0, [0x57f, [0x169d, nil]]]
0x16b2S0x56bS0xdc	[0xe0, [0x57f, [0x16b2, nil]]]
0x3ff1S0x56bS0xdc	[0xe0, [0x57f, [0x1498, nil]]]
0x16bbS0x56bS0xdc	[0xe0, [0x57f, [0x16bb, nil]]]
0x1652S0x16a6S0x56bS0xdc	[0xe0, [0x57f, [0x16b2, [0x1652, nil]]]]
0x164cS0x16a6S0x56bS0xdc	[0xe0, [0x57f, [0x16b2, [0x164c, nil]]]]
0x163bS0x163fS0x16a6S0x56bS0xdc	[0xe0, [0x57f, [0x16b2, [0x164c, [0x163b, nil]]]]]
0x1638S0x163fS0x16a6S0x56bS0xdc	[0xe0, [0x57f, [0x16b2, [0x164c, [0x1638, nil]]]]]
0x163eS0x163fS0x16a6S0x56bS0xdc	[0xe0, [0x57f, [0x16b2, [0x164c, [0x163e, nil]]]]]
0x1631S0x163fS0x16a6S0x56bS0xdc	[0xe0, [0x57f, [0x16b2, [0x164c, [0x1631, nil]]]]]
0x1600S0x1629S0x163fS0x16a6S0x56bS0xdc	[0xe0, [0x57f, [0x16b2, [0x164c, [0x1631, [0x1600, nil]]]]]]
0x15efS0x1629S0x163fS0x16a6S0x56bS0xdc	[0xe0, [0x57f, [0x16b2, [0x164c, [0x1631, [0x15ef, nil]]]]]]
0x15f9S0x1629S0x163fS0x16a6S0x56bS0xdc	[0xe0, [0x57f, [0x16b2, [0x164c, [0x1631, [0x15f9, nil]]]]]]
0x16a4S0x5eaS0xdc	[0xe0, [0x5fe, [0x16a4, nil]]]
0x169dS0x5eaS0xdc	[0xe0, [0x5fe, [0x169d, nil]]]
0x16b2S0x5eaS0xdc	[0xe0, [0x5fe, [0x16b2, nil]]]
0x3ff1S0x5eaS0xdc	[0xe0, [0x5fe, [0x1498, nil]]]
0x16bbS0x5eaS0xdc	[0xe0, [0x5fe, [0x16bb, nil]]]
0x1652S0x16a6S0x5eaS0xdc	[0xe0, [0x5fe, [0x16b2, [0x1652, nil]]]]
0x164cS0x16a6S0x5eaS0xdc	[0xe0, [0x5fe, [0x16b2, [0x164c, nil]]]]
0x163bS0x163fS0x16a6S0x5eaS0xdc	[0xe0, [0x5fe, [0x16b2, [0x164c, [0x163b, nil]]]]]
0x1638S0x163fS0x16a6S0x5eaS0xdc	[0xe0, [0x5fe, [0x16b2, [0x164c, [0x1638, nil]]]]]
0x163eS0x163fS0x16a6S0x5eaS0xdc	[0xe0, [0x5fe, [0x16b2, [0x164c, [0x163e, nil]]]]]
0x1631S0x163fS0x16a6S0x5eaS0xdc	[0xe0, [0x5fe, [0x16b2, [0x164c, [0x1631, nil]]]]]
0x1600S0x1629S0x163fS0x16a6S0x5eaS0xdc	[0xe0, [0x5fe, [0x16b2, [0x164c, [0x1631, [0x1600, nil]]]]]]
0x15efS0x1629S0x163fS0x16a6S0x5eaS0xdc	[0xe0, [0x5fe, [0x16b2, [0x164c, [0x1631, [0x15ef, nil]]]]]]
0x15f9S0x1629S0x163fS0x16a6S0x5eaS0xdc	[0xe0, [0x5fe, [0x16b2, [0x164c, [0x1631, [0x15f9, nil]]]]]]
0x16a4S0x6beS0xdc	[0xe0, [0x6d2, [0x16a4, nil]]]
0x169dS0x6beS0xdc	[0xe0, [0x6d2, [0x169d, nil]]]
0x16b2S0x6beS0xdc	[0xe0, [0x6d2, [0x16b2, nil]]]
0x3ff1S0x6beS0xdc	[0xe0, [0x6d2, [0x1498, nil]]]
0x16bbS0x6beS0xdc	[0xe0, [0x6d2, [0x16bb, nil]]]
0x1652S0x16a6S0x6beS0xdc	[0xe0, [0x6d2, [0x16b2, [0x1652, nil]]]]
0x164cS0x16a6S0x6beS0xdc	[0xe0, [0x6d2, [0x16b2, [0x164c, nil]]]]
0x163bS0x163fS0x16a6S0x6beS0xdc	[0xe0, [0x6d2, [0x16b2, [0x164c, [0x163b, nil]]]]]
0x1638S0x163fS0x16a6S0x6beS0xdc	[0xe0, [0x6d2, [0x16b2, [0x164c, [0x1638, nil]]]]]
0x163eS0x163fS0x16a6S0x6beS0xdc	[0xe0, [0x6d2, [0x16b2, [0x164c, [0x163e, nil]]]]]
0x1631S0x163fS0x16a6S0x6beS0xdc	[0xe0, [0x6d2, [0x16b2, [0x164c, [0x1631, nil]]]]]
0x1600S0x1629S0x163fS0x16a6S0x6beS0xdc	[0xe0, [0x6d2, [0x16b2, [0x164c, [0x1631, [0x1600, nil]]]]]]
0x15efS0x1629S0x163fS0x16a6S0x6beS0xdc	[0xe0, [0x6d2, [0x16b2, [0x164c, [0x1631, [0x15ef, nil]]]]]]
0x15f9S0x1629S0x163fS0x16a6S0x6beS0xdc	[0xe0, [0x6d2, [0x16b2, [0x164c, [0x1631, [0x15f9, nil]]]]]]
0x8feS0x14e	[0x152, [0x8fe, nil]]
0x8f3S0x14e	[0x152, [0x8f3, nil]]
0x974S0x14e	[0x152, [0x974, nil]]
0x969S0x14e	[0x152, [0x969, nil]]
0x9e2S0x14e	[0x152, [0x9e2, nil]]
0x9d7S0x14e	[0x152, [0x9d7, nil]]
0xa40S0x14e	[0x152, [0xa40, nil]]
0xa3dS0x14e	[0x152, [0xa3d, nil]]
0xa99S0x14e	[0x152, [0xa99, nil]]
0x8cdS0x14e	[0x152, [0x8cd, nil]]
0x90fS0x14e	[0x152, [0x90f, nil]]
0x907S0x14e	[0x152, [0x907, nil]]
0x943S0x14e	[0x152, [0x943, nil]]
0x9b1S0x14e	[0x152, [0x9b1, nil]]
0x97dS0x14e	[0x152, [0x97d, nil]]
0xa25S0x14e	[0x152, [0xa25, nil]]
0xa19S0x14e	[0x152, [0xa19, nil]]
0x9ebS0x14e	[0x152, [0x9eb, nil]]
0xa39S0x14e	[0x152, [0xa39, nil]]
0xa64S0x14e	[0x152, [0xa64, nil]]
0xa57S0x14e	[0x152, [0xa57, nil]]
0xa6fS0x14e	[0x152, [0xa6f, nil]]
0xadbS0x14e	[0x152, [0xadb, nil]]
0xacdS0x14e	[0x152, [0xacd, nil]]
0xad6S0x14e	[0x152, [0xad6, nil]]
0x18b7S0x8ceS0x14e	[0x152, [0x8fe, [0x18b7, nil]]]
0x18afS0x8ceS0x14e	[0x152, [0x8fe, [0x18af, nil]]]
0x1895S0x8ceS0x14e	[0x152, [0x8fe, [0x1895, nil]]]
0x18a0S0x8ceS0x14e	[0x152, [0x8fe, [0x18a0, nil]]]
0x187eS0x8ceS0x14e	[0x152, [0x8fe, [0x187e, nil]]]
0x1856S0x8ceS0x14e	[0x152, [0x8fe, [0x1856, nil]]]
0x187cS0x8ceS0x14e	[0x152, [0x8fe, [0x187c, nil]]]
0x188aS0x8ceS0x14e	[0x152, [0x8fe, [0x188a, nil]]]
0x1830S0x187fS0x8ceS0x14e	[0x152, [0x8fe, [0x188a, [0x1830, nil]]]]
0x1825S0x187fS0x8ceS0x14e	[0x152, [0x8fe, [0x188a, [0x1825, nil]]]]
0x1c96S0x944S0x14e	[0x152, [0x974, [0x1c96, nil]]]
0x1c8eS0x944S0x14e	[0x152, [0x974, [0x1c8e, nil]]]
0x1c74S0x944S0x14e	[0x152, [0x974, [0x1c74, nil]]]
0x1c7fS0x944S0x14e	[0x152, [0x974, [0x1c7f, nil]]]
0x1c5dS0x944S0x14e	[0x152, [0x974, [0x1c5d, nil]]]
0x1c5bS0x944S0x14e	[0x152, [0x974, [0x1c5b, nil]]]
0x1c69S0x944S0x14e	[0x152, [0x974, [0x1c69, nil]]]
0x1830S0x1c5eS0x944S0x14e	[0x152, [0x974, [0x1c69, [0x1830, nil]]]]
0x1825S0x1c5eS0x944S0x14e	[0x152, [0x974, [0x1c69, [0x1825, nil]]]]
0x1cfeS0x9b2S0x14e	[0x152, [0x9e2, [0x1cfe, nil]]]
0x1cf6S0x9b2S0x14e	[0x152, [0x9e2, [0x1cf6, nil]]]
0x1cdcS0x9b2S0x14e	[0x152, [0x9e2, [0x1cdc, nil]]]
0x1ce7S0x9b2S0x14e	[0x152, [0x9e2, [0x1ce7, nil]]]
0x1cc5S0x9b2S0x14e	[0x152, [0x9e2, [0x1cc5, nil]]]
0x1cc3S0x9b2S0x14e	[0x152, [0x9e2, [0x1cc3, nil]]]
0x1cd1S0x9b2S0x14e	[0x152, [0x9e2, [0x1cd1, nil]]]
0x1830S0x1cc6S0x9b2S0x14e	[0x152, [0x9e2, [0x1cd1, [0x1830, nil]]]]
0x1825S0x1cc6S0x9b2S0x14e	[0x152, [0x9e2, [0x1cd1, [0x1825, nil]]]]
0x1222S0x908S0x14e	[0x152, [0x90f, [0x1222, nil]]]
0x1217S0x908S0x14e	[0x152, [0x90f, [0x1217, nil]]]
0x11ebS0x908S0x14e	[0x152, [0x90f, [0x11eb, nil]]]
0x11f1S0x908S0x14e	[0x152, [0x90f, [0x11f1, nil]]]
0x203S0x11e4S0x908S0x14e	[0x152, [0x90f, [0x11eb, [0x203, nil]]]]
0x1622S0x9ecS0x14e	[0x152, [0xa25, [0x1622, nil]]]
0x1609S0x1610S0x9ecS0x14e	[0x152, [0xa25, [0x1622, [0x1609, nil]]]]
0x15efS0x1601S0x1610S0x9ecS0x14e	[0x152, [0xa25, [0x1622, [0x1609, [0x15ef, nil]]]]]
0x15f9S0x1601S0x1610S0x9ecS0x14e	[0x152, [0xa25, [0x1622, [0x1609, [0x15f9, nil]]]]]
0x1d6dS0xa9aS0x14e	[0x152, [0xacd, [0x1d6d, nil]]]
0x1d7aS0xa9aS0x14e	[0x152, [0xacd, [0x1d7a, nil]]]
0x1d87S0xa9aS0x14e	[0x152, [0xacd, [0x1d87, nil]]]
0x16c6S0x1d7bS0xa9aS0x14e	[0x152, [0xacd, [0x1d87, [0x16c6, nil]]]]
0x16cfS0x1d7bS0xa9aS0x14e	[0x152, [0xacd, [0x1d87, [0x16cf, nil]]]]
0x1609S0x1d5bS0xa9aS0x14e	[0x152, [0xacd, [0x1d6d, [0x1609, nil]]]]
0x15efS0x1601S0x1d5bS0xa9aS0x14e	[0x152, [0xacd, [0x1d6d, [0x1609, [0x15ef, nil]]]]]
0x15f9S0x1601S0x1d5bS0xa9aS0x14e	[0x152, [0xacd, [0x1d6d, [0x1609, [0x15f9, nil]]]]]
0x17f3S0x1d6eS0xa9aS0x14e	[0x152, [0xacd, [0x1d7a, [0x17f3, nil]]]]
0x17eaS0x17ebS0x1d6eS0xa9aS0x14e	[0x152, [0xacd, [0x1d7a, [0x17f3, [0x17ea, nil]]]]]
0x18beS0x8ceS0x14e	[0x152, [0x8fe, [0x18be, nil]]]
0x1c9dS0x944S0x14e	[0x152, [0x974, [0x1c9d, nil]]]
0x1d05S0x9b2S0x14e	[0x152, [0x9e2, [0x1d05, nil]]]
0x1224S0x908S0x14e	[0x152, [0x90f, [0x1224, nil]]]
0x1628S0x9ecS0x14e	[0x152, [0xa25, [0x1628, nil]]]
0x160fS0x1610S0x9ecS0x14e	[0x152, [0xa25, [0x1622, [0x160f, nil]]]]
0x160cS0x1610S0x9ecS0x14e	[0x152, [0xa25, [0x1622, [0x160c, nil]]]]
0x1600S0x1601S0x1610S0x9ecS0x14e	[0x152, [0xa25, [0x1622, [0x1609, [0x1600, nil]]]]]
0x1d8fS0xa9aS0x14e	[0x152, [0xacd, [0x1d8f, nil]]]
0x16d5S0x1d7bS0xa9aS0x14e	[0x152, [0xacd, [0x1d87, [0x16d5, nil]]]]
0x16d2S0x1d7bS0xa9aS0x14e	[0x152, [0xacd, [0x1d87, [0x16d2, nil]]]]
0x160fS0x1d5bS0xa9aS0x14e	[0x152, [0xacd, [0x1d6d, [0x160f, nil]]]]
0x160cS0x1d5bS0xa9aS0x14e	[0x152, [0xacd, [0x1d6d, [0x160c, nil]]]]
0x1600S0x1601S0x1d5bS0xa9aS0x14e	[0x152, [0xacd, [0x1d6d, [0x1609, [0x1600, nil]]]]]
0x17f9S0x1d6eS0xa9aS0x14e	[0x152, [0xacd, [0x1d7a, [0x17f9, nil]]]]
0x17f6S0x1d6eS0xa9aS0x14e	[0x152, [0xacd, [0x1d7a, [0x17f6, nil]]]]
0x1d43S0xa41S0x14e	[0x152, [0xa64, [0x1d43, nil]]]
0x1d3cS0xa41S0x14e	[0x152, [0xa64, [0x1d3c, nil]]]
0x1d51S0xa41S0x14e	[0x152, [0xa64, [0x1d51, nil]]]
0x40c3S0xa41S0x14e	[0x152, [0xa64, [0x1498, nil]]]
0x1d5aS0xa41S0x14e	[0x152, [0xa64, [0x1d5a, nil]]]
0x1d2fS0x1d45S0xa41S0x14e	[0x152, [0xa64, [0x1d51, [0x1d2f, nil]]]]
0x1d29S0x1d45S0xa41S0x14e	[0x152, [0xa64, [0x1d51, [0x1d29, nil]]]]
0x1d18S0x1d1cS0x1d45S0xa41S0x14e	[0x152, [0xa64, [0x1d51, [0x1d29, [0x1d18, nil]]]]]
0x1d15S0x1d1cS0x1d45S0xa41S0x14e	[0x152, [0xa64, [0x1d51, [0x1d29, [0x1d15, nil]]]]]
0x1d1bS0x1d1cS0x1d45S0xa41S0x14e	[0x152, [0xa64, [0x1d51, [0x1d29, [0x1d1b, nil]]]]]
0x1d0eS0x1d1cS0x1d45S0xa41S0x14e	[0x152, [0xa64, [0x1d51, [0x1d29, [0x1d0e, nil]]]]]
0x17eaS0x1d06S0x1d1cS0x1d45S0xa41S0x14e	[0x152, [0xa64, [0x1d51, [0x1d29, [0x1d0e, [0x17ea, nil]]]]]]
0xb60S0x176	[0x17a, [0xb60, nil]]
0xb55S0x176	[0x17a, [0xb55, nil]]
0xbd6S0x176	[0x17a, [0xbd6, nil]]
0xbcbS0x176	[0x17a, [0xbcb, nil]]
0xc34S0x176	[0x17a, [0xc34, nil]]
0xc31S0x176	[0x17a, [0xc31, nil]]
0xcadS0x176	[0x17a, [0xcad, nil]]
0xb2fS0x176	[0x17a, [0xb2f, nil]]
0xb71S0x176	[0x17a, [0xb71, nil]]
0xb69S0x176	[0x17a, [0xb69, nil]]
0xba5S0x176	[0x17a, [0xba5, nil]]
0xc19S0x176	[0x17a, [0xc19, nil]]
0xc0dS0x176	[0x17a, [0xc0d, nil]]
0xbdfS0x176	[0x17a, [0xbdf, nil]]
0xc2dS0x176	[0x17a, [0xc2d, nil]]
0xc58S0x176	[0x17a, [0xc58, nil]]
0xc4bS0x176	[0x17a, [0xc4b, nil]]
0xc63S0x176	[0x17a, [0xc63, nil]]
0xceeS0x176	[0x17a, [0xcee, nil]]
0xce1S0x176	[0x17a, [0xce1, nil]]
0xceaS0x176	[0x17a, [0xcea, nil]]
0x18b7S0xb30S0x176	[0x17a, [0xb60, [0x18b7, nil]]]
0x18afS0xb30S0x176	[0x17a, [0xb60, [0x18af, nil]]]
0x1895S0xb30S0x176	[0x17a, [0xb60, [0x1895, nil]]]
0x18a0S0xb30S0x176	[0x17a, [0xb60, [0x18a0, nil]]]
0x187eS0xb30S0x176	[0x17a, [0xb60, [0x187e, nil]]]
0x1856S0xb30S0x176	[0x17a, [0xb60, [0x1856, nil]]]
0x187cS0xb30S0x176	[0x17a, [0xb60, [0x187c, nil]]]
0x188aS0xb30S0x176	[0x17a, [0xb60, [0x188a, nil]]]
0x1830S0x187fS0xb30S0x176	[0x17a, [0xb60, [0x188a, [0x1830, nil]]]]
0x1825S0x187fS0xb30S0x176	[0x17a, [0xb60, [0x188a, [0x1825, nil]]]]
0x1c96S0xba6S0x176	[0x17a, [0xbd6, [0x1c96, nil]]]
0x1c8eS0xba6S0x176	[0x17a, [0xbd6, [0x1c8e, nil]]]
0x1c74S0xba6S0x176	[0x17a, [0xbd6, [0x1c74, nil]]]
0x1c7fS0xba6S0x176	[0x17a, [0xbd6, [0x1c7f, nil]]]
0x1c5dS0xba6S0x176	[0x17a, [0xbd6, [0x1c5d, nil]]]
0x1c5bS0xba6S0x176	[0x17a, [0xbd6, [0x1c5b, nil]]]
0x1c69S0xba6S0x176	[0x17a, [0xbd6, [0x1c69, nil]]]
0x1830S0x1c5eS0xba6S0x176	[0x17a, [0xbd6, [0x1c69, [0x1830, nil]]]]
0x1825S0x1c5eS0xba6S0x176	[0x17a, [0xbd6, [0x1c69, [0x1825, nil]]]]
0x1222S0xb6aS0x176	[0x17a, [0xb71, [0x1222, nil]]]
0x1217S0xb6aS0x176	[0x17a, [0xb71, [0x1217, nil]]]
0x11ebS0xb6aS0x176	[0x17a, [0xb71, [0x11eb, nil]]]
0x11f1S0xb6aS0x176	[0x17a, [0xb71, [0x11f1, nil]]]
0x203S0x11e4S0xb6aS0x176	[0x17a, [0xb71, [0x11eb, [0x203, nil]]]]
0x1622S0xbe0S0x176	[0x17a, [0xc19, [0x1622, nil]]]
0x1609S0x1610S0xbe0S0x176	[0x17a, [0xc19, [0x1622, [0x1609, nil]]]]
0x15efS0x1601S0x1610S0xbe0S0x176	[0x17a, [0xc19, [0x1622, [0x1609, [0x15ef, nil]]]]]
0x15f9S0x1601S0x1610S0xbe0S0x176	[0x17a, [0xc19, [0x1622, [0x1609, [0x15f9, nil]]]]]
0x1d6dS0xcaeS0x176	[0x17a, [0xce1, [0x1d6d, nil]]]
0x1d7aS0xcaeS0x176	[0x17a, [0xce1, [0x1d7a, nil]]]
0x1d87S0xcaeS0x176	[0x17a, [0xce1, [0x1d87, nil]]]
0x16c6S0x1d7bS0xcaeS0x176	[0x17a, [0xce1, [0x1d87, [0x16c6, nil]]]]
0x16cfS0x1d7bS0xcaeS0x176	[0x17a, [0xce1, [0x1d87, [0x16cf, nil]]]]
0x1609S0x1d5bS0xcaeS0x176	[0x17a, [0xce1, [0x1d6d, [0x1609, nil]]]]
0x15efS0x1601S0x1d5bS0xcaeS0x176	[0x17a, [0xce1, [0x1d6d, [0x1609, [0x15ef, nil]]]]]
0x15f9S0x1601S0x1d5bS0xcaeS0x176	[0x17a, [0xce1, [0x1d6d, [0x1609, [0x15f9, nil]]]]]
0x17f3S0x1d6eS0xcaeS0x176	[0x17a, [0xce1, [0x1d7a, [0x17f3, nil]]]]
0x17eaS0x17ebS0x1d6eS0xcaeS0x176	[0x17a, [0xce1, [0x1d7a, [0x17f3, [0x17ea, nil]]]]]
0x18beS0xb30S0x176	[0x17a, [0xb60, [0x18be, nil]]]
0x1c9dS0xba6S0x176	[0x17a, [0xbd6, [0x1c9d, nil]]]
0x1224S0xb6aS0x176	[0x17a, [0xb71, [0x1224, nil]]]
0x1628S0xbe0S0x176	[0x17a, [0xc19, [0x1628, nil]]]
0x160fS0x1610S0xbe0S0x176	[0x17a, [0xc19, [0x1622, [0x160f, nil]]]]
0x160cS0x1610S0xbe0S0x176	[0x17a, [0xc19, [0x1622, [0x160c, nil]]]]
0x1600S0x1601S0x1610S0xbe0S0x176	[0x17a, [0xc19, [0x1622, [0x1609, [0x1600, nil]]]]]
0x1d8fS0xcaeS0x176	[0x17a, [0xce1, [0x1d8f, nil]]]
0x16d5S0x1d7bS0xcaeS0x176	[0x17a, [0xce1, [0x1d87, [0x16d5, nil]]]]
0x16d2S0x1d7bS0xcaeS0x176	[0x17a, [0xce1, [0x1d87, [0x16d2, nil]]]]
0x160fS0x1d5bS0xcaeS0x176	[0x17a, [0xce1, [0x1d6d, [0x160f, nil]]]]
0x160cS0x1d5bS0xcaeS0x176	[0x17a, [0xce1, [0x1d6d, [0x160c, nil]]]]
0x1600S0x1601S0x1d5bS0xcaeS0x176	[0x17a, [0xce1, [0x1d6d, [0x1609, [0x1600, nil]]]]]
0x17f9S0x1d6eS0xcaeS0x176	[0x17a, [0xce1, [0x1d7a, [0x17f9, nil]]]]
0x17f6S0x1d6eS0xcaeS0x176	[0x17a, [0xce1, [0x1d7a, [0x17f6, nil]]]]
0x1d43S0xc35S0x176	[0x17a, [0xc58, [0x1d43, nil]]]
0x1d3cS0xc35S0x176	[0x17a, [0xc58, [0x1d3c, nil]]]
0x1d51S0xc35S0x176	[0x17a, [0xc58, [0x1d51, nil]]]
0x40c3S0xc35S0x176	[0x17a, [0xc58, [0x1498, nil]]]
0x1d5aS0xc35S0x176	[0x17a, [0xc58, [0x1d5a, nil]]]
0x1d2fS0x1d45S0xc35S0x176	[0x17a, [0xc58, [0x1d51, [0x1d2f, nil]]]]
0x1d29S0x1d45S0xc35S0x176	[0x17a, [0xc58, [0x1d51, [0x1d29, nil]]]]
0x1d18S0x1d1cS0x1d45S0xc35S0x176	[0x17a, [0xc58, [0x1d51, [0x1d29, [0x1d18, nil]]]]]
0x1d15S0x1d1cS0x1d45S0xc35S0x176	[0x17a, [0xc58, [0x1d51, [0x1d29, [0x1d15, nil]]]]]
0x1d1bS0x1d1cS0x1d45S0xc35S0x176	[0x17a, [0xc58, [0x1d51, [0x1d29, [0x1d1b, nil]]]]]
0x1d0eS0x1d1cS0x1d45S0xc35S0x176	[0x17a, [0xc58, [0x1d51, [0x1d29, [0x1d0e, nil]]]]]
0x17eaS0x1d06S0x1d1cS0x1d45S0xc35S0x176	[0x17a, [0xc58, [0x1d51, [0x1d29, [0x1d0e, [0x17ea, nil]]]]]]
